target_island,target_island_name,repeat,split_seed,player_index,source_pool_index,source_id,source_island,source_island_name,phi,rank_phi,v_full,n_permutations,n_evals
3,Selvær,1,1014,4603,4603,8747590,2,Træna,0.0036888330417938525,1,0.18644882275849137,300,139
3,Selvær,1,1014,4696,4696,8794309,2,Træna,0.0030138866879316295,2,0.18644882275849137,300,152
3,Selvær,1,1014,161,161,8L30876,1,Myken,0.0029010570739262764,3,0.18644882275849137,300,141
3,Selvær,1,1014,398,398,8L57758,2,Træna,0.0028125591869346315,4,0.18644882275849137,300,150
3,Selvær,1,1014,5015,5015,8887462,1,Myken,0.0025878812358510177,5,0.18644882275849137,300,134
3,Selvær,1,1014,4404,4404,8730445,1,Myken,0.0025436442107290365,6,0.18644882275849137,300,141
3,Selvær,1,1014,156,156,8L30807,2,Træna,0.0024262999060622997,7,0.18644882275849137,300,146
3,Selvær,1,1014,373,373,8L52624,2,Træna,0.0023456012695492077,8,0.18644882275849137,300,142
3,Selvær,1,1014,1608,1608,8N06293,2,Træna,0.002282244250415973,9,0.18644882275849137,300,150
3,Selvær,1,1014,96,96,8L30396,2,Træna,0.0022368115746965295,10,0.18644882275849137,300,134
3,Selvær,1,1014,660,660,8L89988,2,Træna,0.0022070903525246476,11,0.18644882275849137,300,153
3,Selvær,1,1014,217,217,8L48565,2,Træna,0.0020375184948082724,12,0.18644882275849137,300,147
3,Selvær,1,1014,8,8,8L19661,2,Træna,0.0019675181187391692,13,0.18644882275849137,300,141
3,Selvær,1,1014,5498,5498,8981962,2,Træna,0.0019633286360665873,14,0.18644882275849137,300,140
3,Selvær,1,1014,167,167,8L30917,2,Træna,0.0018755390951747375,15,0.18644882275849137,300,143
3,Selvær,1,1014,4602,4602,8747588,2,Træna,0.00183069022416775,16,0.18644882275849137,300,143
3,Selvær,1,1014,4406,4406,8730448,1,Myken,0.0018026635890611524,17,0.18644882275849137,300,138
3,Selvær,1,1014,4671,4671,8747875,1,Myken,0.0017245179124828773,18,0.18644882275849137,300,145
3,Selvær,1,1014,4673,4673,8747879,1,Myken,0.0017105824600888038,19,0.18644882275849137,300,151
3,Selvær,1,1014,2508,2508,8N28085,2,Træna,0.0016904539687476858,20,0.18644882275849137,300,137
3,Selvær,1,1014,4693,4693,8794305,4,Gjerøy,0.0016709936437364636,21,0.18644882275849137,300,146
3,Selvær,1,1014,5372,5372,8981026,5,Hestmannøy,0.0016599723593262005,22,0.18644882275849137,300,139
3,Selvær,1,1014,2801,2801,8N72206,2,Træna,0.0016074736802025882,23,0.18644882275849137,300,130
3,Selvær,1,1014,2518,2518,8N28218,2,Træna,0.001595749785274469,24,0.18644882275849137,300,142
3,Selvær,1,1014,3431,3431,8N87248,8,Lovund,0.0015361060854844615,25,0.18644882275849137,300,149
3,Selvær,1,1014,3438,3438,8N87267,8,Lovund,0.0015294508213577803,26,0.18644882275849137,300,141
3,Selvær,1,1014,4579,4579,8747517,5,Hestmannøy,0.0015179419120867437,27,0.18644882275849137,300,145
3,Selvær,1,1014,4403,4403,8730444,1,Myken,0.0014660829953374807,28,0.18644882275849137,300,143
3,Selvær,1,1014,1015,1015,8M72002,8,Lovund,0.0014373571970660562,29,0.18644882275849137,300,145
3,Selvær,1,1014,4900,4900,8857269,1,Myken,0.0014129831448605034,30,0.18644882275849137,300,146
3,Selvær,1,1014,4538,4538,8747145,2,Træna,0.0014121829337383643,31,0.18644882275849137,300,145
3,Selvær,1,1014,841,841,8M31995,1,Myken,0.0014095512290095893,32,0.18644882275849137,300,135
3,Selvær,1,1014,2778,2778,8N42952,4,Gjerøy,0.0013839560564023264,33,0.18644882275849137,300,137
3,Selvær,1,1014,4060,4060,8N14980,6,Indre Kvarøy,0.0013729361356670294,34,0.18644882275849137,300,145
3,Selvær,1,1014,1597,1597,8N05942,2,Træna,0.001370320465000766,35,0.18644882275849137,300,141
3,Selvær,1,1014,4196,4196,8309285,5,Hestmannøy,0.0013390202742743975,36,0.18644882275849137,300,138
3,Selvær,1,1014,5497,5497,8981945,2,Træna,0.0013290067890715626,37,0.18644882275849137,300,140
3,Selvær,1,1014,2361,2361,8N27095,2,Træna,0.0013202562634368668,38,0.18644882275849137,300,155
3,Selvær,1,1014,4262,4262,8651799,2,Træna,0.0012683994407478927,39,0.18644882275849137,300,142
3,Selvær,1,1014,3522,3522,8N87574,11,Leka,0.001265383650410055,40,0.18644882275849137,300,138
3,Selvær,1,1014,5348,5348,8943766,2,Træna,0.0012505885711893401,41,0.18644882275849137,300,147
3,Selvær,1,1014,710,710,8M31338,5,Hestmannøy,0.0012020729251664539,42,0.18644882275849137,300,136
3,Selvær,1,1014,3400,3400,8N87052,5,Hestmannøy,0.0011764506604772728,43,0.18644882275849137,300,153
3,Selvær,1,1014,5282,5282,8939874,2,Træna,0.0011562974103321653,44,0.18644882275849137,300,148
3,Selvær,1,1014,4376,4376,8681409,5,Hestmannøy,0.0011551012497721504,45,0.18644882275849137,300,139
3,Selvær,1,1014,2471,2471,8N27902,1,Myken,0.0011545283808060591,46,0.18644882275849137,300,148
3,Selvær,1,1014,3926,3926,8P14278,4,Gjerøy,0.001130737792015863,47,0.18644882275849137,300,151
3,Selvær,1,1014,28,28,8L19917,5,Hestmannøy,0.0010942866222284702,48,0.18644882275849137,300,134
3,Selvær,1,1014,3156,3156,8N73504,5,Hestmannøy,0.0010924864964708605,49,0.18644882275849137,300,144
3,Selvær,1,1014,5066,5066,8934077,5,Hestmannøy,0.0010623172442989696,50,0.18644882275849137,300,136
3,Selvær,1,1014,2165,2165,8N14582,11,Leka,0.001044907333280314,51,0.18644882275849137,300,151
3,Selvær,1,1014,3794,3794,8P11488,1,Myken,0.0010399691737210932,52,0.18644882275849137,300,152
3,Selvær,1,1014,2306,2306,8N14959,5,Hestmannøy,0.0010320870087016192,53,0.18644882275849137,300,140
3,Selvær,1,1014,5448,5448,8981657,2,Træna,0.001018417113382335,54,0.18644882275849137,300,149
3,Selvær,1,1014,4261,4261,8651795,2,Træna,0.0010165007179819834,55,0.18644882275849137,300,142
3,Selvær,1,1014,2966,2966,8N72986,2,Træna,0.001009966865924589,56,0.18644882275849137,300,148
3,Selvær,1,1014,58,58,8L19998,5,Hestmannøy,0.0009997727056785576,57,0.18644882275849137,300,146
3,Selvær,1,1014,667,667,8M31164,2,Træna,0.0009987469526645902,58,0.18644882275849137,300,153
3,Selvær,1,1014,4463,4463,8732503,8,Lovund,0.000982983823096027,59,0.18644882275849137,300,139
3,Selvær,1,1014,1618,1618,8N06359,5,Hestmannøy,0.0009758745421122778,60,0.18644882275849137,300,149
3,Selvær,1,1014,171,171,8L30963,2,Træna,0.0009681660068329413,61,0.18644882275849137,300,132
3,Selvær,1,1014,4208,4208,8537761,1,Myken,0.0009590568824532641,62,0.18644882275849137,300,153
3,Selvær,1,1014,362,362,8L52574,10,Aldra,0.0009580889107670854,63,0.18644882275849137,300,144
3,Selvær,1,1014,504,504,8L64981,4,Gjerøy,0.0009541334371109833,64,0.18644882275849137,300,154
3,Selvær,1,1014,5373,5373,8981029,0,Nesøy,0.0009465584441200762,65,0.18644882275849137,300,140
3,Selvær,1,1014,1416,1416,8N05513,8,Lovund,0.000944904925027297,66,0.18644882275849137,300,136
3,Selvær,1,1014,4961,4961,8887245,1,Myken,0.0009392081374412514,67,0.18644882275849137,300,134
3,Selvær,1,1014,4218,4218,8573603,5,Hestmannøy,0.0009382928419113982,68,0.18644882275849137,300,138
3,Selvær,1,1014,285,285,8L52243,5,Hestmannøy,0.0009379293878772558,69,0.18644882275849137,300,153
3,Selvær,1,1014,5191,5191,8939180,5,Hestmannøy,0.0009332872951387842,70,0.18644882275849137,300,148
3,Selvær,1,1014,4740,4740,8800104,10,Aldra,0.0009305816572211007,71,0.18644882275849137,300,146
3,Selvær,1,1014,1535,1535,8N05726,5,Hestmannøy,0.000892068900888604,72,0.18644882275849137,300,146
3,Selvær,1,1014,5029,5029,8904640,7,Onøy og Lurøy,0.0008809382275948524,73,0.18644882275849137,300,156
3,Selvær,1,1014,2760,2760,8N42771,10,Aldra,0.0008734010403373931,74,0.18644882275849137,300,144
3,Selvær,1,1014,401,401,8L57814,2,Træna,0.000869174299968781,75,0.18644882275849137,300,145
3,Selvær,1,1014,4614,4614,8747657,1,Myken,0.0008637587519169091,76,0.18644882275849137,300,148
3,Selvær,1,1014,74,74,8L30059,13,Vikna,0.0008566548917516078,77,0.18644882275849137,300,155
3,Selvær,1,1014,3327,3327,8N73930,12,Vega,0.0008480974822224868,78,0.18644882275849137,300,148
3,Selvær,1,1014,5295,5295,8943014,10,Aldra,0.0008424479018053945,79,0.18644882275849137,300,159
3,Selvær,1,1014,900,900,8M31504,4,Gjerøy,0.0008382008960342734,80,0.18644882275849137,300,141
3,Selvær,1,1014,2357,2357,8N27091,14,Lauvøya,0.0008283659620633097,81,0.18644882275849137,300,136
3,Selvær,1,1014,460,460,8L64327,2,Træna,0.0008272164999556936,82,0.18644882275849137,300,142
3,Selvær,1,1014,709,709,8M31337,5,Hestmannøy,0.0008269159534067466,83,0.18644882275849137,300,143
3,Selvær,1,1014,4179,4179,8309195,4,Gjerøy,0.0008252418038368757,84,0.18644882275849137,300,140
3,Selvær,1,1014,677,677,8M31216,11,Leka,0.0008164720998863654,85,0.18644882275849137,300,136
3,Selvær,1,1014,2521,2521,8N28224,8,Lovund,0.0008147804043873339,86,0.18644882275849137,300,129
3,Selvær,1,1014,49,49,8L19974,5,Hestmannøy,0.0008142500597316008,87,0.18644882275849137,300,141
3,Selvær,1,1014,1118,1118,8M72707,6,Indre Kvarøy,0.0008129505058437574,88,0.18644882275849137,300,132
3,Selvær,1,1014,1023,1023,8M72112,5,Hestmannøy,0.0008111517071398684,89,0.18644882275849137,300,137
3,Selvær,1,1014,4176,4176,8309182,5,Hestmannøy,0.0008072195792037363,90,0.18644882275849137,300,148
3,Selvær,1,1014,3995,3995,8P14847,14,Lauvøya,0.0008015620611958192,91,0.18644882275849137,300,144
3,Selvær,1,1014,158,158,8L30847,5,Hestmannøy,0.0007862085197832329,92,0.18644882275849137,300,134
3,Selvær,1,1014,4493,4493,8732647,5,Hestmannøy,0.0007738576710246685,93,0.18644882275849137,300,130
3,Selvær,1,1014,406,406,8L57859,2,Træna,0.0007701821154592356,94,0.18644882275849137,300,146
3,Selvær,1,1014,895,895,8M71258,5,Hestmannøy,0.0007689088157517053,95,0.18644882275849137,300,138
3,Selvær,1,1014,2476,2476,8N27907,6,Indre Kvarøy,0.0007548130313185931,96,0.18644882275849137,300,140
3,Selvær,1,1014,764,764,8M31634,4,Gjerøy,0.0007514045265895984,97,0.18644882275849137,300,157
3,Selvær,1,1014,614,614,8L89654,5,Hestmannøy,0.0007510958037972088,98,0.18644882275849137,300,133
3,Selvær,1,1014,4950,4950,8887210,4,Gjerøy,0.0007483335758357309,99,0.18644882275849137,300,144
3,Selvær,1,1014,4737,4737,8800095,6,Indre Kvarøy,0.0007415593767326235,100,0.18644882275849137,300,141
3,Selvær,1,1014,462,462,8L64399,2,Træna,0.0007386475194316524,101,0.18644882275849137,300,138
3,Selvær,1,1014,3404,3404,8N87057,5,Hestmannøy,0.0007292369890982582,102,0.18644882275849137,300,148
3,Selvær,1,1014,3883,3883,8P11894,14,Lauvøya,0.0007288989876384547,103,0.18644882275849137,300,138
3,Selvær,1,1014,945,945,8M71372,12,Vega,0.000727842487734944,104,0.18644882275849137,300,150
3,Selvær,1,1014,3386,3386,8N73989,12,Vega,0.0007273917739697585,105,0.18644882275849137,300,148
3,Selvær,1,1014,3440,3440,8N87271,8,Lovund,0.0007246941927401717,106,0.18644882275849137,300,141
3,Selvær,1,1014,433,433,8L64134,5,Hestmannøy,0.0007245131564089124,107,0.18644882275849137,300,139
3,Selvær,1,1014,2986,2986,8N73097,5,Hestmannøy,0.0007244550808087774,108,0.18644882275849137,300,154
3,Selvær,1,1014,577,577,8L89487,11,Leka,0.0007244365748475212,109,0.18644882275849137,300,134
3,Selvær,1,1014,2498,2498,8N28005,2,Træna,0.0007212335810964577,110,0.18644882275849137,300,136
3,Selvær,1,1014,1505,1505,8N05682,14,Lauvøya,0.000712806532894428,111,0.18644882275849137,300,156
3,Selvær,1,1014,1427,1427,8N05574,8,Lovund,0.0007126215104773323,112,0.18644882275849137,300,147
3,Selvær,1,1014,3218,3218,8N73636,13,Vikna,0.0007088512183778296,113,0.18644882275849137,300,149
3,Selvær,1,1014,991,991,8M71521,1,Myken,0.000705042775320357,114,0.18644882275849137,300,149
3,Selvær,1,1014,4009,4009,8P14861,14,Lauvøya,0.0007015663477923879,115,0.18644882275849137,300,151
3,Selvær,1,1014,666,666,8M31147,11,Leka,0.0007014613068941092,116,0.18644882275849137,300,141
3,Selvær,1,1014,1959,1959,8N13697,13,Vikna,0.0006998743348988337,117,0.18644882275849137,300,145
3,Selvær,1,1014,3958,3958,8P14696,2,Træna,0.0006957393312121028,118,0.18644882275849137,300,143
3,Selvær,1,1014,1999,1999,8N13967,6,Indre Kvarøy,0.0006952661715538412,119,0.18644882275849137,300,149
3,Selvær,1,1014,4569,4569,8747373,5,Hestmannøy,0.0006896797077102185,120,0.18644882275849137,300,134
3,Selvær,1,1014,2852,2852,8N72664,5,Hestmannøy,0.0006869978737129062,121,0.18644882275849137,300,142
3,Selvær,1,1014,4088,4088,8P26412,5,Hestmannøy,0.0006859908475043525,122,0.18644882275849137,300,144
3,Selvær,1,1014,5053,5053,8934027,4,Gjerøy,0.000684797188093303,123,0.18644882275849137,300,145
3,Selvær,1,1014,950,950,8M71384,14,Lauvøya,0.0006812985606770411,124,0.18644882275849137,300,145
3,Selvær,1,1014,111,111,8L30591,5,Hestmannøy,0.0006783451213544072,125,0.18644882275849137,300,153
3,Selvær,1,1014,4153,4153,8168662,1,Myken,0.0006722464435710543,126,0.18644882275849137,300,141
3,Selvær,1,1014,5375,5375,8981031,4,Gjerøy,0.0006720038875737769,127,0.18644882275849137,300,140
3,Selvær,1,1014,3624,3624,8N87836,14,Lauvøya,0.0006715266762487697,128,0.18644882275849137,300,143
3,Selvær,1,1014,1849,1849,8N13425,9,Sleneset,0.0006695093846606865,129,0.18644882275849137,300,146
3,Selvær,1,1014,5411,5411,8981270,5,Hestmannøy,0.0006679664172434241,130,0.18644882275849137,300,138
3,Selvær,1,1014,4096,4096,8P26527,9,Sleneset,0.0006632199253239554,131,0.18644882275849137,300,149
3,Selvær,1,1014,1484,1484,8N05661,13,Vikna,0.0006630155666286248,132,0.18644882275849137,300,148
3,Selvær,1,1014,693,693,8M31288,5,Hestmannøy,0.0006625233593496411,133,0.18644882275849137,300,143
3,Selvær,1,1014,5381,5381,8981050,12,Vega,0.0006614825659058525,134,0.18644882275849137,300,139
3,Selvær,1,1014,31,31,8L19921,5,Hestmannøy,0.000658775045784909,135,0.18644882275849137,300,141
3,Selvær,1,1014,53,53,8L19987,4,Gjerøy,0.0006545723263675141,136,0.18644882275849137,300,147
3,Selvær,1,1014,4705,4705,8794353,1,Myken,0.0006529956085826817,137,0.18644882275849137,300,140
3,Selvær,1,1014,185,185,8L48336,5,Hestmannøy,0.0006507152444987127,138,0.18644882275849137,300,143
3,Selvær,1,1014,4190,4190,8309267,5,Hestmannøy,0.0006474626713458687,139,0.18644882275849137,300,136
3,Selvær,1,1014,4280,4280,8651952,5,Hestmannøy,0.0006429073319280731,140,0.18644882275849137,300,145
3,Selvær,1,1014,5397,5397,8981207,12,Vega,0.0006406318236875726,141,0.18644882275849137,300,131
3,Selvær,1,1014,2976,2976,8N73052,5,Hestmannøy,0.0006374033022685637,142,0.18644882275849137,300,150
3,Selvær,1,1014,4423,4423,8730509,5,Hestmannøy,0.0006368390120089609,143,0.18644882275849137,300,156
3,Selvær,1,1014,5068,5068,8934090,5,Hestmannøy,0.0006364994317695655,144,0.18644882275849137,300,145
3,Selvær,1,1014,1126,1126,8M72752,1,Myken,0.000635603803503498,145,0.18644882275849137,300,154
3,Selvær,1,1014,2457,2457,8N27835,6,Indre Kvarøy,0.0006353632568225214,146,0.18644882275849137,300,147
3,Selvær,1,1014,4629,4629,8747713,7,Onøy og Lurøy,0.0006342765472888552,147,0.18644882275849137,300,141
3,Selvær,1,1014,4077,4077,8P14991,14,Lauvøya,0.000632805630269473,148,0.18644882275849137,300,151
3,Selvær,1,1014,3409,3409,8N87067,5,Hestmannøy,0.0006321067188459745,149,0.18644882275849137,300,144
3,Selvær,1,1014,2787,2787,8N42991,14,Lauvøya,0.0006314806880556162,150,0.18644882275849137,300,149
3,Selvær,1,1014,5455,5455,8981711,0,Nesøy,0.0006314701442088636,151,0.18644882275849137,300,140
3,Selvær,1,1014,88,88,8L30300,5,Hestmannøy,0.0006303472768933408,152,0.18644882275849137,300,151
3,Selvær,1,1014,4581,4581,8747519,5,Hestmannøy,0.0006258848753455061,153,0.18644882275849137,300,141
3,Selvær,1,1014,663,663,8M31109,12,Vega,0.000622780457553795,154,0.18644882275849137,300,148
3,Selvær,1,1014,2099,2099,8N14446,4,Gjerøy,0.0006174480914455702,155,0.18644882275849137,300,141
3,Selvær,1,1014,3836,3836,8P11559,14,Lauvøya,0.0006167334827524955,156,0.18644882275849137,300,138
3,Selvær,1,1014,1025,1025,8M72136,2,Træna,0.0006155475137226993,157,0.18644882275849137,300,144
3,Selvær,1,1014,5501,5501,8981972,2,Træna,0.0006153608619695955,158,0.18644882275849137,300,150
3,Selvær,1,1014,4904,4904,8857277,10,Aldra,0.0006142164384138098,159,0.18644882275849137,300,140
3,Selvær,1,1014,2565,2565,8N28679,4,Gjerøy,0.0006138913564605856,160,0.18644882275849137,300,147
3,Selvær,1,1014,4729,4729,8800066,4,Gjerøy,0.0006104550295162747,161,0.18644882275849137,300,157
3,Selvær,1,1014,242,242,8L48746,11,Leka,0.0006079824577771775,162,0.18644882275849137,300,142
3,Selvær,1,1014,1352,1352,8N05264,13,Vikna,0.0006067426514969249,163,0.18644882275849137,300,148
3,Selvær,1,1014,3159,3159,8N73507,4,Gjerøy,0.0006059805852437293,164,0.18644882275849137,300,146
3,Selvær,1,1014,5257,5257,8939629,5,Hestmannøy,0.0006055250429622086,165,0.18644882275849137,300,142
3,Selvær,1,1014,4380,4380,8681420,0,Nesøy,0.0006044527599883696,166,0.18644882275849137,300,144
3,Selvær,1,1014,4552,4552,8747260,6,Indre Kvarøy,0.0006024644867340494,167,0.18644882275849137,300,149
3,Selvær,1,1014,2286,2286,8N14905,6,Indre Kvarøy,0.0006020112393075701,168,0.18644882275849137,300,147
3,Selvær,1,1014,3417,3417,8N87114,4,Gjerøy,0.0006010345093178448,169,0.18644882275849137,300,151
3,Selvær,1,1014,4465,4465,8732506,8,Lovund,0.0005999929373610766,170,0.18644882275849137,300,141
3,Selvær,1,1014,1850,1850,8N13426,2,Træna,0.0005963857089775216,171,0.18644882275849137,300,142
3,Selvær,1,1014,2751,2751,8N42729,5,Hestmannøy,0.0005954301339194772,172,0.18644882275849137,300,146
3,Selvær,1,1014,3495,3495,8N87547,11,Leka,0.0005952154407298873,173,0.18644882275849137,300,137
3,Selvær,1,1014,190,190,8L48415,7,Onøy og Lurøy,0.0005950487453733685,174,0.18644882275849137,300,147
3,Selvær,1,1014,4486,4486,8732621,2,Træna,0.0005885605228933502,175,0.18644882275849137,300,138
3,Selvær,1,1014,2634,2634,8N28913,2,Træna,0.0005867774254919907,176,0.18644882275849137,300,154
3,Selvær,1,1014,4144,4144,8168642,5,Hestmannøy,0.0005827142998983861,177,0.18644882275849137,300,147
3,Selvær,1,1014,3905,3905,8P14081,6,Indre Kvarøy,0.0005826207451304083,178,0.18644882275849137,300,139
3,Selvær,1,1014,3041,3041,8N73240,12,Vega,0.0005825209572555369,179,0.18644882275849137,300,144
3,Selvær,1,1014,4494,4494,8732648,5,Hestmannøy,0.0005815256053006294,180,0.18644882275849137,300,149
3,Selvær,1,1014,1655,1655,8N06486,14,Lauvøya,0.0005812492404160898,181,0.18644882275849137,300,145
3,Selvær,1,1014,5259,5259,8939684,11,Leka,0.0005770082098163339,182,0.18644882275849137,300,137
3,Selvær,1,1014,2312,2312,8N14968,7,Onøy og Lurøy,0.0005759553159437218,183,0.18644882275849137,300,136
3,Selvær,1,1014,1721,1721,8N06786,5,Hestmannøy,0.0005706761082404468,184,0.18644882275849137,300,148
3,Selvær,1,1014,114,114,8L30598,5,Hestmannøy,0.0005685663938798668,185,0.18644882275849137,300,143
3,Selvær,1,1014,652,652,8L89836,5,Hestmannøy,0.0005684259461544706,186,0.18644882275849137,300,142
3,Selvær,1,1014,3774,3774,8N87999,13,Vikna,0.000568042288687317,187,0.18644882275849137,300,148
3,Selvær,1,1014,2550,2550,8N28470,2,Træna,0.0005676821828066238,188,0.18644882275849137,300,147
3,Selvær,1,1014,5220,5220,8939377,7,Onøy og Lurøy,0.0005666600017947953,189,0.18644882275849137,300,148
3,Selvær,1,1014,1883,1883,8N13618,14,Lauvøya,0.0005663268767988126,190,0.18644882275849137,300,147
3,Selvær,1,1014,608,608,8L89641,4,Gjerøy,0.0005654004562996959,191,0.18644882275849137,300,147
3,Selvær,1,1014,1534,1534,8N05717,6,Indre Kvarøy,0.0005646343912878522,192,0.18644882275849137,300,143
3,Selvær,1,1014,2077,2077,8N14293,14,Lauvøya,0.0005603874162251473,193,0.18644882275849137,300,139
3,Selvær,1,1014,3816,3816,8P11538,14,Lauvøya,0.0005596812130466411,194,0.18644882275849137,300,148
3,Selvær,1,1014,2577,2577,8N28694,5,Hestmannøy,0.0005593091771798995,195,0.18644882275849137,300,149
3,Selvær,1,1014,2611,2611,8N28799,1,Myken,0.0005562542336485374,196,0.18644882275849137,300,152
3,Selvær,1,1014,4743,4743,8800146,9,Sleneset,0.0005549515006353309,197,0.18644882275849137,300,146
3,Selvær,1,1014,3179,3179,8N73573,6,Indre Kvarøy,0.0005547150745898556,198,0.18644882275849137,300,150
3,Selvær,1,1014,637,637,8L89739,10,Aldra,0.0005535211965395993,199,0.18644882275849137,300,131
3,Selvær,1,1014,770,770,8M31706,4,Gjerøy,0.0005534107826450797,200,0.18644882275849137,300,143
3,Selvær,1,1014,3286,3286,8N73793,14,Lauvøya,0.0005519368595911349,201,0.18644882275849137,300,138
3,Selvær,1,1014,1620,1620,8N06367,0,Nesøy,0.0005495887004044965,202,0.18644882275849137,300,144
3,Selvær,1,1014,3444,3444,8N87313,5,Hestmannøy,0.0005491628090713963,203,0.18644882275849137,300,145
3,Selvær,1,1014,2012,2012,8N14001,6,Indre Kvarøy,0.0005463986412774305,204,0.18644882275849137,300,154
3,Selvær,1,1014,2497,2497,8N28003,2,Træna,0.0005445009140890111,205,0.18644882275849137,300,142
3,Selvær,1,1014,2120,2120,8N14535,11,Leka,0.0005416706052009147,206,0.18644882275849137,300,134
3,Selvær,1,1014,4461,4461,8732300,8,Lovund,0.0005398826055947086,207,0.18644882275849137,300,144
3,Selvær,1,1014,5058,5058,8934058,5,Hestmannøy,0.0005392040722066351,208,0.18644882275849137,300,147
3,Selvær,1,1014,1769,1769,8N06864,11,Leka,0.0005382993246075997,209,0.18644882275849137,300,163
3,Selvær,1,1014,2174,2174,8N14591,11,Leka,0.0005361766752938752,210,0.18644882275849137,300,136
3,Selvær,1,1014,3051,3051,8N73252,7,Onøy og Lurøy,0.0005352044232303985,211,0.18644882275849137,300,139
3,Selvær,1,1014,1713,1713,8N06727,4,Gjerøy,0.0005342615745687565,212,0.18644882275849137,300,130
3,Selvær,1,1014,827,827,8M31936,4,Gjerøy,0.0005333670572141702,213,0.18644882275849137,300,138
3,Selvær,1,1014,2206,2206,8N14623,13,Vikna,0.0005295898747282692,214,0.18644882275849137,300,140
3,Selvær,1,1014,2519,2519,8N28220,2,Træna,0.000528837925844421,215,0.18644882275849137,300,137
3,Selvær,1,1014,2641,2641,8N28947,9,Sleneset,0.0005268703870706499,216,0.18644882275849137,300,131
3,Selvær,1,1014,1919,1919,8N13656,13,Vikna,0.0005267326637985489,217,0.18644882275849137,300,132
3,Selvær,1,1014,1848,1848,8N13423,9,Sleneset,0.0005243355035959357,218,0.18644882275849137,300,152
3,Selvær,1,1014,3948,3948,8P14514,2,Træna,0.0005228655880161326,219,0.18644882275849137,300,149
3,Selvær,1,1014,366,366,8L52592,7,Onøy og Lurøy,0.0005217658390250516,220,0.18644882275849137,300,143
3,Selvær,1,1014,4316,4316,8681060,6,Indre Kvarøy,0.000521568403777114,221,0.18644882275849137,300,149
3,Selvær,1,1014,459,459,8L64298,9,Sleneset,0.000520848343389976,222,0.18644882275849137,300,143
3,Selvær,1,1014,5415,5415,8981276,5,Hestmannøy,0.0005205389510354991,223,0.18644882275849137,300,150
3,Selvær,1,1014,3864,3864,8P11747,7,Onøy og Lurøy,0.000519967388351828,224,0.18644882275849137,300,145
3,Selvær,1,1014,2615,2615,8N28813,5,Hestmannøy,0.0005180491112302153,225,0.18644882275849137,300,145
3,Selvær,1,1014,24,24,8L19877,5,Hestmannøy,0.0005165208945752798,226,0.18644882275849137,300,146
3,Selvær,1,1014,569,569,8L89436,5,Hestmannøy,0.0005149178588030255,227,0.18644882275849137,300,143
3,Selvær,1,1014,2564,2564,8N28650,2,Træna,0.0005148574376590287,228,0.18644882275849137,300,150
3,Selvær,1,1014,34,34,8L19926,10,Aldra,0.0005128222006239962,229,0.18644882275849137,300,158
3,Selvær,1,1014,5023,5023,8887495,7,Onøy og Lurøy,0.0005101197873810395,230,0.18644882275849137,300,134
3,Selvær,1,1014,379,379,8L52909,2,Træna,0.0005097335707007794,231,0.18644882275849137,300,148
3,Selvær,1,1014,276,276,8L52209,4,Gjerøy,0.0005085379261828758,232,0.18644882275849137,300,135
3,Selvær,1,1014,1823,1823,8N05698,14,Lauvøya,0.0005077741703612004,233,0.18644882275849137,300,137
3,Selvær,1,1014,3016,3016,8N73215,12,Vega,0.000507322952743856,234,0.18644882275849137,300,137
3,Selvær,1,1014,416,416,8L57955,13,Vikna,0.0005060406665182694,235,0.18644882275849137,300,163
3,Selvær,1,1014,2208,2208,8N14625,13,Vikna,0.0005052338515436728,236,0.18644882275849137,300,141
3,Selvær,1,1014,2296,2296,8N14937,4,Gjerøy,0.0005051247796769287,237,0.18644882275849137,300,138
3,Selvær,1,1014,4417,4417,8730493,4,Gjerøy,0.0005040447873307436,238,0.18644882275849137,300,148
3,Selvær,1,1014,5433,5433,8981354,11,Leka,0.0005035039536560343,239,0.18644882275849137,300,136
3,Selvær,1,1014,4315,4315,8681059,6,Indre Kvarøy,0.0005032377810620985,240,0.18644882275849137,300,142
3,Selvær,1,1014,2430,2430,8N27449,6,Indre Kvarøy,0.0005020538370420481,241,0.18644882275849137,300,144
3,Selvær,1,1014,188,188,8L48399,0,Nesøy,0.0004994015418039407,242,0.18644882275849137,300,146
3,Selvær,1,1014,5149,5149,8934880,8,Lovund,0.0004963115245246864,243,0.18644882275849137,300,136
3,Selvær,1,1014,3916,3916,8P14173,1,Myken,0.0004958201726925072,244,0.18644882275849137,300,148
3,Selvær,1,1014,1008,1008,8M71864,5,Hestmannøy,0.0004951414721905605,245,0.18644882275849137,300,144
3,Selvær,1,1014,1006,1006,8M71831,4,Gjerøy,0.000494637044546231,246,0.18644882275849137,300,144
3,Selvær,1,1014,3542,3542,8N87595,11,Leka,0.0004937015276872205,247,0.18644882275849137,300,146
3,Selvær,1,1014,3623,3623,8N87835,14,Lauvøya,0.0004931595101422626,248,0.18644882275849137,300,144
3,Selvær,1,1014,2817,2817,8N72369,4,Gjerøy,0.0004928993824677042,249,0.18644882275849137,300,156
3,Selvær,1,1014,2364,2364,8N27117,7,Onøy og Lurøy,0.0004924808023638922,250,0.18644882275849137,300,137
3,Selvær,1,1014,252,252,8L48764,11,Leka,0.0004924783053834747,251,0.18644882275849137,300,144
3,Selvær,1,1014,5230,5230,8939491,0,Nesøy,0.0004922144847374888,252,0.18644882275849137,300,151
3,Selvær,1,1014,5188,5188,8939163,6,Indre Kvarøy,0.0004918107212528893,253,0.18644882275849137,300,144
3,Selvær,1,1014,4230,4230,8598501,6,Indre Kvarøy,0.0004907985841554574,254,0.18644882275849137,300,146
3,Selvær,1,1014,2792,2792,8N72036,2,Træna,0.0004904261815564055,255,0.18644882275849137,300,146
3,Selvær,1,1014,5071,5071,8934217,4,Gjerøy,0.0004895664540407447,256,0.18644882275849137,300,138
3,Selvær,1,1014,502,502,8L64933,5,Hestmannøy,0.0004886161146524251,257,0.18644882275849137,300,149
3,Selvær,1,1014,870,870,8L64598,12,Vega,0.00048633087378274173,258,0.18644882275849137,300,143
3,Selvær,1,1014,2035,2035,8N14052,4,Gjerøy,0.00048536675385807453,259,0.18644882275849137,300,142
3,Selvær,1,1014,4216,4216,8573567,0,Nesøy,0.0004846805054274837,260,0.18644882275849137,300,143
3,Selvær,1,1014,5380,5380,8981047,12,Vega,0.00048458726313102774,261,0.18644882275849137,300,136
3,Selvær,1,1014,4464,4464,8732505,8,Lovund,0.000484427087487944,262,0.18644882275849137,300,162
3,Selvær,1,1014,5217,5217,8939374,7,Onøy og Lurøy,0.00048334863937793236,263,0.18644882275849137,300,148
3,Selvær,1,1014,3951,3951,8P14585,8,Lovund,0.00048215243039534107,264,0.18644882275849137,300,153
3,Selvær,1,1014,5059,5059,8934059,5,Hestmannøy,0.00048173391726134043,265,0.18644882275849137,300,134
3,Selvær,1,1014,1344,1344,8N05256,13,Vikna,0.0004811368905452338,266,0.18644882275849137,300,145
3,Selvær,1,1014,170,170,8L30947,2,Træna,0.00048058709156083003,267,0.18644882275849137,300,143
3,Selvær,1,1014,4297,4297,8681025,5,Hestmannøy,0.00048016191902677346,268,0.18644882275849137,300,143
3,Selvær,1,1014,4573,4573,8747410,0,Nesøy,0.00047986807499810787,269,0.18644882275849137,300,137
3,Selvær,1,1014,2326,2326,8N27031,14,Lauvøya,0.00047980663268160767,270,0.18644882275849137,300,148
3,Selvær,1,1014,2767,2767,8N42801,2,Træna,0.00047885130062719076,271,0.18644882275849137,300,132
3,Selvær,1,1014,2922,2922,8N72920,13,Vikna,0.0004786761268203128,272,0.18644882275849137,300,136
3,Selvær,1,1014,957,957,8M71442,12,Vega,0.0004777144078179644,273,0.18644882275849137,300,142
3,Selvær,1,1014,272,272,8L52204,8,Lovund,0.0004762433514567224,274,0.18644882275849137,300,132
3,Selvær,1,1014,1260,1260,8N05170,12,Vega,0.0004759931549215803,275,0.18644882275849137,300,140
3,Selvær,1,1014,2282,2282,8N14900,2,Træna,0.0004754254485999149,276,0.18644882275849137,300,143
3,Selvær,1,1014,1386,1386,8N05299,13,Vikna,0.00047472010034224556,277,0.18644882275849137,300,148
3,Selvær,1,1014,3933,3933,8P14333,14,Lauvøya,0.00047415934542211706,278,0.18644882275849137,300,142
3,Selvær,1,1014,23,23,8L19862,6,Indre Kvarøy,0.0004737754133239836,279,0.18644882275849137,300,144
3,Selvær,1,1014,3303,3303,8N73906,11,Leka,0.0004718569370506832,280,0.18644882275849137,300,145
3,Selvær,1,1014,4409,4409,8730454,5,Hestmannøy,0.0004710886406271399,281,0.18644882275849137,300,136
3,Selvær,1,1014,4215,4215,8573521,2,Træna,0.0004706634479043819,282,0.18644882275849137,300,138
3,Selvær,1,1014,424,424,8M71447,13,Vikna,0.00046968245125474946,283,0.18644882275849137,300,133
3,Selvær,1,1014,1001,1001,8M71810,7,Onøy og Lurøy,0.00046937107082751985,284,0.18644882275849137,300,137
3,Selvær,1,1014,5219,5219,8939376,7,Onøy og Lurøy,0.0004689903054425501,285,0.18644882275849137,300,145
3,Selvær,1,1014,4145,4145,8168644,5,Hestmannøy,0.0004669601162454331,286,0.18644882275849137,300,135
3,Selvær,1,1014,2280,2280,8N14808,5,Hestmannøy,0.0004665594741516622,287,0.18644882275849137,300,132
3,Selvær,1,1014,1942,1942,8N13680,13,Vikna,0.000465773757500948,288,0.18644882275849137,300,153
3,Selvær,1,1014,5451,5451,8981703,0,Nesøy,0.00046565165075053633,289,0.18644882275849137,300,134
3,Selvær,1,1014,3035,3035,8N73234,12,Vega,0.000465087313537384,290,0.18644882275849137,300,144
3,Selvær,1,1014,2855,2855,8N72670,4,Gjerøy,0.000464897703901448,291,0.18644882275849137,300,147
3,Selvær,1,1014,3804,3804,8P11526,14,Lauvøya,0.0004625735110553572,292,0.18644882275849137,300,158
3,Selvær,1,1014,2053,2053,8N14162,5,Hestmannøy,0.0004623762017816202,293,0.18644882275849137,300,152
3,Selvær,1,1014,2277,2277,8N14792,6,Indre Kvarøy,0.0004616207624190749,294,0.18644882275849137,300,139
3,Selvær,1,1014,4437,4437,8730981,6,Indre Kvarøy,0.00046157336673881776,295,0.18644882275849137,300,137
3,Selvær,1,1014,3845,3845,8P11568,14,Lauvøya,0.00046118660144705594,296,0.18644882275849137,300,150
3,Selvær,1,1014,4983,4983,8887342,5,Hestmannøy,0.00046083730972241424,297,0.18644882275849137,300,148
3,Selvær,1,1014,5470,5470,8981802,5,Hestmannøy,0.00046009871378226624,298,0.18644882275849137,300,151
3,Selvær,1,1014,2829,2829,8N72496,2,Træna,0.00045991912858986655,299,0.18644882275849137,300,139
3,Selvær,1,1014,1365,1365,8N05277,13,Vikna,0.00045881995261355565,300,0.18644882275849137,300,148
3,Selvær,1,1014,2567,2567,8N28682,5,Hestmannøy,0.00045801336499269515,301,0.18644882275849137,300,151
3,Selvær,1,1014,4880,4880,8857104,7,Onøy og Lurøy,0.0004576123267315202,302,0.18644882275849137,300,138
3,Selvær,1,1014,2045,2045,8N14116,5,Hestmannøy,0.00045748638992639814,303,0.18644882275849137,300,157
3,Selvær,1,1014,2677,2677,8N42293,4,Gjerøy,0.00045545073602221105,304,0.18644882275849137,300,137
3,Selvær,1,1014,2663,2663,8N42249,2,Træna,0.0004552324624321218,305,0.18644882275849137,300,142
3,Selvær,1,1014,365,365,8L52591,7,Onøy og Lurøy,0.0004547229996504047,306,0.18644882275849137,300,138
3,Selvær,1,1014,2355,2355,8N27089,14,Lauvøya,0.00045324602360007977,307,0.18644882275849137,300,151
3,Selvær,1,1014,4876,4876,8816963,2,Træna,0.00045308309773857083,308,0.18644882275849137,300,144
3,Selvær,1,1014,4688,4688,8747976,5,Hestmannøy,0.0004529613448391733,309,0.18644882275849137,300,145
3,Selvær,1,1014,169,169,8L30922,0,Nesøy,0.00045218758947994126,310,0.18644882275849137,300,147
3,Selvær,1,1014,1523,1523,8N05706,4,Gjerøy,0.0004519134127750546,311,0.18644882275849137,300,148
3,Selvær,1,1014,4701,4701,8794342,9,Sleneset,0.00045079120164693973,312,0.18644882275849137,300,143
3,Selvær,1,1014,4672,4672,8747878,1,Myken,0.00045042604096668,313,0.18644882275849137,300,152
3,Selvær,1,1014,5181,5181,8939125,4,Gjerøy,0.00045031016173855694,314,0.18644882275849137,300,149
3,Selvær,1,1014,3837,3837,8P11560,14,Lauvøya,0.0004486581128530157,315,0.18644882275849137,300,142
3,Selvær,1,1014,2837,2837,8N72551,6,Indre Kvarøy,0.00044705621937124424,316,0.18644882275849137,300,139
3,Selvær,1,1014,1073,1073,8M72576,11,Leka,0.0004467296707046907,317,0.18644882275849137,300,138
3,Selvær,1,1014,886,886,8M71231,6,Indre Kvarøy,0.00044611188185663395,318,0.18644882275849137,300,138
3,Selvær,1,1014,1862,1862,8N13587,2,Træna,0.00044502665493173764,319,0.18644882275849137,300,146
3,Selvær,1,1014,4933,4933,8866773,10,Aldra,0.00044497341089690714,320,0.18644882275849137,300,140
3,Selvær,1,1014,3261,3261,8N73679,13,Vikna,0.00044481068013324575,321,0.18644882275849137,300,145
3,Selvær,1,1014,1649,1649,8N06480,12,Vega,0.0004435639190701197,322,0.18644882275849137,300,137
3,Selvær,1,1014,5413,5413,8981273,5,Hestmannøy,0.00044340473682986226,323,0.18644882275849137,300,139
3,Selvær,1,1014,917,917,8M71307,6,Indre Kvarøy,0.0004426243828934619,324,0.18644882275849137,300,142
3,Selvær,1,1014,309,309,8L52347,11,Leka,0.00044242132481567606,325,0.18644882275849137,300,155
3,Selvær,1,1014,903,903,8M71289,5,Hestmannøy,0.0004420553758380139,326,0.18644882275849137,300,148
3,Selvær,1,1014,4352,4352,8681261,0,Nesøy,0.00044179170129251486,327,0.18644882275849137,300,137
3,Selvær,1,1014,4379,4379,8681419,0,Nesøy,0.0004414669795620201,328,0.18644882275849137,300,135
3,Selvær,1,1014,3351,3351,8N73954,12,Vega,0.00043994025767597506,329,0.18644882275849137,300,139
3,Selvær,1,1014,2924,2924,8N72922,13,Vikna,0.00043970632760177133,330,0.18644882275849137,300,137
3,Selvær,1,1014,1359,1359,8N05271,13,Vikna,0.0004386374329633199,331,0.18644882275849137,300,152
3,Selvær,1,1014,2029,2029,8N14022,4,Gjerøy,0.0004377631962351237,332,0.18644882275849137,300,144
3,Selvær,1,1014,2541,2541,8N28405,9,Sleneset,0.0004375110276599345,333,0.18644882275849137,300,151
3,Selvær,1,1014,3365,3365,8N73968,12,Vega,0.00043689342686108727,334,0.18644882275849137,300,139
3,Selvær,1,1014,1570,1570,8N05874,11,Leka,0.00043553864947857955,335,0.18644882275849137,300,153
3,Selvær,1,1014,3505,3505,8N87557,11,Leka,0.00043484019687053184,336,0.18644882275849137,300,143
3,Selvær,1,1014,4893,4893,8857243,5,Hestmannøy,0.0004337448064258055,337,0.18644882275849137,300,152
3,Selvær,1,1014,3744,3744,8N87960,13,Vikna,0.0004336542853186232,338,0.18644882275849137,300,146
3,Selvær,1,1014,2419,2419,8N27406,7,Onøy og Lurøy,0.0004335076887444729,339,0.18644882275849137,300,146
3,Selvær,1,1014,1265,1265,8N05175,13,Vikna,0.000432785663777079,340,0.18644882275849137,300,146
3,Selvær,1,1014,1591,1591,8N05900,11,Leka,0.00043001005071561875,341,0.18644882275849137,300,139
3,Selvær,1,1014,2398,2398,8N27315,5,Hestmannøy,0.00042976270760544145,342,0.18644882275849137,300,139
3,Selvær,1,1014,3445,3445,8N87325,6,Indre Kvarøy,0.0004297222031809364,343,0.18644882275849137,300,155
3,Selvær,1,1014,413,413,8L57916,2,Træna,0.0004287089007976396,344,0.18644882275849137,300,132
3,Selvær,1,1014,1011,1011,8M71872,5,Hestmannøy,0.00042868928390717956,345,0.18644882275849137,300,145
3,Selvær,1,1014,2881,2881,8N72697,11,Leka,0.0004286462849221789,346,0.18644882275849137,300,144
3,Selvær,1,1014,2058,2058,8N14178,6,Indre Kvarøy,0.0004286394914105948,347,0.18644882275849137,300,137
3,Selvær,1,1014,1507,1507,8N05684,14,Lauvøya,0.00042770191219021714,348,0.18644882275849137,300,138
3,Selvær,1,1014,4667,4667,8747865,9,Sleneset,0.0004276072506106445,349,0.18644882275849137,300,135
3,Selvær,1,1014,911,911,8M71301,6,Indre Kvarøy,0.0004269289951252624,350,0.18644882275849137,300,141
3,Selvær,1,1014,2784,2784,8N42989,14,Lauvøya,0.000424989122299856,351,0.18644882275849137,300,139
3,Selvær,1,1014,1717,1717,8N06776,10,Aldra,0.00042363146104837797,352,0.18644882275849137,300,138
3,Selvær,1,1014,151,151,8L30780,4,Gjerøy,0.00042328953662232343,353,0.18644882275849137,300,154
3,Selvær,1,1014,4459,4459,8732293,5,Hestmannøy,0.0004230807967638756,354,0.18644882275849137,300,146
3,Selvær,1,1014,5402,5402,8981224,11,Leka,0.00042246900145930975,355,0.18644882275849137,300,149
3,Selvær,1,1014,1066,1066,8M72565,11,Leka,0.00041999960722850104,356,0.18644882275849137,300,141
3,Selvær,1,1014,3046,3046,8N73245,14,Lauvøya,0.000419290520581107,357,0.18644882275849137,300,142
3,Selvær,1,1014,3292,3292,8N73819,5,Hestmannøy,0.00041830052275828596,358,0.18644882275849137,300,141
3,Selvær,1,1014,4615,4615,8747663,1,Myken,0.00041745355240019495,359,0.18644882275849137,300,132
3,Selvær,1,1014,1803,1803,8N06916,5,Hestmannøy,0.0004173890520208191,360,0.18644882275849137,300,137
3,Selvær,1,1014,3546,3546,8N87600,11,Leka,0.0004171275785655995,361,0.18644882275849137,300,137
3,Selvær,1,1014,3054,3054,8N73301,14,Lauvøya,0.0004168313016568283,362,0.18644882275849137,300,141
3,Selvær,1,1014,5461,5461,8981725,7,Onøy og Lurøy,0.00041645120400605443,363,0.18644882275849137,300,142
3,Selvær,1,1014,4975,4975,8887305,7,Onøy og Lurøy,0.00041497930289010677,364,0.18644882275849137,300,147
3,Selvær,1,1014,2319,2319,8N14975,7,Onøy og Lurøy,0.0004146942609868119,365,0.18644882275849137,300,139
3,Selvær,1,1014,1537,1537,8N05748,4,Gjerøy,0.0004144760340783805,366,0.18644882275849137,300,140
3,Selvær,1,1014,2499,2499,8N28009,9,Sleneset,0.0004142997323313181,367,0.18644882275849137,300,140
3,Selvær,1,1014,3312,3312,8N73915,11,Leka,0.00041429148680875797,368,0.18644882275849137,300,154
3,Selvær,1,1014,5344,5344,8943735,5,Hestmannøy,0.0004138134370380908,369,0.18644882275849137,300,148
3,Selvær,1,1014,2883,2883,8N72699,11,Leka,0.00041251658098628266,370,0.18644882275849137,300,146
3,Selvær,1,1014,5176,5176,8939118,10,Aldra,0.0004124963365463416,371,0.18644882275849137,300,132
3,Selvær,1,1014,4516,4516,8732691,5,Hestmannøy,0.00041232380399550085,372,0.18644882275849137,300,137
3,Selvær,1,1014,4353,4353,8681268,5,Hestmannøy,0.000412269788906918,373,0.18644882275849137,300,148
3,Selvær,1,1014,2336,2336,8N27070,14,Lauvøya,0.00041203336036805253,374,0.18644882275849137,300,146
3,Selvær,1,1014,2365,2365,8N27118,7,Onøy og Lurøy,0.00041171130195668626,375,0.18644882275849137,300,141
3,Selvær,1,1014,3299,3299,8N73901,11,Leka,0.0004110647732626756,376,0.18644882275849137,300,143
3,Selvær,1,1014,1967,1967,8N13850,14,Lauvøya,0.00041096171440873497,377,0.18644882275849137,300,157
3,Selvær,1,1014,1230,1230,8N05140,12,Vega,0.0004101663691881698,378,0.18644882275849137,300,144
3,Selvær,1,1014,3193,3193,8N73611,14,Lauvøya,0.00040933991051757116,379,0.18644882275849137,300,145
3,Selvær,1,1014,4231,4231,8598568,4,Gjerøy,0.00040888111935356223,380,0.18644882275849137,300,155
3,Selvær,1,1014,2433,2433,8N27472,2,Træna,0.00040841645428469877,381,0.18644882275849137,300,139
3,Selvær,1,1014,1234,1234,8N05144,12,Vega,0.000407779952230128,382,0.18644882275849137,300,152
3,Selvær,1,1014,898,898,8M31503,4,Gjerøy,0.00040696984846408173,383,0.18644882275849137,300,152
3,Selvær,1,1014,2118,2118,8N14533,11,Leka,0.00040690908364403143,384,0.18644882275849137,300,142
3,Selvær,1,1014,1981,1981,8N13923,5,Hestmannøy,0.00040683920629319627,385,0.18644882275849137,300,150
3,Selvær,1,1014,1036,1036,8M72309,8,Lovund,0.00040660875151985306,386,0.18644882275849137,300,140
3,Selvær,1,1014,2862,2862,8N72678,11,Leka,0.00040642628780097304,387,0.18644882275849137,300,151
3,Selvær,1,1014,5338,5338,8943515,11,Leka,0.0004057854809426202,388,0.18644882275849137,300,149
3,Selvær,1,1014,4994,4994,8887368,5,Hestmannøy,0.0004050689647468636,389,0.18644882275849137,300,135
3,Selvær,1,1014,1797,1797,8N06895,14,Lauvøya,0.00040473457621159007,390,0.18644882275849137,300,152
3,Selvær,1,1014,4066,4066,8P14984,14,Lauvøya,0.0004046787595259333,391,0.18644882275849137,300,139
3,Selvær,1,1014,2493,2493,8N27981,10,Aldra,0.00040460028266964515,392,0.18644882275849137,300,132
3,Selvær,1,1014,3736,3736,8N87952,13,Vikna,0.0004039383179501999,393,0.18644882275849137,300,145
3,Selvær,1,1014,3787,3787,8P11355,5,Hestmannøy,0.00040327257144936324,394,0.18644882275849137,300,147
3,Selvær,1,1014,5460,5460,8981723,5,Hestmannøy,0.00040309111951354035,395,0.18644882275849137,300,141
3,Selvær,1,1014,1642,1642,8N06473,12,Vega,0.0004028311411062484,396,0.18644882275849137,300,140
3,Selvær,1,1014,994,994,8M71532,4,Gjerøy,0.0004025915682649458,397,0.18644882275849137,300,141
3,Selvær,1,1014,3015,3015,8N73214,12,Vega,0.00040229588230089456,398,0.18644882275849137,300,143
3,Selvær,1,1014,1379,1379,8N05292,13,Vikna,0.0004019217982847885,399,0.18644882275849137,300,144
3,Selvær,1,1014,1835,1835,8N13216,9,Sleneset,0.0004015505199152899,400,0.18644882275849137,300,143
3,Selvær,1,1014,3186,3186,8N73604,14,Lauvøya,0.00040001829824284506,401,0.18644882275849137,300,150
3,Selvær,1,1014,3097,3097,8N73444,11,Leka,0.0004000057291933458,402,0.18644882275849137,300,140
3,Selvær,1,1014,2464,2464,8N27879,5,Hestmannøy,0.0003998129767911788,403,0.18644882275849137,300,140
3,Selvær,1,1014,308,308,8L52345,11,Leka,0.0003996765176651825,404,0.18644882275849137,300,139
3,Selvær,1,1014,1220,1220,8N05130,12,Vega,0.00039919324708742143,405,0.18644882275849137,300,143
3,Selvær,1,1014,5165,5165,8939052,5,Hestmannøy,0.0003991708141447249,406,0.18644882275849137,300,144
3,Selvær,1,1014,2623,2623,8N28849,5,Hestmannøy,0.00039843335824575615,407,0.18644882275849137,300,150
3,Selvær,1,1014,442,442,8M71362,12,Vega,0.00039832413054255797,408,0.18644882275849137,300,144
3,Selvær,1,1014,1846,1846,8N13418,2,Træna,0.00039815978720573737,409,0.18644882275849137,300,136
3,Selvær,1,1014,232,232,8L48662,5,Hestmannøy,0.00039814018919675815,410,0.18644882275849137,300,143
3,Selvær,1,1014,4926,4926,8866710,6,Indre Kvarøy,0.0003979196679262113,411,0.18644882275849137,300,143
3,Selvær,1,1014,2252,2252,8N14671,13,Vikna,0.00039752689477338325,412,0.18644882275849137,300,142
3,Selvær,1,1014,4233,4233,8598602,6,Indre Kvarøy,0.0003969256437886934,413,0.18644882275849137,300,137
3,Selvær,1,1014,4350,4350,8681259,0,Nesøy,0.0003958924637051775,414,0.18644882275849137,300,146
3,Selvær,1,1014,2793,2793,8N72043,2,Træna,0.000395593862552042,415,0.18644882275849137,300,137
3,Selvær,1,1014,22,22,8L19860,10,Aldra,0.000395244350059446,416,0.18644882275849137,300,147
3,Selvær,1,1014,1511,1511,8N05688,14,Lauvøya,0.0003952301762457233,417,0.18644882275849137,300,159
3,Selvær,1,1014,2453,2453,8N27813,1,Myken,0.0003949249688467625,418,0.18644882275849137,300,145
3,Selvær,1,1014,3240,3240,8N73658,13,Vikna,0.0003938800384458436,419,0.18644882275849137,300,146
3,Selvær,1,1014,2448,2448,8N27717,9,Sleneset,0.00039324432690321305,420,0.18644882275849137,300,138
3,Selvær,1,1014,4286,4286,8668482,4,Gjerøy,0.00039158567127034125,421,0.18644882275849137,300,154
3,Selvær,1,1014,3192,3192,8N73610,14,Lauvøya,0.00039134190923286166,422,0.18644882275849137,300,133
3,Selvær,1,1014,4431,4431,8730902,6,Indre Kvarøy,0.00039015337863986714,423,0.18644882275849137,300,146
3,Selvær,1,1014,1718,1718,8N06781,4,Gjerøy,0.0003897794267134446,424,0.18644882275849137,300,144
3,Selvær,1,1014,1280,1280,8N05191,13,Vikna,0.0003893566625970257,425,0.18644882275849137,300,139
3,Selvær,1,1014,5121,5121,8934426,8,Lovund,0.00038864900955825113,426,0.18644882275849137,300,149
3,Selvær,1,1014,3852,3852,8P11576,5,Hestmannøy,0.0003863326255690486,427,0.18644882275849137,300,146
3,Selvær,1,1014,2802,2802,8N72257,2,Træna,0.0003858325576133208,428,0.18644882275849137,300,155
3,Selvær,1,1014,846,846,8M71073,4,Gjerøy,0.00038575563403761803,429,0.18644882275849137,300,148
3,Selvær,1,1014,1577,1577,8N05881,11,Leka,0.0003850024834617079,430,0.18644882275849137,300,148
3,Selvær,1,1014,72,72,8L26597,6,Indre Kvarøy,0.00038454276738849723,431,0.18644882275849137,300,141
3,Selvær,1,1014,165,165,8L30899,11,Leka,0.0003836004157093329,432,0.18644882275849137,300,144
3,Selvær,1,1014,421,421,8M71452,13,Vikna,0.00038351129428137017,433,0.18644882275849137,300,155
3,Selvær,1,1014,283,283,8L52229,9,Sleneset,0.00038344159082225,434,0.18644882275849137,300,147
3,Selvær,1,1014,2198,2198,8N14615,13,Vikna,0.00038320725813210856,435,0.18644882275849137,300,131
3,Selvær,1,1014,1542,1542,8N05797,10,Aldra,0.00038283131379215186,436,0.18644882275849137,300,139
3,Selvær,1,1014,4481,4481,8732600,7,Onøy og Lurøy,0.0003825007780518373,437,0.18644882275849137,300,153
3,Selvær,1,1014,3348,3348,8N73951,12,Vega,0.00038190505905797876,438,0.18644882275849137,300,145
3,Selvær,1,1014,457,457,8L64288,10,Aldra,0.00038185084333685704,439,0.18644882275849137,300,142
3,Selvær,1,1014,3808,3808,8P11530,14,Lauvøya,0.00038176610835504457,440,0.18644882275849137,300,134
3,Selvær,1,1014,61,61,8L26538,10,Aldra,0.0003816119962262739,441,0.18644882275849137,300,138
3,Selvær,1,1014,5140,5140,8934600,4,Gjerøy,0.00038116998360747595,442,0.18644882275849137,300,150
3,Selvær,1,1014,3080,3080,8N73420,5,Hestmannøy,0.00038116166631960423,443,0.18644882275849137,300,146
3,Selvær,1,1014,3718,3718,8N87934,13,Vikna,0.0003811024815244994,444,0.18644882275849137,300,147
3,Selvær,1,1014,1283,1283,8N05194,13,Vikna,0.0003809376780131446,445,0.18644882275849137,300,141
3,Selvær,1,1014,3118,3118,8N73465,11,Leka,0.00038038301838826165,446,0.18644882275849137,300,140
3,Selvær,1,1014,3871,3871,8P11783,2,Træna,0.0003800899976535622,447,0.18644882275849137,300,142
3,Selvær,1,1014,3060,3060,8N73307,14,Lauvøya,0.0003799584587653059,448,0.18644882275849137,300,146
3,Selvær,1,1014,5408,5408,8981266,5,Hestmannøy,0.0003794020999767863,449,0.18644882275849137,300,139
3,Selvær,1,1014,4102,4102,8P26560,8,Lovund,0.0003793363500301301,450,0.18644882275849137,300,136
3,Selvær,1,1014,4968,4968,8887278,5,Hestmannøy,0.0003778824857334354,451,0.18644882275849137,300,152
3,Selvær,1,1014,1719,1719,8N06782,4,Gjerøy,0.00037781507079420366,452,0.18644882275849137,300,148
3,Selvær,1,1014,1858,1858,8N13526,2,Træna,0.0003776384720177946,453,0.18644882275849137,300,145
3,Selvær,1,1014,5045,5045,8917946,8,Lovund,0.000377289576186393,454,0.18644882275849137,300,141
3,Selvær,1,1014,3694,3694,8N87909,13,Vikna,0.0003772055739522574,455,0.18644882275849137,300,143
3,Selvær,1,1014,3277,3277,8N73696,13,Vikna,0.0003762835580226935,456,0.18644882275849137,300,156
3,Selvær,1,1014,1441,1441,8N05611,14,Lauvøya,0.0003757693655775916,457,0.18644882275849137,300,145
3,Selvær,1,1014,1710,1710,8N06698,14,Lauvøya,0.00037538918284949515,458,0.18644882275849137,300,135
3,Selvær,1,1014,168,168,8L30920,0,Nesøy,0.00037530288314613776,459,0.18644882275849137,300,137
3,Selvær,1,1014,2613,2613,8N28809,6,Indre Kvarøy,0.0003751543357949273,460,0.18644882275849137,300,129
3,Selvær,1,1014,1314,1314,8N05225,12,Vega,0.0003751252662174062,461,0.18644882275849137,300,137
3,Selvær,1,1014,1574,1574,8N05878,11,Leka,0.00037446390760617084,462,0.18644882275849137,300,139
3,Selvær,1,1014,4412,4412,8730460,8,Lovund,0.00037423953687675275,463,0.18644882275849137,300,146
3,Selvær,1,1014,5108,5108,8934374,5,Hestmannøy,0.000373278383706069,464,0.18644882275849137,300,156
3,Selvær,1,1014,1442,1442,8N05612,14,Lauvøya,0.00037323801949168536,465,0.18644882275849137,300,141
3,Selvær,1,1014,513,513,8L89202,5,Hestmannøy,0.0003729920796362165,466,0.18644882275849137,300,139
3,Selvær,1,1014,4526,4526,8747064,9,Sleneset,0.00037286935566788117,467,0.18644882275849137,300,144
3,Selvær,1,1014,4160,4160,8168769,5,Hestmannøy,0.00037188174672960107,468,0.18644882275849137,300,148
3,Selvær,1,1014,4656,4656,8747781,4,Gjerøy,0.000371851859102082,469,0.18644882275849137,300,143
3,Selvær,1,1014,3643,3643,8N87857,14,Lauvøya,0.0003716854125437036,470,0.18644882275849137,300,143
3,Selvær,1,1014,1038,1038,8M72319,7,Onøy og Lurøy,0.00037155293312207606,471,0.18644882275849137,300,144
3,Selvær,1,1014,4474,4474,8732577,7,Onøy og Lurøy,0.00037153261435380176,472,0.18644882275849137,300,147
3,Selvær,1,1014,3328,3328,8N73931,12,Vega,0.0003708995427499616,473,0.18644882275849137,300,148
3,Selvær,1,1014,2684,2684,8N42451,14,Lauvøya,0.00037020047647857345,474,0.18644882275849137,300,140
3,Selvær,1,1014,2821,2821,8N72394,6,Indre Kvarøy,0.00036880908970461293,475,0.18644882275849137,300,135
3,Selvær,1,1014,1650,1650,8N06481,12,Vega,0.00036830168572023886,476,0.18644882275849137,300,136
3,Selvær,1,1014,5250,5250,8939603,5,Hestmannøy,0.00036703895333046696,477,0.18644882275849137,300,141
3,Selvær,1,1014,537,537,8L89326,10,Aldra,0.000366903716807868,478,0.18644882275849137,300,148
3,Selvær,1,1014,1617,1617,8N06347,4,Gjerøy,0.00036663611308999054,479,0.18644882275849137,300,135
3,Selvær,1,1014,2632,2632,8N28900,14,Lauvøya,0.00036661490855192724,480,0.18644882275849137,300,142
3,Selvær,1,1014,4575,4575,8747424,5,Hestmannøy,0.0003664706861589559,481,0.18644882275849137,300,152
3,Selvær,1,1014,4124,4124,8118425,6,Indre Kvarøy,0.0003663085848681819,482,0.18644882275849137,300,138
3,Selvær,1,1014,222,222,8L48592,5,Hestmannøy,0.0003657280173404977,483,0.18644882275849137,300,154
3,Selvær,1,1014,1670,1670,8N06508,4,Gjerøy,0.0003654596143459756,484,0.18644882275849137,300,144
3,Selvær,1,1014,3812,3812,8P11534,14,Lauvøya,0.0003649599264839521,485,0.18644882275849137,300,153
3,Selvær,1,1014,1911,1911,8N13648,14,Lauvøya,0.0003647943003841233,486,0.18644882275849137,300,143
3,Selvær,1,1014,571,571,8L89457,10,Aldra,0.000364547310245634,487,0.18644882275849137,300,133
3,Selvær,1,1014,1277,1277,8N05188,13,Vikna,0.00036321698760897174,488,0.18644882275849137,300,142
3,Selvær,1,1014,2182,2182,8N14599,11,Leka,0.0003630434056990864,489,0.18644882275849137,300,136
3,Selvær,1,1014,925,925,8L64459,13,Vikna,0.0003627803806423153,490,0.18644882275849137,300,151
3,Selvær,1,1014,914,914,8M71304,6,Indre Kvarøy,0.00036273059075820225,491,0.18644882275849137,300,138
3,Selvær,1,1014,2410,2410,8N27352,6,Indre Kvarøy,0.0003601930000112527,492,0.18644882275849137,300,149
3,Selvær,1,1014,961,961,8M71451,13,Vikna,0.0003600423256836718,493,0.18644882275849137,300,143
3,Selvær,1,1014,3039,3039,8N73238,12,Vega,0.0003598576032713786,494,0.18644882275849137,300,138
3,Selvær,1,1014,4272,4272,8651884,0,Nesøy,0.00035960831546159145,495,0.18644882275849137,300,147
3,Selvær,1,1014,4449,4449,8732247,4,Gjerøy,0.0003592838946485024,496,0.18644882275849137,300,139
3,Selvær,1,1014,4626,4626,8747703,5,Hestmannøy,0.00035920104098747895,497,0.18644882275849137,300,142
3,Selvær,1,1014,2389,2389,8N27250,1,Myken,0.00035856951622356887,498,0.18644882275849137,300,143
3,Selvær,1,1014,1646,1646,8N06477,12,Vega,0.0003584836032065926,499,0.18644882275849137,300,143
3,Selvær,1,1014,3212,3212,8N73630,13,Vikna,0.0003584359435997939,500,0.18644882275849137,300,148
3,Selvær,1,1014,908,908,8M71296,5,Hestmannøy,0.0003578909232626332,501,0.18644882275849137,300,138
3,Selvær,1,1014,1100,1100,8M72649,4,Gjerøy,0.00035717515394775525,502,0.18644882275849137,300,139
3,Selvær,1,1014,5238,5238,8939538,5,Hestmannøy,0.0003571591335007315,503,0.18644882275849137,300,156
3,Selvær,1,1014,5083,5083,8934273,7,Onøy og Lurøy,0.00035602431862981874,504,0.18644882275849137,300,144
3,Selvær,1,1014,2741,2741,8N42706,4,Gjerøy,0.00035564523196146905,505,0.18644882275849137,300,136
3,Selvær,1,1014,2271,2271,8N14690,13,Vikna,0.0003555809780172461,506,0.18644882275849137,300,134
3,Selvær,1,1014,2377,2377,8N27193,14,Lauvøya,0.00035537341914117525,507,0.18644882275849137,300,147
3,Selvær,1,1014,842,842,8M31997,1,Myken,0.00035475356596159754,508,0.18644882275849137,300,138
3,Selvær,1,1014,4158,4158,8168709,4,Gjerøy,0.0003532711121855461,509,0.18644882275849137,300,148
3,Selvær,1,1014,4198,4198,8309288,5,Hestmannøy,0.0003532141077197191,510,0.18644882275849137,300,153
3,Selvær,1,1014,1680,1680,8N06570,4,Gjerøy,0.000352996611506803,511,0.18644882275849137,300,143
3,Selvær,1,1014,4980,4980,8887324,6,Indre Kvarøy,0.0003522564906978876,512,0.18644882275849137,300,142
3,Selvær,1,1014,2504,2504,8N28041,6,Indre Kvarøy,0.00035197196062517177,513,0.18644882275849137,300,149
3,Selvær,1,1014,2825,2825,8N72447,2,Træna,0.00035193179911389126,514,0.18644882275849137,300,144
3,Selvær,1,1014,831,831,8M31940,5,Hestmannøy,0.00035182188899369815,515,0.18644882275849137,300,138
3,Selvær,1,1014,1159,1159,8M72928,5,Hestmannøy,0.0003511086191841691,516,0.18644882275849137,300,137
3,Selvær,1,1014,3106,3106,8N73453,11,Leka,0.00034969565617337553,517,0.18644882275849137,300,147
3,Selvær,1,1014,1659,1659,8N06490,12,Vega,0.00034814503372092596,518,0.18644882275849137,300,142
3,Selvær,1,1014,1727,1727,8N06821,11,Leka,0.0003469475734793556,519,0.18644882275849137,300,142
3,Selvær,1,1014,964,964,8L57980,13,Vikna,0.0003464544093191053,520,0.18644882275849137,300,155
3,Selvær,1,1014,4114,4114,8P26701,7,Onøy og Lurøy,0.00034631889820672154,521,0.18644882275849137,300,131
3,Selvær,1,1014,4388,4388,8681469,5,Hestmannøy,0.0003458455550183757,522,0.18644882275849137,300,150
3,Selvær,1,1014,609,609,8L89642,10,Aldra,0.000345736707349104,523,0.18644882275849137,300,150
3,Selvær,1,1014,3844,3844,8P11567,14,Lauvøya,0.0003455967088050011,524,0.18644882275849137,300,136
3,Selvær,1,1014,1935,1935,8N13673,13,Vikna,0.00034544027782847445,525,0.18644882275849137,300,147
3,Selvær,1,1014,4387,4387,8681466,5,Hestmannøy,0.0003452665602300622,526,0.18644882275849137,300,145
3,Selvær,1,1014,5177,5177,8939119,10,Aldra,0.0003434794791824125,527,0.18644882275849137,300,146
3,Selvær,1,1014,117,117,8L30631,12,Vega,0.0003432023390871229,528,0.18644882275849137,300,141
3,Selvær,1,1014,582,582,8L89509,5,Hestmannøy,0.0003425120916363733,529,0.18644882275849137,300,149
3,Selvær,1,1014,4333,4333,8681132,5,Hestmannøy,0.00034241095990030374,530,0.18644882275849137,300,147
3,Selvær,1,1014,1170,1170,8M72960,4,Gjerøy,0.00034230072726067976,531,0.18644882275849137,300,140
3,Selvær,1,1014,4779,4779,8800372,4,Gjerøy,0.0003420951818240484,532,0.18644882275849137,300,142
3,Selvær,1,1014,91,91,8L30352,7,Onøy og Lurøy,0.00034201767642949674,533,0.18644882275849137,300,145
3,Selvær,1,1014,1231,1231,8N05141,12,Vega,0.0003410507838645532,534,0.18644882275849137,300,156
3,Selvær,1,1014,1845,1845,8N13408,2,Træna,0.0003409118643357883,535,0.18644882275849137,300,138
3,Selvær,1,1014,5266,5266,8939746,5,Hestmannøy,0.00034011786229087837,536,0.18644882275849137,300,152
3,Selvær,1,1014,3887,3887,8P11964,5,Hestmannøy,0.0003378371555996529,537,0.18644882275849137,300,146
3,Selvær,1,1014,5483,5483,8981831,7,Onøy og Lurøy,0.0003378202246298072,538,0.18644882275849137,300,142
3,Selvær,1,1014,256,256,8L48768,11,Leka,0.0003370020155884035,539,0.18644882275849137,300,140
3,Selvær,1,1014,452,452,8L64272,5,Hestmannøy,0.0003369666268988805,540,0.18644882275849137,300,139
3,Selvær,1,1014,3200,3200,8N73618,13,Vikna,0.0003368349954750002,541,0.18644882275849137,300,147
3,Selvær,1,1014,4627,4627,8747705,5,Hestmannøy,0.00033580335807656105,542,0.18644882275849137,300,152
3,Selvær,1,1014,2646,2646,8N42063,9,Sleneset,0.000335669440008854,543,0.18644882275849137,300,149
3,Selvær,1,1014,4266,4266,8651870,5,Hestmannøy,0.00033536201627215443,544,0.18644882275849137,300,136
3,Selvær,1,1014,182,182,8L48319,4,Gjerøy,0.00033532634941870767,545,0.18644882275849137,300,142
3,Selvær,1,1014,2949,2949,8N72948,13,Vikna,0.0003353210616221565,546,0.18644882275849137,300,148
3,Selvær,1,1014,587,587,8L89518,5,Hestmannøy,0.00033522449243445694,547,0.18644882275849137,300,147
3,Selvær,1,1014,2722,2722,8N42637,5,Hestmannøy,0.0003346996874459238,548,0.18644882275849137,300,137
3,Selvær,1,1014,3464,3464,8N87516,11,Leka,0.0003345825771248133,549,0.18644882275849137,300,151
3,Selvær,1,1014,3793,3793,8P11471,2,Træna,0.0003344754398238456,550,0.18644882275849137,300,139
3,Selvær,1,1014,4942,4942,8866800,0,Nesøy,0.0003335925609670771,551,0.18644882275849137,300,149
3,Selvær,1,1014,5369,5369,8981021,4,Gjerøy,0.00033338922445494304,552,0.18644882275849137,300,148
3,Selvær,1,1014,3317,3317,8N73920,11,Leka,0.0003330836081899971,553,0.18644882275849137,300,145
3,Selvær,1,1014,3036,3036,8N73235,12,Vega,0.0003328972623543255,554,0.18644882275849137,300,141
3,Selvær,1,1014,1690,1690,8N06678,14,Lauvøya,0.00033273021973724066,555,0.18644882275849137,300,143
3,Selvær,1,1014,1298,1298,8N05209,12,Vega,0.0003325097439743941,556,0.18644882275849137,300,141
3,Selvær,1,1014,718,718,8M31374,5,Hestmannøy,0.00033228827305128425,557,0.18644882275849137,300,151
3,Selvær,1,1014,4766,4766,8800331,9,Sleneset,0.0003322670091130165,558,0.18644882275849137,300,152
3,Selvær,1,1014,2309,2309,8N14962,5,Hestmannøy,0.00033188833217596823,559,0.18644882275849137,300,144
3,Selvær,1,1014,4577,4577,8747504,7,Onøy og Lurøy,0.00033115700641593956,560,0.18644882275849137,300,155
3,Selvær,1,1014,4759,4759,8800196,6,Indre Kvarøy,0.0003310248826624264,561,0.18644882275849137,300,139
3,Selvær,1,1014,5212,5212,8939369,7,Onøy og Lurøy,0.0003310183820591776,562,0.18644882275849137,300,138
3,Selvær,1,1014,1979,1979,8N13863,14,Lauvøya,0.00033040469476903827,563,0.18644882275849137,300,145
3,Selvær,1,1014,2678,2678,8N42397,5,Hestmannøy,0.00033002162694572196,564,0.18644882275849137,300,136
3,Selvær,1,1014,5496,5496,8981944,2,Træna,0.00032967867756619523,565,0.18644882275849137,300,153
3,Selvær,1,1014,1674,1674,8N06528,4,Gjerøy,0.00032931829290633167,566,0.18644882275849137,300,141
3,Selvær,1,1014,4993,4993,8887364,9,Sleneset,0.000328527131249552,567,0.18644882275849137,300,142
3,Selvær,1,1014,1320,1320,8N05231,12,Vega,0.00032812899375707003,568,0.18644882275849137,300,132
3,Selvær,1,1014,3093,3093,8N73440,11,Leka,0.0003276553125966452,569,0.18644882275849137,300,149
3,Selvær,1,1014,4294,4294,8681012,5,Hestmannøy,0.0003274131924722945,570,0.18644882275849137,300,149
3,Selvær,1,1014,17,17,8L19830,5,Hestmannøy,0.00032690397820431667,571,0.18644882275849137,300,154
3,Selvær,1,1014,1547,1547,8N05824,7,Onøy og Lurøy,0.0003260573747971889,572,0.18644882275849137,300,148
3,Selvær,1,1014,5378,5378,8981038,10,Aldra,0.0003258720499636267,573,0.18644882275849137,300,151
3,Selvær,1,1014,592,592,8L89537,5,Hestmannøy,0.0003250447042026837,574,0.18644882275849137,300,147
3,Selvær,1,1014,2707,2707,8N42523,5,Hestmannøy,0.000324896799201741,575,0.18644882275849137,300,141
3,Selvær,1,1014,2587,2587,8N28754,5,Hestmannøy,0.00032487887040900433,576,0.18644882275849137,300,144
3,Selvær,1,1014,1018,1018,8M72017,2,Træna,0.0003245838678079024,577,0.18644882275849137,300,131
3,Selvær,1,1014,1831,1831,8N13132,14,Lauvøya,0.00032402705070935507,578,0.18644882275849137,300,148
3,Selvær,1,1014,4640,4640,8747736,7,Onøy og Lurøy,0.00032393878700099005,579,0.18644882275849137,300,143
3,Selvær,1,1014,3101,3101,8N73448,11,Leka,0.00032380558301128615,580,0.18644882275849137,300,139
3,Selvær,1,1014,4583,4583,8747526,6,Indre Kvarøy,0.00032373312534400014,581,0.18644882275849137,300,142
3,Selvær,1,1014,4797,4797,8800450,0,Nesøy,0.00032344784465085076,582,0.18644882275849137,300,147
3,Selvær,1,1014,5309,5309,8943106,10,Aldra,0.00032324326507001647,583,0.18644882275849137,300,141
3,Selvær,1,1014,465,465,8M71332,12,Vega,0.00032262174578742497,584,0.18644882275849137,300,138
3,Selvær,1,1014,1342,1342,8N05254,13,Vikna,0.0003218712053173791,585,0.18644882275849137,300,145
3,Selvær,1,1014,1341,1341,8N05253,13,Vikna,0.00032127533067082806,586,0.18644882275849137,300,153
3,Selvær,1,1014,4165,4165,8309141,5,Hestmannøy,0.0003210126325458262,587,0.18644882275849137,300,138
3,Selvær,1,1014,2210,2210,8N14627,13,Vikna,0.00032086395033737423,588,0.18644882275849137,300,137
3,Selvær,1,1014,186,186,8L48344,0,Nesøy,0.0003195933420610249,589,0.18644882275849137,300,146
3,Selvær,1,1014,685,685,8M31262,5,Hestmannøy,0.0003195770641580826,590,0.18644882275849137,300,152
3,Selvær,1,1014,2655,2655,8N42143,2,Træna,0.00031950574938187446,591,0.18644882275849137,300,135
3,Selvær,1,1014,2335,2335,8N27069,14,Lauvøya,0.00031884606366058816,592,0.18644882275849137,300,147
3,Selvær,1,1014,4620,4620,8747692,0,Nesøy,0.0003184063752325948,593,0.18644882275849137,300,142
3,Selvær,1,1014,4553,4553,8747263,5,Hestmannøy,0.000317569530592978,594,0.18644882275849137,300,140
3,Selvær,1,1014,943,943,8M71363,14,Lauvøya,0.00031720675430465563,595,0.18644882275849137,300,144
3,Selvær,1,1014,4700,4700,8794339,9,Sleneset,0.00031719582856236156,596,0.18644882275849137,300,146
3,Selvær,1,1014,2794,2794,8N72045,2,Træna,0.000316668745014921,597,0.18644882275849137,300,139
3,Selvær,1,1014,2225,2225,8N14644,13,Vikna,0.0003164212037198462,598,0.18644882275849137,300,146
3,Selvær,1,1014,1208,1208,8N05118,12,Vega,0.0003162845721280689,599,0.18644882275849137,300,142
3,Selvær,1,1014,2014,2014,8N14003,6,Indre Kvarøy,0.00031593439696652283,600,0.18644882275849137,300,141
3,Selvær,1,1014,1200,1200,8N05110,12,Vega,0.0003156171075875945,601,0.18644882275849137,300,140
3,Selvær,1,1014,1461,1461,8N05638,14,Lauvøya,0.00031561118834762524,602,0.18644882275849137,300,140
3,Selvær,1,1014,3700,3700,8N87916,13,Vikna,0.0003145695238677669,603,0.18644882275849137,300,149
3,Selvær,1,1014,1163,1163,8M72934,5,Hestmannøy,0.00031456082383016676,604,0.18644882275849137,300,138
3,Selvær,1,1014,3396,3396,8N73999,14,Lauvøya,0.0003145525461226964,605,0.18644882275849137,300,131
3,Selvær,1,1014,3003,3003,8N73196,14,Lauvøya,0.0003141600806733954,606,0.18644882275849137,300,147
3,Selvær,1,1014,1324,1324,8N05235,12,Vega,0.0003139648052268575,607,0.18644882275849137,300,145
3,Selvær,1,1014,5210,5210,8939366,7,Onøy og Lurøy,0.0003138828934429172,608,0.18644882275849137,300,147
3,Selvær,1,1014,704,704,8M31327,5,Hestmannøy,0.0003138499486394007,609,0.18644882275849137,300,141
3,Selvær,1,1014,3582,3582,8N87749,4,Gjerøy,0.0003136210658035785,610,0.18644882275849137,300,141
3,Selvær,1,1014,580,580,8L89507,5,Hestmannøy,0.0003128280831959539,611,0.18644882275849137,300,143
3,Selvær,1,1014,3009,3009,8N73208,12,Vega,0.00031264131947592695,612,0.18644882275849137,300,145
3,Selvær,1,1014,1490,1490,8N05362,14,Lauvøya,0.00031226027647579546,613,0.18644882275849137,300,136
3,Selvær,1,1014,1722,1722,8N06787,5,Hestmannøy,0.00031215871049354154,614,0.18644882275849137,300,149
3,Selvær,1,1014,3269,3269,8N73687,13,Vikna,0.0003114438058029352,615,0.18644882275849137,300,138
3,Selvær,1,1014,2313,2313,8N14969,7,Onøy og Lurøy,0.00031142254051868455,616,0.18644882275849137,300,142
3,Selvær,1,1014,1021,1021,8M31944,6,Indre Kvarøy,0.0003108931915305966,617,0.18644882275849137,300,138
3,Selvær,1,1014,4100,4100,8P26541,2,Træna,0.00031088782794643974,618,0.18644882275849137,300,138
3,Selvær,1,1014,4007,4007,8P14859,14,Lauvøya,0.00031064465219992406,619,0.18644882275849137,300,152
3,Selvær,1,1014,226,226,8L48608,6,Indre Kvarøy,0.0003101076730558327,620,0.18644882275849137,300,138
3,Selvær,1,1014,5376,5376,8981033,4,Gjerøy,0.0003099933551960417,621,0.18644882275849137,300,140
3,Selvær,1,1014,5334,5334,8943486,5,Hestmannøy,0.0003098535492092834,622,0.18644882275849137,300,148
3,Selvær,1,1014,4997,4997,8887379,4,Gjerøy,0.0003095580050348095,623,0.18644882275849137,300,148
3,Selvær,1,1014,744,744,8M31543,6,Indre Kvarøy,0.00030944492835772004,624,0.18644882275849137,300,137
3,Selvær,1,1014,5056,5056,8934046,9,Sleneset,0.0003093903940645463,625,0.18644882275849137,300,136
3,Selvær,1,1014,3349,3349,8N73952,12,Vega,0.0003092019632280339,626,0.18644882275849137,300,145
3,Selvær,1,1014,33,33,8L19928,10,Aldra,0.0003085895345370358,627,0.18644882275849137,300,141
3,Selvær,1,1014,3201,3201,8N73619,13,Vikna,0.0003082325136777971,628,0.18644882275849137,300,139
3,Selvær,1,1014,4881,4881,8857202,4,Gjerøy,0.0003082105731167141,629,0.18644882275849137,300,140
3,Selvær,1,1014,2041,2041,8N14109,6,Indre Kvarøy,0.000308048611502829,630,0.18644882275849137,300,138
3,Selvær,1,1014,748,748,8M31548,6,Indre Kvarøy,0.0003078630579415902,631,0.18644882275849137,300,144
3,Selvær,1,1014,1079,1079,8M72593,11,Leka,0.0003078179615441645,632,0.18644882275849137,300,152
3,Selvær,1,1014,4427,4427,8730537,5,Hestmannøy,0.00030776546908275906,633,0.18644882275849137,300,138
3,Selvær,1,1014,3982,3982,8P14817,14,Lauvøya,0.00030766248688131017,634,0.18644882275849137,300,135
3,Selvær,1,1014,5265,5265,8939745,5,Hestmannøy,0.0003071013698307193,635,0.18644882275849137,300,145
3,Selvær,1,1014,5130,5130,8934525,1,Myken,0.0003068559820732937,636,0.18644882275849137,300,153
3,Selvær,1,1014,5089,5089,8934285,7,Onøy og Lurøy,0.00030682750893644043,637,0.18644882275849137,300,143
3,Selvær,1,1014,1055,1055,8M72529,11,Leka,0.0003067789005631315,638,0.18644882275849137,300,143
3,Selvær,1,1014,1210,1210,8N05120,14,Lauvøya,0.00030665877480805725,639,0.18644882275849137,300,144
3,Selvær,1,1014,326,326,8L52379,11,Leka,0.0003066379291782453,640,0.18644882275849137,300,145
3,Selvær,1,1014,4633,4633,8747726,5,Hestmannøy,0.0003064387148525512,641,0.18644882275849137,300,141
3,Selvær,1,1014,3137,3137,8N73485,11,Leka,0.00030594192711491235,642,0.18644882275849137,300,136
3,Selvær,1,1014,918,918,8M71310,5,Hestmannøy,0.0003058244572079772,643,0.18644882275849137,300,142
3,Selvær,1,1014,2434,2434,8N27474,2,Træna,0.0003052887849443535,644,0.18644882275849137,300,147
3,Selvær,1,1014,1172,1172,8M72965,0,Nesøy,0.0003048013168301829,645,0.18644882275849137,300,141
3,Selvær,1,1014,3775,3775,8N88000,13,Vikna,0.00030463055988529347,646,0.18644882275849137,300,136
3,Selvær,1,1014,307,307,8L52344,11,Leka,0.0003044027653430175,647,0.18644882275849137,300,137
3,Selvær,1,1014,3600,3600,8N87812,14,Lauvøya,0.00030434288846303994,648,0.18644882275849137,300,144
3,Selvær,1,1014,551,551,8L89376,5,Hestmannøy,0.0003043030001619901,649,0.18644882275849137,300,144
3,Selvær,1,1014,2553,2553,8N28510,2,Træna,0.00030350318171881366,650,0.18644882275849137,300,133
3,Selvær,1,1014,4070,4070,8P14992,14,Lauvøya,0.0003034948918523379,651,0.18644882275849137,300,141
3,Selvær,1,1014,5313,5313,8943121,5,Hestmannøy,0.0003032399824455674,652,0.18644882275849137,300,155
3,Selvær,1,1014,4285,4285,8668476,5,Hestmannøy,0.0003030671143052514,653,0.18644882275849137,300,142
3,Selvær,1,1014,3552,3552,8N87608,14,Lauvøya,0.00030297043045127007,654,0.18644882275849137,300,140
3,Selvær,1,1014,3679,3679,8N87894,13,Vikna,0.00030291211538785017,655,0.18644882275849137,300,144
3,Selvær,1,1014,928,928,8M71328,11,Leka,0.00030257883377606074,656,0.18644882275849137,300,143
3,Selvær,1,1014,5180,5180,8939124,4,Gjerøy,0.0003025254635679524,657,0.18644882275849137,300,140
3,Selvær,1,1014,733,733,8M31497,4,Gjerøy,0.0003022099177629109,658,0.18644882275849137,300,144
3,Selvær,1,1014,4883,4883,8857208,4,Gjerøy,0.0003020445731084714,659,0.18644882275849137,300,147
3,Selvær,1,1014,2475,2475,8N27906,6,Indre Kvarøy,0.0003019574255407677,660,0.18644882275849137,300,145
3,Selvær,1,1014,560,560,8L89391,4,Gjerøy,0.00030194746367692227,661,0.18644882275849137,300,147
3,Selvær,1,1014,4081,4081,8P15000,14,Lauvøya,0.0003018966139298204,662,0.18644882275849137,300,140
3,Selvær,1,1014,790,790,8L89550,12,Vega,0.0003017310341322503,663,0.18644882275849137,300,137
3,Selvær,1,1014,1367,1367,8N05279,13,Vikna,0.00030146147464967595,664,0.18644882275849137,300,140
3,Selvær,1,1014,4440,4440,8732211,5,Hestmannøy,0.00030144218874273874,665,0.18644882275849137,300,145
3,Selvær,1,1014,2780,2780,8N42985,14,Lauvøya,0.00030125504367896843,666,0.18644882275849137,300,138
3,Selvær,1,1014,2449,2449,8N27748,2,Træna,0.00030085871079942495,667,0.18644882275849137,300,149
3,Selvær,1,1014,1916,1916,8N13653,14,Lauvøya,0.0003008556930684463,668,0.18644882275849137,300,138
3,Selvær,1,1014,2358,2358,8N27092,14,Lauvøya,0.00030053295786718797,669,0.18644882275849137,300,157
3,Selvær,1,1014,2528,2528,8N28281,2,Træna,0.0003004022916856978,670,0.18644882275849137,300,152
3,Selvær,1,1014,3342,3342,8N73945,12,Vega,0.00029994253860829076,671,0.18644882275849137,300,145
3,Selvær,1,1014,3637,3637,8N87851,14,Lauvøya,0.00029988768544392426,672,0.18644882275849137,300,137
3,Selvær,1,1014,1934,1934,8N13672,13,Vikna,0.0002998657833910223,673,0.18644882275849137,300,133
3,Selvær,1,1014,3496,3496,8N87548,11,Leka,0.0002998259125442989,674,0.18644882275849137,300,142
3,Selvær,1,1014,153,153,8L30782,4,Gjerøy,0.0002997555923693324,675,0.18644882275849137,300,134
3,Selvær,1,1014,1381,1381,8N05294,13,Vikna,0.0002996959231084405,676,0.18644882275849137,300,137
3,Selvær,1,1014,357,357,8L52535,5,Hestmannøy,0.0002992496209950141,677,0.18644882275849137,300,141
3,Selvær,1,1014,940,940,8M71360,12,Vega,0.00029829938185804754,678,0.18644882275849137,300,145
3,Selvær,1,1014,4228,4228,8573915,2,Træna,0.00029747582666813624,679,0.18644882275849137,300,139
3,Selvær,1,1014,3860,3860,8P11634,2,Træna,0.0002973111279535976,680,0.18644882275849137,300,153
3,Selvær,1,1014,4152,4152,8168661,1,Myken,0.00029650368942852744,681,0.18644882275849137,300,142
3,Selvær,1,1014,2343,2343,8N27077,14,Lauvøya,0.0002963796388935648,682,0.18644882275849137,300,138
3,Selvær,1,1014,1622,1622,8N06387,5,Hestmannøy,0.00029625763402899794,683,0.18644882275849137,300,137
3,Selvær,1,1014,4491,4491,8732644,5,Hestmannøy,0.00029623805331599484,684,0.18644882275849137,300,146
3,Selvær,1,1014,5352,5352,8800422,10,Aldra,0.00029601209281897225,685,0.18644882275849137,300,145
3,Selvær,1,1014,5430,5430,8981345,11,Leka,0.0002959884094143962,686,0.18644882275849137,300,142
3,Selvær,1,1014,223,223,8L48598,2,Træna,0.00029589167458499025,687,0.18644882275849137,300,144
3,Selvær,1,1014,1498,1498,8N05675,14,Lauvøya,0.0002958398318715699,688,0.18644882275849137,300,143
3,Selvær,1,1014,375,375,8L52680,9,Sleneset,0.0002955679042249748,689,0.18644882275849137,300,151
3,Selvær,1,1014,2134,2134,8N14550,11,Leka,0.000295551485502634,690,0.18644882275849137,300,141
3,Selvær,1,1014,477,477,8M71108,13,Vikna,0.00029544816955254916,691,0.18644882275849137,300,142
3,Selvær,1,1014,3682,3682,8N87897,13,Vikna,0.0002953389617311101,692,0.18644882275849137,300,135
3,Selvær,1,1014,4116,4116,8P26704,7,Onøy og Lurøy,0.00029474942278622364,693,0.18644882275849137,300,137
3,Selvær,1,1014,2363,2363,8N27097,8,Lovund,0.0002946552787667316,694,0.18644882275849137,300,149
3,Selvær,1,1014,4945,4945,8887036,9,Sleneset,0.00029442354070093095,695,0.18644882275849137,300,136
3,Selvær,1,1014,1562,1562,8N05864,11,Leka,0.00029386346332256884,696,0.18644882275849137,300,145
3,Selvær,1,1014,135,135,8L30759,11,Leka,0.0002936297021958721,697,0.18644882275849137,300,146
3,Selvær,1,1014,1197,1197,8N05107,12,Vega,0.00029324143565720597,698,0.18644882275849137,300,146
3,Selvær,1,1014,3674,3674,8N87889,13,Vikna,0.0002931995955633135,699,0.18644882275849137,300,139
3,Selvær,1,1014,5269,5269,8939750,5,Hestmannøy,0.00029218600592903726,700,0.18644882275849137,300,142
3,Selvær,1,1014,3789,3789,8P11393,14,Lauvøya,0.0002917980979009449,701,0.18644882275849137,300,148
3,Selvær,1,1014,3295,3295,8N73824,6,Indre Kvarøy,0.00029024741715030804,702,0.18644882275849137,300,149
3,Selvær,1,1014,4202,4202,8414527,2,Træna,0.00028991125707047494,703,0.18644882275849137,300,146
3,Selvær,1,1014,2362,2362,8N27096,8,Lovund,0.00028983009663994944,704,0.18644882275849137,300,139
3,Selvær,1,1014,4687,4687,8747974,5,Hestmannøy,0.0002896493044566597,705,0.18644882275849137,300,141
3,Selvær,1,1014,554,554,8L89380,5,Hestmannøy,0.00028962732279545766,706,0.18644882275849137,300,148
3,Selvær,1,1014,2373,2373,8N27141,7,Onøy og Lurøy,0.00028944114025176336,707,0.18644882275849137,300,144
3,Selvær,1,1014,3057,3057,8N73304,14,Lauvøya,0.00028935852244446457,708,0.18644882275849137,300,148
3,Selvær,1,1014,1748,1748,8N06843,11,Leka,0.00028924130854435074,709,0.18644882275849137,300,141
3,Selvær,1,1014,3606,3606,8N87818,14,Lauvøya,0.0002887201784789977,710,0.18644882275849137,300,146
3,Selvær,1,1014,2018,2018,8N14007,6,Indre Kvarøy,0.00028856058089226435,711,0.18644882275849137,300,138
3,Selvær,1,1014,3306,3306,8N73909,11,Leka,0.0002877528553830824,712,0.18644882275849137,300,153
3,Selvær,1,1014,2168,2168,8N14585,11,Leka,0.00028757929503282564,713,0.18644882275849137,300,145
3,Selvær,1,1014,4682,4682,8747940,4,Gjerøy,0.000287228539784201,714,0.18644882275849137,300,141
3,Selvær,1,1014,2310,2310,8N14966,7,Onøy og Lurøy,0.00028689930799130793,715,0.18644882275849137,300,146
3,Selvær,1,1014,3724,3724,8N87940,13,Vikna,0.0002865265418483979,716,0.18644882275849137,300,141
3,Selvær,1,1014,4203,4203,8414806,5,Hestmannøy,0.0002864237323500707,717,0.18644882275849137,300,151
3,Selvær,1,1014,4010,4010,8P14862,14,Lauvøya,0.00028637032193689103,718,0.18644882275849137,300,134
3,Selvær,1,1014,5333,5333,8943485,5,Hestmannøy,0.0002863579021685794,719,0.18644882275849137,300,135
3,Selvær,1,1014,4189,4189,8309266,5,Hestmannøy,0.00028577999554114925,720,0.18644882275849137,300,151
3,Selvær,1,1014,4489,4489,8732637,5,Hestmannøy,0.00028558227647249387,721,0.18644882275849137,300,150
3,Selvær,1,1014,953,953,8M71396,12,Vega,0.00028525217929946384,722,0.18644882275849137,300,133
3,Selvær,1,1014,2894,2894,8N72746,5,Hestmannøy,0.0002850245509478587,723,0.18644882275849137,300,153
3,Selvær,1,1014,1651,1651,8N06482,12,Vega,0.00028502431437562887,724,0.18644882275849137,300,143
3,Selvær,1,1014,1009,1009,8M71865,5,Hestmannøy,0.00028483106187229503,725,0.18644882275849137,300,138
3,Selvær,1,1014,2311,2311,8N14967,7,Onøy og Lurøy,0.00028452976762014296,726,0.18644882275849137,300,152
3,Selvær,1,1014,4917,4917,8732262,1,Myken,0.00028447760433527946,727,0.18644882275849137,300,152
3,Selvær,1,1014,1804,1804,8N06917,5,Hestmannøy,0.0002840390449648994,728,0.18644882275849137,300,149
3,Selvær,1,1014,2997,2997,8N73190,14,Lauvøya,0.0002836581652698294,729,0.18644882275849137,300,150
3,Selvær,1,1014,1889,1889,8N13624,14,Lauvøya,0.00028334733400642135,730,0.18644882275849137,300,146
3,Selvær,1,1014,3602,3602,8N87814,14,Lauvøya,0.0002832903502879947,731,0.18644882275849137,300,147
3,Selvær,1,1014,1923,1923,8N13660,13,Vikna,0.00028321309990830254,732,0.18644882275849137,300,155
3,Selvær,1,1014,4952,4952,8887220,4,Gjerøy,0.0002824074992486072,733,0.18644882275849137,300,153
3,Selvær,1,1014,627,627,8L89714,4,Gjerøy,0.00028233109870425856,734,0.18644882275849137,300,152
3,Selvær,1,1014,1839,1839,8N13355,2,Træna,0.000282164798573444,735,0.18644882275849137,300,147
3,Selvær,1,1014,1413,1413,8N05464,5,Hestmannøy,0.0002814955062618354,736,0.18644882275849137,300,133
3,Selvær,1,1014,2322,2322,8N14984,6,Indre Kvarøy,0.00028145362728069476,737,0.18644882275849137,300,152
3,Selvær,1,1014,3164,3164,8N73513,7,Onøy og Lurøy,0.00028142617422427155,738,0.18644882275849137,300,159
3,Selvær,1,1014,3354,3354,8N73957,12,Vega,0.0002812493968136752,739,0.18644882275849137,300,143
3,Selvær,1,1014,3070,3070,8N73320,14,Lauvøya,0.00028105766606596007,740,0.18644882275849137,300,144
3,Selvær,1,1014,4605,4605,8747603,4,Gjerøy,0.0002809803275271002,741,0.18644882275849137,300,140
3,Selvær,1,1014,197,197,8L48443,5,Hestmannøy,0.00028036980952716236,742,0.18644882275849137,300,149
3,Selvær,1,1014,3436,3436,8N87264,8,Lovund,0.0002802312401848451,743,0.18644882275849137,300,134
3,Selvær,1,1014,1252,1252,8N05162,12,Vega,0.0002800362752584219,744,0.18644882275849137,300,144
3,Selvær,1,1014,575,575,8L89470,6,Indre Kvarøy,0.00028000835156475023,745,0.18644882275849137,300,147
3,Selvær,1,1014,1950,1950,8N13688,13,Vikna,0.0002789012374618677,746,0.18644882275849137,300,139
3,Selvær,1,1014,809,809,8M31863,6,Indre Kvarøy,0.0002784479039087888,747,0.18644882275849137,300,157
3,Selvær,1,1014,5198,5198,8939278,12,Vega,0.000278061513689773,748,0.18644882275849137,300,147
3,Selvær,1,1014,511,511,8M31815,12,Vega,0.0002775316199987233,749,0.18644882275849137,300,148
3,Selvær,1,1014,1631,1631,8N06462,12,Vega,0.0002774021979091139,750,0.18644882275849137,300,134
3,Selvær,1,1014,3483,3483,8N87535,11,Leka,0.0002772459636875006,751,0.18644882275849137,300,152
3,Selvær,1,1014,3879,3879,8P11834,14,Lauvøya,0.000276919975736248,752,0.18644882275849137,300,148
3,Selvær,1,1014,5046,5046,8917953,2,Træna,0.0002768230542354193,753,0.18644882275849137,300,137
3,Selvær,1,1014,786,786,8M31780,11,Leka,0.000276802662254894,754,0.18644882275849137,300,139
3,Selvær,1,1014,1244,1244,8N05155,12,Vega,0.0002764823317457158,755,0.18644882275849137,300,149
3,Selvær,1,1014,3394,3394,8N73997,14,Lauvøya,0.0002762006171532194,756,0.18644882275849137,300,139
3,Selvær,1,1014,899,899,8M71277,4,Gjerøy,0.0002757039540066315,757,0.18644882275849137,300,150
3,Selvær,1,1014,425,425,8L64055,11,Leka,0.00027548468397305034,758,0.18644882275849137,300,151
3,Selvær,1,1014,713,713,8M31356,5,Hestmannøy,0.000275128921938066,759,0.18644882275849137,300,148
3,Selvær,1,1014,4322,4322,8681068,9,Sleneset,0.00027496647875165927,760,0.18644882275849137,300,143
3,Selvær,1,1014,1925,1925,8N13663,13,Vikna,0.00027473675398114947,761,0.18644882275849137,300,143
3,Selvær,1,1014,726,726,8M31452,5,Hestmannøy,0.0002746244063634854,762,0.18644882275849137,300,146
3,Selvær,1,1014,2461,2461,8N27869,6,Indre Kvarøy,0.00027448943668637634,763,0.18644882275849137,300,144
3,Selvær,1,1014,4071,4071,8P14988,14,Lauvøya,0.00027445181749597087,764,0.18644882275849137,300,146
3,Selvær,1,1014,2957,2957,8N72957,13,Vikna,0.000274219767866771,765,0.18644882275849137,300,143
3,Selvær,1,1014,4697,4697,8794313,8,Lovund,0.0002738643831641178,766,0.18644882275849137,300,133
3,Selvær,1,1014,3284,3284,8N73740,14,Lauvøya,0.00027349532352939106,767,0.18644882275849137,300,149
3,Selvær,1,1014,279,279,8L52212,5,Hestmannøy,0.0002734813340971295,768,0.18644882275849137,300,139
3,Selvær,1,1014,4723,4723,8800046,5,Hestmannøy,0.0002731736000326721,769,0.18644882275849137,300,156
3,Selvær,1,1014,4372,4372,8681393,7,Onøy og Lurøy,0.0002731370061340898,770,0.18644882275849137,300,143
3,Selvær,1,1014,3769,3769,8N87985,13,Vikna,0.0002727838855549563,771,0.18644882275849137,300,145
3,Selvær,1,1014,1854,1854,8N13479,8,Lovund,0.00027243259780802815,772,0.18644882275849137,300,148
3,Selvær,1,1014,2898,2898,8N72802,14,Lauvøya,0.0002721554331794901,773,0.18644882275849137,300,127
3,Selvær,1,1014,1399,1399,8N05365,8,Lovund,0.0002720859181444994,774,0.18644882275849137,300,141
3,Selvær,1,1014,3669,3669,8N87884,13,Vikna,0.00027205771565173213,775,0.18644882275849137,300,140
3,Selvær,1,1014,1319,1319,8N05230,12,Vega,0.00027197112031652576,776,0.18644882275849137,300,149
3,Selvær,1,1014,4754,4754,8800177,6,Indre Kvarøy,0.0002715738789701212,777,0.18644882275849137,300,148
3,Selvær,1,1014,932,932,8M71344,12,Vega,0.0002715551768267879,778,0.18644882275849137,300,140
3,Selvær,1,1014,3906,3906,8P14086,9,Sleneset,0.00027141707899253016,779,0.18644882275849137,300,144
3,Selvær,1,1014,1107,1107,8M72673,4,Gjerøy,0.00027118650163353346,780,0.18644882275849137,300,140
3,Selvær,1,1014,4139,4139,8168632,7,Onøy og Lurøy,0.00027056212833323116,781,0.18644882275849137,300,142
3,Selvær,1,1014,5409,5409,8981267,5,Hestmannøy,0.0002703775683371924,782,0.18644882275849137,300,140
3,Selvær,1,1014,807,807,8M31844,0,Nesøy,0.0002699358434359859,783,0.18644882275849137,300,138
3,Selvær,1,1014,1682,1682,8N06581,4,Gjerøy,0.0002696588325255135,784,0.18644882275849137,300,152
3,Selvær,1,1014,2524,2524,8N28246,7,Onøy og Lurøy,0.000269447367479528,785,0.18644882275849137,300,151
3,Selvær,1,1014,594,594,8L89547,12,Vega,0.0002694356092578368,786,0.18644882275849137,300,139
3,Selvær,1,1014,1665,1665,8N06496,12,Vega,0.0002692639614239964,787,0.18644882275849137,300,143
3,Selvær,1,1014,5146,5146,8934855,4,Gjerøy,0.00026921097088528014,788,0.18644882275849137,300,149
3,Selvær,1,1014,3073,3073,8N73370,2,Træna,0.0002687316116481421,789,0.18644882275849137,300,153
3,Selvær,1,1014,491,491,8L64873,14,Lauvøya,0.00026844626280842843,790,0.18644882275849137,300,143
3,Selvær,1,1014,3755,3755,8N87971,13,Vikna,0.0002683071902005038,791,0.18644882275849137,300,143
3,Selvær,1,1014,4413,4413,8730461,8,Lovund,0.0002681216604958696,792,0.18644882275849137,300,148
3,Selvær,1,1014,2079,2079,8N14295,14,Lauvøya,0.00026782296487202237,793,0.18644882275849137,300,142
3,Selvær,1,1014,2354,2354,8N27088,14,Lauvøya,0.0002678165773580007,794,0.18644882275849137,300,149
3,Selvær,1,1014,799,799,8M31820,12,Vega,0.00026777739025965914,795,0.18644882275849137,300,147
3,Selvær,1,1014,4290,4290,8681003,4,Gjerøy,0.00026719524918503054,796,0.18644882275849137,300,146
3,Selvær,1,1014,2490,2490,8N27964,1,Myken,0.00026695065991704225,797,0.18644882275849137,300,143
3,Selvær,1,1014,4533,4533,8747117,6,Indre Kvarøy,0.00026610886121988987,798,0.18644882275849137,300,148
3,Selvær,1,1014,5136,5136,8934547,5,Hestmannøy,0.0002660762334706303,799,0.18644882275849137,300,156
3,Selvær,1,1014,2543,2543,8N28418,4,Gjerøy,0.00026600830311012167,800,0.18644882275849137,300,129
3,Selvær,1,1014,1506,1506,8N05683,14,Lauvøya,0.00026573341854186516,801,0.18644882275849137,300,136
3,Selvær,1,1014,371,371,8L52603,9,Sleneset,0.00026558960341632515,802,0.18644882275849137,300,133
3,Selvær,1,1014,613,613,8L89652,5,Hestmannøy,0.000265318540573837,803,0.18644882275849137,300,142
3,Selvær,1,1014,819,819,8M31922,5,Hestmannøy,0.00026516760386504897,804,0.18644882275849137,300,150
3,Selvær,1,1014,4414,4414,8730462,8,Lovund,0.00026503628035280983,805,0.18644882275849137,300,147
3,Selvær,1,1014,5379,5379,8981046,12,Vega,0.00026470621953332714,806,0.18644882275849137,300,151
3,Selvær,1,1014,848,848,8M71077,4,Gjerøy,0.0002646582240424087,807,0.18644882275849137,300,141
3,Selvær,1,1014,2495,2495,8N28001,2,Træna,0.00026408225569305154,808,0.18644882275849137,300,142
3,Selvær,1,1014,3112,3112,8N73459,11,Leka,0.00026368250485807917,809,0.18644882275849137,300,126
3,Selvær,1,1014,645,645,8L89755,5,Hestmannøy,0.0002635637181140045,810,0.18644882275849137,300,147
3,Selvær,1,1014,69,69,8L26591,5,Hestmannøy,0.0002635532703564038,811,0.18644882275849137,300,148
3,Selvær,1,1014,1905,1905,8N13642,14,Lauvøya,0.00026353739948541615,812,0.18644882275849137,300,146
3,Selvær,1,1014,924,924,8M71323,11,Leka,0.00026330219920752394,813,0.18644882275849137,300,150
3,Selvær,1,1014,415,415,8L57950,13,Vikna,0.0002629797143414252,814,0.18644882275849137,300,134
3,Selvær,1,1014,3690,3690,8N87905,13,Vikna,0.00026276727433282757,815,0.18644882275849137,300,137
3,Selvær,1,1014,3259,3259,8N73677,13,Vikna,0.0002626811379620258,816,0.18644882275849137,300,144
3,Selvær,1,1014,3142,3142,8N73490,12,Vega,0.00026260638149638686,817,0.18644882275849137,300,155
3,Selvær,1,1014,2454,2454,8N27825,6,Indre Kvarøy,0.0002622249854736354,818,0.18644882275849137,300,139
3,Selvær,1,1014,2507,2507,8N28082,2,Træna,0.00026204814238547144,819,0.18644882275849137,300,135
3,Selvær,1,1014,336,336,8L52392,12,Vega,0.0002617936259576987,820,0.18644882275849137,300,135
3,Selvær,1,1014,1974,1974,8N13857,14,Lauvøya,0.00026162822615873987,821,0.18644882275849137,300,139
3,Selvær,1,1014,1714,1714,8N06736,5,Hestmannøy,0.0002616159367574752,822,0.18644882275849137,300,154
3,Selvær,1,1014,2106,2106,8N14521,11,Leka,0.0002613207170563976,823,0.18644882275849137,300,133
3,Selvær,1,1014,3693,3693,8N87908,13,Vikna,0.00026118915860238724,824,0.18644882275849137,300,140
3,Selvær,1,1014,1503,1503,8N05680,14,Lauvøya,0.00026074070820246594,825,0.18644882275849137,300,139
3,Selvær,1,1014,4540,4540,8747182,2,Træna,0.0002597329541972399,826,0.18644882275849137,300,141
3,Selvær,1,1014,4670,4670,8747872,6,Indre Kvarøy,0.00025972713249996685,827,0.18644882275849137,300,140
3,Selvær,1,1014,3617,3617,8N87829,14,Lauvøya,0.00025936131644143995,828,0.18644882275849137,300,143
3,Selvær,1,1014,5126,5126,8934484,2,Træna,0.00025912114059599374,829,0.18644882275849137,300,144
3,Selvær,1,1014,319,319,8L52362,11,Leka,0.00025908155932176114,830,0.18644882275849137,300,136
3,Selvær,1,1014,2893,2893,8N72738,4,Gjerøy,0.00025906408961265875,831,0.18644882275849137,300,140
3,Selvær,1,1014,3362,3362,8N73965,12,Vega,0.00025889438734369956,832,0.18644882275849137,300,151
3,Selvær,1,1014,811,811,8M31869,5,Hestmannøy,0.0002586510492089034,833,0.18644882275849137,300,145
3,Selvær,1,1014,1235,1235,8N05145,12,Vega,0.0002585460025593381,834,0.18644882275849137,300,153
3,Selvær,1,1014,5365,5365,8981009,5,Hestmannøy,0.0002573314465070461,835,0.18644882275849137,300,135
3,Selvær,1,1014,5169,5169,8939085,5,Hestmannøy,0.00025682897527614913,836,0.18644882275849137,300,149
3,Selvær,1,1014,4385,4385,8681462,5,Hestmannøy,0.0002568194302407368,837,0.18644882275849137,300,149
3,Selvær,1,1014,407,407,8L57876,5,Hestmannøy,0.00025657021877321896,838,0.18644882275849137,300,143
3,Selvær,1,1014,3107,3107,8N73454,11,Leka,0.0002564600043449942,839,0.18644882275849137,300,141
3,Selvær,1,1014,3094,3094,8N73441,11,Leka,0.0002561784789750598,840,0.18644882275849137,300,147
3,Selvær,1,1014,3089,3089,8N73436,11,Leka,0.000256089948310661,841,0.18644882275849137,300,139
3,Selvær,1,1014,4742,4742,8800134,9,Sleneset,0.0002560344970572547,842,0.18644882275849137,300,141
3,Selvær,1,1014,3892,3892,8P14012,8,Lovund,0.0002556921909703229,843,0.18644882275849137,300,143
3,Selvær,1,1014,268,268,8L49974,5,Hestmannøy,0.00025549085637701713,844,0.18644882275849137,300,134
3,Selvær,1,1014,2796,2796,8N72065,2,Træna,0.0002551706407756961,845,0.18644882275849137,300,134
3,Selvær,1,1014,2755,2755,8N42733,4,Gjerøy,0.0002551560923531102,846,0.18644882275849137,300,140
3,Selvær,1,1014,2542,2542,8N28406,8,Lovund,0.00025510478487002095,847,0.18644882275849137,300,133
3,Selvær,1,1014,3560,3560,8N87619,14,Lauvøya,0.0002549090873605534,848,0.18644882275849137,300,140
3,Selvær,1,1014,2437,2437,8N27551,5,Hestmannøy,0.000254753331765501,849,0.18644882275849137,300,143
3,Selvær,1,1014,3658,3658,8N87873,13,Vikna,0.00025449458217406066,850,0.18644882275849137,300,157
3,Selvær,1,1014,4338,4338,8681175,4,Gjerøy,0.0002542001981691251,851,0.18644882275849137,300,145
3,Selvær,1,1014,2080,2080,8N14296,14,Lauvøya,0.00025403099809205435,852,0.18644882275849137,300,141
3,Selvær,1,1014,245,245,8L48754,11,Leka,0.00025373324396106475,853,0.18644882275849137,300,134
3,Selvær,1,1014,3666,3666,8N87881,13,Vikna,0.0002534452252678456,854,0.18644882275849137,300,138
3,Selvær,1,1014,4132,4132,8168603,10,Aldra,0.00025339748489596793,855,0.18644882275849137,300,138
3,Selvær,1,1014,5190,5190,8939175,0,Nesøy,0.00025331221007196704,856,0.18644882275849137,300,143
3,Selvær,1,1014,2591,2591,8N28771,5,Hestmannøy,0.00025296705217092187,857,0.18644882275849137,300,136
3,Selvær,1,1014,4871,4871,8816954,4,Gjerøy,0.0002525049587530273,858,0.18644882275849137,300,145
3,Selvær,1,1014,3967,3967,8P14606,7,Onøy og Lurøy,0.00025232615826014786,859,0.18644882275849137,300,155
3,Selvær,1,1014,5222,5222,8939379,7,Onøy og Lurøy,0.00025183191733540777,860,0.18644882275849137,300,124
3,Selvær,1,1014,536,536,8L89324,5,Hestmannøy,0.0002516349069885918,861,0.18644882275849137,300,132
3,Selvær,1,1014,1174,1174,8M72972,5,Hestmannøy,0.0002515948946817603,862,0.18644882275849137,300,146
3,Selvær,1,1014,295,295,8L52321,12,Vega,0.0002507703787227217,863,0.18644882275849137,300,147
3,Selvær,1,1014,1624,1624,8N06395,4,Gjerøy,0.0002506616595743052,864,0.18644882275849137,300,154
3,Selvær,1,1014,5223,5223,8939381,7,Onøy og Lurøy,0.00025029507290391445,865,0.18644882275849137,300,148
3,Selvær,1,1014,2285,2285,8N14904,4,Gjerøy,0.0002502590034497425,866,0.18644882275849137,300,146
3,Selvær,1,1014,3442,3442,8N87274,8,Lovund,0.0002497722893952802,867,0.18644882275849137,300,151
3,Selvær,1,1014,4974,4974,8887304,7,Onøy og Lurøy,0.0002497430963722755,868,0.18644882275849137,300,150
3,Selvær,1,1014,5036,5036,8917812,8,Lovund,0.00024966143952493,869,0.18644882275849137,300,143
3,Selvær,1,1014,2786,2786,8N42990,14,Lauvøya,0.0002495642610107944,870,0.18644882275849137,300,141
3,Selvær,1,1014,3877,3877,8P11803,14,Lauvøya,0.0002490298272966325,871,0.18644882275849137,300,153
3,Selvær,1,1014,1755,1755,8N06850,11,Leka,0.00024867707515734345,872,0.18644882275849137,300,131
3,Selvær,1,1014,299,299,8L52329,12,Vega,0.0002483564508880431,873,0.18644882275849137,300,139
3,Selvær,1,1014,736,736,8M31509,4,Gjerøy,0.0002483470545578882,874,0.18644882275849137,300,153
3,Selvær,1,1014,1453,1453,8N05623,14,Lauvøya,0.00024823661653827566,875,0.18644882275849137,300,150
3,Selvær,1,1014,45,45,8L19958,10,Aldra,0.0002480432832329039,876,0.18644882275849137,300,144
3,Selvær,1,1014,4895,4895,8857249,0,Nesøy,0.00024791086086563177,877,0.18644882275849137,300,142
3,Selvær,1,1014,5075,5075,8934227,10,Aldra,0.000247674457760009,878,0.18644882275849137,300,142
3,Selvær,1,1014,2316,2316,8N14972,7,Onøy og Lurøy,0.0002472023150130596,879,0.18644882275849137,300,137
3,Selvær,1,1014,2392,2392,8N27297,10,Aldra,0.00024714487422296277,880,0.18644882275849137,300,131
3,Selvær,1,1014,3681,3681,8N87896,13,Vikna,0.0002465095384732099,881,0.18644882275849137,300,142
3,Selvær,1,1014,21,21,8L19858,10,Aldra,0.00024636508290114305,882,0.18644882275849137,300,140
3,Selvær,1,1014,573,573,8L89466,6,Indre Kvarøy,0.00024556491473203614,883,0.18644882275849137,300,149
3,Selvær,1,1014,2109,2109,8N14524,11,Leka,0.00024556452283035506,884,0.18644882275849137,300,136
3,Selvær,1,1014,1185,1185,8N05030,5,Hestmannøy,0.0002451733632308785,885,0.18644882275849137,300,139
3,Selvær,1,1014,4023,4023,8P14875,14,Lauvøya,0.0002451166630201268,886,0.18644882275849137,300,144
3,Selvær,1,1014,397,397,8L57742,12,Vega,0.0002451125649449272,887,0.18644882275849137,300,146
3,Selvær,1,1014,5072,5072,8934219,4,Gjerøy,0.0002447636504453082,888,0.18644882275849137,300,132
3,Selvær,1,1014,2227,2227,8N14646,13,Vikna,0.00024465037956794225,889,0.18644882275849137,300,141
3,Selvær,1,1014,3873,3873,8P11788,2,Træna,0.0002445703222480928,890,0.18644882275849137,300,140
3,Selvær,1,1014,3465,3465,8N87517,11,Leka,0.00024452583044384747,891,0.18644882275849137,300,141
3,Selvær,1,1014,3283,3283,8N73724,14,Lauvøya,0.00024444236374519297,892,0.18644882275849137,300,140
3,Selvær,1,1014,1348,1348,8N05260,13,Vikna,0.0002440808155853114,893,0.18644882275849137,300,142
3,Selvær,1,1014,2670,2670,8N42273,5,Hestmannøy,0.00024401883530206402,894,0.18644882275849137,300,150
3,Selvær,1,1014,1020,1020,8M72019,2,Træna,0.00024377012997369306,895,0.18644882275849137,300,140
3,Selvær,1,1014,2046,2046,8N14119,4,Gjerøy,0.0002436824432926722,896,0.18644882275849137,300,149
3,Selvær,1,1014,3136,3136,8N73484,11,Leka,0.00024344597758758593,897,0.18644882275849137,300,142
3,Selvær,1,1014,5173,5173,8939097,10,Aldra,0.00024337350733555062,898,0.18644882275849137,300,144
3,Selvær,1,1014,3271,3271,8N73690,13,Vikna,0.00024323962988287082,899,0.18644882275849137,300,141
3,Selvær,1,1014,4863,4863,8816937,4,Gjerøy,0.00024323484208116182,900,0.18644882275849137,300,136
3,Selvær,1,1014,906,906,8M71294,6,Indre Kvarøy,0.00024316599476776344,901,0.18644882275849137,300,142
3,Selvær,1,1014,780,780,8L89553,12,Vega,0.0002431459275590329,902,0.18644882275849137,300,150
3,Selvær,1,1014,410,410,8L57906,2,Træna,0.00024307330113026743,903,0.18644882275849137,300,150
3,Selvær,1,1014,4433,4433,8730970,2,Træna,0.00024300178503688339,904,0.18644882275849137,300,143
3,Selvær,1,1014,4694,4694,8794306,4,Gjerøy,0.00024299677715021207,905,0.18644882275849137,300,150
3,Selvær,1,1014,1183,1183,8N05012,4,Gjerøy,0.0002427752556200131,906,0.18644882275849137,300,141
3,Selvær,1,1014,5156,5156,8934895,5,Hestmannøy,0.00024269361247620787,907,0.18644882275849137,300,145
3,Selvær,1,1014,438,438,8L64171,8,Lovund,0.00024226747646252113,908,0.18644882275849137,300,141
3,Selvær,1,1014,649,649,8L89804,10,Aldra,0.0002418764811491919,909,0.18644882275849137,300,147
3,Selvær,1,1014,2239,2239,8N14658,13,Vikna,0.00024155751373350993,910,0.18644882275849137,300,161
3,Selvær,1,1014,4868,4868,8816948,4,Gjerøy,0.0002414698703427834,911,0.18644882275849137,300,150
3,Selvær,1,1014,209,209,8L48467,10,Aldra,0.00024126542245093123,912,0.18644882275849137,300,146
3,Selvær,1,1014,1932,1932,8N13670,13,Vikna,0.0002408987838488807,913,0.18644882275849137,300,140
3,Selvær,1,1014,864,864,8L64755,13,Vikna,0.00024086743264415626,914,0.18644882275849137,300,141
3,Selvær,1,1014,497,497,8L64903,5,Hestmannøy,0.00024068507324667796,915,0.18644882275849137,300,144
3,Selvær,1,1014,1302,1302,8N05213,12,Vega,0.00024036472607077706,916,0.18644882275849137,300,141
3,Selvær,1,1014,3615,3615,8N87827,14,Lauvøya,0.00024033598926716078,917,0.18644882275849137,300,155
3,Selvær,1,1014,2095,2095,8N14437,5,Hestmannøy,0.00023989835008752657,918,0.18644882275849137,300,147
3,Selvær,1,1014,2735,2735,8N42697,5,Hestmannøy,0.00023983882344862908,919,0.18644882275849137,300,140
3,Selvær,1,1014,2177,2177,8N14594,11,Leka,0.00023966515878867596,920,0.18644882275849137,300,129
3,Selvær,1,1014,859,859,8L64879,11,Leka,0.00023965134873128255,921,0.18644882275849137,300,137
3,Selvær,1,1014,1148,1148,8M72887,0,Nesøy,0.0002386030455625484,922,0.18644882275849137,300,139
3,Selvær,1,1014,3455,3455,8N87368,4,Gjerøy,0.0002380899885939532,923,0.18644882275849137,300,154
3,Selvær,1,1014,5406,5406,8981264,5,Hestmannøy,0.00023783058236804424,924,0.18644882275849137,300,148
3,Selvær,1,1014,3604,3604,8N87816,14,Lauvøya,0.00023781927783006135,925,0.18644882275849137,300,135
3,Selvær,1,1014,4726,4726,8800060,4,Gjerøy,0.00023777370131472118,926,0.18644882275849137,300,133
3,Selvær,1,1014,2536,2536,8N28375,8,Lovund,0.00023769559364224211,927,0.18644882275849137,300,151
3,Selvær,1,1014,4425,4425,8730518,5,Hestmannøy,0.00023762811568659998,928,0.18644882275849137,300,139
3,Selvær,1,1014,3297,3297,8N73876,5,Hestmannøy,0.00023714238450338307,929,0.18644882275849137,300,139
3,Selvær,1,1014,738,738,8M31522,1,Myken,0.0002370557741366532,930,0.18644882275849137,300,140
3,Selvær,1,1014,1980,1980,8N13915,8,Lovund,0.00023667979942099007,931,0.18644882275849137,300,140
3,Selvær,1,1014,4775,4775,8800355,5,Hestmannøy,0.00023627486179188348,932,0.18644882275849137,300,139
3,Selvær,1,1014,2380,2380,8N27196,14,Lauvøya,0.0002359639012524205,933,0.18644882275849137,300,135
3,Selvær,1,1014,591,591,8L89526,4,Gjerøy,0.00023587043526637148,934,0.18644882275849137,300,148
3,Selvær,1,1014,2905,2905,8N72903,13,Vikna,0.0002356682003089117,935,0.18644882275849137,300,138
3,Selvær,1,1014,5218,5218,8939375,7,Onøy og Lurøy,0.000235392502402718,936,0.18644882275849137,300,141
3,Selvær,1,1014,5074,5074,8934225,4,Gjerøy,0.00023534816987528175,937,0.18644882275849137,300,133
3,Selvær,1,1014,2534,2534,8N28358,2,Træna,0.0002353271669696177,938,0.18644882275849137,300,137
3,Selvær,1,1014,1568,1568,8N05870,11,Leka,0.00023505359134419327,939,0.18644882275849137,300,146
3,Selvær,1,1014,2932,2932,8N72931,13,Vikna,0.00023485172205010688,940,0.18644882275849137,300,139
3,Selvær,1,1014,816,816,8M31908,12,Vega,0.00023479695432845736,941,0.18644882275849137,300,143
3,Selvær,1,1014,1578,1578,8N05883,11,Leka,0.00023470662266120314,942,0.18644882275849137,300,142
3,Selvær,1,1014,3098,3098,8N73445,11,Leka,0.00023442153516419905,943,0.18644882275849137,300,147
3,Selvær,1,1014,1030,1030,8M72263,8,Lovund,0.00023439977645725886,944,0.18644882275849137,300,144
3,Selvær,1,1014,3407,3407,8N87065,5,Hestmannøy,0.00023433104826559308,945,0.18644882275849137,300,148
3,Selvær,1,1014,2596,2596,8N28780,5,Hestmannøy,0.00023378564751628362,946,0.18644882275849137,300,142
3,Selvær,1,1014,1146,1146,8M72882,4,Gjerøy,0.00023359256953048746,947,0.18644882275849137,300,143
3,Selvær,1,1014,1715,1715,8N06740,4,Gjerøy,0.00023337111270047662,948,0.18644882275849137,300,123
3,Selvær,1,1014,59,59,8L26526,9,Sleneset,0.0002330866395661615,949,0.18644882275849137,300,145
3,Selvær,1,1014,1901,1901,8N13636,14,Lauvøya,0.00023286842848841102,950,0.18644882275849137,300,147
3,Selvær,1,1014,949,949,8M71380,12,Vega,0.00023281981044470304,951,0.18644882275849137,300,144
3,Selvær,1,1014,3585,3585,8N87759,4,Gjerøy,0.00023279447839300257,952,0.18644882275849137,300,148
3,Selvær,1,1014,5491,5491,8981891,8,Lovund,0.0002326654041781595,953,0.18644882275849137,300,131
3,Selvær,1,1014,3738,3738,8N87954,13,Vikna,0.00023264604897923753,954,0.18644882275849137,300,158
3,Selvær,1,1014,296,296,8L52324,12,Vega,0.0002326399637516954,955,0.18644882275849137,300,148
3,Selvær,1,1014,4012,4012,8P14864,14,Lauvøya,0.00023213478138535342,956,0.18644882275849137,300,140
3,Selvær,1,1014,2973,2973,8N73031,10,Aldra,0.0002318203599721516,957,0.18644882275849137,300,140
3,Selvær,1,1014,1415,1415,8N05494,6,Indre Kvarøy,0.00023171493586358454,958,0.18644882275849137,300,150
3,Selvær,1,1014,2250,2250,8N14669,13,Vikna,0.00023171412436707265,959,0.18644882275849137,300,147
3,Selvær,1,1014,2849,2849,8N72655,5,Hestmannøy,0.0002316119802564579,960,0.18644882275849137,300,142
3,Selvær,1,1014,5201,5201,8939340,7,Onøy og Lurøy,0.00023156849971592,961,0.18644882275849137,300,152
3,Selvær,1,1014,1888,1888,8N13623,14,Lauvøya,0.00023155968032337928,962,0.18644882275849137,300,140
3,Selvær,1,1014,1944,1944,8N13682,13,Vikna,0.00023141204604359527,963,0.18644882275849137,300,139
3,Selvær,1,1014,1440,1440,8N05610,14,Lauvøya,0.00023140003467189552,964,0.18644882275849137,300,136
3,Selvær,1,1014,343,343,8L52401,5,Hestmannøy,0.00023121334996660062,965,0.18644882275849137,300,150
3,Selvær,1,1014,3466,3466,8N87518,11,Leka,0.00023120838499618665,966,0.18644882275849137,300,144
3,Selvær,1,1014,1407,1407,8N05445,6,Indre Kvarøy,0.00023118621175930758,967,0.18644882275849137,300,154
3,Selvær,1,1014,3942,3942,8P14401,5,Hestmannøy,0.00023096950633986555,968,0.18644882275849137,300,133
3,Selvær,1,1014,180,180,8L48315,5,Hestmannøy,0.00023087828808310913,969,0.18644882275849137,300,148
3,Selvær,1,1014,501,501,8L64923,10,Aldra,0.00023082435722381048,970,0.18644882275849137,300,156
3,Selvær,1,1014,1071,1071,8M72574,11,Leka,0.00023075691756669074,971,0.18644882275849137,300,148
3,Selvær,1,1014,4347,4347,8681251,4,Gjerøy,0.0002305628065615655,972,0.18644882275849137,300,133
3,Selvær,1,1014,4820,4820,8800550,5,Hestmannøy,0.00023033496186297773,973,0.18644882275849137,300,163
3,Selvær,1,1014,314,314,8L52355,11,Leka,0.00023028360952398883,974,0.18644882275849137,300,152
3,Selvær,1,1014,4829,4829,8800614,5,Hestmannøy,0.00022998623068354012,975,0.18644882275849137,300,140
3,Selvær,1,1014,2797,2797,8N72066,2,Træna,0.0002293904792688035,976,0.18644882275849137,300,131
3,Selvær,1,1014,2737,2737,8N42702,6,Indre Kvarøy,0.00022932727117347672,977,0.18644882275849137,300,136
3,Selvær,1,1014,5137,5137,8934559,4,Gjerøy,0.00022919635678413027,978,0.18644882275849137,300,147
3,Selvær,1,1014,3064,3064,8N73311,14,Lauvøya,0.0002291595080537899,979,0.18644882275849137,300,143
3,Selvær,1,1014,3254,3254,8N73672,13,Vikna,0.00022914667753523804,980,0.18644882275849137,300,133
3,Selvær,1,1014,1334,1334,8N05246,13,Vikna,0.0002291358519743245,981,0.18644882275849137,300,155
3,Selvær,1,1014,867,867,8L64681,12,Vega,0.00022910509736765407,982,0.18644882275849137,300,147
3,Selvær,1,1014,3180,3180,8N73580,1,Myken,0.00022883953821389386,983,0.18644882275849137,300,142
3,Selvær,1,1014,3828,3828,8P11551,14,Lauvøya,0.00022863469155589867,984,0.18644882275849137,300,134
3,Selvær,1,1014,2481,2481,8N27921,4,Gjerøy,0.00022859168390929765,985,0.18644882275849137,300,143
3,Selvær,1,1014,4479,4479,8732598,7,Onøy og Lurøy,0.0002284807158376275,986,0.18644882275849137,300,141
3,Selvær,1,1014,4801,4801,8800470,5,Hestmannøy,0.00022838440490673947,987,0.18644882275849137,300,155
3,Selvær,1,1014,702,702,8M31317,4,Gjerøy,0.00022802023699047746,988,0.18644882275849137,300,148
3,Selvær,1,1014,1514,1514,8N05691,14,Lauvøya,0.00022787028464217268,989,0.18644882275849137,300,150
3,Selvær,1,1014,2302,2302,8N14955,5,Hestmannøy,0.00022750422458787858,990,0.18644882275849137,300,146
3,Selvær,1,1014,155,155,8L30784,5,Hestmannøy,0.00022749492813871924,991,0.18644882275849137,300,141
3,Selvær,1,1014,3866,3866,8P11749,7,Onøy og Lurøy,0.0002274707612695709,992,0.18644882275849137,300,137
3,Selvær,1,1014,4331,4331,8681095,5,Hestmannøy,0.00022738829173951476,993,0.18644882275849137,300,152
3,Selvær,1,1014,3104,3104,8N73451,11,Leka,0.00022735944656171214,994,0.18644882275849137,300,155
3,Selvær,1,1014,3154,3154,8N73502,5,Hestmannøy,0.00022733352232485446,995,0.18644882275849137,300,137
3,Selvær,1,1014,3433,3433,8N87253,8,Lovund,0.00022730656325634888,996,0.18644882275849137,300,145
3,Selvær,1,1014,3311,3311,8N73914,11,Leka,0.0002271431429791665,997,0.18644882275849137,300,147
3,Selvær,1,1014,112,112,8L30596,4,Gjerøy,0.00022713793040751677,998,0.18644882275849137,300,140
3,Selvær,1,1014,3999,3999,8P14851,14,Lauvøya,0.0002269513896493246,999,0.18644882275849137,300,141
3,Selvær,1,1014,3430,3430,8N87246,2,Træna,0.00022693730527677128,1000,0.18644882275849137,300,159
3,Selvær,1,1014,3728,3728,8N87944,13,Vikna,0.00022674808947850797,1001,0.18644882275849137,300,143
3,Selvær,1,1014,4835,4835,8800698,9,Sleneset,0.000226615978730362,1002,0.18644882275849137,300,148
3,Selvær,1,1014,1870,1870,8N13608,14,Lauvøya,0.00022637870075041335,1003,0.18644882275849137,300,138
3,Selvær,1,1014,4187,4187,8309260,5,Hestmannøy,0.00022633893178808728,1004,0.18644882275849137,300,129
3,Selvær,1,1014,4967,4967,8887277,5,Hestmannøy,0.0002262698663414026,1005,0.18644882275849137,300,141
3,Selvær,1,1014,448,448,8L64215,5,Hestmannøy,0.0002259819214589128,1006,0.18644882275849137,300,142
3,Selvær,1,1014,1802,1802,8N06900,11,Leka,0.00022575002617228505,1007,0.18644882275849137,300,151
3,Selvær,1,1014,1142,1142,8M72877,5,Hestmannøy,0.0002256784008849954,1008,0.18644882275849137,300,148
3,Selvær,1,1014,1532,1532,8N05715,6,Indre Kvarøy,0.00022542544884457866,1009,0.18644882275849137,300,135
3,Selvær,1,1014,3034,3034,8N73233,12,Vega,0.0002248557277729107,1010,0.18644882275849137,300,151
3,Selvær,1,1014,493,493,8L64893,11,Leka,0.00022468555883297547,1011,0.18644882275849137,300,142
3,Selvær,1,1014,3062,3062,8N73309,14,Lauvøya,0.00022464084995379668,1012,0.18644882275849137,300,152
3,Selvær,1,1014,2396,2396,8N27307,5,Hestmannøy,0.00022457924522793183,1013,0.18644882275849137,300,136
3,Selvær,1,1014,732,732,8M31485,5,Hestmannøy,0.00022449289071988182,1014,0.18644882275849137,300,137
3,Selvær,1,1014,4619,4619,8747691,0,Nesøy,0.0002238789448870673,1015,0.18644882275849137,300,146
3,Selvær,1,1014,3319,3319,8N73922,11,Leka,0.00022377058468616651,1016,0.18644882275849137,300,144
3,Selvær,1,1014,4987,4987,8887349,5,Hestmannøy,0.00022363680614321076,1017,0.18644882275849137,300,143
3,Selvær,1,1014,1446,1446,8N05616,14,Lauvøya,0.00022356252926700442,1018,0.18644882275849137,300,152
3,Selvær,1,1014,3195,3195,8N73613,14,Lauvøya,0.00022299358358093444,1019,0.18644882275849137,300,145
3,Selvær,1,1014,54,54,8L19988,4,Gjerøy,0.0002229292505695509,1020,0.18644882275849137,300,141
3,Selvær,1,1014,4571,4571,8747406,0,Nesøy,0.00022288568694137946,1021,0.18644882275849137,300,146
3,Selvær,1,1014,997,997,8M71587,1,Myken,0.0002228709916102935,1022,0.18644882275849137,300,151
3,Selvær,1,1014,2188,2188,8N14605,13,Vikna,0.00022277733552056057,1023,0.18644882275849137,300,135
3,Selvær,1,1014,4500,4500,8732656,5,Hestmannøy,0.00022266603516268843,1024,0.18644882275849137,300,146
3,Selvær,1,1014,1971,1971,8N13854,14,Lauvøya,0.00022265932534126787,1025,0.18644882275849137,300,150
3,Selvær,1,1014,2294,2294,8N14933,5,Hestmannøy,0.0002224513006478297,1026,0.18644882275849137,300,131
3,Selvær,1,1014,409,409,8L57882,5,Hestmannøy,0.00022226118887933035,1027,0.18644882275849137,300,151
3,Selvær,1,1014,3911,3911,8P14128,7,Onøy og Lurøy,0.0002222193997231953,1028,0.18644882275849137,300,153
3,Selvær,1,1014,1109,1109,8M72678,5,Hestmannøy,0.00022220103165372423,1029,0.18644882275849137,300,148
3,Selvær,1,1014,451,451,8L64271,5,Hestmannøy,0.00022219937998364136,1030,0.18644882275849137,300,135
3,Selvær,1,1014,3562,3562,8N87621,14,Lauvøya,0.00022180190349903613,1031,0.18644882275849137,300,133
3,Selvær,1,1014,4188,4188,8309263,5,Hestmannøy,0.00022175668860331115,1032,0.18644882275849137,300,135
3,Selvær,1,1014,1946,1946,8N13684,13,Vikna,0.00022143252335884886,1033,0.18644882275849137,300,150
3,Selvær,1,1014,4263,4263,8651804,4,Gjerøy,0.00022096459781324125,1034,0.18644882275849137,300,150
3,Selvær,1,1014,143,143,8L30767,12,Vega,0.0002205644182133419,1035,0.18644882275849137,300,142
3,Selvær,1,1014,1357,1357,8N05269,13,Vikna,0.0002200950695271681,1036,0.18644882275849137,300,139
3,Selvær,1,1014,2194,2194,8N14611,13,Vikna,0.00022003807683335726,1037,0.18644882275849137,300,142
3,Selvær,1,1014,3529,3529,8N87582,11,Leka,0.00021987961498609135,1038,0.18644882275849137,300,152
3,Selvær,1,1014,798,798,8L89179,12,Vega,0.00021938337663871563,1039,0.18644882275849137,300,146
3,Selvær,1,1014,3173,3173,8N73529,4,Gjerøy,0.00021921175853932765,1040,0.18644882275849137,300,142
3,Selvær,1,1014,3815,3815,8P11537,14,Lauvøya,0.0002185500622045848,1041,0.18644882275849137,300,148
3,Selvær,1,1014,4568,4568,8747369,0,Nesøy,0.0002182763201097397,1042,0.18644882275849137,300,140
3,Selvær,1,1014,5441,5441,8981601,10,Aldra,0.00021820501668560208,1043,0.18644882275849137,300,142
3,Selvær,1,1014,2458,2458,8N27854,1,Myken,0.0002180616645708608,1044,0.18644882275849137,300,144
3,Selvær,1,1014,2260,2260,8N14679,13,Vikna,0.00021804718683830058,1045,0.18644882275849137,300,145
3,Selvær,1,1014,3135,3135,8N73483,11,Leka,0.000217807493517364,1046,0.18644882275849137,300,132
3,Selvær,1,1014,4858,4858,8816929,4,Gjerøy,0.00021765281970204169,1047,0.18644882275849137,300,135
3,Selvær,1,1014,4141,4141,8168636,5,Hestmannøy,0.00021757672578731128,1048,0.18644882275849137,300,141
3,Selvær,1,1014,1294,1294,8N05205,12,Vega,0.00021748879925683495,1049,0.18644882275849137,300,143
3,Selvær,1,1014,219,219,8L48567,7,Onøy og Lurøy,0.00021704228053613864,1050,0.18644882275849137,300,140
3,Selvær,1,1014,1331,1331,8N05242,13,Vikna,0.0002170027329624494,1051,0.18644882275849137,300,140
3,Selvær,1,1014,4884,4884,8857215,10,Aldra,0.00021694676462915053,1052,0.18644882275849137,300,138
3,Selvær,1,1014,1391,1391,8N05304,13,Vikna,0.00021685676163754066,1053,0.18644882275849137,300,142
3,Selvær,1,1014,3853,3853,8P11577,5,Hestmannøy,0.0002163745732283801,1054,0.18644882275849137,300,141
3,Selvær,1,1014,3661,3661,8N87876,13,Vikna,0.00021620760705569073,1055,0.18644882275849137,300,143
3,Selvær,1,1014,3439,3439,8N87270,8,Lovund,0.00021603905848605105,1056,0.18644882275849137,300,136
3,Selvær,1,1014,3820,3820,8P11543,14,Lauvøya,0.00021553718135869495,1057,0.18644882275849137,300,144
3,Selvær,1,1014,2900,2900,8N72823,14,Lauvøya,0.00021527193883610056,1058,0.18644882275849137,300,149
3,Selvær,1,1014,4798,4798,8800467,5,Hestmannøy,0.00021467735509303606,1059,0.18644882275849137,300,140
3,Selvær,1,1014,668,668,8M31165,2,Træna,0.00021462879888168367,1060,0.18644882275849137,300,146
3,Selvær,1,1014,4604,4604,8747599,8,Lovund,0.00021459044728710657,1061,0.18644882275849137,300,146
3,Selvær,1,1014,3739,3739,8N87955,13,Vikna,0.0002145583069957741,1062,0.18644882275849137,300,135
3,Selvær,1,1014,2828,2828,8N72483,2,Træna,0.0002145118783208272,1063,0.18644882275849137,300,154
3,Selvær,1,1014,2368,2368,8N27121,7,Onøy og Lurøy,0.00021445566850654884,1064,0.18644882275849137,300,144
3,Selvær,1,1014,986,986,8M71511,1,Myken,0.00021439521018891674,1065,0.18644882275849137,300,153
3,Selvær,1,1014,38,38,8L19934,5,Hestmannøy,0.0002143815934762464,1066,0.18644882275849137,300,135
3,Selvær,1,1014,3516,3516,8N87568,11,Leka,0.00021429795527418304,1067,0.18644882275849137,300,148
3,Selvær,1,1014,600,600,8L89614,4,Gjerøy,0.00021389861259919364,1068,0.18644882275849137,300,150
3,Selvær,1,1014,4497,4497,8732651,5,Hestmannøy,0.00021380597163792357,1069,0.18644882275849137,300,136
3,Selvær,1,1014,2752,2752,8N42730,5,Hestmannøy,0.00021376941628075395,1070,0.18644882275849137,300,146
3,Selvær,1,1014,4951,4951,8887211,4,Gjerøy,0.00021354134823723823,1071,0.18644882275849137,300,145
3,Selvær,1,1014,4840,4840,8816408,5,Hestmannøy,0.00021336072159844894,1072,0.18644882275849137,300,146
3,Selvær,1,1014,1910,1910,8N13647,14,Lauvøya,0.0002132332556820356,1073,0.18644882275849137,300,144
3,Selvær,1,1014,5362,5362,8981002,5,Hestmannøy,0.00021309750785911217,1074,0.18644882275849137,300,134
3,Selvær,1,1014,1257,1257,8N05167,12,Vega,0.00021297911494319485,1075,0.18644882275849137,300,150
3,Selvær,1,1014,3322,3322,8N73925,11,Leka,0.00021297389240384517,1076,0.18644882275849137,300,152
3,Selvær,1,1014,1838,1838,8N13347,2,Træna,0.0002128570392537743,1077,0.18644882275849137,300,144
3,Selvær,1,1014,119,119,8L30634,12,Vega,0.00021275288180281357,1078,0.18644882275849137,300,149
3,Selvær,1,1014,861,861,8M71107,13,Vikna,0.00021233944971247722,1079,0.18644882275849137,300,149
3,Selvær,1,1014,3870,3870,8P11768,8,Lovund,0.00021230519518545732,1080,0.18644882275849137,300,137
3,Selvær,1,1014,2136,2136,8N14552,11,Leka,0.00021227884414854543,1081,0.18644882275849137,300,136
3,Selvær,1,1014,4002,4002,8P14854,14,Lauvøya,0.0002122376886074219,1082,0.18644882275849137,300,142
3,Selvær,1,1014,239,239,8L48742,11,Leka,0.00021221062787239332,1083,0.18644882275849137,300,146
3,Selvær,1,1014,2216,2216,8N14633,13,Vikna,0.0002121610140028099,1084,0.18644882275849137,300,127
3,Selvær,1,1014,390,390,8L52961,6,Indre Kvarøy,0.00021214862639706275,1085,0.18644882275849137,300,143
3,Selvær,1,1014,405,405,8L57858,9,Sleneset,0.000211797043487869,1086,0.18644882275849137,300,134
3,Selvær,1,1014,2090,2090,8N14351,14,Lauvøya,0.00021150817330290358,1087,0.18644882275849137,300,139
3,Selvær,1,1014,515,515,8L89230,6,Indre Kvarøy,0.00021144413568531742,1088,0.18644882275849137,300,141
3,Selvær,1,1014,782,782,8M31769,11,Leka,0.00021142962024420944,1089,0.18644882275849137,300,134
3,Selvær,1,1014,3402,3402,8N87054,5,Hestmannøy,0.0002114002923059873,1090,0.18644882275849137,300,133
3,Selvær,1,1014,3168,3168,8N73521,5,Hestmannøy,0.00021139890885351915,1091,0.18644882275849137,300,138
3,Selvær,1,1014,4386,4386,8681464,5,Hestmannøy,0.00021134270364601317,1092,0.18644882275849137,300,153
3,Selvær,1,1014,4616,4616,8747672,9,Sleneset,0.00021132931560903552,1093,0.18644882275849137,300,143
3,Selvær,1,1014,686,686,8M31266,4,Gjerøy,0.0002113287353977884,1094,0.18644882275849137,300,139
3,Selvær,1,1014,4512,4512,8732681,4,Gjerøy,0.00021095747241530266,1095,0.18644882275849137,300,146
3,Selvær,1,1014,3068,3068,8N73318,14,Lauvøya,0.00021062164838982997,1096,0.18644882275849137,300,147
3,Selvær,1,1014,2110,2110,8N14525,11,Leka,0.00021052836674882215,1097,0.18644882275849137,300,149
3,Selvær,1,1014,1192,1192,8N05102,12,Vega,0.00021027460589826885,1098,0.18644882275849137,300,150
3,Selvær,1,1014,43,43,8L19952,7,Onøy og Lurøy,0.00021015231080000988,1099,0.18644882275849137,300,149
3,Selvær,1,1014,4183,4183,8309251,5,Hestmannøy,0.00020994008541169265,1100,0.18644882275849137,300,143
3,Selvær,1,1014,2170,2170,8N14587,11,Leka,0.00020974187724378737,1101,0.18644882275849137,300,147
3,Selvær,1,1014,1861,1861,8N13368,2,Træna,0.00020971486887519416,1102,0.18644882275849137,300,137
3,Selvær,1,1014,198,198,8L48446,5,Hestmannøy,0.00020957980204477502,1103,0.18644882275849137,300,146
3,Selvær,1,1014,4710,4710,8800012,7,Onøy og Lurøy,0.0002095554064139305,1104,0.18644882275849137,300,143
3,Selvær,1,1014,455,455,8L64283,5,Hestmannøy,0.0002094860785256992,1105,0.18644882275849137,300,153
3,Selvær,1,1014,4520,4520,8732699,4,Gjerøy,0.00020946267219933566,1106,0.18644882275849137,300,132
3,Selvær,1,1014,2289,2289,8N14922,5,Hestmannøy,0.00020934712257578738,1107,0.18644882275849137,300,142
3,Selvær,1,1014,485,485,8L64838,2,Træna,0.0002089729991560321,1108,0.18644882275849137,300,149
3,Selvær,1,1014,616,616,8L89663,4,Gjerøy,0.00020883878692133586,1109,0.18644882275849137,300,137
3,Selvær,1,1014,5273,5273,8939764,5,Hestmannøy,0.00020881332701577808,1110,0.18644882275849137,300,144
3,Selvær,1,1014,1177,1177,8M72996,10,Aldra,0.0002088097951316327,1111,0.18644882275849137,300,152
3,Selvær,1,1014,3858,3858,8P11585,4,Gjerøy,0.0002086667646405135,1112,0.18644882275849137,300,139
3,Selvær,1,1014,4008,4008,8P14860,14,Lauvøya,0.00020856855387249486,1113,0.18644882275849137,300,144
3,Selvær,1,1014,3657,3657,8N87871,13,Vikna,0.0002083526754718161,1114,0.18644882275849137,300,136
3,Selvær,1,1014,123,123,8L30696,12,Vega,0.00020789393033919857,1115,0.18644882275849137,300,135
3,Selvær,1,1014,5048,5048,8917961,8,Lovund,0.00020716204897799215,1116,0.18644882275849137,300,145
3,Selvær,1,1014,965,965,8M71457,13,Vikna,0.00020705198675636385,1117,0.18644882275849137,300,138
3,Selvær,1,1014,5306,5306,8943083,4,Gjerøy,0.000207048143400204,1118,0.18644882275849137,300,146
3,Selvær,1,1014,2718,2718,8N42545,7,Onøy og Lurøy,0.00020680883580927254,1119,0.18644882275849137,300,142
3,Selvær,1,1014,3761,3761,8N87977,13,Vikna,0.00020636156581738574,1120,0.18644882275849137,300,135
3,Selvær,1,1014,4534,4534,8747118,5,Hestmannøy,0.00020625816652539568,1121,0.18644882275849137,300,148
3,Selvær,1,1014,4521,4521,8732700,4,Gjerøy,0.00020613563805758797,1122,0.18644882275849137,300,131
3,Selvær,1,1014,3648,3648,8N87862,14,Lauvøya,0.00020562854269119956,1123,0.18644882275849137,300,145
3,Selvær,1,1014,2317,2317,8N14973,7,Onøy og Lurøy,0.00020548317829604005,1124,0.18644882275849137,300,144
3,Selvær,1,1014,694,694,8M31290,5,Hestmannøy,0.00020507271952683933,1125,0.18644882275849137,300,145
3,Selvær,1,1014,1859,1859,8N13558,2,Træna,0.00020480560931584153,1126,0.18644882275849137,300,142
3,Selvær,1,1014,3256,3256,8N73674,13,Vikna,0.00020462173393343068,1127,0.18644882275849137,300,149
3,Selvær,1,1014,5374,5374,8981030,0,Nesøy,0.00020458685363508705,1128,0.18644882275849137,300,146
3,Selvær,1,1014,4890,4890,8857232,5,Hestmannøy,0.00020434213871090416,1129,0.18644882275849137,300,145
3,Selvær,1,1014,553,553,8L89379,5,Hestmannøy,0.0002040264597694473,1130,0.18644882275849137,300,145
3,Selvær,1,1014,4289,4289,8681002,4,Gjerøy,0.00020388107059316155,1131,0.18644882275849137,300,132
3,Selvær,1,1014,1906,1906,8N13643,14,Lauvøya,0.00020387341943629551,1132,0.18644882275849137,300,135
3,Selvær,1,1014,2554,2554,8N28511,2,Træna,0.00020382197094485013,1133,0.18644882275849137,300,143
3,Selvær,1,1014,1540,1540,8N05795,10,Aldra,0.0002037982706905062,1134,0.18644882275849137,300,144
3,Selvær,1,1014,4587,4587,8747544,10,Aldra,0.00020368489114741246,1135,0.18644882275849137,300,140
3,Selvær,1,1014,3726,3726,8N87942,13,Vikna,0.0002036362237487444,1136,0.18644882275849137,300,135
3,Selvær,1,1014,4608,4608,8747608,5,Hestmannøy,0.00020346943463451955,1137,0.18644882275849137,300,144
3,Selvær,1,1014,136,136,8L30760,11,Leka,0.00020340311194987518,1138,0.18644882275849137,300,151
3,Selvær,1,1014,2963,2963,8N72963,13,Vikna,0.00020329483786870814,1139,0.18644882275849137,300,149
3,Selvær,1,1014,93,93,8L30355,7,Onøy og Lurøy,0.0002032432843531089,1140,0.18644882275849137,300,131
3,Selvær,1,1014,5104,5104,8934364,5,Hestmannøy,0.00020319900306631282,1141,0.18644882275849137,300,143
3,Selvær,1,1014,4217,4217,8573572,4,Gjerøy,0.000202820329579664,1142,0.18644882275849137,300,137
3,Selvær,1,1014,270,270,8L52202,5,Hestmannøy,0.00020274342371100004,1143,0.18644882275849137,300,139
3,Selvær,1,1014,4902,4902,8857275,10,Aldra,0.00020264728707188647,1144,0.18644882275849137,300,146
3,Selvær,1,1014,1762,1762,8N06857,11,Leka,0.0002025849096866328,1145,0.18644882275849137,300,150
3,Selvær,1,1014,3568,3568,8N87628,14,Lauvøya,0.00020245252792493418,1146,0.18644882275849137,300,150
3,Selvær,1,1014,2371,2371,8N27139,7,Onøy og Lurøy,0.00020239915785176416,1147,0.18644882275849137,300,144
3,Selvær,1,1014,1584,1584,8N05892,11,Leka,0.00020238131564635987,1148,0.18644882275849137,300,147
3,Selvær,1,1014,2969,2969,8N73003,4,Gjerøy,0.00020213101978710366,1149,0.18644882275849137,300,138
3,Selvær,1,1014,466,466,8M71324,11,Leka,0.0002020800058106193,1150,0.18644882275849137,300,145
3,Selvær,1,1014,2025,2025,8N14015,7,Onøy og Lurøy,0.00020158503437339484,1151,0.18644882275849137,300,141
3,Selvær,1,1014,3819,3819,8P11542,14,Lauvøya,0.000201577258092859,1152,0.18644882275849137,300,141
3,Selvær,1,1014,3762,3762,8N87978,13,Vikna,0.000201533349625861,1153,0.18644882275849137,300,143
3,Selvær,1,1014,4778,4778,8800371,4,Gjerøy,0.0002014971728643891,1154,0.18644882275849137,300,139
3,Selvær,1,1014,2081,2081,8N14297,14,Lauvøya,0.00020136923704867826,1155,0.18644882275849137,300,146
3,Selvær,1,1014,630,630,8L89722,4,Gjerøy,0.00020130713789845534,1156,0.18644882275849137,300,148
3,Selvær,1,1014,3125,3125,8N73472,11,Leka,0.0002009617316403114,1157,0.18644882275849137,300,130
3,Selvær,1,1014,4646,4646,8747742,9,Sleneset,0.00020055392707403957,1158,0.18644882275849137,300,147
3,Selvær,1,1014,482,482,8L64825,2,Træna,0.0002005149294637227,1159,0.18644882275849137,300,140
3,Selvær,1,1014,13,13,8L19728,4,Gjerøy,0.0002004708030785016,1160,0.18644882275849137,300,129
3,Selvær,1,1014,2728,2728,8N42654,7,Onøy og Lurøy,0.00020007777874772053,1161,0.18644882275849137,300,152
3,Selvær,1,1014,4576,4576,8747487,9,Sleneset,0.0001999820258837413,1162,0.18644882275849137,300,155
3,Selvær,1,1014,2970,2970,8N73012,4,Gjerøy,0.00019988773047291967,1163,0.18644882275849137,300,140
3,Selvær,1,1014,1751,1751,8N06846,11,Leka,0.0001998783683027369,1164,0.18644882275849137,300,144
3,Selvær,1,1014,3086,3086,8N73433,11,Leka,0.00019958425837543164,1165,0.18644882275849137,300,142
3,Selvær,1,1014,1078,1078,8M72591,11,Leka,0.00019951781626134047,1166,0.18644882275849137,300,140
3,Selvær,1,1014,4106,4106,8P26650,8,Lovund,0.00019949479998793254,1167,0.18644882275849137,300,141
3,Selvær,1,1014,4030,4030,8P14936,14,Lauvøya,0.00019945363228210893,1168,0.18644882275849137,300,147
3,Selvær,1,1014,806,806,8M31839,1,Myken,0.00019932209209393284,1169,0.18644882275849137,300,145
3,Selvær,1,1014,1837,1837,8N13345,2,Træna,0.000199290804527174,1170,0.18644882275849137,300,139
3,Selvær,1,1014,1664,1664,8N06495,12,Vega,0.00019900457876052813,1171,0.18644882275849137,300,139
3,Selvær,1,1014,1588,1588,8N05896,11,Leka,0.00019895842974767977,1172,0.18644882275849137,300,140
3,Selvær,1,1014,1783,1783,8N06878,11,Leka,0.00019882297116183278,1173,0.18644882275849137,300,143
3,Selvær,1,1014,1894,1894,8N13629,14,Lauvøya,0.00019872498485775172,1174,0.18644882275849137,300,147
3,Selvær,1,1014,4755,4755,8800178,6,Indre Kvarøy,0.00019840109268496494,1175,0.18644882275849137,300,143
3,Selvær,1,1014,2219,2219,8N14637,13,Vikna,0.0001984007890407282,1176,0.18644882275849137,300,148
3,Selvær,1,1014,2199,2199,8N14616,13,Vikna,0.00019807764477518017,1177,0.18644882275849137,300,146
3,Selvær,1,1014,1488,1488,8N05360,14,Lauvøya,0.00019801881973034892,1178,0.18644882275849137,300,142
3,Selvær,1,1014,3899,3899,8P14057,10,Aldra,0.00019790252038489437,1179,0.18644882275849137,300,141
3,Selvær,1,1014,4551,4551,8747259,6,Indre Kvarøy,0.0001979000940842075,1180,0.18644882275849137,300,141
3,Selvær,1,1014,189,189,8L48410,5,Hestmannøy,0.00019766918876530052,1181,0.18644882275849137,300,139
3,Selvær,1,1014,339,339,8L52395,12,Vega,0.0001975588578639085,1182,0.18644882275849137,300,143
3,Selvær,1,1014,2456,2456,8N27834,6,Indre Kvarøy,0.00019749460618447538,1183,0.18644882275849137,300,144
3,Selvær,1,1014,1940,1940,8N13678,13,Vikna,0.00019741132278267273,1184,0.18644882275849137,300,149
3,Selvær,1,1014,4268,4268,8651876,5,Hestmannøy,0.00019719712581737844,1185,0.18644882275849137,300,138
3,Selvær,1,1014,1387,1387,8N05300,13,Vikna,0.0001970136329964861,1186,0.18644882275849137,300,149
3,Selvær,1,1014,4151,4151,8168660,1,Myken,0.000196804117475029,1187,0.18644882275849137,300,141
3,Selvær,1,1014,1576,1576,8N05880,11,Leka,0.00019668783155180592,1188,0.18644882275849137,300,153
3,Selvær,1,1014,1479,1479,8N05656,13,Vikna,0.00019655620424251005,1189,0.18644882275849137,300,145
3,Selvær,1,1014,1821,1821,8N13086,14,Lauvøya,0.0001965264257963756,1190,0.18644882275849137,300,137
3,Selvær,1,1014,4795,4795,8800439,4,Gjerøy,0.00019649088709924767,1191,0.18644882275849137,300,147
3,Selvær,1,1014,150,150,8L30779,4,Gjerøy,0.00019633165922381678,1192,0.18644882275849137,300,152
3,Selvær,1,1014,5171,5171,8939093,10,Aldra,0.00019617736380295677,1193,0.18644882275849137,300,145
3,Selvær,1,1014,380,380,8L52913,10,Aldra,0.00019584114835009665,1194,0.18644882275849137,300,152
3,Selvær,1,1014,3616,3616,8N87828,14,Lauvøya,0.0001955823083933348,1195,0.18644882275849137,300,153
3,Selvær,1,1014,1856,1856,8N13097,14,Lauvøya,0.00019540462804956785,1196,0.18644882275849137,300,146
3,Selvær,1,1014,4401,4401,8730442,5,Hestmannøy,0.0001953001931494879,1197,0.18644882275849137,300,144
3,Selvær,1,1014,2810,2810,8N72347,5,Hestmannøy,0.00019514627520713374,1198,0.18644882275849137,300,139
3,Selvær,1,1014,1090,1090,8M72618,4,Gjerøy,0.0001948695348141486,1199,0.18644882275849137,300,144
3,Selvær,1,1014,2254,2254,8N14673,13,Vikna,0.00019441362024404273,1200,0.18644882275849137,300,136
3,Selvær,1,1014,3791,3791,8P11400,14,Lauvøya,0.0001942922222569865,1201,0.18644882275849137,300,138
3,Selvær,1,1014,4068,4068,8P14986,14,Lauvøya,0.00019417697086988165,1202,0.18644882275849137,300,142
3,Selvær,1,1014,1061,1061,8M72544,11,Leka,0.0001939938076212629,1203,0.18644882275849137,300,146
3,Selvær,1,1014,2867,2867,8N72683,11,Leka,0.00019388482306460672,1204,0.18644882275849137,300,151
3,Selvær,1,1014,2805,2805,8N72268,7,Onøy og Lurøy,0.00019376328628418788,1205,0.18644882275849137,300,149
3,Selvær,1,1014,2803,2803,8N72260,2,Træna,0.00019375215032746933,1206,0.18644882275849137,300,148
3,Selvær,1,1014,4470,4470,8732570,7,Onøy og Lurøy,0.00019370934553062516,1207,0.18644882275849137,300,150
3,Selvær,1,1014,147,147,8L30772,12,Vega,0.00019340555257168232,1208,0.18644882275849137,300,140
3,Selvær,1,1014,2523,2523,8N28244,7,Onøy og Lurøy,0.00019321020290290628,1209,0.18644882275849137,300,146
3,Selvær,1,1014,2582,2582,8N28708,6,Indre Kvarøy,0.00019313664104701197,1210,0.18644882275849137,300,124
3,Selvær,1,1014,3706,3706,8N87922,13,Vikna,0.00019301576834109574,1211,0.18644882275849137,300,137
3,Selvær,1,1014,4821,4821,8800567,6,Indre Kvarøy,0.00019299995874237617,1212,0.18644882275849137,300,140
3,Selvær,1,1014,2895,2895,8N72777,0,Nesøy,0.00019296530988078118,1213,0.18644882275849137,300,140
3,Selvær,1,1014,3977,3977,8P14806,14,Lauvøya,0.0001928759915632865,1214,0.18644882275849137,300,147
3,Selvær,1,1014,5127,5127,8934497,4,Gjerøy,0.00019281849737062947,1215,0.18644882275849137,300,143
3,Selvær,1,1014,4426,4426,8730535,5,Hestmannøy,0.0001925641624608317,1216,0.18644882275849137,300,139
3,Selvær,1,1014,2161,2161,8N14578,11,Leka,0.00019254809625522115,1217,0.18644882275849137,300,136
3,Selvær,1,1014,3684,3684,8N87899,13,Vikna,0.00019238569332641215,1218,0.18644882275849137,300,138
3,Selvær,1,1014,464,464,8M71345,12,Vega,0.0001923838256778346,1219,0.18644882275849137,300,150
3,Selvær,1,1014,2995,2995,8N73188,14,Lauvøya,0.0001920245149811107,1220,0.18644882275849137,300,137
3,Selvær,1,1014,282,282,8L52228,8,Lovund,0.0001919588325237736,1221,0.18644882275849137,300,150
3,Selvær,1,1014,4645,4645,8747741,6,Indre Kvarøy,0.00019190276400910328,1222,0.18644882275849137,300,152
3,Selvær,1,1014,976,976,8M71492,13,Vikna,0.000191634207719959,1223,0.18644882275849137,300,141
3,Selvær,1,1014,4304,4304,8681038,5,Hestmannøy,0.00019155494063308306,1224,0.18644882275849137,300,144
3,Selvær,1,1014,2748,2748,8N42717,5,Hestmannøy,0.00019149325389788955,1225,0.18644882275849137,300,139
3,Selvær,1,1014,2568,2568,8N28683,5,Hestmannøy,0.0001914894459161027,1226,0.18644882275849137,300,146
3,Selvær,1,1014,1364,1364,8N05276,13,Vikna,0.00019137133865867084,1227,0.18644882275849137,300,150
3,Selvær,1,1014,4831,4831,8800616,5,Hestmannøy,0.00019118717137409983,1228,0.18644882275849137,300,146
3,Selvær,1,1014,4480,4480,8732602,7,Onøy og Lurøy,0.00019112142190400236,1229,0.18644882275849137,300,151
3,Selvær,1,1014,4103,4103,8P26578,9,Sleneset,0.00019039867054205367,1230,0.18644882275849137,300,151
3,Selvær,1,1014,4194,4194,8309277,5,Hestmannøy,0.0001899484076449782,1231,0.18644882275849137,300,144
3,Selvær,1,1014,392,392,8L52965,6,Indre Kvarøy,0.00018994262858459455,1232,0.18644882275849137,300,160
3,Selvær,1,1014,4061,4061,8P14981,14,Lauvøya,0.00018992993280783735,1233,0.18644882275849137,300,141
3,Selvær,1,1014,3927,3927,8P14300,8,Lovund,0.0001899236088960864,1234,0.18644882275849137,300,142
3,Selvær,1,1014,2642,2642,8N42033,8,Lovund,0.00018904911672097108,1235,0.18644882275849137,300,147
3,Selvær,1,1014,3884,3884,8P11899,14,Lauvøya,0.00018901507238533387,1236,0.18644882275849137,300,149
3,Selvær,1,1014,5081,5081,8934271,7,Onøy og Lurøy,0.00018893294844332897,1237,0.18644882275849137,300,138
3,Selvær,1,1014,1472,1472,8N05649,11,Leka,0.0001888274820946006,1238,0.18644882275849137,300,137
3,Selvær,1,1014,4659,4659,8747805,6,Indre Kvarøy,0.0001883629492090186,1239,0.18644882275849137,300,147
3,Selvær,1,1014,3187,3187,8N73605,14,Lauvøya,0.00018799928697066777,1240,0.18644882275849137,300,134
3,Selvær,1,1014,1408,1408,8N05446,6,Indre Kvarøy,0.00018772119565197098,1241,0.18644882275849137,300,140
3,Selvær,1,1014,220,220,8L48568,7,Onøy og Lurøy,0.00018766752146474346,1242,0.18644882275849137,300,147
3,Selvær,1,1014,4598,4598,8747573,9,Sleneset,0.000187665756452797,1243,0.18644882275849137,300,149
3,Selvær,1,1014,2669,2669,8N42272,5,Hestmannøy,0.00018753684179286214,1244,0.18644882275849137,300,136
3,Selvær,1,1014,495,495,8L64901,5,Hestmannøy,0.0001874989127823641,1245,0.18644882275849137,300,135
3,Selvær,1,1014,1031,1031,8M72265,8,Lovund,0.0001873745651514929,1246,0.18644882275849137,300,135
3,Selvær,1,1014,2754,2754,8N42732,4,Gjerøy,0.00018729814735124307,1247,0.18644882275849137,300,131
3,Selvær,1,1014,1579,1579,8N05884,11,Leka,0.0001872790798202832,1248,0.18644882275849137,300,154
3,Selvær,1,1014,985,985,8M71507,10,Aldra,0.00018718826700333903,1249,0.18644882275849137,300,142
3,Selvær,1,1014,4712,4712,8800022,5,Hestmannøy,0.0001870131278254902,1250,0.18644882275849137,300,150
3,Selvær,1,1014,4703,4703,8794346,9,Sleneset,0.00018693408742963304,1251,0.18644882275849137,300,143
3,Selvær,1,1014,3698,3698,8N87914,13,Vikna,0.00018690599921666887,1252,0.18644882275849137,300,149
3,Selvær,1,1014,4305,4305,8681040,4,Gjerøy,0.00018650150171803606,1253,0.18644882275849137,300,136
3,Selvær,1,1014,2402,2402,8N27325,4,Gjerøy,0.00018639069872333297,1254,0.18644882275849137,300,136
3,Selvær,1,1014,2777,2777,8N42942,6,Indre Kvarøy,0.00018634141301405885,1255,0.18644882275849137,300,145
3,Selvær,1,1014,1865,1865,8N13119,14,Lauvøya,0.00018618746330963101,1256,0.18644882275849137,300,137
3,Selvær,1,1014,1734,1734,8N06829,11,Leka,0.00018613032819829464,1257,0.18644882275849137,300,145
3,Selvær,1,1014,4898,4898,8857260,9,Sleneset,0.00018597502933294957,1258,0.18644882275849137,300,146
3,Selvær,1,1014,1794,1794,8N06892,11,Leka,0.00018597016376468653,1259,0.18644882275849137,300,159
3,Selvær,1,1014,1885,1885,8N13620,14,Lauvøya,0.00018594373218836237,1260,0.18644882275849137,300,140
3,Selvær,1,1014,4875,4875,8816959,4,Gjerøy,0.0001858196747083648,1261,0.18644882275849137,300,139
3,Selvær,1,1014,4527,4527,8747100,5,Hestmannøy,0.0001856231508734285,1262,0.18644882275849137,300,142
3,Selvær,1,1014,1978,1978,8N13862,14,Lauvøya,0.00018515537381114946,1263,0.18644882275849137,300,159
3,Selvær,1,1014,4785,4785,8800404,5,Hestmannøy,0.0001844789619147968,1264,0.18644882275849137,300,148
3,Selvær,1,1014,2814,2814,8N72354,6,Indre Kvarøy,0.00018436948924646063,1265,0.18644882275849137,300,152
3,Selvær,1,1014,647,647,8M31211,11,Leka,0.00018411201055772413,1266,0.18644882275849137,300,152
3,Selvær,1,1014,3419,3419,8N87116,4,Gjerøy,0.0001839422689080571,1267,0.18644882275849137,300,136
3,Selvær,1,1014,5473,5473,8981805,4,Gjerøy,0.00018392464621722464,1268,0.18644882275849137,300,144
3,Selvær,1,1014,3265,3265,8N73683,13,Vikna,0.0001838155951417315,1269,0.18644882275849137,300,144
3,Selvær,1,1014,5304,5304,8943080,4,Gjerøy,0.00018378348219566323,1270,0.18644882275849137,300,149
3,Selvær,1,1014,4708,4708,8794375,4,Gjerøy,0.00018356471787340478,1271,0.18644882275849137,300,140
3,Selvær,1,1014,2292,2292,8N14930,6,Indre Kvarøy,0.00018338171211843557,1272,0.18644882275849137,300,151
3,Selvær,1,1014,561,561,8L89394,4,Gjerøy,0.0001833445679342249,1273,0.18644882275849137,300,149
3,Selvær,1,1014,610,610,8L89644,6,Indre Kvarøy,0.00018321094364771176,1274,0.18644882275849137,300,151
3,Selvær,1,1014,919,919,8M71313,5,Hestmannøy,0.00018315411007565843,1275,0.18644882275849137,300,157
3,Selvær,1,1014,3667,3667,8N87882,13,Vikna,0.000183049783977878,1276,0.18644882275849137,300,148
3,Selvær,1,1014,2579,2579,8N28696,5,Hestmannøy,0.00018284194056551877,1277,0.18644882275849137,300,146
3,Selvær,1,1014,2191,2191,8N14608,13,Vikna,0.00018268092442503902,1278,0.18644882275849137,300,134
3,Selvær,1,1014,2421,2421,8N27408,7,Onøy og Lurøy,0.00018255371636936328,1279,0.18644882275849137,300,140
3,Selvær,1,1014,2022,2022,8N14011,7,Onøy og Lurøy,0.00018253975230268728,1280,0.18644882275849137,300,157
3,Selvær,1,1014,2547,2547,8N28440,8,Lovund,0.00018252490638531618,1281,0.18644882275849137,300,135
3,Selvær,1,1014,361,361,8L52555,4,Gjerøy,0.00018245490302998735,1282,0.18644882275849137,300,152
3,Selvær,1,1014,3247,3247,8N73665,13,Vikna,0.00018229677597961778,1283,0.18644882275849137,300,161
3,Selvær,1,1014,315,315,8L52357,11,Leka,0.00018227992391816556,1284,0.18644882275849137,300,150
3,Selvær,1,1014,863,863,8M71120,13,Vikna,0.00018218686512650576,1285,0.18644882275849137,300,152
3,Selvær,1,1014,584,584,8L89514,5,Hestmannøy,0.00018215268062641765,1286,0.18644882275849137,300,150
3,Selvær,1,1014,118,118,8L30633,12,Vega,0.00018165332964583417,1287,0.18644882275849137,300,146
3,Selvær,1,1014,1989,1989,8N13933,5,Hestmannøy,0.00018162581109125165,1288,0.18644882275849137,300,139
3,Selvær,1,1014,3151,3151,8N73499,12,Vega,0.00018157655918741886,1289,0.18644882275849137,300,149
3,Selvær,1,1014,4836,4836,8800935,10,Aldra,0.00018156092921548908,1290,0.18644882275849137,300,140
3,Selvær,1,1014,1449,1449,8N05619,14,Lauvøya,0.00018155479389182495,1291,0.18644882275849137,300,145
3,Selvær,1,1014,3207,3207,8N73625,13,Vikna,0.0001810636166719171,1292,0.18644882275849137,300,156
3,Selvær,1,1014,3050,3050,8N73250,14,Lauvøya,0.00018101717054337676,1293,0.18644882275849137,300,138
3,Selvær,1,1014,3087,3087,8N73434,11,Leka,0.00018098649320011828,1294,0.18644882275849137,300,152
3,Selvær,1,1014,3191,3191,8N73609,14,Lauvøya,0.00018083407462962022,1295,0.18644882275849137,300,143
3,Selvær,1,1014,1499,1499,8N05676,14,Lauvøya,0.00018073805347744806,1296,0.18644882275849137,300,153
3,Selvær,1,1014,2624,2624,8N28851,5,Hestmannøy,0.00018064549557526196,1297,0.18644882275849137,300,148
3,Selvær,1,1014,3869,3869,8P11752,7,Onøy og Lurøy,0.00018051894830368136,1298,0.18644882275849137,300,136
3,Selvær,1,1014,2063,2063,8N14189,5,Hestmannøy,0.00018035562612182232,1299,0.18644882275849137,300,141
3,Selvær,1,1014,4921,4921,8857754,5,Hestmannøy,0.00018022466033960872,1300,0.18644882275849137,300,138
3,Selvær,1,1014,2643,2643,8N42051,2,Træna,0.00017981465234908026,1301,0.18644882275849137,300,146
3,Selvær,1,1014,5207,5207,8939359,5,Hestmannøy,0.0001798064964155343,1302,0.18644882275849137,300,149
3,Selvær,1,1014,3374,3374,8N73977,12,Vega,0.00017976801429275778,1303,0.18644882275849137,300,137
3,Selvær,1,1014,1052,1052,8M72525,11,Leka,0.00017959168867860985,1304,0.18644882275849137,300,141
3,Selvær,1,1014,2339,2339,8N27073,14,Lauvøya,0.0001795459560992896,1305,0.18644882275849137,300,143
3,Selvær,1,1014,264,264,8L49934,1,Myken,0.000179406057632871,1306,0.18644882275849137,300,139
3,Selvær,1,1014,1299,1299,8N05210,12,Vega,0.00017918433335193436,1307,0.18644882275849137,300,154
3,Selvær,1,1014,5093,5093,8934304,5,Hestmannøy,0.00017908311269532122,1308,0.18644882275849137,300,143
3,Selvær,1,1014,1188,1188,8N05063,4,Gjerøy,0.0001789808661350515,1309,0.18644882275849137,300,152
3,Selvær,1,1014,2818,2818,8N72376,4,Gjerøy,0.00017889777756479417,1310,0.18644882275849137,300,138
3,Selvær,1,1014,2447,2447,8N27707,2,Træna,0.00017882642784486342,1311,0.18644882275849137,300,146
3,Selvær,1,1014,1420,1420,8N05533,5,Hestmannøy,0.00017857674840340246,1312,0.18644882275849137,300,158
3,Selvær,1,1014,5012,5012,8887449,5,Hestmannøy,0.0001785380899643825,1313,0.18644882275849137,300,147
3,Selvær,1,1014,2848,2848,8N72642,2,Træna,0.00017851243011245298,1314,0.18644882275849137,300,148
3,Selvær,1,1014,437,437,8L64157,2,Træna,0.00017837896709829422,1315,0.18644882275849137,300,142
3,Selvær,1,1014,2501,2501,8N28024,9,Sleneset,0.0001782326040381805,1316,0.18644882275849137,300,144
3,Selvær,1,1014,2054,2054,8N14164,5,Hestmannøy,0.000178213914287724,1317,0.18644882275849137,300,138
3,Selvær,1,1014,1136,1136,8M72832,6,Indre Kvarøy,0.00017813525451289446,1318,0.18644882275849137,300,154
3,Selvær,1,1014,1134,1134,8M72811,4,Gjerøy,0.00017812894085659058,1319,0.18644882275849137,300,151
3,Selvær,1,1014,661,661,8L89992,2,Træna,0.00017809842513582367,1320,0.18644882275849137,300,145
3,Selvær,1,1014,1147,1147,8M72884,4,Gjerøy,0.00017784788440126166,1321,0.18644882275849137,300,144
3,Selvær,1,1014,3490,3490,8N87542,11,Leka,0.00017770774622638427,1322,0.18644882275849137,300,153
3,Selvær,1,1014,2422,2422,8N27409,10,Aldra,0.00017768051588292237,1323,0.18644882275849137,300,146
3,Selvær,1,1014,4550,4550,8747258,6,Indre Kvarøy,0.00017767779587178983,1324,0.18644882275849137,300,141
3,Selvær,1,1014,287,287,8L52284,2,Træna,0.00017753194385176278,1325,0.18644882275849137,300,143
3,Selvær,1,1014,3993,3993,8P14845,14,Lauvøya,0.0001774964451095692,1326,0.18644882275849137,300,149
3,Selvær,1,1014,3153,3153,8N73501,5,Hestmannøy,0.00017722449216566087,1327,0.18644882275849137,300,142
3,Selvær,1,1014,3894,3894,8P14022,8,Lovund,0.00017709417304769418,1328,0.18644882275849137,300,143
3,Selvær,1,1014,2488,2488,8N27956,5,Hestmannøy,0.00017701545920275613,1329,0.18644882275849137,300,146
3,Selvær,1,1014,2557,2557,8N28538,9,Sleneset,0.00017685220028856364,1330,0.18644882275849137,300,147
3,Selvær,1,1014,4655,4655,8747777,5,Hestmannøy,0.00017669593755858577,1331,0.18644882275849137,300,151
3,Selvær,1,1014,4019,4019,8P14871,14,Lauvøya,0.00017663240895071335,1332,0.18644882275849137,300,139
3,Selvær,1,1014,3368,3368,8N73971,12,Vega,0.00017650672663002315,1333,0.18644882275849137,300,140
3,Selvær,1,1014,4270,4270,8651882,4,Gjerøy,0.00017648588445620238,1334,0.18644882275849137,300,139
3,Selvær,1,1014,5203,5203,8939342,7,Onøy og Lurøy,0.00017642374010114103,1335,0.18644882275849137,300,148
3,Selvær,1,1014,4618,4618,8747689,2,Træna,0.0001759297250123346,1336,0.18644882275849137,300,153
3,Selvær,1,1014,4059,4059,8P14980,14,Lauvøya,0.00017564100205927282,1337,0.18644882275849137,300,145
3,Selvær,1,1014,990,990,8M71520,5,Hestmannøy,0.00017557459984286278,1338,0.18644882275849137,300,142
3,Selvær,1,1014,3988,3988,8P14835,4,Gjerøy,0.0001754718084636451,1339,0.18644882275849137,300,148
3,Selvær,1,1014,4782,4782,8800390,6,Indre Kvarøy,0.000175429607278306,1340,0.18644882275849137,300,153
3,Selvær,1,1014,5399,5399,8981209,12,Vega,0.00017532604526388632,1341,0.18644882275849137,300,150
3,Selvær,1,1014,753,753,8M31562,5,Hestmannøy,0.0001752783435802998,1342,0.18644882275849137,300,144
3,Selvær,1,1014,2346,2346,8N27080,14,Lauvøya,0.00017505095525783944,1343,0.18644882275849137,300,153
3,Selvær,1,1014,5464,5464,8981741,4,Gjerøy,0.00017502686888714482,1344,0.18644882275849137,300,150
3,Selvær,1,1014,4108,4108,8P26683,7,Onøy og Lurøy,0.00017497114417660894,1345,0.18644882275849137,300,148
3,Selvær,1,1014,5225,5225,8939391,5,Hestmannøy,0.0001745694899977494,1346,0.18644882275849137,300,142
3,Selvær,1,1014,3412,3412,8N87070,5,Hestmannøy,0.0001744631487303715,1347,0.18644882275849137,300,142
3,Selvær,1,1014,4109,4109,8P26688,7,Onøy og Lurøy,0.00017442827597143339,1348,0.18644882275849137,300,139
3,Selvær,1,1014,2332,2332,8N27066,14,Lauvøya,0.00017440462058736719,1349,0.18644882275849137,300,149
3,Selvær,1,1014,1635,1635,8N06467,12,Vega,0.00017431884063747323,1350,0.18644882275849137,300,146
3,Selvær,1,1014,2672,2672,8N42276,5,Hestmannøy,0.0001742783527812649,1351,0.18644882275849137,300,141
3,Selvær,1,1014,646,646,8M31247,12,Vega,0.00017416653131573025,1352,0.18644882275849137,300,139
3,Selvær,1,1014,2692,2692,8N42501,5,Hestmannøy,0.00017416013492006847,1353,0.18644882275849137,300,141
3,Selvær,1,1014,1679,1679,8N06563,4,Gjerøy,0.00017415975859346236,1354,0.18644882275849137,300,134
3,Selvær,1,1014,5005,5005,8887319,6,Indre Kvarøy,0.00017411875998391734,1355,0.18644882275849137,300,148
3,Selvær,1,1014,4292,4292,8681008,0,Nesøy,0.00017405010545586244,1356,0.18644882275849137,300,145
3,Selvær,1,1014,3462,3462,8N87514,11,Leka,0.00017347071085711745,1357,0.18644882275849137,300,145
3,Selvær,1,1014,3482,3482,8N87534,11,Leka,0.00017346171944093928,1358,0.18644882275849137,300,144
3,Selvær,1,1014,1190,1190,8N05087,6,Indre Kvarøy,0.00017312530728959646,1359,0.18644882275849137,300,150
3,Selvær,1,1014,4036,4036,8P14955,14,Lauvøya,0.00017312147340744642,1360,0.18644882275849137,300,146
3,Selvær,1,1014,3116,3116,8N73463,11,Leka,0.0001730099715538255,1361,0.18644882275849137,300,135
3,Selvær,1,1014,2680,2680,8N42431,14,Lauvøya,0.00017265122461266523,1362,0.18644882275849137,300,153
3,Selvær,1,1014,658,658,8L89915,12,Vega,0.00017245863378488832,1363,0.18644882275849137,300,152
3,Selvær,1,1014,4814,4814,8800533,10,Aldra,0.00017224326650260523,1364,0.18644882275849137,300,145
3,Selvær,1,1014,5357,5357,8943880,5,Hestmannøy,0.00017210032950858725,1365,0.18644882275849137,300,146
3,Selvær,1,1014,5364,5364,8981007,5,Hestmannøy,0.0001720274889339418,1366,0.18644882275849137,300,138
3,Selvær,1,1014,5469,5469,8981801,5,Hestmannøy,0.00017181881055054052,1367,0.18644882275849137,300,136
3,Selvær,1,1014,4909,4909,8857401,4,Gjerøy,0.00017151511862830804,1368,0.18644882275849137,300,128
3,Selvær,1,1014,3318,3318,8N73921,11,Leka,0.0001714923312480863,1369,0.18644882275849137,300,142
3,Selvær,1,1014,1139,1139,8M72863,4,Gjerøy,0.00017149219989545867,1370,0.18644882275849137,300,145
3,Selvær,1,1014,2617,2617,8N28818,5,Hestmannøy,0.00017134636882752154,1371,0.18644882275849137,300,146
3,Selvær,1,1014,3321,3321,8N73924,11,Leka,0.00017119789801619707,1372,0.18644882275849137,300,139
3,Selvær,1,1014,4567,4567,8747366,5,Hestmannøy,0.00017108941677564918,1373,0.18644882275849137,300,148
3,Selvær,1,1014,4051,4051,8P14971,14,Lauvøya,0.00017107287224951326,1374,0.18644882275849137,300,153
3,Selvær,1,1014,3817,3817,8P11539,14,Lauvøya,0.00017059809200168329,1375,0.18644882275849137,300,140
3,Selvær,1,1014,1819,1819,8N13073,14,Lauvøya,0.00017054750682217858,1376,0.18644882275849137,300,138
3,Selvær,1,1014,679,679,8M31220,11,Leka,0.00017040545704901367,1377,0.18644882275849137,300,148
3,Selvær,1,1014,1122,1122,8M72737,4,Gjerøy,0.00017033784950247968,1378,0.18644882275849137,300,128
3,Selvær,1,1014,2824,2824,8N72438,8,Lovund,0.00017033333284600347,1379,0.18644882275849137,300,135
3,Selvær,1,1014,4698,4698,8794325,9,Sleneset,0.0001700055155407923,1380,0.18644882275849137,300,137
3,Selvær,1,1014,3826,3826,8P11549,14,Lauvøya,0.00016999534216711473,1381,0.18644882275849137,300,146
3,Selvær,1,1014,3799,3799,8P11521,14,Lauvøya,0.00016972274100496458,1382,0.18644882275849137,300,144
3,Selvær,1,1014,1556,1556,8N05857,11,Leka,0.00016971634929423764,1383,0.18644882275849137,300,158
3,Selvær,1,1014,3148,3148,8N73496,12,Vega,0.00016960918638128764,1384,0.18644882275849137,300,145
3,Selvær,1,1014,3531,3531,8N87584,11,Leka,0.00016959857935426782,1385,0.18644882275849137,300,132
3,Selvær,1,1014,1724,1724,8N06808,6,Indre Kvarøy,0.0001691334976831249,1386,0.18644882275849137,300,140
3,Selvær,1,1014,3518,3518,8N87570,11,Leka,0.00016881132173753906,1387,0.18644882275849137,300,149
3,Selvær,1,1014,1951,1951,8N13689,13,Vikna,0.00016872893632296414,1388,0.18644882275849137,300,140
3,Selvær,1,1014,400,400,8L57803,9,Sleneset,0.00016868680440255734,1389,0.18644882275849137,300,139
3,Selvær,1,1014,414,414,8L57918,2,Træna,0.00016840605997736467,1390,0.18644882275849137,300,149
3,Selvær,1,1014,1778,1778,8N06873,11,Leka,0.00016839482314006218,1391,0.18644882275849137,300,147
3,Selvær,1,1014,2529,2529,8N28285,2,Træna,0.00016835886841546805,1392,0.18644882275849137,300,147
3,Selvær,1,1014,3383,3383,8N73986,12,Vega,0.0001682500598365427,1393,0.18644882275849137,300,162
3,Selvær,1,1014,1007,1007,8M71835,4,Gjerøy,0.00016824189905583034,1394,0.18644882275849137,300,153
3,Selvær,1,1014,4499,4499,8732654,5,Hestmannøy,0.00016801413133074036,1395,0.18644882275849137,300,132
3,Selvær,1,1014,4118,4118,8P26743,7,Onøy og Lurøy,0.0001677202192002922,1396,0.18644882275849137,300,140
3,Selvær,1,1014,1565,1565,8N05867,11,Leka,0.00016766000047965457,1397,0.18644882275849137,300,159
3,Selvær,1,1014,4505,4505,8732670,7,Onøy og Lurøy,0.00016734384746211023,1398,0.18644882275849137,300,142
3,Selvær,1,1014,5297,5297,8943025,5,Hestmannøy,0.0001671022013621799,1399,0.18644882275849137,300,134
3,Selvær,1,1014,5147,5147,8934858,8,Lovund,0.0001662885232396447,1400,0.18644882275849137,300,138
3,Selvær,1,1014,2710,2710,8N42530,0,Nesøy,0.00016607943236065988,1401,0.18644882275849137,300,143
3,Selvær,1,1014,4768,4768,8800338,7,Onøy og Lurøy,0.00016601176753654073,1402,0.18644882275849137,300,147
3,Selvær,1,1014,2744,2744,8N42709,4,Gjerøy,0.00016599032997291604,1403,0.18644882275849137,300,146
3,Selvær,1,1014,3405,3405,8N87058,5,Hestmannøy,0.00016595575839339763,1404,0.18644882275849137,300,155
3,Selvær,1,1014,2381,2381,8N27197,14,Lauvøya,0.0001659478252884788,1405,0.18644882275849137,300,133
3,Selvær,1,1014,3040,3040,8N73239,12,Vega,0.00016580522545622356,1406,0.18644882275849137,300,139
3,Selvær,1,1014,3150,3150,8N73498,12,Vega,0.00016576830806485352,1407,0.18644882275849137,300,143
3,Selvær,1,1014,3334,3334,8N73937,12,Vega,0.00016574119476149842,1408,0.18644882275849137,300,139
3,Selvær,1,1014,2925,2925,8N72923,13,Vikna,0.00016559480694135542,1409,0.18644882275849137,300,132
3,Selvær,1,1014,3013,3013,8N73212,12,Vega,0.00016533523085798227,1410,0.18644882275849137,300,156
3,Selvær,1,1014,4341,4341,8681184,4,Gjerøy,0.0001653147553922774,1411,0.18644882275849137,300,149
3,Selvær,1,1014,5405,5405,8981253,5,Hestmannøy,0.00016520461076432392,1412,0.18644882275849137,300,141
3,Selvær,1,1014,1544,1544,8N05810,5,Hestmannøy,0.0001651979821163716,1413,0.18644882275849137,300,147
3,Selvær,1,1014,5037,5037,8917830,2,Træna,0.0001651710499243471,1414,0.18644882275849137,300,141
3,Selvær,1,1014,5234,5234,8939521,4,Gjerøy,0.0001650976402364879,1415,0.18644882275849137,300,136
3,Selvær,1,1014,2190,2190,8N14607,13,Vikna,0.00016500432253595967,1416,0.18644882275849137,300,150
3,Selvær,1,1014,605,605,8L89637,5,Hestmannøy,0.00016460395327166759,1417,0.18644882275849137,300,151
3,Selvær,1,1014,4354,4354,8681283,7,Onøy og Lurøy,0.00016450318243474207,1418,0.18644882275849137,300,141
3,Selvær,1,1014,3671,3671,8N87886,13,Vikna,0.00016447945147943333,1419,0.18644882275849137,300,149
3,Selvær,1,1014,3668,3668,8N87883,13,Vikna,0.00016438246749348465,1420,0.18644882275849137,300,149
3,Selvær,1,1014,4826,4826,8800606,8,Lovund,0.0001640926390551919,1421,0.18644882275849137,300,139
3,Selvær,1,1014,4529,4529,8747102,5,Hestmannøy,0.00016405167121444025,1422,0.18644882275849137,300,143
3,Selvær,1,1014,205,205,8L48457,10,Aldra,0.00016397894514781435,1423,0.18644882275849137,300,138
3,Selvær,1,1014,540,540,8L89337,5,Hestmannøy,0.00016394728694244017,1424,0.18644882275849137,300,140
3,Selvær,1,1014,2662,2662,8N42214,9,Sleneset,0.00016362318031416348,1425,0.18644882275849137,300,144
3,Selvær,1,1014,1053,1053,8M72527,11,Leka,0.00016341454725543345,1426,0.18644882275849137,300,134
3,Selvær,1,1014,4430,4430,8730584,5,Hestmannøy,0.000163406571229103,1427,0.18644882275849137,300,147
3,Selvær,1,1014,2008,2008,8N13983,5,Hestmannøy,0.000163234210521978,1428,0.18644882275849137,300,136
3,Selvær,1,1014,2114,2114,8N14529,11,Leka,0.00016322341708527603,1429,0.18644882275849137,300,143
3,Selvær,1,1014,1702,1702,8N06690,14,Lauvøya,0.00016315228941033862,1430,0.18644882275849137,300,138
3,Selvær,1,1014,5429,5429,8981336,11,Leka,0.00016303088135657135,1431,0.18644882275849137,300,143
3,Selvær,1,1014,2349,2349,8N27083,14,Lauvøya,0.0001628706116464427,1432,0.18644882275849137,300,156
3,Selvær,1,1014,4914,4914,8857609,9,Sleneset,0.00016263690152031247,1433,0.18644882275849137,300,142
3,Selvær,1,1014,3372,3372,8N73975,12,Vega,0.0001625816666379889,1434,0.18644882275849137,300,147
3,Selvær,1,1014,5202,5202,8939341,7,Onøy og Lurøy,0.00016245049608403617,1435,0.18644882275849137,300,134
3,Selvær,1,1014,4949,4949,8887206,4,Gjerøy,0.00016235806104470345,1436,0.18644882275849137,300,136
3,Selvær,1,1014,2482,2482,8N27927,5,Hestmannøy,0.00016176814397660292,1437,0.18644882275849137,300,140
3,Selvær,1,1014,4906,4906,8857279,10,Aldra,0.00016174986940440647,1438,0.18644882275849137,300,138
3,Selvær,1,1014,174,174,8L48304,5,Hestmannøy,0.0001617338487080615,1439,0.18644882275849137,300,143
3,Selvær,1,1014,404,404,8L57857,9,Sleneset,0.00016170363945442384,1440,0.18644882275849137,300,143
3,Selvær,1,1014,4082,4082,8P26193,5,Hestmannøy,0.0001616340542189827,1441,0.18644882275849137,300,148
3,Selvær,1,1014,2700,2700,8N42514,5,Hestmannøy,0.00016155142851756912,1442,0.18644882275849137,300,150
3,Selvær,1,1014,2204,2204,8N14621,13,Vikna,0.00016155000214480354,1443,0.18644882275849137,300,143
3,Selvær,1,1014,1336,1336,8N05248,13,Vikna,0.00016131174118268004,1444,0.18644882275849137,300,143
3,Selvær,1,1014,5261,5261,8939705,6,Indre Kvarøy,0.00016095572929163414,1445,0.18644882275849137,300,149
3,Selvær,1,1014,2706,2706,8N42522,5,Hestmannøy,0.0001608284869029002,1446,0.18644882275849137,300,161
3,Selvær,1,1014,3784,3784,8P11321,4,Gjerøy,0.00016064988317204433,1447,0.18644882275849137,300,155
3,Selvær,1,1014,5042,5042,8917941,8,Lovund,0.00016063987370150686,1448,0.18644882275849137,300,141
3,Selvær,1,1014,4565,4565,8747310,8,Lovund,0.0001603094130800136,1449,0.18644882275849137,300,146
3,Selvær,1,1014,3773,3773,8N87989,13,Vikna,0.00016027392606023083,1450,0.18644882275849137,300,149
3,Selvær,1,1014,5280,5280,8939860,8,Lovund,0.00016020251700936343,1451,0.18644882275849137,300,142
3,Selvær,1,1014,544,544,8L89358,4,Gjerøy,0.00016015014940678563,1452,0.18644882275849137,300,136
3,Selvær,1,1014,3224,3224,8N73642,13,Vikna,0.0001601155449579609,1453,0.18644882275849137,300,148
3,Selvær,1,1014,877,877,8M71201,6,Indre Kvarøy,0.0001601129259512455,1454,0.18644882275849137,300,145
3,Selvær,1,1014,4283,4283,8651997,5,Hestmannøy,0.0001598215419052151,1455,0.18644882275849137,300,140
3,Selvær,1,1014,5432,5432,8981352,11,Leka,0.00015964339331813883,1456,0.18644882275849137,300,143
3,Selvær,1,1014,5129,5129,8934514,2,Træna,0.0001596335209105072,1457,0.18644882275849137,300,146
3,Selvær,1,1014,3410,3410,8N87068,5,Hestmannøy,0.0001596159670563891,1458,0.18644882275849137,300,145
3,Selvær,1,1014,4029,4029,8P14932,14,Lauvøya,0.0001593955234056689,1459,0.18644882275849137,300,151
3,Selvær,1,1014,2652,2652,8N42126,6,Indre Kvarøy,0.00015921899156028235,1460,0.18644882275849137,300,139
3,Selvær,1,1014,3945,3945,8P14457,6,Indre Kvarøy,0.000159137319462654,1461,0.18644882275849137,300,143
3,Selvær,1,1014,1258,1258,8N05168,12,Vega,0.0001588565344794634,1462,0.18644882275849137,300,145
3,Selvær,1,1014,3491,3491,8N87543,11,Leka,0.00015828046310479945,1463,0.18644882275849137,300,137
3,Selvær,1,1014,4545,4545,8747227,5,Hestmannøy,0.00015821449628664776,1464,0.18644882275849137,300,134
3,Selvær,1,1014,1450,1450,8N05620,14,Lauvøya,0.00015788589935370777,1465,0.18644882275849137,300,158
3,Selvær,1,1014,4250,4250,8651695,5,Hestmannøy,0.0001578558143726183,1466,0.18644882275849137,300,144
3,Selvær,1,1014,2832,2832,8N72512,4,Gjerøy,0.0001577836310702363,1467,0.18644882275849137,300,148
3,Selvær,1,1014,3245,3245,8N73663,13,Vikna,0.0001577049475921595,1468,0.18644882275849137,300,141
3,Selvær,1,1014,5351,5351,8943803,10,Aldra,0.00015761102567869365,1469,0.18644882275849137,300,147
3,Selvær,1,1014,5106,5106,8934369,5,Hestmannøy,0.00015744353767011224,1470,0.18644882275849137,300,150
3,Selvær,1,1014,1593,1593,8N05907,0,Nesøy,0.0001573205495587449,1471,0.18644882275849137,300,151
3,Selvær,1,1014,196,196,8L48440,5,Hestmannøy,0.00015722687954322954,1472,0.18644882275849137,300,143
3,Selvær,1,1014,1836,1836,8N13286,9,Sleneset,0.00015694575361334653,1473,0.18644882275849137,300,140
3,Selvær,1,1014,2129,2129,8N14544,11,Leka,0.0001568724773558628,1474,0.18644882275849137,300,147
3,Selvær,1,1014,5370,5370,8981024,5,Hestmannøy,0.000156833610362569,1475,0.18644882275849137,300,128
3,Selvær,1,1014,5323,5323,8943339,11,Leka,0.0001567113365711817,1476,0.18644882275849137,300,143
3,Selvær,1,1014,5073,5073,8934224,4,Gjerøy,0.00015657441697875633,1477,0.18644882275849137,300,140
3,Selvær,1,1014,213,213,8L48478,4,Gjerøy,0.0001565469817904017,1478,0.18644882275849137,300,152
3,Selvær,1,1014,2330,2330,8N27061,14,Lauvøya,0.0001565451916537374,1479,0.18644882275849137,300,144
3,Selvær,1,1014,4652,4652,8747759,4,Gjerøy,0.00015652233322905194,1480,0.18644882275849137,300,154
3,Selvær,1,1014,5291,5291,8939933,11,Leka,0.00015648640803843792,1481,0.18644882275849137,300,139
3,Selvær,1,1014,1398,1398,8N05358,14,Lauvøya,0.0001563041036813977,1482,0.18644882275849137,300,147
3,Selvær,1,1014,4206,4206,8537700,0,Nesøy,0.00015579470154992135,1483,0.18644882275849137,300,131
3,Selvær,1,1014,4721,4721,8800042,4,Gjerøy,0.0001556539533304861,1484,0.18644882275849137,300,150
3,Selvær,1,1014,1806,1806,8N06922,5,Hestmannøy,0.00015564130244136114,1485,0.18644882275849137,300,136
3,Selvær,1,1014,1975,1975,8N13859,14,Lauvøya,0.0001555943070867119,1486,0.18644882275849137,300,137
3,Selvær,1,1014,1973,1973,8N13856,14,Lauvøya,0.00015551004054657923,1487,0.18644882275849137,300,144
3,Selvær,1,1014,4171,4171,8309164,10,Aldra,0.00015529022138296696,1488,0.18644882275849137,300,149
3,Selvær,1,1014,4034,4034,8P14947,14,Lauvøya,0.00015525996421693767,1489,0.18644882275849137,300,146
3,Selvær,1,1014,4159,4159,8168768,5,Hestmannøy,0.00015518807330287777,1490,0.18644882275849137,300,143
3,Selvær,1,1014,1041,1041,8M72413,13,Vikna,0.0001547190109199524,1491,0.18644882275849137,300,138
3,Selvær,1,1014,3965,3965,8P14642,9,Sleneset,0.0001544589611791022,1492,0.18644882275849137,300,140
3,Selvær,1,1014,2625,2625,8N28853,5,Hestmannøy,0.00015443974812008875,1493,0.18644882275849137,300,132
3,Selvær,1,1014,4763,4763,8800314,5,Hestmannøy,0.00015404519751404725,1494,0.18644882275849137,300,138
3,Selvær,1,1014,4277,4277,8651929,7,Onøy og Lurøy,0.00015403479710293162,1495,0.18644882275849137,300,139
3,Selvær,1,1014,2844,2844,8N72603,4,Gjerøy,0.00015394678645129126,1496,0.18644882275849137,300,152
3,Selvær,1,1014,67,67,8L26586,5,Hestmannøy,0.0001538418127224212,1497,0.18644882275849137,300,139
3,Selvær,1,1014,469,469,8L64501,12,Vega,0.00015372711373667116,1498,0.18644882275849137,300,142
3,Selvær,1,1014,3580,3580,8N87730,5,Hestmannøy,0.00015372532990603102,1499,0.18644882275849137,300,131
3,Selvær,1,1014,1128,1128,8M72766,6,Indre Kvarøy,0.000153661059704758,1500,0.18644882275849137,300,141
3,Selvær,1,1014,1572,1572,8N05876,11,Leka,0.00015358787027523217,1501,0.18644882275849137,300,139
3,Selvær,1,1014,4195,4195,8309283,5,Hestmannøy,0.00015339996867905927,1502,0.18644882275849137,300,149
3,Selvær,1,1014,1,1,8L19556,8,Lovund,0.00015327766901611635,1503,0.18644882275849137,300,148
3,Selvær,1,1014,3344,3344,8N73947,12,Vega,0.00015313359237558845,1504,0.18644882275849137,300,145
3,Selvær,1,1014,2889,2889,8N72724,5,Hestmannøy,0.00015287141361932776,1505,0.18644882275849137,300,142
3,Selvær,1,1014,1064,1064,8M72557,11,Leka,0.0001528408292965572,1506,0.18644882275849137,300,144
3,Selvær,1,1014,3123,3123,8N73470,11,Leka,0.00015279349063918618,1507,0.18644882275849137,300,151
3,Selvær,1,1014,717,717,8M31372,5,Hestmannøy,0.00015264910247745754,1508,0.18644882275849137,300,157
3,Selvær,1,1014,4274,4274,8651903,2,Træna,0.00015263998025280898,1509,0.18644882275849137,300,137
3,Selvær,1,1014,463,463,8M71353,12,Vega,0.0001525548582370108,1510,0.18644882275849137,300,127
3,Selvær,1,1014,708,708,8M31334,5,Hestmannøy,0.0001525480639466528,1511,0.18644882275849137,300,144
3,Selvær,1,1014,2005,2005,8N13976,5,Hestmannøy,0.000152266793999546,1512,0.18644882275849137,300,146
3,Selvær,1,1014,4184,4184,8309252,5,Hestmannøy,0.00015223372420027396,1513,0.18644882275849137,300,145
3,Selvær,1,1014,2717,2717,8N42544,5,Hestmannøy,0.0001519435867763164,1514,0.18644882275849137,300,141
3,Selvær,1,1014,3403,3403,8N87056,5,Hestmannøy,0.0001519215835853664,1515,0.18644882275849137,300,145
3,Selvær,1,1014,4065,4065,8P14983,14,Lauvøya,0.0001517631803795757,1516,0.18644882275849137,300,135
3,Selvær,1,1014,4578,4578,8747515,7,Onøy og Lurøy,0.0001516322175765776,1517,0.18644882275849137,300,134
3,Selvær,1,1014,5055,5055,8934042,9,Sleneset,0.00015161353763292992,1518,0.18644882275849137,300,136
3,Selvær,1,1014,1095,1095,8M72640,6,Indre Kvarøy,0.0001513559416041063,1519,0.18644882275849137,300,140
3,Selvær,1,1014,5383,5383,8981092,11,Leka,0.00015114772494701927,1520,0.18644882275849137,300,146
3,Selvær,1,1014,4624,4624,8747699,5,Hestmannøy,0.00015113475430290687,1521,0.18644882275849137,300,151
3,Selvær,1,1014,4641,4641,8747737,9,Sleneset,0.00015111215545934476,1522,0.18644882275849137,300,140
3,Selvær,1,1014,2192,2192,8N14609,13,Vikna,0.00015100811551640973,1523,0.18644882275849137,300,137
3,Selvær,1,1014,1530,1530,8N05713,6,Indre Kvarøy,0.0001507435433000242,1524,0.18644882275849137,300,144
3,Selvær,1,1014,1140,1140,8M72864,4,Gjerøy,0.00015067979815183146,1525,0.18644882275849137,300,150
3,Selvær,1,1014,1599,1599,8N05957,14,Lauvøya,0.00015064330925276738,1526,0.18644882275849137,300,149
3,Selvær,1,1014,1089,1089,8M72617,4,Gjerøy,0.000150508542373797,1527,0.18644882275849137,300,159
3,Selvær,1,1014,1744,1744,8N06839,11,Leka,0.00015050041765219958,1528,0.18644882275849137,300,154
3,Selvær,1,1014,1900,1900,8N13635,14,Lauvøya,0.0001504726319886138,1529,0.18644882275849137,300,135
3,Selvær,1,1014,2936,2936,8N72935,13,Vikna,0.00015037502449303258,1530,0.18644882275849137,300,148
3,Selvær,1,1014,2658,2658,8N42186,2,Træna,0.00015023905558176565,1531,0.18644882275849137,300,144
3,Selvær,1,1014,4245,4245,8651576,0,Nesøy,0.0001501451522716574,1532,0.18644882275849137,300,140
3,Selvær,1,1014,1639,1639,8N06470,12,Vega,0.00015008135466070495,1533,0.18644882275849137,300,152
3,Selvær,1,1014,3477,3477,8N87529,11,Leka,0.00015005429533582247,1534,0.18644882275849137,300,141
3,Selvær,1,1014,3537,3537,8N87590,11,Leka,0.0001499048516025833,1535,0.18644882275849137,300,140
3,Selvær,1,1014,2287,2287,8N14910,5,Hestmannøy,0.0001497921347129862,1536,0.18644882275849137,300,141
3,Selvær,1,1014,1907,1907,8N13644,14,Lauvøya,0.00014978081529763926,1537,0.18644882275849137,300,144
3,Selvær,1,1014,4080,4080,8P14999,14,Lauvøya,0.0001496220256536997,1538,0.18644882275849137,300,140
3,Selvær,1,1014,700,700,8M31304,4,Gjerøy,0.00014950383355781315,1539,0.18644882275849137,300,151
3,Selvær,1,1014,2076,2076,8N14292,14,Lauvøya,0.0001494091734598576,1540,0.18644882275849137,300,146
3,Selvær,1,1014,2139,2139,8N14555,11,Leka,0.00014914987560662557,1541,0.18644882275849137,300,147
3,Selvær,1,1014,1912,1912,8N13649,14,Lauvøya,0.00014910277126843543,1542,0.18644882275849137,300,143
3,Selvær,1,1014,3900,3900,8P14060,4,Gjerøy,0.00014875538521059826,1543,0.18644882275849137,300,138
3,Selvær,1,1014,16,16,8L19825,4,Gjerøy,0.0001486998839912634,1544,0.18644882275849137,300,145
3,Selvær,1,1014,1111,1111,8M72693,14,Lauvøya,0.00014866280560326428,1545,0.18644882275849137,300,146
3,Selvær,1,1014,3859,3859,8P11606,9,Sleneset,0.00014866274942975318,1546,0.18644882275849137,300,153
3,Selvær,1,1014,1340,1340,8N05252,13,Vikna,0.00014845092787631582,1547,0.18644882275849137,300,162
3,Selvær,1,1014,2558,2558,8N28541,9,Sleneset,0.00014831631330164738,1548,0.18644882275849137,300,152
3,Selvær,1,1014,740,740,8M31526,4,Gjerøy,0.0001482235339936659,1549,0.18644882275849137,300,137
3,Selvær,1,1014,2283,2283,8N14901,5,Hestmannøy,0.00014809108582710027,1550,0.18644882275849137,300,145
3,Selvær,1,1014,3520,3520,8N87572,11,Leka,0.00014801867013440346,1551,0.18644882275849137,300,157
3,Selvær,1,1014,1143,1143,8M72878,5,Hestmannøy,0.0001478935387247114,1552,0.18644882275849137,300,144
3,Selvær,1,1014,1743,1743,8N06838,11,Leka,0.0001478535729947936,1553,0.18644882275849137,300,143
3,Selvær,1,1014,4765,4765,8800330,7,Onøy og Lurøy,0.00014777290147235085,1554,0.18644882275849137,300,150
3,Selvær,1,1014,1378,1378,8N05291,13,Vikna,0.00014776095276240026,1555,0.18644882275849137,300,146
3,Selvær,1,1014,1661,1661,8N06492,12,Vega,0.0001477504318181965,1556,0.18644882275849137,300,130
3,Selvær,1,1014,3474,3474,8N87526,11,Leka,0.00014747666808424833,1557,0.18644882275849137,300,139
3,Selvær,1,1014,2149,2149,8N14566,11,Leka,0.00014745474901692535,1558,0.18644882275849137,300,129
3,Selvær,1,1014,35,35,8L19930,10,Aldra,0.00014739688836677014,1559,0.18644882275849137,300,134
3,Selvær,1,1014,4314,4314,8681057,6,Indre Kvarøy,0.00014736747042818927,1560,0.18644882275849137,300,139
3,Selvær,1,1014,3091,3091,8N73438,11,Leka,0.0001473169851026398,1561,0.18644882275849137,300,140
3,Selvær,1,1014,5316,5316,8943141,0,Nesøy,0.00014728651706735066,1562,0.18644882275849137,300,154
3,Selvær,1,1014,603,603,8L89626,4,Gjerøy,0.00014718388280027917,1563,0.18644882275849137,300,157
3,Selvær,1,1014,3764,3764,8N87980,13,Vikna,0.00014714404401361693,1564,0.18644882275849137,300,155
3,Selvær,1,1014,368,368,8L52596,5,Hestmannøy,0.0001468080553416438,1565,0.18644882275849137,300,144
3,Selvær,1,1014,3966,3966,8P14605,7,Onøy og Lurøy,0.00014668996727966427,1566,0.18644882275849137,300,140
3,Selvær,1,1014,3825,3825,8P11548,14,Lauvøya,0.0001464080591444303,1567,0.18644882275849137,300,137
3,Selvær,1,1014,2166,2166,8N14583,11,Leka,0.00014634542006026983,1568,0.18644882275849137,300,131
3,Selvær,1,1014,3888,3888,8P11997,6,Indre Kvarøy,0.00014603552630710001,1569,0.18644882275849137,300,138
3,Selvær,1,1014,5041,5041,8917940,8,Lovund,0.00014596073923750174,1570,0.18644882275849137,300,150
3,Selvær,1,1014,3447,3447,8N87339,4,Gjerøy,0.00014591401467991698,1571,0.18644882275849137,300,135
3,Selvær,1,1014,975,975,8M71490,13,Vikna,0.0001459130850718618,1572,0.18644882275849137,300,146
3,Selvær,1,1014,4302,4302,8681034,5,Hestmannøy,0.00014579904693572433,1573,0.18644882275849137,300,149
3,Selvær,1,1014,3936,3936,8N14341,14,Lauvøya,0.0001456270321130373,1574,0.18644882275849137,300,144
3,Selvær,1,1014,4400,4400,8730439,5,Hestmannøy,0.00014529403912707408,1575,0.18644882275849137,300,144
3,Selvær,1,1014,530,530,8L89282,0,Nesøy,0.0001452838394879655,1576,0.18644882275849137,300,149
3,Selvær,1,1014,1564,1564,8N05866,11,Leka,0.00014524308097400813,1577,0.18644882275849137,300,146
3,Selvær,1,1014,5092,5092,8934302,5,Hestmannøy,0.0001452074470699388,1578,0.18644882275849137,300,148
3,Selvær,1,1014,2069,2069,8N14231,4,Gjerøy,0.00014518015758909088,1579,0.18644882275849137,300,145
3,Selvær,1,1014,2574,2574,8N28690,6,Indre Kvarøy,0.00014515708572402375,1580,0.18644882275849137,300,139
3,Selvær,1,1014,3975,3975,8P14769,1,Myken,0.00014504111258234478,1581,0.18644882275849137,300,142
3,Selvær,1,1014,5018,5018,8887477,4,Gjerøy,0.00014492812125562634,1582,0.18644882275849137,300,139
3,Selvær,1,1014,2468,2468,8N27891,6,Indre Kvarøy,0.000144772364789005,1583,0.18644882275849137,300,139
3,Selvær,1,1014,178,178,8L48313,5,Hestmannøy,0.0001443291255668157,1584,0.18644882275849137,300,152
3,Selvær,1,1014,1330,1330,8N05241,13,Vikna,0.0001436610008320154,1585,0.18644882275849137,300,136
3,Selvær,1,1014,800,800,8L89157,13,Vikna,0.00014334306960352811,1586,0.18644882275849137,300,144
3,Selvær,1,1014,674,674,8M31210,11,Leka,0.0001431863751047291,1587,0.18644882275849137,300,131
3,Selvær,1,1014,3276,3276,8N73695,13,Vikna,0.00014306014654661838,1588,0.18644882275849137,300,141
3,Selvær,1,1014,3478,3478,8N87530,11,Leka,0.0001428852299677899,1589,0.18644882275849137,300,146
3,Selvær,1,1014,2491,2491,8N27965,8,Lovund,0.00014279577415974887,1590,0.18644882275849137,300,144
3,Selvær,1,1014,2808,2808,8N72332,4,Gjerøy,0.0001427847735019975,1591,0.18644882275849137,300,152
3,Selvær,1,1014,384,384,8L52932,4,Gjerøy,0.00014256854247026666,1592,0.18644882275849137,300,138
3,Selvær,1,1014,960,960,8L57988,13,Vikna,0.00014250361875390942,1593,0.18644882275849137,300,131
3,Selvær,1,1014,1632,1632,8N06463,12,Vega,0.00014220908573852614,1594,0.18644882275849137,300,141
3,Selvær,1,1014,5424,5424,8981293,5,Hestmannøy,0.0001420186278220318,1595,0.18644882275849137,300,153
3,Selvær,1,1014,4242,4242,8651539,4,Gjerøy,0.0001419674110724807,1596,0.18644882275849137,300,144
3,Selvær,1,1014,5474,5474,8981806,5,Hestmannøy,0.00014179074798410568,1597,0.18644882275849137,300,148
3,Selvær,1,1014,3379,3379,8N73982,12,Vega,0.00014165354621375776,1598,0.18644882275849137,300,140
3,Selvær,1,1014,3855,3855,8P11579,5,Hestmannøy,0.0001416394621240714,1599,0.18644882275849137,300,145
3,Selvær,1,1014,5317,5317,8943142,0,Nesøy,0.00014147011893934463,1600,0.18644882275849137,300,143
3,Selvær,1,1014,1816,1816,8N06989,6,Indre Kvarøy,0.0001413534139108148,1601,0.18644882275849137,300,135
3,Selvær,1,1014,3472,3472,8N87524,11,Leka,0.00014113103563069508,1602,0.18644882275849137,300,140
3,Selvær,1,1014,2603,2603,8N28788,14,Lauvøya,0.00014112305386850628,1603,0.18644882275849137,300,147
3,Selvær,1,1014,1766,1766,8N06861,11,Leka,0.0001410991841509248,1604,0.18644882275849137,300,147
3,Selvær,1,1014,3330,3330,8N73933,12,Vega,0.00014099476654763423,1605,0.18644882275849137,300,150
3,Selvær,1,1014,2470,2470,8N27894,6,Indre Kvarøy,0.0001409283000316698,1606,0.18644882275849137,300,139
3,Selvær,1,1014,29,29,8L19919,5,Hestmannøy,0.00014058562376409884,1607,0.18644882275849137,300,129
3,Selvær,1,1014,4889,4889,8857231,5,Hestmannøy,0.00014054291465673412,1608,0.18644882275849137,300,135
3,Selvær,1,1014,331,331,8L52387,11,Leka,0.00014045646239561587,1609,0.18644882275849137,300,138
3,Selvær,1,1014,4663,4663,8747813,10,Aldra,0.00014040979751956187,1610,0.18644882275849137,300,140
3,Selvær,1,1014,2776,2776,8N42931,5,Hestmannøy,0.00014032123849973578,1611,0.18644882275849137,300,141
3,Selvær,1,1014,1830,1830,8N05700,14,Lauvøya,0.0001401717331111893,1612,0.18644882275849137,300,147
3,Selvær,1,1014,60,60,8L26528,6,Indre Kvarøy,0.000140164708736103,1613,0.18644882275849137,300,135
3,Selvær,1,1014,902,902,8M71283,4,Gjerøy,0.00014006386047476658,1614,0.18644882275849137,300,139
3,Selvær,1,1014,102,102,8L30451,6,Indre Kvarøy,0.00013979815901475439,1615,0.18644882275849137,300,138
3,Selvær,1,1014,1776,1776,8N06871,11,Leka,0.0001395431228816308,1616,0.18644882275849137,300,144
3,Selvær,1,1014,2469,2469,8N27892,6,Indre Kvarøy,0.00013943156853047747,1617,0.18644882275849137,300,141
3,Selvær,1,1014,3162,3162,8N73510,5,Hestmannøy,0.00013940229538266871,1618,0.18644882275849137,300,148
3,Selvær,1,1014,5439,5439,8981545,5,Hestmannøy,0.00013930990637937276,1619,0.18644882275849137,300,136
3,Selvær,1,1014,2605,2605,8N28790,14,Lauvøya,0.00013921152488928113,1620,0.18644882275849137,300,143
3,Selvær,1,1014,683,683,8M31253,8,Lovund,0.00013916368362586228,1621,0.18644882275849137,300,152
3,Selvær,1,1014,4126,4126,8118429,6,Indre Kvarøy,0.00013915469422393626,1622,0.18644882275849137,300,144
3,Selvær,1,1014,3976,3976,8P14793,4,Gjerøy,0.0001391142751314603,1623,0.18644882275849137,300,147
3,Selvær,1,1014,3111,3111,8N73458,11,Leka,0.00013901453843644739,1624,0.18644882275849137,300,156
3,Selvær,1,1014,4180,4180,8309197,5,Hestmannøy,0.00013900984716910624,1625,0.18644882275849137,300,148
3,Selvær,1,1014,3511,3511,8N87563,11,Leka,0.00013890102595156065,1626,0.18644882275849137,300,148
3,Selvær,1,1014,878,878,8M71204,5,Hestmannøy,0.000138737763016588,1627,0.18644882275849137,300,136
3,Selvær,1,1014,2953,2953,8N72953,13,Vikna,0.0001385658408992962,1628,0.18644882275849137,300,138
3,Selvær,1,1014,2347,2347,8N27081,14,Lauvøya,0.00013849360267604357,1629,0.18644882275849137,300,140
3,Selvær,1,1014,1672,1672,8N06519,4,Gjerøy,0.00013821489008777004,1630,0.18644882275849137,300,145
3,Selvær,1,1014,621,621,8L89689,4,Gjerøy,0.0001382087407069426,1631,0.18644882275849137,300,149
3,Selvær,1,1014,3932,3932,8P14329,14,Lauvøya,0.00013814386376261137,1632,0.18644882275849137,300,151
3,Selvær,1,1014,5449,5449,8981701,0,Nesøy,0.00013812220818881963,1633,0.18644882275849137,300,137
3,Selvær,1,1014,4996,4996,8887373,4,Gjerøy,0.00013808746443307206,1634,0.18644882275849137,300,137
3,Selvær,1,1014,396,396,8L52978,5,Hestmannøy,0.0001380144705122542,1635,0.18644882275849137,300,140
3,Selvær,1,1014,4074,4074,8P14993,14,Lauvøya,0.0001378614380671622,1636,0.18644882275849137,300,137
3,Selvær,1,1014,3872,3872,8P11786,2,Træna,0.00013769944126925196,1637,0.18644882275849137,300,143
3,Selvær,1,1014,140,140,8L30764,12,Vega,0.00013758649593275358,1638,0.18644882275849137,300,141
3,Selvær,1,1014,2630,2630,8N28898,14,Lauvøya,0.00013756146396747947,1639,0.18644882275849137,300,135
3,Selvær,1,1014,2463,2463,8N27874,4,Gjerøy,0.00013754596041504132,1640,0.18644882275849137,300,144
3,Selvær,1,1014,1987,1987,8N13931,5,Hestmannøy,0.00013753778526255284,1641,0.18644882275849137,300,140
3,Selvær,1,1014,5211,5211,8939368,7,Onøy og Lurøy,0.00013745410268237783,1642,0.18644882275849137,300,143
3,Selvær,1,1014,4979,4979,8887316,6,Indre Kvarøy,0.00013739149321081504,1643,0.18644882275849137,300,148
3,Selvær,1,1014,1666,1666,8N06497,12,Vega,0.00013734433109891195,1644,0.18644882275849137,300,138
3,Selvær,1,1014,2902,2902,8N72826,14,Lauvøya,0.00013700675989830683,1645,0.18644882275849137,300,139
3,Selvær,1,1014,1475,1475,8N05652,11,Leka,0.00013690569447209706,1646,0.18644882275849137,300,147
3,Selvær,1,1014,858,858,8M71100,5,Hestmannøy,0.00013688220878733305,1647,0.18644882275849137,300,136
3,Selvær,1,1014,5184,5184,8939151,4,Gjerøy,0.0001368044208745231,1648,0.18644882275849137,300,135
3,Selvær,1,1014,2859,2859,8N72675,11,Leka,0.00013678911930431595,1649,0.18644882275849137,300,149
3,Selvær,1,1014,1852,1852,8N13440,2,Træna,0.00013616787530193865,1650,0.18644882275849137,300,139
3,Selvær,1,1014,2195,2195,8N14612,13,Vikna,0.00013600674403865028,1651,0.18644882275849137,300,143
3,Selvær,1,1014,5111,5111,8934380,4,Gjerøy,0.00013585707232389028,1652,0.18644882275849137,300,153
3,Selvær,1,1014,775,775,8M31747,5,Hestmannøy,0.00013570629980013681,1653,0.18644882275849137,300,140
3,Selvær,1,1014,3742,3742,8N87958,13,Vikna,0.0001357040235210126,1654,0.18644882275849137,300,146
3,Selvær,1,1014,19,19,8L19839,5,Hestmannøy,0.00013569389100429144,1655,0.18644882275849137,300,139
3,Selvær,1,1014,2809,2809,8N72333,4,Gjerøy,0.0001356167801285642,1656,0.18644882275849137,300,139
3,Selvær,1,1014,2367,2367,8N27120,7,Onøy og Lurøy,0.0001354988474441301,1657,0.18644882275849137,300,137
3,Selvær,1,1014,2500,2500,8N28016,9,Sleneset,0.00013543441234606908,1658,0.18644882275849137,300,148
3,Selvær,1,1014,2522,2522,8N28243,2,Træna,0.00013521364503223102,1659,0.18644882275849137,300,144
3,Selvær,1,1014,3004,3004,8N73197,14,Lauvøya,0.00013510177524606138,1660,0.18644882275849137,300,143
3,Selvær,1,1014,723,723,8M31433,4,Gjerøy,0.0001348117782581636,1661,0.18644882275849137,300,153
3,Selvær,1,1014,974,974,8M71489,13,Vikna,0.00013479178431613625,1662,0.18644882275849137,300,142
3,Selvær,1,1014,1436,1436,8N05606,14,Lauvøya,0.00013478320318871377,1663,0.18644882275849137,300,132
3,Selvær,1,1014,4585,4585,8747532,5,Hestmannøy,0.00013471189808507257,1664,0.18644882275849137,300,131
3,Selvær,1,1014,1168,1168,8M72956,4,Gjerøy,0.00013464566360430914,1665,0.18644882275849137,300,150
3,Selvær,1,1014,322,322,8L52372,11,Leka,0.00013462975316951044,1666,0.18644882275849137,300,141
3,Selvær,1,1014,2435,2435,8N27476,2,Træna,0.00013448188148666924,1667,0.18644882275849137,300,139
3,Selvær,1,1014,3448,3448,8N87342,5,Hestmannøy,0.00013443555044532717,1668,0.18644882275849137,300,151
3,Selvær,1,1014,760,760,8M31622,4,Gjerøy,0.00013400356425917538,1669,0.18644882275849137,300,140
3,Selvær,1,1014,2141,2141,8N14557,11,Leka,0.0001339949233871779,1670,0.18644882275849137,300,129
3,Selvær,1,1014,2716,2716,8N42536,4,Gjerøy,0.00013381726231735295,1671,0.18644882275849137,300,143
3,Selvær,1,1014,2039,2039,8N14105,4,Gjerøy,0.000133715447597961,1672,0.18644882275849137,300,142
3,Selvær,1,1014,3768,3768,8N87984,13,Vikna,0.00013348250055112917,1673,0.18644882275849137,300,144
3,Selvær,1,1014,1972,1972,8N13855,14,Lauvøya,0.00013348135293747345,1674,0.18644882275849137,300,145
3,Selvær,1,1014,3498,3498,8N87550,11,Leka,0.00013335898128018136,1675,0.18644882275849137,300,145
3,Selvær,1,1014,4877,4877,8857101,7,Onøy og Lurøy,0.00013297081662071037,1676,0.18644882275849137,300,146
3,Selvær,1,1014,843,843,8M71060,5,Hestmannøy,0.00013285808255610062,1677,0.18644882275849137,300,138
3,Selvær,1,1014,4172,4172,8309165,10,Aldra,0.00013260611883596704,1678,0.18644882275849137,300,131
3,Selvær,1,1014,4592,4592,8747553,10,Aldra,0.0001324580771141704,1679,0.18644882275849137,300,137
3,Selvær,1,1014,1215,1215,8N05125,12,Vega,0.00013222281541639552,1680,0.18644882275849137,300,147
3,Selvær,1,1014,5244,5244,8939574,6,Indre Kvarøy,0.00013202997871286962,1681,0.18644882275849137,300,148
3,Selvær,1,1014,2223,2223,8N14641,13,Vikna,0.00013195672725881604,1682,0.18644882275849137,300,139
3,Selvær,1,1014,1106,1106,8M72666,5,Hestmannøy,0.00013182573711875096,1683,0.18644882275849137,300,145
3,Selvær,1,1014,1114,1114,8M72697,14,Lauvøya,0.00013178449264064957,1684,0.18644882275849137,300,140
3,Selvær,1,1014,4937,4937,8866790,5,Hestmannøy,0.00013175708239464453,1685,0.18644882275849137,300,145
3,Selvær,1,1014,1834,1834,8N13149,14,Lauvøya,0.00013161703549899174,1686,0.18644882275849137,300,140
3,Selvær,1,1014,499,499,8L64916,4,Gjerøy,0.00013155448565473527,1687,0.18644882275849137,300,141
3,Selvær,1,1014,2085,2085,8N14339,14,Lauvøya,0.00013152340293435877,1688,0.18644882275849137,300,142
3,Selvær,1,1014,884,884,8M71220,6,Indre Kvarøy,0.00013145452678673859,1689,0.18644882275849137,300,140
3,Selvær,1,1014,4561,4561,8747295,9,Sleneset,0.00013140684493858796,1690,0.18644882275849137,300,139
3,Selvær,1,1014,5063,5063,8934069,5,Hestmannøy,0.00013137742179484185,1691,0.18644882275849137,300,137
3,Selvær,1,1014,891,891,8M71253,0,Nesøy,0.00013094325428763412,1692,0.18644882275849137,300,133
3,Selvær,1,1014,1539,1539,8N05750,4,Gjerøy,0.00013072490075731786,1693,0.18644882275849137,300,152
3,Selvær,1,1014,2937,2937,8N72936,13,Vikna,0.00013065699712931352,1694,0.18644882275849137,300,145
3,Selvær,1,1014,4330,4330,8681081,5,Hestmannøy,0.00013058862133629736,1695,0.18644882275849137,300,145
3,Selvær,1,1014,3012,3012,8N73211,12,Vega,0.00013043494989732515,1696,0.18644882275849137,300,146
3,Selvær,1,1014,2671,2671,8N42275,5,Hestmannøy,0.00013027996812656472,1697,0.18644882275849137,300,143
3,Selvær,1,1014,4458,4458,8732288,5,Hestmannøy,0.0001301601890696094,1698,0.18644882275849137,300,142
3,Selvær,1,1014,3697,3697,8N87913,13,Vikna,0.0001297930871781264,1699,0.18644882275849137,300,153
3,Selvær,1,1014,2854,2854,8N72669,4,Gjerøy,0.0001296840282487488,1700,0.18644882275849137,300,149
3,Selvær,1,1014,3923,3923,8P14256,6,Indre Kvarøy,0.00012965854041174603,1701,0.18644882275849137,300,133
3,Selvær,1,1014,972,972,8M71485,13,Vikna,0.00012891918405156548,1702,0.18644882275849137,300,148
3,Selvær,1,1014,1815,1815,8N06979,4,Gjerøy,0.00012889575024845778,1703,0.18644882275849137,300,142
3,Selvær,1,1014,4773,4773,8800353,5,Hestmannøy,0.00012887547915130867,1704,0.18644882275849137,300,148
3,Selvær,1,1014,3885,3885,8P11932,5,Hestmannøy,0.00012870200797580805,1705,0.18644882275849137,300,142
3,Selvær,1,1014,2070,2070,8N14286,14,Lauvøya,0.00012866897193803737,1706,0.18644882275849137,300,152
3,Selvær,1,1014,5110,5110,8934376,5,Hestmannøy,0.00012866364793434146,1707,0.18644882275849137,300,150
3,Selvær,1,1014,1287,1287,8N05198,13,Vikna,0.00012834966039644124,1708,0.18644882275849137,300,145
3,Selvær,1,1014,791,791,8M31793,11,Leka,0.0001282648279447019,1709,0.18644882275849137,300,141
3,Selvær,1,1014,5033,5033,8904676,9,Sleneset,0.00012822264951554594,1710,0.18644882275849137,300,137
3,Selvær,1,1014,4249,4249,8651665,6,Indre Kvarøy,0.00012805351991715112,1711,0.18644882275849137,300,145
3,Selvær,1,1014,904,904,8M71290,6,Indre Kvarøy,0.00012797869463784022,1712,0.18644882275849137,300,146
3,Selvær,1,1014,725,725,8M31445,5,Hestmannøy,0.00012739575223399434,1713,0.18644882275849137,300,150
3,Selvær,1,1014,3605,3605,8N87817,14,Lauvøya,0.00012725418554696021,1714,0.18644882275849137,300,147
3,Selvær,1,1014,3984,3984,8P14822,14,Lauvøya,0.00012710697674404235,1715,0.18644882275849137,300,141
3,Selvær,1,1014,3622,3622,8N87834,14,Lauvøya,0.0001271037534789855,1716,0.18644882275849137,300,153
3,Selvær,1,1014,1318,1318,8N05229,12,Vega,0.00012688505585832413,1717,0.18644882275849137,300,140
3,Selvær,1,1014,701,701,8M31305,4,Gjerøy,0.00012688489891908263,1718,0.18644882275849137,300,130
3,Selvær,1,1014,1626,1626,8N06432,9,Sleneset,0.00012684496988060303,1719,0.18644882275849137,300,140
3,Selvær,1,1014,1240,1240,8N05150,12,Vega,0.00012681997286096862,1720,0.18644882275849137,300,141
3,Selvær,1,1014,5489,5489,8981861,4,Gjerøy,0.00012669254855227492,1721,0.18644882275849137,300,148
3,Selvær,1,1014,1086,1086,8M72609,5,Hestmannøy,0.00012663206619655123,1722,0.18644882275849137,300,142
3,Selvær,1,1014,4211,4211,8573156,4,Gjerøy,0.00012646026970740724,1723,0.18644882275849137,300,154
3,Selvær,1,1014,1363,1363,8N05275,13,Vikna,0.0001264268522153116,1724,0.18644882275849137,300,146
3,Selvær,1,1014,4378,4378,8681415,5,Hestmannøy,0.0001262762789646295,1725,0.18644882275849137,300,132
3,Selvær,1,1014,215,215,8L48480,4,Gjerøy,0.00012620531166700094,1726,0.18644882275849137,300,143
3,Selvær,1,1014,1554,1554,8N05851,0,Nesøy,0.0001260845015804313,1727,0.18644882275849137,300,143
3,Selvær,1,1014,3397,3397,8N74000,14,Lauvøya,0.00012604640707879195,1728,0.18644882275849137,300,144
3,Selvær,1,1014,1347,1347,8N05259,13,Vikna,0.00012602348710621206,1729,0.18644882275849137,300,143
3,Selvær,1,1014,1373,1373,8N05285,13,Vikna,0.00012598884411958128,1730,0.18644882275849137,300,150
3,Selvær,1,1014,853,853,8M71086,5,Hestmannøy,0.00012590965761087377,1731,0.18644882275849137,300,148
3,Selvær,1,1014,1087,1087,8M72610,6,Indre Kvarøy,0.00012583639667637317,1732,0.18644882275849137,300,145
3,Selvær,1,1014,1115,1115,8M72698,14,Lauvøya,0.000125825327998055,1733,0.18644882275849137,300,136
3,Selvær,1,1014,3796,3796,8P11518,14,Lauvøya,0.00012580713179215978,1734,0.18644882275849137,300,142
3,Selvær,1,1014,4940,4940,8866795,6,Indre Kvarøy,0.00012579156870787042,1735,0.18644882275849137,300,132
3,Selvær,1,1014,981,981,8M71503,4,Gjerøy,0.0001257465108901735,1736,0.18644882275849137,300,144
3,Selvær,1,1014,1195,1195,8N05105,12,Vega,0.00012573235580123446,1737,0.18644882275849137,300,137
3,Selvær,1,1014,4239,4239,8651514,2,Træna,0.00012559625215288967,1738,0.18644882275849137,300,132
3,Selvær,1,1014,5004,5004,8887416,6,Indre Kvarøy,0.00012541874815424762,1739,0.18644882275849137,300,146
3,Selvær,1,1014,1429,1429,8N05359,14,Lauvøya,0.00012539590387777264,1740,0.18644882275849137,300,136
3,Selvær,1,1014,2931,2931,8N72930,13,Vikna,0.00012536653828661197,1741,0.18644882275849137,300,141
3,Selvær,1,1014,40,40,8L19937,5,Hestmannøy,0.00012522460269674324,1742,0.18644882275849137,300,155
3,Selvær,1,1014,2126,2126,8N14541,11,Leka,0.00012503730919397987,1743,0.18644882275849137,300,142
3,Selvær,1,1014,4415,4415,8730465,2,Træna,0.0001247873983379257,1744,0.18644882275849137,300,138
3,Selvær,1,1014,781,781,8L89552,12,Vega,0.00012459833849508666,1745,0.18644882275849137,300,144
3,Selvær,1,1014,428,428,8L64075,11,Leka,0.00012456400795007484,1746,0.18644882275849137,300,137
3,Selvær,1,1014,4617,4617,8747675,9,Sleneset,0.00012456025271499646,1747,0.18644882275849137,300,142
3,Selvær,1,1014,95,95,8L30372,2,Træna,0.00012402106022013873,1748,0.18644882275849137,300,153
3,Selvær,1,1014,1926,1926,8N13664,13,Vikna,0.00012393359122264463,1749,0.18644882275849137,300,136
3,Selvær,1,1014,3210,3210,8N73628,13,Vikna,0.00012387344717674554,1750,0.18644882275849137,300,143
3,Selvær,1,1014,562,562,8L89395,4,Gjerøy,0.00012378940028522252,1751,0.18644882275849137,300,139
3,Selvær,1,1014,2494,2494,8N27983,6,Indre Kvarøy,0.00012376686811076842,1752,0.18644882275849137,300,140
3,Selvær,1,1014,5363,5363,8981005,5,Hestmannøy,0.0001236044772216057,1753,0.18644882275849137,300,137
3,Selvær,1,1014,5394,5394,8981196,12,Vega,0.0001235661577764226,1754,0.18644882275849137,300,154
3,Selvær,1,1014,3258,3258,8N73676,13,Vikna,0.00012340495265552727,1755,0.18644882275849137,300,135
3,Selvær,1,1014,1723,1723,8N06800,5,Hestmannøy,0.00012313093083863596,1756,0.18644882275849137,300,138
3,Selvær,1,1014,4063,4063,8P14982,14,Lauvøya,0.00012311892698435743,1757,0.18644882275849137,300,148
3,Selvær,1,1014,3452,3452,8N87358,4,Gjerøy,0.00012282765489583978,1758,0.18644882275849137,300,136
3,Selvær,1,1014,4095,4095,8P26526,9,Sleneset,0.00012278789932670497,1759,0.18644882275849137,300,136
3,Selvær,1,1014,3389,3389,8N73992,12,Vega,0.00012262531027369065,1760,0.18644882275849137,300,139
3,Selvær,1,1014,4784,4784,8800395,0,Nesøy,0.0001225714770607051,1761,0.18644882275849137,300,159
3,Selvær,1,1014,3316,3316,8N73919,11,Leka,0.00012247527987041418,1762,0.18644882275849137,300,154
3,Selvær,1,1014,3645,3645,8N87859,14,Lauvøya,0.0001224040142366547,1763,0.18644882275849137,300,139
3,Selvær,1,1014,126,126,8L30709,12,Vega,0.00012232155500718195,1764,0.18644882275849137,300,141
3,Selvær,1,1014,92,92,8L30354,7,Onøy og Lurøy,0.0001223116369550801,1765,0.18644882275849137,300,145
3,Selvær,1,1014,2985,2985,8N73094,5,Hestmannøy,0.0001221162512124012,1766,0.18644882275849137,300,146
3,Selvær,1,1014,2779,2779,8N42970,5,Hestmannøy,0.00012209580426271783,1767,0.18644882275849137,300,148
3,Selvær,1,1014,2224,2224,8N14642,13,Vikna,0.00012197748673207655,1768,0.18644882275849137,300,147
3,Selvær,1,1014,2200,2200,8N14617,13,Vikna,0.00012188867613207273,1769,0.18644882275849137,300,155
3,Selvær,1,1014,578,578,8L89502,5,Hestmannøy,0.00012182657817046191,1770,0.18644882275849137,300,149
3,Selvær,1,1014,3370,3370,8N73973,12,Vega,0.0001217202459649779,1771,0.18644882275849137,300,153
3,Selvær,1,1014,2757,2757,8N42735,4,Gjerøy,0.00012150180101132937,1772,0.18644882275849137,300,141
3,Selvær,1,1014,3663,3663,8N87878,13,Vikna,0.0001214216388965346,1773,0.18644882275849137,300,143
3,Selvær,1,1014,687,687,8M31269,8,Lovund,0.00012141257907111923,1774,0.18644882275849137,300,145
3,Selvær,1,1014,2130,2130,8N14545,11,Leka,0.0001211517984189206,1775,0.18644882275849137,300,157
3,Selvær,1,1014,2084,2084,8N14300,14,Lauvøya,0.00012105714492442755,1776,0.18644882275849137,300,139
3,Selvær,1,1014,829,829,8M31938,5,Hestmannøy,0.00012105460539871369,1777,0.18644882275849137,300,154
3,Selvær,1,1014,1112,1112,8M72695,14,Lauvøya,0.00012093189901432059,1778,0.18644882275849137,300,143
3,Selvær,1,1014,4104,4104,8P26580,8,Lovund,0.00012058315529859468,1779,0.18644882275849137,300,150
3,Selvær,1,1014,164,164,8L30898,5,Hestmannøy,0.00012052338283833071,1780,0.18644882275849137,300,152
3,Selvær,1,1014,2877,2877,8N72693,11,Leka,0.00012043584632191042,1781,0.18644882275849137,300,151
3,Selvær,1,1014,3026,3026,8N73225,12,Vega,0.00012036721161959137,1782,0.18644882275849137,300,140
3,Selvær,1,1014,2273,2273,8N14692,13,Vikna,0.00012011632176870642,1783,0.18644882275849137,300,154
3,Selvær,1,1014,4243,4243,8651543,4,Gjerøy,0.00011986835403766244,1784,0.18644882275849137,300,146
3,Selvær,1,1014,3512,3512,8N87564,11,Leka,0.00011980024266467493,1785,0.18644882275849137,300,144
3,Selvær,1,1014,5325,5325,8943402,5,Hestmannøy,0.00011964477357805272,1786,0.18644882275849137,300,145
3,Selvær,1,1014,4513,4513,8732685,5,Hestmannøy,0.00011958193558285467,1787,0.18644882275849137,300,160
3,Selvær,1,1014,2492,2492,8N27975,0,Nesøy,0.00011958121558433686,1788,0.18644882275849137,300,150
3,Selvær,1,1014,4631,4631,8747722,5,Hestmannøy,0.00011948810803768406,1789,0.18644882275849137,300,145
3,Selvær,1,1014,2708,2708,8N42525,5,Hestmannøy,0.00011946995485201009,1790,0.18644882275849137,300,129
3,Selvær,1,1014,393,393,8L52967,6,Indre Kvarøy,0.00011929257843417573,1791,0.18644882275849137,300,133
3,Selvær,1,1014,3451,3451,8N87353,4,Gjerøy,0.00011922175027030772,1792,0.18644882275849137,300,135
3,Selvær,1,1014,4090,4090,8P26450,6,Indre Kvarøy,0.00011921632429260661,1793,0.18644882275849137,300,145
3,Selvær,1,1014,1044,1044,8M72420,13,Vikna,0.00011898749509110287,1794,0.18644882275849137,300,145
3,Selvær,1,1014,2807,2807,8N72330,4,Gjerøy,0.00011886259188063076,1795,0.18644882275849137,300,144
3,Selvær,1,1014,3323,3323,8N73926,11,Leka,0.00011866247986382964,1796,0.18644882275849137,300,148
3,Selvær,1,1014,4841,4841,8816409,5,Hestmannøy,0.00011842738137058493,1797,0.18644882275849137,300,150
3,Selvær,1,1014,1117,1117,8M72700,14,Lauvøya,0.00011824917860890363,1798,0.18644882275849137,300,147
3,Selvær,1,1014,589,589,8L89521,5,Hestmannøy,0.00011822553795665138,1799,0.18644882275849137,300,144
3,Selvær,1,1014,1327,1327,8N05238,13,Vikna,0.00011819859944494227,1800,0.18644882275849137,300,134
3,Selvær,1,1014,4971,4971,8887286,5,Hestmannøy,0.00011802826981791308,1801,0.18644882275849137,300,140
3,Selvær,1,1014,3198,3198,8N73616,14,Lauvøya,0.00011796532313131801,1802,0.18644882275849137,300,150
3,Selvær,1,1014,3586,3586,8N87762,4,Gjerøy,0.00011789765725857395,1803,0.18644882275849137,300,151
3,Selvær,1,1014,4052,4052,8P14972,14,Lauvøya,0.00011786087316925984,1804,0.18644882275849137,300,134
3,Selvær,1,1014,5384,5384,8981095,11,Leka,0.00011764158503389621,1805,0.18644882275849137,300,139
3,Selvær,1,1014,4084,4084,8P26200,5,Hestmannøy,0.00011760668568365319,1806,0.18644882275849137,300,145
3,Selvær,1,1014,5115,5115,8934403,8,Lovund,0.00011745265304412042,1807,0.18644882275849137,300,149
3,Selvær,1,1014,2927,2927,8N72926,13,Vikna,0.0001174301291804375,1808,0.18644882275849137,300,137
3,Selvær,1,1014,3841,3841,8P11564,14,Lauvøya,0.0001173962070337566,1809,0.18644882275849137,300,148
3,Selvær,1,1014,765,765,8M31637,10,Aldra,0.00011732744375965027,1810,0.18644882275849137,300,140
3,Selvær,1,1014,4078,4078,8P14997,14,Lauvøya,0.00011725116024450584,1811,0.18644882275849137,300,154
3,Selvær,1,1014,5067,5067,8934089,5,Hestmannøy,0.00011711643602414925,1812,0.18644882275849137,300,145
3,Selvær,1,1014,4312,4312,8681055,6,Indre Kvarøy,0.00011706110565486104,1813,0.18644882275849137,300,135
3,Selvær,1,1014,1761,1761,8N06856,11,Leka,0.00011695836898727892,1814,0.18644882275849137,300,151
3,Selvær,1,1014,4861,4861,8816932,4,Gjerøy,0.00011691572966587074,1815,0.18644882275849137,300,143
3,Selvær,1,1014,4668,4668,8747866,8,Lovund,0.00011689171054333598,1816,0.18644882275849137,300,155
3,Selvær,1,1014,3083,3083,8N73430,11,Leka,0.0001167985608720627,1817,0.18644882275849137,300,151
3,Selvær,1,1014,623,623,8L89692,5,Hestmannøy,0.00011678793484038943,1818,0.18644882275849137,300,150
3,Selvær,1,1014,1807,1807,8N06928,4,Gjerøy,0.00011676885298700567,1819,0.18644882275849137,300,148
3,Selvær,1,1014,1482,1482,8N05659,13,Vikna,0.00011660347757707712,1820,0.18644882275849137,300,130
3,Selvær,1,1014,2394,2394,8N27299,5,Hestmannøy,0.00011649331854539949,1821,0.18644882275849137,300,143
3,Selvær,1,1014,828,828,8M31937,10,Aldra,0.00011648657095242592,1822,0.18644882275849137,300,147
3,Selvær,1,1014,2520,2520,8N28223,9,Sleneset,0.00011644837598967984,1823,0.18644882275849137,300,153
3,Selvær,1,1014,5119,5119,8934413,8,Lovund,0.0001163673787807052,1824,0.18644882275849137,300,141
3,Selvær,1,1014,3314,3314,8N73917,11,Leka,0.00011627873028158049,1825,0.18644882275849137,300,147
3,Selvær,1,1014,834,834,8M31953,4,Gjerøy,0.00011626234973868279,1826,0.18644882275849137,300,131
3,Selvær,1,1014,1725,1725,8N06813,6,Indre Kvarøy,0.00011621116345826026,1827,0.18644882275849137,300,136
3,Selvær,1,1014,3360,3360,8N73963,12,Vega,0.00011618874791166541,1828,0.18644882275849137,300,149
3,Selvær,1,1014,2531,2531,8N28316,9,Sleneset,0.00011605563462007744,1829,0.18644882275849137,300,144
3,Selvær,1,1014,1222,1222,8N05132,12,Vega,0.00011594092662694434,1830,0.18644882275849137,300,150
3,Selvær,1,1014,838,838,8M31970,5,Hestmannøy,0.00011579208200721346,1831,0.18644882275849137,300,139
3,Selvær,1,1014,1895,1895,8N13630,14,Lauvøya,0.00011567136346265715,1832,0.18644882275849137,300,142
3,Selvær,1,1014,4812,4812,8800519,5,Hestmannøy,0.00011564299389555946,1833,0.18644882275849137,300,150
3,Selvær,1,1014,1282,1282,8N05193,13,Vikna,0.0001155994826939879,1834,0.18644882275849137,300,152
3,Selvær,1,1014,2853,2853,8N72668,4,Gjerøy,0.00011555433846565294,1835,0.18644882275849137,300,141
3,Selvær,1,1014,3907,3907,8P14103,4,Gjerøy,0.00011550955701951514,1836,0.18644882275849137,300,145
3,Selvær,1,1014,1928,1928,8N13666,13,Vikna,0.00011517097480331764,1837,0.18644882275849137,300,141
3,Selvær,1,1014,453,453,8L64278,5,Hestmannøy,0.00011477844881425024,1838,0.18644882275849137,300,135
3,Selvær,1,1014,814,814,8M31874,5,Hestmannøy,0.00011456151699504736,1839,0.18644882275849137,300,134
3,Selvær,1,1014,3095,3095,8N73442,11,Leka,0.00011449561815139423,1840,0.18644882275849137,300,139
3,Selvær,1,1014,3968,3968,8P14648,2,Træna,0.00011448537628638844,1841,0.18644882275849137,300,134
3,Selvær,1,1014,2248,2248,8N14667,13,Vikna,0.00011432662636746117,1842,0.18644882275849137,300,129
3,Selvær,1,1014,2640,2640,8N28945,2,Træna,0.00011422294314959017,1843,0.18644882275849137,300,150
3,Selvær,1,1014,5276,5276,8939807,1,Myken,0.00011404927690767225,1844,0.18644882275849137,300,154
3,Selvær,1,1014,5237,5237,8939535,5,Hestmannøy,0.00011401484871041058,1845,0.18644882275849137,300,157
3,Selvær,1,1014,1473,1473,8N05650,11,Leka,0.00011394361798522083,1846,0.18644882275849137,300,130
3,Selvær,1,1014,1770,1770,8N06865,11,Leka,0.00011390328247681356,1847,0.18644882275849137,300,138
3,Selvær,1,1014,525,525,8L89271,5,Hestmannøy,0.00011356846988266836,1848,0.18644882275849137,300,142
3,Selvær,1,1014,3110,3110,8N73457,11,Leka,0.00011350444296646218,1849,0.18644882275849137,300,144
3,Selvær,1,1014,4941,4941,8866799,6,Indre Kvarøy,0.00011334129200676032,1850,0.18644882275849137,300,151
3,Selvær,1,1014,2408,2408,8N27344,4,Gjerøy,0.00011323554153364644,1851,0.18644882275849137,300,139
3,Selvær,1,1014,1949,1949,8N13687,13,Vikna,0.00011322165518946076,1852,0.18644882275849137,300,147
3,Selvær,1,1014,2595,2595,8N28777,5,Hestmannøy,0.0001131692494493119,1853,0.18644882275849137,300,139
3,Selvær,1,1014,3506,3506,8N87558,11,Leka,0.0001131088786407232,1854,0.18644882275849137,300,136
3,Selvær,1,1014,1676,1676,8N06554,4,Gjerøy,0.0001130839058127874,1855,0.18644882275849137,300,143
3,Selvær,1,1014,5412,5412,8981272,5,Hestmannøy,0.00011308146415965355,1856,0.18644882275849137,300,143
3,Selvær,1,1014,3997,3997,8P14849,14,Lauvøya,0.00011307888991649988,1857,0.18644882275849137,300,153
3,Selvær,1,1014,3197,3197,8N73615,14,Lauvøya,0.00011304730289720888,1858,0.18644882275849137,300,141
3,Selvær,1,1014,3992,3992,8P14844,14,Lauvøya,0.00011293083450009127,1859,0.18644882275849137,300,146
3,Selvær,1,1014,2761,2761,8N42783,5,Hestmannøy,0.0001129209640024539,1860,0.18644882275849137,300,136
3,Selvær,1,1014,3415,3415,8N87080,5,Hestmannøy,0.00011280802929252921,1861,0.18644882275849137,300,139
3,Selvær,1,1014,1627,1627,8N06435,2,Træna,0.00011280561075426578,1862,0.18644882275849137,300,138
3,Selvær,1,1014,4167,4167,8309146,4,Gjerøy,0.00011261680077417915,1863,0.18644882275849137,300,137
3,Selvær,1,1014,3803,3803,8P11525,14,Lauvøya,0.0001125647990403932,1864,0.18644882275849137,300,138
3,Selvær,1,1014,2303,2303,8N14956,5,Hestmannøy,0.00011229119649820829,1865,0.18644882275849137,300,138
3,Selvær,1,1014,194,194,8L48435,2,Træna,0.00011227054643327049,1866,0.18644882275849137,300,141
3,Selvær,1,1014,4864,4864,8816940,4,Gjerøy,0.00011213440047004353,1867,0.18644882275849137,300,147
3,Selvær,1,1014,1879,1879,8N13616,14,Lauvøya,0.00011202433488516961,1868,0.18644882275849137,300,142
3,Selvær,1,1014,2281,2281,8N14829,2,Træna,0.00011191746153324948,1869,0.18644882275849137,300,135
3,Selvær,1,1014,626,626,8L89713,4,Gjerøy,0.00011181018532340529,1870,0.18644882275849137,300,144
3,Selvær,1,1014,2189,2189,8N14606,13,Vikna,0.00011174908333542233,1871,0.18644882275849137,300,149
3,Selvær,1,1014,3557,3557,8N87615,14,Lauvøya,0.0001116238766170907,1872,0.18644882275849137,300,142
3,Selvær,1,1014,3994,3994,8P14846,14,Lauvøya,0.0001114697385013299,1873,0.18644882275849137,300,144
3,Selvær,1,1014,5247,5247,8939584,5,Hestmannøy,0.00011138228002953873,1874,0.18644882275849137,300,132
3,Selvær,1,1014,2103,2103,8N14518,11,Leka,0.00011116534473632439,1875,0.18644882275849137,300,150
3,Selvær,1,1014,1303,1303,8N05214,12,Vega,0.00011109806500806191,1876,0.18644882275849137,300,142
3,Selvær,1,1014,4860,4860,8816931,4,Gjerøy,0.0001110364653579438,1877,0.18644882275849137,300,139
3,Selvær,1,1014,3765,3765,8N87981,13,Vikna,0.00011101142278694763,1878,0.18644882275849137,300,141
3,Selvær,1,1014,3024,3024,8N73223,12,Vega,0.00011095479958359654,1879,0.18644882275849137,300,145
3,Selvær,1,1014,611,611,8L89645,6,Indre Kvarøy,0.0001108065122010824,1880,0.18644882275849137,300,139
3,Selvær,1,1014,1149,1149,8M72891,0,Nesøy,0.00011073606709201797,1881,0.18644882275849137,300,135
3,Selvær,1,1014,4296,4296,8681024,5,Hestmannøy,0.00011061529847149905,1882,0.18644882275849137,300,144
3,Selvær,1,1014,2217,2217,8N14634,13,Vikna,0.00011057690098314675,1883,0.18644882275849137,300,145
3,Selvær,1,1014,3182,3182,8N73589,5,Hestmannøy,0.00011011437871461365,1884,0.18644882275849137,300,139
3,Selvær,1,1014,2601,2601,8N28786,14,Lauvøya,0.00011006969225660518,1885,0.18644882275849137,300,136
3,Selvær,1,1014,1730,1730,8N06825,11,Leka,0.00011004479770886995,1886,0.18644882275849137,300,148
3,Selvær,1,1014,2644,2644,8N42061,8,Lovund,0.00010995647056907119,1887,0.18644882275849137,300,143
3,Selvær,1,1014,4695,4695,8794307,5,Hestmannøy,0.00010986930264196847,1888,0.18644882275849137,300,140
3,Selvær,1,1014,2338,2338,8N27072,14,Lauvøya,0.0001097818841767746,1889,0.18644882275849137,300,142
3,Selvær,1,1014,3347,3347,8N73950,12,Vega,0.00010970383201120608,1890,0.18644882275849137,300,138
3,Selvær,1,1014,3659,3659,8N87874,13,Vikna,0.00010950904900757133,1891,0.18644882275849137,300,146
3,Selvær,1,1014,2169,2169,8N14586,11,Leka,0.00010945640643694863,1892,0.18644882275849137,300,151
3,Selvær,1,1014,2569,2569,8N28684,5,Hestmannøy,0.00010930862765105666,1893,0.18644882275849137,300,145
3,Selvær,1,1014,4501,4501,8732659,5,Hestmannøy,0.00010917850561627281,1894,0.18644882275849137,300,141
3,Selvær,1,1014,2896,2896,8N72785,5,Hestmannøy,0.00010913681890247631,1895,0.18644882275849137,300,146
3,Selvær,1,1014,4091,4091,8P26518,9,Sleneset,0.0001091204481917189,1896,0.18644882275849137,300,147
3,Selvær,1,1014,1266,1266,8N05176,13,Vikna,0.00010894750692643076,1897,0.18644882275849137,300,139
3,Selvær,1,1014,1269,1269,8N05179,13,Vikna,0.0001089334958039038,1898,0.18644882275849137,300,138
3,Selvær,1,1014,5465,5465,8981742,9,Sleneset,0.00010891721532200929,1899,0.18644882275849137,300,139
3,Selvær,1,1014,274,274,8L52206,8,Lovund,0.00010852589566472034,1900,0.18644882275849137,300,133
3,Selvær,1,1014,783,783,8M31771,11,Leka,0.00010840214655767317,1901,0.18644882275849137,300,145
3,Selvær,1,1014,872,872,8L64587,12,Vega,0.00010838739943545545,1902,0.18644882275849137,300,150
3,Selvær,1,1014,1913,1913,8N13650,14,Lauvøya,0.00010815345849134834,1903,0.18644882275849137,300,152
3,Selvær,1,1014,1706,1706,8N06694,14,Lauvøya,0.00010793898930292231,1904,0.18644882275849137,300,137
3,Selvær,1,1014,4802,4802,8800477,4,Gjerøy,0.0001078576013055634,1905,0.18644882275849137,300,146
3,Selvær,1,1014,5009,5009,8887440,5,Hestmannøy,0.00010781056957217594,1906,0.18644882275849137,300,143
3,Selvær,1,1014,520,520,8L89259,4,Gjerøy,0.00010777583358057927,1907,0.18644882275849137,300,144
3,Selvær,1,1014,364,364,8L52590,7,Onøy og Lurøy,0.00010776111824300993,1908,0.18644882275849137,300,143
3,Selvær,1,1014,1374,1374,8N05286,13,Vikna,0.000107741064549069,1909,0.18644882275849137,300,137
3,Selvær,1,1014,3856,3856,8P11581,5,Hestmannøy,0.00010762484407028346,1910,0.18644882275849137,300,148
3,Selvær,1,1014,3548,3548,8N87604,14,Lauvøya,0.00010759341629795982,1911,0.18644882275849137,300,141
3,Selvær,1,1014,2562,2562,8N28603,2,Træna,0.00010753466529048507,1912,0.18644882275849137,300,151
3,Selvær,1,1014,3061,3061,8N73308,14,Lauvøya,0.0001075099909582776,1913,0.18644882275849137,300,146
3,Selvær,1,1014,3058,3058,8N73305,14,Lauvøya,0.00010731780907788604,1914,0.18644882275849137,300,152
3,Selvær,1,1014,1198,1198,8N05108,12,Vega,0.0001071665175755535,1915,0.18644882275849137,300,142
3,Selvær,1,1014,367,367,8L52595,5,Hestmannøy,0.00010708978994522955,1916,0.18644882275849137,300,134
3,Selvær,1,1014,3022,3022,8N73221,12,Vega,0.00010699252571321444,1917,0.18644882275849137,300,143
3,Selvær,1,1014,3685,3685,8N87900,13,Vikna,0.00010691181583745997,1918,0.18644882275849137,300,140
3,Selvær,1,1014,2268,2268,8N14687,13,Vikna,0.00010654707221357786,1919,0.18644882275849137,300,145
3,Selvær,1,1014,2037,2037,8N14064,6,Indre Kvarøy,0.00010649212445447712,1920,0.18644882275849137,300,146
3,Selvær,1,1014,248,248,8L48757,11,Leka,0.00010644981205946619,1921,0.18644882275849137,300,140
3,Selvær,1,1014,2720,2720,8N42633,5,Hestmannøy,0.00010612839695910842,1922,0.18644882275849137,300,156
3,Selvær,1,1014,3577,3577,8N87709,6,Indre Kvarøy,0.0001061056675952566,1923,0.18644882275849137,300,141
3,Selvær,1,1014,133,133,8L30757,11,Leka,0.00010590391747317662,1924,0.18644882275849137,300,139
3,Selvær,1,1014,5293,5293,8943012,10,Aldra,0.00010577306651665608,1925,0.18644882275849137,300,143
3,Selvær,1,1014,4796,4796,8800441,4,Gjerøy,0.00010573905855966861,1926,0.18644882275849137,300,129
3,Selvær,1,1014,2132,2132,8N14547,11,Leka,0.00010567775612854026,1927,0.18644882275849137,300,143
3,Selvær,1,1014,275,275,8L52207,9,Sleneset,0.00010567037351782803,1928,0.18644882275849137,300,150
3,Selvær,1,1014,5208,5208,8939360,5,Hestmannøy,0.0001056474576965849,1929,0.18644882275849137,300,145
3,Selvær,1,1014,4111,4111,8P26693,7,Onøy og Lurøy,0.00010525894964639658,1930,0.18644882275849137,300,142
3,Selvær,1,1014,1468,1468,8N05645,14,Lauvøya,0.00010515851406251127,1931,0.18644882275849137,300,143
3,Selvær,1,1014,2038,2038,8N14089,5,Hestmannøy,0.00010497884934322282,1932,0.18644882275849137,300,145
3,Selvær,1,1014,15,15,8L19813,5,Hestmannøy,0.0001049729997518991,1933,0.18644882275849137,300,144
3,Selvær,1,1014,1508,1508,8N05685,14,Lauvøya,0.00010493196264417323,1934,0.18644882275849137,300,141
3,Selvær,1,1014,4543,4543,8747222,5,Hestmannøy,0.00010491380743332536,1935,0.18644882275849137,300,138
3,Selvær,1,1014,5047,5047,8917954,2,Træna,0.00010491022969000233,1936,0.18644882275849137,300,143
3,Selvær,1,1014,494,494,8M71079,7,Onøy og Lurøy,0.00010466605790674796,1937,0.18644882275849137,300,149
3,Selvær,1,1014,2004,2004,8N13975,5,Hestmannøy,0.00010463316870089144,1938,0.18644882275849137,300,140
3,Selvær,1,1014,4686,4686,8747958,9,Sleneset,0.00010459959482699721,1939,0.18644882275849137,300,147
3,Selvær,1,1014,1214,1214,8N05124,12,Vega,0.00010446725876350607,1940,0.18644882275849137,300,140
3,Selvær,1,1014,1969,1969,8N13852,14,Lauvøya,0.00010443178737945411,1941,0.18644882275849137,300,148
3,Selvær,1,1014,574,574,8L89467,6,Indre Kvarøy,0.00010431284093707952,1942,0.18644882275849137,300,145
3,Selvær,1,1014,3540,3540,8N87593,11,Leka,0.00010418752915023255,1943,0.18644882275849137,300,157
3,Selvær,1,1014,3025,3025,8N73224,12,Vega,0.00010390993461453333,1944,0.18644882275849137,300,141
3,Selvær,1,1014,2265,2265,8N14684,13,Vikna,0.00010390851805185179,1945,0.18644882275849137,300,133
3,Selvær,1,1014,4838,4838,8800937,10,Aldra,0.0001037979756896347,1946,0.18644882275849137,300,140
3,Selvær,1,1014,4107,4107,8P26682,7,Onøy og Lurøy,0.00010377690448005101,1947,0.18644882275849137,300,140
3,Selvær,1,1014,1102,1102,8M72654,0,Nesøy,0.0001036103618558843,1948,0.18644882275849137,300,148
3,Selvær,1,1014,3092,3092,8N73439,11,Leka,0.00010341037583613226,1949,0.18644882275849137,300,148
3,Selvær,1,1014,1385,1385,8N05298,13,Vikna,0.00010335951687850252,1950,0.18644882275849137,300,139
3,Selvær,1,1014,211,211,8L48474,4,Gjerøy,0.00010334217279618781,1951,0.18644882275849137,300,145
3,Selvær,1,1014,1958,1958,8N13696,13,Vikna,0.00010326164043951949,1952,0.18644882275849137,300,147
3,Selvær,1,1014,3267,3267,8N73685,13,Vikna,0.00010311686902300599,1953,0.18644882275849137,300,152
3,Selvær,1,1014,5442,5442,8981604,10,Aldra,0.00010311285832444769,1954,0.18644882275849137,300,137
3,Selvær,1,1014,3038,3038,8N73237,12,Vega,0.00010296124447779598,1955,0.18644882275849137,300,145
3,Selvær,1,1014,2378,2378,8N27194,14,Lauvøya,0.00010294947890487347,1956,0.18644882275849137,300,144
3,Selvær,1,1014,3220,3220,8N73638,13,Vikna,0.0001028845995761134,1957,0.18644882275849137,300,146
3,Selvær,1,1014,335,335,8L52391,12,Vega,0.00010269265371456856,1958,0.18644882275849137,300,144
3,Selvær,1,1014,2911,2911,8N72909,13,Vikna,0.00010250737800960895,1959,0.18644882275849137,300,133
3,Selvær,1,1014,1619,1619,8N06360,5,Hestmannøy,0.00010226708009734624,1960,0.18644882275849137,300,136
3,Selvær,1,1014,2121,2121,8N14536,11,Leka,0.00010214361479840873,1961,0.18644882275849137,300,148
3,Selvær,1,1014,5260,5260,8939704,6,Indre Kvarøy,0.00010211449389200803,1962,0.18644882275849137,300,145
3,Selvær,1,1014,890,890,8M71250,4,Gjerøy,0.00010210007287996312,1963,0.18644882275849137,300,141
3,Selvær,1,1014,711,711,8M31342,1,Myken,0.0001019429801871942,1964,0.18644882275849137,300,142
3,Selvær,1,1014,2288,2288,8N14921,4,Gjerøy,0.00010185262500761488,1965,0.18644882275849137,300,136
3,Selvær,1,1014,121,121,8L30667,13,Vikna,0.00010173248273206513,1966,0.18644882275849137,300,145
3,Selvær,1,1014,4311,4311,8681054,4,Gjerøy,0.00010172860188432577,1967,0.18644882275849137,300,131
3,Selvær,1,1014,2375,2375,8N27143,7,Onøy og Lurøy,0.00010145417859602101,1968,0.18644882275849137,300,142
3,Selvær,1,1014,1121,1121,8M72736,4,Gjerøy,0.00010137620012995407,1969,0.18644882275849137,300,146
3,Selvær,1,1014,3161,3161,8N73509,5,Hestmannøy,0.00010124122054950864,1970,0.18644882275849137,300,142
3,Selvær,1,1014,2062,2062,8N14188,5,Hestmannøy,0.00010121725341409786,1971,0.18644882275849137,300,141
3,Selvær,1,1014,5022,5022,8887494,7,Onøy og Lurøy,0.00010120542503869596,1972,0.18644882275849137,300,152
3,Selvær,1,1014,1867,1867,8N13141,14,Lauvøya,0.00010113045063085314,1973,0.18644882275849137,300,153
3,Selvær,1,1014,443,443,8M71358,12,Vega,0.00010104134098336979,1974,0.18644882275849137,300,148
3,Selvær,1,1014,261,261,8L49909,10,Aldra,0.00010100552152459247,1975,0.18644882275849137,300,147
3,Selvær,1,1014,2360,2360,8N27094,2,Træna,0.00010098638106023592,1976,0.18644882275849137,300,144
3,Selvær,1,1014,1460,1460,8N05636,14,Lauvøya,0.00010074390995576354,1977,0.18644882275849137,300,144
3,Selvær,1,1014,4448,4448,8732256,1,Myken,0.00010072733365743218,1978,0.18644882275849137,300,149
3,Selvær,1,1014,4326,4326,8681074,5,Hestmannøy,0.00010059899409547044,1979,0.18644882275849137,300,138
3,Selvær,1,1014,2409,2409,8N27348,8,Lovund,0.00010053963789464288,1980,0.18644882275849137,300,143
3,Selvær,1,1014,1545,1545,8N05818,7,Onøy og Lurøy,0.0001005096599591707,1981,0.18644882275849137,300,140
3,Selvær,1,1014,4258,4258,8651765,7,Onøy og Lurøy,0.00010045123827212994,1982,0.18644882275849137,300,137
3,Selvær,1,1014,1273,1273,8N05184,13,Vikna,0.00010032454893577239,1983,0.18644882275849137,300,143
3,Selvær,1,1014,3493,3493,8N87545,11,Leka,0.00010024904696274533,1984,0.18644882275849137,300,139
3,Selvær,1,1014,2701,2701,8N42517,5,Hestmannøy,0.0001002104202311784,1985,0.18644882275849137,300,159
3,Selvær,1,1014,3922,3922,8P14241,5,Hestmannøy,0.00010018388272206124,1986,0.18644882275849137,300,146
3,Selvær,1,1014,1165,1165,8M72951,4,Gjerøy,0.00010013848207070364,1987,0.18644882275849137,300,141
3,Selvær,1,1014,3281,3281,8N73700,13,Vikna,9.99709657862641e-05,1988,0.18644882275849137,300,136
3,Selvær,1,1014,431,431,8M71378,12,Vega,9.994782882248976e-05,1989,0.18644882275849137,300,141
3,Selvær,1,1014,566,566,8L89430,5,Hestmannøy,9.992197012570477e-05,1990,0.18644882275849137,300,134
3,Selvær,1,1014,1232,1232,8N05142,12,Vega,9.989291182543521e-05,1991,0.18644882275849137,300,141
3,Selvær,1,1014,5434,5434,8981359,11,Leka,9.988892169595406e-05,1992,0.18644882275849137,300,153
3,Selvær,1,1014,3278,3278,8N73697,13,Vikna,9.965494757897086e-05,1993,0.18644882275849137,300,141
3,Selvær,1,1014,3226,3226,8N73644,13,Vikna,9.961880903540203e-05,1994,0.18644882275849137,300,141
3,Selvær,1,1014,3456,3456,8N87369,4,Gjerøy,9.961786200088916e-05,1995,0.18644882275849137,300,140
3,Selvær,1,1014,5095,5095,8934313,5,Hestmannøy,9.960753453275002e-05,1996,0.18644882275849137,300,140
3,Selvær,1,1014,4851,4851,8816495,5,Hestmannøy,9.944773949171198e-05,1997,0.18644882275849137,300,134
3,Selvær,1,1014,2561,2561,8N28578,9,Sleneset,9.890386265888936e-05,1998,0.18644882275849137,300,134
3,Selvær,1,1014,3273,3273,8N73692,13,Vikna,9.865405679749113e-05,1999,0.18644882275849137,300,141
3,Selvær,1,1014,1402,1402,8N05423,4,Gjerøy,9.863740045961806e-05,2000,0.18644882275849137,300,156
3,Selvær,1,1014,2815,2815,8N72359,4,Gjerøy,9.846440513233089e-05,2001,0.18644882275849137,300,141
3,Selvær,1,1014,359,359,8L52551,4,Gjerøy,9.839775262103654e-05,2002,0.18644882275849137,300,144
3,Selvær,1,1014,3270,3270,8N73689,13,Vikna,9.839129893604466e-05,2003,0.18644882275849137,300,149
3,Selvær,1,1014,5159,5159,8939024,5,Hestmannøy,9.837799907262828e-05,2004,0.18644882275849137,300,149
3,Selvær,1,1014,1795,1795,8N06893,11,Leka,9.834209714916493e-05,2005,0.18644882275849137,300,145
3,Selvær,1,1014,2581,2581,8N28706,6,Indre Kvarøy,9.820854338638441e-05,2006,0.18644882275849137,300,135
3,Selvær,1,1014,3838,3838,8P11561,14,Lauvøya,9.820616872095371e-05,2007,0.18644882275849137,300,160
3,Selvær,1,1014,3807,3807,8P11529,14,Lauvøya,9.819987617984546e-05,2008,0.18644882275849137,300,141
3,Selvær,1,1014,4349,4349,8681258,4,Gjerøy,9.812019060456054e-05,2009,0.18644882275849137,300,145
3,Selvær,1,1014,5090,5090,8934287,7,Onøy og Lurøy,9.793491881134022e-05,2010,0.18644882275849137,300,140
3,Selvær,1,1014,4128,4128,8118432,4,Gjerøy,9.767685824384328e-05,2011,0.18644882275849137,300,144
3,Selvær,1,1014,5013,5013,8887450,5,Hestmannøy,9.764808837442953e-05,2012,0.18644882275849137,300,138
3,Selvær,1,1014,221,221,8L48578,8,Lovund,9.75431213308929e-05,2013,0.18644882275849137,300,145
3,Selvær,1,1014,2353,2353,8N27087,14,Lauvøya,9.73928396419812e-05,2014,0.18644882275849137,300,148
3,Selvær,1,1014,2771,2771,8N42915,6,Indre Kvarøy,9.728033381296406e-05,2015,0.18644882275849137,300,131
3,Selvær,1,1014,1890,1890,8N13625,14,Lauvøya,9.703680778047898e-05,2016,0.18644882275849137,300,146
3,Selvær,1,1014,4323,4323,8681070,9,Sleneset,9.696738877686469e-05,2017,0.18644882275849137,300,149
3,Selvær,1,1014,5228,5228,8939431,4,Gjerøy,9.685826425437038e-05,2018,0.18644882275849137,300,134
3,Selvær,1,1014,4963,4963,8887264,10,Aldra,9.684800424986425e-05,2019,0.18644882275849137,300,157
3,Selvær,1,1014,4089,4089,8P26430,5,Hestmannøy,9.666824377872296e-05,2020,0.18644882275849137,300,140
3,Selvær,1,1014,5123,5123,8934458,4,Gjerøy,9.656606897069558e-05,2021,0.18644882275849137,300,147
3,Selvær,1,1014,5393,5393,8981195,12,Vega,9.645470584002552e-05,2022,0.18644882275849137,300,149
3,Selvær,1,1014,4117,4117,8P26739,7,Onøy og Lurøy,9.623923058585127e-05,2023,0.18644882275849137,300,157
3,Selvær,1,1014,286,286,8L52249,2,Træna,9.618610495701465e-05,2024,0.18644882275849137,300,134
3,Selvær,1,1014,1049,1049,8M72444,13,Vikna,9.614658509297507e-05,2025,0.18644882275849137,300,148
3,Selvær,1,1014,4287,4287,8668490,5,Hestmannøy,9.582715314425673e-05,2026,0.18644882275849137,300,143
3,Selvær,1,1014,2683,2683,8N42442,14,Lauvøya,9.578485081517353e-05,2027,0.18644882275849137,300,142
3,Selvær,1,1014,4351,4351,8681260,0,Nesøy,9.574563426566432e-05,2028,0.18644882275849137,300,147
3,Selvær,1,1014,1669,1669,8N06500,12,Vega,9.558933164403998e-05,2029,0.18644882275849137,300,135
3,Selvær,1,1014,3898,3898,8P14053,5,Hestmannøy,9.52193280955388e-05,2030,0.18644882275849137,300,139
3,Selvær,1,1014,141,141,8L30765,12,Vega,9.517451504065386e-05,2031,0.18644882275849137,300,146
3,Selvær,1,1014,200,200,8L48450,5,Hestmannøy,9.514745975698268e-05,2032,0.18644882275849137,300,140
3,Selvær,1,1014,4819,4819,8800548,9,Sleneset,9.487578711861401e-05,2033,0.18644882275849137,300,133
3,Selvær,1,1014,4515,4515,8732690,5,Hestmannøy,9.480443878137812e-05,2034,0.18644882275849137,300,139
3,Selvær,1,1014,3526,3526,8N87578,11,Leka,9.479237460130616e-05,2035,0.18644882275849137,300,152
3,Selvær,1,1014,216,216,8L48501,10,Aldra,9.47890218432946e-05,2036,0.18644882275849137,300,143
3,Selvær,1,1014,4488,4488,8732626,9,Sleneset,9.464239921013878e-05,2037,0.18644882275849137,300,141
3,Selvær,1,1014,4476,4476,8732588,7,Onøy og Lurøy,9.45633154488791e-05,2038,0.18644882275849137,300,134
3,Selvær,1,1014,5480,5480,8981825,7,Onøy og Lurøy,9.444358874075353e-05,2039,0.18644882275849137,300,125
3,Selvær,1,1014,576,576,8L89471,6,Indre Kvarøy,9.430979015637305e-05,2040,0.18644882275849137,300,146
3,Selvær,1,1014,4397,4397,8730421,4,Gjerøy,9.414497514572552e-05,2041,0.18644882275849137,300,141
3,Selvær,1,1014,2107,2107,8N14522,11,Leka,9.413093295567481e-05,2042,0.18644882275849137,300,145
3,Selvær,1,1014,1984,1984,8N13928,5,Hestmannøy,9.411930695095878e-05,2043,0.18644882275849137,300,148
3,Selvær,1,1014,1704,1704,8N06692,14,Lauvøya,9.407277727279203e-05,2044,0.18644882275849137,300,141
3,Selvær,1,1014,4332,4332,8681098,6,Indre Kvarøy,9.401172769667879e-05,2045,0.18644882275849137,300,147
3,Selvær,1,1014,676,676,8M31212,11,Leka,9.39597548287077e-05,2046,0.18644882275849137,300,149
3,Selvær,1,1014,1777,1777,8N06872,11,Leka,9.381393066817803e-05,2047,0.18644882275849137,300,148
3,Selvær,1,1014,3290,3290,8N73800,14,Lauvøya,9.377796897212738e-05,2048,0.18644882275849137,300,137
3,Selvær,1,1014,4807,4807,8800490,10,Aldra,9.368882058783928e-05,2049,0.18644882275849137,300,139
3,Selvær,1,1014,2175,2175,8N14592,11,Leka,9.363436678805778e-05,2050,0.18644882275849137,300,144
3,Selvær,1,1014,87,87,8L30298,5,Hestmannøy,9.35305941186865e-05,2051,0.18644882275849137,300,129
3,Selvær,1,1014,746,746,8M31546,6,Indre Kvarøy,9.351198335979879e-05,2052,0.18644882275849137,300,138
3,Selvær,1,1014,163,163,8L30890,5,Hestmannøy,9.348484631416788e-05,2053,0.18644882275849137,300,137
3,Selvær,1,1014,862,862,8L64770,13,Vikna,9.344040447480974e-05,2054,0.18644882275849137,300,129
3,Selvær,1,1014,3857,3857,8P11584,4,Gjerøy,9.339035641363931e-05,2055,0.18644882275849137,300,135
3,Selvær,1,1014,403,403,8L57826,9,Sleneset,9.321891494469786e-05,2056,0.18644882275849137,300,145
3,Selvær,1,1014,4035,4035,8P14948,14,Lauvøya,9.310269854071508e-05,2057,0.18644882275849137,300,148
3,Selvær,1,1014,4370,4370,8681371,5,Hestmannøy,9.298562879887532e-05,2058,0.18644882275849137,300,147
3,Selvær,1,1014,1176,1176,8M72990,4,Gjerøy,9.287341025643568e-05,2059,0.18644882275849137,300,141
3,Selvær,1,1014,1735,1735,8N06830,11,Leka,9.284088200900598e-05,2060,0.18644882275849137,300,142
3,Selvær,1,1014,5186,5186,8939158,5,Hestmannøy,9.273345849462247e-05,2061,0.18644882275849137,300,146
3,Selvær,1,1014,5459,5459,8981722,6,Indre Kvarøy,9.269687898865155e-05,2062,0.18644882275849137,300,133
3,Selvær,1,1014,5287,5287,8939906,11,Leka,9.250247858714415e-05,2063,0.18644882275849137,300,142
3,Selvær,1,1014,4381,4381,8681422,0,Nesøy,9.243113088979722e-05,2064,0.18644882275849137,300,150
3,Selvær,1,1014,334,334,8L52390,11,Leka,9.236583783199341e-05,2065,0.18644882275849137,300,143
3,Selvær,1,1014,5305,5305,8943082,4,Gjerøy,9.23546354259635e-05,2066,0.18644882275849137,300,147
3,Selvær,1,1014,5307,5307,8943103,10,Aldra,9.215632695550217e-05,2067,0.18644882275849137,300,155
3,Selvær,1,1014,3194,3194,8N73612,14,Lauvøya,9.209140892673324e-05,2068,0.18644882275849137,300,138
3,Selvær,1,1014,42,42,8L19951,7,Onøy og Lurøy,9.18541073854615e-05,2069,0.18644882275849137,300,144
3,Selvær,1,1014,2660,2660,8N42209,2,Træna,9.180963645496191e-05,2070,0.18644882275849137,300,146
3,Selvær,1,1014,5368,5368,8981020,4,Gjerøy,9.17559004591908e-05,2071,0.18644882275849137,300,136
3,Selvær,1,1014,4832,4832,8800617,5,Hestmannøy,9.157950620238428e-05,2072,0.18644882275849137,300,131
3,Selvær,1,1014,4418,4418,8730496,5,Hestmannøy,9.151012479677442e-05,2073,0.18644882275849137,300,135
3,Selvær,1,1014,4313,4313,8681056,6,Indre Kvarøy,9.149825866265503e-05,2074,0.18644882275849137,300,134
3,Selvær,1,1014,707,707,8M31331,5,Hestmannøy,9.149220075508212e-05,2075,0.18644882275849137,300,139
3,Selvær,1,1014,2478,2478,8N27916,5,Hestmannøy,9.142723893890752e-05,2076,0.18644882275849137,300,147
3,Selvær,1,1014,1696,1696,8N06684,14,Lauvøya,9.133144099797738e-05,2077,0.18644882275849137,300,152
3,Selvær,1,1014,1636,1636,8N06468,12,Vega,9.123077603595131e-05,2078,0.18644882275849137,300,140
3,Selvær,1,1014,5371,5371,8981025,5,Hestmannøy,9.111880041732097e-05,2079,0.18644882275849137,300,134
3,Selvær,1,1014,2876,2876,8N72692,11,Leka,9.065541413620597e-05,2080,0.18644882275849137,300,140
3,Selvær,1,1014,4711,4711,8800021,5,Hestmannøy,9.051765486982224e-05,2081,0.18644882275849137,300,140
3,Selvær,1,1014,1243,1243,8N05154,12,Vega,9.051554841983332e-05,2082,0.18644882275849137,300,139
3,Selvær,1,1014,4027,4027,8P14916,14,Lauvøya,9.03744503062012e-05,2083,0.18644882275849137,300,152
3,Selvær,1,1014,3169,3169,8N73524,5,Hestmannøy,9.02861986168213e-05,2084,0.18644882275849137,300,137
3,Selvær,1,1014,3683,3683,8N87898,13,Vikna,9.014905482063986e-05,2085,0.18644882275849137,300,149
3,Selvær,1,1014,1431,1431,8N05601,14,Lauvøya,8.982974426224093e-05,2086,0.18644882275849137,300,137
3,Selvær,1,1014,2598,2598,8N28783,5,Hestmannøy,8.981698191497258e-05,2087,0.18644882275849137,300,136
3,Selvær,1,1014,2868,2868,8N72684,11,Leka,8.952552394427469e-05,2088,0.18644882275849137,300,153
3,Selvær,1,1014,3185,3185,8N73603,14,Lauvøya,8.946193750912604e-05,2089,0.18644882275849137,300,143
3,Selvær,1,1014,3494,3494,8N87546,11,Leka,8.945394765717856e-05,2090,0.18644882275849137,300,147
3,Selvær,1,1014,1800,1800,8N06898,11,Leka,8.938835270118818e-05,2091,0.18644882275849137,300,140
3,Selvær,1,1014,162,162,8L30882,4,Gjerøy,8.92758272037962e-05,2092,0.18644882275849137,300,142
3,Selvær,1,1014,1516,1516,8N05693,14,Lauvøya,8.912846032470006e-05,2093,0.18644882275849137,300,144
3,Selvær,1,1014,1239,1239,8N05149,12,Vega,8.909041445883275e-05,2094,0.18644882275849137,300,150
3,Selvær,1,1014,2176,2176,8N14593,11,Leka,8.905828078833673e-05,2095,0.18644882275849137,300,150
3,Selvær,1,1014,3678,3678,8N87893,13,Vikna,8.903499070263423e-05,2096,0.18644882275849137,300,145
3,Selvær,1,1014,1520,1520,8N05703,5,Hestmannøy,8.900471477976689e-05,2097,0.18644882275849137,300,147
3,Selvær,1,1014,4050,4050,8P14970,14,Lauvøya,8.886602723927784e-05,2098,0.18644882275849137,300,144
3,Selvær,1,1014,2055,2055,8N14166,5,Hestmannøy,8.881798819481276e-05,2099,0.18644882275849137,300,144
3,Selvær,1,1014,3235,3235,8N73653,13,Vikna,8.8752141541318e-05,2100,0.18644882275849137,300,151
3,Selvær,1,1014,4738,4738,8800101,10,Aldra,8.875197238552779e-05,2101,0.18644882275849137,300,142
3,Selvær,1,1014,2266,2266,8N14685,13,Vikna,8.845961712486788e-05,2102,0.18644882275849137,300,148
3,Selvær,1,1014,1654,1654,8N06485,12,Vega,8.843405640287665e-05,2103,0.18644882275849137,300,148
3,Selvær,1,1014,1871,1871,8N13609,14,Lauvøya,8.829949239431162e-05,2104,0.18644882275849137,300,153
3,Selvær,1,1014,4741,4741,8800127,9,Sleneset,8.829353351372868e-05,2105,0.18644882275849137,300,143
3,Selvær,1,1014,2181,2181,8N14598,11,Leka,8.810794246714774e-05,2106,0.18644882275849137,300,150
3,Selvær,1,1014,3758,3758,8N87974,13,Vikna,8.790171847875546e-05,2107,0.18644882275849137,300,144
3,Selvær,1,1014,4514,4514,8732687,5,Hestmannøy,8.790075555571695e-05,2108,0.18644882275849137,300,150
3,Selvær,1,1014,1421,1421,8N05534,5,Hestmannøy,8.783809006163271e-05,2109,0.18644882275849137,300,147
3,Selvær,1,1014,3635,3635,8N87849,14,Lauvøya,8.760055277777166e-05,2110,0.18644882275849137,300,142
3,Selvær,1,1014,2982,2982,8N73086,6,Indre Kvarøy,8.749720716658805e-05,2111,0.18644882275849137,300,141
3,Selvær,1,1014,720,720,8M31398,5,Hestmannøy,8.741238566494241e-05,2112,0.18644882275849137,300,130
3,Selvær,1,1014,4342,4342,8681190,4,Gjerøy,8.740101542276171e-05,2113,0.18644882275849137,300,147
3,Selvær,1,1014,3460,3460,8N87483,14,Lauvøya,8.733871195962123e-05,2114,0.18644882275849137,300,143
3,Selvær,1,1014,2974,2974,8N73048,4,Gjerøy,8.719053302941025e-05,2115,0.18644882275849137,300,152
3,Selvær,1,1014,962,962,8L57981,13,Vikna,8.708168760551627e-05,2116,0.18644882275849137,300,137
3,Selvær,1,1014,879,879,8M71205,5,Hestmannøy,8.70226099977479e-05,2117,0.18644882275849137,300,143
3,Selvær,1,1014,690,690,8M31282,10,Aldra,8.692434110480348e-05,2118,0.18644882275849137,300,145
3,Selvær,1,1014,995,995,8M71552,4,Gjerøy,8.659696438701282e-05,2119,0.18644882275849137,300,137
3,Selvær,1,1014,4309,4309,8681052,4,Gjerøy,8.654706678042933e-05,2120,0.18644882275849137,300,141
3,Selvær,1,1014,3558,3558,8N87616,14,Lauvøya,8.643969111643995e-05,2121,0.18644882275849137,300,151
3,Selvær,1,1014,3770,3770,8N87986,13,Vikna,8.588371365249406e-05,2122,0.18644882275849137,300,140
3,Selvær,1,1014,321,321,8L52366,11,Leka,8.565755679518988e-05,2123,0.18644882275849137,300,146
3,Selvær,1,1014,5343,5343,8943704,11,Leka,8.559324755554722e-05,2124,0.18644882275849137,300,137
3,Selvær,1,1014,5289,5289,8939916,11,Leka,8.557321495441804e-05,2125,0.18644882275849137,300,138
3,Selvær,1,1014,5389,5389,8981163,12,Vega,8.55110837338779e-05,2126,0.18644882275849137,300,142
3,Selvær,1,1014,2873,2873,8N72689,11,Leka,8.547891903880305e-05,2127,0.18644882275849137,300,142
3,Selvær,1,1014,3590,3590,8N87802,14,Lauvøya,8.540052890511627e-05,2128,0.18644882275849137,300,141
3,Selvær,1,1014,3377,3377,8N73980,12,Vega,8.515176064909986e-05,2129,0.18644882275849137,300,135
3,Selvær,1,1014,1920,1920,8N13657,13,Vikna,8.510547860454183e-05,2130,0.18644882275849137,300,128
3,Selvær,1,1014,2238,2238,8N14657,13,Vikna,8.505087327851959e-05,2131,0.18644882275849137,300,138
3,Selvær,1,1014,1613,1613,8N06305,0,Nesøy,8.49454717019883e-05,2132,0.18644882275849137,300,143
3,Selvær,1,1014,796,796,8L89486,11,Leka,8.4855350793763e-05,2133,0.18644882275849137,300,152
3,Selvær,1,1014,4299,4299,8681029,5,Hestmannøy,8.472245470018125e-05,2134,0.18644882275849137,300,142
3,Selvær,1,1014,2727,2727,8N42652,7,Onøy og Lurøy,8.47094310380017e-05,2135,0.18644882275849137,300,140
3,Selvær,1,1014,2323,2323,8N14992,4,Gjerøy,8.465613997453196e-05,2136,0.18644882275849137,300,141
3,Selvær,1,1014,1083,1083,8M72600,12,Vega,8.464456617998032e-05,2137,0.18644882275849137,300,150
3,Selvær,1,1014,3133,3133,8N73480,11,Leka,8.444229256975823e-05,2138,0.18644882275849137,300,153
3,Selvær,1,1014,1785,1785,8N06880,11,Leka,8.416674665134598e-05,2139,0.18644882275849137,300,141
3,Selvær,1,1014,2142,2142,8N14558,11,Leka,8.415538099104161e-05,2140,0.18644882275849137,300,130
3,Selvær,1,1014,719,719,8M31382,5,Hestmannøy,8.405704736510672e-05,2141,0.18644882275849137,300,148
3,Selvær,1,1014,4046,4046,8P14965,14,Lauvøya,8.404276315232052e-05,2142,0.18644882275849137,300,143
3,Selvær,1,1014,4325,4325,8681073,5,Hestmannøy,8.400992713067673e-05,2143,0.18644882275849137,300,141
3,Selvær,1,1014,1693,1693,8N06681,14,Lauvøya,8.40072637784964e-05,2144,0.18644882275849137,300,130
3,Selvær,1,1014,4991,4991,8887358,10,Aldra,8.4001563734909e-05,2145,0.18644882275849137,300,152
3,Selvær,1,1014,304,304,8L52340,12,Vega,8.374691993332682e-05,2146,0.18644882275849137,300,153
3,Selvær,1,1014,4808,4808,8800495,10,Aldra,8.353974347093635e-05,2147,0.18644882275849137,300,145
3,Selvær,1,1014,2028,2028,8N14018,5,Hestmannøy,8.347515406277447e-05,2148,0.18644882275849137,300,150
3,Selvær,1,1014,1193,1193,8N05103,12,Vega,8.340903855609732e-05,2149,0.18644882275849137,300,144
3,Selvær,1,1014,4410,4410,8730458,9,Sleneset,8.337427980354461e-05,2150,0.18644882275849137,300,142
3,Selvær,1,1014,2049,2049,8N14149,6,Indre Kvarøy,8.335661580380397e-05,2151,0.18644882275849137,300,147
3,Selvær,1,1014,3941,3941,8N14343,14,Lauvøya,8.327777393950367e-05,2152,0.18644882275849137,300,142
3,Selvær,1,1014,4252,4252,8651717,9,Sleneset,8.322843348752675e-05,2153,0.18644882275849137,300,142
3,Selvær,1,1014,3388,3388,8N73991,12,Vega,8.320481052112848e-05,2154,0.18644882275849137,300,139
3,Selvær,1,1014,4049,4049,8P14969,14,Lauvøya,8.315869271368167e-05,2155,0.18644882275849137,300,143
3,Selvær,1,1014,4374,4374,8681397,5,Hestmannøy,8.292387686875796e-05,2156,0.18644882275849137,300,135
3,Selvær,1,1014,4389,4389,8681476,1,Myken,8.290119069067546e-05,2157,0.18644882275849137,300,141
3,Selvær,1,1014,1074,1074,8M72577,11,Leka,8.285867976852466e-05,2158,0.18644882275849137,300,154
3,Selvær,1,1014,4532,4532,8747114,6,Indre Kvarøy,8.186516103027195e-05,2159,0.18644882275849137,300,144
3,Selvær,1,1014,2833,2833,8N72516,4,Gjerøy,8.186328870207985e-05,2160,0.18644882275849137,300,135
3,Selvær,1,1014,1961,1961,8N13699,13,Vikna,8.174858982900349e-05,2161,0.18644882275849137,300,147
3,Selvær,1,1014,739,739,8M31524,4,Gjerøy,8.171430048278218e-05,2162,0.18644882275849137,300,139
3,Selvær,1,1014,3783,3783,8P11320,4,Gjerøy,8.159628393502767e-05,2163,0.18644882275849137,300,149
3,Selvær,1,1014,3509,3509,8N87561,11,Leka,8.158655018597037e-05,2164,0.18644882275849137,300,134
3,Selvær,1,1014,4803,4803,8800478,4,Gjerøy,8.141241634861429e-05,2165,0.18644882275849137,300,149
3,Selvær,1,1014,3006,3006,8N73199,14,Lauvøya,8.137233646183317e-05,2166,0.18644882275849137,300,141
3,Selvær,1,1014,1657,1657,8N06488,12,Vega,8.136300664357522e-05,2167,0.18644882275849137,300,146
3,Selvær,1,1014,89,89,8L30320,5,Hestmannøy,8.119931250356908e-05,2168,0.18644882275849137,300,152
3,Selvær,1,1014,4420,4420,8730498,4,Gjerøy,8.116037683653846e-05,2169,0.18644882275849137,300,128
3,Selvær,1,1014,1726,1726,8N06820,11,Leka,8.093943006477588e-05,2170,0.18644882275849137,300,141
3,Selvær,1,1014,2345,2345,8N27079,14,Lauvøya,8.08024766870541e-05,2171,0.18644882275849137,300,143
3,Selvær,1,1014,2459,2459,8N27864,6,Indre Kvarøy,8.079727766207555e-05,2172,0.18644882275849137,300,144
3,Selvær,1,1014,281,281,8L52223,8,Lovund,8.064551367615406e-05,2173,0.18644882275849137,300,138
3,Selvær,1,1014,3675,3675,8N87890,13,Vikna,8.049653215605259e-05,2174,0.18644882275849137,300,149
3,Selvær,1,1014,1051,1051,8M72524,11,Leka,8.045813090395458e-05,2175,0.18644882275849137,300,138
3,Selvær,1,1014,3249,3249,8N73667,13,Vikna,8.039279547425894e-05,2176,0.18644882275849137,300,145
3,Selvær,1,1014,2445,2445,8N27691,5,Hestmannøy,8.038691881850156e-05,2177,0.18644882275849137,300,143
3,Selvær,1,1014,5189,5189,8939164,6,Indre Kvarøy,8.026696125447991e-05,2178,0.18644882275849137,300,139
3,Selvær,1,1014,5049,5049,8917962,8,Lovund,8.020727209727536e-05,2179,0.18644882275849137,300,140
3,Selvær,1,1014,333,333,8L52389,11,Leka,8.017121552505631e-05,2180,0.18644882275849137,300,135
3,Selvær,1,1014,3408,3408,8N87066,5,Hestmannøy,7.994524564984727e-05,2181,0.18644882275849137,300,151
3,Selvær,1,1014,4727,4727,8800061,0,Nesøy,7.970601213995496e-05,2182,0.18644882275849137,300,143
3,Selvær,1,1014,1552,1552,8N05841,5,Hestmannøy,7.963773276663403e-05,2183,0.18644882275849137,300,143
3,Selvær,1,1014,5427,5427,8981325,6,Indre Kvarøy,7.962583871388869e-05,2184,0.18644882275849137,300,139
3,Selvær,1,1014,3921,3921,8P14221,5,Hestmannøy,7.953332515866417e-05,2185,0.18644882275849137,300,142
3,Selvær,1,1014,3603,3603,8N87815,14,Lauvøya,7.94881990176703e-05,2186,0.18644882275849137,300,142
3,Selvær,1,1014,5481,5481,8981826,7,Onøy og Lurøy,7.947834827448702e-05,2187,0.18644882275849137,300,138
3,Selvær,1,1014,5179,5179,8939122,4,Gjerøy,7.942000000215161e-05,2188,0.18644882275849137,300,137
3,Selvær,1,1014,4251,4251,8651701,5,Hestmannøy,7.93611396427306e-05,2189,0.18644882275849137,300,142
3,Selvær,1,1014,109,109,8L30499,2,Træna,7.93422799556759e-05,2190,0.18644882275849137,300,136
3,Selvær,1,1014,2745,2745,8N42710,10,Aldra,7.928958275809056e-05,2191,0.18644882275849137,300,133
3,Selvær,1,1014,930,930,8M71335,12,Vega,7.926187173720452e-05,2192,0.18644882275849137,300,140
3,Selvær,1,1014,4847,4847,8816456,6,Indre Kvarøy,7.918329586265342e-05,2193,0.18644882275849137,300,145
3,Selvær,1,1014,48,48,8L19969,5,Hestmannøy,7.91503841883539e-05,2194,0.18644882275849137,300,147
3,Selvær,1,1014,3608,3608,8N87820,14,Lauvøya,7.9123195268817e-05,2195,0.18644882275849137,300,148
3,Selvær,1,1014,2691,2691,8N42500,14,Lauvøya,7.908522021821562e-05,2196,0.18644882275849137,300,143
3,Selvær,1,1014,2945,2945,8N72944,13,Vikna,7.88717220116354e-05,2197,0.18644882275849137,300,141
3,Selvær,1,1014,5322,5322,8943263,11,Leka,7.871707926599295e-05,2198,0.18644882275849137,300,137
3,Selvær,1,1014,526,526,8L89273,5,Hestmannøy,7.870191021897596e-05,2199,0.18644882275849137,300,146
3,Selvær,1,1014,894,894,8M71257,5,Hestmannøy,7.852988393590445e-05,2200,0.18644882275849137,300,134
3,Selvær,1,1014,203,203,8L48454,5,Hestmannøy,7.819191310798514e-05,2201,0.18644882275849137,300,142
3,Selvær,1,1014,1179,1179,8N05004,4,Gjerøy,7.800435641110211e-05,2202,0.18644882275849137,300,158
3,Selvær,1,1014,3157,3157,8N73505,5,Hestmannøy,7.798430549823532e-05,2203,0.18644882275849137,300,156
3,Selvær,1,1014,5214,5214,8939371,7,Onøy og Lurøy,7.795022379624626e-05,2204,0.18644882275849137,300,141
3,Selvær,1,1014,1775,1775,8N06870,11,Leka,7.780869536603903e-05,2205,0.18644882275849137,300,146
3,Selvær,1,1014,2472,2472,8N27903,6,Indre Kvarøy,7.750388542731912e-05,2206,0.18644882275849137,300,152
3,Selvær,1,1014,1013,1013,8M71881,5,Hestmannøy,7.741863249151131e-05,2207,0.18644882275849137,300,143
3,Selvær,1,1014,3121,3121,8N73468,11,Leka,7.736760086073361e-05,2208,0.18644882275849137,300,140
3,Selvær,1,1014,2629,2629,8N28897,14,Lauvøya,7.728455679748804e-05,2209,0.18644882275849137,300,143
3,Selvær,1,1014,1697,1697,8N06685,14,Lauvøya,7.723663378078444e-05,2210,0.18644882275849137,300,139
3,Selvær,1,1014,5141,5141,8934801,6,Indre Kvarøy,7.716555711574446e-05,2211,0.18644882275849137,300,147
3,Selvær,1,1014,301,301,8L52334,12,Vega,7.7085078478322e-05,2212,0.18644882275849137,300,148
3,Selvær,1,1014,2017,2017,8N14006,6,Indre Kvarøy,7.699081104979026e-05,2213,0.18644882275849137,300,154
3,Selvær,1,1014,1985,1985,8N13929,5,Hestmannøy,7.675539217314038e-05,2214,0.18644882275849137,300,152
3,Selvær,1,1014,1216,1216,8N05126,12,Vega,7.650607957288375e-05,2215,0.18644882275849137,300,148
3,Selvær,1,1014,1452,1452,8N05622,14,Lauvøya,7.633361455108693e-05,2216,0.18644882275849137,300,134
3,Selvær,1,1014,3132,3132,8N73479,11,Leka,7.616834812468582e-05,2217,0.18644882275849137,300,143
3,Selvær,1,1014,4731,4731,8800074,5,Hestmannøy,7.600802317417086e-05,2218,0.18644882275849137,300,138
3,Selvær,1,1014,2639,2639,8N28940,8,Lovund,7.599310062617299e-05,2219,0.18644882275849137,300,141
3,Selvær,1,1014,1233,1233,8N05143,12,Vega,7.584878484729217e-05,2220,0.18644882275849137,300,148
3,Selvær,1,1014,2962,2962,8N72962,13,Vikna,7.581881372075272e-05,2221,0.18644882275849137,300,137
3,Selvær,1,1014,2340,2340,8N27074,14,Lauvøya,7.574635460880867e-05,2222,0.18644882275849137,300,137
3,Selvær,1,1014,3037,3037,8N73236,12,Vega,7.56752542860397e-05,2223,0.18644882275849137,300,147
3,Selvær,1,1014,2633,2633,8N28909,8,Lovund,7.561339480471242e-05,2224,0.18644882275849137,300,159
3,Selvær,1,1014,214,214,8L48479,4,Gjerøy,7.555041690016724e-05,2225,0.18644882275849137,300,140
3,Selvær,1,1014,2505,2505,8N28060,7,Onøy og Lurøy,7.554236298490325e-05,2226,0.18644882275849137,300,137
3,Selvær,1,1014,3066,3066,8N73313,14,Lauvøya,7.539606770808471e-05,2227,0.18644882275849137,300,145
3,Selvær,1,1014,3398,3398,8N87047,5,Hestmannøy,7.525190842955035e-05,2228,0.18644882275849137,300,135
3,Selvær,1,1014,651,651,8L89822,0,Nesøy,7.522051235186257e-05,2229,0.18644882275849137,300,149
3,Selvær,1,1014,4173,4173,8309171,5,Hestmannøy,7.504390384557269e-05,2230,0.18644882275849137,300,150
3,Selvær,1,1014,4373,4373,8681396,7,Onøy og Lurøy,7.493605523999193e-05,2231,0.18644882275849137,300,144
3,Selvær,1,1014,370,370,8L52598,10,Aldra,7.490229204284266e-05,2232,0.18644882275849137,300,139
3,Selvær,1,1014,1042,1042,8M72416,13,Vikna,7.47824238564354e-05,2233,0.18644882275849137,300,137
3,Selvær,1,1014,3886,3886,8P11947,5,Hestmannøy,7.461254304293597e-05,2234,0.18644882275849137,300,142
3,Selvær,1,1014,4998,4998,8887385,0,Nesøy,7.453333602500037e-05,2235,0.18644882275849137,300,144
3,Selvær,1,1014,3174,3174,8N73530,4,Gjerøy,7.432225514344828e-05,2236,0.18644882275849137,300,149
3,Selvær,1,1014,654,654,8L89845,5,Hestmannøy,7.430692052752593e-05,2237,0.18644882275849137,300,151
3,Selvær,1,1014,1101,1101,8M72653,0,Nesøy,7.428850446181747e-05,2238,0.18644882275849137,300,146
3,Selvær,1,1014,1700,1700,8N06688,14,Lauvøya,7.413900716779835e-05,2239,0.18644882275849137,300,126
3,Selvær,1,1014,4525,4525,8747062,9,Sleneset,7.409853324447171e-05,2240,0.18644882275849137,300,142
3,Selvær,1,1014,3824,3824,8P11547,14,Lauvøya,7.406687141319695e-05,2241,0.18644882275849137,300,141
3,Selvær,1,1014,5091,5091,8934301,5,Hestmannøy,7.402397240316178e-05,2242,0.18644882275849137,300,143
3,Selvær,1,1014,4623,4623,8747698,4,Gjerøy,7.392494196398727e-05,2243,0.18644882275849137,300,144
3,Selvær,1,1014,4675,4675,8747884,1,Myken,7.386027755584864e-05,2244,0.18644882275849137,300,154
3,Selvær,1,1014,1160,1160,8M72929,5,Hestmannøy,7.383859654415412e-05,2245,0.18644882275849137,300,140
3,Selvær,1,1014,3535,3535,8N87588,11,Leka,7.36867702543297e-05,2246,0.18644882275849137,300,147
3,Selvær,1,1014,3181,3181,8N73586,5,Hestmannøy,7.3096419797818e-05,2247,0.18644882275849137,300,149
3,Selvær,1,1014,2699,2699,8N42513,5,Hestmannøy,7.306879382427912e-05,2248,0.18644882275849137,300,151
3,Selvær,1,1014,3500,3500,8N87552,11,Leka,7.297959305547929e-05,2249,0.18644882275849137,300,149
3,Selvær,1,1014,2023,2023,8N14012,7,Onøy og Lurøy,7.286671781235784e-05,2250,0.18644882275849137,300,131
3,Selvær,1,1014,2089,2089,8N14350,14,Lauvøya,7.261411800642205e-05,2251,0.18644882275849137,300,156
3,Selvær,1,1014,3310,3310,8N73913,11,Leka,7.258633186134822e-05,2252,0.18644882275849137,300,141
3,Selvær,1,1014,1048,1048,8M72437,13,Vikna,7.246484296555268e-05,2253,0.18644882275849137,300,134
3,Selvær,1,1014,1477,1477,8N05654,11,Leka,7.242434514235125e-05,2254,0.18644882275849137,300,146
3,Selvær,1,1014,467,467,8M71167,13,Vikna,7.242380090363902e-05,2255,0.18644882275849137,300,145
3,Selvær,1,1014,5246,5246,8939582,10,Aldra,7.241626226600808e-05,2256,0.18644882275849137,300,138
3,Selvær,1,1014,741,741,8M31532,5,Hestmannøy,7.233670746500202e-05,2257,0.18644882275849137,300,140
3,Selvær,1,1014,1284,1284,8N05195,13,Vikna,7.212553544783913e-05,2258,0.18644882275849137,300,151
3,Selvær,1,1014,2979,2979,8N73082,6,Indre Kvarøy,7.209613281984302e-05,2259,0.18644882275849137,300,137
3,Selvær,1,1014,369,369,8L52597,6,Indre Kvarøy,7.20690328213592e-05,2260,0.18644882275849137,300,153
3,Selvær,1,1014,4487,4487,8732625,9,Sleneset,7.193894091830254e-05,2261,0.18644882275849137,300,134
3,Selvær,1,1014,1471,1471,8N05648,11,Leka,7.191713487068542e-05,2262,0.18644882275849137,300,144
3,Selvær,1,1014,3523,3523,8N87575,11,Leka,7.174256333131167e-05,2263,0.18644882275849137,300,134
3,Selvær,1,1014,1206,1206,8N05116,12,Vega,7.172504697707926e-05,2264,0.18644882275849137,300,144
3,Selvær,1,1014,3479,3479,8N87531,11,Leka,7.165654522323137e-05,2265,0.18644882275849137,300,141
3,Selvær,1,1014,1076,1076,8M72581,14,Lauvøya,7.151557543683936e-05,2266,0.18644882275849137,300,148
3,Selvær,1,1014,4850,4850,8816491,5,Hestmannøy,7.12493059767779e-05,2267,0.18644882275849137,300,154
3,Selvær,1,1014,1493,1493,8N05669,14,Lauvøya,7.120252728816268e-05,2268,0.18644882275849137,300,143
3,Selvær,1,1014,2593,2593,8N28774,5,Hestmannøy,7.101443821403634e-05,2269,0.18644882275849137,300,147
3,Selvær,1,1014,1339,1339,8N05251,13,Vikna,7.100527289416312e-05,2270,0.18644882275849137,300,153
3,Selvær,1,1014,1301,1301,8N05212,12,Vega,7.082437756103423e-05,2271,0.18644882275849137,300,140
3,Selvær,1,1014,3776,3776,8P11037,2,Træna,7.081542863508091e-05,2272,0.18644882275849137,300,148
3,Selvær,1,1014,947,947,8M71377,12,Vega,7.075208936392991e-05,2273,0.18644882275849137,300,146
3,Selvær,1,1014,564,564,8L89412,5,Hestmannøy,7.073488002976021e-05,2274,0.18644882275849137,300,142
3,Selvær,1,1014,1045,1045,8M72422,13,Vikna,7.069976405573247e-05,2275,0.18644882275849137,300,142
3,Selvær,1,1014,821,821,8M31924,5,Hestmannøy,7.057014792919615e-05,2276,0.18644882275849137,300,143
3,Selvær,1,1014,2144,2144,8N14560,11,Leka,7.043596699988338e-05,2277,0.18644882275849137,300,149
3,Selvær,1,1014,3811,3811,8P11533,14,Lauvøya,7.033367897372037e-05,2278,0.18644882275849137,300,135
3,Selvær,1,1014,4421,4421,8730503,5,Hestmannøy,7.019995215751665e-05,2279,0.18644882275849137,300,139
3,Selvær,1,1014,341,341,8L52397,12,Vega,6.998984594163082e-05,2280,0.18644882275849137,300,149
3,Selvær,1,1014,1875,1875,8N13613,14,Lauvøya,6.998115643031455e-05,2281,0.18644882275849137,300,139
3,Selvær,1,1014,284,284,8L52230,9,Sleneset,6.993008571218852e-05,2282,0.18644882275849137,300,151
3,Selvær,1,1014,3457,3457,8N87371,4,Gjerøy,6.990258527848747e-05,2283,0.18644882275849137,300,146
3,Selvær,1,1014,251,251,8L48763,11,Leka,6.989847048451182e-05,2284,0.18644882275849137,300,131
3,Selvær,1,1014,4539,4539,8747167,8,Lovund,6.982880387742418e-05,2285,0.18644882275849137,300,135
3,Selvær,1,1014,620,620,8L89682,6,Indre Kvarøy,6.964679055586631e-05,2286,0.18644882275849137,300,147
3,Selvær,1,1014,4024,4024,8P14900,14,Lauvøya,6.959006058100667e-05,2287,0.18644882275849137,300,139
3,Selvær,1,1014,3850,3850,8P11573,14,Lauvøya,6.930742970618817e-05,2288,0.18644882275849137,300,142
3,Selvær,1,1014,5221,5221,8939378,7,Onøy og Lurøy,6.914202139314062e-05,2289,0.18644882275849137,300,143
3,Selvær,1,1014,1223,1223,8N05133,12,Vega,6.910464374673235e-05,2290,0.18644882275849137,300,141
3,Selvær,1,1014,868,868,8L64600,12,Vega,6.9091645541565e-05,2291,0.18644882275849137,300,145
3,Selvær,1,1014,68,68,8L26587,5,Hestmannøy,6.907815111837482e-05,2292,0.18644882275849137,300,141
3,Selvær,1,1014,3294,3294,8N73823,6,Indre Kvarøy,6.894172763381295e-05,2293,0.18644882275849137,300,130
3,Selvær,1,1014,1219,1219,8N05129,12,Vega,6.883670243597991e-05,2294,0.18644882275849137,300,147
3,Selvær,1,1014,5367,5367,8981018,4,Gjerøy,6.880574964067189e-05,2295,0.18644882275849137,300,145
3,Selvær,1,1014,2172,2172,8N14589,11,Leka,6.87870084876021e-05,2296,0.18644882275849137,300,129
3,Selvær,1,1014,3300,3300,8N73902,11,Leka,6.866595718338021e-05,2297,0.18644882275849137,300,145
3,Selvær,1,1014,3676,3676,8N87891,13,Vikna,6.865356462667284e-05,2298,0.18644882275849137,300,142
3,Selvær,1,1014,2207,2207,8N14624,13,Vikna,6.86122907473647e-05,2299,0.18644882275849137,300,143
3,Selvær,1,1014,1504,1504,8N05681,14,Lauvøya,6.855404262388292e-05,2300,0.18644882275849137,300,136
3,Selvær,1,1014,3861,3861,8P11635,2,Træna,6.846886807881786e-05,2301,0.18644882275849137,300,146
3,Selvær,1,1014,3554,3554,8N87612,14,Lauvøya,6.843786424576623e-05,2302,0.18644882275849137,300,140
3,Selvær,1,1014,1596,1596,8N05939,2,Træna,6.842540802365087e-05,2303,0.18644882275849137,300,147
3,Selvær,1,1014,4210,4210,8537774,7,Onøy og Lurøy,6.837045733980178e-05,2304,0.18644882275849137,300,132
3,Selvær,1,1014,484,484,8L64836,8,Lovund,6.830533964583288e-05,2305,0.18644882275849137,300,135
3,Selvær,1,1014,3454,3454,8N87363,0,Nesøy,6.817404166504786e-05,2306,0.18644882275849137,300,160
3,Selvær,1,1014,1840,1840,8N13357,2,Træna,6.80807959522897e-05,2307,0.18644882275849137,300,144
3,Selvær,1,1014,1362,1362,8N05274,13,Vikna,6.803782143911626e-05,2308,0.18644882275849137,300,153
3,Selvær,1,1014,422,422,8M71448,13,Vikna,6.789631955859674e-05,2309,0.18644882275849137,300,142
3,Selvær,1,1014,5387,5387,8981147,11,Leka,6.785210441470895e-05,2310,0.18644882275849137,300,136
3,Selvær,1,1014,692,692,8M31285,10,Aldra,6.784314337532677e-05,2311,0.18644882275849137,300,146
3,Selvær,1,1014,381,381,8L52920,6,Indre Kvarøy,6.775928884302304e-05,2312,0.18644882275849137,300,144
3,Selvær,1,1014,4214,4214,8573515,6,Indre Kvarøy,6.763708129772637e-05,2313,0.18644882275849137,300,144
3,Selvær,1,1014,4856,4856,8816919,6,Indre Kvarøy,6.760444093391561e-05,2314,0.18644882275849137,300,139
3,Selvær,1,1014,86,86,8L30289,5,Hestmannøy,6.750597587653191e-05,2315,0.18644882275849137,300,141
3,Selvær,1,1014,1711,1711,8N06699,14,Lauvøya,6.745063766842884e-05,2316,0.18644882275849137,300,152
3,Selvær,1,1014,227,227,8L48609,6,Indre Kvarøy,6.735370437345677e-05,2317,0.18644882275849137,300,141
3,Selvær,1,1014,2083,2083,8N14299,14,Lauvøya,6.731743469424164e-05,2318,0.18644882275849137,300,141
3,Selvær,1,1014,2019,2019,8N14008,6,Indre Kvarøy,6.723858482838335e-05,2319,0.18644882275849137,300,132
3,Selvær,1,1014,1466,1466,8N05643,14,Lauvøya,6.719939417726356e-05,2320,0.18644882275849137,300,142
3,Selvær,1,1014,3613,3613,8N87825,14,Lauvøya,6.714420057481386e-05,2321,0.18644882275849137,300,150
3,Selvær,1,1014,3918,3918,8P14191,5,Hestmannøy,6.712355848449749e-05,2322,0.18644882275849137,300,134
3,Selvær,1,1014,1286,1286,8N05197,13,Vikna,6.710382480857411e-05,2323,0.18644882275849137,300,139
3,Selvær,1,1014,2059,2059,8N14181,6,Indre Kvarøy,6.704221020153558e-05,2324,0.18644882275849137,300,145
3,Selvær,1,1014,1689,1689,8N06677,14,Lauvøya,6.703526558846557e-05,2325,0.18644882275849137,300,138
3,Selvær,1,1014,2909,2909,8N72907,13,Vikna,6.695807592951253e-05,2326,0.18644882275849137,300,146
3,Selvær,1,1014,3336,3336,8N73939,12,Vega,6.69523773442453e-05,2327,0.18644882275849137,300,144
3,Selvær,1,1014,3255,3255,8N73673,13,Vikna,6.693598382476948e-05,2328,0.18644882275849137,300,147
3,Selvær,1,1014,1512,1512,8N05689,14,Lauvøya,6.6917066251147e-05,2329,0.18644882275849137,300,145
3,Selvær,1,1014,2961,2961,8N72961,13,Vikna,6.679407873970791e-05,2330,0.18644882275849137,300,143
3,Selvær,1,1014,1459,1459,8N05630,14,Lauvøya,6.667996124522928e-05,2331,0.18644882275849137,300,140
3,Selvær,1,1014,5152,5152,8934888,7,Onøy og Lurøy,6.657484900554558e-05,2332,0.18644882275849137,300,131
3,Selvær,1,1014,1485,1485,8N05662,13,Vikna,6.653926031070875e-05,2333,0.18644882275849137,300,143
3,Selvær,1,1014,3882,3882,8P11884,14,Lauvøya,6.653058650282168e-05,2334,0.18644882275849137,300,144
3,Selvær,1,1014,3341,3341,8N73944,12,Vega,6.652474399251426e-05,2335,0.18644882275849137,300,140
3,Selvær,1,1014,518,518,8L89254,4,Gjerøy,6.649600106814534e-05,2336,0.18644882275849137,300,145
3,Selvær,1,1014,2836,2836,8N72544,6,Indre Kvarøy,6.63664744135479e-05,2337,0.18644882275849137,300,146
3,Selvær,1,1014,3275,3275,8N73694,13,Vikna,6.631753270290992e-05,2338,0.18644882275849137,300,146
3,Selvær,1,1014,447,447,8L64212,5,Hestmannøy,6.626082151978981e-05,2339,0.18644882275849137,300,145
3,Selvær,1,1014,1947,1947,8N13685,13,Vikna,6.59230427339721e-05,2340,0.18644882275849137,300,143
3,Selvær,1,1014,4588,4588,8747548,10,Aldra,6.568492161516843e-05,2341,0.18644882275849137,300,140
3,Selvær,1,1014,2140,2140,8N14556,11,Leka,6.544570957655575e-05,2342,0.18644882275849137,300,144
3,Selvær,1,1014,4424,4424,8730517,5,Hestmannøy,6.544321784792774e-05,2343,0.18644882275849137,300,139
3,Selvær,1,1014,3338,3338,8N73941,12,Vega,6.538945827604438e-05,2344,0.18644882275849137,300,140
3,Selvær,1,1014,4355,4355,8681287,7,Onøy og Lurøy,6.519424090752667e-05,2345,0.18644882275849137,300,138
3,Selvær,1,1014,3141,3141,8N73489,12,Vega,6.517893084921136e-05,2346,0.18644882275849137,300,139
3,Selvær,1,1014,4021,4021,8P14873,14,Lauvøya,6.515791340488999e-05,2347,0.18644882275849137,300,141
3,Selvær,1,1014,4442,4442,8732225,7,Onøy og Lurøy,6.487935611974573e-05,2348,0.18644882275849137,300,135
3,Selvær,1,1014,2781,2781,8N42986,14,Lauvøya,6.487082498142488e-05,2349,0.18644882275849137,300,147
3,Selvær,1,1014,2331,2331,8N27065,14,Lauvøya,6.483102756871153e-05,2350,0.18644882275849137,300,143
3,Selvær,1,1014,3090,3090,8N73437,11,Leka,6.478191476089725e-05,2351,0.18644882275849137,300,149
3,Selvær,1,1014,3228,3228,8N73646,13,Vikna,6.477957365960763e-05,2352,0.18644882275849137,300,133
3,Selvær,1,1014,3434,3434,8N87255,8,Lovund,6.475876705493183e-05,2353,0.18644882275849137,300,127
3,Selvær,1,1014,5030,5030,8904643,7,Onøy og Lurøy,6.47401397392368e-05,2354,0.18644882275849137,300,149
3,Selvær,1,1014,4927,4927,8866718,4,Gjerøy,6.45777270923407e-05,2355,0.18644882275849137,300,142
3,Selvær,1,1014,4916,4916,8857620,1,Myken,6.440090210321142e-05,2356,0.18644882275849137,300,139
3,Selvær,1,1014,5249,5249,8939602,5,Hestmannøy,6.43807123256365e-05,2357,0.18644882275849137,300,137
3,Selvær,1,1014,1448,1448,8N05618,14,Lauvøya,6.428373401706816e-05,2358,0.18644882275849137,300,132
3,Selvær,1,1014,3293,3293,8N73821,5,Hestmannøy,6.413060114396882e-05,2359,0.18644882275849137,300,141
3,Selvær,1,1014,1740,1740,8N06835,11,Leka,6.401765656762673e-05,2360,0.18644882275849137,300,156
3,Selvær,1,1014,1915,1915,8N13652,14,Lauvøya,6.3984625312081e-05,2361,0.18644882275849137,300,137
3,Selvær,1,1014,5065,5065,8934072,5,Hestmannøy,6.393708505220464e-05,2362,0.18644882275849137,300,161
3,Selvær,1,1014,4676,4676,8747897,7,Onøy og Lurøy,6.379707330638023e-05,2363,0.18644882275849137,300,142
3,Selvær,1,1014,5377,5377,8981036,4,Gjerøy,6.376127975020632e-05,2364,0.18644882275849137,300,136
3,Selvær,1,1014,2026,2026,8N14016,7,Onøy og Lurøy,6.331718641957874e-05,2365,0.18644882275849137,300,142
3,Selvær,1,1014,3652,3652,8N87866,13,Vikna,6.330813846220437e-05,2366,0.18644882275849137,300,147
3,Selvær,1,1014,2064,2064,8N14201,5,Hestmannøy,6.32568135254386e-05,2367,0.18644882275849137,300,133
3,Selvær,1,1014,581,581,8L89508,5,Hestmannøy,6.31210278854769e-05,2368,0.18644882275849137,300,152
3,Selvær,1,1014,210,210,8L48473,4,Gjerøy,6.3104812240266e-05,2369,0.18644882275849137,300,150
3,Selvær,1,1014,2690,2690,8N42499,14,Lauvøya,6.290277940416107e-05,2370,0.18644882275849137,300,143
3,Selvær,1,1014,2060,2060,8N14186,5,Hestmannøy,6.284472574269597e-05,2371,0.18644882275849137,300,148
3,Selvær,1,1014,1145,1145,8M72881,5,Hestmannøy,6.277704774165384e-05,2372,0.18644882275849137,300,139
3,Selvær,1,1014,1752,1752,8N06847,11,Leka,6.270698316285845e-05,2373,0.18644882275849137,300,152
3,Selvær,1,1014,4016,4016,8P14868,14,Lauvøya,6.27021859190851e-05,2374,0.18644882275849137,300,142
3,Selvær,1,1014,4328,4328,8681076,5,Hestmannøy,6.265454337076555e-05,2375,0.18644882275849137,300,137
3,Selvær,1,1014,2983,2983,8N73087,6,Indre Kvarøy,6.263958834137453e-05,2376,0.18644882275849137,300,131
3,Selvær,1,1014,2573,2573,8N28689,5,Hestmannøy,6.25853366435845e-05,2377,0.18644882275849137,300,158
3,Selvær,1,1014,3691,3691,8N87906,13,Vikna,6.257546159854136e-05,2378,0.18644882275849137,300,147
3,Selvær,1,1014,2823,2823,8N72428,8,Lovund,6.25240490944138e-05,2379,0.18644882275849137,300,152
3,Selvær,1,1014,1908,1908,8N13645,14,Lauvøya,6.234384454996801e-05,2380,0.18644882275849137,300,137
3,Selvær,1,1014,2819,2819,8N72389,6,Indre Kvarøy,6.225804487444139e-05,2381,0.18644882275849137,300,142
3,Selvær,1,1014,2135,2135,8N14551,11,Leka,6.202510960468533e-05,2382,0.18644882275849137,300,146
3,Selvær,1,1014,2930,2930,8N72929,13,Vikna,6.198695463720249e-05,2383,0.18644882275849137,300,144
3,Selvær,1,1014,1733,1733,8N06828,11,Leka,6.170043691741469e-05,2384,0.18644882275849137,300,138
3,Selvær,1,1014,750,750,8M31551,6,Indre Kvarøy,6.161694950425703e-05,2385,0.18644882275849137,300,140
3,Selvær,1,1014,1558,1558,8N05859,11,Leka,6.155091126464083e-05,2386,0.18644882275849137,300,138
3,Selvær,1,1014,1057,1057,8M72532,11,Leka,6.145580950543483e-05,2387,0.18644882275849137,300,133
3,Selvær,1,1014,3541,3541,8N87594,11,Leka,6.125917232603439e-05,2388,0.18644882275849137,300,149
3,Selvær,1,1014,2432,2432,8N27464,7,Onøy og Lurøy,6.120650100442906e-05,2389,0.18644882275849137,300,145
3,Selvær,1,1014,777,777,8M31758,5,Hestmannøy,6.1122616546963e-05,2390,0.18644882275849137,300,136
3,Selvær,1,1014,108,108,8L30487,12,Vega,6.110016898269147e-05,2391,0.18644882275849137,300,141
3,Selvær,1,1014,3227,3227,8N73645,13,Vikna,6.0932418885824524e-05,2392,0.18644882275849137,300,151
3,Selvær,1,1014,3915,3915,8P14171,5,Hestmannøy,6.0918544440135534e-05,2393,0.18644882275849137,300,151
3,Selvær,1,1014,3467,3467,8N87519,11,Leka,6.084415582593428e-05,2394,0.18644882275849137,300,138
3,Selvær,1,1014,533,533,8L89299,10,Aldra,6.073020570254169e-05,2395,0.18644882275849137,300,155
3,Selvær,1,1014,2928,2928,8N72927,13,Vikna,6.07177816755194e-05,2396,0.18644882275849137,300,136
3,Selvær,1,1014,4811,4811,8800515,5,Hestmannøy,6.0487133029628266e-05,2397,0.18644882275849137,300,150
3,Selvær,1,1014,1080,1080,8M72594,11,Leka,6.033678280588627e-05,2398,0.18644882275849137,300,141
3,Selvær,1,1014,993,993,8M71531,4,Gjerøy,6.025269718407478e-05,2399,0.18644882275849137,300,127
3,Selvær,1,1014,238,238,8L48738,11,Leka,6.002883092913626e-05,2400,0.18644882275849137,300,142
3,Selvær,1,1014,3722,3722,8N87938,13,Vikna,5.990534750398935e-05,2401,0.18644882275849137,300,150
3,Selvær,1,1014,5347,5347,8943752,0,Nesøy,5.988530907838678e-05,2402,0.18644882275849137,300,145
3,Selvær,1,1014,2999,2999,8N73192,14,Lauvøya,5.97829602856917e-05,2403,0.18644882275849137,300,146
3,Selvær,1,1014,547,547,8L89366,5,Hestmannøy,5.964565486456292e-05,2404,0.18644882275849137,300,133
3,Selvær,1,1014,37,37,8L19932,10,Aldra,5.963084701726848e-05,2405,0.18644882275849137,300,147
3,Selvær,1,1014,1641,1641,8N06472,12,Vega,5.960164468358211e-05,2406,0.18644882275849137,300,147
3,Selvær,1,1014,2989,2989,8N73182,14,Lauvøya,5.950741286112792e-05,2407,0.18644882275849137,300,141
3,Selvær,1,1014,915,915,8M71305,6,Indre Kvarøy,5.9425924038804546e-05,2408,0.18644882275849137,300,140
3,Selvær,1,1014,1228,1228,8N05138,12,Vega,5.941557693626373e-05,2409,0.18644882275849137,300,134
3,Selvær,1,1014,5251,5251,8939607,5,Hestmannøy,5.928838119496102e-05,2410,0.18644882275849137,300,145
3,Selvær,1,1014,3704,3704,8N87920,13,Vikna,5.921647503644303e-05,2411,0.18644882275849137,300,135
3,Selvær,1,1014,1533,1533,8N05716,6,Indre Kvarøy,5.907547016198693e-05,2412,0.18644882275849137,300,140
3,Selvær,1,1014,4935,4935,8866786,5,Hestmannøy,5.9035911917554076e-05,2413,0.18644882275849137,300,133
3,Selvær,1,1014,2650,2650,8N42114,8,Lovund,5.897829078893673e-05,2414,0.18644882275849137,300,147
3,Selvær,1,1014,290,290,8L52308,5,Hestmannøy,5.865548210310864e-05,2415,0.18644882275849137,300,147
3,Selvær,1,1014,4136,4136,8168614,6,Indre Kvarøy,5.861357317085099e-05,2416,0.18644882275849137,300,152
3,Selvær,1,1014,1774,1774,8N06869,11,Leka,5.860962381208565e-05,2417,0.18644882275849137,300,143
3,Selvær,1,1014,4318,4318,8681063,9,Sleneset,5.852434788491123e-05,2418,0.18644882275849137,300,140
3,Selvær,1,1014,4643,4643,8747739,7,Onøy og Lurøy,5.844631292240326e-05,2419,0.18644882275849137,300,144
3,Selvær,1,1014,32,32,8L19922,10,Aldra,5.844120908876443e-05,2420,0.18644882275849137,300,148
3,Selvær,1,1014,3028,3028,8N73227,12,Vega,5.844053691329896e-05,2421,0.18644882275849137,300,147
3,Selvær,1,1014,1966,1966,8N13849,14,Lauvøya,5.809410535388261e-05,2422,0.18644882275849137,300,130
3,Selvær,1,1014,262,262,8L49910,5,Hestmannøy,5.8007542952404915e-05,2423,0.18644882275849137,300,137
3,Selvær,1,1014,4816,4816,8800537,10,Aldra,5.799093753513476e-05,2424,0.18644882275849137,300,141
3,Selvær,1,1014,4776,4776,8800356,5,Hestmannøy,5.7957407288946724e-05,2425,0.18644882275849137,300,146
3,Selvær,1,1014,1478,1478,8N05655,14,Lauvøya,5.783434710298466e-05,2426,0.18644882275849137,300,136
3,Selvær,1,1014,385,385,8L52934,4,Gjerøy,5.782395349460341e-05,2427,0.18644882275849137,300,146
3,Selvær,1,1014,2032,2032,8N14041,4,Gjerøy,5.775942786442871e-05,2428,0.18644882275849137,300,149
3,Selvær,1,1014,817,817,8M31921,12,Vega,5.77496398402777e-05,2429,0.18644882275849137,300,135
3,Selvær,1,1014,4334,4334,8681135,1,Myken,5.774147049141094e-05,2430,0.18644882275849137,300,145
3,Selvær,1,1014,2386,2386,8N27241,5,Hestmannøy,5.766948114815275e-05,2431,0.18644882275849137,300,148
3,Selvær,1,1014,3654,3654,8N87868,13,Vikna,5.764286512616591e-05,2432,0.18644882275849137,300,143
3,Selvær,1,1014,2393,2393,8N27298,10,Aldra,5.760407475669721e-05,2433,0.18644882275849137,300,144
3,Selvær,1,1014,1857,1857,8N13524,2,Træna,5.747063735774953e-05,2434,0.18644882275849137,300,142
3,Selvær,1,1014,2559,2559,8N28554,2,Træna,5.7331633350697385e-05,2435,0.18644882275849137,300,149
3,Selvær,1,1014,3956,3956,8P14675,8,Lovund,5.729854127538989e-05,2436,0.18644882275849137,300,151
3,Selvær,1,1014,3880,3880,8P11871,14,Lauvøya,5.7298184572181126e-05,2437,0.18644882275849137,300,155
3,Selvær,1,1014,2882,2882,8N72698,11,Leka,5.727700478281255e-05,2438,0.18644882275849137,300,146
3,Selvær,1,1014,3340,3340,8N73943,12,Vega,5.7228876889944766e-05,2439,0.18644882275849137,300,152
3,Selvær,1,1014,3735,3735,8N87951,13,Vikna,5.711823314608454e-05,2440,0.18644882275849137,300,145
3,Selvær,1,1014,2167,2167,8N14584,11,Leka,5.709847450228465e-05,2441,0.18644882275849137,300,139
3,Selvær,1,1014,1738,1738,8N06833,11,Leka,5.709645285968881e-05,2442,0.18644882275849137,300,151
3,Selvær,1,1014,3920,3920,8P14220,5,Hestmannøy,5.7091319767300535e-05,2443,0.18644882275849137,300,151
3,Selvær,1,1014,5392,5392,8981185,12,Vega,5.707068094582351e-05,2444,0.18644882275849137,300,132
3,Selvær,1,1014,3420,3420,8N87136,9,Sleneset,5.704079406741767e-05,2445,0.18644882275849137,300,140
3,Selvær,1,1014,3979,3979,8P14810,14,Lauvøya,5.691117719836266e-05,2446,0.18644882275849137,300,125
3,Selvær,1,1014,3481,3481,8N87533,11,Leka,5.677080594805814e-05,2447,0.18644882275849137,300,148
3,Selvær,1,1014,3712,3712,8N87928,13,Vikna,5.665527147561149e-05,2448,0.18644882275849137,300,132
3,Selvær,1,1014,2272,2272,8N14691,13,Vikna,5.660863074309253e-05,2449,0.18644882275849137,300,142
3,Selvær,1,1014,2093,2093,8N14354,14,Lauvøya,5.657749401584762e-05,2450,0.18644882275849137,300,136
3,Selvær,1,1014,3105,3105,8N73452,11,Leka,5.6410228402785194e-05,2451,0.18644882275849137,300,139
3,Selvær,1,1014,2202,2202,8N14619,13,Vikna,5.632848504934771e-05,2452,0.18644882275849137,300,148
3,Selvær,1,1014,3720,3720,8N87936,13,Vikna,5.627259923687564e-05,2453,0.18644882275849137,300,135
3,Selvær,1,1014,1443,1443,8N05613,14,Lauvøya,5.615514537535914e-05,2454,0.18644882275849137,300,152
3,Selvær,1,1014,3049,3049,8N73249,14,Lauvøya,5.609159025814034e-05,2455,0.18644882275849137,300,149
3,Selvær,1,1014,2366,2366,8N27119,7,Onøy og Lurøy,5.6078790818647635e-05,2456,0.18644882275849137,300,144
3,Selvær,1,1014,987,987,8M71512,1,Myken,5.6061178097078105e-05,2457,0.18644882275849137,300,150
3,Selvær,1,1014,1037,1037,8M72317,7,Onøy og Lurøy,5.597751470020657e-05,2458,0.18644882275849137,300,141
3,Selvær,1,1014,3592,3592,8N87804,14,Lauvøya,5.596875178451255e-05,2459,0.18644882275849137,300,138
3,Selvær,1,1014,5166,5166,8939067,7,Onøy og Lurøy,5.582249529007746e-05,2460,0.18644882275849137,300,146
3,Selvær,1,1014,1881,1881,8N13617,14,Lauvøya,5.574128488297007e-05,2461,0.18644882275849137,300,141
3,Selvær,1,1014,4965,4965,8887267,6,Indre Kvarøy,5.564884537151467e-05,2462,0.18644882275849137,300,146
3,Selvær,1,1014,703,703,8M31325,4,Gjerøy,5.552138727577009e-05,2463,0.18644882275849137,300,157
3,Selvær,1,1014,5283,5283,8939890,9,Sleneset,5.538859678194385e-05,2464,0.18644882275849137,300,144
3,Selvær,1,1014,3743,3743,8N87959,13,Vikna,5.532784878048399e-05,2465,0.18644882275849137,300,145
3,Selvær,1,1014,5002,5002,8887411,6,Indre Kvarøy,5.516641909660191e-05,2466,0.18644882275849137,300,144
3,Selvær,1,1014,2857,2857,8N72673,11,Leka,5.50922024523087e-05,2467,0.18644882275849137,300,138
3,Selvær,1,1014,3801,3801,8P11523,14,Lauvøya,5.507913740128905e-05,2468,0.18644882275849137,300,147
3,Selvær,1,1014,2502,2502,8N28026,9,Sleneset,5.507769406223759e-05,2469,0.18644882275849137,300,132
3,Selvær,1,1014,5410,5410,8981268,5,Hestmannøy,5.5009887345905915e-05,2470,0.18644882275849137,300,142
3,Selvær,1,1014,1610,1610,8N06295,9,Sleneset,5.49715807404362e-05,2471,0.18644882275849137,300,148
3,Selvær,1,1014,2612,2612,8N28807,6,Indre Kvarøy,5.4898975967073544e-05,2472,0.18644882275849137,300,134
3,Selvær,1,1014,1891,1891,8N13626,14,Lauvøya,5.4893812355066805e-05,2473,0.18644882275849137,300,142
3,Selvær,1,1014,2816,2816,8N72368,4,Gjerøy,5.469707057065981e-05,2474,0.18644882275849137,300,135
3,Selvær,1,1014,4669,4669,8747868,7,Onøy og Lurøy,5.465674131210758e-05,2475,0.18644882275849137,300,151
3,Selvær,1,1014,4774,4774,8800354,5,Hestmannøy,5.465062703296998e-05,2476,0.18644882275849137,300,150
3,Selvær,1,1014,4213,4213,8573221,4,Gjerøy,5.461715171385932e-05,2477,0.18644882275849137,300,143
3,Selvær,1,1014,583,583,8L89512,5,Hestmannøy,5.4458574138906305e-05,2478,0.18644882275849137,300,152
3,Selvær,1,1014,2774,2774,8N42927,0,Nesøy,5.4418248675844165e-05,2479,0.18644882275849137,300,143
3,Selvær,1,1014,212,212,8L48476,4,Gjerøy,5.4402158483607746e-05,2480,0.18644882275849137,300,143
3,Selvær,1,1014,3366,3366,8N73969,12,Vega,5.4399349937658154e-05,2481,0.18644882275849137,300,135
3,Selvær,1,1014,5098,5098,8934338,10,Aldra,5.4224380614007435e-05,2482,0.18644882275849137,300,146
3,Selvær,1,1014,2203,2203,8N14620,13,Vikna,5.3864829404378204e-05,2483,0.18644882275849137,300,143
3,Selvær,1,1014,1194,1194,8N05104,12,Vega,5.363716613866749e-05,2484,0.18644882275849137,300,144
3,Selvær,1,1014,1293,1293,8N05204,12,Vega,5.339688539149565e-05,2485,0.18644882275849137,300,154
3,Selvær,1,1014,4973,4973,8887303,7,Onøy og Lurøy,5.337632951657857e-05,2486,0.18644882275849137,300,143
3,Selvær,1,1014,2186,2186,8N14603,13,Vikna,5.3322098942589916e-05,2487,0.18644882275849137,300,156
3,Selvær,1,1014,1779,1779,8N06874,11,Leka,5.330898104130248e-05,2488,0.18644882275849137,300,133
3,Selvær,1,1014,125,125,8L30698,12,Vega,5.322780351559589e-05,2489,0.18644882275849137,300,143
3,Selvær,1,1014,3471,3471,8N87523,11,Leka,5.307510068884064e-05,2490,0.18644882275849137,300,148
3,Selvær,1,1014,567,567,8L89432,5,Hestmannøy,5.2961956872215716e-05,2491,0.18644882275849137,300,134
3,Selvær,1,1014,3517,3517,8N87569,11,Leka,5.2874505096518974e-05,2492,0.18644882275849137,300,147
3,Selvær,1,1014,1927,1927,8N13665,13,Vikna,5.287036498597408e-05,2493,0.18644882275849137,300,140
3,Selvær,1,1014,2798,2798,8N72067,9,Sleneset,5.281952864242637e-05,2494,0.18644882275849137,300,144
3,Selvær,1,1014,3005,3005,8N73198,14,Lauvøya,5.274169046544371e-05,2495,0.18644882275849137,300,136
3,Selvær,1,1014,149,149,8L30778,12,Vega,5.2666308245402036e-05,2496,0.18644882275849137,300,140
3,Selvær,1,1014,2034,2034,8N14051,6,Indre Kvarøy,5.2652487326676093e-05,2497,0.18644882275849137,300,138
3,Selvær,1,1014,316,316,8L52358,11,Leka,5.2630005638971145e-05,2498,0.18644882275849137,300,129
3,Selvær,1,1014,4982,4982,8887341,0,Nesøy,5.2616547103777354e-05,2499,0.18644882275849137,300,137
3,Selvær,1,1014,1549,1549,8N05827,4,Gjerøy,5.260183878944148e-05,2500,0.18644882275849137,300,137
3,Selvær,1,1014,3425,3425,8N87211,6,Indre Kvarøy,5.252269614904551e-05,2501,0.18644882275849137,300,147
3,Selvær,1,1014,4910,4910,8857405,5,Hestmannøy,5.2301492878123494e-05,2502,0.18644882275849137,300,140
3,Selvær,1,1014,2030,2030,8N14023,5,Hestmannøy,5.218707697030419e-05,2503,0.18644882275849137,300,139
3,Selvær,1,1014,5302,5302,8943066,10,Aldra,5.217939830505051e-05,2504,0.18644882275849137,300,140
3,Selvær,1,1014,417,417,8L57966,13,Vikna,5.2013700583003365e-05,2505,0.18644882275849137,300,132
3,Selvær,1,1014,644,644,8L89754,5,Hestmannøy,5.197780325642852e-05,2506,0.18644882275849137,300,147
3,Selvær,1,1014,3772,3772,8N87988,13,Vikna,5.1790861222059586e-05,2507,0.18644882275849137,300,142
3,Selvær,1,1014,1793,1793,8N06891,11,Leka,5.167808911913137e-05,2508,0.18644882275849137,300,145
3,Selvær,1,1014,665,665,8M31126,2,Træna,5.1405892270571285e-05,2509,0.18644882275849137,300,141
3,Selvær,1,1014,4923,4923,8857778,5,Hestmannøy,5.1332138114796986e-05,2510,0.18644882275849137,300,140
3,Selvær,1,1014,3677,3677,8N87892,13,Vikna,5.131038810692189e-05,2511,0.18644882275849137,300,143
3,Selvær,1,1014,1075,1075,8M72580,11,Leka,5.12474622902211e-05,2512,0.18644882275849137,300,140
3,Selvær,1,1014,2584,2584,8N28714,9,Sleneset,5.104540535510702e-05,2513,0.18644882275849137,300,138
3,Selvær,1,1014,2436,2436,8N27487,10,Aldra,5.100073211267478e-05,2514,0.18644882275849137,300,143
3,Selvær,1,1014,3556,3556,8N87614,14,Lauvøya,5.0945638521512066e-05,2515,0.18644882275849137,300,145
3,Selvær,1,1014,2991,2991,8N73184,14,Lauvøya,5.089373359552442e-05,2516,0.18644882275849137,300,148
3,Selvær,1,1014,2143,2143,8N14559,11,Leka,5.073684644414674e-05,2517,0.18644882275849137,300,154
3,Selvær,1,1014,2908,2908,8N72906,13,Vikna,5.045058418039386e-05,2518,0.18644882275849137,300,153
3,Selvær,1,1014,4475,4475,8732579,7,Onøy og Lurøy,5.0246238008203396e-05,2519,0.18644882275849137,300,139
3,Selvær,1,1014,3814,3814,8P11536,14,Lauvøya,5.00174941908999e-05,2520,0.18644882275849137,300,147
3,Selvær,1,1014,4504,4504,8732667,2,Træna,4.9979984841664746e-05,2521,0.18644882275849137,300,142
3,Selvær,1,1014,432,432,8L64127,12,Vega,4.968580151321991e-05,2522,0.18644882275849137,300,141
3,Selvær,1,1014,4303,4303,8681037,5,Hestmannøy,4.954855270175886e-05,2523,0.18644882275849137,300,152
3,Selvær,1,1014,2525,2525,8N28248,7,Onøy og Lurøy,4.952883455048814e-05,2524,0.18644882275849137,300,141
3,Selvær,1,1014,506,506,8L89003,14,Lauvøya,4.945640899320487e-05,2525,0.18644882275849137,300,141
3,Selvær,1,1014,4300,4300,8681032,5,Hestmannøy,4.945529758653237e-05,2526,0.18644882275849137,300,153
3,Selvær,1,1014,1486,1486,8N05663,13,Vikna,4.940475664516008e-05,2527,0.18644882275849137,300,135
3,Selvær,1,1014,855,855,8M71092,5,Hestmannøy,4.937040469675654e-05,2528,0.18644882275849137,300,156
3,Selvær,1,1014,3124,3124,8N73471,11,Leka,4.92850689989116e-05,2529,0.18644882275849137,300,148
3,Selvær,1,1014,3835,3835,8P11558,14,Lauvøya,4.925253065554753e-05,2530,0.18644882275849137,300,138
3,Selvær,1,1014,4222,4222,8573752,7,Onøy og Lurøy,4.913288110076356e-05,2531,0.18644882275849137,300,143
3,Selvær,1,1014,388,388,8L52954,5,Hestmannøy,4.9058405641565886e-05,2532,0.18644882275849137,300,130
3,Selvær,1,1014,1295,1295,8N05206,12,Vega,4.885404421834133e-05,2533,0.18644882275849137,300,149
3,Selvær,1,1014,225,225,8L48607,6,Indre Kvarøy,4.863024918034527e-05,2534,0.18644882275849137,300,131
3,Selvær,1,1014,2736,2736,8N42701,6,Indre Kvarøy,4.8431587827646535e-05,2535,0.18644882275849137,300,151
3,Selvær,1,1014,792,792,8M31798,11,Leka,4.837856306827439e-05,2536,0.18644882275849137,300,130
3,Selvær,1,1014,4953,4953,8887221,4,Gjerøy,4.8357739115646404e-05,2537,0.18644882275849137,300,149
3,Selvær,1,1014,3607,3607,8N87819,14,Lauvøya,4.81983909767095e-05,2538,0.18644882275849137,300,150
3,Selvær,1,1014,4339,4339,8681181,5,Hestmannøy,4.819470358042608e-05,2539,0.18644882275849137,300,138
3,Selvær,1,1014,3332,3332,8N73935,12,Vega,4.816219907860161e-05,2540,0.18644882275849137,300,134
3,Selvær,1,1014,76,76,8L30154,11,Leka,4.8142253723724154e-05,2541,0.18644882275849137,300,146
3,Selvær,1,1014,5345,5345,8943737,5,Hestmannøy,4.8062489801023865e-05,2542,0.18644882275849137,300,137
3,Selvær,1,1014,3018,3018,8N73217,12,Vega,4.792359410193861e-05,2543,0.18644882275849137,300,139
3,Selvær,1,1014,5349,5349,8943801,10,Aldra,4.791130113211278e-05,2544,0.18644882275849137,300,148
3,Selvær,1,1014,4606,4606,8747604,4,Gjerøy,4.786927070095105e-05,2545,0.18644882275849137,300,143
3,Selvær,1,1014,998,998,8M71596,4,Gjerøy,4.785058664467635e-05,2546,0.18644882275849137,300,139
3,Selvær,1,1014,3563,3563,8N87622,14,Lauvøya,4.783459020576732e-05,2547,0.18644882275849137,300,148
3,Selvær,1,1014,4717,4717,8800029,4,Gjerøy,4.7463924566334364e-05,2548,0.18644882275849137,300,141
3,Selvær,1,1014,85,85,8L30286,5,Hestmannøy,4.739551908285617e-05,2549,0.18644882275849137,300,150
3,Selvær,1,1014,2480,2480,8N27918,2,Træna,4.7367195949783765e-05,2550,0.18644882275849137,300,138
3,Selvær,1,1014,5133,5133,8934529,1,Myken,4.724044318513685e-05,2551,0.18644882275849137,300,141
3,Selvær,1,1014,235,235,8L48694,6,Indre Kvarøy,4.718914792329741e-05,2552,0.18644882275849137,300,135
3,Selvær,1,1014,4901,4901,8857274,10,Aldra,4.6999274254918595e-05,2553,0.18644882275849137,300,139
3,Selvær,1,1014,3225,3225,8N73643,13,Vikna,4.6906947285617557e-05,2554,0.18644882275849137,300,142
3,Selvær,1,1014,977,977,8M71493,13,Vikna,4.683936360548163e-05,2555,0.18644882275849137,300,140
3,Selvær,1,1014,4468,4468,8732531,9,Sleneset,4.679871837902286e-05,2556,0.18644882275849137,300,143
3,Selvær,1,1014,3655,3655,8N87869,13,Vikna,4.661009551814071e-05,2557,0.18644882275849137,300,154
3,Selvær,1,1014,148,148,8L30777,12,Vega,4.658635026912636e-05,2558,0.18644882275849137,300,141
3,Selvær,1,1014,2988,2988,8N73181,14,Lauvøya,4.654574598013528e-05,2559,0.18644882275849137,300,135
3,Selvær,1,1014,2685,2685,8N42457,14,Lauvøya,4.648928283855706e-05,2560,0.18644882275849137,300,134
3,Selvær,1,1014,1590,1590,8N05898,11,Leka,4.634667851479106e-05,2561,0.18644882275849137,300,137
3,Selvær,1,1014,5001,5001,8887408,6,Indre Kvarøy,4.618680949005772e-05,2562,0.18644882275849137,300,143
3,Selvær,1,1014,5060,5060,8934062,5,Hestmannøy,4.6162869794891584e-05,2563,0.18644882275849137,300,135
3,Selvær,1,1014,706,706,8M31329,5,Hestmannøy,4.6131650921097726e-05,2564,0.18644882275849137,300,145
3,Selvær,1,1014,2773,2773,8N42926,0,Nesøy,4.60142568895866e-05,2565,0.18644882275849137,300,136
3,Selvær,1,1014,4764,4764,8800321,10,Aldra,4.5869928253859185e-05,2566,0.18644882275849137,300,155
3,Selvær,1,1014,474,474,8L64540,12,Vega,4.58555284602794e-05,2567,0.18644882275849137,300,151
3,Selvær,1,1014,1691,1691,8N06679,14,Lauvøya,4.543138513727693e-05,2568,0.18644882275849137,300,148
3,Selvær,1,1014,2636,2636,8N28915,2,Træna,4.5342723453214396e-05,2569,0.18644882275849137,300,139
3,Selvær,1,1014,558,558,8L89388,5,Hestmannøy,4.532820325029428e-05,2570,0.18644882275849137,300,144
3,Selvær,1,1014,5420,5420,8981281,5,Hestmannøy,4.5319980484777066e-05,2571,0.18644882275849137,300,152
3,Selvær,1,1014,989,989,8M31640,10,Aldra,4.5299753887583505e-05,2572,0.18644882275849137,300,149
3,Selvær,1,1014,4221,4221,8573682,4,Gjerøy,4.517765973803229e-05,2573,0.18644882275849137,300,147
3,Selvær,1,1014,44,44,8L19953,7,Onøy og Lurøy,4.453831360458265e-05,2574,0.18644882275849137,300,135
3,Selvær,1,1014,1178,1178,8N05003,4,Gjerøy,4.45039105551509e-05,2575,0.18644882275849137,300,142
3,Selvær,1,1014,5239,5239,8939539,5,Hestmannøy,4.450030318303808e-05,2576,0.18644882275849137,300,139
3,Selvær,1,1014,2709,2709,8N42527,5,Hestmannøy,4.4498865635633025e-05,2577,0.18644882275849137,300,144
3,Selvær,1,1014,2956,2956,8N72956,13,Vikna,4.434605583903808e-05,2578,0.18644882275849137,300,142
3,Selvær,1,1014,2954,2954,8N72954,13,Vikna,4.4303333502147345e-05,2579,0.18644882275849137,300,140
3,Selvær,1,1014,2668,2668,8N42264,6,Indre Kvarøy,4.4157570112079e-05,2580,0.18644882275849137,300,139
3,Selvær,1,1014,3810,3810,8P11532,14,Lauvøya,4.399096326253389e-05,2581,0.18644882275849137,300,127
3,Selvær,1,1014,2675,2675,8N42287,5,Hestmannøy,4.370431993188419e-05,2582,0.18644882275849137,300,156
3,Selvær,1,1014,3298,3298,8N73885,5,Hestmannøy,4.3663327086507624e-05,2583,0.18644882275849137,300,154
3,Selvær,1,1014,5487,5487,8981858,5,Hestmannøy,4.357659649356517e-05,2584,0.18644882275849137,300,144
3,Selvær,1,1014,329,329,8L52384,11,Leka,4.3524131380457964e-05,2585,0.18644882275849137,300,148
3,Selvær,1,1014,1732,1732,8N06827,11,Leka,4.349555526959057e-05,2586,0.18644882275849137,300,146
3,Selvær,1,1014,1860,1860,8N13567,2,Træna,4.326647802536804e-05,2587,0.18644882275849137,300,145
3,Selvær,1,1014,1191,1191,8N05101,14,Lauvøya,4.3106660279827664e-05,2588,0.18644882275849137,300,142
3,Selvær,1,1014,2241,2241,8N14660,13,Vikna,4.309912876849168e-05,2589,0.18644882275849137,300,139
3,Selvær,1,1014,1681,1681,8N06580,4,Gjerøy,4.303991411517851e-05,2590,0.18644882275849137,300,143
3,Selvær,1,1014,1054,1054,8M72528,11,Leka,4.3012075699396086e-05,2591,0.18644882275849137,300,137
3,Selvær,1,1014,3203,3203,8N73621,13,Vikna,4.3001831013254944e-05,2592,0.18644882275849137,300,148
3,Selvær,1,1014,1809,1809,8N06931,4,Gjerøy,4.2928730902305225e-05,2593,0.18644882275849137,300,142
3,Selvær,1,1014,830,830,8M31939,5,Hestmannøy,4.2879909336051256e-05,2594,0.18644882275849137,300,132
3,Selvær,1,1014,847,847,8M71074,4,Gjerøy,4.281529283075222e-05,2595,0.18644882275849137,300,153
3,Selvær,1,1014,237,237,8L48735,11,Leka,4.280726184932937e-05,2596,0.18644882275849137,300,145
3,Selvær,1,1014,1354,1354,8N05266,13,Vikna,4.2485447067880834e-05,2597,0.18644882275849137,300,138
3,Selvær,1,1014,5395,5395,8981198,11,Leka,4.2365486245937413e-05,2598,0.18644882275849137,300,141
3,Selvær,1,1014,586,586,8L89517,5,Hestmannøy,4.219822384006055e-05,2599,0.18644882275849137,300,148
3,Selvær,1,1014,751,751,8M31552,6,Indre Kvarøy,4.181266026347568e-05,2600,0.18644882275849137,300,142
3,Selvær,1,1014,5148,5148,8934860,8,Lovund,4.1748126158229914e-05,2601,0.18644882275849137,300,140
3,Selvær,1,1014,2510,2510,8N28089,2,Træna,4.12462431924716e-05,2602,0.18644882275849137,300,146
3,Selvær,1,1014,1184,1184,8N05018,4,Gjerøy,4.117691119643765e-05,2603,0.18644882275849137,300,160
3,Selvær,1,1014,1296,1296,8N05207,12,Vega,4.104449231271657e-05,2604,0.18644882275849137,300,144
3,Selvær,1,1014,1938,1938,8N13676,13,Vikna,4.075465453863406e-05,2605,0.18644882275849137,300,141
3,Selvær,1,1014,801,801,8M31824,12,Vega,4.043808889548729e-05,2606,0.18644882275849137,300,143
3,Selvær,1,1014,2788,2788,8N42992,14,Lauvøya,4.0250993266573424e-05,2607,0.18644882275849137,300,147
3,Selvær,1,1014,1557,1557,8N05858,11,Leka,4.0230055311834736e-05,2608,0.18644882275849137,300,132
3,Selvær,1,1014,4709,4709,8800005,9,Sleneset,4.0197593849512955e-05,2609,0.18644882275849137,300,143
3,Selvær,1,1014,3145,3145,8N73493,12,Vega,4.01907678087199e-05,2610,0.18644882275849137,300,151
3,Selvær,1,1014,4363,4363,8681331,7,Onøy og Lurøy,4.0033187456275614e-05,2611,0.18644882275849137,300,138
3,Selvær,1,1014,988,988,8M71513,1,Myken,3.981458096227779e-05,2612,0.18644882275849137,300,139
3,Selvær,1,1014,4657,4657,8747796,9,Sleneset,3.945433847785455e-05,2613,0.18644882275849137,300,149
3,Selvær,1,1014,4191,4191,8309269,5,Hestmannøy,3.9433880470547884e-05,2614,0.18644882275849137,300,139
3,Selvær,1,1014,3166,3166,8N73515,7,Onøy og Lurøy,3.938931210399481e-05,2615,0.18644882275849137,300,134
3,Selvær,1,1014,2766,2766,8N42795,4,Gjerøy,3.931314605044373e-05,2616,0.18644882275849137,300,145
3,Selvær,1,1014,538,538,8L89334,6,Indre Kvarøy,3.9284213426079874e-05,2617,0.18644882275849137,300,152
3,Selvær,1,1014,5336,5336,8943488,7,Onøy og Lurøy,3.9262367773093356e-05,2618,0.18644882275849137,300,134
3,Selvær,1,1014,755,755,8M31581,5,Hestmannøy,3.9238675428359075e-05,2619,0.18644882275849137,300,154
3,Selvær,1,1014,4469,4469,8732541,8,Lovund,3.915858189255932e-05,2620,0.18644882275849137,300,151
3,Selvær,1,1014,5301,5301,8943064,6,Indre Kvarøy,3.893949096364411e-05,2621,0.18644882275849137,300,145
3,Selvær,1,1014,907,907,8M71295,6,Indre Kvarøy,3.891257562259758e-05,2622,0.18644882275849137,300,144
3,Selvær,1,1014,3937,3937,8P14341,14,Lauvøya,3.8905190227194525e-05,2623,0.18644882275849137,300,134
3,Selvær,1,1014,1249,1249,8N05160,12,Vega,3.8807553237206504e-05,2624,0.18644882275849137,300,139
3,Selvær,1,1014,1451,1451,8N05621,14,Lauvøya,3.875558430892431e-05,2625,0.18644882275849137,300,148
3,Selvær,1,1014,556,556,8L89386,5,Hestmannøy,3.8719796060327635e-05,2626,0.18644882275849137,300,146
3,Selvær,1,1014,5224,5224,8939383,7,Onøy og Lurøy,3.857553836240983e-05,2627,0.18644882275849137,300,149
3,Selvær,1,1014,2580,2580,8N28698,0,Nesøy,3.8567611594020625e-05,2628,0.18644882275849137,300,142
3,Selvær,1,1014,4335,4335,8681138,1,Myken,3.840676186827949e-05,2629,0.18644882275849137,300,132
3,Selvær,1,1014,5446,5446,8981608,10,Aldra,3.8402997846471313e-05,2630,0.18644882275849137,300,147
3,Selvær,1,1014,5279,5279,8939858,8,Lovund,3.838697843226005e-05,2631,0.18644882275849137,300,144
3,Selvær,1,1014,3178,3178,8N73568,6,Indre Kvarøy,3.835144809965282e-05,2632,0.18644882275849137,300,146
3,Selvær,1,1014,2977,2977,8N73055,5,Hestmannøy,3.823713144646495e-05,2633,0.18644882275849137,300,147
3,Selvær,1,1014,5020,5020,8887488,5,Hestmannøy,3.784407456773938e-05,2634,0.18644882275849137,300,145
3,Selvær,1,1014,2775,2775,8N42928,5,Hestmannøy,3.780298205006934e-05,2635,0.18644882275849137,300,142
3,Selvær,1,1014,4955,4955,8887230,5,Hestmannøy,3.76760094882978e-05,2636,0.18644882275849137,300,139
3,Selvær,1,1014,4438,4438,8730987,4,Gjerøy,3.7593342519415334e-05,2637,0.18644882275849137,300,148
3,Selvær,1,1014,1990,1990,8N13934,5,Hestmannøy,3.7540736050521093e-05,2638,0.18644882275849137,300,140
3,Selvær,1,1014,4020,4020,8P14872,14,Lauvøya,3.749050596655255e-05,2639,0.18644882275849137,300,147
3,Selvær,1,1014,3515,3515,8N87567,11,Leka,3.738778746171097e-05,2640,0.18644882275849137,300,141
3,Selvær,1,1014,543,543,8L89355,5,Hestmannøy,3.7292493560662577e-05,2641,0.18644882275849137,300,140
3,Selvær,1,1014,1731,1731,8N06826,11,Leka,3.722326931016733e-05,2642,0.18644882275849137,300,143
3,Selvær,1,1014,3315,3315,8N73918,11,Leka,3.706383158727706e-05,2643,0.18644882275849137,300,144
3,Selvær,1,1014,2261,2261,8N14680,13,Vikna,3.706266708480853e-05,2644,0.18644882275849137,300,149
3,Selvær,1,1014,195,195,8L48438,5,Hestmannøy,3.692043909069216e-05,2645,0.18644882275849137,300,138
3,Selvær,1,1014,3963,3963,8P14604,7,Onøy og Lurøy,3.6723213141127334e-05,2646,0.18644882275849137,300,147
3,Selvær,1,1014,1764,1764,8N06859,11,Leka,3.666927030708198e-05,2647,0.18644882275849137,300,142
3,Selvær,1,1014,3074,3074,8N73383,6,Indre Kvarøy,3.661048113371241e-05,2648,0.18644882275849137,300,159
3,Selvær,1,1014,2527,2527,8N28254,7,Onøy og Lurøy,3.634277197210112e-05,2649,0.18644882275849137,300,140
3,Selvær,1,1014,1904,1904,8N13641,14,Lauvøya,3.623431222025119e-05,2650,0.18644882275849137,300,143
3,Selvær,1,1014,1346,1346,8N05258,13,Vikna,3.6203972969972195e-05,2651,0.18644882275849137,300,138
3,Selvær,1,1014,2125,2125,8N14540,11,Leka,3.6108302471604824e-05,2652,0.18644882275849137,300,147
3,Selvær,1,1014,1502,1502,8N05679,14,Lauvøya,3.6051168788725134e-05,2653,0.18644882275849137,300,147
3,Selvær,1,1014,2806,2806,8N72269,6,Indre Kvarøy,3.5799330097443785e-05,2654,0.18644882275849137,300,154
3,Selvær,1,1014,3709,3709,8N87925,13,Vikna,3.57750206549586e-05,2655,0.18644882275849137,300,147
3,Selvær,1,1014,2334,2334,8N27068,14,Lauvøya,3.565299707011581e-05,2656,0.18644882275849137,300,136
3,Selvær,1,1014,4787,4787,8800416,0,Nesøy,3.540867244148205e-05,2657,0.18644882275849137,300,149
3,Selvær,1,1014,5240,5240,8939542,6,Indre Kvarøy,3.540655320066893e-05,2658,0.18644882275849137,300,144
3,Selvær,1,1014,1444,1444,8N05614,14,Lauvøya,3.5381450383798824e-05,2659,0.18644882275849137,300,140
3,Selvær,1,1014,2638,2638,8N28926,9,Sleneset,3.533344074280567e-05,2660,0.18644882275849137,300,148
3,Selvær,1,1014,3943,3943,8P14402,1,Myken,3.528358746285552e-05,2661,0.18644882275849137,300,141
3,Selvær,1,1014,1474,1474,8N05651,11,Leka,3.523658020555498e-05,2662,0.18644882275849137,300,137
3,Selvær,1,1014,1767,1767,8N06862,11,Leka,3.515020950130574e-05,2663,0.18644882275849137,300,152
3,Selvær,1,1014,2002,2002,8N13971,5,Hestmannøy,3.5051119304870115e-05,2664,0.18644882275849137,300,148
3,Selvær,1,1014,5154,5154,8934890,7,Onøy og Lurøy,3.497242353908677e-05,2665,0.18644882275849137,300,141
3,Selvær,1,1014,2180,2180,8N14597,11,Leka,3.4959277003386065e-05,2666,0.18644882275849137,300,137
3,Selvær,1,1014,3981,3981,8P14815,14,Lauvøya,3.4948950749261225e-05,2667,0.18644882275849137,300,131
3,Selvær,1,1014,4771,4771,8800341,7,Onøy og Lurøy,3.492738253394283e-05,2668,0.18644882275849137,300,140
3,Selvær,1,1014,1370,1370,8N05282,13,Vikna,3.4912207261344454e-05,2669,0.18644882275849137,300,141
3,Selvær,1,1014,4163,4163,8309128,5,Hestmannøy,3.4832706761377925e-05,2670,0.18644882275849137,300,145
3,Selvær,1,1014,4032,4032,8N14938,4,Gjerøy,3.4504181479094787e-05,2671,0.18644882275849137,300,151
3,Selvær,1,1014,3713,3713,8N87929,13,Vikna,3.443816044012519e-05,2672,0.18644882275849137,300,144
3,Selvær,1,1014,2604,2604,8N28789,14,Lauvøya,3.433686225552888e-05,2673,0.18644882275849137,300,144
3,Selvær,1,1014,1060,1060,8M72540,11,Leka,3.430007658493687e-05,2674,0.18644882275849137,300,138
3,Selvær,1,1014,4358,4358,8681292,7,Onøy og Lurøy,3.429756567107204e-05,2675,0.18644882275849137,300,148
3,Selvær,1,1014,2370,2370,8N27123,7,Onøy og Lurøy,3.4141818068156514e-05,2676,0.18644882275849137,300,142
3,Selvær,1,1014,2697,2697,8N42509,5,Hestmannøy,3.390208136195582e-05,2677,0.18644882275849137,300,143
3,Selvær,1,1014,4934,4934,8866779,1,Myken,3.383713627688025e-05,2678,0.18644882275849137,300,139
3,Selvær,1,1014,2350,2350,8N27084,14,Lauvøya,3.377170847302789e-05,2679,0.18644882275849137,300,136
3,Selvær,1,1014,3289,3289,8N73797,14,Lauvøya,3.363531000448044e-05,2680,0.18644882275849137,300,139
3,Selvær,1,1014,1842,1842,8N13373,2,Træna,3.3634163880563874e-05,2681,0.18644882275849137,300,154
3,Selvær,1,1014,3620,3620,8N87832,14,Lauvøya,3.342847452988788e-05,2682,0.18644882275849137,300,149
3,Selvær,1,1014,2429,2429,8N27424,4,Gjerøy,3.3246818873114424e-05,2683,0.18644882275849137,300,142
3,Selvær,1,1014,804,804,8L89119,13,Vikna,3.316426208552514e-05,2684,0.18644882275849137,300,151
3,Selvær,1,1014,2075,2075,8N14291,14,Lauvøya,3.310369707070011e-05,2685,0.18644882275849137,300,134
3,Selvær,1,1014,2384,2384,8N27200,14,Lauvøya,3.301251990641483e-05,2686,0.18644882275849137,300,136
3,Selvær,1,1014,756,756,8M31583,5,Hestmannøy,3.300441361245073e-05,2687,0.18644882275849137,300,139
3,Selvær,1,1014,4563,4563,8747308,8,Lovund,3.2985889169300346e-05,2688,0.18644882275849137,300,144
3,Selvær,1,1014,4320,4320,8681066,9,Sleneset,3.2796587544112954e-05,2689,0.18644882275849137,300,130
3,Selvær,1,1014,4566,4566,8747365,5,Hestmannøy,3.2779576562902435e-05,2690,0.18644882275849137,300,146
3,Selvær,1,1014,5272,5272,8939763,5,Hestmannøy,3.275250399253864e-05,2691,0.18644882275849137,300,143
3,Selvær,1,1014,1701,1701,8N06689,14,Lauvøya,3.269852702460422e-05,2692,0.18644882275849137,300,146
3,Selvær,1,1014,3780,3780,8P11187,2,Træna,3.259921589618333e-05,2693,0.18644882275849137,300,144
3,Selvær,1,1014,1899,1899,8N13634,14,Lauvøya,3.2522689053187777e-05,2694,0.18644882275849137,300,135
3,Selvær,1,1014,2940,2940,8N72939,13,Vikna,3.252056493641125e-05,2695,0.18644882275849137,300,132
3,Selvær,1,1014,4509,4509,8732676,4,Gjerøy,3.242157780433567e-05,2696,0.18644882275849137,300,155
3,Selvær,1,1014,344,344,8L52404,6,Indre Kvarøy,3.242012967116798e-05,2697,0.18644882275849137,300,143
3,Selvær,1,1014,1739,1739,8N06834,11,Leka,3.238938964471834e-05,2698,0.18644882275849137,300,138
3,Selvær,1,1014,4637,4637,8747732,7,Onøy og Lurøy,3.233191011042844e-05,2699,0.18644882275849137,300,147
3,Selvær,1,1014,2229,2229,8N14648,13,Vikna,3.2325150322384246e-05,2700,0.18644882275849137,300,152
3,Selvær,1,1014,152,152,8L30781,4,Gjerøy,3.232403126850517e-05,2701,0.18644882275849137,300,139
3,Selvær,1,1014,4178,4178,8309191,4,Gjerøy,3.232283441884581e-05,2702,0.18644882275849137,300,144
3,Selvær,1,1014,4127,4127,8118430,6,Indre Kvarøy,3.230239403583403e-05,2703,0.18644882275849137,300,141
3,Selvær,1,1014,3361,3361,8N73964,12,Vega,3.225644882413261e-05,2704,0.18644882275849137,300,147
3,Selvær,1,1014,2967,2967,8N72989,2,Træna,3.22430274517223e-05,2705,0.18644882275849137,300,141
3,Selvær,1,1014,3634,3634,8N87848,14,Lauvøya,3.2196059069285136e-05,2706,0.18644882275849137,300,144
3,Selvær,1,1014,1068,1068,8M72568,11,Leka,3.215129297555612e-05,2707,0.18644882275849137,300,142
3,Selvær,1,1014,4411,4411,8730459,8,Lovund,3.1848380225028075e-05,2708,0.18644882275849137,300,150
3,Selvær,1,1014,4862,4862,8816936,4,Gjerøy,3.1432390764935106e-05,2709,0.18644882275849137,300,140
3,Selvær,1,1014,3763,3763,8N87979,13,Vikna,3.127251381946121e-05,2710,0.18644882275849137,300,139
3,Selvær,1,1014,3071,3071,8N73357,14,Lauvøya,3.127138143680688e-05,2711,0.18644882275849137,300,135
3,Selvær,1,1014,5308,5308,8943105,10,Aldra,3.118895739991427e-05,2712,0.18644882275849137,300,138
3,Selvær,1,1014,3959,3959,8P14715,5,Hestmannøy,3.105991872196467e-05,2713,0.18644882275849137,300,141
3,Selvær,1,1014,2137,2137,8N14553,11,Leka,3.097873502936145e-05,2714,0.18644882275849137,300,139
3,Selvær,1,1014,4714,4714,8800025,5,Hestmannøy,3.091243454261808e-05,2715,0.18644882275849137,300,150
3,Selvær,1,1014,4918,4918,8857730,5,Hestmannøy,3.0911856289496675e-05,2716,0.18644882275849137,300,131
3,Selvær,1,1014,1439,1439,8N05609,14,Lauvøya,3.0841796009285686e-05,2717,0.18644882275849137,300,134
3,Selvær,1,1014,4554,4554,8747223,5,Hestmannøy,3.080315240339613e-05,2718,0.18644882275849137,300,144
3,Selvær,1,1014,951,951,8M71389,12,Vega,3.070330418783614e-05,2719,0.18644882275849137,300,147
3,Selvær,1,1014,1349,1349,8N05261,13,Vikna,3.0579736728951445e-05,2720,0.18644882275849137,300,148
3,Selvær,1,1014,2276,2276,8N14784,6,Indre Kvarøy,3.0401828748377208e-05,2721,0.18644882275849137,300,134
3,Selvær,1,1014,3253,3253,8N73671,13,Vikna,3.0367074491362927e-05,2722,0.18644882275849137,300,145
3,Selvær,1,1014,769,769,8M31704,4,Gjerøy,3.0237635916978152e-05,2723,0.18644882275849137,300,142
3,Selvær,1,1014,1322,1322,8N05233,12,Vega,3.013184973967157e-05,2724,0.18644882275849137,300,151
3,Selvær,1,1014,1522,1522,8N05705,5,Hestmannøy,3.012791418055771e-05,2725,0.18644882275849137,300,143
3,Selvær,1,1014,3138,3138,8N73486,11,Leka,2.9957761574606677e-05,2726,0.18644882275849137,300,144
3,Selvær,1,1014,541,541,8L89352,5,Hestmannøy,2.9749743026525702e-05,2727,0.18644882275849137,300,148
3,Selvær,1,1014,4915,4915,8857612,9,Sleneset,2.967854956456926e-05,2728,0.18644882275849137,300,137
3,Selvær,1,1014,3991,3991,8P14843,14,Lauvøya,2.966261482397398e-05,2729,0.18644882275849137,300,143
3,Selvær,1,1014,4783,4783,8800391,5,Hestmannøy,2.9531462254107637e-05,2730,0.18644882275849137,300,137
3,Selvær,1,1014,2758,2758,8N42751,1,Myken,2.9469610391915206e-05,2731,0.18644882275849137,300,148
3,Selvær,1,1014,3167,3167,8N73519,5,Hestmannøy,2.943523843766821e-05,2732,0.18644882275849137,300,152
3,Selvær,1,1014,2152,2152,8N14569,11,Leka,2.9403821651361484e-05,2733,0.18644882275849137,300,150
3,Selvær,1,1014,5099,5099,8934339,10,Aldra,2.9397043791366417e-05,2734,0.18644882275849137,300,149
3,Selvær,1,1014,2211,2211,8N14628,13,Vikna,2.9281795462439224e-05,2735,0.18644882275849137,300,156
3,Selvær,1,1014,4237,4237,8598887,4,Gjerøy,2.918656077016145e-05,2736,0.18644882275849137,300,147
3,Selvær,1,1014,2799,2799,8N72130,9,Sleneset,2.8987747800574795e-05,2737,0.18644882275849137,300,140
3,Selvær,1,1014,2274,2274,8N14699,14,Lauvøya,2.8844767206630227e-05,2738,0.18644882275849137,300,149
3,Selvær,1,1014,4271,4271,8651883,4,Gjerøy,2.884270368852051e-05,2739,0.18644882275849137,300,140
3,Selvær,1,1014,146,146,8L30771,12,Vega,2.866049643398946e-05,2740,0.18644882275849137,300,148
3,Selvær,1,1014,1382,1382,8N05295,13,Vikna,2.8592390212459462e-05,2741,0.18644882275849137,300,138
3,Selvær,1,1014,202,202,8L48452,5,Hestmannøy,2.8571815733008713e-05,2742,0.18644882275849137,300,140
3,Selvær,1,1014,3632,3632,8N87846,14,Lauvøya,2.8384179073415474e-05,2743,0.18644882275849137,300,149
3,Selvær,1,1014,529,529,8L89277,5,Hestmannøy,2.8365184365620037e-05,2744,0.18644882275849137,300,148
3,Selvær,1,1014,1634,1634,8N06466,12,Vega,2.8335404554495e-05,2745,0.18644882275849137,300,140
3,Selvær,1,1014,3304,3304,8N73907,11,Leka,2.82644745602385e-05,2746,0.18644882275849137,300,138
3,Selvær,1,1014,617,617,8L89664,0,Nesøy,2.8152254179241976e-05,2747,0.18644882275849137,300,135
3,Selvær,1,1014,4045,4045,8P14964,14,Lauvøya,2.7949775731614137e-05,2748,0.18644882275849137,300,135
3,Selvær,1,1014,4720,4720,8800038,5,Hestmannøy,2.7767034139204698e-05,2749,0.18644882275849137,300,136
3,Selvær,1,1014,3705,3705,8N87921,13,Vikna,2.7753157169224745e-05,2750,0.18644882275849137,300,149
3,Selvær,1,1014,5205,5205,8939352,5,Hestmannøy,2.7734381410405672e-05,2751,0.18644882275849137,300,145
3,Selvær,1,1014,3651,3651,8N87865,13,Vikna,2.764835047774686e-05,2752,0.18644882275849137,300,145
3,Selvær,1,1014,3337,3337,8N73940,12,Vega,2.7484522921282674e-05,2753,0.18644882275849137,300,148
3,Selvær,1,1014,2308,2308,8N14961,5,Hestmannøy,2.7398045120247075e-05,2754,0.18644882275849137,300,142
3,Selvær,1,1014,4690,4690,8747993,8,Lovund,2.7292738472234784e-05,2755,0.18644882275849137,300,145
3,Selvær,1,1014,852,852,8M71085,5,Hestmannøy,2.7219457872170363e-05,2756,0.18644882275849137,300,139
3,Selvær,1,1014,1566,1566,8N05868,11,Leka,2.709797029895441e-05,2757,0.18644882275849137,300,145
3,Selvær,1,1014,1156,1156,8M72914,5,Hestmannøy,2.702492763151111e-05,2758,0.18644882275849137,300,156
3,Selvær,1,1014,4460,4460,8732294,5,Hestmannøy,2.694830002742211e-05,2759,0.18644882275849137,300,142
3,Selvær,1,1014,2602,2602,8N28787,14,Lauvøya,2.6876926526789835e-05,2760,0.18644882275849137,300,156
3,Selvær,1,1014,4174,4174,8309173,5,Hestmannøy,2.6803571895648708e-05,2761,0.18644882275849137,300,143
3,Selvær,1,1014,5213,5213,8939370,7,Onøy og Lurøy,2.672526794914165e-05,2762,0.18644882275849137,300,134
3,Selvær,1,1014,1828,1828,8N05699,14,Lauvøya,2.6651230550724283e-05,2763,0.18644882275849137,300,142
3,Selvær,1,1014,3223,3223,8N73641,13,Vikna,2.6478556896433685e-05,2764,0.18644882275849137,300,140
3,Selvær,1,1014,137,137,8L30761,10,Aldra,2.625331521091824e-05,2765,0.18644882275849137,300,133
3,Selvær,1,1014,5275,5275,8939796,12,Vega,2.6249216804041085e-05,2766,0.18644882275849137,300,148
3,Selvær,1,1014,81,81,8L30180,12,Vega,2.6171836696427038e-05,2767,0.18644882275849137,300,150
3,Selvær,1,1014,179,179,8L48314,5,Hestmannøy,2.5879630907464046e-05,2768,0.18644882275849137,300,138
3,Selvær,1,1014,4962,4962,8887249,5,Hestmannøy,2.5809897388351887e-05,2769,0.18644882275849137,300,139
3,Selvær,1,1014,1737,1737,8N06832,11,Leka,2.563325206642995e-05,2770,0.18644882275849137,300,144
3,Selvær,1,1014,1698,1698,8N06686,14,Lauvøya,2.5422118453064806e-05,2771,0.18644882275849137,300,143
3,Selvær,1,1014,2958,2958,8N72958,13,Vikna,2.538722283249013e-05,2772,0.18644882275849137,300,146
3,Selvær,1,1014,5486,5486,8981857,5,Hestmannøy,2.5253849023354358e-05,2773,0.18644882275849137,300,142
3,Selvær,1,1014,103,103,8L30459,12,Vega,2.5230052299327064e-05,2774,0.18644882275849137,300,143
3,Selvær,1,1014,4689,4689,8747979,5,Hestmannøy,2.5176027767195062e-05,2775,0.18644882275849137,300,143
3,Selvær,1,1014,2258,2258,8N14677,13,Vikna,2.5019003997640986e-05,2776,0.18644882275849137,300,148
3,Selvær,1,1014,1355,1355,8N05267,13,Vikna,2.4767873655828097e-05,2777,0.18644882275849137,300,137
3,Selvær,1,1014,4079,4079,8P14998,14,Lauvøya,2.4748591744988358e-05,2778,0.18644882275849137,300,127
3,Selvær,1,1014,4845,4845,8816452,6,Indre Kvarøy,2.474131702870524e-05,2779,0.18644882275849137,300,152
3,Selvær,1,1014,5235,5235,8939533,0,Nesøy,2.4715369352326233e-05,2780,0.18644882275849137,300,142
3,Selvær,1,1014,3896,3896,8P14050,7,Onøy og Lurøy,2.460509725924924e-05,2781,0.18644882275849137,300,138
3,Selvær,1,1014,2230,2230,8N14649,13,Vikna,2.4602575755848633e-05,2782,0.18644882275849137,300,144
3,Selvær,1,1014,839,839,8M31973,5,Hestmannøy,2.4426020561952948e-05,2783,0.18644882275849137,300,142
3,Selvær,1,1014,4072,4072,8P14996,14,Lauvøya,2.4275921323016665e-05,2784,0.18644882275849137,300,147
3,Selvær,1,1014,3752,3752,8N87968,13,Vikna,2.4256849890720317e-05,2785,0.18644882275849137,300,145
3,Selvær,1,1014,500,500,8L64922,10,Aldra,2.4237857847606456e-05,2786,0.18644882275849137,300,138
3,Selvær,1,1014,1256,1256,8N05166,12,Vega,2.4167996619638085e-05,2787,0.18644882275849137,300,146
3,Selvær,1,1014,729,729,8M31480,5,Hestmannøy,2.4160705302216007e-05,2788,0.18644882275849137,300,141
3,Selvær,1,1014,3536,3536,8N87589,11,Leka,2.409083267641397e-05,2789,0.18644882275849137,300,133
3,Selvær,1,1014,4257,4257,8651761,6,Indre Kvarøy,2.4061453511544547e-05,2790,0.18644882275849137,300,154
3,Selvær,1,1014,549,549,8L89372,5,Hestmannøy,2.4008367448147286e-05,2791,0.18644882275849137,300,145
3,Selvær,1,1014,4017,4017,8P14869,14,Lauvøya,2.3893664974740728e-05,2792,0.18644882275849137,300,144
3,Selvær,1,1014,2123,2123,8N14538,11,Leka,2.370204884123845e-05,2793,0.18644882275849137,300,130
3,Selvær,1,1014,3391,3391,8N73994,12,Vega,2.3625691482609095e-05,2794,0.18644882275849137,300,144
3,Selvær,1,1014,5182,5182,8939139,10,Aldra,2.362067465481437e-05,2795,0.18644882275849137,300,143
3,Selvær,1,1014,1017,1017,8M72016,2,Træna,2.3496745766772182e-05,2796,0.18644882275849137,300,126
3,Selvær,1,1014,2407,2407,8N27343,4,Gjerøy,2.348644580258621e-05,2797,0.18644882275849137,300,148
3,Selvær,1,1014,2764,2764,8N42791,4,Gjerøy,2.3344346080747968e-05,2798,0.18644882275849137,300,137
3,Selvær,1,1014,705,705,8M31328,5,Hestmannøy,2.334003813314099e-05,2799,0.18644882275849137,300,153
3,Selvær,1,1014,2693,2693,8N42502,5,Hestmannøy,2.330504077146868e-05,2800,0.18644882275849137,300,138
3,Selvær,1,1014,4234,4234,8598614,6,Indre Kvarøy,2.310271990649054e-05,2801,0.18644882275849137,300,145
3,Selvær,1,1014,4041,4041,8P14960,14,Lauvøya,2.2777980907387284e-05,2802,0.18644882275849137,300,140
3,Selvær,1,1014,2594,2594,8N28776,5,Hestmannøy,2.2726103357465465e-05,2803,0.18644882275849137,300,130
3,Selvær,1,1014,1458,1458,8N05628,14,Lauvøya,2.2512285369333186e-05,2804,0.18644882275849137,300,145
3,Selvær,1,1014,4293,4293,8681009,0,Nesøy,2.2477554253012926e-05,2805,0.18644882275849137,300,140
3,Selvær,1,1014,2450,2450,8N27773,9,Sleneset,2.2453772123912563e-05,2806,0.18644882275849137,300,146
3,Selvær,1,1014,3189,3189,8N73607,14,Lauvøya,2.2378309918982965e-05,2807,0.18644882275849137,300,145
3,Selvær,1,1014,1720,1720,8N06783,5,Hestmannøy,2.236642888816667e-05,2808,0.18644882275849137,300,145
3,Selvær,1,1014,5101,5101,8934353,7,Onøy og Lurøy,2.2345223264535122e-05,2809,0.18644882275849137,300,140
3,Selvær,1,1014,2532,2532,8N28339,2,Træna,2.232746672455108e-05,2810,0.18644882275849137,300,143
3,Selvær,1,1014,2442,2442,8N27621,14,Lauvøya,2.1992794567076528e-05,2811,0.18644882275849137,300,155
3,Selvær,1,1014,4212,4212,8573187,4,Gjerøy,2.1929570331701716e-05,2812,0.18644882275849137,300,139
3,Selvær,1,1014,4101,4101,8P26542,2,Træna,2.184062298369276e-05,2813,0.18644882275849137,300,146
3,Selvær,1,1014,1376,1376,8N05288,13,Vikna,2.181158044558177e-05,2814,0.18644882275849137,300,138
3,Selvær,1,1014,458,458,8L64291,10,Aldra,2.1584547594729335e-05,2815,0.18644882275849137,300,152
3,Selvær,1,1014,3821,3821,8P11544,14,Lauvøya,2.1566694251821467e-05,2816,0.18644882275849137,300,142
3,Selvær,1,1014,1108,1108,8M72675,5,Hestmannøy,2.143583181582511e-05,2817,0.18644882275849137,300,147
3,Selvær,1,1014,2647,2647,8N42083,8,Lovund,2.1418856966270553e-05,2818,0.18644882275849137,300,145
3,Selvær,1,1014,3313,3313,8N73916,11,Leka,2.140647067563867e-05,2819,0.18644882275849137,300,139
3,Selvær,1,1014,241,241,8L48745,11,Leka,2.137442450447875e-05,2820,0.18644882275849137,300,145
3,Selvær,1,1014,476,476,8M71141,13,Vikna,2.1308858472969713e-05,2821,0.18644882275849137,300,146
3,Selvær,1,1014,1851,1851,8N13437,2,Træna,2.1282273561173392e-05,2822,0.18644882275849137,300,142
3,Selvær,1,1014,3381,3381,8N73984,12,Vega,2.1266923437929486e-05,2823,0.18644882275849137,300,147
3,Selvær,1,1014,749,749,8M31550,6,Indre Kvarøy,2.1235723212313132e-05,2824,0.18644882275849137,300,158
3,Selvær,1,1014,5128,5128,8934499,4,Gjerøy,2.112023712209522e-05,2825,0.18644882275849137,300,150
3,Selvær,1,1014,1151,1151,8M72893,0,Nesøy,2.1110368933818225e-05,2826,0.18644882275849137,300,142
3,Selvær,1,1014,2791,2791,8N43000,6,Indre Kvarøy,2.1096493416382137e-05,2827,0.18644882275849137,300,153
3,Selvær,1,1014,116,116,8L30604,11,Leka,2.1074601549604954e-05,2828,0.18644882275849137,300,133
3,Selvær,1,1014,2119,2119,8N14534,11,Leka,2.105296342411029e-05,2829,0.18644882275849137,300,146
3,Selvær,1,1014,5458,5458,8981720,4,Gjerøy,2.1042254995406842e-05,2830,0.18644882275849137,300,145
3,Selvær,1,1014,1991,1991,8N13937,5,Hestmannøy,2.0982057765919547e-05,2831,0.18644882275849137,300,150
3,Selvær,1,1014,1447,1447,8N05617,14,Lauvøya,2.0971624166671713e-05,2832,0.18644882275849137,300,145
3,Selvær,1,1014,5183,5183,8939150,4,Gjerøy,2.094778046213187e-05,2833,0.18644882275849137,300,138
3,Selvær,1,1014,3687,3687,8N87902,13,Vikna,2.0644172732561003e-05,2834,0.18644882275849137,300,136
3,Selvær,1,1014,4267,4267,8651875,5,Hestmannøy,2.0607107808717368e-05,2835,0.18644882275849137,300,139
3,Selvær,1,1014,1914,1914,8N13651,14,Lauvøya,2.055242342954719e-05,2836,0.18644882275849137,300,144
3,Selvær,1,1014,662,662,8M31084,2,Træna,2.0347420429361383e-05,2837,0.18644882275849137,300,145
3,Selvær,1,1014,971,971,8M71484,13,Vikna,2.0259232027352545e-05,2838,0.18644882275849137,300,150
3,Selvær,1,1014,1765,1765,8N06860,11,Leka,2.0190397200807928e-05,2839,0.18644882275849137,300,139
3,Selvær,1,1014,2835,2835,8N72531,6,Indre Kvarøy,2.009868543914451e-05,2840,0.18644882275849137,300,145
3,Selvær,1,1014,228,228,8L48610,5,Hestmannøy,2.0079583394347058e-05,2841,0.18644882275849137,300,155
3,Selvær,1,1014,3128,3128,8N73475,11,Leka,2.0065657985329567e-05,2842,0.18644882275849137,300,143
3,Selvær,1,1014,1997,1997,8N13956,6,Indre Kvarøy,2.0028490586080035e-05,2843,0.18644882275849137,300,136
3,Selvær,1,1014,2620,2620,8N28845,5,Hestmannøy,2.000500207140322e-05,2844,0.18644882275849137,300,146
3,Selvær,1,1014,5107,5107,8934373,5,Hestmannøy,1.9900698890481586e-05,2845,0.18644882275849137,300,130
3,Selvær,1,1014,958,958,8L64015,11,Leka,1.9772968400959008e-05,2846,0.18644882275849137,300,140
3,Selvær,1,1014,1843,1843,8N13064,14,Lauvøya,1.9463192267761963e-05,2847,0.18644882275849137,300,148
3,Selvær,1,1014,1694,1694,8N06682,14,Lauvøya,1.9419924930299873e-05,2848,0.18644882275849137,300,141
3,Selvær,1,1014,5050,5050,8917965,8,Lovund,1.93799325971985e-05,2849,0.18644882275849137,300,145
3,Selvær,1,1014,1267,1267,8N05177,13,Vikna,1.934511028955659e-05,2850,0.18644882275849137,300,140
3,Selvær,1,1014,1683,1683,8N06671,14,Lauvøya,1.9235827761856344e-05,2851,0.18644882275849137,300,142
3,Selvær,1,1014,2515,2515,8N28149,2,Træna,1.9043237409003017e-05,2852,0.18644882275849137,300,134
3,Selvær,1,1014,3759,3759,8N87975,13,Vikna,1.901793291244741e-05,2853,0.18644882275849137,300,132
3,Selvær,1,1014,1405,1405,8N05442,6,Indre Kvarøy,1.893404391677923e-05,2854,0.18644882275849137,300,143
3,Selvær,1,1014,4572,4572,8747408,0,Nesøy,1.8862450918708392e-05,2855,0.18644882275849137,300,145
3,Selvær,1,1014,5231,5231,8939492,0,Nesøy,1.8861120635727917e-05,2856,0.18644882275849137,300,147
3,Selvær,1,1014,5482,5482,8981828,7,Onøy og Lurøy,1.8844281940311586e-05,2857,0.18644882275849137,300,139
3,Selvær,1,1014,4972,4972,8887290,5,Hestmannøy,1.88333985601199e-05,2858,0.18644882275849137,300,146
3,Selvær,1,1014,4582,4582,8747520,5,Hestmannøy,1.878417747501113e-05,2859,0.18644882275849137,300,150
3,Selvær,1,1014,2160,2160,8N14577,11,Leka,1.873861252647187e-05,2860,0.18644882275849137,300,135
3,Selvær,1,1014,113,113,8L30597,0,Nesøy,1.8602705514514034e-05,2861,0.18644882275849137,300,144
3,Selvær,1,1014,10,10,8L19666,7,Onøy og Lurøy,1.8402898029706514e-05,2862,0.18644882275849137,300,143
3,Selvær,1,1014,389,389,8L52956,5,Hestmannøy,1.8349133049931116e-05,2863,0.18644882275849137,300,141
3,Selvær,1,1014,3650,3650,8N87864,14,Lauvøya,1.8169524812758584e-05,2864,0.18644882275849137,300,140
3,Selvær,1,1014,4369,4369,8681370,5,Hestmannøy,1.8120891927040095e-05,2865,0.18644882275849137,300,142
3,Selvær,1,1014,1029,1029,8M72245,2,Træna,1.808606007970991e-05,2866,0.18644882275849137,300,140
3,Selvær,1,1014,4589,4589,8747549,10,Aldra,1.7968484465831104e-05,2867,0.18644882275849137,300,141
3,Selvær,1,1014,2968,2968,8N73001,4,Gjerøy,1.775187779542812e-05,2868,0.18644882275849137,300,138
3,Selvær,1,1014,982,982,8M71504,4,Gjerøy,1.7692684046076624e-05,2869,0.18644882275849137,300,149
3,Selvær,1,1014,1297,1297,8N05208,12,Vega,1.768085957403341e-05,2870,0.18644882275849137,300,143
3,Selvær,1,1014,2379,2379,8N27195,14,Lauvøya,1.765820919466804e-05,2871,0.18644882275849137,300,149
3,Selvær,1,1014,628,628,8L89718,4,Gjerøy,1.7577829511312532e-05,2872,0.18644882275849137,300,141
3,Selvær,1,1014,1589,1589,8N05897,11,Leka,1.7487644715809894e-05,2873,0.18644882275849137,300,136
3,Selvær,1,1014,4076,4076,8P14990,14,Lauvøya,1.725798857197671e-05,2874,0.18644882275849137,300,139
3,Selvær,1,1014,619,619,8L89669,5,Hestmannøy,1.7135059573634956e-05,2875,0.18644882275849137,300,142
3,Selvær,1,1014,4288,4288,8681001,4,Gjerøy,1.6867396041018566e-05,2876,0.18644882275849137,300,144
3,Selvær,1,1014,2489,2489,8N27959,5,Hestmannøy,1.682233964873362e-05,2877,0.18644882275849137,300,147
3,Selvær,1,1014,5390,5390,8981178,11,Leka,1.6342875572200762e-05,2878,0.18644882275849137,300,142
3,Selvær,1,1014,2412,2412,8N27361,5,Hestmannøy,1.5878862360513893e-05,2879,0.18644882275849137,300,149
3,Selvær,1,1014,3628,3628,8N87840,14,Lauvøya,1.566184777396894e-05,2880,0.18644882275849137,300,141
3,Selvær,1,1014,4810,4810,8800512,5,Hestmannøy,1.560372873255988e-05,2881,0.18644882275849137,300,151
3,Selvær,1,1014,1945,1945,8N13683,13,Vikna,1.5469581881301034e-05,2882,0.18644882275849137,300,136
3,Selvær,1,1014,3876,3876,8P11800,2,Træna,1.5375456528934025e-05,2883,0.18644882275849137,300,139
3,Selvær,1,1014,1225,1225,8N05135,12,Vega,1.5318649355457807e-05,2884,0.18644882275849137,300,150
3,Selvær,1,1014,2942,2942,8N72941,13,Vikna,1.528085561467047e-05,2885,0.18644882275849137,300,150
3,Selvær,1,1014,4744,4744,8800147,9,Sleneset,1.5236563492670394e-05,2886,0.18644882275849137,300,153
3,Selvær,1,1014,3903,3903,8P14064,5,Hestmannøy,1.5163806449850306e-05,2887,0.18644882275849137,300,160
3,Selvær,1,1014,1825,1825,8N13100,14,Lauvøya,1.4921287067308247e-05,2888,0.18644882275849137,300,142
3,Selvær,1,1014,4882,4882,8857205,5,Hestmannøy,1.4792458158763766e-05,2889,0.18644882275849137,300,142
3,Selvær,1,1014,2872,2872,8N72688,11,Leka,1.4609517063340503e-05,2890,0.18644882275849137,300,155
3,Selvær,1,1014,430,430,8L64093,12,Vega,1.4532176966985166e-05,2891,0.18644882275849137,300,135
3,Selvær,1,1014,4879,4879,8857103,7,Onøy og Lurøy,1.4495509964094801e-05,2892,0.18644882275849137,300,140
3,Selvær,1,1014,5232,5232,8939494,0,Nesøy,1.4490115766520199e-05,2893,0.18644882275849137,300,144
3,Selvær,1,1014,2517,2517,8N28209,2,Træna,1.4413948162101693e-05,2894,0.18644882275849137,300,139
3,Selvær,1,1014,83,83,8L30249,10,Aldra,1.4324650605880965e-05,2895,0.18644882275849137,300,146
3,Selvær,1,1014,387,387,8L52950,5,Hestmannøy,1.418131080769429e-05,2896,0.18644882275849137,300,145
3,Selvær,1,1014,5267,5267,8939747,5,Hestmannøy,1.4085369088976367e-05,2897,0.18644882275849137,300,140
3,Selvær,1,1014,3672,3672,8N87887,13,Vikna,1.4039091292197166e-05,2898,0.18644882275849137,300,136
3,Selvær,1,1014,5258,5258,8939630,5,Hestmannøy,1.4024412320165823e-05,2899,0.18644882275849137,300,144
3,Selvær,1,1014,258,258,8L48781,11,Leka,1.3908997478540995e-05,2900,0.18644882275849137,300,134
3,Selvær,1,1014,2679,2679,8N42424,14,Lauvøya,1.3687511398064459e-05,2901,0.18644882275849137,300,143
3,Selvær,1,1014,4911,4911,8857407,5,Hestmannøy,1.3651220325486898e-05,2902,0.18644882275849137,300,138
3,Selvær,1,1014,631,631,8L89723,4,Gjerøy,1.360179448798399e-05,2903,0.18644882275849137,300,142
3,Selvær,1,1014,1153,1153,8M72908,5,Hestmannøy,1.3522204328662045e-05,2904,0.18644882275849137,300,147
3,Selvær,1,1014,2965,2965,8N72965,2,Træna,1.3459361421176872e-05,2905,0.18644882275849137,300,143
3,Selvær,1,1014,5263,5263,8939736,7,Onøy og Lurøy,1.3383214604477086e-05,2906,0.18644882275849137,300,138
3,Selvær,1,1014,2486,2486,8N27941,6,Indre Kvarøy,1.330262886253882e-05,2907,0.18644882275849137,300,141
3,Selvær,1,1014,678,678,8M31219,11,Leka,1.3073409714848076e-05,2908,0.18644882275849137,300,148
3,Selvær,1,1014,3513,3513,8N87565,11,Leka,1.293994363752905e-05,2909,0.18644882275849137,300,146
3,Selvær,1,1014,1656,1656,8N06487,12,Vega,1.2925545249171579e-05,2910,0.18644882275849137,300,146
3,Selvær,1,1014,1993,1993,8N13949,4,Gjerøy,1.2607410697993373e-05,2911,0.18644882275849137,300,152
3,Selvær,1,1014,496,496,8L64902,5,Hestmannøy,1.2600279136296852e-05,2912,0.18644882275849137,300,143
3,Selvær,1,1014,5268,5268,8939749,5,Hestmannøy,1.25963865686192e-05,2913,0.18644882275849137,300,149
3,Selvær,1,1014,3538,3538,8N87591,11,Leka,1.255876987454526e-05,2914,0.18644882275849137,300,147
3,Selvær,1,1014,3530,3530,8N87583,11,Leka,1.2545961266262394e-05,2915,0.18644882275849137,300,130
3,Selvær,1,1014,1513,1513,8N05690,14,Lauvøya,1.2455100919995041e-05,2916,0.18644882275849137,300,146
3,Selvær,1,1014,3510,3510,8N87562,11,Leka,1.2420927818048427e-05,2917,0.18644882275849137,300,137
3,Selvær,1,1014,2538,2538,8N28402,2,Træna,1.240847193474068e-05,2918,0.18644882275849137,300,133
3,Selvær,1,1014,2399,2399,8N27316,5,Hestmannøy,1.238751797878987e-05,2919,0.18644882275849137,300,148
3,Selvær,1,1014,545,545,8L89363,0,Nesøy,1.214606851222388e-05,2920,0.18644882275849137,300,138
3,Selvær,1,1014,5192,5192,8939181,5,Hestmannøy,1.189213217292674e-05,2921,0.18644882275849137,300,138
3,Selvær,1,1014,4308,4308,8681044,5,Hestmannøy,1.176067458206569e-05,2922,0.18644882275849137,300,151
3,Selvær,1,1014,2325,2325,8N27030,14,Lauvøya,1.147883519240488e-05,2923,0.18644882275849137,300,151
3,Selvær,1,1014,3172,3172,8N73528,4,Gjerøy,1.1420570828639837e-05,2924,0.18644882275849137,300,139
3,Selvær,1,1014,1929,1929,8N13667,13,Vikna,1.1414640357764654e-05,2925,0.18644882275849137,300,136
3,Selvær,1,1014,743,743,8M31542,6,Indre Kvarøy,1.133008500219036e-05,2926,0.18644882275849137,300,140
3,Selvær,1,1014,4753,4753,8800175,6,Indre Kvarøy,1.1027036033064215e-05,2927,0.18644882275849137,300,146
3,Selvær,1,1014,3640,3640,8N87854,14,Lauvøya,1.0998154490892554e-05,2928,0.18644882275849137,300,139
3,Selvær,1,1014,3974,3974,8P14762,4,Gjerøy,1.09605923892561e-05,2929,0.18644882275849137,300,131
3,Selvær,1,1014,411,411,8L57907,8,Lovund,1.087182733325436e-05,2930,0.18644882275849137,300,136
3,Selvær,1,1014,374,374,8L52640,8,Lovund,1.0862407429164234e-05,2931,0.18644882275849137,300,132
3,Selvær,1,1014,3468,3468,8N87520,11,Leka,1.0813185268816328e-05,2932,0.18644882275849137,300,154
3,Selvær,1,1014,1290,1290,8N05201,12,Vega,1.076263191642702e-05,2933,0.18644882275849137,300,153
3,Selvær,1,1014,4148,4148,8168650,5,Hestmannøy,1.0722430618581154e-05,2934,0.18644882275849137,300,149
3,Selvær,1,1014,3717,3717,8N87933,13,Vikna,1.062594000300468e-05,2935,0.18644882275849137,300,145
3,Selvær,1,1014,4732,4732,8800075,5,Hestmannøy,1.06207988266586e-05,2936,0.18644882275849137,300,138
3,Selvær,1,1014,4264,4264,8651860,5,Hestmannøy,1.0433016116257985e-05,2937,0.18644882275849137,300,137
3,Selvær,1,1014,5436,5436,8981381,12,Vega,1.0420798195078836e-05,2938,0.18644882275849137,300,134
3,Selvær,1,1014,2372,2372,8N27140,7,Onøy og Lurøy,1.0384330625697877e-05,2939,0.18644882275849137,300,143
3,Selvær,1,1014,1746,1746,8N06841,11,Leka,1.0262454879719249e-05,2940,0.18644882275849137,300,142
3,Selvær,1,1014,2884,2884,8N72700,11,Leka,1.0246812722373707e-05,2941,0.18644882275849137,300,153
3,Selvær,1,1014,2610,2610,8N28795,14,Lauvøya,1.023500419132989e-05,2942,0.18644882275849137,300,132
3,Selvær,1,1014,1943,1943,8N13681,13,Vikna,1.0199561576544388e-05,2943,0.18644882275849137,300,139
3,Selvær,1,1014,3357,3357,8N73960,12,Vega,1.0080207960972222e-05,2944,0.18644882275849137,300,148
3,Selvær,1,1014,4805,4805,8800488,10,Aldra,9.58203712549671e-06,2945,0.18644882275849137,300,153
3,Selvær,1,1014,5324,5324,8943345,11,Leka,9.448931273467777e-06,2946,0.18644882275849137,300,152
3,Selvær,1,1014,675,675,8L89786,13,Vikna,9.333905602128889e-06,2947,0.18644882275849137,300,144
3,Selvær,1,1014,3378,3378,8N73981,12,Vega,9.165409102176709e-06,2948,0.18644882275849137,300,144
3,Selvær,1,1014,4685,4685,8747955,9,Sleneset,9.089708481022771e-06,2949,0.18644882275849137,300,150
3,Selvær,1,1014,3935,3935,8N14340,14,Lauvøya,8.924861699932525e-06,2950,0.18644882275849137,300,148
3,Selvær,1,1014,5425,5425,8981296,5,Hestmannøy,8.892357969196092e-06,2951,0.18644882275849137,300,144
3,Selvær,1,1014,2388,2388,8N27249,5,Hestmannøy,8.89060290370838e-06,2952,0.18644882275849137,300,146
3,Selvær,1,1014,2987,2987,8N73180,14,Lauvøya,8.782456064878894e-06,2953,0.18644882275849137,300,147
3,Selvær,1,1014,1902,1902,8N13637,14,Lauvøya,8.702485184329329e-06,2954,0.18644882275849137,300,140
3,Selvær,1,1014,4715,4715,8800027,4,Gjerøy,8.623116872747559e-06,2955,0.18644882275849137,300,152
3,Selvær,1,1014,3075,3075,8N73402,4,Gjerøy,8.425337062615472e-06,2956,0.18644882275849137,300,151
3,Selvær,1,1014,4878,4878,8857102,7,Onøy og Lurøy,8.404730525242169e-06,2957,0.18644882275849137,300,144
3,Selvær,1,1014,2917,2917,8N72915,13,Vikna,8.350459503535624e-06,2958,0.18644882275849137,300,140
3,Selvær,1,1014,1395,1395,8N05308,13,Vikna,8.31490500482474e-06,2959,0.18644882275849137,300,140
3,Selvær,1,1014,3578,3578,8N87711,5,Hestmannøy,8.295509380821598e-06,2960,0.18644882275849137,300,151
3,Selvær,1,1014,2253,2253,8N14672,13,Vikna,8.256228246987485e-06,2961,0.18644882275849137,300,146
3,Selvær,1,1014,3868,3868,8P11751,7,Onøy og Lurøy,8.210492819662926e-06,2962,0.18644882275849137,300,149
3,Selvær,1,1014,4674,4674,8747882,1,Myken,8.137241402824912e-06,2963,0.18644882275849137,300,146
3,Selvær,1,1014,2154,2154,8N14571,11,Leka,8.115299619355003e-06,2964,0.18644882275849137,300,144
3,Selvær,1,1014,2869,2869,8N72685,11,Leka,8.09485510767753e-06,2965,0.18644882275849137,300,147
3,Selvær,1,1014,2178,2178,8N14595,11,Leka,8.07550444205062e-06,2966,0.18644882275849137,300,138
3,Selvær,1,1014,5419,5419,8981280,5,Hestmannøy,7.996583765890751e-06,2967,0.18644882275849137,300,153
3,Selvær,1,1014,5064,5064,8934071,5,Hestmannøy,7.894387451757934e-06,2968,0.18644882275849137,300,144
3,Selvær,1,1014,2104,2104,8N14519,11,Leka,7.805211113553424e-06,2969,0.18644882275849137,300,143
3,Selvær,1,1014,514,514,8L89211,5,Hestmannøy,7.563449286812328e-06,2970,0.18644882275849137,300,143
3,Selvær,1,1014,3834,3834,8P11557,14,Lauvøya,7.531671162435882e-06,2971,0.18644882275849137,300,141
3,Selvær,1,1014,4429,4429,8730545,8,Lovund,7.483343235274121e-06,2972,0.18644882275849137,300,137
3,Selvær,1,1014,3514,3514,8N87566,11,Leka,7.422265537605138e-06,2973,0.18644882275849137,300,151
3,Selvær,1,1014,595,595,8L89548,12,Vega,7.353739403440461e-06,2974,0.18644882275849137,300,148
3,Selvær,1,1014,1812,1812,8N06943,4,Gjerøy,7.187358438219258e-06,2975,0.18644882275849137,300,144
3,Selvær,1,1014,4913,4913,8857467,11,Leka,7.1576904490457504e-06,2976,0.18644882275849137,300,138
3,Selvær,1,1014,234,234,8L48692,0,Nesøy,6.8725652914637264e-06,2977,0.18644882275849137,300,136
3,Selvær,1,1014,5008,5008,8887439,5,Hestmannøy,6.8711208745450906e-06,2978,0.18644882275849137,300,148
3,Selvær,1,1014,599,599,8L89613,4,Gjerøy,6.616134942956978e-06,2979,0.18644882275849137,300,147
3,Selvær,1,1014,1304,1304,8N05215,12,Vega,6.57448889984896e-06,2980,0.18644882275849137,300,144
3,Selvær,1,1014,5,5,8L19610,9,Sleneset,6.42891225117204e-06,2981,0.18644882275849137,300,137
3,Selvær,1,1014,2912,2912,8N72910,13,Vikna,6.387528308765514e-06,2982,0.18644882275849137,300,145
3,Selvær,1,1014,4185,4185,8309254,5,Hestmannøy,6.235074615929961e-06,2983,0.18644882275849137,300,140
3,Selvær,1,1014,1742,1742,8N06837,11,Leka,6.19991417373492e-06,2984,0.18644882275849137,300,144
3,Selvær,1,1014,535,535,8L89314,9,Sleneset,6.144619090803871e-06,2985,0.18644882275849137,300,133
3,Selvær,1,1014,2981,2981,8N73084,6,Indre Kvarøy,6.060901943620508e-06,2986,0.18644882275849137,300,143
3,Selvær,1,1014,4559,4559,8747293,9,Sleneset,5.971369975802044e-06,2987,0.18644882275849137,300,144
3,Selvær,1,1014,3497,3497,8N87549,11,Leka,5.93039399306652e-06,2988,0.18644882275849137,300,156
3,Selvær,1,1014,2342,2342,8N27076,14,Lauvøya,5.886109994904451e-06,2989,0.18644882275849137,300,137
3,Selvær,1,1014,2348,2348,8N27082,14,Lauvøya,5.844113683231599e-06,2990,0.18644882275849137,300,136
3,Selvær,1,1014,531,531,8L89296,4,Gjerøy,5.777821453944558e-06,2991,0.18644882275849137,300,149
3,Selvær,1,1014,3519,3519,8N87571,11,Leka,5.715103387431372e-06,2992,0.18644882275849137,300,148
3,Selvær,1,1014,833,833,8M31945,5,Hestmannøy,5.687912091259914e-06,2993,0.18644882275849137,300,135
3,Selvær,1,1014,1047,1047,8M72429,13,Vikna,5.629330639263882e-06,2994,0.18644882275849137,300,153
3,Selvær,1,1014,3601,3601,8N87813,14,Lauvøya,5.607412908038305e-06,2995,0.18644882275849137,300,136
3,Selvær,1,1014,50,50,8L19977,5,Hestmannøy,5.4227251856374e-06,2996,0.18644882275849137,300,137
3,Selvær,1,1014,4542,4542,8747218,5,Hestmannøy,5.4208741209611065e-06,2997,0.18644882275849137,300,150
3,Selvær,1,1014,519,519,8L89256,4,Gjerøy,5.302193982179793e-06,2998,0.18644882275849137,300,142
3,Selvær,1,1014,4786,4786,8800405,5,Hestmannøy,5.299324244476577e-06,2999,0.18644882275849137,300,153
3,Selvær,1,1014,3895,3895,8P14029,5,Hestmannøy,5.268367079492458e-06,3000,0.18644882275849137,300,150
3,Selvær,1,1014,2094,2094,8N14355,14,Lauvøya,5.23793019969489e-06,3001,0.18644882275849137,300,147
3,Selvær,1,1014,3308,3308,8N73911,11,Leka,5.204568877664732e-06,3002,0.18644882275849137,300,145
3,Selvær,1,1014,632,632,8L89724,4,Gjerøy,5.188205151215947e-06,3003,0.18644882275849137,300,138
3,Selvær,1,1014,320,320,8L52364,11,Leka,5.184824581344736e-06,3004,0.18644882275849137,300,146
3,Selvær,1,1014,5021,5021,8887490,10,Aldra,5.034291638820896e-06,3005,0.18644882275849137,300,143
3,Selvær,1,1014,3333,3333,8N73936,12,Vega,5.026461297914909e-06,3006,0.18644882275849137,300,146
3,Selvær,1,1014,2789,2789,8N42994,5,Hestmannøy,4.83638927063762e-06,3007,0.18644882275849137,300,135
3,Selvær,1,1014,2606,2606,8N28791,14,Lauvøya,4.769846456616186e-06,3008,0.18644882275849137,300,140
3,Selvær,1,1014,618,618,8L89665,5,Hestmannøy,4.723369331479716e-06,3009,0.18644882275849137,300,138
3,Selvær,1,1014,2269,2269,8N14688,13,Vikna,4.6609517849474245e-06,3010,0.18644882275849137,300,137
3,Selvær,1,1014,2747,2747,8N42716,4,Gjerøy,4.6125156062619004e-06,3011,0.18644882275849137,300,145
3,Selvær,1,1014,5502,5502,8L49911,4,Gjerøy,4.507185512444119e-06,3012,0.18644882275849137,300,146
3,Selvær,1,1014,593,593,8L89538,5,Hestmannøy,4.470811321984498e-06,3013,0.18644882275849137,300,140
3,Selvær,1,1014,808,808,8M31862,4,Gjerøy,4.413104332128931e-06,3014,0.18644882275849137,300,139
3,Selvær,1,1014,1869,1869,8N13607,14,Lauvøya,4.3359095332120784e-06,3015,0.18644882275849137,300,138
3,Selvær,1,1014,3139,3139,8N73487,11,Leka,4.296364295875396e-06,3016,0.18644882275849137,300,143
3,Selvær,1,1014,1609,1609,8N06294,9,Sleneset,4.27143157626623e-06,3017,0.18644882275849137,300,137
3,Selvær,1,1014,5456,5456,8981714,10,Aldra,4.248252667361483e-06,3018,0.18644882275849137,300,142
3,Selvær,1,1014,2,2,8L19559,8,Lovund,4.09027967493726e-06,3019,0.18644882275849137,300,140
3,Selvær,1,1014,3874,3874,8P11789,2,Træna,4.040209300141119e-06,3020,0.18644882275849137,300,156
3,Selvær,1,1014,921,921,8M71317,5,Hestmannøy,3.885437368562905e-06,3021,0.18644882275849137,300,142
3,Selvær,1,1014,3209,3209,8N73627,13,Vikna,3.845626496678018e-06,3022,0.18644882275849137,300,135
3,Selvær,1,1014,4866,4866,8816943,4,Gjerøy,3.832038112667543e-06,3023,0.18644882275849137,300,150
3,Selvær,1,1014,3715,3715,8N87931,13,Vikna,3.7249511099278893e-06,3024,0.18644882275849137,300,146
3,Selvær,1,1014,246,246,8L48755,11,Leka,3.719994186057738e-06,3025,0.18644882275849137,300,147
3,Selvær,1,1014,3805,3805,8P11527,14,Lauvøya,3.7094734798402985e-06,3026,0.18644882275849137,300,146
3,Selvær,1,1014,1957,1957,8N13695,13,Vikna,3.645749874208475e-06,3027,0.18644882275849137,300,133
3,Selvær,1,1014,4924,4924,8857780,6,Indre Kvarøy,3.5691433585974807e-06,3028,0.18644882275849137,300,133
3,Selvær,1,1014,2826,2826,8N72466,9,Sleneset,3.4498603586053492e-06,3029,0.18644882275849137,300,154
3,Selvær,1,1014,1771,1771,8N06866,11,Leka,3.2289698073709113e-06,3030,0.18644882275849137,300,134
3,Selvær,1,1014,4943,4943,8866889,11,Leka,3.0909727960523663e-06,3031,0.18644882275849137,300,152
3,Selvær,1,1014,2897,2897,8N72795,4,Gjerøy,3.084409187506702e-06,3032,0.18644882275849137,300,144
3,Selvær,1,1014,2589,2589,8N28761,4,Gjerøy,2.9569439707269386e-06,3033,0.18644882275849137,300,140
3,Selvær,1,1014,3019,3019,8N73218,12,Vega,2.7724481319604787e-06,3034,0.18644882275849137,300,151
3,Selvær,1,1014,3345,3345,8N73948,12,Vega,2.577468143174644e-06,3035,0.18644882275849137,300,151
3,Selvær,1,1014,4402,4402,8730443,5,Hestmannøy,2.4286910311441526e-06,3036,0.18644882275849137,300,146
3,Selvær,1,1014,2702,2702,8N42518,5,Hestmannøy,2.358238781042049e-06,3037,0.18644882275849137,300,149
3,Selvær,1,1014,3459,3459,8N87387,5,Hestmannøy,2.1790630994621684e-06,3038,0.18644882275849137,300,152
3,Selvær,1,1014,5278,5278,8939836,8,Lovund,2.1635146317761117e-06,3039,0.18644882275849137,300,146
3,Selvær,1,1014,4282,4282,8651979,5,Hestmannøy,2.0357028257863462e-06,3040,0.18644882275849137,300,149
3,Selvær,1,1014,2091,2091,8N14352,14,Lauvøya,2.0219965469580885e-06,3041,0.18644882275849137,300,146
3,Selvær,1,1014,441,441,8L64178,9,Sleneset,1.959776695877004e-06,3042,0.18644882275849137,300,149
3,Selvær,1,1014,1481,1481,8N05658,13,Vikna,1.7721728851995639e-06,3043,0.18644882275849137,300,153
3,Selvær,1,1014,1465,1465,8N05642,14,Lauvøya,1.5644988496775749e-06,3044,0.18644882275849137,300,139
3,Selvær,1,1014,1874,1874,8N13612,14,Lauvøya,1.431299988971155e-06,3045,0.18644882275849137,300,145
3,Selvær,1,1014,1004,1004,8M71823,5,Hestmannøy,1.4102258554493547e-06,3046,0.18644882275849137,300,149
3,Selvær,1,1014,1217,1217,8N05127,14,Lauvøya,1.3996189131086311e-06,3047,0.18644882275849137,300,148
3,Selvær,1,1014,1611,1611,8N06296,9,Sleneset,1.3417294590663593e-06,3048,0.18644882275849137,300,151
3,Selvær,1,1014,1171,1171,8M72961,4,Gjerøy,1.1115654586018069e-06,3049,0.18644882275849137,300,132
3,Selvær,1,1014,4156,4156,8168698,5,Hestmannøy,1.0734088732254447e-06,3050,0.18644882275849137,300,147
3,Selvær,1,1014,2694,2694,8N42503,5,Hestmannøy,8.278475553718441e-07,3051,0.18644882275849137,300,137
3,Selvær,1,1014,183,183,8L48323,4,Gjerøy,7.285178659052688e-07,3052,0.18644882275849137,300,140
3,Selvær,1,1014,1469,1469,8N05646,14,Lauvøya,6.089467175521445e-07,3053,0.18644882275849137,300,141
3,Selvær,1,1014,2980,2980,8N73083,6,Indre Kvarøy,4.250932637220903e-07,3054,0.18644882275849137,300,150
3,Selvær,1,1014,721,721,8M31420,10,Aldra,2.233620038713394e-07,3055,0.18644882275849137,300,155
3,Selvær,1,1014,1782,1782,8N06877,11,Leka,-2.138437954341212e-08,3056,0.18644882275849137,300,153
3,Selvær,1,1014,5418,5418,8981279,5,Hestmannøy,-1.4119356130473607e-07,3057,0.18644882275849137,300,139
3,Selvær,1,1014,2938,2938,8N72937,13,Vikna,-1.5991496999115394e-07,3058,0.18644882275849137,300,133
3,Selvær,1,1014,3211,3211,8N73629,13,Vikna,-2.5764770641202687e-07,3059,0.18644882275849137,300,142
3,Selvær,1,1014,3832,3832,8P11555,14,Lauvøya,-4.1830184652916155e-07,3060,0.18644882275849137,300,144
3,Selvær,1,1014,3260,3260,8N73678,13,Vikna,-4.736659206699535e-07,3061,0.18644882275849137,300,150
3,Selvær,1,1014,478,478,8L64791,13,Vikna,-7.832431552034942e-07,3062,0.18644882275849137,300,144
3,Selvær,1,1014,1272,1272,8N05182,13,Vikna,-7.833149486855302e-07,3063,0.18644882275849137,300,154
3,Selvær,1,1014,5454,5454,8981708,5,Hestmannøy,-8.264810119052305e-07,3064,0.18644882275849137,300,132
3,Selvær,1,1014,882,882,8M71210,5,Hestmannøy,-9.72035536966105e-07,3065,0.18644882275849137,300,133
3,Selvær,1,1014,3416,3416,8N87085,5,Hestmannøy,-1.0019519889722674e-06,3066,0.18644882275849137,300,140
3,Selvær,1,1014,4647,4647,8747744,9,Sleneset,-1.1328432541559286e-06,3067,0.18644882275849137,300,154
3,Selvær,1,1014,3893,3893,8P14014,9,Sleneset,-1.154272840379289e-06,3068,0.18644882275849137,300,150
3,Selvær,1,1014,4519,4519,8732698,4,Gjerøy,-1.2044628221337453e-06,3069,0.18644882275849137,300,142
3,Selvær,1,1014,106,106,8L30473,12,Vega,-1.2661339729681295e-06,3070,0.18644882275849137,300,137
3,Selvær,1,1014,1393,1393,8N05306,13,Vikna,-1.355469317553265e-06,3071,0.18644882275849137,300,145
3,Selvær,1,1014,3990,3990,8P14842,14,Lauvøya,-1.3967272874910734e-06,3072,0.18644882275849137,300,148
3,Selvær,1,1014,625,625,8L89709,4,Gjerøy,-1.4157026231997256e-06,3073,0.18644882275849137,300,152
3,Selvær,1,1014,1268,1268,8N05178,13,Vikna,-1.5570359067068768e-06,3074,0.18644882275849137,300,137
3,Selvær,1,1014,1548,1548,8N05825,4,Gjerøy,-1.623077963994156e-06,3075,0.18644882275849137,300,143
3,Selvær,1,1014,3242,3242,8N73660,13,Vikna,-1.6311245403745692e-06,3076,0.18644882275849137,300,146
3,Selvær,1,1014,347,347,8L52418,4,Gjerøy,-1.638830220030865e-06,3077,0.18644882275849137,300,141
3,Selvær,1,1014,257,257,8L48780,11,Leka,-1.6462505270176952e-06,3078,0.18644882275849137,300,139
3,Selvær,1,1014,4707,4707,8794368,4,Gjerøy,-1.647995826840943e-06,3079,0.18644882275849137,300,139
3,Selvær,1,1014,3076,3076,8N73404,4,Gjerøy,-1.6805266292865495e-06,3080,0.18644882275849137,300,141
3,Selvær,1,1014,3662,3662,8N87877,13,Vikna,-1.7404101216342744e-06,3081,0.18644882275849137,300,147
3,Selvær,1,1014,1964,1964,8N13717,8,Lovund,-1.7943771847953234e-06,3082,0.18644882275849137,300,146
3,Selvær,1,1014,134,134,8L30758,11,Leka,-1.8105891233847657e-06,3083,0.18644882275849137,300,144
3,Selvær,1,1014,3078,3078,8N73407,4,Gjerøy,-1.9470122688069655e-06,3084,0.18644882275849137,300,149
3,Selvær,1,1014,4038,4038,8P14957,14,Lauvøya,-2.044055204637813e-06,3085,0.18644882275849137,300,153
3,Selvær,1,1014,2420,2420,8N27407,7,Onøy og Lurøy,-2.159579967807033e-06,3086,0.18644882275849137,300,147
3,Selvær,1,1014,1014,1014,8M72001,2,Træna,-2.1847938804940418e-06,3087,0.18644882275849137,300,160
3,Selvær,1,1014,426,426,8L64058,11,Leka,-2.3747381873311463e-06,3088,0.18644882275849137,300,150
3,Selvær,1,1014,650,650,8L89808,5,Hestmannøy,-2.4527824575566504e-06,3089,0.18644882275849137,300,135
3,Selvær,1,1014,4824,4824,8800580,7,Onøy og Lurøy,-2.585980086673271e-06,3090,0.18644882275849137,300,137
3,Selvær,1,1014,2153,2153,8N14570,11,Leka,-2.6579180205786664e-06,3091,0.18644882275849137,300,139
3,Selvær,1,1014,4984,4984,8887344,5,Hestmannøy,-2.689352113222139e-06,3092,0.18644882275849137,300,145
3,Selvær,1,1014,4593,4593,8747554,5,Hestmannøy,-2.797289333999782e-06,3093,0.18644882275849137,300,138
3,Selvær,1,1014,4846,4846,8816455,6,Indre Kvarøy,-2.902078736868338e-06,3094,0.18644882275849137,300,144
3,Selvær,1,1014,408,408,8L57880,5,Hestmannøy,-2.9685643785986956e-06,3095,0.18644882275849137,300,143
3,Selvær,1,1014,3171,3171,8N73527,4,Gjerøy,-3.255321006047565e-06,3096,0.18644882275849137,300,149
3,Selvær,1,1014,52,52,8L19986,6,Indre Kvarøy,-3.309093056331051e-06,3097,0.18644882275849137,300,143
3,Selvær,1,1014,2341,2341,8N27075,14,Lauvøya,-3.3884899498233983e-06,3098,0.18644882275849137,300,146
3,Selvær,1,1014,3067,3067,8N73314,14,Lauvøya,-3.4422446122765773e-06,3099,0.18644882275849137,300,137
3,Selvær,1,1014,345,345,8L52411,6,Indre Kvarøy,-3.5192653386661124e-06,3100,0.18644882275849137,300,140
3,Selvær,1,1014,348,348,8L52419,4,Gjerøy,-3.5494711793510026e-06,3101,0.18644882275849137,300,154
3,Selvær,1,1014,3800,3800,8P11522,14,Lauvøya,-3.662619005982743e-06,3102,0.18644882275849137,300,135
3,Selvær,1,1014,3027,3027,8N73226,12,Vega,-3.807368451608764e-06,3103,0.18644882275849137,300,141
3,Selvær,1,1014,1307,1307,8N05218,12,Vega,-3.953677940257382e-06,3104,0.18644882275849137,300,149
3,Selvær,1,1014,2772,2772,8N42923,4,Gjerøy,-4.076479370784849e-06,3105,0.18644882275849137,300,148
3,Selvær,1,1014,4702,4702,8794343,9,Sleneset,-4.376894070690594e-06,3106,0.18644882275849137,300,138
3,Selvær,1,1014,1615,1615,8N06311,5,Hestmannøy,-4.490863017816641e-06,3107,0.18644882275849137,300,133
3,Selvær,1,1014,4099,4099,8P26540,2,Træna,-4.518513033267319e-06,3108,0.18644882275849137,300,136
3,Selvær,1,1014,4408,4408,8730453,5,Hestmannøy,-4.5518506369250155e-06,3109,0.18644882275849137,300,138
3,Selvær,1,1014,3673,3673,8N87888,13,Vikna,-4.709499534478269e-06,3110,0.18644882275849137,300,136
3,Selvær,1,1014,3031,3031,8N73230,12,Vega,-5.245289249560432e-06,3111,0.18644882275849137,300,133
3,Selvær,1,1014,3790,3790,8P11395,14,Lauvøya,-5.476356973793022e-06,3112,0.18644882275849137,300,148
3,Selvær,1,1014,3751,3751,8N87967,13,Vikna,-5.60055489061692e-06,3113,0.18644882275849137,300,149
3,Selvær,1,1014,4644,4644,8747740,6,Indre Kvarøy,-5.655519877672069e-06,3114,0.18644882275849137,300,153
3,Selvær,1,1014,5431,5431,8981346,11,Leka,-5.884329917893632e-06,3115,0.18644882275849137,300,147
3,Selvær,1,1014,7,7,8L19633,2,Træna,-5.949600080070347e-06,3116,0.18644882275849137,300,135
3,Selvær,1,1014,2240,2240,8N14659,13,Vikna,-6.1068518347178286e-06,3117,0.18644882275849137,300,141
3,Selvær,1,1014,1833,1833,8N13139,14,Lauvøya,-6.144884350266277e-06,3118,0.18644882275849137,300,154
3,Selvær,1,1014,4005,4005,8P14857,14,Lauvøya,-6.331812283551746e-06,3119,0.18644882275849137,300,146
3,Selvær,1,1014,2416,2416,8N27402,7,Onøy og Lurøy,-6.448288381411639e-06,3120,0.18644882275849137,300,151
3,Selvær,1,1014,2616,2616,8N28815,5,Hestmannøy,-6.5506378209028465e-06,3121,0.18644882275849137,300,139
3,Selvær,1,1014,2466,2466,8N27881,5,Hestmannøy,-6.653467997291091e-06,3122,0.18644882275849137,300,138
3,Selvær,1,1014,2297,2297,8N14939,4,Gjerøy,-6.7711687796039565e-06,3123,0.18644882275849137,300,143
3,Selvær,1,1014,4055,4055,8P14975,14,Lauvøya,-6.944505552898307e-06,3124,0.18644882275849137,300,146
3,Selvær,1,1014,1325,1325,8N05236,12,Vega,-7.0196052459255215e-06,3125,0.18644882275849137,300,138
3,Selvær,1,1014,1138,1138,8M72859,10,Aldra,-7.080024229412964e-06,3126,0.18644882275849137,300,127
3,Selvær,1,1014,1141,1141,8M72867,6,Indre Kvarøy,-7.167076698950115e-06,3127,0.18644882275849137,300,150
3,Selvær,1,1014,4728,4728,8800063,4,Gjerøy,-7.354921198865698e-06,3128,0.18644882275849137,300,153
3,Selvær,1,1014,1573,1573,8N05877,11,Leka,-7.375622893431039e-06,3129,0.18644882275849137,300,144
3,Selvær,1,1014,5404,5404,8981248,5,Hestmannøy,-7.583434680743653e-06,3130,0.18644882275849137,300,144
3,Selvær,1,1014,1773,1773,8N06868,11,Leka,-7.72876332142344e-06,3131,0.18644882275849137,300,143
3,Selvær,1,1014,2255,2255,8N14674,13,Vikna,-7.808052158135675e-06,3132,0.18644882275849137,300,146
3,Selvær,1,1014,2914,2914,8N72912,13,Vikna,-7.923819007443506e-06,3133,0.18644882275849137,300,150
3,Selvær,1,1014,5445,5445,8981607,10,Aldra,-8.156215264049512e-06,3134,0.18644882275849137,300,148
3,Selvær,1,1014,3508,3508,8N87560,11,Leka,-8.402910427267625e-06,3135,0.18644882275849137,300,147
3,Selvær,1,1014,4134,4134,8168606,10,Aldra,-8.625219885640116e-06,3136,0.18644882275849137,300,140
3,Selvær,1,1014,3875,3875,8P11794,2,Træna,-8.853993881216205e-06,3137,0.18644882275849137,300,142
3,Selvær,1,1014,5142,5142,8934805,6,Indre Kvarøy,-8.90495337203357e-06,3138,0.18644882275849137,300,138
3,Selvær,1,1014,5248,5248,8939595,0,Nesøy,-8.987645549619527e-06,3139,0.18644882275849137,300,138
3,Selvær,1,1014,2007,2007,8N13981,5,Hestmannøy,-9.0886643433491e-06,3140,0.18644882275849137,300,148
3,Selvær,1,1014,5109,5109,8934375,5,Hestmannøy,-9.142731481691021e-06,3141,0.18644882275849137,300,150
3,Selvær,1,1014,3699,3699,8N87915,13,Vikna,-9.16588859851339e-06,3142,0.18644882275849137,300,124
3,Selvær,1,1014,4317,4317,8681062,9,Sleneset,-9.605595447786024e-06,3143,0.18644882275849137,300,141
3,Selvær,1,1014,944,944,8M71367,12,Vega,-9.70849553550125e-06,3144,0.18644882275849137,300,141
3,Selvær,1,1014,5288,5288,8939915,11,Leka,-9.75825492455344e-06,3145,0.18644882275849137,300,135
3,Selvær,1,1014,4396,4396,8730418,5,Hestmannøy,-1.0078762181598353e-05,3146,0.18644882275849137,300,148
3,Selvær,1,1014,5044,5044,8917945,8,Lovund,-1.0090392691931881e-05,3147,0.18644882275849137,300,149
3,Selvær,1,1014,12,12,8L19722,6,Indre Kvarøy,-1.0122850320710608e-05,3148,0.18644882275849137,300,140
3,Selvær,1,1014,635,635,8L89731,4,Gjerøy,-1.0131150118127546e-05,3149,0.18644882275849137,300,142
3,Selvær,1,1014,4377,4377,8681414,5,Hestmannøy,-1.0192385424809237e-05,3150,0.18644882275849137,300,152
3,Selvær,1,1014,4357,4357,8681291,7,Onøy og Lurøy,-1.0292251326617718e-05,3151,0.18644882275849137,300,146
3,Selvær,1,1014,313,313,8L52353,11,Leka,-1.0929978270743121e-05,3152,0.18644882275849137,300,145
3,Selvær,1,1014,936,936,8M71352,12,Vega,-1.1104270813003628e-05,3153,0.18644882275849137,300,153
3,Selvær,1,1014,5069,5069,8934095,4,Gjerøy,-1.1111417039341079e-05,3154,0.18644882275849137,300,144
3,Selvær,1,1014,4683,4683,8747941,4,Gjerøy,-1.1308723224026318e-05,3155,0.18644882275849137,300,148
3,Selvær,1,1014,2885,2885,8N72716,4,Gjerøy,-1.1453363632947013e-05,3156,0.18644882275849137,300,155
3,Selvær,1,1014,3219,3219,8N73637,13,Vikna,-1.1477744210812385e-05,3157,0.18644882275849137,300,132
3,Selvær,1,1014,4891,4891,8857233,6,Indre Kvarøy,-1.1763139584372593e-05,3158,0.18644882275849137,300,147
3,Selvær,1,1014,1462,1462,8N05639,14,Lauvøya,-1.1811117348333822e-05,3159,0.18644882275849137,300,142
3,Selvær,1,1014,2148,2148,8N14565,11,Leka,-1.1875132076403771e-05,3160,0.18644882275849137,300,145
3,Selvær,1,1014,4319,4319,8681065,9,Sleneset,-1.188958189404409e-05,3161,0.18644882275849137,300,147
3,Selvær,1,1014,3944,3944,8P14454,6,Indre Kvarøy,-1.192038509705921e-05,3162,0.18644882275849137,300,146
3,Selvær,1,1014,1372,1372,8N05284,13,Vikna,-1.1965590774783961e-05,3163,0.18644882275849137,300,144
3,Selvær,1,1014,1684,1684,8N06672,14,Lauvøya,-1.2052429500978232e-05,3164,0.18644882275849137,300,155
3,Selvær,1,1014,4524,4524,8747038,8,Lovund,-1.209988225176097e-05,3165,0.18644882275849137,300,131
3,Selvær,1,1014,1110,1110,8M72679,5,Hestmannøy,-1.2336744050263118e-05,3166,0.18644882275849137,300,143
3,Selvær,1,1014,4584,4584,8747529,6,Indre Kvarøy,-1.2355992696299838e-05,3167,0.18644882275849137,300,150
3,Selvær,1,1014,601,601,8L89615,4,Gjerøy,-1.2426706250936403e-05,3168,0.18644882275849137,300,147
3,Selvær,1,1014,3913,3913,8P14137,7,Onøy og Lurøy,-1.243775037463981e-05,3169,0.18644882275849137,300,150
3,Selvær,1,1014,487,487,8L64858,2,Træna,-1.2492772919434125e-05,3170,0.18644882275849137,300,142
3,Selvær,1,1014,3473,3473,8N87525,11,Leka,-1.2600938857486029e-05,3171,0.18644882275849137,300,132
3,Selvær,1,1014,507,507,8L89030,8,Lovund,-1.2686510194617067e-05,3172,0.18644882275849137,300,132
3,Selvær,1,1014,4746,4746,8800160,9,Sleneset,-1.2692090907699613e-05,3173,0.18644882275849137,300,143
3,Selvær,1,1014,4570,4570,8747399,6,Indre Kvarøy,-1.3186513949066733e-05,3174,0.18644882275849137,300,145
3,Selvær,1,1014,4394,4394,8730413,4,Gjerøy,-1.31925415470435e-05,3175,0.18644882275849137,300,150
3,Selvær,1,1014,612,612,8L89646,6,Indre Kvarøy,-1.3361533006473447e-05,3176,0.18644882275849137,300,135
3,Selvær,1,1014,728,728,8M31476,5,Hestmannøy,-1.3453558724078344e-05,3177,0.18644882275849137,300,144
3,Selvær,1,1014,3489,3489,8N87541,11,Leka,-1.3598218075854847e-05,3178,0.18644882275849137,300,140
3,Selvær,1,1014,2946,2946,8N72945,13,Vikna,-1.3668798257621554e-05,3179,0.18644882275849137,300,143
3,Selvær,1,1014,3065,3065,8N73312,14,Lauvøya,-1.3840514622965467e-05,3180,0.18644882275849137,300,144
3,Selvær,1,1014,2790,2790,8N42996,5,Hestmannøy,-1.4018796276975872e-05,3181,0.18644882275849137,300,139
3,Selvær,1,1014,2901,2901,8N72825,14,Lauvøya,-1.4070691623034282e-05,3182,0.18644882275849137,300,141
3,Selvær,1,1014,3641,3641,8N87855,14,Lauvøya,-1.4086453486822296e-05,3183,0.18644882275849137,300,153
3,Selvær,1,1014,1270,1270,8N05180,13,Vikna,-1.4092624266689664e-05,3184,0.18644882275849137,300,149
3,Selvær,1,1014,559,559,8L89389,5,Hestmannøy,-1.4170319669846981e-05,3185,0.18644882275849137,300,146
3,Selvær,1,1014,3571,3571,8N87631,14,Lauvøya,-1.4184368370255933e-05,3186,0.18644882275849137,300,143
3,Selvær,1,1014,655,655,8L89847,5,Hestmannøy,-1.427830709323106e-05,3187,0.18644882275849137,300,139
3,Selvær,1,1014,1010,1010,8M71866,5,Hestmannøy,-1.4318830836913136e-05,3188,0.18644882275849137,300,143
3,Selvær,1,1014,2314,2314,8N14970,7,Onøy og Lurøy,-1.4438184993669515e-05,3189,0.18644882275849137,300,139
3,Selvær,1,1014,747,747,8M31547,5,Hestmannøy,-1.4451011577606337e-05,3190,0.18644882275849137,300,133
3,Selvær,1,1014,5358,5358,8943882,5,Hestmannøy,-1.454827775299837e-05,3191,0.18644882275849137,300,141
3,Selvær,1,1014,1247,1247,8N05158,12,Vega,-1.4670182796076885e-05,3192,0.18644882275849137,300,139
3,Selvær,1,1014,1992,1992,8N13948,4,Gjerøy,-1.4677392955058482e-05,3193,0.18644882275849137,300,147
3,Selvær,1,1014,699,699,8L89770,13,Vikna,-1.4711950447314687e-05,3194,0.18644882275849137,300,142
3,Selvær,1,1014,303,303,8L52338,12,Vega,-1.4847306477416232e-05,3195,0.18644882275849137,300,143
3,Selvær,1,1014,5253,5253,8939611,4,Gjerøy,-1.4958196625488747e-05,3196,0.18644882275849137,300,140
3,Selvær,1,1014,1116,1116,8M72699,14,Lauvøya,-1.5024936638349395e-05,3197,0.18644882275849137,300,142
3,Selvær,1,1014,2618,2618,8N28832,5,Hestmannøy,-1.5102389817854203e-05,3198,0.18644882275849137,300,140
3,Selvær,1,1014,483,483,8L64829,9,Sleneset,-1.516664851967361e-05,3199,0.18644882275849137,300,137
3,Selvær,1,1014,1059,1059,8M72539,11,Leka,-1.520221909529488e-05,3200,0.18644882275849137,300,147
3,Selvær,1,1014,1103,1103,8M72656,0,Nesøy,-1.5223404172692417e-05,3201,0.18644882275849137,300,131
3,Selvær,1,1014,4809,4809,8800497,4,Gjerøy,-1.5355170002942775e-05,3202,0.18644882275849137,300,135
3,Selvær,1,1014,3760,3760,8N87976,13,Vikna,-1.542736186548669e-05,3203,0.18644882275849137,300,147
3,Selvær,1,1014,288,288,8L52303,5,Hestmannøy,-1.546131660835949e-05,3204,0.18644882275849137,300,146
3,Selvær,1,1014,3725,3725,8N87941,13,Vikna,-1.553933975405961e-05,3205,0.18644882275849137,300,133
3,Selvær,1,1014,4238,4238,8598907,6,Indre Kvarøy,-1.5618149868753477e-05,3206,0.18644882275849137,300,146
3,Selvær,1,1014,1221,1221,8N05131,12,Vega,-1.5659177554340758e-05,3207,0.18644882275849137,300,146
3,Selvær,1,1014,1948,1948,8N13686,13,Vikna,-1.5661794797692085e-05,3208,0.18644882275849137,300,145
3,Selvær,1,1014,310,310,8L52349,11,Leka,-1.59746952336249e-05,3209,0.18644882275849137,300,149
3,Selvær,1,1014,2351,2351,8N27085,14,Lauvøya,-1.6059511991259352e-05,3210,0.18644882275849137,300,143
3,Selvær,1,1014,716,716,8M31370,5,Hestmannøy,-1.6199724230690205e-05,3211,0.18644882275849137,300,141
3,Selvær,1,1014,1316,1316,8N05227,12,Vega,-1.633588466635673e-05,3212,0.18644882275849137,300,149
3,Selvær,1,1014,3424,3424,8N87168,4,Gjerøy,-1.6357027586962062e-05,3213,0.18644882275849137,300,139
3,Selvær,1,1014,300,300,8L52330,12,Vega,-1.64114570868695e-05,3214,0.18644882275849137,300,146
3,Selvær,1,1014,4075,4075,8P14995,14,Lauvøya,-1.6417154410848385e-05,3215,0.18644882275849137,300,140
3,Selvær,1,1014,3301,3301,8N73904,11,Leka,-1.6684789457973455e-05,3216,0.18644882275849137,300,153
3,Selvær,1,1014,1043,1043,8M72419,13,Vikna,-1.6704301032424135e-05,3217,0.18644882275849137,300,126
3,Selvær,1,1014,4825,4825,8800592,5,Hestmannøy,-1.6734429226145975e-05,3218,0.18644882275849137,300,144
3,Selvær,1,1014,4254,4254,8651730,0,Nesøy,-1.678129382704401e-05,3219,0.18644882275849137,300,141
3,Selvær,1,1014,3656,3656,8N87870,13,Vikna,-1.6947619726488184e-05,3220,0.18644882275849137,300,143
3,Selvær,1,1014,3929,3929,8P14311,14,Lauvøya,-1.695528354853255e-05,3221,0.18644882275849137,300,138
3,Selvær,1,1014,2057,2057,8N14176,6,Indre Kvarøy,-1.695802103387538e-05,3222,0.18644882275849137,300,142
3,Selvær,1,1014,2246,2246,8N14665,13,Vikna,-1.6981808171782577e-05,3223,0.18644882275849137,300,141
3,Selvær,1,1014,1360,1360,8N05272,13,Vikna,-1.7039700046111178e-05,3224,0.18644882275849137,300,138
3,Selvær,1,1014,1528,1528,8N05711,5,Hestmannøy,-1.7065145751977473e-05,3225,0.18644882275849137,300,130
3,Selvær,1,1014,2242,2242,8N14661,13,Vikna,-1.7164296496789716e-05,3226,0.18644882275849137,300,145
3,Selvær,1,1014,2443,2443,8N27624,14,Lauvøya,-1.725544317723286e-05,3227,0.18644882275849137,300,147
3,Selvær,1,1014,247,247,8L48756,11,Leka,-1.7479993900292745e-05,3228,0.18644882275849137,300,140
3,Selvær,1,1014,4135,4135,8168613,5,Hestmannøy,-1.7487056287837398e-05,3229,0.18644882275849137,300,160
3,Selvær,1,1014,1592,1592,8N05905,0,Nesøy,-1.7567859169098767e-05,3230,0.18644882275849137,300,151
3,Selvær,1,1014,5082,5082,8934272,7,Onøy og Lurøy,-1.763354790403786e-05,3231,0.18644882275849137,300,148
3,Selvær,1,1014,3476,3476,8N87528,11,Leka,-1.7797081679301766e-05,3232,0.18644882275849137,300,158
3,Selvær,1,1014,639,639,8L89742,5,Hestmannøy,-1.7895554832182308e-05,3233,0.18644882275849137,300,146
3,Selvær,1,1014,745,745,8M31544,6,Indre Kvarøy,-1.7963856448038585e-05,3234,0.18644882275849137,300,143
3,Selvær,1,1014,2915,2915,8N72913,13,Vikna,-1.840486573053378e-05,3235,0.18644882275849137,300,150
3,Selvær,1,1014,1409,1409,8N05447,6,Indre Kvarøy,-1.8775700759595444e-05,3236,0.18644882275849137,300,146
3,Selvær,1,1014,3584,3584,8N87756,4,Gjerøy,-1.884597828875796e-05,3237,0.18644882275849137,300,145
3,Selvær,1,1014,3964,3964,8P14641,9,Sleneset,-1.9122661145062303e-05,3238,0.18644882275849137,300,146
3,Selvær,1,1014,4630,4630,8747720,5,Hestmannøy,-1.918006891678974e-05,3239,0.18644882275849137,300,145
3,Selvær,1,1014,2657,2657,8N42154,9,Sleneset,-1.9392357098813454e-05,3240,0.18644882275849137,300,149
3,Selvær,1,1014,2232,2232,8N14651,13,Vikna,-1.945915703189945e-05,3241,0.18644882275849137,300,144
3,Selvær,1,1014,2892,2892,8N72737,4,Gjerøy,-1.946393467428381e-05,3242,0.18644882275849137,300,140
3,Selvær,1,1014,2878,2878,8N72694,11,Leka,-1.957815667845423e-05,3243,0.18644882275849137,300,145
3,Selvær,1,1014,4121,4121,8P26749,7,Onøy og Lurøy,-1.9578601020278347e-05,3244,0.18644882275849137,300,147
3,Selvær,1,1014,1832,1832,8N13135,14,Lauvøya,-1.9602290848690953e-05,3245,0.18644882275849137,300,140
3,Selvær,1,1014,4329,4329,8681077,5,Hestmannøy,-1.9699193713806015e-05,3246,0.18644882275849137,300,133
3,Selvær,1,1014,3114,3114,8N73461,11,Leka,-1.9705206044582138e-05,3247,0.18644882275849137,300,135
3,Selvær,1,1014,4364,4364,8681335,7,Onøy og Lurøy,-1.9784658916319933e-05,3248,0.18644882275849137,300,152
3,Selvær,1,1014,2993,2993,8N73186,14,Lauvøya,-1.99273062514791e-05,3249,0.18644882275849137,300,149
3,Selvær,1,1014,4058,4058,8P14979,14,Lauvøya,-2.007301624851751e-05,3250,0.18644882275849137,300,150
3,Selvær,1,1014,4013,4013,8P14865,14,Lauvøya,-2.008225615270804e-05,3251,0.18644882275849137,300,150
3,Selvær,1,1014,4734,4734,8800090,6,Indre Kvarøy,-2.022399123729208e-05,3252,0.18644882275849137,300,139
3,Selvær,1,1014,4361,4361,8681317,5,Hestmannøy,-2.029818736855899e-05,3253,0.18644882275849137,300,126
3,Selvær,1,1014,2438,2438,8N27558,5,Hestmannøy,-2.031979952267214e-05,3254,0.18644882275849137,300,133
3,Selvær,1,1014,332,332,8L52388,11,Leka,-2.036344997023984e-05,3255,0.18644882275849137,300,132
3,Selvær,1,1014,2352,2352,8N27086,14,Lauvøya,-2.044114804803859e-05,3256,0.18644882275849137,300,145
3,Selvær,1,1014,2649,2649,8N42093,2,Træna,-2.0559251043711685e-05,3257,0.18644882275849137,300,146
3,Selvær,1,1014,1321,1321,8N05232,12,Vega,-2.066295787948014e-05,3258,0.18644882275849137,300,135
3,Selvær,1,1014,2337,2337,8N27071,14,Lauvøya,-2.066568089749966e-05,3259,0.18644882275849137,300,145
3,Selvær,1,1014,3149,3149,8N73497,12,Vega,-2.0779020702223544e-05,3260,0.18644882275849137,300,144
3,Selvær,1,1014,1677,1677,8N06559,4,Gjerøy,-2.1169634078629402e-05,3261,0.18644882275849137,300,145
3,Selvær,1,1014,5241,5241,8939551,1,Myken,-2.1188632606274972e-05,3262,0.18644882275849137,300,131
3,Selvær,1,1014,260,260,8L48789,11,Leka,-2.1250026694643923e-05,3263,0.18644882275849137,300,126
3,Selvær,1,1014,291,291,8L52310,5,Hestmannøy,-2.137771385026014e-05,3264,0.18644882275849137,300,142
3,Selvær,1,1014,2050,2050,8N14152,6,Indre Kvarøy,-2.1389544867108996e-05,3265,0.18644882275849137,300,146
3,Selvær,1,1014,5122,5122,8934451,1,Myken,-2.1420438366504038e-05,3266,0.18644882275849137,300,141
3,Selvær,1,1014,3561,3561,8N87620,14,Lauvøya,-2.151364621104134e-05,3267,0.18644882275849137,300,147
3,Selvær,1,1014,2321,2321,8N14977,7,Onøy og Lurøy,-2.154416421139281e-05,3268,0.18644882275849137,300,137
3,Selvær,1,1014,2998,2998,8N73191,14,Lauvøya,-2.157565806154904e-05,3269,0.18644882275849137,300,145
3,Selvær,1,1014,1088,1088,8M72611,6,Indre Kvarøy,-2.16109868568951e-05,3270,0.18644882275849137,300,142
3,Selvær,1,1014,2926,2926,8N72924,13,Vikna,-2.162484670264815e-05,3271,0.18644882275849137,300,147
3,Selvær,1,1014,3184,3184,8N73602,14,Lauvøya,-2.1636670397163287e-05,3272,0.18644882275849137,300,136
3,Selvær,1,1014,2858,2858,8N72674,11,Leka,-2.170011764723931e-05,3273,0.18644882275849137,300,143
3,Selvær,1,1014,3488,3488,8N87540,11,Leka,-2.194895077187632e-05,3274,0.18644882275849137,300,155
3,Selvær,1,1014,774,774,8M31717,6,Indre Kvarøy,-2.204527446734203e-05,3275,0.18644882275849137,300,149
3,Selvær,1,1014,2841,2841,8N72577,4,Gjerøy,-2.2112535881588383e-05,3276,0.18644882275849137,300,137
3,Selvær,1,1014,3119,3119,8N73466,11,Leka,-2.2120033838827392e-05,3277,0.18644882275849137,300,144
3,Selvær,1,1014,761,761,8M31625,4,Gjerøy,-2.2124588390718865e-05,3278,0.18644882275849137,300,145
3,Selvær,1,1014,1125,1125,8M72749,1,Myken,-2.2175470772653157e-05,3279,0.18644882275849137,300,152
3,Selvær,1,1014,3843,3843,8P11566,14,Lauvøya,-2.2304379376554076e-05,3280,0.18644882275849137,300,148
3,Selvær,1,1014,4621,4621,8747693,0,Nesøy,-2.233608724984422e-05,3281,0.18644882275849137,300,139
3,Selvær,1,1014,4908,4908,8857285,10,Aldra,-2.2343862681572312e-05,3282,0.18644882275849137,300,144
3,Selvær,1,1014,1501,1501,8N05678,14,Lauvøya,-2.2438035355117266e-05,3283,0.18644882275849137,300,147
3,Selvær,1,1014,5160,5160,8939029,7,Onøy og Lurøy,-2.252805371135885e-05,3284,0.18644882275849137,300,146
3,Selvær,1,1014,4635,4635,8747729,5,Hestmannøy,-2.254039293858699e-05,3285,0.18644882275849137,300,141
3,Selvær,1,1014,4799,4799,8800468,5,Hestmannøy,-2.2575846874611284e-05,3286,0.18644882275849137,300,137
3,Selvær,1,1014,4359,4359,8681308,4,Gjerøy,-2.2612251628845157e-05,3287,0.18644882275849137,300,141
3,Selvær,1,1014,1660,1660,8N06491,12,Vega,-2.264057474519313e-05,3288,0.18644882275849137,300,154
3,Selvær,1,1014,1625,1625,8N06398,10,Aldra,-2.273324922986295e-05,3289,0.18644882275849137,300,148
3,Selvær,1,1014,372,372,8L52623,1,Myken,-2.2734128137245907e-05,3290,0.18644882275849137,300,136
3,Selvær,1,1014,4428,4428,8730543,8,Lovund,-2.275148326943045e-05,3291,0.18644882275849137,300,141
3,Selvær,1,1014,2417,2417,8N27404,7,Onøy og Lurøy,-2.282218301720007e-05,3292,0.18644882275849137,300,134
3,Selvær,1,1014,570,570,8L89441,4,Gjerøy,-2.2917505635469676e-05,3293,0.18644882275849137,300,138
3,Selvær,1,1014,65,65,8L26581,6,Indre Kvarøy,-2.293832022219835e-05,3294,0.18644882275849137,300,146
3,Selvær,1,1014,4362,4362,8681324,7,Onøy og Lurøy,-2.302234235349906e-05,3295,0.18644882275849137,300,137
3,Selvær,1,1014,4466,4466,8732511,2,Træna,-2.3054283216657964e-05,3296,0.18644882275849137,300,143
3,Selvær,1,1014,3188,3188,8N73606,14,Lauvøya,-2.3150075600773915e-05,3297,0.18644882275849137,300,140
3,Selvær,1,1014,874,874,8L64572,12,Vega,-2.3547883198137922e-05,3298,0.18644882275849137,300,139
3,Selvær,1,1014,3597,3597,8N87809,14,Lauvøya,-2.354918038461904e-05,3299,0.18644882275849137,300,142
3,Selvær,1,1014,2637,2637,8N28925,9,Sleneset,-2.3610361147726354e-05,3300,0.18644882275849137,300,151
3,Selvær,1,1014,3350,3350,8N73953,12,Vega,-2.3666294425304358e-05,3301,0.18644882275849137,300,134
3,Selvær,1,1014,2193,2193,8N14610,13,Vikna,-2.3706137347708385e-05,3302,0.18644882275849137,300,137
3,Selvær,1,1014,98,98,8L30444,4,Gjerøy,-2.383624708310393e-05,3303,0.18644882275849137,300,139
3,Selvær,1,1014,4247,4247,8651658,6,Indre Kvarøy,-2.384216358812205e-05,3304,0.18644882275849137,300,129
3,Selvær,1,1014,3202,3202,8N73620,13,Vikna,-2.3918779436790454e-05,3305,0.18644882275849137,300,143
3,Selvær,1,1014,788,788,8M31784,11,Leka,-2.392701069886538e-05,3306,0.18644882275849137,300,147
3,Selvær,1,1014,3987,3987,8P14834,5,Hestmannøy,-2.3954865015633078e-05,3307,0.18644882275849137,300,141
3,Selvær,1,1014,3387,3387,8N73990,12,Vega,-2.4050584642019288e-05,3308,0.18644882275849137,300,137
3,Selvær,1,1014,5485,5485,8981856,5,Hestmannøy,-2.409321149882948e-05,3309,0.18644882275849137,300,144
3,Selvær,1,1014,3414,3414,8N87072,5,Hestmannøy,-2.4360633378241504e-05,3310,0.18644882275849137,300,145
3,Selvær,1,1014,3047,3047,8N73246,14,Lauvøya,-2.4423773702517008e-05,3311,0.18644882275849137,300,149
3,Selvær,1,1014,3688,3688,8N87903,13,Vikna,-2.4425094926016796e-05,3312,0.18644882275849137,300,142
3,Selvær,1,1014,3446,3446,8N87338,4,Gjerøy,-2.4472981454884413e-05,3313,0.18644882275849137,300,147
3,Selvær,1,1014,3747,3747,8N87963,13,Vikna,-2.4898527135320794e-05,3314,0.18644882275849137,300,144
3,Selvær,1,1014,5444,5444,8981606,10,Aldra,-2.4921527101912594e-05,3315,0.18644882275849137,300,153
3,Selvær,1,1014,4177,4177,8309190,4,Gjerøy,-2.49685245093266e-05,3316,0.18644882275849137,300,137
3,Selvær,1,1014,266,266,8L49957,4,Gjerøy,-2.5066097958427228e-05,3317,0.18644882275849137,300,133
3,Selvær,1,1014,4310,4310,8681053,4,Gjerøy,-2.5078704862641137e-05,3318,0.18644882275849137,300,134
3,Selvær,1,1014,3325,3325,8N73928,11,Leka,-2.5079990989508754e-05,3319,0.18644882275849137,300,144
3,Selvær,1,1014,1897,1897,8N13632,14,Lauvøya,-2.5089791495037927e-05,3320,0.18644882275849137,300,146
3,Selvær,1,1014,5134,5134,8934531,1,Myken,-2.537741888405811e-05,3321,0.18644882275849137,300,135
3,Selvær,1,1014,3282,3282,8N73722,14,Lauvøya,-2.54230792643281e-05,3322,0.18644882275849137,300,144
3,Selvær,1,1014,5300,5300,8943053,9,Sleneset,-2.5665292146989833e-05,3323,0.18644882275849137,300,129
3,Selvær,1,1014,1699,1699,8N06687,14,Lauvøya,-2.5666858547806217e-05,3324,0.18644882275849137,300,155
3,Selvær,1,1014,5242,5242,8939561,0,Nesøy,-2.5723628163931953e-05,3325,0.18644882275849137,300,148
3,Selvær,1,1014,3863,3863,8P11646,8,Lovund,-2.595964782141734e-05,3326,0.18644882275849137,300,145
3,Selvær,1,1014,1772,1772,8N06867,11,Leka,-2.5973687209099986e-05,3327,0.18644882275849137,300,151
3,Selvær,1,1014,1027,1027,8M72179,2,Træna,-2.6063906151694964e-05,3328,0.18644882275849137,300,138
3,Selvær,1,1014,4265,4265,8651869,5,Hestmannøy,-2.6196307054247152e-05,3329,0.18644882275849137,300,151
3,Selvær,1,1014,2299,2299,8N14952,6,Indre Kvarøy,-2.6382458323273897e-05,3330,0.18644882275849137,300,140
3,Selvær,1,1014,2516,2516,8N28190,6,Indre Kvarøy,-2.6712564671684415e-05,3331,0.18644882275849137,300,139
3,Selvær,1,1014,4447,4447,8732239,7,Onøy og Lurøy,-2.6761100256601432e-05,3332,0.18644882275849137,300,146
3,Selvær,1,1014,1673,1673,8N06527,5,Hestmannøy,-2.684086722392244e-05,3333,0.18644882275849137,300,139
3,Selvær,1,1014,3375,3375,8N73978,12,Vega,-2.697372566280808e-05,3334,0.18644882275849137,300,157
3,Selvær,1,1014,3502,3502,8N87554,11,Leka,-2.6983045392230108e-05,3335,0.18644882275849137,300,135
3,Selvær,1,1014,4781,4781,8800376,4,Gjerøy,-2.706056639757318e-05,3336,0.18644882275849137,300,157
3,Selvær,1,1014,4047,4047,8P14966,14,Lauvøya,-2.7089001844714452e-05,3337,0.18644882275849137,300,146
3,Selvær,1,1014,490,490,8L64872,11,Leka,-2.7109421799862254e-05,3338,0.18644882275849137,300,142
3,Selvær,1,1014,638,638,8L89741,5,Hestmannøy,-2.712070181063041e-05,3339,0.18644882275849137,300,147
3,Selvær,1,1014,4164,4164,8309135,5,Hestmannøy,-2.7122842468907074e-05,3340,0.18644882275849137,300,138
3,Selvær,1,1014,5416,5416,8981277,5,Hestmannøy,-2.7160798469102083e-05,3341,0.18644882275849137,300,145
3,Selvær,1,1014,3307,3307,8N73910,11,Leka,-2.7261341141492536e-05,3342,0.18644882275849137,300,139
3,Selvær,1,1014,3011,3011,8N73210,12,Vega,-2.7348504386503602e-05,3343,0.18644882275849137,300,145
3,Selvær,1,1014,3117,3117,8N73464,11,Leka,-2.749492207439072e-05,3344,0.18644882275849137,300,150
3,Selvær,1,1014,5145,5145,8934854,4,Gjerøy,-2.760319795211709e-05,3345,0.18644882275849137,300,145
3,Selvær,1,1014,3630,3630,8N87843,14,Lauvøya,-2.7629539575640867e-05,3346,0.18644882275849137,300,145
3,Selvær,1,1014,941,941,8M71361,12,Vega,-2.76521370772372e-05,3347,0.18644882275849137,300,149
3,Selvær,1,1014,3642,3642,8N87856,14,Lauvøya,-2.7765324593768855e-05,3348,0.18644882275849137,300,149
3,Selvær,1,1014,4014,4014,8P14866,14,Lauvøya,-2.8192790386611558e-05,3349,0.18644882275849137,300,138
3,Selvær,1,1014,1317,1317,8N05228,12,Vega,-2.8293772730472293e-05,3350,0.18644882275849137,300,137
3,Selvær,1,1014,3485,3485,8N87537,11,Leka,-2.880396221297468e-05,3351,0.18644882275849137,300,150
3,Selvær,1,1014,4105,4105,8P26622,2,Træna,-2.8814472000811553e-05,3352,0.18644882275849137,300,135
3,Selvær,1,1014,1543,1543,8N05798,10,Aldra,-2.883937816546125e-05,3353,0.18644882275849137,300,143
3,Selvær,1,1014,3822,3822,8P11545,14,Lauvøya,-2.8910162522175764e-05,3354,0.18644882275849137,300,143
3,Selvær,1,1014,3781,3781,8P11257,9,Sleneset,-2.8926457868346418e-05,3355,0.18644882275849137,300,136
3,Selvær,1,1014,90,90,8L30340,6,Indre Kvarøy,-2.9033530775229173e-05,3356,0.18644882275849137,300,142
3,Selvær,1,1014,5243,5243,8939562,0,Nesøy,-2.9149787388032337e-05,3357,0.18644882275849137,300,152
3,Selvær,1,1014,4736,4736,8800094,6,Indre Kvarøy,-2.9231285833395427e-05,3358,0.18644882275849137,300,143
3,Selvær,1,1014,20,20,8L19856,4,Gjerøy,-2.9407188077693036e-05,3359,0.18644882275849137,300,145
3,Selvær,1,1014,1616,1616,8N06340,0,Nesøy,-2.949658406355245e-05,3360,0.18644882275849137,300,146
3,Selvær,1,1014,4006,4006,8P14858,14,Lauvøya,-2.9552484503102163e-05,3361,0.18644882275849137,300,153
3,Selvær,1,1014,503,503,8L64970,5,Hestmannøy,-2.9609708900403786e-05,3362,0.18644882275849137,300,167
3,Selvær,1,1014,1585,1585,8N05893,11,Leka,-2.9798202510403857e-05,3363,0.18644882275849137,300,131
3,Selvær,1,1014,1226,1226,8N05136,12,Vega,-2.9885830914143188e-05,3364,0.18644882275849137,300,137
3,Selvær,1,1014,376,376,8L52688,9,Sleneset,-3.0212115074660675e-05,3365,0.18644882275849137,300,139
3,Selvær,1,1014,3229,3229,8N73647,13,Vikna,-3.0217523794138026e-05,3366,0.18644882275849137,300,149
3,Selvær,1,1014,184,184,8L48334,6,Indre Kvarøy,-3.0245225481724606e-05,3367,0.18644882275849137,300,144
3,Selvær,1,1014,2765,2765,8N42794,4,Gjerøy,-3.0736735786342815e-05,3368,0.18644882275849137,300,143
3,Selvær,1,1014,2664,2664,8N42256,5,Hestmannøy,-3.08385512457013e-05,3369,0.18644882275849137,300,147
3,Selvær,1,1014,2959,2959,8N72959,13,Vikna,-3.089799799911005e-05,3370,0.18644882275849137,300,140
3,Selvær,1,1014,1264,1264,8N05174,12,Vega,-3.114678058152642e-05,3371,0.18644882275849137,300,152
3,Selvær,1,1014,4086,4086,8P26403,5,Hestmannøy,-3.115891803800314e-05,3372,0.18644882275849137,300,155
3,Selvær,1,1014,1250,1250,8N05161,12,Vega,-3.1205491140850446e-05,3373,0.18644882275849137,300,134
3,Selvær,1,1014,2036,2036,8N14057,6,Indre Kvarøy,-3.1513605127996676e-05,3374,0.18644882275849137,300,155
3,Selvær,1,1014,5125,5125,8934460,4,Gjerøy,-3.168803014001748e-05,3375,0.18644882275849137,300,147
3,Selvær,1,1014,2759,2759,8N42752,1,Myken,-3.170354474621134e-05,3376,0.18644882275849137,300,128
3,Selvær,1,1014,1438,1438,8N05608,14,Lauvøya,-3.1732814452075315e-05,3377,0.18644882275849137,300,143
3,Selvær,1,1014,5270,5270,8939759,9,Sleneset,-3.17657238627698e-05,3378,0.18644882275849137,300,141
3,Selvær,1,1014,3359,3359,8N73962,12,Vega,-3.194664874848615e-05,3379,0.18644882275849137,300,146
3,Selvær,1,1014,2812,2812,8N72351,4,Gjerøy,-3.2146702538300857e-05,3380,0.18644882275849137,300,160
3,Selvær,1,1014,5124,5124,8934459,4,Gjerøy,-3.236952530081116e-05,3381,0.18644882275849137,300,135
3,Selvær,1,1014,1464,1464,8N05641,14,Lauvøya,-3.2410644257596493e-05,3382,0.18644882275849137,300,155
3,Selvær,1,1014,5310,5310,8943109,10,Aldra,-3.24221050914241e-05,3383,0.18644882275849137,300,147
3,Selvær,1,1014,2851,2851,8N72663,5,Hestmannøy,-3.255911110185989e-05,3384,0.18644882275849137,300,154
3,Selvær,1,1014,124,124,8L30697,12,Vega,-3.258790097414571e-05,3385,0.18644882275849137,300,146
3,Selvær,1,1014,5161,5161,8939031,7,Onøy og Lurøy,-3.286130087040067e-05,3386,0.18644882275849137,300,138
3,Selvær,1,1014,4932,4932,8866754,5,Hestmannøy,-3.287844379729283e-05,3387,0.18644882275849137,300,151
3,Selvær,1,1014,3716,3716,8N87932,13,Vikna,-3.294248419334741e-05,3388,0.18644882275849137,300,156
3,Selvær,1,1014,1921,1921,8N13658,13,Vikna,-3.296180950285132e-05,3389,0.18644882275849137,300,152
3,Selvær,1,1014,794,794,8M31804,12,Vega,-3.3050974610856704e-05,3390,0.18644882275849137,300,137
3,Selvær,1,1014,4441,4441,8732223,7,Onøy og Lurøy,-3.305260203208674e-05,3391,0.18644882275849137,300,150
3,Selvær,1,1014,471,471,8L64513,12,Vega,-3.311869333975586e-05,3392,0.18644882275849137,300,143
3,Selvær,1,1014,1586,1586,8N05894,11,Leka,-3.3190718717724304e-05,3393,0.18644882275849137,300,144
3,Selvær,1,1014,3257,3257,8N73675,13,Vikna,-3.324898847923683e-05,3394,0.18644882275849137,300,151
3,Selvær,1,1014,5315,5315,8943135,0,Nesøy,-3.332488737828269e-05,3395,0.18644882275849137,300,141
3,Selvær,1,1014,2213,2213,8N14630,13,Vikna,-3.332832700125677e-05,3396,0.18644882275849137,300,146
3,Selvær,1,1014,3147,3147,8N73495,12,Vega,-3.33470968892981e-05,3397,0.18644882275849137,300,146
3,Selvær,1,1014,4346,4346,8681218,9,Sleneset,-3.338498117715834e-05,3398,0.18644882275849137,300,144
3,Selvær,1,1014,1678,1678,8N06560,4,Gjerøy,-3.3476162246593625e-05,3399,0.18644882275849137,300,144
3,Selvær,1,1014,1104,1104,8M72659,0,Nesøy,-3.3602406746141604e-05,3400,0.18644882275849137,300,146
3,Selvær,1,1014,2665,2665,8N42259,5,Hestmannøy,-3.4260443329408246e-05,3401,0.18644882275849137,300,141
3,Selvær,1,1014,1827,1827,8N13113,14,Lauvøya,-3.443002135472276e-05,3402,0.18644882275849137,300,146
3,Selvær,1,1014,2555,2555,8N28528,9,Sleneset,-3.4570629778165025e-05,3403,0.18644882275849137,300,124
3,Selvær,1,1014,5475,5475,8981807,5,Hestmannøy,-3.462746918023361e-05,3404,0.18644882275849137,300,145
3,Selvær,1,1014,954,954,8M71398,12,Vega,-3.466491532423898e-05,3405,0.18644882275849137,300,150
3,Selvær,1,1014,939,939,8L64184,11,Leka,-3.478711263606168e-05,3406,0.18644882275849137,300,144
3,Selvær,1,1014,2661,2661,8N42210,2,Træna,-3.4810905001264406e-05,3407,0.18644882275849137,300,138
3,Selvær,1,1014,5318,5318,8943143,0,Nesøy,-3.481782652385945e-05,3408,0.18644882275849137,300,132
3,Selvær,1,1014,3973,3973,8P14741,8,Lovund,-3.4988084726782235e-05,3409,0.18644882275849137,300,142
3,Selvær,1,1014,3358,3358,8N73961,12,Vega,-3.5095282859213945e-05,3410,0.18644882275849137,300,148
3,Selvær,1,1014,1062,1062,8M72545,11,Leka,-3.516799874984752e-05,3411,0.18644882275849137,300,131
3,Selvær,1,1014,1130,1130,8M72792,6,Indre Kvarøy,-3.5315446036106057e-05,3412,0.18644882275849137,300,136
3,Selvær,1,1014,1150,1150,8M72892,0,Nesøy,-3.5332826455065245e-05,3413,0.18644882275849137,300,133
3,Selvær,1,1014,5197,5197,8939199,5,Hestmannøy,-3.5360133217941764e-05,3414,0.18644882275849137,300,152
3,Selvær,1,1014,64,64,8L26579,5,Hestmannøy,-3.5394432996055244e-05,3415,0.18644882275849137,300,149
3,Selvær,1,1014,363,363,8L52588,7,Onøy og Lurøy,-3.544093618929159e-05,3416,0.18644882275849137,300,153
3,Selvær,1,1014,1884,1884,8N13619,14,Lauvøya,-3.5500202471661726e-05,3417,0.18644882275849137,300,137
3,Selvær,1,1014,1559,1559,8N05860,11,Leka,-3.557281437667297e-05,3418,0.18644882275849137,300,135
3,Selvær,1,1014,5195,5195,8939196,5,Hestmannøy,-3.5644921119244545e-05,3419,0.18644882275849137,300,145
3,Selvær,1,1014,1098,1098,8M72646,4,Gjerøy,-3.57651602292211e-05,3420,0.18644882275849137,300,144
3,Selvær,1,1014,3243,3243,8N73661,13,Vikna,-3.587464605707112e-05,3421,0.18644882275849137,300,142
3,Selvær,1,1014,317,317,8L52360,11,Leka,-3.5894057243101785e-05,3422,0.18644882275849137,300,134
3,Selvær,1,1014,5350,5350,8943802,10,Aldra,-3.6020062547722865e-05,3423,0.18644882275849137,300,155
3,Selvær,1,1014,5085,5085,8934276,7,Onøy og Lurøy,-3.606628826706699e-05,3424,0.18644882275849137,300,142
3,Selvær,1,1014,2934,2934,8N72933,13,Vikna,-3.6161455669651366e-05,3425,0.18644882275849137,300,146
3,Selvær,1,1014,1601,1601,8N06011,2,Træna,-3.624292466517667e-05,3426,0.18644882275849137,300,141
3,Selvær,1,1014,2645,2645,8N42062,5,Hestmannøy,-3.6543702550768435e-05,3427,0.18644882275849137,300,133
3,Selvær,1,1014,1882,1882,8N13610,14,Lauvøya,-3.656333054240757e-05,3428,0.18644882275849137,300,141
3,Selvær,1,1014,4854,4854,8816901,10,Aldra,-3.657543946337096e-05,3429,0.18644882275849137,300,136
3,Selvær,1,1014,3053,3053,8N73299,2,Træna,-3.679502586725342e-05,3430,0.18644882275849137,300,143
3,Selvær,1,1014,2397,2397,8N27308,5,Hestmannøy,-3.698507459868066e-05,3431,0.18644882275849137,300,144
3,Selvær,1,1014,3949,3949,8P14561,8,Lovund,-3.703025225921743e-05,3432,0.18644882275849137,300,133
3,Selvær,1,1014,2712,2712,8N42532,4,Gjerøy,-3.705273266865452e-05,3433,0.18644882275849137,300,147
3,Selvær,1,1014,1555,1555,8N05856,11,Leka,-3.712666159471806e-05,3434,0.18644882275849137,300,147
3,Selvær,1,1014,240,240,8L48744,11,Leka,-3.732421155357205e-05,3435,0.18644882275849137,300,144
3,Selvær,1,1014,1245,1245,8N05156,12,Vega,-3.7405772150868566e-05,3436,0.18644882275849137,300,141
3,Selvær,1,1014,1788,1788,8N06883,11,Leka,-3.765793022081215e-05,3437,0.18644882275849137,300,148
3,Selvær,1,1014,5356,5356,8943837,6,Indre Kvarøy,-3.7703181560306775e-05,3438,0.18644882275849137,300,149
3,Selvær,1,1014,2800,2800,8N72132,9,Sleneset,-3.7755475822304985e-05,3439,0.18644882275849137,300,144
3,Selvær,1,1014,2890,2890,8N72734,6,Indre Kvarøy,-3.7761128298970846e-05,3440,0.18644882275849137,300,143
3,Selvær,1,1014,4833,4833,8800643,12,Vega,-3.7802931485172146e-05,3441,0.18644882275849137,300,132
3,Selvær,1,1014,2477,2477,8N27908,4,Gjerøy,-3.7871511851817045e-05,3442,0.18644882275849137,300,150
3,Selvær,1,1014,355,355,8L52533,5,Hestmannøy,-3.7942968649324254e-05,3443,0.18644882275849137,300,134
3,Selvær,1,1014,4719,4719,8800035,5,Hestmannøy,-3.8098100054210455e-05,3444,0.18644882275849137,300,132
3,Selvær,1,1014,2138,2138,8N14554,11,Leka,-3.8452222955485255e-05,3445,0.18644882275849137,300,143
3,Selvær,1,1014,4511,4511,8732680,4,Gjerøy,-3.89287781126722e-05,3446,0.18644882275849137,300,126
3,Selvær,1,1014,1356,1356,8N05268,13,Vikna,-3.8932274404299765e-05,3447,0.18644882275849137,300,147
3,Selvær,1,1014,1787,1787,8N06882,14,Lauvøya,-3.9106791823496705e-05,3448,0.18644882275849137,300,136
3,Selvær,1,1014,4181,4181,8309218,13,Vikna,-3.914096049994457e-05,3449,0.18644882275849137,300,137
3,Selvær,1,1014,4761,4761,8800303,5,Hestmannøy,-3.914688001572057e-05,3450,0.18644882275849137,300,147
3,Selvær,1,1014,3072,3072,8N73358,14,Lauvøya,-3.942017974829497e-05,3451,0.18644882275849137,300,144
3,Selvær,1,1014,3971,3971,8P14724,5,Hestmannøy,-3.9567491233096785e-05,3452,0.18644882275849137,300,138
3,Selvær,1,1014,3248,3248,8N73666,13,Vikna,-3.9742760692605924e-05,3453,0.18644882275849137,300,139
3,Selvær,1,1014,2913,2913,8N72911,13,Vikna,-4.000743901080816e-05,3454,0.18644882275849137,300,138
3,Selvær,1,1014,4535,4535,8747120,8,Lovund,-4.001277082853098e-05,3455,0.18644882275849137,300,143
3,Selvær,1,1014,1394,1394,8N05307,13,Vikna,-4.0021993931030614e-05,3456,0.18644882275849137,300,137
3,Selvær,1,1014,1581,1581,8N05887,11,Leka,-4.0040349371648293e-05,3457,0.18644882275849137,300,148
3,Selvær,1,1014,636,636,8L89734,4,Gjerøy,-4.0128887290665216e-05,3458,0.18644882275849137,300,142
3,Selvær,1,1014,82,82,8L30185,12,Vega,-4.028099637509061e-05,3459,0.18644882275849137,300,152
3,Selvær,1,1014,402,402,8L57821,9,Sleneset,-4.0460553298351684e-05,3460,0.18644882275849137,300,150
3,Selvær,1,1014,1541,1541,8N05796,10,Aldra,-4.061897011953991e-05,3461,0.18644882275849137,300,144
3,Selvær,1,1014,327,327,8L52381,11,Leka,-4.070426550788126e-05,3462,0.18644882275849137,300,142
3,Selvær,1,1014,3339,3339,8N73942,12,Vega,-4.07776086133547e-05,3463,0.18644882275849137,300,137
3,Selvær,1,1014,3750,3750,8N87966,13,Vikna,-4.081822364796021e-05,3464,0.18644882275849137,300,132
3,Selvær,1,1014,3940,3940,8P14343,14,Lauvøya,-4.0987565198198606e-05,3465,0.18644882275849137,300,140
3,Selvær,1,1014,4837,4837,8800936,10,Aldra,-4.10919598895733e-05,3466,0.18644882275849137,300,136
3,Selvær,1,1014,3367,3367,8N73970,12,Vega,-4.119331486035397e-05,3467,0.18644882275849137,300,136
3,Selvær,1,1014,3847,3847,8P11570,14,Lauvøya,-4.122621911357881e-05,3468,0.18644882275849137,300,135
3,Selvær,1,1014,4001,4001,8P14853,14,Lauvøya,-4.133206155637672e-05,3469,0.18644882275849137,300,133
3,Selvær,1,1014,2233,2233,8N14652,13,Vikna,-4.1407643887978836e-05,3470,0.18644882275849137,300,133
3,Selvær,1,1014,1924,1924,8N13661,13,Vikna,-4.149103019528787e-05,3471,0.18644882275849137,300,158
3,Selvær,1,1014,590,590,8L89525,4,Gjerøy,-4.164955513794003e-05,3472,0.18644882275849137,300,146
3,Selvær,1,1014,1790,1790,8N06887,14,Lauvøya,-4.18527066831531e-05,3473,0.18644882275849137,300,149
3,Selvær,1,1014,3983,3983,8P14821,14,Lauvøya,-4.19468889690634e-05,3474,0.18644882275849137,300,152
3,Selvær,1,1014,2731,2731,8N42664,4,Gjerøy,-4.1958235290565217e-05,3475,0.18644882275849137,300,140
3,Selvær,1,1014,4938,4938,8866791,5,Hestmannøy,-4.2074838510639514e-05,3476,0.18644882275849137,300,134
3,Selvær,1,1014,352,352,8L52493,13,Vikna,-4.2180961674554964e-05,3477,0.18644882275849137,300,143
3,Selvær,1,1014,2846,2846,8N72633,4,Gjerøy,-4.23276943550009e-05,3478,0.18644882275849137,300,137
3,Selvær,1,1014,3044,3044,8N73243,14,Lauvøya,-4.2364014880331406e-05,3479,0.18644882275849137,300,136
3,Selvær,1,1014,959,959,8L57990,13,Vikna,-4.239450053549252e-05,3480,0.18644882275849137,300,138
3,Selvær,1,1014,2588,2588,8N28756,5,Hestmannøy,-4.2474279619666485e-05,3481,0.18644882275849137,300,137
3,Selvær,1,1014,1760,1760,8N06855,11,Leka,-4.253517777370978e-05,3482,0.18644882275849137,300,128
3,Selvær,1,1014,2245,2245,8N14664,13,Vikna,-4.2616630159264607e-05,3483,0.18644882275849137,300,140
3,Selvær,1,1014,280,280,8L52221,8,Lovund,-4.270336990782165e-05,3484,0.18644882275849137,300,136
3,Selvær,1,1014,2628,2628,8N28873,5,Hestmannøy,-4.271021784041787e-05,3485,0.18644882275849137,300,145
3,Selvær,1,1014,4522,4522,8747010,8,Lovund,-4.284801069475312e-05,3486,0.18644882275849137,300,145
3,Selvær,1,1014,4324,4324,8681071,9,Sleneset,-4.2857459967815694e-05,3487,0.18644882275849137,300,142
3,Selvær,1,1014,4279,4279,8651948,5,Hestmannøy,-4.316436797017249e-05,3488,0.18644882275849137,300,145
3,Selvær,1,1014,2537,2537,8N28401,8,Lovund,-4.334969072094166e-05,3489,0.18644882275849137,300,135
3,Selvær,1,1014,5450,5450,8981702,0,Nesøy,-4.33605227386297e-05,3490,0.18644882275849137,300,137
3,Selvær,1,1014,1937,1937,8N13675,13,Vikna,-4.3489372937029175e-05,3491,0.18644882275849137,300,143
3,Selvær,1,1014,2864,2864,8N72680,11,Leka,-4.354027970096559e-05,3492,0.18644882275849137,300,147
3,Selvær,1,1014,2218,2218,8N14635,13,Vikna,-4.354733283377331e-05,3493,0.18644882275849137,300,150
3,Selvær,1,1014,565,565,8L89423,6,Indre Kvarøy,-4.367236675951309e-05,3494,0.18644882275849137,300,143
3,Selvær,1,1014,3917,3917,8P14190,5,Hestmannøy,-4.367572940520384e-05,3495,0.18644882275849137,300,138
3,Selvær,1,1014,2865,2865,8N72681,11,Leka,-4.3757746613864606e-05,3496,0.18644882275849137,300,146
3,Selvær,1,1014,1262,1262,8N05172,14,Lauvøya,-4.3844798115697015e-05,3497,0.18644882275849137,300,141
3,Selvær,1,1014,3596,3596,8N87808,14,Lauvøya,-4.419671129207652e-05,3498,0.18644882275849137,300,136
3,Selvær,1,1014,926,926,8M71325,11,Leka,-4.433151968910413e-05,3499,0.18644882275849137,300,142
3,Selvær,1,1014,1205,1205,8N05115,12,Vega,-4.439124745637705e-05,3500,0.18644882275849137,300,145
3,Selvær,1,1014,5167,5167,8939070,7,Onøy og Lurøy,-4.454601987358081e-05,3501,0.18644882275849137,300,134
3,Selvær,1,1014,4887,4887,8857226,6,Indre Kvarøy,-4.462649927691845e-05,3502,0.18644882275849137,300,142
3,Selvær,1,1014,5120,5120,8934414,8,Lovund,-4.465616042009996e-05,3503,0.18644882275849137,300,134
3,Selvær,1,1014,3100,3100,8N73447,11,Leka,-4.467667956993795e-05,3504,0.18644882275849137,300,136
3,Selvær,1,1014,3120,3120,8N73467,11,Leka,-4.47476289183377e-05,3505,0.18644882275849137,300,141
3,Selvær,1,1014,4200,4200,8309298,4,Gjerøy,-4.4799162144420445e-05,3506,0.18644882275849137,300,133
3,Selvær,1,1014,1275,1275,8N05186,13,Vikna,-4.492861163629253e-05,3507,0.18644882275849137,300,132
3,Selvær,1,1014,4632,4632,8747725,5,Hestmannøy,-4.493568817529601e-05,3508,0.18644882275849137,300,158
3,Selvær,1,1014,468,468,8L64499,11,Leka,-4.51816930580672e-05,3509,0.18644882275849137,300,146
3,Selvær,1,1014,4790,4790,8800426,5,Hestmannøy,-4.518410791370277e-05,3510,0.18644882275849137,300,146
3,Selvær,1,1014,4069,4069,8P14987,14,Lauvøya,-4.527000181218194e-05,3511,0.18644882275849137,300,151
3,Selvær,1,1014,4760,4760,8800199,5,Hestmannøy,-4.5461492455494166e-05,3512,0.18644882275849137,300,139
3,Selvær,1,1014,2251,2251,8N14670,13,Vikna,-4.546737686605453e-05,3513,0.18644882275849137,300,143
3,Selvær,1,1014,5462,5462,8981733,5,Hestmannøy,-4.55989440636701e-05,3514,0.18644882275849137,300,151
3,Selvær,1,1014,5437,5437,8981393,12,Vega,-4.5728748031815783e-05,3515,0.18644882275849137,300,145
3,Selvær,1,1014,3731,3731,8N87947,13,Vikna,-4.5775065438076725e-05,3516,0.18644882275849137,300,131
3,Selvær,1,1014,2291,2291,8N14924,5,Hestmannøy,-4.578714758932929e-05,3517,0.18644882275849137,300,149
3,Selvær,1,1014,2583,2583,8N28713,7,Onøy og Lurøy,-4.5803233012565265e-05,3518,0.18644882275849137,300,150
3,Selvær,1,1014,1213,1213,8N05123,12,Vega,-4.5841904946184107e-05,3519,0.18644882275849137,300,139
3,Selvær,1,1014,4905,4905,8857278,10,Aldra,-4.586753314033665e-05,3520,0.18644882275849137,300,135
3,Selvær,1,1014,826,826,8M31935,4,Gjerøy,-4.591375524786034e-05,3521,0.18644882275849137,300,153
3,Selvær,1,1014,394,394,8L52973,4,Gjerøy,-4.6115631117282067e-05,3522,0.18644882275849137,300,146
3,Selvær,1,1014,5294,5294,8943013,10,Aldra,-4.6254397346694604e-05,3523,0.18644882275849137,300,135
3,Selvær,1,1014,2619,2619,8N28833,5,Hestmannøy,-4.6264964082781716e-05,3524,0.18644882275849137,300,135
3,Selvær,1,1014,1687,1687,8N06675,14,Lauvøya,-4.641163508863861e-05,3525,0.18644882275849137,300,134
3,Selvær,1,1014,3183,3183,8N73601,14,Lauvøya,-4.666561413518858e-05,3526,0.18644882275849137,300,146
3,Selvær,1,1014,2703,2703,8N42519,5,Hestmannøy,-4.680944786324731e-05,3527,0.18644882275849137,300,139
3,Selvær,1,1014,2713,2713,8N42533,4,Gjerøy,-4.69433187688731e-05,3528,0.18644882275849137,300,142
3,Selvær,1,1014,1224,1224,8N05134,12,Vega,-4.696585544803676e-05,3529,0.18644882275849137,300,154
3,Selvær,1,1014,2572,2572,8N28688,5,Hestmannøy,-4.7029632981445965e-05,3530,0.18644882275849137,300,155
3,Selvær,1,1014,3998,3998,8P14850,14,Lauvøya,-4.711162177748395e-05,3531,0.18644882275849137,300,133
3,Selvær,1,1014,5194,5194,8939195,5,Hestmannøy,-4.716265917202465e-05,3532,0.18644882275849137,300,153
3,Selvær,1,1014,1467,1467,8N05644,14,Lauvøya,-4.723025315989807e-05,3533,0.18644882275849137,300,151
3,Selvær,1,1014,2575,2575,8N28691,0,Nesøy,-4.732288636162654e-05,3534,0.18644882275849137,300,133
3,Selvær,1,1014,229,229,8L48611,0,Nesøy,-4.7337413251198667e-05,3535,0.18644882275849137,300,147
3,Selvær,1,1014,2205,2205,8N14622,13,Vikna,-4.735974176484178e-05,3536,0.18644882275849137,300,154
3,Selvær,1,1014,789,789,8M31785,11,Leka,-4.756481346332581e-05,3537,0.18644882275849137,300,134
3,Selvær,1,1014,5097,5097,8934333,6,Indre Kvarøy,-4.8039132913697354e-05,3538,0.18644882275849137,300,149
3,Selvær,1,1014,62,62,8L26576,6,Indre Kvarøy,-4.811040368556242e-05,3539,0.18644882275849137,300,139
3,Selvær,1,1014,4240,4240,8651522,6,Indre Kvarøy,-4.842151873499142e-05,3540,0.18644882275849137,300,147
3,Selvær,1,1014,539,539,8L89335,6,Indre Kvarøy,-4.842671367638825e-05,3541,0.18644882275849137,300,139
3,Selvær,1,1014,2943,2943,8N72942,13,Vikna,-4.849740495690958e-05,3542,0.18644882275849137,300,148
3,Selvær,1,1014,4219,4219,8573606,5,Hestmannøy,-4.8512494376595385e-05,3543,0.18644882275849137,300,138
3,Selvær,1,1014,1600,1600,8N05983,14,Lauvøya,-4.8545912874050484e-05,3544,0.18644882275849137,300,140
3,Selvær,1,1014,292,292,8L52313,12,Vega,-4.863039328914576e-05,3545,0.18644882275849137,300,152
3,Selvær,1,1014,131,131,8L30752,11,Leka,-4.874747860722162e-05,3546,0.18644882275849137,300,153
3,Selvær,1,1014,5245,5245,8939578,5,Hestmannøy,-4.8848079244677996e-05,3547,0.18644882275849137,300,134
3,Selvær,1,1014,4948,4948,8887205,4,Gjerøy,-4.8984871675394534e-05,3548,0.18644882275849137,300,143
3,Selvær,1,1014,1337,1337,8N05249,13,Vikna,-4.912932769888954e-05,3549,0.18644882275849137,300,138
3,Selvær,1,1014,2891,2891,8N72736,4,Gjerøy,-4.9172644876646674e-05,3550,0.18644882275849137,300,139
3,Selvær,1,1014,4946,4946,8887134,9,Sleneset,-4.938341291681975e-05,3551,0.18644882275849137,300,143
3,Selvær,1,1014,1667,1667,8N06498,12,Vega,-4.943197187352639e-05,3552,0.18644882275849137,300,146
3,Selvær,1,1014,1328,1328,8N05239,13,Vikna,-4.953528319506865e-05,3553,0.18644882275849137,300,140
3,Selvær,1,1014,2659,2659,8N42191,2,Træna,-4.964946932211632e-05,3554,0.18644882275849137,300,130
3,Selvær,1,1014,2738,2738,8N42703,6,Indre Kvarøy,-4.986179775148597e-05,3555,0.18644882275849137,300,134
3,Selvær,1,1014,2235,2235,8N14654,13,Vikna,-4.987121636547508e-05,3556,0.18644882275849137,300,148
3,Selvær,1,1014,4053,4053,8P14973,14,Lauvøya,-5.002065910389487e-05,3557,0.18644882275849137,300,141
3,Selvær,1,1014,973,973,8M71486,13,Vikna,-5.0506727956478646e-05,3558,0.18644882275849137,300,153
3,Selvær,1,1014,107,107,8L30485,12,Vega,-5.062483184975689e-05,3559,0.18644882275849137,300,133
3,Selvær,1,1014,4788,4788,8800417,5,Hestmannøy,-5.065616610350424e-05,3560,0.18644882275849137,300,139
3,Selvær,1,1014,2467,2467,8N27886,2,Træna,-5.068721779271383e-05,3561,0.18644882275849137,300,142
3,Selvær,1,1014,1988,1988,8N13932,5,Hestmannøy,-5.084847573968905e-05,3562,0.18644882275849137,300,134
3,Selvær,1,1014,2086,2086,8N14344,14,Lauvøya,-5.1036822474365995e-05,3563,0.18644882275849137,300,142
3,Selvær,1,1014,1741,1741,8N06836,11,Leka,-5.117402604255022e-05,3564,0.18644882275849137,300,133
3,Selvær,1,1014,473,473,8L64529,14,Lauvøya,-5.1328336434478035e-05,3565,0.18644882275849137,300,145
3,Selvær,1,1014,715,715,8M31365,4,Gjerøy,-5.136720269508884e-05,3566,0.18644882275849137,300,143
3,Selvær,1,1014,3939,3939,8N14342,14,Lauvøya,-5.184932770084242e-05,3567,0.18644882275849137,300,142
3,Selvær,1,1014,2955,2955,8N72955,13,Vikna,-5.1873250100062936e-05,3568,0.18644882275849137,300,146
3,Selvær,1,1014,130,130,8L30750,11,Leka,-5.206236320430316e-05,3569,0.18644882275849137,300,136
3,Selvær,1,1014,4253,4253,8651728,0,Nesøy,-5.2239595884608244e-05,3570,0.18644882275849137,300,147
3,Selvær,1,1014,1749,1749,8N06844,11,Leka,-5.2388966669382115e-05,3571,0.18644882275849137,300,142
3,Selvær,1,1014,3109,3109,8N73456,11,Leka,-5.256527046639519e-05,3572,0.18644882275849137,300,144
3,Selvær,1,1014,3069,3069,8N73319,14,Lauvøya,-5.273903554087216e-05,3573,0.18644882275849137,300,147
3,Selvær,1,1014,1645,1645,8N06476,12,Vega,-5.279840059557775e-05,3574,0.18644882275849137,300,142
3,Selvær,1,1014,3833,3833,8P11556,14,Lauvøya,-5.2846898376036785e-05,3575,0.18644882275849137,300,143
3,Selvær,1,1014,1628,1628,8N06439,2,Træna,-5.289500641109011e-05,3576,0.18644882275849137,300,137
3,Selvær,1,1014,1580,1580,8N05885,11,Leka,-5.2903114390709786e-05,3577,0.18644882275849137,300,155
3,Selvær,1,1014,1480,1480,8N05657,13,Vikna,-5.2909093562231873e-05,3578,0.18644882275849137,300,133
3,Selvær,1,1014,3291,3291,8N73818,5,Hestmannøy,-5.294353357014121e-05,3579,0.18644882275849137,300,149
3,Selvær,1,1014,2212,2212,8N14629,13,Vikna,-5.2975242189954676e-05,3580,0.18644882275849137,300,137
3,Selvær,1,1014,3088,3088,8N73435,11,Leka,-5.3177093246833604e-05,3581,0.18644882275849137,300,145
3,Selvær,1,1014,555,555,8L89384,5,Hestmannøy,-5.319980682846732e-05,3582,0.18644882275849137,300,132
3,Selvær,1,1014,1671,1671,8N06510,4,Gjerøy,-5.328294372731548e-05,3583,0.18644882275849137,300,148
3,Selvær,1,1014,4492,4492,8732646,5,Hestmannøy,-5.3317020179203826e-05,3584,0.18644882275849137,300,139
3,Selvær,1,1014,5226,5226,8939392,6,Indre Kvarøy,-5.332412174806222e-05,3585,0.18644882275849137,300,138
3,Selvær,1,1014,1209,1209,8N05119,12,Vega,-5.34343132048788e-05,3586,0.18644882275849137,300,144
3,Selvær,1,1014,4037,4037,8P14956,14,Lauvøya,-5.3547397269014635e-05,3587,0.18644882275849137,300,156
3,Selvær,1,1014,3017,3017,8N73216,12,Vega,-5.398261610839625e-05,3588,0.18644882275849137,300,146
3,Selvær,1,1014,289,289,8L52305,5,Hestmannøy,-5.4088941444016814e-05,3589,0.18644882275849137,300,141
3,Selvær,1,1014,4894,4894,8857246,5,Hestmannøy,-5.414843246887321e-05,3590,0.18644882275849137,300,147
3,Selvær,1,1014,524,524,8L89269,5,Hestmannøy,-5.4311481599777e-05,3591,0.18644882275849137,300,144
3,Selvær,1,1014,604,604,8L89634,5,Hestmannøy,-5.43337674003268e-05,3592,0.18644882275849137,300,137
3,Selvær,1,1014,2423,2423,8N27410,10,Aldra,-5.4411897082696536e-05,3593,0.18644882275849137,300,148
3,Selvær,1,1014,3719,3719,8N87935,13,Vikna,-5.454713653779757e-05,3594,0.18644882275849137,300,147
3,Selvær,1,1014,793,793,8L89497,11,Leka,-5.464751468305102e-05,3595,0.18644882275849137,300,143
3,Selvær,1,1014,1173,1173,8M72969,5,Hestmannøy,-5.466031052555143e-05,3596,0.18644882275849137,300,151
3,Selvær,1,1014,3952,3952,8P14607,7,Onøy og Lurøy,-5.4684077071689675e-05,3597,0.18644882275849137,300,136
3,Selvær,1,1014,2743,2743,8N42708,4,Gjerøy,-5.469985951938343e-05,3598,0.18644882275849137,300,149
3,Selvær,1,1014,2267,2267,8N14686,13,Vikna,-5.479887480274033e-05,3599,0.18644882275849137,300,158
3,Selvær,1,1014,2066,2066,8N14220,5,Hestmannøy,-5.484355633112405e-05,3600,0.18644882275849137,300,151
3,Selvær,1,1014,522,522,8L89266,5,Hestmannøy,-5.4901296137142344e-05,3601,0.18644882275849137,300,147
3,Selvær,1,1014,5332,5332,8943484,2,Træna,-5.491631709433673e-05,3602,0.18644882275849137,300,140
3,Selvær,1,1014,3504,3504,8N87556,11,Leka,-5.499664305038468e-05,3603,0.18644882275849137,300,140
3,Selvær,1,1014,5100,5100,8934343,10,Aldra,-5.509912368420891e-05,3604,0.18644882275849137,300,137
3,Selvær,1,1014,5163,5163,8939037,4,Gjerøy,-5.5101131208475095e-05,3605,0.18644882275849137,300,140
3,Selvær,1,1014,1491,1491,8N05363,14,Lauvøya,-5.5175244379725684e-05,3606,0.18644882275849137,300,147
3,Selvær,1,1014,542,542,8L89354,5,Hestmannøy,-5.5321860121157946e-05,3607,0.18644882275849137,300,148
3,Selvær,1,1014,297,297,8L52327,12,Vega,-5.535371022270472e-05,3608,0.18644882275849137,300,150
3,Selvær,1,1014,2100,2100,8N14515,11,Leka,-5.535925843884011e-05,3609,0.18644882275849137,300,156
3,Selvær,1,1014,5139,5139,8934596,10,Aldra,-5.545494754926151e-05,3610,0.18644882275849137,300,145
3,Selvær,1,1014,56,56,8L19992,4,Gjerøy,-5.548986879593433e-05,3611,0.18644882275849137,300,151
3,Selvær,1,1014,4471,4471,8732552,6,Indre Kvarøy,-5.5520080816283126e-05,3612,0.18644882275849137,300,138
3,Selvær,1,1014,4123,4123,8118424,6,Indre Kvarøy,-5.5567936369473114e-05,3613,0.18644882275849137,300,154
3,Selvær,1,1014,4483,4483,8732610,9,Sleneset,-5.5708725772219276e-05,3614,0.18644882275849137,300,150
3,Selvær,1,1014,795,795,8M31805,12,Vega,-5.5759507758020646e-05,3615,0.18644882275849137,300,135
3,Selvær,1,1014,3507,3507,8N87559,11,Leka,-5.6002833163946306e-05,3616,0.18644882275849137,300,138
3,Selvær,1,1014,4133,4133,8168605,10,Aldra,-5.6182569122767575e-05,3617,0.18644882275849137,300,136
3,Selvær,1,1014,5080,5080,8934267,7,Onøy og Lurøy,-5.6451101905614574e-05,3618,0.18644882275849137,300,138
3,Selvær,1,1014,2147,2147,8N14564,11,Leka,-5.647415182645634e-05,3619,0.18644882275849137,300,141
3,Selvær,1,1014,5426,5426,8981318,6,Indre Kvarøy,-5.6508578740193994e-05,3620,0.18644882275849137,300,131
3,Selvær,1,1014,2150,2150,8N14567,11,Leka,-5.6543000202986205e-05,3621,0.18644882275849137,300,143
3,Selvær,1,1014,3555,3555,8N87613,14,Lauvøya,-5.672007929199222e-05,3622,0.18644882275849137,300,137
3,Selvær,1,1014,2301,2301,8N14954,10,Aldra,-5.6865884804252664e-05,3623,0.18644882275849137,300,137
3,Selvær,1,1014,876,876,8L64466,13,Vikna,-5.692231259002684e-05,3624,0.18644882275849137,300,148
3,Selvær,1,1014,1818,1818,8N05697,14,Lauvøya,-5.704121609265482e-05,3625,0.18644882275849137,300,141
3,Selvær,1,1014,3729,3729,8N87945,13,Vikna,-5.711731077336125e-05,3626,0.18644882275849137,300,141
3,Selvær,1,1014,866,866,8M71125,13,Vikna,-5.714145547254085e-05,3627,0.18644882275849137,300,144
3,Selvær,1,1014,4097,4097,8P26528,9,Sleneset,-5.731035995005693e-05,3628,0.18644882275849137,300,163
3,Selvær,1,1014,1487,1487,8N05664,13,Vikna,-5.7331323695452126e-05,3629,0.18644882275849137,300,143
3,Selvær,1,1014,1392,1392,8N05305,13,Vikna,-5.74582405054296e-05,3630,0.18644882275849137,300,149
3,Selvær,1,1014,139,139,8L30763,12,Vega,-5.746350089558685e-05,3631,0.18644882275849137,300,147
3,Selvær,1,1014,3429,3429,8N87245,2,Træna,-5.778357438525818e-05,3632,0.18644882275849137,300,133
3,Selvær,1,1014,4758,4758,8800185,6,Indre Kvarøy,-5.785817193303526e-05,3633,0.18644882275849137,300,152
3,Selvær,1,1014,2875,2875,8N72691,11,Leka,-5.7882167875073915e-05,3634,0.18644882275849137,300,140
3,Selvær,1,1014,3909,3909,8P14112,5,Hestmannøy,-5.829893733644066e-05,3635,0.18644882275849137,300,147
3,Selvær,1,1014,302,302,8L52335,12,Vega,-5.837382983649015e-05,3636,0.18644882275849137,300,134
3,Selvær,1,1014,3551,3551,8N87607,14,Lauvøya,-5.849276368681426e-05,3637,0.18644882275849137,300,144
3,Selvær,1,1014,4093,4093,8P26524,9,Sleneset,-5.8664528686671786e-05,3638,0.18644882275849137,300,141
3,Selvær,1,1014,4636,4636,8747730,2,Træna,-5.8807567668819735e-05,3639,0.18644882275849137,300,144
3,Selvær,1,1014,1583,1583,8N05890,11,Leka,-5.901414307908971e-05,3640,0.18644882275849137,300,142
3,Selvær,1,1014,1653,1653,8N06484,12,Vega,-5.904807000708951e-05,3641,0.18644882275849137,300,142
3,Selvær,1,1014,1582,1582,8N05889,11,Leka,-5.913624969699076e-05,3642,0.18644882275849137,300,147
3,Selvær,1,1014,293,293,8L52315,12,Vega,-5.9317990895250924e-05,3643,0.18644882275849137,300,145
3,Selvær,1,1014,1084,1084,8M72602,5,Hestmannøy,-5.951428881487196e-05,3644,0.18644882275849137,300,132
3,Selvær,1,1014,1814,1814,8N06976,4,Gjerøy,-5.9669026803455344e-05,3645,0.18644882275849137,300,148
3,Selvær,1,1014,880,880,8M71206,5,Hestmannøy,-5.9671813523104376e-05,3646,0.18644882275849137,300,129
3,Selvær,1,1014,5116,5116,8934404,8,Lovund,-5.98552409346973e-05,3647,0.18644882275849137,300,134
3,Selvær,1,1014,4083,4083,8P26195,5,Hestmannøy,-6.005363188636407e-05,3648,0.18644882275849137,300,145
3,Selvær,1,1014,2133,2133,8N14548,11,Leka,-6.0234516438488714e-05,3649,0.18644882275849137,300,152
3,Selvær,1,1014,1281,1281,8N05192,13,Vikna,-6.0278438069944436e-05,3650,0.18644882275849137,300,143
3,Selvær,1,1014,4484,4484,8732615,9,Sleneset,-6.0345557713457596e-05,3651,0.18644882275849137,300,144
3,Selvær,1,1014,3579,3579,8N87728,5,Hestmannøy,-6.053804842008501e-05,3652,0.18644882275849137,300,138
3,Selvær,1,1014,2964,2964,8N72964,13,Vikna,-6.054349945909239e-05,3653,0.18644882275849137,300,157
3,Selvær,1,1014,4146,4146,8168648,4,Gjerøy,-6.058701777452911e-05,3654,0.18644882275849137,300,140
3,Selvær,1,1014,4098,4098,8P26537,9,Sleneset,-6.05975518110147e-05,3655,0.18644882275849137,300,135
3,Selvær,1,1014,154,154,8L30783,5,Hestmannøy,-6.0897389913284585e-05,3656,0.18644882275849137,300,135
3,Selvær,1,1014,737,737,8M31516,1,Myken,-6.097751119891829e-05,3657,0.18644882275849137,300,151
3,Selvær,1,1014,2006,2006,8N13977,5,Hestmannøy,-6.103781590801824e-05,3658,0.18644882275849137,300,149
3,Selvær,1,1014,1189,1189,8N05083,6,Indre Kvarøy,-6.120749997853596e-05,3659,0.18644882275849137,300,140
3,Selvær,1,1014,3950,3950,8P14574,2,Træna,-6.123829734938722e-05,3660,0.18644882275849137,300,136
3,Selvær,1,1014,382,382,8L52922,6,Indre Kvarøy,-6.124340653271871e-05,3661,0.18644882275849137,300,146
3,Selvær,1,1014,5105,5105,8934368,5,Hestmannøy,-6.160232126528355e-05,3662,0.18644882275849137,300,142
3,Selvær,1,1014,3854,3854,8P11578,5,Hestmannøy,-6.196449430541522e-05,3663,0.18644882275849137,300,151
3,Selvær,1,1014,3217,3217,8N73635,13,Vikna,-6.197907630734733e-05,3664,0.18644882275849137,300,156
3,Selvær,1,1014,3619,3619,8N87831,14,Lauvøya,-6.205683455676952e-05,3665,0.18644882275849137,300,139
3,Selvær,1,1014,1242,1242,8N05153,12,Vega,-6.211378022973154e-05,3666,0.18644882275849137,300,146
3,Selvær,1,1014,2840,2840,8N72575,4,Gjerøy,-6.22211978191934e-05,3667,0.18644882275849137,300,148
3,Selvær,1,1014,4169,4169,8309156,6,Indre Kvarøy,-6.229589425631375e-05,3668,0.18644882275849137,300,138
3,Selvær,1,1014,2860,2860,8N72676,11,Leka,-6.235569554467392e-05,3669,0.18644882275849137,300,146
3,Selvær,1,1014,2929,2929,8N72928,13,Vikna,-6.247465657750187e-05,3670,0.18644882275849137,300,151
3,Selvær,1,1014,1097,1097,8M72644,4,Gjerøy,-6.248065854406647e-05,3671,0.18644882275849137,300,143
3,Selvær,1,1014,1768,1768,8N06863,11,Leka,-6.249697750882816e-05,3672,0.18644882275849137,300,146
3,Selvær,1,1014,3633,3633,8N87847,14,Lauvøya,-6.256514935057807e-05,3673,0.18644882275849137,300,146
3,Selvær,1,1014,2904,2904,8N72902,13,Vikna,-6.260043139499498e-05,3674,0.18644882275849137,300,149
3,Selvær,1,1014,1238,1238,8N05148,12,Vega,-6.275688300700719e-05,3675,0.18644882275849137,300,147
3,Selvær,1,1014,4976,4976,8887310,5,Hestmannøy,-6.304438083967452e-05,3676,0.18644882275849137,300,142
3,Selvær,1,1014,3689,3689,8N87904,13,Vikna,-6.340797162177395e-05,3677,0.18644882275849137,300,140
3,Selvær,1,1014,2918,2918,8N72916,13,Vikna,-6.365020850639303e-05,3678,0.18644882275849137,300,142
3,Selvær,1,1014,3331,3331,8N73934,12,Vega,-6.399993897631666e-05,3679,0.18644882275849137,300,129
3,Selvær,1,1014,3246,3246,8N73664,13,Vikna,-6.404837756691894e-05,3680,0.18644882275849137,300,135
3,Selvær,1,1014,4692,4692,8794302,5,Hestmannøy,-6.412812192965048e-05,3681,0.18644882275849137,300,143
3,Selvær,1,1014,1418,1418,8N05531,5,Hestmannøy,-6.435148802157207e-05,3682,0.18644882275849137,300,145
3,Selvær,1,1014,2487,2487,8N27951,4,Gjerøy,-6.457697982824523e-05,3683,0.18644882275849137,300,150
3,Selvær,1,1014,3749,3749,8N87965,13,Vikna,-6.474988681070592e-05,3684,0.18644882275849137,300,140
3,Selvær,1,1014,4769,4769,8800339,7,Onøy og Lurøy,-6.483545170058378e-05,3685,0.18644882275849137,300,142
3,Selvær,1,1014,4713,4713,8800023,5,Hestmannøy,-6.502961871753992e-05,3686,0.18644882275849137,300,135
3,Selvær,1,1014,4337,4337,8681169,4,Gjerøy,-6.504019833990445e-05,3687,0.18644882275849137,300,150
3,Selvær,1,1014,5196,5196,8939197,5,Hestmannøy,-6.523952668952931e-05,3688,0.18644882275849137,300,143
3,Selvær,1,1014,1898,1898,8N13633,14,Lauvøya,-6.524258380049399e-05,3689,0.18644882275849137,300,146
3,Selvær,1,1014,2115,2115,8N14530,11,Leka,-6.547438291090061e-05,3690,0.18644882275849137,300,142
3,Selvær,1,1014,5440,5440,8981582,2,Træna,-6.547464235830208e-05,3691,0.18644882275849137,300,154
3,Selvær,1,1014,1433,1433,8N05603,14,Lauvøya,-6.552319555919742e-05,3692,0.18644882275849137,300,135
3,Selvær,1,1014,4321,4321,8681067,9,Sleneset,-6.577353379612435e-05,3693,0.18644882275849137,300,138
3,Selvær,1,1014,269,269,8L49991,6,Indre Kvarøy,-6.58267564495891e-05,3694,0.18644882275849137,300,139
3,Selvær,1,1014,1388,1388,8N05301,13,Vikna,-6.586636890114289e-05,3695,0.18644882275849137,300,154
3,Selvær,1,1014,682,682,8L89784,13,Vikna,-6.609318166461647e-05,3696,0.18644882275849137,300,136
3,Selvær,1,1014,1158,1158,8M72924,5,Hestmannøy,-6.622770859714263e-05,3697,0.18644882275849137,300,137
3,Selvær,1,1014,2404,2404,8N27330,4,Gjerøy,-6.639299392529211e-05,3698,0.18644882275849137,300,143
3,Selvær,1,1014,104,104,8L30467,12,Vega,-6.654101005614644e-05,3699,0.18644882275849137,300,138
3,Selvær,1,1014,968,968,8M71463,13,Vikna,-6.654251183062617e-05,3700,0.18644882275849137,300,140
3,Selvær,1,1014,929,929,8L64441,13,Vikna,-6.654787158364617e-05,3701,0.18644882275849137,300,145
3,Selvær,1,1014,4956,4956,8887232,5,Hestmannøy,-6.700389265963175e-05,3702,0.18644882275849137,300,140
3,Selvær,1,1014,177,177,8L48312,5,Hestmannøy,-6.704557190533969e-05,3703,0.18644882275849137,300,139
3,Selvær,1,1014,2428,2428,8N27415,5,Hestmannøy,-6.705881429677913e-05,3704,0.18644882275849137,300,148
3,Selvær,1,1014,4957,4957,8887233,5,Hestmannøy,-6.709996958923911e-05,3705,0.18644882275849137,300,142
3,Selvær,1,1014,4244,4244,8651548,4,Gjerøy,-6.718813464325929e-05,3706,0.18644882275849137,300,148
3,Selvær,1,1014,5281,5281,8L57872,8,Lovund,-6.729951275539341e-05,3707,0.18644882275849137,300,145
3,Selvær,1,1014,640,640,8L89748,4,Gjerøy,-6.731387771628176e-05,3708,0.18644882275849137,300,138
3,Selvær,1,1014,3129,3129,8N73476,11,Leka,-6.73204424418892e-05,3709,0.18644882275849137,300,143
3,Selvær,1,1014,1056,1056,8M72530,11,Leka,-6.741851717027852e-05,3710,0.18644882275849137,300,144
3,Selvær,1,1014,2950,2950,8N72949,13,Vikna,-6.743790672050084e-05,3711,0.18644882275849137,300,135
3,Selvær,1,1014,4610,4610,8747610,7,Onøy og Lurøy,-6.754166593700681e-05,3712,0.18644882275849137,300,152
3,Selvær,1,1014,3957,3957,8P14680,9,Sleneset,-6.761995605390273e-05,3713,0.18644882275849137,300,156
3,Selvær,1,1014,3102,3102,8N73449,11,Leka,-6.770982053674372e-05,3714,0.18644882275849137,300,143
3,Selvær,1,1014,3636,3636,8N87850,14,Lauvøya,-6.77869861619755e-05,3715,0.18644882275849137,300,148
3,Selvær,1,1014,2608,2608,8N28793,14,Lauvøya,-6.781794055832594e-05,3716,0.18644882275849137,300,138
3,Selvær,1,1014,5062,5062,8934066,5,Hestmannøy,-6.814823085214095e-05,3717,0.18644882275849137,300,139
3,Selvær,1,1014,2674,2674,8N42286,5,Hestmannøy,-6.846564602037489e-05,3718,0.18644882275849137,300,146
3,Selvær,1,1014,2939,2939,8N72938,13,Vikna,-6.856956778576328e-05,3719,0.18644882275849137,300,135
3,Selvær,1,1014,4011,4011,8P14863,14,Lauvøya,-6.86390097498756e-05,3720,0.18644882275849137,300,142
3,Selvær,1,1014,5477,5477,8981822,5,Hestmannøy,-6.874465097995103e-05,3721,0.18644882275849137,300,145
3,Selvær,1,1014,4170,4170,8309159,6,Indre Kvarøy,-6.876763910464082e-05,3722,0.18644882275849137,300,144
3,Selvær,1,1014,2910,2910,8N72908,13,Vikna,-6.88348154831477e-05,3723,0.18644882275849137,300,149
3,Selvær,1,1014,4907,4907,8857284,10,Aldra,-6.896074345632922e-05,3724,0.18644882275849137,300,127
3,Selvær,1,1014,2236,2236,8N14655,13,Vikna,-6.899580511762604e-05,3725,0.18644882275849137,300,155
3,Selvær,1,1014,963,963,8M71453,13,Vikna,-6.900082554158785e-05,3726,0.18644882275849137,300,132
3,Selvær,1,1014,3030,3030,8N73229,12,Vega,-6.900547348851884e-05,3727,0.18644882275849137,300,139
3,Selvær,1,1014,176,176,8L48311,5,Hestmannøy,-6.906891929269474e-05,3728,0.18644882275849137,300,137
3,Selvær,1,1014,3363,3363,8N73966,12,Vega,-6.940042034041122e-05,3729,0.18644882275849137,300,140
3,Selvær,1,1014,2052,2052,8N14161,5,Hestmannøy,-6.942985438434583e-05,3730,0.18644882275849137,300,140
3,Selvær,1,1014,893,893,8M71256,5,Hestmannøy,-6.955958726037236e-05,3731,0.18644882275849137,300,147
3,Selvær,1,1014,5087,5087,8934283,7,Onøy og Lurøy,-6.964254647745015e-05,3732,0.18644882275849137,300,142
3,Selvær,1,1014,1166,1166,8M72954,4,Gjerøy,-6.982132504575325e-05,3733,0.18644882275849137,300,151
3,Selvær,1,1014,3326,3326,8N73929,11,Leka,-6.986110587231188e-05,3734,0.18644882275849137,300,153
3,Selvær,1,1014,2222,2222,8N14640,13,Vikna,-6.991004539040807e-05,3735,0.18644882275849137,300,140
3,Selvær,1,1014,5088,5088,8934284,7,Onøy og Lurøy,-7.006047696453142e-05,3736,0.18644882275849137,300,138
3,Selvær,1,1014,2295,2295,8N14935,5,Hestmannøy,-7.006451711453037e-05,3737,0.18644882275849137,300,142
3,Selvær,1,1014,4574,4574,8747417,1,Myken,-7.009508219392034e-05,3738,0.18644882275849137,300,148
3,Selvær,1,1014,4677,4677,8747900,5,Hestmannøy,-7.021295002239215e-05,3739,0.18644882275849137,300,142
3,Selvær,1,1014,3480,3480,8N87532,11,Leka,-7.023138757438864e-05,3740,0.18644882275849137,300,137
3,Selvær,1,1014,3033,3033,8N73232,12,Vega,-7.03530170889696e-05,3741,0.18644882275849137,300,145
3,Selvær,1,1014,1529,1529,8N05712,5,Hestmannøy,-7.038139406308886e-05,3742,0.18644882275849137,300,143
3,Selvær,1,1014,2899,2899,8N72804,14,Lauvøya,-7.044927472056366e-05,3743,0.18644882275849137,300,136
3,Selvær,1,1014,4119,4119,8P26746,7,Onøy og Lurøy,-7.05446691256743e-05,3744,0.18644882275849137,300,143
3,Selvær,1,1014,731,731,8M31484,5,Hestmannøy,-7.074643528329249e-05,3745,0.18644882275849137,300,142
3,Selvær,1,1014,2215,2215,8N14632,13,Vikna,-7.092400040657031e-05,3746,0.18644882275849137,300,136
3,Selvær,1,1014,825,825,8M31928,5,Hestmannøy,-7.098988735796918e-05,3747,0.18644882275849137,300,154
3,Selvær,1,1014,3928,3928,8P14310,14,Lauvøya,-7.130296428267333e-05,3748,0.18644882275849137,300,154
3,Selvær,1,1014,2831,2831,8N72510,6,Indre Kvarøy,-7.136516154265118e-05,3749,0.18644882275849137,300,147
3,Selvær,1,1014,2424,2424,8N27411,5,Hestmannøy,-7.142095540016624e-05,3750,0.18644882275849137,300,143
3,Selvær,1,1014,2730,2730,8N42658,0,Nesøy,-7.154743864593956e-05,3751,0.18644882275849137,300,144
3,Selvær,1,1014,1380,1380,8N05293,13,Vikna,-7.155906535343655e-05,3752,0.18644882275849137,300,140
3,Selvær,1,1014,4665,4665,8747829,7,Onøy og Lurøy,-7.171268523817738e-05,3753,0.18644882275849137,300,138
3,Selvær,1,1014,399,399,8L57791,8,Lovund,-7.180650485741328e-05,3754,0.18644882275849137,300,145
3,Selvær,1,1014,3042,3042,8N73241,12,Vega,-7.201658943493689e-05,3755,0.18644882275849137,300,147
3,Selvær,1,1014,435,435,8L64144,8,Lovund,-7.203923235703905e-05,3756,0.18644882275849137,300,136
3,Selvær,1,1014,2631,2631,8N28899,14,Lauvøya,-7.22076377367774e-05,3757,0.18644882275849137,300,145
3,Selvær,1,1014,3572,3572,8N87632,14,Lauvøya,-7.230878110925178e-05,3758,0.18644882275849137,300,148
3,Selvær,1,1014,1434,1434,8N05604,14,Lauvøya,-7.241004389678282e-05,3759,0.18644882275849137,300,148
3,Selvær,1,1014,3355,3355,8N73958,12,Vega,-7.244421173475183e-05,3760,0.18644882275849137,300,139
3,Selvær,1,1014,1663,1663,8N06494,12,Vega,-7.28530169384895e-05,3761,0.18644882275849137,300,145
3,Selvær,1,1014,3287,3287,8N73794,14,Lauvøya,-7.293879582291359e-05,3762,0.18644882275849137,300,149
3,Selvær,1,1014,444,444,8L64202,4,Gjerøy,-7.2976409039222e-05,3763,0.18644882275849137,300,149
3,Selvær,1,1014,2726,2726,8N42649,7,Onøy og Lurøy,-7.313396180219176e-05,3764,0.18644882275849137,300,148
3,Selvær,1,1014,449,449,8L64241,6,Indre Kvarøy,-7.315328187342573e-05,3765,0.18644882275849137,300,140
3,Selvær,1,1014,4507,4507,8732672,7,Onøy og Lurøy,-7.353816505008953e-05,3766,0.18644882275849137,300,147
3,Selvær,1,1014,1789,1789,8N06885,11,Leka,-7.361150315699678e-05,3767,0.18644882275849137,300,145
3,Selvær,1,1014,3710,3710,8N87926,13,Vikna,-7.377745149929368e-05,3768,0.18644882275849137,300,138
3,Selvær,1,1014,4958,4958,8887238,1,Myken,-7.386774987031995e-05,3769,0.18644882275849137,300,153
3,Selvær,1,1014,2866,2866,8N72682,11,Leka,-7.401951528645833e-05,3770,0.18644882275849137,300,150
3,Selvær,1,1014,2546,2546,8N28432,2,Træna,-7.402374848783954e-05,3771,0.18644882275849137,300,142
3,Selvær,1,1014,1338,1338,8N05250,13,Vikna,-7.431902481095469e-05,3772,0.18644882275849137,300,153
3,Selvær,1,1014,4225,4225,8573872,6,Indre Kvarøy,-7.434461397063293e-05,3773,0.18644882275849137,300,148
3,Selvær,1,1014,1712,1712,8N06700,14,Lauvøya,-7.466141886241607e-05,3774,0.18644882275849137,300,154
3,Selvær,1,1014,2556,2556,8N28530,9,Sleneset,-7.472273440245777e-05,3775,0.18644882275849137,300,139
3,Selvær,1,1014,4977,4977,8887314,7,Onøy og Lurøy,-7.476690136984996e-05,3776,0.18644882275849137,300,127
3,Selvær,1,1014,2187,2187,8N14604,13,Vikna,-7.47923265681869e-05,3777,0.18644882275849137,300,136
3,Selvær,1,1014,824,824,8M31927,5,Hestmannøy,-7.487102791998292e-05,3778,0.18644882275849137,300,146
3,Selvær,1,1014,1799,1799,8N06897,11,Leka,-7.48764343225225e-05,3779,0.18644882275849137,300,148
3,Selvær,1,1014,1956,1956,8N13694,13,Vikna,-7.518615342508665e-05,3780,0.18644882275849137,300,147
3,Selvær,1,1014,3553,3553,8N87611,14,Lauvøya,-7.534647379838032e-05,3781,0.18644882275849137,300,153
3,Selvær,1,1014,4496,4496,8732650,5,Hestmannøy,-7.55911035996913e-05,3782,0.18644882275849137,300,146
3,Selvær,1,1014,5262,5262,8939733,5,Hestmannøy,-7.560628940150563e-05,3783,0.18644882275849137,300,133
3,Selvær,1,1014,2834,2834,8N72519,4,Gjerøy,-7.564515679579469e-05,3784,0.18644882275849137,300,145
3,Selvær,1,1014,3305,3305,8N73908,11,Leka,-7.564992742165374e-05,3785,0.18644882275849137,300,143
3,Selvær,1,1014,4452,4452,8732258,1,Myken,-7.569990056670096e-05,3786,0.18644882275849137,300,140
3,Selvær,1,1014,1050,1050,8M72446,13,Vikna,-7.57857506099384e-05,3787,0.18644882275849137,300,141
3,Selvær,1,1014,5187,5187,8939159,0,Nesøy,-7.580142401103665e-05,3788,0.18644882275849137,300,137
3,Selvær,1,1014,5321,5321,8943168,6,Indre Kvarøy,-7.581207437108634e-05,3789,0.18644882275849137,300,133
3,Selvær,1,1014,3737,3737,8N87953,13,Vikna,-7.593646146725141e-05,3790,0.18644882275849137,300,153
3,Selvær,1,1014,4382,4382,8681423,0,Nesøy,-7.605723680798881e-05,3791,0.18644882275849137,300,150
3,Selvær,1,1014,885,885,8M71227,6,Indre Kvarøy,-7.606782704491434e-05,3792,0.18644882275849137,300,141
3,Selvær,1,1014,4886,4886,8857223,6,Indre Kvarøy,-7.621273150596228e-05,3793,0.18644882275849137,300,136
3,Selvær,1,1014,4140,4140,8168635,5,Hestmannøy,-7.648234696392428e-05,3794,0.18644882275849137,300,135
3,Selvær,1,1014,4197,4197,8309287,5,Hestmannøy,-7.652189656035338e-05,3795,0.18644882275849137,300,139
3,Selvær,1,1014,4666,4666,8747862,9,Sleneset,-7.66369004870818e-05,3796,0.18644882275849137,300,132
3,Selvær,1,1014,4562,4562,8747300,8,Lovund,-7.667822143658352e-05,3797,0.18644882275849137,300,133
3,Selvær,1,1014,138,138,8L30762,12,Vega,-7.668772748667216e-05,3798,0.18644882275849137,300,152
3,Selvær,1,1014,51,51,8L19979,5,Hestmannøy,-7.676869028507437e-05,3799,0.18644882275849137,300,165
3,Selvær,1,1014,3002,3002,8N73195,14,Lauvøya,-7.684371031138447e-05,3800,0.18644882275849137,300,149
3,Selvær,1,1014,298,298,8L52328,12,Vega,-7.691992472083322e-05,3801,0.18644882275849137,300,153
3,Selvær,1,1014,173,173,8L30984,9,Sleneset,-7.698804516166887e-05,3802,0.18644882275849137,300,147
3,Selvær,1,1014,3264,3264,8N73682,13,Vikna,-7.719773398971354e-05,3803,0.18644882275849137,300,150
3,Selvær,1,1014,4033,4033,8P14938,14,Lauvøya,-7.735377523398094e-05,3804,0.18644882275849137,300,152
3,Selvær,1,1014,4789,4789,8800424,10,Aldra,-7.73753379323527e-05,3805,0.18644882275849137,300,147
3,Selvær,1,1014,1237,1237,8N05147,12,Vega,-7.744598313853548e-05,3806,0.18644882275849137,300,144
3,Selvær,1,1014,4276,4276,8651911,7,Onøy og Lurøy,-7.749355363886346e-05,3807,0.18644882275849137,300,144
3,Selvær,1,1014,1012,1012,8M71873,5,Hestmannøy,-7.77504535048028e-05,3808,0.18644882275849137,300,154
3,Selvær,1,1014,3733,3733,8N87949,13,Vikna,-7.781648046580533e-05,3809,0.18644882275849137,300,147
3,Selvær,1,1014,1844,1844,8N13401,2,Træna,-7.802368787999302e-05,3810,0.18644882275849137,300,144
3,Selvær,1,1014,3231,3231,8N73649,13,Vikna,-7.805515991630009e-05,3811,0.18644882275849137,300,133
3,Selvær,1,1014,2654,2654,8N42139,2,Træna,-7.815682894320964e-05,3812,0.18644882275849137,300,137
3,Selvær,1,1014,505,505,8L64996,10,Aldra,-7.827975021346161e-05,3813,0.18644882275849137,300,150
3,Selvær,1,1014,778,778,8L89562,12,Vega,-7.830700998484087e-05,3814,0.18644882275849137,300,142
3,Selvær,1,1014,3829,3829,8P11552,14,Lauvøya,-7.838316945126689e-05,3815,0.18644882275849137,300,144
3,Selvær,1,1014,350,350,8L52426,5,Hestmannøy,-7.862757282552779e-05,3816,0.18644882275849137,300,140
3,Selvær,1,1014,3721,3721,8N87937,13,Vikna,-7.863139832178715e-05,3817,0.18644882275849137,300,134
3,Selvær,1,1014,3593,3593,8N87805,14,Lauvøya,-7.868912712396908e-05,3818,0.18644882275849137,300,144
3,Selvær,1,1014,1866,1866,8N13603,14,Lauvøya,-7.879258325535562e-05,3819,0.18644882275849137,300,146
3,Selvær,1,1014,2082,2082,8N14298,14,Lauvøya,-7.894121846074505e-05,3820,0.18644882275849137,300,132
3,Selvær,1,1014,4204,4204,8537612,4,Gjerøy,-7.905571860307735e-05,3821,0.18644882275849137,300,143
3,Selvær,1,1014,5466,5466,8981773,4,Gjerøy,-7.910425573100229e-05,3822,0.18644882275849137,300,136
3,Selvær,1,1014,5264,5264,8939737,7,Onøy og Lurøy,-7.92213481311686e-05,3823,0.18644882275849137,300,132
3,Selvær,1,1014,1313,1313,8N05224,12,Vega,-7.924156232287034e-05,3824,0.18644882275849137,300,141
3,Selvær,1,1014,934,934,8M71348,12,Vega,-7.933120226327463e-05,3825,0.18644882275849137,300,149
3,Selvær,1,1014,1123,1123,8M72739,4,Gjerøy,-7.938032549646222e-05,3826,0.18644882275849137,300,149
3,Selvær,1,1014,622,622,8L89691,5,Hestmannøy,-7.940035174552068e-05,3827,0.18644882275849137,300,150
3,Selvær,1,1014,3127,3127,8N73474,11,Leka,-7.972415296538031e-05,3828,0.18644882275849137,300,134
3,Selvær,1,1014,3082,3082,8N73425,6,Indre Kvarøy,-7.992028544279662e-05,3829,0.18644882275849137,300,139
3,Selvær,1,1014,278,278,8L52211,5,Hestmannøy,-7.99392504620101e-05,3830,0.18644882275849137,300,164
3,Selvær,1,1014,250,250,8L48761,11,Leka,-7.995190191163477e-05,3831,0.18644882275849137,300,143
3,Selvær,1,1014,2586,2586,8N28738,2,Træna,-8.013254231651475e-05,3832,0.18644882275849137,300,132
3,Selvær,1,1014,5478,5478,8981823,5,Hestmannøy,-8.02475735704695e-05,3833,0.18644882275849137,300,143
3,Selvær,1,1014,3839,3839,8P11562,14,Lauvøya,-8.033825387825779e-05,3834,0.18644882275849137,300,152
3,Selvær,1,1014,4112,4112,8P26697,7,Onøy og Lurøy,-8.039306308002927e-05,3835,0.18644882275849137,300,145
3,Selvær,1,1014,1065,1065,8M72562,11,Leka,-8.044110604483937e-05,3836,0.18644882275849137,300,140
3,Selvær,1,1014,1826,1826,8N13105,14,Lauvøya,-8.048357125990493e-05,3837,0.18644882275849137,300,147
3,Selvær,1,1014,5006,5006,8887421,6,Indre Kvarøy,-8.071669487527854e-05,3838,0.18644882275849137,300,146
3,Selvær,1,1014,5102,5102,8934354,6,Indre Kvarøy,-8.078258927198207e-05,3839,0.18644882275849137,300,151
3,Selvær,1,1014,4548,4548,8747239,4,Gjerøy,-8.113077568677529e-05,3840,0.18644882275849137,300,147
3,Selvær,1,1014,4564,4564,8747309,8,Lovund,-8.121137143484977e-05,3841,0.18644882275849137,300,154
3,Selvær,1,1014,2293,2293,8N14931,5,Hestmannøy,-8.145863532209335e-05,3842,0.18644882275849137,300,138
3,Selvær,1,1014,5296,5296,8943023,5,Hestmannøy,-8.15667816245538e-05,3843,0.18644882275849137,300,133
3,Selvær,1,1014,1877,1877,8N13604,14,Lauvøya,-8.166289062292585e-05,3844,0.18644882275849137,300,142
3,Selvær,1,1014,3320,3320,8N73923,11,Leka,-8.168409295282438e-05,3845,0.18644882275849137,300,149
3,Selvær,1,1014,727,727,8M31468,5,Hestmannøy,-8.20955593697932e-05,3846,0.18644882275849137,300,132
3,Selvær,1,1014,1187,1187,8N05057,4,Gjerøy,-8.246016532766456e-05,3847,0.18644882275849137,300,132
3,Selvær,1,1014,2163,2163,8N14580,11,Leka,-8.246665404775711e-05,3848,0.18644882275849137,300,133
3,Selvær,1,1014,207,207,8L48461,10,Aldra,-8.250687586718841e-05,3849,0.18644882275849137,300,143
3,Selvær,1,1014,4757,4757,8800181,6,Indre Kvarøy,-8.251834512186872e-05,3850,0.18644882275849137,300,137
3,Selvær,1,1014,946,946,8M71374,12,Vega,-8.262622983485538e-05,3851,0.18644882275849137,300,137
3,Selvær,1,1014,823,823,8M31926,5,Hestmannøy,-8.269807634155919e-05,3852,0.18644882275849137,300,150
3,Selvær,1,1014,1820,1820,8N13081,14,Lauvøya,-8.270317238861663e-05,3853,0.18644882275849137,300,134
3,Selvær,1,1014,3029,3029,8N73228,12,Vega,-8.32009554741087e-05,3854,0.18644882275849137,300,145
3,Selvær,1,1014,3309,3309,8N73912,11,Leka,-8.320651208292247e-05,3855,0.18644882275849137,300,150
3,Selvær,1,1014,1759,1759,8N06854,11,Leka,-8.322187920238763e-05,3856,0.18644882275849137,300,148
3,Selvær,1,1014,3272,3272,8N73691,13,Vikna,-8.32563125119357e-05,3857,0.18644882275849137,300,142
3,Selvær,1,1014,2390,2390,8N27259,5,Hestmannøy,-8.325988476929933e-05,3858,0.18644882275849137,300,128
3,Selvær,1,1014,3625,3625,8N87837,14,Lauvøya,-8.327896085916311e-05,3859,0.18644882275849137,300,147
3,Selvær,1,1014,875,875,8L64503,12,Vega,-8.336283666433801e-05,3860,0.18644882275849137,300,142
3,Selvær,1,1014,3566,3566,8N87626,14,Lauvøya,-8.337904645650046e-05,3861,0.18644882275849137,300,162
3,Selvær,1,1014,2263,2263,8N14682,13,Vikna,-8.343734574204085e-05,3862,0.18644882275849137,300,131
3,Selvær,1,1014,1072,1072,8M72575,11,Leka,-8.345719992781646e-05,3863,0.18644882275849137,300,150
3,Selvær,1,1014,1133,1133,8M72806,4,Gjerøy,-8.348360570683751e-05,3864,0.18644882275849137,300,153
3,Selvær,1,1014,1276,1276,8N05187,13,Vikna,-8.354404188020967e-05,3865,0.18644882275849137,300,153
3,Selvær,1,1014,255,255,8L48767,11,Leka,-8.380415180445841e-05,3866,0.18644882275849137,300,148
3,Selvær,1,1014,3152,3152,8N73500,12,Vega,-8.390174374875754e-05,3867,0.18644882275849137,300,132
3,Selvær,1,1014,1397,1397,8M71867,5,Hestmannøy,-8.397909519649174e-05,3868,0.18644882275849137,300,154
3,Selvær,1,1014,2540,2540,8N28404,9,Sleneset,-8.405831503727916e-05,3869,0.18644882275849137,300,142
3,Selvær,1,1014,1278,1278,8N05189,13,Vikna,-8.423787718359949e-05,3870,0.18644882275849137,300,145
3,Selvær,1,1014,4125,4125,8118426,6,Indre Kvarøy,-8.458388465974796e-05,3871,0.18644882275849137,300,139
3,Selvær,1,1014,1728,1728,8N06823,11,Leka,-8.458744839129188e-05,3872,0.18644882275849137,300,157
3,Selvær,1,1014,2333,2333,8N27067,14,Lauvøya,-8.463637165310241e-05,3873,0.18644882275849137,300,134
3,Selvær,1,1014,3427,3427,8N87241,5,Hestmannøy,-8.48501671097996e-05,3874,0.18644882275849137,300,141
3,Selvær,1,1014,1034,1034,8M72297,9,Sleneset,-8.526140445949757e-05,3875,0.18644882275849137,300,153
3,Selvær,1,1014,1455,1455,8N05625,14,Lauvøya,-8.563414644260442e-05,3876,0.18644882275849137,300,149
3,Selvær,1,1014,1445,1445,8N05615,14,Lauvøya,-8.566036147115984e-05,3877,0.18644882275849137,300,148
3,Selvær,1,1014,857,857,8M71098,5,Hestmannøy,-8.567596286773123e-05,3878,0.18644882275849137,300,135
3,Selvær,1,1014,84,84,8L30260,5,Hestmannøy,-8.57715080291835e-05,3879,0.18644882275849137,300,142
3,Selvær,1,1014,2015,2015,8N14004,6,Indre Kvarøy,-8.584606061186384e-05,3880,0.18644882275849137,300,131
3,Selvær,1,1014,4201,4201,8414501,0,Nesøy,-8.586115233921714e-05,3881,0.18644882275849137,300,148
3,Selvær,1,1014,2315,2315,8N14971,7,Onøy og Lurøy,-8.591195038125027e-05,3882,0.18644882275849137,300,140
3,Selvær,1,1014,1155,1155,8M72913,5,Hestmannøy,-8.606606465991711e-05,3883,0.18644882275849137,300,144
3,Selvær,1,1014,5185,5185,8939157,5,Hestmannøy,-8.646323733318559e-05,3884,0.18644882275849137,300,140
3,Selvær,1,1014,4506,4506,8732671,7,Onøy og Lurøy,-8.671392196416363e-05,3885,0.18644882275849137,300,139
3,Selvær,1,1014,2886,2886,8N72717,4,Gjerøy,-8.672228690066317e-05,3886,0.18644882275849137,300,147
3,Selvær,1,1014,2533,2533,8N28349,2,Træna,-8.683529469488706e-05,3887,0.18644882275849137,300,141
3,Selvær,1,1014,1524,1524,8N05707,4,Gjerøy,-8.689693795326797e-05,3888,0.18644882275849137,300,148
3,Selvær,1,1014,4885,4885,8857220,5,Hestmannøy,-8.697089876405614e-05,3889,0.18644882275849137,300,144
3,Selvær,1,1014,2465,2465,8N27880,6,Indre Kvarøy,-8.719441751217114e-05,3890,0.18644882275849137,300,144
3,Selvær,1,1014,440,440,8L64176,2,Træna,-8.730219803783361e-05,3891,0.18644882275849137,300,156
3,Selvær,1,1014,1822,1822,8N13090,14,Lauvøya,-8.732515835733679e-05,3892,0.18644882275849137,300,141
3,Selvær,1,1014,1716,1716,8N06749,5,Hestmannøy,-8.753643832728355e-05,3893,0.18644882275849137,300,155
3,Selvær,1,1014,4375,4375,8681403,5,Hestmannøy,-8.765013649724688e-05,3894,0.18644882275849137,300,146
3,Selvær,1,1014,351,351,8L52428,5,Hestmannøy,-8.767663260053583e-05,3895,0.18644882275849137,300,146
3,Selvær,1,1014,419,419,8L57974,13,Vikna,-8.776482129692028e-05,3896,0.18644882275849137,300,143
3,Selvær,1,1014,2413,2413,8N27362,5,Hestmannøy,-8.781602951744186e-05,3897,0.18644882275849137,300,150
3,Selvær,1,1014,5443,5443,8981605,10,Aldra,-8.78201693101512e-05,3898,0.18644882275849137,300,150
3,Selvær,1,1014,1454,1454,8N05624,14,Lauvøya,-8.80067093211205e-05,3899,0.18644882275849137,300,148
3,Selvær,1,1014,512,512,8L89197,12,Vega,-8.801928743500199e-05,3900,0.18644882275849137,300,135
3,Selvær,1,1014,1305,1305,8N05216,12,Vega,-8.804432835365255e-05,3901,0.18644882275849137,300,157
3,Selvær,1,1014,4648,4648,8747749,5,Hestmannøy,-8.816690441469837e-05,3902,0.18644882275849137,300,137
3,Selvær,1,1014,1976,1976,8N13860,14,Lauvøya,-8.828742047911767e-05,3903,0.18644882275849137,300,145
3,Selvær,1,1014,4931,4931,8866752,5,Hestmannøy,-8.829933643687699e-05,3904,0.18644882275849137,300,138
3,Selvær,1,1014,100,100,8L30446,4,Gjerøy,-8.836096568988368e-05,3905,0.18644882275849137,300,143
3,Selvær,1,1014,2327,2327,8N27053,14,Lauvøya,-8.875549884826371e-05,3906,0.18644882275849137,300,143
3,Selvær,1,1014,36,36,8L19931,10,Aldra,-8.875787384400939e-05,3907,0.18644882275849137,300,148
3,Selvær,1,1014,4026,4026,8P14907,14,Lauvøya,-8.902633289084434e-05,3908,0.18644882275849137,300,149
3,Selvær,1,1014,3032,3032,8N73231,12,Vega,-8.914065290234791e-05,3909,0.18644882275849137,300,142
3,Selvær,1,1014,2653,2653,8N42130,9,Sleneset,-8.918052634915187e-05,3910,0.18644882275849137,300,134
3,Selvær,1,1014,1180,1180,8N05006,4,Gjerøy,-8.92023286699463e-05,3911,0.18644882275849137,300,138
3,Selvær,1,1014,1569,1569,8N05872,11,Leka,-8.933427660816757e-05,3912,0.18644882275849137,300,137
3,Selvær,1,1014,4227,4227,8573896,5,Hestmannøy,-8.960264959620231e-05,3913,0.18644882275849137,300,145
3,Selvær,1,1014,3055,3055,8N73302,14,Lauvøya,-8.986234015220141e-05,3914,0.18644882275849137,300,144
3,Selvær,1,1014,4044,4044,8P14963,14,Lauvøya,-9.000230876889862e-05,3915,0.18644882275849137,300,138
3,Selvær,1,1014,856,856,8M71097,5,Hestmannøy,-9.001896939584188e-05,3916,0.18644882275849137,300,144
3,Selvær,1,1014,1918,1918,8N13655,13,Vikna,-9.025147479657051e-05,3917,0.18644882275849137,300,148
3,Selvær,1,1014,3627,3627,8N87839,14,Lauvøya,-9.035518360790192e-05,3918,0.18644882275849137,300,134
3,Selvær,1,1014,1127,1127,8M72764,6,Indre Kvarøy,-9.049999058380848e-05,3919,0.18644882275849137,300,149
3,Selvær,1,1014,942,942,8L64182,7,Onøy og Lurøy,-9.051566461399792e-05,3920,0.18644882275849137,300,140
3,Selvær,1,1014,3486,3486,8N87538,11,Leka,-9.06093169293187e-05,3921,0.18644882275849137,300,131
3,Selvær,1,1014,2305,2305,8N14958,5,Hestmannøy,-9.065556472061587e-05,3922,0.18644882275849137,300,125
3,Selvær,1,1014,3938,3938,8P14342,14,Lauvøya,-9.069525473614046e-05,3923,0.18644882275849137,300,140
3,Selvær,1,1014,1692,1692,8N06680,14,Lauvøya,-9.072811281173546e-05,3924,0.18644882275849137,300,137
3,Selvær,1,1014,5468,5468,8981792,6,Indre Kvarøy,-9.07659959889314e-05,3925,0.18644882275849137,300,150
3,Selvær,1,1014,3823,3823,8P11546,14,Lauvøya,-9.080016147330452e-05,3926,0.18644882275849137,300,138
3,Selvær,1,1014,2948,2948,8N72947,13,Vikna,-9.08179708406014e-05,3927,0.18644882275849137,300,137
3,Selvær,1,1014,978,978,8M71494,13,Vikna,-9.086953452847584e-05,3928,0.18644882275849137,300,134
3,Selvær,1,1014,955,955,8M71407,0,Nesøy,-9.091847858734463e-05,3929,0.18644882275849137,300,144
3,Selvær,1,1014,5366,5366,8981012,5,Hestmannøy,-9.107424390282688e-05,3930,0.18644882275849137,300,149
3,Selvær,1,1014,4150,4150,8168658,1,Myken,-9.108018913414638e-05,3931,0.18644882275849137,300,144
3,Selvær,1,1014,2607,2607,8N28792,14,Lauvøya,-9.115906995101223e-05,3932,0.18644882275849137,300,140
3,Selvær,1,1014,3610,3610,8N87822,14,Lauvøya,-9.12291344029693e-05,3933,0.18644882275849137,300,140
3,Selvær,1,1014,328,328,8L52383,11,Leka,-9.123344463183107e-05,3934,0.18644882275849137,300,136
3,Selvær,1,1014,4929,4929,8866745,4,Gjerøy,-9.124752306505117e-05,3935,0.18644882275849137,300,144
3,Selvær,1,1014,128,128,8L30724,12,Vega,-9.145682550832873e-05,3936,0.18644882275849137,300,142
3,Selvær,1,1014,1424,1424,8N05538,5,Hestmannøy,-9.147454060384608e-05,3937,0.18644882275849137,300,134
3,Selvær,1,1014,5229,5229,8939451,9,Sleneset,-9.159293797457693e-05,3938,0.18644882275849137,300,141
3,Selvær,1,1014,3241,3241,8N73659,13,Vikna,-9.165308161634953e-05,3939,0.18644882275849137,300,135
3,Selvær,1,1014,4628,4628,8747711,7,Onøy og Lurøy,-9.17165682818609e-05,3940,0.18644882275849137,300,139
3,Selvær,1,1014,5256,5256,8939619,5,Hestmannøy,-9.179213019075965e-05,3941,0.18644882275849137,300,152
3,Selvær,1,1014,2870,2870,8N72686,11,Leka,-9.184613211945256e-05,3942,0.18644882275849137,300,146
3,Selvær,1,1014,2401,2401,8N27324,6,Indre Kvarøy,-9.197341090416278e-05,3943,0.18644882275849137,300,147
3,Selvær,1,1014,3385,3385,8N73988,12,Vega,-9.197540410348986e-05,3944,0.18644882275849137,300,141
3,Selvær,1,1014,3564,3564,8N87623,14,Lauvøya,-9.200078172133161e-05,3945,0.18644882275849137,300,147
3,Selvær,1,1014,532,532,8L89298,10,Aldra,-9.205232469695314e-05,3946,0.18644882275849137,300,154
3,Selvær,1,1014,489,489,8L64869,11,Leka,-9.208931954696368e-05,3947,0.18644882275849137,300,153
3,Selvær,1,1014,3972,3972,8P14736,2,Træna,-9.228506124963677e-05,3948,0.18644882275849137,300,134
3,Selvær,1,1014,4398,4398,8730436,5,Hestmannøy,-9.258763419059286e-05,3949,0.18644882275849137,300,144
3,Selvær,1,1014,3274,3274,8N73693,13,Vikna,-9.269721236638297e-05,3950,0.18644882275849137,300,144
3,Selvær,1,1014,3647,3647,8N87861,14,Lauvøya,-9.275981351438307e-05,3951,0.18644882275849137,300,132
3,Selvær,1,1014,4793,4793,8800436,6,Indre Kvarøy,-9.292183176803623e-05,3952,0.18644882275849137,300,149
3,Selvær,1,1014,1335,1335,8N05247,13,Vikna,-9.293663997010978e-05,3953,0.18644882275849137,300,138
3,Selvær,1,1014,812,812,8M31872,5,Hestmannøy,-9.29539579043883e-05,3954,0.18644882275849137,300,136
3,Selvær,1,1014,2221,2221,8N14639,13,Vikna,-9.306556494822642e-05,3955,0.18644882275849137,300,137
3,Selvær,1,1014,3369,3369,8N73972,12,Vega,-9.322529537995559e-05,3956,0.18644882275849137,300,143
3,Selvær,1,1014,3649,3649,8N87863,14,Lauvøya,-9.328856656020842e-05,3957,0.18644882275849137,300,141
3,Selvær,1,1014,4607,4607,8747606,5,Hestmannøy,-9.335939252720507e-05,3958,0.18644882275849137,300,149
3,Selvær,1,1014,3788,3788,8P11385,14,Lauvøya,-9.348406682105385e-05,3959,0.18644882275849137,300,142
3,Selvær,1,1014,157,157,8L30813,9,Sleneset,-9.366563493896223e-05,3960,0.18644882275849137,300,133
3,Selvær,1,1014,1129,1129,8M72786,10,Aldra,-9.37357408920647e-05,3961,0.18644882275849137,300,140
3,Selvær,1,1014,3048,3048,8N73247,14,Lauvøya,-9.373855737889176e-05,3962,0.18644882275849137,300,135
3,Selvær,1,1014,992,992,8M71530,4,Gjerøy,-9.3923451747822e-05,3963,0.18644882275849137,300,143
3,Selvær,1,1014,1131,1131,8M72797,6,Indre Kvarøy,-9.396636490098015e-05,3964,0.18644882275849137,300,133
3,Selvær,1,1014,4966,4966,8887272,7,Onøy og Lurøy,-9.409089678588114e-05,3965,0.18644882275849137,300,151
3,Selvær,1,1014,815,815,8M31875,5,Hestmannøy,-9.411269009301083e-05,3966,0.18644882275849137,300,150
3,Selvær,1,1014,2725,2725,8N42647,7,Onøy og Lurøy,-9.418600665648548e-05,3967,0.18644882275849137,300,140
3,Selvær,1,1014,2688,2688,8N42497,14,Lauvøya,-9.422054173195753e-05,3968,0.18644882275849137,300,144
3,Selvær,1,1014,2441,2441,8N27618,14,Lauvøya,-9.431500338907078e-05,3969,0.18644882275849137,300,143
3,Selvær,1,1014,1389,1389,8N05302,13,Vikna,-9.43441462991605e-05,3970,0.18644882275849137,300,135
3,Selvær,1,1014,2600,2600,8N28785,14,Lauvøya,-9.455944404073157e-05,3971,0.18644882275849137,300,142
3,Selvær,1,1014,1099,1099,8M72648,4,Gjerøy,-9.457835496704002e-05,3972,0.18644882275849137,300,135
3,Selvær,1,1014,4806,4806,8800489,10,Aldra,-9.465643410736541e-05,3973,0.18644882275849137,300,144
3,Selvær,1,1014,193,193,8L48425,7,Onøy og Lurøy,-9.48136566080845e-05,3974,0.18644882275849137,300,134
3,Selvær,1,1014,3390,3390,8N73993,12,Vega,-9.493171640900555e-05,3975,0.18644882275849137,300,134
3,Selvær,1,1014,3631,3631,8N87844,14,Lauvøya,-9.513974604090642e-05,3976,0.18644882275849137,300,143
3,Selvær,1,1014,4718,4718,8800031,5,Hestmannøy,-9.518885336555121e-05,3977,0.18644882275849137,300,139
3,Selvær,1,1014,1518,1518,8N05701,6,Indre Kvarøy,-9.524173168554832e-05,3978,0.18644882275849137,300,144
3,Selvær,1,1014,2506,2506,8N28061,7,Onøy og Lurøy,-9.527447536230435e-05,3979,0.18644882275849137,300,148
3,Selvær,1,1014,836,836,8M31968,5,Hestmannøy,-9.528331125684619e-05,3980,0.18644882275849137,300,143
3,Selvær,1,1014,439,439,8L64173,6,Indre Kvarøy,-9.538105819727648e-05,3981,0.18644882275849137,300,149
3,Selvær,1,1014,3144,3144,8N73492,12,Vega,-9.546915159825366e-05,3982,0.18644882275849137,300,150
3,Selvær,1,1014,3897,3897,8P14052,5,Hestmannøy,-9.547868488848159e-05,3983,0.18644882275849137,300,148
3,Selvær,1,1014,508,508,8M31828,12,Vega,-9.551737145081507e-05,3984,0.18644882275849137,300,147
3,Selvær,1,1014,1886,1886,8N13621,14,Lauvøya,-9.558938988504405e-05,3985,0.18644882275849137,300,139
3,Selvær,1,1014,1315,1315,8N05226,12,Vega,-9.560396012285756e-05,3986,0.18644882275849137,300,149
3,Selvær,1,1014,3930,3930,8P14312,14,Lauvøya,-9.568088769485753e-05,3987,0.18644882275849137,300,147
3,Selvær,1,1014,3931,3931,8P14315,14,Lauvøya,-9.569985903352835e-05,3988,0.18644882275849137,300,151
3,Selvær,1,1014,3376,3376,8N73979,12,Vega,-9.573294336646257e-05,3989,0.18644882275849137,300,143
3,Selvær,1,1014,5039,5039,8917927,2,Træna,-9.576289026343553e-05,3990,0.18644882275849137,300,142
3,Selvær,1,1014,889,889,8M71247,4,Gjerøy,-9.579811297952278e-05,3991,0.18644882275849137,300,146
3,Selvær,1,1014,4823,4823,8800574,5,Hestmannøy,-9.580248128456173e-05,3992,0.18644882275849137,300,139
3,Selvær,1,1014,2592,2592,8N28773,5,Hestmannøy,-9.58215629081188e-05,3993,0.18644882275849137,300,145
3,Selvær,1,1014,3010,3010,8N73209,12,Vega,-9.587873890389458e-05,3994,0.18644882275849137,300,150
3,Selvær,1,1014,3767,3767,8N87983,13,Vikna,-9.595407632921763e-05,3995,0.18644882275849137,300,147
3,Selvær,1,1014,4366,4366,8681355,5,Hestmannøy,-9.597005451804034e-05,3996,0.18644882275849137,300,151
3,Selvær,1,1014,2009,2009,8N13984,5,Hestmannøy,-9.625348425604831e-05,3997,0.18644882275849137,300,152
3,Selvær,1,1014,2721,2721,8N42634,5,Hestmannøy,-9.636028203329123e-05,3998,0.18644882275849137,300,144
3,Selvær,1,1014,2214,2214,8N14631,13,Vikna,-9.649610600413316e-05,3999,0.18644882275849137,300,140
3,Selvær,1,1014,3021,3021,8N73220,12,Vega,-9.685754995650727e-05,4000,0.18644882275849137,300,146
3,Selvær,1,1014,2749,2749,8N42718,5,Hestmannøy,-9.685783884560575e-05,4001,0.18644882275849137,300,144
3,Selvær,1,1014,1933,1933,8N13671,13,Vikna,-9.691726010774642e-05,4002,0.18644882275849137,300,146
3,Selvær,1,1014,39,39,8L19936,5,Hestmannøy,-9.692528904223234e-05,4003,0.18644882275849137,300,147
3,Selvær,1,1014,2122,2122,8N14537,11,Leka,-9.69884851670851e-05,4004,0.18644882275849137,300,147
3,Selvær,1,1014,5076,5076,8934228,10,Aldra,-9.701886986929809e-05,4005,0.18644882275849137,300,137
3,Selvær,1,1014,1941,1941,8N13679,13,Vikna,-9.722121954627727e-05,4006,0.18644882275849137,300,152
3,Selvær,1,1014,4048,4048,8P14968,14,Lauvøya,-9.731318565855867e-05,4007,0.18644882275849137,300,132
3,Selvær,1,1014,160,160,8L30859,9,Sleneset,-9.740482316606184e-05,4008,0.18644882275849137,300,138
3,Selvær,1,1014,2503,2503,8N28030,7,Onøy og Lurøy,-9.740795652641267e-05,4009,0.18644882275849137,300,136
3,Selvær,1,1014,4281,4281,8651975,5,Hestmannøy,-9.743444926185693e-05,4010,0.18644882275849137,300,140
3,Selvær,1,1014,3380,3380,8N73983,12,Vega,-9.751004013672083e-05,4011,0.18644882275849137,300,145
3,Selvær,1,1014,2971,2971,8N73013,4,Gjerøy,-9.755940200936066e-05,4012,0.18644882275849137,300,141
3,Selvær,1,1014,4495,4495,8732649,5,Hestmannøy,-9.764686774961628e-05,4013,0.18644882275849137,300,155
3,Selvær,1,1014,1384,1384,8N05297,13,Vikna,-9.775852694532022e-05,4014,0.18644882275849137,300,141
3,Selvær,1,1014,3216,3216,8N73634,13,Vikna,-9.777872778946549e-05,4015,0.18644882275849137,300,143
3,Selvær,1,1014,5490,5490,8981873,2,Træna,-9.801921028010124e-05,4016,0.18644882275849137,300,141
3,Selvær,1,1014,4928,4928,8866741,6,Indre Kvarøy,-9.803164304273132e-05,4017,0.18644882275849137,300,150
3,Selvær,1,1014,4874,4874,8816957,4,Gjerøy,-9.813617206239023e-05,4018,0.18644882275849137,300,132
3,Selvær,1,1014,66,66,8L26582,6,Indre Kvarøy,-9.861582672709157e-05,4019,0.18644882275849137,300,154
3,Selvær,1,1014,3020,3020,8N73219,12,Vega,-9.870806748234444e-05,4020,0.18644882275849137,300,137
3,Selvær,1,1014,75,75,8L30090,13,Vikna,-9.887017121142075e-05,4021,0.18644882275849137,300,154
3,Selvær,1,1014,9,9,8L19663,7,Onøy og Lurøy,-9.89522900934061e-05,4022,0.18644882275849137,300,152
3,Selvær,1,1014,3569,3569,8N87629,14,Lauvøya,-9.901345764667824e-05,4023,0.18644882275849137,300,138
3,Selvær,1,1014,2705,2705,8N42521,5,Hestmannøy,-9.902992942678154e-05,4024,0.18644882275849137,300,142
3,Selvær,1,1014,4446,4446,8732240,7,Onøy og Lurøy,-9.91188835608011e-05,4025,0.18644882275849137,300,162
3,Selvær,1,1014,669,669,8M31192,8,Lovund,-9.914136187985646e-05,4026,0.18644882275849137,300,137
3,Selvær,1,1014,3723,3723,8N87939,13,Vikna,-9.925084200161844e-05,4027,0.18644882275849137,300,144
3,Selvær,1,1014,1229,1229,8N05139,12,Vega,-9.93529036832577e-05,4028,0.18644882275849137,300,128
3,Selvær,1,1014,4634,4634,8747728,5,Hestmannøy,-9.935473334503334e-05,4029,0.18644882275849137,300,135
3,Selvær,1,1014,3996,3996,8P14848,14,Lauvøya,-9.936948201485861e-05,4030,0.18644882275849137,300,149
3,Selvær,1,1014,2742,2742,8N42707,4,Gjerøy,-9.937385770107409e-05,4031,0.18644882275849137,300,142
3,Selvær,1,1014,3453,3453,8N87362,5,Hestmannøy,-9.941788002856406e-05,4032,0.18644882275849137,300,138
3,Selvær,1,1014,4129,4129,8118433,4,Gjerøy,-9.953460983859842e-05,4033,0.18644882275849137,300,149
3,Selvær,1,1014,2196,2196,8N14613,13,Vikna,-9.97253183893755e-05,4034,0.18644882275849137,300,136
3,Selvær,1,1014,2158,2158,8N14575,11,Leka,-9.997716783062168e-05,4035,0.18644882275849137,300,146
3,Selvær,1,1014,2440,2440,8N27581,5,Hestmannøy,-0.00010009318635019856,4036,0.18644882275849137,300,155
3,Selvær,1,1014,2496,2496,8N28002,2,Træna,-0.00010028245357778614,4037,0.18644882275849137,300,129
3,Selvær,1,1014,2733,2733,8N42679,5,Hestmannøy,-0.00010032787704342872,4038,0.18644882275849137,300,143
3,Selvær,1,1014,1361,1361,8N05273,13,Vikna,-0.00010039762075628739,4039,0.18644882275849137,300,136
3,Selvær,1,1014,3574,3574,8N87692,9,Sleneset,-0.00010041001372807943,4040,0.18644882275849137,300,145
3,Selvær,1,1014,1094,1094,8M72638,6,Indre Kvarøy,-0.00010044522005208547,4041,0.18644882275849137,300,144
3,Selvær,1,1014,3279,3279,8N73698,13,Vikna,-0.0001006002134650521,4042,0.18644882275849137,300,147
3,Selvær,1,1014,311,311,8L52351,11,Leka,-0.00010067197292671639,4043,0.18644882275849137,300,140
3,Selvær,1,1014,2838,2838,8N72554,6,Indre Kvarøy,-0.00010079955003732266,4044,0.18644882275849137,300,150
3,Selvær,1,1014,2509,2509,8N28086,2,Træna,-0.00010082636600396314,4045,0.18644882275849137,300,148
3,Selvær,1,1014,5252,5252,8939608,5,Hestmannøy,-0.00010087115529482857,4046,0.18644882275849137,300,147
3,Selvær,1,1014,3103,3103,8N73450,11,Leka,-0.00010087183312886099,4047,0.18644882275849137,300,139
3,Selvær,1,1014,3266,3266,8N73684,13,Vikna,-0.00010093152640484436,4048,0.18644882275849137,300,137
3,Selvær,1,1014,2220,2220,8N14638,13,Vikna,-0.00010098417208171821,4049,0.18644882275849137,300,145
3,Selvær,1,1014,1893,1893,8N13628,14,Lauvøya,-0.00010125126758408203,4050,0.18644882275849137,300,157
3,Selvær,1,1014,2621,2621,8N28847,5,Hestmannøy,-0.00010133029571225235,4051,0.18644882275849137,300,145
3,Selvær,1,1014,2403,2403,8N27328,4,Gjerøy,-0.00010137050267501507,4052,0.18644882275849137,300,152
3,Selvær,1,1014,2762,2762,8N42786,5,Hestmannøy,-0.00010139088674970626,4053,0.18644882275849137,300,144
3,Selvær,1,1014,3703,3703,8N87919,13,Vikna,-0.00010155863759372309,4054,0.18644882275849137,300,148
3,Selvær,1,1014,2044,2044,8N14115,5,Hestmannøy,-0.00010176448683207938,4055,0.18644882275849137,300,145
3,Selvær,1,1014,1841,1841,8N13360,1,Myken,-0.00010186110323440435,4056,0.18644882275849137,300,150
3,Selvær,1,1014,883,883,8M71212,5,Hestmannøy,-0.00010191829030709299,4057,0.18644882275849137,300,152
3,Selvær,1,1014,3081,3081,8N73423,6,Indre Kvarøy,-0.00010200340779200151,4058,0.18644882275849137,300,143
3,Selvær,1,1014,1521,1521,8N05704,5,Hestmannøy,-0.00010234528308593591,4059,0.18644882275849137,300,144
3,Selvær,1,1014,2329,2329,8N27059,14,Lauvøya,-0.00010237855978625578,4060,0.18644882275849137,300,127
3,Selvær,1,1014,1560,1560,8N05861,11,Leka,-0.00010240151231275233,4061,0.18644882275849137,300,142
3,Selvær,1,1014,1279,1279,8N05190,13,Vikna,-0.00010240366558000105,4062,0.18644882275849137,300,146
3,Selvær,1,1014,4199,4199,8309291,0,Nesøy,-0.00010244820935181345,4063,0.18644882275849137,300,131
3,Selvær,1,1014,1878,1878,8N13615,14,Lauvøya,-0.00010254026780949672,4064,0.18644882275849137,300,138
3,Selvær,1,1014,5286,5286,8939899,5,Hestmannøy,-0.00010268826039104617,4065,0.18644882275849137,300,142
3,Selvær,1,1014,5254,5254,8939615,6,Indre Kvarøy,-0.00010278723638066078,4066,0.18644882275849137,300,149
3,Selvær,1,1014,3567,3567,8N87627,14,Lauvøya,-0.00010312155288261564,4067,0.18644882275849137,300,137
3,Selvær,1,1014,527,527,8L89274,5,Hestmannøy,-0.00010386600243368726,4068,0.18644882275849137,300,136
3,Selvær,1,1014,1623,1623,8N06394,4,Gjerøy,-0.00010388311958961427,4069,0.18644882275849137,300,134
3,Selvær,1,1014,4830,4830,8800615,5,Hestmannøy,-0.00010388855129013085,4070,0.18644882275849137,300,143
3,Selvær,1,1014,2112,2112,8N14527,11,Leka,-0.0001039133503897661,4071,0.18644882275849137,300,141
3,Selvær,1,1014,4223,4223,8573856,4,Gjerøy,-0.00010410000873067383,4072,0.18644882275849137,300,145
3,Selvær,1,1014,2544,2544,8N28428,2,Træna,-0.0001041849843355031,4073,0.18644882275849137,300,161
3,Selvær,1,1014,2262,2262,8N14681,13,Vikna,-0.00010444351739121574,4074,0.18644882275849137,300,137
3,Selvær,1,1014,3545,3545,8N87599,11,Leka,-0.00010444483038552147,4075,0.18644882275849137,300,140
3,Selvær,1,1014,1847,1847,8N13419,2,Træna,-0.00010445276507045399,4076,0.18644882275849137,300,129
3,Selvær,1,1014,572,572,8L89460,10,Aldra,-0.00010470442881909794,4077,0.18644882275849137,300,142
3,Selvær,1,1014,3232,3232,8N73650,13,Vikna,-0.00010473039248870219,4078,0.18644882275849137,300,145
3,Selvær,1,1014,1152,1152,8M72897,6,Indre Kvarøy,-0.00010480160683009517,4079,0.18644882275849137,300,147
3,Selvær,1,1014,5421,5421,8981284,5,Hestmannøy,-0.00010481016994604409,4080,0.18644882275849137,300,139
3,Selvær,1,1014,3214,3214,8N73632,13,Vikna,-0.00010483473152133383,4081,0.18644882275849137,300,139
3,Selvær,1,1014,3252,3252,8N73670,13,Vikna,-0.00010500334176687954,4082,0.18644882275849137,300,144
3,Selvær,1,1014,4137,4137,8168615,7,Onøy og Lurøy,-0.00010516899684178043,4083,0.18644882275849137,300,143
3,Selvær,1,1014,2155,2155,8N14572,11,Leka,-0.0001055648685865052,4084,0.18644882275849137,300,149
3,Selvær,1,1014,1137,1137,8M72848,6,Indre Kvarøy,-0.00010562462407247866,4085,0.18644882275849137,300,139
3,Selvær,1,1014,4295,4295,8681017,4,Gjerøy,-0.00010566402459594862,4086,0.18644882275849137,300,127
3,Selvær,1,1014,2071,2071,8N14287,14,Lauvøya,-0.00010570287825615507,4087,0.18644882275849137,300,129
3,Selvær,1,1014,3063,3063,8N73310,14,Lauvøya,-0.00010573843193907423,4088,0.18644882275849137,300,148
3,Selvær,1,1014,4360,4360,8681309,4,Gjerøy,-0.00010576804904422966,4089,0.18644882275849137,300,149
3,Selvær,1,1014,5103,5103,8934355,6,Indre Kvarøy,-0.00010586139555668614,4090,0.18644882275849137,300,136
3,Selvær,1,1014,1291,1291,8N05202,12,Vega,-0.00010614481874431707,4091,0.18644882275849137,300,153
3,Selvær,1,1014,4649,4649,8747756,5,Hestmannøy,-0.00010621214097417041,4092,0.18644882275849137,300,151
3,Selvær,1,1014,1154,1154,8M72909,5,Hestmannøy,-0.00010631041554827205,4093,0.18644882275849137,300,144
3,Selvær,1,1014,25,25,8L19899,6,Indre Kvarøy,-0.00010654831446542073,4094,0.18644882275849137,300,151
3,Selvær,1,1014,1241,1241,8N05152,12,Vega,-0.00010656075924328375,4095,0.18644882275849137,300,154
3,Selvær,1,1014,330,330,8L52386,11,Leka,-0.00010658643223510136,4096,0.18644882275849137,300,156
3,Selvær,1,1014,1705,1705,8N06693,14,Lauvøya,-0.00010662570472664218,4097,0.18644882275849137,300,144
3,Selvær,1,1014,4490,4490,8732641,5,Hestmannøy,-0.00010676306140415304,4098,0.18644882275849137,300,150
3,Selvær,1,1014,395,395,8L52974,4,Gjerøy,-0.00010676754012452969,4099,0.18644882275849137,300,137
3,Selvær,1,1014,871,871,8M71153,13,Vikna,-0.00010689295842308289,4100,0.18644882275849137,300,143
3,Selvær,1,1014,642,642,8L89752,5,Hestmannøy,-0.00010690800131110105,4101,0.18644882275849137,300,155
3,Selvær,1,1014,1753,1753,8N06848,11,Leka,-0.00010696319705204002,4102,0.18644882275849137,300,143
3,Selvær,1,1014,3609,3609,8N87821,14,Lauvøya,-0.00010703553032071945,4103,0.18644882275849137,300,136
3,Selvær,1,1014,2073,2073,8N14289,14,Lauvøya,-0.0001071945192858563,4104,0.18644882275849137,300,127
3,Selvær,1,1014,1786,1786,8N06881,11,Leka,-0.0001072464050774174,4105,0.18644882275849137,300,151
3,Selvær,1,1014,2439,2439,8N27577,5,Hestmannøy,-0.00010727188558730695,4106,0.18644882275849137,300,153
3,Selvær,1,1014,2887,2887,8N72719,4,Gjerøy,-0.00010733553866988946,4107,0.18644882275849137,300,141
3,Selvær,1,1014,691,691,8M31283,10,Aldra,-0.00010764288951649172,4108,0.18644882275849137,300,143
3,Selvær,1,1014,2256,2256,8N14675,13,Vikna,-0.00010769905996596447,4109,0.18644882275849137,300,151
3,Selvær,1,1014,3621,3621,8N87833,14,Lauvøya,-0.00010794359870920987,4110,0.18644882275849137,300,160
3,Selvær,1,1014,3469,3469,8N87521,11,Leka,-0.0001083791991443874,4111,0.18644882275849137,300,146
3,Selvær,1,1014,2746,2746,8N42715,4,Gjerøy,-0.00010844328174992063,4112,0.18644882275849137,300,148
3,Selvær,1,1014,3692,3692,8N87907,13,Vikna,-0.0001086078835845836,4113,0.18644882275849137,300,138
3,Selvær,1,1014,1811,1811,8N06942,4,Gjerøy,-0.00010875922341232206,4114,0.18644882275849137,300,137
3,Selvær,1,1014,2209,2209,8N14626,13,Vikna,-0.00010890162349336129,4115,0.18644882275849137,300,139
3,Selvær,1,1014,923,923,8M71322,5,Hestmannøy,-0.0001090346801405472,4116,0.18644882275849137,300,145
3,Selvær,1,1014,3450,3450,8N87352,6,Indre Kvarøy,-0.00010931304554815713,4117,0.18644882275849137,300,146
3,Selvær,1,1014,3565,3565,8N87625,14,Lauvøya,-0.00010946201826272325,4118,0.18644882275849137,300,146
3,Selvær,1,1014,602,602,8L89622,4,Gjerøy,-0.00010954961673640696,4119,0.18644882275849137,300,145
3,Selvær,1,1014,3475,3475,8N87527,11,Leka,-0.00010959945236601495,4120,0.18644882275849137,300,147
3,Selvær,1,1014,3714,3714,8N87930,13,Vikna,-0.00010987907692076725,4121,0.18644882275849137,300,133
3,Selvær,1,1014,101,101,8L30449,4,Gjerøy,-0.0001100064666733871,4122,0.18644882275849137,300,139
3,Selvær,1,1014,1909,1909,8N13646,14,Lauvøya,-0.00011007511132043512,4123,0.18644882275849137,300,144
3,Selvær,1,1014,3428,3428,8N87243,2,Træna,-0.00011047479408748892,4124,0.18644882275849137,300,143
3,Selvær,1,1014,5078,5078,8934241,9,Sleneset,-0.00011059527335933947,4125,0.18644882275849137,300,147
3,Selvær,1,1014,4662,4662,8747809,4,Gjerøy,-0.0001106254956076185,4126,0.18644882275849137,300,144
3,Selvær,1,1014,4699,4699,8794326,9,Sleneset,-0.00011072452665720776,4127,0.18644882275849137,300,133
3,Selvær,1,1014,446,446,8L64210,6,Indre Kvarøy,-0.00011082519857834944,4128,0.18644882275849137,300,136
3,Selvær,1,1014,4343,4343,8681200,4,Gjerøy,-0.00011082533551069747,4129,0.18644882275849137,300,147
3,Selvær,1,1014,2234,2234,8N14653,13,Vikna,-0.00011088731472790872,4130,0.18644882275849137,300,144
3,Selvær,1,1014,1695,1695,8N06683,14,Lauvøya,-0.00011121538722871906,4131,0.18644882275849137,300,143
3,Selvær,1,1014,4922,4922,8857767,5,Hestmannøy,-0.00011151442215808952,4132,0.18644882275849137,300,144
3,Selvær,1,1014,844,844,8M71061,5,Hestmannøy,-0.00011170348510816293,4133,0.18644882275849137,300,143
3,Selvær,1,1014,2874,2874,8N72690,11,Leka,-0.00011171289790699534,4134,0.18644882275849137,300,145
3,Selvær,1,1014,5024,5024,8887496,7,Onøy og Lurøy,-0.00011175851317393973,4135,0.18644882275849137,300,143
3,Selvær,1,1014,3484,3484,8N87536,11,Leka,-0.00011183446500159664,4136,0.18644882275849137,300,139
3,Selvær,1,1014,3449,3449,8N87351,5,Hestmannøy,-0.00011192786051570936,4137,0.18644882275849137,300,133
3,Selvær,1,1014,742,742,8M31541,0,Nesøy,-0.00011197942715481177,4138,0.18644882275849137,300,136
3,Selvær,1,1014,3618,3618,8N87830,14,Lauvøya,-0.00011203838059884168,4139,0.18644882275849137,300,134
3,Selvær,1,1014,528,528,8L89276,5,Hestmannøy,-0.00011211506878495057,4140,0.18644882275849137,300,146
3,Selvær,1,1014,3392,3392,8N73995,12,Vega,-0.0001124473041187735,4141,0.18644882275849137,300,151
3,Selvær,1,1014,832,832,8M31941,5,Hestmannøy,-0.00011247538692782883,4142,0.18644882275849137,300,144
3,Selvær,1,1014,3846,3846,8P11569,14,Lauvøya,-0.00011251640345366199,4143,0.18644882275849137,300,136
3,Selvær,1,1014,2512,2512,8N28115,6,Indre Kvarøy,-0.00011252714505520673,4144,0.18644882275849137,300,146
3,Selvær,1,1014,4625,4625,8747701,8,Lovund,-0.00011254000226798164,4145,0.18644882275849137,300,146
3,Selvær,1,1014,4716,4716,8800028,4,Gjerøy,-0.0001125544575007998,4146,0.18644882275849137,300,145
3,Selvær,1,1014,4057,4057,8P14977,14,Lauvøya,-0.00011269603825998138,4147,0.18644882275849137,300,152
3,Selvær,1,1014,306,306,8L52343,11,Leka,-0.00011283669845011997,4148,0.18644882275849137,300,150
3,Selvær,1,1014,3177,3177,8N73564,6,Indre Kvarøy,-0.00011285130607955975,4149,0.18644882275849137,300,145
3,Selvær,1,1014,5227,5227,8939395,12,Vega,-0.00011307986535687733,4150,0.18644882275849137,300,145
3,Selvær,1,1014,498,498,8L64915,4,Gjerøy,-0.00011333935060740032,4151,0.18644882275849137,300,150
3,Selvær,1,1014,2975,2975,8N73050,4,Gjerøy,-0.00011340695664577971,4152,0.18644882275849137,300,136
3,Selvær,1,1014,1093,1093,8M72633,6,Indre Kvarøy,-0.0001136064996445701,4153,0.18644882275849137,300,134
3,Selvær,1,1014,3753,3753,8N87969,13,Vikna,-0.00011381463167947489,4154,0.18644882275849137,300,149
3,Selvær,1,1014,1463,1463,8N05640,14,Lauvøya,-0.00011385689605760384,4155,0.18644882275849137,300,139
3,Selvær,1,1014,4930,4930,8866751,5,Hestmannøy,-0.0001138726606517957,4156,0.18644882275849137,300,143
3,Selvær,1,1014,5079,5079,8934266,7,Onøy og Lurøy,-0.00011392693302407307,4157,0.18644882275849137,300,148
3,Selvær,1,1014,2753,2753,8N42731,4,Gjerøy,-0.00011404623239511492,4158,0.18644882275849137,300,148
3,Selvær,1,1014,4042,4042,8P14961,14,Lauvøya,-0.00011407085457062554,4159,0.18644882275849137,300,143
3,Selvær,1,1014,5400,5400,8981214,12,Vega,-0.00011427346681402981,4160,0.18644882275849137,300,138
3,Selvær,1,1014,873,873,8M71157,13,Vikna,-0.00011460637174169906,4161,0.18644882275849137,300,144
3,Selvær,1,1014,166,166,8L30900,11,Leka,-0.0001147127360687145,4162,0.18644882275849137,300,147
3,Selvær,1,1014,2145,2145,8N14562,11,Leka,-0.00011502710177544821,4163,0.18644882275849137,300,143
3,Selvær,1,1014,3234,3234,8N73652,13,Vikna,-0.00011515151084090808,4164,0.18644882275849137,300,143
3,Selvær,1,1014,2088,2088,8N14348,14,Lauvøya,-0.000115205417721583,4165,0.18644882275849137,300,139
3,Selvær,1,1014,2651,2651,8N42120,8,Lovund,-0.00011523819074729896,4166,0.18644882275849137,300,145
3,Selvær,1,1014,5000,5000,8887406,10,Aldra,-0.00011546772385418208,4167,0.18644882275849137,300,142
3,Selvær,1,1014,1936,1936,8N13674,13,Vikna,-0.00011550452671097705,4168,0.18644882275849137,300,151
3,Selvær,1,1014,5016,5016,8887472,4,Gjerøy,-0.00011550554825672516,4169,0.18644882275849137,300,149
3,Selvær,1,1014,429,429,8L64092,12,Vega,-0.00011552714579349402,4170,0.18644882275849137,300,139
3,Selvær,1,1014,2576,2576,8N28693,5,Hestmannøy,-0.00011555754469670089,4171,0.18644882275849137,300,141
3,Selvær,1,1014,4110,4110,8P26692,7,Onøy og Lurøy,-0.00011557699983446902,4172,0.18644882275849137,300,139
3,Selvær,1,1014,3695,3695,8N87910,13,Vikna,-0.00011561623722056493,4173,0.18644882275849137,300,138
3,Selvær,1,1014,349,349,8L52420,4,Gjerøy,-0.00011562900319652407,4174,0.18644882275849137,300,143
3,Selvær,1,1014,3702,3702,8N87918,13,Vikna,-0.00011578155623766534,4175,0.18644882275849137,300,146
3,Selvær,1,1014,2395,2395,8N27301,0,Nesøy,-0.00011579398651524568,4176,0.18644882275849137,300,147
3,Selvær,1,1014,2768,2768,8N42858,5,Hestmannøy,-0.00011588147473747657,4177,0.18644882275849137,300,145
3,Selvær,1,1014,3160,3160,8N73508,4,Gjerøy,-0.00011620673211160478,4178,0.18644882275849137,300,136
3,Selvær,1,1014,797,797,8M31812,12,Vega,-0.00011628046829806462,4179,0.18644882275849137,300,133
3,Selvær,1,1014,5495,5495,8981928,2,Træna,-0.00011650440931897803,4180,0.18644882275849137,300,141
3,Selvær,1,1014,77,77,8L30162,12,Vega,-0.0001166073586472934,4181,0.18644882275849137,300,144
3,Selvær,1,1014,1311,1311,8N05222,12,Vega,-0.00011668671393963846,4182,0.18644882275849137,300,134
3,Selvær,1,1014,4654,4654,8747764,5,Hestmannøy,-0.0001170547005524857,4183,0.18644882275849137,300,145
3,Selvær,1,1014,3382,3382,8N73985,12,Vega,-0.00011715707319462666,4184,0.18644882275849137,300,155
3,Selvær,1,1014,201,201,8L48451,5,Hestmannøy,-0.00011784053454618075,4185,0.18644882275849137,300,140
3,Selvær,1,1014,3221,3221,8N73639,13,Vikna,-0.00011791811314709355,4186,0.18644882275849137,300,157
3,Selvær,1,1014,2990,2990,8N73183,14,Lauvøya,-0.00011793053829149518,4187,0.18644882275849137,300,133
3,Selvær,1,1014,4892,4892,8857237,5,Hestmannøy,-0.00011805573125649433,4188,0.18644882275849137,300,141
3,Selvær,1,1014,3732,3732,8N87948,13,Vikna,-0.00011815310197831805,4189,0.18644882275849137,300,142
3,Selvær,1,1014,3638,3638,8N87852,14,Lauvøya,-0.00011821045815642509,4190,0.18644882275849137,300,141
3,Selvær,1,1014,4680,4680,8747935,4,Gjerøy,-0.00011826624780333756,4191,0.18644882275849137,300,144
3,Selvær,1,1014,1411,1411,8N05460,5,Hestmannøy,-0.0001183016572802348,4192,0.18644882275849137,300,153
3,Selvær,1,1014,1310,1310,8N05221,12,Vega,-0.0001183815770883881,4193,0.18644882275849137,300,149
3,Selvær,1,1014,2411,2411,8N27356,5,Hestmannøy,-0.0001183878110682878,4194,0.18644882275849137,300,141
3,Selvær,1,1014,4149,4149,8168655,5,Hestmannøy,-0.00011848133663543689,4195,0.18644882275849137,300,140
3,Selvær,1,1014,4462,4462,8732502,8,Lovund,-0.00011863108822074603,4196,0.18644882275849137,300,146
3,Selvær,1,1014,1353,1353,8N05265,13,Vikna,-0.00011872940253320655,4197,0.18644882275849137,300,142
3,Selvær,1,1014,3143,3143,8N73491,12,Vega,-0.00011873953021003221,4198,0.18644882275849137,300,138
3,Selvær,1,1014,5467,5467,8981774,4,Gjerøy,-0.0001187552476848483,4199,0.18644882275849137,300,141
3,Selvær,1,1014,2530,2530,8N28288,7,Onøy og Lurøy,-0.00011877353602069565,4200,0.18644882275849137,300,143
3,Selvær,1,1014,456,456,8L64286,10,Aldra,-0.00011892978089788099,4201,0.18644882275849137,300,147
3,Selvær,1,1014,1403,1403,8N05437,6,Indre Kvarøy,-0.00011900901970555435,4202,0.18644882275849137,300,130
3,Selvær,1,1014,2146,2146,8N14563,11,Leka,-0.00011906366819098783,4203,0.18644882275849137,300,135
3,Selvær,1,1014,1880,1880,8N13606,14,Lauvøya,-0.00011914656538972122,4204,0.18644882275849137,300,144
3,Selvær,1,1014,1896,1896,8N13631,14,Lauvøya,-0.00011937672015201605,4205,0.18644882275849137,300,139
3,Selvær,1,1014,1515,1515,8N05692,14,Lauvøya,-0.00011942245195656038,4206,0.18644882275849137,300,141
3,Selvær,1,1014,1638,1638,8N05696,14,Lauvøya,-0.00011960228125348237,4207,0.18644882275849137,300,142
3,Selvær,1,1014,3140,3140,8N73488,11,Leka,-0.00011984831753682375,4208,0.18644882275849137,300,154
3,Selvær,1,1014,4056,4056,8P14976,14,Lauvøya,-0.00011991962660635212,4209,0.18644882275849137,300,143
3,Selvær,1,1014,5175,5175,8939106,0,Nesøy,-0.0001201956991460902,4210,0.18644882275849137,300,145
3,Selvær,1,1014,2259,2259,8N14678,13,Vikna,-0.00012030131596000299,4211,0.18644882275849137,300,143
3,Selvær,1,1014,3962,3962,8P14632,2,Træna,-0.00012036433311721837,4212,0.18644882275849137,300,148
3,Selvær,1,1014,358,358,8L52550,5,Hestmannøy,-0.00012039713925149046,4213,0.18644882275849137,300,145
3,Selvær,1,1014,1332,1332,8N05243,13,Vikna,-0.0001207196210945611,4214,0.18644882275849137,300,154
3,Selvær,1,1014,1707,1707,8N06695,14,Lauvøya,-0.00012091519806213783,4215,0.18644882275849137,300,140
3,Selvær,1,1014,2290,2290,8N14923,5,Hestmannøy,-0.0001211295868352865,4216,0.18644882275849137,300,152
3,Selvær,1,1014,4818,4818,8800547,5,Hestmannøy,-0.00012129855822047394,4217,0.18644882275849137,300,148
3,Selvær,1,1014,4383,4383,8681436,6,Indre Kvarøy,-0.00012139266488716521,4218,0.18644882275849137,300,147
3,Selvær,1,1014,5019,5019,8887481,6,Indre Kvarøy,-0.00012149775893181935,4219,0.18644882275849137,300,146
3,Selvær,1,1014,2010,2010,8N13985,5,Hestmannøy,-0.0001215431785852804,4220,0.18644882275849137,300,133
3,Selvær,1,1014,5285,5285,8939898,5,Hestmannøy,-0.00012160106116725136,4221,0.18644882275849137,300,142
3,Selvær,1,1014,4157,4157,8168702,5,Hestmannøy,-0.00012173451325715849,4222,0.18644882275849137,300,149
3,Selvær,1,1014,3757,3757,8N87973,13,Vikna,-0.00012182279228464857,4223,0.18644882275849137,300,140
3,Selvær,1,1014,3222,3222,8N73640,13,Vikna,-0.0001220683000341314,4224,0.18644882275849137,300,144
3,Selvær,1,1014,2031,2031,8N14031,5,Hestmannøy,-0.00012214312595296332,4225,0.18644882275849137,300,148
3,Selvær,1,1014,1271,1271,8N05181,13,Vikna,-0.0001222362352554143,4226,0.18644882275849137,300,149
3,Selvær,1,1014,3653,3653,8N87867,13,Vikna,-0.00012236681331002135,4227,0.18644882275849137,300,145
3,Selvær,1,1014,1801,1801,8N06899,11,Leka,-0.00012240356505716134,4228,0.18644882275849137,300,149
3,Selvær,1,1014,4990,4990,8887357,10,Aldra,-0.00012251726515942251,4229,0.18644882275849137,300,145
3,Selvær,1,1014,5209,5209,8939364,7,Onøy og Lurøy,-0.00012253906013290374,4230,0.18644882275849137,300,148
3,Selvær,1,1014,3660,3660,8N87875,13,Vikna,-0.00012254204038900747,4231,0.18644882275849137,300,141
3,Selvær,1,1014,3176,3176,8N73546,5,Hestmannøy,-0.0001226188322320979,4232,0.18644882275849137,300,144
3,Selvær,1,1014,2047,2047,8N14127,0,Nesøy,-0.00012265516001217479,4233,0.18644882275849137,300,150
3,Selvær,1,1014,3230,3230,8N73648,13,Vikna,-0.00012268175580610547,4234,0.18644882275849137,300,143
3,Selvær,1,1014,2906,2906,8N72904,13,Vikna,-0.00012284571525694255,4235,0.18644882275849137,300,147
3,Selvær,1,1014,3756,3756,8N87972,13,Vikna,-0.0001229485979970768,4236,0.18644882275849137,300,144
3,Selvær,1,1014,1251,1251,8M72694,14,Lauvøya,-0.0001231866201155693,4237,0.18644882275849137,300,136
3,Selvær,1,1014,3000,3000,8N73193,14,Lauvøya,-0.00012337484662783323,4238,0.18644882275849137,300,143
3,Selvær,1,1014,2344,2344,8N27078,14,Lauvøya,-0.00012339419844100249,4239,0.18644882275849137,300,138
3,Selvær,1,1014,4236,4236,8598728,4,Gjerøy,-0.00012363647280671464,4240,0.18644882275849137,300,133
3,Selvær,1,1014,4859,4859,8816930,4,Gjerøy,-0.0001237537092305125,4241,0.18644882275849137,300,137
3,Selvær,1,1014,3268,3268,8N73686,13,Vikna,-0.00012396867929942272,4242,0.18644882275849137,300,143
3,Selvær,1,1014,1538,1538,8N05749,4,Gjerøy,-0.00012400887312864832,4243,0.18644882275849137,300,150
3,Selvær,1,1014,4345,4345,8681213,9,Sleneset,-0.00012426899896249408,4244,0.18644882275849137,300,130
3,Selvær,1,1014,4613,4613,8747654,1,Myken,-0.00012426901350926024,4245,0.18644882275849137,300,145
3,Selvær,1,1014,2427,2427,8N27414,5,Hestmannøy,-0.00012458499960139033,4246,0.18644882275849137,300,144
3,Selvær,1,1014,3851,3851,8P11574,14,Lauvøya,-0.00012461626884264902,4247,0.18644882275849137,300,145
3,Selvær,1,1014,3199,3199,8N73617,14,Lauvøya,-0.00012530086546499035,4248,0.18644882275849137,300,138
3,Selvær,1,1014,4822,4822,8800570,5,Hestmannøy,-0.0001253320166073394,4249,0.18644882275849137,300,144
3,Selvær,1,1014,1780,1780,8N06875,11,Leka,-0.00012533457722528905,4250,0.18644882275849137,300,153
3,Selvær,1,1014,2850,2850,8N72660,5,Hestmannøy,-0.00012540958276360318,4251,0.18644882275849137,300,148
3,Selvær,1,1014,2880,2880,8N72696,11,Leka,-0.0001254631458414852,4252,0.18644882275849137,300,149
3,Selvær,1,1014,1495,1495,8N05672,14,Lauvøya,-0.00012551586230662466,4253,0.18644882275849137,300,142
3,Selvær,1,1014,4541,4541,8747216,6,Indre Kvarøy,-0.0001255505491285507,4254,0.18644882275849137,300,141
3,Selvær,1,1014,3525,3525,8N87577,11,Leka,-0.0001256789810213838,4255,0.18644882275849137,300,134
3,Selvær,1,1014,849,849,8L64895,11,Leka,-0.0001258516808389429,4256,0.18644882275849137,300,139
3,Selvær,1,1014,2011,2011,8N13986,5,Hestmannøy,-0.00012622062963831598,4257,0.18644882275849137,300,143
3,Selvær,1,1014,5118,5118,8934406,8,Lovund,-0.00012634453814869086,4258,0.18644882275849137,300,145
3,Selvær,1,1014,4229,4229,8573966,5,Hestmannøy,-0.00012641219667723744,4259,0.18644882275849137,300,159
3,Selvær,1,1014,3196,3196,8N73614,14,Lauvøya,-0.00012664221656155574,4260,0.18644882275849137,300,141
3,Selvær,1,1014,516,516,8L89244,6,Indre Kvarøy,-0.0001266591056667145,4261,0.18644882275849137,300,140
3,Selvær,1,1014,3806,3806,8P11528,14,Lauvøya,-0.0001267432209762956,4262,0.18644882275849137,300,138
3,Selvær,1,1014,3547,3547,8N87603,14,Lauvøya,-0.00012687225218311,4263,0.18644882275849137,300,125
3,Selvær,1,1014,2479,2479,8N27917,5,Hestmannøy,-0.00012700064242349715,4264,0.18644882275849137,300,147
3,Selvær,1,1014,1757,1757,8N06852,11,Leka,-0.0001270943810305383,4265,0.18644882275849137,300,150
3,Selvær,1,1014,2184,2184,8N14601,13,Vikna,-0.00012715373366393385,4266,0.18644882275849137,300,144
3,Selvær,1,1014,1005,1005,8M71828,10,Aldra,-0.00012767649891713245,4267,0.18644882275849137,300,142
3,Selvær,1,1014,1824,1824,8N13098,14,Lauvøya,-0.00012778140502537965,4268,0.18644882275849137,300,139
3,Selvær,1,1014,3059,3059,8N73306,14,Lauvøya,-0.0001278769401209503,4269,0.18644882275849137,300,128
3,Selvær,1,1014,641,641,8L89751,5,Hestmannøy,-0.00012838284856431505,4270,0.18644882275849137,300,131
3,Selvær,1,1014,938,938,8M71355,12,Vega,-0.00012843136591776482,4271,0.18644882275849137,300,143
3,Selvær,1,1014,3629,3629,8N87841,14,Lauvøya,-0.00012844681741982632,4272,0.18644882275849137,300,131
3,Selvær,1,1014,762,762,8M31627,4,Gjerøy,-0.00012854612186550846,4273,0.18644882275849137,300,142
3,Selvær,1,1014,2599,2599,8N28784,14,Lauvøya,-0.0001286837019122035,4274,0.18644882275849137,300,148
3,Selvær,1,1014,3891,3891,8P14007,2,Træna,-0.0001287999053204001,4275,0.18644882275849137,300,141
3,Selvær,1,1014,1417,1417,8N05526,4,Gjerøy,-0.00012881511229577463,4276,0.18644882275849137,300,143
3,Selvær,1,1014,2111,2111,8N14526,11,Leka,-0.00012894717922029867,4277,0.18644882275849137,300,146
3,Selvær,1,1014,4661,4661,8747808,4,Gjerøy,-0.00012898774345806042,4278,0.18644882275849137,300,139
3,Selvær,1,1014,2131,2131,8N14546,11,Leka,-0.00012904719528175447,4279,0.18644882275849137,300,149
3,Selvær,1,1014,999,999,8M71705,8,Lovund,-0.00012913741705057735,4280,0.18644882275849137,300,138
3,Selvær,1,1014,3670,3670,8N87885,13,Vikna,-0.0001292363187482732,4281,0.18644882275849137,300,140
3,Selvær,1,1014,480,480,8L64813,2,Træna,-0.00012925038412535853,4282,0.18644882275849137,300,138
3,Selvær,1,1014,1652,1652,8N06483,12,Vega,-0.00012951539321090903,4283,0.18644882275849137,300,133
3,Selvær,1,1014,4590,4590,8747551,10,Aldra,-0.00012969737674429753,4284,0.18644882275849137,300,157
3,Selvær,1,1014,3878,3878,8P11833,14,Lauvøya,-0.00012969855447197105,4285,0.18644882275849137,300,131
3,Selvær,1,1014,2941,2941,8N72940,13,Vikna,-0.00012976548475480151,4286,0.18644882275849137,300,150
3,Selvær,1,1014,2418,2418,8N27405,7,Onøy og Lurøy,-0.00012976556092871797,4287,0.18644882275849137,300,150
3,Selvær,1,1014,4301,4301,8681033,5,Hestmannøy,-0.00013046903458249998,4288,0.18644882275849137,300,141
3,Selvær,1,1014,523,523,8L89268,5,Hestmannøy,-0.00013093326975330505,4289,0.18644882275849137,300,147
3,Selvær,1,1014,1377,1377,8N05289,13,Vikna,-0.00013156838242502048,4290,0.18644882275849137,300,135
3,Selvær,1,1014,1629,1629,8N06460,8,Lovund,-0.0001315771179487572,4291,0.18644882275849137,300,152
3,Selvær,1,1014,3251,3251,8N73669,13,Vikna,-0.00013168797785247533,4292,0.18644882275849137,300,147
3,Selvær,1,1014,2734,2734,8N42681,5,Hestmannøy,-0.00013171976986630797,4293,0.18644882275849137,300,133
3,Selvær,1,1014,3741,3741,8N87957,13,Vikna,-0.00013171994439925195,4294,0.18644882275849137,300,137
3,Selvær,1,1014,1517,1517,8N05694,14,Lauvøya,-0.00013178320921034117,4295,0.18644882275849137,300,135
3,Selvær,1,1014,1306,1306,8N05217,12,Vega,-0.00013185808870285276,4296,0.18644882275849137,300,141
3,Selvær,1,1014,3867,3867,8P11750,7,Onøy og Lurøy,-0.00013194875662184016,4297,0.18644882275849137,300,153
3,Selvær,1,1014,2626,2626,8N28862,4,Gjerøy,-0.00013205432247903197,4298,0.18644882275849137,300,149
3,Selvær,1,1014,969,969,8M71479,13,Vikna,-0.0001322240391380108,4299,0.18644882275849137,300,139
3,Selvær,1,1014,3797,3797,8P11519,14,Lauvøya,-0.00013248101875219676,4300,0.18644882275849137,300,147
3,Selvær,1,1014,1784,1784,8N06879,11,Leka,-0.00013311498454313223,4301,0.18644882275849137,300,147
3,Selvær,1,1014,3014,3014,8N73213,12,Vega,-0.00013330670708080672,4302,0.18644882275849137,300,150
3,Selvær,1,1014,5114,5114,8934402,8,Lovund,-0.0001333333557669524,4303,0.18644882275849137,300,155
3,Selvær,1,1014,2278,2278,8N14801,2,Træna,-0.0001334586205228943,4304,0.18644882275849137,300,143
3,Selvær,1,1014,4455,4455,8732279,1,Myken,-0.00013347943972978824,4305,0.18644882275849137,300,148
3,Selvær,1,1014,1132,1132,8M72805,4,Gjerøy,-0.00013356876350319457,4306,0.18644882275849137,300,142
3,Selvær,1,1014,4815,4815,8800535,10,Aldra,-0.00013359730489433016,4307,0.18644882275849137,300,146
3,Selvær,1,1014,2842,2842,8N72578,4,Gjerøy,-0.00013387084872780355,4308,0.18644882275849137,300,143
3,Selvær,1,1014,1531,1531,8N05714,6,Indre Kvarøy,-0.00013395531571150753,4309,0.18644882275849137,300,149
3,Selvær,1,1014,1202,1202,8N05112,14,Lauvøya,-0.00013405982165592,4310,0.18644882275849137,300,139
3,Selvær,1,1014,550,550,8L89374,5,Hestmannøy,-0.00013408613175595565,4311,0.18644882275849137,300,148
3,Selvær,1,1014,3925,3925,8P14264,5,Hestmannøy,-0.00013410131675134853,4312,0.18644882275849137,300,153
3,Selvær,1,1014,1968,1968,8N13851,14,Lauvøya,-0.00013422786791107057,4313,0.18644882275849137,300,156
3,Selvær,1,1014,3499,3499,8N87551,11,Leka,-0.00013435410800276742,4314,0.18644882275849137,300,136
3,Selvær,1,1014,2356,2356,8N27090,14,Lauvøya,-0.00013444507149492748,4315,0.18644882275849137,300,153
3,Selvær,1,1014,2304,2304,8N14957,5,Hestmannøy,-0.00013462096498192383,4316,0.18644882275849137,300,150
3,Selvær,1,1014,2551,2551,8N28483,2,Træna,-0.0001347213119800761,4317,0.18644882275849137,300,138
3,Selvær,1,1014,1432,1432,8N05602,14,Lauvøya,-0.00013480029062312493,4318,0.18644882275849137,300,148
3,Selvær,1,1014,1039,1039,8M72405,13,Vikna,-0.0001353078907970339,4319,0.18644882275849137,300,136
3,Selvær,1,1014,1965,1965,8N13848,14,Lauvøya,-0.00013565258810787926,4320,0.18644882275849137,300,136
3,Selvær,1,1014,935,935,8M71351,12,Vega,-0.00013566905244349127,4321,0.18644882275849137,300,144
3,Selvær,1,1014,1308,1308,8N05219,12,Vega,-0.0001360011074563739,4322,0.18644882275849137,300,137
3,Selvær,1,1014,3573,3573,8N87633,14,Lauvøya,-0.00013664384705665422,4323,0.18644882275849137,300,132
3,Selvær,1,1014,1527,1527,8N05710,5,Hestmannøy,-0.0001373912443462781,4324,0.18644882275849137,300,148
3,Selvær,1,1014,888,888,8M71238,6,Indre Kvarøy,-0.00013742581900009658,4325,0.18644882275849137,300,143
3,Selvær,1,1014,966,966,8L57976,13,Vikna,-0.00013750077026274208,4326,0.18644882275849137,300,141
3,Selvær,1,1014,1437,1437,8N05607,14,Lauvøya,-0.0001375660620569502,4327,0.18644882275849137,300,147
3,Selvær,1,1014,2231,2231,8N14650,13,Vikna,-0.00013760453493193652,4328,0.18644882275849137,300,146
3,Selvær,1,1014,2328,2328,8N27054,14,Lauvøya,-0.000137631638772373,4329,0.18644882275849137,300,150
3,Selvær,1,1014,3443,3443,8N87307,5,Hestmannøy,-0.00013769694428320936,4330,0.18644882275849137,300,150
3,Selvær,1,1014,2042,2042,8N14111,5,Hestmannøy,-0.0001382749978434768,4331,0.18644882275849137,300,131
3,Selvær,1,1014,2666,2666,8N42262,4,Gjerøy,-0.0001383616410775322,4332,0.18644882275849137,300,148
3,Selvær,1,1014,1218,1218,8N05128,14,Lauvøya,-0.00013840565742136426,4333,0.18644882275849137,300,150
3,Selvær,1,1014,5494,5494,8981923,2,Træna,-0.00013845728443757994,4334,0.18644882275849137,300,147
3,Selvær,1,1014,3296,3296,8N73831,5,Hestmannøy,-0.00013868220818778106,4335,0.18644882275849137,300,138
3,Selvær,1,1014,937,937,8L64400,7,Onøy og Lurøy,-0.00013886893075993204,4336,0.18644882275849137,300,146
3,Selvær,1,1014,2444,2444,8N27630,14,Lauvøya,-0.0001389158521767553,4337,0.18644882275849137,300,145
3,Selvær,1,1014,3730,3730,8N87946,13,Vikna,-0.00013904032295529976,4338,0.18644882275849137,300,137
3,Selvær,1,1014,3356,3356,8N73959,12,Vega,-0.00013918995532593596,4339,0.18644882275849137,300,137
3,Selvær,1,1014,4560,4560,8747294,9,Sleneset,-0.0001392174628012647,4340,0.18644882275849137,300,134
3,Selvær,1,1014,2763,2763,8N42787,5,Hestmannøy,-0.00013954683436846293,4341,0.18644882275849137,300,134
3,Selvær,1,1014,4947,4947,8887202,4,Gjerøy,-0.00013986384473335033,4342,0.18644882275849137,300,146
3,Selvær,1,1014,1922,1922,8N13659,13,Vikna,-0.00014007193164132712,4343,0.18644882275849137,300,148
3,Selvær,1,1014,199,199,8L48448,5,Hestmannøy,-0.00014052507491723923,4344,0.18644882275849137,300,136
3,Selvær,1,1014,730,730,8M31483,5,Hestmannøy,-0.0001405628740754963,4345,0.18644882275849137,300,146
3,Selvær,1,1014,671,671,8M31206,6,Indre Kvarøy,-0.00014075448315239406,4346,0.18644882275849137,300,144
3,Selvær,1,1014,2681,2681,8N42438,14,Lauvøya,-0.00014078667254282306,4347,0.18644882275849137,300,138
3,Selvær,1,1014,4003,4003,8P14855,14,Lauvøya,-0.00014086599869395701,4348,0.18644882275849137,300,151
3,Selvær,1,1014,2257,2257,8N14676,13,Vikna,-0.0001409861330478862,4349,0.18644882275849137,300,145
3,Selvær,1,1014,3549,3549,8N87605,14,Lauvøya,-0.0001412073020781628,4350,0.18644882275849137,300,138
3,Selvær,1,1014,3934,3934,8P14337,14,Lauvøya,-0.0001412469240638757,4351,0.18644882275849137,300,137
3,Selvær,1,1014,735,735,8M31508,5,Hestmannøy,-0.00014135447004274038,4352,0.18644882275849137,300,147
3,Selvær,1,1014,1161,1161,8M72931,5,Hestmannøy,-0.0001414828733802134,4353,0.18644882275849137,300,145
3,Selvær,1,1014,1069,1069,8M72570,11,Leka,-0.00014173303267775274,4354,0.18644882275849137,300,149
3,Selvær,1,1014,2097,2097,8N14443,4,Gjerøy,-0.0001423318170844684,4355,0.18644882275849137,300,139
3,Selvær,1,1014,4969,4969,8887279,5,Hestmannøy,-0.00014238841684031416,4356,0.18644882275849137,300,139
3,Selvær,1,1014,979,979,8M71501,4,Gjerøy,-0.00014251494580659214,4357,0.18644882275849137,300,151
3,Selvær,1,1014,1781,1781,8N06876,11,Leka,-0.00014265486720614804,4358,0.18644882275849137,300,151
3,Selvær,1,1014,2151,2151,8N14568,11,Leka,-0.0001428007936460961,4359,0.18644882275849137,300,151
3,Selvær,1,1014,2933,2933,8N72932,13,Vikna,-0.00014316015972852463,4360,0.18644882275849137,300,162
3,Selvær,1,1014,1864,1864,8N13114,14,Lauvøya,-0.00014324753517752493,4361,0.18644882275849137,300,138
3,Selvær,1,1014,2300,2300,8N14953,6,Indre Kvarøy,-0.00014327692769297055,4362,0.18644882275849137,300,125
3,Selvær,1,1014,1561,1561,8N05863,11,Leka,-0.00014333749128276664,4363,0.18644882275849137,300,159
3,Selvær,1,1014,980,980,8M71502,4,Gjerøy,-0.0001435195591202743,4364,0.18644882275849137,300,144
3,Selvær,1,1014,2871,2871,8N72687,11,Leka,-0.00014352206516053025,4365,0.18644882275849137,300,141
3,Selvær,1,1014,3544,3544,8N87598,11,Leka,-0.00014429449648288142,4366,0.18644882275849137,300,145
3,Selvær,1,1014,5010,5010,8887445,8,Lovund,-0.00014436756511920386,4367,0.18644882275849137,300,142
3,Selvær,1,1014,1960,1960,8N13698,13,Vikna,-0.00014451275888220248,4368,0.18644882275849137,300,148
3,Selvær,1,1014,5341,5341,8943587,2,Træna,-0.00014451503032548573,4369,0.18644882275849137,300,139
3,Selvær,1,1014,5329,5329,8943469,2,Træna,-0.00014454611380720808,4370,0.18644882275849137,300,144
3,Selvær,1,1014,3745,3745,8N87961,13,Vikna,-0.00014489387946098757,4371,0.18644882275849137,300,143
3,Selvær,1,1014,1903,1903,8N13640,14,Lauvøya,-0.00014491300378821674,4372,0.18644882275849137,300,143
3,Selvær,1,1014,1358,1358,8N05270,13,Vikna,-0.00014504045733464895,4373,0.18644882275849137,300,139
3,Selvær,1,1014,4186,4186,8309158,6,Indre Kvarøy,-0.00014518194525940168,4374,0.18644882275849137,300,137
3,Selvær,1,1014,46,46,8L19960,10,Aldra,-0.00014519707655995137,4375,0.18644882275849137,300,142
3,Selvær,1,1014,4544,4544,8747225,5,Hestmannøy,-0.00014519809704576905,4376,0.18644882275849137,300,138
3,Selvær,1,1014,1810,1810,8N06941,4,Gjerøy,-0.00014524208334666035,4377,0.18644882275849137,300,145
3,Selvær,1,1014,2695,2695,8N42505,5,Hestmannøy,-0.00014527532190435841,4378,0.18644882275849137,300,143
3,Selvær,1,1014,486,486,8L64849,9,Sleneset,-0.00014528040877765416,4379,0.18644882275849137,300,142
3,Selvær,1,1014,4356,4356,8681290,7,Onøy og Lurøy,-0.00014558723325024247,4380,0.18644882275849137,300,144
3,Selvær,1,1014,4817,4817,8800538,5,Hestmannøy,-0.00014570158712556286,4381,0.18644882275849137,300,139
3,Selvær,1,1014,629,629,8L89720,4,Gjerøy,-0.00014574074446388626,4382,0.18644882275849137,300,137
3,Selvær,1,1014,633,633,8L89725,4,Gjerøy,-0.00014581126473774657,4383,0.18644882275849137,300,144
3,Selvær,1,1014,754,754,8L89650,4,Gjerøy,-0.00014606696087434166,4384,0.18644882275849137,300,154
3,Selvær,1,1014,2051,2051,8N14157,6,Indre Kvarøy,-0.00014619500519132678,4385,0.18644882275849137,300,133
3,Selvær,1,1014,931,931,8M71336,12,Vega,-0.0001466198153972624,4386,0.18644882275849137,300,141
3,Selvær,1,1014,4954,4954,8887226,5,Hestmannøy,-0.00014671836804112096,4387,0.18644882275849137,300,145
3,Selvær,1,1014,454,454,8L64280,5,Hestmannøy,-0.0001467211945630629,4388,0.18644882275849137,300,142
3,Selvær,1,1014,2451,2451,8N27800,2,Træna,-0.00014702350549653773,4389,0.18644882275849137,300,146
3,Selvær,1,1014,4867,4867,8816947,4,Gjerøy,-0.00014720719602125527,4390,0.18644882275849137,300,135
3,Selvær,1,1014,5447,5447,8981609,5,Hestmannøy,-0.00014722904944625636,4391,0.18644882275849137,300,143
3,Selvær,1,1014,1182,1182,8N05009,4,Gjerøy,-0.00014725180395351015,4392,0.18644882275849137,300,142
3,Selvær,1,1014,1248,1248,8N05159,12,Vega,-0.00014756514130881093,4393,0.18644882275849137,300,141
3,Selvær,1,1014,4730,4730,8800073,6,Indre Kvarøy,-0.0001476728057724809,4394,0.18644882275849137,300,137
3,Selvær,1,1014,2159,2159,8N14576,11,Leka,-0.00014784729314941674,4395,0.18644882275849137,300,137
3,Selvær,1,1014,2839,2839,8N72574,4,Gjerøy,-0.00014788950101529284,4396,0.18644882275849137,300,147
3,Selvær,1,1014,243,243,8L48750,11,Leka,-0.00014803576652876044,4397,0.18644882275849137,300,142
3,Selvær,1,1014,1930,1930,8N13668,13,Vikna,-0.0001481714956155732,4398,0.18644882275849137,300,150
3,Selvær,1,1014,3842,3842,8P11565,14,Lauvøya,-0.00014820459473041523,4399,0.18644882275849137,300,142
3,Selvær,1,1014,1970,1970,8N13853,14,Lauvøya,-0.0001482183437610839,4400,0.18644882275849137,300,133
3,Selvær,1,1014,3595,3595,8N87807,14,Lauvøya,-0.00014848060777308676,4401,0.18644882275849137,300,145
3,Selvær,1,1014,1675,1675,8N06532,4,Gjerøy,-0.00014850605377595677,4402,0.18644882275849137,300,146
3,Selvær,1,1014,5174,5174,8939101,5,Hestmannøy,-0.00014879795915204497,4403,0.18644882275849137,300,148
3,Selvær,1,1014,2024,2024,8N14014,7,Onøy og Lurøy,-0.00014881885823495015,4404,0.18644882275849137,300,139
3,Selvær,1,1014,1326,1326,8N05237,13,Vikna,-0.00014895265280094936,4405,0.18644882275849137,300,141
3,Selvær,1,1014,820,820,8M31923,5,Hestmannøy,-0.0001490317856687138,4406,0.18644882275849137,300,145
3,Selvær,1,1014,4638,4638,8747734,7,Onøy og Lurøy,-0.00014930397942232933,4407,0.18644882275849137,300,137
3,Selvær,1,1014,2376,2376,8N27177,5,Hestmannøy,-0.00014950661177902044,4408,0.18644882275849137,300,142
3,Selvær,1,1014,4653,4653,8747760,5,Hestmannøy,-0.00014957099458231496,4409,0.18644882275849137,300,146
3,Selvær,1,1014,912,912,8M71302,6,Indre Kvarøy,-0.0001497308641119041,4410,0.18644882275849137,300,135
3,Selvær,1,1014,1551,1551,8N05840,10,Aldra,-0.00014987132590484184,4411,0.18644882275849137,300,139
3,Selvær,1,1014,323,323,8L52375,11,Leka,-0.00015010505430481467,4412,0.18644882275849137,300,143
3,Selvær,1,1014,492,492,8M71105,13,Vikna,-0.00015014606793604433,4413,0.18644882275849137,300,145
3,Selvær,1,1014,2098,2098,8N14445,4,Gjerøy,-0.0001502372393356885,4414,0.18644882275849137,300,136
3,Selvær,1,1014,3250,3250,8N73668,13,Vikna,-0.00015027198489658012,4415,0.18644882275849137,300,155
3,Selvær,1,1014,2570,2570,8N28686,5,Hestmannøy,-0.0001503471422464185,4416,0.18644882275849137,300,134
3,Selvær,1,1014,3782,3782,8P11319,4,Gjerøy,-0.00015036038324920528,4417,0.18644882275849137,300,146
3,Selvær,1,1014,1227,1227,8N05137,12,Vega,-0.00015123146502804522,4418,0.18644882275849137,300,145
3,Selvær,1,1014,2426,2426,8N27413,5,Hestmannøy,-0.00015128870782431982,4419,0.18644882275849137,300,145
3,Selvær,1,1014,2750,2750,8N42719,5,Hestmannøy,-0.00015135841489181983,4420,0.18644882275849137,300,147
3,Selvær,1,1014,4269,4269,8651878,4,Gjerøy,-0.00015151508381458894,4421,0.18644882275849137,300,152
3,Selvær,1,1014,2157,2157,8N14574,11,Leka,-0.0001515912419166366,4422,0.18644882275849137,300,147
3,Selvær,1,1014,1329,1329,8N05240,13,Vikna,-0.00015192559699582636,4423,0.18644882275849137,300,139
3,Selvær,1,1014,4919,4919,8857739,4,Gjerøy,-0.00015197578690780437,4424,0.18644882275849137,300,140
3,Selvær,1,1014,3175,3175,8N73533,5,Hestmannøy,-0.00015296251175576792,4425,0.18644882275849137,300,140
3,Selvær,1,1014,5299,5299,8943043,5,Hestmannøy,-0.00015296573969664524,4426,0.18644882275849137,300,144
3,Selvær,1,1014,696,696,8M31293,5,Hestmannøy,-0.00015314834484227955,4427,0.18644882275849137,300,143
3,Selvær,1,1014,192,192,8L48421,7,Onøy og Lurøy,-0.00015317394434253914,4428,0.18644882275849137,300,135
3,Selvær,1,1014,1939,1939,8N13677,13,Vikna,-0.00015372405049547466,4429,0.18644882275849137,300,149
3,Selvær,1,1014,1496,1496,8N05673,14,Lauvøya,-0.00015392031246335406,4430,0.18644882275849137,300,138
3,Selvær,1,1014,5034,5034,8904733,12,Vega,-0.00015440102730167237,4431,0.18644882275849137,300,141
3,Selvær,1,1014,2056,2056,8N14167,5,Hestmannøy,-0.00015440579576075366,4432,0.18644882275849137,300,148
3,Selvær,1,1014,4642,4642,8747738,7,Onøy og Lurøy,-0.00015457665391320304,4433,0.18644882275849137,300,142
3,Selvær,1,1014,3470,3470,8N87522,11,Leka,-0.0001550307063593607,4434,0.18644882275849137,300,146
3,Selvær,1,1014,5070,5070,8934163,12,Vega,-0.000155052369915242,4435,0.18644882275849137,300,150
3,Selvær,1,1014,3707,3707,8N87923,13,Vikna,-0.00015528501019976328,4436,0.18644882275849137,300,134
3,Selvær,1,1014,3146,3146,8N73494,12,Vega,-0.00015566288094969648,4437,0.18644882275849137,300,140
3,Selvær,1,1014,4853,4853,8816497,5,Hestmannøy,-0.0001557143453400883,4438,0.18644882275849137,300,140
3,Selvær,1,1014,1977,1977,8N13861,14,Lauvøya,-0.00015575624081575826,4439,0.18644882275849137,300,147
3,Selvær,1,1014,3262,3262,8N73680,13,Vikna,-0.00015583498967850092,4440,0.18644882275849137,300,139
3,Selvær,1,1014,1953,1953,8N13691,13,Vikna,-0.00015588171146878714,4441,0.18644882275849137,300,133
3,Selvær,1,1014,3912,3912,8P14136,7,Onøy og Lurøy,-0.00015589181543085849,4442,0.18644882275849137,300,147
3,Selvær,1,1014,1995,1995,8N13954,4,Gjerøy,-0.00015591037142929397,4443,0.18644882275849137,300,148
3,Selvær,1,1014,4115,4115,8P26702,7,Onøy og Lurøy,-0.00015603427075274988,4444,0.18644882275849137,300,143
3,Selvær,1,1014,4031,4031,8P14937,14,Lauvøya,-0.00015620559795105797,4445,0.18644882275849137,300,145
3,Selvær,1,1014,94,94,8L30363,10,Aldra,-0.0001563475133064066,4446,0.18644882275849137,300,135
3,Selvær,1,1014,142,142,8L30766,12,Vega,-0.00015640331254442591,4447,0.18644882275849137,300,148
3,Selvær,1,1014,757,757,8M31591,5,Hestmannøy,-0.00015641152466041688,4448,0.18644882275849137,300,144
3,Selvær,1,1014,97,97,8L30416,8,Lovund,-0.0001567100033463954,4449,0.18644882275849137,300,143
3,Selvær,1,1014,391,391,8L52963,6,Indre Kvarøy,-0.00015675145519183518,4450,0.18644882275849137,300,145
3,Selvær,1,1014,4547,4547,8747234,10,Aldra,-0.00015683466402986165,4451,0.18644882275849137,300,140
3,Selvær,1,1014,517,517,8L89245,6,Indre Kvarøy,-0.0001569289642053902,4452,0.18644882275849137,300,153
3,Selvær,1,1014,2446,2446,8N27697,4,Gjerøy,-0.00015728306983238876,4453,0.18644882275849137,300,145
3,Selvær,1,1014,546,546,8L89365,5,Hestmannøy,-0.00015730487880434967,4454,0.18644882275849137,300,144
3,Selvær,1,1014,4981,4981,8887335,4,Gjerøy,-0.00015754241496186572,4455,0.18644882275849137,300,142
3,Selvær,1,1014,2549,2549,8N28469,2,Træna,-0.00015762952804794614,4456,0.18644882275849137,300,139
3,Selvær,1,1014,2249,2249,8N14668,13,Vikna,-0.000157941337721171,4457,0.18644882275849137,300,148
3,Selvær,1,1014,3849,3849,8P11572,14,Lauvøya,-0.00015797519869570207,4458,0.18644882275849137,300,139
3,Selvær,1,1014,5026,5026,8904411,11,Leka,-0.00015805950093257493,4459,0.18644882275849137,300,143
3,Selvær,1,1014,3134,3134,8N73482,11,Leka,-0.00015820278842001756,4460,0.18644882275849137,300,151
3,Selvær,1,1014,2978,2978,8N73057,4,Gjerøy,-0.0001582126167346632,4461,0.18644882275849137,300,138
3,Selvær,1,1014,3955,3955,8P14664,2,Træna,-0.00015841644112209096,4462,0.18644882275849137,300,137
3,Selvær,1,1014,3865,3865,8P11748,7,Onøy og Lurøy,-0.00015849193161255037,4463,0.18644882275849137,300,143
3,Selvær,1,1014,5414,5414,8981274,5,Hestmannøy,-0.00015874823538378143,4464,0.18644882275849137,300,138
3,Selvær,1,1014,3461,3461,8N87513,11,Leka,-0.00015875547876460314,4465,0.18644882275849137,300,149
3,Selvær,1,1014,353,353,8L52504,5,Hestmannøy,-0.00015877067291274367,4466,0.18644882275849137,300,150
3,Selvær,1,1014,2383,2383,8N27199,14,Lauvøya,-0.00015925128209313627,4467,0.18644882275849137,300,144
3,Selvær,1,1014,3532,3532,8N87585,11,Leka,-0.00015978445574375225,4468,0.18644882275849137,300,143
3,Selvær,1,1014,4679,4679,8747905,6,Indre Kvarøy,-0.0001601409857848516,4469,0.18644882275849137,300,138
3,Selvær,1,1014,4827,4827,8800612,5,Hestmannøy,-0.000160189410009414,4470,0.18644882275849137,300,132
3,Selvær,1,1014,2719,2719,8N42548,5,Hestmannøy,-0.0001604587394421917,4471,0.18644882275849137,300,137
3,Selvær,1,1014,4472,4472,8732565,4,Gjerøy,-0.0001604941604244799,4472,0.18644882275849137,300,137
3,Selvær,1,1014,3373,3373,8N73976,12,Vega,-0.0001606543540158291,4473,0.18644882275849137,300,140
3,Selvær,1,1014,1253,1253,8N05163,12,Vega,-0.00016088871860889557,4474,0.18644882275849137,300,141
3,Selvær,1,1014,3831,3831,8P11554,14,Lauvøya,-0.00016101984223982027,4475,0.18644882275849137,300,131
3,Selvær,1,1014,3969,3969,8P14652,2,Træna,-0.00016110190075205056,4476,0.18644882275849137,300,152
3,Selvær,1,1014,3130,3130,8N73477,11,Leka,-0.0001612101407286849,4477,0.18644882275849137,300,155
3,Selvær,1,1014,5312,5312,8943113,7,Onøy og Lurøy,-0.0001613203630064158,4478,0.18644882275849137,300,131
3,Selvær,1,1014,2921,2921,8N72919,13,Vikna,-0.0001613810143581864,4479,0.18644882275849137,300,151
3,Selvær,1,1014,2179,2179,8N14596,11,Leka,-0.0001617364967034164,4480,0.18644882275849137,300,151
3,Selvær,1,1014,2756,2756,8N42734,4,Gjerøy,-0.0001617941153825631,4481,0.18644882275849137,300,136
3,Selvær,1,1014,1640,1640,8N06471,12,Vega,-0.00016202908275488802,4482,0.18644882275849137,300,143
3,Selvær,1,1014,1805,1805,8N06920,5,Hestmannøy,-0.00016220016700814883,4483,0.18644882275849137,300,145
3,Selvær,1,1014,5178,5178,8939121,4,Gjerøy,-0.0001623022478669012,4484,0.18644882275849137,300,140
3,Selvær,1,1014,4523,4523,8747026,2,Træna,-0.00016270099602136415,4485,0.18644882275849137,300,136
3,Selvær,1,1014,3399,3399,8N87048,5,Hestmannøy,-0.00016305671085112302,4486,0.18644882275849137,300,154
3,Selvær,1,1014,1207,1207,8N05117,12,Vega,-0.00016314137378559387,4487,0.18644882275849137,300,156
3,Selvær,1,1014,1428,1428,8N05576,2,Træna,-0.00016341419520503575,4488,0.18644882275849137,300,141
3,Selvær,1,1014,4043,4043,8P14962,14,Lauvøya,-0.00016373407131696453,4489,0.18644882275849137,300,143
3,Selvær,1,1014,41,41,8L19944,7,Onøy og Lurøy,-0.00016403568607299622,4490,0.18644882275849137,300,147
3,Selvær,1,1014,1658,1658,8N06489,12,Vega,-0.0001641340683565097,4491,0.18644882275849137,300,144
3,Selvær,1,1014,73,73,8L30001,10,Aldra,-0.00016421811859999364,4492,0.18644882275849137,300,153
3,Selvær,1,1014,1546,1546,8N05820,7,Onøy og Lurøy,-0.00016446859413436765,4493,0.18644882275849137,300,142
3,Selvær,1,1014,1456,1456,8N05626,14,Lauvøya,-0.0001649084461463836,4494,0.18644882275849137,300,153
3,Selvær,1,1014,4348,4348,8681254,4,Gjerøy,-0.00016498463088386933,4495,0.18644882275849137,300,144
3,Selvær,1,1014,4368,4368,8681361,4,Gjerøy,-0.00016502943974908233,4496,0.18644882275849137,300,145
3,Selvær,1,1014,1371,1371,8N05283,13,Vikna,-0.00016509713972988205,4497,0.18644882275849137,300,148
3,Selvær,1,1014,2183,2183,8N14600,11,Leka,-0.00016536242222214544,4498,0.18644882275849137,300,143
3,Selvær,1,1014,4131,4131,8168602,10,Aldra,-0.00016574204344450022,4499,0.18644882275849137,300,129
3,Selvær,1,1014,4192,4192,8309272,5,Hestmannøy,-0.00016578080730360686,4500,0.18644882275849137,300,158
3,Selvær,1,1014,1186,1186,8N05032,5,Hestmannøy,-0.00016581043672244986,4501,0.18644882275849137,300,139
3,Selvær,1,1014,2609,2609,8N28794,14,Lauvøya,-0.00016674469624729991,4502,0.18644882275849137,300,131
3,Selvær,1,1014,2484,2484,8N27934,5,Hestmannøy,-0.00016688886982744376,4503,0.18644882275849137,300,143
3,Selvær,1,1014,4531,4531,8747104,5,Hestmannøy,-0.00016712452253044596,4504,0.18644882275849137,300,154
3,Selvær,1,1014,3986,3986,8P14829,5,Hestmannøy,-0.0001671246855911332,4505,0.18644882275849137,300,148
3,Selvær,1,1014,1605,1605,8N06285,2,Træna,-0.00016721994438939508,4506,0.18644882275849137,300,136
3,Selvær,1,1014,785,785,8M31778,11,Leka,-0.0001674174231091982,4507,0.18644882275849137,300,142
3,Selvær,1,1014,5153,5153,8934889,7,Onøy og Lurøy,-0.00016757362043896511,4508,0.18644882275849137,300,137
3,Selvær,1,1014,763,763,8M31632,5,Hestmannøy,-0.00016758241313192385,4509,0.18644882275849137,300,141
3,Selvær,1,1014,3163,3163,8N73512,7,Onøy og Lurøy,-0.00016764900731014372,4510,0.18644882275849137,300,136
3,Selvær,1,1014,1892,1892,8N13627,14,Lauvøya,-0.00016794737676896842,4511,0.18644882275849137,300,135
3,Selvær,1,1014,3598,3598,8N87810,14,Lauvøya,-0.0001680241346438546,4512,0.18644882275849137,300,145
3,Selvær,1,1014,1604,1604,8N06178,9,Sleneset,-0.000168132584609696,4513,0.18644882275849137,300,149
3,Selvær,1,1014,1829,1829,8N13116,14,Lauvøya,-0.00016817348986700645,4514,0.18644882275849137,300,140
3,Selvær,1,1014,3521,3521,8N87573,11,Leka,-0.00016820376886682921,4515,0.18644882275849137,300,145
3,Selvær,1,1014,2264,2264,8N14683,13,Vikna,-0.0001682992356443878,4516,0.18644882275849137,300,150
3,Selvær,1,1014,1536,1536,8N05747,4,Gjerøy,-0.00016839804259599498,4517,0.18644882275849137,300,149
3,Selvær,1,1014,4989,4989,8887356,10,Aldra,-0.000168583366590268,4518,0.18644882275849137,300,140
3,Selvær,1,1014,4405,4405,8730447,1,Myken,-0.00016873005510546367,4519,0.18644882275849137,300,143
3,Selvær,1,1014,1412,1412,8N05462,5,Hestmannøy,-0.00016882971484721834,4520,0.18644882275849137,300,148
3,Selvær,1,1014,896,896,8M71268,5,Hestmannøy,-0.00016900615924793212,4521,0.18644882275849137,300,139
3,Selvær,1,1014,3329,3329,8N73932,12,Vega,-0.00016925340416121384,4522,0.18644882275849137,300,136
3,Selvær,1,1014,1350,1350,8N05262,13,Vikna,-0.00016950463586925388,4523,0.18644882275849137,300,149
3,Selvær,1,1014,4899,4899,8857261,9,Sleneset,-0.00016952683578532843,4524,0.18644882275849137,300,150
3,Selvær,1,1014,132,132,8L30753,11,Leka,-0.00016961501328898994,4525,0.18644882275849137,300,147
3,Selvær,1,1014,2000,2000,8N13968,6,Indre Kvarøy,-0.00016975717131303787,4526,0.18644882275849137,300,143
3,Selvær,1,1014,2400,2400,8N27320,6,Indre Kvarøy,-0.00016988574224359028,4527,0.18644882275849137,300,147
3,Selvær,1,1014,4498,4498,8732653,5,Hestmannøy,-0.00017009599200391954,4528,0.18644882275849137,300,140
3,Selvær,1,1014,3960,3960,8P14717,5,Hestmannøy,-0.0001703445972793343,4529,0.18644882275849137,300,141
3,Selvær,1,1014,2473,2473,8N27904,6,Indre Kvarøy,-0.00017035145907326224,4530,0.18644882275849137,300,142
3,Selvær,1,1014,521,521,8L89265,5,Hestmannøy,-0.00017049640549295504,4531,0.18644882275849137,300,138
3,Selvær,1,1014,818,818,8L89118,13,Vikna,-0.00017060883747506284,4532,0.18644882275849137,300,149
3,Selvær,1,1014,4939,4939,8866792,5,Hestmannøy,-0.0001706416081885172,4533,0.18644882275849137,300,147
3,Selvær,1,1014,3754,3754,8N87970,13,Vikna,-0.00017072378375753813,4534,0.18644882275849137,300,144
3,Selvær,1,1014,2065,2065,8N14212,7,Onøy og Lurøy,-0.00017085020283750724,4535,0.18644882275849137,300,154
3,Selvær,1,1014,263,263,8L49930,1,Myken,-0.00017122741653784507,4536,0.18644882275849137,300,145
3,Selvær,1,1014,2244,2244,8N14663,13,Vikna,-0.0001713833330464043,4537,0.18644882275849137,300,131
3,Selvær,1,1014,5135,5135,8934532,10,Aldra,-0.00017148486698277842,4538,0.18644882275849137,300,141
3,Selvær,1,1014,920,920,8M71314,5,Hestmannøy,-0.0001715265232247891,4539,0.18644882275849137,300,141
3,Selvær,1,1014,360,360,8L52552,4,Gjerøy,-0.0001716475508095021,4540,0.18644882275849137,300,154
3,Selvær,1,1014,822,822,8M31925,5,Hestmannøy,-0.00017183124049238846,4541,0.18644882275849137,300,143
3,Selvær,1,1014,4992,4992,8887360,10,Aldra,-0.00017191627852594505,4542,0.18644882275849137,300,146
3,Selvær,1,1014,2391,2391,8N27275,5,Hestmannøy,-0.00017228954990675786,4543,0.18644882275849137,300,142
3,Selvær,1,1014,952,952,8M71391,12,Vega,-0.00017232754818635843,4544,0.18644882275849137,300,140
3,Selvær,1,1014,30,30,8L19920,5,Hestmannøy,-0.000172369830312223,4545,0.18644882275849137,300,146
3,Selvær,1,1014,4591,4591,8747552,10,Aldra,-0.00017264856413075013,4546,0.18644882275849137,300,152
3,Selvær,1,1014,2597,2597,8N28781,5,Hestmannøy,-0.00017288727416248141,4547,0.18644882275849137,300,145
3,Selvær,1,1014,2667,2667,8N42263,4,Gjerøy,-0.0001730908691635713,4548,0.18644882275849137,300,131
3,Selvær,1,1014,607,607,8L89640,5,Hestmannøy,-0.0001731045901877158,4549,0.18644882275849137,300,140
3,Selvær,1,1014,5407,5407,8981265,5,Hestmannøy,-0.00017314339124429332,4550,0.18644882275849137,300,137
3,Selvær,1,1014,4600,4600,8747575,9,Sleneset,-0.00017316510626139159,4551,0.18644882275849137,300,152
3,Selvær,1,1014,3766,3766,8N87982,13,Vikna,-0.00017342494633815737,4552,0.18644882275849137,300,134
3,Selvær,1,1014,4517,4517,8732696,4,Gjerøy,-0.00017344112647965093,4553,0.18644882275849137,300,140
3,Selvær,1,1014,2201,2201,8N14618,13,Vikna,-0.00017369276631891726,4554,0.18644882275849137,300,137
3,Selvær,1,1014,1035,1035,8M72304,8,Lovund,-0.00017548995153899771,4555,0.18644882275849137,300,154
3,Selvær,1,1014,4985,4985,8887345,5,Hestmannøy,-0.00017578270514650147,4556,0.18644882275849137,300,156
3,Selvær,1,1014,913,913,8M71303,6,Indre Kvarøy,-0.00017583950475726087,4557,0.18644882275849137,300,135
3,Selvær,1,1014,2040,2040,8N14106,4,Gjerøy,-0.00017594894240435718,4558,0.18644882275849137,300,134
3,Selvær,1,1014,2782,2782,8N42987,14,Lauvøya,-0.0001760192126202433,4559,0.18644882275849137,300,143
3,Selvær,1,1014,1598,1598,8N05953,14,Lauvøya,-0.00017651127760200144,4560,0.18644882275849137,300,153
3,Selvær,1,1014,1476,1476,8N05653,11,Leka,-0.00017689106558038293,4561,0.18644882275849137,300,143
3,Selvær,1,1014,2539,2539,8N28403,9,Sleneset,-0.0001770196170779418,4562,0.18644882275849137,300,144
3,Selvær,1,1014,1571,1571,8N05875,11,Leka,-0.00017716451761001282,4563,0.18644882275849137,300,146
3,Selvær,1,1014,4855,4855,8816918,5,Hestmannøy,-0.00017722779263338055,4564,0.18644882275849137,300,143
3,Selvær,1,1014,2003,2003,8N13974,5,Hestmannøy,-0.0001774364125563647,4565,0.18644882275849137,300,140
3,Selvær,1,1014,294,294,8L52320,12,Vega,-0.00017746635137100625,4566,0.18644882275849137,300,153
3,Selvær,1,1014,643,643,8L89753,5,Hestmannøy,-0.0001775770419536662,4567,0.18644882275849137,300,142
3,Selvær,1,1014,5290,5290,8939932,11,Leka,-0.00017776873911831302,4568,0.18644882275849137,300,144
3,Selvær,1,1014,2414,2414,8N27364,5,Hestmannøy,-0.00017780594650736522,4569,0.18644882275849137,300,141
3,Selvær,1,1014,901,901,8M71281,4,Gjerøy,-0.0001779259654170282,4570,0.18644882275849137,300,154
3,Selvær,1,1014,4450,4450,8732249,5,Hestmannøy,-0.00017793762720916446,4571,0.18644882275849137,300,137
3,Selvær,1,1014,552,552,8L89377,5,Hestmannøy,-0.00017794399694292615,4572,0.18644882275849137,300,149
3,Selvær,1,1014,2485,2485,8N27937,6,Indre Kvarøy,-0.00017831161664540795,4573,0.18644882275849137,300,133
3,Selvær,1,1014,1982,1982,8N13926,5,Hestmannøy,-0.00017903666266055283,4574,0.18644882275849137,300,147
3,Selvær,1,1014,5025,5025,8M71461,13,Vikna,-0.00017928400048335203,4575,0.18644882275849137,300,145
3,Selvær,1,1014,2405,2405,8N27333,4,Gjerøy,-0.0001793873672770492,4576,0.18644882275849137,300,153
3,Selvær,1,1014,2382,2382,8N27198,14,Lauvøya,-0.00017953973582221502,4577,0.18644882275849137,300,150
3,Selvær,1,1014,5200,5200,8939339,7,Onøy og Lurøy,-0.00017954495348248984,4578,0.18644882275849137,300,134
3,Selvær,1,1014,2460,2460,8N27865,6,Indre Kvarøy,-0.0001800872338714226,4579,0.18644882275849137,300,138
3,Selvær,1,1014,2324,2324,8N27010,14,Lauvøya,-0.00018024227052342723,4580,0.18644882275849137,300,145
3,Selvær,1,1014,5476,5476,8981820,5,Hestmannøy,-0.00018024893087299236,4581,0.18644882275849137,300,148
3,Selvær,1,1014,4166,4166,8309143,4,Gjerøy,-0.0001803866735511035,4582,0.18644882275849137,300,154
3,Selvær,1,1014,922,922,8M71321,5,Hestmannøy,-0.00018053659553919776,4583,0.18644882275849137,300,144
3,Selvær,1,1014,4278,4278,8651942,7,Onøy og Lurøy,-0.00018070602265545885,4584,0.18644882275849137,300,149
3,Selvær,1,1014,1519,1519,8N05702,5,Hestmannøy,-0.00018074183615336426,4585,0.18644882275849137,300,146
3,Selvær,1,1014,4307,4307,8681042,5,Hestmannøy,-0.00018087207118031286,4586,0.18644882275849137,300,153
3,Selvær,1,1014,983,983,8M71505,10,Aldra,-0.00018100530533131623,4587,0.18644882275849137,300,142
3,Selvær,1,1014,2560,2560,8N28557,2,Træna,-0.00018101781048261373,4588,0.18644882275849137,300,135
3,Selvær,1,1014,1212,1212,8N05122,12,Vega,-0.00018102226304563413,4589,0.18644882275849137,300,140
3,Selvær,1,1014,0,0,8L19549,8,Lovund,-0.0001819159981604914,4590,0.18644882275849137,300,145
3,Selvær,1,1014,2689,2689,8N42498,14,Lauvøya,-0.00018193680461249946,4591,0.18644882275849137,300,151
3,Selvær,1,1014,3924,3924,8P14262,5,Hestmannøy,-0.00018216095558812767,4592,0.18644882275849137,300,154
3,Selvær,1,1014,3989,3989,8P14838,5,Hestmannøy,-0.0001824522211636975,4593,0.18644882275849137,300,141
3,Selvær,1,1014,1274,1274,8N05185,13,Vikna,-0.00018269489466072675,4594,0.18644882275849137,300,147
3,Selvær,1,1014,3043,3043,8N73242,12,Vega,-0.00018271387603697545,4595,0.18644882275849137,300,140
3,Selvær,1,1014,2996,2996,8N73189,14,Lauvøya,-0.00018271533245675425,4596,0.18644882275849137,300,157
3,Selvær,1,1014,4777,4777,8800368,1,Myken,-0.00018283663643478223,4597,0.18644882275849137,300,152
3,Selvær,1,1014,2944,2944,8N72943,13,Vikna,-0.0001829853216235199,4598,0.18644882275849137,300,157
3,Selvær,1,1014,3830,3830,8P11553,14,Lauvøya,-0.0001831618932135246,4599,0.18644882275849137,300,145
3,Selvær,1,1014,2687,2687,8N42476,14,Lauvøya,-0.00018357944951855545,4600,0.18644882275849137,300,146
3,Selvær,1,1014,4650,4650,8747757,7,Onøy og Lurøy,-0.0001837546401290434,4601,0.18644882275849137,300,140
3,Selvær,1,1014,2072,2072,8N14288,14,Lauvøya,-0.00018383522602458233,4602,0.18644882275849137,300,146
3,Selvær,1,1014,208,208,8L48463,10,Aldra,-0.00018411489896465324,4603,0.18644882275849137,300,158
3,Selvær,1,1014,5158,5158,8939020,12,Vega,-0.0001842262372557116,4604,0.18644882275849137,300,152
3,Selvær,1,1014,1323,1323,8N05234,12,Vega,-0.00018453433676331112,4605,0.18644882275849137,300,130
3,Selvær,1,1014,1410,1410,8N05457,4,Gjerøy,-0.00018462095745808133,4606,0.18644882275849137,300,151
3,Selvær,1,1014,4482,4482,8732605,9,Sleneset,-0.00018471285600018592,4607,0.18644882275849137,300,143
3,Selvær,1,1014,1457,1457,8N05627,14,Lauvøya,-0.0001851731279343445,4608,0.18644882275849137,300,143
3,Selvær,1,1014,5233,5233,8939519,4,Gjerøy,-0.00018535036946579694,4609,0.18644882275849137,300,133
3,Selvær,1,1014,596,596,8M31789,11,Leka,-0.0001855485842886329,4610,0.18644882275849137,300,150
3,Selvær,1,1014,3576,3576,8N87707,6,Indre Kvarøy,-0.0001855621341816431,4611,0.18644882275849137,300,143
3,Selvær,1,1014,218,218,8L48566,7,Onøy og Lurøy,-0.00018573948861841196,4612,0.18644882275849137,300,149
3,Selvær,1,1014,3045,3045,8N73244,14,Lauvøya,-0.0001864738570549028,4613,0.18644882275849137,300,148
3,Selvær,1,1014,4393,4393,8681500,2,Træna,-0.00018657895745028113,4614,0.18644882275849137,300,154
3,Selvær,1,1014,2228,2228,8N14647,13,Vikna,-0.0001871533868173215,4615,0.18644882275849137,300,151
3,Selvær,1,1014,1587,1587,8N05895,11,Leka,-0.0001871638617737918,4616,0.18644882275849137,300,133
3,Selvær,1,1014,4749,4749,8800166,10,Aldra,-0.00018719272599351713,4617,0.18644882275849137,300,142
3,Selvær,1,1014,1077,1077,8M72584,11,Leka,-0.0001877883670778744,4618,0.18644882275849137,300,137
3,Selvær,1,1014,3771,3771,8N87987,13,Vikna,-0.00018800337190537275,4619,0.18644882275849137,300,155
3,Selvær,1,1014,249,249,8L48759,11,Leka,-0.00018833367641669333,4620,0.18644882275849137,300,149
3,Selvær,1,1014,1046,1046,8M72425,13,Vikna,-0.00018850252232354147,4621,0.18644882275849137,300,147
3,Selvær,1,1014,5319,5319,8943144,9,Sleneset,-0.00018866114242851098,4622,0.18644882275849137,300,146
3,Selvær,1,1014,767,767,8M31651,14,Lauvøya,-0.00018882822043629624,4623,0.18644882275849137,300,142
3,Selvær,1,1014,4344,4344,8681201,9,Sleneset,-0.0001888897963406848,4624,0.18644882275849137,300,129
3,Selvær,1,1014,1644,1644,8N06475,12,Vega,-0.00018903464273372023,4625,0.18644882275849137,300,144
3,Selvær,1,1014,2431,2431,8N27455,5,Hestmannøy,-0.00018910689203521208,4626,0.18644882275849137,300,146
3,Selvær,1,1014,2952,2952,8N72952,13,Vikna,-0.0001893663276947662,4627,0.18644882275849137,300,144
3,Selvær,1,1014,5335,5335,8943487,7,Onøy og Lurøy,-0.00018942900968240404,4628,0.18644882275849137,300,135
3,Selvær,1,1014,2951,2951,8N72951,13,Vikna,-0.00018995891173923432,4629,0.18644882275849137,300,147
3,Selvær,1,1014,4477,4477,8732591,2,Træna,-0.00019002503380266303,4630,0.18644882275849137,300,148
3,Selvær,1,1014,714,714,8M31360,5,Hestmannøy,-0.00019007034201719807,4631,0.18644882275849137,300,147
3,Selvær,1,1014,1998,1998,8N13962,6,Indre Kvarøy,-0.0001903031394585128,4632,0.18644882275849137,300,143
3,Selvær,1,1014,1383,1383,8N05296,13,Vikna,-0.00019042212600299316,4633,0.18644882275849137,300,151
3,Selvær,1,1014,1994,1994,8N13951,4,Gjerøy,-0.00019046203260744752,4634,0.18644882275849137,300,132
3,Selvær,1,1014,5132,5132,8934527,1,Myken,-0.00019056754305139643,4635,0.18644882275849137,300,132
3,Selvær,1,1014,1575,1575,8N05879,11,Leka,-0.00019065908330268743,4636,0.18644882275849137,300,161
3,Selvær,1,1014,3237,3237,8N73655,13,Vikna,-0.00019068791636263544,4637,0.18644882275849137,300,143
3,Selvær,1,1014,5040,5040,8917939,8,Lovund,-0.00019092244477786328,4638,0.18644882275849137,300,144
3,Selvær,1,1014,3280,3280,8N73699,13,Vikna,-0.00019099296356270195,4639,0.18644882275849137,300,139
3,Selvær,1,1014,5438,5438,8981399,12,Vega,-0.00019116697830377137,4640,0.18644882275849137,300,147
3,Selvær,1,1014,4530,4530,8747103,5,Hestmannøy,-0.00019146866646000863,4641,0.18644882275849137,300,147
3,Selvær,1,1014,3190,3190,8N73608,14,Lauvøya,-0.0001916555996082582,4642,0.18644882275849137,300,147
3,Selvær,1,1014,916,916,8M71306,6,Indre Kvarøy,-0.00019166802473206447,4643,0.18644882275849137,300,141
3,Selvær,1,1014,2614,2614,8N28812,5,Hestmannøy,-0.0001918290791620859,4644,0.18644882275849137,300,140
3,Selvær,1,1014,2406,2406,8N27339,4,Gjerøy,-0.00019197883628360753,4645,0.18644882275849137,300,148
3,Selvær,1,1014,3550,3550,8N87606,14,Lauvøya,-0.0001920543740082887,4646,0.18644882275849137,300,133
3,Selvær,1,1014,653,653,8L89844,5,Hestmannøy,-0.00019220712346961765,4647,0.18644882275849137,300,139
3,Selvær,1,1014,3023,3023,8N73222,12,Vega,-0.00019231091136406853,4648,0.18644882275849137,300,143
3,Selvær,1,1014,1396,1396,8M71514,1,Myken,-0.00019249560436424741,4649,0.18644882275849137,300,147
3,Selvær,1,1014,3288,3288,8N73795,14,Lauvøya,-0.0001925918166968497,4650,0.18644882275849137,300,155
3,Selvær,1,1014,3818,3818,8P11540,14,Lauvøya,-0.0001933967766891831,4651,0.18644882275849137,300,148
3,Selvær,1,1014,481,481,8L64824,2,Træna,-0.00019362358249619963,4652,0.18644882275849137,300,156
3,Selvær,1,1014,4595,4595,8747563,5,Hestmannøy,-0.00019385027847957593,4653,0.18644882275849137,300,140
3,Selvær,1,1014,2043,2043,8N14113,5,Hestmannøy,-0.00019394122447818543,4654,0.18644882275849137,300,150
3,Selvær,1,1014,5054,5054,8934028,6,Indre Kvarøy,-0.00019401216781139542,4655,0.18644882275849137,300,140
3,Selvær,1,1014,4306,4306,8681041,5,Hestmannøy,-0.00019408070941167265,4656,0.18644882275849137,300,151
3,Selvær,1,1014,191,191,8L48418,5,Hestmannøy,-0.00019424749575459562,4657,0.18644882275849137,300,137
3,Selvær,1,1014,5403,5403,8981243,7,Onøy og Lurøy,-0.0001945928455623774,4658,0.18644882275849137,300,139
3,Selvær,1,1014,318,318,8L52361,11,Leka,-0.00019461770644371446,4659,0.18644882275849137,300,141
3,Selvær,1,1014,475,475,8L64560,12,Vega,-0.00019465344972708964,4660,0.18644882275849137,300,132
3,Selvær,1,1014,1796,1796,8N06894,11,Leka,-0.00019465760916187732,4661,0.18644882275849137,300,146
3,Selvær,1,1014,1423,1423,8N05536,5,Hestmannøy,-0.00019512530147501836,4662,0.18644882275849137,300,150
3,Selvær,1,1014,910,910,8M71299,6,Indre Kvarøy,-0.00019512812420943484,4663,0.18644882275849137,300,145
3,Selvær,1,1014,2318,2318,8N14974,7,Onøy og Lurøy,-0.00019513949742841605,4664,0.18644882275849137,300,149
3,Selvær,1,1014,4130,4130,8118435,4,Gjerøy,-0.0001958075874224669,4665,0.18644882275849137,300,144
3,Selvær,1,1014,1729,1729,8N06824,11,Leka,-0.0001958219389597511,4666,0.18644882275849137,300,143
3,Selvær,1,1014,436,436,8L64148,2,Træna,-0.00019584191063551647,4667,0.18644882275849137,300,139
3,Selvær,1,1014,1876,1876,8N13602,14,Lauvøya,-0.00019584238643207295,4668,0.18644882275849137,300,151
3,Selvær,1,1014,2462,2462,8N27873,5,Hestmannøy,-0.00019596540930059676,4669,0.18644882275849137,300,147
3,Selvær,1,1014,244,244,8L48752,11,Leka,-0.00019659238227483136,4670,0.18644882275849137,300,152
3,Selvær,1,1014,5471,5471,8981803,6,Indre Kvarøy,-0.0001967328944764502,4671,0.18644882275849137,300,150
3,Selvær,1,1014,1754,1754,8N06849,11,Leka,-0.00019709687193737306,4672,0.18644882275849137,300,142
3,Selvær,1,1014,1595,1595,8N05933,2,Træna,-0.0001975350827451426,4673,0.18644882275849137,300,135
3,Selvær,1,1014,776,776,8M31756,6,Indre Kvarøy,-0.00019796866813765455,4674,0.18644882275849137,300,145
3,Selvær,1,1014,2092,2092,8N14353,14,Lauvøya,-0.0001979873570051009,4675,0.18644882275849137,300,144
3,Selvær,1,1014,4226,4226,8573874,6,Indre Kvarøy,-0.00019826014047409957,4676,0.18644882275849137,300,143
3,Selvær,1,1014,656,656,8L89894,4,Gjerøy,-0.00019836765706016628,4677,0.18644882275849137,300,138
3,Selvær,1,1014,1113,1113,8M72696,14,Lauvøya,-0.00019883759204868787,4678,0.18644882275849137,300,152
3,Selvær,1,1014,230,230,8L48651,5,Hestmannøy,-0.00019885239117826712,4679,0.18644882275849137,300,148
3,Selvær,1,1014,1430,1430,8N05588,8,Lovund,-0.0001990767273063144,4680,0.18644882275849137,300,146
3,Selvær,1,1014,3503,3503,8N87555,11,Leka,-0.00019917818170543113,4681,0.18644882275849137,300,139
3,Selvær,1,1014,3708,3708,8N87924,13,Vikna,-0.0001992549442626318,4682,0.18644882275849137,300,143
3,Selvær,1,1014,5453,5453,8981707,5,Hestmannøy,-0.00019942343157947518,4683,0.18644882275849137,300,146
3,Selvær,1,1014,3686,3686,8N87901,13,Vikna,-0.00019947389627589173,4684,0.18644882275849137,300,150
3,Selvær,1,1014,3953,3953,8P14297,0,Nesøy,-0.00019962313545791795,4685,0.18644882275849137,300,156
3,Selvær,1,1014,79,79,8L30167,12,Vega,-0.000199777382006596,4686,0.18644882275849137,300,148
3,Selvær,1,1014,2947,2947,8N72946,13,Vikna,-0.00019998160774735717,4687,0.18644882275849137,300,142
3,Selvær,1,1014,1745,1745,8N06840,11,Leka,-0.00020030665893096971,4688,0.18644882275849137,300,145
3,Selvær,1,1014,1333,1333,8N05245,13,Vikna,-0.0002003572667819151,4689,0.18644882275849137,300,158
3,Selvær,1,1014,1612,1612,8N06298,8,Lovund,-0.00020041096044001334,4690,0.18644882275849137,300,152
3,Selvær,1,1014,3644,3644,8N87858,14,Lauvøya,-0.0002005576938685887,4691,0.18644882275849137,300,133
3,Selvær,1,1014,4067,4067,8P14985,14,Lauvøya,-0.0002009886712623532,4692,0.18644882275849137,300,155
3,Selvær,1,1014,5151,5151,8934887,7,Onøy og Lurøy,-0.00020121154819856247,4693,0.18644882275849137,300,138
3,Selvær,1,1014,3122,3122,8N73469,11,Leka,-0.00020132317720710538,4694,0.18644882275849137,300,147
3,Selvær,1,1014,181,181,8L48318,5,Hestmannøy,-0.00020151516566309821,4695,0.18644882275849137,300,143
3,Selvær,1,1014,4175,4175,8309175,4,Gjerøy,-0.00020153465378795526,4696,0.18644882275849137,300,146
3,Selvær,1,1014,3435,3435,8N87258,8,Lovund,-0.00020166565317922115,4697,0.18644882275849137,300,143
3,Selvær,1,1014,5051,5051,8917967,8,Lovund,-0.00020191877393828828,4698,0.18644882275849137,300,139
3,Selvær,1,1014,1236,1236,8N05146,12,Vega,-0.00020196471886704213,4699,0.18644882275849137,300,138
3,Selvær,1,1014,1032,1032,8M72272,2,Træna,-0.00020288372231706662,4700,0.18644882275849137,300,144
3,Selvær,1,1014,4852,4852,8816496,1,Myken,-0.00020323443490717042,4701,0.18644882275849137,300,148
3,Selvær,1,1014,4537,4537,8747144,2,Træna,-0.00020338744258938468,4702,0.18644882275849137,300,151
3,Selvær,1,1014,1368,1368,8N05280,13,Vikna,-0.00020357410992539584,4703,0.18644882275849137,300,145
3,Selvær,1,1014,204,204,8L48455,5,Hestmannøy,-0.00020393321365004964,4704,0.18644882275849137,300,152
3,Selvær,1,1014,3423,3423,8N87162,10,Aldra,-0.00020396233145130352,4705,0.18644882275849137,300,137
3,Selvær,1,1014,2105,2105,8N14520,11,Leka,-0.00020411283215865568,4706,0.18644882275849137,300,138
3,Selvær,1,1014,4780,4780,8800375,4,Gjerøy,-0.00020466338490801706,4707,0.18644882275849137,300,140
3,Selvær,1,1014,5117,5117,8934405,8,Lovund,-0.00020471508488265785,4708,0.18644882275849137,300,137
3,Selvær,1,1014,768,768,8M31653,11,Leka,-0.00020503648131382952,4709,0.18644882275849137,300,143
3,Selvær,1,1014,557,557,8L89387,5,Hestmannøy,-0.00020521746688271174,4710,0.18644882275849137,300,143
3,Selvær,1,1014,445,445,8L64206,6,Indre Kvarøy,-0.00020529150301903983,4711,0.18644882275849137,300,150
3,Selvær,1,1014,1813,1813,8N06944,4,Gjerøy,-0.00020554581151917728,4712,0.18644882275849137,300,144
3,Selvær,1,1014,3158,3158,8N73506,5,Hestmannøy,-0.000205619629477279,4713,0.18644882275849137,300,139
3,Selvær,1,1014,4340,4340,8681183,4,Gjerøy,-0.00020597178568609946,4714,0.18644882275849137,300,134
3,Selvær,1,1014,383,383,8L52931,4,Gjerøy,-0.00020659418213242898,4715,0.18644882275849137,300,146
3,Selvær,1,1014,356,356,8L52534,5,Hestmannøy,-0.00020707404589626535,4716,0.18644882275849137,300,141
3,Selvær,1,1014,5488,5488,8981860,8,Lovund,-0.00020738004251366277,4717,0.18644882275849137,300,140
3,Selvær,1,1014,3353,3353,8N73956,12,Vega,-0.0002074301542863385,4718,0.18644882275849137,300,148
3,Selvær,1,1014,3748,3748,8N87964,13,Vikna,-0.00020752053666246438,4719,0.18644882275849137,300,140
3,Selvær,1,1014,3889,3889,8P14001,2,Træna,-0.0002076946886646552,4720,0.18644882275849137,300,145
3,Selvær,1,1014,1092,1092,8M71276,4,Gjerøy,-0.000207982906353246,4721,0.18644882275849137,300,153
3,Selvær,1,1014,4770,4770,8800340,7,Onøy og Lurøy,-0.00020814605155344962,4722,0.18644882275849137,300,148
3,Selvær,1,1014,3236,3236,8N73654,13,Vikna,-0.00020821537126951119,4723,0.18644882275849137,300,130
3,Selvær,1,1014,4451,4451,8732255,10,Aldra,-0.00020839730939143264,4724,0.18644882275849137,300,141
3,Selvær,1,1014,1414,1414,8N05472,6,Indre Kvarøy,-0.0002084526515113895,4725,0.18644882275849137,300,142
3,Selvær,1,1014,4828,4828,8800613,5,Hestmannøy,-0.00020864430153327956,4726,0.18644882275849137,300,144
3,Selvær,1,1014,2020,2020,8N14009,10,Aldra,-0.00020879274669799566,4727,0.18644882275849137,300,138
3,Selvær,1,1014,3215,3215,8N73633,13,Vikna,-0.00020885464340737376,4728,0.18644882275849137,300,150
3,Selvær,1,1014,3664,3664,8N87879,13,Vikna,-0.00020896038381004457,4729,0.18644882275849137,300,147
3,Selvær,1,1014,2769,2769,8N42906,0,Nesøy,-0.0002090138404143752,4730,0.18644882275849137,300,146
3,Selvær,1,1014,4888,4888,8857230,5,Hestmannøy,-0.00020912697788088316,4731,0.18644882275849137,300,135
3,Selvær,1,1014,4762,4762,8800307,0,Nesøy,-0.00020921747565047367,4732,0.18644882275849137,300,151
3,Selvær,1,1014,4920,4920,8857752,6,Indre Kvarøy,-0.00020928025316818233,4733,0.18644882275849137,300,135
3,Selvær,1,1014,3798,3798,8P11520,14,Lauvøya,-0.00020930858416040975,4734,0.18644882275849137,300,145
3,Selvær,1,1014,2048,2048,8N14143,6,Indre Kvarøy,-0.0002098709788431539,4735,0.18644882275849137,300,140
3,Selvær,1,1014,803,803,8L89143,13,Vikna,-0.00020992088467250425,4736,0.18644882275849137,300,153
3,Selvær,1,1014,3393,3393,8N73996,14,Lauvøya,-0.00021012818583118246,4737,0.18644882275849137,300,145
3,Selvær,1,1014,4025,4025,8N14907,4,Gjerøy,-0.00021028122594283095,4738,0.18644882275849137,300,138
3,Selvær,1,1014,2732,2732,8N42674,5,Hestmannøy,-0.00021047992548604136,4739,0.18644882275849137,300,138
3,Selvær,1,1014,771,771,8M31711,4,Gjerøy,-0.00021068167848577993,4740,0.18644882275849137,300,139
3,Selvær,1,1014,5144,5144,8934820,8,Lovund,-0.0002107916742930348,4741,0.18644882275849137,300,139
3,Selvær,1,1014,273,273,8L52205,8,Lovund,-0.00021117236676410254,4742,0.18644882275849137,300,138
3,Selvær,1,1014,5143,5143,8934811,8,Lovund,-0.00021144767621984848,4743,0.18644882275849137,300,139
3,Selvær,1,1014,5463,5463,8981734,10,Aldra,-0.00021167747206543705,4744,0.18644882275849137,300,133
3,Selvær,1,1014,2820,2820,8N72391,6,Indre Kvarøy,-0.0002118496781265039,4745,0.18644882275849137,300,145
3,Selvær,1,1014,1082,1082,8M72598,11,Leka,-0.00021192294930562062,4746,0.18644882275849137,300,141
3,Selvær,1,1014,1763,1763,8N06858,11,Leka,-0.00021197786584419926,4747,0.18644882275849137,300,158
3,Selvær,1,1014,634,634,8L89728,4,Gjerøy,-0.0002119965516612918,4748,0.18644882275849137,300,147
3,Selvær,1,1014,4970,4970,8887283,5,Hestmannøy,-0.0002125097773541551,4749,0.18644882275849137,300,140
3,Selvær,1,1014,2673,2673,8N42285,5,Hestmannøy,-0.00021254628557582935,4750,0.18644882275849137,300,148
3,Selvær,1,1014,3056,3056,8N73303,14,Lauvøya,-0.00021263133057610842,4751,0.18644882275849137,300,150
3,Selvær,1,1014,1201,1201,8N05111,12,Vega,-0.0002133898038590334,4752,0.18644882275849137,300,136
3,Selvær,1,1014,3848,3848,8P11571,14,Lauvøya,-0.00021379291388707412,4753,0.18644882275849137,300,140
3,Selvær,1,1014,2320,2320,8N14976,7,Onøy og Lurøy,-0.00021449004621989254,4754,0.18644882275849137,300,140
3,Selvær,1,1014,4039,4039,8P14958,14,Lauvøya,-0.0002147945050462873,4755,0.18644882275849137,300,154
3,Selvær,1,1014,4371,4371,8681374,4,Gjerøy,-0.00021514753727065869,4756,0.18644882275849137,300,152
3,Selvær,1,1014,681,681,8M31224,11,Leka,-0.00021518291138511957,4757,0.18644882275849137,300,141
3,Selvær,1,1014,1708,1708,8N06696,14,Lauvøya,-0.0002152804706954515,4758,0.18644882275849137,300,150
3,Selvær,1,1014,2715,2715,8N42535,4,Gjerøy,-0.0002154756103480624,4759,0.18644882275849137,300,141
3,Selvær,1,1014,5435,5435,8981379,12,Vega,-0.00021627911604030006,4760,0.18644882275849137,300,133
3,Selvær,1,1014,5457,5457,8981715,10,Aldra,-0.00021680915269923134,4761,0.18644882275849137,300,154
3,Selvær,1,1014,5077,5077,8934236,2,Træna,-0.00021691144955598735,4762,0.18644882275849137,300,142
3,Selvær,1,1014,3862,3862,8P11641,2,Træna,-0.00021717460620326973,4763,0.18644882275849137,300,147
3,Selvær,1,1014,1873,1873,8N13601,14,Lauvøya,-0.00021736278275158162,4764,0.18644882275849137,300,154
3,Selvær,1,1014,4751,4751,8800170,10,Aldra,-0.00021748478106881801,4765,0.18644882275849137,300,146
3,Selvær,1,1014,3543,3543,8N87597,11,Leka,-0.000217557026504577,4766,0.18644882275849137,300,137
3,Selvær,1,1014,927,927,8M71327,11,Leka,-0.0002175675822411123,4767,0.18644882275849137,300,144
3,Selvær,1,1014,3426,3426,8N87216,2,Træna,-0.00021759038757394322,4768,0.18644882275849137,300,140
3,Selvær,1,1014,5360,5360,8943894,5,Hestmannøy,-0.00021759039109525886,4769,0.18644882275849137,300,142
3,Selvær,1,1014,1497,1497,8N05674,14,Lauvøya,-0.00021790082646512405,4770,0.18644882275849137,300,146
3,Selvær,1,1014,2027,2027,8N14017,7,Onøy og Lurøy,-0.00021859014954744515,4771,0.18644882275849137,300,136
3,Selvær,1,1014,2566,2566,8N28681,5,Hestmannøy,-0.00021871380357450532,4772,0.18644882275849137,300,146
3,Selvær,1,1014,4436,4436,8730979,6,Indre Kvarøy,-0.00021912637022921414,4773,0.18644882275849137,300,149
3,Selvær,1,1014,4439,4439,8730993,4,Gjerøy,-0.00021938090447466766,4774,0.18644882275849137,300,142
3,Selvær,1,1014,5428,5428,8981331,11,Leka,-0.00022017645107921428,4775,0.18644882275849137,300,145
3,Selvær,1,1014,1285,1285,8N05196,13,Vikna,-0.00022033668446771635,4776,0.18644882275849137,300,133
3,Selvær,1,1014,5028,5028,8904575,11,Leka,-0.00022040514232081116,4777,0.18644882275849137,300,142
3,Selvær,1,1014,1028,1028,8M72218,8,Lovund,-0.00022051267881801682,4778,0.18644882275849137,300,140
3,Selvær,1,1014,4599,4599,8747574,9,Sleneset,-0.00022061315716670086,4779,0.18644882275849137,300,143
3,Selvær,1,1014,1255,1255,8N05165,12,Vega,-0.00022074083571425586,4780,0.18644882275849137,300,141
3,Selvær,1,1014,2923,2923,8N72921,13,Vikna,-0.00022078836445472714,4781,0.18644882275849137,300,145
3,Selvær,1,1014,892,892,8M71254,5,Hestmannøy,-0.00022117173419516152,4782,0.18644882275849137,300,159
3,Selvær,1,1014,5011,5011,8887448,5,Hestmannøy,-0.00022136093807559437,4783,0.18644882275849137,300,138
3,Selvær,1,1014,5311,5311,8943110,10,Aldra,-0.00022182458931116779,4784,0.18644882275849137,300,145
3,Selvær,1,1014,4155,4155,8168693,6,Indre Kvarøy,-0.00022183530483978786,4785,0.18644882275849137,300,143
3,Selvær,1,1014,5017,5017,8887475,4,Gjerøy,-0.00022190982613780067,4786,0.18644882275849137,300,145
3,Selvær,1,1014,4015,4015,8P14867,14,Lauvøya,-0.00022226196565869072,4787,0.18644882275849137,300,138
3,Selvær,1,1014,3785,3785,8P11325,4,Gjerøy,-0.00022230229892892145,4788,0.18644882275849137,300,144
3,Selvær,1,1014,3421,3421,8N87141,2,Træna,-0.00022239929348199776,4789,0.18644882275849137,300,141
3,Selvær,1,1014,2888,2888,8N72721,0,Nesøy,-0.00022263679148646525,4790,0.18644882275849137,300,150
3,Selvær,1,1014,1292,1292,8N05203,12,Vega,-0.00022273045439562267,4791,0.18644882275849137,300,144
3,Selvær,1,1014,127,127,8L30712,12,Vega,-0.00022278171963078714,4792,0.18644882275849137,300,147
3,Selvær,1,1014,1259,1259,8N05169,14,Lauvøya,-0.0002228862396794673,4793,0.18644882275849137,300,146
3,Selvær,1,1014,3492,3492,8N87544,11,Leka,-0.00022291032915187743,4794,0.18644882275849137,300,148
3,Selvær,1,1014,2128,2128,8N14543,11,Leka,-0.00022303616327347384,4795,0.18644882275849137,300,147
3,Selvær,1,1014,840,840,8M31993,1,Myken,-0.0002234858218354852,4796,0.18644882275849137,300,144
3,Selvær,1,1014,2156,2156,8N14573,11,Leka,-0.00022355291369658293,4797,0.18644882275849137,300,139
3,Selvær,1,1014,1419,1419,8N05532,5,Hestmannøy,-0.00022367432443139477,4798,0.18644882275849137,300,142
3,Selvær,1,1014,2682,2682,8N42441,14,Lauvøya,-0.0002241285695038383,4799,0.18644882275849137,300,147
3,Selvær,1,1014,4040,4040,8P14959,14,Lauvøya,-0.00022464781426204824,4800,0.18644882275849137,300,146
3,Selvær,1,1014,2307,2307,8N14960,5,Hestmannøy,-0.00022467567029914556,4801,0.18644882275849137,300,138
3,Selvær,1,1014,3583,3583,8N87754,4,Gjerøy,-0.00022512064736584825,4802,0.18644882275849137,300,138
3,Selvær,1,1014,2770,2770,8N42911,6,Indre Kvarøy,-0.00022512539244765904,4803,0.18644882275849137,300,152
3,Selvær,1,1014,4978,4978,8887315,6,Indre Kvarøy,-0.00022522817428605153,4804,0.18644882275849137,300,142
3,Selvær,1,1014,4395,4395,8730417,4,Gjerøy,-0.0002253162158395539,4805,0.18644882275849137,300,141
3,Selvær,1,1014,1703,1703,8N06691,14,Lauvøya,-0.0002257811839423941,4806,0.18644882275849137,300,133
3,Selvær,1,1014,597,597,8M31766,11,Leka,-0.00022591178601553242,4807,0.18644882275849137,300,144
3,Selvær,1,1014,3527,3527,8N87579,11,Leka,-0.00022593557228028777,4808,0.18644882275849137,300,141
3,Selvær,1,1014,1662,1662,8N06493,12,Vega,-0.0002260878574632936,4809,0.18644882275849137,300,149
3,Selvær,1,1014,4912,4912,8857415,5,Hestmannøy,-0.00022617413132348252,4810,0.18644882275849137,300,132
3,Selvær,1,1014,4558,4558,8747290,9,Sleneset,-0.0002263026727104181,4811,0.18644882275849137,300,156
3,Selvær,1,1014,4767,4767,8800336,7,Onøy og Lurøy,-0.000226324616372326,4812,0.18644882275849137,300,137
3,Selvær,1,1014,1366,1366,8N05278,13,Vikna,-0.00022633302198175298,4813,0.18644882275849137,300,137
3,Selvær,1,1014,2635,2635,8N28914,2,Træna,-0.00022648002163918625,4814,0.18644882275849137,300,151
3,Selvær,1,1014,3696,3696,8N87911,13,Vikna,-0.0002267271006115835,4815,0.18644882275849137,300,146
3,Selvær,1,1014,4872,4872,8816955,4,Gjerøy,-0.00022733961547890405,4816,0.18644882275849137,300,143
3,Selvær,1,1014,1756,1756,8N06851,11,Leka,-0.00022740542208803376,4817,0.18644882275849137,300,148
3,Selvær,1,1014,5215,5215,8939372,7,Onøy og Lurøy,-0.0002275283520941077,4818,0.18644882275849137,300,143
3,Selvær,1,1014,2847,2847,8N72639,2,Træna,-0.00022787132651881986,4819,0.18644882275849137,300,146
3,Selvær,1,1014,3840,3840,8P11563,14,Lauvøya,-0.00022859559692017513,4820,0.18644882275849137,300,146
3,Selvær,1,1014,4611,4611,8747623,5,Hestmannøy,-0.0002286070023838146,4821,0.18644882275849137,300,146
3,Selvær,1,1014,1986,1986,8N13930,5,Hestmannøy,-0.0002286871795541345,4822,0.18644882275849137,300,147
3,Selvær,1,1014,996,996,8M71585,2,Træna,-0.00022880815398102522,4823,0.18644882275849137,300,144
3,Selvær,1,1014,144,144,8L30768,12,Vega,-0.0002291804639703603,4824,0.18644882275849137,300,141
3,Selvær,1,1014,3352,3352,8N73955,12,Vega,-0.00022957584597758555,4825,0.18644882275849137,300,145
3,Selvær,1,1014,3113,3113,8N73460,11,Leka,-0.00023014698806246662,4826,0.18644882275849137,300,134
3,Selvær,1,1014,624,624,8L89704,4,Gjerøy,-0.000230319572985085,4827,0.18644882275849137,300,130
3,Selvær,1,1014,813,813,8M31873,5,Hestmannøy,-0.0002303559180333523,4828,0.18644882275849137,300,141
3,Selvær,1,1014,1300,1300,8N05211,12,Vega,-0.00023068056860290703,4829,0.18644882275849137,300,146
3,Selvær,1,1014,3285,3285,8N73763,14,Lauvøya,-0.0002311124178096539,4830,0.18644882275849137,300,142
3,Selvær,1,1014,3384,3384,8N73987,12,Vega,-0.00023147780329537063,4831,0.18644882275849137,300,145
3,Selvær,1,1014,4018,4018,8P14870,14,Lauvøya,-0.00023175121612028444,4832,0.18644882275849137,300,156
3,Selvær,1,1014,2535,2535,8N28368,2,Træna,-0.00023177418320456065,4833,0.18644882275849137,300,151
3,Selvær,1,1014,802,802,8M31825,12,Vega,-0.00023193224272893216,4834,0.18644882275849137,300,142
3,Selvær,1,1014,648,648,8L89793,5,Hestmannøy,-0.00023230208502345023,4835,0.18644882275849137,300,144
3,Selvær,1,1014,3413,3413,8N87071,5,Hestmannøy,-0.00023259610927087269,4836,0.18644882275849137,300,141
3,Selvær,1,1014,4865,4865,8816942,4,Gjerøy,-0.00023266075070441086,4837,0.18644882275849137,300,138
3,Selvær,1,1014,3908,3908,8P14111,5,Hestmannøy,-0.0002329420078182406,4838,0.18644882275849137,300,138
3,Selvær,1,1014,3084,3084,8N73431,11,Leka,-0.00023323902362206632,4839,0.18644882275849137,300,147
3,Selvær,1,1014,3639,3639,8N87853,14,Lauvøya,-0.00023344907753135183,4840,0.18644882275849137,300,145
3,Selvær,1,1014,4209,4209,8537770,7,Onøy og Lurøy,-0.00023379883561396858,4841,0.18644882275849137,300,147
3,Selvær,1,1014,659,659,8M31207,7,Onøy og Lurøy,-0.00023396422815101823,4842,0.18644882275849137,300,143
3,Selvær,1,1014,3589,3589,8N87801,14,Lauvøya,-0.0002344238037553506,4843,0.18644882275849137,300,136
3,Selvær,1,1014,2270,2270,8N14689,13,Vikna,-0.00023442773266532408,4844,0.18644882275849137,300,138
3,Selvær,1,1014,734,734,8M31507,4,Gjerøy,-0.00023466194286876667,4845,0.18644882275849137,300,138
3,Selvær,1,1014,1637,1637,8N06469,12,Vega,-0.00023471024899405702,4846,0.18644882275849137,300,141
3,Selvær,1,1014,3802,3802,8P11524,14,Lauvøya,-0.00023482881639314983,4847,0.18644882275849137,300,155
3,Selvær,1,1014,3581,3581,8N87732,4,Gjerøy,-0.0002349063791928563,4848,0.18644882275849137,300,144
3,Selvær,1,1014,3890,3890,8P14006,2,Træna,-0.00023495165752760353,4849,0.18644882275849137,300,142
3,Selvær,1,1014,5094,5094,8934311,5,Hestmannøy,-0.0002354909651614671,4850,0.18644882275849137,300,133
3,Selvær,1,1014,4691,4691,8794301,5,Hestmannøy,-0.00023589151220278567,4851,0.18644882275849137,300,149
3,Selvær,1,1014,1747,1747,8N06842,11,Leka,-0.00023611001533843637,4852,0.18644882275849137,300,132
3,Selvær,1,1014,4193,4193,8309274,5,Hestmannøy,-0.00023644034147829319,4853,0.18644882275849137,300,135
3,Selvær,1,1014,3458,3458,8N87372,4,Gjerøy,-0.00023650391732306944,4854,0.18644882275849137,300,148
3,Selvær,1,1014,695,695,8M31291,5,Hestmannøy,-0.00023748518105462074,4855,0.18644882275849137,300,143
3,Selvær,1,1014,1500,1500,8N05677,14,Lauvøya,-0.0002380732503238021,4856,0.18644882275849137,300,150
3,Selvær,1,1014,1688,1688,8N06676,14,Lauvøya,-0.00023826602917576375,4857,0.18644882275849137,300,144
3,Selvær,1,1014,1817,1817,8N06999,6,Indre Kvarøy,-0.00023839781323802846,4858,0.18644882275849137,300,151
3,Selvær,1,1014,3096,3096,8N73443,11,Leka,-0.0002383994912229033,4859,0.18644882275849137,300,155
3,Selvær,1,1014,2387,2387,8N27248,6,Indre Kvarøy,-0.00023843863191324384,4860,0.18644882275849137,300,149
3,Selvær,1,1014,4528,4528,8747101,5,Hestmannøy,-0.00023907911182359474,4861,0.18644882275849137,300,149
3,Selvær,1,1014,3701,3701,8N87917,13,Vikna,-0.00023913076634408815,4862,0.18644882275849137,300,149
3,Selvær,1,1014,4284,4284,8651998,5,Hestmannøy,-0.00023986643783367864,4863,0.18644882275849137,300,147
3,Selvær,1,1014,664,664,8M31115,8,Lovund,-0.00023987067142859221,4864,0.18644882275849137,300,140
3,Selvær,1,1014,2171,2171,8N14588,11,Leka,-0.00024000037023595843,4865,0.18644882275849137,300,150
3,Selvær,1,1014,2992,2992,8N73185,14,Lauvøya,-0.0002403937513162121,4866,0.18644882275849137,300,147
3,Selvær,1,1014,418,418,8L57967,13,Vikna,-0.0002407908947747028,4867,0.18644882275849137,300,140
3,Selvær,1,1014,3665,3665,8N87880,13,Vikna,-0.00024079922308371967,4868,0.18644882275849137,300,144
3,Selvær,1,1014,4834,4834,8800663,12,Vega,-0.00024098116024759176,4869,0.18644882275849137,300,145
3,Selvær,1,1014,2087,2087,8N14347,14,Lauvøya,-0.0002413615613470759,4870,0.18644882275849137,300,148
3,Selvær,1,1014,4457,4457,8732298,8,Lovund,-0.00024180914601625307,4871,0.18644882275849137,300,135
3,Selvær,1,1014,2001,2001,8N13970,5,Hestmannøy,-0.0002427376049580091,4872,0.18644882275849137,300,146
3,Selvær,1,1014,2108,2108,8N14523,11,Leka,-0.00024317760591995705,4873,0.18644882275849137,300,141
3,Selvær,1,1014,5479,5479,8981824,5,Hestmannøy,-0.00024321859138384444,4874,0.18644882275849137,300,143
3,Selvær,1,1014,1345,1345,8N05257,13,Vikna,-0.00024330210780184773,4875,0.18644882275849137,300,136
3,Selvær,1,1014,5342,5342,8943597,8,Lovund,-0.00024341002008215401,4876,0.18644882275849137,300,138
3,Selvær,1,1014,4925,4925,8866658,8,Lovund,-0.00024356846502267984,4877,0.18644882275849137,300,149
3,Selvær,1,1014,2452,2452,8N27803,5,Hestmannøy,-0.00024368129763895134,4878,0.18644882275849137,300,142
3,Selvær,1,1014,773,773,8M31716,6,Indre Kvarøy,-0.00024378360510229476,4879,0.18644882275849137,300,139
3,Selvær,1,1014,5298,5298,8943039,4,Gjerøy,-0.000244643207027717,4880,0.18644882275849137,300,142
3,Selvær,1,1014,129,129,8L30748,11,Leka,-0.00024595368856172015,4881,0.18644882275849137,300,145
3,Selvær,1,1014,3881,3881,8P11874,14,Lauvøya,-0.0002463145218544673,4882,0.18644882275849137,300,147
3,Selvær,1,1014,4407,4407,8730451,1,Myken,-0.00024645938150649944,4883,0.18644882275849137,300,140
3,Selvær,1,1014,1246,1246,8N05157,12,Vega,-0.0002464851114874462,4884,0.18644882275849137,300,141
3,Selvær,1,1014,1621,1621,8N06371,5,Hestmannøy,-0.00024649551276592987,4885,0.18644882275849137,300,140
3,Selvær,1,1014,5500,5500,8981971,2,Træna,-0.00024726961572718044,4886,0.18644882275849137,300,131
3,Selvær,1,1014,1312,1312,8N05223,12,Vega,-0.00024728670506052097,4887,0.18644882275849137,300,148
3,Selvær,1,1014,1567,1567,8N05869,11,Leka,-0.0002477036475090462,4888,0.18644882275849137,300,144
3,Selvær,1,1014,1026,1026,8M72168,2,Træna,-0.0002482250419058433,4889,0.18644882275849137,300,142
3,Selvær,1,1014,1144,1144,8M72879,6,Indre Kvarøy,-0.00024881362556475377,4890,0.18644882275849137,300,155
3,Selvær,1,1014,1963,1963,8N13706,6,Indre Kvarøy,-0.0002494938012485556,4891,0.18644882275849137,300,153
3,Selvær,1,1014,688,688,8M31278,4,Gjerøy,-0.00024968812337127595,4892,0.18644882275849137,300,133
3,Selvær,1,1014,854,854,8M71089,5,Hestmannøy,-0.0002503485908939802,4893,0.18644882275849137,300,145
3,Selvær,1,1014,5422,5422,8981289,5,Hestmannøy,-0.0002507384376719133,4894,0.18644882275849137,300,146
3,Selvær,1,1014,1169,1169,8M72957,4,Gjerøy,-0.00025110715863866154,4895,0.18644882275849137,300,135
3,Selvær,1,1014,568,568,8L89434,5,Hestmannøy,-0.00025115999894596597,4896,0.18644882275849137,300,143
3,Selvær,1,1014,4988,4988,8887352,5,Hestmannøy,-0.0002512126019533036,4897,0.18644882275849137,300,142
3,Selvær,1,1014,3524,3524,8N87576,11,Leka,-0.00025122688822869585,4898,0.18644882275849137,300,147
3,Selvær,1,1014,2863,2863,8N72679,11,Leka,-0.0002515788895226977,4899,0.18644882275849137,300,139
3,Selvær,1,1014,1750,1750,8N06845,11,Leka,-0.0002528988308005033,4900,0.18644882275849137,300,138
3,Selvær,1,1014,835,835,8M31954,4,Gjerøy,-0.00025297214328589537,4901,0.18644882275849137,300,138
3,Selvær,1,1014,984,984,8M71506,10,Aldra,-0.00025323056074783685,4902,0.18644882275849137,300,146
3,Selvær,1,1014,2162,2162,8N14579,11,Leka,-0.0002540433569437333,4903,0.18644882275849137,300,157
3,Selvær,1,1014,5388,5388,8981156,12,Vega,-0.00025411714559578314,4904,0.18644882275849137,300,142
3,Selvær,1,1014,1483,1483,8N05660,13,Vikna,-0.00025451453916160735,4905,0.18644882275849137,300,141
3,Selvær,1,1014,4508,4508,8732674,7,Onøy og Lurøy,-0.0002548315519070038,4906,0.18644882275849137,300,148
3,Selvær,1,1014,4138,4138,8168617,8,Lovund,-0.0002550142066787511,4907,0.18644882275849137,300,133
3,Selvær,1,1014,5035,5035,8917801,2,Træna,-0.00025602817494680373,4908,0.18644882275849137,300,134
3,Selvær,1,1014,4651,4651,8747758,5,Hestmannøy,-0.000256286554565863,4909,0.18644882275849137,300,135
3,Selvær,1,1014,5340,5340,8943578,2,Træna,-0.00025656497286321645,4910,0.18644882275849137,300,152
3,Selvær,1,1014,3131,3131,8N73478,11,Leka,-0.0002569601960954046,4911,0.18644882275849137,300,143
3,Selvær,1,1014,548,548,8L89371,5,Hestmannøy,-0.0002569686579307704,4912,0.18644882275849137,300,149
3,Selvær,1,1014,2197,2197,8N14614,13,Vikna,-0.000257037014931592,4913,0.18644882275849137,300,153
3,Selvær,1,1014,869,869,8M71152,13,Vikna,-0.00025706879869229313,4914,0.18644882275849137,300,142
3,Selvær,1,1014,1668,1668,8N06499,12,Vega,-0.0002570885315612297,4915,0.18644882275849137,300,145
3,Selvær,1,1014,712,712,8M31352,5,Hestmannøy,-0.0002575924883329536,4916,0.18644882275849137,300,160
3,Selvær,1,1014,338,338,8L52394,12,Vega,-0.0002576865841081213,4917,0.18644882275849137,300,142
3,Selvær,1,1014,1709,1709,8N06697,14,Lauvøya,-0.0002577869624430175,4918,0.18644882275849137,300,144
3,Selvær,1,1014,4327,4327,8681075,5,Hestmannøy,-0.0002584020782860062,4919,0.18644882275849137,300,138
3,Selvær,1,1014,810,810,8M31865,6,Indre Kvarøy,-0.00025989239463990876,4920,0.18644882275849137,300,152
3,Selvær,1,1014,1181,1181,8N05008,4,Gjerøy,-0.00025992036482433943,4921,0.18644882275849137,300,139
3,Selvær,1,1014,2920,2920,8N72918,13,Vikna,-0.00026007576551665345,4922,0.18644882275849137,300,144
3,Selvær,1,1014,3324,3324,8N73927,11,Leka,-0.00026075365737582957,4923,0.18644882275849137,300,143
3,Selvær,1,1014,4813,4813,8800529,10,Aldra,-0.00026087342917962934,4924,0.18644882275849137,300,143
3,Selvær,1,1014,3947,3947,8P14472,5,Hestmannøy,-0.0002624074229066133,4925,0.18644882275849137,300,132
3,Selvær,1,1014,5216,5216,8939373,7,Onøy og Lurøy,-0.00026284067271634717,4926,0.18644882275849137,300,152
3,Selvær,1,1014,5472,5472,8981804,5,Hestmannøy,-0.00026308284876052555,4927,0.18644882275849137,300,156
3,Selvær,1,1014,386,386,8L52943,6,Indre Kvarøy,-0.000263095599965482,4928,0.18644882275849137,300,149
3,Selvær,1,1014,305,305,8L52342,12,Vega,-0.00026315778171980307,4929,0.18644882275849137,300,147
3,Selvær,1,1014,2740,2740,8N42705,5,Hestmannøy,-0.00026346073910169074,4930,0.18644882275849137,300,155
3,Selvær,1,1014,5328,5328,8943459,0,Nesøy,-0.0002634634769268587,4931,0.18644882275849137,300,157
3,Selvær,1,1014,5423,5423,8981290,5,Hestmannøy,-0.00026352351117058166,4932,0.18644882275849137,300,148
3,Selvær,1,1014,3115,3115,8N73462,11,Leka,-0.0002636785421612238,4933,0.18644882275849137,300,145
3,Selvær,1,1014,3591,3591,8N87803,14,Lauvøya,-0.0002640610464257479,4934,0.18644882275849137,300,132
3,Selvær,1,1014,63,63,8L26578,6,Indre Kvarøy,-0.00026410953263134734,4935,0.18644882275849137,300,145
3,Selvær,1,1014,4724,4724,8800051,7,Onøy og Lurøy,-0.0002647208467331757,4936,0.18644882275849137,300,144
3,Selvær,1,1014,1369,1369,8N05281,13,Vikna,-0.0002648194736576714,4937,0.18644882275849137,300,143
3,Selvær,1,1014,3099,3099,8N73446,11,Leka,-0.00026497506850103967,4938,0.18644882275849137,300,145
3,Selvær,1,1014,1390,1390,8N05303,13,Vikna,-0.0002650401394031294,4939,0.18644882275849137,300,151
3,Selvær,1,1014,1492,1492,8N05364,14,Lauvøya,-0.00026514100143044646,4940,0.18644882275849137,300,133
3,Selvær,1,1014,2830,2830,8N72499,2,Træna,-0.0002652440407095344,4941,0.18644882275849137,300,136
3,Selvær,1,1014,4546,4546,8747229,5,Hestmannøy,-0.00026533906029218695,4942,0.18644882275849137,300,155
3,Selvær,1,1014,4510,4510,8732678,4,Gjerøy,-0.00026541459447702094,4943,0.18644882275849137,300,137
3,Selvær,1,1014,3795,3795,8P11517,14,Lauvøya,-0.00026543625603676956,4944,0.18644882275849137,300,133
3,Selvær,1,1014,2585,2585,8N28737,2,Træna,-0.0002656089322077745,4945,0.18644882275849137,300,133
3,Selvær,1,1014,271,271,8L52203,8,Lovund,-0.0002658887583139718,4946,0.18644882275849137,300,141
3,Selvær,1,1014,5164,5164,8939038,4,Gjerøy,-0.00026598936547579384,4947,0.18644882275849137,300,153
3,Selvær,1,1014,6,6,8L19624,9,Sleneset,-0.0002662622442921968,4948,0.18644882275849137,300,145
3,Selvær,1,1014,434,434,8L64142,8,Lovund,-0.00026650883921472125,4949,0.18644882275849137,300,147
3,Selvær,1,1014,3534,3534,8N87587,11,Leka,-0.00026671167136476444,4950,0.18644882275849137,300,149
3,Selvær,1,1014,1996,1996,8N13955,4,Gjerøy,-0.0002667946588275461,4951,0.18644882275849137,300,133
3,Selvær,1,1014,2101,2101,8N14516,11,Leka,-0.00026786282691437964,4952,0.18644882275849137,300,140
3,Selvær,1,1014,187,187,8L48365,5,Hestmannøy,-0.0002678920540481219,4953,0.18644882275849137,300,157
3,Selvær,1,1014,3740,3740,8N87956,13,Vikna,-0.00026830886182646125,4954,0.18644882275849137,300,144
3,Selvær,1,1014,2714,2714,8N42534,4,Gjerøy,-0.0002683382806402453,4955,0.18644882275849137,300,154
3,Selvær,1,1014,1792,1792,8N06890,11,Leka,-0.00026852106272559335,4956,0.18644882275849137,300,142
3,Selvær,1,1014,509,509,8M31826,12,Vega,-0.0002694369137727583,4957,0.18644882275849137,300,152
3,Selvær,1,1014,2698,2698,8N42510,5,Hestmannøy,-0.0002694445681851186,4958,0.18644882275849137,300,150
3,Selvær,1,1014,1124,1124,8M72745,1,Myken,-0.0002700420790974154,4959,0.18644882275849137,300,142
3,Selvær,1,1014,346,346,8L52415,4,Gjerøy,-0.0002701742841814127,4960,0.18644882275849137,300,144
3,Selvær,1,1014,1040,1040,8M72406,13,Vikna,-0.0002702648712925203,4961,0.18644882275849137,300,144
3,Selvær,1,1014,2096,2096,8N14439,5,Hestmannøy,-0.00027046555540480755,4962,0.18644882275849137,300,145
3,Selvær,1,1014,4660,4660,8747807,6,Indre Kvarøy,-0.0002707001736742135,4963,0.18644882275849137,300,139
3,Selvær,1,1014,3244,3244,8N73662,13,Vikna,-0.0002710038484719201,4964,0.18644882275849137,300,147
3,Selvær,1,1014,1553,1553,8N05846,5,Hestmannøy,-0.00027169788899591085,4965,0.18644882275849137,300,149
3,Selvær,1,1014,4750,4750,8800168,10,Aldra,-0.00027196833852273907,4966,0.18644882275849137,300,152
3,Selvær,1,1014,5326,5326,8943429,2,Træna,-0.0002722314253884091,4967,0.18644882275849137,300,144
3,Selvær,1,1014,1510,1510,8N05687,14,Lauvøya,-0.0002723248285194106,4968,0.18644882275849137,300,154
3,Selvær,1,1014,1081,1081,8M72597,14,Lauvøya,-0.00027252392609619126,4969,0.18644882275849137,300,138
3,Selvær,1,1014,2113,2113,8N14528,11,Leka,-0.00027288886180502306,4970,0.18644882275849137,300,141
3,Selvær,1,1014,5327,5327,8943458,0,Nesøy,-0.0002731365848047451,4971,0.18644882275849137,300,144
3,Selvær,1,1014,206,206,8L48459,10,Aldra,-0.00027330237457586854,4972,0.18644882275849137,300,156
3,Selvær,1,1014,2590,2590,8N28767,4,Gjerøy,-0.0002733790734146275,4973,0.18644882275849137,300,135
3,Selvær,1,1014,3165,3165,8N73514,7,Onøy og Lurøy,-0.00027377798740822165,4974,0.18644882275849137,300,142
3,Selvær,1,1014,3570,3570,8N87630,14,Lauvøya,-0.00027417901410156615,4975,0.18644882275849137,300,144
3,Selvær,1,1014,1175,1175,8M72987,4,Gjerøy,-0.00027425630299984593,4976,0.18644882275849137,300,138
3,Selvær,1,1014,2907,2907,8N72905,13,Vikna,-0.0002747020818026342,4977,0.18644882275849137,300,145
3,Selvær,1,1014,3914,3914,8P14144,5,Hestmannøy,-0.00027492898297085605,4978,0.18644882275849137,300,153
3,Selvær,1,1014,342,342,8L52398,12,Vega,-0.00027501980062190703,4979,0.18644882275849137,300,142
3,Selvær,1,1014,2696,2696,8N42507,5,Hestmannøy,-0.0002750403529435198,4980,0.18644882275849137,300,142
3,Selvær,1,1014,122,122,8L30695,12,Vega,-0.00027514858515337526,4981,0.18644882275849137,300,138
3,Selvær,1,1014,4903,4903,8857276,10,Aldra,-0.0002752727985017252,4982,0.18644882275849137,300,141
3,Selvær,1,1014,325,325,8L52378,11,Leka,-0.0002757199280659712,4983,0.18644882275849137,300,130
3,Selvær,1,1014,267,267,8L49963,4,Gjerøy,-0.0002763417779925142,4984,0.18644882275849137,300,138
3,Selvær,1,1014,2571,2571,8N28687,5,Hestmannøy,-0.0002769532905131556,4985,0.18644882275849137,300,144
3,Selvær,1,1014,1063,1063,8M72551,11,Leka,-0.00027747159045467414,4986,0.18644882275849137,300,145
3,Selvær,1,1014,4224,4224,8573864,0,Nesøy,-0.0002781531424278672,4987,0.18644882275849137,300,151
3,Selvær,1,1014,3418,3418,8N87115,4,Gjerøy,-0.0002784487104928575,4988,0.18644882275849137,300,144
3,Selvær,1,1014,71,71,8L26596,6,Indre Kvarøy,-0.0002784649004461551,4989,0.18644882275849137,300,151
3,Selvær,1,1014,5385,5385,8981096,11,Leka,-0.00027856901034948933,4990,0.18644882275849137,300,147
3,Selvær,1,1014,4664,4664,8747817,7,Onøy og Lurøy,-0.0002787365738977841,4991,0.18644882275849137,300,147
3,Selvær,1,1014,4384,4384,8681454,5,Hestmannøy,-0.00027900473341439406,4992,0.18644882275849137,300,148
3,Selvær,1,1014,3746,3746,8N87962,13,Vikna,-0.0002791093010896971,4993,0.18644882275849137,300,137
3,Selvær,1,1014,4722,4722,8800045,5,Hestmannøy,-0.0002800042674645059,4994,0.18644882275849137,300,142
3,Selvær,1,1014,115,115,8L30599,5,Hestmannøy,-0.0002800160303130297,4995,0.18644882275849137,300,148
3,Selvær,1,1014,3205,3205,8N73623,13,Vikna,-0.0002800716978464501,4996,0.18644882275849137,300,141
3,Selvær,1,1014,4142,4142,8168638,5,Hestmannøy,-0.00028055001225680377,4997,0.18644882275849137,300,135
3,Selvær,1,1014,2916,2916,8N72914,13,Vikna,-0.00028126731578641815,4998,0.18644882275849137,300,157
3,Selvær,1,1014,3626,3626,8N87838,14,Lauvøya,-0.0002816082089532355,4999,0.18644882275849137,300,149
3,Selvær,1,1014,1203,1203,8N05113,12,Vega,-0.00028327482610171825,5000,0.18644882275849137,300,139
3,Selvær,1,1014,585,585,8L89516,5,Hestmannøy,-0.0002832965433805213,5001,0.18644882275849137,300,142
3,Selvær,1,1014,850,850,8L64880,11,Leka,-0.00028468508483172494,5002,0.18644882275849137,300,136
3,Selvær,1,1014,3432,3432,8N87251,8,Lovund,-0.00028485753626598454,5003,0.18644882275849137,300,144
3,Selvær,1,1014,5003,5003,8887414,5,Hestmannøy,-0.0002848605488652713,5004,0.18644882275849137,300,142
3,Selvær,1,1014,1887,1887,8N13622,14,Lauvøya,-0.0002852306433510356,5005,0.18644882275849137,300,140
3,Selvær,1,1014,3487,3487,8N87539,11,Leka,-0.0002852610987592342,5006,0.18644882275849137,300,151
3,Selvær,1,1014,2385,2385,8N27216,14,Lauvøya,-0.00028573208346952873,5007,0.18644882275849137,300,149
3,Selvær,1,1014,2879,2879,8N72695,11,Leka,-0.0002871175497520861,5008,0.18644882275849137,300,153
3,Selvær,1,1014,3919,3919,8P14196,5,Hestmannøy,-0.00028715670005900014,5009,0.18644882275849137,300,153
3,Selvær,1,1014,1164,1164,8M72935,5,Hestmannøy,-0.00028732959807774213,5010,0.18644882275849137,300,143
3,Selvær,1,1014,1648,1648,8N06479,12,Vega,-0.00028804267108887665,5011,0.18644882275849137,300,148
3,Selvær,1,1014,1375,1375,8N05287,13,Vikna,-0.00028847978969077665,5012,0.18644882275849137,300,146
3,Selvær,1,1014,5138,5138,8934577,8,Lovund,-0.00028890453392145467,5013,0.18644882275849137,300,143
3,Selvær,1,1014,1526,1526,8N05709,5,Hestmannøy,-0.0002891949179860852,5014,0.18644882275849137,300,145
3,Selvær,1,1014,2804,2804,8N72266,2,Træna,-0.00028947116455837964,5015,0.18644882275849137,300,132
3,Selvær,1,1014,2960,2960,8N72960,13,Vikna,-0.0002901173891232492,5016,0.18644882275849137,300,137
3,Selvær,1,1014,1614,1614,8N06306,0,Nesøy,-0.0002903185284607945,5017,0.18644882275849137,300,136
3,Selvær,1,1014,3335,3335,8N73938,12,Vega,-0.00029054371658840373,5018,0.18644882275849137,300,134
3,Selvær,1,1014,5168,5168,8939076,5,Hestmannøy,-0.000290899063949834,5019,0.18644882275849137,300,154
3,Selvær,1,1014,588,588,8L89519,5,Hestmannøy,-0.0002911256215657612,5020,0.18644882275849137,300,140
3,Selvær,1,1014,1085,1085,8M72606,5,Hestmannøy,-0.00029144216269194026,5021,0.18644882275849137,300,140
3,Selvær,1,1014,2237,2237,8N14656,13,Vikna,-0.00029191000693397183,5022,0.18644882275849137,300,150
3,Selvær,1,1014,265,265,8L49938,5,Hestmannøy,-0.00029251517609222964,5023,0.18644882275849137,300,135
3,Selvær,1,1014,1630,1630,8N06461,8,Lovund,-0.00029296483667264213,5024,0.18644882275849137,300,142
3,Selvær,1,1014,3126,3126,8N73473,11,Leka,-0.000293256449635631,5025,0.18644882275849137,300,136
3,Selvær,1,1014,2548,2548,8N28460,2,Træna,-0.0002939519009653473,5026,0.18644882275849137,300,140
3,Selvær,1,1014,340,340,8L52396,12,Vega,-0.000294263563993991,5027,0.18644882275849137,300,136
3,Selvær,1,1014,420,420,8M71460,13,Vikna,-0.00029461600973258934,5028,0.18644882275849137,300,143
3,Selvær,1,1014,1962,1962,8N13700,13,Vikna,-0.00029525590482614095,5029,0.18644882275849137,300,136
3,Selvær,1,1014,1204,1204,8N05114,14,Lauvøya,-0.0002959614194906894,5030,0.18644882275849137,300,153
3,Selvær,1,1014,14,14,8L19729,4,Gjerøy,-0.00029615337849856307,5031,0.18644882275849137,300,133
3,Selvær,1,1014,488,488,8L64862,9,Sleneset,-0.000296717364460708,5032,0.18644882275849137,300,135
3,Selvær,1,1014,2729,2729,8N42657,0,Nesøy,-0.00029707303101021433,5033,0.18644882275849137,300,144
3,Selvær,1,1014,722,722,8M31426,4,Gjerøy,-0.00029902858720072984,5034,0.18644882275849137,300,144
3,Selvær,1,1014,5331,5331,8943475,2,Træna,-0.00029999349459395257,5035,0.18644882275849137,300,136
3,Selvær,1,1014,4367,4367,8681356,5,Hestmannøy,-0.0003006043295415959,5036,0.18644882275849137,300,133
3,Selvær,1,1014,5417,5417,8981278,5,Hestmannøy,-0.00030098129853589606,5037,0.18644882275849137,300,139
3,Selvær,1,1014,4087,4087,8P26405,5,Hestmannøy,-0.00030132956486746923,5038,0.18644882275849137,300,146
3,Selvær,1,1014,1470,1470,8N05647,11,Leka,-0.0003015103501350141,5039,0.18644882275849137,300,143
3,Selvær,1,1014,3079,3079,8N73409,4,Gjerøy,-0.0003017077011393046,5040,0.18644882275849137,300,146
3,Selvær,1,1014,3680,3680,8N87895,13,Vikna,-0.00030184912490892373,5041,0.18644882275849137,300,144
3,Selvær,1,1014,758,758,8M31602,5,Hestmannøy,-0.00030223343732255627,5042,0.18644882275849137,300,149
3,Selvær,1,1014,1263,1263,8N05173,12,Vega,-0.00030322229248460746,5043,0.18644882275849137,300,128
3,Selvær,1,1014,4422,4422,8730506,5,Hestmannøy,-0.00030426085457779974,5044,0.18644882275849137,300,142
3,Selvær,1,1014,2102,2102,8N14517,11,Leka,-0.0003047850303554213,5045,0.18644882275849137,300,142
3,Selvær,1,1014,2164,2164,8N14581,11,Leka,-0.00030566396493567435,5046,0.18644882275849137,300,141
3,Selvær,1,1014,4518,4518,8732697,4,Gjerøy,-0.00030602479431604,5047,0.18644882275849137,300,140
3,Selvær,1,1014,4182,4182,8309231,13,Vikna,-0.0003060956056813699,5048,0.18644882275849137,300,149
3,Selvær,1,1014,57,57,8L19995,0,Nesøy,-0.00030635383382937126,5049,0.18644882275849137,300,139
3,Selvær,1,1014,752,752,8M31554,6,Indre Kvarøy,-0.0003064421779917277,5050,0.18644882275849137,300,144
3,Selvær,1,1014,4897,4897,8857257,9,Sleneset,-0.0003078962178035913,5051,0.18644882275849137,300,151
3,Selvær,1,1014,2116,2116,8N14531,11,Leka,-0.0003083463125368849,5052,0.18644882275849137,300,143
3,Selvær,1,1014,837,837,8M31969,5,Hestmannøy,-0.00030860991880595927,5053,0.18644882275849137,300,144
3,Selvær,1,1014,2903,2903,8N72901,13,Vikna,-0.0003092871356330084,5054,0.18644882275849137,300,148
3,Selvær,1,1014,5027,5027,8904440,11,Leka,-0.0003096561691331108,5055,0.18644882275849137,300,139
3,Selvær,1,1014,3463,3463,8N87515,11,Leka,-0.0003097079710074923,5056,0.18644882275849137,300,137
3,Selvær,1,1014,3599,3599,8N87811,14,Lauvøya,-0.0003098296212814376,5057,0.18644882275849137,300,127
3,Selvær,1,1014,5339,5339,8943534,11,Leka,-0.00031005315893510403,5058,0.18644882275849137,300,157
3,Selvær,1,1014,1952,1952,8N13690,13,Vikna,-0.00031007140524669463,5059,0.18644882275849137,300,151
3,Selvær,1,1014,2578,2578,8N28695,5,Hestmannøy,-0.0003100878737881256,5060,0.18644882275849137,300,144
3,Selvær,1,1014,2994,2994,8N73187,14,Lauvøya,-0.00031033497940266737,5061,0.18644882275849137,300,142
3,Selvær,1,1014,47,47,8L19961,10,Aldra,-0.000310526136771754,5062,0.18644882275849137,300,148
3,Selvær,1,1014,2861,2861,8N72677,11,Leka,-0.0003110181221441897,5063,0.18644882275849137,300,146
3,Selvær,1,1014,5131,5131,8934526,1,Myken,-0.00031132591308500614,5064,0.18644882275849137,300,144
3,Selvær,1,1014,4536,4536,8747121,8,Lovund,-0.0003121559439556311,5065,0.18644882275849137,300,148
3,Selvær,1,1014,4839,4839,8800967,12,Vega,-0.0003126293222574282,5066,0.18644882275849137,300,145
3,Selvær,1,1014,3395,3395,8N73998,14,Lauvøya,-0.0003131465456823371,5067,0.18644882275849137,300,142
3,Selvær,1,1014,2074,2074,8N14290,14,Lauvøya,-0.00031315120139893286,5068,0.18644882275849137,300,144
3,Selvær,1,1014,4503,4503,8732666,2,Træna,-0.000313252737055341,5069,0.18644882275849137,300,149
3,Selvær,1,1014,4844,4844,8816428,1,Myken,-0.0003134805045262086,5070,0.18644882275849137,300,140
3,Selvær,1,1014,2526,2526,8N28250,7,Onøy og Lurøy,-0.00031516849132799777,5071,0.18644882275849137,300,139
3,Selvær,1,1014,1633,1633,8N06464,12,Vega,-0.0003154316275162826,5072,0.18644882275849137,300,142
3,Selvær,1,1014,5086,5086,8934278,7,Onøy og Lurøy,-0.00031554531712830444,5073,0.18644882275849137,300,137
3,Selvær,1,1014,1955,1955,8N13693,13,Vikna,-0.0003156627345809201,5074,0.18644882275849137,300,140
3,Selvær,1,1014,1199,1199,8N05109,12,Vega,-0.00031649976210687905,5075,0.18644882275849137,300,142
3,Selvær,1,1014,324,324,8L52377,11,Leka,-0.00031665700495144136,5076,0.18644882275849137,300,143
3,Selvær,1,1014,1525,1525,8N05708,4,Gjerøy,-0.0003167145332547535,5077,0.18644882275849137,300,134
3,Selvær,1,1014,5014,5014,8887451,5,Hestmannøy,-0.0003169353435714071,5078,0.18644882275849137,300,153
3,Selvær,1,1014,956,956,8M71414,5,Hestmannøy,-0.00031778748168138004,5079,0.18644882275849137,300,137
3,Selvær,1,1014,772,772,8M31713,5,Hestmannøy,-0.00031781896402593285,5080,0.18644882275849137,300,145
3,Selvær,1,1014,4092,4092,8P26523,9,Sleneset,-0.0003179109905580205,5081,0.18644882275849137,300,153
3,Selvær,1,1014,5057,5057,8934055,11,Leka,-0.0003187914220917815,5082,0.18644882275849137,300,154
3,Selvær,1,1014,3401,3401,8N87053,5,Hestmannøy,-0.0003190412325086902,5083,0.18644882275849137,300,144
3,Selvær,1,1014,2739,2739,8N42704,6,Indre Kvarøy,-0.0003193056693664779,5084,0.18644882275849137,300,133
3,Selvær,1,1014,2033,2033,8N14050,6,Indre Kvarøy,-0.0003194043834627762,5085,0.18644882275849137,300,137
3,Selvær,1,1014,4752,4752,8800171,10,Aldra,-0.00031941739649734896,5086,0.18644882275849137,300,147
3,Selvær,1,1014,4255,4255,8651743,5,Hestmannøy,-0.00032019593847584484,5087,0.18644882275849137,300,143
3,Selvær,1,1014,1931,1931,8N13669,13,Vikna,-0.00032069472771599706,5088,0.18644882275849137,300,140
3,Selvær,1,1014,2455,2455,8N27830,6,Indre Kvarøy,-0.0003209134897433219,5089,0.18644882275849137,300,149
3,Selvær,1,1014,1954,1954,8N13692,13,Vikna,-0.0003209204202182402,5090,0.18644882275849137,300,153
3,Selvær,1,1014,99,99,8L30445,4,Gjerøy,-0.0003210603324104804,5091,0.18644882275849137,300,145
3,Selvær,1,1014,378,378,8L52905,7,Onøy og Lurøy,-0.0003211246764901587,5092,0.18644882275849137,300,149
3,Selvær,1,1014,673,673,8M31208,7,Onøy og Lurøy,-0.000321142124853831,5093,0.18644882275849137,300,135
3,Selvær,1,1014,1002,1002,8M71811,0,Nesøy,-0.0003213308798447303,5094,0.18644882275849137,300,153
3,Selvær,1,1014,4772,4772,8800352,5,Hestmannøy,-0.00032197036831527095,5095,0.18644882275849137,300,140
3,Selvær,1,1014,1024,1024,8M72113,9,Sleneset,-0.0003221216621964327,5096,0.18644882275849137,300,151
3,Selvær,1,1014,1401,1401,8N05418,1,Myken,-0.0003225804974869578,5097,0.18644882275849137,300,150
3,Selvær,1,1014,3646,3646,8N87860,14,Lauvøya,-0.0003232743822846091,5098,0.18644882275849137,300,134
3,Selvær,1,1014,354,354,8L52527,0,Nesøy,-0.0003233458800798225,5099,0.18644882275849137,300,143
3,Selvær,1,1014,689,689,8M31281,10,Aldra,-0.0003233617485785049,5100,0.18644882275849137,300,144
3,Selvær,1,1014,5303,5303,8943067,10,Aldra,-0.00032402829880174487,5101,0.18644882275849137,300,138
3,Selvær,1,1014,5043,5043,8917944,8,Lovund,-0.0003248267212975161,5102,0.18644882275849137,300,145
3,Selvær,1,1014,253,253,8L48765,11,Leka,-0.0003251937940453023,5103,0.18644882275849137,300,152
3,Selvær,1,1014,5284,5284,8939897,5,Hestmannøy,-0.00032540239121249895,5104,0.18644882275849137,300,154
3,Selvær,1,1014,3978,3978,8P14808,14,Lauvøya,-0.0003270503221973602,5105,0.18644882275849137,300,148
3,Selvær,1,1014,3364,3364,8N73967,12,Vega,-0.00032794148413300386,5106,0.18644882275849137,300,136
3,Selvær,1,1014,3501,3501,8N87553,11,Leka,-0.0003282715246417231,5107,0.18644882275849137,300,144
3,Selvær,1,1014,2374,2374,8N27142,7,Onøy og Lurøy,-0.0003289694075334781,5108,0.18644882275849137,300,142
3,Selvær,1,1014,5452,5452,8981704,0,Nesøy,-0.00032907370074557077,5109,0.18644882275849137,300,141
3,Selvær,1,1014,4843,4843,8816427,1,Myken,-0.0003295904691465105,5110,0.18644882275849137,300,144
3,Selvær,1,1014,1003,1003,8M71819,6,Indre Kvarøy,-0.00032972262852228057,5111,0.18644882275849137,300,140
3,Selvær,1,1014,2783,2783,8N42988,14,Lauvøya,-0.0003300645994526631,5112,0.18644882275849137,300,143
3,Selvær,1,1014,4205,4205,8537699,0,Nesøy,-0.00033044405022465386,5113,0.18644882275849137,300,150
3,Selvær,1,1014,1091,1091,8M72621,4,Gjerøy,-0.0003308093453787932,5114,0.18644882275849137,300,148
3,Selvær,1,1014,2785,2785,8N28892,5,Hestmannøy,-0.0003314020187732841,5115,0.18644882275849137,300,147
3,Selvær,1,1014,1607,1607,8N06292,2,Træna,-0.000331982426469262,5116,0.18644882275849137,300,144
3,Selvær,1,1014,1070,1070,8M72571,11,Leka,-0.0003328953832216371,5117,0.18644882275849137,300,138
3,Selvær,1,1014,5337,5337,8943489,7,Onøy og Lurøy,-0.0003331653647272361,5118,0.18644882275849137,300,149
3,Selvær,1,1014,5038,5038,8917923,9,Sleneset,-0.0003337586892171765,5119,0.18644882275849137,300,139
3,Selvær,1,1014,1685,1685,8N06673,14,Lauvøya,-0.0003338623065029548,5120,0.18644882275849137,300,156
3,Selvær,1,1014,1435,1435,8N05605,14,Lauvøya,-0.00033437849156702095,5121,0.18644882275849137,300,134
3,Selvær,1,1014,145,145,8L30770,12,Vega,-0.0003350757060165128,5122,0.18644882275849137,300,146
3,Selvær,1,1014,967,967,8L57975,13,Vikna,-0.00033749128586904424,5123,0.18644882275849137,300,135
3,Selvær,1,1014,4747,4747,8800163,7,Onøy og Lurøy,-0.00033784644420451496,5124,0.18644882275849137,300,138
3,Selvær,1,1014,2243,2243,8N14662,13,Vikna,-0.00033824121303376183,5125,0.18644882275849137,300,146
3,Selvær,1,1014,4706,4706,8794367,4,Gjerøy,-0.0003384274562397564,5126,0.18644882275849137,300,135
3,Selvær,1,1014,3085,3085,8N73432,11,Leka,-0.0003394992279974298,5127,0.18644882275849137,300,154
3,Selvær,1,1014,5359,5359,8943892,5,Hestmannøy,-0.00033995701830223885,5128,0.18644882275849137,300,138
3,Selvær,1,1014,3204,3204,8N73622,13,Vikna,-0.0003403823426293949,5129,0.18644882275849137,300,141
3,Selvær,1,1014,3052,3052,8N73291,2,Træna,-0.0003405667039919916,5130,0.18644882275849137,300,139
3,Selvær,1,1014,805,805,8M31838,1,Myken,-0.00034084355524940257,5131,0.18644882275849137,300,138
3,Selvær,1,1014,3904,3904,8P14075,5,Hestmannøy,-0.00034300676622876075,5132,0.18644882275849137,300,137
3,Selvær,1,1014,2795,2795,8N72064,2,Træna,-0.00034331473636354875,5133,0.18644882275849137,300,131
3,Selvær,1,1014,2552,2552,8N28499,2,Træna,-0.00034452694112873967,5134,0.18644882275849137,300,142
3,Selvær,1,1014,277,277,8L52210,4,Gjerøy,-0.0003445809930780544,5135,0.18644882275849137,300,135
3,Selvær,1,1014,337,337,8L52393,12,Vega,-0.00034491633189548035,5136,0.18644882275849137,300,145
3,Selvær,1,1014,2972,2972,8N73025,0,Nesøy,-0.0003450238300872402,5137,0.18644882275849137,300,149
3,Selvær,1,1014,1343,1343,8N05255,13,Vikna,-0.0003452406522350597,5138,0.18644882275849137,300,132
3,Selvær,1,1014,697,697,8M31294,5,Hestmannøy,-0.00034529456024465894,5139,0.18644882275849137,300,151
3,Selvær,1,1014,3786,3786,8P11326,4,Gjerøy,-0.0003455708721641595,5140,0.18644882275849137,300,146
3,Selvær,1,1014,254,254,8L48766,11,Leka,-0.0003464769541067635,5141,0.18644882275849137,300,140
3,Selvær,1,1014,905,905,8M71292,6,Indre Kvarøy,-0.00034649576881558666,5142,0.18644882275849137,300,140
3,Selvær,1,1014,4986,4986,8887346,5,Hestmannøy,-0.0003468972708083975,5143,0.18644882275849137,300,148
3,Selvær,1,1014,4435,4435,8732220,9,Sleneset,-0.0003469946293230313,5144,0.18644882275849137,300,146
3,Selvær,1,1014,4256,4256,8651754,5,Hestmannøy,-0.0003476632311753191,5145,0.18644882275849137,300,153
3,Selvær,1,1014,787,787,8M31781,11,Leka,-0.00034803189954140735,5146,0.18644882275849137,300,148
3,Selvær,1,1014,5314,5314,8943129,4,Gjerøy,-0.00034864329779001643,5147,0.18644882275849137,300,134
3,Selvær,1,1014,2984,2984,8N73093,5,Hestmannøy,-0.0003491493513531255,5148,0.18644882275849137,300,141
3,Selvær,1,1014,1550,1550,8N05831,4,Gjerøy,-0.0003503362762615163,5149,0.18644882275849137,300,141
3,Selvær,1,1014,5112,5112,8934400,1,Myken,-0.0003513839902011592,5150,0.18644882275849137,300,148
3,Selvær,1,1014,2813,2813,8N72353,4,Gjerøy,-0.0003517609849596898,5151,0.18644882275849137,300,141
3,Selvær,1,1014,4085,4085,8P26401,5,Hestmannøy,-0.0003520126971755196,5152,0.18644882275849137,300,135
3,Selvær,1,1014,4959,4959,8887241,1,Myken,-0.00035265689959450893,5153,0.18644882275849137,300,147
3,Selvær,1,1014,766,766,8M31641,10,Aldra,-0.0003537072903252714,5154,0.18644882275849137,300,143
3,Selvær,1,1014,4936,4936,8866789,5,Hestmannøy,-0.00035393811830971645,5155,0.18644882275849137,300,150
3,Selvær,1,1014,4143,4143,8168639,4,Gjerøy,-0.0003542641485336855,5156,0.18644882275849137,300,145
3,Selvær,1,1014,2811,2811,8N72348,6,Indre Kvarøy,-0.00035429247597291796,5157,0.18644882275849137,300,138
3,Selvær,1,1014,3559,3559,8N87617,14,Lauvøya,-0.00035453101099894286,5158,0.18644882275849137,300,150
3,Selvær,1,1014,2127,2127,8N14542,11,Leka,-0.00035478364830750437,5159,0.18644882275849137,300,144
3,Selvær,1,1014,4964,4964,8887266,10,Aldra,-0.0003549467036978883,5160,0.18644882275849137,300,137
3,Selvær,1,1014,2723,2723,8N42642,7,Onøy og Lurøy,-0.0003551036359199702,5161,0.18644882275849137,300,138
3,Selvær,1,1014,4162,4162,8168772,5,Hestmannøy,-0.0003557064966177185,5162,0.18644882275849137,300,150
3,Selvær,1,1014,427,427,8L64060,14,Lauvøya,-0.0003557259015753589,5163,0.18644882275849137,300,137
3,Selvær,1,1014,5032,5032,8904661,2,Træna,-0.00035579487363071827,5164,0.18644882275849137,300,148
3,Selvær,1,1014,120,120,8L30641,11,Leka,-0.0003564479397184364,5165,0.18644882275849137,300,140
3,Selvær,1,1014,2359,2359,8N27093,2,Træna,-0.0003573442699695416,5166,0.18644882275849137,300,151
3,Selvær,1,1014,4896,4896,8857252,4,Gjerøy,-0.00035841904181963983,5167,0.18644882275849137,300,137
3,Selvær,1,1014,1758,1758,8N06853,11,Leka,-0.00035844386289538997,5168,0.18644882275849137,300,150
3,Selvær,1,1014,4416,4416,8730486,5,Hestmannøy,-0.0003589179832721813,5169,0.18644882275849137,300,141
3,Selvær,1,1014,5492,5492,8981919,6,Indre Kvarøy,-0.0003590284173190019,5170,0.18644882275849137,300,135
3,Selvær,1,1014,2425,2425,8N27412,5,Hestmannøy,-0.0003595027308537485,5171,0.18644882275849137,300,143
3,Selvær,1,1014,2856,2856,8N72672,11,Leka,-0.0003595962684482706,5172,0.18644882275849137,300,140
3,Selvær,1,1014,1309,1309,8N05220,12,Vega,-0.0003598218129083747,5173,0.18644882275849137,300,146
3,Selvær,1,1014,3575,3575,8N87701,5,Hestmannøy,-0.0003601323446552445,5174,0.18644882275849137,300,136
3,Selvær,1,1014,4792,4792,8800428,5,Hestmannøy,-0.0003618963555663044,5175,0.18644882275849137,300,138
3,Selvær,1,1014,1736,1736,8N06831,11,Leka,-0.0003620811423100114,5176,0.18644882275849137,300,140
3,Selvær,1,1014,4241,4241,8651534,4,Gjerøy,-0.00036260154439993257,5177,0.18644882275849137,300,133
3,Selvær,1,1014,4748,4748,8800164,7,Onøy og Lurøy,-0.00036313483272283885,5178,0.18644882275849137,300,150
3,Selvær,1,1014,4804,4804,8800482,0,Nesøy,-0.0003636541094458184,5179,0.18644882275849137,300,144
3,Selvær,1,1014,1400,1400,8N05402,10,Aldra,-0.0003639147491052061,5180,0.18644882275849137,300,147
3,Selvær,1,1014,1798,1798,8N06896,11,Leka,-0.00036404269341945073,5181,0.18644882275849137,300,137
3,Selvær,1,1014,2068,2068,8N14227,5,Hestmannøy,-0.00036417509303601694,5182,0.18644882275849137,300,149
3,Selvær,1,1014,1647,1647,8N06478,12,Vega,-0.00036465306404516646,5183,0.18644882275849137,300,125
3,Selvær,1,1014,4168,4168,8309155,6,Indre Kvarøy,-0.0003647730538942343,5184,0.18644882275849137,300,142
3,Selvær,1,1014,4502,4502,8732660,5,Hestmannøy,-0.000365904907966559,5185,0.18644882275849137,300,145
3,Selvær,1,1014,4147,4147,8168649,4,Gjerøy,-0.0003673832804906428,5186,0.18644882275849137,300,150
3,Selvær,1,1014,1351,1351,8N05263,13,Vikna,-0.00037170912376021607,5187,0.18644882275849137,300,141
3,Selvær,1,1014,2686,2686,8N42463,14,Lauvøya,-0.0003718383322870226,5188,0.18644882275849137,300,145
3,Selvær,1,1014,2843,2843,8N72592,10,Aldra,-0.00037401211760062467,5189,0.18644882275849137,300,146
3,Selvær,1,1014,4725,4725,8800059,4,Gjerøy,-0.00037474417482346716,5190,0.18644882275849137,300,151
3,Selvær,1,1014,1686,1686,8N06674,14,Lauvøya,-0.00037580969766869805,5191,0.18644882275849137,300,150
3,Selvær,1,1014,4684,4684,8747948,4,Gjerøy,-0.0003759360845446929,5192,0.18644882275849137,300,142
3,Selvær,1,1014,4120,4120,8P26748,7,Onøy og Lurøy,-0.0003769067611103978,5193,0.18644882275849137,300,144
3,Selvær,1,1014,4791,4791,8800427,5,Hestmannøy,-0.0003774971567217645,5194,0.18644882275849137,300,151
3,Selvær,1,1014,3155,3155,8N73503,5,Hestmannøy,-0.0003792211652557745,5195,0.18644882275849137,300,143
3,Selvær,1,1014,5320,5320,8943159,9,Sleneset,-0.0003792422588763744,5196,0.18644882275849137,300,139
3,Selvær,1,1014,5277,5277,8939819,2,Træna,-0.000379514040910359,5197,0.18644882275849137,300,134
3,Selvær,1,1014,78,78,8L30164,12,Vega,-0.00038094651787651035,5198,0.18644882275849137,300,139
3,Selvær,1,1014,1808,1808,8N06930,4,Gjerøy,-0.00038163113259159163,5199,0.18644882275849137,300,143
3,Selvær,1,1014,3411,3411,8N87069,4,Gjerøy,-0.00038188262620407037,5200,0.18644882275849137,300,142
3,Selvær,1,1014,1422,1422,8N05535,7,Onøy og Lurøy,-0.00038194388118742905,5201,0.18644882275849137,300,144
3,Selvær,1,1014,5206,5206,8939353,5,Hestmannøy,-0.0003828425201819985,5202,0.18644882275849137,300,139
3,Selvær,1,1014,657,657,8L89896,4,Gjerøy,-0.0003831903590502574,5203,0.18644882275849137,300,133
3,Selvær,1,1014,1162,1162,8M72933,5,Hestmannøy,-0.00038381892504906775,5204,0.18644882275849137,300,147
3,Selvær,1,1014,4207,4207,8537728,5,Hestmannøy,-0.0003846291141474022,5205,0.18644882275849137,300,144
3,Selvær,1,1014,4064,4064,8N72983,2,Træna,-0.0003847106447975196,5206,0.18644882275849137,300,145
3,Selvær,1,1014,3108,3108,8N73455,11,Leka,-0.00038627400341398663,5207,0.18644882275849137,300,134
3,Selvær,1,1014,2935,2935,8N72934,13,Vikna,-0.00038679330293496305,5208,0.18644882275849137,300,143
3,Selvær,1,1014,4549,4549,8747256,6,Indre Kvarøy,-0.00038791320070446735,5209,0.18644882275849137,300,135
3,Selvær,1,1014,2711,2711,8N42531,4,Gjerøy,-0.00038830589413507244,5210,0.18644882275849137,300,151
3,Selvær,1,1014,887,887,8M71237,6,Indre Kvarøy,-0.0003888229770710505,5211,0.18644882275849137,300,155
3,Selvær,1,1014,3007,3007,8N73200,14,Lauvøya,-0.0003889447095869282,5212,0.18644882275849137,300,149
3,Selvær,1,1014,3777,3777,8P11051,9,Sleneset,-0.0003890497211799597,5213,0.18644882275849137,300,145
3,Selvær,1,1014,4999,4999,8887399,10,Aldra,-0.00038910830247160835,5214,0.18644882275849137,300,151
3,Selvær,1,1014,4365,4365,8681336,7,Onøy og Lurøy,-0.0003895846403050452,5215,0.18644882275849137,300,150
3,Selvær,1,1014,3970,3970,8P14658,2,Træna,-0.0003906656082439936,5216,0.18644882275849137,300,148
3,Selvær,1,1014,1261,1261,8N05171,12,Vega,-0.0003924578229484276,5217,0.18644882275849137,300,143
3,Selvær,1,1014,3612,3612,8N87824,14,Lauvøya,-0.00039406502327964837,5218,0.18644882275849137,300,142
3,Selvær,1,1014,3371,3371,8N73974,12,Vega,-0.0003948954073611102,5219,0.18644882275849137,300,137
3,Selvær,1,1014,2061,2061,8N14187,5,Hestmannøy,-0.00039541049923177556,5220,0.18644882275849137,300,142
3,Selvær,1,1014,80,80,8L30168,12,Vega,-0.00039689340584163807,5221,0.18644882275849137,300,144
3,Selvær,1,1014,680,680,8M31221,11,Leka,-0.00039758956066739424,5222,0.18644882275849137,300,147
3,Selvær,1,1014,2298,2298,8N14951,4,Gjerøy,-0.00039964762737056597,5223,0.18644882275849137,300,148
3,Selvær,1,1014,4399,4399,8730437,5,Hestmannøy,-0.0003998946197141576,5224,0.18644882275849137,300,134
3,Selvær,1,1014,4681,4681,8747936,4,Gjerøy,-0.0004000711298733155,5225,0.18644882275849137,300,144
3,Selvær,1,1014,2656,2656,8N42144,2,Træna,-0.0004004278539737814,5226,0.18644882275849137,300,144
3,Selvær,1,1014,4609,4609,8747609,0,Nesøy,-0.0004021119086541197,5227,0.18644882275849137,300,149
3,Selvær,1,1014,1872,1872,8N13611,14,Lauvøya,-0.0004025241411212796,5228,0.18644882275849137,300,135
3,Selvær,1,1014,4794,4794,8800437,6,Indre Kvarøy,-0.0004027807559495237,5229,0.18644882275849137,300,143
3,Selvær,1,1014,1603,1603,8N05695,14,Lauvøya,-0.0004035207035836451,5230,0.18644882275849137,300,138
3,Selvær,1,1014,3437,3437,8N87265,8,Lovund,-0.00040409222994186757,5231,0.18644882275849137,300,141
3,Selvær,1,1014,5204,5204,8939344,5,Hestmannøy,-0.00040439030315108623,5232,0.18644882275849137,300,151
3,Selvær,1,1014,5386,5386,8981120,12,Vega,-0.00040454372043707566,5233,0.18644882275849137,300,143
3,Selvær,1,1014,2845,2845,8N72616,5,Hestmannøy,-0.0004053468771630006,5234,0.18644882275849137,300,136
3,Selvær,1,1014,5157,5157,8934899,0,Nesøy,-0.00040577919772017795,5235,0.18644882275849137,300,138
3,Selvær,1,1014,1254,1254,8N05164,12,Vega,-0.0004066054267357087,5236,0.18644882275849137,300,147
3,Selvær,1,1014,3587,3587,8N87772,4,Gjerøy,-0.00040688355840570614,5237,0.18644882275849137,300,150
3,Selvær,1,1014,510,510,8M31823,12,Vega,-0.00040708147509485734,5238,0.18644882275849137,300,145
3,Selvær,1,1014,3779,3779,8P11070,2,Træna,-0.0004080979871507749,5239,0.18644882275849137,300,137
3,Selvær,1,1014,4392,4392,8681496,2,Træna,-0.00040933149655437767,5240,0.18644882275849137,300,143
3,Selvær,1,1014,5398,5398,8981208,12,Vega,-0.0004093728391736132,5241,0.18644882275849137,300,146
3,Selvær,1,1014,2185,2185,8N14602,13,Vikna,-0.00040966770310296025,5242,0.18644882275849137,300,145
3,Selvær,1,1014,3239,3239,8N73656,13,Vikna,-0.00041074854149174685,5243,0.18644882275849137,300,135
3,Selvær,1,1014,5255,5255,8939617,6,Indre Kvarøy,-0.00041218177266459394,5244,0.18644882275849137,300,150
3,Selvær,1,1014,1211,1211,8N05121,14,Lauvøya,-0.00041232858435558643,5245,0.18644882275849137,300,137
3,Selvær,1,1014,5274,5274,8939768,5,Hestmannøy,-0.0004127641141190387,5246,0.18644882275849137,300,137
3,Selvær,1,1014,865,865,8L64754,13,Vikna,-0.0004141827528190495,5247,0.18644882275849137,300,135
3,Selvær,1,1014,5084,5084,8934274,7,Onøy og Lurøy,-0.00041476894099694436,5248,0.18644882275849137,300,147
3,Selvær,1,1014,1120,1120,8M72722,5,Hestmannøy,-0.00041477653424210845,5249,0.18644882275849137,300,148
3,Selvær,1,1014,2827,2827,8N72472,9,Sleneset,-0.00041614031368384085,5250,0.18644882275849137,300,143
3,Selvær,1,1014,5061,5061,8934064,5,Hestmannøy,-0.00041650253114448914,5251,0.18644882275849137,300,153
3,Selvær,1,1014,2117,2117,8N14532,11,Leka,-0.00041651870040162103,5252,0.18644882275849137,300,145
3,Selvær,1,1014,2173,2173,8N14590,11,Leka,-0.00041739422225078713,5253,0.18644882275849137,300,142
3,Selvær,1,1014,1563,1563,8N05865,11,Leka,-0.0004176987240138163,5254,0.18644882275849137,300,138
3,Selvær,1,1014,5052,5052,8917968,8,Lovund,-0.0004183988090252619,5255,0.18644882275849137,300,153
3,Selvær,1,1014,4473,4473,8732576,7,Onøy og Lurøy,-0.00041879301887631993,5256,0.18644882275849137,300,149
3,Selvær,1,1014,2124,2124,8N14539,11,Leka,-0.00041914799893971527,5257,0.18644882275849137,300,144
3,Selvær,1,1014,2226,2226,8N14645,13,Vikna,-0.00042012309700048913,5258,0.18644882275849137,300,151
3,Selvær,1,1014,3902,3902,8P14063,5,Hestmannøy,-0.0004208198390216264,5259,0.18644882275849137,300,147
3,Selvær,1,1014,3533,3533,8N87586,11,Leka,-0.00042133869179760005,5260,0.18644882275849137,300,141
3,Selvær,1,1014,5236,5236,8939534,5,Hestmannøy,-0.00042195000281091094,5261,0.18644882275849137,300,157
3,Selvær,1,1014,5199,5199,8939293,12,Vega,-0.0004220592732072558,5262,0.18644882275849137,300,152
3,Selvær,1,1014,1058,1058,8M72535,11,Leka,-0.00042235873567760364,5263,0.18644882275849137,300,145
3,Selvær,1,1014,4443,4443,8732227,2,Træna,-0.0004224921917133383,5264,0.18644882275849137,300,147
3,Selvær,1,1014,1119,1119,8M72708,6,Indre Kvarøy,-0.00042265421425299133,5265,0.18644882275849137,300,149
3,Selvær,1,1014,3233,3233,8N73651,13,Vikna,-0.00042269998331282246,5266,0.18644882275849137,300,148
3,Selvær,1,1014,845,845,8M31438,4,Gjerøy,-0.0004236680041971918,5267,0.18644882275849137,300,145
3,Selvær,1,1014,2275,2275,8N14758,2,Træna,-0.0004248202365582142,5268,0.18644882275849137,300,147
3,Selvær,1,1014,1863,1863,8N13590,2,Træna,-0.00042487873876694736,5269,0.18644882275849137,300,149
3,Selvær,1,1014,881,881,8M71208,5,Hestmannøy,-0.00042692897093177777,5270,0.18644882275849137,300,137
3,Selvær,1,1014,4161,4161,8168771,5,Hestmannøy,-0.0004280485370769836,5271,0.18644882275849137,300,150
3,Selvær,1,1014,1489,1489,8N05361,14,Lauvøya,-0.0004285007741437762,5272,0.18644882275849137,300,141
3,Selvær,1,1014,1022,1022,8M72087,5,Hestmannøy,-0.0004309628811396745,5273,0.18644882275849137,300,127
3,Selvær,1,1014,2078,2078,8N14294,14,Lauvøya,-0.0004317883447098857,5274,0.18644882275849137,300,145
3,Selvær,1,1014,105,105,8L30468,12,Vega,-0.00043245834231078,5275,0.18644882275849137,300,139
3,Selvær,1,1014,4298,4298,8681028,5,Hestmannøy,-0.00043341102093186055,5276,0.18644882275849137,300,150
3,Selvær,1,1014,1289,1289,8N05200,13,Vikna,-0.00043365676982914974,5277,0.18644882275849137,300,135
3,Selvær,1,1014,4,4,8L19596,2,Træna,-0.0004345526788595024,5278,0.18644882275849137,300,156
3,Selvær,1,1014,4467,4467,8732525,9,Sleneset,-0.00043864355631226037,5279,0.18644882275849137,300,138
3,Selvær,1,1014,4848,4848,8816467,4,Gjerøy,-0.0004401289355375508,5280,0.18644882275849137,300,157
3,Selvær,1,1014,4596,4596,8747564,5,Hestmannøy,-0.0004406156187046282,5281,0.18644882275849137,300,150
3,Selvær,1,1014,948,948,8L64113,12,Vega,-0.0004412475575894565,5282,0.18644882275849137,300,149
3,Selvær,1,1014,3001,3001,8N73194,14,Lauvøya,-0.0004428643287333799,5283,0.18644882275849137,300,144
3,Selvær,1,1014,3539,3539,8N87592,11,Leka,-0.00044289776647794615,5284,0.18644882275849137,300,151
3,Selvær,1,1014,4639,4639,8747735,7,Onøy og Lurøy,-0.0004438594734262406,5285,0.18644882275849137,300,139
3,Selvær,1,1014,3213,3213,8N73631,13,Vikna,-0.00044537725132822717,5286,0.18644882275849137,300,150
3,Selvær,1,1014,598,598,8M31764,11,Leka,-0.0004457746157652681,5287,0.18644882275849137,300,132
3,Selvær,1,1014,2013,2013,8N14002,6,Indre Kvarøy,-0.00044704698549574484,5288,0.18644882275849137,300,147
3,Selvær,1,1014,1868,1868,8N13605,14,Lauvøya,-0.0004495033422836206,5289,0.18644882275849137,300,136
3,Selvær,1,1014,5493,5493,8981920,6,Indre Kvarøy,-0.00045072129128378297,5290,0.18644882275849137,300,145
3,Selvær,1,1014,1000,1000,8M71750,7,Onøy og Lurøy,-0.00045088929778283696,5291,0.18644882275849137,300,147
3,Selvær,1,1014,5007,5007,8887429,8,Lovund,-0.0004510224193626781,5292,0.18644882275849137,300,149
3,Selvær,1,1014,534,534,8L89312,9,Sleneset,-0.00045112764359476104,5293,0.18644882275849137,300,146
3,Selvær,1,1014,3985,3985,8P14826,4,Gjerøy,-0.0004520825819400151,5294,0.18644882275849137,300,153
3,Selvær,1,1014,4022,4022,8P14874,14,Lauvøya,-0.00045274168088297115,5295,0.18644882275849137,300,148
3,Selvær,1,1014,26,26,8L19900,6,Indre Kvarøy,-0.0004527589353020677,5296,0.18644882275849137,300,146
3,Selvær,1,1014,3,3,8L19578,8,Lovund,-0.00045407378476384873,5297,0.18644882275849137,300,145
3,Selvær,1,1014,1643,1643,8N06474,12,Vega,-0.0004547496500586424,5298,0.18644882275849137,300,137
3,Selvær,1,1014,784,784,8M31774,11,Leka,-0.0004576630461954266,5299,0.18644882275849137,300,143
3,Selvær,1,1014,4678,4678,8747901,0,Nesøy,-0.0004578021939588839,5300,0.18644882275849137,300,141
3,Selvær,1,1014,172,172,8L30972,9,Sleneset,-0.0004578469115221336,5301,0.18644882275849137,300,144
3,Selvær,1,1014,55,55,8L19991,0,Nesøy,-0.0004585826036150261,5302,0.18644882275849137,300,148
3,Selvær,1,1014,4597,4597,8747569,9,Sleneset,-0.00045970063010648506,5303,0.18644882275849137,300,144
3,Selvær,1,1014,970,970,8M71480,13,Vikna,-0.0004598523165680303,5304,0.18644882275849137,300,138
3,Selvær,1,1014,423,423,8L64011,11,Leka,-0.00046008756605117135,5305,0.18644882275849137,300,138
3,Selvær,1,1014,4594,4594,8747555,5,Hestmannøy,-0.00046232763303911425,5306,0.18644882275849137,300,152
3,Selvær,1,1014,5484,5484,8981850,6,Indre Kvarøy,-0.0004635126094196927,5307,0.18644882275849137,300,142
3,Selvær,1,1014,472,472,8M71158,13,Vikna,-0.0004635459122984023,5308,0.18644882275849137,300,159
3,Selvær,1,1014,3406,3406,8N87062,5,Hestmannøy,-0.0004651975431843756,5309,0.18644882275849137,300,140
3,Selvær,1,1014,159,159,8L30851,2,Træna,-0.00046588063133820264,5310,0.18644882275849137,300,149
3,Selvær,1,1014,5346,5346,8943743,5,Hestmannøy,-0.0004662328447730132,5311,0.18644882275849137,300,150
3,Selvær,1,1014,2724,2724,8N42645,7,Onøy og Lurøy,-0.000469338780841245,5312,0.18644882275849137,300,147
3,Selvær,1,1014,3734,3734,8N87950,13,Vikna,-0.0004693784732689561,5313,0.18644882275849137,300,148
3,Selvær,1,1014,5401,5401,8981220,11,Leka,-0.0004697313535492577,5314,0.18644882275849137,300,145
3,Selvær,1,1014,563,563,8L89399,6,Indre Kvarøy,-0.000471418551386266,5315,0.18644882275849137,300,143
3,Selvær,1,1014,377,377,8L52695,9,Sleneset,-0.00047358392957495723,5316,0.18644882275849137,300,130
3,Selvær,1,1014,5096,5096,8934329,5,Hestmannøy,-0.00047450608421010165,5317,0.18644882275849137,300,136
3,Selvær,1,1014,3302,3302,8N73905,11,Leka,-0.0004754314437808426,5318,0.18644882275849137,300,145
3,Selvær,1,1014,1157,1157,8M72916,6,Indre Kvarøy,-0.0004782374626949177,5319,0.18644882275849137,300,144
3,Selvær,1,1014,5355,5355,8943836,6,Indre Kvarøy,-0.00048063387830133374,5320,0.18644882275849137,300,146
3,Selvær,1,1014,3614,3614,8N87826,14,Lauvøya,-0.0004816996569065983,5321,0.18644882275849137,300,145
3,Selvær,1,1014,2676,2676,8N42289,5,Hestmannøy,-0.00048338874798856764,5322,0.18644882275849137,300,142
3,Selvær,1,1014,2016,2016,8N14005,6,Indre Kvarøy,-0.00048543248908907913,5323,0.18644882275849137,300,153
3,Selvær,1,1014,1196,1196,8N05106,12,Vega,-0.00048631696786843306,5324,0.18644882275849137,300,138
3,Selvær,1,1014,4113,4113,8P26700,7,Onøy og Lurøy,-0.0004867977696643289,5325,0.18644882275849137,300,142
3,Selvær,1,1014,5172,5172,8939095,10,Aldra,-0.0004875886828255452,5326,0.18644882275849137,300,145
3,Selvær,1,1014,312,312,8L52352,11,Leka,-0.00048771062565344174,5327,0.18644882275849137,300,139
3,Selvær,1,1014,684,684,8M31255,8,Lovund,-0.0004917463280225488,5328,0.18644882275849137,300,139
3,Selvær,1,1014,5391,5391,8981180,11,Leka,-0.0004937857717513287,5329,0.18644882275849137,300,145
3,Selvær,1,1014,672,672,8L89981,7,Onøy og Lurøy,-0.0004949590337804923,5330,0.18644882275849137,300,140
3,Selvær,1,1014,5396,5396,8981199,11,Leka,-0.0004960372209820681,5331,0.18644882275849137,300,149
3,Selvær,1,1014,4580,4580,8747518,5,Hestmannøy,-0.0004971159058480316,5332,0.18644882275849137,300,157
3,Selvær,1,1014,615,615,8L89655,5,Hestmannøy,-0.0004973106394393475,5333,0.18644882275849137,300,139
3,Selvær,1,1014,2369,2369,8N27122,7,Onøy og Lurøy,-0.0004978146882539233,5334,0.18644882275849137,300,140
3,Selvær,1,1014,231,231,8L48661,5,Hestmannøy,-0.0004978688638335499,5335,0.18644882275849137,300,145
3,Selvær,1,1014,4739,4739,8800102,10,Aldra,-0.0004991757673289795,5336,0.18644882275849137,300,151
3,Selvær,1,1014,3711,3711,8N87927,13,Vikna,-0.0005045504450198353,5337,0.18644882275849137,300,151
3,Selvær,1,1014,1167,1167,8M72955,4,Gjerøy,-0.0005048913377828693,5338,0.18644882275849137,300,137
3,Selvær,1,1014,3238,3238,8N73657,13,Vikna,-0.0005072742068326373,5339,0.18644882275849137,300,126
3,Selvær,1,1014,2415,2415,8N27401,0,Nesøy,-0.0005081990100011884,5340,0.18644882275849137,300,145
3,Selvær,1,1014,412,412,8L57913,8,Lovund,-0.0005085497329227688,5341,0.18644882275849137,300,137
3,Selvær,1,1014,1425,1425,8N05569,8,Lovund,-0.0005148583520648239,5342,0.18644882275849137,300,141
3,Selvær,1,1014,4073,4073,8P14994,14,Lauvøya,-0.0005152962599492058,5343,0.18644882275849137,300,128
3,Selvær,1,1014,3910,3910,8P14126,7,Onøy og Lurøy,-0.0005156056311148364,5344,0.18644882275849137,300,141
3,Selvær,1,1014,4028,4028,8P14927,14,Lauvøya,-0.000515729694322492,5345,0.18644882275849137,300,151
3,Selvær,1,1014,2067,2067,8N14225,5,Hestmannøy,-0.0005162913857015015,5346,0.18644882275849137,300,138
3,Selvær,1,1014,4336,4336,8681069,9,Sleneset,-0.0005188387497238149,5347,0.18644882275849137,300,136
3,Selvær,1,1014,2822,2822,8N72414,8,Lovund,-0.0005205567560427397,5348,0.18644882275849137,300,149
3,Selvær,1,1014,3827,3827,8P11550,14,Lauvøya,-0.0005217800380850801,5349,0.18644882275849137,300,140
3,Selvær,1,1014,4756,4756,8800179,6,Indre Kvarøy,-0.000522313092699207,5350,0.18644882275849137,300,141
3,Selvær,1,1014,2648,2648,8N42086,2,Træna,-0.0005225267642780633,5351,0.18644882275849137,300,148
3,Selvær,1,1014,259,259,8L48785,11,Leka,-0.0005230062562096828,5352,0.18644882275849137,300,140
3,Selvær,1,1014,1404,1404,8N05438,6,Indre Kvarøy,-0.0005233696999798914,5353,0.18644882275849137,300,146
3,Selvær,1,1014,470,470,8M71162,13,Vikna,-0.0005236426203350545,5354,0.18644882275849137,300,146
3,Selvær,1,1014,4419,4419,8730497,4,Gjerøy,-0.0005260170219694476,5355,0.18644882275849137,300,146
3,Selvær,1,1014,1594,1594,8N05916,9,Sleneset,-0.0005271557453349608,5356,0.18644882275849137,300,133
3,Selvær,1,1014,4869,4869,8816949,4,Gjerøy,-0.0005299711015538385,5357,0.18644882275849137,300,151
3,Selvær,1,1014,5031,5031,8904654,2,Træna,-0.0005309156229551901,5358,0.18644882275849137,300,141
3,Selvær,1,1014,5382,5382,8981090,11,Leka,-0.0005316080200749281,5359,0.18644882275849137,300,145
3,Selvær,1,1014,1406,1406,8N05444,6,Indre Kvarøy,-0.0005319800290702268,5360,0.18644882275849137,300,141
3,Selvær,1,1014,4960,4960,8887243,1,Myken,-0.0005325400609740482,5361,0.18644882275849137,300,136
3,Selvær,1,1014,2247,2247,8N14666,13,Vikna,-0.000534559330300594,5362,0.18644882275849137,300,153
3,Selvær,1,1014,1494,1494,8N05671,14,Lauvøya,-0.0005356897169829149,5363,0.18644882275849137,300,160
3,Selvær,1,1014,1791,1791,8N06889,11,Leka,-0.0005388114733117209,5364,0.18644882275849137,300,147
3,Selvær,1,1014,4622,4622,8747694,0,Nesøy,-0.0005397453089351069,5365,0.18644882275849137,300,142
3,Selvær,1,1014,3813,3813,8P11535,14,Lauvøya,-0.0005416587721454596,5366,0.18644882275849137,300,144
3,Selvær,1,1014,1509,1509,8N05686,14,Lauvøya,-0.0005425493246829313,5367,0.18644882275849137,300,145
3,Selvær,1,1014,1019,1019,8M72018,2,Træna,-0.0005496177695146564,5368,0.18644882275849137,300,150
3,Selvær,1,1014,1853,1853,8N13455,11,Leka,-0.0005497754015412146,5369,0.18644882275849137,300,141
3,Selvær,1,1014,933,933,8L64433,13,Vikna,-0.0005524659762104596,5370,0.18644882275849137,300,133
3,Selvær,1,1014,5354,5354,8943829,0,Nesøy,-0.0005528108507272864,5371,0.18644882275849137,300,144
3,Selvær,1,1014,4873,4873,8816956,4,Gjerøy,-0.0005556495168311949,5372,0.18644882275849137,300,143
3,Selvær,1,1014,3611,3611,8N87823,14,Lauvøya,-0.0005567177607917427,5373,0.18644882275849137,300,135
3,Selvær,1,1014,5330,5330,8943470,2,Træna,-0.000560728322800057,5374,0.18644882275849137,300,144
3,Selvær,1,1014,5155,5155,8934893,5,Hestmannøy,-0.0005611263252015821,5375,0.18644882275849137,300,142
3,Selvær,1,1014,4735,4735,8800091,6,Indre Kvarøy,-0.0005641874658944046,5376,0.18644882275849137,300,146
3,Selvær,1,1014,3206,3206,8N73624,13,Vikna,-0.0005666526167191674,5377,0.18644882275849137,300,144
3,Selvær,1,1014,3901,3901,8P14061,4,Gjerøy,-0.0005667665717628283,5378,0.18644882275849137,300,138
3,Selvær,1,1014,779,779,8M31765,11,Leka,-0.0005679312856190886,5379,0.18644882275849137,300,143
3,Selvær,1,1014,236,236,8L48695,6,Indre Kvarøy,-0.000568837070167692,5380,0.18644882275849137,300,141
3,Selvær,1,1014,3792,3792,8P11429,1,Myken,-0.0005709914296871521,5381,0.18644882275849137,300,139
3,Selvær,1,1014,3980,3980,8P14811,14,Lauvøya,-0.0005731777555492775,5382,0.18644882275849137,300,150
3,Selvær,1,1014,2563,2563,8N28644,8,Lovund,-0.0005754112501002184,5383,0.18644882275849137,300,148
3,Selvær,1,1014,4000,4000,8P14852,14,Lauvøya,-0.0005770323983658488,5384,0.18644882275849137,300,143
3,Selvær,1,1014,1016,1016,8M72009,6,Indre Kvarøy,-0.0005773994255410806,5385,0.18644882275849137,300,146
3,Selvær,1,1014,4870,4870,8816953,4,Gjerøy,-0.0005817372211989213,5386,0.18644882275849137,300,150
3,Selvær,1,1014,4054,4054,8P14974,14,Lauvøya,-0.0005825973218592543,5387,0.18644882275849137,300,140
3,Selvær,1,1014,1067,1067,8M72566,11,Leka,-0.000583435617779828,5388,0.18644882275849137,300,139
3,Selvær,1,1014,1096,1096,8M72643,4,Gjerøy,-0.0005839096089645618,5389,0.18644882275849137,300,146
3,Selvær,1,1014,4800,4800,8800469,5,Hestmannøy,-0.0005858144043004558,5390,0.18644882275849137,300,150
3,Selvær,1,1014,5113,5113,8934401,7,Onøy og Lurøy,-0.0005866092774882551,5391,0.18644882275849137,300,148
3,Selvær,1,1014,4391,4391,8681486,2,Træna,-0.0005874062106179682,5392,0.18644882275849137,300,133
3,Selvær,1,1014,4842,4842,8816418,4,Gjerøy,-0.0005911550377286536,5393,0.18644882275849137,300,138
3,Selvær,1,1014,4478,4478,8732595,7,Onøy og Lurøy,-0.0005958338475195898,5394,0.18644882275849137,300,144
3,Selvær,1,1014,2021,2021,8N14010,4,Gjerøy,-0.0005963531489673454,5395,0.18644882275849137,300,141
3,Selvær,1,1014,18,18,8L19835,5,Hestmannøy,-0.0005966525328960037,5396,0.18644882275849137,300,145
3,Selvær,1,1014,1602,1602,8N06037,2,Træna,-0.00059721016797,5397,0.18644882275849137,300,147
3,Selvær,1,1014,4062,4062,8N14981,6,Indre Kvarøy,-0.0005988908499996024,5398,0.18644882275849137,300,143
3,Selvær,1,1014,3077,3077,8N73406,4,Gjerøy,-0.0005999547272248648,5399,0.18644882275849137,300,137
3,Selvær,1,1014,897,897,8M71269,5,Hestmannøy,-0.0006028420830593774,5400,0.18644882275849137,300,139
3,Selvær,1,1014,1917,1917,8N13654,14,Lauvøya,-0.0006047112617763669,5401,0.18644882275849137,300,140
3,Selvær,1,1014,909,909,8M71298,6,Indre Kvarøy,-0.0006055581896522345,5402,0.18644882275849137,300,144
3,Selvær,1,1014,4246,4246,8651621,0,Nesøy,-0.0006077881057500061,5403,0.18644882275849137,300,142
3,Selvær,1,1014,4612,4612,8747636,4,Gjerøy,-0.0006082511688425264,5404,0.18644882275849137,300,147
3,Selvær,1,1014,4601,4601,8747583,2,Træna,-0.0006101435324782629,5405,0.18644882275849137,300,148
3,Selvær,1,1014,3422,3422,8N87160,10,Aldra,-0.0006118515368693527,5406,0.18644882275849137,300,149
3,Selvær,1,1014,2474,2474,8N27905,6,Indre Kvarøy,-0.0006121383895780058,5407,0.18644882275849137,300,141
3,Selvær,1,1014,4004,4004,8P14856,14,Lauvøya,-0.0006193994018944259,5408,0.18644882275849137,300,142
3,Selvær,1,1014,479,479,8M71106,13,Vikna,-0.0006220930978356542,5409,0.18644882275849137,300,143
3,Selvær,1,1014,3954,3954,8P14616,2,Træna,-0.0006242640525464,5410,0.18644882275849137,300,132
3,Selvær,1,1014,4733,4733,8800077,5,Hestmannøy,-0.0006243719577679686,5411,0.18644882275849137,300,140
3,Selvær,1,1014,5361,5361,8943897,5,Hestmannøy,-0.0006294774082667517,5412,0.18644882275849137,300,130
3,Selvær,1,1014,4122,4122,8P26917,14,Lauvøya,-0.0006322858968907298,5413,0.18644882275849137,300,139
3,Selvær,1,1014,4094,4094,8P26525,9,Sleneset,-0.0006344332936041058,5414,0.18644882275849137,300,144
3,Selvær,1,1014,2513,2513,8N28142,8,Lovund,-0.0006368880263214652,5415,0.18644882275849137,300,137
3,Selvær,1,1014,3008,3008,8N73201,2,Træna,-0.0006377434825028503,5416,0.18644882275849137,300,153
3,Selvær,1,1014,2545,2545,8N28429,2,Træna,-0.0006384689729864048,5417,0.18644882275849137,300,147
3,Selvær,1,1014,1135,1135,8M72818,5,Hestmannøy,-0.0006396308765488246,5418,0.18644882275849137,300,143
3,Selvær,1,1014,4745,4745,8800151,9,Sleneset,-0.0006400813529772591,5419,0.18644882275849137,300,141
3,Selvær,1,1014,2919,2919,8N72917,13,Vikna,-0.000641644033285681,5420,0.18644882275849137,300,146
3,Selvær,1,1014,3263,3263,8N73681,13,Vikna,-0.0006443937092641243,5421,0.18644882275849137,300,131
3,Selvær,1,1014,4944,4944,8887035,2,Træna,-0.0006456079050516116,5422,0.18644882275849137,300,134
3,Selvær,1,1014,5271,5271,8939762,5,Hestmannøy,-0.0006482611098310048,5423,0.18644882275849137,300,154
3,Selvær,1,1014,4586,4586,8747534,5,Hestmannøy,-0.0006510131293061572,5424,0.18644882275849137,300,143
3,Selvær,1,1014,4432,4432,8730928,2,Træna,-0.0006536633508102747,5425,0.18644882275849137,300,138
3,Selvær,1,1014,5499,5499,8981965,2,Træna,-0.000661734105633862,5426,0.18644882275849137,300,145
3,Selvær,1,1014,1105,1105,8M72664,5,Hestmannøy,-0.0006618191585927621,5427,0.18644882275849137,300,142
3,Selvær,1,1014,4248,4248,8651664,2,Træna,-0.0006681412252500224,5428,0.18644882275849137,300,149
3,Selvær,1,1014,2704,2704,8N42520,5,Hestmannøy,-0.0006685743513056865,5429,0.18644882275849137,300,143
3,Selvær,1,1014,2514,2514,8N28148,2,Træna,-0.0006726837364161106,5430,0.18644882275849137,300,141
3,Selvær,1,1014,3170,3170,8N73526,4,Gjerøy,-0.0006727066637859108,5431,0.18644882275849137,300,145
3,Selvær,1,1014,3346,3346,8N73949,12,Vega,-0.0006741455594006407,5432,0.18644882275849137,300,137
3,Selvær,1,1014,759,759,8M31605,4,Gjerøy,-0.000676844852753208,5433,0.18644882275849137,300,144
3,Selvær,1,1014,5292,5292,8943009,5,Hestmannøy,-0.0006791974549826681,5434,0.18644882275849137,300,154
3,Selvær,1,1014,461,461,8L64373,2,Træna,-0.0006801113390916013,5435,0.18644882275849137,300,146
3,Selvær,1,1014,1288,1288,8N05199,13,Vikna,-0.0006887258448404091,5436,0.18644882275849137,300,146
3,Selvær,1,1014,4485,4485,8732620,7,Onøy og Lurøy,-0.0006959385821888513,5437,0.18644882275849137,300,150
3,Selvær,1,1014,5170,5170,8939086,5,Hestmannøy,-0.0006967324359065281,5438,0.18644882275849137,300,146
3,Selvær,1,1014,3727,3727,8N87943,13,Vikna,-0.0007027554191212205,5439,0.18644882275849137,300,141
3,Selvær,1,1014,860,860,8L64795,13,Vikna,-0.0007066739953876923,5440,0.18644882275849137,300,137
3,Selvær,1,1014,3528,3528,8N87580,11,Leka,-0.0007214553949983615,5441,0.18644882275849137,300,153
3,Selvær,1,1014,4232,4232,8598591,1,Myken,-0.0007248577895473518,5442,0.18644882275849137,300,158
3,Selvær,1,1014,1033,1033,8M72292,2,Træna,-0.0007290693229467648,5443,0.18644882275849137,300,139
3,Selvær,1,1014,224,224,8L48602,5,Hestmannøy,-0.0007321288554731176,5444,0.18644882275849137,300,148
3,Selvær,1,1014,606,606,8L89639,5,Hestmannøy,-0.0007336847075324046,5445,0.18644882275849137,300,150
3,Selvær,1,1014,4291,4291,8681005,4,Gjerøy,-0.0007356241223966006,5446,0.18644882275849137,300,150
3,Selvær,1,1014,4704,4704,8794352,1,Myken,-0.0007402474452242076,5447,0.18644882275849137,300,145
3,Selvær,1,1014,2627,2627,8N28864,4,Gjerøy,-0.0007486953502539142,5448,0.18644882275849137,300,148
3,Selvær,1,1014,698,698,8M31297,6,Indre Kvarøy,-0.0007531183188124349,5449,0.18644882275849137,300,144
3,Selvær,1,1014,3809,3809,8P11531,14,Lauvøya,-0.0007542849941840125,5450,0.18644882275849137,300,145
3,Selvær,1,1014,4555,4555,8747273,2,Træna,-0.0007581905635142067,5451,0.18644882275849137,300,143
3,Selvær,1,1014,1426,1426,8N05572,2,Træna,-0.0007717564771078241,5452,0.18644882275849137,300,144
3,Selvær,1,1014,3588,3588,8N87774,5,Hestmannøy,-0.0007734324154986132,5453,0.18644882275849137,300,146
3,Selvær,1,1014,4273,4273,8651899,5,Hestmannøy,-0.00077696450751427,5454,0.18644882275849137,300,144
3,Selvær,1,1014,2622,2622,8N28848,5,Hestmannøy,-0.0007771634441605324,5455,0.18644882275849137,300,148
3,Selvær,1,1014,4434,4434,8730969,1,Myken,-0.000781241797997877,5456,0.18644882275849137,300,144
3,Selvær,1,1014,4390,4390,8681485,2,Træna,-0.0007815654719240437,5457,0.18644882275849137,300,144
3,Selvær,1,1014,2279,2279,8N14803,9,Sleneset,-0.0007927653654277285,5458,0.18644882275849137,300,137
3,Selvær,1,1014,2511,2511,8N28091,2,Træna,-0.0007998338572227471,5459,0.18644882275849137,300,150
3,Selvær,1,1014,233,233,8L48691,10,Aldra,-0.0008006961333229691,5460,0.18644882275849137,300,146
3,Selvær,1,1014,4849,4849,8816486,5,Hestmannøy,-0.0008034354437169162,5461,0.18644882275849137,300,150
3,Selvær,1,1014,3778,3778,8P11064,2,Træna,-0.0008089505262696014,5462,0.18644882275849137,300,148
3,Selvær,1,1014,5150,5150,8934884,2,Træna,-0.0008109196922941712,5463,0.18644882275849137,300,150
3,Selvær,1,1014,1983,1983,8N13927,5,Hestmannøy,-0.0008219822089074031,5464,0.18644882275849137,300,139
3,Selvær,1,1014,3946,3946,8P14459,0,Nesøy,-0.0008352992990758388,5465,0.18644882275849137,300,137
3,Selvær,1,1014,3594,3594,8N87806,14,Lauvøya,-0.0008413160180955057,5466,0.18644882275849137,300,155
3,Selvær,1,1014,1855,1855,8N13490,8,Lovund,-0.0008935383159410109,5467,0.18644882275849137,300,138
3,Selvær,1,1014,5162,5162,8939034,5,Hestmannøy,-0.0008945503475132488,5468,0.18644882275849137,300,154
3,Selvær,1,1014,4658,4658,8747799,4,Gjerøy,-0.0009159136448967918,5469,0.18644882275849137,300,156
3,Selvær,1,1014,2483,2483,8N27932,5,Hestmannøy,-0.0009244831978482075,5470,0.18644882275849137,300,145
3,Selvær,1,1014,4557,4557,8747224,5,Hestmannøy,-0.0009565797574350907,5471,0.18644882275849137,300,145
3,Selvær,1,1014,4444,4444,8732235,2,Træna,-0.0009710792895856816,5472,0.18644882275849137,300,139
3,Selvær,1,1014,579,579,8L89503,5,Hestmannøy,-0.0009836019951757864,5473,0.18644882275849137,300,150
3,Selvær,1,1014,450,450,8L64265,2,Træna,-0.0010154349040728343,5474,0.18644882275849137,300,136
3,Selvær,1,1014,4154,4154,8168665,5,Hestmannøy,-0.001015554795124159,5475,0.18644882275849137,300,129
3,Selvær,1,1014,1606,1606,8N06290,2,Træna,-0.0010157491107333574,5476,0.18644882275849137,300,134
3,Selvær,1,1014,27,27,8L19912,5,Hestmannøy,-0.0010203191153029506,5477,0.18644882275849137,300,148
3,Selvær,1,1014,724,724,8M31435,4,Gjerøy,-0.001027205052151127,5478,0.18644882275849137,300,146
3,Selvær,1,1014,2284,2284,8N14902,6,Indre Kvarøy,-0.001035996250671402,5479,0.18644882275849137,300,148
3,Selvær,1,1014,670,670,8M31197,8,Lovund,-0.0010414406900602752,5480,0.18644882275849137,300,140
3,Selvær,1,1014,175,175,8L48310,5,Hestmannøy,-0.0011202561834734494,5481,0.18644882275849137,300,143
3,Selvær,1,1014,3441,3441,8N87273,8,Lovund,-0.0011501713539157682,5482,0.18644882275849137,300,143
3,Selvær,1,1014,851,851,8M71084,2,Træna,-0.0011545870863453706,5483,0.18644882275849137,300,138
3,Selvær,1,1014,4235,4235,8598631,2,Træna,-0.0011964530564897884,5484,0.18644882275849137,300,146
3,Selvær,1,1014,11,11,8L19693,2,Træna,-0.0011966864484625394,5485,0.18644882275849137,300,147
3,Selvær,1,1014,4453,4453,8732266,1,Myken,-0.0012333126030240659,5486,0.18644882275849137,300,152
3,Selvær,1,1014,110,110,8L30500,2,Træna,-0.0012526818072848677,5487,0.18644882275849137,300,143
3,Selvær,1,1014,3208,3208,8N73626,11,Leka,-0.0012831009293412616,5488,0.18644882275849137,300,146
3,Selvær,1,1014,4857,4857,8816921,6,Indre Kvarøy,-0.0013070669499753572,5489,0.18644882275849137,300,139
3,Selvær,1,1014,3343,3343,8N73946,12,Vega,-0.0013129331753966645,5490,0.18644882275849137,300,137
3,Selvær,1,1014,4995,4995,8887370,5,Hestmannøy,-0.0014812207466678464,5491,0.18644882275849137,300,143
3,Selvær,1,1014,4275,4275,8651907,2,Træna,-0.001537079505272947,5492,0.18644882275849137,300,141
3,Selvær,1,1014,4445,4445,8732237,2,Træna,-0.0016033566566825506,5493,0.18644882275849137,300,146
3,Selvær,1,1014,5193,5193,8939184,1,Myken,-0.001621634236748794,5494,0.18644882275849137,300,140
3,Selvær,1,1014,70,70,8L26595,6,Indre Kvarøy,-0.0018988022446471157,5495,0.18644882275849137,300,148
3,Selvær,1,1014,4260,4260,8651790,2,Træna,-0.002223344107016951,5496,0.18644882275849137,300,153
3,Selvær,1,1014,4456,4456,8732286,8,Lovund,-0.0023365205018664307,5497,0.18644882275849137,300,138
3,Selvær,1,1014,5353,5353,8943805,1,Myken,-0.0023656011652039796,5498,0.18644882275849137,300,145
3,Selvær,1,1014,3961,3961,8P14622,2,Træna,-0.0027024337681958188,5499,0.18644882275849137,300,130
3,Selvær,1,1014,4556,4556,8747274,2,Træna,-0.002846584196964314,5500,0.18644882275849137,300,143
3,Selvær,1,1014,4454,4454,8732273,1,Myken,-0.003036088027824029,5501,0.18644882275849137,300,152
3,Selvær,1,1014,4259,4259,8651778,2,Træna,-0.0031826604361652974,5502,0.18644882275849137,300,147
3,Selvær,1,1014,4220,4220,8573608,7,Onøy og Lurøy,-0.009213642974719187,5503,0.18644882275849137,300,171
