trait,trait_label,fold,test_island_code,test_island,rule_kind,rule_label,top_m,top_m_label,grm_threshold,n_inner_used,lambda,selected_trial,weighting_method,n_pcs,alpha,outer_r
body_mass,Body mass,1,0,Nesøy,top_m,3,3,3,,3,0.0,60,pc_logistic,1000,80167.70336117697,0.27061462903755124
body_mass,Body mass,1,0,Nesøy,top_m,3,3,3,,3,0.5,60,pc_logistic,1000,80167.70336117697,0.27061462903755124
body_mass,Body mass,1,0,Nesøy,top_m,3,3,3,,3,1.0,119,pc_logistic,3000,57788.679911413135,0.1913913749218649
body_mass,Body mass,1,0,Nesøy,top_m,3,3,3,,3,1.5,119,pc_logistic,3000,57788.679911413135,0.1913913749218649
body_mass,Body mass,1,0,Nesøy,top_m,5,5,5,,5,0.0,111,pc_logistic,2500,125836.0118553614,0.25105477306218915
body_mass,Body mass,1,0,Nesøy,top_m,5,5,5,,5,0.5,140,pc_logistic,3000,187366.09398942438,0.2080834008651501
body_mass,Body mass,1,0,Nesøy,top_m,5,5,5,,5,1.0,140,pc_logistic,3000,187366.09398942438,0.2080834008651501
body_mass,Body mass,1,0,Nesøy,top_m,5,5,5,,5,1.5,140,pc_logistic,3000,187366.09398942438,0.2080834008651501
body_mass,Body mass,1,0,Nesøy,top_m,8,8,8,,8,0.0,139,pc_logistic,2500,128123.5377546483,0.22180580829929264
body_mass,Body mass,1,0,Nesøy,top_m,8,8,8,,8,0.5,37,pc_logistic,1000,133194.6148929305,0.26059173640157934
body_mass,Body mass,1,0,Nesøy,top_m,8,8,8,,8,1.0,54,pc_logistic,1000,989148.4248005039,0.23497322135464707
body_mass,Body mass,1,0,Nesøy,top_m,8,8,8,,8,1.5,54,pc_logistic,1000,989148.4248005039,0.23497322135464707
body_mass,Body mass,1,0,Nesøy,top_m,10,10,10,,10,0.0,111,pc_logistic,2500,125836.0118553614,0.25105477306218915
body_mass,Body mass,1,0,Nesøy,top_m,10,10,10,,10,0.5,111,pc_logistic,2500,125836.0118553614,0.25105477306218915
body_mass,Body mass,1,0,Nesøy,top_m,10,10,10,,10,1.0,47,pc_logistic,1000,1049683.4332514561,0.2488441390607487
body_mass,Body mass,1,0,Nesøy,top_m,10,10,10,,10,1.5,54,pc_logistic,1000,989148.4248005039,0.23497322135464707
body_mass,Body mass,1,0,Nesøy,top_m,15,15,15,,14,0.0,132,pc_logistic,2500,125621.54044047948,0.2497360198801566
body_mass,Body mass,1,0,Nesøy,top_m,15,15,15,,14,0.5,107,pc_logistic,2500,159107.25753560843,0.2174305250653664
body_mass,Body mass,1,0,Nesøy,top_m,15,15,15,,14,1.0,165,pc_logistic,2500,251030.1240799261,0.21415692260792427
body_mass,Body mass,1,0,Nesøy,top_m,15,15,15,,14,1.5,165,pc_logistic,2500,251030.1240799261,0.21415692260792427
body_mass,Body mass,1,0,Nesøy,grm_threshold,grm>0.0011,-1,grm>0.0011,0.0010731491440366754,9,0.0,139,pc_logistic,2500,128123.5377546483,0.22180580829929264
body_mass,Body mass,1,0,Nesøy,grm_threshold,grm>0.0011,-1,grm>0.0011,0.0010731491440366754,9,0.5,139,pc_logistic,2500,128123.5377546483,0.22180580829929264
body_mass,Body mass,1,0,Nesøy,grm_threshold,grm>0.0011,-1,grm>0.0011,0.0010731491440366754,9,1.0,139,pc_logistic,2500,128123.5377546483,0.22180580829929264
body_mass,Body mass,1,0,Nesøy,grm_threshold,grm>0.0011,-1,grm>0.0011,0.0010731491440366754,9,1.5,54,pc_logistic,1000,989148.4248005039,0.23497322135464707
body_mass,Body mass,2,1,Myken,top_m,3,3,3,,3,0.0,112,pc_logistic,2500,434071.01566220913,0.35521217235881675
body_mass,Body mass,2,1,Myken,top_m,3,3,3,,3,0.5,53,pc_logistic,4000,1103804.662270076,0.31092192678281627
body_mass,Body mass,2,1,Myken,top_m,3,3,3,,3,1.0,24,pc_logistic,4500,2995529.6930071944,0.2633656840921477
body_mass,Body mass,2,1,Myken,top_m,3,3,3,,3,1.5,24,pc_logistic,4500,2995529.6930071944,0.2633656840921477
body_mass,Body mass,2,1,Myken,top_m,5,5,5,,5,0.0,103,pc_logistic,2500,458509.6335270852,0.35976792960133114
body_mass,Body mass,2,1,Myken,top_m,5,5,5,,5,0.5,103,pc_logistic,2500,458509.6335270852,0.35976792960133114
body_mass,Body mass,2,1,Myken,top_m,5,5,5,,5,1.0,113,pc_logistic,2500,432743.5412428679,0.39158876460544123
body_mass,Body mass,2,1,Myken,top_m,5,5,5,,5,1.5,113,pc_logistic,2500,432743.5412428679,0.39158876460544123
body_mass,Body mass,2,1,Myken,top_m,8,8,8,,8,0.0,169,pc_logistic,2000,223828.01918074585,0.3911102806946294
body_mass,Body mass,2,1,Myken,top_m,8,8,8,,8,0.5,169,pc_logistic,2000,223828.01918074585,0.3911102806946294
body_mass,Body mass,2,1,Myken,top_m,8,8,8,,8,1.0,25,pc_logistic,2500,748347.1703542441,0.3460842101445377
body_mass,Body mass,2,1,Myken,top_m,8,8,8,,8,1.5,25,pc_logistic,2500,748347.1703542441,0.3460842101445377
body_mass,Body mass,2,1,Myken,top_m,10,10,10,,10,0.0,141,pc_logistic,2500,160323.54599521856,0.3103116175800853
body_mass,Body mass,2,1,Myken,top_m,10,10,10,,10,0.5,141,pc_logistic,2500,160323.54599521856,0.3103116175800853
body_mass,Body mass,2,1,Myken,top_m,10,10,10,,10,1.0,141,pc_logistic,2500,160323.54599521856,0.3103116175800853
body_mass,Body mass,2,1,Myken,top_m,10,10,10,,10,1.5,141,pc_logistic,2500,160323.54599521856,0.3103116175800853
body_mass,Body mass,2,1,Myken,top_m,15,15,15,,14,0.0,199,pc_logistic,2000,400463.9539190603,0.3340262538249759
body_mass,Body mass,2,1,Myken,top_m,15,15,15,,14,0.5,199,pc_logistic,2000,400463.9539190603,0.3340262538249759
body_mass,Body mass,2,1,Myken,top_m,15,15,15,,14,1.0,199,pc_logistic,2000,400463.9539190603,0.3340262538249759
body_mass,Body mass,2,1,Myken,top_m,15,15,15,,14,1.5,198,pc_logistic,2000,418726.1469033159,0.3253017204119405
body_mass,Body mass,2,1,Myken,grm_threshold,grm>0.0011,-1,grm>0.0011,0.0010731491440366754,7,0.0,103,pc_logistic,2500,458509.6335270852,0.35976792960133114
body_mass,Body mass,2,1,Myken,grm_threshold,grm>0.0011,-1,grm>0.0011,0.0010731491440366754,7,0.5,103,pc_logistic,2500,458509.6335270852,0.35976792960133114
body_mass,Body mass,2,1,Myken,grm_threshold,grm>0.0011,-1,grm>0.0011,0.0010731491440366754,7,1.0,53,pc_logistic,4000,1103804.662270076,0.31092192678281627
body_mass,Body mass,2,1,Myken,grm_threshold,grm>0.0011,-1,grm>0.0011,0.0010731491440366754,7,1.5,22,pc_logistic,3000,1576311.348084848,0.3442443089555425
body_mass,Body mass,3,2,Træna,top_m,3,3,3,,3,0.0,83,pc_logistic,2500,214320.79893964075,0.18552363860921778
body_mass,Body mass,3,2,Træna,top_m,3,3,3,,3,0.5,48,pc_logistic,2500,115626.75539257066,0.1891841737155565
body_mass,Body mass,3,2,Træna,top_m,3,3,3,,3,1.0,55,pc_logistic,2500,112643.08680274396,0.19151674752577044
body_mass,Body mass,3,2,Træna,top_m,3,3,3,,3,1.5,49,pc_logistic,2500,105329.50058770397,0.19051110879582847
body_mass,Body mass,3,2,Træna,top_m,5,5,5,,5,0.0,83,pc_logistic,2500,214320.79893964075,0.18552363860921778
body_mass,Body mass,3,2,Træna,top_m,5,5,5,,5,0.5,107,pc_logistic,2500,90416.19506113316,0.18512161049164264
body_mass,Body mass,3,2,Træna,top_m,5,5,5,,5,1.0,60,pc_logistic,2500,34404.72843152565,0.17245925484923644
body_mass,Body mass,3,2,Træna,top_m,5,5,5,,5,1.5,60,pc_logistic,2500,34404.72843152565,0.17245925484923644
body_mass,Body mass,3,2,Træna,top_m,8,8,8,,8,0.0,83,pc_logistic,2500,214320.79893964075,0.18552363860921778
body_mass,Body mass,3,2,Træna,top_m,8,8,8,,8,0.5,83,pc_logistic,2500,214320.79893964075,0.18552363860921778
body_mass,Body mass,3,2,Træna,top_m,8,8,8,,8,1.0,58,pc_logistic,2500,97098.15830941976,0.18230426578194786
body_mass,Body mass,3,2,Træna,top_m,8,8,8,,8,1.5,173,pc_logistic,2500,119171.69549850862,0.19672361957424267
body_mass,Body mass,3,2,Træna,top_m,10,10,10,,10,0.0,110,pc_logistic,2500,129688.75230095853,0.18753381538905883
body_mass,Body mass,3,2,Træna,top_m,10,10,10,,10,0.5,48,pc_logistic,2500,115626.75539257066,0.1891841737155565
body_mass,Body mass,3,2,Træna,top_m,10,10,10,,10,1.0,55,pc_logistic,2500,112643.08680274396,0.19151674752577044
body_mass,Body mass,3,2,Træna,top_m,10,10,10,,10,1.5,177,pc_logistic,2500,95844.66300626089,0.19350689440535243
body_mass,Body mass,3,2,Træna,top_m,15,15,15,,14,0.0,184,pc_logistic,2500,121944.87785447651,0.19705859849510246
body_mass,Body mass,3,2,Træna,top_m,15,15,15,,14,0.5,184,pc_logistic,2500,121944.87785447651,0.19705859849510246
body_mass,Body mass,3,2,Træna,top_m,15,15,15,,14,1.0,184,pc_logistic,2500,121944.87785447651,0.19705859849510246
body_mass,Body mass,3,2,Træna,top_m,15,15,15,,14,1.5,84,pc_logistic,2500,211187.47611974672,0.2107161045309528
body_mass,Body mass,3,2,Træna,grm_threshold,grm>0.0011,-1,grm>0.0011,0.0010731491440366754,7,0.0,83,pc_logistic,2500,214320.79893964075,0.18552363860921778
body_mass,Body mass,3,2,Træna,grm_threshold,grm>0.0011,-1,grm>0.0011,0.0010731491440366754,7,0.5,83,pc_logistic,2500,214320.79893964075,0.18552363860921778
body_mass,Body mass,3,2,Træna,grm_threshold,grm>0.0011,-1,grm>0.0011,0.0010731491440366754,7,1.0,61,pc_logistic,2500,106499.23890003716,0.18217288632342035
body_mass,Body mass,3,2,Træna,grm_threshold,grm>0.0011,-1,grm>0.0011,0.0010731491440366754,7,1.5,157,pc_logistic,2500,103009.30154948053,0.19462380039317587
body_mass,Body mass,4,3,Selvær,top_m,3,3,3,,3,0.0,196,pc_logistic,2500,95767.9526069952,0.22222705238345988
body_mass,Body mass,4,3,Selvær,top_m,3,3,3,,3,0.5,121,pc_logistic,2500,398076.67898739706,0.22269368823390034
body_mass,Body mass,4,3,Selvær,top_m,3,3,3,,3,1.0,121,pc_logistic,2500,398076.67898739706,0.22269368823390034
body_mass,Body mass,4,3,Selvær,top_m,3,3,3,,3,1.5,121,pc_logistic,2500,398076.67898739706,0.22269368823390034
body_mass,Body mass,4,3,Selvær,top_m,5,5,5,,5,0.0,128,pc_logistic,2500,75364.46057003977,0.21207172499893706
body_mass,Body mass,4,3,Selvær,top_m,5,5,5,,5,0.5,114,pc_logistic,2500,166483.59470347993,0.21181884941568158
body_mass,Body mass,4,3,Selvær,top_m,5,5,5,,5,1.0,121,pc_logistic,2500,398076.67898739706,0.22269368823390034
body_mass,Body mass,4,3,Selvær,top_m,5,5,5,,5,1.5,121,pc_logistic,2500,398076.67898739706,0.22269368823390034
body_mass,Body mass,4,3,Selvær,top_m,8,8,8,,8,0.0,196,pc_logistic,2500,95767.9526069952,0.22222705238345988
body_mass,Body mass,4,3,Selvær,top_m,8,8,8,,8,0.5,196,pc_logistic,2500,95767.9526069952,0.22222705238345988
body_mass,Body mass,4,3,Selvær,top_m,8,8,8,,8,1.0,186,pc_logistic,2500,265388.93308931444,0.23005329985861794
body_mass,Body mass,4,3,Selvær,top_m,8,8,8,,8,1.5,172,pc_logistic,1000,476867.4842038704,0.20487663660215913
body_mass,Body mass,4,3,Selvær,top_m,10,10,10,,10,0.0,196,pc_logistic,2500,95767.9526069952,0.22222705238345988
body_mass,Body mass,4,3,Selvær,top_m,10,10,10,,10,0.5,162,pc_logistic,1000,399711.28987368295,0.20686139809906465
body_mass,Body mass,4,3,Selvær,top_m,10,10,10,,10,1.0,162,pc_logistic,1000,399711.28987368295,0.20686139809906465
body_mass,Body mass,4,3,Selvær,top_m,10,10,10,,10,1.5,162,pc_logistic,1000,399711.28987368295,0.20686139809906465
body_mass,Body mass,4,3,Selvær,top_m,15,15,15,,14,0.0,113,pc_logistic,2500,163317.189058892,0.22612903422840905
body_mass,Body mass,4,3,Selvær,top_m,15,15,15,,14,0.5,174,pc_logistic,1000,254532.45376073007,0.20796092900539753
body_mass,Body mass,4,3,Selvær,top_m,15,15,15,,14,1.0,173,pc_logistic,1000,319835.83521150035,0.2068921509148356
body_mass,Body mass,4,3,Selvær,top_m,15,15,15,,14,1.5,161,pc_logistic,1000,350334.5166013651,0.2071375142652226
body_mass,Body mass,4,3,Selvær,grm_threshold,grm>0.0011,-1,grm>0.0011,0.0010731491440366754,6,0.0,196,pc_logistic,2500,95767.9526069952,0.22222705238345988
body_mass,Body mass,4,3,Selvær,grm_threshold,grm>0.0011,-1,grm>0.0011,0.0010731491440366754,6,0.5,172,pc_logistic,1000,476867.4842038704,0.20487663660215913
body_mass,Body mass,4,3,Selvær,grm_threshold,grm>0.0011,-1,grm>0.0011,0.0010731491440366754,6,1.0,172,pc_logistic,1000,476867.4842038704,0.20487663660215913
body_mass,Body mass,4,3,Selvær,grm_threshold,grm>0.0011,-1,grm>0.0011,0.0010731491440366754,6,1.5,172,pc_logistic,1000,476867.4842038704,0.20487663660215913
body_mass,Body mass,5,4,Gjerøy,top_m,3,3,3,,3,0.0,44,pc_logistic,1500,106729.95320311734,0.12360389897864822
body_mass,Body mass,5,4,Gjerøy,top_m,3,3,3,,3,0.5,42,pc_logistic,1000,54905.29801719289,0.12777451484335767
body_mass,Body mass,5,4,Gjerøy,top_m,3,3,3,,3,1.0,42,pc_logistic,1000,54905.29801719289,0.12777451484335767
body_mass,Body mass,5,4,Gjerøy,top_m,3,3,3,,3,1.5,42,pc_logistic,1000,54905.29801719289,0.12777451484335767
body_mass,Body mass,5,4,Gjerøy,top_m,5,5,5,,5,0.0,42,pc_logistic,1000,54905.29801719289,0.12777451484335767
body_mass,Body mass,5,4,Gjerøy,top_m,5,5,5,,5,0.5,60,pc_logistic,1500,4846106.616260745,0.10581000219432707
body_mass,Body mass,5,4,Gjerøy,top_m,5,5,5,,5,1.0,60,pc_logistic,1500,4846106.616260745,0.10581000219432707
body_mass,Body mass,5,4,Gjerøy,top_m,5,5,5,,5,1.5,60,pc_logistic,1500,4846106.616260745,0.10581000219432707
body_mass,Body mass,5,4,Gjerøy,top_m,8,8,8,,8,0.0,190,pc_logistic,2500,290885.2868501356,0.11621283734637279
body_mass,Body mass,5,4,Gjerøy,top_m,8,8,8,,8,0.5,190,pc_logistic,2500,290885.2868501356,0.11621283734637279
body_mass,Body mass,5,4,Gjerøy,top_m,8,8,8,,8,1.0,190,pc_logistic,2500,290885.2868501356,0.11621283734637279
body_mass,Body mass,5,4,Gjerøy,top_m,8,8,8,,8,1.5,60,pc_logistic,1500,4846106.616260745,0.10581000219432707
body_mass,Body mass,5,4,Gjerøy,top_m,10,10,10,,10,0.0,183,pc_logistic,2500,211989.90253883897,0.11334231301901036
body_mass,Body mass,5,4,Gjerøy,top_m,10,10,10,,10,0.5,183,pc_logistic,2500,211989.90253883897,0.11334231301901036
body_mass,Body mass,5,4,Gjerøy,top_m,10,10,10,,10,1.0,157,pc_logistic,2500,394809.81677132146,0.11922574768285431
body_mass,Body mass,5,4,Gjerøy,top_m,10,10,10,,10,1.5,147,pc_logistic,2500,383166.3484248808,0.12209549384955655
body_mass,Body mass,5,4,Gjerøy,top_m,15,15,15,,14,0.0,190,pc_logistic,2500,290885.2868501356,0.11621283734637279
body_mass,Body mass,5,4,Gjerøy,top_m,15,15,15,,14,0.5,190,pc_logistic,2500,290885.2868501356,0.11621283734637279
body_mass,Body mass,5,4,Gjerøy,top_m,15,15,15,,14,1.0,190,pc_logistic,2500,290885.2868501356,0.11621283734637279
body_mass,Body mass,5,4,Gjerøy,top_m,15,15,15,,14,1.5,190,pc_logistic,2500,290885.2868501356,0.11621283734637279
body_mass,Body mass,5,4,Gjerøy,grm_threshold,grm>0.0011,-1,grm>0.0011,0.0010731491440366754,4,0.0,42,pc_logistic,1000,54905.29801719289,0.12777451484335767
body_mass,Body mass,5,4,Gjerøy,grm_threshold,grm>0.0011,-1,grm>0.0011,0.0010731491440366754,4,0.5,42,pc_logistic,1000,54905.29801719289,0.12777451484335767
body_mass,Body mass,5,4,Gjerøy,grm_threshold,grm>0.0011,-1,grm>0.0011,0.0010731491440366754,4,1.0,42,pc_logistic,1000,54905.29801719289,0.12777451484335767
body_mass,Body mass,5,4,Gjerøy,grm_threshold,grm>0.0011,-1,grm>0.0011,0.0010731491440366754,4,1.5,42,pc_logistic,1000,54905.29801719289,0.12777451484335767
body_mass,Body mass,6,5,Hestmannøy,top_m,3,3,3,,3,0.0,45,pc_logistic,2000,525265.8937636961,0.14797786597677026
body_mass,Body mass,6,5,Hestmannøy,top_m,3,3,3,,3,0.5,45,pc_logistic,2000,525265.8937636961,0.14797786597677026
body_mass,Body mass,6,5,Hestmannøy,top_m,3,3,3,,3,1.0,94,pc_logistic,2000,229484.76634885397,0.15604493337091602
body_mass,Body mass,6,5,Hestmannøy,top_m,3,3,3,,3,1.5,94,pc_logistic,2000,229484.76634885397,0.15604493337091602
body_mass,Body mass,6,5,Hestmannøy,top_m,5,5,5,,5,0.0,36,uniform,1000,41037.12729982902,0.158181062660428
body_mass,Body mass,6,5,Hestmannøy,top_m,5,5,5,,5,0.5,36,uniform,1000,41037.12729982902,0.158181062660428
body_mass,Body mass,6,5,Hestmannøy,top_m,5,5,5,,5,1.0,45,pc_logistic,2000,525265.8937636961,0.14797786597677026
body_mass,Body mass,6,5,Hestmannøy,top_m,5,5,5,,5,1.5,45,pc_logistic,2000,525265.8937636961,0.14797786597677026
body_mass,Body mass,6,5,Hestmannøy,top_m,8,8,8,,8,0.0,45,pc_logistic,2000,525265.8937636961,0.14797786597677026
body_mass,Body mass,6,5,Hestmannøy,top_m,8,8,8,,8,0.5,45,pc_logistic,2000,525265.8937636961,0.14797786597677026
body_mass,Body mass,6,5,Hestmannøy,top_m,8,8,8,,8,1.0,45,pc_logistic,2000,525265.8937636961,0.14797786597677026
body_mass,Body mass,6,5,Hestmannøy,top_m,8,8,8,,8,1.5,45,pc_logistic,2000,525265.8937636961,0.14797786597677026
body_mass,Body mass,6,5,Hestmannøy,top_m,10,10,10,,10,0.0,127,pc_logistic,2500,85504.47502044307,0.16820540930049027
body_mass,Body mass,6,5,Hestmannøy,top_m,10,10,10,,10,0.5,57,pc_logistic,1000,223052.53478239026,0.15697174261697233
body_mass,Body mass,6,5,Hestmannøy,top_m,10,10,10,,10,1.0,57,pc_logistic,1000,223052.53478239026,0.15697174261697233
body_mass,Body mass,6,5,Hestmannøy,top_m,10,10,10,,10,1.5,57,pc_logistic,1000,223052.53478239026,0.15697174261697233
body_mass,Body mass,6,5,Hestmannøy,top_m,15,15,15,,14,0.0,162,pc_logistic,2500,170451.58338115973,0.15797834174361897
body_mass,Body mass,6,5,Hestmannøy,top_m,15,15,15,,14,0.5,57,pc_logistic,1000,223052.53478239026,0.15697174261697233
body_mass,Body mass,6,5,Hestmannøy,top_m,15,15,15,,14,1.0,57,pc_logistic,1000,223052.53478239026,0.15697174261697233
body_mass,Body mass,6,5,Hestmannøy,top_m,15,15,15,,14,1.5,57,pc_logistic,1000,223052.53478239026,0.15697174261697233
body_mass,Body mass,6,5,Hestmannøy,grm_threshold,grm>0.0011,-1,grm>0.0011,0.0010731491440366754,5,0.0,36,uniform,1000,41037.12729982902,0.158181062660428
body_mass,Body mass,6,5,Hestmannøy,grm_threshold,grm>0.0011,-1,grm>0.0011,0.0010731491440366754,5,0.5,36,uniform,1000,41037.12729982902,0.158181062660428
body_mass,Body mass,6,5,Hestmannøy,grm_threshold,grm>0.0011,-1,grm>0.0011,0.0010731491440366754,5,1.0,45,pc_logistic,2000,525265.8937636961,0.14797786597677026
body_mass,Body mass,6,5,Hestmannøy,grm_threshold,grm>0.0011,-1,grm>0.0011,0.0010731491440366754,5,1.5,45,pc_logistic,2000,525265.8937636961,0.14797786597677026
body_mass,Body mass,7,6,Indre Kvarøy,top_m,3,3,3,,3,0.0,64,pc_logistic,1000,2560831.4137890786,0.16599589550542487
body_mass,Body mass,7,6,Indre Kvarøy,top_m,3,3,3,,3,0.5,64,pc_logistic,1000,2560831.4137890786,0.16599589550542487
body_mass,Body mass,7,6,Indre Kvarøy,top_m,3,3,3,,3,1.0,64,pc_logistic,1000,2560831.4137890786,0.16599589550542487
body_mass,Body mass,7,6,Indre Kvarøy,top_m,3,3,3,,3,1.5,64,pc_logistic,1000,2560831.4137890786,0.16599589550542487
body_mass,Body mass,7,6,Indre Kvarøy,top_m,5,5,5,,5,0.0,117,pc_logistic,2500,64538.902894199935,0.2585395584325172
body_mass,Body mass,7,6,Indre Kvarøy,top_m,5,5,5,,5,0.5,117,pc_logistic,2500,64538.902894199935,0.2585395584325172
body_mass,Body mass,7,6,Indre Kvarøy,top_m,5,5,5,,5,1.0,64,pc_logistic,1000,2560831.4137890786,0.16599589550542487
body_mass,Body mass,7,6,Indre Kvarøy,top_m,5,5,5,,5,1.5,64,pc_logistic,1000,2560831.4137890786,0.16599589550542487
body_mass,Body mass,7,6,Indre Kvarøy,top_m,8,8,8,,8,0.0,100,pc_logistic,2500,135379.73338551444,0.24658710971096348
body_mass,Body mass,7,6,Indre Kvarøy,top_m,8,8,8,,8,0.5,97,pc_logistic,2500,244357.53985396316,0.2314962479042689
body_mass,Body mass,7,6,Indre Kvarøy,top_m,8,8,8,,8,1.0,97,pc_logistic,2500,244357.53985396316,0.2314962479042689
body_mass,Body mass,7,6,Indre Kvarøy,top_m,8,8,8,,8,1.5,54,pc_logistic,1000,384195.4038113618,0.2397491001620232
body_mass,Body mass,7,6,Indre Kvarøy,top_m,10,10,10,,10,0.0,140,pc_logistic,2500,141636.47798473545,0.22526468295964633
body_mass,Body mass,7,6,Indre Kvarøy,top_m,10,10,10,,10,0.5,104,pc_logistic,2500,89677.49119178491,0.24744585486386597
body_mass,Body mass,7,6,Indre Kvarøy,top_m,10,10,10,,10,1.0,96,pc_logistic,2500,577487.8532821157,0.16106609648304637
body_mass,Body mass,7,6,Indre Kvarøy,top_m,10,10,10,,10,1.5,96,pc_logistic,2500,577487.8532821157,0.16106609648304637
body_mass,Body mass,7,6,Indre Kvarøy,top_m,15,15,15,,14,0.0,161,pc_logistic,2500,140537.58692828417,0.21298154724506727
body_mass,Body mass,7,6,Indre Kvarøy,top_m,15,15,15,,14,0.5,161,pc_logistic,2500,140537.58692828417,0.21298154724506727
body_mass,Body mass,7,6,Indre Kvarøy,top_m,15,15,15,,14,1.0,96,pc_logistic,2500,577487.8532821157,0.16106609648304637
body_mass,Body mass,7,6,Indre Kvarøy,top_m,15,15,15,,14,1.5,81,pc_logistic,1000,703639.7664308458,0.16978364787358174
body_mass,Body mass,7,6,Indre Kvarøy,grm_threshold,grm>0.0011,-1,grm>0.0011,0.0010731491440366754,7,0.0,64,pc_logistic,1000,2560831.4137890786,0.16599589550542487
body_mass,Body mass,7,6,Indre Kvarøy,grm_threshold,grm>0.0011,-1,grm>0.0011,0.0010731491440366754,7,0.5,64,pc_logistic,1000,2560831.4137890786,0.16599589550542487
body_mass,Body mass,7,6,Indre Kvarøy,grm_threshold,grm>0.0011,-1,grm>0.0011,0.0010731491440366754,7,1.0,64,pc_logistic,1000,2560831.4137890786,0.16599589550542487
body_mass,Body mass,7,6,Indre Kvarøy,grm_threshold,grm>0.0011,-1,grm>0.0011,0.0010731491440366754,7,1.5,64,pc_logistic,1000,2560831.4137890786,0.16599589550542487
body_mass,Body mass,8,7,Onøy og Lurøy,top_m,3,3,3,,3,0.0,139,pc_logistic,2000,42494.13159124276,-0.03900188782125519
body_mass,Body mass,8,7,Onøy og Lurøy,top_m,3,3,3,,3,0.5,77,uniform,2500,44665.41520408308,-0.028746909653658694
body_mass,Body mass,8,7,Onøy og Lurøy,top_m,3,3,3,,3,1.0,58,uniform,2500,28792.57708020981,-0.028716775914198602
body_mass,Body mass,8,7,Onøy og Lurøy,top_m,3,3,3,,3,1.5,104,pc_logistic,2500,1212.315732492926,-0.007315807088913232
body_mass,Body mass,8,7,Onøy og Lurøy,top_m,5,5,5,,5,0.0,139,pc_logistic,2000,42494.13159124276,-0.03900188782125519
body_mass,Body mass,8,7,Onøy og Lurøy,top_m,5,5,5,,5,0.5,170,pc_logistic,2500,54876.75000688923,-0.02744712649418085
body_mass,Body mass,8,7,Onøy og Lurøy,top_m,5,5,5,,5,1.0,163,pc_logistic,2500,59984.41565584735,-0.026920347869346717
body_mass,Body mass,8,7,Onøy og Lurøy,top_m,5,5,5,,5,1.5,163,pc_logistic,2500,59984.41565584735,-0.026920347869346717
body_mass,Body mass,8,7,Onøy og Lurøy,top_m,8,8,8,,8,0.0,137,pc_logistic,2500,82995.12089108002,-0.0324146121381323
body_mass,Body mass,8,7,Onøy og Lurøy,top_m,8,8,8,,8,0.5,134,pc_logistic,2500,84023.30981132876,-0.012284852911874204
body_mass,Body mass,8,7,Onøy og Lurøy,top_m,8,8,8,,8,1.0,134,pc_logistic,2500,84023.30981132876,-0.012284852911874204
body_mass,Body mass,8,7,Onøy og Lurøy,top_m,8,8,8,,8,1.5,138,pc_logistic,2500,48147.24059369768,-0.024925584018421435
body_mass,Body mass,8,7,Onøy og Lurøy,top_m,10,10,10,,10,0.0,172,pc_logistic,2500,77516.02029904268,-0.029359554901874568
body_mass,Body mass,8,7,Onøy og Lurøy,top_m,10,10,10,,10,0.5,172,pc_logistic,2500,77516.02029904268,-0.029359554901874568
body_mass,Body mass,8,7,Onøy og Lurøy,top_m,10,10,10,,10,1.0,191,pc_logistic,2500,89119.89545164956,-0.021991723211928233
body_mass,Body mass,8,7,Onøy og Lurøy,top_m,10,10,10,,10,1.5,191,pc_logistic,2500,89119.89545164956,-0.021991723211928233
body_mass,Body mass,8,7,Onøy og Lurøy,top_m,15,15,15,,14,0.0,191,pc_logistic,2500,89119.89545164956,-0.021991723211928233
body_mass,Body mass,8,7,Onøy og Lurøy,top_m,15,15,15,,14,0.5,191,pc_logistic,2500,89119.89545164956,-0.021991723211928233
body_mass,Body mass,8,7,Onøy og Lurøy,top_m,15,15,15,,14,1.0,191,pc_logistic,2500,89119.89545164956,-0.021991723211928233
body_mass,Body mass,8,7,Onøy og Lurøy,top_m,15,15,15,,14,1.5,191,pc_logistic,2500,89119.89545164956,-0.021991723211928233
body_mass,Body mass,8,7,Onøy og Lurøy,grm_threshold,grm>0.0011,-1,grm>0.0011,0.0010731491440366754,9,0.0,153,pc_logistic,2500,75392.09747674596,-0.029184669563694744
body_mass,Body mass,8,7,Onøy og Lurøy,grm_threshold,grm>0.0011,-1,grm>0.0011,0.0010731491440366754,9,0.5,153,pc_logistic,2500,75392.09747674596,-0.029184669563694744
body_mass,Body mass,8,7,Onøy og Lurøy,grm_threshold,grm>0.0011,-1,grm>0.0011,0.0010731491440366754,9,1.0,153,pc_logistic,2500,75392.09747674596,-0.029184669563694744
body_mass,Body mass,8,7,Onøy og Lurøy,grm_threshold,grm>0.0011,-1,grm>0.0011,0.0010731491440366754,9,1.5,153,pc_logistic,2500,75392.09747674596,-0.029184669563694744
body_mass,Body mass,9,8,Lovund,top_m,3,3,3,,3,0.0,24,pc_logistic,2500,2294786.563440557,0.3295791509161265
body_mass,Body mass,9,8,Lovund,top_m,3,3,3,,3,0.5,24,pc_logistic,2500,2294786.563440557,0.3295791509161265
body_mass,Body mass,9,8,Lovund,top_m,3,3,3,,3,1.0,173,pc_logistic,2500,410797.512181867,0.37397052529496805
body_mass,Body mass,9,8,Lovund,top_m,3,3,3,,3,1.5,107,pc_logistic,2500,99283.04716692342,0.39537809214939
body_mass,Body mass,9,8,Lovund,top_m,5,5,5,,5,0.0,196,pc_logistic,2500,206715.663916345,0.3917263536839716
body_mass,Body mass,9,8,Lovund,top_m,5,5,5,,5,0.5,24,pc_logistic,2500,2294786.563440557,0.3295791509161265
body_mass,Body mass,9,8,Lovund,top_m,5,5,5,,5,1.0,24,pc_logistic,2500,2294786.563440557,0.3295791509161265
body_mass,Body mass,9,8,Lovund,top_m,5,5,5,,5,1.5,24,pc_logistic,2500,2294786.563440557,0.3295791509161265
body_mass,Body mass,9,8,Lovund,top_m,8,8,8,,8,0.0,196,pc_logistic,2500,206715.663916345,0.3917263536839716
body_mass,Body mass,9,8,Lovund,top_m,8,8,8,,8,0.5,196,pc_logistic,2500,206715.663916345,0.3917263536839716
body_mass,Body mass,9,8,Lovund,top_m,8,8,8,,8,1.0,172,pc_logistic,2500,498048.3706800392,0.3685596801429251
body_mass,Body mass,9,8,Lovund,top_m,8,8,8,,8,1.5,24,pc_logistic,2500,2294786.563440557,0.3295791509161265
body_mass,Body mass,9,8,Lovund,top_m,10,10,10,,10,0.0,196,pc_logistic,2500,206715.663916345,0.3917263536839716
body_mass,Body mass,9,8,Lovund,top_m,10,10,10,,10,0.5,127,pc_logistic,2500,325038.07235058025,0.38096950537012475
body_mass,Body mass,9,8,Lovund,top_m,10,10,10,,10,1.0,172,pc_logistic,2500,498048.3706800392,0.3685596801429251
body_mass,Body mass,9,8,Lovund,top_m,10,10,10,,10,1.5,24,pc_logistic,2500,2294786.563440557,0.3295791509161265
body_mass,Body mass,9,8,Lovund,top_m,15,15,15,,14,0.0,195,pc_logistic,2500,306918.70087500906,0.38081236188768686
body_mass,Body mass,9,8,Lovund,top_m,15,15,15,,14,0.5,195,pc_logistic,2500,306918.70087500906,0.38081236188768686
body_mass,Body mass,9,8,Lovund,top_m,15,15,15,,14,1.0,187,pc_logistic,2500,435200.86089922476,0.35742057051882686
body_mass,Body mass,9,8,Lovund,top_m,15,15,15,,14,1.5,187,pc_logistic,2500,435200.86089922476,0.35742057051882686
body_mass,Body mass,9,8,Lovund,grm_threshold,grm>0.0011,-1,grm>0.0011,0.0010731491440366754,7,0.0,196,pc_logistic,2500,206715.663916345,0.3917263536839716
body_mass,Body mass,9,8,Lovund,grm_threshold,grm>0.0011,-1,grm>0.0011,0.0010731491440366754,7,0.5,196,pc_logistic,2500,206715.663916345,0.3917263536839716
body_mass,Body mass,9,8,Lovund,grm_threshold,grm>0.0011,-1,grm>0.0011,0.0010731491440366754,7,1.0,24,pc_logistic,2500,2294786.563440557,0.3295791509161265
body_mass,Body mass,9,8,Lovund,grm_threshold,grm>0.0011,-1,grm>0.0011,0.0010731491440366754,7,1.5,24,pc_logistic,2500,2294786.563440557,0.3295791509161265
body_mass,Body mass,10,9,Sleneset,top_m,3,3,3,,3,0.0,65,pc_logistic,2000,1843007.0551826195,0.1255238991429778
body_mass,Body mass,10,9,Sleneset,top_m,3,3,3,,3,0.5,65,pc_logistic,2000,1843007.0551826195,0.1255238991429778
body_mass,Body mass,10,9,Sleneset,top_m,3,3,3,,3,1.0,11,pc_logistic,3000,1514826.4092240615,0.12330006861366676
body_mass,Body mass,10,9,Sleneset,top_m,3,3,3,,3,1.5,11,pc_logistic,3000,1514826.4092240615,0.12330006861366676
body_mass,Body mass,10,9,Sleneset,top_m,5,5,5,,5,0.0,17,pc_logistic,3500,390665.16488696553,0.17319716602250354
body_mass,Body mass,10,9,Sleneset,top_m,5,5,5,,5,0.5,92,pc_logistic,1000,283616.8809222442,0.14325875516474149
body_mass,Body mass,10,9,Sleneset,top_m,5,5,5,,5,1.0,180,pc_logistic,1000,670717.9966803074,0.16994777832905994
body_mass,Body mass,10,9,Sleneset,top_m,5,5,5,,5,1.5,11,pc_logistic,3000,1514826.4092240615,0.12330006861366676
body_mass,Body mass,10,9,Sleneset,top_m,8,8,8,,8,0.0,140,pc_logistic,1000,142471.08360657614,0.1543471305903089
body_mass,Body mass,10,9,Sleneset,top_m,8,8,8,,8,0.5,196,pc_logistic,1000,319673.64898528735,0.174640695067681
body_mass,Body mass,10,9,Sleneset,top_m,8,8,8,,8,1.0,138,pc_logistic,1000,414092.3947735142,0.1318542410487128
body_mass,Body mass,10,9,Sleneset,top_m,8,8,8,,8,1.5,138,pc_logistic,1000,414092.3947735142,0.1318542410487128
body_mass,Body mass,10,9,Sleneset,top_m,10,10,10,,10,0.0,196,pc_logistic,1000,319673.64898528735,0.174640695067681
body_mass,Body mass,10,9,Sleneset,top_m,10,10,10,,10,0.5,196,pc_logistic,1000,319673.64898528735,0.174640695067681
body_mass,Body mass,10,9,Sleneset,top_m,10,10,10,,10,1.0,179,pc_logistic,1000,374603.7311630509,0.16407234106909138
body_mass,Body mass,10,9,Sleneset,top_m,10,10,10,,10,1.5,194,pc_logistic,1000,531215.5321492392,0.1704808370921549
body_mass,Body mass,10,9,Sleneset,top_m,15,15,15,,14,0.0,126,pc_logistic,1500,242506.00389227507,0.1473701993761241
body_mass,Body mass,10,9,Sleneset,top_m,15,15,15,,14,0.5,193,pc_logistic,1000,325276.3730562425,0.1639884693861776
body_mass,Body mass,10,9,Sleneset,top_m,15,15,15,,14,1.0,193,pc_logistic,1000,325276.3730562425,0.1639884693861776
body_mass,Body mass,10,9,Sleneset,top_m,15,15,15,,14,1.5,193,pc_logistic,1000,325276.3730562425,0.1639884693861776
body_mass,Body mass,10,9,Sleneset,grm_threshold,grm>0.0011,-1,grm>0.0011,0.0010731491440366754,7,0.0,140,pc_logistic,1000,142471.08360657614,0.1543471305903089
body_mass,Body mass,10,9,Sleneset,grm_threshold,grm>0.0011,-1,grm>0.0011,0.0010731491440366754,7,0.5,138,pc_logistic,1000,414092.3947735142,0.1318542410487128
body_mass,Body mass,10,9,Sleneset,grm_threshold,grm>0.0011,-1,grm>0.0011,0.0010731491440366754,7,1.0,138,pc_logistic,1000,414092.3947735142,0.1318542410487128
body_mass,Body mass,10,9,Sleneset,grm_threshold,grm>0.0011,-1,grm>0.0011,0.0010731491440366754,7,1.5,138,pc_logistic,1000,414092.3947735142,0.1318542410487128
body_mass,Body mass,11,10,Aldra,top_m,3,3,3,,3,0.0,39,pc_logistic,1000,35314.055695499854,0.3108574716684506
body_mass,Body mass,11,10,Aldra,top_m,3,3,3,,3,0.5,39,pc_logistic,1000,35314.055695499854,0.3108574716684506
body_mass,Body mass,11,10,Aldra,top_m,3,3,3,,3,1.0,39,pc_logistic,1000,35314.055695499854,0.3108574716684506
body_mass,Body mass,11,10,Aldra,top_m,3,3,3,,3,1.5,39,pc_logistic,1000,35314.055695499854,0.3108574716684506
body_mass,Body mass,11,10,Aldra,top_m,5,5,5,,5,0.0,39,pc_logistic,1000,35314.055695499854,0.3108574716684506
body_mass,Body mass,11,10,Aldra,top_m,5,5,5,,5,0.5,39,pc_logistic,1000,35314.055695499854,0.3108574716684506
body_mass,Body mass,11,10,Aldra,top_m,5,5,5,,5,1.0,39,pc_logistic,1000,35314.055695499854,0.3108574716684506
body_mass,Body mass,11,10,Aldra,top_m,5,5,5,,5,1.5,39,pc_logistic,1000,35314.055695499854,0.3108574716684506
body_mass,Body mass,11,10,Aldra,top_m,8,8,8,,8,0.0,120,pc_logistic,2500,140439.75816249868,0.24234888249786796
body_mass,Body mass,11,10,Aldra,top_m,8,8,8,,8,0.5,40,pc_logistic,1000,107535.14962929707,0.2742530543174134
body_mass,Body mass,11,10,Aldra,top_m,8,8,8,,8,1.0,40,pc_logistic,1000,107535.14962929707,0.2742530543174134
body_mass,Body mass,11,10,Aldra,top_m,8,8,8,,8,1.5,39,pc_logistic,1000,35314.055695499854,0.3108574716684506
body_mass,Body mass,11,10,Aldra,top_m,10,10,10,,10,0.0,114,pc_logistic,2500,119393.74594226721,0.24236226239740183
body_mass,Body mass,11,10,Aldra,top_m,10,10,10,,10,0.5,185,pc_logistic,2500,129104.98102729785,0.2113194689850669
body_mass,Body mass,11,10,Aldra,top_m,10,10,10,,10,1.0,154,pc_logistic,2500,135482.59225626034,0.20391870943251672
body_mass,Body mass,11,10,Aldra,top_m,10,10,10,,10,1.5,154,pc_logistic,2500,135482.59225626034,0.20391870943251672
body_mass,Body mass,11,10,Aldra,top_m,15,15,15,,14,0.0,78,pc_logistic,2500,238809.6632331377,0.25720416305774085
body_mass,Body mass,11,10,Aldra,top_m,15,15,15,,14,0.5,78,pc_logistic,2500,238809.6632331377,0.25720416305774085
body_mass,Body mass,11,10,Aldra,top_m,15,15,15,,14,1.0,77,pc_logistic,2500,263034.73894584476,0.22782891964192428
body_mass,Body mass,11,10,Aldra,top_m,15,15,15,,14,1.5,77,pc_logistic,2500,263034.73894584476,0.22782891964192428
body_mass,Body mass,11,10,Aldra,grm_threshold,grm>0.0011,-1,grm>0.0011,0.0010731491440366754,2,0.0,165,pc_logistic,2500,205351.3084616633,0.22316493394357387
body_mass,Body mass,11,10,Aldra,grm_threshold,grm>0.0011,-1,grm>0.0011,0.0010731491440366754,2,0.5,39,pc_logistic,1000,35314.055695499854,0.3108574716684506
body_mass,Body mass,11,10,Aldra,grm_threshold,grm>0.0011,-1,grm>0.0011,0.0010731491440366754,2,1.0,56,pc_logistic,1500,4094652.6088118833,0.047229820093175764
body_mass,Body mass,11,10,Aldra,grm_threshold,grm>0.0011,-1,grm>0.0011,0.0010731491440366754,2,1.5,56,pc_logistic,1500,4094652.6088118833,0.047229820093175764
body_mass,Body mass,12,11,Leka,top_m,3,3,3,,3,0.0,13,pc_logistic,2500,714694.6799037684,0.16881386039455526
body_mass,Body mass,12,11,Leka,top_m,3,3,3,,3,0.5,13,pc_logistic,2500,714694.6799037684,0.16881386039455526
body_mass,Body mass,12,11,Leka,top_m,3,3,3,,3,1.0,13,pc_logistic,2500,714694.6799037684,0.16881386039455526
body_mass,Body mass,12,11,Leka,top_m,3,3,3,,3,1.5,13,pc_logistic,2500,714694.6799037684,0.16881386039455526
body_mass,Body mass,12,11,Leka,top_m,5,5,5,,5,0.0,198,pc_logistic,2500,224181.36704604526,0.18582632169668445
body_mass,Body mass,12,11,Leka,top_m,5,5,5,,5,0.5,130,pc_logistic,2000,594395.566585916,0.16824722852402763
body_mass,Body mass,12,11,Leka,top_m,5,5,5,,5,1.0,130,pc_logistic,2000,594395.566585916,0.16824722852402763
body_mass,Body mass,12,11,Leka,top_m,5,5,5,,5,1.5,13,pc_logistic,2500,714694.6799037684,0.16881386039455526
body_mass,Body mass,12,11,Leka,top_m,8,8,8,,8,0.0,139,pc_logistic,2500,454313.72199445876,0.1775207279289302
body_mass,Body mass,12,11,Leka,top_m,8,8,8,,8,0.5,139,pc_logistic,2500,454313.72199445876,0.1775207279289302
body_mass,Body mass,12,11,Leka,top_m,8,8,8,,8,1.0,139,pc_logistic,2500,454313.72199445876,0.1775207279289302
body_mass,Body mass,12,11,Leka,top_m,8,8,8,,8,1.5,139,pc_logistic,2500,454313.72199445876,0.1775207279289302
body_mass,Body mass,12,11,Leka,top_m,10,10,10,,10,0.0,139,pc_logistic,2500,454313.72199445876,0.1775207279289302
body_mass,Body mass,12,11,Leka,top_m,10,10,10,,10,0.5,139,pc_logistic,2500,454313.72199445876,0.1775207279289302
body_mass,Body mass,12,11,Leka,top_m,10,10,10,,10,1.0,129,pc_logistic,2000,2803565.8456042106,0.16052942128698133
body_mass,Body mass,12,11,Leka,top_m,10,10,10,,10,1.5,129,pc_logistic,2000,2803565.8456042106,0.16052942128698133
body_mass,Body mass,12,11,Leka,top_m,15,15,15,,14,0.0,196,pc_logistic,2500,176126.62214747985,0.1878410001067003
body_mass,Body mass,12,11,Leka,top_m,15,15,15,,14,0.5,196,pc_logistic,2500,176126.62214747985,0.1878410001067003
body_mass,Body mass,12,11,Leka,top_m,15,15,15,,14,1.0,142,pc_logistic,2500,292646.9872388492,0.18359427410333573
body_mass,Body mass,12,11,Leka,top_m,15,15,15,,14,1.5,107,pc_logistic,2500,273641.45984960994,0.18335670276835556
body_mass,Body mass,12,11,Leka,grm_threshold,grm>0.0011,-1,grm>0.0011,0.0010731491440366754,2,0.0,13,pc_logistic,2500,714694.6799037684,0.16881386039455526
body_mass,Body mass,12,11,Leka,grm_threshold,grm>0.0011,-1,grm>0.0011,0.0010731491440366754,2,0.5,13,pc_logistic,2500,714694.6799037684,0.16881386039455526
body_mass,Body mass,12,11,Leka,grm_threshold,grm>0.0011,-1,grm>0.0011,0.0010731491440366754,2,1.0,13,pc_logistic,2500,714694.6799037684,0.16881386039455526
body_mass,Body mass,12,11,Leka,grm_threshold,grm>0.0011,-1,grm>0.0011,0.0010731491440366754,2,1.5,13,pc_logistic,2500,714694.6799037684,0.16881386039455526
body_mass,Body mass,13,12,Vega,top_m,3,3,3,,3,0.0,73,pc_logistic,2000,128691.87754214622,0.1506539112417202
body_mass,Body mass,13,12,Vega,top_m,3,3,3,,3,0.5,197,pc_logistic,2500,356330.3374144904,0.15247016525781204
body_mass,Body mass,13,12,Vega,top_m,3,3,3,,3,1.0,28,pc_logistic,1500,1861078.9959378166,0.15406196519406873
body_mass,Body mass,13,12,Vega,top_m,3,3,3,,3,1.5,28,pc_logistic,1500,1861078.9959378166,0.15406196519406873
body_mass,Body mass,13,12,Vega,top_m,5,5,5,,5,0.0,135,pc_logistic,2500,136349.45033181278,0.14556243300057886
body_mass,Body mass,13,12,Vega,top_m,5,5,5,,5,0.5,135,pc_logistic,2500,136349.45033181278,0.14556243300057886
body_mass,Body mass,13,12,Vega,top_m,5,5,5,,5,1.0,135,pc_logistic,2500,136349.45033181278,0.14556243300057886
body_mass,Body mass,13,12,Vega,top_m,5,5,5,,5,1.5,44,pc_logistic,3000,210611.21366467307,0.14853708312576847
body_mass,Body mass,13,12,Vega,top_m,8,8,8,,8,0.0,181,pc_logistic,2500,229558.47725547146,0.1477901092983103
body_mass,Body mass,13,12,Vega,top_m,8,8,8,,8,0.5,181,pc_logistic,2500,229558.47725547146,0.1477901092983103
body_mass,Body mass,13,12,Vega,top_m,8,8,8,,8,1.0,176,pc_logistic,2500,229266.16792849897,0.15099736026171626
body_mass,Body mass,13,12,Vega,top_m,8,8,8,,8,1.5,61,pc_logistic,2500,622453.2426403261,0.15614239332035504
body_mass,Body mass,13,12,Vega,top_m,10,10,10,,10,0.0,189,pc_logistic,2500,223034.8120151004,0.14690884418628
body_mass,Body mass,13,12,Vega,top_m,10,10,10,,10,0.5,198,pc_logistic,2500,284441.5149562714,0.14752080788771793
body_mass,Body mass,13,12,Vega,top_m,10,10,10,,10,1.0,197,pc_logistic,2500,356330.3374144904,0.15247016525781204
body_mass,Body mass,13,12,Vega,top_m,10,10,10,,10,1.5,197,pc_logistic,2500,356330.3374144904,0.15247016525781204
body_mass,Body mass,13,12,Vega,top_m,15,15,15,,14,0.0,133,pc_logistic,2500,127919.41764984223,0.14521913399733896
body_mass,Body mass,13,12,Vega,top_m,15,15,15,,14,0.5,181,pc_logistic,2500,229558.47725547146,0.1477901092983103
body_mass,Body mass,13,12,Vega,top_m,15,15,15,,14,1.0,181,pc_logistic,2500,229558.47725547146,0.1477901092983103
body_mass,Body mass,13,12,Vega,top_m,15,15,15,,14,1.5,176,pc_logistic,2500,229266.16792849897,0.15099736026171626
body_mass,Body mass,13,12,Vega,grm_threshold,grm>0.0011,-1,grm>0.0011,0.0010731491440366754,1,0.0,11,pc_logistic,3500,520567.0232771112,0.14927268278781702
body_mass,Body mass,13,12,Vega,grm_threshold,grm>0.0011,-1,grm>0.0011,0.0010731491440366754,1,0.5,11,pc_logistic,3500,520567.0232771112,0.14927268278781702
body_mass,Body mass,13,12,Vega,grm_threshold,grm>0.0011,-1,grm>0.0011,0.0010731491440366754,1,1.0,11,pc_logistic,3500,520567.0232771112,0.14927268278781702
body_mass,Body mass,13,12,Vega,grm_threshold,grm>0.0011,-1,grm>0.0011,0.0010731491440366754,1,1.5,11,pc_logistic,3500,520567.0232771112,0.14927268278781702
body_mass,Body mass,14,13,Vikna,top_m,3,3,3,,3,0.0,13,pc_logistic,2500,714694.6799037684,0.1531095409919082
body_mass,Body mass,14,13,Vikna,top_m,3,3,3,,3,0.5,13,pc_logistic,2500,714694.6799037684,0.1531095409919082
body_mass,Body mass,14,13,Vikna,top_m,3,3,3,,3,1.0,13,pc_logistic,2500,714694.6799037684,0.1531095409919082
body_mass,Body mass,14,13,Vikna,top_m,3,3,3,,3,1.5,13,pc_logistic,2500,714694.6799037684,0.1531095409919082
body_mass,Body mass,14,13,Vikna,top_m,5,5,5,,5,0.0,65,pc_logistic,1500,422514.47303620906,0.17815826819807506
body_mass,Body mass,14,13,Vikna,top_m,5,5,5,,5,0.5,57,pc_logistic,2000,775740.0185538544,0.18156995856153588
body_mass,Body mass,14,13,Vikna,top_m,5,5,5,,5,1.0,58,pc_logistic,2000,1578425.9031017486,0.18401452210459476
body_mass,Body mass,14,13,Vikna,top_m,5,5,5,,5,1.5,58,pc_logistic,2000,1578425.9031017486,0.18401452210459476
body_mass,Body mass,14,13,Vikna,top_m,8,8,8,,8,0.0,109,pc_logistic,2500,849568.0868756116,0.17441122925311842
body_mass,Body mass,14,13,Vikna,top_m,8,8,8,,8,0.5,109,pc_logistic,2500,849568.0868756116,0.17441122925311842
body_mass,Body mass,14,13,Vikna,top_m,8,8,8,,8,1.0,133,pc_logistic,1000,1217569.1539093175,0.17739909074797994
body_mass,Body mass,14,13,Vikna,top_m,8,8,8,,8,1.5,133,pc_logistic,1000,1217569.1539093175,0.17739909074797994
body_mass,Body mass,14,13,Vikna,top_m,10,10,10,,10,0.0,98,pc_logistic,2500,235673.72646352072,0.16803624994107277
body_mass,Body mass,14,13,Vikna,top_m,10,10,10,,10,0.5,58,pc_logistic,2000,1578425.9031017486,0.18401452210459476
body_mass,Body mass,14,13,Vikna,top_m,10,10,10,,10,1.0,58,pc_logistic,2000,1578425.9031017486,0.18401452210459476
body_mass,Body mass,14,13,Vikna,top_m,10,10,10,,10,1.5,133,pc_logistic,1000,1217569.1539093175,0.17739909074797994
body_mass,Body mass,14,13,Vikna,top_m,15,15,15,,14,0.0,98,pc_logistic,2500,235673.72646352072,0.16803624994107277
body_mass,Body mass,14,13,Vikna,top_m,15,15,15,,14,0.5,125,pc_logistic,1500,524832.2101852614,0.17608892128328862
body_mass,Body mass,14,13,Vikna,top_m,15,15,15,,14,1.0,132,pc_logistic,1000,497033.09906134015,0.17450001789283445
body_mass,Body mass,14,13,Vikna,top_m,15,15,15,,14,1.5,132,pc_logistic,1000,497033.09906134015,0.17450001789283445
body_mass,Body mass,14,13,Vikna,grm_threshold,grm>0.0011,-1,grm>0.0011,0.0010731491440366754,2,0.0,72,pc_logistic,1500,1155946.1737665208,0.1790801149883401
body_mass,Body mass,14,13,Vikna,grm_threshold,grm>0.0011,-1,grm>0.0011,0.0010731491440366754,2,0.5,13,pc_logistic,2500,714694.6799037684,0.1531095409919082
body_mass,Body mass,14,13,Vikna,grm_threshold,grm>0.0011,-1,grm>0.0011,0.0010731491440366754,2,1.0,13,pc_logistic,2500,714694.6799037684,0.1531095409919082
body_mass,Body mass,14,13,Vikna,grm_threshold,grm>0.0011,-1,grm>0.0011,0.0010731491440366754,2,1.5,4,pc_logistic,2000,5373167.4046281455,0.18143872250810913
body_mass,Body mass,15,14,Lauvøya,top_m,3,3,3,,3,0.0,78,pc_logistic,2500,2379.4715291078655,0.017843896986963936
body_mass,Body mass,15,14,Lauvøya,top_m,3,3,3,,3,0.5,78,pc_logistic,2500,2379.4715291078655,0.017843896986963936
body_mass,Body mass,15,14,Lauvøya,top_m,3,3,3,,3,1.0,78,pc_logistic,2500,2379.4715291078655,0.017843896986963936
body_mass,Body mass,15,14,Lauvøya,top_m,3,3,3,,3,1.5,78,pc_logistic,2500,2379.4715291078655,0.017843896986963936
body_mass,Body mass,15,14,Lauvøya,top_m,5,5,5,,5,0.0,79,pc_logistic,3000,102289.09039337111,0.12013972053556167
body_mass,Body mass,15,14,Lauvøya,top_m,5,5,5,,5,0.5,79,pc_logistic,3000,102289.09039337111,0.12013972053556167
body_mass,Body mass,15,14,Lauvøya,top_m,5,5,5,,5,1.0,52,pc_logistic,2500,194440.28087032988,0.14015010649658952
body_mass,Body mass,15,14,Lauvøya,top_m,5,5,5,,5,1.5,78,pc_logistic,2500,2379.4715291078655,0.017843896986963936
body_mass,Body mass,15,14,Lauvøya,top_m,8,8,8,,8,0.0,31,pc_logistic,2500,122934.07719524526,0.10982701630594097
body_mass,Body mass,15,14,Lauvøya,top_m,8,8,8,,8,0.5,31,pc_logistic,2500,122934.07719524526,0.10982701630594097
body_mass,Body mass,15,14,Lauvøya,top_m,8,8,8,,8,1.0,97,pc_logistic,2500,20588.55704037575,0.05176610606437021
body_mass,Body mass,15,14,Lauvøya,top_m,8,8,8,,8,1.5,97,pc_logistic,2500,20588.55704037575,0.05176610606437021
body_mass,Body mass,15,14,Lauvøya,top_m,10,10,10,,10,0.0,146,pc_logistic,2500,133473.5310569783,0.1176499575825925
body_mass,Body mass,15,14,Lauvøya,top_m,10,10,10,,10,0.5,146,pc_logistic,2500,133473.5310569783,0.1176499575825925
body_mass,Body mass,15,14,Lauvøya,top_m,10,10,10,,10,1.0,168,pc_logistic,2500,266752.5864162608,0.1430506732595784
body_mass,Body mass,15,14,Lauvøya,top_m,10,10,10,,10,1.5,168,pc_logistic,2500,266752.5864162608,0.1430506732595784
body_mass,Body mass,15,14,Lauvøya,top_m,15,15,15,,14,0.0,198,pc_logistic,2500,81992.0834182383,0.0957588280216394
body_mass,Body mass,15,14,Lauvøya,top_m,15,15,15,,14,0.5,31,pc_logistic,2500,122934.07719524526,0.10982701630594097
body_mass,Body mass,15,14,Lauvøya,top_m,15,15,15,,14,1.0,31,pc_logistic,2500,122934.07719524526,0.10982701630594097
body_mass,Body mass,15,14,Lauvøya,top_m,15,15,15,,14,1.5,84,pc_logistic,2500,82414.46491912931,0.10170174362165364
body_mass,Body mass,15,14,Lauvøya,grm_threshold,grm>0.0011,-1,grm>0.0011,0.0010731491440366754,2,0.0,65,pc_logistic,2500,37420.57078818704,0.08881577014550272
body_mass,Body mass,15,14,Lauvøya,grm_threshold,grm>0.0011,-1,grm>0.0011,0.0010731491440366754,2,0.5,65,pc_logistic,2500,37420.57078818704,0.08881577014550272
body_mass,Body mass,15,14,Lauvøya,grm_threshold,grm>0.0011,-1,grm>0.0011,0.0010731491440366754,2,1.0,65,pc_logistic,2500,37420.57078818704,0.08881577014550272
body_mass,Body mass,15,14,Lauvøya,grm_threshold,grm>0.0011,-1,grm>0.0011,0.0010731491440366754,2,1.5,65,pc_logistic,2500,37420.57078818704,0.08881577014550272
thr_tarsus,Tarsus length,1,0,Nesøy,top_m,3,3,3,,3,0.0,175,pc_logistic,3500,110959.78652951456,0.27835603283569826
thr_tarsus,Tarsus length,1,0,Nesøy,top_m,3,3,3,,3,0.5,172,pc_logistic,3500,96439.63587240224,0.2889750788815051
thr_tarsus,Tarsus length,1,0,Nesøy,top_m,3,3,3,,3,1.0,172,pc_logistic,3500,96439.63587240224,0.2889750788815051
thr_tarsus,Tarsus length,1,0,Nesøy,top_m,3,3,3,,3,1.5,178,pc_logistic,4000,77829.56595767941,0.2996331998670693
thr_tarsus,Tarsus length,1,0,Nesøy,top_m,5,5,5,,5,0.0,173,pc_logistic,3500,88605.15029841877,0.26638339293787605
thr_tarsus,Tarsus length,1,0,Nesøy,top_m,5,5,5,,5,0.5,195,pc_logistic,3500,63050.81348253352,0.2566947291907228
thr_tarsus,Tarsus length,1,0,Nesøy,top_m,5,5,5,,5,1.0,195,pc_logistic,3500,63050.81348253352,0.2566947291907228
thr_tarsus,Tarsus length,1,0,Nesøy,top_m,5,5,5,,5,1.5,164,pc_logistic,4000,56741.09701009459,0.2731466395317991
thr_tarsus,Tarsus length,1,0,Nesøy,top_m,8,8,8,,8,0.0,173,pc_logistic,3500,88605.15029841877,0.26638339293787605
thr_tarsus,Tarsus length,1,0,Nesøy,top_m,8,8,8,,8,0.5,173,pc_logistic,3500,88605.15029841877,0.26638339293787605
thr_tarsus,Tarsus length,1,0,Nesøy,top_m,8,8,8,,8,1.0,173,pc_logistic,3500,88605.15029841877,0.26638339293787605
thr_tarsus,Tarsus length,1,0,Nesøy,top_m,8,8,8,,8,1.5,173,pc_logistic,3500,88605.15029841877,0.26638339293787605
thr_tarsus,Tarsus length,1,0,Nesøy,top_m,10,10,10,,10,0.0,182,pc_logistic,3500,112567.15109228746,0.2856106154130014
thr_tarsus,Tarsus length,1,0,Nesøy,top_m,10,10,10,,10,0.5,182,pc_logistic,3500,112567.15109228746,0.2856106154130014
thr_tarsus,Tarsus length,1,0,Nesøy,top_m,10,10,10,,10,1.0,181,pc_logistic,3500,125840.09690518296,0.2891605536327567
thr_tarsus,Tarsus length,1,0,Nesøy,top_m,10,10,10,,10,1.5,181,pc_logistic,3500,125840.09690518296,0.2891605536327567
thr_tarsus,Tarsus length,1,0,Nesøy,top_m,15,15,15,,14,0.0,93,pc_logistic,3000,163249.17005057764,0.29478263244375696
thr_tarsus,Tarsus length,1,0,Nesøy,top_m,15,15,15,,14,0.5,93,pc_logistic,3000,163249.17005057764,0.29478263244375696
thr_tarsus,Tarsus length,1,0,Nesøy,top_m,15,15,15,,14,1.0,146,pc_logistic,3500,163029.4425271604,0.2896011160114952
thr_tarsus,Tarsus length,1,0,Nesøy,top_m,15,15,15,,14,1.5,146,pc_logistic,3500,163029.4425271604,0.2896011160114952
thr_tarsus,Tarsus length,1,0,Nesøy,grm_threshold,grm>0.0011,-1,grm>0.0011,0.0010731491440366754,9,0.0,182,pc_logistic,3500,112567.15109228746,0.2856106154130014
thr_tarsus,Tarsus length,1,0,Nesøy,grm_threshold,grm>0.0011,-1,grm>0.0011,0.0010731491440366754,9,0.5,182,pc_logistic,3500,112567.15109228746,0.2856106154130014
thr_tarsus,Tarsus length,1,0,Nesøy,grm_threshold,grm>0.0011,-1,grm>0.0011,0.0010731491440366754,9,1.0,181,pc_logistic,3500,125840.09690518296,0.2891605536327567
thr_tarsus,Tarsus length,1,0,Nesøy,grm_threshold,grm>0.0011,-1,grm>0.0011,0.0010731491440366754,9,1.5,119,pc_logistic,3000,115843.7037567103,0.2798352686272919
thr_tarsus,Tarsus length,2,1,Myken,top_m,3,3,3,,3,0.0,98,pc_logistic,2500,474061.8935670913,0.3384998211369029
thr_tarsus,Tarsus length,2,1,Myken,top_m,3,3,3,,3,0.5,98,pc_logistic,2500,474061.8935670913,0.3384998211369029
thr_tarsus,Tarsus length,2,1,Myken,top_m,3,3,3,,3,1.0,98,pc_logistic,2500,474061.8935670913,0.3384998211369029
thr_tarsus,Tarsus length,2,1,Myken,top_m,3,3,3,,3,1.5,98,pc_logistic,2500,474061.8935670913,0.3384998211369029
thr_tarsus,Tarsus length,2,1,Myken,top_m,5,5,5,,5,0.0,105,pc_logistic,2000,4123599.932512638,0.31550515731771195
thr_tarsus,Tarsus length,2,1,Myken,top_m,5,5,5,,5,0.5,105,pc_logistic,2000,4123599.932512638,0.31550515731771195
thr_tarsus,Tarsus length,2,1,Myken,top_m,5,5,5,,5,1.0,100,pc_logistic,2500,1360270.4264328845,0.329154170756289
thr_tarsus,Tarsus length,2,1,Myken,top_m,5,5,5,,5,1.5,100,pc_logistic,2500,1360270.4264328845,0.329154170756289
thr_tarsus,Tarsus length,2,1,Myken,top_m,8,8,8,,8,0.0,98,pc_logistic,2500,474061.8935670913,0.3384998211369029
thr_tarsus,Tarsus length,2,1,Myken,top_m,8,8,8,,8,0.5,98,pc_logistic,2500,474061.8935670913,0.3384998211369029
thr_tarsus,Tarsus length,2,1,Myken,top_m,8,8,8,,8,1.0,98,pc_logistic,2500,474061.8935670913,0.3384998211369029
thr_tarsus,Tarsus length,2,1,Myken,top_m,8,8,8,,8,1.5,98,pc_logistic,2500,474061.8935670913,0.3384998211369029
thr_tarsus,Tarsus length,2,1,Myken,top_m,10,10,10,,10,0.0,173,pc_logistic,4000,219603.50214433568,0.3457654068781739
thr_tarsus,Tarsus length,2,1,Myken,top_m,10,10,10,,10,0.5,173,pc_logistic,4000,219603.50214433568,0.3457654068781739
thr_tarsus,Tarsus length,2,1,Myken,top_m,10,10,10,,10,1.0,173,pc_logistic,4000,219603.50214433568,0.3457654068781739
thr_tarsus,Tarsus length,2,1,Myken,top_m,10,10,10,,10,1.5,173,pc_logistic,4000,219603.50214433568,0.3457654068781739
thr_tarsus,Tarsus length,2,1,Myken,top_m,15,15,15,,14,0.0,142,pc_logistic,3500,256732.66336890857,0.363659332739813
thr_tarsus,Tarsus length,2,1,Myken,top_m,15,15,15,,14,0.5,142,pc_logistic,3500,256732.66336890857,0.363659332739813
thr_tarsus,Tarsus length,2,1,Myken,top_m,15,15,15,,14,1.0,142,pc_logistic,3500,256732.66336890857,0.363659332739813
thr_tarsus,Tarsus length,2,1,Myken,top_m,15,15,15,,14,1.5,142,pc_logistic,3500,256732.66336890857,0.363659332739813
thr_tarsus,Tarsus length,2,1,Myken,grm_threshold,grm>0.0011,-1,grm>0.0011,0.0010731491440366754,7,0.0,105,pc_logistic,2000,4123599.932512638,0.31550515731771195
thr_tarsus,Tarsus length,2,1,Myken,grm_threshold,grm>0.0011,-1,grm>0.0011,0.0010731491440366754,7,0.5,100,pc_logistic,2500,1360270.4264328845,0.329154170756289
thr_tarsus,Tarsus length,2,1,Myken,grm_threshold,grm>0.0011,-1,grm>0.0011,0.0010731491440366754,7,1.0,100,pc_logistic,2500,1360270.4264328845,0.329154170756289
thr_tarsus,Tarsus length,2,1,Myken,grm_threshold,grm>0.0011,-1,grm>0.0011,0.0010731491440366754,7,1.5,100,pc_logistic,2500,1360270.4264328845,0.329154170756289
thr_tarsus,Tarsus length,3,2,Træna,top_m,3,3,3,,3,0.0,196,pc_logistic,3500,186420.86378560943,0.233845071458121
thr_tarsus,Tarsus length,3,2,Træna,top_m,3,3,3,,3,0.5,193,pc_logistic,3500,178117.04374281186,0.23425055534965772
thr_tarsus,Tarsus length,3,2,Træna,top_m,3,3,3,,3,1.0,93,pc_logistic,3000,221440.930875748,0.23565441070364643
thr_tarsus,Tarsus length,3,2,Træna,top_m,3,3,3,,3,1.5,95,pc_logistic,3000,400199.18758018134,0.24896431595872304
thr_tarsus,Tarsus length,3,2,Træna,top_m,5,5,5,,5,0.0,199,pc_logistic,1500,223768.0408646867,0.2145562819289073
thr_tarsus,Tarsus length,3,2,Træna,top_m,5,5,5,,5,0.5,199,pc_logistic,1500,223768.0408646867,0.2145562819289073
thr_tarsus,Tarsus length,3,2,Træna,top_m,5,5,5,,5,1.0,199,pc_logistic,1500,223768.0408646867,0.2145562819289073
thr_tarsus,Tarsus length,3,2,Træna,top_m,5,5,5,,5,1.5,199,pc_logistic,1500,223768.0408646867,0.2145562819289073
thr_tarsus,Tarsus length,3,2,Træna,top_m,8,8,8,,8,0.0,199,pc_logistic,1500,223768.0408646867,0.2145562819289073
thr_tarsus,Tarsus length,3,2,Træna,top_m,8,8,8,,8,0.5,199,pc_logistic,1500,223768.0408646867,0.2145562819289073
thr_tarsus,Tarsus length,3,2,Træna,top_m,8,8,8,,8,1.0,199,pc_logistic,1500,223768.0408646867,0.2145562819289073
thr_tarsus,Tarsus length,3,2,Træna,top_m,8,8,8,,8,1.5,80,pc_logistic,3000,953652.1579609917,0.21528179165689293
thr_tarsus,Tarsus length,3,2,Træna,top_m,10,10,10,,10,0.0,196,pc_logistic,3500,186420.86378560943,0.233845071458121
thr_tarsus,Tarsus length,3,2,Træna,top_m,10,10,10,,10,0.5,196,pc_logistic,3500,186420.86378560943,0.233845071458121
thr_tarsus,Tarsus length,3,2,Træna,top_m,10,10,10,,10,1.0,190,pc_logistic,3500,175370.52095232919,0.23380290952303956
thr_tarsus,Tarsus length,3,2,Træna,top_m,10,10,10,,10,1.5,190,pc_logistic,3500,175370.52095232919,0.23380290952303956
thr_tarsus,Tarsus length,3,2,Træna,top_m,15,15,15,,14,0.0,190,pc_logistic,3500,175370.52095232919,0.23380290952303956
thr_tarsus,Tarsus length,3,2,Træna,top_m,15,15,15,,14,0.5,190,pc_logistic,3500,175370.52095232919,0.23380290952303956
thr_tarsus,Tarsus length,3,2,Træna,top_m,15,15,15,,14,1.0,190,pc_logistic,3500,175370.52095232919,0.23380290952303956
thr_tarsus,Tarsus length,3,2,Træna,top_m,15,15,15,,14,1.5,190,pc_logistic,3500,175370.52095232919,0.23380290952303956
thr_tarsus,Tarsus length,3,2,Træna,grm_threshold,grm>0.0011,-1,grm>0.0011,0.0010731491440366754,7,0.0,199,pc_logistic,1500,223768.0408646867,0.2145562819289073
thr_tarsus,Tarsus length,3,2,Træna,grm_threshold,grm>0.0011,-1,grm>0.0011,0.0010731491440366754,7,0.5,199,pc_logistic,1500,223768.0408646867,0.2145562819289073
thr_tarsus,Tarsus length,3,2,Træna,grm_threshold,grm>0.0011,-1,grm>0.0011,0.0010731491440366754,7,1.0,199,pc_logistic,1500,223768.0408646867,0.2145562819289073
thr_tarsus,Tarsus length,3,2,Træna,grm_threshold,grm>0.0011,-1,grm>0.0011,0.0010731491440366754,7,1.5,80,pc_logistic,3000,953652.1579609917,0.21528179165689293
thr_tarsus,Tarsus length,4,3,Selvær,top_m,3,3,3,,3,0.0,21,uniform,4500,353089.3127973871,0.26904603171214964
thr_tarsus,Tarsus length,4,3,Selvær,top_m,3,3,3,,3,0.5,22,uniform,4500,318171.7720201785,0.26935557846021124
thr_tarsus,Tarsus length,4,3,Selvær,top_m,3,3,3,,3,1.0,94,pc_logistic,4000,185857.8663729965,0.2939053080727067
thr_tarsus,Tarsus length,4,3,Selvær,top_m,3,3,3,,3,1.5,94,pc_logistic,4000,185857.8663729965,0.2939053080727067
thr_tarsus,Tarsus length,4,3,Selvær,top_m,5,5,5,,5,0.0,74,pc_logistic,5000,1125700.660449611,0.2823700756539295
thr_tarsus,Tarsus length,4,3,Selvær,top_m,5,5,5,,5,0.5,74,pc_logistic,5000,1125700.660449611,0.2823700756539295
thr_tarsus,Tarsus length,4,3,Selvær,top_m,5,5,5,,5,1.0,75,pc_logistic,1000,177605.94152973042,0.2579398970704142
thr_tarsus,Tarsus length,4,3,Selvær,top_m,5,5,5,,5,1.5,75,pc_logistic,1000,177605.94152973042,0.2579398970704142
thr_tarsus,Tarsus length,4,3,Selvær,top_m,8,8,8,,8,0.0,75,pc_logistic,1000,177605.94152973042,0.2579398970704142
thr_tarsus,Tarsus length,4,3,Selvær,top_m,8,8,8,,8,0.5,75,pc_logistic,1000,177605.94152973042,0.2579398970704142
thr_tarsus,Tarsus length,4,3,Selvær,top_m,8,8,8,,8,1.0,75,pc_logistic,1000,177605.94152973042,0.2579398970704142
thr_tarsus,Tarsus length,4,3,Selvær,top_m,8,8,8,,8,1.5,75,pc_logistic,1000,177605.94152973042,0.2579398970704142
thr_tarsus,Tarsus length,4,3,Selvær,top_m,10,10,10,,10,0.0,75,pc_logistic,1000,177605.94152973042,0.2579398970704142
thr_tarsus,Tarsus length,4,3,Selvær,top_m,10,10,10,,10,0.5,75,pc_logistic,1000,177605.94152973042,0.2579398970704142
thr_tarsus,Tarsus length,4,3,Selvær,top_m,10,10,10,,10,1.0,75,pc_logistic,1000,177605.94152973042,0.2579398970704142
thr_tarsus,Tarsus length,4,3,Selvær,top_m,10,10,10,,10,1.5,75,pc_logistic,1000,177605.94152973042,0.2579398970704142
thr_tarsus,Tarsus length,4,3,Selvær,top_m,15,15,15,,14,0.0,75,pc_logistic,1000,177605.94152973042,0.2579398970704142
thr_tarsus,Tarsus length,4,3,Selvær,top_m,15,15,15,,14,0.5,75,pc_logistic,1000,177605.94152973042,0.2579398970704142
thr_tarsus,Tarsus length,4,3,Selvær,top_m,15,15,15,,14,1.0,191,pc_logistic,4000,153092.5119148768,0.2960167619306147
thr_tarsus,Tarsus length,4,3,Selvær,top_m,15,15,15,,14,1.5,191,pc_logistic,4000,153092.5119148768,0.2960167619306147
thr_tarsus,Tarsus length,4,3,Selvær,grm_threshold,grm>0.0011,-1,grm>0.0011,0.0010731491440366754,6,0.0,75,pc_logistic,1000,177605.94152973042,0.2579398970704142
thr_tarsus,Tarsus length,4,3,Selvær,grm_threshold,grm>0.0011,-1,grm>0.0011,0.0010731491440366754,6,0.5,75,pc_logistic,1000,177605.94152973042,0.2579398970704142
thr_tarsus,Tarsus length,4,3,Selvær,grm_threshold,grm>0.0011,-1,grm>0.0011,0.0010731491440366754,6,1.0,75,pc_logistic,1000,177605.94152973042,0.2579398970704142
thr_tarsus,Tarsus length,4,3,Selvær,grm_threshold,grm>0.0011,-1,grm>0.0011,0.0010731491440366754,6,1.5,75,pc_logistic,1000,177605.94152973042,0.2579398970704142
thr_tarsus,Tarsus length,5,4,Gjerøy,top_m,3,3,3,,3,0.0,117,pc_logistic,500,186878.87682994537,0.20966434400487796
thr_tarsus,Tarsus length,5,4,Gjerøy,top_m,3,3,3,,3,0.5,117,pc_logistic,500,186878.87682994537,0.20966434400487796
thr_tarsus,Tarsus length,5,4,Gjerøy,top_m,3,3,3,,3,1.0,150,pc_logistic,2500,229584.84314350045,0.24351015919484842
thr_tarsus,Tarsus length,5,4,Gjerøy,top_m,3,3,3,,3,1.5,87,pc_logistic,2500,168143.84962486444,0.24497391851629158
thr_tarsus,Tarsus length,5,4,Gjerøy,top_m,5,5,5,,5,0.0,156,pc_logistic,3000,199970.0489203752,0.24223359105088152
thr_tarsus,Tarsus length,5,4,Gjerøy,top_m,5,5,5,,5,0.5,49,pc_logistic,3500,275718.3917143688,0.24463516616189895
thr_tarsus,Tarsus length,5,4,Gjerøy,top_m,5,5,5,,5,1.0,49,pc_logistic,3500,275718.3917143688,0.24463516616189895
thr_tarsus,Tarsus length,5,4,Gjerøy,top_m,5,5,5,,5,1.5,49,pc_logistic,3500,275718.3917143688,0.24463516616189895
thr_tarsus,Tarsus length,5,4,Gjerøy,top_m,8,8,8,,8,0.0,179,pc_logistic,3000,267763.0629242597,0.23752768823503376
thr_tarsus,Tarsus length,5,4,Gjerøy,top_m,8,8,8,,8,0.5,179,pc_logistic,3000,267763.0629242597,0.23752768823503376
thr_tarsus,Tarsus length,5,4,Gjerøy,top_m,8,8,8,,8,1.0,49,pc_logistic,3500,275718.3917143688,0.24463516616189895
thr_tarsus,Tarsus length,5,4,Gjerøy,top_m,8,8,8,,8,1.5,49,pc_logistic,3500,275718.3917143688,0.24463516616189895
thr_tarsus,Tarsus length,5,4,Gjerøy,top_m,10,10,10,,10,0.0,153,pc_logistic,3000,184650.37609346033,0.24587573607374694
thr_tarsus,Tarsus length,5,4,Gjerøy,top_m,10,10,10,,10,0.5,153,pc_logistic,3000,184650.37609346033,0.24587573607374694
thr_tarsus,Tarsus length,5,4,Gjerøy,top_m,10,10,10,,10,1.0,192,pc_logistic,3000,223833.5878054906,0.24468278785687103
thr_tarsus,Tarsus length,5,4,Gjerøy,top_m,10,10,10,,10,1.5,49,pc_logistic,3500,275718.3917143688,0.24463516616189895
thr_tarsus,Tarsus length,5,4,Gjerøy,top_m,15,15,15,,14,0.0,195,pc_logistic,3000,211637.1878704008,0.24509125141083196
thr_tarsus,Tarsus length,5,4,Gjerøy,top_m,15,15,15,,14,0.5,192,pc_logistic,3000,223833.5878054906,0.24468278785687103
thr_tarsus,Tarsus length,5,4,Gjerøy,top_m,15,15,15,,14,1.0,49,pc_logistic,3500,275718.3917143688,0.24463516616189895
thr_tarsus,Tarsus length,5,4,Gjerøy,top_m,15,15,15,,14,1.5,49,pc_logistic,3500,275718.3917143688,0.24463516616189895
thr_tarsus,Tarsus length,5,4,Gjerøy,grm_threshold,grm>0.0011,-1,grm>0.0011,0.0010731491440366754,4,0.0,117,pc_logistic,500,186878.87682994537,0.20966434400487796
thr_tarsus,Tarsus length,5,4,Gjerøy,grm_threshold,grm>0.0011,-1,grm>0.0011,0.0010731491440366754,4,0.5,49,pc_logistic,3500,275718.3917143688,0.24463516616189895
thr_tarsus,Tarsus length,5,4,Gjerøy,grm_threshold,grm>0.0011,-1,grm>0.0011,0.0010731491440366754,4,1.0,49,pc_logistic,3500,275718.3917143688,0.24463516616189895
thr_tarsus,Tarsus length,5,4,Gjerøy,grm_threshold,grm>0.0011,-1,grm>0.0011,0.0010731491440366754,4,1.5,49,pc_logistic,3500,275718.3917143688,0.24463516616189895
thr_tarsus,Tarsus length,6,5,Hestmannøy,top_m,3,3,3,,3,0.0,155,pc_logistic,1500,173779.09830739954,0.24211778804901765
thr_tarsus,Tarsus length,6,5,Hestmannøy,top_m,3,3,3,,3,0.5,155,pc_logistic,1500,173779.09830739954,0.24211778804901765
thr_tarsus,Tarsus length,6,5,Hestmannøy,top_m,3,3,3,,3,1.0,155,pc_logistic,1500,173779.09830739954,0.24211778804901765
thr_tarsus,Tarsus length,6,5,Hestmannøy,top_m,3,3,3,,3,1.5,155,pc_logistic,1500,173779.09830739954,0.24211778804901765
thr_tarsus,Tarsus length,6,5,Hestmannøy,top_m,5,5,5,,5,0.0,58,pc_logistic,1000,69617.45557245715,0.22972869665532258
thr_tarsus,Tarsus length,6,5,Hestmannøy,top_m,5,5,5,,5,0.5,58,pc_logistic,1000,69617.45557245715,0.22972869665532258
thr_tarsus,Tarsus length,6,5,Hestmannøy,top_m,5,5,5,,5,1.0,190,pc_logistic,3000,340770.2018947475,0.23992536118672037
thr_tarsus,Tarsus length,6,5,Hestmannøy,top_m,5,5,5,,5,1.5,190,pc_logistic,3000,340770.2018947475,0.23992536118672037
thr_tarsus,Tarsus length,6,5,Hestmannøy,top_m,8,8,8,,8,0.0,193,pc_logistic,3000,262066.75902293468,0.2419903010314171
thr_tarsus,Tarsus length,6,5,Hestmannøy,top_m,8,8,8,,8,0.5,193,pc_logistic,3000,262066.75902293468,0.2419903010314171
thr_tarsus,Tarsus length,6,5,Hestmannøy,top_m,8,8,8,,8,1.0,193,pc_logistic,3000,262066.75902293468,0.2419903010314171
thr_tarsus,Tarsus length,6,5,Hestmannøy,top_m,8,8,8,,8,1.5,193,pc_logistic,3000,262066.75902293468,0.2419903010314171
thr_tarsus,Tarsus length,6,5,Hestmannøy,top_m,10,10,10,,10,0.0,193,pc_logistic,3000,262066.75902293468,0.2419903010314171
thr_tarsus,Tarsus length,6,5,Hestmannøy,top_m,10,10,10,,10,0.5,193,pc_logistic,3000,262066.75902293468,0.2419903010314171
thr_tarsus,Tarsus length,6,5,Hestmannøy,top_m,10,10,10,,10,1.0,193,pc_logistic,3000,262066.75902293468,0.2419903010314171
thr_tarsus,Tarsus length,6,5,Hestmannøy,top_m,10,10,10,,10,1.5,193,pc_logistic,3000,262066.75902293468,0.2419903010314171
thr_tarsus,Tarsus length,6,5,Hestmannøy,top_m,15,15,15,,14,0.0,193,pc_logistic,3000,262066.75902293468,0.2419903010314171
thr_tarsus,Tarsus length,6,5,Hestmannøy,top_m,15,15,15,,14,0.5,193,pc_logistic,3000,262066.75902293468,0.2419903010314171
thr_tarsus,Tarsus length,6,5,Hestmannøy,top_m,15,15,15,,14,1.0,193,pc_logistic,3000,262066.75902293468,0.2419903010314171
thr_tarsus,Tarsus length,6,5,Hestmannøy,top_m,15,15,15,,14,1.5,193,pc_logistic,3000,262066.75902293468,0.2419903010314171
thr_tarsus,Tarsus length,6,5,Hestmannøy,grm_threshold,grm>0.0011,-1,grm>0.0011,0.0010731491440366754,5,0.0,58,pc_logistic,1000,69617.45557245715,0.22972869665532258
thr_tarsus,Tarsus length,6,5,Hestmannøy,grm_threshold,grm>0.0011,-1,grm>0.0011,0.0010731491440366754,5,0.5,58,pc_logistic,1000,69617.45557245715,0.22972869665532258
thr_tarsus,Tarsus length,6,5,Hestmannøy,grm_threshold,grm>0.0011,-1,grm>0.0011,0.0010731491440366754,5,1.0,190,pc_logistic,3000,340770.2018947475,0.23992536118672037
thr_tarsus,Tarsus length,6,5,Hestmannøy,grm_threshold,grm>0.0011,-1,grm>0.0011,0.0010731491440366754,5,1.5,190,pc_logistic,3000,340770.2018947475,0.23992536118672037
thr_tarsus,Tarsus length,7,6,Indre Kvarøy,top_m,3,3,3,,3,0.0,77,pc_logistic,3000,92633.01086402599,0.3937640765620764
thr_tarsus,Tarsus length,7,6,Indre Kvarøy,top_m,3,3,3,,3,0.5,151,pc_logistic,3500,76167.01219698534,0.39058845774883083
thr_tarsus,Tarsus length,7,6,Indre Kvarøy,top_m,3,3,3,,3,1.0,134,pc_logistic,4000,104397.24826800109,0.39405168380269534
thr_tarsus,Tarsus length,7,6,Indre Kvarøy,top_m,3,3,3,,3,1.5,119,pc_logistic,4000,131798.83731593462,0.39452042536729415
thr_tarsus,Tarsus length,7,6,Indre Kvarøy,top_m,5,5,5,,5,0.0,77,pc_logistic,3000,92633.01086402599,0.3937640765620764
thr_tarsus,Tarsus length,7,6,Indre Kvarøy,top_m,5,5,5,,5,0.5,77,pc_logistic,3000,92633.01086402599,0.3937640765620764
thr_tarsus,Tarsus length,7,6,Indre Kvarøy,top_m,5,5,5,,5,1.0,77,pc_logistic,3000,92633.01086402599,0.3937640765620764
thr_tarsus,Tarsus length,7,6,Indre Kvarøy,top_m,5,5,5,,5,1.5,156,pc_logistic,4000,106689.99598842744,0.40473523191467514
thr_tarsus,Tarsus length,7,6,Indre Kvarøy,top_m,8,8,8,,8,0.0,65,pc_logistic,3000,137067.06839923203,0.3739467116651923
thr_tarsus,Tarsus length,7,6,Indre Kvarøy,top_m,8,8,8,,8,0.5,65,pc_logistic,3000,137067.06839923203,0.3739467116651923
thr_tarsus,Tarsus length,7,6,Indre Kvarøy,top_m,8,8,8,,8,1.0,152,pc_logistic,3500,116065.91117049311,0.37730556943730875
thr_tarsus,Tarsus length,7,6,Indre Kvarøy,top_m,8,8,8,,8,1.5,152,pc_logistic,3500,116065.91117049311,0.37730556943730875
thr_tarsus,Tarsus length,7,6,Indre Kvarøy,top_m,10,10,10,,10,0.0,56,pc_logistic,3500,121473.80431357046,0.3745830694629666
thr_tarsus,Tarsus length,7,6,Indre Kvarøy,top_m,10,10,10,,10,0.5,101,pc_logistic,4000,96320.02680360939,0.3858276676636871
thr_tarsus,Tarsus length,7,6,Indre Kvarøy,top_m,10,10,10,,10,1.0,134,pc_logistic,4000,104397.24826800109,0.39405168380269534
thr_tarsus,Tarsus length,7,6,Indre Kvarøy,top_m,10,10,10,,10,1.5,134,pc_logistic,4000,104397.24826800109,0.39405168380269534
thr_tarsus,Tarsus length,7,6,Indre Kvarøy,top_m,15,15,15,,14,0.0,112,pc_logistic,3500,133733.84402286023,0.38575607032603554
thr_tarsus,Tarsus length,7,6,Indre Kvarøy,top_m,15,15,15,,14,0.5,134,pc_logistic,4000,104397.24826800109,0.39405168380269534
thr_tarsus,Tarsus length,7,6,Indre Kvarøy,top_m,15,15,15,,14,1.0,134,pc_logistic,4000,104397.24826800109,0.39405168380269534
thr_tarsus,Tarsus length,7,6,Indre Kvarøy,top_m,15,15,15,,14,1.5,134,pc_logistic,4000,104397.24826800109,0.39405168380269534
thr_tarsus,Tarsus length,7,6,Indre Kvarøy,grm_threshold,grm>0.0011,-1,grm>0.0011,0.0010731491440366754,7,0.0,74,pc_logistic,4000,151883.739998154,0.3705054325055303
thr_tarsus,Tarsus length,7,6,Indre Kvarøy,grm_threshold,grm>0.0011,-1,grm>0.0011,0.0010731491440366754,7,0.5,161,pc_logistic,4000,148757.16884108027,0.3844949732741449
thr_tarsus,Tarsus length,7,6,Indre Kvarøy,grm_threshold,grm>0.0011,-1,grm>0.0011,0.0010731491440366754,7,1.0,116,pc_logistic,4000,136987.64721878755,0.39893663049838385
thr_tarsus,Tarsus length,7,6,Indre Kvarøy,grm_threshold,grm>0.0011,-1,grm>0.0011,0.0010731491440366754,7,1.5,156,pc_logistic,4000,106689.99598842744,0.40473523191467514
thr_tarsus,Tarsus length,8,7,Onøy og Lurøy,top_m,3,3,3,,3,0.0,160,pc_logistic,2000,84078.26023471175,0.21239374038003792
thr_tarsus,Tarsus length,8,7,Onøy og Lurøy,top_m,3,3,3,,3,0.5,195,pc_logistic,5000,119308.92941299839,0.23951776020927312
thr_tarsus,Tarsus length,8,7,Onøy og Lurøy,top_m,3,3,3,,3,1.0,159,pc_logistic,3000,79007.13164066436,0.23674909382385842
thr_tarsus,Tarsus length,8,7,Onøy og Lurøy,top_m,3,3,3,,3,1.5,146,pc_logistic,5000,237185.91614613848,0.2515813408849827
thr_tarsus,Tarsus length,8,7,Onøy og Lurøy,top_m,5,5,5,,5,0.0,146,pc_logistic,5000,237185.91614613848,0.2515813408849827
thr_tarsus,Tarsus length,8,7,Onøy og Lurøy,top_m,5,5,5,,5,0.5,146,pc_logistic,5000,237185.91614613848,0.2515813408849827
thr_tarsus,Tarsus length,8,7,Onøy og Lurøy,top_m,5,5,5,,5,1.0,146,pc_logistic,5000,237185.91614613848,0.2515813408849827
thr_tarsus,Tarsus length,8,7,Onøy og Lurøy,top_m,5,5,5,,5,1.5,146,pc_logistic,5000,237185.91614613848,0.2515813408849827
thr_tarsus,Tarsus length,8,7,Onøy og Lurøy,top_m,8,8,8,,8,0.0,194,pc_logistic,5000,117852.46173431606,0.23922989792712915
thr_tarsus,Tarsus length,8,7,Onøy og Lurøy,top_m,8,8,8,,8,0.5,194,pc_logistic,5000,117852.46173431606,0.23922989792712915
thr_tarsus,Tarsus length,8,7,Onøy og Lurøy,top_m,8,8,8,,8,1.0,194,pc_logistic,5000,117852.46173431606,0.23922989792712915
thr_tarsus,Tarsus length,8,7,Onøy og Lurøy,top_m,8,8,8,,8,1.5,199,pc_logistic,5000,118655.46590632838,0.23926700660709027
thr_tarsus,Tarsus length,8,7,Onøy og Lurøy,top_m,10,10,10,,10,0.0,193,pc_logistic,5000,91962.62999114208,0.2345173510955067
thr_tarsus,Tarsus length,8,7,Onøy og Lurøy,top_m,10,10,10,,10,0.5,14,pc_logistic,3500,38161.90638438214,0.19432007237419097
thr_tarsus,Tarsus length,8,7,Onøy og Lurøy,top_m,10,10,10,,10,1.0,14,pc_logistic,3500,38161.90638438214,0.19432007237419097
thr_tarsus,Tarsus length,8,7,Onøy og Lurøy,top_m,10,10,10,,10,1.5,14,pc_logistic,3500,38161.90638438214,0.19432007237419097
thr_tarsus,Tarsus length,8,7,Onøy og Lurøy,top_m,15,15,15,,14,0.0,194,pc_logistic,5000,117852.46173431606,0.23922989792712915
thr_tarsus,Tarsus length,8,7,Onøy og Lurøy,top_m,15,15,15,,14,0.5,194,pc_logistic,5000,117852.46173431606,0.23922989792712915
thr_tarsus,Tarsus length,8,7,Onøy og Lurøy,top_m,15,15,15,,14,1.0,194,pc_logistic,5000,117852.46173431606,0.23922989792712915
thr_tarsus,Tarsus length,8,7,Onøy og Lurøy,top_m,15,15,15,,14,1.5,53,pc_logistic,5000,206822.04395774833,0.2339550422170926
thr_tarsus,Tarsus length,8,7,Onøy og Lurøy,grm_threshold,grm>0.0011,-1,grm>0.0011,0.0010731491440366754,8,0.0,194,pc_logistic,5000,117852.46173431606,0.23922989792712915
thr_tarsus,Tarsus length,8,7,Onøy og Lurøy,grm_threshold,grm>0.0011,-1,grm>0.0011,0.0010731491440366754,8,0.5,194,pc_logistic,5000,117852.46173431606,0.23922989792712915
thr_tarsus,Tarsus length,8,7,Onøy og Lurøy,grm_threshold,grm>0.0011,-1,grm>0.0011,0.0010731491440366754,8,1.0,194,pc_logistic,5000,117852.46173431606,0.23922989792712915
thr_tarsus,Tarsus length,8,7,Onøy og Lurøy,grm_threshold,grm>0.0011,-1,grm>0.0011,0.0010731491440366754,8,1.5,199,pc_logistic,5000,118655.46590632838,0.23926700660709027
thr_tarsus,Tarsus length,9,8,Lovund,top_m,3,3,3,,3,0.0,57,pc_logistic,3000,208887.834608509,0.4049383487837076
thr_tarsus,Tarsus length,9,8,Lovund,top_m,3,3,3,,3,0.5,180,pc_logistic,5000,155624.52901926672,0.4175899351476318
thr_tarsus,Tarsus length,9,8,Lovund,top_m,3,3,3,,3,1.0,180,pc_logistic,5000,155624.52901926672,0.4175899351476318
thr_tarsus,Tarsus length,9,8,Lovund,top_m,3,3,3,,3,1.5,180,pc_logistic,5000,155624.52901926672,0.4175899351476318
thr_tarsus,Tarsus length,9,8,Lovund,top_m,5,5,5,,5,0.0,15,uniform,3000,373882.8247430242,0.4306436967565935
thr_tarsus,Tarsus length,9,8,Lovund,top_m,5,5,5,,5,0.5,57,pc_logistic,3000,208887.834608509,0.4049383487837076
thr_tarsus,Tarsus length,9,8,Lovund,top_m,5,5,5,,5,1.0,57,pc_logistic,3000,208887.834608509,0.4049383487837076
thr_tarsus,Tarsus length,9,8,Lovund,top_m,5,5,5,,5,1.5,57,pc_logistic,3000,208887.834608509,0.4049383487837076
thr_tarsus,Tarsus length,9,8,Lovund,top_m,8,8,8,,8,0.0,193,pc_logistic,5000,174763.41814941718,0.4270462541730659
thr_tarsus,Tarsus length,9,8,Lovund,top_m,8,8,8,,8,0.5,193,pc_logistic,5000,174763.41814941718,0.4270462541730659
thr_tarsus,Tarsus length,9,8,Lovund,top_m,8,8,8,,8,1.0,152,pc_logistic,5000,332363.0909023596,0.4270826718142133
thr_tarsus,Tarsus length,9,8,Lovund,top_m,8,8,8,,8,1.5,152,pc_logistic,5000,332363.0909023596,0.4270826718142133
thr_tarsus,Tarsus length,9,8,Lovund,top_m,10,10,10,,10,0.0,193,pc_logistic,5000,174763.41814941718,0.4270462541730659
thr_tarsus,Tarsus length,9,8,Lovund,top_m,10,10,10,,10,0.5,193,pc_logistic,5000,174763.41814941718,0.4270462541730659
thr_tarsus,Tarsus length,9,8,Lovund,top_m,10,10,10,,10,1.0,193,pc_logistic,5000,174763.41814941718,0.4270462541730659
thr_tarsus,Tarsus length,9,8,Lovund,top_m,10,10,10,,10,1.5,193,pc_logistic,5000,174763.41814941718,0.4270462541730659
thr_tarsus,Tarsus length,9,8,Lovund,top_m,15,15,15,,14,0.0,199,pc_logistic,5000,152168.69700400703,0.4194872620315693
thr_tarsus,Tarsus length,9,8,Lovund,top_m,15,15,15,,14,0.5,199,pc_logistic,5000,152168.69700400703,0.4194872620315693
thr_tarsus,Tarsus length,9,8,Lovund,top_m,15,15,15,,14,1.0,199,pc_logistic,5000,152168.69700400703,0.4194872620315693
thr_tarsus,Tarsus length,9,8,Lovund,top_m,15,15,15,,14,1.5,199,pc_logistic,5000,152168.69700400703,0.4194872620315693
thr_tarsus,Tarsus length,9,8,Lovund,grm_threshold,grm>0.0011,-1,grm>0.0011,0.0010731491440366754,7,0.0,193,pc_logistic,5000,174763.41814941718,0.4270462541730659
thr_tarsus,Tarsus length,9,8,Lovund,grm_threshold,grm>0.0011,-1,grm>0.0011,0.0010731491440366754,7,0.5,193,pc_logistic,5000,174763.41814941718,0.4270462541730659
thr_tarsus,Tarsus length,9,8,Lovund,grm_threshold,grm>0.0011,-1,grm>0.0011,0.0010731491440366754,7,1.0,152,pc_logistic,5000,332363.0909023596,0.4270826718142133
thr_tarsus,Tarsus length,9,8,Lovund,grm_threshold,grm>0.0011,-1,grm>0.0011,0.0010731491440366754,7,1.5,152,pc_logistic,5000,332363.0909023596,0.4270826718142133
thr_tarsus,Tarsus length,10,9,Sleneset,top_m,3,3,3,,3,0.0,93,pc_logistic,4500,174671.28491916944,0.25817125560406906
thr_tarsus,Tarsus length,10,9,Sleneset,top_m,3,3,3,,3,0.5,65,pc_logistic,1000,183815.09726160156,0.2584680083041536
thr_tarsus,Tarsus length,10,9,Sleneset,top_m,3,3,3,,3,1.0,65,pc_logistic,1000,183815.09726160156,0.2584680083041536
thr_tarsus,Tarsus length,10,9,Sleneset,top_m,3,3,3,,3,1.5,23,pc_logistic,3000,301616.87348250515,0.2628504706125635
thr_tarsus,Tarsus length,10,9,Sleneset,top_m,5,5,5,,5,0.0,166,pc_logistic,3000,149915.27255552894,0.2670724669948123
thr_tarsus,Tarsus length,10,9,Sleneset,top_m,5,5,5,,5,0.5,65,pc_logistic,1000,183815.09726160156,0.2584680083041536
thr_tarsus,Tarsus length,10,9,Sleneset,top_m,5,5,5,,5,1.0,65,pc_logistic,1000,183815.09726160156,0.2584680083041536
thr_tarsus,Tarsus length,10,9,Sleneset,top_m,5,5,5,,5,1.5,65,pc_logistic,1000,183815.09726160156,0.2584680083041536
thr_tarsus,Tarsus length,10,9,Sleneset,top_m,8,8,8,,8,0.0,63,pc_logistic,5000,143726.81365006542,0.24925380487356913
thr_tarsus,Tarsus length,10,9,Sleneset,top_m,8,8,8,,8,0.5,65,pc_logistic,1000,183815.09726160156,0.2584680083041536
thr_tarsus,Tarsus length,10,9,Sleneset,top_m,8,8,8,,8,1.0,91,pc_logistic,5000,172409.3521477121,0.25683090573354284
thr_tarsus,Tarsus length,10,9,Sleneset,top_m,8,8,8,,8,1.5,91,pc_logistic,5000,172409.3521477121,0.25683090573354284
thr_tarsus,Tarsus length,10,9,Sleneset,top_m,10,10,10,,10,0.0,171,pc_logistic,3500,133130.43108780234,0.2511562480857656
thr_tarsus,Tarsus length,10,9,Sleneset,top_m,10,10,10,,10,0.5,181,pc_logistic,3500,129869.7867795688,0.2513265792419084
thr_tarsus,Tarsus length,10,9,Sleneset,top_m,10,10,10,,10,1.0,181,pc_logistic,3500,129869.7867795688,0.2513265792419084
thr_tarsus,Tarsus length,10,9,Sleneset,top_m,10,10,10,,10,1.5,181,pc_logistic,3500,129869.7867795688,0.2513265792419084
thr_tarsus,Tarsus length,10,9,Sleneset,top_m,15,15,15,,14,0.0,194,pc_logistic,3500,130770.71503340216,0.25032812015578776
thr_tarsus,Tarsus length,10,9,Sleneset,top_m,15,15,15,,14,0.5,192,pc_logistic,3500,157994.33844740855,0.25242543640934345
thr_tarsus,Tarsus length,10,9,Sleneset,top_m,15,15,15,,14,1.0,192,pc_logistic,3500,157994.33844740855,0.25242543640934345
thr_tarsus,Tarsus length,10,9,Sleneset,top_m,15,15,15,,14,1.5,192,pc_logistic,3500,157994.33844740855,0.25242543640934345
thr_tarsus,Tarsus length,10,9,Sleneset,grm_threshold,grm>0.0011,-1,grm>0.0011,0.0010731491440366754,7,0.0,65,pc_logistic,1000,183815.09726160156,0.2584680083041536
thr_tarsus,Tarsus length,10,9,Sleneset,grm_threshold,grm>0.0011,-1,grm>0.0011,0.0010731491440366754,7,0.5,65,pc_logistic,1000,183815.09726160156,0.2584680083041536
thr_tarsus,Tarsus length,10,9,Sleneset,grm_threshold,grm>0.0011,-1,grm>0.0011,0.0010731491440366754,7,1.0,65,pc_logistic,1000,183815.09726160156,0.2584680083041536
thr_tarsus,Tarsus length,10,9,Sleneset,grm_threshold,grm>0.0011,-1,grm>0.0011,0.0010731491440366754,7,1.5,65,pc_logistic,1000,183815.09726160156,0.2584680083041536
thr_tarsus,Tarsus length,11,10,Aldra,top_m,3,3,3,,3,0.0,35,uniform,1000,179162.34650298842,0.19635877423016213
thr_tarsus,Tarsus length,11,10,Aldra,top_m,3,3,3,,3,0.5,35,uniform,1000,179162.34650298842,0.19635877423016213
thr_tarsus,Tarsus length,11,10,Aldra,top_m,3,3,3,,3,1.0,139,pc_logistic,5000,262041.59127983736,0.21102549257975958
thr_tarsus,Tarsus length,11,10,Aldra,top_m,3,3,3,,3,1.5,97,pc_logistic,2500,207910.13275755476,0.1890142285769393
thr_tarsus,Tarsus length,11,10,Aldra,top_m,5,5,5,,5,0.0,144,pc_logistic,5000,150449.96735990074,0.21671001910000667
thr_tarsus,Tarsus length,11,10,Aldra,top_m,5,5,5,,5,0.5,144,pc_logistic,5000,150449.96735990074,0.21671001910000667
thr_tarsus,Tarsus length,11,10,Aldra,top_m,5,5,5,,5,1.0,144,pc_logistic,5000,150449.96735990074,0.21671001910000667
thr_tarsus,Tarsus length,11,10,Aldra,top_m,5,5,5,,5,1.5,144,pc_logistic,5000,150449.96735990074,0.21671001910000667
thr_tarsus,Tarsus length,11,10,Aldra,top_m,8,8,8,,8,0.0,103,pc_logistic,3500,132967.74216454185,0.22186014942146542
thr_tarsus,Tarsus length,11,10,Aldra,top_m,8,8,8,,8,0.5,144,pc_logistic,5000,150449.96735990074,0.21671001910000667
thr_tarsus,Tarsus length,11,10,Aldra,top_m,8,8,8,,8,1.0,144,pc_logistic,5000,150449.96735990074,0.21671001910000667
thr_tarsus,Tarsus length,11,10,Aldra,top_m,8,8,8,,8,1.5,144,pc_logistic,5000,150449.96735990074,0.21671001910000667
thr_tarsus,Tarsus length,11,10,Aldra,top_m,10,10,10,,10,0.0,69,pc_logistic,3000,85092.19838136899,0.20733207387519453
thr_tarsus,Tarsus length,11,10,Aldra,top_m,10,10,10,,10,0.5,69,pc_logistic,3000,85092.19838136899,0.20733207387519453
thr_tarsus,Tarsus length,11,10,Aldra,top_m,10,10,10,,10,1.0,144,pc_logistic,5000,150449.96735990074,0.21671001910000667
thr_tarsus,Tarsus length,11,10,Aldra,top_m,10,10,10,,10,1.5,144,pc_logistic,5000,150449.96735990074,0.21671001910000667
thr_tarsus,Tarsus length,11,10,Aldra,top_m,15,15,15,,14,0.0,173,pc_logistic,4000,138225.23676315357,0.2212895422517597
thr_tarsus,Tarsus length,11,10,Aldra,top_m,15,15,15,,14,0.5,122,pc_logistic,4000,176826.35320228295,0.2144819371386351
thr_tarsus,Tarsus length,11,10,Aldra,top_m,15,15,15,,14,1.0,122,pc_logistic,4000,176826.35320228295,0.2144819371386351
thr_tarsus,Tarsus length,11,10,Aldra,top_m,15,15,15,,14,1.5,122,pc_logistic,4000,176826.35320228295,0.2144819371386351
thr_tarsus,Tarsus length,11,10,Aldra,grm_threshold,grm>0.0011,-1,grm>0.0011,0.0010731491440366754,1,0.0,96,pc_logistic,3000,90116.1263509145,0.21152818001444323
thr_tarsus,Tarsus length,11,10,Aldra,grm_threshold,grm>0.0011,-1,grm>0.0011,0.0010731491440366754,1,0.5,96,pc_logistic,3000,90116.1263509145,0.21152818001444323
thr_tarsus,Tarsus length,11,10,Aldra,grm_threshold,grm>0.0011,-1,grm>0.0011,0.0010731491440366754,1,1.0,96,pc_logistic,3000,90116.1263509145,0.21152818001444323
thr_tarsus,Tarsus length,11,10,Aldra,grm_threshold,grm>0.0011,-1,grm>0.0011,0.0010731491440366754,1,1.5,96,pc_logistic,3000,90116.1263509145,0.21152818001444323
thr_tarsus,Tarsus length,12,11,Leka,top_m,3,3,3,,3,0.0,90,pc_logistic,2000,57919.564101445394,0.22966890198733986
thr_tarsus,Tarsus length,12,11,Leka,top_m,3,3,3,,3,0.5,67,pc_logistic,2500,157475.13855282415,0.23916055179554477
thr_tarsus,Tarsus length,12,11,Leka,top_m,3,3,3,,3,1.0,67,pc_logistic,2500,157475.13855282415,0.23916055179554477
thr_tarsus,Tarsus length,12,11,Leka,top_m,3,3,3,,3,1.5,67,pc_logistic,2500,157475.13855282415,0.23916055179554477
thr_tarsus,Tarsus length,12,11,Leka,top_m,5,5,5,,5,0.0,104,pc_logistic,3000,72223.94088801529,0.2269500968302648
thr_tarsus,Tarsus length,12,11,Leka,top_m,5,5,5,,5,0.5,90,pc_logistic,2000,57919.564101445394,0.22966890198733986
thr_tarsus,Tarsus length,12,11,Leka,top_m,5,5,5,,5,1.0,90,pc_logistic,2000,57919.564101445394,0.22966890198733986
thr_tarsus,Tarsus length,12,11,Leka,top_m,5,5,5,,5,1.5,90,pc_logistic,2000,57919.564101445394,0.22966890198733986
thr_tarsus,Tarsus length,12,11,Leka,top_m,8,8,8,,8,0.0,109,pc_logistic,3000,79008.80876839517,0.22898253716454758
thr_tarsus,Tarsus length,12,11,Leka,top_m,8,8,8,,8,0.5,90,pc_logistic,2000,57919.564101445394,0.22966890198733986
thr_tarsus,Tarsus length,12,11,Leka,top_m,8,8,8,,8,1.0,90,pc_logistic,2000,57919.564101445394,0.22966890198733986
thr_tarsus,Tarsus length,12,11,Leka,top_m,8,8,8,,8,1.5,93,pc_logistic,2500,95301.47005123147,0.2304541555760351
thr_tarsus,Tarsus length,12,11,Leka,top_m,10,10,10,,10,0.0,118,pc_logistic,3000,108197.32208212835,0.23438983311189557
thr_tarsus,Tarsus length,12,11,Leka,top_m,10,10,10,,10,0.5,123,pc_logistic,3000,119296.69316379684,0.23563682106422754
thr_tarsus,Tarsus length,12,11,Leka,top_m,10,10,10,,10,1.0,161,pc_logistic,3000,103443.90644836241,0.24749058411758204
thr_tarsus,Tarsus length,12,11,Leka,top_m,10,10,10,,10,1.5,139,pc_logistic,3500,116444.93198392443,0.2508476170082707
thr_tarsus,Tarsus length,12,11,Leka,top_m,15,15,15,,14,0.0,161,pc_logistic,3000,103443.90644836241,0.24749058411758204
thr_tarsus,Tarsus length,12,11,Leka,top_m,15,15,15,,14,0.5,161,pc_logistic,3000,103443.90644836241,0.24749058411758204
thr_tarsus,Tarsus length,12,11,Leka,top_m,15,15,15,,14,1.0,161,pc_logistic,3000,103443.90644836241,0.24749058411758204
thr_tarsus,Tarsus length,12,11,Leka,top_m,15,15,15,,14,1.5,161,pc_logistic,3000,103443.90644836241,0.24749058411758204
thr_tarsus,Tarsus length,12,11,Leka,grm_threshold,grm>0.0011,-1,grm>0.0011,0.0010731491440366754,2,0.0,157,pc_logistic,2500,59118.974165008185,0.19421722076703574
thr_tarsus,Tarsus length,12,11,Leka,grm_threshold,grm>0.0011,-1,grm>0.0011,0.0010731491440366754,2,0.5,67,pc_logistic,2500,157475.13855282415,0.23916055179554477
thr_tarsus,Tarsus length,12,11,Leka,grm_threshold,grm>0.0011,-1,grm>0.0011,0.0010731491440366754,2,1.0,67,pc_logistic,2500,157475.13855282415,0.23916055179554477
thr_tarsus,Tarsus length,12,11,Leka,grm_threshold,grm>0.0011,-1,grm>0.0011,0.0010731491440366754,2,1.5,67,pc_logistic,2500,157475.13855282415,0.23916055179554477
thr_tarsus,Tarsus length,13,12,Vega,top_m,3,3,3,,3,0.0,52,pc_logistic,500,159321.09138733012,0.13686055451036466
thr_tarsus,Tarsus length,13,12,Vega,top_m,3,3,3,,3,0.5,52,pc_logistic,500,159321.09138733012,0.13686055451036466
thr_tarsus,Tarsus length,13,12,Vega,top_m,3,3,3,,3,1.0,52,pc_logistic,500,159321.09138733012,0.13686055451036466
thr_tarsus,Tarsus length,13,12,Vega,top_m,3,3,3,,3,1.5,44,pc_logistic,3500,2474100.35994693,0.16384698854491872
thr_tarsus,Tarsus length,13,12,Vega,top_m,5,5,5,,5,0.0,107,pc_logistic,3000,184084.89084023796,0.17360391622974516
thr_tarsus,Tarsus length,13,12,Vega,top_m,5,5,5,,5,0.5,107,pc_logistic,3000,184084.89084023796,0.17360391622974516
thr_tarsus,Tarsus length,13,12,Vega,top_m,5,5,5,,5,1.0,104,pc_logistic,2000,506895.0762297926,0.18533952484955912
thr_tarsus,Tarsus length,13,12,Vega,top_m,5,5,5,,5,1.5,44,pc_logistic,3500,2474100.35994693,0.16384698854491872
thr_tarsus,Tarsus length,13,12,Vega,top_m,8,8,8,,8,0.0,194,pc_logistic,5000,184679.25256722898,0.150878918138418
thr_tarsus,Tarsus length,13,12,Vega,top_m,8,8,8,,8,0.5,79,pc_logistic,3000,487475.3108086497,0.14965686874087214
thr_tarsus,Tarsus length,13,12,Vega,top_m,8,8,8,,8,1.0,79,pc_logistic,3000,487475.3108086497,0.14965686874087214
thr_tarsus,Tarsus length,13,12,Vega,top_m,8,8,8,,8,1.5,79,pc_logistic,3000,487475.3108086497,0.14965686874087214
thr_tarsus,Tarsus length,13,12,Vega,top_m,10,10,10,,10,0.0,79,pc_logistic,3000,487475.3108086497,0.14965686874087214
thr_tarsus,Tarsus length,13,12,Vega,top_m,10,10,10,,10,0.5,79,pc_logistic,3000,487475.3108086497,0.14965686874087214
thr_tarsus,Tarsus length,13,12,Vega,top_m,10,10,10,,10,1.0,79,pc_logistic,3000,487475.3108086497,0.14965686874087214
thr_tarsus,Tarsus length,13,12,Vega,top_m,10,10,10,,10,1.5,79,pc_logistic,3000,487475.3108086497,0.14965686874087214
thr_tarsus,Tarsus length,13,12,Vega,top_m,15,15,15,,14,0.0,107,pc_logistic,3000,184084.89084023796,0.17360391622974516
thr_tarsus,Tarsus length,13,12,Vega,top_m,15,15,15,,14,0.5,107,pc_logistic,3000,184084.89084023796,0.17360391622974516
thr_tarsus,Tarsus length,13,12,Vega,top_m,15,15,15,,14,1.0,107,pc_logistic,3000,184084.89084023796,0.17360391622974516
thr_tarsus,Tarsus length,13,12,Vega,top_m,15,15,15,,14,1.5,107,pc_logistic,3000,184084.89084023796,0.17360391622974516
thr_tarsus,Tarsus length,13,12,Vega,grm_threshold,grm>0.0011,-1,grm>0.0011,0.0010731491440366754,1,0.0,7,uniform,500,7213019.60957054,0.07790476514325587
thr_tarsus,Tarsus length,13,12,Vega,grm_threshold,grm>0.0011,-1,grm>0.0011,0.0010731491440366754,1,0.5,7,uniform,500,7213019.60957054,0.07790476514325587
thr_tarsus,Tarsus length,13,12,Vega,grm_threshold,grm>0.0011,-1,grm>0.0011,0.0010731491440366754,1,1.0,7,uniform,500,7213019.60957054,0.07790476514325587
thr_tarsus,Tarsus length,13,12,Vega,grm_threshold,grm>0.0011,-1,grm>0.0011,0.0010731491440366754,1,1.5,7,uniform,500,7213019.60957054,0.07790476514325587
thr_tarsus,Tarsus length,14,13,Vikna,top_m,3,3,3,,3,0.0,43,pc_logistic,5000,115003.12390407964,0.16231832398704474
thr_tarsus,Tarsus length,14,13,Vikna,top_m,3,3,3,,3,0.5,43,pc_logistic,5000,115003.12390407964,0.16231832398704474
thr_tarsus,Tarsus length,14,13,Vikna,top_m,3,3,3,,3,1.0,43,pc_logistic,5000,115003.12390407964,0.16231832398704474
thr_tarsus,Tarsus length,14,13,Vikna,top_m,3,3,3,,3,1.5,11,pc_logistic,3500,520567.0232771112,0.15579092706365538
thr_tarsus,Tarsus length,14,13,Vikna,top_m,5,5,5,,5,0.0,39,pc_logistic,5000,88261.19837925935,0.16340109747320028
thr_tarsus,Tarsus length,14,13,Vikna,top_m,5,5,5,,5,0.5,39,pc_logistic,5000,88261.19837925935,0.16340109747320028
thr_tarsus,Tarsus length,14,13,Vikna,top_m,5,5,5,,5,1.0,47,pc_logistic,5000,514167.27550379356,0.17116593437420158
thr_tarsus,Tarsus length,14,13,Vikna,top_m,5,5,5,,5,1.5,106,pc_logistic,3500,282233.5283097535,0.16570148430551077
thr_tarsus,Tarsus length,14,13,Vikna,top_m,8,8,8,,8,0.0,83,pc_logistic,3000,149189.5294151613,0.15740351329692015
thr_tarsus,Tarsus length,14,13,Vikna,top_m,8,8,8,,8,0.5,83,pc_logistic,3000,149189.5294151613,0.15740351329692015
thr_tarsus,Tarsus length,14,13,Vikna,top_m,8,8,8,,8,1.0,199,pc_logistic,3500,198009.34207336215,0.1532421084131275
thr_tarsus,Tarsus length,14,13,Vikna,top_m,8,8,8,,8,1.5,89,pc_logistic,3000,311546.5028104272,0.15709907328653236
thr_tarsus,Tarsus length,14,13,Vikna,top_m,10,10,10,,10,0.0,91,pc_logistic,3000,218910.56452603528,0.14276407861248291
thr_tarsus,Tarsus length,14,13,Vikna,top_m,10,10,10,,10,0.5,91,pc_logistic,3000,218910.56452603528,0.14276407861248291
thr_tarsus,Tarsus length,14,13,Vikna,top_m,10,10,10,,10,1.0,197,pc_logistic,3500,258738.68492891293,0.15303636843567095
thr_tarsus,Tarsus length,14,13,Vikna,top_m,10,10,10,,10,1.5,197,pc_logistic,3500,258738.68492891293,0.15303636843567095
thr_tarsus,Tarsus length,14,13,Vikna,top_m,15,15,15,,14,0.0,179,pc_logistic,3500,138704.6214633782,0.14171647882892463
thr_tarsus,Tarsus length,14,13,Vikna,top_m,15,15,15,,14,0.5,179,pc_logistic,3500,138704.6214633782,0.14171647882892463
thr_tarsus,Tarsus length,14,13,Vikna,top_m,15,15,15,,14,1.0,194,pc_logistic,3500,148959.28593799024,0.1491241248700717
thr_tarsus,Tarsus length,14,13,Vikna,top_m,15,15,15,,14,1.5,194,pc_logistic,3500,148959.28593799024,0.1491241248700717
thr_tarsus,Tarsus length,14,13,Vikna,grm_threshold,grm>0.0011,-1,grm>0.0011,0.0010731491440366754,2,0.0,47,pc_logistic,5000,514167.27550379356,0.17116593437420158
thr_tarsus,Tarsus length,14,13,Vikna,grm_threshold,grm>0.0011,-1,grm>0.0011,0.0010731491440366754,2,0.5,47,pc_logistic,5000,514167.27550379356,0.17116593437420158
thr_tarsus,Tarsus length,14,13,Vikna,grm_threshold,grm>0.0011,-1,grm>0.0011,0.0010731491440366754,2,1.0,47,pc_logistic,5000,514167.27550379356,0.17116593437420158
thr_tarsus,Tarsus length,14,13,Vikna,grm_threshold,grm>0.0011,-1,grm>0.0011,0.0010731491440366754,2,1.5,11,pc_logistic,3500,520567.0232771112,0.15579092706365538
thr_tarsus,Tarsus length,15,14,Lauvøya,top_m,3,3,3,,3,0.0,67,pc_logistic,5000,135287.8668178959,0.18405154436538668
thr_tarsus,Tarsus length,15,14,Lauvøya,top_m,3,3,3,,3,0.5,196,pc_logistic,3500,109475.92088510422,0.1653027117685412
thr_tarsus,Tarsus length,15,14,Lauvøya,top_m,3,3,3,,3,1.0,196,pc_logistic,3500,109475.92088510422,0.1653027117685412
thr_tarsus,Tarsus length,15,14,Lauvøya,top_m,3,3,3,,3,1.5,196,pc_logistic,3500,109475.92088510422,0.1653027117685412
thr_tarsus,Tarsus length,15,14,Lauvøya,top_m,5,5,5,,5,0.0,79,pc_logistic,5000,78067.06727094186,0.16433476002781436
thr_tarsus,Tarsus length,15,14,Lauvøya,top_m,5,5,5,,5,0.5,104,pc_logistic,4500,162230.26873247113,0.16728782492984803
thr_tarsus,Tarsus length,15,14,Lauvøya,top_m,5,5,5,,5,1.0,67,pc_logistic,5000,135287.8668178959,0.18405154436538668
thr_tarsus,Tarsus length,15,14,Lauvøya,top_m,5,5,5,,5,1.5,196,pc_logistic,3500,109475.92088510422,0.1653027117685412
thr_tarsus,Tarsus length,15,14,Lauvøya,top_m,8,8,8,,8,0.0,110,pc_logistic,4000,80498.76364821567,0.15900838840021703
thr_tarsus,Tarsus length,15,14,Lauvøya,top_m,8,8,8,,8,0.5,110,pc_logistic,4000,80498.76364821567,0.15900838840021703
thr_tarsus,Tarsus length,15,14,Lauvøya,top_m,8,8,8,,8,1.0,129,pc_logistic,4000,151486.35816211608,0.16660954690725946
thr_tarsus,Tarsus length,15,14,Lauvøya,top_m,8,8,8,,8,1.5,104,pc_logistic,4500,162230.26873247113,0.16728782492984803
thr_tarsus,Tarsus length,15,14,Lauvøya,top_m,10,10,10,,10,0.0,116,pc_logistic,3000,81835.32508588566,0.15706526618072675
thr_tarsus,Tarsus length,15,14,Lauvøya,top_m,10,10,10,,10,0.5,163,pc_logistic,3500,114377.8258331854,0.16623892336762686
thr_tarsus,Tarsus length,15,14,Lauvøya,top_m,10,10,10,,10,1.0,193,pc_logistic,3500,125641.01361271471,0.1663067498638467
thr_tarsus,Tarsus length,15,14,Lauvøya,top_m,10,10,10,,10,1.5,193,pc_logistic,3500,125641.01361271471,0.1663067498638467
thr_tarsus,Tarsus length,15,14,Lauvøya,top_m,15,15,15,,14,0.0,199,pc_logistic,3500,104147.38870342534,0.16451390063406438
thr_tarsus,Tarsus length,15,14,Lauvøya,top_m,15,15,15,,14,0.5,199,pc_logistic,3500,104147.38870342534,0.16451390063406438
thr_tarsus,Tarsus length,15,14,Lauvøya,top_m,15,15,15,,14,1.0,199,pc_logistic,3500,104147.38870342534,0.16451390063406438
thr_tarsus,Tarsus length,15,14,Lauvøya,top_m,15,15,15,,14,1.5,199,pc_logistic,3500,104147.38870342534,0.16451390063406438
thr_tarsus,Tarsus length,15,14,Lauvøya,grm_threshold,grm>0.0011,-1,grm>0.0011,0.0010731491440366754,2,0.0,65,pc_logistic,5000,128156.3453095403,0.1796976366829349
thr_tarsus,Tarsus length,15,14,Lauvøya,grm_threshold,grm>0.0011,-1,grm>0.0011,0.0010731491440366754,2,0.5,65,pc_logistic,5000,128156.3453095403,0.1796976366829349
thr_tarsus,Tarsus length,15,14,Lauvøya,grm_threshold,grm>0.0011,-1,grm>0.0011,0.0010731491440366754,2,1.0,67,pc_logistic,5000,135287.8668178959,0.18405154436538668
thr_tarsus,Tarsus length,15,14,Lauvøya,grm_threshold,grm>0.0011,-1,grm>0.0011,0.0010731491440366754,2,1.5,68,pc_logistic,5000,280495.33478509553,0.19053064074807993
thr_wing,Wing length,1,0,Nesøy,top_m,3,3,3,,3,0.0,110,pc_logistic,3000,28729.06221953638,0.16958393774788155
thr_wing,Wing length,1,0,Nesøy,top_m,3,3,3,,3,0.5,46,pc_logistic,3000,467237.3868329558,0.17445127323480114
thr_wing,Wing length,1,0,Nesøy,top_m,3,3,3,,3,1.0,46,pc_logistic,3000,467237.3868329558,0.17445127323480114
thr_wing,Wing length,1,0,Nesøy,top_m,3,3,3,,3,1.5,24,pc_logistic,3500,274433.1555873197,0.1860588381235516
thr_wing,Wing length,1,0,Nesøy,top_m,5,5,5,,5,0.0,93,pc_logistic,4000,71492.66765104537,0.187486400739532
thr_wing,Wing length,1,0,Nesøy,top_m,5,5,5,,5,0.5,93,pc_logistic,4000,71492.66765104537,0.187486400739532
thr_wing,Wing length,1,0,Nesøy,top_m,5,5,5,,5,1.0,91,pc_logistic,3500,75944.68832379938,0.18813256890643582
thr_wing,Wing length,1,0,Nesøy,top_m,5,5,5,,5,1.5,126,pc_logistic,2500,140582.31047321318,0.18239953850518684
thr_wing,Wing length,1,0,Nesøy,top_m,8,8,8,,8,0.0,69,pc_logistic,3000,279696.8035489654,0.16986750616137966
thr_wing,Wing length,1,0,Nesøy,top_m,8,8,8,,8,0.5,111,pc_logistic,2500,91472.45339736405,0.18456326396531336
thr_wing,Wing length,1,0,Nesøy,top_m,8,8,8,,8,1.0,111,pc_logistic,2500,91472.45339736405,0.18456326396531336
thr_wing,Wing length,1,0,Nesøy,top_m,8,8,8,,8,1.5,111,pc_logistic,2500,91472.45339736405,0.18456326396531336
thr_wing,Wing length,1,0,Nesøy,top_m,10,10,10,,10,0.0,93,pc_logistic,4000,71492.66765104537,0.187486400739532
thr_wing,Wing length,1,0,Nesøy,top_m,10,10,10,,10,0.5,93,pc_logistic,4000,71492.66765104537,0.187486400739532
thr_wing,Wing length,1,0,Nesøy,top_m,10,10,10,,10,1.0,84,pc_logistic,3000,65441.543011392554,0.1794397506458242
thr_wing,Wing length,1,0,Nesøy,top_m,10,10,10,,10,1.5,84,pc_logistic,3000,65441.543011392554,0.1794397506458242
thr_wing,Wing length,1,0,Nesøy,top_m,15,15,15,,14,0.0,174,pc_logistic,2500,132605.0403386376,0.14316271742534734
thr_wing,Wing length,1,0,Nesøy,top_m,15,15,15,,14,0.5,175,pc_logistic,2500,125590.44140135434,0.14382016188571414
thr_wing,Wing length,1,0,Nesøy,top_m,15,15,15,,14,1.0,175,pc_logistic,2500,125590.44140135434,0.14382016188571414
thr_wing,Wing length,1,0,Nesøy,top_m,15,15,15,,14,1.5,175,pc_logistic,2500,125590.44140135434,0.14382016188571414
thr_wing,Wing length,1,0,Nesøy,grm_threshold,grm>0.0011,-1,grm>0.0011,0.0010731491440366754,9,0.0,111,pc_logistic,2500,91472.45339736405,0.18456326396531336
thr_wing,Wing length,1,0,Nesøy,grm_threshold,grm>0.0011,-1,grm>0.0011,0.0010731491440366754,9,0.5,111,pc_logistic,2500,91472.45339736405,0.18456326396531336
thr_wing,Wing length,1,0,Nesøy,grm_threshold,grm>0.0011,-1,grm>0.0011,0.0010731491440366754,9,1.0,111,pc_logistic,2500,91472.45339736405,0.18456326396531336
thr_wing,Wing length,1,0,Nesøy,grm_threshold,grm>0.0011,-1,grm>0.0011,0.0010731491440366754,9,1.5,17,pc_logistic,4500,40151.01309626119,0.1837032163541022
thr_wing,Wing length,2,1,Myken,top_m,3,3,3,,3,0.0,92,pc_logistic,3000,162370.0051546763,0.23005938792980565
thr_wing,Wing length,2,1,Myken,top_m,3,3,3,,3,0.5,14,pc_logistic,4000,28106.788101195005,0.3231011277634433
thr_wing,Wing length,2,1,Myken,top_m,3,3,3,,3,1.0,134,pc_logistic,2000,77666.61937564351,0.2408329454684259
thr_wing,Wing length,2,1,Myken,top_m,3,3,3,,3,1.5,1,uniform,5000,17335.792577698634,0.2769573295306506
thr_wing,Wing length,2,1,Myken,top_m,5,5,5,,5,0.0,76,pc_logistic,2500,89695.99931065766,0.2511858474194317
thr_wing,Wing length,2,1,Myken,top_m,5,5,5,,5,0.5,135,pc_logistic,2000,49557.45615711445,0.24998813042598114
thr_wing,Wing length,2,1,Myken,top_m,5,5,5,,5,1.0,135,pc_logistic,2000,49557.45615711445,0.24998813042598114
thr_wing,Wing length,2,1,Myken,top_m,5,5,5,,5,1.5,135,pc_logistic,2000,49557.45615711445,0.24998813042598114
thr_wing,Wing length,2,1,Myken,top_m,8,8,8,,8,0.0,92,pc_logistic,3000,162370.0051546763,0.23005938792980565
thr_wing,Wing length,2,1,Myken,top_m,8,8,8,,8,0.5,129,pc_logistic,2000,93545.42581803245,0.2327240330631727
thr_wing,Wing length,2,1,Myken,top_m,8,8,8,,8,1.0,150,pc_logistic,2500,73221.19278754936,0.25712360387504485
thr_wing,Wing length,2,1,Myken,top_m,8,8,8,,8,1.5,150,pc_logistic,2500,73221.19278754936,0.25712360387504485
thr_wing,Wing length,2,1,Myken,top_m,10,10,10,,10,0.0,125,pc_logistic,2000,107761.63348753516,0.22812377012668106
thr_wing,Wing length,2,1,Myken,top_m,10,10,10,,10,0.5,125,pc_logistic,2000,107761.63348753516,0.22812377012668106
thr_wing,Wing length,2,1,Myken,top_m,10,10,10,,10,1.0,125,pc_logistic,2000,107761.63348753516,0.22812377012668106
thr_wing,Wing length,2,1,Myken,top_m,10,10,10,,10,1.5,42,pc_logistic,2000,160337.3029076175,0.21227452994884963
thr_wing,Wing length,2,1,Myken,top_m,15,15,15,,14,0.0,179,pc_logistic,2500,193133.90235587835,0.21596507908842608
thr_wing,Wing length,2,1,Myken,top_m,15,15,15,,14,0.5,179,pc_logistic,2500,193133.90235587835,0.21596507908842608
thr_wing,Wing length,2,1,Myken,top_m,15,15,15,,14,1.0,177,pc_logistic,2500,170278.79950215327,0.2205743394983802
thr_wing,Wing length,2,1,Myken,top_m,15,15,15,,14,1.5,177,pc_logistic,2500,170278.79950215327,0.2205743394983802
thr_wing,Wing length,2,1,Myken,grm_threshold,grm>0.0011,-1,grm>0.0011,0.0010731491440366754,7,0.0,76,pc_logistic,2500,89695.99931065766,0.2511858474194317
thr_wing,Wing length,2,1,Myken,grm_threshold,grm>0.0011,-1,grm>0.0011,0.0010731491440366754,7,0.5,131,pc_logistic,2000,62395.0050635547,0.24375867027655992
thr_wing,Wing length,2,1,Myken,grm_threshold,grm>0.0011,-1,grm>0.0011,0.0010731491440366754,7,1.0,135,pc_logistic,2000,49557.45615711445,0.24998813042598114
thr_wing,Wing length,2,1,Myken,grm_threshold,grm>0.0011,-1,grm>0.0011,0.0010731491440366754,7,1.5,1,uniform,5000,17335.792577698634,0.2769573295306506
thr_wing,Wing length,3,2,Træna,top_m,3,3,3,,3,0.0,14,pc_logistic,4000,28106.788101195005,0.28426727466447754
thr_wing,Wing length,3,2,Træna,top_m,3,3,3,,3,0.5,44,uniform,4000,27340.37629665041,0.26355425400021654
thr_wing,Wing length,3,2,Træna,top_m,3,3,3,,3,1.0,44,uniform,4000,27340.37629665041,0.26355425400021654
thr_wing,Wing length,3,2,Træna,top_m,3,3,3,,3,1.5,44,uniform,4000,27340.37629665041,0.26355425400021654
thr_wing,Wing length,3,2,Træna,top_m,5,5,5,,5,0.0,34,uniform,4500,10394.854874962803,0.2773699313812926
thr_wing,Wing length,3,2,Træna,top_m,5,5,5,,5,0.5,34,uniform,4500,10394.854874962803,0.2773699313812926
thr_wing,Wing length,3,2,Træna,top_m,5,5,5,,5,1.0,34,uniform,4500,10394.854874962803,0.2773699313812926
thr_wing,Wing length,3,2,Træna,top_m,5,5,5,,5,1.5,1,uniform,5000,17335.792577698634,0.26600583727078286
thr_wing,Wing length,3,2,Træna,top_m,8,8,8,,8,0.0,121,pc_logistic,2000,262537.03361827903,0.26835027856167903
thr_wing,Wing length,3,2,Træna,top_m,8,8,8,,8,0.5,121,pc_logistic,2000,262537.03361827903,0.26835027856167903
thr_wing,Wing length,3,2,Træna,top_m,8,8,8,,8,1.0,22,uniform,4500,37433.99740929916,0.2668474447565432
thr_wing,Wing length,3,2,Træna,top_m,8,8,8,,8,1.5,22,uniform,4500,37433.99740929916,0.2668474447565432
thr_wing,Wing length,3,2,Træna,top_m,10,10,10,,10,0.0,121,pc_logistic,2000,262537.03361827903,0.26835027856167903
thr_wing,Wing length,3,2,Træna,top_m,10,10,10,,10,0.5,114,pc_logistic,2500,146544.91060530941,0.27530970386999315
thr_wing,Wing length,3,2,Træna,top_m,10,10,10,,10,1.0,114,pc_logistic,2500,146544.91060530941,0.27530970386999315
thr_wing,Wing length,3,2,Træna,top_m,10,10,10,,10,1.5,22,uniform,4500,37433.99740929916,0.2668474447565432
thr_wing,Wing length,3,2,Træna,top_m,15,15,15,,14,0.0,121,pc_logistic,2000,262537.03361827903,0.26835027856167903
thr_wing,Wing length,3,2,Træna,top_m,15,15,15,,14,0.5,181,pc_logistic,2000,450581.5730131407,0.2845436470759791
thr_wing,Wing length,3,2,Træna,top_m,15,15,15,,14,1.0,114,pc_logistic,2500,146544.91060530941,0.27530970386999315
thr_wing,Wing length,3,2,Træna,top_m,15,15,15,,14,1.5,118,pc_logistic,2500,109413.51846511195,0.2849095208854128
thr_wing,Wing length,3,2,Træna,grm_threshold,grm>0.0011,-1,grm>0.0011,0.0010731491440366754,7,0.0,121,pc_logistic,2000,262537.03361827903,0.26835027856167903
thr_wing,Wing length,3,2,Træna,grm_threshold,grm>0.0011,-1,grm>0.0011,0.0010731491440366754,7,0.5,121,pc_logistic,2000,262537.03361827903,0.26835027856167903
thr_wing,Wing length,3,2,Træna,grm_threshold,grm>0.0011,-1,grm>0.0011,0.0010731491440366754,7,1.0,22,uniform,4500,37433.99740929916,0.2668474447565432
thr_wing,Wing length,3,2,Træna,grm_threshold,grm>0.0011,-1,grm>0.0011,0.0010731491440366754,7,1.5,22,uniform,4500,37433.99740929916,0.2668474447565432
thr_wing,Wing length,4,3,Selvær,top_m,3,3,3,,3,0.0,13,uniform,4500,19132.13627882653,0.35333227686530316
thr_wing,Wing length,4,3,Selvær,top_m,3,3,3,,3,0.5,13,uniform,4500,19132.13627882653,0.35333227686530316
thr_wing,Wing length,4,3,Selvær,top_m,3,3,3,,3,1.0,13,uniform,4500,19132.13627882653,0.35333227686530316
thr_wing,Wing length,4,3,Selvær,top_m,3,3,3,,3,1.5,13,uniform,4500,19132.13627882653,0.35333227686530316
thr_wing,Wing length,4,3,Selvær,top_m,5,5,5,,5,0.0,13,uniform,4500,19132.13627882653,0.35333227686530316
thr_wing,Wing length,4,3,Selvær,top_m,5,5,5,,5,0.5,13,uniform,4500,19132.13627882653,0.35333227686530316
thr_wing,Wing length,4,3,Selvær,top_m,5,5,5,,5,1.0,13,uniform,4500,19132.13627882653,0.35333227686530316
thr_wing,Wing length,4,3,Selvær,top_m,5,5,5,,5,1.5,13,uniform,4500,19132.13627882653,0.35333227686530316
thr_wing,Wing length,4,3,Selvær,top_m,8,8,8,,8,0.0,98,pc_logistic,4500,87698.58369058275,0.3872366677188557
thr_wing,Wing length,4,3,Selvær,top_m,8,8,8,,8,0.5,78,pc_logistic,4500,39870.27985496212,0.3836816645221639
thr_wing,Wing length,4,3,Selvær,top_m,8,8,8,,8,1.0,78,pc_logistic,4500,39870.27985496212,0.3836816645221639
thr_wing,Wing length,4,3,Selvær,top_m,8,8,8,,8,1.5,13,uniform,4500,19132.13627882653,0.35333227686530316
thr_wing,Wing length,4,3,Selvær,top_m,10,10,10,,10,0.0,163,pc_logistic,4500,63692.13194723367,0.3881134390559395
thr_wing,Wing length,4,3,Selvær,top_m,10,10,10,,10,0.5,147,pc_logistic,4500,54524.11141183028,0.3875699463977991
thr_wing,Wing length,4,3,Selvær,top_m,10,10,10,,10,1.0,78,pc_logistic,4500,39870.27985496212,0.3836816645221639
thr_wing,Wing length,4,3,Selvær,top_m,10,10,10,,10,1.5,153,pc_logistic,4500,35157.926887406706,0.38347592492363336
thr_wing,Wing length,4,3,Selvær,top_m,15,15,15,,14,0.0,189,pc_logistic,2000,145956.58054123583,0.3682315584157081
thr_wing,Wing length,4,3,Selvær,top_m,15,15,15,,14,0.5,189,pc_logistic,2000,145956.58054123583,0.3682315584157081
thr_wing,Wing length,4,3,Selvær,top_m,15,15,15,,14,1.0,189,pc_logistic,2000,145956.58054123583,0.3682315584157081
thr_wing,Wing length,4,3,Selvær,top_m,15,15,15,,14,1.5,164,pc_logistic,4500,45374.92636430329,0.3861504933580703
thr_wing,Wing length,4,3,Selvær,grm_threshold,grm>0.0011,-1,grm>0.0011,0.0010731491440366754,6,0.0,78,pc_logistic,4500,39870.27985496212,0.3836816645221639
thr_wing,Wing length,4,3,Selvær,grm_threshold,grm>0.0011,-1,grm>0.0011,0.0010731491440366754,6,0.5,13,uniform,4500,19132.13627882653,0.35333227686530316
thr_wing,Wing length,4,3,Selvær,grm_threshold,grm>0.0011,-1,grm>0.0011,0.0010731491440366754,6,1.0,13,uniform,4500,19132.13627882653,0.35333227686530316
thr_wing,Wing length,4,3,Selvær,grm_threshold,grm>0.0011,-1,grm>0.0011,0.0010731491440366754,6,1.5,13,uniform,4500,19132.13627882653,0.35333227686530316
thr_wing,Wing length,5,4,Gjerøy,top_m,3,3,3,,3,0.0,188,pc_logistic,4500,105419.12319870472,0.0909156884553398
thr_wing,Wing length,5,4,Gjerøy,top_m,3,3,3,,3,0.5,188,pc_logistic,4500,105419.12319870472,0.0909156884553398
thr_wing,Wing length,5,4,Gjerøy,top_m,3,3,3,,3,1.0,89,pc_logistic,5000,72112.74132591467,0.03704881976402264
thr_wing,Wing length,5,4,Gjerøy,top_m,3,3,3,,3,1.5,119,pc_logistic,4000,27866.85552771882,0.02633240037385381
thr_wing,Wing length,5,4,Gjerøy,top_m,5,5,5,,5,0.0,188,pc_logistic,4500,105419.12319870472,0.0909156884553398
thr_wing,Wing length,5,4,Gjerøy,top_m,5,5,5,,5,0.5,188,pc_logistic,4500,105419.12319870472,0.0909156884553398
thr_wing,Wing length,5,4,Gjerøy,top_m,5,5,5,,5,1.0,188,pc_logistic,4500,105419.12319870472,0.0909156884553398
thr_wing,Wing length,5,4,Gjerøy,top_m,5,5,5,,5,1.5,180,pc_logistic,4500,51576.57902936911,0.07507118617419374
thr_wing,Wing length,5,4,Gjerøy,top_m,8,8,8,,8,0.0,182,pc_logistic,4500,74013.09648636126,0.08235997468995943
thr_wing,Wing length,5,4,Gjerøy,top_m,8,8,8,,8,0.5,184,pc_logistic,4500,52548.47759594235,0.07342616951465834
thr_wing,Wing length,5,4,Gjerøy,top_m,8,8,8,,8,1.0,180,pc_logistic,4500,51576.57902936911,0.07507118617419374
thr_wing,Wing length,5,4,Gjerøy,top_m,8,8,8,,8,1.5,180,pc_logistic,4500,51576.57902936911,0.07507118617419374
thr_wing,Wing length,5,4,Gjerøy,top_m,10,10,10,,10,0.0,180,pc_logistic,4500,51576.57902936911,0.07507118617419374
thr_wing,Wing length,5,4,Gjerøy,top_m,10,10,10,,10,0.5,95,pc_logistic,4500,34065.15337275303,0.06533061550723272
thr_wing,Wing length,5,4,Gjerøy,top_m,10,10,10,,10,1.0,150,pc_logistic,4500,22219.06625804588,0.06341102876756907
thr_wing,Wing length,5,4,Gjerøy,top_m,10,10,10,,10,1.5,150,pc_logistic,4500,22219.06625804588,0.06341102876756907
thr_wing,Wing length,5,4,Gjerøy,top_m,15,15,15,,14,0.0,180,pc_logistic,4500,51576.57902936911,0.07507118617419374
thr_wing,Wing length,5,4,Gjerøy,top_m,15,15,15,,14,0.5,165,pc_logistic,4500,39071.04107007162,0.06935752196042813
thr_wing,Wing length,5,4,Gjerøy,top_m,15,15,15,,14,1.0,122,pc_logistic,4500,33839.12413795049,0.06688593819397248
thr_wing,Wing length,5,4,Gjerøy,top_m,15,15,15,,14,1.5,122,pc_logistic,4500,33839.12413795049,0.06688593819397248
thr_wing,Wing length,5,4,Gjerøy,grm_threshold,grm>0.0011,-1,grm>0.0011,0.0010731491440366754,4,0.0,188,pc_logistic,4500,105419.12319870472,0.0909156884553398
thr_wing,Wing length,5,4,Gjerøy,grm_threshold,grm>0.0011,-1,grm>0.0011,0.0010731491440366754,4,0.5,188,pc_logistic,4500,105419.12319870472,0.0909156884553398
thr_wing,Wing length,5,4,Gjerøy,grm_threshold,grm>0.0011,-1,grm>0.0011,0.0010731491440366754,4,1.0,150,pc_logistic,4500,22219.06625804588,0.06341102876756907
thr_wing,Wing length,5,4,Gjerøy,grm_threshold,grm>0.0011,-1,grm>0.0011,0.0010731491440366754,4,1.5,108,pc_logistic,4500,14448.343702570182,0.057114657083848705
thr_wing,Wing length,6,5,Hestmannøy,top_m,3,3,3,,3,0.0,108,pc_logistic,5000,3891707.9198658173,0.14609312241521366
thr_wing,Wing length,6,5,Hestmannøy,top_m,3,3,3,,3,0.5,108,pc_logistic,5000,3891707.9198658173,0.14609312241521366
thr_wing,Wing length,6,5,Hestmannøy,top_m,3,3,3,,3,1.0,108,pc_logistic,5000,3891707.9198658173,0.14609312241521366
thr_wing,Wing length,6,5,Hestmannøy,top_m,3,3,3,,3,1.5,108,pc_logistic,5000,3891707.9198658173,0.14609312241521366
thr_wing,Wing length,6,5,Hestmannøy,top_m,5,5,5,,5,0.0,166,pc_logistic,4000,201329.4806789461,0.1562414124863086
thr_wing,Wing length,6,5,Hestmannøy,top_m,5,5,5,,5,0.5,58,pc_logistic,3000,155449.52549558855,0.16085988591039324
thr_wing,Wing length,6,5,Hestmannøy,top_m,5,5,5,,5,1.0,58,pc_logistic,3000,155449.52549558855,0.16085988591039324
thr_wing,Wing length,6,5,Hestmannøy,top_m,5,5,5,,5,1.5,58,pc_logistic,3000,155449.52549558855,0.16085988591039324
thr_wing,Wing length,6,5,Hestmannøy,top_m,8,8,8,,8,0.0,157,pc_logistic,4000,178649.90263116147,0.15706352565895987
thr_wing,Wing length,6,5,Hestmannøy,top_m,8,8,8,,8,0.5,157,pc_logistic,4000,178649.90263116147,0.15706352565895987
thr_wing,Wing length,6,5,Hestmannøy,top_m,8,8,8,,8,1.0,125,pc_logistic,4500,140239.9796105643,0.1589904579705345
thr_wing,Wing length,6,5,Hestmannøy,top_m,8,8,8,,8,1.5,166,pc_logistic,4000,201329.4806789461,0.1562414124863086
thr_wing,Wing length,6,5,Hestmannøy,top_m,10,10,10,,10,0.0,176,pc_logistic,4000,86240.50379866756,0.1603393924338951
thr_wing,Wing length,6,5,Hestmannøy,top_m,10,10,10,,10,0.5,117,pc_logistic,4500,61105.003733643825,0.16071874594118
thr_wing,Wing length,6,5,Hestmannøy,top_m,10,10,10,,10,1.0,117,pc_logistic,4500,61105.003733643825,0.16071874594118
thr_wing,Wing length,6,5,Hestmannøy,top_m,10,10,10,,10,1.5,118,pc_logistic,4500,65055.37234986639,0.16149843007692544
thr_wing,Wing length,6,5,Hestmannøy,top_m,15,15,15,,14,0.0,177,pc_logistic,4000,90926.54006523995,0.16053270542739362
thr_wing,Wing length,6,5,Hestmannøy,top_m,15,15,15,,14,0.5,177,pc_logistic,4000,90926.54006523995,0.16053270542739362
thr_wing,Wing length,6,5,Hestmannøy,top_m,15,15,15,,14,1.0,179,pc_logistic,3500,92377.41910484574,0.16141678816434382
thr_wing,Wing length,6,5,Hestmannøy,top_m,15,15,15,,14,1.5,179,pc_logistic,3500,92377.41910484574,0.16141678816434382
thr_wing,Wing length,6,5,Hestmannøy,grm_threshold,grm>0.0011,-1,grm>0.0011,0.0010731491440366754,5,0.0,166,pc_logistic,4000,201329.4806789461,0.1562414124863086
thr_wing,Wing length,6,5,Hestmannøy,grm_threshold,grm>0.0011,-1,grm>0.0011,0.0010731491440366754,5,0.5,58,pc_logistic,3000,155449.52549558855,0.16085988591039324
thr_wing,Wing length,6,5,Hestmannøy,grm_threshold,grm>0.0011,-1,grm>0.0011,0.0010731491440366754,5,1.0,58,pc_logistic,3000,155449.52549558855,0.16085988591039324
thr_wing,Wing length,6,5,Hestmannøy,grm_threshold,grm>0.0011,-1,grm>0.0011,0.0010731491440366754,5,1.5,58,pc_logistic,3000,155449.52549558855,0.16085988591039324
thr_wing,Wing length,7,6,Indre Kvarøy,top_m,3,3,3,,3,0.0,35,pc_logistic,5000,209682.14078366646,0.4040984075589343
thr_wing,Wing length,7,6,Indre Kvarøy,top_m,3,3,3,,3,0.5,35,pc_logistic,5000,209682.14078366646,0.4040984075589343
thr_wing,Wing length,7,6,Indre Kvarøy,top_m,3,3,3,,3,1.0,158,pc_logistic,5000,131438.2284115899,0.392862450827897
thr_wing,Wing length,7,6,Indre Kvarøy,top_m,3,3,3,,3,1.5,69,pc_logistic,3500,6739.6753862768455,0.2261578415530118
thr_wing,Wing length,7,6,Indre Kvarøy,top_m,5,5,5,,5,0.0,111,pc_logistic,4500,39428.69869627394,0.3442000151976527
thr_wing,Wing length,7,6,Indre Kvarøy,top_m,5,5,5,,5,0.5,101,pc_logistic,4500,28362.847009195775,0.3261981101609653
thr_wing,Wing length,7,6,Indre Kvarøy,top_m,5,5,5,,5,1.0,101,pc_logistic,4500,28362.847009195775,0.3261981101609653
thr_wing,Wing length,7,6,Indre Kvarøy,top_m,5,5,5,,5,1.5,109,pc_logistic,4500,17261.734616235408,0.2988030444387991
thr_wing,Wing length,7,6,Indre Kvarøy,top_m,8,8,8,,8,0.0,101,pc_logistic,4500,28362.847009195775,0.3261981101609653
thr_wing,Wing length,7,6,Indre Kvarøy,top_m,8,8,8,,8,0.5,101,pc_logistic,4500,28362.847009195775,0.3261981101609653
thr_wing,Wing length,7,6,Indre Kvarøy,top_m,8,8,8,,8,1.0,101,pc_logistic,4500,28362.847009195775,0.3261981101609653
thr_wing,Wing length,7,6,Indre Kvarøy,top_m,8,8,8,,8,1.5,101,pc_logistic,4500,28362.847009195775,0.3261981101609653
thr_wing,Wing length,7,6,Indre Kvarøy,top_m,10,10,10,,10,0.0,82,pc_logistic,4000,47055.21314248927,0.34515145900003824
thr_wing,Wing length,7,6,Indre Kvarøy,top_m,10,10,10,,10,0.5,101,pc_logistic,4500,28362.847009195775,0.3261981101609653
thr_wing,Wing length,7,6,Indre Kvarøy,top_m,10,10,10,,10,1.0,101,pc_logistic,4500,28362.847009195775,0.3261981101609653
thr_wing,Wing length,7,6,Indre Kvarøy,top_m,10,10,10,,10,1.5,101,pc_logistic,4500,28362.847009195775,0.3261981101609653
thr_wing,Wing length,7,6,Indre Kvarøy,top_m,15,15,15,,14,0.0,172,pc_logistic,5000,54377.510101707274,0.36284127307171626
thr_wing,Wing length,7,6,Indre Kvarøy,top_m,15,15,15,,14,0.5,172,pc_logistic,5000,54377.510101707274,0.36284127307171626
thr_wing,Wing length,7,6,Indre Kvarøy,top_m,15,15,15,,14,1.0,111,pc_logistic,4500,39428.69869627394,0.3442000151976527
thr_wing,Wing length,7,6,Indre Kvarøy,top_m,15,15,15,,14,1.5,124,pc_logistic,5000,40359.52990420179,0.3508509048495309
thr_wing,Wing length,7,6,Indre Kvarøy,grm_threshold,grm>0.0011,-1,grm>0.0011,0.0010731491440366754,7,0.0,111,pc_logistic,4500,39428.69869627394,0.3442000151976527
thr_wing,Wing length,7,6,Indre Kvarøy,grm_threshold,grm>0.0011,-1,grm>0.0011,0.0010731491440366754,7,0.5,111,pc_logistic,4500,39428.69869627394,0.3442000151976527
thr_wing,Wing length,7,6,Indre Kvarøy,grm_threshold,grm>0.0011,-1,grm>0.0011,0.0010731491440366754,7,1.0,101,pc_logistic,4500,28362.847009195775,0.3261981101609653
thr_wing,Wing length,7,6,Indre Kvarøy,grm_threshold,grm>0.0011,-1,grm>0.0011,0.0010731491440366754,7,1.5,101,pc_logistic,4500,28362.847009195775,0.3261981101609653
thr_wing,Wing length,8,7,Onøy og Lurøy,top_m,3,3,3,,3,0.0,87,pc_logistic,2000,67179.8765146068,0.38715355096065307
thr_wing,Wing length,8,7,Onøy og Lurøy,top_m,3,3,3,,3,0.5,59,pc_logistic,2000,48631.441833433724,0.3802382045336056
thr_wing,Wing length,8,7,Onøy og Lurøy,top_m,3,3,3,,3,1.0,77,pc_logistic,1500,52592.637569766164,0.3840599334413388
thr_wing,Wing length,8,7,Onøy og Lurøy,top_m,3,3,3,,3,1.5,77,pc_logistic,1500,52592.637569766164,0.3840599334413388
thr_wing,Wing length,8,7,Onøy og Lurøy,top_m,5,5,5,,5,0.0,74,pc_logistic,2000,132487.72800998075,0.4035801364827935
thr_wing,Wing length,8,7,Onøy og Lurøy,top_m,5,5,5,,5,0.5,90,pc_logistic,2000,58380.514478819394,0.38907018141070776
thr_wing,Wing length,8,7,Onøy og Lurøy,top_m,5,5,5,,5,1.0,27,uniform,4500,28009.369880207825,0.3750229128203007
thr_wing,Wing length,8,7,Onøy og Lurøy,top_m,5,5,5,,5,1.5,27,uniform,4500,28009.369880207825,0.3750229128203007
thr_wing,Wing length,8,7,Onøy og Lurøy,top_m,8,8,8,,8,0.0,161,pc_logistic,4000,52144.720281688846,0.3950800923414097
thr_wing,Wing length,8,7,Onøy og Lurøy,top_m,8,8,8,,8,0.5,161,pc_logistic,4000,52144.720281688846,0.3950800923414097
thr_wing,Wing length,8,7,Onøy og Lurøy,top_m,8,8,8,,8,1.0,27,uniform,4500,28009.369880207825,0.3750229128203007
thr_wing,Wing length,8,7,Onøy og Lurøy,top_m,8,8,8,,8,1.5,27,uniform,4500,28009.369880207825,0.3750229128203007
thr_wing,Wing length,8,7,Onøy og Lurøy,top_m,10,10,10,,10,0.0,179,pc_logistic,4500,42371.92962805626,0.39075557172531117
thr_wing,Wing length,8,7,Onøy og Lurøy,top_m,10,10,10,,10,0.5,166,pc_logistic,4000,41265.92493542082,0.3745448625682323
thr_wing,Wing length,8,7,Onøy og Lurøy,top_m,10,10,10,,10,1.0,27,uniform,4500,28009.369880207825,0.3750229128203007
thr_wing,Wing length,8,7,Onøy og Lurøy,top_m,10,10,10,,10,1.5,27,uniform,4500,28009.369880207825,0.3750229128203007
thr_wing,Wing length,8,7,Onøy og Lurøy,top_m,15,15,15,,14,0.0,191,pc_logistic,4500,126152.13081544235,0.3884567300513308
thr_wing,Wing length,8,7,Onøy og Lurøy,top_m,15,15,15,,14,0.5,166,pc_logistic,4000,41265.92493542082,0.3745448625682323
thr_wing,Wing length,8,7,Onøy og Lurøy,top_m,15,15,15,,14,1.0,166,pc_logistic,4000,41265.92493542082,0.3745448625682323
thr_wing,Wing length,8,7,Onøy og Lurøy,top_m,15,15,15,,14,1.5,166,pc_logistic,4000,41265.92493542082,0.3745448625682323
thr_wing,Wing length,8,7,Onøy og Lurøy,grm_threshold,grm>0.0011,-1,grm>0.0011,0.0010731491440366754,9,0.0,161,pc_logistic,4000,52144.720281688846,0.3950800923414097
thr_wing,Wing length,8,7,Onøy og Lurøy,grm_threshold,grm>0.0011,-1,grm>0.0011,0.0010731491440366754,9,0.5,161,pc_logistic,4000,52144.720281688846,0.3950800923414097
thr_wing,Wing length,8,7,Onøy og Lurøy,grm_threshold,grm>0.0011,-1,grm>0.0011,0.0010731491440366754,9,1.0,166,pc_logistic,4000,41265.92493542082,0.3745448625682323
thr_wing,Wing length,8,7,Onøy og Lurøy,grm_threshold,grm>0.0011,-1,grm>0.0011,0.0010731491440366754,9,1.5,28,uniform,4500,23166.942313430452,0.36747617098009355
thr_wing,Wing length,9,8,Lovund,top_m,3,3,3,,3,0.0,165,pc_logistic,4000,66374.50440690776,0.16787962301367756
thr_wing,Wing length,9,8,Lovund,top_m,3,3,3,,3,0.5,140,pc_logistic,4500,22270.814945134473,0.18174707334334017
thr_wing,Wing length,9,8,Lovund,top_m,3,3,3,,3,1.0,12,pc_logistic,5000,17908.108469185627,0.16408050880124053
thr_wing,Wing length,9,8,Lovund,top_m,3,3,3,,3,1.5,16,pc_logistic,3500,5614.830302584853,0.14513377912016456
thr_wing,Wing length,9,8,Lovund,top_m,5,5,5,,5,0.0,121,pc_logistic,4000,33350.971572689574,0.17958206957997008
thr_wing,Wing length,9,8,Lovund,top_m,5,5,5,,5,0.5,125,pc_logistic,4000,28117.597873265666,0.18139983440178756
thr_wing,Wing length,9,8,Lovund,top_m,5,5,5,,5,1.0,126,pc_logistic,4500,22724.546047797798,0.1840022710019707
thr_wing,Wing length,9,8,Lovund,top_m,5,5,5,,5,1.5,126,pc_logistic,4500,22724.546047797798,0.1840022710019707
thr_wing,Wing length,9,8,Lovund,top_m,8,8,8,,8,0.0,127,pc_logistic,4500,44647.17491548028,0.17629657944758084
thr_wing,Wing length,9,8,Lovund,top_m,8,8,8,,8,0.5,127,pc_logistic,4500,44647.17491548028,0.17629657944758084
thr_wing,Wing length,9,8,Lovund,top_m,8,8,8,,8,1.0,127,pc_logistic,4500,44647.17491548028,0.17629657944758084
thr_wing,Wing length,9,8,Lovund,top_m,8,8,8,,8,1.5,140,pc_logistic,4500,22270.814945134473,0.18174707334334017
thr_wing,Wing length,9,8,Lovund,top_m,10,10,10,,10,0.0,155,pc_logistic,4500,63396.253817943085,0.175056179180055
thr_wing,Wing length,9,8,Lovund,top_m,10,10,10,,10,0.5,168,pc_logistic,4500,42262.330693413634,0.1784398467803869
thr_wing,Wing length,9,8,Lovund,top_m,10,10,10,,10,1.0,168,pc_logistic,4500,42262.330693413634,0.1784398467803869
thr_wing,Wing length,9,8,Lovund,top_m,10,10,10,,10,1.5,168,pc_logistic,4500,42262.330693413634,0.1784398467803869
thr_wing,Wing length,9,8,Lovund,top_m,15,15,15,,14,0.0,143,pc_logistic,4000,61475.31570019526,0.17618014428920253
thr_wing,Wing length,9,8,Lovund,top_m,15,15,15,,14,0.5,162,pc_logistic,3500,63907.1123773326,0.16235656431817877
thr_wing,Wing length,9,8,Lovund,top_m,15,15,15,,14,1.0,162,pc_logistic,3500,63907.1123773326,0.16235656431817877
thr_wing,Wing length,9,8,Lovund,top_m,15,15,15,,14,1.5,62,pc_logistic,2500,103400.06853830554,0.1825520794221858
thr_wing,Wing length,9,8,Lovund,grm_threshold,grm>0.0011,-1,grm>0.0011,0.0010731491440366754,7,0.0,127,pc_logistic,4500,44647.17491548028,0.17629657944758084
thr_wing,Wing length,9,8,Lovund,grm_threshold,grm>0.0011,-1,grm>0.0011,0.0010731491440366754,7,0.5,127,pc_logistic,4500,44647.17491548028,0.17629657944758084
thr_wing,Wing length,9,8,Lovund,grm_threshold,grm>0.0011,-1,grm>0.0011,0.0010731491440366754,7,1.0,127,pc_logistic,4500,44647.17491548028,0.17629657944758084
thr_wing,Wing length,9,8,Lovund,grm_threshold,grm>0.0011,-1,grm>0.0011,0.0010731491440366754,7,1.5,140,pc_logistic,4500,22270.814945134473,0.18174707334334017
thr_wing,Wing length,10,9,Sleneset,top_m,3,3,3,,3,0.0,120,pc_logistic,1000,104089.99603868985,0.15679074209178667
thr_wing,Wing length,10,9,Sleneset,top_m,3,3,3,,3,0.5,120,pc_logistic,1000,104089.99603868985,0.15679074209178667
thr_wing,Wing length,10,9,Sleneset,top_m,3,3,3,,3,1.0,120,pc_logistic,1000,104089.99603868985,0.15679074209178667
thr_wing,Wing length,10,9,Sleneset,top_m,3,3,3,,3,1.5,120,pc_logistic,1000,104089.99603868985,0.15679074209178667
thr_wing,Wing length,10,9,Sleneset,top_m,5,5,5,,5,0.0,118,pc_logistic,4500,59356.300477844285,0.2089246719536043
thr_wing,Wing length,10,9,Sleneset,top_m,5,5,5,,5,0.5,118,pc_logistic,4500,59356.300477844285,0.2089246719536043
thr_wing,Wing length,10,9,Sleneset,top_m,5,5,5,,5,1.0,130,pc_logistic,4000,30370.712090730758,0.23169108241247094
thr_wing,Wing length,10,9,Sleneset,top_m,5,5,5,,5,1.5,130,pc_logistic,4000,30370.712090730758,0.23169108241247094
thr_wing,Wing length,10,9,Sleneset,top_m,8,8,8,,8,0.0,194,pc_logistic,4000,90425.17757070305,0.19202646778240876
thr_wing,Wing length,10,9,Sleneset,top_m,8,8,8,,8,0.5,122,pc_logistic,4500,70601.61482884425,0.20331230141055606
thr_wing,Wing length,10,9,Sleneset,top_m,8,8,8,,8,1.0,122,pc_logistic,4500,70601.61482884425,0.20331230141055606
thr_wing,Wing length,10,9,Sleneset,top_m,8,8,8,,8,1.5,122,pc_logistic,4500,70601.61482884425,0.20331230141055606
thr_wing,Wing length,10,9,Sleneset,top_m,10,10,10,,10,0.0,121,pc_logistic,4500,117360.36473045319,0.18126091663358818
thr_wing,Wing length,10,9,Sleneset,top_m,10,10,10,,10,0.5,124,pc_logistic,4500,82495.92653339922,0.19683632289022404
thr_wing,Wing length,10,9,Sleneset,top_m,10,10,10,,10,1.0,124,pc_logistic,4500,82495.92653339922,0.19683632289022404
thr_wing,Wing length,10,9,Sleneset,top_m,10,10,10,,10,1.5,122,pc_logistic,4500,70601.61482884425,0.20331230141055606
thr_wing,Wing length,10,9,Sleneset,top_m,15,15,15,,14,0.0,197,pc_logistic,4000,91122.30798688778,0.17919503284410623
thr_wing,Wing length,10,9,Sleneset,top_m,15,15,15,,14,0.5,197,pc_logistic,4000,91122.30798688778,0.17919503284410623
thr_wing,Wing length,10,9,Sleneset,top_m,15,15,15,,14,1.0,196,pc_logistic,4000,101365.17093153598,0.17608365062734124
thr_wing,Wing length,10,9,Sleneset,top_m,15,15,15,,14,1.5,196,pc_logistic,4000,101365.17093153598,0.17608365062734124
thr_wing,Wing length,10,9,Sleneset,grm_threshold,grm>0.0011,-1,grm>0.0011,0.0010731491440366754,7,0.0,184,pc_logistic,4000,135952.10937316975,0.17510864074151938
thr_wing,Wing length,10,9,Sleneset,grm_threshold,grm>0.0011,-1,grm>0.0011,0.0010731491440366754,7,0.5,122,pc_logistic,4500,70601.61482884425,0.20331230141055606
thr_wing,Wing length,10,9,Sleneset,grm_threshold,grm>0.0011,-1,grm>0.0011,0.0010731491440366754,7,1.0,122,pc_logistic,4500,70601.61482884425,0.20331230141055606
thr_wing,Wing length,10,9,Sleneset,grm_threshold,grm>0.0011,-1,grm>0.0011,0.0010731491440366754,7,1.5,122,pc_logistic,4500,70601.61482884425,0.20331230141055606
thr_wing,Wing length,11,10,Aldra,top_m,3,3,3,,3,0.0,45,pc_logistic,2000,496654.5386523921,0.15067751219843176
thr_wing,Wing length,11,10,Aldra,top_m,3,3,3,,3,0.5,48,pc_logistic,2000,815344.6702809947,0.14639937340513207
thr_wing,Wing length,11,10,Aldra,top_m,3,3,3,,3,1.0,20,uniform,2500,2302261.4439267134,0.13156215937457683
thr_wing,Wing length,11,10,Aldra,top_m,3,3,3,,3,1.5,20,uniform,2500,2302261.4439267134,0.13156215937457683
thr_wing,Wing length,11,10,Aldra,top_m,5,5,5,,5,0.0,128,pc_logistic,4000,595704.5966490433,0.14806745735712154
thr_wing,Wing length,11,10,Aldra,top_m,5,5,5,,5,0.5,128,pc_logistic,4000,595704.5966490433,0.14806745735712154
thr_wing,Wing length,11,10,Aldra,top_m,5,5,5,,5,1.0,128,pc_logistic,4000,595704.5966490433,0.14806745735712154
thr_wing,Wing length,11,10,Aldra,top_m,5,5,5,,5,1.5,128,pc_logistic,4000,595704.5966490433,0.14806745735712154
thr_wing,Wing length,11,10,Aldra,top_m,8,8,8,,8,0.0,122,pc_logistic,4000,160474.67801965153,0.154587536422292
thr_wing,Wing length,11,10,Aldra,top_m,8,8,8,,8,0.5,124,pc_logistic,4000,154924.26185929758,0.15390361686666887
thr_wing,Wing length,11,10,Aldra,top_m,8,8,8,,8,1.0,124,pc_logistic,4000,154924.26185929758,0.15390361686666887
thr_wing,Wing length,11,10,Aldra,top_m,8,8,8,,8,1.5,124,pc_logistic,4000,154924.26185929758,0.15390361686666887
thr_wing,Wing length,11,10,Aldra,top_m,10,10,10,,10,0.0,172,pc_logistic,3000,97013.50088277468,0.15070697393144752
thr_wing,Wing length,11,10,Aldra,top_m,10,10,10,,10,0.5,189,pc_logistic,3000,77273.42971435051,0.15029702118719798
thr_wing,Wing length,11,10,Aldra,top_m,10,10,10,,10,1.0,189,pc_logistic,3000,77273.42971435051,0.15029702118719798
thr_wing,Wing length,11,10,Aldra,top_m,10,10,10,,10,1.5,189,pc_logistic,3000,77273.42971435051,0.15029702118719798
thr_wing,Wing length,11,10,Aldra,top_m,15,15,15,,14,0.0,165,pc_logistic,3500,138649.88883836425,0.15179976773008788
thr_wing,Wing length,11,10,Aldra,top_m,15,15,15,,14,0.5,165,pc_logistic,3500,138649.88883836425,0.15179976773008788
thr_wing,Wing length,11,10,Aldra,top_m,15,15,15,,14,1.0,165,pc_logistic,3500,138649.88883836425,0.15179976773008788
thr_wing,Wing length,11,10,Aldra,top_m,15,15,15,,14,1.5,165,pc_logistic,3500,138649.88883836425,0.15179976773008788
thr_wing,Wing length,11,10,Aldra,grm_threshold,grm>0.0011,-1,grm>0.0011,0.0010731491440366754,2,0.0,44,pc_logistic,1000,1629664.039727684,0.15073479130641418
thr_wing,Wing length,11,10,Aldra,grm_threshold,grm>0.0011,-1,grm>0.0011,0.0010731491440366754,2,0.5,7,uniform,500,7213019.60957054,0.09586321411163608
thr_wing,Wing length,11,10,Aldra,grm_threshold,grm>0.0011,-1,grm>0.0011,0.0010731491440366754,2,1.0,7,uniform,500,7213019.60957054,0.09586321411163608
thr_wing,Wing length,11,10,Aldra,grm_threshold,grm>0.0011,-1,grm>0.0011,0.0010731491440366754,2,1.5,7,uniform,500,7213019.60957054,0.09586321411163608
thr_wing,Wing length,12,11,Leka,top_m,3,3,3,,3,0.0,8,pc_logistic,3000,2346.6230871488538,0.02359652781002859
thr_wing,Wing length,12,11,Leka,top_m,3,3,3,,3,0.5,170,pc_logistic,2000,33592.59524170764,0.15231884711625682
thr_wing,Wing length,12,11,Leka,top_m,3,3,3,,3,1.0,62,uniform,5000,20104.978238577973,0.12684355083062843
thr_wing,Wing length,12,11,Leka,top_m,3,3,3,,3,1.5,55,pc_logistic,5000,21681.460307655416,0.1308045535973133
thr_wing,Wing length,12,11,Leka,top_m,5,5,5,,5,0.0,148,pc_logistic,4500,24617.974369127063,0.1494836376643792
thr_wing,Wing length,12,11,Leka,top_m,5,5,5,,5,0.5,170,pc_logistic,2000,33592.59524170764,0.15231884711625682
thr_wing,Wing length,12,11,Leka,top_m,5,5,5,,5,1.0,170,pc_logistic,2000,33592.59524170764,0.15231884711625682
thr_wing,Wing length,12,11,Leka,top_m,5,5,5,,5,1.5,170,pc_logistic,2000,33592.59524170764,0.15231884711625682
thr_wing,Wing length,12,11,Leka,top_m,8,8,8,,8,0.0,132,pc_logistic,4500,22377.191622868486,0.14617356776308693
thr_wing,Wing length,12,11,Leka,top_m,8,8,8,,8,0.5,132,pc_logistic,4500,22377.191622868486,0.14617356776308693
thr_wing,Wing length,12,11,Leka,top_m,8,8,8,,8,1.0,146,pc_logistic,4500,15827.540704134935,0.1315211320484847
thr_wing,Wing length,12,11,Leka,top_m,8,8,8,,8,1.5,75,uniform,4500,10012.96211809645,0.08783392079235489
thr_wing,Wing length,12,11,Leka,top_m,10,10,10,,10,0.0,120,pc_logistic,4500,33895.03902737644,0.16064362087762094
thr_wing,Wing length,12,11,Leka,top_m,10,10,10,,10,0.5,148,pc_logistic,4500,24617.974369127063,0.1494836376643792
thr_wing,Wing length,12,11,Leka,top_m,10,10,10,,10,1.0,168,pc_logistic,4500,19754.419044514947,0.134669577393113
thr_wing,Wing length,12,11,Leka,top_m,10,10,10,,10,1.5,168,pc_logistic,4500,19754.419044514947,0.134669577393113
thr_wing,Wing length,12,11,Leka,top_m,15,15,15,,14,0.0,185,pc_logistic,4500,46347.1693768509,0.16979156281481764
thr_wing,Wing length,12,11,Leka,top_m,15,15,15,,14,0.5,185,pc_logistic,4500,46347.1693768509,0.16979156281481764
thr_wing,Wing length,12,11,Leka,top_m,15,15,15,,14,1.0,120,pc_logistic,4500,33895.03902737644,0.16064362087762094
thr_wing,Wing length,12,11,Leka,top_m,15,15,15,,14,1.5,120,pc_logistic,4500,33895.03902737644,0.16064362087762094
thr_wing,Wing length,12,11,Leka,grm_threshold,grm>0.0011,-1,grm>0.0011,0.0010731491440366754,2,0.0,74,uniform,5000,43110.39075327819,0.14874875332111634
thr_wing,Wing length,12,11,Leka,grm_threshold,grm>0.0011,-1,grm>0.0011,0.0010731491440366754,2,0.5,62,uniform,5000,20104.978238577973,0.12684355083062843
thr_wing,Wing length,12,11,Leka,grm_threshold,grm>0.0011,-1,grm>0.0011,0.0010731491440366754,2,1.0,55,pc_logistic,5000,21681.460307655416,0.1308045535973133
thr_wing,Wing length,12,11,Leka,grm_threshold,grm>0.0011,-1,grm>0.0011,0.0010731491440366754,2,1.5,55,pc_logistic,5000,21681.460307655416,0.1308045535973133
thr_wing,Wing length,13,12,Vega,top_m,3,3,3,,3,0.0,164,pc_logistic,1000,30050.41290582026,0.10364023187650692
thr_wing,Wing length,13,12,Vega,top_m,3,3,3,,3,0.5,164,pc_logistic,1000,30050.41290582026,0.10364023187650692
thr_wing,Wing length,13,12,Vega,top_m,3,3,3,,3,1.0,164,pc_logistic,1000,30050.41290582026,0.10364023187650692
thr_wing,Wing length,13,12,Vega,top_m,3,3,3,,3,1.5,164,pc_logistic,1000,30050.41290582026,0.10364023187650692
thr_wing,Wing length,13,12,Vega,top_m,5,5,5,,5,0.0,93,pc_logistic,5000,125950.73805771004,0.04697873840681785
thr_wing,Wing length,13,12,Vega,top_m,5,5,5,,5,0.5,93,pc_logistic,5000,125950.73805771004,0.04697873840681785
thr_wing,Wing length,13,12,Vega,top_m,5,5,5,,5,1.0,164,pc_logistic,1000,30050.41290582026,0.10364023187650692
thr_wing,Wing length,13,12,Vega,top_m,5,5,5,,5,1.5,164,pc_logistic,1000,30050.41290582026,0.10364023187650692
thr_wing,Wing length,13,12,Vega,top_m,8,8,8,,8,0.0,165,pc_logistic,4000,56545.844086346246,0.059093672589957354
thr_wing,Wing length,13,12,Vega,top_m,8,8,8,,8,0.5,165,pc_logistic,4000,56545.844086346246,0.059093672589957354
thr_wing,Wing length,13,12,Vega,top_m,8,8,8,,8,1.0,190,pc_logistic,4000,58518.91025547837,0.06045310022345923
thr_wing,Wing length,13,12,Vega,top_m,8,8,8,,8,1.5,190,pc_logistic,4000,58518.91025547837,0.06045310022345923
thr_wing,Wing length,13,12,Vega,top_m,10,10,10,,10,0.0,175,pc_logistic,4000,46022.26676190581,0.0638584268598228
thr_wing,Wing length,13,12,Vega,top_m,10,10,10,,10,0.5,175,pc_logistic,4000,46022.26676190581,0.0638584268598228
thr_wing,Wing length,13,12,Vega,top_m,10,10,10,,10,1.0,166,pc_logistic,4000,39818.01526523578,0.06549725201131754
thr_wing,Wing length,13,12,Vega,top_m,10,10,10,,10,1.5,166,pc_logistic,4000,39818.01526523578,0.06549725201131754
thr_wing,Wing length,13,12,Vega,top_m,15,15,15,,14,0.0,153,pc_logistic,4000,70176.90182286318,0.05957408796569479
thr_wing,Wing length,13,12,Vega,top_m,15,15,15,,14,0.5,123,pc_logistic,4000,56159.82318549986,0.06106944215781055
thr_wing,Wing length,13,12,Vega,top_m,15,15,15,,14,1.0,123,pc_logistic,4000,56159.82318549986,0.06106944215781055
thr_wing,Wing length,13,12,Vega,top_m,15,15,15,,14,1.5,123,pc_logistic,4000,56159.82318549986,0.06106944215781055
thr_wing,Wing length,13,12,Vega,grm_threshold,grm>0.0011,-1,grm>0.0011,0.0010731491440366754,1,0.0,164,pc_logistic,1000,30050.41290582026,0.10364023187650692
thr_wing,Wing length,13,12,Vega,grm_threshold,grm>0.0011,-1,grm>0.0011,0.0010731491440366754,1,0.5,164,pc_logistic,1000,30050.41290582026,0.10364023187650692
thr_wing,Wing length,13,12,Vega,grm_threshold,grm>0.0011,-1,grm>0.0011,0.0010731491440366754,1,1.0,164,pc_logistic,1000,30050.41290582026,0.10364023187650692
thr_wing,Wing length,13,12,Vega,grm_threshold,grm>0.0011,-1,grm>0.0011,0.0010731491440366754,1,1.5,164,pc_logistic,1000,30050.41290582026,0.10364023187650692
thr_wing,Wing length,14,13,Vikna,top_m,3,3,3,,3,0.0,149,pc_logistic,2500,60056.7278484213,0.1207039746419034
thr_wing,Wing length,14,13,Vikna,top_m,3,3,3,,3,0.5,149,pc_logistic,2500,60056.7278484213,0.1207039746419034
thr_wing,Wing length,14,13,Vikna,top_m,3,3,3,,3,1.0,15,uniform,2500,35688.940173379786,0.1031569905775053
thr_wing,Wing length,14,13,Vikna,top_m,3,3,3,,3,1.5,15,uniform,2500,35688.940173379786,0.1031569905775053
thr_wing,Wing length,14,13,Vikna,top_m,5,5,5,,5,0.0,63,pc_logistic,2000,41618.86851744171,0.10926537523824588
thr_wing,Wing length,14,13,Vikna,top_m,5,5,5,,5,0.5,146,pc_logistic,2500,73534.37985835766,0.123642813779058
thr_wing,Wing length,14,13,Vikna,top_m,5,5,5,,5,1.0,146,pc_logistic,2500,73534.37985835766,0.123642813779058
thr_wing,Wing length,14,13,Vikna,top_m,5,5,5,,5,1.5,149,pc_logistic,2500,60056.7278484213,0.1207039746419034
thr_wing,Wing length,14,13,Vikna,top_m,8,8,8,,8,0.0,146,pc_logistic,2500,73534.37985835766,0.123642813779058
thr_wing,Wing length,14,13,Vikna,top_m,8,8,8,,8,0.5,146,pc_logistic,2500,73534.37985835766,0.123642813779058
thr_wing,Wing length,14,13,Vikna,top_m,8,8,8,,8,1.0,146,pc_logistic,2500,73534.37985835766,0.123642813779058
thr_wing,Wing length,14,13,Vikna,top_m,8,8,8,,8,1.5,146,pc_logistic,2500,73534.37985835766,0.123642813779058
thr_wing,Wing length,14,13,Vikna,top_m,10,10,10,,10,0.0,197,pc_logistic,3500,57538.44702147917,0.10469463002583511
thr_wing,Wing length,14,13,Vikna,top_m,10,10,10,,10,0.5,197,pc_logistic,3500,57538.44702147917,0.10469463002583511
thr_wing,Wing length,14,13,Vikna,top_m,10,10,10,,10,1.0,197,pc_logistic,3500,57538.44702147917,0.10469463002583511
thr_wing,Wing length,14,13,Vikna,top_m,10,10,10,,10,1.5,197,pc_logistic,3500,57538.44702147917,0.10469463002583511
thr_wing,Wing length,14,13,Vikna,top_m,15,15,15,,14,0.0,191,pc_logistic,3500,88550.6764280524,0.10240319731883916
thr_wing,Wing length,14,13,Vikna,top_m,15,15,15,,14,0.5,105,pc_logistic,3500,98415.34753675989,0.10144492430676041
thr_wing,Wing length,14,13,Vikna,top_m,15,15,15,,14,1.0,105,pc_logistic,3500,98415.34753675989,0.10144492430676041
thr_wing,Wing length,14,13,Vikna,top_m,15,15,15,,14,1.5,105,pc_logistic,3500,98415.34753675989,0.10144492430676041
thr_wing,Wing length,14,13,Vikna,grm_threshold,grm>0.0011,-1,grm>0.0011,0.0010731491440366754,2,0.0,134,pc_logistic,2500,4116966.530547968,0.10839301430842271
thr_wing,Wing length,14,13,Vikna,grm_threshold,grm>0.0011,-1,grm>0.0011,0.0010731491440366754,2,0.5,134,pc_logistic,2500,4116966.530547968,0.10839301430842271
thr_wing,Wing length,14,13,Vikna,grm_threshold,grm>0.0011,-1,grm>0.0011,0.0010731491440366754,2,1.0,32,uniform,5000,100758.96018535414,0.08488611323159886
thr_wing,Wing length,14,13,Vikna,grm_threshold,grm>0.0011,-1,grm>0.0011,0.0010731491440366754,2,1.5,105,pc_logistic,3500,98415.34753675989,0.10144492430676041
thr_wing,Wing length,15,14,Lauvøya,top_m,3,3,3,,3,0.0,99,pc_logistic,4500,122659.26063518692,0.09997102563712251
thr_wing,Wing length,15,14,Lauvøya,top_m,3,3,3,,3,0.5,95,pc_logistic,2000,70168.88131255092,0.09465638696173519
thr_wing,Wing length,15,14,Lauvøya,top_m,3,3,3,,3,1.0,12,pc_logistic,5000,17908.108469185627,0.09289085496757434
thr_wing,Wing length,15,14,Lauvøya,top_m,3,3,3,,3,1.5,26,pc_logistic,2500,10784.360899456819,0.08870213661174708
thr_wing,Wing length,15,14,Lauvøya,top_m,5,5,5,,5,0.0,87,pc_logistic,4500,53839.12778534179,0.09848221993658782
thr_wing,Wing length,15,14,Lauvøya,top_m,5,5,5,,5,0.5,87,pc_logistic,4500,53839.12778534179,0.09848221993658782
thr_wing,Wing length,15,14,Lauvøya,top_m,5,5,5,,5,1.0,95,pc_logistic,2000,70168.88131255092,0.09465638696173519
thr_wing,Wing length,15,14,Lauvøya,top_m,5,5,5,,5,1.5,95,pc_logistic,2000,70168.88131255092,0.09465638696173519
thr_wing,Wing length,15,14,Lauvøya,top_m,8,8,8,,8,0.0,12,pc_logistic,5000,17908.108469185627,0.09289085496757434
thr_wing,Wing length,15,14,Lauvøya,top_m,8,8,8,,8,0.5,12,pc_logistic,5000,17908.108469185627,0.09289085496757434
thr_wing,Wing length,15,14,Lauvøya,top_m,8,8,8,,8,1.0,12,pc_logistic,5000,17908.108469185627,0.09289085496757434
thr_wing,Wing length,15,14,Lauvøya,top_m,8,8,8,,8,1.5,12,pc_logistic,5000,17908.108469185627,0.09289085496757434
thr_wing,Wing length,15,14,Lauvøya,top_m,10,10,10,,10,0.0,87,pc_logistic,4500,53839.12778534179,0.09848221993658782
thr_wing,Wing length,15,14,Lauvøya,top_m,10,10,10,,10,0.5,87,pc_logistic,4500,53839.12778534179,0.09848221993658782
thr_wing,Wing length,15,14,Lauvøya,top_m,10,10,10,,10,1.0,87,pc_logistic,4500,53839.12778534179,0.09848221993658782
thr_wing,Wing length,15,14,Lauvøya,top_m,10,10,10,,10,1.5,87,pc_logistic,4500,53839.12778534179,0.09848221993658782
thr_wing,Wing length,15,14,Lauvøya,top_m,15,15,15,,14,0.0,155,pc_logistic,4000,81012.08670658073,0.10766144599305169
thr_wing,Wing length,15,14,Lauvøya,top_m,15,15,15,,14,0.5,131,pc_logistic,4000,81224.77801749206,0.1078796172699068
thr_wing,Wing length,15,14,Lauvøya,top_m,15,15,15,,14,1.0,66,pc_logistic,4000,88865.79017694162,0.10669623451743551
thr_wing,Wing length,15,14,Lauvøya,top_m,15,15,15,,14,1.5,66,pc_logistic,4000,88865.79017694162,0.10669623451743551
thr_wing,Wing length,15,14,Lauvøya,grm_threshold,grm>0.0011,-1,grm>0.0011,0.0010731491440366754,2,0.0,13,pc_logistic,4000,759254.8780327329,0.10212428088861257
thr_wing,Wing length,15,14,Lauvøya,grm_threshold,grm>0.0011,-1,grm>0.0011,0.0010731491440366754,2,0.5,98,pc_logistic,1500,181954.16424621016,0.0844542710892956
thr_wing,Wing length,15,14,Lauvøya,grm_threshold,grm>0.0011,-1,grm>0.0011,0.0010731491440366754,2,1.0,98,pc_logistic,1500,181954.16424621016,0.0844542710892956
thr_wing,Wing length,15,14,Lauvøya,grm_threshold,grm>0.0011,-1,grm>0.0011,0.0010731491440366754,2,1.5,98,pc_logistic,1500,181954.16424621016,0.0844542710892956
