target_island,n_cal_samples,permutation_index,source_island,source_island_name,rank_mean,rank_std,phi_per_ind_mean,n_repeats
14,10.0,1,11,Southern 1,5.3,2.94580681270476,0.00020115145483786916,10
14,10.0,1,12,Southern 2,6.3,3.8311588035185618,0.00021919035524768714,10
14,10.0,1,13,Southern 3,6.7,4.083843505544474,4.8909292517682706e-05,10
14,10.0,1,1,Myken,6.9,4.863697724525606,0.0002725394714700099,10
14,10.0,1,8,Lovund,7.2,3.2930904093942583,0.00010500020703717674,10
14,10.0,1,7,Onøy og Lurøy,7.3,5.207899981971833,0.00013546261902796388,10
14,10.0,1,5,Hestmannøy,7.4,3.9214509786273974,2.896231692970996e-06,10
14,10.0,1,6,Indre Kvarøy,7.8,4.211096452627668,-0.00011558562495048348,10
14,10.0,1,15,Southern 5,8.0,5.715476066494082,1.9215994565989276e-05,10
14,10.0,1,0,Nesøy,8.2,4.984420171338332,0.0006091342915638217,10
14,10.0,1,10,Aldra,9.3,5.250396810400778,-0.00042266191999204664,10
14,10.0,1,9,Sleneset,9.5,4.552166761249221,-0.00014852252767781916,10
14,10.0,1,2,Træna,9.8,4.131182235954578,-9.679282494473064e-05,10
14,10.0,1,4,Gjerøy,9.8,3.73571352696584,-3.246156682194902e-05,10
14,10.0,1,3,Selvær,10.5,2.173067468400883,-0.00011019228068981036,10
14,10.0,2,11,Southern 1,5.0,2.7080128015453204,0.0002376154633393854,10
14,10.0,2,0,Nesøy,5.9,5.195083145522205,0.0005524037569759324,10
14,10.0,2,12,Southern 2,5.9,3.478505426185217,0.0002077348792005232,10
14,10.0,2,1,Myken,6.8,4.638007234913623,0.0002500918189153952,10
14,10.0,2,13,Southern 3,6.9,4.121757985239902,4.7681856309860835e-05,10
14,10.0,2,5,Hestmannøy,7.4,3.438345855527367,1.8681727777843306e-05,10
14,10.0,2,7,Onøy og Lurøy,7.4,5.146735750831676,0.000239850223941473,10
14,10.0,2,15,Southern 5,8.5,5.7397251192408545,-3.9986757648823704e-05,10
14,10.0,2,6,Indre Kvarøy,8.6,3.777124126457412,-0.0001282296741492643,10
14,10.0,2,8,Lovund,8.8,3.7058512292499457,-1.4630573098184844e-05,10
14,10.0,2,10,Aldra,8.9,5.1305187088853135,-0.00025653232523611605,10
14,10.0,2,9,Sleneset,9.4,4.526465385804788,-0.00011079653041786144,10
14,10.0,2,2,Træna,9.7,4.137900702315393,-0.00012487791240629265,10
14,10.0,2,4,Gjerøy,9.9,3.5103022978402048,-8.733359035057412e-05,10
14,10.0,2,3,Selvær,10.9,2.469817807045694,-0.00017602722438229992,10
14,10.0,3,11,Southern 1,5.1,2.766867462592951,0.0002475980355599006,10
14,10.0,3,1,Myken,6.4,5.378971401051816,0.0001550058242578391,10
14,10.0,3,0,Nesøy,6.5,5.1478150704935,0.00042277897361839794,10
14,10.0,3,12,Southern 2,6.6,4.060651288757616,0.00018167878874981666,10
14,10.0,3,7,Onøy og Lurøy,6.9,5.152130088074683,0.00023257654503870467,10
14,10.0,3,13,Southern 3,7.1,4.012480529547776,2.844739893873335e-05,10
14,10.0,3,5,Hestmannøy,7.5,3.4721111093332766,1.0254740781574171e-05,10
14,10.0,3,15,Southern 5,7.8,5.473166867139678,3.72903096348434e-05,10
14,10.0,3,8,Lovund,8.3,3.5605867181937563,7.194207207867034e-06,10
14,10.0,3,6,Indre Kvarøy,8.8,3.73571352696584,-9.760270593564737e-05,10
14,10.0,3,10,Aldra,8.9,5.043147165543886,-0.00018514224590628032,10
14,10.0,3,9,Sleneset,9.3,4.24394994210713,-8.178658848970238e-05,10
14,10.0,3,2,Træna,9.8,3.823901439919997,-0.00010148276457214832,10
14,10.0,3,4,Gjerøy,9.8,3.259175083088084,-8.92727854623583e-05,10
14,10.0,3,3,Selvær,11.2,3.155242550986462,-0.00018544004763166525,10
14,10.0,4,11,Southern 1,5.1,3.3482997343593826,0.0002563700452022694,10
14,10.0,4,0,Nesøy,6.4,5.037636129950016,0.00031379031440615626,10
14,10.0,4,12,Southern 2,6.7,4.164666186436128,0.00014633819540919754,10
14,10.0,4,1,Myken,6.9,5.6656861896861175,0.00010540508267687081,10
14,10.0,4,7,Onøy og Lurøy,6.9,4.794672969962487,0.0001804387571573835,10
14,10.0,4,13,Southern 3,6.9,4.254409477236529,5.464651196524662e-05,10
14,10.0,4,5,Hestmannøy,7.8,3.259175083088085,8.505865828717173e-06,10
14,10.0,4,8,Lovund,8.2,3.7653389990514503,2.8339892188522e-05,10
14,10.0,4,15,Southern 5,8.3,5.417051268397267,4.842441987459932e-05,10
14,10.0,4,6,Indre Kvarøy,8.5,3.597838857487151,-0.00010083901358507111,10
14,10.0,4,10,Aldra,9.2,5.493430419854044,-0.0001312317475492364,10
14,10.0,4,9,Sleneset,9.4,3.8930136855083823,-0.00010886323575906507,10
14,10.0,4,2,Træna,9.5,3.5355339059327378,-8.038984377796395e-05,10
14,10.0,4,4,Gjerøy,9.6,3.062315754094894,-9.534344664440227e-05,10
14,10.0,4,3,Selvær,10.6,3.806427312965386,-0.0001119001665227002,10
14,10.0,5,11,Southern 1,4.9,3.1073389830457114,0.00027645361869881805,10
14,10.0,5,1,Myken,5.9,4.840798832148815,0.0001503666871894921,10
14,10.0,5,13,Southern 3,6.4,4.1952353926806065,9.176881363934895e-05,10
14,10.0,5,12,Southern 2,6.6,4.195235392680606,0.00013169551342824944,10
14,10.0,5,7,Onøy og Lurøy,7.0,4.760952285695233,0.00016682592791466283,10
14,10.0,5,0,Nesøy,7.3,5.355163655555055,0.00019528863369885975,10
14,10.0,5,5,Hestmannøy,7.8,3.119829055146024,8.762388364842703e-06,10
14,10.0,5,8,Lovund,8.0,3.590109871423002,4.905583564257779e-05,10
14,10.0,5,15,Southern 5,8.0,5.206833117271103,4.5596883200880515e-05,10
14,10.0,5,6,Indre Kvarøy,8.8,3.552776691859794,-0.00010601148473351866,10
14,10.0,5,10,Aldra,9.0,5.617433182117573,-0.00012934091537164839,10
14,10.0,5,9,Sleneset,9.9,4.175324338699131,-0.00012419805891206092,10
14,10.0,5,4,Gjerøy,10.0,2.8674417556808756,-0.00010336210087110774,10
14,10.0,5,2,Træna,10.1,3.9285281382896238,-0.00011575799426125747,10
14,10.0,5,3,Selvær,10.3,3.6224607965059086,-0.00010487962615656727,10
14,10.0,6,11,Southern 1,5.2,3.3266599866332403,0.00026514402157280684,10
14,10.0,6,1,Myken,6.0,4.8304589153964805,0.00017075058337094146,10
14,10.0,6,13,Southern 3,6.3,4.643992535164831,9.749250781933952e-05,10
14,10.0,6,12,Southern 2,6.7,4.270050741306634,0.00013946797400036593,10
14,10.0,6,7,Onøy og Lurøy,6.8,4.638007234913623,0.00016110738158192688,10
14,10.0,6,0,Nesøy,7.3,5.355163655555055,0.0001819414206499662,10
14,10.0,6,8,Lovund,7.6,3.657564459825388,4.833118215856473e-05,10
14,10.0,6,15,Southern 5,7.7,5.1001089312985375,4.382177011832089e-05,10
14,10.0,6,5,Hestmannøy,7.8,2.8596814119369625,5.558839680062428e-06,10
14,10.0,6,6,Indre Kvarøy,8.7,3.3015148038438356,-9.855426136303063e-05,10
14,10.0,6,10,Aldra,9.1,5.466056876558985,-0.00012089337353884892,10
14,10.0,6,9,Sleneset,9.9,4.012480529547776,-0.00010960657436137134,10
14,10.0,6,4,Gjerøy,10.1,2.923088169119167,-9.997033248535052e-05,10
14,10.0,6,3,Selvær,10.2,3.7947331922020555,-0.00011862118493039857,10
14,10.0,6,2,Træna,10.6,3.864367132317183,-0.00011730613469152951,10
14,10.0,7,11,Southern 1,5.2,3.4896672875473067,0.00027448812502826024,10
14,10.0,7,13,Southern 3,6.1,4.605552204797065,8.57839805468521e-05,10
14,10.0,7,1,Myken,6.3,4.738729318662921,0.00015107660002400806,10
14,10.0,7,12,Southern 2,6.6,4.221637386396684,0.0001521214771647124,10
14,10.0,7,7,Onøy og Lurøy,7.1,4.976611966656298,0.00014264994968113553,10
14,10.0,7,0,Nesøy,7.6,5.125101625008686,0.00014193771521226226,10
14,10.0,7,8,Lovund,7.6,3.806427312965386,5.9471540686831543e-05,10
14,10.0,7,5,Hestmannøy,7.7,2.7908580918579307,7.287022676923501e-06,10
14,10.0,7,15,Southern 5,7.8,4.962078417580905,4.054380513733364e-05,10
14,10.0,7,6,Indre Kvarøy,8.6,3.1692971530679235,-9.826770448719681e-05,10
14,10.0,7,10,Aldra,9.2,5.452828012447608,-0.00010732467220724254,10
14,10.0,7,9,Sleneset,9.6,4.742245131674331,-9.42159494134402e-05,10
14,10.0,7,3,Selvær,10.0,3.620926830400072,-0.00012625014426971125,10
14,10.0,7,4,Gjerøy,10.1,2.9981475762358474,-9.92841276988253e-05,10
14,10.0,7,2,Træna,10.5,3.8078865529319543,-0.00011424031929042444,10
14,10.0,8,11,Southern 1,5.3,3.4334951418181574,0.00028404609007577446,10
14,10.0,8,13,Southern 3,6.0,4.472135954999579,9.01308219073231e-05,10
14,10.0,8,12,Southern 2,6.4,3.9777157040470126,0.0001500259529508392,10
14,10.0,8,1,Myken,6.5,4.766783215358364,0.00018181650226100404,10
14,10.0,8,7,Onøy og Lurøy,7.1,4.976611966656298,0.00012353082851736385,10
14,10.0,8,0,Nesøy,7.5,5.254627590144816,0.00010556309748171845,10
14,10.0,8,8,Lovund,7.5,3.6590830666833583,8.478536907498785e-05,10
14,10.0,8,15,Southern 5,7.7,5.056349144063003,4.398634446498059e-05,10
14,10.0,8,5,Hestmannøy,7.9,2.8848262031225076,1.2305643858715712e-05,10
14,10.0,8,6,Indre Kvarøy,9.0,3.197221015541813,-9.75527156810463e-05,10
14,10.0,8,10,Aldra,9.2,5.370702416299422,-0.0001151547922880338,10
14,10.0,8,9,Sleneset,9.5,4.83620604284897,-9.594107950938675e-05,10
14,10.0,8,4,Gjerøy,9.9,3.107338983045712,-9.483929976234582e-05,10
14,10.0,8,2,Træna,10.1,3.8427420765212266,-0.00012047278296502555,10
14,10.0,8,3,Selvær,10.4,3.7771241264574114,-0.00017836660990665066,10
14,10.0,9,11,Southern 1,5.3,3.433495141818158,0.00029569982294769357,10
14,10.0,9,13,Southern 3,6.1,4.532597979574677,9.121550851793635e-05,10
14,10.0,9,1,Myken,6.6,4.695151163109069,0.00016337216544968825,10
14,10.0,9,12,Southern 2,6.6,4.060651288757617,0.00015149283986373515,10
14,10.0,9,7,Onøy og Lurøy,7.2,4.962078417580905,0.00011979608430913078,10
14,10.0,9,8,Lovund,7.3,3.6530048514126614,8.36217565591478e-05,10
14,10.0,9,0,Nesøy,7.5,5.275730597114804,0.00012247161841096686,10
14,10.0,9,15,Southern 5,7.5,5.082650227325635,5.002893265679191e-05,10
14,10.0,9,5,Hestmannøy,7.9,2.8848262031225076,8.237964729355734e-06,10
14,10.0,9,10,Aldra,8.9,5.2588549662027715,-9.529666095111071e-05,10
14,10.0,9,6,Indre Kvarøy,9.1,3.381321240777536,-0.00010654428375124929,10
14,10.0,9,9,Sleneset,9.7,4.522781838156198,-0.00010730356929904505,10
14,10.0,9,4,Gjerøy,9.8,2.7406406388125952,-9.658220433303681e-05,10
14,10.0,9,2,Træna,10.1,4.408325456829762,-0.00013071378875173344,10
14,10.0,9,3,Selvær,10.4,3.893013685508382,-0.00017118532526555556,10
14,10.0,10,11,Southern 1,5.2,3.457680661303984,0.00030170496686027513,10
14,10.0,10,13,Southern 3,6.1,4.653553003411002,8.750501861942075e-05,10
14,10.0,10,1,Myken,6.4,4.812021982031624,0.00014309818148425734,10
14,10.0,10,12,Southern 2,6.8,4.237399621885522,0.00015362710796005212,10
14,10.0,10,7,Onøy og Lurøy,7.3,4.8545511292669135,0.00011245868431934128,10
14,10.0,10,8,Lovund,7.3,3.5916569992135936,9.24326797556742e-05,10
14,10.0,10,15,Southern 5,7.5,5.082650227325635,4.174096979902993e-05,10
14,10.0,10,0,Nesøy,7.6,5.059644256269407,0.0001344450788139969,10
14,10.0,10,5,Hestmannøy,8.0,2.788866755113585,1.0587855442636983e-05,10
14,10.0,10,6,Indre Kvarøy,9.0,3.4960294939005054,-0.00011172811376475845,10
14,10.0,10,10,Aldra,9.2,5.2451035367389185,-9.656167254975235e-05,10
14,10.0,10,9,Sleneset,9.5,4.428443418528808,-8.84423968654126e-05,10
14,10.0,10,4,Gjerøy,9.6,2.951459149490488,-9.750812344035237e-05,10
14,10.0,10,2,Træna,10.0,4.396968652757639,-0.0001258523063239689,10
14,10.0,10,3,Selvær,10.5,3.8944404818493075,-0.00019141215920019192,10
14,10.0,11,11,Southern 1,5.2,3.9384147967311813,0.0003014556227658673,10
14,10.0,11,13,Southern 3,6.2,4.491968140779472,7.063228954794004e-05,10
14,10.0,11,1,Myken,6.4,4.742245131674331,0.00014696174712295961,10
14,10.0,11,12,Southern 2,6.7,4.1379007023153935,0.0001587920860019743,10
14,10.0,11,7,Onøy og Lurøy,7.2,4.802776974487434,0.00011620702096783136,10
14,10.0,11,0,Nesøy,7.3,5.229191567005787,0.00019595628148621498,10
14,10.0,11,8,Lovund,7.4,3.5962943891363133,7.643692806842925e-05,10
14,10.0,11,15,Southern 5,7.4,5.059644256269407,4.6438973240916146e-05,10
14,10.0,11,5,Hestmannøy,7.8,2.898275349237888,1.6617395014278035e-05,10
14,10.0,11,6,Indre Kvarøy,9.1,3.212821536005731,-0.00011245645812289732,10
14,10.0,11,10,Aldra,9.1,5.1305187088853135,-8.901696937200492e-05,10
14,10.0,11,9,Sleneset,9.6,4.526465385804788,-9.045736577671121e-05,10
14,10.0,11,2,Træna,9.7,3.945461527713414,-0.00012118932061013434,10
14,10.0,11,4,Gjerøy,10.0,3.055050463303893,-9.676668359992996e-05,10
14,10.0,11,3,Selvær,10.9,3.8427420765212266,-0.0002325164366671089,10
14,10.0,12,11,Southern 1,5.2,3.6757463338907255,0.0002975444600117694,10
14,10.0,12,13,Southern 3,6.1,4.605552204797065,6.623409422638185e-05,10
14,10.0,12,1,Myken,6.4,4.742245131674331,0.0001555178504453187,10
14,10.0,12,12,Southern 2,6.6,4.115013163202924,0.00016187616853176925,10
14,10.0,12,15,Southern 5,7.2,5.138093031466052,3.2928589535949986e-05,10
14,10.0,12,7,Onøy og Lurøy,7.3,4.715223571935199,0.0001115798097745898,10
14,10.0,12,0,Nesøy,7.4,5.125101625008686,0.0001990307256406362,10
14,10.0,12,8,Lovund,7.5,3.5978388574871505,6.743964809721827e-05,10
14,10.0,12,5,Hestmannøy,7.9,2.923088169119167,1.9412836030123477e-05,10
14,10.0,12,6,Indre Kvarøy,9.0,3.265986323710904,-0.0001117196903446771,10
14,10.0,12,10,Aldra,9.1,5.043147165543886,-7.935038000706719e-05,10
14,10.0,12,9,Sleneset,9.5,4.696334267868457,-0.0001027628584089581,10
14,10.0,12,2,Træna,9.7,3.945461527713414,-0.00011204357331731432,10
14,10.0,12,4,Gjerøy,10.0,3.055050463303893,-9.225089370475414e-05,10
14,10.0,12,3,Selvær,11.1,3.8137179293236207,-0.0002338275491415252,10
14,10.0,13,11,Southern 1,5.2,3.9384147967311813,0.0003025723334532088,10
14,10.0,13,13,Southern 3,6.2,4.541169697580374,5.785658351991395e-05,10
14,10.0,13,1,Myken,6.3,4.762119042797836,0.00015564454828310103,10
14,10.0,13,12,Southern 2,6.8,4.3410188256265885,0.00015359653005589792,10
14,10.0,13,7,Onøy og Lurøy,7.1,4.771442828607157,0.0001208909012293432,10
14,10.0,13,15,Southern 5,7.1,5.195083145522205,2.94266387971601e-05,10
14,10.0,13,8,Lovund,7.2,3.2249030993194197,7.224012641553119e-05,10
14,10.0,13,0,Nesøy,7.4,5.125101625008686,0.00022181397082818551,10
14,10.0,13,5,Hestmannøy,7.8,2.898275349237888,1.9730576274534046e-05,10
14,10.0,13,6,Indre Kvarøy,9.1,3.142893217686178,-0.00011171136756402619,10
14,10.0,13,10,Aldra,9.2,5.072803301265814,-8.142147551834843e-05,10
14,10.0,13,9,Sleneset,9.5,4.696334267868457,-9.273086367688775e-05,10
14,10.0,13,2,Træna,9.8,3.8528488738133038,-0.0001256935856071384,10
14,10.0,13,4,Gjerøy,10.2,3.119829055146024,-8.904365654109864e-05,10
14,10.0,13,3,Selvær,11.1,3.3482997343593826,-0.00023050091316921618,10
14,10.0,14,11,Southern 1,5.2,3.9384147967311813,0.000303000588710007,10
14,10.0,14,13,Southern 3,6.2,4.491968140779472,5.3475032819843033e-05,10
14,10.0,14,1,Myken,6.7,4.762119042797836,0.0001354488828165468,10
14,10.0,14,12,Southern 2,6.7,4.295992965026311,0.00014865052912417322,10
14,10.0,14,15,Southern 5,7.1,5.195083145522205,4.671485777645154e-05,10
14,10.0,14,0,Nesøy,7.2,5.181162460726786,0.00022106652017580354,10
14,10.0,14,7,Onøy og Lurøy,7.4,4.948624949305503,0.00011302165482558575,10
14,10.0,14,8,Lovund,7.4,3.238655413730965,8.14231548889779e-05,10
14,10.0,14,5,Hestmannøy,7.7,2.9078437983419185,2.147366441142296e-05,10
14,10.0,14,10,Aldra,8.9,5.152130088074683,-7.925084385960658e-05,10
14,10.0,14,6,Indre Kvarøy,9.0,3.39934634239519,-0.00010699414548176437,10
14,10.0,14,9,Sleneset,9.5,4.624812308503869,-8.661674650487153e-05,10
14,10.0,14,2,Træna,9.9,3.7844711945293263,-0.00012610502436016165,10
14,10.0,14,4,Gjerøy,10.0,3.126943839882286,-9.452168815595279e-05,10
14,10.0,14,3,Selvær,11.1,3.3482997343593826,-0.00022207535128728213,10
14,10.0,15,11,Southern 1,4.9,3.2812599206199233,0.00029939385901326385,10
14,10.0,15,13,Southern 3,6.1,4.605552204797065,6.01096109665615e-05,10
14,10.0,15,1,Myken,6.7,4.762119042797836,0.00014323412467588808,10
14,10.0,15,12,Southern 2,6.9,4.408325456829762,0.00015334969260613783,10
14,10.0,15,8,Lovund,7.1,3.178049716414141,7.141453321225564e-05,10
14,10.0,15,15,Southern 5,7.2,5.202563470700445,3.1854970430873155e-05,10
14,10.0,15,0,Nesøy,7.3,5.078276172963507,0.0002165344532527057,10
14,10.0,15,7,Onøy og Lurøy,7.3,4.877385456255112,0.00013530563970395965,10
14,10.0,15,5,Hestmannøy,7.8,2.820559440174157,1.954195632121666e-05,10
14,10.0,15,6,Indre Kvarøy,8.7,3.6224607965059086,-0.00011172288537038464,10
14,10.0,15,10,Aldra,9.2,5.159672685570493,-8.41806465573735e-05,10
14,10.0,15,9,Sleneset,9.4,4.788875998951459,-7.354696262987584e-05,10
14,10.0,15,2,Træna,10.1,3.7549966711037173,-0.00012864513062818396,10
14,10.0,15,4,Gjerøy,10.1,3.1073389830457114,-0.00010091361101350387,10
14,10.0,15,3,Selvær,11.2,3.1198290551460235,-0.00021341862616620086,10
14,10.0,16,11,Southern 1,4.9,3.414023367751831,0.000300584722400709,10
14,10.0,16,13,Southern 3,6.2,4.516635916254486,5.0474269402528516e-05,10
14,10.0,16,1,Myken,6.6,4.880801391392834,0.00015556360581832576,10
14,10.0,16,12,Southern 2,6.8,4.366539438350084,0.00015621916076277492,10
14,10.0,16,0,Nesøy,7.2,4.756282395129858,0.00021855615821485516,10
14,10.0,16,8,Lovund,7.3,3.2335051500740737,6.869122788962476e-05,10
14,10.0,16,15,Southern 5,7.3,5.056349144063003,2.1876315884103283e-05,10
14,10.0,16,7,Onøy og Lurøy,7.4,4.926120853842978,0.00012905211460418356,10
14,10.0,16,5,Hestmannøy,7.8,3.0110906108363245,2.1580066848302918e-05,10
14,10.0,16,6,Indre Kvarøy,8.5,3.6590830666833583,-0.00010883906795933925,10
14,10.0,16,10,Aldra,9.3,5.271516754112509,-9.75343808367427e-05,10
14,10.0,16,9,Sleneset,9.4,4.788875998951459,-6.597632281700018e-05,10
14,10.0,16,2,Træna,10.1,3.7549966711037173,-0.00011980916516061006,10
14,10.0,16,4,Gjerøy,10.1,3.1073389830457114,-9.921110623030034e-05,10
14,10.0,16,3,Selvær,11.1,3.3482997343593826,-0.00020884707084420029,10
14,10.0,17,11,Southern 1,5.1,3.4785054261852175,0.00029469247065650324,10
14,10.0,17,13,Southern 3,6.3,4.522781838156198,5.461552604258082e-05,10
14,10.0,17,1,Myken,6.5,4.813176359397884,0.00015615198076327137,10
14,10.0,17,12,Southern 2,6.9,4.357624225296267,0.000148793974723685,10
14,10.0,17,8,Lovund,7.1,3.604010112206802,9.008260451106672e-05,10
14,10.0,17,0,Nesøy,7.2,4.756282395129858,0.0002080168800053166,10
14,10.0,17,15,Southern 5,7.2,5.202563470700445,1.3210665464647506e-05,10
14,10.0,17,7,Onøy og Lurøy,7.4,4.926120853842978,0.00011816675441634074,10
14,10.0,17,5,Hestmannøy,7.9,2.923088169119167,2.1545806311463484e-05,10
14,10.0,17,6,Indre Kvarøy,8.7,3.5605867181937554,-0.0001107614980262282,10
14,10.0,17,10,Aldra,9.2,5.202563470700445,-0.00010355026215419573,10
14,10.0,17,9,Sleneset,9.4,4.788875998951459,-6.330741930809676e-05,10
14,10.0,17,4,Gjerøy,10.1,3.071373199943851,-9.250568211997638e-05,10
14,10.0,17,2,Træna,10.3,3.5916569992135954,-0.00011486989182782482,10
14,10.0,17,3,Selvær,10.7,3.683295625749672,-0.00019537450983993232,10
14,10.0,18,11,Southern 1,5.0,3.4641016151377544,0.00029862728582528346,10
14,10.0,18,13,Southern 3,6.3,4.522781838156198,5.4659347940696565e-05,10
14,10.0,18,1,Myken,6.5,4.813176359397884,0.000149651742753436,10
14,10.0,18,0,Nesøy,7.0,4.898979485566356,0.0002159301197686171,10
14,10.0,18,12,Southern 2,7.0,4.447221354708779,0.0001502641274874077,10
14,10.0,18,7,Onøy og Lurøy,7.2,4.984420171338332,0.00012685388736163967,10
14,10.0,18,8,Lovund,7.4,3.438345855527367,8.516106647213066e-05,10
14,10.0,18,15,Southern 5,7.5,5.126185499743233,1.880111703063637e-05,10
14,10.0,18,5,Hestmannøy,7.9,2.923088169119167,2.0334978551806e-05,10
14,10.0,18,6,Indre Kvarøy,8.7,3.5292429153510465,-0.00011989396270835788,10
14,10.0,18,9,Sleneset,9.4,4.788875998951459,-6.629512217947135e-05,10
14,10.0,18,10,Aldra,9.4,5.232377832092955,-0.0001011804448341445,10
14,10.0,18,4,Gjerøy,9.9,3.0349812373573433,-8.933610838228115e-05,10
14,10.0,18,2,Træna,10.2,3.489667287547307,-0.00011621364883042341,10
14,10.0,18,3,Selvær,10.6,3.864367132317183,-0.00020916790052706919,10
14,10.0,19,11,Southern 1,5.0,3.4641016151377544,0.00029873463179909946,10
14,10.0,19,13,Southern 3,6.4,4.402019738458447,5.448509946865306e-05,10
14,10.0,19,1,Myken,6.7,4.691600058733812,0.00014237929210042256,10
14,10.0,19,0,Nesøy,6.9,5.021066730398144,0.0002242161791406908,10
14,10.0,19,12,Southern 2,6.9,4.433458644845529,0.00014975720988994387,10
14,10.0,19,15,Southern 5,7.2,5.308274463305168,3.199471856361113e-05,10
14,10.0,19,7,Onøy og Lurøy,7.3,4.9452558635075246,0.00011050567662407857,10
14,10.0,19,8,Lovund,7.8,3.5213633723318014,8.45341097620322e-05,10
14,10.0,19,5,Hestmannøy,7.9,2.923088169119167,2.2163362539949732e-05,10
14,10.0,19,6,Indre Kvarøy,8.7,3.3349995835415362,-0.00011326467522016108,10
14,10.0,19,10,Aldra,9.0,5.497474167490214,-9.948155722917061e-05,10
14,10.0,19,9,Sleneset,9.4,4.788875998951459,-6.196103695524225e-05,10
14,10.0,19,4,Gjerøy,9.9,3.0349812373573433,-9.849848247831371e-05,10
14,10.0,19,2,Træna,10.2,3.489667287547307,-0.00011237499128110134,10
14,10.0,19,3,Selvær,10.7,3.683295625749672,-0.0002075836015573422,10
14,10.0,20,11,Southern 1,5.0,3.681787005729087,0.0002998331295718039,10
14,10.0,20,13,Southern 3,6.5,4.301162633521314,5.199790418170866e-05,10
14,10.0,20,1,Myken,6.6,4.6475800154489,0.00014082248300730362,10
14,10.0,20,0,Nesøy,7.0,5.055250296034367,0.00021755387876763662,10
14,10.0,20,12,Southern 2,7.1,4.508017549014447,0.0001439741465507122,10
14,10.0,20,7,Onøy og Lurøy,7.2,4.894441291460708,0.00010971406777573428,10
14,10.0,20,15,Southern 5,7.2,5.308274463305168,3.818085697839158e-05,10
14,10.0,20,8,Lovund,7.6,3.470510689285432,8.340852572367581e-05,10
14,10.0,20,5,Hestmannøy,7.9,2.923088169119167,2.113646351038917e-05,10
14,10.0,20,6,Indre Kvarøy,8.9,3.3482997343593826,-0.00011183956340880978,10
14,10.0,20,10,Aldra,8.9,5.404730438339281,-0.00010124606507610986,10
14,10.0,20,9,Sleneset,9.4,4.788875998951459,-6.194813600205937e-05,10
14,10.0,20,4,Gjerøy,9.7,3.0930028559098792,-9.486160444056025e-05,10
14,10.0,20,2,Træna,10.2,3.489667287547307,-0.00010421290508622595,10
14,10.0,20,3,Selvær,10.8,3.7653389990514503,-0.00020916432630498294,10
14,10.0,21,11,Southern 1,5.0,3.4641016151377544,0.00030161139071734934,10
14,10.0,21,13,Southern 3,6.5,4.503085362035432,5.743660409049281e-05,10
14,10.0,21,1,Myken,6.6,4.812021982031623,0.00014060248253594987,10
14,10.0,21,12,Southern 2,6.9,4.433458644845529,0.0001430978964108271,10
14,10.0,21,0,Nesøy,7.2,4.848825745591515,0.0002444649972531688,10
14,10.0,21,15,Southern 5,7.2,5.266244708835067,2.666028409283259e-05,10
14,10.0,21,7,Onøy og Lurøy,7.3,4.9452558635075246,0.00010555378882617645,10
14,10.0,21,8,Lovund,7.8,3.5213633723318014,7.483941461784596e-05,10
14,10.0,21,5,Hestmannøy,8.0,2.8284271247461903,2.0700420187752473e-05,10
14,10.0,21,6,Indre Kvarøy,8.7,3.4976182372199127,-0.00011362504368296933,10
14,10.0,21,10,Aldra,8.9,5.404730438339281,-0.00010295613064370094,10
14,10.0,21,9,Sleneset,9.4,4.788875998951459,-8.040203795090118e-05,10
14,10.0,21,4,Gjerøy,9.7,3.0930028559098792,-9.658523321350642e-05,10
14,10.0,21,2,Træna,10.1,3.5418137224371984,-0.00010150528758898763,10
14,10.0,21,3,Selvær,10.7,3.9454615277134146,-0.00019740699560764885,10
14,10.0,22,11,Southern 1,5.0,3.5901098714230026,0.0003092030584356653,10
14,10.0,22,1,Myken,6.6,4.812021982031623,0.00015213759665652475,10
14,10.0,22,13,Southern 3,6.6,4.4522154285504,5.496631957166359e-05,10
14,10.0,22,12,Southern 2,6.8,4.3410188256265885,0.00014631708095965183,10
14,10.0,22,15,Southern 5,7.1,5.279941077112299,2.7795974771181796e-05,10
14,10.0,22,7,Onøy og Lurøy,7.2,4.894441291460708,9.616125922799919e-05,10
14,10.0,22,0,Nesøy,7.3,4.900113377373131,0.00022424973691198823,10
14,10.0,22,8,Lovund,7.8,3.5213633723318014,7.485687344945494e-05,10
14,10.0,22,5,Hestmannøy,8.0,2.8284271247461903,1.9798816327168412e-05,10
14,10.0,22,6,Indre Kvarøy,8.7,3.4334951418181574,-0.00011259235827191071,10
14,10.0,22,10,Aldra,9.0,5.517648452415616,-0.00010855423887040581,10
14,10.0,22,9,Sleneset,9.3,4.6678569910494145,-6.967930740580468e-05,10
14,10.0,22,4,Gjerøy,9.8,3.1198290551460244,-9.791646299341049e-05,10
14,10.0,22,2,Træna,10.1,3.5418137224371984,-9.904144413333683e-05,10
14,10.0,22,3,Selvær,10.7,3.9454615277134146,-0.0002021540077409342,10
14,10.0,23,11,Southern 1,5.0,3.5901098714230026,0.00030940150933549625,10
14,10.0,23,1,Myken,6.4,4.575295983139597,0.0001567890187686964,10
14,10.0,23,12,Southern 2,6.7,4.270050741306634,0.0001540268968353837,10
14,10.0,23,13,Southern 3,6.7,4.3728963196286985,5.163770064832597e-05,10
14,10.0,23,15,Southern 5,7.1,5.279941077112299,3.0011674507998217e-05,10
14,10.0,23,7,Onøy og Lurøy,7.3,5.056349144063003,9.096659510707969e-05,10
14,10.0,23,0,Nesøy,7.4,4.835057163858332,0.00023134610767739836,10
14,10.0,23,8,Lovund,7.6,3.7475918193480524,7.617444410498425e-05,10
14,10.0,23,5,Hestmannøy,7.9,2.8067379246694513,1.958782573234408e-05,10
14,10.0,23,6,Indre Kvarøy,8.7,3.4334951418181574,-0.00011548545251141711,10
14,10.0,23,10,Aldra,8.9,5.404730438339281,-9.825225792149564e-05,10
14,10.0,23,9,Sleneset,9.4,4.788875998951459,-7.755073322657249e-05,10
14,10.0,23,4,Gjerøy,9.9,3.0713731999438516,-9.702134926569192e-05,10
14,10.0,23,2,Træna,10.3,3.4657049948186747,-0.00010227075403817367,10
14,10.0,23,3,Selvær,10.7,3.9454615277134146,-0.000205455784721293,10
14,10.0,24,11,Southern 1,4.9,3.4785054261852175,0.0003077594498097657,10
14,10.0,24,1,Myken,6.4,4.575295983139597,0.00015123815840335612,10
14,10.0,24,12,Southern 2,6.7,4.270050741306634,0.0001527632308852085,10
14,10.0,24,13,Southern 3,6.9,4.433458644845529,4.952489488057036e-05,10
14,10.0,24,15,Southern 5,7.1,5.279941077112299,3.087756816488257e-05,10
14,10.0,24,7,Onøy og Lurøy,7.3,5.1650535116083525,9.660426235337148e-05,10
14,10.0,24,0,Nesøy,7.4,4.835057163858332,0.00023688839201026842,10
14,10.0,24,8,Lovund,7.6,3.7475918193480524,7.548440677346648e-05,10
14,10.0,24,5,Hestmannøy,7.9,2.8067379246694513,1.797635562987017e-05,10
14,10.0,24,6,Indre Kvarøy,8.6,3.3399933466334266,-0.0001137691331377719,10
14,10.0,24,10,Aldra,8.8,5.493430419854045,-9.339433011269233e-05,10
14,10.0,24,9,Sleneset,9.4,4.788875998951459,-7.515609109854297e-05,10
14,10.0,24,4,Gjerøy,10.0,2.82842712474619,-9.645703921865055e-05,10
14,10.0,24,2,Træna,10.3,3.4657049948186747,-0.00010120138963987334,10
14,10.0,24,3,Selvær,10.7,3.9454615277134146,-0.00020391578550723122,10
14,10.0,25,11,Southern 1,4.8,3.3928028399998595,0.0003151845501368793,10
14,10.0,25,1,Myken,6.5,4.766783215358363,0.00014452223959637904,10
14,10.0,25,12,Southern 2,6.7,4.270050741306634,0.000151089780693008,10
14,10.0,25,13,Southern 3,6.9,4.433458644845529,4.9069022136315154e-05,10
14,10.0,25,15,Southern 5,7.1,5.279941077112299,3.6902646019042236e-05,10
14,10.0,25,7,Onøy og Lurøy,7.2,5.00666222813829,9.129947179209062e-05,10
14,10.0,25,0,Nesøy,7.4,4.835057163858332,0.00023018453965840258,10
14,10.0,25,8,Lovund,7.6,3.7475918193480524,7.574426220799147e-05,10
14,10.0,25,5,Hestmannøy,8.0,2.8284271247461903,1.863403326025897e-05,10
14,10.0,25,6,Indre Kvarøy,8.6,3.3065591380365986,-0.0001166648377498451,10
14,10.0,25,10,Aldra,8.8,5.493430419854045,-9.663219522393648e-05,10
14,10.0,25,9,Sleneset,9.4,4.788875998951459,-7.622934648137924e-05,10
14,10.0,25,4,Gjerøy,10.0,2.82842712474619,-9.777922596391814e-05,10
14,10.0,25,2,Træna,10.3,3.4657049948186747,-0.00010118115236739249,10
14,10.0,25,3,Selvær,10.7,3.9454615277134146,-0.00020453269152982903,10
14,10.0,26,11,Southern 1,4.8,3.3928028399998595,0.0003094658453970928,10
14,10.0,26,1,Myken,6.5,4.766783215358363,0.00013994936156486846,10
14,10.0,26,12,Southern 2,6.6,4.221637386396684,0.00014660413104590158,10
14,10.0,26,13,Southern 3,6.8,4.516635916254486,5.584907956188182e-05,10
14,10.0,26,15,Southern 5,7.0,5.312459150169743,3.761145540478984e-05,10
14,10.0,26,7,Onøy og Lurøy,7.2,5.00666222813829,8.943026369998922e-05,10
14,10.0,26,0,Nesøy,7.4,4.835057163858332,0.00023143118249440258,10
14,10.0,26,8,Lovund,7.7,3.6224607965059086,7.201176516738408e-05,10
14,10.0,26,5,Hestmannøy,7.9,2.8067379246694513,1.779822563211153e-05,10
14,10.0,26,6,Indre Kvarøy,8.8,3.1902629637347735,-0.00011362022554225459,10
14,10.0,26,10,Aldra,8.8,5.493430419854045,-9.794044908703911e-05,10
14,10.0,26,9,Sleneset,9.4,4.788875998951459,-7.581650428965636e-05,10
14,10.0,26,4,Gjerøy,10.0,2.82842712474619,-9.768540835714915e-05,10
14,10.0,26,2,Træna,10.3,3.4657049948186747,-9.82959199426281e-05,10
14,10.0,26,3,Selvær,10.8,3.8815804341359033,-0.00019707047193313632,10
14,10.0,27,11,Southern 1,4.8,3.3928028399998595,0.0003118024514195578,10
14,10.0,27,1,Myken,6.5,4.766783215358363,0.00013999230084087733,10
14,10.0,27,12,Southern 2,6.7,4.24394994210713,0.0001433659016486832,10
14,10.0,27,13,Southern 3,6.8,4.516635916254486,5.5460175140648635e-05,10
14,10.0,27,15,Southern 5,7.1,5.279941077112299,3.893265021330163e-05,10
14,10.0,27,7,Onøy og Lurøy,7.2,5.00666222813829,8.809899904157735e-05,10
14,10.0,27,0,Nesøy,7.4,4.835057163858332,0.00022731080584133836,10
14,10.0,27,8,Lovund,7.6,3.6270588023294517,7.511964306707365e-05,10
14,10.0,27,5,Hestmannøy,8.0,2.8284271247461903,1.664591018025101e-05,10
14,10.0,27,6,Indre Kvarøy,8.6,3.3065591380365986,-0.00011184443675318406,10
14,10.0,27,10,Aldra,8.8,5.493430419854045,-9.533243589100388e-05,10
14,10.0,27,9,Sleneset,9.4,4.788875998951459,-7.580532871555157e-05,10
14,10.0,27,4,Gjerøy,10.0,2.82842712474619,-9.818871701337017e-05,10
14,10.0,27,2,Træna,10.3,3.4657049948186747,-9.489638152220407e-05,10
14,10.0,27,3,Selvær,10.8,3.8815804341359033,-0.00019867451353553287,10
14,10.0,28,11,Southern 1,4.9,3.314949304120485,0.00031010800770852633,10
14,10.0,28,1,Myken,6.4,4.575295983139597,0.00014112487916741808,10
14,10.0,28,12,Southern 2,6.7,4.24394994210713,0.00014583628529458195,10
14,10.0,28,13,Southern 3,6.8,4.685675570881488,5.857686646639843e-05,10
14,10.0,28,15,Southern 5,6.9,5.342700108039421,4.3208888223065e-05,10
14,10.0,28,7,Onøy og Lurøy,7.3,5.1650535116083525,8.701698986123774e-05,10
14,10.0,28,0,Nesøy,7.4,4.835057163858332,0.00022508914492196656,10
14,10.0,28,8,Lovund,7.5,3.56682242650545,7.833113357598294e-05,10
14,10.0,28,5,Hestmannøy,7.9,2.8067379246694513,1.6037587219073483e-05,10
14,10.0,28,6,Indre Kvarøy,8.8,3.1902629637347735,-0.0001127593957160865,10
14,10.0,28,10,Aldra,8.8,5.493430419854045,-9.012989762379877e-05,10
14,10.0,28,9,Sleneset,9.4,4.788875998951459,-8.556898156307333e-05,10
14,10.0,28,4,Gjerøy,10.0,2.82842712474619,-9.548809578379976e-05,10
14,10.0,28,2,Træna,10.2,3.32665998663324,-9.47242421118727e-05,10
14,10.0,28,3,Selvær,11.0,3.8297084310253524,-0.0002121650432810796,10
14,10.0,29,11,Southern 1,4.8,3.3928028399998595,0.00031510443724822626,10
14,10.0,29,1,Myken,6.4,4.575295983139597,0.00013485586481201933,10
14,10.0,29,12,Southern 2,6.7,4.24394994210713,0.0001447969935242426,10
14,10.0,29,13,Southern 3,6.8,4.516635916254486,5.5000243732180294e-05,10
14,10.0,29,15,Southern 5,6.9,5.342700108039421,4.8058166223529664e-05,10
14,10.0,29,0,Nesøy,7.3,4.854551129266914,0.0002216035709929694,10
14,10.0,29,7,Onøy og Lurøy,7.4,5.125101625008686,9.104659501743251e-05,10
14,10.0,29,8,Lovund,7.6,3.6270588023294517,8.204950109668544e-05,10
14,10.0,29,5,Hestmannøy,8.0,2.748737083745107,1.764339297050075e-05,10
14,10.0,29,6,Indre Kvarøy,8.7,3.3015148038438356,-0.00011470503844238378,10
14,10.0,29,10,Aldra,8.8,5.493430419854045,-8.96630458204362e-05,10
14,10.0,29,9,Sleneset,9.4,4.788875998951459,-7.87538353331115e-05,10
14,10.0,29,4,Gjerøy,10.0,2.82842712474619,-9.804215599280848e-05,10
14,10.0,29,2,Træna,10.1,3.3482997343593826,-9.45593391104745e-05,10
14,10.0,29,3,Selvær,11.1,3.7844711945293255,-0.00022692360918528655,10
14,10.0,30,11,Southern 1,4.8,3.3928028399998595,0.0003143314245349849,10
14,10.0,30,1,Myken,6.5,4.576510072581994,0.000134757812391726,10
14,10.0,30,12,Southern 2,6.7,4.24394994210713,0.00014768738152873306,10
14,10.0,30,13,Southern 3,6.9,4.433458644845529,5.863610557059455e-05,10
14,10.0,30,15,Southern 5,7.1,5.279941077112299,4.4959281583110135e-05,10
14,10.0,30,0,Nesøy,7.3,4.854551129266914,0.00021411851412849462,10
14,10.0,30,8,Lovund,7.4,3.657564459825387,9.063733784743868e-05,10
14,10.0,30,7,Onøy og Lurøy,7.5,5.060742150229659,8.841350531375988e-05,10
14,10.0,30,5,Hestmannøy,8.0,2.748737083745107,1.594591269983047e-05,10
14,10.0,30,6,Indre Kvarøy,8.6,3.4058772731852804,-0.00011439869378458997,10
14,10.0,30,10,Aldra,8.7,5.538752366533259,-9.958183052778892e-05,10
14,10.0,30,9,Sleneset,9.3,4.90011337737313,-7.646428442642515e-05,10
14,10.0,30,2,Træna,10.1,3.3482997343593826,-9.258952199813137e-05,10
14,10.0,30,4,Gjerøy,10.1,2.8460498941515415,-9.804191846069655e-05,10
14,10.0,30,3,Selvær,11.0,3.9440531887330774,-0.0002241115866590454,10
14,10.0,31,11,Southern 1,4.8,3.3928028399998595,0.00031541476189509283,10
14,10.0,31,1,Myken,6.5,4.576510072581994,0.00013300064416032744,10
14,10.0,31,12,Southern 2,6.7,4.24394994210713,0.00014578372666730301,10
14,10.0,31,13,Southern 3,6.7,4.473378042498879,5.8931784116969856e-05,10
14,10.0,31,15,Southern 5,7.0,5.312459150169743,5.0869354654544424e-05,10
14,10.0,31,0,Nesøy,7.3,4.854551129266914,0.00021473181640063835,10
14,10.0,31,7,Onøy og Lurøy,7.4,4.993328882953068,8.240153608629329e-05,10
14,10.0,31,8,Lovund,7.4,3.3065591380365986,8.952496279844787e-05,10
14,10.0,31,5,Hestmannøy,8.1,2.766867462592951,1.4769431025368687e-05,10
14,10.0,31,10,Aldra,8.7,5.538752366533259,-0.00010033013404639746,10
14,10.0,31,6,Indre Kvarøy,8.9,3.3149493041204847,-0.00011324931708924832,10
14,10.0,31,9,Sleneset,9.3,4.90011337737313,-7.474174765812414e-05,10
14,10.0,31,2,Træna,10.0,3.5590260840104375,-8.963784355507411e-05,10
14,10.0,31,4,Gjerøy,10.2,2.859681411936962,-9.755681954185765e-05,10
14,10.0,31,3,Selvær,11.0,3.9440531887330774,-0.0002233590273169812,10
14,10.0,32,11,Southern 1,4.9,3.4140233677518315,0.00031143151742775866,10
14,10.0,32,1,Myken,6.6,4.599516882842757,0.00013712505223966988,10
14,10.0,32,12,Southern 2,6.7,4.24394994210713,0.00014612500722623883,10
14,10.0,32,13,Southern 3,6.9,4.433458644845529,5.8417341380203985e-05,10
14,10.0,32,15,Southern 5,7.0,5.312459150169743,5.250710287166333e-05,10
14,10.0,32,8,Lovund,7.2,3.4253953543107003,9.4142544060392e-05,10
14,10.0,32,7,Onøy og Lurøy,7.3,4.9452558635075246,8.299236148330377e-05,10
14,10.0,32,0,Nesøy,7.4,4.835057163858332,0.00021004376942137154,10
14,10.0,32,5,Hestmannøy,7.9,2.923088169119167,1.6171861199560542e-05,10
14,10.0,32,10,Aldra,8.7,5.538752366533259,-0.00010087754167379329,10
14,10.0,32,6,Indre Kvarøy,8.9,3.3813212407775355,-0.00011226659023656763,10
14,10.0,32,9,Sleneset,9.2,4.962078417580905,-7.525341048894831e-05,10
14,10.0,32,2,Træna,10.1,3.5418137224371984,-9.06225399102312e-05,10
14,10.0,32,4,Gjerøy,10.2,2.6997942308422114,-9.817870367641515e-05,10
14,10.0,32,3,Selvær,11.0,3.9440531887330774,-0.0002210723259430607,10
14,10.0,33,11,Southern 1,5.0,3.3333333333333335,0.0003105073944769842,10
14,10.0,33,1,Myken,6.5,4.576510072581994,0.00014242850787438184,10
14,10.0,33,12,Southern 2,6.7,4.24394994210713,0.00014272813471518335,10
14,10.0,33,13,Southern 3,6.7,4.498147766951785,5.904235550082745e-05,10
14,10.0,33,15,Southern 5,7.0,5.312459150169743,5.1202716139876237e-05,10
14,10.0,33,8,Lovund,7.1,3.6953424138441555,9.482014267915132e-05,10
14,10.0,33,7,Onøy og Lurøy,7.3,4.9452558635075246,8.300936299565173e-05,10
14,10.0,33,0,Nesøy,7.6,4.788875998951459,0.0002029275890282816,10
14,10.0,33,5,Hestmannøy,7.9,2.923088169119167,1.6509514380995725e-05,10
14,10.0,33,10,Aldra,8.7,5.538752366533259,-0.00010803935959560168,10
14,10.0,33,6,Indre Kvarøy,8.9,3.3149493041204847,-0.00011111683852659752,10
14,10.0,33,9,Sleneset,9.1,4.931756504757937,-7.188971994987957e-05,10
14,10.0,33,2,Træna,10.2,3.32665998663324,-9.082491771343488e-05,10
14,10.0,33,4,Gjerøy,10.3,2.7100635498903793,-9.628347169576072e-05,10
14,10.0,33,3,Selvær,11.0,3.9440531887330774,-0.0002161339795040265,10
14,10.0,34,11,Southern 1,4.8,3.3928028399998595,0.00031250942390979137,10
14,10.0,34,1,Myken,6.6,4.599516882842757,0.00014188709168669826,10
14,10.0,34,12,Southern 2,6.7,4.24394994210713,0.00014082654338006998,10
14,10.0,34,13,Southern 3,6.8,4.391911757866827,5.6158283854006835e-05,10
14,10.0,34,8,Lovund,6.9,3.6953424138441564,9.242433189540632e-05,10
14,10.0,34,15,Southern 5,7.0,5.312459150169743,5.7575259285702165e-05,10
14,10.0,34,7,Onøy og Lurøy,7.3,5.034326612809745,7.946210522564263e-05,10
14,10.0,34,0,Nesøy,7.7,4.691600058733812,0.00020227531542304388,10
14,10.0,34,5,Hestmannøy,8.1,2.766867462592951,1.64643278961924e-05,10
14,10.0,34,10,Aldra,8.7,5.538752366533259,-0.00011262061935403892,10
14,10.0,34,6,Indre Kvarøy,9.0,3.197221015541813,-0.00011019981609017762,10
14,10.0,34,9,Sleneset,9.1,4.931756504757937,-7.204250244420821e-05,10
14,10.0,34,2,Træna,10.1,3.5418137224371984,-8.873998561002294e-05,10
14,10.0,34,4,Gjerøy,10.3,2.7100635498903793,-9.568090276191414e-05,10
14,10.0,34,3,Selvær,10.9,3.984692933938295,-0.00021099172990858567,10
14,10.0,35,11,Southern 1,5.0,3.3333333333333335,0.0003112504717344147,10
14,10.0,35,12,Southern 2,6.7,4.24394994210713,0.00013951490985243589,10
14,10.0,35,13,Southern 3,6.7,4.498147766951785,5.5321658093710014e-05,10
14,10.0,35,1,Myken,6.9,4.886489310105751,0.0001424668667305212,10
14,10.0,35,8,Lovund,7.0,3.6817870057290865,9.311761452426716e-05,10
14,10.0,35,15,Southern 5,7.0,5.312459150169743,5.112952541532296e-05,10
14,10.0,35,7,Onøy og Lurøy,7.3,4.9452558635075246,8.07331131432664e-05,10
14,10.0,35,0,Nesøy,7.7,4.691600058733812,0.00020966466773052333,10
14,10.0,35,5,Hestmannøy,7.8,2.898275349237888,1.5120521597061652e-05,10
14,10.0,35,10,Aldra,8.8,5.4528280124476085,-0.00010972885687452437,10
14,10.0,35,6,Indre Kvarøy,8.9,3.1780497164141406,-0.00010816917497566162,10
14,10.0,35,9,Sleneset,9.1,4.931756504757937,-7.453787828032746e-05,10
14,10.0,35,2,Træna,10.1,3.5418137224371984,-8.564695295698092e-05,10
14,10.0,35,4,Gjerøy,10.1,2.923088169119167,-9.378871614291895e-05,10
14,10.0,35,3,Selvær,10.9,3.984692933938295,-0.0002089981785427202,10
14,10.0,36,11,Southern 1,5.0,3.3333333333333335,0.00031066028630568666,10
14,10.0,36,12,Southern 2,6.7,4.24394994210713,0.00013767994778068736,10
14,10.0,36,13,Southern 3,6.7,4.498147766951785,5.5571528206113404e-05,10
14,10.0,36,1,Myken,6.8,4.825856285561029,0.00014926687774356203,10
14,10.0,36,15,Southern 5,7.0,5.312459150169743,5.2789266019548667e-05,10
14,10.0,36,8,Lovund,7.1,3.6953424138441555,9.006075239431288e-05,10
14,10.0,36,7,Onøy og Lurøy,7.4,4.9035134795822115,8.020261123796485e-05,10
14,10.0,36,5,Hestmannøy,7.7,2.9078437983419185,1.5553081428969424e-05,10
14,10.0,36,0,Nesøy,7.8,4.779586221049312,0.0002039055827349388,10
14,10.0,36,10,Aldra,8.8,5.4528280124476085,-0.00010858605606496763,10
14,10.0,36,6,Indre Kvarøy,8.9,3.3149493041204847,-0.00010676916984601747,10
14,10.0,36,9,Sleneset,9.1,4.931756504757937,-7.615773700793619e-05,10
14,10.0,36,4,Gjerøy,10.0,2.8674417556808756,-9.419750511922654e-05,10
14,10.0,36,2,Træna,10.1,3.5418137224371984,-8.60066419984121e-05,10
14,10.0,36,3,Selvær,10.9,3.984692933938295,-0.00020545156170618373,10
14,10.0,37,11,Southern 1,5.0,3.3333333333333335,0.00030670538300144447,10
14,10.0,37,12,Southern 2,6.7,4.24394994210713,0.00013737588427448745,10
14,10.0,37,13,Southern 3,6.7,4.498147766951785,5.7016619082828104e-05,10
14,10.0,37,1,Myken,6.8,4.825856285561029,0.00014712237273742018,10
14,10.0,37,15,Southern 5,6.9,5.363456596884761,5.360694392232889e-05,10
14,10.0,37,8,Lovund,7.1,3.8715486421958962,9.863397090326131e-05,10
14,10.0,37,7,Onøy og Lurøy,7.4,4.9035134795822115,7.840379222382588e-05,10
14,10.0,37,0,Nesøy,7.8,4.779586221049312,0.00020270416282986624,10
14,10.0,37,5,Hestmannøy,7.8,2.859681411936962,1.6042370864040497e-05,10
14,10.0,37,6,Indre Kvarøy,8.6,3.438345855527367,-0.0001047906286649968,10
14,10.0,37,10,Aldra,9.0,5.291502622129181,-0.00010595302734727681,10
14,10.0,37,9,Sleneset,9.2,4.871686908385362,-7.616271550108517e-05,10
14,10.0,37,4,Gjerøy,10.0,2.788866755113585,-9.539556988029098e-05,10
14,10.0,37,2,Træna,10.1,3.5418137224371984,-8.471411957502171e-05,10
14,10.0,37,3,Selvær,10.9,3.984692933938295,-0.0002077845422467904,10
14,10.0,38,11,Southern 1,5.0,3.3333333333333335,0.00030427205409404095,10
14,10.0,38,12,Southern 2,6.7,4.24394994210713,0.0001402844971861178,10
14,10.0,38,13,Southern 3,6.7,4.498147766951785,5.775854491876817e-05,10
14,10.0,38,1,Myken,6.9,4.886489310105751,0.00015663990829923062,10
14,10.0,38,15,Southern 5,6.9,5.363456596884761,5.6086649254471046e-05,10
14,10.0,38,8,Lovund,7.0,3.8005847503304606,0.00010201888461449007,10
14,10.0,38,7,Onøy og Lurøy,7.4,4.9035134795822115,7.718985428154115e-05,10
14,10.0,38,0,Nesøy,7.8,4.779586221049312,0.0001997544889635326,10
14,10.0,38,5,Hestmannøy,7.8,2.859681411936962,1.648810935137294e-05,10
14,10.0,38,6,Indre Kvarøy,8.6,3.438345855527367,-0.00010686560228786216,10
14,10.0,38,10,Aldra,9.0,5.291502622129181,-0.00010511619747807232,10
14,10.0,38,9,Sleneset,9.2,4.871686908385362,-8.085243886651411e-05,10
14,10.0,38,4,Gjerøy,10.0,2.788866755113585,-9.733644806044192e-05,10
14,10.0,38,2,Træna,10.1,3.5418137224371984,-8.44369150722003e-05,10
14,10.0,38,3,Selvær,10.9,3.984692933938295,-0.00020538154435817223,10
14,10.0,39,11,Southern 1,5.0,3.3333333333333335,0.0003017627084705746,10
14,10.0,39,12,Southern 2,6.7,4.24394994210713,0.0001412584936812198,10
14,10.0,39,13,Southern 3,6.7,4.498147766951785,5.852650274213219e-05,10
14,10.0,39,1,Myken,6.9,4.886489310105751,0.00015146491122101322,10
14,10.0,39,15,Southern 5,6.9,5.363456596884761,5.855061513738145e-05,10
14,10.0,39,8,Lovund,7.0,3.8005847503304606,0.00010075562724291206,10
14,10.0,39,7,Onøy og Lurøy,7.3,4.83160888777687,7.777765744166157e-05,10
14,10.0,39,0,Nesøy,7.8,4.779586221049312,0.00019253669321241698,10
14,10.0,39,5,Hestmannøy,7.8,2.859681411936962,1.6900287267031666e-05,10
14,10.0,39,6,Indre Kvarøy,8.7,3.3015148038438356,-0.00010876305889308037,10
14,10.0,39,10,Aldra,8.8,5.4528280124476085,-9.452143045011357e-05,10
14,10.0,39,9,Sleneset,9.2,4.871686908385362,-8.826644241578245e-05,10
14,10.0,39,2,Træna,10.1,3.5418137224371984,-8.164971681801225e-05,10
14,10.0,39,4,Gjerøy,10.2,2.6161889160464775,-9.776193954911519e-05,10
14,10.0,39,3,Selvær,10.9,3.984692933938295,-0.00020264905135849572,10
14,10.0,40,11,Southern 1,4.9,3.314949304120485,0.00029933184091567,10
14,10.0,40,12,Southern 2,6.7,4.24394994210713,0.00014470059102406426,10
14,10.0,40,13,Southern 3,6.7,4.498147766951785,6.0675874226320903e-05,10
14,10.0,40,1,Myken,6.9,4.886489310105751,0.00014850438315765712,10
14,10.0,40,15,Southern 5,6.9,5.363456596884761,5.795536071125797e-05,10
14,10.0,40,8,Lovund,7.0,3.8005847503304606,9.814272209377358e-05,10
14,10.0,40,7,Onøy og Lurøy,7.3,4.83160888777687,7.931415565773825e-05,10
14,10.0,40,0,Nesøy,7.8,4.779586221049312,0.00019329856638116745,10
14,10.0,40,5,Hestmannøy,7.9,2.766867462592951,1.5769020399729473e-05,10
14,10.0,40,6,Indre Kvarøy,8.7,3.3015148038438356,-0.00010628314898957826,10
14,10.0,40,10,Aldra,8.9,5.384133067531753,-9.500112287857477e-05,10
14,10.0,40,9,Sleneset,9.2,4.871686908385362,-9.465926339331545e-05,10
14,10.0,40,2,Træna,10.1,3.5418137224371984,-8.087843920883818e-05,10
14,10.0,40,4,Gjerøy,10.1,2.806737924669451,-9.778624645293047e-05,10
14,10.0,40,3,Selvær,10.9,3.984692933938295,-0.00020077150704850077,10
14,10.0,41,11,Southern 1,4.9,3.314949304120485,0.00030187344764872313,10
14,10.0,41,12,Southern 2,6.7,4.24394994210713,0.00014020300919390973,10
14,10.0,41,13,Southern 3,6.7,4.498147766951785,6.090424739398099e-05,10
14,10.0,41,15,Southern 5,6.8,5.391351098441527,6.07978244791932e-05,10
14,10.0,41,1,Myken,6.9,4.886489310105751,0.00014539012846513573,10
14,10.0,41,8,Lovund,7.0,3.8005847503304606,9.875321652933906e-05,10
14,10.0,41,7,Onøy og Lurøy,7.3,4.83160888777687,7.988939783589244e-05,10
14,10.0,41,0,Nesøy,7.7,4.691600058733812,0.0001972347361879857,10
14,10.0,41,5,Hestmannøy,7.9,2.766867462592951,1.4955250704148784e-05,10
14,10.0,41,6,Indre Kvarøy,8.7,3.3015148038438356,-0.00010268178184274579,10
14,10.0,41,10,Aldra,8.9,5.384133067531753,-9.752302470176755e-05,10
14,10.0,41,9,Sleneset,9.2,4.871686908385362,-9.360084483538963e-05,10
14,10.0,41,2,Træna,10.1,3.5418137224371984,-8.375328899029434e-05,10
14,10.0,41,4,Gjerøy,10.2,2.859681411936962,-9.803147965691913e-05,10
14,10.0,41,3,Selvær,11.0,3.8297084310253524,-0.00020071401587679798,10
14,10.0,42,11,Southern 1,4.9,3.314949304120485,0.00030000499633448826,10
14,10.0,42,12,Southern 2,6.7,4.24394994210713,0.00013874353607887978,10
14,10.0,42,13,Southern 3,6.8,4.541169697580373,6.009841324559723e-05,10
14,10.0,42,15,Southern 5,6.8,5.391351098441527,6.367950623031714e-05,10
14,10.0,42,1,Myken,7.0,4.9216076867444665,0.00014299589128694202,10
14,10.0,42,8,Lovund,7.1,3.6651512019742567,0.00010275211374617792,10
14,10.0,42,7,Onøy og Lurøy,7.3,4.83160888777687,8.244709969901738e-05,10
14,10.0,42,0,Nesøy,7.9,4.931756504757937,0.00018925183464383737,10
14,10.0,42,5,Hestmannøy,7.9,2.766867462592951,1.612200037174182e-05,10
14,10.0,42,6,Indre Kvarøy,8.6,3.306559138036598,-0.0001017776816767336,10
14,10.0,42,10,Aldra,8.8,5.266244708835067,-9.599206722509113e-05,10
14,10.0,42,9,Sleneset,9.2,4.871686908385362,-9.337858764448224e-05,10
14,10.0,42,2,Træna,9.9,3.813717929323621,-8.259096807727501e-05,10
14,10.0,42,4,Gjerøy,10.1,2.806737924669451,-9.81773785775776e-05,10
14,10.0,42,3,Selvær,11.0,3.8297084310253524,-0.00020413333335286295,10
14,10.0,43,11,Southern 1,4.9,3.314949304120485,0.00030186657852540036,10
14,10.0,43,12,Southern 2,6.7,4.24394994210713,0.00013532162552225827,10
14,10.0,43,13,Southern 3,6.7,4.498147766951785,6.119501167967394e-05,10
14,10.0,43,15,Southern 5,6.8,5.391351098441527,6.005037143568515e-05,10
14,10.0,43,1,Myken,7.0,4.9216076867444665,0.00014545531854272866,10
14,10.0,43,8,Lovund,7.1,3.6651512019742567,0.0001053438722363218,10
14,10.0,43,7,Onøy og Lurøy,7.3,4.83160888777687,8.32391587391823e-05,10
14,10.0,43,0,Nesøy,7.8,4.8488257455915145,0.0001924234659246051,10
14,10.0,43,5,Hestmannøy,7.9,2.766867462592951,1.6438891692528474e-05,10
14,10.0,43,6,Indre Kvarøy,8.7,3.3015148038438356,-0.00010367487965208305,10
14,10.0,43,10,Aldra,8.8,5.266244708835067,-9.555199500378326e-05,10
14,10.0,43,9,Sleneset,9.2,4.871686908385362,-9.41815056631049e-05,10
14,10.0,43,2,Træna,9.9,3.813717929323621,-8.309455394503375e-05,10
14,10.0,43,4,Gjerøy,10.2,2.859681411936962,-9.935855440119457e-05,10
14,10.0,43,3,Selvær,11.0,3.8297084310253524,-0.0002023478767661419,10
14,10.0,44,11,Southern 1,4.8,3.2591750830880843,0.00030114699536847175,10
14,10.0,44,12,Southern 2,6.7,4.24394994210713,0.00013735737700064132,10
14,10.0,44,13,Southern 3,6.7,4.498147766951785,5.989447058052455e-05,10
14,10.0,44,15,Southern 5,6.8,5.391351098441527,6.331067241792393e-05,10
14,10.0,44,1,Myken,7.0,4.9216076867444665,0.00014464084130564212,10
14,10.0,44,8,Lovund,7.1,3.6651512019742567,0.00010555198414298323,10
14,10.0,44,7,Onøy og Lurøy,7.3,4.83160888777687,7.898469870477984e-05,10
14,10.0,44,0,Nesøy,7.8,4.8488257455915145,0.00019221587680100867,10
14,10.0,44,5,Hestmannøy,8.0,2.748737083745107,1.664706218768239e-05,10
14,10.0,44,6,Indre Kvarøy,8.7,3.2676869155073254,-0.00010333495965031121,10
14,10.0,44,10,Aldra,8.8,5.266244708835067,-9.458733876629767e-05,10
14,10.0,44,9,Sleneset,9.2,4.871686908385362,-9.677299378620257e-05,10
14,10.0,44,2,Træna,10.0,3.9440531887330774,-8.35152714558538e-05,10
14,10.0,44,4,Gjerøy,10.2,2.859681411936962,-9.860380047083814e-05,10
14,10.0,44,3,Selvær,10.9,3.725288952252936,-0.0001998150750934376,10
14,10.0,45,11,Southern 1,4.8,3.2591750830880843,0.00030137843550421905,10
14,10.0,45,1,Myken,6.6,4.765617600176404,0.00014867257037626778,10
14,10.0,45,12,Southern 2,6.7,4.24394994210713,0.00013377191665456243,10
14,10.0,45,13,Southern 3,6.7,4.498147766951785,5.969849193061415e-05,10
14,10.0,45,15,Southern 5,6.8,5.391351098441527,6.775201915893155e-05,10
14,10.0,45,8,Lovund,7.2,3.73571352696584,0.00010636254641690687,10
14,10.0,45,7,Onøy og Lurøy,7.3,4.83160888777687,7.837143808855701e-05,10
14,10.0,45,0,Nesøy,7.8,4.8488257455915145,0.00019441075500793232,10
14,10.0,45,5,Hestmannøy,8.1,2.766867462592951,1.5834861963586724e-05,10
14,10.0,45,10,Aldra,8.7,5.334374898294603,-9.87208456584302e-05,10
14,10.0,45,6,Indre Kvarøy,8.8,3.2249030993194197,-0.000103179781281921,10
14,10.0,45,9,Sleneset,9.2,4.871686908385362,-9.265772126716309e-05,10
14,10.0,45,2,Træna,10.1,3.9001424475410014,-8.290764399369784e-05,10
14,10.0,45,4,Gjerøy,10.3,2.6687491868330793,-9.85563455178809e-05,10
14,10.0,45,3,Selvær,10.9,3.725288952252936,-0.00019691685869226462,10
14,10.0,46,11,Southern 1,4.8,3.2591750830880843,0.0003000302000374669,10
14,10.0,46,1,Myken,6.7,4.808557187163549,0.00015412502346710824,10
14,10.0,46,12,Southern 2,6.7,4.24394994210713,0.0001340170214423066,10
14,10.0,46,13,Southern 3,6.7,4.498147766951785,6.327910668327298e-05,10
14,10.0,46,15,Southern 5,6.8,5.391351098441527,6.737334295280227e-05,10
14,10.0,46,7,Onøy og Lurøy,7.1,4.840798832148815,8.108920118024311e-05,10
14,10.0,46,8,Lovund,7.2,3.73571352696584,0.00010368885235969387,10
14,10.0,46,0,Nesøy,7.8,4.8488257455915145,0.00019483212110713716,10
14,10.0,46,5,Hestmannøy,8.1,2.766867462592951,1.4429532381403387e-05,10
14,10.0,46,10,Aldra,8.7,5.334374898294603,-9.85494961368729e-05,10
14,10.0,46,6,Indre Kvarøy,8.8,3.2249030993194197,-0.00010289328742558896,10
14,10.0,46,9,Sleneset,9.3,4.762119042797836,-9.01986386058222e-05,10
14,10.0,46,2,Træna,10.0,3.9440531887330774,-8.430882512589864e-05,10
14,10.0,46,4,Gjerøy,10.3,2.6687491868330793,-9.944721352860803e-05,10
14,10.0,46,3,Selvær,11.0,3.681787005729087,-0.00019849507554397112,10
14,10.0,47,11,Southern 1,4.8,3.2591750830880843,0.00029796820619308476,10
14,10.0,47,1,Myken,6.7,4.808557187163549,0.0001521136331374945,10
14,10.0,47,12,Southern 2,6.7,4.24394994210713,0.0001327195367040805,10
14,10.0,47,13,Southern 3,6.7,4.498147766951785,6.480065294186297e-05,10
14,10.0,47,15,Southern 5,6.8,5.391351098441527,6.630583936661728e-05,10
14,10.0,47,7,Onøy og Lurøy,7.1,4.840798832148815,8.023974949108924e-05,10
14,10.0,47,8,Lovund,7.1,3.8715486421958962,0.00010891993047386846,10
14,10.0,47,0,Nesøy,7.8,4.8488257455915145,0.0002031338075723944,10
14,10.0,47,5,Hestmannøy,8.1,2.766867462592951,1.4565514199019083e-05,10
14,10.0,47,6,Indre Kvarøy,8.8,3.2249030993194197,-0.00010371997199699395,10
14,10.0,47,10,Aldra,8.8,5.266244708835067,-9.753187193440853e-05,10
14,10.0,47,9,Sleneset,9.3,4.762119042797836,-8.941627066036848e-05,10
14,10.0,47,2,Træna,10.1,3.725288952252936,-8.62532492655227e-05,10
14,10.0,47,4,Gjerøy,10.2,2.859681411936962,-0.00010018064199604409,10
14,10.0,47,3,Selvær,11.0,3.681787005729087,-0.00019599931715294684,10
14,10.0,48,11,Southern 1,4.8,3.2591750830880843,0.00030047312723282865,10
14,10.0,48,13,Southern 3,6.7,4.498147766951785,6.205040035203865e-05,10
14,10.0,48,15,Southern 5,6.7,5.437523946307424,7.043237585253756e-05,10
14,10.0,48,12,Southern 2,6.8,4.2895221179054435,0.00013320113093003952,10
14,10.0,48,1,Myken,6.9,4.863697724525605,0.00015230748818175643,10
14,10.0,48,8,Lovund,7.1,3.8715486421958962,0.00011082701841499212,10
14,10.0,48,7,Onøy og Lurøy,7.2,4.779586221049312,7.813486159782685e-05,10
14,10.0,48,0,Nesøy,7.8,4.8488257455915145,0.0002028053545796685,10
14,10.0,48,5,Hestmannøy,8.0,2.748737083745107,1.4731515588666411e-05,10
14,10.0,48,6,Indre Kvarøy,8.7,3.2676869155073254,-0.00010268935840319984,10
14,10.0,48,10,Aldra,8.8,5.266244708835067,-9.80088374719363e-05,10
14,10.0,48,9,Sleneset,9.2,4.871686908385362,-8.971805175837121e-05,10
14,10.0,48,2,Træna,10.0,3.590109871423003,-8.694814190145317e-05,10
14,10.0,48,4,Gjerøy,10.2,2.859681411936962,-0.00010029548201976567,10
14,10.0,48,3,Selvær,11.1,3.665151201974256,-0.00019986788610228384,10
14,10.0,49,11,Southern 1,4.8,3.2591750830880843,0.00030077227757948857,10
14,10.0,49,12,Southern 2,6.7,4.24394994210713,0.0001331826773755497,10
14,10.0,49,13,Southern 3,6.7,4.498147766951785,6.108561434901167e-05,10
14,10.0,49,15,Southern 5,6.8,5.391351098441527,7.000241774308476e-05,10
14,10.0,49,1,Myken,6.9,4.863697724525605,0.00015446643346437978,10
14,10.0,49,8,Lovund,7.1,3.8715486421958962,0.00011383735452178685,10
14,10.0,49,7,Onøy og Lurøy,7.2,4.779586221049312,7.87500292402723e-05,10
14,10.0,49,0,Nesøy,7.8,5.028805910838963,0.00020521866471473861,10
14,10.0,49,5,Hestmannøy,8.0,2.748737083745107,1.4343087586801396e-05,10
14,10.0,49,6,Indre Kvarøy,8.7,3.2676869155073254,-0.00010164139238476881,10
14,10.0,49,10,Aldra,8.9,5.363456596884761,-0.00010388805288961714,10
14,10.0,49,9,Sleneset,9.2,4.871686908385362,-8.964931192314852e-05,10
14,10.0,49,2,Træna,10.1,3.3813212407775355,-8.510279482907288e-05,10
14,10.0,49,4,Gjerøy,10.1,2.806737924669451,-0.00010013272128043982,10
14,10.0,49,3,Selvær,11.0,3.711842908553348,-0.0002007875752679387,10
14,10.0,50,11,Southern 1,4.8,3.2591750830880843,0.00029982454532652327,10
14,10.0,50,13,Southern 3,6.7,4.498147766951785,6.090537201393919e-05,10
14,10.0,50,12,Southern 2,6.8,4.2895221179054435,0.0001339491231364879,10
14,10.0,50,15,Southern 5,6.8,5.391351098441527,7.41603016680672e-05,10
14,10.0,50,1,Myken,6.9,4.863697724525605,0.00015062033070278386,10
14,10.0,50,8,Lovund,7.1,3.8715486421958962,0.00011781148735641632,10
14,10.0,50,7,Onøy og Lurøy,7.2,4.779586221049312,7.741485237155996e-05,10
14,10.0,50,0,Nesøy,7.8,5.028805910838963,0.0002013178387230269,10
14,10.0,50,5,Hestmannøy,8.0,2.748737083745107,1.5283631353771864e-05,10
14,10.0,50,6,Indre Kvarøy,8.7,3.2676869155073254,-0.00010437594640312909,10
14,10.0,50,10,Aldra,8.9,5.363456596884761,-0.0001031972863372588,10
14,10.0,50,9,Sleneset,9.2,4.871686908385362,-8.890965559588533e-05,10
14,10.0,50,2,Træna,10.1,3.3813212407775355,-8.274769484155034e-05,10
14,10.0,50,4,Gjerøy,10.1,2.806737924669451,-0.00010041309536975101,10
14,10.0,50,3,Selvær,10.9,3.784471194529326,-0.0002046158037603372,10
14,10.0,51,11,Southern 1,5.0,3.4318767136623336,0.0003044149379466326,10
14,10.0,51,13,Southern 3,6.7,4.498147766951785,5.800688081418635e-05,10
14,10.0,51,15,Southern 5,6.7,5.437523946307424,7.394172854579688e-05,10
14,10.0,51,1,Myken,6.8,4.7093288033198295,0.00015087442090490547,10
14,10.0,51,12,Southern 2,6.8,4.2895221179054435,0.00013164628427316915,10
14,10.0,51,8,Lovund,7.0,3.8005847503304606,0.00011667101535558683,10
14,10.0,51,7,Onøy og Lurøy,7.2,4.917090377222873,8.012875576592672e-05,10
14,10.0,51,0,Nesøy,7.7,4.9452558635075246,0.0002036746730368486,10
14,10.0,51,5,Hestmannøy,8.0,2.748737083745107,1.5364064570708027e-05,10
14,10.0,51,6,Indre Kvarøy,8.6,3.339993346633426,-0.00010535112915413772,10
14,10.0,51,10,Aldra,8.9,5.363456596884761,-0.00010376284519101478,10
14,10.0,51,9,Sleneset,9.2,4.871686908385362,-8.591691140552315e-05,10
14,10.0,51,2,Træna,10.2,3.32665998663324,-8.765285001938105e-05,10
14,10.0,51,4,Gjerøy,10.2,2.859681411936962,-9.999461284139972e-05,10
14,10.0,51,3,Selvær,11.0,3.5901098714230026,-0.00020368305048709123,10
14,10.0,52,11,Southern 1,4.9,3.2472210341220142,0.0003046002823388245,10
14,10.0,52,1,Myken,6.5,4.576510072581994,0.00015275522438249782,10
14,10.0,52,15,Southern 5,6.7,5.437523946307424,7.497504761241048e-05,10
14,10.0,52,12,Southern 2,6.8,4.2895221179054435,0.00012914581662369014,10
14,10.0,52,13,Southern 3,6.8,4.589843860815601,5.5497668146765346e-05,10
14,10.0,52,8,Lovund,6.9,3.7549966711037173,0.00011669763139659129,10
14,10.0,52,7,Onøy og Lurøy,7.2,4.917090377222873,8.489889339175775e-05,10
14,10.0,52,0,Nesøy,7.8,4.8488257455915145,0.00019882095353276427,10
14,10.0,52,5,Hestmannøy,8.1,2.923088169119167,1.67191888787671e-05,10
14,10.0,52,6,Indre Kvarøy,8.9,3.1780497164141406,-0.00010682312757068733,10
14,10.0,52,10,Aldra,8.9,5.363456596884761,-9.484328277698164e-05,10
14,10.0,52,9,Sleneset,9.2,4.871686908385362,-8.757637978667386e-05,10
14,10.0,52,2,Træna,10.2,3.675746333890726,-8.696949766973737e-05,10
14,10.0,52,4,Gjerøy,10.2,2.859681411936962,-0.00010160184043632397,10
14,10.0,52,3,Selvær,10.9,3.478505426185217,-0.00020473000874821697,10
14,10.0,53,11,Southern 1,5.0,3.265986323710904,0.0003040786936060792,10
14,10.0,53,1,Myken,6.6,4.599516882842757,0.00015322147897822865,10
14,10.0,53,8,Lovund,6.8,3.73571352696584,0.000113197007027,10
14,10.0,53,12,Southern 2,6.8,4.2895221179054435,0.00012631531248586268,10
14,10.0,53,13,Southern 3,6.8,4.589843860815601,5.626768894068637e-05,10
14,10.0,53,15,Southern 5,6.9,5.279941077112298,7.853145149168888e-05,10
14,10.0,53,7,Onøy og Lurøy,7.1,5.0431471655438855,8.605201414627e-05,10
14,10.0,53,0,Nesøy,7.8,4.8488257455915145,0.00019829257208320484,10
14,10.0,53,5,Hestmannøy,8.0,3.018461712712472,1.789255141127419e-05,10
14,10.0,53,6,Indre Kvarøy,8.9,3.1780497164141406,-0.00010817237289205963,10
14,10.0,53,10,Aldra,8.9,5.363456596884761,-0.0001032135907387816,10
14,10.0,53,9,Sleneset,9.2,4.871686908385362,-8.827018689680735e-05,10
14,10.0,53,2,Træna,10.2,3.675746333890726,-8.460298969503259e-05,10
14,10.0,53,4,Gjerøy,10.2,2.859681411936962,-0.0001003714900204376,10
14,10.0,53,3,Selvær,10.8,3.675746333890726,-0.00020505959990851284,10
14,10.0,54,11,Southern 1,5.0,3.265986323710904,0.00030214287153946726,10
14,10.0,54,1,Myken,6.6,4.599516882842757,0.00015409930043254016,10
14,10.0,54,8,Lovund,6.8,3.73571352696584,0.00011454583775470821,10
14,10.0,54,13,Southern 3,6.8,4.589843860815601,5.703965201929162e-05,10
14,10.0,54,15,Southern 5,6.8,5.391351098441527,8.117746746021715e-05,10
14,10.0,54,12,Southern 2,6.9,4.1486276177925525,0.00012585915914322304,10
14,10.0,54,7,Onøy og Lurøy,7.1,5.0431471655438855,8.723678567099426e-05,10
14,10.0,54,0,Nesøy,7.8,4.8488257455915145,0.00019601190155041126,10
14,10.0,54,5,Hestmannøy,8.0,3.018461712712472,1.8236771108004767e-05,10
14,10.0,54,6,Indre Kvarøy,8.9,3.1780497164141406,-0.00010919747847553936,10
14,10.0,54,10,Aldra,8.9,5.363456596884761,-9.999522404406705e-05,10
14,10.0,54,9,Sleneset,9.2,4.871686908385362,-8.958867771818079e-05,10
14,10.0,54,2,Træna,10.1,3.5418137224371984,-8.35216791620942e-05,10
14,10.0,54,4,Gjerøy,10.2,2.859681411936962,-0.00010074970130343826,10
14,10.0,54,3,Selvær,10.9,3.784471194529326,-0.0002073747450894691,10
14,10.0,55,11,Southern 1,5.0,3.265986323710904,0.0003001918156207801,10
14,10.0,55,1,Myken,6.7,4.643992535164831,0.00015534344780085942,10
14,10.0,55,15,Southern 5,6.7,5.437523946307424,8.612722546983631e-05,10
14,10.0,55,13,Southern 3,6.8,4.589843860815601,5.713438028565861e-05,10
14,10.0,55,8,Lovund,6.9,3.7549966711037173,0.00011328209258395804,10
14,10.0,55,12,Southern 2,6.9,4.175324338699131,0.00012457699699493002,10
14,10.0,55,7,Onøy og Lurøy,7.1,5.0431471655438855,8.769589230157783e-05,10
14,10.0,55,0,Nesøy,7.7,4.808557187163549,0.00019287048007267792,10
14,10.0,55,5,Hestmannøy,8.0,3.018461712712472,1.8322358343335865e-05,10
14,10.0,55,6,Indre Kvarøy,8.7,3.2335051500740732,-0.00010786361058217988,10
14,10.0,55,10,Aldra,8.9,5.363456596884761,-0.00010258931799550093,10
14,10.0,55,9,Sleneset,9.2,4.871686908385362,-9.224091651864209e-05,10
14,10.0,55,2,Træna,10.1,3.5418137224371984,-8.142043131874189e-05,10
14,10.0,55,4,Gjerøy,10.2,2.859681411936962,-9.976116749279865e-05,10
14,10.0,55,3,Selvær,11.1,3.510302297840205,-0.00020689205177549727,10
14,10.0,56,11,Southern 1,5.0,3.2317865716108862,0.0003006589463165402,10
14,10.0,56,1,Myken,6.7,4.643992535164831,0.00015627475449292482,10
14,10.0,56,15,Southern 5,6.7,5.437523946307424,8.224720339595757e-05,10
14,10.0,56,13,Southern 3,6.8,4.589843860815601,5.6914839516957156e-05,10
14,10.0,56,8,Lovund,6.9,3.7549966711037173,0.0001152401150514653,10
14,10.0,56,12,Southern 2,7.0,4.216370213557839,0.00012308352562028082,10
14,10.0,56,7,Onøy og Lurøy,7.1,5.0431471655438855,8.656458634331341e-05,10
14,10.0,56,0,Nesøy,7.7,4.808557187163549,0.00019681208666048194,10
14,10.0,56,5,Hestmannøy,8.1,2.923088169119167,1.828680732000413e-05,10
14,10.0,56,6,Indre Kvarøy,8.7,3.2335051500740732,-0.00010636527035413688,10
14,10.0,56,10,Aldra,8.9,5.363456596884761,-9.960648023301325e-05,10
14,10.0,56,9,Sleneset,9.2,4.871686908385362,-9.222229062560308e-05,10
14,10.0,56,2,Træna,10.1,3.8427420765212266,-8.2613804082374e-05,10
14,10.0,56,4,Gjerøy,10.2,2.859681411936962,-0.00010080435100126594,10
14,10.0,56,3,Selvær,10.9,3.478505426185217,-0.00020382666482630013,10
14,10.0,57,11,Southern 1,5.1,3.2472210341220142,0.00030011520487286,10
14,10.0,57,15,Southern 5,6.7,5.437523946307424,8.251612242993302e-05,10
14,10.0,57,1,Myken,6.8,4.7093288033198295,0.00015458081323513822,10
14,10.0,57,13,Southern 3,6.8,4.589843860815601,5.803500105507711e-05,10
14,10.0,57,8,Lovund,7.0,3.8005847503304606,0.00011640063059731212,10
14,10.0,57,12,Southern 2,7.0,4.216370213557839,0.0001230291741257209,10
14,10.0,57,7,Onøy og Lurøy,7.1,5.0431471655438855,8.662911540249152e-05,10
14,10.0,57,0,Nesøy,7.6,4.926120853842977,0.0001977538550076765,10
14,10.0,57,5,Hestmannøy,7.8,2.9363620727393656,1.8738508913778844e-05,10
14,10.0,57,6,Indre Kvarøy,8.7,3.2335051500740732,-0.0001096403755241306,10
14,10.0,57,10,Aldra,8.9,5.363456596884761,-9.747250706841127e-05,10
14,10.0,57,9,Sleneset,9.3,4.715223571935199,-9.029249917907338e-05,10
14,10.0,57,2,Træna,10.0,3.711842908553348,-8.141457976652743e-05,10
14,10.0,57,4,Gjerøy,10.2,2.859681411936962,-0.00010260499851991434,10
14,10.0,57,3,Selvær,11.0,3.5901098714230026,-0.00020322848101148567,10
14,10.0,58,11,Southern 1,5.0,3.2317865716108862,0.0003003131175242005,10
14,10.0,58,12,Southern 2,6.8,4.2895221179054435,0.00012180195442977167,10
14,10.0,58,15,Southern 5,6.8,5.329165037789691,8.431282793977432e-05,10
14,10.0,58,1,Myken,6.9,4.748099034818508,0.00015296960151963936,10
14,10.0,58,8,Lovund,6.9,3.7549966711037173,0.0001170237214834134,10
14,10.0,58,13,Southern 3,6.9,4.508017549014447,5.9181233989631885e-05,10
14,10.0,58,7,Onøy og Lurøy,7.1,5.0431471655438855,8.497811647602201e-05,10
14,10.0,58,0,Nesøy,7.7,4.967673276069771,0.0001959642831609103,10
14,10.0,58,5,Hestmannøy,8.0,2.8674417556808756,1.8194067503299126e-05,10
14,10.0,58,6,Indre Kvarøy,8.7,3.2335051500740732,-0.00010930406382501264,10
14,10.0,58,10,Aldra,8.8,5.473166867139678,-9.643641519397215e-05,10
14,10.0,58,9,Sleneset,9.3,4.715223571935199,-9.323329689263201e-05,10
14,10.0,58,2,Træna,9.9,3.7549966711037177,-7.879656863133704e-05,10
14,10.0,58,4,Gjerøy,10.2,2.859681411936962,-0.00010287550812057423,10
14,10.0,58,3,Selvær,11.0,3.5901098714230026,-0.00020225008705208064,10
14,10.0,59,11,Southern 1,5.0,3.2317865716108862,0.00030297150981689483,10
14,10.0,59,12,Southern 2,6.8,4.2895221179054435,0.00012254898273610717,10
14,10.0,59,15,Southern 5,6.8,5.329165037789691,8.19259112740199e-05,10
14,10.0,59,8,Lovund,6.9,3.7549966711037173,0.0001157211271786589,10
14,10.0,59,13,Southern 3,6.9,4.508017549014447,5.75867178630323e-05,10
14,10.0,59,1,Myken,7.0,4.83045891539648,0.0001589596013634813,10
14,10.0,59,7,Onøy og Lurøy,7.1,5.0431471655438855,8.369406601925784e-05,10
14,10.0,59,0,Nesøy,7.7,4.967673276069771,0.000196379614846699,10
14,10.0,59,5,Hestmannøy,8.0,2.8674417556808756,1.8261105145079177e-05,10
14,10.0,59,6,Indre Kvarøy,8.7,3.2335051500740732,-0.00010837469083830147,10
14,10.0,59,10,Aldra,8.8,5.473166867139678,-9.596583074161148e-05,10
14,10.0,59,9,Sleneset,9.3,4.715223571935199,-9.167920235400892e-05,10
14,10.0,59,2,Træna,10.0,3.8873012632302,-8.09830801472958e-05,10
14,10.0,59,4,Gjerøy,10.1,2.8460498941515415,-0.00010238571308730102,10
14,10.0,59,3,Selvær,10.9,3.478505426185217,-0.00020679384798694386,10
14,10.0,60,11,Southern 1,5.0,3.2317865716108862,0.0003033469236835156,10
14,10.0,60,1,Myken,6.8,4.7093288033198295,0.00016823764916596118,10
14,10.0,60,15,Southern 5,6.8,5.329165037789691,8.484477835616246e-05,10
14,10.0,60,8,Lovund,6.9,3.7549966711037173,0.00011486490316581543,10
14,10.0,60,12,Southern 2,6.9,4.357624225296267,0.00011952929605018467,10
14,10.0,60,13,Southern 3,6.9,4.508017549014447,5.72515060588091e-05,10
14,10.0,60,7,Onøy og Lurøy,7.1,5.0431471655438855,8.119513502745532e-05,10
14,10.0,60,0,Nesøy,7.6,4.926120853842977,0.00019309572780278945,10
14,10.0,60,5,Hestmannøy,8.0,2.8674417556808756,1.80212068321198e-05,10
14,10.0,60,6,Indre Kvarøy,8.7,3.2335051500740732,-0.00010825423919128333,10
14,10.0,60,10,Aldra,8.8,5.473166867139678,-9.50647164956443e-05,10
14,10.0,60,9,Sleneset,9.3,4.715223571935199,-9.07920355757898e-05,10
14,10.0,60,2,Træna,10.1,3.8427420765212266,-8.12307311109655e-05,10
14,10.0,60,4,Gjerøy,10.2,2.859681411936962,-0.00010172498369112249,10
14,10.0,60,3,Selvær,10.9,3.478505426185217,-0.0002042037973650295,10
14,10.0,61,11,Southern 1,5.0,3.2317865716108862,0.0003058374798982505,10
14,10.0,61,12,Southern 2,6.7,4.24394994210713,0.00012074546057582593,10
14,10.0,61,1,Myken,6.8,4.7093288033198295,0.00016837543922532724,10
14,10.0,61,15,Southern 5,6.8,5.329165037789691,8.824329228833744e-05,10
14,10.0,61,13,Southern 3,6.9,4.508017549014447,5.8186819461407695e-05,10
14,10.0,61,8,Lovund,7.0,3.8005847503304606,0.0001157955752866157,10
14,10.0,61,7,Onøy og Lurøy,7.1,5.0431471655438855,8.075173292999157e-05,10
14,10.0,61,0,Nesøy,7.7,4.967673276069771,0.00018222968126709195,10
14,10.0,61,5,Hestmannøy,7.9,2.8460498941515415,1.7311730887161033e-05,10
14,10.0,61,6,Indre Kvarøy,8.7,3.2335051500740732,-0.00011038312672155212,10
14,10.0,61,10,Aldra,8.8,5.473166867139678,-9.393182675064069e-05,10
14,10.0,61,9,Sleneset,9.3,4.715223571935199,-9.498585867159041e-05,10
14,10.0,61,2,Træna,10.1,3.8427420765212266,-8.18781642264464e-05,10
14,10.0,61,4,Gjerøy,10.2,2.859681411936962,-0.00010153436807343423,10
14,10.0,61,3,Selvær,11.0,3.39934634239519,-0.00020354522409437022,10
14,10.0,62,11,Southern 1,5.0,3.2317865716108862,0.0003061133243909881,10
14,10.0,62,12,Southern 2,6.7,4.24394994210713,0.00011930122141752203,10
14,10.0,62,1,Myken,6.8,4.685675570881488,0.00016804476055153988,10
14,10.0,62,15,Southern 5,6.8,5.329165037789691,8.924195714187957e-05,10
14,10.0,62,13,Southern 3,6.9,4.508017549014447,5.880958175703806e-05,10
14,10.0,62,8,Lovund,7.0,3.8005847503304606,0.00011528089053193494,10
14,10.0,62,7,Onøy og Lurøy,7.1,5.0431471655438855,7.782104584917885e-05,10
14,10.0,62,0,Nesøy,7.7,4.967673276069771,0.000185331084553756,10
14,10.0,62,5,Hestmannøy,7.9,2.8460498941515415,1.750880214493202e-05,10
14,10.0,62,6,Indre Kvarøy,8.8,3.259175083088085,-0.00011062503630223787,10
14,10.0,62,10,Aldra,8.8,5.473166867139678,-9.271401415046575e-05,10
14,10.0,62,9,Sleneset,9.3,4.715223571935199,-9.406181735287708e-05,10
14,10.0,62,2,Træna,10.0,3.8873012632302,-8.13240412626074e-05,10
14,10.0,62,4,Gjerøy,10.2,2.859681411936962,-0.00010333982413562558,10
14,10.0,62,3,Selvær,11.0,3.39934634239519,-0.0001999255128380343,10
14,10.0,63,11,Southern 1,4.9,3.1780497164141406,0.00030699447442048954,10
14,10.0,63,12,Southern 2,6.7,4.24394994210713,0.00012026723306591498,10
14,10.0,63,1,Myken,6.8,4.685675570881488,0.0001681318003124778,10
14,10.0,63,13,Southern 3,6.8,4.589843860815601,5.7996112153029056e-05,10
14,10.0,63,15,Southern 5,6.8,5.329165037789691,8.92057670691814e-05,10
14,10.0,63,7,Onøy og Lurøy,7.1,5.0431471655438855,7.867023017605476e-05,10
14,10.0,63,8,Lovund,7.1,3.8715486421958962,0.000112336349455339,10
14,10.0,63,0,Nesøy,7.7,4.967673276069771,0.00018051351168011875,10
14,10.0,63,5,Hestmannøy,7.8,2.859681411936962,1.734785121979244e-05,10
14,10.0,63,6,Indre Kvarøy,8.9,3.1073389830457114,-0.00011030508996981018,10
14,10.0,63,10,Aldra,8.9,5.363456596884761,-9.100654640442393e-05,10
14,10.0,63,9,Sleneset,9.3,4.715223571935199,-9.383332653180396e-05,10
14,10.0,63,2,Træna,10.0,3.8873012632302,-8.093154124726394e-05,10
14,10.0,63,4,Gjerøy,10.2,2.859681411936962,-0.00010344432611267629,10
14,10.0,63,3,Selvær,11.0,3.39934634239519,-0.0001997031029802125,10
14,10.0,64,11,Southern 1,4.9,3.1780497164141406,0.00030772820540486223,10
14,10.0,64,12,Southern 2,6.7,4.24394994210713,0.00012101624944504694,10
14,10.0,64,1,Myken,6.8,4.685675570881488,0.0001663839329174652,10
14,10.0,64,13,Southern 3,6.8,4.589843860815601,5.872166771200816e-05,10
14,10.0,64,15,Southern 5,6.8,5.329165037789691,9.153583845533199e-05,10
14,10.0,64,7,Onøy og Lurøy,7.1,5.0431471655438855,7.907481612481485e-05,10
14,10.0,64,8,Lovund,7.1,3.8715486421958962,0.00011115201055889471,10
14,10.0,64,0,Nesøy,7.7,4.967673276069771,0.00017798899862559093,10
14,10.0,64,5,Hestmannøy,7.9,2.8460498941515415,1.7090763179324964e-05,10
14,10.0,64,6,Indre Kvarøy,8.8,3.155242550986462,-0.00010992873967488727,10
14,10.0,64,10,Aldra,8.9,5.363456596884761,-9.524800435954707e-05,10
14,10.0,64,9,Sleneset,9.3,4.715223571935199,-9.32738223883611e-05,10
14,10.0,64,2,Træna,10.0,3.8873012632302,-8.205463815826909e-05,10
14,10.0,64,4,Gjerøy,10.2,2.859681411936962,-0.00010407640276237145,10
14,10.0,64,3,Selvær,11.0,3.39934634239519,-0.00019779042368844223,10
14,10.0,65,11,Southern 1,4.9,3.1780497164141406,0.0003075177535037397,10
14,10.0,65,1,Myken,6.6,4.623610902506587,0.0001652387276003954,10
14,10.0,65,12,Southern 2,6.7,4.24394994210713,0.00012071803500744633,10
14,10.0,65,13,Southern 3,6.8,4.589843860815601,6.032877390930395e-05,10
14,10.0,65,15,Southern 5,6.8,5.329165037789691,8.944198735041924e-05,10
14,10.0,65,7,Onøy og Lurøy,7.1,5.0431471655438855,7.726047486769587e-05,10
14,10.0,65,8,Lovund,7.1,3.8715486421958962,0.00011223937488692845,10
14,10.0,65,0,Nesøy,7.7,4.967673276069771,0.00017264673187014341,10
14,10.0,65,5,Hestmannøy,7.9,2.8460498941515415,1.6932382576483714e-05,10
14,10.0,65,10,Aldra,8.9,5.363456596884761,-9.404845755814309e-05,10
14,10.0,65,6,Indre Kvarøy,9.0,3.0912061651652345,-0.0001097870801100565,10
14,10.0,65,9,Sleneset,9.3,4.715223571935199,-9.029067554846095e-05,10
14,10.0,65,2,Træna,10.0,3.8873012632302,-8.17589573338622e-05,10
14,10.0,65,4,Gjerøy,10.2,2.859681411936962,-0.00010462925062827306,10
14,10.0,65,3,Selvær,11.0,3.39934634239519,-0.0001956988557446433,10
14,10.0,66,11,Southern 1,4.9,3.1780497164141406,0.0003070208998413928,10
14,10.0,66,1,Myken,6.6,4.623610902506587,0.00015985570598180633,10
14,10.0,66,8,Lovund,6.8,3.675746333890726,0.00011195564764593189,10
14,10.0,66,12,Southern 2,6.8,4.2895221179054435,0.00011986576211633904,10
14,10.0,66,13,Southern 3,6.8,4.589843860815601,6.066251920389934e-05,10
14,10.0,66,15,Southern 5,6.8,5.329165037789691,8.960637678628292e-05,10
14,10.0,66,7,Onøy og Lurøy,7.1,5.0431471655438855,7.787441537249583e-05,10
14,10.0,66,0,Nesøy,7.7,4.967673276069771,0.00017217392841305723,10
14,10.0,66,5,Hestmannøy,8.0,2.8674417556808756,1.762803549925609e-05,10
14,10.0,66,10,Aldra,8.9,5.363456596884761,-9.442762812949762e-05,10
14,10.0,66,6,Indre Kvarøy,9.2,3.1198290551460244,-0.00010909685239200823,10
14,10.0,66,9,Sleneset,9.3,4.715223571935199,-8.77508067656175e-05,10
14,10.0,66,2,Træna,10.0,3.8873012632302,-8.051845673302422e-05,10
14,10.0,66,4,Gjerøy,10.2,2.859681411936962,-0.00010514804148565788,10
14,10.0,66,3,Selvær,10.9,3.478505426185217,-0.00019858364569318824,10
14,10.0,67,11,Southern 1,5.0,3.2317865716108862,0.0003073477910582283,10
14,10.0,67,1,Myken,6.7,4.643992535164831,0.00016057972099157357,10
14,10.0,67,8,Lovund,6.7,3.653004851412662,0.00011391034138188097,10
14,10.0,67,12,Southern 2,6.8,4.2895221179054435,0.00011853491718001496,10
14,10.0,67,13,Southern 3,6.8,4.589843860815601,5.898268915994643e-05,10
14,10.0,67,15,Southern 5,6.8,5.329165037789691,8.987814915324174e-05,10
14,10.0,67,7,Onøy og Lurøy,7.1,5.0431471655438855,7.996959191598906e-05,10
14,10.0,67,0,Nesøy,7.8,5.0508525133002165,0.00016953839410951418,10
14,10.0,67,5,Hestmannøy,8.1,2.923088169119167,1.7622342336198758e-05,10
14,10.0,67,10,Aldra,8.9,5.363456596884761,-9.544219723035431e-05,10
14,10.0,67,6,Indre Kvarøy,9.0,3.197221015541813,-0.00010818983306336757,10
14,10.0,67,9,Sleneset,9.3,4.715223571935199,-8.433926817097714e-05,10
14,10.0,67,2,Træna,10.0,3.8873012632302,-7.974164641687045e-05,10
14,10.0,67,4,Gjerøy,10.1,2.806737924669451,-0.00010537638016543726,10
14,10.0,67,3,Selvær,10.9,3.478505426185217,-0.00019919466006285626,10
14,10.0,68,11,Southern 1,5.0,3.2317865716108862,0.00030750678358461335,10
14,10.0,68,8,Lovund,6.7,3.653004851412662,0.00011528431823552442,10
14,10.0,68,15,Southern 5,6.7,5.437523946307424,9.003606713579744e-05,10
14,10.0,68,1,Myken,6.8,4.685675570881488,0.00015877079247881448,10
14,10.0,68,12,Southern 2,6.8,4.2895221179054435,0.00012073819716607085,10
14,10.0,68,13,Southern 3,6.8,4.589843860815601,5.792100419027002e-05,10
14,10.0,68,7,Onøy og Lurøy,7.2,4.917090377222873,7.805997669223188e-05,10
14,10.0,68,0,Nesøy,7.8,5.0508525133002165,0.00018112505135953007,10
14,10.0,68,5,Hestmannøy,8.1,2.923088169119167,1.78785131520177e-05,10
14,10.0,68,6,Indre Kvarøy,8.9,3.2128215360057304,-0.00010756320028481999,10
14,10.0,68,10,Aldra,8.9,5.363456596884761,-9.943196215872897e-05,10
14,10.0,68,9,Sleneset,9.3,4.715223571935199,-8.499027957800895e-05,10
14,10.0,68,2,Træna,10.0,3.8873012632302,-8.042189629318009e-05,10
14,10.0,68,4,Gjerøy,10.1,2.806737924669451,-0.00010636228683877126,10
14,10.0,68,3,Selvær,10.9,3.478505426185217,-0.00020042003831394862,10
14,10.0,69,11,Southern 1,5.0,3.2317865716108862,0.0003059050811061727,10
14,10.0,69,8,Lovund,6.7,3.653004851412662,0.00011482938938722283,10
14,10.0,69,15,Southern 5,6.7,5.437523946307424,9.474776647081742e-05,10
14,10.0,69,1,Myken,6.8,4.685675570881488,0.0001572763812599745,10
14,10.0,69,12,Southern 2,6.8,4.2895221179054435,0.00012056419114589466,10
14,10.0,69,13,Southern 3,6.8,4.589843860815601,5.749981974182864e-05,10
14,10.0,69,7,Onøy og Lurøy,7.2,4.917090377222873,7.705290021504208e-05,10
14,10.0,69,0,Nesøy,7.8,5.0508525133002165,0.00017930873917129393,10
14,10.0,69,5,Hestmannøy,8.1,2.923088169119167,1.7873502983992482e-05,10
14,10.0,69,6,Indre Kvarøy,8.9,3.2128215360057304,-0.00010684199481471538,10
14,10.0,69,10,Aldra,8.9,5.363456596884761,-9.906024635458065e-05,10
14,10.0,69,9,Sleneset,9.3,4.715223571935199,-8.567299144690395e-05,10
14,10.0,69,2,Træna,10.0,3.8873012632302,-7.998444247570894e-05,10
14,10.0,69,4,Gjerøy,10.1,2.806737924669451,-0.00010584761116764513,10
14,10.0,69,3,Selvær,10.9,3.478505426185217,-0.00019853852743415798,10
14,10.0,70,11,Southern 1,5.0,3.2317865716108862,0.0003072272855570748,10
14,10.0,70,8,Lovund,6.7,3.653004851412662,0.00011424595342995089,10
14,10.0,70,12,Southern 2,6.8,4.2895221179054435,0.00012222890114723116,10
14,10.0,70,13,Southern 3,6.8,4.589843860815601,5.733473061894312e-05,10
14,10.0,70,15,Southern 5,6.8,5.411920998027308,9.656996767159595e-05,10
14,10.0,70,1,Myken,6.9,4.748099034818508,0.0001565042740122384,10
14,10.0,70,7,Onøy og Lurøy,7.2,4.917090377222873,8.005769678454634e-05,10
14,10.0,70,0,Nesøy,7.8,5.0508525133002165,0.00017633496468240866,10
14,10.0,70,5,Hestmannøy,8.0,2.8674417556808756,1.791873443049578e-05,10
14,10.0,70,6,Indre Kvarøy,8.9,3.2128215360057304,-0.00010951668190564144,10
14,10.0,70,10,Aldra,8.9,5.363456596884761,-9.979963938767744e-05,10
14,10.0,70,9,Sleneset,9.3,4.715223571935199,-8.473336885238206e-05,10
14,10.0,70,2,Træna,10.0,3.8873012632302,-8.356671196264816e-05,10
14,10.0,70,4,Gjerøy,10.1,2.806737924669451,-0.00010724262386844885,10
14,10.0,70,3,Selvær,10.8,3.6453928305312844,-0.00019498319390914558,10
14,10.0,71,11,Southern 1,5.0,3.2317865716108862,0.0003059871639225037,10
14,10.0,71,12,Southern 2,6.8,4.2895221179054435,0.00012178664438253702,10
14,10.0,71,13,Southern 3,6.8,4.589843860815601,5.753232577184697e-05,10
14,10.0,71,15,Southern 5,6.8,5.411920998027308,9.635758701782298e-05,10
14,10.0,71,1,Myken,6.9,4.748099034818508,0.0001535887995295387,10
14,10.0,71,8,Lovund,6.9,3.7252889522529355,0.00011418577059185552,10
14,10.0,71,7,Onøy og Lurøy,7.2,4.917090377222873,8.136434373570523e-05,10
14,10.0,71,0,Nesøy,7.8,5.0508525133002165,0.00017178762075106517,10
14,10.0,71,5,Hestmannøy,7.9,2.8460498941515415,1.9415433320357745e-05,10
14,10.0,71,6,Indre Kvarøy,8.8,3.259175083088085,-0.00010811123642147777,10
14,10.0,71,10,Aldra,8.9,5.363456596884761,-9.775316439132649e-05,10
14,10.0,71,9,Sleneset,9.3,4.715223571935199,-8.99670312983765e-05,10
14,10.0,71,2,Træna,10.0,3.8873012632302,-8.311609188847098e-05,10
14,10.0,71,4,Gjerøy,10.1,2.806737924669451,-0.00010759512805316629,10
14,10.0,71,3,Selvær,10.8,3.6453928305312844,-0.00019609065131001683,10
14,10.0,72,11,Southern 1,5.1,3.2472210341220142,0.0003067995061852522,10
14,10.0,72,12,Southern 2,6.8,4.2895221179054435,0.00012233931888523534,10
14,10.0,72,13,Southern 3,6.8,4.589843860815601,5.904664127437992e-05,10
14,10.0,72,15,Southern 5,6.8,5.411920998027308,9.585647905716653e-05,10
14,10.0,72,1,Myken,6.9,4.748099034818508,0.00014979807988588648,10
14,10.0,72,8,Lovund,7.0,3.8005847503304606,0.00011483252412491774,10
14,10.0,72,7,Onøy og Lurøy,7.2,4.917090377222873,8.226958696092848e-05,10
14,10.0,72,0,Nesøy,7.7,4.967673276069771,0.00016704979498842907,10
14,10.0,72,5,Hestmannøy,7.7,2.94580681270476,1.9169021042634302e-05,10
14,10.0,72,6,Indre Kvarøy,8.8,3.1902629637347735,-0.00010877434172912668,10
14,10.0,72,10,Aldra,8.9,5.363456596884761,-9.689505260739153e-05,10
14,10.0,72,9,Sleneset,9.3,4.715223571935199,-9.078918705688027e-05,10
14,10.0,72,2,Træna,10.0,3.8873012632302,-8.376497573646174e-05,10
14,10.0,72,4,Gjerøy,10.2,2.859681411936962,-0.00010817084362542478,10
14,10.0,72,3,Selvær,10.8,3.6453928305312844,-0.0001956710694812148,10
14,10.0,73,11,Southern 1,5.0,3.2317865716108862,0.0003063550971294598,10
14,10.0,73,12,Southern 2,6.8,4.2895221179054435,0.00012252223044383333,10
14,10.0,73,13,Southern 3,6.8,4.589843860815601,5.943461974456084e-05,10
14,10.0,73,15,Southern 5,6.8,5.411920998027308,9.403034518782317e-05,10
14,10.0,73,1,Myken,6.9,4.748099034818508,0.00015048444189963154,10
14,10.0,73,8,Lovund,7.0,3.8005847503304606,0.00011356252715964536,10
14,10.0,73,7,Onøy og Lurøy,7.1,4.976611966656298,8.244630444536462e-05,10
14,10.0,73,0,Nesøy,7.7,4.967673276069771,0.00016338596069813654,10
14,10.0,73,5,Hestmannøy,7.9,2.8460498941515415,1.8885093512003052e-05,10
14,10.0,73,6,Indre Kvarøy,8.7,3.2335051500740732,-0.00010776091307680856,10
14,10.0,73,10,Aldra,8.9,5.363456596884761,-9.75986207543491e-05,10
14,10.0,73,9,Sleneset,9.4,4.5995168828427575,-9.081614311294962e-05,10
14,10.0,73,2,Træna,10.0,3.8873012632302,-8.254809699515793e-05,10
14,10.0,73,4,Gjerøy,10.2,2.859681411936962,-0.00010794850413976523,10
14,10.0,73,3,Selvær,10.8,3.6453928305312844,-0.00019337045745132633,10
14,10.0,74,11,Southern 1,5.0,3.2317865716108862,0.00030609526301128825,10
14,10.0,74,13,Southern 3,6.8,4.589843860815601,6.0854770889047974e-05,10
14,10.0,74,15,Southern 5,6.8,5.473166867139678,9.256256725543965e-05,10
14,10.0,74,1,Myken,6.9,4.748099034818508,0.00014973425812505277,10
14,10.0,74,12,Southern 2,6.9,4.1486276177925525,0.0001226216839153045,10
14,10.0,74,8,Lovund,7.0,3.8005847503304606,0.00011220671924651062,10
14,10.0,74,7,Onøy og Lurøy,7.1,4.976611966656298,8.245111912282489e-05,10
14,10.0,74,0,Nesøy,7.7,4.967673276069771,0.00016687073996611492,10
14,10.0,74,5,Hestmannøy,7.8,2.859681411936962,1.926000447870575e-05,10
14,10.0,74,6,Indre Kvarøy,8.8,3.1902629637347735,-0.00010954301403073719,10
14,10.0,74,10,Aldra,8.9,5.363456596884761,-9.977471303449887e-05,10
14,10.0,74,9,Sleneset,9.4,4.5995168828427575,-9.040752065377894e-05,10
14,10.0,74,2,Træna,10.0,3.8873012632302,-8.273433493899979e-05,10
14,10.0,74,4,Gjerøy,10.2,2.859681411936962,-0.00010848451213723064,10
14,10.0,74,3,Selvær,10.7,3.8311588035185613,-0.00019167440758839207,10
14,10.0,75,11,Southern 1,4.9,3.1780497164141406,0.00030630403170479176,10
14,10.0,75,15,Southern 5,6.7,5.538752366533259,9.318467733138683e-05,10
14,10.0,75,13,Southern 3,6.8,4.589843860815601,6.0311264385980854e-05,10
14,10.0,75,1,Myken,6.9,4.748099034818508,0.00014809325093170992,10
14,10.0,75,12,Southern 2,6.9,4.1486276177925525,0.00012321216481038145,10
14,10.0,75,8,Lovund,7.0,3.8005847503304606,0.00011211909540419026,10
14,10.0,75,7,Onøy og Lurøy,7.1,4.976611966656298,8.192811099022262e-05,10
14,10.0,75,0,Nesøy,7.8,5.0508525133002165,0.0001624578426710942,10
14,10.0,75,5,Hestmannøy,8.0,2.6666666666666665,1.9522010528216618e-05,10
14,10.0,75,6,Indre Kvarøy,8.8,3.155242550986462,-0.00010909036798332225,10
14,10.0,75,10,Aldra,8.9,5.363456596884761,-9.889033621693854e-05,10
14,10.0,75,9,Sleneset,9.4,4.5995168828427575,-9.153440724264219e-05,10
14,10.0,75,2,Træna,10.0,3.8873012632302,-8.185364924592454e-05,10
14,10.0,75,4,Gjerøy,10.1,2.806737924669451,-0.00010780234582397576,10
14,10.0,75,3,Selvær,10.7,3.8311588035185613,-0.00019365975454746148,10
14,10.0,76,11,Southern 1,4.9,3.0349812373573437,0.0003061736880638807,10
14,10.0,76,15,Southern 5,6.7,5.538752366533259,9.616949765996687e-05,10
14,10.0,76,13,Southern 3,6.8,4.589843860815601,6.0452071357833836e-05,10
14,10.0,76,12,Southern 2,6.9,4.1486276177925525,0.00012221432837038735,10
14,10.0,76,1,Myken,7.0,4.83045891539648,0.0001467277464593611,10
14,10.0,76,8,Lovund,7.0,3.8005847503304606,0.00011076157592025363,10
14,10.0,76,7,Onøy og Lurøy,7.1,4.976611966656298,8.019772515099793e-05,10
14,10.0,76,0,Nesøy,7.8,5.0508525133002165,0.00016138929490347223,10
14,10.0,76,5,Hestmannøy,7.9,2.766867462592951,1.9470004757415346e-05,10
14,10.0,76,6,Indre Kvarøy,8.9,3.17804971641414,-0.00011005529828471739,10
14,10.0,76,10,Aldra,8.9,5.363456596884761,-9.667513799134966e-05,10
14,10.0,76,9,Sleneset,9.4,4.5995168828427575,-9.030840607226379e-05,10
14,10.0,76,2,Træna,10.0,3.8873012632302,-8.197823803836779e-05,10
14,10.0,76,4,Gjerøy,10.0,2.7888667551135846,-0.00010745490826623102,10
14,10.0,76,3,Selvær,10.7,3.8311588035185613,-0.00019191427532080427,10
14,10.0,77,11,Southern 1,4.8,3.0110906108363245,0.0003056334445170041,10
14,10.0,77,15,Southern 5,6.7,5.538752366533259,9.456339546271844e-05,10
14,10.0,77,12,Southern 2,6.8,4.1041983924323695,0.0001217899258393362,10
14,10.0,77,13,Southern 3,6.8,4.589843860815601,5.943004371200017e-05,10
14,10.0,77,8,Lovund,7.0,3.8005847503304606,0.00011021314657579668,10
14,10.0,77,1,Myken,7.1,4.863697724525606,0.00014340614406130027,10
14,10.0,77,7,Onøy og Lurøy,7.1,4.976611966656298,7.910184571449433e-05,10
14,10.0,77,0,Nesøy,7.7,5.143496432929215,0.0001653117881621773,10
14,10.0,77,5,Hestmannøy,8.0,2.6666666666666665,2.0309814160833777e-05,10
14,10.0,77,6,Indre Kvarøy,8.9,3.17804971641414,-0.00011075465432728827,10
14,10.0,77,10,Aldra,8.9,5.363456596884761,-9.533113147650996e-05,10
14,10.0,77,9,Sleneset,9.4,4.5995168828427575,-8.942210180010154e-05,10
14,10.0,77,4,Gjerøy,10.0,2.7888667551135846,-0.00010709732384485723,10
14,10.0,77,2,Træna,10.1,3.6953424138441564,-8.046992260426799e-05,10
14,10.0,77,3,Selvær,10.7,3.8311588035185613,-0.00019212665495008945,10
14,10.0,78,11,Southern 1,4.9,3.0349812373573437,0.0003055597866843408,10
14,10.0,78,15,Southern 5,6.6,5.561774297230456,9.424434633569455e-05,10
14,10.0,78,12,Southern 2,6.8,4.1041983924323695,0.00012202210960693923,10
14,10.0,78,13,Southern 3,6.9,4.508017549014447,5.941699076895798e-05,10
14,10.0,78,8,Lovund,7.0,3.8005847503304606,0.00010816849386808777,10
14,10.0,78,1,Myken,7.1,4.863697724525606,0.00014108226707736587,10
14,10.0,78,7,Onøy og Lurøy,7.2,4.917090377222873,7.879214244434235e-05,10
14,10.0,78,0,Nesøy,7.8,5.0508525133002165,0.0001653584476993038,10
14,10.0,78,5,Hestmannøy,7.9,2.766867462592951,2.0920668241756905e-05,10
14,10.0,78,10,Aldra,8.8,5.473166867139678,-9.467939808897519e-05,10
14,10.0,78,6,Indre Kvarøy,8.9,3.17804971641414,-0.0001134931350311025,10
14,10.0,78,9,Sleneset,9.3,4.715223571935199,-8.769402225978934e-05,10
14,10.0,78,2,Træna,10.0,3.8873012632302,-8.00838022502644e-05,10
14,10.0,78,4,Gjerøy,10.0,2.7888667551135846,-0.00010693521235110956,10
14,10.0,78,3,Selvær,10.8,3.675746333890726,-0.00019042254021751226,10
14,10.0,79,11,Southern 1,4.9,3.0349812373573437,0.00030494545786095167,10
14,10.0,79,15,Southern 5,6.7,5.538752366533259,9.401751984816375e-05,10
14,10.0,79,12,Southern 2,6.8,4.1041983924323695,0.00012367729266795317,10
14,10.0,79,8,Lovund,6.9,3.7252889522529355,0.0001090177570369753,10
14,10.0,79,13,Southern 3,6.9,4.508017549014447,5.948947402311029e-05,10
14,10.0,79,1,Myken,7.1,4.863697724525606,0.0001417509516675629,10
14,10.0,79,7,Onøy og Lurøy,7.1,4.976611966656298,7.681889471281978e-05,10
14,10.0,79,0,Nesøy,7.8,5.0508525133002165,0.00016181898153933003,10
14,10.0,79,5,Hestmannøy,7.8,2.780887148615228,2.154519793584193e-05,10
14,10.0,79,10,Aldra,8.8,5.473166867139678,-9.383587456314314e-05,10
14,10.0,79,6,Indre Kvarøy,9.1,3.1428932176861784,-0.00011392770476979584,10
14,10.0,79,9,Sleneset,9.4,4.5995168828427575,-8.806358029410366e-05,10
14,10.0,79,2,Træna,10.0,3.8873012632302,-8.097048711114767e-05,10
14,10.0,79,4,Gjerøy,10.0,2.7888667551135846,-0.00010725765730740778,10
14,10.0,79,3,Selvær,10.7,3.8311588035185613,-0.00018902506566200063,10
14,10.0,80,11,Southern 1,4.9,3.0349812373573437,0.000304692386910156,10
14,10.0,80,15,Southern 5,6.7,5.538752366533259,9.420567768582787e-05,10
14,10.0,80,12,Southern 2,6.8,4.1041983924323695,0.0001244752499831115,10
14,10.0,80,8,Lovund,6.9,3.7252889522529355,0.0001097366302496823,10
14,10.0,80,13,Southern 3,6.9,4.508017549014447,5.975582991395549e-05,10
14,10.0,80,1,Myken,7.1,4.863697724525606,0.00014172485447552354,10
14,10.0,80,7,Onøy og Lurøy,7.1,4.976611966656298,7.790194551334234e-05,10
14,10.0,80,0,Nesøy,7.8,5.0508525133002165,0.00016122542685605878,10
14,10.0,80,5,Hestmannøy,7.9,2.766867462592951,2.145867444451776e-05,10
14,10.0,80,10,Aldra,8.8,5.473166867139678,-9.34504170814647e-05,10
14,10.0,80,6,Indre Kvarøy,9.0,3.197221015541813,-0.00011382017684581878,10
14,10.0,80,9,Sleneset,9.4,4.5995168828427575,-9.20618017403269e-05,10
14,10.0,80,2,Træna,10.0,3.8873012632302,-7.974791212367429e-05,10
14,10.0,80,4,Gjerøy,10.0,2.7888667551135846,-0.00010769584140511968,10
14,10.0,80,3,Selvær,10.7,3.8311588035185613,-0.00018976936262882956,10
14,10.0,81,11,Southern 1,5.0,3.1269438398822866,0.0003051075741097126,10
14,10.0,81,15,Southern 5,6.6,5.561774297230456,9.670060829226621e-05,10
14,10.0,81,12,Southern 2,6.8,4.1041983924323695,0.00012188247431758629,10
14,10.0,81,13,Southern 3,6.8,4.491968140779471,6.090056860798543e-05,10
14,10.0,81,1,Myken,7.0,4.784233364802442,0.0001415925702209512,10
14,10.0,81,7,Onøy og Lurøy,7.1,4.976611966656298,7.874874592783366e-05,10
14,10.0,81,8,Lovund,7.2,3.966526608171604,0.00010823030740117129,10
14,10.0,81,0,Nesøy,7.8,5.0508525133002165,0.0001562651953180491,10
14,10.0,81,5,Hestmannøy,7.9,2.766867462592951,2.1466262638920843e-05,10
14,10.0,81,10,Aldra,8.8,5.473166867139678,-9.76927266198289e-05,10
14,10.0,81,6,Indre Kvarøy,8.9,3.17804971641414,-0.00011280536241019795,10
14,10.0,81,9,Sleneset,9.4,4.5995168828427575,-9.294501397503051e-05,10
14,10.0,81,4,Gjerøy,9.9,2.806737924669451,-0.0001071639542150196,10
14,10.0,81,2,Træna,10.0,3.8873012632302,-7.85895657616253e-05,10
14,10.0,81,3,Selvær,10.8,3.675746333890726,-0.0001892159914278025,10
14,10.0,82,11,Southern 1,5.0,3.1269438398822866,0.0003068176491169128,10
14,10.0,82,13,Southern 3,6.7,4.571651780264984,6.116167323237047e-05,10
14,10.0,82,15,Southern 5,6.7,5.538752366533259,9.380559305272814e-05,10
14,10.0,82,12,Southern 2,6.8,4.1041983924323695,0.00011909261662312531,10
14,10.0,82,1,Myken,7.0,4.784233364802442,0.00014003654510018505,10
14,10.0,82,7,Onøy og Lurøy,7.1,4.976611966656298,7.888673280244236e-05,10
14,10.0,82,8,Lovund,7.2,3.966526608171604,0.00010724552646211663,10
14,10.0,82,0,Nesøy,7.8,5.0508525133002165,0.0001564904449105224,10
14,10.0,82,5,Hestmannøy,7.9,2.766867462592951,2.1597222850767245e-05,10
14,10.0,82,6,Indre Kvarøy,8.9,3.17804971641414,-0.0001135704377820252,10
14,10.0,82,10,Aldra,8.9,5.363456596884761,-9.54692412832551e-05,10
14,10.0,82,9,Sleneset,9.4,4.5995168828427575,-9.287848948156135e-05,10
14,10.0,82,4,Gjerøy,9.9,2.806737924669451,-0.00010727851442417199,10
14,10.0,82,2,Træna,10.0,3.8873012632302,-7.955288937619769e-05,10
14,10.0,82,3,Selvær,10.7,3.8311588035185613,-0.00018487566295708212,10
14,10.0,83,11,Southern 1,4.9,3.0349812373573437,0.0003062793403255173,10
14,10.0,83,15,Southern 5,6.7,5.538752366533259,9.63563711041001e-05,10
14,10.0,83,12,Southern 2,6.8,4.1041983924323695,0.0001186475450619384,10
14,10.0,83,13,Southern 3,6.8,4.589843860815601,6.291061558631758e-05,10
14,10.0,83,1,Myken,7.1,4.863697724525606,0.00013945562770997493,10
14,10.0,83,7,Onøy og Lurøy,7.1,4.976611966656298,8.162182705246321e-05,10
14,10.0,83,8,Lovund,7.1,3.8715486421958962,0.00010608542910259606,10
14,10.0,83,0,Nesøy,7.8,5.0508525133002165,0.00015508831494621898,10
14,10.0,83,5,Hestmannøy,7.9,2.766867462592951,2.1743210090184292e-05,10
14,10.0,83,6,Indre Kvarøy,8.9,3.17804971641414,-0.00011327823272866176,10
14,10.0,83,10,Aldra,8.9,5.363456596884761,-9.48933373531582e-05,10
14,10.0,83,9,Sleneset,9.4,4.5995168828427575,-9.35699660371076e-05,10
14,10.0,83,4,Gjerøy,9.9,2.806737924669451,-0.00010877335638275845,10
14,10.0,83,2,Træna,10.0,3.8873012632302,-8.294683787805713e-05,10
14,10.0,83,3,Selvær,10.7,3.8311588035185613,-0.00018383125548221787,10
14,10.0,84,11,Southern 1,4.9,3.0349812373573437,0.0003074780396132025,10
14,10.0,84,15,Southern 5,6.7,5.538752366533259,9.586975808308578e-05,10
14,10.0,84,12,Southern 2,6.8,4.1041983924323695,0.00011826928944590515,10
14,10.0,84,13,Southern 3,6.9,4.508017549014447,6.391793489723804e-05,10
14,10.0,84,1,Myken,7.0,4.784233364802442,0.00013757673971661808,10
14,10.0,84,7,Onøy og Lurøy,7.1,4.976611966656298,8.050306481039053e-05,10
14,10.0,84,8,Lovund,7.2,3.966526608171604,0.00010525937661326645,10
14,10.0,84,0,Nesøy,7.8,5.0508525133002165,0.0001558683614401653,10
14,10.0,84,5,Hestmannøy,7.9,2.766867462592951,2.1741909705597057e-05,10
14,10.0,84,10,Aldra,8.8,5.473166867139678,-9.259130444118637e-05,10
14,10.0,84,6,Indre Kvarøy,8.9,3.17804971641414,-0.00011345964876940292,10
14,10.0,84,9,Sleneset,9.4,4.5995168828427575,-9.481867487020941e-05,10
14,10.0,84,4,Gjerøy,9.9,2.806737924669451,-0.0001093312826468917,10
14,10.0,84,2,Træna,10.0,3.8873012632302,-8.417719404875962e-05,10
14,10.0,84,3,Selvær,10.7,3.8311588035185613,-0.00018389319249341208,10
14,10.0,85,11,Southern 1,4.9,3.1073389830457114,0.0003097170267276822,10
14,10.0,85,15,Southern 5,6.7,5.538752366533259,9.605952361267313e-05,10
14,10.0,85,12,Southern 2,6.8,4.1041983924323695,0.00011799813809579335,10
14,10.0,85,13,Southern 3,6.8,4.491968140779471,6.21327699086462e-05,10
14,10.0,85,1,Myken,7.0,4.784233364802442,0.00013770383537368172,10
14,10.0,85,7,Onøy og Lurøy,7.1,4.976611966656298,8.164336484506179e-05,10
14,10.0,85,8,Lovund,7.2,3.966526608171604,0.0001047394186455067,10
14,10.0,85,0,Nesøy,7.8,5.0508525133002165,0.00015417364409644487,10
14,10.0,85,5,Hestmannøy,8.0,2.6666666666666665,2.138327280103208e-05,10
14,10.0,85,10,Aldra,8.8,5.473166867139678,-9.300995960751272e-05,10
14,10.0,85,6,Indre Kvarøy,8.9,3.17804971641414,-0.00011352804626400561,10
14,10.0,85,9,Sleneset,9.4,4.5995168828427575,-9.302044859892407e-05,10
14,10.0,85,4,Gjerøy,9.9,2.806737924669451,-0.00010824079244394539,10
14,10.0,85,2,Træna,10.0,3.8873012632302,-8.370883459358653e-05,10
14,10.0,85,3,Selvær,10.7,3.8311588035185613,-0.00018790243176328858,10
14,10.0,86,11,Southern 1,4.9,3.1073389830457114,0.0003097102191766875,10
14,10.0,86,15,Southern 5,6.7,5.538752366533259,9.411671428331704e-05,10
14,10.0,86,12,Southern 2,6.8,4.1041983924323695,0.00011821869786405684,10
14,10.0,86,13,Southern 3,6.8,4.491968140779471,6.21683922643794e-05,10
14,10.0,86,1,Myken,7.1,4.863697724525606,0.00013492820039055631,10
14,10.0,86,7,Onøy og Lurøy,7.1,4.976611966656298,8.1433174962466e-05,10
14,10.0,86,8,Lovund,7.1,3.8715486421958962,0.0001037107048651621,10
14,10.0,86,0,Nesøy,7.8,5.0508525133002165,0.00015983144984499644,10
14,10.0,86,5,Hestmannøy,8.0,2.6666666666666665,2.113404279560291e-05,10
14,10.0,86,10,Aldra,8.8,5.473166867139678,-9.05903564997038e-05,10
14,10.0,86,6,Indre Kvarøy,8.9,3.17804971641414,-0.00011245065007757505,10
14,10.0,86,9,Sleneset,9.4,4.5995168828427575,-9.099854118609485e-05,10
14,10.0,86,4,Gjerøy,9.9,2.806737924669451,-0.00010730642145872135,10
14,10.0,86,2,Træna,10.0,3.8873012632302,-8.727144817896079e-05,10
14,10.0,86,3,Selvær,10.7,3.8311588035185613,-0.00018927226583024485,10
14,10.0,87,11,Southern 1,4.8,3.0110906108363245,0.00030909577496374965,10
14,10.0,87,15,Southern 5,6.7,5.538752366533259,9.524124175941576e-05,10
14,10.0,87,12,Southern 2,6.9,4.17532433869913,0.00011862282359842763,10
14,10.0,87,13,Southern 3,6.9,4.508017549014447,6.34386222704853e-05,10
14,10.0,87,1,Myken,7.1,4.863697724525606,0.00013110839765710766,10
14,10.0,87,8,Lovund,7.1,3.8715486421958962,0.00010395106627309048,10
14,10.0,87,7,Onøy og Lurøy,7.2,4.917090377222873,8.119463966245805e-05,10
14,10.0,87,0,Nesøy,7.8,5.0508525133002165,0.00015911010044686083,10
14,10.0,87,5,Hestmannøy,8.0,2.6666666666666665,2.119456524978582e-05,10
14,10.0,87,10,Aldra,8.8,5.473166867139678,-9.287311060659714e-05,10
14,10.0,87,6,Indre Kvarøy,8.9,3.17804971641414,-0.00011192580933656329,10
14,10.0,87,9,Sleneset,9.3,4.715223571935199,-9.120764555904122e-05,10
14,10.0,87,2,Træna,9.9,3.9001424475410014,-8.81253369645914e-05,10
14,10.0,87,4,Gjerøy,9.9,2.806737924669451,-0.00010764062414068856,10
14,10.0,87,3,Selvær,10.7,3.8311588035185613,-0.00018771148171399337,10
14,10.0,88,11,Southern 1,4.8,3.0110906108363245,0.0003098331670586634,10
14,10.0,88,15,Southern 5,6.7,5.538752366533259,9.597295733460416e-05,10
14,10.0,88,13,Southern 3,6.9,4.508017549014447,6.321213072582053e-05,10
14,10.0,88,1,Myken,7.0,4.83045891539648,0.00013004501820094598,10
14,10.0,88,12,Southern 2,7.0,4.216370213557839,0.00011763628630530323,10
14,10.0,88,8,Lovund,7.1,3.8715486421958962,0.00010354754985671809,10
14,10.0,88,7,Onøy og Lurøy,7.2,4.917090377222873,8.045032140066596e-05,10
14,10.0,88,0,Nesøy,7.7,4.967673276069771,0.0001585767817785279,10
14,10.0,88,5,Hestmannøy,8.0,2.6666666666666665,2.1643631496041656e-05,10
14,10.0,88,10,Aldra,8.8,5.473166867139678,-9.164343272256975e-05,10
14,10.0,88,6,Indre Kvarøy,8.9,3.17804971641414,-0.00011150699328263678,10
14,10.0,88,9,Sleneset,9.3,4.715223571935199,-8.991353454813402e-05,10
14,10.0,88,2,Træna,9.9,3.9001424475410014,-8.811501451778786e-05,10
14,10.0,88,4,Gjerøy,10.0,2.8674417556808756,-0.00010883769322968832,10
14,10.0,88,3,Selvær,10.7,3.8311588035185613,-0.00018785322381098752,10
14,10.0,89,11,Southern 1,4.9,3.0349812373573437,0.00030780793644856957,10
14,10.0,89,15,Southern 5,6.7,5.538752366533259,9.735232716354513e-05,10
14,10.0,89,13,Southern 3,6.9,4.508017549014447,6.308349252447405e-05,10
14,10.0,89,1,Myken,7.0,4.83045891539648,0.0001295810758452948,10
14,10.0,89,12,Southern 2,7.0,4.216370213557839,0.00011952585486451456,10
14,10.0,89,7,Onøy og Lurøy,7.1,4.976611966656298,7.965256387386564e-05,10
14,10.0,89,8,Lovund,7.1,3.8715486421958962,0.00010265158733996523,10
14,10.0,89,0,Nesøy,7.7,4.967673276069771,0.00016093239948811994,10
14,10.0,89,5,Hestmannøy,7.9,2.766867462592951,2.1561919567587155e-05,10
14,10.0,89,10,Aldra,8.8,5.473166867139678,-9.223985665028202e-05,10
14,10.0,89,6,Indre Kvarøy,8.9,3.17804971641414,-0.00011190375779042045,10
14,10.0,89,9,Sleneset,9.4,4.5995168828427575,-8.992808952290292e-05,10
14,10.0,89,2,Træna,9.9,3.9001424475410014,-8.833642032689843e-05,10
14,10.0,89,4,Gjerøy,10.0,2.8674417556808756,-0.00010767604616486442,10
14,10.0,89,3,Selvær,10.7,3.8311588035185613,-0.00018740897307246456,10
14,10.0,90,11,Southern 1,4.8,3.0110906108363245,0.0003072558520621176,10
14,10.0,90,15,Southern 5,6.7,5.538752366533259,9.877962271241084e-05,10
14,10.0,90,12,Southern 2,6.8,4.1041983924323695,0.00012074631181532478,10
14,10.0,90,13,Southern 3,6.9,4.508017549014447,6.328625927326757e-05,10
14,10.0,90,1,Myken,7.1,4.863697724525606,0.00012913965426716704,10
14,10.0,90,7,Onøy og Lurøy,7.1,4.976611966656298,8.199137530143104e-05,10
14,10.0,90,8,Lovund,7.1,3.8715486421958962,0.00010358913784417996,10
14,10.0,90,0,Nesøy,7.7,4.967673276069771,0.00016240873548124614,10
14,10.0,90,5,Hestmannøy,8.0,2.6666666666666665,2.118662270896572e-05,10
14,10.0,90,10,Aldra,8.8,5.473166867139678,-9.466924838141862e-05,10
14,10.0,90,6,Indre Kvarøy,8.9,3.17804971641414,-0.00011282315699114357,10
14,10.0,90,9,Sleneset,9.4,4.5995168828427575,-8.999836519373497e-05,10
14,10.0,90,2,Træna,10.0,3.8873012632302,-8.856555305069076e-05,10
14,10.0,90,4,Gjerøy,10.0,2.8674417556808756,-0.00010778550041545682,10
14,10.0,90,3,Selvær,10.7,3.8311588035185613,-0.00018826853469972217,10
14,10.0,91,11,Southern 1,4.8,3.0110906108363245,0.00030586557990090545,10
14,10.0,91,15,Southern 5,6.7,5.538752366533259,9.682852410803116e-05,10
14,10.0,91,12,Southern 2,6.9,4.1486276177925525,0.00012121642189175756,10
14,10.0,91,13,Southern 3,6.9,4.508017549014447,6.333674638952696e-05,10
14,10.0,91,1,Myken,7.0,4.83045891539648,0.0001315006292399989,10
14,10.0,91,7,Onøy og Lurøy,7.1,4.976611966656298,8.196465860410012e-05,10
14,10.0,91,8,Lovund,7.1,3.8715486421958962,0.00010643432345267756,10
14,10.0,91,0,Nesøy,7.8,5.0508525133002165,0.0001617605967987633,10
14,10.0,91,5,Hestmannøy,8.0,2.6666666666666665,2.1054465318209906e-05,10
14,10.0,91,10,Aldra,8.8,5.473166867139678,-9.3391532987538e-05,10
14,10.0,91,6,Indre Kvarøy,8.9,3.17804971641414,-0.00011381420553835404,10
14,10.0,91,9,Sleneset,9.4,4.5995168828427575,-9.207189839785621e-05,10
14,10.0,91,4,Gjerøy,9.9,2.806737924669451,-0.00010697402191051845,10
14,10.0,91,2,Træna,10.0,3.8873012632302,-8.717974837183248e-05,10
14,10.0,91,3,Selvær,10.7,3.8311588035185613,-0.0001873526988356191,10
14,10.0,92,11,Southern 1,4.8,3.0110906108363245,0.00030476331742986397,10
14,10.0,92,15,Southern 5,6.7,5.538752366533259,9.926004662877993e-05,10
14,10.0,92,12,Southern 2,6.9,4.1486276177925525,0.00012149739605259158,10
14,10.0,92,13,Southern 3,6.9,4.508017549014447,6.361856996605756e-05,10
14,10.0,92,1,Myken,7.0,4.83045891539648,0.0001314394820945911,10
14,10.0,92,7,Onøy og Lurøy,7.1,4.976611966656298,8.12764132896349e-05,10
14,10.0,92,8,Lovund,7.1,3.8715486421958962,0.00010637921653458954,10
14,10.0,92,0,Nesøy,7.8,5.0508525133002165,0.00016088849733713142,10
14,10.0,92,5,Hestmannøy,8.0,2.6666666666666665,2.0889478894487586e-05,10
14,10.0,92,10,Aldra,8.8,5.473166867139678,-9.299282068662331e-05,10
14,10.0,92,6,Indre Kvarøy,8.9,3.17804971641414,-0.00011216539616115562,10
14,10.0,92,9,Sleneset,9.4,4.5995168828427575,-9.22543991128929e-05,10
14,10.0,92,4,Gjerøy,9.9,2.806737924669451,-0.0001067789865915273,10
14,10.0,92,2,Træna,10.0,3.8873012632302,-8.625012849298156e-05,10
14,10.0,92,3,Selvær,10.7,3.8311588035185613,-0.0001906668821519758,10
14,10.0,93,11,Southern 1,4.8,3.0110906108363245,0.0003044981016631959,10
14,10.0,93,15,Southern 5,6.7,5.538752366533259,9.826899263440593e-05,10
14,10.0,93,13,Southern 3,6.8,4.589843860815601,6.430502365558833e-05,10
14,10.0,93,12,Southern 2,6.9,4.1486276177925525,0.00012123261106586615,10
14,10.0,93,1,Myken,7.0,4.83045891539648,0.0001309857461355589,10
14,10.0,93,7,Onøy og Lurøy,7.1,4.976611966656298,8.274443940775396e-05,10
14,10.0,93,8,Lovund,7.1,3.8715486421958962,0.00010777493766130697,10
14,10.0,93,0,Nesøy,7.8,5.0508525133002165,0.00015652670763781722,10
14,10.0,93,5,Hestmannøy,8.0,2.6666666666666665,2.0479049076609623e-05,10
14,10.0,93,6,Indre Kvarøy,8.9,3.17804971641414,-0.00011268047827361011,10
14,10.0,93,10,Aldra,8.9,5.363456596884761,-9.169504016531478e-05,10
14,10.0,93,9,Sleneset,9.4,4.5995168828427575,-9.268546221754039e-05,10
14,10.0,93,4,Gjerøy,9.9,2.806737924669451,-0.00010716981515934197,10
14,10.0,93,2,Træna,10.0,3.8873012632302,-8.480773182612333e-05,10
14,10.0,93,3,Selvær,10.7,3.8311588035185613,-0.000189183511183748,10
14,10.0,94,11,Southern 1,4.9,3.1073389830457114,0.0003055330868632176,10
14,10.0,94,13,Southern 3,6.7,4.571651780264984,6.368574048603905e-05,10
14,10.0,94,15,Southern 5,6.7,5.538752366533259,9.648421712029515e-05,10
14,10.0,94,12,Southern 2,6.9,4.1486276177925525,0.00012064354105751172,10
14,10.0,94,1,Myken,7.0,4.83045891539648,0.00013067253064731583,10
14,10.0,94,7,Onøy og Lurøy,7.1,4.976611966656298,8.38112239053993e-05,10
14,10.0,94,8,Lovund,7.1,3.8715486421958962,0.00010728601780998807,10
14,10.0,94,0,Nesøy,7.8,5.0508525133002165,0.0001535934733560181,10
14,10.0,94,5,Hestmannøy,8.0,2.6666666666666665,2.1014717939308354e-05,10
14,10.0,94,6,Indre Kvarøy,8.9,3.17804971641414,-0.00011304777640641281,10
14,10.0,94,10,Aldra,8.9,5.363456596884761,-9.363211441300499e-05,10
14,10.0,94,9,Sleneset,9.4,4.5995168828427575,-9.276391087448113e-05,10
14,10.0,94,4,Gjerøy,9.9,2.806737924669451,-0.0001075447016322038,10
14,10.0,94,2,Træna,10.0,3.8873012632302,-8.419463687642955e-05,10
14,10.0,94,3,Selvær,10.7,3.8311588035185613,-0.00018679887153059312,10
14,10.0,95,11,Southern 1,4.8,3.0110906108363245,0.0003057387563398473,10
14,10.0,95,12,Southern 2,6.8,4.1041983924323695,0.00011999785598883854,10
14,10.0,95,13,Southern 3,6.8,4.589843860815601,6.275573240699325e-05,10
14,10.0,95,15,Southern 5,6.8,5.473166867139678,9.439320792739574e-05,10
14,10.0,95,8,Lovund,7.0,3.8005847503304606,0.00010806840458739922,10
14,10.0,95,1,Myken,7.1,4.863697724525606,0.00012805125888014474,10
14,10.0,95,7,Onøy og Lurøy,7.1,4.976611966656298,8.366701503967499e-05,10
14,10.0,95,0,Nesøy,7.8,5.0508525133002165,0.00015263660249559564,10
14,10.0,95,5,Hestmannøy,7.9,2.8460498941515415,2.091785988883653e-05,10
14,10.0,95,6,Indre Kvarøy,8.9,3.17804971641414,-0.00011241794284508225,10
14,10.0,95,10,Aldra,8.9,5.363456596884761,-9.2558335995179e-05,10
14,10.0,95,9,Sleneset,9.4,4.5995168828427575,-9.059033422593738e-05,10
14,10.0,95,2,Træna,10.0,3.8873012632302,-8.376232594466643e-05,10
14,10.0,95,4,Gjerøy,10.0,2.7888667551135846,-0.00010683986652186656,10
14,10.0,95,3,Selvær,10.7,3.8311588035185613,-0.0001857653081979476,10
14,10.0,96,11,Southern 1,4.8,3.0110906108363245,0.000305808874435764,10
14,10.0,96,12,Southern 2,6.8,4.1041983924323695,0.00012026511514612134,10
14,10.0,96,13,Southern 3,6.8,4.589843860815601,6.29954095510977e-05,10
14,10.0,96,15,Southern 5,6.8,5.473166867139678,9.529127311370871e-05,10
14,10.0,96,1,Myken,7.0,4.784233364802442,0.0001291912400010413,10
14,10.0,96,8,Lovund,7.0,3.8005847503304606,0.0001069955218953708,10
14,10.0,96,7,Onøy og Lurøy,7.1,4.976611966656298,8.425964487003214e-05,10
14,10.0,96,0,Nesøy,7.8,5.0508525133002165,0.00016110293918921966,10
14,10.0,96,5,Hestmannøy,7.9,2.8460498941515415,2.085991361326966e-05,10
14,10.0,96,6,Indre Kvarøy,8.9,3.17804971641414,-0.0001139444959354608,10
14,10.0,96,10,Aldra,8.9,5.363456596884761,-9.432399781262046e-05,10
14,10.0,96,9,Sleneset,9.5,4.624812308503869,-9.228988703354022e-05,10
14,10.0,96,2,Træna,10.0,3.8873012632302,-8.345321898167339e-05,10
14,10.0,96,4,Gjerøy,10.0,2.788866755113585,-0.00010666841477882023,10
14,10.0,96,3,Selvær,10.7,3.8311588035185613,-0.0001886558139335778,10
14,10.0,97,11,Southern 1,4.8,3.0110906108363245,0.00030489208879858087,10
14,10.0,97,12,Southern 2,6.8,4.1041983924323695,0.000122398026392133,10
14,10.0,97,15,Southern 5,6.8,5.473166867139678,9.607076247715958e-05,10
14,10.0,97,13,Southern 3,6.9,4.508017549014447,6.298274094909536e-05,10
14,10.0,97,1,Myken,7.0,4.784233364802442,0.00012839758806490145,10
14,10.0,97,7,Onøy og Lurøy,7.1,4.976611966656298,8.446872128135252e-05,10
14,10.0,97,8,Lovund,7.1,3.6651512019742567,0.00010674112097915885,10
14,10.0,97,0,Nesøy,7.8,5.0508525133002165,0.0001590637536076047,10
14,10.0,97,5,Hestmannøy,7.9,2.8460498941515415,2.1162650345522882e-05,10
14,10.0,97,10,Aldra,8.8,5.473166867139678,-9.276821784982526e-05,10
14,10.0,97,6,Indre Kvarøy,8.9,3.17804971641414,-0.00011359695298738557,10
14,10.0,97,9,Sleneset,9.4,4.5995168828427575,-9.31208926688747e-05,10
14,10.0,97,2,Træna,9.9,4.094712037087183,-8.729001938424439e-05,10
14,10.0,97,4,Gjerøy,10.1,2.806737924669451,-0.00010622708024306946,10
14,10.0,97,3,Selvær,10.7,3.8311588035185613,-0.00018807718893455532,10
14,10.0,98,11,Southern 1,4.8,3.0110906108363245,0.0003038080957759813,10
14,10.0,98,12,Southern 2,6.8,4.1041983924323695,0.00012180272098425735,10
14,10.0,98,15,Southern 5,6.8,5.473166867139678,9.557130020139976e-05,10
14,10.0,98,13,Southern 3,6.9,4.508017549014447,6.403754473751117e-05,10
14,10.0,98,1,Myken,7.1,4.863697724525606,0.00012795054204025604,10
14,10.0,98,7,Onøy og Lurøy,7.1,4.976611966656298,8.38126254300123e-05,10
14,10.0,98,8,Lovund,7.1,3.6651512019742567,0.00010542657703990822,10
14,10.0,98,0,Nesøy,7.8,5.0508525133002165,0.0001576746138682779,10
14,10.0,98,5,Hestmannøy,7.9,2.8460498941515415,2.1612216232580482e-05,10
14,10.0,98,10,Aldra,8.8,5.473166867139678,-9.277464415192051e-05,10
14,10.0,98,6,Indre Kvarøy,8.9,3.17804971641414,-0.00011321134820479854,10
14,10.0,98,9,Sleneset,9.4,4.5995168828427575,-9.180057734537299e-05,10
14,10.0,98,2,Træna,9.9,4.094712037087183,-8.716964097333474e-05,10
14,10.0,98,4,Gjerøy,10.0,2.7888667551135846,-0.0001062488885748108,10
14,10.0,98,3,Selvær,10.7,3.8311588035185613,-0.00018767908950194717,10
14,10.0,99,11,Southern 1,4.8,3.0110906108363245,0.00030252175982636327,10
14,10.0,99,12,Southern 2,6.8,4.1041983924323695,0.00012070605311106906,10
14,10.0,99,15,Southern 5,6.8,5.473166867139678,9.603648122139048e-05,10
14,10.0,99,13,Southern 3,6.9,4.508017549014447,6.418166277539651e-05,10
14,10.0,99,1,Myken,7.0,4.784233364802442,0.00012449001758384917,10
14,10.0,99,7,Onøy og Lurøy,7.1,4.976611966656298,8.460932022931128e-05,10
14,10.0,99,8,Lovund,7.1,3.6651512019742567,0.00010569890804321305,10
14,10.0,99,0,Nesøy,7.8,5.0508525133002165,0.0001582240097683501,10
14,10.0,99,5,Hestmannøy,7.9,2.8460498941515415,2.1337100528778287e-05,10
14,10.0,99,10,Aldra,8.8,5.473166867139678,-8.752275434842782e-05,10
14,10.0,99,6,Indre Kvarøy,8.9,3.17804971641414,-0.00011450181214010665,10
14,10.0,99,9,Sleneset,9.4,4.5995168828427575,-9.153160134607501e-05,10
14,10.0,99,2,Træna,9.9,4.094712037087183,-8.757132698554314e-05,10
14,10.0,99,4,Gjerøy,10.1,2.806737924669451,-0.0001049584537695525,10
14,10.0,99,3,Selvær,10.7,3.8311588035185613,-0.00018663800027846376,10
14,10.0,100,11,Southern 1,4.9,3.1073389830457114,0.00030143157237928514,10
14,10.0,100,12,Southern 2,6.8,4.1041983924323695,0.00012075278794734321,10
14,10.0,100,13,Southern 3,6.8,4.491968140779471,6.459280154596279e-05,10
14,10.0,100,15,Southern 5,6.8,5.473166867139678,9.474757918441857e-05,10
14,10.0,100,1,Myken,7.0,4.784233364802442,0.00012330160298481516,10
14,10.0,100,7,Onøy og Lurøy,7.1,4.976611966656298,8.493720401779503e-05,10
14,10.0,100,8,Lovund,7.1,3.6651512019742567,0.00010504104933944931,10
14,10.0,100,0,Nesøy,7.8,5.0508525133002165,0.00016370949158173954,10
14,10.0,100,5,Hestmannøy,7.9,2.8460498941515415,2.1372645100569722e-05,10
14,10.0,100,10,Aldra,8.8,5.473166867139678,-8.607579318957669e-05,10
14,10.0,100,6,Indre Kvarøy,8.9,3.17804971641414,-0.0001151049385403183,10
14,10.0,100,9,Sleneset,9.4,4.5995168828427575,-9.095024136930582e-05,10
14,10.0,100,2,Træna,9.9,4.094712037087183,-8.649637526679094e-05,10
14,10.0,100,4,Gjerøy,10.1,2.806737924669451,-0.00010475455858836879,10
14,10.0,100,3,Selvær,10.7,3.8311588035185613,-0.00018907399054325145,10
14,10.0,101,11,Southern 1,4.9,3.1073389830457114,0.0003025173894479462,10
14,10.0,101,12,Southern 2,6.8,4.1041983924323695,0.00012050674324518514,10
14,10.0,101,13,Southern 3,6.8,4.491968140779471,6.383634822885931e-05,10
14,10.0,101,15,Southern 5,6.8,5.473166867139678,9.590597357263375e-05,10
14,10.0,101,1,Myken,7.0,4.784233364802442,0.0001229176372937089,10
14,10.0,101,8,Lovund,7.0,3.6209268304000712,0.00010437176463138565,10
14,10.0,101,7,Onøy og Lurøy,7.1,4.976611966656298,8.46885054715208e-05,10
14,10.0,101,0,Nesøy,7.9,4.931756504757937,0.00016582013541489746,10
14,10.0,101,5,Hestmannøy,8.0,2.8674417556808756,2.137412945938238e-05,10
14,10.0,101,10,Aldra,8.8,5.473166867139678,-8.56619198116413e-05,10
14,10.0,101,6,Indre Kvarøy,8.9,3.17804971641414,-0.00011591869101355686,10
14,10.0,101,9,Sleneset,9.4,4.788875998951459,-8.980551645771462e-05,10
14,10.0,101,2,Træna,9.9,4.094712037087183,-8.694185452989753e-05,10
14,10.0,101,4,Gjerøy,10.0,2.788866755113585,-0.00010530434529191485,10
14,10.0,101,3,Selvær,10.7,3.8311588035185613,-0.00018865439411226673,10
14,10.0,102,11,Southern 1,4.9,3.1073389830457114,0.0003029097629469386,10
14,10.0,102,12,Southern 2,6.8,4.1041983924323695,0.00012196115509547563,10
14,10.0,102,13,Southern 3,6.8,4.491968140779471,6.337871337743441e-05,10
14,10.0,102,15,Southern 5,6.8,5.473166867139678,9.43231268417345e-05,10
14,10.0,102,1,Myken,6.9,4.724639903973871,0.00012683536292663251,10
14,10.0,102,8,Lovund,7.0,3.6209268304000712,0.00010501514568231774,10
14,10.0,102,7,Onøy og Lurøy,7.1,4.976611966656298,8.371032403295857e-05,10
14,10.0,102,0,Nesøy,7.8,4.8488257455915145,0.00017021816329996402,10
14,10.0,102,5,Hestmannøy,8.1,2.923088169119167,2.1092889965992527e-05,10
14,10.0,102,10,Aldra,8.8,5.473166867139678,-8.501075584775274e-05,10
14,10.0,102,6,Indre Kvarøy,8.9,3.17804971641414,-0.00011577978460049711,10
14,10.0,102,9,Sleneset,9.3,4.762119042797836,-8.956831008416189e-05,10
14,10.0,102,2,Træna,9.9,4.094712037087183,-8.736024006824221e-05,10
14,10.0,102,4,Gjerøy,10.2,2.859681411936962,-0.00010566719058626548,10
14,10.0,102,3,Selvær,10.7,3.8311588035185613,-0.0001913308191019586,10
14,10.0,103,11,Southern 1,4.9,3.1073389830457114,0.00030257348979184867,10
14,10.0,103,12,Southern 2,6.8,4.1041983924323695,0.00012256175520208718,10
14,10.0,103,13,Southern 3,6.8,4.491968140779471,6.397704046233827e-05,10
14,10.0,103,15,Southern 5,6.8,5.473166867139678,9.411646522269513e-05,10
14,10.0,103,1,Myken,7.0,4.784233364802442,0.0001278793551082756,10
14,10.0,103,8,Lovund,7.0,3.6209268304000712,0.00010554216547232264,10
14,10.0,103,7,Onøy og Lurøy,7.1,4.976611966656298,8.352479617631319e-05,10
14,10.0,103,0,Nesøy,7.7,4.785394445602159,0.00016947764129102185,10
14,10.0,103,5,Hestmannøy,8.0,2.8674417556808756,2.059888867929785e-05,10
14,10.0,103,10,Aldra,8.8,5.473166867139678,-8.572619231481006e-05,10
14,10.0,103,6,Indre Kvarøy,8.9,3.17804971641414,-0.000115135569178469,10
14,10.0,103,9,Sleneset,9.4,4.788875998951459,-9.151463238282573e-05,10
14,10.0,103,2,Træna,9.9,4.094712037087183,-8.764590962566569e-05,10
14,10.0,103,4,Gjerøy,10.2,2.859681411936962,-0.00010550932782469272,10
14,10.0,103,3,Selvær,10.7,3.8311588035185613,-0.00018955069995617294,10
14,10.0,104,11,Southern 1,5.0,3.1269438398822866,0.00030315079302239533,10
14,10.0,104,15,Southern 5,6.7,5.538752366533259,9.516612582970924e-05,10
14,10.0,104,13,Southern 3,6.8,4.491968140779471,6.289165894452914e-05,10
14,10.0,104,1,Myken,6.9,4.748099034818508,0.00012646834336149304,10
14,10.0,104,12,Southern 2,6.9,4.1486276177925525,0.00012280733795581191,10
14,10.0,104,7,Onøy og Lurøy,7.0,4.96655480858378,8.467276092742103e-05,10
14,10.0,104,8,Lovund,7.0,3.6209268304000712,0.00010518357244589524,10
14,10.0,104,0,Nesøy,8.0,4.921607686744467,0.00016753130950232018,10
14,10.0,104,5,Hestmannøy,8.0,2.788866755113585,2.0883792237899242e-05,10
14,10.0,104,10,Aldra,8.8,5.473166867139678,-8.508145301506179e-05,10
14,10.0,104,6,Indre Kvarøy,8.9,3.17804971641414,-0.0001141538258912895,10
14,10.0,104,9,Sleneset,9.4,4.788875998951459,-9.418425140288338e-05,10
14,10.0,104,2,Træna,9.9,4.094712037087183,-8.834774943054127e-05,10
14,10.0,104,4,Gjerøy,10.0,2.788866755113585,-0.00010580844756618922,10
14,10.0,104,3,Selvær,10.7,3.8311588035185613,-0.0001887786019007466,10
14,10.0,105,11,Southern 1,5.0,3.1269438398822866,0.00030286837867966486,10
14,10.0,105,12,Southern 2,6.8,4.1041983924323695,0.0001224342939589805,10
14,10.0,105,13,Southern 3,6.8,4.491968140779471,6.283417693172821e-05,10
14,10.0,105,15,Southern 5,6.8,5.473166867139678,9.515735206135609e-05,10
14,10.0,105,1,Myken,7.0,4.784233364802442,0.00012484432029708731,10
14,10.0,105,7,Onøy og Lurøy,7.0,4.96655480858378,8.49780054788082e-05,10
14,10.0,105,8,Lovund,7.0,3.6209268304000712,0.00010543457150322697,10
14,10.0,105,0,Nesøy,7.9,5.043147165543886,0.00016702378320163856,10
14,10.0,105,5,Hestmannøy,7.9,2.960855732160327,2.1280248195009073e-05,10
14,10.0,105,10,Aldra,8.8,5.473166867139678,-8.440155166562472e-05,10
14,10.0,105,6,Indre Kvarøy,8.9,3.17804971641414,-0.00011404927891018362,10
14,10.0,105,9,Sleneset,9.4,4.5995168828427575,-9.42877355848225e-05,10
14,10.0,105,2,Træna,9.9,4.094712037087183,-8.849774825653338e-05,10
14,10.0,105,4,Gjerøy,10.1,2.806737924669451,-0.00010637530425903788,10
14,10.0,105,3,Selvær,10.7,3.8311588035185613,-0.00018754775975101897,10
14,10.0,106,11,Southern 1,5.0,3.1269438398822866,0.00030297635981084696,10
14,10.0,106,12,Southern 2,6.8,4.1041983924323695,0.00012244573200397498,10
14,10.0,106,15,Southern 5,6.8,5.473166867139678,9.461518744867628e-05,10
14,10.0,106,13,Southern 3,6.9,4.433458644845529,6.310985878374824e-05,10
14,10.0,106,7,Onøy og Lurøy,7.0,4.96655480858378,8.419884077250965e-05,10
14,10.0,106,8,Lovund,7.0,3.6209268304000712,0.00010614593905038663,10
14,10.0,106,1,Myken,7.1,4.863697724525606,0.00012544019124749824,10
14,10.0,106,0,Nesøy,7.8,4.9170903772228725,0.0001674139958390223,10
14,10.0,106,5,Hestmannøy,7.9,2.960855732160327,2.139509924032364e-05,10
14,10.0,106,10,Aldra,8.8,5.473166867139678,-8.696405446369449e-05,10
14,10.0,106,6,Indre Kvarøy,8.9,3.17804971641414,-0.0001143333471032474,10
14,10.0,106,9,Sleneset,9.5,4.8362060428489695,-9.507239841397618e-05,10
14,10.0,106,2,Træna,9.9,4.094712037087183,-8.829171857107387e-05,10
14,10.0,106,4,Gjerøy,9.9,2.766867462592951,-0.00010628114144093075,10
14,10.0,106,3,Selvær,10.7,3.8311588035185613,-0.00018595110014164024,10
14,10.0,107,11,Southern 1,5.0,3.1269438398822866,0.0003026312232758816,10
14,10.0,107,12,Southern 2,6.8,4.1041983924323695,0.00012264405462317693,10
14,10.0,107,15,Southern 5,6.8,5.473166867139678,9.367811460190012e-05,10
14,10.0,107,13,Southern 3,6.9,4.433458644845529,6.321054209081638e-05,10
14,10.0,107,8,Lovund,7.0,3.6209268304000712,0.00010552928870758156,10
14,10.0,107,1,Myken,7.1,4.863697724525606,0.00012481103748838957,10
14,10.0,107,7,Onøy og Lurøy,7.1,4.976611966656298,8.46975870221229e-05,10
14,10.0,107,0,Nesøy,7.7,4.922736366426028,0.00017114519522885445,10
14,10.0,107,5,Hestmannøy,7.9,2.960855732160327,2.1514795924854403e-05,10
14,10.0,107,10,Aldra,8.8,5.473166867139678,-8.673253058040097e-05,10
14,10.0,107,6,Indre Kvarøy,8.9,3.17804971641414,-0.00011434421586997556,10
14,10.0,107,9,Sleneset,9.5,4.8362060428489695,-9.764674034977512e-05,10
14,10.0,107,2,Træna,9.9,4.094712037087183,-8.877618137223234e-05,10
14,10.0,107,4,Gjerøy,9.9,2.766867462592951,-0.00010604612886713081,10
14,10.0,107,3,Selvær,10.7,3.8311588035185613,-0.00018541302120114885,10
14,10.0,108,11,Southern 1,5.0,3.1269438398822866,0.00030177687671895564,10
14,10.0,108,12,Southern 2,6.8,4.1041983924323695,0.00012303558332249823,10
14,10.0,108,13,Southern 3,6.8,4.491968140779471,6.37584310708698e-05,10
14,10.0,108,15,Southern 5,6.8,5.473166867139678,9.220028165825152e-05,10
14,10.0,108,8,Lovund,7.0,3.6209268304000712,0.00010626156979408835,10
14,10.0,108,1,Myken,7.1,4.863697724525606,0.0001238629227030904,10
14,10.0,108,7,Onøy og Lurøy,7.1,4.976611966656298,8.34868136544645e-05,10
14,10.0,108,0,Nesøy,7.9,4.931756504757937,0.00016919200046487066,10
14,10.0,108,5,Hestmannøy,7.9,2.960855732160327,2.1517440730178475e-05,10
14,10.0,108,10,Aldra,8.8,5.473166867139678,-8.718406446214993e-05,10
14,10.0,108,6,Indre Kvarøy,8.9,3.17804971641414,-0.00011296195863794529,10
14,10.0,108,9,Sleneset,9.4,4.788875998951459,-9.760272718558408e-05,10
14,10.0,108,2,Træna,9.9,4.094712037087183,-8.896668333890731e-05,10
14,10.0,108,4,Gjerøy,9.9,2.766867462592951,-0.00010534944376358485,10
14,10.0,108,3,Selvær,10.7,3.8311588035185613,-0.00018493528080965553,10
14,10.0,109,11,Southern 1,5.0,3.1269438398822866,0.00030121574820827303,10
14,10.0,109,12,Southern 2,6.8,4.1041983924323695,0.00012251177036672972,10
14,10.0,109,15,Southern 5,6.8,5.473166867139678,9.525243536526095e-05,10
14,10.0,109,13,Southern 3,6.9,4.433458644845529,6.378124649574057e-05,10
14,10.0,109,8,Lovund,7.0,3.6209268304000712,0.00010564053707859966,10
14,10.0,109,1,Myken,7.1,4.863697724525606,0.0001257281240442518,10
14,10.0,109,7,Onøy og Lurøy,7.1,4.976611966656298,8.286087922537613e-05,10
14,10.0,109,0,Nesøy,7.8,5.00666222813829,0.00016601814113244607,10
14,10.0,109,5,Hestmannøy,7.9,2.960855732160327,2.166997774825596e-05,10
14,10.0,109,10,Aldra,8.8,5.473166867139678,-8.6082133522092e-05,10
14,10.0,109,6,Indre Kvarøy,8.9,3.17804971641414,-0.00011439357824042787,10
14,10.0,109,9,Sleneset,9.3,4.762119042797836,-9.446771850408052e-05,10
14,10.0,109,2,Træna,9.9,4.094712037087183,-8.976175329057702e-05,10
14,10.0,109,4,Gjerøy,10.0,2.7888667551135846,-0.00010483930342669928,10
14,10.0,109,3,Selvær,10.7,3.8311588035185613,-0.00018525272940155216,10
14,10.0,110,11,Southern 1,5.0,3.1269438398822866,0.000300776507860244,10
14,10.0,110,12,Southern 2,6.8,4.1041983924323695,0.00012249422007587092,10
14,10.0,110,15,Southern 5,6.8,5.473166867139678,9.417581068766119e-05,10
14,10.0,110,13,Southern 3,6.9,4.433458644845529,6.359750892014123e-05,10
14,10.0,110,8,Lovund,7.0,3.6209268304000712,0.00010507221821494766,10
14,10.0,110,1,Myken,7.1,4.863697724525606,0.00012911618292510977,10
14,10.0,110,7,Onøy og Lurøy,7.1,4.976611966656298,8.216773490267372e-05,10
14,10.0,110,0,Nesøy,7.8,5.00666222813829,0.0001645463882873828,10
14,10.0,110,5,Hestmannøy,7.9,2.960855732160327,2.2107997599962433e-05,10
14,10.0,110,10,Aldra,8.8,5.473166867139678,-8.838282291049632e-05,10
14,10.0,110,6,Indre Kvarøy,8.9,3.17804971641414,-0.00011341082100235651,10
14,10.0,110,9,Sleneset,9.4,4.788875998951459,-9.399171724130957e-05,10
14,10.0,110,2,Træna,9.9,4.094712037087183,-8.972385691182711e-05,10
14,10.0,110,4,Gjerøy,9.9,2.766867462592951,-0.00010461176462050301,10
14,10.0,110,3,Selvær,10.7,3.8311588035185613,-0.00018479739698422362,10
14,10.0,111,11,Southern 1,5.1,3.2812599206199233,0.0003006591444454849,10
14,10.0,111,12,Southern 2,6.8,4.1041983924323695,0.0001226133886207624,10
14,10.0,111,15,Southern 5,6.8,5.473166867139678,9.508234897937725e-05,10
14,10.0,111,13,Southern 3,6.9,4.433458644845529,6.20634301639436e-05,10
14,10.0,111,8,Lovund,7.0,3.6209268304000712,0.00010443711447354539,10
14,10.0,111,1,Myken,7.1,4.863697724525606,0.0001262689235274793,10
14,10.0,111,7,Onøy og Lurøy,7.1,4.976611966656298,8.348747797670064e-05,10
14,10.0,111,0,Nesøy,7.8,5.00666222813829,0.00016310929965082492,10
14,10.0,111,5,Hestmannøy,7.9,2.960855732160327,2.255435935429075e-05,10
14,10.0,111,10,Aldra,8.8,5.473166867139678,-8.776526498973885e-05,10
14,10.0,111,6,Indre Kvarøy,8.9,3.17804971641414,-0.00011306029589882932,10
14,10.0,111,9,Sleneset,9.4,4.788875998951459,-9.215609168545033e-05,10
14,10.0,111,2,Træna,9.9,4.094712037087183,-8.976456099123712e-05,10
14,10.0,111,4,Gjerøy,9.9,2.766867462592951,-0.00010371316098191507,10
14,10.0,111,3,Selvær,10.6,3.864367132317183,-0.0001877338149161208,10
14,10.0,112,11,Southern 1,5.0,3.197221015541813,0.00030050935133957464,10
14,10.0,112,15,Southern 5,6.7,5.538752366533259,9.644645462074812e-05,10
14,10.0,112,12,Southern 2,6.8,4.1041983924323695,0.00012365240744726947,10
14,10.0,112,8,Lovund,7.0,3.6209268304000712,0.00010452890020318055,10
14,10.0,112,13,Southern 3,7.0,4.447221354708778,6.1018578374052676e-05,10
14,10.0,112,1,Myken,7.1,4.863697724525606,0.0001258084469973918,10
14,10.0,112,7,Onøy og Lurøy,7.1,4.976611966656298,8.259918163686108e-05,10
14,10.0,112,0,Nesøy,7.8,5.00666222813829,0.0001622092060718713,10
14,10.0,112,5,Hestmannøy,8.0,2.788866755113585,2.2537858935108556e-05,10
14,10.0,112,10,Aldra,8.8,5.473166867139678,-8.83307271685464e-05,10
14,10.0,112,6,Indre Kvarøy,8.9,3.17804971641414,-0.0001117725869502104,10
14,10.0,112,9,Sleneset,9.4,4.788875998951459,-9.281747593553191e-05,10
14,10.0,112,2,Træna,9.9,4.094712037087183,-8.940962678293026e-05,10
14,10.0,112,4,Gjerøy,9.9,2.766867462592951,-0.00010382510021168935,10
14,10.0,112,3,Selvær,10.6,3.864367132317183,-0.000187181466424082,10
14,10.0,113,11,Southern 1,5.0,3.197221015541813,0.0003017361336795735,10
14,10.0,113,12,Southern 2,6.8,4.1041983924323695,0.00012459955407887374,10
14,10.0,113,15,Southern 5,6.8,5.473166867139678,9.804799776245441e-05,10
14,10.0,113,13,Southern 3,6.9,4.5325979795746765,6.0182314687786165e-05,10
14,10.0,113,8,Lovund,7.0,3.6209268304000712,0.00010441480397491809,10
14,10.0,113,1,Myken,7.1,4.863697724525606,0.00012416490984035623,10
14,10.0,113,7,Onøy og Lurøy,7.1,4.976611966656298,8.333720109975e-05,10
14,10.0,113,0,Nesøy,7.8,5.00666222813829,0.00016304619959596692,10
14,10.0,113,5,Hestmannøy,7.9,2.960855732160327,2.2561377999324593e-05,10
14,10.0,113,6,Indre Kvarøy,8.9,3.17804971641414,-0.00011218851606474412,10
14,10.0,113,10,Aldra,8.9,5.363456596884761,-9.061288978037393e-05,10
14,10.0,113,9,Sleneset,9.4,4.788875998951459,-9.61887407328389e-05,10
14,10.0,113,2,Træna,9.9,4.094712037087183,-9.182386327235443e-05,10
14,10.0,113,4,Gjerøy,9.9,2.766867462592951,-0.00010289128603013027,10
14,10.0,113,3,Selvær,10.6,3.864367132317183,-0.0001861970732766133,10
14,10.0,114,11,Southern 1,5.0,3.197221015541813,0.00030175737088002487,10
14,10.0,114,15,Southern 5,6.7,5.538752366533259,9.935657820379795e-05,10
14,10.0,114,12,Southern 2,6.8,4.1041983924323695,0.00012357567850219283,10
14,10.0,114,13,Southern 3,6.9,4.5325979795746765,6.0142371608921255e-05,10
14,10.0,114,8,Lovund,7.0,3.6209268304000712,0.00010560063159835184,10
14,10.0,114,1,Myken,7.1,4.863697724525606,0.0001231491925095458,10
14,10.0,114,7,Onøy og Lurøy,7.1,4.976611966656298,8.198387360233799e-05,10
14,10.0,114,0,Nesøy,7.8,5.00666222813829,0.00016565006173673255,10
14,10.0,114,5,Hestmannøy,8.0,2.788866755113585,2.261226743444926e-05,10
14,10.0,114,6,Indre Kvarøy,8.9,3.17804971641414,-0.00011228907814667997,10
14,10.0,114,10,Aldra,8.9,5.363456596884761,-9.172305482044025e-05,10
14,10.0,114,9,Sleneset,9.4,4.788875998951459,-9.577471344066076e-05,10
14,10.0,114,2,Træna,9.9,4.094712037087183,-9.174997870652158e-05,10
14,10.0,114,4,Gjerøy,9.9,2.766867462592951,-0.00010260569161227607,10
14,10.0,114,3,Selvær,10.6,3.864367132317183,-0.00018602069776675444,10
14,10.0,115,11,Southern 1,5.0,3.197221015541813,0.00030236895054904607,10
14,10.0,115,15,Southern 5,6.7,5.538752366533259,9.823875921163908e-05,10
14,10.0,115,12,Southern 2,6.8,4.1041983924323695,0.00012262741726673016,10
14,10.0,115,8,Lovund,7.0,3.6209268304000712,0.00010550715708145446,10
14,10.0,115,13,Southern 3,7.0,4.47213595499958,6.182097777748523e-05,10
14,10.0,115,1,Myken,7.1,4.863697724525606,0.00012555581749621364,10
14,10.0,115,7,Onøy og Lurøy,7.1,4.976611966656298,8.172579866475046e-05,10
14,10.0,115,0,Nesøy,7.8,5.00666222813829,0.00016431181797636036,10
14,10.0,115,5,Hestmannøy,7.9,2.923088169119167,2.256910272863924e-05,10
14,10.0,115,6,Indre Kvarøy,8.9,3.17804971641414,-0.00011206900694467323,10
14,10.0,115,10,Aldra,8.9,5.363456596884761,-9.195708164404028e-05,10
14,10.0,115,9,Sleneset,9.4,4.788875998951459,-9.713252201670953e-05,10
14,10.0,115,2,Træna,9.9,4.094712037087183,-9.475994639039607e-05,10
14,10.0,115,4,Gjerøy,9.9,2.766867462592951,-0.00010193870546591568,10
14,10.0,115,3,Selvær,10.6,3.864367132317183,-0.00018600207334520719,10
14,10.0,116,11,Southern 1,5.0,3.197221015541813,0.00030195161462594206,10
14,10.0,116,15,Southern 5,6.7,5.538752366533259,9.962532696839411e-05,10
14,10.0,116,12,Southern 2,6.8,4.1041983924323695,0.00012271320560371568,10
14,10.0,116,8,Lovund,7.0,3.6209268304000712,0.0001060295101249454,10
14,10.0,116,13,Southern 3,7.0,4.47213595499958,6.12577568093967e-05,10
14,10.0,116,1,Myken,7.1,4.863697724525606,0.00013073140570447602,10
14,10.0,116,7,Onøy og Lurøy,7.1,4.976611966656298,8.130822797267516e-05,10
14,10.0,116,0,Nesøy,7.8,5.00666222813829,0.00016185027094595914,10
14,10.0,116,5,Hestmannøy,7.9,2.923088169119167,2.2444555829408694e-05,10
14,10.0,116,6,Indre Kvarøy,8.9,3.17804971641414,-0.0001121444458910843,10
14,10.0,116,10,Aldra,8.9,5.363456596884761,-9.239834002518773e-05,10
14,10.0,116,9,Sleneset,9.4,4.788875998951459,-9.688932027628076e-05,10
14,10.0,116,2,Træna,9.9,4.094712037087183,-9.442925362645714e-05,10
14,10.0,116,4,Gjerøy,9.9,2.766867462592951,-0.00010208046551900309,10
14,10.0,116,3,Selvær,10.6,3.864367132317183,-0.0001845752109000385,10
14,10.0,117,11,Southern 1,5.0,3.197221015541813,0.0003027953533034354,10
14,10.0,117,12,Southern 2,6.7,4.056544780420347,0.00012321326399363682,10
14,10.0,117,15,Southern 5,6.7,5.538752366533259,9.980150352391449e-05,10
14,10.0,117,1,Myken,7.0,4.784233364802442,0.0001293274659326262,10
14,10.0,117,8,Lovund,7.0,3.6209268304000712,0.00010619041327652032,10
14,10.0,117,13,Southern 3,7.0,4.47213595499958,6.038876467984245e-05,10
14,10.0,117,7,Onøy og Lurøy,7.1,4.976611966656298,8.151997351818397e-05,10
14,10.0,117,0,Nesøy,7.8,5.00666222813829,0.00016218079076999207,10
14,10.0,117,5,Hestmannøy,7.9,2.923088169119167,2.271295824769219e-05,10
14,10.0,117,6,Indre Kvarøy,8.9,3.17804971641414,-0.00011181360038422565,10
14,10.0,117,10,Aldra,8.9,5.363456596884761,-9.226305764958672e-05,10
14,10.0,117,9,Sleneset,9.4,4.788875998951459,-9.76069912913333e-05,10
14,10.0,117,2,Træna,9.9,4.094712037087183,-9.352577289046414e-05,10
14,10.0,117,4,Gjerøy,10.0,2.788866755113585,-0.00010227906399973277,10
14,10.0,117,3,Selvær,10.7,3.8020462326956985,-0.00018798920618326413,10
14,10.0,118,11,Southern 1,5.0,3.197221015541813,0.00030207697550520155,10
14,10.0,118,15,Southern 5,6.6,5.561774297230456,0.00010188465903705825,10
14,10.0,118,12,Southern 2,6.8,4.1041983924323695,0.00012272827323713418,10
14,10.0,118,13,Southern 3,6.8,4.589843860815601,6.14106007902325e-05,10
14,10.0,118,1,Myken,6.9,4.748099034818508,0.0001313287737206899,10
14,10.0,118,8,Lovund,6.9,3.7549966711037173,0.00010753032830185195,10
14,10.0,118,7,Onøy og Lurøy,7.1,4.976611966656298,8.149811941193775e-05,10
14,10.0,118,0,Nesøy,7.9,4.931756504757937,0.00016260861271735075,10
14,10.0,118,5,Hestmannøy,8.0,2.788866755113585,2.190702780751032e-05,10
14,10.0,118,6,Indre Kvarøy,8.9,3.17804971641414,-0.00011220437672425373,10
14,10.0,118,10,Aldra,8.9,5.363456596884761,-9.257171869055541e-05,10
14,10.0,118,9,Sleneset,9.4,4.788875998951459,-9.841277402413007e-05,10
14,10.0,118,2,Træna,10.0,3.8873012632302,-9.25684201311242e-05,10
14,10.0,118,4,Gjerøy,10.0,2.788866755113585,-0.00010219412557069534,10
14,10.0,118,3,Selvær,10.8,3.6453928305312844,-0.00018789328804133347,10
14,10.0,119,11,Southern 1,5.0,3.197221015541813,0.00030107921416142893,10
14,10.0,119,15,Southern 5,6.6,5.561774297230456,0.00010193116577906375,10
14,10.0,119,12,Southern 2,6.8,4.1041983924323695,0.0001231745934188483,10
14,10.0,119,1,Myken,6.9,4.748099034818508,0.00013064438043366798,10
14,10.0,119,8,Lovund,7.0,3.6209268304000712,0.00010622510026260762,10
14,10.0,119,13,Southern 3,7.0,4.447221354708778,6.11881232190221e-05,10
14,10.0,119,7,Onøy og Lurøy,7.1,4.976611966656298,8.08802032866148e-05,10
14,10.0,119,0,Nesøy,7.8,5.00666222813829,0.0001656541523751763,10
14,10.0,119,5,Hestmannøy,8.0,2.788866755113585,2.2029507706026823e-05,10
14,10.0,119,10,Aldra,8.8,5.473166867139678,-9.337734554327198e-05,10
14,10.0,119,6,Indre Kvarøy,8.9,3.17804971641414,-0.00011168920639449391,10
14,10.0,119,9,Sleneset,9.4,4.788875998951459,-9.616169924942079e-05,10
14,10.0,119,2,Træna,9.9,4.094712037087183,-9.226112876542603e-05,10
14,10.0,119,4,Gjerøy,10.0,2.788866755113585,-0.000102567370420901,10
14,10.0,119,3,Selvær,10.8,3.6453928305312844,-0.00018701011436173502,10
14,10.0,120,11,Southern 1,4.9,3.0349812373573437,0.00030125565778576623,10
14,10.0,120,15,Southern 5,6.6,5.561774297230456,0.00010227031602591074,10
14,10.0,120,1,Myken,6.7,4.643992535164831,0.00013179844651098062,10
14,10.0,120,12,Southern 2,6.8,4.1041983924323695,0.0001229542088566022,10
14,10.0,120,13,Southern 3,6.8,4.589843860815601,6.143592868347871e-05,10
14,10.0,120,7,Onøy og Lurøy,7.1,4.976611966656298,7.992530334456684e-05,10
14,10.0,120,8,Lovund,7.1,3.6651512019742567,0.0001056250716007323,10
14,10.0,120,0,Nesøy,7.9,4.931756504757937,0.0001648105747202896,10
14,10.0,120,5,Hestmannøy,8.1,2.8460498941515415,2.235188034866705e-05,10
14,10.0,120,6,Indre Kvarøy,8.9,3.17804971641414,-0.00011149864319391467,10
14,10.0,120,10,Aldra,8.9,5.363456596884761,-9.271416010601798e-05,10
14,10.0,120,9,Sleneset,9.4,4.788875998951459,-0.00010029331268520983,10
14,10.0,120,2,Træna,9.9,4.094712037087183,-9.207108868388735e-05,10
14,10.0,120,4,Gjerøy,10.0,2.788866755113585,-0.00010229330837110314,10
14,10.0,120,3,Selvær,10.9,3.6040101122068027,-0.00018678417229089716,10
14,10.0,121,11,Southern 1,4.9,3.0349812373573437,0.0003003930809085619,10
14,10.0,121,15,Southern 5,6.6,5.561774297230456,0.00010282052374353389,10
14,10.0,121,1,Myken,6.7,4.643992535164831,0.00013231073581508563,10
14,10.0,121,13,Southern 3,6.8,4.589843860815601,6.221861931774396e-05,10
14,10.0,121,12,Southern 2,6.9,4.1486276177925525,0.00012307296738935867,10
14,10.0,121,7,Onøy og Lurøy,7.1,4.976611966656298,8.049354291356132e-05,10
14,10.0,121,8,Lovund,7.1,3.6651512019742567,0.00010517013255241868,10
14,10.0,121,0,Nesøy,7.8,5.0508525133002165,0.00016398148925840468,10
14,10.0,121,5,Hestmannøy,8.1,2.8460498941515415,2.2184325113094676e-05,10
14,10.0,121,6,Indre Kvarøy,8.9,3.17804971641414,-0.00011116494210174821,10
14,10.0,121,10,Aldra,8.9,5.363456596884761,-9.259506464261794e-05,10
14,10.0,121,9,Sleneset,9.5,4.624812308503869,-0.0001003042176576444,10
14,10.0,121,2,Træna,9.9,4.094712037087183,-9.157273545011462e-05,10
14,10.0,121,4,Gjerøy,10.0,2.788866755113585,-0.00010211838559270661,10
14,10.0,121,3,Selvær,10.8,3.675746333890726,-0.00018851131169973187,10
14,10.0,122,11,Southern 1,4.9,3.0349812373573437,0.00029938083642778453,10
14,10.0,122,15,Southern 5,6.6,5.561774297230456,0.00010221582687403732,10
14,10.0,122,1,Myken,6.7,4.643992535164831,0.00013185569426656972,10
14,10.0,122,13,Southern 3,6.8,4.589843860815601,6.213005847565448e-05,10
14,10.0,122,12,Southern 2,6.9,4.1486276177925525,0.0001227450758545503,10
14,10.0,122,7,Onøy og Lurøy,7.1,4.976611966656298,8.047300521672932e-05,10
14,10.0,122,8,Lovund,7.1,3.6651512019742567,0.00010451930999736615,10
14,10.0,122,0,Nesøy,7.9,4.931756504757937,0.00016346178841621708,10
14,10.0,122,5,Hestmannøy,8.1,2.8460498941515415,2.231709338156656e-05,10
14,10.0,122,6,Indre Kvarøy,8.9,3.17804971641414,-0.00011080769410702972,10
14,10.0,122,10,Aldra,8.9,5.363456596884761,-9.186216729022052e-05,10
14,10.0,122,9,Sleneset,9.4,4.788875998951459,-9.831713384482306e-05,10
14,10.0,122,2,Træna,9.9,4.094712037087183,-9.137483213164672e-05,10
14,10.0,122,4,Gjerøy,10.0,2.788866755113585,-0.00010170835068292763,10
14,10.0,122,3,Selvær,10.8,3.675746333890726,-0.00018799417377655882,10
14,10.0,123,11,Southern 1,4.9,3.0349812373573437,0.00029884543418566984,10
14,10.0,123,15,Southern 5,6.6,5.561774297230456,0.00010259990485923891,10
14,10.0,123,12,Southern 2,6.7,4.056544780420347,0.00012421182521059332,10
14,10.0,123,13,Southern 3,6.8,4.589843860815601,6.249520876935658e-05,10
14,10.0,123,1,Myken,6.9,4.724639903973871,0.00013199532495392402,10
14,10.0,123,8,Lovund,6.9,3.7549966711037173,0.00010534403801206421,10
14,10.0,123,7,Onøy og Lurøy,7.1,4.976611966656298,8.116147393970147e-05,10
14,10.0,123,0,Nesøy,7.9,4.931756504757937,0.00016118224838831513,10
14,10.0,123,5,Hestmannøy,8.1,2.8460498941515415,2.193719438501881e-05,10
14,10.0,123,6,Indre Kvarøy,8.9,3.17804971641414,-0.00011147823476467785,10
14,10.0,123,10,Aldra,8.9,5.363456596884761,-9.235611567253269e-05,10
14,10.0,123,9,Sleneset,9.4,4.788875998951459,-9.860615399801651e-05,10
14,10.0,123,2,Træna,10.0,3.8873012632302,-9.145859288471102e-05,10
14,10.0,123,4,Gjerøy,10.0,2.788866755113585,-0.0001013304768182538,10
14,10.0,123,3,Selvær,10.9,3.6040101122068027,-0.00018811589982967462,10
14,10.0,124,11,Southern 1,4.9,3.0349812373573437,0.0002983348870184819,10
14,10.0,124,15,Southern 5,6.7,5.49848463972878,0.0001025244854110175,10
14,10.0,124,12,Southern 2,6.8,4.1041983924323695,0.00012527071844013938,10
14,10.0,124,13,Southern 3,6.8,4.589843860815601,6.361181266069927e-05,10
14,10.0,124,8,Lovund,6.9,3.7549966711037173,0.00010474075772537236,10
14,10.0,124,1,Myken,7.0,4.784233364802442,0.00013074668050756878,10
14,10.0,124,7,Onøy og Lurøy,7.1,4.976611966656298,8.128717437141232e-05,10
14,10.0,124,0,Nesøy,7.9,4.931756504757937,0.00015833957938574808,10
14,10.0,124,5,Hestmannøy,7.9,2.960855732160327,2.2269948348035328e-05,10
14,10.0,124,6,Indre Kvarøy,8.9,3.17804971641414,-0.00011161060347209529,10
14,10.0,124,10,Aldra,8.9,5.363456596884761,-9.308986145030268e-05,10
14,10.0,124,9,Sleneset,9.4,4.788875998951459,-9.833272456858466e-05,10
14,10.0,124,2,Træna,10.0,3.8873012632302,-9.186358406414888e-05,10
14,10.0,124,4,Gjerøy,10.0,2.788866755113585,-0.00010194882379340672,10
14,10.0,124,3,Selvær,10.8,3.675746333890726,-0.00018820265749446108,10
14,10.0,125,11,Southern 1,4.9,3.0349812373573437,0.0002992395562726715,10
14,10.0,125,15,Southern 5,6.7,5.49848463972878,0.00010047846246282087,10
14,10.0,125,12,Southern 2,6.8,4.1041983924323695,0.00012616821002905214,10
14,10.0,125,1,Myken,6.9,4.748099034818508,0.0001307413645754057,10
14,10.0,125,13,Southern 3,6.9,4.508017549014447,6.306245781109328e-05,10
14,10.0,125,8,Lovund,7.0,3.8005847503304606,0.00010330749653830401,10
14,10.0,125,7,Onøy og Lurøy,7.1,4.976611966656298,8.176651470604087e-05,10
14,10.0,125,5,Hestmannøy,7.8,2.9363620727393656,2.2027266713903314e-05,10
14,10.0,125,0,Nesøy,7.9,4.931756504757937,0.00016086036951045032,10
14,10.0,125,10,Aldra,8.8,5.473166867139678,-9.259369435913741e-05,10
14,10.0,125,6,Indre Kvarøy,8.9,3.17804971641414,-0.00011282647294000273,10
14,10.0,125,9,Sleneset,9.4,4.788875998951459,-9.954929598021177e-05,10
14,10.0,125,2,Træna,10.0,3.8873012632302,-9.16031808318404e-05,10
14,10.0,125,4,Gjerøy,10.0,2.788866755113585,-0.00010165510857267808,10
14,10.0,125,3,Selvær,10.9,3.6040101122068027,-0.00018713547379677634,10
14,10.0,126,11,Southern 1,4.9,3.0349812373573437,0.0002992860599275814,10
14,10.0,126,12,Southern 2,6.7,4.24394994210713,0.00012713312321698027,10
14,10.0,126,15,Southern 5,6.8,5.391351098441527,0.00010063684798018244,10
14,10.0,126,1,Myken,6.9,4.748099034818508,0.000130447135123219,10
14,10.0,126,8,Lovund,6.9,3.7549966711037173,0.00010527094606724372,10
14,10.0,126,13,Southern 3,6.9,4.508017549014447,6.233661774197241e-05,10
14,10.0,126,7,Onøy og Lurøy,7.1,4.976611966656298,8.214333709773653e-05,10
14,10.0,126,0,Nesøy,7.9,4.931756504757937,0.00015869075104310576,10
14,10.0,126,5,Hestmannøy,7.9,2.960855732160327,2.2195657910379164e-05,10
14,10.0,126,10,Aldra,8.8,5.473166867139678,-9.205684130776933e-05,10
14,10.0,126,6,Indre Kvarøy,8.9,3.17804971641414,-0.0001125517896914523,10
14,10.0,126,9,Sleneset,9.4,4.788875998951459,-9.93906213024315e-05,10
14,10.0,126,2,Træna,10.0,3.8873012632302,-9.143499498676001e-05,10
14,10.0,126,4,Gjerøy,10.0,2.788866755113585,-0.00010217470488512048,10
14,10.0,126,3,Selvær,10.9,3.6040101122068027,-0.00018860698895774238,10
14,10.0,127,11,Southern 1,4.9,3.0349812373573437,0.00029884850390936725,10
14,10.0,127,12,Southern 2,6.7,4.24394994210713,0.00012751303038653473,10
14,10.0,127,15,Southern 5,6.7,5.457919831665621,0.00010130491134277726,10
14,10.0,127,1,Myken,6.9,4.748099034818508,0.00012904141679975374,10
14,10.0,127,8,Lovund,6.9,3.7549966711037173,0.00010589758140044396,10
14,10.0,127,13,Southern 3,6.9,4.508017549014447,6.14266560712116e-05,10
14,10.0,127,7,Onøy og Lurøy,7.1,4.976611966656298,8.233675234157979e-05,10
14,10.0,127,0,Nesøy,7.8,5.0508525133002165,0.00016294599055590922,10
14,10.0,127,5,Hestmannøy,8.0,2.788866755113585,2.1993760417960544e-05,10
14,10.0,127,10,Aldra,8.8,5.473166867139678,-9.346479261939374e-05,10
14,10.0,127,6,Indre Kvarøy,8.9,3.17804971641414,-0.00011231827233957912,10
14,10.0,127,9,Sleneset,9.5,4.624812308503869,-0.00010154637095962275,10
14,10.0,127,2,Træna,10.0,3.8873012632302,-9.090839989536337e-05,10
14,10.0,127,4,Gjerøy,10.0,2.788866755113585,-0.00010134176280381713,10
14,10.0,127,3,Selvær,10.9,3.6040101122068027,-0.00018808047213046992,10
14,10.0,128,11,Southern 1,4.9,3.0349812373573437,0.0002996600774534826,10
14,10.0,128,12,Southern 2,6.7,4.24394994210713,0.0001268198003595157,10
14,10.0,128,15,Southern 5,6.7,5.457919831665621,0.00010083179314405123,10
14,10.0,128,1,Myken,6.9,4.748099034818508,0.00012819424165623619,10
14,10.0,128,8,Lovund,6.9,3.7549966711037173,0.00010511539982987412,10
14,10.0,128,13,Southern 3,7.0,4.447221354708778,6.089635067265509e-05,10
14,10.0,128,7,Onøy og Lurøy,7.1,4.976611966656298,8.169327810006365e-05,10
14,10.0,128,0,Nesøy,7.6,5.146735750831676,0.00016421629743479128,10
14,10.0,128,5,Hestmannøy,8.0,2.788866755113585,2.1952241568550742e-05,10
14,10.0,128,10,Aldra,8.8,5.473166867139678,-9.264325859310174e-05,10
14,10.0,128,6,Indre Kvarøy,9.0,3.091206165165235,-0.00011229790564057534,10
14,10.0,128,9,Sleneset,9.5,4.624812308503869,-0.0001011210632477967,10
14,10.0,128,2,Træna,10.0,3.8873012632302,-9.084984835432117e-05,10
14,10.0,128,4,Gjerøy,10.0,2.788866755113585,-0.00010137228760720725,10
14,10.0,128,3,Selvær,10.9,3.6040101122068027,-0.0001868151101078481,10
14,10.0,129,11,Southern 1,4.9,3.0349812373573437,0.0002990429992007026,10
14,10.0,129,12,Southern 2,6.6,4.1952353926806065,0.00012828932506975997,10
14,10.0,129,15,Southern 5,6.7,5.457919831665621,9.992919113133993e-05,10
14,10.0,129,1,Myken,7.0,4.784233364802442,0.00012981148669464457,10
14,10.0,129,8,Lovund,7.0,3.8005847503304606,0.00010480240631217017,10
14,10.0,129,13,Southern 3,7.0,4.447221354708778,6.223149322058519e-05,10
14,10.0,129,7,Onøy og Lurøy,7.1,4.976611966656298,8.178054978419895e-05,10
14,10.0,129,0,Nesøy,7.7,5.034326612809744,0.0001642140618500057,10
14,10.0,129,5,Hestmannøy,7.9,2.766867462592951,2.1924101418358302e-05,10
14,10.0,129,10,Aldra,8.8,5.473166867139678,-9.269550099179034e-05,10
14,10.0,129,6,Indre Kvarøy,9.0,3.091206165165235,-0.00011245658939545067,10
14,10.0,129,9,Sleneset,9.4,4.788875998951459,-0.0001044297345065409,10
14,10.0,129,2,Træna,10.0,3.8873012632302,-9.126245172239248e-05,10
14,10.0,129,4,Gjerøy,10.0,2.788866755113585,-0.00010200942464157493,10
14,10.0,129,3,Selvær,10.9,3.6040101122068027,-0.000185972401639626,10
14,10.0,130,11,Southern 1,4.9,3.0349812373573437,0.0002996649220403258,10
14,10.0,130,12,Southern 2,6.6,4.1952353926806065,0.00012839865613494426,10
14,10.0,130,15,Southern 5,6.7,5.457919831665621,9.950333092840816e-05,10
14,10.0,130,8,Lovund,6.9,3.7549966711037173,0.00010298841725407082,10
14,10.0,130,1,Myken,7.0,4.784233364802442,0.00013013504398267048,10
14,10.0,130,13,Southern 3,7.0,4.447221354708778,6.239014118054515e-05,10
14,10.0,130,7,Onøy og Lurøy,7.1,4.976611966656298,8.287401129344156e-05,10
14,10.0,130,0,Nesøy,7.8,5.00666222813829,0.00016314038063450833,10
14,10.0,130,5,Hestmannøy,8.0,2.788866755113585,2.1572019347390538e-05,10
14,10.0,130,10,Aldra,8.8,5.473166867139678,-9.29469998350897e-05,10
14,10.0,130,6,Indre Kvarøy,8.9,3.17804971641414,-0.00011225533826434952,10
14,10.0,130,9,Sleneset,9.4,4.788875998951459,-0.00010382080605323224,10
14,10.0,130,2,Træna,10.0,3.8873012632302,-9.220454226051156e-05,10
14,10.0,130,4,Gjerøy,10.0,2.788866755113585,-0.00010162981106310882,10
14,10.0,130,3,Selvær,10.9,3.6040101122068027,-0.0001860474005501253,10
14,10.0,131,11,Southern 1,5.0,3.1269438398822866,0.00030057883031392614,10
14,10.0,131,12,Southern 2,6.6,4.1952353926806065,0.00012772101367777527,10
14,10.0,131,15,Southern 5,6.8,5.43241300999023,0.00010061033700411702,10
14,10.0,131,8,Lovund,6.9,3.7549966711037173,0.00010294913758731995,10
14,10.0,131,13,Southern 3,6.9,4.433458644845529,6.16614894766692e-05,10
14,10.0,131,1,Myken,7.0,4.784233364802442,0.00013070934449872703,10
14,10.0,131,7,Onøy og Lurøy,7.1,4.976611966656298,8.255616444445928e-05,10
14,10.0,131,0,Nesøy,7.8,5.00666222813829,0.00016013703589185522,10
14,10.0,131,5,Hestmannøy,8.0,2.788866755113585,2.1339685705804326e-05,10
14,10.0,131,10,Aldra,8.8,5.473166867139678,-9.113567666826625e-05,10
14,10.0,131,6,Indre Kvarøy,8.9,3.17804971641414,-0.00011234714947696736,10
14,10.0,131,9,Sleneset,9.4,4.788875998951459,-0.00010467025250646745,10
14,10.0,131,2,Træna,10.0,3.8873012632302,-9.183246128792775e-05,10
14,10.0,131,4,Gjerøy,10.0,2.788866755113585,-0.00010113475729706216,10
14,10.0,131,3,Selvær,10.8,3.76533899905145,-0.00018581136306948916,10
14,10.0,132,11,Southern 1,4.9,3.0349812373573437,0.0003012585781498568,10
14,10.0,132,12,Southern 2,6.6,4.1952353926806065,0.00012675393800180656,10
14,10.0,132,15,Southern 5,6.8,5.43241300999023,9.987103639332734e-05,10
14,10.0,132,8,Lovund,6.9,3.7549966711037173,0.00010328685944626772,10
14,10.0,132,1,Myken,7.0,4.784233364802442,0.00013046222807060797,10
14,10.0,132,13,Southern 3,7.0,4.447221354708778,6.281082126852369e-05,10
14,10.0,132,7,Onøy og Lurøy,7.1,4.976611966656298,8.240430874037305e-05,10
14,10.0,132,0,Nesøy,7.7,5.034326612809744,0.00016145360266097642,10
14,10.0,132,5,Hestmannøy,8.0,2.788866755113585,2.1083086366689853e-05,10
14,10.0,132,10,Aldra,8.8,5.473166867139678,-8.935224943220012e-05,10
14,10.0,132,6,Indre Kvarøy,9.0,3.091206165165235,-0.00011205151417075841,10
14,10.0,132,9,Sleneset,9.4,4.788875998951459,-0.00010396285994621645,10
14,10.0,132,2,Træna,10.0,3.8873012632302,-9.295294995662276e-05,10
14,10.0,132,4,Gjerøy,10.0,2.788866755113585,-0.00010134050988311765,10
14,10.0,132,3,Selvær,10.8,3.76533899905145,-0.00018837303617712085,10
14,10.0,133,11,Southern 1,5.0,3.1269438398822866,0.0003010884792908731,10
14,10.0,133,12,Southern 2,6.6,4.1952353926806065,0.00012684890316206344,10
14,10.0,133,15,Southern 5,6.8,5.43241300999023,9.929869825129383e-05,10
14,10.0,133,8,Lovund,6.9,3.7549966711037173,0.00010291465306607101,10
14,10.0,133,13,Southern 3,6.9,4.433458644845529,6.346361736381232e-05,10
14,10.0,133,1,Myken,7.1,4.863697724525606,0.00012851369817085196,10
14,10.0,133,7,Onøy og Lurøy,7.1,4.976611966656298,8.166264042333222e-05,10
14,10.0,133,0,Nesøy,7.8,5.00666222813829,0.00015985492080400292,10
14,10.0,133,5,Hestmannøy,8.0,2.788866755113585,2.1473323518242275e-05,10
14,10.0,133,10,Aldra,8.8,5.473166867139678,-9.086065499797291e-05,10
14,10.0,133,6,Indre Kvarøy,8.9,3.17804971641414,-0.00011178187620413481,10
14,10.0,133,9,Sleneset,9.4,4.788875998951459,-0.0001035422662383523,10
14,10.0,133,4,Gjerøy,9.9,2.766867462592951,-0.00010144814556456283,10
14,10.0,133,2,Træna,10.0,3.8873012632302,-9.322139813480867e-05,10
14,10.0,133,3,Selvær,10.8,3.76533899905145,-0.0001871856983732501,10
14,10.0,134,11,Southern 1,5.0,3.1269438398822866,0.0003001828442902688,10
14,10.0,134,12,Southern 2,6.7,4.24394994210713,0.00012629420205773518,10
14,10.0,134,15,Southern 5,6.8,5.43241300999023,9.752853851031588e-05,10
14,10.0,134,1,Myken,6.9,4.748099034818508,0.00012685389617577596,10
14,10.0,134,8,Lovund,6.9,3.7549966711037173,0.00010417596869142113,10
14,10.0,134,13,Southern 3,6.9,4.433458644845529,6.389778338380023e-05,10
14,10.0,134,7,Onøy og Lurøy,7.1,4.976611966656298,8.351149368131887e-05,10
14,10.0,134,0,Nesøy,7.8,5.00666222813829,0.00015904053096255837,10
14,10.0,134,5,Hestmannøy,8.0,2.788866755113585,2.1425155664157944e-05,10
14,10.0,134,10,Aldra,8.8,5.473166867139678,-9.089971100235902e-05,10
14,10.0,134,6,Indre Kvarøy,8.9,3.17804971641414,-0.0001114671553144994,10
14,10.0,134,9,Sleneset,9.4,4.788875998951459,-0.00010425199709934877,10
14,10.0,134,2,Træna,10.0,3.8873012632302,-9.249616804082866e-05,10
14,10.0,134,4,Gjerøy,10.0,2.788866755113585,-0.0001007831639748673,10
14,10.0,134,3,Selvær,10.8,3.76533899905145,-0.0001875936765043245,10
14,10.0,135,11,Southern 1,5.0,3.1269438398822866,0.0002998030834503489,10
14,10.0,135,12,Southern 2,6.7,4.24394994210713,0.0001265043266402614,10
14,10.0,135,15,Southern 5,6.8,5.43241300999023,9.762717700758327e-05,10
14,10.0,135,13,Southern 3,6.9,4.433458644845529,6.402116729377211e-05,10
14,10.0,135,1,Myken,7.0,4.83045891539648,0.00012644750310804892,10
14,10.0,135,8,Lovund,7.0,3.8005847503304606,0.00010522552586040852,10
14,10.0,135,7,Onøy og Lurøy,7.1,4.976611966656298,8.347610028132861e-05,10
14,10.0,135,0,Nesøy,7.8,5.00666222813829,0.00016014178464288212,10
14,10.0,135,5,Hestmannøy,7.9,2.766867462592951,2.1542534016227558e-05,10
14,10.0,135,10,Aldra,8.8,5.473166867139678,-9.096610550972613e-05,10
14,10.0,135,6,Indre Kvarøy,8.9,3.17804971641414,-0.00011132934153745536,10
14,10.0,135,9,Sleneset,9.4,4.788875998951459,-0.00010566394528814107,10
14,10.0,135,4,Gjerøy,9.9,2.766867462592951,-0.00010109654177309188,10
14,10.0,135,2,Træna,10.0,3.8873012632302,-9.230668237401125e-05,10
14,10.0,135,3,Selvær,10.8,3.76533899905145,-0.0001876293902467632,10
14,10.0,136,11,Southern 1,5.0,3.1269438398822866,0.00029942670648660803,10
14,10.0,136,12,Southern 2,6.7,4.24394994210713,0.0001263550241465536,10
14,10.0,136,15,Southern 5,6.8,5.43241300999023,9.64830491302218e-05,10
14,10.0,136,13,Southern 3,6.9,4.433458644845529,6.39096318803384e-05,10
14,10.0,136,1,Myken,7.0,4.83045891539648,0.00012627361741881932,10
14,10.0,136,8,Lovund,7.0,3.8005847503304606,0.00010444956677048954,10
14,10.0,136,7,Onøy og Lurøy,7.1,4.976611966656298,8.46246942837504e-05,10
14,10.0,136,0,Nesøy,7.8,5.00666222813829,0.00015877092352540673,10
14,10.0,136,5,Hestmannøy,7.9,2.766867462592951,2.1421290839020656e-05,10
14,10.0,136,10,Aldra,8.8,5.473166867139678,-8.98523822490509e-05,10
14,10.0,136,6,Indre Kvarøy,8.9,3.17804971641414,-0.00011148166898698286,10
14,10.0,136,9,Sleneset,9.4,4.788875998951459,-0.00010467526023626144,10
14,10.0,136,4,Gjerøy,9.9,2.766867462592951,-0.00010076780661721838,10
14,10.0,136,2,Træna,10.0,3.8873012632302,-9.155357174658345e-05,10
14,10.0,136,3,Selvær,10.8,3.76533899905145,-0.00018760846291106058,10
14,10.0,137,11,Southern 1,5.0,3.1269438398822866,0.00029896885325246254,10
14,10.0,137,12,Southern 2,6.7,4.24394994210713,0.00012780694998759532,10
14,10.0,137,15,Southern 5,6.8,5.43241300999023,9.876379849923099e-05,10
14,10.0,137,13,Southern 3,6.9,4.433458644845529,6.387907597670656e-05,10
14,10.0,137,1,Myken,7.0,4.83045891539648,0.00012709412988623034,10
14,10.0,137,8,Lovund,7.0,3.8005847503304606,0.00010505799210433447,10
14,10.0,137,7,Onøy og Lurøy,7.1,4.976611966656298,8.381362251501994e-05,10
14,10.0,137,0,Nesøy,7.8,5.00666222813829,0.00015794892951251097,10
14,10.0,137,5,Hestmannøy,7.9,2.766867462592951,2.1443062900396258e-05,10
14,10.0,137,6,Indre Kvarøy,8.8,2.9739610697593952,-0.0001107329245963058,10
14,10.0,137,10,Aldra,8.9,5.586690532964137,-9.157190008287316e-05,10
14,10.0,137,9,Sleneset,9.4,4.788875998951459,-0.0001069907615456149,10
14,10.0,137,4,Gjerøy,9.9,2.766867462592951,-0.0001011699879466912,10
14,10.0,137,2,Træna,10.0,3.8873012632302,-9.17006584559475e-05,10
14,10.0,137,3,Selvær,10.8,3.76533899905145,-0.00018739097087873253,10
14,10.0,138,11,Southern 1,5.0,3.1269438398822866,0.0002988932870406363,10
14,10.0,138,12,Southern 2,6.7,4.24394994210713,0.00012899058138468952,10
14,10.0,138,15,Southern 5,6.8,5.43241300999023,9.764209398812158e-05,10
14,10.0,138,13,Southern 3,6.9,4.433458644845529,6.244395808603452e-05,10
14,10.0,138,1,Myken,7.0,4.83045891539648,0.0001267090387396894,10
14,10.0,138,8,Lovund,7.0,3.8005847503304606,0.00010558113277705277,10
14,10.0,138,7,Onøy og Lurøy,7.1,4.976611966656298,8.518511952068304e-05,10
14,10.0,138,0,Nesøy,7.8,5.00666222813829,0.00015982635486557666,10
14,10.0,138,5,Hestmannøy,7.9,2.766867462592951,2.1678107690210727e-05,10
14,10.0,138,10,Aldra,8.8,5.473166867139678,-9.07682083722184e-05,10
14,10.0,138,6,Indre Kvarøy,8.9,3.17804971641414,-0.00011166188135337272,10
14,10.0,138,9,Sleneset,9.4,4.788875998951459,-0.00010761099537950128,10
14,10.0,138,4,Gjerøy,9.9,2.766867462592951,-0.00010121089534239732,10
14,10.0,138,2,Træna,10.0,3.8873012632302,-9.180057856674782e-05,10
14,10.0,138,3,Selvær,10.8,3.76533899905145,-0.0001868284081911642,10
14,10.0,139,11,Southern 1,5.0,3.1269438398822866,0.000300254032632437,10
14,10.0,139,12,Southern 2,6.7,4.24394994210713,0.00012892914752523347,10
14,10.0,139,15,Southern 5,6.8,5.43241300999023,9.687079688621778e-05,10
14,10.0,139,13,Southern 3,6.9,4.433458644845529,6.219466352407091e-05,10
14,10.0,139,1,Myken,7.0,4.83045891539648,0.00012696673527917455,10
14,10.0,139,8,Lovund,7.0,3.8005847503304606,0.00010458730056664307,10
14,10.0,139,7,Onøy og Lurøy,7.1,4.976611966656298,8.51291283772917e-05,10
14,10.0,139,0,Nesøy,7.8,5.00666222813829,0.00015925781055598742,10
14,10.0,139,5,Hestmannøy,7.9,2.766867462592951,2.1705795909828657e-05,10
14,10.0,139,6,Indre Kvarøy,8.8,2.9739610697593952,-0.00011214624982883384,10
14,10.0,139,10,Aldra,8.9,5.586690532964137,-8.953134334948854e-05,10
14,10.0,139,9,Sleneset,9.3,4.762119042797836,-0.00010804687739474474,10
14,10.0,139,2,Træna,10.0,3.8873012632302,-9.284210781993736e-05,10
14,10.0,139,4,Gjerøy,10.0,2.7888667551135846,-0.00010116658679148448,10
14,10.0,139,3,Selvær,10.8,3.76533899905145,-0.00018677736392739148,10
14,10.0,140,11,Southern 1,5.0,3.1269438398822866,0.00030027009628003944,10
14,10.0,140,12,Southern 2,6.7,4.24394994210713,0.0001294567881815423,10
14,10.0,140,15,Southern 5,6.8,5.43241300999023,9.721229659958717e-05,10
14,10.0,140,13,Southern 3,6.9,4.433458644845529,6.154894518572406e-05,10
14,10.0,140,1,Myken,7.0,4.83045891539648,0.00012668667958203993,10
14,10.0,140,7,Onøy og Lurøy,7.1,4.976611966656298,8.488698010831382e-05,10
14,10.0,140,8,Lovund,7.1,3.6651512019742567,0.00010449110234781178,10
14,10.0,140,0,Nesøy,7.8,5.00666222813829,0.00015911884642146992,10
14,10.0,140,5,Hestmannøy,7.9,2.766867462592951,2.192511387023512e-05,10
14,10.0,140,6,Indre Kvarøy,8.8,2.9739610697593952,-0.00011137931133428632,10
14,10.0,140,10,Aldra,8.9,5.586690532964137,-8.936550794006346e-05,10
14,10.0,140,9,Sleneset,9.3,4.762119042797836,-0.00010795386484119184,10
14,10.0,140,2,Træna,9.9,4.094712037087183,-9.312519368998227e-05,10
14,10.0,140,4,Gjerøy,10.0,2.7888667551135846,-0.0001017282244775263,10
14,10.0,140,3,Selvær,10.8,3.76533899905145,-0.00018648442825996108,10
14,10.0,141,11,Southern 1,5.0,3.1269438398822866,0.00030087657588372016,10
14,10.0,141,12,Southern 2,6.8,4.2895221179054435,0.00012864932316982314,10
14,10.0,141,13,Southern 3,6.8,4.491968140779471,6.10891220410952e-05,10
14,10.0,141,15,Southern 5,6.8,5.43241300999023,9.635117406571602e-05,10
14,10.0,141,1,Myken,6.9,4.748099034818508,0.00012813863162171372,10
14,10.0,141,7,Onøy og Lurøy,7.1,4.976611966656298,8.656103287403066e-05,10
14,10.0,141,8,Lovund,7.1,3.6651512019742567,0.00010545559376485285,10
14,10.0,141,0,Nesøy,7.9,4.931756504757937,0.00015869260498526603,10
14,10.0,141,5,Hestmannøy,7.9,2.766867462592951,2.1485131147060465e-05,10
14,10.0,141,6,Indre Kvarøy,8.8,2.9739610697593952,-0.00011142787887587975,10
14,10.0,141,10,Aldra,8.9,5.586690532964137,-8.8372856563911e-05,10
14,10.0,141,9,Sleneset,9.3,4.762119042797836,-0.0001102318160288236,10
14,10.0,141,2,Træna,9.9,4.094712037087183,-9.218788186677583e-05,10
14,10.0,141,4,Gjerøy,10.1,2.806737924669451,-0.00010155235527333677,10
14,10.0,141,3,Selvær,10.7,3.8311588035185613,-0.00018614339480625783,10
14,10.0,142,11,Southern 1,5.0,3.1269438398822866,0.00030066486592288057,10
14,10.0,142,12,Southern 2,6.8,4.2895221179054435,0.0001298393657485889,10
14,10.0,142,13,Southern 3,6.8,4.491968140779471,6.0718911148362695e-05,10
14,10.0,142,15,Southern 5,6.8,5.43241300999023,9.448663525915661e-05,10
14,10.0,142,1,Myken,7.0,4.83045891539648,0.00012804717410104028,10
14,10.0,142,7,Onøy og Lurøy,7.1,4.976611966656298,8.657183854948524e-05,10
14,10.0,142,8,Lovund,7.1,3.6651512019742567,0.00010615619275057859,10
14,10.0,142,0,Nesøy,7.9,4.931756504757937,0.00015990015848723802,10
14,10.0,142,5,Hestmannøy,7.9,2.766867462592951,2.1568440397627783e-05,10
14,10.0,142,10,Aldra,8.8,5.473166867139678,-8.837952656374095e-05,10
14,10.0,142,6,Indre Kvarøy,8.9,3.17804971641414,-0.00011144786270195105,10
14,10.0,142,9,Sleneset,9.3,4.762119042797836,-0.00010978014395133387,10
14,10.0,142,2,Træna,9.9,4.094712037087183,-9.271364042749907e-05,10
14,10.0,142,4,Gjerøy,10.0,2.7888667551135846,-0.00010132180354622706,10
14,10.0,142,3,Selvær,10.7,3.8311588035185613,-0.00018680916386607283,10
14,10.0,143,11,Southern 1,5.0,3.1269438398822866,0.0003010135595506187,10
14,10.0,143,12,Southern 2,6.8,4.2895221179054435,0.000130307807994211,10
14,10.0,143,13,Southern 3,6.8,4.491968140779471,5.986433914452553e-05,10
14,10.0,143,15,Southern 5,6.8,5.43241300999023,9.371581183489699e-05,10
14,10.0,143,1,Myken,7.0,4.83045891539648,0.0001278024014472316,10
14,10.0,143,7,Onøy og Lurøy,7.1,4.976611966656298,8.698088414430055e-05,10
14,10.0,143,8,Lovund,7.1,3.6651512019742567,0.00010525668914179156,10
14,10.0,143,0,Nesøy,7.9,4.931756504757937,0.0001615947176076122,10
14,10.0,143,5,Hestmannøy,7.9,2.766867462592951,2.14760236291915e-05,10
14,10.0,143,6,Indre Kvarøy,8.8,2.9739610697593952,-0.00011096464955669995,10
14,10.0,143,10,Aldra,8.9,5.586690532964137,-8.654611168386061e-05,10
14,10.0,143,9,Sleneset,9.3,4.762119042797836,-0.00010912375955647161,10
14,10.0,143,2,Træna,9.9,4.094712037087183,-9.235785342480628e-05,10
14,10.0,143,4,Gjerøy,10.0,2.7888667551135846,-0.00010166800615020772,10
14,10.0,143,3,Selvær,10.7,3.8311588035185613,-0.00018826647017745342,10
14,10.0,144,11,Southern 1,5.0,3.1269438398822866,0.00030056232754717313,10
14,10.0,144,12,Southern 2,6.7,4.24394994210713,0.00013002885287597942,10
14,10.0,144,13,Southern 3,6.8,4.491968140779471,6.010909835493212e-05,10
14,10.0,144,15,Southern 5,6.8,5.43241300999023,9.425535321675594e-05,10
14,10.0,144,8,Lovund,6.9,3.7549966711037173,0.00010573648219318335,10
14,10.0,144,1,Myken,7.0,4.83045891539648,0.00012788028800266512,10
14,10.0,144,7,Onøy og Lurøy,7.1,4.976611966656298,8.90258586592756e-05,10
14,10.0,144,0,Nesøy,7.8,4.962078417580905,0.00016157173323370325,10
14,10.0,144,5,Hestmannøy,8.0,2.788866755113585,2.134047834409841e-05,10
14,10.0,144,6,Indre Kvarøy,8.9,2.8848262031225067,-0.00011095812454833202,10
14,10.0,144,10,Aldra,8.9,5.586690532964137,-8.932362827364669e-05,10
14,10.0,144,9,Sleneset,9.3,4.762119042797836,-0.00010782584764632998,10
14,10.0,144,2,Træna,10.0,3.8873012632302,-9.2081883681057e-05,10
14,10.0,144,4,Gjerøy,10.0,2.7888667551135846,-0.00010164796761243863,10
14,10.0,144,3,Selvær,10.8,3.76533899905145,-0.00018909324827456173,10
14,10.0,145,11,Southern 1,5.0,3.1269438398822866,0.00030145700535942616,10
14,10.0,145,12,Southern 2,6.7,4.24394994210713,0.00012995413533866052,10
14,10.0,145,13,Southern 3,6.8,4.491968140779471,5.941507774356117e-05,10
14,10.0,145,15,Southern 5,6.8,5.43241300999023,9.42349921290585e-05,10
14,10.0,145,8,Lovund,6.9,3.7549966711037173,0.00010677379570287234,10
14,10.0,145,1,Myken,7.0,4.83045891539648,0.00012761843535605134,10
14,10.0,145,7,Onøy og Lurøy,7.1,4.976611966656298,8.883771497343537e-05,10
14,10.0,145,0,Nesøy,7.9,4.931756504757937,0.00015992690191778014,10
14,10.0,145,5,Hestmannøy,8.0,2.788866755113585,2.1520576013167472e-05,10
14,10.0,145,6,Indre Kvarøy,8.8,2.9739610697593952,-0.00011086138981141174,10
14,10.0,145,10,Aldra,8.9,5.586690532964137,-9.12179353292605e-05,10
14,10.0,145,9,Sleneset,9.3,4.762119042797836,-0.00010778097280526706,10
14,10.0,145,2,Træna,10.0,3.8873012632302,-9.156262186248245e-05,10
14,10.0,145,4,Gjerøy,10.0,2.7888667551135846,-0.00010161679755699938,10
14,10.0,145,3,Selvær,10.8,3.76533899905145,-0.00018933335308076406,10
14,10.0,146,11,Southern 1,5.0,3.1269438398822866,0.00030114326419142056,10
14,10.0,146,12,Southern 2,6.7,4.24394994210713,0.0001290775550298552,10
14,10.0,146,13,Southern 3,6.8,4.491968140779471,5.935971489475472e-05,10
14,10.0,146,15,Southern 5,6.8,5.43241300999023,9.63922113991411e-05,10
14,10.0,146,8,Lovund,6.9,3.7549966711037173,0.00010682618593057437,10
14,10.0,146,1,Myken,7.0,4.83045891539648,0.0001274631097928775,10
14,10.0,146,7,Onøy og Lurøy,7.1,4.976611966656298,8.805304326488066e-05,10
14,10.0,146,0,Nesøy,7.9,4.931756504757937,0.0001591436307097,10
14,10.0,146,5,Hestmannøy,8.0,2.788866755113585,2.1024992377605632e-05,10
14,10.0,146,6,Indre Kvarøy,8.8,2.9739610697593952,-0.00011070395356030389,10
14,10.0,146,10,Aldra,8.9,5.586690532964137,-8.853013905383149e-05,10
14,10.0,146,9,Sleneset,9.3,4.762119042797836,-0.00010726033882471194,10
14,10.0,146,2,Træna,10.0,3.8873012632302,-9.134501006328185e-05,10
14,10.0,146,4,Gjerøy,10.0,2.7888667551135846,-0.0001013707931140939,10
14,10.0,146,3,Selvær,10.8,3.76533899905145,-0.00018856231594916627,10
14,10.0,147,11,Southern 1,5.0,3.1269438398822866,0.0003015261384190655,10
14,10.0,147,12,Southern 2,6.8,4.2895221179054435,0.00013018510690825002,10
14,10.0,147,13,Southern 3,6.8,4.491968140779471,5.83767814827328e-05,10
14,10.0,147,15,Southern 5,6.8,5.43241300999023,9.728805356172491e-05,10
14,10.0,147,8,Lovund,6.9,3.7549966711037173,0.00010644324435474016,10
14,10.0,147,1,Myken,7.0,4.83045891539648,0.0001272154585917663,10
14,10.0,147,7,Onøy og Lurøy,7.1,4.976611966656298,8.739112092093104e-05,10
14,10.0,147,0,Nesøy,7.9,4.931756504757937,0.00015988176380961832,10
14,10.0,147,5,Hestmannøy,8.0,2.788866755113585,2.07984580956771e-05,10
14,10.0,147,6,Indre Kvarøy,8.8,2.9739610697593952,-0.00011108372189493481,10
14,10.0,147,10,Aldra,8.9,5.586690532964137,-8.739431867994784e-05,10
14,10.0,147,9,Sleneset,9.3,4.762119042797836,-0.0001071739942939217,10
14,10.0,147,2,Træna,10.0,3.8873012632302,-9.093816585822639e-05,10
14,10.0,147,4,Gjerøy,10.0,2.7888667551135846,-0.00010121737961542844,10
14,10.0,147,3,Selvær,10.7,3.8311588035185613,-0.00018930499817558472,10
14,10.0,148,11,Southern 1,5.0,3.1269438398822866,0.0003022561536105399,10
14,10.0,148,12,Southern 2,6.8,4.2895221179054435,0.00012949021679109612,10
14,10.0,148,13,Southern 3,6.8,4.491968140779471,5.840083354420435e-05,10
14,10.0,148,15,Southern 5,6.8,5.43241300999023,9.649566415952655e-05,10
14,10.0,148,8,Lovund,6.9,3.7549966711037173,0.0001077915469409995,10
14,10.0,148,1,Myken,7.0,4.83045891539648,0.00012831907439482212,10
14,10.0,148,7,Onøy og Lurøy,7.1,4.976611966656298,8.91475565455433e-05,10
14,10.0,148,0,Nesøy,7.9,4.931756504757937,0.00015972560522642846,10
14,10.0,148,5,Hestmannøy,8.0,2.788866755113585,2.059316711539447e-05,10
14,10.0,148,6,Indre Kvarøy,8.8,2.9739610697593952,-0.0001105669852835138,10
14,10.0,148,10,Aldra,8.9,5.586690532964137,-8.738691323761768e-05,10
14,10.0,148,9,Sleneset,9.3,4.762119042797836,-0.00010739164790916796,10
14,10.0,148,2,Træna,10.0,3.8873012632302,-9.220970583236362e-05,10
14,10.0,148,4,Gjerøy,10.0,2.7888667551135846,-0.00010172352854650202,10
14,10.0,148,3,Selvær,10.7,3.8311588035185613,-0.0001894432489628946,10
14,10.0,149,11,Southern 1,5.1,3.2472210341220142,0.0003031195924556358,10
14,10.0,149,12,Southern 2,6.8,4.2895221179054435,0.00012930920901628643,10
14,10.0,149,13,Southern 3,6.8,4.491968140779471,5.8158045647022384e-05,10
14,10.0,149,15,Southern 5,6.8,5.43241300999023,9.591015797250408e-05,10
14,10.0,149,8,Lovund,6.9,3.7549966711037173,0.00010719751612674593,10
14,10.0,149,1,Myken,7.0,4.83045891539648,0.00012792990002471317,10
14,10.0,149,7,Onøy og Lurøy,7.1,4.976611966656298,8.890185732415253e-05,10
14,10.0,149,0,Nesøy,7.9,4.931756504757937,0.00015833309726001878,10
14,10.0,149,5,Hestmannøy,8.0,2.788866755113585,2.056704459694906e-05,10
14,10.0,149,6,Indre Kvarøy,8.7,2.9832867780352594,-0.00010987611768368086,10
14,10.0,149,10,Aldra,8.9,5.586690532964137,-8.685806169630708e-05,10
14,10.0,149,9,Sleneset,9.3,4.762119042797836,-0.00010709176216027469,10
14,10.0,149,2,Træna,10.0,3.8873012632302,-9.262140723753894e-05,10
14,10.0,149,4,Gjerøy,10.0,2.7888667551135846,-0.00010191933371304718,10
14,10.0,149,3,Selvær,10.7,3.8311588035185613,-0.0001891666058097232,10
14,10.0,150,11,Southern 1,5.1,3.2472210341220142,0.0003027788492886958,10
14,10.0,150,12,Southern 2,6.8,4.2895221179054435,0.0001288218223789263,10
14,10.0,150,13,Southern 3,6.8,4.491968140779471,5.823410867089966e-05,10
14,10.0,150,15,Southern 5,6.8,5.43241300999023,9.567086340981903e-05,10
14,10.0,150,8,Lovund,6.9,3.7549966711037173,0.00010688415231159525,10
14,10.0,150,1,Myken,7.0,4.83045891539648,0.00012765186494074568,10
14,10.0,150,7,Onøy og Lurøy,7.1,4.976611966656298,8.888628508500218e-05,10
14,10.0,150,0,Nesøy,7.9,4.931756504757937,0.00015943837584823977,10
14,10.0,150,5,Hestmannøy,8.0,2.788866755113585,2.0668815132781016e-05,10
14,10.0,150,6,Indre Kvarøy,8.7,2.9832867780352594,-0.00010909117609327483,10
14,10.0,150,10,Aldra,8.9,5.586690532964137,-8.854344265131469e-05,10
14,10.0,150,9,Sleneset,9.3,4.762119042797836,-0.00010748077661188623,10
14,10.0,150,2,Træna,10.0,3.8873012632302,-9.223551481402514e-05,10
14,10.0,150,4,Gjerøy,10.0,2.7888667551135846,-0.00010178186037749542,10
14,10.0,150,3,Selvær,10.7,3.8311588035185613,-0.0001884938135151232,10
