ringnr,island,score,rank
8887370,5,-0.00039354718683171086,0
8747224,5,-0.0001914349440994556,1
8981657,2,-0.00018146866023016628,2
8L89399,6,-0.0001785685844879481,3
8N42716,4,-0.0001760637605912052,4
8M72707,6,-0.0001627900883249822,5
8816949,4,-0.00015118047394935274,6
8816954,4,-0.00014333295439428184,7
8M71865,5,-0.00014300743077910738,8
8794352,1,-0.00014269408802647376,9
8981156,12,-0.000140849859235459,10
8N05299,13,-0.0001388295468132128,11
8L64587,12,-0.0001385094874422066,12
8887342,5,-0.0001379034974888782,13
8L89654,5,-0.0001372456845274428,14
8981214,12,-0.00013613606552098645,15
8P11894,14,-0.00013413970918918494,16
8N42715,4,-0.00013194518305681413,17
8M71867,5,-0.0001248865801244392,18
8668476,5,-0.0001244306267835782,19
8981031,4,-0.00012245171274116728,20
8681028,5,-0.0001206832930620294,21
8N13927,5,-0.00011854746026074281,22
8681038,5,-0.00011686715060932329,23
8N14902,6,-0.00011598022229009075,24
8P14856,14,-0.00011566661669348832,25
8N42729,5,-0.00011247759539401159,26
8P11750,7,-0.00011181881382071879,27
8934059,5,-0.00010760811164800543,28
8N73409,4,-0.00010521091553528095,29
8N42989,14,-0.00010380267303844448,30
8L48651,5,-0.00010354076766816434,31
8573608,7,-0.00010350216234655818,32
8943897,5,-0.00010328715507057495,33
8730417,4,-0.0001015464977172087,34
8N73406,4,-0.00010154541178053478,35
8747732,7,-0.00010149494937650161,36
8M72580,11,-0.00010122067033080384,37
8730486,5,-0.00010110518724104622,38
8747735,7,-0.00010039896369562484,39
8934077,5,-0.00010026900599768851,40
8939184,1,-0.00010019108503911411,41
8681396,7,-9.92176783256582e-05,42
8681371,5,-9.850963579083327e-05,43
8681069,9,-9.839087124419166e-05,44
8N73678,13,-9.807097376324236e-05,45
8N87978,13,-9.752885125635657e-05,46
8N27119,7,-9.705883712740615e-05,47
8N73460,11,-9.675032742961776e-05,48
8N05726,5,-9.667906579124974e-05,49
8N27902,1,-9.623663299862528e-05,50
8N05682,15,-9.609722292225342e-05,51
8N05846,5,-9.523909102426842e-05,52
8M71492,13,-9.426826636627084e-05,53
8P14847,14,-9.382433745486196e-05,54
8N72678,11,-9.365995720145293e-05,55
8N28784,14,-9.350899745186325e-05,56
8747758,5,-9.318726552010048e-05,57
8N05534,5,-9.314815088146133e-05,58
8N05709,5,-9.16234266696847e-05,59
8N42706,4,-9.077625145437196e-05,60
8P14992,14,-8.995640564535279e-05,61
8M72666,5,-8.977484412753256e-05,62
8800066,4,-8.947576679929625e-05,63
8800077,5,-8.911002078093588e-05,64
8M31789,11,-8.898816759028705e-05,65
8N06293,2,-8.884267117537092e-05,66
8981604,10,-8.826436896924861e-05,67
8N73533,5,-8.782613713265164e-05,68
8M31824,12,-8.778363098826958e-05,69
8800102,10,-8.682886891620001e-05,70
8N42988,14,-8.658043225295842e-05,71
8N14968,7,-8.645190337119857e-05,72
8N87515,11,-8.601054651080631e-05,73
8L19729,4,-8.593585698690731e-05,74
8P11538,15,-8.501419051754056e-05,75
8N73954,12,-8.45362083055079e-05,76
8N05640,14,-8.407345012528822e-05,77
8M31504,4,-8.385273486055667e-05,78
8981962,2,-8.351401993422769e-05,79
8L26597,6,-8.34677548482432e-05,80
8M72996,10,-8.325751605298137e-05,81
8N14181,6,-8.314680599141866e-05,82
8800171,10,-8.29269592941273e-05,83
8L19960,10,-8.2532570559124e-05,84
8800663,12,-8.097639147308655e-05,85
8M31634,4,-8.089588754955912e-05,86
8N73573,6,-8.085000990831759e-05,87
8N87526,11,-8.060308027779683e-05,88
8N73696,13,-8.042286935960874e-05,89
8L89547,12,-8.026380419323687e-05,90
8816486,5,-7.994312272785464e-05,91
8L48314,5,-7.941229341668077e-05,92
8943009,5,-7.879283839429263e-05,93
8M31764,11,-7.860385358071653e-05,94
8N06853,11,-7.827823355910368e-05,95
8651998,5,-7.82415627327282e-05,96
8939180,5,-7.64157275625621e-05,97
8L89371,5,-7.556173568445956e-05,98
8N27194,14,-7.549315887445118e-05,99
8N06311,5,-7.542430103057995e-05,100
8N13423,9,-7.528249170718482e-05,101
8934888,7,-7.485278047170141e-05,102
8732273,1,-7.484182788175531e-05,103
8N06359,5,-7.462465691787656e-05,104
8N72664,5,-7.457196261384524e-05,105
8M31164,2,-7.435217048623599e-05,106
8L30396,2,-7.426416959788185e-05,107
8816959,4,-7.41092262614984e-05,108
8816418,4,-7.350467694777763e-05,109
8L89276,5,-7.332534369197674e-05,110
8L89655,5,-7.30989431758644e-05,111
8N73526,4,-7.295521845662734e-05,112
8681454,5,-7.274029803738813e-05,113
8732656,5,-7.257175184349762e-05,114
8P14063,5,-7.160955556173576e-05,115
8N28864,4,-7.146183997974731e-05,116
8747529,6,-7.133713643270312e-05,117
8L19921,5,-7.133082908694632e-05,118
8934058,5,-7.104219912434928e-05,119
8943805,1,-7.089250993885798e-05,120
8L48415,7,-7.081653438945068e-05,121
8L30164,12,-7.066394300636603e-05,122
8M72708,6,-7.059109611873282e-05,123
8P11559,14,-7.042562810966047e-05,124
8N05644,14,-7.03670129951206e-05,125
8N14109,6,-7.023021180430078e-05,126
8943880,5,-7.021035162324551e-05,127
8N42679,5,-6.975378983042901e-05,128
8887315,6,-6.930260906301555e-05,129
8168642,5,-6.928091625013622e-05,130
8M31543,6,-6.909427293066983e-05,131
8N06944,4,-6.894464377182885e-05,132
8M72420,13,-6.884798494866118e-05,133
8M71344,12,-6.866880949019105e-05,134
8N72354,6,-6.84802353134728e-05,135
8M31109,12,-6.83707085045171e-05,136
8P14196,5,-6.830903021182166e-05,137
8N87836,14,-6.81485307723051e-05,138
8P14333,14,-6.807514091633493e-05,139
8L89614,4,-6.794945693400223e-05,140
8N05223,12,-6.706446220050566e-05,141
8730454,5,-6.700339235976571e-05,142
8P26701,7,-6.696103491776739e-05,143
8800489,10,-6.655226070506615e-05,144
8981399,12,-6.652335196122294e-05,145
8N06481,12,-6.613039113290142e-05,146
8934884,2,-6.605687531191506e-05,147
8L64915,4,-6.60469695503707e-05,148
8N05840,10,-6.587241705346969e-05,149
8M31781,11,-6.57246573609882e-05,150
8N27907,6,-6.507045145554002e-05,151
8N28898,14,-6.494530316558667e-05,152
8N05695,15,-6.486005804617889e-05,153
8L89384,5,-6.480196088887169e-05,154
8L19988,4,-6.477928536696709e-05,155
8981220,11,-6.380554395946092e-05,156
8N42273,5,-6.366813522618031e-05,157
8N73220,12,-6.356232643156545e-05,158
8M31304,4,-6.33999657111417e-05,159
8981199,11,-6.325896674752585e-05,160
8N05618,14,-6.320590910036117e-05,161
8816496,1,-6.303178179223323e-05,162
8747234,10,-6.295726507232757e-05,163
8800427,5,-6.288973236223683e-05,164
8N42858,5,-6.273950475588208e-05,165
8N42545,7,-6.260791451495606e-05,166
8857252,4,-6.258813255044515e-05,167
8N28041,6,-6.25299303464999e-05,168
8L57758,2,-6.22229326836532e-05,169
8981920,6,-6.201194582899916e-05,170
8N14808,5,-6.193351464389707e-05,171
8M71304,6,-6.191423790369299e-05,172
8N14531,11,-6.179720730870031e-05,173
8732286,8,-6.174366762934369e-05,174
8N05114,14,-6.167808078316739e-05,175
8M31908,12,-6.167006586110801e-05,176
8887243,1,-6.147230942588067e-05,177
8N73493,12,-6.139202923804987e-05,178
8L52978,5,-6.130053225206211e-05,179
8N13697,13,-6.12362241554365e-05,180
8N42276,5,-6.106047840148676e-05,181
8M31874,5,-6.104627527747652e-05,182
8732595,7,-6.097204732213868e-05,183
8N06474,12,-6.0605374983424554e-05,184
8N87553,11,-6.059384531909018e-05,185
8P14126,7,-6.056813890609192e-05,186
8800352,5,-6.0482683693408035e-05,187
8N05175,13,-6.044362771717715e-05,188
8N73923,11,-6.042748964318889e-05,189
8N06290,2,-6.012574795022374e-05,190
8681385,3,-6.001204292260809e-05,191
8N14143,6,-6.0006556850566994e-05,192
8N27142,7,-6.000588837196119e-05,193
8800330,7,-6.00031476096774e-05,194
8800151,9,-5.992757542117033e-05,195
8N28218,2,-5.9900060023210244e-05,196
8939897,5,-5.975386739009991e-05,197
8P14861,14,-5.97266976001265e-05,198
8N28402,2,-5.9434716149553424e-05,199
8N05442,6,-5.932309932177304e-05,200
8N73234,12,-5.903743931412464e-05,201
8N87960,13,-5.889948670301237e-05,202
8N73052,5,-5.88408938710927e-05,203
8L57859,2,-5.88186276218039e-05,204
8N27908,4,-5.8687300224846695e-05,205
8L64598,12,-5.864388003828935e-05,206
8L89518,5,-5.860589499206981e-05,207
8P11526,15,-5.842427663083072e-05,208
8N87592,11,-5.829229576193029e-05,209
8M31445,5,-5.828131679663784e-05,210
8N05655,14,-5.8263231949240435e-05,211
8N87608,15,-5.81672079533746e-05,212
8N27412,5,-5.811894425278297e-05,213
8981050,12,-5.796984942207928e-05,214
8N42510,5,-5.78200933887274e-05,215
8N06532,4,-5.760288740930264e-05,216
8939119,10,-5.741892073274357e-05,217
8N73568,6,-5.732255340262782e-05,218
8L89722,4,-5.728334508603439e-05,219
8N72986,2,-5.720695253330632e-05,220
8939034,5,-5.718364536733134e-05,221
8P26688,7,-5.689512227036175e-05,222
8M71489,13,-5.6753589433355955e-05,223
8L30829,3,-5.668182302542846e-05,224
8939582,10,-5.652602294503595e-05,225
8L52905,7,-5.635536899717408e-05,226
8N28091,2,-5.628470944429864e-05,227
8981007,5,-5.622301614494063e-05,228
8N13642,14,-5.619785815724754e-05,229
8L52419,4,-5.6158967254305026e-05,230
8P14859,14,-5.6013959238043753e-05,231
8N27091,14,-5.574807300945395e-05,232
8N73432,11,-5.564936600421788e-05,233
8L30695,12,-5.5604450153623475e-05,234
8N14527,11,-5.5546965086250566e-05,235
8N72616,5,-5.5469851758971345e-05,236
8N28792,15,-5.540160464079236e-05,237
8800967,12,-5.525350252355565e-05,238
8M71480,13,-5.5241889640456066e-05,239
8N06527,5,-5.520665445146733e-05,240
8N05256,13,-5.516653482118272e-05,241
8732235,2,-5.506367278940161e-05,242
8N87957,13,-5.504560249391943e-05,243
8N73444,11,-5.499697635968914e-05,244
8730493,4,-5.497819620359223e-05,245
8N05272,13,-5.492873333423631e-05,246
8L52335,12,-5.4924097639741376e-05,247
8N72917,13,-5.488658962349291e-05,248
8939118,10,-5.4876562899153214e-05,249
8730927,3,-5.469525876833359e-05,250
8651899,5,-5.429170732895727e-05,251
8309175,4,-5.4269803513307124e-05,252
8939745,5,-5.4261837703961646e-05,253
8L52695,9,-5.412040400187834e-05,254
8N73680,13,-5.3919656693324214e-05,255
8N13700,13,-5.385427857618197e-05,256
8943129,4,-5.3829838634555927e-05,257
8N42985,14,-5.3824691804038594e-05,258
8N05101,14,-5.3817034313397016e-05,259
8939095,10,-5.376328044803813e-05,260
8N05464,5,-5.3741079682367854e-05,261
8L52920,6,-5.367138146539219e-05,262
8N73454,11,-5.352958260118612e-05,263
8939768,5,-5.347603200789308e-05,264
8N05128,14,-5.332909950084286e-05,265
8L89639,5,-5.330766634870088e-05,266
8598790,3,-5.321881917552673e-05,267
8L26578,6,-5.3042808758618776e-05,268
8M72530,11,-5.299943677528063e-05,269
8L64060,14,-5.295693790685618e-05,270
8747373,5,-5.293367712511099e-05,271
8681041,5,-5.2673090976895764e-05,272
8N14176,6,-5.255499854683876e-05,273
8N14293,15,-5.251165657682577e-05,274
8800469,5,-5.2403910103748785e-05,275
8N27932,5,-5.232827334111789e-05,276
8N13426,2,-5.223031303103198e-05,277
8N14673,13,-5.211183224673732e-05,278
8981047,12,-5.207753201830201e-05,279
8N06478,12,-5.204257604418672e-05,280
8L19919,5,-5.187621536606457e-05,281
8L52375,11,-5.17855082762253e-05,282
8651511,3,-5.153710162630887e-05,283
8P11532,15,-5.124400468048407e-05,284
8N72045,2,-5.111335758556379e-05,285
8N87052,5,-5.105514401293476e-05,286
8N05063,4,-5.099972577227163e-05,287
8N28470,2,-5.0997938160435297e-05,288
8L52204,8,-5.0769764129654504e-05,289
8730993,4,-5.07630920765223e-05,290
8N28767,4,-5.0757523695210693e-05,291
8800355,5,-5.072492194813094e-05,292
8681175,4,-5.071669875178486e-05,293
8N72663,5,-5.061551701146527e-05,294
8934883,3,-5.0601226575963665e-05,295
8800022,5,-5.060031026005163e-05,296
8M72218,8,-5.046107889938867e-05,297
8N73311,15,-5.04562990499835e-05,298
8N87952,13,-5.036582933826139e-05,299
8732565,4,-5.0293720505578676e-05,300
8N72578,4,-5.0270006795472e-05,301
8934343,10,-5.023058747610776e-05,302
8P14826,4,-5.016642899136059e-05,303
8L89793,5,-5.008860898669809e-05,304
8N42987,14,-5.006723313272232e-05,305
8L64399,2,-4.9980263156612637e-05,306
8N06554,4,-4.994741811970016e-05,307
8L48691,10,-4.9923827646125574e-05,308
8939086,5,-4.989079843653599e-05,309
8N72913,13,-4.985421810488333e-05,310
8L48661,5,-4.982825021215831e-05,311
8L57990,13,-4.98115218761086e-05,312
8P26746,7,-4.975349838787224e-05,313
8L64298,9,-4.967545692124986e-05,314
8M31653,11,-4.9441094233770855e-05,315
8681356,5,-4.9196690270036925e-05,316
8800170,10,-4.911468795398832e-05,317
8M72565,11,-4.9049508561438415e-05,318
8N27906,6,-4.902642103843391e-05,319
8L64754,13,-4.8964695906761335e-05,320
8816956,4,-4.8905204494076315e-05,321
8L64127,12,-4.87316760882095e-05,322
8N28224,8,-4.870619841312873e-05,323
8N73306,15,-4.848157414016896e-05,324
8P26700,7,-4.831017076867283e-05,325
8747518,5,-4.830817806578125e-05,326
8M72955,4,-4.825428504773299e-05,327
8N13086,14,-4.8008323574322276e-05,328
8N14976,7,-4.795453833139618e-05,329
8943485,5,-4.7830817493377253e-05,330
8934071,5,-4.776397440764413e-05,331
8800163,7,-4.774548369823606e-05,332
8N06488,12,-4.773212685904582e-05,333
8N13699,13,-4.77145717923122e-05,334
8M72566,11,-4.7694639761175495e-05,335
8P11794,2,-4.767825748785981e-05,336
8800339,7,-4.7632624045945704e-05,337
8L48318,5,-4.755881263918127e-05,338
8N87999,13,-4.752020640808041e-05,339
8118433,4,-4.74751082037983e-05,340
8747118,5,-4.7363854264403926e-05,341
8M31290,5,-4.729632109956583e-05,342
8N14543,11,-4.716642615676392e-05,343
8N87271,8,-4.71593884867616e-05,344
8N05110,12,-4.7140693368419306e-05,345
8N73215,12,-4.707979314844124e-05,346
8N05460,5,-4.7023238494148245e-05,347
8N06477,12,-4.7002708470245125e-05,348
8M72987,4,-4.6972493237262825e-05,349
8309231,13,-4.691901131081977e-05,350
8N42986,14,-4.687984346674057e-05,351
8N05703,5,-4.685279509430984e-05,352
8794339,9,-4.6845087581459666e-05,353
8981270,5,-4.676266189562739e-05,354
8M72013,3,-4.6738723540329374e-05,355
8M31297,6,-4.670619864555192e-05,356
8N73989,12,-4.64585677946161e-05,357
8P14988,14,-4.624323037205613e-05,358
8N05423,4,-4.623401764547452e-05,359
8N28510,2,-4.6224599827837665e-05,360
8M71106,13,-4.6212068355089286e-05,361
8730535,5,-4.613647524820408e-05,362
8747569,9,-4.579226515488699e-05,363
8N28285,2,-4.574632066578488e-05,364
8N14443,4,-4.564590926747769e-05,365
8N87937,13,-4.5563633193523856e-05,366
8N13618,14,-4.555885425361339e-05,367
8N87950,13,-4.5500575652113184e-05,368
8L89748,4,-4.548464085019077e-05,369
8L52588,7,-4.5473971567844274e-05,370
8N05698,15,-4.543459317574161e-05,371
8N27624,14,-4.535079415290966e-05,372
8N06900,11,-4.535058587862295e-05,373
8800533,10,-4.519262120084022e-05,374
8L64280,5,-4.50866759820201e-05,375
8934227,10,-4.503118634602288e-05,376
8L64265,2,-4.500394697970478e-05,377
8939615,6,-4.500210752667044e-05,378
8N73924,11,-4.497853524298989e-05,379
8N05255,13,-4.496551309784991e-05,380
8651783,3,-4.48802747996524e-05,381
8N13692,13,-4.476512867768179e-05,382
8934301,5,-4.467953613129794e-05,383
8730503,5,-4.46661551904981e-05,384
8800090,6,-4.4519908897200366e-05,385
8N27879,5,-4.434680249687517e-05,386
8M31562,5,-4.414301020005951e-05,387
8N06489,12,-4.406766220199643e-05,388
8857215,10,-4.404786659506499e-05,389
8N42990,14,-4.4026909563399386e-05,390
8732237,2,-4.3784039007732645e-05,391
8981002,5,-4.375110620458145e-05,392
8118435,4,-4.3735689814639045e-05,393
8981801,5,-4.370307556200714e-05,394
8816930,4,-4.3650359657476656e-05,395
8N05831,4,-4.353696522230166e-05,396
8L30487,12,-4.3498510876816e-05,397
8N05275,13,-4.349594246377819e-05,398
8732620,7,-4.349160553829279e-05,399
8N27864,6,-4.346848118075286e-05,400
8747548,10,-4.3466313400131185e-05,401
8747102,5,-4.346587638792698e-05,402
8N42647,7,-4.343173577581183e-05,403
8747603,4,-4.3420820929895854e-05,404
8N87546,11,-4.3299376102368115e-05,405
8309141,5,-4.325368763602455e-05,406
8800063,4,-4.3174298753001494e-05,407
8681076,5,-4.315914657126996e-05,408
8L64182,7,-4.3146644202352036e-05,409
8N14004,6,-4.308285770093789e-05,410
8N05649,11,-4.301541321183322e-05,411
8N14662,13,-4.29581032221904e-05,412
8857230,5,-4.2872918129432946e-05,413
8P11564,14,-4.279545919416705e-05,414
8N13149,14,-4.267236772648175e-05,415
8118425,6,-4.2671526898629963e-05,416
8N87890,13,-4.2654921799112344e-05,417
8857284,10,-4.26331985181605e-05,418
8N73442,11,-4.2623608806025004e-05,419
8794309,2,-4.261476851752377e-05,420
8M72444,13,-4.260812056600116e-05,421
8N73643,13,-4.250996516930172e-05,422
8N05141,12,-4.2481859054532833e-05,423
8L64923,10,-4.247423339620582e-05,424
8N87815,14,-4.2453933019714896e-05,425
8N13132,14,-4.240143744027591e-05,426
8M71162,13,-4.236345830577193e-05,427
8L30917,2,-4.226207283863914e-05,428
8L64075,11,-4.213513284412329e-05,429
8866710,6,-4.2038087485707365e-05,430
8732641,5,-4.199791919745621e-05,431
8887429,8,-4.197223688606755e-05,432
8L30876,1,-4.1939577386074234e-05,433
8747623,5,-4.184061526757432e-05,434
8681268,5,-4.1828212488326244e-05,435
8N14539,11,-4.1805933051364264e-05,436
8943023,5,-4.174296782366582e-05,437
8N73922,11,-4.170479041931685e-05,438
8N87865,13,-4.164054871580447e-05,439
8N73450,11,-4.1630773466749815e-05,440
8887360,10,-4.1612249788158806e-05,441
8N14166,5,-4.160924117968534e-05,442
8N87284,3,-4.1492548461974366e-05,443
8N72519,4,-4.1378761579835555e-05,444
8981120,12,-4.108142593395314e-05,445
8N14972,7,-4.1006936953635886e-05,446
8P14982,14,-4.100603973711259e-05,447
8N14671,13,-4.0918174363469006e-05,448
8M71872,5,-4.0878329400584335e-05,449
8N27830,6,-4.082923442183528e-05,450
8M31507,4,-4.082814575667726e-05,451
8887316,6,-4.0764393816061784e-05,452
8N05687,15,-4.0754293422651244e-05,453
8N13216,9,-4.071868988830829e-05,454
8887477,4,-4.0654573240317404e-05,455
8N14977,7,-4.063418873556657e-05,456
8N05662,13,-4.060922265125555e-05,457
8800426,5,-4.060286528329016e-05,458
8981278,5,-4.0597832594357897e-05,459
8N87926,13,-4.0571417230239604e-05,460
8M72112,5,-4.0560609249951085e-05,461
8N05610,14,-4.055399585922714e-05,462
8168665,5,-4.050134020872065e-05,463
8N27275,5,-4.0312260352948215e-05,464
8N87620,15,-4.022360462840879e-05,465
8981945,2,-4.021620907224133e-05,466
8N42523,5,-4.020837650386966e-05,467
8N06808,6,-3.996768145952956e-05,468
8M31337,5,-3.991656694779522e-05,469
8981345,11,-3.990232607975486e-05,470
8800529,10,-3.9848009237175575e-05,471
8N28690,6,-3.984800059697591e-05,472
8N14515,11,-3.9826177271606866e-05,473
8M31317,4,-3.981923191531678e-05,474
8L48607,6,-3.964336838180316e-05,475
8309155,6,-3.95680322071712e-05,476
8N87603,15,-3.952211318392074e-05,477
8N72746,5,-3.94440426134679e-05,478
8N05122,12,-3.943263709516032e-05,479
8981919,6,-3.926151430277969e-05,480
8N42996,5,-3.925122132386605e-05,481
8M31433,4,-3.905588482666644e-05,482
8N73515,7,-3.896527232427616e-05,483
8L64981,4,-3.892698481422485e-05,484
8P11635,2,-3.886351350956829e-05,485
8N72043,2,-3.886196964231203e-05,486
8N13360,1,-3.873397236020537e-05,487
8N28403,9,-3.871913986586151e-05,488
8L89372,5,-3.86966430596658e-05,489
8L52211,5,-3.867548457492376e-05,490
8N87835,14,-3.861395316562266e-05,491
8L89615,4,-3.8582703837164445e-05,492
8N06482,12,-3.8565549402846955e-05,493
8N05131,12,-3.850758002954535e-05,494
8747229,5,-3.844706134259468e-05,495
8M31926,5,-3.8421989756898256e-05,496
8747121,8,-3.839998089461005e-05,497
8747742,9,-3.82903517675004e-05,498
8866795,6,-3.8280762964859605e-05,499
8747736,7,-3.8238774322962854e-05,500
8981090,11,-3.821025529759936e-05,501
8857415,5,-3.818851519099553e-05,502
8L89434,5,-3.81249637939618e-05,503
8N13863,15,-3.808438896157895e-05,504
8N72719,4,-3.7992093893990386e-05,505
8N87810,14,-3.7974117276462493e-05,506
8P14907,14,-3.79368789253931e-05,507
8573856,4,-3.79017137674964e-05,508
8N27356,5,-3.783996908168774e-05,509
8L30300,5,-3.7626788525813026e-05,510
8939617,6,-3.761666789614537e-05,511
8N73508,4,-3.755439820452011e-05,512
8M71157,13,-3.753639612114057e-05,513
8943737,5,-3.745580534086912e-05,514
8168615,7,-3.739028215932194e-05,515
8P14585,8,-3.7384184906841256e-05,516
8M31774,11,-3.735805648830137e-05,517
8939293,12,-3.73367806787428e-05,518
8M71348,12,-3.731145125129842e-05,519
8747817,7,-3.7105834280737326e-05,520
8L52342,12,-3.708930444190628e-05,521
8N87892,13,-3.7057812960483716e-05,522
8N73459,11,-3.699299486470409e-05,523
8N05305,13,-3.697342481245869e-05,524
8651778,2,-3.692848758873879e-05,525
8816942,4,-3.6917301713401685e-05,526
8P11471,2,-3.689858726829698e-05,527
8M71324,11,-3.686773334266036e-05,528
8N87947,13,-3.680217878354597e-05,529
8939733,5,-3.677726999740116e-05,530
8L89502,5,-3.6718168757943204e-05,531
8L30444,4,-3.6447888646762294e-05,532
8M31839,1,-3.6398816973814974e-05,533
8800168,10,-3.6357783756102435e-05,534
8N27078,14,-3.635145048974664e-05,535
8N05714,6,-3.634257700468879e-05,536
8P26560,8,-3.633395408542128e-05,537
8M72437,13,-3.632141533671529e-05,538
8N06930,4,-3.631069466791814e-05,539
8N73963,12,-3.629237107816152e-05,540
8917929,3,-3.626706643444777e-05,541
8N05286,13,-3.624460396167706e-05,542
8651907,2,-3.619708786573028e-05,543
8934302,5,-3.619518020059331e-05,544
8939372,7,-3.617276661316282e-05,545
8L49938,5,-3.610514795582276e-05,546
8N13619,14,-3.61001559667784e-05,547
8N87862,14,-3.609998248066404e-05,548
8N05257,13,-3.608732640714152e-05,549
8887451,5,-3.6075311072636396e-05,550
8681044,5,-3.603222307901888e-05,551
8N73501,5,-3.5972817158835824e-05,552
8N05245,13,-3.593112251110142e-05,553
8N87812,14,-3.5821288292936515e-05,554
8N13373,2,-3.58096626769111e-05,555
8N14608,13,-3.579130520847684e-05,556
8P11747,7,-3.579091662686551e-05,557
8N73291,2,-3.56691141405463e-05,558
8732659,5,-3.5658690194395604e-05,559
8N05294,13,-3.560628601917415e-05,560
8681190,4,-3.5513493457983714e-05,561
8N05675,15,-3.5410177588346414e-05,562
8N72682,11,-3.5402892990532564e-05,563
8N72905,13,-3.537705856615503e-05,564
8N73472,11,-3.5352798249732587e-05,565
8L30445,4,-3.532505388648133e-05,566
8N14225,5,-3.52707152160292e-05,567
8L30641,11,-3.5243922411609674e-05,568
8N73198,15,-3.521260669003823e-05,569
8M31873,5,-3.5158474474883405e-05,570
8M72972,5,-3.50398413502262e-05,571
8N28368,2,-3.5024353564949706e-05,572
8L48695,6,-3.499989634292433e-05,573
8M71098,5,-3.4944793242175365e-05,574
8M31220,11,-3.491750339890132e-05,575
8N14541,11,-3.485345450826571e-05,576
8N05513,8,-3.484127273623017e-05,577
8N05172,14,-3.472287153272191e-05,578
8N14967,7,-3.470063666100032e-05,579
8N72668,4,-3.467464102868689e-05,580
8N72695,11,-3.463159055172582e-05,581
8M31995,1,-3.456827494119352e-05,582
8573815,3,-3.451243173913099e-05,583
8M71705,8,-3.449565656410414e-05,584
8N87560,11,-3.4437624890415464e-05,585
8N14437,5,-3.442455113145115e-05,586
8L64113,12,-3.4380334909656085e-05,587
8M71292,6,-3.4356481592112686e-05,588
8M31780,11,-3.432821131355013e-05,589
8M31927,5,-3.42990852004732e-05,590
8M71303,6,-3.418852702452568e-05,591
8N14001,6,-3.4175949622294866e-05,592
8N73318,15,-3.4171712286479305e-05,593
8M72416,13,-3.416064373595873e-05,594
8N05707,4,-3.412818887227331e-05,595
8M31338,5,-3.4085119750670856e-05,596
8L30972,9,-3.4022063118754886e-05,597
8L48425,7,-3.4021164992736885e-05,598
8N05704,5,-3.4015516007457336e-05,599
8N14528,11,-3.39215317808339e-05,600
8L52203,8,-3.384766932867933e-05,601
8N73247,14,-3.38407799063134e-05,602
8732687,5,-3.3835939120763214e-05,603
8P11521,14,-3.380414091225248e-05,604
8M71167,13,-3.3787820484576514e-05,605
8168644,5,-3.3702197015372803e-05,606
8732672,7,-3.365984707670577e-05,607
8N28223,9,-3.365388238307787e-05,608
8N73455,11,-3.360907066962682e-05,609
8934039,3,-3.357977993800887e-05,610
8N27904,6,-3.3513954122099676e-05,611
8N73651,13,-3.350661381773534e-05,612
8917968,8,-3.3448297358518175e-05,613
8N05697,15,-3.329724677314516e-05,614
8981092,11,-3.328758793941233e-05,615
8N27618,14,-3.3285819881712086e-05,616
8800073,6,-3.314922196295811e-05,617
8N05287,13,-3.307560132270737e-05,618
8M31758,5,-3.306075973341649e-05,619
8L52913,10,-3.2968584264381207e-05,620
8L64873,14,-3.290434779046336e-05,621
8L89720,4,-3.2860376450116746e-05,622
8N73546,5,-3.278649137428147e-05,623
8P11568,14,-3.27468278555898e-05,624
8N06883,11,-3.273587572039105e-05,625
8N13647,14,-3.273555103078252e-05,626
8N05113,12,-3.26925139688683e-05,627
8P14994,14,-3.2641944926581345e-05,628
8L52965,6,-3.263306871303939e-05,629
8N87975,13,-3.259382719988935e-05,630
8L19666,7,-3.257576304349641e-05,631
8N72675,11,-3.257570460846182e-05,632
8N73999,14,-3.251831049055909e-05,633
8N28689,5,-3.242161119487719e-05,634
8866752,5,-3.2384649330197135e-05,635
8934066,5,-3.2342056329071056e-05,636
8747492,3,-3.230851211810659e-05,637
8L30752,11,-3.2291747174895136e-05,638
8N73967,12,-3.2232775311058504e-05,639
8N27905,6,-3.223205794711248e-05,640
8681374,4,-3.221503038730589e-05,641
8M72805,4,-3.219478458049707e-05,642
8981822,5,-3.21796392199758e-05,643
8N14938,4,-3.21597756283154e-05,644
8816948,4,-3.213180934835691e-05,645
8N42664,4,-3.2128179555002134e-05,646
8N87881,13,-3.212616979908489e-05,647
8N27630,14,-3.210479610515904e-05,648
8P26524,9,-3.2104313731906586e-05,649
8P14936,14,-3.200207061127003e-05,650
8N05916,9,-3.194345526935649e-05,651
8L89731,4,-3.19153361942881e-05,652
8L30363,10,-3.190163442923222e-05,653
8L30167,12,-3.177853250235785e-05,654
8L49934,1,-3.176010113747907e-05,655
8N13666,13,-3.17567703405075e-05,656
8M31828,12,-3.170279705955181e-05,657
8N13643,14,-3.1648547292206786e-05,658
8981605,10,-3.161034919685335e-05,659
8800179,6,-3.159304407063246e-05,660
8M72425,13,-3.157823516630742e-05,661
8N13347,2,-3.154845967401343e-05,662
8N87619,15,-3.1511994393440546e-05,663
8M31210,11,-3.146795779684908e-05,664
8L89645,6,-3.146255335195747e-05,665
8934577,8,-3.145919208691339e-05,666
8981820,5,-3.131923222099431e-05,667
8M71531,4,-3.1269459100258246e-05,668
8816940,4,-3.126001683995128e-05,669
8N87920,13,-3.125412263216276e-05,670
8N13119,14,-3.124305976598407e-05,671
8L30898,5,-3.121948293483001e-05,672
8309267,5,-3.113295974799257e-05,673
8P14696,2,-3.111959131274489e-05,674
8L30963,2,-3.0965036330599105e-05,675
8N27415,5,-3.094355542998528e-05,676
8934414,8,-3.091628821039194e-05,677
8N06475,12,-3.084242121076386e-05,678
8800606,8,-3.083492356381612e-05,679
8L52961,6,-3.081726595155487e-05,680
8N72414,8,-3.0812141858405084e-05,681
8N72680,11,-3.078544023082941e-05,682
8M72535,11,-3.072280014748685e-05,683
8L48473,4,-3.069231934205163e-05,684
8L52493,13,-3.066394492634572e-05,685
8M71552,4,-3.064204838665319e-05,686
8N73476,11,-3.06250356061355e-05,687
8M71831,4,-3.060870835724927e-05,688
8N05713,6,-3.060284075218078e-05,689
8N27216,14,-3.052872034459142e-05,690
8N05660,13,-3.043717651962652e-05,691
8939020,12,-3.0412124033318833e-05,692
8N73610,14,-3.0352390922416816e-05,693
8934163,12,-3.0317707341964706e-05,694
8N14801,2,-3.024015256869461e-05,695
8N87062,5,-3.0140156923152972e-05,696
8747498,3,-3.0117727760625712e-05,697
8N05247,13,-3.0078988402237883e-05,698
8800437,6,-3.007481200256734e-05,699
8N14955,5,-3.0065107239352074e-05,700
8L89537,5,-3.005040753123467e-05,701
8L64862,9,-2.9972720085424953e-05,702
8N14678,13,-2.9934466738268384e-05,703
8N42704,6,-2.9893505370637286e-05,704
8N05796,10,-2.9879497560614254e-05,705
8N13967,6,-2.9879064413762535e-05,706
8L48334,6,-2.9759848985122517e-05,707
8M31485,5,-2.971640810756071e-05,708
8N42451,14,-2.968721923934936e-05,709
8800028,4,-2.948305996142153e-05,710
8681005,4,-2.94589337954676e-05,711
8816943,4,-2.9425623324641492e-05,712
8681135,1,-2.940204763035581e-05,713
8L64011,11,-2.9378458748396952e-05,714
8N72592,10,-2.9376513566603535e-05,715
8800338,7,-2.9358910978771746e-05,716
8168702,5,-2.9267181162140332e-05,717
8N73212,12,-2.923911461039097e-05,718
8M31784,11,-2.919194798778335e-05,719
8N27196,14,-2.9191373869252857e-05,720
8N73971,12,-2.9157641847632476e-05,721
8N14344,15,-2.914993183367187e-05,722
8N42463,14,-2.912305535573978e-05,723
8N27343,4,-2.906969393734471e-05,724
8857778,5,-2.9024298328295117e-05,725
8L48756,11,-2.894909584938432e-05,726
8N28790,15,-2.8937153501829016e-05,727
8L89742,5,-2.8883211939501052e-05,728
8N05176,13,-2.8755421453752206e-05,729
8L64256,3,-2.867987609533884e-05,730
8681414,5,-2.865839610421972e-05,731
8168639,4,-2.8637414061449817e-05,732
8L48574,3,-2.862392307179107e-05,733
8N05651,11,-2.8567526669576182e-05,734
8573874,6,-2.852473721759452e-05,735
8N13425,9,-2.8517901455415995e-05,736
8L89118,13,-2.8471266887208913e-05,737
8P11525,15,-2.8458549650167697e-05,738
8N73252,7,-2.8427135475794785e-05,739
8N27411,5,-2.842242929546046e-05,740
8N28786,15,-2.8416123313945718e-05,741
8309143,4,-2.837647025444312e-05,742
8N28142,8,-2.8369518759063794e-05,743
8L89274,5,-2.8311979804129805e-05,744
8747935,4,-2.8295292167968e-05,745
8N42707,4,-2.8271072835650557e-05,746
8L19877,5,-2.8215582688062568e-05,747
8747807,6,-2.819006476784125e-05,748
8N05717,6,-2.8127776204200927e-05,749
8L64901,5,-2.8125844210080686e-05,750
8M31192,8,-2.8079828211957647e-05,751
8M31941,5,-2.806565657920146e-05,752
8N42535,4,-2.804424525493232e-05,753
8N14907,4,-2.8038154141540872e-05,754
8934547,5,-2.801918594741437e-05,755
8N73301,15,-2.798202694975771e-05,756
8M71314,5,-2.7950185767622315e-05,757
8M71210,5,-2.794651049953245e-05,758
8L52284,2,-2.79451498954586e-05,759
8M72621,4,-2.7908293304790277e-05,760
8N73674,13,-2.79038292774203e-05,761
8800196,6,-2.790340772662603e-05,762
8L57882,5,-2.7886822635991848e-05,763
8P14103,4,-2.782378476950953e-05,764
8L64812,3,-2.7796598260465544e-05,765
8857261,9,-2.769349521258846e-05,766
8N06899,11,-2.7690583010553382e-05,767
8N05526,4,-2.767396608760464e-05,768
8168632,7,-2.765575777630147e-05,769
8M71391,12,-2.7653416964312783e-05,770
8P14983,14,-2.764241253316868e-05,771
8N42531,4,-2.7578073968470562e-05,772
8573521,2,-2.7577530318012577e-05,773
8N14699,14,-2.7555885708352434e-05,774
8N73530,4,-2.753256455889641e-05,775
8939584,5,-2.7522103607680037e-05,776
8N14050,6,-2.7486033559398493e-05,777
8N13608,14,-2.7481441293275566e-05,778
8L89197,12,-2.7464390313980402e-05,779
8981381,12,-2.7463473543321015e-05,780
8981956,3,-2.7457147098175483e-05,781
8N87876,13,-2.744497169260285e-05,782
8943109,10,-2.7423300707596354e-05,783
8N06863,11,-2.7387128739064792e-05,784
8939353,5,-2.7365570304027642e-05,785
8N14647,13,-2.7358068336980068e-05,786
8943489,7,-2.7291980131849414e-05,787
8N13928,5,-2.726959263554818e-05,788
8P14680,9,-2.720393320032599e-05,789
8934526,1,-2.718047721828043e-05,790
8730443,5,-2.716113567657885e-05,791
8N73461,11,-2.705895417420834e-05,792
8N28771,5,-2.704241796891438e-05,793
8M31112,3,-2.7021384994441178e-05,794
8N13656,13,-2.701078346944996e-05,795
8N73464,11,-2.6958782200381393e-05,796
8L48365,5,-2.6952235089083842e-05,797
8N06493,12,-2.6937082566291792e-05,798
8N87856,14,-2.69307511189254e-05,799
8P11534,15,-2.692230646061944e-05,800
8N05818,7,-2.6908794097835198e-05,801
8P14980,14,-2.6860554498853162e-05,802
8N73921,11,-2.6844333433473366e-05,803
8747167,8,-2.6745834816210845e-05,804
8L52328,12,-2.6744125307232025e-05,805
8M31953,4,-2.672399864422914e-05,806
8L57967,13,-2.668585671017354e-05,807
8L52963,6,-2.667005787770904e-05,808
8L48789,11,-2.6666013354770257e-05,809
8N87880,13,-2.6638790131983114e-05,810
8L52327,12,-2.6634363166522235e-05,811
8P11321,4,-2.6613954219101288e-05,812
8N05120,14,-2.646424263730296e-05,813
8309197,5,-2.6416138325657812e-05,814
8651878,4,-2.6388282549305586e-05,815
8N14057,6,-2.637439479258319e-05,816
8N28002,2,-2.631443771861086e-05,817
8N14556,11,-2.6308709720979095e-05,818
8L19917,5,-2.6307445295969956e-05,819
8N14933,5,-2.6265078986398294e-05,820
8N05673,15,-2.6199341846222524e-05,821
8N05192,13,-2.613533933981671e-05,822
8L26576,6,-2.6019936512966524e-05,823
8N14445,4,-2.5977836912716157e-05,824
8887286,5,-2.5959690674426383e-05,825
8934401,7,-2.5949687596948934e-05,826
8M71336,12,-2.5941017383956932e-05,827
8N27464,7,-2.5937884402083e-05,828
8M72527,11,-2.5931635946108145e-05,829
8747703,5,-2.591211114122416e-05,830
8N05611,14,-2.5886499315674882e-05,831
8747689,2,-2.587939241038839e-05,832
8N73914,11,-2.579613408215664e-05,833
8N73504,5,-2.5772742276330973e-05,834
8N87525,11,-2.5739793045431725e-05,835
8N87885,13,-2.569001458141429e-05,836
8L19998,5,-2.568552167758753e-05,837
8747519,5,-2.5646522772149183e-05,838
8N72516,4,-2.5643184926593676e-05,839
8887220,4,-2.5608264195398078e-05,840
8M72929,5,-2.549431997067586e-05,841
8N73952,12,-2.5486385311523918e-05,842
8N27894,6,-2.546825771787553e-05,843
8P26450,6,-2.5468064450251404e-05,844
8N42705,5,-2.545908148476883e-05,845
8L48767,11,-2.5425888452446088e-05,846
8309146,4,-2.5401423272342072e-05,847
8M72664,5,-2.5365119654452428e-05,848
8651534,4,-2.534351665417489e-05,849
8N87267,8,-2.5320137183371116e-05,850
8N87520,11,-2.5317717245343374e-05,851
8887414,5,-2.5295962814197992e-05,852
8N05303,13,-2.527097740312456e-05,853
8730973,3,-2.526905541344604e-05,854
8N73457,11,-2.526886237319559e-05,855
8L64755,13,-2.522055001463741e-05,856
8N13652,14,-2.5209759314748226e-05,857
8N05301,13,-2.519369490983081e-05,858
8N28177,3,-2.5192216753566754e-05,859
8N87927,13,-2.5179323529300746e-05,860
8681397,5,-2.5159744154734653e-05,861
8N42731,4,-2.5146270218101563e-05,862
8N73953,12,-2.514573998269043e-05,863
8N06979,4,-2.510983176762238e-05,864
8939451,9,-2.509692922103568e-05,865
8L48461,10,-2.5092925170611124e-05,866
8N27096,8,-2.5072978814932867e-05,867
8M72818,5,-2.499293123037205e-05,868
8N14542,11,-2.4986662765513756e-05,869
8N05224,12,-2.4928498305598623e-05,870
8P14006,2,-2.4899748041207204e-05,871
8N13650,14,-2.488619338691933e-05,872
8934224,4,-2.4854425191733753e-05,873
8747583,2,-2.4836783723003464e-05,874
8P26739,7,-2.48224072265657e-05,875
8943894,5,-2.4820740577524703e-05,876
8N87807,14,-2.482022978256282e-05,877
8981929,3,-2.4817108851493686e-05,878
8P11037,2,-2.478723718013498e-05,879
8N14149,6,-2.4765922034930554e-05,880
8309195,4,-2.4756392349445377e-05,881
8L52351,11,-2.471538346071611e-05,882
8N87840,14,-2.4692271949788847e-05,883
8N73929,11,-2.467317881382769e-05,884
8N87901,13,-2.4656704226799775e-05,885
8N14651,13,-2.4644227323733503e-05,886
8N05179,13,-2.454163814036292e-05,887
8N42992,14,-2.4507683747287956e-05,888
8M71479,13,-2.4492358534189407e-05,889
8L48451,5,-2.443791959194641e-05,890
8M71504,4,-2.4408288481936324e-05,891
8N72554,6,-2.438632509438321e-05,892
8N73510,5,-2.4359520978123328e-05,893
8N73214,12,-2.4309476884809555e-05,894
8M72001,2,-2.4225441620728816e-05,895
8N05684,15,-2.4191434249587473e-05,896
8730551,3,-2.4190667318180203e-05,897
8L52378,11,-2.4188917450373992e-05,898
8N87730,5,-2.416424990769883e-05,899
8N05186,13,-2.4110284130074433e-05,900
8747781,4,-2.4103527493934962e-05,901
8N72206,2,-2.405712848485564e-05,902
8N27193,14,-2.4055929770838702e-05,903
8730928,2,-2.3996695290406933e-05,904
8732225,7,-2.3958357928677287e-05,905
8N87837,14,-2.3931216446726467e-05,906
8L19688,3,-2.3930779889269616e-05,907
8P14984,14,-2.3902116936369566e-05,908
8866789,5,-2.3901354097688454e-05,909
8P14112,5,-2.3899486222944688e-05,910
8981607,10,-2.3867334675742313e-05,911
8939024,5,-2.3848174805607414e-05,912
8M31823,12,-2.3795275410520844e-05,913
8747366,5,-2.3786598148944904e-05,914
8L26586,5,-2.3678297338847187e-05,915
8M71258,5,-2.3559707187814638e-05,916
8N05605,14,-2.3531610395366442e-05,917
8P11899,14,-2.3508569711339078e-05,918
8N87732,4,-2.3498917471442837e-05,919
8M31970,5,-2.348332077417581e-05,920
8N06499,12,-2.3442268911821884e-05,921
8939608,5,-2.3348383820120944e-05,922
8N73084,6,-2.3325348365688114e-05,923
8N05680,15,-2.3322815650317352e-05,924
8N14580,11,-2.331176233383303e-05,925
8M72021,3,-2.331007522116124e-05,926
8934274,7,-2.329658832422865e-05,927
8P11488,1,-2.3281429093913175e-05,928
8N27813,1,-2.3206121568364324e-05,929
8L19661,2,-2.3189473040474695e-05,930
8887358,10,-2.3167468498286325e-05,931
8747897,7,-2.3166793994278123e-05,932
8747062,9,-2.3155844701250317e-05,933
8N06865,11,-2.31480514685245e-05,934
8L19958,10,-2.308592092958861e-05,935
8L52596,5,-2.3072247586242156e-05,936
8L52415,4,-2.3056414875100018e-05,937
8939704,6,-2.3045547322908533e-05,938
8939181,5,-2.303461883457203e-05,939
8800488,10,-2.3010451286609168e-05,940
8L52361,11,-2.300359074070002e-05,941
8P11641,2,-2.2995257609181863e-05,942
8N72699,11,-2.297238802384527e-05,943
8651975,5,-2.2955422764425748e-05,944
8L26526,9,-2.2895084157426027e-05,945
8M31219,11,-2.2815438114776043e-05,946
8904411,11,-2.2803924139225273e-05,947
8816408,5,-2.2798549025537795e-05,948
8P14973,14,-2.2766575511923293e-05,949
8934373,5,-2.2741427756045596e-05,950
8N73222,12,-2.2701130603763886e-05,951
8747274,2,-2.2696533051203005e-05,952
8N27407,7,-2.2686842982011513e-05,953
8747610,7,-2.2669080181003665e-05,954
8N42991,14,-2.2624587529662676e-05,955
8M72957,4,-2.2620463028033555e-05,956
8P14312,14,-2.2597420183956274e-05,957
8N05609,14,-2.2545125602846383e-05,958
8N14526,11,-2.254328296658059e-05,959
8M72879,6,-2.2450983465205354e-05,960
8800439,4,-2.2446204070547537e-05,961
8M71073,4,-2.2442683984991163e-05,962
8N73319,15,-2.2407626602216624e-05,963
8N72687,11,-2.238953970845614e-05,964
8N14992,4,-2.237134299321042e-05,965
8L64933,5,-2.2365169797922135e-05,966
8L49991,6,-2.2346928517436027e-05,967
8N87982,13,-2.2343424234350096e-05,968
8N42513,5,-2.2294067093753256e-05,969
8L52303,5,-2.2258739477365452e-05,970
8N05184,13,-2.225402727162873e-05,971
8L52207,9,-2.2217010723579733e-05,972
8N14951,4,-2.2175700721049907e-05,973
8N14342,15,-2.217423423189757e-05,974
8N14009,10,-2.2173721731633123e-05,975
8L89157,13,-2.2160056460052147e-05,976
8N42397,5,-2.214502251263184e-05,977
8N05683,15,-2.2100497744759195e-05,978
8N14006,6,-2.209827255228447e-05,979
8L64893,11,-2.2057084379412117e-05,980
8N72924,13,-2.2055823592381785e-05,981
8N87893,13,-2.204620295742643e-05,982
8N72551,6,-2.203356439167692e-05,983
8981734,10,-2.203339471407162e-05,984
8747829,7,-2.1995082079229178e-05,985
8N73919,11,-2.19948244648549e-05,986
8M31041,3,-2.1992065398990235e-05,987
8887406,10,-2.1985756347930874e-05,988
8L30768,12,-2.1935945937912038e-05,989
8N28708,6,-2.1901678746161224e-05,990
8M31875,5,-2.1846778849976545e-05,991
8N27081,14,-2.184108780056704e-05,992
8N13932,5,-2.182973287290224e-05,993
8800164,7,-2.1814564206579234e-05,994
8N13933,5,-2.177595933972043e-05,995
8N05402,10,-2.1761433686151577e-05,996
8N73920,11,-2.1745875187662023e-05,997
8L48765,11,-2.169807055452111e-05,998
8N73904,11,-2.169775325455703e-05,999
8N73652,13,-2.1691387019018293e-05,1000
8M31550,6,-2.1661055370714166e-05,1001
8N14518,11,-2.1621001224048086e-05,1002
8M72168,2,-2.1609598206850933e-05,1003
8N05222,12,-2.15947561628127e-05,1004
8P11554,14,-2.1550866222241893e-05,1005
8N05365,8,-2.1536278381972807e-05,1006
8747038,8,-2.1524784074244963e-05,1007
8M71327,11,-2.150339150830405e-05,1008
8934471,3,-2.1486989794539113e-05,1009
8118430,6,-2.1486723881025682e-05,1010
8N73489,12,-2.146472104413988e-05,1011
8L89808,5,-2.1400018113126862e-05,1012
8N13680,13,-2.139160744718538e-05,1013
8N28940,8,-2.1345363620639546e-05,1014
8N05606,14,-2.1332772803361877e-05,1015
8L64791,13,-2.1317369828466326e-05,1016
8N14954,10,-2.1296578211149608e-05,1017
8N73503,5,-2.128201094819815e-05,1018
8887324,6,-2.1208123314409022e-05,1019
8N05111,12,-2.1195625777181704e-05,1020
8309263,5,-2.1185315745242406e-05,1021
8N14298,15,-2.1141942397662206e-05,1022
8N05178,13,-2.112558615863236e-05,1023
8N42275,5,-2.1117795216962776e-05,1024
8L52305,5,-2.1104450070197345e-05,1025
8N87537,11,-2.107189288835798e-05,1026
8M71294,6,-2.105265764384967e-05,1027
8917830,2,-2.105262851870293e-05,1028
8P14616,2,-2.0991188193875132e-05,1029
8934596,10,-2.0936241980962222e-05,1030
8934460,4,-2.0929410425196693e-05,1031
8N05213,12,-2.0913346133966115e-05,1032
8N87930,13,-2.0836000203416916e-05,1033
8730974,3,-2.080509261759289e-05,1034
8P14999,15,-2.080351146105386e-05,1035
8L64286,10,-2.079793227949267e-05,1036
8L57916,2,-2.0783918671440915e-05,1037
8747515,7,-2.0728038521156122e-05,1038
8981545,5,-2.0693840951935272e-05,1039
8N27297,10,-2.0692491489171516e-05,1040
8N27087,14,-2.0671789343396085e-05,1041
8981284,5,-2.064135128421185e-05,1042
8L30763,12,-2.0635979922190018e-05,1043
8N72472,9,-2.0606821635738015e-05,1044
8N05248,13,-2.0583451032507583e-05,1045
8N05181,13,-2.0574640075210482e-05,1046
8P11355,5,-2.056172911579779e-05,1047
8N05252,13,-2.052414782838241e-05,1048
8681075,5,-2.0522126760624815e-05,1049
8M31497,4,-2.051260548796563e-05,1050
8N05152,12,-2.0438579667825252e-05,1051
8N42801,2,-2.041895186266629e-05,1052
8732698,4,-2.0410114302649163e-05,1053
8N28085,2,-2.039621733729291e-05,1054
8800127,9,-2.0355125116111594e-05,1055
8N87270,8,-2.0353239335690887e-05,1056
8N05810,5,-2.0308905618549034e-05,1057
8943164,3,-2.030739085512323e-05,1058
8L89471,6,-2.0292923068154778e-05,1059
8M31581,5,-2.02897733743157e-05,1060
8N28925,9,-2.0289334941026027e-05,1061
8L89266,5,-2.0265620150894392e-05,1062
8N13081,14,-2.024243860887509e-05,1063
8N14161,5,-2.0210498064443527e-05,1064
8N73299,2,-2.0198322999931406e-05,1065
8N73456,11,-2.0192927649986814e-05,1066
8M72646,4,-2.015666041188524e-05,1067
8168771,5,-2.0149226543253462e-05,1068
8N05145,12,-2.012867571465904e-05,1069
8816955,4,-2.0055779032190912e-05,1070
8598568,4,-2.0054809851899336e-05,1071
8981346,11,-2.0054527340107597e-05,1072
8P26683,7,-1.9962785529514804e-05,1073
8730439,5,-1.9946828956562968e-05,1074
8681309,4,-1.9935333057219395e-05,1075
8M72597,14,-1.9926282220694702e-05,1076
8P14957,14,-1.991559508951468e-05,1077
8N06469,12,-1.9899369135600864e-05,1078
8943496,3,-1.9828951167255582e-05,1079
8934284,7,-1.980438992177369e-05,1080
8L52377,11,-1.979735650081693e-05,1081
8N05191,13,-1.978894351850613e-05,1082
8934413,8,-1.978167188099178e-05,1083
8L64173,6,-1.9766452680869406e-05,1084
8N14548,11,-1.974241808966326e-05,1085
8N13105,14,-1.972550012396823e-05,1086
8730972,3,-1.9703841758200724e-05,1087
8L52349,11,-1.9694593675012584e-05,1088
8N14973,7,-1.966776926565217e-05,1089
8N87595,11,-1.9655921050798497e-05,1090
8866790,5,-1.9630685301308404e-05,1091
8N72603,4,-1.9611760421867075e-05,1092
8L49909,10,-1.9604628619163122e-05,1093
8L30813,9,-1.957962081178266e-05,1094
8M31372,5,-1.9567856497815228e-05,1095
8P14057,10,-1.9551847344700946e-05,1096
8939125,4,-1.9490125623633503e-05,1097
8943067,10,-1.948384760908084e-05,1098
8N14680,13,-1.9465337118163006e-05,1099
8857237,5,-1.9429666735959472e-05,1100
8981276,5,-1.9406691080803284e-05,1101
8N27197,14,-1.9400658857193775e-05,1102
8N05307,13,-1.934721342422563e-05,1103
8M71079,7,-1.927020480252395e-05,1104
8N73358,15,-1.9233984176025842e-05,1105
8N06398,10,-1.9225952883061836e-05,1106
8N14562,11,-1.9225108189857565e-05,1107
8168772,5,-1.918464658956509e-05,1108
8N72823,14,-1.9135688091864722e-05,1109
8M72928,5,-1.913070582304499e-05,1110
8N87956,13,-1.9120102251690696e-05,1111
8939619,5,-1.91200073231812e-05,1112
8N05861,11,-1.9103313718460413e-05,1113
8N05107,12,-1.9088650446974498e-05,1114
8N42544,5,-1.9056956261920277e-05,1115
8573281,3,-1.9019775436390773e-05,1116
8N28913,2,-1.8989275076819467e-05,1117
8L52624,2,-1.8979183437295433e-05,1118
8887205,4,-1.8976724959429703e-05,1119
8N73679,13,-1.8935604543912632e-05,1120
8N05676,15,-1.8931345721284742e-05,1121
8L49963,4,-1.8862441947931075e-05,1122
8N42062,5,-1.8855353800972807e-05,1123
8747239,4,-1.8850567585104727e-05,1124
8N87959,13,-1.8785171960189473e-05,1125
8N05639,14,-1.8778691128318314e-05,1126
8943837,6,-1.8765523009278695e-05,1127
8L19953,7,-1.8758277292363346e-05,1128
8N05359,15,-1.8754423081190907e-05,1129
8N05620,14,-1.873759140380571e-05,1130
8N06834,11,-1.8702470924836234e-05,1131
8747103,5,-1.8683769098970515e-05,1132
8747749,5,-1.865584800953002e-05,1133
8747064,9,-1.865121267030645e-05,1134
8N05663,13,-1.861995383478643e-05,1135
8N87604,15,-1.8619338788994355e-05,1136
8L26528,6,-1.860165275502368e-05,1137
8L64206,6,-1.8572997120713808e-05,1138
8M31365,4,-1.855885670920543e-05,1139
8747574,9,-1.8532890635469812e-05,1140
8P11964,5,-1.8522418400834795e-05,1141
8939383,7,-1.8515966075938195e-05,1142
8L57974,13,-1.846638917868404e-05,1143
8N73441,11,-1.845123370003421e-05,1144
8N14939,4,-1.844336918566114e-05,1145
8N13621,14,-1.8440252461005002e-05,1146
8N87607,15,-1.8435596985000302e-05,1147
8N14640,13,-1.842440451582661e-05,1148
8L19961,10,-1.8419708226247167e-05,1149
8M72600,12,-1.8384299664830905e-05,1150
8P14835,4,-1.832434952575568e-05,1151
8N87968,13,-1.830444216466276e-05,1152
8L89896,4,-1.828264612413477e-05,1153
8M31283,10,-1.8279188566339144e-05,1154
8N87585,11,-1.827916776164784e-05,1155
8M72797,6,-1.824841660891252e-05,1156
8917967,8,-1.823421763447186e-05,1157
8N87047,5,-1.822782917315635e-05,1158
8N87749,4,-1.8222261928713124e-05,1159
8L89265,5,-1.8205883861810435e-05,1160
8M72319,7,-1.816605845306185e-05,1161
8168605,10,-1.8112939812908735e-05,1162
8800512,5,-1.8085603642248316e-05,1163
8N87933,13,-1.8064921505356324e-05,1164
8732300,8,-1.800872405510745e-05,1165
8N05003,4,-1.8004877233579464e-05,1166
8L52974,4,-1.7987736555369338e-05,1167
8N73246,14,-1.7964656535696122e-05,1168
8N06480,12,-1.7885812894746778e-05,1169
8N05202,12,-1.781635023689887e-05,1170
8N73615,14,-1.7812032410802203e-05,1171
8N87623,15,-1.780886009328242e-05,1172
8N27983,6,-1.7802375964492967e-05,1173
8N05119,12,-1.7793378106034652e-05,1174
8N73420,5,-1.777165152816451e-05,1175
8N05700,15,-1.771672282302461e-05,1176
8651514,2,-1.7704236597637646e-05,1177
8981828,7,-1.7663277276369627e-05,1178
8981856,5,-1.766245873113803e-05,1179
8N14683,13,-1.7654277712608746e-05,1180
8857257,9,-1.7629966919230355e-05,1181
8N28688,5,-1.756914144834809e-05,1182
8N14958,5,-1.7564040717843454e-05,1183
8651743,5,-1.755165931172087e-05,1184
8M31641,10,-1.754889137828286e-05,1185
8N14615,13,-1.7487740251453943e-05,1186
8934895,5,-1.7457144053878437e-05,1187
8N05137,12,-1.7451058624828875e-05,1188
8L52388,11,-1.7417780213691003e-05,1189
8L52249,2,-1.740379798320646e-05,1190
8N13677,13,-1.740354900903185e-05,1191
8N14631,13,-1.7361309005536896e-05,1192
8M72525,11,-1.7361241702928965e-05,1193
8730565,3,-1.7344860623325076e-05,1194
8P14052,5,-1.7340945191790524e-05,1195
8857102,7,-1.7324486293546215e-05,1196
8L89391,4,-1.7309174495494517e-05,1197
8M31993,1,-1.7303147956226894e-05,1198
8M71302,6,-1.730116673570592e-05,1199
8L30446,4,-1.7296733403782127e-05,1200
8N87914,13,-1.7294922599830898e-05,1201
8N72943,13,-1.7291652511630673e-05,1202
8M72675,5,-1.7235867346698797e-05,1203
8681012,5,-1.7186659476919885e-05,1204
8943105,10,-1.716070052282248e-05,1205
8730951,3,-1.713196110131321e-05,1206
8537770,7,-1.71176537833162e-05,1207
8N13862,15,-1.7110194448832772e-05,1208
8N05221,12,-1.7097815430133778e-05,1209
8N14116,5,-1.7084394357880228e-05,1210
8N13660,13,-1.7055821444955654e-05,1211
8800422,10,-1.7054023956575293e-05,1212
8N05209,12,-1.7019962228914665e-05,1213
8981773,4,-1.7011478007589176e-05,1214
8730979,6,-1.700152415651246e-05,1215
8M72848,6,-1.699417072131837e-05,1216
8N73453,11,-1.6958330661509535e-05,1217
8M71501,4,-1.6928312561503844e-05,1218
8N73935,12,-1.6928144248140597e-05,1219
8L57803,9,-1.6914555999392178e-05,1220
8L48555,3,-1.6895805401873076e-05,1221
8598614,6,-1.6882978684407135e-05,1222
8943761,3,-1.6868918351065076e-05,1223
8N14535,11,-1.6850035081006354e-05,1224
8N72906,13,-1.6844671989701965e-05,1225
8L48766,11,-1.6824355498101795e-05,1226
8N05953,14,-1.6817558730508608e-05,1227
8M71485,13,-1.6815181879792362e-05,1228
8L89626,4,-1.6803854464342294e-05,1229
8N73973,12,-1.6803604921733495e-05,1230
8N05214,12,-1.67996956861316e-05,1231
8732674,7,-1.6797465036688664e-05,1232
8N05857,11,-1.6789416577012162e-05,1233
8M31208,7,-1.674813756835647e-05,1234
8934278,7,-1.6729752303490386e-05,1235
8P14947,14,-1.6724943179724505e-05,1236
8N87600,11,-1.6706547398825933e-05,1237
8N14297,15,-1.6680989844530814e-05,1238
8N73975,12,-1.6677335452186526e-05,1239
8730436,5,-1.667577288344546e-05,1240
8L19839,5,-1.6670070863256115e-05,1241
8N27854,1,-1.666312323322927e-05,1242
8934459,4,-1.665013087404077e-05,1243
8939278,12,-1.664191063355247e-05,1244
8N13524,2,-1.6612344666100398e-05,1245
8N42130,9,-1.6603208507603995e-05,1246
8651754,5,-1.6600617925632832e-05,1247
8816452,6,-1.6576214306951442e-05,1248
8934217,4,-1.6574809592384554e-05,1249
8N72947,13,-1.6551631915717735e-05,1250
8N73911,11,-1.654282618801517e-05,1251
8M31805,12,-1.6524862644473615e-05,1252
8N87514,11,-1.6524509192095138e-05,1253
8N73972,12,-1.6497596220688138e-05,1254
8N28530,9,-1.647177282393386e-05,1255
8N73938,12,-1.6412875424975937e-05,1256
8N06827,11,-1.640322750517953e-05,1257
8L89516,5,-1.640065049457462e-05,1258
8M71250,4,-1.6396839782828465e-05,1259
8N73647,13,-1.639239519590774e-05,1260
8N42507,5,-1.6369376453440054e-05,1261
8681003,4,-1.6354221884284925e-05,1262
8N72064,2,-1.634905027003697e-05,1263
8N05187,13,-1.6303067809531058e-05,1264
8L30807,2,-1.629420080462296e-05,1265
8N14663,13,-1.6191454960789997e-05,1266
8N14659,13,-1.6163650911948935e-05,1267
8939196,5,-1.616172801277571e-05,1268
8N05869,11,-1.61603684318834e-05,1269
8N73939,12,-1.6134355405483802e-05,1270
8866741,6,-1.6112804360091104e-05,1271
8887399,10,-1.611219488495408e-05,1272
8M72551,11,-1.61083517014049e-05,1273
8P14985,14,-1.610596802947839e-05,1274
8M71750,7,-1.6101743767649168e-05,1275
8L52340,12,-1.608600132385618e-05,1276
8L48319,4,-1.60762253926805e-05,1277
8N73048,4,-1.6053243598435074e-05,1278
8N06360,5,-1.605080957745031e-05,1279
8934376,5,-1.6043741027260694e-05,1280
8857208,4,-1.6029202129175246e-05,1281
8L64529,14,-1.600822531599988e-05,1282
8P14769,1,-1.5959676375132403e-05,1283
8N72447,2,-1.5951209661579924e-05,1284
8L89380,5,-1.594091133938491e-05,1285
8N73188,15,-1.5926807350297167e-05,1286
8L57858,9,-1.5924715398796252e-05,1287
8N72660,5,-1.590106580806605e-05,1288
8N28899,14,-1.589816668001731e-05,1289
8681473,3,-1.588983172950975e-05,1290
8168648,4,-1.5886753203631088e-05,1291
8887439,5,-1.5871759842411848e-05,1292
8M72304,8,-1.582366859764761e-05,1293
8L19722,6,-1.581530011662835e-05,1294
8651539,4,-1.5805847738192824e-05,1295
8N87524,11,-1.5800758035311446e-05,1296
8887319,6,-1.5737738067400642e-05,1297
8681074,5,-1.5729462290892116e-05,1298
8939364,7,-1.5727085269645613e-05,1299
8P11560,14,-1.5702052337474015e-05,1300
8N87931,13,-1.564469714310235e-05,1301
8L64970,5,-1.5620313774888928e-05,1302
8934304,5,-1.5601656059516245e-05,1303
8L89460,10,-1.557735522794701e-05,1304
8887475,4,-1.5566274441880523e-05,1305
8P11556,14,-1.5537549984401267e-05,1306
8747948,4,-1.55348273835898e-05,1307
8L64879,11,-1.5525953813266824e-05,1308
8P11803,14,-1.5490187365685415e-05,1309
8934042,9,-1.5472969678853588e-05,1310
8N14540,11,-1.5453831679224095e-05,1311
8N06681,14,-1.5419158899021568e-05,1312
8P14986,14,-1.5410346122735064e-05,1313
8L52308,5,-1.5408725857923855e-05,1314
8L48662,5,-1.5406501802317507e-05,1315
8N27094,2,-1.53978478465433e-05,1316
8N27352,6,-1.5381872557895804e-05,1317
8N06854,11,-1.5366931620519608e-05,1318
8M72019,2,-1.535724436507735e-05,1319
8N06840,11,-1.5345088286267128e-05,1320
8M72811,4,-1.5321519072131196e-05,1321
8N87605,15,-1.5321428236347856e-05,1322
8N87058,5,-1.5319082649511984e-05,1323
8N05260,13,-1.5313729676336152e-05,1324
8747263,5,-1.530958148521222e-05,1325
8747777,5,-1.5305198985515744e-05,1326
8N73659,13,-1.5303933878385578e-05,1327
8N27800,2,-1.524032439803591e-05,1328
8N28404,9,-1.523209908782519e-05,1329
8732293,5,-1.522591674074647e-05,1330
8N73968,12,-1.5209537082228053e-05,1331
8N05304,13,-1.5201656196950353e-05,1332
8934313,5,-1.5189482269306609e-05,1333
8981352,11,-1.5177880648309383e-05,1334
8N14578,11,-1.5121502201509429e-05,1335
8981318,6,-1.5107917079149047e-05,1336
8N14634,13,-1.5103587514886385e-05,1337
8939611,4,-1.5087085330378613e-05,1338
8M31329,5,-1.5070809467943036e-05,1339
8681236,3,-1.506776300175261e-05,1340
8N14922,5,-1.5029709402369917e-05,1341
8N06897,11,-1.4963356193220534e-05,1342
8800012,7,-1.4954418588786211e-05,1343
8L52688,9,-1.4933883790035907e-05,1344
8L52623,1,-1.4880150160934136e-05,1345
8L52320,12,-1.4859793964205892e-05,1346
8N87251,8,-1.4823936112406955e-05,1347
8651761,6,-1.478721492276236e-05,1348
8N28086,2,-1.478657816278428e-05,1349
8P26403,5,-1.4781903587390843e-05,1350
8651664,2,-1.4770998291169235e-05,1351
8N73231,12,-1.4768503888262785e-05,1352
8L19624,9,-1.4709416689129284e-05,1353
8N05457,4,-1.4668706228349038e-05,1354
8943043,5,-1.4629158840762102e-05,1355
8M71463,13,-1.4624766038195958e-05,1356
8N06461,8,-1.462292718201752e-05,1357
8N72989,2,-1.4610836331030441e-05,1358
8N13956,6,-1.4599092914124867e-05,1359
8732625,9,-1.4569362292604637e-05,1360
8934532,10,-1.4528596459228993e-05,1361
8N13603,14,-1.4508834738080623e-05,1362
8N72577,4,-1.4502782960335026e-05,1363
8N14008,6,-1.4460211559708114e-05,1364
8N87934,13,-1.4433301089411543e-05,1365
8857232,5,-1.4352346511259384e-05,1366
8L52967,6,-1.4335725381897646e-05,1367
8L48448,5,-1.4332233490677027e-05,1368
8M72698,14,-1.4330369708659418e-05,1369
8N14930,6,-1.432025533176784e-05,1370
8N72208,3,-1.4318284229375422e-05,1371
8L30770,12,-1.4312072210032056e-05,1372
8N14574,11,-1.4304085652838694e-05,1373
8N13856,15,-1.4298793757916428e-05,1374
8N87877,13,-1.4298649148258846e-05,1375
8N14016,7,-1.4295301866695809e-05,1376
8N73673,13,-1.4273144870458054e-05,1377
8N14167,5,-1.4235660955819185e-05,1378
8L48443,5,-1.423100218289619e-05,1379
8N43000,6,-1.4224485312297475e-05,1380
8N05032,5,-1.4210772974365682e-05,1381
8939381,7,-1.4210262975211663e-05,1382
8N27120,7,-1.42016507425069e-05,1383
8N05361,15,-1.4184163205754885e-05,1384
8M71301,6,-1.4182245919869274e-05,1385
8747290,9,-1.4176730019244133e-05,1386
8N87597,11,-1.4175409660310834e-05,1387
8800468,5,-1.4167577120360875e-05,1388
8M71585,2,-1.414126660392867e-05,1389
8732626,9,-1.4130801474721011e-05,1390
8573872,6,-1.4084951544646174e-05,1391
8816957,4,-1.408473417541245e-05,1392
8N87071,5,-1.4082348684496537e-05,1393
8N13408,2,-1.4077162518333353e-05,1394
8M31524,4,-1.407236948125501e-05,1395
8N06519,4,-1.4065549066799576e-05,1396
8N72951,13,-1.4053116444756597e-05,1397
8N72692,11,-1.4021871436398214e-05,1398
8L48312,5,-1.4016277987138892e-05,1399
8N28738,2,-1.4015483316143218e-05,1400
8N06677,14,-1.4010031463840278e-05,1401
8N13626,14,-1.3984125924793034e-05,1402
8681213,9,-1.3982736255968575e-05,1403
8N14517,11,-1.3954356802514667e-05,1404
8N05292,13,-1.3953493862572941e-05,1405
8730537,5,-1.3921079547785098e-05,1406
8L89296,4,-1.3920700780545303e-05,1407
8M31737,3,-1.392031322211551e-05,1408
8N14532,11,-1.3876684533897787e-05,1409
8794346,9,-1.38665975555341e-05,1410
8N73740,14,-1.3850819073013554e-05,1411
8P14851,14,-1.3834117254418743e-05,1412
8N87911,13,-1.3761445302407083e-05,1413
8M31334,5,-1.3759657377931944e-05,1414
8P14605,7,-1.3744449802288727e-05,1415
8N72544,6,-1.3680304164154222e-05,1416
8P14029,5,-1.364699488703991e-05,1417
8943064,6,-1.3621927337226225e-05,1418
8N87863,14,-1.3605259482574183e-05,1419
8P14959,14,-1.360115388848726e-05,1420
8M71530,4,-1.3589175750894356e-05,1421
8732670,7,-1.3570927080763795e-05,1422
8N42791,4,-1.3545719184548943e-05,1423
8730545,8,-1.3503978038897912e-05,1424
8N87542,11,-1.3503655736712972e-05,1425
8N73794,15,-1.3487516525856336e-05,1426
8N14655,13,-1.3485388905110085e-05,1427
8N73314,15,-1.3471111742546782e-05,1428
8M71247,4,-1.3456993542604323e-05,1429
8N27328,4,-1.344701558991801e-05,1430
8N05217,12,-1.344131226233003e-05,1431
8N27198,14,-1.3436519168408267e-05,1432
8N05218,12,-1.3434489062547073e-05,1433
8N13653,14,-1.3369157784381969e-05,1434
8309182,5,-1.336297734155778e-05,1435
8168635,5,-1.3330640399544791e-05,1436
8N72065,2,-1.3317430216375215e-05,1437
8N42514,5,-1.3313325780472951e-05,1438
8681249,3,-1.3312602618498204e-05,1439
8800390,6,-1.3304092647770105e-05,1440
8N87551,11,-1.3303596347213897e-05,1441
8730418,5,-1.3297914392751409e-05,1442
8N73492,12,-1.3259906950224831e-05,1443
8N06898,11,-1.325843854260711e-05,1444
8N87961,13,-1.3254746818347485e-05,1445
8N05701,6,-1.3250044176515985e-05,1446
8N87946,13,-1.3247620017864392e-05,1447
8N05664,13,-1.3234915741122677e-05,1448
8L89728,4,-1.3220837217886583e-05,1449
8N87818,14,-1.3182629004404589e-05,1450
8N05710,5,-1.3182523844079697e-05,1451
8L52533,5,-1.3176240457823951e-05,1452
8917940,8,-1.3176040283724433e-05,1453
8943402,5,-1.3169481533736871e-05,1454
8N06942,4,-1.3146180322110013e-05,1455
8N05280,13,-1.314089172410604e-05,1456
8N73494,12,-1.3111101452523144e-05,1457
8N87932,13,-1.308775438246812e-05,1458
8N14613,13,-1.3081706981665775e-05,1459
8L89665,5,-1.3066207998235768e-05,1460
8M31224,11,-1.3065738187378884e-05,1461
8L89552,12,-1.3061511083378718e-05,1462
8N87977,13,-1.3049152528310515e-05,1463
8N87907,13,-1.3046199910604628e-05,1464
8N13693,13,-1.3018056961300317e-05,1465
8943080,4,-1.3012281556257221e-05,1466
8N87615,15,-1.2991448784305248e-05,1467
8L19728,4,-1.2972096556040924e-05,1468
8P26200,5,-1.2971071214451513e-05,1469
8P14620,3,-1.2957655599166173e-05,1470
8P14241,5,-1.2950179780091275e-05,1471
8934404,8,-1.2938424916342228e-05,1472
8L89519,5,-1.2929301419717376e-05,1473
8N14639,13,-1.2927871239298838e-05,1474
8N87264,8,-1.291716877460658e-05,1475
8N73942,12,-1.2908747407891497e-05,1476
8L30473,12,-1.2873386978640156e-05,1477
8934369,5,-1.284667607137635e-05,1478
8N87571,11,-1.2844068152162436e-05,1479
8N42518,5,-1.2832974732646107e-05,1480
8N05645,14,-1.2794215166422873e-05,1481
8L89245,6,-1.2792593906851835e-05,1482
8L48450,5,-1.2790199662049417e-05,1483
8M72545,11,-1.2778693246673356e-05,1484
8N87307,5,-1.2769402303547395e-05,1485
8P11529,15,-1.2767880605224491e-05,1486
8981741,4,-1.2752790325976093e-05,1487
8939199,5,-1.273894531550468e-05,1488
8N42942,6,-1.2729951549772522e-05,1489
8L89354,5,-1.272325334866764e-05,1490
8N05621,14,-1.2715854325051623e-05,1491
8651997,5,-1.2702446611001506e-05,1492
8M71317,5,-1.2682174656220013e-05,1493
8N06989,6,-1.2645935555610777e-05,1494
8794325,9,-1.2643439276871504e-05,1495
8N87611,15,-1.2632299586812223e-05,1496
8N05536,5,-1.2629278671738575e-05,1497
8N87828,14,-1.2605718438862823e-05,1498
8N13986,5,-1.2601273908785515e-05,1499
8M71254,5,-1.2577540168479118e-05,1500
8N05889,11,-1.25584731449635e-05,1501
8N14606,13,-1.2507875453593442e-05,1502
8857278,10,-1.250232287475228e-05,1503
8M31426,4,-1.2501500009420852e-05,1504
8P14872,14,-1.2501070187909136e-05,1505
8M72120,3,-1.2482145734793448e-05,1506
8N05690,15,-1.2475995617933222e-05,1507
8800031,5,-1.2458469313969545e-05,1508
8M72924,5,-1.2425028472762278e-05,1509
8N05716,6,-1.2411720774707646e-05,1510
8N13587,2,-1.238810483528141e-05,1511
8N06479,12,-1.2387081369524822e-05,1512
8N13975,5,-1.2375195666436412e-05,1513
8N14635,13,-1.2352618256272763e-05,1514
8747726,5,-1.2336633801623975e-05,1515
8N73580,1,-1.2314544449054665e-05,1516
8N05933,2,-1.2295139271145672e-05,1517
8M72571,11,-1.227213674237504e-05,1518
8939932,11,-1.2271241416783596e-05,1519
8N27077,14,-1.2242455255773166e-05,1520
8N05196,13,-1.2238901888395048e-05,1521
8M72598,11,-1.2235668577886827e-05,1522
8N05130,12,-1.222868866079807e-05,1523
8P14900,14,-1.2192990197945619e-05,1524
8N87925,13,-1.2191685414109088e-05,1525
8747905,6,-1.216433224726643e-05,1526
8681464,5,-1.2125815260333184e-05,1527
8N06387,5,-1.2124837326155102e-05,1528
8M71457,13,-1.2101717970836035e-05,1529
8N87248,8,-1.210156816977559e-05,1530
8M71374,12,-1.2100380217816564e-05,1531
8L48738,11,-1.20564741337148e-05,1532
8M31925,5,-1.2020222470709996e-05,1533
8N05281,13,-1.2011783383059083e-05,1534
8857231,5,-1.1993232760687533e-05,1535
8N42214,9,-1.1984822833710496e-05,1536
8N28243,2,-1.1969173442594183e-05,1537
8934236,2,-1.1963782462487416e-05,1538
8981805,4,-1.195936113163043e-05,1539
8N87584,11,-1.1925088557518393e-05,1540
8943578,2,-1.190930417749314e-05,1541
8P11395,14,-1.1896841328962182e-05,1542
8L52396,12,-1.1889431277722906e-05,1543
8N05237,13,-1.1885153867297049e-05,1544
8168614,6,-1.1884194009326166e-05,1545
8N05708,4,-1.187139916680735e-05,1546
8L19663,7,-1.185022773597666e-05,1547
8N14617,13,-1.1846758624756148e-05,1548
8N87871,13,-1.182153584977641e-05,1549
8N06178,9,-1.1813005045269165e-05,1550
8M71377,12,-1.1778648399740632e-05,1551
8800005,9,-1.1717314578163496e-05,1552
8N87965,13,-1.1678385451574513e-05,1553
8N27299,5,-1.16593039365398e-05,1554
8732239,7,-1.1624585454228509e-05,1555
8M31924,5,-1.1614558331984881e-05,1556
8P11788,2,-1.1608439280053062e-05,1557
8917814,3,-1.1600821608226397e-05,1558
8N87629,15,-1.1598654168665234e-05,1559
8681308,4,-1.1592636610657792e-05,1560
8N73795,15,-1.1587234837406868e-05,1561
8N87889,13,-1.1585101788114116e-05,1562
8800467,5,-1.1584641470108181e-05,1563
8N73974,12,-1.1583575542317703e-05,1564
8N73445,11,-1.1565731512064303e-05,1565
8747417,1,-1.1556354763797572e-05,1566
8857223,6,-1.1548978626763073e-05,1567
8L49957,4,-1.1524378152216741e-05,1568
8917962,8,-1.1484199163191988e-05,1569
8N87258,8,-1.1483117361876793e-05,1570
8118429,6,-1.144848982903568e-05,1571
8981033,4,-1.1433781644143437e-05,1572
8P14871,14,-1.142699125011859e-05,1573
8N72132,9,-1.1407153920117707e-05,1574
8N05288,13,-1.1406104022171348e-05,1575
8N42521,5,-1.1391253110559774e-05,1576
8857752,6,-1.1365146747266408e-05,1577
8730506,5,-1.136470302753878e-05,1578
8L30984,9,-1.1355607966834214e-05,1579
8L89143,13,-1.1345915282845453e-05,1580
8N13985,5,-1.1337576438563701e-05,1581
8N14900,2,-1.1303794366313014e-05,1582
8N14684,13,-1.1297104890672927e-05,1583
8N73926,11,-1.1284961942692462e-05,1584
8M72179,2,-1.1275914857833413e-05,1585
8P11545,14,-1.1257254755037138e-05,1586
8981289,5,-1.1243142580497079e-05,1587
8939475,3,-1.1236961711347249e-05,1588
8N13357,2,-1.1236335808462172e-05,1589
8934854,4,-1.1205846135453612e-05,1590
8L30781,4,-1.117286763019365e-05,1591
8N13590,2,-1.1169465210514318e-05,1592
8M72323,3,-1.1159351117839833e-05,1593
8309252,5,-1.1158144559431094e-05,1594
8N05656,13,-1.1151829667710444e-05,1595
8887266,10,-1.113028770305391e-05,1596
8L89718,4,-1.108884885070438e-05,1597
8L48568,7,-1.1081684817781934e-05,1598
8747101,5,-1.1080051507406097e-05,1599
8681071,9,-1.107211852513501e-05,1600
8M31793,11,-1.1071762884284908e-05,1601
8N72466,9,-1.1063149088386126e-05,1602
8N73997,14,-1.1045841063150874e-05,1603
8N42186,2,-1.1045413188526254e-05,1604
8P26526,9,-1.1039157527648058e-05,1605
8800368,1,-1.1020582803666912e-05,1606
8N06860,11,-1.1020497112212979e-05,1607
8800495,10,-1.1014188771696354e-05,1608
8N05646,14,-1.1004535338088317e-05,1609
8857260,9,-1.099156116879385e-05,1610
8N72963,13,-1.0982611598819858e-05,1611
8M71205,5,-1.0980643367020093e-05,1612
8N28706,6,-1.0979525882248709e-05,1613
8N73013,4,-1.0971576330121025e-05,1614
8N72919,13,-1.0930477174042608e-05,1615
8N42783,5,-1.0921956373977082e-05,1616
8N05705,5,-1.0916330808186103e-05,1617
8N28401,8,-1.0910966260269106e-05,1618
8N05143,12,-1.0905023714258277e-05,1619
8P14991,14,-1.090416134275074e-05,1620
8N72826,14,-1.0889899044741469e-05,1621
8N73463,11,-1.087261004784068e-05,1622
8939824,3,-1.0867728633456863e-05,1623
8P26578,9,-1.0866771418704957e-05,1624
8P26704,7,-1.0857114432383241e-05,1625
8816937,4,-1.0840340451068187e-05,1626
8N27881,5,-1.0837817058018118e-05,1627
8934475,3,-1.0815324969826179e-05,1628
8934055,11,-1.0809197348748967e-05,1629
8887249,5,-1.0796318974826136e-05,1630
8L19951,7,-1.0773717860956822e-05,1631
8N14652,13,-1.0768104090175257e-05,1632
8N14439,5,-1.0763273621705594e-05,1633
8981609,5,-1.075918768833617e-05,1634
8800612,5,-1.0757037614439469e-05,1635
8N87728,5,-1.0755362012559999e-05,1636
8L19934,5,-1.0750760495170653e-05,1637
8P11537,15,-1.0747204356675866e-05,1638
8L48578,8,-1.0728717882102501e-05,1639
8P14641,9,-1.0712862490436237e-05,1640
8N06470,12,-1.0701785242872575e-05,1641
8800570,5,-1.070027258265327e-05,1642
8L48313,5,-1.0693216722756915e-05,1643
8N14564,11,-1.0659604242846399e-05,1644
8732255,10,-1.0649920170635596e-05,1645
8N73793,15,-1.0640140601481107e-05,1646
8N28793,15,-1.0623156811107037e-05,1647
8N27717,9,-1.0611485919298502e-05,1648
8N06891,11,-1.0602375510870843e-05,1649
8N13717,8,-1.0598047651910747e-05,1650
8N06679,14,-1.0575631449682987e-05,1651
8N87894,13,-1.0564383956079837e-05,1652
8747280,3,-1.0547432793828193e-05,1653
8L89691,5,-1.0544577094151464e-05,1654
8N06685,14,-1.0531261068535969e-05,1655
8N14637,13,-1.0516321083287039e-05,1656
8N13664,13,-1.0498868203256961e-05,1657
8P26693,7,-1.0490384909189743e-05,1658
8N14962,5,-1.0489598423646385e-05,1659
8N14633,13,-1.0483502819624846e-05,1660
8N05276,13,-1.0470239622861754e-05,1661
8M72524,11,-1.0469654512235138e-05,1662
8L30340,6,-1.0431963374912812e-05,1663
8N14657,13,-1.042198434220154e-05,1664
8L64499,11,-1.0401548024674412e-05,1665
8N42633,5,-1.040133078333838e-05,1666
8N73645,13,-1.0398742261941152e-05,1667
8981281,5,-1.0395603453616786e-05,1668
8N73693,13,-1.03882572659586e-05,1669
8N06845,11,-1.0384208621871949e-05,1670
8L30890,5,-1.0367982980596935e-05,1671
8N13658,13,-1.0353080241998214e-05,1672
8N06868,11,-1.0325303037461708e-05,1673
8N73210,12,-1.032525301525311e-05,1674
8L89847,5,-1.0323758104391345e-05,1675
8N05685,15,-1.029570847776995e-05,1676
8N06847,11,-1.0294077412709157e-05,1677
8N72734,6,-1.0284937616233947e-05,1678
8N06439,2,-1.026765028200316e-05,1679
8681291,7,-1.0262353981715933e-05,1680
8816491,5,-1.0251568255625898e-05,1681
8N05647,11,-1.0250618174723058e-05,1682
8N73250,14,-1.0244820373372931e-05,1683
8L89389,5,-1.023218301554607e-05,1684
8747730,2,-1.0212106900553408e-05,1685
8P14014,9,-1.0210459379322856e-05,1686
8917939,8,-1.0201965949363512e-05,1687
8N06882,14,-1.0188284250034485e-05,1688
8939607,5,-1.0184628891352077e-05,1689
8M31221,11,-1.0178018584383608e-05,1690
8N73655,13,-1.016395370356804e-05,1691
8N27141,7,-1.0162844148453587e-05,1692
8730931,3,-1.0137291809542148e-05,1693
8L52922,6,-1.013622392065372e-05,1694
8N73435,11,-1.0128794989405776e-05,1695
8N13333,3,-1.0116973157892062e-05,1696
8P14854,14,-1.0110557241205242e-05,1697
8N05215,12,-1.0077250578888197e-05,1698
8N73965,12,-1.0064153215694205e-05,1699
8M31923,5,-1.0039156506991276e-05,1700
8732258,1,-1.0021623211287078e-05,1701
8N87588,11,-1.0020810009336856e-05,1702
8L30709,12,-1.0009789036757866e-05,1703
8N14658,13,-9.961883269404836e-06,1704
8M72914,5,-9.948882990329366e-06,1705
8N87072,5,-9.94481263205671e-06,1706
8N13609,14,-9.942018266428931e-06,1707
8939737,7,-9.925552035383589e-06,1708
8N14624,13,-9.880495440484083e-06,1709
8N27927,5,-9.877287311610417e-06,1710
8N05939,2,-9.8646529522739e-06,1711
8309272,5,-9.860855925580836e-06,1712
8M71700,3,-9.81839502856019e-06,1713
8P11800,2,-9.732895591696433e-06,1714
8N05711,5,-9.732551916386e-06,1715
8N28788,15,-9.718725436869136e-06,1716
8N73469,11,-9.71076747191546e-06,1717
8981178,11,-9.709129187740473e-06,1718
8N27121,7,-9.654517668877816e-06,1719
8N05900,11,-9.642144561894384e-06,1720
8L19952,7,-9.616299394110683e-06,1721
8N14923,5,-9.603212220099522e-06,1722
8P11058,3,-9.60217244028172e-06,1723
8N14653,13,-9.59547065804145e-06,1724
8N73057,4,-9.554988707805023e-06,1725
8N14607,13,-9.522375421511242e-06,1726
8N06029,3,-9.512473354789108e-06,1727
8N87878,13,-9.48134385225785e-06,1728
8P11527,15,-9.475222668697825e-06,1729
8N28696,5,-9.46587601902138e-06,1730
8747308,8,-9.463511531748736e-06,1731
8N14627,13,-9.462278910632449e-06,1732
8816901,10,-9.421470167580992e-06,1733
8981774,4,-9.410435666268313e-06,1734
8N28406,8,-9.404021682257735e-06,1735
8N87970,13,-9.377917336905739e-06,1736
8747532,5,-9.375237823405769e-06,1737
8N73589,5,-9.370725820190273e-06,1738
8N14670,13,-9.36725058409138e-06,1739
8N05235,12,-9.328907822236943e-06,1740
8981379,12,-9.322079733919963e-06,1741
8573572,4,-9.316341902376735e-06,1742
8N27803,5,-9.31009113003256e-06,1743
8P14868,14,-9.280387075705221e-06,1744
8934272,7,-9.260460046789376e-06,1745
8N73438,11,-9.256896305487317e-06,1746
8N05185,13,-9.250995958609565e-06,1747
8P14256,6,-9.233299181232724e-06,1748
8N87599,11,-9.231519413788192e-06,1749
8N28511,2,-9.229154755985292e-06,1750
8651772,3,-9.22757652688233e-06,1751
8M72606,5,-9.225405250390395e-06,1752
8N87822,14,-9.195272184570058e-06,1753
8N73083,6,-9.179557025618124e-06,1754
8N05892,11,-9.175225955004862e-06,1755
8N87540,11,-9.162549702068645e-06,1756
8N14522,11,-9.158012630905432e-06,1757
8N27298,10,-9.14305178412178e-06,1758
8L19858,10,-9.13656493395365e-06,1759
8N72700,11,-9.125630725748124e-06,1760
8747756,5,-9.121545417656307e-06,1761
8N14654,13,-9.115645468682487e-06,1762
8N73979,12,-9.110035989579046e-06,1763
8N05246,13,-9.109185725719726e-06,1764
8N73192,15,-9.103494733153639e-06,1765
8L30832,3,-9.094828101297026e-06,1766
8M72766,6,-9.080069128586388e-06,1767
8N14961,5,-9.077579470329056e-06,1768
8N87985,13,-9.07144317352504e-06,1769
8N14595,11,-9.053038525053125e-06,1770
8N87949,13,-9.046066011819676e-06,1771
8N06858,11,-9.042884869359114e-06,1772
8M71289,5,-9.019027174872463e-06,1773
8681066,9,-9.011232497968535e-06,1774
8P11786,2,-8.997113809527946e-06,1775
8L48566,7,-8.9775002152237e-06,1776
8598887,4,-8.952633152148337e-06,1777
8730498,4,-8.942696496205826e-06,1778
8934889,7,-8.903971043139336e-06,1779
8M72931,5,-8.868692816577095e-06,1780
8N73497,12,-8.86506950337207e-06,1781
8N42051,2,-8.848896442259502e-06,1782
8N42795,4,-8.846489720326645e-06,1783
8N87711,5,-8.829998762394098e-06,1784
8L52313,12,-8.827509418551927e-06,1785
8794301,5,-8.807401925992053e-06,1786
8N28815,5,-8.802922280892744e-06,1787
8P14221,5,-8.795017549800832e-06,1788
8N42719,5,-8.7835425688354e-06,1789
8866751,5,-8.783268924617005e-06,1790
8L64838,2,-8.776722324910224e-06,1791
8681184,4,-8.756834859013907e-06,1792
8N13657,13,-8.75542454537026e-06,1793
8P11555,14,-8.754051805226482e-06,1794
8L64600,12,-8.738222504689475e-06,1795
8L30320,5,-8.734157503909046e-06,1796
8N27577,5,-8.731537946005119e-06,1797
8L52395,12,-8.73068813689315e-06,1798
8N14960,5,-8.728076068109658e-06,1799
8N73193,15,-8.727216652459902e-06,1800
8L52384,11,-8.692940614452027e-06,1801
8P14300,8,-8.68970238343536e-06,1802
8N05008,4,-8.673930068425761e-06,1803
8N05279,13,-8.66829802959046e-06,1804
8N14340,15,-8.661533115628117e-06,1805
8M72693,14,-8.652474235759655e-06,1806
8P14454,6,-8.648191055726784e-06,1807
8M71881,5,-8.626174434311906e-06,1808
8N87882,13,-8.564411643874337e-06,1809
8N72959,13,-8.56294002460345e-06,1810
8N73509,5,-8.544065906335163e-06,1811
8934473,3,-8.529893733566496e-06,1812
8N42532,4,-8.513629790485311e-06,1813
8N28809,6,-8.512521645798188e-06,1814
8N73601,14,-8.508001656082342e-06,1815
8M71204,5,-8.499548641793808e-06,1816
8N27941,6,-8.495233601024665e-06,1817
8N87921,13,-8.483296028316545e-06,1818
8981266,5,-8.473729963043297e-06,1819
8N05115,12,-8.455192130440992e-06,1820
8168658,1,-8.411335045366286e-06,1821
8N87869,13,-8.385825736922925e-06,1822
8N73586,5,-8.38073688669283e-06,1823
8L52310,5,-8.379925304780045e-06,1824
8N87613,15,-8.375336847166182e-06,1825
8934215,3,-8.352193162863841e-06,1826
8939796,12,-8.343428049784052e-06,1827
8N42732,4,-8.33338467032263e-06,1828
8M71283,4,-8.329747927859898e-06,1829
8732649,5,-8.32790888694035e-06,1830
8N06842,11,-8.316335907920802e-06,1831
8934271,7,-8.306934018875722e-06,1832
8P14834,5,-8.30341244828503e-06,1833
8N87967,13,-8.282289854832925e-06,1834
8N87875,13,-8.251475719589507e-06,1835
8N27074,14,-8.24474329874647e-06,1836
8N73480,11,-8.23922863446569e-06,1837
8N87936,13,-8.232077618686162e-06,1838
8747310,8,-8.208908923279523e-06,1839
8L52355,11,-8.206980737668346e-06,1840
8M71363,14,-8.199002650144394e-06,1841
8N05219,12,-8.149709574745145e-06,1842
8730969,1,-8.14769110069058e-06,1843
8P26542,2,-8.147152982473926e-06,1844
8N14641,13,-8.144178067936991e-06,1845
8N27707,2,-8.142159572344099e-06,1846
8P14873,14,-8.12888612244933e-06,1847
8P14838,5,-8.094518449297539e-06,1848
8939371,7,-8.09342923702161e-06,1849
8N13615,14,-8.071337390447297e-06,1850
8N05208,12,-8.064265642815371e-06,1851
8N73055,5,-8.060148275035317e-06,1852
8N73308,15,-8.03640318736143e-06,1853
8L52362,11,-8.032365997223678e-06,1854
8857103,7,-8.02739386074336e-06,1855
8732266,1,-8.025292686397734e-06,1856
8N87939,13,-8.020658128771174e-06,1857
8N72351,4,-8.012960023506821e-06,1858
8M31778,11,-8.006673738236714e-06,1859
8816936,4,-8.001629907994356e-06,1860
8N14558,11,-8.001337874929959e-06,1861
8N05688,15,-7.99157976416609e-06,1862
8N73763,14,-7.989460698354378e-06,1863
8L57980,13,-7.965714189595019e-06,1864
8681040,4,-7.94291571537542e-06,1865
8L64503,12,-7.93374050545026e-06,1866
8N13659,13,-7.90777357906336e-06,1867
8N42915,6,-7.87707332960963e-06,1868
8P14343,15,-7.876296693964946e-06,1869
8L52555,4,-7.86952671205654e-06,1870
8L64175,3,-7.850496871242285e-06,1871
8M31785,11,-7.843931108197921e-06,1872
8N73932,12,-7.843137922236565e-06,1873
8N28001,2,-7.83083440225596e-06,1874
8N05293,13,-7.816531763182866e-06,1875
8N42970,5,-7.803890966329163e-06,1876
8M31765,11,-7.782062070305074e-06,1877
8681248,3,-7.777416044518759e-06,1878
8M72679,5,-7.75236173922167e-06,1879
8943025,5,-7.751279028411773e-06,1880
8N42634,5,-7.744490766015133e-06,1881
8N42509,5,-7.72492580836115e-06,1882
8P11539,15,-7.722116720287886e-06,1883
8M71281,4,-7.713807065101719e-06,1884
8M71461,13,-7.713257730301848e-06,1885
8651665,6,-7.697885237689661e-06,1886
8747399,6,-7.682959406452028e-06,1887
8904643,7,-7.673675099795219e-06,1888
8747711,7,-7.653360285075905e-06,1889
8981018,4,-7.636118539267045e-06,1890
8L52934,4,-7.634372309439641e-06,1891
8N05129,12,-7.6144626746099675e-06,1892
8N05123,12,-7.612579793203622e-06,1893
8981955,3,-7.611282505592953e-06,1894
8939759,9,-7.6023480346520955e-06,1895
8N87628,15,-7.581597131434137e-06,1896
8N05162,12,-7.559002597190556e-06,1897
8N28791,15,-7.5383062778655585e-06,1898
8N73988,12,-7.536121586326772e-06,1899
8651869,5,-7.534376834428258e-06,1900
8681283,7,-7.5311751999151966e-06,1901
8L52383,11,-7.524212406906372e-06,1902
8N05642,14,-7.5111446449227515e-06,1903
8N05116,12,-7.449582312801795e-06,1904
8P14086,9,-7.446463712312834e-06,1905
8N87953,13,-7.4379508419042395e-06,1906
8N13437,2,-7.427939237913961e-06,1907
8N73527,4,-7.417810138576897e-06,1908
8N42652,7,-7.412356666236519e-06,1909
8943159,9,-7.396532923531485e-06,1910
8N72922,13,-7.3936798017371075e-06,1911
8N05887,11,-7.385977340845784e-06,1912
8N05724,3,-7.382012853440756e-06,1913
8N27551,5,-7.368724229017687e-06,1914
8N72067,9,-7.363140980487515e-06,1915
8N06852,11,-7.362027389490322e-06,1916
8L48745,11,-7.3491531793479226e-06,1917
8N06496,12,-7.348609813107032e-06,1918
8N73915,11,-7.327517323574284e-06,1919
8M31115,8,-7.307164196390659e-06,1920
8887357,10,-7.304737948743423e-06,1921
8N87874,13,-7.28552484474676e-06,1922
8N87561,11,-7.2736810352580505e-06,1923
8N27410,10,-7.258689663558471e-06,1924
8N13624,14,-7.256379234377164e-06,1925
8N14970,7,-7.2245215108068805e-06,1926
8N73303,15,-7.222468525469594e-06,1927
8N05872,11,-7.213680177642345e-06,1928
8N42525,5,-7.207276382814598e-06,1929
8N87559,11,-7.1725457928550895e-06,1930
8P14932,14,-7.155909115930115e-06,1931
8L57826,9,-7.144913638512662e-06,1932
8M72610,6,-7.144632334643575e-06,1933
8857620,1,-7.1398560095303765e-06,1934
8P11536,15,-7.137056272199516e-06,1935
8N14966,7,-7.126111071897867e-06,1936
8N14560,11,-7.1212947432286455e-06,1937
8168660,1,-7.1183625891535485e-06,1938
8981248,5,-7.11162178390623e-06,1939
8934600,4,-7.097818695456226e-06,1940
8N05004,4,-7.074463326262048e-06,1941
8M72429,13,-7.073068019280981e-06,1942
8N87528,11,-7.071521451962326e-06,1943
8P14064,5,-7.068133470511384e-06,1944
8P14846,14,-7.066136021194325e-06,1945
8L64840,3,-7.046555879242078e-06,1946
8934027,4,-7.040391096779786e-06,1947
8P26430,5,-7.026438275659075e-06,1948
8816953,4,-7.007628767041751e-06,1949
8N72916,13,-7.003068560607062e-06,1950
8N87980,13,-6.994077438093882e-06,1951
8L52353,11,-6.985081256516423e-06,1952
8P11542,15,-6.97570771279743e-06,1953
8747663,1,-6.971690424961707e-06,1954
8L30758,11,-6.935131693808216e-06,1955
8P14311,14,-6.923225498667307e-06,1956
8732644,5,-6.921739327481191e-06,1957
8N87621,15,-6.914207745012391e-06,1958
8681095,5,-6.904120056105967e-06,1959
8M71362,12,-6.902025894817143e-06,1960
8N87692,9,-6.847992729319685e-06,1961
8N05358,15,-6.827786251051293e-06,1962
8M31704,4,-6.817316716478672e-06,1963
8M72014,3,-6.812742402662053e-06,1964
8800580,7,-6.797115190693148e-06,1965
8N73668,13,-6.786015944726387e-06,1966
8L89751,5,-6.7831435330845125e-06,1967
8747958,9,-6.7335494975395704e-06,1968
8N72574,4,-6.708510056796513e-06,1969
8N13641,14,-6.694965282522114e-06,1970
8L48750,11,-6.660669214397785e-06,1971
8N27061,14,-6.645495943757851e-06,1972
8P14007,2,-6.623741285238793e-06,1973
8668490,5,-6.618050235829287e-06,1974
8L30771,12,-6.5987156006031e-06,1975
8N72696,11,-6.586930624052911e-06,1976
8M31739,3,-6.58383179086286e-06,1977
8732637,5,-6.580879272632956e-06,1978
8N14023,5,-6.560244422360029e-06,1979
8747286,3,-6.550301520746871e-06,1980
8934451,1,-6.5321355791070346e-06,1981
8N87989,13,-6.530567787876862e-06,1982
8943474,3,-6.498983339042752e-06,1983
8N05531,5,-6.4938501864730824e-06,1984
8887241,1,-6.487873349669826e-06,1985
8P11520,14,-6.453858532040613e-06,1986
8N72939,13,-6.43324528937228e-06,1987
8L30750,11,-6.432477931639369e-06,1988
8L89741,5,-6.428068843433721e-06,1989
8N87981,13,-6.4199621974125876e-06,1990
8N87860,14,-6.3985033307289996e-06,1991
8934527,1,-6.396914955075772e-06,1992
8P11187,2,-6.393406110305477e-06,1993
8L89517,5,-6.368778429077793e-06,1994
8N73181,15,-6.367603681667333e-06,1995
8N27143,7,-6.361037065971686e-06,1996
8N28789,15,-6.360433275176547e-06,1997
8L88307,3,-6.354008192488436e-06,1998
8M71506,10,-6.3499541624878475e-06,1999
8887472,4,-6.329578692287896e-06,2000
8981606,10,-6.329153961814882e-06,2001
8N27200,14,-6.324322612272226e-06,2002
8N73955,12,-6.318393687365642e-06,2003
8L64770,13,-6.315493180863996e-06,2004
8N06836,11,-6.30312575822245e-06,2005
8L48480,4,-6.30178001870263e-06,2006
8L30154,11,-6.289890393418318e-06,2007
8981715,10,-6.258423695726378e-06,2008
8939602,5,-6.250475870217542e-06,2009
8730458,9,-6.245435827167967e-06,2010
8N87884,13,-6.2325288334719176e-06,2011
8N87832,14,-6.227949469916894e-06,2012
8M31552,6,-6.2279128547615414e-06,2013
8N87069,4,-6.2175959385513124e-06,2014
8N14664,13,-6.214836389517586e-06,2015
8N05692,15,-6.203078839916998e-06,2016
8N87228,3,-6.187163698712084e-06,2017
8P14022,8,-6.186321172663156e-06,2018
8N72391,6,-6.173263827236042e-06,2019
8N05672,15,-6.172424946271349e-06,2020
8730970,2,-6.169214820772595e-06,2021
8N73209,12,-6.15179429530599e-06,2022
8730442,5,-6.133952581421909e-06,2023
8N05574,8,-6.083031223624857e-06,2024
8N73512,7,-6.078292926758877e-06,2025
8M71107,13,-6.073146593621459e-06,2026
8981272,5,-6.06614909770542e-06,2027
8N14687,13,-6.0194906836841255e-06,2028
8747259,6,-6.003860619330226e-06,2029
8747287,3,-5.982788008118689e-06,2030
8N05863,11,-5.9739917332990444e-06,2031
8732610,9,-5.964367073119092e-06,2032
8747866,8,-5.927757769086384e-06,2033
8943110,10,-5.9185329774891215e-06,2034
8P11932,5,-5.899554892607739e-06,2035
8L30697,12,-5.858797834434881e-06,2036
8P26749,7,-5.839007798158491e-06,2037
8M72297,9,-5.822871258942541e-06,2038
8N27089,14,-5.798190613859333e-06,2039
8857739,4,-5.7890839570973185e-06,2040
8168709,4,-5.777743425028348e-06,2041
8M31812,12,-5.7715656112122815e-06,2042
8N73622,13,-5.767232323705684e-06,2043
8M71355,12,-5.750525861714095e-06,2044
8M31945,5,-5.7457376421155e-06,2045
8N73213,12,-5.736036882808548e-06,2046
8N73936,12,-5.7239446960011264e-06,2047
8N27118,7,-5.719919613511593e-06,2048
8681218,9,-5.7053375712712295e-06,2049
8N87846,14,-5.704502996195515e-06,2050
8732223,7,-5.689290929922208e-06,2051
8981024,5,-5.684750476575573e-06,2052
8N72655,5,-5.679081482412585e-06,2053
8P14457,6,-5.665012388078594e-06,2054
8M72954,4,-5.650156538195006e-06,2055
8N73947,12,-5.648230086308104e-06,2056
8934499,4,-5.6417415521536896e-06,2057
8M72699,14,-5.639126129608485e-06,2058
8800547,5,-5.611453332221572e-06,2059
8N14666,13,-5.599847547443915e-06,2060
8N06686,14,-5.593044363649824e-06,2061
8N06782,4,-5.586786478772865e-06,2062
8L52379,11,-5.5864817483097795e-06,2063
8N06483,12,-5.5664095270913094e-06,2064
8N05638,14,-5.554443646360596e-06,2065
8N73452,11,-5.552039169742784e-06,2066
8943339,11,-5.5398275549123355e-06,2067
8800185,6,-5.535227501241025e-06,2068
8939763,5,-5.5348854814951665e-06,2069
8800341,7,-5.528954133637853e-06,2070
8N05117,12,-5.520214671150825e-06,2071
8M71507,10,-5.5088095507471735e-06,2072
8N05702,5,-5.49932610738324e-06,2073
8747216,6,-5.487537194426295e-06,2074
8N87531,11,-5.468799571417549e-06,2075
8N87085,5,-5.446496800232126e-06,2076
8L64176,2,-5.433295200418797e-06,2077
8939070,7,-5.430894262303809e-06,2078
8N27320,6,-5.429071052276413e-06,2079
8N27406,7,-5.411712752589892e-06,2080
8M31747,5,-5.408118965988251e-06,2081
8800592,5,-5.406246899042344e-06,2082
8681169,4,-5.378220294005587e-06,2083
8L30753,11,-5.338015597544654e-06,2084
8N73312,15,-5.327680526079348e-06,2085
8N14569,11,-5.3151463248468644e-06,2086
8M71227,6,-5.307342036076079e-06,2087
8N14576,11,-5.259290162484831e-06,2088
8L89379,5,-5.251188810007079e-06,2089
8L30859,9,-5.247648666717453e-06,2090
8732651,5,-5.233049535036116e-06,2091
8N87483,14,-5.209204516631871e-06,2092
8N14614,13,-5.205893458537503e-06,2093
8N13633,14,-5.19829586664855e-06,2094
8L57918,2,-5.196642497651283e-06,2095
8M31522,1,-5.193144602344546e-06,2096
8N87839,14,-5.187629241731884e-06,2097
8M71414,5,-5.177363618713571e-06,2098
8N72245,3,-5.175421392777935e-06,2099
8N72802,14,-5.1752686118788915e-06,2100
8N28024,9,-5.166354952734764e-06,2101
8N73978,12,-5.156836166975154e-06,2102
8N87534,11,-5.136393440352549e-06,2103
8917923,9,-5.12551912379422e-06,2104
8N14524,11,-5.125401870031965e-06,2105
8N14573,11,-5.123390167227626e-06,2106
8M31939,5,-5.121650190176297e-06,2107
8794368,4,-5.118210310683935e-06,2108
8N05841,5,-5.113168015213887e-06,2109
8N73187,15,-5.099591362522915e-06,2110
8N87963,13,-5.091431688697412e-06,2111
8N27748,2,-5.085858276743238e-06,2112
8N14557,11,-5.075517579555822e-06,2113
8M71396,12,-5.020527396482066e-06,2114
8934858,8,-5.019246874127248e-06,2115
8N27140,7,-5.010780412817439e-06,2116
8732591,2,-5.0057721168172975e-06,2117
8N72785,5,-4.9750013317861885e-06,2118
8N06497,12,-4.973037164290872e-06,2119
8P11646,8,-4.9627552911601924e-06,2120
8N27086,14,-4.9623716478208735e-06,2121
8P11579,5,-4.955781435000972e-06,2122
8732676,4,-4.944435289644389e-06,2123
8N73683,13,-4.934495741792944e-06,2124
8M72136,2,-4.9173103811028795e-06,2125
8L57907,8,-4.886032883177904e-06,2126
8M71828,10,-4.866322086627406e-06,2127
8N73087,6,-4.855278803006513e-06,2128
8N27324,6,-4.8439474369388336e-06,2129
8P14853,14,-4.8400059426967346e-06,2130
8N73226,12,-4.817273477897288e-06,2131
8P14995,14,-4.8071640179614405e-06,2132
8M31815,12,-4.792678595322286e-06,2133
8981359,11,-4.792581520973727e-06,2134
8939858,8,-4.781653331065172e-06,2135
8857277,10,-4.764720756611496e-06,2136
8N73502,5,-4.761081186188676e-06,2137
8N13649,14,-4.75057444759841e-06,2138
8N05158,12,-4.742892400599885e-06,2139
8730496,5,-4.738282029848051e-06,2140
8681496,2,-4.678399164959046e-06,2141
8732262,1,-4.672825276941239e-06,2142
8L48565,2,-4.670414849528015e-06,2143
8L52640,8,-4.670365683523414e-06,2144
8794307,5,-4.639214296275895e-06,2145
8747764,5,-4.5956587086948275e-06,2146
8L48421,7,-4.5884859218858765e-06,2147
8L30748,11,-4.582262494778888e-06,2148
8L57976,13,-4.579307187668746e-06,2149
8N05870,11,-4.554135585976837e-06,2150
8N72936,13,-4.5310529301900715e-06,2151
8P14675,8,-4.494412934263892e-06,2152
8N06693,14,-4.488313152251067e-06,2153
8L19922,10,-4.482864881083515e-06,2154
8N73433,11,-4.466366029021174e-06,2155
8730517,5,-4.446735317742423e-06,2156
8N87801,14,-4.438401699502492e-06,2157
8P14310,14,-4.438063143652471e-06,2158
8939419,3,-4.417009847657027e-06,2159
8747808,4,-4.415034652538452e-06,2160
8N87583,11,-4.402051082763592e-06,2161
8N73228,12,-4.398926847670737e-06,2162
8N87834,14,-4.3866519376933866e-06,2163
8N05749,4,-4.384406452118128e-06,2164
8N05795,10,-4.333219592922433e-06,2165
8N13665,13,-4.326316627611959e-06,2166
8598728,4,-4.324616668327508e-06,2167
8M71587,1,-4.305550561412019e-06,2168
8N05608,14,-4.2942066897921904e-06,2169
8N13100,14,-4.282230548824373e-06,2170
8981005,5,-4.281897005853352e-06,2171
8N42533,4,-4.271246581311061e-06,2172
8N13696,13,-4.251528025633888e-06,2173
8N87854,14,-4.249264506483996e-06,2174
8M72419,13,-4.244256558649795e-06,2175
8L89352,5,-4.241454291786795e-06,2176
8N87598,11,-4.2396363681973526e-06,2177
8N14649,13,-4.229591695548152e-06,2178
8N73970,12,-4.212877797726833e-06,2179
8N28578,9,-4.205620972808077e-06,2180
8681485,2,-4.2027192250770895e-06,2181
8M71257,5,-4.196585422278076e-06,2182
8730945,3,-4.190634086853606e-06,2183
8N87352,6,-4.179181052776926e-06,2184
8M72528,11,-4.178361280082754e-06,2185
8N87519,11,-4.177105580538409e-06,2186
8N06800,5,-4.169813308863013e-06,2187
8N73473,11,-4.1666288410624475e-06,2188
8N06563,4,-4.146820344885782e-06,2189
8N27249,5,-4.131249511374335e-06,2190
8N14152,6,-4.125538804800044e-06,2191
8N28693,5,-4.120815333408245e-06,2192
8L52956,5,-4.1028461055248044e-06,2193
8N27402,7,-4.091756480306685e-06,2194
8N73902,11,-4.0589074001839975e-06,2195
8N13345,2,-4.056588124967675e-06,2196
8981163,12,-4.0550875155531685e-06,2197
8N28082,2,-4.046541349111976e-06,2198
8934089,5,-4.041139504806779e-06,2199
8N14600,11,-4.040729905341323e-06,2200
8887445,8,-4.033431849848057e-06,2201
8N87245,2,-4.029470261457391e-06,2202
8N14525,11,-4.025502406079795e-06,2203
8L52397,12,-4.0114915691447095e-06,2204
8747564,5,-3.999224825523839e-06,2205
8N05681,15,-3.9975438497208415e-06,2206
8981290,5,-3.990218303329129e-06,2207
8N05254,13,-3.951697188142589e-06,2208
8747699,5,-3.923599050104087e-06,2209
8N73913,11,-3.90799559113475e-06,2210
8P11606,9,-3.897900853644387e-06,2211
8M71490,13,-3.8967903037701035e-06,2212
8N72962,13,-3.886446799938881e-06,2213
8981792,6,-3.877447568356729e-06,2214
8934484,2,-3.877032895616139e-06,2215
8P11573,14,-3.87257099987437e-06,2216
8P11884,14,-3.8649706155524655e-06,2217
8934355,6,-3.839680033479453e-06,2218
8N14559,11,-3.838361038788207e-06,2219
8N87873,13,-3.836108422916595e-06,2220
8L48311,5,-3.817803872152581e-06,2221
8N87522,11,-3.81135760108009e-06,2222
8N05182,13,-3.810964798844907e-06,2223
8N28781,5,-3.8078223383308796e-06,2224
8939395,12,-3.8073679640149294e-06,2225
8N14583,11,-3.8051451127785185e-06,2226
8N06484,12,-3.787114451370144e-06,2227
8M72745,1,-3.7869402831347543e-06,2228
8N27937,6,-3.785561375480029e-06,2229
8887344,5,-3.7835762896065717e-06,2230
8M72272,2,-3.78278997459347e-06,2231
8N42534,4,-3.7764943670026696e-06,2232
8N27010,14,-3.774270794565382e-06,2233
8747225,5,-3.765652905940442e-06,2234
8N14538,11,-3.7597089317387145e-06,2235
8L52364,11,-3.755812430172867e-06,2236
8N87614,15,-3.7548150828570215e-06,2237
8L64880,11,-3.753308346787776e-06,2238
8917977,3,-3.7505776333546237e-06,2239
8N06826,11,-3.7475327303582162e-06,2240
8N13627,14,-3.747404662135523e-06,2241
8N28812,5,-3.743671527445258e-06,2242
8M72881,5,-3.740201975688251e-06,2243
8N05177,13,-3.7248203739181918e-06,2244
8L89981,7,-3.7229207983102697e-06,2245
8L89509,5,-3.718905022376262e-06,2246
8934273,7,-3.687535212293369e-06,2247
8N73513,7,-3.679220931473992e-06,2248
8N73479,11,-3.6781711401090433e-06,2249
8917953,2,-3.6732598687194695e-06,2250
8681138,1,-3.66030781151494e-06,2251
8N06294,9,-3.643186715862612e-06,2252
8L89271,5,-3.6406478329809033e-06,2253
8N73917,11,-3.6393897442366097e-06,2254
8887221,4,-3.634552399489621e-06,2255
8N14178,6,-3.610250928431924e-06,2256
8681251,4,-3.603387995099183e-06,2257
8866792,5,-3.6032120362960995e-06,2258
8L30778,12,-3.6016591735688053e-06,2259
8N14530,11,-3.5982956774205377e-06,2260
8P14050,7,-3.5669299904839136e-06,2261
8N72368,4,-3.557424207656368e-06,2262
8887278,5,-3.542969295722287e-06,2263
8M72581,14,-3.541231670567413e-06,2264
8N73608,14,-3.5327582423860804e-06,2265
8N73237,12,-3.5285470971757604e-06,2266
8P14190,5,-3.519598763546128e-06,2267
8N42708,4,-3.5161734217581397e-06,2268
8N05617,14,-3.515093666806024e-06,2269
8P11584,4,-3.5117675309948027e-06,2270
8L19633,2,-3.4971595770372232e-06,2271
8800045,5,-3.4969163174025653e-06,2272
8N13141,14,-3.4930817349732024e-06,2273
8N05946,3,-3.479289688357312e-06,2274
8M31165,2,-3.4680692664323942e-06,2275
8N87545,11,-3.421328091945952e-06,2276
8800643,12,-3.40942807497413e-06,2277
8N14632,13,-3.3953970728362037e-06,2278
8N14523,11,-3.37274605044513e-06,2279
8573966,5,-3.369539513187192e-06,2280
8747739,7,-3.363966996516865e-06,2281
8N42083,8,-3.3332740443370312e-06,2282
8N05669,15,-3.3228798628215372e-06,2283
8N87754,4,-3.320204598367127e-06,2284
8N14572,11,-3.3165915809263424e-06,2285
8M31937,10,-3.3150914759971783e-06,2286
8N73627,13,-3.3145689073421636e-06,2287
8L26582,6,-3.3058844337574556e-06,2288
8N05894,11,-3.3053768646595927e-06,2289
8904575,11,-3.2770946916116372e-06,2290
8934529,1,-3.2769091120599114e-06,2291
8N13368,2,-3.2583411524456096e-06,2292
8N73885,5,-3.2549962867278737e-06,2293
8N27362,5,-3.219342744387177e-06,2294
8917840,3,-3.207800830296037e-06,2295
8N14648,13,-3.1786992309434936e-06,2296
8N13929,5,-3.167060775410846e-06,2297
8N05239,13,-3.1558908575313183e-06,2298
8N05108,12,-3.147860383023726e-06,2299
8651701,5,-3.138868365226699e-06,2300
8N06494,12,-3.1329521732459398e-06,2301
8M72591,11,-3.132419529094932e-06,2302
8N14292,15,-3.1205811126255867e-06,2303
8L57966,13,-3.0853050247969804e-06,2304
8N73981,12,-3.0784580076215207e-06,2305
8681067,9,-3.0481045030228415e-06,2306
8N05228,12,-3.0468753209333954e-06,2307
8904654,2,-3.039967566564883e-06,2308
8981608,10,-3.0249506721702346e-06,2309
8L89277,5,-3.0212069361823524e-06,2310
8M71097,5,-3.0200014293768618e-06,2311
8573682,4,-3.006693020779494e-06,2312
8N05885,11,-3.0058126299081778e-06,2313
8N14585,11,-2.987762824036011e-06,2314
8N14679,13,-2.985832765034502e-06,2315
8943836,6,-2.9498031608454767e-06,2316
8N73320,15,-2.9473110707556316e-06,2317
8943882,5,-2.9082328723006867e-06,2318
8981826,7,-2.903202641846292e-06,2319
8N13923,5,-2.880706214902773e-06,2320
8P14850,14,-2.8786487007437245e-06,2321
8887449,5,-2.8674889449575858e-06,2322
8887233,5,-2.8643305540754227e-06,2323
8N73603,14,-2.8605241482182464e-06,2324
8P14012,8,-2.841317744639582e-06,2325
8651860,5,-2.8349483045531088e-06,2326
8N42703,6,-2.8333266754998476e-06,2327
8N27455,5,-2.8124629807280144e-06,2328
8N05285,13,-2.8001383753917253e-06,2329
8N27250,1,-2.796849258857037e-06,2330
8N05138,12,-2.7881057098610995e-06,2331
8981873,2,-2.776721281350092e-06,2332
8P14975,14,-2.775639302399213e-06,2333
8732646,5,-2.7496852226249757e-06,2334
8L64092,12,-2.745710787621647e-06,2335
8N05150,12,-2.729000962986561e-06,2336
8L48785,11,-2.727801586388523e-06,2337
8N06510,4,-2.7073462263160764e-06,2338
8M71077,4,-2.6940319202140017e-06,2339
8934338,10,-2.6776868367051065e-06,2340
8730959,3,-2.674280665360129e-06,2341
8N72488,3,-2.661908013124048e-06,2342
8800336,7,-2.6596633446729356e-06,2343
8N14623,13,-2.659278095507034e-06,2344
8N72633,4,-2.657853997334314e-06,2345
8L64278,5,-2.6456619366399536e-06,2346
8N73082,6,-2.6285408623039075e-06,2347
8981243,7,-2.623083219077671e-06,2348
8681237,3,-2.598670344688969e-06,2349
8L48454,5,-2.597804581228047e-06,2350
8N14924,5,-2.583295241720407e-06,2351
8N73648,13,-2.565299823231726e-06,2352
8N06487,12,-2.545658304597964e-06,2353
8887494,7,-2.5442759010729787e-06,2354
8934311,5,-2.517358197451358e-06,2355
8N73191,15,-2.504825946658684e-06,2356
8N28851,5,-2.4939845388871618e-06,2357
8N73700,13,-2.4865945675855983e-06,2358
8L48752,11,-2.474951262598779e-06,2359
8M71335,12,-2.4644158429509844e-06,2360
8M72405,13,-2.4522267096926953e-06,2361
8N27825,6,-2.4244950473928384e-06,2362
8934805,6,-2.423587062594379e-06,2363
8N87048,5,-2.4217092118306027e-06,2364
8N13401,2,-2.41089632169178e-06,2365
8800074,5,-2.3990163526832475e-06,2366
8N87910,13,-2.394214019041385e-06,2367
8981722,6,-2.389576465589016e-06,2368
8651786,3,-2.3893372080863173e-06,2369
8N14642,13,-2.387757890076614e-06,2370
8N28777,5,-2.3837952767280512e-06,2371
8N27076,14,-2.3806994988717634e-06,2372
8P14969,14,-2.3674855498256875e-06,2373
8N13673,13,-2.3566191487134347e-06,2374
8N14610,13,-2.3556012731518194e-06,2375
8L52418,4,-2.3490889020649774e-06,2376
8N73613,14,-2.3461904845589743e-06,2377
8N14676,13,-2.33084756473545e-06,2378
8N05212,12,-2.3271357161291917e-06,2379
8N42441,14,-2.3224152219114558e-06,2380
8N73824,6,-2.3216010731630377e-06,2381
8N14630,13,-2.295060056667353e-06,2382
8N27088,14,-2.276817383517482e-06,2383
8681034,5,-2.2732326918628587e-06,2384
8L89334,6,-2.2552517293661367e-06,2385
8N87848,14,-2.2341373764334094e-06,2386
8M31922,5,-2.2269895403326245e-06,2387
8981279,5,-2.2254675595689832e-06,2388
8887416,6,-2.2087992732622297e-06,2389
8732570,7,-2.1943282035863376e-06,2390
8N28190,6,-2.1915839738539944e-06,2391
8732697,4,-2.179908108246309e-06,2392
8934426,8,-2.1504485516743443e-06,2393
8N72926,13,-2.1258395861423196e-06,2394
8N72954,13,-2.117168747872711e-06,2395
8939764,5,-2.106015131175809e-06,2396
8P11581,5,-2.0949481154275418e-06,2397
8943144,9,-2.0888602136892587e-06,2398
8681032,5,-2.0760818415510585e-06,2399
8598591,1,-2.0759877941145533e-06,2400
8N05715,6,-2.0381997671847785e-06,2401
8P11752,7,-2.0109377487642632e-06,2402
8N72428,8,-1.9947161646882705e-06,2403
8N73918,11,-1.9789766145805743e-06,2404
8N05893,11,-1.9772357120473316e-06,2405
8N73370,2,-1.9760089955411786e-06,2406
8N73670,13,-1.951449505099845e-06,2407
8N73219,12,-1.9317829753617843e-06,2408
8M71276,4,-1.906368172654993e-06,2409
8887134,9,-1.9039567291656567e-06,2410
8N87966,13,-1.8869072846428026e-06,2411
8P11553,14,-1.8612610901413973e-06,2412
8P14220,5,-1.8605771856528008e-06,2413
8N87351,5,-1.8527442193772004e-06,2414
8N05362,15,-1.8492049065343963e-06,2415
8651784,3,-1.8438939548559574e-06,2416
8M71085,5,-1.8433492847691468e-06,2417
8P14724,5,-1.8412881104268308e-06,2418
8M31862,4,-1.8169722557637158e-06,2419
8N27316,5,-1.798266659136516e-06,2420
8800441,4,-1.7627928912133939e-06,2421
8N14638,13,-1.7491352934939641e-06,2422
8N87804,14,-1.744401417980157e-06,2423
8N05866,11,-1.7225910369234043e-06,2424
8939097,10,-1.7069364588451208e-06,2425
8N87829,14,-1.7037449140389072e-06,2426
8168693,6,-1.6821359736240993e-06,2427
8N05197,13,-1.6751298801409575e-06,2428
8L30354,7,-1.6674889025125594e-06,2429
8N72694,11,-1.666658619114969e-06,2430
8N14956,5,-1.6600342291894776e-06,2431
8N87590,11,-1.6207484776487036e-06,2432
8N87913,13,-1.6127410660260466e-06,2433
8934062,5,-1.612336802736536e-06,2434
8M31293,5,-1.607188266916637e-06,2435
8747227,5,-1.6035914534029416e-06,2436
8681181,5,-1.5866420426391414e-06,2437
8N87995,3,-1.5656368645977636e-06,2438
8N72499,2,-1.565609053955086e-06,2439
8N14661,13,-1.5583256949280866e-06,2440
8730460,8,-1.5561221857751661e-06,2441
8N14733,3,-1.54537620744577e-06,2442
8N87369,4,-1.544985352097683e-06,2443
8M31627,4,-1.519349950740434e-06,2444
8943487,7,-1.51831638817157e-06,2445
8747010,8,-1.5116392617642305e-06,2446
8N06833,11,-1.5050996893251067e-06,2447
8N72918,13,-1.4930566578641447e-06,2448
8943488,7,-1.4896445463818964e-06,2449
8N06872,11,-1.4813765005783353e-06,2450
8N05134,12,-1.4773235363918502e-06,2451
8732681,4,-1.4716925420543703e-06,2452
8N13937,5,-1.4711160645219934e-06,2453
8L64169,3,-1.4683195104225888e-06,2454
8M72859,10,-1.4660217146911236e-06,2455
8N73616,14,-1.459932946090703e-06,2456
8N28016,9,-1.4300574946446432e-06,2457
8N87895,13,-1.4244982367017656e-06,2458
8730552,3,-1.4089392834648606e-06,2459
8981582,2,-1.4079421930546232e-06,2460
8P11569,14,-1.3990531151364394e-06,2461
8681292,7,-1.3943858050424751e-06,2462
8N87888,13,-1.3929397937317844e-06,2463
8934820,8,-1.3779293794868863e-06,2464
8981265,5,-1.3777448231167e-06,2465
8M71325,11,-1.3767584619017725e-06,2466
8N13976,5,-1.3652517623086169e-06,2467
8N05694,15,-1.33392762791118e-06,2468
8N06861,11,-1.327128273942435e-06,2469
8M72908,5,-1.322301088180211e-06,2470
8934890,7,-1.3203533661965139e-06,2471
8730421,4,-1.3164747993954506e-06,2472
8N06500,12,-1.3115156747289802e-06,2473
8857246,5,-1.2985597095394041e-06,2474
8N42787,5,-1.2906617286034816e-06,2475
8N73621,13,-1.2816064725029719e-06,2476
8M71086,5,-1.2810196921009265e-06,2477
8N27873,5,-1.2634978929781937e-06,2478
8M71100,5,-1.2605653978425835e-06,2479
8L52931,4,-1.2575231664868625e-06,2480
8N72438,8,-1.2326862588452059e-06,2481
8P14736,2,-1.2191875100597827e-06,2482
8730563,3,-1.2147544978802216e-06,2483
8L48478,4,-1.2118560590579364e-06,2484
8N42994,5,-1.1933836674415943e-06,2485
8N06877,11,-1.1930378249758178e-06,2486
8N87633,15,-1.1821373604448127e-06,2487
8N27361,5,-1.1691373060784827e-06,2488
8981036,4,-1.1660110308397975e-06,2489
8L89988,2,-1.1658461289698607e-06,2490
8887245,1,-1.15866727767866e-06,2491
8N72937,13,-1.158348162277889e-06,2492
8N13628,14,-1.1568888851343218e-06,2493
8L19860,10,-1.1561923685121656e-06,2494
8L89786,13,-1.1278784910473405e-06,2495
8887408,6,-1.1263070405220788e-06,2496
8L52426,5,-1.119317349917992e-06,2497
8N73689,13,-1.118255681831215e-06,2498
8N87066,5,-1.1044405994198314e-06,2499
8730447,1,-1.1012742504590278e-06,2500
8N73676,13,-1.0947692317131441e-06,2501
8309269,5,-1.0871299593873118e-06,2502
8N05174,12,-1.0841278026418877e-06,2503
8L89423,6,-1.0416251257083786e-06,2504
8P14937,14,-1.0407675006263162e-06,2505
8L48446,5,-1.0230588713966426e-06,2506
8L52389,11,-1.02070382013153e-06,2507
8P11549,14,-1.0119010198650358e-06,2508
8747882,1,-1.0022364449469023e-06,2509
8N28538,9,-9.869604902235096e-07,2510
8N28833,5,-9.855551752480096e-07,2511
8N87372,4,-9.703811093553227e-07,2512
8N27364,5,-9.67845053878591e-07,2513
8651883,4,-9.621883236832218e-07,2514
8M31625,4,-9.499312341176847e-07,2515
8981538,3,-9.434195362700848e-07,2516
8M71108,13,-9.392579158884473e-07,2517
8M71512,1,-9.366598541227233e-07,2518
8P11533,15,-9.358624168953611e-07,2519
8N87868,13,-9.207541893374582e-07,2520
8747144,2,-9.186914127212731e-07,2521
8N73436,11,-9.139921246514859e-07,2522
8N27123,7,-9.07138627326276e-07,2523
8N27339,4,-9.065719126510885e-07,2524
8N05210,12,-9.02965808791123e-07,2525
8N27891,6,-9.022728164609362e-07,2526
8939736,7,-8.933165904778662e-07,2527
8P14665,3,-8.892349683264911e-07,2528
8732602,7,-8.862715930035847e-07,2529
8732660,5,-8.679662641952746e-07,2530
8934333,6,-8.645705236176582e-07,2531
8L30759,11,-8.605638157632711e-07,2532
8732240,7,-8.579809787079284e-07,2533
8N06931,4,-8.453843349798262e-07,2534
8M31211,11,-8.285123840323649e-07,2535
8N13620,14,-8.278943965933649e-07,2536
8N05161,12,-8.242977749262081e-07,2537
8P14264,5,-8.173676917522243e-07,2538
8N13852,15,-8.14303021456908e-07,2539
8N73634,13,-8.06769023142806e-07,2540
8N87255,8,-8.019636617007109e-07,2541
8N87814,14,-7.971348168211989e-07,2542
8N13613,14,-7.911352781775349e-07,2543
8M31935,4,-7.880067300902738e-07,2544
8934855,4,-7.7691184685591e-07,2545
8N73944,12,-7.746704966393736e-07,2546
8N05613,14,-7.691162551282105e-07,2547
8N06837,11,-7.54561028770695e-07,2548
8L19569,3,-7.46744206026051e-07,2549
8L89254,4,-7.440698084337782e-07,2550
8747293,9,-7.415438858515699e-07,2551
8P11783,2,-7.37120075200437e-07,2552
8943083,4,-7.285120631195241e-07,2553
8M71352,12,-7.250590385865507e-07,2554
8N72920,13,-6.887522658871603e-07,2555
8M72969,5,-6.877007194816542e-07,2556
8P26540,2,-6.8689507770614e-07,2557
8N73471,11,-6.822220814939328e-07,2558
8L89734,4,-6.777138992219989e-07,2559
8L52231,3,-6.732281860877265e-07,2560
8939551,1,-6.682369928512344e-07,2561
8L89784,13,-6.6715217883484e-07,2562
8N42093,2,-6.633062241689913e-07,2563
8N13971,5,-6.580928033628197e-07,2564
8939370,7,-6.436550989974421e-07,2565
8P14972,14,-6.425451175573471e-07,2566
8L30900,11,-6.407499881788681e-07,2567
8M71307,6,-6.397073661901231e-07,2568
8800371,4,-6.388814313140756e-07,2569
8N14521,11,-6.123750608821865e-07,2570
8N05363,15,-6.104194483214087e-07,2571
8N72911,13,-6.024364722634346e-07,2572
8N87831,14,-5.945552743469307e-07,2573
8N73669,13,-5.618305749521824e-07,2574
8N73485,11,-5.570884855643499e-07,2575
8747300,8,-5.528157771550468e-07,2576
8N87557,11,-5.497941515386628e-07,2577
8N73462,11,-5.491367467413966e-07,2578
8N72686,11,-5.275778676150367e-07,2579
8N73677,13,-5.245800736020101e-07,2580
8P26541,2,-5.225010397680308e-07,2581
8L89995,3,-5.217357852416171e-07,2582
8N72684,11,-5.181476581128663e-07,2583
8934811,8,-4.664584540847727e-07,2584
8L57880,5,-4.4985155511767516e-07,2585
8N73933,12,-4.4795186227020167e-07,2586
8L30467,12,-4.457236713051316e-07,2587
8P14001,2,-4.3761235701822443e-07,2588
8L52357,11,-4.344028070590866e-07,2589
8N73937,12,-4.3060477850076495e-07,2590
8N87900,13,-4.1824648633337347e-07,2591
8L48780,11,-3.8820390102500824e-07,2592
8N73966,12,-3.6787574231311737e-07,2593
8M71089,5,-3.625222251280036e-07,2594
8N13853,15,-3.5789922492313053e-07,2595
8N14300,15,-3.573643141407956e-07,2596
8N14674,13,-3.4639640489331214e-07,2597
8309266,5,-3.30537375248241e-07,2598
8N05674,15,-3.2954856976630253e-07,2599
8N73653,13,-3.2527952953387285e-07,2600
8N73961,12,-3.1020931601233315e-07,2601
8M72562,11,-3.057595776567723e-07,2602
8887481,6,-3.0541866635758197e-07,2603
8N27880,6,-2.5108181489486014e-07,2604
8747993,8,-2.4636521089860253e-07,2605
8N06824,11,-2.447512770231697e-07,2606
8939341,7,-2.428348633287669e-07,2607
8L30765,12,-2.3508718172138288e-07,2608
8816963,2,-2.3364293610939058e-07,2609
8P14862,14,-2.267644987341555e-07,2610
8L89179,12,-2.2553294343197194e-07,2611
8747728,5,-2.1754709678134532e-07,2612
8981209,12,-2.1057931576251576e-07,2613
8939029,7,-2.0899778974126093e-07,2614
8747657,1,-2.066868489691842e-07,2615
8N27869,6,-1.8553635072748875e-07,2616
8N05211,12,-1.6854115614250986e-07,2617
8N87606,15,-1.6823355508677196e-07,2618
8N73985,12,-1.6192996099562151e-07,2619
8L19986,6,-1.4536179548940709e-07,2620
8N72260,2,-1.3359718309402524e-07,2621
8L89497,11,-1.308836061753027e-07,2622
8P11997,6,-1.2572701280078036e-07,2623
8934354,6,-1.1837943247883231e-07,2624
8N42259,5,-1.0289579677191796e-07,2625
8N73957,12,-1.0222737500953372e-07,2626
8N73050,4,-7.787614464405124e-08,2627
8M72649,4,-6.870938307201868e-08,2628
8N14286,15,-6.569107280363085e-08,2629
8981923,2,-6.0084058617349e-08,2630
8L52321,12,-5.8988675277760194e-08,2631
8939197,5,-4.064156655658735e-08,2632
8L30185,12,-1.776743374648504e-08,2633
8N13139,14,-1.4350234778248705e-08,2634
8N05251,13,-1.0028514907389763e-08,2635
8N27139,7,1.5918999451969285e-08,2636
8N27097,8,2.0482232798713085e-08,2637
8L19974,5,2.497229445452831e-08,2638
8N14064,6,4.81992969980638e-08,2639
8N27892,6,7.594570661240141e-08,2640
8L89634,5,9.886710472528648e-08,2641
8P14817,15,1.0055941856990103e-07,2642
8L30772,12,1.0588659904442466e-07,2643
8747553,10,1.0986394727297011e-07,2644
8L64903,5,1.252777792615234e-07,2645
8N05154,12,1.2609007171704434e-07,2646
8N13687,13,1.2874015453689935e-07,2647
8N87554,11,1.3033564982833923e-07,2648
8L52387,11,1.3374996399306838e-07,2649
8N72697,11,1.481272420278401e-07,2650
8P11400,14,1.622062768547039e-07,2651
8P14810,15,1.7101449145684455e-07,2652
8939339,7,1.8443387261868338e-07,2653
8L19856,4,2.0085206031694725e-07,2654
8P11540,15,2.0566102421071264e-07,2655
8L89538,5,2.0779075526888846e-07,2656
8747375,3,2.123215381288901e-07,2657
8934283,7,2.1398625449364772e-07,2658
8747654,1,2.40584427046997e-07,2659
8L30388,3,2.443557605147362e-07,2660
8N73224,12,2.513249062197076e-07,2661
8N42502,5,2.5582976093119214e-07,2662
8747497,3,2.879777625253155e-07,2663
8N87919,13,3.0469339762362324e-07,2664
8L89314,9,3.0788828553340863e-07,2665
8800405,5,3.1031026992422994e-07,2666
8800353,5,3.1406230505126587e-07,2667
8L30784,5,3.17268444405272e-07,2668
8794375,4,3.3776811392272066e-07,2669
8981860,8,3.511394933708445e-07,2670
8N87948,13,3.5134365816702484e-07,2671
8L57981,13,3.577585232505953e-07,2672
8N06821,11,3.654824016763314e-07,2673
8N05163,12,3.706766165123554e-07,2674
8747862,9,4.1995738087052814e-07,2675
8917961,8,4.2364683849882567e-07,2676
8N27921,4,4.243369176037959e-07,2677
8P14963,14,4.3942215199876955e-07,2678
8N73995,12,4.5410804361267765e-07,2679
8N42536,4,4.604765280191714e-07,2680
8M31820,12,4.902340151602402e-07,2681
8N87805,14,5.070882451718717e-07,2682
8939442,3,5.076254865343799e-07,2683
8P11546,14,5.388398012229345e-07,2684
8857233,6,5.526624136109604e-07,2685
8934497,4,5.592807781340525e-07,2686
8L48735,11,5.640974904963514e-07,2687
8L19932,10,5.677755012811758e-07,2688
8N87899,13,5.705522312382527e-07,2689
8732211,5,5.711590347345918e-07,2690
8939124,4,5.757268866091181e-07,2691
8L52398,12,5.886030010060495e-07,2692
8M31997,1,5.888633296535772e-07,2693
8N14681,13,6.062197144274251e-07,2694
8N06491,12,6.1930846584346e-07,2695
8681469,5,6.438860626900578e-07,2696
8N28115,6,6.691859937291156e-07,2697
8N05446,6,6.752882768523705e-07,2698
8P14342,15,6.755382742085203e-07,2699
8N13655,13,6.760608783906719e-07,2700
8N73449,11,6.861281427461563e-07,2701
8N14231,4,6.865170405490062e-07,2702
8N87870,13,6.895214994528942e-07,2703
8N73905,11,6.908541863026585e-07,2704
8N05229,12,7.016668632786605e-07,2705
8934860,8,7.246647442116227e-07,2706
8M72934,5,7.322657609165617e-07,2707
8N06843,11,7.323527881908376e-07,2708
8681317,5,7.327067237383744e-07,2709
8N72257,2,7.342831835899233e-07,2710
8887373,4,7.343134029724752e-07,2711
8L89312,9,7.493896418964141e-07,2712
8N87556,11,7.616921493536211e-07,2713
8L89714,4,7.654972336013088e-07,2714
8N13683,13,7.683161697968899e-07,2715
8P11523,14,7.752346107281483e-07,2716
8N13855,15,7.839840492351868e-07,2717
8537761,1,7.892483040450315e-07,2718
8N13622,14,8.020520425588984e-07,2719
8939906,11,8.021664541502105e-07,2720
8L57876,5,8.034586045368997e-07,2721
8M31288,5,8.267144764317891e-07,2722
8P14845,14,8.490643494951655e-07,2723
8800470,5,8.625932537142944e-07,2724
8N72130,9,8.650862248771318e-07,2725
8N28418,4,8.769940222919104e-07,2726
8N28795,14,8.788553458316528e-07,2727
8747563,5,8.952266288275723e-07,2728
8N72685,11,8.961894195635978e-07,2729
8L89755,5,9.074102180761656e-07,2730
8N87631,15,9.084485554922139e-07,2731
8N73984,12,9.096114492734841e-07,2732
8N06871,11,9.22801717706534e-07,2733
8N14115,5,9.28192548599327e-07,2734
8N28773,5,9.295527547692473e-07,2735
8L89845,5,9.491467274358456e-07,2736
8N05207,12,9.632755109123536e-07,2737
8N73197,15,9.677118733009138e-07,2738
8M71310,5,9.72721636571805e-07,2739
8L30001,10,9.933485358715188e-07,2740
8681057,6,9.9455751012556e-07,2741
8N87896,13,9.968322274289676e-07,2742
8M72792,6,1.006415175197617e-06,2743
8N14598,11,1.0073587120018601e-06,2744
8N14105,4,1.0085711039664602e-06,2745
8800035,5,1.0313531362271533e-06,2746
8981806,5,1.0381783681623347e-06,2747
8939519,4,1.0494208311229158e-06,2748
8794342,9,1.056772248375637e-06,2749
8747309,8,1.0571045834240067e-06,2750
8887279,5,1.0613145775550947e-06,2751
8N73467,11,1.071314073897156e-06,2752
8981850,6,1.0735359694535873e-06,2753
8N05607,14,1.1050668575762757e-06,2754
8N87987,13,1.1087069822224294e-06,2755
8794302,5,1.1333406462199491e-06,2756
8P14793,4,1.1409185844968306e-06,2757
8N13670,13,1.1439358900133811e-06,2758
8M71398,12,1.1643823256690666e-06,2759
8981095,11,1.1655986815739539e-06,2760
8N87548,11,1.1852846455440158e-06,2761
8N28849,5,1.1870881735376315e-06,2762
8M72951,4,1.2024596571791335e-06,2763
8N72909,13,1.2103375013339246e-06,2764
8747884,1,1.2105824112040864e-06,2765
8N28483,2,1.210852474287094e-06,2766
8M71238,6,1.2130634843288135e-06,2767
8N13640,14,1.2140731016074824e-06,2768
8887422,3,1.2167216425496008e-06,2769
8651979,5,1.2212565394520425e-06,2770
8N73211,12,1.2610673252311244e-06,2771
8681052,4,1.2657194474741118e-06,2772
8N73667,13,1.2813849110671072e-06,2773
8857101,7,1.2962627806700766e-06,2774
8N06395,4,1.2988805337954545e-06,2775
8L89725,4,1.3003316610138427e-06,2776
8P26580,8,1.3037939936566545e-06,2777
8L57872,8,1.3117215758029488e-06,2778
8M31771,11,1.3295116332301404e-06,2779
8N73994,12,1.343761084626749e-06,2780
8800147,9,1.3834075360819043e-06,2781
8N05880,11,1.3879960079066223e-06,2782
8M31253,8,1.3896552104597504e-06,2783
8N27408,7,1.4022847381056636e-06,2784
8N87938,13,1.4174317186643748e-06,2785
8N73304,15,1.422299760633905e-06,2786
8N73818,5,1.4387628652912099e-06,2787
8L89508,5,1.4531912455595375e-06,2788
8N87971,13,1.4562506294168998e-06,2789
8N06684,14,1.4584954612928414e-06,2790
8N87211,6,1.4600589111068984e-06,2791
8730554,3,1.4793363902754209e-06,2792
8L89355,5,1.4849709017994428e-06,2793
8N06830,11,1.4866695323689783e-06,2794
8N14570,11,1.489440137447673e-06,2795
8N05860,11,1.497008998541105e-06,2796
8P14956,14,1.5006001747863706e-06,2797
8N06581,4,1.5179255488106946e-06,2798
8681002,4,1.5218251974147279e-06,2799
8N27083,14,1.5568554374567611e-06,2800
8N87849,14,1.5749238571061142e-06,2801
8N73611,14,1.5810250033609918e-06,2802
8P26193,5,1.5870146796714835e-06,2803
8N42931,5,1.5888842881395249e-06,2804
8800042,4,1.5919687115228953e-06,2805
8L89550,12,1.6093725854204877e-06,2806
8N73218,12,1.6188336360301037e-06,2807
8M71322,5,1.6389991799314885e-06,2808
8L48474,4,1.641896432147405e-06,2809
8N06880,11,1.664132383893957e-06,2810
8M72749,1,1.686540009870896e-06,2811
8573896,5,1.6961437836471305e-06,2812
8N73443,11,1.6988758630986922e-06,2813
8L64869,11,1.6994826843585997e-06,2814
8N73664,13,1.7025587339958292e-06,2815
8934801,6,1.7050967642262549e-06,2816
8N73691,13,1.7077447864721762e-06,2817
8P14865,15,1.7136064016654018e-06,2818
8N73976,12,1.7152923419416766e-06,2819
8N05270,13,1.7238249370166159e-06,2820
8N87552,11,1.7244171033325983e-06,2821
8N42154,9,1.732498049022979e-06,2822
8M71092,5,1.7410155805919203e-06,2823
8M71105,13,1.7529064280097373e-06,2824
8N05125,12,1.7611159961461453e-06,2825
8981336,11,1.7662237041804474e-06,2826
8N06848,11,1.771247532644793e-06,2827
8L64681,12,1.7774742353537931e-06,2828
8N05234,12,1.784869567700298e-06,2829
8P26518,9,1.797309536755165e-06,2830
8P14762,4,1.7973685544347973e-06,2831
8N06528,4,1.7993158962781308e-06,2832
8537774,7,1.843751817887096e-06,2833
8N73182,15,1.8584373719932046e-06,2834
8P11562,14,1.8648333082182944e-06,2835
8N87850,14,1.8764507672131003e-06,2836
8M31872,5,1.8869735640691943e-06,2837
8N05289,13,1.888074677935947e-06,2838
8N87922,13,1.8901064322562888e-06,2839
8N87809,14,1.897515630844282e-06,2840
8N87274,8,1.902175434054243e-06,2841
8732288,5,1.9032515083949875e-06,2842
8N14660,13,1.9104238511147287e-06,2843
8800134,9,1.9137105908839658e-06,2844
8N14347,15,1.9152915342601773e-06,2845
8N72942,13,1.926312762634552e-06,2846
8N05198,13,1.9271564610789937e-06,2847
8P26682,7,1.9422253103584808e-06,2848
8N13648,14,1.9425766595304594e-06,2849
8M72990,4,1.9440754464028487e-06,2850
8730462,8,1.9532305941538652e-06,2851
8747088,3,1.9617371833646757e-06,2852
8981720,4,1.962848422465413e-06,2853
8N28684,5,1.966125594776713e-06,2854
8N87162,10,1.985954781957844e-06,2855
8L64916,4,1.989301722460368e-06,2856
8L89412,5,2.006293222223121e-06,2857
8681466,5,2.0181311697342608e-06,2858
8N73671,13,2.048805225030037e-06,2859
8N13672,13,2.0618803304728317e-06,2860
8P14960,14,2.0749901423755546e-06,2861
8P14642,9,2.1015087838804902e-06,2862
8681062,9,2.103704105138604e-06,2863
8N73934,12,2.1343763307868358e-06,2864
8N14520,11,2.1609695295410347e-06,2865
8P14948,14,2.165612174920284e-06,2866
8P14990,14,2.1766621749463866e-06,2867
8P14965,14,2.1892149675295514e-06,2868
8N06295,9,2.1910201155606046e-06,2869
8L52212,5,2.1929385933816548e-06,2870
8L89244,6,2.202596633082976e-06,2871
8M31484,5,2.2166487596564366e-06,2872
8L19979,5,2.2178008975970442e-06,2873
8N14692,13,2.2196288114173512e-06,2874
8P14848,14,2.220473689362734e-06,2875
8L89723,4,2.2209256371752417e-06,2876
8M31483,5,2.2380082214112917e-06,2877
8M31921,12,2.248950636385416e-06,2878
8981310,3,2.2495440532566136e-06,2879
8N73031,10,2.257562815688452e-06,2880
8N72935,13,2.2616229244931674e-06,2881
8934219,4,2.274715129146898e-06,2882
8N72639,2,2.2946271727164458e-06,2883
8N05225,12,2.30046141780349e-06,2884
8M31342,1,2.3019901291831957e-06,2885
8P11257,9,2.314005385528617e-06,2886
8N14536,11,2.317848177391113e-06,2887
8N27424,4,2.320244277598249e-06,2888
8887267,6,2.322732399306915e-06,2889
8N42256,5,2.3245386273629265e-06,2890
8N06879,11,2.3263951192120658e-06,2891
8N73925,11,2.352711021558207e-06,2892
8887232,5,2.3635170123270655e-06,2893
8N14957,5,2.364756511497035e-06,2894
8N87817,14,2.3682012582071366e-06,2895
8681355,5,2.371518689869845e-06,2896
8981725,7,2.373601354577204e-06,2897
8P14136,7,2.377666575625881e-06,2898
8N05216,12,2.3785920859609178e-06,2899
8N06689,14,2.3798024244570115e-06,2900
8N14646,13,2.3970955282948125e-06,2901
8N28220,2,2.411228098964102e-06,2902
8N05625,14,2.4146061292640297e-06,2903
8L89337,5,2.41961612346131e-06,2904
8943803,10,2.4225856805060175e-06,2905
8L64836,8,2.441354617133129e-06,2906
8N72903,13,2.4430026002164595e-06,2907
8N74000,14,2.4570423242664674e-06,2908
8L64400,7,2.474871394042566e-06,2909
8N72933,13,2.477124439792533e-06,2910
8747374,3,2.480153320050249e-06,2911
8N42424,14,2.485150389475166e-06,2912
8M71513,1,2.492404007625737e-06,2913
8L19987,4,2.494474983905093e-06,2914
8P26401,5,2.5124391953568193e-06,2915
8800021,5,2.522385628367374e-06,2916
8N06781,4,2.5305829112198808e-06,2917
8N87864,14,2.5356027002487735e-06,2918
8N13634,14,2.5405894348295988e-06,2919
8L89395,4,2.55749158384333e-06,2920
8N28339,2,2.560984839306002e-06,2921
8N87358,4,2.580817131558888e-06,2922
8N14189,5,2.5911992196370193e-06,2923
8981038,10,2.6040670935145727e-06,2924
8N05250,13,2.6057722095629288e-06,2925
8L19540,3,2.6097775247535537e-06,2926
8L19596,2,2.6116080746874104e-06,2927
8N06870,11,2.6131711123866808e-06,2928
8N06829,11,2.6163180564253707e-06,2929
8N87954,13,2.6300609903273653e-06,2930
8N73227,12,2.6548093714495735e-06,2931
8P11325,4,2.6649793198885163e-06,2932
8N72904,13,2.6713013667745145e-06,2933
8M31084,2,2.679355446844056e-06,2934
8N14669,13,2.6814814759745786e-06,2935
8N05193,13,2.6934977199744026e-06,2936
8857220,5,2.6940818855791804e-06,2937
8M31526,4,2.694435124794836e-06,2938
8M71367,12,2.6957140448757855e-06,2939
8L89119,13,2.7161897833138937e-06,2940
8N14603,13,2.7217394062972744e-06,2941
8N73609,14,2.7240335214173683e-06,2942
8N27348,8,2.7267653308626905e-06,2943
8M31542,6,2.7304820946483233e-06,2944
8N06435,2,2.7319124171754083e-06,2945
8N14682,13,2.7425500128686053e-06,2946
8N05139,12,2.747193803998016e-06,2947
8681132,5,2.752144126816347e-06,2948
8P11871,14,2.7627314693745575e-06,2949
8L19900,6,2.7767828498781455e-06,2950
8N27886,2,2.7837724729806723e-06,2951
8N06873,11,2.787041850638161e-06,2952
8N73909,11,2.7946399399070287e-06,2953
8N06892,11,2.801319567424798e-06,2954
8N14718,3,2.802921798661373e-06,2955
8M71277,4,2.813479813568165e-06,2956
8N14621,13,2.8334676471786224e-06,2957
8P14173,1,2.8342782343315776e-06,2958
8939603,5,2.8411123196292465e-06,2959
8L48602,5,2.855931256817712e-06,2960
8N28945,2,2.87472244053788e-06,2961
8P11547,14,2.8750508391794938e-06,2962
8730987,4,2.88065882614319e-06,2963
8P14961,14,2.889923976567843e-06,2964
8P14981,14,2.8930896860401845e-06,2965
8N13090,14,2.905125114693874e-06,2966
8981825,7,2.905372511463611e-06,2967
8L30260,5,2.920034633646651e-06,2968
8N73876,5,2.9207591865088034e-06,2969
8N06856,11,2.9222049491295365e-06,2970
8L89259,4,2.931777032699756e-06,2971
8168661,1,2.9392632541203056e-06,2972
8M71299,6,2.947485029380914e-06,2973
8N13601,14,2.949743126201554e-06,2974
8M31503,4,2.958939418817863e-06,2975
8N87923,13,2.9647712835867424e-06,2976
8887346,5,2.9655136017936456e-06,2977
8L19559,8,2.9665257770261633e-06,2978
8N73483,11,2.9805057693010895e-06,2979
8N42209,2,2.9971986919008486e-06,2980
8943053,9,3.0327925060191774e-06,2981
8N73906,11,3.032998563412548e-06,2982
8P14875,14,3.0357633420408092e-06,2983
8N73500,12,3.044405389118765e-06,2984
8L64148,2,3.048088302648466e-06,2985
8N05652,11,3.095204320402445e-06,2986
8P11522,14,3.1114626399819656e-06,2987
8M31147,11,3.113408411081764e-06,2988
8N05659,13,3.114648976065837e-06,2989
8L48323,4,3.1180461519397795e-06,2990
8M71451,13,3.120296161895908e-06,2991
8N05898,11,3.126962710098269e-06,2992
8N73466,11,3.1433127531954597e-06,2993
8N87891,13,3.1536152960143227e-06,2994
8800075,5,3.1569702514389064e-06,2995
8800615,5,3.175200021132696e-06,2996
8L89387,5,3.182239282750743e-06,2997
8N06838,11,3.183541267048895e-06,2998
8N14296,15,3.1905767645667993e-06,2999
8N73940,12,3.197717589387139e-06,3000
8N06695,14,3.1984245083549467e-06,3001
8N72669,4,3.2063607662280447e-06,3002
8732579,7,3.211073590136948e-06,3003
8N73521,5,3.22226992111041e-06,3004
8934266,7,3.236206026713262e-06,3005
8N87951,13,3.2376501906128397e-06,3006
8866754,5,3.2524291952995554e-06,3007
8N13567,2,3.2597247354715364e-06,3008
8N05278,13,3.259736871541463e-06,3009
8M31126,2,3.267857778155303e-06,3010
8732666,2,3.2685396718079573e-06,3011
8800025,5,3.3007606639046116e-06,3012
8651790,2,3.3104726071542245e-06,3013
8L52360,11,3.3169312558811725e-06,3014
8N72949,13,3.3229567861781106e-06,3015
8N05240,13,3.3290240821770567e-06,3016
8N42063,9,3.3327576218766808e-06,3017
8N28440,8,3.338299364941122e-06,3018
8N06881,11,3.350928430734257e-06,3019
8N27177,5,3.367571238754863e-06,3020
8P14806,14,3.367864138681398e-06,3021
8L57729,3,3.371089359660573e-06,3022
8N14575,11,3.383912826393498e-06,3023
8M31468,5,3.3902218419257224e-06,3024
8N87517,11,3.4009989349215175e-06,3025
8P14822,15,3.4011322611604555e-06,3026
8N13629,14,3.4020745189877744e-06,3027
8747487,9,3.4082947948377296e-06,3028
8681183,4,3.4237106518730798e-06,3029
8934285,7,3.427810135292475e-06,3030
8N27474,2,3.439410433792034e-06,3031
8N73249,14,3.443914835088435e-06,3032
8N05619,14,3.455823559761484e-06,3033
8681053,4,3.458145990009598e-06,3034
8M31973,5,3.462033859591429e-06,3035
8M71514,1,3.4706461349287565e-06,3036
8747955,9,3.479999183042537e-06,3037
8309173,5,3.5099184287901153e-06,3038
8747878,1,3.510662224925909e-06,3039
8P14574,2,3.5177330062197143e-06,3040
8M71295,6,3.5234358790603437e-06,3041
8934095,4,3.532662748995108e-06,3042
8681024,5,3.5375929030578845e-06,3043
8M72002,8,3.538205220365853e-06,3044
8N05983,14,3.5386512422519445e-06,3045
8N05157,12,3.5483565541394313e-06,3046
8857243,5,3.5605606001354317e-06,3047
8P14401,5,3.5694821178822167e-06,3048
8L48757,11,3.5869428920420887e-06,3049
8N05012,4,3.5949686534308967e-06,3050
8N27449,6,3.5976127321646345e-06,3051
8904440,11,3.5982302577508563e-06,3052
8P11552,14,3.6048401028665467e-06,3053
8681472,3,3.612316703538454e-06,3054
8N13632,14,3.6135602812237266e-06,3055
8N13097,14,3.6196878738792293e-06,3056
8730564,3,3.6203196103201662e-06,3057
8981804,5,3.6239050302810938e-06,3058
8L49930,1,3.627749144641257e-06,3059
8N06296,9,3.628005629252584e-06,3060
8N05153,12,3.6331013575363613e-06,3061
8800199,5,3.656741853319545e-06,3062
8N27901,3,3.6603520072731044e-06,3063
8L64266,3,3.668418798952189e-06,3064
8N05169,14,3.6712885300715925e-06,3065
8887283,5,3.6864038048811665e-06,3066
8N87541,11,3.6877771201204723e-06,3067
8N13286,9,3.690442369475022e-06,3068
8N87626,15,3.7131570933546243e-06,3069
8668482,4,3.716458407465595e-06,3070
8N42126,6,3.7229552374284935e-06,3071
8N06476,12,3.726383745572548e-06,3072
8N05712,5,3.7457047881161998e-06,3073
8L64397,3,3.7612373091633344e-06,3074
8L89269,5,3.7648386523869704e-06,3075
8857226,6,3.7755643802483974e-06,3076
8N14792,6,3.7889116502043407e-06,3077
8N14953,6,3.7904710694647292e-06,3078
8800537,10,3.8050826702829e-06,3079
8N13694,13,3.805486993968543e-06,3080
8N73225,12,3.805487139629804e-06,3081
8732654,5,3.821019930683178e-06,3082
8800023,5,3.821959779770623e-06,3083
8857407,5,3.823758959242696e-06,3084
8866718,4,3.824508159055995e-06,3085
8N14353,15,3.8278865304164356e-06,3086
8L52552,4,3.834429747939794e-06,3087
8L30777,12,3.843784860180222e-06,3088
8L64212,5,3.846279795993723e-06,3089
8N28799,1,3.852397298942378e-06,3090
8P14561,8,3.875959436072662e-06,3091
8L30764,12,3.883861315993886e-06,3092
8N73310,15,3.915304318979906e-06,3093
8N27918,2,3.920334762597122e-06,3094
8M72574,11,3.930581215172424e-06,3095
8732690,5,3.942554585023572e-06,3096
8934241,9,3.9482584099914675e-06,3097
8L89388,5,3.955992610826797e-06,3098
8P14858,14,3.956399563520563e-06,3099
8N05126,12,3.981672932695801e-06,3100
8L89689,4,3.99080181523459e-06,3101
8N87338,4,4.014392516182852e-06,3102
8N14106,4,4.0336570634735835e-06,3103
8P14870,14,4.03677024252147e-06,3104
8816932,4,4.038010996687547e-06,3105
8N87523,11,4.045332616442465e-06,3106
8N73519,5,4.067480290359526e-06,3107
8309218,13,4.072452028935913e-06,3108
8N06696,14,4.07355533837972e-06,3109
8M31360,5,4.0793621884915865e-06,3110
8N06580,4,4.09046063509777e-06,3111
8800550,5,4.100814775753747e-06,3112
8N72901,13,4.114249612996446e-06,3113
8M31769,11,4.126762235046044e-06,3114
8732605,9,4.146157234430348e-06,3115
8P11518,14,4.15066896408689e-06,3116
8N13661,13,4.15659561525672e-06,3117
8N73404,4,4.157933336301767e-06,3118
8N06869,11,4.160817638876324e-06,3119
8800160,9,4.171978716271951e-06,3120
8P14337,14,4.180592451774601e-06,3121
8747554,5,4.18674362911986e-06,3122
8L52381,11,4.194040926108755e-06,3123
8N14672,13,4.204600145385484e-06,3124
8N13607,14,4.207701948644171e-06,3125
8M72584,11,4.2200771339651055e-06,3126
8N14685,13,4.227702874004535e-06,3127
8N14935,5,4.231662160236738e-06,3128
8N87929,13,4.238092941477589e-06,3129
8L64922,10,4.238215296936687e-06,3130
8N73431,11,4.242161793399646e-06,3131
8N28776,5,4.25914686275064e-06,3132
8N13113,14,4.259811703377636e-06,3133
8N06460,8,4.279017389308137e-06,3134
8P11319,4,4.282731566718212e-06,3135
8N14089,5,4.282849175751835e-06,3136
8N05238,13,4.286751600801608e-06,3137
8N87562,11,4.305654726977082e-06,3138
8N73488,11,4.31023730840252e-06,3139
8N87543,11,4.310737622859051e-06,3140
8M71503,4,4.321926326156245e-06,3141
8747182,2,4.328437086087433e-06,3142
8L19937,5,4.3343557791786225e-06,3143
8N14688,13,4.334852615528462e-06,3144
8N73430,11,4.336058289311495e-06,3145
8M71378,12,4.337118468811241e-06,3146
8M71296,5,4.352822301711967e-06,3147
8M71306,6,4.373758397235861e-06,3148
8P11748,7,4.384086530251352e-06,3149
8N28349,2,4.384145825042651e-06,3150
8681324,7,4.393899416754721e-06,3151
8934400,1,4.3940036675849115e-06,3152
8L19944,7,4.4007075103991156e-06,3153
8N28026,9,4.4199569855241094e-06,3154
8N14551,11,4.434393929386715e-06,3155
8L57791,8,4.448539129953133e-06,3156
8P11544,14,4.463975386670427e-06,3157
8N87625,15,4.4680009239073115e-06,3158
8P14849,14,4.468386890721376e-06,3159
8L52591,7,4.47065406206093e-06,3160
8939933,11,4.477719841133876e-06,3161
8L52391,12,4.509109597705674e-06,3162
8N14619,13,4.52235515524535e-06,3163
8N87054,5,4.546558557194658e-06,3164
8934514,2,4.56680305660484e-06,3165
8N28686,5,4.568544266447816e-06,3166
8981268,5,4.579462530074352e-06,3167
8P14867,15,4.590900573475665e-06,3168
8N87838,14,4.591556432842481e-06,3169
8P14829,5,4.5944128848063315e-06,3170
8M31291,5,4.5963550416860954e-06,3171
8L64157,2,4.600550603583997e-06,3172
8N28428,2,4.621163895990321e-06,3173
8N05750,4,4.6291762032524275e-06,3174
8N05266,13,4.657992136003486e-06,3175
8N73661,13,4.662098149310623e-06,3176
8681201,9,4.662475801886501e-06,3177
8M71873,5,4.663496447676607e-06,3178
8747281,3,4.664290891298606e-06,3179
8943106,10,4.665025137740031e-06,3180
8981009,5,4.675337891058007e-06,3181
8800428,5,4.702255324673388e-06,3182
8N14111,5,4.711342171503929e-06,3183
8L89003,14,4.741698433008423e-06,3184
8N13915,8,4.746008698930382e-06,3185
8857205,5,4.786062014261461e-06,3186
8N27773,9,4.792344846293872e-06,3187
8N27956,5,4.79562339705808e-06,3188
8L64856,3,4.800177208608147e-06,3189
8L57789,3,4.804464765584271e-06,3190
8N14586,11,4.8127031959666056e-06,3191
8N73240,12,4.825940997932321e-06,3192
8N27072,14,4.836224604787276e-06,3193
8N42654,7,4.846181141715533e-06,3194
8N06466,12,4.861105679765387e-06,3195
8N87928,13,4.866261292590934e-06,3196
8N72948,13,4.8669465613215834e-06,3197
8P11563,14,4.872228657859523e-06,3198
8N06878,11,4.872763469165875e-06,3199
8N73687,13,4.880874257651158e-06,3200
8L89386,5,4.883002844735529e-06,3201
8N14537,11,4.897532434711138e-06,3202
8794326,9,4.913337704692822e-06,3203
8816456,6,4.914041952019943e-06,3204
8N72929,13,4.915291526685905e-06,3205
8N72736,4,4.920067077307522e-06,3206
8N27409,10,4.930092263322194e-06,3207
8N87535,11,4.9449723604766405e-06,3208
8N05877,11,4.953302585875008e-06,3209
8L64093,12,4.955562644681777e-06,3210
8N73962,12,4.980628602879733e-06,3211
8800038,5,4.985267707979801e-06,3212
8N13860,15,4.990600473320228e-06,3213
8N87587,11,4.993418610155231e-06,3214
8N06700,14,4.9991728410248015e-06,3215
8M31591,5,5.012483676125612e-06,3216
8N87589,11,5.013460771863265e-06,3217
8M31968,5,5.016122969436765e-06,3218
8N06855,11,5.032301846341625e-06,3219
8N27067,14,5.057290138665849e-06,3220
8N05678,15,5.064097067020157e-06,3221
8L89753,5,5.064229355866701e-06,3222
8N06292,2,5.06705310954203e-06,3223
8N05957,14,5.094254863280412e-06,3224
8N13646,14,5.101779720462218e-06,3225
8N05614,14,5.110983753553455e-06,3226
8816455,6,5.1172386825726335e-06,3227
8939521,4,5.121302933730476e-06,3228
8N28947,9,5.129339641030128e-06,3229
8N13679,13,5.137734987670228e-06,3230
8N73986,12,5.145918663629345e-06,3231
8N13611,14,5.149207254362409e-06,3232
8M72884,4,5.15044330740011e-06,3233
8L19977,5,5.154301973675501e-06,3234
8N14611,13,5.1559456579752805e-06,3235
8P11874,14,5.158876206223795e-06,3236
8N87887,13,5.16015632001654e-06,3237
8732247,4,5.1629446922163424e-06,3238
8N05884,11,5.16313374987476e-06,3239
8N14051,6,5.171703662654181e-06,3240
8N14563,11,5.175070484142452e-06,3241
8N87573,11,5.1837624539530225e-06,3242
8M71493,13,5.188059162719583e-06,3243
8M31804,12,5.206829996495799e-06,3244
8N14601,13,5.2082536967645865e-06,3245
8P11326,4,5.2178866098984145e-06,3246
8N87586,11,5.226920222867193e-06,3247
8L30352,7,5.230834759117897e-06,3248
8M31969,5,5.243910207397562e-06,3249
8N27084,14,5.24933057022281e-06,3250
8N14568,11,5.26321517213546e-06,3251
8M71866,5,5.271780594284792e-06,3252
8N87943,13,5.275084475897529e-06,3253
8981046,12,5.284014719109109e-06,3254
8N73991,12,5.2930641061266215e-06,3255
8N73675,13,5.312879387986413e-06,3256
8N05696,15,5.313701080922328e-06,3257
8N05825,4,5.320486579307726e-06,3258
8L89894,4,5.336929461918771e-06,3259
8N14677,13,5.339666913961594e-06,3260
8M72867,6,5.34426378351327e-06,3261
8N05105,12,5.350138991389031e-06,3262
8L19931,10,5.350280503080285e-06,3263
8P11570,14,5.3631045489055396e-06,3264
8M72544,11,5.363863039065109e-06,3265
8N05231,12,5.367815759882433e-06,3266
8681477,3,5.385455592143984e-06,3267
8L30847,5,5.3900324132882815e-06,3268
8N06876,11,5.39044762604135e-06,3269
8N72040,3,5.394847107709211e-06,3270
8934375,5,5.398801008027476e-06,3271
8L52551,4,5.413782844243542e-06,3272
8M71201,6,5.422403489774297e-06,3273
8747900,5,5.4233541106896155e-06,3274
8N73908,11,5.429004730217457e-06,3275
8887335,4,5.480721199546679e-06,3276
8L30848,3,5.486382384845001e-06,3277
8L89637,5,5.491789806910674e-06,3278
8L30485,12,5.491917534072854e-06,3279
8N73208,12,5.49984605413556e-06,3280
8N14579,11,5.510939800501546e-06,3281
8N06675,14,5.513660141787113e-06,3282
8168768,5,5.5184719940371e-06,3283
8800094,6,5.520135744063737e-06,3284
8N42442,14,5.521839064215328e-06,3285
8N28316,9,5.5257455358059815e-06,3286
8P11535,15,5.541100118300335e-06,3287
8N87568,11,5.542318376683397e-06,3288
8N27082,14,5.5534969511938925e-06,3289
8L64825,2,5.5564380545547465e-06,3290
8N73943,12,5.568709184444742e-06,3291
8L89804,10,5.577796969191695e-06,3292
8N13668,13,5.578981308929087e-06,3293
8N87984,13,5.579484707141091e-06,3294
8651911,7,5.5797337517038414e-06,3295
8N72910,13,5.5860691148268415e-06,3296
8681331,7,5.595783193257375e-06,3297
8M31509,4,5.5977357931169536e-06,3298
8L30286,5,5.6009013192359625e-06,3299
8N14620,13,5.6217235169242485e-06,3300
8N87566,11,5.636257498053965e-06,3301
8732298,8,5.641237500242369e-06,3302
8L30631,12,5.671157090603174e-06,3303
8N73495,12,5.678649500850952e-06,3304
8N87253,8,5.697069184407155e-06,3305
8N13678,13,5.705709007486348e-06,3306
8N73910,11,5.711109167805262e-06,3307
8N87867,13,5.7270352726845886e-06,3308
8L19568,3,5.728064763843577e-06,3309
8747573,9,5.75330925300932e-06,3310
8N05858,11,5.759475158129135e-06,3311
8N14519,11,5.762711929868658e-06,3312
8M31717,6,5.768814347106854e-06,3313
8747809,4,5.79251488375121e-06,3314
8N73632,13,5.800024954538685e-06,3315
8N42061,8,5.814410684479299e-06,3316
8857730,5,5.815075695636551e-06,3317
8L89709,4,5.827346939213385e-06,3318
8N27414,5,5.8584142550444085e-06,3319
8N87241,5,5.858831684690813e-06,3320
8L30459,12,5.860786256306483e-06,3321
8730953,3,5.887664315196162e-06,3322
8N73699,13,5.888618609617424e-06,3323
8N13440,2,5.891767727916886e-06,3324
8N87569,11,5.908000048293616e-06,3325
8N87216,2,5.908572816792912e-06,3326
8L48438,5,5.91243326653057e-06,3327
8N28209,2,5.921152634869031e-06,3328
8730459,8,5.921637125538837e-06,3329
8747599,8,5.925551988639199e-06,3330
8N73195,15,5.9408806043492746e-06,3331
8N87141,2,5.943493597726501e-06,3332
8981331,11,5.953499936595108e-06,3333
8P11393,14,5.955622782494174e-06,3334
8N27259,5,5.958621635215877e-06,3335
8981972,2,5.969537824057625e-06,3336
8N28714,9,5.982860670883383e-06,3337
8981807,5,5.983951908206109e-06,3338
8N87859,14,5.9979362632134325e-06,3339
8L89622,4,6.002075451760902e-06,3340
8N14355,15,6.004855208630033e-06,3341
8N28774,5,6.007526984319611e-06,3342
8M71448,13,6.016465345481947e-06,3343
8N42500,14,6.0178278715739e-06,3344
8981858,5,6.01867254879096e-06,3345
8P14137,7,6.021262784372539e-06,3346
8N27073,14,6.026384728130552e-06,3347
8N05258,13,6.041735453266028e-06,3348
8939574,6,6.057248597812759e-06,3349
8943743,5,6.070600647944957e-06,3350
8L64241,6,6.08482991992787e-06,3351
8857767,5,6.087550701749933e-06,3352
8N87830,14,6.094046000271192e-06,3353
8P11751,7,6.097599980492419e-06,3354
8981742,9,6.097899571955168e-06,3355
8L64996,10,6.101823601056822e-06,3356
8L64501,12,6.103656275513458e-06,3357
8730543,8,6.106376275738512e-06,3358
8M72594,11,6.108903420454226e-06,3359
8N05820,7,6.109931973696803e-06,3360
8816409,5,6.116928545907285e-06,3361
8N13617,14,6.1189801110472786e-06,3362
8N73236,12,6.121883313628396e-06,3363
8N72941,13,6.122710260569875e-06,3364
8N87053,5,6.124068562485263e-06,3365
8N05104,12,6.127788132914702e-06,3366
8N14629,13,6.145824269054856e-06,3367
8N73625,13,6.1657528043213006e-06,3368
8N42499,14,6.175433640009942e-06,3369
8N72953,13,6.193337185322889e-06,3370
8N72724,5,6.201428611518622e-06,3371
8N13689,13,6.239935718355127e-06,3372
8L64459,13,6.240046186434256e-06,3373
8M31766,11,6.242818557211649e-06,3374
8168650,5,6.266512890817921e-06,3375
8N72930,13,6.275535213706718e-06,3376
8N28813,5,6.2783273051536526e-06,3377
8N05437,6,6.293328738138371e-06,3378
8939890,9,6.297089356621655e-06,3379
8N05360,15,6.2974026207029965e-06,3380
8747976,5,6.30462335848847e-06,3381
8P11320,4,6.3050817260545955e-06,3382
8N73639,13,6.3179264202517516e-06,3383
8N13857,15,6.339757021578407e-06,3384
8939819,2,6.340292230788691e-06,3385
8N73242,12,6.343986864720819e-06,3386
8L48501,10,6.344405733216263e-06,3387
8N13745,3,6.346960619296738e-06,3388
8N05148,12,6.347505554948896e-06,3389
8L52329,12,6.367024298015167e-06,3390
8L57742,12,6.385933261299215e-06,3391
8N05121,14,6.403248789865756e-06,3392
8794313,8,6.404478142485459e-06,3393
8904676,9,6.4194483258006585e-06,3394
8168603,10,6.4246535620426926e-06,3395
8816497,5,6.439989476803021e-06,3396
8939705,6,6.460251357864877e-06,3397
8N73945,12,6.474605299899849e-06,3398
8N28892,5,6.505600254058663e-06,3399
8N28845,5,6.511180572488229e-06,3400
8L52221,8,6.51240168636491e-06,3401
8981021,4,6.5185605535589275e-06,3402
8P14855,14,6.523763261157001e-06,3403
8N42263,4,6.546204161850255e-06,3404
8943168,6,6.562046984015524e-06,3405
8N73475,11,6.565567900906899e-06,3406
8N87056,5,6.577406566066202e-06,3407
8P11064,2,6.605091130040819e-06,3408
8N05232,12,6.607174178441255e-06,3409
8N13631,14,6.616189580199716e-06,3410
8N72681,11,6.630533745166645e-06,3411
8M31865,6,6.660282053871924e-06,3412
8N06820,11,6.669729913255651e-06,3413
8N06841,11,6.670179459433712e-06,3414
8L89467,6,6.6760461265857884e-06,3415
8800698,9,6.677046158642952e-06,3416
8537612,4,6.678372358237539e-06,3417
8N73309,15,6.681949884068672e-06,3418
8N72679,11,6.682618163722509e-06,3419
8M31247,12,6.702206292175106e-06,3420
8N72912,13,6.703632834614837e-06,3421
8939031,7,6.71712486699505e-06,3422
8857467,11,6.718695544805087e-06,3423
8L89525,4,6.723968240862632e-06,3424
8M72961,4,6.738802312611369e-06,3425
8N28528,9,6.7442755451452285e-06,3426
8N73183,15,6.747441375409835e-06,3427
8934458,4,6.757507762245041e-06,3428
8M71206,5,6.7577863092083135e-06,3429
8N87759,4,6.783052242553822e-06,3430
8747526,6,6.794857974057322e-06,3431
8N72693,11,6.797168737193715e-06,3432
8L64829,9,6.797473901087869e-06,3433
8M72695,14,6.815780537294813e-06,3434
8N27404,7,6.816671941578534e-06,3435
8N06844,11,6.820140816543585e-06,3436
8681476,1,6.836477183469469e-06,3437
8N27874,4,6.845956221468441e-06,3438
8681335,7,6.85161572278048e-06,3439
8N42928,5,6.855350882517541e-06,3440
8P26650,8,6.875352312363248e-06,3441
8N13850,15,6.881728893404215e-06,3442
8N72266,2,6.907899226860081e-06,3443
8N05654,11,6.90870727737547e-06,3444
8P26528,9,6.9175365400298006e-06,3445
8N73685,13,6.923329038954762e-06,3446
8M31508,5,6.924802752550363e-06,3447
8L52420,4,6.92744205466056e-06,3448
8747135,3,6.931678948163267e-06,3449
8917945,8,6.941285192851865e-06,3450
8M71323,11,6.948746154478158e-06,3451
8M71521,1,6.9504804010023236e-06,3452
8943597,8,6.952227742829109e-06,3453
8N73001,4,6.960719893811529e-06,3454
8N87549,11,6.969301068693312e-06,3455
8N73094,5,6.97624699341759e-06,3456
8934228,10,7.020658301826188e-06,3457
8N05204,12,7.049695426530889e-06,3458
8N05165,12,7.06236610170663e-06,3459
8N87371,4,7.068979222424332e-06,3460
8N14011,7,7.071207278386282e-06,3461
8P14607,7,7.083294647713956e-06,3462
8N14529,11,7.091891006894002e-06,3463
8N73959,12,7.098251913362219e-06,3464
8N06885,11,7.102795972713238e-06,3465
8N73458,11,7.109336777944009e-06,3466
8573515,6,7.1122168492365745e-06,3467
8N05284,13,7.129194557364826e-06,3468
8N06298,8,7.132332676462738e-06,3469
8M31756,6,7.140110515280185e-06,3470
8N05308,13,7.158062244272401e-06,3471
8M31826,12,7.159312659155148e-06,3472
8M31281,10,7.166789686152697e-06,3473
8N73305,15,7.1966533710110525e-06,3474
8N14295,15,7.208616082721164e-06,3475
8N05679,15,7.226071303989556e-06,3476
8N13695,13,7.232059232364918e-06,3477
8747738,7,7.235590793186475e-06,3478
8N14628,13,7.236014086586806e-06,3479
8M71672,3,7.2362741434517375e-06,3480
8934875,3,7.2459219211395975e-06,3481
8L57821,9,7.267924139853221e-06,3482
8N42548,5,7.269375998930627e-06,3483
8M71152,13,7.2714901344639316e-06,3484
8309254,5,7.275375522919347e-06,3485
8P14262,5,7.29614166061765e-06,3486
8N28469,2,7.300390592490658e-06,3487
8N87964,13,7.313036405776074e-06,3488
8L64210,6,7.322736450987577e-06,3489
8939121,4,7.34201339014362e-06,3490
8N28248,7,7.352291532924937e-06,3491
8651717,9,7.361258781202196e-06,3492
8N87945,13,7.361381603843142e-06,3493
8M72611,6,7.366729818159001e-06,3494
8857612,9,7.368096788695766e-06,3495
8800177,6,7.390227693804263e-06,3496
8L52343,11,7.391301902970326e-06,3497
8681081,5,7.392102105541198e-06,3498
8681393,7,7.400722211059474e-06,3499
8800372,4,7.402350490792742e-06,3500
8N13135,14,7.404174866110225e-06,3501
8N87843,14,7.404488343354387e-06,3502
8M31206,6,7.412940874473861e-06,3503
8N73484,11,7.415758432216535e-06,3504
8N14567,11,7.419668065722362e-06,3505
8N73797,15,7.4252383228667895e-06,3506
8N13934,5,7.432533546847253e-06,3507
8939538,5,7.457126912413514e-06,3508
8981224,11,7.459200105586206e-06,3509
8M72913,5,7.46318025335313e-06,3510
8917965,8,7.496834477649372e-06,3511
8800515,5,7.502740324127899e-06,3512
8L48759,11,7.530503268071698e-06,3513
8N05890,11,7.534006997822473e-06,3514
8866791,5,7.538010795116179e-06,3515
8L48457,10,7.541568550983868e-06,3516
8N28687,5,7.568169993810159e-06,3517
8N14667,13,7.573353727252652e-06,3518
8N42210,2,7.575275603244336e-06,3519
8N13636,14,7.5818858107368214e-06,3520
8N28783,5,7.584465251397887e-06,3521
8N05009,4,7.584999423215777e-06,3522
8N27199,14,7.593717512577314e-06,3523
8N27068,14,7.631298728938418e-06,3524
8N06862,11,7.64253218221711e-06,3525
8M72577,11,7.649532079767596e-06,3526
8N72921,13,7.66261736373508e-06,3527
8N06740,4,7.685006579549736e-06,3528
8N73907,11,7.689737799410068e-06,3529
8L48744,11,7.694117964973657e-06,3530
8N73307,15,7.698167770797681e-06,3531
8943473,3,7.699422994278393e-06,3532
8L48610,5,7.701471414489625e-06,3533
8N13616,14,7.709032161073992e-06,3534
8N27333,4,7.72471125287666e-06,3535
8309165,10,7.726718806111421e-06,3536
8N14555,11,7.727031398729878e-06,3537
8N05298,13,7.730607398670486e-06,3538
8P14916,14,7.744837205336808e-06,3539
8917841,3,7.746829339794203e-06,3540
8P14843,14,7.755145340127001e-06,3541
8N05149,12,7.765065447529196e-06,3542
8943587,2,7.768100985572346e-06,3543
8981207,12,7.784348883155268e-06,3544
8L30180,12,7.787870003994612e-06,3545
8N06846,11,7.789421999859769e-06,3546
8747117,6,7.794415097350793e-06,3547
8681436,6,7.79704782871704e-06,3548
8M72317,7,7.811036091709411e-06,3549
8P11557,14,7.812681189989235e-06,3550
8N42431,14,7.81349027079159e-06,3551
8M72265,8,7.815493745511048e-06,3552
8N27066,14,7.831087231124911e-06,3553
8N72347,5,7.836891681822777e-06,3554
8N27093,2,7.84147658805523e-06,3555
8N05864,11,7.845382619109387e-06,3556
8P14329,14,7.85027781091685e-06,3557
8681500,2,7.856292398855658e-06,3558
8934287,7,7.857590397009062e-06,3559
8N73235,12,7.867994959553926e-06,3560
8N14157,6,7.870983608881943e-06,3561
8309158,6,7.893630311173183e-06,3562
8681033,5,7.911949182926037e-06,3563
8L48608,6,7.913346777854713e-06,3564
8N14339,15,7.943390869513678e-06,3565
8M72575,11,7.950385736421595e-06,3566
8L64441,13,7.959890322872809e-06,3567
8N06672,14,7.964936265203448e-06,3568
8939067,7,7.97721611434099e-06,3569
8L48567,7,7.97931534179952e-06,3570
8N14656,13,7.988659575630663e-06,3571
8866786,5,7.989018058651709e-06,3572
8N72902,13,8.012621363739925e-06,3573
8N28761,4,8.016448926895237e-06,3574
8N73650,13,8.017732227472152e-06,3575
8800101,10,8.01948939255226e-06,3576
8L64398,3,8.020424104415724e-06,3577
8981861,4,8.03172478569536e-06,3578
8N72958,13,8.034016573787994e-06,3579
8N13962,6,8.034566860715131e-06,3580
8M71511,1,8.035597488742496e-06,3581
8N05636,14,8.035875609380128e-06,3582
8L52209,4,8.040021680200127e-06,3583
8N05693,15,8.068481406553474e-06,3584
8747552,10,8.092114455848787e-06,3585
8N72945,13,8.093410794884903e-06,3586
8L30168,12,8.124081603000377e-06,3587
8981823,5,8.12666787908256e-06,3588
8N13645,14,8.13680446754006e-06,3589
8800613,5,8.14219791323012e-06,3590
8747744,9,8.152748932843679e-06,3591
8N72359,4,8.159597314261191e-06,3592
8P14715,5,8.159825540587917e-06,3593
8N05897,11,8.172703388709124e-06,3594
8N06472,12,8.177385694807526e-06,3595
8N42786,5,8.199733244396157e-06,3596
8747145,2,8.203774370940664e-06,3597
8939630,5,8.214326399524907e-06,3598
8N13690,13,8.223407007790229e-06,3599
8M72878,5,8.227216824252537e-06,3600
8L48755,11,8.228507198282387e-06,3601
8L30289,5,8.235774799913997e-06,3602
8N13644,14,8.241476891157618e-06,3603
8N05132,12,8.24353480766149e-06,3604
8M31269,8,8.246127237043765e-06,3605
8N05657,13,8.248993879078625e-06,3606
8N06492,12,8.26493240069226e-06,3607
8L52344,11,8.272019746513593e-06,3608
8L19992,4,8.2773431699934e-06,3609
8N87833,14,8.28310689371392e-06,3610
8747258,6,8.293615564980428e-06,3611
8M71765,3,8.294978002254538e-06,3612
8N13851,15,8.296306532429298e-06,3613
8N14644,13,8.306605550956192e-06,3614
8L64058,11,8.32816042972695e-06,3615
8309298,4,8.33392086008189e-06,3616
8N05653,11,8.337055746210353e-06,3617
8N73956,12,8.34977214481114e-06,3618
8L89273,5,8.351058610855944e-06,3619
8747813,10,8.35793798614759e-06,3620
8981280,5,8.381131259227459e-06,3621
8N14784,6,8.384946937667337e-06,3622
8857754,5,8.39449575096296e-06,3623
8N28754,5,8.402798613360574e-06,3624
8N87879,13,8.408158584494174e-06,3625
8N72689,11,8.410473917308536e-06,3626
8M72697,14,8.41359673131592e-06,3627
8L48763,11,8.414862477934548e-06,3628
8934368,5,8.414971006232008e-06,3629
8L52358,11,8.419153019190162e-06,3630
8N06859,11,8.420508777362556e-06,3631
8N87808,14,8.425818307955524e-06,3632
8N87861,14,8.436518736942844e-06,3633
8934559,4,8.443818643399936e-06,3634
8L52680,9,8.445141190804861e-06,3635
8M31936,4,8.445797147871303e-06,3636
8732696,4,8.447436698588717e-06,3637
8P14604,7,8.451861067015898e-06,3638
8N14625,13,8.456816175339554e-06,3639
8N73931,12,8.459113708170207e-06,3640
8730518,5,8.461288160788172e-06,3641
8P11548,14,8.476082669517382e-06,3642
8681247,3,8.523369785962132e-06,3643
8L26581,6,8.52362032333076e-06,3644
8N05295,13,8.52535879403149e-06,3645
8M71120,13,8.534178817853899e-06,3646
8681060,6,8.556157577999102e-06,3647
8981714,10,8.556948380977758e-06,3648
8N06468,12,8.561686883012953e-06,3649
8N73201,2,8.613320616746023e-06,3650
8N73474,11,8.621811275588698e-06,3651
8L89770,13,8.631542286252625e-06,3652
8N05418,1,8.63868055667183e-06,3653
8P26697,7,8.641665999675752e-06,3654
8N28281,2,8.649261133086839e-06,3655
8N73490,12,8.665995167689289e-06,3656
8N87866,13,8.666318068506484e-06,3657
8N14665,13,8.670455898140972e-06,3658
8N13861,15,8.673067881659335e-06,3659
8N14931,5,8.681028077717201e-06,3660
8N27472,2,8.696045597389457e-06,3661
8747675,9,8.696679554276443e-06,3662
8681070,9,8.700369070080427e-06,3663
8598501,6,8.701200002292353e-06,3664
8L52504,5,8.71256716550306e-06,3665
8L30819,3,8.723456119241746e-06,3666
8N13098,14,8.73675020329756e-06,3667
8N05576,2,8.74062184230695e-06,3668
8M71864,5,8.75498949426401e-06,3669
8N28254,7,8.756092825024098e-06,3670
8L89915,12,8.771962171749692e-06,3671
8939391,5,8.776812428834546e-06,3672
8M72446,13,8.779006920534016e-06,3673
8N05538,5,8.786041352237817e-06,3674
8L64015,11,8.795426722940647e-06,3675
8M71220,6,8.816950993306705e-06,3676
8N06467,12,8.820103793993894e-06,3677
8N72960,13,8.826471770362332e-06,3678
8732577,7,8.829062252857511e-06,3679
8M31651,14,8.830444718554986e-06,3680
8800029,4,8.837218473445319e-06,3681
8N87942,13,8.840887531391672e-06,3682
8943892,5,8.842494025884662e-06,3683
8N87902,13,8.851907068674336e-06,3684
8N27964,1,8.85314088350242e-06,3685
8N72944,13,8.858421168156383e-06,3686
8L48761,11,8.876039970573402e-06,3687
8M72696,14,8.880806603883684e-06,3688
8M31352,5,8.888828191278009e-06,3689
8M72557,11,8.889575326520571e-06,3690
8747544,10,8.906358516469481e-06,3691
8573606,5,8.913743094307591e-06,3692
8N73486,11,8.920609019469339e-06,3693
8816931,4,8.931000508027864e-06,3694
8794343,9,8.933705649916135e-06,3695
8939195,5,8.94668716000524e-06,3696
8M72618,4,8.959027155697186e-06,3697
8N28009,9,8.973016406343959e-06,3698
8N42701,6,8.979250708307518e-06,3699
8681462,5,8.982652218492149e-06,3700
8N42476,14,8.989191712771571e-06,3701
8N06896,11,9.000237341183492e-06,3702
8N06485,12,9.025478366453399e-06,3703
8939431,4,9.028095030672034e-06,3704
8732227,2,9.031447774532353e-06,3705
8N87824,14,9.03457542023034e-06,3706
8N27865,6,9.05179156518443e-06,3707
8N05616,14,9.063743164006155e-06,3708
8857405,5,9.078626078462548e-06,3709
8N05144,12,9.079245444354456e-06,3710
8934531,1,9.08204702909643e-06,3711
8N28554,2,9.083920910590848e-06,3712
8N73629,13,9.087279015496108e-06,3713
8730558,3,9.088593984074578e-06,3714
8939535,5,9.11102523559748e-06,3715
8N14597,11,9.119618312070088e-06,3716
8L19549,8,9.125543499521882e-06,3717
8L52366,11,9.144886973899702e-06,3718
8N06813,6,9.14681865538114e-06,3719
8N28683,5,9.148803115976989e-06,3720
8N72531,6,9.156863186809971e-06,3721
8732680,4,9.161499859189348e-06,3722
8M72638,6,9.168660170644216e-06,3723
8747256,6,9.171083959813586e-06,3724
8P14971,14,9.19080272865358e-06,3725
8N05233,12,9.203878335029003e-06,3726
8L64824,2,9.209805874377253e-06,3727
8651600,3,9.238026621005702e-06,3728
8981020,4,9.255644608074931e-06,3729
8747608,5,9.259807843164936e-06,3730
8598579,3,9.262311664315348e-06,3731
8N06682,14,9.2765571793052e-06,3732
8M71305,6,9.27934785721618e-06,3733
8L89844,5,9.287705324823037e-06,3734
8N87168,4,9.299195731671261e-06,3735
8L26538,10,9.301535982331188e-06,3736
8N06920,5,9.311495659858338e-06,3737
8L30499,2,9.32937601305639e-06,3738
8N73980,12,9.340249050637794e-06,3739
8939746,5,9.35690789960475e-06,3740
8M31940,5,9.36092012437939e-06,3741
8981296,5,9.37285135194088e-06,3742
8887303,7,9.390673454845455e-06,3743
8N87565,11,9.419554942269315e-06,3744
8N73637,13,9.420211483757157e-06,3745
8N05227,12,9.421505416717935e-06,3746
8L52206,8,9.422673812764515e-06,3747
8981393,12,9.424760342824356e-06,3748
8943039,4,9.435507138277899e-06,3749
8N73686,13,9.450051635440104e-06,3750
8N06471,12,9.462093032652774e-06,3751
8N87988,13,9.463374567530991e-06,3752
8N05265,13,9.46842445515017e-06,3753
8917941,8,9.474479455207074e-06,3754
8887226,5,9.483413201394342e-06,3755
8747158,3,9.490560088920574e-06,3756
8N87558,11,9.490719151017402e-06,3757
8N73529,4,9.494136065768544e-06,3758
8N05118,12,9.49483435874754e-06,3759
8N87825,14,9.49522028292904e-06,3760
8681029,5,9.503164164925693e-06,3761
8N27903,6,9.533715626730555e-06,3762
8N27834,6,9.54348864468102e-06,3763
8N13970,5,9.570966540195514e-06,3764
8N87612,15,9.574521783406453e-06,3765
8N06683,14,9.57762063080736e-06,3766
8800376,4,9.580932612607285e-06,3767
8934046,9,9.58347860091635e-06,3768
8N27413,5,9.584207118606969e-06,3769
8N13418,2,9.592184142093174e-06,3770
8N05205,12,9.593212894287717e-06,3771
8N13688,13,9.59372722419971e-06,3772
8N05447,6,9.594423346470649e-06,3773
8L52590,7,9.617352532131918e-06,3774
8N06690,14,9.620079737260312e-06,3775
8N73948,12,9.62574921459236e-06,3776
8L52550,5,9.639648624215624e-06,3777
8M71452,13,9.640687409273596e-06,3778
8N05195,13,9.641624835410312e-06,3779
8N27090,14,9.659909382619958e-06,3780
8N05302,13,9.661747014888533e-06,3781
8L48459,10,9.665719403528783e-06,3782
8N73491,12,9.670603828837443e-06,3783
8P14128,7,9.678768662979564e-06,3784
8N05658,13,9.687546946191006e-06,3785
8M72113,9,9.689546530466941e-06,3786
8L89377,5,9.742088138864347e-06,3787
8N27405,7,9.74524998609283e-06,3788
8N73447,11,9.746025376955458e-06,3789
8L48452,5,9.754952458251864e-06,3790
8N73239,12,9.7583039337934e-06,3791
8M72864,4,9.760902855759923e-06,3792
8N72914,13,9.761330034052662e-06,3793
8L30780,4,9.761448920397875e-06,3794
8L89512,5,9.763733160639276e-06,3795
8N28089,2,9.766245256059847e-06,3796
8N28897,14,9.776372166925285e-06,3797
8N06787,5,9.786950826651264e-06,3798
8732650,5,9.787098775859704e-06,3799
8L57906,2,9.79322692273854e-06,3800
8N87387,5,9.795971479320542e-06,3801
8747868,7,9.796383352522753e-06,3802
8N13073,14,9.810056724290916e-06,3803
8L30779,4,9.840269810545976e-06,3804
8N73434,11,9.846078683040105e-06,3805
8939085,5,9.86335408015293e-06,3806
8800303,5,9.901711578663708e-06,3807
8N28915,2,9.919397669477803e-06,3808
8N87772,4,9.933871893963442e-06,3809
8943066,10,9.937823961081449e-06,3810
8887450,5,9.940024995103158e-06,3811
8M31640,10,9.955061898381246e-06,3812
8L57975,13,9.957065941534893e-06,3813
8N42501,5,9.958584556102323e-06,3814
8N73528,4,9.963401851109666e-06,3815
8M72722,5,9.970168349582309e-06,3816
8M72648,4,9.976313307902274e-06,3817
8N87533,11,9.986241636283921e-06,3818
8732249,5,1.000873197654073e-05,3819
8N87972,13,1.0012749442012137e-05,3820
8N27071,14,1.0056707090200234e-05,3821
8747120,8,1.005684617894076e-05,3822
8N06828,11,1.0073353791995032e-05,3823
8N05856,11,1.0096778486179403e-05,3824
8N13849,15,1.0098899451804755e-05,3825
8N05602,14,1.0142762221221346e-05,3826
8P11565,14,1.0143928399486413e-05,3827
8N27241,5,1.0146955332857033e-05,3828
8N73216,12,1.0154630984970936e-05,3829
8800175,6,1.0156088478652237e-05,3830
8M72259,3,1.0171848146001139e-05,3831
8N05283,13,1.0188880366968078e-05,3832
8800616,5,1.0189508202529396e-05,3833
8939163,6,1.0199490798612487e-05,3834
8N87983,13,1.020061002066086e-05,3835
8N73690,13,1.02059583468872e-05,3836
8N14545,11,1.0210243251762563e-05,3837
8P14998,15,1.0217769329301518e-05,3838
8N06285,2,1.023132205091315e-05,3839
8L52315,12,1.0242429123064056e-05,3840
8M71360,12,1.0272020404045179e-05,3841
8939359,5,1.0277141981873683e-05,3842
8N14348,15,1.0277359038468603e-05,3843
8N14566,11,1.0292823020563446e-05,3844
8N27934,5,1.0305274116717555e-05,3845
8N87886,13,1.0347796846055246e-05,3846
8P14741,8,1.0379967534390744e-05,3847
8N14691,13,1.0382044820289593e-05,3848
8M31798,11,1.03873261032561e-05,3849
8P14664,2,1.0399847560904618e-05,3850
8P14857,14,1.0412193717002083e-05,3851
8573156,4,1.0428473892432066e-05,3852
8N27308,5,1.0434815067128511e-05,3853
8L52228,8,1.0435924195917323e-05,3854
8P14081,6,1.043834942038302e-05,3855
8866779,1,1.0440090079555375e-05,3856
8939157,5,1.0454714868046722e-05,3857
8N72804,14,1.0469152257996939e-05,3858
8N42503,5,1.047486330207903e-05,3859
8N42457,14,1.0483242988357233e-05,3860
8N73635,13,1.0483663601235094e-05,3861
8P14144,5,1.0495512182018274e-05,3862
8N73498,12,1.050307102534731e-05,3863
8N14031,5,1.0505310143571478e-05,3864
8P14191,5,1.0515268911603926e-05,3865
8M71494,13,1.051862655288005e-05,3866
8L64858,2,1.052843873594611e-05,3867
8N73612,14,1.0530471513447992e-05,3868
8M72263,8,1.0548930134746115e-05,3869
8P26622,2,1.0551915096357334e-05,3870
8P26692,7,1.0571428475714129e-05,3871
8N05827,4,1.0573018593085237e-05,3872
8800417,5,1.0577686794022156e-05,3873
8N05206,12,1.0583792166229955e-05,3874
8N73916,11,1.0606714170080522e-05,3875
8L30416,8,1.0607042042920511e-05,3876
8N87898,13,1.0613091331990177e-05,3877
8981707,5,1.062494045345197e-05,3878
8651804,4,1.0632523665066174e-05,3879
8M71060,5,1.0641627170571155e-05,3880
8N87630,15,1.06435190900811e-05,3881
8681063,9,1.0651035836417577e-05,3882
8L89669,5,1.0654194070980338e-05,3883
8939340,7,1.066687962847368e-05,3884
8168655,5,1.0672669773725829e-05,3885
8N05942,2,1.0677817124715716e-05,3886
8N28244,7,1.0682962283681263e-05,3887
8866889,11,1.0683807737166262e-05,3888
8N72483,2,1.0688859291008157e-05,3889
8887496,7,1.0699543253167576e-05,3890
8118424,6,1.0705799581955944e-05,3891
8800060,4,1.0724953945384641e-05,3892
8N14686,13,1.0736122646903823e-05,3893
8747026,2,1.0739510504009786e-05,3894
8N87538,11,1.0747611554506875e-05,3895
8M72764,6,1.0747782378750514e-05,3896
8L89562,12,1.0748554018391587e-05,3897
8L52535,5,1.0752697235716369e-05,3898
8934474,3,1.0758866153537383e-05,3899
8N87593,11,1.0765553184910459e-05,3900
8L19595,3,1.0770701550200101e-05,3901
8N72983,2,1.0772179155793538e-05,3902
8981025,5,1.0787669282308343e-05,3903
8651929,7,1.079365552136835e-05,3904
8N14571,11,1.0801400151194684e-05,3905
8747701,8,1.0801813573380059e-05,3906
8N28862,4,1.0817039992616628e-05,3907
8N42710,10,1.0819117733262829e-05,3908
8N06857,11,1.0827746393715643e-05,3909
8N87852,14,1.0834794238689938e-05,3910
8M72539,11,1.0840262710587467e-05,3911
8N05291,13,1.0851141439616185e-05,3912
8N73960,12,1.0866371468409852e-05,3913
8M72017,2,1.0866917762086814e-05,3914
8N06037,2,1.0868846672451582e-05,3915
8N05230,12,1.088137443616688e-05,3916
8N06866,11,1.0898680698367968e-05,3917
8N72690,11,1.090013057591932e-05,3918
8N14287,15,1.0919880367055157e-05,3919
8N73631,13,1.092053915030533e-05,3920
8M31825,12,1.0926145414202892e-05,3921
8N73223,12,1.0935685445190302e-05,3922
8N72964,13,1.0949696495288208e-05,3923
8M71384,14,1.095104403248115e-05,3924
8981198,11,1.098278273659048e-05,3925
8N13949,4,1.0984145603742945e-05,3926
8P11634,2,1.0985582264311233e-05,3927
8N27075,14,1.0990679754740995e-05,3928
8N28900,15,1.1007027893583654e-05,3929
8N06890,11,1.1048605813357426e-05,3930
8732506,8,1.1049360651327333e-05,3931
8747604,4,1.105121341282711e-05,3932
8939151,4,1.1073047161858085e-05,3933
8887264,10,1.1078246430429317e-05,3934
8651876,5,1.107901198338368e-05,3935
8N73478,11,1.1090692638049404e-05,3936
8939836,8,1.1101289516091128e-05,3937
8N05200,13,1.110815389893105e-05,3938
8L26587,5,1.1109298981182292e-05,3939
8651658,6,1.1116670862065803e-05,3940
8N05189,13,1.1143220604026283e-05,3941
8N05241,13,1.1172598362918507e-05,3942
8N42139,2,1.1172984471841119e-05,3943
8L57913,8,1.1198753384178417e-05,3944
8N14577,11,1.1200924504350951e-05,3945
8N05641,14,1.12046610762917e-05,3946
8N73482,11,1.1211419575829495e-05,3947
8L89652,5,1.12171835553454e-05,3948
8M31305,4,1.1218406626767319e-05,3949
8L19813,5,1.1218409213142877e-05,3950
8M72694,14,1.1218711684080063e-05,3951
8N05296,13,1.122227084593419e-05,3952
8939369,7,1.1237346193126996e-05,3953
8N05102,12,1.1238153831527598e-05,3954
8939101,5,1.1249028148085927e-05,3955
8L64813,2,1.1257460307945166e-05,3956
8N27070,14,1.1281361556036984e-05,3957
8L48754,11,1.1282352019748032e-05,3958
8L57857,9,1.1293975244797139e-05,3959
8N06559,4,1.129529238141913e-05,3960
8800321,10,1.1310922218399355e-05,3961
8N06671,14,1.1312818685382808e-05,3962
8939915,11,1.1346944770451728e-05,3963
8L48476,4,1.135673335284082e-05,3964
8N13706,6,1.1357052414950886e-05,3965
8651522,6,1.1358356175605877e-05,3966
8N73238,12,1.1367642244408671e-05,3967
8N72691,11,1.1388136442747054e-05,3968
8681258,4,1.1408998858541963e-05,3969
8800181,6,1.14195792733085e-05,3970
8N87857,14,1.143313266993573e-05,3971
8L30757,11,1.1479160852090331e-05,3972
8M71353,12,1.149194147842536e-05,3973
8309283,5,1.149892619878301e-05,3974
8N14690,13,1.1499057521291434e-05,3975
8N27315,5,1.1504792389871454e-05,3976
8P11567,14,1.151542801380856e-05,3977
8N73189,15,1.1527894159257812e-05,3978
8N27344,4,1.1528597639198779e-05,3979
8N28926,9,1.1536548640833644e-05,3980
8N42262,4,1.1563500578404273e-05,3981
8P11585,4,1.1575462572466222e-05,3982
8L64872,11,1.1575684993658797e-05,3983
8N14544,11,1.1577834528431197e-05,3984
8M31583,5,1.1586531869056671e-05,3985
8N05103,12,1.1594015631999355e-05,3986
8N73439,11,1.1606779082740104e-05,3987
8747936,4,1.1628757494719366e-05,3988
8939807,1,1.1633150336365361e-05,3989
8N06678,14,1.1643081847978465e-05,3990
8N28405,9,1.1644594949622444e-05,3991
8N14014,7,1.1655286527911812e-05,3992
8N05262,13,1.1674067676104016e-05,3993
8P14171,5,1.1677156322775772e-05,3994
8L52243,5,1.1685703100283718e-05,3995
8N27917,5,1.1711336213693357e-05,3996
8747759,4,1.1712029220234399e-05,3997
8N73440,11,1.1730635989692928e-05,3998
8747273,2,1.1750827757062154e-05,3999
8N42272,5,1.175325138547123e-05,4000
8N42794,4,1.1760135180338693e-05,4001
8P11517,14,1.177509724925585e-05,4002
8800331,9,1.1776524019069257e-05,4003
8N42287,5,1.178092338705028e-05,4004
8M72897,6,1.1792530031584647e-05,4005
8N87940,13,1.1797728280527053e-05,4006
8N27195,14,1.1801247637777124e-05,4007
8N14547,11,1.1823964342738691e-05,4008
8N73633,13,1.1834625617268557e-05,4009
8732541,8,1.1847417226817925e-05,4010
8N14552,11,1.1848694782656821e-05,4011
8N06495,12,1.1856903163631749e-05,4012
8N28737,2,1.1857430820327863e-05,4013
8N14022,4,1.1858402331199613e-05,4014
8747672,9,1.1863151804902827e-05,4015
8M71298,6,1.1870317010220788e-05,4016
8309128,5,1.1895654779436882e-05,4017
8N73186,15,1.1898581050218127e-05,4018
8N06850,11,1.1901939942049466e-05,4019
8N42498,14,1.190316741173092e-05,4020
8N27916,5,1.1922076481596378e-05,4021
8732279,1,1.1925309031823872e-05,4022
8732691,5,1.1932211307907892e-05,4023
8N05249,13,1.1932937866276916e-05,4024
8N73695,13,1.1938080774598347e-05,4025
8816919,6,1.1947149914703914e-05,4026
8N27697,4,1.1947650421006983e-05,4027
8M72933,5,1.1947981377602446e-05,4028
8730902,6,1.1952584656249599e-05,4029
8N73012,4,1.1957802882989199e-05,4030
8N72698,11,1.1958415200297168e-05,4031
8800617,5,1.196035238137938e-05,4032
8N72738,4,1.1961047385433687e-05,4033
8N87904,13,1.1972330108633855e-05,4034
8N27325,4,1.1972480951527587e-05,4035
8732699,4,1.1985232902134157e-05,4036
8L48455,5,1.199484646230431e-05,4037
8N73199,15,1.1999803604112458e-05,4038
8681054,4,1.2017482326598383e-05,4039
8N87070,5,1.2030706827204085e-05,4040
8N13602,14,1.203898591484176e-05,4041
8732552,6,1.2039358294524405e-05,4042
8N73383,6,1.2040445994898619e-05,4043
8L48418,5,1.2052416877850192e-05,4044
8934808,3,1.205587193453539e-05,4045
8981733,5,1.2060843172179148e-05,4046
8816918,5,1.208761132343028e-05,4047
8N13669,13,1.2089777332136009e-05,4048
8N14113,5,1.2094578650589938e-05,4049
8N14354,15,1.2095245779164543e-05,4050
8N05188,13,1.210056359468581e-05,4051
8934406,8,1.2104287156589066e-05,4052
8N73190,15,1.2115055540107278e-05,4053
8L52338,12,1.2123818969200784e-05,4054
8681077,5,1.212527558891452e-05,4055
8934339,10,1.2130033027801801e-05,4056
8N87577,11,1.2130464540405228e-05,4057
8N87955,13,1.2133018216786695e-05,4058
8747606,5,1.2135219037645584e-05,4059
8981012,5,1.2135954025604967e-05,4060
8N73958,12,1.217257840835373e-05,4061
8N27059,14,1.2176963835486276e-05,4062
8N87969,13,1.220514332089806e-05,4063
8N05601,14,1.2219445466143952e-05,4064
8N05267,13,1.2222684716789445e-05,4065
8N13635,14,1.2239014886006316e-05,4066
8887277,5,1.2247933511844167e-05,4067
8M71358,12,1.2250165553950865e-05,4068
8N87273,8,1.2264824874819169e-05,4069
8N73607,14,1.226503637274945e-05,4070
8L89613,4,1.226837559897831e-05,4071
8N14609,13,1.2269989952073956e-05,4072
8N13675,13,1.2277340999844455e-05,4073
8800166,10,1.2285746720408497e-05,4074
8L19969,5,1.2292081692066859e-05,4075
8N42752,1,1.231700966286553e-05,4076
8N05271,13,1.2320113199848493e-05,4077
8747760,5,1.2323697269778222e-05,4078
8N28603,2,1.2327520778399048e-05,4079
8N73640,13,1.2333378890616586e-05,4080
8N06028,3,1.2334577718320361e-05,4081
8M72326,3,1.234937568383998e-05,4082
8N14188,5,1.2358777667031973e-05,4083
8N05623,14,1.2370207802092636e-05,4084
8857609,9,1.237537465215155e-05,4085
8934072,5,1.2394635589885183e-05,4086
8L19920,5,1.2399738935187088e-05,4087
8N13682,13,1.2411302748205344e-05,4088
8N73617,14,1.2415158181511288e-05,4089
8N06776,10,1.2420540372204414e-05,4090
8747294,9,1.2430241726146818e-05,4091
8981891,8,1.2431230118181702e-05,4092
8N42681,5,1.2432156708541697e-05,4093
8981601,10,1.2436240311330948e-05,4094
8N42438,14,1.2436745066679578e-05,4095
8N14290,15,1.2442169918358559e-05,4096
8N06832,11,1.2465174449971528e-05,4097
8N05626,14,1.2467338066812772e-05,4098
8N72688,11,1.2483130433338374e-05,4099
8L89704,4,1.2491953057747196e-05,4100
8N05140,12,1.2506833989789357e-05,4101
8N87944,13,1.2512383250395942e-05,4102
8651903,2,1.2516802257778181e-05,4103
8N05300,13,1.2519856927628581e-05,4104
8981208,12,1.2520194395904127e-05,4105
8681068,9,1.2520983403874197e-05,4106
8N42229,3,1.252688474551178e-05,4107
8N42697,5,1.2541276532829215e-05,4108
8L52973,4,1.256221497669685e-05,4109
8939122,4,1.2564236094192438e-05,4110
8L30766,12,1.2580303916820412e-05,4111
8N06976,4,1.2581684011081506e-05,4112
8N42249,2,1.2597942208203428e-05,4113
8N87756,4,1.2600203238122276e-05,4114
8N73620,13,1.2610282993819055e-05,4115
8P11528,15,1.2634969461799983e-05,4116
8N14289,15,1.2644136347716994e-05,4117
8939366,7,1.2647489207040508e-05,4118
8N87580,11,1.2652749447283895e-05,4119
8L89432,5,1.2656670258071046e-05,4120
8N72677,11,1.2659371236622974e-05,4121
8747288,3,1.2663313952998578e-05,4122
8L64849,9,1.26942151226217e-05,4123
8N13479,8,1.2704620964143487e-05,4124
8N06849,11,1.2720599102067354e-05,4125
8N06839,11,1.272448787403846e-05,4126
8L64373,2,1.2758544016833184e-05,4127
8N06687,14,1.2765077425314075e-05,4128
8P11524,15,1.276577097542031e-05,4129
8N28060,7,1.278331259868537e-05,4130
8681042,5,1.2784673568688731e-05,4131
8N87906,13,1.2794805940075094e-05,4132
8N05274,13,1.2795192048997706e-05,4133
8N05883,11,1.279767477058158e-05,4134
8N87570,11,1.2799292846921162e-05,4135
8N87136,9,1.2801550695940023e-05,4136
8L89394,4,1.2804071332084277e-05,4137
8M72617,4,1.2844526622757257e-05,4138
8681001,4,1.2844870994399571e-05,4139
8934403,8,1.2870043974544387e-05,4140
8N05879,11,1.2887043958187405e-05,4141
8N05535,7,1.2887706589026493e-05,4142
8N87958,13,1.2905995561141026e-05,4143
8L89521,5,1.2913360386335171e-05,4144
8M72224,3,1.2961868037564273e-05,4145
8M31706,4,1.2993224778767853e-05,4146
8L19825,4,1.2993296877539251e-05,4147
8L30767,12,1.30079185955978e-05,4148
8N13667,13,1.302274746706189e-05,4149
8N27054,14,1.303885434822405e-05,4150
8118432,4,1.3039775211609594e-05,4151
8M72877,5,1.307653781168483e-05,4152
8N27691,5,1.3080993655378848e-05,4153
8N73468,11,1.3089551501366259e-05,4154
8L57701,3,1.3109027122482075e-05,4155
8P11070,2,1.311359602595985e-05,4156
8N05604,14,1.3114188476492927e-05,4157
8L48742,11,1.3116617459729696e-05,4158
8M31452,5,1.3127051829542324e-05,4159
8M72018,2,1.3136701878746493e-05,4160
8L89430,5,1.3157231023797067e-05,4161
8M31602,5,1.3158701761994962e-05,4162
8M72529,11,1.3159193542833236e-05,4163
8N87536,11,1.3165795785141654e-05,4164
8M71153,13,1.3184076095740238e-05,4165
8N13610,14,1.3194779882041985e-05,4166
8L52394,12,1.3210568113208865e-05,4167
8N28794,14,1.3223885048319062e-05,4168
8N14352,15,1.3225544591932703e-05,4169
8N06694,14,1.3228035328438636e-05,4170
8N87986,13,1.3230183583345934e-05,4171
8N27065,14,1.3232872333901469e-05,4172
8N14554,11,1.324595782747906e-05,4173
8N73180,15,1.3249903247469774e-05,4174
8L64272,5,1.3252449122092003e-05,4175
8N05588,8,1.3275788010247425e-05,4176
8P14341,15,1.3281580400814619e-05,4177
8N42702,6,1.3286496930220437e-05,4178
8P14869,14,1.329493289858874e-05,4179
8681479,3,1.3298352403712244e-05,4180
8N73682,13,1.3304515761092262e-05,4181
8N73200,15,1.3309663218663559e-05,4182
8N06674,14,1.3317300046278291e-05,4183
8N14351,15,1.3318968882458648e-05,4184
8N72448,3,1.3319539220901788e-05,4185
8L52390,11,1.3321785431230637e-05,4186
8N14806,3,1.3322878658073023e-05,4187
8P14966,14,1.3330169224445854e-05,4188
8L89641,4,1.333171466200156e-05,4189
8309274,5,1.3337824985359958e-05,4190
8N87516,11,1.3369469911594933e-05,4191
8732700,4,1.337052992766985e-05,4192
8N13496,3,1.3380539982676964e-05,4193
8N06462,12,1.3388420823545744e-05,4194
8N05201,12,1.340610617717175e-05,4195
8866658,8,1.3428838288476186e-05,4196
8939544,3,1.3443752972741585e-05,4197
8N05865,11,1.3444541991702863e-05,4198
8N87707,6,1.3451241500206379e-05,4199
8N27487,10,1.3459155439932147e-05,4200
8L52597,6,1.3497849039367793e-05,4201
8L30598,5,1.350218030893302e-05,4202
8732503,8,1.35102228799866e-05,4203
8N42637,5,1.3525771222488991e-05,4204
8N28787,15,1.3529409045531793e-05,4205
8N14164,5,1.3534204725829113e-05,4206
8N72928,13,1.3547809981417913e-05,4207
8M72609,5,1.3554965789808193e-05,4208
8747504,7,1.3556767498812405e-05,4209
8N14984,6,1.3584087637852349e-05,4210
8N05628,14,1.3599348755666263e-05,4211
8N73977,12,1.3603200102352275e-05,4212
8747979,5,1.3607140796345618e-05,4213
8934276,7,1.3627652521108757e-05,4214
8L52352,11,1.362991802356106e-05,4215
8N73684,13,1.3637763395024649e-05,4216
8P14075,5,1.36524403373528e-05,4217
8N73654,13,1.365977027489862e-05,4218
8N87916,13,1.366806975511281e-05,4219
8934353,7,1.3674312462796934e-05,4220
8L52386,11,1.3679182188752748e-05,4221
8P11558,14,1.3685081171388447e-05,4222
8N13630,14,1.3701883403882675e-05,4223
8887421,6,1.3719588420002538e-05,4224
8N05630,14,1.3723630544859589e-05,4225
8N05164,12,1.3752093606100857e-05,4226
8L89366,5,1.376364895122606e-05,4227
8L64895,11,1.376747086112573e-05,4228
8N27621,14,1.3767566770184203e-05,4229
8800178,6,1.376873742753304e-05,4230
8N42517,5,1.3802827029341103e-05,4231
8N14534,11,1.3814124883992918e-05,4232
8747805,6,1.3814197039607734e-05,4233
8N14829,2,1.382236950320248e-05,4234
8N05018,4,1.3833930097462144e-05,4235
8N05627,14,1.3833934813689552e-05,4236
8N06371,5,1.3835081574598007e-05,4237
8N73217,12,1.3845250961708189e-05,4238
8N73602,14,1.3849031574864057e-05,4239
8N73644,13,1.3851311564394564e-05,4240
8N72934,13,1.3855994731581944e-05,4241
8N42497,14,1.3871527812625573e-05,4242
8N05306,13,1.3892511390167783e-05,4243
8N05006,4,1.3904919455853815e-05,4244
8981180,11,1.3908098665638136e-05,4245
8N87065,5,1.3908524749695061e-05,4246
8N13977,5,1.3913021817302251e-05,4247
8M72413,13,1.3936835813410653e-05,4248
8N14584,11,1.3943544985295375e-05,4249
8L89548,12,1.3962627093633273e-05,4250
8917944,8,1.3965897727619137e-05,4251
8P11572,14,1.3987818363148108e-05,4252
8N13955,4,1.4026055907834234e-05,4253
8M72422,13,1.403005188738149e-05,4254
8681098,6,1.4049068489896399e-05,4255
8N13984,5,1.4066531036860397e-05,4256
8N27330,4,1.406892201316623e-05,4257
8L64055,11,1.408154216209212e-05,4258
8L30298,5,1.4099019586932826e-05,4259
8P14964,14,1.4099379427534586e-05,4260
8N73630,13,1.4102381683755993e-05,4261
8M31480,5,1.411295819764291e-05,4262
8N73996,14,1.4116930032059827e-05,4263
8N13983,5,1.4124677942817243e-05,4264
8730943,3,1.412696512659295e-05,4265
8N06508,4,1.4128137223679005e-05,4266
8N14581,11,1.4135041389806702e-05,4267
8L48746,11,1.4139743486296652e-05,4268
8N06698,14,1.4144314420150295e-05,4269
8L30698,12,1.4158345436499076e-05,4270
8732576,7,1.4166056189424125e-05,4271
8N73663,13,1.4168601325081909e-05,4272
8N06680,14,1.4171995758260891e-05,4273
8N87265,8,1.4179201551556275e-05,4274
8800538,5,1.4202781471794879e-05,4275
8N05689,15,1.4213268130447432e-05,4276
8L64513,12,1.4226754728952073e-05,4277
8N42519,5,1.423724495452916e-05,4278
8N73641,13,1.4248370462155435e-05,4279
8N73184,15,1.4250778722413315e-05,4280
8N73499,12,1.4253923211526853e-05,4281
8P14061,4,1.4263394369606885e-05,4282
8M71074,4,1.4285835902683175e-05,4283
8N87905,13,1.4294423859695371e-05,4284
8M31294,5,1.4316942383629794e-05,4285
8934028,6,1.4322668917543524e-05,4286
8747295,9,1.4339009268837799e-05,4287
8N14616,13,1.4362179967974953e-05,4288
8730461,8,1.4366367906859523e-05,4289
8N05156,12,1.4372823017083647e-05,4290
8981273,5,1.4372989802780012e-05,4291
8N05277,13,1.4384893546548483e-05,4292
8N13604,14,1.4389039307616258e-05,4293
8P14997,15,1.4391612182862445e-05,4294
8M71237,6,1.4395424244639798e-05,4295
8M72593,11,1.4429309715069394e-05,4296
8887356,10,1.4429718028452498e-05,4297
8N87820,14,1.4434707352961595e-05,4298
8M71212,5,1.4460191550824675e-05,4299
8M71125,13,1.4471748613686941e-05,4300
8N05572,2,1.4472736921788965e-05,4301
8N14294,15,1.4477870035278784e-05,4302
8934880,8,1.4496885640369328e-05,4303
8N73697,13,1.449795112762331e-05,4304
8N72683,11,1.4507449066059053e-05,4305
8M71453,13,1.45131004920529e-05,4306
8934225,4,1.4524010225613893e-05,4307
8981274,5,1.4529991741341064e-05,4308
8M71674,3,1.4545622121886481e-05,4309
8887411,6,1.4555631139501202e-05,4310
8N05533,5,1.4580581080281263e-05,4311
8M72935,5,1.4583619614594312e-05,4312
8573221,4,1.4613647806527297e-05,4313
8981971,2,1.4630991010733396e-05,4314
8M71520,5,1.4636741298090783e-05,4315
8P14996,14,1.465507999043325e-05,4316
8M72243,3,1.4674984413431957e-05,4317
8N87578,11,1.46754583038298e-05,4318
8168606,10,1.4678417812774569e-05,4319
8L52595,5,1.4687332168250578e-05,4320
8917812,8,1.4712609750944239e-05,4321
8732598,7,1.4721837047204644e-05,4322
8939037,4,1.474085685515547e-05,4323
8N87567,11,1.4772426879972045e-05,4324
8N05612,14,1.4785330456845713e-05,4325
8N05124,12,1.4789384863433952e-05,4326
8L30882,4,1.479619004385313e-05,4327
8L52230,9,1.4806744587758658e-05,4328
8N42033,8,1.484912149152251e-05,4329
8887352,5,1.4855075425757036e-05,4330
8M72863,4,1.4886704640559856e-05,4331
8N42751,1,1.4898847155109252e-05,4332
8L64560,12,1.4905632284012427e-05,4333
8981147,11,1.4908474624597545e-05,4334
8P11789,2,1.4929437554656033e-05,4335
8M71532,4,1.493212165359914e-05,4336
8N27981,10,1.4934105834640832e-05,4337
8N05146,12,1.4939933798530092e-05,4338
8L19899,6,1.4961693775461526e-05,4339
8P15000,15,1.4964926891541941e-05,4340
8P14648,2,1.497830680818879e-05,4341
8800404,5,1.498004250777285e-05,4342
8N28246,7,1.4983672166124506e-05,4343
8N05615,14,1.498853094972219e-05,4344
8N87844,14,1.499923206438325e-05,4345
8747161,3,1.5004360136572359e-05,4346
8P11429,1,1.5018092186735998e-05,4347
8N73606,14,1.5022184808088923e-05,4348
8N27080,14,1.5033331720815113e-05,4349
8P14958,14,1.5033461551183791e-05,4350
8M72309,8,1.5038481665285985e-05,4351
8P14938,14,1.50496464925709e-05,4352
8L26591,5,1.5058599387884897e-05,4353
8N42505,5,1.505999271866898e-05,4354
8L48598,2,1.508611103417934e-05,4355
8P14844,14,1.5090335182321724e-05,4356
8N14012,7,1.5091318459781178e-05,4357
8M71596,4,1.5091842886505447e-05,4358
8747100,5,1.5102613929229847e-05,4359
8981196,12,1.5120526825285197e-05,4360
8N87762,4,1.5122386738397608e-05,4361
8N14565,11,1.5124007177291787e-05,4362
8N87915,13,1.5124679364930671e-05,4363
8N06867,11,1.5137718946789391e-05,4364
8N13674,13,1.514016850023836e-05,4365
8N05859,11,1.5141054255707331e-05,4366
8N87616,15,1.5162955321557092e-05,4367
8N14212,7,1.518143915291148e-05,4368
8M71141,13,1.5218092812574469e-05,4369
8N14901,5,1.5235308964633987e-05,4370
8N73672,13,1.5248255238020647e-05,4371
8N73983,12,1.525082385001042e-05,4372
8L52943,6,1.5259339591011667e-05,4373
8816467,4,1.526633481319095e-05,4374
8414527,2,1.5271415065853944e-05,4375
8N73618,13,1.527438226389677e-05,4376
8732220,9,1.527972034409686e-05,4377
8N87582,11,1.5295209436771984e-05,4378
8N28785,15,1.5299577398764086e-05,4379
8L57950,13,1.530544727756933e-05,4380
8P14632,2,1.5311031688725052e-05,4381
8N05603,14,1.531199438886688e-05,4382
8857285,10,1.5313765800328838e-05,4383
8L48781,11,1.5320944143581983e-05,4384
8N42264,6,1.5332007762935973e-05,4385
8N05569,8,1.533447857404724e-05,4386
8N73665,13,1.5372278094005765e-05,4387
8M72568,11,1.5374310748939024e-05,4388
8N05472,6,1.5375906514236704e-05,4389
8939164,6,1.5384887547043036e-05,4390
8L89650,4,1.5425288495407585e-05,4391
8N14052,4,1.542671029142184e-05,4392
8L89298,10,1.543161366424073e-05,4393
8N05259,13,1.5431682982125494e-05,4394
8747705,5,1.5436025933013298e-05,4395
8N14227,5,1.5466785463047472e-05,4396
8N14010,4,1.5472235290303615e-05,4397
8N06823,11,1.547552216152326e-05,4398
8N87823,14,1.548228379988359e-05,4399
8N05159,12,1.5484536419307915e-05,4400
8N87313,5,1.5505795394332722e-05,4401
8N05896,11,1.5531114357258957e-05,4402
8N73496,12,1.5547175451047224e-05,4403
8943469,2,1.556626557430718e-05,4404
8N87816,14,1.5570874495551834e-05,4405
8P14962,14,1.5573413776337475e-05,4406
8168662,1,1.557602935520208e-05,4407
8L64433,13,1.5576136615180758e-05,4408
8L48336,5,1.558738244966662e-05,4409
8N73086,6,1.5587498921831866e-05,4410
8N73823,6,1.5611472008458804e-05,4411
8N73800,15,1.5638319098343345e-05,4412
8917946,8,1.5669857617695016e-05,4413
8N13951,4,1.5672364924057547e-05,4414
8P14060,4,1.567887352393882e-05,4415
8N42114,8,1.5683571245261874e-05,4416
8N87827,14,1.5684324097264835e-05,4417
8747737,9,1.5693358591306605e-05,4418
8747575,9,1.5695831621087564e-05,4419
8L89376,5,1.571339070949307e-05,4420
8L89998,3,1.5734602357042604e-05,4421
8747740,6,1.5739624046773315e-05,4422
8L52330,12,1.5765235730214044e-05,4423
8P14514,2,1.5767669946598062e-05,4424
8M72806,4,1.57704874399478e-05,4425
8747260,6,1.5789818213818307e-05,4426
8N72036,2,1.5794469177876636e-05,4427
8168617,8,1.5795021638176365e-05,4428
8N05136,12,1.5807450267857348e-05,4429
8P26537,9,1.5814833290050956e-05,4430
8M72678,5,1.5819788622195574e-05,4431
8N06020,3,1.582449358750182e-05,4432
8N27030,14,1.583283577133443e-05,4433
8N28679,4,1.586892520427652e-05,4434
8N72961,13,1.5870862682731968e-05,4435
8N05895,11,1.5880159821790585e-05,4436
8P14606,7,1.5883592880072683e-05,4437
8N06825,11,1.5883875789768354e-05,4438
8L48315,5,1.589079784025671e-05,4439
8M31398,5,1.589478824826074e-05,4440
8M72739,4,1.589590910144878e-05,4441
8N14007,6,1.5897207106263522e-05,4442
8904661,2,1.5913537652068044e-05,4443
8N72490,3,1.5927716033203865e-05,4444
8939542,6,1.5928698076095316e-05,4445
8N06464,12,1.593792995890908e-05,4446
8N28460,2,1.5957990825654633e-05,4447
8L52392,12,1.5963842372457293e-05,4448
8N73642,13,1.5974960490439116e-05,4449
8P14974,14,1.597764757832465e-05,4450
8943012,10,1.5984898169563166e-05,4451
8N72946,13,1.5993863030416833e-05,4452
8N72333,4,1.6051154460683392e-05,4453
8P14955,14,1.605517988423344e-05,4454
8N28541,9,1.606266502562903e-05,4455
8598631,2,1.6082736232547745e-05,4456
8N87067,5,1.6105138243460715e-05,4457
8N73446,11,1.6108722363128436e-05,4458
8N73662,13,1.6114158654545463e-05,4459
8N73666,13,1.6136916059394935e-05,4460
8M31954,4,1.614288437679079e-05,4461
8N72332,4,1.615240711316801e-05,4462
8L19506,3,1.61561833422752e-05,4463
8N13948,4,1.6175401981399773e-05,4464
8N28780,5,1.6176592566807813e-05,4465
8N27092,14,1.6179532792648388e-05,4466
8309171,5,1.6186708194254606e-05,4467
8N14974,7,1.6193207102332963e-05,4468
8939373,7,1.6194284796711145e-05,4469
8732588,7,1.619687068910025e-05,4470
8N28914,2,1.6200075300787375e-05,4471
8M71380,12,1.6204158633570387e-05,4472
8N13116,14,1.6215509205608214e-05,4473
8M31255,8,1.624130939603674e-05,4474
8L52401,5,1.6241698986618758e-05,4475
8N72676,11,1.624577876668809e-05,4476
8N87529,11,1.6303285065077944e-05,4477
8N05282,13,1.6306090344642143e-05,4478
8573915,2,1.6306762383067053e-05,4479
8N87821,14,1.6308199050740768e-05,4480
8M71505,10,1.630926746543082e-05,4481
8N06874,11,1.6309551256199484e-05,4482
8168638,5,1.631182237105122e-05,4483
8N28003,2,1.631749800790061e-05,4484
8N05166,12,1.6318118245095548e-05,4485
8N14971,7,1.6324967077707697e-05,4486
8P26412,5,1.636799064519412e-05,4487
8L57988,13,1.6375193411022337e-05,4488
8P14808,14,1.6430552278734467e-05,4489
8N42522,5,1.643916004923085e-05,4490
8747865,9,1.6440322440303134e-05,4491
8L52428,5,1.6448990336925817e-05,4492
8N05083,6,1.645759880375408e-05,4493
8M71061,5,1.6461188636185398e-05,4494
8M72786,10,1.6464115603298524e-05,4495
8M72956,4,1.646854279613308e-05,4496
8M31278,4,1.648998519954148e-05,4497
8N14650,13,1.64979035162105e-05,4498
8M31551,6,1.6505314718529007e-05,4499
8L89457,10,1.6506548647043928e-05,4500
8N73185,15,1.6522634616933374e-05,4501
8N05622,14,1.6524165573628125e-05,4502
8939052,5,1.6527363517870874e-05,4503
8943801,10,1.6529899198758358e-05,4504
8N73969,12,1.6540369983886194e-05,4505
8943766,2,1.6567247541843244e-05,4506
8887211,4,1.657514538599969e-05,4507
8N13455,11,1.6611336562277756e-05,4508
8L89713,4,1.662903054011622e-05,4509
8M71673,3,1.6641755067325903e-05,4510
8N05135,12,1.665186675836594e-05,4511
8N05661,13,1.6690284979858916e-05,4512
8N28713,7,1.6694188417432088e-05,4513
8N72487,3,1.670023719668734e-05,4514
8N13526,2,1.6722508235034184e-05,4515
8N14201,5,1.672352027526358e-05,4516
8L89211,5,1.6745196134593243e-05,4517
8747796,9,1.675476789841923e-05,4518
8N13954,4,1.6759454160020226e-05,4519
8939038,4,1.6759804509547394e-05,4520
8N05112,14,1.6763108845907482e-05,4521
8M31207,7,1.6776337488977333e-05,4522
8M31327,5,1.6777082819885436e-05,4523
8943475,2,1.678190551501757e-05,4524
8P14053,5,1.6782512574309294e-05,4525
8P14472,5,1.6788325396532855e-05,4526
8N14910,5,1.6795753367659927e-05,4527
8N13981,5,1.682398386293471e-05,4528
8N06875,11,1.684526301914957e-05,4529
8N13355,2,1.6845357549755136e-05,4530
8887130,3,1.6850753468133917e-05,4531
8N73987,12,1.6851923574812133e-05,4532
8981708,5,1.6853771149571983e-05,4533
8N73605,14,1.687964454077928e-05,4534
8943103,10,1.6905099911035393e-05,4535
8M71442,12,1.6927386468523764e-05,4536
8L89030,8,1.693400020030822e-05,4537
8M31928,5,1.6939661264814276e-05,4538
8943263,11,1.696943320439459e-05,4539
8L52574,10,1.6971972655710488e-05,4540
8N73302,15,1.6973721812973963e-05,4541
8N87918,13,1.698518930481896e-05,4542
8934405,8,1.6999109448079253e-05,4543
8934364,5,1.7017945197039808e-05,4544
8P14968,14,1.7022723483250957e-05,4545
8N05494,6,1.703772068140097e-05,4546
8N87246,2,1.7044082881056966e-05,4547
8N72956,13,1.7049700431925885e-05,4548
8981185,12,1.704996762441624e-05,4549
8917927,2,1.707666899619653e-05,4550
8N87858,14,1.7082484678354604e-05,4551
8N87903,13,1.708294780655706e-05,4552
8N87841,14,1.7088285517274926e-05,4553
8N05824,7,1.7096116394554883e-05,4554
8N72907,13,1.709662433313497e-05,4555
8981723,5,1.7115848109483522e-05,4556
8681073,5,1.715819695391474e-05,4557
8N42730,5,1.7167928717753966e-05,4558
8M71332,12,1.7172574757751136e-05,4559
8N13651,14,1.717276487411823e-05,4560
8943484,2,1.7190582070725213e-05,4561
8N14618,13,1.7203685786171263e-05,4562
8N28030,7,1.720590938703026e-05,4563
8M71460,13,1.7223310095459965e-05,4564
8651543,4,1.724846568063043e-05,4565
8747588,2,1.726357305642523e-05,4566
8N72952,13,1.7275538823469105e-05,4567
8800548,9,1.727575417476146e-05,4568
8N05867,11,1.728144559365319e-05,4569
8L89374,5,1.7283816831081822e-05,4570
8N73097,5,1.7299744091481273e-05,4571
8L52932,4,1.7322029648880743e-05,4572
8N14675,13,1.7333043302869555e-05,4573
8P14874,14,1.733789312652334e-05,4574
8N06916,5,1.7351149704580848e-05,4575
8732647,5,1.739658451072046e-05,4576
8651695,5,1.7441593058720173e-05,4577
8N73507,4,1.7446001280063683e-05,4578
8N73194,15,1.7462537691415037e-05,4579
8N73638,13,1.7463624431002245e-05,4580
8681290,7,1.7477198877680067e-05,4581
8309288,5,1.747885949043848e-05,4582
8887230,5,1.7487660670667537e-05,4583
8N14341,15,1.7497185922366043e-05,4584
8N28650,2,1.7499807555054758e-05,4585
8L52224,3,1.7502378767630944e-05,4586
8P14821,15,1.7506023624491718e-05,4587
8L52404,6,1.7534607195557328e-05,4588
8939578,5,1.7545704949384344e-05,4589
8N73241,12,1.7553160697403314e-05,4590
8P11519,14,1.7560010514117153e-05,4591
8N73660,13,1.7560078674705437e-05,4592
8N87847,14,1.7570966008406685e-05,4593
8L89256,4,1.759804786161112e-05,4594
8981944,2,1.7605333937353862e-05,4595
8N72268,7,1.7624605789023917e-05,4596
8M31548,6,1.765250817697961e-05,4597
8939093,10,1.7659221271060233e-05,4598
8N87803,14,1.7665781221865018e-05,4599
8N05643,14,1.7681954602721817e-05,4600
8N06463,12,1.7684714398669144e-05,4601
8800935,10,1.7686573301034514e-05,4602
8N87627,15,1.7688221873868315e-05,4603
8N28807,6,1.769323645817167e-05,4604
8N73928,11,1.7729756422113496e-05,4605
8L52347,11,1.7735065057422617e-05,4606
8N05109,12,1.773563316831428e-05,4607
8L89486,11,1.774152753597491e-05,4608
8N06186,3,1.7744772208061477e-05,4609
8P26917,15,1.776729230584806e-05,4610
8N72114,3,1.777261718416412e-05,4611
8800354,5,1.777588488494075e-05,4612
8732615,9,1.7789504425991254e-05,4613
8M71345,12,1.7791292748370324e-05,4614
8P14860,14,1.7795300465195396e-05,4615
8651882,4,1.7802656614662737e-05,4616
8P14863,14,1.781362180963697e-05,4617
8934402,8,1.78215850610286e-05,4618
8573752,7,1.7839024621935096e-05,4619
8N14593,11,1.7857620775885152e-05,4620
8N06749,5,1.787693395272072e-05,4621
8L30724,12,1.7878783978630963e-05,4622
8L89324,5,1.7905361766379357e-05,4623
8N27079,14,1.7959273762357952e-05,4624
8N06893,11,1.7965625318083767e-05,4625
8M31711,4,1.8001921153754097e-05,4626
8N87160,10,1.803820068912998e-05,4627
8L57814,2,1.804748217892893e-05,4628
8L52202,5,1.8051368215310504e-05,4629
8N73524,5,1.8071409456865695e-05,4630
8887210,4,1.8098453807624537e-05,4631
8N87826,14,1.8110147493644035e-05,4632
8N87976,13,1.811236268167704e-05,4633
8N13625,14,1.8115657724138146e-05,4634
8L48768,11,1.812305890780408e-05,4635
8651765,7,1.8133883031623554e-05,4636
8887238,1,1.8187806148262098e-05,4637
8N06676,14,1.8189649665600882e-05,4638
8M71389,12,1.8202507590103778e-05,4639
8N72512,4,1.8205692462913703e-05,4640
8N28557,2,1.82071724736943e-05,4641
8N87917,13,1.8224877464945166e-05,4642
8887364,9,1.8231502053822624e-05,4643
8N87924,13,1.8238891016153502e-05,4644
8934069,5,1.823920905508203e-05,4645
8N87973,13,1.8269759436861932e-05,4646
8M71328,11,1.827183137947941e-05,4647
8N14343,15,1.8301933380371338e-05,4648
8N87853,14,1.8309112245873393e-05,4649
8732502,8,1.8321119739539427e-05,4650
8934329,5,1.8325949071140712e-05,4651
8M71447,13,1.8347265353213515e-05,4652
8M31546,6,1.835411518413821e-05,4653
8P11768,8,1.835606167333026e-05,4654
8934525,1,1.8356755390414037e-05,4655
8P11571,14,1.8376029743194522e-05,4656
8N05194,13,1.8384677467508936e-05,4657
8N28288,7,1.838681328081293e-05,4658
8N28756,5,1.8392695167790407e-05,4659
8L89299,10,1.8418909007777984e-05,4660
8L64466,13,1.8437112203173456e-05,4661
8M31637,10,1.8441355054577002e-05,4662
8N28148,2,1.8452283285341764e-05,4663
8N87575,11,1.846029167040797e-05,4664
8N14626,13,1.846755321821547e-05,4665
8732525,9,1.8479731011211697e-05,4666
8981195,12,1.8484277461539023e-05,4667
8N05057,4,1.8496850202609494e-05,4668
8168613,5,1.8501016086247546e-05,4669
8N73437,11,1.850478713549819e-05,4670
8M31325,4,1.8508446530063338e-05,4671
8P14717,5,1.8516036426774463e-05,4672
8N72642,2,1.8548533034845605e-05,4673
8N42144,2,1.8572647348946703e-05,4674
8L64184,11,1.859129453407604e-05,4675
8N06688,14,1.8610226334203617e-05,4676
8L64540,12,1.861087835663966e-05,4677
8N28848,5,1.8619922499851782e-05,4678
8N06895,14,1.862389481743776e-05,4679
8N73901,11,1.864124371309117e-05,4680
8N27248,6,1.864147083097123e-05,4681
8L89644,6,1.8672618146808873e-05,4682
8747549,10,1.8693395531954593e-05,4683
8N73941,12,1.8699593397286662e-05,4684
8887305,7,1.8744567121586897e-05,4685
8N72674,11,1.8771593035538103e-05,4686
8917954,2,1.878284542655706e-05,4687
8981928,2,1.8812684231761523e-05,4688
8794367,4,1.8839953682459054e-05,4689
8747974,5,1.8844007684037933e-05,4690
8N05648,11,1.8847778392228065e-05,4691
8N42649,7,1.8869809707666718e-05,4692
8N73912,11,1.8875059026868257e-05,4693
8M31212,11,1.8876675852652625e-05,4694
8L26596,6,1.8879837284657697e-05,4695
8P11578,5,1.8912507073309826e-05,4696
8732671,7,1.8920113911136127e-05,4697
8N13848,15,1.8922201945770212e-05,4698
8M71819,6,1.8923175815643845e-05,4699
8L64291,10,1.892912337098096e-05,4700
8L19912,5,1.8938629963827225e-05,4701
8N73646,13,1.8989724253515305e-05,4702
8N73451,11,1.899442486319458e-05,4703
8N14969,7,1.9001878854396637e-05,4704
8N27122,7,1.9022977088667403e-05,4705
8L19835,5,1.902515754181877e-05,4706
8N73245,14,1.903105563627605e-05,4707
8N73724,14,1.903893002008772e-05,4708
8N06736,5,1.9050994694680412e-05,4709
8N14299,15,1.910040373331867e-05,4710
8N42718,5,1.9113914042634406e-05,4711
8800391,5,1.9133660352110837e-05,4712
8N87709,6,1.915845725619647e-05,4713
8730413,4,1.9168998960594763e-05,4714
8939874,2,1.9177491189736884e-05,4715
8L30604,11,1.9190615034858638e-05,4716
8P14866,15,1.919269715244809e-05,4717
8L19930,10,1.920488276141441e-05,4718
8N13684,13,1.920493915008592e-05,4719
8L49911,4,1.9246081478740962e-05,4720
8934231,3,1.924896321270353e-05,4721
8939158,5,1.9250469627252187e-05,4722
8N28909,8,1.925538703062557e-05,4723
8L19578,8,1.92591542322873e-05,4724
8800340,7,1.9262717380286176e-05,4725
8939534,5,1.9266414881258243e-05,4726
8747698,4,1.929038307935116e-05,4727
8N73998,14,1.929879253736999e-05,4728
8N87617,15,1.9298877475648624e-05,4729
8N72923,13,1.9308829749320466e-05,4730
8N42527,5,1.9319764646752446e-05,4731
8N28550,3,1.9335309389134636e-05,4732
8N73982,12,1.9362072720241486e-05,4733
8P11531,15,1.9417367759899662e-05,4734
8N13676,13,1.9448749952744038e-05,4735
8N87530,11,1.9457710621395563e-05,4736
8L30947,2,1.9459003198107894e-05,4737
8P14979,14,1.948027235698646e-05,4738
8N73244,14,1.9486227714082816e-05,4739
8M71268,5,1.951900426888642e-05,4740
8732294,5,1.9539655909284193e-05,4741
8N73694,13,1.9550516441313448e-05,4742
8939860,8,1.9568112605838905e-05,4743
8N73564,6,1.9595554858753417e-05,4744
8N73649,13,1.9599887224330814e-05,4745
8N28375,8,1.960785016308364e-05,4746
8N13930,5,1.9634664134571267e-05,4747
8N27031,14,1.964389572606251e-05,4748
8L64202,4,1.9658432055758013e-05,4749
8934380,4,1.9666911725835234e-05,4750
8N06432,9,1.9682452830238617e-05,4751
8N87591,11,1.9717124700946442e-05,4752
8800095,6,1.9728513430905537e-05,4753
8M71484,13,1.9755912717300816e-05,4754
8N05273,13,1.976235239453672e-05,4755
8L30760,11,1.9764934791055566e-05,4756
8N42733,4,1.9768723149127254e-05,4757
8N13654,14,1.9771067279350518e-05,4758
8747520,5,1.9773681941614996e-05,4759
8730437,5,1.9784933661171067e-05,4760
8681056,6,1.9785728852639295e-05,4761
8L64572,12,1.9788182171964763e-05,4762
8981824,5,1.98063359846401e-05,4763
8L52603,9,1.9829002411597685e-05,4764
8L30090,13,1.9831200575026742e-05,4765
8L89436,5,1.984562163670489e-05,4766
8P14993,14,1.9858598506061753e-05,4767
8P14111,5,1.987294304228726e-05,4768
8N05438,6,1.989723520523512e-05,4769
8681336,7,1.991883149798923e-05,4770
8N87908,13,1.992076806800469e-05,4771
8L52345,11,1.9928695536464147e-05,4772
8L52393,12,1.999828582910368e-05,4773
8N14533,11,2.005764432055912e-05,4774
8681055,6,2.0058439986314625e-05,4775
8N13685,13,2.007935154324514e-05,4776
8L30712,12,2.008602581327068e-05,4777
8L64902,5,2.0088343489987892e-05,4778
8L30451,6,2.0094107071599865e-05,4779
8L89692,5,2.0096783998724277e-05,4780
8168636,5,2.01026089143852e-05,4781
8N06473,12,2.0105150838389818e-05,4782
8N14594,11,2.0108386038941717e-05,4783
8N05706,4,2.011544252411568e-05,4784
8943704,11,2.012012559049481e-05,4785
8P11574,14,2.0143263668614964e-05,4786
8N73232,12,2.018602264541869e-05,4787
8866773,10,2.0193097327592113e-05,4788
8N13623,14,2.020310103034717e-05,4789
8M31944,6,2.021115675177043e-05,4790
8N06917,5,2.0218716485942423e-05,4791
8943082,4,2.026088486672961e-05,4792
8309135,5,2.0266324213480402e-05,4793
8N05874,11,2.0267873878765386e-05,4794
8N87979,13,2.030023449606233e-05,4795
8N28681,5,2.0317768651523238e-05,4796
8L48694,6,2.033030051507012e-05,4797
8N87802,14,2.033054107641874e-05,4798
8N73657,13,2.036272485383961e-05,4799
8P11551,14,2.0363187864802512e-05,4800
8N73927,11,2.0381864032970043e-05,4801
8N73423,6,2.0385027490021912e-05,4802
8N73821,5,2.0392984595218877e-05,4803
8L30249,10,2.0410537757697966e-05,4804
8747114,6,2.0417687636609116e-05,4805
8800314,5,2.044030571823896e-05,4806
8N87883,13,2.0461243309455313e-05,4807
8N13612,14,2.0472239157243166e-05,4808
8943121,5,2.0477276791552868e-05,4809
8N06691,14,2.0481896967794455e-05,4810
8N05881,11,2.0487695486792745e-05,4811
8M72736,4,2.0501612844725514e-05,4812
8M71351,12,2.051940651881523e-05,4813
8N72369,4,2.0538889941690286e-05,4814
8N72353,4,2.0551273095748e-05,4815
8939684,11,2.056465274691277e-05,4816
8730952,3,2.0565802401506517e-05,4817
8N87532,11,2.0565951103890256e-05,4818
8M71084,2,2.058556385620136e-05,4819
8P14815,14,2.059860523218049e-05,4820
8939916,11,2.0610194269465865e-05,4821
8732511,2,2.061244941842233e-05,4822
8N05168,12,2.0614685958264545e-05,4823
8857780,6,2.062598423435702e-05,4824
8N42120,8,2.0645941617658536e-05,4825
8L52950,5,2.0662793119186063e-05,4826
8L19936,5,2.0671395326132824e-05,4827
8L89441,4,2.0681737055383564e-05,4828
8747713,7,2.0694887048477995e-05,4829
8N42191,2,2.0699501362742012e-05,4830
8N14589,11,2.0714812535516103e-05,4831
8N05671,15,2.0741085005049342e-05,4832
8N73470,11,2.075215684271825e-05,4833
8N87544,11,2.0766021236795495e-05,4834
8L64839,3,2.0767640805274823e-05,4835
8857946,3,2.0799725746201148e-05,4836
8L19556,8,2.0840822855916485e-05,4837
8681025,5,2.0883198658339097e-05,4838
8L19830,5,2.0906059944536537e-05,4839
8P14864,15,2.091566026862779e-05,4840
8N05242,13,2.0921395949002886e-05,4841
8747223,5,2.0952993622813665e-05,4842
8N87941,13,2.0957892859385652e-05,4843
8981277,5,2.0965970005892842e-05,4844
8M31516,1,2.0978781037683802e-05,4845
8N06894,11,2.1002096787015034e-05,4846
8N13854,15,2.101613682725656e-05,4847
8N27581,5,2.1029257311511174e-05,4848
8747534,5,2.104919730072652e-05,4849
8N28682,5,2.108366067687939e-05,4850
8651942,7,2.1127686665067813e-05,4851
8681254,4,2.1129634205863113e-05,4852
8681065,9,2.1137753435596096e-05,4853
8N05171,12,2.1141409547453804e-05,4854
8N28853,5,2.1160845250278726e-05,4855
8943345,11,2.116534376561674e-05,4856
8L19693,2,2.1187276225020923e-05,4857
8L89739,10,2.1206364408499212e-05,4858
8M31547,5,2.1230114327863703e-05,4859
8P26523,9,2.1252210721911524e-05,4860
8L64283,5,2.1260267118350384e-05,4861
8732667,2,2.1268815864949886e-05,4862
8N72957,13,2.1280604855178353e-05,4863
8P14970,14,2.1317409334642434e-05,4864
8N13931,5,2.13204523831223e-05,4865
8N87579,11,2.1353248513378276e-05,4866
8N14550,11,2.1369386445257987e-05,4867
8N73425,6,2.138410923180345e-05,4868
8N87080,5,2.1393361180344073e-05,4869
8N14602,13,2.1395825683612202e-05,4870
8816428,1,2.1412081366634084e-05,4871
8N06943,4,2.1461433789227158e-05,4872
8N05798,10,2.1465167179712807e-05,4873
8M71256,5,2.147026759757864e-05,4874
8L30667,13,2.1475180290053686e-05,4875
8N06697,14,2.15060170205561e-05,4876
8747424,5,2.1506040470242738e-05,4877
8309159,6,2.1507293581635167e-05,4878
8N87774,5,2.151646540227148e-05,4879
8N05236,12,2.1517004938687023e-05,4880
8N05691,15,2.1518916526019893e-05,4881
8N73619,13,2.1528234924517164e-05,4882
8N06699,14,2.1565432113845873e-05,4883
8N72915,13,2.1581846795015736e-05,4884
8N73930,12,2.1616209693320343e-05,4885
8L89202,5,2.163930409437853e-05,4886
8L30761,10,2.164492164524745e-05,4887
8681415,5,2.1652380041814467e-05,4888
8732531,9,2.166523450597424e-05,4889
8747720,5,2.1691713413929392e-05,4890
8N06692,14,2.170527628209129e-05,4891
8N05170,12,2.1736649287618093e-05,4892
8573187,4,2.1758244415082117e-05,4893
8732653,5,2.1769102716007183e-05,4894
8800478,4,2.1775858868977593e-05,4895
8N05199,13,2.178606473535183e-05,4896
8L57955,13,2.1830668288203015e-05,4897
8651548,4,2.183433989699779e-05,4898
8N42923,4,2.1837104995370282e-05,4899
8M31382,5,2.185057832093662e-05,4900
8309190,4,2.18636905628955e-05,4901
8N42086,2,2.1874075400774018e-05,4902
8N73992,12,2.187504209416602e-05,4903
8800535,10,2.1875170261864696e-05,4904
8L48435,2,2.188913694567418e-05,4905
8N05243,13,2.1906671918259235e-05,4906
8M31262,5,2.1910512089107215e-05,4907
8L64372,3,2.192382908106083e-05,4908
8N05297,13,2.1937650231507178e-05,4909
8M71372,12,2.1939347490729233e-05,4910
8M31532,5,2.1943905863963664e-05,4911
8N87813,14,2.1951273879494693e-05,4912
8887202,4,2.197002913817414e-05,4913
8N72932,13,2.199687975235065e-05,4914
8939629,5,2.2011759440943024e-05,4915
8L89268,5,2.2018149934410758e-05,4916
8N73505,5,2.2032254612724955e-05,4917
8N14604,13,2.2046145957688168e-05,4918
8N05263,13,2.206545880056865e-05,4919
8N05624,14,2.2080518959910478e-05,4920
8N72389,6,2.2092507606430445e-05,4921
8N28873,5,2.2149478809296852e-05,4922
8N27095,2,2.2151924930824407e-05,4923
8N06490,12,2.220530683416655e-05,4924
8730509,5,2.220703231614607e-05,4925
8M72245,2,2.220705619038199e-05,4926
8N72716,4,2.2254088833051355e-05,4927
8N72673,11,2.2262434455910807e-05,4928
8N05699,15,2.228780772384198e-05,4929
8943735,5,2.2304183971755265e-05,4930
8N13114,14,2.2309223822958302e-05,4931
8N13686,13,2.2312927001166827e-05,4932
8N06673,14,2.2321971027139398e-05,4933
8904640,7,2.233980441701533e-05,4934
8939747,5,2.23619261987551e-05,4935
8N05876,11,2.2378452058546827e-05,4936
8N28847,5,2.2383417558557994e-05,4937
8732685,5,2.238709720359111e-05,4938
8939368,7,2.2398026771952573e-05,4939
8N14186,5,2.241514174272652e-05,4940
8N14005,6,2.2416115314172202e-05,4941
8L89466,6,2.242540949737304e-05,4942
8N14041,4,2.2464262883659103e-05,4943
8P11550,14,2.2523078627045834e-05,4944
8598602,6,2.2526051891347265e-05,4945
8730444,1,2.255055242983417e-05,4946
8M72540,11,2.25533480033846e-05,4947
8M72700,14,2.2570946327959973e-05,4948
8M31438,4,2.2616298476274554e-05,4949
8794306,4,2.26229227564545e-05,4950
8800567,6,2.2631452594623624e-05,4951
8L30899,11,2.2648222454790812e-05,4952
8L89836,5,2.266495963176851e-05,4953
8N05087,6,2.267302033942542e-05,4954
8N73990,12,2.2696953806189413e-05,4955
8N13663,13,2.271536678222219e-05,4956
8N27476,2,2.2717807496519526e-05,4957
8747555,5,2.273856736678681e-05,4958
8887448,5,2.2751318926594877e-05,4959
8N13974,5,2.2780713834436028e-05,4960
8L30851,2,2.2788726294464823e-05,4961
8N14288,15,2.2790458643839884e-05,4962
8L52372,11,2.2794959477323573e-05,4963
8N06011,2,2.2802208604844054e-05,4964
8N05180,13,2.2805616254117922e-05,4965
8L52210,4,2.2825262902870236e-05,4966
8N73229,12,2.282589397850643e-05,4967
8N87572,11,2.2828255850981805e-05,4968
8L64144,8,2.2834368735402677e-05,4969
8L64134,5,2.2876314353936777e-05,4970
8N13698,13,2.2887945988259162e-05,4971
8L30783,5,2.2898667793924687e-05,4972
8732600,7,2.2914621268910196e-05,4973
8P14842,14,2.291879059157509e-05,4974
8747941,4,2.2937367816666665e-05,4975
8747517,5,2.2953459080099492e-05,4976
8L52411,6,2.2954872164859808e-05,4977
8887490,10,2.2981132929089654e-05,4978
8P14927,14,2.2998649683358963e-05,4979
8L30468,12,2.3020888505698167e-05,4980
8L30449,4,2.3045628154250153e-05,4981
8L89992,2,2.304574957179284e-05,4982
8N27558,5,2.3047061121772572e-05,4983
8887349,5,2.304943501485468e-05,4984
8P26195,5,2.3055181884501508e-05,4985
8N05142,12,2.3079549293925083e-05,4986
8N87243,2,2.3081633671040436e-05,4987
8N06928,4,2.310479533207399e-05,4988
8981096,11,2.3126912552129397e-05,4989
8N73628,13,2.315846961664647e-05,4990
8800356,5,2.31814982925016e-05,4991
8M72644,4,2.3191255536403332e-05,4992
8981354,11,2.3196478792897324e-05,4993
8681200,4,2.319841937747924e-05,4994
8N73656,13,2.320777082331915e-05,4995
8N14291,15,2.3209222831610532e-05,4996
8N14622,13,2.321074779843002e-05,4997
8N13064,14,2.3211141666479307e-05,4998
8N73614,14,2.324897820926708e-05,4999
8P11385,14,2.3301992245094993e-05,5000
8N05747,4,2.3302828322968594e-05,5001
8N87974,13,2.3309457674258738e-05,5002
8P14658,2,2.3311554173233162e-05,5003
8800497,4,2.3356230769877584e-05,5004
8N06394,4,2.337787712036743e-05,5005
8M31554,6,2.3399580072691606e-05,5006
8P11749,7,2.3405881165672326e-05,5007
8917801,2,2.3417733174824207e-05,5008
8887440,5,2.346760277305293e-05,5009
8N05147,12,2.3468975825835514e-05,5010
8M72602,5,2.3517169836395624e-05,5011
8M72737,4,2.3538659348787405e-05,5012
8981802,5,2.35926887057758e-05,5013
8M72009,6,2.3611338320961295e-05,5014
8816947,4,2.3628326516700326e-05,5015
8M31370,5,2.364860110048994e-05,5016
8N87518,11,2.364953900269029e-05,5017
8N05253,13,2.3657839681945347e-05,5018
8N73946,12,2.3672049572098786e-05,5019
8N06887,14,2.3681965473087985e-05,5020
8N42645,7,2.3730729878934653e-05,5021
8730553,3,2.373552331391693e-05,5022
8N05677,15,2.3747242892113718e-05,5023
8N87622,15,2.3767490063164587e-05,5024
8866745,4,2.3786678674753148e-05,5025
8N72931,13,2.3796250872010205e-05,5026
8747590,2,2.3797083542831388e-05,5027
8N06347,4,2.3826231540624576e-05,5028
8N13691,13,2.3841932375034958e-05,5029
8P26527,9,2.3881514209733723e-05,5030
8N14605,13,2.3907611364393233e-05,5031
8L52241,3,2.3926769063820075e-05,5032
8P11566,14,2.3938419303703995e-05,5033
8N73506,5,2.395705445223939e-05,5034
8P14976,14,2.397076548277255e-05,5035
8P11543,15,2.400269031355151e-05,5036
8L30162,12,2.403512132787e-05,5037
8L30372,2,2.403553253316204e-05,5038
8887290,5,2.4046715338954527e-05,5039
8309277,5,2.4072484848147724e-05,5040
8L64271,5,2.4096293145703385e-05,5041
8N72955,13,2.4101090389194724e-05,5042
8M71486,13,2.4131952613970498e-05,5043
8P14811,15,2.4221308343896908e-05,5044
8N73993,12,2.425126521643506e-05,5045
8N14921,4,2.4252365221855143e-05,5046
8L64171,8,2.4261834823846584e-05,5047
8N73698,13,2.428562447676086e-05,5048
8N14015,7,2.431375048672635e-05,5049
8N14645,13,2.4334073543741397e-05,5050
8N87563,11,2.4342478582184413e-05,5051
8N42709,4,2.437600562643638e-05,5052
8747799,4,2.4383410959671892e-05,5053
8N73243,14,2.4406569295365443e-05,5054
8887379,4,2.4419770568329113e-05,5055
8N06941,4,2.4448771975826844e-05,5056
8L64178,9,2.445730996214479e-05,5057
8N13681,13,2.4476919122662366e-05,5058
8M71321,5,2.4490818645972467e-05,5059
8N06889,11,2.4495532471746628e-05,5060
8N73402,4,2.450489182592719e-05,5061
8L89682,6,2.4520850359976976e-05,5062
8N06831,11,2.454770120152716e-05,5063
8747218,5,2.4569280526520743e-05,5064
8N05264,13,2.460385141489496e-05,5065
8981264,5,2.4625611672490777e-05,5066
8N14162,5,2.4633489829284372e-05,5067
8934090,5,2.4642779521855118e-05,5068
8M71290,6,2.464909152877226e-05,5069
8N87564,11,2.465641501459004e-05,5070
8N14587,11,2.4669400886523363e-05,5071
8N13419,2,2.4690008075367587e-05,5072
8N73230,12,2.47228242926667e-05,5073
8732621,2,2.4736129661917516e-05,5074
8L89994,3,2.4744572215240623e-05,5075
8L89642,10,2.4760393785072665e-05,5076
8N72670,4,2.476469747136889e-05,5077
8118426,6,2.477419889146404e-05,5078
8L26579,5,2.4779877549008233e-05,5079
8N28499,2,2.4792553475094792e-05,5080
8N72066,2,2.4798075685339427e-05,5081
8N06786,5,2.481623469918759e-05,5082
8730448,1,2.4818602845755322e-05,5083
8M72532,11,2.4826789058352006e-05,5084
8L19926,10,2.4839323015779513e-05,5085
8N73003,4,2.4875664308865453e-05,5086
8N87811,14,2.4916676807151816e-05,5087
8N73448,11,2.4932234083507865e-05,5088
8939762,5,2.4950124611677893e-05,5089
8N73831,5,2.4959706365734746e-05,5090
8800046,5,2.4968066782093956e-05,5091
8N27959,5,2.4978006180731427e-05,5092
8N14952,6,2.498394516692315e-05,5093
8N73964,12,2.4998447884172492e-05,5094
8N05650,11,2.500499562074765e-05,5095
8N87550,11,2.5005225325003266e-05,5096
8N87339,4,2.507226530212847e-05,5097
8L89752,5,2.5100993184423714e-05,5098
8N73407,4,2.5121471423972253e-05,5099
8681370,5,2.512372589080769e-05,5100
8M31420,10,2.5143111109571237e-05,5101
8P26748,7,2.5216573988018354e-05,5102
8N72376,4,2.5226188263616223e-05,5103
8681403,5,2.5246062996586716e-05,5104
8N05567,3,2.5246108606324924e-05,5105
8N73514,7,2.524748543919486e-05,5106
8M31374,5,2.5299622564034507e-05,5107
8N05127,14,2.536607411229852e-05,5108
8L89526,4,2.5372287211666844e-05,5109
8800436,6,2.5381454918260715e-05,5110
8939342,7,2.5404848599919205e-05,5111
8800936,10,2.54356150435342e-05,5112
8981831,7,2.5462591906944e-05,5113
8N05364,15,2.5469925049037556e-05,5114
8N27085,14,2.547276500308726e-05,5115
8309164,10,2.54753916806294e-05,5116
8N14758,2,2.5476336153906765e-05,5117
8M72292,2,2.5488052472155687e-05,5118
8857274,10,2.5498424975012313e-05,5119
8N06727,4,2.5510360103453422e-05,5120
8N87539,11,2.555294565809163e-05,5121
8N13637,14,2.5564652773368834e-05,5122
8L52909,2,2.559449077921272e-05,5123
8887304,7,2.561354176577879e-05,5124
8N14446,4,2.5640657852932236e-05,5125
8N73221,12,2.5647771252579332e-05,5126
8P11561,14,2.568726711160707e-05,5127
8747879,1,2.570547593450101e-05,5128
8N87819,14,2.5717716312101402e-05,5129
8N14350,15,2.5737966325323214e-05,5130
8730445,1,2.5782140710362e-05,5131
8N87342,5,2.5833039330791507e-05,5132
8730547,3,2.5882803299737134e-05,5133
8N05155,12,2.591178380839665e-05,5134
8L52205,8,2.5913276431310805e-05,5135
8P11577,5,2.591697514731095e-05,5136
8N05268,13,2.5917725793078716e-05,5137
8P26743,7,2.5939005496411482e-05,5138
8L30634,12,2.5959497861549607e-05,5139
8N05203,12,2.596058845938387e-05,5140
8981325,6,2.5961850155908905e-05,5141
8M72016,2,2.5970648323436762e-05,5142
8816427,1,2.5980852711882108e-05,5143
8N42520,5,2.6010142050836293e-05,5144
8N06486,14,2.6033322349405807e-05,5145
8N72575,4,2.6040393208859314e-05,5146
8L30059,13,2.604798275029907e-05,5147
8857275,10,2.6049110402937004e-05,5148
8N05261,13,2.606490031098474e-05,5149
8N14668,13,2.6078011615027208e-05,5150
8168698,5,2.6080533245931292e-05,5151
8887488,5,2.6080867087330262e-05,5152
8M72752,1,2.60958709930037e-05,5153
8N87325,6,2.609930098174118e-05,5154
8M71269,5,2.6101156862523567e-05,5155
8N72938,13,2.611896729831642e-05,5156
8N14546,11,2.6151982183364453e-05,5157
8N87576,11,2.616484209738701e-05,5158
8681037,5,2.6168429428707896e-05,5159
8943429,2,2.6197689443563377e-05,5160
8887368,5,2.621196743746168e-05,5161
8681059,6,2.6233402138586825e-05,5162
8M31216,11,2.6264896405336913e-05,5163
8N87513,11,2.6284329237569182e-05,5164
8943534,11,2.628971260776325e-05,5165
8L48410,5,2.6321136971318992e-05,5166
8N73722,14,2.6324189093429595e-05,5167
8M72037,3,2.6327648583901464e-05,5168
8939344,5,2.634022590797258e-05,5169
8N72940,13,2.6370401201347704e-05,5170
8887272,7,2.638042838043475e-05,5171
8L48764,11,2.638993579751059e-05,5172
8L89470,6,2.639151875882817e-05,5173
8747757,7,2.639748205979231e-05,5174
8N87851,14,2.6399216295658334e-05,5175
8939360,5,2.6466092663213203e-05,5176
8N05030,5,2.647777148467867e-05,5177
8N73604,14,2.6557643991509394e-05,5178
8N05878,11,2.6558470352711083e-05,5179
8N05226,12,2.6597024572083683e-05,5180
8939352,5,2.6625578044559006e-05,5181
8L19862,6,2.662992115176621e-05,5182
8L48310,5,2.663982190576064e-05,5183
8L19928,10,2.6660830428681948e-05,5184
8L52592,7,2.6666706048672495e-05,5185
8M71502,4,2.6710817877528825e-05,5186
8N27965,8,2.6727632075562724e-05,5187
8800051,7,2.6747455031284062e-05,5188
8N27053,14,2.6779055531278573e-05,5189
8730584,5,2.686542663354885e-05,5190
8730453,5,2.688416930141102e-05,5191
8732648,5,2.6971911367468238e-05,5192
8M72916,6,2.6981758651345444e-05,5193
8N05532,5,2.7008614864598712e-05,5194
8L89754,5,2.700982201986335e-05,5195
8M72036,3,2.707908151933225e-05,5196
8N87632,15,2.7135704840475228e-05,5197
8887314,7,2.7147385935677448e-05,5198
8N05445,6,2.7167352484980256e-05,5199
8981253,5,2.7174214608294278e-05,5200
8L89326,10,2.724913588281197e-05,5201
8800059,4,2.7249518382177484e-05,5202
8P14315,14,2.7310085727094702e-05,5203
8747729,5,2.731402057243315e-05,5204
8N87806,14,2.7319067584130607e-05,5205
8P14987,14,2.7346104047865083e-05,5206
8N87962,13,2.7369195294113524e-05,5207
8N28644,8,2.7390460189735677e-05,5208
8N87935,13,2.741349146617722e-05,5209
8L89640,5,2.7413722591518308e-05,5210
8N05173,12,2.7424282251331533e-05,5211
8P11833,15,2.7484226137630685e-05,5212
8N42734,4,2.751870659167821e-05,5213
8N06851,11,2.7566682774704532e-05,5214
8887495,7,2.759315771072579e-05,5215
8N42674,5,2.766438910839497e-05,5216
8939377,7,2.7729819684907397e-05,5217
8N72672,11,2.776955452787888e-05,5218
8M31838,1,2.779204085001652e-05,5219
8N87057,5,2.7793964704869722e-05,5220
8M71361,12,2.7830112571791688e-05,5221
8M72406,13,2.7837367941430102e-05,5222
8L89553,12,2.7838350746378637e-05,5223
8L52229,9,2.7841047159665733e-05,5224
8L30633,12,2.785829030926834e-05,5225
8L30696,12,2.787301950490928e-05,5226
8730932,3,2.790504721161824e-05,5227
8N14905,6,2.7917821341816307e-05,5228
8939378,7,2.793855233562681e-05,5229
8N13859,15,2.7941114467466832e-05,5230
8N42717,5,2.7963240114559085e-05,5231
8N73196,15,2.7968649533249845e-05,5232
8N87701,5,2.8009321397348685e-05,5233
8P11947,5,2.802099436394201e-05,5234
8P26405,5,2.804681002999132e-05,5235
8M71735,3,2.80837225545838e-05,5236
8681486,2,2.8105733235861408e-05,5237
8L30591,5,2.811191694718218e-05,5238
8730938,3,2.818402714410695e-05,5239
8N72965,2,2.8217013522180423e-05,5240
8747222,5,2.823414570229943e-05,5241
8M72576,11,2.839711601154704e-05,5242
8857269,1,2.841241729356625e-05,5243
8939076,5,2.8427143888620776e-05,5244
8N73950,12,2.8466458729781152e-05,5245
8681240,3,2.8473011937535375e-05,5246
8N28429,2,2.849539222893327e-05,5247
8800424,10,2.8521587751129118e-05,5248
8730548,3,2.8561142283223262e-05,5249
8747872,6,2.857705374026409e-05,5250
8800027,4,2.8625512392466135e-05,5251
8P14977,14,2.8690823967281176e-05,5252
8573603,5,2.8693772549104324e-05,5253
8L48592,5,2.8739090964791103e-05,5254
8L89646,6,2.8766116230372063e-05,5255
8L52954,5,2.8773156827810453e-05,5256
8N14596,11,2.879554722312605e-05,5257
8N72330,4,2.8831599820478004e-05,5258
8N13671,13,2.8905019178182556e-05,5259
8N87897,13,2.890806831601367e-05,5260
8939392,6,2.8964792534225126e-05,5261
8L52598,10,2.899969342706754e-05,5262
8866799,6,2.900403868011381e-05,5263
8M71823,5,2.900976232922403e-05,5264
8L89487,11,2.915547162274379e-05,5265
8N14975,7,2.916865622637488e-05,5266
8N05160,12,2.9240689514153928e-05,5267
8N73624,13,2.9254064202177688e-05,5268
8N73623,13,2.9255907492142796e-05,5269
8681361,4,2.9268623734424182e-05,5270
8651875,5,2.9276589884830173e-05,5271
8L52534,5,2.9338082697449863e-05,5272
8P14852,14,2.935776302237514e-05,5273
8681017,4,2.9365901212941026e-05,5274
8L30355,7,2.943617045048086e-05,5275
8N73313,15,2.951558451513847e-05,5276
8L52324,12,2.95347538212809e-05,5277
8N06560,4,2.9565408624421252e-05,5278
8934374,5,2.9661097300959227e-05,5279
8N87547,11,2.9768934396656732e-05,5280
8M31622,4,2.9828857577740564e-05,5281
8N73658,13,2.9853903228627132e-05,5282
8943486,5,2.9869984146557726e-05,5283
8747940,4,2.9900402481075616e-05,5284
8N88000,13,2.9930056598459487e-05,5285
8N73357,15,2.9942677315375477e-05,5286
8M71810,7,3.0025229463603864e-05,5287
8939749,5,3.0027416329403422e-05,5288
8M72673,4,3.0036932635368885e-05,5289
8N87855,14,3.004107850301807e-05,5290
8747875,1,3.0051839765121713e-05,5291
8N13490,8,3.0053134992158448e-05,5292
8N73626,11,3.0130227941072008e-05,5293
8N28358,2,3.0152954352047345e-05,5294
8N27117,7,3.023603301244293e-05,5295
8939374,7,3.0258914875958e-05,5296
8681287,7,3.027470449978864e-05,5297
8800091,6,3.028563071438839e-05,5298
8N05167,12,3.0289830306173826e-05,5299
8537728,5,3.0335392807501194e-05,5300
8N87594,11,3.0376197400983074e-05,5301
8N73487,11,3.039553212147439e-05,5302
8L49910,5,3.0406599307752913e-05,5303
8L30599,5,3.041677712189994e-05,5304
8887462,1,3.0419839617934485e-05,5305
8N06999,6,3.04664409753741e-05,5306
8800146,9,3.051951173205225e-05,5307
8730981,6,3.052624474264576e-05,5308
8309156,6,3.053777089689902e-05,5309
8N28149,2,3.054723060813558e-05,5310
8939139,10,3.0575072401006764e-05,5311
8N72795,4,3.064055516688313e-05,5312
8943014,10,3.068697990471492e-05,5313
8N06864,11,3.071387281750049e-05,5314
8N14002,6,3.07187358430383e-05,5315
8N14689,13,3.074247138101782e-05,5316
8N72496,2,3.077073563417798e-05,5317
8N13926,5,3.0795330758337514e-05,5318
8N73477,11,3.0798761144978926e-05,5319
8800477,4,3.0806882591605245e-05,5320
8L89503,5,3.084003861886231e-05,5321
8N13968,6,3.092444842422992e-05,5322
8939750,5,3.0967925752634073e-05,5323
8816495,5,3.097550733599519e-05,5324
8L52223,8,3.098455528061095e-05,5325
8N05444,6,3.099433108388894e-05,5326
8N06783,5,3.102229709384119e-05,5327
8934893,5,3.104042895074599e-05,5328
8N13558,2,3.105422563010052e-05,5329
8651512,3,3.105721008367368e-05,5330
8794353,1,3.10663355449492e-05,5331
8N72908,13,3.113607550631059e-05,5332
8P11530,15,3.119790278560686e-05,5333
8P26525,9,3.119890396874325e-05,5334
8934267,7,3.1203445075789205e-05,5335
8N13605,14,3.1272546266336576e-05,5336
8414806,5,3.1317404136643745e-05,5337
8730922,3,3.1324211704486515e-05,5338
8N14588,11,3.1329619730513514e-05,5339
8M72882,4,3.134230382784153e-05,5340
8L19610,9,3.1418378227954236e-05,5341
8N73465,11,3.14860716343901e-05,5342
8981293,5,3.1492834523305646e-05,5343
8N73681,13,3.150772602111829e-05,5344
8M71231,6,3.1512777354691934e-05,5345
8N72927,13,3.154486637413356e-05,5346
8N14803,9,3.154886888978581e-05,5347
8L48440,5,3.155556373712898e-05,5348
8L89724,4,3.160677056257555e-05,5349
8L64142,8,3.161469118140303e-05,5350
8M72832,6,3.1667788448430656e-05,5351
8N73949,12,3.168967293731839e-05,5352
8N28694,5,3.1696767308631024e-05,5353
8M72633,6,3.1812196311875596e-05,5354
8L89335,6,3.181459519652208e-05,5355
8943515,11,3.1872165777713235e-05,5356
8904733,12,3.18728151569303e-05,5357
8934472,3,3.189121207469725e-05,5358
8L30596,4,3.19055303634741e-05,5359
8M71835,4,3.202795664947189e-05,5360
8L26595,6,3.202894151854707e-05,5361
8N73093,5,3.204331019901474e-05,5362
8N05797,10,3.205259559990736e-05,5363
8651795,2,3.205833604624786e-05,5364
8P11051,9,3.216169561426341e-05,5365
8L89663,4,3.221236011086148e-05,5366
8939460,3,3.222006263570165e-05,5367
8981803,6,3.2352417038694625e-05,5368
8N73951,12,3.250925816189465e-05,5369
8651799,2,3.256840366816505e-05,5370
8857401,4,3.25992823935195e-05,5371
8309287,5,3.2668057031060016e-05,5372
8800574,5,3.272748540439352e-05,5373
8887310,5,3.274413410991883e-05,5374
8N87555,11,3.2757743269939965e-05,5375
8L30762,12,3.279898032815254e-05,5376
8857276,10,3.282112791680447e-05,5377
8N72737,4,3.284873071152106e-05,5378
8939899,5,3.2891558248593356e-05,5379
8939150,4,3.294531359188113e-05,5380
8943113,7,3.294862790426123e-05,5381
8732505,8,3.3008420782021375e-05,5382
8730497,4,3.301634127694797e-05,5383
8887035,2,3.3023938158294186e-05,5384
8939539,5,3.3024597826170066e-05,5385
8681384,3,3.305379846096912e-05,5386
8816929,4,3.305793939034629e-05,5387
8N14003,6,3.3098462949965324e-05,5388
8M31331,5,3.316196239211422e-05,5389
8P14652,2,3.318804209584414e-05,5390
8M71158,13,3.322254542581504e-05,5391
8N14599,11,3.330754930175317e-05,5392
8L64288,10,3.3314747042823e-05,5393
8N05133,12,3.3351883416798955e-05,5394
8N06922,5,3.335889277877868e-05,5395
8N14582,11,3.3419655949273874e-05,5396
8939375,7,3.3450691944381106e-05,5397
8857202,4,3.349675398567342e-05,5398
8L52619,3,3.357871565867754e-05,5399
8N06570,4,3.360745483860228e-05,5400
8M31282,10,3.399417892069323e-05,5401
8N14018,5,3.413875481328432e-05,5402
8N05190,13,3.4203114068986906e-05,5403
8N14592,11,3.4221936203948644e-05,5404
8747734,7,3.422405666242412e-05,5405
8N42735,4,3.4234949509936996e-05,5406
8P11834,15,3.4310703199480486e-05,5407
8N14591,11,3.4375188988633454e-05,5408
8732256,1,3.4623048804860446e-05,5409
8M31197,8,3.4948685552649295e-05,5410
8598907,6,3.497360853543796e-05,5411
8N27307,5,3.5141652375614285e-05,5412
8N05875,11,3.515336555892645e-05,5413
8L19656,3,3.518047131478852e-05,5414
8N42143,2,3.521506884851533e-05,5415
8800519,5,3.5279187727610406e-05,5416
8857104,7,3.543333264133253e-05,5417
8N27069,14,3.5453893730164054e-05,5418
8747104,5,3.548518702700676e-05,5419
8N14981,6,3.555808302735386e-05,5420
8800104,10,3.557288323463581e-05,5421
8L89358,4,3.5637360156215436e-05,5422
8N42289,5,3.567624435163452e-05,5423
8N14119,4,3.568462022940366e-05,5424
8M31328,5,3.5688145487711154e-05,5425
8N13606,14,3.578601001663628e-05,5426
8N87368,4,3.5792031098935695e-05,5427
8N14612,13,3.5793575875686656e-05,5428
8N05269,13,3.601636672101449e-05,5429
8168769,5,3.6137992481144465e-05,5430
8N14980,6,3.6138060295343166e-05,5431
8M72643,4,3.6175301559637774e-05,5432
8P14278,4,3.619213521233178e-05,5433
8887206,4,3.620375980517565e-05,5434
8N27835,6,3.6209049767421675e-05,5435
8N87574,11,3.63267879919249e-05,5436
8934887,7,3.637848567450419e-05,5437
8L19505,3,3.639070359895413e-05,5438
8M31435,4,3.6528942473523784e-05,5439
8M31713,5,3.6533951629280637e-05,5440
8N87114,4,3.657201122564402e-05,5441
8N42771,10,3.664082169052563e-05,5442
8651870,5,3.664105221901082e-05,5443
8794305,4,3.6757275836407644e-05,5444
8M31356,5,3.6788867760151334e-05,5445
8N27951,4,3.6806423878488204e-05,5446
8N05868,11,3.68512869499682e-05,5447
8L64215,5,3.694240524509951e-05,5448
8L30500,2,3.699550893543346e-05,5449
8939379,7,3.7025722519956616e-05,5450
8L49974,5,3.707147965315016e-05,5451
8N73819,5,3.710815784074839e-05,5452
8L48463,10,3.7151576862015645e-05,5453
8730957,3,3.730168828042224e-05,5454
8N05686,15,3.739030211136196e-05,5455
8L57927,3,3.747265179754322e-05,5456
8P26702,7,3.753049099941563e-05,5457
8N14937,4,3.7758992334602226e-05,5458
8800614,5,3.7913392873178964e-05,5459
8N28695,5,3.7979853914293926e-05,5460
8N14959,5,3.8045388464524876e-05,5461
8P14402,1,3.805925888400452e-05,5462
8N28832,5,3.808518545156403e-05,5463
8981536,3,3.831014510069508e-05,5464
8L52334,12,3.8406577345995174e-05,5465
8M31544,6,3.8477976886497345e-05,5466
8M31476,5,3.8478471822145366e-05,5467
8P14622,2,3.854508582890048e-05,5468
8N28250,7,3.859237946812755e-05,5469
8N73233,12,3.861481781086695e-05,5470
8747365,5,3.86425992076056e-05,5471
8N42911,6,3.8794186593804625e-05,5472
8N42285,5,3.8854636500218476e-05,5473
8N05462,5,3.889778872689931e-05,5474
8P11576,5,3.895277357202076e-05,5475
8L48304,5,3.904812479049724e-05,5476
8N42642,7,3.9113283946790034e-05,5477
8N72348,6,3.921018605979043e-05,5478
8651952,5,3.9329494541107124e-05,5479
8N14516,11,3.966697158830357e-05,5480
8N05748,4,3.97772666929086e-05,5481
8N42286,5,3.979172095114336e-05,5482
8168649,4,3.990682182575256e-05,5483
8N06835,11,3.9919751543493476e-05,5484
8939376,7,4.0040605142621644e-05,5485
8M72087,5,4.017921742160979e-05,5486
8N28432,2,4.0299723536918464e-05,5487
8M72570,11,4.0330488914719353e-05,5488
8N87068,5,4.035130791635311e-05,5489
8816921,6,4.0445802937938424e-05,5490
8943802,10,4.0464893913849664e-05,5491
8N73692,13,4.057043986449571e-05,5492
8L48467,10,4.058826641539781e-05,5493
8L89230,6,4.0681913333173725e-05,5494
8N05220,12,4.070637234221408e-05,5495
8981965,2,4.0791318724586745e-05,5496
8L48479,4,4.1186479137422793e-05,5497
8N42952,4,4.1270918927693856e-05,5498
8L30809,3,4.1314581181950416e-05,5499
8800937,10,4.166284770690254e-05,5500
8800375,4,4.1730381326487986e-05,5501
8N87521,11,4.1745481098587334e-05,5502
8N06498,12,4.185213964547074e-05,5503
8N28818,5,4.200292107725545e-05,5504
8981857,5,4.203028090188354e-05,5505
8747741,6,4.212601197650656e-05,5506
8N72825,14,4.236432459947537e-05,5507
8N87909,13,4.267692202120088e-05,5508
8747725,5,4.2832199937947735e-05,5509
8939898,5,4.293300111157805e-05,5510
8N28061,7,4.294948462302273e-05,5511
8981026,5,4.305980382923735e-05,5512
8309285,5,4.311075917939888e-05,5513
8N14017,7,4.318362741173587e-05,5514
8N87115,4,4.32157706882208e-05,5515
8M31863,6,4.32547778927983e-05,5516
8N87353,4,4.3269751131447265e-05,5517
8N72717,4,4.335155981038952e-05,5518
8168602,10,4.3380135593906743e-05,5519
8N87527,11,4.343015393715177e-05,5520
8887036,9,4.344750720974844e-05,5521
8L64795,13,4.348055739455958e-05,5522
8N14187,5,4.393358312881901e-05,5523
8N28005,2,4.3976738410833605e-05,5524
8681409,5,4.4080623865738744e-05,5525
8747636,4,4.4235510813450674e-05,5526
8943013,10,4.4270653092981505e-05,5527
8943470,2,4.440177454512195e-05,5528
8N87226,3,4.440198563315789e-05,5529
8N73636,13,4.46654279357972e-05,5530
8M72960,4,4.4820886387242354e-05,5531
8309251,5,4.4925350778157735e-05,5532
8N42293,4,4.500750719671487e-05,5533
8L89514,5,4.5077061269438445e-05,5534
8309260,5,4.529717455170612e-05,5535
8309191,4,4.550195944830193e-05,5536
8N14220,5,4.5621745009327697e-05,5537
8M71313,5,4.598160114710481e-05,5538
8730451,1,4.635250115825329e-05,5539
8934064,5,4.641145915229572e-05,5540
8L30782,4,4.650635628422606e-05,5541
8M72909,5,4.6970282255642815e-05,5542
8730465,2,4.697797919561708e-05,5543
8N72269,6,4.7055161758180475e-05,5544
8747551,10,4.725921780845965e-05,5545
8M31938,5,4.772831709942693e-05,5546
8N72394,6,4.78698914321285e-05,5547
8L89365,5,4.819840546588239e-05,5548
8M31716,6,4.841050099457789e-05,5549
8N14553,11,4.889350475423271e-05,5550
8981267,5,4.9096170187112875e-05,5551
8M31605,4,4.9571995191399765e-05,5552
8573989,3,4.9994270170827804e-05,5553
8732678,4,5.019337039158245e-05,5554
8598592,3,5.076659067526634e-05,5555
8L89507,5,5.111138170832419e-05,5556
8N14590,11,5.234315420921121e-05,5557
8L64327,2,5.236106630945869e-05,5558
8N87116,4,5.3071358479428454e-05,5559
8N72510,6,5.3319843118515564e-05,5560
8M31285,10,5.3513807188210194e-05,5561
8M31035,3,5.352182949991402e-05,5562
8M72327,3,5.4485090913658496e-05,5563
8M71208,5,5.6076204486998904e-05,5564
8M31869,5,5.6945669939523214e-05,5565
8M31632,5,5.7010580121641397e-05,5566
8N87362,5,5.722327015433848e-05,5567
8887345,5,5.73684185383172e-05,5568
8857279,10,5.823480728395225e-05,5569
8N14904,4,5.8485079080128344e-05,5570
8L48609,6,5.883734684175579e-05,5571
8747722,5,6.438839386646578e-05,5572
8M72640,6,6.4716761244199e-05,5573
8N05106,12,6.531580442015184e-05,5574
8800490,10,6.724562604176754e-05,5575
8M31266,4,6.858446067781188e-05,5576
8651948,5,7.007717042029071e-05,5577
