target_island,target_island_name,repeat,split_seed,player_index,source_pool_index,source_id,source_island,source_island_name,phi,rank_phi,v_full,n_permutations
7,Onøy og Lurøy,2,2014,2571,2571,8N28690,6,Indre Kvarøy,0.02661091319272134,1,0.2422655406514571,50
7,Onøy og Lurøy,2,2014,5154,5154,8939360,5,Hestmannøy,0.024516711384085434,2,0.2422655406514571,50
7,Onøy og Lurøy,2,2014,4237,4237,8651799,2,Træna,0.024317485386250427,3,0.2422655406514571,50
7,Onøy og Lurøy,2,2014,3731,3731,8N87952,13,Southern 3,0.01686412965988924,4,0.2422655406514571,50
7,Onøy og Lurøy,2,2014,1107,1107,8M72580,11,Southern 1,0.012804232619169431,5,0.2422655406514571,50
7,Onøy og Lurøy,2,2014,4997,4997,8917923,9,Sleneset,0.012555614835980954,6,0.2422655406514571,50
7,Onøy og Lurøy,2,2014,2432,2432,8N27415,5,Hestmannøy,0.01196546302016954,7,0.2422655406514571,50
7,Onøy og Lurøy,2,2014,2542,2542,8N28432,2,Træna,0.011118495496743652,8,0.2422655406514571,50
7,Onøy og Lurøy,2,2014,3853,3853,8P11581,5,Hestmannøy,0.010983788141863267,9,0.2422655406514571,50
7,Onøy og Lurøy,2,2014,4106,4106,8168617,8,Lovund,0.010671525765667832,10,0.2422655406514571,50
7,Onøy og Lurøy,2,2014,4739,4739,8800331,9,Sleneset,0.0105685224623687,11,0.2422655406514571,50
7,Onøy og Lurøy,2,2014,3570,3570,8N87701,5,Hestmannøy,0.010103082627267118,12,0.2422655406514571,50
7,Onøy og Lurøy,2,2014,708,708,8M31282,10,Aldra,0.009943919512336091,13,0.2422655406514571,50
7,Onøy og Lurøy,2,2014,4432,4432,8732220,9,Sleneset,0.009669061166322213,14,0.2422655406514571,50
7,Onøy og Lurøy,2,2014,552,552,8L89326,10,Aldra,0.009642082947964458,15,0.2422655406514571,50
7,Onøy og Lurøy,2,2014,613,613,8M31764,11,Southern 1,0.009506742571148313,16,0.2422655406514571,50
7,Onøy og Lurøy,2,2014,1637,1637,8N05695,15,Southern 5,0.00922912279910876,17,0.2422655406514571,50
7,Onøy og Lurøy,2,2014,5212,5212,8939836,8,Lovund,0.009056141403877631,18,0.2422655406514571,50
7,Onøy og Lurøy,2,2014,2093,2093,8N14187,5,Hestmannøy,0.009030719986873659,19,0.2422655406514571,50
7,Onøy og Lurøy,2,2014,703,703,8M31262,5,Hestmannøy,0.008836419245272564,20,0.2422655406514571,50
7,Onøy og Lurøy,2,2014,3434,3434,8N87271,8,Lovund,0.00882398220405988,21,0.2422655406514571,50
7,Onøy og Lurøy,2,2014,2480,2480,8N27907,6,Indre Kvarøy,0.008783782798541917,22,0.2422655406514571,50
7,Onøy og Lurøy,2,2014,727,727,8M31337,5,Hestmannøy,0.00867027788801066,23,0.2422655406514571,50
7,Onøy og Lurøy,2,2014,3229,3229,8N73655,13,Southern 3,0.008664815090603512,24,0.2422655406514571,50
7,Onøy og Lurøy,2,2014,1319,1319,8N05198,13,Southern 3,0.00851555219603074,25,0.2422655406514571,50
7,Onøy og Lurøy,2,2014,4069,4069,8P26401,5,Hestmannøy,0.008390803187070587,26,0.2422655406514571,50
7,Onøy og Lurøy,2,2014,2673,2673,8N42289,5,Hestmannøy,0.008307592239299277,27,0.2422655406514571,50
7,Onøy og Lurøy,2,2014,4775,4775,8800490,10,Aldra,0.00823261916706371,28,0.2422655406514571,50
7,Onøy og Lurøy,2,2014,5009,5009,8917962,8,Lovund,0.008173433442893212,29,0.2422655406514571,50
7,Onøy og Lurøy,2,2014,5316,5316,8981050,12,Southern 2,0.008135996873192502,30,0.2422655406514571,50
7,Onøy og Lurøy,2,2014,2640,2640,8N42061,8,Lovund,0.00805795437314224,31,0.2422655406514571,50
7,Onøy og Lurøy,2,2014,4955,4955,8887370,5,Hestmannøy,0.007808526893535145,32,0.2422655406514571,50
7,Onøy og Lurøy,2,2014,473,473,8L64399,2,Træna,0.007741542599988447,33,0.2422655406514571,50
7,Onøy og Lurøy,2,2014,3407,3407,8N87080,5,Hestmannøy,0.0077015833222048745,34,0.2422655406514571,50
7,Onøy og Lurøy,2,2014,831,831,8M31869,5,Hestmannøy,0.007557385077651904,35,0.2422655406514571,50
7,Onøy og Lurøy,2,2014,3871,3871,8P11871,14,Southern 4,0.00731251845138892,36,0.2422655406514571,50
7,Onøy og Lurøy,2,2014,1884,1884,8N13423,9,Sleneset,0.007269392156183738,37,0.2422655406514571,50
7,Onøy og Lurøy,2,2014,739,739,8M31420,10,Aldra,0.00718733622086263,38,0.2422655406514571,50
7,Onøy og Lurøy,2,2014,4265,4265,8681009,0,Nesøy,0.007124430492855911,39,0.2422655406514571,50
7,Onøy og Lurøy,2,2014,3556,3556,8N87620,15,Southern 5,0.006904661742821907,40,0.2422655406514571,50
7,Onøy og Lurøy,2,2014,198,198,8L48440,5,Hestmannøy,0.0068816644469591815,41,0.2422655406514571,50
7,Onøy og Lurøy,2,2014,5065,5065,8934403,8,Lovund,0.006846014734686332,42,0.2422655406514571,50
7,Onøy og Lurøy,2,2014,5406,5406,8981802,5,Hestmannøy,0.006763885139571209,43,0.2422655406514571,50
7,Onøy og Lurøy,2,2014,595,595,8L89507,5,Hestmannøy,0.006750855939618996,44,0.2422655406514571,50
7,Onøy og Lurøy,2,2014,5115,5115,8939037,4,Gjerøy,0.006648108016272061,45,0.2422655406514571,50
7,Onøy og Lurøy,2,2014,1517,1517,8N05662,13,Southern 3,0.006642901462954316,46,0.2422655406514571,50
7,Onøy og Lurøy,2,2014,1641,1641,8N06290,2,Træna,0.006639147530961354,47,0.2422655406514571,50
7,Onøy og Lurøy,2,2014,4652,4652,8747879,1,Myken,0.006524980823965593,48,0.2422655406514571,50
7,Onøy og Lurøy,2,2014,1748,1748,8N06727,4,Gjerøy,0.00643631293958861,49,0.2422655406514571,50
7,Onøy og Lurøy,2,2014,1777,1777,8N06837,11,Southern 1,0.0064318591390272765,50,0.2422655406514571,50
7,Onøy og Lurøy,2,2014,1150,1150,8M72707,6,Indre Kvarøy,0.006420574857586735,51,0.2422655406514571,50
7,Onøy og Lurøy,2,2014,2406,2406,8N27307,5,Hestmannøy,0.006378438635186337,52,0.2422655406514571,50
7,Onøy og Lurøy,2,2014,4093,4093,8118425,6,Indre Kvarøy,0.0063270495854259815,53,0.2422655406514571,50
7,Onøy og Lurøy,2,2014,4940,4940,8887324,6,Indre Kvarøy,0.006250972083937396,54,0.2422655406514571,50
7,Onøy og Lurøy,2,2014,4825,4825,8816929,4,Gjerøy,0.006222894580728406,55,0.2422655406514571,50
7,Onøy og Lurøy,2,2014,3850,3850,8P11577,5,Hestmannøy,0.0062067057439009225,56,0.2422655406514571,50
7,Onøy og Lurøy,2,2014,1418,1418,8N05299,13,Southern 3,0.006182192219162532,57,0.2422655406514571,50
7,Onøy og Lurøy,2,2014,4490,4490,8732680,4,Gjerøy,0.006145798231257587,58,0.2422655406514571,50
7,Onøy og Lurøy,2,2014,4628,4628,8747741,6,Indre Kvarøy,0.006075373344439671,59,0.2422655406514571,50
7,Onøy og Lurøy,2,2014,4219,4219,8651658,6,Indre Kvarøy,0.005990991746928182,60,0.2422655406514571,50
7,Onøy og Lurøy,2,2014,3891,3891,8P14061,4,Gjerøy,0.0059139912866793,61,0.2422655406514571,50
7,Onøy og Lurøy,2,2014,1024,1024,8M71811,0,Nesøy,0.005878226119794387,62,0.2422655406514571,50
7,Onøy og Lurøy,2,2014,4164,4164,8309287,5,Hestmannøy,0.005766782845447949,63,0.2422655406514571,50
7,Onøy og Lurøy,2,2014,2534,2534,8N28402,2,Træna,0.005764312459371426,64,0.2422655406514571,50
7,Onøy og Lurøy,2,2014,3800,3800,8P11525,15,Southern 5,0.005761413442977178,65,0.2422655406514571,50
7,Onøy og Lurøy,2,2014,2697,2697,8N42514,5,Hestmannøy,0.005712755875165787,66,0.2422655406514571,50
7,Onøy og Lurøy,2,2014,4150,4150,8309251,5,Hestmannøy,0.0056692639928280775,67,0.2422655406514571,50
7,Onøy og Lurøy,2,2014,3619,3619,8N87836,14,Southern 4,0.005634926568251273,68,0.2422655406514571,50
7,Onøy og Lurøy,2,2014,5199,5199,8939746,5,Hestmannøy,0.005552209390362712,69,0.2422655406514571,50
7,Onøy og Lurøy,2,2014,1905,1905,8N13605,14,Southern 4,0.005481691430622168,70,0.2422655406514571,50
7,Onøy og Lurøy,2,2014,2746,2746,8N42734,4,Gjerøy,0.0054705148213754565,71,0.2422655406514571,50
7,Onøy og Lurøy,2,2014,3361,3361,8N73972,12,Southern 2,0.005454944737400246,72,0.2422655406514571,50
7,Onøy og Lurøy,2,2014,290,290,8L52249,2,Træna,0.005439471530267594,73,0.2422655406514571,50
7,Onøy og Lurøy,2,2014,2750,2750,8N42771,10,Aldra,0.005419292224316108,74,0.2422655406514571,50
7,Onøy og Lurøy,2,2014,286,286,8L52230,9,Sleneset,0.005396416225259153,75,0.2422655406514571,50
7,Onøy og Lurøy,2,2014,5393,5393,8981714,10,Aldra,0.005375198628140552,76,0.2422655406514571,50
7,Onøy og Lurøy,2,2014,4844,4844,8857202,4,Gjerøy,0.005359471627648172,77,0.2422655406514571,50
7,Onøy og Lurøy,2,2014,929,929,8M71298,6,Indre Kvarøy,0.005293458897377156,78,0.2422655406514571,50
7,Onøy og Lurøy,2,2014,5004,5004,8917945,8,Lovund,0.0052526833797155925,79,0.2422655406514571,50
7,Onøy og Lurøy,2,2014,2635,2635,8N28940,8,Lovund,0.0052180947725491015,80,0.2422655406514571,50
7,Onøy og Lurøy,2,2014,2326,2326,8N14930,6,Indre Kvarøy,0.0052107232188256854,81,0.2422655406514571,50
7,Onøy og Lurøy,2,2014,5335,5335,8981214,12,Southern 2,0.005140753464242685,82,0.2422655406514571,50
7,Onøy og Lurøy,2,2014,2772,2772,8N42987,14,Southern 4,0.005098129276635248,83,0.2422655406514571,50
7,Onøy og Lurøy,2,2014,966,966,8L64113,12,Southern 2,0.00508097498142186,84,0.2422655406514571,50
7,Onøy og Lurøy,2,2014,1881,1881,8N13408,2,Træna,0.0050362672413889874,85,0.2422655406514571,50
7,Onøy og Lurøy,2,2014,4184,4184,8573603,5,Hestmannøy,0.00499072736376655,86,0.2422655406514571,50
7,Onøy og Lurøy,2,2014,5124,5124,8939101,5,Hestmannøy,0.004964222585829069,87,0.2422655406514571,50
7,Onøy og Lurøy,2,2014,2479,2479,8N27906,6,Indre Kvarøy,0.004927059096486749,88,0.2422655406514571,50
7,Onøy og Lurøy,2,2014,2068,2068,8N14057,6,Indre Kvarøy,0.004852970310965051,89,0.2422655406514571,50
7,Onøy og Lurøy,2,2014,281,281,8L52221,8,Lovund,0.004827599328055482,90,0.2422655406514571,50
7,Onøy og Lurøy,2,2014,2148,2148,8N14532,11,Southern 1,0.00481798538024949,91,0.2422655406514571,50
7,Onøy og Lurøy,2,2014,2501,2501,8N28003,2,Træna,0.004816474743163632,92,0.2422655406514571,50
7,Onøy og Lurøy,2,2014,5133,5133,8939150,4,Gjerøy,0.004816397503420254,93,0.2422655406514571,50
7,Onøy og Lurøy,2,2014,505,505,8L64872,11,Southern 1,0.004800843553864317,94,0.2422655406514571,50
7,Onøy og Lurøy,2,2014,577,577,8L89395,4,Gjerøy,0.004793789353701603,95,0.2422655406514571,50
7,Onøy og Lurøy,2,2014,1365,1365,8N05245,13,Southern 3,0.00476401448493724,96,0.2422655406514571,50
7,Onøy og Lurøy,2,2014,615,615,8L89614,4,Gjerøy,0.0047582844093600205,97,0.2422655406514571,50
7,Onøy og Lurøy,2,2014,2324,2324,8N14923,5,Hestmannøy,0.004742560749324887,98,0.2422655406514571,50
7,Onøy og Lurøy,2,2014,1026,1026,8M71823,5,Hestmannøy,0.00472516722966852,99,0.2422655406514571,50
7,Onøy og Lurøy,2,2014,855,855,8M31954,4,Gjerøy,0.004680803360851991,100,0.2422655406514571,50
7,Onøy og Lurøy,2,2014,496,496,8L64836,8,Lovund,0.004672695150033091,101,0.2422655406514571,50
7,Onøy og Lurøy,2,2014,1186,1186,8M72909,5,Hestmannøy,0.004623097803290906,102,0.2422655406514571,50
7,Onøy og Lurøy,2,2014,3399,3399,8N87065,5,Hestmannøy,0.0045882660201669945,103,0.2422655406514571,50
7,Onøy og Lurøy,2,2014,1420,1420,8N05301,13,Southern 3,0.004581583265923399,104,0.2422655406514571,50
7,Onøy og Lurøy,2,2014,2575,2575,8N28695,5,Hestmannøy,0.004573823708720179,105,0.2422655406514571,50
7,Onøy og Lurøy,2,2014,892,892,8L64587,12,Southern 2,0.004562230375674838,106,0.2422655406514571,50
7,Onøy og Lurøy,2,2014,3773,3773,8P11051,9,Sleneset,0.0045270284623577205,107,0.2422655406514571,50
7,Onøy og Lurøy,2,2014,5313,5313,8981038,10,Aldra,0.00448695711832018,108,0.2422655406514571,50
7,Onøy og Lurøy,2,2014,5190,5190,8939617,6,Indre Kvarøy,0.004474509467672024,109,0.2422655406514571,50
7,Onøy og Lurøy,2,2014,2208,2208,8N14594,11,Southern 1,0.0044595390765061,110,0.2422655406514571,50
7,Onøy og Lurøy,2,2014,3982,3982,8P14850,14,Southern 4,0.0044496900808593,111,0.2422655406514571,50
7,Onøy og Lurøy,2,2014,1919,1919,8N13610,14,Southern 4,0.0044466580350695055,112,0.2422655406514571,50
7,Onøy og Lurøy,2,2014,4974,4974,8887450,5,Hestmannøy,0.004418782561997628,113,0.2422655406514571,50
7,Onøy og Lurøy,2,2014,269,269,8L49974,5,Hestmannøy,0.004333227040739868,114,0.2422655406514571,50
7,Onøy og Lurøy,2,2014,4257,4257,8668476,5,Hestmannøy,0.0043325077361377065,115,0.2422655406514571,50
7,Onøy og Lurøy,2,2014,2453,2453,8N27773,9,Sleneset,0.004318639476494108,116,0.2422655406514571,50
7,Onøy og Lurøy,2,2014,492,492,8L64813,2,Træna,0.004276808715496976,117,0.2422655406514571,50
7,Onøy og Lurøy,2,2014,4236,4236,8651795,2,Træna,0.004246686720455714,118,0.2422655406514571,50
7,Onøy og Lurøy,2,2014,3409,3409,8N87114,4,Gjerøy,0.00421823322650473,119,0.2422655406514571,50
7,Onøy og Lurøy,2,2014,4455,4455,8732502,8,Lovund,0.004214977592250739,120,0.2422655406514571,50
7,Onøy og Lurøy,2,2014,1537,1537,8N05682,15,Southern 5,0.004201790065273417,121,0.2422655406514571,50
7,Onøy og Lurøy,2,2014,4512,4512,8747114,6,Indre Kvarøy,0.004180752511237474,122,0.2422655406514571,50
7,Onøy og Lurøy,2,2014,4080,4080,8P26527,9,Sleneset,0.004179782326294294,123,0.2422655406514571,50
7,Onøy og Lurøy,2,2014,4729,4729,8800178,6,Indre Kvarøy,0.004156592714100864,124,0.2422655406514571,50
7,Onøy og Lurøy,2,2014,4710,4710,8800090,6,Indre Kvarøy,0.004151437622312778,125,0.2422655406514571,50
7,Onøy og Lurøy,2,2014,4744,4744,8800356,5,Hestmannøy,0.004129200026129943,126,0.2422655406514571,50
7,Onøy og Lurøy,2,2014,253,253,8L48764,11,Southern 1,0.0041281549472280766,127,0.2422655406514571,50
7,Onøy og Lurøy,2,2014,3343,3343,8N73954,12,Southern 2,0.0041095932577603946,128,0.2422655406514571,50
7,Onøy og Lurøy,2,2014,2776,2776,8N42990,14,Southern 4,0.004097866262550784,129,0.2422655406514571,50
7,Onøy og Lurøy,2,2014,5330,5330,8981198,11,Southern 1,0.004092946358889853,130,0.2422655406514571,50
7,Onøy og Lurøy,2,2014,0,0,8L19505,3,Selvær,0.004091077270361035,131,0.2422655406514571,50
7,Onøy og Lurøy,2,2014,2439,2439,8N27487,10,Aldra,0.004073654732509243,132,0.2422655406514571,50
7,Onøy og Lurøy,2,2014,993,993,8M71490,13,Southern 3,0.004022929074288572,133,0.2422655406514571,50
7,Onøy og Lurøy,2,2014,4760,4760,8800428,5,Hestmannøy,0.004020020651774392,134,0.2422655406514571,50
7,Onøy og Lurøy,2,2014,3489,3489,8N87546,11,Southern 1,0.00400939816137561,135,0.2422655406514571,50
7,Onøy og Lurøy,2,2014,405,405,8L57821,9,Sleneset,0.004004150041551617,136,0.2422655406514571,50
7,Onøy og Lurøy,2,2014,1364,1364,8N05243,13,Southern 3,0.003999704831944032,137,0.2422655406514571,50
7,Onøy og Lurøy,2,2014,1438,1438,8N05444,6,Indre Kvarøy,0.003994864146012875,138,0.2422655406514571,50
7,Onøy og Lurøy,2,2014,4799,4799,8800617,5,Hestmannøy,0.003920803590045454,139,0.2422655406514571,50
7,Onøy og Lurøy,2,2014,2757,2757,8N42801,2,Træna,0.003920166936906275,140,0.2422655406514571,50
7,Onøy og Lurøy,2,2014,2660,2660,8N42249,2,Træna,0.00387758155255051,141,0.2422655406514571,50
7,Onøy og Lurøy,2,2014,3909,3909,8P14256,6,Indre Kvarøy,0.0038503283382766997,142,0.2422655406514571,50
7,Onøy og Lurøy,2,2014,2362,2362,8N27074,14,Southern 4,0.0038143352234515553,143,0.2422655406514571,50
7,Onøy og Lurøy,2,2014,742,742,8M31435,4,Gjerøy,0.0038123374485600804,144,0.2422655406514571,50
7,Onøy og Lurøy,2,2014,4368,4368,8730417,4,Gjerøy,0.0037947344990834158,145,0.2422655406514571,50
7,Onøy og Lurøy,2,2014,4905,4905,8866799,6,Indre Kvarøy,0.003794690045778142,146,0.2422655406514571,50
7,Onøy og Lurøy,2,2014,4396,4396,8730509,5,Hestmannøy,0.0037930021194356907,147,0.2422655406514571,50
7,Onøy og Lurøy,2,2014,1249,1249,8N05127,14,Southern 4,0.0037849116628485354,148,0.2422655406514571,50
7,Onøy og Lurøy,2,2014,2320,2320,8N14905,6,Indre Kvarøy,0.003772165106752885,149,0.2422655406514571,50
7,Onøy og Lurøy,2,2014,2473,2473,8N27894,6,Indre Kvarøy,0.003766224313788692,150,0.2422655406514571,50
7,Onøy og Lurøy,2,2014,480,480,8L64501,12,Southern 2,0.0037536744508686755,151,0.2422655406514571,50
7,Onøy og Lurøy,2,2014,1539,1539,8N05684,15,Southern 5,0.003753673293265692,152,0.2422655406514571,50
7,Onøy og Lurøy,2,2014,39,39,8L19928,10,Aldra,0.0037464219165796947,153,0.2422655406514571,50
7,Onøy og Lurøy,2,2014,2793,2793,8N72206,2,Træna,0.00371029463946587,154,0.2422655406514571,50
7,Onøy og Lurøy,2,2014,917,917,8M71269,5,Hestmannøy,0.003708720893375081,155,0.2422655406514571,50
7,Onøy og Lurøy,2,2014,151,151,8L30780,4,Gjerøy,0.003704359772597329,156,0.2422655406514571,50
7,Onøy og Lurøy,2,2014,994,994,8M71492,13,Southern 3,0.003702527944124897,157,0.2422655406514571,50
7,Onøy og Lurøy,2,2014,438,438,8L64142,8,Lovund,0.0037004049220216444,158,0.2422655406514571,50
7,Onøy og Lurøy,2,2014,3217,3217,8N73643,13,Southern 3,0.0036749138865220833,159,0.2422655406514571,50
7,Onøy og Lurøy,2,2014,5117,5117,8939052,5,Hestmannøy,0.0036603982991831176,160,0.2422655406514571,50
7,Onøy og Lurøy,2,2014,2546,2546,8N28470,2,Træna,0.003638798247441397,161,0.2422655406514571,50
7,Onøy og Lurøy,2,2014,1457,1457,8N05569,8,Lovund,0.003622098339479227,162,0.2422655406514571,50
7,Onøy og Lurøy,2,2014,3705,3705,8N87926,13,Southern 3,0.0036219902846216156,163,0.2422655406514571,50
7,Onøy og Lurøy,2,2014,777,777,8M31605,4,Gjerøy,0.003603940054629347,164,0.2422655406514571,50
7,Onøy og Lurøy,2,2014,418,418,8L57927,3,Selvær,0.0036014617846417737,165,0.2422655406514571,50
7,Onøy og Lurøy,2,2014,4195,4195,8573989,3,Selvær,0.003592169721190223,166,0.2422655406514571,50
7,Onøy og Lurøy,2,2014,4608,4608,8747675,9,Sleneset,0.0035684374941156133,167,0.2422655406514571,50
7,Onøy og Lurøy,2,2014,2155,2155,8N14539,11,Southern 1,0.003566304224290915,168,0.2422655406514571,50
7,Onøy og Lurøy,2,2014,74,74,8L26597,6,Indre Kvarøy,0.0035627074087846555,169,0.2422655406514571,50
7,Onøy og Lurøy,2,2014,1383,1383,8N05263,13,Southern 3,0.003533910531140055,170,0.2422655406514571,50
7,Onøy og Lurøy,2,2014,4285,4285,8681056,6,Indre Kvarøy,0.0035306655764152663,171,0.2422655406514571,50
7,Onøy og Lurøy,2,2014,278,278,8L52210,4,Gjerøy,0.0035296220986077665,172,0.2422655406514571,50
7,Onøy og Lurøy,2,2014,2025,2025,8N13931,5,Hestmannøy,0.0035279279325711194,173,0.2422655406514571,50
7,Onøy og Lurøy,2,2014,4937,4937,8887310,5,Hestmannøy,0.0035148325919604245,174,0.2422655406514571,50
7,Onøy og Lurøy,2,2014,156,156,8L30807,2,Træna,0.0035077115190859237,175,0.2422655406514571,50
7,Onøy og Lurøy,2,2014,4348,4348,8681419,0,Nesøy,0.0034844717588370065,176,0.2422655406514571,50
7,Onøy og Lurøy,2,2014,121,121,8L30667,13,Southern 3,0.0034794543740991903,177,0.2422655406514571,50
7,Onøy og Lurøy,2,2014,3835,3835,8P11561,14,Southern 4,0.003476100955668046,178,0.2422655406514571,50
7,Onøy og Lurøy,2,2014,4047,4047,8P14982,14,Southern 4,0.0034757038858403123,179,0.2422655406514571,50
7,Onøy og Lurøy,2,2014,3252,3252,8N73678,13,Southern 3,0.003451638270682452,180,0.2422655406514571,50
7,Onøy og Lurøy,2,2014,3842,3842,8P11568,14,Southern 4,0.003439366645469716,181,0.2422655406514571,50
7,Onøy og Lurøy,2,2014,457,457,8L64265,2,Træna,0.0034384988280342617,182,0.2422655406514571,50
7,Onøy og Lurøy,2,2014,3919,3919,8P14333,14,Southern 4,0.0034239414446408534,183,0.2422655406514571,50
7,Onøy og Lurøy,2,2014,5291,5291,8943837,6,Indre Kvarøy,0.003422577684942365,184,0.2422655406514571,50
7,Onøy og Lurøy,2,2014,1707,1707,8N06519,4,Gjerøy,0.003414491306730343,185,0.2422655406514571,50
7,Onøy og Lurøy,2,2014,3458,3458,8N87515,11,Southern 1,0.0034113283974492197,186,0.2422655406514571,50
7,Onøy og Lurøy,2,2014,2053,2053,8N14004,6,Indre Kvarøy,0.003368142093656532,187,0.2422655406514571,50
7,Onøy og Lurøy,2,2014,4832,4832,8816942,4,Gjerøy,0.0033662073950282306,188,0.2422655406514571,50
7,Onøy og Lurøy,2,2014,4605,4605,8747657,1,Myken,0.0033238953470775385,189,0.2422655406514571,50
7,Onøy og Lurøy,2,2014,4157,4157,8309267,5,Hestmannøy,0.003317298045237792,190,0.2422655406514571,50
7,Onøy og Lurøy,2,2014,4072,4072,8P26412,5,Hestmannøy,0.003311427475123788,191,0.2422655406514571,50
7,Onøy og Lurøy,2,2014,3425,3425,8N87248,8,Lovund,0.003302243890343859,192,0.2422655406514571,50
7,Onøy og Lurøy,2,2014,2698,2698,8N42517,5,Hestmannøy,0.003290771178164394,193,0.2422655406514571,50
7,Onøy og Lurøy,2,2014,4740,4740,8800352,5,Hestmannøy,0.003289592240555141,194,0.2422655406514571,50
7,Onøy og Lurøy,2,2014,2574,2574,8N28694,5,Hestmannøy,0.0032767111282493394,195,0.2422655406514571,50
7,Onøy og Lurøy,2,2014,2050,2050,8N14001,6,Indre Kvarøy,0.0032716332020479287,196,0.2422655406514571,50
7,Onøy og Lurøy,2,2014,528,528,8L89202,5,Hestmannøy,0.003267267741368255,197,0.2422655406514571,50
7,Onøy og Lurøy,2,2014,4916,4916,8887211,4,Gjerøy,0.0032592994804354005,198,0.2422655406514571,50
7,Onøy og Lurøy,2,2014,3032,3032,8N73234,12,Southern 2,0.0032317923322975005,199,0.2422655406514571,50
7,Onøy og Lurøy,2,2014,3253,3253,8N73679,13,Southern 3,0.0032159789196881516,200,0.2422655406514571,50
7,Onøy og Lurøy,2,2014,702,702,8M31255,8,Lovund,0.0032125568747509536,201,0.2422655406514571,50
7,Onøy og Lurøy,2,2014,4114,4114,8168649,4,Gjerøy,0.00321244944349348,202,0.2422655406514571,50
7,Onøy og Lurøy,2,2014,2875,2875,8N72694,11,Southern 1,0.0031845129761432535,203,0.2422655406514571,50
7,Onøy og Lurøy,2,2014,2385,2385,8N27097,8,Lovund,0.0031657509368760266,204,0.2422655406514571,50
7,Onøy og Lurøy,2,2014,3661,3661,8N87881,13,Southern 3,0.0031630236163238267,205,0.2422655406514571,50
7,Onøy og Lurøy,2,2014,1081,1081,8M72444,13,Southern 3,0.0031515234964830797,206,0.2422655406514571,50
7,Onøy og Lurøy,2,2014,2663,2663,8N42262,4,Gjerøy,0.003146385282954124,207,0.2422655406514571,50
7,Onøy og Lurøy,2,2014,3838,3838,8P11564,14,Southern 4,0.0031411703431774908,208,0.2422655406514571,50
7,Onøy og Lurøy,2,2014,409,409,8L57859,2,Træna,0.003114590031327088,209,0.2422655406514571,50
7,Onøy og Lurøy,2,2014,5030,5030,8934090,5,Hestmannøy,0.003104834557860975,210,0.2422655406514571,50
7,Onøy og Lurøy,2,2014,753,753,8M31508,5,Hestmannøy,0.0030995661440076593,211,0.2422655406514571,50
7,Onøy og Lurøy,2,2014,3932,3932,8P14459,0,Nesøy,0.0030888329282906662,212,0.2422655406514571,50
7,Onøy og Lurøy,2,2014,2204,2204,8N14590,11,Southern 1,0.003088152210132532,213,0.2422655406514571,50
7,Onøy og Lurøy,2,2014,210,210,8L48463,10,Aldra,0.0030838146618143137,214,0.2422655406514571,50
7,Onøy og Lurøy,2,2014,3716,3716,8N87937,13,Southern 3,0.0030452855623381036,215,0.2422655406514571,50
7,Onøy og Lurøy,2,2014,3001,3001,8N73197,15,Southern 5,0.003045094030924083,216,0.2422655406514571,50
7,Onøy og Lurøy,2,2014,46,46,8L19937,5,Hestmannøy,0.003039775189588848,217,0.2422655406514571,50
7,Onøy og Lurøy,2,2014,4336,4336,8681356,5,Hestmannøy,0.003037506219376872,218,0.2422655406514571,50
7,Onøy og Lurøy,2,2014,3207,3207,8N73633,13,Southern 3,0.0030256975087728883,219,0.2422655406514571,50
7,Onøy og Lurøy,2,2014,4096,4096,8118430,6,Indre Kvarøy,0.003024320454459721,220,0.2422655406514571,50
7,Onøy og Lurøy,2,2014,4975,4975,8887451,5,Hestmannøy,0.003023649248479929,221,0.2422655406514571,50
7,Onøy og Lurøy,2,2014,1900,1900,8N13590,2,Træna,0.0030217568989134636,222,0.2422655406514571,50
7,Onøy og Lurøy,2,2014,282,282,8L52223,8,Lovund,0.0030050170280955055,223,0.2422655406514571,50
7,Onøy og Lurøy,2,2014,16,16,8L19688,3,Selvær,0.00299657581155704,224,0.2422655406514571,50
7,Onøy og Lurøy,2,2014,5192,5192,8939629,5,Hestmannøy,0.002982779915636268,225,0.2422655406514571,50
7,Onøy og Lurøy,2,2014,5319,5319,8981095,11,Southern 1,0.002974813918910687,226,0.2422655406514571,50
7,Onøy og Lurøy,2,2014,2430,2430,8N27413,5,Hestmannøy,0.002973878856559155,227,0.2422655406514571,50
7,Onøy og Lurøy,2,2014,2308,2308,8N14758,2,Træna,0.002961647271550884,228,0.2422655406514571,50
7,Onøy og Lurøy,2,2014,1376,1376,8N05256,13,Southern 3,0.002960242523314239,229,0.2422655406514571,50
7,Onøy og Lurøy,2,2014,3435,3435,8N87273,8,Lovund,0.0029339928354704396,230,0.2422655406514571,50
7,Onøy og Lurøy,2,2014,4476,4476,8732647,5,Hestmannøy,0.0029333135189769603,231,0.2422655406514571,50
7,Onøy og Lurøy,2,2014,920,920,8M31504,4,Gjerøy,0.0029330756825504617,232,0.2422655406514571,50
7,Onøy og Lurøy,2,2014,3759,3759,8N87980,13,Southern 3,0.0029213816028076252,233,0.2422655406514571,50
7,Onøy og Lurøy,2,2014,1483,1483,8N05621,14,Southern 4,0.0029066461188166186,234,0.2422655406514571,50
7,Onøy og Lurøy,2,2014,451,451,8L64206,6,Indre Kvarøy,0.0029012588276892603,235,0.2422655406514571,50
7,Onøy og Lurøy,2,2014,458,458,8L64266,3,Selvær,0.0028990202023172784,236,0.2422655406514571,50
7,Onøy og Lurøy,2,2014,5358,5358,8981293,5,Hestmannøy,0.0028952223814463916,237,0.2422655406514571,50
7,Onøy og Lurøy,2,2014,2061,2061,8N14022,4,Gjerøy,0.0028686338885326144,238,0.2422655406514571,50
7,Onøy og Lurøy,2,2014,728,728,8M31338,5,Hestmannøy,0.002866639771971945,239,0.2422655406514571,50
7,Onøy og Lurøy,2,2014,3452,3452,8N87371,4,Gjerøy,0.002863888516796511,240,0.2422655406514571,50
7,Onøy og Lurøy,2,2014,144,144,8L30768,12,Southern 2,0.0028585309096011246,241,0.2422655406514571,50
7,Onøy og Lurøy,2,2014,2905,2905,8N72906,13,Southern 3,0.0028494582779748103,242,0.2422655406514571,50
7,Onøy og Lurøy,2,2014,11,11,8L19610,9,Sleneset,0.002841130555397923,243,0.2422655406514571,50
7,Onøy og Lurøy,2,2014,2634,2634,8N28926,9,Sleneset,0.002832547455368321,244,0.2422655406514571,50
7,Onøy og Lurøy,2,2014,195,195,8L48418,5,Hestmannøy,0.002825858245931268,245,0.2422655406514571,50
7,Onøy og Lurøy,2,2014,4341,4341,8681384,3,Selvær,0.002823157145591989,246,0.2422655406514571,50
7,Onøy og Lurøy,2,2014,4914,4914,8887206,4,Gjerøy,0.002822034963299313,247,0.2422655406514571,50
7,Onøy og Lurøy,2,2014,4154,4154,8309260,5,Hestmannøy,0.002810705632785146,248,0.2422655406514571,50
7,Onøy og Lurøy,2,2014,4787,4787,8800548,9,Sleneset,0.0028039007448058474,249,0.2422655406514571,50
7,Onøy og Lurøy,2,2014,3859,3859,8P11641,2,Træna,0.002792123841158494,250,0.2422655406514571,50
7,Onøy og Lurøy,2,2014,5262,5262,8943459,0,Nesøy,0.0027696400632013507,251,0.2422655406514571,50
7,Onøy og Lurøy,2,2014,316,316,8L52352,11,Southern 1,0.0027674160226110467,252,0.2422655406514571,50
7,Onøy og Lurøy,2,2014,460,460,8L64272,5,Hestmannøy,0.002762502121616063,253,0.2422655406514571,50
7,Onøy og Lurøy,2,2014,370,370,8L52598,10,Aldra,0.002759482577351712,254,0.2422655406514571,50
7,Onøy og Lurøy,2,2014,2464,2464,8N27869,6,Indre Kvarøy,0.0027542157461475903,255,0.2422655406514571,50
7,Onøy og Lurøy,2,2014,3801,3801,8P11526,15,Southern 5,0.0027306779098882346,256,0.2422655406514571,50
7,Onøy og Lurøy,2,2014,4499,4499,8732699,4,Gjerøy,0.0027294260953496774,257,0.2422655406514571,50
7,Onøy og Lurøy,2,2014,279,279,8L52211,5,Hestmannøy,0.0027222301224530693,258,0.2422655406514571,50
7,Onøy og Lurøy,2,2014,2102,2102,8N14287,15,Southern 5,0.002703913368314833,259,0.2422655406514571,50
7,Onøy og Lurøy,2,2014,1407,1407,8N05287,13,Southern 3,0.002691608216735728,260,0.2422655406514571,50
7,Onøy og Lurøy,2,2014,3625,3625,8N87843,14,Southern 4,0.0026897307191387134,261,0.2422655406514571,50
7,Onøy og Lurøy,2,2014,2758,2758,8N42858,5,Hestmannøy,0.0026839093686942474,262,0.2422655406514571,50
7,Onøy og Lurøy,2,2014,682,682,8M31109,12,Southern 2,0.0026831340799986186,263,0.2422655406514571,50
7,Onøy og Lurøy,2,2014,4639,4639,8747796,9,Sleneset,0.0026802462452279237,264,0.2422655406514571,50
7,Onøy og Lurøy,2,2014,5245,5245,8943110,10,Aldra,0.0026791715883868945,265,0.2422655406514571,50
7,Onøy og Lurøy,2,2014,4471,4471,8732626,9,Sleneset,0.002657529911207239,266,0.2422655406514571,50
7,Onøy og Lurøy,2,2014,3284,3284,8N73819,5,Hestmannøy,0.002634422720146002,267,0.2422655406514571,50
7,Onøy og Lurøy,2,2014,5038,5038,8934227,10,Aldra,0.0026265631452790724,268,0.2422655406514571,50
7,Onøy og Lurøy,2,2014,4816,4816,8816486,5,Hestmannøy,0.002619329859852017,269,0.2422655406514571,50
7,Onøy og Lurøy,2,2014,1872,1872,8N13333,3,Selvær,0.002616124492275686,270,0.2422655406514571,50
7,Onøy og Lurøy,2,2014,2595,2595,8N28784,14,Southern 4,0.002613878194164523,271,0.2422655406514571,50
7,Onøy og Lurøy,2,2014,423,423,8L57974,13,Southern 3,0.0026089014585048463,272,0.2422655406514571,50
7,Onøy og Lurøy,2,2014,469,469,8L64372,3,Selvær,0.0026088195378096623,273,0.2422655406514571,50
7,Onøy og Lurøy,2,2014,481,481,8M71162,13,Southern 3,0.00260254070038077,274,0.2422655406514571,50
7,Onøy og Lurøy,2,2014,1273,1273,8N05152,12,Southern 2,0.0025941296884207155,275,0.2422655406514571,50
7,Onøy og Lurøy,2,2014,4791,4791,8800574,5,Hestmannøy,0.0025867265453369793,276,0.2422655406514571,50
7,Onøy og Lurøy,2,2014,4994,4994,8917830,2,Træna,0.0025848859986271626,277,0.2422655406514571,50
7,Onøy og Lurøy,2,2014,836,836,8M31908,12,Southern 2,0.002583563915354263,278,0.2422655406514571,50
7,Onøy og Lurøy,2,2014,4835,4835,8816948,4,Gjerøy,0.002565091501255574,279,0.2422655406514571,50
7,Onøy og Lurøy,2,2014,4863,4863,8857269,1,Myken,0.0025604026785067207,280,0.2422655406514571,50
7,Onøy og Lurøy,2,2014,3754,3754,8N87975,13,Southern 3,0.002560400435070549,281,0.2422655406514571,50
7,Onøy og Lurøy,2,2014,647,647,8L89724,4,Gjerøy,0.0025593653522981803,282,0.2422655406514571,50
7,Onøy og Lurøy,2,2014,5288,5288,8943805,1,Myken,0.0025516841037646364,283,0.2422655406514571,50
7,Onøy og Lurøy,2,2014,4425,4425,8730953,3,Selvær,0.002547587335422416,284,0.2422655406514571,50
7,Onøy og Lurøy,2,2014,933,933,8M71303,6,Indre Kvarøy,0.0025412197074566366,285,0.2422655406514571,50
7,Onøy og Lurøy,2,2014,4627,4627,8747740,6,Indre Kvarøy,0.002528809200779727,286,0.2422655406514571,50
7,Onøy og Lurøy,2,2014,4572,4572,8747519,5,Hestmannøy,0.002528167614279284,287,0.2422655406514571,50
7,Onøy og Lurøy,2,2014,1347,1347,8N05226,12,Southern 2,0.002525600973972561,288,0.2422655406514571,50
7,Onøy og Lurøy,2,2014,175,175,8L30947,2,Træna,0.002512537145115996,289,0.2422655406514571,50
7,Onøy og Lurøy,2,2014,417,417,8L57918,2,Træna,0.0025040461044947403,290,0.2422655406514571,50
7,Onøy og Lurøy,2,2014,4416,4416,8730927,3,Selvær,0.0024971248410065316,291,0.2422655406514571,50
7,Onøy og Lurøy,2,2014,3609,3609,8N87826,14,Southern 4,0.0024894972268594217,292,0.2422655406514571,50
7,Onøy og Lurøy,2,2014,4943,4943,8887342,5,Hestmannøy,0.0024888767707892364,293,0.2422655406514571,50
7,Onøy og Lurøy,2,2014,988,988,8M71480,13,Southern 3,0.0024762618570934466,294,0.2422655406514571,50
7,Onøy og Lurøy,2,2014,2224,2224,8N14610,13,Southern 3,0.002452153715946214,295,0.2422655406514571,50
7,Onøy og Lurøy,2,2014,623,623,8L89641,4,Gjerøy,0.0024447801949219155,296,0.2422655406514571,50
7,Onøy og Lurøy,2,2014,5351,5351,8981278,5,Hestmannøy,0.002438518877010974,297,0.2422655406514571,50
7,Onøy og Lurøy,2,2014,2579,2579,8N28708,6,Indre Kvarøy,0.002438374165566446,298,0.2422655406514571,50
7,Onøy og Lurøy,2,2014,37,37,8L19921,5,Hestmannøy,0.0024366903522494805,299,0.2422655406514571,50
7,Onøy og Lurøy,2,2014,3507,3507,8N87564,11,Southern 1,0.0024352368259581095,300,0.2422655406514571,50
7,Onøy og Lurøy,2,2014,1452,1452,8N05533,5,Hestmannøy,0.002433743908208452,301,0.2422655406514571,50
7,Onøy og Lurøy,2,2014,5332,5332,8981207,12,Southern 2,0.0024301828645788715,302,0.2422655406514571,50
7,Onøy og Lurøy,2,2014,1406,1406,8N05286,13,Southern 3,0.002427190179825565,303,0.2422655406514571,50
7,Onøy og Lurøy,2,2014,4149,4149,8309231,13,Southern 3,0.002423707217709551,304,0.2422655406514571,50
7,Onøy og Lurøy,2,2014,4809,4809,8816418,4,Gjerøy,0.0024231104914259395,305,0.2422655406514571,50
7,Onøy og Lurøy,2,2014,366,366,8L52574,10,Aldra,0.0024216968858643056,306,0.2422655406514571,50
7,Onøy og Lurøy,2,2014,2860,2860,8N72679,11,Southern 1,0.0024192795555668324,307,0.2422655406514571,50
7,Onøy og Lurøy,2,2014,85,85,8L30249,10,Aldra,0.0024149519124300064,308,0.2422655406514571,50
7,Onøy og Lurøy,2,2014,5043,5043,8934301,5,Hestmannøy,0.002402415046803776,309,0.2422655406514571,50
7,Onøy og Lurøy,2,2014,65,65,8L26578,6,Indre Kvarøy,0.0023989704842985672,310,0.2422655406514571,50
7,Onøy og Lurøy,2,2014,1079,1079,8M72429,13,Southern 3,0.0023977426785611795,311,0.2422655406514571,50
7,Onøy og Lurøy,2,2014,4345,4345,8681409,5,Hestmannøy,0.0023929300459491916,312,0.2422655406514571,50
7,Onøy og Lurøy,2,2014,2319,2319,8N14904,4,Gjerøy,0.0023911206935505335,313,0.2422655406514571,50
7,Onøy og Lurøy,2,2014,622,622,8L89640,5,Hestmannøy,0.0023838326143049344,314,0.2422655406514571,50
7,Onøy og Lurøy,2,2014,5349,5349,8981276,5,Hestmannøy,0.002382072869555421,315,0.2422655406514571,50
7,Onøy og Lurøy,2,2014,4079,4079,8P26526,9,Sleneset,0.002375288918135487,316,0.2422655406514571,50
7,Onøy og Lurøy,2,2014,5391,5391,8981708,5,Hestmannøy,0.002370899837235248,317,0.2422655406514571,50
7,Onøy og Lurøy,2,2014,5094,5094,8934596,10,Aldra,0.002362469345862063,318,0.2422655406514571,50
7,Onøy og Lurøy,2,2014,5345,5345,8981270,5,Hestmannøy,0.0023589445729107735,319,0.2422655406514571,50
7,Onøy og Lurøy,2,2014,3670,3670,8N87890,13,Southern 3,0.002357150219016267,320,0.2422655406514571,50
7,Onøy og Lurøy,2,2014,3834,3834,8P11560,14,Southern 4,0.002352318000806275,321,0.2422655406514571,50
7,Onøy og Lurøy,2,2014,4039,4039,8P14975,14,Southern 4,0.0023452321604044367,322,0.2422655406514571,50
7,Onøy og Lurøy,2,2014,5121,5121,8939093,10,Aldra,0.002334521230309983,323,0.2422655406514571,50
7,Onøy og Lurøy,2,2014,3166,3166,8N73530,4,Gjerøy,0.0023251985951808,324,0.2422655406514571,50
7,Onøy og Lurøy,2,2014,313,313,8L52347,11,Southern 1,0.0023191728573450196,325,0.2422655406514571,50
7,Onøy og Lurøy,2,2014,1165,1165,8M72806,4,Gjerøy,0.0023175355381994107,326,0.2422655406514571,50
7,Onøy og Lurøy,2,2014,3319,3319,8N73930,12,Southern 2,0.0023165847172436026,327,0.2422655406514571,50
7,Onøy og Lurøy,2,2014,2382,2382,8N27094,2,Træna,0.002313557450155413,328,0.2422655406514571,50
7,Onøy og Lurøy,2,2014,4288,4288,8681060,6,Indre Kvarøy,0.0023133239288539668,329,0.2422655406514571,50
7,Onøy og Lurøy,2,2014,1518,1518,8N05663,13,Southern 3,0.002312568981445579,330,0.2422655406514571,50
7,Onøy og Lurøy,2,2014,2456,2456,8N27813,1,Myken,0.002303187578202033,331,0.2422655406514571,50
7,Onøy og Lurøy,2,2014,5306,5306,8981025,5,Hestmannøy,0.002302140287646277,332,0.2422655406514571,50
7,Onøy og Lurøy,2,2014,4532,4532,8747256,6,Indre Kvarøy,0.002301795100323664,333,0.2422655406514571,50
7,Onøy og Lurøy,2,2014,2692,2692,8N42505,5,Hestmannøy,0.00228940875219453,334,0.2422655406514571,50
7,Onøy og Lurøy,2,2014,223,223,8L48592,5,Hestmannøy,0.0022878028737810057,335,0.2422655406514571,50
7,Onøy og Lurøy,2,2014,4570,4570,8747517,5,Hestmannøy,0.002281408014867041,336,0.2422655406514571,50
7,Onøy og Lurøy,2,2014,4394,4394,8730503,5,Hestmannøy,0.0022809357361351728,337,0.2422655406514571,50
7,Onøy og Lurøy,2,2014,2562,2562,8N28679,4,Gjerøy,0.002277177593405539,338,0.2422655406514571,50
7,Onøy og Lurøy,2,2014,40,40,8L19926,10,Aldra,0.0022769800207653674,339,0.2422655406514571,50
7,Onøy og Lurøy,2,2014,4454,4454,8732300,8,Lovund,0.002276543576196766,340,0.2422655406514571,50
7,Onøy og Lurøy,2,2014,375,375,8L52640,8,Lovund,0.0022744928528541726,341,0.2422655406514571,50
7,Onøy og Lurøy,2,2014,2018,2018,8N13915,8,Lovund,0.002272390200829445,342,0.2422655406514571,50
7,Onøy og Lurøy,2,2014,2781,2781,8N43000,6,Indre Kvarøy,0.0022717013949419313,343,0.2422655406514571,50
7,Onøy og Lurøy,2,2014,843,843,8M31926,5,Hestmannøy,0.0022621451711888146,344,0.2422655406514571,50
7,Onøy og Lurøy,2,2014,1217,1217,8N05030,5,Hestmannøy,0.0022618088869758167,345,0.2422655406514571,50
7,Onøy og Lurøy,2,2014,3454,3454,8N87387,5,Hestmannøy,0.002255246820066438,346,0.2422655406514571,50
7,Onøy og Lurøy,2,2014,1690,1690,8N06486,14,Southern 4,0.0022548635384099223,347,0.2422655406514571,50
7,Onøy og Lurøy,2,2014,823,823,8L89143,13,Southern 3,0.002249530928495129,348,0.2422655406514571,50
7,Onøy og Lurøy,2,2014,4269,4269,8681025,5,Hestmannøy,0.0022493398907950475,349,0.2422655406514571,50
7,Onøy og Lurøy,2,2014,4672,4672,8794306,4,Gjerøy,0.002248279206388046,350,0.2422655406514571,50
7,Onøy og Lurøy,2,2014,360,360,8L52534,5,Hestmannøy,0.0022436636479512603,351,0.2422655406514571,50
7,Onøy og Lurøy,2,2014,4759,4759,8800427,5,Hestmannøy,0.0022394919016918468,352,0.2422655406514571,50
7,Onøy og Lurøy,2,2014,5430,5430,8981945,2,Træna,0.002239131036489453,353,0.2422655406514571,50
7,Onøy og Lurøy,2,2014,2493,2493,8N27959,5,Hestmannøy,0.002237544653199843,354,0.2422655406514571,50
7,Onøy og Lurøy,2,2014,4565,4565,8747424,5,Hestmannøy,0.002224035928553409,355,0.2422655406514571,50
7,Onøy og Lurøy,2,2014,416,416,8L57916,2,Træna,0.0022237358550843246,356,0.2422655406514571,50
7,Onøy og Lurøy,2,2014,2032,2032,8N13951,4,Gjerøy,0.00222101332210352,357,0.2422655406514571,50
7,Onøy og Lurøy,2,2014,4505,4505,8747064,9,Sleneset,0.002219593529140153,358,0.2422655406514571,50
7,Onøy og Lurøy,2,2014,1439,1439,8N05445,6,Indre Kvarøy,0.0022131968250500623,359,0.2422655406514571,50
7,Onøy og Lurøy,2,2014,3860,3860,8P11646,8,Lovund,0.0022129921341981092,360,0.2422655406514571,50
7,Onøy og Lurøy,2,2014,3414,3414,8N87160,10,Aldra,0.002207731032401455,361,0.2422655406514571,50
7,Onøy og Lurøy,2,2014,5048,5048,8934329,5,Hestmannøy,0.002194790551052789,362,0.2422655406514571,50
7,Onøy og Lurøy,2,2014,2804,2804,8N72348,6,Indre Kvarøy,0.0021858008897209236,363,0.2422655406514571,50
7,Onøy og Lurøy,2,2014,1123,1123,8M72621,4,Gjerøy,0.002180773317293565,364,0.2422655406514571,50
7,Onøy og Lurøy,2,2014,686,686,8M31147,11,Southern 1,0.0021805858494468935,365,0.2422655406514571,50
7,Onøy og Lurøy,2,2014,4889,4889,8866658,8,Lovund,0.002178362747667278,366,0.2422655406514571,50
7,Onøy og Lurøy,2,2014,2853,2853,8N72672,11,Southern 1,0.0021696416033068094,367,0.2422655406514571,50
7,Onøy og Lurøy,2,2014,5069,5069,8934413,8,Lovund,0.0021614195797145744,368,0.2422655406514571,50
7,Onøy og Lurøy,2,2014,2379,2379,8N27091,14,Southern 4,0.0021534388606678037,369,0.2422655406514571,50
7,Onøy og Lurøy,2,2014,261,261,8L48789,11,Southern 1,0.0021487250556596863,370,0.2422655406514571,50
7,Onøy og Lurøy,2,2014,1087,1087,8M72529,11,Southern 1,0.0021459909117187274,371,0.2422655406514571,50
7,Onøy og Lurøy,2,2014,5368,5368,8981354,11,Southern 1,0.0021375546291817825,372,0.2422655406514571,50
7,Onøy og Lurøy,2,2014,1667,1667,8N06463,12,Southern 2,0.0021357271698608524,373,0.2422655406514571,50
7,Onøy og Lurøy,2,2014,4983,4983,8M71461,13,Southern 3,0.0021317894298754883,374,0.2422655406514571,50
7,Onøy og Lurøy,2,2014,2603,2603,8N28792,15,Southern 5,0.0021286438760504166,375,0.2422655406514571,50
7,Onøy og Lurøy,2,2014,4590,4590,8747574,9,Sleneset,0.002125630948625122,376,0.2422655406514571,50
7,Onøy og Lurøy,2,2014,5015,5015,8934028,6,Indre Kvarøy,0.002122994725088234,377,0.2422655406514571,50
7,Onøy og Lurøy,2,2014,454,454,8L64215,5,Hestmannøy,0.002122974960017487,378,0.2422655406514571,50
7,Onøy og Lurøy,2,2014,3108,3108,8N73459,11,Southern 1,0.0021222499780694896,379,0.2422655406514571,50
7,Onøy og Lurøy,2,2014,3595,3595,8N87812,14,Southern 4,0.002107544927796835,380,0.2422655406514571,50
7,Onøy og Lurøy,2,2014,1448,1448,8N05513,8,Lovund,0.002103155493677421,381,0.2422655406514571,50
7,Onøy og Lurøy,2,2014,5331,5331,8981199,11,Southern 1,0.002101582744773113,382,0.2422655406514571,50
7,Onøy og Lurøy,2,2014,761,761,8M31542,6,Indre Kvarøy,0.002099970538254724,383,0.2422655406514571,50
7,Onøy og Lurøy,2,2014,1078,1078,8M72425,13,Southern 3,0.00209547065184582,384,0.2422655406514571,50
7,Onøy og Lurøy,2,2014,4404,4404,8730548,3,Selvær,0.002094338072836886,385,0.2422655406514571,50
7,Onøy og Lurøy,2,2014,2638,2638,8N42033,8,Lovund,0.002086250872514019,386,0.2422655406514571,50
7,Onøy og Lurøy,2,2014,137,137,8L30761,10,Aldra,0.002078547664960963,387,0.2422655406514571,50
7,Onøy og Lurøy,2,2014,2497,2497,8N27981,10,Aldra,0.0020736052876247652,388,0.2422655406514571,50
7,Onøy og Lurøy,2,2014,3269,3269,8N73696,13,Southern 3,0.00206562001595377,389,0.2422655406514571,50
7,Onøy og Lurøy,2,2014,926,926,8M71294,6,Indre Kvarøy,0.00205225253527949,390,0.2422655406514571,50
7,Onøy og Lurøy,2,2014,4450,4450,8732298,8,Lovund,0.0020490199626943912,391,0.2422655406514571,50
7,Onøy og Lurøy,2,2014,3479,3479,8N87536,11,Southern 1,0.002042821784252931,392,0.2422655406514571,50
7,Onøy og Lurøy,2,2014,5307,5307,8981026,5,Hestmannøy,0.002040654889442301,393,0.2422655406514571,50
7,Onøy og Lurøy,2,2014,534,534,8L89256,4,Gjerøy,0.002036257102518735,394,0.2422655406514571,50
7,Onøy og Lurøy,2,2014,3758,3758,8N87979,13,Southern 3,0.002035351626027862,395,0.2422655406514571,50
7,Onøy og Lurøy,2,2014,4160,4160,8309274,5,Hestmannøy,0.002033604766708909,396,0.2422655406514571,50
7,Onøy og Lurøy,2,2014,1424,1424,8N05305,13,Southern 3,0.002032542991795405,397,0.2422655406514571,50
7,Onøy og Lurøy,2,2014,5394,5394,8981715,10,Aldra,0.002028889969071159,398,0.2422655406514571,50
7,Onøy og Lurøy,2,2014,571,571,8L89386,5,Hestmannøy,0.00202646528693683,399,0.2422655406514571,50
7,Onøy og Lurøy,2,2014,2738,2738,8N42717,5,Hestmannøy,0.002024601688861852,400,0.2422655406514571,50
7,Onøy og Lurøy,2,2014,3155,3155,8N73507,4,Gjerøy,0.002015573637852366,401,0.2422655406514571,50
7,Onøy og Lurøy,2,2014,2451,2451,8N27717,9,Sleneset,0.0020154770257739484,402,0.2422655406514571,50
7,Onøy og Lurøy,2,2014,3960,3960,8P14793,4,Gjerøy,0.00201213024262751,403,0.2422655406514571,50
7,Onøy og Lurøy,2,2014,2537,2537,8N28405,9,Sleneset,0.0020094460126905264,404,0.2422655406514571,50
7,Onøy og Lurøy,2,2014,1840,1840,8N06920,5,Hestmannøy,0.0020068634986691396,405,0.2422655406514571,50
7,Onøy og Lurøy,2,2014,2520,2520,8N28218,2,Træna,0.00200368242281165,406,0.2422655406514571,50
7,Onøy og Lurøy,2,2014,1012,1012,8M71532,4,Gjerøy,0.002000895808324308,407,0.2422655406514571,50
7,Onøy og Lurøy,2,2014,4963,4963,8887414,5,Hestmannøy,0.0019993295338890955,408,0.2422655406514571,50
7,Onøy og Lurøy,2,2014,565,565,8L89374,5,Hestmannøy,0.001999207798434787,409,0.2422655406514571,50
7,Onøy og Lurøy,2,2014,4249,4249,8651903,2,Træna,0.0019979831300010143,410,0.2422655406514571,50
7,Onøy og Lurøy,2,2014,3432,3432,8N87267,8,Lovund,0.0019929252870003367,411,0.2422655406514571,50
7,Onøy og Lurøy,2,2014,2759,2759,8N42906,0,Nesøy,0.0019900277565876334,412,0.2422655406514571,50
7,Onøy og Lurøy,2,2014,2097,2097,8N14220,5,Hestmannøy,0.00198337705956065,413,0.2422655406514571,50
7,Onøy og Lurøy,2,2014,207,207,8L48457,10,Aldra,0.001971326352921435,414,0.2422655406514571,50
7,Onøy og Lurøy,2,2014,369,369,8L52597,6,Indre Kvarøy,0.001960897692482783,415,0.2422655406514571,50
7,Onøy og Lurøy,2,2014,2490,2490,8N27941,6,Indre Kvarøy,0.0019451081546497107,416,0.2422655406514571,50
7,Onøy og Lurøy,2,2014,2202,2202,8N14588,11,Southern 1,0.0019403918858771124,417,0.2422655406514571,50
7,Onøy og Lurøy,2,2014,4875,4875,8857415,5,Hestmannøy,0.001938390144490529,418,0.2422655406514571,50
7,Onøy og Lurøy,2,2014,3002,3002,8N73198,15,Southern 5,0.001934459376389619,419,0.2422655406514571,50
7,Onøy og Lurøy,2,2014,4900,4900,8866789,5,Hestmannøy,0.001931277325271642,420,0.2422655406514571,50
7,Onøy og Lurøy,2,2014,4389,4389,8730486,5,Hestmannøy,0.0019190863719217935,421,0.2422655406514571,50
7,Onøy og Lurøy,2,2014,1295,1295,8N05173,12,Southern 2,0.0019189964739866944,422,0.2422655406514571,50
7,Onøy og Lurøy,2,2014,353,353,8L52420,4,Gjerøy,0.0019180924544040883,423,0.2422655406514571,50
7,Onøy og Lurøy,2,2014,2695,2695,8N42510,5,Hestmannøy,0.0019165651721718595,424,0.2422655406514571,50
7,Onøy og Lurøy,2,2014,1128,1128,8M72643,4,Gjerøy,0.0019118083369679016,425,0.2422655406514571,50
7,Onøy og Lurøy,2,2014,1408,1408,8N05288,13,Southern 3,0.0019103698814459562,426,0.2422655406514571,50
7,Onøy og Lurøy,2,2014,272,272,8L52203,8,Lovund,0.00190699630970906,427,0.2422655406514571,50
7,Onøy og Lurøy,2,2014,3789,3789,8P11429,1,Myken,0.0019055150376819654,428,0.2422655406514571,50
7,Onøy og Lurøy,2,2014,1538,1538,8N05683,15,Southern 5,0.0018983224937860882,429,0.2422655406514571,50
7,Onøy og Lurøy,2,2014,3541,3541,8N87600,11,Southern 1,0.001892381064585608,430,0.2422655406514571,50
7,Onøy og Lurøy,2,2014,4624,4624,8747729,5,Hestmannøy,0.0018872963784798647,431,0.2422655406514571,50
7,Onøy og Lurøy,2,2014,3991,3991,8P14859,14,Southern 4,0.001884880866247473,432,0.2422655406514571,50
7,Onøy og Lurøy,2,2014,2953,2953,8N72956,13,Southern 3,0.0018847475474392996,433,0.2422655406514571,50
7,Onøy og Lurøy,2,2014,1710,1710,8N06532,4,Gjerøy,0.0018802148688358495,434,0.2422655406514571,50
7,Onøy og Lurøy,2,2014,1323,1323,8N05202,12,Southern 2,0.0018795368175535242,435,0.2422655406514571,50
7,Onøy og Lurøy,2,2014,500,500,8L64849,9,Sleneset,0.0018792229313347247,436,0.2422655406514571,50
7,Onøy og Lurøy,2,2014,4999,4999,8917929,3,Selvær,0.0018657029656030102,437,0.2422655406514571,50
7,Onøy og Lurøy,2,2014,4024,4024,8P14959,14,Southern 4,0.0018655571179366415,438,0.2422655406514571,50
7,Onøy og Lurøy,2,2014,1180,1180,8M72887,0,Nesøy,0.0018640996330540251,439,0.2422655406514571,50
7,Onøy og Lurøy,2,2014,4577,4577,8747534,5,Hestmannøy,0.0018584257822608816,440,0.2422655406514571,50
7,Onøy og Lurøy,2,2014,3833,3833,8P11559,14,Southern 4,0.001851307890440653,441,0.2422655406514571,50
7,Onøy og Lurøy,2,2014,280,280,8L52212,5,Hestmannøy,0.0018342713209859806,442,0.2422655406514571,50
7,Onøy og Lurøy,2,2014,392,392,8L52965,6,Indre Kvarøy,0.0018263627289258377,443,0.2422655406514571,50
7,Onøy og Lurøy,2,2014,4998,4998,8917927,2,Træna,0.0018201311901574625,444,0.2422655406514571,50
7,Onøy og Lurøy,2,2014,1845,1845,8N06941,4,Gjerøy,0.0018167854472164425,445,0.2422655406514571,50
7,Onøy og Lurøy,2,2014,2131,2131,8N14515,11,Southern 1,0.0018148872351152975,446,0.2422655406514571,50
7,Onøy og Lurøy,2,2014,5002,5002,8917941,8,Lovund,0.0018132837310199303,447,0.2422655406514571,50
7,Onøy og Lurøy,2,2014,635,635,8L89682,6,Indre Kvarøy,0.0018081838039557124,448,0.2422655406514571,50
7,Onøy og Lurøy,2,2014,415,415,8L57913,8,Lovund,0.0018079921633160482,449,0.2422655406514571,50
7,Onøy og Lurøy,2,2014,667,667,8L89836,5,Hestmannøy,0.001803878609521477,450,0.2422655406514571,50
7,Onøy og Lurøy,2,2014,1251,1251,8N05129,12,Southern 2,0.00180239073928086,451,0.2422655406514571,50
7,Onøy og Lurøy,2,2014,4201,4201,8598602,6,Indre Kvarøy,0.0018016238321575011,452,0.2422655406514571,50
7,Onøy og Lurøy,2,2014,998,998,8M71502,4,Gjerøy,0.0018006294497011166,453,0.2422655406514571,50
7,Onøy og Lurøy,2,2014,2278,2278,8N14666,13,Southern 3,0.0017973072021455106,454,0.2422655406514571,50
7,Onøy og Lurøy,2,2014,3757,3757,8N87978,13,Southern 3,0.0017944984539326075,455,0.2422655406514571,50
7,Onøy og Lurøy,2,2014,1067,1067,8M72309,8,Lovund,0.0017851536661127013,456,0.2422655406514571,50
7,Onøy og Lurøy,2,2014,4671,4671,8794305,4,Gjerøy,0.0017789987607390086,457,0.2422655406514571,50
7,Onøy og Lurøy,2,2014,1412,1412,8N05293,13,Southern 3,0.0017751963482363878,458,0.2422655406514571,50
7,Onøy og Lurøy,2,2014,2251,2251,8N14638,13,Southern 3,0.001774411745535467,459,0.2422655406514571,50
7,Onøy og Lurøy,2,2014,4005,4005,8P14873,14,Southern 4,0.0017734070659664392,460,0.2422655406514571,50
7,Onøy og Lurøy,2,2014,5322,5322,8981147,11,Southern 1,0.0017722620975111475,461,0.2422655406514571,50
7,Onøy og Lurøy,2,2014,3795,3795,8P11520,14,Southern 4,0.0017655941511553939,462,0.2422655406514571,50
7,Onøy og Lurøy,2,2014,5297,5297,8981002,5,Hestmannøy,0.0017641953565011232,463,0.2422655406514571,50
7,Onøy og Lurøy,2,2014,2338,2338,8N14957,5,Hestmannøy,0.0017630139074467147,464,0.2422655406514571,50
7,Onøy og Lurøy,2,2014,71,71,8L26591,5,Hestmannøy,0.0017603116521827946,465,0.2422655406514571,50
7,Onøy og Lurøy,2,2014,1609,1609,8N05884,11,Southern 1,0.001758673460816727,466,0.2422655406514571,50
7,Onøy og Lurøy,2,2014,2873,2873,8N72692,11,Southern 1,0.0017564950567684695,467,0.2422655406514571,50
7,Onøy og Lurøy,2,2014,4827,4827,8816931,4,Gjerøy,0.0017465516177276865,468,0.2422655406514571,50
7,Onøy og Lurøy,2,2014,1832,1832,8N06895,14,Southern 4,0.001746133081973554,469,0.2422655406514571,50
7,Onøy og Lurøy,2,2014,1444,1444,8N05462,5,Hestmannøy,0.0017439123760503456,470,0.2422655406514571,50
7,Onøy og Lurøy,2,2014,3021,3021,8N73223,12,Southern 2,0.0017414684938996466,471,0.2422655406514571,50
7,Onøy og Lurøy,2,2014,277,277,8L52209,4,Gjerøy,0.0017405142921497407,472,0.2422655406514571,50
7,Onøy og Lurøy,2,2014,3735,3735,8N87956,13,Southern 3,0.0017400953258470053,473,0.2422655406514571,50
7,Onøy og Lurøy,2,2014,3534,3534,8N87592,11,Southern 1,0.0017319466062143696,474,0.2422655406514571,50
7,Onøy og Lurøy,2,2014,2788,2788,8N72066,2,Træna,0.0017316096222651511,475,0.2422655406514571,50
7,Onøy og Lurøy,2,2014,1064,1064,8M72292,2,Træna,0.0017288657545916142,476,0.2422655406514571,50
7,Onøy og Lurøy,2,2014,3941,3941,8P14664,2,Træna,0.0017279371058347764,477,0.2422655406514571,50
7,Onøy og Lurøy,2,2014,4477,4477,8732648,5,Hestmannøy,0.0017271519523588902,478,0.2422655406514571,50
7,Onøy og Lurøy,2,2014,2041,2041,8N13974,5,Hestmannøy,0.0017269039943906845,479,0.2422655406514571,50
7,Onøy og Lurøy,2,2014,3313,3313,8N73924,11,Southern 1,0.0017259945305228928,480,0.2422655406514571,50
7,Onøy og Lurøy,2,2014,4571,4571,8747518,5,Hestmannøy,0.0017242134555867233,481,0.2422655406514571,50
7,Onøy og Lurøy,2,2014,570,570,8L89384,5,Hestmannøy,0.0017161915024565219,482,0.2422655406514571,50
7,Onøy og Lurøy,2,2014,2016,2016,8N13862,15,Southern 5,0.0017158193362339042,483,0.2422655406514571,50
7,Onøy og Lurøy,2,2014,3340,3340,8N73951,12,Southern 2,0.0017135125791772363,484,0.2422655406514571,50
7,Onøy og Lurøy,2,2014,5107,5107,8934883,3,Selvær,0.0017124990648353195,485,0.2422655406514571,50
7,Onøy og Lurøy,2,2014,3463,3463,8N87520,11,Southern 1,0.0017083905037159578,486,0.2422655406514571,50
7,Onøy og Lurøy,2,2014,2786,2786,8N72064,2,Træna,0.0017080172964537622,487,0.2422655406514571,50
7,Onøy og Lurøy,2,2014,4822,4822,8816918,5,Hestmannøy,0.0017075627912834853,488,0.2422655406514571,50
7,Onøy og Lurøy,2,2014,537,537,8L89266,5,Hestmannøy,0.0017065430915489074,489,0.2422655406514571,50
7,Onøy og Lurøy,2,2014,3945,3945,8P14696,2,Træna,0.0016971742432553532,490,0.2422655406514571,50
7,Onøy og Lurøy,2,2014,5035,5035,8934219,4,Gjerøy,0.0016923534395600316,491,0.2422655406514571,50
7,Onøy og Lurøy,2,2014,2092,2092,8N14186,5,Hestmannøy,0.0016856735268849666,492,0.2422655406514571,50
7,Onøy og Lurøy,2,2014,3916,3916,8P14312,14,Southern 4,0.0016833332187911928,493,0.2422655406514571,50
7,Onøy og Lurøy,2,2014,150,150,8L30779,4,Gjerøy,0.0016827232847680907,494,0.2422655406514571,50
7,Onøy og Lurøy,2,2014,1806,1806,8N06866,11,Southern 1,0.0016815802795805835,495,0.2422655406514571,50
7,Onøy og Lurøy,2,2014,4492,4492,8732685,5,Hestmannøy,0.001681029137142648,496,0.2422655406514571,50
7,Onøy og Lurøy,2,2014,3899,3899,8P14112,5,Hestmannøy,0.0016800678205898402,497,0.2422655406514571,50
7,Onøy og Lurøy,2,2014,2700,2700,8N42519,5,Hestmannøy,0.00166472518574775,498,0.2422655406514571,50
7,Onøy og Lurøy,2,2014,2098,2098,8N14225,5,Hestmannøy,0.0016583477080724393,499,0.2422655406514571,50
7,Onøy og Lurøy,2,2014,2541,2541,8N28429,2,Træna,0.0016582935940628435,500,0.2422655406514571,50
7,Onøy og Lurøy,2,2014,1865,1865,8N05700,15,Southern 5,0.0016552621705387446,501,0.2422655406514571,50
7,Onøy og Lurøy,2,2014,3121,3121,8N73472,11,Southern 1,0.001653217047956,502,0.2422655406514571,50
7,Onøy og Lurøy,2,2014,384,384,8L52932,4,Gjerøy,0.0016483689018617449,503,0.2422655406514571,50
7,Onøy og Lurøy,2,2014,1575,1575,8N05797,10,Aldra,0.00164733613188696,504,0.2422655406514571,50
7,Onøy og Lurøy,2,2014,189,189,8L48334,6,Indre Kvarøy,0.0016441742881554812,505,0.2422655406514571,50
7,Onøy og Lurøy,2,2014,4567,4567,8747492,3,Selvær,0.0016372094512245978,506,0.2422655406514571,50
7,Onøy og Lurøy,2,2014,3126,3126,8N73477,11,Southern 1,0.0016317254339795605,507,0.2422655406514571,50
7,Onøy og Lurøy,2,2014,4364,4364,8681486,2,Træna,0.0016286702231202114,508,0.2422655406514571,50
7,Onøy og Lurøy,2,2014,5078,5078,8934473,3,Selvær,0.0016281484996160994,509,0.2422655406514571,50
7,Onøy og Lurøy,2,2014,3442,3442,8N87339,4,Gjerøy,0.001627838979721573,510,0.2422655406514571,50
7,Onøy og Lurøy,2,2014,3410,3410,8N87115,4,Gjerøy,0.0016248871114425808,511,0.2422655406514571,50
7,Onøy og Lurøy,2,2014,1998,1998,8N13699,13,Southern 3,0.0016222817346842346,512,0.2422655406514571,50
7,Onøy og Lurøy,2,2014,4297,4297,8681073,5,Hestmannøy,0.0016209141440460906,513,0.2422655406514571,50
7,Onøy og Lurøy,2,2014,3898,3898,8P14111,5,Hestmannøy,0.001614523225361072,514,0.2422655406514571,50
7,Onøy og Lurøy,2,2014,586,586,8L89457,10,Aldra,0.0016014776415428549,515,0.2422655406514571,50
7,Onøy og Lurøy,2,2014,3010,3010,8N73212,12,Southern 2,0.0016013170563161701,516,0.2422655406514571,50
7,Onøy og Lurøy,2,2014,2139,2139,8N14523,11,Southern 1,0.0016012461021540439,517,0.2422655406514571,50
7,Onøy og Lurøy,2,2014,371,371,8L52603,9,Sleneset,0.0016006468197042845,518,0.2422655406514571,50
7,Onøy og Lurøy,2,2014,3248,3248,8N73674,13,Southern 3,0.001600096484486048,519,0.2422655406514571,50
7,Onøy og Lurøy,2,2014,2536,2536,8N28404,9,Sleneset,0.0015962896393758301,520,0.2422655406514571,50
7,Onøy og Lurøy,2,2014,4458,4458,8732506,8,Lovund,0.0015931590923578792,521,0.2422655406514571,50
7,Onøy og Lurøy,2,2014,347,347,8L52401,5,Hestmannøy,0.0015906886265981035,522,0.2422655406514571,50
7,Onøy og Lurøy,2,2014,432,432,8L64075,11,Southern 1,0.0015900317329603072,523,0.2422655406514571,50
7,Onøy og Lurøy,2,2014,944,944,8M71323,11,Southern 1,0.0015827141336853378,524,0.2422655406514571,50
7,Onøy og Lurøy,2,2014,4922,4922,8887233,5,Hestmannøy,0.0015824685555819126,525,0.2422655406514571,50
7,Onøy og Lurøy,2,2014,791,791,8M31716,6,Indre Kvarøy,0.0015791724316505202,526,0.2422655406514571,50
7,Onøy og Lurøy,2,2014,4385,4385,8730460,8,Lovund,0.001576901684473904,527,0.2422655406514571,50
7,Onøy og Lurøy,2,2014,4957,4957,8887379,4,Gjerøy,0.001572244050197229,528,0.2422655406514571,50
7,Onøy og Lurøy,2,2014,4972,4972,8887448,5,Hestmannøy,0.0015677599154634275,529,0.2422655406514571,50
7,Onøy og Lurøy,2,2014,2267,2267,8N14655,13,Southern 3,0.0015629087843476587,530,0.2422655406514571,50
7,Onøy og Lurøy,2,2014,4735,4735,8800303,5,Hestmannøy,0.001552781068848782,531,0.2422655406514571,50
7,Onøy og Lurøy,2,2014,2797,2797,8N72260,2,Træna,0.0015475242832549585,532,0.2422655406514571,50
7,Onøy og Lurøy,2,2014,2158,2158,8N14542,11,Southern 1,0.0015460570836833825,533,0.2422655406514571,50
7,Onøy og Lurøy,2,2014,3849,3849,8P11576,5,Hestmannøy,0.0015434658329164619,534,0.2422655406514571,50
7,Onøy og Lurøy,2,2014,2134,2134,8N14518,11,Southern 1,0.0015433815515731855,535,0.2422655406514571,50
7,Onøy og Lurøy,2,2014,4254,4254,8651979,5,Hestmannøy,0.0015418670048388628,536,0.2422655406514571,50
7,Onøy og Lurøy,2,2014,2998,2998,8N73194,15,Southern 5,0.0015378317439579555,537,0.2422655406514571,50
7,Onøy og Lurøy,2,2014,947,947,8M71327,11,Southern 1,0.0015342789318469096,538,0.2422655406514571,50
7,Onøy og Lurøy,2,2014,5348,5348,8981274,5,Hestmannøy,0.0015335040033424316,539,0.2422655406514571,50
7,Onøy og Lurøy,2,2014,762,762,8M31543,6,Indre Kvarøy,0.0015298683018683643,540,0.2422655406514571,50
7,Onøy og Lurøy,2,2014,443,443,8L64171,8,Lovund,0.001528391852309316,541,0.2422655406514571,50
7,Onøy og Lurøy,2,2014,1499,1499,8N05644,14,Southern 4,0.0015262412651045282,542,0.2422655406514571,50
7,Onøy og Lurøy,2,2014,4613,4613,8747694,0,Nesøy,0.0015257747294309643,543,0.2422655406514571,50
7,Onøy og Lurøy,2,2014,5129,5129,8939122,4,Gjerøy,0.0015218183072057898,544,0.2422655406514571,50
7,Onøy og Lurøy,2,2014,194,194,8L48410,5,Hestmannøy,0.0015216471299150432,545,0.2422655406514571,50
7,Onøy og Lurøy,2,2014,2492,2492,8N27956,5,Hestmannøy,0.0015209216526038327,546,0.2422655406514571,50
7,Onøy og Lurøy,2,2014,5202,5202,8939750,5,Hestmannøy,0.0015205417299358121,547,0.2422655406514571,50
7,Onøy og Lurøy,2,2014,5371,5371,8981381,12,Southern 2,0.0015188282265989233,548,0.2422655406514571,50
7,Onøy og Lurøy,2,2014,34,34,8L19917,5,Hestmannøy,0.0015117402762287074,549,0.2422655406514571,50
7,Onøy og Lurøy,2,2014,3503,3503,8N87560,11,Southern 1,0.0015109511714099186,550,0.2422655406514571,50
7,Onøy og Lurøy,2,2014,880,880,8L64795,13,Southern 3,0.0015105784166834502,551,0.2422655406514571,50
7,Onøy og Lurøy,2,2014,2039,2039,8N13970,5,Hestmannøy,0.0015100539816131303,552,0.2422655406514571,50
7,Onøy og Lurøy,2,2014,2388,2388,8N27194,14,Southern 4,0.0015055850461695819,553,0.2422655406514571,50
7,Onøy og Lurøy,2,2014,5181,5181,8939582,10,Aldra,0.0015047031258590845,554,0.2422655406514571,50
7,Onøy og Lurøy,2,2014,2969,2969,8N73025,0,Nesøy,0.0015043526639574162,555,0.2422655406514571,50
7,Onøy og Lurøy,2,2014,3776,3776,8P11070,2,Træna,0.0015021794033170325,556,0.2422655406514571,50
7,Onøy og Lurøy,2,2014,1756,1756,8N06786,5,Hestmannøy,0.0014974271078661257,557,0.2422655406514571,50
7,Onøy og Lurøy,2,2014,4203,4203,8598631,2,Træna,0.0014923678334309903,558,0.2422655406514571,50
7,Onøy og Lurøy,2,2014,4044,4044,8N14980,6,Indre Kvarøy,0.0014853788004696084,559,0.2422655406514571,50
7,Onøy og Lurøy,2,2014,4006,4006,8P14874,14,Southern 4,0.00148045958721434,560,0.2422655406514571,50
7,Onøy og Lurøy,2,2014,5027,5027,8934072,5,Hestmannøy,0.001472851135633653,561,0.2422655406514571,50
7,Onøy og Lurøy,2,2014,538,538,8L89268,5,Hestmannøy,0.0014710740760641972,562,0.2422655406514571,50
7,Onøy og Lurøy,2,2014,5100,5100,8934820,8,Lovund,0.0014699862577925464,563,0.2422655406514571,50
7,Onøy og Lurøy,2,2014,328,328,8L52377,11,Southern 1,0.0014690884164321012,564,0.2422655406514571,50
7,Onøy og Lurøy,2,2014,3105,3105,8N73456,11,Southern 1,0.0014646651954578485,565,0.2422655406514571,50
7,Onøy og Lurøy,2,2014,3681,3681,8N87901,13,Southern 3,0.0014631257017786942,566,0.2422655406514571,50
7,Onøy og Lurøy,2,2014,600,600,8L89516,5,Hestmannøy,0.0014620560554654556,567,0.2422655406514571,50
7,Onøy og Lurøy,2,2014,1471,1471,8N05609,14,Southern 4,0.0014611433722719358,568,0.2422655406514571,50
7,Onøy og Lurøy,2,2014,1267,1267,8N05145,12,Southern 2,0.0014599581311648604,569,0.2422655406514571,50
7,Onøy og Lurøy,2,2014,3747,3747,8N87968,13,Southern 3,0.0014589921687457796,570,0.2422655406514571,50
7,Onøy og Lurøy,2,2014,5243,5243,8943106,10,Aldra,0.0014519085909844693,571,0.2422655406514571,50
7,Onøy og Lurøy,2,2014,2317,2317,8N14901,5,Hestmannøy,0.0014497913029396059,572,0.2422655406514571,50
7,Onøy og Lurøy,2,2014,4109,4109,8168638,5,Hestmannøy,0.001448920362279966,573,0.2422655406514571,50
7,Onøy og Lurøy,2,2014,4258,4258,8668482,4,Gjerøy,0.0014481183196508169,574,0.2422655406514571,50
7,Onøy og Lurøy,2,2014,1076,1076,8M72420,13,Southern 3,0.0014474075027969375,575,0.2422655406514571,50
7,Onøy og Lurøy,2,2014,5099,5099,8934811,8,Lovund,0.0014472370344376098,576,0.2422655406514571,50
7,Onøy og Lurøy,2,2014,591,591,8L89471,6,Indre Kvarøy,0.0014467728578668809,577,0.2422655406514571,50
7,Onøy og Lurøy,2,2014,2719,2719,8N42657,0,Nesøy,0.001443920776240261,578,0.2422655406514571,50
7,Onøy og Lurøy,2,2014,3545,3545,8N87606,15,Southern 5,0.001441695420967382,579,0.2422655406514571,50
7,Onøy og Lurøy,2,2014,2175,2175,8N14560,11,Southern 1,0.001440872561583443,580,0.2422655406514571,50
7,Onøy og Lurøy,2,2014,2189,2189,8N14575,11,Southern 1,0.0014373346215454203,581,0.2422655406514571,50
7,Onøy og Lurøy,2,2014,4819,4819,8816496,1,Myken,0.0014351460947321392,582,0.2422655406514571,50
7,Onøy og Lurøy,2,2014,1433,1433,8N05418,1,Myken,0.0014337953514143983,583,0.2422655406514571,50
7,Onøy og Lurøy,2,2014,2945,2945,8N72947,13,Southern 3,0.0014331066895958144,584,0.2422655406514571,50
7,Onøy og Lurøy,2,2014,387,387,8L52950,5,Hestmannøy,0.0014297914236112343,585,0.2422655406514571,50
7,Onøy og Lurøy,2,2014,4966,4966,8887421,6,Indre Kvarøy,0.0014281288271410575,586,0.2422655406514571,50
7,Onøy og Lurøy,2,2014,3594,3594,8N87811,14,Southern 4,0.0014251238658796108,587,0.2422655406514571,50
7,Onøy og Lurøy,2,2014,1721,1721,8N06674,14,Southern 4,0.0014247846588285118,588,0.2422655406514571,50
7,Onøy og Lurøy,2,2014,1102,1102,8M72571,11,Southern 1,0.0014242771526879674,589,0.2422655406514571,50
7,Onøy og Lurøy,2,2014,1341,1341,8N05220,12,Southern 2,0.0014229619905188069,590,0.2422655406514571,50
7,Onøy og Lurøy,2,2014,2444,2444,8N27618,14,Southern 4,0.0014224704593373788,591,0.2422655406514571,50
7,Onøy og Lurøy,2,2014,1950,1950,8N13650,14,Southern 4,0.0014190173781451476,592,0.2422655406514571,50
7,Onøy og Lurøy,2,2014,3751,3751,8N87972,13,Southern 3,0.0014104678529891746,593,0.2422655406514571,50
7,Onøy og Lurøy,2,2014,3655,3655,8N87875,13,Southern 3,0.001409549765913925,594,0.2422655406514571,50
7,Onøy og Lurøy,2,2014,4711,4711,8800091,6,Indre Kvarøy,0.001409440852723372,595,0.2422655406514571,50
7,Onøy og Lurøy,2,2014,1132,1132,8M72649,4,Gjerøy,0.0014055939756409625,596,0.2422655406514571,50
7,Onøy og Lurøy,2,2014,833,833,8M31873,5,Hestmannøy,0.0014031247608498488,597,0.2422655406514571,50
7,Onøy og Lurøy,2,2014,3069,3069,8N73370,2,Træna,0.0014023146023154078,598,0.2422655406514571,50
7,Onøy og Lurøy,2,2014,1077,1077,8M72422,13,Southern 3,0.0014020598758022024,599,0.2422655406514571,50
7,Onøy og Lurøy,2,2014,2785,2785,8N72045,2,Træna,0.001399633071815512,600,0.2422655406514571,50
7,Onøy og Lurøy,2,2014,2767,2767,8N42942,6,Indre Kvarøy,0.0013986754393105186,601,0.2422655406514571,50
7,Onøy og Lurøy,2,2014,1290,1290,8N05168,12,Southern 2,0.0013962270080137462,602,0.2422655406514571,50
7,Onøy og Lurøy,2,2014,2090,2090,8N14178,6,Indre Kvarøy,0.0013950731593934068,603,0.2422655406514571,50
7,Onøy og Lurøy,2,2014,3255,3255,8N73681,13,Southern 3,0.0013938293851526633,604,0.2422655406514571,50
7,Onøy og Lurøy,2,2014,2078,2078,8N14119,4,Gjerøy,0.0013832773677265103,605,0.2422655406514571,50
7,Onøy og Lurøy,2,2014,4936,4936,8887290,5,Hestmannøy,0.0013823373077868218,606,0.2422655406514571,50
7,Onøy og Lurøy,2,2014,23,23,8L19830,5,Hestmannøy,0.0013796918611626305,607,0.2422655406514571,50
7,Onøy og Lurøy,2,2014,1795,1795,8N06855,11,Southern 1,0.0013769355742780911,608,0.2422655406514571,50
7,Onøy og Lurøy,2,2014,4538,4538,8747273,2,Træna,0.0013768293899911444,609,0.2422655406514571,50
7,Onøy og Lurøy,2,2014,5261,5261,8943458,0,Nesøy,0.0013766698214617782,610,0.2422655406514571,50
7,Onøy og Lurøy,2,2014,1566,1566,8N05717,6,Indre Kvarøy,0.0013712769083809165,611,0.2422655406514571,50
7,Onøy og Lurøy,2,2014,5186,5186,8939607,5,Hestmannøy,0.0013704232908857068,612,0.2422655406514571,50
7,Onøy og Lurøy,2,2014,209,209,8L48461,10,Aldra,0.0013676989881617673,613,0.2422655406514571,50
7,Onøy og Lurøy,2,2014,1080,1080,8M72437,13,Southern 3,0.0013654140465469088,614,0.2422655406514571,50
7,Onøy og Lurøy,2,2014,1874,1874,8N13347,2,Træna,0.0013651185283526915,615,0.2422655406514571,50
7,Onøy og Lurøy,2,2014,4733,4733,8800196,6,Indre Kvarøy,0.0013627802647397822,616,0.2422655406514571,50
7,Onøy og Lurøy,2,2014,4286,4286,8681057,6,Indre Kvarøy,0.0013612226849542702,617,0.2422655406514571,50
7,Onøy og Lurøy,2,2014,1995,1995,8N13696,13,Southern 3,0.0013601385143867323,618,0.2422655406514571,50
7,Onøy og Lurøy,2,2014,52,52,8L19977,5,Hestmannøy,0.0013589137707110085,619,0.2422655406514571,50
7,Onøy og Lurøy,2,2014,743,743,8M31445,5,Hestmannøy,0.0013575760005428844,620,0.2422655406514571,50
7,Onøy og Lurøy,2,2014,2259,2259,8N14647,13,Southern 3,0.0013551167883891985,621,0.2422655406514571,50
7,Onøy og Lurøy,2,2014,2119,2119,8N14348,15,Southern 5,0.0013528832612772844,622,0.2422655406514571,50
7,Onøy og Lurøy,2,2014,4436,4436,8730993,4,Gjerøy,0.0013509291697575735,623,0.2422655406514571,50
7,Onøy og Lurøy,2,2014,99,99,8L30445,4,Gjerøy,0.0013507800961340786,624,0.2422655406514571,50
7,Onøy og Lurøy,2,2014,4077,4077,8P26524,9,Sleneset,0.0013506955908311586,625,0.2422655406514571,50
7,Onøy og Lurøy,2,2014,5236,5236,8943066,10,Aldra,0.0013504450935899576,626,0.2422655406514571,50
7,Onøy og Lurøy,2,2014,2043,2043,8N13976,5,Hestmannøy,0.0013466523238944497,627,0.2422655406514571,50
7,Onøy og Lurøy,2,2014,188,188,8L48323,4,Gjerøy,0.001346501428838546,628,0.2422655406514571,50
7,Onøy og Lurøy,2,2014,4502,4502,8747026,2,Træna,0.001341778520621293,629,0.2422655406514571,50
7,Onøy og Lurøy,2,2014,1058,1058,8M72243,3,Selvær,0.001331571674786484,630,0.2422655406514571,50
7,Onøy og Lurøy,2,2014,391,391,8L52963,6,Indre Kvarøy,0.0013306636729984358,631,0.2422655406514571,50
7,Onøy og Lurøy,2,2014,1620,1620,8N05898,11,Southern 1,0.0013279188111109546,632,0.2422655406514571,50
7,Onøy og Lurøy,2,2014,2305,2305,8N14699,14,Southern 4,0.001325475648166615,633,0.2422655406514571,50
7,Onøy og Lurøy,2,2014,2236,2236,8N14622,13,Southern 3,0.001323838418081294,634,0.2422655406514571,50
7,Onøy og Lurøy,2,2014,3308,3308,8N73919,11,Southern 1,0.001323572416926868,635,0.2422655406514571,50
7,Onøy og Lurøy,2,2014,5193,5193,8939630,5,Hestmannøy,0.0013199812083091343,636,0.2422655406514571,50
7,Onøy og Lurøy,2,2014,422,422,8L57967,13,Southern 3,0.0013188473900825092,637,0.2422655406514571,50
7,Onøy og Lurøy,2,2014,2999,2999,8N73195,15,Southern 5,0.0013147213239134326,638,0.2422655406514571,50
7,Onøy og Lurøy,2,2014,4824,4824,8816921,6,Indre Kvarøy,0.0013139953873774145,639,0.2422655406514571,50
7,Onøy og Lurøy,2,2014,1942,1942,8N13642,14,Southern 4,0.0013119312930303544,640,0.2422655406514571,50
7,Onøy og Lurøy,2,2014,3939,3939,8P14616,2,Træna,0.0013101341186484209,641,0.2422655406514571,50
7,Onøy og Lurøy,2,2014,1907,1907,8N13608,14,Southern 4,0.0013096463514184692,642,0.2422655406514571,50
7,Onøy og Lurøy,2,2014,767,767,8M31550,6,Indre Kvarøy,0.0013084837846956917,643,0.2422655406514571,50
7,Onøy og Lurøy,2,2014,3004,3004,8N73200,15,Southern 5,0.0013072193954423944,644,0.2422655406514571,50
7,Onøy og Lurøy,2,2014,191,191,8L48344,0,Nesøy,0.0013066217149229026,645,0.2422655406514571,50
7,Onøy og Lurøy,2,2014,265,265,8L49934,1,Myken,0.0013018768095071065,646,0.2422655406514571,50
7,Onøy og Lurøy,2,2014,1062,1062,8M72265,8,Lovund,0.0013002575131034727,647,0.2422655406514571,50
7,Onøy og Lurøy,2,2014,4598,4598,8747606,5,Hestmannøy,0.0012933147355736238,648,0.2422655406514571,50
7,Onøy og Lurøy,2,2014,561,561,8L89365,5,Hestmannøy,0.0012932446078939292,649,0.2422655406514571,50
7,Onøy og Lurøy,2,2014,4139,4139,8309165,10,Aldra,0.0012929871015695687,650,0.2422655406514571,50
7,Onøy og Lurøy,2,2014,3736,3736,8N87957,13,Southern 3,0.0012902361782543162,651,0.2422655406514571,50
7,Onøy og Lurøy,2,2014,4842,4842,8816959,4,Gjerøy,0.0012846734552068118,652,0.2422655406514571,50
7,Onøy og Lurøy,2,2014,2448,2448,8N27691,5,Hestmannøy,0.0012840960341444277,653,0.2422655406514571,50
7,Onøy og Lurøy,2,2014,3855,3855,8P11585,4,Gjerøy,0.0012826327366866309,654,0.2422655406514571,50
7,Onøy og Lurøy,2,2014,1712,1712,8N06559,4,Gjerøy,0.0012805902434685013,655,0.2422655406514571,50
7,Onøy og Lurøy,2,2014,1298,1298,8N05176,13,Southern 3,0.0012798600994742742,656,0.2422655406514571,50
7,Onøy og Lurøy,2,2014,4668,4668,8747993,8,Lovund,0.001276541072852234,657,0.2422655406514571,50
7,Onøy og Lurøy,2,2014,4886,4886,8857778,5,Hestmannøy,0.0012724760299894769,658,0.2422655406514571,50
7,Onøy og Lurøy,2,2014,1805,1805,8N06865,11,Southern 1,0.0012671913202033302,659,0.2422655406514571,50
7,Onøy og Lurøy,2,2014,1991,1991,8N13692,13,Southern 3,0.0012663848223035212,660,0.2422655406514571,50
7,Onøy og Lurøy,2,2014,2962,2962,8N72965,2,Træna,0.0012661375559537287,661,0.2422655406514571,50
7,Onøy og Lurøy,2,2014,3123,3123,8N73474,11,Southern 1,0.0012627679349020463,662,0.2422655406514571,50
7,Onøy og Lurøy,2,2014,604,604,8L89521,5,Hestmannøy,0.0012623692058258455,663,0.2422655406514571,50
7,Onøy og Lurøy,2,2014,4301,4301,8681077,5,Hestmannøy,0.0012613350366618924,664,0.2422655406514571,50
7,Onøy og Lurøy,2,2014,431,431,8L64060,14,Southern 4,0.001257648474322408,665,0.2422655406514571,50
7,Onøy og Lurøy,2,2014,2539,2539,8N28418,4,Gjerøy,0.001256456573619395,666,0.2422655406514571,50
7,Onøy og Lurøy,2,2014,2517,2517,8N28177,3,Selvær,0.0012560733447034484,667,0.2422655406514571,50
7,Onøy og Lurøy,2,2014,3605,3605,8N87822,14,Southern 4,0.001255863882612346,668,0.2422655406514571,50
7,Onøy og Lurøy,2,2014,4062,4062,8P14997,15,Southern 5,0.0012537244180004514,669,0.2422655406514571,50
7,Onøy og Lurøy,2,2014,5380,5380,8981605,10,Aldra,0.0012531414925731372,670,0.2422655406514571,50
7,Onøy og Lurøy,2,2014,2627,2627,8N28899,14,Southern 4,0.001251046815851765,671,0.2422655406514571,50
7,Onøy og Lurøy,2,2014,5127,5127,8939119,10,Aldra,0.0012496266578023196,672,0.2422655406514571,50
7,Onøy og Lurøy,2,2014,4134,4134,8309146,4,Gjerøy,0.0012466659643494318,673,0.2422655406514571,50
7,Onøy og Lurøy,2,2014,4347,4347,8681415,5,Hestmannøy,0.0012450724797023304,674,0.2422655406514571,50
7,Onøy og Lurøy,2,2014,1882,1882,8N13418,2,Træna,0.0012427095436958499,675,0.2422655406514571,50
7,Onøy og Lurøy,2,2014,2169,2169,8N14554,11,Southern 1,0.0012402547925895052,676,0.2422655406514571,50
7,Onøy og Lurøy,2,2014,5353,5353,8981280,5,Hestmannøy,0.0012366773022797354,677,0.2422655406514571,50
7,Onøy og Lurøy,2,2014,4557,4557,8747373,5,Hestmannøy,0.0012362138720327753,678,0.2422655406514571,50
7,Onøy og Lurøy,2,2014,3613,3613,8N87830,14,Southern 4,0.0012284344319634772,679,0.2422655406514571,50
7,Onøy og Lurøy,2,2014,5102,5102,8934855,4,Gjerøy,0.0012277704643095689,680,0.2422655406514571,50
7,Onøy og Lurøy,2,2014,4797,4797,8800615,5,Hestmannøy,0.0012263440708177099,681,0.2422655406514571,50
7,Onøy og Lurøy,2,2014,1151,1151,8M72708,6,Indre Kvarøy,0.0012258522637588463,682,0.2422655406514571,50
7,Onøy og Lurøy,2,2014,2130,2130,8N14446,4,Gjerøy,0.0012251169019395801,683,0.2422655406514571,50
7,Onøy og Lurøy,2,2014,1185,1185,8M72908,5,Hestmannøy,0.0012232151914795104,684,0.2422655406514571,50
7,Onøy og Lurøy,2,2014,2094,2094,8N14188,5,Hestmannøy,0.0012223202745752393,685,0.2422655406514571,50
7,Onøy og Lurøy,2,2014,1601,1601,8N05875,11,Southern 1,0.0012202189627281842,686,0.2422655406514571,50
7,Onøy og Lurøy,2,2014,2588,2588,8N28773,5,Hestmannøy,0.001219014233555149,687,0.2422655406514571,50
7,Onøy og Lurøy,2,2014,4472,4472,8732637,5,Hestmannøy,0.0012179707688441874,688,0.2422655406514571,50
7,Onøy og Lurøy,2,2014,341,341,8L52393,12,Southern 2,0.0012170904337851201,689,0.2422655406514571,50
7,Onøy og Lurøy,2,2014,1515,1515,8N05660,13,Southern 3,0.001216162781123191,690,0.2422655406514571,50
7,Onøy og Lurøy,2,2014,2768,2768,8N42952,4,Gjerøy,0.0012141084519238599,691,0.2422655406514571,50
7,Onøy og Lurøy,2,2014,3317,3317,8N73928,11,Southern 1,0.0012140487182496732,692,0.2422655406514571,50
7,Onøy og Lurøy,2,2014,2925,2925,8N72927,13,Southern 3,0.0012135659636033093,693,0.2422655406514571,50
7,Onøy og Lurøy,2,2014,1839,1839,8N06917,5,Hestmannøy,0.001212903101267029,694,0.2422655406514571,50
7,Onøy og Lurøy,2,2014,2407,2407,8N27308,5,Hestmannøy,0.0012082272287597755,695,0.2422655406514571,50
7,Onøy og Lurøy,2,2014,400,400,8L57758,2,Træna,0.0012072704170693802,696,0.2422655406514571,50
7,Onøy og Lurøy,2,2014,5334,5334,8981209,12,Southern 2,0.0012027584306640985,697,0.2422655406514571,50
7,Onøy og Lurøy,2,2014,1525,1525,8N05669,15,Southern 5,0.0012005703079021423,698,0.2422655406514571,50
7,Onøy og Lurøy,2,2014,3198,3198,8N73624,13,Southern 3,0.0012001330748491743,699,0.2422655406514571,50
7,Onøy og Lurøy,2,2014,4343,4343,8681397,5,Hestmannøy,0.001197165340704702,700,0.2422655406514571,50
7,Onøy og Lurøy,2,2014,3363,3363,8N73974,12,Southern 2,0.0011971163075952423,701,0.2422655406514571,50
7,Onøy og Lurøy,2,2014,2880,2880,8N72699,11,Southern 1,0.0011951266244014176,702,0.2422655406514571,50
7,Onøy og Lurøy,2,2014,4267,4267,8681017,4,Gjerøy,0.0011941191840945636,703,0.2422655406514571,50
7,Onøy og Lurøy,2,2014,63,63,8L26538,10,Aldra,0.00119346912073292,704,0.2422655406514571,50
7,Onøy og Lurøy,2,2014,5095,5095,8934600,4,Gjerøy,0.0011892935138273777,705,0.2422655406514571,50
7,Onøy og Lurøy,2,2014,187,187,8L48319,4,Gjerøy,0.0011879928759178442,706,0.2422655406514571,50
7,Onøy og Lurøy,2,2014,1818,1818,8N06878,11,Southern 1,0.0011868738799263863,707,0.2422655406514571,50
7,Onøy og Lurøy,2,2014,5104,5104,8934860,8,Lovund,0.001185735423148758,708,0.2422655406514571,50
7,Onøy og Lurøy,2,2014,2213,2213,8N14599,11,Southern 1,0.0011850663631921769,709,0.2422655406514571,50
7,Onøy og Lurøy,2,2014,3699,3699,8N87920,13,Southern 3,0.0011848601378294733,710,0.2422655406514571,50
7,Onøy og Lurøy,2,2014,4758,4758,8800426,5,Hestmannøy,0.0011834183207594937,711,0.2422655406514571,50
7,Onøy og Lurøy,2,2014,4621,4621,8747725,5,Hestmannøy,0.0011823415244535127,712,0.2422655406514571,50
7,Onøy og Lurøy,2,2014,3254,3254,8N73680,13,Southern 3,0.0011819633269241885,713,0.2422655406514571,50
7,Onøy og Lurøy,2,2014,329,329,8L52378,11,Southern 1,0.0011799319774716968,714,0.2422655406514571,50
7,Onøy og Lurøy,2,2014,2631,2631,8N28914,2,Træna,0.0011783553145209343,715,0.2422655406514571,50
7,Onøy og Lurøy,2,2014,3937,3937,8P14585,8,Lovund,0.001178148787388126,716,0.2422655406514571,50
7,Onøy og Lurøy,2,2014,4187,4187,8573815,3,Selvær,0.0011776764747998768,717,0.2422655406514571,50
7,Onøy og Lurøy,2,2014,2414,2414,8N27330,4,Gjerøy,0.0011744435431597941,718,0.2422655406514571,50
7,Onøy og Lurøy,2,2014,1581,1581,8N05840,10,Aldra,0.0011738444457884355,719,0.2422655406514571,50
7,Onøy og Lurøy,2,2014,2227,2227,8N14613,13,Southern 3,0.001173622194674061,720,0.2422655406514571,50
7,Onøy og Lurøy,2,2014,1823,1823,8N06883,11,Southern 1,0.0011731154690603398,721,0.2422655406514571,50
7,Onøy og Lurøy,2,2014,4248,4248,8651899,5,Hestmannøy,0.0011728354999361742,722,0.2422655406514571,50
7,Onøy og Lurøy,2,2014,4836,4836,8816949,4,Gjerøy,0.0011723810559582382,723,0.2422655406514571,50
7,Onøy og Lurøy,2,2014,4215,4215,8651548,4,Gjerøy,0.0011697354663586755,724,0.2422655406514571,50
7,Onøy og Lurøy,2,2014,659,659,8L89754,5,Hestmannøy,0.0011681071245773038,725,0.2422655406514571,50
7,Onøy og Lurøy,2,2014,2983,2983,8N73097,5,Hestmannøy,0.0011674705184956463,726,0.2422655406514571,50
7,Onøy og Lurøy,2,2014,3144,3144,8N73496,12,Southern 2,0.0011661329436848996,727,0.2422655406514571,50
7,Onøy og Lurøy,2,2014,2290,2290,8N14678,13,Southern 3,0.001165880276971289,728,0.2422655406514571,50
7,Onøy og Lurøy,2,2014,1536,1536,8N05681,15,Southern 5,0.0011650915818274036,729,0.2422655406514571,50
7,Onøy og Lurøy,2,2014,4774,4774,8800489,10,Aldra,0.001164155635480087,730,0.2422655406514571,50
7,Onøy og Lurøy,2,2014,2205,2205,8N14591,11,Southern 1,0.0011599848647571983,731,0.2422655406514571,50
7,Onøy og Lurøy,2,2014,2528,2528,8N28339,2,Træna,0.0011597181730028522,732,0.2422655406514571,50
7,Onøy og Lurøy,2,2014,4548,4548,8747294,9,Sleneset,0.0011563589039978337,733,0.2422655406514571,50
7,Onøy og Lurøy,2,2014,4067,4067,8P26195,5,Hestmannøy,0.0011555337463849417,734,0.2422655406514571,50
7,Onøy og Lurøy,2,2014,1699,1699,8N06495,12,Southern 2,0.0011550477215232437,735,0.2422655406514571,50
7,Onøy og Lurøy,2,2014,3712,3712,8N87933,13,Southern 3,0.0011471129739943112,736,0.2422655406514571,50
7,Onøy og Lurøy,2,2014,426,426,8M71448,13,Southern 3,0.0011402261791521344,737,0.2422655406514571,50
7,Onøy og Lurøy,2,2014,5156,5156,8939392,6,Indre Kvarøy,0.0011385014407729868,738,0.2422655406514571,50
7,Onøy og Lurøy,2,2014,1118,1118,8M72609,5,Hestmannøy,0.0011362885980813026,739,0.2422655406514571,50
7,Onøy og Lurøy,2,2014,1274,1274,8N05153,12,Southern 2,0.0011339643756331165,740,0.2422655406514571,50
7,Onøy og Lurøy,2,2014,1122,1122,8M72618,4,Gjerøy,0.0011296542057355116,741,0.2422655406514571,50
7,Onøy og Lurøy,2,2014,639,639,8L89704,4,Gjerøy,0.0011226062562026936,742,0.2422655406514571,50
7,Onøy og Lurøy,2,2014,4948,4948,8887352,5,Hestmannøy,0.0011225164787331471,743,0.2422655406514571,50
7,Onøy og Lurøy,2,2014,3044,3044,8N73246,14,Southern 4,0.0011219636866068412,744,0.2422655406514571,50
7,Onøy og Lurøy,2,2014,5339,5339,8981253,5,Hestmannøy,0.0011204098540292951,745,0.2422655406514571,50
7,Onøy og Lurøy,2,2014,1759,1759,8N06808,6,Indre Kvarøy,0.0011180593448703751,746,0.2422655406514571,50
7,Onøy og Lurøy,2,2014,1088,1088,8M72530,11,Southern 1,0.0011167601233901692,747,0.2422655406514571,50
7,Onøy og Lurøy,2,2014,1174,1174,8M72877,5,Hestmannøy,0.0011159414810062243,748,0.2422655406514571,50
7,Onøy og Lurøy,2,2014,1802,1802,8N06862,11,Southern 1,0.0011156074697046157,749,0.2422655406514571,50
7,Onøy og Lurøy,2,2014,3998,3998,8P14866,15,Southern 5,0.0011120403613517301,750,0.2422655406514571,50
7,Onøy og Lurøy,2,2014,4101,4101,8168603,10,Aldra,0.0011097929293452386,751,0.2422655406514571,50
7,Onøy og Lurøy,2,2014,2452,2452,8N27748,2,Træna,0.0011093156032238002,752,0.2422655406514571,50
7,Onøy og Lurøy,2,2014,2272,2272,8N14660,13,Southern 3,0.0011074522535046512,753,0.2422655406514571,50
7,Onøy og Lurøy,2,2014,1241,1241,8N05119,12,Southern 2,0.0011009501342320307,754,0.2422655406514571,50
7,Onøy og Lurøy,2,2014,4417,4417,8730928,2,Træna,0.0011008167950082434,755,0.2422655406514571,50
7,Onøy og Lurøy,2,2014,5237,5237,8943067,10,Aldra,0.0010974875032186927,756,0.2422655406514571,50
7,Onøy og Lurøy,2,2014,3089,3089,8N73440,11,Southern 1,0.0010962635575800263,757,0.2422655406514571,50
7,Onøy og Lurøy,2,2014,1437,1437,8N05442,6,Indre Kvarøy,0.001093834536330695,758,0.2422655406514571,50
7,Onøy og Lurøy,2,2014,524,524,8M31826,12,Southern 2,0.0010929831434801302,759,0.2422655406514571,50
7,Onøy og Lurøy,2,2014,4770,4770,8800477,4,Gjerøy,0.001092519198574783,760,0.2422655406514571,50
7,Onøy og Lurøy,2,2014,2648,2648,8N42126,6,Indre Kvarøy,0.0010922983402777233,761,0.2422655406514571,50
7,Onøy og Lurøy,2,2014,164,164,8L30851,2,Træna,0.0010919117403557364,762,0.2422655406514571,50
7,Onøy og Lurøy,2,2014,3810,3810,8P11535,15,Southern 5,0.0010895958438026266,763,0.2422655406514571,50
7,Onøy og Lurøy,2,2014,1956,1956,8N13656,13,Southern 3,0.0010863454700197172,764,0.2422655406514571,50
7,Onøy og Lurøy,2,2014,2626,2626,8N28898,14,Southern 4,0.0010851204261671766,765,0.2422655406514571,50
7,Onøy og Lurøy,2,2014,788,788,8M31706,4,Gjerøy,0.0010845393884528279,766,0.2422655406514571,50
7,Onøy og Lurøy,2,2014,2890,2890,8N72738,4,Gjerøy,0.0010845359122425545,767,0.2422655406514571,50
7,Onøy og Lurøy,2,2014,1562,1562,8N05713,6,Indre Kvarøy,0.0010828130824604425,768,0.2422655406514571,50
7,Onøy og Lurøy,2,2014,4677,4677,8794326,9,Sleneset,0.0010817163634919311,769,0.2422655406514571,50
7,Onøy og Lurøy,2,2014,3729,3729,8N87950,13,Southern 3,0.001080143765368235,770,0.2422655406514571,50
7,Onøy og Lurøy,2,2014,3312,3312,8N73923,11,Southern 1,0.0010765338680604269,771,0.2422655406514571,50
7,Onøy og Lurøy,2,2014,226,226,8L48607,6,Indre Kvarøy,0.0010750590149256481,772,0.2422655406514571,50
7,Onøy og Lurøy,2,2014,4585,4585,8747555,5,Hestmannøy,0.001075013244537481,773,0.2422655406514571,50
7,Onøy og Lurøy,2,2014,2990,2990,8N73186,15,Southern 5,0.0010744836224754572,774,0.2422655406514571,50
7,Onøy og Lurøy,2,2014,4556,4556,8747369,0,Nesøy,0.0010737115403452752,775,0.2422655406514571,50
7,Onøy og Lurøy,2,2014,5087,5087,8934527,1,Myken,0.0010735785817608354,776,0.2422655406514571,50
7,Onøy og Lurøy,2,2014,2330,2330,8N14937,4,Gjerøy,0.001070433410622354,777,0.2422655406514571,50
7,Onøy og Lurøy,2,2014,4507,4507,8747100,5,Hestmannøy,0.0010702562744806243,778,0.2422655406514571,50
7,Onøy og Lurøy,2,2014,2777,2777,8N42991,14,Southern 4,0.0010652767455527341,779,0.2422655406514571,50
7,Onøy og Lurøy,2,2014,1292,1292,8N05170,12,Southern 2,0.001063344463349967,780,0.2422655406514571,50
7,Onøy og Lurøy,2,2014,588,588,8L89466,6,Indre Kvarøy,0.001060851976735193,781,0.2422655406514571,50
7,Onøy og Lurøy,2,2014,2734,2734,8N42709,4,Gjerøy,0.0010598965604662661,782,0.2422655406514571,50
7,Onøy og Lurøy,2,2014,1682,1682,8N06478,12,Southern 2,0.0010597736208101901,783,0.2422655406514571,50
7,Onøy og Lurøy,2,2014,3071,3071,8N73402,4,Gjerøy,0.001058256560694249,784,0.2422655406514571,50
7,Onøy og Lurøy,2,2014,287,287,8L52231,3,Selvær,0.0010569391406478556,785,0.2422655406514571,50
7,Onøy og Lurøy,2,2014,5395,5395,8981720,4,Gjerøy,0.0010563007596857458,786,0.2422655406514571,50
7,Onøy og Lurøy,2,2014,4224,4224,8651717,9,Sleneset,0.0010554504756351579,787,0.2422655406514571,50
7,Onøy og Lurøy,2,2014,4872,4872,8857401,4,Gjerøy,0.0010552584124583605,788,0.2422655406514571,50
7,Onøy og Lurøy,2,2014,1505,1505,8N05650,11,Southern 1,0.0010546432179559834,789,0.2422655406514571,50
7,Onøy og Lurøy,2,2014,799,799,8M31765,11,Southern 1,0.0010542537350589198,790,0.2422655406514571,50
7,Onøy og Lurøy,2,2014,5213,5213,8939858,8,Lovund,0.001053042232223343,791,0.2422655406514571,50
7,Onøy og Lurøy,2,2014,2913,2913,8N72914,13,Southern 3,0.0010509958176192075,792,0.2422655406514571,50
7,Onøy og Lurøy,2,2014,4078,4078,8P26525,9,Sleneset,0.0010450561556355018,793,0.2422655406514571,50
7,Onøy og Lurøy,2,2014,428,428,8M71447,13,Southern 3,0.0010435706405136048,794,0.2422655406514571,50
7,Onøy og Lurøy,2,2014,3659,3659,8N87879,13,Southern 3,0.0010430013735257158,795,0.2422655406514571,50
7,Onøy og Lurøy,2,2014,1400,1400,8N05280,13,Southern 3,0.0010381985469891171,796,0.2422655406514571,50
7,Onøy og Lurøy,2,2014,2721,2721,8N42664,4,Gjerøy,0.0010368511169631294,797,0.2422655406514571,50
7,Onøy og Lurøy,2,2014,4902,4902,8866791,5,Hestmannøy,0.001035270931014402,798,0.2422655406514571,50
7,Onøy og Lurøy,2,2014,3426,3426,8N87251,8,Lovund,0.0010350332169098788,799,0.2422655406514571,50
7,Onøy og Lurøy,2,2014,882,882,8L64770,13,Southern 3,0.0010347771435990473,800,0.2422655406514571,50
7,Onøy og Lurøy,2,2014,4599,4599,8747608,5,Hestmannøy,0.001034724252844758,801,0.2422655406514571,50
7,Onøy og Lurøy,2,2014,1528,1528,8N05673,15,Southern 5,0.0010295309097665857,802,0.2422655406514571,50
7,Onøy og Lurøy,2,2014,3938,3938,8P14297,0,Nesøy,0.0010280325527577637,803,0.2422655406514571,50
7,Onøy og Lurøy,2,2014,270,270,8L49991,6,Indre Kvarøy,0.0010279811526844622,804,0.2422655406514571,50
7,Onøy og Lurøy,2,2014,4754,4754,8800405,5,Hestmannøy,0.001027483342082154,805,0.2422655406514571,50
7,Onøy og Lurøy,2,2014,793,793,8M31737,3,Selvær,0.0010270139383878605,806,0.2422655406514571,50
7,Onøy og Lurøy,2,2014,4338,4338,8681370,5,Hestmannøy,0.001026953113015037,807,0.2422655406514571,50
7,Onøy og Lurøy,2,2014,4456,4456,8732503,8,Lovund,0.0010234152660470053,808,0.2422655406514571,50
7,Onøy og Lurøy,2,2014,3962,3962,8P14808,14,Southern 4,0.0010222047030903354,809,0.2422655406514571,50
7,Onøy og Lurøy,2,2014,4767,4767,8800468,5,Hestmannøy,0.0010220222558001693,810,0.2422655406514571,50
7,Onøy og Lurøy,2,2014,4055,4055,8P14988,14,Southern 4,0.0010210048186023995,811,0.2422655406514571,50
7,Onøy og Lurøy,2,2014,1521,1521,8N05361,15,Southern 5,0.0010199294458517933,812,0.2422655406514571,50
7,Onøy og Lurøy,2,2014,2818,2818,8N72447,2,Træna,0.0010164924838339886,813,0.2422655406514571,50
7,Onøy og Lurøy,2,2014,1023,1023,8M71765,3,Selvær,0.0010161972493512748,814,0.2422655406514571,50
7,Onøy og Lurøy,2,2014,4441,4441,8732256,1,Myken,0.001014304556124334,815,0.2422655406514571,50
7,Onøy og Lurøy,2,2014,5421,5421,8981861,4,Gjerøy,0.001012182629065107,816,0.2422655406514571,50
7,Onøy og Lurøy,2,2014,4594,4594,8747590,2,Træna,0.0010108618736921773,817,0.2422655406514571,50
7,Onøy og Lurøy,2,2014,2349,2349,8N27053,14,Southern 4,0.0010103821973560952,818,0.2422655406514571,50
7,Onøy og Lurøy,2,2014,3417,3417,8N87211,6,Indre Kvarøy,0.0010102185720011903,819,0.2422655406514571,50
7,Onøy og Lurøy,2,2014,1572,1572,8N05750,4,Gjerøy,0.001005880614864191,820,0.2422655406514571,50
7,Onøy og Lurøy,2,2014,131,131,8L30752,11,Southern 1,0.0010057627724063285,821,0.2422655406514571,50
7,Onøy og Lurøy,2,2014,1569,1569,8N05747,4,Gjerøy,0.0010041683227715028,822,0.2422655406514571,50
7,Onøy og Lurøy,2,2014,976,976,8L64015,11,Southern 1,0.0010040443194744566,823,0.2422655406514571,50
7,Onøy og Lurøy,2,2014,5248,5248,8943135,0,Nesøy,0.0010022861740254015,824,0.2422655406514571,50
7,Onøy og Lurøy,2,2014,2249,2249,8N14635,13,Southern 3,0.000999587587850142,825,0.2422655406514571,50
7,Onøy og Lurøy,2,2014,4584,4584,8747554,5,Hestmannøy,0.0009990580276954706,826,0.2422655406514571,50
7,Onøy og Lurøy,2,2014,1334,1334,8N05213,12,Southern 2,0.0009955779546661646,827,0.2422655406514571,50
7,Onøy og Lurøy,2,2014,4057,4057,8P14994,14,Southern 4,0.0009882594471910778,828,0.2422655406514571,50
7,Onøy og Lurøy,2,2014,1324,1324,8N05203,12,Southern 2,0.000987350866727787,829,0.2422655406514571,50
7,Onøy og Lurøy,2,2014,2778,2778,8N42992,14,Southern 4,0.000987077024123489,830,0.2422655406514571,50
7,Onøy og Lurøy,2,2014,958,958,8L64184,11,Southern 1,0.000984473418824813,831,0.2422655406514571,50
7,Onøy og Lurøy,2,2014,4161,4161,8309277,5,Hestmannøy,0.0009840773206796058,832,0.2422655406514571,50
7,Onøy og Lurøy,2,2014,2475,2475,8N27902,1,Myken,0.0009838811986622466,833,0.2422655406514571,50
7,Onøy og Lurøy,2,2014,3626,3626,8N87844,14,Southern 4,0.0009824570598515,834,0.2422655406514571,50
7,Onøy og Lurøy,2,2014,4993,4993,8917814,3,Selvær,0.000981327560022201,835,0.2422655406514571,50
7,Onøy og Lurøy,2,2014,2620,2620,8N28851,5,Hestmannøy,0.00098047092480055,836,0.2422655406514571,50
7,Onøy og Lurøy,2,2014,2507,2507,8N28041,6,Indre Kvarøy,0.0009804059277728405,837,0.2422655406514571,50
7,Onøy og Lurøy,2,2014,1105,1105,8M72576,11,Southern 1,0.000977732297810171,838,0.2422655406514571,50
7,Onøy og Lurøy,2,2014,5125,5125,8939106,0,Nesøy,0.0009770324200876037,839,0.2422655406514571,50
7,Onøy og Lurøy,2,2014,3485,3485,8N87542,11,Southern 1,0.0009761791143142399,840,0.2422655406514571,50
7,Onøy og Lurøy,2,2014,459,459,8L64271,5,Hestmannøy,0.0009743369505413936,841,0.2422655406514571,50
7,Onøy og Lurøy,2,2014,4828,4828,8816932,4,Gjerøy,0.0009733759180986083,842,0.2422655406514571,50
7,Onøy og Lurøy,2,2014,2399,2399,8N27250,1,Myken,0.0009732932963794112,843,0.2422655406514571,50
7,Onøy og Lurøy,2,2014,1930,1930,8N13628,14,Southern 4,0.0009716679570795435,844,0.2422655406514571,50
7,Onøy og Lurøy,2,2014,4483,4483,8732656,5,Hestmannøy,0.0009710348044821862,845,0.2422655406514571,50
7,Onøy og Lurøy,2,2014,491,491,8L64812,3,Selvær,0.0009706541553546611,846,0.2422655406514571,50
7,Onøy og Lurøy,2,2014,1534,1534,8N05679,15,Southern 5,0.0009692549147171444,847,0.2422655406514571,50
7,Onøy og Lurøy,2,2014,2921,2921,8N72922,13,Southern 3,0.0009686824951292768,848,0.2422655406514571,50
7,Onøy og Lurøy,2,2014,1960,1960,8N13660,13,Southern 3,0.0009678088656477401,849,0.2422655406514571,50
7,Onøy og Lurøy,2,2014,5194,5194,8939684,11,Southern 1,0.0009652970824172545,850,0.2422655406514571,50
7,Onøy og Lurøy,2,2014,2997,2997,8N73193,15,Southern 5,0.000965146685582475,851,0.2422655406514571,50
7,Onøy og Lurøy,2,2014,4751,4751,8800391,5,Hestmannøy,0.00096498084438945,852,0.2422655406514571,50
7,Onøy og Lurøy,2,2014,881,881,8M71107,13,Southern 3,0.0009648750060401057,853,0.2422655406514571,50
7,Onøy og Lurøy,2,2014,3285,3285,8N73821,5,Hestmannøy,0.0009600220374048104,854,0.2422655406514571,50
7,Onøy og Lurøy,2,2014,5301,5301,8981012,5,Hestmannøy,0.0009596282076094484,855,0.2422655406514571,50
7,Onøy og Lurøy,2,2014,5258,5258,8943345,11,Southern 1,0.0009596170827302959,856,0.2422655406514571,50
7,Onøy og Lurøy,2,2014,520,520,8L88307,3,Selvær,0.0009595634706453302,857,0.2422655406514571,50
7,Onøy og Lurøy,2,2014,4354,4354,8681462,5,Hestmannøy,0.0009589771601128819,858,0.2422655406514571,50
7,Onøy og Lurøy,2,2014,64,64,8L26576,6,Indre Kvarøy,0.0009583894706543241,859,0.2422655406514571,50
7,Onøy og Lurøy,2,2014,2146,2146,8N14530,11,Southern 1,0.0009580796784075435,860,0.2422655406514571,50
7,Onøy og Lurøy,2,2014,1647,1647,8N06298,8,Lovund,0.0009575690609503598,861,0.2422655406514571,50
7,Onøy og Lurøy,2,2014,621,621,8L89639,5,Hestmannøy,0.0009538617127429913,862,0.2422655406514571,50
7,Onøy og Lurøy,2,2014,1811,1811,8N06871,11,Southern 1,0.0009527417165534045,863,0.2422655406514571,50
7,Onøy og Lurøy,2,2014,4574,4574,8747526,6,Indre Kvarøy,0.0009523099571693263,864,0.2422655406514571,50
7,Onøy og Lurøy,2,2014,830,830,8M31865,6,Indre Kvarøy,0.0009502036813410887,865,0.2422655406514571,50
7,Onøy og Lurøy,2,2014,3019,3019,8N73221,12,Southern 2,0.0009499656199935897,866,0.2422655406514571,50
7,Onøy og Lurøy,2,2014,4349,4349,8681420,0,Nesøy,0.0009462721410711027,867,0.2422655406514571,50
7,Onøy og Lurøy,2,2014,851,851,8M31940,5,Hestmannøy,0.0009459479131657181,868,0.2422655406514571,50
7,Onøy og Lurøy,2,2014,997,997,8M71501,4,Gjerøy,0.0009439628084906694,869,0.2422655406514571,50
7,Onøy og Lurøy,2,2014,4952,4952,8887360,10,Aldra,0.0009434086291929172,870,0.2422655406514571,50
7,Onøy og Lurøy,2,2014,2447,2447,8N27630,14,Southern 4,0.0009428953744756091,871,0.2422655406514571,50
7,Onøy og Lurøy,2,2014,5359,5359,8981296,5,Hestmannøy,0.0009426875127648591,872,0.2422655406514571,50
7,Onøy og Lurøy,2,2014,794,794,8M31739,3,Selvær,0.000942005595405612,873,0.2422655406514571,50
7,Onøy og Lurøy,2,2014,1054,1054,8M72168,2,Træna,0.0009418480269191165,874,0.2422655406514571,50
7,Onøy og Lurøy,2,2014,24,24,8L19835,5,Hestmannøy,0.0009415205655853158,875,0.2422655406514571,50
7,Onøy og Lurøy,2,2014,2829,2829,8N72512,4,Gjerøy,0.0009411527836042754,876,0.2422655406514571,50
7,Onøy og Lurøy,2,2014,2033,2033,8N13954,4,Gjerøy,0.0009390472091416518,877,0.2422655406514571,50
7,Onøy og Lurøy,2,2014,3958,3958,8P14762,4,Gjerøy,0.0009380120722378923,878,0.2422655406514571,50
7,Onøy og Lurøy,2,2014,5298,5298,8981005,5,Hestmannøy,0.000937476639554688,879,0.2422655406514571,50
7,Onøy og Lurøy,2,2014,1636,1636,8N06037,2,Træna,0.000937051348172681,880,0.2422655406514571,50
7,Onøy og Lurøy,2,2014,2348,2348,8N27031,14,Southern 4,0.000936800318111255,881,0.2422655406514571,50
7,Onøy og Lurøy,2,2014,3034,3034,8N73236,12,Southern 2,0.0009346907540121241,882,0.2422655406514571,50
7,Onøy og Lurøy,2,2014,1728,1728,8N06681,14,Southern 4,0.0009343249606462286,883,0.2422655406514571,50
7,Onøy og Lurøy,2,2014,5210,5210,8939819,2,Træna,0.000933201492212294,884,0.2422655406514571,50
7,Onøy og Lurøy,2,2014,186,186,8L48318,5,Hestmannøy,0.0009293831496380906,885,0.2422655406514571,50
7,Onøy og Lurøy,2,2014,4196,4196,8598501,6,Indre Kvarøy,0.0009288846359951204,886,0.2422655406514571,50
7,Onøy og Lurøy,2,2014,3049,3049,8N73299,2,Træna,0.0009261621550432462,887,0.2422655406514571,50
7,Onøy og Lurøy,2,2014,383,383,8L52931,4,Gjerøy,0.0009259643075478663,888,0.2422655406514571,50
7,Onøy og Lurøy,2,2014,1479,1479,8N05617,14,Southern 4,0.0009255322198803677,889,0.2422655406514571,50
7,Onøy og Lurøy,2,2014,977,977,8L57990,13,Southern 3,0.0009238630395768732,890,0.2422655406514571,50
7,Onøy og Lurøy,2,2014,4865,4865,8857275,10,Aldra,0.00092267619530634,891,0.2422655406514571,50
7,Onøy og Lurøy,2,2014,3593,3593,8N87810,14,Southern 4,0.000920958254476362,892,0.2422655406514571,50
7,Onøy og Lurøy,2,2014,4117,4117,8168658,1,Myken,0.0009190427872283627,893,0.2422655406514571,50
7,Onøy og Lurøy,2,2014,2525,2525,8N28281,2,Træna,0.0009181746616570033,894,0.2422655406514571,50
7,Onøy og Lurøy,2,2014,4400,4400,8730537,5,Hestmannøy,0.0009175642158493717,895,0.2422655406514571,50
7,Onøy og Lurøy,2,2014,4798,4798,8800616,5,Hestmannøy,0.0009167510712359218,896,0.2422655406514571,50
7,Onøy og Lurøy,2,2014,162,162,8L30847,5,Hestmannøy,0.000915291145388823,897,0.2422655406514571,50
7,Onøy og Lurøy,2,2014,783,783,8M31637,10,Aldra,0.0009151608354569107,898,0.2422655406514571,50
7,Onøy og Lurøy,2,2014,2656,2656,8N42209,2,Træna,0.0009142859175966452,899,0.2422655406514571,50
7,Onøy og Lurøy,2,2014,4969,4969,8887439,5,Hestmannøy,0.000913631440103253,900,0.2422655406514571,50
7,Onøy og Lurøy,2,2014,3492,3492,8N87549,11,Southern 1,0.0009132025522451617,901,0.2422655406514571,50
7,Onøy og Lurøy,2,2014,2491,2491,8N27951,4,Gjerøy,0.0009129427555226019,902,0.2422655406514571,50
7,Onøy og Lurøy,2,2014,3970,3970,8P14829,5,Hestmannøy,0.0009124052679554036,903,0.2422655406514571,50
7,Onøy og Lurøy,2,2014,1886,1886,8N13426,2,Træna,0.0009116995851466572,904,0.2422655406514571,50
7,Onøy og Lurøy,2,2014,3603,3603,8N87820,14,Southern 4,0.0009092101656496849,905,0.2422655406514571,50
7,Onøy og Lurøy,2,2014,5413,5413,8981822,5,Hestmannøy,0.0009077807759121741,906,0.2422655406514571,50
7,Onøy og Lurøy,2,2014,5170,5170,8939534,5,Hestmannøy,0.0009062814821618164,907,0.2422655406514571,50
7,Onøy og Lurøy,2,2014,5109,5109,8934893,5,Hestmannøy,0.0009059347753887986,908,0.2422655406514571,50
7,Onøy og Lurøy,2,2014,713,713,8M31291,5,Hestmannøy,0.000904523502524836,909,0.2422655406514571,50
7,Onøy og Lurøy,2,2014,3091,3091,8N73442,11,Southern 1,0.0009044105934538731,910,0.2422655406514571,50
7,Onøy og Lurøy,2,2014,1977,1977,8N13678,13,Southern 3,0.0009043482643107326,911,0.2422655406514571,50
7,Onøy og Lurøy,2,2014,4377,4377,8730445,1,Myken,0.0009040780443906709,912,0.2422655406514571,50
7,Onøy og Lurøy,2,2014,3327,3327,8N73938,12,Southern 2,0.000903301837940718,913,0.2422655406514571,50
7,Onøy og Lurøy,2,2014,3074,3074,8N73407,4,Gjerøy,0.000903086453210813,914,0.2422655406514571,50
7,Onøy og Lurøy,2,2014,5144,5144,8939195,5,Hestmannøy,0.0009027686078977228,915,0.2422655406514571,50
7,Onøy og Lurøy,2,2014,4989,4989,8904676,9,Sleneset,0.0008995268515188072,916,0.2422655406514571,50
7,Onøy og Lurøy,2,2014,2514,2514,8N28142,8,Lovund,0.0008961307899064285,917,0.2422655406514571,50
7,Onøy og Lurøy,2,2014,2729,2729,8N42704,6,Indre Kvarøy,0.0008922786816566418,918,0.2422655406514571,50
7,Onøy og Lurøy,2,2014,2916,2916,8N72917,13,Southern 3,0.0008897121764469507,919,0.2422655406514571,50
7,Onøy og Lurøy,2,2014,885,885,8L64754,13,Southern 3,0.0008869159477468322,920,0.2422655406514571,50
7,Onøy og Lurøy,2,2014,2031,2031,8N13949,4,Gjerøy,0.0008859118489322991,921,0.2422655406514571,50
7,Onøy og Lurøy,2,2014,579,579,8L89412,5,Hestmannøy,0.0008858527942121286,922,0.2422655406514571,50
7,Onøy og Lurøy,2,2014,4761,4761,8800436,6,Indre Kvarøy,0.0008846732990087894,923,0.2422655406514571,50
7,Onøy og Lurøy,2,2014,5341,5341,8981265,5,Hestmannøy,0.0008781432762646915,924,0.2422655406514571,50
7,Onøy og Lurøy,2,2014,4278,4278,8681041,5,Hestmannøy,0.0008777039313433739,925,0.2422655406514571,50
7,Onøy og Lurøy,2,2014,4769,4769,8800470,5,Hestmannøy,0.0008774740356619101,926,0.2422655406514571,50
7,Onøy og Lurøy,2,2014,4669,4669,8794301,5,Hestmannøy,0.000877322786865978,927,0.2422655406514571,50
7,Onøy og Lurøy,2,2014,2835,2835,8N72554,6,Indre Kvarøy,0.0008767391213219355,928,0.2422655406514571,50
7,Onøy og Lurøy,2,2014,2699,2699,8N42518,5,Hestmannøy,0.0008748323975380359,929,0.2422655406514571,50
7,Onøy og Lurøy,2,2014,3328,3328,8N73939,12,Southern 2,0.0008747764733202449,930,0.2422655406514571,50
7,Onøy og Lurøy,2,2014,275,275,8L52206,8,Lovund,0.0008707338030319615,931,0.2422655406514571,50
7,Onøy og Lurøy,2,2014,1473,1473,8N05611,14,Southern 4,0.0008704286989089148,932,0.2422655406514571,50
7,Onøy og Lurøy,2,2014,3900,3900,8P14144,5,Hestmannøy,0.0008673100088777007,933,0.2422655406514571,50
7,Onøy og Lurøy,2,2014,3465,3465,8N87522,11,Southern 1,0.0008656453593075328,934,0.2422655406514571,50
7,Onøy og Lurøy,2,2014,2274,2274,8N14662,13,Southern 3,0.0008641967774945355,935,0.2422655406514571,50
7,Onøy og Lurøy,2,2014,1163,1163,8M72797,6,Indre Kvarøy,0.0008640101486242158,936,0.2422655406514571,50
7,Onøy og Lurøy,2,2014,3415,3415,8N87162,10,Aldra,0.0008631349646564357,937,0.2422655406514571,50
7,Onøy og Lurøy,2,2014,3411,3411,8N87116,4,Gjerøy,0.0008624028743147555,938,0.2422655406514571,50
7,Onøy og Lurøy,2,2014,5389,5389,8981704,0,Nesøy,0.0008623148854345925,939,0.2422655406514571,50
7,Onøy og Lurøy,2,2014,3796,3796,8P11521,14,Southern 4,0.0008597542502388646,940,0.2422655406514571,50
7,Onøy og Lurøy,2,2014,2276,2276,8N14664,13,Southern 3,0.0008595217955918247,941,0.2422655406514571,50
7,Onøy og Lurøy,2,2014,2477,2477,8N27904,6,Indre Kvarøy,0.0008594652429713455,942,0.2422655406514571,50
7,Onøy og Lurøy,2,2014,2745,2745,8N42733,4,Gjerøy,0.0008581887224091313,943,0.2422655406514571,50
7,Onøy og Lurøy,2,2014,4170,4170,8414806,5,Hestmannøy,0.0008576505162050592,944,0.2422655406514571,50
7,Onøy og Lurøy,2,2014,3459,3459,8N87516,11,Southern 1,0.000854981409401511,945,0.2422655406514571,50
7,Onøy og Lurøy,2,2014,3124,3124,8N73475,11,Southern 1,0.0008540487466336817,946,0.2422655406514571,50
7,Onøy og Lurøy,2,2014,2891,2891,8N72746,5,Hestmannøy,0.0008519555307896214,947,0.2422655406514571,50
7,Onøy og Lurøy,2,2014,1372,1372,8N05252,13,Southern 3,0.0008489816236235938,948,0.2422655406514571,50
7,Onøy og Lurøy,2,2014,1873,1873,8N13345,2,Træna,0.000847019968727728,949,0.2422655406514571,50
7,Onøy og Lurøy,2,2014,1984,1984,8N13685,13,Southern 3,0.0008458400319544872,950,0.2422655406514571,50
7,Onøy og Lurøy,2,2014,1703,1703,8N06499,12,Southern 2,0.0008438804944419317,951,0.2422655406514571,50
7,Onøy og Lurøy,2,2014,1090,1090,8M72535,11,Southern 1,0.0008436207192807513,952,0.2422655406514571,50
7,Onøy og Lurøy,2,2014,5096,5096,8934801,6,Indre Kvarøy,0.0008420730714852253,953,0.2422655406514571,50
7,Onøy og Lurøy,2,2014,2765,2765,8N42928,5,Hestmannøy,0.0008415566740826631,954,0.2422655406514571,50
7,Onøy og Lurøy,2,2014,2462,2462,8N27864,6,Indre Kvarøy,0.0008383824736022841,955,0.2422655406514571,50
7,Onøy og Lurøy,2,2014,2578,2578,8N28706,6,Indre Kvarøy,0.0008375214463740622,956,0.2422655406514571,50
7,Onøy og Lurøy,2,2014,2314,2314,8N14808,5,Hestmannøy,0.0008366082191416686,957,0.2422655406514571,50
7,Onøy og Lurøy,2,2014,3275,3275,8N73724,14,Southern 4,0.0008364551591856141,958,0.2422655406514571,50
7,Onøy og Lurøy,2,2014,2427,2427,8N27410,10,Aldra,0.0008364075041832849,959,0.2422655406514571,50
7,Onøy og Lurøy,2,2014,3316,3316,8N73927,11,Southern 1,0.0008362262629244297,960,0.2422655406514571,50
7,Onøy og Lurøy,2,2014,4023,4023,8P14958,14,Southern 4,0.0008349086003010687,961,0.2422655406514571,50
7,Onøy og Lurøy,2,2014,1989,1989,8N13690,13,Southern 3,0.0008336263075745815,962,0.2422655406514571,50
7,Onøy og Lurøy,2,2014,3213,3213,8N73639,13,Southern 3,0.0008332868617114415,963,0.2422655406514571,50
7,Onøy og Lurøy,2,2014,4882,4882,8857739,4,Gjerøy,0.0008326657611956102,964,0.2422655406514571,50
7,Onøy og Lurøy,2,2014,365,365,8L52555,4,Gjerøy,0.0008325169063614711,965,0.2422655406514571,50
7,Onøy og Lurøy,2,2014,15,15,8L19661,2,Træna,0.0008309895672927578,966,0.2422655406514571,50
7,Onøy og Lurøy,2,2014,2163,2163,8N14547,11,Southern 1,0.0008309443337166132,967,0.2422655406514571,50
7,Onøy og Lurøy,2,2014,3646,3646,8N87865,13,Southern 3,0.0008286000168772356,968,0.2422655406514571,50
7,Onøy og Lurøy,2,2014,2715,2715,8N42548,5,Hestmannøy,0.0008262793831918138,969,0.2422655406514571,50
7,Onøy og Lurøy,2,2014,2670,2670,8N42285,5,Hestmannøy,0.0008253778515912226,970,0.2422655406514571,50
7,Onøy og Lurøy,2,2014,4873,4873,8857405,5,Hestmannøy,0.0008248980231001556,971,0.2422655406514571,50
7,Onøy og Lurøy,2,2014,4829,4829,8816936,4,Gjerøy,0.0008242841416884147,972,0.2422655406514571,50
7,Onøy og Lurøy,2,2014,3311,3311,8N73922,11,Southern 1,0.0008207643691429578,973,0.2422655406514571,50
7,Onøy og Lurøy,2,2014,393,393,8L52967,6,Indre Kvarøy,0.0008205353695529208,974,0.2422655406514571,50
7,Onøy og Lurøy,2,2014,300,300,8L52324,12,Southern 2,0.0008201726807861389,975,0.2422655406514571,50
7,Onøy og Lurøy,2,2014,2149,2149,8N14533,11,Southern 1,0.0008194865567617723,976,0.2422655406514571,50
7,Onøy og Lurøy,2,2014,5417,5417,8981856,5,Hestmannøy,0.0008194669434795184,977,0.2422655406514571,50
7,Onøy og Lurøy,2,2014,4667,4667,8747979,5,Hestmannøy,0.0008187125583978467,978,0.2422655406514571,50
7,Onøy og Lurøy,2,2014,1856,1856,8N13086,14,Southern 4,0.0008184589425568017,979,0.2422655406514571,50
7,Onøy og Lurøy,2,2014,803,803,8M31771,11,Southern 1,0.0008158824561391918,980,0.2422655406514571,50
7,Onøy og Lurøy,2,2014,1153,1153,8M72736,4,Gjerøy,0.0008151293067242123,981,0.2422655406514571,50
7,Onøy og Lurøy,2,2014,952,952,8M71344,12,Southern 2,0.0008131897515539002,982,0.2422655406514571,50
7,Onøy og Lurøy,2,2014,589,589,8L89467,6,Indre Kvarøy,0.0008101309546072758,983,0.2422655406514571,50
7,Onøy og Lurøy,2,2014,1797,1797,8N06857,11,Southern 1,0.0008088726052833681,984,0.2422655406514571,50
7,Onøy og Lurøy,2,2014,970,970,8M71391,12,Southern 2,0.000808779788073654,985,0.2422655406514571,50
7,Onøy og Lurøy,2,2014,4469,4469,8732621,2,Træna,0.0008085370537508738,986,0.2422655406514571,50
7,Onøy og Lurøy,2,2014,511,511,8L64903,5,Hestmannøy,0.0008061001742551559,987,0.2422655406514571,50
7,Onøy og Lurøy,2,2014,444,444,8L64173,6,Indre Kvarøy,0.0008056960682857396,988,0.2422655406514571,50
7,Onøy og Lurøy,2,2014,3821,3821,8P11547,14,Southern 4,0.0008009171913767095,989,0.2422655406514571,50
7,Onøy og Lurøy,2,2014,3391,3391,8N87048,5,Hestmannøy,0.0008004807602336836,990,0.2422655406514571,50
7,Onøy og Lurøy,2,2014,3914,3914,8P14310,14,Southern 4,0.0007999311161224085,991,0.2422655406514571,50
7,Onøy og Lurøy,2,2014,2716,2716,8N42633,5,Hestmannøy,0.0007998878093456767,992,0.2422655406514571,50
7,Onøy og Lurøy,2,2014,2281,2281,8N14669,13,Southern 3,0.0007996984700494266,993,0.2422655406514571,50
7,Onøy og Lurøy,2,2014,4074,4074,8P26450,6,Indre Kvarøy,0.0007980091045215262,994,0.2422655406514571,50
7,Onøy og Lurøy,2,2014,5171,5171,8939535,5,Hestmannøy,0.0007972767190342686,995,0.2422655406514571,50
7,Onøy og Lurøy,2,2014,2960,2960,8N72963,13,Southern 3,0.0007964985870378472,996,0.2422655406514571,50
7,Onøy og Lurøy,2,2014,2696,2696,8N42513,5,Hestmannøy,0.0007959674086140726,997,0.2422655406514571,50
7,Onøy og Lurøy,2,2014,2503,2503,8N28009,9,Sleneset,0.000795743954810995,998,0.2422655406514571,50
7,Onøy og Lurøy,2,2014,5019,5019,8934055,11,Southern 1,0.0007957286623916729,999,0.2422655406514571,50
7,Onøy og Lurøy,2,2014,730,730,8M31352,5,Hestmannøy,0.000792946320096148,1000,0.2422655406514571,50
7,Onøy og Lurøy,2,2014,1250,1250,8N05128,14,Southern 4,0.0007909680134455911,1001,0.2422655406514571,50
7,Onøy og Lurøy,2,2014,4930,4930,8887267,6,Indre Kvarøy,0.0007907563419825945,1002,0.2422655406514571,50
7,Onøy og Lurøy,2,2014,1462,1462,8N05588,8,Lovund,0.0007888704390549805,1003,0.2422655406514571,50
7,Onøy og Lurøy,2,2014,2727,2727,8N42702,6,Indre Kvarøy,0.0007880929899917942,1004,0.2422655406514571,50
7,Onøy og Lurøy,2,2014,1436,1436,8N05438,6,Indre Kvarøy,0.0007880860262961752,1005,0.2422655406514571,50
7,Onøy og Lurøy,2,2014,4547,4547,8747293,9,Sleneset,0.0007807924099795575,1006,0.2422655406514571,50
7,Onøy og Lurøy,2,2014,815,815,8M31805,12,Southern 2,0.0007794270275357681,1007,0.2422655406514571,50
7,Onøy og Lurøy,2,2014,2601,2601,8N28790,15,Southern 5,0.0007788856451803317,1008,0.2422655406514571,50
7,Onøy og Lurøy,2,2014,4386,4386,8730461,8,Lovund,0.0007787086280978699,1009,0.2422655406514571,50
7,Onøy og Lurøy,2,2014,3667,3667,8N87887,13,Southern 3,0.0007784742913278539,1010,0.2422655406514571,50
7,Onøy og Lurøy,2,2014,3581,3581,8N87762,4,Gjerøy,0.0007781377546737136,1011,0.2422655406514571,50
7,Onøy og Lurøy,2,2014,1303,1303,8N05181,13,Southern 3,0.0007766279208185236,1012,0.2422655406514571,50
7,Onøy og Lurøy,2,2014,1413,1413,8N05294,13,Southern 3,0.0007762795260717602,1013,0.2422655406514571,50
7,Onøy og Lurøy,2,2014,2310,2310,8N14792,6,Indre Kvarøy,0.0007762286805212165,1014,0.2422655406514571,50
7,Onøy og Lurøy,2,2014,4087,4087,8P26578,9,Sleneset,0.0007750209703519523,1015,0.2422655406514571,50
7,Onøy og Lurøy,2,2014,2263,2263,8N14651,13,Southern 3,0.000772622145077093,1016,0.2422655406514571,50
7,Onøy og Lurøy,2,2014,2170,2170,8N14555,11,Southern 1,0.0007722895148050836,1017,0.2422655406514571,50
7,Onøy og Lurøy,2,2014,4268,4268,8681024,5,Hestmannøy,0.0007708208818485969,1018,0.2422655406514571,50
7,Onøy og Lurøy,2,2014,5304,5304,8981021,4,Gjerøy,0.0007707607128524821,1019,0.2422655406514571,50
7,Onøy og Lurøy,2,2014,2283,2283,8N14671,13,Southern 3,0.0007703367888111,1020,0.2422655406514571,50
7,Onøy og Lurøy,2,2014,795,795,8M31747,5,Hestmannøy,0.0007693879724897962,1021,0.2422655406514571,50
7,Onøy og Lurøy,2,2014,4521,4521,8747161,3,Selvær,0.0007691778980742637,1022,0.2422655406514571,50
7,Onøy og Lurøy,2,2014,3323,3323,8N73934,12,Southern 2,0.0007691494393922892,1023,0.2422655406514571,50
7,Onøy og Lurøy,2,2014,3302,3302,8N73913,11,Southern 1,0.0007674959980164154,1024,0.2422655406514571,50
7,Onøy og Lurøy,2,2014,2810,2810,8N72369,4,Gjerøy,0.0007666171780562,1025,0.2422655406514571,50
7,Onøy og Lurøy,2,2014,1716,1716,8N06580,4,Gjerøy,0.0007666090982936538,1026,0.2422655406514571,50
7,Onøy og Lurøy,2,2014,2516,2516,8N28149,2,Træna,0.0007660513338292725,1027,0.2422655406514571,50
7,Onøy og Lurøy,2,2014,5134,5134,8939151,4,Gjerøy,0.000765873329040282,1028,0.2422655406514571,50
7,Onøy og Lurøy,2,2014,3412,3412,8N87136,9,Sleneset,0.0007658078494677331,1029,0.2422655406514571,50
7,Onøy og Lurøy,2,2014,1828,1828,8N06891,11,Southern 1,0.0007652086050400714,1030,0.2422655406514571,50
7,Onøy og Lurøy,2,2014,98,98,8L30444,4,Gjerøy,0.0007632635708026796,1031,0.2422655406514571,50
7,Onøy og Lurøy,2,2014,1672,1672,8N06469,12,Southern 2,0.0007611808036204114,1032,0.2422655406514571,50
7,Onøy og Lurøy,2,2014,4283,4283,8681054,4,Gjerøy,0.0007577923268552544,1033,0.2422655406514571,50
7,Onøy og Lurøy,2,2014,4387,4387,8730462,8,Lovund,0.0007576246128552073,1034,0.2422655406514571,50
7,Onøy og Lurøy,2,2014,4896,4896,8866754,5,Hestmannøy,0.0007562543065265675,1035,0.2422655406514571,50
7,Onøy og Lurøy,2,2014,4612,4612,8747693,0,Nesøy,0.0007559555692430196,1036,0.2422655406514571,50
7,Onøy og Lurøy,2,2014,7,7,8L19569,3,Selvær,0.0007555598111996226,1037,0.2422655406514571,50
7,Onøy og Lurøy,2,2014,4782,4782,8800533,10,Aldra,0.0007545347895051944,1038,0.2422655406514571,50
7,Onøy og Lurøy,2,2014,4177,4177,8573187,4,Gjerøy,0.00075379200127758,1039,0.2422655406514571,50
7,Onøy og Lurøy,2,2014,605,605,8L89525,4,Gjerøy,0.0007534182984442414,1040,0.2422655406514571,50
7,Onøy og Lurøy,2,2014,1864,1864,8N13116,14,Southern 4,0.0007521401649300488,1041,0.2422655406514571,50
7,Onøy og Lurøy,2,2014,1549,1549,8N05694,15,Southern 5,0.0007518044274867211,1042,0.2422655406514571,50
7,Onøy og Lurøy,2,2014,4777,4777,8800497,4,Gjerøy,0.0007508618800675638,1043,0.2422655406514571,50
7,Onøy og Lurøy,2,2014,3527,3527,8N87585,11,Southern 1,0.0007499258168331051,1044,0.2422655406514571,50
7,Onøy og Lurøy,2,2014,3892,3892,8P14063,5,Hestmannøy,0.0007491451598912783,1045,0.2422655406514571,50
7,Onøy og Lurøy,2,2014,440,440,8L64148,2,Træna,0.0007489218494691808,1046,0.2422655406514571,50
7,Onøy og Lurøy,2,2014,4664,4664,8747958,9,Sleneset,0.0007487623652212292,1047,0.2422655406514571,50
7,Onøy og Lurøy,2,2014,4903,4903,8866792,5,Hestmannøy,0.0007466316355105703,1048,0.2422655406514571,50
7,Onøy og Lurøy,2,2014,1836,1836,8N06899,11,Southern 1,0.0007464818080878588,1049,0.2422655406514571,50
7,Onøy og Lurøy,2,2014,374,374,8L52624,2,Træna,0.0007443719952647066,1050,0.2422655406514571,50
7,Onøy og Lurøy,2,2014,3193,3193,8N73619,13,Southern 3,0.0007432153451954549,1051,0.2422655406514571,50
7,Onøy og Lurøy,2,2014,5179,5179,8939574,6,Indre Kvarøy,0.0007423680139681764,1052,0.2422655406514571,50
7,Onøy og Lurøy,2,2014,2071,2071,8N14105,4,Gjerøy,0.0007423000476869456,1053,0.2422655406514571,50
7,Onøy og Lurøy,2,2014,2466,2466,8N27874,4,Gjerøy,0.0007411161016931922,1054,0.2422655406514571,50
7,Onøy og Lurøy,2,2014,5415,5415,8981824,5,Hestmannøy,0.0007408031395254857,1055,0.2422655406514571,50
7,Onøy og Lurøy,2,2014,2915,2915,8N72916,13,Southern 3,0.0007392808574679322,1056,0.2422655406514571,50
7,Onøy og Lurøy,2,2014,4891,4891,8866718,4,Gjerøy,0.000738661285240648,1057,0.2422655406514571,50
7,Onøy og Lurøy,2,2014,2084,2084,8N14161,5,Hestmannøy,0.0007383314387107095,1058,0.2422655406514571,50
7,Onøy og Lurøy,2,2014,2409,2409,8N27316,5,Hestmannøy,0.0007370746645509161,1059,0.2422655406514571,50
7,Onøy og Lurøy,2,2014,1749,1749,8N06736,5,Hestmannøy,0.0007367142376171129,1060,0.2422655406514571,50
7,Onøy og Lurøy,2,2014,2881,2881,8N72700,11,Southern 1,0.0007357534070896648,1061,0.2422655406514571,50
7,Onøy og Lurøy,2,2014,4655,4655,8747900,5,Hestmannøy,0.0007331007544067439,1062,0.2422655406514571,50
7,Onøy og Lurøy,2,2014,3330,3330,8N73941,12,Southern 2,0.0007318901212426254,1063,0.2422655406514571,50
7,Onøy og Lurøy,2,2014,3183,3183,8N73609,14,Southern 4,0.0007311086252047682,1064,0.2422655406514571,50
7,Onøy og Lurøy,2,2014,2387,2387,8N27193,14,Southern 4,0.0007310572272141659,1065,0.2422655406514571,50
7,Onøy og Lurøy,2,2014,2938,2938,8N72940,13,Southern 3,0.0007301711009011201,1066,0.2422655406514571,50
7,Onøy og Lurøy,2,2014,4640,4640,8747799,4,Gjerøy,0.0007299558524204053,1067,0.2422655406514571,50
7,Onøy og Lurøy,2,2014,3221,3221,8N73647,13,Southern 3,0.0007289923642903624,1068,0.2422655406514571,50
7,Onøy og Lurøy,2,2014,1216,1216,8N05018,4,Gjerøy,0.0007279562075121543,1069,0.2422655406514571,50
7,Onøy og Lurøy,2,2014,2823,2823,8N72487,3,Selvær,0.0007239515946344886,1070,0.2422655406514571,50
7,Onøy og Lurøy,2,2014,4218,4218,8651621,0,Nesøy,0.0007234721449643652,1071,0.2422655406514571,50
7,Onøy og Lurøy,2,2014,3225,3225,8N73651,13,Southern 3,0.0007201818364289425,1072,0.2422655406514571,50
7,Onøy og Lurøy,2,2014,1018,1018,8M71673,3,Selvær,0.0007167873109981133,1073,0.2422655406514571,50
7,Onøy og Lurøy,2,2014,954,954,8M71348,12,Southern 2,0.0007155066720623371,1074,0.2422655406514571,50
7,Onøy og Lurøy,2,2014,901,901,8M71208,5,Hestmannøy,0.0007148413198183859,1075,0.2422655406514571,50
7,Onøy og Lurøy,2,2014,3623,3623,8N87840,14,Southern 4,0.0007143307657061643,1076,0.2422655406514571,50
7,Onøy og Lurøy,2,2014,2864,2864,8N72683,11,Southern 1,0.0007141085216493819,1077,0.2422655406514571,50
7,Onøy og Lurøy,2,2014,138,138,8L30762,12,Southern 2,0.0007135827597533817,1078,0.2422655406514571,50
7,Onøy og Lurøy,2,2014,1808,1808,8N06868,11,Southern 1,0.0007131650698671702,1079,0.2422655406514571,50
7,Onøy og Lurøy,2,2014,1788,1788,8N06848,11,Southern 1,0.000711432749884966,1080,0.2422655406514571,50
7,Onøy og Lurøy,2,2014,320,320,8L52358,11,Southern 1,0.0007107171473158244,1081,0.2422655406514571,50
7,Onøy og Lurøy,2,2014,4746,4746,8800371,4,Gjerøy,0.0007097481478562223,1082,0.2422655406514571,50
7,Onøy og Lurøy,2,2014,5032,5032,8934163,12,Southern 2,0.0007096581890393708,1083,0.2422655406514571,50
7,Onøy og Lurøy,2,2014,3356,3356,8N73967,12,Southern 2,0.0007095394465695405,1084,0.2422655406514571,50
7,Onøy og Lurøy,2,2014,4586,4586,8747563,5,Hestmannøy,0.0007066412864822325,1085,0.2422655406514571,50
7,Onøy og Lurøy,2,2014,1085,1085,8M72527,11,Southern 1,0.0007032700274913464,1086,0.2422655406514571,50
7,Onøy og Lurøy,2,2014,3228,3228,8N73654,13,Southern 3,0.0007014440330196241,1087,0.2422655406514571,50
7,Onøy og Lurøy,2,2014,4446,4446,8732266,1,Myken,0.0007013988292429207,1088,0.2422655406514571,50
7,Onøy og Lurøy,2,2014,2011,2011,8N13856,15,Southern 5,0.0007013571566614429,1089,0.2422655406514571,50
7,Onøy og Lurøy,2,2014,1219,1219,8N05057,4,Gjerøy,0.0007006550918159356,1090,0.2422655406514571,50
7,Onøy og Lurøy,2,2014,3543,3543,8N87604,15,Southern 5,0.0006978034076485403,1091,0.2422655406514571,50
7,Onøy og Lurøy,2,2014,681,681,8M31084,2,Træna,0.0006970819790252072,1092,0.2422655406514571,50
7,Onøy og Lurøy,2,2014,2245,2245,8N14631,13,Southern 3,0.0006970477812746821,1093,0.2422655406514571,50
7,Onøy og Lurøy,2,2014,2483,2483,8N27917,5,Hestmannøy,0.0006962329022982038,1094,0.2422655406514571,50
7,Onøy og Lurøy,2,2014,3804,3804,8P11529,15,Southern 5,0.000695031435940148,1095,0.2422655406514571,50
7,Onøy og Lurøy,2,2014,1967,1967,8N13668,13,Southern 3,0.0006944445041014672,1096,0.2422655406514571,50
7,Onøy og Lurøy,2,2014,5284,5284,8943801,10,Aldra,0.0006921818065192424,1097,0.2422655406514571,50
7,Onøy og Lurøy,2,2014,5182,5182,8939584,5,Hestmannøy,0.0006912321087161461,1098,0.2422655406514571,50
7,Onøy og Lurøy,2,2014,2854,2854,8N72673,11,Southern 1,0.0006911019805346256,1099,0.2422655406514571,50
7,Onøy og Lurøy,2,2014,772,772,8L89650,4,Gjerøy,0.0006896344621785802,1100,0.2422655406514571,50
7,Onøy og Lurøy,2,2014,2376,2376,8N27088,14,Southern 4,0.0006895807455224645,1101,0.2422655406514571,50
7,Onøy og Lurøy,2,2014,2077,2077,8N14116,5,Hestmannøy,0.0006894073146859775,1102,0.2422655406514571,50
7,Onøy og Lurøy,2,2014,4194,4194,8573966,5,Hestmannøy,0.0006889082955750405,1103,0.2422655406514571,50
7,Onøy og Lurøy,2,2014,2822,2822,8N72483,2,Træna,0.0006887933399144638,1104,0.2422655406514571,50
7,Onøy og Lurøy,2,2014,3037,3037,8N73239,12,Southern 2,0.000687529106883914,1105,0.2422655406514571,50
7,Onøy og Lurøy,2,2014,1173,1173,8M72867,6,Indre Kvarøy,0.0006873453086834532,1106,0.2422655406514571,50
7,Onøy og Lurøy,2,2014,3353,3353,8N73964,12,Southern 2,0.0006871815177345404,1107,0.2422655406514571,50
7,Onøy og Lurøy,2,2014,3357,3357,8N73968,12,Southern 2,0.0006844443914039433,1108,0.2422655406514571,50
7,Onøy og Lurøy,2,2014,1212,1212,8N05006,4,Gjerøy,0.0006837668130632779,1109,0.2422655406514571,50
7,Onøy og Lurøy,2,2014,3738,3738,8N87959,13,Southern 3,0.0006818196708505197,1110,0.2422655406514571,50
7,Onøy og Lurøy,2,2014,2433,2433,8N27424,4,Gjerøy,0.0006813542805530025,1111,0.2422655406514571,50
7,Onøy og Lurøy,2,2014,5268,5268,8943484,2,Træna,0.0006809322775255168,1112,0.2422655406514571,50
7,Onøy og Lurøy,2,2014,1073,1073,8M72413,13,Southern 3,0.0006804322431830243,1113,0.2422655406514571,50
7,Onøy og Lurøy,2,2014,3111,3111,8N73462,11,Southern 1,0.000679938468629069,1114,0.2422655406514571,50
7,Onøy og Lurøy,2,2014,3657,3657,8N87877,13,Southern 3,0.0006796047073352829,1115,0.2422655406514571,50
7,Onøy og Lurøy,2,2014,896,896,8L64466,13,Southern 3,0.0006792464539075299,1116,0.2422655406514571,50
7,Onøy og Lurøy,2,2014,5254,5254,8943164,3,Selvær,0.0006790605661473157,1117,0.2422655406514571,50
7,Onøy og Lurøy,2,2014,3636,3636,8N87855,14,Southern 4,0.0006769789283699666,1118,0.2422655406514571,50
7,Onøy og Lurøy,2,2014,3453,3453,8N87372,4,Gjerøy,0.0006769214312662044,1119,0.2422655406514571,50
7,Onøy og Lurøy,2,2014,4923,4923,8887238,1,Myken,0.0006766738966557911,1120,0.2422655406514571,50
7,Onøy og Lurøy,2,2014,2144,2144,8N14528,11,Southern 1,0.000674781918689305,1121,0.2422655406514571,50
7,Onøy og Lurøy,2,2014,3401,3401,8N87067,5,Hestmannøy,0.0006724374162010785,1122,0.2422655406514571,50
7,Onøy og Lurøy,2,2014,3764,3764,8N87985,13,Southern 3,0.0006723555306936195,1123,0.2422655406514571,50
7,Onøy og Lurøy,2,2014,3184,3184,8N73610,14,Southern 4,0.0006715118185349264,1124,0.2422655406514571,50
7,Onøy og Lurøy,2,2014,2827,2827,8N72499,2,Træna,0.0006708997054093904,1125,0.2422655406514571,50
7,Onøy og Lurøy,2,2014,1732,1732,8N06685,14,Southern 4,0.0006697546518087183,1126,0.2422655406514571,50
7,Onøy og Lurøy,2,2014,3382,3382,8N73993,12,Southern 2,0.0006677614660977708,1127,0.2422655406514571,50
7,Onøy og Lurøy,2,2014,2948,2948,8N72951,13,Southern 3,0.0006657275022892273,1128,0.2422655406514571,50
7,Onøy og Lurøy,2,2014,2753,2753,8N42787,5,Hestmannøy,0.0006656910199316707,1129,0.2422655406514571,50
7,Onøy og Lurøy,2,2014,1159,1159,8M72764,6,Indre Kvarøy,0.0006653892927782678,1130,0.2422655406514571,50
7,Onøy og Lurøy,2,2014,1899,1899,8N13587,2,Træna,0.0006647520881581045,1131,0.2422655406514571,50
7,Onøy og Lurøy,2,2014,3142,3142,8N73494,12,Southern 2,0.0006645291724826055,1132,0.2422655406514571,50
7,Onøy og Lurøy,2,2014,2059,2059,8N14010,4,Gjerøy,0.000660562497108562,1133,0.2422655406514571,50
7,Onøy og Lurøy,2,2014,544,544,8L89277,5,Hestmannøy,0.0006598941964500528,1134,0.2422655406514571,50
7,Onøy og Lurøy,2,2014,3988,3988,8P14856,14,Southern 4,0.0006591928644105207,1135,0.2422655406514571,50
7,Onøy og Lurøy,2,2014,2856,2856,8N72675,11,Southern 1,0.0006589875844340991,1136,0.2422655406514571,50
7,Onøy og Lurøy,2,2014,4954,4954,8887368,5,Hestmannøy,0.0006558078256837821,1137,0.2422655406514571,50
7,Onøy og Lurøy,2,2014,573,573,8L89388,5,Hestmannøy,0.0006545219572698332,1138,0.2422655406514571,50
7,Onøy og Lurøy,2,2014,4778,4778,8800512,5,Hestmannøy,0.0006538499748657597,1139,0.2422655406514571,50
7,Onøy og Lurøy,2,2014,190,190,8L48336,5,Hestmannøy,0.0006528881940903011,1140,0.2422655406514571,50
7,Onøy og Lurøy,2,2014,4631,4631,8747749,5,Hestmannøy,0.0006524866619080265,1141,0.2422655406514571,50
7,Onøy og Lurøy,2,2014,1649,1649,8N06306,0,Nesøy,0.0006522650348854844,1142,0.2422655406514571,50
7,Onøy og Lurøy,2,2014,3977,3977,8P14845,14,Southern 4,0.0006514779796315823,1143,0.2422655406514571,50
7,Onøy og Lurøy,2,2014,2674,2674,8N42293,4,Gjerøy,0.0006496874833633381,1144,0.2422655406514571,50
7,Onøy og Lurøy,2,2014,2910,2910,8N72911,13,Southern 3,0.0006494722102012384,1145,0.2422655406514571,50
7,Onøy og Lurøy,2,2014,5062,5062,8934380,4,Gjerøy,0.0006490220631601338,1146,0.2422655406514571,50
7,Onøy og Lurøy,2,2014,4014,4014,8P14936,14,Southern 4,0.0006474114492263438,1147,0.2422655406514571,50
7,Onøy og Lurøy,2,2014,1455,1455,8N05538,5,Hestmannøy,0.0006447834962352542,1148,0.2422655406514571,50
7,Onøy og Lurøy,2,2014,1791,1791,8N06851,11,Southern 1,0.0006445132127495813,1149,0.2422655406514571,50
7,Onøy og Lurøy,2,2014,3222,3222,8N73648,13,Southern 3,0.0006444243636027528,1150,0.2422655406514571,50
7,Onøy og Lurøy,2,2014,5250,5250,8943142,0,Nesøy,0.0006433092079167669,1151,0.2422655406514571,50
7,Onøy og Lurøy,2,2014,1731,1731,8N06684,14,Southern 4,0.0006423314905563896,1152,0.2422655406514571,50
7,Onøy og Lurøy,2,2014,4915,4915,8887210,4,Gjerøy,0.0006419943237219463,1153,0.2422655406514571,50
7,Onøy og Lurøy,2,2014,2443,2443,8N27581,5,Hestmannøy,0.000641951757512085,1154,0.2422655406514571,50
7,Onøy og Lurøy,2,2014,4334,4334,8681317,5,Hestmannøy,0.0006417162318626139,1155,0.2422655406514571,50
7,Onøy og Lurøy,2,2014,4318,4318,8681218,9,Sleneset,0.0006412617940472398,1156,0.2422655406514571,50
7,Onøy og Lurøy,2,2014,260,260,8L48785,11,Southern 1,0.0006408202441102644,1157,0.2422655406514571,50
7,Onøy og Lurøy,2,2014,1194,1194,8M72933,5,Hestmannøy,0.0006395820036254841,1158,0.2422655406514571,50
7,Onøy og Lurøy,2,2014,95,95,8L30388,3,Selvær,0.0006390548670949127,1159,0.2422655406514571,50
7,Onøy og Lurøy,2,2014,3045,3045,8N73247,14,Southern 4,0.00063816103413573,1160,0.2422655406514571,50
7,Onøy og Lurøy,2,2014,1205,1205,8M72969,5,Hestmannøy,0.0006373773688181522,1161,0.2422655406514571,50
7,Onøy og Lurøy,2,2014,4820,4820,8816497,5,Hestmannøy,0.0006371172515731104,1162,0.2422655406514571,50
7,Onøy og Lurøy,2,2014,5059,5059,8934374,5,Hestmannøy,0.000634280170855844,1163,0.2422655406514571,50
7,Onøy og Lurøy,2,2014,3170,3170,8N73568,6,Indre Kvarøy,0.0006339606510759548,1164,0.2422655406514571,50
7,Onøy og Lurøy,2,2014,3171,3171,8N73573,6,Indre Kvarøy,0.0006327346561074023,1165,0.2422655406514571,50
7,Onøy og Lurøy,2,2014,1100,1100,8M72568,11,Southern 1,0.0006321553580424799,1166,0.2422655406514571,50
7,Onøy og Lurøy,2,2014,2933,2933,8N72935,13,Southern 3,0.000631931048179955,1167,0.2422655406514571,50
7,Onøy og Lurøy,2,2014,327,327,8L52375,11,Southern 1,0.000630742894998063,1168,0.2422655406514571,50
7,Onøy og Lurøy,2,2014,3068,3068,8N73358,15,Southern 5,0.0006284616407499836,1169,0.2422655406514571,50
7,Onøy og Lurøy,2,2014,3558,3558,8N87622,15,Southern 5,0.0006283567439615596,1170,0.2422655406514571,50
7,Onøy og Lurøy,2,2014,4365,4365,8681496,2,Træna,0.0006275749975259654,1171,0.2422655406514571,50
7,Onøy og Lurøy,2,2014,846,846,8M31935,4,Gjerøy,0.0006263539886474419,1172,0.2422655406514571,50
7,Onøy og Lurøy,2,2014,4541,4541,8747280,3,Selvær,0.0006261936481012618,1173,0.2422655406514571,50
7,Onøy og Lurøy,2,2014,1954,1954,8N13654,14,Southern 4,0.0006261154967451037,1174,0.2422655406514571,50
7,Onøy og Lurøy,2,2014,2460,2460,8N27835,6,Indre Kvarøy,0.0006255601365538893,1175,0.2422655406514571,50
7,Onøy og Lurøy,2,2014,3662,3662,8N87882,13,Southern 3,0.0006254849727536893,1176,0.2422655406514571,50
7,Onøy og Lurøy,2,2014,145,145,8L30770,12,Southern 2,0.0006233442674362477,1177,0.2422655406514571,50
7,Onøy og Lurøy,2,2014,5198,5198,8939745,5,Hestmannøy,0.0006225872278263477,1178,0.2422655406514571,50
7,Onøy og Lurøy,2,2014,4674,4674,8794309,2,Træna,0.0006222283862113484,1179,0.2422655406514571,50
7,Onøy og Lurøy,2,2014,924,924,8M71290,6,Indre Kvarøy,0.0006219368032728919,1180,0.2422655406514571,50
7,Onøy og Lurøy,2,2014,1598,1598,8N05870,11,Southern 1,0.0006217589901876123,1181,0.2422655406514571,50
7,Onøy og Lurøy,2,2014,139,139,8L30763,12,Southern 2,0.0006217123316184156,1182,0.2422655406514571,50
7,Onøy og Lurøy,2,2014,1586,1586,8N05857,11,Southern 1,0.0006203719940223733,1183,0.2422655406514571,50
7,Onøy og Lurøy,2,2014,1196,1196,8M72935,5,Hestmannøy,0.0006199624870483338,1184,0.2422655406514571,50
7,Onøy og Lurøy,2,2014,1170,1170,8M72859,10,Aldra,0.0006183477717990521,1185,0.2422655406514571,50
7,Onøy og Lurøy,2,2014,4868,4868,8857278,10,Aldra,0.0006174246173462242,1186,0.2422655406514571,50
7,Onøy og Lurøy,2,2014,2286,2286,8N14674,13,Southern 3,0.0006171061698189432,1187,0.2422655406514571,50
7,Onøy og Lurøy,2,2014,2506,2506,8N28026,9,Sleneset,0.0006168821023765521,1188,0.2422655406514571,50
7,Onøy og Lurøy,2,2014,3374,3374,8N73985,12,Southern 2,0.0006159292706819652,1189,0.2422655406514571,50
7,Onøy og Lurøy,2,2014,5077,5077,8934472,3,Selvær,0.0006151537235414716,1190,0.2422655406514571,50
7,Onøy og Lurøy,2,2014,1119,1119,8M72610,6,Indre Kvarøy,0.0006148748750901586,1191,0.2422655406514571,50
7,Onøy og Lurøy,2,2014,2178,2178,8N14564,11,Southern 1,0.0006148075924819383,1192,0.2422655406514571,50
7,Onøy og Lurøy,2,2014,1622,1622,8N05905,0,Nesøy,0.0006139238932884775,1193,0.2422655406514571,50
7,Onøy og Lurøy,2,2014,4642,4642,8747807,6,Indre Kvarøy,0.000613486329826652,1194,0.2422655406514571,50
7,Onøy og Lurøy,2,2014,3706,3706,8N87927,13,Southern 3,0.0006122645399095347,1195,0.2422655406514571,50
7,Onøy og Lurøy,2,2014,3673,3673,8N87893,13,Southern 3,0.0006110912323844452,1196,0.2422655406514571,50
7,Onøy og Lurøy,2,2014,4881,4881,8857730,5,Hestmannøy,0.0006108853825142883,1197,0.2422655406514571,50
7,Onøy og Lurøy,2,2014,4623,4623,8747728,5,Hestmannøy,0.0006094671021243861,1198,0.2422655406514571,50
7,Onøy og Lurøy,2,2014,1197,1197,8M72951,4,Gjerøy,0.0006087636417151276,1199,0.2422655406514571,50
7,Onøy og Lurøy,2,2014,4734,4734,8800199,5,Hestmannøy,0.0006085650282691438,1200,0.2422655406514571,50
7,Onøy og Lurøy,2,2014,3901,3901,8P14171,5,Hestmannøy,0.0006079844698789348,1201,0.2422655406514571,50
7,Onøy og Lurøy,2,2014,781,781,8M31632,5,Hestmannøy,0.0006075403961718986,1202,0.2422655406514571,50
7,Onøy og Lurøy,2,2014,2347,2347,8N27030,14,Southern 4,0.0006072885800620035,1203,0.2422655406514571,50
7,Onøy og Lurøy,2,2014,3700,3700,8N87921,13,Southern 3,0.0006069548563217284,1204,0.2422655406514571,50
7,Onøy og Lurøy,2,2014,2303,2303,8N14691,13,Southern 3,0.0006056959858037026,1205,0.2422655406514571,50
7,Onøy og Lurøy,2,2014,1300,1300,8N05178,13,Southern 3,0.0006053851031114989,1206,0.2422655406514571,50
7,Onøy og Lurøy,2,2014,3404,3404,8N87070,5,Hestmannøy,0.0006052276417864977,1207,0.2422655406514571,50
7,Onøy og Lurøy,2,2014,3341,3341,8N73952,12,Southern 2,0.0006048897042505727,1208,0.2422655406514571,50
7,Onøy og Lurøy,2,2014,4561,4561,8747406,0,Nesøy,0.0006044245606791306,1209,0.2422655406514571,50
7,Onøy og Lurøy,2,2014,1555,1555,8N05706,4,Gjerøy,0.0006038231454277819,1210,0.2422655406514571,50
7,Onøy og Lurøy,2,2014,1389,1389,8N05269,13,Southern 3,0.0006016769346945235,1211,0.2422655406514571,50
7,Onøy og Lurøy,2,2014,2069,2069,8N14064,6,Indre Kvarøy,0.0006008154075309571,1212,0.2422655406514571,50
7,Onøy og Lurøy,2,2014,2798,2798,8N72266,2,Træna,0.0006007195708416572,1213,0.2422655406514571,50
7,Onøy og Lurøy,2,2014,1885,1885,8N13425,9,Sleneset,0.0006005398345342175,1214,0.2422655406514571,50
7,Onøy og Lurøy,2,2014,816,816,8L89486,11,Southern 1,0.000600092334713951,1215,0.2422655406514571,50
7,Onøy og Lurøy,2,2014,1487,1487,8N05625,14,Southern 4,0.0005987071205437788,1216,0.2422655406514571,50
7,Onøy og Lurøy,2,2014,5188,5188,8939611,4,Gjerøy,0.0005978258948317334,1217,0.2422655406514571,50
7,Onøy og Lurøy,2,2014,3445,3445,8N87352,6,Indre Kvarøy,0.000597201620703906,1218,0.2422655406514571,50
7,Onøy og Lurøy,2,2014,2811,2811,8N72376,4,Gjerøy,0.0005966814341438928,1219,0.2422655406514571,50
7,Onøy og Lurøy,2,2014,4685,4685,8794368,4,Gjerøy,0.0005965591675660555,1220,0.2422655406514571,50
7,Onøy og Lurøy,2,2014,4757,4757,8800424,10,Aldra,0.0005964849706105815,1221,0.2422655406514571,50
7,Onøy og Lurøy,2,2014,4292,4292,8681066,9,Sleneset,0.0005936136639601013,1222,0.2422655406514571,50
7,Onøy og Lurøy,2,2014,2621,2621,8N28853,5,Hestmannøy,0.0005924319726045619,1223,0.2422655406514571,50
7,Onøy og Lurøy,2,2014,36,36,8L19920,5,Hestmannøy,0.0005922274633422256,1224,0.2422655406514571,50
7,Onøy og Lurøy,2,2014,4833,4833,8816943,4,Gjerøy,0.0005892945641253293,1225,0.2422655406514571,50
7,Onøy og Lurøy,2,2014,4563,4563,8747410,0,Nesøy,0.0005882135624078589,1226,0.2422655406514571,50
7,Onøy og Lurøy,2,2014,3076,3076,8N73420,5,Hestmannøy,0.0005881030025495101,1227,0.2422655406514571,50
7,Onøy og Lurøy,2,2014,4293,4293,8681067,9,Sleneset,0.0005878655158049117,1228,0.2422655406514571,50
7,Onøy og Lurøy,2,2014,1608,1608,8N05883,11,Southern 1,0.0005861689471526666,1229,0.2422655406514571,50
7,Onøy og Lurøy,2,2014,30,30,8L19877,5,Hestmannøy,0.0005856553544741163,1230,0.2422655406514571,50
7,Onøy og Lurøy,2,2014,325,325,8L52366,11,Southern 1,0.000584748407507622,1231,0.2422655406514571,50
7,Onøy og Lurøy,2,2014,303,303,8L52329,12,Southern 2,0.000582742148169344,1232,0.2422655406514571,50
7,Onøy og Lurøy,2,2014,1095,1095,8M72551,11,Southern 1,0.0005811251640040504,1233,0.2422655406514571,50
7,Onøy og Lurøy,2,2014,3974,3974,8P14842,14,Southern 4,0.0005810626761139011,1234,0.2422655406514571,50
7,Onøy og Lurøy,2,2014,4606,4606,8747663,1,Myken,0.0005804270870757522,1235,0.2422655406514571,50
7,Onøy og Lurøy,2,2014,2590,2590,8N28776,5,Hestmannøy,0.0005799181941250336,1236,0.2422655406514571,50
7,Onøy og Lurøy,2,2014,2580,2580,8N28714,9,Sleneset,0.0005784790673128028,1237,0.2422655406514571,50
7,Onøy og Lurøy,2,2014,2384,2384,8N27096,8,Lovund,0.0005769280583572987,1238,0.2422655406514571,50
7,Onøy og Lurøy,2,2014,4979,4979,8887477,4,Gjerøy,0.0005756128219986573,1239,0.2422655406514571,50
7,Onøy og Lurøy,2,2014,2540,2540,8N28428,2,Træna,0.0005737492820271482,1240,0.2422655406514571,50
7,Onøy og Lurøy,2,2014,3643,3643,8N87862,14,Southern 4,0.0005733220743806728,1241,0.2422655406514571,50
7,Onøy og Lurøy,2,2014,1590,1590,8N05861,11,Southern 1,0.0005730088047531587,1242,0.2422655406514571,50
7,Onøy og Lurøy,2,2014,1453,1453,8N05534,5,Hestmannøy,0.0005727439630935571,1243,0.2422655406514571,50
7,Onøy og Lurøy,2,2014,1458,1458,8N05572,2,Træna,0.0005721453315945148,1244,0.2422655406514571,50
7,Onøy og Lurøy,2,2014,4633,4633,8747758,5,Hestmannøy,0.0005710161865251113,1245,0.2422655406514571,50
7,Onøy og Lurøy,2,2014,1733,1733,8N06686,14,Southern 4,0.0005709393934493026,1246,0.2422655406514571,50
7,Onøy og Lurøy,2,2014,2770,2770,8N42985,14,Southern 4,0.0005700954636007842,1247,0.2422655406514571,50
7,Onøy og Lurøy,2,2014,4401,4401,8730543,8,Lovund,0.0005696878974287734,1248,0.2422655406514571,50
7,Onøy og Lurøy,2,2014,3070,3070,8N73383,6,Indre Kvarøy,0.0005695631480444577,1249,0.2422655406514571,50
7,Onøy og Lurøy,2,2014,111,111,8L30591,5,Hestmannøy,0.0005688970686642643,1250,0.2422655406514571,50
7,Onøy og Lurøy,2,2014,5296,5296,8943897,5,Hestmannøy,0.0005686985869402844,1251,0.2422655406514571,50
7,Onøy og Lurøy,2,2014,3310,3310,8N73921,11,Southern 1,0.0005685845434166866,1252,0.2422655406514571,50
7,Onøy og Lurøy,2,2014,4884,4884,8857754,5,Hestmannøy,0.0005682526026846773,1253,0.2422655406514571,50
7,Onøy og Lurøy,2,2014,533,533,8L89254,4,Gjerøy,0.000568133863100145,1254,0.2422655406514571,50
7,Onøy og Lurøy,2,2014,2201,2201,8N14587,11,Southern 1,0.0005671749420628947,1255,0.2422655406514571,50
7,Onøy og Lurøy,2,2014,2421,2421,8N27356,5,Hestmannøy,0.0005668113679570266,1256,0.2422655406514571,50
7,Onøy og Lurøy,2,2014,1053,1053,8M72136,2,Træna,0.0005666641976507717,1257,0.2422655406514571,50
7,Onøy og Lurøy,2,2014,3802,3802,8P11527,15,Southern 5,0.0005656634590341486,1258,0.2422655406514571,50
7,Onøy og Lurøy,2,2014,4175,4175,8537761,1,Myken,0.0005637239343680735,1259,0.2422655406514571,50
7,Onøy og Lurøy,2,2014,1661,1661,8N06432,9,Sleneset,0.0005632094869116983,1260,0.2422655406514571,50
7,Onøy og Lurøy,2,2014,810,810,8L89550,12,Southern 2,0.0005623555151150777,1261,0.2422655406514571,50
7,Onøy og Lurøy,2,2014,495,495,8L64829,9,Sleneset,0.0005620969467714349,1262,0.2422655406514571,50
7,Onøy og Lurøy,2,2014,2115,2115,8N14300,15,Southern 5,0.0005612059921197188,1263,0.2422655406514571,50
7,Onøy og Lurøy,2,2014,3386,3386,8N73997,14,Southern 4,0.0005594847888590696,1264,0.2422655406514571,50
7,Onøy og Lurøy,2,2014,4412,4412,8730565,3,Selvær,0.0005589317208948378,1265,0.2422655406514571,50
7,Onøy og Lurøy,2,2014,2128,2128,8N14443,4,Gjerøy,0.0005581293737966547,1266,0.2422655406514571,50
7,Onøy og Lurøy,2,2014,2262,2262,8N14650,13,Southern 3,0.0005578904839212458,1267,0.2422655406514571,50
7,Onøy og Lurøy,2,2014,4779,4779,8800515,5,Hestmannøy,0.0005559057771145386,1268,0.2422655406514571,50
7,Onøy og Lurøy,2,2014,2852,2852,8N72670,4,Gjerøy,0.0005558547380897605,1269,0.2422655406514571,50
7,Onøy og Lurøy,2,2014,4924,4924,8887241,1,Myken,0.0005551972359225842,1270,0.2422655406514571,50
7,Onøy og Lurøy,2,2014,5061,5061,8934376,5,Hestmannøy,0.00055414856124201,1271,0.2422655406514571,50
7,Onøy og Lurøy,2,2014,1030,1030,8M71864,5,Hestmannøy,0.0005529126021241358,1272,0.2422655406514571,50
7,Onøy og Lurøy,2,2014,811,811,8M31793,11,Southern 1,0.0005524403728386213,1273,0.2422655406514571,50
7,Onøy og Lurøy,2,2014,2849,2849,8N72664,5,Hestmannøy,0.0005509145670920049,1274,0.2422655406514571,50
7,Onøy og Lurøy,2,2014,3132,3132,8N73484,11,Southern 1,0.0005505664632384194,1275,0.2422655406514571,50
7,Onøy og Lurøy,2,2014,96,96,8L30396,2,Træna,0.0005502375771676808,1276,0.2422655406514571,50
7,Onøy og Lurøy,2,2014,2321,2321,8N14910,5,Hestmannøy,0.0005496042036159589,1277,0.2422655406514571,50
7,Onøy og Lurøy,2,2014,1254,1254,8N05132,12,Southern 2,0.0005491761422775399,1278,0.2422655406514571,50
7,Onøy og Lurøy,2,2014,5382,5382,8981607,10,Aldra,0.0005485155544376712,1279,0.2422655406514571,50
7,Onøy og Lurøy,2,2014,4431,4431,8730974,3,Selvær,0.0005479649089044483,1280,0.2422655406514571,50
7,Onøy og Lurøy,2,2014,2437,2437,8N27474,2,Træna,0.0005477957220241013,1281,0.2422655406514571,50
7,Onøy og Lurøy,2,2014,1928,1928,8N13626,14,Southern 4,0.0005473661303392574,1282,0.2422655406514571,50
7,Onøy og Lurøy,2,2014,4369,4369,8730418,5,Hestmannøy,0.0005471960460497632,1283,0.2422655406514571,50
7,Onøy og Lurøy,2,2014,3364,3364,8N73975,12,Southern 2,0.0005471484702402323,1284,0.2422655406514571,50
7,Onøy og Lurøy,2,2014,1550,1550,8N05701,6,Indre Kvarøy,0.0005469534777306704,1285,0.2422655406514571,50
7,Onøy og Lurøy,2,2014,3524,3524,8N87582,11,Southern 1,0.0005467029424541544,1286,0.2422655406514571,50
7,Onøy og Lurøy,2,2014,3894,3894,8P14075,5,Hestmannøy,0.0005450787628703894,1287,0.2422655406514571,50
7,Onøy og Lurøy,2,2014,4681,4681,8794346,9,Sleneset,0.000544973564877978,1288,0.2422655406514571,50
7,Onøy og Lurøy,2,2014,939,939,8M71313,5,Hestmannøy,0.0005442903701225548,1289,0.2422655406514571,50
7,Onøy og Lurøy,2,2014,3935,3935,8P14561,8,Lovund,0.0005438076174598786,1290,0.2422655406514571,50
7,Onøy og Lurøy,2,2014,3979,3979,8P14847,14,Southern 4,0.0005435825851840107,1291,0.2422655406514571,50
7,Onøy og Lurøy,2,2014,3704,3704,8N87925,13,Southern 3,0.0005433433766491931,1292,0.2422655406514571,50
7,Onøy og Lurøy,2,2014,701,701,8M31253,8,Lovund,0.0005430710371910624,1293,0.2422655406514571,50
7,Onøy og Lurøy,2,2014,4253,4253,8651975,5,Hestmannøy,0.0005415081480747974,1294,0.2422655406514571,50
7,Onøy og Lurøy,2,2014,136,136,8L30760,11,Southern 1,0.0005406614106635055,1295,0.2422655406514571,50
7,Onøy og Lurøy,2,2014,104,104,8L30467,12,Southern 2,0.0005406055940609702,1296,0.2422655406514571,50
7,Onøy og Lurøy,2,2014,1992,1992,8N13693,13,Southern 3,0.0005405719146236604,1297,0.2422655406514571,50
7,Onøy og Lurøy,2,2014,704,704,8M31266,4,Gjerøy,0.0005398288869285836,1298,0.2422655406514571,50
7,Onøy og Lurøy,2,2014,4866,4866,8857276,10,Aldra,0.0005392994105032348,1299,0.2422655406514571,50
7,Onøy og Lurøy,2,2014,2086,2086,8N14164,5,Hestmannøy,0.0005374223290610593,1300,0.2422655406514571,50
7,Onøy og Lurøy,2,2014,4992,4992,8917812,8,Lovund,0.0005368432093771145,1301,0.2422655406514571,50
7,Onøy og Lurøy,2,2014,41,41,8L19930,10,Aldra,0.0005359418093221671,1302,0.2422655406514571,50
7,Onøy og Lurøy,2,2014,2782,2782,8N72036,2,Træna,0.0005357503841753545,1303,0.2422655406514571,50
7,Onøy og Lurøy,2,2014,2408,2408,8N27315,5,Hestmannøy,0.0005342859674829824,1304,0.2422655406514571,50
7,Onøy og Lurøy,2,2014,501,501,8L64856,3,Selvær,0.0005324406013743305,1305,0.2422655406514571,50
7,Onøy og Lurøy,2,2014,2952,2952,8N72955,13,Southern 3,0.0005324378112232498,1306,0.2422655406514571,50
7,Onøy og Lurøy,2,2014,1615,1615,8N05893,11,Southern 1,0.0005314735798604563,1307,0.2422655406514571,50
7,Onøy og Lurøy,2,2014,2231,2231,8N14617,13,Southern 3,0.0005305431014304779,1308,0.2422655406514571,50
7,Onøy og Lurøy,2,2014,5165,5165,8939492,0,Nesøy,0.0005287130749131629,1309,0.2422655406514571,50
7,Onøy og Lurøy,2,2014,2709,2709,8N42532,4,Gjerøy,0.000527921611469523,1310,0.2422655406514571,50
7,Onøy og Lurøy,2,2014,53,53,8L19979,5,Hestmannøy,0.0005260115096183375,1311,0.2422655406514571,50
7,Onøy og Lurøy,2,2014,2889,2889,8N72737,4,Gjerøy,0.0005251718425164372,1312,0.2422655406514571,50
7,Onøy og Lurøy,2,2014,3546,3546,8N87607,15,Southern 5,0.0005243388905842875,1313,0.2422655406514571,50
7,Onøy og Lurøy,2,2014,5281,5281,8943752,0,Nesøy,0.0005219371571088713,1314,0.2422655406514571,50
7,Onøy og Lurøy,2,2014,3928,3928,8P14401,5,Hestmannøy,0.0005218783208505657,1315,0.2422655406514571,50
7,Onøy og Lurøy,2,2014,3530,3530,8N87588,11,Southern 1,0.0005203084209560443,1316,0.2422655406514571,50
7,Onøy og Lurøy,2,2014,1120,1120,8M72611,6,Indre Kvarøy,0.0005200450429751766,1317,0.2422655406514571,50
7,Onøy og Lurøy,2,2014,2253,2253,8N14640,13,Southern 3,0.0005190407342022409,1318,0.2422655406514571,50
7,Onøy og Lurøy,2,2014,3106,3106,8N73457,11,Southern 1,0.00051883400854953,1319,0.2422655406514571,50
7,Onøy og Lurøy,2,2014,3553,3553,8N87616,15,Southern 5,0.0005187017314280158,1320,0.2422655406514571,50
7,Onøy og Lurøy,2,2014,1500,1500,8N05645,14,Southern 4,0.0005172093562862814,1321,0.2422655406514571,50
7,Onøy og Lurøy,2,2014,5211,5211,8939824,3,Selvær,0.0005167250950454319,1322,0.2422655406514571,50
7,Onøy og Lurøy,2,2014,5150,5150,8939344,5,Hestmannøy,0.0005164864876821526,1323,0.2422655406514571,50
7,Onøy og Lurøy,2,2014,5028,5028,8934077,5,Hestmannøy,0.0005148862040798134,1324,0.2422655406514571,50
7,Onøy og Lurøy,2,2014,1952,1952,8N13652,14,Southern 4,0.0005138856409741067,1325,0.2422655406514571,50
7,Onøy og Lurøy,2,2014,1947,1947,8N13647,14,Southern 4,0.0005133886826535685,1326,0.2422655406514571,50
7,Onøy og Lurøy,2,2014,1803,1803,8N06863,11,Southern 1,0.0005123285619760812,1327,0.2422655406514571,50
7,Onøy og Lurøy,2,2014,1949,1949,8N13649,14,Southern 4,0.0005107091875462401,1328,0.2422655406514571,50
7,Onøy og Lurøy,2,2014,2549,2549,8N28510,2,Træna,0.000510524301891747,1329,0.2422655406514571,50
7,Onøy og Lurøy,2,2014,307,307,8L52338,12,Southern 2,0.0005104563230758566,1330,0.2422655406514571,50
7,Onøy og Lurøy,2,2014,163,163,8L30848,3,Selvær,0.0005096087715429603,1331,0.2422655406514571,50
7,Onøy og Lurøy,2,2014,3238,3238,8N73664,13,Southern 3,0.000509378887921902,1332,0.2422655406514571,50
7,Onøy og Lurøy,2,2014,684,684,8M31115,8,Lovund,0.0005093381892692083,1333,0.2422655406514571,50
7,Onøy og Lurøy,2,2014,2904,2904,8N72905,13,Southern 3,0.0005076656329533952,1334,0.2422655406514571,50
7,Onøy og Lurøy,2,2014,2611,2611,8N28813,5,Hestmannøy,0.000506888125330705,1335,0.2422655406514571,50
7,Onøy og Lurøy,2,2014,4526,4526,8747222,5,Hestmannøy,0.0005057396364154868,1336,0.2422655406514571,50
7,Onøy og Lurøy,2,2014,403,403,8L57803,9,Sleneset,0.00050510108435644,1337,0.2422655406514571,50
7,Onøy og Lurøy,2,2014,5414,5414,8981823,5,Hestmannøy,0.0005042826414138209,1338,0.2422655406514571,50
7,Onøy og Lurøy,2,2014,2713,2713,8N42536,4,Gjerøy,0.0005037566449692211,1339,0.2422655406514571,50
7,Onøy og Lurøy,2,2014,4371,4371,8730436,5,Hestmannøy,0.0005005922965454972,1340,0.2422655406514571,50
7,Onøy og Lurøy,2,2014,3058,3058,8N73309,15,Southern 5,0.0005003042700089925,1341,0.2422655406514571,50
7,Onøy og Lurøy,2,2014,2504,2504,8N28016,9,Sleneset,0.0004999320626709824,1342,0.2422655406514571,50
7,Onøy og Lurøy,2,2014,3535,3535,8N87593,11,Southern 1,0.0004991113623518201,1343,0.2422655406514571,50
7,Onøy og Lurøy,2,2014,1606,1606,8N05880,11,Southern 1,0.0004990192898814498,1344,0.2422655406514571,50
7,Onøy og Lurøy,2,2014,4580,4580,8747549,10,Aldra,0.0004968894084547268,1345,0.2422655406514571,50
7,Onøy og Lurøy,2,2014,1619,1619,8N05897,11,Southern 1,0.000495209912482876,1346,0.2422655406514571,50
7,Onøy og Lurøy,2,2014,1354,1354,8N05233,12,Southern 2,0.000495107185311241,1347,0.2422655406514571,50
7,Onøy og Lurøy,2,2014,3078,3078,8N73425,6,Indre Kvarøy,0.000494648082615201,1348,0.2422655406514571,50
7,Onøy og Lurøy,2,2014,2203,2203,8N14589,11,Southern 1,0.0004928300477547258,1349,0.2422655406514571,50
7,Onøy og Lurøy,2,2014,3707,3707,8N87928,13,Southern 3,0.0004921872437621241,1350,0.2422655406514571,50
7,Onøy og Lurøy,2,2014,3072,3072,8N73404,4,Gjerøy,0.0004908251982693131,1351,0.2422655406514571,50
7,Onøy og Lurøy,2,2014,4496,4496,8732696,4,Gjerøy,0.0004895645887317831,1352,0.2422655406514571,50
7,Onøy og Lurøy,2,2014,3976,3976,8P14844,14,Southern 4,0.000489096797337178,1353,0.2422655406514571,50
7,Onøy og Lurøy,2,2014,3099,3099,8N73450,11,Southern 1,0.0004885592421094361,1354,0.2422655406514571,50
7,Onøy og Lurøy,2,2014,1204,1204,8M72965,0,Nesøy,0.00048825616246646233,1355,0.2422655406514571,50
7,Onøy og Lurøy,2,2014,1252,1252,8N05130,12,Southern 2,0.0004880427394308244,1356,0.2422655406514571,50
7,Onøy og Lurøy,2,2014,4815,4815,8816467,4,Gjerøy,0.0004870074085244783,1357,0.2422655406514571,50
7,Onøy og Lurøy,2,2014,3506,3506,8N87563,11,Southern 1,0.000486450482189535,1358,0.2422655406514571,50
7,Onøy og Lurøy,2,2014,3718,3718,8N87939,13,Southern 3,0.00048610501874746427,1359,0.2422655406514571,50
7,Onøy og Lurøy,2,2014,3278,3278,8N73793,15,Southern 5,0.00048547717360719074,1360,0.2422655406514571,50
7,Onøy og Lurøy,2,2014,3840,3840,8P11566,14,Southern 4,0.00048530858049359785,1361,0.2422655406514571,50
7,Onøy og Lurøy,2,2014,56,56,8L19988,4,Gjerøy,0.00048476169520161053,1362,0.2422655406514571,50
7,Onøy og Lurøy,2,2014,1032,1032,8M71866,5,Hestmannøy,0.000482146716731517,1363,0.2422655406514571,50
7,Onøy og Lurøy,2,2014,1941,1941,8N13641,14,Southern 4,0.0004817665214584597,1364,0.2422655406514571,50
7,Onøy og Lurøy,2,2014,2266,2266,8N14654,13,Southern 3,0.00048167453088614437,1365,0.2422655406514571,50
7,Onøy og Lurøy,2,2014,4732,4732,8800185,6,Indre Kvarøy,0.0004813522675295726,1366,0.2422655406514571,50
7,Onøy og Lurøy,2,2014,2425,2425,8N27401,0,Nesøy,0.0004809988414547968,1367,0.2422655406514571,50
7,Onøy og Lurøy,2,2014,33,33,8L19912,5,Hestmannøy,0.0004808991068455589,1368,0.2422655406514571,50
7,Onøy og Lurøy,2,2014,2972,2972,8N73050,4,Gjerøy,0.00047758217067124715,1369,0.2422655406514571,50
7,Onøy og Lurøy,2,2014,3630,3630,8N87849,14,Southern 4,0.0004774068955811062,1370,0.2422655406514571,50
7,Onøy og Lurøy,2,2014,3521,3521,8N87578,11,Southern 1,0.0004770201920636922,1371,0.2422655406514571,50
7,Onøy og Lurøy,2,2014,2261,2261,8N14649,13,Southern 3,0.0004761107984623707,1372,0.2422655406514571,50
7,Onøy og Lurøy,2,2014,3864,3864,8P11788,2,Træna,0.0004755080557709922,1373,0.2422655406514571,50
7,Onøy og Lurøy,2,2014,5252,5252,8943144,9,Sleneset,0.00047484023321981263,1374,0.2422655406514571,50
7,Onøy og Lurøy,2,2014,1425,1425,8N05306,13,Southern 3,0.0004745844622977801,1375,0.2422655406514571,50
7,Onøy og Lurøy,2,2014,3649,3649,8N87868,13,Southern 3,0.00047444790970294873,1376,0.2422655406514571,50
7,Onøy og Lurøy,2,2014,4912,4912,8887202,4,Gjerøy,0.00047416292604178436,1377,0.2422655406514571,50
7,Onøy og Lurøy,2,2014,4867,4867,8857277,10,Aldra,0.00047408595654387103,1378,0.2422655406514571,50
7,Onøy og Lurøy,2,2014,1921,1921,8N13619,14,Southern 4,0.0004740081354575348,1379,0.2422655406514571,50
7,Onøy og Lurøy,2,2014,3973,3973,8P14838,5,Hestmannøy,0.00047248568231516853,1380,0.2422655406514571,50
7,Onøy og Lurøy,2,2014,1130,1130,8M72646,4,Gjerøy,0.00047236928987733523,1381,0.2422655406514571,50
7,Onøy og Lurøy,2,2014,3599,3599,8N87816,14,Southern 4,0.0004721551508170886,1382,0.2422655406514571,50
7,Onøy og Lurøy,2,2014,893,893,8M71157,13,Southern 3,0.0004720666798264249,1383,0.2422655406514571,50
7,Onøy og Lurøy,2,2014,1361,1361,8N05240,13,Southern 3,0.00047199832474189196,1384,0.2422655406514571,50
7,Onøy og Lurøy,2,2014,3191,3191,8N73617,14,Southern 4,0.0004714199432853607,1385,0.2422655406514571,50
7,Onøy og Lurøy,2,2014,1898,1898,8N13368,2,Træna,0.00047141299886603924,1386,0.2422655406514571,50
7,Onøy og Lurøy,2,2014,4088,4088,8P26580,8,Lovund,0.00047078440153478,1387,0.2422655406514571,50
7,Onøy og Lurøy,2,2014,725,725,8M31331,5,Hestmannøy,0.00046937488103511134,1388,0.2422655406514571,50
7,Onøy og Lurøy,2,2014,2435,2435,8N27455,5,Hestmannøy,0.0004691982112604517,1389,0.2422655406514571,50
7,Onøy og Lurøy,2,2014,515,515,8L64923,10,Aldra,0.0004684158378300081,1390,0.2422655406514571,50
7,Onøy og Lurøy,2,2014,3591,3591,8N87808,14,Southern 4,0.00046779432197882837,1391,0.2422655406514571,50
7,Onøy og Lurøy,2,2014,601,601,8L89517,5,Hestmannøy,0.000467721153346746,1392,0.2422655406514571,50
7,Onøy og Lurøy,2,2014,61,61,8L26526,9,Sleneset,0.00046630530982559273,1393,0.2422655406514571,50
7,Onøy og Lurøy,2,2014,5162,5162,8939460,3,Selvær,0.0004659803915295467,1394,0.2422655406514571,50
7,Onøy og Lurøy,2,2014,2142,2142,8N14526,11,Southern 1,0.00046489727085930604,1395,0.2422655406514571,50
7,Onøy og Lurøy,2,2014,1168,1168,8M72832,6,Indre Kvarøy,0.0004646261754613984,1396,0.2422655406514571,50
7,Onøy og Lurøy,2,2014,4314,4314,8681190,4,Gjerøy,0.00046417391544735054,1397,0.2422655406514571,50
7,Onøy og Lurøy,2,2014,710,710,8M31285,10,Aldra,0.00046375121865029176,1398,0.2422655406514571,50
7,Onøy og Lurøy,2,2014,5244,5244,8943109,10,Aldra,0.00046309977871363613,1399,0.2422655406514571,50
7,Onøy og Lurøy,2,2014,2693,2693,8N42507,5,Hestmannøy,0.00046282167212160374,1400,0.2422655406514571,50
7,Onøy og Lurøy,2,2014,3504,3504,8N87561,11,Southern 1,0.00046265887442187916,1401,0.2422655406514571,50
7,Onøy og Lurøy,2,2014,1326,1326,8N05205,12,Southern 2,0.00046173888489432996,1402,0.2422655406514571,50
7,Onøy og Lurøy,2,2014,1423,1423,8N05304,13,Southern 3,0.00045876536065061894,1403,0.2422655406514571,50
7,Onøy og Lurøy,2,2014,5086,5086,8934526,1,Myken,0.00045845550844150225,1404,0.2422655406514571,50
7,Onøy og Lurøy,2,2014,2991,2991,8N73187,15,Southern 5,0.00045687137690350046,1405,0.2422655406514571,50
7,Onøy og Lurøy,2,2014,3827,3827,8P11553,14,Southern 4,0.00045636778629713976,1406,0.2422655406514571,50
7,Onøy og Lurøy,2,2014,4193,4193,8573915,2,Træna,0.0004560973344796941,1407,0.2422655406514571,50
7,Onøy og Lurøy,2,2014,2630,2630,8N28913,2,Træna,0.00045583471018447163,1408,0.2422655406514571,50
7,Onøy og Lurøy,2,2014,1411,1411,8N05292,13,Southern 3,0.000455656797816374,1409,0.2422655406514571,50
7,Onøy og Lurøy,2,2014,3523,3523,8N87580,11,Southern 1,0.0004554964312017089,1410,0.2422655406514571,50
7,Onøy og Lurøy,2,2014,4604,4604,8747654,1,Myken,0.0004554755123743171,1411,0.2422655406514571,50
7,Onøy og Lurøy,2,2014,2215,2215,8N14601,13,Southern 3,0.00045363985754976523,1412,0.2422655406514571,50
7,Onøy og Lurøy,2,2014,1014,1014,8M71585,2,Træna,0.0004535390006162314,1413,0.2422655406514571,50
7,Onøy og Lurøy,2,2014,3092,3092,8N73443,11,Southern 1,0.00045330464324756916,1414,0.2422655406514571,50
7,Onøy og Lurøy,2,2014,2140,2140,8N14524,11,Southern 1,0.0004531068569398908,1415,0.2422655406514571,50
7,Onøy og Lurøy,2,2014,2383,2383,8N27095,2,Træna,0.0004529753875664632,1416,0.2422655406514571,50
7,Onøy og Lurøy,2,2014,4048,4048,8N72983,2,Træna,0.0004525803115284772,1417,0.2422655406514571,50
7,Onøy og Lurøy,2,2014,5226,5226,8943009,5,Hestmannøy,0.0004525336268205772,1418,0.2422655406514571,50
7,Onøy og Lurøy,2,2014,4045,4045,8P14981,14,Southern 4,0.0004516724265049265,1419,0.2422655406514571,50
7,Onøy og Lurøy,2,2014,5090,5090,8934532,10,Aldra,0.00045121150311068915,1420,0.2422655406514571,50
7,Onøy og Lurøy,2,2014,4009,4009,8N14907,4,Gjerøy,0.0004510048284727282,1421,0.2422655406514571,50
7,Onøy og Lurøy,2,2014,1348,1348,8N05227,12,Southern 2,0.00045050554994941573,1422,0.2422655406514571,50
7,Onøy og Lurøy,2,2014,2365,2365,8N27077,14,Southern 4,0.0004498885155280252,1423,0.2422655406514571,50
7,Onøy og Lurøy,2,2014,4665,4665,8747974,5,Hestmannøy,0.0004498333482727292,1424,0.2422655406514571,50
7,Onøy og Lurøy,2,2014,227,227,8L48608,6,Indre Kvarøy,0.00044702516662343693,1425,0.2422655406514571,50
7,Onøy og Lurøy,2,2014,140,140,8L30764,12,Southern 2,0.00044658394477041925,1426,0.2422655406514571,50
7,Onøy og Lurøy,2,2014,4515,4515,8747120,8,Lovund,0.0004452187257258914,1427,0.2422655406514571,50
7,Onøy og Lurøy,2,2014,509,509,8L64901,5,Hestmannøy,0.00044503913148335116,1428,0.2422655406514571,50
7,Onøy og Lurøy,2,2014,2874,2874,8N72693,11,Southern 1,0.00044431084542151633,1429,0.2422655406514571,50
7,Onøy og Lurøy,2,2014,5097,5097,8934805,6,Indre Kvarøy,0.00044424181522791366,1430,0.2422655406514571,50
7,Onøy og Lurøy,2,2014,2358,2358,8N27070,14,Southern 4,0.0004440779875231895,1431,0.2422655406514571,50
7,Onøy og Lurøy,2,2014,5166,5166,8939494,0,Nesøy,0.00044407067973983714,1432,0.2422655406514571,50
7,Onøy og Lurøy,2,2014,3211,3211,8N73637,13,Southern 3,0.00044404582080738897,1433,0.2422655406514571,50
7,Onøy og Lurøy,2,2014,4712,4712,8800094,6,Indre Kvarøy,0.00044270314264399256,1434,0.2422655406514571,50
7,Onøy og Lurøy,2,2014,5423,5423,8981891,8,Lovund,0.00044198991492088347,1435,0.2422655406514571,50
7,Onøy og Lurøy,2,2014,5239,5239,8943082,4,Gjerøy,0.0004403603990479044,1436,0.2422655406514571,50
7,Onøy og Lurøy,2,2014,1277,1277,8N05156,12,Southern 2,0.00044026068977226366,1437,0.2422655406514571,50
7,Onøy og Lurøy,2,2014,4716,4716,8800104,10,Aldra,0.0004381410041338481,1438,0.2422655406514571,50
7,Onøy og Lurøy,2,2014,1033,1033,8M71872,5,Hestmannøy,0.00043783126951897166,1439,0.2422655406514571,50
7,Onøy og Lurøy,2,2014,738,738,8M31398,5,Hestmannøy,0.0004377568680189342,1440,0.2422655406514571,50
7,Onøy og Lurøy,2,2014,2489,2489,8N27937,6,Indre Kvarøy,0.0004373835014593896,1441,0.2422655406514571,50
7,Onøy og Lurøy,2,2014,3896,3896,8P14086,9,Sleneset,0.00043719822615102306,1442,0.2422655406514571,50
7,Onøy og Lurøy,2,2014,3660,3660,8N87880,13,Southern 3,0.0004370514117229074,1443,0.2422655406514571,50
7,Onøy og Lurøy,2,2014,4907,4907,8866889,11,Southern 1,0.0004355383832455334,1444,0.2422655406514571,50
7,Onøy og Lurøy,2,2014,2371,2371,8N27083,14,Southern 4,0.00043432829360953685,1445,0.2422655406514571,50
7,Onøy og Lurøy,2,2014,4030,4030,8P14965,14,Southern 4,0.0004327357517753355,1446,0.2422655406514571,50
7,Onøy og Lurøy,2,2014,1285,1285,8N05163,12,Southern 2,0.0004305462714058832,1447,0.2422655406514571,50
7,Onøy og Lurøy,2,2014,4440,4440,8732237,2,Træna,0.0004290050440791579,1448,0.2422655406514571,50
7,Onøy og Lurøy,2,2014,3734,3734,8N87955,13,Southern 3,0.00042813760150522636,1449,0.2422655406514571,50
7,Onøy og Lurøy,2,2014,5025,5025,8934069,5,Hestmannøy,0.0004278855474283473,1450,0.2422655406514571,50
7,Onøy og Lurøy,2,2014,1117,1117,8M72606,5,Hestmannøy,0.00042772467347222063,1451,0.2422655406514571,50
7,Onøy og Lurøy,2,2014,208,208,8L48459,10,Aldra,0.00042754831373975106,1452,0.2422655406514571,50
7,Onøy og Lurøy,2,2014,3931,3931,8P14457,6,Indre Kvarøy,0.0004273307621171758,1453,0.2422655406514571,50
7,Onøy og Lurøy,2,2014,2167,2167,8N14552,11,Southern 1,0.0004265570523914209,1454,0.2422655406514571,50
7,Onøy og Lurøy,2,2014,3682,3682,8N87902,13,Southern 3,0.0004245821858651315,1455,0.2422655406514571,50
7,Onøy og Lurøy,2,2014,3256,3256,8N73682,13,Southern 3,0.000424169145161029,1456,0.2422655406514571,50
7,Onøy og Lurøy,2,2014,1189,1189,8M72916,6,Indre Kvarøy,0.0004238838116127472,1457,0.2422655406514571,50
7,Onøy og Lurøy,2,2014,569,569,8L89380,5,Hestmannøy,0.00042352403295515926,1458,0.2422655406514571,50
7,Onøy og Lurøy,2,2014,5168,5168,8939521,4,Gjerøy,0.0004232470757240024,1459,0.2422655406514571,50
7,Onøy og Lurøy,2,2014,2828,2828,8N72510,6,Indre Kvarøy,0.0004204257270549991,1460,0.2422655406514571,50
7,Onøy og Lurøy,2,2014,1299,1299,8N05177,13,Southern 3,0.00041930062131205877,1461,0.2422655406514571,50
7,Onøy og Lurøy,2,2014,1415,1415,8N05296,13,Southern 3,0.000418768396641351,1462,0.2422655406514571,50
7,Onøy og Lurøy,2,2014,4906,4906,8866800,0,Nesøy,0.0004184074919003153,1463,0.2422655406514571,50
7,Onøy og Lurøy,2,2014,3697,3697,8N87918,13,Southern 3,0.00041795030364758347,1464,0.2422655406514571,50
7,Onøy og Lurøy,2,2014,560,560,8L89363,0,Nesøy,0.00041662426075552583,1465,0.2422655406514571,50
7,Onøy og Lurøy,2,2014,2229,2229,8N14615,13,Southern 3,0.0004162969309580104,1466,0.2422655406514571,50
7,Onøy og Lurøy,2,2014,456,456,8L64256,3,Selvær,0.0004153053615077837,1467,0.2422655406514571,50
7,Onøy og Lurøy,2,2014,1293,1293,8N05171,12,Southern 2,0.00041434498100771894,1468,0.2422655406514571,50
7,Onøy og Lurøy,2,2014,2141,2141,8N14525,11,Southern 1,0.00041432329143322046,1469,0.2422655406514571,50
7,Onøy og Lurøy,2,2014,700,700,8L89784,13,Southern 3,0.0004141175697634768,1470,0.2422655406514571,50
7,Onøy og Lurøy,2,2014,3129,3129,8N73480,11,Southern 1,0.00041391038897404424,1471,0.2422655406514571,50
7,Onøy og Lurøy,2,2014,4244,4244,8651878,4,Gjerøy,0.0004132457567043679,1472,0.2422655406514571,50
7,Onøy og Lurøy,2,2014,3292,3292,8N73902,11,Southern 1,0.00041311397670802023,1473,0.2422655406514571,50
7,Onøy og Lurøy,2,2014,1044,1044,8M72019,2,Træna,0.000412568250526951,1474,0.2422655406514571,50
7,Onøy og Lurøy,2,2014,1766,1766,8N06826,11,Southern 1,0.00041161960222447933,1475,0.2422655406514571,50
7,Onøy og Lurøy,2,2014,4545,4545,8747288,3,Selvær,0.00040931376263430436,1476,0.2422655406514571,50
7,Onøy og Lurøy,2,2014,2168,2168,8N14553,11,Southern 1,0.0004090837872734783,1477,0.2422655406514571,50
7,Onøy og Lurøy,2,2014,220,220,8L48565,2,Træna,0.0004082562512894391,1478,0.2422655406514571,50
7,Onøy og Lurøy,2,2014,995,995,8M71493,13,Southern 3,0.0004081143838126823,1479,0.2422655406514571,50
7,Onøy og Lurøy,2,2014,1604,1604,8N05878,11,Southern 1,0.00040673107954514886,1480,0.2422655406514571,50
7,Onøy og Lurøy,2,2014,2923,2923,8N72924,13,Southern 3,0.0004065412756592789,1481,0.2422655406514571,50
7,Onøy og Lurøy,2,2014,2431,2431,8N27414,5,Hestmannøy,0.00040624303835474704,1482,0.2422655406514571,50
7,Onøy og Lurøy,2,2014,32,32,8L19900,6,Indre Kvarøy,0.0004061952355749484,1483,0.2422655406514571,50
7,Onøy og Lurøy,2,2014,3887,3887,8P14052,5,Hestmannøy,0.00040563899150542084,1484,0.2422655406514571,50
7,Onøy og Lurøy,2,2014,2112,2112,8N14297,15,Southern 5,0.0004046896477492446,1485,0.2422655406514571,50
7,Onøy og Lurøy,2,2014,5047,5047,8934313,5,Hestmannøy,0.00040439851047019496,1486,0.2422655406514571,50
7,Onøy og Lurøy,2,2014,1648,1648,8N06305,0,Nesøy,0.0004030810087539849,1487,0.2422655406514571,50
7,Onøy og Lurøy,2,2014,711,711,8M31288,5,Hestmannøy,0.00040305689779174746,1488,0.2422655406514571,50
7,Onøy og Lurøy,2,2014,2538,2538,8N28406,8,Lovund,0.0004020324051122026,1489,0.2422655406514571,50
7,Onøy og Lurøy,2,2014,4289,4289,8681062,9,Sleneset,0.00040114236620238276,1490,0.2422655406514571,50
7,Onøy og Lurøy,2,2014,4920,4920,8887230,5,Hestmannøy,0.000401072930031115,1491,0.2422655406514571,50
7,Onøy og Lurøy,2,2014,798,798,8L89562,12,Southern 2,0.00040026191659706253,1492,0.2422655406514571,50
7,Onøy og Lurøy,2,2014,2327,2327,8N14931,5,Hestmannøy,0.00039914338136997745,1493,0.2422655406514571,50
7,Onøy og Lurøy,2,2014,3808,3808,8P11533,15,Southern 5,0.00039840828219558087,1494,0.2422655406514571,50
7,Onøy og Lurøy,2,2014,2505,2505,8N28024,9,Sleneset,0.0003977244402556458,1495,0.2422655406514571,50
7,Onøy og Lurøy,2,2014,1752,1752,8N06776,10,Aldra,0.0003975242273955848,1496,0.2422655406514571,50
7,Onøy og Lurøy,2,2014,3879,3879,8P11997,6,Indre Kvarøy,0.0003970737392559476,1497,0.2422655406514571,50
7,Onøy og Lurøy,2,2014,2564,2564,8N28682,5,Hestmannøy,0.00039652833355649904,1498,0.2422655406514571,50
7,Onøy og Lurøy,2,2014,463,463,8L64283,5,Hestmannøy,0.00039564956482939417,1499,0.2422655406514571,50
7,Onøy og Lurøy,2,2014,2935,2935,8N72937,13,Southern 3,0.00039420613376293045,1500,0.2422655406514571,50
7,Onøy og Lurøy,2,2014,2593,2593,8N28781,5,Hestmannøy,0.0003925886155057572,1501,0.2422655406514571,50
7,Onøy og Lurøy,2,2014,4,4,8L19556,8,Lovund,0.0003919843401032229,1502,0.2422655406514571,50
7,Onøy og Lurøy,2,2014,4750,4750,8800390,6,Indre Kvarøy,0.00039133826748360875,1503,0.2422655406514571,50
7,Onøy og Lurøy,2,2014,576,576,8L89394,4,Gjerøy,0.00039006891893634833,1504,0.2422655406514571,50
7,Onøy og Lurøy,2,2014,3014,3014,8N73216,12,Southern 2,0.00038926683997214396,1505,0.2422655406514571,50
7,Onøy og Lurøy,2,2014,102,102,8L30451,6,Indre Kvarøy,0.0003888034258683047,1506,0.2422655406514571,50
7,Onøy og Lurøy,2,2014,673,673,8L89915,12,Southern 2,0.00038861250598528046,1507,0.2422655406514571,50
7,Onøy og Lurøy,2,2014,4061,4061,8P14991,14,Southern 4,0.0003870886844727467,1508,0.2422655406514571,50
7,Onøy og Lurøy,2,2014,1880,1880,8N13401,2,Træna,0.00038603538833330086,1509,0.2422655406514571,50
7,Onøy og Lurøy,2,2014,2037,2037,8N13967,6,Indre Kvarøy,0.0003850013598697699,1510,0.2422655406514571,50
7,Onøy og Lurøy,2,2014,1740,1740,8N06693,14,Southern 4,0.00038476303229308703,1511,0.2422655406514571,50
7,Onøy og Lurøy,2,2014,599,599,8L89514,5,Hestmannøy,0.00038432261855469275,1512,0.2422655406514571,50
7,Onøy og Lurøy,2,2014,4367,4367,8730413,4,Gjerøy,0.00038414580674518527,1513,0.2422655406514571,50
7,Onøy og Lurøy,2,2014,507,507,8M71105,13,Southern 3,0.00038413191081717777,1514,0.2422655406514571,50
7,Onøy og Lurøy,2,2014,291,291,8L52284,2,Træna,0.00038189389521515375,1515,0.2422655406514571,50
7,Onøy og Lurøy,2,2014,3709,3709,8N87930,13,Southern 3,0.0003813924464658384,1516,0.2422655406514571,50
7,Onøy og Lurøy,2,2014,4592,4592,8747583,2,Træna,0.00038086966301888447,1517,0.2422655406514571,50
7,Onøy og Lurøy,2,2014,3240,3240,8N73666,13,Southern 3,0.0003808168470927163,1518,0.2422655406514571,50
7,Onøy og Lurøy,2,2014,1794,1794,8N06854,11,Southern 1,0.0003807559237133347,1519,0.2422655406514571,50
7,Onøy og Lurøy,2,2014,4929,4929,8887266,10,Aldra,0.0003804730477689959,1520,0.2422655406514571,50
7,Onøy og Lurøy,2,2014,376,376,8L52680,9,Sleneset,0.00038039551164639377,1521,0.2422655406514571,50
7,Onøy og Lurøy,2,2014,3634,3634,8N87853,14,Southern 4,0.00038029051180520616,1522,0.2422655406514571,50
7,Onøy og Lurøy,2,2014,2007,2007,8N13852,15,Southern 5,0.0003799671913103707,1523,0.2422655406514571,50
7,Onøy og Lurøy,2,2014,1330,1330,8N05209,12,Southern 2,0.00037893805249543817,1524,0.2422655406514571,50
7,Onøy og Lurøy,2,2014,873,873,8M71086,5,Hestmannøy,0.00037861223620893285,1525,0.2422655406514571,50
7,Onøy og Lurøy,2,2014,4113,4113,8168648,4,Gjerøy,0.00037769997349414505,1526,0.2422655406514571,50
7,Onøy og Lurøy,2,2014,4415,4415,8730922,3,Selvær,0.00037769767885329305,1527,0.2422655406514571,50
7,Onøy og Lurøy,2,2014,547,547,8L89298,10,Aldra,0.000377382399342518,1528,0.2422655406514571,50
7,Onøy og Lurøy,2,2014,1705,1705,8N06508,4,Gjerøy,0.00037670560497011076,1529,0.2422655406514571,50
7,Onøy og Lurøy,2,2014,1336,1336,8N05215,12,Southern 2,0.0003765722268095175,1530,0.2422655406514571,50
7,Onøy og Lurøy,2,2014,4595,4595,8747599,8,Lovund,0.000376176034626914,1531,0.2422655406514571,50
7,Onøy og Lurøy,2,2014,3416,3416,8N87168,4,Gjerøy,0.0003745138137318376,1532,0.2422655406514571,50
7,Onøy og Lurøy,2,2014,3336,3336,8N73947,12,Southern 2,0.0003739270160798141,1533,0.2422655406514571,50
7,Onøy og Lurøy,2,2014,5265,5265,8943473,3,Selvær,0.000372021956685484,1534,0.2422655406514571,50
7,Onøy og Lurøy,2,2014,1065,1065,8M72297,9,Sleneset,0.0003717354728931435,1535,0.2422655406514571,50
7,Onøy og Lurøy,2,2014,5000,5000,8917939,8,Lovund,0.00037170571633481634,1536,0.2422655406514571,50
7,Onøy og Lurøy,2,2014,1246,1246,8N05124,12,Southern 2,0.0003714863672554901,1537,0.2422655406514571,50
7,Onøy og Lurøy,2,2014,814,814,8M31804,12,Southern 2,0.00037117910033209454,1538,0.2422655406514571,50
7,Onøy og Lurøy,2,2014,4852,4852,8857231,5,Hestmannøy,0.00036869188358916254,1539,0.2422655406514571,50
7,Onøy og Lurøy,2,2014,1192,1192,8M72929,5,Hestmannøy,0.00036812293906802627,1540,0.2422655406514571,50
7,Onøy og Lurøy,2,2014,2867,2867,8N72686,11,Southern 1,0.00036764020628753737,1541,0.2422655406514571,50
7,Onøy og Lurøy,2,2014,3358,3358,8N73969,12,Southern 2,0.00036628180899605774,1542,0.2422655406514571,50
7,Onøy og Lurøy,2,2014,614,614,8L89613,4,Gjerøy,0.0003650845122610561,1543,0.2422655406514571,50
7,Onøy og Lurøy,2,2014,2862,2862,8N72681,11,Southern 1,0.0003646464967833143,1544,0.2422655406514571,50
7,Onøy og Lurøy,2,2014,1154,1154,8M72737,4,Gjerøy,0.00036459826725602845,1545,0.2422655406514571,50
7,Onøy og Lurøy,2,2014,1359,1359,8N05238,13,Southern 3,0.00036424660891056773,1546,0.2422655406514571,50
7,Onøy og Lurøy,2,2014,3529,3529,8N87587,11,Southern 1,0.00036411994665755415,1547,0.2422655406514571,50
7,Onøy og Lurøy,2,2014,2428,2428,8N27411,5,Hestmannøy,0.00036315130538947443,1548,0.2422655406514571,50
7,Onøy og Lurøy,2,2014,4591,4591,8747575,9,Sleneset,0.00036299846721862166,1549,0.2422655406514571,50
7,Onøy og Lurøy,2,2014,1507,1507,8N05652,11,Southern 1,0.0003628791965634672,1550,0.2422655406514571,50
7,Onøy og Lurøy,2,2014,22,22,8L19825,4,Gjerøy,0.00036203061180215316,1551,0.2422655406514571,50
7,Onøy og Lurøy,2,2014,4133,4133,8309143,4,Gjerøy,0.0003610349205066805,1552,0.2422655406514571,50
7,Onøy og Lurøy,2,2014,1709,1709,8N06528,4,Gjerøy,0.00036076371103329214,1553,0.2422655406514571,50
7,Onøy og Lurøy,2,2014,399,399,8L57742,12,Southern 2,0.00036019506634514824,1554,0.2422655406514571,50
7,Onøy og Lurøy,2,2014,1605,1605,8N05879,11,Southern 1,0.00036000726262100114,1555,0.2422655406514571,50
7,Onøy og Lurøy,2,2014,5280,5280,8943743,5,Hestmannøy,0.00035729088762056176,1556,0.2422655406514571,50
7,Onøy og Lurøy,2,2014,3127,3127,8N73478,11,Southern 1,0.00035655022762904844,1557,0.2422655406514571,50
7,Onøy og Lurøy,2,2014,4355,4355,8681464,5,Hestmannøy,0.00035575945720638726,1558,0.2422655406514571,50
7,Onøy og Lurøy,2,2014,1472,1472,8N05610,14,Southern 4,0.00035566757515713475,1559,0.2422655406514571,50
7,Onøy og Lurøy,2,2014,326,326,8L52372,11,Southern 1,0.0003545971961902877,1560,0.2422655406514571,50
7,Onøy og Lurøy,2,2014,1658,1658,8N06394,4,Gjerøy,0.0003545164896379353,1561,0.2422655406514571,50
7,Onøy og Lurøy,2,2014,2248,2248,8N14634,13,Southern 3,0.0003534029540055423,1562,0.2422655406514571,50
7,Onøy og Lurøy,2,2014,853,853,8M31945,5,Hestmannøy,0.00035340140315507523,1563,0.2422655406514571,50
7,Onøy og Lurøy,2,2014,4131,4131,8309135,5,Hestmannøy,0.0003529068985397925,1564,0.2422655406514571,50
7,Onøy og Lurøy,2,2014,3342,3342,8N73953,12,Southern 2,0.0003520334802939071,1565,0.2422655406514571,50
7,Onøy og Lurøy,2,2014,1965,1965,8N13666,13,Southern 3,0.0003517599041179099,1566,0.2422655406514571,50
7,Onøy og Lurøy,2,2014,4749,4749,8800376,4,Gjerøy,0.0003512549739434752,1567,0.2422655406514571,50
7,Onøy og Lurøy,2,2014,3539,3539,8N87598,11,Southern 1,0.00035032387397437636,1568,0.2422655406514571,50
7,Onøy og Lurøy,2,2014,1214,1214,8N05009,4,Gjerøy,0.0003498104882615535,1569,0.2422655406514571,50
7,Onøy og Lurøy,2,2014,2599,2599,8N28788,15,Southern 5,0.000349771485755917,1570,0.2422655406514571,50
7,Onøy og Lurøy,2,2014,4858,4858,8857249,0,Nesøy,0.0003496216974693419,1571,0.2422655406514571,50
7,Onøy og Lurøy,2,2014,512,512,8L64915,4,Gjerøy,0.0003493141703959982,1572,0.2422655406514571,50
7,Onøy og Lurøy,2,2014,4163,4163,8309285,5,Hestmannøy,0.0003489843677547347,1573,0.2422655406514571,50
7,Onøy og Lurøy,2,2014,4949,4949,8887356,10,Aldra,0.00034842169154565306,1574,0.2422655406514571,50
7,Onøy og Lurøy,2,2014,3075,3075,8N73409,4,Gjerøy,0.0003477803143780228,1575,0.2422655406514571,50
7,Onøy og Lurøy,2,2014,1340,1340,8N05219,12,Southern 2,0.00034653604868228037,1576,0.2422655406514571,50
7,Onøy og Lurøy,2,2014,2801,2801,8N72332,4,Gjerøy,0.0003456861112706134,1577,0.2422655406514571,50
7,Onøy og Lurøy,2,2014,1656,1656,8N06371,5,Hestmannøy,0.00034478782554034555,1578,0.2422655406514571,50
7,Onøy og Lurøy,2,2014,2166,2166,8N14551,11,Southern 1,0.0003442472163378775,1579,0.2422655406514571,50
7,Onøy og Lurøy,2,2014,3925,3925,8N14342,15,Southern 5,0.0003440213159042312,1580,0.2422655406514571,50
7,Onøy og Lurøy,2,2014,3024,3024,8N73226,12,Southern 2,0.00034394375554098853,1581,0.2422655406514571,50
7,Onøy og Lurøy,2,2014,3473,3473,8N87530,11,Southern 1,0.0003430952318907246,1582,0.2422655406514571,50
7,Onøy og Lurøy,2,2014,1344,1344,8N05223,12,Southern 2,0.0003430217186074624,1583,0.2422655406514571,50
7,Onøy og Lurøy,2,2014,889,889,8M71152,13,Southern 3,0.0003427735445256241,1584,0.2422655406514571,50
7,Onøy og Lurøy,2,2014,894,894,8L64572,12,Southern 2,0.0003425704428042393,1585,0.2422655406514571,50
7,Onøy og Lurøy,2,2014,2089,2089,8N14176,6,Indre Kvarøy,0.0003425098292049604,1586,0.2422655406514571,50
7,Onøy og Lurøy,2,2014,3818,3818,8P11544,14,Southern 4,0.0003420825664257196,1587,0.2422655406514571,50
7,Onøy og Lurøy,2,2014,4275,4275,8681037,5,Hestmannøy,0.00034190607230191744,1588,0.2422655406514571,50
7,Onøy og Lurøy,2,2014,3186,3186,8N73612,14,Southern 4,0.00034160315287317435,1589,0.2422655406514571,50
7,Onøy og Lurøy,2,2014,4280,4280,8681044,5,Hestmannøy,0.0003409951839283343,1590,0.2422655406514571,50
7,Onøy og Lurøy,2,2014,664,664,8L89804,10,Aldra,0.00034072174047144283,1591,0.2422655406514571,50
7,Onøy og Lurøy,2,2014,2496,2496,8N27975,0,Nesøy,0.0003406921811515261,1592,0.2422655406514571,50
7,Onøy og Lurøy,2,2014,2500,2500,8N28002,2,Træna,0.00034058702485691497,1593,0.2422655406514571,50
7,Onøy og Lurøy,2,2014,2779,2779,8N42994,5,Hestmannøy,0.0003386149125702569,1594,0.2422655406514571,50
7,Onøy og Lurøy,2,2014,2223,2223,8N14609,13,Southern 3,0.00033807518603761887,1595,0.2422655406514571,50
7,Onøy og Lurøy,2,2014,312,312,8L52345,11,Southern 1,0.00033681725393777223,1596,0.2422655406514571,50
7,Onøy og Lurøy,2,2014,1829,1829,8N06892,11,Southern 1,0.000336304265217307,1597,0.2422655406514571,50
7,Onøy og Lurøy,2,2014,3728,3728,8N87949,13,Southern 3,0.0003341371179246247,1598,0.2422655406514571,50
7,Onøy og Lurøy,2,2014,214,214,8L48476,4,Gjerøy,0.00033391016993812236,1599,0.2422655406514571,50
7,Onøy og Lurøy,2,2014,4796,4796,8800614,5,Hestmannøy,0.00033354765117955197,1600,0.2422655406514571,50
7,Onøy og Lurøy,2,2014,646,646,8L89723,4,Gjerøy,0.0003328271077892424,1601,0.2422655406514571,50
7,Onøy og Lurøy,2,2014,368,368,8L52596,5,Hestmannøy,0.0003324168811645742,1602,0.2422655406514571,50
7,Onøy og Lurøy,2,2014,4008,4008,8P14900,14,Southern 4,0.00033240239626176774,1603,0.2422655406514571,50
7,Onøy og Lurøy,2,2014,3262,3262,8N73689,13,Southern 3,0.00033225890336202005,1604,0.2422655406514571,50
7,Onøy og Lurøy,2,2014,1701,1701,8N06497,12,Southern 2,0.00033104743385930255,1605,0.2422655406514571,50
7,Onøy og Lurøy,2,2014,3807,3807,8P11532,15,Southern 5,0.0003305651809152693,1606,0.2422655406514571,50
7,Onøy og Lurøy,2,2014,483,483,8M71158,13,Southern 3,0.00033042432447835115,1607,0.2422655406514571,50
7,Onøy og Lurøy,2,2014,4691,4691,8800025,5,Hestmannøy,0.00033006296249125765,1608,0.2422655406514571,50
7,Onøy og Lurøy,2,2014,1245,1245,8N05123,12,Southern 2,0.00033003209560556455,1609,0.2422655406514571,50
7,Onøy og Lurøy,2,2014,1358,1358,8N05237,13,Southern 3,0.00032995777067349076,1610,0.2422655406514571,50
7,Onøy og Lurøy,2,2014,3829,3829,8P11555,14,Southern 4,0.0003298644314101144,1611,0.2422655406514571,50
7,Onøy og Lurøy,2,2014,5224,5224,8939932,11,Southern 1,0.00032875649417387476,1612,0.2422655406514571,50
7,Onøy og Lurøy,2,2014,3157,3157,8N73509,5,Hestmannøy,0.0003284005118635977,1613,0.2422655406514571,50
7,Onøy og Lurøy,2,2014,2239,2239,8N14625,13,Southern 3,0.00032734939163363557,1614,0.2422655406514571,50
7,Onøy og Lurøy,2,2014,1045,1045,8M72021,3,Selvær,0.0003272408656840919,1615,0.2422655406514571,50
7,Onøy og Lurøy,2,2014,1668,1668,8N06464,12,Southern 2,0.00032631655068327486,1616,0.2422655406514571,50
7,Onøy og Lurøy,2,2014,5158,5158,8939419,3,Selvær,0.00032631649779590806,1617,0.2422655406514571,50
7,Onøy og Lurøy,2,2014,4535,4535,8747260,6,Indre Kvarøy,0.00032615821175981346,1618,0.2422655406514571,50
7,Onøy og Lurøy,2,2014,3554,3554,8N87617,15,Southern 5,0.00032381205383189,1619,0.2422655406514571,50
7,Onøy og Lurøy,2,2014,3107,3107,8N73458,11,Southern 1,0.0003229883468630687,1620,0.2422655406514571,50
7,Onøy og Lurøy,2,2014,1625,1625,8N05933,2,Træna,0.00032222740143001007,1621,0.2422655406514571,50
7,Onøy og Lurøy,2,2014,4495,4495,8732691,5,Hestmannøy,0.00032185635297279344,1622,0.2422655406514571,50
7,Onøy og Lurøy,2,2014,979,979,8M71451,13,Southern 3,0.0003211840601196225,1623,0.2422655406514571,50
7,Onøy og Lurøy,2,2014,2513,2513,8N28115,6,Indre Kvarøy,0.0003209904376975834,1624,0.2422655406514571,50
7,Onøy og Lurøy,2,2014,2478,2478,8N27905,6,Indre Kvarøy,0.00032045752421619114,1625,0.2422655406514571,50
7,Onøy og Lurøy,2,2014,1896,1896,8N13558,2,Træna,0.00032034909327996355,1626,0.2422655406514571,50
7,Onøy og Lurøy,2,2014,478,478,8M71167,13,Southern 3,0.0003201845302580435,1627,0.2422655406514571,50
7,Onøy og Lurøy,2,2014,2887,2887,8N72734,6,Indre Kvarøy,0.00031991693298441586,1628,0.2422655406514571,50
7,Onøy og Lurøy,2,2014,1069,1069,8M72326,3,Selvær,0.0003197029136193159,1629,0.2422655406514571,50
7,Onøy og Lurøy,2,2014,1255,1255,8N05133,12,Southern 2,0.0003196041527933133,1630,0.2422655406514571,50
7,Onøy og Lurøy,2,2014,2484,2484,8N27918,2,Træna,0.0003183002529883595,1631,0.2422655406514571,50
7,Onøy og Lurøy,2,2014,2807,2807,8N72354,6,Indre Kvarøy,0.0003181545061317388,1632,0.2422655406514571,50
7,Onøy og Lurøy,2,2014,1098,1098,8M72565,11,Southern 1,0.00031804438978097623,1633,0.2422655406514571,50
7,Onøy og Lurøy,2,2014,1091,1091,8M72539,11,Southern 1,0.000316583770834193,1634,0.2422655406514571,50
7,Onøy og Lurøy,2,2014,1401,1401,8N05281,13,Southern 3,0.00031633985412576025,1635,0.2422655406514571,50
7,Onøy og Lurøy,2,2014,3560,3560,8N87625,15,Southern 5,0.00031533041312284404,1636,0.2422655406514571,50
7,Onøy og Lurøy,2,2014,3537,3537,8N87595,11,Southern 1,0.00031527930690329484,1637,0.2422655406514571,50
7,Onøy og Lurøy,2,2014,983,983,8M71457,13,Southern 3,0.00031439947183040996,1638,0.2422655406514571,50
7,Onøy og Lurøy,2,2014,1565,1565,8N05716,6,Indre Kvarøy,0.000314229664504096,1639,0.2422655406514571,50
7,Onøy og Lurøy,2,2014,54,54,8L19986,6,Indre Kvarøy,0.00031348729116074795,1640,0.2422655406514571,50
7,Onøy og Lurøy,2,2014,1827,1827,8N06890,11,Southern 1,0.00031193127280505946,1641,0.2422655406514571,50
7,Onøy og Lurøy,2,2014,4807,4807,8816408,5,Hestmannøy,0.0003116888665105177,1642,0.2422655406514571,50
7,Onøy og Lurøy,2,2014,70,70,8L26587,5,Hestmannøy,0.00031161640393647,1643,0.2422655406514571,50
7,Onøy og Lurøy,2,2014,3740,3740,8N87961,13,Southern 3,0.00031130350373239247,1644,0.2422655406514571,50
7,Onøy og Lurøy,2,2014,2895,2895,8N72802,14,Southern 4,0.0003107870751157515,1645,0.2422655406514571,50
7,Onøy og Lurøy,2,2014,1015,1015,8M71587,1,Myken,0.000309197190068769,1646,0.2422655406514571,50
7,Onøy og Lurøy,2,2014,1395,1395,8N05275,13,Southern 3,0.00030897372076569803,1647,0.2422655406514571,50
7,Onøy og Lurøy,2,2014,3628,3628,8N87847,14,Southern 4,0.0003089222289790998,1648,0.2422655406514571,50
7,Onøy og Lurøy,2,2014,1094,1094,8M72545,11,Southern 1,0.00030873023674420904,1649,0.2422655406514571,50
7,Onøy og Lurøy,2,2014,3771,3771,8N88000,13,Southern 3,0.0003086264174563399,1650,0.2422655406514571,50
7,Onøy og Lurøy,2,2014,50,50,8L19969,5,Hestmannøy,0.0003071514207262557,1651,0.2422655406514571,50
7,Onøy og Lurøy,2,2014,157,157,8L30809,3,Selvær,0.0003070317086295717,1652,0.2422655406514571,50
7,Onøy og Lurøy,2,2014,1240,1240,8N05118,12,Southern 2,0.0003070200992431414,1653,0.2422655406514571,50
7,Onøy og Lurøy,2,2014,447,447,8L64178,9,Sleneset,0.0003069571372160613,1654,0.2422655406514571,50
7,Onøy og Lurøy,2,2014,2984,2984,8N73180,15,Southern 5,0.0003062159133350787,1655,0.2422655406514571,50
7,Onøy og Lurøy,2,2014,2618,2618,8N28848,5,Hestmannøy,0.00030576443245485305,1656,0.2422655406514571,50
7,Onøy og Lurøy,2,2014,401,401,8L57789,3,Selvær,0.0003043852211341837,1657,0.2422655406514571,50
7,Onøy og Lurøy,2,2014,3151,3151,8N73503,5,Hestmannøy,0.00030250582025352483,1658,0.2422655406514571,50
7,Onøy og Lurøy,2,2014,2295,2295,8N14683,13,Southern 3,0.0003016788817787259,1659,0.2422655406514571,50
7,Onøy og Lurøy,2,2014,2920,2920,8N72921,13,Southern 3,0.0003014968295743569,1660,0.2422655406514571,50
7,Onøy og Lurøy,2,2014,778,778,8M31622,4,Gjerøy,0.00030078099328198266,1661,0.2422655406514571,50
7,Onøy og Lurøy,2,2014,3514,3514,8N87571,11,Southern 1,0.0003007289315173322,1662,0.2422655406514571,50
7,Onøy og Lurøy,2,2014,1583,1583,8N05846,5,Hestmannøy,0.00030020289497922946,1663,0.2422655406514571,50
7,Onøy og Lurøy,2,2014,4726,4726,8800171,10,Aldra,0.00030014542041666956,1664,0.2422655406514571,50
7,Onøy og Lurøy,2,2014,4635,4635,8747760,5,Hestmannøy,0.00029991091185708834,1665,0.2422655406514571,50
7,Onøy og Lurøy,2,2014,4115,4115,8168650,5,Hestmannøy,0.0002993111223151385,1666,0.2422655406514571,50
7,Onøy og Lurøy,2,2014,442,442,8L64169,3,Selvær,0.0002988347448400204,1667,0.2422655406514571,50
7,Onøy og Lurøy,2,2014,1,1,8L19506,3,Selvær,0.0002984187626549869,1668,0.2422655406514571,50
7,Onøy og Lurøy,2,2014,5105,5105,8934875,3,Selvær,0.0002978307246221705,1669,0.2422655406514571,50
7,Onøy og Lurøy,2,2014,876,876,8M71097,5,Hestmannøy,0.00029730122089452563,1670,0.2422655406514571,50
7,Onøy og Lurøy,2,2014,3477,3477,8N87534,11,Southern 1,0.00029684118662531,1671,0.2422655406514571,50
7,Onøy og Lurøy,2,2014,433,433,8L64092,12,Southern 2,0.0002964193075961349,1672,0.2422655406514571,50
7,Onøy og Lurøy,2,2014,263,263,8L49910,5,Hestmannøy,0.00029608867049597446,1673,0.2422655406514571,50
7,Onøy og Lurøy,2,2014,1375,1375,8N05255,13,Southern 3,0.0002958557411594391,1674,0.2422655406514571,50
7,Onøy og Lurøy,2,2014,3936,3936,8P14574,2,Træna,0.0002953412978822094,1675,0.2422655406514571,50
7,Onøy og Lurøy,2,2014,692,692,8M31210,11,Southern 1,0.00029477988624366223,1676,0.2422655406514571,50
7,Onøy og Lurøy,2,2014,1796,1796,8N06856,11,Southern 1,0.00029475249849599927,1677,0.2422655406514571,50
7,Onøy og Lurøy,2,2014,2230,2230,8N14616,13,Southern 3,0.00029370289369745227,1678,0.2422655406514571,50
7,Onøy og Lurøy,2,2014,1698,1698,8N06494,12,Southern 2,0.0002934498092360792,1679,0.2422655406514571,50
7,Onøy og Lurøy,2,2014,2970,2970,8N73031,10,Aldra,0.00029312964557938215,1680,0.2422655406514571,50
7,Onøy og Lurøy,2,2014,244,244,8L48750,11,Southern 1,0.0002929271530001654,1681,0.2422655406514571,50
7,Onøy og Lurøy,2,2014,923,923,8M71289,5,Hestmannøy,0.00029256278754438334,1682,0.2422655406514571,50
7,Onøy og Lurøy,2,2014,1561,1561,8N05712,5,Hestmannøy,0.0002916149376856419,1683,0.2422655406514571,50
7,Onøy og Lurøy,2,2014,4853,4853,8857232,5,Hestmannøy,0.0002888472844641062,1684,0.2422655406514571,50
7,Onøy og Lurøy,2,2014,4452,4452,8732293,5,Hestmannøy,0.0002886558222388392,1685,0.2422655406514571,50
7,Onøy og Lurøy,2,2014,5242,5242,8943105,10,Aldra,0.00028829470552189896,1686,0.2422655406514571,50
7,Onøy og Lurøy,2,2014,446,446,8L64176,2,Træna,0.0002878783010885486,1687,0.2422655406514571,50
7,Onøy og Lurøy,2,2014,2676,2676,8N42424,14,Southern 4,0.00028779352732074084,1688,0.2422655406514571,50
7,Onøy og Lurøy,2,2014,2766,2766,8N42931,5,Hestmannøy,0.00028758363150600976,1689,0.2422655406514571,50
7,Onøy og Lurøy,2,2014,2837,2837,8N72575,4,Gjerøy,0.0002874074765256743,1690,0.2422655406514571,50
7,Onøy og Lurøy,2,2014,5238,5238,8943080,4,Gjerøy,0.0002866206205081568,1691,0.2422655406514571,50
7,Onøy og Lurøy,2,2014,3986,3986,8P14854,14,Southern 4,0.0002862299910386194,1692,0.2422655406514571,50
7,Onøy og Lurøy,2,2014,5333,5333,8981208,12,Southern 2,0.0002858618499422836,1693,0.2422655406514571,50
7,Onøy og Lurøy,2,2014,3137,3137,8N73489,12,Southern 2,0.00028542607777203027,1694,0.2422655406514571,50
7,Onøy og Lurøy,2,2014,2898,2898,8N72825,14,Southern 4,0.00028516959589011166,1695,0.2422655406514571,50
7,Onøy og Lurøy,2,2014,1632,1632,8N06011,2,Træna,0.0002845261519121333,1696,0.2422655406514571,50
7,Onøy og Lurøy,2,2014,2174,2174,8N14559,11,Southern 1,0.00028416726163446945,1697,0.2422655406514571,50
7,Onøy og Lurøy,2,2014,1329,1329,8N05208,12,Southern 2,0.0002835013479511631,1698,0.2422655406514571,50
7,Onøy og Lurøy,2,2014,4122,4122,8168693,6,Indre Kvarøy,0.00028268352268596346,1699,0.2422655406514571,50
7,Onøy og Lurøy,2,2014,4534,4534,8747259,6,Indre Kvarøy,0.0002823821363266381,1700,0.2422655406514571,50
7,Onøy og Lurøy,2,2014,2065,2065,8N14050,6,Indre Kvarøy,0.0002817275359493204,1701,0.2422655406514571,50
7,Onøy og Lurøy,2,2014,4426,4426,8730957,3,Selvær,0.0002816173620155146,1702,0.2422655406514571,50
7,Onøy og Lurøy,2,2014,2113,2113,8N14298,15,Southern 5,0.000281455905858954,1703,0.2422655406514571,50
7,Onøy og Lurøy,2,2014,913,913,8M71256,5,Hestmannøy,0.00028065980947041826,1704,0.2422655406514571,50
7,Onøy og Lurøy,2,2014,3429,3429,8N87258,8,Lovund,0.0002799977939212341,1705,0.2422655406514571,50
7,Onøy og Lurøy,2,2014,2269,2269,8N14657,13,Southern 3,0.0002790171019153893,1706,0.2422655406514571,50
7,Onøy og Lurøy,2,2014,2691,2691,8N42503,5,Hestmannøy,0.000278970206184254,1707,0.2422655406514571,50
7,Onøy og Lurøy,2,2014,3438,3438,8N87307,5,Hestmannøy,0.0002784354932369471,1708,0.2422655406514571,50
7,Onøy og Lurøy,2,2014,2265,2265,8N14653,13,Southern 3,0.00027745098428837584,1709,0.2422655406514571,50
7,Onøy og Lurøy,2,2014,4630,4630,8747744,9,Sleneset,0.00027721949636327437,1710,0.2422655406514571,50
7,Onøy og Lurøy,2,2014,5089,5089,8934531,1,Myken,0.0002764458982026562,1711,0.2422655406514571,50
7,Onøy og Lurøy,2,2014,2293,2293,8N14681,13,Southern 3,0.0002754640776736598,1712,0.2422655406514571,50
7,Onøy og Lurøy,2,2014,4766,4766,8800467,5,Hestmannøy,0.0002752401939908447,1713,0.2422655406514571,50
7,Onøy og Lurøy,2,2014,4116,4116,8168655,5,Hestmannøy,0.00027352539780263035,1714,0.2422655406514571,50
7,Onøy og Lurøy,2,2014,2602,2602,8N28791,15,Southern 5,0.0002730573163974096,1715,0.2422655406514571,50
7,Onøy og Lurøy,2,2014,542,542,8L89274,5,Hestmannøy,0.0002730149311746358,1716,0.2422655406514571,50
7,Onøy og Lurøy,2,2014,679,679,8M31035,3,Selvær,0.00027285718579217336,1717,0.2422655406514571,50
7,Onøy og Lurøy,2,2014,4353,4353,8681454,5,Hestmannøy,0.000272331409268317,1718,0.2422655406514571,50
7,Onøy og Lurøy,2,2014,420,420,8L57955,13,Southern 3,0.00027222630006926493,1719,0.2422655406514571,50
7,Onøy og Lurøy,2,2014,2885,2885,8N72721,0,Nesøy,0.00027201842293838056,1720,0.2422655406514571,50
7,Onøy og Lurøy,2,2014,3026,3026,8N73228,12,Southern 2,0.0002719286554452129,1721,0.2422655406514571,50
7,Onøy og Lurøy,2,2014,3505,3505,8N87562,11,Southern 1,0.00027162323512337766,1722,0.2422655406514571,50
7,Onøy og Lurøy,2,2014,4699,4699,8800045,5,Hestmannøy,0.0002714544606128783,1723,0.2422655406514571,50
7,Onøy og Lurøy,2,2014,898,898,8M71204,5,Hestmannøy,0.00027144911217658383,1724,0.2422655406514571,50
7,Onøy og Lurøy,2,2014,224,224,8L48598,2,Træna,0.00027079223903456016,1725,0.2422655406514571,50
7,Onøy og Lurøy,2,2014,2812,2812,8N72389,6,Indre Kvarøy,0.00027077171330774506,1726,0.2422655406514571,50
7,Onøy og Lurøy,2,2014,2416,2416,8N27339,4,Gjerøy,0.0002706947814117134,1727,0.2422655406514571,50
7,Onøy og Lurøy,2,2014,461,461,8L64278,5,Hestmannøy,0.0002706406475930479,1728,0.2422655406514571,50
7,Onøy og Lurøy,2,2014,3687,3687,8N87907,13,Southern 3,0.0002705614796235701,1729,0.2422655406514571,50
7,Onøy og Lurøy,2,2014,141,141,8L30765,12,Southern 2,0.0002704951214837656,1730,0.2422655406514571,50
7,Onøy og Lurøy,2,2014,1367,1367,8N05247,13,Southern 3,0.000270372248048854,1731,0.2422655406514571,50
7,Onøy og Lurøy,2,2014,3823,3823,8P11549,14,Southern 4,0.00026996907768186436,1732,0.2422655406514571,50
7,Onøy og Lurøy,2,2014,2469,2469,8N27881,5,Hestmannøy,0.0002696540876508529,1733,0.2422655406514571,50
7,Onøy og Lurøy,2,2014,678,678,8L89998,3,Selvær,0.0002695940054660065,1734,0.2422655406514571,50
7,Onøy og Lurøy,2,2014,2486,2486,8N27927,5,Hestmannøy,0.0002695855665853649,1735,0.2422655406514571,50
7,Onøy og Lurøy,2,2014,1888,1888,8N13440,2,Træna,0.00026937475564586593,1736,0.2422655406514571,50
7,Onøy og Lurøy,2,2014,4097,4097,8118432,4,Gjerøy,0.00026922162409307034,1737,0.2422655406514571,50
7,Onøy og Lurøy,2,2014,688,688,8M31165,2,Træna,0.000268936754961541,1738,0.2422655406514571,50
7,Onøy og Lurøy,2,2014,1294,1294,8N05172,14,Southern 4,0.0002686973786616954,1739,0.2422655406514571,50
7,Onøy og Lurøy,2,2014,488,488,8M71108,13,Southern 3,0.00026820425454599764,1740,0.2422655406514571,50
7,Onøy og Lurøy,2,2014,4397,4397,8730517,5,Hestmannøy,0.00026708512591670954,1741,0.2422655406514571,50
7,Onøy og Lurøy,2,2014,2963,2963,8N72986,2,Træna,0.0002666767678680716,1742,0.2422655406514571,50
7,Onøy og Lurøy,2,2014,4887,4887,8857780,6,Indre Kvarøy,0.00026570646944004494,1743,0.2422655406514571,50
7,Onøy og Lurøy,2,2014,879,879,8L64879,11,Southern 1,0.0002655081709794055,1744,0.2422655406514571,50
7,Onøy og Lurøy,2,2014,2732,2732,8N42707,4,Gjerøy,0.0002654200117167535,1745,0.2422655406514571,50
7,Onøy og Lurøy,2,2014,3520,3520,8N87577,11,Southern 1,0.00026467034017210825,1746,0.2422655406514571,50
7,Onøy og Lurøy,2,2014,3243,3243,8N73669,13,Southern 3,0.0002646472315438084,1747,0.2422655406514571,50
7,Onøy og Lurøy,2,2014,4919,4919,8887226,5,Hestmannøy,0.00026460566810386347,1748,0.2422655406514571,50
7,Onøy og Lurøy,2,2014,1233,1233,8N05111,12,Southern 2,0.00026403554017139755,1749,0.2422655406514571,50
7,Onøy og Lurøy,2,2014,4946,4946,8887346,5,Hestmannøy,0.00026403032586350047,1750,0.2422655406514571,50
7,Onøy og Lurøy,2,2014,4016,4016,8N14938,4,Gjerøy,0.0002639632090862843,1751,0.2422655406514571,50
7,Onøy og Lurøy,2,2014,763,763,8M31544,6,Indre Kvarøy,0.000263717042902053,1752,0.2422655406514571,50
7,Onøy og Lurøy,2,2014,3897,3897,8P14103,4,Gjerøy,0.00026339543810690203,1753,0.2422655406514571,50
7,Onøy og Lurøy,2,2014,4666,4666,8747976,5,Hestmannøy,0.00026305251698959935,1754,0.2422655406514571,50
7,Onøy og Lurøy,2,2014,4901,4901,8866790,5,Hestmannøy,0.0002622796301219013,1755,0.2422655406514571,50
7,Onøy og Lurøy,2,2014,3450,3450,8N87368,4,Gjerøy,0.00026208788870040194,1756,0.2422655406514571,50
7,Onøy og Lurøy,2,2014,1834,1834,8N06897,11,Southern 1,0.0002617585847354489,1757,0.2422655406514571,50
7,Onøy og Lurøy,2,2014,3518,3518,8N87575,11,Southern 1,0.00026114551370404844,1758,0.2422655406514571,50
7,Onøy og Lurøy,2,2014,1002,1002,8M71506,10,Aldra,0.00026064098778580576,1759,0.2422655406514571,50
7,Onøy og Lurøy,2,2014,4648,4648,8747866,8,Lovund,0.00026057699226420954,1760,0.2422655406514571,50
7,Onøy og Lurøy,2,2014,436,436,8L64127,12,Southern 2,0.00025980582330267424,1761,0.2422655406514571,50
7,Onøy og Lurøy,2,2014,638,638,8L89692,5,Hestmannøy,0.00025979701449449076,1762,0.2422655406514571,50
7,Onøy og Lurøy,2,2014,908,908,8M71238,6,Indre Kvarøy,0.00025952826101100244,1763,0.2422655406514571,50
7,Onøy og Lurøy,2,2014,4465,4465,8732591,2,Træna,0.0002593510254244948,1764,0.2422655406514571,50
7,Onøy og Lurøy,2,2014,3639,3639,8N87858,14,Southern 4,0.00025919477582224496,1765,0.2422655406514571,50
7,Onøy og Lurøy,2,2014,4956,4956,8887373,4,Gjerøy,0.0002590731377593895,1766,0.2422655406514571,50
7,Onøy og Lurøy,2,2014,5378,5378,8981601,10,Aldra,0.000258912608961786,1767,0.2422655406514571,50
7,Onøy og Lurøy,2,2014,4619,4619,8747720,5,Hestmannøy,0.00025795726027607967,1768,0.2422655406514571,50
7,Onøy og Lurøy,2,2014,2191,2191,8N14577,11,Southern 1,0.00025682630557617486,1769,0.2422655406514571,50
7,Onøy og Lurøy,2,2014,3035,3035,8N73237,12,Southern 2,0.0002564378709604805,1770,0.2422655406514571,50
7,Onøy og Lurøy,2,2014,3964,3964,8P14811,15,Southern 5,0.00025636669686216157,1771,0.2422655406514571,50
7,Onøy og Lurøy,2,2014,4494,4494,8732690,5,Hestmannøy,0.00025565939005212676,1772,0.2422655406514571,50
7,Onøy og Lurøy,2,2014,1236,1236,8N05114,14,Southern 4,0.0002555198436847433,1773,0.2422655406514571,50
7,Onøy og Lurøy,2,2014,2301,2301,8N14689,13,Southern 3,0.0002550903774115091,1774,0.2422655406514571,50
7,Onøy og Lurøy,2,2014,3745,3745,8N87966,13,Southern 3,0.0002539935115097054,1775,0.2422655406514571,50
7,Onøy og Lurøy,2,2014,5384,5384,8981609,5,Hestmannøy,0.0002524967266254835,1776,0.2422655406514571,50
7,Onøy og Lurøy,2,2014,1146,1146,8M72697,14,Southern 4,0.0002520733925525594,1777,0.2422655406514571,50
7,Onøy og Lurøy,2,2014,3433,3433,8N87270,8,Lovund,0.0002517720844448634,1778,0.2422655406514571,50
7,Onøy og Lurøy,2,2014,4659,4659,8747936,4,Gjerøy,0.00025168802242842237,1779,0.2422655406514571,50
7,Onøy og Lurøy,2,2014,4459,4459,8732511,2,Træna,0.0002512221293509779,1780,0.2422655406514571,50
7,Onøy og Lurøy,2,2014,4433,4433,8730979,6,Indre Kvarøy,0.00025118745071843295,1781,0.2422655406514571,50
7,Onøy og Lurøy,2,2014,314,314,8L52349,11,Southern 1,0.000250327488208198,1782,0.2422655406514571,50
7,Onøy og Lurøy,2,2014,2064,2064,8N14041,4,Gjerøy,0.00025018512229794346,1783,0.2422655406514571,50
7,Onøy og Lurøy,2,2014,5410,5410,8981806,5,Hestmannøy,0.00025003146904900336,1784,0.2422655406514571,50
7,Onøy og Lurøy,2,2014,583,583,8L89434,5,Hestmannøy,0.00024972815425200896,1785,0.2422655406514571,50
7,Onøy og Lurøy,2,2014,2585,2585,8N28761,4,Gjerøy,0.00024891100566168536,1786,0.2422655406514571,50
7,Onøy og Lurøy,2,2014,4100,4100,8168602,10,Aldra,0.00024871634275868516,1787,0.2422655406514571,50
7,Onøy og Lurøy,2,2014,981,981,8M71453,13,Southern 3,0.00024869348136711725,1788,0.2422655406514571,50
7,Onøy og Lurøy,2,2014,1912,1912,8N13613,14,Southern 4,0.00024859547940747265,1789,0.2422655406514571,50
7,Onøy og Lurøy,2,2014,1482,1482,8N05620,14,Southern 4,0.00024842794685512004,1790,0.2422655406514571,50
7,Onøy og Lurøy,2,2014,4620,4620,8747722,5,Hestmannøy,0.00024792935973928825,1791,0.2422655406514571,50
7,Onøy og Lurøy,2,2014,4587,4587,8747564,5,Hestmannøy,0.00024786790124328473,1792,0.2422655406514571,50
7,Onøy og Lurøy,2,2014,3929,3929,8P14402,1,Myken,0.00024745320339561867,1793,0.2422655406514571,50
7,Onøy og Lurøy,2,2014,2858,2858,8N72677,11,Southern 1,0.00024688344621190015,1794,0.2422655406514571,50
7,Onøy og Lurøy,2,2014,4670,4670,8794302,5,Hestmannøy,0.0002464245977448588,1795,0.2422655406514571,50
7,Onøy og Lurøy,2,2014,1662,1662,8N06435,2,Træna,0.00024576501046038576,1796,0.2422655406514571,50
7,Onøy og Lurøy,2,2014,264,264,8L49930,1,Myken,0.0002444375253145842,1797,0.2422655406514571,50
7,Onøy og Lurøy,2,2014,845,845,8M31928,5,Hestmannøy,0.00024424044373897347,1798,0.2422655406514571,50
7,Onøy og Lurøy,2,2014,4118,4118,8168660,1,Myken,0.0002440914401757087,1799,0.2422655406514571,50
7,Onøy og Lurøy,2,2014,4676,4676,8794325,9,Sleneset,0.00024368828711104158,1800,0.2422655406514571,50
7,Onøy og Lurøy,2,2014,5152,5152,8939353,5,Hestmannøy,0.0002433109740934026,1801,0.2422655406514571,50
7,Onøy og Lurøy,2,2014,3036,3036,8N73238,12,Southern 2,0.00024272848449176292,1802,0.2422655406514571,50
7,Onøy og Lurøy,2,2014,1157,1157,8M72749,1,Myken,0.0002424264746264024,1803,0.2422655406514571,50
7,Onøy og Lurøy,2,2014,1764,1764,8N06824,11,Southern 1,0.00024194407218587063,1804,0.2422655406514571,50
7,Onøy og Lurøy,2,2014,4111,4111,8168642,5,Hestmannøy,0.0002418387138079253,1805,0.2422655406514571,50
7,Onøy og Lurøy,2,2014,1848,1848,8N06944,4,Gjerøy,0.00024181045362938331,1806,0.2422655406514571,50
7,Onøy og Lurøy,2,2014,1337,1337,8N05216,12,Southern 2,0.00024176138177902387,1807,0.2422655406514571,50
7,Onøy og Lurøy,2,2014,3981,3981,8P14849,14,Southern 4,0.00024173955640883983,1808,0.2422655406514571,50
7,Onøy og Lurøy,2,2014,3564,3564,8N87629,15,Southern 5,0.0002403893263974613,1809,0.2422655406514571,50
7,Onøy og Lurøy,2,2014,4933,4933,8887279,5,Hestmannøy,0.00024019309843466632,1810,0.2422655406514571,50
7,Onøy og Lurøy,2,2014,2584,2584,8N28756,5,Hestmannøy,0.00023973096966275044,1811,0.2422655406514571,50
7,Onøy og Lurøy,2,2014,4462,4462,8732541,8,Lovund,0.0002395375149292482,1812,0.2422655406514571,50
7,Onøy og Lurøy,2,2014,860,860,8M31993,1,Myken,0.00023929888578659784,1813,0.2422655406514571,50
7,Onøy og Lurøy,2,2014,230,230,8L48611,0,Nesøy,0.00023902271959918417,1814,0.2422655406514571,50
7,Onøy og Lurøy,2,2014,631,631,8L89663,4,Gjerøy,0.0002388957302455981,1815,0.2422655406514571,50
7,Onøy og Lurøy,2,2014,4537,4537,8747223,5,Hestmannøy,0.00023843631832083602,1816,0.2422655406514571,50
7,Onøy og Lurøy,2,2014,4913,4913,8887205,4,Gjerøy,0.00023782271797981316,1817,0.2422655406514571,50
7,Onøy og Lurøy,2,2014,3160,3160,8N73521,5,Hestmannøy,0.00023738328438734386,1818,0.2422655406514571,50
7,Onøy og Lurøy,2,2014,5140,5140,8939175,0,Nesøy,0.00023718583356907786,1819,0.2422655406514571,50
7,Onøy og Lurøy,2,2014,3744,3744,8N87965,13,Southern 3,0.0002363331802238744,1820,0.2422655406514571,50
7,Onøy og Lurøy,2,2014,2613,2613,8N28818,5,Hestmannøy,0.00023622508261517182,1821,0.2422655406514571,50
7,Onøy og Lurøy,2,2014,3154,3154,8N73506,5,Hestmannøy,0.00023559383150685445,1822,0.2422655406514571,50
7,Onøy og Lurøy,2,2014,3088,3088,8N73439,11,Southern 1,0.0002352652802958187,1823,0.2422655406514571,50
7,Onøy og Lurøy,2,2014,842,842,8M31925,5,Hestmannøy,0.00023495401538681042,1824,0.2422655406514571,50
7,Onøy og Lurøy,2,2014,2662,2662,8N42259,5,Hestmannøy,0.00023492442586919659,1825,0.2422655406514571,50
7,Onøy og Lurøy,2,2014,4911,4911,8887134,9,Sleneset,0.00023414492404961345,1826,0.2422655406514571,50
7,Onøy og Lurøy,2,2014,1327,1327,8N05206,12,Southern 2,0.00023409059335739501,1827,0.2422655406514571,50
7,Onøy og Lurøy,2,2014,936,936,8M71306,6,Indre Kvarøy,0.00023376627928729305,1828,0.2422655406514571,50
7,Onøy og Lurøy,2,2014,3421,3421,8N87241,5,Hestmannøy,0.00023359628918804857,1829,0.2422655406514571,50
7,Onøy og Lurøy,2,2014,346,346,8L52398,12,Southern 2,0.00023319655694352032,1830,0.2422655406514571,50
7,Onøy og Lurøy,2,2014,2678,2678,8N42438,14,Southern 4,0.0002329598190386826,1831,0.2422655406514571,50
7,Onøy og Lurøy,2,2014,1858,1858,8N05698,15,Southern 5,0.000232362235605823,1832,0.2422655406514571,50
7,Onøy og Lurøy,2,2014,1768,1768,8N06828,11,Southern 1,0.00023114865891428956,1833,0.2422655406514571,50
7,Onøy og Lurøy,2,2014,3318,3318,8N73929,11,Southern 1,0.00023114355587542976,1834,0.2422655406514571,50
7,Onøy og Lurøy,2,2014,1946,1946,8N13646,14,Southern 4,0.00023049349120013454,1835,0.2422655406514571,50
7,Onøy og Lurøy,2,2014,1940,1940,8N13640,14,Southern 4,0.00023023238330136846,1836,0.2422655406514571,50
7,Onøy og Lurøy,2,2014,182,182,8L48312,5,Hestmannøy,0.00022955661409083017,1837,0.2422655406514571,50
7,Onøy og Lurøy,2,2014,769,769,8M31552,6,Indre Kvarøy,0.00022887990129096675,1838,0.2422655406514571,50
7,Onøy og Lurøy,2,2014,2133,2133,8N14517,11,Southern 1,0.00022806056817173227,1839,0.2422655406514571,50
7,Onøy og Lurøy,2,2014,4034,4034,8P14970,14,Southern 4,0.00022802709406183957,1840,0.2422655406514571,50
7,Onøy og Lurøy,2,2014,726,726,8M31334,5,Hestmannøy,0.00022802055364277028,1841,0.2422655406514571,50
7,Onøy og Lurøy,2,2014,4511,4511,8747104,5,Hestmannøy,0.0002274593357762279,1842,0.2422655406514571,50
7,Onøy og Lurøy,2,2014,252,252,8L48763,11,Southern 1,0.000226949139627795,1843,0.2422655406514571,50
7,Onøy og Lurøy,2,2014,305,305,8L52334,12,Southern 2,0.00022672913987784634,1844,0.2422655406514571,50
7,Onøy og Lurøy,2,2014,1776,1776,8N06836,11,Southern 1,0.00022663484489776313,1845,0.2422655406514571,50
7,Onøy og Lurøy,2,2014,165,165,8L30859,9,Sleneset,0.00022629377803195058,1846,0.2422655406514571,50
7,Onøy og Lurøy,2,2014,283,283,8L52224,3,Selvær,0.00022612806621955848,1847,0.2422655406514571,50
7,Onøy og Lurøy,2,2014,1754,1754,8N06782,4,Gjerøy,0.0002258453209342045,1848,0.2422655406514571,50
7,Onøy og Lurøy,2,2014,2600,2600,8N28789,15,Southern 5,0.00022482783909942946,1849,0.2422655406514571,50
7,Onøy og Lurøy,2,2014,494,494,8L64825,2,Træna,0.00022380262243181727,1850,0.2422655406514571,50
7,Onøy og Lurøy,2,2014,562,562,8L89366,5,Hestmannøy,0.0002236414278036068,1851,0.2422655406514571,50
7,Onøy og Lurøy,2,2014,2079,2079,8N14127,0,Nesøy,0.0002229442900145486,1852,0.2422655406514571,50
7,Onøy og Lurøy,2,2014,5119,5119,8939085,5,Hestmannøy,0.00022192625186478627,1853,0.2422655406514571,50
7,Onøy og Lurøy,2,2014,4021,4021,8P14956,14,Southern 4,0.00022187474009080933,1854,0.2422655406514571,50
7,Onøy og Lurøy,2,2014,4066,4066,8P26193,5,Hestmannøy,0.00022100558902878932,1855,0.2422655406514571,50
7,Onøy og Lurøy,2,2014,2607,2607,8N28799,1,Myken,0.00022056031190128,1856,0.2422655406514571,50
7,Onøy og Lurøy,2,2014,2436,2436,8N27472,2,Træna,0.0002204478339950268,1857,0.2422655406514571,50
7,Onøy og Lurøy,2,2014,4086,4086,8P26560,8,Lovund,0.00022000762047816967,1858,0.2422655406514571,50
7,Onøy og Lurøy,2,2014,2392,2392,8N27198,14,Southern 4,0.00021993216739609356,1859,0.2422655406514571,50
7,Onøy og Lurøy,2,2014,732,732,8M31360,5,Hestmannøy,0.0002194417944882293,1860,0.2422655406514571,50
7,Onøy og Lurøy,2,2014,640,640,8L89709,4,Gjerøy,0.00021858173971804653,1861,0.2422655406514571,50
7,Onøy og Lurøy,2,2014,2733,2733,8N42708,4,Gjerøy,0.0002181303593072415,1862,0.2422655406514571,50
7,Onøy og Lurøy,2,2014,3053,3053,8N73304,15,Southern 5,0.00021788363230637687,1863,0.2422655406514571,50
7,Onøy og Lurøy,2,2014,3761,3761,8N87982,13,Southern 3,0.00021786901682445563,1864,0.2422655406514571,50
7,Onøy og Lurøy,2,2014,1816,1816,8N06876,11,Southern 1,0.00021775259088445965,1865,0.2422655406514571,50
7,Onøy og Lurøy,2,2014,3215,3215,8N73641,13,Southern 3,0.00021759623011022042,1866,0.2422655406514571,50
7,Onøy og Lurøy,2,2014,5135,5135,8939157,5,Hestmannøy,0.00021730985787385233,1867,0.2422655406514571,50
7,Onøy og Lurøy,2,2014,5346,5346,8981272,5,Hestmannøy,0.00021728393663080598,1868,0.2422655406514571,50
7,Onøy og Lurøy,2,2014,3224,3224,8N73650,13,Southern 3,0.00021708040974288752,1869,0.2422655406514571,50
7,Onøy og Lurøy,2,2014,1494,1494,8N05639,14,Southern 4,0.00021705304308290867,1870,0.2422655406514571,50
7,Onøy og Lurøy,2,2014,123,123,8L30696,12,Southern 2,0.00021701169025044876,1871,0.2422655406514571,50
7,Onøy og Lurøy,2,2014,1854,1854,8N13073,14,Southern 4,0.00021624954514368335,1872,0.2422655406514571,50
7,Onøy og Lurøy,2,2014,3219,3219,8N73645,13,Southern 3,0.0002160454075870316,1873,0.2422655406514571,50
7,Onøy og Lurøy,2,2014,4381,4381,8730453,5,Hestmannøy,0.00021534137803270868,1874,0.2422655406514571,50
7,Onøy og Lurøy,2,2014,105,105,8L30468,12,Southern 2,0.00021501655013377236,1875,0.2422655406514571,50
7,Onøy og Lurøy,2,2014,1460,1460,8N05576,2,Træna,0.00021491594393180662,1876,0.2422655406514571,50
7,Onøy og Lurøy,2,2014,3638,3638,8N87857,14,Southern 4,0.0002147856982638508,1877,0.2422655406514571,50
7,Onøy og Lurøy,2,2014,4443,4443,8732249,5,Hestmannøy,0.0002144585044786272,1878,0.2422655406514571,50
7,Onøy og Lurøy,2,2014,4049,4049,8P14983,14,Southern 4,0.00021391689565803917,1879,0.2422655406514571,50
7,Onøy og Lurøy,2,2014,2000,2000,8N13706,6,Indre Kvarøy,0.00021345728477163516,1880,0.2422655406514571,50
7,Onøy og Lurøy,2,2014,3428,3428,8N87255,8,Lovund,0.0002127534473097166,1881,0.2422655406514571,50
7,Onøy og Lurøy,2,2014,4156,4156,8309266,5,Hestmannøy,0.00021260286045768733,1882,0.2422655406514571,50
7,Onøy og Lurøy,2,2014,2252,2252,8N14639,13,Southern 3,0.000212354985902512,1883,0.2422655406514571,50
7,Onøy og Lurøy,2,2014,4095,4095,8118429,6,Indre Kvarøy,0.00021110936326281096,1884,0.2422655406514571,50
7,Onøy og Lurøy,2,2014,1920,1920,8N13618,14,Southern 4,0.00021030147205185055,1885,0.2422655406514571,50
7,Onøy og Lurøy,2,2014,3324,3324,8N73935,12,Southern 2,0.0002101186086785968,1886,0.2422655406514571,50
7,Onøy og Lurøy,2,2014,3381,3381,8N73992,12,Southern 2,0.00020966604984817432,1887,0.2422655406514571,50
7,Onøy og Lurøy,2,2014,3264,3264,8N73691,13,Southern 3,0.00020960527282500377,1888,0.2422655406514571,50
7,Onøy og Lurøy,2,2014,1335,1335,8N05214,12,Southern 2,0.00020871126562221182,1889,0.2422655406514571,50
7,Onøy og Lurøy,2,2014,1399,1399,8N05279,13,Southern 3,0.0002085731405879957,1890,0.2422655406514571,50
7,Onøy og Lurøy,2,2014,470,470,8L64373,2,Træna,0.00020755876589566833,1891,0.2422655406514571,50
7,Onøy og Lurøy,2,2014,3263,3263,8N73690,13,Southern 3,0.00020742806741909335,1892,0.2422655406514571,50
7,Onøy og Lurøy,2,2014,3548,3548,8N87611,15,Southern 5,0.00020502777017677401,1893,0.2422655406514571,50
7,Onøy og Lurøy,2,2014,1859,1859,8N13098,14,Southern 4,0.00020410818250118673,1894,0.2422655406514571,50
7,Onøy og Lurøy,2,2014,2877,2877,8N72696,11,Southern 1,0.00020379384110953076,1895,0.2422655406514571,50
7,Onøy og Lurøy,2,2014,4785,4785,8800538,5,Hestmannøy,0.00020276123132394194,1896,0.2422655406514571,50
7,Onøy og Lurøy,2,2014,996,996,8M71494,13,Southern 3,0.00020189237889755394,1897,0.2422655406514571,50
7,Onøy og Lurøy,2,2014,2159,2159,8N14543,11,Southern 1,0.00020101996614100732,1898,0.2422655406514571,50
7,Onøy og Lurøy,2,2014,1778,1778,8N06838,11,Southern 1,0.00020018917212196116,1899,0.2422655406514571,50
7,Onøy og Lurøy,2,2014,3551,3551,8N87614,15,Southern 5,0.00020017318653842256,1900,0.2422655406514571,50
7,Onøy og Lurøy,2,2014,3,3,8L19549,8,Lovund,0.0001998774339733625,1901,0.2422655406514571,50
7,Onøy og Lurøy,2,2014,4146,4146,8309195,4,Gjerøy,0.00019934163173708413,1902,0.2422655406514571,50
7,Onøy og Lurøy,2,2014,5114,5114,8939034,5,Hestmannøy,0.000198626998170302,1903,0.2422655406514571,50
7,Onøy og Lurøy,2,2014,1645,1645,8N06295,9,Sleneset,0.00019810193846791528,1904,0.2422655406514571,50
7,Onøy og Lurøy,2,2014,5084,5084,8934514,2,Træna,0.00019790475354893977,1905,0.2422655406514571,50
7,Onøy og Lurøy,2,2014,2354,2354,8N27066,14,Southern 4,0.00019786533738926974,1906,0.2422655406514571,50
7,Onøy og Lurøy,2,2014,2639,2639,8N42051,2,Træna,0.00019728444748533423,1907,0.2422655406514571,50
7,Onøy og Lurøy,2,2014,4899,4899,8866786,5,Hestmannøy,0.0001946612958967814,1908,0.2422655406514571,50
7,Onøy og Lurøy,2,2014,5257,5257,8943339,11,Southern 1,0.00019458235781385933,1909,0.2422655406514571,50
7,Onøy og Lurøy,2,2014,2978,2978,8N73084,6,Indre Kvarøy,0.00019429839512283818,1910,0.2422655406514571,50
7,Onøy og Lurøy,2,2014,2153,2153,8N14537,11,Southern 1,0.00019422443280559475,1911,0.2422655406514571,50
7,Onøy og Lurøy,2,2014,4566,4566,8747487,9,Sleneset,0.0001938773773000868,1912,0.2422655406514571,50
7,Onøy og Lurøy,2,2014,1738,1738,8N06691,14,Southern 4,0.00019299603808614312,1913,0.2422655406514571,50
7,Onøy og Lurøy,2,2014,3601,3601,8N87818,14,Southern 4,0.00019240566604400045,1914,0.2422655406514571,50
7,Onøy og Lurøy,2,2014,4140,4140,8309171,5,Hestmannøy,0.0001919754800956718,1915,0.2422655406514571,50
7,Onøy og Lurøy,2,2014,1092,1092,8M72540,11,Southern 1,0.00019164818902096643,1916,0.2422655406514571,50
7,Onøy og Lurøy,2,2014,1514,1514,8N05659,13,Southern 3,0.0001913930922899798,1917,0.2422655406514571,50
7,Onøy og Lurøy,2,2014,826,826,8M31839,1,Myken,0.00019128689989638786,1918,0.2422655406514571,50
7,Onøy og Lurøy,2,2014,903,903,8M71212,5,Hestmannøy,0.00019090230980566128,1919,0.2422655406514571,50
7,Onøy og Lurøy,2,2014,2221,2221,8N14607,13,Southern 3,0.0001906657517189322,1920,0.2422655406514571,50
7,Onøy og Lurøy,2,2014,4737,4737,8800314,5,Hestmannøy,0.00019009575956661554,1921,0.2422655406514571,50
7,Onøy og Lurøy,2,2014,5214,5214,8939860,8,Lovund,0.00018984242306746793,1922,0.2422655406514571,50
7,Onøy og Lurøy,2,2014,5419,5419,8981858,5,Hestmannøy,0.00018977134857009207,1923,0.2422655406514571,50
7,Onøy og Lurøy,2,2014,2179,2179,8N14565,11,Southern 1,0.0001892082798242306,1924,0.2422655406514571,50
7,Onøy og Lurøy,2,2014,2927,2927,8N72929,13,Southern 3,0.0001891510273724867,1925,0.2422655406514571,50
7,Onøy og Lurøy,2,2014,839,839,8M31922,5,Hestmannøy,0.00018862982494680328,1926,0.2422655406514571,50
7,Onøy og Lurøy,2,2014,5437,5437,8L49911,4,Gjerøy,0.00018862489268678634,1927,0.2422655406514571,50
7,Onøy og Lurøy,2,2014,5169,5169,8939533,0,Nesøy,0.00018763929943909277,1928,0.2422655406514571,50
7,Onøy og Lurøy,2,2014,3117,3117,8N73468,11,Southern 1,0.00018703955537945904,1929,0.2422655406514571,50
7,Onøy og Lurøy,2,2014,3158,3158,8N73510,5,Hestmannøy,0.00018684446120147914,1930,0.2422655406514571,50
7,Onøy og Lurøy,2,2014,411,411,8L57880,5,Hestmannøy,0.00018627903189202558,1931,0.2422655406514571,50
7,Onøy og Lurøy,2,2014,4730,4730,8800179,6,Indre Kvarøy,0.00018600016615728695,1932,0.2422655406514571,50
7,Onøy og Lurøy,2,2014,3903,3903,8P14190,5,Hestmannøy,0.00018573174636122116,1933,0.2422655406514571,50
7,Onøy og Lurøy,2,2014,5055,5055,8934364,5,Hestmannøy,0.0001844585520153209,1934,0.2422655406514571,50
7,Onøy og Lurøy,2,2014,3081,3081,8N73432,11,Southern 1,0.00018406005331554753,1935,0.2422655406514571,50
7,Onøy og Lurøy,2,2014,1208,1208,8M72990,4,Gjerøy,0.00018400995487660713,1936,0.2422655406514571,50
7,Onøy og Lurøy,2,2014,361,361,8L52535,5,Hestmannøy,0.00018379434818174785,1937,0.2422655406514571,50
7,Onøy og Lurøy,2,2014,5149,5149,8939293,12,Southern 2,0.00018371819875798333,1938,0.2422655406514571,50
7,Onøy og Lurøy,2,2014,5426,5426,8981923,2,Træna,0.00018306365732395372,1939,0.2422655406514571,50
7,Onøy og Lurøy,2,2014,4988,4988,8904661,2,Træna,0.00018289811589618406,1940,0.2422655406514571,50
7,Onøy og Lurøy,2,2014,2604,2604,8N28793,15,Southern 5,0.0001827292123266431,1941,0.2422655406514571,50
7,Onøy og Lurøy,2,2014,3245,3245,8N73671,13,Southern 3,0.00018260003370943544,1942,0.2422655406514571,50
7,Onøy og Lurøy,2,2014,2615,2615,8N28833,5,Hestmannøy,0.00018237996144055614,1943,0.2422655406514571,50
7,Onøy og Lurøy,2,2014,5167,5167,8939519,4,Gjerøy,0.00018018071581055742,1944,0.2422655406514571,50
7,Onøy og Lurøy,2,2014,4107,4107,8168635,5,Hestmannøy,0.00017927518457211612,1945,0.2422655406514571,50
7,Onøy og Lurøy,2,2014,1060,1060,8M72259,3,Selvær,0.00017881487348470366,1946,0.2422655406514571,50
7,Onøy og Lurøy,2,2014,155,155,8L30784,5,Hestmannøy,0.00017840353727113393,1947,0.2422655406514571,50
7,Onøy og Lurøy,2,2014,2609,2609,8N28809,6,Indre Kvarøy,0.00017839251337065933,1948,0.2422655406514571,50
7,Onøy og Lurøy,2,2014,2350,2350,8N27054,14,Southern 4,0.00017812424192711256,1949,0.2422655406514571,50
7,Onøy og Lurøy,2,2014,363,363,8L52551,4,Gjerøy,0.0001778609892335805,1950,0.2422655406514571,50
7,Onøy og Lurøy,2,2014,2932,2932,8N72934,13,Southern 3,0.00017677129588106438,1951,0.2422655406514571,50
7,Onøy og Lurøy,2,2014,4411,4411,8730564,3,Selvær,0.00017654130005566307,1952,0.2422655406514571,50
7,Onøy og Lurøy,2,2014,4944,4944,8887344,5,Hestmannøy,0.00017652761416265826,1953,0.2422655406514571,50
7,Onøy og Lurøy,2,2014,1158,1158,8M72752,1,Myken,0.00017599518884554708,1954,0.2422655406514571,50
7,Onøy og Lurøy,2,2014,2498,2498,8N27983,6,Indre Kvarøy,0.00017508672955879204,1955,0.2422655406514571,50
7,Onøy og Lurøy,2,2014,4305,4305,8681132,5,Hestmannøy,0.0001748681566349647,1956,0.2422655406514571,50
7,Onøy og Lurøy,2,2014,4856,4856,8857243,5,Hestmannøy,0.00017454485993853157,1957,0.2422655406514571,50
7,Onøy og Lurøy,2,2014,2458,2458,8N27830,6,Indre Kvarøy,0.00017424094579577193,1958,0.2422655406514571,50
7,Onøy og Lurøy,2,2014,3769,3769,8N87995,3,Selvær,0.00017421785863692426,1959,0.2422655406514571,50
7,Onøy og Lurøy,2,2014,1143,1143,8M72693,14,Southern 4,0.00017335908494780762,1960,0.2422655406514571,50
7,Onøy og Lurøy,2,2014,612,612,8M31766,11,Southern 1,0.00017235212733580286,1961,0.2422655406514571,50
7,Onøy og Lurøy,2,2014,2499,2499,8N28001,2,Træna,0.00017224425965874906,1962,0.2422655406514571,50
7,Onøy og Lurøy,2,2014,2101,2101,8N14286,15,Southern 5,0.00017220297857054669,1963,0.2422655406514571,50
7,Onøy og Lurøy,2,2014,2791,2791,8N72130,9,Sleneset,0.00017219221384125378,1964,0.2422655406514571,50
7,Onøy og Lurøy,2,2014,323,323,8L52362,11,Southern 1,0.0001721011469512742,1965,0.2422655406514571,50
7,Onøy og Lurøy,2,2014,2296,2296,8N14684,13,Southern 3,0.000171141150285382,1966,0.2422655406514571,50
7,Onøy og Lurøy,2,2014,3592,3592,8N87809,14,Southern 4,0.00017092420727949848,1967,0.2422655406514571,50
7,Onøy og Lurøy,2,2014,10,10,8L19596,2,Træna,0.00017067504555624475,1968,0.2422655406514571,50
7,Onøy og Lurøy,2,2014,5196,5196,8939705,6,Indre Kvarøy,0.00017039862774608742,1969,0.2422655406514571,50
7,Onøy og Lurøy,2,2014,802,802,8M31769,11,Southern 1,0.00017038722420993006,1970,0.2422655406514571,50
7,Onøy og Lurøy,2,2014,2412,2412,8N27325,4,Gjerøy,0.00017024882040803276,1971,0.2422655406514571,50
7,Onøy og Lurøy,2,2014,1628,1628,8N05946,3,Selvær,0.00017015733097394133,1972,0.2422655406514571,50
7,Onøy og Lurøy,2,2014,3987,3987,8P14855,14,Southern 4,0.00016996566267448533,1973,0.2422655406514571,50
7,Onøy og Lurøy,2,2014,1020,1020,8M71700,3,Selvær,0.000169905187385794,1974,0.2422655406514571,50
7,Onøy og Lurøy,2,2014,120,120,8L30641,11,Southern 1,0.00016956715054280855,1975,0.2422655406514571,50
7,Onøy og Lurøy,2,2014,4727,4727,8800175,6,Indre Kvarøy,0.00016956704465887287,1976,0.2422655406514571,50
7,Onøy og Lurøy,2,2014,1506,1506,8N05651,11,Southern 1,0.000168876177215937,1977,0.2422655406514571,50
7,Onøy og Lurøy,2,2014,4823,4823,8816919,6,Indre Kvarøy,0.00016883712432184402,1978,0.2422655406514571,50
7,Onøy og Lurøy,2,2014,3691,3691,8N87911,13,Southern 3,0.00016832547421639075,1979,0.2422655406514571,50
7,Onøy og Lurøy,2,2014,4962,4962,8887411,6,Indre Kvarøy,0.00016822326633000962,1980,0.2422655406514571,50
7,Onøy og Lurøy,2,2014,5018,5018,8934046,9,Sleneset,0.0001674579408650548,1981,0.2422655406514571,50
7,Onøy og Lurøy,2,2014,1902,1902,8N13119,14,Southern 4,0.00016717392343670268,1982,0.2422655406514571,50
7,Onøy og Lurøy,2,2014,1837,1837,8N06900,11,Southern 1,0.00016703958336998357,1983,0.2422655406514571,50
7,Onøy og Lurøy,2,2014,2986,2986,8N73182,15,Southern 5,0.00016676229895881147,1984,0.2422655406514571,50
7,Onøy og Lurøy,2,2014,1172,1172,8M72864,4,Gjerøy,0.00016635374011928834,1985,0.2422655406514571,50
7,Onøy og Lurøy,2,2014,4306,4306,8681135,1,Myken,0.00016616645509377374,1986,0.2422655406514571,50
7,Onøy og Lurøy,2,2014,597,597,8L89509,5,Hestmannøy,0.00016596901882414973,1987,0.2422655406514571,50
7,Onøy og Lurøy,2,2014,3940,3940,8P14620,3,Selvær,0.00016533085532828844,1988,0.2422655406514571,50
7,Onøy og Lurøy,2,2014,1725,1725,8N06678,14,Southern 4,0.00016504914685814133,1989,0.2422655406514571,50
7,Onøy og Lurøy,2,2014,4501,4501,8747010,8,Lovund,0.00016445385350590696,1990,0.2422655406514571,50
7,Onøy og Lurøy,2,2014,2783,2783,8N72040,3,Selvær,0.000164246345934411,1991,0.2422655406514571,50
7,Onøy og Lurøy,2,2014,4846,4846,8857208,4,Gjerøy,0.0001639391225729965,1992,0.2422655406514571,50
7,Onøy og Lurøy,2,2014,2597,2597,8N28786,15,Southern 5,0.00016377762988856678,1993,0.2422655406514571,50
7,Onøy og Lurøy,2,2014,2934,2934,8N72936,13,Southern 3,0.00016370477338344353,1994,0.2422655406514571,50
7,Onøy og Lurøy,2,2014,943,943,8M71322,5,Hestmannøy,0.00016350916806762573,1995,0.2422655406514571,50
7,Onøy og Lurøy,2,2014,817,817,8M31812,12,Southern 2,0.0001625603925587954,1996,0.2422655406514571,50
7,Onøy og Lurøy,2,2014,2164,2164,8N14548,11,Southern 1,0.00016253917098114635,1997,0.2422655406514571,50
7,Onøy og Lurøy,2,2014,2518,2518,8N28190,6,Indre Kvarøy,0.00016226624300347953,1998,0.2422655406514571,50
7,Onøy og Lurøy,2,2014,982,982,8L57980,13,Southern 3,0.0001622468360640826,1999,0.2422655406514571,50
7,Onøy og Lurøy,2,2014,5233,5233,8943043,5,Hestmannøy,0.00016167591454009325,2000,0.2422655406514571,50
7,Onøy og Lurøy,2,2014,4629,4629,8747742,9,Sleneset,0.00016076979912680269,2001,0.2422655406514571,50
7,Onøy og Lurøy,2,2014,3491,3491,8N87548,11,Southern 1,0.00016072346181777468,2002,0.2422655406514571,50
7,Onøy og Lurøy,2,2014,4616,4616,8747701,8,Lovund,0.00015979887108994798,2003,0.2422655406514571,50
7,Onøy og Lurøy,2,2014,2964,2964,8N72989,2,Træna,0.00015973469497238942,2004,0.2422655406514571,50
7,Onøy og Lurøy,2,2014,2855,2855,8N72674,11,Southern 1,0.00015966678710437263,2005,0.2422655406514571,50
7,Onøy og Lurøy,2,2014,59,59,8L19995,0,Nesøy,0.00015966180193890692,2006,0.2422655406514571,50
7,Onøy og Lurøy,2,2014,1753,1753,8N06781,4,Gjerøy,0.00015948754733089988,2007,0.2422655406514571,50
7,Onøy og Lurøy,2,2014,1929,1929,8N13627,14,Southern 4,0.00015928843126371454,2008,0.2422655406514571,50
7,Onøy og Lurøy,2,2014,1683,1683,8N06479,12,Southern 2,0.00015868303158783444,2009,0.2422655406514571,50
7,Onøy og Lurøy,2,2014,3635,3635,8N87854,14,Southern 4,0.00015812799411636145,2010,0.2422655406514571,50
7,Onøy og Lurøy,2,2014,3103,3103,8N73454,11,Southern 1,0.00015803529852940256,2011,0.2422655406514571,50
7,Onøy og Lurøy,2,2014,1503,1503,8N05648,11,Southern 1,0.00015798575853781077,2012,0.2422655406514571,50
7,Onøy og Lurøy,2,2014,4028,4028,8P14963,14,Southern 4,0.00015768481656265452,2013,0.2422655406514571,50
7,Onøy og Lurøy,2,2014,4550,4550,8747300,8,Lovund,0.0001566533042104783,2014,0.2422655406514571,50
7,Onøy og Lurøy,2,2014,1875,1875,8N13355,2,Træna,0.00015649247089973776,2015,0.2422655406514571,50
7,Onøy og Lurøy,2,2014,179,179,8L48304,5,Hestmannøy,0.0001564806228446662,2016,0.2422655406514571,50
7,Onøy og Lurøy,2,2014,1771,1771,8N06831,11,Southern 1,0.00015626309720847553,2017,0.2422655406514571,50
7,Onøy og Lurøy,2,2014,919,919,8M71277,4,Gjerøy,0.00015515020773442125,2018,0.2422655406514571,50
7,Onøy og Lurøy,2,2014,3519,3519,8N87576,11,Southern 1,0.00015499599606566574,2019,0.2422655406514571,50
7,Onøy og Lurøy,2,2014,2654,2654,8N42186,2,Træna,0.00015482396509451822,2020,0.2422655406514571,50
7,Onøy og Lurøy,2,2014,1261,1261,8N05139,12,Southern 2,0.00015402669086615945,2021,0.2422655406514571,50
7,Onøy og Lurøy,2,2014,2288,2288,8N14676,13,Southern 3,0.00015372017265174697,2022,0.2422655406514571,50
7,Onøy og Lurøy,2,2014,4388,4388,8730465,2,Træna,0.00015334176253064047,2023,0.2422655406514571,50
7,Onøy og Lurøy,2,2014,866,866,8M71073,4,Gjerøy,0.00015280465815352743,2024,0.2422655406514571,50
7,Onøy og Lurøy,2,2014,310,310,8L52343,11,Southern 1,0.00015259352466529867,2025,0.2422655406514571,50
7,Onøy og Lurøy,2,2014,4694,4694,8800029,4,Gjerøy,0.00015255877055067777,2026,0.2422655406514571,50
7,Onøy og Lurøy,2,2014,296,296,8L52313,12,Southern 2,0.00015249872144057535,2027,0.2422655406514571,50
7,Onøy og Lurøy,2,2014,786,786,8M31653,11,Southern 1,0.0001523566246604198,2028,0.2422655406514571,50
7,Onøy og Lurøy,2,2014,1981,1981,8N13682,13,Southern 3,0.00015231453584964934,2029,0.2422655406514571,50
7,Onøy og Lurøy,2,2014,1862,1862,8N13113,14,Southern 4,0.00015227192845343725,2030,0.2422655406514571,50
7,Onøy og Lurøy,2,2014,4679,4679,8794342,9,Sleneset,0.00015217878418161775,2031,0.2422655406514571,50
7,Onøy og Lurøy,2,2014,3018,3018,8N73220,12,Southern 2,0.00015199009088120917,2032,0.2422655406514571,50
7,Onøy og Lurøy,2,2014,31,31,8L19899,6,Indre Kvarøy,0.00015138937313996043,2033,0.2422655406514571,50
7,Onøy og Lurøy,2,2014,2617,2617,8N28847,5,Hestmannøy,0.00015133826757873225,2034,0.2422655406514571,50
7,Onøy og Lurøy,2,2014,3631,3631,8N87850,14,Southern 4,0.00015128507416195032,2035,0.2422655406514571,50
7,Onøy og Lurøy,2,2014,5366,5366,8981346,11,Southern 1,0.0001510303374696055,2036,0.2422655406514571,50
7,Onøy og Lurøy,2,2014,4675,4675,8794313,8,Lovund,0.00015044139735949187,2037,0.2422655406514571,50
7,Onøy og Lurøy,2,2014,2254,2254,8N14641,13,Southern 3,0.00015010987951944203,2038,0.2422655406514571,50
7,Onøy og Lurøy,2,2014,490,490,8M71106,13,Southern 3,0.0001500229701327933,2039,0.2422655406514571,50
7,Onøy og Lurøy,2,2014,4007,4007,8P14875,14,Southern 4,0.0001495573600819866,2040,0.2422655406514571,50
7,Onøy og Lurøy,2,2014,2062,2062,8N14023,5,Hestmannøy,0.000148682443443495,2041,0.2422655406514571,50
7,Onøy og Lurøy,2,2014,2682,2682,8N42457,14,Southern 4,0.000148496437530318,2042,0.2422655406514571,50
7,Onøy og Lurøy,2,2014,2095,2095,8N14189,5,Hestmannøy,0.0001482199490802999,2043,0.2422655406514571,50
7,Onøy og Lurøy,2,2014,2057,2057,8N14008,6,Indre Kvarøy,0.0001481044575999574,2044,0.2422655406514571,50
7,Onøy og Lurøy,2,2014,4233,4233,8651784,3,Selvær,0.00014800999900274126,2045,0.2422655406514571,50
7,Onøy og Lurøy,2,2014,2661,2661,8N42256,5,Hestmannøy,0.00014791437325480035,2046,0.2422655406514571,50
7,Onøy og Lurøy,2,2014,4231,4231,8651778,2,Træna,0.00014750054868678568,2047,0.2422655406514571,50
7,Onøy og Lurøy,2,2014,2104,2104,8N14289,15,Southern 5,0.00014743250762775683,2048,0.2422655406514571,50
7,Onøy og Lurøy,2,2014,5407,5407,8981803,6,Indre Kvarøy,0.00014710724753915188,2049,0.2422655406514571,50
7,Onøy og Lurøy,2,2014,2824,2824,8N72488,3,Selvær,0.00014698299039810753,2050,0.2422655406514571,50
7,Onøy og Lurøy,2,2014,1630,1630,8N05957,14,Southern 4,0.00014668651772009782,2051,0.2422655406514571,50
7,Onøy og Lurøy,2,2014,5343,5343,8981267,5,Hestmannøy,0.00014635400464799858,2052,0.2422655406514571,50
7,Onøy og Lurøy,2,2014,1773,1773,8N06833,11,Southern 1,0.00014616258591971577,2053,0.2422655406514571,50
7,Onøy og Lurøy,2,2014,4845,4845,8857205,5,Hestmannøy,0.00014613961094495754,2054,0.2422655406514571,50
7,Onøy og Lurøy,2,2014,2657,2657,8N42210,2,Træna,0.0001458330255877524,2055,0.2422655406514571,50
7,Onøy og Lurøy,2,2014,2886,2886,8N72724,5,Hestmannøy,0.0001457296575262608,2056,0.2422655406514571,50
7,Onøy og Lurøy,2,2014,3883,3883,8P14012,8,Lovund,0.00014572832366563598,2057,0.2422655406514571,50
7,Onøy og Lurøy,2,2014,4284,4284,8681055,6,Indre Kvarøy,0.00014568330128304142,2058,0.2422655406514571,50
7,Onøy og Lurøy,2,2014,398,398,8L57729,3,Selvær,0.0001456218730443881,2059,0.2422655406514571,50
7,Onøy og Lurøy,2,2014,705,705,8M31269,8,Lovund,0.00014556001746715897,2060,0.2422655406514571,50
7,Onøy og Lurøy,2,2014,4987,4987,8904654,2,Træna,0.00014532415939404826,2061,0.2422655406514571,50
7,Onøy og Lurøy,2,2014,3066,3066,8N73320,15,Southern 5,0.00014528180759663945,2062,0.2422655406514571,50
7,Onøy og Lurøy,2,2014,1770,1770,8N06830,11,Southern 1,0.00014500505623804251,2063,0.2422655406514571,50
7,Onøy og Lurøy,2,2014,3085,3085,8N73436,11,Southern 1,0.0001444926597774146,2064,0.2422655406514571,50
7,Onøy og Lurøy,2,2014,3857,3857,8P11634,2,Træna,0.000144263977431726,2065,0.2422655406514571,50
7,Onøy og Lurøy,2,2014,1417,1417,8N05298,13,Southern 3,0.00014393723109955915,2066,0.2422655406514571,50
7,Onøy og Lurøy,2,2014,1268,1268,8N05146,12,Southern 2,0.0001437902113385095,2067,0.2422655406514571,50
7,Onøy og Lurøy,2,2014,5101,5101,8934854,4,Gjerøy,0.0001437689965855784,2068,0.2422655406514571,50
7,Onøy og Lurøy,2,2014,1594,1594,8N05866,11,Southern 1,0.00014373483718393642,2069,0.2422655406514571,50
7,Onøy og Lurøy,2,2014,2396,2396,8N27241,5,Hestmannøy,0.0001433290052891202,2070,0.2422655406514571,50
7,Onøy og Lurøy,2,2014,1099,1099,8M72566,11,Southern 1,0.00014326720899499965,2071,0.2422655406514571,50
7,Onøy og Lurøy,2,2014,2353,2353,8N27065,14,Southern 4,0.00014293292670943604,2072,0.2422655406514571,50
7,Onøy og Lurøy,2,2014,1607,1607,8N05881,11,Southern 1,0.0001427411659871715,2073,0.2422655406514571,50
7,Onøy og Lurøy,2,2014,2761,2761,8N42915,6,Indre Kvarøy,0.00014272612061573976,2074,0.2422655406514571,50
7,Onøy og Lurøy,2,2014,1068,1068,8M72323,3,Selvær,0.0001425055780431543,2075,0.2422655406514571,50
7,Onøy og Lurøy,2,2014,475,475,8M71345,12,Southern 2,0.000142485384888612,2076,0.2422655406514571,50
7,Onøy og Lurøy,2,2014,4089,4089,8P26622,2,Træna,0.0001423970422011347,2077,0.2422655406514571,50
7,Onøy og Lurøy,2,2014,2763,2763,8N42926,0,Nesøy,0.00014161139727959825,2078,0.2422655406514571,50
7,Onøy og Lurøy,2,2014,4696,4696,8800035,5,Hestmannøy,0.00014014906349416156,2079,0.2422655406514571,50
7,Onøy og Lurøy,2,2014,5337,5337,8981224,11,Southern 1,0.0001399859885858113,2080,0.2422655406514571,50
7,Onøy og Lurøy,2,2014,989,989,8M71484,13,Southern 3,0.00013961215083321861,2081,0.2422655406514571,50
7,Onøy og Lurøy,2,2014,3501,3501,8N87558,11,Southern 1,0.00013893000270769008,2082,0.2422655406514571,50
7,Onøy og Lurøy,2,2014,2250,2250,8N14637,13,Southern 3,0.00013828379975227895,2083,0.2422655406514571,50
7,Onøy og Lurøy,2,2014,3951,3951,8P14642,9,Sleneset,0.000137514138401158,2084,0.2422655406514571,50
7,Onøy og Lurøy,2,2014,4981,4981,8887488,5,Hestmannøy,0.0001371784020048629,2085,0.2422655406514571,50
7,Onøy og Lurøy,2,2014,1388,1388,8N05268,13,Southern 3,0.00013689419329961428,2086,0.2422655406514571,50
7,Onøy og Lurøy,2,2014,3178,3178,8N73604,14,Southern 4,0.0001366749152820837,2087,0.2422655406514571,50
7,Onøy og Lurøy,2,2014,2531,2531,8N28368,2,Træna,0.0001366391454604783,2088,0.2422655406514571,50
7,Onøy og Lurøy,2,2014,498,498,8L64839,3,Selvær,0.0001360872805704824,2089,0.2422655406514571,50
7,Onøy og Lurøy,2,2014,951,951,8M71336,12,Southern 2,0.0001358776773362344,2090,0.2422655406514571,50
7,Onøy og Lurøy,2,2014,2356,2356,8N27068,14,Southern 4,0.00013527593943078695,2091,0.2422655406514571,50
7,Onøy og Lurøy,2,2014,5310,5310,8981031,4,Gjerøy,0.0001348150192033447,2092,0.2422655406514571,50
7,Onøy og Lurøy,2,2014,3486,3486,8N87543,11,Southern 1,0.0001345137886487798,2093,0.2422655406514571,50
7,Onøy og Lurøy,2,2014,4037,4037,8P14973,14,Southern 4,0.00013446483848961272,2094,0.2422655406514571,50
7,Onøy og Lurøy,2,2014,2872,2872,8N72691,11,Southern 1,0.0001339372268980474,2095,0.2422655406514571,50
7,Onøy og Lurøy,2,2014,4980,4980,8887481,6,Indre Kvarøy,0.00013352269444176057,2096,0.2422655406514571,50
7,Onøy og Lurøy,2,2014,2561,2561,8N28650,2,Træna,0.0001332016170441279,2097,0.2422655406514571,50
7,Onøy og Lurøy,2,2014,4277,4277,8681040,4,Gjerøy,0.0001319929010819275,2098,0.2422655406514571,50
7,Onøy og Lurøy,2,2014,1542,1542,8N05687,15,Southern 5,0.00013160588750564626,2099,0.2422655406514571,50
7,Onøy og Lurøy,2,2014,5386,5386,8981701,0,Nesøy,0.00013117052303807873,2100,0.2422655406514571,50
7,Onøy og Lurøy,2,2014,3703,3703,8N87924,13,Southern 3,0.00013073929720468897,2101,0.2422655406514571,50
7,Onøy og Lurøy,2,2014,2313,2313,8N14806,3,Selvær,0.000130296426180643,2102,0.2422655406514571,50
7,Onøy og Lurøy,2,2014,5222,5222,8939915,11,Southern 1,0.00013016653458916577,2103,0.2422655406514571,50
7,Onøy og Lurøy,2,2014,2298,2298,8N14686,13,Southern 3,0.0001299094044216538,2104,0.2422655406514571,50
7,Onøy og Lurøy,2,2014,2511,2511,8N28089,2,Træna,0.00012961572865817408,2105,0.2422655406514571,50
7,Onøy og Lurøy,2,2014,4808,4808,8816409,5,Hestmannøy,0.00012905134041119674,2106,0.2422655406514571,50
7,Onøy og Lurøy,2,2014,3755,3755,8N87976,13,Southern 3,0.00012881636970477991,2107,0.2422655406514571,50
7,Onøy og Lurøy,2,2014,1849,1849,8N06976,4,Gjerøy,0.00012874963580969872,2108,0.2422655406514571,50
7,Onøy og Lurøy,2,2014,3475,3475,8N87532,11,Southern 1,0.00012871037519875597,2109,0.2422655406514571,50
7,Onøy og Lurøy,2,2014,1063,1063,8M72272,2,Træna,0.00012853571864447687,2110,0.2422655406514571,50
7,Onøy og Lurøy,2,2014,1684,1684,8N06480,12,Southern 2,0.00012842743188062083,2111,0.2422655406514571,50
7,Onøy og Lurøy,2,2014,567,567,8L89377,5,Hestmannøy,0.00012816426098192553,2112,0.2422655406514571,50
7,Onøy og Lurøy,2,2014,1379,1379,8N05259,13,Southern 3,0.0001279421512980801,2113,0.2422655406514571,50
7,Onøy og Lurøy,2,2014,4466,4466,8732605,9,Sleneset,0.00012786232825660526,2114,0.2422655406514571,50
7,Onøy og Lurøy,2,2014,801,801,8L89552,12,Southern 2,0.00012783783064563095,2115,0.2422655406514571,50
7,Onøy og Lurøy,2,2014,5132,5132,8939139,10,Aldra,0.00012743889102640057,2116,0.2422655406514571,50
7,Onøy og Lurøy,2,2014,213,213,8L48474,4,Gjerøy,0.0001271320023050477,2117,0.2422655406514571,50
7,Onøy og Lurøy,2,2014,3817,3817,8P11543,15,Southern 5,0.0001268893408655257,2118,0.2422655406514571,50
7,Onøy og Lurøy,2,2014,2046,2046,8N13983,5,Hestmannøy,0.0001268649956717527,2119,0.2422655406514571,50
7,Onøy og Lurøy,2,2014,2529,2529,8N28349,2,Træna,0.00012653065186659672,2120,0.2422655406514571,50
7,Onøy og Lurøy,2,2014,3481,3481,8N87538,11,Southern 1,0.00012596523519004855,2121,0.2422655406514571,50
7,Onøy og Lurøy,2,2014,1564,1564,8N05715,6,Indre Kvarøy,0.00012581574785880547,2122,0.2422655406514571,50
7,Onøy og Lurøy,2,2014,3587,3587,8N87804,14,Southern 4,0.0001254011110223542,2123,0.2422655406514571,50
7,Onøy og Lurøy,2,2014,4673,4673,8794307,5,Hestmannøy,0.00012536738606201784,2124,0.2422655406514571,50
7,Onøy og Lurøy,2,2014,3607,3607,8N87824,14,Southern 4,0.00012525727578685774,2125,0.2422655406514571,50
7,Onøy og Lurøy,2,2014,355,355,8L52428,5,Hestmannøy,0.00012506439317505852,2126,0.2422655406514571,50
7,Onøy og Lurøy,2,2014,4158,4158,8309269,5,Hestmannøy,0.00012473750019812143,2127,0.2422655406514571,50
7,Onøy og Lurøy,2,2014,3714,3714,8N87935,13,Southern 3,0.00012408124828460366,2128,0.2422655406514571,50
7,Onøy og Lurøy,2,2014,1050,1050,8M72112,5,Hestmannøy,0.0001237839076004481,2129,0.2422655406514571,50
7,Onøy og Lurøy,2,2014,585,585,8L89441,4,Gjerøy,0.00012375792893615968,2130,0.2422655406514571,50
7,Onøy og Lurøy,2,2014,2813,2813,8N72391,6,Indre Kvarøy,0.00012348332150230156,2131,0.2422655406514571,50
7,Onøy og Lurøy,2,2014,4876,4876,8857467,11,Southern 1,0.0001232751868401618,2132,0.2422655406514571,50
7,Onøy og Lurøy,2,2014,1478,1478,8N05616,14,Southern 4,0.00012181255492942841,2133,0.2422655406514571,50
7,Onøy og Lurøy,2,2014,1798,1798,8N06858,11,Southern 1,0.00012114111261609814,2134,0.2422655406514571,50
7,Onøy og Lurøy,2,2014,266,266,8L49938,5,Hestmannøy,0.00012112624900705227,2135,0.2422655406514571,50
7,Onøy og Lurøy,2,2014,1737,1737,8N06690,14,Southern 4,0.00012088450961174812,2136,0.2422655406514571,50
7,Onøy og Lurøy,2,2014,1892,1892,8N13496,3,Selvær,0.00012063479298730619,2137,0.2422655406514571,50
7,Onøy og Lurøy,2,2014,4934,4934,8887283,5,Hestmannøy,0.00012062853728069786,2138,0.2422655406514571,50
7,Onøy og Lurøy,2,2014,1042,1042,8M72017,2,Træna,0.00012060924934320233,2139,0.2422655406514571,50
7,Onøy og Lurøy,2,2014,4358,4358,8681472,3,Selvær,0.00012027374484510037,2140,0.2422655406514571,50
7,Onøy og Lurøy,2,2014,3384,3384,8N73995,12,Southern 2,0.00011983588774944536,2141,0.2422655406514571,50
7,Onøy og Lurøy,2,2014,1894,1894,8N13524,2,Træna,0.00011960824080863137,2142,0.2422655406514571,50
7,Onøy og Lurøy,2,2014,3713,3713,8N87934,13,Southern 3,0.00011951949713161828,2143,0.2422655406514571,50
7,Onøy og Lurøy,2,2014,1887,1887,8N13437,2,Træna,0.00011942193525208644,2144,0.2422655406514571,50
7,Onøy og Lurøy,2,2014,148,148,8L30777,12,Southern 2,0.0001192147472321016,2145,0.2422655406514571,50
7,Onøy og Lurøy,2,2014,2377,2377,8N27089,14,Southern 4,0.00011918612883815349,2146,0.2422655406514571,50
7,Onøy og Lurøy,2,2014,841,841,8M31924,5,Hestmannøy,0.00011870199256504928,2147,0.2422655406514571,50
7,Onøy og Lurøy,2,2014,1325,1325,8N05204,12,Southern 2,0.00011846864541935994,2148,0.2422655406514571,50
7,Onøy og Lurøy,2,2014,874,874,8M71089,5,Hestmannøy,0.00011831652320073695,2149,0.2422655406514571,50
7,Onøy og Lurøy,2,2014,1831,1831,8N06894,11,Southern 1,0.0001182987044942619,2150,0.2422655406514571,50
7,Onøy og Lurøy,2,2014,373,373,8L52623,1,Myken,0.00011823014291353377,2151,0.2422655406514571,50
7,Onøy og Lurøy,2,2014,174,174,8L30922,0,Nesøy,0.00011787643803722034,2152,0.2422655406514571,50
7,Onøy og Lurøy,2,2014,4984,4984,8904411,11,Southern 1,0.00011782547260155818,2153,0.2422655406514571,50
7,Onøy og Lurøy,2,2014,4173,4173,8537700,0,Nesøy,0.00011746069669445216,2154,0.2422655406514571,50
7,Onøy og Lurøy,2,2014,4800,4800,8800643,12,Southern 2,0.00011719420295889195,2155,0.2422655406514571,50
7,Onøy og Lurøy,2,2014,2228,2228,8N14614,13,Southern 3,0.00011629109097770228,2156,0.2422655406514571,50
7,Onøy og Lurøy,2,2014,3115,3115,8N73466,11,Southern 1,0.00011606408377922973,2157,0.2422655406514571,50
7,Onøy og Lurøy,2,2014,1001,1001,8M71505,10,Aldra,0.00011580737282418726,2158,0.2422655406514571,50
7,Onøy og Lurøy,2,2014,3362,3362,8N73973,12,Southern 2,0.00011565983332347076,2159,0.2422655406514571,50
7,Onøy og Lurøy,2,2014,487,487,8M71141,13,Southern 3,0.000115583747856553,2160,0.2422655406514571,50
7,Onøy og Lurøy,2,2014,4715,4715,8800102,10,Aldra,0.00011488614517701938,2161,0.2422655406514571,50
7,Onøy og Lurøy,2,2014,2238,2238,8N14624,13,Southern 3,0.00011479266834799765,2162,0.2422655406514571,50
7,Onøy og Lurøy,2,2014,4169,4169,8414527,2,Træna,0.00011467785138250218,2163,0.2422655406514571,50
7,Onøy og Lurøy,2,2014,735,735,8M31372,5,Hestmannøy,0.00011449654061167783,2164,0.2422655406514571,50
7,Onøy og Lurøy,2,2014,1792,1792,8N06852,11,Southern 1,0.00011440276676416263,2165,0.2422655406514571,50
7,Onøy og Lurøy,2,2014,3547,3547,8N87608,15,Southern 5,0.00011439314629617746,2166,0.2422655406514571,50
7,Onøy og Lurøy,2,2014,3239,3239,8N73665,13,Southern 3,0.00011427923848026059,2167,0.2422655406514571,50
7,Onøy og Lurøy,2,2014,535,535,8L89259,4,Gjerøy,0.00011396601614336289,2168,0.2422655406514571,50
7,Onøy og Lurøy,2,2014,350,350,8L52415,4,Gjerøy,0.00011381484410122089,2169,0.2422655406514571,50
7,Onøy og Lurøy,2,2014,2653,2653,8N42154,9,Sleneset,0.00011358067377425336,2170,0.2422655406514571,50
7,Onøy og Lurøy,2,2014,4636,4636,8747764,5,Hestmannøy,0.00011353584149313618,2171,0.2422655406514571,50
7,Onøy og Lurøy,2,2014,2762,2762,8N42923,4,Gjerøy,0.00011343556915772754,2172,0.2422655406514571,50
7,Onøy og Lurøy,2,2014,3227,3227,8N73653,13,Southern 3,0.00011329083553365094,2173,0.2422655406514571,50
7,Onøy og Lurøy,2,2014,2967,2967,8N73012,4,Gjerøy,0.00011309619042104895,2174,0.2422655406514571,50
7,Onøy og Lurøy,2,2014,2100,2100,8N14231,4,Gjerøy,0.00011306609638308672,2175,0.2422655406514571,50
7,Onøy og Lurøy,2,2014,961,961,8M71363,14,Southern 4,0.00011278233875700752,2176,0.2422655406514571,50
7,Onøy og Lurøy,2,2014,3195,3195,8N73621,13,Southern 3,0.00011262347588823746,2177,0.2422655406514571,50
7,Onøy og Lurøy,2,2014,3378,3378,8N73989,12,Southern 2,0.00011253853897121136,2178,0.2422655406514571,50
7,Onøy og Lurøy,2,2014,4883,4883,8857752,6,Indre Kvarøy,0.00011227731996292312,2179,0.2422655406514571,50
7,Onøy og Lurøy,2,2014,1459,1459,8N05574,8,Lovund,0.00011136790451958229,2180,0.2422655406514571,50
7,Onøy og Lurøy,2,2014,2912,2912,8N72913,13,Southern 3,0.00011072648809585583,2181,0.2422655406514571,50
7,Onøy og Lurøy,2,2014,3725,3725,8N87946,13,Southern 3,0.00011059710012213686,2182,0.2422655406514571,50
7,Onøy og Lurøy,2,2014,2217,2217,8N14603,13,Southern 3,0.00011034724028569677,2183,0.2422655406514571,50
7,Onøy og Lurøy,2,2014,530,530,8L89230,6,Indre Kvarøy,0.00010997189355360027,2184,0.2422655406514571,50
7,Onøy og Lurøy,2,2014,1492,1492,8N05636,14,Southern 4,0.00010924000332373798,2185,0.2422655406514571,50
7,Onøy og Lurøy,2,2014,2024,2024,8N13930,5,Hestmannøy,0.00010904779674695952,2186,0.2422655406514571,50
7,Onøy og Lurøy,2,2014,4251,4251,8651948,5,Hestmannøy,0.00010895728850496767,2187,0.2422655406514571,50
7,Onøy og Lurøy,2,2014,1121,1121,8M72617,4,Gjerøy,0.00010893530513612887,2188,0.2422655406514571,50
7,Onøy og Lurøy,2,2014,4309,4309,8681169,4,Gjerøy,0.00010851513583317742,2189,0.2422655406514571,50
7,Onøy og Lurøy,2,2014,125,125,8L30698,12,Southern 2,0.00010837117070322682,2190,0.2422655406514571,50
7,Onøy og Lurøy,2,2014,4805,4805,8800937,10,Aldra,0.00010809036542049839,2191,0.2422655406514571,50
7,Onøy og Lurøy,2,2014,3886,3886,8P14029,5,Hestmannøy,0.0001080595623457753,2192,0.2422655406514571,50
7,Onøy og Lurøy,2,2014,1127,1127,8M72640,6,Indre Kvarøy,0.00010737508876486308,2193,0.2422655406514571,50
7,Onøy og Lurøy,2,2014,729,729,8M31342,1,Myken,0.00010707932734153339,2194,0.2422655406514571,50
7,Onøy og Lurøy,2,2014,2650,2650,8N42139,2,Træna,0.00010689253742125572,2195,0.2422655406514571,50
7,Onøy og Lurøy,2,2014,1687,1687,8N06483,12,Southern 2,0.00010583587924778967,2196,0.2422655406514571,50
7,Onøy og Lurøy,2,2014,2884,2884,8N72719,4,Gjerøy,0.00010537594281548038,2197,0.2422655406514571,50
7,Onøy og Lurøy,2,2014,1547,1547,8N05692,15,Southern 5,0.00010523280203831143,2198,0.2422655406514571,50
7,Onøy og Lurøy,2,2014,1688,1688,8N06484,12,Southern 2,0.00010509547785184235,2199,0.2422655406514571,50
7,Onøy og Lurøy,2,2014,4544,4544,8747287,3,Selvær,0.0001046439374127589,2200,0.2422655406514571,50
7,Onøy og Lurøy,2,2014,1820,1820,8N06880,11,Southern 1,0.00010450492133198445,2201,0.2422655406514571,50
7,Onøy og Lurøy,2,2014,215,215,8L48478,4,Gjerøy,0.00010430850523841025,2202,0.2422655406514571,50
7,Onøy og Lurøy,2,2014,395,395,8L52974,4,Gjerøy,0.00010380661599433988,2203,0.2422655406514571,50
7,Onøy og Lurøy,2,2014,4226,4226,8651730,0,Nesøy,0.00010341678516526961,2204,0.2422655406514571,50
7,Onøy og Lurøy,2,2014,1774,1774,8N06834,11,Southern 1,0.00010286952429639111,2205,0.2422655406514571,50
7,Onøy og Lurøy,2,2014,4165,4165,8309288,5,Hestmannøy,0.00010283984144941062,2206,0.2422655406514571,50
7,Onøy og Lurøy,2,2014,4317,4317,8681213,9,Sleneset,0.00010282103663005767,2207,0.2422655406514571,50
7,Onøy og Lurøy,2,2014,3690,3690,8N87910,13,Southern 3,0.0001026899041252597,2208,0.2422655406514571,50
7,Onøy og Lurøy,2,2014,2628,2628,8N28900,15,Southern 5,0.00010258895868127616,2209,0.2422655406514571,50
7,Onøy og Lurøy,2,2014,5364,5364,8981336,11,Southern 1,0.00010252480481106871,2210,0.2422655406514571,50
7,Onøy og Lurøy,2,2014,4294,4294,8681068,9,Sleneset,0.00010245982471545763,2211,0.2422655406514571,50
7,Onøy og Lurøy,2,2014,3983,3983,8P14851,14,Southern 4,0.00010244236640063176,2212,0.2422655406514571,50
7,Onøy og Lurøy,2,2014,1370,1370,8N05250,13,Southern 3,0.00010236343942045121,2213,0.2422655406514571,50
7,Onøy og Lurøy,2,2014,1175,1175,8M72878,5,Hestmannøy,0.00010235337821570496,2214,0.2422655406514571,50
7,Onøy og Lurøy,2,2014,2728,2728,8N42703,6,Indre Kvarøy,0.0001022856820352302,2215,0.2422655406514571,50
7,Onøy og Lurøy,2,2014,2014,2014,8N13860,15,Southern 5,0.00010220276611920847,2216,0.2422655406514571,50
7,Onøy og Lurøy,2,2014,1704,1704,8N06500,12,Southern 2,0.0001021173216525903,2217,0.2422655406514571,50
7,Onøy og Lurøy,2,2014,359,359,8L52533,5,Hestmannøy,0.00010203287624740997,2218,0.2422655406514571,50
7,Onøy og Lurøy,2,2014,4012,4012,8P14927,14,Southern 4,0.00010184531827178649,2219,0.2422655406514571,50
7,Onøy og Lurøy,2,2014,2237,2237,8N14623,13,Southern 3,0.00010172590934557191,2220,0.2422655406514571,50
7,Onøy og Lurøy,2,2014,1009,1009,8M71521,1,Myken,0.00010160388723954785,2221,0.2422655406514571,50
7,Onøy og Lurøy,2,2014,4657,4657,8747905,6,Indre Kvarøy,0.00010158077003054826,2222,0.2422655406514571,50
7,Onøy og Lurøy,2,2014,3478,3478,8N87535,11,Southern 1,0.00010134772536911342,2223,0.2422655406514571,50
7,Onøy og Lurøy,2,2014,362,362,8L52550,5,Hestmannøy,0.00010108806427777336,2224,0.2422655406514571,50
7,Onøy og Lurøy,2,2014,2420,2420,8N27352,6,Indre Kvarøy,0.00010085727170179842,2225,0.2422655406514571,50
7,Onøy og Lurøy,2,2014,4850,4850,8857226,6,Indre Kvarøy,0.00010085630593580905,2226,0.2422655406514571,50
7,Onøy og Lurøy,2,2014,3508,3508,8N87565,11,Southern 1,0.0001008543467879416,2227,0.2422655406514571,50
7,Onøy og Lurøy,2,2014,1867,1867,8N13135,14,Southern 4,0.00010060737436609815,2228,0.2422655406514571,50
7,Onøy og Lurøy,2,2014,3880,3880,8P14001,2,Træna,0.00010046564422283397,2229,0.2422655406514571,50
7,Onøy og Lurøy,2,2014,619,619,8L89634,5,Hestmannøy,0.00010025577671824596,2230,0.2422655406514571,50
7,Onøy og Lurøy,2,2014,797,797,8M31758,5,Hestmannøy,0.00010012529828717008,2231,0.2422655406514571,50
7,Onøy og Lurøy,2,2014,3793,3793,8P11518,14,Southern 4,9.99342934379167e-05,2232,0.2422655406514571,50
7,Onøy og Lurøy,2,2014,1540,1540,8N05685,15,Southern 5,9.971240377371399e-05,2233,0.2422655406514571,50
7,Onøy og Lurøy,2,2014,1815,1815,8N06875,11,Southern 1,9.96940431586629e-05,2234,0.2422655406514571,50
7,Onøy og Lurøy,2,2014,950,950,8M71335,12,Southern 2,9.96683312564496e-05,2235,0.2422655406514571,50
7,Onøy og Lurøy,2,2014,2363,2363,8N27075,14,Southern 4,9.962480034685486e-05,2236,0.2422655406514571,50
7,Onøy og Lurøy,2,2014,484,484,8L64529,14,Southern 4,9.941148727028101e-05,2237,0.2422655406514571,50
7,Onøy og Lurøy,2,2014,4558,4558,8747374,3,Selvær,9.934853284245152e-05,2238,0.2422655406514571,50
7,Onøy og Lurøy,2,2014,3321,3321,8N73932,12,Southern 2,9.92900737243957e-05,2239,0.2422655406514571,50
7,Onøy og Lurøy,2,2014,634,634,8L89669,5,Hestmannøy,9.919262627110864e-05,2240,0.2422655406514571,50
7,Onøy og Lurøy,2,2014,5187,5187,8939608,5,Hestmannøy,9.840261186380418e-05,2241,0.2422655406514571,50
7,Onøy og Lurøy,2,2014,959,959,8M71360,12,Southern 2,9.835399830881109e-05,2242,0.2422655406514571,50
7,Onøy og Lurøy,2,2014,4198,4198,8598579,3,Selvær,9.764752230507351e-05,2243,0.2422655406514571,50
7,Onøy og Lurøy,2,2014,4942,4942,8887341,0,Nesøy,9.734094062465538e-05,2244,0.2422655406514571,50
7,Onøy og Lurøy,2,2014,1481,1481,8N05619,14,Southern 4,9.690071410779461e-05,2245,0.2422655406514571,50
7,Onøy og Lurøy,2,2014,1106,1106,8M72577,11,Southern 1,9.681828396485188e-05,2246,0.2422655406514571,50
7,Onøy og Lurøy,2,2014,4398,4398,8730518,5,Hestmannøy,9.669589654132567e-05,2247,0.2422655406514571,50
7,Onøy og Lurøy,2,2014,3746,3746,8N87967,13,Southern 3,9.633093905972966e-05,2248,0.2422655406514571,50
7,Onøy og Lurøy,2,2014,4996,4996,8917841,3,Selvær,9.62626564275837e-05,2249,0.2422655406514571,50
7,Onøy og Lurøy,2,2014,1580,1580,8N05831,4,Gjerøy,9.60492255116667e-05,2250,0.2422655406514571,50
7,Onøy og Lurøy,2,2014,3064,3064,8N73318,15,Southern 5,9.60262418699948e-05,2251,0.2422655406514571,50
7,Onøy og Lurøy,2,2014,5044,5044,8934302,5,Hestmannøy,9.601030779603766e-05,2252,0.2422655406514571,50
7,Onøy og Lurøy,2,2014,3112,3112,8N73463,11,Southern 1,9.599136058709546e-05,2253,0.2422655406514571,50
7,Onøy og Lurøy,2,2014,3054,3054,8N73305,15,Southern 5,9.569917249115183e-05,2254,0.2422655406514571,50
7,Onøy og Lurøy,2,2014,4025,4025,8P14960,14,Southern 4,9.5616035735933e-05,2255,0.2422655406514571,50
7,Onøy og Lurøy,2,2014,5,5,8L19559,8,Lovund,9.524181440382723e-05,2256,0.2422655406514571,50
7,Onøy og Lurøy,2,2014,82,82,8L30168,12,Southern 2,9.521760216986755e-05,2257,0.2422655406514571,50
7,Onøy og Lurøy,2,2014,5039,5039,8934228,10,Aldra,9.494140107470392e-05,2258,0.2422655406514571,50
7,Onøy og Lurøy,2,2014,3868,3868,8P11803,14,Southern 4,9.476773626958417e-05,2259,0.2422655406514571,50
7,Onøy og Lurøy,2,2014,3436,3436,8N87274,8,Lovund,9.47063881045285e-05,2260,0.2422655406514571,50
7,Onøy og Lurøy,2,2014,2619,2619,8N28849,5,Hestmannøy,9.447891306602212e-05,2261,0.2422655406514571,50
7,Onøy og Lurøy,2,2014,1156,1156,8M72745,1,Myken,9.360883272674092e-05,2262,0.2422655406514571,50
7,Onøy og Lurøy,2,2014,2270,2270,8N14658,13,Southern 3,9.325499251280275e-05,2263,0.2422655406514571,50
7,Onøy og Lurøy,2,2014,128,128,8L30724,12,Southern 2,9.320534273291028e-05,2264,0.2422655406514571,50
7,Onøy og Lurøy,2,2014,4105,4105,8168614,6,Indre Kvarøy,9.300720620119829e-05,2265,0.2422655406514571,50
7,Onøy og Lurøy,2,2014,5049,5049,8934333,6,Indre Kvarøy,9.29037046732229e-05,2266,0.2422655406514571,50
7,Onøy og Lurøy,2,2014,1257,1257,8N05135,12,Southern 2,9.263320222287368e-05,2267,0.2422655406514571,50
7,Onøy og Lurøy,2,2014,3689,3689,8N87909,13,Southern 3,9.248015081775516e-05,2268,0.2422655406514571,50
7,Onøy og Lurøy,2,2014,2008,2008,8N13853,15,Southern 5,9.24651510655024e-05,2269,0.2422655406514571,50
7,Onøy og Lurøy,2,2014,5008,5008,8917961,8,Lovund,9.215867600664749e-05,2270,0.2422655406514571,50
7,Onøy og Lurøy,2,2014,1488,1488,8N05626,14,Southern 4,9.20730172460675e-05,2271,0.2422655406514571,50
7,Onøy og Lurøy,2,2014,425,425,8M71452,13,Southern 3,9.199482455400158e-05,2272,0.2422655406514571,50
7,Onøy og Lurøy,2,2014,435,435,8M71378,12,Southern 2,9.15504105044225e-05,2273,0.2422655406514571,50
7,Onøy og Lurøy,2,2014,4035,4035,8P14971,14,Southern 4,9.054692381580777e-05,2274,0.2422655406514571,50
7,Onøy og Lurøy,2,2014,1040,1040,8M72014,3,Selvær,9.048079807113835e-05,2275,0.2422655406514571,50
7,Onøy og Lurøy,2,2014,580,580,8L89423,6,Indre Kvarøy,9.040338476123619e-05,2276,0.2422655406514571,50
7,Onøy og Lurøy,2,2014,2125,2125,8N14355,15,Southern 5,9.031930637038916e-05,2277,0.2422655406514571,50
7,Onøy og Lurøy,2,2014,1129,1129,8M72644,4,Gjerøy,9.025320393556131e-05,2278,0.2422655406514571,50
7,Onøy og Lurøy,2,2014,3663,3663,8N87883,13,Southern 3,9.023885050169091e-05,2279,0.2422655406514571,50
7,Onøy og Lurøy,2,2014,1215,1215,8N05012,4,Gjerøy,9.020971519516877e-05,2280,0.2422655406514571,50
7,Onøy og Lurøy,2,2014,1465,1465,8N05603,14,Southern 4,9.01418909601355e-05,2281,0.2422655406514571,50
7,Onøy og Lurøy,2,2014,1726,1726,8N06679,14,Southern 4,8.986508196391315e-05,2282,0.2422655406514571,50
7,Onøy og Lurøy,2,2014,3488,3488,8N87545,11,Southern 1,8.985562544864398e-05,2283,0.2422655406514571,50
7,Onøy og Lurøy,2,2014,1162,1162,8M72792,6,Indre Kvarøy,8.97760257333484e-05,2284,0.2422655406514571,50
7,Onøy og Lurøy,2,2014,3739,3739,8N87960,13,Southern 3,8.968503456993404e-05,2285,0.2422655406514571,50
7,Onøy og Lurøy,2,2014,3297,3297,8N73908,11,Southern 1,8.91267490550424e-05,2286,0.2422655406514571,50
7,Onøy og Lurøy,2,2014,3345,3345,8N73956,12,Southern 2,8.912546826250825e-05,2287,0.2422655406514571,50
7,Onøy og Lurøy,2,2014,3016,3016,8N73218,12,Southern 2,8.898481109149647e-05,2288,0.2422655406514571,50
7,Onøy og Lurøy,2,2014,1532,1532,8N05677,15,Southern 5,8.86602274857956e-05,2289,0.2422655406514571,50
7,Onøy og Lurøy,2,2014,5206,5206,8939764,5,Hestmannøy,8.778047308535461e-05,2290,0.2422655406514571,50
7,Onøy og Lurøy,2,2014,985,985,8L57975,13,Southern 3,8.759321339126214e-05,2291,0.2422655406514571,50
7,Onøy og Lurøy,2,2014,3051,3051,8N73302,15,Southern 5,8.69890658779164e-05,2292,0.2422655406514571,50
7,Onøy og Lurøy,2,2014,1247,1247,8N05125,12,Southern 2,8.693789341634072e-05,2293,0.2422655406514571,50
7,Onøy og Lurøy,2,2014,3778,3778,8P11257,9,Sleneset,8.680194483085976e-05,2294,0.2422655406514571,50
7,Onøy og Lurøy,2,2014,3996,3996,8P14864,15,Southern 5,8.645152549640739e-05,2295,0.2422655406514571,50
7,Onøy og Lurøy,2,2014,5429,5429,8981944,2,Træna,8.622535491441103e-05,2296,0.2422655406514571,50
7,Onøy og Lurøy,2,2014,3652,3652,8N87871,13,Southern 3,8.56965429288585e-05,2297,0.2422655406514571,50
7,Onøy og Lurøy,2,2014,3294,3294,8N73905,11,Southern 1,8.567550609726263e-05,2298,0.2422655406514571,50
7,Onøy og Lurøy,2,2014,3083,3083,8N73434,11,Southern 1,8.515884476725285e-05,2299,0.2422655406514571,50
7,Onøy og Lurøy,2,2014,2592,2592,8N28780,5,Hestmannøy,8.497135795469214e-05,2300,0.2422655406514571,50
7,Onøy og Lurøy,2,2014,3924,3924,8P14342,15,Southern 5,8.464459288540428e-05,2301,0.2422655406514571,50
7,Onøy og Lurøy,2,2014,1321,1321,8N05200,13,Southern 3,8.456882526857355e-05,2302,0.2422655406514571,50
7,Onøy og Lurøy,2,2014,3780,3780,8P11320,4,Gjerøy,8.44959136657298e-05,2303,0.2422655406514571,50
7,Onøy og Lurøy,2,2014,2937,2937,8N72939,13,Southern 3,8.380158706661881e-05,2304,0.2422655406514571,50
7,Onøy og Lurøy,2,2014,4274,4274,8681034,5,Hestmannøy,8.346362320019919e-05,2305,0.2422655406514571,50
7,Onøy og Lurøy,2,2014,2395,2395,8N27216,14,Southern 4,8.334625924263013e-05,2306,0.2422655406514571,50
7,Onøy og Lurøy,2,2014,3116,3116,8N73467,11,Southern 1,8.329666719865014e-05,2307,0.2422655406514571,50
7,Onøy og Lurøy,2,2014,3100,3100,8N73451,11,Southern 1,8.308326552408113e-05,2308,0.2422655406514571,50
7,Onøy og Lurøy,2,2014,4409,4409,8730558,3,Selvær,8.284288247104245e-05,2309,0.2422655406514571,50
7,Onøy og Lurøy,2,2014,1767,1767,8N06827,11,Southern 1,8.283695485506084e-05,2310,0.2422655406514571,50
7,Onøy og Lurøy,2,2014,754,754,8M31509,4,Gjerøy,8.27116185608466e-05,2311,0.2422655406514571,50
7,Onøy og Lurøy,2,2014,1821,1821,8N06881,11,Southern 1,8.264416504897825e-05,2312,0.2422655406514571,50
7,Onøy og Lurøy,2,2014,1238,1238,8N05116,12,Southern 2,8.247691160471258e-05,2313,0.2422655406514571,50
7,Onøy og Lurøy,2,2014,1918,1918,8N13617,14,Southern 4,8.245838417993065e-05,2314,0.2422655406514571,50
7,Onøy og Lurøy,2,2014,233,233,8L48662,5,Hestmannøy,8.223734622224302e-05,2315,0.2422655406514571,50
7,Onøy og Lurøy,2,2014,4070,4070,8P26403,5,Hestmannøy,8.184469250121135e-05,2316,0.2422655406514571,50
7,Onøy og Lurøy,2,2014,5092,5092,8934559,4,Gjerøy,8.17231929032508e-05,2317,0.2422655406514571,50
7,Onøy og Lurøy,2,2014,5367,5367,8981352,11,Southern 1,8.164360057377442e-05,2318,0.2422655406514571,50
7,Onøy og Lurøy,2,2014,4978,4978,8887475,4,Gjerøy,8.122287858246771e-05,2319,0.2422655406514571,50
7,Onøy og Lurøy,2,2014,385,385,8L52934,4,Gjerøy,8.088517693603976e-05,2320,0.2422655406514571,50
7,Onøy og Lurøy,2,2014,4531,4531,8747239,4,Gjerøy,7.959241863201506e-05,2321,0.2422655406514571,50
7,Onøy og Lurøy,2,2014,1948,1948,8N13648,14,Southern 4,7.954772926350828e-05,2322,0.2422655406514571,50
7,Onøy og Lurøy,2,2014,4022,4022,8P14957,14,Southern 4,7.934811261393795e-05,2323,0.2422655406514571,50
7,Onøy og Lurøy,2,2014,1270,1270,8N05148,12,Southern 2,7.888904372167076e-05,2324,0.2422655406514571,50
7,Onøy og Lurøy,2,2014,5223,5223,8939916,11,Southern 1,7.8662996671293e-05,2325,0.2422655406514571,50
7,Onøy og Lurøy,2,2014,1876,1876,8N13357,2,Træna,7.842873410806106e-05,2326,0.2422655406514571,50
7,Onøy og Lurøy,2,2014,930,930,8M71299,6,Indre Kvarøy,7.82858380452708e-05,2327,0.2422655406514571,50
7,Onøy og Lurøy,2,2014,2391,2391,8N27197,14,Southern 4,7.816782111337337e-05,2328,0.2422655406514571,50
7,Onøy og Lurøy,2,2014,2994,2994,8N73190,15,Southern 5,7.781862370334818e-05,2329,0.2422655406514571,50
7,Onøy og Lurøy,2,2014,4564,4564,8747417,1,Myken,7.763823499718568e-05,2330,0.2422655406514571,50
7,Onøy og Lurøy,2,2014,1029,1029,8M71835,4,Gjerøy,7.758801778717294e-05,2331,0.2422655406514571,50
7,Onøy og Lurøy,2,2014,4015,4015,8P14937,14,Southern 4,7.753370122301279e-05,2332,0.2422655406514571,50
7,Onøy og Lurøy,2,2014,2722,2722,8N42674,5,Hestmannøy,7.735741318420725e-05,2333,0.2422655406514571,50
7,Onøy og Lurøy,2,2014,3950,3950,8P14641,9,Sleneset,7.733235612028918e-05,2334,0.2422655406514571,50
7,Onøy og Lurøy,2,2014,1800,1800,8N06860,11,Southern 1,7.718504822011876e-05,2335,0.2422655406514571,50
7,Onøy og Lurøy,2,2014,3265,3265,8N73692,13,Southern 3,7.710984356159929e-05,2336,0.2422655406514571,50
7,Onøy og Lurøy,2,2014,3502,3502,8N87559,11,Southern 1,7.689228369298356e-05,2337,0.2422655406514571,50
7,Onøy og Lurøy,2,2014,5383,5383,8981608,10,Aldra,7.683591303004697e-05,2338,0.2422655406514571,50
7,Onøy og Lurøy,2,2014,4731,4731,8800181,6,Indre Kvarøy,7.62648720001123e-05,2339,0.2422655406514571,50
7,Onøy og Lurøy,2,2014,3698,3698,8N87919,13,Southern 3,7.5464255195716e-05,2340,0.2422655406514571,50
7,Onøy og Lurøy,2,2014,3498,3498,8N87555,11,Southern 1,7.466673334639497e-05,2341,0.2422655406514571,50
7,Onøy og Lurøy,2,2014,2049,2049,8N13986,5,Hestmannøy,7.438494085059863e-05,2342,0.2422655406514571,50
7,Onøy og Lurøy,2,2014,3298,3298,8N73909,11,Southern 1,7.400242139513042e-05,2343,0.2422655406514571,50
7,Onøy og Lurøy,2,2014,2918,2918,8N72919,13,Southern 3,7.38914072433417e-05,2344,0.2422655406514571,50
7,Onøy og Lurøy,2,2014,1178,1178,8M72882,4,Gjerøy,7.343816307127287e-05,2345,0.2422655406514571,50
7,Onøy og Lurøy,2,2014,146,146,8L30771,12,Southern 2,7.32931180647002e-05,2346,0.2422655406514571,50
7,Onøy og Lurøy,2,2014,850,850,8M31939,5,Hestmannøy,7.286003962510078e-05,2347,0.2422655406514571,50
7,Onøy og Lurøy,2,2014,5431,5431,8981955,3,Selvær,7.262766376292494e-05,2348,0.2422655406514571,50
7,Onøy og Lurøy,2,2014,4747,4747,8800372,4,Gjerøy,7.246076394485293e-05,2349,0.2422655406514571,50
7,Onøy og Lurøy,2,2014,1089,1089,8M72532,11,Southern 1,7.24473108778164e-05,2350,0.2422655406514571,50
7,Onøy og Lurøy,2,2014,4982,4982,8887490,10,Aldra,7.244168553983283e-05,2351,0.2422655406514571,50
7,Onøy og Lurøy,2,2014,5013,5013,8917977,3,Selvær,7.234387391364134e-05,2352,0.2422655406514571,50
7,Onøy og Lurøy,2,2014,4582,4582,8747552,10,Aldra,7.21854037629259e-05,2353,0.2422655406514571,50
7,Onøy og Lurøy,2,2014,1654,1654,8N06360,5,Hestmannøy,7.153753355940998e-05,2354,0.2422655406514571,50
7,Onøy og Lurøy,2,2014,1112,1112,8M72594,11,Southern 1,7.147750011050721e-05,2355,0.2422655406514571,50
7,Onøy og Lurøy,2,2014,3985,3985,8P14853,14,Southern 4,7.122744523958289e-05,2356,0.2422655406514571,50
7,Onøy og Lurøy,2,2014,67,67,8L26581,6,Indre Kvarøy,7.100360762913319e-05,2357,0.2422655406514571,50
7,Onøy og Lurøy,2,2014,154,154,8L30783,5,Hestmannøy,7.096312105064775e-05,2358,0.2422655406514571,50
7,Onøy og Lurøy,2,2014,1371,1371,8N05251,13,Southern 3,7.079195405552429e-05,2359,0.2422655406514571,50
7,Onøy og Lurøy,2,2014,1634,1634,8N06028,3,Selvær,7.071927584474791e-05,2360,0.2422655406514571,50
7,Onøy og Lurøy,2,2014,4329,4329,8681260,0,Nesøy,7.06836067129651e-05,2361,0.2422655406514571,50
7,Onøy og Lurøy,2,2014,5221,5221,8939906,11,Southern 1,7.060659521296905e-05,2362,0.2422655406514571,50
7,Onøy og Lurøy,2,2014,4821,4821,8816901,10,Aldra,7.02635616115277e-05,2363,0.2422655406514571,50
7,Onøy og Lurøy,2,2014,2629,2629,8N28909,8,Lovund,6.966286994662798e-05,2364,0.2422655406514571,50
7,Onøy og Lurøy,2,2014,888,888,8L64600,12,Southern 2,6.954809381828426e-05,2365,0.2422655406514571,50
7,Onøy og Lurøy,2,2014,5116,5116,8939038,4,Gjerøy,6.952120027100037e-05,2366,0.2422655406514571,50
7,Onøy og Lurøy,2,2014,445,445,8L64175,3,Selvær,6.946211862601012e-05,2367,0.2422655406514571,50
7,Onøy og Lurøy,2,2014,364,364,8L52552,4,Gjerøy,6.925474319989179e-05,2368,0.2422655406514571,50
7,Onøy og Lurøy,2,2014,4333,4333,8681309,4,Gjerøy,6.915715468515741e-05,2369,0.2422655406514571,50
7,Onøy og Lurøy,2,2014,2843,2843,8N72633,4,Gjerøy,6.911078470375504e-05,2370,0.2422655406514571,50
7,Onøy og Lurøy,2,2014,2941,2941,8N72943,13,Southern 3,6.903366958938652e-05,2371,0.2422655406514571,50
7,Onøy og Lurøy,2,2014,394,394,8L52973,4,Gjerøy,6.895531184310244e-05,2372,0.2422655406514571,50
7,Onøy og Lurøy,2,2014,3815,3815,8P11540,15,Southern 5,6.890860060706442e-05,2373,0.2422655406514571,50
7,Onøy og Lurøy,2,2014,1923,1923,8N13621,14,Southern 4,6.86574135449318e-05,2374,0.2422655406514571,50
7,Onøy og Lurøy,2,2014,4817,4817,8816491,5,Hestmannøy,6.857957151704057e-05,2375,0.2422655406514571,50
7,Onøy og Lurøy,2,2014,1441,1441,8N05447,6,Indre Kvarøy,6.824257653215383e-05,2376,0.2422655406514571,50
7,Onøy og Lurøy,2,2014,27,27,8L19858,10,Aldra,6.790562692078495e-05,2377,0.2422655406514571,50
7,Onøy og Lurøy,2,2014,2424,2424,8N27364,5,Hestmannøy,6.7628230513875e-05,2378,0.2422655406514571,50
7,Onøy og Lurøy,2,2014,4818,4818,8816495,5,Hestmannøy,6.733836930522697e-05,2379,0.2422655406514571,50
7,Onøy og Lurøy,2,2014,789,789,8M31711,4,Gjerøy,6.693096944093567e-05,2380,0.2422655406514571,50
7,Onøy og Lurøy,2,2014,5041,5041,8934236,2,Træna,6.676862187251401e-05,2381,0.2422655406514571,50
7,Onøy og Lurøy,2,2014,1275,1275,8N05154,12,Southern 2,6.668848377107188e-05,2382,0.2422655406514571,50
7,Onøy og Lurøy,2,2014,3187,3187,8N73613,14,Southern 4,6.665122734939404e-05,2383,0.2422655406514571,50
7,Onøy og Lurøy,2,2014,2023,2023,8N13929,5,Hestmannøy,6.655594856422218e-05,2384,0.2422655406514571,50
7,Onøy og Lurøy,2,2014,3337,3337,8N73948,12,Southern 2,6.648267830853066e-05,2385,0.2422655406514571,50
7,Onøy og Lurøy,2,2014,1817,1817,8N06877,11,Southern 1,6.637391404180252e-05,2386,0.2422655406514571,50
7,Onøy og Lurøy,2,2014,3774,3774,8P11058,3,Selvær,6.633644997404556e-05,2387,0.2422655406514571,50
7,Onøy og Lurøy,2,2014,2533,2533,8N28401,8,Lovund,6.627637762092413e-05,2388,0.2422655406514571,50
7,Onøy og Lurøy,2,2014,1504,1504,8N05649,11,Southern 1,6.618076823278834e-05,2389,0.2422655406514571,50
7,Onøy og Lurøy,2,2014,1019,1019,8M71674,3,Selvær,6.611484464746971e-05,2390,0.2422655406514571,50
7,Onøy og Lurøy,2,2014,3150,3150,8N73502,5,Hestmannøy,6.580728610388048e-05,2391,0.2422655406514571,50
7,Onøy og Lurøy,2,2014,216,216,8L48479,4,Gjerøy,6.579523793626848e-05,2392,0.2422655406514571,50
7,Onøy og Lurøy,2,2014,3686,3686,8N87906,13,Southern 3,6.565730307421476e-05,2393,0.2422655406514571,50
7,Onøy og Lurøy,2,2014,5189,5189,8939615,6,Indre Kvarøy,6.556130182066257e-05,2394,0.2422655406514571,50
7,Onøy og Lurøy,2,2014,2899,2899,8N72826,14,Southern 4,6.536559348350207e-05,2395,0.2422655406514571,50
7,Onøy og Lurøy,2,2014,4445,4445,8732258,1,Myken,6.45488184868649e-05,2396,0.2422655406514571,50
7,Onøy og Lurøy,2,2014,984,984,8L57976,13,Southern 3,6.453051345783965e-05,2397,0.2422655406514571,50
7,Onøy og Lurøy,2,2014,3139,3139,8N73491,12,Southern 2,6.448528864247716e-05,2398,0.2422655406514571,50
7,Onøy og Lurøy,2,2014,4230,4230,8651772,3,Selvær,6.438843677991801e-05,2399,0.2422655406514571,50
7,Onøy og Lurøy,2,2014,2418,2418,8N27344,4,Gjerøy,6.433117754766349e-05,2400,0.2422655406514571,50
7,Onøy og Lurøy,2,2014,1461,1461,8N05359,15,Southern 5,6.427644245348793e-05,2401,0.2422655406514571,50
7,Onøy og Lurøy,2,2014,1281,1281,8N05160,12,Southern 2,6.406390878156198e-05,2402,0.2422655406514571,50
7,Onøy og Lurøy,2,2014,2992,2992,8N73188,15,Southern 5,6.40629628520166e-05,2403,0.2422655406514571,50
7,Onøy og Lurøy,2,2014,3876,3876,8P11932,5,Hestmannøy,6.367120352742925e-05,2404,0.2422655406514571,50
7,Onøy og Lurøy,2,2014,196,196,8L48435,2,Træna,6.365871017999792e-05,2405,0.2422655406514571,50
7,Onøy og Lurøy,2,2014,4559,4559,8747375,3,Selvær,6.314300873978127e-05,2406,0.2422655406514571,50
7,Onøy og Lurøy,2,2014,3851,3851,8P11578,5,Hestmannøy,6.300978133181662e-05,2407,0.2422655406514571,50
7,Onøy og Lurøy,2,2014,2808,2808,8N72359,4,Gjerøy,6.27592409048379e-05,2408,0.2422655406514571,50
7,Onøy og Lurøy,2,2014,2995,2995,8N73191,15,Southern 5,6.245764979461971e-05,2409,0.2422655406514571,50
7,Onøy og Lurøy,2,2014,388,388,8L52954,5,Hestmannøy,6.20324005813392e-05,2410,0.2422655406514571,50
7,Onøy og Lurøy,2,2014,3882,3882,8P14007,2,Træna,6.200432891300181e-05,2411,0.2422655406514571,50
7,Onøy og Lurøy,2,2014,2381,2381,8N27093,2,Træna,6.198534717955743e-05,2412,0.2422655406514571,50
7,Onøy og Lurøy,2,2014,2226,2226,8N14612,13,Southern 3,6.187287221734623e-05,2413,0.2422655406514571,50
7,Onøy og Lurøy,2,2014,4423,4423,8730951,3,Selvær,6.17757341750064e-05,2414,0.2422655406514571,50
7,Onøy og Lurøy,2,2014,3161,3161,8N73524,5,Hestmannøy,6.165660391552855e-05,2415,0.2422655406514571,50
7,Onøy og Lurøy,2,2014,255,255,8L48766,11,Southern 1,6.110345218355365e-05,2416,0.2422655406514571,50
7,Onøy og Lurøy,2,2014,4060,4060,8P14990,14,Southern 4,6.084112772038601e-05,2417,0.2422655406514571,50
7,Onøy og Lurøy,2,2014,900,900,8M71206,5,Hestmannøy,6.058842558283678e-05,2418,0.2422655406514571,50
7,Onøy og Lurøy,2,2014,3711,3711,8N87932,13,Southern 3,6.048384183565281e-05,2419,0.2422655406514571,50
7,Onøy og Lurøy,2,2014,5110,5110,8934895,5,Hestmannøy,6.029723887050018e-05,2420,0.2422655406514571,50
7,Onøy og Lurøy,2,2014,513,513,8L64916,4,Gjerøy,6.0147751886804044e-05,2421,0.2422655406514571,50
7,Onøy og Lurøy,2,2014,3201,3201,8N73627,13,Southern 3,5.997537599291072e-05,2422,0.2422655406514571,50
7,Onøy og Lurøy,2,2014,2977,2977,8N73083,6,Indre Kvarøy,5.995496933808117e-05,2423,0.2422655406514571,50
7,Onøy og Lurøy,2,2014,3588,3588,8N87805,14,Southern 4,5.9795824969109125e-05,2424,0.2422655406514571,50
7,Onøy og Lurøy,2,2014,4319,4319,8681236,3,Selvær,5.909396555972564e-05,2425,0.2422655406514571,50
7,Onøy og Lurøy,2,2014,1529,1529,8N05674,15,Southern 5,5.8961865653303495e-05,2426,0.2422655406514571,50
7,Onøy og Lurøy,2,2014,557,557,8L89354,5,Hestmannøy,5.895823494229027e-05,2427,0.2422655406514571,50
7,Onøy og Lurøy,2,2014,883,883,8M71120,13,Southern 3,5.888444670436295e-05,2428,0.2422655406514571,50
7,Onøy og Lurøy,2,2014,4393,4393,8730498,4,Gjerøy,5.88567892822307e-05,2429,0.2422655406514571,50
7,Onøy og Lurøy,2,2014,4718,4718,8800134,9,Sleneset,5.8832010697869614e-05,2430,0.2422655406514571,50
7,Onøy og Lurøy,2,2014,3679,3679,8N87899,13,Southern 3,5.88285432360975e-05,2431,0.2422655406514571,50
7,Onøy og Lurøy,2,2014,413,413,8L57906,2,Træna,5.879384273032189e-05,2432,0.2422655406514571,50
7,Onøy og Lurøy,2,2014,2180,2180,8N14566,11,Southern 1,5.8684946016391846e-05,2433,0.2422655406514571,50
7,Onøy og Lurøy,2,2014,4530,4530,8747234,10,Aldra,5.859811702783455e-05,2434,0.2422655406514571,50
7,Onøy og Lurøy,2,2014,2173,2173,8N14558,11,Southern 1,5.8453470991702024e-05,2435,0.2422655406514571,50
7,Onøy og Lurøy,2,2014,4486,4486,8732666,2,Træna,5.837065861540326e-05,2436,0.2422655406514571,50
7,Onøy og Lurøy,2,2014,3113,3113,8N73464,11,Southern 1,5.828580165079318e-05,2437,0.2422655406514571,50
7,Onøy og Lurøy,2,2014,3525,3525,8N87583,11,Southern 1,5.826542792904982e-05,2438,0.2422655406514571,50
7,Onøy og Lurøy,2,2014,581,581,8L89430,5,Hestmannøy,5.705318870575807e-05,2439,0.2422655406514571,50
7,Onøy og Lurøy,2,2014,2299,2299,8N14687,13,Southern 3,5.699805723008759e-05,2440,0.2422655406514571,50
7,Onøy og Lurøy,2,2014,3299,3299,8N73910,11,Southern 1,5.695879695545081e-05,2441,0.2422655406514571,50
7,Onøy og Lurøy,2,2014,4789,4789,8800567,6,Indre Kvarøy,5.693832854262839e-05,2442,0.2422655406514571,50
7,Onøy og Lurøy,2,2014,3250,3250,8N73676,13,Southern 3,5.6597991141327865e-05,2443,0.2422655406514571,50
7,Onøy og Lurøy,2,2014,964,964,8M71374,12,Southern 2,5.656803364505331e-05,2444,0.2422655406514571,50
7,Onøy og Lurøy,2,2014,1509,1509,8N05654,11,Southern 1,5.634323893551819e-05,2445,0.2422655406514571,50
7,Onøy og Lurøy,2,2014,5010,5010,8917965,8,Lovund,5.588699049594168e-05,2446,0.2422655406514571,50
7,Onøy og Lurøy,2,2014,774,774,8M31583,5,Hestmannøy,5.5613845458988596e-05,2447,0.2422655406514571,50
7,Onøy og Lurøy,2,2014,26,26,8L19856,4,Gjerøy,5.51780011616973e-05,2448,0.2422655406514571,50
7,Onøy og Lurøy,2,2014,55,55,8L19987,4,Gjerøy,5.517135227145177e-05,2449,0.2422655406514571,50
7,Onøy og Lurøy,2,2014,1913,1913,8N13602,14,Southern 4,5.486769378624233e-05,2450,0.2422655406514571,50
7,Onøy og Lurøy,2,2014,5289,5289,8943829,0,Nesøy,5.486556491176634e-05,2451,0.2422655406514571,50
7,Onøy og Lurøy,2,2014,4059,4059,8P14995,14,Southern 4,5.4856643295488376e-05,2452,0.2422655406514571,50
7,Onøy og Lurøy,2,2014,980,980,8L57981,13,Southern 3,5.4704107223745247e-05,2453,0.2422655406514571,50
7,Onøy og Lurøy,2,2014,1114,1114,8M72598,11,Southern 1,5.461552345990502e-05,2454,0.2422655406514571,50
7,Onøy og Lurøy,2,2014,2410,2410,8N27320,6,Indre Kvarøy,5.44970217582616e-05,2455,0.2422655406514571,50
7,Onøy og Lurøy,2,2014,1177,1177,8M72881,5,Hestmannøy,5.4464771369847275e-05,2456,0.2422655406514571,50
7,Onøy og Lurøy,2,2014,3847,3847,8P11573,14,Southern 4,5.402217688333509e-05,2457,0.2422655406514571,50
7,Onøy og Lurøy,2,2014,1530,1530,8N05675,15,Southern 5,5.3650656038655295e-05,2458,0.2422655406514571,50
7,Onøy og Lurøy,2,2014,3296,3296,8N73907,11,Southern 1,5.350227551909712e-05,2459,0.2422655406514571,50
7,Onøy og Lurøy,2,2014,724,724,8M31329,5,Hestmannøy,5.3374811608980015e-05,2460,0.2422655406514571,50
7,Onøy og Lurøy,2,2014,1501,1501,8N05646,14,Southern 4,5.2998870993238555e-05,2461,0.2422655406514571,50
7,Onøy og Lurøy,2,2014,5347,5347,8981273,5,Hestmannøy,5.298532730385192e-05,2462,0.2422655406514571,50
7,Onøy og Lurøy,2,2014,3209,3209,8N73635,13,Southern 3,5.2906775536015884e-05,2463,0.2422655406514571,50
7,Onøy og Lurøy,2,2014,2748,2748,8N42751,1,Myken,5.2860486642486296e-05,2464,0.2422655406514571,50
7,Onøy og Lurøy,2,2014,3797,3797,8P11522,14,Southern 4,5.2268151941830545e-05,2465,0.2422655406514571,50
7,Onøy og Lurøy,2,2014,4802,4802,8800698,9,Sleneset,5.1981492623475835e-05,2466,0.2422655406514571,50
7,Onøy og Lurøy,2,2014,3040,3040,8N73242,12,Southern 2,5.1964087001239166e-05,2467,0.2422655406514571,50
7,Onøy og Lurøy,2,2014,4211,4211,8651522,6,Indre Kvarøy,5.194786091069749e-05,2468,0.2422655406514571,50
7,Onøy og Lurøy,2,2014,5294,5294,8943892,5,Hestmannøy,5.163223708864999e-05,2469,0.2422655406514571,50
7,Onøy og Lurøy,2,2014,2850,2850,8N72668,4,Gjerøy,5.151595874052617e-05,2470,0.2422655406514571,50
7,Onøy og Lurøy,2,2014,3575,3575,8N87730,5,Hestmannøy,5.144989721656847e-05,2471,0.2422655406514571,50
7,Onøy og Lurøy,2,2014,1543,1543,8N05688,15,Southern 5,5.113047223752901e-05,2472,0.2422655406514571,50
7,Onøy og Lurøy,2,2014,3140,3140,8N73492,12,Southern 2,5.058048237460409e-05,2473,0.2422655406514571,50
7,Onøy og Lurøy,2,2014,4722,4722,8800160,9,Sleneset,5.018080080413691e-05,2474,0.2422655406514571,50
7,Onøy og Lurøy,2,2014,938,938,8M71310,5,Hestmannøy,5.0067416156208134e-05,2475,0.2422655406514571,50
7,Onøy og Lurøy,2,2014,3952,3952,8P14648,2,Træna,4.995805181569077e-05,2476,0.2422655406514571,50
7,Onøy og Lurøy,2,2014,1904,1904,8N13141,14,Southern 4,4.9744250274954187e-05,2477,0.2422655406514571,50
7,Onøy og Lurøy,2,2014,4391,4391,8730496,5,Hestmannøy,4.9719937802510035e-05,2478,0.2422655406514571,50
7,Onøy og Lurøy,2,2014,3276,3276,8N73740,14,Southern 4,4.962186195745139e-05,2479,0.2422655406514571,50
7,Onøy og Lurøy,2,2014,745,745,8M31468,5,Hestmannøy,4.951229714170932e-05,2480,0.2422655406514571,50
7,Onøy og Lurøy,2,2014,5360,5360,8981310,3,Selvær,4.942020756711577e-05,2481,0.2422655406514571,50
7,Onøy og Lurøy,2,2014,3885,3885,8P14022,8,Lovund,4.9297768240730396e-05,2482,0.2422655406514571,50
7,Onøy og Lurøy,2,2014,4453,4453,8732294,5,Hestmannøy,4.927351190139768e-05,2483,0.2422655406514571,50
7,Onøy og Lurøy,2,2014,354,354,8L52426,5,Hestmannøy,4.8772480621092804e-05,2484,0.2422655406514571,50
7,Onøy og Lurøy,2,2014,1259,1259,8N05137,12,Southern 2,4.8442258360187615e-05,2485,0.2422655406514571,50
7,Onøy og Lurøy,2,2014,434,434,8L64093,12,Southern 2,4.842449491065305e-05,2486,0.2422655406514571,50
7,Onøy og Lurøy,2,2014,4880,4880,8732262,1,Myken,4.819049946906494e-05,2487,0.2422655406514571,50
7,Onøy og Lurøy,2,2014,1239,1239,8N05117,12,Southern 2,4.8053451626278444e-05,2488,0.2422655406514571,50
7,Onøy og Lurøy,2,2014,4995,4995,8917840,3,Selvær,4.77284251819509e-05,2489,0.2422655406514571,50
7,Onøy og Lurøy,2,2014,5409,5409,8981805,4,Gjerøy,4.7515656948534e-05,2490,0.2422655406514571,50
7,Onøy og Lurøy,2,2014,94,94,8L30372,2,Træna,4.7379377878147625e-05,2491,0.2422655406514571,50
7,Onøy og Lurøy,2,2014,2902,2902,8N72903,13,Southern 3,4.733333775647625e-05,2492,0.2422655406514571,50
7,Onøy og Lurøy,2,2014,3819,3819,8P11545,14,Southern 4,4.73072272353231e-05,2493,0.2422655406514571,50
7,Onøy og Lurøy,2,2014,5408,5408,8981804,5,Hestmannøy,4.728469605601554e-05,2494,0.2422655406514571,50
7,Onøy og Lurøy,2,2014,3444,3444,8N87351,5,Hestmannøy,4.723875134332485e-05,2495,0.2422655406514571,50
7,Onøy og Lurøy,2,2014,4523,4523,8747182,2,Træna,4.723807087719373e-05,2496,0.2422655406514571,50
7,Onøy og Lurøy,2,2014,918,918,8M31503,4,Gjerøy,4.698494842787587e-05,2497,0.2422655406514571,50
7,Onøy og Lurøy,2,2014,3118,3118,8N73469,11,Southern 1,4.663047201735809e-05,2498,0.2422655406514571,50
7,Onøy og Lurøy,2,2014,3029,3029,8N73231,12,Southern 2,4.4977279718938265e-05,2499,0.2422655406514571,50
7,Onøy og Lurøy,2,2014,3878,3878,8P11964,5,Hestmannøy,4.483880375183212e-05,2500,0.2422655406514571,50
7,Onøy og Lurøy,2,2014,2625,2625,8N28897,14,Southern 4,4.449082210043146e-05,2501,0.2422655406514571,50
7,Onøy og Lurøy,2,2014,1775,1775,8N06835,11,Southern 1,4.417363904173698e-05,2502,0.2422655406514571,50
7,Onøy og Lurøy,2,2014,1576,1576,8N05798,10,Aldra,4.389998940841487e-05,2503,0.2422655406514571,50
7,Onøy og Lurøy,2,2014,2636,2636,8N28945,2,Træna,4.3884564583984594e-05,2504,0.2422655406514571,50
7,Onøy og Lurøy,2,2014,1061,1061,8M72263,8,Lovund,4.3880130595546245e-05,2505,0.2422655406514571,50
7,Onøy og Lurøy,2,2014,44,44,8L19934,5,Hestmannøy,4.322605718153346e-05,2506,0.2422655406514571,50
7,Onøy og Lurøy,2,2014,2888,2888,8N72736,4,Gjerøy,4.298853694805899e-05,2507,0.2422655406514571,50
7,Onøy og Lurøy,2,2014,1475,1475,8N05613,14,Southern 4,4.2912614545198264e-05,2508,0.2422655406514571,50
7,Onøy og Lurøy,2,2014,293,293,8L52305,5,Hestmannøy,4.269002650741649e-05,2509,0.2422655406514571,50
7,Onøy og Lurøy,2,2014,1449,1449,8N05526,4,Gjerøy,4.261188033637347e-05,2510,0.2422655406514571,50
7,Onøy og Lurøy,2,2014,3063,3063,8N73314,15,Southern 5,4.257520088388089e-05,2511,0.2422655406514571,50
7,Onøy og Lurøy,2,2014,91,91,8L30320,5,Hestmannøy,4.2005773355380455e-05,2512,0.2422655406514571,50
7,Onøy og Lurøy,2,2014,3822,3822,8P11548,14,Southern 4,4.152485032415901e-05,2513,0.2422655406514571,50
7,Onøy og Lurøy,2,2014,2647,2647,8N42120,8,Lovund,4.137068776510693e-05,2514,0.2422655406514571,50
7,Onøy og Lurøy,2,2014,3484,3484,8N87541,11,Southern 1,4.130804965531247e-05,2515,0.2422655406514571,50
7,Onøy og Lurøy,2,2014,1783,1783,8N06843,11,Southern 1,4.1144636707038246e-05,2516,0.2422655406514571,50
7,Onøy og Lurøy,2,2014,1934,1934,8N13632,14,Southern 4,4.1090853018400376e-05,2517,0.2422655406514571,50
7,Onøy og Lurøy,2,2014,1188,1188,8M72914,5,Hestmannøy,4.09855727943281e-05,2518,0.2422655406514571,50
7,Onøy og Lurøy,2,2014,837,837,8M31921,12,Southern 2,4.0962699653275466e-05,2519,0.2422655406514571,50
7,Onøy og Lurøy,2,2014,3578,3578,8N87754,4,Gjerøy,4.091400391996507e-05,2520,0.2422655406514571,50
7,Onøy og Lurøy,2,2014,5142,5142,8939181,5,Hestmannøy,4.0837093964973676e-05,2521,0.2422655406514571,50
7,Onøy og Lurøy,2,2014,5205,5205,8939763,5,Hestmannøy,4.0662037320448664e-05,2522,0.2422655406514571,50
7,Onøy og Lurøy,2,2014,5147,5147,8939199,5,Hestmannøy,4.049254885424394e-05,2523,0.2422655406514571,50
7,Onøy og Lurøy,2,2014,3474,3474,8N87531,11,Southern 1,4.027977234168806e-05,2524,0.2422655406514571,50
7,Onøy og Lurøy,2,2014,975,975,8M71442,12,Southern 2,4.0105427088700726e-05,2525,0.2422655406514571,50
7,Onøy og Lurøy,2,2014,2260,2260,8N14648,13,Southern 3,4.003728099163394e-05,2526,0.2422655406514571,50
7,Onøy og Lurøy,2,2014,3798,3798,8P11523,14,Southern 4,3.99955610533044e-05,2527,0.2422655406514571,50
7,Onøy og Lurøy,2,2014,3532,3532,8N87590,11,Southern 1,3.975504411623327e-05,2528,0.2422655406514571,50
7,Onøy og Lurøy,2,2014,1958,1958,8N13658,13,Southern 3,3.9579924710566455e-05,2529,0.2422655406514571,50
7,Onøy og Lurøy,2,2014,5082,5082,8934497,4,Gjerøy,3.938716753581456e-05,2530,0.2422655406514571,50
7,Onøy og Lurøy,2,2014,3612,3612,8N87829,14,Southern 4,3.93323675095502e-05,2531,0.2422655406514571,50
7,Onøy og Lurøy,2,2014,3854,3854,8P11584,4,Gjerøy,3.9098344930712516e-05,2532,0.2422655406514571,50
7,Onøy og Lurøy,2,2014,5342,5342,8981266,5,Hestmannøy,3.895177873350121e-05,2533,0.2422655406514571,50
7,Onøy og Lurøy,2,2014,3065,3065,8N73319,15,Southern 5,3.8805583376993426e-05,2534,0.2422655406514571,50
7,Onøy og Lurøy,2,2014,1075,1075,8M72419,13,Southern 3,3.877272120888146e-05,2535,0.2422655406514571,50
7,Onøy og Lurøy,2,2014,3483,3483,8N87540,11,Southern 1,3.8625054266474944e-05,2536,0.2422655406514571,50
7,Onøy og Lurøy,2,2014,2190,2190,8N14576,11,Southern 1,3.8152495025400937e-05,2537,0.2422655406514571,50
7,Onøy og Lurøy,2,2014,2926,2926,8N72928,13,Southern 3,3.797375957640292e-05,2538,0.2422655406514571,50
7,Onøy og Lurøy,2,2014,1691,1691,8N06487,12,Southern 2,3.772731554815195e-05,2539,0.2422655406514571,50
7,Onøy og Lurøy,2,2014,3856,3856,8P11606,9,Sleneset,3.761964824065128e-05,2540,0.2422655406514571,50
7,Onøy og Lurøy,2,2014,2374,2374,8N27086,14,Southern 4,3.747943098779426e-05,2541,0.2422655406514571,50
7,Onøy og Lurøy,2,2014,1287,1287,8N05165,12,Southern 2,3.745935810745005e-05,2542,0.2422655406514571,50
7,Onøy og Lurøy,2,2014,1096,1096,8M72557,11,Southern 1,3.744389723305711e-05,2543,0.2422655406514571,50
7,Onøy og Lurøy,2,2014,3671,3671,8N87891,13,Southern 3,3.724908614850045e-05,2544,0.2422655406514571,50
7,Onøy og Lurøy,2,2014,441,441,8L64157,2,Træna,3.707627349089511e-05,2545,0.2422655406514571,50
7,Onøy og Lurøy,2,2014,1377,1377,8N05257,13,Southern 3,3.705380053146843e-05,2546,0.2422655406514571,50
7,Onøy og Lurøy,2,2014,2645,2645,8N42093,2,Træna,3.701360630694577e-05,2547,0.2422655406514571,50
7,Onøy og Lurøy,2,2014,3131,3131,8N73483,11,Southern 1,3.696991290943956e-05,2548,0.2422655406514571,50
7,Onøy og Lurøy,2,2014,4714,4714,8800101,10,Aldra,3.6777753063754954e-05,2549,0.2422655406514571,50
7,Onøy og Lurøy,2,2014,2275,2275,8N14663,13,Southern 3,3.6724693949113237e-05,2550,0.2422655406514571,50
7,Onøy og Lurøy,2,2014,3753,3753,8N87974,13,Southern 3,3.6505916824284e-05,2551,0.2422655406514571,50
7,Onøy og Lurøy,2,2014,1355,1355,8N05234,12,Southern 2,3.6505296710543576e-05,2552,0.2422655406514571,50
7,Onøy og Lurøy,2,2014,2010,2010,8N13855,15,Southern 5,3.5862867881663525e-05,2553,0.2422655406514571,50
7,Onøy og Lurøy,2,2014,3017,3017,8N73219,12,Southern 2,3.584514156172034e-05,2554,0.2422655406514571,50
7,Onøy og Lurøy,2,2014,4407,4407,8730553,3,Selvær,3.582775003411018e-05,2555,0.2422655406514571,50
7,Onøy og Lurøy,2,2014,6,6,8L19568,3,Selvær,3.562169934334499e-05,2556,0.2422655406514571,50
7,Onøy og Lurøy,2,2014,127,127,8L30712,12,Southern 2,3.534978485106163e-05,2557,0.2422655406514571,50
7,Onøy og Lurøy,2,2014,3125,3125,8N73476,11,Southern 1,3.4657816564024334e-05,2558,0.2422655406514571,50
7,Onøy og Lurøy,2,2014,5220,5220,8939899,5,Hestmannøy,3.445589364575723e-05,2559,0.2422655406514571,50
7,Onøy og Lurøy,2,2014,1724,1724,8N06677,14,Southern 4,3.404748832080324e-05,2560,0.2422655406514571,50
7,Onøy og Lurøy,2,2014,2116,2116,8N14339,15,Southern 5,3.397202814489419e-05,2561,0.2422655406514571,50
7,Onøy og Lurøy,2,2014,1762,1762,8N06821,11,Southern 1,3.371394805420473e-05,2562,0.2422655406514571,50
7,Onøy og Lurøy,2,2014,2527,2527,8N28316,9,Sleneset,3.3582695135815844e-05,2563,0.2422655406514571,50
7,Onøy og Lurøy,2,2014,4142,4142,8309175,4,Gjerøy,3.331715307526892e-05,2564,0.2422655406514571,50
7,Onøy og Lurøy,2,2014,3555,3555,8N87619,15,Southern 5,3.330569582653875e-05,2565,0.2422655406514571,50
7,Onøy og Lurøy,2,2014,4190,4190,8573872,6,Indre Kvarøy,3.3122851695083775e-05,2566,0.2422655406514571,50
7,Onøy og Lurøy,2,2014,86,86,8L30260,5,Hestmannøy,3.3059069028734744e-05,2567,0.2422655406514571,50
7,Onøy og Lurøy,2,2014,5056,5056,8934368,5,Hestmannøy,3.3031410123271033e-05,2568,0.2422655406514571,50
7,Onøy og Lurøy,2,2014,4084,4084,8P26541,2,Træna,3.302078160204294e-05,2569,0.2422655406514571,50
7,Onøy og Lurøy,2,2014,868,868,8M71077,4,Gjerøy,3.299170474548363e-05,2570,0.2422655406514571,50
7,Onøy og Lurøy,2,2014,167,167,8L30882,4,Gjerøy,3.296535014202032e-05,2571,0.2422655406514571,50
7,Onøy og Lurøy,2,2014,899,899,8M71205,5,Hestmannøy,3.291558738933775e-05,2572,0.2422655406514571,50
7,Onøy og Lurøy,2,2014,3615,3615,8N87832,14,Southern 4,3.276476654917953e-05,2573,0.2422655406514571,50
7,Onøy og Lurøy,2,2014,2002,2002,8N13745,3,Selvær,3.275399961451313e-05,2574,0.2422655406514571,50
7,Onøy og Lurøy,2,2014,1316,1316,8N05195,13,Southern 3,3.2682464859713904e-05,2575,0.2422655406514571,50
7,Onøy og Lurøy,2,2014,351,351,8L52418,4,Gjerøy,3.264349146690278e-05,2576,0.2422655406514571,50
7,Onøy og Lurøy,2,2014,1596,1596,8N05868,11,Southern 1,3.227834491598143e-05,2577,0.2422655406514571,50
7,Onøy og Lurøy,2,2014,4528,4528,8747227,5,Hestmannøy,3.2271531426661116e-05,2578,0.2422655406514571,50
7,Onøy og Lurøy,2,2014,4240,4240,8651869,5,Hestmannøy,3.2242991267727726e-05,2579,0.2422655406514571,50
7,Onøy og Lurøy,2,2014,1974,1974,8N13675,13,Southern 3,3.1892453688749376e-05,2580,0.2422655406514571,50
7,Onøy og Lurøy,2,2014,2560,2560,8N28644,8,Lovund,3.1341496717018845e-05,2581,0.2422655406514571,50
7,Onøy og Lurøy,2,2014,1893,1893,8N13097,14,Southern 4,3.118366634991487e-05,2582,0.2422655406514571,50
7,Onøy og Lurøy,2,2014,322,322,8L52361,11,Southern 1,3.087324131821515e-05,2583,0.2422655406514571,50
7,Onøy og Lurøy,2,2014,3437,3437,8N87284,3,Selvær,3.063032630072723e-05,2584,0.2422655406514571,50
7,Onøy og Lurøy,2,2014,4539,4539,8747274,2,Træna,3.026936010739294e-05,2585,0.2422655406514571,50
7,Onøy og Lurøy,2,2014,2457,2457,8N27825,6,Indre Kvarøy,3.019431694968086e-05,2586,0.2422655406514571,50
7,Onøy og Lurøy,2,2014,4422,4422,8730945,3,Selvær,2.9673591024569606e-05,2587,0.2422655406514571,50
7,Onøy og Lurøy,2,2014,4843,4843,8816963,2,Træna,2.9465836466203675e-05,2588,0.2422655406514571,50
7,Onøy og Lurøy,2,2014,2922,2922,8N72923,13,Southern 3,2.9421673218351652e-05,2589,0.2422655406514571,50
7,Onøy og Lurøy,2,2014,345,345,8L52397,12,Southern 2,2.91632039410597e-05,2590,0.2422655406514571,50
7,Onøy og Lurøy,2,2014,4654,4654,8747884,1,Myken,2.8992886671600562e-05,2591,0.2422655406514571,50
7,Onøy og Lurøy,2,2014,4874,4874,8857407,5,Hestmannøy,2.8506603725242593e-05,2592,0.2422655406514571,50
7,Onøy og Lurøy,2,2014,2690,2690,8N42502,5,Hestmannøy,2.8453852930721626e-05,2593,0.2422655406514571,50
7,Onøy og Lurøy,2,2014,143,143,8L30767,12,Southern 2,2.8407937086305807e-05,2594,0.2422655406514571,50
7,Onøy og Lurøy,2,2014,3966,3966,8P14817,15,Southern 5,2.8188470424674247e-05,2595,0.2422655406514571,50
7,Onøy og Lurøy,2,2014,1051,1051,8M72113,9,Sleneset,2.8186528232780685e-05,2596,0.2422655406514571,50
7,Onøy og Lurøy,2,2014,4002,4002,8P14870,14,Southern 4,2.8125235920929693e-05,2597,0.2422655406514571,50
7,Onøy og Lurøy,2,2014,1736,1736,8N06689,14,Southern 4,2.7892529925685124e-05,2598,0.2422655406514571,50
7,Onøy og Lurøy,2,2014,2717,2717,8N42634,5,Hestmannøy,2.769784738663364e-05,2599,0.2422655406514571,50
7,Onøy og Lurøy,2,2014,4205,4205,8598790,3,Selvær,2.7561120710170723e-05,2600,0.2422655406514571,50
7,Onøy og Lurøy,2,2014,556,556,8L89352,5,Hestmannøy,2.722371366639581e-05,2601,0.2422655406514571,50
7,Onøy og Lurøy,2,2014,3922,3922,8N14341,15,Southern 5,2.7203312295901172e-05,2602,0.2422655406514571,50
7,Onøy og Lurøy,2,2014,5057,5057,8934369,5,Hestmannøy,2.694728063696604e-05,2603,0.2422655406514571,50
7,Onøy og Lurøy,2,2014,4238,4238,8651804,4,Gjerøy,2.6878564547567402e-05,2604,0.2422655406514571,50
7,Onøy og Lurøy,2,2014,242,242,8L48745,11,Southern 1,2.640375539629338e-05,2605,0.2422655406514571,50
7,Onøy og Lurøy,2,2014,4370,4370,8730421,4,Gjerøy,2.6163480066372854e-05,2606,0.2422655406514571,50
7,Onøy og Lurøy,2,2014,479,479,8L64499,11,Southern 1,2.5793706044977307e-05,2607,0.2422655406514571,50
7,Onøy og Lurøy,2,2014,3403,3403,8N87069,4,Gjerøy,2.561715946455441e-05,2608,0.2422655406514571,50
7,Onøy og Lurøy,2,2014,1410,1410,8N05291,13,Southern 3,2.560289483682931e-05,2609,0.2422655406514571,50
7,Onøy og Lurøy,2,2014,343,343,8L52395,12,Southern 2,2.5348261073068236e-05,2610,0.2422655406514571,50
7,Onøy og Lurøy,2,2014,4690,4690,8800023,5,Hestmannøy,2.534804668168744e-05,2611,0.2422655406514571,50
7,Onøy og Lurøy,2,2014,2666,2666,8N42272,5,Hestmannøy,2.4950448660403802e-05,2612,0.2422655406514571,50
7,Onøy og Lurøy,2,2014,4643,4643,8747808,4,Gjerøy,2.4935739283657374e-05,2613,0.2422655406514571,50
7,Onøy og Lurøy,2,2014,1111,1111,8M72593,11,Southern 1,2.49149539609371e-05,2614,0.2422655406514571,50
7,Onøy og Lurøy,2,2014,1225,1225,8N05103,12,Southern 2,2.464467908774859e-05,2615,0.2422655406514571,50
7,Onøy og Lurøy,2,2014,3047,3047,8N73250,14,Southern 4,2.4142539057417817e-05,2616,0.2422655406514571,50
7,Onøy og Lurøy,2,2014,2980,2980,8N73087,6,Indre Kvarøy,2.378809036418794e-05,2617,0.2422655406514571,50
7,Onøy og Lurøy,2,2014,4279,4279,8681042,5,Hestmannøy,2.3658540779806815e-05,2618,0.2422655406514571,50
7,Onøy og Lurøy,2,2014,4429,4429,8730972,3,Selvær,2.3280675231545784e-05,2619,0.2422655406514571,50
7,Onøy og Lurøy,2,2014,3025,3025,8N73227,12,Southern 2,2.3032281069417915e-05,2620,0.2422655406514571,50
7,Onøy og Lurøy,2,2014,2426,2426,8N27409,10,Aldra,2.256136208325786e-05,2621,0.2422655406514571,50
7,Onøy og Lurøy,2,2014,2028,2028,8N13934,5,Hestmannøy,2.2532409864875967e-05,2622,0.2422655406514571,50
7,Onøy og Lurøy,2,2014,1673,1673,8N05696,15,Southern 5,2.2495304216079496e-05,2623,0.2422655406514571,50
7,Onøy og Lurøy,2,2014,176,176,8L30963,2,Træna,2.2413792611487156e-05,2624,0.2422655406514571,50
7,Onøy og Lurøy,2,2014,2928,2928,8N72930,13,Southern 3,2.1999841730355166e-05,2625,0.2422655406514571,50
7,Onøy og Lurøy,2,2014,3301,3301,8N73912,11,Southern 1,2.1458502447239403e-05,2626,0.2422655406514571,50
7,Onøy og Lurøy,2,2014,4961,4961,8887408,6,Indre Kvarøy,2.128360676385062e-05,2627,0.2422655406514571,50
7,Onøy og Lurøy,2,2014,3462,3462,8N87519,11,Southern 1,2.073203402514068e-05,2628,0.2422655406514571,50
7,Onøy og Lurøy,2,2014,3792,3792,8P11517,14,Southern 4,2.068415557209288e-05,2629,0.2422655406514571,50
7,Onøy og Lurøy,2,2014,13,13,8L19633,2,Træna,2.0660144682655995e-05,2630,0.2422655406514571,50
7,Onøy og Lurøy,2,2014,2351,2351,8N27059,14,Southern 4,2.0424639773195877e-05,2631,0.2422655406514571,50
7,Onøy og Lurøy,2,2014,3242,3242,8N73668,13,Southern 3,2.035796100313049e-05,2632,0.2422655406514571,50
7,Onøy og Lurøy,2,2014,3992,3992,8P14860,14,Southern 4,2.0111735683375748e-05,2633,0.2422655406514571,50
7,Onøy og Lurøy,2,2014,5160,5160,8939442,3,Selvær,2.009737517698633e-05,2634,0.2422655406514571,50
7,Onøy og Lurøy,2,2014,4171,4171,8537612,4,Gjerøy,2.0018712559663615e-05,2635,0.2422655406514571,50
7,Onøy og Lurøy,2,2014,3763,3763,8N87984,13,Southern 3,1.988857137129249e-05,2636,0.2422655406514571,50
7,Onøy og Lurøy,2,2014,299,299,8L52321,12,Southern 2,1.961154631220395e-05,2637,0.2422655406514571,50
7,Onøy og Lurøy,2,2014,2929,2929,8N72931,13,Southern 3,1.9535708643404013e-05,2638,0.2422655406514571,50
7,Onøy og Lurøy,2,2014,3427,3427,8N87253,8,Lovund,1.9532372681472578e-05,2639,0.2422655406514571,50
7,Onøy og Lurøy,2,2014,2894,2894,8N72795,4,Gjerøy,1.933476353594518e-05,2640,0.2422655406514571,50
7,Onøy og Lurøy,2,2014,5305,5305,8981024,5,Hestmannøy,1.9131920543044647e-05,2641,0.2422655406514571,50
7,Onøy og Lurøy,2,2014,68,68,8L26582,6,Indre Kvarøy,1.91028647050421e-05,2642,0.2422655406514571,50
7,Onøy og Lurøy,2,2014,4247,4247,8651884,0,Nesøy,1.898079847722188e-05,2643,0.2422655406514571,50
7,Onøy og Lurøy,2,2014,3826,3826,8P11552,14,Southern 4,1.8910949635689566e-05,2644,0.2422655406514571,50
7,Onøy og Lurøy,2,2014,1953,1953,8N13653,14,Southern 4,1.8361212289847874e-05,2645,0.2422655406514571,50
7,Onøy og Lurøy,2,2014,3008,3008,8N73210,12,Southern 2,1.8053697869296058e-05,2646,0.2422655406514571,50
7,Onøy og Lurøy,2,2014,610,610,8L89548,12,Southern 2,1.7922143265066137e-05,2647,0.2422655406514571,50
7,Onøy og Lurøy,2,2014,2606,2606,8N28795,14,Southern 4,1.7891215580558405e-05,2648,0.2422655406514571,50
7,Onøy og Lurøy,2,2014,1200,1200,8M72956,4,Gjerøy,1.7695973552401407e-05,2649,0.2422655406514571,50
7,Onøy og Lurøy,2,2014,832,832,8M31872,5,Hestmannøy,1.7629328246176608e-05,2650,0.2422655406514571,50
7,Onøy og Lurøy,2,2014,5235,5235,8943064,6,Indre Kvarøy,1.7438165719814192e-05,2651,0.2422655406514571,50
7,Onøy og Lurøy,2,2014,2047,2047,8N13984,5,Hestmannøy,1.7238200928939367e-05,2652,0.2422655406514571,50
7,Onøy og Lurøy,2,2014,2869,2869,8N72688,11,Southern 1,1.704124981426497e-05,2653,0.2422655406514571,50
7,Onøy og Lurøy,2,2014,161,161,8L30832,3,Selvær,1.665282432618029e-05,2654,0.2422655406514571,50
7,Onøy og Lurøy,2,2014,3377,3377,8N73988,12,Southern 2,1.66206413952847e-05,2655,0.2422655406514571,50
7,Onøy og Lurøy,2,2014,4524,4524,8747216,6,Indre Kvarøy,1.648072980336712e-05,2656,0.2422655406514571,50
7,Onøy og Lurøy,2,2014,3367,3367,8N73978,12,Southern 2,1.630031079734223e-05,2657,0.2422655406514571,50
7,Onøy og Lurøy,2,2014,2906,2906,8N72907,13,Southern 3,1.625732871317287e-05,2658,0.2422655406514571,50
7,Onøy og Lurøy,2,2014,3424,3424,8N87246,2,Træna,1.615892629645275e-05,2659,0.2422655406514571,50
7,Onøy og Lurøy,2,2014,2742,2742,8N42730,5,Hestmannøy,1.606531652023069e-05,2660,0.2422655406514571,50
7,Onøy og Lurøy,2,2014,971,971,8M71396,12,Southern 2,1.6057995721958305e-05,2661,0.2422655406514571,50
7,Onøy og Lurøy,2,2014,737,737,8M31382,5,Hestmannøy,1.5831535286975567e-05,2662,0.2422655406514571,50
7,Onøy og Lurøy,2,2014,3768,3768,8N87989,13,Southern 3,1.5809836025201806e-05,2663,0.2422655406514571,50
7,Onøy og Lurøy,2,2014,3997,3997,8P14865,15,Southern 5,1.571306191716318e-05,2664,0.2422655406514571,50
7,Onøy og Lurøy,2,2014,3654,3654,8N87874,13,Southern 3,1.5628742922449078e-05,2665,0.2422655406514571,50
7,Onøy og Lurøy,2,2014,3692,3692,8N87913,13,Southern 3,1.5573450568147908e-05,2666,0.2422655406514571,50
7,Onøy og Lurøy,2,2014,2545,2545,8N28469,2,Træna,1.5523829261413725e-05,2667,0.2422655406514571,50
7,Onøy og Lurøy,2,2014,962,962,8M71367,12,Southern 2,1.5396430635114776e-05,2668,0.2422655406514571,50
7,Onøy og Lurøy,2,2014,3164,3164,8N73528,4,Gjerøy,1.519429482272086e-05,2669,0.2422655406514571,50
7,Onøy og Lurøy,2,2014,928,928,8M71296,5,Hestmannøy,1.5037062890102641e-05,2670,0.2422655406514571,50
7,Onøy og Lurøy,2,2014,3695,3695,8N87916,13,Southern 3,1.495956131738251e-05,2671,0.2422655406514571,50
7,Onøy og Lurøy,2,2014,2689,2689,8N42501,5,Hestmannøy,1.4923646331596388e-05,2672,0.2422655406514571,50
7,Onøy og Lurøy,2,2014,219,219,8L48555,3,Selvær,1.4483682819178e-05,2673,0.2422655406514571,50
7,Onøy og Lurøy,2,2014,4497,4497,8732697,4,Gjerøy,1.3389349034567277e-05,2674,0.2422655406514571,50
7,Onøy og Lurøy,2,2014,2258,2258,8N14646,13,Southern 3,1.3205737642128495e-05,2675,0.2422655406514571,50
7,Onøy og Lurøy,2,2014,1824,1824,8N06885,11,Southern 1,1.319098648733634e-05,2676,0.2422655406514571,50
7,Onøy og Lurøy,2,2014,4448,4448,8732279,1,Myken,1.2909497343828231e-05,2677,0.2422655406514571,50
7,Onøy og Lurøy,2,2014,348,348,8L52404,6,Indre Kvarøy,1.2715102404030803e-05,2678,0.2422655406514571,50
7,Onøy og Lurøy,2,2014,4036,4036,8P14972,14,Southern 4,1.2693932716890243e-05,2679,0.2422655406514571,50
7,Onøy og Lurøy,2,2014,5318,5318,8981092,11,Southern 1,1.2468106954305198e-05,2680,0.2422655406514571,50
7,Onøy og Lurøy,2,2014,3259,3259,8N73685,13,Southern 3,1.2459551576442361e-05,2681,0.2422655406514571,50
7,Onøy og Lurøy,2,2014,379,379,8L52909,2,Træna,1.2451216498421333e-05,2682,0.2422655406514571,50
7,Onøy og Lurøy,2,2014,3844,3844,8P11570,14,Southern 4,1.1835940713557508e-05,2683,0.2422655406514571,50
7,Onøy og Lurøy,2,2014,685,685,8M31126,2,Træna,1.1746131761284432e-05,2684,0.2422655406514571,50
7,Onøy og Lurøy,2,2014,3584,3584,8N87801,14,Southern 4,1.163482829344524e-05,2685,0.2422655406514571,50
7,Onøy og Lurøy,2,2014,3585,3585,8N87802,14,Southern 4,1.1604521185635473e-05,2686,0.2422655406514571,50
7,Onøy og Lurøy,2,2014,4709,4709,8800077,5,Hestmannøy,1.1602730850402663e-05,2687,0.2422655406514571,50
7,Onøy og Lurøy,2,2014,3590,3590,8N87807,14,Southern 4,1.1565634441643114e-05,2688,0.2422655406514571,50
7,Onøy og Lurøy,2,2014,3597,3597,8N87814,14,Southern 4,1.119358252532292e-05,2689,0.2422655406514571,50
7,Onøy og Lurøy,2,2014,2589,2589,8N28774,5,Hestmannøy,1.0454081611342321e-05,2690,0.2422655406514571,50
7,Onøy og Lurøy,2,2014,1769,1769,8N06829,11,Southern 1,1.0427105687301555e-05,2691,0.2422655406514571,50
7,Onøy og Lurøy,2,2014,389,389,8L52956,5,Hestmannøy,1.0121410644193529e-05,2692,0.2422655406514571,50
7,Onøy og Lurøy,2,2014,849,849,8M31938,5,Hestmannøy,9.724331124738479e-06,2693,0.2422655406514571,50
7,Onøy og Lurøy,2,2014,2610,2610,8N28812,5,Hestmannøy,9.721087383268413e-06,2694,0.2422655406514571,50
7,Onøy og Lurøy,2,2014,2755,2755,8N42794,4,Gjerøy,9.55851748656581e-06,2695,0.2422655406514571,50
7,Onøy og Lurøy,2,2014,3119,3119,8N73470,11,Southern 1,9.34656288193691e-06,2696,0.2422655406514571,50
7,Onøy og Lurøy,2,2014,2723,2723,8N42679,5,Hestmannøy,9.064851549161617e-06,2697,0.2422655406514571,50
7,Onøy og Lurøy,2,2014,3190,3190,8N73616,14,Southern 4,8.995947351478004e-06,2698,0.2422655406514571,50
7,Onøy og Lurøy,2,2014,717,717,8L89770,13,Southern 3,8.813793123330993e-06,2699,0.2422655406514571,50
7,Onøy og Lurøy,2,2014,2360,2360,8N27072,14,Southern 4,8.729133777623338e-06,2700,0.2422655406514571,50
7,Onøy og Lurøy,2,2014,2596,2596,8N28785,15,Southern 5,8.38651583049712e-06,2701,0.2422655406514571,50
7,Onøy og Lurøy,2,2014,4738,4738,8800321,10,Aldra,8.364416928710594e-06,2702,0.2422655406514571,50
7,Onøy og Lurøy,2,2014,864,864,8M71061,5,Hestmannøy,8.330629558611358e-06,2703,0.2422655406514571,50
7,Onøy og Lurøy,2,2014,3766,3766,8N87987,13,Southern 3,8.326375837452437e-06,2704,0.2422655406514571,50
7,Onøy og Lurøy,2,2014,5054,5054,8934355,6,Indre Kvarøy,8.02597828299969e-06,2705,0.2422655406514571,50
7,Onøy og Lurøy,2,2014,3701,3701,8N87922,13,Southern 3,8.019509972219189e-06,2706,0.2422655406514571,50
7,Onøy og Lurøy,2,2014,3569,3569,8N87692,9,Sleneset,8.010070778009423e-06,2707,0.2422655406514571,50
7,Onøy og Lurøy,2,2014,295,295,8L52310,5,Hestmannøy,7.900186795030978e-06,2708,0.2422655406514571,50
7,Onøy og Lurøy,2,2014,3176,3176,8N73602,14,Southern 4,7.876325470384925e-06,2709,0.2422655406514571,50
7,Onøy og Lurøy,2,2014,3750,3750,8N87971,13,Southern 3,7.872654056740592e-06,2710,0.2422655406514571,50
7,Onøy og Lurøy,2,2014,4221,4221,8651665,6,Indre Kvarøy,7.868606785352978e-06,2711,0.2422655406514571,50
7,Onøy og Lurøy,2,2014,4162,4162,8309283,5,Hestmannøy,7.777588954792862e-06,2712,0.2422655406514571,50
7,Onøy og Lurøy,2,2014,3315,3315,8N73926,11,Southern 1,7.726515406566124e-06,2713,0.2422655406514571,50
7,Onøy og Lurøy,2,2014,1464,1464,8N05602,14,Southern 4,7.413933241083373e-06,2714,0.2422655406514571,50
7,Onøy og Lurøy,2,2014,1007,1007,8M31640,10,Aldra,7.315027251179746e-06,2715,0.2422655406514571,50
7,Onøy og Lurøy,2,2014,1385,1385,8N05265,13,Southern 3,7.300577559539722e-06,2716,0.2422655406514571,50
7,Onøy og Lurøy,2,2014,5324,5324,8981163,12,Southern 2,7.19352608813343e-06,2717,0.2422655406514571,50
7,Onøy og Lurøy,2,2014,548,548,8L89299,10,Aldra,6.951520335526373e-06,2718,0.2422655406514571,50
7,Onøy og Lurøy,2,2014,3975,3975,8P14843,14,Southern 4,6.316392503724535e-06,2719,0.2422655406514571,50
7,Onøy og Lurøy,2,2014,2817,2817,8N72438,8,Lovund,6.2591422905051635e-06,2720,0.2422655406514571,50
7,Onøy og Lurøy,2,2014,2463,2463,8N27865,6,Indre Kvarøy,6.253877658575474e-06,2721,0.2422655406514571,50
7,Onøy og Lurøy,2,2014,2294,2294,8N14682,13,Southern 3,6.202440222440181e-06,2722,0.2422655406514571,50
7,Onøy og Lurøy,2,2014,3314,3314,8N73925,11,Southern 1,6.149642491668217e-06,2723,0.2422655406514571,50
7,Onøy og Lurøy,2,2014,1097,1097,8M72562,11,Southern 1,5.432312198062963e-06,2724,0.2422655406514571,50
7,Onøy og Lurøy,2,2014,2367,2367,8N27079,14,Southern 4,5.421177066903815e-06,2725,0.2422655406514571,50
7,Onøy og Lurøy,2,2014,4977,4977,8887472,4,Gjerøy,5.183722453466955e-06,2726,0.2422655406514571,50
7,Onøy og Lurøy,2,2014,5287,5287,8800422,10,Aldra,5.137288840098702e-06,2727,0.2422655406514571,50
7,Onøy og Lurøy,2,2014,2006,2006,8N13851,15,Southern 5,5.026061301817257e-06,2728,0.2422655406514571,50
7,Onøy og Lurøy,2,2014,4851,4851,8857230,5,Hestmannøy,5.0140345292643e-06,2729,0.2422655406514571,50
7,Onøy og Lurøy,2,2014,670,670,8L89847,5,Hestmannøy,4.886181194369912e-06,2730,0.2422655406514571,50
7,Onøy og Lurøy,2,2014,1248,1248,8N05126,12,Southern 2,4.668195614962144e-06,2731,0.2422655406514571,50
7,Onøy og Lurøy,2,2014,245,245,8L48752,11,Southern 1,4.4469505253522115e-06,2732,0.2422655406514571,50
7,Onøy og Lurøy,2,2014,1360,1360,8N05239,13,Southern 3,4.406720695625393e-06,2733,0.2422655406514571,50
7,Onøy og Lurøy,2,2014,3194,3194,8N73620,13,Southern 3,4.387528233055007e-06,2734,0.2422655406514571,50
7,Onøy og Lurøy,2,2014,2413,2413,8N27328,4,Gjerøy,4.345840308085762e-06,2735,0.2422655406514571,50
7,Onøy og Lurøy,2,2014,4108,4108,8168636,5,Hestmannøy,4.296403262939799e-06,2736,0.2422655406514571,50
7,Onøy og Lurøy,2,2014,134,134,8L30758,11,Southern 1,4.178232760624207e-06,2737,0.2422655406514571,50
7,Onøy og Lurøy,2,2014,3466,3466,8N87523,11,Southern 1,4.117167431806848e-06,2738,0.2422655406514571,50
7,Onøy og Lurøy,2,2014,4290,4290,8681063,9,Sleneset,4.098598155733457e-06,2739,0.2422655406514571,50
7,Onøy og Lurøy,2,2014,4560,4560,8747399,6,Indre Kvarøy,3.627227007136358e-06,2740,0.2422655406514571,50
7,Onøy og Lurøy,2,2014,1435,1435,8N05437,6,Indre Kvarøy,3.588244606946775e-06,2741,0.2422655406514571,50
7,Onøy og Lurøy,2,2014,217,217,8L48480,4,Gjerøy,3.412702595668032e-06,2742,0.2422655406514571,50
7,Onøy og Lurøy,2,2014,4555,4555,8747366,5,Hestmannøy,3.38965181146492e-06,2743,0.2422655406514571,50
7,Onøy og Lurøy,2,2014,2394,2394,8N27200,14,Southern 4,3.2146092913675276e-06,2744,0.2422655406514571,50
7,Onøy og Lurøy,2,2014,4788,4788,8800550,5,Hestmannøy,3.1492056133417424e-06,2745,0.2422655406514571,50
7,Onøy og Lurøy,2,2014,757,757,8M31524,4,Gjerøy,3.121013118270316e-06,2746,0.2422655406514571,50
7,Onøy og Lurøy,2,2014,1810,1810,8N06870,11,Southern 1,2.979590385991798e-06,2747,0.2422655406514571,50
7,Onøy og Lurøy,2,2014,4931,4931,8887277,5,Hestmannøy,2.9025937552495938e-06,2748,0.2422655406514571,50
7,Onøy og Lurøy,2,2014,2494,2494,8N27964,1,Myken,2.610250350588636e-06,2749,0.2422655406514571,50
7,Onøy og Lurøy,2,2014,3715,3715,8N87936,13,Southern 3,2.584382926851675e-06,2750,0.2422655406514571,50
7,Onøy og Lurøy,2,2014,43,43,8L19932,10,Aldra,2.1857062447801397e-06,2751,0.2422655406514571,50
7,Onøy og Lurøy,2,2014,284,284,8L52228,8,Lovund,2.1714537452636235e-06,2752,0.2422655406514571,50
7,Onøy og Lurøy,2,2014,1333,1333,8N05212,12,Southern 2,2.0662481261300713e-06,2753,0.2422655406514571,50
7,Onøy og Lurøy,2,2014,813,813,8L89497,11,Southern 1,1.9094929334639854e-06,2754,0.2422655406514571,50
7,Onøy og Lurøy,2,2014,857,857,8M31969,5,Hestmannøy,1.6842415660118029e-06,2755,0.2422655406514571,50
7,Onøy og Lurøy,2,2014,107,107,8L30485,12,Southern 2,1.5231882101475295e-06,2756,0.2422655406514571,50
7,Onøy og Lurøy,2,2014,1378,1378,8N05258,13,Southern 3,1.2801082391560027e-06,2757,0.2422655406514571,50
7,Onøy og Lurøy,2,2014,3814,3814,8P11539,15,Southern 5,1.2163488645099834e-06,2758,0.2422655406514571,50
7,Onøy og Lurøy,2,2014,5303,5303,8981020,4,Gjerøy,1.1553349010233644e-06,2759,0.2422655406514571,50
7,Onøy og Lurøy,2,2014,3811,3811,8P11536,15,Southern 5,1.0904580514168367e-06,2760,0.2422655406514571,50
7,Onøy og Lurøy,2,2014,5286,5286,8943803,10,Aldra,1.040405194290897e-06,2761,0.2422655406514571,50
7,Onøy og Lurøy,2,2014,5225,5225,8939933,11,Southern 1,1.021693928832338e-06,2762,0.2422655406514571,50
7,Onøy og Lurøy,2,2014,2309,2309,8N14784,6,Indre Kvarøy,8.664501649377487e-07,2763,0.2422655406514571,50
7,Onøy og Lurøy,2,2014,2171,2171,8N14556,11,Southern 1,8.265250293169879e-07,2764,0.2422655406514571,50
7,Onøy og Lurøy,2,2014,3244,3244,8N73670,13,Southern 3,7.084065163624406e-07,2765,0.2422655406514571,50
7,Onøy og Lurøy,2,2014,3737,3737,8N87958,13,Southern 3,5.697644171153219e-07,2766,0.2422655406514571,50
7,Onøy og Lurøy,2,2014,4075,4075,8P26518,9,Sleneset,5.552573546550691e-07,2767,0.2422655406514571,50
7,Onøy og Lurøy,2,2014,321,321,8L52360,11,Southern 1,4.063875625025942e-07,2768,0.2422655406514571,50
7,Onøy og Lurøy,2,2014,5045,5045,8934304,5,Hestmannøy,3.354581253722615e-07,2769,0.2422655406514571,50
7,Onøy og Lurøy,2,2014,3910,3910,8P14262,5,Hestmannøy,1.7268209486658025e-07,2770,0.2422655406514571,50
7,Onøy og Lurøy,2,2014,1224,1224,8N05102,12,Southern 2,9.447385618047144e-08,2771,0.2422655406514571,50
7,Onøy og Lurøy,2,2014,1730,1730,8N06683,14,Southern 4,-2.6412300597501714e-09,2772,0.2422655406514571,50
7,Onøy og Lurøy,2,2014,2710,2710,8N42533,4,Gjerøy,-6.91941794686568e-08,2773,0.2422655406514571,50
7,Onøy og Lurøy,2,2014,2903,2903,8N72904,13,Southern 3,-9.182365599269549e-08,2774,0.2422655406514571,50
7,Onøy og Lurøy,2,2014,905,905,8M71227,6,Indre Kvarøy,-2.6610911196690843e-07,2775,0.2422655406514571,50
7,Onøy og Lurøy,2,2014,3351,3351,8N73962,12,Southern 2,-4.0416940317117287e-07,2776,0.2422655406514571,50
7,Onøy og Lurøy,2,2014,521,521,8L89003,14,Southern 4,-4.5963354747685646e-07,2777,0.2422655406514571,50
7,Onøy og Lurøy,2,2014,2035,2035,8N13956,6,Indre Kvarøy,-5.521346766289292e-07,2778,0.2422655406514571,50
7,Onøy og Lurøy,2,2014,1674,1674,8N06470,12,Southern 2,-5.826278450923525e-07,2779,0.2422655406514571,50
7,Onøy og Lurøy,2,2014,4383,4383,8730458,9,Sleneset,-5.848378116647679e-07,2780,0.2422655406514571,50
7,Onøy og Lurøy,2,2014,2680,2680,8N42442,14,Southern 4,-6.257705599762436e-07,2781,0.2422655406514571,50
7,Onøy og Lurøy,2,2014,1339,1339,8N05218,12,Southern 2,-1.1717376200241769e-06,2782,0.2422655406514571,50
7,Onøy og Lurøy,2,2014,4474,4474,8732644,5,Hestmannøy,-1.3243339570504637e-06,2783,0.2422655406514571,50
7,Onøy og Lurøy,2,2014,2143,2143,8N14527,11,Southern 1,-1.643615164493989e-06,2784,0.2422655406514571,50
7,Onøy og Lurøy,2,2014,3693,3693,8N87914,13,Southern 3,-1.6974358291211438e-06,2785,0.2422655406514571,50
7,Onøy og Lurøy,2,2014,2012,2012,8N13857,15,Southern 5,-1.8048496747171545e-06,2786,0.2422655406514571,50
7,Onøy og Lurøy,2,2014,3061,3061,8N73312,15,Southern 5,-1.9389915608943735e-06,2787,0.2422655406514571,50
7,Onøy og Lurøy,2,2014,2555,2555,8N28550,3,Selvær,-2.102618770502777e-06,2788,0.2422655406514571,50
7,Onøy og Lurøy,2,2014,1430,1430,8N05358,15,Southern 5,-2.1480862977024673e-06,2789,0.2422655406514571,50
7,Onøy og Lurøy,2,2014,3028,3028,8N73230,12,Southern 2,-2.170738962540622e-06,2790,0.2422655406514571,50
7,Onøy og Lurøy,2,2014,1474,1474,8N05612,14,Southern 4,-2.1809067762011866e-06,2791,0.2422655406514571,50
7,Onøy og Lurøy,2,2014,2508,2508,8N28082,2,Træna,-2.454215044104674e-06,2792,0.2422655406514571,50
7,Onøy og Lurøy,2,2014,878,878,8M71100,5,Hestmannøy,-2.5720836684046954e-06,2793,0.2422655406514571,50
7,Onøy og Lurøy,2,2014,5217,5217,8939890,9,Sleneset,-2.8958883859413892e-06,2794,0.2422655406514571,50
7,Onøy og Lurøy,2,2014,2658,2658,8N42214,9,Sleneset,-2.9854168177913254e-06,2795,0.2422655406514571,50
7,Onøy og Lurøy,2,2014,1272,1272,8N05150,12,Southern 2,-3.1567668427384677e-06,2796,0.2422655406514571,50
7,Onøy og Lurøy,2,2014,691,691,8M31206,6,Indre Kvarøy,-3.2359315664904145e-06,2797,0.2422655406514571,50
7,Onøy og Lurøy,2,2014,4126,4126,8168768,5,Hestmannøy,-3.425414081209173e-06,2798,0.2422655406514571,50
7,Onøy og Lurøy,2,2014,4052,4052,8P14986,14,Southern 4,-3.7863449962952446e-06,2799,0.2422655406514571,50
7,Onøy og Lurøy,2,2014,4302,4302,8681081,5,Hestmannøy,-3.8299882076075e-06,2800,0.2422655406514571,50
7,Onøy og Lurøy,2,2014,4488,4488,8732676,4,Gjerøy,-4.036723008108145e-06,2801,0.2422655406514571,50
7,Onøy og Lurøy,2,2014,2005,2005,8N13850,15,Southern 5,-4.093893272299476e-06,2802,0.2422655406514571,50
7,Onøy og Lurøy,2,2014,4042,4042,8P14979,14,Southern 4,-4.140471944212437e-06,2803,0.2422655406514571,50
7,Onøy og Lurøy,2,2014,4918,4918,8887221,4,Gjerøy,-4.452304764277284e-06,2804,0.2422655406514571,50
7,Onøy og Lurøy,2,2014,2400,2400,8N27259,5,Hestmannøy,-4.625464312173478e-06,2805,0.2422655406514571,50
7,Onøy og Lurøy,2,2014,2703,2703,8N42522,5,Hestmannøy,-4.675590730309608e-06,2806,0.2422655406514571,50
7,Onøy og Lurøy,2,2014,2197,2197,8N14583,11,Southern 1,-4.812533055192705e-06,2807,0.2422655406514571,50
7,Onøy og Lurøy,2,2014,3366,3366,8N73977,12,Southern 2,-5.540935229488564e-06,2808,0.2422655406514571,50
7,Onøy og Lurøy,2,2014,1148,1148,8M72699,14,Southern 4,-6.000368474998255e-06,2809,0.2422655406514571,50
7,Onøy og Lurøy,2,2014,2598,2598,8N28787,15,Southern 5,-6.123723908653955e-06,2810,0.2422655406514571,50
7,Onøy og Lurøy,2,2014,2284,2284,8N14672,13,Southern 3,-6.138290165611168e-06,2811,0.2422655406514571,50
7,Onøy og Lurøy,2,2014,249,249,8L48757,11,Southern 1,-6.225637117838745e-06,2812,0.2422655406514571,50
7,Onøy og Lurøy,2,2014,4050,4050,8P14984,14,Southern 4,-6.705876586948836e-06,2813,0.2422655406514571,50
7,Onøy og Lurøy,2,2014,4910,4910,8887130,3,Selvær,-6.7752474759798624e-06,2814,0.2422655406514571,50
7,Onøy og Lurøy,2,2014,2844,2844,8N72639,2,Træna,-6.9035861965073555e-06,2815,0.2422655406514571,50
7,Onøy og Lurøy,2,2014,4986,4986,8904575,11,Southern 1,-6.9225044895367325e-06,2816,0.2422655406514571,50
7,Onøy og Lurøy,2,2014,1139,1139,8M72673,4,Gjerøy,-7.531673230927235e-06,2817,0.2422655406514571,50
7,Onøy og Lurøy,2,2014,5369,5369,8981359,11,Southern 1,-7.681868918301238e-06,2818,0.2422655406514571,50
7,Onøy og Lurøy,2,2014,4583,4583,8747553,10,Aldra,-7.686039544708424e-06,2819,0.2422655406514571,50
7,Onøy og Lurøy,2,2014,2985,2985,8N73181,15,Southern 5,-8.07370403334666e-06,2820,0.2422655406514571,50
7,Onøy og Lurøy,2,2014,3448,3448,8N87362,5,Hestmannøy,-8.162313995202681e-06,2821,0.2422655406514571,50
7,Onøy og Lurøy,2,2014,1304,1304,8N05182,13,Southern 3,-8.232292843798617e-06,2822,0.2422655406514571,50
7,Onøy og Lurøy,2,2014,2581,2581,8N28737,2,Træna,-8.287984160569983e-06,2823,0.2422655406514571,50
7,Onøy og Lurøy,2,2014,5363,5363,8981331,11,Southern 1,-8.474447363739471e-06,2824,0.2422655406514571,50
7,Onøy og Lurøy,2,2014,3130,3130,8N73482,11,Southern 1,-8.55435787825612e-06,2825,0.2422655406514571,50
7,Onøy og Lurøy,2,2014,504,504,8L64869,11,Southern 1,-8.965520120180083e-06,2826,0.2422655406514571,50
7,Onøy og Lurøy,2,2014,4199,4199,8598591,1,Myken,-9.265324765052042e-06,2827,0.2422655406514571,50
7,Onøy og Lurøy,2,2014,4649,4649,8747872,6,Indre Kvarøy,-9.373151695526508e-06,2828,0.2422655406514571,50
7,Onøy og Lurøy,2,2014,1038,1038,8M72009,6,Indre Kvarøy,-9.487282681368003e-06,2829,0.2422655406514571,50
7,Onøy og Lurøy,2,2014,4562,4562,8747408,0,Nesøy,-9.685197051531869e-06,2830,0.2422655406514571,50
7,Onøy og Lurøy,2,2014,168,168,8L30890,5,Hestmannøy,-9.893194086810844e-06,2831,0.2422655406514571,50
7,Onøy og Lurøy,2,2014,5036,5036,8934224,4,Gjerøy,-9.927283382883123e-06,2832,0.2422655406514571,50
7,Onøy og Lurøy,2,2014,2940,2940,8N72942,13,Southern 3,-1.0044947815428425e-05,2833,0.2422655406514571,50
7,Onøy og Lurøy,2,2014,75,75,8L30001,10,Aldra,-1.0132372873862379e-05,2834,0.2422655406514571,50
7,Onøy og Lurøy,2,2014,2411,2411,8N27324,6,Indre Kvarøy,-1.033599096204714e-05,2835,0.2422655406514571,50
7,Onøy og Lurøy,2,2014,5227,5227,8943012,10,Aldra,-1.0381690148662751e-05,2836,0.2422655406514571,50
7,Onøy og Lurøy,2,2014,4542,4542,8747281,3,Selvær,-1.0430623606706088e-05,2837,0.2422655406514571,50
7,Onøy og Lurøy,2,2014,4848,4848,8857220,5,Hestmannøy,-1.072207303704345e-05,2838,0.2422655406514571,50
7,Onøy og Lurøy,2,2014,2103,2103,8N14288,15,Southern 5,-1.0838924654124485e-05,2839,0.2422655406514571,50
7,Onøy og Lurøy,2,2014,2243,2243,8N14629,13,Southern 3,-1.0898267151995405e-05,2840,0.2422655406514571,50
7,Onøy og Lurøy,2,2014,87,87,8L30286,5,Hestmannøy,-1.0974096384931547e-05,2841,0.2422655406514571,50
7,Onøy og Lurøy,2,2014,2186,2186,8N14572,11,Southern 1,-1.1205335994069476e-05,2842,0.2422655406514571,50
7,Onøy og Lurøy,2,2014,4568,4568,8747497,3,Selvær,-1.1210036195846638e-05,2843,0.2422655406514571,50
7,Onøy og Lurøy,2,2014,3873,3873,8P11884,14,Southern 4,-1.1380889040205482e-05,2844,0.2422655406514571,50
7,Onøy og Lurøy,2,2014,792,792,8M31717,6,Indre Kvarøy,-1.1429443114233523e-05,2845,0.2422655406514571,50
7,Onøy og Lurøy,2,2014,4967,4967,8887422,3,Selvær,-1.1499594511525241e-05,2846,0.2422655406514571,50
7,Onøy og Lurøy,2,2014,4646,4646,8747862,9,Sleneset,-1.1532914823595403e-05,2847,0.2422655406514571,50
7,Onøy og Lurøy,2,2014,1264,1264,8N05142,12,Southern 2,-1.1813283307635197e-05,2848,0.2422655406514571,50
7,Onøy og Lurøy,2,2014,1616,1616,8N05894,11,Southern 1,-1.1815943417963337e-05,2849,0.2422655406514571,50
7,Onøy og Lurøy,2,2014,3893,3893,8P14064,5,Hestmannøy,-1.1825478033239342e-05,2850,0.2422655406514571,50
7,Onøy og Lurøy,2,2014,3322,3322,8N73933,12,Southern 2,-1.1869999146353347e-05,2851,0.2422655406514571,50
7,Onøy og Lurøy,2,2014,2194,2194,8N14580,11,Southern 1,-1.1880686689604847e-05,2852,0.2422655406514571,50
7,Onøy og Lurøy,2,2014,4147,4147,8309197,5,Hestmannøy,-1.198404925704482e-05,2853,0.2422655406514571,50
7,Onøy og Lurøy,2,2014,1511,1511,8N05656,13,Southern 3,-1.2006740555893895e-05,2854,0.2422655406514571,50
7,Onøy og Lurøy,2,2014,2792,2792,8N72132,9,Sleneset,-1.2090816353889208e-05,2855,0.2422655406514571,50
7,Onøy og Lurøy,2,2014,598,598,8L89512,5,Hestmannøy,-1.2162554578681804e-05,2856,0.2422655406514571,50
7,Onøy og Lurøy,2,2014,2214,2214,8N14600,11,Southern 1,-1.227517171795917e-05,2857,0.2422655406514571,50
7,Onøy og Lurøy,2,2014,3277,3277,8N73763,14,Southern 4,-1.2558988153969878e-05,2858,0.2422655406514571,50
7,Onøy og Lurøy,2,2014,1612,1612,8N05889,11,Southern 1,-1.2585545109105174e-05,2859,0.2422655406514571,50
7,Onøy og Lurøy,2,2014,651,651,8L89734,4,Gjerøy,-1.2898768351790323e-05,2860,0.2422655406514571,50
7,Onøy og Lurøy,2,2014,4634,4634,8747759,4,Gjerøy,-1.2981452235995005e-05,2861,0.2422655406514571,50
7,Onøy og Lurøy,2,2014,1571,1571,8N05749,4,Gjerøy,-1.3113182556811642e-05,2862,0.2422655406514571,50
7,Onøy og Lurøy,2,2014,21,21,8L19813,5,Hestmannøy,-1.3483431111574914e-05,2863,0.2422655406514571,50
7,Onøy og Lurøy,2,2014,1025,1025,8M71819,6,Indre Kvarøy,-1.3710120142023045e-05,2864,0.2422655406514571,50
7,Onøy og Lurøy,2,2014,1260,1260,8N05138,12,Southern 2,-1.379694782035095e-05,2865,0.2422655406514571,50
7,Onøy og Lurøy,2,2014,4854,4854,8857233,6,Indre Kvarøy,-1.3851067283206282e-05,2866,0.2422655406514571,50
7,Onøy og Lurøy,2,2014,3307,3307,8N73918,11,Southern 1,-1.3987111029192205e-05,2867,0.2422655406514571,50
7,Onøy og Lurøy,2,2014,558,558,8L89355,5,Hestmannøy,-1.4296086931713525e-05,2868,0.2422655406514571,50
7,Onøy og Lurøy,2,2014,5075,5075,8934460,4,Gjerøy,-1.4365124216539245e-05,2869,0.2422655406514571,50
7,Onøy og Lurøy,2,2014,335,335,8L52387,11,Southern 1,-1.4427473266672985e-05,2870,0.2422655406514571,50
7,Onøy og Lurøy,2,2014,3175,3175,8N73601,14,Southern 4,-1.4533605558165603e-05,2871,0.2422655406514571,50
7,Onøy og Lurøy,2,2014,693,693,8L89786,13,Southern 3,-1.4677054311930011e-05,2872,0.2422655406514571,50
7,Onøy og Lurøy,2,2014,3246,3246,8N73672,13,Southern 3,-1.4779677503493001e-05,2873,0.2422655406514571,50
7,Onøy og Lurøy,2,2014,1807,1807,8N06867,11,Southern 1,-1.488956023169629e-05,2874,0.2422655406514571,50
7,Onøy og Lurøy,2,2014,3159,3159,8N73519,5,Hestmannøy,-1.4924726692213467e-05,2875,0.2422655406514571,50
7,Onøy og Lurøy,2,2014,5259,5259,8943402,5,Hestmannøy,-1.5189338766867024e-05,2876,0.2422655406514571,50
7,Onøy og Lurøy,2,2014,1903,1903,8N13603,14,Southern 4,-1.5258492966085321e-05,2877,0.2422655406514571,50
7,Onøy og Lurøy,2,2014,5231,5231,8943025,5,Hestmannøy,-1.5293758997663928e-05,2878,0.2422655406514571,50
7,Onøy og Lurøy,2,2014,2389,2389,8N27195,14,Southern 4,-1.5553971226491685e-05,2879,0.2422655406514571,50
7,Onøy og Lurøy,2,2014,4879,4879,8857620,1,Myken,-1.560156306590985e-05,2880,0.2422655406514571,50
7,Onøy og Lurøy,2,2014,3550,3550,8N87613,15,Southern 5,-1.5662295166874415e-05,2881,0.2422655406514571,50
7,Onøy og Lurøy,2,2014,3843,3843,8P11569,14,Southern 4,-1.5741004258493888e-05,2882,0.2422655406514571,50
7,Onøy og Lurøy,2,2014,1638,1638,8N06178,9,Sleneset,-1.5761741128055597e-05,2883,0.2422655406514571,50
7,Onøy og Lurøy,2,2014,2172,2172,8N14557,11,Southern 1,-1.59002008926553e-05,2884,0.2422655406514571,50
7,Onøy og Lurøy,2,2014,5088,5088,8934529,1,Myken,-1.6099770299322706e-05,2885,0.2422655406514571,50
7,Onøy og Lurøy,2,2014,3022,3022,8N73224,12,Southern 2,-1.6244338870264398e-05,2886,0.2422655406514571,50
7,Onøy og Lurøy,2,2014,1855,1855,8N13081,14,Southern 4,-1.625694200352513e-05,2887,0.2422655406514571,50
7,Onøy og Lurøy,2,2014,4127,4127,8168769,5,Hestmannøy,-1.6315736753932248e-05,2888,0.2422655406514571,50
7,Onøy og Lurøy,2,2014,4145,4145,8309191,4,Gjerøy,-1.6468038212150148e-05,2889,0.2422655406514571,50
7,Onøy og Lurøy,2,2014,4893,4893,8866745,4,Gjerøy,-1.648487396771342e-05,2890,0.2422655406514571,50
7,Onøy og Lurøy,2,2014,2233,2233,8N14619,13,Southern 3,-1.6566840666890904e-05,2891,0.2422655406514571,50
7,Onøy og Lurøy,2,2014,1522,1522,8N05362,15,Southern 5,-1.6640351110330243e-05,2892,0.2422655406514571,50
7,Onøy og Lurøy,2,2014,4013,4013,8P14932,14,Southern 4,-1.6753541116011594e-05,2893,0.2422655406514571,50
7,Onøy og Lurøy,2,2014,1017,1017,8M71672,3,Selvær,-1.6866678037602105e-05,2894,0.2422655406514571,50
7,Onøy og Lurøy,2,2014,5312,5312,8981036,4,Gjerøy,-1.695944177558621e-05,2895,0.2422655406514571,50
7,Onøy og Lurøy,2,2014,965,965,8M71377,12,Southern 2,-1.7260407210738654e-05,2896,0.2422655406514571,50
7,Onøy og Lurøy,2,2014,2154,2154,8N14538,11,Southern 1,-1.7448068831700803e-05,2897,0.2422655406514571,50
7,Onøy og Lurøy,2,2014,332,332,8L52383,11,Southern 1,-1.746161076730279e-05,2898,0.2422655406514571,50
7,Onøy og Lurøy,2,2014,3694,3694,8N87915,13,Southern 3,-1.755529902378732e-05,2899,0.2422655406514571,50
7,Onøy og Lurøy,2,2014,2459,2459,8N27834,6,Indre Kvarøy,-1.757029765927391e-05,2900,0.2422655406514571,50
7,Onøy og Lurøy,2,2014,2235,2235,8N14621,13,Southern 3,-1.7806205085641275e-05,2901,0.2422655406514571,50
7,Onøy og Lurøy,2,2014,800,800,8L89553,12,Southern 2,-1.7882781249664512e-05,2902,0.2422655406514571,50
7,Onøy og Lurøy,2,2014,3419,3419,8N87226,3,Selvær,-1.8353710815316084e-05,2903,0.2422655406514571,50
7,Onøy og Lurøy,2,2014,3000,3000,8N73196,15,Southern 5,-1.8364701868603393e-05,2904,0.2422655406514571,50
7,Onøy og Lurøy,2,2014,3942,3942,8P14665,3,Selvær,-1.8550596471885867e-05,2905,0.2422655406514571,50
7,Onøy og Lurøy,2,2014,124,124,8L30697,12,Southern 2,-1.8877099736178855e-05,2906,0.2422655406514571,50
7,Onøy og Lurøy,2,2014,721,721,8M31325,4,Gjerøy,-1.924085543265265e-05,2907,0.2422655406514571,50
7,Onøy og Lurøy,2,2014,205,205,8L48454,5,Hestmannøy,-1.9379418396393115e-05,2908,0.2422655406514571,50
7,Onøy og Lurøy,2,2014,3552,3552,8N87615,15,Southern 5,-1.9501998904886407e-05,2909,0.2422655406514571,50
7,Onøy og Lurøy,2,2014,3406,3406,8N87072,5,Hestmannøy,-1.951364893790478e-05,2910,0.2422655406514571,50
7,Onøy og Lurøy,2,2014,1141,1141,8M72678,5,Hestmannøy,-1.984673400179833e-05,2911,0.2422655406514571,50
7,Onøy og Lurøy,2,2014,4427,4427,8730970,2,Træna,-1.993611347712032e-05,2912,0.2422655406514571,50
7,Onøy og Lurøy,2,2014,5138,5138,8939163,6,Indre Kvarøy,-2.0009860293306937e-05,2913,0.2422655406514571,50
7,Onøy og Lurøy,2,2014,1910,1910,8N13601,14,Southern 4,-2.021836839530722e-05,2914,0.2422655406514571,50
7,Onøy og Lurøy,2,2014,4742,4742,8800354,5,Hestmannøy,-2.0637312654647014e-05,2915,0.2422655406514571,50
7,Onøy og Lurøy,2,2014,2234,2234,8N14620,13,Southern 3,-2.0652352856797205e-05,2916,0.2422655406514571,50
7,Onøy og Lurøy,2,2014,4138,4138,8309164,10,Aldra,-2.102900774726288e-05,2917,0.2422655406514571,50
7,Onøy og Lurøy,2,2014,1223,1223,8N05101,14,Southern 4,-2.1143788288136566e-05,2918,0.2422655406514571,50
7,Onøy og Lurøy,2,2014,3756,3756,8N87977,13,Southern 3,-2.1150685849403995e-05,2919,0.2422655406514571,50
7,Onøy og Lurøy,2,2014,4217,4217,8651600,3,Selvær,-2.1189650716078867e-05,2920,0.2422655406514571,50
7,Onøy og Lurøy,2,2014,1611,1611,8N05887,11,Southern 1,-2.1345745068772348e-05,2921,0.2422655406514571,50
7,Onøy og Lurøy,2,2014,4479,4479,8732650,5,Hestmannøy,-2.1409090960565375e-05,2922,0.2422655406514571,50
7,Onøy og Lurøy,2,2014,1265,1265,8N05143,12,Southern 2,-2.1471009291857185e-05,2923,0.2422655406514571,50
7,Onøy og Lurøy,2,2014,4765,4765,8800450,0,Nesøy,-2.156319655794379e-05,2924,0.2422655406514571,50
7,Onøy og Lurøy,2,2014,3600,3600,8N87817,14,Southern 4,-2.1629682384936845e-05,2925,0.2422655406514571,50
7,Onøy og Lurøy,2,2014,2769,2769,8N42970,5,Hestmannøy,-2.1821975730294748e-05,2926,0.2422655406514571,50
7,Onøy og Lurøy,2,2014,2547,2547,8N28483,2,Træna,-2.2347322454819436e-05,2927,0.2422655406514571,50
7,Onøy og Lurøy,2,2014,1041,1041,8M72016,2,Træna,-2.2449273157927502e-05,2928,0.2422655406514571,50
7,Onøy og Lurøy,2,2014,1409,1409,8N05289,13,Southern 3,-2.257868716251138e-05,2929,0.2422655406514571,50
7,Onøy og Lurøy,2,2014,3825,3825,8P11551,14,Southern 4,-2.2591324095942654e-05,2930,0.2422655406514571,50
7,Onøy og Lurøy,2,2014,5309,5309,8981030,0,Nesøy,-2.2677330151134912e-05,2931,0.2422655406514571,50
7,Onøy og Lurøy,2,2014,5240,5240,8943083,4,Gjerøy,-2.2844261423025995e-05,2932,0.2422655406514571,50
7,Onøy og Lurøy,2,2014,3104,3104,8N73455,11,Southern 1,-2.300818384064346e-05,2933,0.2422655406514571,50
7,Onøy og Lurøy,2,2014,3080,3080,8N73431,11,Southern 1,-2.3203846037797248e-05,2934,0.2422655406514571,50
7,Onøy og Lurøy,2,2014,4090,4090,8P26650,8,Lovund,-2.355769523288278e-05,2935,0.2422655406514571,50
7,Onøy og Lurøy,2,2014,1926,1926,8N13624,14,Southern 4,-2.3877500699699545e-05,2936,0.2422655406514571,50
7,Onøy og Lurøy,2,2014,2081,2081,8N14149,6,Indre Kvarøy,-2.4051383573779476e-05,2937,0.2422655406514571,50
7,Onøy og Lurøy,2,2014,5416,5416,8981850,6,Indre Kvarøy,-2.4365955326019523e-05,2938,0.2422655406514571,50
7,Onøy og Lurøy,2,2014,559,559,8L89358,4,Gjerøy,-2.4454667247163775e-05,2939,0.2422655406514571,50
7,Onøy og Lurøy,2,2014,1140,1140,8M72675,5,Hestmannøy,-2.4530709045705017e-05,2940,0.2422655406514571,50
7,Onøy og Lurøy,2,2014,3917,3917,8P14315,14,Southern 4,-2.4535049239588042e-05,2941,0.2422655406514571,50
7,Onøy og Lurøy,2,2014,1677,1677,8N06473,12,Southern 2,-2.4540003155601176e-05,2942,0.2422655406514571,50
7,Onøy og Lurøy,2,2014,2107,2107,8N14292,15,Southern 5,-2.470175191750676e-05,2943,0.2422655406514571,50
7,Onøy og Lurøy,2,2014,419,419,8L57950,13,Southern 3,-2.481928117680627e-05,2944,0.2422655406514571,50
7,Onøy og Lurøy,2,2014,3283,3283,8N73818,5,Hestmannøy,-2.4915161201247115e-05,2945,0.2422655406514571,50
7,Onøy og Lurøy,2,2014,2195,2195,8N14581,11,Southern 1,-2.5272391501910163e-05,2946,0.2422655406514571,50
7,Onøy og Lurøy,2,2014,1003,1003,8M71507,10,Aldra,-2.573615731651574e-05,2947,0.2422655406514571,50
7,Onøy og Lurøy,2,2014,5200,5200,8939747,5,Hestmannøy,-2.5799926241058233e-05,2948,0.2422655406514571,50
7,Onøy og Lurøy,2,2014,317,317,8L52353,11,Southern 1,-2.5901654495520607e-05,2949,0.2422655406514571,50
7,Onøy og Lurøy,2,2014,1305,1305,8N05184,13,Southern 3,-2.5915511460233437e-05,2950,0.2422655406514571,50
7,Onøy og Lurøy,2,2014,2883,2883,8N72717,4,Gjerøy,-2.603814971059201e-05,2951,0.2422655406514571,50
7,Onøy og Lurøy,2,2014,3355,3355,8N73966,12,Southern 2,-2.639645839329058e-05,2952,0.2422655406514571,50
7,Onøy og Lurøy,2,2014,497,497,8L64838,2,Træna,-2.6498315064688842e-05,2953,0.2422655406514571,50
7,Onøy og Lurøy,2,2014,1229,1229,8N05107,12,Southern 2,-2.653320748726831e-05,2954,0.2422655406514571,50
7,Onøy og Lurøy,2,2014,5177,5177,8939561,0,Nesøy,-2.668543522108338e-05,2955,0.2422655406514571,50
7,Onøy og Lurøy,2,2014,4641,4641,8747805,6,Indre Kvarøy,-2.6723949118307305e-05,2956,0.2422655406514571,50
7,Onøy og Lurøy,2,2014,2871,2871,8N72690,11,Southern 1,-2.6968486289313047e-05,2957,0.2422655406514571,50
7,Onøy og Lurøy,2,2014,2063,2063,8N14031,5,Hestmannøy,-2.697619585130519e-05,2958,0.2422655406514571,50
7,Onøy og Lurøy,2,2014,42,42,8L19931,10,Aldra,-2.6978337992527024e-05,2959,0.2422655406514571,50
7,Onøy og Lurøy,2,2014,5420,5420,8981860,8,Lovund,-2.701243763462112e-05,2960,0.2422655406514571,50
7,Onøy og Lurøy,2,2014,2802,2802,8N72333,4,Gjerøy,-2.738274589705722e-05,2961,0.2422655406514571,50
7,Onøy og Lurøy,2,2014,448,448,8M71362,12,Southern 2,-2.7443048639989102e-05,2962,0.2422655406514571,50
7,Onøy og Lurøy,2,2014,3005,3005,8N73201,2,Træna,-2.763303211774232e-05,2963,0.2422655406514571,50
7,Onøy og Lurøy,2,2014,4894,4894,8866751,5,Hestmannøy,-2.7973791447351014e-05,2964,0.2422655406514571,50
7,Onøy og Lurøy,2,2014,235,235,8L48692,0,Nesøy,-2.7979979068942924e-05,2965,0.2422655406514571,50
7,Onøy og Lurøy,2,2014,3120,3120,8N73471,11,Southern 1,-2.8487011492973995e-05,2966,0.2422655406514571,50
7,Onøy og Lurøy,2,2014,863,863,8M71060,5,Hestmannøy,-2.8549424091415184e-05,2967,0.2422655406514571,50
7,Onøy og Lurøy,2,2014,2282,2282,8N14670,13,Southern 3,-2.87980295384406e-05,2968,0.2422655406514571,50
7,Onøy og Lurøy,2,2014,3394,3394,8N87054,5,Hestmannøy,-2.9048681587186888e-05,2969,0.2422655406514571,50
7,Onøy og Lurøy,2,2014,254,254,8L48765,11,Southern 1,-2.9422209479840616e-05,2970,0.2422655406514571,50
7,Onøy og Lurøy,2,2014,408,408,8L57858,9,Sleneset,-2.949329429325513e-05,2971,0.2422655406514571,50
7,Onøy og Lurøy,2,2014,4320,4320,8681237,3,Selvær,-2.953090420635046e-05,2972,0.2422655406514571,50
7,Onøy og Lurøy,2,2014,1784,1784,8N06844,11,Southern 1,-3.0199756402307793e-05,2973,0.2422655406514571,50
7,Onøy og Lurøy,2,2014,1108,1108,8M72581,14,Southern 4,-3.083591704438015e-05,2974,0.2422655406514571,50
7,Onøy og Lurøy,2,2014,2930,2930,8N72932,13,Southern 3,-3.120464058778694e-05,2975,0.2422655406514571,50
7,Onøy og Lurøy,2,2014,4647,4647,8747865,9,Sleneset,-3.1413522031245175e-05,2976,0.2422655406514571,50
7,Onøy og Lurøy,2,2014,3680,3680,8N87900,13,Southern 3,-3.1426519245689855e-05,2977,0.2422655406514571,50
7,Onøy og Lurøy,2,2014,2708,2708,8N42531,4,Gjerøy,-3.152341667834117e-05,2978,0.2422655406514571,50
7,Onøy og Lurøy,2,2014,828,828,8M31862,4,Gjerøy,-3.161769545563839e-05,2979,0.2422655406514571,50
7,Onøy og Lurøy,2,2014,5274,5274,8943578,2,Træna,-3.169798164736004e-05,2980,0.2422655406514571,50
7,Onøy og Lurøy,2,2014,722,722,8M31327,5,Hestmannøy,-3.2393523725717836e-05,2981,0.2422655406514571,50
7,Onøy og Lurøy,2,2014,4830,4830,8816937,4,Gjerøy,-3.2908764360700186e-05,2982,0.2422655406514571,50
7,Onøy og Lurøy,2,2014,3500,3500,8N87557,11,Southern 1,-3.299139422145159e-05,2983,0.2422655406514571,50
7,Onøy og Lurøy,2,2014,1589,1589,8N05860,11,Southern 1,-3.300427450400614e-05,2984,0.2422655406514571,50
7,Onøy og Lurøy,2,2014,2979,2979,8N73086,6,Indre Kvarøy,-3.328859987778543e-05,2985,0.2422655406514571,50
7,Onøy og Lurøy,2,2014,4702,4702,8800060,4,Gjerøy,-3.35326516984466e-05,2986,0.2422655406514571,50
7,Onøy og Lurøy,2,2014,1860,1860,8N13100,14,Southern 4,-3.3550384710516606e-05,2987,0.2422655406514571,50
7,Onøy og Lurøy,2,2014,2865,2865,8N72684,11,Southern 1,-3.368664983930208e-05,2988,0.2422655406514571,50
7,Onøy og Lurøy,2,2014,1871,1871,8N13286,9,Sleneset,-3.374310521862614e-05,2989,0.2422655406514571,50
7,Onøy og Lurøy,2,2014,780,780,8M31627,4,Gjerøy,-3.4059175676536964e-05,2990,0.2422655406514571,50
7,Onøy og Lurøy,2,2014,4723,4723,8800166,10,Aldra,-3.415122194390381e-05,2991,0.2422655406514571,50
7,Onøy og Lurøy,2,2014,1548,1548,8N05693,15,Southern 5,-3.459115389018122e-05,2992,0.2422655406514571,50
7,Onøy og Lurøy,2,2014,3499,3499,8N87556,11,Southern 1,-3.461366327727394e-05,2993,0.2422655406514571,50
7,Onøy og Lurøy,2,2014,5085,5085,8934525,1,Myken,-3.4631253717658456e-05,2994,0.2422655406514571,50
7,Onøy og Lurøy,2,2014,3204,3204,8N73630,13,Southern 3,-3.4758964588240264e-05,2995,0.2422655406514571,50
7,Onøy og Lurøy,2,2014,5037,5037,8934225,4,Gjerøy,-3.501177205104421e-05,2996,0.2422655406514571,50
7,Onøy og Lurøy,2,2014,3999,3999,8P14867,15,Southern 5,-3.536741249005666e-05,2997,0.2422655406514571,50
7,Onøy og Lurøy,2,2014,1362,1362,8N05241,13,Southern 3,-3.574800794201352e-05,2998,0.2422655406514571,50
7,Onøy og Lurøy,2,2014,1629,1629,8N05953,14,Southern 4,-3.620469872619384e-05,2999,0.2422655406514571,50
7,Onøy og Lurøy,2,2014,3710,3710,8N87931,13,Southern 3,-3.631613746853939e-05,3000,0.2422655406514571,50
7,Onøy og Lurøy,2,2014,4438,4438,8732227,2,Træna,-3.6623781919903464e-05,3001,0.2422655406514571,50
7,Onøy og Lurøy,2,2014,5219,5219,8939898,5,Hestmannøy,-3.686414909966135e-05,3002,0.2422655406514571,50
7,Onøy og Lurøy,2,2014,1454,1454,8N05536,5,Hestmannøy,-3.69950420202262e-05,3003,0.2422655406514571,50
7,Onøy og Lurøy,2,2014,3094,3094,8N73445,11,Southern 1,-3.718493575768411e-05,3004,0.2422655406514571,50
7,Onøy og Lurøy,2,2014,1034,1034,8M71873,5,Hestmannøy,-3.720359622742003e-05,3005,0.2422655406514571,50
7,Onøy og Lurøy,2,2014,3875,3875,8P11899,14,Southern 4,-3.738836305879808e-05,3006,0.2422655406514571,50
7,Onøy og Lurøy,2,2014,1306,1306,8N05185,13,Southern 3,-3.772072961490153e-05,3007,0.2422655406514571,50
7,Onøy og Lurøy,2,2014,108,108,8L30487,12,Southern 2,-3.805379592703868e-05,3008,0.2422655406514571,50
7,Onøy og Lurøy,2,2014,1955,1955,8N13655,13,Southern 3,-3.831926092577369e-05,3009,0.2422655406514571,50
7,Onøy og Lurøy,2,2014,2333,2333,8N14952,6,Indre Kvarøy,-3.870878246734065e-05,3010,0.2422655406514571,50
7,Onøy og Lurøy,2,2014,4313,4313,8681184,4,Gjerøy,-3.879166673156605e-05,3011,0.2422655406514571,50
7,Onøy og Lurøy,2,2014,3621,3621,8N87838,14,Southern 4,-3.928468247022617e-05,3012,0.2422655406514571,50
7,Onøy og Lurøy,2,2014,344,344,8L52396,12,Southern 2,-3.980294680490673e-05,3013,0.2422655406514571,50
7,Onøy og Lurøy,2,2014,3832,3832,8P11558,14,Southern 4,-3.9856019688977797e-05,3014,0.2422655406514571,50
7,Onøy og Lurøy,2,2014,2117,2117,8N14344,15,Southern 5,-4.028591780737074e-05,3015,0.2422655406514571,50
7,Onøy og Lurøy,2,2014,1915,1915,8N13615,14,Southern 4,-4.037016499227965e-05,3016,0.2422655406514571,50
7,Onøy og Lurøy,2,2014,5279,5279,8943737,5,Hestmannøy,-4.048598867157079e-05,3017,0.2422655406514571,50
7,Onøy og Lurøy,2,2014,4204,4204,8598728,4,Gjerøy,-4.059875785067276e-05,3018,0.2422655406514571,50
7,Onøy og Lurøy,2,2014,3281,3281,8N73797,15,Southern 5,-4.084130400831869e-05,3019,0.2422655406514571,50
7,Onøy og Lurøy,2,2014,4517,4517,8747135,3,Selvær,-4.086911321840551e-05,3020,0.2422655406514571,50
7,Onøy og Lurøy,2,2014,1933,1933,8N13631,14,Southern 4,-4.0872937688581185e-05,3021,0.2422655406514571,50
7,Onøy og Lurøy,2,2014,3665,3665,8N87885,13,Southern 3,-4.1235390872924326e-05,3022,0.2422655406514571,50
7,Onøy og Lurøy,2,2014,2577,2577,8N28698,0,Nesøy,-4.1411969471744705e-05,3023,0.2422655406514571,50
7,Onøy og Lurøy,2,2014,2111,2111,8N14296,15,Southern 5,-4.144882610462773e-05,3024,0.2422655406514571,50
7,Onøy og Lurøy,2,2014,4478,4478,8732649,5,Hestmannøy,-4.147691402767474e-05,3025,0.2422655406514571,50
7,Onøy og Lurøy,2,2014,1160,1160,8M72766,6,Indre Kvarøy,-4.1560009854959e-05,3026,0.2422655406514571,50
7,Onøy og Lurøy,2,2014,5285,5285,8943802,10,Aldra,-4.158275287813599e-05,3027,0.2422655406514571,50
7,Onøy og Lurøy,2,2014,4291,4291,8681065,9,Sleneset,-4.164534813099717e-05,3028,0.2422655406514571,50
7,Onøy og Lurøy,2,2014,2559,2559,8N28603,2,Træna,-4.1722735710980654e-05,3029,0.2422655406514571,50
7,Onøy og Lurøy,2,2014,2082,2082,8N14152,6,Indre Kvarøy,-4.173027179376128e-05,3030,0.2422655406514571,50
7,Onøy og Lurøy,2,2014,251,251,8L48761,11,Southern 1,-4.1756987283774074e-05,3031,0.2422655406514571,50
7,Onøy og Lurøy,2,2014,1578,1578,8N05825,4,Gjerøy,-4.186927992485573e-05,3032,0.2422655406514571,50
7,Onøy og Lurøy,2,2014,3526,3526,8N87584,11,Southern 1,-4.1965076387153156e-05,3033,0.2422655406514571,50
7,Onøy og Lurøy,2,2014,3732,3732,8N87953,13,Southern 3,-4.2072056922503874e-05,3034,0.2422655406514571,50
7,Onøy og Lurøy,2,2014,3257,3257,8N73683,13,Southern 3,-4.21313559497463e-05,3035,0.2422655406514571,50
7,Onøy og Lurøy,2,2014,1959,1959,8N13659,13,Southern 3,-4.219936816412799e-05,3036,0.2422655406514571,50
7,Onøy og Lurøy,2,2014,3279,3279,8N73794,15,Southern 5,-4.227147769246235e-05,3037,0.2422655406514571,50
7,Onøy og Lurøy,2,2014,4092,4092,8118424,6,Indre Kvarøy,-4.252460956939439e-05,3038,0.2422655406514571,50
7,Onøy og Lurøy,2,2014,474,474,8M71353,12,Southern 2,-4.256451813997489e-05,3039,0.2422655406514571,50
7,Onøy og Lurøy,2,2014,2370,2370,8N27082,14,Southern 4,-4.2750829691712506e-05,3040,0.2422655406514571,50
7,Onøy og Lurøy,2,2014,3400,3400,8N87066,5,Hestmannøy,-4.278905157020223e-05,3041,0.2422655406514571,50
7,Onøy og Lurøy,2,2014,4068,4068,8P26200,5,Hestmannøy,-4.299432672079134e-05,3042,0.2422655406514571,50
7,Onøy og Lurøy,2,2014,28,28,8L19860,10,Aldra,-4.324839588991686e-05,3043,0.2422655406514571,50
7,Onøy og Lurøy,2,2014,2683,2683,8N42463,14,Southern 4,-4.327283950174926e-05,3044,0.2422655406514571,50
7,Onøy og Lurøy,2,2014,1374,1374,8N05254,13,Southern 3,-4.3313467858413676e-05,3045,0.2422655406514571,50
7,Onøy og Lurøy,2,2014,1451,1451,8N05532,5,Hestmannøy,-4.343365194300536e-05,3046,0.2422655406514571,50
7,Onøy og Lurøy,2,2014,4814,4814,8816456,6,Indre Kvarøy,-4.3914244485692596e-05,3047,0.2422655406514571,50
7,Onøy og Lurøy,2,2014,1897,1897,8N13567,2,Træna,-4.4273656669957114e-05,3048,0.2422655406514571,50
7,Onøy og Lurøy,2,2014,1103,1103,8M72574,11,Southern 1,-4.438828777150629e-05,3049,0.2422655406514571,50
7,Onøy og Lurøy,2,2014,2956,2956,8N72959,13,Southern 3,-4.443283100317844e-05,3050,0.2422655406514571,50
7,Onøy og Lurøy,2,2014,1760,1760,8N06813,6,Indre Kvarøy,-4.463107987997199e-05,3051,0.2422655406514571,50
7,Onøy og Lurøy,2,2014,756,756,8M31522,1,Myken,-4.475226568252475e-05,3052,0.2422655406514571,50
7,Onøy og Lurøy,2,2014,1972,1972,8N13673,13,Southern 3,-4.481202007814588e-05,3053,0.2422655406514571,50
7,Onøy og Lurøy,2,2014,4518,4518,8747144,2,Træna,-4.481867162535104e-05,3054,0.2422655406514571,50
7,Onøy og Lurøy,2,2014,1890,1890,8N13479,8,Lovund,-4.4987730400289155e-05,3055,0.2422655406514571,50
7,Onøy og Lurøy,2,2014,5263,5263,8943469,2,Træna,-4.50205297227947e-05,3056,0.2422655406514571,50
7,Onøy og Lurøy,2,2014,1715,1715,8N06570,4,Gjerøy,-4.5914437987609574e-05,3057,0.2422655406514571,50
7,Onøy og Lurøy,2,2014,4527,4527,8747225,5,Hestmannøy,-4.596168362242525e-05,3058,0.2422655406514571,50
7,Onøy og Lurøy,2,2014,2218,2218,8N14604,13,Southern 3,-4.638242241280996e-05,3059,0.2422655406514571,50
7,Onøy og Lurøy,2,2014,4745,4745,8800368,1,Myken,-4.64437785693414e-05,3060,0.2422655406514571,50
7,Onøy og Lurøy,2,2014,1368,1368,8N05248,13,Southern 3,-4.6831577921220976e-05,3061,0.2422655406514571,50
7,Onøy og Lurøy,2,2014,5344,5344,8981268,5,Hestmannøy,-4.721137558495462e-05,3062,0.2422655406514571,50
7,Onøy og Lurøy,2,2014,2271,2271,8N14659,13,Southern 3,-4.7706100396806266e-05,3063,0.2422655406514571,50
7,Onøy og Lurøy,2,2014,199,199,8L48443,5,Hestmannøy,-4.8119295109726286e-05,3064,0.2422655406514571,50
7,Onøy og Lurøy,2,2014,4018,4018,8P14947,14,Southern 4,-4.8180516653791306e-05,3065,0.2422655406514571,50
7,Onøy og Lurøy,2,2014,4183,4183,8573572,4,Gjerøy,-4.828083739687121e-05,3066,0.2422655406514571,50
7,Onøy og Lurøy,2,2014,3177,3177,8N73603,14,Southern 4,-4.847276816548743e-05,3067,0.2422655406514571,50
7,Onøy og Lurøy,2,2014,5176,5176,8939551,1,Myken,-4.8862713804624784e-05,3068,0.2422655406514571,50
7,Onøy og Lurøy,2,2014,825,825,8M31838,1,Myken,-4.90152578264846e-05,3069,0.2422655406514571,50
7,Onøy og Lurøy,2,2014,3749,3749,8N87970,13,Southern 3,-4.9056982783713676e-05,3070,0.2422655406514571,50
7,Onøy og Lurøy,2,2014,3172,3172,8N73580,1,Myken,-4.9083497812278525e-05,3071,0.2422655406514571,50
7,Onøy og Lurøy,2,2014,1179,1179,8M72884,4,Gjerøy,-4.920528147124261e-05,3072,0.2422655406514571,50
7,Onøy og Lurøy,2,2014,4687,4687,8800005,9,Sleneset,-4.927243674050244e-05,3073,0.2422655406514571,50
7,Onøy og Lurøy,2,2014,2346,2346,8N27010,14,Southern 4,-4.9354998185261595e-05,3074,0.2422655406514571,50
7,Onøy og Lurøy,2,2014,83,83,8L30180,12,Southern 2,-4.9479951509844784e-05,3075,0.2422655406514571,50
7,Onøy og Lurøy,2,2014,2665,2665,8N42264,6,Indre Kvarøy,-4.9485565438771615e-05,3076,0.2422655406514571,50
7,Onøy og Lurøy,2,2014,1868,1868,8N13139,14,Southern 4,-4.9602822367187e-05,3077,0.2422655406514571,50
7,Onøy og Lurøy,2,2014,2442,2442,8N27577,5,Hestmannøy,-4.976634174851408e-05,3078,0.2422655406514571,50
7,Onøy og Lurøy,2,2014,2183,2183,8N14569,11,Southern 1,-4.997528494462722e-05,3079,0.2422655406514571,50
7,Onøy og Lurøy,2,2014,4155,4155,8309263,5,Hestmannøy,-5.00037232944206e-05,3080,0.2422655406514571,50
7,Onøy og Lurøy,2,2014,4756,4756,8800417,5,Hestmannøy,-5.000626535948016e-05,3081,0.2422655406514571,50
7,Onøy og Lurøy,2,2014,2882,2882,8N72716,4,Gjerøy,-5.00619976873708e-05,3082,0.2422655406514571,50
7,Onøy og Lurøy,2,2014,2225,2225,8N14611,13,Southern 3,-5.033426762386606e-05,3083,0.2422655406514571,50
7,Onøy og Lurøy,2,2014,4153,4153,8309158,6,Indre Kvarøy,-5.0701959738091925e-05,3084,0.2422655406514571,50
7,Onøy og Lurøy,2,2014,116,116,8L30604,11,Southern 1,-5.0929549314483426e-05,3085,0.2422655406514571,50
7,Onøy og Lurøy,2,2014,2241,2241,8N14627,13,Southern 3,-5.12226171182225e-05,3086,0.2422655406514571,50
7,Onøy og Lurøy,2,2014,4410,4410,8730563,3,Selvær,-5.157734634032688e-05,3087,0.2422655406514571,50
7,Onøy og Lurøy,2,2014,5388,5388,8981703,0,Nesøy,-5.1912755123541265e-05,3088,0.2422655406514571,50
7,Onøy og Lurøy,2,2014,3760,3760,8N87981,13,Southern 3,-5.27968815113939e-05,3089,0.2422655406514571,50
7,Onøy og Lurøy,2,2014,229,229,8L48610,5,Hestmannøy,-5.2932799523090854e-05,3090,0.2422655406514571,50
7,Onøy og Lurøy,2,2014,2947,2947,8N72949,13,Southern 3,-5.298427665852341e-05,3091,0.2422655406514571,50
7,Onøy og Lurøy,2,2014,3220,3220,8N73646,13,Southern 3,-5.300261204348497e-05,3092,0.2422655406514571,50
7,Onøy og Lurøy,2,2014,1922,1922,8N13620,14,Southern 4,-5.3478185357449874e-05,3093,0.2422655406514571,50
7,Onøy og Lurøy,2,2014,349,349,8L52411,6,Indre Kvarøy,-5.366507361691879e-05,3094,0.2422655406514571,50
7,Onøy og Lurøy,2,2014,574,574,8L89389,5,Hestmannøy,-5.3775965083110445e-05,3095,0.2422655406514571,50
7,Onøy og Lurøy,2,2014,1787,1787,8N06847,11,Southern 1,-5.37808043547424e-05,3096,0.2422655406514571,50
7,Onøy og Lurøy,2,2014,3528,3528,8N87586,11,Southern 1,-5.384935680099352e-05,3097,0.2422655406514571,50
7,Onøy og Lurøy,2,2014,1853,1853,8N05697,15,Southern 5,-5.436696358482082e-05,3098,0.2422655406514571,50
7,Onøy og Lurøy,2,2014,608,608,8L89538,5,Hestmannøy,-5.4451447846367295e-05,3099,0.2422655406514571,50
7,Onøy og Lurøy,2,2014,2440,2440,8N27551,5,Hestmannøy,-5.457025315170838e-05,3100,0.2422655406514571,50
7,Onøy og Lurøy,2,2014,2034,2034,8N13955,4,Gjerøy,-5.457138369353888e-05,3101,0.2422655406514571,50
7,Onøy og Lurøy,2,2014,336,336,8L52388,11,Southern 1,-5.477081564130725e-05,3102,0.2422655406514571,50
7,Onøy og Lurøy,2,2014,2632,2632,8N28915,2,Træna,-5.506302318435102e-05,3103,0.2422655406514571,50
7,Onøy og Lurøy,2,2014,5325,5325,8981178,11,Southern 1,-5.536307534185112e-05,3104,0.2422655406514571,50
7,Onøy og Lurøy,2,2014,636,636,8L89689,4,Gjerøy,-5.541851787227936e-05,3105,0.2422655406514571,50
7,Onøy og Lurøy,2,2014,4103,4103,8168606,10,Aldra,-5.569995536804581e-05,3106,0.2422655406514571,50
7,Onøy og Lurøy,2,2014,1741,1741,8N06694,14,Southern 4,-5.5847540300391574e-05,3107,0.2422655406514571,50
7,Onøy og Lurøy,2,2014,1450,1450,8N05531,5,Hestmannøy,-5.629977681988817e-05,3108,0.2422655406514571,50
7,Onøy og Lurøy,2,2014,1493,1493,8N05638,14,Southern 4,-5.63596649959958e-05,3109,0.2422655406514571,50
7,Onøy og Lurøy,2,2014,922,922,8M71283,4,Gjerøy,-5.654463596785036e-05,3110,0.2422655406514571,50
7,Onøy og Lurøy,2,2014,625,625,8L89644,6,Indre Kvarøy,-5.669386376258599e-05,3111,0.2422655406514571,50
7,Onøy og Lurøy,2,2014,1005,1005,8M71512,1,Myken,-5.705031134447326e-05,3112,0.2422655406514571,50
7,Onøy og Lurøy,2,2014,5356,5356,8981289,5,Hestmannøy,-5.72541033577168e-05,3113,0.2422655406514571,50
7,Onøy og Lurøy,2,2014,3332,3332,8N73943,12,Southern 2,-5.730223130600967e-05,3114,0.2422655406514571,50
7,Onøy og Lurøy,2,2014,2816,2816,8N72428,8,Lovund,-5.7324344900974434e-05,3115,0.2422655406514571,50
7,Onøy og Lurøy,2,2014,1924,1924,8N13622,14,Southern 4,-5.735519118096839e-05,3116,0.2422655406514571,50
7,Onøy og Lurøy,2,2014,1743,1743,8N06696,14,Southern 4,-5.7667381698898456e-05,3117,0.2422655406514571,50
7,Onøy og Lurøy,2,2014,4378,4378,8730447,1,Myken,-5.776718348142404e-05,3118,0.2422655406514571,50
7,Onøy og Lurøy,2,2014,4783,4783,8800535,10,Aldra,-5.7780734126428063e-05,3119,0.2422655406514571,50
7,Onøy og Lurøy,2,2014,2132,2132,8N14516,11,Southern 1,-5.81011421311288e-05,3120,0.2422655406514571,50
7,Onøy og Lurøy,2,2014,1353,1353,8N05232,12,Southern 2,-5.845083440563363e-05,3121,0.2422655406514571,50
7,Onøy og Lurøy,2,2014,4869,4869,8857279,10,Aldra,-5.9265954178847286e-05,3122,0.2422655406514571,50
7,Onøy og Lurøy,2,2014,268,268,8L49963,4,Gjerøy,-5.935347245171127e-05,3123,0.2422655406514571,50
7,Onøy og Lurøy,2,2014,1729,1729,8N06682,14,Southern 4,-5.9403432360493755e-05,3124,0.2422655406514571,50
7,Onøy og Lurøy,2,2014,238,238,8L48735,11,Southern 1,-5.9814134914182494e-05,3125,0.2422655406514571,50
7,Onøy og Lurøy,2,2014,1463,1463,8N05601,14,Southern 4,-6.0254778391968404e-05,3126,0.2422655406514571,50
7,Onøy og Lurøy,2,2014,1269,1269,8N05147,12,Southern 2,-6.097005954105998e-05,3127,0.2422655406514571,50
7,Onøy og Lurøy,2,2014,531,531,8L89244,6,Indre Kvarøy,-6.109282577958499e-05,3128,0.2422655406514571,50
7,Onøy og Lurøy,2,2014,1346,1346,8N05225,12,Southern 2,-6.119683388661802e-05,3129,0.2422655406514571,50
7,Onøy og Lurøy,2,2014,1809,1809,8N06869,11,Southern 1,-6.129643109705957e-05,3130,0.2422655406514571,50
7,Onøy og Lurøy,2,2014,130,130,8L30750,11,Southern 1,-6.152395689912465e-05,3131,0.2422655406514571,50
7,Onøy og Lurøy,2,2014,3470,3470,8N87527,11,Southern 1,-6.180603370584792e-05,3132,0.2422655406514571,50
7,Onøy og Lurøy,2,2014,3884,3884,8P14014,9,Sleneset,-6.191783758653855e-05,3133,0.2422655406514571,50
7,Onøy og Lurøy,2,2014,3913,3913,8P14300,8,Lovund,-6.281560139503908e-05,3134,0.2422655406514571,50
7,Onøy og Lurøy,2,2014,1957,1957,8N13657,13,Southern 3,-6.331267403639982e-05,3135,0.2422655406514571,50
7,Onøy og Lurøy,2,2014,5118,5118,8939076,5,Hestmannøy,-6.338080675213319e-05,3136,0.2422655406514571,50
7,Onøy og Lurøy,2,2014,4543,4543,8747286,3,Selvær,-6.370768593230108e-05,3137,0.2422655406514571,50
7,Onøy og Lurøy,2,2014,5136,5136,8939158,5,Hestmannøy,-6.379547277730032e-05,3138,0.2422655406514571,50
7,Onøy og Lurøy,2,2014,4011,4011,8P14916,14,Southern 4,-6.404835747734913e-05,3139,0.2422655406514571,50
7,Onøy og Lurøy,2,2014,5083,5083,8934499,4,Gjerøy,-6.439641933074909e-05,3140,0.2422655406514571,50
7,Onøy og Lurøy,2,2014,1819,1819,8N06879,11,Southern 1,-6.453331343648297e-05,3141,0.2422655406514571,50
7,Onøy og Lurøy,2,2014,4104,4104,8168613,5,Hestmannøy,-6.458419618837722e-05,3142,0.2422655406514571,50
7,Onøy og Lurøy,2,2014,4786,4786,8800547,5,Hestmannøy,-6.504692363074467e-05,3143,0.2422655406514571,50
7,Onøy og Lurøy,2,2014,482,482,8L64513,12,Southern 2,-6.508992621376317e-05,3144,0.2422655406514571,50
7,Onøy og Lurøy,2,2014,3056,3056,8N73307,15,Southern 5,-6.533432895185625e-05,3145,0.2422655406514571,50
7,Onøy og Lurøy,2,2014,1416,1416,8N05297,13,Southern 3,-6.549012577395909e-05,3146,0.2422655406514571,50
7,Onøy og Lurøy,2,2014,1935,1935,8N13633,14,Southern 4,-6.554755737470364e-05,3147,0.2422655406514571,50
7,Onøy og Lurøy,2,2014,2743,2743,8N42731,4,Gjerøy,-6.556999840246728e-05,3148,0.2422655406514571,50
7,Onøy og Lurøy,2,2014,758,758,8M31526,4,Gjerøy,-6.587523538617537e-05,3149,0.2422655406514571,50
7,Onøy og Lurøy,2,2014,1527,1527,8N05672,15,Southern 5,-6.662694391728413e-05,3150,0.2422655406514571,50
7,Onøy og Lurøy,2,2014,3365,3365,8N73976,12,Southern 2,-6.665246851799499e-05,3151,0.2422655406514571,50
7,Onøy og Lurøy,2,2014,2857,2857,8N72676,11,Southern 1,-6.703166407044062e-05,3152,0.2422655406514571,50
7,Onøy og Lurøy,2,2014,318,318,8L52355,11,Southern 1,-6.737682909851512e-05,3153,0.2422655406514571,50
7,Onøy og Lurøy,2,2014,1603,1603,8N05877,11,Southern 1,-6.768920506013368e-05,3154,0.2422655406514571,50
7,Onøy og Lurøy,2,2014,17,17,8L19693,2,Træna,-6.790973375473596e-05,3155,0.2422655406514571,50
7,Onøy og Lurøy,2,2014,2072,2072,8N14106,4,Gjerøy,-6.79577643072573e-05,3156,0.2422655406514571,50
7,Onøy og Lurøy,2,2014,1491,1491,8N05630,14,Southern 4,-6.809053508065896e-05,3157,0.2422655406514571,50
7,Onøy og Lurøy,2,2014,3573,3573,8N87711,5,Hestmannøy,-6.81947374993816e-05,3158,0.2422655406514571,50
7,Onøy og Lurøy,2,2014,2004,2004,8N13849,15,Southern 5,-6.830967614985899e-05,3159,0.2422655406514571,50
7,Onøy og Lurøy,2,2014,1352,1352,8N05231,12,Southern 2,-6.89492980074433e-05,3160,0.2422655406514571,50
7,Onøy og Lurøy,2,2014,1193,1193,8M72931,5,Hestmannøy,-6.919792476310624e-05,3161,0.2422655406514571,50
7,Onøy og Lurøy,2,2014,2790,2790,8N72114,3,Selvær,-6.936448058016665e-05,3162,0.2422655406514571,50
7,Onøy og Lurøy,2,2014,1282,1282,8N05161,12,Southern 2,-6.98391446099081e-05,3163,0.2422655406514571,50
7,Onøy og Lurøy,2,2014,3086,3086,8N73437,11,Southern 1,-6.999128553415792e-05,3164,0.2422655406514571,50
7,Onøy og Lurøy,2,2014,1570,1570,8N05748,4,Gjerøy,-7.003111744737632e-05,3165,0.2422655406514571,50
7,Onøy og Lurøy,2,2014,5293,5293,8943882,5,Hestmannøy,-7.008667330295367e-05,3166,0.2422655406514571,50
7,Onøy og Lurøy,2,2014,4804,4804,8800936,10,Aldra,-7.016791661802956e-05,3167,0.2422655406514571,50
7,Onøy og Lurøy,2,2014,3369,3369,8N73980,12,Southern 2,-7.018850839797991e-05,3168,0.2422655406514571,50
7,Onøy og Lurøy,2,2014,3455,3455,8N87483,14,Southern 4,-7.076988831830193e-05,3169,0.2422655406514571,50
7,Onøy og Lurøy,2,2014,821,821,8M31824,12,Southern 2,-7.147621698811188e-05,3170,0.2422655406514571,50
7,Onøy og Lurøy,2,2014,2055,2055,8N14006,6,Indre Kvarøy,-7.166934599057886e-05,3171,0.2422655406514571,50
7,Onøy og Lurøy,2,2014,60,60,8L19998,5,Hestmannøy,-7.203801269801732e-05,3172,0.2422655406514571,50
7,Onøy og Lurøy,2,2014,1986,1986,8N13687,13,Southern 3,-7.2342969301151e-05,3173,0.2422655406514571,50
7,Onøy og Lurøy,2,2014,2287,2287,8N14675,13,Southern 3,-7.324621009311666e-05,3174,0.2422655406514571,50
7,Onøy og Lurøy,2,2014,4508,4508,8747101,5,Hestmannøy,-7.348265911986964e-05,3175,0.2422655406514571,50
7,Onøy og Lurøy,2,2014,3057,3057,8N73308,15,Southern 5,-7.401770583919821e-05,3176,0.2422655406514571,50
7,Onøy og Lurøy,2,2014,3098,3098,8N73449,11,Southern 1,-7.413624881419048e-05,3177,0.2422655406514571,50
7,Onøy og Lurøy,2,2014,1234,1234,8N05112,14,Southern 4,-7.428850230995683e-05,3178,0.2422655406514571,50
7,Onøy og Lurøy,2,2014,2135,2135,8N14519,11,Southern 1,-7.494698064287709e-05,3179,0.2422655406514571,50
7,Onøy og Lurøy,2,2014,5361,5361,8981318,6,Indre Kvarøy,-7.527399718719643e-05,3180,0.2422655406514571,50
7,Onøy og Lurøy,2,2014,5273,5273,8943534,11,Southern 1,-7.542187402360156e-05,3181,0.2422655406514571,50
7,Onøy og Lurøy,2,2014,2404,2404,8N27299,5,Hestmannøy,-7.59642170828035e-05,3182,0.2422655406514571,50
7,Onøy og Lurøy,2,2014,2118,2118,8N14347,15,Southern 5,-7.612353036731592e-05,3183,0.2422655406514571,50
7,Onøy og Lurøy,2,2014,2019,2019,8N13923,5,Hestmannøy,-7.616690211257091e-05,3184,0.2422655406514571,50
7,Onøy og Lurøy,2,2014,1833,1833,8N06896,11,Southern 1,-7.655808622557581e-05,3185,0.2422655406514571,50
7,Onøy og Lurøy,2,2014,2641,2641,8N42062,5,Hestmannøy,-7.673538809972558e-05,3186,0.2422655406514571,50
7,Onøy og Lurøy,2,2014,117,117,8L30631,12,Southern 2,-7.685334920306652e-05,3187,0.2422655406514571,50
7,Onøy og Lurøy,2,2014,5029,5029,8934089,5,Hestmannøy,-7.686602694723662e-05,3188,0.2422655406514571,50
7,Onøy og Lurøy,2,2014,2946,2946,8N72948,13,Southern 3,-7.697678947977165e-05,3189,0.2422655406514571,50
7,Onøy og Lurøy,2,2014,2003,2003,8N13848,15,Southern 5,-7.724903544008299e-05,3190,0.2422655406514571,50
7,Onøy og Lurøy,2,2014,990,990,8M71485,13,Southern 3,-7.750540245937211e-05,3191,0.2422655406514571,50
7,Onøy og Lurøy,2,2014,239,239,8L48738,11,Southern 1,-7.752351156270777e-05,3192,0.2422655406514571,50
7,Onøy og Lurøy,2,2014,4707,4707,8800074,5,Hestmannøy,-7.775392659901771e-05,3193,0.2422655406514571,50
7,Onøy og Lurøy,2,2014,2931,2931,8N72933,13,Southern 3,-7.79155517524454e-05,3194,0.2422655406514571,50
7,Onøy og Lurøy,2,2014,3820,3820,8P11546,14,Southern 4,-7.80428425623567e-05,3195,0.2422655406514571,50
7,Onøy og Lurøy,2,2014,5352,5352,8981279,5,Hestmannøy,-7.81773380967812e-05,3196,0.2422655406514571,50
7,Onøy og Lurøy,2,2014,45,45,8L19936,5,Hestmannøy,-7.820677199430665e-05,3197,0.2422655406514571,50
7,Onøy og Lurøy,2,2014,1751,1751,8N06749,5,Hestmannøy,-7.840630704776835e-05,3198,0.2422655406514571,50
7,Onøy og Lurøy,2,2014,1847,1847,8N06943,4,Gjerøy,-7.861374513934358e-05,3199,0.2422655406514571,50
7,Onøy og Lurøy,2,2014,3568,3568,8N87633,15,Southern 5,-7.878271329338914e-05,3200,0.2422655406514571,50
7,Onøy og Lurøy,2,2014,2591,2591,8N28777,5,Hestmannøy,-7.882642948481615e-05,3201,0.2422655406514571,50
7,Onøy og Lurøy,2,2014,1440,1440,8N05446,6,Indre Kvarøy,-7.937399435330055e-05,3202,0.2422655406514571,50
7,Onøy og Lurøy,2,2014,4813,4813,8816455,6,Indre Kvarøy,-7.944282603522152e-05,3203,0.2422655406514571,50
7,Onøy og Lurøy,2,2014,421,421,8L57966,13,Southern 3,-8.010809037506283e-05,3204,0.2422655406514571,50
7,Onøy og Lurøy,2,2014,1434,1434,8N05423,4,Gjerøy,-8.021552300905496e-05,3205,0.2422655406514571,50
7,Onøy og Lurøy,2,2014,3055,3055,8N73306,15,Southern 5,-8.099003492895683e-05,3206,0.2422655406514571,50
7,Onøy og Lurøy,2,2014,337,337,8L52389,11,Southern 1,-8.143007554395225e-05,3207,0.2422655406514571,50
7,Onøy og Lurøy,2,2014,5016,5016,8934039,3,Selvær,-8.157990398565265e-05,3208,0.2422655406514571,50
7,Onøy og Lurøy,2,2014,5357,5357,8981290,5,Hestmannøy,-8.164062886193202e-05,3209,0.2422655406514571,50
7,Onøy og Lurøy,2,2014,4053,4053,8P14987,14,Southern 4,-8.16597856569104e-05,3210,0.2422655406514571,50
7,Onøy og Lurøy,2,2014,122,122,8L30695,12,Southern 2,-8.172934667089803e-05,3211,0.2422655406514571,50
7,Onøy og Lurøy,2,2014,5184,5184,8939602,5,Hestmannøy,-8.204880645776194e-05,3212,0.2422655406514571,50
7,Onøy og Lurøy,2,2014,3978,3978,8P14846,14,Southern 4,-8.262127537229977e-05,3213,0.2422655406514571,50
7,Onøy og Lurøy,2,2014,4812,4812,8816452,6,Indre Kvarøy,-8.287948985433508e-05,3214,0.2422655406514571,50
7,Onøy og Lurøy,2,2014,262,262,8L49909,10,Aldra,-8.294097573908185e-05,3215,0.2422655406514571,50
7,Onøy og Lurøy,2,2014,4316,4316,8681201,9,Sleneset,-8.310935429595712e-05,3216,0.2422655406514571,50
7,Onøy og Lurøy,2,2014,4234,4234,8651786,3,Selvær,-8.316921370471728e-05,3217,0.2422655406514571,50
7,Onøy og Lurøy,2,2014,3487,3487,8N87544,11,Southern 1,-8.322493360219587e-05,3218,0.2422655406514571,50
7,Onøy og Lurøy,2,2014,734,734,8M31370,5,Hestmannøy,-8.328960933474073e-05,3219,0.2422655406514571,50
7,Onøy og Lurøy,2,2014,2366,2366,8N27078,14,Southern 4,-8.358951924595735e-05,3220,0.2422655406514571,50
7,Onøy og Lurøy,2,2014,324,324,8L52364,11,Southern 1,-8.39399142017768e-05,3221,0.2422655406514571,50
7,Onøy og Lurøy,2,2014,5328,5328,8981195,12,Southern 2,-8.439023103724588e-05,3222,0.2422655406514571,50
7,Onøy og Lurøy,2,2014,827,827,8M31844,0,Nesøy,-8.471982359158268e-05,3223,0.2422655406514571,50
7,Onøy og Lurøy,2,2014,2070,2070,8N14089,5,Hestmannøy,-8.480270190843223e-05,3224,0.2422655406514571,50
7,Onøy og Lurøy,2,2014,4926,4926,8887245,1,Myken,-8.509641845168387e-05,3225,0.2422655406514571,50
7,Onøy og Lurøy,2,2014,3012,3012,8N73214,12,Southern 2,-8.541835398408415e-05,3226,0.2422655406514571,50
7,Onøy og Lurøy,2,2014,3247,3247,8N73673,13,Southern 3,-8.581244938668735e-05,3227,0.2422655406514571,50
7,Onøy og Lurøy,2,2014,1789,1789,8N06849,11,Southern 1,-8.602160240794263e-05,3228,0.2422655406514571,50
7,Onøy og Lurøy,2,2014,4259,4259,8668490,5,Hestmannøy,-8.605363296523838e-05,3229,0.2422655406514571,50
7,Onøy og Lurøy,2,2014,3395,3395,8N87056,5,Hestmannøy,-8.612477995870864e-05,3230,0.2422655406514571,50
7,Onøy og Lurøy,2,2014,3350,3350,8N73961,12,Southern 2,-8.615101992148793e-05,3231,0.2422655406514571,50
7,Onøy og Lurøy,2,2014,2449,2449,8N27697,4,Gjerøy,-8.639624522334672e-05,3232,0.2422655406514571,50
7,Onøy og Lurøy,2,2014,2036,2036,8N13962,6,Indre Kvarøy,-8.671595856282432e-05,3233,0.2422655406514571,50
7,Onøy og Lurøy,2,2014,1307,1307,8N05186,13,Southern 3,-8.675825411333938e-05,3234,0.2422655406514571,50
7,Onøy og Lurøy,2,2014,3949,3949,8P14632,2,Træna,-8.687425398563861e-05,3235,0.2422655406514571,50
7,Onøy og Lurøy,2,2014,3370,3370,8N73981,12,Southern 2,-8.693734168006635e-05,3236,0.2422655406514571,50
7,Onøy og Lurøy,2,2014,1101,1101,8M72570,11,Southern 1,-8.705143491129778e-05,3237,0.2422655406514571,50
7,Onøy og Lurøy,2,2014,3359,3359,8N73970,12,Southern 2,-8.780061065581921e-05,3238,0.2422655406514571,50
7,Onøy og Lurøy,2,2014,2789,2789,8N72067,9,Sleneset,-8.783706496594595e-05,3239,0.2422655406514571,50
7,Onøy og Lurøy,2,2014,2476,2476,8N27903,6,Indre Kvarøy,-8.792519983758005e-05,3240,0.2422655406514571,50
7,Onøy og Lurøy,2,2014,4180,4180,8573515,6,Indre Kvarøy,-8.814470102685836e-05,3241,0.2422655406514571,50
7,Onøy og Lurøy,2,2014,4151,4151,8309252,5,Hestmannøy,-8.939785130685957e-05,3242,0.2422655406514571,50
7,Onøy og Lurøy,2,2014,3135,3135,8N73487,11,Southern 1,-8.94590282113114e-05,3243,0.2422655406514571,50
7,Onøy og Lurøy,2,2014,3173,3173,8N73586,5,Hestmannøy,-8.97433061016803e-05,3244,0.2422655406514571,50
7,Onøy og Lurøy,2,2014,4033,4033,8P14969,14,Southern 4,-8.986315315047837e-05,3245,0.2422655406514571,50
7,Onøy og Lurøy,2,2014,582,582,8L89432,5,Hestmannøy,-8.991138244127682e-05,3246,0.2422655406514571,50
7,Onøy og Lurøy,2,2014,3955,3955,8P14724,5,Hestmannøy,-9.007240378801962e-05,3247,0.2422655406514571,50
7,Onøy og Lurøy,2,2014,1990,1990,8N13691,13,Southern 3,-9.062865407545546e-05,3248,0.2422655406514571,50
7,Onøy og Lurøy,2,2014,1211,1211,8N05004,4,Gjerøy,-9.076137219886572e-05,3249,0.2422655406514571,50
7,Onøy og Lurøy,2,2014,1906,1906,8N13607,14,Southern 4,-9.087420534765848e-05,3250,0.2422655406514571,50
7,Onøy og Lurøy,2,2014,3994,3994,8P14862,14,Southern 4,-9.16266776390999e-05,3251,0.2422655406514571,50
7,Onøy og Lurøy,2,2014,1982,1982,8N13683,13,Southern 3,-9.193596083843569e-05,3252,0.2422655406514571,50
7,Onøy og Lurøy,2,2014,2705,2705,8N42525,5,Hestmannøy,-9.23610069481777e-05,3253,0.2422655406514571,50
7,Onøy og Lurøy,2,2014,1657,1657,8N06387,5,Hestmannøy,-9.236587558115211e-05,3254,0.2422655406514571,50
7,Onøy og Lurøy,2,2014,3082,3082,8N73433,11,Southern 1,-9.261992884685883e-05,3255,0.2422655406514571,50
7,Onøy og Lurøy,2,2014,3743,3743,8N87964,13,Southern 3,-9.29751980241462e-05,3256,0.2422655406514571,50
7,Onøy og Lurøy,2,2014,4921,4921,8887232,5,Hestmannøy,-9.30497779702779e-05,3257,0.2422655406514571,50
7,Onøy og Lurøy,2,2014,4071,4071,8P26405,5,Hestmannøy,-9.319752048766914e-05,3258,0.2422655406514571,50
7,Onøy og Lurøy,2,2014,3911,3911,8P14264,5,Hestmannøy,-9.333383139959062e-05,3259,0.2422655406514571,50
7,Onøy og Lurøy,2,2014,4282,4282,8681053,4,Gjerøy,-9.387027267469816e-05,3260,0.2422655406514571,50
7,Onøy og Lurøy,2,2014,2187,2187,8N14573,11,Southern 1,-9.393606752075767e-05,3261,0.2422655406514571,50
7,Onøy og Lurøy,2,2014,4330,4330,8681261,0,Nesøy,-9.457320601697731e-05,3262,0.2422655406514571,50
7,Onøy og Lurøy,2,2014,4861,4861,8857260,9,Sleneset,-9.482878384088622e-05,3263,0.2422655406514571,50
7,Onøy og Lurøy,2,2014,465,465,8L64288,10,Aldra,-9.489764571814888e-05,3264,0.2422655406514571,50
7,Onøy og Lurøy,2,2014,1338,1338,8N05217,12,Southern 2,-9.507362724804889e-05,3265,0.2422655406514571,50
7,Onøy og Lurøy,2,2014,1610,1610,8N05885,11,Southern 1,-9.53388782304794e-05,3266,0.2422655406514571,50
7,Onøy og Lurøy,2,2014,1723,1723,8N06676,14,Southern 4,-9.571905151643032e-05,3267,0.2422655406514571,50
7,Onøy og Lurøy,2,2014,1909,1909,8N13611,14,Southern 4,-9.586109268701626e-05,3268,0.2422655406514571,50
7,Onøy og Lurøy,2,2014,1237,1237,8N05115,12,Southern 2,-9.626039219310906e-05,3269,0.2422655406514571,50
7,Onøy og Lurøy,2,2014,1994,1994,8N13695,13,Southern 3,-9.632366676134804e-05,3270,0.2422655406514571,50
7,Onøy og Lurøy,2,2014,3379,3379,8N73990,12,Southern 2,-9.699136247275475e-05,3271,0.2422655406514571,50
7,Onøy og Lurøy,2,2014,2879,2879,8N72698,11,Southern 1,-9.758380550849675e-05,3272,0.2422655406514571,50
7,Onøy og Lurøy,2,2014,820,820,8L89157,13,Southern 3,-9.77184547016284e-05,3273,0.2422655406514571,50
7,Onøy og Lurøy,2,2014,1145,1145,8M72696,14,Southern 4,-9.772701903045182e-05,3274,0.2422655406514571,50
7,Onøy og Lurøy,2,2014,4990,4990,8904733,12,Southern 2,-9.78253748472116e-05,3275,0.2422655406514571,50
7,Onøy og Lurøy,2,2014,3168,3168,8N73546,5,Hestmannøy,-9.792312748707514e-05,3276,0.2422655406514571,50
7,Onøy og Lurøy,2,2014,5300,5300,8981009,5,Hestmannøy,-9.880731831695522e-05,3277,0.2422655406514571,50
7,Onøy og Lurøy,2,2014,3622,3622,8N87839,14,Southern 4,-9.902908132575577e-05,3278,0.2422655406514571,50
7,Onøy og Lurøy,2,2014,2040,2040,8N13971,5,Hestmannøy,-9.932205134840092e-05,3279,0.2422655406514571,50
7,Onøy og Lurøy,2,2014,334,334,8L52386,11,Southern 1,-9.950320009260966e-05,3280,0.2422655406514571,50
7,Onøy og Lurøy,2,2014,315,315,8L52351,11,Southern 1,-9.95294609499368e-05,3281,0.2422655406514571,50
7,Onøy og Lurøy,2,2014,4692,4692,8800027,4,Gjerøy,-9.954601101502317e-05,3282,0.2422655406514571,50
7,Onøy og Lurøy,2,2014,333,333,8L52384,11,Southern 1,-9.957697913495462e-05,3283,0.2422655406514571,50
7,Onøy og Lurøy,2,2014,2088,2088,8N14167,5,Hestmannøy,-9.98066082098241e-05,3284,0.2422655406514571,50
7,Onøy og Lurøy,2,2014,3733,3733,8N87954,13,Southern 3,-0.00010020542912193821,3285,0.2422655406514571,50
7,Onøy og Lurøy,2,2014,453,453,8L64212,5,Hestmannøy,-0.0001002630690331072,3286,0.2422655406514571,50
7,Onøy og Lurøy,2,2014,1396,1396,8N05276,13,Southern 3,-0.0001004006778961752,3287,0.2422655406514571,50
7,Onøy og Lurøy,2,2014,3274,3274,8N73722,14,Southern 4,-0.00010041051283447383,3288,0.2422655406514571,50
7,Onøy og Lurøy,2,2014,4207,4207,8598907,6,Indre Kvarøy,-0.0001004627070058714,3289,0.2422655406514571,50
7,Onøy og Lurøy,2,2014,4525,4525,8747218,5,Hestmannøy,-0.00010212157987043377,3290,0.2422655406514571,50
7,Onøy og Lurøy,2,2014,2664,2664,8N42263,4,Gjerøy,-0.0001023040004070495,3291,0.2422655406514571,50
7,Onøy og Lurøy,2,2014,1398,1398,8N05278,13,Southern 3,-0.00010266239543650177,3292,0.2422655406514571,50
7,Onøy og Lurøy,2,2014,4849,4849,8857223,6,Indre Kvarøy,-0.00010303073574095122,3293,0.2422655406514571,50
7,Onøy og Lurøy,2,2014,3742,3742,8N87963,13,Southern 3,-0.00010303614211811791,3294,0.2422655406514571,50
7,Onøy og Lurøy,2,2014,1551,1551,8N05702,5,Hestmannøy,-0.00010348070809086042,3295,0.2422655406514571,50
7,Onøy og Lurøy,2,2014,4003,4003,8P14871,14,Southern 4,-0.00010351490919582609,3296,0.2422655406514571,50
7,Onøy og Lurøy,2,2014,3688,3688,8N87908,13,Southern 3,-0.00010360271173434347,3297,0.2422655406514571,50
7,Onøy og Lurøy,2,2014,1846,1846,8N06942,4,Gjerøy,-0.00010362090342234017,3298,0.2422655406514571,50
7,Onøy og Lurøy,2,2014,553,553,8L89334,6,Indre Kvarøy,-0.00010366311260925977,3299,0.2422655406514571,50
7,Onøy og Lurøy,2,2014,3620,3620,8N87837,14,Southern 4,-0.00010381378281100556,3300,0.2422655406514571,50
7,Onøy og Lurøy,2,2014,812,812,8M31798,11,Southern 1,-0.00010427021949978993,3301,0.2422655406514571,50
7,Onøy og Lurøy,2,2014,5396,5396,8981722,6,Indre Kvarøy,-0.00010459728496217166,3302,0.2422655406514571,50
7,Onøy og Lurøy,2,2014,4601,4601,8730959,3,Selvær,-0.00010477827379224681,3303,0.2422655406514571,50
7,Onøy og Lurøy,2,2014,3509,3509,8N87566,11,Southern 1,-0.00010479911092225395,3304,0.2422655406514571,50
7,Onøy og Lurøy,2,2014,3212,3212,8N73638,13,Southern 3,-0.00010500278694939335,3305,0.2422655406514571,50
7,Onøy og Lurøy,2,2014,1599,1599,8N05872,11,Southern 1,-0.00010512603590270953,3306,0.2422655406514571,50
7,Onøy og Lurøy,2,2014,358,358,8L52527,0,Nesøy,-0.00010540724495173112,3307,0.2422655406514571,50
7,Onøy og Lurøy,2,2014,3676,3676,8N87896,13,Southern 3,-0.00010565328215447153,3308,0.2422655406514571,50
7,Onøy og Lurøy,2,2014,3272,3272,8N73699,13,Southern 3,-0.00010584318191708721,3309,0.2422655406514571,50
7,Onøy og Lurøy,2,2014,1755,1755,8N06783,5,Hestmannøy,-0.00010585569461927977,3310,0.2422655406514571,50
7,Onøy og Lurøy,2,2014,1428,1428,8M71514,1,Myken,-0.00010587286925973424,3311,0.2422655406514571,50
7,Onøy og Lurøy,2,2014,806,806,8M31780,11,Southern 1,-0.00010600704927070586,3312,0.2422655406514571,50
7,Onøy og Lurøy,2,2014,1036,1036,8M72001,2,Træna,-0.00010619764234565866,3313,0.2422655406514571,50
7,Onøy og Lurøy,2,2014,1976,1976,8N13677,13,Southern 3,-0.00010672109433209232,3314,0.2422655406514571,50
7,Onøy og Lurøy,2,2014,2329,2329,8N14935,5,Hestmannøy,-0.00010676935045210754,3315,0.2422655406514571,50
7,Onøy og Lurøy,2,2014,1676,1676,8N06472,12,Southern 2,-0.00010679922450251039,3316,0.2422655406514571,50
7,Onøy og Lurøy,2,2014,4784,4784,8800537,10,Aldra,-0.00010690114077954927,3317,0.2422655406514571,50
7,Onøy og Lurøy,2,2014,3664,3664,8N87884,13,Southern 3,-0.00010705838873487826,3318,0.2422655406514571,50
7,Onøy og Lurøy,2,2014,4520,4520,8747158,3,Selvær,-0.00010799354312752812,3319,0.2422655406514571,50
7,Onøy og Lurøy,2,2014,3872,3872,8P11874,14,Southern 4,-0.00010836245611838845,3320,0.2422655406514571,50
7,Onøy og Lurøy,2,2014,1279,1279,8N05158,12,Southern 2,-0.00010846010868590369,3321,0.2422655406514571,50
7,Onøy og Lurøy,2,2014,4644,4644,8747809,4,Gjerøy,-0.0001087597827489014,3322,0.2422655406514571,50
7,Onøy og Lurøy,2,2014,1679,1679,8N06475,12,Southern 2,-0.00010885470937279481,3323,0.2422655406514571,50
7,Onøy og Lurøy,2,2014,4597,4597,8747604,4,Gjerøy,-0.00010920617419384202,3324,0.2422655406514571,50
7,Onøy og Lurøy,2,2014,3050,3050,8N73301,15,Southern 5,-0.00010987965188582349,3325,0.2422655406514571,50
7,Onøy og Lurøy,2,2014,4451,4451,8732288,5,Hestmannøy,-0.00010999347846144702,3326,0.2422655406514571,50
7,Onøy og Lurøy,2,2014,3226,3226,8N73652,13,Southern 3,-0.00011032436923586582,3327,0.2422655406514571,50
7,Onøy og Lurøy,2,2014,3451,3451,8N87369,4,Gjerøy,-0.00011071154185291355,3328,0.2422655406514571,50
7,Onøy og Lurøy,2,2014,766,766,8M31548,6,Indre Kvarøy,-0.00011076791237522136,3329,0.2422655406514571,50
7,Onøy og Lurøy,2,2014,2482,2482,8N27916,5,Hestmannøy,-0.00011088423497451892,3330,0.2422655406514571,50
7,Onøy og Lurøy,2,2014,142,142,8L30766,12,Southern 2,-0.00011111284320784585,3331,0.2422655406514571,50
7,Onøy og Lurøy,2,2014,2378,2378,8N27090,14,Southern 4,-0.00011121228709754773,3332,0.2422655406514571,50
7,Onøy og Lurøy,2,2014,2415,2415,8N27333,4,Gjerøy,-0.00011135330365528232,3333,0.2422655406514571,50
7,Onøy og Lurøy,2,2014,4615,4615,8747699,5,Hestmannøy,-0.0001114537454051918,3334,0.2422655406514571,50
7,Onøy og Lurøy,2,2014,2331,2331,8N14939,4,Gjerøy,-0.00011176783518470449,3335,0.2422655406514571,50
7,Onøy og Lurøy,2,2014,960,960,8M71361,12,Southern 2,-0.00011177099088212377,3336,0.2422655406514571,50
7,Onøy og Lurøy,2,2014,3540,3540,8N87599,11,Southern 1,-0.0001123458719373139,3337,0.2422655406514571,50
7,Onøy og Lurøy,2,2014,4552,4552,8747309,8,Lovund,-0.00011263591090490522,3338,0.2422655406514571,50
7,Onøy og Lurøy,2,2014,3752,3752,8N87973,13,Southern 3,-0.00011267140250255007,3339,0.2422655406514571,50
7,Onøy og Lurøy,2,2014,3675,3675,8N87895,13,Southern 3,-0.0001127005741249934,3340,0.2422655406514571,50
7,Onøy og Lurøy,2,2014,835,835,8M31875,5,Hestmannøy,-0.00011328449922642342,3341,0.2422655406514571,50
7,Onøy og Lurøy,2,2014,133,133,8L30757,11,Southern 1,-0.00011334948264021684,3342,0.2422655406514571,50
7,Onøy og Lurøy,2,2014,4073,4073,8P26430,5,Hestmannøy,-0.00011341907477537207,3343,0.2422655406514571,50
7,Onøy og Lurøy,2,2014,2616,2616,8N28845,5,Hestmannøy,-0.0001136466456847686,3344,0.2422655406514571,50
7,Onøy og Lurøy,2,2014,4352,4352,8681436,6,Indre Kvarøy,-0.00011435505752461411,3345,0.2422655406514571,50
7,Onøy og Lurøy,2,2014,3389,3389,8N74000,14,Southern 4,-0.00011474625251122748,3346,0.2422655406514571,50
7,Onøy og Lurøy,2,2014,1071,1071,8M72405,13,Southern 3,-0.00011538743658079636,3347,0.2422655406514571,50
7,Onøy og Lurøy,2,2014,1597,1597,8N05869,11,Southern 1,-0.00011561333382162975,3348,0.2422655406514571,50
7,Onøy og Lurøy,2,2014,2277,2277,8N14665,13,Southern 3,-0.000115762336369662,3349,0.2422655406514571,50
7,Onøy og Lurøy,2,2014,2123,2123,8N14353,15,Southern 5,-0.00011741643427994871,3350,0.2422655406514571,50
7,Onøy og Lurøy,2,2014,4753,4753,8800404,5,Hestmannøy,-0.00011747588114812191,3351,0.2422655406514571,50
7,Onøy og Lurøy,2,2014,870,870,8L64880,11,Southern 1,-0.00011805171425011462,3352,0.2422655406514571,50
7,Onøy og Lurøy,2,2014,3816,3816,8P11542,15,Southern 5,-0.00011879317929171223,3353,0.2422655406514571,50
7,Onøy og Lurøy,2,2014,606,606,8L89526,4,Gjerøy,-0.00011889752607422338,3354,0.2422655406514571,50
7,Onøy og Lurøy,2,2014,5195,5195,8939704,6,Indre Kvarøy,-0.0001189643130887131,3355,0.2422655406514571,50
7,Onøy og Lurøy,2,2014,3233,3233,8N73659,13,Southern 3,-0.00011907728384980103,3356,0.2422655406514571,50
7,Onøy og Lurøy,2,2014,4264,4264,8681008,0,Nesøy,-0.00011957966924465504,3357,0.2422655406514571,50
7,Onøy og Lurøy,2,2014,3782,3782,8P11325,4,Gjerøy,-0.00012003395673579356,3358,0.2422655406514571,50
7,Onøy og Lurøy,2,2014,1963,1963,8N13664,13,Southern 3,-0.00012007768981533023,3359,0.2422655406514571,50
7,Onøy og Lurøy,2,2014,1350,1350,8N05229,12,Southern 2,-0.00012054919141954681,3360,0.2422655406514571,50
7,Onøy og Lurøy,2,2014,256,256,8L48767,11,Southern 1,-0.00012090083520614227,3361,0.2422655406514571,50
7,Onøy og Lurøy,2,2014,3641,3641,8N87860,14,Southern 4,-0.00012092490131652994,3362,0.2422655406514571,50
7,Onøy og Lurøy,2,2014,4698,4698,8800042,4,Gjerøy,-0.00012093414876306226,3363,0.2422655406514571,50
7,Onøy og Lurøy,2,2014,2108,2108,8N14293,15,Southern 5,-0.00012183264329675759,3364,0.2422655406514571,50
7,Onøy og Lurøy,2,2014,112,112,8L30596,4,Gjerøy,-0.00012246350109077826,3365,0.2422655406514571,50
7,Onøy og Lurøy,2,2014,4610,4610,8747691,0,Nesøy,-0.0001224840371006536,3366,0.2422655406514571,50
7,Onøy og Lurøy,2,2014,2013,2013,8N13859,15,Southern 5,-0.00012250181531268955,3367,0.2422655406514571,50
7,Onøy og Lurøy,2,2014,1155,1155,8M72739,4,Gjerøy,-0.00012348471488551657,3368,0.2422655406514571,50
7,Onøy og Lurøy,2,2014,3813,3813,8P11538,15,Southern 5,-0.0001237279572479199,3369,0.2422655406514571,50
7,Onøy og Lurøy,2,2014,648,648,8L89725,4,Gjerøy,-0.00012394415636658655,3370,0.2422655406514571,50
7,Onøy og Lurøy,2,2014,1614,1614,8N05892,11,Southern 1,-0.0001242600202693314,3371,0.2422655406514571,50
7,Onøy og Lurøy,2,2014,1485,1485,8N05623,14,Southern 4,-0.00012481920159653292,3372,0.2422655406514571,50
7,Onøy og Lurøy,2,2014,4182,4182,8573567,0,Nesøy,-0.00012645683661675875,3373,0.2422655406514571,50
7,Onøy og Lurøy,2,2014,4366,4366,8681500,2,Træna,-0.00012672285529200355,3374,0.2422655406514571,50
7,Onøy og Lurøy,2,2014,5006,5006,8917953,2,Træna,-0.00012707088036057292,3375,0.2422655406514571,50
7,Onøy og Lurøy,2,2014,3863,3863,8P11786,2,Træna,-0.00012726437435768058,3376,0.2422655406514571,50
7,Onøy og Lurøy,2,2014,4361,4361,8681477,3,Selvær,-0.0001280271327868576,3377,0.2422655406514571,50
7,Onøy og Lurøy,2,2014,824,824,8L89119,13,Southern 3,-0.00012867906051583223,3378,0.2422655406514571,50
7,Onøy og Lurøy,2,2014,2212,2212,8N14598,11,Southern 1,-0.00012918170083077088,3379,0.2422655406514571,50
7,Onøy og Lurøy,2,2014,5321,5321,8981120,12,Southern 2,-0.0001296447367309433,3380,0.2422655406514571,50
7,Onøy og Lurøy,2,2014,2137,2137,8N14521,11,Southern 1,-0.00012965649890719688,3381,0.2422655406514571,50
7,Onøy og Lurøy,2,2014,1010,1010,8M71530,4,Gjerøy,-0.00012992762792596129,3382,0.2422655406514571,50
7,Onøy og Lurøy,2,2014,1228,1228,8N05106,12,Southern 2,-0.00013016696527768198,3383,0.2422655406514571,50
7,Onøy og Lurøy,2,2014,3020,3020,8N73222,12,Southern 2,-0.0001302561269470119,3384,0.2422655406514571,50
7,Onøy og Lurøy,2,2014,2605,2605,8N28794,14,Southern 4,-0.00013039753016030339,3385,0.2422655406514571,50
7,Onøy og Lurøy,2,2014,3515,3515,8N87572,11,Southern 1,-0.00013059485833791294,3386,0.2422655406514571,50
7,Onøy og Lurøy,2,2014,5403,5403,8981774,4,Gjerøy,-0.00013092120749146942,3387,0.2422655406514571,50
7,Onøy og Lurøy,2,2014,3934,3934,8P14514,2,Træna,-0.00013094577964741506,3388,0.2422655406514571,50
7,Onøy og Lurøy,2,2014,271,271,8L52202,5,Hestmannøy,-0.00013109792178902762,3389,0.2422655406514571,50
7,Onøy og Lurøy,2,2014,84,84,8L30185,12,Southern 2,-0.00013264351025200612,3390,0.2422655406514571,50
7,Onøy og Lurøy,2,2014,2372,2372,8N27084,14,Southern 4,-0.0001327881883719564,3391,0.2422655406514571,50
7,Onøy og Lurøy,2,2014,3179,3179,8N73605,14,Southern 4,-0.0001330387153399696,3392,0.2422655406514571,50
7,Onøy og Lurøy,2,2014,1366,1366,8N05246,13,Southern 3,-0.00013345708436922959,3393,0.2422655406514571,50
7,Onøy og Lurøy,2,2014,1126,1126,8M72638,6,Indre Kvarøy,-0.00013356773579615178,3394,0.2422655406514571,50
7,Onøy og Lurøy,2,2014,289,289,8L52243,5,Hestmannøy,-0.00013401456964070663,3395,0.2422655406514571,50
7,Onøy og Lurøy,2,2014,3841,3841,8P11567,14,Southern 4,-0.0001341173884602127,3396,0.2422655406514571,50
7,Onøy og Lurøy,2,2014,2914,2914,8N72915,13,Southern 3,-0.0001341889122458411,3397,0.2422655406514571,50
7,Onøy og Lurøy,2,2014,1714,1714,8N06563,4,Gjerøy,-0.0001342002416295,3398,0.2422655406514571,50
7,Onøy og Lurøy,2,2014,2646,2646,8N42114,8,Lovund,-0.00013421615970991062,3399,0.2422655406514571,50
7,Onøy og Lurøy,2,2014,956,956,8M71352,12,Southern 2,-0.00013422294382304308,3400,0.2422655406514571,50
7,Onøy og Lurøy,2,2014,2161,2161,8N14545,11,Southern 1,-0.00013425063584821347,3401,0.2422655406514571,50
7,Onøy og Lurøy,2,2014,2246,2246,8N14632,13,Southern 3,-0.00013467252010851722,3402,0.2422655406514571,50
7,Onøy og Lurøy,2,2014,2845,2845,8N72642,2,Træna,-0.00013497392441281093,3403,0.2422655406514571,50
7,Onøy og Lurøy,2,2014,2386,2386,8N27177,5,Hestmannøy,-0.00013509426788687495,3404,0.2422655406514571,50
7,Onøy og Lurøy,2,2014,3644,3644,8N87863,14,Southern 4,-0.00013553833233607526,3405,0.2422655406514571,50
7,Onøy og Lurøy,2,2014,147,147,8L30772,12,Southern 2,-0.00013589297139640695,3406,0.2422655406514571,50
7,Onøy og Lurøy,2,2014,2152,2152,8N14536,11,Southern 1,-0.00013596028960203698,3407,0.2422655406514571,50
7,Onøy og Lurøy,2,2014,4653,4653,8747882,1,Myken,-0.00013649915145761332,3408,0.2422655406514571,50
7,Onøy og Lurøy,2,2014,1093,1093,8M72544,11,Southern 1,-0.00013675326072349285,3409,0.2422655406514571,50
7,Onøy og Lurøy,2,2014,304,304,8L52330,12,Southern 2,-0.00013684595674127035,3410,0.2422655406514571,50
7,Onøy og Lurøy,2,2014,1052,1052,8M72120,3,Selvær,-0.0001384718669305638,3411,0.2422655406514571,50
7,Onøy og Lurøy,2,2014,3304,3304,8N73915,11,Southern 1,-0.00013903957069743184,3412,0.2422655406514571,50
7,Onøy og Lurøy,2,2014,3331,3331,8N73942,12,Southern 2,-0.00013911238077185723,3413,0.2422655406514571,50
7,Onøy og Lurøy,2,2014,250,250,8L48759,11,Southern 1,-0.00013916835201070786,3414,0.2422655406514571,50
7,Onøy og Lurøy,2,2014,2060,2060,8N14018,5,Hestmannøy,-0.00013930585662263662,3415,0.2422655406514571,50
7,Onøy og Lurøy,2,2014,2232,2232,8N14618,13,Southern 3,-0.00013942008652545967,3416,0.2422655406514571,50
7,Onøy og Lurøy,2,2014,3557,3557,8N87621,15,Southern 5,-0.00013987280343537956,3417,0.2422655406514571,50
7,Onøy og Lurøy,2,2014,4855,4855,8857237,5,Hestmannøy,-0.0001405178293587994,3418,0.2422655406514571,50
7,Onøy og Lurøy,2,2014,1310,1310,8N05189,13,Southern 3,-0.0001408149938017113,3419,0.2422655406514571,50
7,Onøy og Lurøy,2,2014,2470,2470,8N27886,2,Træna,-0.00014185327006642213,3420,0.2422655406514571,50
7,Onøy og Lurøy,2,2014,2831,2831,8N72519,4,Gjerøy,-0.0001424173280333851,3421,0.2422655406514571,50
7,Onøy og Lurøy,2,2014,3273,3273,8N73700,13,Southern 3,-0.00014273259943965776,3422,0.2422655406514571,50
7,Onøy og Lurøy,2,2014,2136,2136,8N14520,11,Southern 1,-0.0001428121067108464,3423,0.2422655406514571,50
7,Onøy og Lurøy,2,2014,4004,4004,8P14872,14,Southern 4,-0.00014302882394890407,3424,0.2422655406514571,50
7,Onøy og Lurøy,2,2014,5131,5131,8939125,4,Gjerøy,-0.0001432329391071893,3425,0.2422655406514571,50
7,Onøy og Lurøy,2,2014,2325,2325,8N14924,5,Hestmannøy,-0.00014344086542295291,3426,0.2422655406514571,50
7,Onøy og Lurøy,2,2014,3791,3791,8P11488,1,Myken,-0.00014377949501667047,3427,0.2422655406514571,50
7,Onøy og Lurøy,2,2014,3846,3846,8P11572,14,Southern 4,-0.00014385938582902634,3428,0.2422655406514571,50
7,Onøy og Lurøy,2,2014,2876,2876,8N72695,11,Southern 1,-0.00014443549915708884,3429,0.2422655406514571,50
7,Onøy og Lurøy,2,2014,755,755,8M31516,1,Myken,-0.00014445948695439214,3430,0.2422655406514571,50
7,Onøy og Lurøy,2,2014,1689,1689,8N06485,12,Southern 2,-0.00014452340772277291,3431,0.2422655406514571,50
7,Onøy og Lurøy,2,2014,1587,1587,8N05858,11,Southern 1,-0.00014469648595768456,3432,0.2422655406514571,50
7,Onøy og Lurøy,2,2014,455,455,8L64241,6,Indre Kvarøy,-0.00014488840664442457,3433,0.2422655406514571,50
7,Onøy og Lurøy,2,2014,1735,1735,8N06688,14,Southern 4,-0.0001451081473057221,3434,0.2422655406514571,50
7,Onøy og Lurøy,2,2014,3512,3512,8N87569,11,Southern 1,-0.00014517346150997402,3435,0.2422655406514571,50
7,Onøy og Lurøy,2,2014,2322,2322,8N14921,4,Gjerøy,-0.00014570844570413683,3436,0.2422655406514571,50
7,Onøy og Lurøy,2,2014,506,506,8L64873,14,Southern 4,-0.0001464246548367927,3437,0.2422655406514571,50
7,Onøy og Lurøy,2,2014,106,106,8L30473,12,Southern 2,-0.00014693972961645553,3438,0.2422655406514571,50
7,Onøy og Lurøy,2,2014,2510,2510,8N28086,2,Træna,-0.00014695151117099736,3439,0.2422655406514571,50
7,Onøy og Lurøy,2,2014,1221,1221,8N05083,6,Indre Kvarøy,-0.0001470510629474139,3440,0.2422655406514571,50
7,Onøy og Lurøy,2,2014,3266,3266,8N73693,13,Southern 3,-0.000147290247473577,3441,0.2422655406514571,50
7,Onøy og Lurøy,2,2014,891,891,8M71153,13,Southern 3,-0.0001478179484082908,3442,0.2422655406514571,50
7,Onøy og Lurøy,2,2014,3777,3777,8P11187,2,Træna,-0.00014797586388041784,3443,0.2422655406514571,50
7,Onøy og Lurøy,2,2014,1554,1554,8N05705,5,Hestmannøy,-0.00014851877430029325,3444,0.2422655406514571,50
7,Onøy og Lurøy,2,2014,2200,2200,8N14586,11,Southern 1,-0.00014887322340944166,3445,0.2422655406514571,50
7,Onøy og Lurøy,2,2014,1422,1422,8N05303,13,Southern 3,-0.00014891142373812962,3446,0.2422655406514571,50
7,Onøy og Lurøy,2,2014,5034,5034,8934217,4,Gjerøy,-0.00014892235961994229,3447,0.2422655406514571,50
7,Onøy og Lurøy,2,2014,2398,2398,8N27249,5,Hestmannøy,-0.0001496513585807983,3448,0.2422655406514571,50
7,Onøy og Lurøy,2,2014,5362,5362,8981325,6,Indre Kvarøy,-0.0001499351011390343,3449,0.2422655406514571,50
7,Onøy og Lurøy,2,2014,3566,3566,8N87631,15,Southern 5,-0.0001499683722892495,3450,0.2422655406514571,50
7,Onøy og Lurøy,2,2014,3006,3006,8N73208,12,Southern 2,-0.00015000341919277924,3451,0.2422655406514571,50
7,Onøy og Lurøy,2,2014,1780,1780,8N06840,11,Southern 1,-0.0001502172958657176,3452,0.2422655406514571,50
7,Onøy og Lurøy,2,2014,546,546,8L89296,4,Gjerøy,-0.00015078604013185195,3453,0.2422655406514571,50
7,Onøy og Lurøy,2,2014,4480,4480,8732651,5,Hestmannøy,-0.00015108317162336877,3454,0.2422655406514571,50
7,Onøy og Lurøy,2,2014,3674,3674,8N87894,13,Southern 3,-0.00015127364234884122,3455,0.2422655406514571,50
7,Onøy og Lurøy,2,2014,1207,1207,8M72987,4,Gjerøy,-0.00015158180984500155,3456,0.2422655406514571,50
7,Onøy og Lurøy,2,2014,675,675,8L89992,2,Træna,-0.00015230536602996696,3457,0.2422655406514571,50
7,Onøy og Lurøy,2,2014,657,657,8L89752,5,Hestmannøy,-0.00015277031450087311,3458,0.2422655406514571,50
7,Onøy og Lurøy,2,2014,4167,4167,8309298,4,Gjerøy,-0.0001535813690168654,3459,0.2422655406514571,50
7,Onøy og Lurøy,2,2014,1244,1244,8N05122,12,Southern 2,-0.00015360790038536763,3460,0.2422655406514571,50
7,Onøy og Lurøy,2,2014,2612,2612,8N28815,5,Hestmannøy,-0.0001538584790914338,3461,0.2422655406514571,50
7,Onøy og Lurøy,2,2014,382,382,8L52922,6,Indre Kvarøy,-0.00015610335347064576,3462,0.2422655406514571,50
7,Onøy og Lurøy,2,2014,1312,1312,8N05191,13,Southern 3,-0.0001561554056492969,3463,0.2422655406514571,50
7,Onøy og Lurøy,2,2014,1104,1104,8M72575,11,Southern 1,-0.00015664848039972535,3464,0.2422655406514571,50
7,Onøy og Lurøy,2,2014,2749,2749,8N42752,1,Myken,-0.00015674598615359102,3465,0.2422655406514571,50
7,Onøy og Lurøy,2,2014,4950,4950,8887357,10,Aldra,-0.00015700542381438934,3466,0.2422655406514571,50
7,Onøy og Lurøy,2,2014,3963,3963,8P14810,15,Southern 5,-0.00015701780859101965,3467,0.2422655406514571,50
7,Onøy og Lurøy,2,2014,532,532,8L89245,6,Indre Kvarøy,-0.00015762376650152075,3468,0.2422655406514571,50
7,Onøy og Lurøy,2,2014,3185,3185,8N73611,14,Southern 4,-0.00015844754622252737,3469,0.2422655406514571,50
7,Onøy og Lurøy,2,2014,1070,1070,8M72327,3,Selvær,-0.00016002960941443377,3470,0.2422655406514571,50
7,Onøy og Lurøy,2,2014,1746,1746,8N06699,14,Southern 4,-0.00016037919366467424,3471,0.2422655406514571,50
7,Onøy og Lurøy,2,2014,1757,1757,8N06787,5,Hestmannøy,-0.00016041739155338045,3472,0.2422655406514571,50
7,Onøy og Lurøy,2,2014,3650,3650,8N87869,13,Southern 3,-0.00016044296333660114,3473,0.2422655406514571,50
7,Onøy og Lurøy,2,2014,25,25,8L19839,5,Hestmannøy,-0.00016056658060625075,3474,0.2422655406514571,50
7,Onøy og Lurøy,2,2014,3237,3237,8N73663,13,Southern 3,-0.0001606898715671752,3475,0.2422655406514571,50
7,Onøy og Lurøy,2,2014,1722,1722,8N06675,14,Southern 4,-0.00016132775854689252,3476,0.2422655406514571,50
7,Onøy og Lurøy,2,2014,4607,4607,8747672,9,Sleneset,-0.00016160072252005927,3477,0.2422655406514571,50
7,Onøy og Lurøy,2,2014,5399,5399,8981734,10,Aldra,-0.00016173204842300697,3478,0.2422655406514571,50
7,Onøy og Lurøy,2,2014,2441,2441,8N27558,5,Hestmannøy,-0.00016180304230238167,3479,0.2422655406514571,50
7,Onøy og Lurøy,2,2014,856,856,8M31968,5,Hestmannøy,-0.00016183911367181035,3480,0.2422655406514571,50
7,Onøy og Lurøy,2,2014,2495,2495,8N27965,8,Lovund,-0.00016186532332371773,3481,0.2422655406514571,50
7,Onøy og Lurøy,2,2014,2851,2851,8N72669,4,Gjerøy,-0.00016206941890713067,3482,0.2422655406514571,50
7,Onøy og Lurøy,2,2014,1925,1925,8N13623,14,Southern 4,-0.00016249943608708157,3483,0.2422655406514571,50
7,Onøy og Lurøy,2,2014,3604,3604,8N87821,14,Southern 4,-0.0001630191856941773,3484,0.2422655406514571,50
7,Onøy og Lurøy,2,2014,1318,1318,8N05197,13,Southern 3,-0.00016306737318209997,3485,0.2422655406514571,50
7,Onøy og Lurøy,2,2014,3430,3430,8N87264,8,Lovund,-0.00016373194627546155,3486,0.2422655406514571,50
7,Onøy og Lurøy,2,2014,1008,1008,8M71520,5,Hestmannøy,-0.00016376017330710534,3487,0.2422655406514571,50
7,Onøy og Lurøy,2,2014,1997,1997,8N13698,13,Southern 3,-0.00016445874887550962,3488,0.2422655406514571,50
7,Onøy og Lurøy,2,2014,3143,3143,8N73495,12,Southern 2,-0.00016473349503676695,3489,0.2422655406514571,50
7,Onøy og Lurøy,2,2014,410,410,8L57876,5,Hestmannøy,-0.00016505538850113043,3490,0.2422655406514571,50
7,Onøy og Lurøy,2,2014,1166,1166,8M72811,4,Gjerøy,-0.00016506536015022596,3491,0.2422655406514571,50
7,Onøy og Lurøy,2,2014,4481,4481,8732653,5,Hestmannøy,-0.00016508219420062513,3492,0.2422655406514571,50
7,Onøy og Lurøy,2,2014,1484,1484,8N05622,14,Southern 4,-0.00016511955493555007,3493,0.2422655406514571,50
7,Onøy og Lurøy,2,2014,3971,3971,8P14834,5,Hestmannøy,-0.00016536440973968994,3494,0.2422655406514571,50
7,Onøy og Lurøy,2,2014,2465,2465,8N27873,5,Hestmannøy,-0.00016541031710040643,3495,0.2422655406514571,50
7,Onøy og Lurøy,2,2014,2184,2184,8N14570,11,Southern 1,-0.00016550410610029418,3496,0.2422655406514571,50
7,Onøy og Lurøy,2,2014,749,749,8M31484,5,Hestmannøy,-0.0001656592916191757,3497,0.2422655406514571,50
7,Onøy og Lurøy,2,2014,2976,2976,8N73082,6,Indre Kvarøy,-0.00016627905790965388,3498,0.2422655406514571,50
7,Onøy og Lurøy,2,2014,3513,3513,8N87570,11,Southern 1,-0.00016636673836202602,3499,0.2422655406514571,50
7,Onøy og Lurøy,2,2014,1985,1985,8N13686,13,Southern 3,-0.00016660852991529573,3500,0.2422655406514571,50
7,Onøy og Lurøy,2,2014,2694,2694,8N42509,5,Hestmannøy,-0.00016661595090182015,3501,0.2422655406514571,50
7,Onøy og Lurøy,2,2014,3867,3867,8P11800,2,Træna,-0.00016722502704900929,3502,0.2422655406514571,50
7,Onøy og Lurøy,2,2014,3380,3380,8N73991,12,Southern 2,-0.0001673155442484553,3503,0.2422655406514571,50
7,Onøy og Lurøy,2,2014,5201,5201,8939749,5,Hestmannøy,-0.00016776539424772703,3504,0.2422655406514571,50
7,Onøy og Lurøy,2,2014,1016,1016,8M71596,4,Gjerøy,-0.0001678918476344958,3505,0.2422655406514571,50
7,Onøy og Lurøy,2,2014,2957,2957,8N72960,13,Southern 3,-0.00016798531024640108,3506,0.2422655406514571,50
7,Onøy og Lurøy,2,2014,3038,3038,8N73240,12,Southern 2,-0.0001680011624795133,3507,0.2422655406514571,50
7,Onøy og Lurøy,2,2014,4682,4682,8794352,1,Myken,-0.00016830749489623687,3508,0.2422655406514571,50
7,Onøy og Lurøy,2,2014,656,656,8L89751,5,Hestmannøy,-0.00016876523707173055,3509,0.2422655406514571,50
7,Onøy og Lurøy,2,2014,1202,1202,8M72960,4,Gjerøy,-0.0001688987820948832,3510,0.2422655406514571,50
7,Onøy og Lurøy,2,2014,3202,3202,8N73628,13,Southern 3,-0.00016897645742416646,3511,0.2422655406514571,50
7,Onøy og Lurøy,2,2014,1686,1686,8N06482,12,Southern 2,-0.00016943419720977246,3512,0.2422655406514571,50
7,Onøy og Lurøy,2,2014,4475,4475,8732646,5,Hestmannøy,-0.0001701175848985268,3513,0.2422655406514571,50
7,Onøy og Lurøy,2,2014,2300,2300,8N14688,13,Southern 3,-0.00017039589822702815,3514,0.2422655406514571,50
7,Onøy og Lurøy,2,2014,2803,2803,8N72347,5,Hestmannøy,-0.00017049210932455294,3515,0.2422655406514571,50
7,Onøy og Lurøy,2,2014,4019,4019,8P14948,14,Southern 4,-0.0001712599665921006,3516,0.2422655406514571,50
7,Onøy og Lurøy,2,2014,4468,4468,8732615,9,Sleneset,-0.00017131212653510023,3517,0.2422655406514571,50
7,Onøy og Lurøy,2,2014,4482,4482,8732654,5,Hestmannøy,-0.00017258809938188,3518,0.2422655406514571,50
7,Onøy og Lurøy,2,2014,715,715,8M31294,5,Hestmannøy,-0.00017270475095140705,3519,0.2422655406514571,50
7,Onøy og Lurøy,2,2014,5326,5326,8981180,11,Southern 1,-0.0001729725655144184,3520,0.2422655406514571,50
7,Onøy og Lurøy,2,2014,3721,3721,8N87942,13,Southern 3,-0.00017312031859516582,3521,0.2422655406514571,50
7,Onøy og Lurøy,2,2014,4136,4136,8309156,6,Indre Kvarøy,-0.00017317448563978946,3522,0.2422655406514571,50
7,Onøy og Lurøy,2,2014,1037,1037,8M72002,8,Lovund,-0.00017322526919813372,3523,0.2422655406514571,50
7,Onøy og Lurøy,2,2014,3668,3668,8N87888,13,Southern 3,-0.00017369516127039637,3524,0.2422655406514571,50
7,Onøy og Lurøy,2,2014,5155,5155,8939391,5,Hestmannøy,-0.0001737308833800076,3525,0.2422655406514571,50
7,Onøy og Lurøy,2,2014,109,109,8L30499,2,Træna,-0.00017412403990656243,3526,0.2422655406514571,50
7,Onøy og Lurøy,2,2014,3280,3280,8N73795,15,Southern 5,-0.00017487863150581116,3527,0.2422655406514571,50
7,Onøy og Lurøy,2,2014,1651,1651,8N06340,0,Nesøy,-0.0001750217388423836,3528,0.2422655406514571,50
7,Onøy og Lurøy,2,2014,3730,3730,8N87951,13,Southern 3,-0.00017517348643038513,3529,0.2422655406514571,50
7,Onøy og Lurøy,2,2014,3062,3062,8N73313,15,Southern 5,-0.00017574660355983783,3530,0.2422655406514571,50
7,Onøy og Lurøy,2,2014,2859,2859,8N72678,11,Southern 1,-0.00017622695644300864,3531,0.2422655406514571,50
7,Onøy og Lurøy,2,2014,626,626,8L89645,6,Indre Kvarøy,-0.00017627547431140825,3532,0.2422655406514571,50
7,Onøy og Lurøy,2,2014,719,719,8M31305,4,Gjerøy,-0.00017665169312166924,3533,0.2422655406514571,50
7,Onøy og Lurøy,2,2014,3836,3836,8P11562,14,Southern 4,-0.00017729511234551608,3534,0.2422655406514571,50
7,Onøy og Lurøy,2,2014,88,88,8L30289,5,Hestmannøy,-0.0001774827938682613,3535,0.2422655406514571,50
7,Onøy og Lurøy,2,2014,2291,2291,8N14679,13,Southern 3,-0.00017792691105129654,3536,0.2422655406514571,50
7,Onøy og Lurøy,2,2014,1059,1059,8M72245,2,Træna,-0.00017883855782271192,3537,0.2422655406514571,50
7,Onøy og Lurøy,2,2014,2373,2373,8N27085,14,Southern 4,-0.00017958901287433237,3538,0.2422655406514571,50
7,Onøy og Lurøy,2,2014,51,51,8L19974,5,Hestmannøy,-0.00018013280037884683,3539,0.2422655406514571,50
7,Onøy og Lurøy,2,2014,3837,3837,8P11563,14,Southern 4,-0.00018051946094439864,3540,0.2422655406514571,50
7,Onøy og Lurøy,2,2014,3087,3087,8N73438,11,Southern 1,-0.0001808160305874154,3541,0.2422655406514571,50
7,Onøy og Lurøy,2,2014,5422,5422,8981873,2,Træna,-0.00018100966154435523,3542,0.2422655406514571,50
7,Onøy og Lurøy,2,2014,668,668,8L89844,5,Hestmannøy,-0.00018133447302451602,3543,0.2422655406514571,50
7,Onøy og Lurøy,2,2014,5157,5157,8939395,12,Southern 2,-0.00018140437692407702,3544,0.2422655406514571,50
7,Onøy og Lurøy,2,2014,2553,2553,8N28538,9,Sleneset,-0.00018293697440876266,3545,0.2422655406514571,50
7,Onøy og Lurøy,2,2014,4573,4573,8747520,5,Hestmannøy,-0.00018306596909580306,3546,0.2422655406514571,50
7,Onøy og Lurøy,2,2014,1161,1161,8M72786,10,Aldra,-0.00018340248075013194,3547,0.2422655406514571,50
7,Onøy og Lurøy,2,2014,3241,3241,8N73667,13,Southern 3,-0.00018484459216314502,3548,0.2422655406514571,50
7,Onøy og Lurøy,2,2014,212,212,8L48473,4,Gjerøy,-0.00018525363843314226,3549,0.2422655406514571,50
7,Onøy og Lurøy,2,2014,1403,1403,8N05283,13,Southern 3,-0.00018525640352046367,3550,0.2422655406514571,50
7,Onøy og Lurøy,2,2014,1718,1718,8N06671,14,Southern 4,-0.00018560581317369243,3551,0.2422655406514571,50
7,Onøy og Lurøy,2,2014,4752,4752,8800395,0,Nesøy,-0.00018605098802966584,3552,0.2422655406514571,50
7,Onøy og Lurøy,2,2014,4332,4332,8681308,4,Gjerøy,-0.00018715376393026634,3553,0.2422655406514571,50
7,Onøy og Lurøy,2,2014,935,935,8M71305,6,Indre Kvarøy,-0.00018721005407310192,3554,0.2422655406514571,50
7,Onøy og Lurøy,2,2014,4242,4242,8651875,5,Hestmannøy,-0.00018753689799675313,3555,0.2422655406514571,50
7,Onøy og Lurøy,2,2014,3946,3946,8P14715,5,Hestmannøy,-0.00018814340745123398,3556,0.2422655406514571,50
7,Onøy og Lurøy,2,2014,3926,3926,8P14343,15,Southern 5,-0.00018830431148763774,3557,0.2422655406514571,50
7,Onøy og Lurøy,2,2014,2550,2550,8N28511,2,Træna,-0.00018882537503683077,3558,0.2422655406514571,50
7,Onøy og Lurøy,2,2014,5355,5355,8981284,5,Hestmannøy,-0.00018964725599954186,3559,0.2422655406514571,50
7,Onøy og Lurøy,2,2014,1844,1844,8N06931,4,Gjerøy,-0.00018970571992183628,3560,0.2422655406514571,50
7,Onøy og Lurøy,2,2014,555,555,8L89337,5,Hestmannøy,-0.00018973089877896856,3561,0.2422655406514571,50
7,Onøy og Lurøy,2,2014,4222,4222,8651695,5,Hestmannøy,-0.00018976040906243591,3562,0.2422655406514571,50
7,Onøy og Lurøy,2,2014,834,834,8M31874,5,Hestmannøy,-0.00019114118501865538,3563,0.2422655406514571,50
7,Onøy og Lurøy,2,2014,3571,3571,8N87707,6,Indre Kvarøy,-0.0001911779951119049,3564,0.2422655406514571,50
7,Onøy og Lurøy,2,2014,2509,2509,8N28085,2,Træna,-0.0001912570231625771,3565,0.2422655406514571,50
7,Onøy og Lurøy,2,2014,267,267,8L49957,4,Gjerøy,-0.00019239867797592235,3566,0.2422655406514571,50
7,Onøy og Lurøy,2,2014,4878,4878,8857612,9,Sleneset,-0.00019267988035838666,3567,0.2422655406514571,50
7,Onøy og Lurøy,2,2014,4166,4166,8309291,0,Nesøy,-0.00019285541637175787,3568,0.2422655406514571,50
7,Onøy og Lurøy,2,2014,3865,3865,8P11789,2,Træna,-0.00019305057636776791,3569,0.2422655406514571,50
7,Onøy og Lurøy,2,2014,549,549,8L89312,9,Sleneset,-0.000193067052736595,3570,0.2422655406514571,50
7,Onøy og Lurøy,2,2014,4395,4395,8730506,5,Hestmannøy,-0.00019379443229739556,3571,0.2422655406514571,50
7,Onøy og Lurøy,2,2014,2199,2199,8N14585,11,Southern 1,-0.00019543592581278802,3572,0.2422655406514571,50
7,Onøy og Lurøy,2,2014,4514,4514,8747118,5,Hestmannøy,-0.00019545431215688838,3573,0.2422655406514571,50
7,Onøy og Lurøy,2,2014,430,430,8L64058,11,Southern 1,-0.00019565940088601128,3574,0.2422655406514571,50
7,Onøy og Lurøy,2,2014,2188,2188,8N14574,11,Southern 1,-0.00019575698273560302,3575,0.2422655406514571,50
7,Onøy og Lurøy,2,2014,2672,2672,8N42287,5,Hestmannøy,-0.0001960915306184332,3576,0.2422655406514571,50
7,Onøy og Lurøy,2,2014,1717,1717,8N06581,4,Gjerøy,-0.00019689806827417354,3577,0.2422655406514571,50
7,Onøy og Lurøy,2,2014,4255,4255,8651997,5,Hestmannøy,-0.00019701498695518126,3578,0.2422655406514571,50
7,Onøy og Lurøy,2,2014,1405,1405,8N05285,13,Southern 3,-0.0001975478994826237,3579,0.2422655406514571,50
7,Onøy og Lurøy,2,2014,5267,5267,8943475,2,Træna,-0.00019758806602939523,3580,0.2422655406514571,50
7,Onøy og Lurøy,2,2014,502,502,8L64858,2,Træna,-0.0001978063460156447,3581,0.2422655406514571,50
7,Onøy og Lurøy,2,2014,5209,5209,8939807,1,Myken,-0.00019788373563509737,3582,0.2422655406514571,50
7,Onøy og Lurøy,2,2014,627,627,8L89646,6,Indre Kvarøy,-0.00019810118159261703,3583,0.2422655406514571,50
7,Onøy og Lurøy,2,2014,3443,3443,8N87342,5,Hestmannøy,-0.0001982221255732569,3584,0.2422655406514571,50
7,Onøy og Lurøy,2,2014,1445,1445,8N05464,5,Hestmannøy,-0.00019846411709647748,3585,0.2422655406514571,50
7,Onøy og Lurøy,2,2014,3965,3965,8P14815,14,Southern 4,-0.0001985739317536249,3586,0.2422655406514571,50
7,Onøy og Lurøy,2,2014,5081,5081,8934484,2,Træna,-0.00019880965098004763,3587,0.2422655406514571,50
7,Onøy og Lurøy,2,2014,3122,3122,8N73473,11,Southern 1,-0.0001989441811678222,3588,0.2422655406514571,50
7,Onøy og Lurøy,2,2014,858,858,8M31970,5,Hestmannøy,-0.0002003706474089005,3589,0.2422655406514571,50
7,Onøy og Lurøy,2,2014,1533,1533,8N05678,15,Southern 5,-0.0002009738849198016,3590,0.2422655406514571,50
7,Onøy og Lurøy,2,2014,193,193,8L48399,0,Nesøy,-0.00020105206908321393,3591,0.2422655406514571,50
7,Onøy og Lurøy,2,2014,4837,4837,8816953,4,Gjerøy,-0.00020227904277512947,3592,0.2422655406514571,50
7,Onøy og Lurøy,2,2014,2951,2951,8N72954,13,Southern 3,-0.00020236797483893086,3593,0.2422655406514571,50
7,Onøy og Lurøy,2,2014,4137,4137,8309159,6,Indre Kvarøy,-0.00020371309792996013,3594,0.2422655406514571,50
7,Onøy og Lurøy,2,2014,5411,5411,8981807,5,Hestmannøy,-0.00020386805435486906,3595,0.2422655406514571,50
7,Onøy og Lurøy,2,2014,1386,1386,8N05266,13,Southern 3,-0.00020460995227766982,3596,0.2422655406514571,50
7,Onøy og Lurøy,2,2014,3383,3383,8N73994,12,Southern 2,-0.0002046446035311858,3597,0.2422655406514571,50
7,Onøy og Lurøy,2,2014,2138,2138,8N14522,11,Southern 1,-0.0002050137480271908,3598,0.2422655406514571,50
7,Onøy og Lurøy,2,2014,4790,4790,8800570,5,Hestmannøy,-0.00020512599957655698,3599,0.2422655406514571,50
7,Onøy og Lurøy,2,2014,1317,1317,8N05196,13,Southern 3,-0.0002053466068444334,3600,0.2422655406514571,50
7,Onøy og Lurøy,2,2014,4764,4764,8800441,4,Gjerøy,-0.0002054704190941381,3601,0.2422655406514571,50
7,Onøy og Lurøy,2,2014,1944,1944,8N13644,14,Southern 4,-0.00020576269164422758,3602,0.2422655406514571,50
7,Onøy og Lurøy,2,2014,2971,2971,8N73048,4,Gjerøy,-0.00020591319208192475,3603,0.2422655406514571,50
7,Onøy og Lurøy,2,2014,1083,1083,8M72524,11,Southern 1,-0.0002071885623264353,3604,0.2422655406514571,50
7,Onøy og Lurøy,2,2014,1006,1006,8M71513,1,Myken,-0.00020815142859640365,3605,0.2422655406514571,50
7,Onøy og Lurøy,2,2014,2147,2147,8N14531,11,Southern 1,-0.00020846662571952885,3606,0.2422655406514571,50
7,Onøy og Lurøy,2,2014,1842,1842,8N06928,4,Gjerøy,-0.0002087105963933921,3607,0.2422655406514571,50
7,Onøy og Lurøy,2,2014,862,862,8M31997,1,Myken,-0.00020883930121776432,3608,0.2422655406514571,50
7,Onøy og Lurøy,2,2014,3251,3251,8N73677,13,Southern 3,-0.00020905938299554277,3609,0.2422655406514571,50
7,Onøy og Lurøy,2,2014,97,97,8L30416,8,Lovund,-0.00020916035853675645,3610,0.2422655406514571,50
7,Onøy og Lurøy,2,2014,3788,3788,8P11400,14,Southern 4,-0.00020954046668907476,3611,0.2422655406514571,50
7,Onøy og Lurøy,2,2014,1640,1640,8N06285,2,Træna,-0.00020977165699776783,3612,0.2422655406514571,50
7,Onøy og Lurøy,2,2014,4360,4360,8681476,1,Myken,-0.00020997500957702653,3613,0.2422655406514571,50
7,Onøy og Lurøy,2,2014,3235,3235,8N73661,13,Southern 3,-0.0002106284494333041,3614,0.2422655406514571,50
7,Onøy og Lurøy,2,2014,5375,5375,8981538,3,Selvær,-0.00021098931474097416,3615,0.2422655406514571,50
7,Onøy og Lurøy,2,2014,3702,3702,8N87923,13,Southern 3,-0.00021105028553006528,3616,0.2422655406514571,50
7,Onøy og Lurøy,2,2014,4340,4340,8681374,4,Gjerøy,-0.00021128333251927564,3617,0.2422655406514571,50
7,Onøy og Lurøy,2,2014,4273,4273,8681033,5,Hestmannøy,-0.00021189185327251045,3618,0.2422655406514571,50
7,Onøy og Lurøy,2,2014,47,47,8L19958,10,Aldra,-0.00021232396310419377,3619,0.2422655406514571,50
7,Onøy og Lurøy,2,2014,3046,3046,8N73249,14,Southern 4,-0.00021257928629932272,3620,0.2422655406514571,50
7,Onøy og Lurøy,2,2014,5402,5402,8981773,4,Gjerøy,-0.00021328497173121318,3621,0.2422655406514571,50
7,Onøy og Lurøy,2,2014,339,339,8L52391,12,Southern 2,-0.00021343665768520668,3622,0.2422655406514571,50
7,Onøy og Lurøy,2,2014,2671,2671,8N42286,5,Hestmannøy,-0.00021348115027702245,3623,0.2422655406514571,50
7,Onøy og Lurøy,2,2014,4189,4189,8573864,0,Nesøy,-0.00021391437080435255,3624,0.2422655406514571,50
7,Onøy og Lurøy,2,2014,5175,5175,8939544,3,Selvær,-0.00021508428281027337,3625,0.2422655406514571,50
7,Onøy og Lurøy,2,2014,3101,3101,8N73452,11,Southern 1,-0.0002152959913180076,3626,0.2422655406514571,50
7,Onøy og Lurøy,2,2014,2368,2368,8N27080,14,Southern 4,-0.00021580653018850183,3627,0.2422655406514571,50
7,Onøy og Lurøy,2,2014,3128,3128,8N73479,11,Southern 1,-0.00021590706656931968,3628,0.2422655406514571,50
7,Onøy og Lurøy,2,2014,2323,2323,8N14922,5,Hestmannøy,-0.00021672661084142625,3629,0.2422655406514571,50
7,Onøy og Lurøy,2,2014,2127,2127,8N14439,5,Hestmannøy,-0.0002171886131250096,3630,0.2422655406514571,50
7,Onøy og Lurøy,2,2014,5005,5005,8917946,8,Lovund,-0.0002176972036443424,3631,0.2422655406514571,50
7,Onøy og Lurøy,2,2014,5228,5228,8943013,10,Aldra,-0.00021853946627875632,3632,0.2422655406514571,50
7,Onøy og Lurøy,2,2014,3961,3961,8P14806,14,Southern 4,-0.00021893725162694128,3633,0.2422655406514571,50
7,Onøy og Lurøy,2,2014,1243,1243,8N05121,14,Southern 4,-0.00021911382487298494,3634,0.2422655406514571,50
7,Onøy og Lurøy,2,2014,2543,2543,8N28440,8,Lovund,-0.00021914708803606986,3635,0.2422655406514571,50
7,Onøy og Lurøy,2,2014,1309,1309,8N05188,13,Southern 3,-0.00021919489357815112,3636,0.2422655406514571,50
7,Onøy og Lurøy,2,2014,4186,4186,8573682,4,Gjerøy,-0.00021926380846611207,3637,0.2422655406514571,50
7,Onøy og Lurøy,2,2014,1573,1573,8N05795,10,Aldra,-0.00022076828616897262,3638,0.2422655406514571,50
7,Onøy og Lurøy,2,2014,869,869,8L64895,11,Southern 1,-0.00022135040029228273,3639,0.2422655406514571,50
7,Onøy og Lurøy,2,2014,2038,2038,8N13968,6,Indre Kvarøy,-0.00022149889041347994,3640,0.2422655406514571,50
7,Onøy og Lurøy,2,2014,1380,1380,8N05260,13,Southern 3,-0.0002220070209675973,3641,0.2422655406514571,50
7,Onøy og Lurøy,2,2014,2304,2304,8N14692,13,Southern 3,-0.00022292823141828067,3642,0.2422655406514571,50
7,Onøy og Lurøy,2,2014,2058,2058,8N14009,10,Aldra,-0.00022368544202073238,3643,0.2422655406514571,50
7,Onøy og Lurøy,2,2014,2519,2519,8N28209,2,Træna,-0.00022376030139925412,3644,0.2422655406514571,50
7,Onøy og Lurøy,2,2014,2341,2341,8N14960,5,Hestmannøy,-0.00022396726772595528,3645,0.2422655406514571,50
7,Onøy og Lurøy,2,2014,3877,3877,8P11947,5,Hestmannøy,-0.00022439779462117947,3646,0.2422655406514571,50
7,Onøy og Lurøy,2,2014,1627,1627,8N05942,2,Træna,-0.0002256326185567214,3647,0.2422655406514571,50
7,Onøy og Lurøy,2,2014,78,78,8L30154,11,Southern 1,-0.00022655714302411824,3648,0.2422655406514571,50
7,Onøy og Lurøy,2,2014,4063,4063,8P14998,15,Southern 5,-0.00022669783151693364,3649,0.2422655406514571,50
7,Onøy og Lurøy,2,2014,2942,2942,8N72944,13,Southern 3,-0.00022711198265127185,3650,0.2422655406514571,50
7,Onøy og Lurøy,2,2014,2515,2515,8N28148,2,Træna,-0.00022780914594227957,3651,0.2422655406514571,50
7,Onøy og Lurøy,2,2014,662,662,8M31211,11,Southern 1,-0.000228129324526672,3652,0.2422655406514571,50
7,Onøy og Lurøy,2,2014,4965,4965,8887319,6,Indre Kvarøy,-0.00022843626840530758,3653,0.2422655406514571,50
7,Onøy og Lurøy,2,2014,2572,2572,8N28691,0,Nesøy,-0.00022866526953212917,3654,0.2422655406514571,50
7,Onøy og Lurøy,2,2014,3862,3862,8P11783,2,Træna,-0.00022888555015707857,3655,0.2422655406514571,50
7,Onøy og Lurøy,2,2014,1523,1523,8N05363,15,Southern 5,-0.00022897413733439189,3656,0.2422655406514571,50
7,Onøy og Lurøy,2,2014,170,170,8L30899,11,Southern 1,-0.00022909273611134193,3657,0.2422655406514571,50
7,Onøy og Lurøy,2,2014,2726,2726,8N42701,6,Indre Kvarøy,-0.00022910357639344424,3658,0.2422655406514571,50
7,Onøy og Lurøy,2,2014,2145,2145,8N14529,11,Southern 1,-0.00022960471473519822,3659,0.2422655406514571,50
7,Onøy og Lurøy,2,2014,5350,5350,8981277,5,Hestmannøy,-0.00023009384553065356,3660,0.2422655406514571,50
7,Onøy og Lurøy,2,2014,2244,2244,8N14630,13,Southern 3,-0.00023096386700248564,3661,0.2422655406514571,50
7,Onøy og Lurøy,2,2014,4206,4206,8598887,4,Gjerøy,-0.00023142552792677267,3662,0.2422655406514571,50
7,Onøy og Lurøy,2,2014,4795,4795,8800613,5,Hestmannøy,-0.0002320920014528688,3663,0.2422655406514571,50
7,Onøy og Lurøy,2,2014,1927,1927,8N13625,14,Southern 4,-0.000232907322038521,3664,0.2422655406514571,50
7,Onøy og Lurøy,2,2014,4708,4708,8800075,5,Hestmannøy,-0.00023301043281158444,3665,0.2422655406514571,50
7,Onøy og Lurøy,2,2014,3007,3007,8N73209,12,Southern 2,-0.00023358050116017,3666,0.2422655406514571,50
7,Onøy og Lurøy,2,2014,3060,3060,8N73311,15,Southern 5,-0.000233791059283844,3667,0.2422655406514571,50
7,Onøy og Lurøy,2,2014,2352,2352,8N27061,14,Southern 4,-0.00023421906562533346,3668,0.2422655406514571,50
7,Onøy og Lurøy,2,2014,4516,4516,8747121,8,Lovund,-0.00023448943098883696,3669,0.2422655406514571,50
7,Onøy og Lurøy,2,2014,2423,2423,8N27362,5,Hestmannøy,-0.00023593944396069653,3670,0.2422655406514571,50
7,Onøy og Lurøy,2,2014,1086,1086,8M72528,11,Southern 1,-0.00023613533269311094,3671,0.2422655406514571,50
7,Onøy og Lurøy,2,2014,3476,3476,8N87533,11,Southern 1,-0.00023667605961283153,3672,0.2422655406514571,50
7,Onøy og Lurøy,2,2014,3494,3494,8N87551,11,Southern 1,-0.00023676465590710766,3673,0.2422655406514571,50
7,Onøy og Lurøy,2,2014,2754,2754,8N42791,4,Gjerøy,-0.00023724789306954673,3674,0.2422655406514571,50
7,Onøy og Lurøy,2,2014,3480,3480,8N87537,11,Southern 1,-0.00023776839371183176,3675,0.2422655406514571,50
7,Onøy og Lurøy,2,2014,4864,4864,8857274,10,Aldra,-0.00023788804616431164,3676,0.2422655406514571,50
7,Onøy og Lurøy,2,2014,3920,3920,8P14337,14,Southern 4,-0.00023788942414312028,3677,0.2422655406514571,50
7,Onøy og Lurøy,2,2014,4408,4408,8730554,3,Selvær,-0.00023832865988792238,3678,0.2422655406514571,50
7,Onøy og Lurøy,2,2014,706,706,8M31278,4,Gjerøy,-0.0002395567115145697,3679,0.2422655406514571,50
7,Onøy og Lurøy,2,2014,2454,2454,8N27800,2,Træna,-0.00023966998011111144,3680,0.2422655406514571,50
7,Onøy og Lurøy,2,2014,1284,1284,8N05162,12,Southern 2,-0.0002397207460150254,3681,0.2422655406514571,50
7,Onøy og Lurøy,2,2014,3839,3839,8P11565,14,Southern 4,-0.00024038242911873564,3682,0.2422655406514571,50
7,Onøy og Lurøy,2,2014,2397,2397,8N27248,6,Indre Kvarøy,-0.00024038735041648983,3683,0.2422655406514571,50
7,Onøy og Lurøy,2,2014,3467,3467,8N87524,11,Southern 1,-0.00024074087709667738,3684,0.2422655406514571,50
7,Onøy og Lurøy,2,2014,1939,1939,8N13637,14,Southern 4,-0.00024088545481628005,3685,0.2422655406514571,50
7,Onøy og Lurøy,2,2014,3469,3469,8N87526,11,Southern 1,-0.0002411505492556645,3686,0.2422655406514571,50
7,Onøy og Lurøy,2,2014,114,114,8L30598,5,Hestmannøy,-0.0002416818346437799,3687,0.2422655406514571,50
7,Onøy og Lurøy,2,2014,4312,4312,8681183,4,Gjerøy,-0.00024192286269753664,3688,0.2422655406514571,50
7,Onøy og Lurøy,2,2014,4051,4051,8P14985,14,Southern 4,-0.0002431833578737614,3689,0.2422655406514571,50
7,Onøy og Lurøy,2,2014,3990,3990,8P14858,14,Southern 4,-0.0002440498234417685,3690,0.2422655406514571,50
7,Onøy og Lurøy,2,2014,620,620,8L89637,5,Hestmannøy,-0.00024417284451024826,3691,0.2422655406514571,50
7,Onøy og Lurøy,2,2014,2361,2361,8N27073,14,Southern 4,-0.0002447926424174676,3692,0.2422655406514571,50
7,Onøy og Lurøy,2,2014,4192,4192,8573896,5,Hestmannøy,-0.000245422205495116,3693,0.2422655406514571,50
7,Onøy og Lurøy,2,2014,2532,2532,8N28375,8,Lovund,-0.00024554184489455124,3694,0.2422655406514571,50
7,Onøy og Lurøy,2,2014,4083,4083,8P26540,2,Træna,-0.00024615230267505486,3695,0.2422655406514571,50
7,Onøy og Lurøy,2,2014,4658,4658,8747935,4,Gjerøy,-0.00024644360267361116,3696,0.2422655406514571,50
7,Onøy og Lurøy,2,2014,1147,1147,8M72698,14,Southern 4,-0.00024777040253011755,3697,0.2422655406514571,50
7,Onøy og Lurøy,2,2014,4351,4351,8681423,0,Nesøy,-0.0002482080905308995,3698,0.2422655406514571,50
7,Onøy og Lurøy,2,2014,2924,2924,8N72926,13,Southern 3,-0.0002488284058763942,3699,0.2422655406514571,50
7,Onøy og Lurøy,2,2014,4771,4771,8800478,4,Gjerøy,-0.00024919748687116756,3700,0.2422655406514571,50
7,Onøy og Lurøy,2,2014,4958,4958,8887385,0,Nesøy,-0.000249256501940986,3701,0.2422655406514571,50
7,Onøy og Lurøy,2,2014,1993,1993,8N13694,13,Southern 3,-0.0002496026470917488,3702,0.2422655406514571,50
7,Onøy og Lurøy,2,2014,5026,5026,8934071,5,Hestmannøy,-0.0002496618385756696,3703,0.2422655406514571,50
7,Onøy og Lurøy,2,2014,1582,1582,8N05841,5,Hestmannøy,-0.0002499792844588327,3704,0.2422655406514571,50
7,Onøy og Lurøy,2,2014,2896,2896,8N72804,14,Southern 4,-0.0002500016476126401,3705,0.2422655406514571,50
7,Onøy og Lurøy,2,2014,4125,4125,8168709,4,Gjerøy,-0.00025025320680020275,3706,0.2422655406514571,50
7,Onøy og Lurøy,2,2014,696,696,8M31219,11,Southern 1,-0.00025034858597832165,3707,0.2422655406514571,50
7,Onøy og Lurøy,2,2014,3787,3787,8P11395,14,Southern 4,-0.00025047080884920737,3708,0.2422655406514571,50
7,Onøy og Lurøy,2,2014,3812,3812,8P11537,15,Southern 5,-0.0002509170016489095,3709,0.2422655406514571,50
7,Onøy og Lurøy,2,2014,3013,3013,8N73215,12,Southern 2,-0.00025093262849510827,3710,0.2422655406514571,50
7,Onøy og Lurøy,2,2014,5123,5123,8939097,10,Aldra,-0.0002517255010392682,3711,0.2422655406514571,50
7,Onøy og Lurøy,2,2014,3544,3544,8N87605,15,Southern 5,-0.00025236477784781614,3712,0.2422655406514571,50
7,Onøy og Lurøy,2,2014,3562,3562,8N87627,15,Southern 5,-0.00025247530751508674,3713,0.2422655406514571,50
7,Onøy og Lurøy,2,2014,5208,5208,8939796,12,Southern 2,-0.00025267065120297845,3714,0.2422655406514571,50
7,Onøy og Lurøy,2,2014,3890,3890,8P14060,4,Gjerøy,-0.00025293966915031864,3715,0.2422655406514571,50
7,Onøy og Lurøy,2,2014,1838,1838,8N06916,5,Hestmannøy,-0.00025302995504743186,3716,0.2422655406514571,50
7,Onøy og Lurøy,2,2014,2917,2917,8N72918,13,Southern 3,-0.00025357066663240775,3717,0.2422655406514571,50
7,Onøy og Lurøy,2,2014,3067,3067,8N73357,15,Southern 5,-0.00025357454865616635,3718,0.2422655406514571,50
7,Onøy og Lurøy,2,2014,2485,2485,8N27921,4,Gjerøy,-0.00025363474619221374,3719,0.2422655406514571,50
7,Onøy og Lurøy,2,2014,4144,4144,8309190,4,Gjerøy,-0.00025412473127736293,3720,0.2422655406514571,50
7,Onøy og Lurøy,2,2014,1969,1969,8N13670,13,Southern 3,-0.00025424236249580416,3721,0.2422655406514571,50
7,Onøy og Lurøy,2,2014,4326,4326,8681254,4,Gjerøy,-0.00025484619415595046,3722,0.2422655406514571,50
7,Onøy og Lurøy,2,2014,2220,2220,8N14606,13,Southern 3,-0.0002550258784760937,3723,0.2422655406514571,50
7,Onøy og Lurøy,2,2014,342,342,8L52394,12,Southern 2,-0.00025508490725814105,3724,0.2422655406514571,50
7,Onøy og Lurøy,2,2014,637,637,8L89691,5,Hestmannøy,-0.00025533138186794696,3725,0.2422655406514571,50
7,Onøy og Lurøy,2,2014,1567,1567,8N05724,3,Selvær,-0.00025541565345258083,3726,0.2422655406514571,50
7,Onøy og Lurøy,2,2014,3586,3586,8N87803,14,Southern 4,-0.000255629814832833,3727,0.2422655406514571,50
7,Onøy og Lurøy,2,2014,4141,4141,8309173,5,Hestmannøy,-0.0002556858364184829,3728,0.2422655406514571,50
7,Onøy og Lurøy,2,2014,2787,2787,8N72065,2,Træna,-0.00025614952561048943,3729,0.2422655406514571,50
7,Onøy og Lurøy,2,2014,676,676,8L89994,3,Selvær,-0.00025653986497296594,3730,0.2422655406514571,50
7,Onøy og Lurøy,2,2014,1447,1447,8N05494,6,Indre Kvarøy,-0.0002567071462567945,3731,0.2422655406514571,50
7,Onøy og Lurøy,2,2014,3344,3344,8N73955,12,Southern 2,-0.0002569336121869811,3732,0.2422655406514571,50
7,Onøy og Lurøy,2,2014,916,916,8M71268,5,Hestmannøy,-0.0002577950080903654,3733,0.2422655406514571,50
7,Onøy og Lurøy,2,2014,2993,2993,8N73189,15,Southern 5,-0.00025797088127667024,3734,0.2422655406514571,50
7,Onøy og Lurøy,2,2014,5074,5074,8934459,4,Gjerøy,-0.00025804374926381485,3735,0.2422655406514571,50
7,Onøy og Lurøy,2,2014,2289,2289,8N14677,13,Southern 3,-0.00025825131028240137,3736,0.2422655406514571,50
7,Onøy og Lurøy,2,2014,4200,4200,8598592,3,Selvær,-0.00025923412563550895,3737,0.2422655406514571,50
7,Onøy og Lurøy,2,2014,2001,2001,8N13717,8,Lovund,-0.0002596941065586934,3738,0.2422655406514571,50
7,Onøy og Lurøy,2,2014,2422,2422,8N27361,5,Hestmannøy,-0.0002601857662470325,3739,0.2422655406514571,50
7,Onøy og Lurøy,2,2014,3234,3234,8N73660,13,Southern 3,-0.00026042099365106305,3740,0.2422655406514571,50
7,Onøy og Lurøy,2,2014,683,683,8M31112,3,Selvær,-0.00026043101848154874,3741,0.2422655406514571,50
7,Onøy og Lurøy,2,2014,1113,1113,8M72597,14,Southern 4,-0.0002622519383689712,3742,0.2422655406514571,50
7,Onøy og Lurøy,2,2014,4651,4651,8747878,1,Myken,-0.0002628352641828497,3743,0.2422655406514571,50
7,Onøy og Lurøy,2,2014,1617,1617,8N05895,11,Southern 1,-0.0002632655036294562,3744,0.2422655406514571,50
7,Onøy og Lurøy,2,2014,2911,2911,8N72912,13,Southern 3,-0.00026327592803068804,3745,0.2422655406514571,50
7,Onøy og Lurøy,2,2014,3967,3967,8P14821,15,Southern 5,-0.0002633785156749422,3746,0.2422655406514571,50
7,Onøy og Lurøy,2,2014,273,273,8L52204,8,Lovund,-0.0002637296323114374,3747,0.2422655406514571,50
7,Onøy og Lurøy,2,2014,3930,3930,8P14454,6,Indre Kvarøy,-0.0002637782212398107,3748,0.2422655406514571,50
7,Onøy og Lurøy,2,2014,1519,1519,8N05664,13,Southern 3,-0.0002639530247215642,3749,0.2422655406514571,50
7,Onøy og Lurøy,2,2014,2471,2471,8N27891,6,Indre Kvarøy,-0.0002650108969110227,3750,0.2422655406514571,50
7,Onøy og Lurøy,2,2014,5178,5178,8939562,0,Nesøy,-0.00026512746987404314,3751,0.2422655406514571,50
7,Onøy og Lurøy,2,2014,152,152,8L30781,4,Gjerøy,-0.0002656479456259504,3752,0.2422655406514571,50
7,Onøy og Lurøy,2,2014,1765,1765,8N06825,11,Southern 1,-0.0002663202805238125,3753,0.2422655406514571,50
7,Onøy og Lurøy,2,2014,2316,2316,8N14900,2,Træna,-0.0002666925761316383,3754,0.2422655406514571,50
7,Onøy og Lurøy,2,2014,1134,1134,8M72654,0,Nesøy,-0.0002674378144083238,3755,0.2422655406514571,50
7,Onøy og Lurøy,2,2014,203,203,8L48451,5,Hestmannøy,-0.0002676475139786348,3756,0.2422655406514571,50
7,Onøy og Lurøy,2,2014,1801,1801,8N06861,11,Southern 1,-0.00026781310475475087,3757,0.2422655406514571,50
7,Onøy og Lurøy,2,2014,3629,3629,8N87848,14,Southern 4,-0.00026885757802638013,3758,0.2422655406514571,50
7,Onøy og Lurøy,2,2014,2357,2357,8N27069,14,Southern 4,-0.00026900176429029815,3759,0.2422655406514571,50
7,Onøy og Lurøy,2,2014,3724,3724,8N87945,13,Southern 3,-0.0002690086737546924,3760,0.2422655406514571,50
7,Onøy og Lurøy,2,2014,4506,4506,8747088,3,Selvær,-0.0002704214623062867,3761,0.2422655406514571,50
7,Onøy og Lurøy,2,2014,3133,3133,8N73485,11,Southern 1,-0.0002707216996572226,3762,0.2422655406514571,50
7,Onøy og Lurøy,2,2014,92,92,8L30340,6,Indre Kvarøy,-0.00027096137104056574,3763,0.2422655406514571,50
7,Onøy og Lurøy,2,2014,674,674,8L89988,2,Træna,-0.00027139358468879107,3764,0.2422655406514571,50
7,Onøy og Lurøy,2,2014,4110,4110,8168639,4,Gjerøy,-0.0002717466656500691,3765,0.2422655406514571,50
7,Onøy og Lurøy,2,2014,4793,4793,8800606,8,Lovund,-0.00027176561612221925,3766,0.2422655406514571,50
7,Onøy og Lurøy,2,2014,4498,4498,8732698,4,Gjerøy,-0.00027205674577016146,3767,0.2422655406514571,50
7,Onøy og Lurøy,2,2014,3696,3696,8N87917,13,Southern 3,-0.0002726143803931891,3768,0.2422655406514571,50
7,Onøy og Lurøy,2,2014,807,807,8M31781,11,Southern 1,-0.0002730864994204074,3769,0.2422655406514571,50
7,Onøy og Lurøy,2,2014,2565,2565,8N28683,5,Hestmannøy,-0.00027321037749652375,3770,0.2422655406514571,50
7,Onøy og Lurøy,2,2014,2868,2868,8N72687,11,Southern 1,-0.0002738176313666553,3771,0.2422655406514571,50
7,Onøy og Lurøy,2,2014,4898,4898,8866779,1,Myken,-0.00027411249956844945,3772,0.2422655406514571,50
7,Onøy og Lurøy,2,2014,4569,4569,8747498,3,Selvær,-0.00027481241946880153,3773,0.2422655406514571,50
7,Onøy og Lurøy,2,2014,1713,1713,8N06560,4,Gjerøy,-0.0002756604732648024,3774,0.2422655406514571,50
7,Onøy og Lurøy,2,2014,4239,4239,8651860,5,Hestmannøy,-0.000276078710202147,3775,0.2422655406514571,50
7,Onøy og Lurøy,2,2014,4600,4600,8747609,0,Nesøy,-0.00027609274453565494,3776,0.2422655406514571,50
7,Onøy og Lurøy,2,2014,697,697,8M31220,11,Southern 1,-0.00027616391690129513,3777,0.2422655406514571,50
7,Onøy og Lurøy,2,2014,1291,1291,8N05169,14,Southern 4,-0.0002764026806974346,3778,0.2422655406514571,50
7,Onøy og Lurøy,2,2014,101,101,8L30449,4,Gjerøy,-0.00027664156743612543,3779,0.2422655406514571,50
7,Onøy og Lurøy,2,2014,2780,2780,8N42996,5,Hestmannøy,-0.00027762944426337576,3780,0.2422655406514571,50
7,Onøy og Lurøy,2,2014,2292,2292,8N14680,13,Southern 3,-0.0002777790610333476,3781,0.2422655406514571,50
7,Onøy og Lurøy,2,2014,2257,2257,8N14645,13,Southern 3,-0.00027780702448328647,3782,0.2422655406514571,50
7,Onøy og Lurøy,2,2014,3574,3574,8N87728,5,Hestmannøy,-0.0002778391835600008,3783,0.2422655406514571,50
7,Onøy og Lurøy,2,2014,3921,3921,8N14340,15,Southern 5,-0.00027785810870350233,3784,0.2422655406514571,50
7,Onøy og Lurøy,2,2014,2340,2340,8N14959,5,Hestmannøy,-0.0002779368528835442,3785,0.2422655406514571,50
7,Onøy og Lurøy,2,2014,5372,5372,8981393,12,Southern 2,-0.00027824983387976526,3786,0.2422655406514571,50
7,Onøy og Lurøy,2,2014,628,628,8L89652,5,Hestmannøy,-0.0002783264204074043,3787,0.2422655406514571,50
7,Onøy og Lurøy,2,2014,925,925,8M71292,6,Indre Kvarøy,-0.00027846623389864486,3788,0.2422655406514571,50
7,Onøy og Lurøy,2,2014,183,183,8L48313,5,Hestmannøy,-0.0002785914542641912,3789,0.2422655406514571,50
7,Onøy og Lurøy,2,2014,3637,3637,8N87856,14,Southern 4,-0.0002796185103845853,3790,0.2422655406514571,50
7,Onøy og Lurøy,2,2014,3333,3333,8N73944,12,Southern 2,-0.0002796662701304226,3791,0.2422655406514571,50
7,Onøy og Lurøy,2,2014,3261,3261,8N73687,13,Southern 3,-0.0002798800145018638,3792,0.2422655406514571,50
7,Onøy og Lurøy,2,2014,1357,1357,8N05236,12,Southern 2,-0.0002802423831360583,3793,0.2422655406514571,50
7,Onøy og Lurøy,2,2014,1184,1184,8M72897,6,Indre Kvarøy,-0.0002803845928742653,3794,0.2422655406514571,50
7,Onøy og Lurøy,2,2014,4261,4261,8681002,4,Gjerøy,-0.0002804305814374353,3795,0.2422655406514571,50
7,Onøy og Lurøy,2,2014,5381,5381,8981606,10,Aldra,-0.00028139935878979583,3796,0.2422655406514571,50
7,Onøy og Lurøy,2,2014,4335,4335,8681355,5,Hestmannøy,-0.00028159002642066076,3797,0.2422655406514571,50
7,Onøy og Lurøy,2,2014,690,690,8M31197,8,Lovund,-0.0002816014426773508,3798,0.2422655406514571,50
7,Onøy og Lurøy,2,2014,1191,1191,8M72928,5,Hestmannøy,-0.00028229131575128547,3799,0.2422655406514571,50
7,Onøy og Lurøy,2,2014,5374,5374,8981536,3,Selvær,-0.0002838737612517727,3800,0.2422655406514571,50
7,Onøy og Lurøy,2,2014,3471,3471,8N87528,11,Southern 1,-0.0002841140946527417,3801,0.2422655406514571,50
7,Onøy og Lurøy,2,2014,3423,3423,8N87245,2,Træna,-0.0002851961194127419,3802,0.2422655406514571,50
7,Onøy og Lurøy,2,2014,655,655,8L89748,4,Gjerøy,-0.0002853676487725502,3803,0.2422655406514571,50
7,Onøy og Lurøy,2,2014,1349,1349,8N05228,12,Southern 2,-0.0002872534087815936,3804,0.2422655406514571,50
7,Onøy og Lurøy,2,2014,5427,5427,8981928,2,Træna,-0.00028745430260822583,3805,0.2422655406514571,50
7,Onøy og Lurøy,2,2014,3388,3388,8N73999,14,Southern 4,-0.00028750287802524976,3806,0.2422655406514571,50
7,Onøy og Lurøy,2,2014,4470,4470,8732625,9,Sleneset,-0.0002877939108514002,3807,0.2422655406514571,50
7,Onøy og Lurøy,2,2014,2315,2315,8N14829,2,Træna,-0.0002883902333626428,3808,0.2422655406514571,50
7,Onøy og Lurøy,2,2014,3052,3052,8N73303,15,Southern 5,-0.0002885381842277925,3809,0.2422655406514571,50
7,Onøy og Lurøy,2,2014,3627,3627,8N87846,14,Southern 4,-0.00028869539529584846,3810,0.2422655406514571,50
7,Onøy og Lurøy,2,2014,4179,4179,8573281,3,Selvær,-0.00028883811561883365,3811,0.2422655406514571,50
7,Onøy og Lurøy,2,2014,1911,1911,8N13612,14,Southern 4,-0.0002893952557136814,3812,0.2422655406514571,50
7,Onøy og Lurøy,2,2014,1427,1427,8N05308,13,Southern 3,-0.0002894175143826977,3813,0.2422655406514571,50
7,Onøy og Lurøy,2,2014,540,540,8L89271,5,Hestmannøy,-0.00028976334624332997,3814,0.2422655406514571,50
7,Onøy og Lurøy,2,2014,1727,1727,8N06680,14,Southern 4,-0.00029009239707234304,3815,0.2422655406514571,50
7,Onøy og Lurøy,2,2014,297,297,8L52315,12,Southern 2,-0.0002904737843521649,3816,0.2422655406514571,50
7,Onøy og Lurøy,2,2014,1110,1110,8M72591,11,Southern 1,-0.0002904930375649453,3817,0.2422655406514571,50
7,Onøy og Lurøy,2,2014,1004,1004,8M71511,1,Myken,-0.0002906747612176027,3818,0.2422655406514571,50
7,Onøy og Lurøy,2,2014,2594,2594,8N28783,5,Hestmannøy,-0.0002906787757337655,3819,0.2422655406514571,50
7,Onøy og Lurøy,2,2014,740,740,8M31426,4,Gjerøy,-0.0002908589325692358,3820,0.2422655406514571,50
7,Onøy og Lurøy,2,2014,4928,4928,8887264,10,Aldra,-0.00029119932690213716,3821,0.2422655406514571,50
7,Onøy og Lurøy,2,2014,2120,2120,8N14350,15,Southern 5,-0.000291667598272966,3822,0.2422655406514571,50
7,Onøy og Lurøy,2,2014,357,357,8L52504,5,Hestmannøy,-0.0002919515210481593,3823,0.2422655406514571,50
7,Onøy og Lurøy,2,2014,2334,2334,8N14953,6,Indre Kvarøy,-0.00029322182556647036,3824,0.2422655406514571,50
7,Onøy og Lurøy,2,2014,3289,3289,8N73876,5,Hestmannøy,-0.0002938787688335446,3825,0.2422655406514571,50
7,Onøy og Lurøy,2,2014,1382,1382,8N05262,13,Southern 3,-0.00029413483247221767,3826,0.2422655406514571,50
7,Onøy og Lurøy,2,2014,5354,5354,8981281,5,Hestmannøy,-0.0002950737230799283,3827,0.2422655406514571,50
7,Onøy og Lurøy,2,2014,2688,2688,8N42500,14,Southern 4,-0.000295522036864134,3828,0.2422655406514571,50
7,Onøy og Lurøy,2,2014,3352,3352,8N73963,12,Southern 2,-0.000296949995884725,3829,0.2422655406514571,50
7,Onøy og Lurøy,2,2014,633,633,8L89665,5,Hestmannøy,-0.0002970377554359379,3830,0.2422655406514571,50
7,Onøy og Lurøy,2,2014,218,218,8L48501,10,Aldra,-0.00029788668755401505,3831,0.2422655406514571,50
7,Onøy og Lurøy,2,2014,1369,1369,8N05249,13,Southern 3,-0.00029803554000276455,3832,0.2422655406514571,50
7,Onøy og Lurøy,2,2014,804,804,8M31774,11,Southern 1,-0.0002984921830971401,3833,0.2422655406514571,50
7,Onøy og Lurøy,2,2014,414,414,8L57907,8,Lovund,-0.0002986719254542116,3834,0.2422655406514571,50
7,Onøy og Lurøy,2,2014,2109,2109,8N14294,15,Southern 5,-0.0002989703562617932,3835,0.2422655406514571,50
7,Onøy og Lurøy,2,2014,499,499,8L64840,3,Selvær,-0.00029906970269790454,3836,0.2422655406514571,50
7,Onøy og Lurøy,2,2014,4611,4611,8747692,0,Nesøy,-0.0002993411626325013,3837,0.2422655406514571,50
7,Onøy og Lurøy,2,2014,590,590,8L89470,6,Indre Kvarøy,-0.00030138448279907483,3838,0.2422655406514571,50
7,Onøy og Lurøy,2,2014,1980,1980,8N13681,13,Southern 3,-0.0003015496225740488,3839,0.2422655406514571,50
7,Onøy og Lurøy,2,2014,2974,2974,8N73055,5,Hestmannøy,-0.0003015669107450816,3840,0.2422655406514571,50
7,Onøy og Lurøy,2,2014,3267,3267,8N73694,13,Southern 3,-0.00030156891349295776,3841,0.2422655406514571,50
7,Onøy og Lurøy,2,2014,2566,2566,8N28684,5,Hestmannøy,-0.0003024673752093009,3842,0.2422655406514571,50
7,Onøy og Lurøy,2,2014,974,974,8M71414,5,Hestmannøy,-0.00030263972078973427,3843,0.2422655406514571,50
7,Onøy og Lurøy,2,2014,4736,4736,8800307,0,Nesøy,-0.00030364542193934404,3844,0.2422655406514571,50
7,Onøy og Lurøy,2,2014,677,677,8L89995,3,Selvær,-0.0003037083300133024,3845,0.2422655406514571,50
7,Onøy og Lurøy,2,2014,1035,1035,8M71881,5,Hestmannøy,-0.00030395761819298,3846,0.2422655406514571,50
7,Onøy og Lurøy,2,2014,5376,5376,8981545,5,Hestmannøy,-0.00030399362649482955,3847,0.2422655406514571,50
7,Onøy og Lurøy,2,2014,4985,4985,8904440,11,Southern 1,-0.00030474105535745286,3848,0.2422655406514571,50
7,Onøy og Lurøy,2,2014,671,671,8L89894,4,Gjerøy,-0.0003047513930664742,3849,0.2422655406514571,50
7,Onøy og Lurøy,2,2014,5249,5249,8943141,0,Nesøy,-0.0003052450604332371,3850,0.2422655406514571,50
7,Onøy og Lurøy,2,2014,5148,5148,8939278,12,Southern 2,-0.0003053233095793817,3851,0.2422655406514571,50
7,Onøy og Lurøy,2,2014,2794,2794,8N72208,3,Selvær,-0.00030589155378162004,3852,0.2422655406514571,50
7,Onøy og Lurøy,2,2014,5137,5137,8939159,0,Nesøy,-0.00030608301557816535,3853,0.2422655406514571,50
7,Onøy og Lurøy,2,2014,2222,2222,8N14608,13,Southern 3,-0.0003062234178482277,3854,0.2422655406514571,50
7,Onøy og Lurøy,2,2014,2339,2339,8N14958,5,Hestmannøy,-0.0003074807082549702,3855,0.2422655406514571,50
7,Onøy og Lurøy,2,2014,5033,5033,8934215,3,Selvær,-0.0003085782096140847,3856,0.2422655406514571,50
7,Onøy og Lurøy,2,2014,2216,2216,8N14602,13,Southern 3,-0.0003087606078427051,3857,0.2422655406514571,50
7,Onøy og Lurøy,2,2014,921,921,8M71281,4,Gjerøy,-0.00030883871643916356,3858,0.2422655406514571,50
7,Onøy og Lurøy,2,2014,4614,4614,8747698,4,Gjerøy,-0.0003093027419811127,3859,0.2422655406514571,50
7,Onøy og Lurøy,2,2014,4000,4000,8P14868,14,Southern 4,-0.00031016524322939566,3860,0.2422655406514571,50
7,Onøy og Lurøy,2,2014,5434,5434,8981965,2,Træna,-0.00031108738578810967,3861,0.2422655406514571,50
7,Onøy og Lurøy,2,2014,3653,3653,8N87873,13,Southern 3,-0.00031133926711405667,3862,0.2422655406514571,50
7,Onøy og Lurøy,2,2014,4406,4406,8730552,3,Selvær,-0.00031181107042940677,3863,0.2422655406514571,50
7,Onøy og Lurøy,2,2014,5031,5031,8934095,4,Gjerøy,-0.00031263031463328546,3864,0.2422655406514571,50
7,Onøy og Lurøy,2,2014,4632,4632,8747756,5,Hestmannøy,-0.00031266240748585773,3865,0.2422655406514571,50
7,Onøy og Lurøy,2,2014,126,126,8L30709,12,Southern 2,-0.00031322029832960675,3866,0.2422655406514571,50
7,Onøy og Lurøy,2,2014,4296,4296,8681071,9,Sleneset,-0.00031368084347370347,3867,0.2422655406514571,50
7,Onøy og Lurøy,2,2014,4645,4645,8747813,10,Aldra,-0.00031502016293571516,3868,0.2422655406514571,50
7,Onøy og Lurøy,2,2014,3354,3354,8N73965,12,Southern 2,-0.0003151139943079584,3869,0.2422655406514571,50
7,Onøy og Lurøy,2,2014,3989,3989,8P14857,14,Southern 4,-0.0003165319559363365,3870,0.2422655406514571,50
7,Onøy og Lurøy,2,2014,1266,1266,8N05144,12,Southern 2,-0.00031680841598417166,3871,0.2422655406514571,50
7,Onøy og Lurøy,2,2014,1631,1631,8N05983,14,Southern 4,-0.0003170993534174557,3872,0.2422655406514571,50
7,Onøy og Lurøy,2,2014,5128,5128,8939121,4,Gjerøy,-0.0003176688602483838,3873,0.2422655406514571,50
7,Onøy og Lurøy,2,2014,4225,4225,8651728,0,Nesøy,-0.0003180183986569656,3874,0.2422655406514571,50
7,Onøy og Lurøy,2,2014,3413,3413,8N87141,2,Træna,-0.0003183168256734925,3875,0.2422655406514571,50
7,Onøy og Lurøy,2,2014,955,955,8M71351,12,Southern 2,-0.000318339457422603,3876,0.2422655406514571,50
7,Onøy og Lurøy,2,2014,3762,3762,8N87983,13,Southern 3,-0.0003185663392049931,3877,0.2422655406514571,50
7,Onøy og Lurøy,2,2014,1084,1084,8M72525,11,Southern 1,-0.0003190122744363906,3878,0.2422655406514571,50
7,Onøy og Lurøy,2,2014,3683,3683,8N87903,13,Southern 3,-0.00031921495114889506,3879,0.2422655406514571,50
7,Onøy og Lurøy,2,2014,5338,5338,8981248,5,Hestmannøy,-0.00032059588505367874,3880,0.2422655406514571,50
7,Onøy og Lurøy,2,2014,5113,5113,8939024,5,Hestmannøy,-0.0003221836063117401,3881,0.2422655406514571,50
7,Onøy og Lurøy,2,2014,3368,3368,8N73979,12,Southern 2,-0.00032308056697819595,3882,0.2422655406514571,50
7,Onøy og Lurøy,2,2014,2121,2121,8N14351,15,Southern 5,-0.0003232851719710842,3883,0.2422655406514571,50
7,Onøy og Lurøy,2,2014,1626,1626,8N05939,2,Træna,-0.0003238157408880983,3884,0.2422655406514571,50
7,Onøy og Lurøy,2,2014,887,887,8L64681,12,Southern 2,-0.0003244535105794298,3885,0.2422655406514571,50
7,Onøy og Lurøy,2,2014,3602,3602,8N87819,14,Southern 4,-0.0003246326304972096,3886,0.2422655406514571,50
7,Onøy og Lurøy,2,2014,4085,4085,8P26542,2,Træna,-0.0003250717211808481,3887,0.2422655406514571,50
7,Onøy og Lurøy,2,2014,1545,1545,8N05690,15,Southern 5,-0.00032618763102577794,3888,0.2422655406514571,50
7,Onøy og Lurøy,2,2014,2268,2268,8N14656,13,Southern 3,-0.0003269294842740057,3889,0.2422655406514571,50
7,Onøy og Lurøy,2,2014,2297,2297,8N14685,13,Southern 3,-0.0003271086414610648,3890,0.2422655406514571,50
7,Onøy og Lurøy,2,2014,3617,3617,8N87834,14,Southern 4,-0.0003276111657789599,3891,0.2422655406514571,50
7,Onøy og Lurøy,2,2014,4976,4976,8887462,1,Myken,-0.0003298371461070257,3892,0.2422655406514571,50
7,Onøy og Lurøy,2,2014,2450,2450,8N27707,2,Træna,-0.00033005438158378425,3893,0.2422655406514571,50
7,Onøy og Lurøy,2,2014,2570,2570,8N28689,5,Hestmannøy,-0.00033011066657788105,3894,0.2422655406514571,50
7,Onøy og Lurøy,2,2014,4806,4806,8800967,12,Southern 2,-0.0003302438706058191,3895,0.2422655406514571,50
7,Onøy og Lurøy,2,2014,2198,2198,8N14584,11,Southern 1,-0.0003302806298846014,3896,0.2422655406514571,50
7,Onøy og Lurøy,2,2014,2771,2771,8N42986,14,Southern 4,-0.00033110912456289635,3897,0.2422655406514571,50
7,Onøy og Lurøy,2,2014,5232,5232,8943039,4,Gjerøy,-0.0003316331251098072,3898,0.2422655406514571,50
7,Onøy og Lurøy,2,2014,4680,4680,8794343,9,Sleneset,-0.00033220953059249895,3899,0.2422655406514571,50
7,Onøy og Lurøy,2,2014,1814,1814,8N06874,11,Southern 1,-0.0003339154515811779,3900,0.2422655406514571,50
7,Onøy og Lurøy,2,2014,616,616,8L89615,4,Gjerøy,-0.00033460961637828216,3901,0.2422655406514571,50
7,Onøy og Lurøy,2,2014,57,57,8L19991,0,Nesøy,-0.0003355243569061807,3902,0.2422655406514571,50
7,Onøy og Lurøy,2,2014,412,412,8L57882,5,Hestmannøy,-0.0003356822088821103,3903,0.2422655406514571,50
7,Onøy og Lurøy,2,2014,276,276,8L52207,9,Sleneset,-0.00033668004645627677,3904,0.2422655406514571,50
7,Onøy og Lurøy,2,2014,1879,1879,8N13064,14,Southern 4,-0.000336734348935727,3905,0.2422655406514571,50
7,Onøy og Lurøy,2,2014,2809,2809,8N72368,4,Gjerøy,-0.0003381461601970758,3906,0.2422655406514571,50
7,Onøy og Lurøy,2,2014,1387,1387,8N05267,13,Southern 3,-0.0003382708195220092,3907,0.2422655406514571,50
7,Onøy og Lurøy,2,2014,3153,3153,8N73505,5,Hestmannøy,-0.00033871231009883313,3908,0.2422655406514571,50
7,Onøy og Lurøy,2,2014,2608,2608,8N28807,6,Indre Kvarøy,-0.00033912063148050937,3909,0.2422655406514571,50
7,Onøy og Lurøy,2,2014,1466,1466,8N05604,14,Southern 4,-0.0003396056324558862,3910,0.2422655406514571,50
7,Onøy og Lurøy,2,2014,4593,4593,8747588,2,Træna,-0.00034063942892137417,3911,0.2422655406514571,50
7,Onøy og Lurøy,2,2014,4295,4295,8681070,9,Sleneset,-0.0003408416329922459,3912,0.2422655406514571,50
7,Onøy og Lurøy,2,2014,292,292,8L52303,5,Hestmannøy,-0.0003408472235829513,3913,0.2422655406514571,50
7,Onøy og Lurøy,2,2014,3033,3033,8N73235,12,Southern 2,-0.00034138882868898964,3914,0.2422655406514571,50
7,Onøy og Lurøy,2,2014,1931,1931,8N13629,14,Southern 4,-0.0003423685377651371,3915,0.2422655406514571,50
7,Onøy og Lurøy,2,2014,2488,2488,8N27934,5,Hestmannøy,-0.0003426585555886273,3916,0.2422655406514571,50
7,Onøy og Lurøy,2,2014,808,808,8M31784,11,Southern 1,-0.0003428792812272907,3917,0.2422655406514571,50
7,Onøy og Lurøy,2,2014,3348,3348,8N73959,12,Southern 2,-0.00034306961428568107,3918,0.2422655406514571,50
7,Onøy og Lurøy,2,2014,1592,1592,8N05864,11,Southern 1,-0.00034307239849881396,3919,0.2422655406514571,50
7,Onøy og Lurøy,2,2014,93,93,8L30363,10,Aldra,-0.0003438412523424959,3920,0.2422655406514571,50
7,Onøy og Lurøy,2,2014,12,12,8L19624,9,Sleneset,-0.0003464817568915486,3921,0.2422655406514571,50
7,Onøy og Lurøy,2,2014,4428,4428,8730969,1,Myken,-0.0003466534419426121,3922,0.2422655406514571,50
7,Onøy og Lurøy,2,2014,3320,3320,8N73931,12,Southern 2,-0.0003476372533813627,3923,0.2422655406514571,50
7,Onøy og Lurøy,2,2014,770,770,8M31554,6,Indre Kvarøy,-0.00034776410037148887,3924,0.2422655406514571,50
7,Onøy og Lurøy,2,2014,2445,2445,8N27621,14,Southern 4,-0.00034776750010108556,3925,0.2422655406514571,50
7,Onøy og Lurøy,2,2014,4728,4728,8800177,6,Indre Kvarøy,-0.00034783245080324793,3926,0.2422655406514571,50
7,Onøy og Lurøy,2,2014,1470,1470,8N05608,14,Southern 4,-0.0003485372375005036,3927,0.2422655406514571,50
7,Onøy og Lurøy,2,2014,3110,3110,8N73461,11,Southern 1,-0.00034866026589362736,3928,0.2422655406514571,50
7,Onøy og Lurøy,2,2014,2369,2369,8N27081,14,Southern 4,-0.0003496677825226525,3929,0.2422655406514571,50
7,Onøy og Lurøy,2,2014,319,319,8L52357,11,Southern 1,-0.00034984069818796314,3930,0.2422655406514571,50
7,Onøy og Lurøy,2,2014,776,776,8M31602,5,Hestmannøy,-0.00035014712710967064,3931,0.2422655406514571,50
7,Onøy og Lurøy,2,2014,1432,1432,8N05402,10,Aldra,-0.00035023964609331147,3932,0.2422655406514571,50
7,Onøy og Lurøy,2,2014,3579,3579,8N87756,4,Gjerøy,-0.00035048786710924413,3933,0.2422655406514571,50
7,Onøy og Lurøy,2,2014,1613,1613,8N05890,11,Southern 1,-0.00035075547237055056,3934,0.2422655406514571,50
7,Onøy og Lurøy,2,2014,2659,2659,8N42229,3,Selvær,-0.00035092990754091946,3935,0.2422655406514571,50
7,Onøy og Lurøy,2,2014,5246,5246,8943121,5,Hestmannøy,-0.0003509544544334373,3936,0.2422655406514571,50
7,Onøy og Lurøy,2,2014,5282,5282,8943761,3,Selvær,-0.00035105717883006675,3937,0.2422655406514571,50
7,Onøy og Lurøy,2,2014,818,818,8L89179,12,Southern 2,-0.00035138545321757074,3938,0.2422655406514571,50
7,Onøy og Lurøy,2,2014,4792,4792,8800592,5,Hestmannøy,-0.00035155462065353986,3939,0.2422655406514571,50
7,Onøy og Lurøy,2,2014,5071,5071,8934426,8,Lovund,-0.00035201944434353676,3940,0.2422655406514571,50
7,Onøy og Lurøy,2,2014,4908,4908,8887035,2,Træna,-0.0003527642361271205,3941,0.2422655406514571,50
7,Onøy og Lurøy,2,2014,380,380,8L52913,10,Aldra,-0.0003532342099907943,3942,0.2422655406514571,50
7,Onøy og Lurøy,2,2014,3325,3325,8N73936,12,Southern 2,-0.0003533760087261752,3943,0.2422655406514571,50
7,Onøy og Lurøy,2,2014,1210,1210,8N05003,4,Gjerøy,-0.00035368661688997007,3944,0.2422655406514571,50
7,Onøy og Lurøy,2,2014,3347,3347,8N73958,12,Southern 2,-0.00035404520462241644,3945,0.2422655406514571,50
7,Onøy og Lurøy,2,2014,1786,1786,8N06846,11,Southern 1,-0.0003546780368015062,3946,0.2422655406514571,50
7,Onøy og Lurøy,2,2014,1895,1895,8N13526,2,Træna,-0.00035482627635587865,3947,0.2422655406514571,50
7,Onøy og Lurøy,2,2014,4148,4148,8309218,13,Southern 3,-0.0003549333245963654,3948,0.2422655406514571,50
7,Onøy og Lurøy,2,2014,2307,2307,8N14733,3,Selvær,-0.0003557079538099399,3949,0.2422655406514571,50
7,Onøy og Lurøy,2,2014,4700,4700,8800046,5,Hestmannøy,-0.00035628310945232426,3950,0.2422655406514571,50
7,Onøy og Lurøy,2,2014,4402,4402,8730545,8,Lovund,-0.00035637234896145715,3951,0.2422655406514571,50
7,Onøy og Lurøy,2,2014,1779,1779,8N06839,11,Southern 1,-0.00035638158676131376,3952,0.2422655406514571,50
7,Onøy og Lurøy,2,2014,4168,4168,8414501,0,Nesøy,-0.0003568996665161892,3953,0.2422655406514571,50
7,Onøy og Lurøy,2,2014,62,62,8L26528,6,Indre Kvarøy,-0.0003569920231988223,3954,0.2422655406514571,50
7,Onøy og Lurøy,2,2014,2328,2328,8N14933,5,Hestmannøy,-0.00035733842241040723,3955,0.2422655406514571,50
7,Onøy og Lurøy,2,2014,1393,1393,8N05273,13,Southern 3,-0.00035780315394320835,3956,0.2422655406514571,50
7,Onøy og Lurøy,2,2014,4755,4755,8800416,0,Nesøy,-0.00035784938426730107,3957,0.2422655406514571,50
7,Onøy og Lurøy,2,2014,3447,3447,8N87358,4,Gjerøy,-0.00035801700832169725,3958,0.2422655406514571,50
7,Onøy og Lurøy,2,2014,356,356,8L52493,13,Southern 3,-0.0003585438611709737,3959,0.2422655406514571,50
7,Onøy og Lurøy,2,2014,2800,2800,8N72330,4,Gjerøy,-0.0003596074575111627,3960,0.2422655406514571,50
7,Onøy og Lurøy,2,2014,4704,4704,8800063,4,Gjerøy,-0.0003603203492745282,3961,0.2422655406514571,50
7,Onøy og Lurøy,2,2014,1664,1664,8N06460,8,Lovund,-0.0003606174720220535,3962,0.2422655406514571,50
7,Onøy og Lurøy,2,2014,4717,4717,8800127,9,Sleneset,-0.0003611522080903125,3963,0.2422655406514571,50
7,Onøy og Lurøy,2,2014,3831,3831,8P11557,14,Southern 4,-0.0003622298556098602,3964,0.2422655406514571,50
7,Onøy og Lurøy,2,2014,4344,4344,8681403,5,Hestmannøy,-0.0003624212653712772,3965,0.2422655406514571,50
7,Onøy og Lurøy,2,2014,2162,2162,8N14546,11,Southern 1,-0.0003624215186692697,3966,0.2422655406514571,50
7,Onøy og Lurøy,2,2014,3904,3904,8P14191,5,Hestmannøy,-0.0003636648636098179,3967,0.2422655406514571,50
7,Onøy og Lurøy,2,2014,1744,1744,8N06697,14,Southern 4,-0.0003664200335191535,3968,0.2422655406514571,50
7,Onøy og Lurøy,2,2014,1074,1074,8M72416,13,Southern 3,-0.0003675006921323927,3969,0.2422655406514571,50
7,Onøy og Lurøy,2,2014,1109,1109,8M72584,11,Southern 1,-0.00036774995274761524,3970,0.2422655406514571,50
7,Onøy og Lurøy,2,2014,5317,5317,8981090,11,Southern 1,-0.00037008281983272784,3971,0.2422655406514571,50
7,Onøy og Lurøy,2,2014,1131,1131,8M72648,4,Gjerøy,-0.0003706208698897684,3972,0.2422655406514571,50
7,Onøy og Lurøy,2,2014,4500,4500,8732700,4,Gjerøy,-0.00037063046340891497,3973,0.2422655406514571,50
7,Onøy og Lurøy,2,2014,240,240,8L48742,11,Southern 1,-0.0003708423222634032,3974,0.2422655406514571,50
7,Onøy og Lurøy,2,2014,3915,3915,8P14311,14,Southern 4,-0.0003709004251513153,3975,0.2422655406514571,50
7,Onøy og Lurøy,2,2014,2256,2256,8N14644,13,Southern 3,-0.0003710854779364918,3976,0.2422655406514571,50
7,Onøy og Lurøy,2,2014,5435,5435,8981971,2,Træna,-0.00037164144554035106,3977,0.2422655406514571,50
7,Onøy og Lurøy,2,2014,3549,3549,8N87612,15,Southern 5,-0.0003717142592141674,3978,0.2422655406514571,50
7,Onøy og Lurøy,2,2014,397,397,8L57701,3,Selvær,-0.0003721807168648266,3979,0.2422655406514571,50
7,Onøy og Lurøy,2,2014,3422,3422,8N87243,2,Træna,-0.00037336158285282943,3980,0.2422655406514571,50
7,Onøy og Lurøy,2,2014,3783,3783,8P11326,4,Gjerøy,-0.00037530614277370177,3981,0.2422655406514571,50
7,Onøy og Lurøy,2,2014,3968,3968,8P14822,15,Southern 5,-0.00037539971397975726,3982,0.2422655406514571,50
7,Onøy og Lurøy,2,2014,4519,4519,8747145,2,Træna,-0.00037559886434240005,3983,0.2422655406514571,50
7,Onøy og Lurøy,2,2014,3567,3567,8N87632,15,Southern 5,-0.0003756546552830166,3984,0.2422655406514571,50
7,Onøy og Lurøy,2,2014,4935,4935,8887286,5,Hestmannøy,-0.00037589348279203744,3985,0.2422655406514571,50
7,Onøy og Lurøy,2,2014,5076,5076,8934471,3,Selvær,-0.00037645022954054875,3986,0.2422655406514571,50
7,Onøy og Lurøy,2,2014,2122,2122,8N14352,15,Southern 5,-0.00037662453806335845,3987,0.2422655406514571,50
7,Onøy og Lurøy,2,2014,1227,1227,8N05105,12,Southern 2,-0.0003767335518141416,3988,0.2422655406514571,50
7,Onøy og Lurøy,2,2014,1978,1978,8N13679,13,Southern 3,-0.0003773123131700823,3989,0.2422655406514571,50
7,Onøy og Lurøy,2,2014,3472,3472,8N87529,11,Southern 1,-0.00037762462724631686,3990,0.2422655406514571,50
7,Onøy og Lurøy,2,2014,19,19,8L19728,4,Gjerøy,-0.00037773246540109747,3991,0.2422655406514571,50
7,Onøy og Lurøy,2,2014,748,748,8M31483,5,Hestmannøy,-0.00037827558492938603,3992,0.2422655406514571,50
7,Onøy og Lurøy,2,2014,4232,4232,8651783,3,Selvær,-0.00037876797759025534,3993,0.2422655406514571,50
7,Onøy og Lurøy,2,2014,3830,3830,8P11556,14,Southern 4,-0.00037910144696422124,3994,0.2422655406514571,50
7,Onøy og Lurøy,2,2014,1027,1027,8M71828,10,Aldra,-0.000380106520657644,3995,0.2422655406514571,50
7,Onøy og Lurøy,2,2014,81,81,8L30167,12,Southern 2,-0.00038081601544814387,3996,0.2422655406514571,50
7,Onøy og Lurøy,2,2014,4027,4027,8P14962,14,Southern 4,-0.00038113616230761957,3997,0.2422655406514571,50
7,Onøy og Lurøy,2,2014,5072,5072,8934451,1,Myken,-0.000383081446109918,3998,0.2422655406514571,50
7,Onøy og Lurøy,2,2014,3149,3149,8N73501,5,Hestmannøy,-0.00038386826034205,3999,0.2422655406514571,50
7,Onøy og Lurøy,2,2014,185,185,8L48315,5,Hestmannøy,-0.00038396140915361506,4000,0.2422655406514571,50
7,Onøy og Lurøy,2,2014,5283,5283,8943766,2,Træna,-0.0003848895403806138,4001,0.2422655406514571,50
7,Onøy og Lurøy,2,2014,3828,3828,8P11554,14,Southern 4,-0.00038569869902980205,4002,0.2422655406514571,50
7,Onøy og Lurøy,2,2014,4120,4120,8168662,1,Myken,-0.000385934847979627,4003,0.2422655406514571,50
7,Onøy og Lurøy,2,2014,514,514,8L64922,10,Aldra,-0.0003859998480443086,4004,0.2422655406514571,50
7,Onøy og Lurøy,2,2014,1322,1322,8N05201,12,Southern 2,-0.0003869681326680588,4005,0.2422655406514571,50
7,Onøy og Lurøy,2,2014,2209,2209,8N14595,11,Southern 1,-0.000387141804628,4006,0.2422655406514571,50
7,Onøy og Lurøy,2,2014,733,733,8M31365,4,Gjerøy,-0.0003901346043302603,4007,0.2422655406514571,50
7,Onøy og Lurøy,2,2014,3271,3271,8N73698,13,Southern 3,-0.00039060178827215547,4008,0.2422655406514571,50
7,Onøy og Lurøy,2,2014,4553,4553,8747310,8,Lovund,-0.00039142420195520096,4009,0.2422655406514571,50
7,Onøy og Lurøy,2,2014,4546,4546,8747290,9,Sleneset,-0.0003922311026747836,4010,0.2422655406514571,50
7,Onøy og Lurøy,2,2014,3148,3148,8N73500,12,Southern 2,-0.00039229668895220197,4011,0.2422655406514571,50
7,Onøy og Lurøy,2,2014,4510,4510,8747103,5,Hestmannøy,-0.00039236542027151685,4012,0.2422655406514571,50
7,Onøy og Lurøy,2,2014,3464,3464,8N87521,11,Southern 1,-0.00039285043497965503,4013,0.2422655406514571,50
7,Onøy og Lurøy,2,2014,450,450,8L64202,4,Gjerøy,-0.0003935908583373379,4014,0.2422655406514571,50
7,Onøy og Lurøy,2,2014,1739,1739,8N06692,14,Southern 4,-0.0003936384682053757,4015,0.2422655406514571,50
7,Onøy og Lurøy,2,2014,381,381,8L52920,6,Indre Kvarøy,-0.0003938150943275133,4016,0.2422655406514571,50
7,Onøy og Lurøy,2,2014,3726,3726,8N87947,13,Southern 3,-0.00039384722269484765,4017,0.2422655406514571,50
7,Onøy og Lurøy,2,2014,3303,3303,8N73914,11,Southern 1,-0.0003941530660213875,4018,0.2422655406514571,50
7,Onøy og Lurøy,2,2014,5003,5003,8917944,8,Lovund,-0.0003945808435472066,4019,0.2422655406514571,50
7,Onøy og Lurøy,2,2014,3375,3375,8N73986,12,Southern 2,-0.0003957696058225968,4020,0.2422655406514571,50
7,Onøy og Lurøy,2,2014,2784,2784,8N72043,2,Træna,-0.00039643981598509634,4021,0.2422655406514571,50
7,Onøy og Lurøy,2,2014,3888,3888,8P14053,5,Hestmannøy,-0.0003970270656337402,4022,0.2422655406514571,50
7,Onøy og Lurøy,2,2014,2870,2870,8N72689,11,Southern 1,-0.0003980342324219821,4023,0.2422655406514571,50
7,Onøy og Lurøy,2,2014,4554,4554,8747365,5,Hestmannøy,-0.00039824052343420213,4024,0.2422655406514571,50
7,Onøy og Lurøy,2,2014,848,848,8M31937,10,Aldra,-0.0003983702136680278,4025,0.2422655406514571,50
7,Onøy og Lurøy,2,2014,4262,4262,8681003,4,Gjerøy,-0.00039915228755657046,4026,0.2422655406514571,50
7,Onøy og Lurøy,2,2014,4964,4964,8887416,6,Indre Kvarøy,-0.00039963414868696395,4027,0.2422655406514571,50
7,Onøy og Lurøy,2,2014,2099,2099,8N14227,5,Hestmannøy,-0.0004019022337543969,4028,0.2422655406514571,50
7,Onøy og Lurøy,2,2014,129,129,8L30748,11,Southern 1,-0.00040225223937276236,4029,0.2422655406514571,50
7,Onøy og Lurøy,2,2014,3677,3677,8N87897,13,Southern 3,-0.00040283185969294187,4030,0.2422655406514571,50
7,Onøy og Lurøy,2,2014,2731,2731,8N42706,4,Gjerøy,-0.0004054627198529896,4031,0.2422655406514571,50
7,Onøy og Lurøy,2,2014,1602,1602,8N05876,11,Southern 1,-0.00040576951260363944,4032,0.2422655406514571,50
7,Onøy og Lurøy,2,2014,2096,2096,8N14201,5,Hestmannøy,-0.00040649796210032266,4033,0.2422655406514571,50
7,Onøy og Lurøy,2,2014,4688,4688,8800021,5,Hestmannøy,-0.0004078836417173308,4034,0.2422655406514571,50
7,Onøy og Lurøy,2,2014,3559,3559,8N87623,15,Southern 5,-0.00040852888315037755,4035,0.2422655406514571,50
7,Onøy og Lurøy,2,2014,1056,1056,8M72218,8,Lovund,-0.00040979401784443426,4036,0.2422655406514571,50
7,Onøy og Lurøy,2,2014,1782,1782,8N06842,11,Southern 1,-0.00040997783806905047,4037,0.2422655406514571,50
7,Onøy og Lurøy,2,2014,680,680,8M31041,3,Selvær,-0.0004105268720501873,4038,0.2422655406514571,50
7,Onøy og Lurøy,2,2014,2975,2975,8N73057,4,Gjerøy,-0.00041123681098146513,4039,0.2422655406514571,50
7,Onøy og Lurøy,2,2014,204,204,8L48452,5,Hestmannøy,-0.0004113236197831606,4040,0.2422655406514571,50
7,Onøy og Lurøy,2,2014,4741,4741,8800353,5,Hestmannøy,-0.000411350441345905,4041,0.2422655406514571,50
7,Onøy og Lurøy,2,2014,2805,2805,8N72351,4,Gjerøy,-0.00041198575997904163,4042,0.2422655406514571,50
7,Onøy og Lurøy,2,2014,197,197,8L48438,5,Hestmannøy,-0.0004126224298680639,4043,0.2422655406514571,50
7,Onøy og Lurøy,2,2014,2124,2124,8N14354,15,Southern 5,-0.0004128339960439195,4044,0.2422655406514571,50
7,Onøy og Lurøy,2,2014,2576,2576,8N28696,5,Hestmannøy,-0.00041333538284086245,4045,0.2422655406514571,50
7,Onøy og Lurøy,2,2014,4588,4588,8747569,9,Sleneset,-0.00041342534051849023,4046,0.2422655406514571,50
7,Onøy og Lurøy,2,2014,760,760,8M31541,0,Nesøy,-0.0004135572979515108,4047,0.2422655406514571,50
7,Onøy og Lurøy,2,2014,2242,2242,8N14628,13,Southern 3,-0.00041426543641109284,4048,0.2422655406514571,50
7,Onøy og Lurøy,2,2014,941,941,8M71317,5,Hestmannøy,-0.0004147463918075958,4049,0.2422655406514571,50
7,Onøy og Lurøy,2,2014,1149,1149,8M72700,14,Southern 4,-0.0004156098874988352,4050,0.2422655406514571,50
7,Onøy og Lurøy,2,2014,1646,1646,8N06296,9,Sleneset,-0.0004159976797277673,4051,0.2422655406514571,50
7,Onøy og Lurøy,2,2014,3196,3196,8N73622,13,Southern 3,-0.00041713591684358164,4052,0.2422655406514571,50
7,Onøy og Lurøy,2,2014,4625,4625,8747730,2,Træna,-0.0004192186340710848,4053,0.2422655406514571,50
7,Onøy og Lurøy,2,2014,309,309,8L52342,12,Southern 2,-0.00041992423636246314,4054,0.2422655406514571,50
7,Onøy og Lurøy,2,2014,1345,1345,8N05224,12,Southern 2,-0.0004203959586523774,4055,0.2422655406514571,50
7,Onøy og Lurøy,2,2014,1999,1999,8N13700,13,Southern 3,-0.0004205927586233416,4056,0.2422655406514571,50
7,Onøy og Lurøy,2,2014,2832,2832,8N72531,6,Indre Kvarøy,-0.00042072140016267403,4057,0.2422655406514571,50
7,Onøy og Lurøy,2,2014,338,338,8L52390,11,Southern 1,-0.0004212971794478663,4058,0.2422655406514571,50
7,Onøy og Lurøy,2,2014,946,946,8M71325,11,Southern 1,-0.00042191949340312845,4059,0.2422655406514571,50
7,Onøy og Lurøy,2,2014,545,545,8L89282,0,Nesøy,-0.0004221721008179949,4060,0.2422655406514571,50
7,Onøy og Lurøy,2,2014,2866,2866,8N72685,11,Southern 1,-0.00042358863808013,4061,0.2422655406514571,50
7,Onøy og Lurøy,2,2014,1276,1276,8N05155,12,Southern 2,-0.0004244052018078336,4062,0.2422655406514571,50
7,Onøy og Lurøy,2,2014,3845,3845,8P11571,14,Southern 4,-0.00042519876212532363,4063,0.2422655406514571,50
7,Onøy og Lurøy,2,2014,4119,4119,8168661,1,Myken,-0.0004253132813135016,4064,0.2422655406514571,50
7,Onøy og Lurøy,2,2014,4064,4064,8P14999,15,Southern 5,-0.0004267962564852464,4065,0.2422655406514571,50
7,Onøy og Lurøy,2,2014,2582,2582,8N28738,2,Træna,-0.00042699796081087734,4066,0.2422655406514571,50
7,Onøy og Lurøy,2,2014,1256,1256,8N05134,12,Southern 2,-0.0004274683942761054,4067,0.2422655406514571,50
7,Onøy og Lurøy,2,2014,2965,2965,8N73001,4,Gjerøy,-0.0004290775439798923,4068,0.2422655406514571,50
7,Onøy og Lurøy,2,2014,171,171,8L30900,11,Southern 1,-0.00042944904575970396,4069,0.2422655406514571,50
7,Onøy og Lurøy,2,2014,246,246,8L48754,11,Southern 1,-0.0004297192628672565,4070,0.2422655406514571,50
7,Onøy og Lurøy,2,2014,4772,4772,8800482,0,Nesøy,-0.00042991828138574695,4071,0.2422655406514571,50
7,Onøy og Lurøy,2,2014,2359,2359,8N27071,14,Southern 4,-0.0004300132692627252,4072,0.2422655406514571,50
7,Onøy og Lurøy,2,2014,1916,1916,8N13616,14,Southern 4,-0.0004305669634794558,4073,0.2422655406514571,50
7,Onøy og Lurøy,2,2014,1983,1983,8N13684,13,Southern 3,-0.00043074186094726406,4074,0.2422655406514571,50
7,Onøy og Lurøy,2,2014,978,978,8L57988,13,Southern 3,-0.00043122682936679415,4075,0.2422655406514571,50
7,Onøy og Lurøy,2,2014,568,568,8L89379,5,Hestmannøy,-0.00043128627430031094,4076,0.2422655406514571,50
7,Onøy og Lurøy,2,2014,2056,2056,8N14007,6,Indre Kvarøy,-0.00043233428762824217,4077,0.2422655406514571,50
7,Onøy og Lurøy,2,2014,377,377,8L52688,9,Sleneset,-0.0004325998597510071,4078,0.2422655406514571,50
7,Onøy og Lurøy,2,2014,5067,5067,8934405,8,Lovund,-0.00043266018951835757,4079,0.2422655406514571,50
7,Onøy og Lurøy,2,2014,4372,4372,8730437,5,Hestmannøy,-0.00043380190437234637,4080,0.2422655406514571,50
7,Onøy og Lurøy,2,2014,4260,4260,8681001,4,Gjerøy,-0.0004343027839637882,4081,0.2422655406514571,50
7,Onøy og Lurøy,2,2014,4693,4693,8800028,4,Gjerøy,-0.0004356602866718457,4082,0.2422655406514571,50
7,Onøy og Lurøy,2,2014,1742,1742,8N06695,14,Southern 4,-0.00043634761730794057,4083,0.2422655406514571,50
7,Onøy og Lurøy,2,2014,4637,4637,8747777,5,Hestmannøy,-0.0004368183085608946,4084,0.2422655406514571,50
7,Onøy og Lurøy,2,2014,311,311,8L52344,11,Southern 1,-0.0004373048818199142,4085,0.2422655406514571,50
7,Onøy og Lurøy,2,2014,5180,5180,8939578,5,Hestmannøy,-0.00043751845971416693,4086,0.2422655406514571,50
7,Onøy og Lurøy,2,2014,3495,3495,8N87552,11,Southern 1,-0.0004381898585213924,4087,0.2422655406514571,50
7,Onøy og Lurøy,2,2014,20,20,8L19729,4,Gjerøy,-0.0004388146032470816,4088,0.2422655406514571,50
7,Onøy og Lurøy,2,2014,2861,2861,8N72680,11,Southern 1,-0.0004391221290036906,4089,0.2422655406514571,50
7,Onøy og Lurøy,2,2014,1850,1850,8N06979,4,Gjerøy,-0.00043914148679168583,4090,0.2422655406514571,50
7,Onøy og Lurøy,2,2014,5146,5146,8939197,5,Hestmannøy,-0.00044063614921645717,4091,0.2422655406514571,50
7,Onøy og Lurøy,2,2014,4174,4174,8537728,5,Hestmannøy,-0.00044084526041186637,4092,0.2422655406514571,50
7,Onøy og Lurøy,2,2014,4152,4152,8309254,5,Hestmannøy,-0.00044169681040780775,4093,0.2422655406514571,50
7,Onøy og Lurøy,2,2014,4661,4661,8747941,4,Gjerøy,-0.0004417341299107002,4094,0.2422655406514571,50
7,Onøy og Lurøy,2,2014,1486,1486,8N05624,14,Southern 4,-0.00044233936954965534,4095,0.2422655406514571,50
7,Onøy og Lurøy,2,2014,2066,2066,8N14051,6,Indre Kvarøy,-0.0004430678947167825,4096,0.2422655406514571,50
7,Onøy og Lurøy,2,2014,1644,1644,8N06294,9,Sleneset,-0.000443074086677373,4097,0.2422655406514571,50
7,Onøy og Lurøy,2,2014,4350,4350,8681422,0,Nesøy,-0.00044392193960433716,4098,0.2422655406514571,50
7,Onøy og Lurøy,2,2014,1203,1203,8M72961,4,Gjerøy,-0.00044420045057273397,4099,0.2422655406514571,50
7,Onøy og Lurøy,2,2014,3669,3669,8N87889,13,Southern 3,-0.0004457313252868535,4100,0.2422655406514571,50
7,Onøy og Lurøy,2,2014,1973,1973,8N13674,13,Southern 3,-0.00044638392794064404,4101,0.2422655406514571,50
7,Onøy og Lurøy,2,2014,624,624,8L89642,10,Aldra,-0.0004464491188639995,4102,0.2422655406514571,50
7,Onøy og Lurøy,2,2014,969,969,8M71389,12,Southern 2,-0.0004477544532313269,4103,0.2422655406514571,50
7,Onøy og Lurøy,2,2014,2302,2302,8N14690,13,Southern 3,-0.00044782400640889494,4104,0.2422655406514571,50
7,Onøy og Lurøy,2,2014,2472,2472,8N27892,6,Indre Kvarøy,-0.00044836539660406875,4105,0.2422655406514571,50
7,Onøy og Lurøy,2,2014,3610,3610,8N87827,14,Southern 4,-0.00044900818929596506,4106,0.2422655406514571,50
7,Onøy og Lurøy,2,2014,4904,4904,8866795,6,Indre Kvarøy,-0.00044966170904547215,4107,0.2422655406514571,50
7,Onøy og Lurøy,2,2014,5042,5042,8934241,9,Sleneset,-0.00044992116359248964,4108,0.2422655406514571,50
7,Onøy og Lurøy,2,2014,1308,1308,8N05187,13,Southern 3,-0.0004501741854666689,4109,0.2422655406514571,50
7,Onøy og Lurøy,2,2014,4143,4143,8309182,5,Hestmannøy,-0.000450387313907831,4110,0.2422655406514571,50
7,Onøy og Lurøy,2,2014,4304,4304,8681098,6,Indre Kvarøy,-0.00045047767371128074,4111,0.2422655406514571,50
7,Onøy og Lurøy,2,2014,2076,2076,8N14115,5,Hestmannøy,-0.00045065580678798625,4112,0.2422655406514571,50
7,Onøy og Lurøy,2,2014,1697,1697,8N06493,12,Southern 2,-0.00045118234879154144,4113,0.2422655406514571,50
7,Onøy og Lurøy,2,2014,3684,3684,8N87904,13,Southern 3,-0.0004512295972930201,4114,0.2422655406514571,50
7,Onøy og Lurøy,2,2014,523,523,8M31828,12,Southern 2,-0.0004515835794421141,4115,0.2422655406514571,50
7,Onøy og Lurøy,2,2014,3165,3165,8N73529,4,Gjerøy,-0.00045196693278849563,4116,0.2422655406514571,50
7,Onøy og Lurøy,2,2014,3346,3346,8N73957,12,Southern 2,-0.0004522182917136158,4117,0.2422655406514571,50
7,Onøy og Lurøy,2,2014,660,660,8L89755,5,Hestmannøy,-0.0004525713890244072,4118,0.2422655406514571,50
7,Onøy og Lurøy,2,2014,5103,5103,8934858,8,Lovund,-0.0004539830037152211,4119,0.2422655406514571,50
7,Onøy og Lurøy,2,2014,149,149,8L30778,12,Southern 2,-0.0004545617913498182,4120,0.2422655406514571,50
7,Onøy og Lurøy,2,2014,3538,3538,8N87597,11,Southern 1,-0.00045458895482538745,4121,0.2422655406514571,50
7,Onøy og Lurøy,2,2014,89,89,8L30298,5,Hestmannøy,-0.00045555218614331606,4122,0.2422655406514571,50
7,Onøy og Lurøy,2,2014,4421,4421,8730943,3,Selvær,-0.0004564826576722726,4123,0.2422655406514571,50
7,Onøy og Lurøy,2,2014,4178,4178,8573221,4,Gjerøy,-0.0004571461888787564,4124,0.2422655406514571,50
7,Onøy og Lurøy,2,2014,2712,2712,8N42535,4,Gjerøy,-0.0004572907842359475,4125,0.2422655406514571,50
7,Onøy og Lurøy,2,2014,2151,2151,8N14535,11,Southern 1,-0.0004580899959534374,4126,0.2422655406514571,50
7,Onøy og Lurøy,2,2014,3905,3905,8P14196,5,Hestmannøy,-0.0004581221904127607,4127,0.2422655406514571,50
7,Onøy og Lurøy,2,2014,4327,4327,8681258,4,Gjerøy,-0.000458269980192106,4128,0.2422655406514571,50
7,Onøy og Lurøy,2,2014,3870,3870,8P11834,15,Southern 5,-0.0004583255899176244,4129,0.2422655406514571,50
7,Onøy og Lurøy,2,2014,3511,3511,8N87568,11,Southern 1,-0.000458420221513999,4130,0.2422655406514571,50
7,Onøy og Lurøy,2,2014,1502,1502,8N05647,11,Southern 1,-0.000458631446764806,4131,0.2422655406514571,50
7,Onøy og Lurøy,2,2014,5253,5253,8943159,9,Sleneset,-0.0004587500646863037,4132,0.2422655406514571,50
7,Onøy og Lurøy,2,2014,485,485,8L64540,12,Southern 2,-0.0004595814157197234,4133,0.2422655406514571,50
7,Onøy og Lurøy,2,2014,2185,2185,8N14571,11,Southern 1,-0.00045982066080427127,4134,0.2422655406514571,50
7,Onøy og Lurøy,2,2014,3624,3624,8N87841,14,Southern 4,-0.0004599719019965487,4135,0.2422655406514571,50
7,Onøy og Lurøy,2,2014,1681,1681,8N06477,12,Southern 2,-0.00046063072771988984,4136,0.2422655406514571,50
7,Onøy og Lurøy,2,2014,2908,2908,8N72909,13,Southern 3,-0.0004613626184212677,4137,0.2422655406514571,50
7,Onøy og Lurøy,2,2014,1680,1680,8N06476,12,Southern 2,-0.00046247333573790945,4138,0.2422655406514571,50
7,Onøy og Lurøy,2,2014,211,211,8L48467,10,Aldra,-0.00046371947345445633,4139,0.2422655406514571,50
7,Onøy og Lurøy,2,2014,489,489,8L64791,13,Southern 3,-0.00046615442241926074,4140,0.2422655406514571,50
7,Onøy og Lurøy,2,2014,2706,2706,8N42527,5,Hestmannøy,-0.0004661911828463561,4141,0.2422655406514571,50
7,Onøy og Lurøy,2,2014,3027,3027,8N73229,12,Southern 2,-0.0004687018117825652,4142,0.2422655406514571,50
7,Onøy og Lurøy,2,2014,3611,3611,8N87828,14,Southern 4,-0.00047050207000346887,4143,0.2422655406514571,50
7,Onøy og Lurøy,2,2014,3182,3182,8N73608,14,Southern 4,-0.00047170787081481867,4144,0.2422655406514571,50
7,Onøy og Lurøy,2,2014,4324,4324,8681249,3,Selvær,-0.0004723606020871188,4145,0.2422655406514571,50
7,Onøy og Lurøy,2,2014,3134,3134,8N73486,11,Southern 1,-0.00047316024073603135,4146,0.2422655406514571,50
7,Onøy og Lurøy,2,2014,3349,3349,8N73960,12,Southern 2,-0.000473599014480299,4147,0.2422655406514571,50
7,Onøy og Lurøy,2,2014,3542,3542,8N87603,15,Southern 5,-0.00047383611355051783,4148,0.2422655406514571,50
7,Onøy og Lurøy,2,2014,1635,1635,8N06029,3,Selvær,-0.00047561112255329994,4149,0.2422655406514571,50
7,Onøy og Lurøy,2,2014,4323,4323,8681248,3,Selvær,-0.0004762327473369317,4150,0.2422655406514571,50
7,Onøy og Lurøy,2,2014,5276,5276,8943597,8,Lovund,-0.0004771768791441139,4151,0.2422655406514571,50
7,Onøy og Lurøy,2,2014,872,872,8M71085,5,Hestmannøy,-0.0004773153798788292,4152,0.2422655406514571,50
7,Onøy og Lurøy,2,2014,3420,3420,8N87228,3,Selvær,-0.0004794060772676309,4153,0.2422655406514571,50
7,Onøy og Lurøy,2,2014,2080,2080,8N14143,6,Indre Kvarøy,-0.0004796364524394916,4154,0.2422655406514571,50
7,Onøy og Lurøy,2,2014,2968,2968,8N73013,4,Gjerøy,-0.00048063020690007266,4155,0.2422655406514571,50
7,Onøy og Lurøy,2,2014,541,541,8L89273,5,Hestmannøy,-0.00048120424699332585,4156,0.2422655406514571,50
7,Onøy og Lurøy,2,2014,4357,4357,8681469,5,Hestmannøy,-0.00048192860320455804,4157,0.2422655406514571,50
7,Onøy og Lurøy,2,2014,452,452,8L64210,6,Indre Kvarøy,-0.00048242035737915747,4158,0.2422655406514571,50
7,Onøy og Lurøy,2,2014,2255,2255,8N14642,13,Southern 3,-0.0004832192607761976,4159,0.2422655406514571,50
7,Onøy og Lurøy,2,2014,1048,1048,8M31944,6,Indre Kvarøy,-0.00048362304810999247,4160,0.2422655406514571,50
7,Onøy og Lurøy,2,2014,2814,2814,8N72394,6,Indre Kvarøy,-0.0004840543971817594,4161,0.2422655406514571,50
7,Onøy og Lurøy,2,2014,4945,4945,8887345,5,Hestmannøy,-0.0004840799030733136,4162,0.2422655406514571,50
7,Onøy og Lurøy,2,2014,58,58,8L19992,4,Gjerøy,-0.00048507710566267717,4163,0.2422655406514571,50
7,Onøy og Lurøy,2,2014,957,957,8M71355,12,Southern 2,-0.00048527502339063314,4164,0.2422655406514571,50
7,Onøy og Lurøy,2,2014,3565,3565,8N87630,15,Southern 5,-0.00048557333002513146,4165,0.2422655406514571,50
7,Onøy og Lurøy,2,2014,2240,2240,8N14626,13,Southern 3,-0.00048569538260707874,4166,0.2422655406514571,50
7,Onøy og Lurøy,2,2014,550,550,8L89314,9,Sleneset,-0.00048592647439563705,4167,0.2422655406514571,50
7,Onøy og Lurøy,2,2014,1772,1772,8N06832,11,Southern 1,-0.0004862585935297462,4168,0.2422655406514571,50
7,Onøy og Lurøy,2,2014,3011,3011,8N73213,12,Southern 2,-0.00048719746331951365,4169,0.2422655406514571,50
7,Onøy og Lurøy,2,2014,118,118,8L30633,12,Southern 2,-0.0004885215810650545,4170,0.2422655406514571,50
7,Onøy og Lurøy,2,2014,999,999,8M71503,4,Gjerøy,-0.0004887529955780559,4171,0.2422655406514571,50
7,Onøy og Lurøy,2,2014,1835,1835,8N06898,11,Southern 1,-0.0004890040812761409,4172,0.2422655406514571,50
7,Onøy og Lurøy,2,2014,3305,3305,8N73916,11,Southern 1,-0.0004890718256387762,4173,0.2422655406514571,50
7,Onøy og Lurøy,2,2014,1763,1763,8N06823,11,Southern 1,-0.0004893740879818867,4174,0.2422655406514571,50
7,Onøy og Lurøy,2,2014,4418,4418,8730931,3,Selvær,-0.000489781046487335,4175,0.2422655406514571,50
7,Onøy og Lurøy,2,2014,4803,4803,8800935,10,Aldra,-0.0004909951947161016,4176,0.2422655406514571,50
7,Onøy og Lurøy,2,2014,5079,5079,8934474,3,Selvær,-0.00049227720676472,4177,0.2422655406514571,50
7,Onøy og Lurøy,2,2014,1190,1190,8M72924,5,Hestmannøy,-0.000493352595345145,4178,0.2422655406514571,50
7,Onøy og Lurøy,2,2014,987,987,8M71479,13,Southern 3,-0.0004939399165783929,4179,0.2422655406514571,50
7,Onøy og Lurøy,2,2014,3651,3651,8N87870,13,Southern 3,-0.000498224492377965,4180,0.2422655406514571,50
7,Onøy og Lurøy,2,2014,1137,1137,8M72664,5,Hestmannøy,-0.0004982377218334639,4181,0.2422655406514571,50
7,Onøy og Lurøy,2,2014,2840,2840,8N72592,10,Aldra,-0.0004983692114138204,4182,0.2422655406514571,50
7,Onøy og Lurøy,2,2014,5412,5412,8981820,5,Hestmannøy,-0.0004984291645458548,4183,0.2422655406514571,50
7,Onøy og Lurøy,2,2014,3387,3387,8N73998,14,Southern 4,-0.000498455319123527,4184,0.2422655406514571,50
7,Onøy og Lurøy,2,2014,3980,3980,8P14848,14,Southern 4,-0.000498848560195993,4185,0.2422655406514571,50
7,Onøy og Lurøy,2,2014,5073,5073,8934458,4,Gjerøy,-0.0004999374007855551,4186,0.2422655406514571,50
7,Onøy og Lurøy,2,2014,927,927,8M71295,6,Indre Kvarøy,-0.0005004655873377208,4187,0.2422655406514571,50
7,Onøy og Lurøy,2,2014,2701,2701,8N42520,5,Hestmannøy,-0.0005006873088880293,4188,0.2422655406514571,50
7,Onøy og Lurøy,2,2014,1508,1508,8N05653,11,Southern 1,-0.000502447509865416,4189,0.2422655406514571,50
7,Onøy og Lurøy,2,2014,4321,4321,8681240,3,Selvær,-0.0005025148515660972,4190,0.2422655406514571,50
7,Onøy og Lurøy,2,2014,1936,1936,8N13634,14,Southern 4,-0.0005029455733534353,4191,0.2422655406514571,50
7,Onøy og Lurøy,2,2014,4684,4684,8794367,4,Gjerøy,-0.0005032454691149496,4192,0.2422655406514571,50
7,Onøy og Lurøy,2,2014,4860,4860,8857257,9,Sleneset,-0.000504084773670282,4193,0.2422655406514571,50
7,Onøy og Lurøy,2,2014,2552,2552,8N28530,9,Sleneset,-0.0005046136898436965,4194,0.2422655406514571,50
7,Onøy og Lurøy,2,2014,2643,2643,8N42083,8,Lovund,-0.0005065201016057429,4195,0.2422655406514571,50
7,Onøy og Lurøy,2,2014,4847,4847,8857215,10,Aldra,-0.0005070726235586495,4196,0.2422655406514571,50
7,Onøy og Lurøy,2,2014,367,367,8L52595,5,Hestmannøy,-0.00050807202712334,4197,0.2422655406514571,50
7,Onøy og Lurøy,2,2014,3393,3393,8N87053,5,Hestmannøy,-0.00051015025042671,4198,0.2422655406514571,50
7,Onøy og Lurøy,2,2014,897,897,8M71201,6,Indre Kvarøy,-0.0005109294728057785,4199,0.2422655406514571,50
7,Onøy og Lurøy,2,2014,1932,1932,8N13630,14,Southern 4,-0.0005109669072926111,4200,0.2422655406514571,50
7,Onøy og Lurøy,2,2014,4374,4374,8730442,5,Hestmannøy,-0.0005110525668098261,4201,0.2422655406514571,50
7,Onøy og Lurøy,2,2014,5255,5255,8943168,6,Indre Kvarøy,-0.0005114619132702238,4202,0.2422655406514571,50
7,Onøy og Lurøy,2,2014,258,258,8L48780,11,Southern 1,-0.0005132139658916186,4203,0.2422655406514571,50
7,Onøy og Lurøy,2,2014,2335,2335,8N14954,10,Aldra,-0.0005133973152631389,4204,0.2422655406514571,50
7,Onøy og Lurøy,2,2014,2796,2796,8N72257,2,Træna,-0.0005135273687874339,4205,0.2422655406514571,50
7,Onøy og Lurøy,2,2014,5091,5091,8934547,5,Hestmannøy,-0.0005137604352199552,4206,0.2422655406514571,50
7,Onøy og Lurøy,2,2014,3090,3090,8N73441,11,Southern 1,-0.0005143688807654774,4207,0.2422655406514571,50
7,Onøy og Lurøy,2,2014,4311,4311,8681181,5,Hestmannøy,-0.0005144060156284181,4208,0.2422655406514571,50
7,Onøy og Lurøy,2,2014,3770,3770,8N87999,13,Southern 3,-0.0005144867058249066,4209,0.2422655406514571,50
7,Onøy og Lurøy,2,2014,3031,3031,8N73233,12,Southern 2,-0.0005146393045406284,4210,0.2422655406514571,50
7,Onøy og Lurøy,2,2014,5241,5241,8943103,10,Aldra,-0.0005148375497596464,4211,0.2422655406514571,50
7,Onøy og Lurøy,2,2014,2642,2642,8N42063,9,Sleneset,-0.0005149360755177549,4212,0.2422655406514571,50
7,Onøy og Lurøy,2,2014,2756,2756,8N42795,4,Gjerøy,-0.0005151602051760827,4213,0.2422655406514571,50
7,Onøy og Lurøy,2,2014,2311,2311,8N14801,2,Træna,-0.0005155295539029831,4214,0.2422655406514571,50
7,Onøy og Lurøy,2,2014,1781,1781,8N06841,11,Southern 1,-0.0005163209242570514,4215,0.2422655406514571,50
7,Onøy og Lurøy,2,2014,809,809,8M31785,11,Southern 1,-0.0005164490240337229,4216,0.2422655406514571,50
7,Onøy og Lurøy,2,2014,1404,1404,8N05284,13,Southern 3,-0.0005178654682096978,4217,0.2422655406514571,50
7,Onøy og Lurøy,2,2014,611,611,8M31789,11,Southern 1,-0.0005187258629209998,4218,0.2422655406514571,50
7,Onøy og Lurøy,2,2014,2744,2744,8N42732,4,Gjerøy,-0.0005191324848038131,4219,0.2422655406514571,50
7,Onøy og Lurøy,2,2014,237,237,8L48695,6,Indre Kvarøy,-0.000519608378105519,4220,0.2422655406514571,50
7,Onøy og Lurøy,2,2014,1706,1706,8N06510,4,Gjerøy,-0.0005199728151741202,4221,0.2422655406514571,50
7,Onøy og Lurøy,2,2014,3645,3645,8N87864,14,Southern 4,-0.0005200535676161957,4222,0.2422655406514571,50
7,Onøy og Lurøy,2,2014,4491,4491,8732681,4,Gjerøy,-0.000520353817817992,4223,0.2422655406514571,50
7,Onøy og Lurøy,2,2014,3956,3956,8P14736,2,Træna,-0.0005208747354952169,4224,0.2422655406514571,50
7,Onøy og Lurøy,2,2014,617,617,8L89622,4,Gjerøy,-0.0005220920212856927,4225,0.2422655406514571,50
7,Onøy og Lurøy,2,2014,301,301,8L52327,12,Southern 2,-0.0005225111990374979,4226,0.2422655406514571,50
7,Onøy og Lurøy,2,2014,2160,2160,8N14544,11,Southern 1,-0.0005226699600710356,4227,0.2422655406514571,50
7,Onøy og Lurøy,2,2014,592,592,8L89487,11,Southern 1,-0.0005247945371753067,4228,0.2422655406514571,50
7,Onøy og Lurøy,2,2014,2919,2919,8N72920,13,Southern 3,-0.0005260729374418507,4229,0.2422655406514571,50
7,Onøy og Lurøy,2,2014,2017,2017,8N13863,15,Southern 5,-0.0005261519653438043,4230,0.2422655406514571,50
7,Onøy og Lurøy,2,2014,596,596,8L89508,5,Hestmannøy,-0.0005263977885016474,4231,0.2422655406514571,50
7,Onøy og Lurøy,2,2014,2959,2959,8N72962,13,Southern 3,-0.0005270863349154383,4232,0.2422655406514571,50
7,Onøy og Lurøy,2,2014,4871,4871,8857285,10,Aldra,-0.0005308035681272752,4233,0.2422655406514571,50
7,Onøy og Lurøy,2,2014,5185,5185,8939603,5,Hestmannøy,-0.0005309572530547099,4234,0.2422655406514571,50
7,Onøy og Lurøy,2,2014,1271,1271,8N05149,12,Southern 2,-0.0005325378830484253,4235,0.2422655406514571,50
7,Onøy og Lurøy,2,2014,4589,4589,8747573,9,Sleneset,-0.0005326982668290811,4236,0.2422655406514571,50
7,Onøy og Lurøy,2,2014,3596,3596,8N87813,14,Southern 4,-0.0005338529859359485,4237,0.2422655406514571,50
7,Onøy og Lurøy,2,2014,4185,4185,8573606,5,Hestmannøy,-0.0005340212613765338,4238,0.2422655406514571,50
7,Onøy og Lurøy,2,2014,1914,1914,8N13604,14,Southern 4,-0.0005344602038248856,4239,0.2422655406514571,50
7,Onøy og Lurøy,2,2014,699,699,8M31224,11,Southern 1,-0.0005345845103436981,4240,0.2422655406514571,50
7,Onøy og Lurøy,2,2014,4172,4172,8537699,0,Nesøy,-0.000536946496495915,4241,0.2422655406514571,50
7,Onøy og Lurøy,2,2014,3902,3902,8P14173,1,Myken,-0.0005374977438686942,4242,0.2422655406514571,50
7,Onøy og Lurøy,2,2014,3927,3927,8N14343,15,Southern 5,-0.0005399166227811653,4243,0.2422655406514571,50
7,Onøy og Lurøy,2,2014,3799,3799,8P11524,15,Southern 5,-0.0005403274832529678,4244,0.2422655406514571,50
7,Onøy og Lurøy,2,2014,937,937,8M71307,6,Indre Kvarøy,-0.0005403761536930627,4245,0.2422655406514571,50
7,Onøy og Lurøy,2,2014,3009,3009,8N73211,12,Southern 2,-0.0005404744906423162,4246,0.2422655406514571,50
7,Onøy og Lurøy,2,2014,1495,1495,8N05640,14,Southern 4,-0.0005415775047939551,4247,0.2422655406514571,50
7,Onøy og Lurøy,2,2014,5379,5379,8981604,10,Aldra,-0.0005422747786386811,4248,0.2422655406514571,50
7,Onøy og Lurøy,2,2014,4678,4678,8794339,9,Sleneset,-0.0005427768728444305,4249,0.2422655406514571,50
7,Onøy og Lurøy,2,2014,2655,2655,8N42191,2,Træna,-0.0005451718755122328,4250,0.2422655406514571,50
7,Onøy og Lurøy,2,2014,5106,5106,8934880,8,Lovund,-0.0005460593397059039,4251,0.2422655406514571,50
7,Onøy og Lurøy,2,2014,467,467,8L64298,9,Sleneset,-0.0005461541607191789,4252,0.2422655406514571,50
7,Onøy og Lurøy,2,2014,2774,2774,8N42989,14,Southern 4,-0.00054622496728881,4253,0.2422655406514571,50
7,Onøy og Lurøy,2,2014,3093,3093,8N73444,11,Southern 1,-0.0005464207740393994,4254,0.2422655406514571,50
7,Onøy og Lurøy,2,2014,2637,2637,8N28947,9,Sleneset,-0.0005467868247481371,4255,0.2422655406514571,50
7,Onøy og Lurøy,2,2014,1414,1414,8N05295,13,Southern 3,-0.0005476885006917821,4256,0.2422655406514571,50
7,Onøy og Lurøy,2,2014,4414,4414,8730902,6,Indre Kvarøy,-0.0005481469017492087,4257,0.2422655406514571,50
7,Onøy og Lurøy,2,2014,181,181,8L48311,5,Hestmannøy,-0.0005484511036722885,4258,0.2422655406514571,50
7,Onøy og Lurøy,2,2014,159,159,8L30819,3,Selvær,-0.0005503157827392323,4259,0.2422655406514571,50
7,Onøy og Lurøy,2,2014,632,632,8L89664,0,Nesøy,-0.0005516374128511968,4260,0.2422655406514571,50
7,Onøy og Lurøy,2,2014,775,775,8M31591,5,Hestmannøy,-0.0005519662022613509,4261,0.2422655406514571,50
7,Onøy og Lurøy,2,2014,4725,4725,8800170,10,Aldra,-0.0005534115277121243,4262,0.2422655406514571,50
7,Onøy og Lurøy,2,2014,4363,4363,8681485,2,Træna,-0.0005536606722416664,4263,0.2422655406514571,50
7,Onøy og Lurøy,2,2014,110,110,8L30500,2,Træna,-0.0005536751309127951,4264,0.2422655406514571,50
7,Onøy og Lurøy,2,2014,564,564,8L89372,5,Hestmannøy,-0.0005542120268564993,4265,0.2422655406514571,50
7,Onøy og Lurøy,2,2014,1351,1351,8N05230,12,Southern 2,-0.0005544994395225247,4266,0.2422655406514571,50
7,Onøy og Lurøy,2,2014,4384,4384,8730459,8,Lovund,-0.0005546431315146775,4267,0.2422655406514571,50
7,Onøy og Lurøy,2,2014,554,554,8L89335,6,Indre Kvarøy,-0.0005558988161301646,4268,0.2422655406514571,50
7,Onøy og Lurøy,2,2014,3794,3794,8P11519,14,Southern 4,-0.0005566862641735615,4269,0.2422655406514571,50
7,Onøy og Lurøy,2,2014,1584,1584,8N05851,0,Nesøy,-0.0005567656078979245,4270,0.2422655406514571,50
7,Onøy og Lurøy,2,2014,4917,4917,8887220,4,Gjerøy,-0.0005572981534611762,4271,0.2422655406514571,50
7,Onøy og Lurøy,2,2014,527,527,8L89197,12,Southern 2,-0.00055744934031291,4272,0.2422655406514571,50
7,Onøy og Lurøy,2,2014,2285,2285,8N14673,13,Southern 3,-0.0005577393536922951,4273,0.2422655406514571,50
7,Onøy og Lurøy,2,2014,5329,5329,8981196,12,Southern 2,-0.0005578100910276182,4274,0.2422655406514571,50
7,Onøy og Lurøy,2,2014,3912,3912,8P14278,4,Gjerøy,-0.0005601329683843656,4275,0.2422655406514571,50
7,Onøy og Lurøy,2,2014,1513,1513,8N05658,13,Southern 3,-0.0005606494639512277,4276,0.2422655406514571,50
7,Onøy og Lurøy,2,2014,1286,1286,8N05164,12,Southern 2,-0.0005614149020230422,4277,0.2422655406514571,50
7,Onøy og Lurøy,2,2014,4660,4660,8747940,4,Gjerøy,-0.0005629113243255665,4278,0.2422655406514571,50
7,Onøy og Lurøy,2,2014,895,895,8L64503,12,Southern 2,-0.0005651109332545551,4279,0.2422655406514571,50
7,Onøy og Lurøy,2,2014,3852,3852,8P11579,5,Hestmannøy,-0.0005661150622186749,4280,0.2422655406514571,50
7,Onøy og Lurøy,2,2014,4763,4763,8800439,4,Gjerøy,-0.0005681094302969242,4281,0.2422655406514571,50
7,Onøy og Lurøy,2,2014,654,654,8L89742,5,Hestmannøy,-0.0005686752221858701,4282,0.2422655406514571,50
7,Onøy og Lurøy,2,2014,519,519,8L64996,10,Aldra,-0.0005692044452190515,4283,0.2422655406514571,50
7,Onøy og Lurøy,2,2014,1331,1331,8N05210,12,Southern 2,-0.0005705258516639449,4284,0.2422655406514571,50
7,Onøy og Lurøy,2,2014,4897,4897,8866773,10,Aldra,-0.0005707973907805077,4285,0.2422655406514571,50
7,Onøy og Lurøy,2,2014,4695,4695,8800031,5,Hestmannøy,-0.0005714132762115461,4286,0.2422655406514571,50
7,Onøy og Lurøy,2,2014,1314,1314,8N05193,13,Southern 3,-0.0005717694833044891,4287,0.2422655406514571,50
7,Onøy og Lurøy,2,2014,464,464,8L64286,10,Aldra,-0.0005722422199582708,4288,0.2422655406514571,50
7,Onøy og Lurøy,2,2014,247,247,8L48755,11,Southern 1,-0.0005738726962000048,4289,0.2422655406514571,50
7,Onøy og Lurøy,2,2014,1469,1469,8N05607,14,Southern 4,-0.0005760239879665706,4290,0.2422655406514571,50
7,Onøy og Lurøy,2,2014,641,641,8L89713,4,Gjerøy,-0.0005785555003788138,4291,0.2422655406514571,50
7,Onøy og Lurøy,2,2014,661,661,8M31247,12,Southern 2,-0.0005811535820207491,4292,0.2422655406514571,50
7,Onøy og Lurøy,2,2014,1852,1852,8N06999,6,Indre Kvarøy,-0.0005847266603064643,4293,0.2422655406514571,50
7,Onøy og Lurøy,2,2014,3648,3648,8N87867,13,Southern 3,-0.0005849004520077694,4294,0.2422655406514571,50
7,Onøy og Lurøy,2,2014,2752,2752,8N42786,5,Hestmannøy,-0.0005853782527607419,4295,0.2422655406514571,50
7,Onøy og Lurøy,2,2014,2987,2987,8N73183,15,Southern 5,-0.0005872792100894514,4296,0.2422655406514571,50
7,Onøy og Lurøy,2,2014,829,829,8M31863,6,Indre Kvarøy,-0.0005873767407198934,4297,0.2422655406514571,50
7,Onøy og Lurøy,2,2014,3803,3803,8P11528,15,Southern 5,-0.0005878141932030801,4298,0.2422655406514571,50
7,Onøy og Lurøy,2,2014,3723,3723,8N87944,13,Southern 3,-0.0005899719487095871,4299,0.2422655406514571,50
7,Onøy og Lurøy,2,2014,1169,1169,8M72848,6,Indre Kvarøy,-0.0005903850754759645,4300,0.2422655406514571,50
7,Onøy og Lurøy,2,2014,3775,3775,8P11064,2,Træna,-0.0005906443001205106,4301,0.2422655406514571,50
7,Onøy og Lurøy,2,2014,4551,4551,8747308,8,Lovund,-0.0005945803553796656,4302,0.2422655406514571,50
7,Onøy og Lurøy,2,2014,5404,5404,8981792,6,Indre Kvarøy,-0.0005947486124455858,4303,0.2422655406514571,50
7,Onøy og Lurøy,2,2014,2821,2821,8N72472,9,Sleneset,-0.0005952667340902376,4304,0.2422655406514571,50
7,Onøy og Lurøy,2,2014,493,493,8L64824,2,Træna,-0.0005960245341144682,4305,0.2422655406514571,50
7,Onøy og Lurøy,2,2014,2556,2556,8N28554,2,Træna,-0.0005982267724056049,4306,0.2422655406514571,50
7,Onøy og Lurøy,2,2014,4932,4932,8887278,5,Hestmannøy,-0.0005987677010953355,4307,0.2422655406514571,50
7,Onøy og Lurøy,2,2014,1825,1825,8N06887,14,Southern 4,-0.0005987688792253135,4308,0.2422655406514571,50
7,Onøy og Lurøy,2,2014,787,787,8M31704,4,Gjerøy,-0.0005991605847238965,4309,0.2422655406514571,50
7,Onøy og Lurøy,2,2014,5159,5159,8939431,4,Gjerøy,-0.0005999268952308471,4310,0.2422655406514571,50
7,Onøy og Lurøy,2,2014,1332,1332,8N05211,12,Southern 2,-0.0006004207551776319,4311,0.2422655406514571,50
7,Onøy og Lurøy,2,2014,5418,5418,8981857,5,Hestmannøy,-0.0006009145986616587,4312,0.2422655406514571,50
7,Onøy og Lurøy,2,2014,3748,3748,8N87969,13,Southern 3,-0.0006013362201007447,4313,0.2422655406514571,50
7,Onøy og Lurøy,2,2014,173,173,8L30920,0,Nesøy,-0.0006026126228930143,4314,0.2422655406514571,50
7,Onøy og Lurøy,2,2014,1546,1546,8N05691,15,Southern 5,-0.0006039755845450434,4315,0.2422655406514571,50
7,Onøy og Lurøy,2,2014,1201,1201,8M72957,4,Gjerøy,-0.0006045743724138162,4316,0.2422655406514571,50
7,Onøy og Lurøy,2,2014,934,934,8M71304,6,Indre Kvarøy,-0.0006057314739477008,4317,0.2422655406514571,50
7,Onøy og Lurøy,2,2014,5153,5153,8939359,5,Hestmannøy,-0.0006064850569277949,4318,0.2422655406514571,50
7,Onøy og Lurøy,2,2014,1951,1951,8N13651,14,Southern 4,-0.0006076266918832021,4319,0.2422655406514571,50
7,Onøy og Lurøy,2,2014,914,914,8M71257,5,Hestmannøy,-0.0006077269231971296,4320,0.2422655406514571,50
7,Onøy og Lurøy,2,2014,2892,2892,8N72777,0,Nesøy,-0.0006087892997830143,4321,0.2422655406514571,50
7,Onøy og Lurøy,2,2014,2878,2878,8N72697,11,Southern 1,-0.0006092031600289288,4322,0.2422655406514571,50
7,Onøy og Lurøy,2,2014,3402,3402,8N87068,5,Hestmannøy,-0.0006099257262596302,4323,0.2422655406514571,50
7,Onøy og Lurøy,2,2014,3192,3192,8N73618,13,Southern 3,-0.0006100502195853326,4324,0.2422655406514571,50
7,Onøy og Lurøy,2,2014,2375,2375,8N27087,14,Southern 4,-0.0006116066025834409,4325,0.2422655406514571,50
7,Onøy og Lurøy,2,2014,2988,2988,8N73184,15,Southern 5,-0.0006122765857873693,4326,0.2422655406514571,50
7,Onøy og Lurøy,2,2014,3576,3576,8N87732,4,Gjerøy,-0.0006127848162693295,4327,0.2422655406514571,50
7,Onøy og Lurøy,2,2014,2551,2551,8N28528,9,Sleneset,-0.0006132570779869575,4328,0.2422655406514571,50
7,Onøy og Lurøy,2,2014,2687,2687,8N42499,14,Southern 4,-0.0006151474933860067,4329,0.2422655406514571,50
7,Onøy og Lurøy,2,2014,1790,1790,8N06850,11,Southern 1,-0.0006155280551922962,4330,0.2422655406514571,50
7,Onøy og Lurøy,2,2014,407,407,8L57857,9,Sleneset,-0.0006156698528759416,4331,0.2422655406514571,50
7,Onøy og Lurøy,2,2014,5327,5327,8981185,12,Southern 2,-0.0006162233291773038,4332,0.2422655406514571,50
7,Onøy og Lurøy,2,2014,2795,2795,8N72245,3,Selvær,-0.0006198687993453456,4333,0.2422655406514571,50
7,Onøy og Lurøy,2,2014,3372,3372,8N73983,12,Southern 2,-0.0006199227189297237,4334,0.2422655406514571,50
7,Onøy og Lurøy,2,2014,5080,5080,8934475,3,Selvær,-0.0006209943139095861,4335,0.2422655406514571,50
7,Onøy og Lurøy,2,2014,4220,4220,8651664,2,Træna,-0.0006212825794550384,4336,0.2422655406514571,50
7,Onøy og Lurøy,2,2014,5275,5275,8943587,2,Træna,-0.0006219341484571367,4337,0.2422655406514571,50
7,Onøy og Lurøy,2,2014,3199,3199,8N73625,13,Southern 3,-0.0006249095657176808,4338,0.2422655406514571,50
7,Onøy og Lurøy,2,2014,3647,3647,8N87866,13,Southern 3,-0.0006290635814785772,4339,0.2422655406514571,50
7,Onøy og Lurøy,2,2014,3003,3003,8N73199,15,Southern 5,-0.0006343591212442068,4340,0.2422655406514571,50
7,Onøy og Lurøy,2,2014,2192,2192,8N14578,11,Southern 1,-0.000635468943156284,4341,0.2422655406514571,50
7,Onøy og Lurøy,2,2014,4626,4626,8747737,9,Sleneset,-0.000637016419686116,4342,0.2422655406514571,50
7,Onøy og Lurøy,2,2014,764,764,8M31546,6,Indre Kvarøy,-0.0006371585923751898,4343,0.2422655406514571,50
7,Onøy og Lurøy,2,2014,4298,4298,8681074,5,Hestmannøy,-0.0006398315095913082,4344,0.2422655406514571,50
7,Onøy og Lurøy,2,2014,653,653,8L89741,5,Hestmannøy,-0.000640540332455212,4345,0.2422655406514571,50
7,Onøy og Lurøy,2,2014,911,911,8M71253,0,Nesøy,-0.0006406465358836284,4346,0.2422655406514571,50
7,Onøy og Lurøy,2,2014,2156,2156,8N14540,11,Southern 1,-0.0006410366609769865,4347,0.2422655406514571,50
7,Onøy og Lurøy,2,2014,1218,1218,8N05032,5,Hestmannøy,-0.0006416650756652518,4348,0.2422655406514571,50
7,Onøy og Lurøy,2,2014,2332,2332,8N14951,4,Gjerøy,-0.0006417994187170461,4349,0.2422655406514571,50
7,Onøy og Lurøy,2,2014,3260,3260,8N73686,13,Southern 3,-0.0006430769758188725,4350,0.2422655406514571,50
7,Onøy og Lurøy,2,2014,2557,2557,8N28557,2,Træna,-0.0006435085408046967,4351,0.2422655406514571,50
7,Onøy og Lurøy,2,2014,330,330,8L52379,11,Southern 1,-0.0006436253961828804,4352,0.2422655406514571,50
7,Onøy og Lurøy,2,2014,3959,3959,8P14769,1,Myken,-0.0006444119760688514,4353,0.2422655406514571,50
7,Onøy og Lurøy,2,2014,4686,4686,8794375,4,Gjerøy,-0.000645866689056229,4354,0.2422655406514571,50
7,Onøy og Lurøy,2,2014,5172,5172,8939538,5,Hestmannøy,-0.0006461254439900218,4355,0.2422655406514571,50
7,Onøy og Lurøy,2,2014,1262,1262,8N05140,12,Southern 2,-0.0006469561138090133,4356,0.2422655406514571,50
7,Onøy og Lurøy,2,2014,5400,5400,8981741,4,Gjerøy,-0.0006471151701156197,4357,0.2422655406514571,50
7,Onøy og Lurøy,2,2014,1560,1560,8N05711,5,Hestmannøy,-0.0006474023855299923,4358,0.2422655406514571,50
7,Onøy og Lurøy,2,2014,4968,4968,8887429,8,Lovund,-0.0006475874028180528,4359,0.2422655406514571,50
7,Onøy og Lurøy,2,2014,4618,4618,8747705,5,Hestmannøy,-0.0006482988575350984,4360,0.2422655406514571,50
7,Onøy og Lurøy,2,2014,3288,3288,8N73831,5,Hestmannøy,-0.0006493603405092821,4361,0.2422655406514571,50
7,Onøy og Lurøy,2,2014,3136,3136,8N73488,11,Southern 1,-0.0006517705308141464,4362,0.2422655406514571,50
7,Onøy og Lurøy,2,2014,2775,2775,8N28892,5,Hestmannøy,-0.0006519396843090219,4363,0.2422655406514571,50
7,Onøy og Lurøy,2,2014,5247,5247,8943129,4,Gjerøy,-0.0006522381503738722,4364,0.2422655406514571,50
7,Onøy og Lurøy,2,2014,940,940,8M71314,5,Hestmannøy,-0.0006524465835704252,4365,0.2422655406514571,50
7,Onøy og Lurøy,2,2014,1659,1659,8N06395,4,Gjerøy,-0.0006527850768595092,4366,0.2422655406514571,50
7,Onøy og Lurøy,2,2014,2015,2015,8N13861,15,Southern 5,-0.0006540823208961235,4367,0.2422655406514571,50
7,Onøy og Lurøy,2,2014,4307,4307,8681138,1,Myken,-0.0006543728567459076,4368,0.2422655406514571,50
7,Onøy og Lurøy,2,2014,2955,2955,8N72958,13,Southern 3,-0.0006548730331035549,4369,0.2422655406514571,50
7,Onøy og Lurøy,2,2014,2027,2027,8N13933,5,Hestmannøy,-0.0006560154587523043,4370,0.2422655406514571,50
7,Onøy og Lurøy,2,2014,4322,4322,8681247,3,Selvær,-0.0006571586733112103,4371,0.2422655406514571,50
7,Onøy og Lurøy,2,2014,4010,4010,8P14907,14,Southern 4,-0.0006571662273979509,4372,0.2422655406514571,50
7,Onøy og Lurøy,2,2014,2150,2150,8N14534,11,Southern 1,-0.0006573585645259753,4373,0.2422655406514571,50
7,Onøy og Lurøy,2,2014,2048,2048,8N13985,5,Hestmannøy,-0.000657670994360349,4374,0.2422655406514571,50
7,Onøy og Lurøy,2,2014,2176,2176,8N14562,11,Southern 1,-0.0006581916560401218,4375,0.2422655406514571,50
7,Onøy og Lurøy,2,2014,4308,4308,8681069,9,Sleneset,-0.0006584768460610645,4376,0.2422655406514571,50
7,Onøy og Lurøy,2,2014,3460,3460,8N87517,11,Southern 1,-0.0006595070750310529,4377,0.2422655406514571,50
7,Onøy og Lurøy,2,2014,2030,2030,8N13948,4,Gjerøy,-0.0006595149634355521,4378,0.2422655406514571,50
7,Onøy og Lurøy,2,2014,1302,1302,8N05180,13,Southern 3,-0.0006598004018499571,4379,0.2422655406514571,50
7,Onøy og Lurøy,2,2014,3326,3326,8N73937,12,Southern 2,-0.0006637121983013406,4380,0.2422655406514571,50
7,Onøy og Lurøy,2,2014,991,991,8M71486,13,Southern 3,-0.0006639425442459316,4381,0.2422655406514571,50
7,Onøy og Lurøy,2,2014,2724,2724,8N42681,5,Hestmannøy,-0.0006644356970942635,4382,0.2422655406514571,50
7,Onøy og Lurøy,2,2014,3765,3765,8N87986,13,Southern 3,-0.0006653790286778764,4383,0.2422655406514571,50
7,Onøy og Lurøy,2,2014,3295,3295,8N73906,11,Southern 1,-0.0006673604686180798,4384,0.2422655406514571,50
7,Onøy og Lurøy,2,2014,2702,2702,8N42521,5,Hestmannøy,-0.0006676293513842037,4385,0.2422655406514571,50
7,Onøy og Lurøy,2,2014,3809,3809,8P11534,15,Southern 5,-0.0006692988467684719,4386,0.2422655406514571,50
7,Onøy og Lurøy,2,2014,390,390,8L52961,6,Indre Kvarøy,-0.0006704777583134122,4387,0.2422655406514571,50
7,Onøy og Lurøy,2,2014,3580,3580,8N87759,4,Gjerøy,-0.0006713419707211268,4388,0.2422655406514571,50
7,Onøy og Lurøy,2,2014,3563,3563,8N87628,15,Southern 5,-0.000673818524962586,4389,0.2422655406514571,50
7,Onøy og Lurøy,2,2014,3806,3806,8P11531,15,Southern 5,-0.000676215100707526,4390,0.2422655406514571,50
7,Onøy og Lurøy,2,2014,4768,4768,8800469,5,Hestmannøy,-0.0006764919448391967,4391,0.2422655406514571,50
7,Onøy og Lurøy,2,2014,1531,1531,8N05676,15,Southern 5,-0.0006789184803990813,4392,0.2422655406514571,50
7,Onøy og Lurøy,2,2014,672,672,8L89896,4,Gjerøy,-0.0006790680003350269,4393,0.2422655406514571,50
7,Onøy og Lurøy,2,2014,4697,4697,8800038,5,Hestmannøy,-0.0006800414277896169,4394,0.2422655406514571,50
7,Onøy og Lurøy,2,2014,563,563,8L89371,5,Hestmannøy,-0.0006801276160454079,4395,0.2422655406514571,50
7,Onøy og Lurøy,2,2014,4056,4056,8P14996,14,Southern 4,-0.0006828360681882627,4396,0.2422655406514571,50
7,Onøy og Lurøy,2,2014,5130,5130,8939124,4,Gjerøy,-0.0006830235923748406,4397,0.2422655406514571,50
7,Onøy og Lurøy,2,2014,709,709,8M31283,10,Aldra,-0.0006831047132197202,4398,0.2422655406514571,50
7,Onøy og Lurøy,2,2014,1588,1588,8N05859,11,Southern 1,-0.0006841126541549877,4399,0.2422655406514571,50
7,Onøy og Lurøy,2,2014,1343,1343,8N05222,12,Southern 2,-0.000685013237000798,4400,0.2422655406514571,50
7,Onøy og Lurøy,2,2014,3666,3666,8N87886,13,Southern 3,-0.0006878755282776336,4401,0.2422655406514571,50
7,Onøy og Lurøy,2,2014,2950,2950,8N72953,13,Southern 3,-0.0006878930877456457,4402,0.2422655406514571,50
7,Onøy og Lurøy,2,2014,132,132,8L30753,11,Southern 1,-0.000688757015175918,4403,0.2422655406514571,50
7,Onøy og Lurøy,2,2014,1813,1813,8N06873,11,Southern 1,-0.0006905295505714806,4404,0.2422655406514571,50
7,Onøy og Lurøy,2,2014,906,906,8M71231,6,Indre Kvarøy,-0.0006912809596921025,4405,0.2422655406514571,50
7,Onøy og Lurøy,2,2014,5433,5433,8981962,2,Træna,-0.0006923606035896609,4406,0.2422655406514571,50
7,Onøy og Lurøy,2,2014,1692,1692,8N06488,12,Southern 2,-0.0006950443960283587,4407,0.2422655406514571,50
7,Onøy og Lurøy,2,2014,1553,1553,8N05704,5,Hestmannøy,-0.000696820457781796,4408,0.2422655406514571,50
7,Onøy og Lurøy,2,2014,3717,3717,8N87938,13,Southern 3,-0.000697764642529419,4409,0.2422655406514571,50
7,Onøy og Lurøy,2,2014,3708,3708,8N87929,13,Southern 3,-0.0006980572453487929,4410,0.2422655406514571,50
7,Onøy og Lurøy,2,2014,539,539,8L89269,5,Hestmannøy,-0.0006983621964864544,4411,0.2422655406514571,50
7,Onøy og Lurøy,2,2014,1938,1938,8N13636,14,Southern 4,-0.0006985644883506321,4412,0.2422655406514571,50
7,Onøy og Lurøy,2,2014,5050,5050,8934338,10,Aldra,-0.0006987187195492619,4413,0.2422655406514571,50
7,Onøy og Lurøy,2,2014,4596,4596,8747603,4,Gjerøy,-0.0006994701542770829,4414,0.2422655406514571,50
7,Onøy og Lurøy,2,2014,5011,5011,8917967,8,Lovund,-0.0006994989656617201,4415,0.2422655406514571,50
7,Onøy og Lurøy,2,2014,867,867,8M71074,4,Gjerøy,-0.0007000383729973893,4416,0.2422655406514571,50
7,Onøy og Lurøy,2,2014,331,331,8L52381,11,Southern 1,-0.0007020696312719303,4417,0.2422655406514571,50
7,Onøy og Lurøy,2,2014,2110,2110,8N14295,15,Southern 5,-0.0007026923438058532,4418,0.2422655406514571,50
7,Onøy og Lurøy,2,2014,1258,1258,8N05136,12,Southern 2,-0.0007041483718642869,4419,0.2422655406514571,50
7,Onøy og Lurøy,2,2014,3449,3449,8N87363,0,Nesøy,-0.0007055049676505834,4420,0.2422655406514571,50
7,Onøy og Lurøy,2,2014,949,949,8L64441,13,Southern 3,-0.0007055937416605125,4421,0.2422655406514571,50
7,Onøy og Lurøy,2,2014,3720,3720,8N87941,13,Southern 3,-0.0007064453998392429,4422,0.2422655406514571,50
7,Onøy og Lurøy,2,2014,1296,1296,8N05174,12,Southern 2,-0.0007071023892807873,4423,0.2422655406514571,50
7,Onøy og Lurøy,2,2014,4579,4579,8747548,10,Aldra,-0.0007079367351258861,4424,0.2422655406514571,50
7,Onøy og Lurøy,2,2014,1152,1152,8M72722,5,Hestmannøy,-0.0007079429988467744,4425,0.2422655406514571,50
7,Onøy og Lurøy,2,2014,1283,1283,8M72694,14,Southern 4,-0.0007087381989504982,4426,0.2422655406514571,50
7,Onøy og Lurøy,2,2014,4683,4683,8794353,1,Myken,-0.0007092667965685057,4427,0.2422655406514571,50
7,Onøy og Lurøy,2,2014,4094,4094,8118426,6,Indre Kvarøy,-0.0007101500817262195,4428,0.2422655406514571,50
7,Onøy og Lurøy,2,2014,3606,3606,8N87823,14,Southern 4,-0.0007112181535689772,4429,0.2422655406514571,50
7,Onøy og Lurøy,2,2014,5271,5271,8943496,3,Selvær,-0.0007116547207298493,4430,0.2422655406514571,50
7,Onøy og Lurøy,2,2014,4578,4578,8747544,10,Aldra,-0.0007145583359640046,4431,0.2422655406514571,50
7,Onøy og Lurøy,2,2014,607,607,8L89537,5,Hestmannøy,-0.0007155590342287677,4432,0.2422655406514571,50
7,Onøy og Lurøy,2,2014,3858,3858,8P11635,2,Træna,-0.0007174617451271515,4433,0.2422655406514571,50
7,Onøy og Lurøy,2,2014,4776,4776,8800495,10,Aldra,-0.0007206754926511548,4434,0.2422655406514571,50
7,Onøy og Lurøy,2,2014,2523,2523,8N28224,8,Lovund,-0.0007207665796029025,4435,0.2422655406514571,50
7,Onøy og Lurøy,2,2014,854,854,8M31953,4,Gjerøy,-0.0007255537974935928,4436,0.2422655406514571,50
7,Onøy og Lurøy,2,2014,2936,2936,8N72938,13,Southern 3,-0.000726031665672823,4437,0.2422655406514571,50
7,Onøy og Lurøy,2,2014,1311,1311,8N05190,13,Southern 3,-0.0007272500331828311,4438,0.2422655406514571,50
7,Onøy og Lurøy,2,2014,2419,2419,8N27348,8,Lovund,-0.0007288145945972637,4439,0.2422655406514571,50
7,Onøy og Lurøy,2,2014,1242,1242,8N05120,14,Southern 4,-0.0007299477770890925,4440,0.2422655406514571,50
7,Onøy og Lurøy,2,2014,5387,5387,8981702,0,Nesøy,-0.0007307728978653926,4441,0.2422655406514571,50
7,Onøy og Lurøy,2,2014,302,302,8L52328,12,Southern 2,-0.0007322707543843742,4442,0.2422655406514571,50
7,Onøy og Lurøy,2,2014,4058,4058,8P14993,14,Southern 4,-0.0007327134793733387,4443,0.2422655406514571,50
7,Onøy og Lurøy,2,2014,294,294,8L52308,5,Hestmannøy,-0.0007335795419810435,4444,0.2422655406514571,50
7,Onøy og Lurøy,2,2014,5377,5377,8981582,2,Træna,-0.0007356343002567278,4445,0.2422655406514571,50
7,Onøy og Lurøy,2,2014,2247,2247,8N14633,13,Southern 3,-0.0007357582140742711,4446,0.2422655406514571,50
7,Onøy og Lurøy,2,2014,875,875,8M71092,5,Hestmannøy,-0.0007362095205045714,4447,0.2422655406514571,50
7,Onøy og Lurøy,2,2014,2129,2129,8N14445,4,Gjerøy,-0.0007386475978225327,4448,0.2422655406514571,50
7,Onøy og Lurøy,2,2014,1943,1943,8N13643,14,Southern 4,-0.0007386563512031544,4449,0.2422655406514571,50
7,Onøy og Lurøy,2,2014,3109,3109,8N73460,11,Southern 1,-0.0007393260176389429,4450,0.2422655406514571,50
7,Onøy og Lurøy,2,2014,5270,5270,8943486,5,Hestmannøy,-0.000743034281594456,4451,0.2422655406514571,50
7,Onøy og Lurøy,2,2014,18,18,8L19722,6,Indre Kvarøy,-0.0007437184215001897,4452,0.2422655406514571,50
7,Onøy og Lurøy,2,2014,765,765,8M31547,5,Hestmannøy,-0.0007446118734056312,4453,0.2422655406514571,50
7,Onøy og Lurøy,2,2014,2583,2583,8N28754,5,Hestmannøy,-0.0007454757261065614,4454,0.2422655406514571,50
7,Onøy og Lurøy,2,2014,4533,4533,8747258,6,Indre Kvarøy,-0.0007461100138371717,4455,0.2422655406514571,50
7,Onøy og Lurøy,2,2014,2273,2273,8N14661,13,Southern 3,-0.0007478952566776551,4456,0.2422655406514571,50
7,Onøy og Lurøy,2,2014,1182,1182,8M72892,0,Nesøy,-0.0007495154886434765,4457,0.2422655406514571,50
7,Onøy og Lurøy,2,2014,3943,3943,8P14675,8,Lovund,-0.0007500008107779276,4458,0.2422655406514571,50
7,Onøy og Lurøy,2,2014,4346,4346,8681414,5,Hestmannøy,-0.0007502067660272795,4459,0.2422655406514571,50
7,Onøy og Lurøy,2,2014,100,100,8L30446,4,Gjerøy,-0.0007511657563553618,4460,0.2422655406514571,50
7,Onøy og Lurøy,2,2014,1328,1328,8N05207,12,Southern 2,-0.0007525129360991345,4461,0.2422655406514571,50
7,Onøy og Lurøy,2,2014,4375,4375,8730443,5,Hestmannøy,-0.0007546590894850049,4462,0.2422655406514571,50
7,Onøy og Lurøy,2,2014,5174,5174,8939542,6,Indre Kvarøy,-0.0007552692785549546,4463,0.2422655406514571,50
7,Onøy og Lurøy,2,2014,4235,4235,8651790,2,Træna,-0.0007568184675424208,4464,0.2422655406514571,50
7,Onøy og Lurøy,2,2014,1861,1861,8N13105,14,Southern 4,-0.0007577476609473402,4465,0.2422655406514571,50
7,Onøy og Lurøy,2,2014,1574,1574,8N05796,10,Aldra,-0.0007580711034000924,4466,0.2422655406514571,50
7,Onøy og Lurøy,2,2014,986,986,8M71463,13,Southern 3,-0.0007611292726941726,4467,0.2422655406514571,50
7,Onøy og Lurøy,2,2014,439,439,8L64144,8,Lovund,-0.0007620455746434221,4468,0.2422655406514571,50
7,Onøy og Lurøy,2,2014,1891,1891,8N13490,8,Lovund,-0.0007627851266585803,4469,0.2422655406514571,50
7,Onøy og Lurøy,2,2014,2073,2073,8N14109,6,Indre Kvarøy,-0.0007635727207294682,4470,0.2422655406514571,50
7,Onøy og Lurøy,2,2014,2,2,8L19540,3,Selvær,-0.0007647252949855312,4471,0.2422655406514571,50
7,Onøy og Lurøy,2,2014,1979,1979,8N13680,13,Southern 3,-0.0007649944031386642,4472,0.2422655406514571,50
7,Onøy og Lurøy,2,2014,694,694,8M31212,11,Southern 1,-0.0007656128670938883,4473,0.2422655406514571,50
7,Onøy og Lurøy,2,2014,603,603,8L89519,5,Hestmannøy,-0.0007678951258337305,4474,0.2422655406514571,50
7,Onøy og Lurøy,2,2014,3722,3722,8N87943,13,Southern 3,-0.0007699444696377542,4475,0.2422655406514571,50
7,Onøy og Lurøy,2,2014,1971,1971,8N13672,13,Southern 3,-0.0007728631958723216,4476,0.2422655406514571,50
7,Onøy og Lurøy,2,2014,838,838,8L89118,13,Southern 3,-0.0007739633459837718,4477,0.2422655406514571,50
7,Onøy og Lurøy,2,2014,476,476,8M71332,12,Southern 2,-0.0007741364930570818,4478,0.2422655406514571,50
7,Onøy og Lurøy,2,2014,437,437,8L64134,5,Hestmannøy,-0.0007741771275110833,4479,0.2422655406514571,50
7,Onøy og Lurøy,2,2014,1183,1183,8M72893,0,Nesøy,-0.0007767520675666458,4480,0.2422655406514571,50
7,Onøy og Lurøy,2,2014,5234,5234,8943053,9,Sleneset,-0.0007775740726568604,4481,0.2422655406514571,50
7,Onøy og Lurøy,2,2014,1841,1841,8N06922,5,Hestmannøy,-0.000778241356204087,4482,0.2422655406514571,50
7,Onøy og Lurøy,2,2014,3456,3456,8N87513,11,Southern 1,-0.0007830099268830567,4483,0.2422655406514571,50
7,Onøy og Lurøy,2,2014,4362,4362,8681479,3,Selvær,-0.0007853006738367885,4484,0.2422655406514571,50
7,Onøy og Lurøy,2,2014,3189,3189,8N73615,14,Southern 4,-0.0007860051254160048,4485,0.2422655406514571,50
7,Onøy og Lurøy,2,2014,1785,1785,8N06845,11,Southern 1,-0.0007864837219894014,4486,0.2422655406514571,50
7,Onøy og Lurøy,2,2014,2306,2306,8N14718,3,Selvær,-0.0007868713819879909,4487,0.2422655406514571,50
7,Onøy og Lurøy,2,2014,4773,4773,8800488,10,Aldra,-0.00078723060172447,4488,0.2422655406514571,50
7,Onøy og Lurøy,2,2014,3561,3561,8N87626,15,Southern 5,-0.0007903776965165696,4489,0.2422655406514571,50
7,Onøy og Lurøy,2,2014,2417,2417,8N27343,4,Gjerøy,-0.000791938631519446,4490,0.2422655406514571,50
7,Onøy og Lurøy,2,2014,2157,2157,8N14541,11,Southern 1,-0.0007929679301347886,4491,0.2422655406514571,50
7,Onøy og Lurøy,2,2014,4223,4223,8651701,5,Hestmannøy,-0.0007947398596346325,4492,0.2422655406514571,50
7,Onøy og Lurøy,2,2014,4444,4444,8732255,10,Aldra,-0.000794864078930772,4493,0.2422655406514571,50
7,Onøy og Lurøy,2,2014,2751,2751,8N42783,5,Hestmannøy,-0.0007976275800967534,4494,0.2422655406514571,50
7,Onøy og Lurøy,2,2014,1394,1394,8N05274,13,Southern 3,-0.0007995504872153364,4495,0.2422655406514571,50
7,Onøy og Lurøy,2,2014,4941,4941,8887335,4,Gjerøy,-0.0007997867723367208,4496,0.2422655406514571,50
7,Onøy og Lurøy,2,2014,69,69,8L26586,5,Hestmannøy,-0.0008015451361518956,4497,0.2422655406514571,50
7,Onøy og Lurøy,2,2014,5266,5266,8943474,3,Selvær,-0.0008029172375621265,4498,0.2422655406514571,50
7,Onøy og Lurøy,2,2014,2126,2126,8N14437,5,Hestmannøy,-0.0008037877159408942,4499,0.2422655406514571,50
7,Onøy og Lurøy,2,2014,1476,1476,8N05614,14,Southern 4,-0.0008051122810601581,4500,0.2422655406514571,50
7,Onøy og Lurøy,2,2014,3533,3533,8N87591,11,Southern 1,-0.0008056594907954401,4501,0.2422655406514571,50
7,Onøy og Lurøy,2,2014,1280,1280,8N05159,12,Southern 2,-0.0008068729536110554,4502,0.2422655406514571,50
7,Onøy og Lurøy,2,2014,669,669,8L89845,5,Hestmannøy,-0.0008081290351863807,4503,0.2422655406514571,50
7,Onøy og Lurøy,2,2014,1863,1863,8N05699,15,Southern 5,-0.0008087231357525318,4504,0.2422655406514571,50
7,Onøy og Lurøy,2,2014,5432,5432,8981956,3,Selvær,-0.0008089334806534653,4505,0.2422655406514571,50
7,Onøy og Lurøy,2,2014,714,714,8M31293,5,Hestmannøy,-0.0008096855614235232,4506,0.2422655406514571,50
7,Onøy og Lurøy,2,2014,3397,3397,8N87058,5,Hestmannøy,-0.0008102012094705571,4507,0.2422655406514571,50
7,Onøy og Lurøy,2,2014,1857,1857,8N13090,14,Southern 4,-0.0008123536197535786,4508,0.2422655406514571,50
7,Onøy og Lurøy,2,2014,3536,3536,8N87594,11,Southern 1,-0.0008128644829439689,4509,0.2422655406514571,50
7,Onøy og Lurøy,2,2014,5308,5308,8981029,0,Nesøy,-0.0008135219470551415,4510,0.2422655406514571,50
7,Onøy og Lurøy,2,2014,1804,1804,8N06864,11,Southern 1,-0.0008149120822802209,4511,0.2422655406514571,50
7,Onøy og Lurøy,2,2014,4841,4841,8816957,4,Gjerøy,-0.0008183769609473619,4512,0.2422655406514571,50
7,Onøy og Lurøy,2,2014,119,119,8L30634,12,Southern 2,-0.000818603975263272,4513,0.2422655406514571,50
7,Onøy og Lurøy,2,2014,4112,4112,8168644,5,Hestmannøy,-0.0008190448579365675,4514,0.2422655406514571,50
7,Onøy og Lurøy,2,2014,1195,1195,8M72934,5,Hestmannøy,-0.0008197459965057015,4515,0.2422655406514571,50
7,Onøy og Lurøy,2,2014,1046,1046,8M72036,3,Selvær,-0.0008222159874894982,4516,0.2422655406514571,50
7,Onøy og Lurøy,2,2014,910,910,8M71250,4,Gjerøy,-0.0008245077644146157,4517,0.2422655406514571,50
7,Onøy og Lurøy,2,2014,4390,4390,8730493,4,Gjerøy,-0.0008245972460870405,4518,0.2422655406514571,50
7,Onøy og Lurøy,2,2014,4227,4227,8651743,5,Hestmannøy,-0.0008249722630003484,4519,0.2422655406514571,50
7,Onøy og Lurøy,2,2014,2393,2393,8N27199,14,Southern 4,-0.0008297965006566588,4520,0.2422655406514571,50
7,Onøy og Lurøy,2,2014,5112,5112,8939020,12,Southern 2,-0.0008344433809025087,4521,0.2422655406514571,50
7,Onøy og Lurøy,2,2014,751,751,8M31497,4,Gjerøy,-0.0008352323389215776,4522,0.2422655406514571,50
7,Onøy og Lurøy,2,2014,2114,2114,8N14299,15,Southern 5,-0.0008360697013987552,4523,0.2422655406514571,50
7,Onøy og Lurøy,2,2014,4043,4043,8P14980,14,Southern 4,-0.0008393982665157991,4524,0.2422655406514571,50
7,Onøy og Lurøy,2,2014,4513,4513,8747117,6,Indre Kvarøy,-0.0008396100331344605,4525,0.2422655406514571,50
7,Onøy og Lurøy,2,2014,1585,1585,8N05856,11,Southern 1,-0.0008398778420188479,4526,0.2422655406514571,50
7,Onøy og Lurøy,2,2014,1633,1633,8N06020,3,Selvær,-0.000840007886209192,4527,0.2422655406514571,50
7,Onøy og Lurøy,2,2014,2558,2558,8N28578,9,Sleneset,-0.000840744144728393,4528,0.2422655406514571,50
7,Onøy og Lurøy,2,2014,796,796,8M31756,6,Indre Kvarøy,-0.0008419992026072073,4529,0.2422655406514571,50
7,Onøy og Lurøy,2,2014,4885,4885,8857767,5,Hestmannøy,-0.0008428666181001915,4530,0.2422655406514571,50
7,Onøy og Lurøy,2,2014,5204,5204,8939762,5,Hestmannøy,-0.0008431381143104719,4531,0.2422655406514571,50
7,Onøy og Lurøy,2,2014,236,236,8L48694,6,Indre Kvarøy,-0.0008444543914155858,4532,0.2422655406514571,50
7,Onøy og Lurøy,2,2014,3633,3633,8N87852,14,Southern 4,-0.0008463132718667081,4533,0.2422655406514571,50
7,Onøy og Lurøy,2,2014,3918,3918,8P14329,14,Southern 4,-0.0008465383039679772,4534,0.2422655406514571,50
7,Onøy og Lurøy,2,2014,5398,5398,8981733,5,Hestmannøy,-0.000848094133293863,4535,0.2422655406514571,50
7,Onøy og Lurøy,2,2014,4331,4331,8681268,5,Hestmannøy,-0.000848198087727312,4536,0.2422655406514571,50
7,Onøy og Lurøy,2,2014,2211,2211,8N14597,11,Southern 1,-0.0008501780246350297,4537,0.2422655406514571,50
7,Onøy og Lurøy,2,2014,852,852,8M31941,5,Hestmannøy,-0.000852377803740249,4538,0.2422655406514571,50
7,Onøy og Lurøy,2,2014,1719,1719,8N06672,14,Southern 4,-0.0008530955311262311,4539,0.2422655406514571,50
7,Onøy og Lurøy,2,2014,1021,1021,8M71705,8,Lovund,-0.0008537127007658612,4540,0.2422655406514571,50
7,Onøy og Lurøy,2,2014,3790,3790,8P11471,2,Træna,-0.0008568436035037316,4541,0.2422655406514571,50
7,Onøy og Lurøy,2,2014,1621,1621,8N05900,11,Southern 1,-0.0008579826572793056,4542,0.2422655406514571,50
7,Onøy og Lurøy,2,2014,5001,5001,8917940,8,Lovund,-0.000858368701915858,4543,0.2422655406514571,50
7,Onøy og Lurøy,2,2014,2512,2512,8N28091,2,Træna,-0.0008589121488416476,4544,0.2422655406514571,50
7,Onøy og Lurøy,2,2014,3727,3727,8N87948,13,Southern 3,-0.0008589141699015032,4545,0.2422655406514571,50
7,Onøy og Lurøy,2,2014,3848,3848,8P11574,14,Southern 4,-0.0008632839455814871,4546,0.2422655406514571,50
7,Onøy og Lurøy,2,2014,3102,3102,8N73453,11,Southern 1,-0.0008639776669878747,4547,0.2422655406514571,50
7,Onøy og Lurøy,2,2014,4032,4032,8P14968,14,Southern 4,-0.0008651448029234324,4548,0.2422655406514571,50
7,Onøy og Lurøy,2,2014,259,259,8L48781,11,Southern 1,-0.0008676350417647483,4549,0.2422655406514571,50
7,Onøy og Lurøy,2,2014,3907,3907,8P14221,5,Hestmannøy,-0.0008681492401204088,4550,0.2422655406514571,50
7,Onøy og Lurøy,2,2014,2982,2982,8N73094,5,Hestmannøy,-0.0008710420596640915,4551,0.2422655406514571,50
7,Onøy og Lurøy,2,2014,4299,4299,8681075,5,Hestmannøy,-0.0008710495926981392,4552,0.2422655406514571,50
7,Onøy og Lurøy,2,2014,103,103,8L30459,12,Southern 2,-0.0008748677346389195,4553,0.2422655406514571,50
7,Onøy og Lurøy,2,2014,1181,1181,8M72891,0,Nesøy,-0.000876451821914049,4554,0.2422655406514571,50
7,Onøy og Lurøy,2,2014,3767,3767,8N87988,13,Southern 3,-0.0008771709401822358,4555,0.2422655406514571,50
7,Onøy og Lurøy,2,2014,3906,3906,8P14220,5,Hestmannøy,-0.0008783803769383783,4556,0.2422655406514571,50
7,Onøy og Lurøy,2,2014,805,805,8M31778,11,Southern 1,-0.0008791060531403987,4557,0.2422655406514571,50
7,Onøy og Lurøy,2,2014,1011,1011,8M71531,4,Gjerøy,-0.0008822808096894415,4558,0.2422655406514571,50
7,Onøy og Lurøy,2,2014,2633,2633,8N28925,9,Sleneset,-0.0008843485902934123,4559,0.2422655406514571,50
7,Onøy og Lurøy,2,2014,5290,5290,8943836,6,Indre Kvarøy,-0.0008858456358048176,4560,0.2422655406514571,50
7,Onøy og Lurøy,2,2014,2624,2624,8N28873,5,Hestmannøy,-0.0008888674582114876,4561,0.2422655406514571,50
7,Onøy og Lurøy,2,2014,3291,3291,8N73901,11,Southern 1,-0.0008892856345505609,4562,0.2422655406514571,50
7,Onøy og Lurøy,2,2014,3059,3059,8N73310,15,Southern 5,-0.0008929186409255555,4563,0.2422655406514571,50
7,Onøy og Lurøy,2,2014,1678,1678,8N06474,12,Southern 2,-0.0008929240045255061,4564,0.2422655406514571,50
7,Onøy og Lurøy,2,2014,1653,1653,8N06359,5,Hestmannøy,-0.0008929369836566894,4565,0.2422655406514571,50
7,Onøy og Lurøy,2,2014,1975,1975,8N13676,13,Southern 3,-0.0008933784615047198,4566,0.2422655406514571,50
7,Onøy og Lurøy,2,2014,1593,1593,8N05865,11,Southern 1,-0.0008938881828029248,4567,0.2422655406514571,50
7,Onøy og Lurøy,2,2014,4663,4663,8747955,9,Sleneset,-0.0008948139235650213,4568,0.2422655406514571,50
7,Onøy og Lurøy,2,2014,3984,3984,8P14852,14,Southern 4,-0.0008950400031509416,4569,0.2422655406514571,50
7,Onøy og Lurøy,2,2014,3614,3614,8N87831,14,Southern 4,-0.000895187535294417,4570,0.2422655406514571,50
7,Onøy og Lurøy,2,2014,5064,5064,8934402,8,Lovund,-0.0008957348148925337,4571,0.2422655406514571,50
7,Onøy og Lurøy,2,2014,2177,2177,8N14563,11,Southern 1,-0.0008971568874675853,4572,0.2422655406514571,50
7,Onøy og Lurøy,2,2014,5314,5314,8981046,12,Southern 2,-0.0008987970274247724,4573,0.2422655406514571,50
7,Onøy og Lurøy,2,2014,1745,1745,8N06698,14,Southern 4,-0.0008996867016748004,4574,0.2422655406514571,50
7,Onøy og Lurøy,2,2014,3608,3608,8N87825,14,Southern 4,-0.000903740053615784,4575,0.2422655406514571,50
7,Onøy og Lurøy,2,2014,404,404,8L57814,2,Træna,-0.0009038391037884214,4576,0.2422655406514571,50
7,Onøy og Lurøy,2,2014,4210,4210,8651514,2,Træna,-0.0009057740026339992,4577,0.2422655406514571,50
7,Onøy og Lurøy,2,2014,1671,1671,8N06468,12,Southern 2,-0.0009068038178679908,4578,0.2422655406514571,50
7,Onøy og Lurøy,2,2014,1397,1397,8N05277,13,Southern 3,-0.0009075700568387202,4579,0.2422655406514571,50
7,Onøy og Lurøy,2,2014,4091,4091,8P26917,15,Southern 5,-0.0009081506452817565,4580,0.2422655406514571,50
7,Onøy og Lurøy,2,2014,2026,2026,8N13932,5,Hestmannøy,-0.000909311512400119,4581,0.2422655406514571,50
7,Onøy og Lurøy,2,2014,3096,3096,8N73447,11,Southern 1,-0.0009107985254020394,4582,0.2422655406514571,50
7,Onøy og Lurøy,2,2014,665,665,8L89808,5,Hestmannøy,-0.000911450234873514,4583,0.2422655406514571,50
7,Onøy og Lurøy,2,2014,904,904,8M71220,6,Indre Kvarøy,-0.0009137945542304888,4584,0.2422655406514571,50
7,Onøy og Lurøy,2,2014,5340,5340,8981264,5,Hestmannøy,-0.0009142404125112147,4585,0.2422655406514571,50
7,Onøy og Lurøy,2,2014,884,884,8L64755,13,Southern 3,-0.0009166921523459724,4586,0.2422655406514571,50
7,Onøy og Lurøy,2,2014,890,890,8L64598,12,Southern 2,-0.0009183429677133972,4587,0.2422655406514571,50
7,Onøy og Lurøy,2,2014,1917,1917,8N13606,14,Southern 4,-0.0009190050770245374,4588,0.2422655406514571,50
7,Onøy og Lurøy,2,2014,1426,1426,8N05307,13,Southern 3,-0.0009197959048494345,4589,0.2422655406514571,50
7,Onøy og Lurøy,2,2014,2675,2675,8N42397,5,Hestmannøy,-0.000920960158482319,4590,0.2422655406514571,50
7,Onøy og Lurøy,2,2014,1696,1696,8N06492,12,Southern 2,-0.00092219392301999,4591,0.2422655406514571,50
7,Onøy og Lurøy,2,2014,1198,1198,8M72954,4,Gjerøy,-0.0009283592039510189,4592,0.2422655406514571,50
7,Onøy og Lurøy,2,2014,2075,2075,8N14113,5,Hestmannøy,-0.0009303250628601487,4593,0.2422655406514571,50
7,Onøy og Lurøy,2,2014,3895,3895,8P14081,6,Indre Kvarøy,-0.0009308540035197909,4594,0.2422655406514571,50
7,Onøy og Lurøy,2,2014,77,77,8L30090,13,Southern 3,-0.000931734883717256,4595,0.2422655406514571,50
7,Onøy og Lurøy,2,2014,1812,1812,8N06872,11,Southern 1,-0.0009332434040657131,4596,0.2422655406514571,50
7,Onøy og Lurøy,2,2014,4536,4536,8747263,5,Hestmannøy,-0.0009341668109839364,4597,0.2422655406514571,50
7,Onøy og Lurøy,2,2014,4243,4243,8651876,5,Hestmannøy,-0.0009357450546268676,4598,0.2422655406514571,50
7,Onøy og Lurøy,2,2014,2736,2736,8N42715,4,Gjerøy,-0.0009361108017615252,4599,0.2422655406514571,50
7,Onøy og Lurøy,2,2014,1320,1320,8N05199,13,Southern 3,-0.0009374468390448553,4600,0.2422655406514571,50
7,Onøy og Lurøy,2,2014,1747,1747,8N06700,14,Southern 4,-0.0009381746831880522,4601,0.2422655406514571,50
7,Onøy og Lurøy,2,2014,3360,3360,8N73971,12,Southern 2,-0.0009384855663161315,4602,0.2422655406514571,50
7,Onøy og Lurøy,2,2014,529,529,8L89211,5,Hestmannøy,-0.000941050873640436,4603,0.2422655406514571,50
7,Onøy og Lurøy,2,2014,2773,2773,8N42988,14,Southern 4,-0.0009416650995515408,4604,0.2422655406514571,50
7,Onøy og Lurøy,2,2014,5098,5098,8934808,3,Selvær,-0.0009440501474116369,4605,0.2422655406514571,50
7,Onøy og Lurøy,2,2014,2900,2900,8N72901,13,Southern 3,-0.0009446364529557967,4606,0.2422655406514571,50
7,Onøy og Lurøy,2,2014,3461,3461,8N87518,11,Southern 1,-0.0009450234106226904,4607,0.2422655406514571,50
7,Onøy og Lurøy,2,2014,4380,4380,8730451,1,Myken,-0.0009454048749494656,4608,0.2422655406514571,50
7,Onøy og Lurøy,2,2014,3618,3618,8N87835,14,Southern 4,-0.0009509177240329611,4609,0.2422655406514571,50
7,Onøy og Lurøy,2,2014,4953,4953,8887364,9,Sleneset,-0.0009559919463560708,4610,0.2422655406514571,50
7,Onøy og Lurøy,2,2014,4434,4434,8730981,6,Indre Kvarøy,-0.0009584723168782553,4611,0.2422655406514571,50
7,Onøy og Lurøy,2,2014,1047,1047,8M72037,3,Selvær,-0.0009637912547792358,4612,0.2422655406514571,50
7,Onøy og Lurøy,2,2014,2219,2219,8N14605,13,Southern 3,-0.0009641809642424054,4613,0.2422655406514571,50
7,Onøy og Lurøy,2,2014,1043,1043,8M72018,2,Træna,-0.0009649574229788224,4614,0.2422655406514571,50
7,Onøy og Lurøy,2,2014,4609,4609,8747689,2,Træna,-0.0009656485918777749,4615,0.2422655406514571,50
7,Onøy og Lurøy,2,2014,3138,3138,8N73490,12,Southern 2,-0.0009662724047125817,4616,0.2422655406514571,50
7,Onøy og Lurøy,2,2014,1497,1497,8N05642,14,Southern 4,-0.0009663931534009356,4617,0.2422655406514571,50
7,Onøy og Lurøy,2,2014,2165,2165,8N14550,11,Southern 1,-0.0009672986940790035,4618,0.2422655406514571,50
7,Onøy og Lurøy,2,2014,201,201,8L48448,5,Hestmannøy,-0.0009673552786467144,4619,0.2422655406514571,50
7,Onøy og Lurøy,2,2014,2022,2022,8N13928,5,Hestmannøy,-0.0009689450531646163,4620,0.2422655406514571,50
7,Onøy og Lurøy,2,2014,731,731,8M31356,5,Hestmannøy,-0.0009695357980204277,4621,0.2422655406514571,50
7,Onøy og Lurøy,2,2014,9,9,8L19595,3,Selvær,-0.0009701397997836086,4622,0.2422655406514571,50
7,Onøy og Lurøy,2,2014,593,593,8L89502,5,Hestmannøy,-0.0009713748712673139,4623,0.2422655406514571,50
7,Onøy og Lurøy,2,2014,5173,5173,8939539,5,Hestmannøy,-0.0009718170102458068,4624,0.2422655406514571,50
7,Onøy og Lurøy,2,2014,2402,2402,8N27297,10,Aldra,-0.0009728455831064589,4625,0.2422655406514571,50
7,Onøy og Lurøy,2,2014,3497,3497,8N87554,11,Southern 1,-0.0009731565095544808,4626,0.2422655406514571,50
7,Onøy og Lurøy,2,2014,2106,2106,8N14291,15,Southern 5,-0.000977015935554836,4627,0.2422655406514571,50
7,Onøy og Lurøy,2,2014,1230,1230,8N05108,12,Southern 2,-0.0009823746057074057,4628,0.2422655406514571,50
7,Onøy og Lurøy,2,2014,427,427,8L64011,11,Southern 1,-0.0009827789050729117,4629,0.2422655406514571,50
7,Onøy og Lurøy,2,2014,4373,4373,8730439,5,Hestmannøy,-0.0009832024186454485,4630,0.2422655406514571,50
7,Onøy og Lurøy,2,2014,3672,3672,8N87892,13,Southern 3,-0.000987150899686966,4631,0.2422655406514571,50
7,Onøy og Lurøy,2,2014,5020,5020,8934058,5,Hestmannøy,-0.0009887324871461522,4632,0.2422655406514571,50
7,Onøy og Lurøy,2,2014,2568,2568,8N28687,5,Hestmannøy,-0.0009925056252867782,4633,0.2422655406514571,50
7,Onøy og Lurøy,2,2014,2403,2403,8N27298,10,Aldra,-0.0009946730354724565,4634,0.2422655406514571,50
7,Onøy og Lurøy,2,2014,76,76,8L30059,13,Southern 3,-0.00099474314903075,4635,0.2422655406514571,50
7,Onøy og Lurøy,2,2014,1670,1670,8N06467,12,Southern 2,-0.0009964102601883607,4636,0.2422655406514571,50
7,Onøy og Lurøy,2,2014,5401,5401,8981742,9,Sleneset,-0.0009995863901707382,4637,0.2422655406514571,50
7,Onøy og Lurøy,2,2014,2760,2760,8N42911,6,Indre Kvarøy,-0.0010000303032223542,4638,0.2422655406514571,50
7,Onøy og Lurøy,2,2014,472,472,8L64398,3,Selvær,-0.0010010793129606218,4639,0.2422655406514571,50
7,Onøy og Lurøy,2,2014,1799,1799,8N06859,11,Southern 1,-0.0010033682643916762,4640,0.2422655406514571,50
7,Onøy og Lurøy,2,2014,3431,3431,8N87265,8,Lovund,-0.0010058284475800295,4641,0.2422655406514571,50
7,Onøy og Lurøy,2,2014,2474,2474,8N27901,3,Selvær,-0.0010067155124965051,4642,0.2422655406514571,50
7,Onøy og Lurøy,2,2014,2649,2649,8N42130,9,Sleneset,-0.0010076059531562915,4643,0.2422655406514571,50
7,Onøy og Lurøy,2,2014,1563,1563,8N05714,6,Indre Kvarøy,-0.0010085505562472438,4644,0.2422655406514571,50
7,Onøy og Lurøy,2,2014,663,663,8L89793,5,Hestmannøy,-0.0010162459602733414,4645,0.2422655406514571,50
7,Onøy og Lurøy,2,2014,4379,4379,8730448,1,Myken,-0.001018212801992043,4646,0.2422655406514571,50
7,Onøy og Lurøy,2,2014,2863,2863,8N72682,11,Southern 1,-0.001018778609414424,4647,0.2422655406514571,50
7,Onøy og Lurøy,2,2014,2487,2487,8N27932,5,Hestmannøy,-0.0010190567590249349,4648,0.2422655406514571,50
7,Onøy og Lurøy,2,2014,2067,2067,8N14052,4,Gjerøy,-0.0010197363247412864,4649,0.2422655406514571,50
7,Onøy og Lurøy,2,2014,2181,2181,8N14567,11,Southern 1,-0.0010207946639138202,4650,0.2422655406514571,50
7,Onøy og Lurøy,2,2014,3944,3944,8P14680,9,Sleneset,-0.0010223680623847552,4651,0.2422655406514571,50
7,Onøy og Lurøy,2,2014,2681,2681,8N42451,14,Southern 4,-0.001022783601810323,4652,0.2422655406514571,50
7,Onøy og Lurøy,2,2014,5053,5053,8934354,6,Indre Kvarøy,-0.0010233385902951996,4653,0.2422655406514571,50
7,Onøy og Lurøy,2,2014,736,736,8M31374,5,Hestmannøy,-0.0010257080448839626,4654,0.2422655406514571,50
7,Onøy og Lurøy,2,2014,2614,2614,8N28832,5,Hestmannøy,-0.0010257268461298487,4655,0.2422655406514571,50
7,Onøy og Lurøy,2,2014,1987,1987,8N13688,13,Southern 3,-0.001025745092024216,4656,0.2422655406514571,50
7,Onøy og Lurøy,2,2014,2718,2718,8N42637,5,Hestmannøy,-0.0010268305691697745,4657,0.2422655406514571,50
7,Onøy og Lurøy,2,2014,4720,4720,8800147,9,Sleneset,-0.001028328262568151,4658,0.2422655406514571,50
7,Onøy og Lurøy,2,2014,1222,1222,8N05087,6,Indre Kvarøy,-0.0010292135944248333,4659,0.2422655406514571,50
7,Onøy og Lurøy,2,2014,206,206,8L48455,5,Hestmannøy,-0.0010294019120132532,4660,0.2422655406514571,50
7,Onøy og Lurøy,2,2014,1675,1675,8N06471,12,Southern 2,-0.0010305882897860183,4661,0.2422655406514571,50
7,Onøy og Lurøy,2,2014,526,526,8M31815,12,Southern 2,-0.001033090503195459,4662,0.2422655406514571,50
7,Onøy og Lurøy,2,2014,3156,3156,8N73508,4,Gjerøy,-0.001034563252714579,4663,0.2422655406514571,50
7,Onøy og Lurøy,2,2014,1520,1520,8N05360,15,Southern 5,-0.0010372796069597243,4664,0.2422655406514571,50
7,Onøy og Lurøy,2,2014,3396,3396,8N87057,5,Hestmannøy,-0.0010375724435685932,4665,0.2422655406514571,50
7,Onøy og Lurøy,2,2014,4575,4575,8747529,6,Indre Kvarøy,-0.0010396808403676286,4666,0.2422655406514571,50
7,Onøy og Lurøy,2,2014,3114,3114,8N73465,11,Southern 1,-0.0010398963646946744,4667,0.2422655406514571,50
7,Onøy og Lurøy,2,2014,308,308,8L52340,12,Southern 2,-0.0010411234191416946,4668,0.2422655406514571,50
7,Onøy og Lurøy,2,2014,3468,3468,8N87525,11,Southern 1,-0.001042050498400143,4669,0.2422655406514571,50
7,Onøy og Lurøy,2,2014,2735,2735,8N42710,10,Aldra,-0.001043600499008126,4670,0.2422655406514571,50
7,Onøy og Lurøy,2,2014,5272,5272,8943515,11,Southern 1,-0.0010442713309212264,4671,0.2422655406514571,50
7,Onøy og Lurøy,2,2014,5260,5260,8943429,2,Træna,-0.0010450616342038903,4672,0.2422655406514571,50
7,Onøy og Lurøy,2,2014,4895,4895,8866752,5,Hestmannøy,-0.001045222798298124,4673,0.2422655406514571,50
7,Onøy og Lurøy,2,2014,2815,2815,8N72414,8,Lovund,-0.0010478057383765784,4674,0.2422655406514571,50
7,Onøy og Lurøy,2,2014,2364,2364,8N27076,14,Southern 4,-0.0010479434399243426,4675,0.2422655406514571,50
7,Onøy og Lurøy,2,2014,2524,2524,8N28243,2,Træna,-0.0010493106212253118,4676,0.2422655406514571,50
7,Onøy og Lurøy,2,2014,723,723,8M31328,5,Hestmannøy,-0.0010509391570538325,4677,0.2422655406514571,50
7,Onøy og Lurøy,2,2014,1750,1750,8N06740,4,Gjerøy,-0.0010522674792068823,4678,0.2422655406514571,50
7,Onøy og Lurøy,2,2014,1402,1402,8N05282,13,Southern 3,-0.0010528501435981964,4679,0.2422655406514571,50
7,Onøy og Lurøy,2,2014,859,859,8M31973,5,Hestmannøy,-0.0010534031823515302,4680,0.2422655406514571,50
7,Onøy og Lurøy,2,2014,3218,3218,8N73644,13,Southern 3,-0.001058228304752628,4681,0.2422655406514571,50
7,Onøy og Lurøy,2,2014,4213,4213,8651539,4,Gjerøy,-0.0010605090588576471,4682,0.2422655406514571,50
7,Onøy og Lurøy,2,2014,658,658,8L89753,5,Hestmannøy,-0.001060827687971574,4683,0.2422655406514571,50
7,Onøy og Lurøy,2,2014,5145,5145,8939196,5,Hestmannøy,-0.0010642136417460272,4684,0.2422655406514571,50
7,Onøy og Lurøy,2,2014,1055,1055,8M72179,2,Træna,-0.0010684743144467638,4685,0.2422655406514571,50
7,Onøy og Lurøy,2,2014,5060,5060,8934375,5,Hestmannøy,-0.0010689009442278901,4686,0.2422655406514571,50
7,Onøy og Lurøy,2,2014,3784,3784,8P11355,5,Hestmannøy,-0.001069922723861594,4687,0.2422655406514571,50
7,Onøy og Lurøy,2,2014,38,38,8L19922,10,Aldra,-0.0010701844182935871,4688,0.2422655406514571,50
7,Onøy og Lurøy,2,2014,228,228,8L48609,6,Indre Kvarøy,-0.0010712830529912077,4689,0.2422655406514571,50
7,Onøy og Lurøy,2,2014,1213,1213,8N05008,4,Gjerøy,-0.0010720129691980972,4690,0.2422655406514571,50
7,Onøy og Lurøy,2,2014,200,200,8L48446,5,Hestmannøy,-0.0010723960254887827,4691,0.2422655406514571,50
7,Onøy og Lurøy,2,2014,3268,3268,8N73695,13,Southern 3,-0.001072644465146487,4692,0.2422655406514571,50
7,Onøy og Lurøy,2,2014,4245,4245,8651882,4,Gjerøy,-0.0010762304065102509,4693,0.2422655406514571,50
7,Onøy og Lurøy,2,2014,4794,4794,8800612,5,Hestmannøy,-0.001076393219004414,4694,0.2422655406514571,50
7,Onøy og Lurøy,2,2014,759,759,8M31532,5,Hestmannøy,-0.0010799222580811089,4695,0.2422655406514571,50
7,Onøy og Lurøy,2,2014,720,720,8M31317,4,Gjerøy,-0.0010819436087732169,4696,0.2422655406514571,50
7,Onøy og Lurøy,2,2014,4191,4191,8573874,6,Indre Kvarøy,-0.0010838684557067364,4697,0.2422655406514571,50
7,Onøy og Lurøy,2,2014,3188,3188,8N73614,14,Southern 4,-0.0010852622318989595,4698,0.2422655406514571,50
7,Onøy og Lurøy,2,2014,3203,3203,8N73629,13,Southern 3,-0.001085672242705314,4699,0.2422655406514571,50
7,Onøy og Lurøy,2,2014,3656,3656,8N87876,13,Southern 3,-0.0010910853965639274,4700,0.2422655406514571,50
7,Onøy og Lurøy,2,2014,1278,1278,8N05157,12,Southern 2,-0.0010933997112446611,4701,0.2422655406514571,50
7,Onøy og Lurøy,2,2014,2029,2029,8N13937,5,Hestmannøy,-0.0010939928811122736,4702,0.2422655406514571,50
7,Onøy og Lurøy,2,2014,1467,1467,8N05605,14,Southern 4,-0.0010940010693319302,4703,0.2422655406514571,50
7,Onøy og Lurøy,2,2014,3908,3908,8P14241,5,Hestmannøy,-0.0010948606726796381,4704,0.2422655406514571,50
7,Onøy og Lurøy,2,2014,1711,1711,8N06554,4,Gjerøy,-0.001096918362028841,4705,0.2422655406514571,50
7,Onøy og Lurøy,2,2014,865,865,8M31438,4,Gjerøy,-0.0010979128774304678,4706,0.2422655406514571,50
7,Onøy og Lurøy,2,2014,3039,3039,8N73241,12,Southern 2,-0.0010994517042076015,4707,0.2422655406514571,50
7,Onøy og Lurøy,2,2014,2210,2210,8N14596,11,Southern 1,-0.001099814909934142,4708,0.2422655406514571,50
7,Onøy og Lurøy,2,2014,4602,4602,8747623,5,Hestmannøy,-0.001100296958838559,4709,0.2422655406514571,50
7,Onøy og Lurøy,2,2014,3141,3141,8N73493,12,Southern 2,-0.0011021074102789935,4710,0.2422655406514571,50
7,Onøy og Lurøy,2,2014,1663,1663,8N06439,2,Træna,-0.001102893123915196,4711,0.2422655406514571,50
7,Onøy og Lurøy,2,2014,1066,1066,8M72304,8,Lovund,-0.0011031219780379105,4712,0.2422655406514571,50
7,Onøy og Lurøy,2,2014,1057,1057,8M72224,3,Selvær,-0.0011032718406693413,4713,0.2422655406514571,50
7,Onøy og Lurøy,2,2014,4026,4026,8P14961,14,Southern 4,-0.0011107839230183039,4714,0.2422655406514571,50
7,Onøy og Lurøy,2,2014,3290,3290,8N73885,5,Hestmannøy,-0.0011147274241774972,4715,0.2422655406514571,50
7,Onøy og Lurøy,2,2014,4939,4939,8887316,6,Indre Kvarøy,-0.0011248065855280983,4716,0.2422655406514571,50
7,Onøy og Lurøy,2,2014,3772,3772,8P11037,2,Træna,-0.0011250197921410866,4717,0.2422655406514571,50
7,Onøy og Lurøy,2,2014,4020,4020,8P14955,14,Southern 4,-0.0011277249063959454,4718,0.2422655406514571,50
7,Onøy og Lurøy,2,2014,3678,3678,8N87898,13,Southern 3,-0.0011284915019705776,4719,0.2422655406514571,50
7,Onøy og Lurøy,2,2014,2720,2720,8N42658,0,Nesøy,-0.0011287532175847858,4720,0.2422655406514571,50
7,Onøy og Lurøy,2,2014,1477,1477,8N05615,14,Southern 4,-0.0011368086768026272,4721,0.2422655406514571,50
7,Onøy og Lurøy,2,2014,3457,3457,8N87514,11,Southern 1,-0.001137056073198359,4722,0.2422655406514571,50
7,Onøy og Lurøy,2,2014,1702,1702,8N06498,12,Southern 2,-0.0011377514403090932,4723,0.2422655406514571,50
7,Onøy og Lurøy,2,2014,4392,4392,8730497,4,Gjerøy,-0.0011386422941477008,4724,0.2422655406514571,50
7,Onøy og Lurøy,2,2014,486,486,8L64560,12,Southern 2,-0.0011404630767646805,4725,0.2422655406514571,50
7,Onøy og Lurøy,2,2014,471,471,8L64397,3,Selvær,-0.0011458297512881774,4726,0.2422655406514571,50
7,Onøy og Lurøy,2,2014,1498,1498,8N05643,14,Southern 4,-0.0011488111855761593,4727,0.2422655406514571,50
7,Onøy og Lurøy,2,2014,1577,1577,8N05810,5,Hestmannøy,-0.0011491698652819286,4728,0.2422655406514571,50
7,Onøy og Lurøy,2,2014,4102,4102,8168605,10,Aldra,-0.0011508260850473804,4729,0.2422655406514571,50
7,Onøy og Lurøy,2,2014,1908,1908,8N13609,14,Southern 4,-0.0011516846403928848,4730,0.2422655406514571,50
7,Onøy og Lurøy,2,2014,1964,1964,8N13665,13,Southern 3,-0.0011536693134181876,4731,0.2422655406514571,50
7,Onøy og Lurøy,2,2014,2569,2569,8N28688,5,Hestmannøy,-0.0011552227276347415,4732,0.2422655406514571,50
7,Onøy og Lurøy,2,2014,4473,4473,8732641,5,Hestmannøy,-0.0011554694627937082,4733,0.2422655406514571,50
7,Onøy og Lurøy,2,2014,4399,4399,8730535,5,Hestmannøy,-0.0011554902268175087,4734,0.2422655406514571,50
7,Onøy og Lurøy,2,2014,243,243,8L48746,11,Southern 1,-0.0011566920969479646,4735,0.2422655406514571,50
7,Onøy og Lurøy,2,2014,3866,3866,8P11794,2,Træna,-0.0011573819004551537,4736,0.2422655406514571,50
7,Onøy og Lurøy,2,2014,5365,5365,8981345,11,Southern 1,-0.0011589635818264473,4737,0.2422655406514571,50
7,Onøy og Lurøy,2,2014,1901,1901,8N13114,14,Southern 4,-0.001159401474472248,4738,0.2422655406514571,50
7,Onøy og Lurøy,2,2014,234,234,8L48691,10,Aldra,-0.0011600927992936388,4739,0.2422655406514571,50
7,Onøy og Lurøy,2,2014,2461,2461,8N27854,1,Myken,-0.0011603491891323094,4740,0.2422655406514571,50
7,Onøy og Lurøy,2,2014,241,241,8L48744,11,Southern 1,-0.0011619602385285162,4741,0.2422655406514571,50
7,Onøy og Lurøy,2,2014,3786,3786,8P11393,14,Southern 4,-0.001163666995287922,4742,0.2422655406514571,50
7,Onøy og Lurøy,2,2014,2820,2820,8N72466,9,Sleneset,-0.001165440331634496,4743,0.2422655406514571,50
7,Onøy og Lurøy,2,2014,4973,4973,8887449,5,Hestmannøy,-0.0011702546807049747,4744,0.2422655406514571,50
7,Onøy og Lurøy,2,2014,1708,1708,8N06527,5,Hestmannøy,-0.0011706515611762816,4745,0.2422655406514571,50
7,Onøy og Lurøy,2,2014,1988,1988,8N13689,13,Southern 3,-0.001171588557638961,4746,0.2422655406514571,50
7,Onøy og Lurøy,2,2014,650,650,8L89731,4,Gjerøy,-0.0011719139204439738,4747,0.2422655406514571,50
7,Onøy og Lurøy,2,2014,2264,2264,8N14652,13,Southern 3,-0.0011720108472350792,4748,0.2422655406514571,50
7,Onøy og Lurøy,2,2014,3993,3993,8P14861,14,Southern 4,-0.0011749346877370165,4749,0.2422655406514571,50
7,Onøy og Lurøy,2,2014,3516,3516,8N87573,11,Southern 1,-0.0011751100124390952,4750,0.2422655406514571,50
7,Onøy og Lurøy,2,2014,1125,1125,8M72633,6,Indre Kvarøy,-0.0011768940043277857,4751,0.2422655406514571,50
7,Onøy og Lurøy,2,2014,4197,4197,8598568,4,Gjerøy,-0.0011822105391411763,4752,0.2422655406514571,50
7,Onøy og Lurøy,2,2014,3208,3208,8N73634,13,Southern 3,-0.0011860893247515887,4753,0.2422655406514571,50
7,Onøy og Lurøy,2,2014,784,784,8M31641,10,Aldra,-0.001186333551020759,4754,0.2422655406514571,50
7,Onøy og Lurøy,2,2014,2468,2468,8N27880,6,Indre Kvarøy,-0.001187093464826695,4755,0.2422655406514571,50
7,Onøy og Lurøy,2,2014,1524,1524,8N05364,15,Southern 5,-0.0011894210625648196,4756,0.2422655406514571,50
7,Onøy og Lurøy,2,2014,3642,3642,8N87861,14,Southern 4,-0.001191860033012471,4757,0.2422655406514571,50
7,Onøy og Lurøy,2,2014,352,352,8L52419,4,Gjerøy,-0.0011939782377454846,4758,0.2422655406514571,50
7,Onøy og Lurøy,2,2014,1693,1693,8N06489,12,Southern 2,-0.0011946085385384285,4759,0.2422655406514571,50
7,Onøy og Lurøy,2,2014,4403,4403,8730547,3,Selvær,-0.0011947817655249648,4760,0.2422655406514571,50
7,Onøy og Lurøy,2,2014,3023,3023,8N73225,12,Southern 2,-0.0011958301744880576,4761,0.2422655406514571,50
7,Onøy og Lurøy,2,2014,3162,3162,8N73526,4,Gjerøy,-0.0011980434010806344,4762,0.2422655406514571,50
7,Onøy og Lurøy,2,2014,285,285,8L52229,9,Sleneset,-0.0011984000503601968,4763,0.2422655406514571,50
7,Onøy og Lurøy,2,2014,3418,3418,8N87216,2,Træna,-0.001203871192104162,4764,0.2422655406514571,50
7,Onøy og Lurøy,2,2014,953,953,8L64433,13,Southern 3,-0.0012065080634877747,4765,0.2422655406514571,50
7,Onøy og Lurøy,2,2014,5051,5051,8934339,10,Aldra,-0.0012087991244765545,4766,0.2422655406514571,50
7,Onøy og Lurøy,2,2014,2044,2044,8N13977,5,Hestmannøy,-0.0012090743061749717,4767,0.2422655406514571,50
7,Onøy og Lurøy,2,2014,4029,4029,8P14964,14,Southern 4,-0.001209884457210319,4768,0.2422655406514571,50
7,Onøy og Lurøy,2,2014,1869,1869,8N13149,14,Southern 4,-0.0012110448208085727,4769,0.2422655406514571,50
7,Onøy og Lurøy,2,2014,2961,2961,8N72964,13,Southern 3,-0.0012131191589009596,4770,0.2422655406514571,50
7,Onøy og Lurøy,2,2014,4780,4780,8800519,5,Hestmannøy,-0.0012143753073558573,4771,0.2422655406514571,50
7,Onøy og Lurøy,2,2014,5046,5046,8934311,5,Hestmannøy,-0.0012264293125176361,4772,0.2422655406514571,50
7,Onøy og Lurøy,2,2014,3398,3398,8N87062,5,Hestmannøy,-0.0012294737646178907,4773,0.2422655406514571,50
7,Onøy og Lurøy,2,2014,871,871,8M71084,2,Træna,-0.0012327936229393158,4774,0.2422655406514571,50
7,Onøy og Lurøy,2,2014,3640,3640,8N87859,14,Southern 4,-0.001233731555893759,4775,0.2422655406514571,50
7,Onøy og Lurøy,2,2014,3385,3385,8N73996,14,Southern 4,-0.0012349806696944654,4776,0.2422655406514571,50
7,Onøy og Lurøy,2,2014,4890,4890,8866710,6,Indre Kvarøy,-0.0012350151491777905,4777,0.2422655406514571,50
7,Onøy og Lurøy,2,2014,2944,2944,8N72946,13,Southern 3,-0.0012379388149660936,4778,0.2422655406514571,50
7,Onøy og Lurøy,2,2014,2989,2989,8N73185,15,Southern 5,-0.0012382931664200547,4779,0.2422655406514571,50
7,Onøy og Lurøy,2,2014,4743,4743,8800355,5,Hestmannøy,-0.0012407648692063092,4780,0.2422655406514571,50
7,Onøy og Lurøy,2,2014,3043,3043,8N73245,14,Southern 4,-0.0012419571807653043,4781,0.2422655406514571,50
7,Onøy og Lurøy,2,2014,1496,1496,8N05641,14,Southern 4,-0.0012431948779544504,4782,0.2422655406514571,50
7,Onøy og Lurøy,2,2014,5385,5385,8981657,2,Træna,-0.001243847444312051,4783,0.2422655406514571,50
7,Onøy og Lurøy,2,2014,1734,1734,8N06687,14,Southern 4,-0.0012440982727933245,4784,0.2422655406514571,50
7,Onøy og Lurøy,2,2014,2833,2833,8N72544,6,Indre Kvarøy,-0.0012443684400487715,4785,0.2422655406514571,50
7,Onøy og Lurøy,2,2014,5203,5203,8939759,9,Sleneset,-0.0012464454840590445,4786,0.2422655406514571,50
7,Onøy og Lurøy,2,2014,4529,4529,8747229,5,Hestmannøy,-0.001246563971839074,4787,0.2422655406514571,50
7,Onøy og Lurøy,2,2014,712,712,8M31290,5,Hestmannøy,-0.0012503772313785836,4788,0.2422655406514571,50
7,Onøy og Lurøy,2,2014,629,629,8L89654,5,Hestmannøy,-0.001252906902757176,4789,0.2422655406514571,50
7,Onøy og Lurøy,2,2014,5070,5070,8934414,8,Lovund,-0.0012556078351104122,4790,0.2422655406514571,50
7,Onøy og Lurøy,2,2014,4001,4001,8P14869,14,Southern 4,-0.0012558102174238294,4791,0.2422655406514571,50
7,Onøy og Lurøy,2,2014,643,643,8L89718,4,Gjerøy,-0.001256496991583721,4792,0.2422655406514571,50
7,Onøy og Lurøy,2,2014,5068,5068,8934406,8,Lovund,-0.0012565926936583755,4793,0.2422655406514571,50
7,Onøy og Lurøy,2,2014,4209,4209,8651512,3,Selvær,-0.0012591731453052257,4794,0.2422655406514571,50
7,Onøy og Lurøy,2,2014,2893,2893,8N72785,5,Hestmannøy,-0.001271104166495398,4795,0.2422655406514571,50
7,Onøy og Lurøy,2,2014,2009,2009,8N13854,15,Southern 5,-0.0012726172574451095,4796,0.2422655406514571,50
7,Onøy og Lurøy,2,2014,4503,4503,8747038,8,Lovund,-0.001273436288562667,4797,0.2422655406514571,50
7,Onøy og Lurøy,2,2014,4892,4892,8866741,6,Indre Kvarøy,-0.0012789412669699427,4798,0.2422655406514571,50
7,Onøy og Lurøy,2,2014,1851,1851,8N06989,6,Indre Kvarøy,-0.0012810764270700691,4799,0.2422655406514571,50
7,Onøy og Lurøy,2,2014,773,773,8M31581,5,Hestmannøy,-0.0012840034418897016,4800,0.2422655406514571,50
7,Onøy og Lurøy,2,2014,536,536,8L89265,5,Hestmannøy,-0.0012844866772223767,4801,0.2422655406514571,50
7,Onøy og Lurøy,2,2014,5139,5139,8939164,6,Indre Kvarøy,-0.0012871450066238843,4802,0.2422655406514571,50
7,Onøy og Lurøy,2,2014,572,572,8L89387,5,Hestmannøy,-0.0012890127220873719,4803,0.2422655406514571,50
7,Onøy og Lurøy,2,2014,3334,3334,8N73945,12,Southern 2,-0.0012894085474335953,4804,0.2422655406514571,50
7,Onøy og Lurøy,2,2014,2279,2279,8N14667,13,Southern 3,-0.0012904805449352053,4805,0.2422655406514571,50
7,Onøy og Lurøy,2,2014,1559,1559,8N05710,5,Hestmannøy,-0.0012917603081924812,4806,0.2422655406514571,50
7,Onøy og Lurøy,2,2014,2535,2535,8N28403,9,Sleneset,-0.0012939873680038255,4807,0.2422655406514571,50
7,Onøy og Lurøy,2,2014,5299,5299,8981007,5,Hestmannøy,-0.0013011056697374913,4808,0.2422655406514571,50
7,Onøy og Lurøy,2,2014,288,288,8L52241,3,Selvær,-0.00130318271033083,4809,0.2422655406514571,50
7,Onøy og Lurøy,2,2014,744,744,8M31452,5,Hestmannøy,-0.001307898350211628,4810,0.2422655406514571,50
7,Onøy og Lurøy,2,2014,1235,1235,8N05113,12,Southern 2,-0.0013079957526104411,4811,0.2422655406514571,50
7,Onøy og Lurøy,2,2014,1342,1342,8N05221,12,Southern 2,-0.0013080099830446402,4812,0.2422655406514571,50
7,Onøy og Lurøy,2,2014,1822,1822,8N06882,14,Southern 4,-0.0013100785021366408,4813,0.2422655406514571,50
7,Onøy og Lurøy,2,2014,1392,1392,8N05272,13,Southern 3,-0.0013118986662159155,4814,0.2422655406514571,50
7,Onøy og Lurøy,2,2014,160,160,8L30829,3,Selvær,-0.0013124883102208036,4815,0.2422655406514571,50
7,Onøy og Lurøy,2,2014,4124,4124,8168702,5,Hestmannøy,-0.0013148640224213803,4816,0.2422655406514571,50
7,Onøy og Lurøy,2,2014,5229,5229,8943014,10,Aldra,-0.0013148691131400928,4817,0.2422655406514571,50
7,Onøy og Lurøy,2,2014,4065,4065,8P15000,15,Southern 5,-0.0013154056565116744,4818,0.2422655406514571,50
7,Onøy og Lurøy,2,2014,771,771,8M31562,5,Hestmannøy,-0.0013171504167376286,4819,0.2422655406514571,50
7,Onøy og Lurøy,2,2014,2739,2739,8N42718,5,Hestmannøy,-0.00131769441160114,4820,0.2422655406514571,50
7,Onøy og Lurøy,2,2014,1669,1669,8N06466,12,Southern 2,-0.0013217486959377128,4821,0.2422655406514571,50
7,Onøy og Lurøy,2,2014,3145,3145,8N73497,12,Southern 2,-0.001322939419557474,4822,0.2422655406514571,50
7,Onøy og Lurøy,2,2014,4484,4484,8732659,5,Hestmannøy,-0.0013240554910366428,4823,0.2422655406514571,50
7,Onøy og Lurøy,2,2014,2939,2939,8N72941,13,Southern 3,-0.0013285380321167769,4824,0.2422655406514571,50
7,Onøy og Lurøy,2,2014,3329,3329,8N73940,12,Southern 2,-0.0013380025801983978,4825,0.2422655406514571,50
7,Onøy og Lurøy,2,2014,90,90,8L30300,5,Hestmannøy,-0.0013380699112398768,4826,0.2422655406514571,50
7,Onøy og Lurøy,2,2014,695,695,8M31216,11,Southern 1,-0.0013384191070919837,4827,0.2422655406514571,50
7,Onøy og Lurøy,2,2014,1945,1945,8N13645,14,Southern 4,-0.0013410662087019868,4828,0.2422655406514571,50
7,Onøy og Lurøy,2,2014,4909,4909,8887036,9,Sleneset,-0.001345009877220975,4829,0.2422655406514571,50
7,Onøy og Lurøy,2,2014,1013,1013,8M71552,4,Gjerøy,-0.0013452858893895643,4830,0.2422655406514571,50
7,Onøy og Lurøy,2,2014,3300,3300,8N73911,11,Southern 1,-0.0013465699695864176,4831,0.2422655406514571,50
7,Onøy og Lurøy,2,2014,4703,4703,8800061,0,Nesøy,-0.0013489017316733994,4832,0.2422655406514571,50
7,Onøy og Lurøy,2,2014,907,907,8M71237,6,Indre Kvarøy,-0.0013506354331920456,4833,0.2422655406514571,50
7,Onøy og Lurøy,2,2014,2521,2521,8N28220,2,Træna,-0.001351286755564886,4834,0.2422655406514571,50
7,Onøy og Lurøy,2,2014,915,915,8M71258,5,Hestmannøy,-0.001360567825545232,4835,0.2422655406514571,50
7,Onøy og Lurøy,2,2014,508,508,8L64893,11,Southern 1,-0.0013660096308913722,4836,0.2422655406514571,50
7,Onøy og Lurøy,2,2014,2074,2074,8N14111,5,Hestmannøy,-0.0013670623088926888,4837,0.2422655406514571,50
7,Onøy og Lurøy,2,2014,2207,2207,8N14593,11,Southern 1,-0.0013679699244032182,4838,0.2422655406514571,50
7,Onøy og Lurøy,2,2014,844,844,8M31927,5,Hestmannøy,-0.0013745946284188354,4839,0.2422655406514571,50
7,Onøy og Lurøy,2,2014,1666,1666,8N06462,12,Southern 2,-0.0013785710084612051,4840,0.2422655406514571,50
7,Onøy og Lurøy,2,2014,4464,4464,8732565,4,Gjerøy,-0.0013825637768758753,4841,0.2422655406514571,50
7,Onøy og Lurøy,2,2014,741,741,8M31433,4,Gjerøy,-0.0013830207869954473,4842,0.2422655406514571,50
7,Onøy og Lurøy,2,2014,3582,3582,8N87772,4,Gjerøy,-0.0013947057826393357,4843,0.2422655406514571,50
7,Onøy og Lurøy,2,2014,5302,5302,8981018,4,Gjerøy,-0.0013948541529684008,4844,0.2422655406514571,50
7,Onøy og Lurøy,2,2014,5164,5164,8939491,0,Nesøy,-0.0013959982094375537,4845,0.2422655406514571,50
7,Onøy og Lurøy,2,2014,5216,5216,8939874,2,Træna,-0.001398930175530303,4846,0.2422655406514571,50
7,Onøy og Lurøy,2,2014,2455,2455,8N27803,5,Hestmannøy,-0.0014046097216530978,4847,0.2422655406514571,50
7,Onøy og Lurøy,2,2014,5370,5370,8981379,12,Southern 2,-0.0014047160051250786,4848,0.2422655406514571,50
7,Onøy og Lurøy,2,2014,2567,2567,8N28686,5,Hestmannøy,-0.0014086558801585205,4849,0.2422655406514571,50
7,Onøy og Lurøy,2,2014,516,516,8L64933,5,Hestmannøy,-0.0014100493118955637,4850,0.2422655406514571,50
7,Onøy og Lurøy,2,2014,4430,4430,8730973,3,Selvær,-0.001410083962232755,4851,0.2422655406514571,50
7,Onøy og Lurøy,2,2014,2764,2764,8N42927,0,Nesøy,-0.0014101672528020754,4852,0.2422655406514571,50
7,Onøy og Lurøy,2,2014,1022,1022,8M71735,3,Selvær,-0.0014110418992822078,4853,0.2422655406514571,50
7,Onøy og Lurøy,2,2014,4442,4442,8732247,4,Gjerøy,-0.0014119247876165982,4854,0.2422655406514571,50
7,Onøy og Lurøy,2,2014,221,221,8L48574,3,Selvær,-0.0014128462538836354,4855,0.2422655406514571,50
7,Onøy og Lurøy,2,2014,3439,3439,8N87313,5,Hestmannøy,-0.0014145547887820923,4856,0.2422655406514571,50
7,Onøy og Lurøy,2,2014,2467,2467,8N27879,5,Hestmannøy,-0.001414610706517072,4857,0.2422655406514571,50
7,Onøy og Lurøy,2,2014,3408,3408,8N87085,5,Hestmannøy,-0.0014164971872409288,4858,0.2422655406514571,50
7,Onøy og Lurøy,2,2014,1695,1695,8N06491,12,Southern 2,-0.0014174659546585535,4859,0.2422655406514571,50
7,Onøy og Lurøy,2,2014,4038,4038,8P14974,14,Southern 4,-0.0014317141387410273,4860,0.2422655406514571,50
7,Onøy og Lurøy,2,2014,2083,2083,8N14157,6,Indre Kvarøy,-0.0014332614605626222,4861,0.2422655406514571,50
7,Onøy og Lurøy,2,2014,747,747,8M31480,5,Hestmannøy,-0.0014348286266759524,4862,0.2422655406514571,50
7,Onøy og Lurøy,2,2014,609,609,8L89547,12,Southern 2,-0.001436831114302064,4863,0.2422655406514571,50
7,Onøy og Lurøy,2,2014,963,963,8M71372,12,Southern 2,-0.0014384298262048623,4864,0.2422655406514571,50
7,Onøy og Lurøy,2,2014,822,822,8M31825,12,Southern 2,-0.0014434065049192062,4865,0.2422655406514571,50
7,Onøy og Lurøy,2,2014,2740,2740,8N42719,5,Hestmannøy,-0.001444422326358853,4866,0.2422655406514571,50
7,Onøy og Lurøy,2,2014,2623,2623,8N28864,4,Gjerøy,-0.0014455368838073254,4867,0.2422655406514571,50
7,Onøy og Lurøy,2,2014,1391,1391,8N05271,13,Southern 3,-0.0014487181854323545,4868,0.2422655406514571,50
7,Onøy og Lurøy,2,2014,972,972,8M71398,12,Southern 2,-0.0014489140865621777,4869,0.2422655406514571,50
7,Onøy og Lurøy,2,2014,2714,2714,8N42544,5,Hestmannøy,-0.0014489828090520377,4870,0.2422655406514571,50
7,Onøy og Lurøy,2,2014,1512,1512,8N05657,13,Southern 3,-0.0014534861256731986,4871,0.2422655406514571,50
7,Onøy og Lurøy,2,2014,2996,2996,8N73192,15,Southern 5,-0.0014558908132128396,4872,0.2422655406514571,50
7,Onøy og Lurøy,2,2014,1535,1535,8N05680,15,Southern 5,-0.001460407040058345,4873,0.2422655406514571,50
7,Onøy og Lurøy,2,2014,1937,1937,8N13635,14,Southern 4,-0.0014615878246881432,4874,0.2422655406514571,50
7,Onøy og Lurøy,2,2014,1793,1793,8N06853,11,Southern 1,-0.0014620229712152095,4875,0.2422655406514571,50
7,Onøy og Lurøy,2,2014,3181,3181,8N73607,14,Southern 4,-0.0014638537222820777,4876,0.2422655406514571,50
7,Onøy og Lurøy,2,2014,5191,5191,8939619,5,Hestmannøy,-0.0014643819214083245,4877,0.2422655406514571,50
7,Onøy og Lurøy,2,2014,2052,2052,8N14003,6,Indre Kvarøy,-0.0014655509519888208,4878,0.2422655406514571,50
7,Onøy og Lurøy,2,2014,3957,3957,8P14741,8,Lovund,-0.0014687689613552815,4879,0.2422655406514571,50
7,Onøy og Lurøy,2,2014,2684,2684,8N42476,14,Southern 4,-0.0014711539890419085,4880,0.2422655406514571,50
7,Onøy og Lurøy,2,2014,3510,3510,8N87567,11,Southern 1,-0.0014727987150191006,4881,0.2422655406514571,50
7,Onøy og Lurøy,2,2014,3231,3231,8N73656,13,Southern 3,-0.0014784287285456773,4882,0.2422655406514571,50
7,Onøy og Lurøy,2,2014,4281,4281,8681052,4,Gjerøy,-0.0014837079256374928,4883,0.2422655406514571,50
7,Onøy og Lurøy,2,2014,4437,4437,8732211,5,Hestmannøy,-0.0014838242197882955,4884,0.2422655406514571,50
7,Onøy og Lurøy,2,2014,4263,4263,8681005,4,Gjerøy,-0.0014845371620555606,4885,0.2422655406514571,50
7,Onøy og Lurøy,2,2014,2686,2686,8N42498,14,Southern 4,-0.0014852155198350897,4886,0.2422655406514571,50
7,Onøy og Lurøy,2,2014,1419,1419,8N05300,13,Southern 3,-0.0014982225504134262,4887,0.2422655406514571,50
7,Onøy og Lurøy,2,2014,1557,1557,8N05708,4,Gjerøy,-0.0014982856733618177,4888,0.2422655406514571,50
7,Onøy og Lurøy,2,2014,406,406,8L57826,9,Sleneset,-0.0015021558574035072,4889,0.2422655406514571,50
7,Onøy og Lurøy,2,2014,2958,2958,8N72961,13,Southern 3,-0.0015058411200033748,4890,0.2422655406514571,50
7,Onøy og Lurøy,2,2014,1489,1489,8N05627,14,Southern 4,-0.0015090688275987238,4891,0.2422655406514571,50
7,Onøy og Lurøy,2,2014,4228,4228,8651754,5,Hestmannøy,-0.0015100933973665456,4892,0.2422655406514571,50
7,Onøy og Lurøy,2,2014,1136,1136,8M72659,0,Nesøy,-0.0015120892847245964,4893,0.2422655406514571,50
7,Onøy og Lurøy,2,2014,4549,4549,8747295,9,Sleneset,-0.0015143793296414822,4894,0.2422655406514571,50
7,Onøy og Lurøy,2,2014,1624,1624,8N05916,9,Sleneset,-0.001515591067208189,4895,0.2422655406514571,50
7,Onøy og Lurøy,2,2014,3373,3373,8N73984,12,Southern 2,-0.001518094987792567,4896,0.2422655406514571,50
7,Onøy og Lurøy,2,2014,689,689,8M31192,8,Lovund,-0.0015244371424472493,4897,0.2422655406514571,50
7,Onøy og Lurøy,2,2014,4212,4212,8651534,4,Gjerøy,-0.0015250779860450877,4898,0.2422655406514571,50
7,Onøy og Lurøy,2,2014,1373,1373,8N05253,13,Southern 3,-0.0015299936925377844,4899,0.2422655406514571,50
7,Onøy og Lurøy,2,2014,2355,2355,8N27067,14,Southern 4,-0.0015307489658478244,4900,0.2422655406514571,50
7,Onøy og Lurøy,2,2014,4959,4959,8887399,10,Aldra,-0.001530930657765233,4901,0.2422655406514571,50
7,Onøy og Lurøy,2,2014,945,945,8L64459,13,Southern 3,-0.0015339563998220162,4902,0.2422655406514571,50
7,Onøy og Lurøy,2,2014,1652,1652,8N06347,4,Gjerøy,-0.0015341849196987088,4903,0.2422655406514571,50
7,Onøy og Lurøy,2,2014,649,649,8L89728,4,Gjerøy,-0.001535192461501231,4904,0.2422655406514571,50
7,Onøy og Lurøy,2,2014,2105,2105,8N14290,15,Southern 5,-0.0015355320140381537,4905,0.2422655406514571,50
7,Onøy og Lurøy,2,2014,902,902,8M71210,5,Hestmannøy,-0.001535786947400698,4906,0.2422655406514571,50
7,Onøy og Lurøy,2,2014,477,477,8M71324,11,Southern 1,-0.0015361282997050218,4907,0.2422655406514571,50
7,Onøy og Lurøy,2,2014,1968,1968,8N13669,13,Southern 3,-0.0015368355940498961,4908,0.2422655406514571,50
7,Onøy og Lurøy,2,2014,4877,4877,8857609,9,Sleneset,-0.0015415270199896143,4909,0.2422655406514571,50
7,Onøy og Lurøy,2,2014,2830,2830,8N72516,4,Gjerøy,-0.0015422068323232704,4910,0.2422655406514571,50
7,Onøy og Lurøy,2,2014,1639,1639,8N06186,3,Selvær,-0.0015446343107944369,4911,0.2422655406514571,50
7,Onøy og Lurøy,2,2014,3309,3309,8N73920,11,Southern 1,-0.0015463498502625123,4912,0.2422655406514571,50
7,Onøy og Lurøy,2,2014,1870,1870,8N13216,9,Sleneset,-0.0015483387676203187,4913,0.2422655406514571,50
7,Onøy og Lurøy,2,2014,340,340,8L52392,12,Southern 2,-0.0015548996551126041,4914,0.2422655406514571,50
7,Onøy og Lurøy,2,2014,5390,5390,8981707,5,Hestmannøy,-0.0015558818956898544,4915,0.2422655406514571,50
7,Onøy og Lurøy,2,2014,4382,4382,8730454,5,Hestmannøy,-0.0015594126659195526,4916,0.2422655406514571,50
7,Onøy og Lurøy,2,2014,1144,1144,8M72695,14,Southern 4,-0.0015605711160090084,4917,0.2422655406514571,50
7,Onøy og Lurøy,2,2014,5278,5278,8943735,5,Hestmannøy,-0.0015620817148393445,4918,0.2422655406514571,50
7,Onøy og Lurøy,2,2014,768,768,8M31551,6,Indre Kvarøy,-0.0015623216242767817,4919,0.2422655406514571,50
7,Onøy og Lurøy,2,2014,3995,3995,8P14863,14,Southern 4,-0.00156674601905815,4920,0.2422655406514571,50
7,Onøy og Lurøy,2,2014,3493,3493,8N87550,11,Southern 1,-0.0015704817775711872,4921,0.2422655406514571,50
7,Onøy og Lurøy,2,2014,3287,3287,8N73824,6,Indre Kvarøy,-0.001572771335575553,4922,0.2422655406514571,50
7,Onøy og Lurøy,2,2014,4840,4840,8816956,4,Gjerøy,-0.001579573977265595,4923,0.2422655406514571,50
7,Onøy og Lurøy,2,2014,1456,1456,8N05567,3,Selvær,-0.0015821610289305328,4924,0.2422655406514571,50
7,Onøy og Lurøy,2,2014,3174,3174,8N73589,5,Hestmannøy,-0.0015863444103787303,4925,0.2422655406514571,50
7,Onøy og Lurøy,2,2014,3097,3097,8N73448,11,Southern 1,-0.0015874466051375938,4926,0.2422655406514571,50
7,Onøy og Lurøy,2,2014,3169,3169,8N73564,6,Indre Kvarøy,-0.0015943900622271117,4927,0.2422655406514571,50
7,Onøy og Lurøy,2,2014,3781,3781,8P11321,4,Gjerøy,-0.0016026644331649626,4928,0.2422655406514571,50
7,Onøy og Lurøy,2,2014,1761,1761,8N06820,11,Southern 1,-0.0016076474738896352,4929,0.2422655406514571,50
7,Onøy og Lurøy,2,2014,2652,2652,8N42144,2,Træna,-0.0016077614821152766,4930,0.2422655406514571,50
7,Onøy og Lurøy,2,2014,750,750,8M31485,5,Hestmannøy,-0.0016087244567984007,4931,0.2422655406514571,50
7,Onøy og Lurøy,2,2014,3589,3589,8N87806,14,Southern 4,-0.0016110601181302435,4932,0.2422655406514571,50
7,Onøy og Lurøy,2,2014,4781,4781,8800529,10,Aldra,-0.0016175062717535818,4933,0.2422655406514571,50
7,Onøy og Lurøy,2,2014,3293,3293,8N73904,11,Southern 1,-0.0016224420339602046,4934,0.2422655406514571,50
7,Onøy og Lurøy,2,2014,4359,4359,8681473,3,Selvær,-0.0016298889418365232,4935,0.2422655406514571,50
7,Onøy og Lurøy,2,2014,1558,1558,8N05709,5,Hestmannøy,-0.0016300276397337326,4936,0.2422655406514571,50
7,Onøy og Lurøy,2,2014,3490,3490,8N87547,11,Southern 1,-0.001632519056201813,4937,0.2422655406514571,50
7,Onøy og Lurøy,2,2014,4460,4460,8732525,9,Sleneset,-0.0016435005594516217,4938,0.2422655406514571,50
7,Onøy og Lurøy,2,2014,49,49,8L19961,10,Aldra,-0.001647421769643379,4939,0.2422655406514571,50
7,Onøy og Lurøy,2,2014,1142,1142,8M72679,5,Hestmannøy,-0.0016484696158481824,4940,0.2422655406514571,50
7,Onøy og Lurøy,2,2014,3598,3598,8N87815,14,Southern 4,-0.0016490972809301307,4941,0.2422655406514571,50
7,Onøy og Lurøy,2,2014,4862,4862,8857261,9,Sleneset,-0.0016498194229288981,4942,0.2422655406514571,50
7,Onøy og Lurøy,2,2014,4489,4489,8732678,4,Gjerøy,-0.0016503276910526763,4943,0.2422655406514571,50
7,Onøy og Lurøy,2,2014,1966,1966,8N13667,13,Southern 3,-0.0016537817386732634,4944,0.2422655406514571,50
7,Onøy og Lurøy,2,2014,1082,1082,8M72446,13,Southern 3,-0.001658454326872387,4945,0.2422655406514571,50
7,Onøy og Lurøy,2,2014,5311,5311,8981033,4,Gjerøy,-0.0016605188855241633,4946,0.2422655406514571,50
7,Onøy og Lurøy,2,2014,2587,2587,8N28771,5,Hestmannøy,-0.0016657443991627415,4947,0.2422655406514571,50
7,Onøy og Lurøy,2,2014,5424,5424,8981919,6,Indre Kvarøy,-0.001666016621642314,4948,0.2422655406514571,50
7,Onøy og Lurøy,2,2014,2943,2943,8N72945,13,Southern 3,-0.0016707446204568843,4949,0.2422655406514571,50
7,Onøy og Lurøy,2,2014,1642,1642,8N06292,2,Træna,-0.001670905184235517,4950,0.2422655406514571,50
7,Onøy og Lurøy,2,2014,819,819,8M31820,12,Southern 2,-0.00167097573989883,4951,0.2422655406514571,50
7,Onøy og Lurøy,2,2014,752,752,8M31507,4,Gjerøy,-0.0016765166105827923,4952,0.2422655406514571,50
7,Onøy og Lurøy,2,2014,4435,4435,8730987,4,Gjerøy,-0.0016791063368012315,4953,0.2422655406514571,50
7,Onøy og Lurøy,2,2014,4971,4971,8887445,8,Lovund,-0.0016820195830929618,4954,0.2422655406514571,50
7,Onøy og Lurøy,2,2014,2336,2336,8N14955,5,Hestmannøy,-0.0016822142959619713,4955,0.2422655406514571,50
7,Onøy og Lurøy,2,2014,462,462,8L64280,5,Hestmannøy,-0.0016837566693832695,4956,0.2422655406514571,50
7,Onøy og Lurøy,2,2014,3390,3390,8N87047,5,Hestmannøy,-0.00168453989681136,4957,0.2422655406514571,50
7,Onøy og Lurøy,2,2014,5436,5436,8981972,2,Træna,-0.0016891747655595451,4958,0.2422655406514571,50
7,Onøy og Lurøy,2,2014,1313,1313,8N05192,13,Southern 3,-0.0016909319719437214,4959,0.2422655406514571,50
7,Onøy og Lurøy,2,2014,2981,2981,8N73093,5,Hestmannøy,-0.0016911056261490072,4960,0.2422655406514571,50
7,Onøy og Lurøy,2,2014,4325,4325,8681251,4,Gjerøy,-0.0016920939299364562,4961,0.2422655406514571,50
7,Onøy og Lurøy,2,2014,178,178,8L30984,9,Sleneset,-0.00169453349929945,4962,0.2422655406514571,50
7,Onøy og Lurøy,2,2014,73,73,8L26596,6,Indre Kvarøy,-0.0016978568501694658,4963,0.2422655406514571,50
7,Onøy og Lurøy,2,2014,4927,4927,8887249,5,Hestmannøy,-0.001701013801353784,4964,0.2422655406514571,50
7,Onøy og Lurøy,2,2014,4463,4463,8732552,6,Indre Kvarøy,-0.0017025185577134129,4965,0.2422655406514571,50
7,Onøy og Lurøy,2,2014,1039,1039,8M72013,3,Selvær,-0.001708466667337653,4966,0.2422655406514571,50
7,Onøy og Lurøy,2,2014,1315,1315,8N05194,13,Southern 3,-0.0017109263381720457,4967,0.2422655406514571,50
7,Onøy og Lurøy,2,2014,666,666,8L89822,0,Nesøy,-0.0017141237783974677,4968,0.2422655406514571,50
7,Onøy og Lurøy,2,2014,158,158,8L30813,9,Sleneset,-0.0017193158502720003,4969,0.2422655406514571,50
7,Onøy og Lurøy,2,2014,5012,5012,8917968,8,Lovund,-0.001720329839994949,4970,0.2422655406514571,50
7,Onøy og Lurøy,2,2014,1510,1510,8N05655,14,Southern 4,-0.0017203526084506504,4971,0.2422655406514571,50
7,Onøy og Lurøy,2,2014,5315,5315,8981047,12,Southern 2,-0.0017220245221737241,4972,0.2422655406514571,50
7,Onøy og Lurøy,2,2014,4487,4487,8732667,2,Træna,-0.0017264009933599933,4973,0.2422655406514571,50
7,Onøy og Lurøy,2,2014,4581,4581,8747551,10,Aldra,-0.0017283021735032,4974,0.2422655406514571,50
7,Onøy og Lurøy,2,2014,3658,3658,8N87878,13,Southern 3,-0.0017297920778642695,4975,0.2422655406514571,50
7,Onøy og Lurøy,2,2014,35,35,8L19919,5,Hestmannøy,-0.001731545624137373,4976,0.2422655406514571,50
7,Onøy og Lurøy,2,2014,2401,2401,8N27275,5,Hestmannøy,-0.001733908088008794,4977,0.2422655406514571,50
7,Onøy og Lurøy,2,2014,2390,2390,8N27196,14,Southern 4,-0.0017405911614500832,4978,0.2422655406514571,50
7,Onøy og Lurøy,2,2014,2280,2280,8N14668,13,Southern 3,-0.001744860166630541,4979,0.2422655406514571,50
7,Onøy og Lurøy,2,2014,2206,2206,8N14592,11,Southern 1,-0.0017464727843934274,4980,0.2422655406514571,50
7,Onøy og Lurøy,2,2014,3376,3376,8N73987,12,Southern 2,-0.0017476588894259782,4981,0.2422655406514571,50
7,Onøy og Lurøy,2,2014,1171,1171,8M72863,4,Gjerøy,-0.0017482732260681517,4982,0.2422655406514571,50
7,Onøy og Lurøy,2,2014,4271,4271,8681029,5,Hestmannøy,-0.001752927414884024,4983,0.2422655406514571,50
7,Onøy og Lurøy,2,2014,4859,4859,8857252,4,Gjerøy,-0.0017530156310769634,4984,0.2422655406514571,50
7,Onøy og Lurøy,2,2014,80,80,8L30164,12,Southern 2,-0.0017546537730950753,4985,0.2422655406514571,50
7,Onøy og Lurøy,2,2014,4128,4128,8168771,5,Hestmannøy,-0.0017554874511567838,4986,0.2422655406514571,50
7,Onøy og Lurøy,2,2014,3041,3041,8N73243,14,Southern 4,-0.0017557446535527007,4987,0.2422655406514571,50
7,Onøy og Lurøy,2,2014,4017,4017,8P14938,14,Southern 4,-0.0017559501327480231,4988,0.2422655406514571,50
7,Onøy og Lurøy,2,2014,4337,4337,8681361,4,Gjerøy,-0.0017596579401539126,4989,0.2422655406514571,50
7,Onøy og Lurøy,2,2014,4339,4339,8681371,5,Hestmannøy,-0.0017632741219743959,4990,0.2422655406514571,50
7,Onøy og Lurøy,2,2014,2909,2909,8N72910,13,Southern 3,-0.0017660965556673808,4991,0.2422655406514571,50
7,Onøy og Lurøy,2,2014,4328,4328,8681259,0,Nesøy,-0.0017677010134297183,4992,0.2422655406514571,50
7,Onøy og Lurøy,2,2014,1072,1072,8M72406,13,Southern 3,-0.0017690590224587576,4993,0.2422655406514571,50
7,Onøy og Lurøy,2,2014,1700,1700,8N06496,12,Southern 2,-0.0017708407198369915,4994,0.2422655406514571,50
7,Onøy og Lurøy,2,2014,3889,3889,8P14057,10,Aldra,-0.0017726214886167433,4995,0.2422655406514571,50
7,Onøy og Lurøy,2,2014,5014,5014,8934027,4,Gjerøy,-0.0017730481546956967,4996,0.2422655406514571,50
7,Onøy og Lurøy,2,2014,4159,4159,8309272,5,Hestmannøy,-0.001777689891085967,4997,0.2422655406514571,50
7,Onøy og Lurøy,2,2014,2020,2020,8N13926,5,Hestmannøy,-0.0017814910915959499,4998,0.2422655406514571,50
7,Onøy og Lurøy,2,2014,1516,1516,8N05661,13,Southern 3,-0.0017847530706410141,4999,0.2422655406514571,50
7,Onøy og Lurøy,2,2014,1263,1263,8N05141,12,Southern 2,-0.0017855764681474274,5000,0.2422655406514571,50
7,Onøy og Lurøy,2,2014,5207,5207,8939768,5,Hestmannøy,-0.0017901258889693949,5001,0.2422655406514571,50
7,Onøy og Lurøy,2,2014,3030,3030,8N73232,12,Southern 2,-0.0017919326271688795,5002,0.2422655406514571,50
7,Onøy og Lurøy,2,2014,4467,4467,8732610,9,Sleneset,-0.0017919860027654556,5003,0.2422655406514571,50
7,Onøy og Lurøy,2,2014,4303,4303,8681095,5,Hestmannøy,-0.0017975305654893323,5004,0.2422655406514571,50
7,Onøy og Lurøy,2,2014,248,248,8L48756,11,Southern 1,-0.0017999929388567127,5005,0.2422655406514571,50
7,Onøy og Lurøy,2,2014,4622,4622,8747726,5,Hestmannøy,-0.0018024998744708698,5006,0.2422655406514571,50
7,Onøy og Lurøy,2,2014,5320,5320,8981096,11,Southern 1,-0.0018073250715983757,5007,0.2422655406514571,50
7,Onøy og Lurøy,2,2014,503,503,8L64862,9,Sleneset,-0.0018091642538555232,5008,0.2422655406514571,50
7,Onøy og Lurøy,2,2014,2193,2193,8N14579,11,Southern 1,-0.0018194430451083238,5009,0.2422655406514571,50
7,Onøy og Lurøy,2,2014,2554,2554,8N28541,9,Sleneset,-0.001820087285271687,5010,0.2422655406514571,50
7,Onøy og Lurøy,2,2014,2949,2949,8N72952,13,Southern 3,-0.0018209130305484305,5011,0.2422655406514571,50
7,Onøy og Lurøy,2,2014,4493,4493,8732687,5,Hestmannøy,-0.0018220751064152837,5012,0.2422655406514571,50
7,Onøy og Lurøy,2,2014,4216,4216,8651576,0,Nesøy,-0.001825204087337519,5013,0.2422655406514571,50
7,Onøy og Lurøy,2,2014,1552,1552,8N05703,5,Hestmannøy,-0.0018288386185471898,5014,0.2422655406514571,50
7,Onøy og Lurøy,2,2014,968,968,8M71384,14,Southern 4,-0.0018289055545935224,5015,0.2422655406514571,50
7,Onøy og Lurøy,2,2014,4461,4461,8732531,9,Sleneset,-0.0018338406746410598,5016,0.2422655406514571,50
7,Onøy og Lurøy,2,2014,3306,3306,8N73917,11,Southern 1,-0.0018398946681390707,5017,0.2422655406514571,50
7,Onøy og Lurøy,2,2014,1591,1591,8N05863,11,Southern 1,-0.0018497961078233701,5018,0.2422655406514571,50
7,Onøy og Lurøy,2,2014,2907,2907,8N72908,13,Southern 3,-0.001855918880244764,5019,0.2422655406514571,50
7,Onøy og Lurøy,2,2014,2668,2668,8N42275,5,Hestmannøy,-0.001870510828382299,5020,0.2422655406514571,50
7,Onøy og Lurøy,2,2014,3214,3214,8N73640,13,Southern 3,-0.001873600484339737,5021,0.2422655406514571,50
7,Onøy og Lurøy,2,2014,2544,2544,8N28460,2,Træna,-0.0018750417096259347,5022,0.2422655406514571,50
7,Onøy og Lurøy,2,2014,1442,1442,8N05457,4,Gjerøy,-0.0018772317900598238,5023,0.2422655406514571,50
7,Onøy og Lurøy,2,2014,2054,2054,8N14005,6,Indre Kvarøy,-0.0018792553689360241,5024,0.2422655406514571,50
7,Onøy og Lurøy,2,2014,4082,4082,8P26537,9,Sleneset,-0.0018800199900732356,5025,0.2422655406514571,50
7,Onøy og Lurøy,2,2014,4947,4947,8887349,5,Hestmannøy,-0.0018813739910684716,5026,0.2422655406514571,50
7,Onøy og Lurøy,2,2014,1694,1694,8N06490,12,Southern 2,-0.0018862460497779821,5027,0.2422655406514571,50
7,Onøy og Lurøy,2,2014,3632,3632,8N87851,14,Southern 4,-0.0018868078074965183,5028,0.2422655406514571,50
7,Onøy og Lurøy,2,2014,2839,2839,8N72578,4,Gjerøy,-0.0018908604112234575,5029,0.2422655406514571,50
7,Onøy og Lurøy,2,2014,1720,1720,8N06673,14,Southern 4,-0.0018944268089823323,5030,0.2422655406514571,50
7,Onøy og Lurøy,2,2014,1231,1231,8N05109,12,Southern 2,-0.0018965819345899719,5031,0.2422655406514571,50
7,Onøy og Lurøy,2,2014,466,466,8L64291,10,Aldra,-0.0019054955159117143,5032,0.2422655406514571,50
7,Onøy og Lurøy,2,2014,4721,4721,8800151,9,Sleneset,-0.0019110296937565304,5033,0.2422655406514571,50
7,Onøy og Lurøy,2,2014,2685,2685,8N42497,14,Southern 4,-0.0019116705009291613,5034,0.2422655406514571,50
7,Onøy og Lurøy,2,2014,779,779,8M31625,4,Gjerøy,-0.0019125623122317032,5035,0.2422655406514571,50
7,Onøy og Lurøy,2,2014,5428,5428,8981929,3,Selvær,-0.0019162575682115158,5036,0.2422655406514571,50
7,Onøy og Lurøy,2,2014,698,698,8M31221,11,Southern 1,-0.0019179448585171716,5037,0.2422655406514571,50
7,Onøy og Lurøy,2,2014,3496,3496,8N87553,11,Southern 1,-0.0019211671328872445,5038,0.2422655406514571,50
7,Onøy og Lurøy,2,2014,2042,2042,8N13975,5,Hestmannøy,-0.001922060493210393,5039,0.2422655406514571,50
7,Onøy og Lurøy,2,2014,1600,1600,8N05874,11,Southern 1,-0.0019230862370889956,5040,0.2422655406514571,50
7,Onøy og Lurøy,2,2014,5126,5126,8939118,10,Aldra,-0.001923142081862687,5041,0.2422655406514571,50
7,Onøy og Lurøy,2,2014,1830,1830,8N06893,11,Southern 1,-0.001938582493401657,5042,0.2422655406514571,50
7,Onøy og Lurøy,2,2014,3441,3441,8N87338,4,Gjerøy,-0.0019420004247730589,5043,0.2422655406514571,50
7,Onøy og Lurøy,2,2014,4970,4970,8887440,5,Hestmannøy,-0.0019488427917748288,5044,0.2422655406514571,50
7,Onøy og Lurøy,2,2014,1124,1124,8M71276,4,Gjerøy,-0.001959406967669228,5045,0.2422655406514571,50
7,Onøy og Lurøy,2,2014,396,396,8L52978,5,Hestmannøy,-0.0019595982789783893,5046,0.2422655406514571,50
7,Onøy og Lurøy,2,2014,3042,3042,8N73244,14,Southern 4,-0.001963069474772609,5047,0.2422655406514571,50
7,Onøy og Lurøy,2,2014,3785,3785,8P11385,14,Southern 4,-0.001963361610824558,5048,0.2422655406514571,50
7,Onøy og Lurøy,2,2014,3079,3079,8N73430,11,Southern 1,-0.001963865392598518,5049,0.2422655406514571,50
7,Onøy og Lurøy,2,2014,3933,3933,8P14472,5,Hestmannøy,-0.00196790365134471,5050,0.2422655406514571,50
7,Onøy og Lurøy,2,2014,4076,4076,8P26523,9,Sleneset,-0.001977943343811542,5051,0.2422655406514571,50
7,Onøy og Lurøy,2,2014,4121,4121,8168665,5,Hestmannøy,-0.001982238771243809,5052,0.2422655406514571,50
7,Onøy og Lurøy,2,2014,2405,2405,8N27301,0,Nesøy,-0.0019848529962637924,5053,0.2422655406514571,50
7,Onøy og Lurøy,2,2014,4748,4748,8800375,4,Gjerøy,-0.0019875565411320924,5054,0.2422655406514571,50
7,Onøy og Lurøy,2,2014,3923,3923,8P14341,15,Southern 5,-0.0019883989386847434,5055,0.2422655406514571,50
7,Onøy og Lurøy,2,2014,402,402,8L57791,8,Lovund,-0.001992996810908551,5056,0.2422655406514571,50
7,Onøy og Lurøy,2,2014,4208,4208,8651511,3,Selvær,-0.0019970190779440345,5057,0.2422655406514571,50
7,Onøy og Lurøy,2,2014,424,424,8M71460,13,Southern 3,-0.0019993232494963068,5058,0.2422655406514571,50
7,Onøy og Lurøy,2,2014,2021,2021,8N13927,5,Hestmannøy,-0.001999854440735975,5059,0.2422655406514571,50
7,Onøy og Lurøy,2,2014,3084,3084,8N73435,11,Southern 1,-0.00200123688585977,5060,0.2422655406514571,50
7,Onøy og Lurøy,2,2014,225,225,8L48602,5,Hestmannøy,-0.0020032514823014862,5061,0.2422655406514571,50
7,Onøy og Lurøy,2,2014,3616,3616,8N87833,14,Southern 4,-0.0020087141014911033,5062,0.2422655406514571,50
7,Onøy og Lurøy,2,2014,1253,1253,8N05131,12,Southern 2,-0.0020090914141832196,5063,0.2422655406514571,50
7,Onøy og Lurøy,2,2014,5392,5392,8981711,0,Nesøy,-0.002009765379665213,5064,0.2422655406514571,50
7,Onøy og Lurøy,2,2014,4857,4857,8857246,5,Hestmannøy,-0.002009986968108997,5065,0.2422655406514571,50
7,Onøy og Lurøy,2,2014,575,575,8L89391,4,Gjerøy,-0.0020108327443486202,5066,0.2422655406514571,50
7,Onøy og Lurøy,2,2014,4276,4276,8681038,5,Hestmannøy,-0.002010978977978379,5067,0.2422655406514571,50
7,Onøy og Lurøy,2,2014,518,518,8L64981,4,Gjerøy,-0.002012684548886057,5068,0.2422655406514571,50
7,Onøy og Lurøy,2,2014,4831,4831,8816940,4,Gjerøy,-0.0020163210740560887,5069,0.2422655406514571,50
7,Onøy og Lurøy,2,2014,1209,1209,8M72996,10,Aldra,-0.0020178707455810853,5070,0.2422655406514571,50
7,Onøy og Lurøy,2,2014,4870,4870,8857284,10,Aldra,-0.0020216721763247274,5071,0.2422655406514571,50
7,Onøy og Lurøy,2,2014,3577,3577,8N87749,4,Gjerøy,-0.002021898254297795,5072,0.2422655406514571,50
7,Onøy og Lurøy,2,2014,3205,3205,8N73631,13,Southern 3,-0.0020224022216393657,5073,0.2422655406514571,50
7,Onøy og Lurøy,2,2014,3522,3522,8N87579,11,Southern 1,-0.0020243157329399367,5074,0.2422655406514571,50
7,Onøy og Lurøy,2,2014,3180,3180,8N73606,14,Southern 4,-0.002028974039823682,5075,0.2422655406514571,50
7,Onøy og Lurøy,2,2014,386,386,8L52943,6,Indre Kvarøy,-0.002036072235270779,5076,0.2422655406514571,50
7,Onøy og Lurøy,2,2014,4272,4272,8681032,5,Hestmannøy,-0.002036072670228036,5077,0.2422655406514571,50
7,Onøy og Lurøy,2,2014,2563,2563,8N28681,5,Hestmannøy,-0.0020365036061868592,5078,0.2422655406514571,50
7,Onøy og Lurøy,2,2014,3152,3152,8N73504,5,Hestmannøy,-0.002039854012286336,5079,0.2422655406514571,50
7,Onøy og Lurøy,2,2014,644,644,8L89720,4,Gjerøy,-0.002040271081509178,5080,0.2422655406514571,50
7,Onøy og Lurøy,2,2014,3270,3270,8N73697,13,Southern 3,-0.002040600970533598,5081,0.2422655406514571,50
7,Onøy og Lurøy,2,2014,3147,3147,8N73499,12,Southern 2,-0.0020406413405693697,5082,0.2422655406514571,50
7,Onøy og Lurøy,2,2014,3249,3249,8N73675,13,Southern 3,-0.002046302596316963,5083,0.2422655406514571,50
7,Onøy og Lurøy,2,2014,1490,1490,8N05628,14,Southern 4,-0.0020498992416684418,5084,0.2422655406514571,50
7,Onøy og Lurøy,2,2014,2741,2741,8N42729,5,Hestmannøy,-0.002053752339964014,5085,0.2422655406514571,50
7,Onøy og Lurøy,2,2014,2087,2087,8N14166,5,Hestmannøy,-0.0020542020690452662,5086,0.2422655406514571,50
7,Onøy og Lurøy,2,2014,912,912,8M71254,5,Hestmannøy,-0.0020564590191388668,5087,0.2422655406514571,50
7,Onøy og Lurøy,2,2014,2182,2182,8N14568,11,Southern 1,-0.0020690231159964413,5088,0.2422655406514571,50
7,Onøy og Lurøy,2,2014,2644,2644,8N42086,2,Træna,-0.0020730044772232126,5089,0.2422655406514571,50
7,Onøy og Lurøy,2,2014,1877,1877,8N13360,1,Myken,-0.0020746204840466657,5090,0.2422655406514571,50
7,Onøy og Lurøy,2,2014,1297,1297,8N05175,13,Southern 3,-0.002077500787606466,5091,0.2422655406514571,50
7,Onøy og Lurøy,2,2014,4447,4447,8732273,1,Myken,-0.0020775562454730017,5092,0.2422655406514571,50
7,Onøy og Lurøy,2,2014,861,861,8M31995,1,Myken,-0.0020817917881482493,5093,0.2422655406514571,50
7,Onøy og Lurøy,2,2014,1164,1164,8M72805,4,Gjerøy,-0.002081975444762695,5094,0.2422655406514571,50
7,Onøy og Lurøy,2,2014,3077,3077,8N73423,6,Indre Kvarøy,-0.0020841434106695874,5095,0.2422655406514571,50
7,Onøy og Lurøy,2,2014,1115,1115,8M72600,12,Southern 2,-0.002085609059812512,5096,0.2422655406514571,50
7,Onøy og Lurøy,2,2014,1878,1878,8N13373,2,Træna,-0.002089405414441336,5097,0.2422655406514571,50
7,Onøy og Lurøy,2,2014,3206,3206,8N73632,13,Southern 3,-0.0020953441642375115,5098,0.2422655406514571,50
7,Onøy og Lurøy,2,2014,1199,1199,8M72955,4,Gjerøy,-0.0021003644497783074,5099,0.2422655406514571,50
7,Onøy og Lurøy,2,2014,847,847,8M31936,4,Gjerøy,-0.002107055132301835,5100,0.2422655406514571,50
7,Onøy og Lurøy,2,2014,4040,4040,8P14976,14,Southern 4,-0.0021079752774930053,5101,0.2422655406514571,50
7,Onøy og Lurøy,2,2014,378,378,8L52695,9,Sleneset,-0.0021088073506869563,5102,0.2422655406514571,50
7,Onøy og Lurøy,2,2014,5373,5373,8981399,12,Southern 2,-0.002110402931734896,5103,0.2422655406514571,50
7,Onøy og Lurøy,2,2014,2806,2806,8N72353,4,Gjerøy,-0.0021138555036911435,5104,0.2422655406514571,50
7,Onøy og Lurøy,2,2014,2677,2677,8N42431,14,Southern 4,-0.0021149925930516044,5105,0.2422655406514571,50
7,Onøy og Lurøy,2,2014,2847,2847,8N72660,5,Hestmannøy,-0.0021199315522281554,5106,0.2422655406514571,50
7,Onøy og Lurøy,2,2014,1187,1187,8M72913,5,Hestmannøy,-0.002132504107468834,5107,0.2422655406514571,50
7,Onøy og Lurøy,2,2014,4054,4054,8P14992,14,Southern 4,-0.0021541001293205607,5108,0.2422655406514571,50
7,Onøy og Lurøy,2,2014,2966,2966,8N73003,4,Gjerøy,-0.002154186172840205,5109,0.2422655406514571,50
7,Onøy og Lurøy,2,2014,79,79,8L30162,12,Southern 2,-0.0021552099597999534,5110,0.2422655406514571,50
7,Onøy og Lurøy,2,2014,3953,3953,8P14652,2,Træna,-0.0021587152050083123,5111,0.2422655406514571,50
7,Onøy og Lurøy,2,2014,1356,1356,8N05235,12,Southern 2,-0.002170579061478016,5112,0.2422655406514571,50
7,Onøy og Lurøy,2,2014,3572,3572,8N87709,6,Indre Kvarøy,-0.0021728475799112947,5113,0.2422655406514571,50
7,Onøy og Lurøy,2,2014,2897,2897,8N72823,14,Southern 4,-0.0021770289881726285,5114,0.2422655406514571,50
7,Onøy og Lurøy,2,2014,602,602,8L89518,5,Hestmannøy,-0.0021822959945855393,5115,0.2422655406514571,50
7,Onøy og Lurøy,2,2014,4925,4925,8887243,1,Myken,-0.0021988619110456186,5116,0.2422655406514571,50
7,Onøy og Lurøy,2,2014,525,525,8M31823,12,Southern 2,-0.002200464270884214,5117,0.2422655406514571,50
7,Onøy og Lurøy,2,2014,372,372,8L52619,3,Selvær,-0.002205569418185377,5118,0.2422655406514571,50
7,Onøy og Lurøy,2,2014,4031,4031,8P14966,14,Southern 4,-0.0022060667629570222,5119,0.2422655406514571,50
7,Onøy og Lurøy,2,2014,992,992,8M71489,13,Southern 3,-0.0022089428292846602,5120,0.2422655406514571,50
7,Onøy og Lurøy,2,2014,1889,1889,8N13455,11,Southern 1,-0.002215090119686925,5121,0.2422655406514571,50
7,Onøy og Lurøy,2,2014,2337,2337,8N14956,5,Hestmannøy,-0.002215409859019284,5122,0.2422655406514571,50
7,Onøy og Lurøy,2,2014,4132,4132,8309141,5,Hestmannøy,-0.0022183198713808683,5123,0.2422655406514571,50
7,Onøy og Lurøy,2,2014,522,522,8L89030,8,Lovund,-0.00222563477123401,5124,0.2422655406514571,50
7,Onøy og Lurøy,2,2014,4188,4188,8573856,4,Gjerøy,-0.0022336555202798077,5125,0.2422655406514571,50
7,Onøy og Lurøy,2,2014,3583,3583,8N87774,5,Hestmannøy,-0.0022356413308842974,5126,0.2422655406514571,50
7,Onøy og Lurøy,2,2014,3339,3339,8N73950,12,Southern 2,-0.0022393006953235627,5127,0.2422655406514571,50
7,Onøy og Lurøy,2,2014,4202,4202,8598614,6,Indre Kvarøy,-0.0022461377247722666,5128,0.2422655406514571,50
7,Onøy og Lurøy,2,2014,48,48,8L19960,10,Aldra,-0.0022514109676225144,5129,0.2422655406514571,50
7,Onøy og Lurøy,2,2014,177,177,8L30972,9,Sleneset,-0.0022542826521781845,5130,0.2422655406514571,50
7,Onøy og Lurøy,2,2014,1138,1138,8M72666,5,Hestmannøy,-0.002255461586201041,5131,0.2422655406514571,50
7,Onøy og Lurøy,2,2014,510,510,8L64902,5,Hestmannøy,-0.002259663442528146,5132,0.2422655406514571,50
7,Onøy og Lurøy,2,2014,222,222,8L48578,8,Lovund,-0.0022713219318051085,5133,0.2422655406514571,50
7,Onøy og Lurøy,2,2014,3371,3371,8N73982,12,Southern 2,-0.002273605492712394,5134,0.2422655406514571,50
7,Onøy og Lurøy,2,2014,3741,3741,8N87962,13,Southern 3,-0.0022737491535833724,5135,0.2422655406514571,50
7,Onøy og Lurøy,2,2014,2954,2954,8N72957,13,Southern 3,-0.0022786157536728137,5136,0.2422655406514571,50
7,Onøy og Lurøy,2,2014,202,202,8L48450,5,Hestmannøy,-0.0022853816938861442,5137,0.2422655406514571,50
7,Onøy og Lurøy,2,2014,2522,2522,8N28223,9,Sleneset,-0.002287660595463896,5138,0.2422655406514571,50
7,Onøy og Lurøy,2,2014,166,166,8L30876,1,Myken,-0.0022942109236797083,5139,0.2422655406514571,50
7,Onøy og Lurøy,2,2014,1961,1961,8N13661,13,Southern 3,-0.0022943891857834997,5140,0.2422655406514571,50
7,Onøy og Lurøy,2,2014,3200,3200,8N73626,11,Southern 1,-0.0023040985140679805,5141,0.2422655406514571,50
7,Onøy og Lurøy,2,2014,645,645,8L89722,4,Gjerøy,-0.00231812948793234,5142,0.2422655406514571,50
7,Onøy og Lurøy,2,2014,1431,1431,8N05365,8,Lovund,-0.0023221683842807508,5143,0.2422655406514571,50
7,Onøy og Lurøy,2,2014,3167,3167,8N73533,5,Hestmannøy,-0.002323569672372386,5144,0.2422655406514571,50
7,Onøy og Lurøy,2,2014,2622,2622,8N28862,4,Gjerøy,-0.0023235736983702486,5145,0.2422655406514571,50
7,Onøy og Lurøy,2,2014,2725,2725,8N42697,5,Hestmannøy,-0.00233844649176954,5146,0.2422655406514571,50
7,Onøy og Lurøy,2,2014,2085,2085,8N14162,5,Hestmannøy,-0.0023390966934407863,5147,0.2422655406514571,50
7,Onøy og Lurøy,2,2014,5218,5218,8939897,5,Hestmannøy,-0.002344598414520864,5148,0.2422655406514571,50
7,Onøy og Lurøy,2,2014,1544,1544,8N05689,15,Southern 5,-0.002348708940297896,5149,0.2422655406514571,50
7,Onøy og Lurøy,2,2014,3282,3282,8N73800,15,Southern 5,-0.0023526533001915636,5150,0.2422655406514571,50
7,Onøy og Lurøy,2,2014,1443,1443,8N05460,5,Hestmannøy,-0.002354353409112483,5151,0.2422655406514571,50
7,Onøy og Lurøy,2,2014,4811,4811,8816428,1,Myken,-0.002356356946169998,5152,0.2422655406514571,50
7,Onøy og Lurøy,2,2014,4449,4449,8732286,8,Lovund,-0.0023568702454918097,5153,0.2422655406514571,50
7,Onøy og Lurøy,2,2014,2834,2834,8N72551,6,Indre Kvarøy,-0.0023607607682955083,5154,0.2422655406514571,50
7,Onøy og Lurøy,2,2014,5269,5269,8943485,5,Hestmannøy,-0.002368518015290084,5155,0.2422655406514571,50
7,Onøy og Lurøy,2,2014,1595,1595,8N05867,11,Southern 1,-0.002374358144112481,5156,0.2422655406514571,50
7,Onøy og Lurøy,2,2014,2446,2446,8N27624,14,Southern 4,-0.002385293547524669,5157,0.2422655406514571,50
7,Onøy og Lurøy,2,2014,1970,1970,8N13671,13,Southern 3,-0.0023859151180483686,5158,0.2422655406514571,50
7,Onøy og Lurøy,2,2014,4951,4951,8887358,10,Aldra,-0.0023893229372822416,5159,0.2422655406514571,50
7,Onøy og Lurøy,2,2014,4706,4706,8800073,6,Indre Kvarøy,-0.0023962273595384558,5160,0.2422655406514571,50
7,Onøy og Lurøy,2,2014,2826,2826,8N72496,2,Træna,-0.002400426807525779,5161,0.2422655406514571,50
7,Onøy og Lurøy,2,2014,948,948,8M71328,11,Southern 1,-0.002403016956936481,5162,0.2422655406514571,50
7,Onøy og Lurøy,2,2014,1049,1049,8M72087,5,Hestmannøy,-0.002410272907919447,5163,0.2422655406514571,50
7,Onøy og Lurøy,2,2014,4801,4801,8800663,12,Southern 2,-0.0024122601919977405,5164,0.2422655406514571,50
7,Onøy og Lurøy,2,2014,298,298,8L52320,12,Southern 2,-0.002412807521291682,5165,0.2422655406514571,50
7,Onøy og Lurøy,2,2014,3969,3969,8P14826,4,Gjerøy,-0.0024220326549018252,5166,0.2422655406514571,50
7,Onøy og Lurøy,2,2014,931,931,8M71301,6,Indre Kvarøy,-0.0024300810100879224,5167,0.2422655406514571,50
7,Onøy og Lurøy,2,2014,66,66,8L26579,5,Hestmannøy,-0.002442822423113078,5168,0.2422655406514571,50
7,Onøy og Lurøy,2,2014,967,967,8M71380,12,Southern 2,-0.0024625236329379506,5169,0.2422655406514571,50
7,Onøy og Lurøy,2,2014,1866,1866,8N13132,14,Southern 4,-0.002469677270138518,5170,0.2422655406514571,50
7,Onøy og Lurøy,2,2014,578,578,8L89399,6,Indre Kvarøy,-0.002470595985880875,5171,0.2422655406514571,50
7,Onøy og Lurøy,2,2014,4041,4041,8P14977,14,Southern 4,-0.002487640395623957,5172,0.2422655406514571,50
7,Onøy og Lurøy,2,2014,1289,1289,8N05167,12,Southern 2,-0.0024964408932705872,5173,0.2422655406514571,50
7,Onøy og Lurøy,2,2014,2429,2429,8N27412,5,Hestmannøy,-0.002499686542976736,5174,0.2422655406514571,50
7,Onøy og Lurøy,2,2014,5183,5183,8939595,0,Nesøy,-0.002510323366757763,5175,0.2422655406514571,50
7,Onøy og Lurøy,2,2014,5397,5397,8981723,5,Hestmannøy,-0.002521821712255823,5176,0.2422655406514571,50
7,Onøy og Lurøy,2,2014,932,932,8M71302,6,Indre Kvarøy,-0.002522439352859269,5177,0.2422655406514571,50
7,Onøy og Lurøy,2,2014,4424,4424,8730952,3,Selvær,-0.0025281335066365315,5178,0.2422655406514571,50
7,Onøy og Lurøy,2,2014,3881,3881,8P14006,2,Træna,-0.0025305532087566114,5179,0.2422655406514571,50
7,Onøy og Lurøy,2,2014,5251,5251,8943143,0,Nesøy,-0.002532823708263175,5180,0.2422655406514571,50
7,Onøy og Lurøy,2,2014,4834,4834,8816947,4,Gjerøy,-0.002559047474698369,5181,0.2422655406514571,50
7,Onøy og Lurøy,2,2014,1480,1480,8N05618,14,Southern 4,-0.0025602415326016303,5182,0.2422655406514571,50
7,Onøy og Lurøy,2,2014,1843,1843,8N06930,4,Gjerøy,-0.002564033676815696,5183,0.2422655406514571,50
7,Onøy og Lurøy,2,2014,4123,4123,8168698,5,Hestmannøy,-0.002567540066534239,5184,0.2422655406514571,50
7,Onøy og Lurøy,2,2014,1623,1623,8N05907,0,Nesøy,-0.0025685471121849844,5185,0.2422655406514571,50
7,Onøy og Lurøy,2,2014,4229,4229,8651761,6,Indre Kvarøy,-0.002571469040052512,5186,0.2422655406514571,50
7,Onøy og Lurøy,2,2014,2819,2819,8N72448,3,Selvær,-0.002574912739079997,5187,0.2422655406514571,50
7,Onøy og Lurøy,2,2014,4300,4300,8681076,5,Hestmannøy,-0.002590530178392601,5188,0.2422655406514571,50
7,Onøy og Lurøy,2,2014,4522,4522,8747167,8,Lovund,-0.0025912040786192094,5189,0.2422655406514571,50
7,Onøy og Lurøy,2,2014,1660,1660,8N06398,10,Aldra,-0.002592284090962593,5190,0.2422655406514571,50
7,Onøy og Lurøy,2,2014,4246,4246,8651883,4,Gjerøy,-0.0026104817851225616,5191,0.2422655406514571,50
7,Onøy og Lurøy,2,2014,746,746,8M31476,5,Hestmannøy,-0.0026129255098013018,5192,0.2422655406514571,50
7,Onøy og Lurøy,2,2014,1288,1288,8N05166,12,Southern 2,-0.002615573702107279,5193,0.2422655406514571,50
7,Onøy og Lurøy,2,2014,2901,2901,8N72902,13,Southern 3,-0.0026172412321650517,5194,0.2422655406514571,50
7,Onøy og Lurøy,2,2014,3197,3197,8N73623,13,Southern 3,-0.002637815781673811,5195,0.2422655406514571,50
7,Onøy og Lurøy,2,2014,1579,1579,8N05827,4,Gjerøy,-0.0026440730408641365,5196,0.2422655406514571,50
7,Onøy og Lurøy,2,2014,3095,3095,8N73446,11,Southern 1,-0.002645285832249213,5197,0.2422655406514571,50
7,Onøy og Lurøy,2,2014,652,652,8L89739,10,Aldra,-0.0026463865146944643,5198,0.2422655406514571,50
7,Onøy og Lurøy,2,2014,4960,4960,8887406,10,Aldra,-0.00264961432073796,5199,0.2422655406514571,50
7,Onøy og Lurøy,2,2014,687,687,8M31164,2,Træna,-0.002651312910588304,5200,0.2422655406514571,50
7,Onøy og Lurøy,2,2014,2530,2530,8N28358,2,Træna,-0.0026542474827310142,5201,0.2422655406514571,50
7,Onøy og Lurøy,2,2014,2836,2836,8N72574,4,Gjerøy,-0.002658781015324444,5202,0.2422655406514571,50
7,Onøy og Lurøy,2,2014,2051,2051,8N14002,6,Indre Kvarøy,-0.002660115722004237,5203,0.2422655406514571,50
7,Onøy og Lurøy,2,2014,3869,3869,8P11833,15,Southern 5,-0.0026630087648719784,5204,0.2422655406514571,50
7,Onøy og Lurøy,2,2014,153,153,8L30782,4,Gjerøy,-0.0026774376728699333,5205,0.2422655406514571,50
7,Onøy og Lurøy,2,2014,1232,1232,8N05110,12,Southern 2,-0.0026777549654571488,5206,0.2422655406514571,50
7,Onøy og Lurøy,2,2014,2586,2586,8N28767,4,Gjerøy,-0.0026837633395592653,5207,0.2422655406514571,50
7,Onøy og Lurøy,2,2014,1685,1685,8N06481,12,Southern 2,-0.002684499682432549,5208,0.2422655406514571,50
7,Onøy og Lurøy,2,2014,3216,3216,8N73642,13,Southern 3,-0.0026918497373088464,5209,0.2422655406514571,50
7,Onøy og Lurøy,2,2014,3947,3947,8P14717,5,Hestmannøy,-0.002695276830877561,5210,0.2422655406514571,50
7,Onøy og Lurøy,2,2014,4888,4888,8857946,3,Selvær,-0.002720518401344215,5211,0.2422655406514571,50
7,Onøy og Lurøy,2,2014,4214,4214,8651543,4,Gjerøy,-0.0027210558401173472,5212,0.2422655406514571,50
7,Onøy og Lurøy,2,2014,2825,2825,8N72490,3,Selvær,-0.002723551401529445,5213,0.2422655406514571,50
7,Onøy og Lurøy,2,2014,3446,3446,8N87353,4,Gjerøy,-0.0027507533653789227,5214,0.2422655406514571,50
7,Onøy og Lurøy,2,2014,584,584,8L89436,5,Hestmannøy,-0.0027590111021737118,5215,0.2422655406514571,50
7,Onøy og Lurøy,2,2014,3258,3258,8N73684,13,Southern 3,-0.00276160883814986,5216,0.2422655406514571,50
7,Onøy og Lurøy,2,2014,3236,3236,8N73662,13,Southern 3,-0.0027734414507875694,5217,0.2422655406514571,50
7,Onøy og Lurøy,2,2014,3223,3223,8N73649,13,Southern 3,-0.0027830586017930205,5218,0.2422655406514571,50
7,Onøy og Lurøy,2,2014,618,618,8L89626,4,Gjerøy,-0.0027984780997177354,5219,0.2422655406514571,50
7,Onøy og Lurøy,2,2014,4315,4315,8681200,4,Gjerøy,-0.0028010437409419888,5220,0.2422655406514571,50
7,Onøy og Lurøy,2,2014,3824,3824,8P11550,14,Southern 4,-0.002809280849227529,5221,0.2422655406514571,50
7,Onøy og Lurøy,2,2014,5161,5161,8939451,9,Sleneset,-0.002818542953045198,5222,0.2422655406514571,50
7,Onøy og Lurøy,2,2014,3440,3440,8N87325,6,Indre Kvarøy,-0.0028205240830195093,5223,0.2422655406514571,50
7,Onøy og Lurøy,2,2014,2380,2380,8N27092,14,Southern 4,-0.0028272005347730615,5224,0.2422655406514571,50
7,Onøy og Lurøy,2,2014,2342,2342,8N14961,5,Hestmannøy,-0.002827261200149609,5225,0.2422655406514571,50
7,Onøy og Lurøy,2,2014,2846,2846,8N72655,5,Hestmannøy,-0.00283939705035017,5226,0.2422655406514571,50
7,Onøy og Lurøy,2,2014,4081,4081,8P26528,9,Sleneset,-0.0028426874958564375,5227,0.2422655406514571,50
7,Onøy og Lurøy,2,2014,4130,4130,8309128,5,Hestmannøy,-0.002845648948220333,5228,0.2422655406514571,50
7,Onøy og Lurøy,2,2014,1226,1226,8N05104,12,Southern 2,-0.002875881010697806,5229,0.2422655406514571,50
7,Onøy og Lurøy,2,2014,2704,2704,8N42523,5,Hestmannøy,-0.002876727431698671,5230,0.2422655406514571,50
7,Onøy og Lurøy,2,2014,3048,3048,8N73291,2,Træna,-0.0028797282860856593,5231,0.2422655406514571,50
7,Onøy og Lurøy,2,2014,2747,2747,8N42735,4,Gjerøy,-0.002880879905717639,5232,0.2422655406514571,50
7,Onøy og Lurøy,2,2014,642,642,8L89714,4,Gjerøy,-0.0028910819178369625,5233,0.2422655406514571,50
7,Onøy og Lurøy,2,2014,5336,5336,8981220,11,Southern 1,-0.002910650972562208,5234,0.2422655406514571,50
7,Onøy og Lurøy,2,2014,8,8,8L19578,8,Lovund,-0.0029114303663510493,5235,0.2422655406514571,50
7,Onøy og Lurøy,2,2014,2434,2434,8N27449,6,Indre Kvarøy,-0.002916881487186706,5236,0.2422655406514571,50
7,Onøy og Lurøy,2,2014,3230,3230,8N73657,13,Southern 3,-0.002922563112164767,5237,0.2422655406514571,50
7,Onøy og Lurøy,2,2014,5063,5063,8934400,1,Myken,-0.0029442978942073868,5238,0.2422655406514571,50
7,Onøy og Lurøy,2,2014,4938,4938,8887315,6,Indre Kvarøy,-0.0029531437396269557,5239,0.2422655406514571,50
7,Onøy og Lurøy,2,2014,1665,1665,8N06461,8,Lovund,-0.0029611957529863276,5240,0.2422655406514571,50
7,Onøy og Lurøy,2,2014,2345,2345,8N14992,4,Gjerøy,-0.0029644501320756377,5241,0.2422655406514571,50
7,Onøy og Lurøy,2,2014,2573,2573,8N28693,5,Hestmannøy,-0.002975781073455031,5242,0.2422655406514571,50
7,Onøy og Lurøy,2,2014,4504,4504,8747062,9,Sleneset,-0.0029787778930818443,5243,0.2422655406514571,50
7,Onøy og Lurøy,2,2014,4310,4310,8681175,4,Gjerøy,-0.00301064705565802,5244,0.2422655406514571,50
7,Onøy og Lurøy,2,2014,4638,4638,8747781,4,Gjerøy,-0.0030261424348112763,5245,0.2422655406514571,50
7,Onøy og Lurøy,2,2014,3146,3146,8N73498,12,Southern 2,-0.0030424635034846915,5246,0.2422655406514571,50
7,Onøy og Lurøy,2,2014,3338,3338,8N73949,12,Southern 2,-0.00305644713536674,5247,0.2422655406514571,50
7,Onøy og Lurøy,2,2014,306,306,8L52335,12,Southern 2,-0.003061292920210454,5248,0.2422655406514571,50
7,Onøy og Lurøy,2,2014,4810,4810,8816427,1,Myken,-0.0030630846993728905,5249,0.2422655406514571,50
7,Onøy og Lurøy,2,2014,1135,1135,8M72656,0,Nesøy,-0.003068713828419826,5250,0.2422655406514571,50
7,Onøy og Lurøy,2,2014,2973,2973,8N73052,5,Hestmannøy,-0.003071706422302317,5251,0.2422655406514571,50
7,Onøy og Lurøy,2,2014,3286,3286,8N73823,6,Indre Kvarøy,-0.003080226144678021,5252,0.2422655406514571,50
7,Onøy og Lurøy,2,2014,2711,2711,8N42534,4,Gjerøy,-0.0030805751083039247,5253,0.2422655406514571,50
7,Onøy og Lurøy,2,2014,113,113,8L30597,0,Nesøy,-0.0030814774242338815,5254,0.2422655406514571,50
7,Onøy og Lurøy,2,2014,4419,4419,8730932,3,Selvær,-0.0030830176342262192,5255,0.2422655406514571,50
7,Onøy og Lurøy,2,2014,3954,3954,8P14658,2,Træna,-0.0031024264456560448,5256,0.2422655406514571,50
7,Onøy og Lurøy,2,2014,5230,5230,8943023,5,Hestmannøy,-0.0031369628599763775,5257,0.2422655406514571,50
7,Onøy og Lurøy,2,2014,5292,5292,8943880,5,Hestmannøy,-0.003144036433402698,5258,0.2422655406514571,50
7,Onøy og Lurøy,2,2014,1541,1541,8N05686,15,Southern 5,-0.0031491427701989634,5259,0.2422655406514571,50
7,Onøy og Lurøy,2,2014,4376,4376,8730444,1,Myken,-0.0031501098783780707,5260,0.2422655406514571,50
7,Onøy og Lurøy,2,2014,4420,4420,8730938,3,Selvær,-0.003152007646697907,5261,0.2422655406514571,50
7,Onøy og Lurøy,2,2014,1446,1446,8N05472,6,Indre Kvarøy,-0.0031545572708418586,5262,0.2422655406514571,50
7,Onøy og Lurøy,2,2014,3405,3405,8N87071,5,Hestmannøy,-0.0031704186232745435,5263,0.2422655406514571,50
7,Onøy og Lurøy,2,2014,1468,1468,8N05606,14,Southern 4,-0.0031828089326915807,5264,0.2422655406514571,50
7,Onøy og Lurøy,2,2014,5122,5122,8939095,10,Aldra,-0.0031870685333695004,5265,0.2422655406514571,50
7,Onøy og Lurøy,2,2014,1167,1167,8M72818,5,Hestmannøy,-0.00319384274277556,5266,0.2422655406514571,50
7,Onøy og Lurøy,2,2014,4129,4129,8168772,5,Hestmannøy,-0.0032191969298689493,5267,0.2422655406514571,50
7,Onøy og Lurøy,2,2014,4762,4762,8800437,6,Indre Kvarøy,-0.0032222318753884916,5268,0.2422655406514571,50
7,Onøy og Lurøy,2,2014,2481,2481,8N27908,4,Gjerøy,-0.0032331875609535165,5269,0.2422655406514571,50
7,Onøy og Lurøy,2,2014,877,877,8M71098,5,Hestmannøy,-0.0032338993466714517,5270,0.2422655406514571,50
7,Onøy og Lurøy,2,2014,2091,2091,8N14181,6,Indre Kvarøy,-0.0032353283476989547,5271,0.2422655406514571,50
7,Onøy og Lurøy,2,2014,718,718,8M31304,4,Gjerøy,-0.0032582500162964267,5272,0.2422655406514571,50
7,Onøy og Lurøy,2,2014,1556,1556,8N05707,4,Gjerøy,-0.0032632980167602754,5273,0.2422655406514571,50
7,Onøy og Lurøy,2,2014,3517,3517,8N87574,11,Southern 1,-0.0032731996106503936,5274,0.2422655406514571,50
7,Onøy og Lurøy,2,2014,5215,5215,8L57872,8,Lovund,-0.003298553123603546,5275,0.2422655406514571,50
7,Onøy og Lurøy,2,2014,4405,4405,8730551,3,Selvær,-0.0033061715848942807,5276,0.2422655406514571,50
7,Onøy og Lurøy,2,2014,840,840,8M31923,5,Hestmannøy,-0.00330821466437816,5277,0.2422655406514571,50
7,Onøy og Lurøy,2,2014,4826,4826,8816930,4,Gjerøy,-0.003319639619460133,5278,0.2422655406514571,50
7,Onøy og Lurøy,2,2014,5052,5052,8934343,10,Aldra,-0.003371066013009208,5279,0.2422655406514571,50
7,Onøy og Lurøy,2,2014,180,180,8L48310,5,Hestmannøy,-0.0033830904899753793,5280,0.2422655406514571,50
7,Onøy og Lurøy,2,2014,1000,1000,8M71504,4,Gjerøy,-0.00340089344478671,5281,0.2422655406514571,50
7,Onøy og Lurøy,2,2014,4705,4705,8800066,4,Gjerøy,-0.0034461222701524393,5282,0.2422655406514571,50
7,Onøy og Lurøy,2,2014,5295,5295,8943894,5,Hestmannøy,-0.0034598671773971167,5283,0.2422655406514571,50
7,Onøy og Lurøy,2,2014,1220,1220,8N05063,4,Gjerøy,-0.0034612918460541903,5284,0.2422655406514571,50
7,Onøy og Lurøy,2,2014,232,232,8L48661,5,Hestmannøy,-0.0034641979640335054,5285,0.2422655406514571,50
7,Onøy og Lurøy,2,2014,274,274,8L52205,8,Lovund,-0.003489528536507888,5286,0.2422655406514571,50
7,Onøy og Lurøy,2,2014,4576,4576,8747532,5,Hestmannøy,-0.003490563905602525,5287,0.2422655406514571,50
7,Onøy og Lurøy,2,2014,2438,2438,8N27476,2,Træna,-0.0035078597219201668,5288,0.2422655406514571,50
7,Onøy og Lurøy,2,2014,707,707,8M31281,10,Aldra,-0.0035152745342709774,5289,0.2422655406514571,50
7,Onøy og Lurøy,2,2014,5023,5023,8934064,5,Hestmannøy,-0.003540073171845951,5290,0.2422655406514571,50
7,Onøy og Lurøy,2,2014,1758,1758,8N06800,5,Hestmannøy,-0.0035594760505691715,5291,0.2422655406514571,50
7,Onøy og Lurøy,2,2014,1206,1206,8M72972,5,Hestmannøy,-0.003589509195513285,5292,0.2422655406514571,50
7,Onøy og Lurøy,2,2014,1116,1116,8M72602,5,Hestmannøy,-0.0035982954775399378,5293,0.2422655406514571,50
7,Onøy og Lurøy,2,2014,3163,3163,8N73527,4,Gjerøy,-0.003601441439043025,5294,0.2422655406514571,50
7,Onøy og Lurøy,2,2014,4098,4098,8118433,4,Gjerøy,-0.003602461041068931,5295,0.2422655406514571,50
7,Onøy og Lurøy,2,2014,5323,5323,8981156,12,Southern 2,-0.0036122368404984044,5296,0.2422655406514571,50
7,Onøy og Lurøy,2,2014,1568,1568,8N05726,5,Hestmannøy,-0.0036389368961747184,5297,0.2422655406514571,50
7,Onøy og Lurøy,2,2014,4250,4250,8651907,2,Træna,-0.0036433096175371234,5298,0.2422655406514571,50
7,Onøy og Lurøy,2,2014,5151,5151,8939352,5,Hestmannøy,-0.0036489869518552065,5299,0.2422655406514571,50
7,Onøy og Lurøy,2,2014,4603,4603,8747636,4,Gjerøy,-0.0036713398480372333,5300,0.2422655406514571,50
7,Onøy og Lurøy,2,2014,5256,5256,8943263,11,Southern 1,-0.0037030453454310643,5301,0.2422655406514571,50
7,Onøy og Lurøy,2,2014,2651,2651,8N42143,2,Træna,-0.003732131427982805,5302,0.2422655406514571,50
7,Onøy og Lurøy,2,2014,594,594,8L89503,5,Hestmannøy,-0.0037462819163836714,5303,0.2422655406514571,50
7,Onøy og Lurøy,2,2014,3972,3972,8P14835,4,Gjerøy,-0.003785793037762604,5304,0.2422655406514571,50
7,Onøy og Lurøy,2,2014,5040,5040,8934231,3,Selvær,-0.0038524929955157158,5305,0.2422655406514571,50
7,Onøy og Lurøy,2,2014,2667,2667,8N42273,5,Hestmannøy,-0.003855033609376347,5306,0.2422655406514571,50
7,Onøy og Lurøy,2,2014,551,551,8L89324,5,Hestmannøy,-0.0038820123927027017,5307,0.2422655406514571,50
7,Onøy og Lurøy,2,2014,2730,2730,8N42705,5,Hestmannøy,-0.003903134170256769,5308,0.2422655406514571,50
7,Onøy og Lurøy,2,2014,2344,2344,8N14984,6,Indre Kvarøy,-0.003934376850219047,5309,0.2422655406514571,50
7,Onøy og Lurøy,2,2014,4176,4176,8573156,4,Gjerøy,-0.003937750926693754,5310,0.2422655406514571,50
7,Onøy og Lurøy,2,2014,5264,5264,8943470,2,Træna,-0.003939579843597059,5311,0.2422655406514571,50
7,Onøy og Lurøy,2,2014,1176,1176,8M72879,6,Indre Kvarøy,-0.003941974619506502,5312,0.2422655406514571,50
7,Onøy og Lurøy,2,2014,785,785,8M31651,14,Southern 4,-0.003957499974828933,5313,0.2422655406514571,50
7,Onøy og Lurøy,2,2014,4701,4701,8800059,4,Gjerøy,-0.003959391160911458,5314,0.2422655406514571,50
7,Onøy og Lurøy,2,2014,4724,4724,8800168,10,Aldra,-0.003988030882537666,5315,0.2422655406514571,50
7,Onøy og Lurøy,2,2014,3073,3073,8N73406,4,Gjerøy,-0.003988908960335674,5316,0.2422655406514571,50
7,Onøy og Lurøy,2,2014,4485,4485,8732660,5,Hestmannøy,-0.00399367819066215,5317,0.2422655406514571,50
7,Onøy og Lurøy,2,2014,5024,5024,8934066,5,Hestmannøy,-0.004004864190445906,5318,0.2422655406514571,50
7,Onøy og Lurøy,2,2014,3015,3015,8N73217,12,Southern 2,-0.004072683930893253,5319,0.2422655406514571,50
7,Onøy og Lurøy,2,2014,1650,1650,8N06311,5,Hestmannøy,-0.004075367254071175,5320,0.2422655406514571,50
7,Onøy og Lurøy,2,2014,2707,2707,8N42530,0,Nesøy,-0.004076468900140028,5321,0.2422655406514571,50
7,Onøy og Lurøy,2,2014,29,29,8L19862,6,Indre Kvarøy,-0.004082055056756069,5322,0.2422655406514571,50
7,Onøy og Lurøy,2,2014,4719,4719,8800146,9,Sleneset,-0.004111736878724881,5323,0.2422655406514571,50
7,Onøy og Lurøy,2,2014,4256,4256,8651998,5,Hestmannøy,-0.004120937031922443,5324,0.2422655406514571,50
7,Onøy og Lurøy,2,2014,2841,2841,8N72603,4,Gjerøy,-0.004121981270209438,5325,0.2422655406514571,50
7,Onøy og Lurøy,2,2014,790,790,8M31713,5,Hestmannøy,-0.00413360165909934,5326,0.2422655406514571,50
7,Onøy og Lurøy,2,2014,5425,5425,8981920,6,Indre Kvarøy,-0.0041704592698941,5327,0.2422655406514571,50
7,Onøy og Lurøy,2,2014,1996,1996,8N13697,13,Southern 3,-0.004180731227813298,5328,0.2422655406514571,50
7,Onøy og Lurøy,2,2014,2737,2737,8N42716,4,Gjerøy,-0.004190209423690522,5329,0.2422655406514571,50
7,Onøy og Lurøy,2,2014,3210,3210,8N73636,13,Southern 3,-0.004211617533265726,5330,0.2422655406514571,50
7,Onøy og Lurøy,2,2014,1028,1028,8M71831,4,Gjerøy,-0.004212372868471897,5331,0.2422655406514571,50
7,Onøy og Lurøy,2,2014,4342,4342,8681385,3,Selvær,-0.0042278438897084235,5332,0.2422655406514571,50
7,Onøy og Lurøy,2,2014,2842,2842,8N72616,5,Hestmannøy,-0.004239772028849915,5333,0.2422655406514571,50
7,Onøy og Lurøy,2,2014,5163,5163,8939475,3,Selvær,-0.004255522037972891,5334,0.2422655406514571,50
7,Onøy og Lurøy,2,2014,3779,3779,8P11319,4,Gjerøy,-0.004276489541555837,5335,0.2422655406514571,50
7,Onøy og Lurøy,2,2014,3335,3335,8N73946,12,Southern 2,-0.0042769439276530204,5336,0.2422655406514571,50
7,Onøy og Lurøy,2,2014,5022,5022,8934062,5,Hestmannøy,-0.004278962368236721,5337,0.2422655406514571,50
7,Onøy og Lurøy,2,2014,2196,2196,8N14582,11,Southern 1,-0.004308370867123146,5338,0.2422655406514571,50
7,Onøy og Lurøy,2,2014,5120,5120,8939086,5,Hestmannøy,-0.00430900973359203,5339,0.2422655406514571,50
7,Onøy og Lurøy,2,2014,4287,4287,8681059,6,Indre Kvarøy,-0.004328157945524278,5340,0.2422655406514571,50
7,Onøy og Lurøy,2,2014,716,716,8M31297,6,Indre Kvarøy,-0.0043693063137748836,5341,0.2422655406514571,50
7,Onøy og Lurøy,2,2014,3482,3482,8N87539,11,Southern 1,-0.00439098543137079,5342,0.2422655406514571,50
7,Onøy og Lurøy,2,2014,4046,4046,8N14981,6,Indre Kvarøy,-0.00441284722572365,5343,0.2422655406514571,50
7,Onøy og Lurøy,2,2014,5017,5017,8934042,9,Sleneset,-0.004431635318681381,5344,0.2422655406514571,50
7,Onøy og Lurøy,2,2014,4713,4713,8800095,6,Indre Kvarøy,-0.004443883278301656,5345,0.2422655406514571,50
7,Onøy og Lurøy,2,2014,4439,4439,8732235,2,Træna,-0.0044471888173253146,5346,0.2422655406514571,50
7,Onøy og Lurøy,2,2014,1031,1031,8M71865,5,Hestmannøy,-0.004465407985791287,5347,0.2422655406514571,50
7,Onøy og Lurøy,2,2014,5093,5093,8934577,8,Lovund,-0.00447819105482399,5348,0.2422655406514571,50
7,Onøy og Lurøy,2,2014,1618,1618,8N05896,11,Southern 1,-0.004518908196573353,5349,0.2422655406514571,50
7,Onøy og Lurøy,2,2014,4099,4099,8118435,4,Gjerøy,-0.004577635246404315,5350,0.2422655406514571,50
7,Onøy og Lurøy,2,2014,973,973,8M71407,0,Nesøy,-0.0046882550622213545,5351,0.2422655406514571,50
7,Onøy og Lurøy,2,2014,3874,3874,8P11894,14,Southern 4,-0.004693522077469587,5352,0.2422655406514571,50
7,Onøy og Lurøy,2,2014,72,72,8L26595,6,Indre Kvarøy,-0.004710281525160316,5353,0.2422655406514571,50
7,Onøy og Lurøy,2,2014,4689,4689,8800022,5,Hestmannøy,-0.004714586412460665,5354,0.2422655406514571,50
7,Onøy og Lurøy,2,2014,1363,1363,8N05242,13,Southern 3,-0.004727722241755501,5355,0.2422655406514571,50
7,Onøy og Lurøy,2,2014,1643,1643,8N06293,2,Træna,-0.004744725660192858,5356,0.2422655406514571,50
7,Onøy og Lurøy,2,2014,5111,5111,8934899,0,Nesøy,-0.004748992608898449,5357,0.2422655406514571,50
7,Onøy og Lurøy,2,2014,2045,2045,8N13981,5,Hestmannøy,-0.0047633670145766464,5358,0.2422655406514571,50
7,Onøy og Lurøy,2,2014,115,115,8L30599,5,Hestmannøy,-0.0047704580447342415,5359,0.2422655406514571,50
7,Onøy og Lurøy,2,2014,169,169,8L30898,5,Hestmannøy,-0.004797915687081997,5360,0.2422655406514571,50
7,Onøy og Lurøy,2,2014,5058,5058,8934373,5,Hestmannøy,-0.004806996741340575,5361,0.2422655406514571,50
7,Onøy og Lurøy,2,2014,231,231,8L48651,5,Hestmannøy,-0.0048157291491278545,5362,0.2422655406514571,50
7,Onøy og Lurøy,2,2014,4266,4266,8681012,5,Hestmannøy,-0.004831340632369398,5363,0.2422655406514571,50
7,Onøy og Lurøy,2,2014,5021,5021,8934059,5,Hestmannøy,-0.004840373925819627,5364,0.2422655406514571,50
7,Onøy og Lurøy,2,2014,172,172,8L30917,2,Træna,-0.004853376096083768,5365,0.2422655406514571,50
7,Onøy og Lurøy,2,2014,4656,4656,8747901,0,Nesøy,-0.00485540788207865,5366,0.2422655406514571,50
7,Onøy og Lurøy,2,2014,4839,4839,8816955,4,Gjerøy,-0.004888719630249477,5367,0.2422655406514571,50
7,Onøy og Lurøy,2,2014,3719,3719,8N87940,13,Southern 3,-0.004909290646183544,5368,0.2422655406514571,50
7,Onøy og Lurøy,2,2014,1429,1429,8M71867,5,Hestmannøy,-0.004959585182038005,5369,0.2422655406514571,50
7,Onøy og Lurøy,2,2014,543,543,8L89276,5,Hestmannøy,-0.004997892275853395,5370,0.2422655406514571,50
7,Onøy og Lurøy,2,2014,909,909,8M71247,4,Gjerøy,-0.005069940523596506,5371,0.2422655406514571,50
7,Onøy og Lurøy,2,2014,1381,1381,8N05261,13,Southern 3,-0.005097764014912145,5372,0.2422655406514571,50
7,Onøy og Lurøy,2,2014,4457,4457,8732505,8,Lovund,-0.005190537989038889,5373,0.2422655406514571,50
7,Onøy og Lurøy,2,2014,1883,1883,8N13419,2,Træna,-0.005249801926317522,5374,0.2422655406514571,50
7,Onøy og Lurøy,2,2014,4662,4662,8747948,4,Gjerøy,-0.005275286503407266,5375,0.2422655406514571,50
7,Onøy og Lurøy,2,2014,192,192,8L48365,5,Hestmannøy,-0.0053135920012637615,5376,0.2422655406514571,50
7,Onøy og Lurøy,2,2014,2669,2669,8N42276,5,Hestmannøy,-0.005421602883610992,5377,0.2422655406514571,50
7,Onøy og Lurøy,2,2014,4135,4135,8309155,6,Indre Kvarøy,-0.005424647408305827,5378,0.2422655406514571,50
7,Onøy og Lurøy,2,2014,5066,5066,8934404,8,Lovund,-0.005493648054554906,5379,0.2422655406514571,50
7,Onøy og Lurøy,2,2014,3685,3685,8N87905,13,Southern 3,-0.005520069919236327,5380,0.2422655406514571,50
7,Onøy og Lurøy,2,2014,1526,1526,8N05671,15,Southern 5,-0.005537328206420654,5381,0.2422655406514571,50
7,Onøy og Lurøy,2,2014,449,449,8M71358,12,Southern 2,-0.0056215407305520194,5382,0.2422655406514571,50
7,Onøy og Lurøy,2,2014,1390,1390,8N05270,13,Southern 3,-0.005723320481179418,5383,0.2422655406514571,50
7,Onøy og Lurøy,2,2014,4252,4252,8651952,5,Hestmannøy,-0.005725656882272433,5384,0.2422655406514571,50
7,Onøy og Lurøy,2,2014,1421,1421,8N05302,13,Southern 3,-0.005742899820301668,5385,0.2422655406514571,50
7,Onøy og Lurøy,2,2014,4413,4413,8730584,5,Hestmannøy,-0.005806090308219613,5386,0.2422655406514571,50
7,Onøy og Lurøy,2,2014,3531,3531,8N87589,11,Southern 1,-0.005984187303687684,5387,0.2422655406514571,50
7,Onøy og Lurøy,2,2014,4270,4270,8681028,5,Hestmannøy,-0.005998509305235254,5388,0.2422655406514571,50
7,Onøy og Lurøy,2,2014,5007,5007,8917954,2,Træna,-0.006016758681479174,5389,0.2422655406514571,50
7,Onøy og Lurøy,2,2014,1301,1301,8N05179,13,Southern 3,-0.006037555024322509,5390,0.2422655406514571,50
7,Onøy og Lurøy,2,2014,1133,1133,8M72653,0,Nesøy,-0.006044764903563284,5391,0.2422655406514571,50
7,Onøy og Lurøy,2,2014,1655,1655,8N06367,0,Nesøy,-0.006065568073330157,5392,0.2422655406514571,50
7,Onøy og Lurøy,2,2014,587,587,8L89460,10,Aldra,-0.006180199076196753,5393,0.2422655406514571,50
7,Onøy og Lurøy,2,2014,5108,5108,8934884,2,Træna,-0.006194465892602541,5394,0.2422655406514571,50
7,Onøy og Lurøy,2,2014,782,782,8M31634,4,Gjerøy,-0.006218775459571736,5395,0.2422655406514571,50
7,Onøy og Lurøy,2,2014,4181,4181,8573521,2,Træna,-0.00622711229051192,5396,0.2422655406514571,50
7,Onøy og Lurøy,2,2014,4241,4241,8651870,5,Hestmannøy,-0.006305880610869603,5397,0.2422655406514571,50
7,Onøy og Lurøy,2,2014,2679,2679,8N42441,14,Southern 4,-0.006337328000842469,5398,0.2422655406514571,50
7,Onøy og Lurøy,2,2014,5141,5141,8939180,5,Hestmannøy,-0.006337899722965298,5399,0.2422655406514571,50
7,Onøy og Lurøy,2,2014,4617,4617,8747703,5,Hestmannøy,-0.006375326922186139,5400,0.2422655406514571,50
7,Onøy og Lurøy,2,2014,257,257,8L48768,11,Southern 1,-0.0063862482863579475,5401,0.2422655406514571,50
7,Onøy og Lurøy,2,2014,14,14,8L19656,3,Selvær,-0.006399289926185842,5402,0.2422655406514571,50
7,Onøy og Lurøy,2,2014,886,886,8M71125,13,Southern 3,-0.006561910364165182,5403,0.2422655406514571,50
7,Onøy og Lurøy,2,2014,5405,5405,8981801,5,Hestmannøy,-0.006561994288107029,5404,0.2422655406514571,50
7,Onøy og Lurøy,2,2014,4838,4838,8816954,4,Gjerøy,-0.006577190144090626,5405,0.2422655406514571,50
7,Onøy og Lurøy,2,2014,3232,3232,8N73658,13,Southern 3,-0.006663535617107729,5406,0.2422655406514571,50
7,Onøy og Lurøy,2,2014,517,517,8L64970,5,Hestmannøy,-0.006729809736855117,5407,0.2422655406514571,50
7,Onøy og Lurøy,2,2014,2848,2848,8N72663,5,Hestmannøy,-0.006732591889431428,5408,0.2422655406514571,50
7,Onøy og Lurøy,2,2014,429,429,8L64055,11,Southern 1,-0.006755214047794775,5409,0.2422655406514571,50
7,Onøy og Lurøy,2,2014,2838,2838,8N72577,4,Gjerøy,-0.006883708651987983,5410,0.2422655406514571,50
7,Onøy og Lurøy,2,2014,3861,3861,8P11768,8,Lovund,-0.006944180605748431,5411,0.2422655406514571,50
7,Onøy og Lurøy,2,2014,468,468,8L64327,2,Træna,-0.007018208363196809,5412,0.2422655406514571,50
7,Onøy og Lurøy,2,2014,2312,2312,8N14803,9,Sleneset,-0.0074701674380921335,5413,0.2422655406514571,50
7,Onøy og Lurøy,2,2014,566,566,8L89376,5,Hestmannøy,-0.007590932145030788,5414,0.2422655406514571,50
7,Onøy og Lurøy,2,2014,135,135,8L30759,11,Southern 1,-0.007704494643502599,5415,0.2422655406514571,50
7,Onøy og Lurøy,2,2014,2548,2548,8N28499,2,Træna,-0.007836488896838452,5416,0.2422655406514571,50
7,Onøy og Lurøy,2,2014,630,630,8L89655,5,Hestmannøy,-0.008122514199526577,5417,0.2422655406514571,50
7,Onøy og Lurøy,2,2014,5277,5277,8943704,11,Southern 1,-0.008296538880980428,5418,0.2422655406514571,50
7,Onøy og Lurøy,2,2014,1962,1962,8N13663,13,Southern 3,-0.00833174332719817,5419,0.2422655406514571,50
7,Onøy og Lurøy,2,2014,4356,4356,8681466,5,Hestmannøy,-0.00838681423733975,5420,0.2422655406514571,50
7,Onøy og Lurøy,2,2014,4540,4540,8747224,5,Hestmannøy,-0.008436133802176924,5421,0.2422655406514571,50
7,Onøy og Lurøy,2,2014,2799,2799,8N72269,6,Indre Kvarøy,-0.008465348873095855,5422,0.2422655406514571,50
7,Onøy og Lurøy,2,2014,5197,5197,8939733,5,Hestmannøy,-0.008713404682959168,5423,0.2422655406514571,50
7,Onøy og Lurøy,2,2014,5143,5143,8939184,1,Myken,-0.008947815161098337,5424,0.2422655406514571,50
7,Onøy og Lurøy,2,2014,2502,2502,8N28005,2,Træna,-0.009009562009353227,5425,0.2422655406514571,50
7,Onøy og Lurøy,2,2014,184,184,8L48314,5,Hestmannøy,-0.009317260435836978,5426,0.2422655406514571,50
7,Onøy og Lurøy,2,2014,3948,3948,8P14622,2,Træna,-0.00937265508581973,5427,0.2422655406514571,50
7,Onøy og Lurøy,2,2014,2343,2343,8N14962,5,Hestmannøy,-0.00946399635910913,5428,0.2422655406514571,50
7,Onøy og Lurøy,2,2014,1384,1384,8N05264,13,Southern 3,-0.010155671046157125,5429,0.2422655406514571,50
7,Onøy og Lurøy,2,2014,2526,2526,8N28285,2,Træna,-0.010290698817880474,5430,0.2422655406514571,50
7,Onøy og Lurøy,2,2014,2318,2318,8N14902,6,Indre Kvarøy,-0.010542556949042697,5431,0.2422655406514571,50
7,Onøy og Lurøy,2,2014,4650,4650,8747875,1,Myken,-0.010602443983272309,5432,0.2422655406514571,50
7,Onøy og Lurøy,2,2014,3392,3392,8N87052,5,Hestmannøy,-0.011004197077247702,5433,0.2422655406514571,50
7,Onøy og Lurøy,2,2014,1826,1826,8N06889,11,Southern 1,-0.011228174054871698,5434,0.2422655406514571,50
7,Onøy og Lurøy,2,2014,942,942,8M71321,5,Hestmannøy,-0.011976636318743447,5435,0.2422655406514571,50
7,Onøy og Lurøy,2,2014,4509,4509,8747102,5,Hestmannøy,-0.013517108997135298,5436,0.2422655406514571,50
7,Onøy og Lurøy,2,2014,4991,4991,8917801,2,Træna,-0.0138444115632491,5437,0.2422655406514571,50
7,Onøy og Lurøy,2,2014,3805,3805,8P11530,15,Southern 5,-0.014132741325285305,5438,0.2422655406514571,50
