ringnr,island,score,rank
8887370,5,-0.0037624798860633746,0
8N42716,4,-0.0017528702592244372,1
8747224,5,-0.0016503429651493207,2
8L89399,6,-0.0016184833802981302,3
8981657,2,-0.0016092132282210514,4
8M72707,6,-0.0013698727416340262,5
8816949,4,-0.0013644580321852118,6
8816954,4,-0.0013409462189883925,7
8L64587,12,-0.0013245038790046237,8
8M71867,5,-0.0012508961444837041,9
8M71865,5,-0.0012298646834096871,10
8N42715,4,-0.0012273001775611192,11
8887342,5,-0.0012083097790309694,12
8L89654,5,-0.0011908237720490433,13
8981214,12,-0.0011622386518865824,14
8981031,4,-0.0011520242842379957,15
8681038,5,-0.001143213205068605,16
8981156,12,-0.0011245537461945787,17
8668476,5,-0.0011103178367193323,18
8943897,5,-0.0010863333191082347,19
8681028,5,-0.0010854192805709317,20
8N13927,5,-0.0010691219576983713,21
8P14856,14,-0.00104435438697692,22
8P11750,7,-0.0010314352293789852,23
8P11538,15,-0.0010260286326229107,24
8N05682,15,-0.001017252419842407,25
8P11894,14,-0.0010046636634797323,26
8794352,1,-0.0009867002390819835,27
8981604,10,-0.0009808976465137675,28
8730486,5,-0.0009710240483400412,29
8934059,5,-0.00096999829474953,30
8939184,1,-0.0009692859475762816,31
8M72666,5,-0.0009671597290434875,32
8N73409,4,-0.000944168925343547,33
8730417,4,-0.0009342073899460956,34
8N05299,13,-0.0009315278621215839,35
8N73460,11,-0.0009272622628486715,36
8N14968,7,-0.0009253860916942358,37
8L48651,5,-0.0009251641058654059,38
8573608,7,-0.0009237456251867115,39
8M72580,11,-0.0009197562249028124,40
8N42988,14,-0.0009067423343367409,41
8N72678,11,-0.0009065016129170544,42
8P14992,14,-0.0009054110414581373,43
8N27902,1,-0.0009040646655193996,44
8681371,5,-0.0008993561204988509,45
8M31789,11,-0.0008959012666309718,46
8M31764,11,-0.0008955307603173424,47
8L19729,4,-0.0008943548273236956,48
8681069,9,-0.0008743054422666319,49
8800077,5,-0.0008714001305634156,50
8934077,5,-0.0008652468859509099,51
8N27119,7,-0.000862265502291848,52
8N06311,5,-0.0008542120012862142,53
8N06293,2,-0.000853449590067612,54
8N05726,5,-0.0008479077041556593,55
8681396,7,-0.0008466708895866759,56
8M31824,12,-0.0008442251273663715,57
8747732,7,-0.0008423183571721893,58
8N42989,14,-0.0008401530794799328,59
8N14902,6,-0.0008359804678548244,60
8800171,10,-0.000832799298223108,61
8747735,7,-0.0008327176110469736,62
8N87515,11,-0.0008323904112330638,63
8N87978,13,-0.0008286761039926205,64
8981962,2,-0.0008269762765849009,65
8N73954,12,-0.0008268499077530578,66
8M31109,12,-0.0008260401518782601,67
8N05534,5,-0.0008132636030495632,68
8N73406,4,-0.0008110974695227924,69
8N05709,5,-0.0008091928320936859,70
8800102,10,-0.0008074279612628743,71
8M72996,10,-0.000804567458544625,72
8N42729,5,-0.0007896294446254615,73
8N87526,11,-0.000785500553320162,74
8L48314,5,-0.0007852297858335078,75
8816486,5,-0.0007752727324259467,76
8N05640,14,-0.0007615076101501472,77
8N06359,5,-0.0007611742912558839,78
8943805,1,-0.0007574186420242768,79
8L89371,5,-0.0007444268576364266,80
8L89547,12,-0.0007440558656526264,81
8L30396,2,-0.0007401179791486356,82
8943009,5,-0.0007381559207715327,83
8L26597,6,-0.0007362706382991746,84
8800066,4,-0.0007356927999353502,85
8M31164,2,-0.0007324536600208376,86
8N73573,6,-0.0007273791579791578,87
8747758,5,-0.000726733011106262,88
8N06481,12,-0.00071944878436625,89
8N73533,5,-0.000717602397344308,90
8934888,7,-0.0007167047879192978,91
8M31634,4,-0.0007164824746723752,92
8N87836,14,-0.0007153386504796799,93
8N28784,14,-0.0007116096785466652,94
8M31504,4,-0.0007093599997460842,95
8651998,5,-0.0007081085641402751,96
8P14063,5,-0.0006973154340812471,97
8N28864,4,-0.0006971169314056169,98
8N73526,4,-0.0006962928782741074,99
8732656,5,-0.0006958114718145225,100
8N05223,12,-0.0006913413017173298,101
8N28792,15,-0.0006910830998094752,102
8N42706,4,-0.0006904207075422164,103
8N72664,5,-0.0006897830426169094,104
8L19960,10,-0.0006891558441566303,105
8M72708,6,-0.0006866222684038803,106
8N05644,14,-0.0006863235685159452,107
8N05846,5,-0.000683169153489871,108
8L19921,5,-0.0006754225032636896,109
8P14196,5,-0.0006735214410582557,110
8M71492,13,-0.0006712470203638077,111
8P14847,14,-0.0006711325420383218,112
8P14861,14,-0.0006683192768832669,113
8P11559,14,-0.0006672767995041795,114
8681041,5,-0.0006670901748293545,115
8800663,12,-0.0006656400473730173,116
8800427,5,-0.0006595833001483697,117
8N73696,13,-0.0006592052668565884,118
8N06853,11,-0.0006590660850633867,119
8N73234,12,-0.0006583754038729239,120
8N42679,5,-0.0006559554385603406,121
8N73678,13,-0.0006545066535181832,122
8N06532,4,-0.0006520023052871693,123
8L89655,5,-0.0006504529155790806,124
8N27194,14,-0.0006497407230199315,125
8N05840,10,-0.0006485477115347749,126
8981399,12,-0.0006429647473851219,127
8N14808,5,-0.0006427577263821149,128
8N05695,15,-0.0006425249666790478,129
8N87592,11,-0.0006414364379452309,130
8N73052,5,-0.0006412847396859434,131
8L89614,4,-0.0006400341480912175,132
8L89276,5,-0.0006383352520060726,133
8816418,4,-0.00063808768754825,134
8309175,4,-0.0006378164762281813,135
8681454,5,-0.000635703865555115,136
8N28898,14,-0.0006346097179630306,137
8N06944,4,-0.0006340565450955182,138
8N73220,12,-0.0006334191657515476,139
8L30164,12,-0.0006330457927106181,140
8800489,10,-0.0006300029926933348,141
8L89384,5,-0.0006272075625020079,142
8939180,5,-0.0006261606977204792,143
8N87553,11,-0.0006249273251341947,144
8M31781,11,-0.0006205543977557682,145
8L48415,7,-0.0006192100699990988,146
8P26701,7,-0.0006173156780278077,147
8N72986,2,-0.0006129195171524771,148
8N27091,14,-0.0006127924534666818,149
8P14333,14,-0.0006124252595327562,150
8N05114,14,-0.0006122090435383143,151
8N72917,13,-0.000610986671745195,152
8M71489,13,-0.0006100087812228594,153
8L57758,2,-0.0006054787863831734,154
8N27412,5,-0.0006037185194145422,155
8M31543,6,-0.0006030546246620361,156
8L64915,4,-0.0005985878178762505,157
8N72616,5,-0.0005976997199468315,158
8981199,11,-0.000597371250478318,159
8730454,5,-0.0005968847654003184,160
8934884,2,-0.0005965063010080485,161
8N14531,11,-0.0005957147550361697,162
8N42273,5,-0.0005948030920990277,163
8857252,4,-0.0005946578239672817,164
8N14176,6,-0.000588865383178927,165
8934058,5,-0.0005875446804566309,166
8800330,7,-0.0005868043372174725,167
8816496,1,-0.000585903810133459,168
8N42858,5,-0.000585611380301998,169
8981220,11,-0.0005847036372870207,170
8939095,10,-0.00057789262427832,171
8887315,6,-0.000577614704525331,172
8816959,4,-0.0005752327233494725,173
8939897,5,-0.0005749995307269273,174
8N42276,5,-0.0005737019673688337,175
8N42985,14,-0.0005713958908017958,176
8L19919,5,-0.0005713103309972212,177
8M72420,13,-0.0005705637213395676,178
8N42545,7,-0.0005688467499567196,179
8N27907,6,-0.0005670426071446855,180
8N27864,6,-0.0005670271493727341,181
8N28041,6,-0.0005652837062370963,182
8N05655,14,-0.0005645323035423644,183
8M71480,13,-0.0005644731463689823,184
8L19988,4,-0.0005627101527352352,185
8N28402,2,-0.0005621000655082753,186
8934883,3,-0.0005602962737611961,187
8N28091,2,-0.0005566050131164957,188
8N72578,4,-0.0005563638696912676,189
8N05175,13,-0.0005545450239878846,190
8N87960,13,-0.0005538162913580891,191
8N05618,14,-0.0005522081009985413,192
8M31304,4,-0.0005520337472262327,193
8M31908,12,-0.0005506516827153973,194
8N73432,11,-0.0005505971348611638,195
8L64399,2,-0.0005505886401806492,196
8M71304,6,-0.0005505711669684388,197
8732595,7,-0.0005500564875546843,198
8N14539,11,-0.0005480194049596321,199
8934071,5,-0.0005477350496221334,200
8943880,5,-0.000545716140550212,201
8N28218,2,-0.0005455685623019235,202
8L89722,4,-0.0005453986123029608,203
8747529,6,-0.0005452315472211922,204
8N14143,6,-0.0005444794005597942,205
8168642,5,-0.0005427700034488225,206
8N14181,6,-0.0005416737876657862,207
8732273,1,-0.0005382813396863639,208
8800339,7,-0.0005339842646208126,209
8981050,12,-0.0005333635817805771,210
8P11532,15,-0.000532947533429251,211
8681175,4,-0.0005315830130712129,212
8P14126,7,-0.000531251373104169,213
8732235,2,-0.0005303949892550008,214
8N28767,4,-0.0005296737526805373,215
8N13697,13,-0.0005288121683406644,216
8M71106,13,-0.0005282448892103275,217
8P14859,14,-0.0005272015587252099,218
8N87608,15,-0.0005271811332931975,219
8981007,5,-0.0005266566531645367,220
8N06290,2,-0.0005237061868683668,221
8L64981,4,-0.0005235295684542507,222
8N72045,2,-0.0005233462215983309,223
8L26578,6,-0.0005230692368058953,224
8P26746,7,-0.000522323894983856,225
8N73493,12,-0.0005213913264014991,226
8934227,10,-0.0005165102429600665,227
8943129,4,-0.0005161625631444622,228
8L30829,3,-0.0005161224762559868,229
8800352,5,-0.0005155710932740476,230
8N27908,4,-0.0005150187207618728,231
8M71162,13,-0.0005144121350895148,232
8N14109,6,-0.000514282986841863,233
8939118,10,-0.000513766997755738,234
8939086,5,-0.0005125380894241971,235
8L64598,12,-0.0005102125760458875,236
8L52419,4,-0.0005096302647871198,237
8N72354,6,-0.0005082432053313823,238
8N05423,4,-0.0005080311711935792,239
8N14443,4,-0.0005017918174416991,240
8M31874,5,-0.0004984365477866959,241
8M31995,1,-0.0004969335550413234,242
8M31297,6,-0.0004963129831594415,243
8N73306,15,-0.0004960058104188647,244
8L64754,13,-0.0004956637603754643,245
8N06527,5,-0.0004956108532496728,246
8887243,1,-0.0004938084512104979,247
8L64060,14,-0.000493571744300425,248
8L30695,12,-0.000492954088258557,249
8939582,10,-0.0004928684575133957,250
8747234,10,-0.000492112467327388,251
8L52695,9,-0.0004913386910629924,252
8N87952,13,-0.0004897471644653706,253
8N06474,12,-0.0004889464125881204,254
8N73215,12,-0.00048824285840964876,255
8747518,5,-0.0004878540785284713,256
8N06477,12,-0.00048712924399296753,257
8L48691,10,-0.0004868544710916467,258
8N28510,2,-0.0004866907784162322,259
8N05063,4,-0.00048626895841152873,260
8800022,5,-0.0004859146301896544,261
8309141,5,-0.0004858726506427047,262
8N72519,4,-0.00048574946413282305,263
8N73989,12,-0.00048533640983805526,264
8939034,5,-0.0004841326917812694,265
8P14988,14,-0.00048274138680426404,266
8P14826,4,-0.0004822624887310667,267
8M72013,3,-0.0004820309768547304,268
8P26688,7,-0.0004814345265913289,269
8N06488,12,-0.0004809451929759234,270
8732286,8,-0.0004798090503754793,271
8800163,7,-0.00047958988943719305,272
8L52905,7,-0.00047926583101798315,273
8M71344,12,-0.00047866491422610125,274
8981120,12,-0.0004780361705343239,275
8N73444,11,-0.0004777548056154046,276
8M72218,8,-0.0004775929537572665,277
8857215,10,-0.00047736418491695076,278
8800151,9,-0.0004767357804666972,279
8N14293,15,-0.0004761425116157625,280
8N06554,4,-0.00047594544594176114,281
8N05101,14,-0.0004740900039905682,282
8N13132,14,-0.0004726581446448108,283
8N72663,5,-0.0004711677956947824,284
8P11526,15,-0.00047074111353140324,285
8981920,6,-0.0004681083119066898,286
8N14004,6,-0.0004679286194004817,287
8L52978,5,-0.0004672636896430049,288
8M31653,11,-0.0004660650247387821,289
8L30487,12,-0.0004653670057450654,290
8L52375,11,-0.0004643810898414813,291
8N87052,5,-0.00046383225708268583,292
8N13700,13,-0.00046212169763748534,293
8118433,4,-0.00046113332064123824,294
8N27879,5,-0.0004576687042572303,295
8L52335,12,-0.00045725435666099656,296
8816942,4,-0.0004568468139041215,297
8L52920,6,-0.00045653883535123896,298
8N87937,13,-0.00045492584285966586,299
8L48318,5,-0.00045477908042812487,300
8939615,6,-0.00045267703717399854,301
8N28470,2,-0.0004524111218415783,302
8651511,3,-0.00045212531222205143,303
8816956,4,-0.0004517920151556609,304
8N13618,14,-0.00045035592120257206,305
8N87957,13,-0.00045012434202362783,306
8N05255,13,-0.0004498875332501484,307
8N42990,14,-0.000449580154963769,308
8N87546,11,-0.00044929971772944555,309
8939745,5,-0.0004491619019972859,310
8L30917,2,-0.000448440172476694,311
8981270,5,-0.0004483609718590742,312
8N13699,13,-0.00044831713603343815,313
8N42647,7,-0.00044808793245465495,314
8N27142,7,-0.00044676097422780003,315
8800170,10,-0.0004465425372472964,316
8N72043,2,-0.00044606178016692866,317
8816930,4,-0.00044551991413754877,318
8N05442,6,-0.00044449684719438665,319
8N13086,14,-0.00044384720240486786,320
8N14515,11,-0.0004432247078511864,321
8681076,5,-0.0004415046169015113,322
8N27932,5,-0.00044146429900138173,323
8M72565,11,-0.0004407847818583832,324
8N72913,13,-0.00044025544048054144,325
8800967,12,-0.00043989620826323517,326
8N06478,12,-0.00043672208266798407,327
8N05649,11,-0.0004366662742540939,328
8730927,3,-0.00043621713666652795,329
8M72955,4,-0.0004357094603619771,330
8651899,5,-0.00043541262493818067,331
8L52204,8,-0.0004336381989560323,332
8N13642,14,-0.00043160827499377774,333
8N73450,11,-0.0004314020779929706,334
8N42510,5,-0.0004297757077438291,335
8794309,2,-0.00042925725119857816,336
8800469,5,-0.0004289845273888204,337
8800063,4,-0.00042897145067399833,338
8747548,10,-0.0004282686295482563,339
8N14673,13,-0.00042787072834471473,340
8P14982,14,-0.0004278377227819874,341
8N05128,14,-0.0004277254374756012,342
8N05610,14,-0.000427363573180628,343
8M31290,5,-0.0004270767603884451,344
8N87835,14,-0.0004259077486494789,345
8N13423,9,-0.0004244185547577217,346
8730503,5,-0.00042260494228685275,347
8N14166,5,-0.0004216106990497792,348
8N73568,6,-0.00042072062569786794,349
8N42523,5,-0.00042035065962409135,350
8N27415,5,-0.00041944814620364923,351
8816948,4,-0.0004180450123385526,352
8N05256,13,-0.0004177281298325397,353
8981278,5,-0.000416235320699343,354
8P11794,2,-0.00041540902020642534,355
8939768,5,-0.00041508116919430904,356
8N73923,11,-0.00041490520743536763,357
8887429,8,-0.00041466744369245134,358
8800090,6,-0.0004130604756937828,359
8N87926,13,-0.00041229862290492747,360
8800533,10,-0.00041189318653778173,361
8681356,5,-0.00040999615339387674,362
8L48695,6,-0.0004099435409443686,363
8N14541,11,-0.00040921170693764,364
8939119,10,-0.0004083687254023971,365
8981801,5,-0.00040727063424128573,366
8N42986,14,-0.00040682214421394747,367
8981047,12,-0.000406336473133706,368
8P14585,8,-0.0004057844780618325,369
8732672,7,-0.00040506795812689234,370
8681385,3,-0.00040409747998637613,371
8M71303,6,-0.000403641868615523,372
8M31828,12,-0.00040313609497388825,373
8L57990,13,-0.00040236717904917896,374
8732641,5,-0.0004012669360236032,375
8N06808,6,-0.0003999184918939136,376
8N14527,11,-0.0003998449210484978,377
8934066,5,-0.0003998176507593598,378
8L89639,5,-0.000397895146306837,379
8747102,5,-0.0003975483341491781,380
8N73247,14,-0.0003975193849328207,381
8M31507,4,-0.0003972880895162234,382
8N05122,12,-0.00039504038977611344,383
8N05704,5,-0.00039490296239819145,384
8681268,5,-0.00039478965481976047,385
8866710,6,-0.0003944382797271828,386
8N27630,14,-0.00039427413230441744,387
8N42987,14,-0.00039414676939486526,388
8747742,9,-0.0003937467517971527,389
8N05464,5,-0.0003936850971513195,390
8N13692,13,-0.0003929950253223069,391
8N73311,15,-0.0003906707570422441,392
8L52588,7,-0.00039048715370881837,393
8N06900,11,-0.00039011313310766127,394
8N73442,11,-0.00038979877353995107,395
8N05675,15,-0.00038929571383050643,396
8N13149,14,-0.00038911832598387264,397
8N27216,14,-0.00038814775143691804,398
8747373,5,-0.00038773726191720925,399
8N14972,7,-0.0003842802730105177,400
8N13426,2,-0.00038342502557497937,401
8N13373,2,-0.0003832170841633342,402
8L48661,5,-0.00038316703648888506,403
8981956,3,-0.0003826310821750667,404
8N73651,13,-0.00038246828444243874,405
8N28224,8,-0.00038243289418460336,406
8N05275,13,-0.0003812598060903838,407
8N13619,14,-0.0003803325853368733,408
8N27624,14,-0.0003793885844061151,409
8857230,5,-0.0003791367435042048,410
8N87999,13,-0.00037886376594542526,411
8981090,11,-0.0003783746979024727,412
8P11568,14,-0.0003781811592489248,413
8P11635,2,-0.0003780182705668267,414
8598790,3,-0.00037700698703702074,415
8M71705,8,-0.0003765781020774739,416
8N73680,13,-0.0003765262381421053,417
8887451,5,-0.0003763597778743133,418
8N27830,6,-0.00037582322147500236,419
8L64011,11,-0.0003757263311854331,420
8N05703,5,-0.0003752959355551866,421
8N87284,3,-0.00037385559517133515,422
8P11564,14,-0.00037321010313462466,423
8N13863,15,-0.000372057289496297,424
8N05698,15,-0.000371945008282637,425
8N14976,7,-0.00037137586150493007,426
8N13216,9,-0.00036936652941221837,427
8M72566,11,-0.0003683150171127636,428
8N14543,11,-0.0003680371410155203,429
8M31927,5,-0.000367377388101886,430
8L89615,4,-0.00036732030093844514,431
8L64265,2,-0.00036689666558231693,432
8118425,6,-0.00036568490213539917,433
8N87927,13,-0.00036461218041949905,434
8N87815,14,-0.00036320597973826807,435
8N28285,2,-0.0003629497605288634,436
8732659,5,-0.0003610856565501308,437
8N42535,4,-0.0003589825955714332,438
8N73454,11,-0.0003587040323509427,439
8L64182,7,-0.0003586084276321344,440
8N73301,15,-0.0003571426605049055,441
8981822,5,-0.000357070781319635,442
8943023,5,-0.00035641141221276484,443
8L52342,12,-0.0003553072237991728,444
8N73546,5,-0.0003551850386429578,445
8N27906,6,-0.00035428820774541236,446
8816943,4,-0.0003539596937116585,447
8N05711,5,-0.00035385832597967237,448
8934343,10,-0.0003532946666382486,449
8981002,5,-0.0003527670514813508,450
8N73643,13,-0.00035270404623588547,451
8747121,8,-0.0003520973968988983,452
8L30972,9,-0.0003500597431411734,453
8N73921,11,-0.00034998651881323894,454
8N05131,12,-0.00034942515048896894,455
8N87603,15,-0.0003481300846033264,456
8L57859,2,-0.0003479941387922736,457
8N05257,13,-0.0003472810240054969,458
8N14225,5,-0.00034650527595658787,459
8L64075,11,-0.00034551410863059573,460
8N13360,1,-0.0003449758205533726,461
8N06930,4,-0.00034464445434423396,462
8N27618,14,-0.00034462295297998935,463
8P26700,7,-0.00034388174390187487,464
8N72719,4,-0.00034299693106731866,465
8N87892,13,-0.00034270487776666414,466
8N27813,1,-0.00034265866634086706,467
8M31338,5,-0.0003425833892833907,468
8N73198,15,-0.00034068267996190116,469
8N28403,9,-0.0003404759136174107,470
8M71324,11,-0.00034025519926217385,471
8309267,5,-0.0003394318264327012,472
8L52203,8,-0.00033934673865587683,473
8N06489,12,-0.0003392125690879766,474
8681044,5,-0.0003388270615687361,475
8N87890,13,-0.00033868939863168634,476
8168644,5,-0.00033823360354290344,477
8N72746,5,-0.0003382168688403908,478
8730493,4,-0.00033811700450314675,479
8732687,5,-0.00033746709414117504,480
8730535,5,-0.00033732357587723527,481
8857284,10,-0.00033710113530105446,482
8N05272,13,-0.0003363843061379157,483
8651783,3,-0.00033622760929574724,484
8800437,6,-0.00033604980126256123,485
8N42463,14,-0.00033588169208087493,486
8M71098,5,-0.0003356086035637418,487
8747569,9,-0.0003343802454764955,488
8N05110,12,-0.0003334437042212812,489
8118435,4,-0.00033064293711504433,490
8857415,5,-0.00033020977934938855,491
8934414,8,-0.0003297724688309245,492
8N05460,5,-0.00032966610342555214,493
8M72112,5,-0.0003292544624855509,494
8L48607,6,-0.00032915833628521796,495
8N87620,15,-0.00032902481507335324,496
8N27356,5,-0.0003269953986091423,497
8P11534,15,-0.0003265425366407726,498
8N05286,13,-0.0003258023498347029,499
8N05113,12,-0.0003257353364460869,500
8L89793,5,-0.0003255255396652501,501
8M71292,6,-0.00032500416273251176,502
8N28223,9,-0.0003245686457375996,503
8N06979,4,-0.00032445829310745467,504
8939353,5,-0.00032442710289615206,505
8N05245,13,-0.00032388410272687906,506
8747623,5,-0.00032320449099643156,507
8N05651,11,-0.00032313855626853183,508
8N05120,14,-0.00032280610685120337,509
8L52493,13,-0.00032244084195554024,510
8N87950,13,-0.0003224172937734693,511
8981945,2,-0.0003220720282115508,512
8M31780,11,-0.00032185685086005833,513
8794339,9,-0.0003218320616724668,514
8943485,5,-0.0003216913992218906,515
8M31220,11,-0.0003214110402041115,516
8N28690,6,-0.00032108410414366517,517
8N05717,6,-0.00032107968399941456,518
8M72987,4,-0.00032053571158030536,519
8L89518,5,-0.00031939046311890706,520
8309155,6,-0.00031802702687855344,521
8P14696,2,-0.0003177393746227608,522
8N27078,14,-0.00031727713121654233,523
8L49938,5,-0.0003170234931531013,524
8N14662,13,-0.0003168864259350812,525
8P14994,14,-0.0003160273809044156,526
8N87812,14,-0.0003153252855554456,527
8L64873,14,-0.0003149632229906274,528
8N87271,8,-0.00031458249941351824,529
8L30445,4,-0.0003135831902909558,530
8L48451,5,-0.0003129341475869296,531
8573856,4,-0.0003126056744804373,532
8P14936,14,-0.00031192368078336585,533
8M31774,11,-0.0003112282984147896,534
8N73291,2,-0.0003106750991719309,535
8L30752,11,-0.0003100981139141368,536
8M71872,5,-0.00030973028515290935,537
8N05294,13,-0.0003094181693086284,538
8747118,5,-0.0003082460716541391,539
8887358,10,-0.0003075491367781069,540
8N14528,11,-0.0003073772768402705,541
8N73455,11,-0.00030728383899258915,542
8P14103,4,-0.00030723858071723953,543
8M31210,11,-0.00030693530607095454,544
8M71157,13,-0.00030670548949274234,545
8L89502,5,-0.00030633557253167965,546
8168702,5,-0.0003047363425139338,547
8309231,13,-0.0003040491483261576,548
8N87560,11,-0.00030346945095516276,549
8N73971,12,-0.0003029419603990391,550
8732565,4,-0.0003026742433576146,551
8L48425,7,-0.00030235954272939125,552
8N87876,13,-0.00030234440237109084,553
8800355,5,-0.00030135796987451613,554
8L89748,4,-0.00030095383954176214,555
8N73530,4,-0.0003001763361680787,556
8800426,5,-0.00029946489121357445,557
8573521,2,-0.00029703018572035944,558
8N05680,15,-0.00029664631620107684,559
8N05687,15,-0.00029600149719044566,560
8N14001,6,-0.00029586949858639855,561
8887360,10,-0.000295322666715947,562
8N28177,3,-0.00029526899652410066,563
8L52965,6,-0.0002945745854958659,564
8N14344,15,-0.0002929525635408936,565
8N05141,12,-0.00029221640397736337,566
8N05697,15,-0.00029221602744655684,567
8L52377,11,-0.0002922158018918708,568
8M31445,5,-0.0002921812902059173,569
8M31426,4,-0.00029197279445725144,570
8M72444,13,-0.0002911851934186416,571
8800179,6,-0.00029113121672708075,572
8L30876,1,-0.0002902880241890671,573
8L64173,6,-0.0002900431345551624,574
8N73472,11,-0.00028995093180128606,575
8N72682,11,-0.0002897958995617955,576
8P11521,14,-0.0002894153767556418,577
8732620,7,-0.0002892423126468202,578
8N73922,11,-0.00028903415204695193,579
8L30444,4,-0.00028899341646138055,580
8M71552,4,-0.00028817788370361086,581
8M71258,5,-0.000287667209704523,582
8N05660,13,-0.00028756587016687263,583
8N28142,8,-0.00028662940712820273,584
8L30300,5,-0.00028633911824726965,585
8N05305,13,-0.0002863143254216993,586
8N73212,12,-0.0002853324613170116,587
8934373,5,-0.0002850665687219589,588
8P11641,2,-0.00028454642870201496,589
8N87865,13,-0.0002833491143974243,590
8L89118,13,-0.00028277589080971666,591
8N05831,4,-0.00028261455918254796,592
8M72437,13,-0.0002824733528541401,593
8L64113,12,-0.00028244566965440754,594
8N73515,7,-0.00028159950488770846,595
8L64755,13,-0.0002810346231854055,596
8M71108,13,-0.0002810215792123927,597
8L64298,9,-0.0002809233064908767,598
8P14980,14,-0.0002799110689011286,599
8M31219,11,-0.0002788925248751184,600
8N13647,14,-0.0002786485974866082,601
8981345,11,-0.00027843999760079896,602
8N42664,4,-0.00027833929470943986,603
8N05611,14,-0.0002778164844130515,604
8981607,10,-0.0002769688508124091,605
8P11899,14,-0.0002767880341707496,606
8N05247,13,-0.00027663651417242363,607
8N87071,5,-0.000276526099696639,608
8M31562,5,-0.0002764949435913877,609
8N72695,11,-0.0002764853088592645,610
8N87862,14,-0.0002762476642601541,611
8L89434,5,-0.000276081874716283,612
8N27096,8,-0.0002759555136435665,613
8M31926,5,-0.0002758869568424416,614
8N73920,11,-0.0002756989679255639,615
8800196,6,-0.00027517080707184505,616
8N72905,13,-0.00027511262487678323,617
8N87947,13,-0.00027484398015076295,618
8L64280,5,-0.00027386855958866363,619
8168615,7,-0.0002735060670602252,620
8L19688,3,-0.0002732613784246496,621
8730993,4,-0.00027299486282572616,622
8981919,6,-0.0002726035736486665,623
8N42992,14,-0.0002720816000874038,624
8800073,6,-0.00027192351240046264,625
8P11747,7,-0.0002717314982874086,626
8N73318,15,-0.00027116665569337783,627
8M72425,13,-0.00027080916061095195,628
8L52211,5,-0.000270764723609318,629
8N73459,11,-0.0002701472185435705,630
8732626,9,-0.0002699361903069075,631
8N87920,13,-0.0002696023821044946,632
8981820,5,-0.00026913495912594954,633
8N14955,5,-0.0002691267836780753,634
8N72823,14,-0.00026885538682108745,635
8L52415,4,-0.0002665682841325179,636
8N73924,11,-0.00026643867249731557,637
8747817,7,-0.0002660967993506347,638
8N05684,15,-0.0002658315024746116,639
8N28368,2,-0.0002656258202478057,640
8887316,6,-0.0002647643732416327,641
8N05713,6,-0.0002644276883074781,642
8N13680,13,-0.0002643059890914401,643
8M71348,12,-0.000264171665548929,644
8N87840,14,-0.00026373185664851917,645
8981605,10,-0.0002635925393406069,646
8168665,5,-0.0002634600814417354,647
8N87975,13,-0.0002631376119097695,648
8N72603,4,-0.0002630407634569565,649
8N06493,12,-0.0002619849938128027,650
8N05172,14,-0.0002619187080199481,651
8L52913,10,-0.0002618401185827679,652
8N14671,13,-0.00026154938132094685,653
8L57882,5,-0.000261276352830464,654
8N14445,4,-0.000261074693298724,655
8M72530,11,-0.0002608429658721434,656
8P14907,14,-0.000260616349976317,657
8N14977,7,-0.0002598238997961744,658
8M72972,5,-0.0002595599198684795,659
8800529,10,-0.0002591166585261817,660
8M72416,13,-0.0002591009078969364,661
8N73963,12,-0.00025907619419740513,662
8934301,5,-0.00025863687187666073,663
8N72206,2,-0.00025794736666284734,664
8747610,7,-0.00025783359524211846,665
8N27275,5,-0.00025710503786058325,666
8N87062,5,-0.00025647966322139837,667
8L48767,11,-0.00025619623193051666,668
8M31784,11,-0.0002556889085099101,669
8866752,5,-0.00025543895026203245,670
8P26524,9,-0.0002551727375248447,671
8N73476,11,-0.0002551564139139373,672
8800338,7,-0.00025465185262874,673
8L52961,6,-0.000254412368121848,674
8747781,4,-0.00025415668824280147,675
8N73674,13,-0.00025394988256266515,676
8N28689,5,-0.0002537097370804986,677
8N05707,4,-0.0002534215265086459,678
8M31873,5,-0.00025327264938823646,679
8939372,7,-0.00025325837759737624,680
8939020,12,-0.00025285767696914263,681
8N05714,6,-0.00025265019303333247,682
8651907,2,-0.000251673585808021,683
8N13928,5,-0.0002514609395802836,684
8651778,2,-0.00025067023943847744,685
8N42275,5,-0.00025033694873854984,686
8M71167,13,-0.0002500310838513542,687
8N42451,14,-0.0002496411480024108,688
8L89372,5,-0.000249585100391414,689
8L30781,4,-0.00024904150450311136,690
8M31337,5,-0.00024794129240035545,691
8L52284,2,-0.000247687695264176,692
8N06360,5,-0.00024736345767450985,693
8L19961,10,-0.0002465712150296895,694
8N73610,14,-0.0002462162678966706,695
8887414,5,-0.00024599772768851835,696
8N28771,5,-0.00024504243174305884,697
8L48319,4,-0.00024464668831569725,698
8N06899,11,-0.0002437002185615711,699
8N27894,6,-0.0002434096086290083,700
8118430,6,-0.00024297427626152057,701
8800168,10,-0.00024293492970173247,702
8N42991,14,-0.0002428573891393171,703
8M31485,5,-0.00024228090751421405,704
8N14954,10,-0.00024207479782489827,705
8N05402,10,-0.00024192131786548998,706
8N14900,2,-0.00024145626412064303,707
8L19917,5,-0.00024098861740640132,708
8M72535,11,-0.00024061960039034602,709
8N72551,6,-0.0002405160448688548,710
8N05176,13,-0.00023954808966664132,711
8N05662,13,-0.00023859229258960113,712
8681374,4,-0.00023792161482560914,713
8N73953,12,-0.00023789109218341764,714
8N73504,5,-0.00023776235502737109,715
8939293,12,-0.00023744570898998063,716
8887477,4,-0.00023726903214082995,717
8L30963,2,-0.0002370761412748834,718
8M71479,13,-0.00023685557243879884,719
8L64127,12,-0.00023679832520429045,720
8N73222,12,-0.00023596733444719575,721
8N13119,14,-0.00023581429832120193,722
8N73501,5,-0.00023576863350172061,723
8168632,7,-0.0002350949662286439,724
8N87822,14,-0.00023495401364925783,725
8917830,2,-0.00023491241154260933,726
8939617,6,-0.0002347557256143773,727
8M31758,5,-0.00023412836355873878,728
8N13650,14,-0.00023349253297055839,729
8N87977,13,-0.00023318410148931434,730
8M31112,3,-0.00023314371719607152,731
8P14312,14,-0.00023312557823373936,732
8N87810,14,-0.00023273661827261094,733
8M71531,4,-0.0002318965234735515,734
8939733,5,-0.00023179478466772707,735
8N14526,11,-0.0002316499849257525,736
8866795,6,-0.00023088586021913216,737
8M71391,12,-0.00023061436650095857,738
8800606,8,-0.0002305699354110402,739
8N06482,12,-0.00023049767787597375,740
8N87959,13,-0.00022979056302574463,741
8N06863,11,-0.00022960059578736036,742
8730551,3,-0.00022850398636364844,743
8N13105,14,-0.00022817558601673227,744
8M31433,4,-0.00022772702141082846,745
8N73508,4,-0.00022765929315937683,746
8M31224,11,-0.00022759271450922824,747
8P11537,15,-0.00022753292455490737,748
8N27904,6,-0.00022734274170943536,749
8L89720,4,-0.00022721601315822681,750
8N13933,5,-0.00022692913466926257,751
8M31823,12,-0.0002266662304464262,752
8N73319,15,-0.00022660751437797444,753
8N72668,4,-0.00022653417181572877,754
8L30641,11,-0.0002264506165374769,755
8L64933,5,-0.000226111489610048,756
8L89645,6,-0.00022604399032388756,757
8P26560,8,-0.00022595032442040974,758
8N05222,12,-0.00022560165916729602,759
8887406,10,-0.00022538854227605043,760
8N28085,2,-0.00022424263806897216,761
8L19666,7,-0.00022414468912757002,762
8N72699,11,-0.00022397815610020189,763
8L52555,4,-0.00022380166592483874,764
8N13975,5,-0.0002232120632470469,765
8M71210,5,-0.00022307368544716155,766
8N14608,13,-0.00022265812776822713,767
8N05192,13,-0.00022221995095605962,768
8P11525,15,-0.00022187590093381004,769
8N14907,4,-0.00022182158500072546,770
8651534,4,-0.00022176935272000264,771
8N14647,13,-0.00022173961770022288,772
8981092,11,-0.00022169896010382217,773
8L48365,5,-0.00022100578780737123,774
8681135,1,-0.00022065902385293157,775
8N87881,13,-0.00022019748530510697,776
8L30770,12,-0.00021972718786855694,777
8309143,4,-0.0002186797946706065,778
8M31839,1,-0.00021862532412342262,779
8L30167,12,-0.00021846168601769023,780
8N27343,4,-0.00021838454995304346,781
8N13643,14,-0.00021826595730090048,782
8N14973,7,-0.00021824780969836866,783
8M72571,11,-0.0002179186703870073,784
8N14437,5,-0.00021782859926133824,785
8168605,10,-0.00021681838457223053,786
8681414,5,-0.00021636069982378103,787
8N87525,11,-0.00021614349810761269,788
8N05700,15,-0.00021593030578515027,789
8N27193,14,-0.0002155360898541403,790
8747689,2,-0.00021520467953450861,791
8L89197,12,-0.0002150498517039523,792
8800439,4,-0.00021500046932487749,793
8747062,9,-0.00021465673671627883,794
8N14540,11,-0.00021416534400486853,795
8N14967,7,-0.0002141243476216914,796
8732300,8,-0.00021404743438324658,797
8M31820,12,-0.0002139902389899362,798
8732225,7,-0.00021394876193880918,799
8L52963,6,-0.00021317471873771865,800
8N14801,2,-0.00021304999609128572,801
8N87980,13,-0.00021289584037731402,802
8M31953,4,-0.0002126989957105252,803
8N05221,12,-0.0002121951911249198,804
8N72906,13,-0.00021203903287414505,805
8N13608,14,-0.00021200660467002308,806
8857778,5,-0.00021156958246137947,807
8N73457,11,-0.0002113195214406005,808
8747519,5,-0.00021102143546158914,809
8L64812,3,-0.00021089893198222853,810
8N87619,15,-0.0002108984508595313,811
8934526,1,-0.0002107669160977821,812
8N27464,7,-0.00021041689706180478,813
8943109,10,-0.00021034390374552459,814
8537770,7,-0.00020998619038437027,815
8P14057,10,-0.000209642769959828,816
8N72687,11,-0.00020941446337019443,817
8681397,5,-0.00020934181338816416,818
8934532,10,-0.0002090189784667018,819
8N06475,12,-0.00020866715590273088,820
8N05683,15,-0.0002085331565240267,821
8N05796,10,-0.0002084010102407774,822
8N72680,11,-0.00020793308553379575,823
8N14992,4,-0.0002069487854896579,824
8N14678,13,-0.00020684077571786474,825
8L89537,5,-0.00020635513465094846,826
8P14052,5,-0.00020519418012554524,827
8N14161,5,-0.0002048040323643363,828
8M72664,5,-0.00020479788918237318,829
8N14057,6,-0.00020476621284615248,830
8N27081,14,-0.0002041366733465111,831
8N73652,13,-0.00020359543577797012,832
8L30363,10,-0.00020323507396824425,833
8857261,9,-0.0002030579607890104,834
8L26526,9,-0.0002028167064054287,835
8800164,7,-0.0002027946975431405,836
8N14699,14,-0.00020262780344637576,837
8L48574,3,-0.00020256222524039913,838
8L48334,6,-0.00020255447543604532,839
8573815,3,-0.0002022879098149133,840
8L48555,3,-0.00020216200664435746,841
8N05213,12,-0.0002020344481934444,842
8747492,3,-0.00020138626041443786,843
8681190,4,-0.00020114074777666247,844
8N87585,11,-0.00020111779576836852,845
8651754,5,-0.0002011100377785624,846
8M31317,4,-0.00020088082055735867,847
8939181,5,-0.0002007460207096301,848
8N05673,15,-0.00020049655040565995,849
8943737,5,-0.00019991686531284358,850
8939125,4,-0.000199899501467371,851
8M72646,4,-0.00019978427371825092,852
8N73693,13,-0.00019957769427492167,853
8P14022,8,-0.00019933148450945737,854
8N27854,1,-0.00019919101760024205,855
8939704,6,-0.00019908852391381515,856
8N28790,15,-0.0001988257399716531,857
8747603,4,-0.00019830928249575663,858
8917968,8,-0.00019820540364889894,859
8P14680,9,-0.00019676493775477866,860
8N14933,5,-0.00019652983610285446,861
8N14683,13,-0.00019641507583401108,862
8934302,5,-0.00019564684339457017,863
8939024,5,-0.0001956351247827115,864
8L89460,10,-0.00019545910345186712,865
8P11321,4,-0.00019492775481921853,866
8N05279,13,-0.00019457139842415927,867
8N14666,13,-0.0001944381169778353,868
8N05303,13,-0.000194196103620925,869
8651878,4,-0.00019412975075283612,870
8N73679,13,-0.0001939656767717679,871
8L49909,10,-0.00019391235719012911,872
8N72592,10,-0.00019372075530554866,873
8L26586,5,-0.00019354560936335474,874
8N14009,10,-0.00019323822198202834,875
8N14962,5,-0.0001931328306454816,876
8857278,10,-0.00019263715148554184,877
8M31765,11,-0.00019259479086031206,878
8L30763,12,-0.00019246303963882383,879
8N87600,11,-0.00019231659916840727,880
8N14580,11,-0.00019229216513849678,881
8N05457,4,-0.00019204084128432442,882
8N87837,14,-0.00019203082911189995,883
8N05526,4,-0.00019184006578143453,884
8N14640,13,-0.00019166658398717118,885
8M71831,4,-0.00019162596254318487,886
8N06883,11,-0.00019135653292323695,887
8N28404,9,-0.00019117517217637214,888
8P11560,14,-0.00019075434011028847,889
8N42531,4,-0.00019058716225117678,890
8N05818,7,-0.00019034118395211408,891
8N73464,11,-0.00019028417102617823,892
8N14958,5,-0.00019012379129890178,893
8N14518,11,-0.0001900319648484583,894
8N13956,6,-0.00018965433719131397,895
8N73214,12,-0.00018949514196719974,896
8N05916,9,-0.00018938658104161732,897
8N27407,7,-0.00018930712212750223,898
8N73461,11,-0.00018913392113972805,899
8M72304,8,-0.0001890357943921117,900
8N28786,15,-0.00018884656401496613,901
8747703,5,-0.0001886493519123178,902
8L89391,4,-0.00018847738829208538,903
8M72021,3,-0.00018828037445928203,904
8934596,10,-0.00018827212772976054,905
8N13357,2,-0.0001878527791632223,906
8P14006,2,-0.00018767559845400683,907
8L64901,5,-0.00018763279877020977,908
8N13656,13,-0.00018716925842454657,909
8800495,10,-0.00018569165467852145,910
8904411,11,-0.00018554048119767685,911
8L52351,11,-0.00018548431287968015,912
8N13652,14,-0.000184827884936567,913
8P14605,7,-0.00018441136307956185,914
8L89519,5,-0.00018430420871595743,915
8934039,3,-0.00018418338822812075,916
8L64256,3,-0.00018405360606266186,917
8N87522,11,-0.00018365702544542728,918
8887399,10,-0.00018358843215082743,919
8N05605,14,-0.00018348664980294416,920
8P14973,14,-0.00018341009490541182,921
8L89808,5,-0.00018336839457333554,922
8L19661,2,-0.00018329564318264602,923
8N87885,13,-0.00018307537720829714,924
8309197,5,-0.0001829221801017411,925
8N13626,14,-0.00018276195532962447,926
8N05606,14,-0.00018194494077761192,927
8P11471,2,-0.0001817589782149298,928
8N13347,2,-0.00018171048304793658,929
8N05287,13,-0.0001816319590943749,930
8N87880,13,-0.00018151717870296125,931
8N13664,13,-0.000181133797923394,932
8N14535,11,-0.00018053395888273371,933
8309146,4,-0.00018028234717348823,934
8N05676,15,-0.00018005591073233518,935
8747897,7,-0.00017986108559853164,936
8N14298,15,-0.00017965218739846023,937
8N06496,12,-0.0001793822215745422,938
8917929,3,-0.00017925761858350597,939
8N14951,4,-0.00017909556663653348,940
8M72848,6,-0.00017908065319716115,941
8L48766,11,-0.0001788253616723523,942
8N87856,14,-0.00017881381018014508,943
8309263,5,-0.00017857768125395523,944
8732651,5,-0.00017820193079387536,945
8N72675,11,-0.00017804639901441988,946
8L30768,12,-0.00017791103391573415,947
8651743,5,-0.00017769747364582145,948
8N42996,5,-0.00017749009566614404,949
8N73919,11,-0.00017725276802593726,950
8747807,6,-0.00017723194961050126,951
8L52327,12,-0.00017710795782477362,952
8943489,7,-0.00017710517926161629,953
8M72621,4,-0.0001769394863231355,954
8N13967,6,-0.0001768869292391173,955
8N05178,13,-0.00017651229745752062,956
8747229,5,-0.000176477376044204,957
8N14532,11,-0.00017621434835746186,958
8N14116,5,-0.00017594198834558483,959
8N05202,12,-0.000175213837735555,960
8732237,2,-0.0001749290945554094,961
8M71314,5,-0.00017446448146074545,962
8747064,9,-0.00017445165485696634,963
8M71294,6,-0.0001743246452861058,964
8N87248,8,-0.0001738772953103762,965
8N72245,3,-0.00017381613224642933,966
8N28925,9,-0.0001737891079756082,967
8N05179,13,-0.00017369952820445178,968
8M72527,11,-0.0001735344872031419,969
8N14938,4,-0.0001732726744876345,970
8N87901,13,-0.00017292581560468534,971
8N87520,11,-0.000172518221916107,972
8747498,3,-0.0001722367996990215,973
8934895,5,-0.00017200899958424998,974
8857102,7,-0.00017199237663589884,975
8943067,10,-0.00017187486810144037,976
8N27196,14,-0.0001715134776532068,977
8P14851,14,-0.00017136057158495532,978
8N73456,11,-0.00017126749798990204,979
8N14297,15,-0.0001707700446331728,980
8M31641,10,-0.00017045519780367613,981
8939759,9,-0.00017022063548211008,982
8L30807,2,-0.00017018362268572673,983
8N14634,13,-0.00017008329308509929,984
8M72597,14,-0.00016991168286040192,985
8N13081,14,-0.0001697542274996522,986
8N87307,5,-0.00016925697718761512,987
8573874,6,-0.00016879108534340048,988
8N87807,14,-0.00016874678112799302,989
8N42705,5,-0.00016851708210197103,990
8N27077,14,-0.000168476817748342,991
8P11556,14,-0.00016795121337054297,992
8N06499,12,-0.00016765514681083005,993
8N73436,11,-0.00016754194189161353,994
8L49934,1,-0.00016744451750128064,995
8934401,7,-0.00016740080775434762,996
8N05181,13,-0.0001671428635745542,997
8N05861,11,-0.00016689168023731327,998
8N73824,6,-0.00016676690211170353,999
8M31941,5,-0.00016594449152762536,1000
8887324,6,-0.00016577653332205955,1001
8P11037,2,-0.00016575776294303068,1002
8N13985,5,-0.00016573417724430328,1003
8N72132,9,-0.00016552359102206538,1004
8P14873,14,-0.0001655228397794417,1005
8981929,3,-0.00016517735548404744,1006
8M31329,5,-0.00016498176012191834,1007
8800127,9,-0.00016468622015963774,1008
8N05186,13,-0.00016418568748122198,1009
8M31550,6,-0.00016387597815992194,1010
8N87730,5,-0.00016379328934590376,1011
8N28913,2,-0.0001637443169784092,1012
8N27983,6,-0.00016330964490407496,1013
8730436,5,-0.00016323128511430696,1014
8747736,7,-0.00016299271078423772,1015
8N14603,13,-0.0001627305897500264,1016
8N06800,5,-0.00016187751543839113,1017
8943402,5,-0.00016180601460291655,1018
8N42719,5,-0.00016087090648397862,1019
8L19877,5,-0.00016071871982603625,1020
8N13862,15,-0.000160658916115608,1021
8N05639,14,-0.00016061614678619662,1022
8N13425,9,-0.00015988287577783922,1023
8L52596,5,-0.0001597620940856359,1024
8N73929,11,-0.0001591125155755435,1025
8N14542,11,-0.00015895314754743595,1026
8939451,9,-0.00015892938608885743,1027
8N27328,4,-0.00015872095968916256,1028
8N14617,13,-0.0001585815098223975,1029
8L52207,9,-0.00015843493838474387,1030
8651539,4,-0.00015821926785974938,1031
8P14999,15,-0.00015793925422258326,1032
8934404,8,-0.00015788642241432171,1033
8N42787,5,-0.00015734644671283604,1034
8857237,5,-0.0001572586058955494,1035
8N05702,5,-0.00015711818650743226,1036
8866741,6,-0.0001562438858400128,1037
8P14984,14,-0.00015623115587004577,1038
8887249,5,-0.00015618586166965542,1039
8681012,5,-0.00015614765288773924,1040
8681032,5,-0.0001557792038511252,1041
8N05690,15,-0.0001557415480419877,1042
8N05536,5,-0.00015555780441900424,1043
8L52308,5,-0.0001553322272229707,1044
8M71073,4,-0.000154929693962913,1045
8N27094,2,-0.00015467543198610656,1046
8N42532,4,-0.00015441502455360023,1047
8681473,3,-0.0001542838119235057,1048
8943043,5,-0.00015424309958689264,1049
8887286,5,-0.0001541022384117241,1050
8857208,4,-0.000153929613905035,1051
8747948,4,-0.00015391885381177417,1052
8L52378,11,-0.00015379585420305375,1053
8N14149,6,-0.00015329629604821093,1054
8L26528,6,-0.0001532159135422262,1055
8N06461,8,-0.00015316683675337117,1056
8N28086,2,-0.0001530140038994432,1057
8M31923,5,-0.00015296829496946884,1058
8L89988,2,-0.00015245903205141076,1059
8N05292,13,-0.00015245345275616273,1060
8N42062,5,-0.00015220413752103923,1061
8M72811,4,-0.00015208117474685423,1062
8939383,7,-0.00015193791750789387,1063
8L52249,2,-0.00015190172689472092,1064
8N05620,14,-0.00015182398374236072,1065
8N72257,2,-0.00015174641612247797,1066
8M71327,11,-0.00015153127833400504,1067
8N27411,5,-0.00015146781970543088,1068
8934413,8,-0.00015138071285036858,1069
8M31739,3,-0.00015114996222109767,1070
8N14930,6,-0.0001511223326815525,1071
8917814,3,-0.00015105440570550854,1072
8934274,7,-0.00015105410727755952,1073
8730972,3,-0.00015099730444489978,1074
8L89274,5,-0.00015099443226063158,1075
8N73188,15,-0.00015082755544426618,1076
8L48789,11,-0.00015076380122991395,1077
8N14050,6,-0.00015054927325763856,1078
8681462,5,-0.00015053766628625453,1079
8N05032,5,-0.00015048053148802865,1080
8N42783,5,-0.0001501460073995986,1081
8N73794,15,-0.00015008235550340032,1082
8981856,5,-0.00014971469408919802,1083
8M31497,4,-0.0001490069626015611,1084
8N87982,13,-0.00014896954417054076,1085
8N05609,14,-0.00014859655857435428,1086
8939364,7,-0.0001485485590819735,1087
8N14663,13,-0.0001484525438684159,1088
8N05248,13,-0.00014823406422692642,1089
8N05184,13,-0.0001480876983350754,1090
8N28940,8,-0.00014793123909839778,1091
8747935,4,-0.00014773201735351904,1092
8N87956,13,-0.0001476865763834212,1093
8N87968,13,-0.00014760487283638213,1094
8L57974,13,-0.00014726228505423933,1095
8M71363,14,-0.00014715931092723622,1096
8934163,12,-0.00014708517301187385,1097
8L57980,13,-0.00014691166552438517,1098
8M71336,12,-0.00014673517716801143,1099
8L64791,13,-0.00014659425509933044,1100
8N73435,11,-0.00014633417140430538,1101
8730565,3,-0.00014629473639615753,1102
8N73904,11,-0.00014626935808337294,1103
8L49991,6,-0.00014623115748690907,1104
8L19952,7,-0.00014585776796138816,1105
8M31221,11,-0.00014560683393938234,1106
8M72929,5,-0.00014550984678862733,1107
8800488,10,-0.0001454044440833968,1108
8747829,7,-0.00014532403622524726,1109
8P14947,14,-0.00014516585451929132,1110
8M71310,5,-0.00014491929141513538,1111
8L57916,2,-0.00014477421927949763,1112
8L49963,4,-0.0001442435109311191,1113
8N87524,11,-0.00014423593199808238,1114
8N06840,11,-0.0001440715941498638,1115
8N13666,13,-0.00014377829319300872,1116
8N27198,14,-0.00014377254819919472,1117
8L30898,5,-0.00014375300588653772,1118
8N87965,13,-0.00014364546450451599,1119
8N05531,5,-0.0001434609507668938,1120
8P14959,14,-0.00014334538263938157,1121
8N05361,15,-0.00014314750160338008,1122
8N73938,12,-0.000142902895277075,1123
8M31365,4,-0.00014288646707427688,1124
8N73952,12,-0.00014281269795901608,1125
8N73615,14,-0.00014250269759941148,1126
8L64893,11,-0.00014247005219658604,1127
8N87914,13,-0.0001424369984306395,1128
8L19958,10,-0.00014238252560971887,1129
8N87604,15,-0.00014235688740882324,1130
8747574,9,-0.00014235480362856379,1131
8L52305,5,-0.00014197026121109957,1132
8M72818,5,-0.0001418597748852335,1133
8L89157,13,-0.00014159911279421067,1134
8N05129,12,-0.0001414759635736118,1135
8N05008,4,-0.00014136680692899972,1136
8934577,8,-0.00014117189539319952,1137
8M71463,13,-0.00014077783862376236,1138
8N73509,5,-0.0001406890100952296,1139
8N87818,14,-0.0001406208048138069,1140
8N05252,13,-0.00014045381749383523,1141
8M71301,6,-0.0001401766983235575,1142
8L89626,4,-0.00013988181399327004,1143
8309195,4,-0.0001398051304022374,1144
8N72694,11,-0.00013951631262898445,1145
8816955,4,-0.00013946959688837524,1146
8N73967,12,-0.00013938509528088616,1147
8N14525,11,-0.00013886401438867324,1148
8N14342,15,-0.00013871832271661333,1149
8P26430,5,-0.0001385112873322214,1150
8N72554,6,-0.00013851030053046998,1151
8732223,7,-0.0001384599318043911,1152
8N73932,12,-0.0001383994763273222,1153
8N06942,4,-0.00013832660033585853,1154
8N72943,13,-0.00013814959879709932,1155
8N73510,5,-0.00013785105471697534,1156
8934547,5,-0.00013773394084637403,1157
8N73489,12,-0.00013736371835193495,1158
8M31208,7,-0.00013696572455046407,1159
8L48473,4,-0.0001368844938554048,1160
8N27241,5,-0.00013687373575521633,1161
8N06845,11,-0.00013680579399988346,1162
8P11355,5,-0.0001367908457723388,1163
8N87514,11,-0.00013609060988528654,1164
8681005,4,-0.0001360751994070597,1165
8M72002,8,-0.00013589834270533174,1166
8981381,12,-0.00013559434046328533,1167
8M72931,5,-0.00013536215988096956,1168
8M31970,5,-0.0001353152990759554,1169
8L52395,12,-0.00013495693610821036,1170
8P26526,9,-0.00013494052882379037,1171
8730439,5,-0.00013465578012983315,1172
8800028,4,-0.0001346097442365135,1173
8747103,5,-0.00013444035585052916,1174
8L48756,11,-0.0001340127372486677,1175
8N05215,12,-0.00013382152110352763,1176
8N72700,11,-0.00013372286207413708,1177
8N05685,15,-0.00013365927429731528,1178
8934236,2,-0.00013358995204271196,1179
8P14616,2,-0.0001335818175220993,1180
8M72551,11,-0.0001335621266207454,1181
8L52533,5,-0.00013348898755793925,1182
8N06842,11,-0.00013346699006433482,1183
8N05281,13,-0.0001331926050625043,1184
8N87607,15,-0.00013316052582013072,1185
8N13660,13,-0.0001327235750068212,1186
8939196,5,-0.00013257648515718756,1187
8P26682,7,-0.00013252993497303578,1188
8934376,5,-0.00013224412941781338,1189
8887357,10,-0.00013217696567835446,1190
8P11803,14,-0.00013192400274419924,1191
8M71257,5,-0.00013181457302380295,1192
8N73580,1,-0.00013175506137486082,1193
8M72545,11,-0.00013165482187105226,1194
8N73246,14,-0.00013141994159582282,1195
8P14872,14,-0.00013128170894560753,1196
8L48313,5,-0.00013113989018620487,1197
8732698,4,-0.00013094706537231104,1198
8N73911,11,-0.00013094517964873376,1199
8N72916,13,-0.0001307942711719079,1200
8L64286,10,-0.00013068423049844569,1201
8N87893,13,-0.00013055970066488953,1202
8N87605,15,-0.00012976739685655048,1203
8N05365,8,-0.00012940578483267018,1204
8N05513,8,-0.00012940557189722313,1205
8N42534,4,-0.00012924044233386667,1206
8M31805,12,-0.00012919012232259774,1207
8N73939,12,-0.00012896369930004425,1208
8L89731,4,-0.00012889618540157244,1209
8N05224,12,-0.0001288250336983765,1210
8N73299,2,-0.0001286120993881923,1211
8M71254,5,-0.00012856310831921292,1212
8N87921,13,-0.00012850325788349437,1213
8N13621,14,-0.00012838646489399252,1214
8M31875,5,-0.00012815656305065204,1215
8L26576,6,-0.000128055723507714,1216
8730974,3,-0.00012789376273758535,1217
8N73358,15,-0.00012769739032592042,1218
8N05301,13,-0.00012766249639639682,1219
8866790,5,-0.00012756149453707621,1220
8934369,5,-0.00012744044045120972,1221
8L52349,11,-0.00012738248808830122,1222
8M72120,3,-0.0001272778872589697,1223
8N13408,2,-0.0001271452973696796,1224
8917940,8,-0.00012712211537291296,1225
8L48461,10,-0.00012676833739533322,1226
8N05177,13,-0.00012658425930567319,1227
8L64862,9,-0.00012624563493091046,1228
8N06029,3,-0.00012612570867531758,1229
8N05111,12,-0.0001259573714378348,1230
8N27905,6,-0.00012577839606819907,1231
8934273,7,-0.00012557668259205457,1232
8L52361,11,-0.00012550611268125067,1233
8934805,6,-0.00012522312226792565,1234
8N14615,13,-0.0001251208095709444,1235
8N72924,13,-0.00012510094825302076,1236
8887439,5,-0.00012502267531999678,1237
8M31293,5,-0.0001249195065611275,1238
8939737,7,-0.00012487383764892002,1239
8P14995,14,-0.00012429010561731957,1240
8N14548,11,-0.00012416574145390769,1241
8800468,5,-0.00012412657315508113,1242
8N87595,11,-0.00012387014737669233,1243
8943164,3,-0.00012347129109002708,1244
8L52303,5,-0.00012311357676253465,1245
8L19998,5,-0.0001231001906489837,1246
8N28899,14,-0.0001230880334333051,1247
8866789,5,-0.00012281337376407464,1248
8816940,4,-0.00012263591952432762,1249
8730973,3,-0.00012262476207069994,1250
8794325,9,-0.00012242982575116912,1251
8L89665,5,-0.00012239620673426543,1252
8N05359,15,-0.000122306998264321,1253
8N87970,13,-0.00012229388494233717,1254
8N72472,9,-0.00012224623515066924,1255
8L57967,13,-0.0001221188995259581,1256
8934217,4,-0.00012210218847030774,1257
8N06469,12,-0.000121471957754693,1258
8N28708,6,-0.00012129738831845316,1259
8P14900,14,-0.0001212433439832239,1260
8M72679,5,-0.00012121585541535751,1261
8M72805,4,-0.00012119620259909425,1262
8N06891,11,-0.00012072332049228862,1263
8747239,4,-0.00012072175536559371,1264
8N87611,15,-0.00012070464163116412,1265
8651975,5,-0.00012069056015207025,1266
8M31192,8,-0.00012038318044460539,1267
8747038,8,-0.00012027571381167945,1268
8N87931,13,-0.00012016015398330637,1269
8L57966,13,-0.00012011978776627075,1270
8747726,5,-0.00011996418004400766,1271
8N05235,12,-0.00011983201966359047,1272
8N87623,15,-0.00011970257128268713,1273
8N72414,8,-0.00011967252612521406,1274
8943110,10,-0.00011959657717852679,1275
8N14559,11,-0.00011953598482250527,1276
8887475,4,-0.00011948422934437986,1277
8N73974,12,-0.00011939932301174849,1278
8N72064,2,-0.00011930591995223949,1279
8939157,5,-0.00011924919942885026,1280
8939278,12,-0.00011923186502826866,1281
8N05900,11,-0.0001192277989048307,1282
8934400,1,-0.00011917935307792504,1283
8L48765,11,-0.0001191282385661907,1284
8939551,1,-0.00011898918273800518,1285
8747417,1,-0.00011863877512041654,1286
8M72957,4,-0.00011860728500323603,1287
8N05645,14,-0.00011858467615866175,1288
8N87519,11,-0.00011848486053622764,1289
8M71585,2,-0.00011814010622401838,1290
8M72766,6,-0.00011800831125441391,1291
8N87072,5,-0.0001178565444561741,1292
8N27140,7,-0.00011775918051171175,1293
8P11529,15,-0.00011767445266741561,1294
8917953,2,-0.00011756310408372883,1295
8P14620,3,-0.0001173818400275195,1296
8M31581,5,-0.00011709828868333716,1297
8681066,9,-0.00011706030466029915,1298
8943894,5,-0.00011687673188021108,1299
8L89741,5,-0.00011630094263637147,1300
8934473,3,-0.00011621587327681482,1301
8794368,4,-0.00011615698201694613,1302
8730537,5,-0.00011615023868216667,1303
8934224,4,-0.00011610650972215808,1304
8N06681,14,-0.00011570888651135647,1305
8981033,4,-0.0001154592027887702,1306
8N14008,6,-0.00011541179628693499,1307
8M72319,7,-0.00011516003905853722,1308
8N73420,5,-0.00011487846802538115,1309
8M31283,10,-0.000114786425569946,1310
8N73494,12,-0.00011456975454393614,1311
8N27143,7,-0.00011438552064646501,1312
8981281,5,-0.00011429734649937018,1313
8N42397,5,-0.00011421212047935114,1314
8N73252,7,-0.00011418328449508408,1315
8747663,1,-0.00011407905594751355,1316
8N05708,4,-0.00011380218697354394,1317
8N73647,13,-0.00011353003446856746,1318
8N87537,11,-0.00011341334084136179,1319
8N14606,13,-0.00011328477921779267,1320
8M72698,14,-0.00011314916127957986,1321
8N05358,15,-0.00011305206044198712,1322
8747728,5,-0.00011294719365650963,1323
8N43000,6,-0.00011293864918116014,1324
8N72577,4,-0.00011284286574664293,1325
8M71105,13,-0.00011280672151769977,1326
8N06480,12,-0.00011277587191216298,1327
8L48738,11,-0.00011254214030032017,1328
8N87749,4,-0.00011245297514506092,1329
8N87863,14,-0.00011226488641113974,1330
8N06836,11,-0.0001120432821153372,1331
8N42791,4,-0.00011199588834642782,1332
8N05123,12,-0.00011192664260306628,1333
8N05889,11,-0.00011180942237842828,1334
8N05260,13,-0.00011177009855600772,1335
8P11546,14,-0.00011174117753398605,1336
8N42704,6,-0.00011162959231114655,1337
8P14256,6,-0.00011157420635754534,1338
8N13368,2,-0.00011140254719066434,1339
8N14651,13,-0.00011137155058804638,1340
8N05663,13,-0.00011110710693174042,1341
8N73975,12,-0.00011108139074167411,1342
8M72323,3,-0.00011102916960226139,1343
8N14655,13,-0.00011094676938228076,1344
8747366,5,-0.00011091997430412448,1345
8M71501,4,-0.0001108095847257573,1346
8M71587,1,-0.00011079621572207543,1347
8934027,4,-0.00011078523357355152,1348
8N72351,4,-0.00011072193228756078,1349
8N05621,14,-0.00011068530375268892,1350
8939619,5,-0.00011058336275482361,1351
8N05198,13,-0.00011034054364245094,1352
8N28789,15,-0.00011023178063851446,1353
8N14923,5,-0.000110219418587576,1354
8N05191,13,-0.00011015666405000957,1355
8M72879,6,-0.00011009833497155341,1356
8N14637,13,-0.00010984337768604746,1357
8887319,6,-0.00010960352847178001,1358
8M71514,1,-0.00010945757162517111,1359
8N14523,11,-0.0001092721424811316,1360
8747905,6,-0.00010925214348844747,1361
8N14624,13,-0.00010906995294135413,1362
8L48662,5,-0.000108988809188304,1363
8N87930,13,-0.00010877169506784412,1364
8L30709,12,-0.00010866929369512945,1365
8981734,10,-0.00010857054891744156,1366
8N73942,12,-0.00010823498450918123,1367
8L48602,5,-0.00010805186394691191,1368
8N72959,13,-0.00010800549716805108,1369
8N05669,15,-0.00010781081982713658,1370
8N13657,13,-0.00010771609788662317,1371
8M31993,1,-0.00010756339497675071,1372
8N87874,13,-0.00010731276051956229,1373
8L89389,5,-0.00010700764596549561,1374
8L89395,4,-0.00010680038053578755,1375
8747711,7,-0.00010678808189368283,1376
8887266,10,-0.00010668489005638548,1377
8573872,6,-0.00010659775716703734,1378
8N42633,5,-0.00010637830746418331,1379
8168639,4,-0.00010601688973110868,1380
8N06528,4,-0.000105159077065764,1381
8N05304,13,-0.0001051443457527057,1382
8N05810,5,-0.0001048519256983127,1383
8732258,1,-0.00010482675725143054,1384
8N06897,11,-0.00010442995153425727,1385
8N27072,14,-0.00010423079766042065,1386
8P14835,4,-0.00010408472962808446,1387
8598568,4,-0.00010397227333669434,1388
8N14578,11,-0.00010389090857643168,1389
8800547,5,-0.00010379966852269717,1390
8N14627,13,-0.0001032653271977324,1391
8N27121,7,-0.00010324260608740587,1392
8981289,5,-0.00010323023752789595,1393
8939371,7,-0.0001027170826546353,1394
8N28530,9,-0.00010225623032056319,1395
8N73209,12,-0.00010217479484708747,1396
8M72168,2,-0.00010211319784048101,1397
8N72516,4,-0.00010193644686751213,1398
8N14659,13,-0.00010189775905189435,1399
8N87058,5,-0.00010187778025283478,1400
8N13677,13,-0.00010160313354390382,1401
8P26450,6,-0.00010150453476853727,1402
8M72934,5,-0.00010137239064533787,1403
8M71530,4,-0.00010108450294410432,1404
8L89896,4,-0.00010103294471264235,1405
8M72928,5,-0.00010085624739986088,1406
8N14569,11,-0.00010084964560519438,1407
8981346,11,-0.00010077354386339721,1408
8L52397,12,-0.00010076656280944007,1409
8N72447,2,-0.00010067397033708403,1410
8L89471,6,-0.0001005413710117864,1411
8N87966,13,-0.00010037278480012901,1412
8N72922,13,-0.00010003674287872855,1413
8N87911,13,-9.977175250241999e-05,1414
8P14985,14,-9.974567842618853e-05,1415
8N05107,12,-9.965480830942397e-05,1416
8N27410,10,-9.953118006933437e-05,1417
8N28788,15,-9.95027060071152e-05,1418
8N42518,5,-9.940500376615091e-05,1419
8P26683,7,-9.938142784449155e-05,1420
8598887,4,-9.918037221723353e-05,1421
8816957,4,-9.890961837299983e-05,1422
8N06398,10,-9.856888209469616e-05,1423
8N72734,6,-9.843909583651111e-05,1424
8732610,9,-9.798686085105146e-05,1425
8N73231,12,-9.785532188288926e-05,1426
8N87584,11,-9.782142751646461e-05,1427
8681075,5,-9.731654927236377e-05,1428
8N14189,5,-9.730303145261132e-05,1429
8L89742,5,-9.703141313366359e-05,1430
8681251,4,-9.700493137643207e-05,1431
8M31925,5,-9.698560097604059e-05,1432
8N05152,12,-9.696893948785146e-05,1433
8P26739,7,-9.683379585112561e-05,1434
8N73055,5,-9.661229614721378e-05,1435
8N87615,15,-9.633157969801687e-05,1436
8573281,3,-9.599074837751687e-05,1437
8N73213,12,-9.587335262040142e-05,1438
8N87889,13,-9.58394311965094e-05,1439
8934042,9,-9.54865074618283e-05,1440
8681249,3,-9.543356344465792e-05,1441
8N73969,12,-9.518199476588052e-05,1442
8934313,5,-9.513884367606806e-05,1443
8L64206,6,-9.512890028418042e-05,1444
8L89354,5,-9.511023608865798e-05,1445
8L19839,5,-9.499895429598837e-05,1446
8N73312,15,-9.494450296188006e-05,1447
8L57918,2,-9.459200396122469e-05,1448
8N05710,5,-9.457477335672593e-05,1449
8P11788,2,-9.455133317715081e-05,1450
8L30446,4,-9.439148209366977e-05,1451
8M71377,12,-9.430208956473507e-05,1452
8800512,5,-9.42746203236311e-05,1453
8934283,7,-9.414813064267946e-05,1454
8N73589,5,-9.393463233209332e-05,1455
8939475,3,-9.378233721690776e-05,1456
8M31041,3,-9.367887741973391e-05,1457
8N05933,2,-9.364742049911001e-05,1458
8N73999,14,-9.360676995129324e-05,1459
8L89981,7,-9.332340073342493e-05,1460
8N27197,14,-9.280394897359656e-05,1461
8N87877,13,-9.271992223602865e-05,1462
8N06989,6,-9.267092423215217e-05,1463
8N06563,4,-9.244134616892552e-05,1464
8N27927,5,-9.243842214345932e-05,1465
8N05619,14,-9.225913493082771e-05,1466
8N27250,1,-9.222770609085273e-05,1467
8P14983,14,-9.216515945809078e-05,1468
8168658,1,-9.212490431309561e-05,1469
8L89380,5,-9.208651772496523e-05,1470
8N28738,2,-9.199906079970788e-05,1471
8934304,5,-9.198653879138874e-05,1472
8N72947,13,-9.173086498215355e-05,1473
8L89143,13,-9.164152493212896e-05,1474
8M71281,4,-9.14876077331428e-05,1475
8816491,5,-9.145756757789059e-05,1476
8N05307,13,-9.133846560871461e-05,1477
8943080,4,-9.122369601755054e-05,1478
8934284,7,-9.118121607798457e-05,1479
8N73512,7,-9.116045180235233e-05,1480
8L89245,6,-9.107112555284402e-05,1481
8P11488,1,-9.090446974369115e-05,1482
8M71414,5,-9.072949944766151e-05,1483
8N87933,13,-9.06039733763464e-05,1484
8N05939,2,-9.059262197297357e-05,1485
8981266,5,-9.045890236336618e-05,1486
8L64838,2,-9.029148463923775e-05,1487
8N87884,13,-9.009387713376782e-05,1488
8N73497,12,-9.007233302327222e-05,1489
8P11554,14,-9.0051031747862e-05,1490
8N13333,3,-8.998156749839836e-05,1491
8N87267,8,-8.985682688944507e-05,1492
8N73603,14,-8.969522923507611e-05,1493
8N72826,14,-8.954217639711715e-05,1494
8732649,5,-8.923608485389423e-05,1495
8L19974,5,-8.915487342164852e-05,1496
8730951,3,-8.909261887879438e-05,1497
8P14846,14,-8.907062283469713e-05,1498
8P14986,14,-8.902782371933426e-05,1499
8N14613,13,-8.887214238484376e-05,1500
8N73453,11,-8.886004343366949e-05,1501
8N27348,8,-8.868782788340468e-05,1502
8P26693,7,-8.85715977574364e-05,1503
8747777,5,-8.844993703860382e-05,1504
8N05214,12,-8.84162895999907e-05,1505
8M31793,11,-8.814583361527184e-05,1506
8N73965,12,-8.801298781691003e-05,1507
8917962,8,-8.793226618308836e-05,1508
8N14922,5,-8.770305345251472e-05,1509
8N13603,14,-8.75180658113095e-05,1510
8P14029,5,-8.739588861317316e-05,1511
8N14347,15,-8.736804829823086e-05,1512
8N87839,14,-8.735936762604979e-05,1513
8981276,5,-8.734337029636663e-05,1514
8M71828,10,-8.727922033813229e-05,1515
8N73972,12,-8.718097205928643e-05,1516
8N14939,4,-8.701574336100748e-05,1517
8N87981,13,-8.701252136233961e-05,1518
8N05647,11,-8.695128559566001e-05,1519
8N14522,11,-8.693055383446335e-05,1520
8N05187,13,-8.688413072377443e-05,1521
8N87629,15,-8.665491304782336e-05,1522
8P14310,14,-8.658992237542407e-05,1523
8681496,2,-8.646844446502655e-05,1524
8N06294,9,-8.645427260489669e-05,1525
8N87953,13,-8.644224118370403e-05,1526
8943474,3,-8.618004358140752e-05,1527
8N28845,5,-8.615793399258109e-05,1528
8N73527,4,-8.611551083959057e-05,1529
8N73492,12,-8.581689098718925e-05,1530
8N72963,13,-8.577001312914945e-05,1531
8N73659,13,-8.554585951969784e-05,1532
8L64175,3,-8.552747476642253e-05,1533
8N73906,11,-8.551046767024673e-05,1534
8934278,7,-8.542630735064449e-05,1535
8N13932,5,-8.532072433808935e-05,1536
8934271,7,-8.507988195560756e-05,1537
8P14855,14,-8.505955287319011e-05,1538
8934272,7,-8.500395722421672e-05,1539
8P11964,5,-8.434002666035667e-05,1540
8M72019,2,-8.411759654336493e-05,1541
8L64499,11,-8.389879110382026e-05,1542
8N05869,11,-8.371025887754513e-05,1543
8681324,7,-8.352824352186872e-05,1544
8L49957,4,-8.347058837898658e-05,1545
8M71362,12,-8.319202970596962e-05,1546
8N73973,12,-8.303813956445083e-05,1547
8N13986,5,-8.293583255181147e-05,1548
8N06834,11,-8.287370587822807e-05,1549
8N06860,11,-8.278899986180477e-05,1550
8N42634,5,-8.249847314800718e-05,1551
8934459,4,-8.249657707892766e-05,1552
8L48450,5,-8.224487839925132e-05,1553
8L89516,5,-8.222912788369285e-05,1554
8N72989,2,-8.22144896206467e-05,1555
8N28799,1,-8.217225968110142e-05,1556
8939932,11,-8.215671869038488e-05,1557
8N14960,5,-8.207528799175634e-05,1558
8M72924,5,-8.204853838833515e-05,1559
8L19596,2,-8.204591540561523e-05,1560
8N73228,12,-8.19961387605872e-05,1561
8L52624,2,-8.190996641133097e-05,1562
8N14006,6,-8.189880736608757e-05,1563
8981352,11,-8.185048773157177e-05,1564
8N13615,14,-8.168533065600059e-05,1565
8N05437,6,-8.16002407191263e-05,1566
8L89296,4,-8.157854654200491e-05,1567
8M71307,6,-8.149919744937506e-05,1568
8N72466,9,-8.148277174768737e-05,1569
8N72065,2,-8.134245763358194e-05,1570
8L52396,12,-8.108881547741476e-05,1571
8N14016,7,-8.100858713078196e-05,1572
8N42801,2,-8.097015586372436e-05,1573
8N73793,15,-8.088327854238742e-05,1574
8118429,6,-8.086760590231279e-05,1575
8P26578,9,-8.07546994110453e-05,1576
8N73648,13,-8.074746847341885e-05,1577
8P14762,4,-8.070780995694804e-05,1578
8P11058,3,-8.070380556546297e-05,1579
8N13659,13,-8.061848575380282e-05,1580
8N87814,14,-8.02178975050083e-05,1581
8168771,5,-8.020430504984688e-05,1582
8939199,5,-8.012470971152652e-05,1583
8L30748,11,-8.008706993223313e-05,1584
8N73226,12,-7.987891689253956e-05,1585
8N73439,11,-7.945400420794613e-05,1586
8N06862,11,-7.942611155442592e-05,1587
8N73655,13,-7.939618444652297e-05,1588
8N14574,11,-7.912785952157719e-05,1589
8N87732,4,-7.89621710737265e-05,1590
8N87939,13,-7.879083341322257e-05,1591
8N87869,13,-7.840360080990649e-05,1592
8M71504,4,-7.839864747438696e-05,1593
8N27087,14,-7.834981170162791e-05,1594
8M71077,4,-7.818664926162455e-05,1595
8N87894,13,-7.808967939126887e-05,1596
8939608,5,-7.799702228794558e-05,1597
8N42209,2,-7.783557930451934e-05,1598
8M71864,5,-7.774365224122448e-05,1599
8N27297,10,-7.770748243274284e-05,1600
8168635,5,-7.764446399960434e-05,1601
8M71485,13,-7.7242820225365e-05,1602
8730443,5,-7.71131362853339e-05,1603
8934460,4,-7.705849111516727e-05,1604
8N06854,11,-7.662436277655615e-05,1605
8N27800,2,-7.647642303254543e-05,1606
8N27339,4,-7.631500686500203e-05,1607
8816452,6,-7.628568846484995e-05,1608
8L89552,12,-7.62471081543481e-05,1609
8981545,5,-7.618389554409077e-05,1610
8939607,5,-7.590987252115156e-05,1611
8N14556,11,-7.57495488414861e-05,1612
8M71374,12,-7.56223528242117e-05,1613
8732591,2,-7.551233602498542e-05,1614
8N14657,13,-7.545228891103761e-05,1615
8981005,5,-7.507177383558883e-05,1616
8L48323,4,-7.496630593095688e-05,1617
8N42513,5,-7.493599014196661e-05,1618
8N73616,14,-7.486051367777691e-05,1619
8747290,9,-7.460240153722708e-05,1620
8M71457,13,-7.456125922544743e-05,1621
8P11527,15,-7.451197211594263e-05,1622
8N27404,7,-7.448047608704655e-05,1623
8N73433,11,-7.428986674540283e-05,1624
8537761,1,-7.426057618431514e-05,1625
8N87925,13,-7.417997994707548e-05,1626
8N28243,2,-7.400651929856394e-05,1627
8P14834,5,-7.374482174782315e-05,1628
8857232,5,-7.319741712308314e-05,1629
8N87882,13,-7.3065147773832e-05,1630
8N42130,9,-7.299466369659058e-05,1631
8681071,9,-7.290778034985124e-05,1632
8P11539,15,-7.27628076901965e-05,1633
8N73673,13,-7.267275600497669e-05,1634
8943837,6,-7.251007650665997e-05,1635
8816936,4,-7.247258645293186e-05,1636
8934889,7,-7.24508444136518e-05,1637
8N05681,15,-7.231017730191525e-05,1638
8N27352,6,-7.225173513347727e-05,1639
8732262,1,-7.199760824505574e-05,1640
8L19722,6,-7.181011599755038e-05,1641
8M71079,7,-7.179091393538783e-05,1642
8N05218,12,-7.166990894802439e-05,1643
8681074,5,-7.165689862631552e-05,1644
8N72208,3,-7.162615784750415e-05,1645
8N27061,14,-7.138803155015694e-05,1646
8L30289,5,-7.135677833502996e-05,1647
8N14638,13,-7.127821817221047e-05,1648
8N27200,14,-7.127382627913903e-05,1649
8N87711,5,-7.118421149243659e-05,1650
8N13100,14,-7.105083182068483e-05,1651
8L52974,4,-7.09925826640756e-05,1652
8P14311,14,-7.078490233425327e-05,1653
8N87054,5,-7.045655490856007e-05,1654
8N87590,11,-7.04527147945555e-05,1655
8981318,6,-7.02591823937837e-05,1656
8N14231,4,-7.025506221225442e-05,1657
8943578,2,-7.018778882184051e-05,1658
8N72633,4,-7.013560230006988e-05,1659
8L57907,8,-6.996424372118781e-05,1660
8N14623,13,-6.996161755523644e-05,1661
8681248,3,-6.994527575443499e-05,1662
8N72920,13,-6.990999992240177e-05,1663
8N14669,13,-6.990994489797231e-05,1664
8N05145,12,-6.966228835381116e-05,1665
8L52688,9,-6.963124860703829e-05,1666
8L89517,5,-6.96019867199027e-05,1667
8N05608,14,-6.955097524041776e-05,1668
8M72525,11,-6.950406759642647e-05,1669
8N14664,13,-6.949542904521877e-05,1670
8N72911,13,-6.93609345034929e-05,1671
8N27298,10,-6.934316797924112e-05,1672
8L57826,9,-6.934169982741878e-05,1673
8747101,5,-6.900504240547889e-05,1674
8N42083,8,-6.899471605947838e-05,1675
8L64970,5,-6.898939477650856e-05,1676
8L30473,12,-6.896962941027596e-05,1677
8309252,5,-6.868026844131236e-05,1678
8N87949,13,-6.866186561182985e-05,1679
8M72598,11,-6.865254044896574e-05,1680
8N05276,13,-6.847181548153003e-05,1681
8681067,9,-6.806037939099951e-05,1682
8651701,5,-6.796545312681701e-05,1683
8N42186,2,-6.794857063141535e-05,1684
8N06852,11,-6.793283841943776e-05,1685
8P14975,14,-6.78519685379797e-05,1686
8934055,11,-6.779726800232311e-05,1687
8N05688,15,-6.774942221454694e-05,1688
8L48785,11,-6.764786553503654e-05,1689
8168661,1,-6.754465397307285e-05,1690
8L19663,7,-6.753616025889642e-05,1691
8L52931,4,-6.743183837443212e-05,1692
8P26541,2,-6.740565208929183e-05,1693
8N72488,3,-6.735933288837259e-05,1694
8857739,4,-6.735724036843749e-05,1695
8L52384,11,-6.715827133518815e-05,1696
8L57976,13,-6.709733474963286e-05,1697
8981773,4,-6.708645673825231e-05,1698
8M72693,14,-6.705316468469391e-05,1699
8N06847,11,-6.689618754762705e-05,1700
8943892,5,-6.689186380981482e-05,1701
8732681,4,-6.679970647383016e-05,1702
8M71276,4,-6.679008515675378e-05,1703
8N42970,5,-6.670554656018624e-05,1704
8N05208,12,-6.66484444877824e-05,1705
8730979,6,-6.659428720467986e-05,1706
8M71092,5,-6.643671349593205e-05,1707
8N73653,13,-6.639857701884466e-05,1708
8L64923,10,-6.626817986443712e-05,1709
8L19728,4,-6.612275683437474e-05,1710
8L64880,11,-6.608945386687992e-05,1711
8939858,8,-6.606206898140954e-05,1712
8800336,7,-6.591046053472382e-05,1713
8651761,6,-6.5904713665077e-05,1714
8N14652,13,-6.586776316908072e-05,1715
8651784,3,-6.58452557900091e-05,1716
8N72260,2,-6.582178948022488e-05,1717
8651997,5,-6.580839372816172e-05,1718
8L52640,8,-6.573617258709419e-05,1719
8934475,3,-6.55534002476088e-05,1720
8N87631,15,-6.54164255138312e-05,1721
8N14521,11,-6.529673510158318e-05,1722
8N72937,13,-6.501334780750767e-05,1723
8800005,9,-6.481391267243453e-05,1724
8N28483,2,-6.474241899923072e-05,1725
8939611,4,-6.473633357018116e-05,1726
8800012,7,-6.467709749813366e-05,1727
8M72881,5,-6.463340514528682e-05,1728
8747730,2,-6.451816670960397e-05,1729
8N73645,13,-6.447769021633576e-05,1730
8N73979,12,-6.442934534334199e-05,1731
8939584,5,-6.435512250391184e-05,1732
8N87352,6,-6.432523605326423e-05,1733
8N28776,5,-6.406893544408376e-05,1734
8N87932,13,-6.39953150312067e-05,1735
8P14343,15,-6.389336203938001e-05,1736
8L30765,12,-6.380289931939842e-05,1737
8N14353,15,-6.374593431246467e-05,1738
8N06677,14,-6.368442313942069e-05,1739
8N06882,14,-6.359257449162214e-05,1740
8L19934,5,-6.353504306844115e-05,1741
8816408,5,-6.327749011347805e-05,1742
8N27869,6,-6.302338078967296e-05,1743
8943039,4,-6.297305901625805e-05,1744
8N05362,15,-6.270760110282936e-05,1745
8M31524,4,-6.269845312090183e-05,1746
8N05246,13,-6.257568566070404e-05,1747
8N73913,11,-6.256279402805376e-05,1748
8N87047,5,-6.246234795526107e-05,1749
8N05870,11,-6.238756111542898e-05,1750
8309266,5,-6.232838603636992e-05,1751
8L52340,12,-6.232160728814051e-05,1752
8P11786,2,-6.229648988664849e-05,1753
8N14631,13,-6.229065411389456e-05,1754
8N87606,15,-6.216008375758975e-05,1755
8L64600,12,-6.213632013896131e-05,1756
8981243,7,-6.210225296854333e-05,1757
8981606,10,-6.204074884408328e-05,1758
8N73057,4,-6.20367191004334e-05,1759
8N73609,14,-6.187838789628586e-05,1760
8934426,8,-6.178661487865611e-05,1761
8N27803,5,-6.176615534059238e-05,1762
8681169,4,-6.163083850196927e-05,1763
8N72660,5,-6.160865359561285e-05,1764
8N87258,8,-6.139463243926002e-05,1765
8934215,3,-6.103991495365335e-05,1766
8800074,5,-6.100865334701666e-05,1767
8N73914,11,-6.094519426369516e-05,1768
8N42214,9,-6.08273699072015e-05,1769
8N42915,6,-6.079830222915916e-05,1770
8N13653,14,-6.06449965516731e-05,1771
8N73438,11,-6.061054750716721e-05,1772
8M71335,12,-6.0584650782402605e-05,1773
8800185,6,-6.014693917677505e-05,1774
8L48566,7,-6.007696401866269e-05,1775
8N87875,13,-6.0011559071426746e-05,1776
8N72067,9,-5.98924466430617e-05,1777
8943064,6,-5.966451476524526e-05,1778
8N28849,5,-5.9523833897401346e-05,1779
8N27089,14,-5.951356479272363e-05,1780
8N42521,5,-5.943355336057721e-05,1781
8N42441,14,-5.920368454326308e-05,1782
8732674,7,-5.9017270359618124e-05,1783
8P11325,4,-5.870452787348768e-05,1784
8N27141,7,-5.868061799674251e-05,1785
8N73586,5,-5.8671244005381595e-05,1786
8N42707,4,-5.84533022447431e-05,1787
8L52353,11,-5.835372212459333e-05,1788
8N05185,13,-5.806136732644518e-05,1789
8N72935,13,-5.8037900689811295e-05,1790
8L52623,1,-5.7972017657448305e-05,1791
8M72136,2,-5.7894666724678245e-05,1792
8N06470,12,-5.783096708000812e-05,1793
8651514,2,-5.777866715561686e-05,1794
8N73441,11,-5.777364668801965e-05,1795
8N06865,11,-5.7551635336494655e-05,1796
8N73683,13,-5.73912552965794e-05,1797
8747866,8,-5.725440668413739e-05,1798
8N05237,13,-5.721214299114763e-05,1799
8M72179,2,-5.713666109841142e-05,1800
8M71205,5,-5.712423671866418e-05,1801
8N72692,11,-5.7071423270826926e-05,1802
8747225,5,-5.698196787307097e-05,1803
8N14517,11,-5.6903820336628996e-05,1804
8N14340,15,-5.6895441048254725e-05,1805
8L48745,11,-5.68553753055312e-05,1806
8P11884,14,-5.6756651162004346e-05,1807
8N87531,11,-5.67502761441574e-05,1808
8N27455,5,-5.6673567542020464e-05,1809
8N05841,5,-5.6255261270621304e-05,1810
8N06858,11,-5.618485728575706e-05,1811
8N73622,13,-5.6149488159462635e-05,1812
8N05953,14,-5.61181079774542e-05,1813
8L30771,12,-5.609355162050633e-05,1814
8P14769,1,-5.599883616014267e-05,1815
8573572,4,-5.594601327629789e-05,1816
8P14850,14,-5.582378753388184e-05,1817
8N14439,5,-5.567464836531144e-05,1818
8N87543,11,-5.546409511225647e-05,1819
8N87597,11,-5.5309286835836247e-05,1820
8N06387,5,-5.504485170604312e-05,1821
8M71283,4,-5.502929343492724e-05,1822
8L19953,7,-5.492340778801008e-05,1823
8P11395,14,-5.4907086450839415e-05,1824
8N14956,5,-5.477343484017183e-05,1825
8N27707,2,-5.4737683740313514e-05,1826
8P11932,5,-5.465790388825553e-05,1827
8747756,5,-5.457877261960675e-05,1828
8P11555,14,-5.4454609738741055e-05,1829
8943144,9,-5.4319444473094336e-05,1830
8N73237,12,-5.4238136726780795e-05,1831
8N14639,13,-5.419923257932169e-05,1832
8N42507,5,-5.419468877576605e-05,1833
8N05716,6,-5.40995936262334e-05,1834
8N73443,11,-5.3765858524457144e-05,1835
8N42544,5,-5.374215129450022e-05,1836
8N14635,13,-5.370886416500298e-05,1837
8N27120,7,-5.355476832846762e-05,1838
8M71107,13,-5.3393365305964835e-05,1839
8N27921,4,-5.337691110363085e-05,1840
8N73620,13,-5.333304284249607e-05,1841
8M71325,11,-5.306986611230968e-05,1842
8917939,8,-5.29851242845325e-05,1843
8M31334,5,-5.292046506610859e-05,1844
8N05887,11,-5.281027483761136e-05,1845
8N73320,15,-5.279876381791837e-05,1846
8N87984,13,-5.267483155080299e-05,1847
8732625,9,-5.262676882011874e-05,1848
8943496,3,-5.256203030512552e-05,1849
8N87270,8,-5.248765182841453e-05,1850
8N73463,11,-5.2470714535957086e-05,1851
8N87534,11,-5.233094589129905e-05,1852
8N73968,12,-5.231274775496786e-05,1853
8N14654,13,-5.217288742898063e-05,1854
8168772,5,-5.2024165228203856e-05,1855
8L89277,5,-5.191310265217908e-05,1856
8981178,11,-5.189933131077851e-05,1857
8934375,5,-5.189855835396884e-05,1858
8981359,11,-5.171752763999393e-05,1859
8934600,4,-5.147298969632175e-05,1860
8N14601,13,-5.1411644946597335e-05,1861
8N27249,5,-5.136391587257094e-05,1862
8L64501,12,-5.12629503646167e-05,1863
8N05118,12,-5.1237067964393646e-05,1864
8N87801,14,-5.123436176290852e-05,1865
8N13649,14,-5.121020080878225e-05,1866
8N05701,6,-5.1170783535781084e-05,1867
8L48568,7,-5.103897748881536e-05,1868
8P14128,7,-5.096332927223557e-05,1869
8N27074,14,-5.0832177066695294e-05,1870
8981379,12,-5.0665434017105326e-05,1871
8M31342,1,-5.066405179832145e-05,1872
8N14560,11,-5.066209996584803e-05,1873
8N05705,5,-5.065950017524301e-05,1874
8L30320,5,-5.063354785761476e-05,1875
8N27748,2,-5.0534936008261866e-05,1876
8P14853,14,-5.0312069106439594e-05,1877
8N05293,13,-5.029688193758375e-05,1878
8N42795,4,-5.026427982102177e-05,1879
8M72699,14,-5.0139901986767654e-05,1880
8681095,5,-5.0127603252292374e-05,1881
8P14854,14,-5.011006680888386e-05,1882
8981955,3,-5.0023959488498804e-05,1883
8747654,1,-4.989023886992072e-05,1884
8N87692,9,-4.9790488674261724e-05,1885
8N87628,15,-4.9704105151704425e-05,1886
8N14064,6,-4.969495864770579e-05,1887
8P14963,14,-4.9609730126576324e-05,1888
8939339,7,-4.947011527178802e-05,1889
8M72581,14,-4.93666450438468e-05,1890
8P11536,15,-4.932739625473914e-05,1891
8747308,8,-4.924970971842413e-05,1892
8N73445,11,-4.920413630316034e-05,1893
8M71750,7,-4.9078548727266025e-05,1894
8L64879,11,-4.899202031083405e-05,1895
8L52364,11,-4.8649242728515674e-05,1896
8N73700,13,-4.860830244979297e-05,1897
8M31737,3,-4.847674904340238e-05,1898
8N05003,4,-4.842505177293788e-05,1899
8800422,10,-4.841482905248995e-05,1900
8934471,3,-4.8400113286106716e-05,1901
8N05174,12,-4.818783736482146e-05,1902
8N13696,13,-4.814836211153306e-05,1903
8309182,5,-4.809477513845195e-05,1904
8M71089,5,-4.806288143299753e-05,1905
8L30154,11,-4.805046410183422e-05,1906
8N72909,13,-4.798599513833324e-05,1907
8M72243,3,-4.789772037838702e-05,1908
8L52328,12,-4.7837723855082004e-05,1909
8N05143,12,-4.783009649145242e-05,1910
8N87528,11,-4.7726101399803156e-05,1911
8L52310,5,-4.7668983711446344e-05,1912
8L89844,5,-4.7378100134665146e-05,1913
8N73181,15,-4.720166270999471e-05,1914
8N87728,5,-4.7185202902255696e-05,1915
8M71247,4,-4.7109463309880084e-05,1916
8N05137,12,-4.694562198892527e-05,1917
8L48454,5,-4.6944365749368444e-05,1918
8N73917,11,-4.689297554705263e-05,1919
8N87961,13,-4.688289845944382e-05,1920
8M72001,2,-4.682217479512474e-05,1921
8M31815,12,-4.6740921959553816e-05,1922
8M72908,5,-4.673619787354255e-05,1923
8N27825,6,-4.667992777740437e-05,1924
8N73668,13,-4.64577677661282e-05,1925
8N73902,11,-4.630936427929555e-05,1926
8N13633,14,-4.6219379044032394e-05,1927
8981163,12,-4.617806621354248e-05,1928
8N14658,13,-4.593751179982064e-05,1929
8N73250,14,-4.577656295623456e-05,1930
8N28190,6,-4.5731928139503e-05,1931
8N05209,12,-4.5618415811077284e-05,1932
8N87772,4,-4.5479210598387e-05,1933
8N13976,5,-4.540303768862941e-05,1934
8N28696,5,-4.523251061527844e-05,1935
8L89786,13,-4.521457026385178e-05,1936
8M31924,5,-4.509187675694193e-05,1937
8N13345,2,-4.5010739768258645e-05,1938
8L52418,4,-4.499012220549048e-05,1939
8N72951,13,-4.484031387619325e-05,1940
8730931,3,-4.470458387118015e-05,1941
8N87551,11,-4.457329862361803e-05,1942
8N06898,11,-4.456578290046309e-05,1943
8L52934,4,-4.451654058357235e-05,1944
8L52362,11,-4.4468884823345434e-05,1945
8N28815,5,-4.4317031097307336e-05,1946
8N73601,14,-4.430832109392213e-05,1947
8N14014,7,-4.420624827616848e-05,1948
8N27881,5,-4.42009222751949e-05,1949
8934062,5,-4.4108428426170576e-05,1950
8747583,2,-4.3785347315861145e-05,1951
8939419,3,-4.3655781610141275e-05,1952
8934527,1,-4.3645016148730065e-05,1953
8816953,4,-4.346696186985355e-05,1954
8939796,12,-4.32885419172635e-05,1955
8800031,5,-4.327753799771017e-05,1956
8943025,5,-4.32160331911291e-05,1957
8M71317,5,-4.279579843569081e-05,1958
8P11542,15,-4.275065936099054e-05,1959
8P14932,14,-4.274329393183507e-05,1960
8P14401,5,-4.2714024971246545e-05,1961
8M31115,8,-4.266393750640418e-05,1962
8N27937,6,-4.263206915311457e-05,1963
8N14292,15,-4.240654763520979e-05,1964
8N87834,14,-4.228842453812831e-05,1965
8P14838,5,-4.214030286675552e-05,1966
8N72691,11,-4.213013357912132e-05,1967
8N42502,5,-4.209006590372155e-05,1968
8N87549,11,-4.208499683500122e-05,1969
8L48750,11,-4.198033474267504e-05,1970
8L52313,12,-4.174891819275217e-05,1971
8N28578,9,-4.165180136794788e-05,1972
8N05576,2,-4.161312868689038e-05,1973
8857752,6,-4.145497064200754e-05,1974
8N73182,15,-4.133221515800756e-05,1975
8M31778,11,-4.128753971599508e-05,1976
8800470,5,-4.109256087758695e-05,1977
8N87995,3,-4.1087437708142716e-05,1978
8N87963,13,-4.1067099004976626e-05,1979
8N42708,4,-4.104435572571674e-05,1980
8N73613,14,-4.09587436251968e-05,1981
8L89637,5,-4.095713347851415e-05,1982
8934854,4,-4.0953395910037216e-05,1983
8N28511,2,-4.0884081130343475e-05,1984
8N13923,5,-4.080441766518561e-05,1985
8732266,1,-4.0804028685670346e-05,1986
8N13984,5,-4.069076544510608e-05,1987
8N87369,4,-4.041509644281405e-05,1988
8981284,5,-4.037944984247588e-05,1989
8N05132,12,-4.0356700537813595e-05,1990
8L52967,6,-4.034544781461591e-05,1991
8N14557,11,-4.0313733848051925e-05,1992
8981860,8,-4.026683927804697e-05,1993
8800467,5,-4.021643928808771e-05,1994
8N87754,4,-4.021064086145998e-05,1995
8981715,10,-4.016050755950573e-05,1996
8P14981,14,-4.01476768701059e-05,1997
8N28773,5,-4.0068757584776904e-05,1998
8887205,4,-3.99913778892369e-05,1999
8N73314,15,-3.992625056525867e-05,2000
8N14051,6,-3.9800205968276714e-05,2001
8N05115,12,-3.979222115901848e-05,2002
8N73740,14,-3.974655692218221e-05,2003
8N05280,13,-3.974491420422055e-05,2004
8N14614,13,-3.974489810687487e-05,2005
8N13970,5,-3.9679762608102465e-05,2006
8P14454,6,-3.959032301281695e-05,2007
8N73084,6,-3.952203132939758e-05,2008
8L64529,14,-3.945281285666624e-05,2009
8800390,6,-3.9387500464727054e-05,2010
8N73193,15,-3.9367925410260796e-05,2011
8M71881,5,-3.931442847715516e-05,2012
8N06483,12,-3.9216888339410616e-05,2013
8934499,4,-3.91249706126473e-05,2014
8N72696,11,-3.9115983327064896e-05,2015
8N05217,12,-3.906994612634662e-05,2016
8N13587,2,-3.9012592765175214e-05,2017
8N14610,13,-3.8966548345342744e-05,2018
8981265,5,-3.890589147204082e-05,2019
8N27097,8,-3.885326259478461e-05,2020
8168614,6,-3.8852688476254116e-05,2021
8N14157,6,-3.881077850564907e-05,2022
8747878,1,-3.843437673367589e-05,2023
8681292,7,-3.826917054539081e-05,2024
8N87228,3,-3.8086228528300126e-05,2025
8N14961,5,-3.788099320445326e-05,2026
8681464,5,-3.773250637095771e-05,2027
8N27577,5,-3.758210121418415e-05,2028
8N87571,11,-3.7455677329489845e-05,2029
8L30750,11,-3.7398863867110776e-05,2030
8L19951,7,-3.733548510354012e-05,2031
8N06685,14,-3.7244360214572225e-05,2032
8L64176,2,-3.713424302986823e-05,2033
8M71355,12,-3.698826844811265e-05,2034
8917927,2,-3.698227564541412e-05,2035
8N73083,6,-3.6947599255654495e-05,2036
8L30847,5,-3.673878575227718e-05,2037
8866751,5,-3.66177500836784e-05,2038
8N05893,11,-3.605243361448629e-05,2039
8N42051,2,-3.602606147978804e-05,2040
8N06841,11,-3.601519961193844e-05,2041
8N28688,5,-3.6012821283293306e-05,2042
8P14848,14,-3.59552662985152e-05,2043
8N27010,14,-3.588240565477463e-05,2044
8N13590,2,-3.576056678866735e-05,2045
8P11584,4,-3.568724036995263e-05,2046
8N13141,14,-3.5653243799060874e-05,2047
8P11548,14,-3.537984787271853e-05,2048
8L52379,11,-3.53517018538696e-05,2049
8M71250,4,-3.520552411373501e-05,2050
8747274,2,-3.5186830984912376e-05,2051
8P14957,14,-3.482490501482971e-05,2052
8L64840,3,-3.465519284873153e-05,2053
8N73513,7,-3.4614668948051985e-05,2054
8N42514,5,-3.447498579589592e-05,2055
8747167,8,-3.444065001190211e-05,2056
8N14633,13,-3.440945869215284e-05,2057
8P14806,14,-3.43110136782343e-05,2058
8N14607,13,-3.403034422078122e-05,2059
8N73935,12,-3.401882145226409e-05,2060
8N27084,14,-3.382261115802976e-05,2061
8N05795,10,-3.370392460055882e-05,2062
8N13611,14,-3.361913614696732e-05,2063
8N05857,11,-3.359942906655533e-05,2064
8887344,5,-3.348494132637825e-05,2065
8N14524,11,-3.3447031455580145e-05,2066
8N05892,11,-3.3264589774262276e-05,2067
8730564,3,-3.324382566916029e-05,2068
8681184,4,-3.321370422781911e-05,2069
8N14632,13,-3.318214459113733e-05,2070
8N14682,13,-3.3137365335278446e-05,2071
8N14684,13,-3.304033779727433e-05,2072
8N87613,15,-3.283555793132109e-05,2073
8N73876,5,-3.269413491580053e-05,2074
8N73479,11,-3.263794349095406e-05,2075
8943761,3,-3.262570498918649e-05,2076
8N73795,15,-3.2491354659214267e-05,2077
8L48474,4,-3.238777901515277e-05,2078
8L30753,11,-3.230006544185926e-05,2079
8N06491,12,-3.213530906975848e-05,2080
8N27362,5,-3.200972787453793e-05,2081
8N87216,2,-3.187502306900569e-05,2082
8N87934,13,-3.182354532782483e-05,2083
8981290,5,-3.17269065135406e-05,2084
8N05153,12,-3.1719687854092626e-05,2085
8N05196,13,-3.16939812421424e-05,2086
8L89550,12,-3.167346480381639e-05,2087
8N73997,14,-3.144342076666362e-05,2088
8N73915,11,-3.144240675112542e-05,2089
8L52357,11,-3.141416368634964e-05,2090
8N87264,8,-3.128884378611474e-05,2091
8794346,9,-3.101395293469977e-05,2092
8N13440,2,-3.096756154263858e-05,2093
8L52206,8,-3.090057828103454e-05,2094
8981310,3,-3.0835244160698494e-05,2095
8N05880,11,-3.081705790464184e-05,2096
8N72939,13,-3.075185679790593e-05,2097
8N28851,5,-3.0703096953743625e-05,2098
8L48311,5,-3.047596018745935e-05,2099
8N73048,4,-3.0412680189328967e-05,2100
8N73936,12,-3.0375851679309562e-05,2101
8N27402,7,-3.034259827927599e-05,2102
8887241,1,-3.0256124091465608e-05,2103
8N05642,14,-2.9788613119308138e-05,2104
8732240,7,-2.9690170094909263e-05,2105
8N05116,12,-2.9468716746805512e-05,2106
8N05288,13,-2.9402647555798467e-05,2107
8887445,8,-2.9299569177965168e-05,2108
8917840,3,-2.921144471201842e-05,2109
8N14558,11,-2.9162734449528216e-05,2110
8L52320,12,-2.8926733875778154e-05,2111
8681317,5,-2.888317112592631e-05,2112
8981828,7,-2.8845792257925496e-05,2113
8747764,5,-2.878621975810347e-05,2114
8N05289,13,-2.8654196967181633e-05,2115
8981741,4,-2.8513321694845217e-05,2116
8N13673,13,-2.8397103960742243e-05,2117
8L30759,11,-2.775710362357131e-05,2118
8L48312,5,-2.7729251712571568e-05,2119
8N13694,13,-2.7448211852743043e-05,2120
8N14023,5,-2.7447251568446518e-05,2121
8651883,4,-2.74402536888374e-05,2122
8N73210,12,-2.7417054297984578e-05,2123
8730421,4,-2.713205321924761e-05,2124
8L89387,5,-2.711938410016046e-05,2125
8L52355,11,-2.7074180707131745e-05,2126
8309272,5,-2.7043829277317855e-05,2127
8L48480,4,-2.7029414638946037e-05,2128
8981792,6,-2.6969473012172784e-05,2129
8939736,7,-2.669939692623302e-05,2130
8L57858,9,-2.6648976245269296e-05,2131
8N05898,11,-2.6634521418600343e-05,2132
8M31812,12,-2.6614719899953343e-05,2133
8N73988,12,-2.656869159523012e-05,2134
8730552,3,-2.6538908230122615e-05,2135
8N42942,6,-2.6511800001571828e-05,2136
8N06472,12,-2.6248037130471857e-05,2137
8800175,6,-2.6145885385631118e-05,2138
8P26403,5,-2.612758021314221e-05,2139
8N14680,13,-2.608241152302071e-05,2140
8N87817,14,-2.605306895020476e-05,2141
8L19932,10,-2.5861645099212183e-05,2142
8P11579,5,-2.573459596533212e-05,2143
8M31785,11,-2.5607641191527364e-05,2144
8L30467,12,-2.5539838702570705e-05,2145
8N87871,13,-2.526921707612928e-05,2146
8N73308,15,-2.516672600449965e-05,2147
8N28002,2,-2.514985953894211e-05,2148
8M71461,13,-2.5020377179885145e-05,2149
8168709,4,-2.494344146697358e-05,2150
8N06487,12,-2.4940705316112144e-05,2151
8887245,1,-2.4729804977141612e-05,2152
8L48578,8,-2.4562508883718692e-05,2153
8681040,4,-2.4551593924115878e-05,2154
8L64503,12,-2.4479559669998707e-05,2155
8N13693,13,-2.4387090746813556e-05,2156
8P14845,14,-2.4321316374198432e-05,2157
8N06821,11,-2.425167630804026e-05,2158
8N28791,15,-2.3842187601985643e-05,2159
8N28809,6,-2.3757162693982536e-05,2160
8N14649,13,-2.3567563175674877e-05,2161
8L30984,9,-2.3463386241928674e-05,2162
8M31862,4,-2.344721997360466e-05,2163
8N06826,11,-2.3349929506366607e-05,2164
8L30813,9,-2.32360287100164e-05,2165
8M71490,13,-2.3226071789395064e-05,2166
8M72429,13,-2.3172954342953744e-05,2167
8N87860,14,-2.3134205548558384e-05,2168
8N87895,13,-2.2998066697255126e-05,2169
8N28024,9,-2.281633743450584e-05,2170
8730928,2,-2.277138673889567e-05,2171
8N27880,6,-2.26188182068654e-05,2172
8168648,4,-2.255442518617201e-05,2173
8N87599,11,-2.2402313788916217e-05,2174
8N14621,13,-2.2145944967633113e-05,2175
8N14595,11,-2.1849592570788445e-05,2176
8N73957,12,-2.1791880556065735e-05,2177
8L30185,12,-2.169742629121174e-05,2178
8747263,5,-2.1578720861725742e-05,2179
8N27406,7,-2.1313666564992673e-05,2180
8L48448,5,-2.1134354483365314e-05,2181
8N87483,14,-2.111408218752331e-05,2182
8681291,7,-2.1035543795733247e-05,2183
8N28693,5,-2.1027582079113927e-05,2184
8L30772,12,-2.101010107935508e-05,2185
8N06686,14,-2.099791163345799e-05,2186
8L89784,13,-2.0868537824014766e-05,2187
8N72914,13,-2.0825406863878015e-05,2188
8N87548,11,-2.0773239953086886e-05,2189
8N14642,13,-2.070034727807979e-05,2190
8981538,3,-2.059322514469386e-05,2191
8N14167,5,-2.0233176201145397e-05,2192
8N06494,12,-2.020042757067131e-05,2193
8M72591,11,-2.0186353935969237e-05,2194
8N05250,13,-2.0160057175644397e-05,2195
8M72961,4,-2.0132665326855204e-05,2196
8N28686,5,-2.00968437411575e-05,2197
8732293,5,-2.0038331513205776e-05,2198
8681237,3,-1.9920446447940776e-05,2199
8L89622,4,-1.9919906094401085e-05,2200
8M71061,5,-1.9912031859803392e-05,2201
8P14086,9,-1.9776663975790143e-05,2202
8N06497,12,-1.974399333448673e-05,2203
8747293,9,-1.9691393504217558e-05,2204
8M72297,9,-1.9657858842947462e-05,2205
8L30388,3,-1.9616398503785604e-05,2206
8651860,5,-1.9610584331530845e-05,2207
8L30758,11,-1.9487827103148447e-05,2208
8N73940,12,-1.9415790575294523e-05,2209
8747399,6,-1.9410458321544866e-05,2210
8N13683,13,-1.9268746655143332e-05,2211
8L19856,4,-1.914065597929948e-05,2212
8N27139,7,-1.9109113850390713e-05,2213
8651772,3,-1.891776156526248e-05,2214
8857285,10,-1.8880294419432175e-05,2215
8934451,1,-1.8807510741680744e-05,2216
8N13401,2,-1.8745018309118677e-05,2217
8N05162,12,-1.8729570570030774e-05,2218
8943066,10,-1.8474930044476423e-05,2219
8747216,6,-1.824100024805375e-05,2220
8887264,10,-1.8216155922345934e-05,2221
8N73502,5,-1.8166152585763484e-05,2222
8M71302,6,-1.7961246385311824e-05,2223
8N73469,11,-1.7827117062552134e-05,2224
8732255,10,-1.7807427866500802e-05,2225
8N72684,11,-1.7579660664068797e-05,2226
8168660,1,-1.747648482819386e-05,2227
8981774,4,-1.7421266989003925e-05,2228
8L64681,12,-1.7279170378969866e-05,2229
8N72679,11,-1.7193629808787136e-05,2230
8N05894,11,-1.7134669292317994e-05,2231
8N42500,14,-1.7132910116401945e-05,2232
8P11553,14,-1.7111902252509026e-05,2233
8N87557,11,-1.690656972641591e-05,2234
8L52381,11,-1.6813409089877496e-05,2235
8816963,2,-1.6781853446445893e-05,2236
8P14641,9,-1.6709979263396235e-05,2237
8981858,5,-1.6637262888252735e-05,2238
8N14576,11,-1.6473868754474097e-05,2239
8747553,10,-1.6461480186080735e-05,2240
8M31291,5,-1.6456522644148208e-05,2241
8N05872,11,-1.6403038188173014e-05,2242
8747497,3,-1.6311205854435684e-05,2243
8598591,1,-1.6214909237532993e-05,2244
8N06876,11,-1.616340068721911e-05,2245
8N06833,11,-1.6143765520837405e-05,2246
8N87857,14,-1.6143667835422093e-05,2247
8N87929,13,-1.6000365576473996e-05,2248
8732602,7,-1.5917516066110693e-05,2249
8N05652,11,-1.5916586413311506e-05,2250
8N14921,4,-1.5864215527017222e-05,2251
8732660,5,-1.5620798876625486e-05,2252
8M31973,5,-1.557028360643642e-05,2253
8L89271,5,-1.5552546756225638e-05,2254
8N13624,14,-1.543400371417647e-05,2255
8N14676,13,-1.5352319223893574e-05,2256
8934311,5,-1.5289280952401896e-05,2257
8943487,7,-1.5190032968348532e-05,2258
8N13607,14,-1.5126453945413232e-05,2259
8747280,3,-1.5085097857081564e-05,2260
8N73218,12,-1.5061985152442503e-05,2261
8857231,5,-1.491853797119802e-05,2262
8N87542,11,-1.4850118759568431e-05,2263
8747515,7,-1.4848174942017067e-05,2264
8N72574,4,-1.4754496021396335e-05,2265
8N73980,12,-1.4712708889419446e-05,2266
8668490,5,-1.4570426060345198e-05,2267
8857223,6,-1.4511530480376678e-05,2268
8P14300,8,-1.439097374600351e-05,2269
8939381,7,-1.4327000371849863e-05,2270
8N14598,11,-1.4317665318230866e-05,2271
8M31937,10,-1.426839833129634e-05,2272
8939121,4,-1.4126806036074413e-05,2273
8L89334,6,-1.4003249589222833e-05,2274
8N87804,14,-1.3997901533002732e-05,2275
8816937,4,-1.3869835129298735e-05,2276
8N05574,8,-1.3826998497279419e-05,2277
8P14875,14,-1.3816470527672209e-05,2278
8P14112,5,-1.3805742582917446e-05,2279
8800613,5,-1.3792036838822241e-05,2280
8857407,5,-1.3676005437446292e-05,2281
8N14616,13,-1.3665068763657473e-05,2282
8N73437,11,-1.3634612514579203e-05,2283
8598614,6,-1.3351757900181838e-05,2284
8N87854,14,-1.3314418879417644e-05,2285
8M72797,6,-1.3159503282622609e-05,2286
8N05656,13,-1.3043735634710174e-05,2287
8816931,4,-1.3031041476097016e-05,2288
8857620,1,-1.3004159143292782e-05,2289
8N73947,12,-1.2962213759237784e-05,2290
8N27299,5,-1.2933551374771923e-05,2291
8M71866,5,-1.2827761121769754e-05,2292
8939442,3,-1.2825487488044018e-05,2293
8730442,5,-1.2755549960274948e-05,2294
8857101,7,-1.257367455309577e-05,2295
8904643,7,-1.2476183201215463e-05,2296
8N72697,11,-1.2277162120710727e-05,2297
8N28082,2,-1.2250807230884675e-05,2298
8800592,5,-1.2227464139868971e-05,2299
8N87873,13,-1.2150107068009675e-05,2300
8N72036,2,-1.2049500554667247e-05,2301
8939395,12,-1.2006177229295645e-05,2302
8N73303,15,-1.1935399925278034e-05,2303
8L64092,12,-1.1740246662839127e-05,2304
8N14733,3,-1.1729868759857709e-05,2305
8681236,3,-1.1728352546924725e-05,2306
8L52426,5,-1.1716941429540384e-05,2307
8981018,4,-1.1627388005308603e-05,2308
8747286,3,-1.162219177786028e-05,2309
8N06844,11,-1.1485989496407e-05,2310
8L89314,9,-1.1432198789407266e-05,2311
8N13609,14,-1.1373611641829484e-05,2312
8800341,7,-1.1362275131432398e-05,2313
8N28406,8,-1.1290744851066847e-05,2314
8800580,7,-1.1220599731132097e-05,2315
8N06736,5,-1.1132957297377288e-05,2316
8L89119,13,-1.1120752390070265e-05,2317
8N06178,9,-1.1077579756602063e-05,2318
8N73473,11,-1.10611833861185e-05,2319
8N28115,6,-1.1039595960937731e-05,2320
8P14050,7,-1.0945371172965679e-05,2321
8N28469,2,-1.090927935365471e-05,2322
8816901,10,-1.0783912557599251e-05,2323
8N87828,14,-1.0676975023216073e-05,2324
8N05692,15,-1.0664860127462816e-05,2325
8N05617,14,-1.0637029618010274e-05,2326
8L89714,4,-1.0615296105243033e-05,2327
8N05105,12,-1.0608918842081039e-05,2328
8N06694,14,-1.051938829732535e-05,2329
8P14865,15,-1.0415844201361324e-05,2330
8M72259,3,-1.0348521414016432e-05,2331
8N73687,13,-1.0278955244302779e-05,2332
8981268,5,-1.0086594159020024e-05,2333
8M72610,6,-1.0043024190053984e-05,2334
8N14012,7,-1.0032664022219251e-05,2335
8934089,5,-9.935507478076033e-06,2336
8M72405,13,-9.88608064744767e-06,2337
8N05154,12,-9.72365910456574e-06,2338
8N72962,13,-9.69480523593802e-06,2339
8N73082,6,-9.643751695875835e-06,2340
8N87523,11,-9.596963536750991e-06,2341
8N87066,5,-9.546587193653977e-06,2342
8N14681,13,-9.325278739424903e-06,2343
8N73013,4,-9.265739663533168e-06,2344
8681218,9,-9.230211389876786e-06,2345
8N05119,12,-9.205335118167568e-06,2346
8N87053,5,-9.123320580783911e-06,2347
8N72785,5,-9.103427373702289e-06,2348
8N87245,2,-9.038134180627821e-06,2349
8N13690,13,-9.036891526648105e-06,2350
8L48443,5,-9.035635230247863e-06,2351
8730460,8,-8.965557469764462e-06,2352
8N06837,11,-8.792665767032304e-06,2353
8N73503,5,-8.778145001997473e-06,2354
8P11400,14,-8.76567641228121e-06,2355
8N87989,13,-8.71642032507225e-06,2356
8L64572,12,-8.64094755570477e-06,2357
8M31165,2,-8.610695829247561e-06,2358
8N06879,11,-8.513119894359988e-06,2359
8N27316,5,-8.444637089155549e-06,2360
8N06693,14,-8.434359187958762e-06,2361
8N73434,11,-8.391058486267866e-06,2362
8N28897,14,-8.382325290767767e-06,2363
8N05638,14,-8.344330353793339e-06,2364
8668482,4,-8.340541697293702e-06,2365
8981024,5,-8.259512725317109e-06,2366
8N72918,13,-7.928289448955184e-06,2367
8N05134,12,-7.876898052927572e-06,2368
8N06749,5,-7.865164207032649e-06,2369
8N87251,8,-7.836232725821901e-06,2370
8732227,2,-7.70453198128962e-06,2371
8N14670,13,-7.675358801861876e-06,2372
8P11569,14,-7.670732884434983e-06,2373
8917923,9,-7.643485105290893e-06,2374
8N87948,13,-7.564636007373338e-06,2375
8N05363,15,-7.367713124040165e-06,2376
8L52360,11,-7.351894623752742e-06,2377
8P14862,14,-7.160578888942837e-06,2378
8N27891,6,-7.0948908614809625e-06,2379
8L48752,11,-6.935278975106485e-06,2380
8N05161,12,-6.823881548712052e-06,2381
8N72948,13,-6.6703391894407105e-06,2382
8P14972,14,-6.605543205751019e-06,2383
8N87985,13,-6.5061463772053685e-06,2384
8P11562,14,-6.361612577165943e-06,2385
8N73970,12,-6.290300916589331e-06,2386
8N06466,12,-6.141190965536225e-06,2387
8L89691,5,-6.0714919527526945e-06,2388
8981336,11,-5.943198686964024e-06,2389
8N14679,13,-5.934590944889351e-06,2390
8N13851,15,-5.907576905883616e-06,2391
8N27324,6,-5.853418770129792e-06,2392
8P14871,14,-5.828645953442901e-06,2393
8N05285,13,-5.672304382642324e-06,2394
8L57742,12,-5.561485345140227e-06,2395
8981972,2,-5.413582471192058e-06,2396
8N14562,11,-5.412739824350865e-06,2397
8N05664,13,-5.379397464366775e-06,2398
8732666,2,-5.300974180499907e-06,2399
8939764,5,-5.296788685882348e-06,2400
8747808,4,-5.283153484469949e-06,2401
8730987,4,-5.266826974548167e-06,2402
8P26200,5,-5.196245275840283e-06,2403
8L64157,2,-5.16782714043984e-06,2404
8N87561,11,-5.1166342700526e-06,2405
8732239,7,-5.022781389030229e-06,2406
8P11187,2,-4.98592942221876e-06,2407
8N06871,11,-4.7274485979187375e-06,2408
8L64770,13,-4.68819143861765e-06,2409
8N73664,13,-4.68561620436958e-06,2410
8N06479,12,-4.65783699610256e-06,2411
8N28795,14,-4.624385155693744e-06,2412
8L64825,2,-4.60735295426673e-06,2413
8934820,8,-4.5686884924123206e-06,2414
8N73197,15,-4.555726860644427e-06,2415
8N14653,13,-4.269636974640889e-06,2416
8L64836,8,-4.042670866510889e-06,2417
8N87241,5,-3.938042482332094e-06,2418
8L89718,4,-3.6801218072923803e-06,2419
8M72600,12,-3.595906036935048e-06,2420
8L48565,2,-3.5348189157957677e-06,2421
8887494,7,-3.3553446883161087e-06,2422
8800615,5,-3.138521975643016e-06,2423
8N05216,12,-3.0434343898377847e-06,2424
8N14641,13,-2.994558712998696e-06,2425
8N87936,13,-2.9226872015897243e-06,2426
8M71097,5,-2.609967491906673e-06,2427
8L89751,5,-2.5516942514514085e-06,2428
8N14630,13,-2.4993603062739567e-06,2429
8N27551,5,-2.4624530965411395e-06,2430
8681213,9,-2.4137430045811925e-06,2431
8N73180,15,-2.407817532912304e-06,2432
8934858,8,-2.3822722141630948e-06,2433
8N05204,12,-2.230461177532561e-06,2434
8P11573,14,-2.165723742564296e-06,2435
8N87900,13,-2.0878644590993645e-06,2436
8N72368,4,-2.075237588883283e-06,2437
8P14822,15,-1.9402395423639973e-06,2438
8N73452,11,-1.9296670501489643e-06,2439
8M72867,6,-1.82253597813542e-06,2440
8981198,11,-1.5328554638927017e-06,2441
8P14665,3,-1.5147196279485797e-06,2442
8N14547,11,-1.467528363718884e-06,2443
8L52224,3,-1.3757165504557634e-06,2444
8N87614,15,-1.3735885886489996e-06,2445
8N13628,14,-9.96994373281268e-07,2446
8M71277,4,-9.5435143521172e-07,2447
8887220,4,-9.199525266012643e-07,2448
8800428,5,-7.766085445837234e-07,2449
8P14007,2,-7.422129471024164e-07,2450
8N42533,4,-6.406062027508597e-07,2451
8887416,6,-5.610331754724029e-07,2452
8N13648,14,-5.491060619533528e-07,2453
8681062,9,-5.442179826786742e-07,2454
8939906,11,-4.724045084003592e-07,2455
8M71506,10,-4.5608612708747387e-07,2456
8P26704,7,-3.2217326406680513e-07,2457
8P14817,15,-2.822664555424126e-07,2458
8309283,5,-1.7893353287945502e-07,2459
8794313,8,-1.0688017937354743e-07,2460
8N73981,12,7.196584306257137e-08,2461
8651790,2,1.6460285223729443e-07,2462
8981608,10,1.7691081666271202e-07,2463
8L19900,6,2.3089512524165912e-07,2464
8N14620,13,3.0023210229046526e-07,2465
8N05654,11,3.7860320389881963e-07,2466
8N05646,14,4.067901500093285e-07,2467
8N27424,4,5.281614914309785e-07,2468
8887411,6,6.056857273506466e-07,2469
8598728,4,6.912196113262326e-07,2470
8N14600,11,7.386981906165602e-07,2471
8N73225,12,7.567359716631472e-07,2472
8N13665,13,8.399962752037027e-07,2473
8N27717,9,8.936784752222593e-07,2474
8N87907,13,9.287443845096277e-07,2475
8N73621,13,9.343810347672843e-07,2476
8M71289,5,1.0510418348985695e-06,2477
8939197,5,1.1238157640036661e-06,2478
8L52329,12,1.1880611054948531e-06,2479
8L30832,3,1.2296641216380522e-06,2480
8L52922,6,1.367619915981777e-06,2481
8P14241,5,1.3911874532368529e-06,2482
8168603,10,1.581517835802515e-06,2483
8P14956,14,1.6063627299445216e-06,2484
8L52387,11,1.6292350437652203e-06,2485
8P11522,14,1.7649401797825703e-06,2486
8P14014,9,1.7903822708831285e-06,2487
8N05211,12,1.7909168263940956e-06,2488
8N27195,14,2.0076170130778337e-06,2489
8800441,4,2.0919327425872325e-06,2490
8747287,3,2.108881631102122e-06,2491
8N42259,5,2.1188704977248562e-06,2492
8732670,7,2.1366581677284557e-06,2493
8N73933,12,2.1591318954961025e-06,2494
8M72419,13,2.2060122262246296e-06,2495
8N06824,11,2.291276246069174e-06,2496
8N87878,13,2.4034093257796485e-06,2497
8L89432,5,2.4149102699766445e-06,2498
8N87987,13,2.472211917847744e-06,2499
8857405,5,2.556173967604991e-06,2500
8939195,5,2.6171780973527348e-06,2501
8N14609,13,2.6924838039121823e-06,2502
8N13286,9,2.974825051182961e-06,2503
8N06827,11,3.0514948381465956e-06,2504
8887472,4,3.05507933262561e-06,2505
8N05694,15,3.1074971502675908e-06,2506
8N42710,10,3.1593032190357917e-06,2507
8N05946,3,3.394710802240297e-06,2508
8M31483,5,3.5295636280352483e-06,2509
8M71204,5,3.561036521659844e-06,2510
8N14530,11,3.588736490200972e-06,2511
8L57880,5,3.590143023757264e-06,2512
8934875,3,3.7096083360665943e-06,2513
8L89995,3,3.7491218805030257e-06,2514
8939124,4,3.7872853226872394e-06,2515
8L30340,6,3.8450773445219966e-06,2516
8N05284,13,3.858797072098241e-06,2517
8309173,5,3.88626343195142e-06,2518
8939521,4,3.889323522798804e-06,2519
8N06875,11,3.891494770869031e-06,2520
8730447,1,4.033175855511217e-06,2521
8M71100,5,4.1798680285864975e-06,2522
8N13717,8,4.259907427694998e-06,2523
8681034,5,4.298810353020599e-06,2524
8L89538,5,4.40289704783936e-06,2525
8N27901,3,4.407388132676715e-06,2526
8N14537,11,4.522000537576787e-06,2527
8N13856,15,4.531192644208204e-06,2528
8M31997,1,4.5799874897056725e-06,2529
8N73918,11,4.871632313552254e-06,2530
8P14971,14,4.931262196805619e-06,2531
8730418,5,4.983758913112979e-06,2532
8N72499,2,5.001477802579757e-06,2533
8P14457,6,5.04475519846892e-06,2534
8N28440,8,5.06174296788231e-06,2535
8800405,5,5.122892389408662e-06,2536
8N13524,2,5.188765499042347e-06,2537
8N87759,4,5.2788922175750486e-06,2538
8L57981,13,5.550216428673593e-06,2539
8N73192,15,5.57091630071227e-06,2540
8M71384,14,5.6119538829335625e-06,2541
8981805,4,5.643313215841772e-06,2542
8N13860,15,5.70781048736535e-06,2543
8M71873,5,5.733664238505298e-06,2544
8N87598,11,5.821538991312991e-06,2545
8L52231,3,5.912526953366637e-06,2546
8N27873,5,6.112770506661036e-06,2547
8N73240,12,6.17058189789077e-06,2548
8N14564,11,6.196479375830677e-06,2549
8981825,7,6.297892014117679e-06,2550
8N87964,13,6.320121173075677e-06,2551
8N27082,14,6.466788363468368e-06,2552
8L89244,6,6.524813215946779e-06,2553
8N13655,13,6.5361039958133915e-06,2554
8M72577,11,6.653741365880705e-06,2555
8N27449,6,6.681676723019336e-06,2556
8N73646,13,6.767220895653736e-06,2557
8N87085,5,6.879259103698132e-06,2558
8N06679,14,6.941378805080944e-06,2559
8681283,7,7.009185225115289e-06,2560
8N73485,11,7.084670954782268e-06,2561
8P14868,14,7.100596434383988e-06,2562
8N73211,12,7.306479687940737e-06,2563
8N05169,14,7.329767129249376e-06,2564
8N05254,13,7.345978133344033e-06,2565
8N05229,12,7.387541245407192e-06,2566
8N14688,13,7.442839887517039e-06,2567
8N05212,12,7.584411264360824e-06,2568
8943339,11,7.735446899914677e-06,2569
8N05207,12,7.748260372864024e-06,2570
8N14687,13,7.804808745959235e-06,2571
8943159,9,7.867366548452992e-06,2572
8939391,5,7.884854994699708e-06,2573
8681033,5,7.893565992844742e-06,2574
8N06868,11,7.898677296225287e-06,2575
8L52504,5,7.96540331293727e-06,2576
8N13853,15,8.091987183433957e-06,2577
8887373,4,8.378239726880565e-06,2578
8887481,6,8.468455234833527e-06,2579
8M31771,11,8.562018422253459e-06,2580
8N87351,5,8.63620527979947e-06,2581
8N14579,11,8.683039709467266e-06,2582
8N05225,12,8.770266930469006e-06,2583
8N87896,13,8.828099794300215e-06,2584
8732249,5,8.850831363815814e-06,2585
8N87888,13,8.905721301744052e-06,2586
8L48446,5,8.9528446096665e-06,2587
8800321,10,9.062617550625873e-06,2588
8M72675,5,9.239427527063526e-06,2589
8917977,3,9.246032277587801e-06,2590
8L89423,6,9.269615475204773e-06,2591
8N73191,15,9.361911452288041e-06,2592
8681077,5,9.511402168982386e-06,2593
8M72745,1,9.610547181182483e-06,2594
8747900,5,9.658248586674745e-06,2595
8800372,4,9.69958182395203e-06,2596
8887422,3,9.732353646541014e-06,2597
8N13627,14,9.895449181840377e-06,2598
8P11646,8,9.984823918784969e-06,2599
8681500,2,9.98616962988308e-06,2600
8N27066,14,1.0043546240012802e-05,2601
8N05885,11,1.0054430475747722e-05,2602
8800570,5,1.0085952283134247e-05,2603
8732576,7,1.0156518328585662e-05,2604
8M72574,11,1.0224115499113395e-05,2605
8681003,4,1.027083226290415e-05,2606
8M31922,5,1.0345102850806143e-05,2607
8N05866,11,1.0353375841987145e-05,2608
8L52321,12,1.0462956026913162e-05,2609
8L48438,5,1.053624882274562e-05,2610
8N72438,8,1.0682348374757566e-05,2611
8N72802,14,1.0771070265036542e-05,2612
8N73962,12,1.0877646360540894e-05,2613
8N87919,13,1.0883910675829611e-05,2614
8887449,5,1.0904296189551133e-05,2615
8N87928,13,1.1058751056225447e-05,2616
8981806,5,1.1123109320720914e-05,2617
8N05270,13,1.121520879010518e-05,2618
8N13937,5,1.1263777196290903e-05,2619
8N28220,2,1.1278325473540463e-05,2620
8681138,1,1.1319977602397557e-05,2621
8747882,1,1.156024742954287e-05,2622
8N72544,6,1.164183709079225e-05,2623
8N27956,5,1.1653871894168333e-05,2624
8N05724,3,1.17794753009548e-05,2625
8P11783,2,1.1780737850131118e-05,2626
8M72524,11,1.1833519238280132e-05,2627
8N72933,13,1.195212887594721e-05,2628
8N72904,13,1.1978100616261145e-05,2629
8N14957,5,1.2062957239322714e-05,2630
8L52383,11,1.208769140248478e-05,2631
8P14937,14,1.2212470409167508e-05,2632
8L64212,5,1.2213811828587495e-05,2633
8N06872,11,1.221449565491639e-05,2634
8573682,4,1.225913990765548e-05,2635
8651664,2,1.2277757264200773e-05,2636
8N14573,11,1.2448274446796859e-05,2637
8N06813,6,1.2458480711075026e-05,2638
8730969,1,1.268677488042158e-05,2639
8N87274,8,1.2877563420943261e-05,2640
8N05659,13,1.3041481082609607e-05,2641
8M72539,11,1.3192817505114363e-05,2642
8747739,7,1.3196482996136183e-05,2643
8N28793,15,1.3436063795779773e-05,2644
8N72902,13,1.348189232430741e-05,2645
8943083,4,1.3502131082532287e-05,2646
8N14115,5,1.36086027850979e-05,2647
8N05239,13,1.3793866287414858e-05,2648
8800147,9,1.3820991853208398e-05,2649
8N72919,13,1.3992008575769432e-05,2650
8887232,5,1.3993865493944213e-05,2651
8N14667,13,1.4011402413416363e-05,2652
8N87626,15,1.4013076906849165e-05,2653
8L52550,5,1.4195279163686791e-05,2654
8N73304,15,1.4227599544724967e-05,2655
8M72786,10,1.4281915014180413e-05,2656
8L64400,7,1.4302491536000161e-05,2657
8N28349,2,1.4356717201735592e-05,2658
8N28244,7,1.4366968571266625e-05,2659
8N28706,6,1.4592454817830003e-05,2660
8N87946,13,1.4730514209304602e-05,2661
8N28339,2,1.4758598808839452e-05,2662
8L89412,5,1.4895151164040499e-05,2663
8N27886,2,1.4959510963308276e-05,2664
8747120,8,1.5000734606473998e-05,2665
8N13855,15,1.5239228446262132e-05,2666
8N06435,2,1.525992877304816e-05,2667
8N06580,4,1.5457278550456977e-05,2668
8309269,5,1.564570118262054e-05,2669
8M31281,10,1.5649693750674487e-05,2670
8L19860,10,1.565211019283197e-05,2671
8N05749,4,1.5677270113201303e-05,2672
8939070,7,1.5762159989662905e-05,2673
8N14105,4,1.5777076441736426e-05,2674
8N42703,6,1.5865410546211933e-05,2675
8N28316,9,1.5878142932024275e-05,2676
8N14674,13,1.6001219336203576e-05,2677
8N73307,15,1.614457610799036e-05,2678
8M72859,10,1.619160843802092e-05,2679
8L89755,5,1.6192428120120894e-05,2680
8N72724,5,1.621558351416752e-05,2681
8M71086,5,1.6254132560789003e-05,2682
8N28945,2,1.6313066339535e-05,2683
8730517,5,1.633113424759358e-05,2684
8934355,6,1.6368876799788268e-05,2685
8P14991,14,1.638220722099959e-05,2686
8L19858,10,1.644032420244912e-05,2687
8N14625,13,1.6605873554453865e-05,2688
8N42752,1,1.6688352388882777e-05,2689
8N05057,4,1.675764939079727e-05,2690
8N28401,8,1.682066051955644e-05,2691
8L30001,10,1.6891942379970715e-05,2692
8M71360,12,1.6925550269775158e-05,2693
8P14948,14,1.6982270139465072e-05,2694
8934228,10,1.7018106838406766e-05,2695
8N28777,5,1.7022773448616135e-05,2696
8N13658,13,1.7099416822929925e-05,2697
8N06740,4,1.7108478914451553e-05,2698
8939085,5,1.720737441246456e-05,2699
8M72914,5,1.7346480049695856e-05,2700
8981807,5,1.7467024008510634e-05,2701
8N73661,13,1.7594973314771778e-05,2702
8L64093,12,1.761813837219961e-05,2703
8P11581,5,1.7627211036597146e-05,2704
8N27118,7,1.7676143670541933e-05,2705
8P26749,7,1.7707464394334238e-05,2706
8N13745,3,1.7747730254313865e-05,2707
8L88307,3,1.7824586052483937e-05,2708
8939542,6,1.78390773726278e-05,2709
8N72639,2,1.787610939629758e-05,2710
8N13670,13,1.789306838873017e-05,2711
8N73488,11,1.7991112684967447e-05,2712
8N14970,7,1.8010780053145936e-05,2713
8N73885,5,1.8051170684429962e-05,2714
8P14960,14,1.805378303743055e-05,2715
8M71700,3,1.8112069653852814e-05,2716
8N72953,13,1.8120452295988798e-05,2717
8N28281,2,1.814683173506637e-05,2718
8N73667,13,1.819191322738334e-05,2719
8M71353,12,1.8239359405924915e-05,2720
8N13678,13,1.8272570699195967e-05,2721
8N14111,5,1.828009436621869e-05,2722
8934069,5,1.8297176216819366e-05,2723
8N13929,5,1.8405388686915103e-05,2724
8N72693,11,1.8468031953489117e-05,2725
8L64169,3,1.8522194409342774e-05,2726
8943488,7,1.8559410818852484e-05,2727
8L19624,9,1.8619465663505252e-05,2728
8N14031,5,1.8962421869161972e-05,2729
8N13641,14,1.8984103121510998e-05,2730
8732506,8,1.9001806037977076e-05,2731
8N27918,2,1.901675977933337e-05,2732
8943743,5,1.9021604600766295e-05,2733
8P14849,14,1.9112182599201333e-05,2734
8816409,5,1.9135023674010654e-05,2735
8N73467,11,1.914641772060577e-05,2736
8747300,8,1.924026359922948e-05,2737
8P14264,5,1.9308314676891314e-05,2738
8N72040,3,1.933292011813137e-05,2739
8N28781,5,1.9360692022019066e-05,2740
8939370,7,1.9370340282875986e-05,2741
8N87569,11,1.937161795240172e-05,2742
8M31769,11,1.9387527117942227e-05,2743
8794301,5,1.9632089333754266e-05,2744
8N74000,14,1.9743769030355907e-05,2745
8L89508,5,1.989050440442952e-05,2746
8N13852,15,1.9891918327630265e-05,2747
8934484,2,1.9918747511837864e-05,2748
8N06892,11,2.005348829925424e-05,2749
8981196,12,2.0099742175538893e-05,2750
8N73676,13,2.0227830844987693e-05,2751
8L52680,9,2.0260701660390623e-05,2752
8L89266,5,2.027095843004645e-05,2753
8887279,5,2.0287726783863036e-05,2754
8981873,2,2.0444921460693877e-05,2755
8P11606,9,2.0445038359184764e-05,2756
8866718,4,2.0462218344619032e-05,2757
8N06843,11,2.0523259081528522e-05,2758
8L89509,5,2.0527977653728158e-05,2759
8N87850,14,2.0536193119369273e-05,2760
8P14675,8,2.058044435671036e-05,2761
8N28248,7,2.062583155293396e-05,2762
8887130,3,2.063455713141593e-05,2763
8N73224,12,2.105478483827028e-05,2764
8730506,5,2.1087594120672293e-05,2765
8747310,8,2.122356431755179e-05,2766
8N14538,11,2.134954229404684e-05,2767
8N05148,12,2.1377765051511233e-05,2768
8681469,5,2.15625385351359e-05,2769
8M72697,14,2.1712976831622655e-05,2770
8N42732,4,2.172522204091365e-05,2771
8N28714,9,2.175757344957674e-05,2772
8N05623,14,2.183297783631133e-05,2773
8747227,5,2.1954754231501283e-05,2774
8747088,3,2.196557106515229e-05,2775
8N27079,14,2.1973717977630258e-05,2776
8747713,7,2.2003810499882093e-05,2777
8L89386,5,2.202498228598415e-05,2778
8N73524,5,2.2138715914721274e-05,2779
8P11752,7,2.2241058331928798e-05,2780
8N14644,13,2.2253032852859178e-05,2781
8M72933,5,2.226931792392861e-05,2782
8N27874,4,2.227317665415285e-05,2783
8N27364,5,2.2310307908668392e-05,2784
8N42424,14,2.238383387975773e-05,2785
8M72764,6,2.2393747590498947e-05,2786
8732637,5,2.2581836560675583e-05,2787
8N42652,7,2.2603399429499405e-05,2788
8681073,5,2.268907228142325e-05,2789
8M31968,5,2.278658049803539e-05,2790
8N05228,12,2.288757741553127e-05,2791
8M71227,6,2.2924867479900968e-05,2792
8N13097,14,2.2948068931327725e-05,2793
8887408,6,2.2976251727868657e-05,2794
8747010,8,2.310910237213193e-05,2795
8887233,5,2.3301699684452615e-05,2796
8800199,5,2.333043516955513e-05,2797
8800368,1,2.370218587088857e-05,2798
8N73818,5,2.3860324830593527e-05,2799
8M31508,5,2.3876751356510795e-05,2800
8M72014,3,2.3907703109671274e-05,2801
8N87589,11,2.4019469250902148e-05,2802
8M71305,6,2.404347878837143e-05,2803
8747374,3,2.4061736894509522e-05,2804
8L19986,6,2.4068983474734296e-05,2805
8L89265,5,2.412740332147223e-05,2806
8N73943,12,2.4152355507567336e-05,2807
8N14565,11,2.419930234509593e-05,2808
8N05232,12,2.425339926048764e-05,2809
8M71396,12,2.436092154312064e-05,2810
8866889,11,2.438153046568914e-05,2811
8N73201,2,2.4447564669571875e-05,2812
8N87832,14,2.4581657953604008e-05,2813
8M71367,12,2.472180835866311e-05,2814
8P11518,14,2.4880226419554674e-05,2815
8N73001,4,2.49037220783066e-05,2816
8573966,5,2.4976904342111084e-05,2817
8P14857,14,2.5030129336300888e-05,2818
8N73926,11,2.5107593728534994e-05,2819
8N73087,6,2.5109751163654437e-05,2820
8934241,9,2.511405364202801e-05,2821
8939763,5,2.5148254508167156e-05,2822
8N06829,11,2.530255790134106e-05,2823
8L48501,10,2.5305337658210192e-05,2824
8N73670,13,2.5318799828255578e-05,2825
8N87540,11,2.533153519834741e-05,2826
8747526,6,2.545457221003744e-05,2827
8N13646,14,2.5493581233604345e-05,2828
8934890,7,2.5626181241023005e-05,2829
8939933,11,2.5688298933346232e-05,2830
8P14961,14,2.5691713780418013e-05,2831
8939519,4,2.5702423954498954e-05,2832
8N72685,11,2.5775860478916002e-05,2833
8857220,5,2.5987033751562194e-05,2834
8N27472,2,2.6044423293569707e-05,2835
8M72951,4,2.616262352717058e-05,2836
8N13622,14,2.6312867703381926e-05,2837
8M71512,1,2.6345167839281203e-05,2838
8800537,10,2.644800324702601e-05,2839
8N72688,11,2.6456095035598537e-05,2840
8732511,2,2.6472422746337543e-05,2841
8L52391,12,2.653593060131243e-05,2842
8N73611,14,2.6562511976635506e-05,2843
8L89259,4,2.6663980634111795e-05,2844
8N87168,4,2.666402770046261e-05,2845
8N28812,5,2.6684806016419316e-05,2846
8L52243,5,2.6694812220284803e-05,2847
8730518,5,2.674023608051357e-05,2848
8N73187,15,2.6977080551660038e-05,2849
8P14916,14,2.7036458675411268e-05,2850
8939544,3,2.705530255298072e-05,2851
8N87633,15,2.709664954636537e-05,2852
8917967,8,2.7138049063069047e-05,2853
8M31591,5,2.7150722303304065e-05,2854
8747145,2,2.7361006459614146e-05,2855
8N87951,13,2.740246941357327e-05,2856
8L89254,4,2.7619806019174575e-05,2857
8N73944,12,2.786271079457947e-05,2858
8L89355,5,2.78975330729736e-05,2859
8934333,6,2.793347374563382e-05,2860
8939824,3,2.799485827154058e-05,2861
8N13695,13,2.8012877578476036e-05,2862
8L89269,5,2.8136825790170406e-05,2863
8747182,2,2.8217147246323293e-05,2864
8L57789,3,2.8271184135064686e-05,2865
8N05884,11,2.8408024149939592e-05,2866
8866792,5,2.8547122724376095e-05,2867
8N06688,14,2.8549915441544726e-05,2868
8N42731,4,2.8552092430800258e-05,2869
8N42525,5,2.8589919338628533e-05,2870
8N05205,12,2.8703761472570477e-05,2871
8L52388,11,2.8711479217236047e-05,2872
8M71389,12,2.8716940050799167e-05,2873
8M71511,1,2.885312005673768e-05,2874
8N87868,13,2.893806595238857e-05,2875
8747813,10,2.9095852141836076e-05,2876
8857260,9,2.9190938221290708e-05,2877
8573896,5,2.9237450917207752e-05,2878
8L89728,4,2.9317601615730382e-05,2879
8N73650,13,2.9396413538052002e-05,2880
8N14792,6,2.9412039594944872e-05,2881
8N28375,8,2.9462898851306818e-05,2882
8N05897,11,2.9540665082095074e-05,2883
8N14611,13,2.9560637827330538e-05,2884
8L19569,3,2.9666462410204986e-05,2885
8M72544,11,2.975534403049096e-05,2886
8N05672,15,2.9768910621896794e-05,2887
8N42548,5,2.9830676339770434e-05,2888
8P14724,5,2.988006406212662e-05,2889
8N72531,6,2.9994154829182662e-05,2890
8L52366,11,3.002363155957255e-05,2891
8N42263,4,3.0179752911863034e-05,2892
8N87838,14,3.0209586498131102e-05,2893
8N87899,13,3.0220630151234218e-05,2894
8747955,9,3.0347982612255464e-05,2895
8N87211,6,3.040470039650245e-05,2896
8681308,4,3.0414343484608253e-05,2897
8M72562,11,3.0451599343450653e-05,2898
8981722,6,3.052480181509054e-05,2899
8N72929,13,3.052709365647388e-05,2900
8N87616,15,3.059456673781824e-05,2901
8N05150,12,3.059563147189692e-05,2902
8N87338,4,3.086124024775927e-05,2903
8N14551,11,3.0864348047998647e-05,2904
8939602,5,3.0882896226103185e-05,2905
8M71084,2,3.0909069778317644e-05,2906
8N06830,11,3.09235903159788e-05,2907
8N87943,13,3.093788160413169e-05,2908
8N73986,12,3.101435618191317e-05,2909
8M72954,4,3.109617250629526e-05,2910
8N27691,5,3.1199397312775545e-05,2911
8N73958,12,3.12063832552667e-05,2912
8917841,3,3.131644132281508e-05,2913
8N06683,14,3.136958764571318e-05,2914
8M31552,6,3.1385315310217266e-05,2915
8L52398,12,3.152916553972318e-05,2916
8681183,4,3.166885403516062e-05,2917
8P14064,5,3.176347121325307e-05,2918
8P11800,2,3.183936743766935e-05,2919
8M31206,6,3.184454396887304e-05,2920
8N05674,15,3.185370570690793e-05,2921
8N05298,13,3.195135525402293e-05,2922
8L30354,7,3.2008131341854096e-05,2923
8651665,6,3.204667098088976e-05,2924
8N87621,15,3.206656253951223e-05,2925
8N73474,11,3.211447324247274e-05,2926
8N87568,11,3.2154613450074976e-05,2927
8N13688,13,3.217214678086222e-05,2928
8934405,8,3.2328606380360725e-05,2929
8N06395,4,3.2357040709030116e-05,2930
8N14685,13,3.237463222660608e-05,2931
8N27086,14,3.24334043853014e-05,2932
8P11319,4,3.245660914785731e-05,2933
8N05306,13,3.246530934575276e-05,2934
8L48457,10,3.260067941823763e-05,2935
8598579,3,3.263703115408134e-05,2936
8N73672,13,3.265127656959521e-05,2937
8L26582,6,3.269477011258459e-05,2938
8N72930,13,3.272445860602602e-05,2939
8N73249,14,3.284035813067021e-05,2940
8981209,12,3.287783567884617e-05,2941
8L19633,2,3.2929204309084525e-05,2942
8N87566,11,3.305376461071319e-05,2943
8L30890,5,3.30853171135459e-05,2944
8N73617,14,3.322520376514149e-05,2945
8N73471,11,3.323194891891035e-05,2946
8981609,5,3.329866979129292e-05,2947
8M71295,6,3.3306009640909906e-05,2948
8N06820,11,3.3364744126629375e-05,2949
8981850,6,3.3409043680876493e-05,2950
8N87891,13,3.340960182640629e-05,2951
8L30697,12,3.3601628956603236e-05,2952
8N42654,7,3.3648109933892556e-05,2953
8L52956,5,3.3866343983390834e-05,2954
8N05360,15,3.39089158387651e-05,2955
8N05165,12,3.391232932870025e-05,2956
8M72594,11,3.3974613643295015e-05,2957
8L64266,3,3.398294302314753e-05,2958
8L48567,7,3.401318201667891e-05,2959
8M71238,6,3.403590665129741e-05,2960
8N06931,4,3.404148935715057e-05,2961
8N05693,15,3.428781614189802e-05,2962
8M31766,11,3.435377469429568e-05,2963
8L30180,12,3.436938891354657e-05,2964
8L89525,4,3.4405861867981e-05,2965
8887278,5,3.4603896551743674e-05,2966
8N72391,6,3.473980211765593e-05,2967
8M72969,5,3.4765231703204336e-05,2968
8N05820,7,3.485393415303406e-05,2969
8P11545,14,3.493748499749927e-05,2970
8N87372,4,3.5067910495456545e-05,2971
8747135,3,3.5191316896998615e-05,2972
8L49930,1,3.5223096404024545e-05,2973
8P11557,14,3.526807824982825e-05,2974
8800094,6,3.527075671172497e-05,2975
8N73605,14,3.538447049322713e-05,2976
8N87903,13,3.5436443397429684e-05,2977
8N06484,12,3.553605364459145e-05,2978
8N73985,12,3.5618383463997816e-05,2979
8L48418,5,3.573219964891905e-05,2980
8N73217,12,3.5788343211606843e-05,2981
8730543,8,3.580338602660049e-05,2982
8P14829,5,3.587046148822992e-05,2983
8N05636,14,3.5916771707888984e-05,2984
8N73219,12,3.59257005584368e-05,2985
8P14969,14,3.6084624341015115e-05,2986
8N05863,11,3.61193393292325e-05,2987
8939574,6,3.619445499225549e-05,2988
8N87910,13,3.63685306865591e-05,2989
8730970,2,3.642956694704935e-05,2990
8943053,9,3.644648319323096e-05,2991
8800035,5,3.661754752215529e-05,2992
8N05139,12,3.671558260975871e-05,2993
8681309,4,3.674020740618289e-05,2994
8N28001,2,3.68421065104485e-05,2995
8917965,8,3.685514252538269e-05,2996
8M31747,5,3.6890189360150316e-05,2997
8573915,2,3.713127517812609e-05,2998
8N73495,12,3.713782038872182e-05,2999
8N05712,5,3.717841130423949e-05,3000
8N27088,14,3.738967013688921e-05,3001
8730945,3,3.741798943224239e-05,3002
8N72903,13,3.744747488099165e-05,3003
8732570,7,3.751285208863919e-05,3004
8651903,2,3.7544939914369024e-05,3005
8N27333,4,3.7636275123986707e-05,3006
8934860,8,3.767517046071589e-05,3007
8L89723,4,3.7740610423497856e-05,3008
8N05262,13,3.7782518347739824e-05,3009
8747564,5,3.794128315348644e-05,3010
8M31939,5,3.7991375904766755e-05,3011
8L89847,5,3.804498101089848e-05,3012
8943105,10,3.8112515767352306e-05,3013
8747657,1,3.811334534020716e-05,3014
8N73094,5,3.811725537161692e-05,3015
8N05018,4,3.85342990512072e-05,3016
8L64916,4,3.8647399151159334e-05,3017
8N14661,13,3.867594045914302e-05,3018
8N13629,14,3.8676757071698376e-05,3019
8P14965,14,3.871093554153049e-05,3020
8N14201,5,3.876035452776705e-05,3021
8N13601,14,3.881685245232802e-05,3022
8P11520,14,3.883820943428873e-05,3023
8M31945,5,3.8998039940452145e-05,3024
8681053,4,3.9239681086655764e-05,3025
8N06298,8,3.931741827045698e-05,3026
8681052,4,3.939613270631526e-05,3027
8794342,9,3.9406282553500205e-05,3028
8N14665,13,3.9425137060788984e-05,3029
8730496,5,3.9535472069474054e-05,3030
8L30859,9,3.955380128672914e-05,3031
8N28833,5,3.96119763763636e-05,3032
8N14352,15,3.963410654250765e-05,3033
8L30882,4,3.990124656638727e-05,3034
8N13661,13,3.991680794612762e-05,3035
8N73031,10,3.9946272949009654e-05,3036
8L89377,5,4.007685456741683e-05,3037
8N06787,5,4.019451586145806e-05,3038
8N87846,14,4.023076223802491e-05,3039
8L52420,4,4.0258322087538545e-05,3040
8N05144,12,4.033255274293879e-05,3041
8N73370,2,4.033369569356182e-05,3042
8981725,7,4.035432800719718e-05,3043
8N27093,2,4.037658311517589e-05,3044
8N14572,11,4.0422929203032254e-05,3045
8N73961,12,4.048585563509732e-05,3046
8N05210,12,4.0568005545083e-05,3047
8887335,4,4.059704338033043e-05,3048
8N13139,14,4.0656305714037444e-05,3049
8L57701,3,4.06929330551975e-05,3050
8L30819,3,4.071177215791977e-05,3051
8L64278,5,4.084025147221837e-05,3052
8P11523,14,4.084508702817402e-05,3053
8L89634,5,4.087216211701161e-05,3054
8P14221,5,4.087969136890024e-05,3055
8N27865,6,4.0959387661132496e-05,3056
8732288,5,4.0983092276292155e-05,3057
8N05265,13,4.105269270482381e-05,3058
8N05446,6,4.110352551833785e-05,3059
8M72884,4,4.117933781344618e-05,3060
8P11533,15,4.12022709070925e-05,3061
8N87861,14,4.121915716215341e-05,3062
8N73484,11,4.1286504625759335e-05,3063
8N87954,13,4.1290922176528966e-05,3064
8N14924,5,4.143721798754996e-05,3065
8N72698,11,4.1583862866900745e-05,3066
8L52221,8,4.1591772685478645e-05,3067
8N73627,13,4.162403013197036e-05,3068
8981272,5,4.163706083204488e-05,3069
8N87255,8,4.169023304712027e-05,3070
8M72649,4,4.175604872358463e-05,3071
8L48610,5,4.17622454733646e-05,3072
8934338,10,4.1770667806417805e-05,3073
8M71520,5,4.1864900026666874e-05,3074
8N73907,11,4.1882344788746195e-05,3075
8N13915,8,4.192236109190617e-05,3076
8N13613,14,4.200968874101818e-05,3077
8L89388,5,4.2037259674998495e-05,3078
8N73959,12,4.210253246128559e-05,3079
8L89553,12,4.237118309902144e-05,3080
8N73086,6,4.2421675971127115e-05,3081
8M71296,5,4.243229614075972e-05,3082
8N06838,11,4.2713001107586024e-05,3083
8N05182,13,4.271379930287367e-05,3084
8N05234,12,4.272565229257452e-05,3085
8N42931,5,4.296162768469003e-05,3086
8943106,10,4.3004228814425005e-05,3087
8N72689,11,4.3012666864683524e-05,3088
8N42536,4,4.3112480085483185e-05,3089
8N87829,14,4.3185749291296815e-05,3090
8N05538,5,4.3256381019318724e-05,3091
8N28774,5,4.339003088205118e-05,3092
8P11547,14,4.3408686678958475e-05,3093
8N72655,5,4.349276295556592e-05,3094
8L64397,3,4.3496131208797806e-05,3095
8N73937,12,4.3501957037506145e-05,3096
8981826,7,4.35897964052856e-05,3097
8794307,5,4.36679325730438e-05,3098
8M71494,13,4.3784354161857664e-05,3099
8N06492,12,4.396808645878991e-05,3100
8168613,5,4.398565056362713e-05,3101
8L57876,5,4.4033169842805364e-05,3102
8M71451,13,4.4044512634400235e-05,3103
8N87805,14,4.405879622026987e-05,3104
8681057,6,4.421498349316266e-05,3105
8N73634,13,4.4305218807494384e-05,3106
8M71152,13,4.4335227357805707e-05,3107
8887226,5,4.440431598595751e-05,3108
8N87967,13,4.451047311704315e-05,3109
8N06460,8,4.464888252186938e-05,3110
8N87535,11,4.479615904529055e-05,3111
8N14589,11,4.496015037602774e-05,3112
8732699,4,4.511785706995397e-05,3113
8857257,9,4.514153158652334e-05,3114
8857205,5,4.5213970395252545e-05,3115
8N87567,11,4.5278526386027806e-05,3116
8M31526,4,4.530729097496078e-05,3117
8N05295,13,4.531877132762929e-05,3118
8L52228,8,4.5427199125924744e-05,3119
8981891,8,4.554003817247576e-05,3120
8N72941,13,4.568056351672567e-05,3121
8N06439,2,4.583773772992572e-05,3122
8M31921,12,4.5841615019526216e-05,3123
8N14648,13,4.584195897905374e-05,3124
8M31288,5,4.585325314110378e-05,3125
8N87867,13,4.591527334696366e-05,3126
8N72487,3,4.59364074174573e-05,3127
8M71521,1,4.601261343850638e-05,3128
8N73235,12,4.60446099168621e-05,3129
8747705,5,4.6052539005358994e-05,3130
8L64148,2,4.615425422116459e-05,3131
8N06467,12,4.615687601017271e-05,3132
8857467,11,4.620136695621113e-05,3133
8M31651,14,4.639152280105918e-05,3134
8N27414,5,4.643654074243386e-05,3135
8P14001,2,4.649118875477143e-05,3136
8N72681,11,4.660638188624944e-05,3137
8N72910,13,4.664009176735817e-05,3138
8L57803,9,4.666737720526726e-05,3139
8L89179,12,4.677367292060808e-05,3140
8N73430,11,4.678285864656573e-05,3141
8N42751,1,4.6837306513225485e-05,3142
8N87848,14,4.6861708199230634e-05,3143
8943836,6,4.686171928369731e-05,3144
8L52591,7,4.690578646204813e-05,3145
8651979,5,4.693971842684164e-05,3146
8L19568,3,4.6961159341663006e-05,3147
8N28026,9,4.697764995853504e-05,3148
8N87983,13,4.703805109329551e-05,3149
8N42256,5,4.71194382498652e-05,3150
8N14660,13,4.7155824063338514e-05,3151
8N42139,2,4.717749334304244e-05,3152
8L89312,9,4.7280115040848614e-05,3153
8934354,6,4.7380880225489364e-05,3154
8981804,5,4.739037137824198e-05,3155
8L89689,4,4.7493404053966515e-05,3156
8N27361,5,4.7644184405726264e-05,3157
8P26193,5,4.7649277007622004e-05,3158
8P14315,14,4.7701699315894075e-05,3159
8N13971,5,4.7817060021770885e-05,3160
8N05104,12,4.800141172367489e-05,3161
8N72923,13,4.804553145731916e-05,3162
8N72983,2,4.815594115825661e-05,3163
8N28862,4,4.821147103939438e-05,3164
8N73310,15,4.827673964769019e-05,3165
8P11544,14,4.8523241730435984e-05,3166
8N72686,11,4.869627673542709e-05,3167
8N73669,13,4.8750440896583314e-05,3168
8P26580,8,4.879408436408994e-05,3169
8N13620,14,4.8894762358031585e-05,3170
8M31627,4,4.8951330654745107e-05,3171
8981224,11,4.904081001200211e-05,3172
8M72696,14,4.910685720460606e-05,3173
8N06700,14,4.911566867349393e-05,3174
8N13135,14,4.9173646402778104e-05,3175
8N05678,15,4.921917433620138e-05,3176
8M31625,4,4.9226870032725856e-05,3177
8N27123,7,4.926009887640248e-05,3178
8794302,5,4.932946399094362e-05,3179
8N13634,14,4.941480028719525e-05,3180
8800936,10,4.943922681377444e-05,3181
8N14563,11,4.951369464833988e-05,3182
8N06684,14,4.955605163559085e-05,3183
8N27408,7,4.961674358128221e-05,3184
8732697,4,4.963300011695537e-05,3185
8887267,6,4.977644007908566e-05,3186
8N27073,14,4.9818378556665266e-05,3187
8N14568,11,4.9841842667319725e-05,3188
8732644,5,4.985489073305871e-05,3189
8N06696,14,5.011322127757012e-05,3190
8N42928,5,5.0151251798524754e-05,3191
8730462,8,5.026783037465066e-05,3192
8N14628,13,5.0399526180910925e-05,3193
8747144,2,5.041041583808692e-05,3194
8N14355,15,5.047050638040673e-05,3195
8L89352,5,5.054659345660184e-05,3196
8N87902,13,5.057004398167919e-05,3197
8168662,1,5.062520483534172e-05,3198
8800134,9,5.06619937823416e-05,3199
8N14618,13,5.070165042297958e-05,3200
8N28892,5,5.124511494614126e-05,3201
8N42499,14,5.1254401000733196e-05,3202
8N87979,13,5.131041285721949e-05,3203
8P11565,14,5.1316110386778746e-05,3204
8N28947,9,5.1379065837409144e-05,3205
8904676,9,5.162422178273118e-05,3206
8N14718,3,5.1649506588091754e-05,3207
8857103,7,5.169362771084707e-05,3208
8939366,7,5.170575241209008e-05,3209
8857612,9,5.171499443967775e-05,3210
8L89845,5,5.181343880167333e-05,3211
8L19944,7,5.198083567847789e-05,3212
8N05879,11,5.200808870142737e-05,3213
8P14736,2,5.2106206567259505e-05,3214
8N14583,11,5.217444470417831e-05,3215
8N05601,14,5.218872323098367e-05,3216
8904575,11,5.2201000301010936e-05,3217
8N73632,13,5.2281321245573054e-05,3218
8730458,9,5.235567050476675e-05,3219
8L89379,5,5.236066829183983e-05,3220
8M31804,12,5.245529200692545e-05,3221
8P11749,7,5.251286802376853e-05,3222
8N73404,4,5.254149380107265e-05,3223
8P14858,14,5.256819923715739e-05,3224
8681042,5,5.257662428448384e-05,3225
8N73823,6,5.264227274892619e-05,3226
8N14011,7,5.2728711693816877e-05,3227
8M31640,10,5.277179002405319e-05,3228
8M72990,4,5.2826082310275524e-05,3229
8N06869,11,5.306389687120827e-05,3230
8N14677,13,5.311329550750088e-05,3231
8N05163,12,5.311566974341986e-05,3232
8N06848,11,5.313694157393911e-05,3233
8800045,5,5.330234762368491e-05,3234
8747993,8,5.333261061224448e-05,3235
8M71352,12,5.336039089343103e-05,3236
8939807,1,5.341724764207356e-05,3237
8N05447,6,5.363632885746483e-05,3238
8981923,2,5.389059333538171e-05,3239
8168693,6,5.3907519486529054e-05,3240
8N87587,11,5.4055562372923305e-05,3241
8N14022,4,5.428896304238151e-05,3242
8747256,6,5.433644292907047e-05,3243
8N72958,13,5.43660568297355e-05,3244
8N06857,11,5.439705205390055e-05,3245
8732577,7,5.4405282526204246e-05,3246
8P14990,14,5.4476675671821795e-05,3247
8L64829,9,5.450966165199134e-05,3248
8N87570,11,5.458656033852094e-05,3249
8N87923,13,5.4667163794874796e-05,3250
8N28089,2,5.472560326325038e-05,3251
8934474,3,5.4752991417217345e-05,3252
8L89497,11,5.478977311668132e-05,3253
8800354,5,5.482091592057259e-05,3254
8730459,8,5.483612540047034e-05,3255
8N27259,5,5.5094661547627766e-05,3256
8651911,7,5.512835014087614e-05,3257
8934801,6,5.5149684730082527e-05,3258
8P14342,15,5.515128026445382e-05,3259
8N73190,15,5.5175651297645345e-05,3260
8P11524,15,5.528118418851591e-05,3261
8N14294,15,5.5282948778767604e-05,3262
8N73631,13,5.536034029773873e-05,3263
8L30947,2,5.540506626289243e-05,3264
8M31126,2,5.54355511983573e-05,3265
8N13635,14,5.5468267532887694e-05,3266
8N87870,13,5.549384225389531e-05,3267
8M31147,11,5.556493380254324e-05,3268
8939359,5,5.5881901022569735e-05,3269
8L19559,8,5.598640427706414e-05,3270
8N42442,14,5.604907505585288e-05,3271
8N87938,13,5.612672441657196e-05,3272
8816467,4,5.619684125690583e-05,3273
8N06689,14,5.620950014417758e-05,3274
8L30631,12,5.623051245606803e-05,3275
8N13631,14,5.6352698457828865e-05,3276
8L52551,4,5.638738571178692e-05,3277
8857243,5,5.645039830426413e-05,3278
8N05282,13,5.645635944517835e-05,3279
8730554,3,5.647546458931174e-05,3280
8N42786,5,5.6556572644694825e-05,3281
8N87906,13,5.6574673067188996e-05,3282
8N87887,13,5.666454308084212e-05,3283
8N05117,12,5.6812996760413625e-05,3284
8N05856,11,5.6851577255656593e-05,3285
8N88000,13,5.6946052726658536e-05,3286
8P14964,14,5.697386399106108e-05,3287
8857754,5,5.6975191000674386e-05,3288
8L19936,5,5.708156845685153e-05,3289
8P14810,15,5.71171250385305e-05,3290
8N14300,15,5.722255549756028e-05,3291
8N72960,13,5.733526768381125e-05,3292
8N72428,8,5.764815271902535e-05,3293
8N28900,15,5.7919954002727536e-05,3294
8N05197,13,5.804699478062503e-05,3295
8L89753,5,5.8141758159990786e-05,3296
8747976,5,5.835456911995607e-05,3297
8N05612,14,5.836098818434721e-05,3298
8732654,5,5.83749961151625e-05,3299
8N14974,7,5.844428699219861e-05,3300
8L30260,5,5.867717800356331e-05,3301
8981046,12,5.882182858840679e-05,3302
8N05125,12,5.88240923207195e-05,3303
8N87849,14,5.884304175651778e-05,3304
8N13640,14,5.897061691939598e-05,3305
8934855,4,5.902583181693899e-05,3306
8N14585,11,5.904524641664466e-05,3307
8N13672,13,5.906198292393583e-05,3308
8N14089,5,5.907219019718468e-05,3309
8M71493,13,5.9132680462425924e-05,3310
8N13098,14,5.9192759636061965e-05,3311
8N42509,5,5.920644741763681e-05,3312
8M72540,11,5.9264271499159804e-05,3313
8M71507,10,5.933744409958308e-05,3314
8N13687,13,5.9505068293219665e-05,3315
8N87922,13,5.951266058445981e-05,3316
8N87809,14,5.951408365945099e-05,3317
8N72926,13,5.951802820369778e-05,3318
8P14642,9,5.9533765956132356e-05,3319
8N06519,4,5.954900370852556e-05,3320
8904654,2,5.963199566849653e-05,3321
8M31704,4,5.970121654286231e-05,3322
8N73491,12,5.97028165429947e-05,3323
8N13955,4,5.97753490865216e-05,3324
8N06295,9,5.97798644150771e-05,3325
8L64849,9,5.9817533610839746e-05,3326
8681393,7,5.992188914660801e-05,3327
8981020,4,5.9930277757302974e-05,3328
8857767,5,5.996686775233684e-05,3329
8800643,12,6.003497884421449e-05,3330
8N13636,14,6.03008093094104e-05,3331
8L89998,3,6.0362567666061295e-05,3332
8L57872,8,6.039684342340479e-05,3333
8M31372,5,6.0421127955123666e-05,3334
8L19922,10,6.046882390364772e-05,3335
8N05195,13,6.049006981356797e-05,3336
8N87916,13,6.086850640940611e-05,3337
8N13090,14,6.096762811580447e-05,3338
8N06675,14,6.101884650888678e-05,3339
8N73948,12,6.103096472998004e-05,3340
8M71532,4,6.104869197542939e-05,3341
8816455,6,6.106604632805102e-05,3342
8943486,5,6.106661149374304e-05,3343
8747158,3,6.11130299148499e-05,3344
8N06468,12,6.125126475353682e-05,3345
8N05607,14,6.12961197461459e-05,3346
8M72224,3,6.14351507124411e-05,3347
8N14339,15,6.14562023883991e-05,3348
8943803,10,6.150632168555603e-05,3349
8N05206,12,6.16661713479516e-05,3350
8747974,5,6.178559364755642e-05,3351
8N73931,12,6.188141787788481e-05,3352
8N06881,11,6.198076486896298e-05,3353
8N06877,11,6.210137695461526e-05,3354
8N05121,14,6.212719085851859e-05,3355
8N13644,14,6.225182005437091e-05,3356
8747309,8,6.228220249226979e-05,3357
8M31452,5,6.243828354968173e-05,3358
8934531,1,6.24672410367566e-05,3359
8934276,7,6.25384167278753e-05,3360
8N73660,13,6.257085006922125e-05,3361
8M71323,11,6.28887841287451e-05,3362
8N87056,5,6.291402451097383e-05,3363
8934808,3,6.307431942786934e-05,3364
8N05238,13,6.307484864009893e-05,3365
8M71503,4,6.315406028534198e-05,3366
8M31438,4,6.321564843148053e-05,3367
8N73490,12,6.327486485702138e-05,3368
8981582,2,6.330780365715327e-05,3369
8N87048,5,6.333100255062618e-05,3370
8939341,7,6.340027618989552e-05,3371
8N27083,14,6.370913257569555e-05,3372
8N87517,11,6.370940451461138e-05,3373
8N06510,4,6.381346315720293e-05,3374
8N87586,11,6.389020606434315e-05,3375
8N73699,13,6.391081643641883e-05,3376
8N14286,15,6.393436149210174e-05,3377
8N73912,11,6.395145987880824e-05,3378
8N05858,11,6.409545949281892e-05,3379
8N05278,13,6.424382837622034e-05,3380
8L30286,5,6.434011242006932e-05,3381
8P14190,5,6.437337907527763e-05,3382
8N05860,11,6.442470191814209e-05,3383
8P26542,2,6.443281779411336e-05,3384
8981714,10,6.460971445676478e-05,3385
8N87625,15,6.461955490522087e-05,3386
8L57857,9,6.467481514960127e-05,3387
8L89704,4,6.467574426949341e-05,3388
8L30698,12,6.473093867498392e-05,3389
8N14570,11,6.474764143149514e-05,3390
8309158,6,6.481599467633714e-05,3391
8N05603,14,6.482899470938719e-05,3392
8N27320,6,6.502573432953795e-05,3393
8732605,9,6.506952297513635e-05,3394
8L30777,12,6.513458299650665e-05,3395
8747575,9,6.516326530459082e-05,3396
8M31969,5,6.529671787802727e-05,3397
8N28813,5,6.53576065303696e-05,3398
8N14520,11,6.545138569435949e-05,3399
8M71448,13,6.55196103025446e-05,3400
8P14574,2,6.552054628627957e-05,3401
8N05696,15,6.564446701418092e-05,3402
8N87573,11,6.57092762139655e-05,3403
8N73905,11,6.576659075108182e-05,3404
8L26538,10,6.579599858014262e-05,3405
8M72935,5,6.581793570603622e-05,3406
8N06285,2,6.582588798664801e-05,3407
8934072,5,6.586997722024535e-05,3408
8N05124,12,6.587579724737225e-05,3409
8730545,8,6.587593441054196e-05,3410
8981393,12,6.587912605482416e-05,3411
8N05249,13,6.602945097711199e-05,3412
8934266,7,6.60640230307763e-05,3413
8N05157,12,6.613399557409139e-05,3414
8N72927,13,6.614037661734073e-05,3415
8N14646,13,6.616312182927686e-05,3416
8N87915,13,6.629808964930817e-05,3417
8651522,6,6.631161170389532e-05,3418
8N27199,14,6.637147606625149e-05,3419
8N05147,12,6.640566516580293e-05,3420
8168768,5,6.643834512942703e-05,3421
8747552,10,6.652496682590936e-05,3422
8N28554,2,6.6609351392799e-05,3423
8M72609,5,6.66202012098438e-05,3424
8M72584,11,6.666371450592123e-05,3425
8800612,5,6.691943485748197e-05,3426
8N87545,11,6.70417913397614e-05,3427
8L64058,11,6.70462463858712e-05,3428
8732298,8,6.714518386274904e-05,3429
8L30900,11,6.714599635415652e-05,3430
8M31211,11,6.715076665386732e-05,3431
8N13355,2,6.722555008309428e-05,3432
8N73480,11,6.725907439886214e-05,3433
8L19979,5,6.727390226046737e-05,3434
8P14715,5,6.728373841724533e-05,3435
8L48421,7,6.743812829768103e-05,3436
8800160,9,6.74883899591805e-05,3437
8N42522,5,6.7547112507782e-05,3438
8943012,10,6.778749877867085e-05,3439
8N13617,14,6.780561648156436e-05,3440
8L57906,2,6.799157358727825e-05,3441
8M71206,5,6.801609629292216e-05,3442
8747862,9,6.805921205454979e-05,3443
8L89521,5,6.813977495312429e-05,3444
8747958,9,6.835154704276647e-05,3445
8N05138,12,6.841384995937005e-05,3446
8N14178,6,6.841626259301847e-05,3447
8857246,5,6.84463956304171e-05,3448
8N06695,14,6.844828430763172e-05,3449
8N42457,14,6.849126553731821e-05,3450
8800353,5,6.852354761122115e-05,3451
8N05715,6,6.853954619145952e-05,3452
8747749,5,6.858456526970258e-05,3453
8P11540,15,6.87081130763545e-05,3454
8N06476,12,6.877258317672386e-05,3455
8681335,7,6.887455339210646e-05,3456
8939538,5,6.890770771406096e-05,3457
8M72695,14,6.894264843282372e-05,3458
8N05004,4,6.899946777139121e-05,3459
8800101,10,6.910733736731345e-05,3460
8747517,5,6.911408115684026e-05,3461
8939535,5,6.915711141175507e-05,3462
8N87558,11,6.91573536641954e-05,3463
8N87538,11,6.924288874188278e-05,3464
8N06880,11,6.933732782954394e-05,3465
8N06828,11,6.935285574627414e-05,3466
8747744,9,6.943612424947787e-05,3467
8P14053,5,6.952270729243537e-05,3468
8N05227,12,6.956527372636856e-05,3469
8943103,10,6.957316463029883e-05,3470
8P14607,7,6.959306983844726e-05,3471
8M72864,4,6.960011290857437e-05,3472
8N28684,5,6.961424981000164e-05,3473
8N14672,13,6.962599269400016e-05,3474
8N05267,13,6.96350742686036e-05,3475
8P26401,5,6.971253651499865e-05,3476
8N05890,11,6.976188331009325e-05,3477
8N05604,14,6.987142856473838e-05,3478
8N05677,15,6.987461983953835e-05,3479
8L52973,4,6.98789517628029e-05,3480
8681098,6,6.992796966187598e-05,3481
8N14152,6,6.993284029022107e-05,3482
8N87577,11,7.000591085670749e-05,3483
8939603,5,7.00676309861592e-05,3484
8N73602,14,7.014316759068606e-05,3485
8943121,5,7.016545572469113e-05,3486
8N87554,11,7.018236226485897e-05,3487
8934811,8,7.019654810846987e-05,3488
8N72928,13,7.022798592970503e-05,3489
8P14968,14,7.028946924947377e-05,3490
8N13437,2,7.030812304265055e-05,3491
8P14337,14,7.035543762867746e-05,3492
8N05877,11,7.03933894783404e-05,3493
8N73675,13,7.041322794520966e-05,3494
8L19987,4,7.041955882414186e-05,3495
8816456,6,7.061414004283506e-05,3496
8981331,11,7.06346788774681e-05,3497
8N05302,13,7.07373100112818e-05,3498
8L89467,6,7.074802556417126e-05,3499
8M72792,6,7.077785886622223e-05,3500
8N13689,13,7.081830483457452e-05,3501
8N05219,12,7.084589930173024e-05,3502
8N87988,13,7.091496797784202e-05,3503
8681472,3,7.097411423728772e-05,3504
8L64903,5,7.101781216078962e-05,3505
8M72529,11,7.101794972186326e-05,3506
8N42527,5,7.105944550289678e-05,3507
8P11997,6,7.10626555928684e-05,3508
8730498,4,7.113750655207696e-05,3509
8934285,7,7.117300674508442e-05,3510
8M31954,4,7.119188268944754e-05,3511
8N05658,13,7.12662674686726e-05,3512
8943801,10,7.130623893658594e-05,3513
8800038,5,7.137567502013553e-05,3514
8730465,2,7.140883576539636e-05,3515
8887488,5,7.148922003352709e-05,3516
8N72347,5,7.15331545961817e-05,3517
8N27065,14,7.159492895425501e-05,3518
8N05616,14,7.179022395575885e-05,3519
8N14554,11,7.186582644180817e-05,3520
8N73797,15,7.197575166628667e-05,3521
8N42497,14,7.202863537258963e-05,3522
8M71345,12,7.210820228920056e-05,3523
8N87971,13,7.21464745083722e-05,3524
8747936,4,7.215495168111374e-05,3525
8P14998,15,7.218312387635706e-05,3526
8L57975,13,7.220848692668369e-05,3527
8N05266,13,7.224337826983174e-05,3528
8L89734,4,7.224734554256429e-05,3529
8747544,10,7.225418721645838e-05,3530
8N05472,6,7.239733110964153e-05,3531
8P11320,4,7.258819564981422e-05,3532
8N05957,14,7.259284518568165e-05,3533
8M72638,6,7.259809751758439e-05,3534
8N73677,13,7.263656564759913e-05,3535
8N06473,12,7.270462924680032e-05,3536
8L89725,4,7.285316760885507e-05,3537
8N42503,5,7.293290707366396e-05,3538
8N73925,11,7.308294374297475e-05,3539
8N87913,13,7.323686546101271e-05,3540
8N05180,13,7.32533360405796e-05,3541
8N27054,14,7.329090675511907e-05,3542
8P11064,2,7.33228387730378e-05,3543
8L64441,13,7.333450196256308e-05,3544
8N28914,2,7.337353480352249e-05,3545
8N14969,7,7.351257863774663e-05,3546
8N05251,13,7.361801658589684e-05,3547
8N05865,11,7.379862532275183e-05,3548
8732646,5,7.38716432806541e-05,3549
8N14529,11,7.402149670809877e-05,3550
8N28756,5,7.422834451631388e-05,3551
8N87886,13,7.427119976455288e-05,3552
8M71220,6,7.429999929442488e-05,3553
8N87580,11,7.432935501938687e-05,3554
8N42093,2,7.441586967615876e-05,3555
8N05201,12,7.441932939400431e-05,3556
8N42681,5,7.442672188062716e-05,3557
8M71322,5,7.447597828047492e-05,3558
8L30764,12,7.451751122289352e-05,3559
8939915,11,7.473586447304115e-05,3560
8N14555,11,7.477482677131775e-05,3561
8P26518,9,7.483134868380148e-05,3562
8816932,4,7.484355586484526e-05,3563
8598501,6,7.492158881561295e-05,3564
8N87583,11,7.49405829694183e-05,3565
8N05241,13,7.495575829352674e-05,3566
8N73955,12,7.506433206572183e-05,3567
8N73722,14,7.509190572818625e-05,3568
8P14136,7,7.521405746047094e-05,3569
8939431,4,7.521471975735494e-05,3570
8N13668,13,7.522978012275416e-05,3571
8N27773,9,7.529230896352601e-05,3572
8P11393,14,7.543305991930538e-05,3573
8N28754,5,7.5471603963706e-05,3574
8N73934,12,7.552229089924367e-05,3575
8N73697,13,7.55517373818293e-05,3576
8N73383,6,7.56457019406298e-05,3577
8N05159,12,7.572297531055483e-05,3578
8934529,1,7.578297390864464e-05,3579
8794326,9,7.581200095785334e-05,3580
8N14567,11,7.591271605633665e-05,3581
8800042,4,7.598746046255656e-05,3582
8981742,9,7.600601463764178e-05,3583
8N87162,10,7.604986308251682e-05,3584
8N06856,11,7.60702565578697e-05,3585
8N87824,14,7.607144914345554e-05,3586
8N28550,3,7.615261455384825e-05,3587
8N73910,11,7.619079724463518e-05,3588
8981036,4,7.619971665917546e-05,3589
8681002,4,7.620037274591596e-05,3590
8309218,13,7.625769080732425e-05,3591
8N73305,15,7.628639139056759e-05,3592
8N27474,2,7.629420576904522e-05,3593
8P14966,14,7.631839133637186e-05,3594
8747532,5,7.638261740794405e-05,3595
8730957,3,7.639034902240383e-05,3596
8732502,8,7.647457130133262e-05,3597
8N73994,12,7.648607197552337e-05,3598
8N13850,15,7.656152462232058e-05,3599
8M72018,2,7.661358625909997e-05,3600
8L30767,12,7.661358688437758e-05,3601
8N73640,13,7.661940594516636e-05,3602
8M71085,5,7.677059693378396e-05,3603
8N87246,2,7.67877888847579e-05,3604
8981279,5,7.683956755499821e-05,3605
8934880,8,7.686354854286037e-05,3606
8N73960,12,7.686729827582894e-05,3607
8N73629,13,7.704652449547211e-05,3608
8N06691,14,7.72387343772607e-05,3609
8N28538,9,7.724430119537828e-05,3610
8N27076,14,7.725009754722123e-05,3611
8934231,3,7.732448329988983e-05,3612
8747573,9,7.737001283203426e-05,3613
8N13610,14,7.737981889022194e-05,3614
8N14586,11,7.737995045253854e-05,3615
8N05864,11,7.738295403214579e-05,3616
8N73638,13,7.74379041672546e-05,3617
8P14808,14,7.745798370706325e-05,3618
8L48452,5,7.746316987322643e-05,3619
8747884,1,7.767424165194825e-05,3620
8N27068,14,7.768234922878037e-05,3621
8800535,10,7.772681510687107e-05,3622
8N05136,12,7.778499397659289e-05,3623
8N73189,15,7.779133250096493e-05,3624
8747487,9,7.78116872766077e-05,3625
8N73909,11,7.784847618097501e-05,3626
8P14863,14,7.797399700848473e-05,3627
8N14536,11,7.803552159657556e-05,3628
8N27413,5,7.807409264160015e-05,3629
8L64459,13,7.815793071586086e-05,3630
8651929,7,7.827622061995498e-05,3631
8M31305,4,7.830193658264761e-05,3632
8M72739,4,7.834236453163612e-05,3633
8L19977,5,7.841334831937274e-05,3634
8N28873,5,7.850234044326498e-05,3635
8857233,6,7.853869544760528e-05,3636
8730953,3,7.873338495301141e-05,3637
8N06028,3,7.87514322411198e-05,3638
8681181,5,7.877568248204625e-05,3639
8N27916,5,7.880546962724111e-05,3640
8P14867,15,7.885658999384759e-05,3641
8981601,10,7.902254998271019e-05,3642
8681258,4,7.905404299890506e-05,3643
8N87866,13,7.906504620791566e-05,3644
8N05012,4,7.908975261727846e-05,3645
8N14299,15,7.920776795344864e-05,3646
8P11570,14,7.923422915467881e-05,3647
8N73462,11,7.927866298018671e-05,3648
8N73050,4,7.933370761747938e-05,3649
8N87808,14,7.935852920581965e-05,3650
8P11571,14,7.94525819003411e-05,3651
8N87972,13,7.952007570111164e-05,3652
8M72913,5,7.955113113666812e-05,3653
8M72528,11,7.955745036269946e-05,3654
8N05867,11,7.959842463733935e-05,3655
8L52386,11,7.960151117458736e-05,3656
8N06782,4,7.965337474047374e-05,3657
8N73208,12,7.973886113177286e-05,3658
8N72490,3,7.976346364557685e-05,3659
8N14953,6,7.980316924260933e-05,3660
8P14329,14,7.987962563049678e-05,3661
8L64398,3,7.989423704657383e-05,3662
8N42061,8,7.989942815811446e-05,3663
8681436,6,7.993308804543631e-05,3664
8N73966,12,7.996835006451875e-05,3665
8P14606,7,8.007100882423401e-05,3666
8L30459,12,8.007738608739601e-05,3667
8681485,2,8.018855243108192e-05,3668
8730563,3,8.032929093815255e-05,3669
8857277,10,8.04506044005393e-05,3670
8N87588,11,8.076627626962818e-05,3671
8N72737,4,8.084450496426143e-05,3672
8N72332,4,8.090813992112089e-05,3673
8N05193,13,8.09287940910508e-05,3674
8N73195,15,8.112988950870204e-05,3675
8L52595,5,8.114591661012582e-05,3676
8L52401,5,8.125462272801087e-05,3677
8N05689,15,8.133991707381938e-05,3678
8981021,4,8.141902935676626e-05,3679
8N05625,14,8.14871578711518e-05,3680
8730959,3,8.148874451308075e-05,3681
8N27621,14,8.159802177942765e-05,3682
8N73654,13,8.168534463948163e-05,3683
8N27080,14,8.169874581653858e-05,3684
8681024,5,8.18735704797291e-05,3685
8L64813,2,8.189024549665191e-05,3686
8N73618,13,8.190622065740172e-05,3687
8N06682,14,8.197194392778329e-05,3688
8747161,3,8.206532845633774e-05,3689
8P11257,9,8.210802758412683e-05,3690
8M72618,4,8.219567962441943e-05,3691
8N87253,8,8.219579945034639e-05,3692
8L19813,5,8.223565896514629e-05,3693
8L30778,12,8.228763908846304e-05,3694
8816497,5,8.232088111981284e-05,3695
8N14288,15,8.240367964162942e-05,3696
8P14987,14,8.249391908066173e-05,3697
8681476,1,8.254459407908143e-05,3698
8939836,8,8.260728316145105e-05,3699
8N87831,14,8.266687700597686e-05,3700
8L30298,5,8.26748653253162e-05,3701
8732676,4,8.275082767283948e-05,3702
8573221,4,8.30924590786708e-05,3703
8N73689,13,8.309759908797787e-05,3704
8934458,4,8.324325878561467e-05,3705
8N73607,14,8.348182581130459e-05,3706
8N73216,12,8.353797525728623e-05,3707
8651869,5,8.387096340811695e-05,3708
8N42431,14,8.389554091081664e-05,3709
8981185,12,8.393494074709906e-05,3710
8866786,5,8.399559123972722e-05,3711
8N28807,6,8.399991065743961e-05,3712
8N05532,5,8.406306135899655e-05,3713
8M72570,11,8.414608259954548e-05,3714
8732211,5,8.415513912041206e-05,3715
8L89337,5,8.416431410296354e-05,3716
8M72263,8,8.42173349155928e-05,3717
8N13567,2,8.44477603152427e-05,3718
8N27409,10,8.449357176232297e-05,3719
8M72606,5,8.449520953490719e-05,3720
8747599,8,8.458457853066648e-05,3721
8L26596,6,8.463258245683392e-05,3722
8747295,9,8.466725478228909e-05,3723
8981707,5,8.470731238219287e-05,3724
8L52212,5,8.471395727838171e-05,3725
8N06920,5,8.485778403155564e-05,3726
8N27071,14,8.494911890011281e-05,3727
8N73691,13,8.503118169755908e-05,3728
8N42994,5,8.530585472499297e-05,3729
8N14575,11,8.533267326527039e-05,3730
8N73908,11,8.545546148752692e-05,3731
8L26587,5,8.54913752164066e-05,3732
8747281,3,8.563498391822577e-05,3733
8800617,5,8.564735446725535e-05,3734
8747606,5,8.570961104226171e-05,3735
8981823,5,8.588236221385159e-05,3736
8N13962,6,8.588614196014532e-05,3737
8981038,10,8.598308306773106e-05,3738
8N06846,11,8.599166397971203e-05,3739
8747259,6,8.604960953562113e-05,3740
8N87541,11,8.61744570670453e-05,3741
8N87544,11,8.621261025076876e-05,3742
8N14656,13,8.623173494015646e-05,3743
8N06855,11,8.62782675312701e-05,3744
8939163,6,8.635421767166918e-05,3745
8981720,4,8.64222735117437e-05,3746
8N73458,11,8.645877323942841e-05,3747
8N28405,9,8.652338067349774e-05,3748
8732579,7,8.653765763710908e-05,3749
8L30848,3,8.654467137603206e-05,3750
8L89915,12,8.654713633404754e-05,3751
8N73644,13,8.657136925194209e-05,3752
8L64373,2,8.665120395789927e-05,3753
8N87986,13,8.668694658808818e-05,3754
8681201,9,8.674352056914358e-05,3755
8N06011,2,8.728465900276206e-05,3756
8N73763,14,8.731005743811693e-05,3757
8747701,8,8.738893018289673e-05,3758
8P14604,7,8.743028649860207e-05,3759
8N05983,14,8.747748461246374e-05,3760
8N14806,3,8.747909794237785e-05,3761
8N14692,13,8.751135817419708e-05,3762
8L64869,11,8.765582555270157e-05,3763
8N87955,13,8.766901527224036e-05,3764
8N13698,13,8.772010119173501e-05,3765
8N87942,13,8.78035522191567e-05,3766
8N73183,15,8.794333166406432e-05,3767
8N13934,5,8.796833384394631e-05,3768
8N05102,12,8.797780606073502e-05,3769
8168617,8,8.79838348737394e-05,3770
8N05240,13,8.801239516742498e-05,3771
8L89713,4,8.807342510408489e-05,3772
8N28428,2,8.835651965455327e-05,3773
8N05626,14,8.83670850839735e-05,3774
8N87552,11,8.837081807655522e-05,3775
8934406,8,8.842844579248776e-05,3776
8N87803,14,8.842956302146376e-05,3777
8N05535,7,8.844370120186795e-05,3778
8N87958,13,8.845495585774188e-05,3779
8P14632,2,8.854744692143868e-05,3780
8N14106,4,8.858340726192182e-05,3781
8L52358,11,8.873008005139127e-05,3782
8309135,5,8.876052891082509e-05,3783
8747865,9,8.878166181602865e-05,3784
8747805,6,8.88633001547845e-05,3785
8N28909,8,8.89095915681537e-05,3786
8N06861,11,8.907688606996089e-05,3787
8N42249,2,8.913175139468876e-05,3788
8747563,5,8.939304450450436e-05,3789
8N72448,3,8.957891461847112e-05,3790
8M71513,1,8.965307210928586e-05,3791
8N27941,6,8.978995629149722e-05,3792
8N87582,11,8.990782114892681e-05,3793
8P14974,14,8.99540104812857e-05,3794
8L52347,11,8.999495011607905e-05,3795
8P14220,5,9.004955722957675e-05,3796
8N05253,13,9.012398868435412e-05,3797
8934497,4,9.017548563861055e-05,3798
8747424,5,9.028508725350548e-05,3799
8P11563,14,9.039033545832353e-05,3800
8N42144,2,9.040118897019056e-05,3801
8981296,5,9.048802053257532e-05,3802
8M71074,4,9.056385050598692e-05,3803
8N06672,14,9.06051520814799e-05,3804
8N42701,6,9.064988944373908e-05,3805
8N27487,10,9.06946721102031e-05,3806
8N13623,14,9.08249238591452e-05,3807
8N13669,13,9.085030114874826e-05,3808
8794343,9,9.095812472992293e-05,3809
8981012,5,9.101080644313697e-05,3810
8N73690,13,9.11279954038946e-05,3811
8L19937,5,9.116375099438301e-05,3812
8L30485,12,9.118615525949281e-05,3813
8P14341,15,9.121248911014845e-05,3814
8N73984,12,9.121333289385802e-05,3815
8N73978,12,9.127955206622573e-05,3816
8N05283,13,9.136236849371926e-05,3817
8M31717,6,9.138694451849005e-05,3818
8M71298,6,9.160883581671442e-05,3819
8N42730,5,9.163448521576356e-05,3820
8N28915,2,9.179038829643105e-05,3821
8N13113,14,9.179588695928942e-05,3822
8N72949,13,9.185856845306262e-05,3823
8N72333,4,9.18797871776178e-05,3824
8939097,10,9.196620965212787e-05,3825
8N05158,12,9.215443947141466e-05,3826
8P11748,7,9.232065201558726e-05,3827
8537774,7,9.247155216485226e-05,3828
8N06870,11,9.260423297519083e-05,3829
8L64241,6,9.265413459047522e-05,3830
8414527,2,9.26882348721847e-05,3831
8N72964,13,9.276897969812126e-05,3832
8N73482,11,9.289314465377174e-05,3833
8N87070,5,9.301540080741688e-05,3834
8681415,5,9.30862712493763e-05,3835
8M31327,5,9.325716769126302e-05,3836
8N27903,6,9.328869322189348e-05,3837
8N73614,14,9.334117885373416e-05,3838
8M71153,13,9.33692206217529e-05,3839
8N28209,2,9.339082316728309e-05,3840
8N13679,13,9.342216515051405e-05,3841
8N06873,11,9.344297740199181e-05,3842
8N72736,4,9.347609454835037e-05,3843
8N87707,6,9.349137985736888e-05,3844
8N05243,13,9.353423183711129e-05,3845
8N87559,11,9.365191817778395e-05,3846
8N14289,15,9.365764424273948e-05,3847
8N27892,6,9.369141184834007e-05,3848
8M71201,6,9.375939112032938e-05,3849
8L64858,2,9.381218160342542e-05,3850
8L52230,9,9.381589626400455e-05,3851
8573515,6,9.384041595694725e-05,3852
8N05614,14,9.401935762909375e-05,3853
8N27308,5,9.403923553463756e-05,3854
8800538,5,9.407439063124912e-05,3855
8168655,5,9.424586210116104e-05,3856
8M31247,12,9.429611179712083e-05,3857
8981248,5,9.436596030809596e-05,3858
8943882,5,9.440737119348341e-05,3859
8M31484,5,9.444619882970073e-05,3860
8P14997,15,9.449536202055242e-05,3861
8N28246,7,9.463107132923199e-05,3862
8N72114,3,9.464698263172977e-05,3863
8L57791,8,9.470901545682864e-05,3864
8N14545,11,9.472784643094201e-05,3865
8N42476,14,9.475866036723346e-05,3866
8N72931,13,9.499529124923356e-05,3867
8794375,4,9.499916905042483e-05,3868
8N87859,14,9.515173792351561e-05,3869
8N87533,11,9.52538759406707e-05,3870
8L48608,6,9.556794634590915e-05,3871
8N27405,7,9.57388193683073e-05,3872
8N72683,11,9.574397495271114e-05,3873
8N73995,12,9.57476423764092e-05,3874
8N87904,13,9.581429785043838e-05,3875
8N87136,9,9.618948206480127e-05,3876
8939122,4,9.619944162508887e-05,3877
8M71453,13,9.627100655507093e-05,3878
8N05268,13,9.635454421186296e-05,3879
8N87864,14,9.637353934977e-05,3880
8N73499,12,9.647312879224046e-05,3881
8N27059,14,9.649190753435732e-05,3882
8M31253,8,9.650939614402887e-05,3883
8P11528,15,9.65906734222699e-05,3884
8N13682,13,9.659599913902639e-05,3885
8L30598,5,9.66191309998976e-05,3886
8M31509,4,9.665854952345398e-05,3887
8N13632,14,9.674823502336949e-05,3888
8N13977,5,9.678948944724652e-05,3889
8N28009,9,9.701007749640667e-05,3890
8N73498,12,9.703924911264039e-05,3891
8N14686,13,9.7318393528667e-05,3892
8800025,5,9.73422227161791e-05,3893
8N87820,14,9.73612894767939e-05,3894
8N72942,13,9.737929724451533e-05,3895
8M72532,11,9.749471473696758e-05,3896
8309274,5,9.751219999998284e-05,3897
8M72611,6,9.75779220198092e-05,3898
8N05308,13,9.761539433839062e-05,3899
8857226,6,9.763276602825499e-05,3900
8N73236,12,9.767655313908108e-05,3901
8M31826,12,9.771818076842465e-05,3902
8681070,9,9.778661592463322e-05,3903
8N73521,5,9.787878821043705e-05,3904
8N87826,14,9.792069465675013e-05,3905
8L52394,12,9.798496207480412e-05,3906
8N73945,12,9.799955483913436e-05,3907
8N14287,15,9.811218001232191e-05,3908
8N72266,2,9.816867350309622e-05,3909
8730558,3,9.823849961776432e-05,3910
8N42702,6,9.827792757732823e-05,3911
8N14227,5,9.831888317535231e-05,3912
8N13645,14,9.836630965764925e-05,3913
8651765,7,9.846878202779408e-05,3914
8N73663,13,9.856763631432841e-05,3915
8N06839,11,9.857660825218773e-05,3916
8N73996,14,9.868576714211486e-05,3917
8M31278,4,9.868936149359797e-05,3918
8981207,12,9.874875809146033e-05,3919
8P11567,14,9.879168564452812e-05,3920
8N87591,11,9.885327767733543e-05,3921
8N73608,14,9.906170305384876e-05,3922
8P11871,14,9.909675179642363e-05,3923
8N73496,12,9.910655398925883e-05,3924
8917945,8,9.911336974255391e-05,3925
8800021,5,9.913850115594869e-05,3926
8P14844,14,9.931733217172223e-05,3927
8N06823,11,9.93256243759788e-05,3928
8N73239,12,9.944871749212325e-05,3929
8M31711,4,9.956091662388644e-05,3930
8N06500,12,9.991469141823472e-05,3931
8981928,2,9.999502537993976e-05,3932
8887303,7,0.00010003001239056175,3933
8P14938,14,0.00010005960530179436,3934
8N13637,14,0.00010011248075159074,3935
8N05156,12,0.00010036342160901768,3936
8N06832,11,0.00010041180138387062,3937
8N06825,11,0.00010054587471586274,3938
8M31798,11,0.00010067648992162503,3939
8L57950,13,0.00010069951895275153,3940
8N27834,6,0.00010077146127329684,3941
8L30779,4,0.00010082902485919476,3942
8N14519,11,0.00010088748820180626,3943
8M31756,6,0.00010091279125390429,3944
8866754,5,0.00010099680730490945,3945
8L19506,3,0.00010125443669295464,3946
8N05188,13,0.00010129923475687974,3947
8N73630,13,0.00010149867637210264,3948
8L48757,11,0.00010150691184662719,3949
8M72422,13,0.0001016546975449728,3950
8L89512,5,0.0001016775237303591,3951
8N06866,11,0.0001018643256429641,3952
8939037,4,0.00010195970594395476,3953
8651876,5,0.00010196458072186942,3954
8L89268,5,0.00010200753362710202,3955
8N28418,4,0.00010209965458329862,3956
8730445,1,0.00010216636525317568,3957
8N05942,2,0.00010227785810457135,3958
8P26540,2,0.00010233673549464584,3959
8681065,9,0.00010258170050292392,3960
8N87141,2,0.00010260425938213302,3961
8N27330,4,0.0001026134021060443,3962
8N87265,8,0.00010265484419846871,3963
8887346,5,0.00010291996773048595,3964
8L52535,5,0.00010306430112905218,3965
8N87358,4,0.00010309427023003082,3966
8N06697,14,0.00010312191488992539,3967
8N42210,2,0.00010321819087266704,3968
8M31940,5,0.00010323956871616247,3969
8M71484,13,0.00010329623557936429,3970
8N27067,14,0.00010337035337215639,3971
8N13857,15,0.0001034540846234222,3972
8730461,8,0.00010359661348502414,3973
8N05641,14,0.0001036561950087389,3974
8N73200,15,0.00010366433195940772,3975
8N73698,13,0.00010368776517566403,3976
8943587,2,0.00010390600516529958,3977
8N87762,4,0.00010392274975856708,3978
8N05827,4,0.0001039444881740792,3979
8939031,7,0.00010401600215548257,3980
8N28016,9,0.00010402167913525773,3981
8N14351,15,0.00010407078480056953,3982
8L19540,3,0.00010411262599063775,3983
8N06680,14,0.0001042113428866287,3984
8L52597,6,0.0001042982752323951,3985
8N73928,11,0.0001043630723103206,3986
8934353,7,0.00010440697872127203,3987
8L64513,12,0.00010444937184672654,3988
8732541,8,0.0001044761338562239,3989
8N06776,10,0.00010448289026498969,3990
8N73682,13,0.00010455431970513018,3991
8L19931,10,0.00010457340619041133,3992
8887134,9,0.00010459545990215702,3993
8P14012,8,0.00010459609302415629,3994
8939539,5,0.00010463662397341977,3995
8N14295,15,0.00010464608259042052,3996
8M31938,5,0.00010467421105886388,3997
8N87578,11,0.00010474432525597877,3998
8N87565,11,0.00010478383751433284,3999
8N14935,5,0.00010481045524102228,4000
8L89804,10,0.00010486513701835065,4001
8747979,5,0.00010504842316549912,4002
8L89642,10,0.0001051649439745006,4003
8N73976,12,0.00010519425222810241,4004
8N28060,7,0.00010527818491823382,4005
8168769,5,0.00010531517818890279,4006
8N87843,14,0.00010531735256336106,4007
8M71672,3,0.00010540814048454195,4008
8N87976,13,0.00010543607299950963,4009
8N06292,2,0.00010544837917336736,4010
8681068,9,0.00010556746019574348,4011
8934368,5,0.00010562453599050059,4012
8887283,5,0.00010570043764346337,4013
8N05006,4,0.00010572910226613885,4014
8917961,8,0.0001057633548953163,4015
8P14821,15,0.00010595079174890998,4016
8573156,4,0.00010607765108261447,4017
8P11874,14,0.00010616000770369283,4018
8L89994,3,0.00010617213854402507,4019
8L19549,8,0.00010625891400195542,4020
8934287,7,0.00010641916742315516,4021
8939067,7,0.0001066533376388179,4022
8N06692,14,0.00010676291492472956,4023
8N73982,12,0.00010676363791617405,4024
8M72648,4,0.00010679200636332098,4025
8N73309,15,0.00010686669759252254,4026
8N05533,5,0.00010701055771278334,4027
8800616,5,0.00010710256543688956,4028
8887356,10,0.00010714295331126777,4029
8N28785,15,0.0001072631816398939,4030
8747260,6,0.00010741592173246772,4031
8N72961,13,0.00010744707446974644,4032
8N42126,6,0.00010756929020772077,4033
8732279,1,0.00010763272257463541,4034
8N05825,4,0.00010770508185942163,4035
8L52344,11,0.00010782610752357868,4036
8N05706,4,0.00010783534060010425,4037
8N05130,12,0.00010787960763991578,4038
8P14843,14,0.00010789864086291345,4039
8N05615,14,0.00010796007518365514,4040
8N87883,13,0.00010806410557506752,4041
8P14081,6,0.0001081473878343786,4042
8N73475,11,0.00010830674656858719,4043
8N42923,4,0.00010833141334387619,4044
8N05135,12,0.0001083802619632479,4045
8N87802,14,0.00010843554377970577,4046
8M72017,2,0.00010864523181908226,4047
8N87898,13,0.00010867540989067948,4048
8L89003,14,0.00010890891298132033,4049
8N14581,11,0.00010892871841861052,4050
8N73800,15,0.0001089409054202406,4051
8L89709,4,0.00010894186306842357,4052
8N28683,5,0.00010904285409196746,4053
8N06020,3,0.00010914455492638808,4054
8N42154,9,0.00010932114264505799,4055
8887450,5,0.00010934576572196875,4056
8M31352,5,0.00010937731656213145,4057
8L89669,5,0.00010941018524590618,4058
8P26692,7,0.0001094183980399066,4059
8N13674,13,0.00010953412981962174,4060
8M72327,3,0.00010956060282296676,4061
8N72676,11,0.00010958582507214487,4062
8N73500,12,0.0001096258411052986,4063
8P14262,5,0.0001096423622826137,4064
8N42287,5,0.0001097835030918759,4065
8N05657,13,0.00010989514220227647,4066
8917941,8,0.00010991911779001384,4067
8730943,3,0.00011001885715700155,4068
8N73625,13,0.0001101058197221505,4069
8N06896,11,0.00011018722511835222,4070
8981095,11,0.00011019205629736462,4071
8N73956,12,0.00011019823935498607,4072
8747608,5,0.00011021545469702687,4073
8N27085,14,0.00011027007803932065,4074
8N14164,5,0.00011033270720872679,4075
8N06490,12,0.00011036048437063073,4076
8681060,6,0.00011041338918005295,4077
8L19595,3,0.00011041862825322823,4078
8M31825,12,0.0001105536462659984,4079
8N73633,13,0.00011060822782837931,4080
8P14137,7,0.00011062977034725918,4081
8N06690,14,0.00011068759158661123,4082
8M72617,4,0.00011074024274648764,4083
8P11552,14,0.00011076330162040904,4084
8681081,5,0.0001108086470935632,4085
8L89894,4,0.00011087693313527325,4086
8800424,10,0.00011088085841493012,4087
8L30784,5,0.00011090151781445456,4088
8L52590,7,0.00011090717353212654,4089
8L48459,10,0.00011113578918298117,4090
8M31935,4,0.00011115329149902209,4091
8N06859,11,0.00011132251120216097,4092
8M71120,13,0.00011174696987836796,4093
8N05613,14,0.00011176610564689327,4094
8747288,3,0.00011179325812804564,4095
8N05588,8,0.00011188607436452003,4096
8794353,1,0.00011192618831046275,4097
8N73991,12,0.00011195946609632301,4098
8N14971,7,0.0001120801563788687,4099
8N72674,11,0.00011233336181248887,4100
8N87841,14,0.00011237844518063866,4101
8M31325,4,0.00011243413689498993,4102
8N73227,12,0.00011250341441382261,4103
8N14291,15,0.00011255734676751672,4104
8L30352,7,0.00011256052496833036,4105
8939747,5,0.00011268727121205302,4106
8N73821,5,0.00011276309555796615,4107
8981723,5,0.00011289048195806117,4108
8681477,3,0.00011295886832840552,4109
8N14566,11,0.00011297339479909851,4110
8934380,4,0.00011313076561236812,4111
8N73671,13,0.0001132590950589929,4112
8P11558,14,0.0001132718276153355,4113
8800314,5,0.00011330258200814569,4114
8M72557,11,0.00011349681204819717,4115
8N05258,13,0.00011355114172317826,4116
8M71237,6,0.00011359796890531015,4117
8M72413,13,0.00011360244360503202,4118
8M72037,3,0.00011370347033334838,4119
8681029,5,0.00011392683813937765,4120
8N13859,15,0.00011395340806075183,4121
8L89273,5,0.00011418702160881367,4122
8800303,5,0.00011428221978349029,4123
8N05622,14,0.00011433315472686445,4124
8N13616,14,0.00011458722860879789,4125
8N73186,15,0.00011465312649860948,4126
8N06943,4,0.00011481112028377538,4127
8P14061,4,0.00011483425600999908,4128
8M72317,7,0.0001148521055256424,4129
8857609,9,0.00011496457887005818,4130
8N87065,5,0.00011497458802978144,4131
8N87536,11,0.00011504077381729871,4132
8P14793,4,0.00011520049015700806,4133
8N72915,13,0.00011521847409312613,4134
8P11751,7,0.00011521962555693932,4135
8M72722,5,0.0001152547289393624,4136
8N13496,3,0.00011531371387851763,4137
8N73684,13,0.00011534312716321438,4138
8N87627,15,0.00011548945940376143,4139
8L48742,11,0.00011551100601536746,4140
8N05108,12,0.00011552619662325014,4141
8L26581,6,0.00011563960663352191,4142
8747534,5,0.0001157061030312434,4143
8L19830,5,0.00011573531799058401,4144
8P26528,9,0.00011578218868635304,4145
8N05291,13,0.0001158090047965743,4146
8730437,5,0.00011587938138291065,4147
8L48336,5,0.00011588183247113193,4148
8N05653,11,0.0001158848715476779,4149
8M31928,5,0.00011591485508688493,4150
8N14629,13,0.00011592054056563939,4151
8747100,5,0.00011622672167277415,4152
8N27070,14,0.00011634397878879099,4153
8N73199,15,0.00011643442326203512,4154
8P11572,14,0.00011647303847439616,4155
8917954,2,0.0001164830731568145,4156
8N13685,13,0.00011650723558886966,4157
8N06581,4,0.00011656934213988279,4158
8N28761,4,0.00011659652051321245,4159
8N73695,13,0.00011685567022823307,4160
8L52411,6,0.00011699778451657039,4161
8M72863,4,0.00011705338761203166,4162
8934403,8,0.00011707862176990602,4163
8N06781,4,0.00011710573608070263,4164
8800935,10,0.00011713085831388526,4165
8N87908,13,0.00011713784932254612,4166
8P11326,4,0.00011714345612290344,4167
8N05418,1,0.00011721276223397581,4168
8651786,3,0.00011738984767362126,4169
8L64839,3,0.00011744408084268798,4170
8N06783,5,0.00011745165534193802,4171
8N06878,11,0.00011761720520553354,4172
8N05146,12,0.00011767689659336611,4173
8M31294,5,0.00011783520085373311,4174
8N05112,14,0.0001179988103103824,4175
8943469,2,0.0001180778654088499,4176
8N87342,5,0.00011810033470283088,4177
8N73242,12,0.0001182335087150932,4178
8N72901,13,0.00011831666188300005,4179
8N87630,15,0.00011832386849164322,4180
8N73686,13,0.00011835038048957358,4181
8939101,5,0.00011835496479761787,4182
8L48315,5,0.00011839026410598308,4183
8N72944,13,0.000118458366955565,4184
8N27964,1,0.00011853239300307905,4185
8P14173,1,0.00011853297314701194,4186
8N05628,14,0.00011854976082759094,4187
8681331,7,0.00011860010675945887,4188
8L64856,3,0.00011861695122661331,4189
8981280,5,0.00011890086500443431,4190
8N72945,13,0.00011900398362740816,4191
8P14870,14,0.0001190155165033957,4192
8N87879,13,0.00011905532687706,4193
8N06508,4,0.0001191329820358078,4194
8P11574,14,0.00011913395206875066,4195
8M71351,12,0.00011914072348417903,4196
8N14675,13,0.00011916640869458206,4197
8L19992,4,0.00011919266398763284,4198
8939340,7,0.00011921771076117693,4199
8N42438,14,0.00011944109064643271,4200
8N42262,4,0.00011948524529969973,4201
8N73612,14,0.0001194963878958788,4202
8N14296,15,0.00011951397573284339,4203
8L89394,4,0.00011952962597661099,4204
8N06570,4,0.00011954202227570931,4205
8939076,5,0.00011960346458295135,4206
8573606,5,0.00011965179396611347,4207
8651875,5,0.00011982829607859458,4208
8N42517,5,0.00011984903551365278,4209
8747672,9,0.00011993082966910151,4210
8L64466,13,0.00012005701034922822,4211
8P11535,15,0.00012008477079916702,4212
8N73478,11,0.00012047866414377495,4213
8904440,11,0.00012054886860823899,4214
8732247,4,0.00012055281424494524,4215
8N05296,13,0.00012059732605962381,4216
8N27030,14,0.00012060272030112174,4217
8M71378,12,0.00012071468461272161,4218
8M31936,4,0.0001207345303591012,4219
8P14864,15,0.00012089444447838105,4220
8N87556,11,0.00012094519445327023,4221
8L52338,12,0.00012100182957652805,4222
8P14561,8,0.00012105916425753094,4223
8800146,9,0.00012106516084031682,4224
8P14741,8,0.00012111639574641231,4225
8P14648,2,0.0001211168025747611,4226
8N06849,11,0.00012115526675415822,4227
8P11549,14,0.00012120488628397652,4228
8981147,11,0.00012131375001445122,4229
8M72265,8,0.00012134250255257939,4230
8N73685,13,0.00012136270811424765,4231
8M72575,11,0.00012145025164045364,4232
8N14594,11,0.00012152331942161254,4233
8L19825,4,0.00012154257387919642,4234
8N73606,14,0.00012162532357251621,4235
8N72912,13,0.00012163983262780675,4236
8N05883,11,0.00012166419696768571,4237
8N05171,12,0.00012169974974085562,4238
8N42086,2,0.00012173982895546942,4239
8747026,2,0.0001218119783743532,4240
8N06850,11,0.00012182184048015188,4241
8M31583,5,0.00012186050378204527,4242
8800060,4,0.00012187032973542955,4243
8N05569,8,0.00012206740200326749,4244
8N87825,14,0.00012217305356898578,4245
8L52209,4,0.00012226363762124492,4246
8N06917,5,0.00012229421645315597,4247
8939890,9,0.00012229492097048933,4248
8N14005,6,0.00012231452373612228,4249
8N14966,7,0.00012258948149224125,4250
8L89562,12,0.0001229689524961941,4251
8N06559,4,0.00012309445122582474,4252
8L52552,4,0.00012315571086674026,4253
8P14171,5,0.00012321638200774032,4254
8L52352,11,0.00012324405065555766,4255
8732691,5,0.00012339967042862554,4256
8732294,5,0.00012340703210611537,4257
8981733,5,0.00012361312644770805,4258
8N73431,11,0.00012364313982970998,4259
8M31269,8,0.0001236480470083734,4260
8681479,3,0.00012364955773591646,4261
8L30809,3,0.00012381126936134024,4262
8N13849,15,0.00012389603296014684,4263
8730413,4,0.00012392261191962461,4264
8L48780,11,0.00012409725059114862,4265
8P14962,14,0.00012410750287017436,4266
8N13691,13,0.00012414985778264054,4267
8N28288,7,0.00012419974643762544,4268
8747258,6,0.0001242230134721467,4269
8N73229,12,0.00012426152056832507,4270
8N05602,14,0.0001242958262537286,4271
8309190,4,0.00012439013539733423,4272
8L52390,11,0.00012445814866168803,4273
8939392,6,0.00012452150136255113,4274
8981096,11,0.00012456046829356637,4275
8N14544,11,0.00012480099991307725,4276
8P14979,14,0.00012486651417020767,4277
8N05126,12,0.00012499505101004615,4278
8M71452,13,0.0001250191696726688,4279
8L52343,11,0.00012510735325577116,4280
8N14113,5,0.00012513355250121094,4281
8P14717,5,0.00012519583469838835,4282
8747809,4,0.00012536564372567227,4283
8N14571,11,0.00012552358032280608,4284
8N73519,5,0.00012567513158501242,4285
8N14626,13,0.00012568193430695374,4286
8934219,4,0.000125757953583161,4287
8N87917,13,0.00012576627023008768,4288
8816918,5,0.0001258661388874316,4289
8732690,5,0.00012588140418756666,4290
8939705,6,0.0001259305385872267,4291
8N87579,11,0.00012605036452839613,4292
8M31602,5,0.00012610355202014034,4293
8N28687,5,0.00012619777976397017,4294
8747796,9,0.00012620844465516257,4295
8M72694,14,0.00012623603973338504,4296
8943484,2,0.00012628672971004562,4297
8L64824,2,0.00012632373801579888,4298
8M71505,10,0.0001263451408703986,4299
8681466,5,0.00012637985952324016,4300
8N42733,4,0.00012646295726881362,4301
8N27092,14,0.00012672749994635524,4302
8N87593,11,0.0001270955310701538,4303
8N27917,5,0.00012715805360130616,4304
8732650,5,0.00012720564939172618,4305
8N72642,2,0.00012732650338875828,4306
8N73449,11,0.00012733387214325376,4307
8651882,4,0.00012736715825667488,4308
8L89457,10,0.00012740382294396113,4309
8681355,5,0.00012740887837026094,4310
8N05364,15,0.00012741580053443613,4311
8N14007,6,0.0001274697264364022,4312
8N14984,6,0.00012748358824410388,4313
8866779,1,0.00012750907808367629,4314
8118424,6,0.0001278564217841449,4315
8N73196,15,0.00012785719559360587,4316
8747117,6,0.00012789519917077996,4317
8N87821,14,0.00012797203567060933,4318
8P11517,14,0.00012798884654330323,4319
8P14842,14,0.0001280851539604555,4320
8L19578,8,0.00012828132571485185,4321
8N27117,7,0.00012833229033049065,4322
8N14212,7,0.00012838388249747368,4323
8N05750,4,0.00012842544288105273,4324
8N73012,4,0.00012848875257986947,4325
8N05164,12,0.00012850904596461987,4326
8N87532,11,0.00012858900868195633,4327
8730922,3,0.0001286039120032001,4328
8N05277,13,0.00012887537332062493,4329
8L89652,5,0.0001288875419049873,4330
8N06928,4,0.0001289075302679521,4331
8N13604,14,0.00012898224747459608,4332
8800404,5,0.0001290117307348737,4333
8N13419,2,0.00012901634454465238,4334
8N73964,12,0.00012910770510643488,4335
8887277,5,0.00012927256666728226,4336
8L48754,11,0.00012936349457959295,4337
8N05630,14,0.00012941740180849592,4338
8N87830,14,0.00012941836939717177,4339
8981253,5,0.00012952482283878908,4340
8N05168,12,0.0001297496664847131,4341
8N28787,15,0.0001298144838983717,4342
8730952,3,0.00012997490739508066,4343
8L30451,6,0.00013001261459066882,4344
8309288,5,0.00013004660195292672,4345
8934028,6,0.00013028171795781418,4346
8800181,6,0.00013040710848599701,4347
8P11585,4,0.00013042636783211492,4348
8N14690,13,0.00013052525002876791,4349
8M31084,2,0.0001308096399839087,4350
8P14060,4,0.00013088479973077938,4351
8N72921,13,0.0001308878780150735,4352
8N14691,13,0.00013097947612550342,4353
8N72907,13,0.00013106743017488043,4354
8800095,6,0.00013108113421367307,4355
8N72956,13,0.00013129068065609317,4356
8N87905,13,0.00013150764516467461,4357
8M31706,4,0.00013155247188478825,4358
8L30449,4,0.00013159625177650014,4359
8L89030,8,0.0001316290090471739,4360
8939369,7,0.00013174084337874703,4361
8887035,2,0.00013191403778023414,4362
8M31468,5,0.00013194864732213318,4363
8M72113,9,0.00013204826302626316,4364
8N72268,7,0.00013206082610395242,4365
8N06916,5,0.00013209997052854305,4366
8N73302,15,0.00013213186497296192,4367
8N28783,5,0.00013213573583925609,4368
8M72309,8,0.00013235095508434824,4369
8N27697,4,0.000132366493119207,4370
8L48598,2,0.00013241625707394178,4371
8N05572,2,0.0001325177820206136,4372
8800478,4,0.00013254645858751246,4373
8N05648,11,0.00013254771204174176,4374
8732220,9,0.0001325499324593693,4375
8L48761,11,0.0001326071459288869,4376
8N13949,4,0.00013265724635402876,4377
8P15000,15,0.0001327781396867067,4378
8N06485,12,0.0001328679179177783,4379
8N27315,5,0.00013296440008048194,4380
8P14658,2,0.00013310271720001765,4381
8168636,5,0.00013325914051875998,4382
8939534,5,0.00013334688810573425,4383
8P14111,5,0.00013348624349873717,4384
8N13675,13,0.00013348876746022142,4385
8N87813,14,0.00013362211541334545,4386
8N13930,5,0.00013365897279982164,4387
8939746,5,0.0001336848481372499,4388
8M71306,6,0.00013370152191782836,4389
8N13948,4,0.00013377049288010312,4390
8934402,8,0.00013381171868331876,4391
8747375,3,0.0001338856307881997,4392
8747737,9,0.00013402114990412883,4393
8N06296,9,0.0001342416514944489,4394
8P26412,5,0.00013432552441372536,4395
8N87516,11,0.00013434140339541045,4396
8N14975,7,0.0001344655194088773,4397
8M72446,13,0.00013451014422116714,4398
8N73440,11,0.0001345608247902419,4399
8N42229,3,0.0001346081924111786,4400
8747549,10,0.00013469873596250181,4401
8M72644,4,0.00013474753451703236,4402
8L48759,11,0.00013485989984474145,4403
8N73635,13,0.00013492881113563726,4404
8981273,5,0.00013495409166353056,4405
8934514,2,0.00013506214986591658,4406
8L89641,4,0.00013511792263898315,4407
8L52909,2,0.00013524505661166586,4408
8N73724,14,0.00013534540198634204,4409
8N87562,11,0.00013536480986431343,4410
8N87387,5,0.0001353689483494236,4411
8N06495,12,0.00013549268913948254,4412
8N13418,2,0.00013551349547924474,4413
8L48735,11,0.00013555452267155488,4414
8N73641,13,0.0001357182109131827,4415
8P14927,14,0.00013572161917352332,4416
8L48476,4,0.0001358144855885257,4417
8N06941,4,0.00013614385238724935,4418
8N72954,13,0.00013618025960759894,4419
8N42498,14,0.00013628969703560756,4420
8N87852,14,0.00013642988460560446,4421
8118432,4,0.00013652839288624818,4422
8N13625,14,0.00013684176565220696,4423
8N73483,11,0.00013684521246659642,4424
8943735,5,0.00013692437005374813,4425
8N87853,14,0.00013694112101347855,4426
8L30780,4,0.00013711187762055488,4427
8M31503,4,0.00013717800845824968,4428
8N14596,11,0.00013719739877160464,4429
8N73486,11,0.00013722763659984594,4430
8981195,12,0.0001372734224105443,4431
8L64291,10,0.00013727914745231828,4432
8887496,7,0.00013741345807716243,4433
8N05083,6,0.00013775317984254798,4434
8L52389,11,0.0001379186601297988,4435
8M31360,5,0.0001379226790731991,4436
8M72602,5,0.00013808753971034093,4437
8939899,5,0.0001381221818519407,4438
8P11768,8,0.00013812954318837,4439
8M72678,5,0.00013813707732523994,4440
8934364,5,0.00013819510053281192,4441
8N73194,15,0.00013834249216415628,4442
8L52943,6,0.00013837906044500414,4443
8N14341,15,0.0001385287292805515,4444
8N87944,13,0.00013853844006916916,4445
8N73637,13,0.00013858917954490124,4446
8M72326,3,0.0001386130950891129,4447
8L64996,10,0.00013865817618352594,4448
8L89770,13,0.00013873055695512448,4449
8681132,5,0.0001388218548754594,4450
8N27325,4,0.0001388249208957859,4451
8N72795,4,0.00013882855000701966,4452
8L30168,12,0.00013885280117165166,4453
8P11789,2,0.00013899549469442718,4454
8939373,7,0.0001390453080603038,4455
8730448,1,0.00013910120577520502,4456
8N06347,4,0.00013941199040345964,4457
8N27075,14,0.00013946865840352984,4458
8747675,9,0.00013951849342674905,4459
8537612,4,0.00013962518922028266,4460
8168650,5,0.00013965427672246733,4461
8309128,5,0.00013972547026241955,4462
8747504,7,0.00013975981482872157,4463
8N73930,12,0.0001397695218656736,4464
8P14191,5,0.0001397935096179026,4465
8N13073,14,0.00013980915224465207,4466
8N06464,12,0.00013982276777824154,4467
8794367,4,0.0001399245416564554,4468
8N87527,11,0.00013995407383049496,4469
8939860,8,0.00013995984249959292,4470
8747222,5,0.0001400118386527538,4471
8L52932,4,0.00014001228225879458,4472
8800023,5,0.00014020597001263013,4473
8M71596,4,0.00014035719846106076,4474
8N87069,4,0.0001406029166304279,4475
8L89646,6,0.00014064924721424177,4476
8L89644,6,0.000140736099467631,4477
8N05242,13,0.00014075901106025412,4478
8N14290,15,0.00014084287100502024,4479
8732598,7,0.00014089292540120368,4480
8P14869,14,0.00014096606832936232,4481
8939819,2,0.00014099504807063568,4482
8N72716,4,0.000141038491733525,4483
8L64210,6,0.00014116533441210777,4484
8L52315,12,0.0001411670460811365,4485
8981831,7,0.0001412640958733391,4486
8N72738,4,0.00014131166471997858,4487
8M71765,3,0.0001413883392160642,4488
8747760,5,0.00014139938745927338,4489
8309254,5,0.0001414166822542029,4490
8N06432,9,0.0001414345342851675,4491
8N27248,6,0.00014143806291144756,4492
8866791,5,0.00014148210266284877,4493
8800698,9,0.00014148929567170399,4494
8L64895,11,0.0001415662590034117,4495
8N14593,11,0.00014163414653012296,4496
8N05133,12,0.00014169550462383995,4497
8800331,9,0.00014177044272400963,4498
8L89374,5,0.00014180691937326628,4499
8N06727,4,0.00014181327088635953,4500
8L30783,5,0.00014187157216838386,4501
8N73425,6,0.00014197699431406363,4502
8651870,5,0.00014207648575847998,4503
8747554,5,0.0001421613108902875,4504
8L89324,5,0.00014226374378267792,4505
8N13602,14,0.0001424699647145644,4506
8N73097,5,0.00014249009566924542,4507
8N05230,12,0.00014252518747071008,4508
8L89992,2,0.0001425534612167212,4509
8N87945,13,0.00014258053761295741,4510
8N05269,13,0.00014275952207754017,4511
8N87827,14,0.0001430141652463135,4512
8N87539,11,0.00014304187573088711,4513
8981208,12,0.00014310666190198162,4514
8309165,10,0.00014324533367471304,4515
8N05627,14,0.00014332173714137753,4516
8N73666,13,0.00014335794458020246,4517
8M71380,12,0.00014344602709570609,4518
8N06885,11,0.0001436967912011866,4519
8N06674,14,0.00014388249076091597,4520
8L30372,2,0.0001439761953179186,4521
8N87844,14,0.00014408889433070726,4522
8N73529,4,0.0001443593173462432,4523
8651695,5,0.00014470579623093727,4524
8P14811,15,0.00014505848514545505,4525
8866658,8,0.00014517032082039805,4526
8800177,6,0.00014552323307270854,4527
8P11634,2,0.0001455960066039097,4528
8M71442,12,0.00014572125064660213,4529
8N73993,12,0.00014574550255019858,4530
8866773,10,0.0001457483347166999,4531
8N14552,11,0.00014582038278376785,4532
8L89640,5,0.00014590836232741822,4533
8N05009,4,0.0001459168197470717,4534
8800614,5,0.00014627129712607712,4535
8L30766,12,0.00014648303499598114,4536
8L89613,4,0.00014663777517398557,4537
8N87847,14,0.0001466559112941468,4538
8857274,10,0.00014675104046091292,4539
8N14758,2,0.00014680090771435061,4540
8887221,4,0.00014688967081610826,4541
8N72066,2,0.00014726497533956717,4542
8M71819,6,0.0001472831202704583,4543
8M31516,1,0.0001473012526673756,4544
8N28926,9,0.00014733240334408038,4545
8747273,2,0.0001475261512950965,4546
8N28713,7,0.00014765179423648078,4547
8N05438,6,0.00014765827461005188,4548
8L64015,11,0.00014771801124879858,4549
8L48744,11,0.0001479367795127473,4550
8P26697,7,0.0001479742875858392,4551
8P14958,14,0.00014805136424911325,4552
8N05868,11,0.00014814143787589273,4553
8N87816,14,0.00014826288543190458,4554
8747520,5,0.000148336485267464,4555
8943597,8,0.00014836089837899635,4556
8N42637,5,0.0001484839800127702,4557
8N27344,4,0.0001485260540903255,4558
8M71256,5,0.00014861142767585989,4559
8866745,4,0.0001486966424977254,4560
8L52392,12,0.00014906006390447146,4561
8N73244,14,0.00014907985610079777,4562
8730553,3,0.00014923517179710188,4563
8N87924,13,0.00014931008308849414,4564
8732680,4,0.0001494250928431029,4565
8N87756,4,0.00014945663059504066,4566
8N05109,12,0.00014953091249481076,4567
8N05271,13,0.00014953095273995132,4568
8L48455,5,0.00014956785128106276,4569
8939029,7,0.00014966179378461675,4570
8934339,10,0.0001497733496762521,4571
8N73507,4,0.00014996585332482937,4572
8887210,4,0.00015012566603900268,4573
8N42697,5,0.00015054837776062868,4574
8887349,5,0.00015063469164999788,4575
8800178,6,0.00015090100870907008,4576
8N13968,6,0.00015116243014290376,4577
8L89298,10,0.00015119043059996784,4578
8651658,6,0.0001512104492888966,4579
8N73223,12,0.00015135687567635614,4580
8M72897,6,0.00015143396640837636,4581
8L30416,8,0.0001515573275554516,4582
8747699,5,0.00015164877186180092,4583
8M31255,8,0.00015177291925283498,4584
8M72700,14,0.00015182792132861778,4585
8N05140,12,0.0001520614888477212,4586
8N72669,4,0.00015229654059112363,4587
8N87940,13,0.00015236789135997242,4588
8N72130,9,0.00015239540721267986,4589
8N27053,14,0.00015258122630257276,4590
8L89548,12,0.00015261269820854295,4591
8N73694,13,0.00015264599909414756,4592
8N28848,5,0.00015266785999301646,4593
8681056,6,0.00015267445179034667,4594
8800075,5,0.00015267909350313857,4595
8L52330,12,0.00015278760486125975,4596
8732552,6,0.00015282842251451711,4597
8732503,8,0.00015283248308151087,4598
8P11519,14,0.00015299045003303036,4599
8N27476,2,0.0001530847736148644,4600
8M72272,2,0.00015316687938593532,4601
8732696,4,0.00015330467101648537,4602
8P26650,8,0.00015331840296539667,4603
8N72690,11,0.0001533802690119046,4604
8N13951,4,0.0001534804478069418,4605
8N87774,5,0.00015352244099631207,4606
8N13676,13,0.0001535466277573505,4607
8N27981,10,0.00015360108636741643,4608
8N14650,13,0.000153608903588065,4609
8939038,4,0.00015371410404441121,4610
8939052,5,0.00015388391048531957,4611
8934267,7,0.000153955503378711,4612
8N87819,14,0.000154063589363318,4613
8M31522,1,0.00015409597699544975,4614
8L26591,5,0.00015423093100253027,4615
8N87572,11,0.00015427422897573706,4616
8N14348,15,0.00015456425091997517,4617
8N72510,6,0.00015463605106447176,4618
8N87555,11,0.00015464363110595514,4619
8N05103,12,0.0001549964088667366,4620
8L52534,5,0.0001550564086301165,4621
8N06831,11,0.00015506656610853042,4622
8L48768,11,0.00015572662914564717,4623
8598602,6,0.0001558577284868079,4624
8N73185,15,0.00015610898213935798,4625
8N13931,5,0.00015614398216712289,4626
8N14901,5,0.00015614945343145337,4627
8747875,1,0.00015627182673938478,4628
8N05679,15,0.00015639621233276557,4629
8732667,2,0.00015678896488680039,4630
8N73946,12,0.00015683906130448122,4631
8N42717,5,0.0001569885077969957,4632
8N72936,13,0.0001570985937178193,4633
8747588,2,0.00015724675293427026,4634
8M71460,13,0.000157294194792712,4635
8887368,5,0.00015747691034562195,4636
8M71735,3,0.00015751786460782569,4637
8N06037,2,0.00015786173889864585,4638
8N87833,14,0.0001579458049150162,4639
8887440,5,0.00015803701762706623,4640
8M31622,4,0.00015823696617189853,4641
8N42033,8,0.00015833620500416146,4642
8747868,7,0.00015838229978726304,4643
8L64184,11,0.00015841713957343018,4644
8168606,10,0.00015849651742882997,4645
8M31865,6,0.0001585309123584011,4646
8N87115,4,0.00015870813396645644,4647
8M31551,6,0.00015874637938395608,4648
8N05300,13,0.00015874927112236037,4649
8943345,11,0.00015878070598773775,4650
8904661,2,0.0001590422973549721,4651
8681054,4,0.0001590466879335395,4652
8P26195,5,0.0001594208495134808,4653
8M71141,13,0.00015986887046892662,4654
8N72908,13,0.00015990022041023622,4655
8747799,4,0.0001599534549541204,4656
8L48746,11,0.00016008360194064153,4657
8L64433,13,0.00016013139838833013,4658
8M71674,3,0.00016046196947172575,4659
8730444,1,0.00016048255406531098,4660
8917801,2,0.0001605623780562837,4661
8N42191,2,0.00016059120287081896,4662
8N42519,5,0.00016062398253779975,4663
8L30899,11,0.00016064293743056623,4664
8N73487,11,0.0001607785127362149,4665
8M71060,5,0.00016082236879810807,4666
8P14144,5,0.00016095522994419298,4667
8681063,9,0.0001610382732906146,4668
8934559,4,0.0001611586915259977,4669
8N05643,14,0.00016118928340347338,4670
8N14577,11,0.00016123033924486663,4671
8N14350,15,0.0001616579946528418,4672
8747759,4,0.0001618201165456412,4673
8N06671,14,0.00016184034853949925,4674
8N73941,12,0.0001618924618469464,4675
8N06371,5,0.00016205088684273505,4676
8N73447,11,0.0001621262106255017,4677
8887352,5,0.00016222747547089966,4678
8N14910,5,0.00016239966319631094,4679
8939874,2,0.00016255162586276128,4680
8N05859,11,0.00016305582971654076,4681
8N73407,4,0.00016306885981975938,4682
8681001,4,0.00016309413251747173,4683
8887238,1,0.00016310717137457686,4684
8N14584,11,0.00016311081935782568,4685
8N06976,4,0.00016315517279963387,4686
8800574,5,0.00016325620890711434,4687
8N13861,15,0.00016329182656704688,4688
8N27177,5,0.00016332714017153194,4689
8N72825,14,0.00016332876316482725,4690
8L89430,5,0.00016358847915398655,4691
8L52372,11,0.00016363547365472186,4692
8L89526,4,0.0001637685200961414,4693
8L52950,5,0.00016378485815948807,4694
8N73446,11,0.0001638528160583519,4695
8L48781,11,0.00016392499492212664,4696
8P14866,15,0.0001639455385884503,4697
8L64215,5,0.0001640910780906779,4698
8N13684,13,0.00016415027528893233,4699
8N72946,13,0.00016417490178355365,4700
8L49910,5,0.00016425080440285456,4701
8934095,4,0.00016444803827653232,4702
8P14955,14,0.00016478931058827584,4703
8N73564,6,0.0001648436466439307,4704
8N05189,13,0.0001649754466370723,4705
8P14514,2,0.0001651002716016592,4706
8N13854,15,0.00016514483581886452,4707
8N05233,12,0.0001651507757287618,4708
8M72877,5,0.00016559420043904538,4709
8N73505,5,0.00016565458918194054,4710
8N14622,13,0.00016567524642141507,4711
8N14619,13,0.00016571845571888844,4712
8P14402,1,0.00016579754787926504,4713
8N73665,13,0.00016580828219048271,4714
8N72353,4,0.00016580935073307046,4715
8N05231,12,0.00016584148629306128,4716
8732700,4,0.00016587149207225593,4717
8N28528,9,0.0001659358015331236,4718
8N28003,2,0.0001659697690001849,4719
8730548,3,0.000166121780694084,4720
8934329,5,0.0001662706440583861,4721
8M71673,3,0.00016631864491500892,4722
8L48763,11,0.0001663220666188181,4723
8N06890,11,0.00016633827755185848,4724
8N27090,14,0.00016646128187858267,4725
8981025,5,0.00016647639631628408,4726
8N73528,4,0.0001664936105498782,4727
8N06698,14,0.00016653192164994834,4728
8M71486,13,0.00016676935911164037,4729
8N73238,12,0.0001667929213908792,4730
8N28254,7,0.00016685043863162718,4731
8N28853,5,0.00016685622017575952,4732
8N72804,14,0.00016696767170287785,4733
8N13681,13,0.00016707622808098677,4734
8N05259,13,0.00016709111932300402,4735
8L89650,4,0.00016752833624877894,4736
8M31548,6,0.0001676131443559825,4737
8747698,4,0.0001676176460705392,4738
8N73245,14,0.0001678568878560327,4739
8P11550,14,0.00016785863238055754,4740
8N06874,11,0.00016827315084810834,4741
8L19969,5,0.0001683581717202287,4742
8N73977,12,0.0001685481184949822,4743
8943082,4,0.00016867681812016144,4744
8M71125,13,0.00016869668615981936,4745
8M71290,6,0.00016874761013241368,4746
8P14075,5,0.00016890968913685356,4747
8N06462,12,0.0001690681064161481,4748
8N42264,6,0.00016928168088270468,4749
8M31838,1,0.00016959880463218724,4750
8N72483,2,0.00016984916442197573,4751
8651543,4,0.000169962505424337,4752
8M72882,4,0.00017006651160045294,4753
8800371,4,0.00017009100622544793,4754
8N73662,13,0.0001703504231613806,4755
8L89692,5,0.00017037617180903908,4756
8N87962,13,0.0001704216787459245,4757
8981803,6,0.00017049978509930952,4758
8939368,7,0.00017056056640285533,4759
8N87823,14,0.00017099818728638638,4760
8N73639,13,0.00017124111468547198,4761
8857946,3,0.00017142215193644006,4762
8N14516,11,0.00017149288510154292,4763
8P26537,9,0.00017154459806079103,4764
8N87617,15,0.000171793255844932,4765
8981944,2,0.00017197938734625495,4766
8P14977,14,0.00017213050989539624,4767
8P14472,5,0.0001721790430906367,4768
8N42501,5,0.00017231580795851187,4769
8L30760,11,0.0001723525858778885,4770
8N72670,4,0.0001725014101339184,4771
8L52574,10,0.0001727416404264659,4772
8N06999,6,0.00017294088502239902,4773
8939684,11,0.00017294174807602758,4774
8651512,3,0.00017323505312560883,4775
8N13612,14,0.0001733088411128847,4776
8P14996,14,0.0001734319126853734,4777
8800497,4,0.00017348701157970936,4778
8N73451,11,0.00017352575287077343,4779
8N87530,11,0.00017353613105797194,4780
8N05494,6,0.00017360199297655754,4781
8816947,4,0.00017374194243302554,4782
8L52404,6,0.0001737780209509765,4783
8N06186,3,0.00017382178202751675,4784
8N13667,13,0.00017387338289154286,4785
8L52393,12,0.00017415334934867133,4786
8N73657,13,0.00017415960610378534,4787
8L30633,12,0.0001743551389381537,4788
8P14860,14,0.00017438680663417472,4789
8943473,3,0.00017442536454836954,4790
8N05881,11,0.00017455458646509214,4791
8917944,8,0.00017469434237682435,4792
8L48755,11,0.00017470632633376226,4793
8N87709,6,0.00017483735473433626,4794
8M71299,6,0.0001749247974203172,4795
8N87935,13,0.00017492931419837987,4796
8M72806,4,0.00017498515543934445,4797
8681486,2,0.00017518593972454255,4798
8N13455,11,0.00017523518829420937,4799
8N72932,13,0.00017529694650875172,4800
8N05661,13,0.00017529895080770075,4801
8730509,5,0.0001753068900143262,4802
8981009,5,0.0001753830831603409,4803
8N06471,12,0.0001754427303239936,4804
8L89436,5,0.00017556445607169735,4805
8N14343,15,0.00017561580591518577,4806
8L57821,9,0.00017573525667557988,4807
8M72878,5,0.00017582355269496475,4808
8M72016,2,0.00017591712719422503,4809
8N27122,7,0.00017605587373736853,4810
8N13974,5,0.00017605640491069607,4811
8N87969,13,0.00017640108092109585,4812
8N05699,15,0.00017642315765442618,4813
8N73402,4,0.0001768944090017044,4814
8N87273,8,0.00017697276473427337,4815
8N73465,11,0.00017699696672934806,4816
8887462,1,0.00017707780637010728,4817
8P26917,15,0.0001770908834259899,4818
8N14010,4,0.00017725316229189048,4819
8N87851,14,0.00017752459007169819,4820
8L64055,11,0.00017786162516131299,4821
8L64872,11,0.00017818773346789385,4822
8N13651,14,0.0001781974161758626,4823
8L19835,5,0.00017825946042648866,4824
8M31872,5,0.00017826655277985992,4825
8309298,4,0.00017830401515084304,4826
8N28460,2,0.00017832914593185478,4827
8N05149,12,0.00017845915726866224,4828
8168638,5,0.00017873600353368602,4829
8730453,5,0.00017878679352634208,4830
8800046,5,0.00017886751948026358,4831
8L48310,5,0.00017887017631323943,4832
8L30059,13,0.00017914930663209816,4833
8N72934,13,0.00017915439548232825,4834
8N73624,13,0.00017929192108567804,4835
8N27959,5,0.00017963929690267832,4836
8414806,5,0.00017965072817105465,4837
8M31035,3,0.00017969350210478297,4838
8887202,4,0.00017969944525475512,4839
8816919,6,0.00017985514477913966,4840
8M72036,3,0.00017999087631892507,4841
8N14052,4,0.0001800977172479179,4842
8N05895,11,0.00018013107933256833,4843
8N73642,13,0.00018044650710180576,4844
8N14604,13,0.0001805120998028542,4845
8P11566,14,0.00018068374549784494,4846
8M72593,11,0.00018076990009774363,4847
8N73998,14,0.000181175129625899,4848
8N42649,7,0.0001812890256189803,4849
8L64372,3,0.00018139596818400605,4850
8651804,4,0.0001815452569644549,4851
8N14533,11,0.000181546205453742,4852
8N05142,12,0.0001817387809524007,4853
8939578,5,0.00018203386196091742,4854
8L89486,11,0.0001821181297145813,4855
8981180,11,0.00018214924511994468,4856
8981325,6,0.0001822477292989788,4857
8N73927,11,0.00018229630495625315,4858
8N06887,14,0.0001825107102746415,4859
8M72752,1,0.00018253915538934962,4860
8N87371,4,0.00018262291695236854,4861
8N27934,5,0.00018270558416588756,4862
8N28681,5,0.0001827211456202349,4863
8943429,2,0.00018275212505614036,4864
8L89376,5,0.00018294796814188885,4865
8943263,11,0.00018304864619267391,4866
8981708,5,0.00018319931984933646,4867
8N14188,5,0.00018344713180340477,4868
8732671,7,0.00018369425049513666,4869
8939158,5,0.00018371019085350326,4870
8651942,7,0.00018381154382041132,4871
8P14664,2,0.00018400848887267784,4872
8N42143,2,0.00018409453150525223,4873
8N73241,12,0.00018426400856697,4874
8L64560,12,0.00018435412607686885,4875
8P26748,7,0.00018438379292717855,4876
8N72575,4,0.00018442019387521214,4877
8904733,12,0.00018446795028381757,4878
8681290,7,0.00018453887014402426,4879
8939629,5,0.00018461526823898566,4880
8M71328,11,0.00018476877676221193,4881
8L19930,10,0.0001850142803050403,4882
8981274,5,0.00018544219574323506,4883
8N73901,11,0.00018546051683188125,4884
8887272,7,0.00018552156370787998,4885
8L64202,4,0.00018564103356766282,4886
8M72245,2,0.0001858696517729186,4887
8L89299,10,0.00018590498609682982,4888
8N73184,15,0.00018599326261892202,4889
8800029,4,0.00018624502399688936,4890
8L52345,11,0.0001862842056965519,4891
8N87313,5,0.0001863740687895188,4892
8N42063,9,0.00018663157950982168,4893
8943475,2,0.0001866481026127076,4894
8N05896,11,0.00018723128584952065,4895
8800417,5,0.0001872348682354641,4896
8747738,7,0.00018739609163276327,4897
8939151,4,0.00018772301604030872,4898
8L57814,2,0.00018783879625061672,4899
8N14931,5,0.00018787833101896467,4900
8N14645,13,0.00018788746820064262,4901
8N72677,11,0.00018799638110067463,4902
8N05624,14,0.0001881122145732661,4903
8917812,8,0.00018829307113321647,4904
8L30090,13,0.0001883333483192473,4905
8L30757,11,0.00018836753099549242,4906
8651548,4,0.00018837953030015342,4907
8N14689,13,0.00018842047433054177,4908
8N72952,13,0.00018846664124794188,4909
8L30162,12,0.0001884764437818376,4910
8747590,2,0.00018853266510632238,4911
8L89366,5,0.0001887987309601158,4912
8L57988,13,0.00018893781759743433,4913
8L89358,4,0.00018906757895820192,4914
8N13116,14,0.00018914493648480857,4915
8L89211,5,0.00018921850232800352,4916
8N72496,2,0.0001894801750950137,4917
8N87973,13,0.00018948513729810657,4918
8N05273,13,0.0001897247898980936,4919
8M72749,1,0.0001899213111755671,4920
8N73230,12,0.00019005433614438516,4921
8904640,7,0.00019061139391851611,4922
8N73950,12,0.00019083748813386592,4923
8857730,5,0.00019085439487298572,4924
8P11429,1,0.00019091516242042417,4925
8N27581,5,0.00019100485860690242,4926
8730902,6,0.00019117713577543327,4927
8939164,6,0.00019120575802844542,4928
8L48478,4,0.00019139153073410853,4929
8N06893,11,0.00019162388832683064,4930
8L52619,3,0.00019167480695614358,4931
8M72960,4,0.00019178971115252352,4932
8981277,5,0.00019189656916296371,4933
8N28499,2,0.0001919555872973433,4934
8943113,7,0.00019205378339393064,4935
8N13630,14,0.00019205466173843888,4936
8L89507,5,0.00019206258929216347,4937
8681037,5,0.00019208628276601303,4938
8P11070,2,0.00019257023370755633,4939
8P14874,14,0.00019275683553132694,4940
8M72568,11,0.00019284567383692774,4941
8N06699,14,0.00019318653107802675,4942
8L19693,2,0.0001933061212184839,4943
8934225,4,0.00019331009332290705,4944
8N06394,4,0.00019333278297750667,4945
8939093,10,0.00019352938670635922,4946
8L52202,5,0.00019361136901352438,4947
8N28148,2,0.00019369184843753828,4948
8747223,5,0.00019381631022952206,4949
8747114,6,0.00019417269686528016,4950
8L19920,5,0.00019417411760969117,4951
8747720,5,0.00019428064649673615,4952
8N05200,13,0.00019436967016872586,4953
8747294,9,0.0001946173945270857,4954
8L52205,8,0.00019467787882376797,4955
8N73470,11,0.00019488072312867644,4956
8800376,4,0.00019494472707037858,4957
8681247,3,0.00019496818970310414,4958
8L30696,12,0.0001949813117789745,4959
8N73243,14,0.00019503755993355298,4960
8P14970,14,0.0001951297517734929,4961
8N05226,12,0.00019515008057169325,4962
8N87858,14,0.0001953661042080057,4963
8L64271,5,0.00019537801586011483,4964
8N13983,5,0.000195382053107096,4965
8309277,5,0.0001954612944246037,4966
8943802,10,0.0001954718856609361,4967
8887305,7,0.00019559398992896604,4968
8681336,7,0.00019639196091247868,4969
8N05166,12,0.00019652341416076524,4970
8N87632,15,0.00019658482506201835,4971
8N06867,11,0.00019698417722224804,4972
8732505,8,0.0001970533079145298,4973
8L52954,5,0.0001973465049331935,4974
8L48440,5,0.00019743635084523703,4975
8309164,10,0.00019746365387618425,4976
8N28541,9,0.00019747311239370902,4977
8L64288,10,0.00019757895057637143,4978
8732621,2,0.00019758234600431024,4979
8168698,5,0.00019763602529110358,4980
8N28737,2,0.00019771737527207733,4981
8732647,5,0.00019771847360061656,4982
8N28679,4,0.00019786026712154126,4983
8981861,4,0.00019789922271229443,4984
8N87811,14,0.00019798508128587855,4985
8N06895,14,0.00019801013809228607,4986
8L89470,6,0.00019804130272405018,4987
8M71268,5,0.00019818485509404127,4988
8M71332,12,0.00019839971221813357,4989
8N14597,11,0.0001984297316539596,4990
8747941,4,0.00019851092793032876,4991
8N87518,11,0.0001986008377343751,4992
8816495,5,0.0001988128374250664,4993
8747740,6,0.00019910650621568493,4994
8N27965,8,0.000199180584786518,4995
8N28030,7,0.0001993033347389428,4996
8N42293,4,0.0001993424887132278,4997
8L64922,10,0.00019955047285691307,4998
8L48435,2,0.00019966723766629002,4999
8800515,5,0.0001998247362280381,5000
8981824,5,0.00019997595575205196,5001
8939630,5,0.00020052163650774446,5002
8N73916,11,0.00020065047590378526,5003
8598631,2,0.000200804861378856,5004
8M31207,7,0.00020085483436105278,5005
8N05030,5,0.00020116801897529513,5006
8M72956,4,0.000201207126792724,5007
8L89441,4,0.00020136385592195438,5008
8N06687,14,0.00020169022855043295,5009
8L57955,13,0.00020206161968872038,5010
8M72832,6,0.0002023934833914609,5011
8800548,9,0.0002024716297910345,5012
8N73949,12,0.0002026830276520286,5013
8887364,9,0.00020289270315743124,5014
8M72643,4,0.00020290003976697335,5015
8N13954,4,0.00020292344856898126,5016
8887421,6,0.00020305647419149864,5017
8N87550,11,0.00020338114478590796,5018
8N73656,13,0.00020338909257588966,5019
8730981,6,0.0002036228411270713,5020
8M71372,12,0.00020383803257573163,5021
8939378,7,0.00020410509296198143,5022
8N28644,8,0.00020412170761119341,5023
8N06463,12,0.00020420055047054575,5024
8887379,4,0.00020456367894894356,5025
8N87918,13,0.00020470772528824455,5026
8N42674,5,0.00020509203716301272,5027
8N05671,15,0.00020514642437774455,5028
8M31637,10,0.00020529648418232682,5029
8573752,7,0.00020534652753667615,5030
8N13490,8,0.0002054683343430952,5031
8N27031,14,0.00020548988493374054,5032
8943168,6,0.00020566947966926818,5033
8N13479,8,0.00020587079870892921,5034
8N05747,4,0.0002058771739514853,5035
8M31532,5,0.0002061784829265889,5036
8M72292,2,0.00020630909375540796,5037
8N42734,4,0.0002066883369025163,5038
8N72957,13,0.0002070693377902444,5039
8M71212,5,0.0002072106431114662,5040
8857275,10,0.00020733089172608743,5041
8943515,11,0.00020760989514201356,5042
8747872,6,0.00020767718982739325,5043
8732653,5,0.00020780667563258248,5044
8N14186,5,0.00020798601553906337,5045
8N73987,12,0.00020851023464274476,5046
8M31480,5,0.00020854395211244992,5047
8N42794,4,0.00020885218111743598,5048
8L30596,4,0.00020898602974739333,5049
8N73990,12,0.00020902214694729082,5050
8N72673,11,0.00020904172379232477,5051
8N14612,13,0.00020919138376029878,5052
8L89754,5,0.00020921205941704102,5053
8939352,5,0.00020921593682032835,5054
8N05194,13,0.00020930460777890403,5055
8N73357,15,0.0002093301757639665,5056
8N13848,15,0.0002094288929583854,5057
8N13706,6,0.0002095315629730976,5058
8800166,10,0.00020973574606841794,5059
8N05798,10,0.00020987670791328128,5060
8800356,5,0.00020993502522514973,5061
8681055,6,0.0002100112842526869,5062
8N73514,7,0.00021046613073849585,5063
8N05874,11,0.0002107312139614237,5064
8651717,9,0.00021106010356675142,5065
8N05170,12,0.00021111623004799185,5066
8L48410,5,0.00021117282358318334,5067
8887211,4,0.00021124710269759817,5068
8L52210,4,0.00021136514226327563,5069
8N87529,11,0.0002115723387419166,5070
8L57729,3,0.00021159474587761906,5071
8N72369,4,0.00021160165169931133,5072
8N14937,4,0.00021168267130633467,5073
8P11561,14,0.000212037026130929,5074
8598907,6,0.00021205222344633512,5075
8N87080,5,0.00021305035602381395,5076
8N73313,15,0.0002134148994628049,5077
8747604,4,0.00021349494994638007,5078
8N87594,11,0.00021396589977484837,5079
8747879,1,0.00021462656505377709,5080
8N42286,5,0.000214628027379149,5081
8M31944,6,0.00021509400244212884,5082
8M72087,5,0.0002152694498818164,5083
8857276,10,0.00021556447882176144,5084
8N05274,13,0.0002156009563805128,5085
8M71361,12,0.0002156668286374952,5086
8N05878,11,0.0002160864187317202,5087
8651795,2,0.00021610028738905385,5088
8L64144,8,0.00021616462208839948,5089
8651799,2,0.00021622701660817256,5090
8L19556,8,0.0002163341113714523,5091
8N72955,13,0.00021645234937750502,5092
8N05236,12,0.0002165810348060404,5093
8939460,3,0.000216733922570711,5094
8L19912,5,0.00021681177736354584,5095
8732600,7,0.00021694743327316246,5096
8939342,7,0.00021710951477871276,5097
8L30499,2,0.00021726457387671871,5098
8981264,5,0.00021727732496401586,5099
8N14905,6,0.00021735864606853283,5100
8N13654,14,0.00021767388670923538,5101
8309171,5,0.00021773001003566606,5102
8P11531,15,0.0002183621970743843,5103
8N73831,5,0.00021848496928100758,5104
8N87521,11,0.0002185528496738698,5105
8L48694,6,0.00021896100315643707,5106
8N87941,13,0.00021909261232622157,5107
8800477,4,0.00021911957696829631,5108
8M72736,4,0.0002196058180743421,5109
8M71835,4,0.0002197805483206139,5110
8N42709,4,0.0002199094897150644,5111
8L30712,12,0.00022015562626620522,5112
8L19862,6,0.00022030820491636405,5113
8P14815,14,0.0002204145998803142,5114
8N13605,14,0.0002204225247623981,5115
8N73448,11,0.00022053596012483467,5116
8N05087,6,0.00022071969476655795,5117
8934374,5,0.00022084834290581057,5118
8981802,5,0.00022107777522251126,5119
8N73466,11,0.00022116544391792559,5120
8732525,9,0.0002214328292211576,5121
8981026,5,0.00022151471330289496,5122
8747218,5,0.0002215161853769132,5123
8N28358,2,0.0002215167984331856,5124
8N73649,13,0.00022173555134941125,5125
8N05650,11,0.0002220200092324376,5126
8L30762,12,0.00022204902330713594,5127
8N87160,10,0.0002220675162192265,5128
8981971,2,0.0002223693492169332,5129
8N72389,6,0.00022244459887588164,5130
8N72330,4,0.00022250574764370867,5131
8N06851,11,0.00022259573574956448,5132
8M31262,5,0.0002235040963114443,5133
8P14976,14,0.00022445484319177922,5134
8L52603,9,0.00022478692972072167,5135
8L19610,9,0.00022497072035321253,5136
8681384,3,0.00022497304553326103,5137
8N28432,2,0.00022507546700012426,5138
8N05264,13,0.00022521986841184116,5139
8732588,7,0.00022524908490595408,5140
8N73658,13,0.00022539295878232224,5141
8N73423,6,0.00022542354349752713,5142
8N42718,5,0.00022554086319814814,5143
8P14993,14,0.0002259353940416986,5144
8N06498,12,0.00022600217278068158,5145
8747104,5,0.0002261631989313173,5146
8934090,5,0.00022621569070224723,5147
8N14018,5,0.00022644287201956104,5148
8N05263,13,0.00022672180875815684,5149
8L89663,4,0.0002268167047532188,5150
8681361,4,0.0002269141493798088,5151
8N87067,5,0.00022700965826061292,5152
8P14652,2,0.00022735410811947077,5153
8N73619,13,0.00022737952258466976,5154
8N05875,11,0.00022809219932184988,5155
8N14162,5,0.00022829706495031132,5156
8887310,5,0.00022830747957414133,5157
8N05445,6,0.00022838760605736752,5158
8N72512,4,0.00022840757304720682,5159
8N87612,15,0.00022867624915079432,5160
8P11577,5,0.00022872376229088331,5161
8L26595,6,0.0002289750646724542,5162
8939360,5,0.0002289796741479222,5163
8P11385,14,0.0002292583722010022,5164
8P11543,15,0.00022928930934540404,5165
8943704,11,0.00022942587065699627,5166
8N14354,15,0.00022946841818338726,5167
8N13064,14,0.00022970331610849826,5168
8N05691,15,0.00022975229796884378,5169
8N14592,11,0.00022986078693065792,5170
8N13526,2,0.00022988776834154123,5171
8N06676,14,0.00023001669583777584,5172
8981354,11,0.00023060266198626778,5173
8N27095,2,0.00023062775221660559,5174
8800550,5,0.00023097653638615157,5175
8M71502,4,0.00023139641098168795,5176
8N06678,14,0.00023169845962911495,5177
8N87564,11,0.000231783686331255,5178
8N87897,13,0.00023195402945930255,5179
8L89752,5,0.00023235485656414312,5180
8N42645,7,0.00023258903297573852,5181
8N13114,14,0.00023311144832405262,5182
8N72940,13,0.0002332280678274401,5183
8537728,5,0.00023324379054656674,5184
8887448,5,0.0002333691913918301,5185
8N28650,2,0.00023342147824223503,5186
8M31212,11,0.000233449163260957,5187
8943534,11,0.0002337028419390208,5188
8887036,9,0.00023372907162411138,5189
8981965,2,0.00023380906804959523,5190
8N06894,11,0.00023384541464110953,5191
8M31370,5,0.00023390830301650567,5192
8651600,3,0.00023415652526637132,5193
8N14446,4,0.00023442155861630454,5194
8L19899,6,0.0002346745129671035,5195
8N87339,4,0.00023468611840371523,5196
8N05155,12,0.00023469984580515302,5197
8L64134,5,0.00023490615285481908,5198
8N73468,11,0.00023498156690493488,5199
8800051,7,0.00023517228873970453,5200
8L89256,4,0.00023529304417024832,5201
8L89724,4,0.00023541522466530296,5202
8N14550,11,0.0002355270906377882,5203
8M72009,6,0.00023565046103612985,5204
8917946,8,0.00023579929785455533,5205
8L89365,5,0.00023582050198456272,5206
8794306,4,0.0002360808155117411,5207
8L30667,13,0.00023623723478749525,5208
8N73992,12,0.00023632115380678442,5209
8P26622,2,0.0002365044734631283,5210
8M71398,12,0.0002365513917084172,5211
8M31374,5,0.0002369353410358599,5212
8N14546,11,0.0002370083410312418,5213
8800436,6,0.00023742962935102696,5214
8681403,5,0.0002379903781672965,5215
8573187,4,0.00023818947875042795,5216
8800059,4,0.00023819034186089993,5217
8N06673,14,0.00023824976824471378,5218
8N14952,6,0.00023839607320041978,5219
8800937,10,0.0002384697190791485,5220
8N14784,6,0.00023901736221887404,5221
8943766,2,0.0002393468029424639,5222
8N42735,4,0.00023989223473108723,5223
8L48764,11,0.00023997984817469842,5224
8747757,7,0.00024018868049324738,5225
8857269,1,0.00024030260203744547,5226
8M31216,11,0.00024053332572293584,5227
8816427,1,0.00024065300770814702,5228
8N28603,2,0.00024079350333749971,5229
8N87513,11,0.00024082083473331295,5230
8N05444,6,0.00024093027923299815,5231
8N87368,4,0.00024111148437100383,5232
8N13663,13,0.00024115918540701387,5233
8L30500,2,0.00024116042311561614,5234
8M31542,6,0.00024118093028846488,5235
8N73003,4,0.00024128490281327686,5236
8L49911,4,0.000241555093793977,5237
8M72576,11,0.00024166407365555642,5238
8939139,10,0.0002417848784261878,5239
8939344,5,0.00024200616689995513,5240
8P11530,15,0.00024213669780692726,5241
8N14829,2,0.0002422427605779376,5242
8N87116,4,0.0002422726886379678,5243
8M71358,12,0.00024233050862676464,5244
8N06864,11,0.00024279163881146815,5245
8L89682,6,0.00024289251894060726,5246
8N13981,5,0.00024289883913297672,5247
8P11947,5,0.00024314988002061,5248
8816428,1,0.000243434394178621,5249
8N05297,13,0.00024361267037420475,5250
8934046,9,0.00024387642639567275,5251
8L89503,5,0.00024470554490108043,5252
8887230,5,0.0002448283291869302,5253
8N72965,2,0.0002448767323812717,5254
8N05876,11,0.00024513502410172805,5255
8L19505,3,0.00024588908378575525,5256
8P26525,9,0.0002460464679643337,5257
8N14015,7,0.00024638888646677515,5258
8N28682,5,0.0002463929832572376,5259
8N87574,11,0.000246478707465414,5260
8N73681,13,0.0002466363423536677,5261
8N87243,2,0.00024671521669006324,5262
8N28847,5,0.0002468484176461061,5263
8N05748,4,0.00024687769018783,5264
8887495,7,0.00024717472297197673,5265
8M71447,13,0.00024719947805351694,5266
8N05261,13,0.0002473207505317987,5267
8N73221,12,0.0002473966860634391,5268
8309260,5,0.00024778792726465326,5269
8L19926,10,0.0002482022623553348,5270
8N87576,11,0.0002482383116557685,5271
8M71321,5,0.0002486249316007161,5272
8747734,7,0.00024874194321000687,5273
8L89202,5,0.0002489005818233636,5274
8N05567,3,0.00024932220799200877,5275
8M71313,5,0.00024954660989351396,5276
8309156,6,0.00024971975881271646,5277
8L64272,5,0.00024977108956036886,5278
8N14588,11,0.0002498747066965734,5279
8L19928,10,0.00025003691189340316,5280
8L89326,10,0.00025016612380568404,5281
8N13558,2,0.00025018244588181915,5282
8800567,6,0.0002502118143183907,5283
8800391,5,0.00025068990782983747,5284
8L30724,12,0.0002507763056200929,5285
8M71231,6,0.00025100165430558263,5286
8N73692,13,0.00025131387474175426,5287
8887490,10,0.00025201145618325427,5288
8N42114,8,0.0002520432767596503,5289
8L30468,12,0.00025324593208608803,5290
8747365,5,0.00025340499583847986,5291
8L57913,8,0.0002545746154964945,5292
8L89836,5,0.00025483656304459146,5293
8N42120,8,0.0002553934309617034,5294
8N73983,12,0.00025584824879842927,5295
8L89739,10,0.00025593541977286804,5296
8N42272,5,0.00025639024624979356,5297
8N05797,10,0.00025653167807604405,5298
8N28794,14,0.00025674050607449317,5299
8939898,5,0.0002569428133085694,5300
8M31863,6,0.00025702620337142434,5301
8N13686,13,0.00025823468311614306,5302
8N87114,4,0.0002582964929587206,5303
8L30761,10,0.00025841296428552596,5304
8L52598,10,0.0002585134170658421,5305
8732531,9,0.0002585395989171957,5306
8N28780,5,0.0002587749752365198,5307
8L26579,5,0.00026007835390373657,5308
8P14278,4,0.0002605655849663435,5309
8P11051,9,0.0002609282253160927,5310
8L30591,5,0.00026122201916223275,5311
8939379,7,0.0002612772186694201,5312
8M31197,8,0.00026132671632694837,5313
8L52241,3,0.00026190175685769645,5314
8M31420,10,0.00026193098983640084,5315
8N28149,2,0.0002620844124976429,5316
8N87806,14,0.00026215520074401866,5317
8939374,7,0.0002633965250424808,5318
8M71810,7,0.00026377953940937005,5319
8P14852,14,0.00026381293582744547,5320
8N13671,13,0.0002639347088120303,5321
8N06486,14,0.000263937656654889,5322
8N27558,5,0.0002641163009684533,5323
8934525,1,0.0002641360962876149,5324
8981536,3,0.0002642015961669131,5325
8N14041,4,0.0002646134630595043,5326
8L89487,11,0.0002651311597219319,5327
8943014,10,0.00026525007569944137,5328
8M31398,5,0.00026593022539600497,5329
8N05190,13,0.00026686970159062184,5330
8N87226,3,0.0002672191330930218,5331
8N14668,13,0.00026780932739711716,5332
8887314,7,0.00026795924080147415,5333
8N73628,13,0.00026824853785001324,5334
8L64902,5,0.0002684720179786382,5335
8P11551,14,0.0002687653136490553,5336
8N73819,5,0.00026931780485028867,5337
8747729,5,0.00026939894360111794,5338
8P26405,5,0.0002695745067740063,5339
8P26527,9,0.00027040799852784403,5340
8N42505,5,0.00027056845055994927,5341
8N05167,12,0.00027071077022355894,5342
8N42520,5,0.0002715640291626187,5343
8N06889,11,0.0002716792814680957,5344
8L30634,12,0.00027183790382423467,5345
8L30249,10,0.00027229083389102016,5346
8N72394,6,0.0002724335877246631,5347
8N87547,11,0.00027319880456389,5348
8N87563,11,0.00027329886142979376,5349
8N06786,5,0.0002738520527145738,5350
8L30851,2,0.00027437145945441443,5351
8939916,11,0.0002747396247286815,5352
8P26523,9,0.0002747440425991954,5353
8857104,7,0.00027487320630825707,5354
8730547,3,0.00027553516565603786,5355
8732615,9,0.00027627712188404985,5356
8L89466,6,0.0002768177355392254,5357
8N14803,9,0.00027685677241606754,5358
8N87068,5,0.0002768697664805586,5359
8732648,5,0.00027776152955993894,5360
8732685,5,0.00027786354556269544,5361
8N14602,13,0.0002781928186550431,5362
8934472,3,0.00027824732001136,5363
8N72672,11,0.00027870512758454424,5364
8L30604,11,0.0002792349809510597,5365
8N87701,5,0.00028027272082908894,5366
8747555,5,0.00028045556769029645,5367
8887290,5,0.0002810661045486995,5368
8730938,3,0.00028257529402253567,5369
8N73232,12,0.0002828908034189226,5370
8N28832,5,0.00028358528925309656,5371
8M72673,4,0.0002838444308963517,5372
8857780,6,0.0002839048092937446,5373
8P11578,5,0.00028408028856574674,5374
8L64283,5,0.0002844709333658102,5375
8N14605,13,0.00028450471472751815,5376
8N87974,13,0.0002848923679721338,5377
8M71269,5,0.000284992158640307,5378
8887304,7,0.00028520607355631,5379
8L48592,5,0.0002855242535133584,5380
8N87057,5,0.0002858239256511297,5381
8L64171,8,0.0002858951759208139,5382
8681370,5,0.00028594422710170875,5383
8N72717,4,0.0002868656376904255,5384
8N28557,2,0.0002869527029361052,5385
8N87622,15,0.0002871048436645651,5386
8L52229,9,0.00028721286270183555,5387
8M72737,4,0.00028721683338517323,5388
8800340,7,0.0002872426089197688,5389
8747940,4,0.00028744741553055064,5390
8N72359,4,0.0002876622019130082,5391
8681200,4,0.0002884118143811065,5392
8N73477,11,0.00028863183342764387,5393
8681017,4,0.0002889280372073699,5394
8N05203,12,0.000289125458266426,5395
8M72640,6,0.0002895507041102974,5396
8M31328,5,0.00028975270106457174,5397
8L52592,7,0.00029035657234999235,5398
8309285,5,0.00029150909750796927,5399
8L52334,12,0.0002928708059357632,5400
8N73604,14,0.00029363184421526967,5401
8N05824,7,0.0002943543875630894,5402
8N05160,12,0.00029457838220992016,5403
8800027,4,0.0002946037841127236,5404
8681240,3,0.00029464977365023515,5405
8M31554,6,0.00029571313712040137,5406
8M71158,13,0.00029588300003524637,5407
8M31331,5,0.000296253572059868,5408
8981267,5,0.00029657577010766545,5409
8934893,5,0.0002973297447397272,5410
8M31382,5,0.00029770894298053463,5411
8N72376,4,0.0002980812814712408,5412
8N06560,4,0.00029817837869927644,5413
8M31285,10,0.0002983159461109608,5414
8N73506,5,0.00029871791116420354,5415
8L64327,2,0.00029905323526691063,5416
8N14587,11,0.00029919835469627287,5417
8309191,4,0.000299208779381388,5418
8N87855,14,0.00030009470174263697,5419
8N42289,5,0.00030023519866517745,5420
8943013,10,0.0003010075828342451,5421
8L64540,12,0.00030143683852656977,5422
8N28061,7,0.0003017995966541065,5423
8939762,5,0.00030228835339585203,5424
8681059,6,0.0003025487304029184,5425
8M72406,13,0.00030341488422891416,5426
8857202,4,0.0003035428733255685,5427
8730932,3,0.00030354488308148575,5428
8N87353,4,0.00030389850780920824,5429
8730451,1,0.0003040468836843502,5430
8N87325,6,0.0003044708141715091,5431
8M31435,4,0.0003045292832695168,5432
8P11833,15,0.0003056795617339958,5433
8L49974,5,0.00030576184212804947,5434
8L52428,5,0.0003058939200855093,5435
8L89514,5,0.0003059145896031623,5436
8N14591,11,0.00030620786013457746,5437
8M31544,6,0.00030632286012632903,5438
8L48463,10,0.0003064512193304836,5439
8573603,5,0.0003068406763304665,5440
8M31476,5,0.0003071186756642419,5441
8N14980,6,0.00030784176362885773,5442
8M31605,4,0.00030819324319963926,5443
8L52324,12,0.0003093642275473485,5444
8N14553,11,0.0003096614685453858,5445
8N27069,14,0.00030984597310634854,5446
8887206,4,0.0003109186359324667,5447
8N14534,11,0.00031117816672576737,5448
8857401,4,0.0003115526346846309,5449
8N06835,11,0.00031233058169277683,5450
8N14582,11,0.0003124164422843023,5451
8681287,7,0.00031260920650311164,5452
8N13606,14,0.0003132059155745992,5453
8866799,6,0.00031340906764398824,5454
8651952,5,0.000314224130789853,5455
8N05173,12,0.0003147403972434404,5456
8M71208,5,0.0003147593007497562,5457
8M71823,5,0.00031490461935845815,5458
8681254,4,0.00031606522691163264,5459
8L19656,3,0.0003165932720321507,5460
8168602,10,0.0003170611330460815,5461
8N42911,6,0.00031815592290129757,5462
8939376,7,0.0003190408056070737,5463
8309159,6,0.0003197270604005098,5464
8L30599,5,0.0003198972208338091,5465
8N28694,5,0.00032155645479292616,5466
8L48467,10,0.00032212171004175616,5467
8N05199,13,0.0003226142875973892,5468
8N05462,5,0.0003229302421914326,5469
8N28429,2,0.0003232304254652263,5470
8L52223,8,0.00032423073707832373,5471
8857279,10,0.00032424752379967003,5472
8N14119,4,0.00032531373335586977,5473
8309287,5,0.000326689793382684,5474
8N13926,5,0.0003276735814417009,5475
8M72633,6,0.0003292363414857391,5476
8N42285,5,0.0003300026955912472,5477
8681409,5,0.00033095876301558746,5478
8N27951,4,0.00033133924398498493,5479
8N87575,11,0.0003329562525777874,5480
8N73636,13,0.0003331856014483492,5481
8M31546,6,0.00033466741228949104,5482
8168649,4,0.0003353146730660228,5483
8118426,6,0.0003378583851372241,5484
8N28250,7,0.0003393918464098533,5485
8N87909,13,0.00034016008976323064,5486
8939750,5,0.000340900933224475,5487
8L89230,6,0.0003415785172364849,5488
8800104,10,0.0003455288410805224,5489
8939375,7,0.000347132805018191,5490
8N72938,13,0.0003471520815310214,5491
8N73951,12,0.0003472565917945758,5492
8N05220,12,0.00034810212753200176,5493
8N73093,5,0.0003481534490674676,5494
8P11576,5,0.00034889673042926006,5495
8N14187,5,0.00034907335179923393,5496
8L89335,6,0.000349154735886259,5497
8N73626,11,0.0003502160070638638,5498
8N05127,14,0.0003512488451633544,5499
8N42642,7,0.0003513358579994019,5500
8939377,7,0.000351885764303006,5501
8N28818,5,0.000352042889517179,5502
8732256,1,0.0003525111637827649,5503
8816929,4,0.0003530113709473426,5504
8934887,7,0.0003542583654052578,5505
8800519,5,0.0003547555979821482,5506
8M31632,5,0.0003562626836810523,5507
8N06922,5,0.0003569581464262228,5508
8N14599,11,0.00035843002297042403,5509
8N14981,6,0.0003603598038353084,5510
8681025,5,0.0003629463858487725,5511
8M31547,5,0.00036483757116911875,5512
8N72348,6,0.0003684941957544652,5513
8M72916,6,0.0003690218923111388,5514
8P26702,7,0.00037010459413977514,5515
8M31282,10,0.00037256288646858593,5516
8P26743,7,0.00037297887809017993,5517
8730497,4,0.00037397507094283355,5518
8M31266,4,0.0003741331929631997,5519
8N27307,5,0.00037496197683140053,5520
8L64178,9,0.0003776106773329957,5521
8981293,5,0.0003782934195442067,5522
8800091,6,0.00037895759032835485,5523
8598592,3,0.0003796758281282564,5524
8M31356,5,0.00038052136346777843,5525
8747741,6,0.0003818364377821126,5526
8N14017,7,0.00038376202559220474,5527
8747725,5,0.00038389655878745543,5528
8N73623,13,0.0003867032419293537,5529
8M31716,6,0.00038725109823189996,5530
8N14003,6,0.00038872245295351604,5531
8N42771,10,0.000388883169307519,5532
8M31713,5,0.0003891047590514063,5533
8939749,5,0.00039291616022296694,5534
8747551,10,0.00039562103285106787,5535
8N72269,6,0.00039707129889166026,5536
8N28005,2,0.0003991488538304111,5537
8939150,4,0.00040081586950790893,5538
8N42952,4,0.00040091334494718467,5539
8732678,4,0.0004009357589893625,5540
8651948,5,0.0004012088144236259,5541
8N73233,12,0.0004022449361400504,5542
8L57927,3,0.00040684076338948216,5543
8L64142,8,0.00040728084582042356,5544
8L48479,4,0.00040737974131843657,5545
8N14002,6,0.00040775290653982665,5546
8N27835,6,0.00040940528265309695,5547
8L48609,6,0.00041133874833576556,5548
8L30355,7,0.00041187202077708207,5549
8794305,4,0.0004149799608228477,5550
8L48304,5,0.0004165560585533967,5551
8800490,10,0.0004174794153186667,5552
8P11834,15,0.00041822879347819253,5553
8730584,5,0.00042102898203211225,5554
8L30782,4,0.00042153671643063717,5555
8N14590,11,0.0004249035619068309,5556
8N14220,5,0.0004253900674484612,5557
8981857,5,0.00042758113045238133,5558
8N05686,15,0.0004377362374725635,5559
8P14622,2,0.00044188895481056534,5560
8573989,3,0.000457220360658539,5561
8N28695,5,0.0004578977590199429,5562
8800375,4,0.00046835603637873646,5563
8L64795,13,0.00046974668202892644,5564
8N87362,5,0.0004703095478362229,5565
8816921,6,0.0004899820995660775,5566
8943470,2,0.0005011827153111881,5567
8N05106,12,0.0005043578962613537,5568
8309251,5,0.0005375738829158649,5569
8N14959,5,0.0005513506336285445,5570
8934064,5,0.0005542587356899276,5571
8887345,5,0.0005546755356817812,5572
8N14904,4,0.000566142882234999,5573
8M31869,5,0.000582767561354558,5574
8747636,4,0.0005878064689568419,5575
8747722,5,0.000604646359988692,5576
8M72909,5,0.000625779298843554,5577
