ringnr,island,score,rank
8M72909,5,-0.0015451542421942577,0
8L48609,6,-0.0014414955949177966,1
8747636,4,-0.0013749841236858629,2
8934064,5,-0.001286769791477127,3
8N28695,5,-0.0012305583513807505,4
8681409,5,-0.0011176725020050071,5
8N14591,11,-0.0009440367102797609,6
8N14959,5,-0.0009204393390973564,7
8N42952,4,-0.0008954167915362632,8
8P14278,4,-0.0008792239805188728,9
8800375,4,-0.0008777047387411585,10
8816921,6,-0.0008174454669642728,11
8N42642,7,-0.0008142732876876835,12
8309251,5,-0.0008000658508535707,13
8943470,2,-0.0007622593875566963,14
8N14981,6,-0.0007506701767852064,15
8L64795,13,-0.0007379306662187446,16
8N14017,7,-0.0007358713537541917,17
8L19995,0,-0.0007305828494281741,18
8M31435,4,-0.000717103041097289,19
8981026,5,-0.0007083820173647837,20
8N87574,11,-0.0006647693207924021,21
8N14220,5,-0.0006645731427852297,22
8747741,6,-0.0006604005811823299,23
8M31356,5,-0.0006317909519566456,24
8P14622,2,-0.0006290280143730342,25
8939762,5,-0.0006288338336162269,26
8N42771,10,-0.0006248564350244123,27
8N05220,12,-0.0006098408166508307,28
8N72348,6,-0.0006093906013120431,29
8L26595,6,-0.0006013570496179454,30
8730584,5,-0.000594307275605388,31
8N27307,5,-0.0005923711687501054,32
8816929,4,-0.0005876864761376055,33
8N73604,14,-0.0005826703200000338,34
8L48592,5,-0.0005738880990975304,35
8N87547,11,-0.0005737432602472836,36
8309285,5,-0.000570349395275116,37
8939379,7,-0.0005650441471516388,38
8794305,4,-0.0005624134784056878,39
8N14937,4,-0.0005611985434370581,40
8N14980,6,-0.0005555012348850141,41
8M72406,13,-0.0005520895410882076,42
8M71158,13,-0.0005397034328780137,43
8800519,5,-0.0005349019511413644,44
8L64142,8,-0.0005140328757988755,45
8681009,0,-0.0005123857381477137,46
8L89326,10,-0.0005101033602841198,47
8N73681,13,-0.000505642065036227,48
8M72916,6,-0.0005038899707869859,49
8P11947,5,-0.0005034701225667959,50
8N73636,13,-0.0004988968630641466,51
8N42520,5,-0.0004981100628356216,52
8P26525,9,-0.0004927233474063542,53
8N27835,6,-0.0004924791737721534,54
8M71823,5,-0.00049171443333762,55
8887370,5,-0.0004911906271445332,56
8N73623,13,-0.0004839611456191051,57
8887462,1,-0.0004820450735678605,58
8N73093,5,-0.0004801120358024491,59
8939377,7,-0.00047915555114741437,60
8730497,4,-0.00047812951015657745,61
8P11530,15,-0.0004736088721983833,62
8934374,5,-0.0004720230117527535,63
8N73624,13,-0.0004719144044429413,64
8N05686,15,-0.0004697384911196423,65
8981857,5,-0.00046780136744928313,66
8N73951,12,-0.00046750307592446916,67
8N42143,2,-0.00046438459685305133,68
8943014,10,-0.00046164466857590014,69
8939375,7,-0.0004593098460645706,70
8L48479,4,-0.00045738398694084026,71
8N73626,11,-0.00044807695758208865,72
8N05203,12,-0.00044729254113917705,73
8N87325,6,-0.0004431086317708832,74
8N28250,7,-0.0004408805943967309,75
8732678,4,-0.00043530184848350473,76
8800104,10,-0.00043523117074073525,77
8934893,5,-0.0004329394541855436,78
8N28432,2,-0.0004303214136598399,79
8N14587,11,-0.00042839024717977736,80
8939376,7,-0.00042576737541821785,81
8L89487,11,-0.0004250373731338186,82
8651952,5,-0.0004204167071293341,83
8N72672,11,-0.000420377498585367,84
8747757,7,-0.0004187019430901273,85
8M71231,6,-0.0004165190630374127,86
8L89514,5,-0.0004148046482441714,87
8P11833,15,-0.0004126362964598229,88
8N42734,4,-0.0004110730515094474,89
8N73949,12,-0.00041079793709286605,90
8M71811,0,-0.0004041091160615906,91
8N14599,11,-0.00040388859451923054,92
8309287,5,-0.00040348764468944864,93
8L52223,8,-0.00040294575956068,94
8N14590,11,-0.00040229493606602773,95
8N05263,13,-0.00040027448812907096,96
8939360,5,-0.00039974470200832,97
8M31605,4,-0.00039869215049748163,98
8N14582,11,-0.00039430005563190207,99
8N42289,5,-0.0003941830527764978,100
8651799,2,-0.00039406465157298953,101
8N14187,5,-0.0003934356951731388,102
8573603,5,-0.00039229707545018755,103
8L89739,10,-0.0003906600577465724,104
8651884,0,-0.0003901956342815538,105
8N05167,12,-0.0003901844120264286,106
8L30591,5,-0.0003889049939971301,107
8N05190,13,-0.00038687272535753436,108
8N06786,5,-0.0003861772693198873,109
8M31285,10,-0.00038465785337393754,110
8N27095,2,-0.0003799253746734621,111
8N87962,13,-0.0003785315238928888,112
8N72908,13,-0.0003768622500501806,113
8M31869,5,-0.0003752202081557243,114
8M71502,4,-0.0003751732838281896,115
8N28832,5,-0.0003747314747215569,116
8857401,4,-0.0003718816324180807,117
8N28005,2,-0.0003686894551719888,118
8N28429,2,-0.0003685147676151246,119
8N73233,12,-0.00036706248363316263,120
8N14002,6,-0.00036690813840323244,121
8N06889,11,-0.0003644598991741077,122
8939150,4,-0.00036403680587682175,123
8N14668,13,-0.0003626546367740957,124
8P11051,9,-0.0003617355177993886,125
8M31197,8,-0.00036110228938923683,126
8800146,9,-0.00035984543228551047,127
8939750,5,-0.00035611357634479646,128
8L89335,6,-0.0003531045595082105,129
8M31282,10,-0.00035121184464514954,130
8N72394,6,-0.00034837613748095464,131
8N05264,13,-0.0003452042660683219,132
8N05253,13,-0.0003438836447458016,133
8M31374,5,-0.0003435496519159642,134
8N14605,13,-0.00034201481685158797,135
8L30599,5,-0.00034080759905918967,136
8P26527,9,-0.0003381154901944683,137
8L30468,12,-0.0003368028019394842,138
8N14588,11,-0.000333511185772295,139
8730981,6,-0.0003328952125229989,140
8N13663,13,-0.0003314750538265798,141
8P14652,2,-0.0003311758478048432,142
8681200,4,-0.0003307382785351365,143
8732685,5,-0.0003299948511994444,144
8732505,8,-0.00032776700300019,145
8N73230,12,-0.0003261538847709744,146
8M71321,5,-0.000325137460094993,147
8M31713,5,-0.00032294967513735173,148
8939352,5,-0.0003184467977916938,149
8N87564,11,-0.00031479652352572884,150
8L30761,10,-0.00031392319260703516,151
8L89202,5,-0.00031387774697577697,152
8P11577,5,-0.0003134417029286851,153
8816427,1,-0.0003125053335679695,154
8N05199,13,-0.0003117492806268274,155
8L30355,7,-0.00031000210890397284,156
8N05297,13,-0.0003090367665663507,157
8857276,10,-0.0003085618718614569,158
8800091,6,-0.0003078904164794949,159
8939344,5,-0.00030658651098747214,160
8L89724,4,-0.0003065368882744224,161
8N14758,2,-0.00030650059943582164,162
8L64283,5,-0.00030562596111849416,163
8M31944,6,-0.00030552217867807485,164
8857780,6,-0.00030318282290409115,165
8P26743,7,-0.00030312851595226675,166
8168649,4,-0.0003020540380020975,167
8M31216,11,-0.00029903335780545603,168
8N73950,12,-0.0002969563095120975,169
8N87806,14,-0.0002969418783322908,170
8L89682,6,-0.00029667464696103707,171
8N06895,14,-0.0002964761351904599,172
8N05444,6,-0.00029594111401820555,173
8P14852,14,-0.0002958142831630539,174
8904640,7,-0.0002951944481992541,175
8N73657,13,-0.0002949315110072348,176
8651576,0,-0.00029437725424941164,177
8N05881,11,-0.0002939960977528244,178
8N05127,14,-0.00029259581151563907,179
8N13951,4,-0.0002914172023338324,180
8681403,5,-0.0002906453801188036,181
8L30762,12,-0.0002895700963563286,182
8M71269,5,-0.0002887253067456186,183
8917954,2,-0.0002874637934837665,184
8N14119,4,-0.0002871178221539594,185
8L30059,13,-0.0002861627308448078,186
8981029,0,-0.0002853085048855064,187
8934887,7,-0.00028483314770255674,188
8N28694,5,-0.0002831499218700628,189
8N28644,8,-0.00028165208914288087,190
8L30920,0,-0.00028109009053878253,191
8N72670,4,-0.00027740733276004903,192
8N05895,11,-0.0002773727828753181,193
8N28499,2,-0.00027682402196660405,194
8M72009,6,-0.00027604479600995546,195
8939916,11,-0.00027185989210920525,196
8N87080,5,-0.00027138109999214066,197
8747875,1,-0.0002710088187996007,198
8681017,4,-0.0002704072353481024,199
8N73628,13,-0.0002700212521631329,200
8N14592,11,-0.00026948174854624085,201
8800027,4,-0.00026939827512251213,202
8732525,9,-0.0002692044490686385,203
8747879,1,-0.0002682893154997146,204
8800436,6,-0.00026520730807533255,205
8N87057,5,-0.0002649389862199314,206
8P14717,5,-0.00026431494052303606,207
8N87701,5,-0.00026427435079767747,208
8747729,5,-0.00026396853991172975,209
8N28682,5,-0.00026389052072772756,210
8M72673,4,-0.0002632877658470534,211
8N87858,14,-0.00026098420562448155,212
8887440,5,-0.0002607764427011716,213
8747555,5,-0.00026030539652310836,214
8943515,11,-0.00026004674145951867,215
8N72376,4,-0.00025991129649582945,216
8P11576,5,-0.0002599064082460245,217
8L52603,9,-0.0002578449966676999,218
8P11834,15,-0.0002572335088188993,219
8L64327,2,-0.0002570563920016866,220
8598602,6,-0.00025676445966382744,221
8N14010,4,-0.0002563933599049051,222
8L64272,5,-0.00025614400601625675,223
8M31716,6,-0.0002559883648700634,224
8N14803,9,-0.00025562046585037024,225
8L19930,10,-0.0002555693654358038,226
8N28358,2,-0.0002553523097503785,227
8681025,5,-0.00025500863966954057,228
8N73992,12,-0.00025485678051495597,229
8L19610,9,-0.00025167121066260734,230
8N87973,13,-0.0002515206883799692,231
8L48310,5,-0.00025093771910178475,232
8N87243,2,-0.00025066839407372754,233
8L26579,5,-0.0002495651233402896,234
8681059,6,-0.00024956049855973106,235
8681419,0,-0.0002493984618467948,236
8P14811,15,-0.00024907533634177526,237
8N05194,13,-0.0002476193130860338,238
8L30667,13,-0.0002474440042021797,239
8M31838,1,-0.000246066605541273,240
8943263,11,-0.0002457332666381262,241
8N28650,2,-0.0002455503465625952,242
8M31255,8,-0.000245350123350363,243
8747410,0,-0.0002451688892506354,244
8M31476,5,-0.00024469972618135216,245
8N72673,11,-0.00024282496906380402,246
8M31637,10,-0.0002423783034828375,247
8M31328,5,-0.00024125259619722783,248
8981704,0,-0.00024086590337901725,249
8917801,2,-0.00024079917238850612,250
8N87811,14,-0.0002401375772933534,251
8N14162,5,-0.00023922252694319468,252
8N13981,5,-0.00023792721822246676,253
8N72965,2,-0.00023771218542378847,254
8N73987,12,-0.0002374525861341681,255
8N72957,13,-0.00023732945828669472,256
8L30696,12,-0.0002357277471674024,257
8N87918,13,-0.00023567860540651964,258
8N73819,5,-0.00023562630394735606,259
8L52932,4,-0.00023549709339931724,260
8732531,9,-0.00023539345329481876,261
8794306,4,-0.00023531345686933491,262
8N87594,11,-0.00023503760530729778,263
8800356,5,-0.00023415411550331555,264
8681287,7,-0.000234045985166631,265
8N73243,14,-0.0002335989154289564,266
8N87339,4,-0.00023335353853326524,267
8857104,7,-0.0002331409064026957,268
8L52428,5,-0.0002330718566554424,269
8L19912,5,-0.00023163897276390344,270
8L48764,11,-0.00023102728300727904,271
8887230,5,-0.00023036099946693867,272
8N73003,4,-0.00022987043462308066,273
8N06699,14,-0.00022961132071941392,274
8L64055,11,-0.00022890036234457511,275
8N13671,13,-0.00022858702277517295,276
8N27558,5,-0.00022816847922513261,277
8887448,5,-0.0002277908922678762,278
8887314,7,-0.00022730283581040567,279
8N05173,12,-0.00022713509497407358,280
8N73656,13,-0.00022568181657334208,281
8N06864,11,-0.0002255884714941203,282
8N06851,11,-0.00022539843848790042,283
8887305,7,-0.0002253058801215957,284
8681361,4,-0.00022517826710100053,285
8M71810,7,-0.00022467856846475343,286
8N27959,5,-0.00022430771514336811,287
8816947,4,-0.00022356085628416622,288
8N73221,12,-0.00022285893874141038,289
8N05747,4,-0.00022117143703326292,290
8N28713,7,-0.00022076347522670403,291
8M71328,11,-0.00022072007959650364,292
8N72369,4,-0.0002201647337187751,293
8732256,1,-0.0002194154556036665,294
8N87941,13,-0.00021922023620390974,295
8L19928,10,-0.00021898700470046606,296
8N05226,12,-0.000217763972841567,297
8747590,2,-0.0002172296281059971,298
8939629,5,-0.00021703189304389525,299
8981253,5,-0.0002163780675346061,300
8L64433,13,-0.00021564323878919822,301
8N87774,5,-0.0002150612876903324,302
8N14186,5,-0.00021453052227116132,303
8M72292,2,-0.0002140770661753777,304
8981264,5,-0.00021397531440925377,305
8N05797,10,-0.00021387126707850257,306
8M31370,5,-0.00021183747230679728,307
8981096,11,-0.00021151795544938068,308
8L89230,6,-0.0002114056951540988,309
8L19926,10,-0.00021127309624091595,310
8L52574,10,-0.00021103622657392407,311
8P14815,14,-0.00021009483771194937,312
8732648,5,-0.00020974130325157603,313
8N13116,14,-0.0002097032411256805,314
8730902,6,-0.00020957879564775794,315
8N87518,11,-0.00020942343599017477,316
8943704,11,-0.00020912712233212005,317
8N05166,12,-0.0002089423660436296,318
8N05170,12,-0.00020786920822501997,319
8681336,7,-0.0002074864219139272,320
8N87313,5,-0.0002071165640700201,321
8N06673,14,-0.00020690554651991988,322
8N42033,8,-0.000206614878493383,323
8537728,5,-0.00020658382675264875,324
8N06560,4,-0.00020626037030524458,325
8N06394,4,-0.00020588713914548862,326
8816428,1,-0.00020584714525284653,327
8981354,11,-0.00020526067146420246,328
8L30782,4,-0.0002051175733868149,329
8P11385,14,-0.00020392051919770893,330
8N87160,10,-0.0002034988588093256,331
8N87855,14,-0.00020346395922388183,332
8N42249,2,-0.00020341510577281952,333
8732667,2,-0.00020332553367552464,334
8681420,0,-0.0002028636270097195,335
8N73313,15,-0.0002013117918977514,336
8N73232,12,-0.00020090570774300431,337
8981708,5,-0.00020045344555796873,338
8L52324,12,-0.0002003925906137738,339
8730448,1,-0.0002003845132776405,340
8L30249,10,-0.0001993153937291936,341
8747722,5,-0.00019890034036507132,342
8981803,6,-0.00019889000247985678,343
8N05106,12,-0.0001987184512586282,344
8L52229,9,-0.00019747983969864435,345
8N42114,8,-0.0001974322763089731,346
8L64560,12,-0.00019635538046713918,347
8M71332,12,-0.00019633980991784483,348
8L30851,2,-0.0001963226541192853,349
8N05748,4,-0.00019625122126853967,350
8747114,6,-0.00019608488173616934,351
8N73649,13,-0.0001956540966148168,352
8N05243,13,-0.00019515029998729005,353
8N27031,14,-0.0001945985607108014,354
8N14645,13,-0.00019444413010205608,355
8N05445,6,-0.0001941257019097975,356
8N05671,15,-0.00019392852135524663,357
8N05242,13,-0.0001929469226524816,358
8M31844,0,-0.0001926985739828524,359
8939052,5,-0.00019191494470760517,360
8887272,7,-0.00019180390154360794,361
8N28848,5,-0.0001916628607432358,362
8N28847,5,-0.0001915403063321719,363
8N28557,2,-0.00019145022429256642,364
8L64184,11,-0.0001912357975015766,365
8M71447,13,-0.0001910492617298587,366
8L89466,6,-0.00019042311259909184,367
8887206,4,-0.00018987541079695802,368
8N06371,5,-0.00018980941075597002,369
8N06941,4,-0.00018968042240885552,370
8800574,5,-0.0001894870692922268,371
8N05875,11,-0.00018889493469487206,372
8L19862,6,-0.0001888729204893025,373
8747424,5,-0.00018770186079564155,374
8939491,0,-0.00018765003756016085,375
8943345,11,-0.00018762972558761248,376
8939378,7,-0.0001875281677712337,377
8L89211,5,-0.00018746750538412016,378
8598631,2,-0.00018717126977207954,379
8747698,4,-0.0001870524693003972,380
8N28681,5,-0.00018691812192628277,381
8N13630,14,-0.0001869143363819603,382
8730509,5,-0.00018635130072652828,383
8N13954,4,-0.00018549773858467233,384
8573187,4,-0.0001853664716691128,385
8800497,4,-0.0001845071183197433,386
8887495,7,-0.00018443196597672795,387
8N73194,15,-0.00018408317339435598,388
8309156,6,-0.00018389838557908433,389
8N14550,11,-0.00018347241990568364,390
8N13064,14,-0.00018314982662559487,391
8P26523,9,-0.0001824498740461422,392
8L48455,5,-0.000182398866627409,393
8N42637,5,-0.00018224844194492107,394
8N13606,14,-0.0001822372109927528,395
8118426,6,-0.0001821305282625474,396
8857269,1,-0.00018207690527560771,397
8917946,8,-0.00018149991637983476,398
8P11550,14,-0.0001813891326492012,399
8N05650,11,-0.00018136708450811057,400
8168638,5,-0.0001805370238798787,401
8N14604,13,-0.00018025462736659392,402
8N14594,11,-0.00017962495053325256,403
8732600,7,-0.00017937136590262526,404
8800340,7,-0.00017846348782768473,405
8L64178,9,-0.00017829372143296496,406
8N73514,7,-0.00017753059631786527,407
8747520,5,-0.00017708998848320334,408
8N14227,5,-0.00017694204370855005,409
8651870,5,-0.00017692139226710424,410
8M72737,4,-0.0001765436054483871,411
8P26412,5,-0.00017631020978114975,412
8N72496,2,-0.00017596367348460262,413
8N87974,13,-0.00017373985656377045,414
8939374,7,-0.00017358889834895308,415
8M72736,4,-0.0001735150900969984,416
8P14976,14,-0.0001732741753812661,417
8M31262,5,-0.00017307588154835685,418
8N73619,13,-0.00017225770943696261,419
8N13931,5,-0.0001720191921776859,420
8N05878,11,-0.00017115756145358318,421
8981274,5,-0.00017079430926969508,422
8L57814,2,-0.00017028191541612614,423
8N06887,14,-0.000169653271768766,424
8L19899,6,-0.00016933035931288032,425
8P11543,15,-0.0001693083931968431,426
8309260,5,-0.000168658965094437,427
8168602,10,-0.00016863800738065038,428
8L49974,5,-0.00016855930664405605,429
8N06498,12,-0.0001683773411969014,430
8N06464,12,-0.0001682336474004842,431
8N05874,11,-0.00016792242803376212,432
8N27122,7,-0.00016760710843755078,433
8M31420,10,-0.0001675949606578797,434
8L52345,11,-0.0001675794915172446,435
8309274,5,-0.0001673414112701721,436
8732615,9,-0.00016515906418135273,437
8N27951,4,-0.00016485302126056922,438
8L19556,8,-0.00016468622220600082,439
8N73658,13,-0.0001646527242655793,440
8939534,5,-0.00016418149175478902,441
8N87353,4,-0.0001634968945154469,442
8651795,2,-0.00016345585811450292,443
8N73666,13,-0.00016342046342288086,444
8N87114,4,-0.00016280764464227104,445
8887304,7,-0.00016240366858255584,446
8M31212,11,-0.00016219155418184528,447
8N73946,12,-0.00016212362561418558,448
8N14622,13,-0.00016118114376695303,449
8N87563,11,-0.0001609638004538283,450
8981273,5,-0.00016085853775393844,451
8M72653,0,-0.00016065478095583785,452
8N42733,4,-0.00016061599808381288,453
8L48754,11,-0.00016053717558861536,454
8M72422,13,-0.000160304652126797,455
8L89486,11,-0.00015861091037550068,456
8N14446,4,-0.0001585191116646456,457
8L30596,4,-0.00015802615189386415,458
8L48463,10,-0.00015765046373417135,459
8N14577,11,-0.00015738595539005473,460
8N73465,11,-0.00015710409684288607,461
8L89365,5,-0.00015670085667807143,462
8N72269,6,-0.000155529663516063,463
8N13930,5,-0.0001553917607850508,464
8800059,4,-0.00015514739061472937,465
8N06462,12,-0.00015513254837173918,466
8M31331,5,-0.0001548740765429102,467
8P11561,14,-0.00015381326284114039,468
8939368,7,-0.00015374570239146124,469
8800051,7,-0.00015340490153903374,470
8N42697,5,-0.00015269708433152118,471
8800095,6,-0.0001525444849903579,472
8N05699,15,-0.00015253044193741516,473
8M71460,13,-0.00015201639484985208,474
8N14534,11,-0.0001515785288574989,475
8N13605,14,-0.00015143770406211843,476
8887036,9,-0.0001511620885139564,477
8747551,10,-0.00015077332500368357,478
8L52352,11,-0.00015057767680559664,479
8M72806,4,-0.00014958096767259121,480
8M31551,6,-0.00014950695566540162,481
8681370,5,-0.00014880765365887783,482
8M72643,4,-0.00014829186284259777,483
8N73245,14,-0.00014797216772421962,484
8747868,7,-0.00014772704116694513,485
8N14533,11,-0.00014761811121388746,486
8N28818,5,-0.00014731377723364858,487
8N27581,5,-0.0001470451379645965,488
8N73505,5,-0.00014627473387918144,489
8N42717,5,-0.00014566727609910401,490
8681290,7,-0.00014470049472947721,491
8N73238,12,-0.00014448784713749774,492
8L89754,5,-0.00014444718635786558,493
8N06486,14,-0.00014379369247308205,494
8939038,4,-0.0001430588852144865,495
8N05942,2,-0.00014245620846509155,496
8N13479,8,-0.0001421204375446905,497
8939684,11,-0.00014169249527640204,498
8L64134,5,-0.00014138625897430757,499
8N05661,13,-0.0001413680136010953,500
8N42505,5,-0.00014120229934633244,501
8747406,0,-0.00014087921897498745,502
8N05261,13,-0.00014064888793541286,503
8N73564,6,-0.00014044034901417035,504
8N73831,5,-0.00014042488237464568,505
8N14975,7,-0.0001403852999146693,506
8M72568,11,-0.00014028357372808387,507
8P11531,15,-0.00014016949171491433,508
8L89436,5,-0.00013928034155696878,509
8L52393,12,-0.00013923574783802906,510
8L89503,5,-0.00013918185140937567,511
8N06698,14,-0.00013875558685860767,512
8414806,5,-0.00013861518027624697,513
8L30162,12,-0.00013798893871808104,514
8M71208,5,-0.00013750816742685856,515
8L19693,2,-0.00013736488926952006,516
8N05300,13,-0.0001367526714233236,517
8N05168,12,-0.00013672784007212613,518
8939151,4,-0.000136643812084003,519
8N28541,9,-0.00013635507298204175,520
8M31438,4,-0.00013594756175905331,521
8L64144,8,-0.00013569965267379303,522
8N14593,11,-0.0001355623852532517,523
8934329,5,-0.00013513651947505423,524
8981824,5,-0.00013502786077879136,525
8N73662,13,-0.00013454739791995962,526
8N06999,6,-0.00013384695796503365,527
8981293,5,-0.00013354780890040274,528
8L30724,12,-0.0001333031972308163,529
8M71453,13,-0.0001330308650722145,530
8887379,4,-0.0001329188919498847,531
8L57988,13,-0.00013234951939011808,532
8M71442,12,-0.00013209227790866862,533
8L89324,5,-0.0001319281400355976,534
8N73477,11,-0.00013185442730900832,535
8M72633,6,-0.0001317382877914497,536
8934880,8,-0.00013151125847343792,537
8N05155,12,-0.00013136733844021364,538
8L30766,12,-0.0001310762979755964,539
8309164,10,-0.00013103158039484697,540
8939093,10,-0.00013076803224976175,541
8N87853,14,-0.00013054013697910705,542
8M71084,2,-0.00013045708283243584,543
8N42144,2,-0.00012932582785651903,544
8866658,8,-0.00012797909403161611,545
8309254,5,-0.00012786282240995206,546
8N05146,12,-0.00012764059977143916,547
8N73097,5,-0.00012748710264531837,548
8981280,5,-0.0001268802950562531,549
8800178,6,-0.00012683960994763765,550
8887421,6,-0.0001261602810700424,551
8N87622,15,-0.00012608918086698395,552
8L30634,12,-0.00012596175520229735,553
8N27325,4,-0.0001259454836031182,554
8800548,9,-0.00012587803200858616,555
8N13114,14,-0.00012536015370301357,556
8730444,1,-0.0001251114531441999,557
8L19578,8,-0.00012497619587747977,558
8N05569,8,-0.0001248768776349607,559
8P14977,14,-0.0001246962306140631,560
8N87944,13,-0.00012403046042663846,561
8N27092,14,-0.00012360816106138373,562
8747940,4,-0.00012259864206498605,563
8L48781,11,-0.00012256889340278576,564
8M72016,2,-0.00012253408021933865,565
8L89374,5,-0.0001224151356780112,566
8N42517,5,-0.00012232131552991632,567
8N87851,14,-0.00012211648686388799,568
8800477,4,-0.00012185851553070393,569
8800391,5,-0.00012167878048785497,570
8N13455,11,-0.00012115363881548546,571
8981147,11,-0.00012065262762916973,572
8943429,2,-0.00012047673567394668,573
8L52347,11,-0.00012037770761708089,574
8M72087,5,-0.00012014944240945624,575
8L48410,5,-0.00011987616608166718,576
8N13983,5,-0.00011977355688941316,577
8651548,4,-0.0001195488371195097,578
8L64813,2,-0.00011929078527828096,579
8800376,4,-0.0001188265165978919,580
8L64872,11,-0.00011850458412254739,581
8N73614,14,-0.00011848019130411558,582
8M72309,8,-0.00011834754582906726,583
8681261,0,-0.00011815672201009875,584
8934406,8,-0.00011777557392633753,585
8P14866,15,-0.00011704542305324139,586
8N05883,11,-0.00011703833263254637,587
8N72066,2,-0.00011697338251792644,588
8N05164,12,-0.00011677028373924259,589
8M71358,12,-0.00011659171838118709,590
8P14993,14,-0.00011593930480557901,591
8L89376,5,-0.00011578154544622521,592
8N72946,13,-0.00011556210029084468,593
8747865,9,-0.00011554169832805883,594
8N05867,11,-0.00011545023176040559,595
8N87530,11,-0.00011533213501024875,596
8681056,6,-0.00011528689378792478,597
8N06831,11,-0.00011524258889039629,598
8M71819,6,-0.00011511472990832772,599
8P14664,2,-0.000114438762935265,600
8N73724,14,-0.00011413776513613527,601
8887211,4,-0.00011408935301915335,602
8981711,0,-0.00011396962531762256,603
8N06678,14,-0.00011394143302823068,604
8800490,10,-0.00011364397641955293,605
8N87539,11,-0.00011350609366900244,606
8M71125,13,-0.00011346498899911239,607
8981277,5,-0.00011329719836794538,608
8L52535,5,-0.00011321515194140375,609
8681055,6,-0.00011280480688924399,610
8N13419,2,-0.00011208095411774366,611
8866773,10,-0.00011201670207583447,612
8N06687,14,-0.00011178673270251238,613
8M31480,5,-0.00011177167937148624,614
8M31278,4,-0.00011091125433893012,615
8N87847,14,-0.00011046023882954614,616
8P11429,1,-0.0001104353308392092,617
8N87823,14,-0.00010996817263730918,618
8N73239,12,-0.00010957360791508108,619
8N05462,5,-0.00010945937810902251,620
8L89298,10,-0.0001094488025046303,621
8N72512,4,-0.00010941541745523864,622
8N73618,13,-0.00010931216058907012,623
8N73184,15,-0.00010929358290923119,624
8732588,7,-0.00010912129772577828,625
8N05271,13,-0.00010886662013831483,626
8N13848,15,-0.00010876804890358471,627
8M31398,5,-0.00010854449419639423,628
8P26405,5,-0.00010842985261660942,629
8L89256,4,-0.0001082269006928982,630
8N73930,12,-0.00010792671719173086,631
8N87940,13,-0.00010784841470012907,632
8N73185,15,-0.00010741131717395547,633
8N42086,2,-0.00010736536285094189,634
8N14003,6,-0.00010706939639248958,635
8N72938,13,-0.00010700804750740645,636
8N87942,13,-0.00010687412995480372,637
8981180,11,-0.0001068234112153732,638
8N73407,4,-0.00010669705375221383,639
8747713,7,-0.00010647193266777322,640
8939342,7,-0.00010629374401105451,641
8L57913,8,-0.0001061820122458812,642
8M72576,11,-0.00010596459560474614,643
8N05657,13,-0.00010559656271880158,644
8L89507,5,-0.00010542493623688642,645
8L30779,4,-0.00010541847943557059,646
8N73991,12,-0.00010533596793038669,647
8934028,6,-0.00010528437883294828,648
8N72677,11,-0.00010496933111880935,649
8N06495,12,-0.00010478977333150397,650
8M71256,5,-0.00010464632543971675,651
8732680,4,-0.00010438434219395276,652
8981156,12,-0.00010394409048330999,653
8981802,5,-0.00010375276315244264,654
8747504,7,-0.00010356531277011527,655
8M31207,7,-0.00010352156732551521,656
8L48746,11,-0.00010332305828342214,657
8L52230,9,-0.00010282447134102313,658
8N27117,7,-0.00010282389303029049,659
8N73684,13,-0.00010279384878231212,660
8N05277,13,-0.0001027361490741896,661
8M71865,5,-0.00010254605285808793,662
8N28003,2,-0.00010231833903162624,663
8M71372,12,-0.00010223117192253994,664
8N42519,5,-0.00010222260999626087,665
8M71407,0,-0.00010205660623796575,666
8939874,2,-0.00010180118943026173,667
8917812,8,-0.00010179854945135958,668
8N87273,8,-0.00010156956710716258,669
8L30780,4,-0.00010147094661761002,670
8P14970,14,-0.00010093124433296907,671
8732598,7,-0.00010074369893686708,672
8N87886,13,-0.00010044421111388147,673
8857202,4,-0.00010027180451288586,674
8N14829,2,-0.00010025679341651994,675
8N05189,13,-9.984226568349186e-05,676
8N05159,12,-9.98388438802067e-05,677
8681060,6,-9.981033896622193e-05,678
8N05149,12,-9.97061584158132e-05,679
8309165,10,-9.948535080184229e-05,680
8747517,5,-9.947824069911348e-05,681
8681486,2,-9.910208864027936e-05,682
8M71380,12,-9.892932257571374e-05,683
8N87368,4,-9.883346396577508e-05,684
8L52205,8,-9.85102124104742e-05,685
8939369,7,-9.845931549534725e-05,686
8N14015,7,-9.79016522251186e-05,687
8N73440,11,-9.76904705112247e-05,688
8N72934,13,-9.75470275079715e-05,689
8L30767,12,-9.750566186994547e-05,690
8981296,5,-9.718949058878934e-05,691
8N14626,13,-9.68993390060291e-05,692
8747799,4,-9.687244209999335e-05,693
8L48742,11,-9.672936107563146e-05,694
8N72952,13,-9.610015874272904e-05,695
8917944,8,-9.59542551299819e-05,696
8N87582,11,-9.584871827428287e-05,697
8P14869,14,-9.58397033627989e-05,698
8M31352,5,-9.581992139828799e-05,699
8981657,2,-9.573972238285933e-05,700
8N73998,14,-9.561432682403392e-05,701
8N28756,5,-9.523807137412632e-05,702
8N06893,11,-9.505039406576543e-05,703
8N73200,15,-9.504884474154096e-05,704
8816918,5,-9.48433589655906e-05,705
8N73448,11,-9.44717096444947e-05,706
8L30500,2,-9.445214845982264e-05,707
8M31936,4,-9.440407529837103e-05,708
8N14905,6,-9.434803178010043e-05,709
8N72353,4,-9.429390865989262e-05,710
8N14690,13,-9.421372779172543e-05,711
8N05087,6,-9.393120319600712e-05,712
8N14552,11,-9.354690519103315e-05,713
8M72891,0,-9.349872016173322e-05,714
8P11070,2,-9.339283838016854e-05,715
8L52680,9,-9.331905184595257e-05,716
8N13667,13,-9.317338731307245e-05,717
8M72694,14,-9.303219087541947e-05,718
8N42645,7,-9.280946949274949e-05,719
8N87632,15,-9.273378850593872e-05,720
8P14111,5,-9.246303506671438e-05,721
8N73446,11,-9.240792996934033e-05,722
8N06490,12,-9.227051077687065e-05,723
8747805,6,-9.213426812948455e-05,724
8N05030,5,-9.183328141659786e-05,725
8N72955,13,-9.175554237117467e-05,726
8L26538,10,-9.16082899493631e-05,727
8P14472,5,-9.143902525465819e-05,728
8P26917,15,-9.140807912899618e-05,729
8N05624,14,-9.132943017675643e-05,730
8N87905,13,-9.12523809972754e-05,731
8N14348,15,-9.124484998324078e-05,732
8L52950,5,-9.11910728973453e-05,733
8M31706,4,-9.094205208270978e-05,734
8N05648,11,-9.037345989781898e-05,735
8L52315,12,-9.033461196850112e-05,736
8N73357,15,-9.031819337224078e-05,737
8887352,5,-9.027548685480724e-05,738
8N14343,15,-9.025250028571463e-05,739
8N42476,14,-9.000816237403342e-05,740
8168617,8,-8.977351188832472e-05,741
8N14294,15,-8.975492255558493e-05,742
8N14904,4,-8.973061721917475e-05,743
8N28687,5,-8.907059202556411e-05,744
8M72602,5,-8.882697824219576e-05,745
8M31583,5,-8.871977775015694e-05,746
8N13854,15,-8.853194418634303e-05,747
8M72413,13,-8.835957149244678e-05,748
8N73025,0,-8.808413406313775e-05,749
8P14974,14,-8.799918873592105e-05,750
8L52210,4,-8.729645924177021e-05,751
8747273,2,-8.715820979432465e-05,752
8N87578,11,-8.709047688171268e-05,753
8730451,1,-8.663033679567889e-05,754
8651658,6,-8.6603893123538e-05,755
8N73241,12,-8.650231848150725e-05,756
8P14075,5,-8.632366871097474e-05,757
8L89521,5,-8.596391313631102e-05,758
8N05706,4,-8.575431911594933e-05,759
8N27413,5,-8.568049193513616e-05,760
8N87579,11,-8.552423037144763e-05,761
8N73199,15,-8.552106577042196e-05,762
8N73486,11,-8.547253219148843e-05,763
8L48755,11,-8.533935306331841e-05,764
8N73498,12,-8.520357641828014e-05,765
8N05438,6,-8.504932361574902e-05,766
8747872,6,-8.475001288843487e-05,767
8M71351,12,-8.47184255690081e-05,768
8N06676,14,-8.465016617265064e-05,769
8N27090,14,-8.456994964944897e-05,770
8887349,5,-8.445679841884157e-05,771
8N28460,2,-8.428451496911293e-05,772
8N72674,11,-8.420958749866259e-05,773
8730445,1,-8.413756086156354e-05,774
8N05418,1,-8.410587358298471e-05,775
8P14459,0,-8.396695352530514e-05,776
8L30090,13,-8.396249450015603e-05,777
8N06776,10,-8.357296997019148e-05,778
8N14984,6,-8.356145184507113e-05,779
8L52534,5,-8.337426629623224e-05,780
8N72804,14,-8.323856647507455e-05,781
8800046,5,-8.321489690388262e-05,782
8N06674,14,-8.30515543839283e-05,783
8M71596,4,-8.265597648460243e-05,784
8N87067,5,-8.17952495708596e-05,785
8N28853,5,-8.146451887114381e-05,786
8N13669,13,-8.090635674307123e-05,787
8794352,1,-8.084943567610026e-05,788
8981723,5,-8.074738536834047e-05,789
8N28783,5,-8.072295850070077e-05,790
8981207,12,-8.063200471042364e-05,791
8N14351,15,-8.032417076009324e-05,792
8N42120,8,-7.967646206452628e-05,793
8N05879,11,-7.965696408973599e-05,794
8P14987,14,-7.954384841468709e-05,795
8P14658,2,-7.945811324816532e-05,796
8939746,5,-7.92514199474681e-05,797
8N42649,7,-7.903145655063781e-05,798
8M71290,6,-7.896782483385323e-05,799
8N14602,13,-7.894084717463556e-05,800
8939037,4,-7.892442619095164e-05,801
8N13651,14,-7.876340714574326e-05,802
8N42262,4,-7.864964379677986e-05,803
8N05538,5,-7.85402542646807e-05,804
8N42657,0,-7.806664950749109e-05,805
8N13654,14,-7.788262598751317e-05,806
8L52592,7,-7.776953202665027e-05,807
8N13681,13,-7.772123649374407e-05,808
8681001,4,-7.764344812244417e-05,809
8981208,12,-7.714369826317125e-05,810
8N87852,14,-7.706529410711482e-05,811
8N28405,9,-7.704989388912509e-05,812
8M71306,6,-7.68971824527398e-05,813
8800937,10,-7.669623369110923e-05,814
8N28148,2,-7.669585738767637e-05,815
8M72877,5,-7.668364310120523e-05,816
8N73629,13,-7.667168142688752e-05,817
8N42674,5,-7.665184193683672e-05,818
8M72878,5,-7.649794724784442e-05,819
8939159,0,-7.644339450507687e-05,820
8N06727,4,-7.629265439845767e-05,821
8N14113,5,-7.612764329678612e-05,822
8N13676,13,-7.602543792017968e-05,823
8L89641,4,-7.59863150392448e-05,824
8N87762,4,-7.597560170324869e-05,825
8747608,5,-7.583040372338701e-05,826
8981707,5,-7.5506133498493e-05,827
8N13948,4,-7.524964837557491e-05,828
8904733,12,-7.515642016642232e-05,829
8N73244,14,-7.485161313525168e-05,830
8N73478,11,-7.469143758953578e-05,831
8N73694,13,-7.44791257147881e-05,832
8747223,5,-7.443833953857393e-05,833
8N14212,7,-7.435260158672463e-05,834
8N73630,13,-7.357386368767038e-05,835
8N14581,11,-7.342298874846165e-05,836
8L26596,6,-7.33400188437372e-05,837
8N05627,14,-7.315501125049195e-05,838
8794353,1,-7.311961962841451e-05,839
8309277,5,-7.308991507670726e-05,840
8651804,4,-7.217742290777096e-05,841
8P11519,14,-7.20854416158545e-05,842
8P11517,14,-7.200366826509708e-05,843
8N06037,2,-7.19218583071779e-05,844
8P14514,2,-7.157587674555543e-05,845
8N05691,15,-7.11910502104729e-05,846
8P14979,14,-7.116085407687933e-05,847
8N87897,13,-7.115426205928088e-05,848
8P26195,5,-7.113460469554411e-05,849
8N87516,11,-7.085593119882105e-05,850
8N87813,14,-7.078440955865517e-05,851
8857609,9,-7.064260296374414e-05,852
8N72330,4,-7.059456947899889e-05,853
8N28914,2,-7.041828393994365e-05,854
8N73475,11,-7.024090018603601e-05,855
8N73901,11,-7.010499024318051e-05,856
8P26537,9,-6.992920856419005e-05,857
8N73931,12,-6.977624320825271e-05,858
8M31825,12,-6.968662023609795e-05,859
8P26702,7,-6.94768322659911e-05,860
8L52943,6,-6.925965257664757e-05,861
8N73625,13,-6.920502104890147e-05,862
8747606,5,-6.868788557312655e-05,863
8M31602,5,-6.835832698470767e-05,864
8N14902,6,-6.830845222793869e-05,865
8M31928,5,-6.803186261095107e-05,866
8N42786,5,-6.80152477343654e-05,867
8N28926,9,-6.793236707380856e-05,868
8N73468,11,-6.788992619988221e-05,869
8L89399,6,-6.784429706385708e-05,870
8L52358,11,-6.760275056194587e-05,871
8747295,9,-6.758075551260845e-05,872
8887490,10,-6.75011912676382e-05,873
8L89613,4,-6.719648524722288e-05,874
8L52597,6,-6.717631720221107e-05,875
8N87536,11,-6.704144809077661e-05,876
8981850,6,-6.68249357431705e-05,877
8N05628,14,-6.680876458631246e-05,878
8747100,5,-6.673140054402893e-05,879
8P14938,14,-6.672863888468328e-05,880
8N05653,11,-6.66664509481052e-05,881
8L30899,11,-6.650675993569166e-05,882
8981971,2,-6.646892745720834e-05,883
8N72716,4,-6.646276671062878e-05,884
8732696,4,-6.62816013345946e-05,885
8887210,4,-6.617506141992635e-05,886
8L64459,13,-6.615876901605589e-05,887
8168650,5,-6.612956303797546e-05,888
8N72825,14,-6.611904899500587e-05,889
8N13688,13,-6.601135645212253e-05,890
8866799,6,-6.60085120500753e-05,891
8M72897,6,-6.590526936633978e-05,892
8N42735,4,-6.57624517828026e-05,893
8N87826,14,-6.548979309783931e-05,894
8P14144,5,-6.54560930399839e-05,895
8L89299,10,-6.530106770696875e-05,896
8887238,1,-6.52763917514676e-05,897
8N27053,14,-6.523985833695178e-05,898
8N87879,13,-6.521627584099576e-05,899
8M71268,5,-6.52088410788565e-05,900
8N05206,12,-6.491980320788571e-05,901
8981267,5,-6.482775825134013e-05,902
8887368,5,-6.454779997966398e-05,903
8981823,5,-6.454595995819545e-05,904
8L48459,10,-6.433772293235052e-05,905
8P14604,7,-6.429590306744615e-05,906
8M31532,5,-6.428242727452016e-05,907
8939494,0,-6.412229959096294e-05,908
8L64171,8,-6.383449476743408e-05,909
8L19979,5,-6.373040372409378e-05,910
8800181,6,-6.368149260538303e-05,911
8943766,2,-6.344508909705837e-05,912
8N14041,4,-6.34108986901083e-05,913
8M71452,13,-6.324090213638556e-05,914
8N73637,13,-6.314980549859683e-05,915
8732247,4,-6.312683649412065e-05,916
8N87387,5,-6.289184875640785e-05,917
8N73654,13,-6.26473133138461e-05,918
8L48651,5,-6.258151006477419e-05,919
8887364,9,-6.258086591515166e-05,920
8747554,5,-6.22818209876641e-05,921
8L89836,5,-6.227477564380024e-05,922
8747588,2,-6.222841398084711e-05,923
8N13686,13,-6.200602535955113e-05,924
8N42911,6,-6.151015560362794e-05,925
8747941,4,-6.143178279671702e-05,926
8N14628,13,-6.105850385296208e-05,927
8N06508,4,-6.0982474678894505e-05,928
8N05230,12,-6.0812247866692815e-05,929
8N87841,14,-6.064355750368122e-05,930
8P14341,15,-6.064320518817112e-05,931
8N14052,4,-6.035977298779471e-05,932
8N87972,13,-6.030279860169685e-05,933
8651765,7,-6.007585534462123e-05,934
8981009,5,-5.995222500132513e-05,935
8N27474,2,-5.989588862576056e-05,936
8887356,10,-5.986894518628105e-05,937
8N14689,13,-5.986542362279579e-05,938
8939340,7,-5.948518560217053e-05,939
8L89366,5,-5.946137696355436e-05,940
8934225,4,-5.933424358772754e-05,941
8887310,5,-5.896035702335212e-05,942
8N27405,7,-5.868913035556034e-05,943
8N06697,14,-5.8442272006686835e-05,944
8N72928,13,-5.842659035693032e-05,945
8N87342,5,-5.809225649500149e-05,946
8747258,6,-5.7989821243609185e-05,947
8N87070,5,-5.7895971622201614e-05,948
8L89664,0,-5.779464953548086e-05,949
8732700,4,-5.7382670121342017e-05,950
8N05689,15,-5.725959314872853e-05,951
8L64202,4,-5.714986821203638e-05,952
8L48768,11,-5.710325490326795e-05,953
8800567,6,-5.700131941921427e-05,954
8N14022,4,-5.675255775372534e-05,955
8M71493,13,-5.665427525514133e-05,956
8934380,4,-5.662637522618752e-05,957
8M31940,5,-5.651190748778845e-05,958
8N72945,13,-5.6496019098517536e-05,959
8N72958,13,-5.647602836234e-05,960
8L64271,5,-5.634368812934554e-05,961
8M72749,1,-5.624210211863101e-05,962
8N73499,12,-5.623645756713813e-05,963
8L30777,12,-5.6052637091852375e-05,964
8P14874,14,-5.579623547191659e-05,965
8N06890,11,-5.578019408858381e-05,966
8M72649,4,-5.564725927342806e-05,967
8L48763,11,-5.560070212595747e-05,968
8N05679,15,-5.5596545280423015e-05,969
8L52221,8,-5.549878133592756e-05,970
8P14053,5,-5.531011748871606e-05,971
8N87821,14,-5.5280389005929464e-05,972
8L64015,11,-5.5179681339723174e-05,973
8N87513,11,-5.504703273118139e-05,974
8N72483,2,-5.4973616055775665e-05,975
8816919,6,-5.457395613461813e-05,976
8N28209,2,-5.416161729954183e-05,977
8N73945,12,-5.414449128693377e-05,978
8L30764,12,-5.4089870275220164e-05,979
8N13623,14,-5.3878979315413744e-05,980
8L52209,4,-5.360215880045871e-05,981
8N87955,13,-5.3232391280744196e-05,982
8N72961,13,-5.313036482590405e-05,983
8N73800,15,-5.304774748537966e-05,984
8N05121,14,-5.295400139004869e-05,985
8N28754,5,-5.2866001681195485e-05,986
8N13927,5,-5.282051552057965e-05,987
8L30286,5,-5.2820092946603836e-05,988
8M72933,5,-5.255105946844196e-05,989
8939122,4,-5.2463462097307456e-05,990
8800478,4,-5.220624029789178e-05,991
8N72347,5,-5.2086354685343395e-05,992
8N06559,4,-5.1909474223066354e-05,993
8N73223,12,-5.182950644666562e-05,994
8M71867,5,-5.1821503916471556e-05,995
8N05364,15,-5.179615209272015e-05,996
8800060,4,-5.16920672453125e-05,997
8P11566,14,-5.157837881597516e-05,998
8816949,4,-5.1568402795965085e-05,999
8N87362,5,-5.1434950478324026e-05,1000
8939366,7,-5.133371037402412e-05,1001
8904661,2,-5.116616149791753e-05,1002
8N27070,14,-5.1104563340231834e-05,1003
8N73644,13,-5.103030173359002e-05,1004
8L64996,10,-5.085153088657535e-05,1005
8800029,4,-5.076621541988402e-05,1006
8N06855,11,-5.075147919342271e-05,1007
8981185,12,-5.054855030550698e-05,1008
8N73928,11,-5.0376972652088625e-05,1009
8N05658,13,-5.020019057155878e-05,1010
8N06671,14,-5.0159269846972165e-05,1011
8N27476,2,-5.0120740070269676e-05,1012
8981012,5,-5.010290340123902e-05,1013
8N27965,8,-4.993633569938538e-05,1014
8N05193,13,-4.99350456806269e-05,1015
8N14287,15,-4.985423561265634e-05,1016
8P14968,14,-4.942166901855671e-05,1017
8747534,5,-4.9261007234235876e-05,1018
8L49910,5,-4.9086702574641095e-05,1019
8M72935,5,-4.9075438141699124e-05,1020
8P11748,7,-4.905076764316618e-05,1021
8N05109,12,-4.890752984465507e-05,1022
8118424,6,-4.88510231662076e-05,1023
8N73186,15,-4.880910807969485e-05,1024
8943113,7,-4.8510489250475075e-05,1025
8M71448,13,-4.849146978358476e-05,1026
8N87866,13,-4.8286109617379225e-05,1027
8N42498,14,-4.826819321124276e-05,1028
8L64849,9,-4.819485258167333e-05,1029
8N14685,13,-4.803417894549966e-05,1030
8M71486,13,-4.802935472980607e-05,1031
8M72832,6,-4.7988390861064545e-05,1032
8N05308,13,-4.791805940840277e-05,1033
8N06347,4,-4.754273697926692e-05,1034
8N05200,13,-4.7497080458924756e-05,1035
8N05201,12,-4.736617916023533e-05,1036
8887290,5,-4.7327731181212584e-05,1037
8L30168,12,-4.7033269424900936e-05,1038
8N27981,10,-4.7027258233356406e-05,1039
8N42658,0,-4.651269409805536e-05,1040
8M72764,6,-4.644574607937102e-05,1041
8747734,7,-4.636214407582884e-05,1042
8N14555,11,-4.620504046215501e-05,1043
8N05299,13,-4.619720493792556e-05,1044
8L52401,5,-4.615927099393957e-05,1045
8651942,7,-4.608231950342656e-05,1046
8866791,5,-4.598862739157994e-05,1047
8N05269,13,-4.578445054903568e-05,1048
8N28149,2,-4.561763154242726e-05,1049
8917941,8,-4.5617420823873545e-05,1050
8N05259,13,-4.554936458589509e-05,1051
8N06672,14,-4.551985398393299e-05,1052
8P26748,7,-4.550692082716523e-05,1053
8M72644,4,-4.5416795842356805e-05,1054
8N72738,4,-4.536316964731668e-05,1055
8598907,6,-4.497504005485098e-05,1056
8N05865,11,-4.494746684713391e-05,1057
8N05273,13,-4.49416591550289e-05,1058
8L89752,5,-4.492378003817521e-05,1059
8N13684,13,-4.483049377768111e-05,1060
8N14650,13,-4.47092563717888e-05,1061
8L64540,12,-4.462069830424298e-05,1062
8N27621,14,-4.4423263943826896e-05,1063
8N73496,12,-4.441725218384818e-05,1064
8M31634,4,-4.437342602159333e-05,1065
8L30449,4,-4.43219239514292e-05,1066
8681054,4,-4.431545713146079e-05,1067
8M71361,12,-4.4150939174869563e-05,1068
8N87844,14,-4.403638421024425e-05,1069
8L30298,5,-4.40254539171292e-05,1070
8800404,5,-4.371679055736877e-05,1071
8N87617,15,-4.364539006473933e-05,1072
8N87830,14,-4.3640991293614206e-05,1073
8L89273,5,-4.339845872891601e-05,1074
8N06896,11,-4.3316859319020296e-05,1075
8M71532,4,-4.325430455764945e-05,1076
8M72965,0,-4.308056395530002e-05,1077
8N73642,13,-4.2847470240303664e-05,1078
8732671,7,-4.2816515929189336e-05,1079
8L19991,0,-4.280447797100351e-05,1080
8N05641,14,-4.266128462404595e-05,1081
8168655,5,-4.257938383034343e-05,1082
8N73607,14,-4.255617233184239e-05,1083
8N14971,7,-4.250004406003427e-05,1084
8N05262,13,-4.2240339553245576e-05,1085
8N72956,13,-4.216871838025327e-05,1086
8L48761,11,-4.206848871035618e-05,1087
8981733,5,-4.200247713015415e-05,1088
8M31954,4,-4.1919566683645826e-05,1089
8M71277,4,-4.182725970736101e-05,1090
8N05135,12,-4.163667654211167e-05,1091
8730461,8,-4.1506474531161075e-05,1092
8N14005,6,-4.1494932588648226e-05,1093
8L48446,5,-4.142896147740771e-05,1094
8L52343,11,-4.135874866051381e-05,1095
8M31516,1,-4.1207202229998074e-05,1096
8L30633,12,-4.116105287721439e-05,1097
8L57955,13,-4.109601832169574e-05,1098
8N14544,11,-4.100236253634648e-05,1099
8N87709,6,-4.089448452759825e-05,1100
8N72683,11,-4.081972013381119e-05,1101
8M72272,2,-4.070261661581753e-05,1102
8N06011,2,-4.0636371977598174e-05,1103
8L48435,2,-4.051526056514376e-05,1104
8887202,4,-4.0503757418264286e-05,1105
8N05884,11,-4.0477016597151305e-05,1106
8N73423,6,-4.0475284095009556e-05,1107
8N42794,4,-4.047193787926062e-05,1108
8309191,4,-4.046666708745761e-05,1109
8939373,7,-4.04588645324111e-05,1110
8732699,4,-4.030340710414748e-05,1111
8N05602,14,-4.027912740411921e-05,1112
8P14955,14,-4.019659300524836e-05,1113
8N14127,0,-4.018971867481014e-05,1114
8N05180,13,-4.002611149189761e-05,1115
8N27834,6,-3.998777331659653e-05,1116
8651903,2,-3.9915147453939426e-05,1117
8L52404,6,-3.991094087041347e-05,1118
8N13526,2,-3.983288036124577e-05,1119
8L52344,11,-3.9777515326022694e-05,1120
8732552,6,-3.9678692701272666e-05,1121
8N13604,14,-3.9540388513614744e-05,1122
8887035,2,-3.9509875250587356e-05,1123
8L64824,2,-3.930311293842692e-05,1124
8904440,11,-3.926504331275282e-05,1125
8943752,0,-3.910369628101762e-05,1126
8L52372,11,-3.905869925802108e-05,1127
8N06859,11,-3.8596822250269724e-05,1128
8981325,6,-3.8531417203557794e-05,1129
8N13616,14,-3.84203753753809e-05,1130
8732503,8,-3.8399671893785126e-05,1131
8934339,10,-3.8290871259505366e-05,1132
8L48399,0,-3.825673547908082e-05,1133
8N05156,12,-3.8083126867149986e-05,1134
8981601,10,-3.80821561520861e-05,1135
8N13949,4,-3.8017522456357256e-05,1136
8N27068,14,-3.800336776293989e-05,1137
8N06867,11,-3.794273573021201e-05,1138
8N05160,12,-3.771286401388352e-05,1139
8N28220,2,-3.768965848394146e-05,1140
8681098,6,-3.7500187829664355e-05,1141
8M31266,4,-3.737352685106998e-05,1142
8N06828,11,-3.7337231873380006e-05,1143
8N87908,13,-3.732535697054118e-05,1144
8P14962,14,-3.730284106495674e-05,1145
8N06850,11,-3.727205978520942e-05,1146
8800935,10,-3.715869399911753e-05,1147
8N14596,11,-3.711741335266083e-05,1148
8P14171,5,-3.703127409693252e-05,1149
8P14402,1,-3.701401737998822e-05,1150
8N87898,13,-3.695147893267858e-05,1151
8N14619,13,-3.693016375905245e-05,1152
8L30352,7,-3.689108303028821e-05,1153
8N42718,5,-3.684902685563429e-05,1154
8N05890,11,-3.683096642248529e-05,1155
8N14350,15,-3.682701208163053e-05,1156
8934072,5,-3.681770408547891e-05,1157
8L89770,13,-3.67896657280653e-05,1158
8L89640,5,-3.6788130273635034e-05,1159
8N87371,4,-3.677148561109789e-05,1160
8P14958,14,-3.672104622864936e-05,1161
8N27030,14,-3.660920219772379e-05,1162
8N06866,11,-3.660156289697625e-05,1163
8N06874,11,-3.640378650970888e-05,1164
8816954,4,-3.630886840255698e-05,1165
8N05868,11,-3.626754153174261e-05,1166
8P14997,15,-3.616384918103677e-05,1167
8816467,4,-3.6058200381994254e-05,1168
8M72593,11,-3.604346608199194e-05,1169
8L89441,4,-3.6035500954767485e-05,1170
8N14910,5,-3.600568470574217e-05,1171
8N87843,14,-3.597097065721755e-05,1172
8M72618,4,-3.5839704196405364e-05,1173
8939492,0,-3.57270370230367e-05,1174
8747725,5,-3.570658349616451e-05,1175
8N87861,14,-3.5635372285014455e-05,1176
8L52598,10,-3.56279722382169e-05,1177
8P14856,14,-3.548291920196789e-05,1178
8N13861,15,-3.547432430650588e-05,1179
8M71141,13,-3.5447757767315125e-05,1180
8N05614,14,-3.5388566743677075e-05,1181
8309190,4,-3.538747978382162e-05,1182
8730413,4,-3.536244824431378e-05,1183
8P11064,2,-3.525657632508228e-05,1184
8747701,8,-3.5181868724976084e-05,1185
8732647,5,-3.516489618959895e-05,1186
8M31872,5,-3.504906374018901e-05,1187
8N87558,11,-3.503154982809065e-05,1188
8P14329,14,-3.4974438221979653e-05,1189
8747294,9,-3.481444400676992e-05,1190
8168698,5,-3.4616390394148766e-05,1191
8N05896,11,-3.459106810055346e-05,1192
8P26692,7,-3.457353216163028e-05,1193
8N73431,11,-3.450153954531743e-05,1194
8N13859,15,-3.420814709897968e-05,1195
8L19969,5,-3.410511681067874e-05,1196
8M72882,4,-3.4016770996458945e-05,1197
8N28909,8,-3.38804278499083e-05,1198
8N14692,13,-3.3860243433991855e-05,1199
8N42928,5,-3.379131146630243e-05,1200
8N27917,5,-3.375553524165298e-05,1201
8N13668,13,-3.370145316239359e-05,1202
8866779,1,-3.366343457855692e-05,1203
8N28528,9,-3.362941947671061e-05,1204
8N72964,13,-3.3476220750117136e-05,1205
8N05607,14,-3.331640175474604e-05,1206
8651979,5,-3.317351922760281e-05,1207
8800303,5,-3.3096150104938715e-05,1208
8N27903,6,-3.304345511878637e-05,1209
8939819,2,-3.2991398711601505e-05,1210
8939836,8,-3.294895098804318e-05,1211
8N14299,15,-3.292333713034168e-05,1212
8M31548,6,-3.2875250099095865e-05,1213
8939860,8,-3.286015828507516e-05,1214
8P14842,14,-3.279296717551006e-05,1215
8N87566,11,-3.2689490645054775e-05,1216
8P11320,4,-3.2630867053740076e-05,1217
8M31863,6,-3.256322150946289e-05,1218
8N42702,6,-3.254422506415722e-05,1219
8M31632,5,-3.2466060126523644e-05,1220
8L89562,12,-3.2456835192817834e-05,1221
8M31509,4,-3.237595582916697e-05,1222
8N73964,12,-3.2331248895900444e-05,1223
8816456,6,-3.218072076549561e-05,1224
8747549,10,-3.217793198473373e-05,1225
8N27330,4,-3.216043933207402e-05,1226
8N05140,12,-3.214483524516254e-05,1227
8730437,5,-3.202279776814976e-05,1228
8N87824,14,-3.201207115921534e-05,1229
8M31544,6,-3.198349514832444e-05,1230
8N14295,15,-3.159340985803283e-05,1231
8934287,7,-3.1585882425133605e-05,1232
8M72446,13,-3.15331895279769e-05,1233
8N27093,2,-3.1425550673702674e-05,1234
8L48744,11,-3.12253237098048e-05,1235
8N42709,4,-3.121058534816257e-05,1236
8N05236,12,-3.116326784180501e-05,1237
8N73460,11,-3.1146418677963084e-05,1238
8N87115,4,-3.099003316542337e-05,1239
8L49911,4,-3.096994987572543e-05,1240
8747740,6,-3.065095302190457e-05,1241
8N73698,13,-3.054054570839071e-05,1242
8981609,5,-3.027089474016975e-05,1243
8N14554,11,-3.0257435923886078e-05,1244
8N87358,4,-3.0232384119699418e-05,1245
8N73631,13,-3.0185899845491804e-05,1246
8N73663,13,-3.0177523740348988e-05,1247
8N87969,13,-3.007373379659839e-05,1248
8943484,2,-2.9991965377007546e-05,1249
8N06463,12,-2.9956854405099875e-05,1250
8N73487,11,-2.976210816996172e-05,1251
8N73484,11,-2.9726786905825975e-05,1252
8N73573,6,-2.9715262257923314e-05,1253
8L52909,2,-2.9687790132015834e-05,1254
8L30416,8,-2.9627329354298126e-05,1255
8N73821,5,-2.9594979650937603e-05,1256
8732294,5,-2.9431259548573507e-05,1257
8M72960,4,-2.941160164482426e-05,1258
8N87265,8,-2.928074945884873e-05,1259
8794302,5,-2.9188629156351453e-05,1260
8N73982,12,-2.91865994768159e-05,1261
8934090,5,-2.8981135756112053e-05,1262
8N05533,5,-2.8977606802982336e-05,1263
8N27892,6,-2.871636354484508e-05,1264
8N27315,5,-2.8700686755200877e-05,1265
8N05572,2,-2.862377573364938e-05,1266
8N73216,12,-2.8490644741197002e-05,1267
8P14061,4,-2.8426126689851117e-05,1268
8N14563,11,-2.833687722159084e-05,1269
8L89692,5,-2.8282061407480796e-05,1270
8L48304,5,-2.8238435106686666e-05,1271
8M72666,5,-2.817739266447461e-05,1272
8N87529,11,-2.815394964272855e-05,1273
8N73990,12,-2.809723446262069e-05,1274
8939749,5,-2.796567196128308e-05,1275
8N28807,6,-2.7948120532528264e-05,1276
8N13968,6,-2.7878116725332802e-05,1277
8L89268,5,-2.777338346504621e-05,1278
8N72717,4,-2.773901559294245e-05,1279
8P11578,5,-2.7734245605870456e-05,1280
8943103,10,-2.7710892254617647e-05,1281
8573752,7,-2.7661074767593163e-05,1282
8N87945,13,-2.7528546695521072e-05,1283
8N14188,5,-2.7480192329676356e-05,1284
8L30604,11,-2.7462008148404493e-05,1285
8N73447,11,-2.7461533591122134e-05,1286
8939184,1,-2.7446536023489898e-05,1287
8N42906,0,-2.7377469706379998e-05,1288
8981095,11,-2.736245335199783e-05,1289
8N13558,2,-2.7283639496999967e-05,1290
8N28554,2,-2.7228738701978727e-05,1291
8887303,7,-2.7137556571688037e-05,1292
8L89470,6,-2.710892204049742e-05,1293
8P11585,4,-2.7034612685383763e-05,1294
8N73633,13,-2.702779084984286e-05,1295
8N06881,11,-2.6955736728950797e-05,1296
8N28030,7,-2.676957160474558e-05,1297
8800617,5,-2.6534585657600473e-05,1298
8N87954,13,-2.6473315415387333e-05,1299
8N05006,4,-2.64287192521806e-05,1300
8L89512,5,-2.6297981605694076e-05,1301
8N72901,13,-2.6242226169870264e-05,1302
8P11535,15,-2.6225626697851112e-05,1303
8L49930,1,-2.6048294586189513e-05,1304
8N06580,4,-2.597691723593698e-05,1305
8N72686,11,-2.5974826314723032e-05,1306
8943829,0,-2.5959536287700757e-05,1307
8N05798,10,-2.5954832636898573e-05,1308
8N87612,15,-2.5883061653075856e-05,1309
8M71513,1,-2.5814199830165308e-05,1310
8N06492,12,-2.572392668298562e-05,1311
8N72983,2,-2.569535013208224e-05,1312
8N28060,7,-2.5684696467020984e-05,1313
8981965,2,-2.563067482697079e-05,1314
8747117,6,-2.5467427917647e-05,1315
8N42681,5,-2.517538541724207e-05,1316
8N14352,15,-2.5165443048535963e-05,1317
8N13977,5,-2.497075365681667e-05,1318
8M72529,11,-2.4765042788477132e-05,1319
8N73986,12,-2.4682859816493874e-05,1320
8M72892,0,-2.4567887720650106e-05,1321
8P14648,2,-2.4523455522285076e-05,1322
8N87923,13,-2.4488018489421393e-05,1323
8N73521,5,-2.4484958316861594e-05,1324
8887496,7,-2.444967899606354e-05,1325
8981962,2,-2.4419520002538775e-05,1326
8168660,1,-2.4418307077667123e-05,1327
8N28469,2,-2.437530110910302e-05,1328
8N05905,0,-2.4320936404365057e-05,1329
8N28246,7,-2.4302813820042957e-05,1330
8L48476,4,-2.423652131255949e-05,1331
8L89030,8,-2.4136601318502926e-05,1332
8P14342,15,-2.4014034238462045e-05,1333
8N14784,6,-2.3999365581062193e-05,1334
8681331,7,-2.3947518229761044e-05,1335
8M31554,6,-2.3850340767239686e-05,1336
8L48457,10,-2.384665253885032e-05,1337
8L52243,5,-2.3826088295209047e-05,1338
8M31865,6,-2.373165369817798e-05,1339
8943534,11,-2.370193737988302e-05,1340
8N73635,13,-2.3610896619175037e-05,1341
8N05102,12,-2.3432559373759432e-05,1342
8M71384,14,-2.342696637924746e-05,1343
8M31969,5,-2.3412721702698036e-05,1344
8L64513,12,-2.340863284189254e-05,1345
8M72792,6,-2.3247089870892523e-05,1346
8N05494,6,-2.3107127390176174e-05,1347
8M31938,5,-2.2893003347235208e-05,1348
8N73507,4,-2.2796075176856334e-05,1349
8N05864,11,-2.2733805025154652e-05,1350
8N14341,15,-2.272432357131038e-05,1351
8M31508,5,-2.2597166179139094e-05,1352
8N28849,5,-2.2558173604636522e-05,1353
8L64215,5,-2.2450381038652267e-05,1354
8651948,5,-2.242402683805267e-05,1355
8P14927,14,-2.2350136532622855e-05,1356
8M72609,5,-2.231405460406677e-05,1357
8L19830,5,-2.2292890037078905e-05,1358
8N28683,5,-2.2270913916599966e-05,1359
8N13685,13,-2.2197228418008308e-05,1360
8M31547,5,-2.2080878466113063e-05,1361
8N73941,12,-2.204634074587375e-05,1362
8N13636,14,-2.2015498871041927e-05,1363
8N13612,14,-2.1901943227931042e-05,1364
8M71378,12,-2.1895110194236622e-05,1365
8N13691,13,-2.1887396883357724e-05,1366
8N06467,12,-2.1876508640161774e-05,1367
8943142,0,-2.181771594678139e-05,1368
8N13644,14,-2.1798433181174914e-05,1369
8N42063,9,-2.160510155135853e-05,1370
8N14571,11,-2.148881264929514e-05,1371
8M71097,5,-2.1165576765014293e-05,1372
8N14584,11,-2.113852110596781e-05,1373
8N06885,11,-2.111148950234565e-05,1374
8N06787,5,-2.0971520825696643e-05,1375
8N05750,4,-2.0940898821208975e-05,1376
8N87831,14,-2.091697297146311e-05,1377
8P11528,15,-2.08920105251309e-05,1378
8N72941,13,-2.0881547129647515e-05,1379
8M71310,5,-2.0877586505818613e-05,1380
8N73959,12,-2.0792051600437844e-05,1381
8N14660,13,-2.0740454459655666e-05,1382
8N87906,13,-2.051008516446018e-05,1383
8M72700,14,-2.045840619757655e-05,1384
8P14262,5,-2.0378403405629797e-05,1385
8P14606,7,-2.0326209096310777e-05,1386
8L64903,5,-2.0121741044931696e-05,1387
8681063,9,-2.0105956147542514e-05,1388
8L30372,2,-2.002397468459094e-05,1389
8N06832,11,-2.0010686213822737e-05,1390
8N73660,13,-1.9988680492133426e-05,1391
8N05150,12,-1.9905531075892213e-05,1392
8118432,4,-1.9884636628830776e-05,1393
8M31826,12,-1.9817672523458896e-05,1394
8L64399,2,-1.9793551835789458e-05,1395
8P14060,4,-1.9659882013911556e-05,1396
8N13679,13,-1.9624328388090362e-05,1397
8P11751,7,-1.9620761548821974e-05,1398
8N14969,7,-1.956191749741265e-05,1399
8P15000,15,-1.955923346486088e-05,1400
8L89525,4,-1.9488376437948318e-05,1401
8N05296,13,-1.9478356051649826e-05,1402
8943475,2,-1.9436627326285816e-05,1403
8P14821,15,-1.9326351093695848e-05,1404
8N05825,4,-1.931779752339935e-05,1405
8939630,5,-1.9138083416692098e-05,1406
8N13620,14,-1.911084200401092e-05,1407
8800025,5,-1.902635619899229e-05,1408
8N27248,6,-1.894530532808858e-05,1409
8794367,4,-1.8943911527458113e-05,1410
8N14354,15,-1.892901264000102e-05,1411
8L52212,5,-1.878111148556627e-05,1412
8N14901,5,-1.877846437992048e-05,1413
8N14612,13,-1.8771133682093932e-05,1414
8N87544,11,-1.867082923467933e-05,1415
8800166,10,-1.8597563212097157e-05,1416
8P11789,2,-1.8360135072725825e-05,1417
8939705,6,-1.8303221963833494e-05,1418
8857279,10,-1.8297189171789796e-05,1419
8N87986,13,-1.8275175548865263e-05,1420
8L52595,5,-1.827461255743401e-05,1421
8939164,6,-1.826468985655083e-05,1422
8N73519,5,-1.8213759261698215e-05,1423
8L52389,11,-1.814969141378242e-05,1424
8573156,4,-1.812526079447707e-05,1425
8732220,9,-1.81110714265742e-05,1426
8N05612,14,-1.8046691224071765e-05,1427
8N14516,11,-1.8006113748469943e-05,1428
8N05182,13,-1.8000861018663272e-05,1429
8N73993,12,-1.7966009068004496e-05,1430
8939562,0,-1.7916542731200025e-05,1431
8N06682,14,-1.7822732473860015e-05,1432
8934403,8,-1.778499040483439e-05,1433
8800023,5,-1.7777652431050228e-05,1434
8N72575,4,-1.7547636332437833e-05,1435
8N27071,14,-1.751408402128618e-05,1436
8L30753,11,-1.7510453346858412e-05,1437
8N73195,15,-1.7395355541793833e-05,1438
8N06783,5,-1.7355478803438018e-05,1439
8747573,9,-1.7339956798423373e-05,1440
8N06692,14,-1.728465701944515e-05,1441
8P14315,14,-1.719480559358999e-05,1442
8747738,7,-1.7095568150438112e-05,1443
8747563,5,-1.702464646768931e-05,1444
8P14964,14,-1.6902799245599454e-05,1445
8934531,1,-1.688662541710073e-05,1446
8939578,5,-1.67161608430888e-05,1447
8981038,10,-1.66841318787192e-05,1448
8N06485,12,-1.668102666485538e-05,1449
8800616,5,-1.6670176137267845e-05,1450
8N42548,5,-1.6586211586400168e-05,1451
8P14136,7,-1.651985758144292e-05,1452
8N05636,14,-1.6395936114577125e-05,1453
8981831,7,-1.6335207305928634e-05,1454
8L89713,4,-1.623643441917011e-05,1455
8M31874,5,-1.6228992180344903e-05,1456
8N13682,13,-1.6154178638316807e-05,1457
8N05283,13,-1.6120711507028318e-05,1458
8L89377,5,-1.611555944691645e-05,1459
8934514,2,-1.6090473081931123e-05,1460
8M72557,11,-1.599916924988065e-05,1461
8L48440,5,-1.5973006256331246e-05,1462
8N06808,6,-1.592496457192283e-05,1463
8L64895,11,-1.5884688650658063e-05,1464
8N73451,11,-1.58637905087744e-05,1465
8P26622,2,-1.569057855022038e-05,1466
8M72739,4,-1.5660352431723368e-05,1467
8N06892,11,-1.545050821505356e-05,1468
8M72574,11,-1.5427413018187508e-05,1469
8N05472,6,-1.541799611004535e-05,1470
8N73695,13,-1.5412258107971866e-05,1471
8L64441,13,-1.536683669201011e-05,1472
8M72969,5,-1.526339616475525e-05,1473
8N72268,7,-1.526088229297784e-05,1474
8M72532,11,-1.5255726623308874e-05,1475
8N72907,13,-1.524679112208105e-05,1476
8N73692,13,-1.5245952738496271e-05,1477
8N05615,14,-1.5202169151962153e-05,1478
8N42442,14,-1.5197399790167765e-05,1479
8N27902,1,-1.5133982401493995e-05,1480
8N06295,9,-1.5110106545535018e-05,1481
8N14970,7,-1.5032918668111961e-05,1482
8943082,4,-1.4934573414393526e-05,1483
8N87575,11,-1.4894619198457804e-05,1484
8N73524,5,-1.4849230410618475e-05,1485
8L64681,12,-1.4836262835160596e-05,1486
8939163,6,-1.4773186819638795e-05,1487
8N05104,12,-1.4725191277875638e-05,1488
8N14570,11,-1.460415006704352e-05,1489
8M71212,5,-1.4572025975212455e-05,1490
8N05228,12,-1.4490819353341067e-05,1491
8N14674,13,-1.447076687455251e-05,1492
8M72707,6,-1.446857368136989e-05,1493
8732298,8,-1.4401926250684483e-05,1494
8730465,2,-1.436125853615522e-05,1495
8981861,4,-1.435816528783107e-05,1496
8N87545,11,-1.43470096531928e-05,1497
8L52228,8,-1.4306956146015182e-05,1498
8N73606,14,-1.4194523231481071e-05,1499
8L19937,5,-1.4184551901053055e-05,1500
8N72676,11,-1.416398271203434e-05,1501
8L64288,10,-1.4067764915637326e-05,1502
8N87565,11,-1.4022479149389255e-05,1503
8N87928,13,-1.3931492276242352e-05,1504
8747104,5,-1.3878871868655551e-05,1505
8N14290,15,-1.3867007538692633e-05,1506
8N73983,12,-1.3758419868281635e-05,1507
8P26528,9,-1.3680923757419805e-05,1508
8N87964,13,-1.3679210951522691e-05,1509
8732602,7,-1.3618042771668115e-05,1510
8N72902,13,-1.358376812277129e-05,1511
8N72359,4,-1.3578005706449403e-05,1512
8981714,10,-1.3516474723473948e-05,1513
8681335,7,-1.331260926917821e-05,1514
8N87825,14,-1.3227988276298674e-05,1515
8N05267,13,-1.3125503372179992e-05,1516
8N87902,13,-1.3017555659189384e-05,1517
8M71298,6,-1.2911882691923893e-05,1518
8N13974,5,-1.2896355883640354e-05,1519
8981195,12,-1.2753375472129846e-05,1520
8L89412,5,-1.2657323225084838e-05,1521
8N27344,4,-1.2534587085610838e-05,1522
8N73404,4,-1.2463601990475581e-05,1523
8N87141,2,-1.2288541554994481e-05,1524
8904654,2,-1.2244910152503508e-05,1525
8N73671,13,-1.2237582723173546e-05,1526
8N87069,4,-1.2201402569189668e-05,1527
8N13610,14,-1.1992070199084992e-05,1528
8N05278,13,-1.1986919389528339e-05,1529
8N27259,5,-1.1916540543666088e-05,1530
8N13698,13,-1.1848327517327562e-05,1531
8L30757,11,-1.1819574069704686e-05,1532
8N06846,11,-1.1705724617172564e-05,1533
8N14291,15,-1.168813253116241e-05,1534
8N73686,13,-1.158361760644766e-05,1535
8943597,8,-1.1579915508264094e-05,1536
8L89663,4,-1.1517275424921536e-05,1537
8M31484,5,-1.148614535395609e-05,1538
8N06823,11,-1.1454033625568627e-05,1539
8981393,12,-1.1412577521241474e-05,1540
8N06435,2,-1.1350708888357985e-05,1541
8N42497,14,-1.1336954941043587e-05,1542
8598501,6,-1.1314680051555115e-05,1543
8732653,5,-1.1226778241280044e-05,1544
8L19977,5,-1.1175813995123463e-05,1545
8747744,9,-1.102563953736535e-05,1546
8N72257,2,-1.1013130460924003e-05,1547
8732502,8,-1.0993558333893816e-05,1548
8939359,5,-1.0960407337279321e-05,1549
8M31305,4,-1.0914025438069075e-05,1550
8732656,5,-1.0900635629695898e-05,1551
8681070,9,-1.0766427536168521e-05,1552
8N06849,11,-1.0742204949565348e-05,1553
8N72921,13,-1.0729890959737531e-05,1554
8N27065,14,-1.0695376623459651e-05,1555
8L57975,13,-1.0536242598391254e-05,1556
8M31325,4,-1.0485535085535957e-05,1557
8M72594,11,-1.0401684278349421e-05,1558
8N42210,2,-1.038790298935055e-05,1559
8747657,1,-1.0381258100267132e-05,1560
8168613,5,-1.0358266194998578e-05,1561
8N72332,4,-1.0236245032047009e-05,1562
8732690,5,-1.0220770263913437e-05,1563
8732621,2,-1.021464413497597e-05,1564
8N73696,13,-1.0142985530592341e-05,1565
8N13674,13,-1.0103832835284265e-05,1566
8N27941,6,-1.0054392721059457e-05,1567
8N13637,14,-1.0050416960893926e-05,1568
8L52954,5,-1.0042328881354479e-05,1569
8N87899,13,-9.987627493046602e-06,1570
8N05133,12,-9.942438168764056e-06,1571
8537774,7,-9.874253612096595e-06,1572
8939747,5,-9.860939762518228e-06,1573
8857260,9,-9.847518072092498e-06,1574
8N06460,8,-9.780089641253653e-06,1575
8N14597,11,-9.76651307382781e-06,1576
8L89388,5,-9.748324941938336e-06,1577
8L89894,4,-9.730611679970025e-06,1578
8L30164,12,-9.668012708630158e-06,1579
8L64916,4,-9.660567911851103e-06,1580
8309159,6,-9.628156476537697e-06,1581
8L19936,5,-9.535001623817152e-06,1582
8L64922,10,-9.494494804584974e-06,1583
8L89269,5,-9.357892167827231e-06,1584
8N28679,4,-9.305217531618837e-06,1585
8N27865,6,-9.21908440432162e-06,1586
8N87859,14,-9.209891913997126e-06,1587
8L52321,12,-9.204756835856642e-06,1588
8N14935,5,-9.129319778367062e-06,1589
8N14670,13,-9.090275739254139e-06,1590
8N05616,14,-9.068822919289232e-06,1591
8732570,7,-9.056201520252216e-06,1592
8N05175,13,-9.013559235881985e-06,1593
8N05630,14,-8.92533626029035e-06,1594
8N73643,13,-8.853437392986052e-06,1595
8P11549,14,-8.832524542867759e-06,1596
8N05885,11,-8.704595529707149e-06,1597
8N87904,13,-8.687699278198124e-06,1598
8N73677,13,-8.663795895813564e-06,1599
8N28737,2,-8.640543654792054e-06,1600
8N73302,15,-8.569534656999167e-06,1601
8M71323,11,-8.513517570918339e-06,1602
8N06943,4,-8.420219785421068e-06,1603
8N87580,11,-8.40205632357538e-06,1604
8L89371,5,-8.224579289617395e-06,1605
8N13635,14,-8.219075880333548e-06,1606
8N73691,13,-8.217356906925488e-06,1607
8939535,5,-8.153191174642416e-06,1608
8N87573,11,-8.150100939019467e-06,1609
8N73310,15,-8.136811743497674e-06,1610
8N14620,13,-8.059432062168526e-06,1611
8L89709,4,-8.057823876583825e-06,1612
8N14661,13,-8.020349241633085e-06,1613
8N06781,4,-7.984780125980251e-06,1614
8943801,10,-7.974169534463726e-06,1615
8887245,1,-7.923190352698839e-06,1616
8N27691,5,-7.921379960862396e-06,1617
8N05858,11,-7.914695629551716e-06,1618
8747026,2,-7.891522727732081e-06,1619
8M72577,11,-7.84152719290887e-06,1620
8887472,4,-7.824668841749371e-06,1621
8N73676,13,-7.769439150706603e-06,1622
8L19825,4,-7.749263204459567e-06,1623
8L52590,7,-7.717887001490453e-06,1624
8N73608,14,-7.712716524110874e-06,1625
8P14632,2,-7.598129741381854e-06,1626
8N14568,11,-7.41847111385141e-06,1627
8M72113,9,-7.408631290672929e-06,1628
8L64466,13,-7.365173814832815e-06,1629
8N87900,13,-7.317084374847127e-06,1630
8M31798,11,-7.314197731034255e-06,1631
8N72940,13,-7.280802265086095e-06,1632
8N14519,11,-7.272961966009461e-06,1633
8857467,11,-7.264006484319907e-06,1634
8P14561,8,-7.134662837415817e-06,1635
8N05158,12,-6.97102166213881e-06,1636
8N73491,12,-6.93936635798309e-06,1637
8N14553,11,-6.906929343131196e-06,1638
8866786,5,-6.906811357509923e-06,1639
8800663,12,-6.902186953539058e-06,1640
8P14992,14,-6.890708164064563e-06,1641
8N42285,5,-6.88502541379421e-06,1642
8N05295,13,-6.882396945684377e-06,1643
8887267,6,-6.8166573328198865e-06,1644
8N05250,13,-6.816190541769629e-06,1645
8N87593,11,-6.766610795239103e-06,1646
8P11634,2,-6.6729087393468944e-06,1647
8N27964,1,-6.564411819454108e-06,1648
8P14996,14,-6.515896302516921e-06,1649
8N13625,14,-6.4329090037063e-06,1650
8N73528,4,-6.329409075078729e-06,1651
8N73437,11,-6.2859623994881986e-06,1652
8N73925,11,-6.237189381863573e-06,1653
8N73183,15,-6.086661414883565e-06,1654
8N28288,7,-6.04820627359004e-06,1655
8N06917,5,-5.993395234327181e-06,1656
8N72942,13,-5.884714482817799e-06,1657
8732691,5,-5.744434247390018e-06,1658
8P11768,8,-5.68372121279026e-06,1659
8L64291,10,-5.678078878190718e-06,1660
8L30778,12,-5.670413365521654e-06,1661
8P11574,14,-5.5769412483641645e-06,1662
8934095,4,-5.5302998021034e-06,1663
8N06857,11,-5.48090474694618e-06,1664
8N28873,5,-5.46219200714404e-06,1665
8N42923,4,-5.436524624730099e-06,1666
8N13631,14,-5.429787279354059e-06,1667
8N73235,12,-5.426441692435446e-06,1668
8934219,4,-5.398861077310357e-06,1669
8M31382,5,-5.392381353885867e-06,1670
8M31269,8,-5.38387655524275e-06,1671
8747526,6,-5.229992893873714e-06,1672
8M72675,5,-5.227142764852033e-06,1673
8L30922,0,-5.168054713067249e-06,1674
8P26580,8,-5.14418047714571e-06,1675
8N27773,9,-5.097279199617333e-06,1676
8N72130,9,-5.081701829112717e-06,1677
8M72696,14,-5.04692377489846e-06,1678
8747218,5,-4.972547117176873e-06,1679
8L89337,5,-4.966197991507215e-06,1680
8732579,7,-4.938514166497043e-06,1681
8P14081,6,-4.913406883133575e-06,1682
8P14844,14,-4.880154165221029e-06,1683
8N13675,13,-4.867321877100039e-06,1684
8N73640,13,-4.725362600765948e-06,1685
8M31360,5,-4.560854137025672e-06,1686
8N73699,13,-4.543720592664613e-06,1687
8N73667,13,-4.373461507611864e-06,1688
8730454,5,-4.314491093282413e-06,1689
8681258,4,-4.2779686282301554e-06,1690
8537700,0,-4.2074971133843064e-06,1691
8N87915,13,-4.193149408138197e-06,1692
8L19549,8,-4.0581242046755506e-06,1693
8N27067,14,-4.045207845138066e-06,1694
8N06839,11,-4.011963824268605e-06,1695
8N73458,11,-4.009760971257492e-06,1696
8N05824,7,-3.98642578147701e-06,1697
8N73690,13,-3.973236573528993e-06,1698
8N42522,5,-3.925136709881372e-06,1699
8N27123,7,-3.834661747248447e-06,1700
8N28774,5,-3.7475684777632523e-06,1701
8573896,5,-3.7412236508771457e-06,1702
8981025,5,-3.6583428482117597e-06,1703
8N87978,13,-3.6500728128885385e-06,1704
8N13678,13,-3.6433741783525875e-06,1705
8917961,8,-3.6135380412360973e-06,1706
8N42191,2,-3.561665835150052e-06,1707
8N14289,15,-3.548227141436655e-06,1708
8P11557,14,-3.5451588473733864e-06,1709
8800537,10,-3.48218188150895e-06,1710
8M72722,5,-3.476666506685433e-06,1711
8L89650,4,-3.457672255180455e-06,1712
8P11571,14,-3.4325398701184895e-06,1713
8N87576,11,-3.3932899441424524e-06,1714
8L89394,4,-3.3302630981779657e-06,1715
8L48692,0,-3.299962891389896e-06,1716
8N05197,13,-3.252059627811832e-06,1717
8981944,2,-3.250300608215184e-06,1718
8N87627,15,-3.1204185404476448e-06,1719
8N06473,12,-3.10025848193618e-06,1720
8747222,5,-3.0297474609142228e-06,1721
8N28945,2,-2.9726553520958987e-06,1722
8N14520,11,-2.897575683391551e-06,1723
8N72912,13,-2.8452935794121004e-06,1724
8681422,0,-2.8445798250231746e-06,1725
8934525,1,-2.7961118576058652e-06,1726
8887373,4,-2.6984155496734274e-06,1727
8P11552,14,-2.6500644025873044e-06,1728
8N87246,2,-2.6360617084719706e-06,1729
8M31756,6,-2.595327600829478e-06,1730
8N73383,6,-2.5939011720765848e-06,1731
8934364,5,-2.5258060531996307e-06,1732
8747760,5,-2.5206641112163197e-06,1733
8L89526,4,-2.506872988305986e-06,1734
8N73466,11,-2.492554756372556e-06,1735
8N73094,5,-2.482595583330749e-06,1736
8N13613,14,-2.471910534040944e-06,1737
8N87556,11,-2.460035318563314e-06,1738
8N73675,13,-2.4056855636445107e-06,1739
8L48735,11,-2.4009803496483073e-06,1740
8904676,9,-2.3756805944685766e-06,1741
8N72333,4,-2.363660087212338e-06,1742
8P14860,14,-2.3420794832418323e-06,1743
8N13926,5,-2.3377665456791874e-06,1744
8934285,7,-2.3181620605328135e-06,1745
8730970,2,-2.304837607880472e-06,1746
8N72642,2,-2.253662955808977e-06,1747
8857252,4,-2.2301903754851082e-06,1748
8M72018,2,-2.18205530444493e-06,1749
8N87116,4,-2.129717898924355e-06,1750
8N05437,6,-2.0987960169804865e-06,1751
8N05258,13,-2.0931750555064355e-06,1752
8N13934,5,-2.0929723802964872e-06,1753
8M31288,5,-2.0725275717836666e-06,1754
8M31997,1,-2.0371665812035644e-06,1755
8N72933,13,-2.004701059377112e-06,1756
8N06292,2,-1.933311523316661e-06,1757
8747564,5,-1.9323825881656376e-06,1758
8N06474,12,-1.740473706490775e-06,1759
8887233,5,-1.7144129049739831e-06,1760
8537612,4,-1.4677751778435777e-06,1761
8N72949,13,-1.3983174085296923e-06,1762
8N28686,5,-1.397254550283833e-06,1763
8N14566,11,-1.3411406314389751e-06,1764
8N73402,4,-1.2004707059531938e-06,1765
8N87827,14,-1.1219970019737957e-06,1766
8N05148,12,-1.1083923254773254e-06,1767
8N14598,11,-9.688333193480503e-07,1768
8N13602,14,-9.50725393522589e-07,1769
8P14808,14,-9.282289283873979e-07,1770
8800035,5,-7.678163456148468e-07,1771
8747144,2,-7.657752689738118e-07,1772
8N28375,8,-7.427456694131251e-07,1773
8P14191,5,-7.366999170699273e-07,1774
8N73955,12,-6.069856226531556e-07,1775
8N05240,13,-5.969542371531134e-07,1776
8N87598,11,-5.477970574929714e-07,1777
8N28244,7,-5.261420739088862e-07,1778
8934059,5,-4.465900929062627e-07,1779
8943013,10,-3.489206221729546e-07,1780
8M71484,13,-1.4280760751717025e-07,1781
8N13418,2,-9.132850209425669e-08,1782
8P14858,14,-4.979102641300415e-08,1783
8N06296,9,-3.959632977057481e-08,1784
8N73504,5,1.5072593839704496e-08,1785
8M72544,11,5.7309136991534615e-08,1786
8N05018,4,1.0067492439702619e-07,1787
8N28761,4,1.5415207599289715e-07,1788
8N73641,13,1.9496366121529718e-07,1789
8N13632,14,2.6521433937887195e-07,1790
8N05877,11,2.69493341420457e-07,1791
8N14167,5,3.1113887644096394e-07,1792
8N05195,13,4.831871365240659e-07,1793
8N05983,14,4.973123566287541e-07,1794
8866745,4,6.225116067071212e-07,1795
8M71296,5,6.694625653835828e-07,1796
8N14924,5,6.827034138012777e-07,1797
8N73650,13,8.032586400474884e-07,1798
8N06510,4,8.051619886373373e-07,1799
8N14952,6,8.790948413661681e-07,1800
8P14001,2,8.819411903004948e-07,1801
8N87916,13,9.577096307111788e-07,1802
8N13673,13,9.580372761774925e-07,1803
8N73224,12,9.66576692462695e-07,1804
8N05249,13,1.040569514998424e-06,1805
8N13694,13,1.0906304623858887e-06,1806
8981399,12,1.0908550507338077e-06,1807
8N87577,11,1.0953829132631654e-06,1808
8N73697,13,1.1167576019488479e-06,1809
8N13490,8,1.1306812979228198e-06,1810
8N42431,14,1.1383465334802167e-06,1811
8N87136,9,1.1624902640505752e-06,1812
8981807,5,1.274847932108969e-06,1813
8N05588,8,1.3025913663256006e-06,1814
8N73305,15,1.3531589040383096e-06,1815
8681037,5,1.4019100404993878e-06,1816
8981331,11,1.4442084648180753e-06,1817
8N73722,14,1.4852496832418183e-06,1818
8L30712,12,1.5057237305882154e-06,1819
8N73617,14,1.5532661166162143e-06,1820
8N73937,12,1.5800083019712474e-06,1821
8681069,9,1.590940883033909e-06,1822
8939807,1,1.5927972754070652e-06,1823
8N27916,5,1.6093024157726177e-06,1824
8M31253,8,1.704925011836167e-06,1825
8P14173,1,1.7221475232531702e-06,1826
8651929,7,1.7962791503123299e-06,1827
8N42654,7,1.8588489751891757e-06,1828
8N05282,13,1.891660367903114e-06,1829
8P26540,2,1.9087295868303045e-06,1830
8800199,5,1.925727673324218e-06,1831
8866889,11,1.9438082290434977e-06,1832
8N73309,15,2.0088250494154636e-06,1833
8N05302,13,2.0833603002756718e-06,1834
8L89992,2,2.1547274400290917e-06,1835
8N87591,11,2.1744191940342716e-06,1836
8N87802,14,2.22049311560113e-06,1837
8L52394,12,2.2525622398461564e-06,1838
8N06868,11,2.2789182594351587e-06,1839
8N28339,2,2.3202918555398355e-06,1840
8P14843,14,2.3544152156773634e-06,1841
8939561,0,2.4770858999545453e-06,1842
8L19835,5,2.591417796793394e-06,1843
8816455,6,2.608391861613768e-06,1844
8M72584,11,2.6521107656662934e-06,1845
8800163,7,2.6701144051344272e-06,1846
8N87756,4,2.7341329769114964e-06,1847
8L89915,12,2.752909466607889e-06,1848
8N27803,5,2.7871653429656362e-06,1849
8M31294,5,2.8707238470815355e-06,1850
8L64858,2,2.8749235525538097e-06,1851
8681466,5,2.8769205755452276e-06,1852
8800371,4,2.920734004874248e-06,1853
8N14296,15,2.9287006739764365e-06,1854
8N27069,14,2.952820977952797e-06,1855
8N87583,11,2.959453127004963e-06,1856
8N73189,15,2.9686169682463515e-06,1857
8M31766,11,3.046321324973178e-06,1858
8943053,9,3.146791186736664e-06,1859
8M31109,12,3.2304600381394266e-06,1860
8L89644,6,3.3129327903225203e-06,1861
8N13634,14,3.413525746509549e-06,1862
8L48501,10,3.4152000125686754e-06,1863
8N13955,4,3.421787710067292e-06,1864
8L89753,5,3.4260665415786207e-06,1865
8747293,9,3.476204398111804e-06,1866
8981742,9,3.534854272402299e-06,1867
8N42703,6,3.5901090171819305e-06,1868
8N06387,5,3.6344160392332014e-06,1869
8N05136,12,3.690642557785395e-06,1870
8939392,6,3.725632154782943e-06,1871
8M72752,1,3.733561243279837e-06,1872
8L26581,6,3.7389704630186316e-06,1873
8N06862,11,3.7643152523969547e-06,1874
8N14288,15,3.7682380025216844e-06,1875
8M31342,1,3.7819297631358495e-06,1876
8N28793,15,3.842980561330478e-06,1877
8N42729,5,3.860651375475754e-06,1878
8M31651,14,3.869835722980497e-06,1879
8N73670,13,3.923960093743517e-06,1880
8M72245,2,3.934897677027038e-06,1881
8L19920,5,3.9442907677766925e-06,1882
8L52386,11,4.217980972498481e-06,1883
8M31247,12,4.26025562205723e-06,1884
8N05866,11,4.280005839518708e-06,1885
8N87883,13,4.300713953853119e-06,1886
8N87586,11,4.337720724834071e-06,1887
8681254,4,4.37486986015756e-06,1888
8L89988,2,4.380570089779212e-06,1889
8747878,1,4.404103890465194e-06,1890
8N73960,12,4.4046734046787606e-06,1891
8M31327,5,4.486823627303238e-06,1892
8N13849,15,4.498038318700992e-06,1893
8N73984,12,4.51934306511248e-06,1894
8N73082,6,4.566431016428396e-06,1895
8L30900,11,4.583814870784408e-06,1896
8N06359,5,4.611273539012473e-06,1897
8N87562,11,4.616966634785058e-06,1898
8M31317,4,4.62650813659593e-06,1899
8N73485,11,4.6677608906975365e-06,1900
8N87517,11,4.7236767102276644e-06,1901
8L48473,4,4.735664731470024e-06,1902
8N73996,14,4.7482651552854804e-06,1903
8681292,7,4.7502527422693674e-06,1904
8N06468,12,4.7760905772520346e-06,1905
8939915,11,4.7997150431910995e-06,1906
8N14573,11,4.80852301620871e-06,1907
8N14586,11,4.8110603074746905e-06,1908
8M72524,11,4.8260680021172675e-06,1909
8730543,8,4.851099632219302e-06,1910
8857612,9,4.8618298933433834e-06,1911
8N27907,6,4.89308707329883e-06,1912
8M71060,5,4.916177516633979e-06,1913
8L89669,5,4.936918628573039e-06,1914
8N73905,11,4.950555208438345e-06,1915
8N06858,11,4.951562516453123e-06,1916
8681081,5,4.959929356118664e-06,1917
8M72679,5,4.969204553617601e-06,1918
8P14220,5,4.970160091488651e-06,1919
8N87913,13,5.04596152595127e-06,1920
8N05712,5,5.185116151551483e-06,1921
8N42126,6,5.280433384768912e-06,1922
8747234,10,5.380361869811168e-06,1923
8N72036,2,5.395590051193722e-06,1924
8651911,7,5.426933654462118e-06,1925
8N14665,13,5.435699563349772e-06,1926
8P11544,14,5.437579375211499e-06,1927
8L89467,6,5.479371480987538e-06,1928
8L48478,4,5.480538447955041e-06,1929
8L52527,0,5.481704988596903e-06,1930
8N06700,14,5.588901331066154e-06,1931
8M72884,4,5.641272139200737e-06,1932
8N27083,14,5.7491062648296065e-06,1933
8N87587,11,5.750917125624255e-06,1934
8P14574,2,5.7658960486151045e-06,1935
8M72659,0,5.804922949437241e-06,1936
8N42751,1,5.890674060538004e-06,1937
8N06439,2,5.949476843625234e-06,1938
8747552,10,5.988229645481624e-06,1939
8N87809,14,6.018562999088317e-06,1940
8N05103,12,6.054287922552248e-06,1941
8573864,0,6.060540869157194e-06,1942
8N13098,14,6.123409320935025e-06,1943
8N06842,11,6.124671863005915e-06,1944
8N73611,14,6.1402591988724e-06,1945
8N87988,13,6.185464030750154e-06,1946
8816486,5,6.221581656973285e-06,1947
8N14677,13,6.232819664830913e-06,1948
8816932,4,6.236343409682377e-06,1949
8866754,5,6.289771135925548e-06,1950
8L30882,4,6.35174637864111e-06,1951
8N05241,13,6.4211301378236385e-06,1952
8M71237,6,6.44316304487802e-06,1953
8N73470,11,6.455831453422434e-06,1954
8N13090,14,6.472934515500128e-06,1955
8N72960,13,6.499003220028499e-06,1956
8M31546,6,6.537552906138444e-06,1957
8N73685,13,6.541402058246604e-06,1958
8P14137,7,6.5732701841625385e-06,1959
8981021,4,6.585762776012416e-06,1960
8N87633,15,6.5858334039603506e-06,1961
8N73916,11,6.680105798295699e-06,1962
8N42499,14,6.73854182764444e-06,1963
8P11326,4,6.7805920451746715e-06,1964
8N14968,7,6.798351705583627e-06,1965
8N72944,13,6.8396279857552145e-06,1966
8N87987,13,6.840534751972882e-06,1967
8L89646,6,6.849047508694639e-06,1968
8651882,4,6.866520379844587e-06,1969
8981722,6,7.014360946300258e-06,1970
8N72389,6,7.076790211613115e-06,1971
8N28845,5,7.178459782153368e-06,1972
8981272,5,7.188852293893433e-06,1973
8747796,9,7.2047454295898206e-06,1974
8939395,12,7.239298152939e-06,1975
8N72948,13,7.247394322007494e-06,1976
8N13857,15,7.249154123201151e-06,1977
8L52390,11,7.281908466438836e-06,1978
8N87351,5,7.314297704397177e-06,1979
8309272,5,7.334793053814792e-06,1980
8N73665,13,7.365313308582699e-06,1981
8P11565,14,7.404682847322874e-06,1982
8N28688,5,7.431661074974727e-06,1983
8800021,5,7.502596247377369e-06,1984
8681201,9,7.513457831009873e-06,1985
8N27177,5,7.516353974779122e-06,1986
8N14583,11,7.554607520887657e-06,1987
8N27918,2,7.599328569085628e-06,1988
8L48315,5,7.61686413852658e-06,1989
8816931,4,7.621008776936833e-06,1990
8747260,6,7.64221886129235e-06,1991
8857767,5,7.686510244298006e-06,1992
8L57906,2,7.765471764287213e-06,1993
8N72574,4,7.809936604985523e-06,1994
8800042,4,7.821210644465282e-06,1995
8N27076,14,7.825381771908724e-06,1996
8P26650,8,7.8618494399052e-06,1997
8816496,1,7.943982382130343e-06,1998
8N14629,13,7.956274657772155e-06,1999
8N06306,0,8.11258754396249e-06,2000
8N87951,13,8.127257814294353e-06,2001
8887241,1,8.150746111823537e-06,2002
8N05266,13,8.153198322702337e-06,2003
8N42154,9,8.160478500940371e-06,2004
8M72017,2,8.188668260800114e-06,2005
8N87816,14,8.213346745833405e-06,2006
8N73462,11,8.250812015830888e-06,2007
8N73086,6,8.255071463736385e-06,2008
8N06570,4,8.286838465210167e-06,2009
8N73908,11,8.32205080314452e-06,2010
8800196,6,8.331362849389734e-06,2011
8N05147,12,8.352844830028516e-06,2012
8L89355,5,8.410139912484738e-06,2013
8887335,4,8.412740868379842e-06,2014
8N28787,15,8.480114388476068e-06,2015
8N14623,13,8.481720755071365e-06,2016
8N27199,14,8.48903999894901e-06,2017
8N87056,5,8.70886370307744e-06,2018
8N73533,5,8.732001788303023e-06,2019
8N87085,5,8.804881304058654e-06,2020
8668476,5,8.850007816363359e-06,2021
8N13524,2,8.881174125008329e-06,2022
8N42139,2,8.902935746846197e-06,2023
8N05846,5,8.917401828512084e-06,2024
8M72699,14,8.947336844755682e-06,2025
8P26682,7,8.973902630327046e-06,2026
8N73307,15,8.986680086309207e-06,2027
8N72688,11,9.019730214276933e-06,2028
8P14190,5,9.02485189158142e-06,2029
8800061,0,9.040150656502988e-06,2030
8M72695,14,9.068196021644326e-06,2031
8857415,5,9.129614596758984e-06,2032
8N27864,6,9.133649086834339e-06,2033
8L57876,5,9.145267739540941e-06,2034
8L57826,9,9.206133313455211e-06,2035
8887429,8,9.228213627920923e-06,2036
8M31804,12,9.237653216587205e-06,2037
8N42752,1,9.248050389487616e-06,2038
8M72606,5,9.249474032912985e-06,2039
8747408,0,9.252994907171797e-06,2040
8M71451,13,9.295909549678072e-06,2041
8917927,2,9.30149599298602e-06,2042
8N05123,12,9.30507317775664e-06,2043
8N06872,11,9.324691859546874e-06,2044
8L64400,7,9.325994057007847e-06,2045
8N72932,13,9.343921959725776e-06,2046
8L30485,12,9.421972414713764e-06,2047
8L52340,12,9.434912925598837e-06,2048
8L52411,6,9.463652418162383e-06,2049
8N72936,13,9.481072709149885e-06,2050
8L64902,5,9.578117044384271e-06,2051
8N87917,13,9.591578987055982e-06,2052
8N05446,6,9.618132594368944e-06,2053
8N27934,5,9.698053645479376e-06,2054
8934527,1,9.698145561287674e-06,2055
8L30784,5,9.699455176814809e-06,2056
8N73506,5,9.717488865135238e-06,2057
8N14686,13,9.735687854117714e-06,2058
8N73236,12,9.753981998983363e-06,2059
8N27086,14,9.763223403069787e-06,2060
8P14457,6,9.799896020012966e-06,2061
8981972,2,9.810604002069567e-06,2062
8L64970,5,9.824270080116548e-06,2063
8N06877,11,9.838867896405645e-06,2064
8N73687,13,9.850132244082488e-06,2065
8L30499,2,9.895259609038476e-06,2066
8N06681,14,9.94332964410205e-06,2067
8747884,1,9.96474940961889e-06,2068
8943141,0,1.0101038924403838e-05,2069
8939067,7,1.0133931937161833e-05,2070
8732577,7,1.0175342140428256e-05,2071
8681476,1,1.017673861269941e-05,2072
8168606,10,1.017684189719148e-05,2073
8N73954,12,1.0201802979281638e-05,2074
8N05659,13,1.0260995651378835e-05,2075
8N73031,10,1.0273776638314303e-05,2076
8N28900,15,1.0301332395101781e-05,2077
8N73425,6,1.0304651425485645e-05,2078
8N42701,6,1.034566383850688e-05,2079
8309158,6,1.0425352911624941e-05,2080
8732620,7,1.046525687797839e-05,2081
8N28115,6,1.0585106309690673e-05,2082
8M71391,12,1.0625777800754577e-05,2083
8N87241,5,1.0627610436131363e-05,2084
8747487,9,1.0631027407725924e-05,2085
8747955,9,1.0631411669237423e-05,2086
8L52392,12,1.0728631337997285e-05,2087
8N06880,11,1.0769539926513971e-05,2088
8N28684,5,1.0777680699902703e-05,2089
8N73962,12,1.0813505696205539e-05,2090
8M72863,4,1.0843723146081174e-05,2091
8N06835,11,1.0850395597117313e-05,2092
8M31824,12,1.0905195040322724e-05,2093
8800331,9,1.0953196806440246e-05,2094
8N87630,15,1.0955645279864257e-05,2095
8P11520,14,1.0991067284749079e-05,2096
8M71303,6,1.1031829714625019e-05,2097
8N87625,15,1.1048326314266887e-05,2098
8N73797,15,1.109201889448741e-05,2099
8L89822,0,1.1097143129745746e-05,2100
8M31973,5,1.1102974781351804e-05,2101
8747519,5,1.1123752585717739e-05,2102
8N13640,14,1.1131228689009731e-05,2103
8857205,5,1.1160087069583824e-05,2104
8M31497,4,1.1268739317671361e-05,2105
8N27085,14,1.126940631479556e-05,2106
8L30847,5,1.1279463777214005e-05,2107
8N05234,12,1.1282923992439464e-05,2108
8L19858,10,1.1296635989310744e-05,2109
8P14128,7,1.13087349120633e-05,2110
8800102,10,1.1315777328491095e-05,2111
8168635,5,1.1364844972217014e-05,2112
8L89358,4,1.1364866281837749e-05,2113
8732644,5,1.1402696145523805e-05,2114
8651790,2,1.1435168460138811e-05,2115
8L89845,5,1.1440048410804593e-05,2116
8N05827,4,1.14835920612677e-05,2117
8N73196,15,1.1515865367073275e-05,2118
8M72678,5,1.151638207375072e-05,2119
8M71345,12,1.154825793037162e-05,2120
8M31995,1,1.1564452663037628e-05,2121
8747575,9,1.1578548047452841e-05,2122
8L30598,5,1.1612878552114125e-05,2123
8N28799,1,1.1628363196791724e-05,2124
8N87833,14,1.1652307591702993e-05,2125
8N73933,12,1.16628497153215e-05,2126
8N72910,13,1.1674218058033148e-05,2127
8730453,5,1.178758873265906e-05,2128
8P11646,8,1.1838635714411794e-05,2129
8N13692,13,1.1838969570021618e-05,2130
8N05219,12,1.1852698804659667e-05,2131
8L48438,5,1.1874748906848254e-05,2132
8L64241,6,1.1882060050538712e-05,2133
8N14618,13,1.1901179959750152e-05,2134
8732605,9,1.191203637063154e-05,2135
8N72930,13,1.198273491809232e-05,2136
8N06843,11,1.2007961647242382e-05,2137
8N05125,12,1.2048030839650892e-05,2138
8M31206,6,1.2065728185461921e-05,2139
8N28089,2,1.208026105814497e-05,2140
8934889,7,1.2116964171582367e-05,2141
8747809,4,1.2117228891384002e-05,2142
8N87541,11,1.2120789961045375e-05,2143
8L30984,9,1.2125784209615631e-05,2144
8N87572,11,1.2194959253974957e-05,2145
8857230,5,1.2212663392574541e-05,2146
8800354,5,1.2229445760070234e-05,2147
8309288,5,1.2237787629487684e-05,2148
8943469,2,1.2255574858954787e-05,2149
8N72689,11,1.2297587431930879e-05,2150
8N72544,6,1.2342538070697628e-05,2151
8N14178,6,1.2365851716822363e-05,2152
8N72655,5,1.2414724608333927e-05,2153
8M31147,11,1.2456945256644758e-05,2154
8934071,5,1.2464464013817178e-05,2155
8L48452,5,1.2471717013795569e-05,2156
8N14286,15,1.248551279786625e-05,2157
8N73483,11,1.249108385081854e-05,2158
8N06690,14,1.2514947798081266e-05,2159
8N27487,10,1.253329514838697e-05,2160
8N73976,12,1.2556219772363875e-05,2161
8N87631,15,1.2560261936300776e-05,2162
8L48759,11,1.266917092834774e-05,2163
8N13627,14,1.2687228093000158e-05,2164
8N42501,5,1.2703361335297814e-05,2165
8N42272,5,1.2745463152441516e-05,2166
8N73910,11,1.2774117735148138e-05,2167
8N73609,14,1.2784654472852708e-05,2168
8681057,6,1.280786841562076e-05,2169
8816409,5,1.2827655609726207e-05,2170
8939106,0,1.2834798070571196e-05,2171
8N28915,2,1.2991219932700915e-05,2172
8N87616,15,1.3028983289586904e-05,2173
8N87588,11,1.3082339464176584e-05,2174
8168642,5,1.3106619007885456e-05,2175
8651717,9,1.3138113672539475e-05,2176
8N28418,4,1.3141084963308458e-05,2177
8L57907,8,1.3168569239496719e-05,2178
8N73370,2,1.3232267264129405e-05,2179
8168662,1,1.3239056215752498e-05,2180
8N73958,12,1.3257678801892325e-05,2181
8N72903,13,1.3262716279882625e-05,2182
8M71120,13,1.32631488440893e-05,2183
8N14656,13,1.3276735899125924e-05,2184
8747675,9,1.330178395164694e-05,2185
8N14953,6,1.3332825290035544e-05,2186
8732650,5,1.3408876270659675e-05,2187
8N05227,12,1.342226221368037e-05,2188
8N87255,8,1.3453073549385408e-05,2189
8N28781,5,1.3511469035165646e-05,2190
8N28026,9,1.3564301724500183e-05,2191
8N73527,4,1.3580018304537589e-05,2192
8N87971,13,1.361729384541377e-05,2193
8N05178,13,1.3658859757015307e-05,2194
8N05682,15,1.3680694792128634e-05,2195
8800424,10,1.3774462317428515e-05,2196
8M31304,4,1.3780311874711515e-05,2197
8N28009,9,1.3882255871067173e-05,2198
8P14864,15,1.3898077028784428e-05,2199
8N28812,5,1.393608685162917e-05,2200
8168768,5,1.3997208412774853e-05,2201
8N06694,14,1.4075192893869826e-05,2202
8943402,5,1.4077743799134623e-05,2203
8L89244,6,1.4082005463933456e-05,2204
8M72317,7,1.4109226050607049e-05,2205
8N87935,13,1.413831068930449e-05,2206
8573221,4,1.417312250850955e-05,2207
8L48598,2,1.4187017313815886e-05,2208
8747705,5,1.4203842340521078e-05,2209
8N73242,12,1.4209107817464428e-05,2210
8M71352,12,1.4256864801609481e-05,2211
8816936,4,1.4267823019054049e-05,2212
8N28511,2,1.4283615740851019e-05,2213
8L57742,12,1.4292805190052604e-05,2214
8L89312,9,1.4293467245352076e-05,2215
8N28016,9,1.4320695669312045e-05,2216
8800550,5,1.4372000407547603e-05,2217
8N05291,13,1.4440694030781742e-05,2218
8N13426,2,1.4446504099652202e-05,2219
8N06581,4,1.4476062233370612e-05,2220
8816959,4,1.4516422481847258e-05,2221
8981031,4,1.4526275663229171e-05,2222
8N05696,15,1.4527752000503824e-05,2223
8N05893,11,1.4585954090762243e-05,2224
8732286,8,1.4620681611177133e-05,2225
8L57872,8,1.4635256604833558e-05,2226
8816937,4,1.4637219635460497e-05,2227
8L52202,5,1.466272119188261e-05,2228
8N72690,11,1.4699330336043204e-05,2229
8732541,8,1.4710810319229495e-05,2230
8N27075,14,1.4727086181665072e-05,2231
8N14691,13,1.474604053441908e-05,2232
8L48443,5,1.4780870060349116e-05,2233
8N72510,6,1.4785888456714247e-05,2234
8747224,5,1.4834195667390304e-05,2235
8N72931,13,1.4841328820125455e-05,2236
8L57981,13,1.49433258229692e-05,2237
8800468,5,1.4961671013224986e-05,2238
8P14264,5,1.506562438180481e-05,2239
8N72909,13,1.5066073345337827e-05,2240
8N87626,15,1.5094178426267035e-05,2241
8651522,6,1.5106079899851466e-05,2242
8N05859,11,1.5149280642390295e-05,2243
8M72893,0,1.5150503031691187e-05,2244
8N14687,13,1.5151098125443241e-05,2245
8L19559,8,1.5207107594505942e-05,2246
8800160,9,1.5225890251713281e-05,2247
8857274,10,1.5268006336555118e-05,2248
8N72616,5,1.5330111821754144e-05,2249
8N05118,12,1.536964504111893e-05,2250
8N14585,11,1.5429927685772782e-05,2251
8887445,8,1.544693952837406e-05,2252
8P14867,15,1.5448466285761242e-05,2253
8939890,9,1.5462497913176776e-05,2254
8N13670,13,1.5480672743706236e-05,2255
8N13567,2,1.550336737921043e-05,2256
8L89471,6,1.5561368979177814e-05,2257
8L30917,2,1.561296619456698e-05,2258
8N14921,4,1.5615873991237095e-05,2259
8N05604,14,1.5618945781170623e-05,2260
8934046,9,1.563875150623062e-05,2261
8N06848,11,1.566159052401872e-05,2262
8N72045,2,1.5683979881941923e-05,2263
8N27080,14,1.5709204774339014e-05,2264
8N14625,13,1.572971272878476e-05,2265
8N73087,6,1.574722875830048e-05,2266
8N14344,15,1.5758199936044548e-05,2267
8887283,5,1.5783421133619413e-05,2268
8887205,4,1.5783514356826345e-05,2269
8N27414,5,1.579336003487697e-05,2270
8N06825,11,1.5801201612930527e-05,2271
8M31939,5,1.5829205040063243e-05,2272
8M71835,4,1.5855181345614255e-05,2273
8N06432,9,1.5857098318861063e-05,2274
8N05239,13,1.58922348134638e-05,2275
8P14741,8,1.590571135423602e-05,2276
8P14990,14,1.596253336799691e-05,2277
8N73453,11,1.601192431621712e-05,2278
8N05233,12,1.603667624294758e-05,2279
8N72736,4,1.6039401828038535e-05,2280
8N87550,11,1.605809807614378e-05,2281
8N87555,11,1.6065700492617907e-05,2282
8934276,7,1.6093879423806356e-05,2283
8800101,10,1.6100397260743193e-05,2284
8M72908,5,1.6149538168974686e-05,2285
8N28218,2,1.6158916082531505e-05,2286
8N06928,4,1.616989283093062e-05,2287
8309135,5,1.6183115633339185e-05,2288
8943168,6,1.6236174587902497e-05,2289
8P14859,14,1.6255178195478948e-05,2290
8681024,5,1.6285263988891074e-05,2291
8N87065,5,1.628954782972869e-05,2292
8N87352,6,1.629961573712535e-05,2293
8N73639,13,1.6348003953225998e-05,2294
8747693,0,1.6384518517043034e-05,2295
8747699,5,1.638659750824445e-05,2296
8N72693,11,1.638924819502563e-05,2297
8N13355,2,1.6413272305726423e-05,2298
8N72698,11,1.6429200172751734e-05,2299
8P14793,4,1.6434734220638347e-05,2300
8N87595,11,1.644906605235974e-05,2301
8747145,2,1.6533765318627047e-05,2302
8N05274,13,1.6624616591798258e-05,2303
8N05142,12,1.6640501314668654e-05,2304
8N73669,13,1.6647672168801364e-05,2305
8P14769,1,1.6648911582706205e-05,2306
8M31778,11,1.6660463735718167e-05,2307
8939029,7,1.6672067772560695e-05,2308
8N14115,5,1.6697130604370614e-05,2309
8N43000,6,1.6699033126066354e-05,2310
8934820,8,1.676867157129891e-05,2311
8N73904,11,1.680879834964344e-05,2312
8P14846,14,1.6835861970321275e-05,2313
8981224,11,1.6836284203236573e-05,2314
8N73409,4,1.6856770798767684e-05,2315
8939759,9,1.687018803409046e-05,2316
8P14965,14,1.6931330321767746e-05,2317
8N28349,2,1.6957582261056814e-05,2318
8939381,7,1.7104740578588462e-05,2319
8N28002,2,1.7116935509875475e-05,2320
8N14646,13,1.713178510698299e-05,2321
8943339,11,1.7169549920481586e-05,2322
8N72697,11,1.7210725275162986e-05,2323
8M72611,6,1.725336494473595e-05,2324
8M31522,1,1.728728852867789e-05,2325
8N42259,5,1.7308947711569544e-05,2326
8L64148,2,1.731986968422916e-05,2327
8981822,5,1.732455122294141e-05,2328
8N73653,13,1.7373685636812297e-05,2329
8L89379,5,1.7406910998829517e-05,2330
8943066,10,1.742536488791302e-05,2331
8943083,4,1.7447375171286694e-05,2332
8N05647,11,1.754885448690402e-05,2333
8747369,0,1.7659178581652668e-05,2334
8M71511,1,1.7709475699234645e-05,2335
8N05715,6,1.7718469990768426e-05,2336
8N06470,12,1.7724371048188914e-05,2337
8N28082,2,1.7726639384818554e-05,2338
8939906,11,1.7757782813987433e-05,2339
8L19813,5,1.7772227565160392e-05,2340
8L19729,4,1.777424131432781e-05,2341
8794301,5,1.777680853365382e-05,2342
8118425,6,1.7797990366830163e-05,2343
8681041,5,1.7798744039509984e-05,2344
8747167,8,1.782162490826522e-05,2345
8N27298,10,1.782464509858528e-05,2346
8747604,4,1.7837643099483103e-05,2347
8L52366,11,1.7884938330325895e-05,2348
8M31290,5,1.7907530010852213e-05,2349
8857257,9,1.7924602829566538e-05,2350
8N14792,6,1.79512949216587e-05,2351
8L30459,12,1.802634756131738e-05,2352
8P11874,14,1.802676825946037e-05,2353
8N06695,14,1.8087977423419943e-05,2354
8M71461,13,1.8093843209499028e-05,2355
8N73471,11,1.8098747716521757e-05,2356
8N05012,4,1.8103926095136558e-05,2357
8L48602,5,1.8110913373448057e-05,2358
8L48780,11,1.812353723096294e-05,2359
8N13648,14,1.8177236825067666e-05,2360
8M31640,10,1.823175216486561e-05,2361
8934267,7,1.827496447504018e-05,2362
8N06461,8,1.829824435617411e-05,2363
8N14666,13,1.830113200185224e-05,2364
8800175,6,1.8328225650066088e-05,2365
8N73620,13,1.838739558479574e-05,2366
8N87819,14,1.8389889135050907e-05,2367
8857233,6,1.8418165922184926e-05,2368
8309218,13,1.8479461694198562e-05,2369
8N28794,14,1.8480048538549454e-05,2370
8N05009,4,1.854114634625148e-05,2371
8887450,5,1.854578331972334e-05,2372
8732511,2,1.8582438315206673e-05,2373
8N05672,15,1.860648083606975e-05,2374
8L64825,2,1.862140589992123e-05,2375
8N06841,11,1.8622031348058954e-05,2376
8651876,5,1.8637335870153038e-05,2377
8L48785,11,1.8649695732619875e-05,2378
8N27401,0,1.866402787698007e-05,2379
8939139,10,1.8675002593226964e-05,2380
8L30473,12,1.8772757243823435e-05,2381
8N14528,11,1.883473274233438e-05,2382
8M72864,4,1.889119238285275e-05,2383
8N42527,5,1.890527965997535e-05,2384
8P11800,2,1.8951358072172297e-05,2385
8N13437,2,1.8981067626100412e-05,2386
8M31622,4,1.8992260947925388e-05,2387
8939764,5,1.905121985146252e-05,2388
8N13661,13,1.906702846099506e-05,2389
8939085,5,1.9079266621702118e-05,2390
8N42705,5,1.909363416530141e-05,2391
8N87903,13,1.9103766078387707e-05,2392
8N72681,11,1.9103997829006403e-05,2393
8981804,5,1.9192673150314477e-05,2394
8M71201,6,1.9193660506289234e-05,2395
8N87253,8,1.91969590446206e-05,2396
8N06483,12,1.92171047501688e-05,2397
8747654,1,1.9263533715729864e-05,2398
8P11538,15,1.9294019693916198e-05,2399
8N06305,0,1.9325973880768288e-05,2400
8N05907,0,1.9334806864890197e-05,2401
8N05402,10,1.9360893588782346e-05,2402
8800698,9,1.9372114365978632e-05,2403
8668490,5,1.937252763539732e-05,2404
8N06298,8,1.9404244994802866e-05,2405
8N73182,15,1.9412624055803462e-05,2406
8M31785,11,1.9413540485402336e-05,2407
8P11540,15,1.945584335771855e-05,2408
8N05117,12,1.9470331949378306e-05,2409
8N73190,15,1.948801013895718e-05,2410
8N87274,8,1.94927524717059e-05,2411
8L64770,13,1.9507446438638e-05,2412
8M72136,2,1.9513101687351764e-05,2413
8P11894,14,1.951337480932125e-05,2414
8934241,9,1.9517510509103886e-05,2415
8M72600,12,1.9587693685707563e-05,2416
8P14050,7,1.9603688372171746e-05,2417
8681003,4,1.962426108548243e-05,2418
8732279,1,1.9640943259346955e-05,2419
8P11545,14,1.9705777845047123e-05,2420
8M71162,13,1.9711229821695042e-05,2421
8943803,10,1.973573426994335e-05,2422
8800314,5,1.9752870912270737e-05,2423
8N27118,7,1.9754937738980516e-05,2424
8M31711,4,1.9765906358770735e-05,2425
8904575,11,1.981861430522258e-05,2426
8P14337,14,1.985324809083977e-05,2427
8681462,5,1.992233296732593e-05,2428
8N72953,13,1.9929306745325448e-05,2429
8N06827,11,1.9950746306562905e-05,2430
8598568,4,1.995865858361867e-05,2431
8651695,5,2.0000445374535047e-05,2432
8981199,11,2.0017270301764256e-05,2433
8934458,4,2.002925968724867e-05,2434
8N73885,5,2.003608618394992e-05,2435
8681485,2,2.0083353405198068e-05,2436
8N73612,14,2.0085058622498764e-05,2437
8L64058,11,2.010374760175182e-05,2438
8N87870,13,2.0108374371829996e-05,2439
8L19661,2,2.0114332130560797e-05,2440
8N14607,13,2.012119091432396e-05,2441
8P14221,5,2.0144991538018076e-05,2442
8681065,9,2.0158137772341433e-05,2443
8N87850,14,2.0182066236884566e-05,2444
8P11257,9,2.0237879400752945e-05,2445
8L89497,11,2.029178176599089e-05,2446
8N73683,13,2.032015731856518e-05,2447
8N05138,12,2.035520765275578e-05,2448
8N73529,4,2.043411939212092e-05,2449
8N42509,5,2.0457994935441093e-05,2450
8887226,5,2.0464381805140874e-05,2451
8N73308,15,2.0470519245918695e-05,2452
8732681,4,2.047820905914932e-05,2453
8N06749,5,2.051343733455724e-05,2454
8L57857,9,2.0541234221127525e-05,2455
8N28792,15,2.054703699805316e-05,2456
8M31084,2,2.0599576373570017e-05,2457
8N14611,13,2.060670618675431e-05,2458
8N72795,4,2.062986414586021e-05,2459
8N73180,15,2.06410022798309e-05,2460
8N87532,11,2.0685383219642972e-05,2461
8981725,7,2.06886641649362e-05,2462
8M72996,10,2.0706335703835066e-05,2463
8M31281,10,2.0711115141125447e-05,2464
8934860,8,2.0784104204807363e-05,2465
8598591,1,2.0800241202323377e-05,2466
8N27079,14,2.082669197989162e-05,2467
8M72591,11,2.0832420659644413e-05,2468
8M71828,10,2.084217192077631e-05,2469
8681181,5,2.084645313971123e-05,2470
8N06367,0,2.0860281665591174e-05,2471
8732672,7,2.0892258760341065e-05,2472
8N05101,14,2.0893427961077293e-05,2473
8N13850,15,2.0938767193001695e-05,2474
8N27402,7,2.0957799705456637e-05,2475
8747737,9,2.099648904163587e-05,2476
8981923,2,2.1041359559603734e-05,2477
8747672,9,2.1060716303367144e-05,2478
8N05876,11,2.11668038332391e-05,2479
8N73621,13,2.121823126799427e-05,2480
8N05693,15,2.1219963400653796e-05,2481
8800515,5,2.1326726709958166e-05,2482
8L52329,12,2.1342978584470984e-05,2483
8L52388,11,2.1359849398550068e-05,2484
8N14601,13,2.1366794953792123e-05,2485
8P11563,14,2.1380759790190496e-05,2486
8P11547,14,2.1387637133329918e-05,2487
8N05216,12,2.1434250044194414e-05,2488
8L89538,5,2.1446552977977262e-05,2489
8M72575,11,2.1456670197039784e-05,2490
8747310,8,2.148894441234006e-05,2491
8M72811,4,2.1525656777043878e-05,2492
8N72660,5,2.1569962484591088e-05,2493
8747101,5,2.1579124449999654e-05,2494
8887134,9,2.161871725547826e-05,2495
8887277,5,2.1619365270453272e-05,2496
8N05626,14,2.1633278933563815e-05,2497
8N14562,11,2.1635054963553557e-05,2498
8M71206,5,2.169215318303941e-05,2499
8794375,4,2.1697364559258858e-05,2500
8917965,8,2.1723375084548024e-05,2501
8N73219,12,2.1793533164782275e-05,2502
8857101,7,2.1928120531811146e-05,2503
8N73495,12,2.1930414504822693e-05,2504
8747862,9,2.1931124472018837e-05,2505
8651728,0,2.193162919184033e-05,2506
8N14680,13,2.1936665973498748e-05,2507
8P14607,7,2.197626685074283e-05,2508
8N72578,4,2.198675358044966e-05,2509
8981856,5,2.198920419971273e-05,2510
8939542,6,2.2053810113220607e-05,2511
8N05083,6,2.21089512706385e-05,2512
8943485,5,2.212617704344666e-05,2513
8981196,12,2.2142127534152678e-05,2514
8L64093,12,2.2159495301821153e-05,2515
8N73956,12,2.218193861835971e-05,2516
8943735,5,2.2220122730232106e-05,2517
8N05210,12,2.2254207010519167e-05,2518
8573966,5,2.2273952410500897e-05,2519
8N27054,14,2.2340156160538527e-05,2520
8N14907,4,2.2349174514602055e-05,2521
8P14064,5,2.235845875020459e-05,2522
8816963,2,2.2393853527091778e-05,2523
8943012,10,2.2407077011621368e-05,2524
8981873,2,2.241818641834925e-05,2525
8L30760,11,2.247654438747304e-05,2526
8943121,5,2.248220084766217e-05,2527
8M72638,6,2.252033186778135e-05,2528
8L89119,13,2.2592854605818502e-05,2529
8N05677,15,2.2728160388396645e-05,2530
8N74000,14,2.274789630973828e-05,2531
8N87772,4,2.275669370632727e-05,2532
8573606,5,2.2791944502387196e-05,2533
8L52420,4,2.2804445393376227e-05,2534
8N72531,6,2.2810171174114657e-05,2535
8681002,4,2.284013532971585e-05,2536
8N13666,13,2.2847171777584663e-05,2537
8943159,9,2.2858036345496657e-05,2538
8N13970,5,2.285944032542897e-05,2539
8943110,10,2.2906647586751205e-05,2540
8N27082,14,2.2922082699494695e-05,2541
8N13360,1,2.2958297176245424e-05,2542
8P14063,5,2.2958893225677457e-05,2543
8L89652,5,2.2984640281720203e-05,2544
8N05188,13,2.2988422415437526e-05,2545
8M31993,1,2.2991919308879005e-05,2546
8N73526,4,2.3007940512798086e-05,2547
8N28785,15,2.3032446847537358e-05,2548
8N42536,4,2.3072438352755853e-05,2549
8N14201,5,2.3076606552763224e-05,2550
8N72904,13,2.3099188467767817e-05,2551
8L48565,2,2.3107767162855453e-05,2552
8N87888,13,2.317743578217346e-05,2553
8N05306,13,2.31788694691204e-05,2554
8N87829,14,2.3180976270964493e-05,2555
8681393,7,2.319236637049471e-05,2556
8N05643,14,2.3194282107397157e-05,2557
8P26701,7,2.3207584405326998e-05,2558
8N28780,5,2.3209340838548087e-05,2559
8N06693,14,2.3218555043058586e-05,2560
8L64869,11,2.322175511437763e-05,2561
8N73672,13,2.3238697849592427e-05,2562
8747182,2,2.3250380451145247e-05,2563
8L48695,6,2.328480297819624e-05,2564
8L89786,13,2.3315459884543088e-05,2565
8L30698,12,2.3340888219536282e-05,2566
8L19988,4,2.3371926232584883e-05,2567
8L89553,12,2.339808747819916e-05,2568
8N13929,5,2.3534933632163302e-05,2569
8981046,12,2.3540007688893638e-05,2570
8800045,5,2.3548925817351574e-05,2571
8N72962,13,2.355578564561256e-05,2572
8730447,1,2.357325138291344e-05,2573
8168644,5,2.3573734310389227e-05,2574
8N05623,14,2.3613499024577322e-05,2575
8N06976,4,2.3706245769972156e-05,2576
8N42293,4,2.373733758531671e-05,2577
8N13286,9,2.374774135205371e-05,2578
8N73634,13,2.3763371363116903e-05,2579
8N14537,11,2.3790764785758256e-05,2580
8L52334,12,2.3820754904591013e-05,2581
8N27411,5,2.382128786848625e-05,2582
8N72923,13,2.38347140566475e-05,2583
8N87585,11,2.388032874023338e-05,2584
8N87891,13,2.3903179226181237e-05,2585
8L57950,13,2.3905678347091452e-05,2586
8N87749,4,2.398007155512971e-05,2587
8N87533,11,2.398223500676977e-05,2588
8N73500,12,2.399532669983273e-05,2589
8N14675,13,2.3996683808036323e-05,2590
8L48694,6,2.40417189161235e-05,2591
8732266,1,2.4088342179595656e-05,2592
8L89430,5,2.4134690434607364e-05,2593
8N13915,8,2.4160593738997704e-05,2594
8N42710,10,2.42032253652269e-05,2595
8N27415,5,2.4203610735185066e-05,2596
8N06894,11,2.4227593257819535e-05,2597
8N73452,11,2.422935953561023e-05,2598
8800613,5,2.4272786504297983e-05,2599
8N72685,11,2.427320282549772e-05,2600
8800353,5,2.4282393610519648e-05,2601
8M72265,8,2.4286348292434923e-05,2602
8981826,7,2.4350399797867794e-05,2603
8M72956,4,2.441681783693639e-05,2604
8L49991,6,2.4528127937628597e-05,2605
8P14998,15,2.453784748013277e-05,2606
8N05531,5,2.4584869812827037e-05,2607
8N14300,15,2.461267501985276e-05,2608
8L52922,6,2.4647333987104503e-05,2609
8N73912,11,2.467041576537099e-05,2610
8P14854,14,2.4702507928964224e-05,2611
8N73501,5,2.4733642092655828e-05,2612
8P26401,5,2.473397057656257e-05,2613
8P14086,9,2.4738333422646974e-05,2614
8N06829,11,2.4754724847753096e-05,2615
8681169,4,2.4805353220358484e-05,2616
8732249,5,2.482209845311445e-05,2617
8981336,11,2.4856227469172154e-05,2618
8N05360,15,2.486163305093214e-05,2619
8732506,8,2.4871146820260037e-05,2620
8943880,5,2.4897167890003402e-05,2621
8N87882,13,2.491761176770524e-05,2622
8P14641,9,2.4942628328972205e-05,2623
8N87538,11,2.5002472625601513e-05,2624
8N05701,6,2.5008593524944445e-05,2625
8800355,5,2.5022290025766836e-05,2626
8N73227,12,2.509382647986058e-05,2627
8N13693,13,2.5101626505374952e-05,2628
8N13689,13,2.5121748464584925e-05,2629
8L52426,5,2.5124521698671742e-05,2630
8L19860,10,2.5150379229899045e-05,2631
8N06844,11,2.5199915512530424e-05,2632
8934404,8,2.5206156124113477e-05,2633
8N87567,11,2.5213102389898268e-05,2634
8L64182,7,2.5234207981839063e-05,2635
8730545,8,2.5279976924252878e-05,2636
8934338,10,2.5280445470343693e-05,2637
8681268,5,2.528550250247008e-05,2638
8N73948,12,2.530718691673428e-05,2639
8N14617,13,2.5336410239162888e-05,2640
8P11997,6,2.5419092509082475e-05,2641
8L48336,5,2.543196887927479e-05,2642
8N27010,14,2.5446364702474966e-05,2643
8N73449,11,2.5462335543124937e-05,2644
8N73434,11,2.553466549670702e-05,2645
8N05820,7,2.5637635218345167e-05,2646
8N28698,0,2.566065245446225e-05,2647
8N14649,13,2.567305601530734e-05,2648
8N13672,13,2.572284790858248e-05,2649
8N05057,4,2.572853435367506e-05,2650
8N28368,2,2.5740191233580845e-05,2651
8N73473,11,2.579713509476278e-05,2652
8N87985,13,2.5817178766374127e-05,2653
8939157,5,2.5826420142038842e-05,2654
8N87832,14,2.5890621827784344e-05,2655
8L64265,2,2.591592129874698e-05,2656
8L52387,11,2.5939510322814385e-05,2657
8N73001,4,2.596778779206943e-05,2658
8N05654,11,2.5977381426400825e-05,2659
8934311,5,2.5981583348766435e-05,2660
8939538,5,2.6005155262964763e-05,2661
8N42209,2,2.6036450123001487e-05,2662
8N73689,13,2.6038967035901806e-05,2663
8P14957,14,2.6041093292406003e-05,2664
8N73929,11,2.610629801580444e-05,2665
8N73057,4,2.6152948812807608e-05,2666
8N42438,14,2.6162817903241375e-05,2667
8118435,4,2.617311371497233e-05,2668
8L89179,12,2.6181761853649732e-05,2669
8939602,5,2.622600595714175e-05,2670
8N27879,5,2.6230054032794214e-05,2671
8N05004,4,2.6235866624091386e-05,2672
8N05694,15,2.6245186518281116e-05,2673
8747038,8,2.6284104826856947e-05,2674
8939858,8,2.6286709044143208e-05,2675
8L48344,0,2.6287358849685916e-05,2676
8N87162,10,2.6287414129910758e-05,2677
8309298,4,2.6294964079909278e-05,2678
8943105,10,2.6307076097964455e-05,2679
8P26526,9,2.6329659974067e-05,2680
8L57791,8,2.6334231733926572e-05,2681
8747958,9,2.634396548728546e-05,2682
8N42264,6,2.634974907778087e-05,2683
8N06861,11,2.639405661852834e-05,2684
8N73926,11,2.6418910579195654e-05,2685
8L57880,5,2.6459205944462383e-05,2686
8L89896,4,2.6479156332470666e-05,2687
8P11570,14,2.6484299780804577e-05,2688
8917962,8,2.6496920696672532e-05,2689
8N05126,12,2.6512092574648705e-05,2690
8N05711,5,2.6562979144273413e-05,2691
8651730,0,2.6563327367057354e-05,2692
8N87839,14,2.6572353235110313e-05,2693
8L48467,10,2.6601513297919155e-05,2694
8857275,10,2.6693682798395457e-05,2695
8681138,1,2.6745964203062772e-05,2696
8N28708,6,2.675764919501944e-05,2697
8N05268,13,2.676807054058372e-05,2698
8N05851,0,2.6791452427232798e-05,2699
8917967,8,2.6806718722127698e-05,2700
8N72737,4,2.6864680762628268e-05,2701
8309283,5,2.688667342720663e-05,2702
8N05251,13,2.700468556326996e-05,2703
8981359,11,2.7024015651022637e-05,2704
8M71276,4,2.7025987478168645e-05,2705
8N13440,2,2.7049641289522697e-05,2706
8N27408,7,2.705575957406836e-05,2707
8537761,1,2.708653414629225e-05,2708
8N72986,2,2.7144998398398457e-05,2709
8747689,2,2.718154848935228e-05,2710
8N05185,13,2.7189880256628385e-05,2711
8L89622,4,2.7193413870918448e-05,2712
8732637,5,2.7308741664455738e-05,2713
8939391,5,2.7334569494996686e-05,2714
8N05447,6,2.7339032733664226e-05,2715
8N72633,4,2.7377340327205957e-05,2716
8N73876,5,2.7380336988791498e-05,2717
8681033,5,2.7403178194163047e-05,2718
8L52384,11,2.7477575827106193e-05,2719
8N87873,13,2.7481516539751283e-05,2720
8M31126,2,2.7493060429151228e-05,2721
8866800,0,2.7504819485102416e-05,2722
8L19987,4,2.753575756742066e-05,2723
8N14658,13,2.7686933492532262e-05,2724
8L57966,13,2.7687821145150338e-05,2725
8N05678,15,2.7712168460425346e-05,2726
8M72562,11,2.7719219900745884e-05,2727
8866718,4,2.7734038976490183e-05,2728
8N05132,12,2.773838394887207e-05,2729
8681324,7,2.7755468835266583e-05,2730
8N73250,14,2.7757550014939625e-05,2731
8P26739,7,2.7795601852176333e-05,2732
8M71485,13,2.786229970297427e-05,2733
8N13962,6,2.7865791274450658e-05,2734
8N87605,15,2.7939534163579083e-05,2735
8N73980,12,2.801745449687587e-05,2736
8L52342,12,2.801844778232976e-05,2737
8P14994,14,2.8048454105089604e-05,2738
8887315,6,2.8061055672878865e-05,2739
8N06395,4,2.808116175856412e-05,2740
8887232,5,2.8110476890219616e-05,2741
8L19922,10,2.8111063841151918e-05,2742
8N27073,14,2.8112263862567488e-05,2743
8L89547,12,2.814187070043772e-05,2744
8N13928,5,2.8147293555491615e-05,2745
8N73907,11,2.8147733928562957e-05,2746
8N06680,14,2.8148994488219614e-05,2747
8N06838,11,2.81563231965265e-05,2748
8L89508,5,2.815862853822182e-05,2749
8939034,5,2.8187776251797914e-05,2750
8N13587,2,2.819220206617956e-05,2751
8N72927,13,2.8220610431617388e-05,2752
8747882,1,2.8234221062461984e-05,2753
8857261,9,2.8279001071496168e-05,2754
8168769,5,2.8336734885670012e-05,2755
8M71480,13,2.8364590889395913e-05,2756
8M31211,11,2.846174299975246e-05,2757
8L64836,8,2.85115805525038e-05,2758
8N27404,7,2.8513421625575575e-05,2759
8800427,5,2.8515144194329878e-05,2760
8L52415,4,2.853629618471132e-05,2761
8N42514,5,2.8600604430550902e-05,2762
8M31625,4,2.8652389602257244e-05,2763
8681068,9,2.8655681376221764e-05,2764
8981090,11,2.866238413901101e-05,2765
8N42510,5,2.867570424314181e-05,2766
8M71152,13,2.8735341174979112e-05,2767
8934077,5,2.88260694105702e-05,2768
8732227,2,2.8834652709974762e-05,2769
8N42525,5,2.8880956278953818e-05,2770
8N87907,13,2.8901143309667532e-05,2771
8N05119,12,2.8910060990483544e-05,2772
8N73915,11,2.8931361441664194e-05,2773
8N42457,14,2.8964044616941464e-05,2774
8800134,9,2.8997165827604476e-05,2775
8981858,5,2.9036098485590855e-05,2776
8N88000,13,2.9037951151167363e-05,2777
8L64503,12,2.9068756418837438e-05,2778
8N72911,13,2.9076246732984146e-05,2779
8N27927,5,2.910276107570553e-05,2780
8N05130,12,2.9145481221348746e-05,2781
8N42931,5,2.92650390534277e-05,2782
8L48461,10,2.931083807555801e-05,2783
8M71100,5,2.931201260025773e-05,2784
8L52360,11,2.932147873480062e-05,2785
8M71307,6,2.9324910173045282e-05,2786
8P11551,14,2.9330570100682962e-05,2787
8816418,4,2.93558674684391e-05,2788
8N87911,13,2.9379369944848577e-05,2789
8M71227,6,2.940139694374011e-05,2790
8800426,5,2.9402452469184936e-05,2791
8N87542,11,2.9490451197489165e-05,2792
8N73977,12,2.949886970782245e-05,2793
8N14018,5,2.9513373419831623e-05,2794
8N27241,5,2.951518592908542e-05,2795
8N06836,11,2.952281482748731e-05,2796
8N06688,14,2.9538810338181065e-05,2797
8794343,9,2.956401203846326e-05,2798
8N05301,13,2.9599150593639934e-05,2799
8981020,4,2.961077900698328e-05,2800
8L19633,2,2.9616202041893303e-05,2801
8P26541,2,2.9626229178347785e-05,2802
8L89784,13,2.964410532513284e-05,2803
8N27059,14,2.9663632687970676e-05,2804
8939076,5,2.9749992791039404e-05,2805
8M31769,11,2.976547534672136e-05,2806
8N14961,5,2.976642781504779e-05,2807
8747216,6,2.9776513883916778e-05,2808
8N06691,14,2.9791765001618842e-05,2809
8981928,2,2.9825057936250232e-05,2810
8M31793,11,2.9869070260701847e-05,2811
8N73240,12,2.9879332771542977e-05,2812
8168709,4,2.990166574079467e-05,2813
8939768,5,2.9920955952889017e-05,2814
8N13645,14,2.9924573254902498e-05,2815
8732646,5,2.99682558306813e-05,2816
8M31504,4,3.0130177833598282e-05,2817
8M31828,12,3.0173880446682233e-05,2818
8N13695,13,3.02031520931223e-05,2819
8N28706,6,3.0237233275443032e-05,2820
8917953,2,3.025769927944566e-05,2821
8N14007,6,3.0286270089163736e-05,2822
8N73997,14,3.0297788612188015e-05,2823
8N72669,4,3.0301825972856022e-05,2824
8L89423,6,3.0318624567371444e-05,2825
8747599,8,3.032802147373559e-05,2826
8168632,7,3.0337596854224103e-05,2827
8M71253,0,3.035505687876139e-05,2828
8N05652,11,3.039007255267734e-05,2829
8747529,6,3.0403006633150653e-05,2830
8866752,5,3.0412891703690548e-05,2831
8L30185,12,3.043585968498519e-05,2832
8309231,13,3.0468584498066775e-05,2833
8934272,7,3.052619700838477e-05,2834
8934451,1,3.0527603698260464e-05,2835
8934228,10,3.054778255773272e-05,2836
8L89003,14,3.060841061142128e-05,2837
8N14589,11,3.061066794884937e-05,2838
8N73646,13,3.066286012654018e-05,2839
8N87216,2,3.0696932597606974e-05,2840
8943587,2,3.070863030529836e-05,2841
8866710,6,3.07188756778487e-05,2842
8M31935,4,3.07353007826805e-05,2843
8P14937,14,3.0736135457232194e-05,2844
8P11569,14,3.073945811138401e-05,2845
8N73682,13,3.075559629905911e-05,2846
8L19728,4,3.076144129465774e-05,2847
8934577,8,3.079275703044004e-05,2848
8N14572,11,3.081125623793923e-05,2849
8L48608,6,3.087141828927997e-05,2850
8L89552,12,3.092578626251452e-05,2851
8N05897,11,3.0971070032137504e-05,2852
8M72805,4,3.0999541735354796e-05,2853
8N13628,14,3.103130645243368e-05,2854
8N28913,2,3.1073933200786996e-05,2855
8N13687,13,3.1078496476766304e-05,2856
8N27813,1,3.112652416348283e-05,2857
8N05685,15,3.1127790208529404e-05,2858
8794309,2,3.1135182126718064e-05,2859
8N14111,5,3.1143168826019973e-05,2860
8N06800,5,3.1169965659216814e-05,2861
8M31591,5,3.117863741408655e-05,2862
8N05165,12,3.1202318780287897e-05,2863
8N13646,14,3.1230963827511005e-05,2864
8N14538,11,3.1234437130933657e-05,2865
8M71153,13,3.124839633983356e-05,2866
8681213,9,3.1258389725508096e-05,2867
8N14540,11,3.1275164957378365e-05,2868
8N87939,13,3.128342828517816e-05,2869
8939158,5,3.129295072312743e-05,2870
8981024,5,3.1317622642745846e-05,2871
8N87924,13,3.13752721012861e-05,2872
8N14642,13,3.1457412006830054e-05,2873
8800171,10,3.147299145211946e-05,2874
8651664,2,3.1482356433798486e-05,2875
8M31452,5,3.1504743674304336e-05,2876
8N72920,13,3.151139995338781e-05,2877
8N05128,14,3.1520657245209804e-05,2878
8N27717,9,3.155200982973838e-05,2879
8N42652,7,3.1574768627251615e-05,2880
8M72525,11,3.1580141609310886e-05,2881
8P26542,2,3.159435846100678e-05,2882
8N42535,4,3.161457161127146e-05,2883
8L30641,11,3.1615108639471146e-05,2884
8N87983,13,3.1620219260730664e-05,2885
8732698,4,3.163794059446445e-05,2886
8N42083,8,3.164810885891711e-05,2887
8309128,5,3.174158044316755e-05,2888
8L30451,6,3.174828080432235e-05,2889
8N13642,14,3.1801665841157956e-05,2890
8800321,10,3.1828226610741694e-05,2891
8N87264,8,3.184246168075333e-05,2892
8N42286,5,3.186558592460642e-05,2893
8L52624,2,3.187250193548152e-05,2894
8M72924,5,3.1916921244601326e-05,2895
8P14675,8,3.193205350271455e-05,2896
8N72954,13,3.193611928509199e-05,2897
8N42051,2,3.1963482683750044e-05,2898
8M31968,5,3.198185569885936e-05,2899
8N87307,5,3.2006509229631774e-05,2900
8L52695,9,3.208302456414458e-05,2901
8N87937,13,3.209270784054752e-05,2902
8L89380,5,3.2093994697390826e-05,2903
8N73197,15,3.209717323215955e-05,2904
8N87621,15,3.20976791101657e-05,2905
8N87571,11,3.211129580904526e-05,2906
8939574,6,3.218318729736325e-05,2907
8M71325,11,3.219037557755655e-05,2908
8N87054,5,3.2195375752053224e-05,2909
8N06875,11,3.2195874723583984e-05,2910
8P11488,1,3.222553579718124e-05,2911
8L48448,5,3.2277475384034915e-05,2912
8N05131,12,3.228622961159999e-05,2913
8N05656,13,3.229261466231037e-05,2914
8L89386,5,3.242226534894144e-05,2915
8N13619,14,3.244511293587493e-05,2916
8P26697,7,3.244790980261314e-05,2917
8681415,5,3.253411665582462e-05,2918
8N05863,11,3.257602904227497e-05,2919
8N73927,11,3.2605978958599735e-05,2920
8N73999,14,3.2607447772559084e-05,2921
8N87592,11,3.261317652913931e-05,2922
8N42986,14,3.264234293709478e-05,2923
8N14106,4,3.267618141400419e-05,2924
8P11523,14,3.267865980660645e-05,2925
8L26586,5,3.269450766651971e-05,2926
8887345,5,3.2744264842676785e-05,2927
8L19596,2,3.275305675742857e-05,2928
8747732,7,3.2804246757223154e-05,2929
8681074,5,3.2831130226895766e-05,2930
8747103,5,3.289038141929268e-05,2931
8N05697,15,3.290166500846681e-05,2932
8N87958,13,3.293379654678574e-05,2933
8N05270,13,3.294263723319091e-05,2934
8934353,7,3.2942661846391275e-05,2935
8934414,8,3.29431843653083e-05,2936
8981608,10,3.294329735581414e-05,2937
8887264,10,3.295972510386491e-05,2938
8L30300,5,3.296486559634104e-05,2939
8N42994,5,3.296583824408117e-05,2940
8N73013,4,3.2988672600708924e-05,2941
8N73679,13,3.2997916946442274e-05,2942
8M31805,12,3.3032249689313176e-05,2943
8N73966,12,3.3045673774267925e-05,2944
8N05898,11,3.3059322149142645e-05,2945
8573567,0,3.3068686320802954e-05,2946
8L57918,2,3.310282610868853e-05,2947
8N14992,4,3.313319950848381e-05,2948
8939370,7,3.316283768128869e-05,2949
8M71238,6,3.317301616334589e-05,2950
8981036,4,3.3246825182686734e-05,2951
8N05161,12,3.326581509810467e-05,2952
8N72499,2,3.330437036197509e-05,2953
8651869,5,3.332603182215621e-05,2954
8L89509,5,3.334527218612493e-05,2955
8N28773,5,3.334698271828529e-05,2956
8887488,5,3.335541657634167e-05,2957
8857223,6,3.3393318233265745e-05,2958
8L48789,11,3.344680963124347e-05,2959
8L30963,2,3.3460327756529296e-05,2960
8L52552,4,3.349629962912104e-05,2961
8N28815,5,3.350999247686559e-05,2962
8P11572,14,3.35181689052888e-05,2963
8747781,4,3.3537288295804046e-05,2964
8N73187,15,3.3577661980643825e-05,2965
8N72823,14,3.35872410914817e-05,2966
8N14008,6,3.362460762446062e-05,2967
8N42521,5,3.3644454177306216e-05,2968
8N14157,6,3.36450540316946e-05,2969
8N05423,4,3.364788375392891e-05,2970
8M71504,4,3.369097021277412e-05,2971
8L19931,10,3.3702352538966807e-05,2972
8N73680,13,3.370360124677063e-05,2973
8L48765,11,3.370631918642175e-05,2974
8N73943,12,3.3710768946093594e-05,2975
8N14189,5,3.373043861287783e-05,2976
8L52320,12,3.373773515136236e-05,2977
8N87952,13,3.375698088348145e-05,2978
8L48757,11,3.383990110705781e-05,2979
8N73234,12,3.38541426572192e-05,2980
8P11522,14,3.392580157424163e-05,2981
8934559,4,3.392947701286175e-05,2982
8N87549,11,3.393685165065108e-05,2983
8N73700,13,3.396444174086355e-05,2984
8939451,9,3.397528551118967e-05,2985
8939521,4,3.397865128818012e-05,2986
8857620,1,3.39911676974225e-05,2987
8N73978,12,3.4005821390792335e-05,2988
8N05609,14,3.4060257092960455e-05,2989
8981270,5,3.406170631592431e-05,2990
8981018,4,3.40658655346715e-05,2991
8N05698,15,3.408416864658648e-05,2992
8M71531,4,3.411716924972552e-05,2993
8943897,5,3.413338947666489e-05,2994
8M72263,8,3.414139109736425e-05,2995
8N06686,14,3.4179679516910255e-05,2996
8934401,7,3.41949754840698e-05,2997
8L89395,4,3.4195967288042084e-05,2998
8N05860,11,3.4212303667402466e-05,2999
8L30859,9,3.422721863444167e-05,3000
8N14663,13,3.43280132142354e-05,3001
8N13852,15,3.435988639921561e-05,3002
8N05683,15,3.437927042426736e-05,3003
8P14585,8,3.446805547824283e-05,3004
8573856,4,3.450065771559707e-05,3005
8943144,9,3.45340681064954e-05,3006
8N73913,11,3.458909912978925e-05,3007
8L89642,10,3.462409179633141e-05,3008
8N14527,11,3.4669678580456775e-05,3009
8N13937,5,3.467572048521106e-05,3010
8L48312,5,3.4681211900533526e-05,3011
8L30597,0,3.4684448781518995e-05,3012
8N06845,11,3.4731156404177455e-05,3013
8L89352,5,3.4746365557225545e-05,3014
8N27472,2,3.476479844266578e-05,3015
8681251,4,3.4800149105507217e-05,3016
8M71512,1,3.481309951780531e-05,3017
8L64598,12,3.4818407470993407e-05,3018
8L26591,5,3.4820183856254516e-05,3019
8N87599,11,3.4875224883990086e-05,3020
8N05535,7,3.4877894506735174e-05,3021
8681052,4,3.4913058584606915e-05,3022
8N05622,14,3.492173118502251e-05,3023
8981050,12,3.504765732031956e-05,3024
8N42533,4,3.510455849209393e-05,3025
8N73961,12,3.515890171001956e-05,3026
8N05365,8,3.5202929694833074e-05,3027
8309266,5,3.523969566288088e-05,3028
8N87363,0,3.525781632163216e-05,3029
8N14443,4,3.526507430251513e-05,3030
8N27932,5,3.5280240069823776e-05,3031
8M31627,4,3.5300083595757314e-05,3032
8651665,6,3.5363907187502264e-05,3033
8794346,9,3.5395028021412145e-05,3034
8L89372,5,3.541476183954728e-05,3035
8M31953,4,3.545464727494618e-05,3036
8309173,5,3.54723991335959e-05,3037
8N72924,13,3.5488610947709276e-05,3038
8N06876,11,3.549370001110219e-05,3039
8732240,7,3.550746703240293e-05,3040
8N27250,1,3.562250898880848e-05,3041
8L19974,5,3.563400294837038e-05,3042
8N06873,11,3.564826191393422e-05,3043
8N05642,14,3.5683643176298574e-05,3044
8N05620,14,3.5704629738120275e-05,3045
8N05229,12,3.570476508230058e-05,3046
8P14853,14,3.571113632006018e-05,3047
8N14355,15,3.571367255972291e-05,3048
8N87820,14,3.5713977240448e-05,3049
8N05204,12,3.571559147985681e-05,3050
8N27084,14,3.57169003564195e-05,3051
8N73921,11,3.575009153777842e-05,3052
8981198,11,3.57670828634582e-05,3053
8P14826,4,3.579430533307004e-05,3054
8N27333,4,3.58002350822062e-05,3055
8P26578,9,3.583494313375013e-05,3056
8N87835,14,3.58567755824879e-05,3057
8N73229,12,3.587465894838715e-05,3058
8N73303,15,3.5882966727740495e-05,3059
8857407,5,3.590870005609759e-05,3060
8N06484,12,3.5940918021282187e-05,3061
8N87270,8,3.596249290893638e-05,3062
8L52355,11,3.6013841253179635e-05,3063
8N73602,14,3.601621466486904e-05,3064
8732670,7,3.6049511891178554e-05,3065
8N73479,11,3.6083908980799606e-05,3066
8L48610,5,3.608602855820209e-05,3067
8N72919,13,3.611631859712361e-05,3068
8N27830,6,3.611667139580277e-05,3069
8N27956,5,3.612820367493441e-05,3070
8P14948,14,3.6138985024081194e-05,3071
8M31820,12,3.617629852215032e-05,3072
8N87846,14,3.6228141311767104e-05,3073
8939584,5,3.623666509611212e-05,3074
8934801,6,3.623748091285961e-05,3075
8934529,1,3.6243803151592147e-05,3076
8732676,4,3.625364479376003e-05,3077
8N73969,12,3.62540594096572e-05,3078
8857730,5,3.628131617006147e-05,3079
8M71360,12,3.6281706684349047e-05,3080
8747758,5,3.630028606949054e-05,3081
8N14536,11,3.634563086052367e-05,3082
8N87857,14,3.636278086105449e-05,3083
8P14006,2,3.6381284431286076e-05,3084
8N42263,4,3.6394689402641234e-05,3085
8M71389,12,3.6408841879165266e-05,3086
8573572,4,3.6431795265912115e-05,3087
8N14609,13,3.644153898108016e-05,3088
8N87976,13,3.646143753144315e-05,3089
8N05680,15,3.648057111149683e-05,3090
8P14817,15,3.6502384659797826e-05,3091
8N14683,13,3.650698984358769e-05,3092
8N14688,13,3.650931375887012e-05,3093
8N13622,14,3.650988713843617e-05,3094
8N73513,7,3.6532582498693955e-05,3095
8747010,8,3.655742295904929e-05,3096
8934066,5,3.655997332430161e-05,3097
8N14560,11,3.65664574104585e-05,3098
8N13608,14,3.65817648457778e-05,3099
8M71506,10,3.6593656204786384e-05,3100
8N42397,5,3.661618393380195e-05,3101
8N14939,4,3.66168703465064e-05,3102
8N42858,5,3.6659778515968355e-05,3103
8N27874,4,3.666882435027219e-05,3104
8M71281,4,3.672277466648666e-05,3105
8681071,9,3.674895094718522e-05,3106
8N42795,4,3.6767773292645245e-05,3107
8L26587,5,3.6789674481951806e-05,3108
8N73225,12,3.680993341959038e-05,3109
8N05184,13,3.683670949783391e-05,3110
8N14579,11,3.685118707608126e-05,3111
8N87801,14,3.686924421231197e-05,3112
8N73456,11,3.6876237544447577e-05,3113
8917945,8,3.688724240191732e-05,3114
8N73818,5,3.6889944112772355e-05,3115
8N14530,11,3.691547664175232e-05,3116
8N27091,14,3.6923383788689534e-05,3117
8N87814,14,3.692340709449127e-05,3118
8N72922,13,3.693241700375438e-05,3119
8M71299,6,3.693750454658584e-05,3120
8N27364,5,3.69595180984561e-05,3121
8L52328,12,3.698782296623904e-05,3122
8N05129,12,3.700125836303414e-05,3123
8N73918,11,3.7003578313488106e-05,3124
8732223,7,3.700416374652349e-05,3125
8M72951,4,3.701369234931917e-05,3126
8P14312,14,3.7034200204288936e-05,3127
8747274,2,3.705376900597912e-05,3128
8N13609,14,3.7091864896865445e-05,3129
8N13984,5,3.7106424088051426e-05,3130
8P11641,2,3.714104570917698e-05,3131
8M72218,8,3.714230837914556e-05,3132
8M31581,5,3.7211111916235495e-05,3133
8816452,6,3.726949449855965e-05,3134
8P14871,14,3.728082504039776e-05,3135
8681469,5,3.7282941889316135e-05,3136
8M72610,6,3.728657259216561e-05,3137
8M72304,8,3.7316469899906224e-05,3138
8N14023,5,3.734265968624584e-05,3139
8414527,2,3.7358928011599346e-05,3140
8L89691,5,3.736992434255626e-05,3141
8934890,7,3.737600889053283e-05,3142
8N14531,11,3.7401959048111166e-05,3143
8N73192,15,3.744486252799106e-05,3144
8N73546,5,3.748925316671148e-05,3145
8L52357,11,3.75299258053019e-05,3146
8747064,9,3.757011378269226e-05,3147
8N14682,13,3.759114008516917e-05,3148
8N87981,13,3.7604525118695165e-05,3149
8N87828,14,3.762412063679221e-05,3150
8887221,4,3.7624253309331834e-05,3151
8N28862,4,3.7625549680342374e-05,3152
8794326,9,3.764859479815641e-05,3153
8747366,5,3.7685973182988164e-05,3154
8N87933,13,3.768746648802335e-05,3155
8M71750,7,3.769290705690764e-05,3156
8934278,7,3.7707572914769116e-05,3157
8N28428,2,3.7716886481575784e-05,3158
8N05141,12,3.7750188909058124e-05,3159
8N05625,14,3.77651281269209e-05,3160
8P14112,5,3.7786295024488936e-05,3161
8P14715,5,3.782514045269636e-05,3162
8800073,6,3.782540255770073e-05,3163
8857226,6,3.7834195609320886e-05,3164
8N06820,11,3.783785490441005e-05,3165
8N73493,12,3.7846251018436305e-05,3166
8730493,4,3.787006546662752e-05,3167
8L89282,0,3.788064304899308e-05,3168
8N73050,4,3.788493484080391e-05,3169
8732255,10,3.7923775742854104e-05,3170
8N14972,7,3.79481866872311e-05,3171
8N87614,15,3.796577475156937e-05,3172
8N42130,9,3.796688270085724e-05,3173
8L89725,4,3.797726208176755e-05,3174
8M71079,7,3.799641433488432e-05,3175
8M72954,4,3.8004179828021734e-05,3176
8747399,6,3.802803615826633e-05,3177
8M31365,4,3.803042548611302e-05,3178
8939539,5,3.8040349750190217e-05,3179
8N27197,14,3.807750374562602e-05,3180
8M71374,12,3.8129080024873474e-05,3181
8L64157,2,3.813884440262427e-05,3182
8N05212,12,3.8146896599755564e-05,3183
8N73201,2,3.8170944918647365e-05,3184
8N87807,14,3.817481410806067e-05,3185
8M31922,5,3.8183289632343076e-05,3186
8118429,6,3.819177447894617e-05,3187
8M71107,13,3.822229336947203e-05,3188
8P14616,2,3.822965754807228e-05,3189
8747121,8,3.82356248422866e-05,3190
8747120,8,3.8236016962400754e-05,3191
8N72684,11,3.8242415527633966e-05,3192
8N05181,13,3.825604358098644e-05,3193
8800535,10,3.82609985081217e-05,3194
8N87267,8,3.827369667419589e-05,3195
8N27195,14,3.8276017946259344e-05,3196
8M71301,6,3.83324505719429e-05,3197
8747309,8,3.8335125282173976e-05,3198
8P14806,14,3.8381088682371e-05,3199
8934405,8,3.840553650036327e-05,3200
8L89314,9,3.84195227525197e-05,3201
8N06532,4,3.84285513064242e-05,3202
8L64572,12,3.843868492481306e-05,3203
8N72943,13,3.853135083176085e-05,3204
8L48421,7,3.860679697709202e-05,3205
8N06491,12,3.861124184822984e-05,3206
8N73467,11,3.861394384330197e-05,3207
8P14849,14,3.861710720798328e-05,3208
8N14615,13,3.8623301406914834e-05,3209
8M31923,5,3.86395330878031e-05,3210
8934805,6,3.8643456662157405e-05,3211
8309175,4,3.865096368826926e-05,3212
8981290,5,3.8671483849839206e-05,3213
8N87864,14,3.869307397508237e-05,3214
8N27301,0,3.8696080537192756e-05,3215
8N73985,12,3.8710091658344936e-05,3216
8N13851,15,3.87274610602617e-05,3217
8N87528,11,3.8738980435937265e-05,3218
8N42424,14,3.8751559085170584e-05,3219
8309171,5,3.876513767409051e-05,3220
8N72935,13,3.876980977679523e-05,3221
8N28281,2,3.87709667108993e-05,3222
8N05205,12,3.884458897118748e-05,3223
8P26403,5,3.884624558736505e-05,3224
8N87875,13,3.8902464297052575e-05,3225
8P11529,15,3.8979954595674826e-05,3226
8981047,12,3.901161340991166e-05,3227
8N06821,11,3.9050516058125595e-05,3228
8N27869,6,3.907523642965316e-05,3229
8N73490,12,3.9095790612009296e-05,3230
8N13860,15,3.911128612799075e-05,3231
8730439,5,3.912651943949186e-05,3232
8N73613,14,3.915750662031314e-05,3233
8747308,8,3.922653712606916e-05,3234
8N27324,6,3.923426493201987e-05,3235
8L64879,11,3.9258357901417185e-05,3236
8934069,5,3.93018560771452e-05,3237
8N87922,13,3.933232050457036e-05,3238
8N13932,5,3.935094161100494e-05,3239
8M72551,11,3.938176350715139e-05,3240
8M71831,4,3.9399855531030425e-05,3241
8N14011,7,3.941901331927511e-05,3242
8943009,5,3.944901993691019e-05,3243
8N14089,5,3.9477020948197605e-05,3244
8N05207,12,3.9550318390979555e-05,3245
8N87956,13,3.9573375488544116e-05,3246
8N27308,5,3.961416933861983e-05,3247
8N14613,13,3.966187148307654e-05,3248
8732565,4,3.968816992738766e-05,3249
8681038,5,3.970696387511907e-05,3250
8N06563,4,3.9707141553435576e-05,3251
8857249,0,3.9736722101224586e-05,3252
8N87589,11,3.9749828374624485e-05,3253
8M71505,10,3.975622917096189e-05,3254
8943892,5,3.9764494498939484e-05,3255
8N06679,14,3.9814372861712855e-05,3256
8939615,6,3.9819597731138856e-05,3257
8L64499,11,3.982964769022601e-05,3258
8730459,8,3.9832928109717614e-05,3259
8N87885,13,3.9833028779412416e-05,3260
8N14951,4,3.983495864190445e-05,3261
8N13656,13,3.983689811093427e-05,3262
8747703,5,3.985088414992788e-05,3263
8N14051,6,3.9925030762333336e-05,3264
8N06466,12,3.9944387253854075e-05,3265
8L89457,10,4.000061153419665e-05,3266
8N05705,5,4.0004116726777283e-05,3267
8P26518,9,4.005139567198057e-05,3268
8N14353,15,4.008407404398895e-05,3269
8N13856,15,4.0100381340835156e-05,3270
8N73906,11,4.013961850546366e-05,3271
8N72043,2,4.017856598181879e-05,3272
8681095,5,4.021462081027494e-05,3273
8P14868,14,4.0225003260729864e-05,3274
8N73438,11,4.0256196456311955e-05,3275
8N42518,5,4.028952298540389e-05,3276
8N14548,11,4.029381364034634e-05,3277
8N13408,2,4.031870503240498e-05,3278
8L52419,4,4.0328208740447735e-05,3279
8943106,10,4.032938272757747e-05,3280
8L89550,12,4.0332283901989285e-05,3281
8N73191,15,4.0356328270263475e-05,3282
8N73661,13,4.03974171945265e-05,3283
8939617,6,4.041480215732918e-05,3284
8800417,5,4.0416573710899684e-05,3285
8N06293,2,4.044270485792367e-05,3286
8N73936,12,4.044433219974053e-05,3287
8N27120,7,4.044816620307756e-05,3288
8L89718,4,4.045965474119839e-05,3289
8N87535,11,4.0521990172237565e-05,3290
8L57882,5,4.0548277940644084e-05,3291
8N73530,4,4.055177197415105e-05,3292
8887411,6,4.0582930068921996e-05,3293
8887249,5,4.060202149958059e-05,3294
8168636,5,4.060363198732375e-05,3295
8800512,5,4.061229918761455e-05,3296
8N72691,11,4.061650440689846e-05,3297
8N87943,13,4.0633361887643105e-05,3298
8N14576,11,4.0643314500599104e-05,3299
8N14006,6,4.065525558871741e-05,3300
8N14567,11,4.068328831863255e-05,3301
8N14546,11,4.0708377810005913e-05,3302
8P14855,14,4.075415272097871e-05,3303
8L64176,2,4.0777918016488e-05,3304
8N72516,4,4.083982673819264e-05,3305
8L30768,12,4.0871653538943065e-05,3306
8M71086,5,4.087187784307389e-05,3307
8N14574,11,4.0893924051488284e-05,3308
8N73406,4,4.0921319026665515e-05,3309
8N73586,5,4.099226708831338e-05,3310
8L89655,5,4.100425383057882e-05,3311
8N73580,1,4.101075694507017e-05,3312
8681042,5,4.1020881440090307e-05,3313
8M71204,5,4.102500599856285e-05,3314
8N13696,13,4.1034219080415824e-05,3315
8M31541,0,4.112677942202936e-05,3316
8168661,1,4.1184449500519804e-05,3317
8N06340,0,4.119739907082476e-05,3318
8N14543,11,4.121040956306388e-05,3319
8N28483,2,4.123405341260877e-05,3320
8N05111,12,4.124989027332049e-05,3321
8N87901,13,4.125454563563835e-05,3322
8N14547,11,4.1280052087699914e-05,3323
8816495,5,4.134395834398674e-05,3324
8P14022,8,4.1363160814711364e-05,3325
8N13113,14,4.136895086048753e-05,3326
8800936,10,4.137649034419155e-05,3327
8943067,10,4.138575650358689e-05,3328
8L89615,4,4.13993302572635e-05,3329
8N05237,13,4.1402621718589216e-05,3330
8N87977,13,4.1431605069419675e-05,3331
8M31908,12,4.143662471278731e-05,3332
8L48454,5,4.1437886693529435e-05,3333
8N87921,13,4.1440902009526326e-05,3334
8N72959,13,4.15022618653893e-05,3335
8N05687,15,4.1522143533256894e-05,3336
8P14736,2,4.154086553853631e-05,3337
8N87527,11,4.155641818215372e-05,3338
8L89742,5,4.158194337833265e-05,3339
8800643,12,4.1590760218923606e-05,3340
8P14256,6,4.15960895736589e-05,3341
8N14031,5,4.1600560678034526e-05,3342
8N05063,4,4.160348936466107e-05,3343
8N05272,13,4.164564421671457e-05,3344
8730987,4,4.1669920932463356e-05,3345
8P11783,2,4.169692270750147e-05,3346
8N05238,13,4.171265771901744e-05,3347
8934547,5,4.1744167248225494e-05,3348
8N06683,14,4.177249900294555e-05,3349
8N05305,13,4.180256200925214e-05,3350
8M72646,4,4.181009461490248e-05,3351
8N14632,13,4.186743717582431e-05,3352
8N14565,11,4.1872692520428245e-05,3353
8730969,1,4.190861952979574e-05,3354
8N73627,13,4.192787355350447e-05,3355
8N73693,13,4.195599869571964e-05,3356
8M71077,4,4.1966162029893894e-05,3357
8N27320,6,4.197045192455562e-05,3358
8794342,9,4.202653389029365e-05,3359
8N05157,12,4.203890132714605e-05,3360
8P14982,14,4.2068587617904996e-05,3361
8N73668,13,4.208805199823473e-05,3362
8917830,2,4.2123829544493674e-05,3363
8N06782,4,4.2152693175978584e-05,3364
8800390,6,4.219622269374668e-05,3365
8N14529,11,4.219870851329688e-05,3366
8N05287,13,4.2209045034269366e-05,3367
8N73198,15,4.2225725991329455e-05,3368
8N13855,15,4.222978149570622e-05,3369
8N13216,9,4.225211768016379e-05,3370
8M72580,11,4.2266014588676626e-05,3371
8N13618,14,4.227363814379714e-05,3372
8M31468,5,4.234763207477954e-05,3373
8L64278,5,4.236203767504776e-05,3374
8981920,6,4.2397050680875736e-05,3375
8981806,5,4.240338694216916e-05,3376
8939196,5,4.240747068706696e-05,3377
8747553,10,4.2424073512847826e-05,3378
8747759,4,4.2439884225586866e-05,3379
8N42996,5,4.245575644290511e-05,3380
8L48474,4,4.247092622833293e-05,3381
8N13660,13,4.248043666166268e-05,3382
8P14872,14,4.248186729682857e-05,3383
8981243,7,4.253126172670818e-05,3384
8N87561,11,4.2532379666226916e-05,3385
8N73457,11,4.2538081785892246e-05,3386
8N73944,12,4.2596945206696546e-05,3387
8P11321,4,4.260208640971541e-05,3388
8N06813,6,4.261263381977187e-05,3389
8N87948,13,4.262737570570607e-05,3390
8L52203,8,4.2634225541959836e-05,3391
8N27748,2,4.264501239958918e-05,3392
8816942,4,4.2671422136209e-05,3393
8L89391,4,4.270789050764279e-05,3394
8N14808,5,4.271836519365024e-05,3395
8N06833,11,4.273209185612359e-05,3396
8L89804,10,4.2776665395649616e-05,3397
8N28833,5,4.277836211485919e-05,3398
8P14981,14,4.281860805122051e-05,3399
8M72419,13,4.2833599025016156e-05,3400
8N87967,13,4.2862006045307766e-05,3401
8N06471,12,4.292405003525346e-05,3402
8N05120,14,4.295121047448447e-05,3403
8N06675,14,4.296569017014917e-05,3404
8N73940,12,4.299533637208697e-05,3405
8M31704,4,4.302226113850338e-05,3406
8L64791,13,4.303185409071375e-05,3407
8981703,0,4.30625589160627e-05,3408
8N73214,12,4.308059351387783e-05,3409
8981792,6,4.308708520284199e-05,3410
8N14143,6,4.3097597426822176e-05,3411
8N05307,13,4.310198758128436e-05,3412
8M31815,12,4.318410557857533e-05,3413
8N28248,7,4.319129548946421e-05,3414
8N06852,11,4.320388401879427e-05,3415
8939031,7,4.32268091685728e-05,3416
8681374,4,4.325882719058427e-05,3417
8M71494,13,4.3289282189107325e-05,3418
8943805,1,4.3315702505708487e-05,3419
8L30396,2,4.3318808280901067e-05,3420
8N72065,2,4.3363976718779895e-05,3421
8939897,5,4.336553263328824e-05,3422
8L30320,5,4.3376652058668697e-05,3423
8N73995,12,4.3379663964060455e-05,3424
8N28690,6,4.340445457273745e-05,3425
8N06944,4,4.343453349520132e-05,3426
8M31293,5,4.346013935219162e-05,3427
8M72405,13,4.357588068160112e-05,3428
8N05618,14,4.357910961516609e-05,3429
8N05231,12,4.358570075169155e-05,3430
8P11393,14,4.3663616835942776e-05,3431
8981209,12,4.369143093185812e-05,3432
8800372,4,4.373011051939102e-05,3433
8L19919,5,4.384718454275571e-05,3434
8P11752,7,4.3864927192771574e-05,3435
8N87868,13,4.38867372167806e-05,3436
8N42531,4,4.389095016676947e-05,3437
8800469,5,4.392710187062221e-05,3438
8M72420,13,4.393663931523406e-05,3439
8L48323,4,4.396440511555966e-05,3440
8N27352,6,4.397946293011046e-05,3441
8M72429,13,4.398106788983114e-05,3442
8N27249,5,4.408176393910779e-05,3443
8681218,9,4.4090635270777057e-05,3444
8N13629,14,4.411413857496882e-05,3445
8747948,4,4.412749891002932e-05,3446
8N42534,4,4.4142838135030615e-05,3447
8N05294,13,4.417552933766444e-05,3448
8309141,5,4.418308490983236e-05,3449
8747544,10,4.419533956934174e-05,3450
8934413,8,4.419662354848697e-05,3451
8N14009,10,4.420567447027679e-05,3452
8887439,5,4.421652815267407e-05,3453
8L52206,8,4.428886518592634e-05,3454
8M72961,4,4.429882648082639e-05,3455
8N87959,13,4.430477819994394e-05,3456
8P14300,8,4.434237383499351e-05,3457
8N28693,5,4.436582682032508e-05,3458
8N87590,11,4.438709668885821e-05,3459
8N05137,12,4.4426303816180734e-05,3460
8M72597,14,4.443906706796952e-05,3461
8N05841,5,4.4491497050103135e-05,3462
8P14969,14,4.454255559949161e-05,3463
8747777,5,4.45862734181901e-05,3464
8N05254,13,4.461009466183441e-05,3465
8681066,9,4.4620557432040187e-05,3466
8L19839,5,4.462487889611566e-05,3467
8N73974,12,4.4653559370999574e-05,3468
8800077,5,4.465754238935915e-05,3469
8730458,9,4.466608106667991e-05,3470
8800038,5,4.469672899176658e-05,3471
8N14653,13,4.4704870902023686e-05,3472
8N73934,12,4.471487130786045e-05,3473
8N73048,4,4.4743690068571595e-05,3474
8N05293,13,4.4745745924501534e-05,3475
8N73909,11,4.4759381580661284e-05,3476
8N05257,13,4.476047891444068e-05,3477
8N13658,13,4.477481887477097e-05,3478
8N73304,15,4.478664421014855e-05,3479
8N06290,2,4.479586205263786e-05,3480
8800022,5,4.479865702933239e-05,3481
8N72639,2,4.4821959136243095e-05,3482
8732576,7,4.4864557835921914e-05,3483
8L26578,6,4.487976730516152e-05,3484
8168658,1,4.488067492047776e-05,3485
8N28771,5,4.4921151172161444e-05,3486
8L26597,6,4.4928430497748195e-05,3487
8P11581,5,4.495874736676342e-05,3488
8N05870,11,4.498391899687704e-05,3489
8P14310,14,4.499524470702454e-05,3490
8L48607,6,4.502921689208961e-05,3491
8N06493,12,4.5029752463676687e-05,3492
8N05872,11,4.506096428258388e-05,3493
8L52305,5,4.5063197035233316e-05,3494
8800405,5,4.508483352338999e-05,3495
8N87892,13,4.509208994107894e-05,3496
8L30972,9,4.51117708593074e-05,3497
8M71322,5,4.5114697854842234e-05,3498
8N13664,13,4.511674478635541e-05,3499
8N87211,6,4.511833918741104e-05,3500
8N05260,13,4.5118883747363725e-05,3501
8L89665,5,4.513942064932053e-05,3502
8N73979,12,4.514875195127388e-05,3503
8681500,2,4.516153952494051e-05,3504
8M31445,5,4.517863735031824e-05,3505
8N73917,11,4.518464160696567e-05,3506
8N05674,15,4.519175035255785e-05,3507
8N14575,11,4.521330721729555e-05,3508
8L89614,4,4.530108799372101e-05,3509
8N13665,13,4.530909700761754e-05,3510
8N87754,4,4.530964173454777e-05,3511
8681260,0,4.5331540604820475e-05,3512
8N87245,2,4.5335146779734714e-05,3513
8730486,5,4.535172365649487e-05,3514
8L30758,11,4.540550310139224e-05,3515
8N73318,15,4.540640190242584e-05,3516
8N73445,11,4.54185125136064e-05,3517
8934375,5,4.545089007024217e-05,3518
8681062,9,4.545320530269237e-05,3519
8L52338,12,4.548189065189945e-05,3520
8M31192,8,4.5484075286594816e-05,3521
8N14339,15,4.5487081273165586e-05,3522
8M31641,10,4.549182622426429e-05,3523
8747365,5,4.5507367758546025e-05,3524
8N05646,14,4.553041594590468e-05,3525
8934376,5,4.553158458975304e-05,3526
8L89143,13,4.558265507625947e-05,3527
8816497,5,4.5595698765055204e-05,3528
8N27140,7,4.564022593633865e-05,3529
8L19921,5,4.573073586300325e-05,3530
8N42715,4,4.5776245201523125e-05,3531
8L64060,14,4.577877092515337e-05,3532
8N05457,4,4.5827100166206947e-05,3533
8L26582,6,4.58362078461505e-05,3534
8N27343,4,4.583925725398785e-05,3535
8L52934,4,4.584234920912422e-05,3536
8N73188,15,4.590429682593822e-05,3537
8N05222,12,4.597083466251206e-05,3538
8747764,5,4.59990319541248e-05,3539
8N05256,13,4.600033980750595e-05,3540
8917940,8,4.601079467647651e-05,3541
8800028,4,4.6105665703066734e-05,3542
8800177,6,4.617416180963119e-05,3543
8L64173,6,4.624306518508092e-05,3544
8M71061,5,4.624478015102795e-05,3545
8730503,5,4.629518986121184e-05,3546
8N87258,8,4.630738000344081e-05,3547
8M72818,5,4.633194748748792e-05,3548
8L52204,8,4.6354746359611454e-05,3549
8P14975,14,4.6375928789643694e-05,3550
8N73291,2,4.638143883539669e-05,3551
8N42503,5,4.642419963829525e-05,3552
8N28085,2,4.643586709107694e-05,3553
8800368,1,4.645025285299198e-05,3554
8N28788,15,4.6488223460983136e-05,3555
8N14931,5,4.6494017709619584e-05,3556
8M72648,4,4.6499695088186854e-05,3557
8N73510,5,4.650178402698657e-05,3558
8N05176,13,4.654013605431828e-05,3559
8N05610,14,4.655230742400818e-05,3560
8N72926,13,4.65533041733579e-05,3561
8934236,2,4.6576975591960945e-05,3562
8P26704,7,4.6591841737608775e-05,3563
8L89271,5,4.6634311956950114e-05,3564
8N87862,14,4.666998040647741e-05,3565
8N87982,13,4.667036611039066e-05,3566
8939181,5,4.667891994358797e-05,3567
8939603,5,4.668049336942204e-05,3568
8934333,6,4.669036502491508e-05,3569
8747829,7,4.6707547795676874e-05,3570
8N87934,13,4.6708580939025524e-05,3571
8L48334,6,4.675225100925218e-05,3572
8N27697,4,4.6793682145107596e-05,3573
8934895,5,4.680492452280305e-05,3574
8N87936,13,4.68219235543188e-05,3575
8L52211,5,4.692134670847281e-05,3576
8N87876,13,4.6943515940256475e-05,3577
8N87887,13,4.695918764241469e-05,3578
8L19986,6,4.697930160091346e-05,3579
8M71355,12,4.6986968072815216e-05,3580
8N13601,14,4.70074184306668e-05,3581
8N14545,11,4.7035956981744675e-05,3582
8857215,10,4.706093312734083e-05,3583
8L57990,13,4.707309904039558e-05,3584
8N73441,11,4.709245428102804e-05,3585
8981720,4,4.713012128831906e-05,3586
8857285,10,4.7161584291188774e-05,3587
8N14616,13,4.721626368109355e-05,3588
8P26746,7,4.725689924534038e-05,3589
8P14810,15,4.729033966555107e-05,3590
8N42992,14,4.731958364345701e-05,3591
8L19953,7,4.7327407585839865e-05,3592
8L89654,5,4.7340558012365364e-05,3593
8934062,5,4.734451871968304e-05,3594
8M71302,6,4.7415976123232895e-05,3595
8P11871,14,4.744986665627948e-05,3596
8N73252,7,4.7467766989939264e-05,3597
8P14971,14,4.747171556118701e-05,3598
8N27066,14,4.7559902554894506e-05,3599
8N73823,6,4.7605782413029374e-05,3600
8747866,8,4.762553182935392e-05,3601
8N72951,13,4.765898421510428e-05,3602
8747694,0,4.7669238739445063e-05,3603
8M31526,4,4.766973387404505e-05,3604
8L89723,4,4.767598210264623e-05,3605
8L89714,4,4.7676465086965436e-05,3606
8N05192,13,4.769211275856833e-05,3607
8P11553,14,4.77098836171308e-05,3608
8N42990,14,4.77219475669699e-05,3609
8L89254,4,4.775769036413635e-05,3610
8981582,2,4.7760638295812896e-05,3611
8N87071,5,4.776309413045965e-05,3612
8747739,7,4.777961160229438e-05,3613
8M72745,1,4.780427759065731e-05,3614
8N28603,2,4.7805078565943404e-05,3615
8N73249,14,4.786410175938727e-05,3616
8747256,6,4.786826070812822e-05,3617
8747813,10,4.7897197191559826e-05,3618
8L52310,5,4.790949301991532e-05,3619
8800614,5,4.7923399620231066e-05,3620
8981279,5,4.796232340709139e-05,3621
8N27707,2,4.799152589463063e-05,3622
8887357,10,4.7993143709845754e-05,3623
8681067,9,4.799833973834211e-05,3624
8M72297,9,4.80067006947138e-05,3625
8N72913,13,4.803370138972696e-05,3626
8N14524,11,4.806160313819419e-05,3627
8747603,4,4.807806850237739e-05,3628
8N14638,13,4.808476973039433e-05,3629
8N14967,7,4.8094520934682805e-05,3630
8M72957,4,4.810573962288345e-05,3631
8N06878,11,4.814345317072366e-05,3632
8N73226,12,4.817408245116894e-05,3633
8N28776,5,4.8177752105971194e-05,3634
8M72002,8,4.818132521222651e-05,3635
8651899,5,4.818572193698856e-05,3636
8939293,12,4.8197893704582384e-05,3637
8N05113,12,4.820087389134642e-05,3638
8934368,5,4.820944286620943e-05,3639
8800570,5,4.82370408008137e-05,3640
8887324,6,4.8248375058790316e-05,3641
8P26688,7,4.825032590360934e-05,3642
8N06736,5,4.828938142509287e-05,3643
8L52504,5,4.829608125689333e-05,3644
8N14542,11,4.8325821385475365e-05,3645
8N42647,7,4.8335317330838734e-05,3646
8L57821,9,4.8365143811679445e-05,3647
8N13073,14,4.8379608188042766e-05,3648
8934811,8,4.839693656322197e-05,3649
8L52362,11,4.83999718099426e-05,3650
8M31764,11,4.84231525206269e-05,3651
8L48567,7,4.8462162965279276e-05,3652
8730443,5,4.847834375709681e-05,3653
8L52207,9,4.850131874079011e-05,3654
8N87047,5,4.855154271865558e-05,3655
8934354,6,4.855556228733349e-05,3656
8M71873,5,4.856480063608615e-05,3657
8L57967,13,4.8590271660486906e-05,3658
8N73632,13,4.860347803514742e-05,3659
8N05887,11,4.8605229046927434e-05,3660
8N72260,2,4.861934849031968e-05,3661
8N73968,12,4.8625000658830686e-05,3662
8L48480,4,4.865044584789757e-05,3663
8N87613,15,4.871821110441488e-05,3664
8N27854,1,4.8738692385086324e-05,3665
8N28285,2,4.875238051305075e-05,3666
8P14454,6,4.8762016746195513e-05,3667
8N42507,5,4.8767668861415814e-05,3668
8M71254,5,4.8772639956951025e-05,3669
8P26450,6,4.878840005062557e-05,3670
8N87989,13,4.880795142980787e-05,3671
8N14012,7,4.8810950175948165e-05,3672
8943737,5,4.8816215844738053e-05,3673
8857277,10,4.883893571516751e-05,3674
8L30807,2,4.884594298459888e-05,3675
8N87548,11,4.884755818856945e-05,3676
8939933,11,4.8878811266916955e-05,3677
8651701,5,4.8906946460647305e-05,3678
8M71157,13,4.8989861111792266e-05,3679
8P14916,14,4.899315933926118e-05,3680
8681283,7,4.901640295429388e-05,3681
8N72438,8,4.902893675762243e-05,3682
8M31283,10,4.9054422808225695e-05,3683
8N73994,12,4.9055431929900806e-05,3684
8N73430,11,4.905680498268339e-05,3685
8N14681,13,4.912253001521094e-05,3686
8N72064,2,4.912498215503547e-05,3687
8N72206,2,4.9173381427181084e-05,3688
8732651,5,4.917373584589768e-05,3689
8P14870,14,4.9191938748194275e-05,3690
8N06856,11,4.920800637364664e-05,3691
8N27121,7,4.921630474541416e-05,3692
8573915,2,4.9218885408208735e-05,3693
8934426,8,4.9223255416563916e-05,3694
8L89704,4,4.924095753722213e-05,3695
8537699,0,4.926122215920259e-05,3696
8730517,5,4.92620570184954e-05,3697
8L19917,5,4.929991042956772e-05,3698
8P14845,14,4.930044641504594e-05,3699
8N28714,9,4.930939621772268e-05,3700
8747263,5,4.931715636757872e-05,3701
8N72692,11,4.93399711611886e-05,3702
8N87628,15,4.939291540040358e-05,3703
8N06178,9,4.94316562367203e-05,3704
8L30445,4,4.9546834588909405e-05,3705
8N72391,6,4.958744523264613e-05,3706
8N14639,13,4.959384830272029e-05,3707
8981891,8,4.9635962000138534e-05,3708
8168772,5,4.9686246086366737e-05,3709
8N13624,14,4.969202551663443e-05,3710
8N87524,11,4.9695774826830075e-05,3711
8M71367,12,4.972020182036907e-05,3712
8N14662,13,4.9745202176154635e-05,3713
8L64501,12,4.974571876914524e-05,3714
8N06830,11,4.985491988662716e-05,3715
8732674,7,4.991103952534104e-05,3716
8747569,9,4.992131937342492e-05,3717
8730506,5,5.005556170090131e-05,3718
8M31164,2,5.00652761843412e-05,3719
8981604,10,5.008287928376376e-05,3720
8L30947,2,5.010877134736802e-05,3721
8747993,8,5.011324007853091e-05,3722
8N87926,13,5.012099444456908e-05,3723
8L89245,6,5.0138786264142254e-05,3724
8N05225,12,5.018519846089475e-05,3725
8M71258,5,5.021725766596319e-05,3726
8M71073,4,5.021956204132039e-05,3727
8N13633,14,5.0226130213104625e-05,3728
8N13401,2,5.022952166200412e-05,3729
8N73970,12,5.025372803402206e-05,3730
8168605,10,5.0280166957961114e-05,3731
8N06477,12,5.03873029629176e-05,3732
8N06685,14,5.039301240117311e-05,3733
8934484,2,5.044449773095039e-05,3734
8309146,4,5.045678310011681e-05,3735
8N05675,15,5.048790483996868e-05,3736
8L30289,5,5.050890115398943e-05,3737
8P14875,14,5.051633422681334e-05,3738
8L52978,5,5.051784657439384e-05,3739
8M31334,5,5.054808117677112e-05,3740
8N42731,4,5.0571842677982204e-05,3741
8N06528,4,5.059375018845458e-05,3742
8N14966,7,5.061815807039238e-05,3743
8168648,4,5.062643026576552e-05,3744
8M71521,1,5.0634856847864285e-05,3745
8L52353,11,5.0651761256403915e-05,3746
8N14672,13,5.067607639830385e-05,3747
8N13683,13,5.072334909073106e-05,3748
8N72663,5,5.073645996844789e-05,3749
8939197,5,5.077540043885165e-05,3750
8732666,2,5.092996354960633e-05,3751
8981828,7,5.0951681203059707e-05,3752
8N06931,4,5.095751806294402e-05,3753
8934402,8,5.0971600558114005e-05,3754
8L64210,6,5.0973292616163235e-05,3755
8N05795,10,5.0992880574085575e-05,3756
8651907,2,5.103388764382544e-05,3757
8L52623,1,5.103834126884976e-05,3758
8943129,4,5.107235301693436e-05,3759
8730518,5,5.112532812745485e-05,3760
8800450,0,5.1137568902959174e-05,3761
8N05198,13,5.1178639438376194e-05,3762
8P14297,0,5.1178967169107636e-05,3763
8L52249,2,5.1207143144438305e-05,3764
8M71344,12,5.122145023506164e-05,3765
8N42664,4,5.1241896699139033e-05,3766
8N72963,13,5.125314288534355e-05,3767
8N05169,14,5.126428916923942e-05,3768
8816901,10,5.128155743250318e-05,3769
8L30763,12,5.128701729972818e-05,3770
8N14535,11,5.130993167767883e-05,3771
8P26749,7,5.133618828345732e-05,3772
8681454,5,5.135278536272381e-05,3773
8N72680,11,5.142160262039397e-05,3774
8N73647,13,5.142758702447736e-05,3775
8981289,5,5.144569843196223e-05,3776
8M31503,4,5.147910496816621e-05,3777
8N42061,8,5.1481057255386986e-05,3778
8887385,0,5.149423446937362e-05,3779
8L48319,4,5.150761991346009e-05,3780
8N06847,11,5.154403129381535e-05,3781
8N14614,13,5.155277796120572e-05,3782
8939341,7,5.158362887414114e-05,3783
8981345,11,5.158899010027085e-05,3784
8N27975,0,5.1595098682355456e-05,3785
8168771,5,5.160498877643249e-05,3786
8N05115,12,5.160539535609132e-05,3787
8M31426,4,5.1637304295582e-05,3788
8N05717,6,5.1665622066821015e-05,3789
8943802,10,5.170305196600111e-05,3790
8N14679,13,5.176697982278711e-05,3791
8P14311,14,5.178110689030291e-05,3792
8M72001,2,5.1829613425979915e-05,3793
8N13086,14,5.187313666965565e-05,3794
8N05708,4,5.188214769447086e-05,3795
8800592,5,5.193348528109709e-05,3796
8934497,4,5.193791943725046e-05,3797
8N05700,15,5.193823164972855e-05,3798
8943894,5,5.195599200646939e-05,3799
8M72528,11,5.1976147375398796e-05,3800
8L30446,4,5.1997580044371716e-05,3801
8168603,10,5.201068972837675e-05,3802
8L52330,12,5.202482913091444e-05,3803
8N87372,4,5.205875731917331e-05,3804
8M72437,13,5.208599452810603e-05,3805
8P14012,8,5.210061624438822e-05,3806
8P11471,2,5.2187204843789914e-05,3807
8N73480,11,5.219553634105978e-05,3808
8N87927,13,5.234121435648831e-05,3809
8N72428,8,5.234756588379241e-05,3810
8N14652,13,5.2364791088166385e-05,3811
8N28470,2,5.240690867935882e-05,3812
8651860,5,5.241010728695983e-05,3813
8N27886,2,5.2422059738432836e-05,3814
8N42256,5,5.2454916840360966e-05,3815
8N05288,13,5.246462882269043e-05,3816
8M71250,4,5.2475183395017666e-05,3817
8N72696,11,5.249036007626273e-05,3818
8N05894,11,5.251542341966342e-05,3819
8M71092,5,5.254107657037821e-05,3820
8N87557,11,5.254134811139011e-05,3821
8N27880,6,5.2543326475529284e-05,3822
8N14439,5,5.256979139289797e-05,3823
8943882,5,5.259948038371931e-05,3824
8732687,5,5.261900378172868e-05,3825
8N72678,11,5.2623194960688124e-05,3826
8887346,5,5.264233504931326e-05,3827
8N73664,13,5.2669731303467415e-05,3828
8N05145,12,5.269459867918158e-05,3829
8800074,5,5.269513957273375e-05,3830
8N27072,14,5.2701484591466397e-05,3831
8M71327,11,5.2738575163857604e-05,3832
8939611,4,5.274033634350417e-05,3833
8N27455,5,5.274478763794832e-05,3834
8N14678,13,5.2745083877425714e-05,3835
8P14966,14,5.280243249217165e-05,3836
8N87514,11,5.28298139670369e-05,3837
8N87553,11,5.2885025240811956e-05,3838
8P14126,7,5.290267245072755e-05,3839
8N05134,12,5.2965179520469974e-05,3840
8M72934,5,5.298284882637727e-05,3841
8N72700,11,5.2984502531217004e-05,3842
8N73306,15,5.299663999380755e-05,3843
8N13659,13,5.3008529391718184e-05,3844
8P14961,14,5.3039607280425116e-05,3845
8N13986,5,5.3042126637592446e-05,3846
8M72879,6,5.305250473952583e-05,3847
8N87822,14,5.3053903656063994e-05,3848
8N73674,13,5.306158570306252e-05,3849
8L52383,11,5.308228730882547e-05,3850
8730436,5,5.312235032306489e-05,3851
8730979,6,5.315503614156114e-05,3852
8N05526,4,5.316946828770597e-05,3853
8M72887,0,5.324442548726438e-05,3854
8934055,11,5.330834244432481e-05,3855
8M71490,13,5.331327861313184e-05,3856
8N14551,11,5.3321479185797216e-05,3857
8N06930,4,5.332367926769166e-05,3858
8P11567,14,5.341599739949743e-05,3859
8P14196,5,5.3483550004784775e-05,3860
8N06891,11,5.350960907435365e-05,3861
8N05688,15,5.352472037500888e-05,3862
8N05285,13,5.35280001230376e-05,3863
8309182,5,5.356162571956702e-05,3864
8N05726,5,5.357258373805962e-05,3865
8681396,7,5.35796384610876e-05,3866
8939121,4,5.3600756928062765e-05,3867
8P14863,14,5.3617036712694244e-05,3868
8573608,7,5.3620753078575945e-05,3869
8N87867,13,5.3624662946560875e-05,3870
8N05695,15,5.3637616272972366e-05,3871
8N87569,11,5.366078752899739e-05,3872
8N14292,15,5.366980667531607e-05,3873
8N13357,2,5.367475478124106e-05,3874
8934283,7,5.369337623051251e-05,3875
8934027,4,5.371190957603744e-05,3876
8M72319,7,5.380507438701443e-05,3877
8N28223,9,5.381242397106689e-05,3878
8M71864,5,5.385333702179196e-05,3879
8N13097,14,5.388702845721127e-05,3880
8866741,6,5.3927081467008975e-05,3881
8P26693,7,5.397737209023035e-05,3882
8L57916,2,5.399581772280726e-05,3883
8917923,9,5.400892757734255e-05,3884
8N73589,5,5.4027557311542296e-05,3885
8L89720,4,5.403330368380921e-05,3886
8N72785,5,5.404451175650138e-05,3887
8732237,2,5.404471812653355e-05,3888
8816957,4,5.405913508127469e-05,3889
8N87979,13,5.4101826613361936e-05,3890
8L64901,5,5.4109573213168005e-05,3891
8N14064,6,5.4110503526771936e-05,3892
8N05953,14,5.411763963270033e-05,3893
8N05619,14,5.414728352093334e-05,3894
8939070,7,5.415666601038538e-05,3895
8N87597,11,5.416262717972131e-05,3896
8730537,5,5.417867112100794e-05,3897
8M31165,2,5.420059024263679e-05,3898
8N72939,13,5.422923214837283e-05,3899
8N06500,12,5.4252970926427224e-05,3900
8N05707,4,5.4278984928046725e-05,3901
8N87896,13,5.428557753361929e-05,3902
8N73988,12,5.436424160620845e-05,3903
8N87920,13,5.439958931674482e-05,3904
8N27088,14,5.448264063545594e-05,3905
8309143,4,5.451714991799861e-05,3906
8N06824,11,5.454224088907722e-05,3907
8N72266,2,5.4598447832177044e-05,3908
8L89844,5,5.4710481265374256e-05,3909
8N42704,6,5.471491758157754e-05,3910
8N73512,7,5.4730028381300144e-05,3911
8N06360,5,5.475314885217131e-05,3912
8N05576,2,5.478033142480854e-05,3913
8N42801,2,5.4815248176964815e-05,3914
8P14343,15,5.4818653779875604e-05,3915
8N87817,14,5.482632082021155e-05,3916
8857739,4,5.484029921376532e-05,3917
8866751,5,5.4859478268554085e-05,3918
8N06684,14,5.485989959197468e-05,3919
8N72777,0,5.48614273725434e-05,3920
8L52284,2,5.487392809300218e-05,3921
8N05008,4,5.489066563768574e-05,3922
8732239,7,5.4912373116167146e-05,3923
8800127,9,5.4939974234002875e-05,3924
8L52308,5,5.495078744388593e-05,3925
8P14980,14,5.4996395476791804e-05,3926
8N87523,11,5.5009610491651983e-05,3927
8N87068,5,5.5013520864122256e-05,3928
8981163,12,5.50357034398985e-05,3929
8L48578,8,5.505445415110444e-05,3930
8N05676,15,5.507433095885972e-05,3931
8N73914,11,5.509597880859474e-05,3932
8N42273,5,5.5128938470261346e-05,3933
8747720,5,5.514518876736929e-05,3934
8N72699,11,5.5152382572032366e-05,3935
8N73012,4,5.51834442035215e-05,3936
8N73655,13,5.519211771876087e-05,3937
8747239,4,5.523733761947369e-05,3938
8L89197,12,5.524646758203744e-05,3939
8N87881,13,5.5251453545679396e-05,3940
8N42716,4,5.527571875063586e-05,3941
8N27348,8,5.5293240038167824e-05,3942
8N27894,6,5.536204969303071e-05,3943
8651778,2,5.539421356814955e-05,3944
8N28224,8,5.5405409995046284e-05,3945
8N73638,13,5.545033081943984e-05,3946
8N73515,7,5.546963436131591e-05,3947
8P14696,2,5.5489373565364986e-05,3948
8N06837,11,5.551947601389884e-05,3949
8M71398,12,5.5524226581837866e-05,3950
8N13615,14,5.552818700138573e-05,3951
8N87840,14,5.5580464163540455e-05,3952
8N27800,2,5.5610227860825034e-05,3953
8L52973,4,5.561112767082932e-05,3954
8L30444,4,5.568209257944545e-05,3955
8L64893,11,5.5685352208456607e-05,3956
8681291,7,5.574445231104619e-05,3957
8M31812,12,5.577389944733113e-05,3958
8N73454,11,5.578791517280024e-05,3959
8L52398,12,5.587454921851531e-05,3960
8P11542,15,5.588310295934207e-05,3961
8L19856,4,5.590267784327807e-05,3962
8M72708,6,5.593440346274292e-05,3963
8800489,10,5.604633724942687e-05,3964
8N73494,12,5.6048667839370125e-05,3965
8N06472,12,5.605737285208079e-05,3966
8N14608,13,5.605981004919158e-05,3967
8934899,0,5.608168436310734e-05,3968
8N73439,11,5.611329288512934e-05,3969
8816491,5,5.612536631360854e-05,3970
8N73211,12,5.616738955893652e-05,3971
8N87369,4,5.6169619782053815e-05,3972
8P11524,15,5.617268253743646e-05,3973
8M71313,5,5.6281601132468495e-05,3974
8681496,2,5.63513754059386e-05,3975
8N87984,13,5.636995258129218e-05,3976
8651997,5,5.64077511508998e-05,3977
8N14657,13,5.642325891130895e-05,3978
8L89354,5,5.6461173130628595e-05,3979
8P14401,5,5.6464234869935126e-05,3980
8N73193,15,5.647047794354876e-05,3981
8732235,2,5.650677451285446e-05,3982
8939595,0,5.652700215819095e-05,3983
8N06883,11,5.6578918474770035e-05,3984
8N27551,5,5.658338750436087e-05,3985
8N05638,14,5.660610031554825e-05,3986
8M71167,13,5.661621435137931e-05,3987
8L48418,5,5.662383105686786e-05,3988
8N14974,7,5.6642255003680475e-05,3989
8800341,7,5.66774716190821e-05,3990
8L57859,2,5.6704904409343726e-05,3991
8P14861,14,5.6716798610523256e-05,3992
8N14559,11,5.672295712599862e-05,3993
8L19998,5,5.6727096023223567e-05,3994
8M72570,11,5.6743085906418855e-05,3995
8N05664,13,5.678445677403943e-05,3996
8N05810,5,5.681573534843665e-05,3997
8M71292,6,5.683304891590524e-05,3998
8N05900,11,5.687791269792797e-05,3999
8N28795,14,5.6915777019383995e-05,4000
8N05605,14,5.705284962687074e-05,4001
8800164,7,5.7088835987428865e-05,4002
8N27983,6,5.7153522561748105e-05,4003
8N87803,14,5.716732050675688e-05,4004
8N27194,14,5.71938305924391e-05,4005
8N14532,11,5.719440724760716e-05,4006
8N87834,14,5.721363930888401e-05,4007
8L49957,4,5.72485624275032e-05,4008
8681259,0,5.7268796776810404e-05,4009
8N05613,14,5.728359970191832e-05,4010
8981092,11,5.730425721139909e-05,4011
8981606,10,5.731535304676072e-05,4012
8887342,5,5.732162981075817e-05,4013
8N87759,4,5.734737408147339e-05,4014
8N06488,12,5.7436597685978086e-05,4015
8N06922,5,5.746692920638452e-05,4016
8N73651,13,5.746833198827517e-05,4017
8981248,5,5.74835962652287e-05,4018
8L89537,5,5.750748684363316e-05,4019
8M71283,4,5.7545976460460224e-05,4020
8M72535,11,5.757911139880889e-05,4021
8N14655,13,5.758268791034027e-05,4022
8N87515,11,5.76233087485889e-05,4023
8981278,5,5.765090098464043e-05,4024
8732625,9,5.765869775586907e-05,4025
8P11635,2,5.769350070750079e-05,4026
8N14569,11,5.7710549526746036e-05,4027
8N05880,11,5.7713780961421435e-05,4028
8N87570,11,5.7747806408769975e-05,4029
8N28892,5,5.785048905693202e-05,4030
8L89548,12,5.785277728875826e-05,4031
8N73981,12,5.786405041874332e-05,4032
8747102,5,5.787809774915331e-05,4033
8N05856,11,5.7902303424839374e-05,4034
8168665,5,5.7935707388878654e-05,4035
8N05603,14,5.794290700578131e-05,4036
8681132,5,5.798754955321783e-05,4037
8934596,10,5.8009846625850514e-05,4038
8N14164,5,5.803691442451964e-05,4039
8N06979,4,5.805182092188943e-05,4040
8943080,4,5.8052105259776e-05,4041
8N05289,13,5.810599439115549e-05,4042
8P11521,14,5.812627358636746e-05,4043
8M72693,14,5.813710208713019e-05,4044
8732626,9,5.8152513304321474e-05,4045
8N87938,13,5.8188501803613235e-05,4046
8N28809,6,5.819552222874336e-05,4047
8M31542,6,5.823281927064272e-05,4048
8309269,5,5.8265579639282805e-05,4049
8747532,5,5.82779038040826e-05,4050
8N72414,8,5.8398556319616546e-05,4051
8N73740,14,5.840884921326506e-05,4052
8N73420,5,5.8418090418399515e-05,4053
8651975,5,5.846580671686752e-05,4054
8N05690,15,5.848751195003388e-05,4055
8N14050,6,5.8509150278496236e-05,4056
8N06840,11,5.852095756608833e-05,4057
8N27891,6,5.853737050465213e-05,4058
8747229,5,5.853888266926788e-05,4059
8P26700,7,5.8542054659938e-05,4060
8P11400,14,5.8586381442182756e-05,4061
8N06285,2,5.860091937393008e-05,4062
8N72466,9,5.863327950805797e-05,4063
8N87975,13,5.863429237251694e-05,4064
8N14676,13,5.865980074304389e-05,4065
8N73476,11,5.873194379546476e-05,4066
8N27906,6,5.87401295035761e-05,4067
8M71881,5,5.874338546618674e-05,4068
8N87058,5,5.8753245866682846e-05,4069
8M71324,11,5.8755476288752106e-05,4070
8N05224,12,5.8763597337474494e-05,4071
8L19932,10,5.876510826396952e-05,4072
8N05358,15,5.876727595932607e-05,4073
8732258,1,5.8819434087808986e-05,4074
8651534,4,5.884655942622885e-05,4075
8730462,8,5.885304466346497e-05,4076
8N27361,5,5.88932279583787e-05,4077
8N72906,13,5.895466739502808e-05,4078
8N42732,4,5.895607756656318e-05,4079
8N14176,6,5.8969773419903504e-05,4080
8M31208,7,5.8992359782905623e-05,4081
8L64011,11,5.899986263102619e-05,4082
8P14605,7,5.900462944552487e-05,4083
8N28578,9,5.903093574488594e-05,4084
8N14152,6,5.9036667153122835e-05,4085
8N14633,13,5.903801229578676e-05,4086
8M72990,4,5.9071264388421696e-05,4087
8939195,5,5.907352965550672e-05,4088
8N87620,15,5.914933337081152e-05,4089
8732293,5,5.9218523489334984e-05,4090
8N73509,5,5.923983380284881e-05,4091
8N14801,2,5.9269169980780134e-05,4092
8N72937,13,5.927892566148785e-05,4093
8N14669,13,5.929371911861381e-05,4094
8N28813,5,5.932681515474769e-05,4095
8L52920,6,5.93345222341668e-05,4096
8681034,5,5.934254363637592e-05,4097
8N05574,8,5.939514721831074e-05,4098
8N87611,15,5.940312206575982e-05,4099
8800395,0,5.9418277260192554e-05,4100
8N14930,6,5.945776783278234e-05,4101
8L19960,10,5.949397018412128e-05,4102
8934227,10,5.950821173783538e-05,4103
8L89728,4,5.9520202611906825e-05,4104
8N05124,12,5.954237294503173e-05,4105
8939763,5,5.959857052673101e-05,4106
8L89387,5,5.9601711576817706e-05,4107
8N27096,8,5.969507577674449e-05,4108
8800063,4,5.978273205187179e-05,4109
8N05152,12,5.981853211523003e-05,4110
8N73320,15,5.985078625325713e-05,4111
8P11325,4,5.9866707204037084e-05,4112
8M71105,13,5.988732610262559e-05,4113
8L48750,11,5.99156863358985e-05,4114
8M71552,4,5.992188029324552e-05,4115
8L64981,4,5.9930336647084914e-05,4116
8N28091,2,5.993619845412468e-05,4117
8N14957,5,5.9966894710328233e-05,4118
8651878,4,6.0000810307769825e-05,4119
8N05003,4,6.0011203345311515e-05,4120
8N73435,11,6.001863678761765e-05,4121
8N14556,11,6.002004914762438e-05,4122
8N28316,9,6.0061275462430785e-05,4123
8L30354,7,6.006818307469075e-05,4124
8N05957,14,6.007399761642773e-05,4125
8M72112,5,6.0096954783261936e-05,4126
8L52550,5,6.013980680563691e-05,4127
8M71348,12,6.014659331299299e-05,4128
8857220,5,6.015392887093185e-05,4129
8N14631,13,6.020281642804548e-05,4130
8N05177,13,6.02187159088885e-05,4131
8N73220,12,6.023387959430693e-05,4132
8747692,0,6.026473174358671e-05,4133
8747976,5,6.0266865212099674e-05,4134
8934313,5,6.034212037775433e-05,4135
8N06696,14,6.035180001617846e-05,4136
8N05032,5,6.036285776644945e-05,4137
8L19900,6,6.036781545371017e-05,4138
8N28190,6,6.037003561232268e-05,4139
8732610,9,6.040305601118234e-05,4140
8N14648,13,6.0420706347485975e-05,4141
8N14541,11,6.042788646709596e-05,4142
8681053,4,6.042902904823677e-05,4143
8N87707,6,6.044638621460763e-05,4144
8N13607,14,6.046759929745349e-05,4145
8N13967,6,6.0484302025543e-05,4146
8P11559,14,6.052290355285095e-05,4147
8M71257,5,6.0545755729890516e-05,4148
8P14851,14,6.054733851357241e-05,4149
8981120,12,6.0557254300874774e-05,4150
8M72571,11,6.0617491342895846e-05,4151
8N05363,15,6.0645866710729024e-05,4152
8M72786,10,6.067577839985461e-05,4153
8N14523,11,6.070338599784009e-05,4154
8M72621,4,6.072135849422011e-05,4155
8P14972,14,6.079097934730271e-05,4156
8N28254,7,6.0882919228788523e-05,4157
8L89734,4,6.0886712361707396e-05,4158
8L52967,6,6.0983594380559225e-05,4159
8981281,5,6.0998431536063435e-05,4160
8681397,5,6.102120426021429e-05,4161
8M71501,4,6.105382935395198e-05,4162
8N13652,14,6.10543947914266e-05,4163
8N13617,14,6.11254390605609e-05,4164
8934304,5,6.113009430919192e-05,4165
8M71520,5,6.113127108164917e-05,4166
8800170,10,6.129046505165547e-05,4167
8N28947,9,6.130539327386941e-05,4168
8N73436,11,6.131388616381628e-05,4169
8N72603,4,6.134801850699034e-05,4170
8N05154,12,6.137417566876024e-05,4171
8N87248,8,6.137574530384882e-05,4172
8N27412,5,6.140259894493738e-05,4173
8N27200,14,6.140883188265889e-05,4174
8N14578,11,6.141956900407308e-05,4175
8N05286,13,6.142557835886464e-05,4176
8N27904,6,6.142685008114768e-05,4177
8N73911,11,6.161532201076625e-05,4178
8N05172,14,6.163295154237858e-05,4179
8N06527,5,6.163923549706851e-05,4180
8N87957,13,6.164534386243758e-05,4181
8L64075,11,6.167971895365554e-05,4182
8N06916,5,6.174975942485617e-05,4183
8747062,9,6.175655720142004e-05,4184
8N27577,5,6.175900125526823e-05,4185
8L52391,12,6.181795449045069e-05,4186
8N72917,13,6.183431491990632e-05,4187
8887481,6,6.187038437133197e-05,4188
8M71492,13,6.188259135342378e-05,4189
8N05608,14,6.192589535203297e-05,4190
8L48311,5,6.193129900111671e-05,4191
8N05749,4,6.196008355630056e-05,4192
8M72859,10,6.19695674686227e-05,4193
8N87251,8,6.202885458606033e-05,4194
8N05174,12,6.208074114510964e-05,4195
8934163,12,6.209678963386978e-05,4196
8L52381,11,6.210305568288277e-05,4197
8N27464,7,6.21157215636714e-05,4198
8N28777,5,6.214593759068521e-05,4199
8N28001,2,6.216160954863881e-05,4200
8N06871,11,6.217790185303329e-05,4201
8747518,5,6.2184655433839e-05,4202
8939101,5,6.219606633095509e-05,4203
8N06519,4,6.234791646164695e-05,4204
8N05861,11,6.237002921238854e-05,4205
8P11606,9,6.240084718456274e-05,4206
8800428,5,6.240667107704212e-05,4207
8P11319,4,6.240738758833686e-05,4208
8N27094,2,6.240759516629169e-05,4209
8M72168,2,6.24224803971174e-05,4210
8N72368,4,6.244419618894881e-05,4211
8730442,5,6.248395126107198e-05,4212
8747610,7,6.248651697404739e-05,4213
8N73971,12,6.248681694387415e-05,4214
8N14664,13,6.249789925050209e-05,4215
8309267,5,6.25097509043826e-05,4216
8887406,10,6.254050873621964e-05,4217
8866795,6,6.25882869940142e-05,4218
8L19722,6,6.262502893150668e-05,4219
8P11555,14,6.263643083315173e-05,4220
8N72929,13,6.280517561663146e-05,4221
8N05916,9,6.281083336290294e-05,4222
8L30001,10,6.288250702368714e-05,4223
8N14644,13,6.289019340499635e-05,4224
8N87949,13,6.289407633630617e-05,4225
8939278,12,6.295762636909785e-05,4226
8573682,4,6.296092360003058e-05,4227
8M31921,12,6.29821181519219e-05,4228
8N87965,13,6.30140449402461e-05,4229
8N42783,5,6.30416703870651e-05,4230
8732641,5,6.306903412678366e-05,4231
8N73824,6,6.309395359949121e-05,4232
8L52379,11,6.311304184691835e-05,4233
8309252,5,6.31302712008619e-05,4234
8M72179,2,6.315520847799405e-05,4235
8N13985,5,6.31688010344078e-05,4236
8747901,0,6.31922646334715e-05,4237
8L89516,5,6.320327997855202e-05,4238
8N14933,5,6.324632363430283e-05,4239
8N05275,13,6.328691715040691e-05,4240
8P11187,2,6.32888611846738e-05,4241
8N73489,12,6.33093812041352e-05,4242
8N42544,5,6.332899033623107e-05,4243
8800339,7,6.337962994074076e-05,4244
8800005,9,6.338091736779461e-05,4245
8N05640,14,6.340038646612811e-05,4246
8681184,4,6.346020620640047e-05,4247
8934042,9,6.348630637376118e-05,4248
8L30709,12,6.352938135023578e-05,4249
8N05280,13,6.35596463496313e-05,4250
8N28024,9,6.358056226218878e-05,4251
8L48450,5,6.366344508990096e-05,4252
8M72931,5,6.37403928749336e-05,4253
8N73503,5,6.376379786843245e-05,4254
8L64838,2,6.376795195706109e-05,4255
8L89118,13,6.377601813767342e-05,4256
8N13706,6,6.378873673895669e-05,4257
8N14603,13,6.381912691466596e-05,4258
8L89259,4,6.386076249498274e-05,4259
8N87946,13,6.386486154497106e-05,4260
8939519,4,6.395656821922557e-05,4261
8681008,0,6.39656886960438e-05,4262
8651761,6,6.397044644756988e-05,4263
8L30697,12,6.398964927711859e-05,4264
8N87338,4,6.399186395356082e-05,4265
8N42719,5,6.402654511816763e-05,4266
8N14521,11,6.408204598074008e-05,4267
8P14983,14,6.409366432080787e-05,4268
8L89432,5,6.416103474293777e-05,4269
8M72797,6,6.416876578896336e-05,4270
8L64373,2,6.417000747660495e-05,4271
8N14539,11,6.419723161599222e-05,4272
8934274,7,6.421900309305784e-05,4273
8M71317,5,6.425425715406163e-05,4274
8N13345,2,6.428012909509562e-05,4275
8L64829,9,6.429376637662187e-05,4276
8N87559,11,6.432627336039332e-05,4277
8N72447,2,6.435017076000804e-05,4278
8939736,7,6.441894163344841e-05,4279
8L30813,9,6.444130954719185e-05,4280
8L89755,5,6.444450372811161e-05,4281
8N05248,13,6.444458773557926e-05,4282
8L52375,11,6.445030857094025e-05,4283
8981220,11,6.445756342543518e-05,4284
8P14724,5,6.451465412737889e-05,4285
8N27077,14,6.451579179156397e-05,4286
8L57803,9,6.459700443883776e-05,4287
8N87812,14,6.465102551000967e-05,4288
8N27339,4,6.468547684335135e-05,4289
8N72519,4,6.471753229675414e-05,4290
8N05460,5,6.481691900717124e-05,4291
8N28899,14,6.481736062369237e-05,4292
8M31485,5,6.482117510131502e-05,4293
8N06869,11,6.482512088723524e-05,4294
8P14862,14,6.483597462647595e-05,4295
8P11568,14,6.485084622909199e-05,4296
8N73645,13,6.488451937514128e-05,4297
8981545,5,6.489916037821786e-05,4298
8747259,6,6.496878353345892e-05,4299
8L57980,13,6.505003243972851e-05,4300
8M71247,4,6.505331451478469e-05,4301
8943836,6,6.506488876567573e-05,4302
8N05247,13,6.507473267447494e-05,4303
8L89808,5,6.509312675007095e-05,4304
8794313,8,6.51335828365518e-05,4305
8939199,5,6.515499988068996e-05,4306
8P14985,14,6.521614304944023e-05,4307
8N73461,11,6.521778075097018e-05,4308
8N72826,14,6.526617067414975e-05,4309
8L30180,12,6.530021119033336e-05,4310
8800529,10,6.532434353800909e-05,4311
8L30781,4,6.534426849214015e-05,4312
8N73299,2,6.535520344641554e-05,4313
8L89519,5,6.541078852251303e-05,4314
8981030,0,6.546568536691666e-05,4315
8681076,5,6.552199204179487e-05,4316
8L89626,4,6.560554851375855e-05,4317
8L89689,4,6.562623428862935e-05,4318
8N14525,11,6.56366009010867e-05,4319
8P14333,14,6.565715935380467e-05,4320
8981033,4,6.566669287622062e-05,4321
8732659,5,6.571239967456677e-05,4322
8981945,2,6.57166820374755e-05,4323
8N72721,0,6.572745922994727e-05,4324
8N05714,6,6.575286693077942e-05,4325
8800307,0,6.587818394621081e-05,4326
8730928,2,6.58965923410193e-05,4327
8800470,5,6.590795456418164e-05,4328
8747935,4,6.592243335035164e-05,4329
8668482,4,6.593038909841198e-05,4330
8P11560,14,6.594540979421026e-05,4331
8N73975,12,6.594766023226839e-05,4332
8N05704,5,6.59552491129034e-05,4333
8N13971,5,6.596816754722568e-05,4334
8N06879,11,6.601524572147355e-05,4335
8887278,5,6.607886496112769e-05,4336
8L64600,12,6.608273494634886e-05,4337
8N87526,11,6.608386206607975e-05,4338
8N05232,12,6.610625484881893e-05,4339
8N05215,12,6.612575290887435e-05,4340
8N05362,15,6.615155893996416e-05,4341
8816943,4,6.618162358762447e-05,4342
8887344,5,6.62065215237817e-05,4343
8L89265,5,6.626303323287175e-05,4344
8866792,5,6.627250832025311e-05,4345
8L48451,5,6.628088522120379e-05,4346
8N05621,14,6.637148590016295e-05,4347
8N13863,15,6.642982179982937e-05,4348
8M71336,12,6.643679876106034e-05,4349
8887279,5,6.64417877374035e-05,4350
8N28767,4,6.644744689765503e-05,4351
8N73601,14,6.649142437709088e-05,4352
8N87600,11,6.652826880326757e-05,4353
8981801,5,6.653154440527942e-05,4354
8N27119,7,6.653441664639104e-05,4355
8904643,7,6.658008405224791e-05,4356
8N87961,13,6.66137446252435e-05,4357
8N87878,13,6.662007820068538e-05,4358
8L57974,13,6.670137676678678e-05,4359
8N05644,14,6.67057773284796e-05,4360
8573515,6,6.681322273038859e-05,4361
8N13425,9,6.69374908284226e-05,4362
8P14857,14,6.696060478361687e-05,4363
8N14564,11,6.697929683241455e-05,4364
8P14960,14,6.698450260955724e-05,4365
8N13649,14,6.707035220188118e-05,4366
8934343,10,6.708391720167128e-05,4367
8M71074,4,6.712307353495817e-05,4368
8981607,10,6.714842365340701e-05,4369
8747742,9,6.719069734795191e-05,4370
8N87619,15,6.719352424511271e-05,4371
8857103,7,6.724155639403762e-05,4372
8N73222,12,6.724171166183623e-05,4373
8M72416,13,6.728718511794796e-05,4374
8N87483,14,6.72932174552443e-05,4375
8N73508,4,6.729502013058664e-05,4376
8L89748,4,6.732673386977694e-05,4377
8309291,0,6.733031642514042e-05,4378
8N06863,11,6.733817176041157e-05,4379
8M71305,6,6.739464751603919e-05,4380
8N05513,8,6.740474773891947e-05,4381
8N42708,4,6.74131175628645e-05,4382
8P14007,2,6.744161839833396e-05,4383
8800336,7,6.744222753241047e-05,4384
8732273,1,6.747268355411506e-05,4385
8681073,5,6.74777001847815e-05,4386
8N73469,11,6.7508977068087e-05,4387
8P11584,4,6.755530964142054e-05,4388
8N28940,8,6.75905373963559e-05,4389
8L52378,11,6.763818566923874e-05,4390
8N87552,11,6.768043738247798e-05,4391
8L19952,7,6.773695316653061e-05,4392
8N73939,12,6.776817671294566e-05,4393
8L52965,6,6.777495096343955e-05,4394
8L48313,5,6.781492618301854e-05,4395
8816955,4,6.788705741200829e-05,4396
8L52931,4,6.788849009353726e-05,4397
8N05669,15,6.793309200503472e-05,4398
8M71220,6,6.795413366944558e-05,4399
8M72565,11,6.797057557150765e-05,4400
8934884,2,6.805230401596418e-05,4401
8981178,11,6.80524508425151e-05,4402
8N14640,13,6.806974090522999e-05,4403
8M72697,14,6.807109353701435e-05,4404
8N05110,12,6.817681696702493e-05,4405
8N28401,8,6.819937925683917e-05,4406
8651754,5,6.820597263867967e-05,4407
8N87854,14,6.820967678322631e-05,4408
8N87521,11,6.825635432505806e-05,4409
8981379,12,6.831856286737548e-05,4410
8747974,5,6.832638905507338e-05,4411
8800151,9,6.841362289833341e-05,4412
8N73432,11,6.845551257583793e-05,4413
8N42991,14,6.847781253327412e-05,4414
8N87052,5,6.848747030119284e-05,4415
8N05235,12,6.854699111613627e-05,4416
8N05202,12,6.857684962824351e-05,4417
8N06898,11,6.858954635902137e-05,4418
8N14900,2,6.861115039491494e-05,4419
8N87863,14,6.863279827484803e-05,4420
8N14105,4,6.86441023418638e-05,4421
8N73947,12,6.864624901936622e-05,4422
8N05108,12,6.868639703228041e-05,4423
8939124,4,6.871255322948855e-05,4424
8N72914,13,6.873127426842984e-05,4425
8P14642,9,6.879430327444425e-05,4426
8N87925,13,6.885533841227698e-05,4427
8L64092,12,6.890087789201971e-05,4428
8L30752,11,6.904258238904504e-05,4429
8N87546,11,6.90866743582319e-05,4430
8887451,5,6.913537077934961e-05,4431
8N13423,9,6.916619008734415e-05,4432
8M31338,5,6.917678119577886e-05,4433
8N06482,12,6.921052272446104e-05,4434
8N05617,14,6.924853460077429e-05,4435
8N05163,12,6.927566082026715e-05,4436
8N87947,13,6.927698107972446e-05,4437
8N72679,11,6.927970242287529e-05,4438
8N13923,5,6.928362751068562e-05,4439
8N87603,15,6.93092614412194e-05,4440
8L89645,6,6.933892468552472e-05,4441
8N42287,5,6.936156978554209e-05,4442
8N13700,13,6.939329179544984e-05,4443
8N13862,15,6.939922388937703e-05,4444
8L30695,12,6.939981631859382e-05,4445
8681005,4,6.940645016584313e-05,4446
8M31765,11,6.944739408254463e-05,4447
8L30631,12,6.946960613163355e-05,4448
8P14991,14,6.95219220130383e-05,4449
8N87606,15,6.953227928363503e-05,4450
8M72881,5,6.954317291274492e-05,4451
8N87540,11,6.955880871828413e-05,4452
8L52588,7,6.957540711027832e-05,4453
8N13697,13,6.960450164683607e-05,4454
8N14635,13,6.96086641482907e-05,4455
8N42500,14,6.962793534626144e-05,4456
8N87894,13,6.96309382135496e-05,4457
8857405,5,6.963536588955321e-05,4458
8N05284,13,6.963594341868884e-05,4459
8934271,7,6.964563613109931e-05,4460
8N73938,12,6.968425299191949e-05,4461
8M72972,5,6.971965738955532e-05,4462
8917968,8,6.976364329602802e-05,4463
8L30340,6,6.976668123570562e-05,4464
8P14829,5,6.976992335694376e-05,4465
8887449,5,6.982143980849287e-05,4466
8P14959,14,6.98222027040174e-05,4467
8800338,7,6.982727029480884e-05,4468
8N72947,13,6.995147339239338e-05,4469
8N27905,6,7.00241211006869e-05,4470
8981318,6,7.004356507422926e-05,4471
8N87849,14,7.01560660445466e-05,4472
8L89389,5,7.016489098532475e-05,4473
8681436,6,7.01799642683909e-05,4474
8N42942,6,7.018102061095988e-05,4475
8168639,4,7.018349697318627e-05,4476
8M31220,11,7.019493403959132e-05,4477
8M71587,1,7.020334317076049e-05,4478
8N73605,14,7.020604454055501e-05,4479
8N87554,11,7.023698415764557e-05,4480
8N73920,11,7.024898729923734e-05,4481
8939095,10,7.027839973261507e-05,4482
8681012,5,7.031793452938473e-05,4483
8N05279,13,7.044577822057363e-05,4484
8N13853,15,7.045372876746114e-05,4485
8N05939,2,7.048329985082091e-05,4486
8939898,5,7.055791638777009e-05,4487
8M72955,4,7.057820096179057e-05,4488
8N72905,13,7.059885649596254e-05,4489
8N05179,13,7.062946472036202e-05,4490
8N06476,12,7.064613339480275e-05,4491
8L52335,12,7.069253420866062e-05,4492
8L30467,12,7.072990479173313e-05,4493
8N05116,12,7.073449364725093e-05,4494
8L64755,13,7.075728504446488e-05,4495
8N14634,13,7.077649331677094e-05,4496
8L52377,11,7.078356679812714e-05,4497
8M72019,2,7.09257993207757e-05,4498
8L30876,1,7.092960562538053e-05,4499
8N13149,14,7.100154411432413e-05,4500
8681423,0,7.100372882007377e-05,4501
8N87909,13,7.104635892574152e-05,4502
8P14963,14,7.105225239456558e-05,4503
8N87889,13,7.10783558623973e-05,4504
8N87732,4,7.108975910341542e-05,4505
8N14445,4,7.118098125147299e-05,4506
8N13626,14,7.126990593064875e-05,4507
8N05869,11,7.128517529508827e-05,4508
8N05114,14,7.134011065090817e-05,4509
8P11526,15,7.134706870459695e-05,4510
8N28142,8,7.143775478368752e-05,4511
8N72577,4,7.145693331267466e-05,4512
8N14673,13,7.151142537509259e-05,4513
8N72675,11,7.152399598453485e-05,4514
8N73965,12,7.160414338613919e-05,4515
8N14001,6,7.160552036111767e-05,4516
8M31823,12,7.16299497298678e-05,4517
8M31297,6,7.165126294239599e-05,4518
8981381,12,7.167773776473041e-05,4519
8N87836,14,7.16963933768966e-05,4520
8M71457,13,7.170944525114464e-05,4521
8N13690,13,7.175020948579913e-05,4522
8981820,5,7.175474479481636e-05,4523
8N42186,2,7.175973149742276e-05,4524
8800185,6,7.196926776487089e-05,4525
8M71396,12,7.201499482789586e-05,4526
8N73463,11,7.203859206583729e-05,4527
8732211,5,7.204530518833963e-05,4528
8800066,4,7.21576992646078e-05,4529
8P14973,14,7.222588044442091e-05,4530
8N28243,2,7.230490160736736e-05,4531
8M71705,8,7.23457172284725e-05,4532
8N27362,5,7.235739951738651e-05,4533
8N42791,4,7.243787962352144e-05,4534
8N06677,14,7.244379923676547e-05,4535
8N87584,11,7.247458756864944e-05,4536
8L52493,13,7.251408931097103e-05,4537
8M72928,5,7.251714431788514e-05,4538
8P11573,14,7.252168995819375e-05,4539
8794325,9,7.255539196648897e-05,4540
8P26683,7,7.257936461613212e-05,4541
8N42093,2,7.275479788404482e-05,4542
8N72551,6,7.277458854559882e-05,4543
8L52364,11,7.278206309990765e-05,4544
8N73482,11,7.279328951881325e-05,4545
8N87910,13,7.279999806542037e-05,4546
8N28696,5,7.283723357431882e-05,4547
8981741,4,7.286018997376686e-05,4548
8800538,5,7.289990685421799e-05,4549
8N73492,12,7.300709307855868e-05,4550
8N27406,7,7.300718726810373e-05,4551
8N13655,13,7.306401257523021e-05,4552
8N14977,7,7.311702370316198e-05,4553
8N72734,6,7.314025572213723e-05,4554
8N05611,14,7.316589380934602e-05,4555
8P11788,2,7.326676291086187e-05,4556
8N05144,12,7.329195602778782e-05,4557
8N05692,15,7.330711585495919e-05,4558
8747736,7,7.334440945783172e-05,4559
8N73488,11,7.337427541642683e-05,4560
8981605,10,7.341642493230438e-05,4561
8L19992,4,7.343894822042785e-05,4562
8N42926,0,7.361767370639427e-05,4563
8N72918,13,7.362778200104003e-05,4564
8939619,5,7.365361733491227e-05,4565
8M72545,11,7.367862741602949e-05,4566
8P11558,14,7.37012523472913e-05,4567
8N13141,14,7.372812348194202e-05,4568
8N14016,7,7.374715487173944e-05,4569
8N05139,12,7.383366300928174e-05,4570
8N87856,14,7.384746962202371e-05,4571
8L52963,6,7.385306923879398e-05,4572
8N87960,13,7.386469292214315e-05,4573
8M31507,4,7.387480377474276e-05,4574
8N28041,6,7.41619747373079e-05,4575
8N28402,2,7.419336217751038e-05,4576
8N87818,14,7.4249290150874e-05,4577
8L48415,7,7.426096533436066e-05,4578
8N87271,8,7.429465011909997e-05,4579
8N87895,13,7.429632796629448e-05,4580
8M31747,5,7.431646747591003e-05,4581
8M72539,11,7.434596432176477e-05,4582
8M72444,13,7.435140142320051e-05,4583
8M31771,11,7.435509803599416e-05,4584
8939431,4,7.435755446749681e-05,4585
8N05153,12,7.43960871005811e-05,4586
8732697,4,7.442032037374702e-05,4587
8N87520,11,7.443566423148695e-05,4588
8N87607,15,7.445479909051755e-05,4589
8P14956,14,7.446683275702526e-05,4590
8L52551,4,7.448743281202042e-05,4591
8N73231,12,7.452191147194753e-05,4592
8P14835,4,7.453862532713629e-05,4593
8N28864,4,7.453955895364572e-05,4594
8N05710,5,7.456299431396474e-05,4595
8M71289,5,7.46133632674173e-05,4596
8857278,10,7.461974246325553e-05,4597
8747807,6,7.472052723755951e-05,4598
8800488,10,7.472938500541204e-05,4599
8L30759,11,7.473243920230743e-05,4600
8651875,5,7.475167683423933e-05,4601
8N73210,12,7.475984409666125e-05,4602
8N05209,12,7.480305571050394e-05,4603
8N87168,4,7.495091904274886e-05,4604
8L52555,4,7.496707985410467e-05,4605
8747735,7,7.503062784053327e-05,4606
8N87534,11,7.503724441448867e-05,4607
8N72132,9,7.505295543808188e-05,4608
8N73472,11,7.51794813993456e-05,4609
8P14984,14,7.52571880866526e-05,4610
8N87048,5,7.531304800068028e-05,4611
8747817,7,7.531697542617621e-05,4612
8651514,2,7.531846415531618e-05,4613
8934355,6,7.534411543019814e-05,4614
8681028,5,7.552856345682812e-05,4615
8732300,8,7.562594907994935e-05,4616
8N87810,14,7.564949054028602e-05,4617
8N05601,14,7.566488704924268e-05,4618
8L48365,5,7.568727011175724e-05,4619
8N28086,2,7.572847812298278e-05,4620
8M31784,11,7.57497118684114e-05,4621
8N28791,15,7.578214739112354e-05,4622
8N13657,13,7.580405915064148e-05,4623
8934600,4,7.592932676203645e-05,4624
8730460,8,7.597032117701019e-05,4625
8N87543,11,7.599757216780745e-05,4626
8P11564,14,7.599956231274518e-05,4627
8800967,12,7.613301664832761e-05,4628
8N42513,5,7.61800743873664e-05,4629
8681317,5,7.620003088959493e-05,4630
8N27825,6,7.629703350175987e-05,4631
8N73228,12,7.632484872033274e-05,4632
8M31433,4,7.639623342470259e-05,4633
8L89793,5,7.642086377757096e-05,4634
8N14522,11,7.643251221622904e-05,4635
8N13647,14,7.650316353391418e-05,4636
8N14671,13,7.653580468058863e-05,4637
8N05681,15,7.657339995148504e-05,4638
8P11556,14,7.663055697548771e-05,4639
8L64933,5,7.66515311738658e-05,4640
8N14610,13,7.665694874958717e-05,4641
8P26560,8,7.674582926142648e-05,4642
8M72640,6,7.676791008748296e-05,4643
8651883,4,7.679387495684864e-05,4644
8N28404,9,7.682817178533696e-05,4645
8857752,6,7.6828966030007e-05,4646
8L48318,5,7.686480131496864e-05,4647
8N14347,15,7.687659376642841e-05,4648
8N42633,5,7.692349640819884e-05,4649
8M31717,6,7.697209169776897e-05,4650
8747118,5,7.704639918415523e-05,4651
8N73433,11,7.712662021219785e-05,4652
8L48314,5,7.715286204756922e-05,4653
8N14557,11,7.715793685747485e-05,4654
8747979,5,7.716296454418625e-05,4655
8981805,4,7.716546807046143e-05,4656
8N06897,11,7.722282998656738e-05,4657
8732654,5,7.723457622432761e-05,4658
8N42706,4,7.730309198450414e-05,4659
8N05649,11,7.733780046237371e-05,4660
8P14057,10,7.735657058560719e-05,4661
8816940,4,7.739313564059103e-05,4662
8N27873,5,7.741257491034048e-05,4663
8981774,4,7.74680826225449e-05,4664
8730421,4,7.74780831420685e-05,4665
8887316,6,7.768031166932587e-05,4666
8N87963,13,7.771074081119878e-05,4667
8681029,5,7.773012586653749e-05,4668
8939533,0,7.775789060815441e-05,4669
8L48752,11,7.784182428594022e-05,4670
8981002,5,7.785422201322945e-05,4671
8794339,9,7.785702825913177e-05,4672
8N72724,5,7.787876336351474e-05,4673
8N73314,15,7.79355044926433e-05,4674
8M72929,5,7.799837788979858e-05,4675
8P26193,5,7.80144637246849e-05,4676
8N73673,13,7.802968315218095e-05,4677
8N13132,14,7.810790184237248e-05,4678
8537770,7,7.815452937620648e-05,4679
8730498,4,7.824298310765698e-05,4680
8M31219,11,7.827873243115846e-05,4681
8L64915,4,7.829132036007991e-05,4682
8N42730,5,7.830804477748643e-05,4683
8939180,5,7.839478848836734e-05,4684
8N73615,14,7.845829338748445e-05,4685
8N73963,12,7.852863041080127e-05,4686
8P11932,5,7.864739870910853e-05,4687
8L30770,12,7.867158421959175e-05,4688
8L64923,10,7.86919699748978e-05,4689
8M31224,11,7.87981435621532e-05,4690
8N06900,11,7.88132909956829e-05,4691
8N87966,13,7.889704710350998e-05,4692
8N73459,11,7.895467419416491e-05,4693
8N05105,12,7.903096712880142e-05,4694
8M31862,4,7.905631775884103e-05,4695
8L52313,12,7.908580698767764e-05,4696
8N73181,15,7.910521139820048e-05,4697
8L48766,11,7.916704896615556e-05,4698
8N05796,10,7.917684138192271e-05,4699
8P14850,14,7.92230748345446e-05,4700
8943486,5,7.927888100311975e-05,4701
8L89731,4,7.928381296551379e-05,4702
8800416,0,7.932235138241595e-05,4703
8681308,4,7.934657412533852e-05,4704
8939745,5,7.944363657941267e-05,4705
8943135,0,7.948366115329009e-05,4706
8P14995,14,7.952612372719159e-05,4707
8P11533,15,7.960525934436191e-05,4708
8M31329,5,7.965012855493114e-05,4709
8M71085,5,7.96529071749319e-05,4710
8747756,5,7.968757790877135e-05,4711
8N72916,13,7.974729925308566e-05,4712
8681464,5,7.977918528467853e-05,4713
8M71363,14,7.979635421406783e-05,4714
8N14956,5,7.992152730196267e-05,4715
8598728,4,7.995309033503872e-05,4716
8N87999,13,7.995654049608447e-05,4717
8857246,5,8.006108154745561e-05,4718
8N87623,15,8.007466502135685e-05,4719
8N73922,11,8.009188995572458e-05,4720
8309197,5,8.009810233033932e-05,4721
8N73935,12,8.012937075818627e-05,4722
8N87871,13,8.017813416927311e-05,4723
8887319,6,8.021248459044727e-05,4724
8N28786,15,8.022164047361002e-05,4725
8P11395,14,8.030049843910092e-05,4726
8N05892,11,8.030889296151145e-05,4727
8N73218,12,8.033010373864613e-05,4728
8M71362,12,8.035320547605806e-05,4729
8N13653,14,8.037831696583453e-05,4730
8N05211,12,8.040429321454212e-05,4731
8L52956,5,8.044702758525091e-05,4732
8N06854,11,8.047030981117587e-05,4733
8N14166,5,8.048874007648976e-05,4734
8747548,10,8.052399974189939e-05,4735
8681355,5,8.055417833929823e-05,4736
8939097,10,8.055675994000921e-05,4737
8N28789,15,8.060898738904143e-05,4738
8N73083,6,8.063545027425789e-05,4739
8816930,4,8.065323277151037e-05,4740
8M31945,5,8.066608779699891e-05,4741
8N73217,12,8.06906421075837e-05,4742
8M71489,13,8.072846299000958e-05,4743
8L30750,11,8.077701772890578e-05,4744
8N14624,13,8.078693662127989e-05,4745
8L52533,5,8.080048405645357e-05,4746
8N87838,14,8.083192778940429e-05,4747
8P14988,14,8.09007304383158e-05,4748
8887266,10,8.09484747605893e-05,4749
8P11579,5,8.096111017152907e-05,4750
8800179,6,8.100295000446067e-05,4751
8800606,8,8.111584395464888e-05,4752
8939371,7,8.124307038315237e-05,4753
8L89157,13,8.125921351620491e-05,4754
8730417,4,8.130328575362e-05,4755
8P11750,7,8.133433721013716e-05,4756
8L30890,5,8.136433717709224e-05,4757
8681075,5,8.141669692562914e-05,4758
8M72654,0,8.146071934334032e-05,4759
8800147,9,8.146125595942522e-05,4760
8N13717,8,8.15006059156076e-05,4761
8N14923,5,8.156708918249933e-05,4762
8M31543,6,8.157096893057769e-05,4763
8N14518,11,8.157488809956703e-05,4764
8N27193,14,8.160465199580358e-05,4765
8N14960,5,8.161715871679576e-05,4766
8N42985,14,8.16172270106108e-05,4767
8M72566,11,8.174950994543906e-05,4768
8N87525,11,8.178177331075176e-05,4769
8N05171,12,8.179342006542356e-05,4770
8N28530,9,8.185235765267862e-05,4771
8N06469,12,8.19912578435833e-05,4772
8939372,7,8.202566459658556e-05,4773
8857754,5,8.202715218885714e-05,4774
8N73212,12,8.20408740764833e-05,4775
8N72592,10,8.207844458496538e-05,4776
8N27087,14,8.209323016927783e-05,4777
8L64206,6,8.21523651239886e-05,4778
8800352,5,8.219546413101853e-05,4779
8N72719,4,8.221898980309561e-05,4780
8N87560,11,8.224535120149312e-05,4781
8L30772,12,8.227855867204426e-05,4782
8N14293,15,8.22856881086409e-05,4783
8M72664,5,8.228769830509464e-05,4784
8N06478,12,8.234277987639871e-05,4785
8N87815,14,8.240576926255017e-05,4786
8N73648,13,8.245447668286943e-05,4787
8730418,5,8.255878879026568e-05,4788
8N05534,5,8.258971695340733e-05,4789
8P11964,5,8.260579255647826e-05,4790
8N28440,8,8.262477024345571e-05,4791
8L57976,13,8.267765504399449e-05,4792
8L89741,5,8.271168724149902e-05,4793
8N87615,15,8.2824686217009e-05,4794
8939899,5,8.290850973935449e-05,4795
8N28738,2,8.293348753340979e-05,4796
8N14231,4,8.294418296372896e-05,4797
8L89639,5,8.301907966273836e-05,4798
8N05246,13,8.303419065214257e-05,4799
8M71108,13,8.311673540717379e-05,4800
8L64298,9,8.313850840124815e-05,4801
8N73443,11,8.320449265042384e-05,4802
8747373,5,8.322437953722783e-05,4803
8N87804,14,8.322946547423271e-05,4804
8N05217,12,8.324317029462236e-05,4805
8N14014,7,8.325289900312782e-05,4806
8747300,8,8.332877433758767e-05,4807
8943023,5,8.343526755538733e-05,4808
8N87848,14,8.348246319656027e-05,4809
8309263,5,8.350725465788855e-05,4810
8800612,5,8.3580457172161e-05,4811
8L30154,11,8.358581385436992e-05,4812
8N05532,5,8.35936974112883e-05,4813
8168693,6,8.360397987416945e-05,4814
8N05298,13,8.36164352904234e-05,4815
8M71507,10,8.361748945162617e-05,4816
8N87970,13,8.375993084541733e-05,4817
8N28538,9,8.376436045409719e-05,4818
8M31925,5,8.381608074614633e-05,4819
8M71098,5,8.39144564750427e-05,4820
8800012,7,8.391578774080699e-05,4821
8N27921,4,8.392750476104993e-05,4822
8934301,5,8.394774116915471e-05,4823
8939932,11,8.398274360388314e-05,4824
8N14600,11,8.401975435390341e-05,4825
8M71872,5,8.402192312928491e-05,4826
8N05831,4,8.417983719155586e-05,4827
8N27449,6,8.421796906077361e-05,4828
8747290,9,8.422130591156929e-05,4829
8P14932,14,8.426014539963944e-05,4830
8N05186,13,8.436578247028592e-05,4831
8N13368,2,8.436779478415701e-05,4832
8N73763,14,8.457180229015648e-05,4833
8934526,1,8.458701063318586e-05,4834
8800482,0,8.458751159423628e-05,4835
8L52591,7,8.471849309898971e-05,4836
8943837,6,8.474665120417058e-05,4837
8N72802,14,8.477115056848561e-05,4838
8M31839,1,8.478041155512983e-05,4839
8981919,6,8.479424280949388e-05,4840
8N14684,13,8.482051941882673e-05,4841
8981352,11,8.482917905894283e-05,4842
8N14699,14,8.48862969462516e-05,4843
8N14630,13,8.498234188891729e-05,4844
8P14680,9,8.504992265301325e-05,4845
8573872,6,8.525114259327893e-05,4846
8M71335,12,8.527432601113105e-05,4847
8651621,0,8.533142866440357e-05,4848
8N14651,13,8.533214383987797e-05,4849
8N06740,4,8.534865082765464e-05,4850
8M71514,1,8.539897544324049e-05,4851
8681356,5,8.542575687897624e-05,4852
8730993,4,8.543374747205235e-05,4853
8L48767,11,8.574560946783549e-05,4854
8N72989,2,8.574870065558571e-05,4855
8939024,5,8.575191681359229e-05,4856
8934499,4,8.57790632551314e-05,4857
8N42276,5,8.578025311578585e-05,4858
8N05213,12,8.581840006627317e-05,4859
8N73919,11,8.58216653512045e-05,4860
8P14900,14,8.583702424402873e-05,4861
8118430,6,8.585490957102593e-05,4862
8M31789,11,8.592565700382693e-05,4863
8800437,6,8.592673464136169e-05,4864
8N27908,4,8.596880638833682e-05,4865
8887416,6,8.606326895232996e-05,4866
8N06481,12,8.608710109569984e-05,4867
8747515,7,8.621325508784139e-05,4868
8N73603,14,8.623732895784997e-05,4869
8P11518,14,8.645945541729816e-05,4870
8N05265,13,8.657508669784875e-05,4871
8N05684,15,8.666657149802859e-05,4872
8N73973,12,8.669760956081518e-05,4873
8N14654,13,8.673909928802459e-05,4874
8414501,0,8.676803633989039e-05,4875
8981005,5,8.677562846060027e-05,4876
8M31483,5,8.68873430590611e-05,4877
8887414,5,8.690293904578539e-05,4878
8N73652,13,8.704599559905546e-05,4879
8P11884,14,8.706898790933337e-05,4880
8981266,5,8.710705014891573e-05,4881
8800094,6,8.719340257812291e-05,4882
8N13650,14,8.722144414718969e-05,4883
8N42987,14,8.727030278521397e-05,4884
8934400,1,8.729260422768448e-05,4885
8866789,5,8.730884776042558e-05,4886
8681032,5,8.745536772991613e-05,4887
8N05281,13,8.753519398396747e-05,4888
8M72527,11,8.762728089095617e-05,4889
8N05716,6,8.764974120367697e-05,4890
8N87919,13,8.76617008316316e-05,4891
8M71294,6,8.773520536919932e-05,4892
8P26430,5,8.774651320209159e-05,4893
8L52303,5,8.793164194287328e-05,4894
8934058,5,8.806033440578176e-05,4895
8N27618,14,8.820463807523993e-05,4896
8943064,6,8.825164206882619e-05,4897
8747227,5,8.825701797832153e-05,4898
8N73497,12,8.827658475496492e-05,4899
8N14667,13,8.828348253686613e-05,4900
8L26526,9,8.829960460587927e-05,4901
8M31221,11,8.838341383388126e-05,4902
8N05218,12,8.858863702698727e-05,4903
8732591,2,8.875628634541499e-05,4904
8N28898,14,8.886907465921468e-05,4905
8N14595,11,8.889144442036923e-05,4906
8747730,2,8.890892797808192e-05,4907
8168702,5,8.89734713496182e-05,4908
8N14955,5,8.897557876252904e-05,4909
8N87053,5,8.898477260288473e-05,4910
8N87728,5,8.900782485099512e-05,4911
8N14004,6,8.901968411478833e-05,4912
8N06920,5,8.904527135200624e-05,4913
8N05187,13,8.91232705555467e-05,4914
8N27097,8,8.91525824187056e-05,4915
8N06489,12,8.918887652953345e-05,4916
8L30765,12,8.923844333708075e-05,4917
8N72682,11,8.924649719688205e-05,4918
8N06475,12,8.925654958602536e-05,4919
8747691,0,8.935017245903509e-05,4920
8N05112,14,8.939211852521112e-05,4921
8N73209,12,8.945049933117843e-05,4922
8M71353,12,8.948350910031877e-05,4923
8N27139,7,8.953041563586339e-05,4924
8857243,5,8.966676864474721e-05,4925
8N73957,12,8.978860192243587e-05,4926
8M72598,11,8.985047929854773e-05,4927
8887220,4,8.98837679699227e-05,4928
8N06882,14,8.990557677179822e-05,4929
8P14241,5,8.99999408829899e-05,4930
8N13119,14,9.014319346078992e-05,4931
8N73247,14,9.016307791398503e-05,4932
8N13641,14,9.040681595706701e-05,4933
8N05221,12,9.040867882958992e-05,4934
8N05651,11,9.043564898547629e-05,4935
8309155,6,9.048188954352554e-05,4936
8M31774,11,9.053556368598947e-05,4937
8N06989,6,9.057940982870605e-05,4938
8732288,5,9.06777925138158e-05,4939
8N73952,12,9.085640363082348e-05,4940
8N05255,13,9.08814348292708e-05,4941
8N14057,6,9.088554770642077e-05,4942
8N05857,11,9.095307950701681e-05,4943
8732660,5,9.099441577453682e-05,4944
8N72915,13,9.109852707211985e-05,4945
8732595,7,9.126254079205864e-05,4946
8N14637,13,9.129266094021204e-05,4947
8L52688,9,9.130818830271892e-05,4948
8L52974,4,9.131060136269298e-05,4949
8L48568,7,9.133051156595684e-05,4950
8981268,5,9.13884753686034e-05,4951
8N13975,5,9.148698245553533e-05,4952
8N73455,11,9.159304170225369e-05,4953
8N06834,11,9.179159394534508e-05,4954
8L89981,7,9.181799276802849e-05,4955
8N06899,11,9.18478813218826e-05,4956
8939125,4,9.189795900965692e-05,4957
8N14225,5,9.194978076720872e-05,4958
8939796,12,9.195488937052687e-05,4959
8800495,10,9.208914212877062e-05,4960
8N42441,14,9.219820907446774e-05,4961
8L57758,2,9.221974619322282e-05,4962
8L19877,5,9.225173357663152e-05,4963
8800467,5,9.22572443187164e-05,4964
8732262,1,9.226678059803817e-05,4965
8N05107,12,9.232019510818645e-05,4966
8N73215,12,9.240127633347583e-05,4967
8P11747,7,9.247980517557153e-05,4968
8P11562,14,9.249950717560296e-05,4969
8939582,10,9.258182538474102e-05,4970
8N05196,13,9.268872490508784e-05,4971
8N06554,4,9.277564502596647e-05,4972
8N73794,15,9.285878048981289e-05,4973
8N14515,11,9.291493472574075e-05,4974
8N06942,4,9.300243164034327e-05,4975
8N13699,13,9.303580753794449e-05,4976
8747905,6,9.320390597622463e-05,4977
8L30748,11,9.32114754448321e-05,4978
8L49934,1,9.331156296354948e-05,4979
8N06853,11,9.346558454126352e-05,4980
8N13373,2,9.346998439241361e-05,4981
8L64862,9,9.347455170427565e-05,4982
8M72425,13,9.354209208822795e-05,4983
8887286,5,9.364352156637779e-05,4984
8N05359,15,9.36529767727734e-05,4985
8M71503,4,9.366383146902635e-05,4986
8681371,5,9.373273280743888e-05,4987
8934888,7,9.382620413589393e-05,4988
8M31926,5,9.382809012947746e-05,4989
8747728,5,9.408950882061617e-05,4990
8P26524,9,9.412771686356791e-05,4991
8887358,10,9.432261100528194e-05,4992
8800533,10,9.452061354409125e-05,4993
8N27881,5,9.455765528088023e-05,4994
8L89296,4,9.463659989705775e-05,4995
8L19961,10,9.464895615707292e-05,4996
8N13347,2,9.466080970810253e-05,4997
8943487,7,9.471642329117458e-05,4998
8887399,10,9.477673772195772e-05,4999
8981284,5,9.480781608317557e-05,5000
8M71866,5,9.48137148668593e-05,5001
8800168,10,9.491390414950729e-05,5002
8P14873,14,9.501802725253583e-05,5003
8L89334,6,9.502425245955237e-05,5004
8887408,6,9.503470457161711e-05,5005
8N73795,15,9.507336011438383e-05,5006
8N06294,9,9.511868879030771e-05,5007
8N05304,13,9.513652124581995e-05,5008
8N28925,9,9.519391539214439e-05,5009
8P14838,5,9.539054057938756e-05,5010
8L89274,5,9.550101378863474e-05,5011
8N05292,13,9.552597862239054e-05,5012
8N42463,14,9.557814468053039e-05,5013
8N14641,13,9.564474712675519e-05,5014
8N06865,11,9.571430805976888e-05,5015
8747711,7,9.573597196776973e-05,5016
8M31941,5,9.57461707002949e-05,5017
8N27297,10,9.579219057798127e-05,5018
8981276,5,9.580059079894454e-05,5019
8N72554,6,9.608243630054858e-05,5020
8943109,10,9.609121676712462e-05,5021
8939118,10,9.619815529049447e-05,5022
8N05818,7,9.622796608255157e-05,5023
8N73616,14,9.632768251321977e-05,5024
8M71304,6,9.675080575100026e-05,5025
8934858,8,9.679261069095446e-05,5026
8N27081,14,9.68477640412857e-05,5027
8P11525,15,9.687546048553486e-05,5028
8800031,5,9.695337138282412e-05,5029
8800580,7,9.698652752376802e-05,5030
8681175,4,9.698748908704147e-05,5031
8N87066,5,9.703712595410252e-05,5032
8N05660,13,9.710300022902629e-05,5033
8N13603,14,9.718054229779227e-05,5034
8L52395,12,9.721357548642118e-05,5035
8N42679,5,9.723140237838379e-05,5036
8N05162,12,9.726294078404862e-05,5037
8943039,4,9.726959146405534e-05,5038
8N28897,14,9.728525412810995e-05,5039
8598614,6,9.729434873406717e-05,5040
8N05709,5,9.73316979724359e-05,5041
8N73450,11,9.734538753036759e-05,5042
8N05464,5,9.737238138995963e-05,5043
8N14621,13,9.744843397285763e-05,5044
8N05252,13,9.746311366143345e-05,5045
8N87805,14,9.755442232517453e-05,5046
8N06496,12,9.760662305779988e-05,5047
8N14558,11,9.764802885570134e-05,5048
8M72540,11,9.769730706921109e-05,5049
8934089,5,9.772878593139467e-05,5050
8939607,5,9.810465758164355e-05,5051
8N05889,11,9.811571885620651e-05,5052
8N73474,11,9.83536215528602e-05,5053
8N27061,14,9.837241015020481e-05,5054
8N87072,5,9.840497961022265e-05,5055
8857231,5,9.844839109973691e-05,5056
8N73923,11,9.846668891100308e-05,5057
8N28691,0,9.863686540256822e-05,5058
8N73659,13,9.872528442400608e-05,5059
8747726,5,9.876675522946243e-05,5060
8981346,11,9.894569088686467e-05,5061
8939020,12,9.902842145947943e-05,5062
8747574,9,9.910476558161463e-05,5063
8N14973,7,9.931569388754724e-05,5064
8747623,5,9.934379149001415e-05,5065
8N14116,5,9.93643202491512e-05,5066
8N27624,14,9.93805462741193e-05,5067
8L26528,6,9.946528325599502e-05,5068
8L48756,11,9.949531261099764e-05,5069
8L89266,5,9.963488144393295e-05,5070
8N87551,11,9.980985055335623e-05,5071
8887494,7,9.983221065112957e-05,5072
8N28784,14,9.994810557145684e-05,5073
8939119,10,9.999658051640381e-05,5074
8N87931,13,0.0001001035537910866,5075
8N14526,11,0.00010018068610406772,5076
8747808,4,0.00010023413540238835,5077
8N73464,11,0.00010024998382007766,5078
8681040,4,0.00010030186240328476,5079
8M31562,5,0.00010030230328084144,5080
8M72848,6,0.00010037161439413467,5081
8943143,0,0.00010045861154139857,5082
8N73052,5,0.00010047408795799129,5083
8934369,5,0.0001005549417527618,5084
8N05208,12,0.00010067374898881098,5085
8917939,8,0.00010069593884054484,5086
8M72617,4,0.00010071774227071728,5087
8N05673,15,0.000100781150763396,5088
8P11749,7,0.00010087014629789337,5089
8N27424,4,0.00010097030394717876,5090
8934373,5,0.00010097858279323191,5091
8N14181,6,0.00010099811900943223,5092
8N87874,13,0.00010108599076374958,5093
8P11532,15,0.00010112172600429403,5094
8N06497,12,0.00010126182954195428,5095
8N42214,9,0.00010126574267133037,5096
8981860,8,0.00010130084115189675,5097
8N14958,5,0.00010130896191640204,5098
8M31653,11,0.00010137841556456806,5099
8N14437,5,0.00010138626543465534,5100
8M71106,13,0.00010158838801999082,5101
8N14342,15,0.00010165777865722703,5102
8N28061,7,0.00010167388675341726,5103
8800615,5,0.00010172129864827184,5104
8N42707,4,0.00010178742024891108,5105
8N72664,5,0.00010201018318412025,5106
8N14606,13,0.00010214003399866556,5107
8N14297,15,0.00010226698930182465,5108
8L89634,5,0.00010228923679278523,5109
8651998,5,0.0001023820873342629,5110
8M71210,5,0.00010240584879284143,5111
8N73953,12,0.00010241694781143451,5112
8M71295,6,0.0001024331471626283,5113
8N42451,14,0.00010252370057628468,5114
8N27356,5,0.00010257991361228846,5115
8887341,0,0.0001026155391912198,5116
8L64280,5,0.00010263374343821852,5117
8118433,4,0.00010264434882856222,5118
8943043,5,0.00010280530807449395,5119
8N87932,13,0.00010282962330165901,5120
8794307,5,0.00010306478955612874,5121
8N73793,15,0.00010308270123005059,5122
8N73246,14,0.00010314496799423978,5123
8681183,4,0.00010334273643763936,5124
8N14647,13,0.00010339745621479324,5125
8N14580,11,0.00010342401440510685,5126
8N72694,11,0.00010350699221817194,5127
8800441,4,0.00010374556563874648,5128
8934459,4,0.00010387737759742777,5129
8M71479,13,0.00010391658452135744,5130
8N87950,13,0.00010425634900457226,5131
8N06860,11,0.00010429323242533428,5132
8L48691,10,0.0001045072415024606,5133
8N42970,5,0.00010460674890566679,5134
8N27407,7,0.00010462513347242464,5135
8939608,5,0.00010473884317718785,5136
8M31758,5,0.00010489115913969727,5137
8L52640,8,0.00010491069184581647,5138
8M72656,0,0.00010491129782508324,5139
8L48745,11,0.00010495255597398057,5140
8P26200,5,0.00010497309187940118,5141
8800422,10,0.00010510040675626442,5142
8N13135,14,0.00010517472486526458,5143
8P11546,14,0.00010531418706705153,5144
8681135,1,0.00010536452532505791,5145
8P14907,14,0.00010540266240788299,5146
8N73967,12,0.0001054885242126602,5147
8N87531,11,0.00010548916503694272,5148
8N73301,15,0.00010552812921105215,5149
8N14962,5,0.00010561604997594287,5150
8L48738,11,0.00010572962833066413,5151
8P14052,5,0.00010577868744121588,5152
8N28790,15,0.00010586584784277875,5153
8L89276,5,0.00010590460914272626,5154
8857232,5,0.00010590970759949414,5155
8M31927,5,0.00010594285231135814,5156
8L52961,6,0.00010623048535762791,5157
8934266,7,0.00010627148515141016,5158
8N73989,12,0.00010634935512143784,5159
8N13680,13,0.00010655172217610698,5160
8N13976,5,0.00010676611282178783,5161
8981214,12,0.00010721786429712665,5162
8N72695,11,0.00010725047968662693,5163
8N05223,12,0.00010740134695197412,5164
8939737,7,0.00010741029567640226,5165
8L64754,13,0.00010745247459453822,5166
8N87884,13,0.00010753931357498914,5167
8M72530,11,0.00010757502963087973,5168
8N05655,14,0.00010760969041712087,5169
8L49938,5,0.00010768312574782613,5170
8L30898,5,0.00010780126598319839,5171
8N14976,7,0.00010780696759127295,5172
8747900,5,0.00010792583645979903,5173
8L19624,9,0.00010797758883995812,5174
8P14029,5,0.00010811439506852594,5175
8P14103,4,0.0001083952816998135,5176
8P11794,2,0.00010870118819639174,5177
8N28406,8,0.00010874936981508654,5178
8747936,4,0.00010892327389910861,5179
8M31552,6,0.00010911582035078027,5180
8N27078,14,0.00010917899298590328,5181
8P14822,15,0.00010929090103672934,5182
8N27328,4,0.00010956952587548585,5183
8M31550,6,0.00010958354621948274,5184
8L52327,12,0.00010960796049630517,5185
8P11554,14,0.00010964767135135389,5186
8857284,10,0.00010965935493345569,5187
8L89363,0,0.0001097200979529589,5188
8N13100,14,0.0001097290173710519,5189
8N27089,14,0.0001099362929153358,5190
8L64113,12,0.00011000808626704384,5191
8P14936,14,0.00011024829359485011,5192
8N87914,13,0.00011029682838170629,5193
8M71089,5,0.00011033717117214792,5194
8732225,7,0.0001103884508779629,5195
8L89384,5,0.00011053248579173669,5196
8730496,5,0.00011062095404668071,5197
8M31115,8,0.00011062905193170991,5198
8L48661,5,0.00011068794198365595,5199
8N05303,13,0.00011090845032413199,5200
8N06870,11,0.00011105819794465788,5201
8M71463,13,0.00011113697108910969,5202
8N06487,12,0.0001112369234306243,5203
8573521,2,0.00011139109513536027,5204
8943459,0,0.0001114145644578457,5205
8L64127,12,0.00011163034824868134,5206
8816956,4,0.00011189985823989446,5207
8N05442,6,0.00011200950794432174,5208
8N73055,5,0.00011212125684778584,5209
8N87860,14,0.00011238938111368668,5210
8N73442,11,0.00011267948866588995,5211
8N72354,6,0.0001128724154284555,5212
8L52418,4,0.00011295282416767805,5213
8M31873,5,0.00011296796969872958,5214
8747225,5,0.00011303213125302136,5215
8N73213,12,0.00011309267733849993,5216
8N73312,15,0.00011314555524677417,5217
8L26576,6,0.00011325567925268842,5218
8N27630,14,0.00011336502895176181,5219
8939353,5,0.00011378980960330409,5220
8N87629,15,0.00011379781187770277,5221
8P11548,14,0.00011383291166566778,5222
8N87877,13,0.00011396298441468389,5223
8N05361,15,0.00011402143252325914,5224
8P14014,9,0.00011404595613839774,5225
8N87608,15,0.00011404599143816085,5226
8N06499,12,0.00011410338476025572,5227
8N73311,15,0.00011428199968577246,5228
8M31337,5,0.00011448159196447705,5229
8L52351,11,0.00011491307802202755,5230
8681044,5,0.00011493060870648719,5231
8934855,4,0.00011493890062208578,5232
8N06479,12,0.0001153369283883876,5233
8L89460,10,0.00011538656005427583,5234
8L49963,4,0.00011557482059743052,5235
8M31524,4,0.00011586264213292452,5236
8N27196,14,0.00011586427456222737,5237
8L89751,5,0.0001158723529783856,5238
8M72913,5,0.00011592826001560752,5239
8N73972,12,0.00011602012227740488,5240
8939086,5,0.00011625141563342822,5241
8L52905,7,0.00011626241121120984,5242
8P11037,2,0.00011642144534107501,5243
8N13621,14,0.00011668896357264202,5244
8N27216,14,0.00011668938594766587,5245
8M31372,5,0.00011680736508878908,5246
8981701,0,0.00011681498688176362,5247
8P14999,15,0.00011687647936042822,5248
8L48566,7,0.00011706041914294474,5249
8N87968,13,0.00011706696409419237,5250
8904411,11,0.0001171575224816479,5251
8943025,5,0.00011720111365320918,5252
8730535,5,0.0001172047981299329,5253
8800090,6,0.00011745195251933183,5254
8N73942,12,0.00011787882513658587,5255
8N87604,15,0.00011790091866714647,5256
8N06311,5,0.0001180126619146904,5257
8168614,6,0.00011817176971362642,5258
8816953,4,0.00011820601904588557,5259
8M31970,5,0.00011824117973446846,5260
8N13590,2,0.00011836497128570045,5261
8P11527,15,0.00011902782438255599,5262
8N27409,10,0.00011913791021811448,5263
8L64873,14,0.00011916780010778893,5264
8L64529,14,0.00011981373307889953,5265
8747749,5,0.00011985176223561211,5266
8943743,5,0.0001199810163541315,5267
8L52361,11,0.00012009673662305431,5268
8N14659,13,0.0001203051471065919,5269
8L30487,12,0.00012040419483128062,5270
8L48662,5,0.00012061889765391243,5271
8M31291,5,0.00012078289847750057,5272
8N73444,11,0.00012085599814781744,5273
8P11803,14,0.00012110550197519387,5274
8L19663,7,0.00012111499313505192,5275
8939364,7,0.0001211677126207178,5276
8934284,7,0.00012123181181777909,5277
8981702,0,0.00012125881301017216,5278
8P14834,5,0.00012126849044591381,5279
8P11537,15,0.00012146512983690627,5280
8N14109,6,0.00012152819726907182,5281
8N87880,13,0.00012152934743880905,5282
8N87522,11,0.00012153182478868985,5283
8N73208,12,0.00012162518441982684,5284
8N87568,11,0.00012249471444647497,5285
8887243,1,0.00012256320906089968,5286
8N87808,14,0.00012294585696537297,5287
8N72668,4,0.00012345144648406858,5288
8N42915,6,0.00012395678027132817,5289
8943578,2,0.00012410672985652127,5290
8N42545,7,0.00012424537013444592,5291
8N06398,10,0.00012430256937001616,5292
8N42988,14,0.0001244509699063201,5293
8N87537,11,0.0001246017461653537,5294
8934854,4,0.00012469108401091944,5295
8N73622,13,0.00012473943480983962,5296
8N27316,5,0.00012527729561506717,5297
8N87890,13,0.00012532468190329382,5298
8939551,1,0.00012536460258161242,5299
8L30771,12,0.0001254000317203463,5300
8M72698,14,0.0001254456865353859,5301
8981773,4,0.00012557992545225716,5302
8N14517,11,0.00012560265099637036,5303
8943458,0,0.0001257489627164432,5304
8N73319,15,0.00012575895208044585,5305
8651743,5,0.00012600952879893157,5306
8L64286,10,0.00012608448730588862,5307
8N06494,12,0.0001264787647414778,5308
8N73902,11,0.00012704743971880816,5309
8N73358,15,0.00012708501310498832,5310
8N14627,13,0.00012716415773184053,5311
8981007,5,0.00012734133053982077,5312
8N87692,9,0.0001274189294484529,5313
8L64587,12,0.0001274527979830964,5314
8L89722,4,0.0001274716553325561,5315
8L48425,7,0.00012765483620569285,5316
8N27074,14,0.00012766546035436477,5317
8N87062,5,0.00012783095144186518,5318
8651543,4,0.00012805213486899447,5319
8681190,4,0.00012833167647841037,5320
8L30167,12,0.0001283825841937869,5321
8N13611,14,0.00012847112905944869,5322
8N87519,11,0.00012850391630081504,5323
8943488,7,0.0001288121136973075,5324
8L52913,10,0.00012900149833683372,5325
8981825,7,0.00012956283399034874,5326
8M72766,6,0.00012972362208074628,5327
8816948,4,0.0001298036272032732,5328
8M72581,14,0.00013010734778617916,5329
8N87929,13,0.000130158699448657,5330
8L19944,7,0.000130213449438088,5331
8981734,10,0.0001303645904613404,5332
8N05713,6,0.00013052190695361787,5333
8N87837,14,0.00013091724440528196,5334
8N06689,14,0.0001311985579377506,5335
8N13139,14,0.00013120465882821009,5336
8P11534,15,0.0001314760079367261,5337
8N87980,13,0.00013151827630508706,5338
8N27142,7,0.0001317465945476215,5339
8P11899,14,0.00013229730166131048,5340
8N87930,13,0.0001323654759062265,5341
8P14865,15,0.00013244750670082794,5342
8934532,10,0.00013260198834785797,5343
8L19934,5,0.00013284731244311843,5344
8N05663,13,0.00013288735590322176,5345
8N05214,12,0.0001334185765813345,5346
8L52397,12,0.00013346780389156265,5347
8681077,5,0.00013348253997946813,5348
8N72067,9,0.00013382822373841918,5349
8N27143,7,0.00013387557160626784,5350
8N13677,13,0.0001342037676508312,5351
8M31781,11,0.00013425983354409254,5352
8N14298,15,0.00013426015682682646,5353
8732649,5,0.00013428592978925735,5354
8N73924,11,0.000134392782570103,5355
8N72687,11,0.00013440939214737213,5356
8651539,4,0.00013478710278036488,5357
8N72472,9,0.0001348011325603693,5358
8800075,5,0.00013487200385498,5359
8N05122,12,0.00013535408828602158,5360
8P14986,14,0.00013538643270294415,5361
8N05662,13,0.0001368016121432447,5362
8857778,5,0.00013729553421626406,5363
8N73237,12,0.00013732553748013743,5364
8N42989,14,0.00013747107868766761,5365
8N05840,10,0.00013753070389554978,5366
8N05639,14,0.0001375726919832232,5367
8N05536,5,0.00013768725654017544,5368
8N05606,14,0.0001378366023345734,5369
8747583,2,0.00013852751222032111,5370
8800330,7,0.00013855098990234183,5371
8N72746,5,0.00013872294645977945,5372
8L52349,11,0.0001390230243600854,5373
8681414,5,0.00013907147854297364,5374
8M31875,5,0.00013955884537608654,5375
8N14922,5,0.00014015525448485278,5376
8939383,7,0.00014022630372778622,5377
8L19666,7,0.00014058132401828516,5378
8681309,4,0.00014132552968249001,5379
8M71530,4,0.00014162535362061135,5380
8N05245,13,0.0001422534246557916,5381
8981265,5,0.00014271557813572144,5382
8P11539,15,0.0001428688837847858,5383
8N27141,7,0.00014297219244951975,5384
8N05645,14,0.0001436582860492308,5385
8N27299,5,0.00014369831083627105,5386
8747663,1,0.00014381872369995108,5387
8N05276,13,0.00014424337331320203,5388
8N87711,5,0.00014443842803757434,5389
8N05143,12,0.0001448767316105659,5390
8P14848,14,0.00014587612460559285,5391
8N13933,5,0.0001464546464404748,5392
8M72987,4,0.00014679122898542118,5393
8N28403,9,0.00014717990341139853,5394
8N73678,13,0.0001473708621233527,5395
8573874,6,0.0001477143461841024,5396
8L30783,5,0.00014790031400480075,5397
8816408,5,0.0001488862372980293,5398
8747897,7,0.00014926835626738466,5399
8N73502,5,0.00014979823754401878,5400
8L57858,9,0.0001498393996826053,5401
8887477,4,0.00015002027325294875,5402
8M31924,5,0.00015056807774271874,5403
8934460,4,0.0001505844907114806,5404
8939175,0,0.0001506149792476208,5405
8800439,4,0.0001512203740503537,5406
8M72867,6,0.00015135442163227708,5407
8857237,5,0.00015175257777855222,5408
8P11536,15,0.0001519689592974771,5409
8N14161,5,0.0001521654795340055,5410
8L49909,10,0.00015318735544056494,5411
8887360,10,0.00015387280493150968,5412
8N13105,14,0.00015438887504615195,5413
8M71205,5,0.0001549763770753998,5414
8168615,7,0.00015551804790447932,5415
8800547,5,0.00015562641169708513,5416
8M31210,11,0.00015604104106614614,5417
8N14340,15,0.0001563245041609207,5418
8747417,1,0.00015669405036078388,5419
8N42275,5,0.00015678892623327556,5420
8N13643,14,0.00015699488653808658,5421
8L89517,5,0.0001570460715356603,5422
8L52596,5,0.00015710613661212847,5423
8N06826,11,0.00015753683522845563,5424
8N72351,4,0.00015925402436778313,5425
8N42634,5,0.00016115400114813383,5426
8934302,5,0.00016175252136463314,5427
8M71414,5,0.00016194506801525677,5428
8N42927,0,0.00016238543162216956,5429
8N87953,13,0.0001632429678011249,5430
8N27937,6,0.00016466680415305746,5431
8M31937,10,0.000165354288128583,5432
8P14947,14,0.00016561508527956903,5433
8934217,4,0.0001660902285038901,5434
8N73610,14,0.0001661767696532479,5435
8M71585,2,0.00016618058589301654,5436
8981715,10,0.0001665612234198477,5437
8L89847,5,0.00016742408041636736,5438
8N87869,13,0.00017008291393949548,5439
8N87865,13,0.0001705246712049302,5440
8M71377,12,0.00017205910580742056,5441
8L64212,5,0.000172090615592424,5442
8M31780,11,0.00017333855043943913,5443
8N14954,10,0.00017473516209065565,5444
8N05933,2,0.00017528745604522555,5445
8L64880,11,0.00017541862098369165,5446
8N05703,5,0.00017552418808008952,5447
8N14938,4,0.00017552474082549452,5448
8939339,7,0.00017724471922520024,5449
8L89637,5,0.00017768198915746325,5450
8L48611,0,0.00017779754729474462,5451
8L19951,7,0.00017795485956639823,5452
8L19958,10,0.00017872475831381962,5453
8N73932,12,0.000179573372406594,5454
8L89434,5,0.00018104322839462839,5455
8N27275,5,0.00018118870359273842,5456
8P11355,5,0.00018207518056811978,5457
8866790,5,0.0001824812649147134,5458
8598887,4,0.00018497974065212475,5459
8N28851,5,0.00018692130247899286,5460
8934224,4,0.00018786560190164892,5461
8747609,0,0.00018790552752534495,5462
8N13956,6,0.00018862922888729372,5463
8N42062,5,0.00019145220358041115,5464
8L52396,12,0.00019222165246901568,5465
8L89518,5,0.0001924817456853134,5466
8309195,4,0.0001929590428062511,5467
8L30363,10,0.00019527209610714635,5468
8N42502,5,0.00019983711490567657,5469
8P14847,14,0.00020098036429772037,5470
8N28689,5,0.00020101787117710046,5471
8N87893,13,0.0002062162776610421,5472
8N27198,14,0.00020622190197627788,5473
8M72914,5,0.00020653066508202755,5474
8N14149,6,0.00021065590408397838,5475
8N05191,13,0.00021418593041744316,5476
8P11786,2,0.00021562316180734342,5477
8N05702,5,0.0002160939244504334,5478
8N73568,6,0.000216313161843118,5479
8N13081,14,0.00021783487761695142,5480
8N73084,6,0.0002183040489853738,5481
8N42787,5,0.0002210115604270868,5482
8939733,5,0.0002213714255958621,5483
8M71314,5,0.00022139074330063124,5484
8L30260,5,0.0002293350351578738,5485
8934273,7,0.00023830469717722735,5486
8857102,7,0.0002490179128926684,5487
8N27410,10,0.00025407683870071196,5488
8N42523,5,0.0002554174647002583,5489
8857208,4,0.0002560751843247999,5490
8N06480,12,0.0002572363707713521,5491
8N42532,4,0.0002574576755449698,5492
8N42530,0,0.00026351097716315053,5493
8L89502,5,0.00026538023303146474,5494
8L89277,5,0.00026940543637010705,5495
8939704,6,0.00027135260086197377,5496
8N28510,2,0.00029968210697006725,5497
8P14762,4,0.00030450415852101287,5498
8N87730,5,0.00035342328658316546,5499
8794368,4,0.0003778239865823707,5500
8887475,4,0.0003861590857354713,5501
8943489,7,0.0003923565512877758,5502
