2026-06-01 12:20:48 | INFO | Loading data from NPZ: Data/npz/snp_body_mass_ALL.npz
2026-06-01 12:20:56 | INFO | Loading GRM from RDS: Data/GRM/GRM_vanraden.rds
2026-06-01 12:21:05 | INFO | Filtered to 5697 samples from islands (codes->labels): 0->20, 1->22, 2->23, 3->24, 4->26, 5->27, 6->28, 7->33, 8->34, 9->35, 10->38, 11->60, 12->61, 13->63, 14->67 based on include_islands=[0, 1, 2, 3, 4, 5, 6, 7, 8, 9, 10, 11, 12, 13, 14]
2026-06-01 12:22:55 | INFO | feature_pca: fit PCA on (n=5697, p=65344) -> r=5000 in 110.4s (cumvar=0.9868, standardize=False)
2026-06-01 12:22:55 | INFO | Using PC features for ridge: r_fit=5000 (cumvar=0.9868). Trials will pick top-k PCs from this set.
2026-06-01 12:22:55 | INFO | OUTER 1: test_size=119 island=0 (Nesøy)
2026-06-01 12:22:55 | INFO | OUTER 1: using top 10 related inner validation islands for tuning: 1(Myken, avgGRM=0.0067), 5(Hestmannøy, avgGRM=0.0045), 4(Gjerøy, avgGRM=0.0039), 3(Selvær, avgGRM=0.0032), 2(Træna, avgGRM=0.0030), 7(Onøy og Lurøy, avgGRM=0.0025), 8(Lovund, avgGRM=0.0024), 6(Indre Kvarøy, avgGRM=0.0015), 9(Sleneset, avgGRM=0.0013), 10(Aldra, avgGRM=-0.0007)
[I 2026-06-01 12:22:55,713] A new study created in memory with name: ridge_importance_inner_outer0
2026-06-01 12:22:55 | INFO | Trial 0 | outer=1 | alpha=1.137e+05 n_pcs=4000 (pc_topk) weight={'name': 'uniform'}
[I 2026-06-01 12:23:00,694] Trial 0 finished with value: 0.20835928305027251 and parameters: {'alpha': 113703.38004442609, 'n_pcs': 4000, 'iw_method': 'uniform'}. Best is trial 0 with value: 0.20835928305027251.
2026-06-01 12:23:00 | INFO | Trial 1 | outer=1 | alpha=1.734e+04 n_pcs=5000 (pc_topk) weight={'name': 'uniform'}
[I 2026-06-01 12:23:07,762] Trial 1 finished with value: 0.1982396453930238 and parameters: {'alpha': 17335.792577698634, 'n_pcs': 5000, 'iw_method': 'uniform'}. Best is trial 0 with value: 0.20835928305027251.
2026-06-01 12:23:07 | INFO | Trial 2 | outer=1 | alpha=1.435e+05 n_pcs=1500 (pc_topk) weight={'name': 'uniform'}
[I 2026-06-01 12:23:10,845] Trial 2 finished with value: 0.19851393328445854 and parameters: {'alpha': 143482.76912965564, 'n_pcs': 1500, 'iw_method': 'uniform'}. Best is trial 0 with value: 0.20835928305027251.
2026-06-01 12:23:10 | INFO | Trial 3 | outer=1 | alpha=1.431e+05 n_pcs=500 (pc_topk) weight={'name': 'uniform'}
[I 2026-06-01 12:23:11,718] Trial 3 finished with value: 0.17640284313009347 and parameters: {'alpha': 143072.2464444983, 'n_pcs': 500, 'iw_method': 'uniform'}. Best is trial 0 with value: 0.20835928305027251.
2026-06-01 12:23:11 | INFO | Trial 4 | outer=1 | alpha=5.373e+06 n_pcs=2000 (pc_topk) weight={'name': 'pc_logistic', 'floor': 1e-06, 'clip_max': 1.5, 'prob_clip': 0.001637400317167702, 'n_components': 80, 'logistic_c': 0.09386700500068379, 'pca_fit': 'combined', 'solver': 'lbfgs', 'max_iter': 2000, 'fit_intercept': True, 'standardize_with_source': True, 'rho': 1.0}
[I 2026-06-01 12:23:30,238] Trial 4 finished with value: 0.1798411459424699 and parameters: {'alpha': 5373167.4046281455, 'n_pcs': 2000, 'iw_method': 'pc_logistic', 'iw_clip_max': 1.5, 'iw_prob_clip': 0.001637400317167702, 'iw_n_components': 80, 'iw_logistic_c': 0.09386700500068379, 'iw_pca_fit': 'combined', 'iw_solver': 'lbfgs', 'iw_rho': 1.0}. Best is trial 0 with value: 0.20835928305027251.
2026-06-01 12:23:30 | INFO | Trial 5 | outer=1 | alpha=6.435e+04 n_pcs=1000 (pc_topk) weight={'name': 'pc_logistic', 'floor': 1e-06, 'clip_max': 7.0, 'prob_clip': 0.004193356127903791, 'n_components': 20, 'logistic_c': 9.236417519010976, 'pca_fit': 'combined', 'solver': 'lbfgs', 'max_iter': 2000, 'fit_intercept': True, 'standardize_with_source': True, 'rho': 1.0}
2026-06-01 12:23:41 | INFO | Trial 5 rejected by ESS guard: mean_ess=870.37 threshold=1049.08
[I 2026-06-01 12:23:41,498] Trial 5 finished with value: -1.0 and parameters: {'alpha': 64350.09539177312, 'n_pcs': 1000, 'iw_method': 'pc_logistic', 'iw_clip_max': 7.0, 'iw_prob_clip': 0.004193356127903791, 'iw_n_components': 20, 'iw_logistic_c': 9.236417519010976, 'iw_pca_fit': 'combined', 'iw_solver': 'lbfgs', 'iw_rho': 1.0}. Best is trial 0 with value: 0.20835928305027251.
2026-06-01 12:23:41 | INFO | Trial 6 | outer=1 | alpha=3.046e+05 n_pcs=3500 (pc_topk) weight={'name': 'pc_logistic', 'floor': 1e-06, 'clip_max': 12.0, 'prob_clip': 0.0007016380040663315, 'n_components': 80, 'logistic_c': 0.00021908930989278453, 'pca_fit': 'combined', 'solver': 'lbfgs', 'max_iter': 2000, 'fit_intercept': True, 'standardize_with_source': True, 'rho': 0.7}
[I 2026-06-01 12:23:53,317] Trial 6 finished with value: 0.2044857832133112 and parameters: {'alpha': 304631.0485153137, 'n_pcs': 3500, 'iw_method': 'pc_logistic', 'iw_clip_max': 12.0, 'iw_prob_clip': 0.0007016380040663315, 'iw_n_components': 80, 'iw_logistic_c': 0.00021908930989278453, 'iw_pca_fit': 'combined', 'iw_solver': 'lbfgs', 'iw_rho': 0.7}. Best is trial 0 with value: 0.20835928305027251.
2026-06-01 12:23:53 | INFO | Trial 7 | outer=1 | alpha=7.213e+06 n_pcs=500 (pc_topk) weight={'name': 'uniform'}
[I 2026-06-01 12:23:54,271] Trial 7 finished with value: 0.17152327984122168 and parameters: {'alpha': 7213019.60957054, 'n_pcs': 500, 'iw_method': 'uniform'}. Best is trial 0 with value: 0.20835928305027251.
2026-06-01 12:23:54 | INFO | Trial 8 | outer=1 | alpha=2.347e+03 n_pcs=3000 (pc_topk) weight={'name': 'pc_logistic', 'floor': 1e-06, 'clip_max': 2.5, 'prob_clip': 0.017782866059784724, 'n_components': 60, 'logistic_c': 4.584813955429537e-07, 'pca_fit': 'combined', 'solver': 'lbfgs', 'max_iter': 2000, 'fit_intercept': True, 'standardize_with_source': True, 'rho': 0.3}
[I 2026-06-01 12:24:02,323] Trial 8 finished with value: 0.15267274410488899 and parameters: {'alpha': 2346.6230871488538, 'n_pcs': 3000, 'iw_method': 'pc_logistic', 'iw_clip_max': 2.5, 'iw_prob_clip': 0.017782866059784724, 'iw_n_components': 60, 'iw_logistic_c': 4.584813955429537e-07, 'iw_pca_fit': 'combined', 'iw_solver': 'lbfgs', 'iw_rho': 0.3}. Best is trial 0 with value: 0.20835928305027251.
2026-06-01 12:24:02 | INFO | Trial 9 | outer=1 | alpha=1.067e+03 n_pcs=4000 (pc_topk) weight={'name': 'pc_logistic', 'floor': 1e-06, 'clip_max': 4.0, 'prob_clip': 0.003002704300062754, 'n_components': 10, 'logistic_c': 4.32601466983518e-06, 'pca_fit': 'combined', 'solver': 'lbfgs', 'max_iter': 2000, 'fit_intercept': True, 'standardize_with_source': True, 'rho': 1.0}
[I 2026-06-01 12:24:12,890] Trial 9 finished with value: 0.11599502524322843 and parameters: {'alpha': 1067.2105048492429, 'n_pcs': 4000, 'iw_method': 'pc_logistic', 'iw_clip_max': 4.0, 'iw_prob_clip': 0.003002704300062754, 'iw_n_components': 10, 'iw_logistic_c': 4.32601466983518e-06, 'iw_pca_fit': 'combined', 'iw_solver': 'lbfgs', 'iw_rho': 1.0}. Best is trial 0 with value: 0.20835928305027251.
2026-06-01 12:24:12 | INFO | Trial 10 | outer=1 | alpha=9.030e+05 n_pcs=5000 (pc_topk) weight={'name': 'uniform'}
[I 2026-06-01 12:24:19,966] Trial 10 finished with value: 0.19288093997881348 and parameters: {'alpha': 902970.0505273588, 'n_pcs': 5000, 'iw_method': 'uniform'}. Best is trial 0 with value: 0.20835928305027251.
2026-06-01 12:24:19 | INFO | Trial 11 | outer=1 | alpha=5.206e+05 n_pcs=3500 (pc_topk) weight={'name': 'pc_logistic', 'floor': 1e-06, 'clip_max': 12.0, 'prob_clip': 0.0007158490266448297, 'n_components': 80, 'logistic_c': 0.000473457915227118, 'pca_fit': 'combined', 'solver': 'lbfgs', 'max_iter': 2000, 'fit_intercept': True, 'standardize_with_source': True, 'rho': 0.7}
[I 2026-06-01 12:24:32,824] Trial 11 finished with value: 0.19853422496347736 and parameters: {'alpha': 520567.0232771112, 'n_pcs': 3500, 'iw_method': 'pc_logistic', 'iw_clip_max': 12.0, 'iw_prob_clip': 0.0007158490266448297, 'iw_n_components': 80, 'iw_logistic_c': 0.000473457915227118, 'iw_pca_fit': 'combined', 'iw_solver': 'lbfgs', 'iw_rho': 0.7}. Best is trial 0 with value: 0.20835928305027251.
2026-06-01 12:24:32 | INFO | Trial 12 | outer=1 | alpha=1.791e+04 n_pcs=4000 (pc_topk) weight={'name': 'pc_logistic', 'floor': 1e-06, 'clip_max': 12.0, 'prob_clip': 0.0005593063313063697, 'n_components': 100, 'logistic_c': 0.00045106102832414674, 'pca_fit': 'combined', 'solver': 'lbfgs', 'max_iter': 2000, 'fit_intercept': True, 'standardize_with_source': True, 'rho': 0.5}
[I 2026-06-01 12:24:47,220] Trial 12 finished with value: 0.18387719244809414 and parameters: {'alpha': 17908.10846918563, 'n_pcs': 4000, 'iw_method': 'pc_logistic', 'iw_clip_max': 12.0, 'iw_prob_clip': 0.0005593063313063697, 'iw_n_components': 100, 'iw_logistic_c': 0.00045106102832414674, 'iw_pca_fit': 'combined', 'iw_solver': 'lbfgs', 'iw_rho': 0.5}. Best is trial 0 with value: 0.20835928305027251.
2026-06-01 12:24:47 | INFO | Trial 13 | outer=1 | alpha=7.725e+05 n_pcs=2500 (pc_topk) weight={'name': 'uniform'}
[I 2026-06-01 12:24:49,761] Trial 13 finished with value: 0.1984596045658965 and parameters: {'alpha': 772521.7668112899, 'n_pcs': 2500, 'iw_method': 'uniform'}. Best is trial 0 with value: 0.20835928305027251.
2026-06-01 12:24:49 | INFO | Trial 14 | outer=1 | alpha=2.811e+04 n_pcs=4000 (pc_topk) weight={'name': 'pc_logistic', 'floor': 1e-06, 'clip_max': 12.0, 'prob_clip': 0.01473817737520998, 'n_components': 40, 'logistic_c': 3.191202215750805e-05, 'pca_fit': 'combined', 'solver': 'lbfgs', 'max_iter': 2000, 'fit_intercept': True, 'standardize_with_source': True, 'rho': 0.7}
[I 2026-06-01 12:25:00,532] Trial 14 finished with value: 0.19269094358341649 and parameters: {'alpha': 28106.788101195, 'n_pcs': 4000, 'iw_method': 'pc_logistic', 'iw_clip_max': 12.0, 'iw_prob_clip': 0.01473817737520998, 'iw_n_components': 40, 'iw_logistic_c': 3.191202215750805e-05, 'iw_pca_fit': 'combined', 'iw_solver': 'lbfgs', 'iw_rho': 0.7}. Best is trial 0 with value: 0.20835928305027251.
2026-06-01 12:25:00 | INFO | Trial 15 | outer=1 | alpha=3.739e+05 n_pcs=3000 (pc_topk) weight={'name': 'uniform'}
[I 2026-06-01 12:25:03,916] Trial 15 finished with value: 0.2015626613021882 and parameters: {'alpha': 373882.8247430242, 'n_pcs': 3000, 'iw_method': 'uniform'}. Best is trial 0 with value: 0.20835928305027251.
2026-06-01 12:25:03 | INFO | Trial 16 | outer=1 | alpha=1.421e+06 n_pcs=4500 (pc_topk) weight={'name': 'pc_logistic', 'floor': 1e-06, 'clip_max': 2.5, 'prob_clip': 0.0014012235562822078, 'n_components': 80, 'logistic_c': 0.04748894630538277, 'pca_fit': 'combined', 'solver': 'lbfgs', 'max_iter': 2000, 'fit_intercept': True, 'standardize_with_source': True, 'rho': 0.85}
[I 2026-06-01 12:25:26,150] Trial 16 finished with value: 0.1873128817175257 and parameters: {'alpha': 1421459.2005268766, 'n_pcs': 4500, 'iw_method': 'pc_logistic', 'iw_clip_max': 2.5, 'iw_prob_clip': 0.0014012235562822078, 'iw_n_components': 80, 'iw_logistic_c': 0.04748894630538277, 'iw_pca_fit': 'combined', 'iw_solver': 'lbfgs', 'iw_rho': 0.85}. Best is trial 0 with value: 0.20835928305027251.
2026-06-01 12:25:26 | INFO | Trial 17 | outer=1 | alpha=6.726e+03 n_pcs=3500 (pc_topk) weight={'name': 'uniform'}
[I 2026-06-01 12:25:30,812] Trial 17 finished with value: 0.1663632304325642 and parameters: {'alpha': 6725.799850565045, 'n_pcs': 3500, 'iw_method': 'uniform'}. Best is trial 0 with value: 0.20835928305027251.
2026-06-01 12:25:30 | INFO | Trial 18 | outer=1 | alpha=2.497e+05 n_pcs=2500 (pc_topk) weight={'name': 'pc_logistic', 'floor': 1e-06, 'clip_max': 1.5, 'prob_clip': 0.042441587678024924, 'n_components': 20, 'logistic_c': 1.1666464054117827e-07, 'pca_fit': 'combined', 'solver': 'lbfgs', 'max_iter': 2000, 'fit_intercept': True, 'standardize_with_source': True, 'rho': 0.7}
[I 2026-06-01 12:25:38,444] Trial 18 finished with value: 0.20749282688545662 and parameters: {'alpha': 249653.8608616897, 'n_pcs': 2500, 'iw_method': 'pc_logistic', 'iw_clip_max': 1.5, 'iw_prob_clip': 0.042441587678024924, 'iw_n_components': 20, 'iw_logistic_c': 1.1666464054117827e-07, 'iw_pca_fit': 'combined', 'iw_solver': 'lbfgs', 'iw_rho': 0.7}. Best is trial 0 with value: 0.20835928305027251.
2026-06-01 12:25:38 | INFO | Trial 19 | outer=1 | alpha=5.164e+04 n_pcs=2000 (pc_topk) weight={'name': 'uniform'}
[I 2026-06-01 12:25:41,158] Trial 19 finished with value: 0.20450195658662165 and parameters: {'alpha': 51635.7028870032, 'n_pcs': 2000, 'iw_method': 'uniform'}. Best is trial 0 with value: 0.20835928305027251.
2026-06-01 12:25:41 | INFO | Trial 20 | outer=1 | alpha=1.838e+06 n_pcs=2500 (pc_topk) weight={'name': 'uniform'}
[I 2026-06-01 12:25:44,398] Trial 20 finished with value: 0.19375449562045904 and parameters: {'alpha': 1838374.2777937658, 'n_pcs': 2500, 'iw_method': 'uniform'}. Best is trial 0 with value: 0.20835928305027251.
2026-06-01 12:25:44 | INFO | Trial 21 | outer=1 | alpha=5.850e+04 n_pcs=2000 (pc_topk) weight={'name': 'uniform'}
[I 2026-06-01 12:25:47,166] Trial 21 finished with value: 0.20537477567778478 and parameters: {'alpha': 58495.54901368216, 'n_pcs': 2000, 'iw_method': 'uniform'}. Best is trial 0 with value: 0.20835928305027251.
2026-06-01 12:25:47 | INFO | Trial 22 | outer=1 | alpha=1.637e+05 n_pcs=2000 (pc_topk) weight={'name': 'uniform'}
[I 2026-06-01 12:25:50,278] Trial 22 finished with value: 0.20643976970021333 and parameters: {'alpha': 163734.31680563572, 'n_pcs': 2000, 'iw_method': 'uniform'}. Best is trial 0 with value: 0.20835928305027251.
2026-06-01 12:25:50 | INFO | Trial 23 | outer=1 | alpha=2.042e+05 n_pcs=1500 (pc_topk) weight={'name': 'uniform'}
[I 2026-06-01 12:25:52,929] Trial 23 finished with value: 0.19806072806730418 and parameters: {'alpha': 204194.1048729387, 'n_pcs': 1500, 'iw_method': 'uniform'}. Best is trial 0 with value: 0.20835928305027251.
2026-06-01 12:25:52 | INFO | Trial 24 | outer=1 | alpha=2.822e+06 n_pcs=2500 (pc_topk) weight={'name': 'uniform'}
[I 2026-06-01 12:25:55,449] Trial 24 finished with value: 0.1922618615920606 and parameters: {'alpha': 2822372.064095391, 'n_pcs': 2500, 'iw_method': 'uniform'}. Best is trial 0 with value: 0.20835928305027251.
2026-06-01 12:25:55 | INFO | Trial 25 | outer=1 | alpha=9.823e+04 n_pcs=1500 (pc_topk) weight={'name': 'uniform'}
[I 2026-06-01 12:25:58,513] Trial 25 finished with value: 0.19776970955192005 and parameters: {'alpha': 98232.18467146596, 'n_pcs': 1500, 'iw_method': 'uniform'}. Best is trial 0 with value: 0.20835928305027251.
2026-06-01 12:25:58 | INFO | Trial 26 | outer=1 | alpha=2.526e+05 n_pcs=3000 (pc_topk) weight={'name': 'pc_logistic', 'floor': 1e-06, 'clip_max': 1.5, 'prob_clip': 0.049130803419637575, 'n_components': 20, 'logistic_c': 1.7622225035932565e-07, 'pca_fit': 'combined', 'solver': 'lbfgs', 'max_iter': 2000, 'fit_intercept': True, 'standardize_with_source': True, 'rho': 0.3}
[I 2026-06-01 12:26:06,464] Trial 26 finished with value: 0.20475707758864953 and parameters: {'alpha': 252608.5457460562, 'n_pcs': 3000, 'iw_method': 'pc_logistic', 'iw_clip_max': 1.5, 'iw_prob_clip': 0.049130803419637575, 'iw_n_components': 20, 'iw_logistic_c': 1.7622225035932565e-07, 'iw_pca_fit': 'combined', 'iw_solver': 'lbfgs', 'iw_rho': 0.3}. Best is trial 0 with value: 0.20835928305027251.
2026-06-01 12:26:06 | INFO | Trial 27 | outer=1 | alpha=3.197e+04 n_pcs=2000 (pc_topk) weight={'name': 'uniform'}
[I 2026-06-01 12:26:09,339] Trial 27 finished with value: 0.19979803201637422 and parameters: {'alpha': 31971.939784223254, 'n_pcs': 2000, 'iw_method': 'uniform'}. Best is trial 0 with value: 0.20835928305027251.
2026-06-01 12:26:09 | INFO | Trial 28 | outer=1 | alpha=8.072e+03 n_pcs=4500 (pc_topk) weight={'name': 'pc_logistic', 'floor': 1e-06, 'clip_max': 1.5, 'prob_clip': 0.04456950197359885, 'n_components': 20, 'logistic_c': 0.04360596948706038, 'pca_fit': 'combined', 'solver': 'lbfgs', 'max_iter': 2000, 'fit_intercept': True, 'standardize_with_source': True, 'rho': 0.85}
[I 2026-06-01 12:26:24,615] Trial 28 finished with value: 0.18327787584638677 and parameters: {'alpha': 8072.080958588161, 'n_pcs': 4500, 'iw_method': 'pc_logistic', 'iw_clip_max': 1.5, 'iw_prob_clip': 0.04456950197359885, 'iw_n_components': 20, 'iw_logistic_c': 0.04360596948706038, 'iw_pca_fit': 'combined', 'iw_solver': 'lbfgs', 'iw_rho': 0.85}. Best is trial 0 with value: 0.20835928305027251.
2026-06-01 12:26:24 | INFO | Trial 29 | outer=1 | alpha=5.767e+05 n_pcs=1000 (pc_topk) weight={'name': 'uniform'}
[I 2026-06-01 12:26:26,631] Trial 29 finished with value: 0.19457245381884924 and parameters: {'alpha': 576657.3229596749, 'n_pcs': 1000, 'iw_method': 'uniform'}. Best is trial 0 with value: 0.20835928305027251.
2026-06-01 12:26:26 | INFO | Trial 30 | outer=1 | alpha=9.603e+04 n_pcs=5000 (pc_topk) weight={'name': 'uniform'}
[I 2026-06-01 12:26:33,826] Trial 30 finished with value: 0.20861460249970182 and parameters: {'alpha': 96031.36544362125, 'n_pcs': 5000, 'iw_method': 'uniform'}. Best is trial 30 with value: 0.20861460249970182.
2026-06-01 12:26:33 | INFO | Trial 31 | outer=1 | alpha=9.803e+04 n_pcs=5000 (pc_topk) weight={'name': 'uniform'}
[I 2026-06-01 12:26:40,974] Trial 31 finished with value: 0.20855111661565728 and parameters: {'alpha': 98029.79600642216, 'n_pcs': 5000, 'iw_method': 'uniform'}. Best is trial 30 with value: 0.20861460249970182.
2026-06-01 12:26:40 | INFO | Trial 32 | outer=1 | alpha=9.071e+04 n_pcs=5000 (pc_topk) weight={'name': 'uniform'}
[I 2026-06-01 12:26:48,111] Trial 32 finished with value: 0.2087712819735677 and parameters: {'alpha': 90709.51036442308, 'n_pcs': 5000, 'iw_method': 'uniform'}. Best is trial 32 with value: 0.2087712819735677.
2026-06-01 12:26:48 | INFO | Trial 33 | outer=1 | alpha=1.180e+05 n_pcs=5000 (pc_topk) weight={'name': 'uniform'}
[I 2026-06-01 12:26:55,235] Trial 33 finished with value: 0.20782403383876927 and parameters: {'alpha': 117998.01094601763, 'n_pcs': 5000, 'iw_method': 'uniform'}. Best is trial 32 with value: 0.2087712819735677.
2026-06-01 12:26:55 | INFO | Trial 34 | outer=1 | alpha=3.482e+04 n_pcs=4500 (pc_topk) weight={'name': 'uniform'}
[I 2026-06-01 12:27:01,224] Trial 34 finished with value: 0.208329250614422 and parameters: {'alpha': 34821.8190295111, 'n_pcs': 4500, 'iw_method': 'uniform'}. Best is trial 32 with value: 0.2087712819735677.
2026-06-01 12:27:01 | INFO | Trial 35 | outer=1 | alpha=9.672e+04 n_pcs=5000 (pc_topk) weight={'name': 'uniform'}
[I 2026-06-01 12:27:08,363] Trial 35 finished with value: 0.2085930837216503 and parameters: {'alpha': 96717.77752107517, 'n_pcs': 5000, 'iw_method': 'uniform'}. Best is trial 32 with value: 0.2087712819735677.
2026-06-01 12:27:08 | INFO | Trial 36 | outer=1 | alpha=8.760e+04 n_pcs=5000 (pc_topk) weight={'name': 'uniform'}
[I 2026-06-01 12:27:15,499] Trial 36 finished with value: 0.20885290827136765 and parameters: {'alpha': 87603.75781576372, 'n_pcs': 5000, 'iw_method': 'uniform'}. Best is trial 36 with value: 0.20885290827136765.
2026-06-01 12:27:15 | INFO | Trial 37 | outer=1 | alpha=1.223e+04 n_pcs=4500 (pc_topk) weight={'name': 'uniform'}
[I 2026-06-01 12:27:21,575] Trial 37 finished with value: 0.19411824067057742 and parameters: {'alpha': 12227.380421588277, 'n_pcs': 4500, 'iw_method': 'uniform'}. Best is trial 36 with value: 0.20885290827136765.
2026-06-01 12:27:21 | INFO | Trial 38 | outer=1 | alpha=7.917e+04 n_pcs=5000 (pc_topk) weight={'name': 'uniform'}
[I 2026-06-01 12:27:28,732] Trial 38 finished with value: 0.20902702240776136 and parameters: {'alpha': 79171.15594210794, 'n_pcs': 5000, 'iw_method': 'uniform'}. Best is trial 38 with value: 0.20902702240776136.
2026-06-01 12:27:28 | INFO | Trial 39 | outer=1 | alpha=1.940e+04 n_pcs=4500 (pc_topk) weight={'name': 'uniform'}
[I 2026-06-01 12:27:34,730] Trial 39 finished with value: 0.2021166905591644 and parameters: {'alpha': 19398.246880434628, 'n_pcs': 4500, 'iw_method': 'uniform'}. Best is trial 38 with value: 0.20902702240776136.
2026-06-01 12:27:34 | INFO | Trial 40 | outer=1 | alpha=5.001e+04 n_pcs=5000 (pc_topk) weight={'name': 'uniform'}
[I 2026-06-01 12:27:41,928] Trial 40 finished with value: 0.20853731730900918 and parameters: {'alpha': 50013.68320583476, 'n_pcs': 5000, 'iw_method': 'uniform'}. Best is trial 38 with value: 0.20902702240776136.
2026-06-01 12:27:41 | INFO | Trial 41 | outer=1 | alpha=8.545e+04 n_pcs=5000 (pc_topk) weight={'name': 'uniform'}
[I 2026-06-01 12:27:49,069] Trial 41 finished with value: 0.20890451721381362 and parameters: {'alpha': 85448.76401568204, 'n_pcs': 5000, 'iw_method': 'uniform'}. Best is trial 38 with value: 0.20902702240776136.
2026-06-01 12:27:49 | INFO | Trial 42 | outer=1 | alpha=7.466e+04 n_pcs=5000 (pc_topk) weight={'name': 'uniform'}
[I 2026-06-01 12:27:56,212] Trial 42 finished with value: 0.2090836633538251 and parameters: {'alpha': 74659.19415347089, 'n_pcs': 5000, 'iw_method': 'uniform'}. Best is trial 42 with value: 0.2090836633538251.
2026-06-01 12:27:56 | INFO | Trial 43 | outer=1 | alpha=7.501e+04 n_pcs=4500 (pc_topk) weight={'name': 'uniform'}
[I 2026-06-01 12:28:02,233] Trial 43 finished with value: 0.21052660560974398 and parameters: {'alpha': 75005.97885568389, 'n_pcs': 4500, 'iw_method': 'uniform'}. Best is trial 43 with value: 0.21052660560974398.
2026-06-01 12:28:02 | INFO | Trial 44 | outer=1 | alpha=4.323e+04 n_pcs=4500 (pc_topk) weight={'name': 'uniform'}
[I 2026-06-01 12:28:08,235] Trial 44 finished with value: 0.2095982769859551 and parameters: {'alpha': 43230.53306048646, 'n_pcs': 4500, 'iw_method': 'uniform'}. Best is trial 43 with value: 0.21052660560974398.
2026-06-01 12:28:08 | INFO | Trial 45 | outer=1 | alpha=4.418e+04 n_pcs=4000 (pc_topk) weight={'name': 'uniform'}
[I 2026-06-01 12:28:13,252] Trial 45 finished with value: 0.2075261398834834 and parameters: {'alpha': 44181.087438715695, 'n_pcs': 4000, 'iw_method': 'uniform'}. Best is trial 43 with value: 0.21052660560974398.
2026-06-01 12:28:13 | INFO | Trial 46 | outer=1 | alpha=2.357e+04 n_pcs=4500 (pc_topk) weight={'name': 'uniform'}
[I 2026-06-01 12:28:19,487] Trial 46 finished with value: 0.2046528831901664 and parameters: {'alpha': 23571.23781716978, 'n_pcs': 4500, 'iw_method': 'uniform'}. Best is trial 43 with value: 0.21052660560974398.
2026-06-01 12:28:19 | INFO | Trial 47 | outer=1 | alpha=1.160e+04 n_pcs=4000 (pc_topk) weight={'name': 'uniform'}
[I 2026-06-01 12:28:24,743] Trial 47 finished with value: 0.1870953264081709 and parameters: {'alpha': 11602.530705227771, 'n_pcs': 4000, 'iw_method': 'uniform'}. Best is trial 43 with value: 0.21052660560974398.
2026-06-01 12:28:24 | INFO | Trial 48 | outer=1 | alpha=1.610e+05 n_pcs=4500 (pc_topk) weight={'name': 'uniform'}
[I 2026-06-01 12:28:30,835] Trial 48 finished with value: 0.20723863904537237 and parameters: {'alpha': 161004.56842672604, 'n_pcs': 4500, 'iw_method': 'uniform'}. Best is trial 43 with value: 0.21052660560974398.
2026-06-01 12:28:30 | INFO | Trial 49 | outer=1 | alpha=3.973e+05 n_pcs=3500 (pc_topk) weight={'name': 'uniform'}
[I 2026-06-01 12:28:35,264] Trial 49 finished with value: 0.1991346058264451 and parameters: {'alpha': 397309.45057511, 'n_pcs': 3500, 'iw_method': 'uniform'}. Best is trial 43 with value: 0.21052660560974398.
2026-06-01 12:28:35 | INFO | Trial 50 | outer=1 | alpha=6.879e+04 n_pcs=4000 (pc_topk) weight={'name': 'uniform'}
[I 2026-06-01 12:28:40,656] Trial 50 finished with value: 0.2091249837205682 and parameters: {'alpha': 68785.6640045587, 'n_pcs': 4000, 'iw_method': 'uniform'}. Best is trial 43 with value: 0.21052660560974398.
2026-06-01 12:28:40 | INFO | Trial 51 | outer=1 | alpha=3.931e+04 n_pcs=4500 (pc_topk) weight={'name': 'uniform'}
[I 2026-06-01 12:28:46,649] Trial 51 finished with value: 0.2091053704420546 and parameters: {'alpha': 39305.40771848011, 'n_pcs': 4500, 'iw_method': 'uniform'}. Best is trial 43 with value: 0.21052660560974398.
2026-06-01 12:28:46 | INFO | Trial 52 | outer=1 | alpha=3.792e+04 n_pcs=4000 (pc_topk) weight={'name': 'uniform'}
[I 2026-06-01 12:28:52,021] Trial 52 finished with value: 0.20641562272347924 and parameters: {'alpha': 37918.629562728696, 'n_pcs': 4000, 'iw_method': 'uniform'}. Best is trial 43 with value: 0.21052660560974398.
2026-06-01 12:28:52 | INFO | Trial 53 | outer=1 | alpha=6.828e+04 n_pcs=4500 (pc_topk) weight={'name': 'uniform'}
[I 2026-06-01 12:28:58,199] Trial 53 finished with value: 0.21058992755646608 and parameters: {'alpha': 68278.43115018823, 'n_pcs': 4500, 'iw_method': 'uniform'}. Best is trial 53 with value: 0.21058992755646608.
2026-06-01 12:28:58 | INFO | Trial 54 | outer=1 | alpha=4.414e+03 n_pcs=4000 (pc_topk) weight={'name': 'uniform'}
[I 2026-06-01 12:29:03,263] Trial 54 finished with value: 0.158816042998778 and parameters: {'alpha': 4413.645076122087, 'n_pcs': 4000, 'iw_method': 'uniform'}. Best is trial 53 with value: 0.21058992755646608.
2026-06-01 12:29:03 | INFO | Trial 55 | outer=1 | alpha=6.134e+04 n_pcs=4500 (pc_topk) weight={'name': 'uniform'}
[I 2026-06-01 12:29:09,385] Trial 55 finished with value: 0.21055485542121585 and parameters: {'alpha': 61344.97704428588, 'n_pcs': 4500, 'iw_method': 'uniform'}. Best is trial 53 with value: 0.21058992755646608.
2026-06-01 12:29:09 | INFO | Trial 56 | outer=1 | alpha=2.757e+04 n_pcs=4000 (pc_topk) weight={'name': 'uniform'}
[I 2026-06-01 12:29:14,535] Trial 56 finished with value: 0.203117763308082 and parameters: {'alpha': 27574.177972636826, 'n_pcs': 4000, 'iw_method': 'uniform'}. Best is trial 53 with value: 0.21058992755646608.
2026-06-01 12:29:14 | INFO | Trial 57 | outer=1 | alpha=1.353e+04 n_pcs=4500 (pc_topk) weight={'name': 'uniform'}
[I 2026-06-01 12:29:20,636] Trial 57 finished with value: 0.19611934524393596 and parameters: {'alpha': 13528.773907672185, 'n_pcs': 4500, 'iw_method': 'uniform'}. Best is trial 53 with value: 0.21058992755646608.
2026-06-01 12:29:20 | INFO | Trial 58 | outer=1 | alpha=1.549e+05 n_pcs=3500 (pc_topk) weight={'name': 'uniform'}
[I 2026-06-01 12:29:24,828] Trial 58 finished with value: 0.20584803832213425 and parameters: {'alpha': 154895.01975005036, 'n_pcs': 3500, 'iw_method': 'uniform'}. Best is trial 53 with value: 0.21058992755646608.
2026-06-01 12:29:24 | INFO | Trial 59 | outer=1 | alpha=5.642e+04 n_pcs=4500 (pc_topk) weight={'name': 'uniform'}
[I 2026-06-01 12:29:30,982] Trial 59 finished with value: 0.21044515689113436 and parameters: {'alpha': 56415.293984286, 'n_pcs': 4500, 'iw_method': 'uniform'}. Best is trial 53 with value: 0.21058992755646608.
2026-06-01 12:29:30 | INFO | Trial 60 | outer=1 | alpha=5.515e+04 n_pcs=3500 (pc_topk) weight={'name': 'pc_logistic', 'floor': 1e-06, 'clip_max': 4.0, 'prob_clip': 0.008666030661257578, 'n_components': 60, 'logistic_c': 3.5831893737664453, 'pca_fit': 'combined', 'solver': 'lbfgs', 'max_iter': 2000, 'fit_intercept': True, 'standardize_with_source': True, 'rho': 0.5}
[I 2026-06-01 12:29:50,655] Trial 60 finished with value: 0.2069230453837822 and parameters: {'alpha': 55148.73519160093, 'n_pcs': 3500, 'iw_method': 'pc_logistic', 'iw_clip_max': 4.0, 'iw_prob_clip': 0.008666030661257578, 'iw_n_components': 60, 'iw_logistic_c': 3.5831893737664453, 'iw_pca_fit': 'combined', 'iw_solver': 'lbfgs', 'iw_rho': 0.5}. Best is trial 53 with value: 0.21058992755646608.
2026-06-01 12:29:50 | INFO | Trial 61 | outer=1 | alpha=2.057e+04 n_pcs=4500 (pc_topk) weight={'name': 'uniform'}
[I 2026-06-01 12:29:56,783] Trial 61 finished with value: 0.20292762393383024 and parameters: {'alpha': 20565.1127956526, 'n_pcs': 4500, 'iw_method': 'uniform'}. Best is trial 53 with value: 0.21058992755646608.
2026-06-01 12:29:56 | INFO | Trial 62 | outer=1 | alpha=6.491e+04 n_pcs=4500 (pc_topk) weight={'name': 'uniform'}
[I 2026-06-01 12:30:02,925] Trial 62 finished with value: 0.21058786675904378 and parameters: {'alpha': 64913.33433206223, 'n_pcs': 4500, 'iw_method': 'uniform'}. Best is trial 53 with value: 0.21058992755646608.
2026-06-01 12:30:02 | INFO | Trial 63 | outer=1 | alpha=5.927e+04 n_pcs=4000 (pc_topk) weight={'name': 'uniform'}
[I 2026-06-01 12:30:08,136] Trial 63 finished with value: 0.20884525432182294 and parameters: {'alpha': 59269.75545934936, 'n_pcs': 4000, 'iw_method': 'uniform'}. Best is trial 53 with value: 0.21058992755646608.
2026-06-01 12:30:08 | INFO | Trial 64 | outer=1 | alpha=1.399e+05 n_pcs=4500 (pc_topk) weight={'name': 'uniform'}
[I 2026-06-01 12:30:14,233] Trial 64 finished with value: 0.20815224358927806 and parameters: {'alpha': 139929.4016807025, 'n_pcs': 4500, 'iw_method': 'uniform'}. Best is trial 53 with value: 0.21058992755646608.
2026-06-01 12:30:14 | INFO | Trial 65 | outer=1 | alpha=2.319e+05 n_pcs=4500 (pc_topk) weight={'name': 'uniform'}
[I 2026-06-01 12:30:20,356] Trial 65 finished with value: 0.20445432647667605 and parameters: {'alpha': 231904.38615126986, 'n_pcs': 4500, 'iw_method': 'uniform'}. Best is trial 53 with value: 0.21058992755646608.
2026-06-01 12:30:20 | INFO | Trial 66 | outer=1 | alpha=6.684e+04 n_pcs=4000 (pc_topk) weight={'name': 'uniform'}
[I 2026-06-01 12:30:25,480] Trial 66 finished with value: 0.20909055196015344 and parameters: {'alpha': 66839.33007465444, 'n_pcs': 4000, 'iw_method': 'uniform'}. Best is trial 53 with value: 0.21058992755646608.
2026-06-01 12:30:25 | INFO | Trial 67 | outer=1 | alpha=2.844e+04 n_pcs=4500 (pc_topk) weight={'name': 'uniform'}
[I 2026-06-01 12:30:31,526] Trial 67 finished with value: 0.20665057200569512 and parameters: {'alpha': 28441.484497083344, 'n_pcs': 4500, 'iw_method': 'uniform'}. Best is trial 53 with value: 0.21058992755646608.
2026-06-01 12:30:31 | INFO | Trial 68 | outer=1 | alpha=1.208e+05 n_pcs=4000 (pc_topk) weight={'name': 'pc_logistic', 'floor': 1e-06, 'clip_max': 7.0, 'prob_clip': 0.00832818670323788, 'n_components': 10, 'logistic_c': 0.0056722096320164115, 'pca_fit': 'combined', 'solver': 'lbfgs', 'max_iter': 2000, 'fit_intercept': True, 'standardize_with_source': True, 'rho': 0.3}
[I 2026-06-01 12:30:44,604] Trial 68 finished with value: 0.2048874501708829 and parameters: {'alpha': 120813.93267309548, 'n_pcs': 4000, 'iw_method': 'pc_logistic', 'iw_clip_max': 7.0, 'iw_prob_clip': 0.00832818670323788, 'iw_n_components': 10, 'iw_logistic_c': 0.0056722096320164115, 'iw_pca_fit': 'combined', 'iw_solver': 'lbfgs', 'iw_rho': 0.3}. Best is trial 53 with value: 0.21058992755646608.
2026-06-01 12:30:44 | INFO | Trial 69 | outer=1 | alpha=1.857e+05 n_pcs=4500 (pc_topk) weight={'name': 'uniform'}
[I 2026-06-01 12:30:50,704] Trial 69 finished with value: 0.2062071414179222 and parameters: {'alpha': 185736.47516817806, 'n_pcs': 4500, 'iw_method': 'uniform'}. Best is trial 53 with value: 0.21058992755646608.
2026-06-01 12:30:50 | INFO | Trial 70 | outer=1 | alpha=1.572e+04 n_pcs=4500 (pc_topk) weight={'name': 'uniform'}
[I 2026-06-01 12:30:56,871] Trial 70 finished with value: 0.19882764522631463 and parameters: {'alpha': 15718.534179952305, 'n_pcs': 4500, 'iw_method': 'uniform'}. Best is trial 53 with value: 0.21058992755646608.
2026-06-01 12:30:56 | INFO | Trial 71 | outer=1 | alpha=4.302e+04 n_pcs=4500 (pc_topk) weight={'name': 'uniform'}
[I 2026-06-01 12:31:02,891] Trial 71 finished with value: 0.20957574072113316 and parameters: {'alpha': 43022.41429020117, 'n_pcs': 4500, 'iw_method': 'uniform'}. Best is trial 53 with value: 0.21058992755646608.
2026-06-01 12:31:02 | INFO | Trial 72 | outer=1 | alpha=4.342e+04 n_pcs=4500 (pc_topk) weight={'name': 'uniform'}
[I 2026-06-01 12:31:08,952] Trial 72 finished with value: 0.20961843564051502 and parameters: {'alpha': 43419.767080985956, 'n_pcs': 4500, 'iw_method': 'uniform'}. Best is trial 53 with value: 0.21058992755646608.
2026-06-01 12:31:08 | INFO | Trial 73 | outer=1 | alpha=3.756e+04 n_pcs=4500 (pc_topk) weight={'name': 'uniform'}
[I 2026-06-01 12:31:15,112] Trial 73 finished with value: 0.20883457398770813 and parameters: {'alpha': 37563.101608205725, 'n_pcs': 4500, 'iw_method': 'uniform'}. Best is trial 53 with value: 0.21058992755646608.
2026-06-01 12:31:15 | INFO | Trial 74 | outer=1 | alpha=4.732e+04 n_pcs=4500 (pc_topk) weight={'name': 'uniform'}
[I 2026-06-01 12:31:21,318] Trial 74 finished with value: 0.20997241829901245 and parameters: {'alpha': 47318.55448392321, 'n_pcs': 4500, 'iw_method': 'uniform'}. Best is trial 53 with value: 0.21058992755646608.
2026-06-01 12:31:21 | INFO | Trial 75 | outer=1 | alpha=2.318e+04 n_pcs=5000 (pc_topk) weight={'name': 'uniform'}
[I 2026-06-01 12:31:28,393] Trial 75 finished with value: 0.20244462606670816 and parameters: {'alpha': 23177.36198881936, 'n_pcs': 5000, 'iw_method': 'uniform'}. Best is trial 53 with value: 0.21058992755646608.
2026-06-01 12:31:28 | INFO | Trial 76 | outer=1 | alpha=5.076e+04 n_pcs=4000 (pc_topk) weight={'name': 'uniform'}
[I 2026-06-01 12:31:33,436] Trial 76 finished with value: 0.20827952927809248 and parameters: {'alpha': 50755.13169221717, 'n_pcs': 4000, 'iw_method': 'uniform'}. Best is trial 53 with value: 0.21058992755646608.
2026-06-01 12:31:33 | INFO | Trial 77 | outer=1 | alpha=1.169e+05 n_pcs=5000 (pc_topk) weight={'name': 'uniform'}
[I 2026-06-01 12:31:40,542] Trial 77 finished with value: 0.2078667190035616 and parameters: {'alpha': 116909.5523807185, 'n_pcs': 5000, 'iw_method': 'uniform'}. Best is trial 53 with value: 0.21058992755646608.
2026-06-01 12:31:40 | INFO | Trial 78 | outer=1 | alpha=2.696e+04 n_pcs=500 (pc_topk) weight={'name': 'uniform'}
[I 2026-06-01 12:31:41,258] Trial 78 finished with value: 0.16339445101575706 and parameters: {'alpha': 26960.558913183548, 'n_pcs': 500, 'iw_method': 'uniform'}. Best is trial 53 with value: 0.21058992755646608.
2026-06-01 12:31:41 | INFO | Trial 79 | outer=1 | alpha=8.935e+06 n_pcs=3500 (pc_topk) weight={'name': 'pc_logistic', 'floor': 1e-06, 'clip_max': 2.5, 'prob_clip': 0.0017500003301847554, 'n_components': 100, 'logistic_c': 0.7808018130183784, 'pca_fit': 'combined', 'solver': 'lbfgs', 'max_iter': 2000, 'fit_intercept': True, 'standardize_with_source': True, 'rho': 0.5}
[I 2026-06-01 12:32:05,673] Trial 79 finished with value: 0.1849498484336774 and parameters: {'alpha': 8934780.946655374, 'n_pcs': 3500, 'iw_method': 'pc_logistic', 'iw_clip_max': 2.5, 'iw_prob_clip': 0.0017500003301847554, 'iw_n_components': 100, 'iw_logistic_c': 0.7808018130183784, 'iw_pca_fit': 'combined', 'iw_solver': 'lbfgs', 'iw_rho': 0.5}. Best is trial 53 with value: 0.21058992755646608.
2026-06-01 12:32:05 | INFO | Trial 80 | outer=1 | alpha=3.123e+04 n_pcs=4500 (pc_topk) weight={'name': 'uniform'}
[I 2026-06-01 12:32:11,892] Trial 80 finished with value: 0.2074871177671568 and parameters: {'alpha': 31232.609202959495, 'n_pcs': 4500, 'iw_method': 'uniform'}. Best is trial 53 with value: 0.21058992755646608.
2026-06-01 12:32:11 | INFO | Trial 81 | outer=1 | alpha=4.793e+04 n_pcs=4500 (pc_topk) weight={'name': 'uniform'}
[I 2026-06-01 12:32:18,045] Trial 81 finished with value: 0.2100179674044124 and parameters: {'alpha': 47926.07255364197, 'n_pcs': 4500, 'iw_method': 'uniform'}. Best is trial 53 with value: 0.21058992755646608.
2026-06-01 12:32:18 | INFO | Trial 82 | outer=1 | alpha=6.361e+04 n_pcs=4500 (pc_topk) weight={'name': 'uniform'}
[I 2026-06-01 12:32:24,077] Trial 82 finished with value: 0.21057976944583184 and parameters: {'alpha': 63609.18046497284, 'n_pcs': 4500, 'iw_method': 'uniform'}. Best is trial 53 with value: 0.21058992755646608.
2026-06-01 12:32:24 | INFO | Trial 83 | outer=1 | alpha=6.900e+04 n_pcs=5000 (pc_topk) weight={'name': 'uniform'}
[I 2026-06-01 12:32:31,233] Trial 83 finished with value: 0.20910684626576787 and parameters: {'alpha': 68999.55775206826, 'n_pcs': 5000, 'iw_method': 'uniform'}. Best is trial 53 with value: 0.21058992755646608.
2026-06-01 12:32:31 | INFO | Trial 84 | outer=1 | alpha=5.727e+04 n_pcs=4500 (pc_topk) weight={'name': 'uniform'}
[I 2026-06-01 12:32:37,427] Trial 84 finished with value: 0.21047018529602463 and parameters: {'alpha': 57266.940176892254, 'n_pcs': 4500, 'iw_method': 'uniform'}. Best is trial 53 with value: 0.21058992755646608.
2026-06-01 12:32:37 | INFO | Trial 85 | outer=1 | alpha=3.076e+05 n_pcs=4000 (pc_topk) weight={'name': 'uniform'}
[I 2026-06-01 12:32:42,402] Trial 85 finished with value: 0.20171059769555683 and parameters: {'alpha': 307602.6993261224, 'n_pcs': 4000, 'iw_method': 'uniform'}. Best is trial 53 with value: 0.21058992755646608.
2026-06-01 12:32:42 | INFO | Trial 86 | outer=1 | alpha=1.257e+05 n_pcs=4500 (pc_topk) weight={'name': 'uniform'}
[I 2026-06-01 12:32:48,435] Trial 86 finished with value: 0.2087726309323994 and parameters: {'alpha': 125674.45094780208, 'n_pcs': 4500, 'iw_method': 'uniform'}. Best is trial 53 with value: 0.21058992755646608.
2026-06-01 12:32:48 | INFO | Trial 87 | outer=1 | alpha=6.302e+04 n_pcs=5000 (pc_topk) weight={'name': 'uniform'}
[I 2026-06-01 12:32:55,533] Trial 87 finished with value: 0.20905610815472664 and parameters: {'alpha': 63015.868998905615, 'n_pcs': 5000, 'iw_method': 'uniform'}. Best is trial 53 with value: 0.21058992755646608.
2026-06-01 12:32:55 | INFO | Trial 88 | outer=1 | alpha=8.239e+04 n_pcs=4500 (pc_topk) weight={'name': 'uniform'}
[I 2026-06-01 12:33:01,981] Trial 88 finished with value: 0.21037852223624584 and parameters: {'alpha': 82394.24664494998, 'n_pcs': 4500, 'iw_method': 'uniform'}. Best is trial 53 with value: 0.21058992755646608.
2026-06-01 12:33:01 | INFO | Trial 89 | outer=1 | alpha=7.756e+04 n_pcs=5000 (pc_topk) weight={'name': 'uniform'}
[I 2026-06-01 12:33:09,100] Trial 89 finished with value: 0.2090506111086487 and parameters: {'alpha': 77564.37834630824, 'n_pcs': 5000, 'iw_method': 'uniform'}. Best is trial 53 with value: 0.21058992755646608.
2026-06-01 12:33:09 | INFO | Trial 90 | outer=1 | alpha=1.072e+03 n_pcs=4500 (pc_topk) weight={'name': 'uniform'}
[I 2026-06-01 12:33:15,123] Trial 90 finished with value: 0.11656338466938723 and parameters: {'alpha': 1071.992231268272, 'n_pcs': 4500, 'iw_method': 'uniform'}. Best is trial 53 with value: 0.21058992755646608.
2026-06-01 12:33:15 | INFO | Trial 91 | outer=1 | alpha=5.216e+04 n_pcs=4500 (pc_topk) weight={'name': 'uniform'}
[I 2026-06-01 12:33:21,102] Trial 91 finished with value: 0.21027569029828763 and parameters: {'alpha': 52164.91053234622, 'n_pcs': 4500, 'iw_method': 'uniform'}. Best is trial 53 with value: 0.21058992755646608.
2026-06-01 12:33:21 | INFO | Trial 92 | outer=1 | alpha=1.052e+05 n_pcs=4000 (pc_topk) weight={'name': 'uniform'}
[I 2026-06-01 12:33:25,979] Trial 92 finished with value: 0.20863367890722134 and parameters: {'alpha': 105190.0894111182, 'n_pcs': 4000, 'iw_method': 'uniform'}. Best is trial 53 with value: 0.21058992755646608.
2026-06-01 12:33:25 | INFO | Trial 93 | outer=1 | alpha=5.617e+04 n_pcs=4500 (pc_topk) weight={'name': 'uniform'}
[I 2026-06-01 12:33:32,099] Trial 93 finished with value: 0.21043742986850042 and parameters: {'alpha': 56168.699659137914, 'n_pcs': 4500, 'iw_method': 'uniform'}. Best is trial 53 with value: 0.21058992755646608.
2026-06-01 12:33:32 | INFO | Trial 94 | outer=1 | alpha=8.854e+04 n_pcs=4500 (pc_topk) weight={'name': 'uniform'}
[I 2026-06-01 12:33:38,165] Trial 94 finished with value: 0.21020992310534276 and parameters: {'alpha': 88543.6418815375, 'n_pcs': 4500, 'iw_method': 'uniform'}. Best is trial 53 with value: 0.21058992755646608.
2026-06-01 12:33:38 | INFO | Trial 95 | outer=1 | alpha=5.992e+04 n_pcs=5000 (pc_topk) weight={'name': 'uniform'}
[I 2026-06-01 12:33:45,266] Trial 95 finished with value: 0.20899136381319186 and parameters: {'alpha': 59919.95740848255, 'n_pcs': 5000, 'iw_method': 'uniform'}. Best is trial 53 with value: 0.21058992755646608.
2026-06-01 12:33:45 | INFO | Trial 96 | outer=1 | alpha=1.835e+05 n_pcs=4500 (pc_topk) weight={'name': 'uniform'}
[I 2026-06-01 12:33:51,240] Trial 96 finished with value: 0.20629815719100913 and parameters: {'alpha': 183495.71499666432, 'n_pcs': 4500, 'iw_method': 'uniform'}. Best is trial 53 with value: 0.21058992755646608.
2026-06-01 12:33:51 | INFO | Trial 97 | outer=1 | alpha=3.317e+04 n_pcs=4000 (pc_topk) weight={'name': 'pc_logistic', 'floor': 1e-06, 'clip_max': 7.0, 'prob_clip': 0.026740988570608287, 'n_components': 40, 'logistic_c': 8.808852296570562e-06, 'pca_fit': 'combined', 'solver': 'lbfgs', 'max_iter': 2000, 'fit_intercept': True, 'standardize_with_source': True, 'rho': 0.85}
[I 2026-06-01 12:34:02,147] Trial 97 finished with value: 0.2088265023637256 and parameters: {'alpha': 33170.18325276131, 'n_pcs': 4000, 'iw_method': 'pc_logistic', 'iw_clip_max': 7.0, 'iw_prob_clip': 0.026740988570608287, 'iw_n_components': 40, 'iw_logistic_c': 8.808852296570562e-06, 'iw_pca_fit': 'combined', 'iw_solver': 'lbfgs', 'iw_rho': 0.85}. Best is trial 53 with value: 0.21058992755646608.
2026-06-01 12:34:02 | INFO | Trial 98 | outer=1 | alpha=7.655e+04 n_pcs=4500 (pc_topk) weight={'name': 'uniform'}
[I 2026-06-01 12:34:08,554] Trial 98 finished with value: 0.2105015306027532 and parameters: {'alpha': 76550.87095517738, 'n_pcs': 4500, 'iw_method': 'uniform'}. Best is trial 53 with value: 0.21058992755646608.
2026-06-01 12:34:08 | INFO | Trial 99 | outer=1 | alpha=7.861e+04 n_pcs=4000 (pc_topk) weight={'name': 'uniform'}
[I 2026-06-01 12:34:13,689] Trial 99 finished with value: 0.20916747059554983 and parameters: {'alpha': 78606.00424645348, 'n_pcs': 4000, 'iw_method': 'uniform'}. Best is trial 53 with value: 0.21058992755646608.
2026-06-01 12:34:13 | INFO | Trial 100 | outer=1 | alpha=1.314e+05 n_pcs=4500 (pc_topk) weight={'name': 'uniform'}
[I 2026-06-01 12:34:19,835] Trial 100 finished with value: 0.20852511933533924 and parameters: {'alpha': 131383.5753559267, 'n_pcs': 4500, 'iw_method': 'uniform'}. Best is trial 53 with value: 0.21058992755646608.
2026-06-01 12:34:19 | INFO | Trial 101 | outer=1 | alpha=5.785e+04 n_pcs=1000 (pc_topk) weight={'name': 'uniform'}
[I 2026-06-01 12:34:21,523] Trial 101 finished with value: 0.19782420903257852 and parameters: {'alpha': 57850.667276449094, 'n_pcs': 1000, 'iw_method': 'uniform'}. Best is trial 53 with value: 0.21058992755646608.
2026-06-01 12:34:21 | INFO | Trial 102 | outer=1 | alpha=1.046e+05 n_pcs=4500 (pc_topk) weight={'name': 'uniform'}
[I 2026-06-01 12:34:27,598] Trial 102 finished with value: 0.20964704921178595 and parameters: {'alpha': 104596.83712114632, 'n_pcs': 4500, 'iw_method': 'uniform'}. Best is trial 53 with value: 0.21058992755646608.
2026-06-01 12:34:27 | INFO | Trial 103 | outer=1 | alpha=7.444e+04 n_pcs=4500 (pc_topk) weight={'name': 'uniform'}
[I 2026-06-01 12:34:33,775] Trial 103 finished with value: 0.2105347753783501 and parameters: {'alpha': 74444.6127238481, 'n_pcs': 4500, 'iw_method': 'uniform'}. Best is trial 53 with value: 0.21058992755646608.
2026-06-01 12:34:33 | INFO | Trial 104 | outer=1 | alpha=7.612e+04 n_pcs=5000 (pc_topk) weight={'name': 'uniform'}
[I 2026-06-01 12:34:40,923] Trial 104 finished with value: 0.20906866416507747 and parameters: {'alpha': 76117.83945671302, 'n_pcs': 5000, 'iw_method': 'uniform'}. Best is trial 53 with value: 0.21058992755646608.
2026-06-01 12:34:40 | INFO | Trial 105 | outer=1 | alpha=8.987e+04 n_pcs=4500 (pc_topk) weight={'name': 'uniform'}
[I 2026-06-01 12:34:46,936] Trial 105 finished with value: 0.2101694606063834 and parameters: {'alpha': 89867.18345726511, 'n_pcs': 4500, 'iw_method': 'uniform'}. Best is trial 53 with value: 0.21058992755646608.
2026-06-01 12:34:46 | INFO | Trial 106 | outer=1 | alpha=1.479e+05 n_pcs=4500 (pc_topk) weight={'name': 'uniform'}
[I 2026-06-01 12:34:52,949] Trial 106 finished with value: 0.20780476608069245 and parameters: {'alpha': 147895.46523476057, 'n_pcs': 4500, 'iw_method': 'uniform'}. Best is trial 53 with value: 0.21058992755646608.
2026-06-01 12:34:52 | INFO | Trial 107 | outer=1 | alpha=2.169e+05 n_pcs=4000 (pc_topk) weight={'name': 'uniform'}
[I 2026-06-01 12:34:58,075] Trial 107 finished with value: 0.2044939841986435 and parameters: {'alpha': 216921.11775926835, 'n_pcs': 4000, 'iw_method': 'uniform'}. Best is trial 53 with value: 0.21058992755646608.
2026-06-01 12:34:58 | INFO | Trial 108 | outer=1 | alpha=4.597e+06 n_pcs=5000 (pc_topk) weight={'name': 'uniform'}
[I 2026-06-01 12:35:05,169] Trial 108 finished with value: 0.18666822931186097 and parameters: {'alpha': 4596658.047104216, 'n_pcs': 5000, 'iw_method': 'uniform'}. Best is trial 53 with value: 0.21058992755646608.
2026-06-01 12:35:05 | INFO | Trial 109 | outer=1 | alpha=6.226e+04 n_pcs=4500 (pc_topk) weight={'name': 'uniform'}
[I 2026-06-01 12:35:11,299] Trial 109 finished with value: 0.210566646026178 and parameters: {'alpha': 62261.45598957047, 'n_pcs': 4500, 'iw_method': 'uniform'}. Best is trial 53 with value: 0.21058992755646608.
2026-06-01 12:35:11 | INFO | Trial 110 | outer=1 | alpha=3.530e+04 n_pcs=4500 (pc_topk) weight={'name': 'uniform'}
[I 2026-06-01 12:35:17,305] Trial 110 finished with value: 0.20842486240894922 and parameters: {'alpha': 35298.72647025215, 'n_pcs': 4500, 'iw_method': 'uniform'}. Best is trial 53 with value: 0.21058992755646608.
2026-06-01 12:35:17 | INFO | Trial 111 | outer=1 | alpha=6.570e+04 n_pcs=4500 (pc_topk) weight={'name': 'uniform'}
[I 2026-06-01 12:35:23,310] Trial 111 finished with value: 0.21059066505399224 and parameters: {'alpha': 65702.8800780798, 'n_pcs': 4500, 'iw_method': 'uniform'}. Best is trial 111 with value: 0.21059066505399224.
2026-06-01 12:35:23 | INFO | Trial 112 | outer=1 | alpha=6.327e+04 n_pcs=4500 (pc_topk) weight={'name': 'uniform'}
[I 2026-06-01 12:35:29,323] Trial 112 finished with value: 0.21057694052105985 and parameters: {'alpha': 63269.71337405148, 'n_pcs': 4500, 'iw_method': 'uniform'}. Best is trial 111 with value: 0.21059066505399224.
2026-06-01 12:35:29 | INFO | Trial 113 | outer=1 | alpha=6.728e+04 n_pcs=4500 (pc_topk) weight={'name': 'uniform'}
[I 2026-06-01 12:35:35,534] Trial 113 finished with value: 0.2105919804468522 and parameters: {'alpha': 67280.83008531529, 'n_pcs': 4500, 'iw_method': 'uniform'}. Best is trial 113 with value: 0.2105919804468522.
2026-06-01 12:35:35 | INFO | Trial 114 | outer=1 | alpha=6.968e+04 n_pcs=4500 (pc_topk) weight={'name': 'uniform'}
[I 2026-06-01 12:35:41,659] Trial 114 finished with value: 0.210583528004029 and parameters: {'alpha': 69684.28189894979, 'n_pcs': 4500, 'iw_method': 'uniform'}. Best is trial 113 with value: 0.2105919804468522.
2026-06-01 12:35:41 | INFO | Trial 115 | outer=1 | alpha=1.103e+05 n_pcs=5000 (pc_topk) weight={'name': 'uniform'}
[I 2026-06-01 12:35:48,763] Trial 115 finished with value: 0.20812074155818605 and parameters: {'alpha': 110278.26619779538, 'n_pcs': 5000, 'iw_method': 'uniform'}. Best is trial 113 with value: 0.2105919804468522.
2026-06-01 12:35:48 | INFO | Trial 116 | outer=1 | alpha=7.250e+04 n_pcs=4000 (pc_topk) weight={'name': 'uniform'}
[I 2026-06-01 12:35:53,640] Trial 116 finished with value: 0.20916456188430693 and parameters: {'alpha': 72495.7874020381, 'n_pcs': 4000, 'iw_method': 'uniform'}. Best is trial 113 with value: 0.2105919804468522.
2026-06-01 12:35:53 | INFO | Trial 117 | outer=1 | alpha=4.072e+04 n_pcs=4500 (pc_topk) weight={'name': 'pc_logistic', 'floor': 1e-06, 'clip_max': 4.0, 'prob_clip': 0.007058327803830238, 'n_components': 100, 'logistic_c': 0.006078113268424164, 'pca_fit': 'combined', 'solver': 'lbfgs', 'max_iter': 2000, 'fit_intercept': True, 'standardize_with_source': True, 'rho': 0.85}
[I 2026-06-01 12:36:15,051] Trial 117 finished with value: 0.19747903439473913 and parameters: {'alpha': 40720.792648623894, 'n_pcs': 4500, 'iw_method': 'pc_logistic', 'iw_clip_max': 4.0, 'iw_prob_clip': 0.007058327803830238, 'iw_n_components': 100, 'iw_logistic_c': 0.006078113268424164, 'iw_pca_fit': 'combined', 'iw_solver': 'lbfgs', 'iw_rho': 0.85}. Best is trial 113 with value: 0.2105919804468522.
2026-06-01 12:36:15 | INFO | Trial 118 | outer=1 | alpha=1.004e+05 n_pcs=4000 (pc_topk) weight={'name': 'uniform'}
[I 2026-06-01 12:36:20,639] Trial 118 finished with value: 0.20877207267841208 and parameters: {'alpha': 100427.50619672309, 'n_pcs': 4000, 'iw_method': 'uniform'}. Best is trial 113 with value: 0.2105919804468522.
2026-06-01 12:36:20 | INFO | Trial 119 | outer=1 | alpha=6.847e+04 n_pcs=4500 (pc_topk) weight={'name': 'uniform'}
[I 2026-06-01 12:36:26,770] Trial 119 finished with value: 0.2105893286008195 and parameters: {'alpha': 68465.9711375499, 'n_pcs': 4500, 'iw_method': 'uniform'}. Best is trial 113 with value: 0.2105919804468522.
2026-06-01 12:36:26 | INFO | Trial 120 | outer=1 | alpha=6.638e+04 n_pcs=5000 (pc_topk) weight={'name': 'uniform'}
[I 2026-06-01 12:36:33,862] Trial 120 finished with value: 0.20909544127851704 and parameters: {'alpha': 66380.50981004203, 'n_pcs': 5000, 'iw_method': 'uniform'}. Best is trial 113 with value: 0.2105919804468522.
2026-06-01 12:36:33 | INFO | Trial 121 | outer=1 | alpha=4.731e+04 n_pcs=4500 (pc_topk) weight={'name': 'uniform'}
[I 2026-06-01 12:36:40,038] Trial 121 finished with value: 0.20997188345315942 and parameters: {'alpha': 47312.109215724224, 'n_pcs': 4500, 'iw_method': 'uniform'}. Best is trial 113 with value: 0.2105919804468522.
2026-06-01 12:36:40 | INFO | Trial 122 | outer=1 | alpha=7.030e+04 n_pcs=4500 (pc_topk) weight={'name': 'uniform'}
[I 2026-06-01 12:36:46,012] Trial 122 finished with value: 0.21057953103568433 and parameters: {'alpha': 70299.38586436085, 'n_pcs': 4500, 'iw_method': 'uniform'}. Best is trial 113 with value: 0.2105919804468522.
2026-06-01 12:36:46 | INFO | Trial 123 | outer=1 | alpha=8.880e+04 n_pcs=3000 (pc_topk) weight={'name': 'uniform'}
[I 2026-06-01 12:36:49,270] Trial 123 finished with value: 0.20963639723026523 and parameters: {'alpha': 88803.89465109231, 'n_pcs': 3000, 'iw_method': 'uniform'}. Best is trial 113 with value: 0.2105919804468522.
2026-06-01 12:36:49 | INFO | Trial 124 | outer=1 | alpha=1.213e+05 n_pcs=4500 (pc_topk) weight={'name': 'uniform'}
[I 2026-06-01 12:36:55,320] Trial 124 finished with value: 0.20896206257309421 and parameters: {'alpha': 121262.0277541317, 'n_pcs': 4500, 'iw_method': 'uniform'}. Best is trial 113 with value: 0.2105919804468522.
2026-06-01 12:36:55 | INFO | Trial 125 | outer=1 | alpha=3.829e+04 n_pcs=4500 (pc_topk) weight={'name': 'uniform'}
[I 2026-06-01 12:37:01,265] Trial 125 finished with value: 0.20895154276298986 and parameters: {'alpha': 38287.7419247257, 'n_pcs': 4500, 'iw_method': 'uniform'}. Best is trial 113 with value: 0.2105919804468522.
2026-06-01 12:37:01 | INFO | Trial 126 | outer=1 | alpha=1.701e+05 n_pcs=4500 (pc_topk) weight={'name': 'uniform'}
[I 2026-06-01 12:37:07,229] Trial 126 finished with value: 0.20685346067680105 and parameters: {'alpha': 170085.74205401514, 'n_pcs': 4500, 'iw_method': 'uniform'}. Best is trial 113 with value: 0.2105919804468522.
2026-06-01 12:37:07 | INFO | Trial 127 | outer=1 | alpha=6.312e+04 n_pcs=4500 (pc_topk) weight={'name': 'uniform'}
[I 2026-06-01 12:37:13,204] Trial 127 finished with value: 0.21057553983908509 and parameters: {'alpha': 63116.196247669985, 'n_pcs': 4500, 'iw_method': 'uniform'}. Best is trial 113 with value: 0.2105919804468522.
2026-06-01 12:37:13 | INFO | Trial 128 | outer=1 | alpha=2.614e+04 n_pcs=4500 (pc_topk) weight={'name': 'uniform'}
[I 2026-06-01 12:37:19,194] Trial 128 finished with value: 0.20580599195613317 and parameters: {'alpha': 26138.966246084627, 'n_pcs': 4500, 'iw_method': 'uniform'}. Best is trial 113 with value: 0.2105919804468522.
2026-06-01 12:37:19 | INFO | Trial 129 | outer=1 | alpha=6.341e+04 n_pcs=5000 (pc_topk) weight={'name': 'uniform'}
[I 2026-06-01 12:37:26,325] Trial 129 finished with value: 0.2090623675889666 and parameters: {'alpha': 63414.78215088767, 'n_pcs': 5000, 'iw_method': 'uniform'}. Best is trial 113 with value: 0.2105919804468522.
2026-06-01 12:37:26 | INFO | Trial 130 | outer=1 | alpha=4.745e+04 n_pcs=4000 (pc_topk) weight={'name': 'uniform'}
[I 2026-06-01 12:37:31,243] Trial 130 finished with value: 0.20794319657063637 and parameters: {'alpha': 47446.913658901365, 'n_pcs': 4000, 'iw_method': 'uniform'}. Best is trial 113 with value: 0.2105919804468522.
2026-06-01 12:37:31 | INFO | Trial 131 | outer=1 | alpha=6.897e+04 n_pcs=4500 (pc_topk) weight={'name': 'uniform'}
[I 2026-06-01 12:37:37,289] Trial 131 finished with value: 0.21058734350650124 and parameters: {'alpha': 68969.93087135043, 'n_pcs': 4500, 'iw_method': 'uniform'}. Best is trial 113 with value: 0.2105919804468522.
2026-06-01 12:37:37 | INFO | Trial 132 | outer=1 | alpha=6.385e+04 n_pcs=4500 (pc_topk) weight={'name': 'uniform'}
[I 2026-06-01 12:37:43,315] Trial 132 finished with value: 0.21058159486493394 and parameters: {'alpha': 63853.346597929434, 'n_pcs': 4500, 'iw_method': 'uniform'}. Best is trial 113 with value: 0.2105919804468522.
2026-06-01 12:37:43 | INFO | Trial 133 | outer=1 | alpha=9.777e+04 n_pcs=4500 (pc_topk) weight={'name': 'uniform'}
[I 2026-06-01 12:37:49,284] Trial 133 finished with value: 0.2099030717354542 and parameters: {'alpha': 97772.53743600595, 'n_pcs': 4500, 'iw_method': 'uniform'}. Best is trial 113 with value: 0.2105919804468522.
2026-06-01 12:37:49 | INFO | Trial 134 | outer=1 | alpha=6.304e+04 n_pcs=4500 (pc_topk) weight={'name': 'uniform'}
[I 2026-06-01 12:37:55,261] Trial 134 finished with value: 0.210574875382032 and parameters: {'alpha': 63042.27698163282, 'n_pcs': 4500, 'iw_method': 'uniform'}. Best is trial 113 with value: 0.2105919804468522.
2026-06-01 12:37:55 | INFO | Trial 135 | outer=1 | alpha=3.461e+04 n_pcs=4500 (pc_topk) weight={'name': 'uniform'}
[I 2026-06-01 12:38:01,215] Trial 135 finished with value: 0.20828607322369047 and parameters: {'alpha': 34611.776020456084, 'n_pcs': 4500, 'iw_method': 'uniform'}. Best is trial 113 with value: 0.2105919804468522.
2026-06-01 12:38:01 | INFO | Trial 136 | outer=1 | alpha=5.264e+04 n_pcs=4500 (pc_topk) weight={'name': 'uniform'}
[I 2026-06-01 12:38:07,267] Trial 136 finished with value: 0.2102985810001839 and parameters: {'alpha': 52638.242757546555, 'n_pcs': 4500, 'iw_method': 'uniform'}. Best is trial 113 with value: 0.2105919804468522.
2026-06-01 12:38:07 | INFO | Trial 137 | outer=1 | alpha=4.323e+04 n_pcs=4500 (pc_topk) weight={'name': 'uniform'}
[I 2026-06-01 12:38:13,378] Trial 137 finished with value: 0.20959862688577457 and parameters: {'alpha': 43233.872336453715, 'n_pcs': 4500, 'iw_method': 'uniform'}. Best is trial 113 with value: 0.2105919804468522.
2026-06-01 12:38:13 | INFO | Trial 138 | outer=1 | alpha=1.385e+05 n_pcs=4000 (pc_topk) weight={'name': 'uniform'}
[I 2026-06-01 12:38:18,729] Trial 138 finished with value: 0.20744763379132786 and parameters: {'alpha': 138528.1368491405, 'n_pcs': 4000, 'iw_method': 'uniform'}. Best is trial 113 with value: 0.2105919804468522.
2026-06-01 12:38:18 | INFO | Trial 139 | outer=1 | alpha=3.079e+04 n_pcs=2500 (pc_topk) weight={'name': 'pc_logistic', 'floor': 1e-06, 'clip_max': 7.0, 'prob_clip': 0.002778801472674218, 'n_components': 10, 'logistic_c': 2.048481055391478e-06, 'pca_fit': 'combined', 'solver': 'lbfgs', 'max_iter': 2000, 'fit_intercept': True, 'standardize_with_source': True, 'rho': 0.5}
[I 2026-06-01 12:38:26,082] Trial 139 finished with value: 0.20984764931926456 and parameters: {'alpha': 30786.162489242648, 'n_pcs': 2500, 'iw_method': 'pc_logistic', 'iw_clip_max': 7.0, 'iw_prob_clip': 0.002778801472674218, 'iw_n_components': 10, 'iw_logistic_c': 2.048481055391478e-06, 'iw_pca_fit': 'combined', 'iw_solver': 'lbfgs', 'iw_rho': 0.5}. Best is trial 113 with value: 0.2105919804468522.
2026-06-01 12:38:26 | INFO | Trial 140 | outer=1 | alpha=6.551e+04 n_pcs=4500 (pc_topk) weight={'name': 'uniform'}
[I 2026-06-01 12:38:32,085] Trial 140 finished with value: 0.21059013426773027 and parameters: {'alpha': 65506.96668556804, 'n_pcs': 4500, 'iw_method': 'uniform'}. Best is trial 113 with value: 0.2105919804468522.
2026-06-01 12:38:32 | INFO | Trial 141 | outer=1 | alpha=6.268e+04 n_pcs=4500 (pc_topk) weight={'name': 'uniform'}
[I 2026-06-01 12:38:38,095] Trial 141 finished with value: 0.21057123214985704 and parameters: {'alpha': 62678.5238006948, 'n_pcs': 4500, 'iw_method': 'uniform'}. Best is trial 113 with value: 0.2105919804468522.
2026-06-01 12:38:38 | INFO | Trial 142 | outer=1 | alpha=9.043e+04 n_pcs=4500 (pc_topk) weight={'name': 'uniform'}
[I 2026-06-01 12:38:44,113] Trial 142 finished with value: 0.2101518986672526 and parameters: {'alpha': 90428.07747150338, 'n_pcs': 4500, 'iw_method': 'uniform'}. Best is trial 113 with value: 0.2105919804468522.
2026-06-01 12:38:44 | INFO | Trial 143 | outer=1 | alpha=6.811e+04 n_pcs=4500 (pc_topk) weight={'name': 'uniform'}
[I 2026-06-01 12:38:50,155] Trial 143 finished with value: 0.21059046392304076 and parameters: {'alpha': 68105.64922984714, 'n_pcs': 4500, 'iw_method': 'uniform'}. Best is trial 113 with value: 0.2105919804468522.
2026-06-01 12:38:50 | INFO | Trial 144 | outer=1 | alpha=5.072e+04 n_pcs=5000 (pc_topk) weight={'name': 'uniform'}
[I 2026-06-01 12:38:57,269] Trial 144 finished with value: 0.20858552439458258 and parameters: {'alpha': 50724.694729324205, 'n_pcs': 5000, 'iw_method': 'uniform'}. Best is trial 113 with value: 0.2105919804468522.
2026-06-01 12:38:57 | INFO | Trial 145 | outer=1 | alpha=1.073e+05 n_pcs=4500 (pc_topk) weight={'name': 'uniform'}
[I 2026-06-01 12:39:03,238] Trial 145 finished with value: 0.20953990740997486 and parameters: {'alpha': 107320.66499780328, 'n_pcs': 4500, 'iw_method': 'uniform'}. Best is trial 113 with value: 0.2105919804468522.
2026-06-01 12:39:03 | INFO | Trial 146 | outer=1 | alpha=7.159e+04 n_pcs=4500 (pc_topk) weight={'name': 'uniform'}
[I 2026-06-01 12:39:09,214] Trial 146 finished with value: 0.21056883120292302 and parameters: {'alpha': 71588.11872482982, 'n_pcs': 4500, 'iw_method': 'uniform'}. Best is trial 113 with value: 0.2105919804468522.
2026-06-01 12:39:09 | INFO | Trial 147 | outer=1 | alpha=8.150e+04 n_pcs=4500 (pc_topk) weight={'name': 'uniform'}
[I 2026-06-01 12:39:15,191] Trial 147 finished with value: 0.21039991572640382 and parameters: {'alpha': 81502.68263578022, 'n_pcs': 4500, 'iw_method': 'uniform'}. Best is trial 113 with value: 0.2105919804468522.
2026-06-01 12:39:15 | INFO | Trial 148 | outer=1 | alpha=4.229e+04 n_pcs=4000 (pc_topk) weight={'name': 'uniform'}
[I 2026-06-01 12:39:20,221] Trial 148 finished with value: 0.2072390387652757 and parameters: {'alpha': 42291.76329699283, 'n_pcs': 4000, 'iw_method': 'uniform'}. Best is trial 113 with value: 0.2105919804468522.
2026-06-01 12:39:20 | INFO | Trial 149 | outer=1 | alpha=5.356e+04 n_pcs=5000 (pc_topk) weight={'name': 'uniform'}
[I 2026-06-01 12:39:27,357] Trial 149 finished with value: 0.2087507431243311 and parameters: {'alpha': 53557.73643757701, 'n_pcs': 5000, 'iw_method': 'uniform'}. Best is trial 113 with value: 0.2105919804468522.
2026-06-01 12:39:27 | INFO | Trial 150 | outer=1 | alpha=6.824e+04 n_pcs=4500 (pc_topk) weight={'name': 'uniform'}
[I 2026-06-01 12:39:33,454] Trial 150 finished with value: 0.21059012954159254 and parameters: {'alpha': 68235.00651829323, 'n_pcs': 4500, 'iw_method': 'uniform'}. Best is trial 113 with value: 0.2105919804468522.
2026-06-01 12:39:33 | INFO | Trial 151 | outer=1 | alpha=6.611e+04 n_pcs=4500 (pc_topk) weight={'name': 'uniform'}
[I 2026-06-01 12:39:39,484] Trial 151 finished with value: 0.21059158207871667 and parameters: {'alpha': 66108.14486145852, 'n_pcs': 4500, 'iw_method': 'uniform'}. Best is trial 113 with value: 0.2105919804468522.
2026-06-01 12:39:39 | INFO | Trial 152 | outer=1 | alpha=8.353e+04 n_pcs=4500 (pc_topk) weight={'name': 'uniform'}
[I 2026-06-01 12:39:45,612] Trial 152 finished with value: 0.21035007741151132 and parameters: {'alpha': 83529.90655609059, 'n_pcs': 4500, 'iw_method': 'uniform'}. Best is trial 113 with value: 0.2105919804468522.
2026-06-01 12:39:45 | INFO | Trial 153 | outer=1 | alpha=7.007e+04 n_pcs=1500 (pc_topk) weight={'name': 'uniform'}
[I 2026-06-01 12:39:48,414] Trial 153 finished with value: 0.1958593717020231 and parameters: {'alpha': 70065.91126913301, 'n_pcs': 1500, 'iw_method': 'uniform'}. Best is trial 113 with value: 0.2105919804468522.
2026-06-01 12:39:48 | INFO | Trial 154 | outer=1 | alpha=1.163e+05 n_pcs=4500 (pc_topk) weight={'name': 'uniform'}
[I 2026-06-01 12:39:54,480] Trial 154 finished with value: 0.20917248207802902 and parameters: {'alpha': 116290.4978034657, 'n_pcs': 4500, 'iw_method': 'uniform'}. Best is trial 113 with value: 0.2105919804468522.
2026-06-01 12:39:54 | INFO | Trial 155 | outer=1 | alpha=9.289e+04 n_pcs=4500 (pc_topk) weight={'name': 'uniform'}
[I 2026-06-01 12:40:00,478] Trial 155 finished with value: 0.21007223840853428 and parameters: {'alpha': 92888.79049465402, 'n_pcs': 4500, 'iw_method': 'uniform'}. Best is trial 113 with value: 0.2105919804468522.
2026-06-01 12:40:00 | INFO | Trial 156 | outer=1 | alpha=4.808e+04 n_pcs=4500 (pc_topk) weight={'name': 'uniform'}
[I 2026-06-01 12:40:06,471] Trial 156 finished with value: 0.21002894081924559 and parameters: {'alpha': 48077.01280200752, 'n_pcs': 4500, 'iw_method': 'uniform'}. Best is trial 113 with value: 0.2105919804468522.
2026-06-01 12:40:06 | INFO | Trial 157 | outer=1 | alpha=6.905e+04 n_pcs=4500 (pc_topk) weight={'name': 'uniform'}
[I 2026-06-01 12:40:12,473] Trial 157 finished with value: 0.21058692438632928 and parameters: {'alpha': 69050.41179491322, 'n_pcs': 4500, 'iw_method': 'uniform'}. Best is trial 113 with value: 0.2105919804468522.
2026-06-01 12:40:12 | INFO | Trial 158 | outer=1 | alpha=3.901e+04 n_pcs=4500 (pc_topk) weight={'name': 'uniform'}
[I 2026-06-01 12:40:18,507] Trial 158 finished with value: 0.2090626485033341 and parameters: {'alpha': 39014.533622843475, 'n_pcs': 4500, 'iw_method': 'uniform'}. Best is trial 113 with value: 0.2105919804468522.
2026-06-01 12:40:18 | INFO | Trial 159 | outer=1 | alpha=7.911e+04 n_pcs=4000 (pc_topk) weight={'name': 'uniform'}
[I 2026-06-01 12:40:23,406] Trial 159 finished with value: 0.20916470684944563 and parameters: {'alpha': 79111.6850362135, 'n_pcs': 4000, 'iw_method': 'uniform'}. Best is trial 113 with value: 0.2105919804468522.
2026-06-01 12:40:23 | INFO | Trial 160 | outer=1 | alpha=5.422e+04 n_pcs=4500 (pc_topk) weight={'name': 'uniform'}
[I 2026-06-01 12:40:29,507] Trial 160 finished with value: 0.21036725502500614 and parameters: {'alpha': 54215.44315088975, 'n_pcs': 4500, 'iw_method': 'uniform'}. Best is trial 113 with value: 0.2105919804468522.
2026-06-01 12:40:29 | INFO | Trial 161 | outer=1 | alpha=6.676e+04 n_pcs=4500 (pc_topk) weight={'name': 'uniform'}
[I 2026-06-01 12:40:35,625] Trial 161 finished with value: 0.21059216676702755 and parameters: {'alpha': 66757.69359929337, 'n_pcs': 4500, 'iw_method': 'uniform'}. Best is trial 161 with value: 0.21059216676702755.
2026-06-01 12:40:35 | INFO | Trial 162 | outer=1 | alpha=7.232e+04 n_pcs=4500 (pc_topk) weight={'name': 'uniform'}
[I 2026-06-01 12:40:41,596] Trial 162 finished with value: 0.2105614741538205 and parameters: {'alpha': 72317.2234102615, 'n_pcs': 4500, 'iw_method': 'uniform'}. Best is trial 161 with value: 0.21059216676702755.
2026-06-01 12:40:41 | INFO | Trial 163 | outer=1 | alpha=9.565e+04 n_pcs=4500 (pc_topk) weight={'name': 'uniform'}
[I 2026-06-01 12:40:47,564] Trial 163 finished with value: 0.20997835296591044 and parameters: {'alpha': 95647.31586226933, 'n_pcs': 4500, 'iw_method': 'uniform'}. Best is trial 161 with value: 0.21059216676702755.
2026-06-01 12:40:47 | INFO | Trial 164 | outer=1 | alpha=5.562e+04 n_pcs=4500 (pc_topk) weight={'name': 'uniform'}
[I 2026-06-01 12:40:53,545] Trial 164 finished with value: 0.210419149275747 and parameters: {'alpha': 55615.26933681827, 'n_pcs': 4500, 'iw_method': 'uniform'}. Best is trial 161 with value: 0.21059216676702755.
2026-06-01 12:40:53 | INFO | Trial 165 | outer=1 | alpha=1.086e+05 n_pcs=4500 (pc_topk) weight={'name': 'uniform'}
[I 2026-06-01 12:40:59,630] Trial 165 finished with value: 0.20948745308466704 and parameters: {'alpha': 108631.34546649641, 'n_pcs': 4500, 'iw_method': 'uniform'}. Best is trial 161 with value: 0.21059216676702755.
2026-06-01 12:40:59 | INFO | Trial 166 | outer=1 | alpha=6.861e+04 n_pcs=4500 (pc_topk) weight={'name': 'uniform'}
[I 2026-06-01 12:41:05,637] Trial 166 finished with value: 0.21058883488765953 and parameters: {'alpha': 68608.82352581316, 'n_pcs': 4500, 'iw_method': 'uniform'}. Best is trial 161 with value: 0.21059216676702755.
2026-06-01 12:41:05 | INFO | Trial 167 | outer=1 | alpha=4.651e+04 n_pcs=5000 (pc_topk) weight={'name': 'pc_logistic', 'floor': 1e-06, 'clip_max': 2.5, 'prob_clip': 0.0010362855071665638, 'n_components': 40, 'logistic_c': 0.36860739818070826, 'pca_fit': 'combined', 'solver': 'lbfgs', 'max_iter': 2000, 'fit_intercept': True, 'standardize_with_source': True, 'rho': 0.3}
[I 2026-06-01 12:41:29,050] Trial 167 finished with value: 0.2114193767726614 and parameters: {'alpha': 46512.16213152105, 'n_pcs': 5000, 'iw_method': 'pc_logistic', 'iw_clip_max': 2.5, 'iw_prob_clip': 0.0010362855071665638, 'iw_n_components': 40, 'iw_logistic_c': 0.36860739818070826, 'iw_pca_fit': 'combined', 'iw_solver': 'lbfgs', 'iw_rho': 0.3}. Best is trial 167 with value: 0.2114193767726614.
2026-06-01 12:41:29 | INFO | Trial 168 | outer=1 | alpha=4.386e+04 n_pcs=5000 (pc_topk) weight={'name': 'uniform'}
[I 2026-06-01 12:41:36,127] Trial 168 finished with value: 0.2079841996718932 and parameters: {'alpha': 43864.067132391945, 'n_pcs': 5000, 'iw_method': 'uniform'}. Best is trial 167 with value: 0.2114193767726614.
2026-06-01 12:41:36 | INFO | Trial 169 | outer=1 | alpha=3.457e+04 n_pcs=5000 (pc_topk) weight={'name': 'uniform'}
[I 2026-06-01 12:41:43,228] Trial 169 finished with value: 0.20648239000215676 and parameters: {'alpha': 34571.09492204813, 'n_pcs': 5000, 'iw_method': 'uniform'}. Best is trial 167 with value: 0.2114193767726614.
2026-06-01 12:41:43 | INFO | Trial 170 | outer=1 | alpha=1.325e+05 n_pcs=5000 (pc_topk) weight={'name': 'pc_logistic', 'floor': 1e-06, 'clip_max': 2.5, 'prob_clip': 0.0009941612456579535, 'n_components': 40, 'logistic_c': 0.4586250376977688, 'pca_fit': 'combined', 'solver': 'lbfgs', 'max_iter': 2000, 'fit_intercept': True, 'standardize_with_source': True, 'rho': 0.3}
[I 2026-06-01 12:42:08,991] Trial 170 finished with value: 0.21489980085000857 and parameters: {'alpha': 132453.06312374354, 'n_pcs': 5000, 'iw_method': 'pc_logistic', 'iw_clip_max': 2.5, 'iw_prob_clip': 0.0009941612456579535, 'iw_n_components': 40, 'iw_logistic_c': 0.4586250376977688, 'iw_pca_fit': 'combined', 'iw_solver': 'lbfgs', 'iw_rho': 0.3}. Best is trial 170 with value: 0.21489980085000857.
2026-06-01 12:42:09 | INFO | Trial 171 | outer=1 | alpha=1.251e+05 n_pcs=5000 (pc_topk) weight={'name': 'pc_logistic', 'floor': 1e-06, 'clip_max': 2.5, 'prob_clip': 0.0010310804977030933, 'n_components': 40, 'logistic_c': 0.5564821422046634, 'pca_fit': 'combined', 'solver': 'lbfgs', 'max_iter': 2000, 'fit_intercept': True, 'standardize_with_source': True, 'rho': 0.3}
[I 2026-06-01 12:42:33,113] Trial 171 finished with value: 0.2150242451884865 and parameters: {'alpha': 125124.31423752276, 'n_pcs': 5000, 'iw_method': 'pc_logistic', 'iw_clip_max': 2.5, 'iw_prob_clip': 0.0010310804977030933, 'iw_n_components': 40, 'iw_logistic_c': 0.5564821422046634, 'iw_pca_fit': 'combined', 'iw_solver': 'lbfgs', 'iw_rho': 0.3}. Best is trial 171 with value: 0.2150242451884865.
2026-06-01 12:42:33 | INFO | Trial 172 | outer=1 | alpha=1.437e+05 n_pcs=5000 (pc_topk) weight={'name': 'pc_logistic', 'floor': 1e-06, 'clip_max': 2.5, 'prob_clip': 0.000968078442628826, 'n_components': 40, 'logistic_c': 0.5874894369618561, 'pca_fit': 'combined', 'solver': 'lbfgs', 'max_iter': 2000, 'fit_intercept': True, 'standardize_with_source': True, 'rho': 0.3}
[I 2026-06-01 12:42:57,029] Trial 172 finished with value: 0.21473342603348025 and parameters: {'alpha': 143658.01846433597, 'n_pcs': 5000, 'iw_method': 'pc_logistic', 'iw_clip_max': 2.5, 'iw_prob_clip': 0.000968078442628826, 'iw_n_components': 40, 'iw_logistic_c': 0.5874894369618561, 'iw_pca_fit': 'combined', 'iw_solver': 'lbfgs', 'iw_rho': 0.3}. Best is trial 171 with value: 0.2150242451884865.
2026-06-01 12:42:57 | INFO | Trial 173 | outer=1 | alpha=1.443e+05 n_pcs=5000 (pc_topk) weight={'name': 'pc_logistic', 'floor': 1e-06, 'clip_max': 2.5, 'prob_clip': 0.001018462863842829, 'n_components': 40, 'logistic_c': 0.5380991521204422, 'pca_fit': 'combined', 'solver': 'lbfgs', 'max_iter': 2000, 'fit_intercept': True, 'standardize_with_source': True, 'rho': 0.3}
[I 2026-06-01 12:43:21,161] Trial 173 finished with value: 0.21476766955648988 and parameters: {'alpha': 144276.1618247026, 'n_pcs': 5000, 'iw_method': 'pc_logistic', 'iw_clip_max': 2.5, 'iw_prob_clip': 0.001018462863842829, 'iw_n_components': 40, 'iw_logistic_c': 0.5380991521204422, 'iw_pca_fit': 'combined', 'iw_solver': 'lbfgs', 'iw_rho': 0.3}. Best is trial 171 with value: 0.2150242451884865.
2026-06-01 12:43:21 | INFO | Trial 174 | outer=1 | alpha=1.633e+05 n_pcs=5000 (pc_topk) weight={'name': 'pc_logistic', 'floor': 1e-06, 'clip_max': 2.5, 'prob_clip': 0.001107161368459981, 'n_components': 40, 'logistic_c': 0.4896649919827191, 'pca_fit': 'combined', 'solver': 'lbfgs', 'max_iter': 2000, 'fit_intercept': True, 'standardize_with_source': True, 'rho': 0.3}
[I 2026-06-01 12:43:45,590] Trial 174 finished with value: 0.2144870953271941 and parameters: {'alpha': 163335.3692407323, 'n_pcs': 5000, 'iw_method': 'pc_logistic', 'iw_clip_max': 2.5, 'iw_prob_clip': 0.001107161368459981, 'iw_n_components': 40, 'iw_logistic_c': 0.4896649919827191, 'iw_pca_fit': 'combined', 'iw_solver': 'lbfgs', 'iw_rho': 0.3}. Best is trial 171 with value: 0.2150242451884865.
2026-06-01 12:43:45 | INFO | Trial 175 | outer=1 | alpha=1.662e+05 n_pcs=5000 (pc_topk) weight={'name': 'pc_logistic', 'floor': 1e-06, 'clip_max': 2.5, 'prob_clip': 0.0010458395086430587, 'n_components': 40, 'logistic_c': 0.5784157327699376, 'pca_fit': 'combined', 'solver': 'lbfgs', 'max_iter': 2000, 'fit_intercept': True, 'standardize_with_source': True, 'rho': 0.3}
[I 2026-06-01 12:44:10,991] Trial 175 finished with value: 0.21437058851234045 and parameters: {'alpha': 166173.58571230428, 'n_pcs': 5000, 'iw_method': 'pc_logistic', 'iw_clip_max': 2.5, 'iw_prob_clip': 0.0010458395086430587, 'iw_n_components': 40, 'iw_logistic_c': 0.5784157327699376, 'iw_pca_fit': 'combined', 'iw_solver': 'lbfgs', 'iw_rho': 0.3}. Best is trial 171 with value: 0.2150242451884865.
2026-06-01 12:44:11 | INFO | Trial 176 | outer=1 | alpha=2.473e+05 n_pcs=5000 (pc_topk) weight={'name': 'pc_logistic', 'floor': 1e-06, 'clip_max': 2.5, 'prob_clip': 0.0010642146273630202, 'n_components': 40, 'logistic_c': 0.6628838729911044, 'pca_fit': 'combined', 'solver': 'lbfgs', 'max_iter': 2000, 'fit_intercept': True, 'standardize_with_source': True, 'rho': 0.3}
[I 2026-06-01 12:44:34,627] Trial 176 finished with value: 0.2124089957480403 and parameters: {'alpha': 247274.54448863043, 'n_pcs': 5000, 'iw_method': 'pc_logistic', 'iw_clip_max': 2.5, 'iw_prob_clip': 0.0010642146273630202, 'iw_n_components': 40, 'iw_logistic_c': 0.6628838729911044, 'iw_pca_fit': 'combined', 'iw_solver': 'lbfgs', 'iw_rho': 0.3}. Best is trial 171 with value: 0.2150242451884865.
2026-06-01 12:44:34 | INFO | Trial 177 | outer=1 | alpha=1.915e+05 n_pcs=5000 (pc_topk) weight={'name': 'pc_logistic', 'floor': 1e-06, 'clip_max': 2.5, 'prob_clip': 0.0010445641501884032, 'n_components': 40, 'logistic_c': 0.5316648277155079, 'pca_fit': 'combined', 'solver': 'lbfgs', 'max_iter': 2000, 'fit_intercept': True, 'standardize_with_source': True, 'rho': 0.3}
[I 2026-06-01 12:44:58,962] Trial 177 finished with value: 0.21378998027369467 and parameters: {'alpha': 191463.44193198739, 'n_pcs': 5000, 'iw_method': 'pc_logistic', 'iw_clip_max': 2.5, 'iw_prob_clip': 0.0010445641501884032, 'iw_n_components': 40, 'iw_logistic_c': 0.5316648277155079, 'iw_pca_fit': 'combined', 'iw_solver': 'lbfgs', 'iw_rho': 0.3}. Best is trial 171 with value: 0.2150242451884865.
2026-06-01 12:44:58 | INFO | Trial 178 | outer=1 | alpha=2.605e+05 n_pcs=5000 (pc_topk) weight={'name': 'pc_logistic', 'floor': 1e-06, 'clip_max': 2.5, 'prob_clip': 0.0010540336733872255, 'n_components': 40, 'logistic_c': 0.4510276322852889, 'pca_fit': 'combined', 'solver': 'lbfgs', 'max_iter': 2000, 'fit_intercept': True, 'standardize_with_source': True, 'rho': 0.3}
[I 2026-06-01 12:45:23,153] Trial 178 finished with value: 0.2119900686916376 and parameters: {'alpha': 260465.8653526949, 'n_pcs': 5000, 'iw_method': 'pc_logistic', 'iw_clip_max': 2.5, 'iw_prob_clip': 0.0010540336733872255, 'iw_n_components': 40, 'iw_logistic_c': 0.4510276322852889, 'iw_pca_fit': 'combined', 'iw_solver': 'lbfgs', 'iw_rho': 0.3}. Best is trial 171 with value: 0.2150242451884865.
2026-06-01 12:45:23 | INFO | Trial 179 | outer=1 | alpha=3.081e+05 n_pcs=5000 (pc_topk) weight={'name': 'pc_logistic', 'floor': 1e-06, 'clip_max': 2.5, 'prob_clip': 0.0010655601255819664, 'n_components': 40, 'logistic_c': 0.47135395345756426, 'pca_fit': 'combined', 'solver': 'lbfgs', 'max_iter': 2000, 'fit_intercept': True, 'standardize_with_source': True, 'rho': 0.3}
[I 2026-06-01 12:45:47,557] Trial 179 finished with value: 0.21080311214931205 and parameters: {'alpha': 308050.9168566058, 'n_pcs': 5000, 'iw_method': 'pc_logistic', 'iw_clip_max': 2.5, 'iw_prob_clip': 0.0010655601255819664, 'iw_n_components': 40, 'iw_logistic_c': 0.47135395345756426, 'iw_pca_fit': 'combined', 'iw_solver': 'lbfgs', 'iw_rho': 0.3}. Best is trial 171 with value: 0.2150242451884865.
2026-06-01 12:45:47 | INFO | Trial 180 | outer=1 | alpha=3.621e+05 n_pcs=5000 (pc_topk) weight={'name': 'pc_logistic', 'floor': 1e-06, 'clip_max': 2.5, 'prob_clip': 0.0010452978492188885, 'n_components': 40, 'logistic_c': 0.5183414357492305, 'pca_fit': 'combined', 'solver': 'lbfgs', 'max_iter': 2000, 'fit_intercept': True, 'standardize_with_source': True, 'rho': 0.3}
[I 2026-06-01 12:46:11,967] Trial 180 finished with value: 0.20952637147668018 and parameters: {'alpha': 362148.9935446203, 'n_pcs': 5000, 'iw_method': 'pc_logistic', 'iw_clip_max': 2.5, 'iw_prob_clip': 0.0010452978492188885, 'iw_n_components': 40, 'iw_logistic_c': 0.5183414357492305, 'iw_pca_fit': 'combined', 'iw_solver': 'lbfgs', 'iw_rho': 0.3}. Best is trial 171 with value: 0.2150242451884865.
2026-06-01 12:46:11 | INFO | Trial 181 | outer=1 | alpha=2.977e+05 n_pcs=5000 (pc_topk) weight={'name': 'pc_logistic', 'floor': 1e-06, 'clip_max': 2.5, 'prob_clip': 0.0010357734183938897, 'n_components': 40, 'logistic_c': 0.5307859768040233, 'pca_fit': 'combined', 'solver': 'lbfgs', 'max_iter': 2000, 'fit_intercept': True, 'standardize_with_source': True, 'rho': 0.3}
[I 2026-06-01 12:46:36,318] Trial 181 finished with value: 0.2110717432826291 and parameters: {'alpha': 297713.75500145316, 'n_pcs': 5000, 'iw_method': 'pc_logistic', 'iw_clip_max': 2.5, 'iw_prob_clip': 0.0010357734183938897, 'iw_n_components': 40, 'iw_logistic_c': 0.5307859768040233, 'iw_pca_fit': 'combined', 'iw_solver': 'lbfgs', 'iw_rho': 0.3}. Best is trial 171 with value: 0.2150242451884865.
2026-06-01 12:46:36 | INFO | Trial 182 | outer=1 | alpha=2.870e+05 n_pcs=5000 (pc_topk) weight={'name': 'pc_logistic', 'floor': 1e-06, 'clip_max': 2.5, 'prob_clip': 0.0010308463452636436, 'n_components': 40, 'logistic_c': 0.5249792200610609, 'pca_fit': 'combined', 'solver': 'lbfgs', 'max_iter': 2000, 'fit_intercept': True, 'standardize_with_source': True, 'rho': 0.3}
[I 2026-06-01 12:47:01,105] Trial 182 finished with value: 0.21131237132309227 and parameters: {'alpha': 286967.0808107264, 'n_pcs': 5000, 'iw_method': 'pc_logistic', 'iw_clip_max': 2.5, 'iw_prob_clip': 0.0010308463452636436, 'iw_n_components': 40, 'iw_logistic_c': 0.5249792200610609, 'iw_pca_fit': 'combined', 'iw_solver': 'lbfgs', 'iw_rho': 0.3}. Best is trial 171 with value: 0.2150242451884865.
2026-06-01 12:47:01 | INFO | Trial 183 | outer=1 | alpha=3.059e+05 n_pcs=5000 (pc_topk) weight={'name': 'pc_logistic', 'floor': 1e-06, 'clip_max': 2.5, 'prob_clip': 0.0010133525849758932, 'n_components': 40, 'logistic_c': 0.515152953684677, 'pca_fit': 'combined', 'solver': 'lbfgs', 'max_iter': 2000, 'fit_intercept': True, 'standardize_with_source': True, 'rho': 0.3}
[I 2026-06-01 12:47:25,066] Trial 183 finished with value: 0.2108039416095318 and parameters: {'alpha': 305897.11656120565, 'n_pcs': 5000, 'iw_method': 'pc_logistic', 'iw_clip_max': 2.5, 'iw_prob_clip': 0.0010133525849758932, 'iw_n_components': 40, 'iw_logistic_c': 0.515152953684677, 'iw_pca_fit': 'combined', 'iw_solver': 'lbfgs', 'iw_rho': 0.3}. Best is trial 171 with value: 0.2150242451884865.
2026-06-01 12:47:25 | INFO | Trial 184 | outer=1 | alpha=2.781e+05 n_pcs=5000 (pc_topk) weight={'name': 'pc_logistic', 'floor': 1e-06, 'clip_max': 2.5, 'prob_clip': 0.0010134839926988848, 'n_components': 40, 'logistic_c': 0.5356665495928514, 'pca_fit': 'combined', 'solver': 'lbfgs', 'max_iter': 2000, 'fit_intercept': True, 'standardize_with_source': True, 'rho': 0.3}
[I 2026-06-01 12:47:50,419] Trial 184 finished with value: 0.2115359519606975 and parameters: {'alpha': 278108.7062575409, 'n_pcs': 5000, 'iw_method': 'pc_logistic', 'iw_clip_max': 2.5, 'iw_prob_clip': 0.0010134839926988848, 'iw_n_components': 40, 'iw_logistic_c': 0.5356665495928514, 'iw_pca_fit': 'combined', 'iw_solver': 'lbfgs', 'iw_rho': 0.3}. Best is trial 171 with value: 0.2150242451884865.
2026-06-01 12:47:50 | INFO | Trial 185 | outer=1 | alpha=2.791e+05 n_pcs=5000 (pc_topk) weight={'name': 'pc_logistic', 'floor': 1e-06, 'clip_max': 2.5, 'prob_clip': 0.0010382319806479666, 'n_components': 40, 'logistic_c': 0.530517215024096, 'pca_fit': 'combined', 'solver': 'lbfgs', 'max_iter': 2000, 'fit_intercept': True, 'standardize_with_source': True, 'rho': 0.3}
[I 2026-06-01 12:48:14,506] Trial 185 finished with value: 0.2115337623033869 and parameters: {'alpha': 279066.0540865911, 'n_pcs': 5000, 'iw_method': 'pc_logistic', 'iw_clip_max': 2.5, 'iw_prob_clip': 0.0010382319806479666, 'iw_n_components': 40, 'iw_logistic_c': 0.530517215024096, 'iw_pca_fit': 'combined', 'iw_solver': 'lbfgs', 'iw_rho': 0.3}. Best is trial 171 with value: 0.2150242451884865.
2026-06-01 12:48:14 | INFO | Trial 186 | outer=1 | alpha=2.792e+05 n_pcs=5000 (pc_topk) weight={'name': 'pc_logistic', 'floor': 1e-06, 'clip_max': 2.5, 'prob_clip': 0.0010326134105870801, 'n_components': 40, 'logistic_c': 0.537869974884827, 'pca_fit': 'combined', 'solver': 'lbfgs', 'max_iter': 2000, 'fit_intercept': True, 'standardize_with_source': True, 'rho': 0.3}
[I 2026-06-01 12:48:38,696] Trial 186 finished with value: 0.21153125753545582 and parameters: {'alpha': 279216.92761680816, 'n_pcs': 5000, 'iw_method': 'pc_logistic', 'iw_clip_max': 2.5, 'iw_prob_clip': 0.0010326134105870801, 'iw_n_components': 40, 'iw_logistic_c': 0.537869974884827, 'iw_pca_fit': 'combined', 'iw_solver': 'lbfgs', 'iw_rho': 0.3}. Best is trial 171 with value: 0.2150242451884865.
2026-06-01 12:48:38 | INFO | Trial 187 | outer=1 | alpha=4.901e+05 n_pcs=5000 (pc_topk) weight={'name': 'pc_logistic', 'floor': 1e-06, 'clip_max': 2.5, 'prob_clip': 0.0010478285245455565, 'n_components': 40, 'logistic_c': 0.5297024936829778, 'pca_fit': 'combined', 'solver': 'lbfgs', 'max_iter': 2000, 'fit_intercept': True, 'standardize_with_source': True, 'rho': 0.3}
[I 2026-06-01 12:49:02,293] Trial 187 finished with value: 0.2069141616990764 and parameters: {'alpha': 490122.4728648884, 'n_pcs': 5000, 'iw_method': 'pc_logistic', 'iw_clip_max': 2.5, 'iw_prob_clip': 0.0010478285245455565, 'iw_n_components': 40, 'iw_logistic_c': 0.5297024936829778, 'iw_pca_fit': 'combined', 'iw_solver': 'lbfgs', 'iw_rho': 0.3}. Best is trial 171 with value: 0.2150242451884865.
2026-06-01 12:49:02 | INFO | Trial 188 | outer=1 | alpha=2.720e+05 n_pcs=5000 (pc_topk) weight={'name': 'pc_logistic', 'floor': 1e-06, 'clip_max': 2.5, 'prob_clip': 0.0010600659334146828, 'n_components': 40, 'logistic_c': 0.5250798890532826, 'pca_fit': 'combined', 'solver': 'lbfgs', 'max_iter': 2000, 'fit_intercept': True, 'standardize_with_source': True, 'rho': 0.3}
[I 2026-06-01 12:49:26,498] Trial 188 finished with value: 0.21172367537714587 and parameters: {'alpha': 271986.20566750097, 'n_pcs': 5000, 'iw_method': 'pc_logistic', 'iw_clip_max': 2.5, 'iw_prob_clip': 0.0010600659334146828, 'iw_n_components': 40, 'iw_logistic_c': 0.5250798890532826, 'iw_pca_fit': 'combined', 'iw_solver': 'lbfgs', 'iw_rho': 0.3}. Best is trial 171 with value: 0.2150242451884865.
2026-06-01 12:49:26 | INFO | Trial 189 | outer=1 | alpha=2.771e+05 n_pcs=5000 (pc_topk) weight={'name': 'pc_logistic', 'floor': 1e-06, 'clip_max': 2.5, 'prob_clip': 0.001035815417287427, 'n_components': 40, 'logistic_c': 0.5488868453838612, 'pca_fit': 'combined', 'solver': 'lbfgs', 'max_iter': 2000, 'fit_intercept': True, 'standardize_with_source': True, 'rho': 0.3}
[I 2026-06-01 12:49:49,750] Trial 189 finished with value: 0.21155620346427084 and parameters: {'alpha': 277089.26280780294, 'n_pcs': 5000, 'iw_method': 'pc_logistic', 'iw_clip_max': 2.5, 'iw_prob_clip': 0.001035815417287427, 'iw_n_components': 40, 'iw_logistic_c': 0.5488868453838612, 'iw_pca_fit': 'combined', 'iw_solver': 'lbfgs', 'iw_rho': 0.3}. Best is trial 171 with value: 0.2150242451884865.
2026-06-01 12:49:49 | INFO | Trial 190 | outer=1 | alpha=2.814e+05 n_pcs=5000 (pc_topk) weight={'name': 'pc_logistic', 'floor': 1e-06, 'clip_max': 2.5, 'prob_clip': 0.0010264323284592492, 'n_components': 40, 'logistic_c': 0.5235981323749653, 'pca_fit': 'combined', 'solver': 'lbfgs', 'max_iter': 2000, 'fit_intercept': True, 'standardize_with_source': True, 'rho': 0.3}
[I 2026-06-01 12:50:14,512] Trial 190 finished with value: 0.2114255192631517 and parameters: {'alpha': 281359.59428622125, 'n_pcs': 5000, 'iw_method': 'pc_logistic', 'iw_clip_max': 2.5, 'iw_prob_clip': 0.0010264323284592492, 'iw_n_components': 40, 'iw_logistic_c': 0.5235981323749653, 'iw_pca_fit': 'combined', 'iw_solver': 'lbfgs', 'iw_rho': 0.3}. Best is trial 171 with value: 0.2150242451884865.
2026-06-01 12:50:14 | INFO | Trial 191 | outer=1 | alpha=2.869e+05 n_pcs=5000 (pc_topk) weight={'name': 'pc_logistic', 'floor': 1e-06, 'clip_max': 2.5, 'prob_clip': 0.001046095727953079, 'n_components': 40, 'logistic_c': 0.5299153457001484, 'pca_fit': 'combined', 'solver': 'lbfgs', 'max_iter': 2000, 'fit_intercept': True, 'standardize_with_source': True, 'rho': 0.3}
[I 2026-06-01 12:50:38,979] Trial 191 finished with value: 0.21133059153169617 and parameters: {'alpha': 286892.81853981374, 'n_pcs': 5000, 'iw_method': 'pc_logistic', 'iw_clip_max': 2.5, 'iw_prob_clip': 0.001046095727953079, 'iw_n_components': 40, 'iw_logistic_c': 0.5299153457001484, 'iw_pca_fit': 'combined', 'iw_solver': 'lbfgs', 'iw_rho': 0.3}. Best is trial 171 with value: 0.2150242451884865.
2026-06-01 12:50:38 | INFO | Trial 192 | outer=1 | alpha=2.587e+05 n_pcs=5000 (pc_topk) weight={'name': 'pc_logistic', 'floor': 1e-06, 'clip_max': 2.5, 'prob_clip': 0.0009902015634507422, 'n_components': 40, 'logistic_c': 0.5249442386117437, 'pca_fit': 'combined', 'solver': 'lbfgs', 'max_iter': 2000, 'fit_intercept': True, 'standardize_with_source': True, 'rho': 0.3}
[I 2026-06-01 12:51:02,317] Trial 192 finished with value: 0.21199953531619897 and parameters: {'alpha': 258669.39602403104, 'n_pcs': 5000, 'iw_method': 'pc_logistic', 'iw_clip_max': 2.5, 'iw_prob_clip': 0.0009902015634507422, 'iw_n_components': 40, 'iw_logistic_c': 0.5249442386117437, 'iw_pca_fit': 'combined', 'iw_solver': 'lbfgs', 'iw_rho': 0.3}. Best is trial 171 with value: 0.2150242451884865.
2026-06-01 12:51:02 | INFO | Trial 193 | outer=1 | alpha=2.427e+05 n_pcs=5000 (pc_topk) weight={'name': 'pc_logistic', 'floor': 1e-06, 'clip_max': 2.5, 'prob_clip': 0.0010133323076113102, 'n_components': 40, 'logistic_c': 0.5843205043451567, 'pca_fit': 'combined', 'solver': 'lbfgs', 'max_iter': 2000, 'fit_intercept': True, 'standardize_with_source': True, 'rho': 0.3}
[I 2026-06-01 12:51:27,221] Trial 193 finished with value: 0.21244600060983224 and parameters: {'alpha': 242711.63098742042, 'n_pcs': 5000, 'iw_method': 'pc_logistic', 'iw_clip_max': 2.5, 'iw_prob_clip': 0.0010133323076113102, 'iw_n_components': 40, 'iw_logistic_c': 0.5843205043451567, 'iw_pca_fit': 'combined', 'iw_solver': 'lbfgs', 'iw_rho': 0.3}. Best is trial 171 with value: 0.2150242451884865.
2026-06-01 12:51:27 | INFO | Trial 194 | outer=1 | alpha=2.392e+05 n_pcs=5000 (pc_topk) weight={'name': 'pc_logistic', 'floor': 1e-06, 'clip_max': 2.5, 'prob_clip': 0.0009998911535851502, 'n_components': 40, 'logistic_c': 0.653330964911217, 'pca_fit': 'combined', 'solver': 'lbfgs', 'max_iter': 2000, 'fit_intercept': True, 'standardize_with_source': True, 'rho': 0.3}
[I 2026-06-01 12:51:51,990] Trial 194 finished with value: 0.21254279730445474 and parameters: {'alpha': 239196.96655084298, 'n_pcs': 5000, 'iw_method': 'pc_logistic', 'iw_clip_max': 2.5, 'iw_prob_clip': 0.0009998911535851502, 'iw_n_components': 40, 'iw_logistic_c': 0.653330964911217, 'iw_pca_fit': 'combined', 'iw_solver': 'lbfgs', 'iw_rho': 0.3}. Best is trial 171 with value: 0.2150242451884865.
2026-06-01 12:51:52 | INFO | Trial 195 | outer=1 | alpha=2.421e+05 n_pcs=5000 (pc_topk) weight={'name': 'pc_logistic', 'floor': 1e-06, 'clip_max': 2.5, 'prob_clip': 0.0009861271255517741, 'n_components': 40, 'logistic_c': 0.936713561517764, 'pca_fit': 'combined', 'solver': 'lbfgs', 'max_iter': 2000, 'fit_intercept': True, 'standardize_with_source': True, 'rho': 0.3}
[I 2026-06-01 12:52:16,789] Trial 195 finished with value: 0.21243815486757284 and parameters: {'alpha': 242058.41442456443, 'n_pcs': 5000, 'iw_method': 'pc_logistic', 'iw_clip_max': 2.5, 'iw_prob_clip': 0.0009861271255517741, 'iw_n_components': 40, 'iw_logistic_c': 0.936713561517764, 'iw_pca_fit': 'combined', 'iw_solver': 'lbfgs', 'iw_rho': 0.3}. Best is trial 171 with value: 0.2150242451884865.
2026-06-01 12:52:16 | INFO | Trial 196 | outer=1 | alpha=2.389e+05 n_pcs=5000 (pc_topk) weight={'name': 'pc_logistic', 'floor': 1e-06, 'clip_max': 2.5, 'prob_clip': 0.0008938598358410078, 'n_components': 40, 'logistic_c': 1.2001389785214212, 'pca_fit': 'combined', 'solver': 'lbfgs', 'max_iter': 2000, 'fit_intercept': True, 'standardize_with_source': True, 'rho': 0.3}
[I 2026-06-01 12:52:41,782] Trial 196 finished with value: 0.21243989613189643 and parameters: {'alpha': 238943.20404967928, 'n_pcs': 5000, 'iw_method': 'pc_logistic', 'iw_clip_max': 2.5, 'iw_prob_clip': 0.0008938598358410078, 'iw_n_components': 40, 'iw_logistic_c': 1.2001389785214212, 'iw_pca_fit': 'combined', 'iw_solver': 'lbfgs', 'iw_rho': 0.3}. Best is trial 171 with value: 0.2150242451884865.
2026-06-01 12:52:41 | INFO | Trial 197 | outer=1 | alpha=2.235e+05 n_pcs=5000 (pc_topk) weight={'name': 'pc_logistic', 'floor': 1e-06, 'clip_max': 2.5, 'prob_clip': 0.000844583107530927, 'n_components': 40, 'logistic_c': 1.4058666899293506, 'pca_fit': 'combined', 'solver': 'lbfgs', 'max_iter': 2000, 'fit_intercept': True, 'standardize_with_source': True, 'rho': 0.3}
[I 2026-06-01 12:53:05,931] Trial 197 finished with value: 0.21276550442036474 and parameters: {'alpha': 223549.89247558755, 'n_pcs': 5000, 'iw_method': 'pc_logistic', 'iw_clip_max': 2.5, 'iw_prob_clip': 0.000844583107530927, 'iw_n_components': 40, 'iw_logistic_c': 1.4058666899293506, 'iw_pca_fit': 'combined', 'iw_solver': 'lbfgs', 'iw_rho': 0.3}. Best is trial 171 with value: 0.2150242451884865.
2026-06-01 12:53:05 | INFO | Trial 198 | outer=1 | alpha=2.151e+05 n_pcs=5000 (pc_topk) weight={'name': 'pc_logistic', 'floor': 1e-06, 'clip_max': 2.5, 'prob_clip': 0.0008272385364585849, 'n_components': 40, 'logistic_c': 1.5908186825269084, 'pca_fit': 'combined', 'solver': 'lbfgs', 'max_iter': 2000, 'fit_intercept': True, 'standardize_with_source': True, 'rho': 0.3}
[I 2026-06-01 12:53:29,410] Trial 198 finished with value: 0.2129656887808641 and parameters: {'alpha': 215139.92265920134, 'n_pcs': 5000, 'iw_method': 'pc_logistic', 'iw_clip_max': 2.5, 'iw_prob_clip': 0.0008272385364585849, 'iw_n_components': 40, 'iw_logistic_c': 1.5908186825269084, 'iw_pca_fit': 'combined', 'iw_solver': 'lbfgs', 'iw_rho': 0.3}. Best is trial 171 with value: 0.2150242451884865.
2026-06-01 12:53:29 | INFO | Trial 199 | outer=1 | alpha=2.173e+05 n_pcs=5000 (pc_topk) weight={'name': 'pc_logistic', 'floor': 1e-06, 'clip_max': 2.5, 'prob_clip': 0.0007833899977097967, 'n_components': 40, 'logistic_c': 2.1991693453562453, 'pca_fit': 'combined', 'solver': 'lbfgs', 'max_iter': 2000, 'fit_intercept': True, 'standardize_with_source': True, 'rho': 0.3}
[I 2026-06-01 12:53:55,080] Trial 199 finished with value: 0.21287319246075387 and parameters: {'alpha': 217262.8424471177, 'n_pcs': 5000, 'iw_method': 'pc_logistic', 'iw_clip_max': 2.5, 'iw_prob_clip': 0.0007833899977097967, 'iw_n_components': 40, 'iw_logistic_c': 2.1991693453562453, 'iw_pca_fit': 'combined', 'iw_solver': 'lbfgs', 'iw_rho': 0.3}. Best is trial 171 with value: 0.2150242451884865.
2026-06-01 12:53:55 | INFO | Trial 200 | outer=1 | alpha=2.095e+05 n_pcs=5000 (pc_topk) weight={'name': 'pc_logistic', 'floor': 1e-06, 'clip_max': 2.5, 'prob_clip': 0.0007415597890248639, 'n_components': 40, 'logistic_c': 2.515958202042965, 'pca_fit': 'combined', 'solver': 'lbfgs', 'max_iter': 2000, 'fit_intercept': True, 'standardize_with_source': True, 'rho': 0.3}
[I 2026-06-01 12:54:20,502] Trial 200 finished with value: 0.2130202848758656 and parameters: {'alpha': 209479.7786627453, 'n_pcs': 5000, 'iw_method': 'pc_logistic', 'iw_clip_max': 2.5, 'iw_prob_clip': 0.0007415597890248639, 'iw_n_components': 40, 'iw_logistic_c': 2.515958202042965, 'iw_pca_fit': 'combined', 'iw_solver': 'lbfgs', 'iw_rho': 0.3}. Best is trial 171 with value: 0.2150242451884865.
2026-06-01 12:54:20 | INFO | Trial 201 | outer=1 | alpha=2.172e+05 n_pcs=5000 (pc_topk) weight={'name': 'pc_logistic', 'floor': 1e-06, 'clip_max': 2.5, 'prob_clip': 0.0007385667631813113, 'n_components': 40, 'logistic_c': 1.9625538894726107, 'pca_fit': 'combined', 'solver': 'lbfgs', 'max_iter': 2000, 'fit_intercept': True, 'standardize_with_source': True, 'rho': 0.3}
[I 2026-06-01 12:54:45,014] Trial 201 finished with value: 0.21279616280158517 and parameters: {'alpha': 217156.4523922964, 'n_pcs': 5000, 'iw_method': 'pc_logistic', 'iw_clip_max': 2.5, 'iw_prob_clip': 0.0007385667631813113, 'iw_n_components': 40, 'iw_logistic_c': 1.9625538894726107, 'iw_pca_fit': 'combined', 'iw_solver': 'lbfgs', 'iw_rho': 0.3}. Best is trial 171 with value: 0.2150242451884865.
2026-06-01 12:54:45 | INFO | Trial 202 | outer=1 | alpha=2.003e+05 n_pcs=5000 (pc_topk) weight={'name': 'pc_logistic', 'floor': 1e-06, 'clip_max': 2.5, 'prob_clip': 0.0007272812144321615, 'n_components': 40, 'logistic_c': 2.4918904334277543, 'pca_fit': 'combined', 'solver': 'lbfgs', 'max_iter': 2000, 'fit_intercept': True, 'standardize_with_source': True, 'rho': 0.3}
[I 2026-06-01 12:55:10,186] Trial 202 finished with value: 0.21322735459793668 and parameters: {'alpha': 200318.6268763647, 'n_pcs': 5000, 'iw_method': 'pc_logistic', 'iw_clip_max': 2.5, 'iw_prob_clip': 0.0007272812144321615, 'iw_n_components': 40, 'iw_logistic_c': 2.4918904334277543, 'iw_pca_fit': 'combined', 'iw_solver': 'lbfgs', 'iw_rho': 0.3}. Best is trial 171 with value: 0.2150242451884865.
2026-06-01 12:55:10 | INFO | Trial 203 | outer=1 | alpha=2.119e+05 n_pcs=5000 (pc_topk) weight={'name': 'pc_logistic', 'floor': 1e-06, 'clip_max': 2.5, 'prob_clip': 0.0007217456830173332, 'n_components': 40, 'logistic_c': 2.4757123036982094, 'pca_fit': 'combined', 'solver': 'lbfgs', 'max_iter': 2000, 'fit_intercept': True, 'standardize_with_source': True, 'rho': 0.3}
[I 2026-06-01 12:55:34,784] Trial 203 finished with value: 0.21293073659102282 and parameters: {'alpha': 211933.65703486916, 'n_pcs': 5000, 'iw_method': 'pc_logistic', 'iw_clip_max': 2.5, 'iw_prob_clip': 0.0007217456830173332, 'iw_n_components': 40, 'iw_logistic_c': 2.4757123036982094, 'iw_pca_fit': 'combined', 'iw_solver': 'lbfgs', 'iw_rho': 0.3}. Best is trial 171 with value: 0.2150242451884865.
2026-06-01 12:55:34 | INFO | Trial 204 | outer=1 | alpha=2.075e+05 n_pcs=5000 (pc_topk) weight={'name': 'pc_logistic', 'floor': 1e-06, 'clip_max': 2.5, 'prob_clip': 0.0007215244198702608, 'n_components': 40, 'logistic_c': 2.6145857700221704, 'pca_fit': 'combined', 'solver': 'lbfgs', 'max_iter': 2000, 'fit_intercept': True, 'standardize_with_source': True, 'rho': 0.3}
[I 2026-06-01 12:55:58,877] Trial 204 finished with value: 0.2130535353701139 and parameters: {'alpha': 207548.2236924695, 'n_pcs': 5000, 'iw_method': 'pc_logistic', 'iw_clip_max': 2.5, 'iw_prob_clip': 0.0007215244198702608, 'iw_n_components': 40, 'iw_logistic_c': 2.6145857700221704, 'iw_pca_fit': 'combined', 'iw_solver': 'lbfgs', 'iw_rho': 0.3}. Best is trial 171 with value: 0.2150242451884865.
2026-06-01 12:55:58 | INFO | Trial 205 | outer=1 | alpha=1.980e+05 n_pcs=5000 (pc_topk) weight={'name': 'pc_logistic', 'floor': 1e-06, 'clip_max': 2.5, 'prob_clip': 0.0007170275395180843, 'n_components': 40, 'logistic_c': 2.47660868107801, 'pca_fit': 'combined', 'solver': 'lbfgs', 'max_iter': 2000, 'fit_intercept': True, 'standardize_with_source': True, 'rho': 0.3}
[I 2026-06-01 12:56:23,078] Trial 205 finished with value: 0.21328477278444252 and parameters: {'alpha': 198037.3461955758, 'n_pcs': 5000, 'iw_method': 'pc_logistic', 'iw_clip_max': 2.5, 'iw_prob_clip': 0.0007170275395180843, 'iw_n_components': 40, 'iw_logistic_c': 2.47660868107801, 'iw_pca_fit': 'combined', 'iw_solver': 'lbfgs', 'iw_rho': 0.3}. Best is trial 171 with value: 0.2150242451884865.
2026-06-01 12:56:23 | INFO | Trial 206 | outer=1 | alpha=2.094e+05 n_pcs=5000 (pc_topk) weight={'name': 'pc_logistic', 'floor': 1e-06, 'clip_max': 2.5, 'prob_clip': 0.0006701152472026969, 'n_components': 40, 'logistic_c': 2.6346583956863228, 'pca_fit': 'combined', 'solver': 'lbfgs', 'max_iter': 2000, 'fit_intercept': True, 'standardize_with_source': True, 'rho': 0.3}
[I 2026-06-01 12:56:46,482] Trial 206 finished with value: 0.2129290737380881 and parameters: {'alpha': 209394.377687069, 'n_pcs': 5000, 'iw_method': 'pc_logistic', 'iw_clip_max': 2.5, 'iw_prob_clip': 0.0006701152472026969, 'iw_n_components': 40, 'iw_logistic_c': 2.6346583956863228, 'iw_pca_fit': 'combined', 'iw_solver': 'lbfgs', 'iw_rho': 0.3}. Best is trial 171 with value: 0.2150242451884865.
2026-06-01 12:56:46 | INFO | Trial 207 | outer=1 | alpha=2.023e+05 n_pcs=5000 (pc_topk) weight={'name': 'pc_logistic', 'floor': 1e-06, 'clip_max': 2.5, 'prob_clip': 0.0006848145523531284, 'n_components': 40, 'logistic_c': 2.847176415926084, 'pca_fit': 'combined', 'solver': 'lbfgs', 'max_iter': 2000, 'fit_intercept': True, 'standardize_with_source': True, 'rho': 0.3}
[I 2026-06-01 12:57:10,690] Trial 207 finished with value: 0.21311514279842125 and parameters: {'alpha': 202335.4527558402, 'n_pcs': 5000, 'iw_method': 'pc_logistic', 'iw_clip_max': 2.5, 'iw_prob_clip': 0.0006848145523531284, 'iw_n_components': 40, 'iw_logistic_c': 2.847176415926084, 'iw_pca_fit': 'combined', 'iw_solver': 'lbfgs', 'iw_rho': 0.3}. Best is trial 171 with value: 0.2150242451884865.
2026-06-01 12:57:10 | INFO | Trial 208 | outer=1 | alpha=1.932e+05 n_pcs=5000 (pc_topk) weight={'name': 'pc_logistic', 'floor': 1e-06, 'clip_max': 2.5, 'prob_clip': 0.0006861758935107638, 'n_components': 40, 'logistic_c': 2.2801209121011476, 'pca_fit': 'combined', 'solver': 'lbfgs', 'max_iter': 2000, 'fit_intercept': True, 'standardize_with_source': True, 'rho': 0.3}
[I 2026-06-01 12:57:34,425] Trial 208 finished with value: 0.21334392876653635 and parameters: {'alpha': 193191.3377262985, 'n_pcs': 5000, 'iw_method': 'pc_logistic', 'iw_clip_max': 2.5, 'iw_prob_clip': 0.0006861758935107638, 'iw_n_components': 40, 'iw_logistic_c': 2.2801209121011476, 'iw_pca_fit': 'combined', 'iw_solver': 'lbfgs', 'iw_rho': 0.3}. Best is trial 171 with value: 0.2150242451884865.
2026-06-01 12:57:34 | INFO | Trial 209 | outer=1 | alpha=1.896e+05 n_pcs=5000 (pc_topk) weight={'name': 'pc_logistic', 'floor': 1e-06, 'clip_max': 2.5, 'prob_clip': 0.0006920221773486138, 'n_components': 40, 'logistic_c': 3.2754922944320266, 'pca_fit': 'combined', 'solver': 'lbfgs', 'max_iter': 2000, 'fit_intercept': True, 'standardize_with_source': True, 'rho': 0.3}
[I 2026-06-01 12:57:58,469] Trial 209 finished with value: 0.2134366187403452 and parameters: {'alpha': 189640.54951777495, 'n_pcs': 5000, 'iw_method': 'pc_logistic', 'iw_clip_max': 2.5, 'iw_prob_clip': 0.0006920221773486138, 'iw_n_components': 40, 'iw_logistic_c': 3.2754922944320266, 'iw_pca_fit': 'combined', 'iw_solver': 'lbfgs', 'iw_rho': 0.3}. Best is trial 171 with value: 0.2150242451884865.
2026-06-01 12:57:58 | INFO | Trial 210 | outer=1 | alpha=2.017e+05 n_pcs=5000 (pc_topk) weight={'name': 'pc_logistic', 'floor': 1e-06, 'clip_max': 2.5, 'prob_clip': 0.0006770914536402797, 'n_components': 40, 'logistic_c': 3.315105828187723, 'pca_fit': 'combined', 'solver': 'lbfgs', 'max_iter': 2000, 'fit_intercept': True, 'standardize_with_source': True, 'rho': 0.3}
[I 2026-06-01 12:58:23,354] Trial 210 finished with value: 0.21311630899541015 and parameters: {'alpha': 201690.70481366487, 'n_pcs': 5000, 'iw_method': 'pc_logistic', 'iw_clip_max': 2.5, 'iw_prob_clip': 0.0006770914536402797, 'iw_n_components': 40, 'iw_logistic_c': 3.315105828187723, 'iw_pca_fit': 'combined', 'iw_solver': 'lbfgs', 'iw_rho': 0.3}. Best is trial 171 with value: 0.2150242451884865.
2026-06-01 12:58:23 | INFO | Trial 211 | outer=1 | alpha=1.841e+05 n_pcs=5000 (pc_topk) weight={'name': 'pc_logistic', 'floor': 1e-06, 'clip_max': 2.5, 'prob_clip': 0.0006760968217563464, 'n_components': 40, 'logistic_c': 3.1574780427082625, 'pca_fit': 'combined', 'solver': 'lbfgs', 'max_iter': 2000, 'fit_intercept': True, 'standardize_with_source': True, 'rho': 0.3}
[I 2026-06-01 12:58:48,405] Trial 211 finished with value: 0.21356709956502754 and parameters: {'alpha': 184055.66882752013, 'n_pcs': 5000, 'iw_method': 'pc_logistic', 'iw_clip_max': 2.5, 'iw_prob_clip': 0.0006760968217563464, 'iw_n_components': 40, 'iw_logistic_c': 3.1574780427082625, 'iw_pca_fit': 'combined', 'iw_solver': 'lbfgs', 'iw_rho': 0.3}. Best is trial 171 with value: 0.2150242451884865.
2026-06-01 12:58:48 | INFO | Trial 212 | outer=1 | alpha=1.870e+05 n_pcs=5000 (pc_topk) weight={'name': 'pc_logistic', 'floor': 1e-06, 'clip_max': 2.5, 'prob_clip': 0.0006751692467067341, 'n_components': 40, 'logistic_c': 3.2753498808264974, 'pca_fit': 'combined', 'solver': 'lbfgs', 'max_iter': 2000, 'fit_intercept': True, 'standardize_with_source': True, 'rho': 0.3}
[I 2026-06-01 12:59:12,165] Trial 212 finished with value: 0.21347417950564665 and parameters: {'alpha': 186989.44351840462, 'n_pcs': 5000, 'iw_method': 'pc_logistic', 'iw_clip_max': 2.5, 'iw_prob_clip': 0.0006751692467067341, 'iw_n_components': 40, 'iw_logistic_c': 3.2753498808264974, 'iw_pca_fit': 'combined', 'iw_solver': 'lbfgs', 'iw_rho': 0.3}. Best is trial 171 with value: 0.2150242451884865.
2026-06-01 12:59:12 | INFO | Trial 213 | outer=1 | alpha=1.939e+05 n_pcs=5000 (pc_topk) weight={'name': 'pc_logistic', 'floor': 1e-06, 'clip_max': 2.5, 'prob_clip': 0.0006445408927474438, 'n_components': 40, 'logistic_c': 4.061268770808215, 'pca_fit': 'combined', 'solver': 'lbfgs', 'max_iter': 2000, 'fit_intercept': True, 'standardize_with_source': True, 'rho': 0.3}
[I 2026-06-01 12:59:36,861] Trial 213 finished with value: 0.21327453359313225 and parameters: {'alpha': 193908.54039507842, 'n_pcs': 5000, 'iw_method': 'pc_logistic', 'iw_clip_max': 2.5, 'iw_prob_clip': 0.0006445408927474438, 'iw_n_components': 40, 'iw_logistic_c': 4.061268770808215, 'iw_pca_fit': 'combined', 'iw_solver': 'lbfgs', 'iw_rho': 0.3}. Best is trial 171 with value: 0.2150242451884865.
2026-06-01 12:59:36 | INFO | Trial 214 | outer=1 | alpha=1.839e+05 n_pcs=5000 (pc_topk) weight={'name': 'pc_logistic', 'floor': 1e-06, 'clip_max': 2.5, 'prob_clip': 0.0005618821252760835, 'n_components': 40, 'logistic_c': 5.737452456111045, 'pca_fit': 'combined', 'solver': 'lbfgs', 'max_iter': 2000, 'fit_intercept': True, 'standardize_with_source': True, 'rho': 0.3}
[I 2026-06-01 13:00:00,494] Trial 214 finished with value: 0.21340762643262695 and parameters: {'alpha': 183923.04095371452, 'n_pcs': 5000, 'iw_method': 'pc_logistic', 'iw_clip_max': 2.5, 'iw_prob_clip': 0.0005618821252760835, 'iw_n_components': 40, 'iw_logistic_c': 5.737452456111045, 'iw_pca_fit': 'combined', 'iw_solver': 'lbfgs', 'iw_rho': 0.3}. Best is trial 171 with value: 0.2150242451884865.
2026-06-01 13:00:00 | INFO | Trial 215 | outer=1 | alpha=1.652e+05 n_pcs=5000 (pc_topk) weight={'name': 'pc_logistic', 'floor': 1e-06, 'clip_max': 2.5, 'prob_clip': 0.0005745092182836705, 'n_components': 40, 'logistic_c': 5.390941408712877, 'pca_fit': 'combined', 'solver': 'lbfgs', 'max_iter': 2000, 'fit_intercept': True, 'standardize_with_source': True, 'rho': 0.3}
[I 2026-06-01 13:00:25,361] Trial 215 finished with value: 0.21387041661309736 and parameters: {'alpha': 165151.9754842866, 'n_pcs': 5000, 'iw_method': 'pc_logistic', 'iw_clip_max': 2.5, 'iw_prob_clip': 0.0005745092182836705, 'iw_n_components': 40, 'iw_logistic_c': 5.390941408712877, 'iw_pca_fit': 'combined', 'iw_solver': 'lbfgs', 'iw_rho': 0.3}. Best is trial 171 with value: 0.2150242451884865.
2026-06-01 13:00:25 | INFO | Trial 216 | outer=1 | alpha=1.648e+05 n_pcs=5000 (pc_topk) weight={'name': 'pc_logistic', 'floor': 1e-06, 'clip_max': 2.5, 'prob_clip': 0.0005977333585659141, 'n_components': 40, 'logistic_c': 7.775260928937111, 'pca_fit': 'combined', 'solver': 'lbfgs', 'max_iter': 2000, 'fit_intercept': True, 'standardize_with_source': True, 'rho': 0.3}
[I 2026-06-01 13:00:49,054] Trial 216 finished with value: 0.21389894976432133 and parameters: {'alpha': 164835.91243399488, 'n_pcs': 5000, 'iw_method': 'pc_logistic', 'iw_clip_max': 2.5, 'iw_prob_clip': 0.0005977333585659141, 'iw_n_components': 40, 'iw_logistic_c': 7.775260928937111, 'iw_pca_fit': 'combined', 'iw_solver': 'lbfgs', 'iw_rho': 0.3}. Best is trial 171 with value: 0.2150242451884865.
2026-06-01 13:00:49 | INFO | Trial 217 | outer=1 | alpha=1.677e+05 n_pcs=5000 (pc_topk) weight={'name': 'pc_logistic', 'floor': 1e-06, 'clip_max': 2.5, 'prob_clip': 0.0005210658874973472, 'n_components': 40, 'logistic_c': 6.81781521335939, 'pca_fit': 'combined', 'solver': 'lbfgs', 'max_iter': 2000, 'fit_intercept': True, 'standardize_with_source': True, 'rho': 0.3}
[I 2026-06-01 13:01:13,347] Trial 217 finished with value: 0.21374255371527 and parameters: {'alpha': 167723.22777608244, 'n_pcs': 5000, 'iw_method': 'pc_logistic', 'iw_clip_max': 2.5, 'iw_prob_clip': 0.0005210658874973472, 'iw_n_components': 40, 'iw_logistic_c': 6.81781521335939, 'iw_pca_fit': 'combined', 'iw_solver': 'lbfgs', 'iw_rho': 0.3}. Best is trial 171 with value: 0.2150242451884865.
2026-06-01 13:01:13 | INFO | Trial 218 | outer=1 | alpha=1.709e+05 n_pcs=5000 (pc_topk) weight={'name': 'pc_logistic', 'floor': 1e-06, 'clip_max': 2.5, 'prob_clip': 0.0005175975116355543, 'n_components': 40, 'logistic_c': 9.132474858652348, 'pca_fit': 'combined', 'solver': 'lbfgs', 'max_iter': 2000, 'fit_intercept': True, 'standardize_with_source': True, 'rho': 0.3}
[I 2026-06-01 13:01:38,029] Trial 218 finished with value: 0.2136832777054795 and parameters: {'alpha': 170884.0424939427, 'n_pcs': 5000, 'iw_method': 'pc_logistic', 'iw_clip_max': 2.5, 'iw_prob_clip': 0.0005175975116355543, 'iw_n_components': 40, 'iw_logistic_c': 9.132474858652348, 'iw_pca_fit': 'combined', 'iw_solver': 'lbfgs', 'iw_rho': 0.3}. Best is trial 171 with value: 0.2150242451884865.
2026-06-01 13:01:38 | INFO | Trial 219 | outer=1 | alpha=1.618e+05 n_pcs=5000 (pc_topk) weight={'name': 'pc_logistic', 'floor': 1e-06, 'clip_max': 2.5, 'prob_clip': 0.0005288807037334598, 'n_components': 40, 'logistic_c': 8.361316438436312, 'pca_fit': 'combined', 'solver': 'lbfgs', 'max_iter': 2000, 'fit_intercept': True, 'standardize_with_source': True, 'rho': 0.3}
[I 2026-06-01 13:02:02,995] Trial 219 finished with value: 0.21390714305285785 and parameters: {'alpha': 161827.73166495372, 'n_pcs': 5000, 'iw_method': 'pc_logistic', 'iw_clip_max': 2.5, 'iw_prob_clip': 0.0005288807037334598, 'iw_n_components': 40, 'iw_logistic_c': 8.361316438436312, 'iw_pca_fit': 'combined', 'iw_solver': 'lbfgs', 'iw_rho': 0.3}. Best is trial 171 with value: 0.2150242451884865.
2026-06-01 13:02:03 | INFO | Trial 220 | outer=1 | alpha=1.672e+05 n_pcs=5000 (pc_topk) weight={'name': 'pc_logistic', 'floor': 1e-06, 'clip_max': 2.5, 'prob_clip': 0.0005100763392666825, 'n_components': 40, 'logistic_c': 9.86485227807875, 'pca_fit': 'combined', 'solver': 'lbfgs', 'max_iter': 2000, 'fit_intercept': True, 'standardize_with_source': True, 'rho': 1.0}
[I 2026-06-01 13:02:28,049] Trial 220 finished with value: 0.1931337810566786 and parameters: {'alpha': 167205.53774565697, 'n_pcs': 5000, 'iw_method': 'pc_logistic', 'iw_clip_max': 2.5, 'iw_prob_clip': 0.0005100763392666825, 'iw_n_components': 40, 'iw_logistic_c': 9.86485227807875, 'iw_pca_fit': 'combined', 'iw_solver': 'lbfgs', 'iw_rho': 1.0}. Best is trial 171 with value: 0.2150242451884865.
2026-06-01 13:02:28 | INFO | Trial 221 | outer=1 | alpha=1.563e+05 n_pcs=5000 (pc_topk) weight={'name': 'pc_logistic', 'floor': 1e-06, 'clip_max': 2.5, 'prob_clip': 0.0006051099834024308, 'n_components': 40, 'logistic_c': 5.669704252490988, 'pca_fit': 'combined', 'solver': 'lbfgs', 'max_iter': 2000, 'fit_intercept': True, 'standardize_with_source': True, 'rho': 0.3}
[I 2026-06-01 13:02:52,403] Trial 221 finished with value: 0.21408451871640302 and parameters: {'alpha': 156253.06792679915, 'n_pcs': 5000, 'iw_method': 'pc_logistic', 'iw_clip_max': 2.5, 'iw_prob_clip': 0.0006051099834024308, 'iw_n_components': 40, 'iw_logistic_c': 5.669704252490988, 'iw_pca_fit': 'combined', 'iw_solver': 'lbfgs', 'iw_rho': 0.3}. Best is trial 171 with value: 0.2150242451884865.
2026-06-01 13:02:52 | INFO | Trial 222 | outer=1 | alpha=1.552e+05 n_pcs=5000 (pc_topk) weight={'name': 'pc_logistic', 'floor': 1e-06, 'clip_max': 2.5, 'prob_clip': 0.0005863817846383122, 'n_components': 40, 'logistic_c': 5.5721172913802075, 'pca_fit': 'combined', 'solver': 'lbfgs', 'max_iter': 2000, 'fit_intercept': True, 'standardize_with_source': True, 'rho': 0.3}
[I 2026-06-01 13:03:17,376] Trial 222 finished with value: 0.21407732428316698 and parameters: {'alpha': 155243.34257081125, 'n_pcs': 5000, 'iw_method': 'pc_logistic', 'iw_clip_max': 2.5, 'iw_prob_clip': 0.0005863817846383122, 'iw_n_components': 40, 'iw_logistic_c': 5.5721172913802075, 'iw_pca_fit': 'combined', 'iw_solver': 'lbfgs', 'iw_rho': 0.3}. Best is trial 171 with value: 0.2150242451884865.
2026-06-01 13:03:17 | INFO | Trial 223 | outer=1 | alpha=1.456e+05 n_pcs=5000 (pc_topk) weight={'name': 'pc_logistic', 'floor': 1e-06, 'clip_max': 2.5, 'prob_clip': 0.0005882479054584081, 'n_components': 40, 'logistic_c': 6.280581534401375, 'pca_fit': 'combined', 'solver': 'lbfgs', 'max_iter': 2000, 'fit_intercept': True, 'standardize_with_source': True, 'rho': 0.3}
[I 2026-06-01 13:03:41,280] Trial 223 finished with value: 0.21426560489610433 and parameters: {'alpha': 145594.27223194903, 'n_pcs': 5000, 'iw_method': 'pc_logistic', 'iw_clip_max': 2.5, 'iw_prob_clip': 0.0005882479054584081, 'iw_n_components': 40, 'iw_logistic_c': 6.280581534401375, 'iw_pca_fit': 'combined', 'iw_solver': 'lbfgs', 'iw_rho': 0.3}. Best is trial 171 with value: 0.2150242451884865.
2026-06-01 13:03:41 | INFO | Trial 224 | outer=1 | alpha=1.529e+05 n_pcs=5000 (pc_topk) weight={'name': 'pc_logistic', 'floor': 1e-06, 'clip_max': 2.5, 'prob_clip': 0.0005865663115435171, 'n_components': 40, 'logistic_c': 6.527243215126869, 'pca_fit': 'combined', 'solver': 'lbfgs', 'max_iter': 2000, 'fit_intercept': True, 'standardize_with_source': True, 'rho': 0.3}
[I 2026-06-01 13:04:05,934] Trial 224 finished with value: 0.21413061088271643 and parameters: {'alpha': 152904.36084907164, 'n_pcs': 5000, 'iw_method': 'pc_logistic', 'iw_clip_max': 2.5, 'iw_prob_clip': 0.0005865663115435171, 'iw_n_components': 40, 'iw_logistic_c': 6.527243215126869, 'iw_pca_fit': 'combined', 'iw_solver': 'lbfgs', 'iw_rho': 0.3}. Best is trial 171 with value: 0.2150242451884865.
2026-06-01 13:04:05 | INFO | Trial 225 | outer=1 | alpha=1.490e+05 n_pcs=5000 (pc_topk) weight={'name': 'pc_logistic', 'floor': 1e-06, 'clip_max': 2.5, 'prob_clip': 0.0005669281173175728, 'n_components': 60, 'logistic_c': 6.559225788187614, 'pca_fit': 'combined', 'solver': 'lbfgs', 'max_iter': 2000, 'fit_intercept': True, 'standardize_with_source': True, 'rho': 0.3}
[I 2026-06-01 13:04:32,112] Trial 225 finished with value: 0.21267762778609853 and parameters: {'alpha': 148953.0224690621, 'n_pcs': 5000, 'iw_method': 'pc_logistic', 'iw_clip_max': 2.5, 'iw_prob_clip': 0.0005669281173175728, 'iw_n_components': 60, 'iw_logistic_c': 6.559225788187614, 'iw_pca_fit': 'combined', 'iw_solver': 'lbfgs', 'iw_rho': 0.3}. Best is trial 171 with value: 0.2150242451884865.
2026-06-01 13:04:32 | INFO | Trial 226 | outer=1 | alpha=1.589e+05 n_pcs=5000 (pc_topk) weight={'name': 'pc_logistic', 'floor': 1e-06, 'clip_max': 2.5, 'prob_clip': 0.0005907526810143521, 'n_components': 80, 'logistic_c': 5.531007546843798, 'pca_fit': 'combined', 'solver': 'lbfgs', 'max_iter': 2000, 'fit_intercept': True, 'standardize_with_source': True, 'rho': 0.3}
[I 2026-06-01 13:05:04,006] Trial 226 finished with value: 0.21537041122642617 and parameters: {'alpha': 158933.158886078, 'n_pcs': 5000, 'iw_method': 'pc_logistic', 'iw_clip_max': 2.5, 'iw_prob_clip': 0.0005907526810143521, 'iw_n_components': 80, 'iw_logistic_c': 5.531007546843798, 'iw_pca_fit': 'combined', 'iw_solver': 'lbfgs', 'iw_rho': 0.3}. Best is trial 226 with value: 0.21537041122642617.
2026-06-01 13:05:04 | INFO | Trial 227 | outer=1 | alpha=1.536e+05 n_pcs=5000 (pc_topk) weight={'name': 'pc_logistic', 'floor': 1e-06, 'clip_max': 12.0, 'prob_clip': 0.0005718202180435175, 'n_components': 40, 'logistic_c': 7.402569979849491, 'pca_fit': 'combined', 'solver': 'lbfgs', 'max_iter': 2000, 'fit_intercept': True, 'standardize_with_source': True, 'rho': 0.3}
[I 2026-06-01 13:05:27,611] Trial 227 finished with value: 0.20063742388744252 and parameters: {'alpha': 153641.95366821857, 'n_pcs': 5000, 'iw_method': 'pc_logistic', 'iw_clip_max': 12.0, 'iw_prob_clip': 0.0005718202180435175, 'iw_n_components': 40, 'iw_logistic_c': 7.402569979849491, 'iw_pca_fit': 'combined', 'iw_solver': 'lbfgs', 'iw_rho': 0.3}. Best is trial 226 with value: 0.21537041122642617.
2026-06-01 13:05:27 | INFO | Trial 228 | outer=1 | alpha=1.592e+05 n_pcs=5000 (pc_topk) weight={'name': 'pc_logistic', 'floor': 1e-06, 'clip_max': 2.5, 'prob_clip': 0.0005277440752216295, 'n_components': 80, 'logistic_c': 5.730729009850596, 'pca_fit': 'combined', 'solver': 'lbfgs', 'max_iter': 2000, 'fit_intercept': True, 'standardize_with_source': True, 'rho': 0.3}
[I 2026-06-01 13:05:57,779] Trial 228 finished with value: 0.21549617268079602 and parameters: {'alpha': 159244.93495682275, 'n_pcs': 5000, 'iw_method': 'pc_logistic', 'iw_clip_max': 2.5, 'iw_prob_clip': 0.0005277440752216295, 'iw_n_components': 80, 'iw_logistic_c': 5.730729009850596, 'iw_pca_fit': 'combined', 'iw_solver': 'lbfgs', 'iw_rho': 0.3}. Best is trial 228 with value: 0.21549617268079602.
2026-06-01 13:05:57 | INFO | Trial 229 | outer=1 | alpha=1.607e+05 n_pcs=5000 (pc_topk) weight={'name': 'pc_logistic', 'floor': 1e-06, 'clip_max': 2.5, 'prob_clip': 0.0005037704604988199, 'n_components': 80, 'logistic_c': 0.1674303184143006, 'pca_fit': 'combined', 'solver': 'lbfgs', 'max_iter': 2000, 'fit_intercept': True, 'standardize_with_source': True, 'rho': 0.3}
[I 2026-06-01 13:06:25,309] Trial 229 finished with value: 0.2109441651091441 and parameters: {'alpha': 160745.0069852763, 'n_pcs': 5000, 'iw_method': 'pc_logistic', 'iw_clip_max': 2.5, 'iw_prob_clip': 0.0005037704604988199, 'iw_n_components': 80, 'iw_logistic_c': 0.1674303184143006, 'iw_pca_fit': 'combined', 'iw_solver': 'lbfgs', 'iw_rho': 0.3}. Best is trial 228 with value: 0.21549617268079602.
2026-06-01 13:06:25 | INFO | Trial 230 | outer=1 | alpha=1.397e+05 n_pcs=5000 (pc_topk) weight={'name': 'pc_logistic', 'floor': 1e-06, 'clip_max': 2.5, 'prob_clip': 0.00135878327763072, 'n_components': 80, 'logistic_c': 5.449876813678953, 'pca_fit': 'combined', 'solver': 'lbfgs', 'max_iter': 2000, 'fit_intercept': True, 'standardize_with_source': True, 'rho': 0.3}
[I 2026-06-01 13:06:56,425] Trial 230 finished with value: 0.2151840606236747 and parameters: {'alpha': 139715.16476271153, 'n_pcs': 5000, 'iw_method': 'pc_logistic', 'iw_clip_max': 2.5, 'iw_prob_clip': 0.00135878327763072, 'iw_n_components': 80, 'iw_logistic_c': 5.449876813678953, 'iw_pca_fit': 'combined', 'iw_solver': 'lbfgs', 'iw_rho': 0.3}. Best is trial 228 with value: 0.21549617268079602.
2026-06-01 13:06:56 | INFO | Trial 231 | outer=1 | alpha=1.342e+05 n_pcs=5000 (pc_topk) weight={'name': 'pc_logistic', 'floor': 1e-06, 'clip_max': 2.5, 'prob_clip': 0.0014466618108039536, 'n_components': 80, 'logistic_c': 5.769640187806073, 'pca_fit': 'combined', 'solver': 'lbfgs', 'max_iter': 2000, 'fit_intercept': True, 'standardize_with_source': True, 'rho': 0.3}
[I 2026-06-01 13:07:24,863] Trial 231 finished with value: 0.21519518914882982 and parameters: {'alpha': 134222.79261754133, 'n_pcs': 5000, 'iw_method': 'pc_logistic', 'iw_clip_max': 2.5, 'iw_prob_clip': 0.0014466618108039536, 'iw_n_components': 80, 'iw_logistic_c': 5.769640187806073, 'iw_pca_fit': 'combined', 'iw_solver': 'lbfgs', 'iw_rho': 0.3}. Best is trial 228 with value: 0.21549617268079602.
2026-06-01 13:07:24 | INFO | Trial 232 | outer=1 | alpha=1.245e+05 n_pcs=5000 (pc_topk) weight={'name': 'pc_logistic', 'floor': 1e-06, 'clip_max': 2.5, 'prob_clip': 0.0015534128805495795, 'n_components': 80, 'logistic_c': 6.136946928039636, 'pca_fit': 'combined', 'solver': 'lbfgs', 'max_iter': 2000, 'fit_intercept': True, 'standardize_with_source': True, 'rho': 0.3}
[I 2026-06-01 13:07:54,504] Trial 232 finished with value: 0.21511395004108919 and parameters: {'alpha': 124513.26435472173, 'n_pcs': 5000, 'iw_method': 'pc_logistic', 'iw_clip_max': 2.5, 'iw_prob_clip': 0.0015534128805495795, 'iw_n_components': 80, 'iw_logistic_c': 6.136946928039636, 'iw_pca_fit': 'combined', 'iw_solver': 'lbfgs', 'iw_rho': 0.3}. Best is trial 228 with value: 0.21549617268079602.
2026-06-01 13:07:54 | INFO | Trial 233 | outer=1 | alpha=1.407e+05 n_pcs=5000 (pc_topk) weight={'name': 'pc_logistic', 'floor': 1e-06, 'clip_max': 2.5, 'prob_clip': 0.0013934728883662898, 'n_components': 80, 'logistic_c': 5.666574442371915, 'pca_fit': 'combined', 'solver': 'lbfgs', 'max_iter': 2000, 'fit_intercept': True, 'standardize_with_source': True, 'rho': 0.7}
[I 2026-06-01 13:08:22,844] Trial 233 finished with value: 0.21026687205883904 and parameters: {'alpha': 140735.56354288274, 'n_pcs': 5000, 'iw_method': 'pc_logistic', 'iw_clip_max': 2.5, 'iw_prob_clip': 0.0013934728883662898, 'iw_n_components': 80, 'iw_logistic_c': 5.666574442371915, 'iw_pca_fit': 'combined', 'iw_solver': 'lbfgs', 'iw_rho': 0.7}. Best is trial 228 with value: 0.21549617268079602.
2026-06-01 13:08:22 | INFO | Trial 234 | outer=1 | alpha=1.303e+05 n_pcs=5000 (pc_topk) weight={'name': 'pc_logistic', 'floor': 1e-06, 'clip_max': 2.5, 'prob_clip': 0.0005885498309166748, 'n_components': 80, 'logistic_c': 5.778120670702597, 'pca_fit': 'combined', 'solver': 'lbfgs', 'max_iter': 2000, 'fit_intercept': True, 'standardize_with_source': True, 'rho': 0.3}
[I 2026-06-01 13:08:53,015] Trial 234 finished with value: 0.21584702075332501 and parameters: {'alpha': 130349.87513185048, 'n_pcs': 5000, 'iw_method': 'pc_logistic', 'iw_clip_max': 2.5, 'iw_prob_clip': 0.0005885498309166748, 'iw_n_components': 80, 'iw_logistic_c': 5.778120670702597, 'iw_pca_fit': 'combined', 'iw_solver': 'lbfgs', 'iw_rho': 0.3}. Best is trial 234 with value: 0.21584702075332501.
2026-06-01 13:08:53 | INFO | Trial 235 | outer=1 | alpha=1.312e+05 n_pcs=5000 (pc_topk) weight={'name': 'pc_logistic', 'floor': 1e-06, 'clip_max': 2.5, 'prob_clip': 0.0013308826120034037, 'n_components': 80, 'logistic_c': 9.549140594403298, 'pca_fit': 'combined', 'solver': 'lbfgs', 'max_iter': 2000, 'fit_intercept': True, 'standardize_with_source': True, 'rho': 0.3}
[I 2026-06-01 13:09:23,506] Trial 235 finished with value: 0.21438556506043596 and parameters: {'alpha': 131175.32301191788, 'n_pcs': 5000, 'iw_method': 'pc_logistic', 'iw_clip_max': 2.5, 'iw_prob_clip': 0.0013308826120034037, 'iw_n_components': 80, 'iw_logistic_c': 9.549140594403298, 'iw_pca_fit': 'combined', 'iw_solver': 'lbfgs', 'iw_rho': 0.3}. Best is trial 234 with value: 0.21584702075332501.
2026-06-01 13:09:23 | INFO | Trial 236 | outer=1 | alpha=1.313e+05 n_pcs=5000 (pc_topk) weight={'name': 'pc_logistic', 'floor': 1e-06, 'clip_max': 4.0, 'prob_clip': 0.0013144246662813198, 'n_components': 80, 'logistic_c': 9.047433736337384, 'pca_fit': 'combined', 'solver': 'lbfgs', 'max_iter': 2000, 'fit_intercept': True, 'standardize_with_source': True, 'rho': 0.3}
[I 2026-06-01 13:09:54,294] Trial 236 finished with value: 0.2103399394914633 and parameters: {'alpha': 131308.46410764393, 'n_pcs': 5000, 'iw_method': 'pc_logistic', 'iw_clip_max': 4.0, 'iw_prob_clip': 0.0013144246662813198, 'iw_n_components': 80, 'iw_logistic_c': 9.047433736337384, 'iw_pca_fit': 'combined', 'iw_solver': 'lbfgs', 'iw_rho': 0.3}. Best is trial 234 with value: 0.21584702075332501.
2026-06-01 13:09:54 | INFO | Trial 237 | outer=1 | alpha=1.371e+05 n_pcs=5000 (pc_topk) weight={'name': 'pc_logistic', 'floor': 1e-06, 'clip_max': 2.5, 'prob_clip': 0.0005744080060992123, 'n_components': 80, 'logistic_c': 5.604523546372532, 'pca_fit': 'combined', 'solver': 'lbfgs', 'max_iter': 2000, 'fit_intercept': True, 'standardize_with_source': True, 'rho': 0.3}
[I 2026-06-01 13:10:25,568] Trial 237 finished with value: 0.21553349604810507 and parameters: {'alpha': 137104.2847718725, 'n_pcs': 5000, 'iw_method': 'pc_logistic', 'iw_clip_max': 2.5, 'iw_prob_clip': 0.0005744080060992123, 'iw_n_components': 80, 'iw_logistic_c': 5.604523546372532, 'iw_pca_fit': 'combined', 'iw_solver': 'lbfgs', 'iw_rho': 0.3}. Best is trial 234 with value: 0.21584702075332501.
2026-06-01 13:10:25 | INFO | Trial 238 | outer=1 | alpha=1.338e+05 n_pcs=5000 (pc_topk) weight={'name': 'pc_logistic', 'floor': 1e-06, 'clip_max': 1.5, 'prob_clip': 0.0016075685724133834, 'n_components': 80, 'logistic_c': 0.23896019670484295, 'pca_fit': 'combined', 'solver': 'lbfgs', 'max_iter': 2000, 'fit_intercept': True, 'standardize_with_source': True, 'rho': 0.3}
[I 2026-06-01 13:10:53,962] Trial 238 finished with value: 0.21065723484334056 and parameters: {'alpha': 133834.51968241148, 'n_pcs': 5000, 'iw_method': 'pc_logistic', 'iw_clip_max': 1.5, 'iw_prob_clip': 0.0016075685724133834, 'iw_n_components': 80, 'iw_logistic_c': 0.23896019670484295, 'iw_pca_fit': 'combined', 'iw_solver': 'lbfgs', 'iw_rho': 0.3}. Best is trial 234 with value: 0.21584702075332501.
2026-06-01 13:10:53 | INFO | Trial 239 | outer=1 | alpha=1.506e+05 n_pcs=5000 (pc_topk) weight={'name': 'pc_logistic', 'floor': 1e-06, 'clip_max': 2.5, 'prob_clip': 0.0013017888604799144, 'n_components': 80, 'logistic_c': 5.668613268622552, 'pca_fit': 'combined', 'solver': 'lbfgs', 'max_iter': 2000, 'fit_intercept': True, 'standardize_with_source': True, 'rho': 0.3}
[I 2026-06-01 13:11:24,571] Trial 239 finished with value: 0.2149583081006427 and parameters: {'alpha': 150555.39590422128, 'n_pcs': 5000, 'iw_method': 'pc_logistic', 'iw_clip_max': 2.5, 'iw_prob_clip': 0.0013017888604799144, 'iw_n_components': 80, 'iw_logistic_c': 5.668613268622552, 'iw_pca_fit': 'combined', 'iw_solver': 'lbfgs', 'iw_rho': 0.3}. Best is trial 234 with value: 0.21584702075332501.
2026-06-01 13:11:24 | INFO | Trial 240 | outer=1 | alpha=1.312e+05 n_pcs=5000 (pc_topk) weight={'name': 'pc_logistic', 'floor': 1e-06, 'clip_max': 2.5, 'prob_clip': 0.0005856925430167141, 'n_components': 80, 'logistic_c': 5.351421533212477, 'pca_fit': 'combined', 'solver': 'lbfgs', 'max_iter': 2000, 'fit_intercept': True, 'standardize_with_source': True, 'rho': 0.3}
[I 2026-06-01 13:11:55,328] Trial 240 finished with value: 0.2157306757371698 and parameters: {'alpha': 131232.46033758819, 'n_pcs': 5000, 'iw_method': 'pc_logistic', 'iw_clip_max': 2.5, 'iw_prob_clip': 0.0005856925430167141, 'iw_n_components': 80, 'iw_logistic_c': 5.351421533212477, 'iw_pca_fit': 'combined', 'iw_solver': 'lbfgs', 'iw_rho': 0.3}. Best is trial 234 with value: 0.21584702075332501.
2026-06-01 13:11:55 | INFO | Trial 241 | outer=1 | alpha=1.245e+05 n_pcs=5000 (pc_topk) weight={'name': 'pc_logistic', 'floor': 1e-06, 'clip_max': 2.5, 'prob_clip': 0.0012434961094321077, 'n_components': 80, 'logistic_c': 5.644231712588868, 'pca_fit': 'combined', 'solver': 'lbfgs', 'max_iter': 2000, 'fit_intercept': True, 'standardize_with_source': True, 'rho': 0.3}
[I 2026-06-01 13:12:24,817] Trial 241 finished with value: 0.2153087450012609 and parameters: {'alpha': 124522.05451293108, 'n_pcs': 5000, 'iw_method': 'pc_logistic', 'iw_clip_max': 2.5, 'iw_prob_clip': 0.0012434961094321077, 'iw_n_components': 80, 'iw_logistic_c': 5.644231712588868, 'iw_pca_fit': 'combined', 'iw_solver': 'lbfgs', 'iw_rho': 0.3}. Best is trial 234 with value: 0.21584702075332501.
2026-06-01 13:12:24 | INFO | Trial 242 | outer=1 | alpha=1.278e+05 n_pcs=5000 (pc_topk) weight={'name': 'pc_logistic', 'floor': 1e-06, 'clip_max': 2.5, 'prob_clip': 0.0011808294055034752, 'n_components': 80, 'logistic_c': 6.220597696960873, 'pca_fit': 'combined', 'solver': 'lbfgs', 'max_iter': 2000, 'fit_intercept': True, 'standardize_with_source': True, 'rho': 0.3}
[I 2026-06-01 13:12:55,135] Trial 242 finished with value: 0.21538919739437498 and parameters: {'alpha': 127758.17621312643, 'n_pcs': 5000, 'iw_method': 'pc_logistic', 'iw_clip_max': 2.5, 'iw_prob_clip': 0.0011808294055034752, 'iw_n_components': 80, 'iw_logistic_c': 6.220597696960873, 'iw_pca_fit': 'combined', 'iw_solver': 'lbfgs', 'iw_rho': 0.3}. Best is trial 234 with value: 0.21584702075332501.
2026-06-01 13:12:55 | INFO | Trial 243 | outer=1 | alpha=1.283e+05 n_pcs=5000 (pc_topk) weight={'name': 'pc_logistic', 'floor': 1e-06, 'clip_max': 2.5, 'prob_clip': 0.0012470585825105154, 'n_components': 80, 'logistic_c': 5.432724362379527, 'pca_fit': 'combined', 'solver': 'lbfgs', 'max_iter': 2000, 'fit_intercept': True, 'standardize_with_source': True, 'rho': 0.3}
[I 2026-06-01 13:13:23,845] Trial 243 finished with value: 0.21533120643003928 and parameters: {'alpha': 128303.12708477263, 'n_pcs': 5000, 'iw_method': 'pc_logistic', 'iw_clip_max': 2.5, 'iw_prob_clip': 0.0012470585825105154, 'iw_n_components': 80, 'iw_logistic_c': 5.432724362379527, 'iw_pca_fit': 'combined', 'iw_solver': 'lbfgs', 'iw_rho': 0.3}. Best is trial 234 with value: 0.21584702075332501.
2026-06-01 13:13:23 | INFO | Trial 244 | outer=1 | alpha=1.233e+05 n_pcs=5000 (pc_topk) weight={'name': 'pc_logistic', 'floor': 1e-06, 'clip_max': 2.5, 'prob_clip': 0.0012927246382529035, 'n_components': 80, 'logistic_c': 5.767751439166223, 'pca_fit': 'combined', 'solver': 'lbfgs', 'max_iter': 2000, 'fit_intercept': True, 'standardize_with_source': True, 'rho': 0.3}
[I 2026-06-01 13:13:54,283] Trial 244 finished with value: 0.21540006400975376 and parameters: {'alpha': 123297.1947548202, 'n_pcs': 5000, 'iw_method': 'pc_logistic', 'iw_clip_max': 2.5, 'iw_prob_clip': 0.0012927246382529035, 'iw_n_components': 80, 'iw_logistic_c': 5.767751439166223, 'iw_pca_fit': 'combined', 'iw_solver': 'lbfgs', 'iw_rho': 0.3}. Best is trial 234 with value: 0.21584702075332501.
2026-06-01 13:13:54 | INFO | Trial 245 | outer=1 | alpha=1.250e+05 n_pcs=5000 (pc_topk) weight={'name': 'pc_logistic', 'floor': 1e-06, 'clip_max': 2.5, 'prob_clip': 0.0012352472949466176, 'n_components': 80, 'logistic_c': 5.3260567893761745, 'pca_fit': 'combined', 'solver': 'lbfgs', 'max_iter': 2000, 'fit_intercept': True, 'standardize_with_source': True, 'rho': 0.3}
[I 2026-06-01 13:14:23,889] Trial 245 finished with value: 0.21544251104155215 and parameters: {'alpha': 124998.36939973113, 'n_pcs': 5000, 'iw_method': 'pc_logistic', 'iw_clip_max': 2.5, 'iw_prob_clip': 0.0012352472949466176, 'iw_n_components': 80, 'iw_logistic_c': 5.3260567893761745, 'iw_pca_fit': 'combined', 'iw_solver': 'lbfgs', 'iw_rho': 0.3}. Best is trial 234 with value: 0.21584702075332501.
2026-06-01 13:14:23 | INFO | Trial 246 | outer=1 | alpha=1.314e+05 n_pcs=5000 (pc_topk) weight={'name': 'pc_logistic', 'floor': 1e-06, 'clip_max': 2.5, 'prob_clip': 0.0012417120411367189, 'n_components': 80, 'logistic_c': 4.871256971239407, 'pca_fit': 'combined', 'solver': 'lbfgs', 'max_iter': 2000, 'fit_intercept': True, 'standardize_with_source': True, 'rho': 0.3}
[I 2026-06-01 13:14:53,586] Trial 246 finished with value: 0.21521691309060217 and parameters: {'alpha': 131432.86122889048, 'n_pcs': 5000, 'iw_method': 'pc_logistic', 'iw_clip_max': 2.5, 'iw_prob_clip': 0.0012417120411367189, 'iw_n_components': 80, 'iw_logistic_c': 4.871256971239407, 'iw_pca_fit': 'combined', 'iw_solver': 'lbfgs', 'iw_rho': 0.3}. Best is trial 234 with value: 0.21584702075332501.
2026-06-01 13:14:53 | INFO | Trial 247 | outer=1 | alpha=1.231e+05 n_pcs=5000 (pc_topk) weight={'name': 'pc_logistic', 'floor': 1e-06, 'clip_max': 7.0, 'prob_clip': 0.0012526649743414258, 'n_components': 80, 'logistic_c': 4.570613074631454, 'pca_fit': 'combined', 'solver': 'lbfgs', 'max_iter': 2000, 'fit_intercept': True, 'standardize_with_source': True, 'rho': 0.5}
[I 2026-06-01 13:15:23,716] Trial 247 finished with value: 0.20438589546315558 and parameters: {'alpha': 123087.10480769779, 'n_pcs': 5000, 'iw_method': 'pc_logistic', 'iw_clip_max': 7.0, 'iw_prob_clip': 0.0012526649743414258, 'iw_n_components': 80, 'iw_logistic_c': 4.570613074631454, 'iw_pca_fit': 'combined', 'iw_solver': 'lbfgs', 'iw_rho': 0.5}. Best is trial 234 with value: 0.21584702075332501.
2026-06-01 13:15:23 | INFO | Trial 248 | outer=1 | alpha=1.195e+05 n_pcs=5000 (pc_topk) weight={'name': 'pc_logistic', 'floor': 1e-06, 'clip_max': 2.5, 'prob_clip': 0.001225088989073529, 'n_components': 80, 'logistic_c': 4.834232323165592, 'pca_fit': 'combined', 'solver': 'lbfgs', 'max_iter': 2000, 'fit_intercept': True, 'standardize_with_source': True, 'rho': 0.3}
[I 2026-06-01 13:15:55,951] Trial 248 finished with value: 0.21538986722809658 and parameters: {'alpha': 119506.57832300033, 'n_pcs': 5000, 'iw_method': 'pc_logistic', 'iw_clip_max': 2.5, 'iw_prob_clip': 0.001225088989073529, 'iw_n_components': 80, 'iw_logistic_c': 4.834232323165592, 'iw_pca_fit': 'combined', 'iw_solver': 'lbfgs', 'iw_rho': 0.3}. Best is trial 234 with value: 0.21584702075332501.
2026-06-01 13:15:55 | INFO | Trial 249 | outer=1 | alpha=1.206e+05 n_pcs=5000 (pc_topk) weight={'name': 'pc_logistic', 'floor': 1e-06, 'clip_max': 2.5, 'prob_clip': 0.0012455823173828067, 'n_components': 80, 'logistic_c': 4.7814919252021255, 'pca_fit': 'combined', 'solver': 'lbfgs', 'max_iter': 2000, 'fit_intercept': True, 'standardize_with_source': True, 'rho': 0.85}
[I 2026-06-01 13:16:26,860] Trial 249 finished with value: 0.2081362316964655 and parameters: {'alpha': 120627.27140010525, 'n_pcs': 5000, 'iw_method': 'pc_logistic', 'iw_clip_max': 2.5, 'iw_prob_clip': 0.0012455823173828067, 'iw_n_components': 80, 'iw_logistic_c': 4.7814919252021255, 'iw_pca_fit': 'combined', 'iw_solver': 'lbfgs', 'iw_rho': 0.85}. Best is trial 234 with value: 0.21584702075332501.
2026-06-01 13:16:26 | INFO | Trial 250 | outer=1 | alpha=1.172e+05 n_pcs=5000 (pc_topk) weight={'name': 'pc_logistic', 'floor': 1e-06, 'clip_max': 2.5, 'prob_clip': 0.0015338986239775876, 'n_components': 80, 'logistic_c': 0.26354826254966407, 'pca_fit': 'combined', 'solver': 'lbfgs', 'max_iter': 2000, 'fit_intercept': True, 'standardize_with_source': True, 'rho': 0.3}
[I 2026-06-01 13:16:55,794] Trial 250 finished with value: 0.21073724117829692 and parameters: {'alpha': 117241.62770742917, 'n_pcs': 5000, 'iw_method': 'pc_logistic', 'iw_clip_max': 2.5, 'iw_prob_clip': 0.0015338986239775876, 'iw_n_components': 80, 'iw_logistic_c': 0.26354826254966407, 'iw_pca_fit': 'combined', 'iw_solver': 'lbfgs', 'iw_rho': 0.3}. Best is trial 234 with value: 0.21584702075332501.
2026-06-01 13:16:55 | INFO | Trial 251 | outer=1 | alpha=1.236e+05 n_pcs=5000 (pc_topk) weight={'name': 'pc_logistic', 'floor': 1e-06, 'clip_max': 2.5, 'prob_clip': 0.0019014683342420033, 'n_components': 80, 'logistic_c': 4.388334226291158, 'pca_fit': 'combined', 'solver': 'lbfgs', 'max_iter': 2000, 'fit_intercept': True, 'standardize_with_source': True, 'rho': 1.0}
[I 2026-06-01 13:17:25,143] Trial 251 finished with value: 0.19565587821973218 and parameters: {'alpha': 123569.68638743406, 'n_pcs': 5000, 'iw_method': 'pc_logistic', 'iw_clip_max': 2.5, 'iw_prob_clip': 0.0019014683342420033, 'iw_n_components': 80, 'iw_logistic_c': 4.388334226291158, 'iw_pca_fit': 'combined', 'iw_solver': 'lbfgs', 'iw_rho': 1.0}. Best is trial 234 with value: 0.21584702075332501.
2026-06-01 13:17:25 | INFO | Trial 252 | outer=1 | alpha=1.296e+05 n_pcs=5000 (pc_topk) weight={'name': 'pc_logistic', 'floor': 1e-06, 'clip_max': 2.5, 'prob_clip': 0.0011740857458184, 'n_components': 80, 'logistic_c': 0.019079150473361454, 'pca_fit': 'combined', 'solver': 'lbfgs', 'max_iter': 2000, 'fit_intercept': True, 'standardize_with_source': True, 'rho': 0.3}
[I 2026-06-01 13:17:52,356] Trial 252 finished with value: 0.20913307935101377 and parameters: {'alpha': 129584.11807630642, 'n_pcs': 5000, 'iw_method': 'pc_logistic', 'iw_clip_max': 2.5, 'iw_prob_clip': 0.0011740857458184, 'iw_n_components': 80, 'iw_logistic_c': 0.019079150473361454, 'iw_pca_fit': 'combined', 'iw_solver': 'lbfgs', 'iw_rho': 0.3}. Best is trial 234 with value: 0.21584702075332501.
2026-06-01 13:17:52 | INFO | Trial 253 | outer=1 | alpha=1.070e+05 n_pcs=5000 (pc_topk) weight={'name': 'pc_logistic', 'floor': 1e-06, 'clip_max': 2.5, 'prob_clip': 0.0014284209229912873, 'n_components': 80, 'logistic_c': 9.632915143104848, 'pca_fit': 'combined', 'solver': 'lbfgs', 'max_iter': 2000, 'fit_intercept': True, 'standardize_with_source': True, 'rho': 0.3}
[I 2026-06-01 13:18:21,419] Trial 253 finished with value: 0.21438123892087177 and parameters: {'alpha': 107010.32271592012, 'n_pcs': 5000, 'iw_method': 'pc_logistic', 'iw_clip_max': 2.5, 'iw_prob_clip': 0.0014284209229912873, 'iw_n_components': 80, 'iw_logistic_c': 9.632915143104848, 'iw_pca_fit': 'combined', 'iw_solver': 'lbfgs', 'iw_rho': 0.3}. Best is trial 234 with value: 0.21584702075332501.
2026-06-01 13:18:21 | INFO | Trial 254 | outer=1 | alpha=1.046e+05 n_pcs=5000 (pc_topk) weight={'name': 'pc_logistic', 'floor': 1e-06, 'clip_max': 2.5, 'prob_clip': 0.0011818787908628857, 'n_components': 80, 'logistic_c': 9.467717662113683, 'pca_fit': 'combined', 'solver': 'lbfgs', 'max_iter': 2000, 'fit_intercept': True, 'standardize_with_source': True, 'rho': 0.3}
[I 2026-06-01 13:18:49,636] Trial 254 finished with value: 0.21449905107597012 and parameters: {'alpha': 104644.8689442648, 'n_pcs': 5000, 'iw_method': 'pc_logistic', 'iw_clip_max': 2.5, 'iw_prob_clip': 0.0011818787908628857, 'iw_n_components': 80, 'iw_logistic_c': 9.467717662113683, 'iw_pca_fit': 'combined', 'iw_solver': 'lbfgs', 'iw_rho': 0.3}. Best is trial 234 with value: 0.21584702075332501.
2026-06-01 13:18:49 | INFO | Trial 255 | outer=1 | alpha=1.021e+05 n_pcs=5000 (pc_topk) weight={'name': 'pc_logistic', 'floor': 1e-06, 'clip_max': 2.5, 'prob_clip': 0.0011895212876521807, 'n_components': 80, 'logistic_c': 9.822631125328666, 'pca_fit': 'combined', 'solver': 'lbfgs', 'max_iter': 2000, 'fit_intercept': True, 'standardize_with_source': True, 'rho': 0.3}
[I 2026-06-01 13:19:20,670] Trial 255 finished with value: 0.21532195503439908 and parameters: {'alpha': 102148.82792461792, 'n_pcs': 5000, 'iw_method': 'pc_logistic', 'iw_clip_max': 2.5, 'iw_prob_clip': 0.0011895212876521807, 'iw_n_components': 80, 'iw_logistic_c': 9.822631125328666, 'iw_pca_fit': 'combined', 'iw_solver': 'lbfgs', 'iw_rho': 0.3}. Best is trial 234 with value: 0.21584702075332501.
2026-06-01 13:19:20 | INFO | Trial 256 | outer=1 | alpha=1.057e+05 n_pcs=5000 (pc_topk) weight={'name': 'pc_logistic', 'floor': 1e-06, 'clip_max': 2.5, 'prob_clip': 0.0011855508826830977, 'n_components': 80, 'logistic_c': 8.957945289080872, 'pca_fit': 'combined', 'solver': 'lbfgs', 'max_iter': 2000, 'fit_intercept': True, 'standardize_with_source': True, 'rho': 0.3}
[I 2026-06-01 13:19:50,863] Trial 256 finished with value: 0.21493840350534876 and parameters: {'alpha': 105730.01488383506, 'n_pcs': 5000, 'iw_method': 'pc_logistic', 'iw_clip_max': 2.5, 'iw_prob_clip': 0.0011855508826830977, 'iw_n_components': 80, 'iw_logistic_c': 8.957945289080872, 'iw_pca_fit': 'combined', 'iw_solver': 'lbfgs', 'iw_rho': 0.3}. Best is trial 234 with value: 0.21584702075332501.
2026-06-01 13:19:50 | INFO | Trial 257 | outer=1 | alpha=1.041e+05 n_pcs=5000 (pc_topk) weight={'name': 'pc_logistic', 'floor': 1e-06, 'clip_max': 2.5, 'prob_clip': 0.001204305361575935, 'n_components': 80, 'logistic_c': 4.268430934516328, 'pca_fit': 'combined', 'solver': 'lbfgs', 'max_iter': 2000, 'fit_intercept': True, 'standardize_with_source': True, 'rho': 0.3}
[I 2026-06-01 13:20:19,515] Trial 257 finished with value: 0.21514498713927602 and parameters: {'alpha': 104073.3899800152, 'n_pcs': 5000, 'iw_method': 'pc_logistic', 'iw_clip_max': 2.5, 'iw_prob_clip': 0.001204305361575935, 'iw_n_components': 80, 'iw_logistic_c': 4.268430934516328, 'iw_pca_fit': 'combined', 'iw_solver': 'lbfgs', 'iw_rho': 0.3}. Best is trial 234 with value: 0.21584702075332501.
2026-06-01 13:20:19 | INFO | Trial 258 | outer=1 | alpha=9.618e+04 n_pcs=5000 (pc_topk) weight={'name': 'pc_logistic', 'floor': 1e-06, 'clip_max': 2.5, 'prob_clip': 0.001176761374609785, 'n_components': 80, 'logistic_c': 4.279657608976958, 'pca_fit': 'combined', 'solver': 'lbfgs', 'max_iter': 2000, 'fit_intercept': True, 'standardize_with_source': True, 'rho': 0.3}
[I 2026-06-01 13:20:47,545] Trial 258 finished with value: 0.2150988573975591 and parameters: {'alpha': 96182.86341771959, 'n_pcs': 5000, 'iw_method': 'pc_logistic', 'iw_clip_max': 2.5, 'iw_prob_clip': 0.001176761374609785, 'iw_n_components': 80, 'iw_logistic_c': 4.279657608976958, 'iw_pca_fit': 'combined', 'iw_solver': 'lbfgs', 'iw_rho': 0.3}. Best is trial 234 with value: 0.21584702075332501.
2026-06-01 13:20:47 | INFO | Trial 259 | outer=1 | alpha=1.029e+05 n_pcs=5000 (pc_topk) weight={'name': 'pc_logistic', 'floor': 1e-06, 'clip_max': 2.5, 'prob_clip': 0.0011860247132375605, 'n_components': 80, 'logistic_c': 4.142190754057131, 'pca_fit': 'combined', 'solver': 'lbfgs', 'max_iter': 2000, 'fit_intercept': True, 'standardize_with_source': True, 'rho': 0.3}
[I 2026-06-01 13:21:19,577] Trial 259 finished with value: 0.21528916763757389 and parameters: {'alpha': 102934.90322914365, 'n_pcs': 5000, 'iw_method': 'pc_logistic', 'iw_clip_max': 2.5, 'iw_prob_clip': 0.0011860247132375605, 'iw_n_components': 80, 'iw_logistic_c': 4.142190754057131, 'iw_pca_fit': 'combined', 'iw_solver': 'lbfgs', 'iw_rho': 0.3}. Best is trial 234 with value: 0.21584702075332501.
2026-06-01 13:21:19 | INFO | Trial 260 | outer=1 | alpha=1.077e+05 n_pcs=5000 (pc_topk) weight={'name': 'pc_logistic', 'floor': 1e-06, 'clip_max': 2.5, 'prob_clip': 0.0011820248186456084, 'n_components': 80, 'logistic_c': 4.177451332524354, 'pca_fit': 'combined', 'solver': 'lbfgs', 'max_iter': 2000, 'fit_intercept': True, 'standardize_with_source': True, 'rho': 0.3}
[I 2026-06-01 13:21:49,736] Trial 260 finished with value: 0.2153145016426882 and parameters: {'alpha': 107703.3144055489, 'n_pcs': 5000, 'iw_method': 'pc_logistic', 'iw_clip_max': 2.5, 'iw_prob_clip': 0.0011820248186456084, 'iw_n_components': 80, 'iw_logistic_c': 4.177451332524354, 'iw_pca_fit': 'combined', 'iw_solver': 'lbfgs', 'iw_rho': 0.3}. Best is trial 234 with value: 0.21584702075332501.
2026-06-01 13:21:49 | INFO | Trial 261 | outer=1 | alpha=1.008e+05 n_pcs=5000 (pc_topk) weight={'name': 'pc_logistic', 'floor': 1e-06, 'clip_max': 2.5, 'prob_clip': 0.001182842952894151, 'n_components': 80, 'logistic_c': 4.010631469334045, 'pca_fit': 'combined', 'solver': 'lbfgs', 'max_iter': 2000, 'fit_intercept': True, 'standardize_with_source': True, 'rho': 0.3}
[I 2026-06-01 13:22:22,043] Trial 261 finished with value: 0.21524258132866175 and parameters: {'alpha': 100778.33330193767, 'n_pcs': 5000, 'iw_method': 'pc_logistic', 'iw_clip_max': 2.5, 'iw_prob_clip': 0.001182842952894151, 'iw_n_components': 80, 'iw_logistic_c': 4.010631469334045, 'iw_pca_fit': 'combined', 'iw_solver': 'lbfgs', 'iw_rho': 0.3}. Best is trial 234 with value: 0.21584702075332501.
2026-06-01 13:22:22 | INFO | Trial 262 | outer=1 | alpha=1.149e+05 n_pcs=5000 (pc_topk) weight={'name': 'pc_logistic', 'floor': 1e-06, 'clip_max': 12.0, 'prob_clip': 0.0011667399136222963, 'n_components': 80, 'logistic_c': 3.990442237415506, 'pca_fit': 'combined', 'solver': 'lbfgs', 'max_iter': 2000, 'fit_intercept': True, 'standardize_with_source': True, 'rho': 0.3}
[I 2026-06-01 13:22:52,784] Trial 262 finished with value: 0.20197375962537661 and parameters: {'alpha': 114943.20344687998, 'n_pcs': 5000, 'iw_method': 'pc_logistic', 'iw_clip_max': 12.0, 'iw_prob_clip': 0.0011667399136222963, 'iw_n_components': 80, 'iw_logistic_c': 3.990442237415506, 'iw_pca_fit': 'combined', 'iw_solver': 'lbfgs', 'iw_rho': 0.3}. Best is trial 234 with value: 0.21584702075332501.
2026-06-01 13:22:52 | INFO | Trial 263 | outer=1 | alpha=9.677e+04 n_pcs=5000 (pc_topk) weight={'name': 'pc_logistic', 'floor': 1e-06, 'clip_max': 2.5, 'prob_clip': 0.0019226302677648709, 'n_components': 80, 'logistic_c': 4.177458516915871, 'pca_fit': 'combined', 'solver': 'lbfgs', 'max_iter': 2000, 'fit_intercept': True, 'standardize_with_source': True, 'rho': 0.3}
[I 2026-06-01 13:23:22,286] Trial 263 finished with value: 0.21474834737030535 and parameters: {'alpha': 96771.52452323833, 'n_pcs': 5000, 'iw_method': 'pc_logistic', 'iw_clip_max': 2.5, 'iw_prob_clip': 0.0019226302677648709, 'iw_n_components': 80, 'iw_logistic_c': 4.177458516915871, 'iw_pca_fit': 'combined', 'iw_solver': 'lbfgs', 'iw_rho': 0.3}. Best is trial 234 with value: 0.21584702075332501.
2026-06-01 13:23:22 | INFO | Trial 264 | outer=1 | alpha=9.944e+04 n_pcs=5000 (pc_topk) weight={'name': 'pc_logistic', 'floor': 1e-06, 'clip_max': 2.5, 'prob_clip': 0.0014701139161000644, 'n_components': 80, 'logistic_c': 8.427965089799938e-05, 'pca_fit': 'combined', 'solver': 'lbfgs', 'max_iter': 2000, 'fit_intercept': True, 'standardize_with_source': True, 'rho': 0.7}
[I 2026-06-01 13:23:37,624] Trial 264 finished with value: 0.21275619668281665 and parameters: {'alpha': 99437.70503390119, 'n_pcs': 5000, 'iw_method': 'pc_logistic', 'iw_clip_max': 2.5, 'iw_prob_clip': 0.0014701139161000644, 'iw_n_components': 80, 'iw_logistic_c': 8.427965089799938e-05, 'iw_pca_fit': 'combined', 'iw_solver': 'lbfgs', 'iw_rho': 0.7}. Best is trial 234 with value: 0.21584702075332501.
2026-06-01 13:23:37 | INFO | Trial 265 | outer=1 | alpha=1.185e+05 n_pcs=5000 (pc_topk) weight={'name': 'pc_logistic', 'floor': 1e-06, 'clip_max': 2.5, 'prob_clip': 0.0012722091445175054, 'n_components': 80, 'logistic_c': 4.516814226411322, 'pca_fit': 'combined', 'solver': 'lbfgs', 'max_iter': 2000, 'fit_intercept': True, 'standardize_with_source': True, 'rho': 0.3}
[I 2026-06-01 13:24:08,621] Trial 265 finished with value: 0.2152960871485609 and parameters: {'alpha': 118503.9452862211, 'n_pcs': 5000, 'iw_method': 'pc_logistic', 'iw_clip_max': 2.5, 'iw_prob_clip': 0.0012722091445175054, 'iw_n_components': 80, 'iw_logistic_c': 4.516814226411322, 'iw_pca_fit': 'combined', 'iw_solver': 'lbfgs', 'iw_rho': 0.3}. Best is trial 234 with value: 0.21584702075332501.
2026-06-01 13:24:08 | INFO | Trial 266 | outer=1 | alpha=1.074e+05 n_pcs=5000 (pc_topk) weight={'name': 'pc_logistic', 'floor': 1e-06, 'clip_max': 2.5, 'prob_clip': 0.001277818837494958, 'n_components': 80, 'logistic_c': 3.9756703365150496, 'pca_fit': 'combined', 'solver': 'lbfgs', 'max_iter': 2000, 'fit_intercept': True, 'standardize_with_source': True, 'rho': 0.3}
[I 2026-06-01 13:24:39,502] Trial 266 finished with value: 0.21515329607058759 and parameters: {'alpha': 107426.43848911459, 'n_pcs': 5000, 'iw_method': 'pc_logistic', 'iw_clip_max': 2.5, 'iw_prob_clip': 0.001277818837494958, 'iw_n_components': 80, 'iw_logistic_c': 3.9756703365150496, 'iw_pca_fit': 'combined', 'iw_solver': 'lbfgs', 'iw_rho': 0.3}. Best is trial 234 with value: 0.21584702075332501.
2026-06-01 13:24:39 | INFO | Trial 267 | outer=1 | alpha=9.073e+04 n_pcs=5000 (pc_topk) weight={'name': 'pc_logistic', 'floor': 1e-06, 'clip_max': 2.5, 'prob_clip': 0.0017201002840625168, 'n_components': 80, 'logistic_c': 3.823881996716948, 'pca_fit': 'combined', 'solver': 'lbfgs', 'max_iter': 2000, 'fit_intercept': True, 'standardize_with_source': True, 'rho': 0.3}
[I 2026-06-01 13:25:09,314] Trial 267 finished with value: 0.2146734506776863 and parameters: {'alpha': 90730.87552757048, 'n_pcs': 5000, 'iw_method': 'pc_logistic', 'iw_clip_max': 2.5, 'iw_prob_clip': 0.0017201002840625168, 'iw_n_components': 80, 'iw_logistic_c': 3.823881996716948, 'iw_pca_fit': 'combined', 'iw_solver': 'lbfgs', 'iw_rho': 0.3}. Best is trial 234 with value: 0.21584702075332501.
2026-06-01 13:25:09 | INFO | Trial 268 | outer=1 | alpha=1.128e+05 n_pcs=5000 (pc_topk) weight={'name': 'pc_logistic', 'floor': 1e-06, 'clip_max': 4.0, 'prob_clip': 0.0013682372370193237, 'n_components': 80, 'logistic_c': 1.7024849985694075, 'pca_fit': 'combined', 'solver': 'lbfgs', 'max_iter': 2000, 'fit_intercept': True, 'standardize_with_source': True, 'rho': 0.3}
[I 2026-06-01 13:25:39,995] Trial 268 finished with value: 0.21247717023433302 and parameters: {'alpha': 112756.606487467, 'n_pcs': 5000, 'iw_method': 'pc_logistic', 'iw_clip_max': 4.0, 'iw_prob_clip': 0.0013682372370193237, 'iw_n_components': 80, 'iw_logistic_c': 1.7024849985694075, 'iw_pca_fit': 'combined', 'iw_solver': 'lbfgs', 'iw_rho': 0.3}. Best is trial 234 with value: 0.21584702075332501.
2026-06-01 13:25:40 | INFO | Trial 269 | outer=1 | alpha=1.166e+05 n_pcs=5000 (pc_topk) weight={'name': 'pc_logistic', 'floor': 1e-06, 'clip_max': 2.5, 'prob_clip': 0.001298278664467751, 'n_components': 80, 'logistic_c': 4.394206745843694, 'pca_fit': 'combined', 'solver': 'lbfgs', 'max_iter': 2000, 'fit_intercept': True, 'standardize_with_source': True, 'rho': 0.3}
[I 2026-06-01 13:26:13,922] Trial 269 finished with value: 0.21522151681078155 and parameters: {'alpha': 116552.4272842771, 'n_pcs': 5000, 'iw_method': 'pc_logistic', 'iw_clip_max': 2.5, 'iw_prob_clip': 0.001298278664467751, 'iw_n_components': 80, 'iw_logistic_c': 4.394206745843694, 'iw_pca_fit': 'combined', 'iw_solver': 'lbfgs', 'iw_rho': 0.3}. Best is trial 234 with value: 0.21584702075332501.
2026-06-01 13:26:14 | INFO | Trial 270 | outer=1 | alpha=1.127e+05 n_pcs=5000 (pc_topk) weight={'name': 'pc_logistic', 'floor': 1e-06, 'clip_max': 1.5, 'prob_clip': 0.0011618133092207838, 'n_components': 80, 'logistic_c': 4.228930736276395, 'pca_fit': 'combined', 'solver': 'lbfgs', 'max_iter': 2000, 'fit_intercept': True, 'standardize_with_source': True, 'rho': 0.3}
[I 2026-06-01 13:26:45,572] Trial 270 finished with value: 0.2128713330998082 and parameters: {'alpha': 112719.74654405129, 'n_pcs': 5000, 'iw_method': 'pc_logistic', 'iw_clip_max': 1.5, 'iw_prob_clip': 0.0011618133092207838, 'iw_n_components': 80, 'iw_logistic_c': 4.228930736276395, 'iw_pca_fit': 'combined', 'iw_solver': 'lbfgs', 'iw_rho': 0.3}. Best is trial 234 with value: 0.21584702075332501.
2026-06-01 13:26:45 | INFO | Trial 271 | outer=1 | alpha=9.021e+04 n_pcs=5000 (pc_topk) weight={'name': 'pc_logistic', 'floor': 1e-06, 'clip_max': 2.5, 'prob_clip': 0.0012588909941975862, 'n_components': 80, 'logistic_c': 4.132712621358807, 'pca_fit': 'combined', 'solver': 'lbfgs', 'max_iter': 2000, 'fit_intercept': True, 'standardize_with_source': True, 'rho': 0.3}
[I 2026-06-01 13:27:16,066] Trial 271 finished with value: 0.21485518475903936 and parameters: {'alpha': 90206.7394085158, 'n_pcs': 5000, 'iw_method': 'pc_logistic', 'iw_clip_max': 2.5, 'iw_prob_clip': 0.0012588909941975862, 'iw_n_components': 80, 'iw_logistic_c': 4.132712621358807, 'iw_pca_fit': 'combined', 'iw_solver': 'lbfgs', 'iw_rho': 0.3}. Best is trial 234 with value: 0.21584702075332501.
2026-06-01 13:27:16 | INFO | Trial 272 | outer=1 | alpha=1.186e+05 n_pcs=5000 (pc_topk) weight={'name': 'pc_logistic', 'floor': 1e-06, 'clip_max': 2.5, 'prob_clip': 0.0015177312599689932, 'n_components': 80, 'logistic_c': 3.3686479444819972, 'pca_fit': 'combined', 'solver': 'lbfgs', 'max_iter': 2000, 'fit_intercept': True, 'standardize_with_source': True, 'rho': 0.3}
[I 2026-06-01 13:27:46,252] Trial 272 finished with value: 0.21512596089431982 and parameters: {'alpha': 118584.13047152835, 'n_pcs': 5000, 'iw_method': 'pc_logistic', 'iw_clip_max': 2.5, 'iw_prob_clip': 0.0015177312599689932, 'iw_n_components': 80, 'iw_logistic_c': 3.3686479444819972, 'iw_pca_fit': 'combined', 'iw_solver': 'lbfgs', 'iw_rho': 0.3}. Best is trial 234 with value: 0.21584702075332501.
2026-06-01 13:27:46 | INFO | Trial 273 | outer=1 | alpha=1.001e+05 n_pcs=5000 (pc_topk) weight={'name': 'pc_logistic', 'floor': 1e-06, 'clip_max': 2.5, 'prob_clip': 0.0015656361594902912, 'n_components': 80, 'logistic_c': 3.3893306428586696, 'pca_fit': 'combined', 'solver': 'lbfgs', 'max_iter': 2000, 'fit_intercept': True, 'standardize_with_source': True, 'rho': 0.3}
[I 2026-06-01 13:28:16,385] Trial 273 finished with value: 0.2149833302586063 and parameters: {'alpha': 100086.69978822312, 'n_pcs': 5000, 'iw_method': 'pc_logistic', 'iw_clip_max': 2.5, 'iw_prob_clip': 0.0015656361594902912, 'iw_n_components': 80, 'iw_logistic_c': 3.3893306428586696, 'iw_pca_fit': 'combined', 'iw_solver': 'lbfgs', 'iw_rho': 0.3}. Best is trial 234 with value: 0.21584702075332501.
2026-06-01 13:28:16 | INFO | Trial 274 | outer=1 | alpha=1.265e+05 n_pcs=5000 (pc_topk) weight={'name': 'pc_logistic', 'floor': 1e-06, 'clip_max': 2.5, 'prob_clip': 0.0008951283751396273, 'n_components': 80, 'logistic_c': 5.076481410118492, 'pca_fit': 'combined', 'solver': 'lbfgs', 'max_iter': 2000, 'fit_intercept': True, 'standardize_with_source': True, 'rho': 0.3}
[I 2026-06-01 13:28:45,101] Trial 274 finished with value: 0.21542898762385893 and parameters: {'alpha': 126506.06281376487, 'n_pcs': 5000, 'iw_method': 'pc_logistic', 'iw_clip_max': 2.5, 'iw_prob_clip': 0.0008951283751396273, 'iw_n_components': 80, 'iw_logistic_c': 5.076481410118492, 'iw_pca_fit': 'combined', 'iw_solver': 'lbfgs', 'iw_rho': 0.3}. Best is trial 234 with value: 0.21584702075332501.
2026-06-01 13:28:45 | INFO | Trial 275 | outer=1 | alpha=1.241e+05 n_pcs=5000 (pc_topk) weight={'name': 'pc_logistic', 'floor': 1e-06, 'clip_max': 2.5, 'prob_clip': 0.0014481193562014304, 'n_components': 80, 'logistic_c': 6.040148915966244, 'pca_fit': 'combined', 'solver': 'lbfgs', 'max_iter': 2000, 'fit_intercept': True, 'standardize_with_source': True, 'rho': 0.3}
[I 2026-06-01 13:29:16,301] Trial 275 finished with value: 0.2149258274939121 and parameters: {'alpha': 124082.19446054693, 'n_pcs': 5000, 'iw_method': 'pc_logistic', 'iw_clip_max': 2.5, 'iw_prob_clip': 0.0014481193562014304, 'iw_n_components': 80, 'iw_logistic_c': 6.040148915966244, 'iw_pca_fit': 'combined', 'iw_solver': 'lbfgs', 'iw_rho': 0.3}. Best is trial 234 with value: 0.21584702075332501.
2026-06-01 13:29:16 | INFO | Trial 276 | outer=1 | alpha=1.274e+05 n_pcs=3000 (pc_topk) weight={'name': 'pc_logistic', 'floor': 1e-06, 'clip_max': 7.0, 'prob_clip': 0.001293461768924536, 'n_components': 80, 'logistic_c': 2.046651827494152, 'pca_fit': 'combined', 'solver': 'lbfgs', 'max_iter': 2000, 'fit_intercept': True, 'standardize_with_source': True, 'rho': 0.3}
[I 2026-06-01 13:29:38,297] Trial 276 finished with value: 0.21005577863947641 and parameters: {'alpha': 127422.96398689631, 'n_pcs': 3000, 'iw_method': 'pc_logistic', 'iw_clip_max': 7.0, 'iw_prob_clip': 0.001293461768924536, 'iw_n_components': 80, 'iw_logistic_c': 2.046651827494152, 'iw_pca_fit': 'combined', 'iw_solver': 'lbfgs', 'iw_rho': 0.3}. Best is trial 234 with value: 0.21584702075332501.
2026-06-01 13:29:38 | INFO | Trial 277 | outer=1 | alpha=1.109e+05 n_pcs=5000 (pc_topk) weight={'name': 'pc_logistic', 'floor': 1e-06, 'clip_max': 2.5, 'prob_clip': 0.0014103253682984545, 'n_components': 80, 'logistic_c': 3.1037512376139804, 'pca_fit': 'combined', 'solver': 'lbfgs', 'max_iter': 2000, 'fit_intercept': True, 'standardize_with_source': True, 'rho': 0.5}
[I 2026-06-01 13:30:07,675] Trial 277 finished with value: 0.21303376203070784 and parameters: {'alpha': 110936.82613061197, 'n_pcs': 5000, 'iw_method': 'pc_logistic', 'iw_clip_max': 2.5, 'iw_prob_clip': 0.0014103253682984545, 'iw_n_components': 80, 'iw_logistic_c': 3.1037512376139804, 'iw_pca_fit': 'combined', 'iw_solver': 'lbfgs', 'iw_rho': 0.5}. Best is trial 234 with value: 0.21584702075332501.
2026-06-01 13:30:07 | INFO | Trial 278 | outer=1 | alpha=8.677e+04 n_pcs=5000 (pc_topk) weight={'name': 'pc_logistic', 'floor': 1e-06, 'clip_max': 2.5, 'prob_clip': 0.0016586542537474702, 'n_components': 80, 'logistic_c': 5.935544660644692, 'pca_fit': 'combined', 'solver': 'lbfgs', 'max_iter': 2000, 'fit_intercept': True, 'standardize_with_source': True, 'rho': 0.85}
[I 2026-06-01 13:30:35,667] Trial 278 finished with value: 0.20743369079998483 and parameters: {'alpha': 86769.70344521156, 'n_pcs': 5000, 'iw_method': 'pc_logistic', 'iw_clip_max': 2.5, 'iw_prob_clip': 0.0016586542537474702, 'iw_n_components': 80, 'iw_logistic_c': 5.935544660644692, 'iw_pca_fit': 'combined', 'iw_solver': 'lbfgs', 'iw_rho': 0.85}. Best is trial 234 with value: 0.21584702075332501.
2026-06-01 13:30:35 | INFO | Trial 279 | outer=1 | alpha=1.337e+05 n_pcs=5000 (pc_topk) weight={'name': 'pc_logistic', 'floor': 1e-06, 'clip_max': 2.5, 'prob_clip': 0.000910291549070393, 'n_components': 20, 'logistic_c': 1.3733067832942356, 'pca_fit': 'combined', 'solver': 'lbfgs', 'max_iter': 2000, 'fit_intercept': True, 'standardize_with_source': True, 'rho': 0.3}
[I 2026-06-01 13:30:55,800] Trial 279 finished with value: 0.21158814238608853 and parameters: {'alpha': 133728.00635524007, 'n_pcs': 5000, 'iw_method': 'pc_logistic', 'iw_clip_max': 2.5, 'iw_prob_clip': 0.000910291549070393, 'iw_n_components': 20, 'iw_logistic_c': 1.3733067832942356, 'iw_pca_fit': 'combined', 'iw_solver': 'lbfgs', 'iw_rho': 0.3}. Best is trial 234 with value: 0.21584702075332501.
2026-06-01 13:30:55 | INFO | Trial 280 | outer=1 | alpha=1.080e+05 n_pcs=5000 (pc_topk) weight={'name': 'pc_logistic', 'floor': 1e-06, 'clip_max': 2.5, 'prob_clip': 0.0011321094527729934, 'n_components': 80, 'logistic_c': 4.871371527112325, 'pca_fit': 'combined', 'solver': 'lbfgs', 'max_iter': 2000, 'fit_intercept': True, 'standardize_with_source': True, 'rho': 0.3}
[I 2026-06-01 13:31:25,684] Trial 280 finished with value: 0.21527800044368517 and parameters: {'alpha': 108040.86609847893, 'n_pcs': 5000, 'iw_method': 'pc_logistic', 'iw_clip_max': 2.5, 'iw_prob_clip': 0.0011321094527729934, 'iw_n_components': 80, 'iw_logistic_c': 4.871371527112325, 'iw_pca_fit': 'combined', 'iw_solver': 'lbfgs', 'iw_rho': 0.3}. Best is trial 234 with value: 0.21584702075332501.
2026-06-01 13:31:25 | INFO | Trial 281 | outer=1 | alpha=1.052e+05 n_pcs=5000 (pc_topk) weight={'name': 'pc_logistic', 'floor': 1e-06, 'clip_max': 2.5, 'prob_clip': 0.003969304213787403, 'n_components': 100, 'logistic_c': 3.270489368512594, 'pca_fit': 'combined', 'solver': 'lbfgs', 'max_iter': 2000, 'fit_intercept': True, 'standardize_with_source': True, 'rho': 0.3}
[I 2026-06-01 13:31:57,086] Trial 281 finished with value: 0.20951667744360547 and parameters: {'alpha': 105185.51842044972, 'n_pcs': 5000, 'iw_method': 'pc_logistic', 'iw_clip_max': 2.5, 'iw_prob_clip': 0.003969304213787403, 'iw_n_components': 100, 'iw_logistic_c': 3.270489368512594, 'iw_pca_fit': 'combined', 'iw_solver': 'lbfgs', 'iw_rho': 0.3}. Best is trial 234 with value: 0.21584702075332501.
2026-06-01 13:31:57 | INFO | Trial 282 | outer=1 | alpha=8.430e+04 n_pcs=5000 (pc_topk) weight={'name': 'pc_logistic', 'floor': 1e-06, 'clip_max': 2.5, 'prob_clip': 0.0011332068489450578, 'n_components': 80, 'logistic_c': 4.737065025258889, 'pca_fit': 'combined', 'solver': 'lbfgs', 'max_iter': 2000, 'fit_intercept': True, 'standardize_with_source': True, 'rho': 0.3}
[I 2026-06-01 13:32:25,665] Trial 282 finished with value: 0.214907797714255 and parameters: {'alpha': 84295.54470004998, 'n_pcs': 5000, 'iw_method': 'pc_logistic', 'iw_clip_max': 2.5, 'iw_prob_clip': 0.0011332068489450578, 'iw_n_components': 80, 'iw_logistic_c': 4.737065025258889, 'iw_pca_fit': 'combined', 'iw_solver': 'lbfgs', 'iw_rho': 0.3}. Best is trial 234 with value: 0.21584702075332501.
2026-06-01 13:32:25 | INFO | Trial 283 | outer=1 | alpha=1.344e+05 n_pcs=5000 (pc_topk) weight={'name': 'pc_logistic', 'floor': 1e-06, 'clip_max': 2.5, 'prob_clip': 0.0012977373442840463, 'n_components': 80, 'logistic_c': 2.0087191799814454, 'pca_fit': 'combined', 'solver': 'lbfgs', 'max_iter': 2000, 'fit_intercept': True, 'standardize_with_source': True, 'rho': 0.3}
[I 2026-06-01 13:32:55,422] Trial 283 finished with value: 0.2145858258329742 and parameters: {'alpha': 134433.48224610122, 'n_pcs': 5000, 'iw_method': 'pc_logistic', 'iw_clip_max': 2.5, 'iw_prob_clip': 0.0012977373442840463, 'iw_n_components': 80, 'iw_logistic_c': 2.0087191799814454, 'iw_pca_fit': 'combined', 'iw_solver': 'lbfgs', 'iw_rho': 0.3}. Best is trial 234 with value: 0.21584702075332501.
2026-06-01 13:32:55 | INFO | Trial 284 | outer=1 | alpha=1.058e+05 n_pcs=2000 (pc_topk) weight={'name': 'pc_logistic', 'floor': 1e-06, 'clip_max': 2.5, 'prob_clip': 0.0009119640702467951, 'n_components': 10, 'logistic_c': 6.509264836779423, 'pca_fit': 'combined', 'solver': 'lbfgs', 'max_iter': 2000, 'fit_intercept': True, 'standardize_with_source': True, 'rho': 0.3}
[I 2026-06-01 13:33:06,210] Trial 284 finished with value: 0.21117592354384856 and parameters: {'alpha': 105831.7845498885, 'n_pcs': 2000, 'iw_method': 'pc_logistic', 'iw_clip_max': 2.5, 'iw_prob_clip': 0.0009119640702467951, 'iw_n_components': 10, 'iw_logistic_c': 6.509264836779423, 'iw_pca_fit': 'combined', 'iw_solver': 'lbfgs', 'iw_rho': 0.3}. Best is trial 234 with value: 0.21584702075332501.
2026-06-01 13:33:06 | INFO | Trial 285 | outer=1 | alpha=8.902e+04 n_pcs=5000 (pc_topk) weight={'name': 'pc_logistic', 'floor': 1e-06, 'clip_max': 2.5, 'prob_clip': 0.0011256329056699653, 'n_components': 80, 'logistic_c': 0.0006815309830587209, 'pca_fit': 'combined', 'solver': 'lbfgs', 'max_iter': 2000, 'fit_intercept': True, 'standardize_with_source': True, 'rho': 0.3}
[I 2026-06-01 13:33:23,384] Trial 285 finished with value: 0.21317006092318896 and parameters: {'alpha': 89020.63998248155, 'n_pcs': 5000, 'iw_method': 'pc_logistic', 'iw_clip_max': 2.5, 'iw_prob_clip': 0.0011256329056699653, 'iw_n_components': 80, 'iw_logistic_c': 0.0006815309830587209, 'iw_pca_fit': 'combined', 'iw_solver': 'lbfgs', 'iw_rho': 0.3}. Best is trial 234 with value: 0.21584702075332501.
2026-06-01 13:33:23 | INFO | Trial 286 | outer=1 | alpha=1.390e+05 n_pcs=5000 (pc_topk) weight={'name': 'pc_logistic', 'floor': 1e-06, 'clip_max': 2.5, 'prob_clip': 0.0012200073666625542, 'n_components': 80, 'logistic_c': 2.946623205893021, 'pca_fit': 'combined', 'solver': 'lbfgs', 'max_iter': 2000, 'fit_intercept': True, 'standardize_with_source': True, 'rho': 0.3}
[I 2026-06-01 13:33:52,764] Trial 286 finished with value: 0.2150764951228746 and parameters: {'alpha': 139003.72643981062, 'n_pcs': 5000, 'iw_method': 'pc_logistic', 'iw_clip_max': 2.5, 'iw_prob_clip': 0.0012200073666625542, 'iw_n_components': 80, 'iw_logistic_c': 2.946623205893021, 'iw_pca_fit': 'combined', 'iw_solver': 'lbfgs', 'iw_rho': 0.3}. Best is trial 234 with value: 0.21584702075332501.
2026-06-01 13:33:52 | INFO | Trial 287 | outer=1 | alpha=1.139e+05 n_pcs=5000 (pc_topk) weight={'name': 'pc_logistic', 'floor': 1e-06, 'clip_max': 2.5, 'prob_clip': 0.001410060786960198, 'n_components': 80, 'logistic_c': 4.6118338282326095, 'pca_fit': 'combined', 'solver': 'lbfgs', 'max_iter': 2000, 'fit_intercept': True, 'standardize_with_source': True, 'rho': 1.0}
[I 2026-06-01 13:34:21,051] Trial 287 finished with value: 0.19520817524408723 and parameters: {'alpha': 113871.21709816599, 'n_pcs': 5000, 'iw_method': 'pc_logistic', 'iw_clip_max': 2.5, 'iw_prob_clip': 0.001410060786960198, 'iw_n_components': 80, 'iw_logistic_c': 4.6118338282326095, 'iw_pca_fit': 'combined', 'iw_solver': 'lbfgs', 'iw_rho': 1.0}. Best is trial 234 with value: 0.21584702075332501.
2026-06-01 13:34:21 | INFO | Trial 288 | outer=1 | alpha=1.367e+05 n_pcs=5000 (pc_topk) weight={'name': 'pc_logistic', 'floor': 1e-06, 'clip_max': 2.5, 'prob_clip': 0.001293149867964933, 'n_components': 80, 'logistic_c': 7.200591442796064, 'pca_fit': 'combined', 'solver': 'lbfgs', 'max_iter': 2000, 'fit_intercept': True, 'standardize_with_source': True, 'rho': 0.3}
[I 2026-06-01 13:34:48,801] Trial 288 finished with value: 0.21514800373218504 and parameters: {'alpha': 136669.35622100282, 'n_pcs': 5000, 'iw_method': 'pc_logistic', 'iw_clip_max': 2.5, 'iw_prob_clip': 0.001293149867964933, 'iw_n_components': 80, 'iw_logistic_c': 7.200591442796064, 'iw_pca_fit': 'combined', 'iw_solver': 'lbfgs', 'iw_rho': 0.3}. Best is trial 234 with value: 0.21584702075332501.
2026-06-01 13:34:48 | INFO | Trial 289 | outer=1 | alpha=1.486e+05 n_pcs=5000 (pc_topk) weight={'name': 'pc_logistic', 'floor': 1e-06, 'clip_max': 2.5, 'prob_clip': 0.0012743632733226678, 'n_components': 80, 'logistic_c': 6.699697441876451, 'pca_fit': 'combined', 'solver': 'lbfgs', 'max_iter': 2000, 'fit_intercept': True, 'standardize_with_source': True, 'rho': 0.3}
[I 2026-06-01 13:35:19,838] Trial 289 finished with value: 0.2150918888905619 and parameters: {'alpha': 148584.22839895124, 'n_pcs': 5000, 'iw_method': 'pc_logistic', 'iw_clip_max': 2.5, 'iw_prob_clip': 0.0012743632733226678, 'iw_n_components': 80, 'iw_logistic_c': 6.699697441876451, 'iw_pca_fit': 'combined', 'iw_solver': 'lbfgs', 'iw_rho': 0.3}. Best is trial 234 with value: 0.21584702075332501.
2026-06-01 13:35:19 | INFO | Trial 290 | outer=1 | alpha=9.564e+04 n_pcs=5000 (pc_topk) weight={'name': 'pc_logistic', 'floor': 1e-06, 'clip_max': 2.5, 'prob_clip': 0.01661096317854599, 'n_components': 80, 'logistic_c': 7.228841519779334, 'pca_fit': 'combined', 'solver': 'lbfgs', 'max_iter': 2000, 'fit_intercept': True, 'standardize_with_source': True, 'rho': 0.3}
[I 2026-06-01 13:35:47,037] Trial 290 finished with value: 0.21142551650720248 and parameters: {'alpha': 95636.62325733347, 'n_pcs': 5000, 'iw_method': 'pc_logistic', 'iw_clip_max': 2.5, 'iw_prob_clip': 0.01661096317854599, 'iw_n_components': 80, 'iw_logistic_c': 7.228841519779334, 'iw_pca_fit': 'combined', 'iw_solver': 'lbfgs', 'iw_rho': 0.3}. Best is trial 234 with value: 0.21584702075332501.
2026-06-01 13:35:47 | INFO | Trial 291 | outer=1 | alpha=1.346e+05 n_pcs=5000 (pc_topk) weight={'name': 'pc_logistic', 'floor': 1e-06, 'clip_max': 2.5, 'prob_clip': 0.0011127716771676401, 'n_components': 80, 'logistic_c': 6.066311944090605e-07, 'pca_fit': 'combined', 'solver': 'lbfgs', 'max_iter': 2000, 'fit_intercept': True, 'standardize_with_source': True, 'rho': 0.3}
[I 2026-06-01 13:35:59,838] Trial 291 finished with value: 0.20784590561646743 and parameters: {'alpha': 134607.25940404687, 'n_pcs': 5000, 'iw_method': 'pc_logistic', 'iw_clip_max': 2.5, 'iw_prob_clip': 0.0011127716771676401, 'iw_n_components': 80, 'iw_logistic_c': 6.066311944090605e-07, 'iw_pca_fit': 'combined', 'iw_solver': 'lbfgs', 'iw_rho': 0.3}. Best is trial 234 with value: 0.21584702075332501.
2026-06-01 13:35:59 | INFO | Trial 292 | outer=1 | alpha=1.052e+05 n_pcs=5000 (pc_topk) weight={'name': 'pc_logistic', 'floor': 1e-06, 'clip_max': 2.5, 'prob_clip': 0.0013134030517850488, 'n_components': 80, 'logistic_c': 4.928942600605645, 'pca_fit': 'combined', 'solver': 'lbfgs', 'max_iter': 2000, 'fit_intercept': True, 'standardize_with_source': True, 'rho': 0.3}
[I 2026-06-01 13:36:29,438] Trial 292 finished with value: 0.21524651072989656 and parameters: {'alpha': 105179.4305729011, 'n_pcs': 5000, 'iw_method': 'pc_logistic', 'iw_clip_max': 2.5, 'iw_prob_clip': 0.0013134030517850488, 'iw_n_components': 80, 'iw_logistic_c': 4.928942600605645, 'iw_pca_fit': 'combined', 'iw_solver': 'lbfgs', 'iw_rho': 0.3}. Best is trial 234 with value: 0.21584702075332501.
2026-06-01 13:36:29 | INFO | Trial 293 | outer=1 | alpha=8.568e+04 n_pcs=5000 (pc_topk) weight={'name': 'pc_logistic', 'floor': 1e-06, 'clip_max': 2.5, 'prob_clip': 0.00133200747485616, 'n_components': 80, 'logistic_c': 9.67617985783187, 'pca_fit': 'combined', 'solver': 'lbfgs', 'max_iter': 2000, 'fit_intercept': True, 'standardize_with_source': True, 'rho': 0.3}
[I 2026-06-01 13:36:57,317] Trial 293 finished with value: 0.21441002463748263 and parameters: {'alpha': 85683.7415505618, 'n_pcs': 5000, 'iw_method': 'pc_logistic', 'iw_clip_max': 2.5, 'iw_prob_clip': 0.00133200747485616, 'iw_n_components': 80, 'iw_logistic_c': 9.67617985783187, 'iw_pca_fit': 'combined', 'iw_solver': 'lbfgs', 'iw_rho': 0.3}. Best is trial 234 with value: 0.21584702075332501.
2026-06-01 13:36:57 | INFO | Trial 294 | outer=1 | alpha=1.386e+05 n_pcs=5000 (pc_topk) weight={'name': 'pc_logistic', 'floor': 1e-06, 'clip_max': 12.0, 'prob_clip': 0.0008095988910547493, 'n_components': 80, 'logistic_c': 5.462633781318603, 'pca_fit': 'combined', 'solver': 'lbfgs', 'max_iter': 2000, 'fit_intercept': True, 'standardize_with_source': True, 'rho': 0.3}
[I 2026-06-01 13:37:26,215] Trial 294 finished with value: 0.20140778904564344 and parameters: {'alpha': 138645.8304272447, 'n_pcs': 5000, 'iw_method': 'pc_logistic', 'iw_clip_max': 12.0, 'iw_prob_clip': 0.0008095988910547493, 'iw_n_components': 80, 'iw_logistic_c': 5.462633781318603, 'iw_pca_fit': 'combined', 'iw_solver': 'lbfgs', 'iw_rho': 0.3}. Best is trial 234 with value: 0.21584702075332501.
2026-06-01 13:37:26 | INFO | Trial 295 | outer=1 | alpha=1.186e+05 n_pcs=5000 (pc_topk) weight={'name': 'pc_logistic', 'floor': 1e-06, 'clip_max': 2.5, 'prob_clip': 0.0018762515903033936, 'n_components': 60, 'logistic_c': 7.1115580961653055, 'pca_fit': 'combined', 'solver': 'lbfgs', 'max_iter': 2000, 'fit_intercept': True, 'standardize_with_source': True, 'rho': 0.3}
[I 2026-06-01 13:37:51,162] Trial 295 finished with value: 0.21374047216708805 and parameters: {'alpha': 118616.32400192673, 'n_pcs': 5000, 'iw_method': 'pc_logistic', 'iw_clip_max': 2.5, 'iw_prob_clip': 0.0018762515903033936, 'iw_n_components': 60, 'iw_logistic_c': 7.1115580961653055, 'iw_pca_fit': 'combined', 'iw_solver': 'lbfgs', 'iw_rho': 0.3}. Best is trial 234 with value: 0.21584702075332501.
2026-06-01 13:37:51 | INFO | Trial 296 | outer=1 | alpha=1.495e+05 n_pcs=5000 (pc_topk) weight={'name': 'pc_logistic', 'floor': 1e-06, 'clip_max': 2.5, 'prob_clip': 0.0009249228234573887, 'n_components': 80, 'logistic_c': 2.425701320632093, 'pca_fit': 'combined', 'solver': 'lbfgs', 'max_iter': 2000, 'fit_intercept': True, 'standardize_with_source': True, 'rho': 0.7}
[I 2026-06-01 13:38:21,119] Trial 296 finished with value: 0.20905482329129793 and parameters: {'alpha': 149493.8513250876, 'n_pcs': 5000, 'iw_method': 'pc_logistic', 'iw_clip_max': 2.5, 'iw_prob_clip': 0.0009249228234573887, 'iw_n_components': 80, 'iw_logistic_c': 2.425701320632093, 'iw_pca_fit': 'combined', 'iw_solver': 'lbfgs', 'iw_rho': 0.7}. Best is trial 234 with value: 0.21584702075332501.
2026-06-01 13:38:21 | INFO | Trial 297 | outer=1 | alpha=1.037e+05 n_pcs=5000 (pc_topk) weight={'name': 'pc_logistic', 'floor': 1e-06, 'clip_max': 2.5, 'prob_clip': 0.0011042900508792062, 'n_components': 80, 'logistic_c': 4.760491687022225, 'pca_fit': 'combined', 'solver': 'lbfgs', 'max_iter': 2000, 'fit_intercept': True, 'standardize_with_source': True, 'rho': 0.3}
[I 2026-06-01 13:38:50,188] Trial 297 finished with value: 0.21541924385799632 and parameters: {'alpha': 103728.6139279982, 'n_pcs': 5000, 'iw_method': 'pc_logistic', 'iw_clip_max': 2.5, 'iw_prob_clip': 0.0011042900508792062, 'iw_n_components': 80, 'iw_logistic_c': 4.760491687022225, 'iw_pca_fit': 'combined', 'iw_solver': 'lbfgs', 'iw_rho': 0.3}. Best is trial 234 with value: 0.21584702075332501.
2026-06-01 13:38:50 | INFO | Trial 298 | outer=1 | alpha=9.811e+04 n_pcs=5000 (pc_topk) weight={'name': 'pc_logistic', 'floor': 1e-06, 'clip_max': 2.5, 'prob_clip': 0.0011050206421930604, 'n_components': 80, 'logistic_c': 4.746341685988535, 'pca_fit': 'combined', 'solver': 'lbfgs', 'max_iter': 2000, 'fit_intercept': True, 'standardize_with_source': True, 'rho': 0.3}
[I 2026-06-01 13:39:17,398] Trial 298 finished with value: 0.21520125443893293 and parameters: {'alpha': 98112.56094540036, 'n_pcs': 5000, 'iw_method': 'pc_logistic', 'iw_clip_max': 2.5, 'iw_prob_clip': 0.0011050206421930604, 'iw_n_components': 80, 'iw_logistic_c': 4.746341685988535, 'iw_pca_fit': 'combined', 'iw_solver': 'lbfgs', 'iw_rho': 0.3}. Best is trial 234 with value: 0.21584702075332501.
2026-06-01 13:39:17 | INFO | Trial 299 | outer=1 | alpha=8.527e+04 n_pcs=5000 (pc_topk) weight={'name': 'pc_logistic', 'floor': 1e-06, 'clip_max': 1.5, 'prob_clip': 0.001140302529008401, 'n_components': 80, 'logistic_c': 4.980524109255466, 'pca_fit': 'combined', 'solver': 'lbfgs', 'max_iter': 2000, 'fit_intercept': True, 'standardize_with_source': True, 'rho': 0.3}
[I 2026-06-01 13:39:46,604] Trial 299 finished with value: 0.21312275212910542 and parameters: {'alpha': 85274.16520172657, 'n_pcs': 5000, 'iw_method': 'pc_logistic', 'iw_clip_max': 1.5, 'iw_prob_clip': 0.001140302529008401, 'iw_n_components': 80, 'iw_logistic_c': 4.980524109255466, 'iw_pca_fit': 'combined', 'iw_solver': 'lbfgs', 'iw_rho': 0.3}. Best is trial 234 with value: 0.21584702075332501.
2026-06-01 13:39:46 | INFO | OUTER 1 best (inner mean r=0.2158): {'model_type': 'pc_ridge', 'alpha': 130349.87513185048, 'use_snp_selection': True, 'num_snps': 5000, 'n_pcs': 5000, 'weighting': {'name': 'pc_logistic', 'floor': 1e-06, 'clip_max': 2.5, 'prob_clip': 0.0005885498309166748, 'n_components': 80, 'logistic_c': 5.778120670702597, 'pca_fit': 'combined', 'solver': 'lbfgs', 'max_iter': 2000, 'fit_intercept': True, 'standardize_with_source': True, 'rho': 0.3}, 'mean_inner_effective_sample_size': 4349.797288195727, 'mean_inner_effective_sample_size_threshold': 1049.0800000000002}
2026-06-01 13:39:49 | INFO | OUTER 1 TEST r = 0.2255
2026-06-01 13:39:49 | INFO | OUTER 1 incremental summary saved to outputs/final_results/e6_pc_ridge_importance/body_mass/e6_pc_ridge_importance_body_mass_results.json
2026-06-01 13:39:49 | INFO | OUTER 2: test_size=92 island=1 (Myken)
2026-06-01 13:39:50 | INFO | OUTER 2: using top 10 related inner validation islands for tuning: 3(Selvær, avgGRM=0.0212), 2(Træna, avgGRM=0.0151), 8(Lovund, avgGRM=0.0084), 0(Nesøy, avgGRM=0.0067), 9(Sleneset, avgGRM=0.0044), 7(Onøy og Lurøy, avgGRM=0.0024), 5(Hestmannøy, avgGRM=0.0014), 6(Indre Kvarøy, avgGRM=0.0009), 4(Gjerøy, avgGRM=-0.0004), 10(Aldra, avgGRM=-0.0036)
[I 2026-06-01 13:39:50,006] A new study created in memory with name: ridge_importance_inner_outer1
2026-06-01 13:39:50 | INFO | Trial 0 | outer=2 | alpha=1.137e+05 n_pcs=4000 (pc_topk) weight={'name': 'uniform'}
[I 2026-06-01 13:39:55,080] Trial 0 finished with value: 0.18507321805672958 and parameters: {'alpha': 113703.38004442609, 'n_pcs': 4000, 'iw_method': 'uniform'}. Best is trial 0 with value: 0.18507321805672958.
2026-06-01 13:39:55 | INFO | Trial 1 | outer=2 | alpha=1.734e+04 n_pcs=5000 (pc_topk) weight={'name': 'uniform'}
[I 2026-06-01 13:40:02,393] Trial 1 finished with value: 0.18242276174342736 and parameters: {'alpha': 17335.792577698634, 'n_pcs': 5000, 'iw_method': 'uniform'}. Best is trial 0 with value: 0.18507321805672958.
2026-06-01 13:40:02 | INFO | Trial 2 | outer=2 | alpha=1.435e+05 n_pcs=1500 (pc_topk) weight={'name': 'uniform'}
[I 2026-06-01 13:40:05,169] Trial 2 finished with value: 0.17558513639029474 and parameters: {'alpha': 143482.76912965564, 'n_pcs': 1500, 'iw_method': 'uniform'}. Best is trial 0 with value: 0.18507321805672958.
2026-06-01 13:40:05 | INFO | Trial 3 | outer=2 | alpha=1.431e+05 n_pcs=500 (pc_topk) weight={'name': 'uniform'}
[I 2026-06-01 13:40:05,898] Trial 3 finished with value: 0.15721406703804472 and parameters: {'alpha': 143072.2464444983, 'n_pcs': 500, 'iw_method': 'uniform'}. Best is trial 0 with value: 0.18507321805672958.
2026-06-01 13:40:05 | INFO | Trial 4 | outer=2 | alpha=5.373e+06 n_pcs=2000 (pc_topk) weight={'name': 'pc_logistic', 'floor': 1e-06, 'clip_max': 1.5, 'prob_clip': 0.001637400317167702, 'n_components': 80, 'logistic_c': 0.09386700500068379, 'pca_fit': 'combined', 'solver': 'lbfgs', 'max_iter': 2000, 'fit_intercept': True, 'standardize_with_source': True, 'rho': 1.0}
[I 2026-06-01 13:40:21,888] Trial 4 finished with value: 0.1822925971362009 and parameters: {'alpha': 5373167.4046281455, 'n_pcs': 2000, 'iw_method': 'pc_logistic', 'iw_clip_max': 1.5, 'iw_prob_clip': 0.001637400317167702, 'iw_n_components': 80, 'iw_logistic_c': 0.09386700500068379, 'iw_pca_fit': 'combined', 'iw_solver': 'lbfgs', 'iw_rho': 1.0}. Best is trial 0 with value: 0.18507321805672958.
2026-06-01 13:40:21 | INFO | Trial 5 | outer=2 | alpha=6.435e+04 n_pcs=1000 (pc_topk) weight={'name': 'pc_logistic', 'floor': 1e-06, 'clip_max': 7.0, 'prob_clip': 0.004193356127903791, 'n_components': 20, 'logistic_c': 9.236417519010976, 'pca_fit': 'combined', 'solver': 'lbfgs', 'max_iter': 2000, 'fit_intercept': True, 'standardize_with_source': True, 'rho': 1.0}
2026-06-01 13:40:33 | INFO | Trial 5 rejected by ESS guard: mean_ess=837.25 threshold=1053.94
[I 2026-06-01 13:40:33,149] Trial 5 finished with value: -1.0 and parameters: {'alpha': 64350.09539177312, 'n_pcs': 1000, 'iw_method': 'pc_logistic', 'iw_clip_max': 7.0, 'iw_prob_clip': 0.004193356127903791, 'iw_n_components': 20, 'iw_logistic_c': 9.236417519010976, 'iw_pca_fit': 'combined', 'iw_solver': 'lbfgs', 'iw_rho': 1.0}. Best is trial 0 with value: 0.18507321805672958.
2026-06-01 13:40:33 | INFO | Trial 6 | outer=2 | alpha=3.046e+05 n_pcs=3500 (pc_topk) weight={'name': 'pc_logistic', 'floor': 1e-06, 'clip_max': 12.0, 'prob_clip': 0.0007016380040663315, 'n_components': 80, 'logistic_c': 0.00021908930989278453, 'pca_fit': 'combined', 'solver': 'lbfgs', 'max_iter': 2000, 'fit_intercept': True, 'standardize_with_source': True, 'rho': 0.7}
[I 2026-06-01 13:40:43,350] Trial 6 finished with value: 0.19256409118665424 and parameters: {'alpha': 304631.0485153137, 'n_pcs': 3500, 'iw_method': 'pc_logistic', 'iw_clip_max': 12.0, 'iw_prob_clip': 0.0007016380040663315, 'iw_n_components': 80, 'iw_logistic_c': 0.00021908930989278453, 'iw_pca_fit': 'combined', 'iw_solver': 'lbfgs', 'iw_rho': 0.7}. Best is trial 6 with value: 0.19256409118665424.
2026-06-01 13:40:43 | INFO | Trial 7 | outer=2 | alpha=7.213e+06 n_pcs=500 (pc_topk) weight={'name': 'uniform'}
[I 2026-06-01 13:40:44,141] Trial 7 finished with value: 0.1557551686503235 and parameters: {'alpha': 7213019.60957054, 'n_pcs': 500, 'iw_method': 'uniform'}. Best is trial 6 with value: 0.19256409118665424.
2026-06-01 13:40:44 | INFO | Trial 8 | outer=2 | alpha=2.347e+03 n_pcs=3000 (pc_topk) weight={'name': 'pc_logistic', 'floor': 1e-06, 'clip_max': 2.5, 'prob_clip': 0.017782866059784724, 'n_components': 60, 'logistic_c': 4.584813955429537e-07, 'pca_fit': 'combined', 'solver': 'lbfgs', 'max_iter': 2000, 'fit_intercept': True, 'standardize_with_source': True, 'rho': 0.3}
[I 2026-06-01 13:40:52,641] Trial 8 finished with value: 0.14774006603187964 and parameters: {'alpha': 2346.6230871488538, 'n_pcs': 3000, 'iw_method': 'pc_logistic', 'iw_clip_max': 2.5, 'iw_prob_clip': 0.017782866059784724, 'iw_n_components': 60, 'iw_logistic_c': 4.584813955429537e-07, 'iw_pca_fit': 'combined', 'iw_solver': 'lbfgs', 'iw_rho': 0.3}. Best is trial 6 with value: 0.19256409118665424.
2026-06-01 13:40:52 | INFO | Trial 9 | outer=2 | alpha=1.067e+03 n_pcs=4000 (pc_topk) weight={'name': 'pc_logistic', 'floor': 1e-06, 'clip_max': 4.0, 'prob_clip': 0.003002704300062754, 'n_components': 10, 'logistic_c': 4.32601466983518e-06, 'pca_fit': 'combined', 'solver': 'lbfgs', 'max_iter': 2000, 'fit_intercept': True, 'standardize_with_source': True, 'rho': 1.0}
[I 2026-06-01 13:41:03,318] Trial 9 finished with value: 0.11651133398657891 and parameters: {'alpha': 1067.2105048492429, 'n_pcs': 4000, 'iw_method': 'pc_logistic', 'iw_clip_max': 4.0, 'iw_prob_clip': 0.003002704300062754, 'iw_n_components': 10, 'iw_logistic_c': 4.32601466983518e-06, 'iw_pca_fit': 'combined', 'iw_solver': 'lbfgs', 'iw_rho': 1.0}. Best is trial 6 with value: 0.19256409118665424.
2026-06-01 13:41:03 | INFO | Trial 10 | outer=2 | alpha=1.043e+06 n_pcs=3000 (pc_topk) weight={'name': 'pc_logistic', 'floor': 1e-06, 'clip_max': 12.0, 'prob_clip': 0.0006339528592388323, 'n_components': 80, 'logistic_c': 0.00039556443830808004, 'pca_fit': 'combined', 'solver': 'lbfgs', 'max_iter': 2000, 'fit_intercept': True, 'standardize_with_source': True, 'rho': 0.7}
[I 2026-06-01 13:41:13,810] Trial 10 finished with value: 0.1892071906210755 and parameters: {'alpha': 1042700.9089917553, 'n_pcs': 3000, 'iw_method': 'pc_logistic', 'iw_clip_max': 12.0, 'iw_prob_clip': 0.0006339528592388323, 'iw_n_components': 80, 'iw_logistic_c': 0.00039556443830808004, 'iw_pca_fit': 'combined', 'iw_solver': 'lbfgs', 'iw_rho': 0.7}. Best is trial 6 with value: 0.19256409118665424.
2026-06-01 13:41:13 | INFO | Trial 11 | outer=2 | alpha=1.515e+06 n_pcs=3000 (pc_topk) weight={'name': 'pc_logistic', 'floor': 1e-06, 'clip_max': 12.0, 'prob_clip': 0.0005231675745499104, 'n_components': 80, 'logistic_c': 0.0005417303134256661, 'pca_fit': 'combined', 'solver': 'lbfgs', 'max_iter': 2000, 'fit_intercept': True, 'standardize_with_source': True, 'rho': 0.7}
[I 2026-06-01 13:41:24,333] Trial 11 finished with value: 0.1870044270923124 and parameters: {'alpha': 1514826.4092240615, 'n_pcs': 3000, 'iw_method': 'pc_logistic', 'iw_clip_max': 12.0, 'iw_prob_clip': 0.0005231675745499104, 'iw_n_components': 80, 'iw_logistic_c': 0.0005417303134256661, 'iw_pca_fit': 'combined', 'iw_solver': 'lbfgs', 'iw_rho': 0.7}. Best is trial 6 with value: 0.19256409118665424.
2026-06-01 13:41:24 | INFO | Trial 12 | outer=2 | alpha=8.589e+05 n_pcs=4000 (pc_topk) weight={'name': 'pc_logistic', 'floor': 1e-06, 'clip_max': 12.0, 'prob_clip': 0.0005832410910934629, 'n_components': 80, 'logistic_c': 0.0003219794455924855, 'pca_fit': 'combined', 'solver': 'lbfgs', 'max_iter': 2000, 'fit_intercept': True, 'standardize_with_source': True, 'rho': 0.7}
[I 2026-06-01 13:41:37,017] Trial 12 finished with value: 0.18833938547699453 and parameters: {'alpha': 858886.8393466201, 'n_pcs': 4000, 'iw_method': 'pc_logistic', 'iw_clip_max': 12.0, 'iw_prob_clip': 0.0005832410910934629, 'iw_n_components': 80, 'iw_logistic_c': 0.0003219794455924855, 'iw_pca_fit': 'combined', 'iw_solver': 'lbfgs', 'iw_rho': 0.7}. Best is trial 6 with value: 0.19256409118665424.
2026-06-01 13:41:37 | INFO | Trial 13 | outer=2 | alpha=7.147e+05 n_pcs=2500 (pc_topk) weight={'name': 'pc_logistic', 'floor': 1e-06, 'clip_max': 12.0, 'prob_clip': 0.0012889084099350855, 'n_components': 40, 'logistic_c': 0.0001413286926765881, 'pca_fit': 'combined', 'solver': 'lbfgs', 'max_iter': 2000, 'fit_intercept': True, 'standardize_with_source': True, 'rho': 0.7}
[I 2026-06-01 13:41:46,781] Trial 13 finished with value: 0.18503013590278466 and parameters: {'alpha': 714694.6799037684, 'n_pcs': 2500, 'iw_method': 'pc_logistic', 'iw_clip_max': 12.0, 'iw_prob_clip': 0.0012889084099350855, 'iw_n_components': 40, 'iw_logistic_c': 0.0001413286926765881, 'iw_pca_fit': 'combined', 'iw_solver': 'lbfgs', 'iw_rho': 0.7}. Best is trial 6 with value: 0.19256409118665424.
2026-06-01 13:41:46 | INFO | Trial 14 | outer=2 | alpha=4.874e+05 n_pcs=3500 (pc_topk) weight={'name': 'pc_logistic', 'floor': 1e-06, 'clip_max': 12.0, 'prob_clip': 0.01604965617193347, 'n_components': 100, 'logistic_c': 0.015218316942209346, 'pca_fit': 'combined', 'solver': 'lbfgs', 'max_iter': 2000, 'fit_intercept': True, 'standardize_with_source': True, 'rho': 0.85}
[I 2026-06-01 13:42:04,543] Trial 14 finished with value: 0.18192880529160474 and parameters: {'alpha': 487373.6492950292, 'n_pcs': 3500, 'iw_method': 'pc_logistic', 'iw_clip_max': 12.0, 'iw_prob_clip': 0.01604965617193347, 'iw_n_components': 100, 'iw_logistic_c': 0.015218316942209346, 'iw_pca_fit': 'combined', 'iw_solver': 'lbfgs', 'iw_rho': 0.85}. Best is trial 6 with value: 0.19256409118665424.
2026-06-01 13:42:04 | INFO | Trial 15 | outer=2 | alpha=2.248e+04 n_pcs=4500 (pc_topk) weight={'name': 'pc_logistic', 'floor': 1e-06, 'clip_max': 12.0, 'prob_clip': 0.0011820181178253137, 'n_components': 80, 'logistic_c': 1.946161758322824e-05, 'pca_fit': 'combined', 'solver': 'lbfgs', 'max_iter': 2000, 'fit_intercept': True, 'standardize_with_source': True, 'rho': 0.5}
[I 2026-06-01 13:42:16,032] Trial 15 finished with value: 0.18875813859905494 and parameters: {'alpha': 22484.0910106446, 'n_pcs': 4500, 'iw_method': 'pc_logistic', 'iw_clip_max': 12.0, 'iw_prob_clip': 0.0011820181178253137, 'iw_n_components': 80, 'iw_logistic_c': 1.946161758322824e-05, 'iw_pca_fit': 'combined', 'iw_solver': 'lbfgs', 'iw_rho': 0.5}. Best is trial 6 with value: 0.19256409118665424.
2026-06-01 13:42:16 | INFO | Trial 16 | outer=2 | alpha=2.650e+06 n_pcs=2500 (pc_topk) weight={'name': 'pc_logistic', 'floor': 1e-06, 'clip_max': 1.5, 'prob_clip': 0.04563657364142015, 'n_components': 80, 'logistic_c': 0.01659814888562169, 'pca_fit': 'combined', 'solver': 'lbfgs', 'max_iter': 2000, 'fit_intercept': True, 'standardize_with_source': True, 'rho': 0.7}
[I 2026-06-01 13:42:32,395] Trial 16 finished with value: 0.18312322341528464 and parameters: {'alpha': 2650467.3988070632, 'n_pcs': 2500, 'iw_method': 'pc_logistic', 'iw_clip_max': 1.5, 'iw_prob_clip': 0.04563657364142015, 'iw_n_components': 80, 'iw_logistic_c': 0.01659814888562169, 'iw_pca_fit': 'combined', 'iw_solver': 'lbfgs', 'iw_rho': 0.7}. Best is trial 6 with value: 0.19256409118665424.
2026-06-01 13:42:32 | INFO | Trial 17 | outer=2 | alpha=3.907e+05 n_pcs=3500 (pc_topk) weight={'name': 'pc_logistic', 'floor': 1e-06, 'clip_max': 4.0, 'prob_clip': 0.0008525723189507292, 'n_components': 40, 'logistic_c': 1.808012188560379e-05, 'pca_fit': 'combined', 'solver': 'lbfgs', 'max_iter': 2000, 'fit_intercept': True, 'standardize_with_source': True, 'rho': 0.7}
[I 2026-06-01 13:42:41,956] Trial 17 finished with value: 0.1909165027417457 and parameters: {'alpha': 390665.16488696553, 'n_pcs': 3500, 'iw_method': 'pc_logistic', 'iw_clip_max': 4.0, 'iw_prob_clip': 0.0008525723189507292, 'iw_n_components': 40, 'iw_logistic_c': 1.808012188560379e-05, 'iw_pca_fit': 'combined', 'iw_solver': 'lbfgs', 'iw_rho': 0.7}. Best is trial 6 with value: 0.19256409118665424.
2026-06-01 13:42:41 | INFO | Trial 18 | outer=2 | alpha=3.330e+05 n_pcs=5000 (pc_topk) weight={'name': 'pc_logistic', 'floor': 1e-06, 'clip_max': 4.0, 'prob_clip': 0.002192742903418367, 'n_components': 40, 'logistic_c': 2.423515680806694e-07, 'pca_fit': 'combined', 'solver': 'lbfgs', 'max_iter': 2000, 'fit_intercept': True, 'standardize_with_source': True, 'rho': 0.85}
[I 2026-06-01 13:42:54,844] Trial 18 finished with value: 0.17992640036087543 and parameters: {'alpha': 333020.19526847766, 'n_pcs': 5000, 'iw_method': 'pc_logistic', 'iw_clip_max': 4.0, 'iw_prob_clip': 0.002192742903418367, 'iw_n_components': 40, 'iw_logistic_c': 2.423515680806694e-07, 'iw_pca_fit': 'combined', 'iw_solver': 'lbfgs', 'iw_rho': 0.85}. Best is trial 6 with value: 0.19256409118665424.
2026-06-01 13:42:54 | INFO | Trial 19 | outer=2 | alpha=3.510e+04 n_pcs=3500 (pc_topk) weight={'name': 'pc_logistic', 'floor': 1e-06, 'clip_max': 4.0, 'prob_clip': 0.006720536815637656, 'n_components': 40, 'logistic_c': 1.0167713417377917e-05, 'pca_fit': 'combined', 'solver': 'lbfgs', 'max_iter': 2000, 'fit_intercept': True, 'standardize_with_source': True, 'rho': 0.3}
[I 2026-06-01 13:43:04,746] Trial 19 finished with value: 0.18881977900427135 and parameters: {'alpha': 35097.400007245255, 'n_pcs': 3500, 'iw_method': 'pc_logistic', 'iw_clip_max': 4.0, 'iw_prob_clip': 0.006720536815637656, 'iw_n_components': 40, 'iw_logistic_c': 1.0167713417377917e-05, 'iw_pca_fit': 'combined', 'iw_solver': 'lbfgs', 'iw_rho': 0.3}. Best is trial 6 with value: 0.19256409118665424.
2026-06-01 13:43:04 | INFO | Trial 20 | outer=2 | alpha=7.233e+03 n_pcs=2000 (pc_topk) weight={'name': 'pc_logistic', 'floor': 1e-06, 'clip_max': 7.0, 'prob_clip': 0.0010620911068884846, 'n_components': 60, 'logistic_c': 0.005626991280063421, 'pca_fit': 'combined', 'solver': 'lbfgs', 'max_iter': 2000, 'fit_intercept': True, 'standardize_with_source': True, 'rho': 0.5}
[I 2026-06-01 13:43:17,823] Trial 20 finished with value: 0.18206854411040627 and parameters: {'alpha': 7233.207666948399, 'n_pcs': 2000, 'iw_method': 'pc_logistic', 'iw_clip_max': 7.0, 'iw_prob_clip': 0.0010620911068884846, 'iw_n_components': 60, 'iw_logistic_c': 0.005626991280063421, 'iw_pca_fit': 'combined', 'iw_solver': 'lbfgs', 'iw_rho': 0.5}. Best is trial 6 with value: 0.19256409118665424.
2026-06-01 13:43:17 | INFO | Trial 21 | outer=2 | alpha=2.941e+05 n_pcs=3500 (pc_topk) weight={'name': 'pc_logistic', 'floor': 1e-06, 'clip_max': 2.5, 'prob_clip': 0.0008365067383108238, 'n_components': 100, 'logistic_c': 5.5762362707081863e-05, 'pca_fit': 'combined', 'solver': 'lbfgs', 'max_iter': 2000, 'fit_intercept': True, 'standardize_with_source': True, 'rho': 0.7}
[I 2026-06-01 13:43:28,143] Trial 21 finished with value: 0.19044538492708743 and parameters: {'alpha': 294114.06046191155, 'n_pcs': 3500, 'iw_method': 'pc_logistic', 'iw_clip_max': 2.5, 'iw_prob_clip': 0.0008365067383108238, 'iw_n_components': 100, 'iw_logistic_c': 5.5762362707081863e-05, 'iw_pca_fit': 'combined', 'iw_solver': 'lbfgs', 'iw_rho': 0.7}. Best is trial 6 with value: 0.19256409118665424.
2026-06-01 13:43:28 | INFO | Trial 22 | outer=2 | alpha=3.173e+05 n_pcs=3500 (pc_topk) weight={'name': 'pc_logistic', 'floor': 1e-06, 'clip_max': 2.5, 'prob_clip': 0.0008355558628805281, 'n_components': 100, 'logistic_c': 5.656379026487322e-05, 'pca_fit': 'combined', 'solver': 'lbfgs', 'max_iter': 2000, 'fit_intercept': True, 'standardize_with_source': True, 'rho': 0.7}
[I 2026-06-01 13:43:38,746] Trial 22 finished with value: 0.1899966477372627 and parameters: {'alpha': 317278.25752574863, 'n_pcs': 3500, 'iw_method': 'pc_logistic', 'iw_clip_max': 2.5, 'iw_prob_clip': 0.0008355558628805281, 'iw_n_components': 100, 'iw_logistic_c': 5.656379026487322e-05, 'iw_pca_fit': 'combined', 'iw_solver': 'lbfgs', 'iw_rho': 0.7}. Best is trial 6 with value: 0.19256409118665424.
2026-06-01 13:43:38 | INFO | Trial 23 | outer=2 | alpha=2.731e+06 n_pcs=4500 (pc_topk) weight={'name': 'pc_logistic', 'floor': 1e-06, 'clip_max': 2.5, 'prob_clip': 0.0018598642586771415, 'n_components': 100, 'logistic_c': 2.1677958933284485e-06, 'pca_fit': 'combined', 'solver': 'lbfgs', 'max_iter': 2000, 'fit_intercept': True, 'standardize_with_source': True, 'rho': 0.7}
[I 2026-06-01 13:43:49,872] Trial 23 finished with value: 0.1751881442738717 and parameters: {'alpha': 2731254.6694265716, 'n_pcs': 4500, 'iw_method': 'pc_logistic', 'iw_clip_max': 2.5, 'iw_prob_clip': 0.0018598642586771415, 'iw_n_components': 100, 'iw_logistic_c': 2.1677958933284485e-06, 'iw_pca_fit': 'combined', 'iw_solver': 'lbfgs', 'iw_rho': 0.7}. Best is trial 6 with value: 0.19256409118665424.
2026-06-01 13:43:49 | INFO | Trial 24 | outer=2 | alpha=2.771e+05 n_pcs=3500 (pc_topk) weight={'name': 'pc_logistic', 'floor': 1e-06, 'clip_max': 2.5, 'prob_clip': 0.0009129904457464294, 'n_components': 20, 'logistic_c': 3.950292800066038e-05, 'pca_fit': 'combined', 'solver': 'lbfgs', 'max_iter': 2000, 'fit_intercept': True, 'standardize_with_source': True, 'rho': 0.7}
[I 2026-06-01 13:43:59,898] Trial 24 finished with value: 0.18721827401520566 and parameters: {'alpha': 277137.4309774343, 'n_pcs': 3500, 'iw_method': 'pc_logistic', 'iw_clip_max': 2.5, 'iw_prob_clip': 0.0009129904457464294, 'iw_n_components': 20, 'iw_logistic_c': 3.950292800066038e-05, 'iw_pca_fit': 'combined', 'iw_solver': 'lbfgs', 'iw_rho': 0.7}. Best is trial 6 with value: 0.19256409118665424.
2026-06-01 13:43:59 | INFO | Trial 25 | outer=2 | alpha=7.779e+04 n_pcs=4500 (pc_topk) weight={'name': 'pc_logistic', 'floor': 1e-06, 'clip_max': 2.5, 'prob_clip': 0.0028312248689888256, 'n_components': 40, 'logistic_c': 0.0028535071708323018, 'pca_fit': 'combined', 'solver': 'lbfgs', 'max_iter': 2000, 'fit_intercept': True, 'standardize_with_source': True, 'rho': 0.7}
[I 2026-06-01 13:44:15,004] Trial 25 finished with value: 0.18719140863090553 and parameters: {'alpha': 77791.8766252655, 'n_pcs': 4500, 'iw_method': 'pc_logistic', 'iw_clip_max': 2.5, 'iw_prob_clip': 0.0028312248689888256, 'iw_n_components': 40, 'iw_logistic_c': 0.0028535071708323018, 'iw_pca_fit': 'combined', 'iw_solver': 'lbfgs', 'iw_rho': 0.7}. Best is trial 6 with value: 0.19256409118665424.
2026-06-01 13:44:15 | INFO | Trial 26 | outer=2 | alpha=2.672e+05 n_pcs=4000 (pc_topk) weight={'name': 'pc_logistic', 'floor': 1e-06, 'clip_max': 4.0, 'prob_clip': 0.0067195942728361545, 'n_components': 10, 'logistic_c': 1.2228825282038826e-06, 'pca_fit': 'combined', 'solver': 'lbfgs', 'max_iter': 2000, 'fit_intercept': True, 'standardize_with_source': True, 'rho': 0.7}
[I 2026-06-01 13:44:25,282] Trial 26 finished with value: 0.18382038515915236 and parameters: {'alpha': 267156.511513996, 'n_pcs': 4000, 'iw_method': 'pc_logistic', 'iw_clip_max': 4.0, 'iw_prob_clip': 0.0067195942728361545, 'iw_n_components': 10, 'iw_logistic_c': 1.2228825282038826e-06, 'iw_pca_fit': 'combined', 'iw_solver': 'lbfgs', 'iw_rho': 0.7}. Best is trial 6 with value: 0.19256409118665424.
2026-06-01 13:44:25 | INFO | Trial 27 | outer=2 | alpha=1.929e+06 n_pcs=2500 (pc_topk) weight={'name': 'uniform'}
[I 2026-06-01 13:44:28,002] Trial 27 finished with value: 0.17470074953885642 and parameters: {'alpha': 1929471.0791085518, 'n_pcs': 2500, 'iw_method': 'uniform'}. Best is trial 6 with value: 0.19256409118665424.
2026-06-01 13:44:28 | INFO | Trial 28 | outer=2 | alpha=1.908e+05 n_pcs=3000 (pc_topk) weight={'name': 'pc_logistic', 'floor': 1e-06, 'clip_max': 4.0, 'prob_clip': 0.0008034226602337051, 'n_components': 100, 'logistic_c': 0.0001006461055119174, 'pca_fit': 'combined', 'solver': 'lbfgs', 'max_iter': 2000, 'fit_intercept': True, 'standardize_with_source': True, 'rho': 0.7}
[I 2026-06-01 13:44:37,451] Trial 28 finished with value: 0.19603226014104594 and parameters: {'alpha': 190813.24333604623, 'n_pcs': 3000, 'iw_method': 'pc_logistic', 'iw_clip_max': 4.0, 'iw_prob_clip': 0.0008034226602337051, 'iw_n_components': 100, 'iw_logistic_c': 0.0001006461055119174, 'iw_pca_fit': 'combined', 'iw_solver': 'lbfgs', 'iw_rho': 0.7}. Best is trial 28 with value: 0.19603226014104594.
2026-06-01 13:44:37 | INFO | Trial 29 | outer=2 | alpha=4.604e+04 n_pcs=3000 (pc_topk) weight={'name': 'uniform'}
[I 2026-06-01 13:44:40,937] Trial 29 finished with value: 0.18522900927409616 and parameters: {'alpha': 46036.23488882315, 'n_pcs': 3000, 'iw_method': 'uniform'}. Best is trial 28 with value: 0.19603226014104594.
2026-06-01 13:44:40 | INFO | Trial 30 | outer=2 | alpha=1.293e+05 n_pcs=2500 (pc_topk) weight={'name': 'pc_logistic', 'floor': 1e-06, 'clip_max': 4.0, 'prob_clip': 0.001486053756113116, 'n_components': 40, 'logistic_c': 0.06646510264337839, 'pca_fit': 'combined', 'solver': 'lbfgs', 'max_iter': 2000, 'fit_intercept': True, 'standardize_with_source': True, 'rho': 0.5}
[I 2026-06-01 13:44:54,531] Trial 30 finished with value: 0.19898551294818584 and parameters: {'alpha': 129311.0799471862, 'n_pcs': 2500, 'iw_method': 'pc_logistic', 'iw_clip_max': 4.0, 'iw_prob_clip': 0.001486053756113116, 'iw_n_components': 40, 'iw_logistic_c': 0.06646510264337839, 'iw_pca_fit': 'combined', 'iw_solver': 'lbfgs', 'iw_rho': 0.5}. Best is trial 30 with value: 0.19898551294818584.
2026-06-01 13:44:54 | INFO | Trial 31 | outer=2 | alpha=1.142e+05 n_pcs=2000 (pc_topk) weight={'name': 'pc_logistic', 'floor': 1e-06, 'clip_max': 4.0, 'prob_clip': 0.0007052394418027106, 'n_components': 40, 'logistic_c': 0.3549323813762163, 'pca_fit': 'combined', 'solver': 'lbfgs', 'max_iter': 2000, 'fit_intercept': True, 'standardize_with_source': True, 'rho': 0.5}
[I 2026-06-01 13:45:07,901] Trial 31 finished with value: 0.19678147403798227 and parameters: {'alpha': 114178.8314528642, 'n_pcs': 2000, 'iw_method': 'pc_logistic', 'iw_clip_max': 4.0, 'iw_prob_clip': 0.0007052394418027106, 'iw_n_components': 40, 'iw_logistic_c': 0.3549323813762163, 'iw_pca_fit': 'combined', 'iw_solver': 'lbfgs', 'iw_rho': 0.5}. Best is trial 30 with value: 0.19898551294818584.
2026-06-01 13:45:07 | INFO | Trial 32 | outer=2 | alpha=1.418e+05 n_pcs=2000 (pc_topk) weight={'name': 'pc_logistic', 'floor': 1e-06, 'clip_max': 4.0, 'prob_clip': 0.000545074911266808, 'n_components': 40, 'logistic_c': 0.44845529716378413, 'pca_fit': 'combined', 'solver': 'lbfgs', 'max_iter': 2000, 'fit_intercept': True, 'standardize_with_source': True, 'rho': 0.5}
[I 2026-06-01 13:45:21,822] Trial 32 finished with value: 0.19673325137320918 and parameters: {'alpha': 141837.65025303466, 'n_pcs': 2000, 'iw_method': 'pc_logistic', 'iw_clip_max': 4.0, 'iw_prob_clip': 0.000545074911266808, 'iw_n_components': 40, 'iw_logistic_c': 0.44845529716378413, 'iw_pca_fit': 'combined', 'iw_solver': 'lbfgs', 'iw_rho': 0.5}. Best is trial 30 with value: 0.19898551294818584.
2026-06-01 13:45:21 | INFO | Trial 33 | outer=2 | alpha=1.284e+05 n_pcs=2000 (pc_topk) weight={'name': 'pc_logistic', 'floor': 1e-06, 'clip_max': 4.0, 'prob_clip': 0.001412245588875716, 'n_components': 40, 'logistic_c': 0.9658296428726298, 'pca_fit': 'combined', 'solver': 'lbfgs', 'max_iter': 2000, 'fit_intercept': True, 'standardize_with_source': True, 'rho': 0.5}
[I 2026-06-01 13:45:36,040] Trial 33 finished with value: 0.1984057250056413 and parameters: {'alpha': 128449.6508466647, 'n_pcs': 2000, 'iw_method': 'pc_logistic', 'iw_clip_max': 4.0, 'iw_prob_clip': 0.001412245588875716, 'iw_n_components': 40, 'iw_logistic_c': 0.9658296428726298, 'iw_pca_fit': 'combined', 'iw_solver': 'lbfgs', 'iw_rho': 0.5}. Best is trial 30 with value: 0.19898551294818584.
2026-06-01 13:45:36 | INFO | Trial 34 | outer=2 | alpha=1.091e+05 n_pcs=1500 (pc_topk) weight={'name': 'uniform'}
[I 2026-06-01 13:45:39,056] Trial 34 finished with value: 0.17530974650097364 and parameters: {'alpha': 109148.9238714309, 'n_pcs': 1500, 'iw_method': 'uniform'}. Best is trial 30 with value: 0.19898551294818584.
2026-06-01 13:45:39 | INFO | Trial 35 | outer=2 | alpha=9.744e+03 n_pcs=2000 (pc_topk) weight={'name': 'pc_logistic', 'floor': 1e-06, 'clip_max': 4.0, 'prob_clip': 0.0013342785751810627, 'n_components': 40, 'logistic_c': 0.8601915024638424, 'pca_fit': 'combined', 'solver': 'lbfgs', 'max_iter': 2000, 'fit_intercept': True, 'standardize_with_source': True, 'rho': 0.5}
[I 2026-06-01 13:45:53,634] Trial 35 finished with value: 0.1884990597338132 and parameters: {'alpha': 9743.900669733093, 'n_pcs': 2000, 'iw_method': 'pc_logistic', 'iw_clip_max': 4.0, 'iw_prob_clip': 0.0013342785751810627, 'iw_n_components': 40, 'iw_logistic_c': 0.8601915024638424, 'iw_pca_fit': 'combined', 'iw_solver': 'lbfgs', 'iw_rho': 0.5}. Best is trial 30 with value: 0.19898551294818584.
2026-06-01 13:45:53 | INFO | Trial 36 | outer=2 | alpha=1.396e+05 n_pcs=1500 (pc_topk) weight={'name': 'uniform'}
[I 2026-06-01 13:45:56,129] Trial 36 finished with value: 0.1755750488191704 and parameters: {'alpha': 139585.063487984, 'n_pcs': 1500, 'iw_method': 'uniform'}. Best is trial 30 with value: 0.19898551294818584.
2026-06-01 13:45:56 | INFO | Trial 37 | outer=2 | alpha=6.213e+04 n_pcs=2000 (pc_topk) weight={'name': 'pc_logistic', 'floor': 1e-06, 'clip_max': 4.0, 'prob_clip': 0.0005232062216494341, 'n_components': 40, 'logistic_c': 0.2933654265797147, 'pca_fit': 'combined', 'solver': 'lbfgs', 'max_iter': 2000, 'fit_intercept': True, 'standardize_with_source': True, 'rho': 0.5}
[I 2026-06-01 13:46:09,223] Trial 37 finished with value: 0.19510588302397242 and parameters: {'alpha': 62134.98988159756, 'n_pcs': 2000, 'iw_method': 'pc_logistic', 'iw_clip_max': 4.0, 'iw_prob_clip': 0.0005232062216494341, 'iw_n_components': 40, 'iw_logistic_c': 0.2933654265797147, 'iw_pca_fit': 'combined', 'iw_solver': 'lbfgs', 'iw_rho': 0.5}. Best is trial 30 with value: 0.19898551294818584.
2026-06-01 13:46:09 | INFO | Trial 38 | outer=2 | alpha=2.070e+04 n_pcs=1500 (pc_topk) weight={'name': 'pc_logistic', 'floor': 1e-06, 'clip_max': 4.0, 'prob_clip': 0.0016842853371598105, 'n_components': 40, 'logistic_c': 1.7242482573084357, 'pca_fit': 'combined', 'solver': 'lbfgs', 'max_iter': 2000, 'fit_intercept': True, 'standardize_with_source': True, 'rho': 0.5}
[I 2026-06-01 13:46:22,361] Trial 38 finished with value: 0.1758100782610547 and parameters: {'alpha': 20702.020192023672, 'n_pcs': 1500, 'iw_method': 'pc_logistic', 'iw_clip_max': 4.0, 'iw_prob_clip': 0.0016842853371598105, 'iw_n_components': 40, 'iw_logistic_c': 1.7242482573084357, 'iw_pca_fit': 'combined', 'iw_solver': 'lbfgs', 'iw_rho': 0.5}. Best is trial 30 with value: 0.19898551294818584.
2026-06-01 13:46:22 | INFO | Trial 39 | outer=2 | alpha=9.256e+04 n_pcs=1000 (pc_topk) weight={'name': 'uniform'}
[I 2026-06-01 13:46:24,662] Trial 39 finished with value: 0.17322712754428857 and parameters: {'alpha': 92562.4042164138, 'n_pcs': 1000, 'iw_method': 'uniform'}. Best is trial 30 with value: 0.19898551294818584.
2026-06-01 13:46:24 | INFO | Trial 40 | outer=2 | alpha=2.988e+04 n_pcs=1000 (pc_topk) weight={'name': 'pc_logistic', 'floor': 1e-06, 'clip_max': 1.5, 'prob_clip': 0.002328545492585825, 'n_components': 40, 'logistic_c': 0.07265533544613015, 'pca_fit': 'combined', 'solver': 'lbfgs', 'max_iter': 2000, 'fit_intercept': True, 'standardize_with_source': True, 'rho': 0.5}
[I 2026-06-01 13:46:36,614] Trial 40 finished with value: 0.16862388400498868 and parameters: {'alpha': 29877.77682415586, 'n_pcs': 1000, 'iw_method': 'pc_logistic', 'iw_clip_max': 1.5, 'iw_prob_clip': 0.002328545492585825, 'iw_n_components': 40, 'iw_logistic_c': 0.07265533544613015, 'iw_pca_fit': 'combined', 'iw_solver': 'lbfgs', 'iw_rho': 0.5}. Best is trial 30 with value: 0.19898551294818584.
2026-06-01 13:46:36 | INFO | Trial 41 | outer=2 | alpha=1.995e+05 n_pcs=2500 (pc_topk) weight={'name': 'pc_logistic', 'floor': 1e-06, 'clip_max': 4.0, 'prob_clip': 0.001388729888505109, 'n_components': 40, 'logistic_c': 0.13665232455637802, 'pca_fit': 'combined', 'solver': 'lbfgs', 'max_iter': 2000, 'fit_intercept': True, 'standardize_with_source': True, 'rho': 0.5}
[I 2026-06-01 13:46:50,298] Trial 41 finished with value: 0.1989199174682123 and parameters: {'alpha': 199451.1710199278, 'n_pcs': 2500, 'iw_method': 'pc_logistic', 'iw_clip_max': 4.0, 'iw_prob_clip': 0.001388729888505109, 'iw_n_components': 40, 'iw_logistic_c': 0.13665232455637802, 'iw_pca_fit': 'combined', 'iw_solver': 'lbfgs', 'iw_rho': 0.5}. Best is trial 30 with value: 0.19898551294818584.
2026-06-01 13:46:50 | INFO | Trial 42 | outer=2 | alpha=1.707e+05 n_pcs=2500 (pc_topk) weight={'name': 'pc_logistic', 'floor': 1e-06, 'clip_max': 4.0, 'prob_clip': 0.0014794014555146835, 'n_components': 40, 'logistic_c': 0.14484937754234595, 'pca_fit': 'combined', 'solver': 'lbfgs', 'max_iter': 2000, 'fit_intercept': True, 'standardize_with_source': True, 'rho': 0.5}
[I 2026-06-01 13:47:03,939] Trial 42 finished with value: 0.19921640032287527 and parameters: {'alpha': 170674.8000515255, 'n_pcs': 2500, 'iw_method': 'pc_logistic', 'iw_clip_max': 4.0, 'iw_prob_clip': 0.0014794014555146835, 'iw_n_components': 40, 'iw_logistic_c': 0.14484937754234595, 'iw_pca_fit': 'combined', 'iw_solver': 'lbfgs', 'iw_rho': 0.5}. Best is trial 42 with value: 0.19921640032287527.
2026-06-01 13:47:03 | INFO | Trial 43 | outer=2 | alpha=1.877e+05 n_pcs=2500 (pc_topk) weight={'name': 'pc_logistic', 'floor': 1e-06, 'clip_max': 4.0, 'prob_clip': 0.001496842938896026, 'n_components': 40, 'logistic_c': 5.126933476886664, 'pca_fit': 'combined', 'solver': 'lbfgs', 'max_iter': 2000, 'fit_intercept': True, 'standardize_with_source': True, 'rho': 0.5}
[I 2026-06-01 13:47:16,236] Trial 43 finished with value: 0.19939233955556915 and parameters: {'alpha': 187711.20354449764, 'n_pcs': 2500, 'iw_method': 'pc_logistic', 'iw_clip_max': 4.0, 'iw_prob_clip': 0.001496842938896026, 'iw_n_components': 40, 'iw_logistic_c': 5.126933476886664, 'iw_pca_fit': 'combined', 'iw_solver': 'lbfgs', 'iw_rho': 0.5}. Best is trial 43 with value: 0.19939233955556915.
2026-06-01 13:47:16 | INFO | Trial 44 | outer=2 | alpha=1.860e+05 n_pcs=2500 (pc_topk) weight={'name': 'pc_logistic', 'floor': 1e-06, 'clip_max': 4.0, 'prob_clip': 0.0037776424375718202, 'n_components': 40, 'logistic_c': 9.460612942430926, 'pca_fit': 'combined', 'solver': 'lbfgs', 'max_iter': 2000, 'fit_intercept': True, 'standardize_with_source': True, 'rho': 0.5}
[I 2026-06-01 13:47:28,583] Trial 44 finished with value: 0.20170016101019966 and parameters: {'alpha': 185961.00879154366, 'n_pcs': 2500, 'iw_method': 'pc_logistic', 'iw_clip_max': 4.0, 'iw_prob_clip': 0.0037776424375718202, 'iw_n_components': 40, 'iw_logistic_c': 9.460612942430926, 'iw_pca_fit': 'combined', 'iw_solver': 'lbfgs', 'iw_rho': 0.5}. Best is trial 44 with value: 0.20170016101019966.
2026-06-01 13:47:28 | INFO | Trial 45 | outer=2 | alpha=5.086e+05 n_pcs=2500 (pc_topk) weight={'name': 'pc_logistic', 'floor': 1e-06, 'clip_max': 7.0, 'prob_clip': 0.004236295530432223, 'n_components': 20, 'logistic_c': 9.159837110043652, 'pca_fit': 'combined', 'solver': 'lbfgs', 'max_iter': 2000, 'fit_intercept': True, 'standardize_with_source': True, 'rho': 0.5}
[I 2026-06-01 13:47:40,377] Trial 45 finished with value: 0.19273922779281877 and parameters: {'alpha': 508632.12505021866, 'n_pcs': 2500, 'iw_method': 'pc_logistic', 'iw_clip_max': 7.0, 'iw_prob_clip': 0.004236295530432223, 'iw_n_components': 20, 'iw_logistic_c': 9.159837110043652, 'iw_pca_fit': 'combined', 'iw_solver': 'lbfgs', 'iw_rho': 0.5}. Best is trial 44 with value: 0.20170016101019966.
2026-06-01 13:47:40 | INFO | Trial 46 | outer=2 | alpha=1.970e+05 n_pcs=2500 (pc_topk) weight={'name': 'pc_logistic', 'floor': 1e-06, 'clip_max': 4.0, 'prob_clip': 0.003293525005258998, 'n_components': 40, 'logistic_c': 3.4307151877605904, 'pca_fit': 'combined', 'solver': 'lbfgs', 'max_iter': 2000, 'fit_intercept': True, 'standardize_with_source': True, 'rho': 0.5}
[I 2026-06-01 13:47:53,326] Trial 46 finished with value: 0.2013253854441069 and parameters: {'alpha': 197048.61581775796, 'n_pcs': 2500, 'iw_method': 'pc_logistic', 'iw_clip_max': 4.0, 'iw_prob_clip': 0.003293525005258998, 'iw_n_components': 40, 'iw_logistic_c': 3.4307151877605904, 'iw_pca_fit': 'combined', 'iw_solver': 'lbfgs', 'iw_rho': 0.5}. Best is trial 44 with value: 0.20170016101019966.
2026-06-01 13:47:53 | INFO | Trial 47 | outer=2 | alpha=5.616e+04 n_pcs=3000 (pc_topk) weight={'name': 'pc_logistic', 'floor': 1e-06, 'clip_max': 4.0, 'prob_clip': 0.00339001528320549, 'n_components': 60, 'logistic_c': 4.225743872158437, 'pca_fit': 'combined', 'solver': 'lbfgs', 'max_iter': 2000, 'fit_intercept': True, 'standardize_with_source': True, 'rho': 1.0}
2026-06-01 13:48:09 | INFO | Trial 47 rejected by ESS guard: mean_ess=952.29 threshold=1053.94
[I 2026-06-01 13:48:09,616] Trial 47 finished with value: -1.0 and parameters: {'alpha': 56161.69242248263, 'n_pcs': 3000, 'iw_method': 'pc_logistic', 'iw_clip_max': 4.0, 'iw_prob_clip': 0.00339001528320549, 'iw_n_components': 60, 'iw_logistic_c': 4.225743872158437, 'iw_pca_fit': 'combined', 'iw_solver': 'lbfgs', 'iw_rho': 1.0}. Best is trial 44 with value: 0.20170016101019966.
2026-06-01 13:48:09 | INFO | Trial 48 | outer=2 | alpha=5.623e+05 n_pcs=2500 (pc_topk) weight={'name': 'pc_logistic', 'floor': 1e-06, 'clip_max': 4.0, 'prob_clip': 0.006641162299660899, 'n_components': 10, 'logistic_c': 3.0121822983242357, 'pca_fit': 'combined', 'solver': 'lbfgs', 'max_iter': 2000, 'fit_intercept': True, 'standardize_with_source': True, 'rho': 0.5}
[I 2026-06-01 13:48:20,341] Trial 48 finished with value: 0.1870074858731269 and parameters: {'alpha': 562344.2768552664, 'n_pcs': 2500, 'iw_method': 'pc_logistic', 'iw_clip_max': 4.0, 'iw_prob_clip': 0.006641162299660899, 'iw_n_components': 10, 'iw_logistic_c': 3.0121822983242357, 'iw_pca_fit': 'combined', 'iw_solver': 'lbfgs', 'iw_rho': 0.5}. Best is trial 44 with value: 0.20170016101019966.
2026-06-01 13:48:20 | INFO | Trial 49 | outer=2 | alpha=1.104e+06 n_pcs=2500 (pc_topk) weight={'name': 'pc_logistic', 'floor': 1e-06, 'clip_max': 4.0, 'prob_clip': 0.004831141870579546, 'n_components': 40, 'logistic_c': 9.75369467345164, 'pca_fit': 'combined', 'solver': 'lbfgs', 'max_iter': 2000, 'fit_intercept': True, 'standardize_with_source': True, 'rho': 0.3}
[I 2026-06-01 13:48:32,849] Trial 49 finished with value: 0.19241315255644742 and parameters: {'alpha': 1103970.90176545, 'n_pcs': 2500, 'iw_method': 'pc_logistic', 'iw_clip_max': 4.0, 'iw_prob_clip': 0.004831141870579546, 'iw_n_components': 40, 'iw_logistic_c': 9.75369467345164, 'iw_pca_fit': 'combined', 'iw_solver': 'lbfgs', 'iw_rho': 0.3}. Best is trial 44 with value: 0.20170016101019966.
2026-06-01 13:48:32 | INFO | Trial 50 | outer=2 | alpha=2.242e+05 n_pcs=3000 (pc_topk) weight={'name': 'uniform'}
[I 2026-06-01 13:48:36,138] Trial 50 finished with value: 0.1822871204283329 and parameters: {'alpha': 224157.187695502, 'n_pcs': 3000, 'iw_method': 'uniform'}. Best is trial 44 with value: 0.20170016101019966.
2026-06-01 13:48:36 | INFO | Trial 51 | outer=2 | alpha=1.821e+05 n_pcs=2500 (pc_topk) weight={'name': 'pc_logistic', 'floor': 1e-06, 'clip_max': 4.0, 'prob_clip': 0.0021640969563000373, 'n_components': 40, 'logistic_c': 0.07616071028635883, 'pca_fit': 'combined', 'solver': 'lbfgs', 'max_iter': 2000, 'fit_intercept': True, 'standardize_with_source': True, 'rho': 0.5}
[I 2026-06-01 13:48:48,940] Trial 51 finished with value: 0.2001851611185376 and parameters: {'alpha': 182117.37789032498, 'n_pcs': 2500, 'iw_method': 'pc_logistic', 'iw_clip_max': 4.0, 'iw_prob_clip': 0.0021640969563000373, 'iw_n_components': 40, 'iw_logistic_c': 0.07616071028635883, 'iw_pca_fit': 'combined', 'iw_solver': 'lbfgs', 'iw_rho': 0.5}. Best is trial 44 with value: 0.20170016101019966.
2026-06-01 13:48:48 | INFO | Trial 52 | outer=2 | alpha=1.822e+05 n_pcs=2500 (pc_topk) weight={'name': 'pc_logistic', 'floor': 1e-06, 'clip_max': 4.0, 'prob_clip': 0.002184591133606973, 'n_components': 40, 'logistic_c': 0.05587710724415738, 'pca_fit': 'combined', 'solver': 'lbfgs', 'max_iter': 2000, 'fit_intercept': True, 'standardize_with_source': True, 'rho': 0.5}
[I 2026-06-01 13:49:01,249] Trial 52 finished with value: 0.2001112137570756 and parameters: {'alpha': 182164.0180594016, 'n_pcs': 2500, 'iw_method': 'pc_logistic', 'iw_clip_max': 4.0, 'iw_prob_clip': 0.002184591133606973, 'iw_n_components': 40, 'iw_logistic_c': 0.05587710724415738, 'iw_pca_fit': 'combined', 'iw_solver': 'lbfgs', 'iw_rho': 0.5}. Best is trial 44 with value: 0.20170016101019966.
2026-06-01 13:49:01 | INFO | Trial 53 | outer=2 | alpha=6.659e+05 n_pcs=2500 (pc_topk) weight={'name': 'pc_logistic', 'floor': 1e-06, 'clip_max': 4.0, 'prob_clip': 0.0032606788743498563, 'n_components': 40, 'logistic_c': 0.024271276472167317, 'pca_fit': 'combined', 'solver': 'lbfgs', 'max_iter': 2000, 'fit_intercept': True, 'standardize_with_source': True, 'rho': 0.5}
[I 2026-06-01 13:49:14,081] Trial 53 finished with value: 0.19673517325105652 and parameters: {'alpha': 665907.8824688931, 'n_pcs': 2500, 'iw_method': 'pc_logistic', 'iw_clip_max': 4.0, 'iw_prob_clip': 0.0032606788743498563, 'iw_n_components': 40, 'iw_logistic_c': 0.024271276472167317, 'iw_pca_fit': 'combined', 'iw_solver': 'lbfgs', 'iw_rho': 0.5}. Best is trial 44 with value: 0.20170016101019966.
2026-06-01 13:49:14 | INFO | Trial 54 | outer=2 | alpha=1.852e+05 n_pcs=3000 (pc_topk) weight={'name': 'pc_logistic', 'floor': 1e-06, 'clip_max': 4.0, 'prob_clip': 0.0023277437416435037, 'n_components': 40, 'logistic_c': 3.1771487964921845, 'pca_fit': 'combined', 'solver': 'lbfgs', 'max_iter': 2000, 'fit_intercept': True, 'standardize_with_source': True, 'rho': 0.5}
[I 2026-06-01 13:49:29,805] Trial 54 finished with value: 0.1979511221249312 and parameters: {'alpha': 185171.91539257008, 'n_pcs': 3000, 'iw_method': 'pc_logistic', 'iw_clip_max': 4.0, 'iw_prob_clip': 0.0023277437416435037, 'iw_n_components': 40, 'iw_logistic_c': 3.1771487964921845, 'iw_pca_fit': 'combined', 'iw_solver': 'lbfgs', 'iw_rho': 0.5}. Best is trial 44 with value: 0.20170016101019966.
2026-06-01 13:49:29 | INFO | Trial 55 | outer=2 | alpha=4.181e+05 n_pcs=2000 (pc_topk) weight={'name': 'pc_logistic', 'floor': 1e-06, 'clip_max': 1.5, 'prob_clip': 0.0018863520272109607, 'n_components': 40, 'logistic_c': 1.1622632342467285, 'pca_fit': 'combined', 'solver': 'lbfgs', 'max_iter': 2000, 'fit_intercept': True, 'standardize_with_source': True, 'rho': 1.0}
[I 2026-06-01 13:49:42,605] Trial 55 finished with value: 0.18535179985939504 and parameters: {'alpha': 418065.93985500775, 'n_pcs': 2000, 'iw_method': 'pc_logistic', 'iw_clip_max': 1.5, 'iw_prob_clip': 0.0018863520272109607, 'iw_n_components': 40, 'iw_logistic_c': 1.1622632342467285, 'iw_pca_fit': 'combined', 'iw_solver': 'lbfgs', 'iw_rho': 1.0}. Best is trial 44 with value: 0.20170016101019966.
2026-06-01 13:49:42 | INFO | Trial 56 | outer=2 | alpha=8.833e+04 n_pcs=1500 (pc_topk) weight={'name': 'pc_logistic', 'floor': 1e-06, 'clip_max': 7.0, 'prob_clip': 0.0027134617008738094, 'n_components': 40, 'logistic_c': 0.0014768892942053455, 'pca_fit': 'combined', 'solver': 'lbfgs', 'max_iter': 2000, 'fit_intercept': True, 'standardize_with_source': True, 'rho': 0.5}
[I 2026-06-01 13:49:53,478] Trial 56 finished with value: 0.18310893834792702 and parameters: {'alpha': 88330.23475129869, 'n_pcs': 1500, 'iw_method': 'pc_logistic', 'iw_clip_max': 7.0, 'iw_prob_clip': 0.0027134617008738094, 'iw_n_components': 40, 'iw_logistic_c': 0.0014768892942053455, 'iw_pca_fit': 'combined', 'iw_solver': 'lbfgs', 'iw_rho': 0.5}. Best is trial 44 with value: 0.20170016101019966.
2026-06-01 13:49:53 | INFO | Trial 57 | outer=2 | alpha=3.586e+04 n_pcs=2500 (pc_topk) weight={'name': 'pc_logistic', 'floor': 1e-06, 'clip_max': 4.0, 'prob_clip': 0.0036222144650563037, 'n_components': 20, 'logistic_c': 0.1603284810421755, 'pca_fit': 'combined', 'solver': 'lbfgs', 'max_iter': 2000, 'fit_intercept': True, 'standardize_with_source': True, 'rho': 0.85}
[I 2026-06-01 13:50:06,118] Trial 57 finished with value: 0.19035554581174624 and parameters: {'alpha': 35862.96712170027, 'n_pcs': 2500, 'iw_method': 'pc_logistic', 'iw_clip_max': 4.0, 'iw_prob_clip': 0.0036222144650563037, 'iw_n_components': 20, 'iw_logistic_c': 0.1603284810421755, 'iw_pca_fit': 'combined', 'iw_solver': 'lbfgs', 'iw_rho': 0.85}. Best is trial 44 with value: 0.20170016101019966.
2026-06-01 13:50:06 | INFO | Trial 58 | outer=2 | alpha=1.875e+05 n_pcs=3000 (pc_topk) weight={'name': 'pc_logistic', 'floor': 1e-06, 'clip_max': 4.0, 'prob_clip': 0.0054994425465090535, 'n_components': 40, 'logistic_c': 0.04263238649775849, 'pca_fit': 'combined', 'solver': 'lbfgs', 'max_iter': 2000, 'fit_intercept': True, 'standardize_with_source': True, 'rho': 0.5}
[I 2026-06-01 13:50:19,999] Trial 58 finished with value: 0.19908547367927285 and parameters: {'alpha': 187461.1988106046, 'n_pcs': 3000, 'iw_method': 'pc_logistic', 'iw_clip_max': 4.0, 'iw_prob_clip': 0.0054994425465090535, 'iw_n_components': 40, 'iw_logistic_c': 0.04263238649775849, 'iw_pca_fit': 'combined', 'iw_solver': 'lbfgs', 'iw_rho': 0.5}. Best is trial 44 with value: 0.20170016101019966.
2026-06-01 13:50:20 | INFO | Trial 59 | outer=2 | alpha=8.825e+05 n_pcs=2000 (pc_topk) weight={'name': 'pc_logistic', 'floor': 1e-06, 'clip_max': 4.0, 'prob_clip': 0.01207197394558904, 'n_components': 60, 'logistic_c': 0.00729092672953407, 'pca_fit': 'combined', 'solver': 'lbfgs', 'max_iter': 2000, 'fit_intercept': True, 'standardize_with_source': True, 'rho': 0.5}
[I 2026-06-01 13:50:33,326] Trial 59 finished with value: 0.1895688495047237 and parameters: {'alpha': 882471.6772759785, 'n_pcs': 2000, 'iw_method': 'pc_logistic', 'iw_clip_max': 4.0, 'iw_prob_clip': 0.01207197394558904, 'iw_n_components': 60, 'iw_logistic_c': 0.00729092672953407, 'iw_pca_fit': 'combined', 'iw_solver': 'lbfgs', 'iw_rho': 0.5}. Best is trial 44 with value: 0.20170016101019966.
2026-06-01 13:50:33 | INFO | Trial 60 | outer=2 | alpha=3.916e+05 n_pcs=2500 (pc_topk) weight={'name': 'pc_logistic', 'floor': 1e-06, 'clip_max': 4.0, 'prob_clip': 0.0019535562503246963, 'n_components': 40, 'logistic_c': 3.365547339969577, 'pca_fit': 'combined', 'solver': 'lbfgs', 'max_iter': 2000, 'fit_intercept': True, 'standardize_with_source': True, 'rho': 0.3}
[I 2026-06-01 13:50:47,009] Trial 60 finished with value: 0.19797561599566488 and parameters: {'alpha': 391626.36486949655, 'n_pcs': 2500, 'iw_method': 'pc_logistic', 'iw_clip_max': 4.0, 'iw_prob_clip': 0.0019535562503246963, 'iw_n_components': 40, 'iw_logistic_c': 3.365547339969577, 'iw_pca_fit': 'combined', 'iw_solver': 'lbfgs', 'iw_rho': 0.3}. Best is trial 44 with value: 0.20170016101019966.
2026-06-01 13:50:47 | INFO | Trial 61 | outer=2 | alpha=1.678e+05 n_pcs=3000 (pc_topk) weight={'name': 'pc_logistic', 'floor': 1e-06, 'clip_max': 4.0, 'prob_clip': 0.008781267782003886, 'n_components': 40, 'logistic_c': 0.020355527034438558, 'pca_fit': 'combined', 'solver': 'lbfgs', 'max_iter': 2000, 'fit_intercept': True, 'standardize_with_source': True, 'rho': 0.5}
[I 2026-06-01 13:51:01,221] Trial 61 finished with value: 0.1987008805896892 and parameters: {'alpha': 167763.91755487924, 'n_pcs': 3000, 'iw_method': 'pc_logistic', 'iw_clip_max': 4.0, 'iw_prob_clip': 0.008781267782003886, 'iw_n_components': 40, 'iw_logistic_c': 0.020355527034438558, 'iw_pca_fit': 'combined', 'iw_solver': 'lbfgs', 'iw_rho': 0.5}. Best is trial 44 with value: 0.20170016101019966.
2026-06-01 13:51:01 | INFO | Trial 62 | outer=2 | alpha=2.151e+05 n_pcs=3000 (pc_topk) weight={'name': 'pc_logistic', 'floor': 1e-06, 'clip_max': 4.0, 'prob_clip': 0.005641351301501313, 'n_components': 40, 'logistic_c': 0.0407808150963137, 'pca_fit': 'combined', 'solver': 'lbfgs', 'max_iter': 2000, 'fit_intercept': True, 'standardize_with_source': True, 'rho': 0.5}
[I 2026-06-01 13:51:15,657] Trial 62 finished with value: 0.19908092319198795 and parameters: {'alpha': 215097.75104839454, 'n_pcs': 3000, 'iw_method': 'pc_logistic', 'iw_clip_max': 4.0, 'iw_prob_clip': 0.005641351301501313, 'iw_n_components': 40, 'iw_logistic_c': 0.0407808150963137, 'iw_pca_fit': 'combined', 'iw_solver': 'lbfgs', 'iw_rho': 0.5}. Best is trial 44 with value: 0.20170016101019966.
2026-06-01 13:51:15 | INFO | Trial 63 | outer=2 | alpha=7.560e+04 n_pcs=2500 (pc_topk) weight={'name': 'pc_logistic', 'floor': 1e-06, 'clip_max': 4.0, 'prob_clip': 0.003914880259103981, 'n_components': 40, 'logistic_c': 0.6013137304805526, 'pca_fit': 'combined', 'solver': 'lbfgs', 'max_iter': 2000, 'fit_intercept': True, 'standardize_with_source': True, 'rho': 0.5}
[I 2026-06-01 13:51:30,211] Trial 63 finished with value: 0.20063505310368038 and parameters: {'alpha': 75603.24255375339, 'n_pcs': 2500, 'iw_method': 'pc_logistic', 'iw_clip_max': 4.0, 'iw_prob_clip': 0.003914880259103981, 'iw_n_components': 40, 'iw_logistic_c': 0.6013137304805526, 'iw_pca_fit': 'combined', 'iw_solver': 'lbfgs', 'iw_rho': 0.5}. Best is trial 44 with value: 0.20170016101019966.
2026-06-01 13:51:30 | INFO | Trial 64 | outer=2 | alpha=8.247e+04 n_pcs=2500 (pc_topk) weight={'name': 'pc_logistic', 'floor': 1e-06, 'clip_max': 12.0, 'prob_clip': 0.004260469903439188, 'n_components': 80, 'logistic_c': 0.6365257153667847, 'pca_fit': 'combined', 'solver': 'lbfgs', 'max_iter': 2000, 'fit_intercept': True, 'standardize_with_source': True, 'rho': 0.5}
[I 2026-06-01 13:51:47,029] Trial 64 finished with value: 0.19636581386632343 and parameters: {'alpha': 82473.90006293199, 'n_pcs': 2500, 'iw_method': 'pc_logistic', 'iw_clip_max': 12.0, 'iw_prob_clip': 0.004260469903439188, 'iw_n_components': 80, 'iw_logistic_c': 0.6365257153667847, 'iw_pca_fit': 'combined', 'iw_solver': 'lbfgs', 'iw_rho': 0.5}. Best is trial 44 with value: 0.20170016101019966.
2026-06-01 13:51:47 | INFO | Trial 65 | outer=2 | alpha=5.124e+04 n_pcs=2500 (pc_topk) weight={'name': 'pc_logistic', 'floor': 1e-06, 'clip_max': 4.0, 'prob_clip': 0.0010767955275638526, 'n_components': 10, 'logistic_c': 0.1918094058664334, 'pca_fit': 'combined', 'solver': 'lbfgs', 'max_iter': 2000, 'fit_intercept': True, 'standardize_with_source': True, 'rho': 0.85}
[I 2026-06-01 13:51:57,588] Trial 65 finished with value: 0.18959749695209716 and parameters: {'alpha': 51239.1457348833, 'n_pcs': 2500, 'iw_method': 'pc_logistic', 'iw_clip_max': 4.0, 'iw_prob_clip': 0.0010767955275638526, 'iw_n_components': 10, 'iw_logistic_c': 0.1918094058664334, 'iw_pca_fit': 'combined', 'iw_solver': 'lbfgs', 'iw_rho': 0.85}. Best is trial 44 with value: 0.20170016101019966.
2026-06-01 13:51:57 | INFO | Trial 66 | outer=2 | alpha=7.610e+04 n_pcs=2000 (pc_topk) weight={'name': 'pc_logistic', 'floor': 1e-06, 'clip_max': 1.5, 'prob_clip': 0.0025474247082930123, 'n_components': 40, 'logistic_c': 2.1292202938597886, 'pca_fit': 'combined', 'solver': 'lbfgs', 'max_iter': 2000, 'fit_intercept': True, 'standardize_with_source': True, 'rho': 0.5}
[I 2026-06-01 13:52:12,922] Trial 66 finished with value: 0.1881517452295896 and parameters: {'alpha': 76102.48059940824, 'n_pcs': 2000, 'iw_method': 'pc_logistic', 'iw_clip_max': 1.5, 'iw_prob_clip': 0.0025474247082930123, 'iw_n_components': 40, 'iw_logistic_c': 2.1292202938597886, 'iw_pca_fit': 'combined', 'iw_solver': 'lbfgs', 'iw_rho': 0.5}. Best is trial 44 with value: 0.20170016101019966.
2026-06-01 13:52:12 | INFO | Trial 67 | outer=2 | alpha=4.296e+04 n_pcs=2000 (pc_topk) weight={'name': 'pc_logistic', 'floor': 1e-06, 'clip_max': 4.0, 'prob_clip': 0.0036719878105270273, 'n_components': 40, 'logistic_c': 5.523617602099058, 'pca_fit': 'combined', 'solver': 'lbfgs', 'max_iter': 2000, 'fit_intercept': True, 'standardize_with_source': True, 'rho': 0.5}
[I 2026-06-01 13:52:26,279] Trial 67 finished with value: 0.19750562375499697 and parameters: {'alpha': 42955.11439182314, 'n_pcs': 2000, 'iw_method': 'pc_logistic', 'iw_clip_max': 4.0, 'iw_prob_clip': 0.0036719878105270273, 'iw_n_components': 40, 'iw_logistic_c': 5.523617602099058, 'iw_pca_fit': 'combined', 'iw_solver': 'lbfgs', 'iw_rho': 0.5}. Best is trial 44 with value: 0.20170016101019966.
2026-06-01 13:52:26 | INFO | Trial 68 | outer=2 | alpha=2.458e+05 n_pcs=2500 (pc_topk) weight={'name': 'pc_logistic', 'floor': 1e-06, 'clip_max': 7.0, 'prob_clip': 0.0028995485068169357, 'n_components': 40, 'logistic_c': 1.5001958155792674, 'pca_fit': 'combined', 'solver': 'lbfgs', 'max_iter': 2000, 'fit_intercept': True, 'standardize_with_source': True, 'rho': 1.0}
2026-06-01 13:52:40 | INFO | Trial 68 rejected by ESS guard: mean_ess=729.94 threshold=1053.94
[I 2026-06-01 13:52:40,869] Trial 68 finished with value: -1.0 and parameters: {'alpha': 245808.2194247615, 'n_pcs': 2500, 'iw_method': 'pc_logistic', 'iw_clip_max': 7.0, 'iw_prob_clip': 0.0028995485068169357, 'iw_n_components': 40, 'iw_logistic_c': 1.5001958155792674, 'iw_pca_fit': 'combined', 'iw_solver': 'lbfgs', 'iw_rho': 1.0}. Best is trial 44 with value: 0.20170016101019966.
2026-06-01 13:52:40 | INFO | Trial 69 | outer=2 | alpha=3.409e+05 n_pcs=3000 (pc_topk) weight={'name': 'pc_logistic', 'floor': 1e-06, 'clip_max': 4.0, 'prob_clip': 0.0016518071884447064, 'n_components': 40, 'logistic_c': 0.5607199881643017, 'pca_fit': 'combined', 'solver': 'lbfgs', 'max_iter': 2000, 'fit_intercept': True, 'standardize_with_source': True, 'rho': 0.5}
[I 2026-06-01 13:52:56,129] Trial 69 finished with value: 0.19660259298007185 and parameters: {'alpha': 340911.34476164146, 'n_pcs': 3000, 'iw_method': 'pc_logistic', 'iw_clip_max': 4.0, 'iw_prob_clip': 0.0016518071884447064, 'iw_n_components': 40, 'iw_logistic_c': 0.5607199881643017, 'iw_pca_fit': 'combined', 'iw_solver': 'lbfgs', 'iw_rho': 0.5}. Best is trial 44 with value: 0.20170016101019966.
2026-06-01 13:52:56 | INFO | Trial 70 | outer=2 | alpha=1.045e+05 n_pcs=2500 (pc_topk) weight={'name': 'pc_logistic', 'floor': 1e-06, 'clip_max': 4.0, 'prob_clip': 0.0406851796315295, 'n_components': 40, 'logistic_c': 0.25852470018169876, 'pca_fit': 'combined', 'solver': 'lbfgs', 'max_iter': 2000, 'fit_intercept': True, 'standardize_with_source': True, 'rho': 0.5}
[I 2026-06-01 13:53:10,559] Trial 70 finished with value: 0.19806550326606187 and parameters: {'alpha': 104461.81617931431, 'n_pcs': 2500, 'iw_method': 'pc_logistic', 'iw_clip_max': 4.0, 'iw_prob_clip': 0.0406851796315295, 'iw_n_components': 40, 'iw_logistic_c': 0.25852470018169876, 'iw_pca_fit': 'combined', 'iw_solver': 'lbfgs', 'iw_rho': 0.5}. Best is trial 44 with value: 0.20170016101019966.
2026-06-01 13:53:10 | INFO | Trial 71 | outer=2 | alpha=1.739e+05 n_pcs=3000 (pc_topk) weight={'name': 'pc_logistic', 'floor': 1e-06, 'clip_max': 4.0, 'prob_clip': 0.00562854433121356, 'n_components': 40, 'logistic_c': 0.08171964523104255, 'pca_fit': 'combined', 'solver': 'lbfgs', 'max_iter': 2000, 'fit_intercept': True, 'standardize_with_source': True, 'rho': 0.5}
[I 2026-06-01 13:53:26,385] Trial 71 finished with value: 0.1992309608119997 and parameters: {'alpha': 173903.9285855014, 'n_pcs': 3000, 'iw_method': 'pc_logistic', 'iw_clip_max': 4.0, 'iw_prob_clip': 0.00562854433121356, 'iw_n_components': 40, 'iw_logistic_c': 0.08171964523104255, 'iw_pca_fit': 'combined', 'iw_solver': 'lbfgs', 'iw_rho': 0.5}. Best is trial 44 with value: 0.20170016101019966.
2026-06-01 13:53:26 | INFO | Trial 72 | outer=2 | alpha=1.615e+05 n_pcs=3000 (pc_topk) weight={'name': 'pc_logistic', 'floor': 1e-06, 'clip_max': 4.0, 'prob_clip': 0.008481868659525249, 'n_components': 40, 'logistic_c': 5.906100640760513, 'pca_fit': 'combined', 'solver': 'lbfgs', 'max_iter': 2000, 'fit_intercept': True, 'standardize_with_source': True, 'rho': 0.5}
[I 2026-06-01 13:53:41,355] Trial 72 finished with value: 0.19940015523584315 and parameters: {'alpha': 161530.76628318834, 'n_pcs': 3000, 'iw_method': 'pc_logistic', 'iw_clip_max': 4.0, 'iw_prob_clip': 0.008481868659525249, 'iw_n_components': 40, 'iw_logistic_c': 5.906100640760513, 'iw_pca_fit': 'combined', 'iw_solver': 'lbfgs', 'iw_rho': 0.5}. Best is trial 44 with value: 0.20170016101019966.
2026-06-01 13:53:41 | INFO | Trial 73 | outer=2 | alpha=2.680e+05 n_pcs=3500 (pc_topk) weight={'name': 'pc_logistic', 'floor': 1e-06, 'clip_max': 4.0, 'prob_clip': 0.005048726303838906, 'n_components': 40, 'logistic_c': 5.956577129569656, 'pca_fit': 'combined', 'solver': 'lbfgs', 'max_iter': 2000, 'fit_intercept': True, 'standardize_with_source': True, 'rho': 0.5}
[I 2026-06-01 13:53:57,624] Trial 73 finished with value: 0.19764679507894456 and parameters: {'alpha': 267952.91357548913, 'n_pcs': 3500, 'iw_method': 'pc_logistic', 'iw_clip_max': 4.0, 'iw_prob_clip': 0.005048726303838906, 'iw_n_components': 40, 'iw_logistic_c': 5.956577129569656, 'iw_pca_fit': 'combined', 'iw_solver': 'lbfgs', 'iw_rho': 0.5}. Best is trial 44 with value: 0.20170016101019966.
2026-06-01 13:53:57 | INFO | Trial 74 | outer=2 | alpha=6.338e+04 n_pcs=3000 (pc_topk) weight={'name': 'pc_logistic', 'floor': 1e-06, 'clip_max': 12.0, 'prob_clip': 0.009325027077442755, 'n_components': 80, 'logistic_c': 5.440837724900614, 'pca_fit': 'combined', 'solver': 'lbfgs', 'max_iter': 2000, 'fit_intercept': True, 'standardize_with_source': True, 'rho': 0.5}
[I 2026-06-01 13:54:16,539] Trial 74 finished with value: 0.19033288050498162 and parameters: {'alpha': 63383.64075495592, 'n_pcs': 3000, 'iw_method': 'pc_logistic', 'iw_clip_max': 12.0, 'iw_prob_clip': 0.009325027077442755, 'iw_n_components': 80, 'iw_logistic_c': 5.440837724900614, 'iw_pca_fit': 'combined', 'iw_solver': 'lbfgs', 'iw_rho': 0.5}. Best is trial 44 with value: 0.20170016101019966.
2026-06-01 13:54:16 | INFO | Trial 75 | outer=2 | alpha=1.332e+05 n_pcs=3500 (pc_topk) weight={'name': 'uniform'}
[I 2026-06-01 13:54:20,830] Trial 75 finished with value: 0.1841919418031441 and parameters: {'alpha': 133246.16942107084, 'n_pcs': 3500, 'iw_method': 'uniform'}. Best is trial 44 with value: 0.20170016101019966.
2026-06-01 13:54:20 | INFO | Trial 76 | outer=2 | alpha=4.412e+05 n_pcs=3000 (pc_topk) weight={'name': 'pc_logistic', 'floor': 1e-06, 'clip_max': 4.0, 'prob_clip': 0.010278495658189894, 'n_components': 40, 'logistic_c': 1.8648877252021685, 'pca_fit': 'combined', 'solver': 'lbfgs', 'max_iter': 2000, 'fit_intercept': True, 'standardize_with_source': True, 'rho': 0.5}
[I 2026-06-01 13:54:36,979] Trial 76 finished with value: 0.1972838914418385 and parameters: {'alpha': 441236.63970241084, 'n_pcs': 3000, 'iw_method': 'pc_logistic', 'iw_clip_max': 4.0, 'iw_prob_clip': 0.010278495658189894, 'iw_n_components': 40, 'iw_logistic_c': 1.8648877252021685, 'iw_pca_fit': 'combined', 'iw_solver': 'lbfgs', 'iw_rho': 0.5}. Best is trial 44 with value: 0.20170016101019966.
2026-06-01 13:54:37 | INFO | Trial 77 | outer=2 | alpha=1.539e+05 n_pcs=3000 (pc_topk) weight={'name': 'pc_logistic', 'floor': 1e-06, 'clip_max': 4.0, 'prob_clip': 0.007755975504042795, 'n_components': 60, 'logistic_c': 0.8768713858053994, 'pca_fit': 'combined', 'solver': 'lbfgs', 'max_iter': 2000, 'fit_intercept': True, 'standardize_with_source': True, 'rho': 0.3}
[I 2026-06-01 13:54:54,317] Trial 77 finished with value: 0.19759251027440786 and parameters: {'alpha': 153858.47482055874, 'n_pcs': 3000, 'iw_method': 'pc_logistic', 'iw_clip_max': 4.0, 'iw_prob_clip': 0.007755975504042795, 'iw_n_components': 60, 'iw_logistic_c': 0.8768713858053994, 'iw_pca_fit': 'combined', 'iw_solver': 'lbfgs', 'iw_rho': 0.3}. Best is trial 44 with value: 0.20170016101019966.
2026-06-01 13:54:54 | INFO | Trial 78 | outer=2 | alpha=1.047e+05 n_pcs=3500 (pc_topk) weight={'name': 'pc_logistic', 'floor': 1e-06, 'clip_max': 4.0, 'prob_clip': 0.013693854406783373, 'n_components': 100, 'logistic_c': 2.266770435607138, 'pca_fit': 'combined', 'solver': 'lbfgs', 'max_iter': 2000, 'fit_intercept': True, 'standardize_with_source': True, 'rho': 0.5}
[I 2026-06-01 13:55:15,403] Trial 78 finished with value: 0.18973275752109597 and parameters: {'alpha': 104727.63434006588, 'n_pcs': 3500, 'iw_method': 'pc_logistic', 'iw_clip_max': 4.0, 'iw_prob_clip': 0.013693854406783373, 'iw_n_components': 100, 'iw_logistic_c': 2.266770435607138, 'iw_pca_fit': 'combined', 'iw_solver': 'lbfgs', 'iw_rho': 0.5}. Best is trial 44 with value: 0.20170016101019966.
2026-06-01 13:55:15 | INFO | Trial 79 | outer=2 | alpha=1.210e+04 n_pcs=2500 (pc_topk) weight={'name': 'pc_logistic', 'floor': 1e-06, 'clip_max': 2.5, 'prob_clip': 0.003955888486578941, 'n_components': 40, 'logistic_c': 8.946383218253283, 'pca_fit': 'combined', 'solver': 'lbfgs', 'max_iter': 2000, 'fit_intercept': True, 'standardize_with_source': True, 'rho': 0.85}
[I 2026-06-01 13:55:29,477] Trial 79 finished with value: 0.1793678657549765 and parameters: {'alpha': 12101.34448393804, 'n_pcs': 2500, 'iw_method': 'pc_logistic', 'iw_clip_max': 2.5, 'iw_prob_clip': 0.003955888486578941, 'iw_n_components': 40, 'iw_logistic_c': 8.946383218253283, 'iw_pca_fit': 'combined', 'iw_solver': 'lbfgs', 'iw_rho': 0.85}. Best is trial 44 with value: 0.20170016101019966.
2026-06-01 13:55:29 | INFO | Trial 80 | outer=2 | alpha=1.247e+03 n_pcs=2000 (pc_topk) weight={'name': 'pc_logistic', 'floor': 1e-06, 'clip_max': 4.0, 'prob_clip': 0.0031314441807818775, 'n_components': 20, 'logistic_c': 0.008545288466320166, 'pca_fit': 'combined', 'solver': 'lbfgs', 'max_iter': 2000, 'fit_intercept': True, 'standardize_with_source': True, 'rho': 0.5}
[I 2026-06-01 13:55:40,322] Trial 80 finished with value: 0.17267014382922788 and parameters: {'alpha': 1246.9013968071508, 'n_pcs': 2000, 'iw_method': 'pc_logistic', 'iw_clip_max': 4.0, 'iw_prob_clip': 0.0031314441807818775, 'iw_n_components': 20, 'iw_logistic_c': 0.008545288466320166, 'iw_pca_fit': 'combined', 'iw_solver': 'lbfgs', 'iw_rho': 0.5}. Best is trial 44 with value: 0.20170016101019966.
2026-06-01 13:55:40 | INFO | Trial 81 | outer=2 | alpha=3.300e+05 n_pcs=2500 (pc_topk) weight={'name': 'pc_logistic', 'floor': 1e-06, 'clip_max': 4.0, 'prob_clip': 0.001991995489167298, 'n_components': 40, 'logistic_c': 0.09721672448015754, 'pca_fit': 'combined', 'solver': 'lbfgs', 'max_iter': 2000, 'fit_intercept': True, 'standardize_with_source': True, 'rho': 0.5}
[I 2026-06-01 13:55:53,338] Trial 81 finished with value: 0.19869948357967945 and parameters: {'alpha': 330047.8970987316, 'n_pcs': 2500, 'iw_method': 'pc_logistic', 'iw_clip_max': 4.0, 'iw_prob_clip': 0.001991995489167298, 'iw_n_components': 40, 'iw_logistic_c': 0.09721672448015754, 'iw_pca_fit': 'combined', 'iw_solver': 'lbfgs', 'iw_rho': 0.5}. Best is trial 44 with value: 0.20170016101019966.
2026-06-01 13:55:53 | INFO | Trial 82 | outer=2 | alpha=1.546e+05 n_pcs=2500 (pc_topk) weight={'name': 'pc_logistic', 'floor': 1e-06, 'clip_max': 4.0, 'prob_clip': 0.0021800508400426177, 'n_components': 40, 'logistic_c': 0.40934001110215507, 'pca_fit': 'combined', 'solver': 'lbfgs', 'max_iter': 2000, 'fit_intercept': True, 'standardize_with_source': True, 'rho': 0.5}
[I 2026-06-01 13:56:07,275] Trial 82 finished with value: 0.20045003818784357 and parameters: {'alpha': 154622.35445795493, 'n_pcs': 2500, 'iw_method': 'pc_logistic', 'iw_clip_max': 4.0, 'iw_prob_clip': 0.0021800508400426177, 'iw_n_components': 40, 'iw_logistic_c': 0.40934001110215507, 'iw_pca_fit': 'combined', 'iw_solver': 'lbfgs', 'iw_rho': 0.5}. Best is trial 44 with value: 0.20170016101019966.
2026-06-01 13:56:07 | INFO | Trial 83 | outer=2 | alpha=2.468e+05 n_pcs=2500 (pc_topk) weight={'name': 'pc_logistic', 'floor': 1e-06, 'clip_max': 4.0, 'prob_clip': 0.002529284268843535, 'n_components': 40, 'logistic_c': 0.40840341279322073, 'pca_fit': 'combined', 'solver': 'lbfgs', 'max_iter': 2000, 'fit_intercept': True, 'standardize_with_source': True, 'rho': 0.5}
[I 2026-06-01 13:56:22,554] Trial 83 finished with value: 0.2004752264968385 and parameters: {'alpha': 246760.10836805432, 'n_pcs': 2500, 'iw_method': 'pc_logistic', 'iw_clip_max': 4.0, 'iw_prob_clip': 0.002529284268843535, 'iw_n_components': 40, 'iw_logistic_c': 0.40840341279322073, 'iw_pca_fit': 'combined', 'iw_solver': 'lbfgs', 'iw_rho': 0.5}. Best is trial 44 with value: 0.20170016101019966.
2026-06-01 13:56:22 | INFO | Trial 84 | outer=2 | alpha=2.412e+05 n_pcs=2500 (pc_topk) weight={'name': 'pc_logistic', 'floor': 1e-06, 'clip_max': 4.0, 'prob_clip': 0.002459460123371852, 'n_components': 40, 'logistic_c': 0.3693655365892873, 'pca_fit': 'combined', 'solver': 'lbfgs', 'max_iter': 2000, 'fit_intercept': True, 'standardize_with_source': True, 'rho': 0.5}
[I 2026-06-01 13:56:37,256] Trial 84 finished with value: 0.200374548709348 and parameters: {'alpha': 241211.00768874044, 'n_pcs': 2500, 'iw_method': 'pc_logistic', 'iw_clip_max': 4.0, 'iw_prob_clip': 0.002459460123371852, 'iw_n_components': 40, 'iw_logistic_c': 0.3693655365892873, 'iw_pca_fit': 'combined', 'iw_solver': 'lbfgs', 'iw_rho': 0.5}. Best is trial 44 with value: 0.20170016101019966.
2026-06-01 13:56:37 | INFO | Trial 85 | outer=2 | alpha=6.109e+05 n_pcs=2000 (pc_topk) weight={'name': 'pc_logistic', 'floor': 1e-06, 'clip_max': 4.0, 'prob_clip': 0.0024701389190434496, 'n_components': 40, 'logistic_c': 0.4241023488784795, 'pca_fit': 'combined', 'solver': 'lbfgs', 'max_iter': 2000, 'fit_intercept': True, 'standardize_with_source': True, 'rho': 0.5}
[I 2026-06-01 13:56:51,196] Trial 85 finished with value: 0.1974078487038245 and parameters: {'alpha': 610860.827361906, 'n_pcs': 2000, 'iw_method': 'pc_logistic', 'iw_clip_max': 4.0, 'iw_prob_clip': 0.0024701389190434496, 'iw_n_components': 40, 'iw_logistic_c': 0.4241023488784795, 'iw_pca_fit': 'combined', 'iw_solver': 'lbfgs', 'iw_rho': 0.5}. Best is trial 44 with value: 0.20170016101019966.
2026-06-01 13:56:51 | INFO | Trial 86 | outer=2 | alpha=2.360e+05 n_pcs=2500 (pc_topk) weight={'name': 'uniform'}
[I 2026-06-01 13:56:53,858] Trial 86 finished with value: 0.1848966588666117 and parameters: {'alpha': 236002.36037392583, 'n_pcs': 2500, 'iw_method': 'uniform'}. Best is trial 44 with value: 0.20170016101019966.
2026-06-01 13:56:53 | INFO | Trial 87 | outer=2 | alpha=7.463e+04 n_pcs=2000 (pc_topk) weight={'name': 'pc_logistic', 'floor': 1e-06, 'clip_max': 4.0, 'prob_clip': 0.002873696188394308, 'n_components': 10, 'logistic_c': 0.3247093165123508, 'pca_fit': 'combined', 'solver': 'lbfgs', 'max_iter': 2000, 'fit_intercept': True, 'standardize_with_source': True, 'rho': 0.5}
[I 2026-06-01 13:57:03,758] Trial 87 finished with value: 0.19517687564694092 and parameters: {'alpha': 74629.8148715505, 'n_pcs': 2000, 'iw_method': 'pc_logistic', 'iw_clip_max': 4.0, 'iw_prob_clip': 0.002873696188394308, 'iw_n_components': 10, 'iw_logistic_c': 0.3247093165123508, 'iw_pca_fit': 'combined', 'iw_solver': 'lbfgs', 'iw_rho': 0.5}. Best is trial 44 with value: 0.20170016101019966.
2026-06-01 13:57:03 | INFO | Trial 88 | outer=2 | alpha=1.272e+05 n_pcs=2500 (pc_topk) weight={'name': 'pc_logistic', 'floor': 1e-06, 'clip_max': 1.5, 'prob_clip': 0.0021526706065881866, 'n_components': 40, 'logistic_c': 0.6005427171174332, 'pca_fit': 'combined', 'solver': 'lbfgs', 'max_iter': 2000, 'fit_intercept': True, 'standardize_with_source': True, 'rho': 0.5}
[I 2026-06-01 13:57:18,455] Trial 88 finished with value: 0.19252682216895692 and parameters: {'alpha': 127248.9127837544, 'n_pcs': 2500, 'iw_method': 'pc_logistic', 'iw_clip_max': 1.5, 'iw_prob_clip': 0.0021526706065881866, 'iw_n_components': 40, 'iw_logistic_c': 0.6005427171174332, 'iw_pca_fit': 'combined', 'iw_solver': 'lbfgs', 'iw_rho': 0.5}. Best is trial 44 with value: 0.20170016101019966.
2026-06-01 13:57:18 | INFO | Trial 89 | outer=2 | alpha=3.533e+05 n_pcs=2500 (pc_topk) weight={'name': 'pc_logistic', 'floor': 1e-06, 'clip_max': 4.0, 'prob_clip': 0.0021466542682785283, 'n_components': 40, 'logistic_c': 1.2115086849318015, 'pca_fit': 'combined', 'solver': 'lbfgs', 'max_iter': 2000, 'fit_intercept': True, 'standardize_with_source': True, 'rho': 0.5}
[I 2026-06-01 13:57:31,894] Trial 89 finished with value: 0.19908118997226323 and parameters: {'alpha': 353269.03763447993, 'n_pcs': 2500, 'iw_method': 'pc_logistic', 'iw_clip_max': 4.0, 'iw_prob_clip': 0.0021466542682785283, 'iw_n_components': 40, 'iw_logistic_c': 1.2115086849318015, 'iw_pca_fit': 'combined', 'iw_solver': 'lbfgs', 'iw_rho': 0.5}. Best is trial 44 with value: 0.20170016101019966.
2026-06-01 13:57:31 | INFO | Trial 90 | outer=2 | alpha=4.921e+05 n_pcs=2000 (pc_topk) weight={'name': 'pc_logistic', 'floor': 1e-06, 'clip_max': 4.0, 'prob_clip': 0.004395031419819027, 'n_components': 40, 'logistic_c': 0.19520459402463392, 'pca_fit': 'combined', 'solver': 'lbfgs', 'max_iter': 2000, 'fit_intercept': True, 'standardize_with_source': True, 'rho': 1.0}
[I 2026-06-01 13:57:46,332] Trial 90 finished with value: 0.18871843574702782 and parameters: {'alpha': 492142.3475796832, 'n_pcs': 2000, 'iw_method': 'pc_logistic', 'iw_clip_max': 4.0, 'iw_prob_clip': 0.004395031419819027, 'iw_n_components': 40, 'iw_logistic_c': 0.19520459402463392, 'iw_pca_fit': 'combined', 'iw_solver': 'lbfgs', 'iw_rho': 1.0}. Best is trial 44 with value: 0.20170016101019966.
2026-06-01 13:57:46 | INFO | Trial 91 | outer=2 | alpha=2.685e+05 n_pcs=2500 (pc_topk) weight={'name': 'pc_logistic', 'floor': 1e-06, 'clip_max': 4.0, 'prob_clip': 0.0017026046789796955, 'n_components': 40, 'logistic_c': 4.574585006047552, 'pca_fit': 'combined', 'solver': 'lbfgs', 'max_iter': 2000, 'fit_intercept': True, 'standardize_with_source': True, 'rho': 0.5}
[I 2026-06-01 13:57:58,472] Trial 91 finished with value: 0.19925005165763301 and parameters: {'alpha': 268451.65314932336, 'n_pcs': 2500, 'iw_method': 'pc_logistic', 'iw_clip_max': 4.0, 'iw_prob_clip': 0.0017026046789796955, 'iw_n_components': 40, 'iw_logistic_c': 4.574585006047552, 'iw_pca_fit': 'combined', 'iw_solver': 'lbfgs', 'iw_rho': 0.5}. Best is trial 44 with value: 0.20170016101019966.
2026-06-01 13:57:58 | INFO | Trial 92 | outer=2 | alpha=1.480e+05 n_pcs=2500 (pc_topk) weight={'name': 'pc_logistic', 'floor': 1e-06, 'clip_max': 4.0, 'prob_clip': 0.003186417715679047, 'n_components': 40, 'logistic_c': 2.377192576080456, 'pca_fit': 'combined', 'solver': 'lbfgs', 'max_iter': 2000, 'fit_intercept': True, 'standardize_with_source': True, 'rho': 0.5}
[I 2026-06-01 13:58:12,054] Trial 92 finished with value: 0.20128582296324513 and parameters: {'alpha': 147983.5478709557, 'n_pcs': 2500, 'iw_method': 'pc_logistic', 'iw_clip_max': 4.0, 'iw_prob_clip': 0.003186417715679047, 'iw_n_components': 40, 'iw_logistic_c': 2.377192576080456, 'iw_pca_fit': 'combined', 'iw_solver': 'lbfgs', 'iw_rho': 0.5}. Best is trial 44 with value: 0.20170016101019966.
2026-06-01 13:58:12 | INFO | Trial 93 | outer=2 | alpha=1.053e+05 n_pcs=2500 (pc_topk) weight={'name': 'pc_logistic', 'floor': 1e-06, 'clip_max': 4.0, 'prob_clip': 0.0031788609883425874, 'n_components': 40, 'logistic_c': 0.7611856137788544, 'pca_fit': 'combined', 'solver': 'lbfgs', 'max_iter': 2000, 'fit_intercept': True, 'standardize_with_source': True, 'rho': 0.5}
[I 2026-06-01 13:58:26,914] Trial 93 finished with value: 0.20089861914063825 and parameters: {'alpha': 105328.57940504696, 'n_pcs': 2500, 'iw_method': 'pc_logistic', 'iw_clip_max': 4.0, 'iw_prob_clip': 0.0031788609883425874, 'iw_n_components': 40, 'iw_logistic_c': 0.7611856137788544, 'iw_pca_fit': 'combined', 'iw_solver': 'lbfgs', 'iw_rho': 0.5}. Best is trial 44 with value: 0.20170016101019966.
2026-06-01 13:58:26 | INFO | Trial 94 | outer=2 | alpha=1.148e+05 n_pcs=2500 (pc_topk) weight={'name': 'pc_logistic', 'floor': 1e-06, 'clip_max': 4.0, 'prob_clip': 0.003288023214658173, 'n_components': 40, 'logistic_c': 0.6865172782143816, 'pca_fit': 'combined', 'solver': 'lbfgs', 'max_iter': 2000, 'fit_intercept': True, 'standardize_with_source': True, 'rho': 0.5}
[I 2026-06-01 13:58:42,114] Trial 94 finished with value: 0.20117750236612936 and parameters: {'alpha': 114802.26771836245, 'n_pcs': 2500, 'iw_method': 'pc_logistic', 'iw_clip_max': 4.0, 'iw_prob_clip': 0.003288023214658173, 'iw_n_components': 40, 'iw_logistic_c': 0.6865172782143816, 'iw_pca_fit': 'combined', 'iw_solver': 'lbfgs', 'iw_rho': 0.5}. Best is trial 44 with value: 0.20170016101019966.
2026-06-01 13:58:42 | INFO | Trial 95 | outer=2 | alpha=9.354e+04 n_pcs=2500 (pc_topk) weight={'name': 'pc_logistic', 'floor': 1e-06, 'clip_max': 7.0, 'prob_clip': 0.0033096111976242226, 'n_components': 40, 'logistic_c': 0.7829512111677197, 'pca_fit': 'combined', 'solver': 'lbfgs', 'max_iter': 2000, 'fit_intercept': True, 'standardize_with_source': True, 'rho': 0.5}
[I 2026-06-01 13:58:55,701] Trial 95 finished with value: 0.19697083149881675 and parameters: {'alpha': 93537.34949451072, 'n_pcs': 2500, 'iw_method': 'pc_logistic', 'iw_clip_max': 7.0, 'iw_prob_clip': 0.0033096111976242226, 'iw_n_components': 40, 'iw_logistic_c': 0.7829512111677197, 'iw_pca_fit': 'combined', 'iw_solver': 'lbfgs', 'iw_rho': 0.5}. Best is trial 44 with value: 0.20170016101019966.
2026-06-01 13:58:55 | INFO | Trial 96 | outer=2 | alpha=1.162e+05 n_pcs=2500 (pc_topk) weight={'name': 'pc_logistic', 'floor': 1e-06, 'clip_max': 4.0, 'prob_clip': 0.0037561511736326036, 'n_components': 100, 'logistic_c': 0.3975473117986304, 'pca_fit': 'combined', 'solver': 'lbfgs', 'max_iter': 2000, 'fit_intercept': True, 'standardize_with_source': True, 'rho': 0.5}
[I 2026-06-01 13:59:14,585] Trial 96 finished with value: 0.1936232934768223 and parameters: {'alpha': 116235.24744237223, 'n_pcs': 2500, 'iw_method': 'pc_logistic', 'iw_clip_max': 4.0, 'iw_prob_clip': 0.0037561511736326036, 'iw_n_components': 100, 'iw_logistic_c': 0.3975473117986304, 'iw_pca_fit': 'combined', 'iw_solver': 'lbfgs', 'iw_rho': 0.5}. Best is trial 44 with value: 0.20170016101019966.
2026-06-01 13:59:14 | INFO | Trial 97 | outer=2 | alpha=6.909e+04 n_pcs=2000 (pc_topk) weight={'name': 'pc_logistic', 'floor': 1e-06, 'clip_max': 2.5, 'prob_clip': 0.0026637007432233455, 'n_components': 40, 'logistic_c': 2.2959262915980316, 'pca_fit': 'combined', 'solver': 'lbfgs', 'max_iter': 2000, 'fit_intercept': True, 'standardize_with_source': True, 'rho': 0.5}
[I 2026-06-01 13:59:29,929] Trial 97 finished with value: 0.19350560758742924 and parameters: {'alpha': 69086.95962287561, 'n_pcs': 2000, 'iw_method': 'pc_logistic', 'iw_clip_max': 2.5, 'iw_prob_clip': 0.0026637007432233455, 'iw_n_components': 40, 'iw_logistic_c': 2.2959262915980316, 'iw_pca_fit': 'combined', 'iw_solver': 'lbfgs', 'iw_rho': 0.5}. Best is trial 44 with value: 0.20170016101019966.
2026-06-01 13:59:29 | INFO | Trial 98 | outer=2 | alpha=2.937e+04 n_pcs=2500 (pc_topk) weight={'name': 'pc_logistic', 'floor': 1e-06, 'clip_max': 12.0, 'prob_clip': 0.0030867804610834487, 'n_components': 40, 'logistic_c': 1.062263748108367, 'pca_fit': 'combined', 'solver': 'lbfgs', 'max_iter': 2000, 'fit_intercept': True, 'standardize_with_source': True, 'rho': 0.3}
[I 2026-06-01 13:59:43,791] Trial 98 finished with value: 0.19132105497794355 and parameters: {'alpha': 29369.818279956486, 'n_pcs': 2500, 'iw_method': 'pc_logistic', 'iw_clip_max': 12.0, 'iw_prob_clip': 0.0030867804610834487, 'iw_n_components': 40, 'iw_logistic_c': 1.062263748108367, 'iw_pca_fit': 'combined', 'iw_solver': 'lbfgs', 'iw_rho': 0.3}. Best is trial 44 with value: 0.20170016101019966.
2026-06-01 13:59:43 | INFO | Trial 99 | outer=2 | alpha=1.414e+05 n_pcs=2000 (pc_topk) weight={'name': 'uniform'}
[I 2026-06-01 13:59:45,926] Trial 99 finished with value: 0.1841814759768961 and parameters: {'alpha': 141439.74041388935, 'n_pcs': 2000, 'iw_method': 'uniform'}. Best is trial 44 with value: 0.20170016101019966.
2026-06-01 13:59:45 | INFO | Trial 100 | outer=2 | alpha=4.470e+04 n_pcs=2500 (pc_topk) weight={'name': 'pc_logistic', 'floor': 1e-06, 'clip_max': 4.0, 'prob_clip': 0.004596074618026352, 'n_components': 80, 'logistic_c': 0.26336949795099956, 'pca_fit': 'combined', 'solver': 'lbfgs', 'max_iter': 2000, 'fit_intercept': True, 'standardize_with_source': True, 'rho': 0.5}
[I 2026-06-01 14:00:03,114] Trial 100 finished with value: 0.1966960503830289 and parameters: {'alpha': 44698.16103755873, 'n_pcs': 2500, 'iw_method': 'pc_logistic', 'iw_clip_max': 4.0, 'iw_prob_clip': 0.004596074618026352, 'iw_n_components': 80, 'iw_logistic_c': 0.26336949795099956, 'iw_pca_fit': 'combined', 'iw_solver': 'lbfgs', 'iw_rho': 0.5}. Best is trial 44 with value: 0.20170016101019966.
2026-06-01 14:00:03 | INFO | Trial 101 | outer=2 | alpha=2.241e+05 n_pcs=2500 (pc_topk) weight={'name': 'pc_logistic', 'floor': 1e-06, 'clip_max': 4.0, 'prob_clip': 0.0023289281091309123, 'n_components': 40, 'logistic_c': 0.04182596100092616, 'pca_fit': 'combined', 'solver': 'lbfgs', 'max_iter': 2000, 'fit_intercept': True, 'standardize_with_source': True, 'rho': 0.5}
[I 2026-06-01 14:00:16,005] Trial 101 finished with value: 0.1999730999358475 and parameters: {'alpha': 224076.4608232238, 'n_pcs': 2500, 'iw_method': 'pc_logistic', 'iw_clip_max': 4.0, 'iw_prob_clip': 0.0023289281091309123, 'iw_n_components': 40, 'iw_logistic_c': 0.04182596100092616, 'iw_pca_fit': 'combined', 'iw_solver': 'lbfgs', 'iw_rho': 0.5}. Best is trial 44 with value: 0.20170016101019966.
2026-06-01 14:00:16 | INFO | Trial 102 | outer=2 | alpha=9.616e+06 n_pcs=2500 (pc_topk) weight={'name': 'pc_logistic', 'floor': 1e-06, 'clip_max': 4.0, 'prob_clip': 0.003560917970769584, 'n_components': 40, 'logistic_c': 0.09996320237479343, 'pca_fit': 'combined', 'solver': 'lbfgs', 'max_iter': 2000, 'fit_intercept': True, 'standardize_with_source': True, 'rho': 0.5}
[I 2026-06-01 14:00:31,350] Trial 102 finished with value: 0.18728194360894337 and parameters: {'alpha': 9616215.530243784, 'n_pcs': 2500, 'iw_method': 'pc_logistic', 'iw_clip_max': 4.0, 'iw_prob_clip': 0.003560917970769584, 'iw_n_components': 40, 'iw_logistic_c': 0.09996320237479343, 'iw_pca_fit': 'combined', 'iw_solver': 'lbfgs', 'iw_rho': 0.5}. Best is trial 44 with value: 0.20170016101019966.
2026-06-01 14:00:31 | INFO | Trial 103 | outer=2 | alpha=3.085e+05 n_pcs=2500 (pc_topk) weight={'name': 'pc_logistic', 'floor': 1e-06, 'clip_max': 4.0, 'prob_clip': 0.0028309857924582503, 'n_components': 40, 'logistic_c': 0.528409113989002, 'pca_fit': 'combined', 'solver': 'lbfgs', 'max_iter': 2000, 'fit_intercept': True, 'standardize_with_source': True, 'rho': 0.5}
[I 2026-06-01 14:00:45,671] Trial 103 finished with value: 0.2003044620576989 and parameters: {'alpha': 308496.9944060088, 'n_pcs': 2500, 'iw_method': 'pc_logistic', 'iw_clip_max': 4.0, 'iw_prob_clip': 0.0028309857924582503, 'iw_n_components': 40, 'iw_logistic_c': 0.528409113989002, 'iw_pca_fit': 'combined', 'iw_solver': 'lbfgs', 'iw_rho': 0.5}. Best is trial 44 with value: 0.20170016101019966.
2026-06-01 14:00:45 | INFO | Trial 104 | outer=2 | alpha=3.043e+05 n_pcs=2500 (pc_topk) weight={'name': 'pc_logistic', 'floor': 1e-06, 'clip_max': 4.0, 'prob_clip': 0.0026420898018750384, 'n_components': 40, 'logistic_c': 1.3644838712793674, 'pca_fit': 'combined', 'solver': 'lbfgs', 'max_iter': 2000, 'fit_intercept': True, 'standardize_with_source': True, 'rho': 0.5}
[I 2026-06-01 14:01:00,328] Trial 104 finished with value: 0.20005939659028465 and parameters: {'alpha': 304307.5025638325, 'n_pcs': 2500, 'iw_method': 'pc_logistic', 'iw_clip_max': 4.0, 'iw_prob_clip': 0.0026420898018750384, 'iw_n_components': 40, 'iw_logistic_c': 1.3644838712793674, 'iw_pca_fit': 'combined', 'iw_solver': 'lbfgs', 'iw_rho': 0.5}. Best is trial 44 with value: 0.20170016101019966.
2026-06-01 14:01:00 | INFO | Trial 105 | outer=2 | alpha=8.553e+04 n_pcs=3000 (pc_topk) weight={'name': 'pc_logistic', 'floor': 1e-06, 'clip_max': 4.0, 'prob_clip': 0.003915987105712812, 'n_components': 40, 'logistic_c': 0.5948007548682964, 'pca_fit': 'combined', 'solver': 'lbfgs', 'max_iter': 2000, 'fit_intercept': True, 'standardize_with_source': True, 'rho': 0.5}
[I 2026-06-01 14:01:15,878] Trial 105 finished with value: 0.19700406672773227 and parameters: {'alpha': 85532.15704316592, 'n_pcs': 3000, 'iw_method': 'pc_logistic', 'iw_clip_max': 4.0, 'iw_prob_clip': 0.003915987105712812, 'iw_n_components': 40, 'iw_logistic_c': 0.5948007548682964, 'iw_pca_fit': 'combined', 'iw_solver': 'lbfgs', 'iw_rho': 0.5}. Best is trial 44 with value: 0.20170016101019966.
2026-06-01 14:01:15 | INFO | Trial 106 | outer=2 | alpha=2.126e+05 n_pcs=2000 (pc_topk) weight={'name': 'pc_logistic', 'floor': 1e-06, 'clip_max': 4.0, 'prob_clip': 0.0029429644116906618, 'n_components': 20, 'logistic_c': 2.962592691122743, 'pca_fit': 'combined', 'solver': 'lbfgs', 'max_iter': 2000, 'fit_intercept': True, 'standardize_with_source': True, 'rho': 0.5}
[I 2026-06-01 14:01:27,512] Trial 106 finished with value: 0.19720760905519788 and parameters: {'alpha': 212649.03231999866, 'n_pcs': 2000, 'iw_method': 'pc_logistic', 'iw_clip_max': 4.0, 'iw_prob_clip': 0.0029429644116906618, 'iw_n_components': 20, 'iw_logistic_c': 2.962592691122743, 'iw_pca_fit': 'combined', 'iw_solver': 'lbfgs', 'iw_rho': 0.5}. Best is trial 44 with value: 0.20170016101019966.
2026-06-01 14:01:27 | INFO | Trial 107 | outer=2 | alpha=1.050e+05 n_pcs=2500 (pc_topk) weight={'name': 'pc_logistic', 'floor': 1e-06, 'clip_max': 4.0, 'prob_clip': 0.0033071063701894804, 'n_components': 60, 'logistic_c': 0.4593103572618756, 'pca_fit': 'combined', 'solver': 'lbfgs', 'max_iter': 2000, 'fit_intercept': True, 'standardize_with_source': True, 'rho': 0.85}
[I 2026-06-01 14:01:43,357] Trial 107 finished with value: 0.19041642427895025 and parameters: {'alpha': 104990.97401112577, 'n_pcs': 2500, 'iw_method': 'pc_logistic', 'iw_clip_max': 4.0, 'iw_prob_clip': 0.0033071063701894804, 'iw_n_components': 60, 'iw_logistic_c': 0.4593103572618756, 'iw_pca_fit': 'combined', 'iw_solver': 'lbfgs', 'iw_rho': 0.85}. Best is trial 44 with value: 0.20170016101019966.
2026-06-01 14:01:43 | INFO | Trial 108 | outer=2 | alpha=1.536e+05 n_pcs=500 (pc_topk) weight={'name': 'pc_logistic', 'floor': 1e-06, 'clip_max': 4.0, 'prob_clip': 0.002527120420107768, 'n_components': 40, 'logistic_c': 0.22295695395089385, 'pca_fit': 'combined', 'solver': 'lbfgs', 'max_iter': 2000, 'fit_intercept': True, 'standardize_with_source': True, 'rho': 0.5}
[I 2026-06-01 14:01:56,118] Trial 108 finished with value: 0.17531549006170755 and parameters: {'alpha': 153550.470036081, 'n_pcs': 500, 'iw_method': 'pc_logistic', 'iw_clip_max': 4.0, 'iw_prob_clip': 0.002527120420107768, 'iw_n_components': 40, 'iw_logistic_c': 0.22295695395089385, 'iw_pca_fit': 'combined', 'iw_solver': 'lbfgs', 'iw_rho': 0.5}. Best is trial 44 with value: 0.20170016101019966.
2026-06-01 14:01:56 | INFO | Trial 109 | outer=2 | alpha=5.542e+04 n_pcs=3000 (pc_topk) weight={'name': 'pc_logistic', 'floor': 1e-06, 'clip_max': 4.0, 'prob_clip': 0.0018010234612460358, 'n_components': 40, 'logistic_c': 1.4597548225177732, 'pca_fit': 'combined', 'solver': 'lbfgs', 'max_iter': 2000, 'fit_intercept': True, 'standardize_with_source': True, 'rho': 0.5}
[I 2026-06-01 14:02:12,174] Trial 109 finished with value: 0.1924207983636366 and parameters: {'alpha': 55421.92482581636, 'n_pcs': 3000, 'iw_method': 'pc_logistic', 'iw_clip_max': 4.0, 'iw_prob_clip': 0.0018010234612460358, 'iw_n_components': 40, 'iw_logistic_c': 1.4597548225177732, 'iw_pca_fit': 'combined', 'iw_solver': 'lbfgs', 'iw_rho': 0.5}. Best is trial 44 with value: 0.20170016101019966.
2026-06-01 14:02:12 | INFO | Trial 110 | outer=2 | alpha=3.908e+05 n_pcs=2500 (pc_topk) weight={'name': 'pc_logistic', 'floor': 1e-06, 'clip_max': 4.0, 'prob_clip': 0.004968827566376372, 'n_components': 40, 'logistic_c': 0.13853611682747802, 'pca_fit': 'combined', 'solver': 'lbfgs', 'max_iter': 2000, 'fit_intercept': True, 'standardize_with_source': True, 'rho': 0.7}
[I 2026-06-01 14:02:25,716] Trial 110 finished with value: 0.19837177954255777 and parameters: {'alpha': 390787.9956011695, 'n_pcs': 2500, 'iw_method': 'pc_logistic', 'iw_clip_max': 4.0, 'iw_prob_clip': 0.004968827566376372, 'iw_n_components': 40, 'iw_logistic_c': 0.13853611682747802, 'iw_pca_fit': 'combined', 'iw_solver': 'lbfgs', 'iw_rho': 0.7}. Best is trial 44 with value: 0.20170016101019966.
2026-06-01 14:02:25 | INFO | Trial 111 | outer=2 | alpha=2.920e+05 n_pcs=2500 (pc_topk) weight={'name': 'pc_logistic', 'floor': 1e-06, 'clip_max': 4.0, 'prob_clip': 0.00209478481558548, 'n_components': 40, 'logistic_c': 0.8850618782724075, 'pca_fit': 'combined', 'solver': 'lbfgs', 'max_iter': 2000, 'fit_intercept': True, 'standardize_with_source': True, 'rho': 0.5}
[I 2026-06-01 14:02:38,226] Trial 111 finished with value: 0.1995719367994205 and parameters: {'alpha': 291950.50841654564, 'n_pcs': 2500, 'iw_method': 'pc_logistic', 'iw_clip_max': 4.0, 'iw_prob_clip': 0.00209478481558548, 'iw_n_components': 40, 'iw_logistic_c': 0.8850618782724075, 'iw_pca_fit': 'combined', 'iw_solver': 'lbfgs', 'iw_rho': 0.5}. Best is trial 44 with value: 0.20170016101019966.
2026-06-01 14:02:38 | INFO | Trial 112 | outer=2 | alpha=1.221e+05 n_pcs=2500 (pc_topk) weight={'name': 'pc_logistic', 'floor': 1e-06, 'clip_max': 4.0, 'prob_clip': 0.0023558508960411693, 'n_components': 40, 'logistic_c': 0.28263446058916036, 'pca_fit': 'combined', 'solver': 'lbfgs', 'max_iter': 2000, 'fit_intercept': True, 'standardize_with_source': True, 'rho': 0.5}
[I 2026-06-01 14:02:51,327] Trial 112 finished with value: 0.2003464513743703 and parameters: {'alpha': 122061.88021562088, 'n_pcs': 2500, 'iw_method': 'pc_logistic', 'iw_clip_max': 4.0, 'iw_prob_clip': 0.0023558508960411693, 'iw_n_components': 40, 'iw_logistic_c': 0.28263446058916036, 'iw_pca_fit': 'combined', 'iw_solver': 'lbfgs', 'iw_rho': 0.5}. Best is trial 44 with value: 0.20170016101019966.
2026-06-01 14:02:51 | INFO | Trial 113 | outer=2 | alpha=1.198e+05 n_pcs=2500 (pc_topk) weight={'name': 'pc_logistic', 'floor': 1e-06, 'clip_max': 4.0, 'prob_clip': 0.002393952988173623, 'n_components': 40, 'logistic_c': 0.36427159305360507, 'pca_fit': 'combined', 'solver': 'lbfgs', 'max_iter': 2000, 'fit_intercept': True, 'standardize_with_source': True, 'rho': 0.5}
[I 2026-06-01 14:03:06,263] Trial 113 finished with value: 0.20038944689343743 and parameters: {'alpha': 119814.63761689693, 'n_pcs': 2500, 'iw_method': 'pc_logistic', 'iw_clip_max': 4.0, 'iw_prob_clip': 0.002393952988173623, 'iw_n_components': 40, 'iw_logistic_c': 0.36427159305360507, 'iw_pca_fit': 'combined', 'iw_solver': 'lbfgs', 'iw_rho': 0.5}. Best is trial 44 with value: 0.20170016101019966.
2026-06-01 14:03:06 | INFO | Trial 114 | outer=2 | alpha=1.076e+05 n_pcs=2000 (pc_topk) weight={'name': 'pc_logistic', 'floor': 1e-06, 'clip_max': 4.0, 'prob_clip': 0.0023793607586433123, 'n_components': 40, 'logistic_c': 0.30341299124258736, 'pca_fit': 'combined', 'solver': 'lbfgs', 'max_iter': 2000, 'fit_intercept': True, 'standardize_with_source': True, 'rho': 0.5}
[I 2026-06-01 14:03:19,712] Trial 114 finished with value: 0.19930860250268403 and parameters: {'alpha': 107602.40154012656, 'n_pcs': 2000, 'iw_method': 'pc_logistic', 'iw_clip_max': 4.0, 'iw_prob_clip': 0.0023793607586433123, 'iw_n_components': 40, 'iw_logistic_c': 0.30341299124258736, 'iw_pca_fit': 'combined', 'iw_solver': 'lbfgs', 'iw_rho': 0.5}. Best is trial 44 with value: 0.20170016101019966.
2026-06-01 14:03:19 | INFO | Trial 115 | outer=2 | alpha=1.477e+05 n_pcs=2500 (pc_topk) weight={'name': 'pc_logistic', 'floor': 1e-06, 'clip_max': 4.0, 'prob_clip': 0.002953099086339682, 'n_components': 10, 'logistic_c': 0.6004637391121685, 'pca_fit': 'combined', 'solver': 'lbfgs', 'max_iter': 2000, 'fit_intercept': True, 'standardize_with_source': True, 'rho': 0.5}
[I 2026-06-01 14:03:29,752] Trial 115 finished with value: 0.19654288325684255 and parameters: {'alpha': 147703.46317582228, 'n_pcs': 2500, 'iw_method': 'pc_logistic', 'iw_clip_max': 4.0, 'iw_prob_clip': 0.002953099086339682, 'iw_n_components': 10, 'iw_logistic_c': 0.6004637391121685, 'iw_pca_fit': 'combined', 'iw_solver': 'lbfgs', 'iw_rho': 0.5}. Best is trial 44 with value: 0.20170016101019966.
2026-06-01 14:03:29 | INFO | Trial 116 | outer=2 | alpha=1.242e+05 n_pcs=2500 (pc_topk) weight={'name': 'pc_logistic', 'floor': 1e-06, 'clip_max': 4.0, 'prob_clip': 0.003947671406185719, 'n_components': 40, 'logistic_c': 3.203665094230977, 'pca_fit': 'combined', 'solver': 'lbfgs', 'max_iter': 2000, 'fit_intercept': True, 'standardize_with_source': True, 'rho': 0.5}
[I 2026-06-01 14:03:44,838] Trial 116 finished with value: 0.2016469723847698 and parameters: {'alpha': 124177.9181954454, 'n_pcs': 2500, 'iw_method': 'pc_logistic', 'iw_clip_max': 4.0, 'iw_prob_clip': 0.003947671406185719, 'iw_n_components': 40, 'iw_logistic_c': 3.203665094230977, 'iw_pca_fit': 'combined', 'iw_solver': 'lbfgs', 'iw_rho': 0.5}. Best is trial 44 with value: 0.20170016101019966.
2026-06-01 14:03:44 | INFO | Trial 117 | outer=2 | alpha=1.259e+05 n_pcs=3000 (pc_topk) weight={'name': 'pc_logistic', 'floor': 1e-06, 'clip_max': 1.5, 'prob_clip': 0.00393144770611271, 'n_components': 40, 'logistic_c': 2.818792945079175, 'pca_fit': 'combined', 'solver': 'lbfgs', 'max_iter': 2000, 'fit_intercept': True, 'standardize_with_source': True, 'rho': 0.5}
[I 2026-06-01 14:03:59,820] Trial 117 finished with value: 0.1908415867982959 and parameters: {'alpha': 125857.43068698018, 'n_pcs': 3000, 'iw_method': 'pc_logistic', 'iw_clip_max': 1.5, 'iw_prob_clip': 0.00393144770611271, 'iw_n_components': 40, 'iw_logistic_c': 2.818792945079175, 'iw_pca_fit': 'combined', 'iw_solver': 'lbfgs', 'iw_rho': 0.5}. Best is trial 44 with value: 0.20170016101019966.
2026-06-01 14:03:59 | INFO | Trial 118 | outer=2 | alpha=8.937e+04 n_pcs=5000 (pc_topk) weight={'name': 'pc_logistic', 'floor': 1e-06, 'clip_max': 7.0, 'prob_clip': 0.0034886460629161386, 'n_components': 40, 'logistic_c': 3.7919922871140224, 'pca_fit': 'combined', 'solver': 'lbfgs', 'max_iter': 2000, 'fit_intercept': True, 'standardize_with_source': True, 'rho': 0.5}
[I 2026-06-01 14:04:22,090] Trial 118 finished with value: 0.19322676728015897 and parameters: {'alpha': 89374.41099546092, 'n_pcs': 5000, 'iw_method': 'pc_logistic', 'iw_clip_max': 7.0, 'iw_prob_clip': 0.0034886460629161386, 'iw_n_components': 40, 'iw_logistic_c': 3.7919922871140224, 'iw_pca_fit': 'combined', 'iw_solver': 'lbfgs', 'iw_rho': 0.5}. Best is trial 44 with value: 0.20170016101019966.
2026-06-01 14:04:22 | INFO | Trial 119 | outer=2 | alpha=6.064e+04 n_pcs=2500 (pc_topk) weight={'name': 'pc_logistic', 'floor': 1e-06, 'clip_max': 4.0, 'prob_clip': 0.004191196686371975, 'n_components': 40, 'logistic_c': 8.545708146961406, 'pca_fit': 'combined', 'solver': 'lbfgs', 'max_iter': 2000, 'fit_intercept': True, 'standardize_with_source': True, 'rho': 0.5}
[I 2026-06-01 14:04:36,474] Trial 119 finished with value: 0.19996283537343426 and parameters: {'alpha': 60643.357904002645, 'n_pcs': 2500, 'iw_method': 'pc_logistic', 'iw_clip_max': 4.0, 'iw_prob_clip': 0.004191196686371975, 'iw_n_components': 40, 'iw_logistic_c': 8.545708146961406, 'iw_pca_fit': 'combined', 'iw_solver': 'lbfgs', 'iw_rho': 0.5}. Best is trial 44 with value: 0.20170016101019966.
2026-06-01 14:04:36 | INFO | Trial 120 | outer=2 | alpha=7.729e+04 n_pcs=3000 (pc_topk) weight={'name': 'uniform'}
[I 2026-06-01 14:04:39,844] Trial 120 finished with value: 0.18575670769938624 and parameters: {'alpha': 77286.32281644647, 'n_pcs': 3000, 'iw_method': 'uniform'}. Best is trial 44 with value: 0.20170016101019966.
2026-06-01 14:04:39 | INFO | Trial 121 | outer=2 | alpha=2.187e+05 n_pcs=2500 (pc_topk) weight={'name': 'pc_logistic', 'floor': 1e-06, 'clip_max': 4.0, 'prob_clip': 0.0027542593055079143, 'n_components': 40, 'logistic_c': 1.5737717052115834, 'pca_fit': 'combined', 'solver': 'lbfgs', 'max_iter': 2000, 'fit_intercept': True, 'standardize_with_source': True, 'rho': 0.5}
[I 2026-06-01 14:04:55,353] Trial 121 finished with value: 0.20074851888263145 and parameters: {'alpha': 218696.55789648, 'n_pcs': 2500, 'iw_method': 'pc_logistic', 'iw_clip_max': 4.0, 'iw_prob_clip': 0.0027542593055079143, 'iw_n_components': 40, 'iw_logistic_c': 1.5737717052115834, 'iw_pca_fit': 'combined', 'iw_solver': 'lbfgs', 'iw_rho': 0.5}. Best is trial 44 with value: 0.20170016101019966.
2026-06-01 14:04:55 | INFO | Trial 122 | outer=2 | alpha=2.093e+05 n_pcs=2500 (pc_topk) weight={'name': 'pc_logistic', 'floor': 1e-06, 'clip_max': 4.0, 'prob_clip': 0.0031514488404979207, 'n_components': 40, 'logistic_c': 1.8193318442858306, 'pca_fit': 'combined', 'solver': 'lbfgs', 'max_iter': 2000, 'fit_intercept': True, 'standardize_with_source': True, 'rho': 0.5}
[I 2026-06-01 14:05:08,474] Trial 122 finished with value: 0.20110678784867125 and parameters: {'alpha': 209286.50809311605, 'n_pcs': 2500, 'iw_method': 'pc_logistic', 'iw_clip_max': 4.0, 'iw_prob_clip': 0.0031514488404979207, 'iw_n_components': 40, 'iw_logistic_c': 1.8193318442858306, 'iw_pca_fit': 'combined', 'iw_solver': 'lbfgs', 'iw_rho': 0.5}. Best is trial 44 with value: 0.20170016101019966.
2026-06-01 14:05:08 | INFO | Trial 123 | outer=2 | alpha=2.060e+05 n_pcs=2500 (pc_topk) weight={'name': 'pc_logistic', 'floor': 1e-06, 'clip_max': 4.0, 'prob_clip': 0.003169943718226345, 'n_components': 40, 'logistic_c': 1.7438988293852637, 'pca_fit': 'combined', 'solver': 'lbfgs', 'max_iter': 2000, 'fit_intercept': True, 'standardize_with_source': True, 'rho': 1.0}
[I 2026-06-01 14:05:22,878] Trial 123 finished with value: 0.18790405877562671 and parameters: {'alpha': 206027.42369974658, 'n_pcs': 2500, 'iw_method': 'pc_logistic', 'iw_clip_max': 4.0, 'iw_prob_clip': 0.003169943718226345, 'iw_n_components': 40, 'iw_logistic_c': 1.7438988293852637, 'iw_pca_fit': 'combined', 'iw_solver': 'lbfgs', 'iw_rho': 1.0}. Best is trial 44 with value: 0.20170016101019966.
2026-06-01 14:05:22 | INFO | Trial 124 | outer=2 | alpha=2.367e+05 n_pcs=2000 (pc_topk) weight={'name': 'pc_logistic', 'floor': 1e-06, 'clip_max': 4.0, 'prob_clip': 0.003455393697524834, 'n_components': 40, 'logistic_c': 1.5555159748504916e-07, 'pca_fit': 'combined', 'solver': 'lbfgs', 'max_iter': 2000, 'fit_intercept': True, 'standardize_with_source': True, 'rho': 0.5}
[I 2026-06-01 14:05:29,787] Trial 124 finished with value: 0.1827004295551502 and parameters: {'alpha': 236720.7832648952, 'n_pcs': 2000, 'iw_method': 'pc_logistic', 'iw_clip_max': 4.0, 'iw_prob_clip': 0.003455393697524834, 'iw_n_components': 40, 'iw_logistic_c': 1.5555159748504916e-07, 'iw_pca_fit': 'combined', 'iw_solver': 'lbfgs', 'iw_rho': 0.5}. Best is trial 44 with value: 0.20170016101019966.
2026-06-01 14:05:29 | INFO | Trial 125 | outer=2 | alpha=1.730e+05 n_pcs=2500 (pc_topk) weight={'name': 'pc_logistic', 'floor': 1e-06, 'clip_max': 4.0, 'prob_clip': 0.002608825600756773, 'n_components': 40, 'logistic_c': 2.095484309257655, 'pca_fit': 'combined', 'solver': 'lbfgs', 'max_iter': 2000, 'fit_intercept': True, 'standardize_with_source': True, 'rho': 0.5}
[I 2026-06-01 14:05:44,570] Trial 125 finished with value: 0.20077445203312033 and parameters: {'alpha': 172963.39262661376, 'n_pcs': 2500, 'iw_method': 'pc_logistic', 'iw_clip_max': 4.0, 'iw_prob_clip': 0.002608825600756773, 'iw_n_components': 40, 'iw_logistic_c': 2.095484309257655, 'iw_pca_fit': 'combined', 'iw_solver': 'lbfgs', 'iw_rho': 0.5}. Best is trial 44 with value: 0.20170016101019966.
2026-06-01 14:05:44 | INFO | Trial 126 | outer=2 | alpha=1.574e+05 n_pcs=2500 (pc_topk) weight={'name': 'pc_logistic', 'floor': 1e-06, 'clip_max': 2.5, 'prob_clip': 0.006010661772586729, 'n_components': 40, 'logistic_c': 2.2670156455309516, 'pca_fit': 'combined', 'solver': 'lbfgs', 'max_iter': 2000, 'fit_intercept': True, 'standardize_with_source': True, 'rho': 0.5}
[I 2026-06-01 14:05:59,260] Trial 126 finished with value: 0.2003847432719424 and parameters: {'alpha': 157378.8598488291, 'n_pcs': 2500, 'iw_method': 'pc_logistic', 'iw_clip_max': 2.5, 'iw_prob_clip': 0.006010661772586729, 'iw_n_components': 40, 'iw_logistic_c': 2.2670156455309516, 'iw_pca_fit': 'combined', 'iw_solver': 'lbfgs', 'iw_rho': 0.5}. Best is trial 44 with value: 0.20170016101019966.
2026-06-01 14:05:59 | INFO | Trial 127 | outer=2 | alpha=1.863e+05 n_pcs=2500 (pc_topk) weight={'name': 'pc_logistic', 'floor': 1e-06, 'clip_max': 4.0, 'prob_clip': 0.004669286340824663, 'n_components': 100, 'logistic_c': 0.0006386249912096899, 'pca_fit': 'combined', 'solver': 'lbfgs', 'max_iter': 2000, 'fit_intercept': True, 'standardize_with_source': True, 'rho': 0.3}
[I 2026-06-01 14:06:11,133] Trial 127 finished with value: 0.19933327208322998 and parameters: {'alpha': 186270.83361441296, 'n_pcs': 2500, 'iw_method': 'pc_logistic', 'iw_clip_max': 4.0, 'iw_prob_clip': 0.004669286340824663, 'iw_n_components': 100, 'iw_logistic_c': 0.0006386249912096899, 'iw_pca_fit': 'combined', 'iw_solver': 'lbfgs', 'iw_rho': 0.3}. Best is trial 44 with value: 0.20170016101019966.
2026-06-01 14:06:11 | INFO | Trial 128 | outer=2 | alpha=9.848e+04 n_pcs=2000 (pc_topk) weight={'name': 'pc_logistic', 'floor': 1e-06, 'clip_max': 12.0, 'prob_clip': 0.002678558425335822, 'n_components': 40, 'logistic_c': 6.317425305416445, 'pca_fit': 'combined', 'solver': 'lbfgs', 'max_iter': 2000, 'fit_intercept': True, 'standardize_with_source': True, 'rho': 0.5}
[I 2026-06-01 14:06:25,100] Trial 128 finished with value: 0.1884048230278747 and parameters: {'alpha': 98476.82840566161, 'n_pcs': 2000, 'iw_method': 'pc_logistic', 'iw_clip_max': 12.0, 'iw_prob_clip': 0.002678558425335822, 'iw_n_components': 40, 'iw_logistic_c': 6.317425305416445, 'iw_pca_fit': 'combined', 'iw_solver': 'lbfgs', 'iw_rho': 0.5}. Best is trial 44 with value: 0.20170016101019966.
2026-06-01 14:06:25 | INFO | Trial 129 | outer=2 | alpha=1.312e+05 n_pcs=3000 (pc_topk) weight={'name': 'pc_logistic', 'floor': 1e-06, 'clip_max': 4.0, 'prob_clip': 0.0039385621360576405, 'n_components': 80, 'logistic_c': 3.8252331471224474, 'pca_fit': 'combined', 'solver': 'lbfgs', 'max_iter': 2000, 'fit_intercept': True, 'standardize_with_source': True, 'rho': 0.5}
[I 2026-06-01 14:06:44,656] Trial 129 finished with value: 0.19950569769235665 and parameters: {'alpha': 131237.96825773394, 'n_pcs': 3000, 'iw_method': 'pc_logistic', 'iw_clip_max': 4.0, 'iw_prob_clip': 0.0039385621360576405, 'iw_n_components': 80, 'iw_logistic_c': 3.8252331471224474, 'iw_pca_fit': 'combined', 'iw_solver': 'lbfgs', 'iw_rho': 0.5}. Best is trial 44 with value: 0.20170016101019966.
2026-06-01 14:06:44 | INFO | Trial 130 | outer=2 | alpha=6.904e+04 n_pcs=2500 (pc_topk) weight={'name': 'pc_logistic', 'floor': 1e-06, 'clip_max': 4.0, 'prob_clip': 0.0030056741658834162, 'n_components': 40, 'logistic_c': 1.1033857558135343, 'pca_fit': 'combined', 'solver': 'lbfgs', 'max_iter': 2000, 'fit_intercept': True, 'standardize_with_source': True, 'rho': 0.5}
[I 2026-06-01 14:06:58,462] Trial 130 finished with value: 0.19972681938514053 and parameters: {'alpha': 69040.1875689436, 'n_pcs': 2500, 'iw_method': 'pc_logistic', 'iw_clip_max': 4.0, 'iw_prob_clip': 0.0030056741658834162, 'iw_n_components': 40, 'iw_logistic_c': 1.1033857558135343, 'iw_pca_fit': 'combined', 'iw_solver': 'lbfgs', 'iw_rho': 0.5}. Best is trial 44 with value: 0.20170016101019966.
2026-06-01 14:06:58 | INFO | Trial 131 | outer=2 | alpha=1.674e+05 n_pcs=2500 (pc_topk) weight={'name': 'pc_logistic', 'floor': 1e-06, 'clip_max': 2.5, 'prob_clip': 0.006046109732743104, 'n_components': 40, 'logistic_c': 2.5967530198697584, 'pca_fit': 'combined', 'solver': 'lbfgs', 'max_iter': 2000, 'fit_intercept': True, 'standardize_with_source': True, 'rho': 0.5}
[I 2026-06-01 14:07:14,870] Trial 131 finished with value: 0.20033035132762214 and parameters: {'alpha': 167419.1066922813, 'n_pcs': 2500, 'iw_method': 'pc_logistic', 'iw_clip_max': 2.5, 'iw_prob_clip': 0.006046109732743104, 'iw_n_components': 40, 'iw_logistic_c': 2.5967530198697584, 'iw_pca_fit': 'combined', 'iw_solver': 'lbfgs', 'iw_rho': 0.5}. Best is trial 44 with value: 0.20170016101019966.
2026-06-01 14:07:14 | INFO | Trial 132 | outer=2 | alpha=1.488e+05 n_pcs=2500 (pc_topk) weight={'name': 'pc_logistic', 'floor': 1e-06, 'clip_max': 2.5, 'prob_clip': 0.004327100286307894, 'n_components': 40, 'logistic_c': 1.6693759150013627, 'pca_fit': 'combined', 'solver': 'lbfgs', 'max_iter': 2000, 'fit_intercept': True, 'standardize_with_source': True, 'rho': 0.5}
[I 2026-06-01 14:07:28,236] Trial 132 finished with value: 0.1987964140374468 and parameters: {'alpha': 148840.39422592195, 'n_pcs': 2500, 'iw_method': 'pc_logistic', 'iw_clip_max': 2.5, 'iw_prob_clip': 0.004327100286307894, 'iw_n_components': 40, 'iw_logistic_c': 1.6693759150013627, 'iw_pca_fit': 'combined', 'iw_solver': 'lbfgs', 'iw_rho': 0.5}. Best is trial 44 with value: 0.20170016101019966.
2026-06-01 14:07:28 | INFO | Trial 133 | outer=2 | alpha=1.975e+05 n_pcs=2500 (pc_topk) weight={'name': 'pc_logistic', 'floor': 1e-06, 'clip_max': 2.5, 'prob_clip': 0.0036486433474127752, 'n_components': 40, 'logistic_c': 2.0190296808121384, 'pca_fit': 'combined', 'solver': 'lbfgs', 'max_iter': 2000, 'fit_intercept': True, 'standardize_with_source': True, 'rho': 0.5}
[I 2026-06-01 14:07:42,583] Trial 133 finished with value: 0.19760979939235226 and parameters: {'alpha': 197468.42773400008, 'n_pcs': 2500, 'iw_method': 'pc_logistic', 'iw_clip_max': 2.5, 'iw_prob_clip': 0.0036486433474127752, 'iw_n_components': 40, 'iw_logistic_c': 2.0190296808121384, 'iw_pca_fit': 'combined', 'iw_solver': 'lbfgs', 'iw_rho': 0.5}. Best is trial 44 with value: 0.20170016101019966.
2026-06-01 14:07:42 | INFO | Trial 134 | outer=2 | alpha=4.499e+03 n_pcs=2500 (pc_topk) weight={'name': 'pc_logistic', 'floor': 1e-06, 'clip_max': 2.5, 'prob_clip': 0.0072375555861290625, 'n_components': 40, 'logistic_c': 0.9293658485020213, 'pca_fit': 'combined', 'solver': 'lbfgs', 'max_iter': 2000, 'fit_intercept': True, 'standardize_with_source': True, 'rho': 0.5}
[I 2026-06-01 14:07:55,821] Trial 134 finished with value: 0.17357963484958436 and parameters: {'alpha': 4499.179009408188, 'n_pcs': 2500, 'iw_method': 'pc_logistic', 'iw_clip_max': 2.5, 'iw_prob_clip': 0.0072375555861290625, 'iw_n_components': 40, 'iw_logistic_c': 0.9293658485020213, 'iw_pca_fit': 'combined', 'iw_solver': 'lbfgs', 'iw_rho': 0.5}. Best is trial 44 with value: 0.20170016101019966.
2026-06-01 14:07:55 | INFO | Trial 135 | outer=2 | alpha=1.117e+05 n_pcs=2500 (pc_topk) weight={'name': 'pc_logistic', 'floor': 1e-06, 'clip_max': 4.0, 'prob_clip': 0.005129595783120717, 'n_components': 40, 'logistic_c': 0.7689178509507825, 'pca_fit': 'combined', 'solver': 'lbfgs', 'max_iter': 2000, 'fit_intercept': True, 'standardize_with_source': True, 'rho': 0.85}
[I 2026-06-01 14:08:10,164] Trial 135 finished with value: 0.19764731809702812 and parameters: {'alpha': 111655.41907142157, 'n_pcs': 2500, 'iw_method': 'pc_logistic', 'iw_clip_max': 4.0, 'iw_prob_clip': 0.005129595783120717, 'iw_n_components': 40, 'iw_logistic_c': 0.7689178509507825, 'iw_pca_fit': 'combined', 'iw_solver': 'lbfgs', 'iw_rho': 0.85}. Best is trial 44 with value: 0.20170016101019966.
2026-06-01 14:08:10 | INFO | Trial 136 | outer=2 | alpha=1.575e+05 n_pcs=2500 (pc_topk) weight={'name': 'pc_logistic', 'floor': 1e-06, 'clip_max': 4.0, 'prob_clip': 0.003220115190663593, 'n_components': 60, 'logistic_c': 7.105533929271406, 'pca_fit': 'combined', 'solver': 'lbfgs', 'max_iter': 2000, 'fit_intercept': True, 'standardize_with_source': True, 'rho': 0.5}
[I 2026-06-01 14:08:26,341] Trial 136 finished with value: 0.19661123495299918 and parameters: {'alpha': 157484.92797709492, 'n_pcs': 2500, 'iw_method': 'pc_logistic', 'iw_clip_max': 4.0, 'iw_prob_clip': 0.003220115190663593, 'iw_n_components': 60, 'iw_logistic_c': 7.105533929271406, 'iw_pca_fit': 'combined', 'iw_solver': 'lbfgs', 'iw_rho': 0.5}. Best is trial 44 with value: 0.20170016101019966.
2026-06-01 14:08:26 | INFO | Trial 137 | outer=2 | alpha=2.660e+05 n_pcs=2000 (pc_topk) weight={'name': 'pc_logistic', 'floor': 1e-06, 'clip_max': 4.0, 'prob_clip': 0.002712686316872715, 'n_components': 20, 'logistic_c': 1.265844882384115, 'pca_fit': 'combined', 'solver': 'lbfgs', 'max_iter': 2000, 'fit_intercept': True, 'standardize_with_source': True, 'rho': 0.5}
[I 2026-06-01 14:08:37,757] Trial 137 finished with value: 0.19658749546317164 and parameters: {'alpha': 266017.0404912538, 'n_pcs': 2000, 'iw_method': 'pc_logistic', 'iw_clip_max': 4.0, 'iw_prob_clip': 0.002712686316872715, 'iw_n_components': 20, 'iw_logistic_c': 1.265844882384115, 'iw_pca_fit': 'combined', 'iw_solver': 'lbfgs', 'iw_rho': 0.5}. Best is trial 44 with value: 0.20170016101019966.
2026-06-01 14:08:37 | INFO | Trial 138 | outer=2 | alpha=8.661e+04 n_pcs=2500 (pc_topk) weight={'name': 'pc_logistic', 'floor': 1e-06, 'clip_max': 2.5, 'prob_clip': 0.001974552201101607, 'n_components': 40, 'logistic_c': 4.203461115120022, 'pca_fit': 'combined', 'solver': 'lbfgs', 'max_iter': 2000, 'fit_intercept': True, 'standardize_with_source': True, 'rho': 0.7}
[I 2026-06-01 14:08:51,353] Trial 138 finished with value: 0.19135080969473367 and parameters: {'alpha': 86610.79585716172, 'n_pcs': 2500, 'iw_method': 'pc_logistic', 'iw_clip_max': 2.5, 'iw_prob_clip': 0.001974552201101607, 'iw_n_components': 40, 'iw_logistic_c': 4.203461115120022, 'iw_pca_fit': 'combined', 'iw_solver': 'lbfgs', 'iw_rho': 0.7}. Best is trial 44 with value: 0.20170016101019966.
2026-06-01 14:08:51 | INFO | Trial 139 | outer=2 | alpha=1.308e+05 n_pcs=3000 (pc_topk) weight={'name': 'pc_logistic', 'floor': 1e-06, 'clip_max': 4.0, 'prob_clip': 0.03128395332996347, 'n_components': 40, 'logistic_c': 2.563970074695182, 'pca_fit': 'combined', 'solver': 'lbfgs', 'max_iter': 2000, 'fit_intercept': True, 'standardize_with_source': True, 'rho': 0.5}
[I 2026-06-01 14:09:06,713] Trial 139 finished with value: 0.19560855681150152 and parameters: {'alpha': 130775.92057545688, 'n_pcs': 3000, 'iw_method': 'pc_logistic', 'iw_clip_max': 4.0, 'iw_prob_clip': 0.03128395332996347, 'iw_n_components': 40, 'iw_logistic_c': 2.563970074695182, 'iw_pca_fit': 'combined', 'iw_solver': 'lbfgs', 'iw_rho': 0.5}. Best is trial 44 with value: 0.20170016101019966.
2026-06-01 14:09:06 | INFO | Trial 140 | outer=2 | alpha=1.795e+05 n_pcs=2500 (pc_topk) weight={'name': 'uniform'}
[I 2026-06-01 14:09:09,258] Trial 140 finished with value: 0.18634982261045407 and parameters: {'alpha': 179527.1632446129, 'n_pcs': 2500, 'iw_method': 'uniform'}. Best is trial 44 with value: 0.20170016101019966.
2026-06-01 14:09:09 | INFO | Trial 141 | outer=2 | alpha=2.351e+05 n_pcs=2500 (pc_topk) weight={'name': 'pc_logistic', 'floor': 1e-06, 'clip_max': 4.0, 'prob_clip': 0.002517345806233392, 'n_components': 40, 'logistic_c': 1.8566030639924829, 'pca_fit': 'combined', 'solver': 'lbfgs', 'max_iter': 2000, 'fit_intercept': True, 'standardize_with_source': True, 'rho': 0.5}
[I 2026-06-01 14:09:22,449] Trial 141 finished with value: 0.20043632079223378 and parameters: {'alpha': 235120.85254318436, 'n_pcs': 2500, 'iw_method': 'pc_logistic', 'iw_clip_max': 4.0, 'iw_prob_clip': 0.002517345806233392, 'iw_n_components': 40, 'iw_logistic_c': 1.8566030639924829, 'iw_pca_fit': 'combined', 'iw_solver': 'lbfgs', 'iw_rho': 0.5}. Best is trial 44 with value: 0.20170016101019966.
2026-06-01 14:09:22 | INFO | Trial 142 | outer=2 | alpha=2.181e+05 n_pcs=2500 (pc_topk) weight={'name': 'pc_logistic', 'floor': 1e-06, 'clip_max': 4.0, 'prob_clip': 0.003341146052281943, 'n_components': 40, 'logistic_c': 1.6254583354277152, 'pca_fit': 'combined', 'solver': 'lbfgs', 'max_iter': 2000, 'fit_intercept': True, 'standardize_with_source': True, 'rho': 0.5}
[I 2026-06-01 14:09:35,952] Trial 142 finished with value: 0.2011797154924983 and parameters: {'alpha': 218095.7051466248, 'n_pcs': 2500, 'iw_method': 'pc_logistic', 'iw_clip_max': 4.0, 'iw_prob_clip': 0.003341146052281943, 'iw_n_components': 40, 'iw_logistic_c': 1.6254583354277152, 'iw_pca_fit': 'combined', 'iw_solver': 'lbfgs', 'iw_rho': 0.5}. Best is trial 44 with value: 0.20170016101019966.
2026-06-01 14:09:35 | INFO | Trial 143 | outer=2 | alpha=2.436e+05 n_pcs=2500 (pc_topk) weight={'name': 'pc_logistic', 'floor': 1e-06, 'clip_max': 4.0, 'prob_clip': 0.003374303241635517, 'n_components': 40, 'logistic_c': 1.5251233158064827, 'pca_fit': 'combined', 'solver': 'lbfgs', 'max_iter': 2000, 'fit_intercept': True, 'standardize_with_source': True, 'rho': 0.5}
[I 2026-06-01 14:09:50,033] Trial 143 finished with value: 0.20103621615052977 and parameters: {'alpha': 243585.39726453047, 'n_pcs': 2500, 'iw_method': 'pc_logistic', 'iw_clip_max': 4.0, 'iw_prob_clip': 0.003374303241635517, 'iw_n_components': 40, 'iw_logistic_c': 1.5251233158064827, 'iw_pca_fit': 'combined', 'iw_solver': 'lbfgs', 'iw_rho': 0.5}. Best is trial 44 with value: 0.20170016101019966.
2026-06-01 14:09:50 | INFO | Trial 144 | outer=2 | alpha=3.533e+05 n_pcs=2500 (pc_topk) weight={'name': 'pc_logistic', 'floor': 1e-06, 'clip_max': 4.0, 'prob_clip': 0.00340052518823833, 'n_components': 40, 'logistic_c': 4.259190089979302, 'pca_fit': 'combined', 'solver': 'lbfgs', 'max_iter': 2000, 'fit_intercept': True, 'standardize_with_source': True, 'rho': 0.5}
[I 2026-06-01 14:10:03,399] Trial 144 finished with value: 0.20017541495278257 and parameters: {'alpha': 353330.4664812797, 'n_pcs': 2500, 'iw_method': 'pc_logistic', 'iw_clip_max': 4.0, 'iw_prob_clip': 0.00340052518823833, 'iw_n_components': 40, 'iw_logistic_c': 4.259190089979302, 'iw_pca_fit': 'combined', 'iw_solver': 'lbfgs', 'iw_rho': 0.5}. Best is trial 44 with value: 0.20170016101019966.
2026-06-01 14:10:03 | INFO | Trial 145 | outer=2 | alpha=2.468e+05 n_pcs=2500 (pc_topk) weight={'name': 'pc_logistic', 'floor': 1e-06, 'clip_max': 4.0, 'prob_clip': 0.0029382050127792843, 'n_components': 40, 'logistic_c': 1.6793232613617581, 'pca_fit': 'combined', 'solver': 'lbfgs', 'max_iter': 2000, 'fit_intercept': True, 'standardize_with_source': True, 'rho': 0.5}
[I 2026-06-01 14:10:17,514] Trial 145 finished with value: 0.20068960577169576 and parameters: {'alpha': 246765.41959687212, 'n_pcs': 2500, 'iw_method': 'pc_logistic', 'iw_clip_max': 4.0, 'iw_prob_clip': 0.0029382050127792843, 'iw_n_components': 40, 'iw_logistic_c': 1.6793232613617581, 'iw_pca_fit': 'combined', 'iw_solver': 'lbfgs', 'iw_rho': 0.5}. Best is trial 44 with value: 0.20170016101019966.
2026-06-01 14:10:17 | INFO | Trial 146 | outer=2 | alpha=4.329e+05 n_pcs=2000 (pc_topk) weight={'name': 'pc_logistic', 'floor': 1e-06, 'clip_max': 4.0, 'prob_clip': 0.003987682952022789, 'n_components': 10, 'logistic_c': 1.3797280686688793, 'pca_fit': 'combined', 'solver': 'lbfgs', 'max_iter': 2000, 'fit_intercept': True, 'standardize_with_source': True, 'rho': 0.5}
[I 2026-06-01 14:10:27,995] Trial 146 finished with value: 0.1889302634704432 and parameters: {'alpha': 432851.6609774146, 'n_pcs': 2000, 'iw_method': 'pc_logistic', 'iw_clip_max': 4.0, 'iw_prob_clip': 0.003987682952022789, 'iw_n_components': 10, 'iw_logistic_c': 1.3797280686688793, 'iw_pca_fit': 'combined', 'iw_solver': 'lbfgs', 'iw_rho': 0.5}. Best is trial 44 with value: 0.20170016101019966.
2026-06-01 14:10:28 | INFO | Trial 147 | outer=2 | alpha=2.769e+05 n_pcs=2500 (pc_topk) weight={'name': 'pc_logistic', 'floor': 1e-06, 'clip_max': 4.0, 'prob_clip': 0.003019481515223558, 'n_components': 40, 'logistic_c': 3.2692417425425275, 'pca_fit': 'combined', 'solver': 'lbfgs', 'max_iter': 2000, 'fit_intercept': True, 'standardize_with_source': True, 'rho': 1.0}
2026-06-01 14:10:41 | INFO | Trial 147 rejected by ESS guard: mean_ess=1039.32 threshold=1053.94
[I 2026-06-01 14:10:41,162] Trial 147 finished with value: -1.0 and parameters: {'alpha': 276862.8434157762, 'n_pcs': 2500, 'iw_method': 'pc_logistic', 'iw_clip_max': 4.0, 'iw_prob_clip': 0.003019481515223558, 'iw_n_components': 40, 'iw_logistic_c': 3.2692417425425275, 'iw_pca_fit': 'combined', 'iw_solver': 'lbfgs', 'iw_rho': 1.0}. Best is trial 44 with value: 0.20170016101019966.
2026-06-01 14:10:41 | INFO | Trial 148 | outer=2 | alpha=2.215e+05 n_pcs=3000 (pc_topk) weight={'name': 'pc_logistic', 'floor': 1e-06, 'clip_max': 4.0, 'prob_clip': 0.0036668284670638373, 'n_components': 40, 'logistic_c': 0.8195759976122319, 'pca_fit': 'combined', 'solver': 'lbfgs', 'max_iter': 2000, 'fit_intercept': True, 'standardize_with_source': True, 'rho': 0.5}
[I 2026-06-01 14:10:56,147] Trial 148 finished with value: 0.1990319968858392 and parameters: {'alpha': 221498.72916902413, 'n_pcs': 3000, 'iw_method': 'pc_logistic', 'iw_clip_max': 4.0, 'iw_prob_clip': 0.0036668284670638373, 'iw_n_components': 40, 'iw_logistic_c': 0.8195759976122319, 'iw_pca_fit': 'combined', 'iw_solver': 'lbfgs', 'iw_rho': 0.5}. Best is trial 44 with value: 0.20170016101019966.
2026-06-01 14:10:56 | INFO | Trial 149 | outer=2 | alpha=3.234e+05 n_pcs=2500 (pc_topk) weight={'name': 'pc_logistic', 'floor': 1e-06, 'clip_max': 4.0, 'prob_clip': 0.0028109826589610212, 'n_components': 40, 'logistic_c': 6.426382782298536, 'pca_fit': 'combined', 'solver': 'lbfgs', 'max_iter': 2000, 'fit_intercept': True, 'standardize_with_source': True, 'rho': 0.5}
[I 2026-06-01 14:11:10,175] Trial 149 finished with value: 0.20005184725697917 and parameters: {'alpha': 323400.0614600535, 'n_pcs': 2500, 'iw_method': 'pc_logistic', 'iw_clip_max': 4.0, 'iw_prob_clip': 0.0028109826589610212, 'iw_n_components': 40, 'iw_logistic_c': 6.426382782298536, 'iw_pca_fit': 'combined', 'iw_solver': 'lbfgs', 'iw_rho': 0.5}. Best is trial 44 with value: 0.20170016101019966.
2026-06-01 14:11:10 | INFO | Trial 150 | outer=2 | alpha=5.054e+05 n_pcs=2500 (pc_topk) weight={'name': 'pc_logistic', 'floor': 1e-06, 'clip_max': 4.0, 'prob_clip': 0.003200013925050779, 'n_components': 40, 'logistic_c': 1.0870345979097333, 'pca_fit': 'combined', 'solver': 'lbfgs', 'max_iter': 2000, 'fit_intercept': True, 'standardize_with_source': True, 'rho': 0.5}
[I 2026-06-01 14:11:23,405] Trial 150 finished with value: 0.19863174052859742 and parameters: {'alpha': 505371.07178924535, 'n_pcs': 2500, 'iw_method': 'pc_logistic', 'iw_clip_max': 4.0, 'iw_prob_clip': 0.003200013925050779, 'iw_n_components': 40, 'iw_logistic_c': 1.0870345979097333, 'iw_pca_fit': 'combined', 'iw_solver': 'lbfgs', 'iw_rho': 0.5}. Best is trial 44 with value: 0.20170016101019966.
2026-06-01 14:11:23 | INFO | Trial 151 | outer=2 | alpha=2.458e+05 n_pcs=2500 (pc_topk) weight={'name': 'pc_logistic', 'floor': 1e-06, 'clip_max': 4.0, 'prob_clip': 0.002592309919490108, 'n_components': 40, 'logistic_c': 1.8922107875183767, 'pca_fit': 'combined', 'solver': 'lbfgs', 'max_iter': 2000, 'fit_intercept': True, 'standardize_with_source': True, 'rho': 0.5}
[I 2026-06-01 14:11:38,728] Trial 151 finished with value: 0.20043789936258083 and parameters: {'alpha': 245815.09527392077, 'n_pcs': 2500, 'iw_method': 'pc_logistic', 'iw_clip_max': 4.0, 'iw_prob_clip': 0.002592309919490108, 'iw_n_components': 40, 'iw_logistic_c': 1.8922107875183767, 'iw_pca_fit': 'combined', 'iw_solver': 'lbfgs', 'iw_rho': 0.5}. Best is trial 44 with value: 0.20170016101019966.
2026-06-01 14:11:38 | INFO | Trial 152 | outer=2 | alpha=2.009e+05 n_pcs=2500 (pc_topk) weight={'name': 'pc_logistic', 'floor': 1e-06, 'clip_max': 4.0, 'prob_clip': 0.003411810261462203, 'n_components': 40, 'logistic_c': 1.8277220994337877, 'pca_fit': 'combined', 'solver': 'lbfgs', 'max_iter': 2000, 'fit_intercept': True, 'standardize_with_source': True, 'rho': 0.5}
[I 2026-06-01 14:11:52,323] Trial 152 finished with value: 0.2013435892548065 and parameters: {'alpha': 200923.8079190146, 'n_pcs': 2500, 'iw_method': 'pc_logistic', 'iw_clip_max': 4.0, 'iw_prob_clip': 0.003411810261462203, 'iw_n_components': 40, 'iw_logistic_c': 1.8277220994337877, 'iw_pca_fit': 'combined', 'iw_solver': 'lbfgs', 'iw_rho': 0.5}. Best is trial 44 with value: 0.20170016101019966.
2026-06-01 14:11:52 | INFO | Trial 153 | outer=2 | alpha=1.965e+05 n_pcs=2500 (pc_topk) weight={'name': 'pc_logistic', 'floor': 1e-06, 'clip_max': 4.0, 'prob_clip': 0.004434331271566029, 'n_components': 40, 'logistic_c': 0.6427203956124266, 'pca_fit': 'combined', 'solver': 'lbfgs', 'max_iter': 2000, 'fit_intercept': True, 'standardize_with_source': True, 'rho': 0.5}
[I 2026-06-01 14:12:06,571] Trial 153 finished with value: 0.20193984816827712 and parameters: {'alpha': 196526.17623760682, 'n_pcs': 2500, 'iw_method': 'pc_logistic', 'iw_clip_max': 4.0, 'iw_prob_clip': 0.004434331271566029, 'iw_n_components': 40, 'iw_logistic_c': 0.6427203956124266, 'iw_pca_fit': 'combined', 'iw_solver': 'lbfgs', 'iw_rho': 0.5}. Best is trial 153 with value: 0.20193984816827712.
2026-06-01 14:12:06 | INFO | Trial 154 | outer=2 | alpha=2.058e+05 n_pcs=2500 (pc_topk) weight={'name': 'pc_logistic', 'floor': 1e-06, 'clip_max': 4.0, 'prob_clip': 0.004515711231572074, 'n_components': 40, 'logistic_c': 0.6853640970557031, 'pca_fit': 'combined', 'solver': 'lbfgs', 'max_iter': 2000, 'fit_intercept': True, 'standardize_with_source': True, 'rho': 0.5}
[I 2026-06-01 14:12:21,030] Trial 154 finished with value: 0.20192393678618115 and parameters: {'alpha': 205843.46966149344, 'n_pcs': 2500, 'iw_method': 'pc_logistic', 'iw_clip_max': 4.0, 'iw_prob_clip': 0.004515711231572074, 'iw_n_components': 40, 'iw_logistic_c': 0.6853640970557031, 'iw_pca_fit': 'combined', 'iw_solver': 'lbfgs', 'iw_rho': 0.5}. Best is trial 153 with value: 0.20193984816827712.
2026-06-01 14:12:21 | INFO | Trial 155 | outer=2 | alpha=1.890e+05 n_pcs=2500 (pc_topk) weight={'name': 'pc_logistic', 'floor': 1e-06, 'clip_max': 4.0, 'prob_clip': 0.00460242591310248, 'n_components': 40, 'logistic_c': 0.7533295720703235, 'pca_fit': 'combined', 'solver': 'lbfgs', 'max_iter': 2000, 'fit_intercept': True, 'standardize_with_source': True, 'rho': 0.5}
[I 2026-06-01 14:12:36,761] Trial 155 finished with value: 0.20198250642279741 and parameters: {'alpha': 188960.19330594473, 'n_pcs': 2500, 'iw_method': 'pc_logistic', 'iw_clip_max': 4.0, 'iw_prob_clip': 0.00460242591310248, 'iw_n_components': 40, 'iw_logistic_c': 0.7533295720703235, 'iw_pca_fit': 'combined', 'iw_solver': 'lbfgs', 'iw_rho': 0.5}. Best is trial 155 with value: 0.20198250642279741.
2026-06-01 14:12:36 | INFO | Trial 156 | outer=2 | alpha=1.974e+05 n_pcs=2500 (pc_topk) weight={'name': 'pc_logistic', 'floor': 1e-06, 'clip_max': 1.5, 'prob_clip': 0.004389469149502277, 'n_components': 40, 'logistic_c': 1.3574361663315047, 'pca_fit': 'combined', 'solver': 'lbfgs', 'max_iter': 2000, 'fit_intercept': True, 'standardize_with_source': True, 'rho': 0.5}
[I 2026-06-01 14:12:49,844] Trial 156 finished with value: 0.19232791790636525 and parameters: {'alpha': 197380.90773130464, 'n_pcs': 2500, 'iw_method': 'pc_logistic', 'iw_clip_max': 1.5, 'iw_prob_clip': 0.004389469149502277, 'iw_n_components': 40, 'iw_logistic_c': 1.3574361663315047, 'iw_pca_fit': 'combined', 'iw_solver': 'lbfgs', 'iw_rho': 0.5}. Best is trial 155 with value: 0.20198250642279741.
2026-06-01 14:12:49 | INFO | Trial 157 | outer=2 | alpha=1.988e+05 n_pcs=2000 (pc_topk) weight={'name': 'pc_logistic', 'floor': 1e-06, 'clip_max': 4.0, 'prob_clip': 0.005247514069345733, 'n_components': 40, 'logistic_c': 2.9925141155597945, 'pca_fit': 'combined', 'solver': 'lbfgs', 'max_iter': 2000, 'fit_intercept': True, 'standardize_with_source': True, 'rho': 0.5}
[I 2026-06-01 14:13:03,736] Trial 157 finished with value: 0.20151343612048747 and parameters: {'alpha': 198774.46739547004, 'n_pcs': 2000, 'iw_method': 'pc_logistic', 'iw_clip_max': 4.0, 'iw_prob_clip': 0.005247514069345733, 'iw_n_components': 40, 'iw_logistic_c': 2.9925141155597945, 'iw_pca_fit': 'combined', 'iw_solver': 'lbfgs', 'iw_rho': 0.5}. Best is trial 155 with value: 0.20198250642279741.
2026-06-01 14:13:03 | INFO | Trial 158 | outer=2 | alpha=1.887e+05 n_pcs=2000 (pc_topk) weight={'name': 'pc_logistic', 'floor': 1e-06, 'clip_max': 4.0, 'prob_clip': 0.005273356657183808, 'n_components': 40, 'logistic_c': 7.114659950100621e-07, 'pca_fit': 'combined', 'solver': 'lbfgs', 'max_iter': 2000, 'fit_intercept': True, 'standardize_with_source': True, 'rho': 0.3}
[I 2026-06-01 14:13:09,734] Trial 158 finished with value: 0.18437635409836478 and parameters: {'alpha': 188710.05325319536, 'n_pcs': 2000, 'iw_method': 'pc_logistic', 'iw_clip_max': 4.0, 'iw_prob_clip': 0.005273356657183808, 'iw_n_components': 40, 'iw_logistic_c': 7.114659950100621e-07, 'iw_pca_fit': 'combined', 'iw_solver': 'lbfgs', 'iw_rho': 0.3}. Best is trial 155 with value: 0.20198250642279741.
2026-06-01 14:13:09 | INFO | Trial 159 | outer=2 | alpha=3.028e+05 n_pcs=2000 (pc_topk) weight={'name': 'pc_logistic', 'floor': 1e-06, 'clip_max': 7.0, 'prob_clip': 0.004489630727669469, 'n_components': 40, 'logistic_c': 3.0923339875433333, 'pca_fit': 'combined', 'solver': 'lbfgs', 'max_iter': 2000, 'fit_intercept': True, 'standardize_with_source': True, 'rho': 0.5}
[I 2026-06-01 14:13:23,669] Trial 159 finished with value: 0.19660852298293272 and parameters: {'alpha': 302766.0587501813, 'n_pcs': 2000, 'iw_method': 'pc_logistic', 'iw_clip_max': 7.0, 'iw_prob_clip': 0.004489630727669469, 'iw_n_components': 40, 'iw_logistic_c': 3.0923339875433333, 'iw_pca_fit': 'combined', 'iw_solver': 'lbfgs', 'iw_rho': 0.5}. Best is trial 155 with value: 0.20198250642279741.
2026-06-01 14:13:23 | INFO | Trial 160 | outer=2 | alpha=2.065e+05 n_pcs=1500 (pc_topk) weight={'name': 'pc_logistic', 'floor': 1e-06, 'clip_max': 4.0, 'prob_clip': 0.004164480630826008, 'n_components': 100, 'logistic_c': 4.650230855255949, 'pca_fit': 'combined', 'solver': 'lbfgs', 'max_iter': 2000, 'fit_intercept': True, 'standardize_with_source': True, 'rho': 0.5}
[I 2026-06-01 14:13:41,130] Trial 160 finished with value: 0.18401906443962232 and parameters: {'alpha': 206514.92371696798, 'n_pcs': 1500, 'iw_method': 'pc_logistic', 'iw_clip_max': 4.0, 'iw_prob_clip': 0.004164480630826008, 'iw_n_components': 100, 'iw_logistic_c': 4.650230855255949, 'iw_pca_fit': 'combined', 'iw_solver': 'lbfgs', 'iw_rho': 0.5}. Best is trial 155 with value: 0.20198250642279741.
2026-06-01 14:13:41 | INFO | Trial 161 | outer=2 | alpha=1.549e+05 n_pcs=2500 (pc_topk) weight={'name': 'pc_logistic', 'floor': 1e-06, 'clip_max': 4.0, 'prob_clip': 0.004815780664828612, 'n_components': 40, 'logistic_c': 0.7255025463760943, 'pca_fit': 'combined', 'solver': 'lbfgs', 'max_iter': 2000, 'fit_intercept': True, 'standardize_with_source': True, 'rho': 0.5}
[I 2026-06-01 14:13:54,454] Trial 161 finished with value: 0.20212720006223628 and parameters: {'alpha': 154919.61941666142, 'n_pcs': 2500, 'iw_method': 'pc_logistic', 'iw_clip_max': 4.0, 'iw_prob_clip': 0.004815780664828612, 'iw_n_components': 40, 'iw_logistic_c': 0.7255025463760943, 'iw_pca_fit': 'combined', 'iw_solver': 'lbfgs', 'iw_rho': 0.5}. Best is trial 161 with value: 0.20212720006223628.
2026-06-01 14:13:54 | INFO | Trial 162 | outer=2 | alpha=1.680e+05 n_pcs=2500 (pc_topk) weight={'name': 'pc_logistic', 'floor': 1e-06, 'clip_max': 4.0, 'prob_clip': 0.0048904276498142754, 'n_components': 40, 'logistic_c': 0.7411430788322013, 'pca_fit': 'combined', 'solver': 'lbfgs', 'max_iter': 2000, 'fit_intercept': True, 'standardize_with_source': True, 'rho': 0.5}
[I 2026-06-01 14:14:08,208] Trial 162 finished with value: 0.20213367966918322 and parameters: {'alpha': 167968.16020769303, 'n_pcs': 2500, 'iw_method': 'pc_logistic', 'iw_clip_max': 4.0, 'iw_prob_clip': 0.0048904276498142754, 'iw_n_components': 40, 'iw_logistic_c': 0.7411430788322013, 'iw_pca_fit': 'combined', 'iw_solver': 'lbfgs', 'iw_rho': 0.5}. Best is trial 162 with value: 0.20213367966918322.
2026-06-01 14:14:08 | INFO | Trial 163 | outer=2 | alpha=1.380e+05 n_pcs=2500 (pc_topk) weight={'name': 'pc_logistic', 'floor': 1e-06, 'clip_max': 4.0, 'prob_clip': 0.006026203236818901, 'n_components': 40, 'logistic_c': 0.6669621335649497, 'pca_fit': 'combined', 'solver': 'lbfgs', 'max_iter': 2000, 'fit_intercept': True, 'standardize_with_source': True, 'rho': 0.5}
[I 2026-06-01 14:14:23,274] Trial 163 finished with value: 0.20237393866708944 and parameters: {'alpha': 138033.09406046415, 'n_pcs': 2500, 'iw_method': 'pc_logistic', 'iw_clip_max': 4.0, 'iw_prob_clip': 0.006026203236818901, 'iw_n_components': 40, 'iw_logistic_c': 0.6669621335649497, 'iw_pca_fit': 'combined', 'iw_solver': 'lbfgs', 'iw_rho': 0.5}. Best is trial 163 with value: 0.20237393866708944.
2026-06-01 14:14:23 | INFO | Trial 164 | outer=2 | alpha=1.326e+05 n_pcs=3000 (pc_topk) weight={'name': 'pc_logistic', 'floor': 1e-06, 'clip_max': 4.0, 'prob_clip': 0.004915686603303878, 'n_components': 40, 'logistic_c': 0.7151554706566096, 'pca_fit': 'combined', 'solver': 'lbfgs', 'max_iter': 2000, 'fit_intercept': True, 'standardize_with_source': True, 'rho': 0.5}
[I 2026-06-01 14:14:38,426] Trial 164 finished with value: 0.1989233952124128 and parameters: {'alpha': 132556.58134264383, 'n_pcs': 3000, 'iw_method': 'pc_logistic', 'iw_clip_max': 4.0, 'iw_prob_clip': 0.004915686603303878, 'iw_n_components': 40, 'iw_logistic_c': 0.7151554706566096, 'iw_pca_fit': 'combined', 'iw_solver': 'lbfgs', 'iw_rho': 0.5}. Best is trial 163 with value: 0.20237393866708944.
2026-06-01 14:14:38 | INFO | Trial 165 | outer=2 | alpha=1.044e+05 n_pcs=2500 (pc_topk) weight={'name': 'pc_logistic', 'floor': 1e-06, 'clip_max': 4.0, 'prob_clip': 0.00599327362856491, 'n_components': 40, 'logistic_c': 0.8678682369388531, 'pca_fit': 'combined', 'solver': 'lbfgs', 'max_iter': 2000, 'fit_intercept': True, 'standardize_with_source': True, 'rho': 0.5}
[I 2026-06-01 14:14:53,398] Trial 165 finished with value: 0.20202954762880238 and parameters: {'alpha': 104410.78796524728, 'n_pcs': 2500, 'iw_method': 'pc_logistic', 'iw_clip_max': 4.0, 'iw_prob_clip': 0.00599327362856491, 'iw_n_components': 40, 'iw_logistic_c': 0.8678682369388531, 'iw_pca_fit': 'combined', 'iw_solver': 'lbfgs', 'iw_rho': 0.5}. Best is trial 163 with value: 0.20237393866708944.
2026-06-01 14:14:53 | INFO | Trial 166 | outer=2 | alpha=1.485e+05 n_pcs=2500 (pc_topk) weight={'name': 'pc_logistic', 'floor': 1e-06, 'clip_max': 4.0, 'prob_clip': 0.0066765055603202885, 'n_components': 40, 'logistic_c': 0.5570757140071122, 'pca_fit': 'combined', 'solver': 'lbfgs', 'max_iter': 2000, 'fit_intercept': True, 'standardize_with_source': True, 'rho': 0.5}
[I 2026-06-01 14:15:07,421] Trial 166 finished with value: 0.2024855283558166 and parameters: {'alpha': 148451.26904225437, 'n_pcs': 2500, 'iw_method': 'pc_logistic', 'iw_clip_max': 4.0, 'iw_prob_clip': 0.0066765055603202885, 'iw_n_components': 40, 'iw_logistic_c': 0.5570757140071122, 'iw_pca_fit': 'combined', 'iw_solver': 'lbfgs', 'iw_rho': 0.5}. Best is trial 166 with value: 0.2024855283558166.
2026-06-01 14:15:07 | INFO | Trial 167 | outer=2 | alpha=1.421e+05 n_pcs=2000 (pc_topk) weight={'name': 'pc_logistic', 'floor': 1e-06, 'clip_max': 4.0, 'prob_clip': 0.006174332469704338, 'n_components': 40, 'logistic_c': 0.5092061191281003, 'pca_fit': 'combined', 'solver': 'lbfgs', 'max_iter': 2000, 'fit_intercept': True, 'standardize_with_source': True, 'rho': 0.5}
[I 2026-06-01 14:15:20,736] Trial 167 finished with value: 0.20157613343984254 and parameters: {'alpha': 142052.80272255559, 'n_pcs': 2000, 'iw_method': 'pc_logistic', 'iw_clip_max': 4.0, 'iw_prob_clip': 0.006174332469704338, 'iw_n_components': 40, 'iw_logistic_c': 0.5092061191281003, 'iw_pca_fit': 'combined', 'iw_solver': 'lbfgs', 'iw_rho': 0.5}. Best is trial 166 with value: 0.2024855283558166.
2026-06-01 14:15:20 | INFO | Trial 168 | outer=2 | alpha=1.397e+05 n_pcs=1500 (pc_topk) weight={'name': 'pc_logistic', 'floor': 1e-06, 'clip_max': 4.0, 'prob_clip': 0.0069494162145088976, 'n_components': 80, 'logistic_c': 0.6441581601178713, 'pca_fit': 'combined', 'solver': 'lbfgs', 'max_iter': 2000, 'fit_intercept': True, 'standardize_with_source': True, 'rho': 0.85}
[I 2026-06-01 14:15:37,554] Trial 168 finished with value: 0.18487861357172927 and parameters: {'alpha': 139687.5412603406, 'n_pcs': 1500, 'iw_method': 'pc_logistic', 'iw_clip_max': 4.0, 'iw_prob_clip': 0.0069494162145088976, 'iw_n_components': 80, 'iw_logistic_c': 0.6441581601178713, 'iw_pca_fit': 'combined', 'iw_solver': 'lbfgs', 'iw_rho': 0.85}. Best is trial 166 with value: 0.2024855283558166.
2026-06-01 14:15:37 | INFO | Trial 169 | outer=2 | alpha=9.933e+04 n_pcs=2000 (pc_topk) weight={'name': 'pc_logistic', 'floor': 1e-06, 'clip_max': 12.0, 'prob_clip': 0.00620782372757047, 'n_components': 40, 'logistic_c': 0.5538615812299481, 'pca_fit': 'combined', 'solver': 'lbfgs', 'max_iter': 2000, 'fit_intercept': True, 'standardize_with_source': True, 'rho': 0.5}
[I 2026-06-01 14:15:51,464] Trial 169 finished with value: 0.18883690561885785 and parameters: {'alpha': 99331.78241864088, 'n_pcs': 2000, 'iw_method': 'pc_logistic', 'iw_clip_max': 12.0, 'iw_prob_clip': 0.00620782372757047, 'iw_n_components': 40, 'iw_logistic_c': 0.5538615812299481, 'iw_pca_fit': 'combined', 'iw_solver': 'lbfgs', 'iw_rho': 0.5}. Best is trial 166 with value: 0.2024855283558166.
2026-06-01 14:15:51 | INFO | Trial 170 | outer=2 | alpha=1.598e+05 n_pcs=2000 (pc_topk) weight={'name': 'uniform'}
[I 2026-06-01 14:15:54,081] Trial 170 finished with value: 0.18381268782377966 and parameters: {'alpha': 159806.9161536322, 'n_pcs': 2000, 'iw_method': 'uniform'}. Best is trial 166 with value: 0.2024855283558166.
2026-06-01 14:15:54 | INFO | Trial 171 | outer=2 | alpha=1.206e+05 n_pcs=2500 (pc_topk) weight={'name': 'pc_logistic', 'floor': 1e-06, 'clip_max': 4.0, 'prob_clip': 0.005375427792132688, 'n_components': 40, 'logistic_c': 0.9819158351607, 'pca_fit': 'combined', 'solver': 'lbfgs', 'max_iter': 2000, 'fit_intercept': True, 'standardize_with_source': True, 'rho': 0.5}
[I 2026-06-01 14:16:06,829] Trial 171 finished with value: 0.20206981639610108 and parameters: {'alpha': 120585.58870466876, 'n_pcs': 2500, 'iw_method': 'pc_logistic', 'iw_clip_max': 4.0, 'iw_prob_clip': 0.005375427792132688, 'iw_n_components': 40, 'iw_logistic_c': 0.9819158351607, 'iw_pca_fit': 'combined', 'iw_solver': 'lbfgs', 'iw_rho': 0.5}. Best is trial 166 with value: 0.2024855283558166.
2026-06-01 14:16:06 | INFO | Trial 172 | outer=2 | alpha=1.172e+05 n_pcs=2000 (pc_topk) weight={'name': 'pc_logistic', 'floor': 1e-06, 'clip_max': 4.0, 'prob_clip': 0.005730412170983654, 'n_components': 40, 'logistic_c': 0.5198278300096708, 'pca_fit': 'combined', 'solver': 'lbfgs', 'max_iter': 2000, 'fit_intercept': True, 'standardize_with_source': True, 'rho': 0.5}
[I 2026-06-01 14:16:20,398] Trial 172 finished with value: 0.2012314837337895 and parameters: {'alpha': 117196.41774592904, 'n_pcs': 2000, 'iw_method': 'pc_logistic', 'iw_clip_max': 4.0, 'iw_prob_clip': 0.005730412170983654, 'iw_n_components': 40, 'iw_logistic_c': 0.5198278300096708, 'iw_pca_fit': 'combined', 'iw_solver': 'lbfgs', 'iw_rho': 0.5}. Best is trial 166 with value: 0.2024855283558166.
2026-06-01 14:16:20 | INFO | Trial 173 | outer=2 | alpha=1.333e+05 n_pcs=2000 (pc_topk) weight={'name': 'pc_logistic', 'floor': 1e-06, 'clip_max': 4.0, 'prob_clip': 0.005670356285988362, 'n_components': 40, 'logistic_c': 0.19540397174675392, 'pca_fit': 'combined', 'solver': 'lbfgs', 'max_iter': 2000, 'fit_intercept': True, 'standardize_with_source': True, 'rho': 0.5}
[I 2026-06-01 14:16:34,420] Trial 173 finished with value: 0.20131684634344554 and parameters: {'alpha': 133290.11155346796, 'n_pcs': 2000, 'iw_method': 'pc_logistic', 'iw_clip_max': 4.0, 'iw_prob_clip': 0.005670356285988362, 'iw_n_components': 40, 'iw_logistic_c': 0.19540397174675392, 'iw_pca_fit': 'combined', 'iw_solver': 'lbfgs', 'iw_rho': 0.5}. Best is trial 166 with value: 0.2024855283558166.
2026-06-01 14:16:34 | INFO | Trial 174 | outer=2 | alpha=1.171e+05 n_pcs=1500 (pc_topk) weight={'name': 'pc_logistic', 'floor': 1e-06, 'clip_max': 4.0, 'prob_clip': 0.005748860640830394, 'n_components': 40, 'logistic_c': 0.17232322174311135, 'pca_fit': 'combined', 'solver': 'lbfgs', 'max_iter': 2000, 'fit_intercept': True, 'standardize_with_source': True, 'rho': 0.5}
[I 2026-06-01 14:16:47,419] Trial 174 finished with value: 0.19159410286247697 and parameters: {'alpha': 117062.19314209309, 'n_pcs': 1500, 'iw_method': 'pc_logistic', 'iw_clip_max': 4.0, 'iw_prob_clip': 0.005748860640830394, 'iw_n_components': 40, 'iw_logistic_c': 0.17232322174311135, 'iw_pca_fit': 'combined', 'iw_solver': 'lbfgs', 'iw_rho': 0.5}. Best is trial 166 with value: 0.2024855283558166.
2026-06-01 14:16:47 | INFO | Trial 175 | outer=2 | alpha=1.488e+05 n_pcs=2000 (pc_topk) weight={'name': 'pc_logistic', 'floor': 1e-06, 'clip_max': 4.0, 'prob_clip': 0.0064333788648059465, 'n_components': 40, 'logistic_c': 0.4018988463513192, 'pca_fit': 'combined', 'solver': 'lbfgs', 'max_iter': 2000, 'fit_intercept': True, 'standardize_with_source': True, 'rho': 0.5}
[I 2026-06-01 14:17:01,845] Trial 175 finished with value: 0.20157884651009034 and parameters: {'alpha': 148823.89360077374, 'n_pcs': 2000, 'iw_method': 'pc_logistic', 'iw_clip_max': 4.0, 'iw_prob_clip': 0.0064333788648059465, 'iw_n_components': 40, 'iw_logistic_c': 0.4018988463513192, 'iw_pca_fit': 'combined', 'iw_solver': 'lbfgs', 'iw_rho': 0.5}. Best is trial 166 with value: 0.2024855283558166.
2026-06-01 14:17:01 | INFO | Trial 176 | outer=2 | alpha=1.518e+05 n_pcs=2000 (pc_topk) weight={'name': 'pc_logistic', 'floor': 1e-06, 'clip_max': 4.0, 'prob_clip': 0.0076303758236433055, 'n_components': 20, 'logistic_c': 4.776731081334592e-06, 'pca_fit': 'combined', 'solver': 'lbfgs', 'max_iter': 2000, 'fit_intercept': True, 'standardize_with_source': True, 'rho': 0.5}
[I 2026-06-01 14:17:08,160] Trial 176 finished with value: 0.19259025612075936 and parameters: {'alpha': 151805.10569409918, 'n_pcs': 2000, 'iw_method': 'pc_logistic', 'iw_clip_max': 4.0, 'iw_prob_clip': 0.0076303758236433055, 'iw_n_components': 20, 'iw_logistic_c': 4.776731081334592e-06, 'iw_pca_fit': 'combined', 'iw_solver': 'lbfgs', 'iw_rho': 0.5}. Best is trial 166 with value: 0.2024855283558166.
2026-06-01 14:17:08 | INFO | Trial 177 | outer=2 | alpha=9.603e+04 n_pcs=2000 (pc_topk) weight={'name': 'pc_logistic', 'floor': 1e-06, 'clip_max': 4.0, 'prob_clip': 0.006400035810198331, 'n_components': 60, 'logistic_c': 0.2493601710168266, 'pca_fit': 'combined', 'solver': 'lbfgs', 'max_iter': 2000, 'fit_intercept': True, 'standardize_with_source': True, 'rho': 0.7}
[I 2026-06-01 14:17:22,637] Trial 177 finished with value: 0.1924642215215025 and parameters: {'alpha': 96029.18841736468, 'n_pcs': 2000, 'iw_method': 'pc_logistic', 'iw_clip_max': 4.0, 'iw_prob_clip': 0.006400035810198331, 'iw_n_components': 60, 'iw_logistic_c': 0.2493601710168266, 'iw_pca_fit': 'combined', 'iw_solver': 'lbfgs', 'iw_rho': 0.7}. Best is trial 166 with value: 0.2024855283558166.
2026-06-01 14:17:22 | INFO | Trial 178 | outer=2 | alpha=1.673e+05 n_pcs=2000 (pc_topk) weight={'name': 'pc_logistic', 'floor': 1e-06, 'clip_max': 4.0, 'prob_clip': 0.00518464982193344, 'n_components': 40, 'logistic_c': 0.9176261958490867, 'pca_fit': 'combined', 'solver': 'lbfgs', 'max_iter': 2000, 'fit_intercept': True, 'standardize_with_source': True, 'rho': 0.5}
[I 2026-06-01 14:17:35,967] Trial 178 finished with value: 0.20144112168426354 and parameters: {'alpha': 167254.89149234176, 'n_pcs': 2000, 'iw_method': 'pc_logistic', 'iw_clip_max': 4.0, 'iw_prob_clip': 0.00518464982193344, 'iw_n_components': 40, 'iw_logistic_c': 0.9176261958490867, 'iw_pca_fit': 'combined', 'iw_solver': 'lbfgs', 'iw_rho': 0.5}. Best is trial 166 with value: 0.2024855283558166.
2026-06-01 14:17:35 | INFO | Trial 179 | outer=2 | alpha=1.721e+05 n_pcs=2000 (pc_topk) weight={'name': 'pc_logistic', 'floor': 1e-06, 'clip_max': 4.0, 'prob_clip': 0.0052796951943642435, 'n_components': 40, 'logistic_c': 0.4091852188081653, 'pca_fit': 'combined', 'solver': 'lbfgs', 'max_iter': 2000, 'fit_intercept': True, 'standardize_with_source': True, 'rho': 0.5}
[I 2026-06-01 14:17:50,310] Trial 179 finished with value: 0.20152955928395871 and parameters: {'alpha': 172080.1670169649, 'n_pcs': 2000, 'iw_method': 'pc_logistic', 'iw_clip_max': 4.0, 'iw_prob_clip': 0.0052796951943642435, 'iw_n_components': 40, 'iw_logistic_c': 0.4091852188081653, 'iw_pca_fit': 'combined', 'iw_solver': 'lbfgs', 'iw_rho': 0.5}. Best is trial 166 with value: 0.2024855283558166.
2026-06-01 14:17:50 | INFO | Trial 180 | outer=2 | alpha=1.737e+05 n_pcs=1500 (pc_topk) weight={'name': 'pc_logistic', 'floor': 1e-06, 'clip_max': 4.0, 'prob_clip': 0.005387396167996879, 'n_components': 40, 'logistic_c': 0.9169146449000527, 'pca_fit': 'combined', 'solver': 'lbfgs', 'max_iter': 2000, 'fit_intercept': True, 'standardize_with_source': True, 'rho': 0.5}
[I 2026-06-01 14:18:03,830] Trial 180 finished with value: 0.19348177738995873 and parameters: {'alpha': 173731.7208155394, 'n_pcs': 1500, 'iw_method': 'pc_logistic', 'iw_clip_max': 4.0, 'iw_prob_clip': 0.005387396167996879, 'iw_n_components': 40, 'iw_logistic_c': 0.9169146449000527, 'iw_pca_fit': 'combined', 'iw_solver': 'lbfgs', 'iw_rho': 0.5}. Best is trial 166 with value: 0.2024855283558166.
2026-06-01 14:18:03 | INFO | Trial 181 | outer=2 | alpha=1.776e+05 n_pcs=2000 (pc_topk) weight={'name': 'pc_logistic', 'floor': 1e-06, 'clip_max': 4.0, 'prob_clip': 0.0065285259320665865, 'n_components': 40, 'logistic_c': 0.4539431902700674, 'pca_fit': 'combined', 'solver': 'lbfgs', 'max_iter': 2000, 'fit_intercept': True, 'standardize_with_source': True, 'rho': 0.5}
[I 2026-06-01 14:18:17,985] Trial 181 finished with value: 0.20166419513159348 and parameters: {'alpha': 177573.84927229033, 'n_pcs': 2000, 'iw_method': 'pc_logistic', 'iw_clip_max': 4.0, 'iw_prob_clip': 0.0065285259320665865, 'iw_n_components': 40, 'iw_logistic_c': 0.4539431902700674, 'iw_pca_fit': 'combined', 'iw_solver': 'lbfgs', 'iw_rho': 0.5}. Best is trial 166 with value: 0.2024855283558166.
2026-06-01 14:18:18 | INFO | Trial 182 | outer=2 | alpha=1.910e+05 n_pcs=2000 (pc_topk) weight={'name': 'pc_logistic', 'floor': 1e-06, 'clip_max': 4.0, 'prob_clip': 0.008199774420015677, 'n_components': 40, 'logistic_c': 0.470080916857927, 'pca_fit': 'combined', 'solver': 'lbfgs', 'max_iter': 2000, 'fit_intercept': True, 'standardize_with_source': True, 'rho': 0.5}
[I 2026-06-01 14:18:31,618] Trial 182 finished with value: 0.20153657469615305 and parameters: {'alpha': 190959.48093008823, 'n_pcs': 2000, 'iw_method': 'pc_logistic', 'iw_clip_max': 4.0, 'iw_prob_clip': 0.008199774420015677, 'iw_n_components': 40, 'iw_logistic_c': 0.470080916857927, 'iw_pca_fit': 'combined', 'iw_solver': 'lbfgs', 'iw_rho': 0.5}. Best is trial 166 with value: 0.2024855283558166.
2026-06-01 14:18:31 | INFO | Trial 183 | outer=2 | alpha=1.693e+05 n_pcs=2000 (pc_topk) weight={'name': 'pc_logistic', 'floor': 1e-06, 'clip_max': 4.0, 'prob_clip': 0.008601334349490375, 'n_components': 40, 'logistic_c': 0.4368677420876051, 'pca_fit': 'combined', 'solver': 'lbfgs', 'max_iter': 2000, 'fit_intercept': True, 'standardize_with_source': True, 'rho': 0.5}
[I 2026-06-01 14:18:45,242] Trial 183 finished with value: 0.20157861920908937 and parameters: {'alpha': 169312.4053648291, 'n_pcs': 2000, 'iw_method': 'pc_logistic', 'iw_clip_max': 4.0, 'iw_prob_clip': 0.008601334349490375, 'iw_n_components': 40, 'iw_logistic_c': 0.4368677420876051, 'iw_pca_fit': 'combined', 'iw_solver': 'lbfgs', 'iw_rho': 0.5}. Best is trial 166 with value: 0.2024855283558166.
2026-06-01 14:18:45 | INFO | Trial 184 | outer=2 | alpha=1.702e+05 n_pcs=2000 (pc_topk) weight={'name': 'pc_logistic', 'floor': 1e-06, 'clip_max': 4.0, 'prob_clip': 0.00818946802484979, 'n_components': 40, 'logistic_c': 0.3952207091908313, 'pca_fit': 'combined', 'solver': 'lbfgs', 'max_iter': 2000, 'fit_intercept': True, 'standardize_with_source': True, 'rho': 0.5}
[I 2026-06-01 14:18:59,512] Trial 184 finished with value: 0.20156967351690783 and parameters: {'alpha': 170176.0657772514, 'n_pcs': 2000, 'iw_method': 'pc_logistic', 'iw_clip_max': 4.0, 'iw_prob_clip': 0.00818946802484979, 'iw_n_components': 40, 'iw_logistic_c': 0.3952207091908313, 'iw_pca_fit': 'combined', 'iw_solver': 'lbfgs', 'iw_rho': 0.5}. Best is trial 166 with value: 0.2024855283558166.
2026-06-01 14:18:59 | INFO | Trial 185 | outer=2 | alpha=1.397e+05 n_pcs=2000 (pc_topk) weight={'name': 'pc_logistic', 'floor': 1e-06, 'clip_max': 4.0, 'prob_clip': 0.00858947821945651, 'n_components': 40, 'logistic_c': 0.37219466669137924, 'pca_fit': 'combined', 'solver': 'lbfgs', 'max_iter': 2000, 'fit_intercept': True, 'standardize_with_source': True, 'rho': 0.5}
[I 2026-06-01 14:19:13,470] Trial 185 finished with value: 0.20140765160971016 and parameters: {'alpha': 139736.0368035197, 'n_pcs': 2000, 'iw_method': 'pc_logistic', 'iw_clip_max': 4.0, 'iw_prob_clip': 0.00858947821945651, 'iw_n_components': 40, 'iw_logistic_c': 0.37219466669137924, 'iw_pca_fit': 'combined', 'iw_solver': 'lbfgs', 'iw_rho': 0.5}. Best is trial 166 with value: 0.2024855283558166.
2026-06-01 14:19:13 | INFO | Trial 186 | outer=2 | alpha=1.769e+05 n_pcs=2000 (pc_topk) weight={'name': 'pc_logistic', 'floor': 1e-06, 'clip_max': 4.0, 'prob_clip': 0.007906785682284782, 'n_components': 40, 'logistic_c': 0.4306270888768447, 'pca_fit': 'combined', 'solver': 'lbfgs', 'max_iter': 2000, 'fit_intercept': True, 'standardize_with_source': True, 'rho': 0.5}
[I 2026-06-01 14:19:28,520] Trial 186 finished with value: 0.20161688726846663 and parameters: {'alpha': 176874.15593295064, 'n_pcs': 2000, 'iw_method': 'pc_logistic', 'iw_clip_max': 4.0, 'iw_prob_clip': 0.007906785682284782, 'iw_n_components': 40, 'iw_logistic_c': 0.4306270888768447, 'iw_pca_fit': 'combined', 'iw_solver': 'lbfgs', 'iw_rho': 0.5}. Best is trial 166 with value: 0.2024855283558166.
2026-06-01 14:19:28 | INFO | Trial 187 | outer=2 | alpha=4.551e+06 n_pcs=2000 (pc_topk) weight={'name': 'pc_logistic', 'floor': 1e-06, 'clip_max': 4.0, 'prob_clip': 0.007599454048276626, 'n_components': 40, 'logistic_c': 0.3067211092237245, 'pca_fit': 'combined', 'solver': 'lbfgs', 'max_iter': 2000, 'fit_intercept': True, 'standardize_with_source': True, 'rho': 0.5}
[I 2026-06-01 14:19:42,354] Trial 187 finished with value: 0.18931176759473844 and parameters: {'alpha': 4551012.804198183, 'n_pcs': 2000, 'iw_method': 'pc_logistic', 'iw_clip_max': 4.0, 'iw_prob_clip': 0.007599454048276626, 'iw_n_components': 40, 'iw_logistic_c': 0.3067211092237245, 'iw_pca_fit': 'combined', 'iw_solver': 'lbfgs', 'iw_rho': 0.5}. Best is trial 166 with value: 0.2024855283558166.
2026-06-01 14:19:42 | INFO | Trial 188 | outer=2 | alpha=1.722e+05 n_pcs=2000 (pc_topk) weight={'name': 'pc_logistic', 'floor': 1e-06, 'clip_max': 4.0, 'prob_clip': 0.009934531379824692, 'n_components': 10, 'logistic_c': 0.13749170865431198, 'pca_fit': 'combined', 'solver': 'lbfgs', 'max_iter': 2000, 'fit_intercept': True, 'standardize_with_source': True, 'rho': 0.5}
[I 2026-06-01 14:19:52,051] Trial 188 finished with value: 0.19526492449467936 and parameters: {'alpha': 172247.42499658023, 'n_pcs': 2000, 'iw_method': 'pc_logistic', 'iw_clip_max': 4.0, 'iw_prob_clip': 0.009934531379824692, 'iw_n_components': 10, 'iw_logistic_c': 0.13749170865431198, 'iw_pca_fit': 'combined', 'iw_solver': 'lbfgs', 'iw_rho': 0.5}. Best is trial 166 with value: 0.2024855283558166.
2026-06-01 14:19:52 | INFO | Trial 189 | outer=2 | alpha=1.110e+05 n_pcs=2000 (pc_topk) weight={'name': 'pc_logistic', 'floor': 1e-06, 'clip_max': 4.0, 'prob_clip': 0.006616849425428638, 'n_components': 40, 'logistic_c': 0.4562001329256632, 'pca_fit': 'combined', 'solver': 'lbfgs', 'max_iter': 2000, 'fit_intercept': True, 'standardize_with_source': True, 'rho': 0.5}
[I 2026-06-01 14:20:05,550] Trial 189 finished with value: 0.20114658373161856 and parameters: {'alpha': 111002.73541215899, 'n_pcs': 2000, 'iw_method': 'pc_logistic', 'iw_clip_max': 4.0, 'iw_prob_clip': 0.006616849425428638, 'iw_n_components': 40, 'iw_logistic_c': 0.4562001329256632, 'iw_pca_fit': 'combined', 'iw_solver': 'lbfgs', 'iw_rho': 0.5}. Best is trial 166 with value: 0.2024855283558166.
2026-06-01 14:20:05 | INFO | Trial 190 | outer=2 | alpha=8.666e+04 n_pcs=1500 (pc_topk) weight={'name': 'pc_logistic', 'floor': 1e-06, 'clip_max': 4.0, 'prob_clip': 0.00834128594824678, 'n_components': 40, 'logistic_c': 0.24378677824171605, 'pca_fit': 'combined', 'solver': 'lbfgs', 'max_iter': 2000, 'fit_intercept': True, 'standardize_with_source': True, 'rho': 1.0}
[I 2026-06-01 14:20:19,895] Trial 190 finished with value: 0.18231732327353495 and parameters: {'alpha': 86664.60351836172, 'n_pcs': 1500, 'iw_method': 'pc_logistic', 'iw_clip_max': 4.0, 'iw_prob_clip': 0.00834128594824678, 'iw_n_components': 40, 'iw_logistic_c': 0.24378677824171605, 'iw_pca_fit': 'combined', 'iw_solver': 'lbfgs', 'iw_rho': 1.0}. Best is trial 166 with value: 0.2024855283558166.
2026-06-01 14:20:19 | INFO | Trial 191 | outer=2 | alpha=1.430e+05 n_pcs=2000 (pc_topk) weight={'name': 'pc_logistic', 'floor': 1e-06, 'clip_max': 4.0, 'prob_clip': 0.011049085691561239, 'n_components': 40, 'logistic_c': 0.4642125521940779, 'pca_fit': 'combined', 'solver': 'lbfgs', 'max_iter': 2000, 'fit_intercept': True, 'standardize_with_source': True, 'rho': 0.5}
[I 2026-06-01 14:20:33,074] Trial 191 finished with value: 0.20138968921271427 and parameters: {'alpha': 143033.00724014704, 'n_pcs': 2000, 'iw_method': 'pc_logistic', 'iw_clip_max': 4.0, 'iw_prob_clip': 0.011049085691561239, 'iw_n_components': 40, 'iw_logistic_c': 0.4642125521940779, 'iw_pca_fit': 'combined', 'iw_solver': 'lbfgs', 'iw_rho': 0.5}. Best is trial 166 with value: 0.2024855283558166.
2026-06-01 14:20:33 | INFO | Trial 192 | outer=2 | alpha=1.757e+05 n_pcs=2000 (pc_topk) weight={'name': 'pc_logistic', 'floor': 1e-06, 'clip_max': 4.0, 'prob_clip': 0.008150755448781558, 'n_components': 40, 'logistic_c': 0.3829165129590365, 'pca_fit': 'combined', 'solver': 'lbfgs', 'max_iter': 2000, 'fit_intercept': True, 'standardize_with_source': True, 'rho': 0.5}
[I 2026-06-01 14:20:45,928] Trial 192 finished with value: 0.2015604084206016 and parameters: {'alpha': 175709.7941841747, 'n_pcs': 2000, 'iw_method': 'pc_logistic', 'iw_clip_max': 4.0, 'iw_prob_clip': 0.008150755448781558, 'iw_n_components': 40, 'iw_logistic_c': 0.3829165129590365, 'iw_pca_fit': 'combined', 'iw_solver': 'lbfgs', 'iw_rho': 0.5}. Best is trial 166 with value: 0.2024855283558166.
2026-06-01 14:20:45 | INFO | Trial 193 | outer=2 | alpha=1.669e+05 n_pcs=2000 (pc_topk) weight={'name': 'pc_logistic', 'floor': 1e-06, 'clip_max': 4.0, 'prob_clip': 0.009281124396618016, 'n_components': 40, 'logistic_c': 0.33270029533441486, 'pca_fit': 'combined', 'solver': 'lbfgs', 'max_iter': 2000, 'fit_intercept': True, 'standardize_with_source': True, 'rho': 0.5}
[I 2026-06-01 14:20:58,836] Trial 193 finished with value: 0.20145015259575558 and parameters: {'alpha': 166894.81168164458, 'n_pcs': 2000, 'iw_method': 'pc_logistic', 'iw_clip_max': 4.0, 'iw_prob_clip': 0.009281124396618016, 'iw_n_components': 40, 'iw_logistic_c': 0.33270029533441486, 'iw_pca_fit': 'combined', 'iw_solver': 'lbfgs', 'iw_rho': 0.5}. Best is trial 166 with value: 0.2024855283558166.
2026-06-01 14:20:58 | INFO | Trial 194 | outer=2 | alpha=1.295e+05 n_pcs=2000 (pc_topk) weight={'name': 'pc_logistic', 'floor': 1e-06, 'clip_max': 4.0, 'prob_clip': 0.008018039670223596, 'n_components': 40, 'logistic_c': 0.6463095984976979, 'pca_fit': 'combined', 'solver': 'lbfgs', 'max_iter': 2000, 'fit_intercept': True, 'standardize_with_source': True, 'rho': 0.5}
[I 2026-06-01 14:21:11,694] Trial 194 finished with value: 0.20138415527751005 and parameters: {'alpha': 129485.5744918389, 'n_pcs': 2000, 'iw_method': 'pc_logistic', 'iw_clip_max': 4.0, 'iw_prob_clip': 0.008018039670223596, 'iw_n_components': 40, 'iw_logistic_c': 0.6463095984976979, 'iw_pca_fit': 'combined', 'iw_solver': 'lbfgs', 'iw_rho': 0.5}. Best is trial 166 with value: 0.2024855283558166.
2026-06-01 14:21:11 | INFO | Trial 195 | outer=2 | alpha=1.729e+05 n_pcs=2000 (pc_topk) weight={'name': 'pc_logistic', 'floor': 1e-06, 'clip_max': 4.0, 'prob_clip': 0.006654653016615505, 'n_components': 40, 'logistic_c': 0.43992353705204335, 'pca_fit': 'combined', 'solver': 'lbfgs', 'max_iter': 2000, 'fit_intercept': True, 'standardize_with_source': True, 'rho': 0.5}
[I 2026-06-01 14:21:26,667] Trial 195 finished with value: 0.2016971615458291 and parameters: {'alpha': 172917.6646329756, 'n_pcs': 2000, 'iw_method': 'pc_logistic', 'iw_clip_max': 4.0, 'iw_prob_clip': 0.006654653016615505, 'iw_n_components': 40, 'iw_logistic_c': 0.43992353705204335, 'iw_pca_fit': 'combined', 'iw_solver': 'lbfgs', 'iw_rho': 0.5}. Best is trial 166 with value: 0.2024855283558166.
2026-06-01 14:21:26 | INFO | Trial 196 | outer=2 | alpha=1.075e+05 n_pcs=2000 (pc_topk) weight={'name': 'pc_logistic', 'floor': 1e-06, 'clip_max': 1.5, 'prob_clip': 0.006887830544640734, 'n_components': 40, 'logistic_c': 0.22853600510001906, 'pca_fit': 'combined', 'solver': 'lbfgs', 'max_iter': 2000, 'fit_intercept': True, 'standardize_with_source': True, 'rho': 0.5}
[I 2026-06-01 14:21:41,266] Trial 196 finished with value: 0.19076993712894952 and parameters: {'alpha': 107455.06423342746, 'n_pcs': 2000, 'iw_method': 'pc_logistic', 'iw_clip_max': 1.5, 'iw_prob_clip': 0.006887830544640734, 'iw_n_components': 40, 'iw_logistic_c': 0.22853600510001906, 'iw_pca_fit': 'combined', 'iw_solver': 'lbfgs', 'iw_rho': 0.5}. Best is trial 166 with value: 0.2024855283558166.
2026-06-01 14:21:41 | INFO | Trial 197 | outer=2 | alpha=1.342e+05 n_pcs=2000 (pc_topk) weight={'name': 'pc_logistic', 'floor': 1e-06, 'clip_max': 4.0, 'prob_clip': 0.007345235479505779, 'n_components': 40, 'logistic_c': 0.5227901473556095, 'pca_fit': 'combined', 'solver': 'lbfgs', 'max_iter': 2000, 'fit_intercept': True, 'standardize_with_source': True, 'rho': 0.5}
[I 2026-06-01 14:21:55,312] Trial 197 finished with value: 0.20147352082382608 and parameters: {'alpha': 134242.20096634128, 'n_pcs': 2000, 'iw_method': 'pc_logistic', 'iw_clip_max': 4.0, 'iw_prob_clip': 0.007345235479505779, 'iw_n_components': 40, 'iw_logistic_c': 0.5227901473556095, 'iw_pca_fit': 'combined', 'iw_solver': 'lbfgs', 'iw_rho': 0.5}. Best is trial 166 with value: 0.2024855283558166.
2026-06-01 14:21:55 | INFO | Trial 198 | outer=2 | alpha=2.672e+05 n_pcs=2000 (pc_topk) weight={'name': 'pc_logistic', 'floor': 1e-06, 'clip_max': 7.0, 'prob_clip': 0.006578650558132526, 'n_components': 40, 'logistic_c': 0.11963566871789816, 'pca_fit': 'combined', 'solver': 'lbfgs', 'max_iter': 2000, 'fit_intercept': True, 'standardize_with_source': True, 'rho': 0.5}
[I 2026-06-01 14:22:07,714] Trial 198 finished with value: 0.19609293766290287 and parameters: {'alpha': 267236.6591263806, 'n_pcs': 2000, 'iw_method': 'pc_logistic', 'iw_clip_max': 7.0, 'iw_prob_clip': 0.006578650558132526, 'iw_n_components': 40, 'iw_logistic_c': 0.11963566871789816, 'iw_pca_fit': 'combined', 'iw_solver': 'lbfgs', 'iw_rho': 0.5}. Best is trial 166 with value: 0.2024855283558166.
2026-06-01 14:22:07 | INFO | Trial 199 | outer=2 | alpha=1.841e+05 n_pcs=2000 (pc_topk) weight={'name': 'pc_logistic', 'floor': 1e-06, 'clip_max': 4.0, 'prob_clip': 0.006213729242580318, 'n_components': 40, 'logistic_c': 0.3381233913556339, 'pca_fit': 'combined', 'solver': 'lbfgs', 'max_iter': 2000, 'fit_intercept': True, 'standardize_with_source': True, 'rho': 0.5}
[I 2026-06-01 14:22:22,110] Trial 199 finished with value: 0.20161549773487 and parameters: {'alpha': 184066.82418965935, 'n_pcs': 2000, 'iw_method': 'pc_logistic', 'iw_clip_max': 4.0, 'iw_prob_clip': 0.006213729242580318, 'iw_n_components': 40, 'iw_logistic_c': 0.3381233913556339, 'iw_pca_fit': 'combined', 'iw_solver': 'lbfgs', 'iw_rho': 0.5}. Best is trial 166 with value: 0.2024855283558166.
2026-06-01 14:22:22 | INFO | Trial 200 | outer=2 | alpha=1.490e+05 n_pcs=2000 (pc_topk) weight={'name': 'pc_logistic', 'floor': 1e-06, 'clip_max': 4.0, 'prob_clip': 0.006013035243113831, 'n_components': 40, 'logistic_c': 0.30875165889664125, 'pca_fit': 'combined', 'solver': 'lbfgs', 'max_iter': 2000, 'fit_intercept': True, 'standardize_with_source': True, 'rho': 0.3}
[I 2026-06-01 14:22:36,756] Trial 200 finished with value: 0.1997735094212822 and parameters: {'alpha': 149034.26968012843, 'n_pcs': 2000, 'iw_method': 'pc_logistic', 'iw_clip_max': 4.0, 'iw_prob_clip': 0.006013035243113831, 'iw_n_components': 40, 'iw_logistic_c': 0.30875165889664125, 'iw_pca_fit': 'combined', 'iw_solver': 'lbfgs', 'iw_rho': 0.3}. Best is trial 166 with value: 0.2024855283558166.
2026-06-01 14:22:36 | INFO | Trial 201 | outer=2 | alpha=1.862e+05 n_pcs=2000 (pc_topk) weight={'name': 'pc_logistic', 'floor': 1e-06, 'clip_max': 4.0, 'prob_clip': 0.009210977797303366, 'n_components': 40, 'logistic_c': 0.6765528592430599, 'pca_fit': 'combined', 'solver': 'lbfgs', 'max_iter': 2000, 'fit_intercept': True, 'standardize_with_source': True, 'rho': 0.5}
[I 2026-06-01 14:22:50,943] Trial 201 finished with value: 0.20153224106189147 and parameters: {'alpha': 186200.21987411863, 'n_pcs': 2000, 'iw_method': 'pc_logistic', 'iw_clip_max': 4.0, 'iw_prob_clip': 0.009210977797303366, 'iw_n_components': 40, 'iw_logistic_c': 0.6765528592430599, 'iw_pca_fit': 'combined', 'iw_solver': 'lbfgs', 'iw_rho': 0.5}. Best is trial 166 with value: 0.2024855283558166.
2026-06-01 14:22:50 | INFO | Trial 202 | outer=2 | alpha=2.092e+05 n_pcs=2000 (pc_topk) weight={'name': 'pc_logistic', 'floor': 1e-06, 'clip_max': 4.0, 'prob_clip': 0.00718832432518912, 'n_components': 40, 'logistic_c': 0.46050596678247024, 'pca_fit': 'combined', 'solver': 'lbfgs', 'max_iter': 2000, 'fit_intercept': True, 'standardize_with_source': True, 'rho': 0.5}
[I 2026-06-01 14:23:03,965] Trial 202 finished with value: 0.20158719505675374 and parameters: {'alpha': 209204.74658235352, 'n_pcs': 2000, 'iw_method': 'pc_logistic', 'iw_clip_max': 4.0, 'iw_prob_clip': 0.00718832432518912, 'iw_n_components': 40, 'iw_logistic_c': 0.46050596678247024, 'iw_pca_fit': 'combined', 'iw_solver': 'lbfgs', 'iw_rho': 0.5}. Best is trial 166 with value: 0.2024855283558166.
2026-06-01 14:23:03 | INFO | Trial 203 | outer=2 | alpha=2.217e+05 n_pcs=2000 (pc_topk) weight={'name': 'pc_logistic', 'floor': 1e-06, 'clip_max': 4.0, 'prob_clip': 0.006998274389548779, 'n_components': 40, 'logistic_c': 0.99621676417937, 'pca_fit': 'combined', 'solver': 'lbfgs', 'max_iter': 2000, 'fit_intercept': True, 'standardize_with_source': True, 'rho': 0.5}
[I 2026-06-01 14:23:16,720] Trial 203 finished with value: 0.20154466460135775 and parameters: {'alpha': 221663.9987995369, 'n_pcs': 2000, 'iw_method': 'pc_logistic', 'iw_clip_max': 4.0, 'iw_prob_clip': 0.006998274389548779, 'iw_n_components': 40, 'iw_logistic_c': 0.99621676417937, 'iw_pca_fit': 'combined', 'iw_solver': 'lbfgs', 'iw_rho': 0.5}. Best is trial 166 with value: 0.2024855283558166.
2026-06-01 14:23:16 | INFO | Trial 204 | outer=2 | alpha=1.531e+05 n_pcs=1500 (pc_topk) weight={'name': 'pc_logistic', 'floor': 1e-06, 'clip_max': 4.0, 'prob_clip': 0.006363670259866099, 'n_components': 40, 'logistic_c': 0.18313199031114036, 'pca_fit': 'combined', 'solver': 'lbfgs', 'max_iter': 2000, 'fit_intercept': True, 'standardize_with_source': True, 'rho': 0.5}
[I 2026-06-01 14:23:30,603] Trial 204 finished with value: 0.19306830784335532 and parameters: {'alpha': 153091.49419994166, 'n_pcs': 1500, 'iw_method': 'pc_logistic', 'iw_clip_max': 4.0, 'iw_prob_clip': 0.006363670259866099, 'iw_n_components': 40, 'iw_logistic_c': 0.18313199031114036, 'iw_pca_fit': 'combined', 'iw_solver': 'lbfgs', 'iw_rho': 0.5}. Best is trial 166 with value: 0.2024855283558166.
2026-06-01 14:23:30 | INFO | Trial 205 | outer=2 | alpha=1.227e+05 n_pcs=2000 (pc_topk) weight={'name': 'pc_logistic', 'floor': 1e-06, 'clip_max': 4.0, 'prob_clip': 0.004667344221834204, 'n_components': 40, 'logistic_c': 0.36400051872673017, 'pca_fit': 'combined', 'solver': 'lbfgs', 'max_iter': 2000, 'fit_intercept': True, 'standardize_with_source': True, 'rho': 0.5}
[I 2026-06-01 14:23:43,552] Trial 205 finished with value: 0.20087361241186655 and parameters: {'alpha': 122695.54081326233, 'n_pcs': 2000, 'iw_method': 'pc_logistic', 'iw_clip_max': 4.0, 'iw_prob_clip': 0.004667344221834204, 'iw_n_components': 40, 'iw_logistic_c': 0.36400051872673017, 'iw_pca_fit': 'combined', 'iw_solver': 'lbfgs', 'iw_rho': 0.5}. Best is trial 166 with value: 0.2024855283558166.
2026-06-01 14:23:43 | INFO | Trial 206 | outer=2 | alpha=1.679e+05 n_pcs=2000 (pc_topk) weight={'name': 'pc_logistic', 'floor': 1e-06, 'clip_max': 4.0, 'prob_clip': 0.007565647931401247, 'n_components': 100, 'logistic_c': 0.5736416150372742, 'pca_fit': 'combined', 'solver': 'lbfgs', 'max_iter': 2000, 'fit_intercept': True, 'standardize_with_source': True, 'rho': 0.5}
[I 2026-06-01 14:24:01,823] Trial 206 finished with value: 0.1914352852198674 and parameters: {'alpha': 167888.8881769168, 'n_pcs': 2000, 'iw_method': 'pc_logistic', 'iw_clip_max': 4.0, 'iw_prob_clip': 0.007565647931401247, 'iw_n_components': 100, 'iw_logistic_c': 0.5736416150372742, 'iw_pca_fit': 'combined', 'iw_solver': 'lbfgs', 'iw_rho': 0.5}. Best is trial 166 with value: 0.2024855283558166.
2026-06-01 14:24:01 | INFO | Trial 207 | outer=2 | alpha=2.762e+05 n_pcs=2000 (pc_topk) weight={'name': 'pc_logistic', 'floor': 1e-06, 'clip_max': 4.0, 'prob_clip': 0.006381494429132065, 'n_components': 40, 'logistic_c': 0.8477119099112524, 'pca_fit': 'combined', 'solver': 'lbfgs', 'max_iter': 2000, 'fit_intercept': True, 'standardize_with_source': True, 'rho': 0.5}
[I 2026-06-01 14:24:15,408] Trial 207 finished with value: 0.20129339673136076 and parameters: {'alpha': 276240.3424927786, 'n_pcs': 2000, 'iw_method': 'pc_logistic', 'iw_clip_max': 4.0, 'iw_prob_clip': 0.006381494429132065, 'iw_n_components': 40, 'iw_logistic_c': 0.8477119099112524, 'iw_pca_fit': 'combined', 'iw_solver': 'lbfgs', 'iw_rho': 0.5}. Best is trial 166 with value: 0.2024855283558166.
2026-06-01 14:24:15 | INFO | Trial 208 | outer=2 | alpha=9.636e+04 n_pcs=2000 (pc_topk) weight={'name': 'pc_logistic', 'floor': 1e-06, 'clip_max': 12.0, 'prob_clip': 0.007007541361738901, 'n_components': 40, 'logistic_c': 0.26442232837319246, 'pca_fit': 'combined', 'solver': 'lbfgs', 'max_iter': 2000, 'fit_intercept': True, 'standardize_with_source': True, 'rho': 0.5}
[I 2026-06-01 14:24:29,847] Trial 208 finished with value: 0.18887864391567943 and parameters: {'alpha': 96363.49995525958, 'n_pcs': 2000, 'iw_method': 'pc_logistic', 'iw_clip_max': 12.0, 'iw_prob_clip': 0.007007541361738901, 'iw_n_components': 40, 'iw_logistic_c': 0.26442232837319246, 'iw_pca_fit': 'combined', 'iw_solver': 'lbfgs', 'iw_rho': 0.5}. Best is trial 166 with value: 0.2024855283558166.
2026-06-01 14:24:29 | INFO | Trial 209 | outer=2 | alpha=2.108e+05 n_pcs=1500 (pc_topk) weight={'name': 'pc_logistic', 'floor': 1e-06, 'clip_max': 4.0, 'prob_clip': 0.004687510285766155, 'n_components': 80, 'logistic_c': 0.00024227064107506833, 'pca_fit': 'combined', 'solver': 'lbfgs', 'max_iter': 2000, 'fit_intercept': True, 'standardize_with_source': True, 'rho': 0.5}
[I 2026-06-01 14:24:38,164] Trial 209 finished with value: 0.18738682975711568 and parameters: {'alpha': 210848.27117455006, 'n_pcs': 1500, 'iw_method': 'pc_logistic', 'iw_clip_max': 4.0, 'iw_prob_clip': 0.004687510285766155, 'iw_n_components': 80, 'iw_logistic_c': 0.00024227064107506833, 'iw_pca_fit': 'combined', 'iw_solver': 'lbfgs', 'iw_rho': 0.5}. Best is trial 166 with value: 0.2024855283558166.
2026-06-01 14:24:38 | INFO | Trial 210 | outer=2 | alpha=1.164e+05 n_pcs=2000 (pc_topk) weight={'name': 'uniform'}
[I 2026-06-01 14:24:40,928] Trial 210 finished with value: 0.18464943872820241 and parameters: {'alpha': 116363.84167827477, 'n_pcs': 2000, 'iw_method': 'uniform'}. Best is trial 166 with value: 0.2024855283558166.
2026-06-01 14:24:40 | INFO | Trial 211 | outer=2 | alpha=2.079e+05 n_pcs=2000 (pc_topk) weight={'name': 'pc_logistic', 'floor': 1e-06, 'clip_max': 4.0, 'prob_clip': 0.007186533840382559, 'n_components': 40, 'logistic_c': 1.0581129183093752, 'pca_fit': 'combined', 'solver': 'lbfgs', 'max_iter': 2000, 'fit_intercept': True, 'standardize_with_source': True, 'rho': 0.5}
[I 2026-06-01 14:24:53,410] Trial 211 finished with value: 0.2015866003729941 and parameters: {'alpha': 207910.64827505924, 'n_pcs': 2000, 'iw_method': 'pc_logistic', 'iw_clip_max': 4.0, 'iw_prob_clip': 0.007186533840382559, 'iw_n_components': 40, 'iw_logistic_c': 1.0581129183093752, 'iw_pca_fit': 'combined', 'iw_solver': 'lbfgs', 'iw_rho': 0.5}. Best is trial 166 with value: 0.2024855283558166.
2026-06-01 14:24:53 | INFO | Trial 212 | outer=2 | alpha=1.857e+05 n_pcs=2000 (pc_topk) weight={'name': 'pc_logistic', 'floor': 1e-06, 'clip_max': 4.0, 'prob_clip': 0.005970972074230497, 'n_components': 40, 'logistic_c': 1.0221949530004488, 'pca_fit': 'combined', 'solver': 'lbfgs', 'max_iter': 2000, 'fit_intercept': True, 'standardize_with_source': True, 'rho': 0.5}
[I 2026-06-01 14:25:06,122] Trial 212 finished with value: 0.201639590760288 and parameters: {'alpha': 185722.37986182867, 'n_pcs': 2000, 'iw_method': 'pc_logistic', 'iw_clip_max': 4.0, 'iw_prob_clip': 0.005970972074230497, 'iw_n_components': 40, 'iw_logistic_c': 1.0221949530004488, 'iw_pca_fit': 'combined', 'iw_solver': 'lbfgs', 'iw_rho': 0.5}. Best is trial 166 with value: 0.2024855283558166.
2026-06-01 14:25:06 | INFO | Trial 213 | outer=2 | alpha=2.600e+05 n_pcs=2000 (pc_topk) weight={'name': 'pc_logistic', 'floor': 1e-06, 'clip_max': 4.0, 'prob_clip': 0.0059061730621068256, 'n_components': 40, 'logistic_c': 1.1748910083258972, 'pca_fit': 'combined', 'solver': 'lbfgs', 'max_iter': 2000, 'fit_intercept': True, 'standardize_with_source': True, 'rho': 0.5}
[I 2026-06-01 14:25:19,761] Trial 213 finished with value: 0.20134952857753494 and parameters: {'alpha': 260039.29642529934, 'n_pcs': 2000, 'iw_method': 'pc_logistic', 'iw_clip_max': 4.0, 'iw_prob_clip': 0.0059061730621068256, 'iw_n_components': 40, 'iw_logistic_c': 1.1748910083258972, 'iw_pca_fit': 'combined', 'iw_solver': 'lbfgs', 'iw_rho': 0.5}. Best is trial 166 with value: 0.2024855283558166.
2026-06-01 14:25:19 | INFO | Trial 214 | outer=2 | alpha=1.434e+05 n_pcs=2000 (pc_topk) weight={'name': 'pc_logistic', 'floor': 1e-06, 'clip_max': 4.0, 'prob_clip': 0.005522822765051225, 'n_components': 40, 'logistic_c': 0.7701662949075453, 'pca_fit': 'combined', 'solver': 'lbfgs', 'max_iter': 2000, 'fit_intercept': True, 'standardize_with_source': True, 'rho': 0.5}
[I 2026-06-01 14:25:32,223] Trial 214 finished with value: 0.20141232742591747 and parameters: {'alpha': 143411.52740383166, 'n_pcs': 2000, 'iw_method': 'pc_logistic', 'iw_clip_max': 4.0, 'iw_prob_clip': 0.005522822765051225, 'iw_n_components': 40, 'iw_logistic_c': 0.7701662949075453, 'iw_pca_fit': 'combined', 'iw_solver': 'lbfgs', 'iw_rho': 0.5}. Best is trial 166 with value: 0.2024855283558166.
2026-06-01 14:25:32 | INFO | Trial 215 | outer=2 | alpha=2.179e+05 n_pcs=2500 (pc_topk) weight={'name': 'pc_logistic', 'floor': 1e-06, 'clip_max': 4.0, 'prob_clip': 0.004900084699516818, 'n_components': 40, 'logistic_c': 0.6869653113248844, 'pca_fit': 'combined', 'solver': 'lbfgs', 'max_iter': 2000, 'fit_intercept': True, 'standardize_with_source': True, 'rho': 0.85}
[I 2026-06-01 14:25:44,510] Trial 215 finished with value: 0.1979803419975406 and parameters: {'alpha': 217884.84117595723, 'n_pcs': 2500, 'iw_method': 'pc_logistic', 'iw_clip_max': 4.0, 'iw_prob_clip': 0.004900084699516818, 'iw_n_components': 40, 'iw_logistic_c': 0.6869653113248844, 'iw_pca_fit': 'combined', 'iw_solver': 'lbfgs', 'iw_rho': 0.85}. Best is trial 166 with value: 0.2024855283558166.
2026-06-01 14:25:44 | INFO | Trial 216 | outer=2 | alpha=1.897e+05 n_pcs=2000 (pc_topk) weight={'name': 'pc_logistic', 'floor': 1e-06, 'clip_max': 4.0, 'prob_clip': 0.006599300811322715, 'n_components': 40, 'logistic_c': 1.0283887354395416, 'pca_fit': 'combined', 'solver': 'lbfgs', 'max_iter': 2000, 'fit_intercept': True, 'standardize_with_source': True, 'rho': 0.5}
[I 2026-06-01 14:25:58,166] Trial 216 finished with value: 0.20166845064597544 and parameters: {'alpha': 189676.6013172784, 'n_pcs': 2000, 'iw_method': 'pc_logistic', 'iw_clip_max': 4.0, 'iw_prob_clip': 0.006599300811322715, 'iw_n_components': 40, 'iw_logistic_c': 1.0283887354395416, 'iw_pca_fit': 'combined', 'iw_solver': 'lbfgs', 'iw_rho': 0.5}. Best is trial 166 with value: 0.2024855283558166.
2026-06-01 14:25:58 | INFO | Trial 217 | outer=2 | alpha=1.963e+05 n_pcs=2000 (pc_topk) weight={'name': 'pc_logistic', 'floor': 1e-06, 'clip_max': 4.0, 'prob_clip': 0.00627084590720099, 'n_components': 40, 'logistic_c': 1.021398061559118, 'pca_fit': 'combined', 'solver': 'lbfgs', 'max_iter': 2000, 'fit_intercept': True, 'standardize_with_source': True, 'rho': 0.5}
[I 2026-06-01 14:26:11,417] Trial 217 finished with value: 0.20165180406109667 and parameters: {'alpha': 196288.92298450237, 'n_pcs': 2000, 'iw_method': 'pc_logistic', 'iw_clip_max': 4.0, 'iw_prob_clip': 0.00627084590720099, 'iw_n_components': 40, 'iw_logistic_c': 1.021398061559118, 'iw_pca_fit': 'combined', 'iw_solver': 'lbfgs', 'iw_rho': 0.5}. Best is trial 166 with value: 0.2024855283558166.
2026-06-01 14:26:11 | INFO | Trial 218 | outer=2 | alpha=2.931e+05 n_pcs=1000 (pc_topk) weight={'name': 'pc_logistic', 'floor': 1e-06, 'clip_max': 4.0, 'prob_clip': 0.006910977126561416, 'n_components': 40, 'logistic_c': 1.1844427503949917, 'pca_fit': 'combined', 'solver': 'lbfgs', 'max_iter': 2000, 'fit_intercept': True, 'standardize_with_source': True, 'rho': 0.7}
[I 2026-06-01 14:26:24,440] Trial 218 finished with value: 0.1971486223346947 and parameters: {'alpha': 293079.48253608914, 'n_pcs': 1000, 'iw_method': 'pc_logistic', 'iw_clip_max': 4.0, 'iw_prob_clip': 0.006910977126561416, 'iw_n_components': 40, 'iw_logistic_c': 1.1844427503949917, 'iw_pca_fit': 'combined', 'iw_solver': 'lbfgs', 'iw_rho': 0.7}. Best is trial 166 with value: 0.2024855283558166.
2026-06-01 14:26:24 | INFO | Trial 219 | outer=2 | alpha=2.346e+05 n_pcs=2500 (pc_topk) weight={'name': 'pc_logistic', 'floor': 1e-06, 'clip_max': 4.0, 'prob_clip': 0.005819616887179897, 'n_components': 20, 'logistic_c': 0.002975149832186566, 'pca_fit': 'combined', 'solver': 'lbfgs', 'max_iter': 2000, 'fit_intercept': True, 'standardize_with_source': True, 'rho': 0.5}
[I 2026-06-01 14:26:36,142] Trial 219 finished with value: 0.19911441250493447 and parameters: {'alpha': 234563.89526095125, 'n_pcs': 2500, 'iw_method': 'pc_logistic', 'iw_clip_max': 4.0, 'iw_prob_clip': 0.005819616887179897, 'iw_n_components': 20, 'iw_logistic_c': 0.002975149832186566, 'iw_pca_fit': 'combined', 'iw_solver': 'lbfgs', 'iw_rho': 0.5}. Best is trial 166 with value: 0.2024855283558166.
2026-06-01 14:26:36 | INFO | Trial 220 | outer=2 | alpha=2.065e+05 n_pcs=2000 (pc_topk) weight={'name': 'pc_logistic', 'floor': 1e-06, 'clip_max': 4.0, 'prob_clip': 0.00730273423465155, 'n_components': 40, 'logistic_c': 1.008235974531025, 'pca_fit': 'combined', 'solver': 'lbfgs', 'max_iter': 2000, 'fit_intercept': True, 'standardize_with_source': True, 'rho': 0.5}
[I 2026-06-01 14:26:50,152] Trial 220 finished with value: 0.20158620972538316 and parameters: {'alpha': 206504.95653604847, 'n_pcs': 2000, 'iw_method': 'pc_logistic', 'iw_clip_max': 4.0, 'iw_prob_clip': 0.00730273423465155, 'iw_n_components': 40, 'iw_logistic_c': 1.008235974531025, 'iw_pca_fit': 'combined', 'iw_solver': 'lbfgs', 'iw_rho': 0.5}. Best is trial 166 with value: 0.2024855283558166.
2026-06-01 14:26:50 | INFO | Trial 221 | outer=2 | alpha=1.942e+05 n_pcs=2000 (pc_topk) weight={'name': 'pc_logistic', 'floor': 1e-06, 'clip_max': 4.0, 'prob_clip': 0.006622034655811762, 'n_components': 40, 'logistic_c': 0.879414373876196, 'pca_fit': 'combined', 'solver': 'lbfgs', 'max_iter': 2000, 'fit_intercept': True, 'standardize_with_source': True, 'rho': 0.5}
[I 2026-06-01 14:27:04,137] Trial 221 finished with value: 0.20167118500492792 and parameters: {'alpha': 194198.92615546135, 'n_pcs': 2000, 'iw_method': 'pc_logistic', 'iw_clip_max': 4.0, 'iw_prob_clip': 0.006622034655811762, 'iw_n_components': 40, 'iw_logistic_c': 0.879414373876196, 'iw_pca_fit': 'combined', 'iw_solver': 'lbfgs', 'iw_rho': 0.5}. Best is trial 166 with value: 0.2024855283558166.
2026-06-01 14:27:04 | INFO | Trial 222 | outer=2 | alpha=2.109e+05 n_pcs=2000 (pc_topk) weight={'name': 'pc_logistic', 'floor': 1e-06, 'clip_max': 4.0, 'prob_clip': 0.0067029573457875885, 'n_components': 40, 'logistic_c': 1.0332475592771808, 'pca_fit': 'combined', 'solver': 'lbfgs', 'max_iter': 2000, 'fit_intercept': True, 'standardize_with_source': True, 'rho': 0.5}
[I 2026-06-01 14:27:17,166] Trial 222 finished with value: 0.20162093490264005 and parameters: {'alpha': 210938.98631812, 'n_pcs': 2000, 'iw_method': 'pc_logistic', 'iw_clip_max': 4.0, 'iw_prob_clip': 0.0067029573457875885, 'iw_n_components': 40, 'iw_logistic_c': 1.0332475592771808, 'iw_pca_fit': 'combined', 'iw_solver': 'lbfgs', 'iw_rho': 0.5}. Best is trial 166 with value: 0.2024855283558166.
2026-06-01 14:27:17 | INFO | Trial 223 | outer=2 | alpha=3.554e+05 n_pcs=2000 (pc_topk) weight={'name': 'pc_logistic', 'floor': 1e-06, 'clip_max': 4.0, 'prob_clip': 0.0073055581939099, 'n_components': 40, 'logistic_c': 1.126820965960644, 'pca_fit': 'combined', 'solver': 'lbfgs', 'max_iter': 2000, 'fit_intercept': True, 'standardize_with_source': True, 'rho': 0.5}
[I 2026-06-01 14:27:31,453] Trial 223 finished with value: 0.20058625774545719 and parameters: {'alpha': 355350.3171744391, 'n_pcs': 2000, 'iw_method': 'pc_logistic', 'iw_clip_max': 4.0, 'iw_prob_clip': 0.0073055581939099, 'iw_n_components': 40, 'iw_logistic_c': 1.126820965960644, 'iw_pca_fit': 'combined', 'iw_solver': 'lbfgs', 'iw_rho': 0.5}. Best is trial 166 with value: 0.2024855283558166.
2026-06-01 14:27:31 | INFO | Trial 224 | outer=2 | alpha=2.009e+05 n_pcs=2000 (pc_topk) weight={'name': 'pc_logistic', 'floor': 1e-06, 'clip_max': 4.0, 'prob_clip': 0.0066221981567951985, 'n_components': 40, 'logistic_c': 0.9306690178889704, 'pca_fit': 'combined', 'solver': 'lbfgs', 'max_iter': 2000, 'fit_intercept': True, 'standardize_with_source': True, 'rho': 0.5}
[I 2026-06-01 14:27:44,367] Trial 224 finished with value: 0.2016583397544916 and parameters: {'alpha': 200907.50921137814, 'n_pcs': 2000, 'iw_method': 'pc_logistic', 'iw_clip_max': 4.0, 'iw_prob_clip': 0.0066221981567951985, 'iw_n_components': 40, 'iw_logistic_c': 0.9306690178889704, 'iw_pca_fit': 'combined', 'iw_solver': 'lbfgs', 'iw_rho': 0.5}. Best is trial 166 with value: 0.2024855283558166.
2026-06-01 14:27:44 | INFO | Trial 225 | outer=2 | alpha=2.512e+05 n_pcs=2500 (pc_topk) weight={'name': 'pc_logistic', 'floor': 1e-06, 'clip_max': 4.0, 'prob_clip': 0.0053947071612199015, 'n_components': 40, 'logistic_c': 0.8206628356526036, 'pca_fit': 'combined', 'solver': 'lbfgs', 'max_iter': 2000, 'fit_intercept': True, 'standardize_with_source': True, 'rho': 0.5}
[I 2026-06-01 14:27:58,631] Trial 225 finished with value: 0.2018292169867984 and parameters: {'alpha': 251186.16997302804, 'n_pcs': 2500, 'iw_method': 'pc_logistic', 'iw_clip_max': 4.0, 'iw_prob_clip': 0.0053947071612199015, 'iw_n_components': 40, 'iw_logistic_c': 0.8206628356526036, 'iw_pca_fit': 'combined', 'iw_solver': 'lbfgs', 'iw_rho': 0.5}. Best is trial 166 with value: 0.2024855283558166.
2026-06-01 14:27:58 | INFO | Trial 226 | outer=2 | alpha=2.578e+05 n_pcs=2500 (pc_topk) weight={'name': 'pc_logistic', 'floor': 1e-06, 'clip_max': 4.0, 'prob_clip': 0.005066585017424492, 'n_components': 60, 'logistic_c': 0.7869623738548474, 'pca_fit': 'combined', 'solver': 'lbfgs', 'max_iter': 2000, 'fit_intercept': True, 'standardize_with_source': True, 'rho': 0.5}
[I 2026-06-01 14:28:15,591] Trial 226 finished with value: 0.19760686122756077 and parameters: {'alpha': 257758.10007807674, 'n_pcs': 2500, 'iw_method': 'pc_logistic', 'iw_clip_max': 4.0, 'iw_prob_clip': 0.005066585017424492, 'iw_n_components': 60, 'iw_logistic_c': 0.7869623738548474, 'iw_pca_fit': 'combined', 'iw_solver': 'lbfgs', 'iw_rho': 0.5}. Best is trial 166 with value: 0.2024855283558166.
2026-06-01 14:28:15 | INFO | Trial 227 | outer=2 | alpha=3.059e+05 n_pcs=2500 (pc_topk) weight={'name': 'pc_logistic', 'floor': 1e-06, 'clip_max': 4.0, 'prob_clip': 0.005664775712287314, 'n_components': 40, 'logistic_c': 0.6985341933470055, 'pca_fit': 'combined', 'solver': 'lbfgs', 'max_iter': 2000, 'fit_intercept': True, 'standardize_with_source': True, 'rho': 0.5}
[I 2026-06-01 14:28:28,651] Trial 227 finished with value: 0.20144103387986995 and parameters: {'alpha': 305917.7679951584, 'n_pcs': 2500, 'iw_method': 'pc_logistic', 'iw_clip_max': 4.0, 'iw_prob_clip': 0.005664775712287314, 'iw_n_components': 40, 'iw_logistic_c': 0.6985341933470055, 'iw_pca_fit': 'combined', 'iw_solver': 'lbfgs', 'iw_rho': 0.5}. Best is trial 166 with value: 0.2024855283558166.
2026-06-01 14:28:28 | INFO | Trial 228 | outer=2 | alpha=2.414e+05 n_pcs=2500 (pc_topk) weight={'name': 'pc_logistic', 'floor': 1e-06, 'clip_max': 4.0, 'prob_clip': 0.006117573794524222, 'n_components': 40, 'logistic_c': 1.231321695470069, 'pca_fit': 'combined', 'solver': 'lbfgs', 'max_iter': 2000, 'fit_intercept': True, 'standardize_with_source': True, 'rho': 0.5}
[I 2026-06-01 14:28:41,963] Trial 228 finished with value: 0.20202222677497805 and parameters: {'alpha': 241364.3155189797, 'n_pcs': 2500, 'iw_method': 'pc_logistic', 'iw_clip_max': 4.0, 'iw_prob_clip': 0.006117573794524222, 'iw_n_components': 40, 'iw_logistic_c': 1.231321695470069, 'iw_pca_fit': 'combined', 'iw_solver': 'lbfgs', 'iw_rho': 0.5}. Best is trial 166 with value: 0.2024855283558166.
2026-06-01 14:28:41 | INFO | Trial 229 | outer=2 | alpha=2.500e+05 n_pcs=2500 (pc_topk) weight={'name': 'pc_logistic', 'floor': 1e-06, 'clip_max': 4.0, 'prob_clip': 0.006145849833946731, 'n_components': 40, 'logistic_c': 1.3099236678428166, 'pca_fit': 'combined', 'solver': 'lbfgs', 'max_iter': 2000, 'fit_intercept': True, 'standardize_with_source': True, 'rho': 0.5}
[I 2026-06-01 14:28:54,720] Trial 229 finished with value: 0.2019863792828235 and parameters: {'alpha': 249969.943769853, 'n_pcs': 2500, 'iw_method': 'pc_logistic', 'iw_clip_max': 4.0, 'iw_prob_clip': 0.006145849833946731, 'iw_n_components': 40, 'iw_logistic_c': 1.3099236678428166, 'iw_pca_fit': 'combined', 'iw_solver': 'lbfgs', 'iw_rho': 0.5}. Best is trial 166 with value: 0.2024855283558166.
2026-06-01 14:28:54 | INFO | Trial 230 | outer=2 | alpha=3.415e+05 n_pcs=2500 (pc_topk) weight={'name': 'pc_logistic', 'floor': 1e-06, 'clip_max': 4.0, 'prob_clip': 0.004532995011096037, 'n_components': 40, 'logistic_c': 1.2647435868822998, 'pca_fit': 'combined', 'solver': 'lbfgs', 'max_iter': 2000, 'fit_intercept': True, 'standardize_with_source': True, 'rho': 0.5}
[I 2026-06-01 14:29:08,291] Trial 230 finished with value: 0.2007626111134983 and parameters: {'alpha': 341467.2507822114, 'n_pcs': 2500, 'iw_method': 'pc_logistic', 'iw_clip_max': 4.0, 'iw_prob_clip': 0.004532995011096037, 'iw_n_components': 40, 'iw_logistic_c': 1.2647435868822998, 'iw_pca_fit': 'combined', 'iw_solver': 'lbfgs', 'iw_rho': 0.5}. Best is trial 166 with value: 0.2024855283558166.
2026-06-01 14:29:08 | INFO | Trial 231 | outer=2 | alpha=1.867e+05 n_pcs=2500 (pc_topk) weight={'name': 'pc_logistic', 'floor': 1e-06, 'clip_max': 4.0, 'prob_clip': 0.006205744138273109, 'n_components': 40, 'logistic_c': 0.9081857251247443, 'pca_fit': 'combined', 'solver': 'lbfgs', 'max_iter': 2000, 'fit_intercept': True, 'standardize_with_source': True, 'rho': 0.5}
[I 2026-06-01 14:29:22,760] Trial 231 finished with value: 0.20237185186970005 and parameters: {'alpha': 186740.31490842692, 'n_pcs': 2500, 'iw_method': 'pc_logistic', 'iw_clip_max': 4.0, 'iw_prob_clip': 0.006205744138273109, 'iw_n_components': 40, 'iw_logistic_c': 0.9081857251247443, 'iw_pca_fit': 'combined', 'iw_solver': 'lbfgs', 'iw_rho': 0.5}. Best is trial 166 with value: 0.2024855283558166.
2026-06-01 14:29:22 | INFO | Trial 232 | outer=2 | alpha=2.633e+05 n_pcs=2500 (pc_topk) weight={'name': 'pc_logistic', 'floor': 1e-06, 'clip_max': 4.0, 'prob_clip': 0.0055168379284649795, 'n_components': 40, 'logistic_c': 0.9370091247543786, 'pca_fit': 'combined', 'solver': 'lbfgs', 'max_iter': 2000, 'fit_intercept': True, 'standardize_with_source': True, 'rho': 0.5}
[I 2026-06-01 14:29:37,801] Trial 232 finished with value: 0.20173812165770239 and parameters: {'alpha': 263288.94228361984, 'n_pcs': 2500, 'iw_method': 'pc_logistic', 'iw_clip_max': 4.0, 'iw_prob_clip': 0.0055168379284649795, 'iw_n_components': 40, 'iw_logistic_c': 0.9370091247543786, 'iw_pca_fit': 'combined', 'iw_solver': 'lbfgs', 'iw_rho': 0.5}. Best is trial 166 with value: 0.2024855283558166.
2026-06-01 14:29:37 | INFO | Trial 233 | outer=2 | alpha=2.556e+05 n_pcs=2500 (pc_topk) weight={'name': 'pc_logistic', 'floor': 1e-06, 'clip_max': 4.0, 'prob_clip': 0.0052517209922045985, 'n_components': 40, 'logistic_c': 1.2563288364480638, 'pca_fit': 'combined', 'solver': 'lbfgs', 'max_iter': 2000, 'fit_intercept': True, 'standardize_with_source': True, 'rho': 0.5}
[I 2026-06-01 14:29:51,334] Trial 233 finished with value: 0.20176294386220667 and parameters: {'alpha': 255551.814426818, 'n_pcs': 2500, 'iw_method': 'pc_logistic', 'iw_clip_max': 4.0, 'iw_prob_clip': 0.0052517209922045985, 'iw_n_components': 40, 'iw_logistic_c': 1.2563288364480638, 'iw_pca_fit': 'combined', 'iw_solver': 'lbfgs', 'iw_rho': 0.5}. Best is trial 166 with value: 0.2024855283558166.
2026-06-01 14:29:51 | INFO | Trial 234 | outer=2 | alpha=2.787e+05 n_pcs=2500 (pc_topk) weight={'name': 'pc_logistic', 'floor': 1e-06, 'clip_max': 4.0, 'prob_clip': 0.005525406961958206, 'n_components': 40, 'logistic_c': 1.3051568479337192, 'pca_fit': 'combined', 'solver': 'lbfgs', 'max_iter': 2000, 'fit_intercept': True, 'standardize_with_source': True, 'rho': 0.5}
[I 2026-06-01 14:30:06,157] Trial 234 finished with value: 0.20161850116888425 and parameters: {'alpha': 278675.6699053474, 'n_pcs': 2500, 'iw_method': 'pc_logistic', 'iw_clip_max': 4.0, 'iw_prob_clip': 0.005525406961958206, 'iw_n_components': 40, 'iw_logistic_c': 1.3051568479337192, 'iw_pca_fit': 'combined', 'iw_solver': 'lbfgs', 'iw_rho': 0.5}. Best is trial 166 with value: 0.2024855283558166.
2026-06-01 14:30:06 | INFO | Trial 235 | outer=2 | alpha=4.047e+05 n_pcs=2500 (pc_topk) weight={'name': 'pc_logistic', 'floor': 1e-06, 'clip_max': 4.0, 'prob_clip': 0.004951248713732357, 'n_components': 40, 'logistic_c': 0.8146418443582577, 'pca_fit': 'combined', 'solver': 'lbfgs', 'max_iter': 2000, 'fit_intercept': True, 'standardize_with_source': True, 'rho': 0.5}
[I 2026-06-01 14:30:19,139] Trial 235 finished with value: 0.20029618999603943 and parameters: {'alpha': 404654.71344001015, 'n_pcs': 2500, 'iw_method': 'pc_logistic', 'iw_clip_max': 4.0, 'iw_prob_clip': 0.004951248713732357, 'iw_n_components': 40, 'iw_logistic_c': 0.8146418443582577, 'iw_pca_fit': 'combined', 'iw_solver': 'lbfgs', 'iw_rho': 0.5}. Best is trial 166 with value: 0.2024855283558166.
2026-06-01 14:30:19 | INFO | Trial 236 | outer=2 | alpha=2.592e+05 n_pcs=2500 (pc_topk) weight={'name': 'pc_logistic', 'floor': 1e-06, 'clip_max': 1.5, 'prob_clip': 0.0053300805352976, 'n_components': 10, 'logistic_c': 1.356680760935137, 'pca_fit': 'combined', 'solver': 'lbfgs', 'max_iter': 2000, 'fit_intercept': True, 'standardize_with_source': True, 'rho': 1.0}
[I 2026-06-01 14:30:29,002] Trial 236 finished with value: 0.19280702873817518 and parameters: {'alpha': 259243.34949044348, 'n_pcs': 2500, 'iw_method': 'pc_logistic', 'iw_clip_max': 1.5, 'iw_prob_clip': 0.0053300805352976, 'iw_n_components': 10, 'iw_logistic_c': 1.356680760935137, 'iw_pca_fit': 'combined', 'iw_solver': 'lbfgs', 'iw_rho': 1.0}. Best is trial 166 with value: 0.2024855283558166.
2026-06-01 14:30:29 | INFO | Trial 237 | outer=2 | alpha=2.389e+05 n_pcs=2500 (pc_topk) weight={'name': 'pc_logistic', 'floor': 1e-06, 'clip_max': 4.0, 'prob_clip': 0.005915374143984267, 'n_components': 40, 'logistic_c': 0.8359441920123147, 'pca_fit': 'combined', 'solver': 'lbfgs', 'max_iter': 2000, 'fit_intercept': True, 'standardize_with_source': True, 'rho': 0.5}
[I 2026-06-01 14:30:44,438] Trial 237 finished with value: 0.20202708930583685 and parameters: {'alpha': 238899.72213051448, 'n_pcs': 2500, 'iw_method': 'pc_logistic', 'iw_clip_max': 4.0, 'iw_prob_clip': 0.005915374143984267, 'iw_n_components': 40, 'iw_logistic_c': 0.8359441920123147, 'iw_pca_fit': 'combined', 'iw_solver': 'lbfgs', 'iw_rho': 0.5}. Best is trial 166 with value: 0.2024855283558166.
2026-06-01 14:30:44 | INFO | Trial 238 | outer=2 | alpha=2.442e+05 n_pcs=2500 (pc_topk) weight={'name': 'pc_logistic', 'floor': 1e-06, 'clip_max': 4.0, 'prob_clip': 0.004788918335617027, 'n_components': 40, 'logistic_c': 0.7273368191885273, 'pca_fit': 'combined', 'solver': 'lbfgs', 'max_iter': 2000, 'fit_intercept': True, 'standardize_with_source': True, 'rho': 0.5}
[I 2026-06-01 14:30:58,819] Trial 238 finished with value: 0.2017579912092836 and parameters: {'alpha': 244221.7433621776, 'n_pcs': 2500, 'iw_method': 'pc_logistic', 'iw_clip_max': 4.0, 'iw_prob_clip': 0.004788918335617027, 'iw_n_components': 40, 'iw_logistic_c': 0.7273368191885273, 'iw_pca_fit': 'combined', 'iw_solver': 'lbfgs', 'iw_rho': 0.5}. Best is trial 166 with value: 0.2024855283558166.
2026-06-01 14:30:58 | INFO | Trial 239 | outer=2 | alpha=3.322e+05 n_pcs=2500 (pc_topk) weight={'name': 'pc_logistic', 'floor': 1e-06, 'clip_max': 4.0, 'prob_clip': 0.00483950985682854, 'n_components': 40, 'logistic_c': 0.7184527001853083, 'pca_fit': 'combined', 'solver': 'lbfgs', 'max_iter': 2000, 'fit_intercept': True, 'standardize_with_source': True, 'rho': 0.5}
[I 2026-06-01 14:31:12,932] Trial 239 finished with value: 0.2010018735924451 and parameters: {'alpha': 332204.08467138314, 'n_pcs': 2500, 'iw_method': 'pc_logistic', 'iw_clip_max': 4.0, 'iw_prob_clip': 0.00483950985682854, 'iw_n_components': 40, 'iw_logistic_c': 0.7184527001853083, 'iw_pca_fit': 'combined', 'iw_solver': 'lbfgs', 'iw_rho': 0.5}. Best is trial 166 with value: 0.2024855283558166.
2026-06-01 14:31:12 | INFO | Trial 240 | outer=2 | alpha=2.467e+05 n_pcs=2500 (pc_topk) weight={'name': 'pc_logistic', 'floor': 1e-06, 'clip_max': 4.0, 'prob_clip': 0.004289594604907196, 'n_components': 40, 'logistic_c': 0.6549848289887431, 'pca_fit': 'combined', 'solver': 'lbfgs', 'max_iter': 2000, 'fit_intercept': True, 'standardize_with_source': True, 'rho': 0.5}
[I 2026-06-01 14:31:26,928] Trial 240 finished with value: 0.20159394646806236 and parameters: {'alpha': 246736.8439928056, 'n_pcs': 2500, 'iw_method': 'pc_logistic', 'iw_clip_max': 4.0, 'iw_prob_clip': 0.004289594604907196, 'iw_n_components': 40, 'iw_logistic_c': 0.6549848289887431, 'iw_pca_fit': 'combined', 'iw_solver': 'lbfgs', 'iw_rho': 0.5}. Best is trial 166 with value: 0.2024855283558166.
2026-06-01 14:31:26 | INFO | Trial 241 | outer=2 | alpha=2.880e+05 n_pcs=2500 (pc_topk) weight={'name': 'pc_logistic', 'floor': 1e-06, 'clip_max': 4.0, 'prob_clip': 0.00550102613098064, 'n_components': 40, 'logistic_c': 1.783004510159168, 'pca_fit': 'combined', 'solver': 'lbfgs', 'max_iter': 2000, 'fit_intercept': True, 'standardize_with_source': True, 'rho': 0.5}
[I 2026-06-01 14:31:39,975] Trial 241 finished with value: 0.2014634540298376 and parameters: {'alpha': 288029.0381333939, 'n_pcs': 2500, 'iw_method': 'pc_logistic', 'iw_clip_max': 4.0, 'iw_prob_clip': 0.00550102613098064, 'iw_n_components': 40, 'iw_logistic_c': 1.783004510159168, 'iw_pca_fit': 'combined', 'iw_solver': 'lbfgs', 'iw_rho': 0.5}. Best is trial 166 with value: 0.2024855283558166.
2026-06-01 14:31:39 | INFO | Trial 242 | outer=2 | alpha=2.545e+05 n_pcs=2500 (pc_topk) weight={'name': 'pc_logistic', 'floor': 1e-06, 'clip_max': 4.0, 'prob_clip': 0.006023960679578136, 'n_components': 40, 'logistic_c': 0.8542150524171533, 'pca_fit': 'combined', 'solver': 'lbfgs', 'max_iter': 2000, 'fit_intercept': True, 'standardize_with_source': True, 'rho': 0.5}
[I 2026-06-01 14:31:54,025] Trial 242 finished with value: 0.20190706089131288 and parameters: {'alpha': 254539.8134531627, 'n_pcs': 2500, 'iw_method': 'pc_logistic', 'iw_clip_max': 4.0, 'iw_prob_clip': 0.006023960679578136, 'iw_n_components': 40, 'iw_logistic_c': 0.8542150524171533, 'iw_pca_fit': 'combined', 'iw_solver': 'lbfgs', 'iw_rho': 0.5}. Best is trial 166 with value: 0.2024855283558166.
2026-06-01 14:31:54 | INFO | Trial 243 | outer=2 | alpha=2.376e+05 n_pcs=2500 (pc_topk) weight={'name': 'pc_logistic', 'floor': 1e-06, 'clip_max': 4.0, 'prob_clip': 0.0061843698073390865, 'n_components': 40, 'logistic_c': 0.8469433319773121, 'pca_fit': 'combined', 'solver': 'lbfgs', 'max_iter': 2000, 'fit_intercept': True, 'standardize_with_source': True, 'rho': 0.5}
[I 2026-06-01 14:32:09,290] Trial 243 finished with value: 0.20204247227023645 and parameters: {'alpha': 237609.98030721606, 'n_pcs': 2500, 'iw_method': 'pc_logistic', 'iw_clip_max': 4.0, 'iw_prob_clip': 0.0061843698073390865, 'iw_n_components': 40, 'iw_logistic_c': 0.8469433319773121, 'iw_pca_fit': 'combined', 'iw_solver': 'lbfgs', 'iw_rho': 0.5}. Best is trial 166 with value: 0.2024855283558166.
2026-06-01 14:32:09 | INFO | Trial 244 | outer=2 | alpha=2.387e+05 n_pcs=2500 (pc_topk) weight={'name': 'pc_logistic', 'floor': 1e-06, 'clip_max': 4.0, 'prob_clip': 0.00582640817996283, 'n_components': 40, 'logistic_c': 0.6809278077242352, 'pca_fit': 'combined', 'solver': 'lbfgs', 'max_iter': 2000, 'fit_intercept': True, 'standardize_with_source': True, 'rho': 0.5}
[I 2026-06-01 14:32:23,826] Trial 244 finished with value: 0.20205400618985325 and parameters: {'alpha': 238743.60389878255, 'n_pcs': 2500, 'iw_method': 'pc_logistic', 'iw_clip_max': 4.0, 'iw_prob_clip': 0.00582640817996283, 'iw_n_components': 40, 'iw_logistic_c': 0.6809278077242352, 'iw_pca_fit': 'combined', 'iw_solver': 'lbfgs', 'iw_rho': 0.5}. Best is trial 166 with value: 0.2024855283558166.
2026-06-01 14:32:23 | INFO | Trial 245 | outer=2 | alpha=4.059e+05 n_pcs=2500 (pc_topk) weight={'name': 'pc_logistic', 'floor': 1e-06, 'clip_max': 7.0, 'prob_clip': 0.00518188044183462, 'n_components': 40, 'logistic_c': 0.6583978179235398, 'pca_fit': 'combined', 'solver': 'lbfgs', 'max_iter': 2000, 'fit_intercept': True, 'standardize_with_source': True, 'rho': 0.5}
[I 2026-06-01 14:32:37,243] Trial 245 finished with value: 0.19556613483469093 and parameters: {'alpha': 405890.43231361784, 'n_pcs': 2500, 'iw_method': 'pc_logistic', 'iw_clip_max': 7.0, 'iw_prob_clip': 0.00518188044183462, 'iw_n_components': 40, 'iw_logistic_c': 0.6583978179235398, 'iw_pca_fit': 'combined', 'iw_solver': 'lbfgs', 'iw_rho': 0.5}. Best is trial 166 with value: 0.2024855283558166.
2026-06-01 14:32:37 | INFO | Trial 246 | outer=2 | alpha=3.340e+05 n_pcs=2500 (pc_topk) weight={'name': 'pc_logistic', 'floor': 1e-06, 'clip_max': 4.0, 'prob_clip': 0.0058267672825632055, 'n_components': 40, 'logistic_c': 0.5546169950872067, 'pca_fit': 'combined', 'solver': 'lbfgs', 'max_iter': 2000, 'fit_intercept': True, 'standardize_with_source': True, 'rho': 0.5}
[I 2026-06-01 14:32:52,100] Trial 246 finished with value: 0.20120082898081276 and parameters: {'alpha': 333969.67596395913, 'n_pcs': 2500, 'iw_method': 'pc_logistic', 'iw_clip_max': 4.0, 'iw_prob_clip': 0.0058267672825632055, 'iw_n_components': 40, 'iw_logistic_c': 0.5546169950872067, 'iw_pca_fit': 'combined', 'iw_solver': 'lbfgs', 'iw_rho': 0.5}. Best is trial 166 with value: 0.2024855283558166.
2026-06-01 14:32:52 | INFO | Trial 247 | outer=2 | alpha=2.549e+05 n_pcs=2500 (pc_topk) weight={'name': 'uniform'}
[I 2026-06-01 14:32:54,929] Trial 247 finished with value: 0.18446248663208728 and parameters: {'alpha': 254886.6590475298, 'n_pcs': 2500, 'iw_method': 'uniform'}. Best is trial 166 with value: 0.2024855283558166.
2026-06-01 14:32:54 | INFO | Trial 248 | outer=2 | alpha=2.353e+05 n_pcs=2500 (pc_topk) weight={'name': 'pc_logistic', 'floor': 1e-06, 'clip_max': 4.0, 'prob_clip': 0.004754416487987642, 'n_components': 40, 'logistic_c': 0.7755894607495623, 'pca_fit': 'combined', 'solver': 'lbfgs', 'max_iter': 2000, 'fit_intercept': True, 'standardize_with_source': True, 'rho': 0.5}
[I 2026-06-01 14:33:09,155] Trial 248 finished with value: 0.20176635214111643 and parameters: {'alpha': 235287.92561632796, 'n_pcs': 2500, 'iw_method': 'pc_logistic', 'iw_clip_max': 4.0, 'iw_prob_clip': 0.004754416487987642, 'iw_n_components': 40, 'iw_logistic_c': 0.7755894607495623, 'iw_pca_fit': 'combined', 'iw_solver': 'lbfgs', 'iw_rho': 0.5}. Best is trial 166 with value: 0.2024855283558166.
2026-06-01 14:33:09 | INFO | Trial 249 | outer=2 | alpha=2.935e+05 n_pcs=2500 (pc_topk) weight={'name': 'pc_logistic', 'floor': 1e-06, 'clip_max': 4.0, 'prob_clip': 0.004513536754180648, 'n_components': 40, 'logistic_c': 1.3768134530586498, 'pca_fit': 'combined', 'solver': 'lbfgs', 'max_iter': 2000, 'fit_intercept': True, 'standardize_with_source': True, 'rho': 0.3}
[I 2026-06-01 14:33:22,610] Trial 249 finished with value: 0.1992632008552569 and parameters: {'alpha': 293504.7325726576, 'n_pcs': 2500, 'iw_method': 'pc_logistic', 'iw_clip_max': 4.0, 'iw_prob_clip': 0.004513536754180648, 'iw_n_components': 40, 'iw_logistic_c': 1.3768134530586498, 'iw_pca_fit': 'combined', 'iw_solver': 'lbfgs', 'iw_rho': 0.3}. Best is trial 166 with value: 0.2024855283558166.
2026-06-01 14:33:22 | INFO | Trial 250 | outer=2 | alpha=2.444e+05 n_pcs=2500 (pc_topk) weight={'name': 'pc_logistic', 'floor': 1e-06, 'clip_max': 4.0, 'prob_clip': 0.004815560820236195, 'n_components': 40, 'logistic_c': 0.8307726792245431, 'pca_fit': 'combined', 'solver': 'lbfgs', 'max_iter': 2000, 'fit_intercept': True, 'standardize_with_source': True, 'rho': 0.5}
[I 2026-06-01 14:33:37,426] Trial 250 finished with value: 0.2017200672377463 and parameters: {'alpha': 244434.73564206166, 'n_pcs': 2500, 'iw_method': 'pc_logistic', 'iw_clip_max': 4.0, 'iw_prob_clip': 0.004815560820236195, 'iw_n_components': 40, 'iw_logistic_c': 0.8307726792245431, 'iw_pca_fit': 'combined', 'iw_solver': 'lbfgs', 'iw_rho': 0.5}. Best is trial 166 with value: 0.2024855283558166.
2026-06-01 14:33:37 | INFO | Trial 251 | outer=2 | alpha=2.520e+05 n_pcs=2500 (pc_topk) weight={'name': 'pc_logistic', 'floor': 1e-06, 'clip_max': 4.0, 'prob_clip': 0.005030123561987076, 'n_components': 40, 'logistic_c': 0.7508882086139257, 'pca_fit': 'combined', 'solver': 'lbfgs', 'max_iter': 2000, 'fit_intercept': True, 'standardize_with_source': True, 'rho': 0.5}
[I 2026-06-01 14:33:50,295] Trial 251 finished with value: 0.20174210975566803 and parameters: {'alpha': 251999.16131464057, 'n_pcs': 2500, 'iw_method': 'pc_logistic', 'iw_clip_max': 4.0, 'iw_prob_clip': 0.005030123561987076, 'iw_n_components': 40, 'iw_logistic_c': 0.7508882086139257, 'iw_pca_fit': 'combined', 'iw_solver': 'lbfgs', 'iw_rho': 0.5}. Best is trial 166 with value: 0.2024855283558166.
2026-06-01 14:33:50 | INFO | Trial 252 | outer=2 | alpha=3.759e+05 n_pcs=2500 (pc_topk) weight={'name': 'pc_logistic', 'floor': 1e-06, 'clip_max': 12.0, 'prob_clip': 0.0046525379191170455, 'n_components': 40, 'logistic_c': 0.6904520159568659, 'pca_fit': 'combined', 'solver': 'lbfgs', 'max_iter': 2000, 'fit_intercept': True, 'standardize_with_source': True, 'rho': 0.5}
[I 2026-06-01 14:34:02,909] Trial 252 finished with value: 0.18651865141674148 and parameters: {'alpha': 375882.9661314889, 'n_pcs': 2500, 'iw_method': 'pc_logistic', 'iw_clip_max': 12.0, 'iw_prob_clip': 0.0046525379191170455, 'iw_n_components': 40, 'iw_logistic_c': 0.6904520159568659, 'iw_pca_fit': 'combined', 'iw_solver': 'lbfgs', 'iw_rho': 0.5}. Best is trial 166 with value: 0.2024855283558166.
2026-06-01 14:34:02 | INFO | Trial 253 | outer=2 | alpha=2.448e+05 n_pcs=2500 (pc_topk) weight={'name': 'pc_logistic', 'floor': 1e-06, 'clip_max': 4.0, 'prob_clip': 0.005008232723478934, 'n_components': 100, 'logistic_c': 1.6306674572784816, 'pca_fit': 'combined', 'solver': 'lbfgs', 'max_iter': 2000, 'fit_intercept': True, 'standardize_with_source': True, 'rho': 0.5}
[I 2026-06-01 14:34:22,755] Trial 253 finished with value: 0.1953291431520397 and parameters: {'alpha': 244810.50331010416, 'n_pcs': 2500, 'iw_method': 'pc_logistic', 'iw_clip_max': 4.0, 'iw_prob_clip': 0.005008232723478934, 'iw_n_components': 100, 'iw_logistic_c': 1.6306674572784816, 'iw_pca_fit': 'combined', 'iw_solver': 'lbfgs', 'iw_rho': 0.5}. Best is trial 166 with value: 0.2024855283558166.
2026-06-01 14:34:22 | INFO | Trial 254 | outer=2 | alpha=3.212e+05 n_pcs=2500 (pc_topk) weight={'name': 'pc_logistic', 'floor': 1e-06, 'clip_max': 4.0, 'prob_clip': 0.0041358272158694715, 'n_components': 40, 'logistic_c': 0.6360409570996837, 'pca_fit': 'combined', 'solver': 'lbfgs', 'max_iter': 2000, 'fit_intercept': True, 'standardize_with_source': True, 'rho': 0.5}
[I 2026-06-01 14:34:35,525] Trial 254 finished with value: 0.20092478921587031 and parameters: {'alpha': 321225.34977613756, 'n_pcs': 2500, 'iw_method': 'pc_logistic', 'iw_clip_max': 4.0, 'iw_prob_clip': 0.0041358272158694715, 'iw_n_components': 40, 'iw_logistic_c': 0.6360409570996837, 'iw_pca_fit': 'combined', 'iw_solver': 'lbfgs', 'iw_rho': 0.5}. Best is trial 166 with value: 0.2024855283558166.
2026-06-01 14:34:35 | INFO | Trial 255 | outer=2 | alpha=2.443e+05 n_pcs=2500 (pc_topk) weight={'name': 'pc_logistic', 'floor': 1e-06, 'clip_max': 4.0, 'prob_clip': 0.005455715451566809, 'n_components': 40, 'logistic_c': 0.7987574371609852, 'pca_fit': 'combined', 'solver': 'lbfgs', 'max_iter': 2000, 'fit_intercept': True, 'standardize_with_source': True, 'rho': 0.5}
[I 2026-06-01 14:34:48,906] Trial 255 finished with value: 0.20191209965446028 and parameters: {'alpha': 244286.92361147897, 'n_pcs': 2500, 'iw_method': 'pc_logistic', 'iw_clip_max': 4.0, 'iw_prob_clip': 0.005455715451566809, 'iw_n_components': 40, 'iw_logistic_c': 0.7987574371609852, 'iw_pca_fit': 'combined', 'iw_solver': 'lbfgs', 'iw_rho': 0.5}. Best is trial 166 with value: 0.2024855283558166.
2026-06-01 14:34:48 | INFO | Trial 256 | outer=2 | alpha=2.774e+05 n_pcs=2500 (pc_topk) weight={'name': 'pc_logistic', 'floor': 1e-06, 'clip_max': 4.0, 'prob_clip': 0.005304686029066144, 'n_components': 40, 'logistic_c': 1.3559786461020245, 'pca_fit': 'combined', 'solver': 'lbfgs', 'max_iter': 2000, 'fit_intercept': True, 'standardize_with_source': True, 'rho': 0.5}
[I 2026-06-01 14:35:02,400] Trial 256 finished with value: 0.20158176583769932 and parameters: {'alpha': 277397.42124824243, 'n_pcs': 2500, 'iw_method': 'pc_logistic', 'iw_clip_max': 4.0, 'iw_prob_clip': 0.005304686029066144, 'iw_n_components': 40, 'iw_logistic_c': 1.3559786461020245, 'iw_pca_fit': 'combined', 'iw_solver': 'lbfgs', 'iw_rho': 0.5}. Best is trial 166 with value: 0.2024855283558166.
2026-06-01 14:35:02 | INFO | Trial 257 | outer=2 | alpha=2.442e+05 n_pcs=2500 (pc_topk) weight={'name': 'pc_logistic', 'floor': 1e-06, 'clip_max': 4.0, 'prob_clip': 0.004712494301730206, 'n_components': 80, 'logistic_c': 0.00010418484590797862, 'pca_fit': 'combined', 'solver': 'lbfgs', 'max_iter': 2000, 'fit_intercept': True, 'standardize_with_source': True, 'rho': 0.5}
[I 2026-06-01 14:35:10,822] Trial 257 finished with value: 0.19617813404490372 and parameters: {'alpha': 244245.11144608338, 'n_pcs': 2500, 'iw_method': 'pc_logistic', 'iw_clip_max': 4.0, 'iw_prob_clip': 0.004712494301730206, 'iw_n_components': 80, 'iw_logistic_c': 0.00010418484590797862, 'iw_pca_fit': 'combined', 'iw_solver': 'lbfgs', 'iw_rho': 0.5}. Best is trial 166 with value: 0.2024855283558166.
2026-06-01 14:35:10 | INFO | Trial 258 | outer=2 | alpha=3.059e+05 n_pcs=2500 (pc_topk) weight={'name': 'pc_logistic', 'floor': 1e-06, 'clip_max': 4.0, 'prob_clip': 0.005492151457456979, 'n_components': 40, 'logistic_c': 2.130570569418047, 'pca_fit': 'combined', 'solver': 'lbfgs', 'max_iter': 2000, 'fit_intercept': True, 'standardize_with_source': True, 'rho': 0.5}
[I 2026-06-01 14:35:24,986] Trial 258 finished with value: 0.201285062089275 and parameters: {'alpha': 305919.8581252883, 'n_pcs': 2500, 'iw_method': 'pc_logistic', 'iw_clip_max': 4.0, 'iw_prob_clip': 0.005492151457456979, 'iw_n_components': 40, 'iw_logistic_c': 2.130570569418047, 'iw_pca_fit': 'combined', 'iw_solver': 'lbfgs', 'iw_rho': 0.5}. Best is trial 166 with value: 0.2024855283558166.
2026-06-01 14:35:25 | INFO | Trial 259 | outer=2 | alpha=2.323e+05 n_pcs=2500 (pc_topk) weight={'name': 'pc_logistic', 'floor': 1e-06, 'clip_max': 4.0, 'prob_clip': 0.004322619279889661, 'n_components': 40, 'logistic_c': 0.8194851888277771, 'pca_fit': 'combined', 'solver': 'lbfgs', 'max_iter': 2000, 'fit_intercept': True, 'standardize_with_source': True, 'rho': 0.5}
[I 2026-06-01 14:35:38,866] Trial 259 finished with value: 0.201668281579468 and parameters: {'alpha': 232318.07166617026, 'n_pcs': 2500, 'iw_method': 'pc_logistic', 'iw_clip_max': 4.0, 'iw_prob_clip': 0.004322619279889661, 'iw_n_components': 40, 'iw_logistic_c': 0.8194851888277771, 'iw_pca_fit': 'combined', 'iw_solver': 'lbfgs', 'iw_rho': 0.5}. Best is trial 166 with value: 0.2024855283558166.
2026-06-01 14:35:38 | INFO | Trial 260 | outer=2 | alpha=2.468e+05 n_pcs=2500 (pc_topk) weight={'name': 'pc_logistic', 'floor': 1e-06, 'clip_max': 4.0, 'prob_clip': 0.0049762812732953784, 'n_components': 40, 'logistic_c': 0.6116277221031371, 'pca_fit': 'combined', 'solver': 'lbfgs', 'max_iter': 2000, 'fit_intercept': True, 'standardize_with_source': True, 'rho': 0.7}
[I 2026-06-01 14:35:53,030] Trial 260 finished with value: 0.1998039862613774 and parameters: {'alpha': 246811.7567319872, 'n_pcs': 2500, 'iw_method': 'pc_logistic', 'iw_clip_max': 4.0, 'iw_prob_clip': 0.0049762812732953784, 'iw_n_components': 40, 'iw_logistic_c': 0.6116277221031371, 'iw_pca_fit': 'combined', 'iw_solver': 'lbfgs', 'iw_rho': 0.7}. Best is trial 166 with value: 0.2024855283558166.
2026-06-01 14:35:53 | INFO | Trial 261 | outer=2 | alpha=4.629e+05 n_pcs=2500 (pc_topk) weight={'name': 'pc_logistic', 'floor': 1e-06, 'clip_max': 4.0, 'prob_clip': 0.0055151563979810745, 'n_components': 40, 'logistic_c': 3.934554153437366e-05, 'pca_fit': 'combined', 'solver': 'lbfgs', 'max_iter': 2000, 'fit_intercept': True, 'standardize_with_source': True, 'rho': 0.85}
[I 2026-06-01 14:36:00,356] Trial 261 finished with value: 0.19321658094295888 and parameters: {'alpha': 462935.67164232157, 'n_pcs': 2500, 'iw_method': 'pc_logistic', 'iw_clip_max': 4.0, 'iw_prob_clip': 0.0055151563979810745, 'iw_n_components': 40, 'iw_logistic_c': 3.934554153437366e-05, 'iw_pca_fit': 'combined', 'iw_solver': 'lbfgs', 'iw_rho': 0.85}. Best is trial 166 with value: 0.2024855283558166.
2026-06-01 14:36:00 | INFO | Trial 262 | outer=2 | alpha=3.593e+05 n_pcs=2500 (pc_topk) weight={'name': 'pc_logistic', 'floor': 1e-06, 'clip_max': 4.0, 'prob_clip': 0.005909637429747309, 'n_components': 20, 'logistic_c': 0.9321225332707758, 'pca_fit': 'combined', 'solver': 'lbfgs', 'max_iter': 2000, 'fit_intercept': True, 'standardize_with_source': True, 'rho': 0.5}
[I 2026-06-01 14:36:11,807] Trial 262 finished with value: 0.19942830727496436 and parameters: {'alpha': 359320.97882702184, 'n_pcs': 2500, 'iw_method': 'pc_logistic', 'iw_clip_max': 4.0, 'iw_prob_clip': 0.005909637429747309, 'iw_n_components': 20, 'iw_logistic_c': 0.9321225332707758, 'iw_pca_fit': 'combined', 'iw_solver': 'lbfgs', 'iw_rho': 0.5}. Best is trial 166 with value: 0.2024855283558166.
2026-06-01 14:36:11 | INFO | Trial 263 | outer=2 | alpha=3.000e+05 n_pcs=2500 (pc_topk) weight={'name': 'pc_logistic', 'floor': 1e-06, 'clip_max': 4.0, 'prob_clip': 0.004642191472411724, 'n_components': 40, 'logistic_c': 1.340383885799228, 'pca_fit': 'combined', 'solver': 'lbfgs', 'max_iter': 2000, 'fit_intercept': True, 'standardize_with_source': True, 'rho': 0.5}
[I 2026-06-01 14:36:25,925] Trial 263 finished with value: 0.20120427802674032 and parameters: {'alpha': 299969.70751401276, 'n_pcs': 2500, 'iw_method': 'pc_logistic', 'iw_clip_max': 4.0, 'iw_prob_clip': 0.004642191472411724, 'iw_n_components': 40, 'iw_logistic_c': 1.340383885799228, 'iw_pca_fit': 'combined', 'iw_solver': 'lbfgs', 'iw_rho': 0.5}. Best is trial 166 with value: 0.2024855283558166.
2026-06-01 14:36:25 | INFO | Trial 264 | outer=2 | alpha=2.635e+05 n_pcs=2500 (pc_topk) weight={'name': 'pc_logistic', 'floor': 1e-06, 'clip_max': 4.0, 'prob_clip': 0.005135588974870856, 'n_components': 40, 'logistic_c': 0.5415871540389461, 'pca_fit': 'combined', 'solver': 'lbfgs', 'max_iter': 2000, 'fit_intercept': True, 'standardize_with_source': True, 'rho': 0.5}
[I 2026-06-01 14:36:39,401] Trial 264 finished with value: 0.20171401750421242 and parameters: {'alpha': 263451.596048028, 'n_pcs': 2500, 'iw_method': 'pc_logistic', 'iw_clip_max': 4.0, 'iw_prob_clip': 0.005135588974870856, 'iw_n_components': 40, 'iw_logistic_c': 0.5415871540389461, 'iw_pca_fit': 'combined', 'iw_solver': 'lbfgs', 'iw_rho': 0.5}. Best is trial 166 with value: 0.2024855283558166.
2026-06-01 14:36:39 | INFO | Trial 265 | outer=2 | alpha=2.466e+05 n_pcs=2500 (pc_topk) weight={'name': 'pc_logistic', 'floor': 1e-06, 'clip_max': 4.0, 'prob_clip': 0.00509159442778642, 'n_components': 60, 'logistic_c': 0.5619121829789417, 'pca_fit': 'combined', 'solver': 'lbfgs', 'max_iter': 2000, 'fit_intercept': True, 'standardize_with_source': True, 'rho': 0.5}
[I 2026-06-01 14:36:54,154] Trial 265 finished with value: 0.19767157198903915 and parameters: {'alpha': 246592.97579068164, 'n_pcs': 2500, 'iw_method': 'pc_logistic', 'iw_clip_max': 4.0, 'iw_prob_clip': 0.00509159442778642, 'iw_n_components': 60, 'iw_logistic_c': 0.5619121829789417, 'iw_pca_fit': 'combined', 'iw_solver': 'lbfgs', 'iw_rho': 0.5}. Best is trial 166 with value: 0.2024855283558166.
2026-06-01 14:36:54 | INFO | Trial 266 | outer=2 | alpha=3.572e+05 n_pcs=2500 (pc_topk) weight={'name': 'pc_logistic', 'floor': 1e-06, 'clip_max': 4.0, 'prob_clip': 0.005857382493711801, 'n_components': 40, 'logistic_c': 0.8452626443700175, 'pca_fit': 'combined', 'solver': 'lbfgs', 'max_iter': 2000, 'fit_intercept': True, 'standardize_with_source': True, 'rho': 0.5}
[I 2026-06-01 14:37:07,023] Trial 266 finished with value: 0.20090752791428085 and parameters: {'alpha': 357171.5677517094, 'n_pcs': 2500, 'iw_method': 'pc_logistic', 'iw_clip_max': 4.0, 'iw_prob_clip': 0.005857382493711801, 'iw_n_components': 40, 'iw_logistic_c': 0.8452626443700175, 'iw_pca_fit': 'combined', 'iw_solver': 'lbfgs', 'iw_rho': 0.5}. Best is trial 166 with value: 0.2024855283558166.
2026-06-01 14:37:07 | INFO | Trial 267 | outer=2 | alpha=2.423e+05 n_pcs=2500 (pc_topk) weight={'name': 'pc_logistic', 'floor': 1e-06, 'clip_max': 4.0, 'prob_clip': 0.005298937980934963, 'n_components': 40, 'logistic_c': 1.274198855080355, 'pca_fit': 'combined', 'solver': 'lbfgs', 'max_iter': 2000, 'fit_intercept': True, 'standardize_with_source': True, 'rho': 0.5}
[I 2026-06-01 14:37:20,349] Trial 267 finished with value: 0.20186628631810616 and parameters: {'alpha': 242296.87997154708, 'n_pcs': 2500, 'iw_method': 'pc_logistic', 'iw_clip_max': 4.0, 'iw_prob_clip': 0.005298937980934963, 'iw_n_components': 40, 'iw_logistic_c': 1.274198855080355, 'iw_pca_fit': 'combined', 'iw_solver': 'lbfgs', 'iw_rho': 0.5}. Best is trial 166 with value: 0.2024855283558166.
2026-06-01 14:37:20 | INFO | Trial 268 | outer=2 | alpha=2.245e+05 n_pcs=2500 (pc_topk) weight={'name': 'uniform'}
[I 2026-06-01 14:37:23,186] Trial 268 finished with value: 0.18517244034009486 and parameters: {'alpha': 224545.80873755238, 'n_pcs': 2500, 'iw_method': 'uniform'}. Best is trial 166 with value: 0.2024855283558166.
2026-06-01 14:37:23 | INFO | Trial 269 | outer=2 | alpha=2.775e+05 n_pcs=2500 (pc_topk) weight={'name': 'pc_logistic', 'floor': 1e-06, 'clip_max': 4.0, 'prob_clip': 0.004354242934966182, 'n_components': 40, 'logistic_c': 2.0824616365551063, 'pca_fit': 'combined', 'solver': 'lbfgs', 'max_iter': 2000, 'fit_intercept': True, 'standardize_with_source': True, 'rho': 0.5}
[I 2026-06-01 14:37:36,956] Trial 269 finished with value: 0.20124423767871374 and parameters: {'alpha': 277514.92363474326, 'n_pcs': 2500, 'iw_method': 'pc_logistic', 'iw_clip_max': 4.0, 'iw_prob_clip': 0.004354242934966182, 'iw_n_components': 40, 'iw_logistic_c': 2.0824616365551063, 'iw_pca_fit': 'combined', 'iw_solver': 'lbfgs', 'iw_rho': 0.5}. Best is trial 166 with value: 0.2024855283558166.
2026-06-01 14:37:36 | INFO | Trial 270 | outer=2 | alpha=3.191e+05 n_pcs=2500 (pc_topk) weight={'name': 'pc_logistic', 'floor': 1e-06, 'clip_max': 1.5, 'prob_clip': 0.0055848505014568775, 'n_components': 40, 'logistic_c': 1.2937974833329289, 'pca_fit': 'combined', 'solver': 'lbfgs', 'max_iter': 2000, 'fit_intercept': True, 'standardize_with_source': True, 'rho': 1.0}
[I 2026-06-01 14:37:49,986] Trial 270 finished with value: 0.19405031717392204 and parameters: {'alpha': 319074.0674205159, 'n_pcs': 2500, 'iw_method': 'pc_logistic', 'iw_clip_max': 1.5, 'iw_prob_clip': 0.0055848505014568775, 'iw_n_components': 40, 'iw_logistic_c': 1.2937974833329289, 'iw_pca_fit': 'combined', 'iw_solver': 'lbfgs', 'iw_rho': 1.0}. Best is trial 166 with value: 0.2024855283558166.
2026-06-01 14:37:50 | INFO | Trial 271 | outer=2 | alpha=2.184e+05 n_pcs=2500 (pc_topk) weight={'name': 'pc_logistic', 'floor': 1e-06, 'clip_max': 4.0, 'prob_clip': 0.004846556667838271, 'n_components': 40, 'logistic_c': 0.9235418445539119, 'pca_fit': 'combined', 'solver': 'lbfgs', 'max_iter': 2000, 'fit_intercept': True, 'standardize_with_source': True, 'rho': 0.5}
[I 2026-06-01 14:38:03,464] Trial 271 finished with value: 0.20191428421240104 and parameters: {'alpha': 218419.29730600424, 'n_pcs': 2500, 'iw_method': 'pc_logistic', 'iw_clip_max': 4.0, 'iw_prob_clip': 0.004846556667838271, 'iw_n_components': 40, 'iw_logistic_c': 0.9235418445539119, 'iw_pca_fit': 'combined', 'iw_solver': 'lbfgs', 'iw_rho': 0.5}. Best is trial 166 with value: 0.2024855283558166.
2026-06-01 14:38:03 | INFO | Trial 272 | outer=2 | alpha=4.125e+05 n_pcs=2500 (pc_topk) weight={'name': 'pc_logistic', 'floor': 1e-06, 'clip_max': 4.0, 'prob_clip': 0.006020127032326252, 'n_components': 10, 'logistic_c': 1.5994796054025733, 'pca_fit': 'combined', 'solver': 'lbfgs', 'max_iter': 2000, 'fit_intercept': True, 'standardize_with_source': True, 'rho': 0.5}
[I 2026-06-01 14:38:13,149] Trial 272 finished with value: 0.19043823768762555 and parameters: {'alpha': 412499.73641993286, 'n_pcs': 2500, 'iw_method': 'pc_logistic', 'iw_clip_max': 4.0, 'iw_prob_clip': 0.006020127032326252, 'iw_n_components': 10, 'iw_logistic_c': 1.5994796054025733, 'iw_pca_fit': 'combined', 'iw_solver': 'lbfgs', 'iw_rho': 0.5}. Best is trial 166 with value: 0.2024855283558166.
2026-06-01 14:38:13 | INFO | Trial 273 | outer=2 | alpha=2.212e+05 n_pcs=2500 (pc_topk) weight={'name': 'pc_logistic', 'floor': 1e-06, 'clip_max': 4.0, 'prob_clip': 0.0053813711527282765, 'n_components': 40, 'logistic_c': 1.1538416989397386, 'pca_fit': 'combined', 'solver': 'lbfgs', 'max_iter': 2000, 'fit_intercept': True, 'standardize_with_source': True, 'rho': 0.5}
[I 2026-06-01 14:38:27,297] Trial 273 finished with value: 0.20201383467370446 and parameters: {'alpha': 221174.04501047535, 'n_pcs': 2500, 'iw_method': 'pc_logistic', 'iw_clip_max': 4.0, 'iw_prob_clip': 0.0053813711527282765, 'iw_n_components': 40, 'iw_logistic_c': 1.1538416989397386, 'iw_pca_fit': 'combined', 'iw_solver': 'lbfgs', 'iw_rho': 0.5}. Best is trial 166 with value: 0.2024855283558166.
2026-06-01 14:38:27 | INFO | Trial 274 | outer=2 | alpha=2.247e+05 n_pcs=2500 (pc_topk) weight={'name': 'pc_logistic', 'floor': 1e-06, 'clip_max': 7.0, 'prob_clip': 0.0041025618837424145, 'n_components': 40, 'logistic_c': 2.381329690294791, 'pca_fit': 'combined', 'solver': 'lbfgs', 'max_iter': 2000, 'fit_intercept': True, 'standardize_with_source': True, 'rho': 0.5}
[I 2026-06-01 14:38:39,683] Trial 274 finished with value: 0.19687006121552272 and parameters: {'alpha': 224736.99517681723, 'n_pcs': 2500, 'iw_method': 'pc_logistic', 'iw_clip_max': 7.0, 'iw_prob_clip': 0.0041025618837424145, 'iw_n_components': 40, 'iw_logistic_c': 2.381329690294791, 'iw_pca_fit': 'combined', 'iw_solver': 'lbfgs', 'iw_rho': 0.5}. Best is trial 166 with value: 0.2024855283558166.
2026-06-01 14:38:39 | INFO | Trial 275 | outer=2 | alpha=2.175e+05 n_pcs=2500 (pc_topk) weight={'name': 'pc_logistic', 'floor': 1e-06, 'clip_max': 4.0, 'prob_clip': 0.004931478931564025, 'n_components': 40, 'logistic_c': 1.2518280371088566, 'pca_fit': 'combined', 'solver': 'lbfgs', 'max_iter': 2000, 'fit_intercept': True, 'standardize_with_source': True, 'rho': 0.5}
[I 2026-06-01 14:38:52,659] Trial 275 finished with value: 0.20193090215224005 and parameters: {'alpha': 217484.1354480149, 'n_pcs': 2500, 'iw_method': 'pc_logistic', 'iw_clip_max': 4.0, 'iw_prob_clip': 0.004931478931564025, 'iw_n_components': 40, 'iw_logistic_c': 1.2518280371088566, 'iw_pca_fit': 'combined', 'iw_solver': 'lbfgs', 'iw_rho': 0.5}. Best is trial 166 with value: 0.2024855283558166.
2026-06-01 14:38:52 | INFO | Trial 276 | outer=2 | alpha=2.162e+05 n_pcs=2500 (pc_topk) weight={'name': 'pc_logistic', 'floor': 1e-06, 'clip_max': 4.0, 'prob_clip': 0.004630785395831289, 'n_components': 40, 'logistic_c': 1.3594697641894553, 'pca_fit': 'combined', 'solver': 'lbfgs', 'max_iter': 2000, 'fit_intercept': True, 'standardize_with_source': True, 'rho': 0.5}
[I 2026-06-01 14:39:04,990] Trial 276 finished with value: 0.20185248993992647 and parameters: {'alpha': 216151.58473396345, 'n_pcs': 2500, 'iw_method': 'pc_logistic', 'iw_clip_max': 4.0, 'iw_prob_clip': 0.004630785395831289, 'iw_n_components': 40, 'iw_logistic_c': 1.3594697641894553, 'iw_pca_fit': 'combined', 'iw_solver': 'lbfgs', 'iw_rho': 0.5}. Best is trial 166 with value: 0.2024855283558166.
2026-06-01 14:39:05 | INFO | Trial 277 | outer=2 | alpha=2.063e+05 n_pcs=2500 (pc_topk) weight={'name': 'pc_logistic', 'floor': 1e-06, 'clip_max': 4.0, 'prob_clip': 0.005904682823912772, 'n_components': 40, 'logistic_c': 1.6665484449423433, 'pca_fit': 'combined', 'solver': 'lbfgs', 'max_iter': 2000, 'fit_intercept': True, 'standardize_with_source': True, 'rho': 0.3}
[I 2026-06-01 14:39:17,662] Trial 277 finished with value: 0.20020798835310988 and parameters: {'alpha': 206268.59904599166, 'n_pcs': 2500, 'iw_method': 'pc_logistic', 'iw_clip_max': 4.0, 'iw_prob_clip': 0.005904682823912772, 'iw_n_components': 40, 'iw_logistic_c': 1.6665484449423433, 'iw_pca_fit': 'combined', 'iw_solver': 'lbfgs', 'iw_rho': 0.3}. Best is trial 166 with value: 0.2024855283558166.
2026-06-01 14:39:17 | INFO | Trial 278 | outer=2 | alpha=1.726e+05 n_pcs=2500 (pc_topk) weight={'name': 'pc_logistic', 'floor': 1e-06, 'clip_max': 4.0, 'prob_clip': 0.005236192855249767, 'n_components': 40, 'logistic_c': 2.404487072726934, 'pca_fit': 'combined', 'solver': 'lbfgs', 'max_iter': 2000, 'fit_intercept': True, 'standardize_with_source': True, 'rho': 0.5}
[I 2026-06-01 14:39:30,335] Trial 278 finished with value: 0.20223351527835481 and parameters: {'alpha': 172596.1629587935, 'n_pcs': 2500, 'iw_method': 'pc_logistic', 'iw_clip_max': 4.0, 'iw_prob_clip': 0.005236192855249767, 'iw_n_components': 40, 'iw_logistic_c': 2.404487072726934, 'iw_pca_fit': 'combined', 'iw_solver': 'lbfgs', 'iw_rho': 0.5}. Best is trial 166 with value: 0.2024855283558166.
2026-06-01 14:39:30 | INFO | Trial 279 | outer=2 | alpha=1.489e+05 n_pcs=2500 (pc_topk) weight={'name': 'pc_logistic', 'floor': 1e-06, 'clip_max': 12.0, 'prob_clip': 0.004501234218573544, 'n_components': 40, 'logistic_c': 2.6202492039511185, 'pca_fit': 'combined', 'solver': 'lbfgs', 'max_iter': 2000, 'fit_intercept': True, 'standardize_with_source': True, 'rho': 0.5}
[I 2026-06-01 14:39:43,916] Trial 279 finished with value: 0.18822152596337646 and parameters: {'alpha': 148948.90826225278, 'n_pcs': 2500, 'iw_method': 'pc_logistic', 'iw_clip_max': 12.0, 'iw_prob_clip': 0.004501234218573544, 'iw_n_components': 40, 'iw_logistic_c': 2.6202492039511185, 'iw_pca_fit': 'combined', 'iw_solver': 'lbfgs', 'iw_rho': 0.5}. Best is trial 166 with value: 0.2024855283558166.
2026-06-01 14:39:43 | INFO | Trial 280 | outer=2 | alpha=1.587e+05 n_pcs=2500 (pc_topk) weight={'name': 'pc_logistic', 'floor': 1e-06, 'clip_max': 4.0, 'prob_clip': 0.0060425568773976365, 'n_components': 40, 'logistic_c': 1.906299947825726, 'pca_fit': 'combined', 'solver': 'lbfgs', 'max_iter': 2000, 'fit_intercept': True, 'standardize_with_source': True, 'rho': 0.5}
[I 2026-06-01 14:39:58,017] Trial 280 finished with value: 0.20236938869240673 and parameters: {'alpha': 158705.70362127156, 'n_pcs': 2500, 'iw_method': 'pc_logistic', 'iw_clip_max': 4.0, 'iw_prob_clip': 0.0060425568773976365, 'iw_n_components': 40, 'iw_logistic_c': 1.906299947825726, 'iw_pca_fit': 'combined', 'iw_solver': 'lbfgs', 'iw_rho': 0.5}. Best is trial 166 with value: 0.2024855283558166.
2026-06-01 14:39:58 | INFO | Trial 281 | outer=2 | alpha=1.566e+05 n_pcs=3000 (pc_topk) weight={'name': 'pc_logistic', 'floor': 1e-06, 'clip_max': 4.0, 'prob_clip': 0.006037236826567847, 'n_components': 40, 'logistic_c': 2.0761269986615214, 'pca_fit': 'combined', 'solver': 'lbfgs', 'max_iter': 2000, 'fit_intercept': True, 'standardize_with_source': True, 'rho': 0.5}
[I 2026-06-01 14:40:12,712] Trial 281 finished with value: 0.19944541387783704 and parameters: {'alpha': 156645.00999928973, 'n_pcs': 3000, 'iw_method': 'pc_logistic', 'iw_clip_max': 4.0, 'iw_prob_clip': 0.006037236826567847, 'iw_n_components': 40, 'iw_logistic_c': 2.0761269986615214, 'iw_pca_fit': 'combined', 'iw_solver': 'lbfgs', 'iw_rho': 0.5}. Best is trial 166 with value: 0.2024855283558166.
2026-06-01 14:40:12 | INFO | Trial 282 | outer=2 | alpha=1.560e+05 n_pcs=2500 (pc_topk) weight={'name': 'pc_logistic', 'floor': 1e-06, 'clip_max': 4.0, 'prob_clip': 0.006231692559415163, 'n_components': 40, 'logistic_c': 1.454551025578879, 'pca_fit': 'combined', 'solver': 'lbfgs', 'max_iter': 2000, 'fit_intercept': True, 'standardize_with_source': True, 'rho': 0.5}
[I 2026-06-01 14:40:27,322] Trial 282 finished with value: 0.2023916200793891 and parameters: {'alpha': 155972.43636012886, 'n_pcs': 2500, 'iw_method': 'pc_logistic', 'iw_clip_max': 4.0, 'iw_prob_clip': 0.006231692559415163, 'iw_n_components': 40, 'iw_logistic_c': 1.454551025578879, 'iw_pca_fit': 'combined', 'iw_solver': 'lbfgs', 'iw_rho': 0.5}. Best is trial 166 with value: 0.2024855283558166.
2026-06-01 14:40:27 | INFO | Trial 283 | outer=2 | alpha=1.446e+05 n_pcs=2500 (pc_topk) weight={'name': 'pc_logistic', 'floor': 1e-06, 'clip_max': 4.0, 'prob_clip': 0.00618894884766891, 'n_components': 40, 'logistic_c': 2.233364799675579, 'pca_fit': 'combined', 'solver': 'lbfgs', 'max_iter': 2000, 'fit_intercept': True, 'standardize_with_source': True, 'rho': 0.5}
[I 2026-06-01 14:40:39,854] Trial 283 finished with value: 0.20245227340413297 and parameters: {'alpha': 144603.80151919578, 'n_pcs': 2500, 'iw_method': 'pc_logistic', 'iw_clip_max': 4.0, 'iw_prob_clip': 0.00618894884766891, 'iw_n_components': 40, 'iw_logistic_c': 2.233364799675579, 'iw_pca_fit': 'combined', 'iw_solver': 'lbfgs', 'iw_rho': 0.5}. Best is trial 166 with value: 0.2024855283558166.
2026-06-01 14:40:39 | INFO | Trial 284 | outer=2 | alpha=1.283e+05 n_pcs=2500 (pc_topk) weight={'name': 'pc_logistic', 'floor': 1e-06, 'clip_max': 4.0, 'prob_clip': 0.006217851224306391, 'n_components': 100, 'logistic_c': 2.4601093624136436, 'pca_fit': 'combined', 'solver': 'lbfgs', 'max_iter': 2000, 'fit_intercept': True, 'standardize_with_source': True, 'rho': 0.5}
[I 2026-06-01 14:40:59,969] Trial 284 finished with value: 0.19485676716582773 and parameters: {'alpha': 128299.1544593697, 'n_pcs': 2500, 'iw_method': 'pc_logistic', 'iw_clip_max': 4.0, 'iw_prob_clip': 0.006217851224306391, 'iw_n_components': 100, 'iw_logistic_c': 2.4601093624136436, 'iw_pca_fit': 'combined', 'iw_solver': 'lbfgs', 'iw_rho': 0.5}. Best is trial 166 with value: 0.2024855283558166.
2026-06-01 14:41:00 | INFO | Trial 285 | outer=2 | alpha=1.554e+05 n_pcs=2500 (pc_topk) weight={'name': 'pc_logistic', 'floor': 1e-06, 'clip_max': 4.0, 'prob_clip': 0.006288493703925092, 'n_components': 40, 'logistic_c': 3.3593295600992064, 'pca_fit': 'combined', 'solver': 'lbfgs', 'max_iter': 2000, 'fit_intercept': True, 'standardize_with_source': True, 'rho': 0.5}
[I 2026-06-01 14:41:13,526] Trial 285 finished with value: 0.2024926827289412 and parameters: {'alpha': 155358.01976288707, 'n_pcs': 2500, 'iw_method': 'pc_logistic', 'iw_clip_max': 4.0, 'iw_prob_clip': 0.006288493703925092, 'iw_n_components': 40, 'iw_logistic_c': 3.3593295600992064, 'iw_pca_fit': 'combined', 'iw_solver': 'lbfgs', 'iw_rho': 0.5}. Best is trial 285 with value: 0.2024926827289412.
2026-06-01 14:41:13 | INFO | Trial 286 | outer=2 | alpha=1.488e+05 n_pcs=2500 (pc_topk) weight={'name': 'pc_logistic', 'floor': 1e-06, 'clip_max': 2.5, 'prob_clip': 0.006237598208121018, 'n_components': 80, 'logistic_c': 3.8380609383120916, 'pca_fit': 'combined', 'solver': 'lbfgs', 'max_iter': 2000, 'fit_intercept': True, 'standardize_with_source': True, 'rho': 0.85}
[I 2026-06-01 14:41:29,801] Trial 286 finished with value: 0.1999339553241089 and parameters: {'alpha': 148794.00659180066, 'n_pcs': 2500, 'iw_method': 'pc_logistic', 'iw_clip_max': 2.5, 'iw_prob_clip': 0.006237598208121018, 'iw_n_components': 80, 'iw_logistic_c': 3.8380609383120916, 'iw_pca_fit': 'combined', 'iw_solver': 'lbfgs', 'iw_rho': 0.85}. Best is trial 285 with value: 0.2024926827289412.
2026-06-01 14:41:29 | INFO | Trial 287 | outer=2 | alpha=1.091e+05 n_pcs=2500 (pc_topk) weight={'name': 'pc_logistic', 'floor': 1e-06, 'clip_max': 4.0, 'prob_clip': 0.006256165598496033, 'n_components': 40, 'logistic_c': 0.011687257709877396, 'pca_fit': 'combined', 'solver': 'lbfgs', 'max_iter': 2000, 'fit_intercept': True, 'standardize_with_source': True, 'rho': 0.5}
[I 2026-06-01 14:41:41,921] Trial 287 finished with value: 0.20088537893663708 and parameters: {'alpha': 109099.74379533506, 'n_pcs': 2500, 'iw_method': 'pc_logistic', 'iw_clip_max': 4.0, 'iw_prob_clip': 0.006256165598496033, 'iw_n_components': 40, 'iw_logistic_c': 0.011687257709877396, 'iw_pca_fit': 'combined', 'iw_solver': 'lbfgs', 'iw_rho': 0.5}. Best is trial 285 with value: 0.2024926827289412.
2026-06-01 14:41:41 | INFO | Trial 288 | outer=2 | alpha=1.252e+05 n_pcs=2500 (pc_topk) weight={'name': 'uniform'}
[I 2026-06-01 14:41:44,568] Trial 288 finished with value: 0.1879412230120068 and parameters: {'alpha': 125150.98668196658, 'n_pcs': 2500, 'iw_method': 'uniform'}. Best is trial 285 with value: 0.2024926827289412.
2026-06-01 14:41:44 | INFO | Trial 289 | outer=2 | alpha=1.608e+05 n_pcs=2500 (pc_topk) weight={'name': 'pc_logistic', 'floor': 1e-06, 'clip_max': 4.0, 'prob_clip': 0.023409278542347166, 'n_components': 40, 'logistic_c': 3.0213339731386144, 'pca_fit': 'combined', 'solver': 'lbfgs', 'max_iter': 2000, 'fit_intercept': True, 'standardize_with_source': True, 'rho': 0.7}
[I 2026-06-01 14:41:58,073] Trial 289 finished with value: 0.19997184789090067 and parameters: {'alpha': 160789.22184391913, 'n_pcs': 2500, 'iw_method': 'pc_logistic', 'iw_clip_max': 4.0, 'iw_prob_clip': 0.023409278542347166, 'iw_n_components': 40, 'iw_logistic_c': 3.0213339731386144, 'iw_pca_fit': 'combined', 'iw_solver': 'lbfgs', 'iw_rho': 0.7}. Best is trial 285 with value: 0.2024926827289412.
2026-06-01 14:41:58 | INFO | Trial 290 | outer=2 | alpha=1.309e+05 n_pcs=3000 (pc_topk) weight={'name': 'pc_logistic', 'floor': 1e-06, 'clip_max': 4.0, 'prob_clip': 0.005835329217569284, 'n_components': 40, 'logistic_c': 1.965137180212148, 'pca_fit': 'combined', 'solver': 'lbfgs', 'max_iter': 2000, 'fit_intercept': True, 'standardize_with_source': True, 'rho': 0.5}
[I 2026-06-01 14:42:12,140] Trial 290 finished with value: 0.19905802642673096 and parameters: {'alpha': 130946.32710136901, 'n_pcs': 3000, 'iw_method': 'pc_logistic', 'iw_clip_max': 4.0, 'iw_prob_clip': 0.005835329217569284, 'iw_n_components': 40, 'iw_logistic_c': 1.965137180212148, 'iw_pca_fit': 'combined', 'iw_solver': 'lbfgs', 'iw_rho': 0.5}. Best is trial 285 with value: 0.2024926827289412.
2026-06-01 14:42:12 | INFO | Trial 291 | outer=2 | alpha=1.658e+05 n_pcs=2500 (pc_topk) weight={'name': 'pc_logistic', 'floor': 1e-06, 'clip_max': 4.0, 'prob_clip': 0.006685530669137698, 'n_components': 40, 'logistic_c': 3.120693936269795, 'pca_fit': 'combined', 'solver': 'lbfgs', 'max_iter': 2000, 'fit_intercept': True, 'standardize_with_source': True, 'rho': 0.5}
[I 2026-06-01 14:42:24,843] Trial 291 finished with value: 0.20248706690904475 and parameters: {'alpha': 165757.19955316876, 'n_pcs': 2500, 'iw_method': 'pc_logistic', 'iw_clip_max': 4.0, 'iw_prob_clip': 0.006685530669137698, 'iw_n_components': 40, 'iw_logistic_c': 3.120693936269795, 'iw_pca_fit': 'combined', 'iw_solver': 'lbfgs', 'iw_rho': 0.5}. Best is trial 285 with value: 0.2024926827289412.
2026-06-01 14:42:24 | INFO | Trial 292 | outer=2 | alpha=1.595e+05 n_pcs=2500 (pc_topk) weight={'name': 'pc_logistic', 'floor': 1e-06, 'clip_max': 4.0, 'prob_clip': 0.007021277623923774, 'n_components': 20, 'logistic_c': 4.164125175965372, 'pca_fit': 'combined', 'solver': 'lbfgs', 'max_iter': 2000, 'fit_intercept': True, 'standardize_with_source': True, 'rho': 0.5}
[I 2026-06-01 14:42:36,236] Trial 292 finished with value: 0.2013783080238544 and parameters: {'alpha': 159489.66445575797, 'n_pcs': 2500, 'iw_method': 'pc_logistic', 'iw_clip_max': 4.0, 'iw_prob_clip': 0.007021277623923774, 'iw_n_components': 20, 'iw_logistic_c': 4.164125175965372, 'iw_pca_fit': 'combined', 'iw_solver': 'lbfgs', 'iw_rho': 0.5}. Best is trial 285 with value: 0.2024926827289412.
2026-06-01 14:42:36 | INFO | Trial 293 | outer=2 | alpha=1.004e+05 n_pcs=2500 (pc_topk) weight={'name': 'pc_logistic', 'floor': 1e-06, 'clip_max': 4.0, 'prob_clip': 0.006793560966810803, 'n_components': 40, 'logistic_c': 2.831100211597189, 'pca_fit': 'combined', 'solver': 'lbfgs', 'max_iter': 2000, 'fit_intercept': True, 'standardize_with_source': True, 'rho': 0.5}
[I 2026-06-01 14:42:50,759] Trial 293 finished with value: 0.20206873283649807 and parameters: {'alpha': 100363.81960964865, 'n_pcs': 2500, 'iw_method': 'pc_logistic', 'iw_clip_max': 4.0, 'iw_prob_clip': 0.006793560966810803, 'iw_n_components': 40, 'iw_logistic_c': 2.831100211597189, 'iw_pca_fit': 'combined', 'iw_solver': 'lbfgs', 'iw_rho': 0.5}. Best is trial 285 with value: 0.2024926827289412.
2026-06-01 14:42:50 | INFO | Trial 294 | outer=2 | alpha=8.783e+04 n_pcs=4000 (pc_topk) weight={'name': 'pc_logistic', 'floor': 1e-06, 'clip_max': 4.0, 'prob_clip': 0.006734095229376407, 'n_components': 60, 'logistic_c': 4.731558870323996, 'pca_fit': 'combined', 'solver': 'lbfgs', 'max_iter': 2000, 'fit_intercept': True, 'standardize_with_source': True, 'rho': 0.5}
[I 2026-06-01 14:43:08,887] Trial 294 finished with value: 0.19432508513859909 and parameters: {'alpha': 87825.3913325254, 'n_pcs': 4000, 'iw_method': 'pc_logistic', 'iw_clip_max': 4.0, 'iw_prob_clip': 0.006734095229376407, 'iw_n_components': 60, 'iw_logistic_c': 4.731558870323996, 'iw_pca_fit': 'combined', 'iw_solver': 'lbfgs', 'iw_rho': 0.5}. Best is trial 285 with value: 0.2024926827289412.
2026-06-01 14:43:08 | INFO | Trial 295 | outer=2 | alpha=1.006e+05 n_pcs=2500 (pc_topk) weight={'name': 'pc_logistic', 'floor': 1e-06, 'clip_max': 4.0, 'prob_clip': 0.007445860555397255, 'n_components': 40, 'logistic_c': 3.024270031977389, 'pca_fit': 'combined', 'solver': 'lbfgs', 'max_iter': 2000, 'fit_intercept': True, 'standardize_with_source': True, 'rho': 0.5}
[I 2026-06-01 14:43:23,403] Trial 295 finished with value: 0.20207175512302852 and parameters: {'alpha': 100641.36781028325, 'n_pcs': 2500, 'iw_method': 'pc_logistic', 'iw_clip_max': 4.0, 'iw_prob_clip': 0.007445860555397255, 'iw_n_components': 40, 'iw_logistic_c': 3.024270031977389, 'iw_pca_fit': 'combined', 'iw_solver': 'lbfgs', 'iw_rho': 0.5}. Best is trial 285 with value: 0.2024926827289412.
2026-06-01 14:43:23 | INFO | Trial 296 | outer=2 | alpha=9.833e+04 n_pcs=2500 (pc_topk) weight={'name': 'pc_logistic', 'floor': 1e-06, 'clip_max': 4.0, 'prob_clip': 0.007434036654951738, 'n_components': 40, 'logistic_c': 3.734635776357809, 'pca_fit': 'combined', 'solver': 'lbfgs', 'max_iter': 2000, 'fit_intercept': True, 'standardize_with_source': True, 'rho': 0.5}
[I 2026-06-01 14:43:36,822] Trial 296 finished with value: 0.2020315641190921 and parameters: {'alpha': 98329.13609992155, 'n_pcs': 2500, 'iw_method': 'pc_logistic', 'iw_clip_max': 4.0, 'iw_prob_clip': 0.007434036654951738, 'iw_n_components': 40, 'iw_logistic_c': 3.734635776357809, 'iw_pca_fit': 'combined', 'iw_solver': 'lbfgs', 'iw_rho': 0.5}. Best is trial 285 with value: 0.2024926827289412.
2026-06-01 14:43:36 | INFO | Trial 297 | outer=2 | alpha=9.873e+04 n_pcs=2500 (pc_topk) weight={'name': 'pc_logistic', 'floor': 1e-06, 'clip_max': 4.0, 'prob_clip': 0.007220792006486842, 'n_components': 40, 'logistic_c': 5.124673750011651, 'pca_fit': 'combined', 'solver': 'lbfgs', 'max_iter': 2000, 'fit_intercept': True, 'standardize_with_source': True, 'rho': 0.5}
[I 2026-06-01 14:43:50,756] Trial 297 finished with value: 0.20202264877652265 and parameters: {'alpha': 98730.32046716851, 'n_pcs': 2500, 'iw_method': 'pc_logistic', 'iw_clip_max': 4.0, 'iw_prob_clip': 0.007220792006486842, 'iw_n_components': 40, 'iw_logistic_c': 5.124673750011651, 'iw_pca_fit': 'combined', 'iw_solver': 'lbfgs', 'iw_rho': 0.5}. Best is trial 285 with value: 0.2024926827289412.
2026-06-01 14:43:50 | INFO | Trial 298 | outer=2 | alpha=7.421e+04 n_pcs=2500 (pc_topk) weight={'name': 'pc_logistic', 'floor': 1e-06, 'clip_max': 4.0, 'prob_clip': 0.007679725355235837, 'n_components': 40, 'logistic_c': 9.11712995528447, 'pca_fit': 'combined', 'solver': 'lbfgs', 'max_iter': 2000, 'fit_intercept': True, 'standardize_with_source': True, 'rho': 1.0}
[I 2026-06-01 14:44:06,190] Trial 298 finished with value: 0.1925297501651853 and parameters: {'alpha': 74211.05922782152, 'n_pcs': 2500, 'iw_method': 'pc_logistic', 'iw_clip_max': 4.0, 'iw_prob_clip': 0.007679725355235837, 'iw_n_components': 40, 'iw_logistic_c': 9.11712995528447, 'iw_pca_fit': 'combined', 'iw_solver': 'lbfgs', 'iw_rho': 1.0}. Best is trial 285 with value: 0.2024926827289412.
2026-06-01 14:44:06 | INFO | Trial 299 | outer=2 | alpha=9.442e+04 n_pcs=2500 (pc_topk) weight={'name': 'pc_logistic', 'floor': 1e-06, 'clip_max': 4.0, 'prob_clip': 0.007577957078480538, 'n_components': 40, 'logistic_c': 5.487460664170178, 'pca_fit': 'combined', 'solver': 'lbfgs', 'max_iter': 2000, 'fit_intercept': True, 'standardize_with_source': True, 'rho': 0.5}
[I 2026-06-01 14:44:19,532] Trial 299 finished with value: 0.20193231141213358 and parameters: {'alpha': 94417.18793794367, 'n_pcs': 2500, 'iw_method': 'pc_logistic', 'iw_clip_max': 4.0, 'iw_prob_clip': 0.007577957078480538, 'iw_n_components': 40, 'iw_logistic_c': 5.487460664170178, 'iw_pca_fit': 'combined', 'iw_solver': 'lbfgs', 'iw_rho': 0.5}. Best is trial 285 with value: 0.2024926827289412.
2026-06-01 14:44:19 | INFO | OUTER 2 best (inner mean r=0.2025): {'model_type': 'pc_ridge', 'alpha': 155358.01976288707, 'use_snp_selection': True, 'num_snps': 2500, 'n_pcs': 2500, 'weighting': {'name': 'pc_logistic', 'floor': 1e-06, 'clip_max': 4.0, 'prob_clip': 0.006288493703925092, 'n_components': 40, 'logistic_c': 3.3593295600992064, 'pca_fit': 'combined', 'solver': 'lbfgs', 'max_iter': 2000, 'fit_intercept': True, 'standardize_with_source': True, 'rho': 0.5}, 'mean_inner_effective_sample_size': 3527.6845267067038, 'mean_inner_effective_sample_size_threshold': 1053.94}
2026-06-01 14:44:21 | INFO | OUTER 2 TEST r = 0.3424
2026-06-01 14:44:21 | INFO | OUTER 2 incremental summary saved to outputs/final_results/e6_pc_ridge_importance/body_mass/e6_pc_ridge_importance_body_mass_results.json
2026-06-01 14:44:21 | INFO | OUTER 3: test_size=292 island=2 (Træna)
2026-06-01 14:44:21 | INFO | OUTER 3: using top 10 related inner validation islands for tuning: 3(Selvær, avgGRM=0.0196), 1(Myken, avgGRM=0.0151), 8(Lovund, avgGRM=0.0123), 9(Sleneset, avgGRM=0.0085), 0(Nesøy, avgGRM=0.0030), 7(Onøy og Lurøy, avgGRM=0.0024), 6(Indre Kvarøy, avgGRM=0.0015), 5(Hestmannøy, avgGRM=-0.0005), 4(Gjerøy, avgGRM=-0.0020), 12(Vega, avgGRM=-0.0032)
[I 2026-06-01 14:44:21,712] A new study created in memory with name: ridge_importance_inner_outer2
2026-06-01 14:44:21 | INFO | Trial 0 | outer=3 | alpha=1.137e+05 n_pcs=4000 (pc_topk) weight={'name': 'uniform'}
[I 2026-06-01 14:44:26,765] Trial 0 finished with value: 0.20312402912859873 and parameters: {'alpha': 113703.38004442609, 'n_pcs': 4000, 'iw_method': 'uniform'}. Best is trial 0 with value: 0.20312402912859873.
2026-06-01 14:44:26 | INFO | Trial 1 | outer=3 | alpha=1.734e+04 n_pcs=5000 (pc_topk) weight={'name': 'uniform'}
[I 2026-06-01 14:44:33,817] Trial 1 finished with value: 0.18777239762640624 and parameters: {'alpha': 17335.792577698634, 'n_pcs': 5000, 'iw_method': 'uniform'}. Best is trial 0 with value: 0.20312402912859873.
2026-06-01 14:44:33 | INFO | Trial 2 | outer=3 | alpha=1.435e+05 n_pcs=1500 (pc_topk) weight={'name': 'uniform'}
[I 2026-06-01 14:44:36,465] Trial 2 finished with value: 0.19764382040984124 and parameters: {'alpha': 143482.76912965564, 'n_pcs': 1500, 'iw_method': 'uniform'}. Best is trial 0 with value: 0.20312402912859873.
2026-06-01 14:44:36 | INFO | Trial 3 | outer=3 | alpha=1.431e+05 n_pcs=500 (pc_topk) weight={'name': 'uniform'}
[I 2026-06-01 14:44:37,472] Trial 3 finished with value: 0.18027860801483972 and parameters: {'alpha': 143072.2464444983, 'n_pcs': 500, 'iw_method': 'uniform'}. Best is trial 0 with value: 0.20312402912859873.
2026-06-01 14:44:37 | INFO | Trial 4 | outer=3 | alpha=5.373e+06 n_pcs=2000 (pc_topk) weight={'name': 'pc_logistic', 'floor': 1e-06, 'clip_max': 1.5, 'prob_clip': 0.001637400317167702, 'n_components': 80, 'logistic_c': 0.09386700500068379, 'pca_fit': 'combined', 'solver': 'lbfgs', 'max_iter': 2000, 'fit_intercept': True, 'standardize_with_source': True, 'rho': 1.0}
[I 2026-06-01 14:44:52,879] Trial 4 finished with value: 0.17227934091587183 and parameters: {'alpha': 5373167.4046281455, 'n_pcs': 2000, 'iw_method': 'pc_logistic', 'iw_clip_max': 1.5, 'iw_prob_clip': 0.001637400317167702, 'iw_n_components': 80, 'iw_logistic_c': 0.09386700500068379, 'iw_pca_fit': 'combined', 'iw_solver': 'lbfgs', 'iw_rho': 1.0}. Best is trial 0 with value: 0.20312402912859873.
2026-06-01 14:44:52 | INFO | Trial 5 | outer=3 | alpha=6.435e+04 n_pcs=1000 (pc_topk) weight={'name': 'pc_logistic', 'floor': 1e-06, 'clip_max': 7.0, 'prob_clip': 0.004193356127903791, 'n_components': 20, 'logistic_c': 9.236417519010976, 'pca_fit': 'combined', 'solver': 'lbfgs', 'max_iter': 2000, 'fit_intercept': True, 'standardize_with_source': True, 'rho': 1.0}
2026-06-01 14:45:04 | INFO | Trial 5 rejected by ESS guard: mean_ess=629.64 threshold=1013.46
[I 2026-06-01 14:45:04,040] Trial 5 finished with value: -1.0 and parameters: {'alpha': 64350.09539177312, 'n_pcs': 1000, 'iw_method': 'pc_logistic', 'iw_clip_max': 7.0, 'iw_prob_clip': 0.004193356127903791, 'iw_n_components': 20, 'iw_logistic_c': 9.236417519010976, 'iw_pca_fit': 'combined', 'iw_solver': 'lbfgs', 'iw_rho': 1.0}. Best is trial 0 with value: 0.20312402912859873.
2026-06-01 14:45:04 | INFO | Trial 6 | outer=3 | alpha=3.046e+05 n_pcs=3500 (pc_topk) weight={'name': 'pc_logistic', 'floor': 1e-06, 'clip_max': 12.0, 'prob_clip': 0.0007016380040663315, 'n_components': 80, 'logistic_c': 0.00021908930989278453, 'pca_fit': 'combined', 'solver': 'lbfgs', 'max_iter': 2000, 'fit_intercept': True, 'standardize_with_source': True, 'rho': 0.7}
[I 2026-06-01 14:45:16,019] Trial 6 finished with value: 0.17622398639795187 and parameters: {'alpha': 304631.0485153137, 'n_pcs': 3500, 'iw_method': 'pc_logistic', 'iw_clip_max': 12.0, 'iw_prob_clip': 0.0007016380040663315, 'iw_n_components': 80, 'iw_logistic_c': 0.00021908930989278453, 'iw_pca_fit': 'combined', 'iw_solver': 'lbfgs', 'iw_rho': 0.7}. Best is trial 0 with value: 0.20312402912859873.
2026-06-01 14:45:16 | INFO | Trial 7 | outer=3 | alpha=7.213e+06 n_pcs=500 (pc_topk) weight={'name': 'uniform'}
[I 2026-06-01 14:45:17,078] Trial 7 finished with value: 0.17516526503975277 and parameters: {'alpha': 7213019.60957054, 'n_pcs': 500, 'iw_method': 'uniform'}. Best is trial 0 with value: 0.20312402912859873.
2026-06-01 14:45:17 | INFO | Trial 8 | outer=3 | alpha=2.347e+03 n_pcs=3000 (pc_topk) weight={'name': 'pc_logistic', 'floor': 1e-06, 'clip_max': 2.5, 'prob_clip': 0.017782866059784724, 'n_components': 60, 'logistic_c': 4.584813955429537e-07, 'pca_fit': 'combined', 'solver': 'lbfgs', 'max_iter': 2000, 'fit_intercept': True, 'standardize_with_source': True, 'rho': 0.3}
[I 2026-06-01 14:45:25,394] Trial 8 finished with value: 0.1274316789150241 and parameters: {'alpha': 2346.6230871488538, 'n_pcs': 3000, 'iw_method': 'pc_logistic', 'iw_clip_max': 2.5, 'iw_prob_clip': 0.017782866059784724, 'iw_n_components': 60, 'iw_logistic_c': 4.584813955429537e-07, 'iw_pca_fit': 'combined', 'iw_solver': 'lbfgs', 'iw_rho': 0.3}. Best is trial 0 with value: 0.20312402912859873.
2026-06-01 14:45:25 | INFO | Trial 9 | outer=3 | alpha=1.067e+03 n_pcs=4000 (pc_topk) weight={'name': 'pc_logistic', 'floor': 1e-06, 'clip_max': 4.0, 'prob_clip': 0.003002704300062754, 'n_components': 10, 'logistic_c': 4.32601466983518e-06, 'pca_fit': 'combined', 'solver': 'lbfgs', 'max_iter': 2000, 'fit_intercept': True, 'standardize_with_source': True, 'rho': 1.0}
[I 2026-06-01 14:45:35,425] Trial 9 finished with value: 0.07444594390219268 and parameters: {'alpha': 1067.2105048492429, 'n_pcs': 4000, 'iw_method': 'pc_logistic', 'iw_clip_max': 4.0, 'iw_prob_clip': 0.003002704300062754, 'iw_n_components': 10, 'iw_logistic_c': 4.32601466983518e-06, 'iw_pca_fit': 'combined', 'iw_solver': 'lbfgs', 'iw_rho': 1.0}. Best is trial 0 with value: 0.20312402912859873.
2026-06-01 14:45:35 | INFO | Trial 10 | outer=3 | alpha=9.030e+05 n_pcs=5000 (pc_topk) weight={'name': 'uniform'}
[I 2026-06-01 14:45:42,518] Trial 10 finished with value: 0.19258722793814775 and parameters: {'alpha': 902970.0505273588, 'n_pcs': 5000, 'iw_method': 'uniform'}. Best is trial 0 with value: 0.20312402912859873.
2026-06-01 14:45:42 | INFO | Trial 11 | outer=3 | alpha=2.838e+04 n_pcs=1500 (pc_topk) weight={'name': 'uniform'}
[I 2026-06-01 14:45:45,367] Trial 11 finished with value: 0.1827763706189487 and parameters: {'alpha': 28375.573295632195, 'n_pcs': 1500, 'iw_method': 'uniform'}. Best is trial 0 with value: 0.20312402912859873.
2026-06-01 14:45:45 | INFO | Trial 12 | outer=3 | alpha=5.742e+05 n_pcs=2500 (pc_topk) weight={'name': 'uniform'}
[I 2026-06-01 14:45:47,876] Trial 12 finished with value: 0.20097961713994578 and parameters: {'alpha': 574207.5937768653, 'n_pcs': 2500, 'iw_method': 'uniform'}. Best is trial 0 with value: 0.20312402912859873.
2026-06-01 14:45:47 | INFO | Trial 13 | outer=3 | alpha=1.071e+06 n_pcs=2500 (pc_topk) weight={'name': 'uniform'}
[I 2026-06-01 14:45:50,940] Trial 13 finished with value: 0.19771280438725092 and parameters: {'alpha': 1070981.4872318422, 'n_pcs': 2500, 'iw_method': 'uniform'}. Best is trial 0 with value: 0.20312402912859873.
2026-06-01 14:45:50 | INFO | Trial 14 | outer=3 | alpha=9.287e+05 n_pcs=4000 (pc_topk) weight={'name': 'uniform'}
[I 2026-06-01 14:45:55,757] Trial 14 finished with value: 0.19255432365942868 and parameters: {'alpha': 928701.6084010334, 'n_pcs': 4000, 'iw_method': 'uniform'}. Best is trial 0 with value: 0.20312402912859873.
2026-06-01 14:45:55 | INFO | Trial 15 | outer=3 | alpha=9.021e+03 n_pcs=3000 (pc_topk) weight={'name': 'uniform'}
[I 2026-06-01 14:45:59,014] Trial 15 finished with value: 0.16174633240364836 and parameters: {'alpha': 9020.663288560247, 'n_pcs': 3000, 'iw_method': 'uniform'}. Best is trial 0 with value: 0.20312402912859873.
2026-06-01 14:45:59 | INFO | Trial 16 | outer=3 | alpha=3.013e+05 n_pcs=4000 (pc_topk) weight={'name': 'uniform'}
[I 2026-06-01 14:46:03,939] Trial 16 finished with value: 0.19882299814118443 and parameters: {'alpha': 301259.7422587327, 'n_pcs': 4000, 'iw_method': 'uniform'}. Best is trial 0 with value: 0.20312402912859873.
2026-06-01 14:46:03 | INFO | Trial 17 | outer=3 | alpha=2.161e+06 n_pcs=2500 (pc_topk) weight={'name': 'uniform'}
[I 2026-06-01 14:46:06,425] Trial 17 finished with value: 0.1952946995786019 and parameters: {'alpha': 2160909.646284208, 'n_pcs': 2500, 'iw_method': 'uniform'}. Best is trial 0 with value: 0.20312402912859873.
2026-06-01 14:46:06 | INFO | Trial 18 | outer=3 | alpha=4.628e+04 n_pcs=4500 (pc_topk) weight={'name': 'uniform'}
[I 2026-06-01 14:46:12,442] Trial 18 finished with value: 0.20089249598555292 and parameters: {'alpha': 46282.907847073424, 'n_pcs': 4500, 'iw_method': 'uniform'}. Best is trial 0 with value: 0.20312402912859873.
2026-06-01 14:46:12 | INFO | Trial 19 | outer=3 | alpha=3.847e+05 n_pcs=3500 (pc_topk) weight={'name': 'uniform'}
[I 2026-06-01 14:46:16,523] Trial 19 finished with value: 0.1978470307848627 and parameters: {'alpha': 384672.5880712927, 'n_pcs': 3500, 'iw_method': 'uniform'}. Best is trial 0 with value: 0.20312402912859873.
2026-06-01 14:46:16 | INFO | Trial 20 | outer=3 | alpha=5.926e+03 n_pcs=2000 (pc_topk) weight={'name': 'uniform'}
[I 2026-06-01 14:46:18,458] Trial 20 finished with value: 0.17093578075429666 and parameters: {'alpha': 5925.841357185429, 'n_pcs': 2000, 'iw_method': 'uniform'}. Best is trial 0 with value: 0.20312402912859873.
2026-06-01 14:46:18 | INFO | Trial 21 | outer=3 | alpha=6.935e+04 n_pcs=4500 (pc_topk) weight={'name': 'uniform'}
[I 2026-06-01 14:46:24,494] Trial 21 finished with value: 0.2034588385441781 and parameters: {'alpha': 69353.43643259829, 'n_pcs': 4500, 'iw_method': 'uniform'}. Best is trial 21 with value: 0.2034588385441781.
2026-06-01 14:46:24 | INFO | Trial 22 | outer=3 | alpha=6.870e+04 n_pcs=4500 (pc_topk) weight={'name': 'uniform'}
[I 2026-06-01 14:46:30,559] Trial 22 finished with value: 0.20342339517737443 and parameters: {'alpha': 68701.43345595482, 'n_pcs': 4500, 'iw_method': 'uniform'}. Best is trial 21 with value: 0.2034588385441781.
2026-06-01 14:46:30 | INFO | Trial 23 | outer=3 | alpha=1.062e+05 n_pcs=4500 (pc_topk) weight={'name': 'uniform'}
[I 2026-06-01 14:46:36,607] Trial 23 finished with value: 0.20394497170014175 and parameters: {'alpha': 106152.74571637978, 'n_pcs': 4500, 'iw_method': 'uniform'}. Best is trial 23 with value: 0.20394497170014175.
2026-06-01 14:46:36 | INFO | Trial 24 | outer=3 | alpha=1.904e+04 n_pcs=5000 (pc_topk) weight={'name': 'uniform'}
[I 2026-06-01 14:46:43,673] Trial 24 finished with value: 0.18966744176095846 and parameters: {'alpha': 19044.30012780681, 'n_pcs': 5000, 'iw_method': 'uniform'}. Best is trial 23 with value: 0.20394497170014175.
2026-06-01 14:46:43 | INFO | Trial 25 | outer=3 | alpha=5.529e+04 n_pcs=4500 (pc_topk) weight={'name': 'uniform'}
[I 2026-06-01 14:46:49,672] Trial 25 finished with value: 0.20228835247417912 and parameters: {'alpha': 55288.22193024643, 'n_pcs': 4500, 'iw_method': 'uniform'}. Best is trial 23 with value: 0.20394497170014175.
2026-06-01 14:46:49 | INFO | Trial 26 | outer=3 | alpha=7.779e+03 n_pcs=4500 (pc_topk) weight={'name': 'pc_logistic', 'floor': 1e-06, 'clip_max': 7.0, 'prob_clip': 0.04783268173298192, 'n_components': 40, 'logistic_c': 0.003428511401736797, 'pca_fit': 'combined', 'solver': 'lbfgs', 'max_iter': 2000, 'fit_intercept': True, 'standardize_with_source': True, 'rho': 0.5}
[I 2026-06-01 14:47:04,621] Trial 26 finished with value: 0.1490228481871095 and parameters: {'alpha': 7779.365019112473, 'n_pcs': 4500, 'iw_method': 'pc_logistic', 'iw_clip_max': 7.0, 'iw_prob_clip': 0.04783268173298192, 'iw_n_components': 40, 'iw_logistic_c': 0.003428511401736797, 'iw_pca_fit': 'combined', 'iw_solver': 'lbfgs', 'iw_rho': 0.5}. Best is trial 23 with value: 0.20394497170014175.
2026-06-01 14:47:04 | INFO | Trial 27 | outer=3 | alpha=2.188e+05 n_pcs=3500 (pc_topk) weight={'name': 'uniform'}
[I 2026-06-01 14:47:08,786] Trial 27 finished with value: 0.2012474332392371 and parameters: {'alpha': 218798.14281821917, 'n_pcs': 3500, 'iw_method': 'uniform'}. Best is trial 23 with value: 0.20394497170014175.
2026-06-01 14:47:08 | INFO | Trial 28 | outer=3 | alpha=3.541e+04 n_pcs=4500 (pc_topk) weight={'name': 'uniform'}
[I 2026-06-01 14:47:14,803] Trial 28 finished with value: 0.19797797535220552 and parameters: {'alpha': 35412.20351636072, 'n_pcs': 4500, 'iw_method': 'uniform'}. Best is trial 23 with value: 0.20394497170014175.
2026-06-01 14:47:14 | INFO | Trial 29 | outer=3 | alpha=9.191e+04 n_pcs=5000 (pc_topk) weight={'name': 'uniform'}
[I 2026-06-01 14:47:21,895] Trial 29 finished with value: 0.20445481966399268 and parameters: {'alpha': 91914.65384057509, 'n_pcs': 5000, 'iw_method': 'uniform'}. Best is trial 29 with value: 0.20445481966399268.
2026-06-01 14:47:21 | INFO | Trial 30 | outer=3 | alpha=1.148e+05 n_pcs=5000 (pc_topk) weight={'name': 'uniform'}
[I 2026-06-01 14:47:28,974] Trial 30 finished with value: 0.20415100066136307 and parameters: {'alpha': 114832.04434968726, 'n_pcs': 5000, 'iw_method': 'uniform'}. Best is trial 29 with value: 0.20445481966399268.
2026-06-01 14:47:28 | INFO | Trial 31 | outer=3 | alpha=1.184e+05 n_pcs=5000 (pc_topk) weight={'name': 'uniform'}
[I 2026-06-01 14:47:36,056] Trial 31 finished with value: 0.20407191740274108 and parameters: {'alpha': 118426.86827694761, 'n_pcs': 5000, 'iw_method': 'uniform'}. Best is trial 29 with value: 0.20445481966399268.
2026-06-01 14:47:36 | INFO | Trial 32 | outer=3 | alpha=1.570e+05 n_pcs=5000 (pc_topk) weight={'name': 'uniform'}
[I 2026-06-01 14:47:43,091] Trial 32 finished with value: 0.2029987328501628 and parameters: {'alpha': 156998.43057792037, 'n_pcs': 5000, 'iw_method': 'uniform'}. Best is trial 29 with value: 0.20445481966399268.
2026-06-01 14:47:43 | INFO | Trial 33 | outer=3 | alpha=1.168e+05 n_pcs=5000 (pc_topk) weight={'name': 'uniform'}
[I 2026-06-01 14:47:50,170] Trial 33 finished with value: 0.20410773358841042 and parameters: {'alpha': 116832.88794916154, 'n_pcs': 5000, 'iw_method': 'uniform'}. Best is trial 29 with value: 0.20445481966399268.
2026-06-01 14:47:50 | INFO | Trial 34 | outer=3 | alpha=1.081e+05 n_pcs=5000 (pc_topk) weight={'name': 'uniform'}
[I 2026-06-01 14:47:57,248] Trial 34 finished with value: 0.20428058507683353 and parameters: {'alpha': 108137.1488365573, 'n_pcs': 5000, 'iw_method': 'uniform'}. Best is trial 29 with value: 0.20445481966399268.
2026-06-01 14:47:57 | INFO | Trial 35 | outer=3 | alpha=1.923e+04 n_pcs=5000 (pc_topk) weight={'name': 'uniform'}
[I 2026-06-01 14:48:04,320] Trial 35 finished with value: 0.18985883667562112 and parameters: {'alpha': 19232.552909316564, 'n_pcs': 5000, 'iw_method': 'uniform'}. Best is trial 29 with value: 0.20445481966399268.
2026-06-01 14:48:04 | INFO | Trial 36 | outer=3 | alpha=5.323e+05 n_pcs=5000 (pc_topk) weight={'name': 'uniform'}
[I 2026-06-01 14:48:11,335] Trial 36 finished with value: 0.19538669747170576 and parameters: {'alpha': 532325.9657870345, 'n_pcs': 5000, 'iw_method': 'uniform'}. Best is trial 29 with value: 0.20445481966399268.
2026-06-01 14:48:11 | INFO | Trial 37 | outer=3 | alpha=2.054e+05 n_pcs=4000 (pc_topk) weight={'name': 'pc_logistic', 'floor': 1e-06, 'clip_max': 4.0, 'prob_clip': 0.012848620177464912, 'n_components': 100, 'logistic_c': 3.8982592616478007, 'pca_fit': 'combined', 'solver': 'lbfgs', 'max_iter': 2000, 'fit_intercept': True, 'standardize_with_source': True, 'rho': 0.85}
[I 2026-06-01 14:48:35,300] Trial 37 finished with value: 0.18823941532171312 and parameters: {'alpha': 205400.4812980441, 'n_pcs': 4000, 'iw_method': 'pc_logistic', 'iw_clip_max': 4.0, 'iw_prob_clip': 0.012848620177464912, 'iw_n_components': 100, 'iw_logistic_c': 3.8982592616478007, 'iw_pca_fit': 'combined', 'iw_solver': 'lbfgs', 'iw_rho': 0.85}. Best is trial 29 with value: 0.20445481966399268.
2026-06-01 14:48:35 | INFO | Trial 38 | outer=3 | alpha=2.981e+04 n_pcs=5000 (pc_topk) weight={'name': 'uniform'}
[I 2026-06-01 14:48:42,482] Trial 38 finished with value: 0.1970845559466931 and parameters: {'alpha': 29806.643071882136, 'n_pcs': 5000, 'iw_method': 'uniform'}. Best is trial 29 with value: 0.20445481966399268.
2026-06-01 14:48:42 | INFO | Trial 39 | outer=3 | alpha=1.855e+06 n_pcs=4000 (pc_topk) weight={'name': 'pc_logistic', 'floor': 1e-06, 'clip_max': 2.5, 'prob_clip': 0.0005052693826348058, 'n_components': 40, 'logistic_c': 4.24871078226665e-05, 'pca_fit': 'combined', 'solver': 'lbfgs', 'max_iter': 2000, 'fit_intercept': True, 'standardize_with_source': True, 'rho': 0.3}
[I 2026-06-01 14:48:54,046] Trial 39 finished with value: 0.19490869498614802 and parameters: {'alpha': 1854571.4769344984, 'n_pcs': 4000, 'iw_method': 'pc_logistic', 'iw_clip_max': 2.5, 'iw_prob_clip': 0.0005052693826348058, 'iw_n_components': 40, 'iw_logistic_c': 4.24871078226665e-05, 'iw_pca_fit': 'combined', 'iw_solver': 'lbfgs', 'iw_rho': 0.3}. Best is trial 29 with value: 0.20445481966399268.
2026-06-01 14:48:54 | INFO | Trial 40 | outer=3 | alpha=9.270e+04 n_pcs=5000 (pc_topk) weight={'name': 'uniform'}
[I 2026-06-01 14:49:01,175] Trial 40 finished with value: 0.20445243118022072 and parameters: {'alpha': 92702.54200883143, 'n_pcs': 5000, 'iw_method': 'uniform'}. Best is trial 29 with value: 0.20445481966399268.
2026-06-01 14:49:01 | INFO | Trial 41 | outer=3 | alpha=1.058e+05 n_pcs=5000 (pc_topk) weight={'name': 'uniform'}
[I 2026-06-01 14:49:08,283] Trial 41 finished with value: 0.20431906689733426 and parameters: {'alpha': 105815.30176048572, 'n_pcs': 5000, 'iw_method': 'uniform'}. Best is trial 29 with value: 0.20445481966399268.
2026-06-01 14:49:08 | INFO | Trial 42 | outer=3 | alpha=8.245e+04 n_pcs=5000 (pc_topk) weight={'name': 'uniform'}
[I 2026-06-01 14:49:15,414] Trial 42 finished with value: 0.2044160529880073 and parameters: {'alpha': 82453.35765414833, 'n_pcs': 5000, 'iw_method': 'uniform'}. Best is trial 29 with value: 0.20445481966399268.
2026-06-01 14:49:15 | INFO | Trial 43 | outer=3 | alpha=2.354e+05 n_pcs=4500 (pc_topk) weight={'name': 'uniform'}
[I 2026-06-01 14:49:21,400] Trial 43 finished with value: 0.20056785699675145 and parameters: {'alpha': 235434.41634943793, 'n_pcs': 4500, 'iw_method': 'uniform'}. Best is trial 29 with value: 0.20445481966399268.
2026-06-01 14:49:21 | INFO | Trial 44 | outer=3 | alpha=8.079e+04 n_pcs=5000 (pc_topk) weight={'name': 'uniform'}
[I 2026-06-01 14:49:28,526] Trial 44 finished with value: 0.2043940439974306 and parameters: {'alpha': 80785.31425499145, 'n_pcs': 5000, 'iw_method': 'uniform'}. Best is trial 29 with value: 0.20445481966399268.
2026-06-01 14:49:28 | INFO | Trial 45 | outer=3 | alpha=7.587e+04 n_pcs=4500 (pc_topk) weight={'name': 'uniform'}
[I 2026-06-01 14:49:34,550] Trial 45 finished with value: 0.20374008314358952 and parameters: {'alpha': 75872.17045193279, 'n_pcs': 4500, 'iw_method': 'uniform'}. Best is trial 29 with value: 0.20445481966399268.
2026-06-01 14:49:34 | INFO | Trial 46 | outer=3 | alpha=1.368e+04 n_pcs=4000 (pc_topk) weight={'name': 'pc_logistic', 'floor': 1e-06, 'clip_max': 12.0, 'prob_clip': 0.011013991625266045, 'n_components': 10, 'logistic_c': 0.01103521513400002, 'pca_fit': 'combined', 'solver': 'lbfgs', 'max_iter': 2000, 'fit_intercept': True, 'standardize_with_source': True, 'rho': 0.7}
[I 2026-06-01 14:49:47,633] Trial 46 finished with value: 0.1432941560107593 and parameters: {'alpha': 13676.148017321513, 'n_pcs': 4000, 'iw_method': 'pc_logistic', 'iw_clip_max': 12.0, 'iw_prob_clip': 0.011013991625266045, 'iw_n_components': 10, 'iw_logistic_c': 0.01103521513400002, 'iw_pca_fit': 'combined', 'iw_solver': 'lbfgs', 'iw_rho': 0.7}. Best is trial 29 with value: 0.20445481966399268.
2026-06-01 14:49:47 | INFO | Trial 47 | outer=3 | alpha=4.393e+04 n_pcs=5000 (pc_topk) weight={'name': 'uniform'}
[I 2026-06-01 14:49:54,714] Trial 47 finished with value: 0.2014188153729839 and parameters: {'alpha': 43933.17748993158, 'n_pcs': 5000, 'iw_method': 'uniform'}. Best is trial 29 with value: 0.20445481966399268.
2026-06-01 14:49:54 | INFO | Trial 48 | outer=3 | alpha=1.743e+05 n_pcs=1000 (pc_topk) weight={'name': 'uniform'}
[I 2026-06-01 14:49:56,035] Trial 48 finished with value: 0.19704009311389245 and parameters: {'alpha': 174281.59054574935, 'n_pcs': 1000, 'iw_method': 'uniform'}. Best is trial 29 with value: 0.20445481966399268.
2026-06-01 14:49:56 | INFO | Trial 49 | outer=3 | alpha=2.395e+04 n_pcs=3500 (pc_topk) weight={'name': 'uniform'}
[I 2026-06-01 14:50:00,436] Trial 49 finished with value: 0.1897215098841421 and parameters: {'alpha': 23946.78570328236, 'n_pcs': 3500, 'iw_method': 'uniform'}. Best is trial 29 with value: 0.20445481966399268.
2026-06-01 14:50:00 | INFO | Trial 50 | outer=3 | alpha=4.982e+05 n_pcs=4500 (pc_topk) weight={'name': 'pc_logistic', 'floor': 1e-06, 'clip_max': 1.5, 'prob_clip': 0.046241509656635954, 'n_components': 60, 'logistic_c': 0.12229879677979189, 'pca_fit': 'combined', 'solver': 'lbfgs', 'max_iter': 2000, 'fit_intercept': True, 'standardize_with_source': True, 'rho': 0.5}
[I 2026-06-01 14:50:17,511] Trial 50 finished with value: 0.19750604073254444 and parameters: {'alpha': 498174.57876427914, 'n_pcs': 4500, 'iw_method': 'pc_logistic', 'iw_clip_max': 1.5, 'iw_prob_clip': 0.046241509656635954, 'iw_n_components': 60, 'iw_logistic_c': 0.12229879677979189, 'iw_pca_fit': 'combined', 'iw_solver': 'lbfgs', 'iw_rho': 0.5}. Best is trial 29 with value: 0.20445481966399268.
2026-06-01 14:50:17 | INFO | Trial 51 | outer=3 | alpha=8.766e+04 n_pcs=5000 (pc_topk) weight={'name': 'uniform'}
[I 2026-06-01 14:50:24,633] Trial 51 finished with value: 0.2044538599030626 and parameters: {'alpha': 87656.9942803768, 'n_pcs': 5000, 'iw_method': 'uniform'}. Best is trial 29 with value: 0.20445481966399268.
2026-06-01 14:50:24 | INFO | Trial 52 | outer=3 | alpha=4.344e+04 n_pcs=5000 (pc_topk) weight={'name': 'uniform'}
[I 2026-06-01 14:50:31,737] Trial 52 finished with value: 0.20131953666011895 and parameters: {'alpha': 43439.03110800909, 'n_pcs': 5000, 'iw_method': 'uniform'}. Best is trial 29 with value: 0.20445481966399268.
2026-06-01 14:50:31 | INFO | Trial 53 | outer=3 | alpha=8.072e+04 n_pcs=5000 (pc_topk) weight={'name': 'uniform'}
[I 2026-06-01 14:50:38,861] Trial 53 finished with value: 0.204393084277879 and parameters: {'alpha': 80723.2192980919, 'n_pcs': 5000, 'iw_method': 'uniform'}. Best is trial 29 with value: 0.20445481966399268.
2026-06-01 14:50:38 | INFO | Trial 54 | outer=3 | alpha=7.759e+04 n_pcs=4500 (pc_topk) weight={'name': 'uniform'}
[I 2026-06-01 14:50:44,896] Trial 54 finished with value: 0.2037946380797277 and parameters: {'alpha': 77592.89101814307, 'n_pcs': 4500, 'iw_method': 'uniform'}. Best is trial 29 with value: 0.20445481966399268.
2026-06-01 14:50:44 | INFO | Trial 55 | outer=3 | alpha=3.310e+05 n_pcs=5000 (pc_topk) weight={'name': 'uniform'}
[I 2026-06-01 14:50:51,988] Trial 55 finished with value: 0.198427499741098 and parameters: {'alpha': 330961.74606967915, 'n_pcs': 5000, 'iw_method': 'uniform'}. Best is trial 29 with value: 0.20445481966399268.
2026-06-01 14:50:51 | INFO | Trial 56 | outer=3 | alpha=5.849e+04 n_pcs=4000 (pc_topk) weight={'name': 'uniform'}
[I 2026-06-01 14:50:56,870] Trial 56 finished with value: 0.20119082121689497 and parameters: {'alpha': 58493.29486746813, 'n_pcs': 4000, 'iw_method': 'uniform'}. Best is trial 29 with value: 0.20445481966399268.
2026-06-01 14:50:56 | INFO | Trial 57 | outer=3 | alpha=1.292e+04 n_pcs=4500 (pc_topk) weight={'name': 'uniform'}
[I 2026-06-01 14:51:02,949] Trial 57 finished with value: 0.17784397417486222 and parameters: {'alpha': 12919.039867054924, 'n_pcs': 4500, 'iw_method': 'uniform'}. Best is trial 29 with value: 0.20445481966399268.
2026-06-01 14:51:02 | INFO | Trial 58 | outer=3 | alpha=1.552e+05 n_pcs=5000 (pc_topk) weight={'name': 'uniform'}
[I 2026-06-01 14:51:10,066] Trial 58 finished with value: 0.20305492444386894 and parameters: {'alpha': 155150.12435978564, 'n_pcs': 5000, 'iw_method': 'uniform'}. Best is trial 29 with value: 0.20445481966399268.
2026-06-01 14:51:10 | INFO | Trial 59 | outer=3 | alpha=3.773e+04 n_pcs=3000 (pc_topk) weight={'name': 'uniform'}
[I 2026-06-01 14:51:13,751] Trial 59 finished with value: 0.19553063995683914 and parameters: {'alpha': 37726.70503094181, 'n_pcs': 3000, 'iw_method': 'uniform'}. Best is trial 29 with value: 0.20445481966399268.
2026-06-01 14:51:13 | INFO | Trial 60 | outer=3 | alpha=2.731e+05 n_pcs=4500 (pc_topk) weight={'name': 'uniform'}
[I 2026-06-01 14:51:19,810] Trial 60 finished with value: 0.19962551845322002 and parameters: {'alpha': 273135.86551619356, 'n_pcs': 4500, 'iw_method': 'uniform'}. Best is trial 29 with value: 0.20445481966399268.
2026-06-01 14:51:19 | INFO | Trial 61 | outer=3 | alpha=7.812e+04 n_pcs=5000 (pc_topk) weight={'name': 'uniform'}
[I 2026-06-01 14:51:26,929] Trial 61 finished with value: 0.20434763037775738 and parameters: {'alpha': 78124.52543941984, 'n_pcs': 5000, 'iw_method': 'uniform'}. Best is trial 29 with value: 0.20445481966399268.
2026-06-01 14:51:26 | INFO | Trial 62 | outer=3 | alpha=8.441e+04 n_pcs=5000 (pc_topk) weight={'name': 'uniform'}
[I 2026-06-01 14:51:34,034] Trial 62 finished with value: 0.20443544720036436 and parameters: {'alpha': 84406.90195986089, 'n_pcs': 5000, 'iw_method': 'uniform'}. Best is trial 29 with value: 0.20445481966399268.
2026-06-01 14:51:34 | INFO | Trial 63 | outer=3 | alpha=5.449e+04 n_pcs=5000 (pc_topk) weight={'name': 'uniform'}
[I 2026-06-01 14:51:41,146] Trial 63 finished with value: 0.20299829725161506 and parameters: {'alpha': 54490.797976281305, 'n_pcs': 5000, 'iw_method': 'uniform'}. Best is trial 29 with value: 0.20445481966399268.
2026-06-01 14:51:41 | INFO | Trial 64 | outer=3 | alpha=8.276e+04 n_pcs=4500 (pc_topk) weight={'name': 'uniform'}
[I 2026-06-01 14:51:47,152] Trial 64 finished with value: 0.2039175755333722 and parameters: {'alpha': 82761.44634411145, 'n_pcs': 4500, 'iw_method': 'uniform'}. Best is trial 29 with value: 0.20445481966399268.
2026-06-01 14:51:47 | INFO | Trial 65 | outer=3 | alpha=3.186e+04 n_pcs=5000 (pc_topk) weight={'name': 'uniform'}
[I 2026-06-01 14:51:54,254] Trial 65 finished with value: 0.19796584963626307 and parameters: {'alpha': 31861.00152552675, 'n_pcs': 5000, 'iw_method': 'uniform'}. Best is trial 29 with value: 0.20445481966399268.
2026-06-01 14:51:54 | INFO | Trial 66 | outer=3 | alpha=1.506e+05 n_pcs=2000 (pc_topk) weight={'name': 'uniform'}
[I 2026-06-01 14:51:56,352] Trial 66 finished with value: 0.20737973930902287 and parameters: {'alpha': 150579.2970336588, 'n_pcs': 2000, 'iw_method': 'uniform'}. Best is trial 66 with value: 0.20737973930902287.
2026-06-01 14:51:56 | INFO | Trial 67 | outer=3 | alpha=4.043e+05 n_pcs=2000 (pc_topk) weight={'name': 'uniform'}
[I 2026-06-01 14:51:58,639] Trial 67 finished with value: 0.20238520790537606 and parameters: {'alpha': 404312.2454247848, 'n_pcs': 2000, 'iw_method': 'uniform'}. Best is trial 66 with value: 0.20737973930902287.
2026-06-01 14:51:58 | INFO | Trial 68 | outer=3 | alpha=1.387e+05 n_pcs=1500 (pc_topk) weight={'name': 'uniform'}
[I 2026-06-01 14:52:01,130] Trial 68 finished with value: 0.19761981182831306 and parameters: {'alpha': 138664.48228456025, 'n_pcs': 1500, 'iw_method': 'uniform'}. Best is trial 66 with value: 0.20737973930902287.
2026-06-01 14:52:01 | INFO | Trial 69 | outer=3 | alpha=1.913e+05 n_pcs=2000 (pc_topk) weight={'name': 'uniform'}
[I 2026-06-01 14:52:03,114] Trial 69 finished with value: 0.20653469190316814 and parameters: {'alpha': 191347.67827651827, 'n_pcs': 2000, 'iw_method': 'uniform'}. Best is trial 66 with value: 0.20737973930902287.
2026-06-01 14:52:03 | INFO | Trial 70 | outer=3 | alpha=1.640e+05 n_pcs=2500 (pc_topk) weight={'name': 'pc_logistic', 'floor': 1e-06, 'clip_max': 12.0, 'prob_clip': 0.0013952066117696056, 'n_components': 20, 'logistic_c': 1.3359944048060158e-06, 'pca_fit': 'combined', 'solver': 'lbfgs', 'max_iter': 2000, 'fit_intercept': True, 'standardize_with_source': True, 'rho': 0.85}
[I 2026-06-01 14:52:10,133] Trial 70 finished with value: 0.21147766001066964 and parameters: {'alpha': 164030.43619640855, 'n_pcs': 2500, 'iw_method': 'pc_logistic', 'iw_clip_max': 12.0, 'iw_prob_clip': 0.0013952066117696056, 'iw_n_components': 20, 'iw_logistic_c': 1.3359944048060158e-06, 'iw_pca_fit': 'combined', 'iw_solver': 'lbfgs', 'iw_rho': 0.85}. Best is trial 70 with value: 0.21147766001066964.
2026-06-01 14:52:10 | INFO | Trial 71 | outer=3 | alpha=1.918e+05 n_pcs=2000 (pc_topk) weight={'name': 'pc_logistic', 'floor': 1e-06, 'clip_max': 12.0, 'prob_clip': 0.00146436208620407, 'n_components': 20, 'logistic_c': 1.0676036090316154e-07, 'pca_fit': 'combined', 'solver': 'lbfgs', 'max_iter': 2000, 'fit_intercept': True, 'standardize_with_source': True, 'rho': 0.85}
[I 2026-06-01 14:52:17,897] Trial 71 finished with value: 0.20681643531280708 and parameters: {'alpha': 191832.41766700274, 'n_pcs': 2000, 'iw_method': 'pc_logistic', 'iw_clip_max': 12.0, 'iw_prob_clip': 0.00146436208620407, 'iw_n_components': 20, 'iw_logistic_c': 1.0676036090316154e-07, 'iw_pca_fit': 'combined', 'iw_solver': 'lbfgs', 'iw_rho': 0.85}. Best is trial 70 with value: 0.21147766001066964.
2026-06-01 14:52:17 | INFO | Trial 72 | outer=3 | alpha=1.784e+05 n_pcs=2000 (pc_topk) weight={'name': 'pc_logistic', 'floor': 1e-06, 'clip_max': 12.0, 'prob_clip': 0.001399016186047608, 'n_components': 20, 'logistic_c': 1.018800046651467e-07, 'pca_fit': 'combined', 'solver': 'lbfgs', 'max_iter': 2000, 'fit_intercept': True, 'standardize_with_source': True, 'rho': 0.85}
[I 2026-06-01 14:52:24,988] Trial 72 finished with value: 0.20709670035232874 and parameters: {'alpha': 178418.01711901932, 'n_pcs': 2000, 'iw_method': 'pc_logistic', 'iw_clip_max': 12.0, 'iw_prob_clip': 0.001399016186047608, 'iw_n_components': 20, 'iw_logistic_c': 1.018800046651467e-07, 'iw_pca_fit': 'combined', 'iw_solver': 'lbfgs', 'iw_rho': 0.85}. Best is trial 70 with value: 0.21147766001066964.
2026-06-01 14:52:25 | INFO | Trial 73 | outer=3 | alpha=1.996e+05 n_pcs=2000 (pc_topk) weight={'name': 'pc_logistic', 'floor': 1e-06, 'clip_max': 12.0, 'prob_clip': 0.0013330743933415087, 'n_components': 20, 'logistic_c': 1.1725681735026755e-07, 'pca_fit': 'combined', 'solver': 'lbfgs', 'max_iter': 2000, 'fit_intercept': True, 'standardize_with_source': True, 'rho': 0.85}
[I 2026-06-01 14:52:31,519] Trial 73 finished with value: 0.2066712183151504 and parameters: {'alpha': 199605.79376648364, 'n_pcs': 2000, 'iw_method': 'pc_logistic', 'iw_clip_max': 12.0, 'iw_prob_clip': 0.0013330743933415087, 'iw_n_components': 20, 'iw_logistic_c': 1.1725681735026755e-07, 'iw_pca_fit': 'combined', 'iw_solver': 'lbfgs', 'iw_rho': 0.85}. Best is trial 70 with value: 0.21147766001066964.
2026-06-01 14:52:31 | INFO | Trial 74 | outer=3 | alpha=6.914e+05 n_pcs=2000 (pc_topk) weight={'name': 'pc_logistic', 'floor': 1e-06, 'clip_max': 12.0, 'prob_clip': 0.0013783660844001815, 'n_components': 20, 'logistic_c': 1.0011977442617956e-07, 'pca_fit': 'combined', 'solver': 'lbfgs', 'max_iter': 2000, 'fit_intercept': True, 'standardize_with_source': True, 'rho': 0.85}
[I 2026-06-01 14:52:38,053] Trial 74 finished with value: 0.1996523245881086 and parameters: {'alpha': 691426.6985307486, 'n_pcs': 2000, 'iw_method': 'pc_logistic', 'iw_clip_max': 12.0, 'iw_prob_clip': 0.0013783660844001815, 'iw_n_components': 20, 'iw_logistic_c': 1.0011977442617956e-07, 'iw_pca_fit': 'combined', 'iw_solver': 'lbfgs', 'iw_rho': 0.85}. Best is trial 70 with value: 0.21147766001066964.
2026-06-01 14:52:38 | INFO | Trial 75 | outer=3 | alpha=1.802e+05 n_pcs=2500 (pc_topk) weight={'name': 'pc_logistic', 'floor': 1e-06, 'clip_max': 12.0, 'prob_clip': 0.0013868487997238724, 'n_components': 20, 'logistic_c': 1.2371979685199288e-06, 'pca_fit': 'combined', 'solver': 'lbfgs', 'max_iter': 2000, 'fit_intercept': True, 'standardize_with_source': True, 'rho': 0.85}
[I 2026-06-01 14:52:45,300] Trial 75 finished with value: 0.21094374203029767 and parameters: {'alpha': 180158.5157089581, 'n_pcs': 2500, 'iw_method': 'pc_logistic', 'iw_clip_max': 12.0, 'iw_prob_clip': 0.0013868487997238724, 'iw_n_components': 20, 'iw_logistic_c': 1.2371979685199288e-06, 'iw_pca_fit': 'combined', 'iw_solver': 'lbfgs', 'iw_rho': 0.85}. Best is trial 70 with value: 0.21147766001066964.
2026-06-01 14:52:45 | INFO | Trial 76 | outer=3 | alpha=3.892e+05 n_pcs=2500 (pc_topk) weight={'name': 'pc_logistic', 'floor': 1e-06, 'clip_max': 12.0, 'prob_clip': 0.001321001036699369, 'n_components': 20, 'logistic_c': 9.052070808195802e-07, 'pca_fit': 'combined', 'solver': 'lbfgs', 'max_iter': 2000, 'fit_intercept': True, 'standardize_with_source': True, 'rho': 0.85}
[I 2026-06-01 14:52:51,715] Trial 76 finished with value: 0.20567118360542516 and parameters: {'alpha': 389189.5414975656, 'n_pcs': 2500, 'iw_method': 'pc_logistic', 'iw_clip_max': 12.0, 'iw_prob_clip': 0.001321001036699369, 'iw_n_components': 20, 'iw_logistic_c': 9.052070808195802e-07, 'iw_pca_fit': 'combined', 'iw_solver': 'lbfgs', 'iw_rho': 0.85}. Best is trial 70 with value: 0.21147766001066964.
2026-06-01 14:52:51 | INFO | Trial 77 | outer=3 | alpha=7.494e+05 n_pcs=2500 (pc_topk) weight={'name': 'pc_logistic', 'floor': 1e-06, 'clip_max': 12.0, 'prob_clip': 0.0013902227174068561, 'n_components': 20, 'logistic_c': 1.2337651281918486e-06, 'pca_fit': 'combined', 'solver': 'lbfgs', 'max_iter': 2000, 'fit_intercept': True, 'standardize_with_source': True, 'rho': 0.85}
[I 2026-06-01 14:52:58,784] Trial 77 finished with value: 0.20224143385446403 and parameters: {'alpha': 749441.0722355421, 'n_pcs': 2500, 'iw_method': 'pc_logistic', 'iw_clip_max': 12.0, 'iw_prob_clip': 0.0013902227174068561, 'iw_n_components': 20, 'iw_logistic_c': 1.2337651281918486e-06, 'iw_pca_fit': 'combined', 'iw_solver': 'lbfgs', 'iw_rho': 0.85}. Best is trial 70 with value: 0.21147766001066964.
2026-06-01 14:52:58 | INFO | Trial 78 | outer=3 | alpha=3.838e+05 n_pcs=2000 (pc_topk) weight={'name': 'pc_logistic', 'floor': 1e-06, 'clip_max': 12.0, 'prob_clip': 0.0011441974951776027, 'n_components': 20, 'logistic_c': 1.4779122336200366e-07, 'pca_fit': 'combined', 'solver': 'lbfgs', 'max_iter': 2000, 'fit_intercept': True, 'standardize_with_source': True, 'rho': 0.85}
[I 2026-06-01 14:53:05,708] Trial 78 finished with value: 0.20313817226458034 and parameters: {'alpha': 383774.8548803249, 'n_pcs': 2000, 'iw_method': 'pc_logistic', 'iw_clip_max': 12.0, 'iw_prob_clip': 0.0011441974951776027, 'iw_n_components': 20, 'iw_logistic_c': 1.4779122336200366e-07, 'iw_pca_fit': 'combined', 'iw_solver': 'lbfgs', 'iw_rho': 0.85}. Best is trial 70 with value: 0.21147766001066964.
2026-06-01 14:53:05 | INFO | Trial 79 | outer=3 | alpha=1.138e+06 n_pcs=2500 (pc_topk) weight={'name': 'pc_logistic', 'floor': 1e-06, 'clip_max': 12.0, 'prob_clip': 0.002124965549393406, 'n_components': 20, 'logistic_c': 3.830949571704876e-06, 'pca_fit': 'combined', 'solver': 'lbfgs', 'max_iter': 2000, 'fit_intercept': True, 'standardize_with_source': True, 'rho': 0.85}
[I 2026-06-01 14:53:13,435] Trial 79 finished with value: 0.20008982871572406 and parameters: {'alpha': 1137804.503129303, 'n_pcs': 2500, 'iw_method': 'pc_logistic', 'iw_clip_max': 12.0, 'iw_prob_clip': 0.002124965549393406, 'iw_n_components': 20, 'iw_logistic_c': 3.830949571704876e-06, 'iw_pca_fit': 'combined', 'iw_solver': 'lbfgs', 'iw_rho': 0.85}. Best is trial 70 with value: 0.21147766001066964.
2026-06-01 14:53:13 | INFO | Trial 80 | outer=3 | alpha=1.957e+05 n_pcs=1500 (pc_topk) weight={'name': 'pc_logistic', 'floor': 1e-06, 'clip_max': 12.0, 'prob_clip': 0.0010165115306116361, 'n_components': 20, 'logistic_c': 7.255228344106773e-07, 'pca_fit': 'combined', 'solver': 'lbfgs', 'max_iter': 2000, 'fit_intercept': True, 'standardize_with_source': True, 'rho': 0.85}
[I 2026-06-01 14:53:19,698] Trial 80 finished with value: 0.19950544180443455 and parameters: {'alpha': 195749.70201926207, 'n_pcs': 1500, 'iw_method': 'pc_logistic', 'iw_clip_max': 12.0, 'iw_prob_clip': 0.0010165115306116361, 'iw_n_components': 20, 'iw_logistic_c': 7.255228344106773e-07, 'iw_pca_fit': 'combined', 'iw_solver': 'lbfgs', 'iw_rho': 0.85}. Best is trial 70 with value: 0.21147766001066964.
2026-06-01 14:53:19 | INFO | Trial 81 | outer=3 | alpha=2.772e+05 n_pcs=2500 (pc_topk) weight={'name': 'pc_logistic', 'floor': 1e-06, 'clip_max': 12.0, 'prob_clip': 0.0022893352375954455, 'n_components': 20, 'logistic_c': 1.197681043837234e-07, 'pca_fit': 'combined', 'solver': 'lbfgs', 'max_iter': 2000, 'fit_intercept': True, 'standardize_with_source': True, 'rho': 0.85}
[I 2026-06-01 14:53:25,647] Trial 81 finished with value: 0.20617685696490717 and parameters: {'alpha': 277213.1020681315, 'n_pcs': 2500, 'iw_method': 'pc_logistic', 'iw_clip_max': 12.0, 'iw_prob_clip': 0.0022893352375954455, 'iw_n_components': 20, 'iw_logistic_c': 1.197681043837234e-07, 'iw_pca_fit': 'combined', 'iw_solver': 'lbfgs', 'iw_rho': 0.85}. Best is trial 70 with value: 0.21147766001066964.
2026-06-01 14:53:25 | INFO | Trial 82 | outer=3 | alpha=2.594e+05 n_pcs=3000 (pc_topk) weight={'name': 'pc_logistic', 'floor': 1e-06, 'clip_max': 12.0, 'prob_clip': 0.002297542656680797, 'n_components': 20, 'logistic_c': 1.0225247211923021e-07, 'pca_fit': 'combined', 'solver': 'lbfgs', 'max_iter': 2000, 'fit_intercept': True, 'standardize_with_source': True, 'rho': 0.85}
[I 2026-06-01 14:53:33,323] Trial 82 finished with value: 0.20124239589274046 and parameters: {'alpha': 259389.09944224491, 'n_pcs': 3000, 'iw_method': 'pc_logistic', 'iw_clip_max': 12.0, 'iw_prob_clip': 0.002297542656680797, 'iw_n_components': 20, 'iw_logistic_c': 1.0225247211923021e-07, 'iw_pca_fit': 'combined', 'iw_solver': 'lbfgs', 'iw_rho': 0.85}. Best is trial 70 with value: 0.21147766001066964.
2026-06-01 14:53:33 | INFO | Trial 83 | outer=3 | alpha=3.427e+05 n_pcs=2500 (pc_topk) weight={'name': 'pc_logistic', 'floor': 1e-06, 'clip_max': 12.0, 'prob_clip': 0.0009279164742838715, 'n_components': 20, 'logistic_c': 7.23046745475731e-07, 'pca_fit': 'combined', 'solver': 'lbfgs', 'max_iter': 2000, 'fit_intercept': True, 'standardize_with_source': True, 'rho': 0.85}
[I 2026-06-01 14:53:40,288] Trial 83 finished with value: 0.20616054213822407 and parameters: {'alpha': 342744.55419851403, 'n_pcs': 2500, 'iw_method': 'pc_logistic', 'iw_clip_max': 12.0, 'iw_prob_clip': 0.0009279164742838715, 'iw_n_components': 20, 'iw_logistic_c': 7.23046745475731e-07, 'iw_pca_fit': 'combined', 'iw_solver': 'lbfgs', 'iw_rho': 0.85}. Best is trial 70 with value: 0.21147766001066964.
2026-06-01 14:53:40 | INFO | Trial 84 | outer=3 | alpha=1.348e+05 n_pcs=1500 (pc_topk) weight={'name': 'pc_logistic', 'floor': 1e-06, 'clip_max': 12.0, 'prob_clip': 0.000865366581343686, 'n_components': 20, 'logistic_c': 1.0005619646846235e-07, 'pca_fit': 'combined', 'solver': 'lbfgs', 'max_iter': 2000, 'fit_intercept': True, 'standardize_with_source': True, 'rho': 0.85}
[I 2026-06-01 14:53:46,028] Trial 84 finished with value: 0.1978906237721894 and parameters: {'alpha': 134789.05997535778, 'n_pcs': 1500, 'iw_method': 'pc_logistic', 'iw_clip_max': 12.0, 'iw_prob_clip': 0.000865366581343686, 'iw_n_components': 20, 'iw_logistic_c': 1.0005619646846235e-07, 'iw_pca_fit': 'combined', 'iw_solver': 'lbfgs', 'iw_rho': 0.85}. Best is trial 70 with value: 0.21147766001066964.
2026-06-01 14:53:46 | INFO | Trial 85 | outer=3 | alpha=1.931e+05 n_pcs=2000 (pc_topk) weight={'name': 'pc_logistic', 'floor': 1e-06, 'clip_max': 12.0, 'prob_clip': 0.002031509974877411, 'n_components': 20, 'logistic_c': 4.685056530392038e-06, 'pca_fit': 'combined', 'solver': 'lbfgs', 'max_iter': 2000, 'fit_intercept': True, 'standardize_with_source': True, 'rho': 0.85}
[I 2026-06-01 14:53:52,519] Trial 85 finished with value: 0.2088260466260375 and parameters: {'alpha': 193112.27914307715, 'n_pcs': 2000, 'iw_method': 'pc_logistic', 'iw_clip_max': 12.0, 'iw_prob_clip': 0.002031509974877411, 'iw_n_components': 20, 'iw_logistic_c': 4.685056530392038e-06, 'iw_pca_fit': 'combined', 'iw_solver': 'lbfgs', 'iw_rho': 0.85}. Best is trial 70 with value: 0.21147766001066964.
2026-06-01 14:53:52 | INFO | Trial 86 | outer=3 | alpha=1.908e+05 n_pcs=2000 (pc_topk) weight={'name': 'pc_logistic', 'floor': 1e-06, 'clip_max': 12.0, 'prob_clip': 0.0020208198271207366, 'n_components': 20, 'logistic_c': 1.2750225321909187e-05, 'pca_fit': 'combined', 'solver': 'lbfgs', 'max_iter': 2000, 'fit_intercept': True, 'standardize_with_source': True, 'rho': 0.85}
[I 2026-06-01 14:53:59,966] Trial 86 finished with value: 0.20133906561823833 and parameters: {'alpha': 190805.58131732763, 'n_pcs': 2000, 'iw_method': 'pc_logistic', 'iw_clip_max': 12.0, 'iw_prob_clip': 0.0020208198271207366, 'iw_n_components': 20, 'iw_logistic_c': 1.2750225321909187e-05, 'iw_pca_fit': 'combined', 'iw_solver': 'lbfgs', 'iw_rho': 0.85}. Best is trial 70 with value: 0.21147766001066964.
2026-06-01 14:53:59 | INFO | Trial 87 | outer=3 | alpha=5.009e+05 n_pcs=2000 (pc_topk) weight={'name': 'pc_logistic', 'floor': 1e-06, 'clip_max': 12.0, 'prob_clip': 0.0027444017120150533, 'n_components': 20, 'logistic_c': 3.4406027101677485e-07, 'pca_fit': 'combined', 'solver': 'lbfgs', 'max_iter': 2000, 'fit_intercept': True, 'standardize_with_source': True, 'rho': 0.85}
[I 2026-06-01 14:54:07,081] Trial 87 finished with value: 0.2021201187414634 and parameters: {'alpha': 500916.56515873974, 'n_pcs': 2000, 'iw_method': 'pc_logistic', 'iw_clip_max': 12.0, 'iw_prob_clip': 0.0027444017120150533, 'iw_n_components': 20, 'iw_logistic_c': 3.4406027101677485e-07, 'iw_pca_fit': 'combined', 'iw_solver': 'lbfgs', 'iw_rho': 0.85}. Best is trial 70 with value: 0.21147766001066964.
2026-06-01 14:54:07 | INFO | Trial 88 | outer=3 | alpha=2.451e+05 n_pcs=2000 (pc_topk) weight={'name': 'pc_logistic', 'floor': 1e-06, 'clip_max': 12.0, 'prob_clip': 0.0017163406592618847, 'n_components': 20, 'logistic_c': 1.7330418721133212e-06, 'pca_fit': 'combined', 'solver': 'lbfgs', 'max_iter': 2000, 'fit_intercept': True, 'standardize_with_source': True, 'rho': 0.85}
[I 2026-06-01 14:54:13,665] Trial 88 finished with value: 0.20876483646195965 and parameters: {'alpha': 245143.32960314702, 'n_pcs': 2000, 'iw_method': 'pc_logistic', 'iw_clip_max': 12.0, 'iw_prob_clip': 0.0017163406592618847, 'iw_n_components': 20, 'iw_logistic_c': 1.7330418721133212e-06, 'iw_pca_fit': 'combined', 'iw_solver': 'lbfgs', 'iw_rho': 0.85}. Best is trial 70 with value: 0.21147766001066964.
2026-06-01 14:54:13 | INFO | Trial 89 | outer=3 | alpha=1.664e+05 n_pcs=2000 (pc_topk) weight={'name': 'pc_logistic', 'floor': 1e-06, 'clip_max': 12.0, 'prob_clip': 0.0015723504631528116, 'n_components': 20, 'logistic_c': 3.1498343291091866e-06, 'pca_fit': 'combined', 'solver': 'lbfgs', 'max_iter': 2000, 'fit_intercept': True, 'standardize_with_source': True, 'rho': 0.85}
[I 2026-06-01 14:54:21,347] Trial 89 finished with value: 0.21049455474352272 and parameters: {'alpha': 166380.0713187511, 'n_pcs': 2000, 'iw_method': 'pc_logistic', 'iw_clip_max': 12.0, 'iw_prob_clip': 0.0015723504631528116, 'iw_n_components': 20, 'iw_logistic_c': 3.1498343291091866e-06, 'iw_pca_fit': 'combined', 'iw_solver': 'lbfgs', 'iw_rho': 0.85}. Best is trial 70 with value: 0.21147766001066964.
2026-06-01 14:54:21 | INFO | Trial 90 | outer=3 | alpha=1.395e+05 n_pcs=2000 (pc_topk) weight={'name': 'pc_logistic', 'floor': 1e-06, 'clip_max': 12.0, 'prob_clip': 0.0016509902105342107, 'n_components': 20, 'logistic_c': 2.6748842376840413e-06, 'pca_fit': 'combined', 'solver': 'lbfgs', 'max_iter': 2000, 'fit_intercept': True, 'standardize_with_source': True, 'rho': 0.85}
[I 2026-06-01 14:54:27,926] Trial 90 finished with value: 0.21086705842442616 and parameters: {'alpha': 139474.98572024883, 'n_pcs': 2000, 'iw_method': 'pc_logistic', 'iw_clip_max': 12.0, 'iw_prob_clip': 0.0016509902105342107, 'iw_n_components': 20, 'iw_logistic_c': 2.6748842376840413e-06, 'iw_pca_fit': 'combined', 'iw_solver': 'lbfgs', 'iw_rho': 0.85}. Best is trial 70 with value: 0.21147766001066964.
2026-06-01 14:54:27 | INFO | Trial 91 | outer=3 | alpha=1.389e+05 n_pcs=2000 (pc_topk) weight={'name': 'pc_logistic', 'floor': 1e-06, 'clip_max': 12.0, 'prob_clip': 0.001478044909990254, 'n_components': 20, 'logistic_c': 4.092870481858024e-06, 'pca_fit': 'combined', 'solver': 'lbfgs', 'max_iter': 2000, 'fit_intercept': True, 'standardize_with_source': True, 'rho': 0.85}
[I 2026-06-01 14:54:34,952] Trial 91 finished with value: 0.21006622884907017 and parameters: {'alpha': 138880.6476143822, 'n_pcs': 2000, 'iw_method': 'pc_logistic', 'iw_clip_max': 12.0, 'iw_prob_clip': 0.001478044909990254, 'iw_n_components': 20, 'iw_logistic_c': 4.092870481858024e-06, 'iw_pca_fit': 'combined', 'iw_solver': 'lbfgs', 'iw_rho': 0.85}. Best is trial 70 with value: 0.21147766001066964.
2026-06-01 14:54:34 | INFO | Trial 92 | outer=3 | alpha=1.440e+05 n_pcs=1500 (pc_topk) weight={'name': 'pc_logistic', 'floor': 1e-06, 'clip_max': 12.0, 'prob_clip': 0.0017030029340345779, 'n_components': 20, 'logistic_c': 4.237162800504291e-06, 'pca_fit': 'combined', 'solver': 'lbfgs', 'max_iter': 2000, 'fit_intercept': True, 'standardize_with_source': True, 'rho': 0.85}
[I 2026-06-01 14:54:41,462] Trial 92 finished with value: 0.20221412194736588 and parameters: {'alpha': 144020.79934836985, 'n_pcs': 1500, 'iw_method': 'pc_logistic', 'iw_clip_max': 12.0, 'iw_prob_clip': 0.0017030029340345779, 'iw_n_components': 20, 'iw_logistic_c': 4.237162800504291e-06, 'iw_pca_fit': 'combined', 'iw_solver': 'lbfgs', 'iw_rho': 0.85}. Best is trial 70 with value: 0.21147766001066964.
2026-06-01 14:54:41 | INFO | Trial 93 | outer=3 | alpha=2.520e+05 n_pcs=2000 (pc_topk) weight={'name': 'pc_logistic', 'floor': 1e-06, 'clip_max': 12.0, 'prob_clip': 0.0017042877329524005, 'n_components': 20, 'logistic_c': 2.2658572455575868e-05, 'pca_fit': 'combined', 'solver': 'lbfgs', 'max_iter': 2000, 'fit_intercept': True, 'standardize_with_source': True, 'rho': 0.85}
[I 2026-06-01 14:54:48,587] Trial 93 finished with value: 0.1892658412676294 and parameters: {'alpha': 251987.09171549347, 'n_pcs': 2000, 'iw_method': 'pc_logistic', 'iw_clip_max': 12.0, 'iw_prob_clip': 0.0017042877329524005, 'iw_n_components': 20, 'iw_logistic_c': 2.2658572455575868e-05, 'iw_pca_fit': 'combined', 'iw_solver': 'lbfgs', 'iw_rho': 0.85}. Best is trial 70 with value: 0.21147766001066964.
2026-06-01 14:54:48 | INFO | Trial 94 | outer=3 | alpha=1.232e+05 n_pcs=1500 (pc_topk) weight={'name': 'pc_logistic', 'floor': 1e-06, 'clip_max': 12.0, 'prob_clip': 0.0016572972477700172, 'n_components': 20, 'logistic_c': 2.7124107872058522e-06, 'pca_fit': 'combined', 'solver': 'lbfgs', 'max_iter': 2000, 'fit_intercept': True, 'standardize_with_source': True, 'rho': 0.85}
[I 2026-06-01 14:54:55,237] Trial 94 finished with value: 0.202038634656264 and parameters: {'alpha': 123225.23191828892, 'n_pcs': 1500, 'iw_method': 'pc_logistic', 'iw_clip_max': 12.0, 'iw_prob_clip': 0.0016572972477700172, 'iw_n_components': 20, 'iw_logistic_c': 2.7124107872058522e-06, 'iw_pca_fit': 'combined', 'iw_solver': 'lbfgs', 'iw_rho': 0.85}. Best is trial 70 with value: 0.21147766001066964.
2026-06-01 14:54:55 | INFO | Trial 95 | outer=3 | alpha=1.617e+05 n_pcs=2000 (pc_topk) weight={'name': 'pc_logistic', 'floor': 1e-06, 'clip_max': 1.5, 'prob_clip': 0.0016705620232516356, 'n_components': 20, 'logistic_c': 8.12200007372967e-06, 'pca_fit': 'combined', 'solver': 'lbfgs', 'max_iter': 2000, 'fit_intercept': True, 'standardize_with_source': True, 'rho': 0.85}
[I 2026-06-01 14:55:01,597] Trial 95 finished with value: 0.20907019011144415 and parameters: {'alpha': 161665.88643009344, 'n_pcs': 2000, 'iw_method': 'pc_logistic', 'iw_clip_max': 1.5, 'iw_prob_clip': 0.0016705620232516356, 'iw_n_components': 20, 'iw_logistic_c': 8.12200007372967e-06, 'iw_pca_fit': 'combined', 'iw_solver': 'lbfgs', 'iw_rho': 0.85}. Best is trial 70 with value: 0.21147766001066964.
2026-06-01 14:55:01 | INFO | Trial 96 | outer=3 | alpha=1.547e+05 n_pcs=2500 (pc_topk) weight={'name': 'pc_logistic', 'floor': 1e-06, 'clip_max': 1.5, 'prob_clip': 0.0018527966865201644, 'n_components': 80, 'logistic_c': 1.002758697114993e-05, 'pca_fit': 'combined', 'solver': 'lbfgs', 'max_iter': 2000, 'fit_intercept': True, 'standardize_with_source': True, 'rho': 0.85}
[I 2026-06-01 14:55:09,460] Trial 96 finished with value: 0.2123273808164782 and parameters: {'alpha': 154746.39098218278, 'n_pcs': 2500, 'iw_method': 'pc_logistic', 'iw_clip_max': 1.5, 'iw_prob_clip': 0.0018527966865201644, 'iw_n_components': 80, 'iw_logistic_c': 1.002758697114993e-05, 'iw_pca_fit': 'combined', 'iw_solver': 'lbfgs', 'iw_rho': 0.85}. Best is trial 96 with value: 0.2123273808164782.
2026-06-01 14:55:09 | INFO | Trial 97 | outer=3 | alpha=2.134e+03 n_pcs=2500 (pc_topk) weight={'name': 'pc_logistic', 'floor': 1e-06, 'clip_max': 1.5, 'prob_clip': 0.003799723242837949, 'n_components': 80, 'logistic_c': 8.484491886074897e-06, 'pca_fit': 'combined', 'solver': 'lbfgs', 'max_iter': 2000, 'fit_intercept': True, 'standardize_with_source': True, 'rho': 0.85}
[I 2026-06-01 14:55:16,969] Trial 97 finished with value: 0.15113168328047683 and parameters: {'alpha': 2133.747732844925, 'n_pcs': 2500, 'iw_method': 'pc_logistic', 'iw_clip_max': 1.5, 'iw_prob_clip': 0.003799723242837949, 'iw_n_components': 80, 'iw_logistic_c': 8.484491886074897e-06, 'iw_pca_fit': 'combined', 'iw_solver': 'lbfgs', 'iw_rho': 0.85}. Best is trial 96 with value: 0.2123273808164782.
2026-06-01 14:55:16 | INFO | Trial 98 | outer=3 | alpha=1.546e+05 n_pcs=3000 (pc_topk) weight={'name': 'pc_logistic', 'floor': 1e-06, 'clip_max': 1.5, 'prob_clip': 0.001960485591096429, 'n_components': 80, 'logistic_c': 5.034723851017334e-05, 'pca_fit': 'combined', 'solver': 'lbfgs', 'max_iter': 2000, 'fit_intercept': True, 'standardize_with_source': True, 'rho': 0.85}
[I 2026-06-01 14:55:25,431] Trial 98 finished with value: 0.20670147365280434 and parameters: {'alpha': 154551.74287292152, 'n_pcs': 3000, 'iw_method': 'pc_logistic', 'iw_clip_max': 1.5, 'iw_prob_clip': 0.001960485591096429, 'iw_n_components': 80, 'iw_logistic_c': 5.034723851017334e-05, 'iw_pca_fit': 'combined', 'iw_solver': 'lbfgs', 'iw_rho': 0.85}. Best is trial 96 with value: 0.2123273808164782.
2026-06-01 14:55:25 | INFO | Trial 99 | outer=3 | alpha=9.713e+06 n_pcs=2500 (pc_topk) weight={'name': 'pc_logistic', 'floor': 1e-06, 'clip_max': 1.5, 'prob_clip': 0.002864516125535335, 'n_components': 80, 'logistic_c': 1.9451228222872698e-06, 'pca_fit': 'combined', 'solver': 'lbfgs', 'max_iter': 2000, 'fit_intercept': True, 'standardize_with_source': True, 'rho': 1.0}
[I 2026-06-01 14:55:32,347] Trial 99 finished with value: 0.196796687634169 and parameters: {'alpha': 9712876.011535553, 'n_pcs': 2500, 'iw_method': 'pc_logistic', 'iw_clip_max': 1.5, 'iw_prob_clip': 0.002864516125535335, 'iw_n_components': 80, 'iw_logistic_c': 1.9451228222872698e-06, 'iw_pca_fit': 'combined', 'iw_solver': 'lbfgs', 'iw_rho': 1.0}. Best is trial 96 with value: 0.2123273808164782.
2026-06-01 14:55:32 | INFO | Trial 100 | outer=3 | alpha=1.080e+05 n_pcs=1000 (pc_topk) weight={'name': 'pc_logistic', 'floor': 1e-06, 'clip_max': 1.5, 'prob_clip': 0.0010575529667538324, 'n_components': 100, 'logistic_c': 1.0001399984364336e-05, 'pca_fit': 'combined', 'solver': 'lbfgs', 'max_iter': 2000, 'fit_intercept': True, 'standardize_with_source': True, 'rho': 0.7}
[I 2026-06-01 14:55:38,907] Trial 100 finished with value: 0.19902154721199158 and parameters: {'alpha': 108021.34571826902, 'n_pcs': 1000, 'iw_method': 'pc_logistic', 'iw_clip_max': 1.5, 'iw_prob_clip': 0.0010575529667538324, 'iw_n_components': 100, 'iw_logistic_c': 1.0001399984364336e-05, 'iw_pca_fit': 'combined', 'iw_solver': 'lbfgs', 'iw_rho': 0.7}. Best is trial 96 with value: 0.2123273808164782.
2026-06-01 14:55:38 | INFO | Trial 101 | outer=3 | alpha=2.258e+05 n_pcs=2000 (pc_topk) weight={'name': 'pc_logistic', 'floor': 1e-06, 'clip_max': 1.5, 'prob_clip': 0.0017443756166232165, 'n_components': 20, 'logistic_c': 2.359063747796328e-06, 'pca_fit': 'combined', 'solver': 'lbfgs', 'max_iter': 2000, 'fit_intercept': True, 'standardize_with_source': True, 'rho': 0.85}
[I 2026-06-01 14:55:44,907] Trial 101 finished with value: 0.20915608078959408 and parameters: {'alpha': 225779.97889358678, 'n_pcs': 2000, 'iw_method': 'pc_logistic', 'iw_clip_max': 1.5, 'iw_prob_clip': 0.0017443756166232165, 'iw_n_components': 20, 'iw_logistic_c': 2.359063747796328e-06, 'iw_pca_fit': 'combined', 'iw_solver': 'lbfgs', 'iw_rho': 0.85}. Best is trial 96 with value: 0.2123273808164782.
2026-06-01 14:55:44 | INFO | Trial 102 | outer=3 | alpha=2.223e+05 n_pcs=2000 (pc_topk) weight={'name': 'pc_logistic', 'floor': 1e-06, 'clip_max': 1.5, 'prob_clip': 0.0017032777816703634, 'n_components': 20, 'logistic_c': 2.1291559238579687e-06, 'pca_fit': 'combined', 'solver': 'lbfgs', 'max_iter': 2000, 'fit_intercept': True, 'standardize_with_source': True, 'rho': 0.85}
[I 2026-06-01 14:55:51,326] Trial 102 finished with value: 0.20914708582921895 and parameters: {'alpha': 222256.36443281162, 'n_pcs': 2000, 'iw_method': 'pc_logistic', 'iw_clip_max': 1.5, 'iw_prob_clip': 0.0017032777816703634, 'iw_n_components': 20, 'iw_logistic_c': 2.1291559238579687e-06, 'iw_pca_fit': 'combined', 'iw_solver': 'lbfgs', 'iw_rho': 0.85}. Best is trial 96 with value: 0.2123273808164782.
2026-06-01 14:55:51 | INFO | Trial 103 | outer=3 | alpha=2.318e+05 n_pcs=1500 (pc_topk) weight={'name': 'pc_logistic', 'floor': 1e-06, 'clip_max': 1.5, 'prob_clip': 0.001768511000926081, 'n_components': 20, 'logistic_c': 2.0557765492248142e-06, 'pca_fit': 'combined', 'solver': 'lbfgs', 'max_iter': 2000, 'fit_intercept': True, 'standardize_with_source': True, 'rho': 0.85}
[I 2026-06-01 14:55:57,817] Trial 103 finished with value: 0.20118726028562187 and parameters: {'alpha': 231776.86915327224, 'n_pcs': 1500, 'iw_method': 'pc_logistic', 'iw_clip_max': 1.5, 'iw_prob_clip': 0.001768511000926081, 'iw_n_components': 20, 'iw_logistic_c': 2.0557765492248142e-06, 'iw_pca_fit': 'combined', 'iw_solver': 'lbfgs', 'iw_rho': 0.85}. Best is trial 96 with value: 0.2123273808164782.
2026-06-01 14:55:57 | INFO | Trial 104 | outer=3 | alpha=4.561e+05 n_pcs=2500 (pc_topk) weight={'name': 'pc_logistic', 'floor': 1e-06, 'clip_max': 1.5, 'prob_clip': 0.0018269239506782488, 'n_components': 20, 'logistic_c': 6.364708717548628e-06, 'pca_fit': 'combined', 'solver': 'lbfgs', 'max_iter': 2000, 'fit_intercept': True, 'standardize_with_source': True, 'rho': 0.85}
[I 2026-06-01 14:56:05,488] Trial 104 finished with value: 0.2054853414296201 and parameters: {'alpha': 456148.50333190983, 'n_pcs': 2500, 'iw_method': 'pc_logistic', 'iw_clip_max': 1.5, 'iw_prob_clip': 0.0018269239506782488, 'iw_n_components': 20, 'iw_logistic_c': 6.364708717548628e-06, 'iw_pca_fit': 'combined', 'iw_solver': 'lbfgs', 'iw_rho': 0.85}. Best is trial 96 with value: 0.2123273808164782.
2026-06-01 14:56:05 | INFO | Trial 105 | outer=3 | alpha=3.069e+05 n_pcs=2000 (pc_topk) weight={'name': 'pc_logistic', 'floor': 1e-06, 'clip_max': 7.0, 'prob_clip': 0.002343293619548544, 'n_components': 20, 'logistic_c': 2.2404609205260126e-06, 'pca_fit': 'combined', 'solver': 'lbfgs', 'max_iter': 2000, 'fit_intercept': True, 'standardize_with_source': True, 'rho': 0.85}
[I 2026-06-01 14:56:11,338] Trial 105 finished with value: 0.207988058986603 and parameters: {'alpha': 306908.9604736064, 'n_pcs': 2000, 'iw_method': 'pc_logistic', 'iw_clip_max': 7.0, 'iw_prob_clip': 0.002343293619548544, 'iw_n_components': 20, 'iw_logistic_c': 2.2404609205260126e-06, 'iw_pca_fit': 'combined', 'iw_solver': 'lbfgs', 'iw_rho': 0.85}. Best is trial 96 with value: 0.2123273808164782.
2026-06-01 14:56:11 | INFO | Trial 106 | outer=3 | alpha=2.260e+05 n_pcs=2500 (pc_topk) weight={'name': 'pc_logistic', 'floor': 1e-06, 'clip_max': 1.5, 'prob_clip': 0.001156517791304619, 'n_components': 20, 'logistic_c': 5.031675925870444e-06, 'pca_fit': 'combined', 'solver': 'lbfgs', 'max_iter': 2000, 'fit_intercept': True, 'standardize_with_source': True, 'rho': 0.3}
[I 2026-06-01 14:56:18,007] Trial 106 finished with value: 0.20867913274942085 and parameters: {'alpha': 226004.5278792322, 'n_pcs': 2500, 'iw_method': 'pc_logistic', 'iw_clip_max': 1.5, 'iw_prob_clip': 0.001156517791304619, 'iw_n_components': 20, 'iw_logistic_c': 5.031675925870444e-06, 'iw_pca_fit': 'combined', 'iw_solver': 'lbfgs', 'iw_rho': 0.3}. Best is trial 96 with value: 0.2123273808164782.
2026-06-01 14:56:18 | INFO | Trial 107 | outer=3 | alpha=1.022e+05 n_pcs=2000 (pc_topk) weight={'name': 'pc_logistic', 'floor': 1e-06, 'clip_max': 1.5, 'prob_clip': 0.001627208680496585, 'n_components': 10, 'logistic_c': 2.0811343852972352e-05, 'pca_fit': 'combined', 'solver': 'lbfgs', 'max_iter': 2000, 'fit_intercept': True, 'standardize_with_source': True, 'rho': 0.85}
[I 2026-06-01 14:56:23,878] Trial 107 finished with value: 0.2093876825644015 and parameters: {'alpha': 102174.65322349992, 'n_pcs': 2000, 'iw_method': 'pc_logistic', 'iw_clip_max': 1.5, 'iw_prob_clip': 0.001627208680496585, 'iw_n_components': 10, 'iw_logistic_c': 2.0811343852972352e-05, 'iw_pca_fit': 'combined', 'iw_solver': 'lbfgs', 'iw_rho': 0.85}. Best is trial 96 with value: 0.2123273808164782.
2026-06-01 14:56:23 | INFO | Trial 108 | outer=3 | alpha=6.375e+04 n_pcs=2000 (pc_topk) weight={'name': 'pc_logistic', 'floor': 1e-06, 'clip_max': 1.5, 'prob_clip': 0.0015293892106516564, 'n_components': 10, 'logistic_c': 1.9387983598023975e-05, 'pca_fit': 'combined', 'solver': 'lbfgs', 'max_iter': 2000, 'fit_intercept': True, 'standardize_with_source': True, 'rho': 0.5}
[I 2026-06-01 14:56:30,108] Trial 108 finished with value: 0.20753337008249456 and parameters: {'alpha': 63745.819068163975, 'n_pcs': 2000, 'iw_method': 'pc_logistic', 'iw_clip_max': 1.5, 'iw_prob_clip': 0.0015293892106516564, 'iw_n_components': 10, 'iw_logistic_c': 1.9387983598023975e-05, 'iw_pca_fit': 'combined', 'iw_solver': 'lbfgs', 'iw_rho': 0.5}. Best is trial 96 with value: 0.2123273808164782.
2026-06-01 14:56:30 | INFO | Trial 109 | outer=3 | alpha=1.055e+05 n_pcs=2500 (pc_topk) weight={'name': 'pc_logistic', 'floor': 1e-06, 'clip_max': 1.5, 'prob_clip': 0.0007343781718663905, 'n_components': 60, 'logistic_c': 0.00028123188509430476, 'pca_fit': 'combined', 'solver': 'lbfgs', 'max_iter': 2000, 'fit_intercept': True, 'standardize_with_source': True, 'rho': 0.85}
[I 2026-06-01 14:56:39,608] Trial 109 finished with value: 0.21235390537294901 and parameters: {'alpha': 105529.73493686468, 'n_pcs': 2500, 'iw_method': 'pc_logistic', 'iw_clip_max': 1.5, 'iw_prob_clip': 0.0007343781718663905, 'iw_n_components': 60, 'iw_logistic_c': 0.00028123188509430476, 'iw_pca_fit': 'combined', 'iw_solver': 'lbfgs', 'iw_rho': 0.85}. Best is trial 109 with value: 0.21235390537294901.
2026-06-01 14:56:39 | INFO | Trial 110 | outer=3 | alpha=9.865e+04 n_pcs=3000 (pc_topk) weight={'name': 'pc_logistic', 'floor': 1e-06, 'clip_max': 1.5, 'prob_clip': 0.0007374873898102737, 'n_components': 60, 'logistic_c': 0.0002590661277583734, 'pca_fit': 'combined', 'solver': 'lbfgs', 'max_iter': 2000, 'fit_intercept': True, 'standardize_with_source': True, 'rho': 1.0}
[I 2026-06-01 14:56:51,142] Trial 110 finished with value: 0.1989682509129796 and parameters: {'alpha': 98651.64289395428, 'n_pcs': 3000, 'iw_method': 'pc_logistic', 'iw_clip_max': 1.5, 'iw_prob_clip': 0.0007374873898102737, 'iw_n_components': 60, 'iw_logistic_c': 0.0002590661277583734, 'iw_pca_fit': 'combined', 'iw_solver': 'lbfgs', 'iw_rho': 1.0}. Best is trial 109 with value: 0.21235390537294901.
2026-06-01 14:56:51 | INFO | Trial 111 | outer=3 | alpha=1.690e+05 n_pcs=2500 (pc_topk) weight={'name': 'pc_logistic', 'floor': 1e-06, 'clip_max': 1.5, 'prob_clip': 0.0005606656734077706, 'n_components': 60, 'logistic_c': 6.725492088253425e-05, 'pca_fit': 'combined', 'solver': 'lbfgs', 'max_iter': 2000, 'fit_intercept': True, 'standardize_with_source': True, 'rho': 0.85}
[I 2026-06-01 14:56:58,892] Trial 111 finished with value: 0.21240065191078675 and parameters: {'alpha': 169037.26978885007, 'n_pcs': 2500, 'iw_method': 'pc_logistic', 'iw_clip_max': 1.5, 'iw_prob_clip': 0.0005606656734077706, 'iw_n_components': 60, 'iw_logistic_c': 6.725492088253425e-05, 'iw_pca_fit': 'combined', 'iw_solver': 'lbfgs', 'iw_rho': 0.85}. Best is trial 111 with value: 0.21240065191078675.
2026-06-01 14:56:58 | INFO | Trial 112 | outer=3 | alpha=1.206e+05 n_pcs=2500 (pc_topk) weight={'name': 'pc_logistic', 'floor': 1e-06, 'clip_max': 1.5, 'prob_clip': 0.0005163045387057548, 'n_components': 60, 'logistic_c': 0.00015751924715845192, 'pca_fit': 'combined', 'solver': 'lbfgs', 'max_iter': 2000, 'fit_intercept': True, 'standardize_with_source': True, 'rho': 0.85}
[I 2026-06-01 14:57:08,978] Trial 112 finished with value: 0.2128986174621635 and parameters: {'alpha': 120648.49960369991, 'n_pcs': 2500, 'iw_method': 'pc_logistic', 'iw_clip_max': 1.5, 'iw_prob_clip': 0.0005163045387057548, 'iw_n_components': 60, 'iw_logistic_c': 0.00015751924715845192, 'iw_pca_fit': 'combined', 'iw_solver': 'lbfgs', 'iw_rho': 0.85}. Best is trial 112 with value: 0.2128986174621635.
2026-06-01 14:57:09 | INFO | Trial 113 | outer=3 | alpha=1.253e+05 n_pcs=2500 (pc_topk) weight={'name': 'pc_logistic', 'floor': 1e-06, 'clip_max': 1.5, 'prob_clip': 0.0005160286304613463, 'n_components': 60, 'logistic_c': 0.00011809307105426751, 'pca_fit': 'combined', 'solver': 'lbfgs', 'max_iter': 2000, 'fit_intercept': True, 'standardize_with_source': True, 'rho': 0.85}
[I 2026-06-01 14:57:16,918] Trial 113 finished with value: 0.21289406020293283 and parameters: {'alpha': 125265.81483053262, 'n_pcs': 2500, 'iw_method': 'pc_logistic', 'iw_clip_max': 1.5, 'iw_prob_clip': 0.0005160286304613463, 'iw_n_components': 60, 'iw_logistic_c': 0.00011809307105426751, 'iw_pca_fit': 'combined', 'iw_solver': 'lbfgs', 'iw_rho': 0.85}. Best is trial 112 with value: 0.2128986174621635.
2026-06-01 14:57:16 | INFO | Trial 114 | outer=3 | alpha=1.164e+05 n_pcs=2500 (pc_topk) weight={'name': 'pc_logistic', 'floor': 1e-06, 'clip_max': 4.0, 'prob_clip': 0.0005290682514133201, 'n_components': 60, 'logistic_c': 0.00010700610269641433, 'pca_fit': 'combined', 'solver': 'lbfgs', 'max_iter': 2000, 'fit_intercept': True, 'standardize_with_source': True, 'rho': 0.85}
[I 2026-06-01 14:57:24,921] Trial 114 finished with value: 0.2016379444767426 and parameters: {'alpha': 116425.49718343037, 'n_pcs': 2500, 'iw_method': 'pc_logistic', 'iw_clip_max': 4.0, 'iw_prob_clip': 0.0005290682514133201, 'iw_n_components': 60, 'iw_logistic_c': 0.00010700610269641433, 'iw_pca_fit': 'combined', 'iw_solver': 'lbfgs', 'iw_rho': 0.85}. Best is trial 112 with value: 0.2128986174621635.
2026-06-01 14:57:24 | INFO | Trial 115 | outer=3 | alpha=1.280e+05 n_pcs=3000 (pc_topk) weight={'name': 'pc_logistic', 'floor': 1e-06, 'clip_max': 2.5, 'prob_clip': 0.0005904358362646693, 'n_components': 60, 'logistic_c': 0.0003650215280860927, 'pca_fit': 'combined', 'solver': 'lbfgs', 'max_iter': 2000, 'fit_intercept': True, 'standardize_with_source': True, 'rho': 0.85}
[I 2026-06-01 14:57:35,767] Trial 115 finished with value: 0.20260484366877138 and parameters: {'alpha': 128011.30531966678, 'n_pcs': 3000, 'iw_method': 'pc_logistic', 'iw_clip_max': 2.5, 'iw_prob_clip': 0.0005904358362646693, 'iw_n_components': 60, 'iw_logistic_c': 0.0003650215280860927, 'iw_pca_fit': 'combined', 'iw_solver': 'lbfgs', 'iw_rho': 0.85}. Best is trial 112 with value: 0.2128986174621635.
2026-06-01 14:57:35 | INFO | Trial 116 | outer=3 | alpha=5.372e+04 n_pcs=2500 (pc_topk) weight={'name': 'pc_logistic', 'floor': 1e-06, 'clip_max': 1.5, 'prob_clip': 0.0006487614105035968, 'n_components': 60, 'logistic_c': 0.00012995981132098383, 'pca_fit': 'combined', 'solver': 'lbfgs', 'max_iter': 2000, 'fit_intercept': True, 'standardize_with_source': True, 'rho': 0.85}
[I 2026-06-01 14:57:43,252] Trial 116 finished with value: 0.20887372945810734 and parameters: {'alpha': 53719.02529735906, 'n_pcs': 2500, 'iw_method': 'pc_logistic', 'iw_clip_max': 1.5, 'iw_prob_clip': 0.0006487614105035968, 'iw_n_components': 60, 'iw_logistic_c': 0.00012995981132098383, 'iw_pca_fit': 'combined', 'iw_solver': 'lbfgs', 'iw_rho': 0.85}. Best is trial 112 with value: 0.2128986174621635.
2026-06-01 14:57:43 | INFO | Trial 117 | outer=3 | alpha=6.528e+04 n_pcs=2500 (pc_topk) weight={'name': 'pc_logistic', 'floor': 1e-06, 'clip_max': 1.5, 'prob_clip': 0.0008357880509967195, 'n_components': 60, 'logistic_c': 0.0009431614697999496, 'pca_fit': 'combined', 'solver': 'lbfgs', 'max_iter': 2000, 'fit_intercept': True, 'standardize_with_source': True, 'rho': 0.3}
[I 2026-06-01 14:57:55,200] Trial 117 finished with value: 0.2125264712104144 and parameters: {'alpha': 65275.10915740726, 'n_pcs': 2500, 'iw_method': 'pc_logistic', 'iw_clip_max': 1.5, 'iw_prob_clip': 0.0008357880509967195, 'iw_n_components': 60, 'iw_logistic_c': 0.0009431614697999496, 'iw_pca_fit': 'combined', 'iw_solver': 'lbfgs', 'iw_rho': 0.3}. Best is trial 112 with value: 0.2128986174621635.
2026-06-01 14:57:55 | INFO | Trial 118 | outer=3 | alpha=6.737e+04 n_pcs=2500 (pc_topk) weight={'name': 'pc_logistic', 'floor': 1e-06, 'clip_max': 1.5, 'prob_clip': 0.0007032808717680435, 'n_components': 60, 'logistic_c': 0.002501204768351472, 'pca_fit': 'combined', 'solver': 'lbfgs', 'max_iter': 2000, 'fit_intercept': True, 'standardize_with_source': True, 'rho': 0.3}
[I 2026-06-01 14:58:08,048] Trial 118 finished with value: 0.21277270229176834 and parameters: {'alpha': 67371.06444301982, 'n_pcs': 2500, 'iw_method': 'pc_logistic', 'iw_clip_max': 1.5, 'iw_prob_clip': 0.0007032808717680435, 'iw_n_components': 60, 'iw_logistic_c': 0.002501204768351472, 'iw_pca_fit': 'combined', 'iw_solver': 'lbfgs', 'iw_rho': 0.3}. Best is trial 112 with value: 0.2128986174621635.
2026-06-01 14:58:08 | INFO | Trial 119 | outer=3 | alpha=6.563e+04 n_pcs=2500 (pc_topk) weight={'name': 'pc_logistic', 'floor': 1e-06, 'clip_max': 1.5, 'prob_clip': 0.0007696390112462795, 'n_components': 60, 'logistic_c': 0.002559485734596011, 'pca_fit': 'combined', 'solver': 'lbfgs', 'max_iter': 2000, 'fit_intercept': True, 'standardize_with_source': True, 'rho': 0.3}
[I 2026-06-01 14:58:20,690] Trial 119 finished with value: 0.21262562817604444 and parameters: {'alpha': 65632.4443601366, 'n_pcs': 2500, 'iw_method': 'pc_logistic', 'iw_clip_max': 1.5, 'iw_prob_clip': 0.0007696390112462795, 'iw_n_components': 60, 'iw_logistic_c': 0.002559485734596011, 'iw_pca_fit': 'combined', 'iw_solver': 'lbfgs', 'iw_rho': 0.3}. Best is trial 112 with value: 0.2128986174621635.
2026-06-01 14:58:20 | INFO | Trial 120 | outer=3 | alpha=4.856e+04 n_pcs=2500 (pc_topk) weight={'name': 'pc_logistic', 'floor': 1e-06, 'clip_max': 1.5, 'prob_clip': 0.0007523244954102366, 'n_components': 60, 'logistic_c': 0.002443374524592574, 'pca_fit': 'combined', 'solver': 'lbfgs', 'max_iter': 2000, 'fit_intercept': True, 'standardize_with_source': True, 'rho': 0.3}
[I 2026-06-01 14:58:33,548] Trial 120 finished with value: 0.21006895670687303 and parameters: {'alpha': 48558.18986608356, 'n_pcs': 2500, 'iw_method': 'pc_logistic', 'iw_clip_max': 1.5, 'iw_prob_clip': 0.0007523244954102366, 'iw_n_components': 60, 'iw_logistic_c': 0.002443374524592574, 'iw_pca_fit': 'combined', 'iw_solver': 'lbfgs', 'iw_rho': 0.3}. Best is trial 112 with value: 0.2128986174621635.
2026-06-01 14:58:33 | INFO | Trial 121 | outer=3 | alpha=5.004e+04 n_pcs=2500 (pc_topk) weight={'name': 'pc_logistic', 'floor': 1e-06, 'clip_max': 1.5, 'prob_clip': 0.0007279952217369276, 'n_components': 60, 'logistic_c': 0.002690790719106574, 'pca_fit': 'combined', 'solver': 'lbfgs', 'max_iter': 2000, 'fit_intercept': True, 'standardize_with_source': True, 'rho': 0.3}
[I 2026-06-01 14:58:45,386] Trial 121 finished with value: 0.21037174895755895 and parameters: {'alpha': 50037.05342493492, 'n_pcs': 2500, 'iw_method': 'pc_logistic', 'iw_clip_max': 1.5, 'iw_prob_clip': 0.0007279952217369276, 'iw_n_components': 60, 'iw_logistic_c': 0.002690790719106574, 'iw_pca_fit': 'combined', 'iw_solver': 'lbfgs', 'iw_rho': 0.3}. Best is trial 112 with value: 0.2128986174621635.
2026-06-01 14:58:45 | INFO | Trial 122 | outer=3 | alpha=6.597e+04 n_pcs=3000 (pc_topk) weight={'name': 'pc_logistic', 'floor': 1e-06, 'clip_max': 1.5, 'prob_clip': 0.0005909643445708752, 'n_components': 60, 'logistic_c': 0.0008566438130363008, 'pca_fit': 'combined', 'solver': 'lbfgs', 'max_iter': 2000, 'fit_intercept': True, 'standardize_with_source': True, 'rho': 0.3}
[I 2026-06-01 14:58:56,948] Trial 122 finished with value: 0.20493361577608615 and parameters: {'alpha': 65967.87164698212, 'n_pcs': 3000, 'iw_method': 'pc_logistic', 'iw_clip_max': 1.5, 'iw_prob_clip': 0.0005909643445708752, 'iw_n_components': 60, 'iw_logistic_c': 0.0008566438130363008, 'iw_pca_fit': 'combined', 'iw_solver': 'lbfgs', 'iw_rho': 0.3}. Best is trial 112 with value: 0.2128986174621635.
2026-06-01 14:58:56 | INFO | Trial 123 | outer=3 | alpha=2.461e+04 n_pcs=2500 (pc_topk) weight={'name': 'pc_logistic', 'floor': 1e-06, 'clip_max': 1.5, 'prob_clip': 0.0007829502672325916, 'n_components': 60, 'logistic_c': 0.004321721326565575, 'pca_fit': 'combined', 'solver': 'lbfgs', 'max_iter': 2000, 'fit_intercept': True, 'standardize_with_source': True, 'rho': 0.3}
[I 2026-06-01 14:59:09,956] Trial 123 finished with value: 0.2016927000897804 and parameters: {'alpha': 24611.458334925166, 'n_pcs': 2500, 'iw_method': 'pc_logistic', 'iw_clip_max': 1.5, 'iw_prob_clip': 0.0007829502672325916, 'iw_n_components': 60, 'iw_logistic_c': 0.004321721326565575, 'iw_pca_fit': 'combined', 'iw_solver': 'lbfgs', 'iw_rho': 0.3}. Best is trial 112 with value: 0.2128986174621635.
2026-06-01 14:59:09 | INFO | Trial 124 | outer=3 | alpha=4.321e+04 n_pcs=2500 (pc_topk) weight={'name': 'pc_logistic', 'floor': 1e-06, 'clip_max': 1.5, 'prob_clip': 0.000513940488233628, 'n_components': 60, 'logistic_c': 0.0013805477675397492, 'pca_fit': 'combined', 'solver': 'lbfgs', 'max_iter': 2000, 'fit_intercept': True, 'standardize_with_source': True, 'rho': 0.3}
[I 2026-06-01 14:59:20,431] Trial 124 finished with value: 0.2087942392006635 and parameters: {'alpha': 43206.784241333946, 'n_pcs': 2500, 'iw_method': 'pc_logistic', 'iw_clip_max': 1.5, 'iw_prob_clip': 0.000513940488233628, 'iw_n_components': 60, 'iw_logistic_c': 0.0013805477675397492, 'iw_pca_fit': 'combined', 'iw_solver': 'lbfgs', 'iw_rho': 0.3}. Best is trial 112 with value: 0.2128986174621635.
2026-06-01 14:59:20 | INFO | Trial 125 | outer=3 | alpha=6.532e+04 n_pcs=2500 (pc_topk) weight={'name': 'pc_logistic', 'floor': 1e-06, 'clip_max': 7.0, 'prob_clip': 0.0006631031083493737, 'n_components': 60, 'logistic_c': 0.01789692606032189, 'pca_fit': 'combined', 'solver': 'lbfgs', 'max_iter': 2000, 'fit_intercept': True, 'standardize_with_source': True, 'rho': 0.3}
[I 2026-06-01 14:59:34,376] Trial 125 finished with value: 0.19043446510670137 and parameters: {'alpha': 65316.518931820574, 'n_pcs': 2500, 'iw_method': 'pc_logistic', 'iw_clip_max': 7.0, 'iw_prob_clip': 0.0006631031083493737, 'iw_n_components': 60, 'iw_logistic_c': 0.01789692606032189, 'iw_pca_fit': 'combined', 'iw_solver': 'lbfgs', 'iw_rho': 0.3}. Best is trial 112 with value: 0.2128986174621635.
2026-06-01 14:59:34 | INFO | Trial 126 | outer=3 | alpha=8.912e+04 n_pcs=3000 (pc_topk) weight={'name': 'pc_logistic', 'floor': 1e-06, 'clip_max': 1.5, 'prob_clip': 0.0008317383979614016, 'n_components': 60, 'logistic_c': 0.007856569792709933, 'pca_fit': 'combined', 'solver': 'lbfgs', 'max_iter': 2000, 'fit_intercept': True, 'standardize_with_source': True, 'rho': 0.3}
[I 2026-06-01 14:59:50,131] Trial 126 finished with value: 0.2081630346517349 and parameters: {'alpha': 89118.12389275714, 'n_pcs': 3000, 'iw_method': 'pc_logistic', 'iw_clip_max': 1.5, 'iw_prob_clip': 0.0008317383979614016, 'iw_n_components': 60, 'iw_logistic_c': 0.007856569792709933, 'iw_pca_fit': 'combined', 'iw_solver': 'lbfgs', 'iw_rho': 0.3}. Best is trial 112 with value: 0.2128986174621635.
2026-06-01 14:59:50 | INFO | Trial 127 | outer=3 | alpha=4.046e+04 n_pcs=2500 (pc_topk) weight={'name': 'pc_logistic', 'floor': 1e-06, 'clip_max': 1.5, 'prob_clip': 0.006209339404350873, 'n_components': 40, 'logistic_c': 0.0008532124064800735, 'pca_fit': 'combined', 'solver': 'lbfgs', 'max_iter': 2000, 'fit_intercept': True, 'standardize_with_source': True, 'rho': 0.3}
[I 2026-06-01 15:00:00,512] Trial 127 finished with value: 0.2082136863253674 and parameters: {'alpha': 40457.92447561191, 'n_pcs': 2500, 'iw_method': 'pc_logistic', 'iw_clip_max': 1.5, 'iw_prob_clip': 0.006209339404350873, 'iw_n_components': 40, 'iw_logistic_c': 0.0008532124064800735, 'iw_pca_fit': 'combined', 'iw_solver': 'lbfgs', 'iw_rho': 0.3}. Best is trial 112 with value: 0.2128986174621635.
2026-06-01 15:00:00 | INFO | Trial 128 | outer=3 | alpha=5.256e+04 n_pcs=2500 (pc_topk) weight={'name': 'pc_logistic', 'floor': 1e-06, 'clip_max': 4.0, 'prob_clip': 0.0009101058119290291, 'n_components': 60, 'logistic_c': 0.0004129009238974189, 'pca_fit': 'combined', 'solver': 'lbfgs', 'max_iter': 2000, 'fit_intercept': True, 'standardize_with_source': True, 'rho': 0.3}
[I 2026-06-01 15:00:09,794] Trial 128 finished with value: 0.20277083690503922 and parameters: {'alpha': 52559.758385531226, 'n_pcs': 2500, 'iw_method': 'pc_logistic', 'iw_clip_max': 4.0, 'iw_prob_clip': 0.0009101058119290291, 'iw_n_components': 60, 'iw_logistic_c': 0.0004129009238974189, 'iw_pca_fit': 'combined', 'iw_solver': 'lbfgs', 'iw_rho': 0.3}. Best is trial 112 with value: 0.2128986174621635.
2026-06-01 15:00:09 | INFO | Trial 129 | outer=3 | alpha=3.223e+04 n_pcs=2500 (pc_topk) weight={'name': 'pc_logistic', 'floor': 1e-06, 'clip_max': 2.5, 'prob_clip': 0.0006104143576166108, 'n_components': 60, 'logistic_c': 6.277392422019963e-05, 'pca_fit': 'combined', 'solver': 'lbfgs', 'max_iter': 2000, 'fit_intercept': True, 'standardize_with_source': True, 'rho': 0.7}
[I 2026-06-01 15:00:18,224] Trial 129 finished with value: 0.1985033220739964 and parameters: {'alpha': 32229.28734785496, 'n_pcs': 2500, 'iw_method': 'pc_logistic', 'iw_clip_max': 2.5, 'iw_prob_clip': 0.0006104143576166108, 'iw_n_components': 60, 'iw_logistic_c': 6.277392422019963e-05, 'iw_pca_fit': 'combined', 'iw_solver': 'lbfgs', 'iw_rho': 0.7}. Best is trial 112 with value: 0.2128986174621635.
2026-06-01 15:00:18 | INFO | Trial 130 | outer=3 | alpha=6.872e+04 n_pcs=2500 (pc_topk) weight={'name': 'pc_logistic', 'floor': 1e-06, 'clip_max': 1.5, 'prob_clip': 0.0011882328505649143, 'n_components': 60, 'logistic_c': 0.002205250070405883, 'pca_fit': 'combined', 'solver': 'lbfgs', 'max_iter': 2000, 'fit_intercept': True, 'standardize_with_source': True, 'rho': 0.3}
[I 2026-06-01 15:00:32,415] Trial 130 finished with value: 0.21303414741038176 and parameters: {'alpha': 68719.99118878625, 'n_pcs': 2500, 'iw_method': 'pc_logistic', 'iw_clip_max': 1.5, 'iw_prob_clip': 0.0011882328505649143, 'iw_n_components': 60, 'iw_logistic_c': 0.002205250070405883, 'iw_pca_fit': 'combined', 'iw_solver': 'lbfgs', 'iw_rho': 0.3}. Best is trial 130 with value: 0.21303414741038176.
2026-06-01 15:00:32 | INFO | Trial 131 | outer=3 | alpha=7.216e+04 n_pcs=2500 (pc_topk) weight={'name': 'pc_logistic', 'floor': 1e-06, 'clip_max': 1.5, 'prob_clip': 0.0007066406069774218, 'n_components': 60, 'logistic_c': 0.0016517915012361228, 'pca_fit': 'combined', 'solver': 'lbfgs', 'max_iter': 2000, 'fit_intercept': True, 'standardize_with_source': True, 'rho': 0.3}
[I 2026-06-01 15:00:43,550] Trial 131 finished with value: 0.21320176465902066 and parameters: {'alpha': 72163.98469598367, 'n_pcs': 2500, 'iw_method': 'pc_logistic', 'iw_clip_max': 1.5, 'iw_prob_clip': 0.0007066406069774218, 'iw_n_components': 60, 'iw_logistic_c': 0.0016517915012361228, 'iw_pca_fit': 'combined', 'iw_solver': 'lbfgs', 'iw_rho': 0.3}. Best is trial 131 with value: 0.21320176465902066.
2026-06-01 15:00:43 | INFO | Trial 132 | outer=3 | alpha=6.762e+04 n_pcs=3000 (pc_topk) weight={'name': 'pc_logistic', 'floor': 1e-06, 'clip_max': 1.5, 'prob_clip': 0.0011767529912942427, 'n_components': 60, 'logistic_c': 0.001418081674776877, 'pca_fit': 'combined', 'solver': 'lbfgs', 'max_iter': 2000, 'fit_intercept': True, 'standardize_with_source': True, 'rho': 0.3}
[I 2026-06-01 15:00:57,385] Trial 132 finished with value: 0.20536475798619036 and parameters: {'alpha': 67616.00229603727, 'n_pcs': 3000, 'iw_method': 'pc_logistic', 'iw_clip_max': 1.5, 'iw_prob_clip': 0.0011767529912942427, 'iw_n_components': 60, 'iw_logistic_c': 0.001418081674776877, 'iw_pca_fit': 'combined', 'iw_solver': 'lbfgs', 'iw_rho': 0.3}. Best is trial 131 with value: 0.21320176465902066.
2026-06-01 15:00:57 | INFO | Trial 133 | outer=3 | alpha=1.011e+05 n_pcs=2500 (pc_topk) weight={'name': 'pc_logistic', 'floor': 1e-06, 'clip_max': 1.5, 'prob_clip': 0.0005020583303083502, 'n_components': 60, 'logistic_c': 0.0005509517247898848, 'pca_fit': 'combined', 'solver': 'lbfgs', 'max_iter': 2000, 'fit_intercept': True, 'standardize_with_source': True, 'rho': 0.3}
[I 2026-06-01 15:01:08,186] Trial 133 finished with value: 0.21445989102578564 and parameters: {'alpha': 101098.51112790451, 'n_pcs': 2500, 'iw_method': 'pc_logistic', 'iw_clip_max': 1.5, 'iw_prob_clip': 0.0005020583303083502, 'iw_n_components': 60, 'iw_logistic_c': 0.0005509517247898848, 'iw_pca_fit': 'combined', 'iw_solver': 'lbfgs', 'iw_rho': 0.3}. Best is trial 133 with value: 0.21445989102578564.
2026-06-01 15:01:08 | INFO | Trial 134 | outer=3 | alpha=9.532e+04 n_pcs=2500 (pc_topk) weight={'name': 'pc_logistic', 'floor': 1e-06, 'clip_max': 1.5, 'prob_clip': 0.0005260663531012542, 'n_components': 60, 'logistic_c': 0.00014386166860055888, 'pca_fit': 'combined', 'solver': 'lbfgs', 'max_iter': 2000, 'fit_intercept': True, 'standardize_with_source': True, 'rho': 0.3}
[I 2026-06-01 15:01:16,758] Trial 134 finished with value: 0.21375887967814503 and parameters: {'alpha': 95316.9585572496, 'n_pcs': 2500, 'iw_method': 'pc_logistic', 'iw_clip_max': 1.5, 'iw_prob_clip': 0.0005260663531012542, 'iw_n_components': 60, 'iw_logistic_c': 0.00014386166860055888, 'iw_pca_fit': 'combined', 'iw_solver': 'lbfgs', 'iw_rho': 0.3}. Best is trial 133 with value: 0.21445989102578564.
2026-06-01 15:01:16 | INFO | Trial 135 | outer=3 | alpha=1.070e+05 n_pcs=2500 (pc_topk) weight={'name': 'pc_logistic', 'floor': 1e-06, 'clip_max': 1.5, 'prob_clip': 0.0005072983062260241, 'n_components': 60, 'logistic_c': 0.0004761944889415635, 'pca_fit': 'combined', 'solver': 'lbfgs', 'max_iter': 2000, 'fit_intercept': True, 'standardize_with_source': True, 'rho': 0.3}
[I 2026-06-01 15:01:27,948] Trial 135 finished with value: 0.21448810872948734 and parameters: {'alpha': 107027.50874852536, 'n_pcs': 2500, 'iw_method': 'pc_logistic', 'iw_clip_max': 1.5, 'iw_prob_clip': 0.0005072983062260241, 'iw_n_components': 60, 'iw_logistic_c': 0.0004761944889415635, 'iw_pca_fit': 'combined', 'iw_solver': 'lbfgs', 'iw_rho': 0.3}. Best is trial 135 with value: 0.21448810872948734.
2026-06-01 15:01:27 | INFO | Trial 136 | outer=3 | alpha=9.733e+04 n_pcs=2500 (pc_topk) weight={'name': 'pc_logistic', 'floor': 1e-06, 'clip_max': 1.5, 'prob_clip': 0.000539068639782004, 'n_components': 60, 'logistic_c': 0.0005023482489093369, 'pca_fit': 'combined', 'solver': 'lbfgs', 'max_iter': 2000, 'fit_intercept': True, 'standardize_with_source': True, 'rho': 0.3}
[I 2026-06-01 15:01:38,826] Trial 136 finished with value: 0.21433382250616712 and parameters: {'alpha': 97330.66150264129, 'n_pcs': 2500, 'iw_method': 'pc_logistic', 'iw_clip_max': 1.5, 'iw_prob_clip': 0.000539068639782004, 'iw_n_components': 60, 'iw_logistic_c': 0.0005023482489093369, 'iw_pca_fit': 'combined', 'iw_solver': 'lbfgs', 'iw_rho': 0.3}. Best is trial 135 with value: 0.21448810872948734.
2026-06-01 15:01:38 | INFO | Trial 137 | outer=3 | alpha=1.029e+05 n_pcs=2500 (pc_topk) weight={'name': 'pc_logistic', 'floor': 1e-06, 'clip_max': 1.5, 'prob_clip': 0.0005047239455849806, 'n_components': 60, 'logistic_c': 0.0005319129477064632, 'pca_fit': 'combined', 'solver': 'lbfgs', 'max_iter': 2000, 'fit_intercept': True, 'standardize_with_source': True, 'rho': 0.3}
[I 2026-06-01 15:01:48,785] Trial 137 finished with value: 0.21446638237131227 and parameters: {'alpha': 102858.5832655472, 'n_pcs': 2500, 'iw_method': 'pc_logistic', 'iw_clip_max': 1.5, 'iw_prob_clip': 0.0005047239455849806, 'iw_n_components': 60, 'iw_logistic_c': 0.0005319129477064632, 'iw_pca_fit': 'combined', 'iw_solver': 'lbfgs', 'iw_rho': 0.3}. Best is trial 135 with value: 0.21448810872948734.
2026-06-01 15:01:48 | INFO | Trial 138 | outer=3 | alpha=9.441e+04 n_pcs=2500 (pc_topk) weight={'name': 'pc_logistic', 'floor': 1e-06, 'clip_max': 1.5, 'prob_clip': 0.0005135532735056447, 'n_components': 60, 'logistic_c': 0.0005447122087255023, 'pca_fit': 'combined', 'solver': 'lbfgs', 'max_iter': 2000, 'fit_intercept': True, 'standardize_with_source': True, 'rho': 0.3}
[I 2026-06-01 15:01:59,527] Trial 138 finished with value: 0.2142755823454286 and parameters: {'alpha': 94408.91026006897, 'n_pcs': 2500, 'iw_method': 'pc_logistic', 'iw_clip_max': 1.5, 'iw_prob_clip': 0.0005135532735056447, 'iw_n_components': 60, 'iw_logistic_c': 0.0005447122087255023, 'iw_pca_fit': 'combined', 'iw_solver': 'lbfgs', 'iw_rho': 0.3}. Best is trial 135 with value: 0.21448810872948734.
2026-06-01 15:01:59 | INFO | Trial 139 | outer=3 | alpha=7.024e+04 n_pcs=3000 (pc_topk) weight={'name': 'pc_logistic', 'floor': 1e-06, 'clip_max': 1.5, 'prob_clip': 0.0005515708337532671, 'n_components': 60, 'logistic_c': 0.0005712083759079106, 'pca_fit': 'combined', 'solver': 'lbfgs', 'max_iter': 2000, 'fit_intercept': True, 'standardize_with_source': True, 'rho': 0.3}
[I 2026-06-01 15:02:11,111] Trial 139 finished with value: 0.20537946755688896 and parameters: {'alpha': 70238.8273565101, 'n_pcs': 3000, 'iw_method': 'pc_logistic', 'iw_clip_max': 1.5, 'iw_prob_clip': 0.0005515708337532671, 'iw_n_components': 60, 'iw_logistic_c': 0.0005712083759079106, 'iw_pca_fit': 'combined', 'iw_solver': 'lbfgs', 'iw_rho': 0.3}. Best is trial 135 with value: 0.21448810872948734.
2026-06-01 15:02:11 | INFO | Trial 140 | outer=3 | alpha=8.824e+04 n_pcs=2500 (pc_topk) weight={'name': 'pc_logistic', 'floor': 1e-06, 'clip_max': 1.5, 'prob_clip': 0.0005424952017869478, 'n_components': 60, 'logistic_c': 0.00012374700915850225, 'pca_fit': 'combined', 'solver': 'lbfgs', 'max_iter': 2000, 'fit_intercept': True, 'standardize_with_source': True, 'rho': 0.3}
[I 2026-06-01 15:02:20,172] Trial 140 finished with value: 0.2136962431010462 and parameters: {'alpha': 88241.57371487204, 'n_pcs': 2500, 'iw_method': 'pc_logistic', 'iw_clip_max': 1.5, 'iw_prob_clip': 0.0005424952017869478, 'iw_n_components': 60, 'iw_logistic_c': 0.00012374700915850225, 'iw_pca_fit': 'combined', 'iw_solver': 'lbfgs', 'iw_rho': 0.3}. Best is trial 135 with value: 0.21448810872948734.
2026-06-01 15:02:20 | INFO | Trial 141 | outer=3 | alpha=5.913e+04 n_pcs=2500 (pc_topk) weight={'name': 'pc_logistic', 'floor': 1e-06, 'clip_max': 1.5, 'prob_clip': 0.0005281743963327191, 'n_components': 60, 'logistic_c': 0.00013196354744498376, 'pca_fit': 'combined', 'solver': 'lbfgs', 'max_iter': 2000, 'fit_intercept': True, 'standardize_with_source': True, 'rho': 0.3}
[I 2026-06-01 15:02:29,732] Trial 141 finished with value: 0.21145058999196578 and parameters: {'alpha': 59133.76351622186, 'n_pcs': 2500, 'iw_method': 'pc_logistic', 'iw_clip_max': 1.5, 'iw_prob_clip': 0.0005281743963327191, 'iw_n_components': 60, 'iw_logistic_c': 0.00013196354744498376, 'iw_pca_fit': 'combined', 'iw_solver': 'lbfgs', 'iw_rho': 0.3}. Best is trial 135 with value: 0.21448810872948734.
2026-06-01 15:02:29 | INFO | Trial 142 | outer=3 | alpha=9.309e+04 n_pcs=2500 (pc_topk) weight={'name': 'pc_logistic', 'floor': 1e-06, 'clip_max': 1.5, 'prob_clip': 0.0005010479666163806, 'n_components': 60, 'logistic_c': 0.0006504905561481677, 'pca_fit': 'combined', 'solver': 'lbfgs', 'max_iter': 2000, 'fit_intercept': True, 'standardize_with_source': True, 'rho': 0.3}
[I 2026-06-01 15:02:40,496] Trial 142 finished with value: 0.21428862639398671 and parameters: {'alpha': 93092.20727495183, 'n_pcs': 2500, 'iw_method': 'pc_logistic', 'iw_clip_max': 1.5, 'iw_prob_clip': 0.0005010479666163806, 'iw_n_components': 60, 'iw_logistic_c': 0.0006504905561481677, 'iw_pca_fit': 'combined', 'iw_solver': 'lbfgs', 'iw_rho': 0.3}. Best is trial 135 with value: 0.21448810872948734.
2026-06-01 15:02:40 | INFO | Trial 143 | outer=3 | alpha=9.073e+04 n_pcs=2500 (pc_topk) weight={'name': 'pc_logistic', 'floor': 1e-06, 'clip_max': 1.5, 'prob_clip': 0.000642619659553133, 'n_components': 60, 'logistic_c': 0.000708587461121128, 'pca_fit': 'combined', 'solver': 'lbfgs', 'max_iter': 2000, 'fit_intercept': True, 'standardize_with_source': True, 'rho': 0.3}
[I 2026-06-01 15:02:51,133] Trial 143 finished with value: 0.2142180087127897 and parameters: {'alpha': 90725.42923125939, 'n_pcs': 2500, 'iw_method': 'pc_logistic', 'iw_clip_max': 1.5, 'iw_prob_clip': 0.000642619659553133, 'iw_n_components': 60, 'iw_logistic_c': 0.000708587461121128, 'iw_pca_fit': 'combined', 'iw_solver': 'lbfgs', 'iw_rho': 0.3}. Best is trial 135 with value: 0.21448810872948734.
2026-06-01 15:02:51 | INFO | Trial 144 | outer=3 | alpha=9.137e+04 n_pcs=2500 (pc_topk) weight={'name': 'pc_logistic', 'floor': 1e-06, 'clip_max': 1.5, 'prob_clip': 0.0005094818350054883, 'n_components': 60, 'logistic_c': 0.0005330303352607034, 'pca_fit': 'combined', 'solver': 'lbfgs', 'max_iter': 2000, 'fit_intercept': True, 'standardize_with_source': True, 'rho': 0.3}
[I 2026-06-01 15:03:01,878] Trial 144 finished with value: 0.2141716073926449 and parameters: {'alpha': 91373.87688831353, 'n_pcs': 2500, 'iw_method': 'pc_logistic', 'iw_clip_max': 1.5, 'iw_prob_clip': 0.0005094818350054883, 'iw_n_components': 60, 'iw_logistic_c': 0.0005330303352607034, 'iw_pca_fit': 'combined', 'iw_solver': 'lbfgs', 'iw_rho': 0.3}. Best is trial 135 with value: 0.21448810872948734.
2026-06-01 15:03:01 | INFO | Trial 145 | outer=3 | alpha=8.346e+04 n_pcs=2500 (pc_topk) weight={'name': 'pc_logistic', 'floor': 1e-06, 'clip_max': 1.5, 'prob_clip': 0.0005008749971338514, 'n_components': 60, 'logistic_c': 0.0005089004423821957, 'pca_fit': 'combined', 'solver': 'lbfgs', 'max_iter': 2000, 'fit_intercept': True, 'standardize_with_source': True, 'rho': 0.3}
[I 2026-06-01 15:03:13,260] Trial 145 finished with value: 0.21383109058130745 and parameters: {'alpha': 83462.16433589857, 'n_pcs': 2500, 'iw_method': 'pc_logistic', 'iw_clip_max': 1.5, 'iw_prob_clip': 0.0005008749971338514, 'iw_n_components': 60, 'iw_logistic_c': 0.0005089004423821957, 'iw_pca_fit': 'combined', 'iw_solver': 'lbfgs', 'iw_rho': 0.3}. Best is trial 135 with value: 0.21448810872948734.
2026-06-01 15:03:13 | INFO | Trial 146 | outer=3 | alpha=9.037e+04 n_pcs=3000 (pc_topk) weight={'name': 'pc_logistic', 'floor': 1e-06, 'clip_max': 1.5, 'prob_clip': 0.0005001090401563166, 'n_components': 60, 'logistic_c': 0.0001789331482510299, 'pca_fit': 'combined', 'solver': 'lbfgs', 'max_iter': 2000, 'fit_intercept': True, 'standardize_with_source': True, 'rho': 0.3}
[I 2026-06-01 15:03:24,296] Trial 146 finished with value: 0.20642083450770138 and parameters: {'alpha': 90368.79023607241, 'n_pcs': 3000, 'iw_method': 'pc_logistic', 'iw_clip_max': 1.5, 'iw_prob_clip': 0.0005001090401563166, 'iw_n_components': 60, 'iw_logistic_c': 0.0001789331482510299, 'iw_pca_fit': 'combined', 'iw_solver': 'lbfgs', 'iw_rho': 0.3}. Best is trial 135 with value: 0.21448810872948734.
2026-06-01 15:03:24 | INFO | Trial 147 | outer=3 | alpha=9.035e+04 n_pcs=2500 (pc_topk) weight={'name': 'pc_logistic', 'floor': 1e-06, 'clip_max': 1.5, 'prob_clip': 0.0006247277576352781, 'n_components': 60, 'logistic_c': 0.0004980480039534822, 'pca_fit': 'combined', 'solver': 'lbfgs', 'max_iter': 2000, 'fit_intercept': True, 'standardize_with_source': True, 'rho': 0.3}
[I 2026-06-01 15:03:34,069] Trial 147 finished with value: 0.21412784882766517 and parameters: {'alpha': 90349.83062736361, 'n_pcs': 2500, 'iw_method': 'pc_logistic', 'iw_clip_max': 1.5, 'iw_prob_clip': 0.0006247277576352781, 'iw_n_components': 60, 'iw_logistic_c': 0.0004980480039534822, 'iw_pca_fit': 'combined', 'iw_solver': 'lbfgs', 'iw_rho': 0.3}. Best is trial 135 with value: 0.21448810872948734.
2026-06-01 15:03:34 | INFO | Trial 148 | outer=3 | alpha=8.938e+04 n_pcs=2500 (pc_topk) weight={'name': 'pc_logistic', 'floor': 1e-06, 'clip_max': 1.5, 'prob_clip': 0.0006273590812333007, 'n_components': 60, 'logistic_c': 0.0004976707896317105, 'pca_fit': 'combined', 'solver': 'lbfgs', 'max_iter': 2000, 'fit_intercept': True, 'standardize_with_source': True, 'rho': 0.3}
[I 2026-06-01 15:03:44,060] Trial 148 finished with value: 0.2140925945558898 and parameters: {'alpha': 89383.92571316187, 'n_pcs': 2500, 'iw_method': 'pc_logistic', 'iw_clip_max': 1.5, 'iw_prob_clip': 0.0006273590812333007, 'iw_n_components': 60, 'iw_logistic_c': 0.0004976707896317105, 'iw_pca_fit': 'combined', 'iw_solver': 'lbfgs', 'iw_rho': 0.3}. Best is trial 135 with value: 0.21448810872948734.
2026-06-01 15:03:44 | INFO | Trial 149 | outer=3 | alpha=9.283e+04 n_pcs=2500 (pc_topk) weight={'name': 'pc_logistic', 'floor': 1e-06, 'clip_max': 1.5, 'prob_clip': 0.0006331042781175378, 'n_components': 60, 'logistic_c': 0.0004820136081531067, 'pca_fit': 'combined', 'solver': 'lbfgs', 'max_iter': 2000, 'fit_intercept': True, 'standardize_with_source': True, 'rho': 0.3}
[I 2026-06-01 15:03:54,192] Trial 149 finished with value: 0.21419868571429274 and parameters: {'alpha': 92834.8137270327, 'n_pcs': 2500, 'iw_method': 'pc_logistic', 'iw_clip_max': 1.5, 'iw_prob_clip': 0.0006331042781175378, 'iw_n_components': 60, 'iw_logistic_c': 0.0004820136081531067, 'iw_pca_fit': 'combined', 'iw_solver': 'lbfgs', 'iw_rho': 0.3}. Best is trial 135 with value: 0.21448810872948734.
2026-06-01 15:03:54 | INFO | Trial 150 | outer=3 | alpha=8.847e+04 n_pcs=2500 (pc_topk) weight={'name': 'pc_logistic', 'floor': 1e-06, 'clip_max': 1.5, 'prob_clip': 0.0006337332101096294, 'n_components': 100, 'logistic_c': 0.0005566953348805476, 'pca_fit': 'combined', 'solver': 'lbfgs', 'max_iter': 2000, 'fit_intercept': True, 'standardize_with_source': True, 'rho': 0.3}
[I 2026-06-01 15:04:04,912] Trial 150 finished with value: 0.213202475688345 and parameters: {'alpha': 88470.61929042073, 'n_pcs': 2500, 'iw_method': 'pc_logistic', 'iw_clip_max': 1.5, 'iw_prob_clip': 0.0006337332101096294, 'iw_n_components': 100, 'iw_logistic_c': 0.0005566953348805476, 'iw_pca_fit': 'combined', 'iw_solver': 'lbfgs', 'iw_rho': 0.3}. Best is trial 135 with value: 0.21448810872948734.
2026-06-01 15:04:04 | INFO | Trial 151 | outer=3 | alpha=8.721e+04 n_pcs=2500 (pc_topk) weight={'name': 'pc_logistic', 'floor': 1e-06, 'clip_max': 1.5, 'prob_clip': 0.000619699606668589, 'n_components': 100, 'logistic_c': 0.0005354925888926944, 'pca_fit': 'combined', 'solver': 'lbfgs', 'max_iter': 2000, 'fit_intercept': True, 'standardize_with_source': True, 'rho': 0.3}
[I 2026-06-01 15:04:15,978] Trial 151 finished with value: 0.2131446701558088 and parameters: {'alpha': 87206.09597263217, 'n_pcs': 2500, 'iw_method': 'pc_logistic', 'iw_clip_max': 1.5, 'iw_prob_clip': 0.000619699606668589, 'iw_n_components': 100, 'iw_logistic_c': 0.0005354925888926944, 'iw_pca_fit': 'combined', 'iw_solver': 'lbfgs', 'iw_rho': 0.3}. Best is trial 135 with value: 0.21448810872948734.
2026-06-01 15:04:16 | INFO | Trial 152 | outer=3 | alpha=9.837e+04 n_pcs=2500 (pc_topk) weight={'name': 'pc_logistic', 'floor': 1e-06, 'clip_max': 1.5, 'prob_clip': 0.0006456539925900875, 'n_components': 100, 'logistic_c': 0.0005498500732573608, 'pca_fit': 'combined', 'solver': 'lbfgs', 'max_iter': 2000, 'fit_intercept': True, 'standardize_with_source': True, 'rho': 0.3}
[I 2026-06-01 15:04:26,667] Trial 152 finished with value: 0.21351191140630305 and parameters: {'alpha': 98372.88852835669, 'n_pcs': 2500, 'iw_method': 'pc_logistic', 'iw_clip_max': 1.5, 'iw_prob_clip': 0.0006456539925900875, 'iw_n_components': 100, 'iw_logistic_c': 0.0005498500732573608, 'iw_pca_fit': 'combined', 'iw_solver': 'lbfgs', 'iw_rho': 0.3}. Best is trial 135 with value: 0.21448810872948734.
2026-06-01 15:04:26 | INFO | Trial 153 | outer=3 | alpha=9.411e+04 n_pcs=2500 (pc_topk) weight={'name': 'pc_logistic', 'floor': 1e-06, 'clip_max': 1.5, 'prob_clip': 0.0006282991623021119, 'n_components': 100, 'logistic_c': 0.0005833976620001699, 'pca_fit': 'combined', 'solver': 'lbfgs', 'max_iter': 2000, 'fit_intercept': True, 'standardize_with_source': True, 'rho': 0.3}
[I 2026-06-01 15:04:38,466] Trial 153 finished with value: 0.21339844878604505 and parameters: {'alpha': 94114.26846944232, 'n_pcs': 2500, 'iw_method': 'pc_logistic', 'iw_clip_max': 1.5, 'iw_prob_clip': 0.0006282991623021119, 'iw_n_components': 100, 'iw_logistic_c': 0.0005833976620001699, 'iw_pca_fit': 'combined', 'iw_solver': 'lbfgs', 'iw_rho': 0.3}. Best is trial 135 with value: 0.21448810872948734.
2026-06-01 15:04:38 | INFO | Trial 154 | outer=3 | alpha=9.907e+04 n_pcs=3000 (pc_topk) weight={'name': 'pc_logistic', 'floor': 1e-06, 'clip_max': 1.5, 'prob_clip': 0.0005805525735549026, 'n_components': 100, 'logistic_c': 0.00030336524913555907, 'pca_fit': 'combined', 'solver': 'lbfgs', 'max_iter': 2000, 'fit_intercept': True, 'standardize_with_source': True, 'rho': 0.3}
[I 2026-06-01 15:04:50,198] Trial 154 finished with value: 0.20630822703688736 and parameters: {'alpha': 99065.89462878744, 'n_pcs': 3000, 'iw_method': 'pc_logistic', 'iw_clip_max': 1.5, 'iw_prob_clip': 0.0005805525735549026, 'iw_n_components': 100, 'iw_logistic_c': 0.00030336524913555907, 'iw_pca_fit': 'combined', 'iw_solver': 'lbfgs', 'iw_rho': 0.3}. Best is trial 135 with value: 0.21448810872948734.
2026-06-01 15:04:50 | INFO | Trial 155 | outer=3 | alpha=1.104e+05 n_pcs=2500 (pc_topk) weight={'name': 'pc_logistic', 'floor': 1e-06, 'clip_max': 1.5, 'prob_clip': 0.0006444925315836297, 'n_components': 60, 'logistic_c': 0.0006623403521602108, 'pca_fit': 'combined', 'solver': 'lbfgs', 'max_iter': 2000, 'fit_intercept': True, 'standardize_with_source': True, 'rho': 0.3}
[I 2026-06-01 15:05:00,366] Trial 155 finished with value: 0.21464228421938564 and parameters: {'alpha': 110370.8461478381, 'n_pcs': 2500, 'iw_method': 'pc_logistic', 'iw_clip_max': 1.5, 'iw_prob_clip': 0.0006444925315836297, 'iw_n_components': 60, 'iw_logistic_c': 0.0006623403521602108, 'iw_pca_fit': 'combined', 'iw_solver': 'lbfgs', 'iw_rho': 0.3}. Best is trial 155 with value: 0.21464228421938564.
2026-06-01 15:05:00 | INFO | Trial 156 | outer=3 | alpha=1.112e+05 n_pcs=2500 (pc_topk) weight={'name': 'pc_logistic', 'floor': 1e-06, 'clip_max': 1.5, 'prob_clip': 0.0005701468007538256, 'n_components': 60, 'logistic_c': 0.0007921292837902898, 'pca_fit': 'combined', 'solver': 'lbfgs', 'max_iter': 2000, 'fit_intercept': True, 'standardize_with_source': True, 'rho': 0.3}
[I 2026-06-01 15:05:10,964] Trial 156 finished with value: 0.2146734316822636 and parameters: {'alpha': 111242.02450345752, 'n_pcs': 2500, 'iw_method': 'pc_logistic', 'iw_clip_max': 1.5, 'iw_prob_clip': 0.0005701468007538256, 'iw_n_components': 60, 'iw_logistic_c': 0.0007921292837902898, 'iw_pca_fit': 'combined', 'iw_solver': 'lbfgs', 'iw_rho': 0.3}. Best is trial 156 with value: 0.2146734316822636.
2026-06-01 15:05:10 | INFO | Trial 157 | outer=3 | alpha=1.146e+05 n_pcs=2500 (pc_topk) weight={'name': 'pc_logistic', 'floor': 1e-06, 'clip_max': 1.5, 'prob_clip': 0.0005780809910285481, 'n_components': 60, 'logistic_c': 0.0002572457780647287, 'pca_fit': 'combined', 'solver': 'lbfgs', 'max_iter': 2000, 'fit_intercept': True, 'standardize_with_source': True, 'rho': 0.3}
[I 2026-06-01 15:05:20,663] Trial 157 finished with value: 0.2141532022091484 and parameters: {'alpha': 114581.7195412892, 'n_pcs': 2500, 'iw_method': 'pc_logistic', 'iw_clip_max': 1.5, 'iw_prob_clip': 0.0005780809910285481, 'iw_n_components': 60, 'iw_logistic_c': 0.0002572457780647287, 'iw_pca_fit': 'combined', 'iw_solver': 'lbfgs', 'iw_rho': 0.3}. Best is trial 156 with value: 0.2146734316822636.
2026-06-01 15:05:20 | INFO | Trial 158 | outer=3 | alpha=1.145e+05 n_pcs=2500 (pc_topk) weight={'name': 'pc_logistic', 'floor': 1e-06, 'clip_max': 1.5, 'prob_clip': 0.0005773301640411559, 'n_components': 60, 'logistic_c': 0.0002512151641588838, 'pca_fit': 'combined', 'solver': 'lbfgs', 'max_iter': 2000, 'fit_intercept': True, 'standardize_with_source': True, 'rho': 0.3}
[I 2026-06-01 15:05:30,843] Trial 158 finished with value: 0.21413483994536398 and parameters: {'alpha': 114466.79359049178, 'n_pcs': 2500, 'iw_method': 'pc_logistic', 'iw_clip_max': 1.5, 'iw_prob_clip': 0.0005773301640411559, 'iw_n_components': 60, 'iw_logistic_c': 0.0002512151641588838, 'iw_pca_fit': 'combined', 'iw_solver': 'lbfgs', 'iw_rho': 0.3}. Best is trial 156 with value: 0.2146734316822636.
2026-06-01 15:05:30 | INFO | Trial 159 | outer=3 | alpha=1.160e+05 n_pcs=3000 (pc_topk) weight={'name': 'pc_logistic', 'floor': 1e-06, 'clip_max': 1.5, 'prob_clip': 0.0005884716963928669, 'n_components': 60, 'logistic_c': 0.00025025486570229825, 'pca_fit': 'combined', 'solver': 'lbfgs', 'max_iter': 2000, 'fit_intercept': True, 'standardize_with_source': True, 'rho': 0.3}
[I 2026-06-01 15:05:41,708] Trial 159 finished with value: 0.207665840650683 and parameters: {'alpha': 116040.92603163279, 'n_pcs': 3000, 'iw_method': 'pc_logistic', 'iw_clip_max': 1.5, 'iw_prob_clip': 0.0005884716963928669, 'iw_n_components': 60, 'iw_logistic_c': 0.00025025486570229825, 'iw_pca_fit': 'combined', 'iw_solver': 'lbfgs', 'iw_rho': 0.3}. Best is trial 156 with value: 0.2146734316822636.
2026-06-01 15:05:41 | INFO | Trial 160 | outer=3 | alpha=1.153e+05 n_pcs=2500 (pc_topk) weight={'name': 'pc_logistic', 'floor': 1e-06, 'clip_max': 1.5, 'prob_clip': 0.0006701462092128863, 'n_components': 60, 'logistic_c': 0.0008110089269299459, 'pca_fit': 'combined', 'solver': 'lbfgs', 'max_iter': 2000, 'fit_intercept': True, 'standardize_with_source': True, 'rho': 0.3}
[I 2026-06-01 15:05:51,538] Trial 160 finished with value: 0.21469664431913857 and parameters: {'alpha': 115327.94666084423, 'n_pcs': 2500, 'iw_method': 'pc_logistic', 'iw_clip_max': 1.5, 'iw_prob_clip': 0.0006701462092128863, 'iw_n_components': 60, 'iw_logistic_c': 0.0008110089269299459, 'iw_pca_fit': 'combined', 'iw_solver': 'lbfgs', 'iw_rho': 0.3}. Best is trial 160 with value: 0.21469664431913857.
2026-06-01 15:05:51 | INFO | Trial 161 | outer=3 | alpha=1.208e+05 n_pcs=2500 (pc_topk) weight={'name': 'pc_logistic', 'floor': 1e-06, 'clip_max': 1.5, 'prob_clip': 0.000670190452407031, 'n_components': 60, 'logistic_c': 0.0009000249767547151, 'pca_fit': 'combined', 'solver': 'lbfgs', 'max_iter': 2000, 'fit_intercept': True, 'standardize_with_source': True, 'rho': 0.3}
[I 2026-06-01 15:06:03,483] Trial 161 finished with value: 0.21473755023216828 and parameters: {'alpha': 120755.25016791481, 'n_pcs': 2500, 'iw_method': 'pc_logistic', 'iw_clip_max': 1.5, 'iw_prob_clip': 0.000670190452407031, 'iw_n_components': 60, 'iw_logistic_c': 0.0009000249767547151, 'iw_pca_fit': 'combined', 'iw_solver': 'lbfgs', 'iw_rho': 0.3}. Best is trial 161 with value: 0.21473755023216828.
2026-06-01 15:06:03 | INFO | Trial 162 | outer=3 | alpha=1.232e+05 n_pcs=2500 (pc_topk) weight={'name': 'pc_logistic', 'floor': 1e-06, 'clip_max': 1.5, 'prob_clip': 0.0006673715663626035, 'n_components': 60, 'logistic_c': 0.0008871650615212906, 'pca_fit': 'combined', 'solver': 'lbfgs', 'max_iter': 2000, 'fit_intercept': True, 'standardize_with_source': True, 'rho': 0.3}
[I 2026-06-01 15:06:14,516] Trial 162 finished with value: 0.21473359563566877 and parameters: {'alpha': 123176.63804819413, 'n_pcs': 2500, 'iw_method': 'pc_logistic', 'iw_clip_max': 1.5, 'iw_prob_clip': 0.0006673715663626035, 'iw_n_components': 60, 'iw_logistic_c': 0.0008871650615212906, 'iw_pca_fit': 'combined', 'iw_solver': 'lbfgs', 'iw_rho': 0.3}. Best is trial 161 with value: 0.21473755023216828.
2026-06-01 15:06:14 | INFO | Trial 163 | outer=3 | alpha=1.282e+05 n_pcs=2500 (pc_topk) weight={'name': 'pc_logistic', 'floor': 1e-06, 'clip_max': 1.5, 'prob_clip': 0.000665765086286337, 'n_components': 60, 'logistic_c': 0.0008646048243036516, 'pca_fit': 'combined', 'solver': 'lbfgs', 'max_iter': 2000, 'fit_intercept': True, 'standardize_with_source': True, 'rho': 0.5}
[I 2026-06-01 15:06:25,094] Trial 163 finished with value: 0.21452337365910648 and parameters: {'alpha': 128155.88586108269, 'n_pcs': 2500, 'iw_method': 'pc_logistic', 'iw_clip_max': 1.5, 'iw_prob_clip': 0.000665765086286337, 'iw_n_components': 60, 'iw_logistic_c': 0.0008646048243036516, 'iw_pca_fit': 'combined', 'iw_solver': 'lbfgs', 'iw_rho': 0.5}. Best is trial 161 with value: 0.21473755023216828.
2026-06-01 15:06:25 | INFO | Trial 164 | outer=3 | alpha=1.271e+05 n_pcs=2500 (pc_topk) weight={'name': 'pc_logistic', 'floor': 1e-06, 'clip_max': 1.5, 'prob_clip': 0.024539642068979295, 'n_components': 40, 'logistic_c': 0.0011252021679858492, 'pca_fit': 'combined', 'solver': 'lbfgs', 'max_iter': 2000, 'fit_intercept': True, 'standardize_with_source': True, 'rho': 0.5}
[I 2026-06-01 15:06:37,004] Trial 164 finished with value: 0.21382567501798494 and parameters: {'alpha': 127063.71338231159, 'n_pcs': 2500, 'iw_method': 'pc_logistic', 'iw_clip_max': 1.5, 'iw_prob_clip': 0.024539642068979295, 'iw_n_components': 40, 'iw_logistic_c': 0.0011252021679858492, 'iw_pca_fit': 'combined', 'iw_solver': 'lbfgs', 'iw_rho': 0.5}. Best is trial 161 with value: 0.21473755023216828.
2026-06-01 15:06:37 | INFO | Trial 165 | outer=3 | alpha=1.401e+05 n_pcs=2500 (pc_topk) weight={'name': 'pc_logistic', 'floor': 1e-06, 'clip_max': 1.5, 'prob_clip': 0.0006992523315582067, 'n_components': 60, 'logistic_c': 0.0007818209519316966, 'pca_fit': 'combined', 'solver': 'lbfgs', 'max_iter': 2000, 'fit_intercept': True, 'standardize_with_source': True, 'rho': 0.5}
[I 2026-06-01 15:06:47,705] Trial 165 finished with value: 0.21452261146436227 and parameters: {'alpha': 140079.86461150457, 'n_pcs': 2500, 'iw_method': 'pc_logistic', 'iw_clip_max': 1.5, 'iw_prob_clip': 0.0006992523315582067, 'iw_n_components': 60, 'iw_logistic_c': 0.0007818209519316966, 'iw_pca_fit': 'combined', 'iw_solver': 'lbfgs', 'iw_rho': 0.5}. Best is trial 161 with value: 0.21473755023216828.
2026-06-01 15:06:47 | INFO | Trial 166 | outer=3 | alpha=1.409e+05 n_pcs=2500 (pc_topk) weight={'name': 'pc_logistic', 'floor': 1e-06, 'clip_max': 7.0, 'prob_clip': 0.0006833262820834205, 'n_components': 60, 'logistic_c': 0.001065499821979077, 'pca_fit': 'combined', 'solver': 'lbfgs', 'max_iter': 2000, 'fit_intercept': True, 'standardize_with_source': True, 'rho': 0.5}
[I 2026-06-01 15:06:58,935] Trial 166 finished with value: 0.19003367500532323 and parameters: {'alpha': 140941.83914019857, 'n_pcs': 2500, 'iw_method': 'pc_logistic', 'iw_clip_max': 7.0, 'iw_prob_clip': 0.0006833262820834205, 'iw_n_components': 60, 'iw_logistic_c': 0.001065499821979077, 'iw_pca_fit': 'combined', 'iw_solver': 'lbfgs', 'iw_rho': 0.5}. Best is trial 161 with value: 0.21473755023216828.
2026-06-01 15:06:58 | INFO | Trial 167 | outer=3 | alpha=1.155e+05 n_pcs=3000 (pc_topk) weight={'name': 'pc_logistic', 'floor': 1e-06, 'clip_max': 1.5, 'prob_clip': 0.0006775127554496019, 'n_components': 60, 'logistic_c': 0.0007945781987123743, 'pca_fit': 'combined', 'solver': 'lbfgs', 'max_iter': 2000, 'fit_intercept': True, 'standardize_with_source': True, 'rho': 0.5}
[I 2026-06-01 15:07:10,811] Trial 167 finished with value: 0.20865986129241013 and parameters: {'alpha': 115451.2208437728, 'n_pcs': 3000, 'iw_method': 'pc_logistic', 'iw_clip_max': 1.5, 'iw_prob_clip': 0.0006775127554496019, 'iw_n_components': 60, 'iw_logistic_c': 0.0007945781987123743, 'iw_pca_fit': 'combined', 'iw_solver': 'lbfgs', 'iw_rho': 0.5}. Best is trial 161 with value: 0.21473755023216828.
2026-06-01 15:07:10 | INFO | Trial 168 | outer=3 | alpha=1.509e+05 n_pcs=500 (pc_topk) weight={'name': 'pc_logistic', 'floor': 1e-06, 'clip_max': 4.0, 'prob_clip': 0.0009670100558752359, 'n_components': 60, 'logistic_c': 0.0007721616373122814, 'pca_fit': 'combined', 'solver': 'lbfgs', 'max_iter': 2000, 'fit_intercept': True, 'standardize_with_source': True, 'rho': 0.5}
[I 2026-06-01 15:07:19,205] Trial 168 finished with value: 0.17558419780060625 and parameters: {'alpha': 150928.6195369978, 'n_pcs': 500, 'iw_method': 'pc_logistic', 'iw_clip_max': 4.0, 'iw_prob_clip': 0.0009670100558752359, 'iw_n_components': 60, 'iw_logistic_c': 0.0007721616373122814, 'iw_pca_fit': 'combined', 'iw_solver': 'lbfgs', 'iw_rho': 0.5}. Best is trial 161 with value: 0.21473755023216828.
2026-06-01 15:07:19 | INFO | Trial 169 | outer=3 | alpha=1.338e+05 n_pcs=2500 (pc_topk) weight={'name': 'pc_logistic', 'floor': 1e-06, 'clip_max': 2.5, 'prob_clip': 0.0005698912301858176, 'n_components': 60, 'logistic_c': 0.0015491556062713178, 'pca_fit': 'combined', 'solver': 'lbfgs', 'max_iter': 2000, 'fit_intercept': True, 'standardize_with_source': True, 'rho': 0.5}
[I 2026-06-01 15:07:31,402] Trial 169 finished with value: 0.20908156393124205 and parameters: {'alpha': 133763.4543961912, 'n_pcs': 2500, 'iw_method': 'pc_logistic', 'iw_clip_max': 2.5, 'iw_prob_clip': 0.0005698912301858176, 'iw_n_components': 60, 'iw_logistic_c': 0.0015491556062713178, 'iw_pca_fit': 'combined', 'iw_solver': 'lbfgs', 'iw_rho': 0.5}. Best is trial 161 with value: 0.21473755023216828.
2026-06-01 15:07:31 | INFO | Trial 170 | outer=3 | alpha=1.125e+05 n_pcs=2500 (pc_topk) weight={'name': 'pc_logistic', 'floor': 1e-06, 'clip_max': 1.5, 'prob_clip': 0.0008244681022029707, 'n_components': 60, 'logistic_c': 0.0003650570446283566, 'pca_fit': 'combined', 'solver': 'lbfgs', 'max_iter': 2000, 'fit_intercept': True, 'standardize_with_source': True, 'rho': 1.0}
[I 2026-06-01 15:07:41,154] Trial 170 finished with value: 0.2039905647244323 and parameters: {'alpha': 112472.54003549965, 'n_pcs': 2500, 'iw_method': 'pc_logistic', 'iw_clip_max': 1.5, 'iw_prob_clip': 0.0008244681022029707, 'iw_n_components': 60, 'iw_logistic_c': 0.0003650570446283566, 'iw_pca_fit': 'combined', 'iw_solver': 'lbfgs', 'iw_rho': 1.0}. Best is trial 161 with value: 0.21473755023216828.
2026-06-01 15:07:41 | INFO | Trial 171 | outer=3 | alpha=3.989e+06 n_pcs=2500 (pc_topk) weight={'name': 'pc_logistic', 'floor': 1e-06, 'clip_max': 1.5, 'prob_clip': 0.000549602721168957, 'n_components': 60, 'logistic_c': 0.00021248763021233154, 'pca_fit': 'combined', 'solver': 'lbfgs', 'max_iter': 2000, 'fit_intercept': True, 'standardize_with_source': True, 'rho': 0.3}
[I 2026-06-01 15:07:50,045] Trial 171 finished with value: 0.19752900984226043 and parameters: {'alpha': 3988683.2881494425, 'n_pcs': 2500, 'iw_method': 'pc_logistic', 'iw_clip_max': 1.5, 'iw_prob_clip': 0.000549602721168957, 'iw_n_components': 60, 'iw_logistic_c': 0.00021248763021233154, 'iw_pca_fit': 'combined', 'iw_solver': 'lbfgs', 'iw_rho': 0.3}. Best is trial 161 with value: 0.21473755023216828.
2026-06-01 15:07:50 | INFO | Trial 172 | outer=3 | alpha=1.129e+05 n_pcs=2500 (pc_topk) weight={'name': 'pc_logistic', 'floor': 1e-06, 'clip_max': 1.5, 'prob_clip': 0.0005720929085184963, 'n_components': 60, 'logistic_c': 0.00033584807434365024, 'pca_fit': 'combined', 'solver': 'lbfgs', 'max_iter': 2000, 'fit_intercept': True, 'standardize_with_source': True, 'rho': 0.3}
[I 2026-06-01 15:08:00,285] Trial 172 finished with value: 0.21436262652921387 and parameters: {'alpha': 112908.77985320087, 'n_pcs': 2500, 'iw_method': 'pc_logistic', 'iw_clip_max': 1.5, 'iw_prob_clip': 0.0005720929085184963, 'iw_n_components': 60, 'iw_logistic_c': 0.00033584807434365024, 'iw_pca_fit': 'combined', 'iw_solver': 'lbfgs', 'iw_rho': 0.3}. Best is trial 161 with value: 0.21473755023216828.
2026-06-01 15:08:00 | INFO | Trial 173 | outer=3 | alpha=1.104e+05 n_pcs=2500 (pc_topk) weight={'name': 'pc_logistic', 'floor': 1e-06, 'clip_max': 1.5, 'prob_clip': 0.0006863407544736734, 'n_components': 60, 'logistic_c': 0.0007199991235579905, 'pca_fit': 'combined', 'solver': 'lbfgs', 'max_iter': 2000, 'fit_intercept': True, 'standardize_with_source': True, 'rho': 0.3}
[I 2026-06-01 15:08:10,906] Trial 173 finished with value: 0.214653513222247 and parameters: {'alpha': 110410.25970615052, 'n_pcs': 2500, 'iw_method': 'pc_logistic', 'iw_clip_max': 1.5, 'iw_prob_clip': 0.0006863407544736734, 'iw_n_components': 60, 'iw_logistic_c': 0.0007199991235579905, 'iw_pca_fit': 'combined', 'iw_solver': 'lbfgs', 'iw_rho': 0.3}. Best is trial 161 with value: 0.21473755023216828.
2026-06-01 15:08:10 | INFO | Trial 174 | outer=3 | alpha=7.779e+04 n_pcs=2500 (pc_topk) weight={'name': 'pc_logistic', 'floor': 1e-06, 'clip_max': 1.5, 'prob_clip': 0.0006938746496809638, 'n_components': 60, 'logistic_c': 0.0007680426847004702, 'pca_fit': 'combined', 'solver': 'lbfgs', 'max_iter': 2000, 'fit_intercept': True, 'standardize_with_source': True, 'rho': 0.3}
[I 2026-06-01 15:08:21,108] Trial 174 finished with value: 0.21356337456466642 and parameters: {'alpha': 77785.30832886878, 'n_pcs': 2500, 'iw_method': 'pc_logistic', 'iw_clip_max': 1.5, 'iw_prob_clip': 0.0006938746496809638, 'iw_n_components': 60, 'iw_logistic_c': 0.0007680426847004702, 'iw_pca_fit': 'combined', 'iw_solver': 'lbfgs', 'iw_rho': 0.3}. Best is trial 161 with value: 0.21473755023216828.
2026-06-01 15:08:21 | INFO | Trial 175 | outer=3 | alpha=1.636e+05 n_pcs=2500 (pc_topk) weight={'name': 'pc_logistic', 'floor': 1e-06, 'clip_max': 1.5, 'prob_clip': 0.0007820856507436521, 'n_components': 10, 'logistic_c': 0.0003599133249351352, 'pca_fit': 'combined', 'solver': 'lbfgs', 'max_iter': 2000, 'fit_intercept': True, 'standardize_with_source': True, 'rho': 0.3}
[I 2026-06-01 15:08:29,394] Trial 175 finished with value: 0.21346881401993287 and parameters: {'alpha': 163649.61878179092, 'n_pcs': 2500, 'iw_method': 'pc_logistic', 'iw_clip_max': 1.5, 'iw_prob_clip': 0.0007820856507436521, 'iw_n_components': 10, 'iw_logistic_c': 0.0003599133249351352, 'iw_pca_fit': 'combined', 'iw_solver': 'lbfgs', 'iw_rho': 0.3}. Best is trial 161 with value: 0.21473755023216828.
2026-06-01 15:08:29 | INFO | Trial 176 | outer=3 | alpha=1.334e+05 n_pcs=2500 (pc_topk) weight={'name': 'pc_logistic', 'floor': 1e-06, 'clip_max': 1.5, 'prob_clip': 0.0006817453991426614, 'n_components': 60, 'logistic_c': 0.001037937096922073, 'pca_fit': 'combined', 'solver': 'lbfgs', 'max_iter': 2000, 'fit_intercept': True, 'standardize_with_source': True, 'rho': 0.3}
[I 2026-06-01 15:08:40,114] Trial 176 finished with value: 0.2147360970140856 and parameters: {'alpha': 133357.27397444323, 'n_pcs': 2500, 'iw_method': 'pc_logistic', 'iw_clip_max': 1.5, 'iw_prob_clip': 0.0006817453991426614, 'iw_n_components': 60, 'iw_logistic_c': 0.001037937096922073, 'iw_pca_fit': 'combined', 'iw_solver': 'lbfgs', 'iw_rho': 0.3}. Best is trial 161 with value: 0.21473755023216828.
2026-06-01 15:08:40 | INFO | Trial 177 | outer=3 | alpha=1.386e+05 n_pcs=2500 (pc_topk) weight={'name': 'pc_logistic', 'floor': 1e-06, 'clip_max': 1.5, 'prob_clip': 0.0008863464868787358, 'n_components': 60, 'logistic_c': 0.0049625342275434955, 'pca_fit': 'combined', 'solver': 'lbfgs', 'max_iter': 2000, 'fit_intercept': True, 'standardize_with_source': True, 'rho': 0.3}
[I 2026-06-01 15:08:53,370] Trial 177 finished with value: 0.215239305068215 and parameters: {'alpha': 138623.22576363708, 'n_pcs': 2500, 'iw_method': 'pc_logistic', 'iw_clip_max': 1.5, 'iw_prob_clip': 0.0008863464868787358, 'iw_n_components': 60, 'iw_logistic_c': 0.0049625342275434955, 'iw_pca_fit': 'combined', 'iw_solver': 'lbfgs', 'iw_rho': 0.3}. Best is trial 177 with value: 0.215239305068215.
2026-06-01 15:08:53 | INFO | Trial 178 | outer=3 | alpha=1.388e+05 n_pcs=2500 (pc_topk) weight={'name': 'pc_logistic', 'floor': 1e-06, 'clip_max': 1.5, 'prob_clip': 0.0009068269974566054, 'n_components': 60, 'logistic_c': 0.0016274565846003451, 'pca_fit': 'combined', 'solver': 'lbfgs', 'max_iter': 2000, 'fit_intercept': True, 'standardize_with_source': True, 'rho': 0.7}
[I 2026-06-01 15:09:04,168] Trial 178 finished with value: 0.2133665759111413 and parameters: {'alpha': 138840.61692442154, 'n_pcs': 2500, 'iw_method': 'pc_logistic', 'iw_clip_max': 1.5, 'iw_prob_clip': 0.0009068269974566054, 'iw_n_components': 60, 'iw_logistic_c': 0.0016274565846003451, 'iw_pca_fit': 'combined', 'iw_solver': 'lbfgs', 'iw_rho': 0.7}. Best is trial 177 with value: 0.215239305068215.
2026-06-01 15:09:04 | INFO | Trial 179 | outer=3 | alpha=1.806e+05 n_pcs=2500 (pc_topk) weight={'name': 'pc_logistic', 'floor': 1e-06, 'clip_max': 1.5, 'prob_clip': 0.0007082635355416557, 'n_components': 60, 'logistic_c': 0.004039770457832321, 'pca_fit': 'combined', 'solver': 'lbfgs', 'max_iter': 2000, 'fit_intercept': True, 'standardize_with_source': True, 'rho': 0.3}
[I 2026-06-01 15:09:17,172] Trial 179 finished with value: 0.2145938592299715 and parameters: {'alpha': 180597.57113551625, 'n_pcs': 2500, 'iw_method': 'pc_logistic', 'iw_clip_max': 1.5, 'iw_prob_clip': 0.0007082635355416557, 'iw_n_components': 60, 'iw_logistic_c': 0.004039770457832321, 'iw_pca_fit': 'combined', 'iw_solver': 'lbfgs', 'iw_rho': 0.3}. Best is trial 177 with value: 0.215239305068215.
2026-06-01 15:09:17 | INFO | Trial 180 | outer=3 | alpha=1.811e+05 n_pcs=3000 (pc_topk) weight={'name': 'pc_logistic', 'floor': 1e-06, 'clip_max': 1.5, 'prob_clip': 0.0007331214912017949, 'n_components': 60, 'logistic_c': 0.0037128732289208486, 'pca_fit': 'combined', 'solver': 'lbfgs', 'max_iter': 2000, 'fit_intercept': True, 'standardize_with_source': True, 'rho': 0.5}
[I 2026-06-01 15:09:32,211] Trial 180 finished with value: 0.21041225460583052 and parameters: {'alpha': 181089.14930427755, 'n_pcs': 3000, 'iw_method': 'pc_logistic', 'iw_clip_max': 1.5, 'iw_prob_clip': 0.0007331214912017949, 'iw_n_components': 60, 'iw_logistic_c': 0.0037128732289208486, 'iw_pca_fit': 'combined', 'iw_solver': 'lbfgs', 'iw_rho': 0.5}. Best is trial 177 with value: 0.215239305068215.
2026-06-01 15:09:32 | INFO | Trial 181 | outer=3 | alpha=1.414e+05 n_pcs=2500 (pc_topk) weight={'name': 'pc_logistic', 'floor': 1e-06, 'clip_max': 1.5, 'prob_clip': 0.0006830966872586646, 'n_components': 60, 'logistic_c': 0.00115647266599242, 'pca_fit': 'combined', 'solver': 'lbfgs', 'max_iter': 2000, 'fit_intercept': True, 'standardize_with_source': True, 'rho': 0.3}
[I 2026-06-01 15:09:43,877] Trial 181 finished with value: 0.21468904870488575 and parameters: {'alpha': 141408.7344430517, 'n_pcs': 2500, 'iw_method': 'pc_logistic', 'iw_clip_max': 1.5, 'iw_prob_clip': 0.0006830966872586646, 'iw_n_components': 60, 'iw_logistic_c': 0.00115647266599242, 'iw_pca_fit': 'combined', 'iw_solver': 'lbfgs', 'iw_rho': 0.3}. Best is trial 177 with value: 0.215239305068215.
2026-06-01 15:09:43 | INFO | Trial 182 | outer=3 | alpha=1.309e+05 n_pcs=2500 (pc_topk) weight={'name': 'pc_logistic', 'floor': 1e-06, 'clip_max': 1.5, 'prob_clip': 0.0007064526742856029, 'n_components': 60, 'logistic_c': 0.005135139506699233, 'pca_fit': 'combined', 'solver': 'lbfgs', 'max_iter': 2000, 'fit_intercept': True, 'standardize_with_source': True, 'rho': 0.3}
[I 2026-06-01 15:09:57,335] Trial 182 finished with value: 0.21523803998350566 and parameters: {'alpha': 130851.6424495101, 'n_pcs': 2500, 'iw_method': 'pc_logistic', 'iw_clip_max': 1.5, 'iw_prob_clip': 0.0007064526742856029, 'iw_n_components': 60, 'iw_logistic_c': 0.005135139506699233, 'iw_pca_fit': 'combined', 'iw_solver': 'lbfgs', 'iw_rho': 0.3}. Best is trial 177 with value: 0.215239305068215.
2026-06-01 15:09:57 | INFO | Trial 183 | outer=3 | alpha=1.387e+05 n_pcs=2500 (pc_topk) weight={'name': 'pc_logistic', 'floor': 1e-06, 'clip_max': 1.5, 'prob_clip': 0.0008228910949881088, 'n_components': 60, 'logistic_c': 0.02200069698037637, 'pca_fit': 'combined', 'solver': 'lbfgs', 'max_iter': 2000, 'fit_intercept': True, 'standardize_with_source': True, 'rho': 0.3}
[I 2026-06-01 15:10:11,828] Trial 183 finished with value: 0.21533563543108433 and parameters: {'alpha': 138651.10120830778, 'n_pcs': 2500, 'iw_method': 'pc_logistic', 'iw_clip_max': 1.5, 'iw_prob_clip': 0.0008228910949881088, 'iw_n_components': 60, 'iw_logistic_c': 0.02200069698037637, 'iw_pca_fit': 'combined', 'iw_solver': 'lbfgs', 'iw_rho': 0.3}. Best is trial 183 with value: 0.21533563543108433.
2026-06-01 15:10:11 | INFO | Trial 184 | outer=3 | alpha=1.624e+05 n_pcs=2500 (pc_topk) weight={'name': 'pc_logistic', 'floor': 1e-06, 'clip_max': 1.5, 'prob_clip': 0.0008255601744333822, 'n_components': 60, 'logistic_c': 0.02288116693587917, 'pca_fit': 'combined', 'solver': 'lbfgs', 'max_iter': 2000, 'fit_intercept': True, 'standardize_with_source': True, 'rho': 0.3}
[I 2026-06-01 15:10:27,191] Trial 184 finished with value: 0.21512999946217753 and parameters: {'alpha': 162395.51495288374, 'n_pcs': 2500, 'iw_method': 'pc_logistic', 'iw_clip_max': 1.5, 'iw_prob_clip': 0.0008255601744333822, 'iw_n_components': 60, 'iw_logistic_c': 0.02288116693587917, 'iw_pca_fit': 'combined', 'iw_solver': 'lbfgs', 'iw_rho': 0.3}. Best is trial 183 with value: 0.21533563543108433.
2026-06-01 15:10:27 | INFO | Trial 185 | outer=3 | alpha=1.788e+05 n_pcs=2500 (pc_topk) weight={'name': 'pc_logistic', 'floor': 1e-06, 'clip_max': 1.5, 'prob_clip': 0.000846917135916983, 'n_components': 60, 'logistic_c': 0.022485547140310425, 'pca_fit': 'combined', 'solver': 'lbfgs', 'max_iter': 2000, 'fit_intercept': True, 'standardize_with_source': True, 'rho': 0.3}
[I 2026-06-01 15:10:42,064] Trial 185 finished with value: 0.21489496880212539 and parameters: {'alpha': 178766.1158826564, 'n_pcs': 2500, 'iw_method': 'pc_logistic', 'iw_clip_max': 1.5, 'iw_prob_clip': 0.000846917135916983, 'iw_n_components': 60, 'iw_logistic_c': 0.022485547140310425, 'iw_pca_fit': 'combined', 'iw_solver': 'lbfgs', 'iw_rho': 0.3}. Best is trial 183 with value: 0.21533563543108433.
2026-06-01 15:10:42 | INFO | Trial 186 | outer=3 | alpha=1.984e+05 n_pcs=2500 (pc_topk) weight={'name': 'pc_logistic', 'floor': 1e-06, 'clip_max': 1.5, 'prob_clip': 0.001016839094236888, 'n_components': 60, 'logistic_c': 0.038765422737478336, 'pca_fit': 'combined', 'solver': 'lbfgs', 'max_iter': 2000, 'fit_intercept': True, 'standardize_with_source': True, 'rho': 0.3}
[I 2026-06-01 15:10:57,789] Trial 186 finished with value: 0.21468235299646182 and parameters: {'alpha': 198367.65047151706, 'n_pcs': 2500, 'iw_method': 'pc_logistic', 'iw_clip_max': 1.5, 'iw_prob_clip': 0.001016839094236888, 'iw_n_components': 60, 'iw_logistic_c': 0.038765422737478336, 'iw_pca_fit': 'combined', 'iw_solver': 'lbfgs', 'iw_rho': 0.3}. Best is trial 183 with value: 0.21533563543108433.
2026-06-01 15:10:57 | INFO | Trial 187 | outer=3 | alpha=2.061e+05 n_pcs=2500 (pc_topk) weight={'name': 'pc_logistic', 'floor': 1e-06, 'clip_max': 1.5, 'prob_clip': 0.0010511707313048545, 'n_components': 60, 'logistic_c': 0.02655668733634121, 'pca_fit': 'combined', 'solver': 'lbfgs', 'max_iter': 2000, 'fit_intercept': True, 'standardize_with_source': True, 'rho': 0.3}
[I 2026-06-01 15:11:13,025] Trial 187 finished with value: 0.21447053052796844 and parameters: {'alpha': 206073.48505054816, 'n_pcs': 2500, 'iw_method': 'pc_logistic', 'iw_clip_max': 1.5, 'iw_prob_clip': 0.0010511707313048545, 'iw_n_components': 60, 'iw_logistic_c': 0.02655668733634121, 'iw_pca_fit': 'combined', 'iw_solver': 'lbfgs', 'iw_rho': 0.3}. Best is trial 183 with value: 0.21533563543108433.
2026-06-01 15:11:13 | INFO | Trial 188 | outer=3 | alpha=2.081e+05 n_pcs=2500 (pc_topk) weight={'name': 'pc_logistic', 'floor': 1e-06, 'clip_max': 1.5, 'prob_clip': 0.0010527003028536696, 'n_components': 60, 'logistic_c': 0.05363755574437147, 'pca_fit': 'combined', 'solver': 'lbfgs', 'max_iter': 2000, 'fit_intercept': True, 'standardize_with_source': True, 'rho': 0.3}
[I 2026-06-01 15:11:28,184] Trial 188 finished with value: 0.21452732776292777 and parameters: {'alpha': 208122.37967276495, 'n_pcs': 2500, 'iw_method': 'pc_logistic', 'iw_clip_max': 1.5, 'iw_prob_clip': 0.0010527003028536696, 'iw_n_components': 60, 'iw_logistic_c': 0.05363755574437147, 'iw_pca_fit': 'combined', 'iw_solver': 'lbfgs', 'iw_rho': 0.3}. Best is trial 183 with value: 0.21533563543108433.
2026-06-01 15:11:28 | INFO | Trial 189 | outer=3 | alpha=2.864e+05 n_pcs=2500 (pc_topk) weight={'name': 'pc_logistic', 'floor': 1e-06, 'clip_max': 1.5, 'prob_clip': 0.0008924460609130738, 'n_components': 60, 'logistic_c': 0.15973265237425074, 'pca_fit': 'combined', 'solver': 'lbfgs', 'max_iter': 2000, 'fit_intercept': True, 'standardize_with_source': True, 'rho': 0.3}
[I 2026-06-01 15:11:42,815] Trial 189 finished with value: 0.21304496938257822 and parameters: {'alpha': 286353.86894961656, 'n_pcs': 2500, 'iw_method': 'pc_logistic', 'iw_clip_max': 1.5, 'iw_prob_clip': 0.0008924460609130738, 'iw_n_components': 60, 'iw_logistic_c': 0.15973265237425074, 'iw_pca_fit': 'combined', 'iw_solver': 'lbfgs', 'iw_rho': 0.3}. Best is trial 183 with value: 0.21533563543108433.
2026-06-01 15:11:42 | INFO | Trial 190 | outer=3 | alpha=1.849e+05 n_pcs=2500 (pc_topk) weight={'name': 'pc_logistic', 'floor': 1e-06, 'clip_max': 7.0, 'prob_clip': 0.0009766100293937467, 'n_components': 80, 'logistic_c': 0.05498948952740983, 'pca_fit': 'combined', 'solver': 'lbfgs', 'max_iter': 2000, 'fit_intercept': True, 'standardize_with_source': True, 'rho': 0.3}
[I 2026-06-01 15:12:00,183] Trial 190 finished with value: 0.18765456872522848 and parameters: {'alpha': 184918.45214149152, 'n_pcs': 2500, 'iw_method': 'pc_logistic', 'iw_clip_max': 7.0, 'iw_prob_clip': 0.0009766100293937467, 'iw_n_components': 80, 'iw_logistic_c': 0.05498948952740983, 'iw_pca_fit': 'combined', 'iw_solver': 'lbfgs', 'iw_rho': 0.3}. Best is trial 183 with value: 0.21533563543108433.
2026-06-01 15:12:00 | INFO | Trial 191 | outer=3 | alpha=2.055e+05 n_pcs=2500 (pc_topk) weight={'name': 'pc_logistic', 'floor': 1e-06, 'clip_max': 1.5, 'prob_clip': 0.0010633592532137458, 'n_components': 60, 'logistic_c': 0.03293550074472737, 'pca_fit': 'combined', 'solver': 'lbfgs', 'max_iter': 2000, 'fit_intercept': True, 'standardize_with_source': True, 'rho': 0.3}
[I 2026-06-01 15:12:15,960] Trial 191 finished with value: 0.2145434764661745 and parameters: {'alpha': 205530.7467637054, 'n_pcs': 2500, 'iw_method': 'pc_logistic', 'iw_clip_max': 1.5, 'iw_prob_clip': 0.0010633592532137458, 'iw_n_components': 60, 'iw_logistic_c': 0.03293550074472737, 'iw_pca_fit': 'combined', 'iw_solver': 'lbfgs', 'iw_rho': 0.3}. Best is trial 183 with value: 0.21533563543108433.
2026-06-01 15:12:15 | INFO | Trial 192 | outer=3 | alpha=2.176e+05 n_pcs=2500 (pc_topk) weight={'name': 'pc_logistic', 'floor': 1e-06, 'clip_max': 1.5, 'prob_clip': 0.0008027208824204805, 'n_components': 60, 'logistic_c': 0.04721733705378043, 'pca_fit': 'combined', 'solver': 'lbfgs', 'max_iter': 2000, 'fit_intercept': True, 'standardize_with_source': True, 'rho': 0.3}
[I 2026-06-01 15:12:30,725] Trial 192 finished with value: 0.21435421991179887 and parameters: {'alpha': 217607.87389015206, 'n_pcs': 2500, 'iw_method': 'pc_logistic', 'iw_clip_max': 1.5, 'iw_prob_clip': 0.0008027208824204805, 'iw_n_components': 60, 'iw_logistic_c': 0.04721733705378043, 'iw_pca_fit': 'combined', 'iw_solver': 'lbfgs', 'iw_rho': 0.3}. Best is trial 183 with value: 0.21533563543108433.
2026-06-01 15:12:30 | INFO | Trial 193 | outer=3 | alpha=1.678e+05 n_pcs=2500 (pc_topk) weight={'name': 'pc_logistic', 'floor': 1e-06, 'clip_max': 1.5, 'prob_clip': 0.0008395644355935431, 'n_components': 60, 'logistic_c': 0.007065259708968119, 'pca_fit': 'combined', 'solver': 'lbfgs', 'max_iter': 2000, 'fit_intercept': True, 'standardize_with_source': True, 'rho': 0.3}
[I 2026-06-01 15:12:44,000] Trial 193 finished with value: 0.21501673121139567 and parameters: {'alpha': 167843.9809487755, 'n_pcs': 2500, 'iw_method': 'pc_logistic', 'iw_clip_max': 1.5, 'iw_prob_clip': 0.0008395644355935431, 'iw_n_components': 60, 'iw_logistic_c': 0.007065259708968119, 'iw_pca_fit': 'combined', 'iw_solver': 'lbfgs', 'iw_rho': 0.3}. Best is trial 183 with value: 0.21533563543108433.
2026-06-01 15:12:44 | INFO | Trial 194 | outer=3 | alpha=2.579e+05 n_pcs=2500 (pc_topk) weight={'name': 'pc_logistic', 'floor': 1e-06, 'clip_max': 1.5, 'prob_clip': 0.000867757989134366, 'n_components': 60, 'logistic_c': 0.0062674128138209195, 'pca_fit': 'combined', 'solver': 'lbfgs', 'max_iter': 2000, 'fit_intercept': True, 'standardize_with_source': True, 'rho': 0.3}
[I 2026-06-01 15:12:57,895] Trial 194 finished with value: 0.21333912392260226 and parameters: {'alpha': 257927.42443211842, 'n_pcs': 2500, 'iw_method': 'pc_logistic', 'iw_clip_max': 1.5, 'iw_prob_clip': 0.000867757989134366, 'iw_n_components': 60, 'iw_logistic_c': 0.0062674128138209195, 'iw_pca_fit': 'combined', 'iw_solver': 'lbfgs', 'iw_rho': 0.3}. Best is trial 183 with value: 0.21533563543108433.
2026-06-01 15:12:57 | INFO | Trial 195 | outer=3 | alpha=1.751e+05 n_pcs=2500 (pc_topk) weight={'name': 'pc_logistic', 'floor': 1e-06, 'clip_max': 1.5, 'prob_clip': 0.0010788459030935775, 'n_components': 40, 'logistic_c': 0.01795745771675561, 'pca_fit': 'combined', 'solver': 'lbfgs', 'max_iter': 2000, 'fit_intercept': True, 'standardize_with_source': True, 'rho': 0.3}
[I 2026-06-01 15:13:11,614] Trial 195 finished with value: 0.2150370707712545 and parameters: {'alpha': 175145.70632411688, 'n_pcs': 2500, 'iw_method': 'pc_logistic', 'iw_clip_max': 1.5, 'iw_prob_clip': 0.0010788459030935775, 'iw_n_components': 40, 'iw_logistic_c': 0.01795745771675561, 'iw_pca_fit': 'combined', 'iw_solver': 'lbfgs', 'iw_rho': 0.3}. Best is trial 183 with value: 0.21533563543108433.
2026-06-01 15:13:11 | INFO | Trial 196 | outer=3 | alpha=1.736e+05 n_pcs=2500 (pc_topk) weight={'name': 'pc_logistic', 'floor': 1e-06, 'clip_max': 1.5, 'prob_clip': 0.0012609659181760835, 'n_components': 60, 'logistic_c': 0.013277616632766501, 'pca_fit': 'combined', 'solver': 'lbfgs', 'max_iter': 2000, 'fit_intercept': True, 'standardize_with_source': True, 'rho': 0.3}
[I 2026-06-01 15:13:27,605] Trial 196 finished with value: 0.21492399394345205 and parameters: {'alpha': 173622.74721734534, 'n_pcs': 2500, 'iw_method': 'pc_logistic', 'iw_clip_max': 1.5, 'iw_prob_clip': 0.0012609659181760835, 'iw_n_components': 60, 'iw_logistic_c': 0.013277616632766501, 'iw_pca_fit': 'combined', 'iw_solver': 'lbfgs', 'iw_rho': 0.3}. Best is trial 183 with value: 0.21533563543108433.
2026-06-01 15:13:27 | INFO | Trial 197 | outer=3 | alpha=1.854e+05 n_pcs=2500 (pc_topk) weight={'name': 'pc_logistic', 'floor': 1e-06, 'clip_max': 1.5, 'prob_clip': 0.0010931502762481886, 'n_components': 40, 'logistic_c': 0.013427225839473585, 'pca_fit': 'combined', 'solver': 'lbfgs', 'max_iter': 2000, 'fit_intercept': True, 'standardize_with_source': True, 'rho': 0.3}
[I 2026-06-01 15:13:41,403] Trial 197 finished with value: 0.21479074177737015 and parameters: {'alpha': 185377.00925680052, 'n_pcs': 2500, 'iw_method': 'pc_logistic', 'iw_clip_max': 1.5, 'iw_prob_clip': 0.0010931502762481886, 'iw_n_components': 40, 'iw_logistic_c': 0.013427225839473585, 'iw_pca_fit': 'combined', 'iw_solver': 'lbfgs', 'iw_rho': 0.3}. Best is trial 183 with value: 0.21533563543108433.
2026-06-01 15:13:41 | INFO | Trial 198 | outer=3 | alpha=1.610e+05 n_pcs=2500 (pc_topk) weight={'name': 'pc_logistic', 'floor': 1e-06, 'clip_max': 4.0, 'prob_clip': 0.0012774334456467798, 'n_components': 40, 'logistic_c': 0.02009030636357442, 'pca_fit': 'combined', 'solver': 'lbfgs', 'max_iter': 2000, 'fit_intercept': True, 'standardize_with_source': True, 'rho': 0.3}
[I 2026-06-01 15:13:55,641] Trial 198 finished with value: 0.2055609745617238 and parameters: {'alpha': 160977.69682025356, 'n_pcs': 2500, 'iw_method': 'pc_logistic', 'iw_clip_max': 4.0, 'iw_prob_clip': 0.0012774334456467798, 'iw_n_components': 40, 'iw_logistic_c': 0.02009030636357442, 'iw_pca_fit': 'combined', 'iw_solver': 'lbfgs', 'iw_rho': 0.3}. Best is trial 183 with value: 0.21533563543108433.
2026-06-01 15:13:55 | INFO | Trial 199 | outer=3 | alpha=3.229e+05 n_pcs=2500 (pc_topk) weight={'name': 'pc_logistic', 'floor': 1e-06, 'clip_max': 1.5, 'prob_clip': 0.0010962965433807155, 'n_components': 40, 'logistic_c': 0.011623659922110707, 'pca_fit': 'combined', 'solver': 'lbfgs', 'max_iter': 2000, 'fit_intercept': True, 'standardize_with_source': True, 'rho': 0.3}
[I 2026-06-01 15:14:09,250] Trial 199 finished with value: 0.21186275018986148 and parameters: {'alpha': 322935.80698569404, 'n_pcs': 2500, 'iw_method': 'pc_logistic', 'iw_clip_max': 1.5, 'iw_prob_clip': 0.0010962965433807155, 'iw_n_components': 40, 'iw_logistic_c': 0.011623659922110707, 'iw_pca_fit': 'combined', 'iw_solver': 'lbfgs', 'iw_rho': 0.3}. Best is trial 183 with value: 0.21533563543108433.
2026-06-01 15:14:09 | INFO | Trial 200 | outer=3 | alpha=1.616e+05 n_pcs=3000 (pc_topk) weight={'name': 'pc_logistic', 'floor': 1e-06, 'clip_max': 1.5, 'prob_clip': 0.0009786286667850684, 'n_components': 40, 'logistic_c': 0.012761419775507963, 'pca_fit': 'combined', 'solver': 'lbfgs', 'max_iter': 2000, 'fit_intercept': True, 'standardize_with_source': True, 'rho': 0.3}
[I 2026-06-01 15:14:24,063] Trial 200 finished with value: 0.2097175895995024 and parameters: {'alpha': 161553.36358456276, 'n_pcs': 3000, 'iw_method': 'pc_logistic', 'iw_clip_max': 1.5, 'iw_prob_clip': 0.0009786286667850684, 'iw_n_components': 40, 'iw_logistic_c': 0.012761419775507963, 'iw_pca_fit': 'combined', 'iw_solver': 'lbfgs', 'iw_rho': 0.3}. Best is trial 183 with value: 0.21533563543108433.
2026-06-01 15:14:24 | INFO | Trial 201 | outer=3 | alpha=1.901e+05 n_pcs=2500 (pc_topk) weight={'name': 'pc_logistic', 'floor': 1e-06, 'clip_max': 1.5, 'prob_clip': 0.0010378640590731967, 'n_components': 40, 'logistic_c': 0.03268655078544265, 'pca_fit': 'combined', 'solver': 'lbfgs', 'max_iter': 2000, 'fit_intercept': True, 'standardize_with_source': True, 'rho': 0.3}
[I 2026-06-01 15:14:39,884] Trial 201 finished with value: 0.21487282064684304 and parameters: {'alpha': 190074.64597168448, 'n_pcs': 2500, 'iw_method': 'pc_logistic', 'iw_clip_max': 1.5, 'iw_prob_clip': 0.0010378640590731967, 'iw_n_components': 40, 'iw_logistic_c': 0.03268655078544265, 'iw_pca_fit': 'combined', 'iw_solver': 'lbfgs', 'iw_rho': 0.3}. Best is trial 183 with value: 0.21533563543108433.
2026-06-01 15:14:39 | INFO | Trial 202 | outer=3 | alpha=1.953e+05 n_pcs=2500 (pc_topk) weight={'name': 'pc_logistic', 'floor': 1e-06, 'clip_max': 1.5, 'prob_clip': 0.0008526247437632331, 'n_components': 40, 'logistic_c': 0.03233934347119611, 'pca_fit': 'combined', 'solver': 'lbfgs', 'max_iter': 2000, 'fit_intercept': True, 'standardize_with_source': True, 'rho': 0.3}
[I 2026-06-01 15:14:53,311] Trial 202 finished with value: 0.2148240360270084 and parameters: {'alpha': 195308.28964073234, 'n_pcs': 2500, 'iw_method': 'pc_logistic', 'iw_clip_max': 1.5, 'iw_prob_clip': 0.0008526247437632331, 'iw_n_components': 40, 'iw_logistic_c': 0.03233934347119611, 'iw_pca_fit': 'combined', 'iw_solver': 'lbfgs', 'iw_rho': 0.3}. Best is trial 183 with value: 0.21533563543108433.
2026-06-01 15:14:53 | INFO | Trial 203 | outer=3 | alpha=1.788e+05 n_pcs=2500 (pc_topk) weight={'name': 'pc_logistic', 'floor': 1e-06, 'clip_max': 1.5, 'prob_clip': 0.000827055274981275, 'n_components': 40, 'logistic_c': 0.00527461903528807, 'pca_fit': 'combined', 'solver': 'lbfgs', 'max_iter': 2000, 'fit_intercept': True, 'standardize_with_source': True, 'rho': 0.3}
[I 2026-06-01 15:15:05,531] Trial 203 finished with value: 0.21473201703019745 and parameters: {'alpha': 178802.66268856448, 'n_pcs': 2500, 'iw_method': 'pc_logistic', 'iw_clip_max': 1.5, 'iw_prob_clip': 0.000827055274981275, 'iw_n_components': 40, 'iw_logistic_c': 0.00527461903528807, 'iw_pca_fit': 'combined', 'iw_solver': 'lbfgs', 'iw_rho': 0.3}. Best is trial 183 with value: 0.21533563543108433.
2026-06-01 15:15:05 | INFO | Trial 204 | outer=3 | alpha=2.596e+05 n_pcs=2500 (pc_topk) weight={'name': 'pc_logistic', 'floor': 1e-06, 'clip_max': 1.5, 'prob_clip': 0.0008526489162498567, 'n_components': 40, 'logistic_c': 0.007188747223616172, 'pca_fit': 'combined', 'solver': 'lbfgs', 'max_iter': 2000, 'fit_intercept': True, 'standardize_with_source': True, 'rho': 0.3}
[I 2026-06-01 15:15:17,851] Trial 204 finished with value: 0.21315765112114735 and parameters: {'alpha': 259648.3704178159, 'n_pcs': 2500, 'iw_method': 'pc_logistic', 'iw_clip_max': 1.5, 'iw_prob_clip': 0.0008526489162498567, 'iw_n_components': 40, 'iw_logistic_c': 0.007188747223616172, 'iw_pca_fit': 'combined', 'iw_solver': 'lbfgs', 'iw_rho': 0.3}. Best is trial 183 with value: 0.21533563543108433.
2026-06-01 15:15:17 | INFO | Trial 205 | outer=3 | alpha=1.685e+05 n_pcs=2500 (pc_topk) weight={'name': 'pc_logistic', 'floor': 1e-06, 'clip_max': 2.5, 'prob_clip': 0.0012586302921404697, 'n_components': 40, 'logistic_c': 0.08717596993553685, 'pca_fit': 'combined', 'solver': 'lbfgs', 'max_iter': 2000, 'fit_intercept': True, 'standardize_with_source': True, 'rho': 0.3}
[I 2026-06-01 15:15:32,484] Trial 205 finished with value: 0.21199615910513173 and parameters: {'alpha': 168502.81189655658, 'n_pcs': 2500, 'iw_method': 'pc_logistic', 'iw_clip_max': 2.5, 'iw_prob_clip': 0.0012586302921404697, 'iw_n_components': 40, 'iw_logistic_c': 0.08717596993553685, 'iw_pca_fit': 'combined', 'iw_solver': 'lbfgs', 'iw_rho': 0.3}. Best is trial 183 with value: 0.21533563543108433.
2026-06-01 15:15:32 | INFO | Trial 206 | outer=3 | alpha=2.214e+05 n_pcs=2500 (pc_topk) weight={'name': 'pc_logistic', 'floor': 1e-06, 'clip_max': 1.5, 'prob_clip': 0.0007977341680346971, 'n_components': 40, 'logistic_c': 0.025213223117945244, 'pca_fit': 'combined', 'solver': 'lbfgs', 'max_iter': 2000, 'fit_intercept': True, 'standardize_with_source': True, 'rho': 0.3}
[I 2026-06-01 15:15:46,506] Trial 206 finished with value: 0.214289520080984 and parameters: {'alpha': 221375.74590741954, 'n_pcs': 2500, 'iw_method': 'pc_logistic', 'iw_clip_max': 1.5, 'iw_prob_clip': 0.0007977341680346971, 'iw_n_components': 40, 'iw_logistic_c': 0.025213223117945244, 'iw_pca_fit': 'combined', 'iw_solver': 'lbfgs', 'iw_rho': 0.3}. Best is trial 183 with value: 0.21533563543108433.
2026-06-01 15:15:46 | INFO | Trial 207 | outer=3 | alpha=1.499e+05 n_pcs=2500 (pc_topk) weight={'name': 'pc_logistic', 'floor': 1e-06, 'clip_max': 1.5, 'prob_clip': 0.000914063436553739, 'n_components': 40, 'logistic_c': 0.017888252705079447, 'pca_fit': 'combined', 'solver': 'lbfgs', 'max_iter': 2000, 'fit_intercept': True, 'standardize_with_source': True, 'rho': 0.3}
[I 2026-06-01 15:15:59,725] Trial 207 finished with value: 0.2154991396150987 and parameters: {'alpha': 149879.09520583772, 'n_pcs': 2500, 'iw_method': 'pc_logistic', 'iw_clip_max': 1.5, 'iw_prob_clip': 0.000914063436553739, 'iw_n_components': 40, 'iw_logistic_c': 0.017888252705079447, 'iw_pca_fit': 'combined', 'iw_solver': 'lbfgs', 'iw_rho': 0.3}. Best is trial 207 with value: 0.2154991396150987.
2026-06-01 15:15:59 | INFO | Trial 208 | outer=3 | alpha=1.500e+05 n_pcs=2500 (pc_topk) weight={'name': 'pc_logistic', 'floor': 1e-06, 'clip_max': 1.5, 'prob_clip': 0.0009533884963665278, 'n_components': 40, 'logistic_c': 0.014450579102782836, 'pca_fit': 'combined', 'solver': 'lbfgs', 'max_iter': 2000, 'fit_intercept': True, 'standardize_with_source': True, 'rho': 0.3}
[I 2026-06-01 15:16:12,489] Trial 208 finished with value: 0.21545016609152406 and parameters: {'alpha': 149966.79562723168, 'n_pcs': 2500, 'iw_method': 'pc_logistic', 'iw_clip_max': 1.5, 'iw_prob_clip': 0.0009533884963665278, 'iw_n_components': 40, 'iw_logistic_c': 0.014450579102782836, 'iw_pca_fit': 'combined', 'iw_solver': 'lbfgs', 'iw_rho': 0.3}. Best is trial 207 with value: 0.2154991396150987.
2026-06-01 15:16:12 | INFO | Trial 209 | outer=3 | alpha=1.506e+05 n_pcs=2500 (pc_topk) weight={'name': 'pc_logistic', 'floor': 1e-06, 'clip_max': 1.5, 'prob_clip': 0.0009392494982009241, 'n_components': 40, 'logistic_c': 0.011983012759249949, 'pca_fit': 'combined', 'solver': 'lbfgs', 'max_iter': 2000, 'fit_intercept': True, 'standardize_with_source': True, 'rho': 0.3}
[I 2026-06-01 15:16:27,121] Trial 209 finished with value: 0.21543728510023752 and parameters: {'alpha': 150630.56071570964, 'n_pcs': 2500, 'iw_method': 'pc_logistic', 'iw_clip_max': 1.5, 'iw_prob_clip': 0.0009392494982009241, 'iw_n_components': 40, 'iw_logistic_c': 0.011983012759249949, 'iw_pca_fit': 'combined', 'iw_solver': 'lbfgs', 'iw_rho': 0.3}. Best is trial 207 with value: 0.2154991396150987.
2026-06-01 15:16:27 | INFO | Trial 210 | outer=3 | alpha=1.796e+05 n_pcs=2500 (pc_topk) weight={'name': 'pc_logistic', 'floor': 1e-06, 'clip_max': 1.5, 'prob_clip': 0.0009251368545114636, 'n_components': 40, 'logistic_c': 0.018148151122681325, 'pca_fit': 'combined', 'solver': 'lbfgs', 'max_iter': 2000, 'fit_intercept': True, 'standardize_with_source': True, 'rho': 0.3}
[I 2026-06-01 15:16:41,787] Trial 210 finished with value: 0.21502417848726735 and parameters: {'alpha': 179592.59689691695, 'n_pcs': 2500, 'iw_method': 'pc_logistic', 'iw_clip_max': 1.5, 'iw_prob_clip': 0.0009251368545114636, 'iw_n_components': 40, 'iw_logistic_c': 0.018148151122681325, 'iw_pca_fit': 'combined', 'iw_solver': 'lbfgs', 'iw_rho': 0.3}. Best is trial 207 with value: 0.2154991396150987.
2026-06-01 15:16:41 | INFO | Trial 211 | outer=3 | alpha=1.854e+05 n_pcs=2500 (pc_topk) weight={'name': 'pc_logistic', 'floor': 1e-06, 'clip_max': 1.5, 'prob_clip': 0.0009600787190517103, 'n_components': 40, 'logistic_c': 0.013972941734164399, 'pca_fit': 'combined', 'solver': 'lbfgs', 'max_iter': 2000, 'fit_intercept': True, 'standardize_with_source': True, 'rho': 0.3}
[I 2026-06-01 15:16:54,226] Trial 211 finished with value: 0.21486084830036054 and parameters: {'alpha': 185371.45295353542, 'n_pcs': 2500, 'iw_method': 'pc_logistic', 'iw_clip_max': 1.5, 'iw_prob_clip': 0.0009600787190517103, 'iw_n_components': 40, 'iw_logistic_c': 0.013972941734164399, 'iw_pca_fit': 'combined', 'iw_solver': 'lbfgs', 'iw_rho': 0.3}. Best is trial 207 with value: 0.2154991396150987.
2026-06-01 15:16:54 | INFO | Trial 212 | outer=3 | alpha=1.552e+05 n_pcs=2500 (pc_topk) weight={'name': 'pc_logistic', 'floor': 1e-06, 'clip_max': 1.5, 'prob_clip': 0.0009287268853986855, 'n_components': 40, 'logistic_c': 0.016176347801119803, 'pca_fit': 'combined', 'solver': 'lbfgs', 'max_iter': 2000, 'fit_intercept': True, 'standardize_with_source': True, 'rho': 1.0}
[I 2026-06-01 15:17:07,282] Trial 212 finished with value: 0.19307677541025783 and parameters: {'alpha': 155151.18487001478, 'n_pcs': 2500, 'iw_method': 'pc_logistic', 'iw_clip_max': 1.5, 'iw_prob_clip': 0.0009287268853986855, 'iw_n_components': 40, 'iw_logistic_c': 0.016176347801119803, 'iw_pca_fit': 'combined', 'iw_solver': 'lbfgs', 'iw_rho': 1.0}. Best is trial 207 with value: 0.2154991396150987.
2026-06-01 15:17:07 | INFO | Trial 213 | outer=3 | alpha=1.773e+05 n_pcs=2500 (pc_topk) weight={'name': 'pc_logistic', 'floor': 1e-06, 'clip_max': 1.5, 'prob_clip': 0.0008921216279399738, 'n_components': 40, 'logistic_c': 0.010112661605165265, 'pca_fit': 'combined', 'solver': 'lbfgs', 'max_iter': 2000, 'fit_intercept': True, 'standardize_with_source': True, 'rho': 0.3}
[I 2026-06-01 15:17:21,116] Trial 213 finished with value: 0.21500415991193159 and parameters: {'alpha': 177343.72562401457, 'n_pcs': 2500, 'iw_method': 'pc_logistic', 'iw_clip_max': 1.5, 'iw_prob_clip': 0.0008921216279399738, 'iw_n_components': 40, 'iw_logistic_c': 0.010112661605165265, 'iw_pca_fit': 'combined', 'iw_solver': 'lbfgs', 'iw_rho': 0.3}. Best is trial 207 with value: 0.2154991396150987.
2026-06-01 15:17:21 | INFO | Trial 214 | outer=3 | alpha=2.401e+05 n_pcs=2500 (pc_topk) weight={'name': 'pc_logistic', 'floor': 1e-06, 'clip_max': 1.5, 'prob_clip': 0.0009157124529292544, 'n_components': 40, 'logistic_c': 0.009819281683272193, 'pca_fit': 'combined', 'solver': 'lbfgs', 'max_iter': 2000, 'fit_intercept': True, 'standardize_with_source': True, 'rho': 0.3}
[I 2026-06-01 15:17:35,002] Trial 214 finished with value: 0.21368705137669353 and parameters: {'alpha': 240088.99648809858, 'n_pcs': 2500, 'iw_method': 'pc_logistic', 'iw_clip_max': 1.5, 'iw_prob_clip': 0.0009157124529292544, 'iw_n_components': 40, 'iw_logistic_c': 0.009819281683272193, 'iw_pca_fit': 'combined', 'iw_solver': 'lbfgs', 'iw_rho': 0.3}. Best is trial 207 with value: 0.2154991396150987.
2026-06-01 15:17:35 | INFO | Trial 215 | outer=3 | alpha=1.765e+05 n_pcs=2500 (pc_topk) weight={'name': 'pc_logistic', 'floor': 1e-06, 'clip_max': 1.5, 'prob_clip': 0.0011462657171868583, 'n_components': 40, 'logistic_c': 0.016086572897653015, 'pca_fit': 'combined', 'solver': 'lbfgs', 'max_iter': 2000, 'fit_intercept': True, 'standardize_with_source': True, 'rho': 0.3}
[I 2026-06-01 15:17:48,335] Trial 215 finished with value: 0.2149516512205564 and parameters: {'alpha': 176494.0450264671, 'n_pcs': 2500, 'iw_method': 'pc_logistic', 'iw_clip_max': 1.5, 'iw_prob_clip': 0.0011462657171868583, 'iw_n_components': 40, 'iw_logistic_c': 0.016086572897653015, 'iw_pca_fit': 'combined', 'iw_solver': 'lbfgs', 'iw_rho': 0.3}. Best is trial 207 with value: 0.2154991396150987.
2026-06-01 15:17:48 | INFO | Trial 216 | outer=3 | alpha=2.921e+05 n_pcs=2500 (pc_topk) weight={'name': 'pc_logistic', 'floor': 1e-06, 'clip_max': 1.5, 'prob_clip': 0.0009735436325904004, 'n_components': 40, 'logistic_c': 0.014768476866022354, 'pca_fit': 'combined', 'solver': 'lbfgs', 'max_iter': 2000, 'fit_intercept': True, 'standardize_with_source': True, 'rho': 0.3}
[I 2026-06-01 15:18:02,498] Trial 216 finished with value: 0.21258837591819263 and parameters: {'alpha': 292053.48656060465, 'n_pcs': 2500, 'iw_method': 'pc_logistic', 'iw_clip_max': 1.5, 'iw_prob_clip': 0.0009735436325904004, 'iw_n_components': 40, 'iw_logistic_c': 0.014768476866022354, 'iw_pca_fit': 'combined', 'iw_solver': 'lbfgs', 'iw_rho': 0.3}. Best is trial 207 with value: 0.2154991396150987.
2026-06-01 15:18:02 | INFO | Trial 217 | outer=3 | alpha=1.800e+05 n_pcs=2500 (pc_topk) weight={'name': 'pc_logistic', 'floor': 1e-06, 'clip_max': 1.5, 'prob_clip': 0.001116177334543628, 'n_components': 40, 'logistic_c': 0.008836781567918159, 'pca_fit': 'combined', 'solver': 'lbfgs', 'max_iter': 2000, 'fit_intercept': True, 'standardize_with_source': True, 'rho': 0.3}
[I 2026-06-01 15:18:16,911] Trial 217 finished with value: 0.21483356276916696 and parameters: {'alpha': 179984.74120290545, 'n_pcs': 2500, 'iw_method': 'pc_logistic', 'iw_clip_max': 1.5, 'iw_prob_clip': 0.001116177334543628, 'iw_n_components': 40, 'iw_logistic_c': 0.008836781567918159, 'iw_pca_fit': 'combined', 'iw_solver': 'lbfgs', 'iw_rho': 0.3}. Best is trial 207 with value: 0.2154991396150987.
2026-06-01 15:18:16 | INFO | Trial 218 | outer=3 | alpha=1.933e+05 n_pcs=2500 (pc_topk) weight={'name': 'pc_logistic', 'floor': 1e-06, 'clip_max': 1.5, 'prob_clip': 0.0012520556204030546, 'n_components': 40, 'logistic_c': 0.009416441688506545, 'pca_fit': 'combined', 'solver': 'lbfgs', 'max_iter': 2000, 'fit_intercept': True, 'standardize_with_source': True, 'rho': 0.3}
[I 2026-06-01 15:18:30,279] Trial 218 finished with value: 0.21452399635092329 and parameters: {'alpha': 193253.76970043717, 'n_pcs': 2500, 'iw_method': 'pc_logistic', 'iw_clip_max': 1.5, 'iw_prob_clip': 0.0012520556204030546, 'iw_n_components': 40, 'iw_logistic_c': 0.009416441688506545, 'iw_pca_fit': 'combined', 'iw_solver': 'lbfgs', 'iw_rho': 0.3}. Best is trial 207 with value: 0.2154991396150987.
2026-06-01 15:18:30 | INFO | Trial 219 | outer=3 | alpha=2.500e+05 n_pcs=2500 (pc_topk) weight={'name': 'pc_logistic', 'floor': 1e-06, 'clip_max': 1.5, 'prob_clip': 0.0011771456207686516, 'n_components': 40, 'logistic_c': 0.022528230887315544, 'pca_fit': 'combined', 'solver': 'lbfgs', 'max_iter': 2000, 'fit_intercept': True, 'standardize_with_source': True, 'rho': 0.7}
[I 2026-06-01 15:18:45,139] Trial 219 finished with value: 0.21488690550505476 and parameters: {'alpha': 250012.12276354348, 'n_pcs': 2500, 'iw_method': 'pc_logistic', 'iw_clip_max': 1.5, 'iw_prob_clip': 0.0011771456207686516, 'iw_n_components': 40, 'iw_logistic_c': 0.022528230887315544, 'iw_pca_fit': 'combined', 'iw_solver': 'lbfgs', 'iw_rho': 0.7}. Best is trial 207 with value: 0.2154991396150987.
2026-06-01 15:18:45 | INFO | Trial 220 | outer=3 | alpha=2.328e+05 n_pcs=2000 (pc_topk) weight={'name': 'pc_logistic', 'floor': 1e-06, 'clip_max': 1.5, 'prob_clip': 0.0013572429266268927, 'n_components': 40, 'logistic_c': 0.022145556303150106, 'pca_fit': 'combined', 'solver': 'lbfgs', 'max_iter': 2000, 'fit_intercept': True, 'standardize_with_source': True, 'rho': 0.7}
[I 2026-06-01 15:18:59,159] Trial 220 finished with value: 0.21504122101794607 and parameters: {'alpha': 232809.41925027804, 'n_pcs': 2000, 'iw_method': 'pc_logistic', 'iw_clip_max': 1.5, 'iw_prob_clip': 0.0013572429266268927, 'iw_n_components': 40, 'iw_logistic_c': 0.022145556303150106, 'iw_pca_fit': 'combined', 'iw_solver': 'lbfgs', 'iw_rho': 0.7}. Best is trial 207 with value: 0.2154991396150987.
2026-06-01 15:18:59 | INFO | Trial 221 | outer=3 | alpha=2.527e+05 n_pcs=2000 (pc_topk) weight={'name': 'pc_logistic', 'floor': 1e-06, 'clip_max': 1.5, 'prob_clip': 0.0014241647151282746, 'n_components': 40, 'logistic_c': 0.02151642537487953, 'pca_fit': 'combined', 'solver': 'lbfgs', 'max_iter': 2000, 'fit_intercept': True, 'standardize_with_source': True, 'rho': 0.7}
[I 2026-06-01 15:19:14,247] Trial 221 finished with value: 0.2148855524323528 and parameters: {'alpha': 252692.70992138, 'n_pcs': 2000, 'iw_method': 'pc_logistic', 'iw_clip_max': 1.5, 'iw_prob_clip': 0.0014241647151282746, 'iw_n_components': 40, 'iw_logistic_c': 0.02151642537487953, 'iw_pca_fit': 'combined', 'iw_solver': 'lbfgs', 'iw_rho': 0.7}. Best is trial 207 with value: 0.2154991396150987.
2026-06-01 15:19:14 | INFO | Trial 222 | outer=3 | alpha=3.381e+05 n_pcs=2000 (pc_topk) weight={'name': 'pc_logistic', 'floor': 1e-06, 'clip_max': 1.5, 'prob_clip': 0.0013966087934826608, 'n_components': 40, 'logistic_c': 0.021653802503932524, 'pca_fit': 'combined', 'solver': 'lbfgs', 'max_iter': 2000, 'fit_intercept': True, 'standardize_with_source': True, 'rho': 0.7}
[I 2026-06-01 15:19:28,851] Trial 222 finished with value: 0.2138555786511155 and parameters: {'alpha': 338132.2972411936, 'n_pcs': 2000, 'iw_method': 'pc_logistic', 'iw_clip_max': 1.5, 'iw_prob_clip': 0.0013966087934826608, 'iw_n_components': 40, 'iw_logistic_c': 0.021653802503932524, 'iw_pca_fit': 'combined', 'iw_solver': 'lbfgs', 'iw_rho': 0.7}. Best is trial 207 with value: 0.2154991396150987.
2026-06-01 15:19:28 | INFO | Trial 223 | outer=3 | alpha=2.449e+05 n_pcs=2000 (pc_topk) weight={'name': 'pc_logistic', 'floor': 1e-06, 'clip_max': 1.5, 'prob_clip': 0.0011585783588413626, 'n_components': 40, 'logistic_c': 0.014637692928172746, 'pca_fit': 'combined', 'solver': 'lbfgs', 'max_iter': 2000, 'fit_intercept': True, 'standardize_with_source': True, 'rho': 0.7}
[I 2026-06-01 15:19:42,641] Trial 223 finished with value: 0.21486586217539444 and parameters: {'alpha': 244881.87922288547, 'n_pcs': 2000, 'iw_method': 'pc_logistic', 'iw_clip_max': 1.5, 'iw_prob_clip': 0.0011585783588413626, 'iw_n_components': 40, 'iw_logistic_c': 0.014637692928172746, 'iw_pca_fit': 'combined', 'iw_solver': 'lbfgs', 'iw_rho': 0.7}. Best is trial 207 with value: 0.2154991396150987.
2026-06-01 15:19:42 | INFO | Trial 224 | outer=3 | alpha=2.596e+05 n_pcs=2000 (pc_topk) weight={'name': 'pc_logistic', 'floor': 1e-06, 'clip_max': 1.5, 'prob_clip': 0.001181763572584478, 'n_components': 40, 'logistic_c': 0.01416865629365288, 'pca_fit': 'combined', 'solver': 'lbfgs', 'max_iter': 2000, 'fit_intercept': True, 'standardize_with_source': True, 'rho': 0.7}
[I 2026-06-01 15:19:55,297] Trial 224 finished with value: 0.21471007888036495 and parameters: {'alpha': 259591.9796511844, 'n_pcs': 2000, 'iw_method': 'pc_logistic', 'iw_clip_max': 1.5, 'iw_prob_clip': 0.001181763572584478, 'iw_n_components': 40, 'iw_logistic_c': 0.01416865629365288, 'iw_pca_fit': 'combined', 'iw_solver': 'lbfgs', 'iw_rho': 0.7}. Best is trial 207 with value: 0.2154991396150987.
2026-06-01 15:19:55 | INFO | Trial 225 | outer=3 | alpha=2.364e+05 n_pcs=2000 (pc_topk) weight={'name': 'pc_logistic', 'floor': 1e-06, 'clip_max': 1.5, 'prob_clip': 0.001353612952751704, 'n_components': 40, 'logistic_c': 0.030993591151959855, 'pca_fit': 'combined', 'solver': 'lbfgs', 'max_iter': 2000, 'fit_intercept': True, 'standardize_with_source': True, 'rho': 0.7}
[I 2026-06-01 15:20:09,636] Trial 225 finished with value: 0.2151598069959661 and parameters: {'alpha': 236389.50099309473, 'n_pcs': 2000, 'iw_method': 'pc_logistic', 'iw_clip_max': 1.5, 'iw_prob_clip': 0.001353612952751704, 'iw_n_components': 40, 'iw_logistic_c': 0.030993591151959855, 'iw_pca_fit': 'combined', 'iw_solver': 'lbfgs', 'iw_rho': 0.7}. Best is trial 207 with value: 0.2154991396150987.
2026-06-01 15:20:09 | INFO | Trial 226 | outer=3 | alpha=3.750e+05 n_pcs=2000 (pc_topk) weight={'name': 'pc_logistic', 'floor': 1e-06, 'clip_max': 1.5, 'prob_clip': 0.0013002283551338924, 'n_components': 40, 'logistic_c': 0.029362546704343087, 'pca_fit': 'combined', 'solver': 'lbfgs', 'max_iter': 2000, 'fit_intercept': True, 'standardize_with_source': True, 'rho': 0.7}
[I 2026-06-01 15:20:24,326] Trial 226 finished with value: 0.21355000139912064 and parameters: {'alpha': 374981.2496705795, 'n_pcs': 2000, 'iw_method': 'pc_logistic', 'iw_clip_max': 1.5, 'iw_prob_clip': 0.0013002283551338924, 'iw_n_components': 40, 'iw_logistic_c': 0.029362546704343087, 'iw_pca_fit': 'combined', 'iw_solver': 'lbfgs', 'iw_rho': 0.7}. Best is trial 207 with value: 0.2154991396150987.
2026-06-01 15:20:24 | INFO | Trial 227 | outer=3 | alpha=2.962e+05 n_pcs=2000 (pc_topk) weight={'name': 'pc_logistic', 'floor': 1e-06, 'clip_max': 1.5, 'prob_clip': 0.001477505347731361, 'n_components': 40, 'logistic_c': 0.019921460913804777, 'pca_fit': 'combined', 'solver': 'lbfgs', 'max_iter': 2000, 'fit_intercept': True, 'standardize_with_source': True, 'rho': 0.7}
[I 2026-06-01 15:20:37,769] Trial 227 finished with value: 0.2143381769454582 and parameters: {'alpha': 296179.25061848294, 'n_pcs': 2000, 'iw_method': 'pc_logistic', 'iw_clip_max': 1.5, 'iw_prob_clip': 0.001477505347731361, 'iw_n_components': 40, 'iw_logistic_c': 0.019921460913804777, 'iw_pca_fit': 'combined', 'iw_solver': 'lbfgs', 'iw_rho': 0.7}. Best is trial 207 with value: 0.2154991396150987.
2026-06-01 15:20:37 | INFO | Trial 228 | outer=3 | alpha=2.286e+05 n_pcs=2000 (pc_topk) weight={'name': 'pc_logistic', 'floor': 1e-06, 'clip_max': 1.5, 'prob_clip': 0.0011826578096287438, 'n_components': 40, 'logistic_c': 0.007196466556997774, 'pca_fit': 'combined', 'solver': 'lbfgs', 'max_iter': 2000, 'fit_intercept': True, 'standardize_with_source': True, 'rho': 0.7}
[I 2026-06-01 15:20:50,859] Trial 228 finished with value: 0.2146753108006255 and parameters: {'alpha': 228648.2570142018, 'n_pcs': 2000, 'iw_method': 'pc_logistic', 'iw_clip_max': 1.5, 'iw_prob_clip': 0.0011826578096287438, 'iw_n_components': 40, 'iw_logistic_c': 0.007196466556997774, 'iw_pca_fit': 'combined', 'iw_solver': 'lbfgs', 'iw_rho': 0.7}. Best is trial 207 with value: 0.2154991396150987.
2026-06-01 15:20:50 | INFO | Trial 229 | outer=3 | alpha=2.612e+05 n_pcs=2000 (pc_topk) weight={'name': 'pc_logistic', 'floor': 1e-06, 'clip_max': 1.5, 'prob_clip': 0.0011132907332748506, 'n_components': 40, 'logistic_c': 0.07753436044608862, 'pca_fit': 'combined', 'solver': 'lbfgs', 'max_iter': 2000, 'fit_intercept': True, 'standardize_with_source': True, 'rho': 0.7}
[I 2026-06-01 15:21:04,522] Trial 229 finished with value: 0.21519602874581775 and parameters: {'alpha': 261223.78488773614, 'n_pcs': 2000, 'iw_method': 'pc_logistic', 'iw_clip_max': 1.5, 'iw_prob_clip': 0.0011132907332748506, 'iw_n_components': 40, 'iw_logistic_c': 0.07753436044608862, 'iw_pca_fit': 'combined', 'iw_solver': 'lbfgs', 'iw_rho': 0.7}. Best is trial 207 with value: 0.2154991396150987.
2026-06-01 15:21:04 | INFO | Trial 230 | outer=3 | alpha=2.371e+05 n_pcs=2000 (pc_topk) weight={'name': 'pc_logistic', 'floor': 1e-06, 'clip_max': 1.5, 'prob_clip': 0.0011365466390539486, 'n_components': 40, 'logistic_c': 0.0886713318521337, 'pca_fit': 'combined', 'solver': 'lbfgs', 'max_iter': 2000, 'fit_intercept': True, 'standardize_with_source': True, 'rho': 0.7}
[I 2026-06-01 15:21:20,976] Trial 230 finished with value: 0.2153544608662073 and parameters: {'alpha': 237141.4622778853, 'n_pcs': 2000, 'iw_method': 'pc_logistic', 'iw_clip_max': 1.5, 'iw_prob_clip': 0.0011365466390539486, 'iw_n_components': 40, 'iw_logistic_c': 0.0886713318521337, 'iw_pca_fit': 'combined', 'iw_solver': 'lbfgs', 'iw_rho': 0.7}. Best is trial 207 with value: 0.2154991396150987.
2026-06-01 15:21:21 | INFO | Trial 231 | outer=3 | alpha=2.442e+05 n_pcs=2000 (pc_topk) weight={'name': 'pc_logistic', 'floor': 1e-06, 'clip_max': 1.5, 'prob_clip': 0.0011388090813251393, 'n_components': 40, 'logistic_c': 0.08705218286181365, 'pca_fit': 'combined', 'solver': 'lbfgs', 'max_iter': 2000, 'fit_intercept': True, 'standardize_with_source': True, 'rho': 0.7}
[I 2026-06-01 15:21:36,301] Trial 231 finished with value: 0.21528724123212464 and parameters: {'alpha': 244224.20704739797, 'n_pcs': 2000, 'iw_method': 'pc_logistic', 'iw_clip_max': 1.5, 'iw_prob_clip': 0.0011388090813251393, 'iw_n_components': 40, 'iw_logistic_c': 0.08705218286181365, 'iw_pca_fit': 'combined', 'iw_solver': 'lbfgs', 'iw_rho': 0.7}. Best is trial 207 with value: 0.2154991396150987.
2026-06-01 15:21:36 | INFO | Trial 232 | outer=3 | alpha=2.602e+05 n_pcs=2000 (pc_topk) weight={'name': 'pc_logistic', 'floor': 1e-06, 'clip_max': 1.5, 'prob_clip': 0.001006394253912003, 'n_components': 40, 'logistic_c': 0.2459623269648179, 'pca_fit': 'combined', 'solver': 'lbfgs', 'max_iter': 2000, 'fit_intercept': True, 'standardize_with_source': True, 'rho': 0.7}
[I 2026-06-01 15:21:51,690] Trial 232 finished with value: 0.21526750233185532 and parameters: {'alpha': 260212.68654661792, 'n_pcs': 2000, 'iw_method': 'pc_logistic', 'iw_clip_max': 1.5, 'iw_prob_clip': 0.001006394253912003, 'iw_n_components': 40, 'iw_logistic_c': 0.2459623269648179, 'iw_pca_fit': 'combined', 'iw_solver': 'lbfgs', 'iw_rho': 0.7}. Best is trial 207 with value: 0.2154991396150987.
2026-06-01 15:21:51 | INFO | Trial 233 | outer=3 | alpha=2.737e+05 n_pcs=2000 (pc_topk) weight={'name': 'pc_logistic', 'floor': 1e-06, 'clip_max': 1.5, 'prob_clip': 0.001341280686955823, 'n_components': 40, 'logistic_c': 0.17124189946922472, 'pca_fit': 'combined', 'solver': 'lbfgs', 'max_iter': 2000, 'fit_intercept': True, 'standardize_with_source': True, 'rho': 0.7}
[I 2026-06-01 15:22:05,793] Trial 233 finished with value: 0.21509849599793068 and parameters: {'alpha': 273689.38165826775, 'n_pcs': 2000, 'iw_method': 'pc_logistic', 'iw_clip_max': 1.5, 'iw_prob_clip': 0.001341280686955823, 'iw_n_components': 40, 'iw_logistic_c': 0.17124189946922472, 'iw_pca_fit': 'combined', 'iw_solver': 'lbfgs', 'iw_rho': 0.7}. Best is trial 207 with value: 0.2154991396150987.
2026-06-01 15:22:05 | INFO | Trial 234 | outer=3 | alpha=3.996e+05 n_pcs=2000 (pc_topk) weight={'name': 'pc_logistic', 'floor': 1e-06, 'clip_max': 1.5, 'prob_clip': 0.0014467458320673381, 'n_components': 40, 'logistic_c': 0.13076878509558207, 'pca_fit': 'combined', 'solver': 'lbfgs', 'max_iter': 2000, 'fit_intercept': True, 'standardize_with_source': True, 'rho': 0.7}
[I 2026-06-01 15:22:19,898] Trial 234 finished with value: 0.21346566886268015 and parameters: {'alpha': 399636.38805789704, 'n_pcs': 2000, 'iw_method': 'pc_logistic', 'iw_clip_max': 1.5, 'iw_prob_clip': 0.0014467458320673381, 'iw_n_components': 40, 'iw_logistic_c': 0.13076878509558207, 'iw_pca_fit': 'combined', 'iw_solver': 'lbfgs', 'iw_rho': 0.7}. Best is trial 207 with value: 0.2154991396150987.
2026-06-01 15:22:19 | INFO | Trial 235 | outer=3 | alpha=2.868e+05 n_pcs=2000 (pc_topk) weight={'name': 'pc_logistic', 'floor': 1e-06, 'clip_max': 1.5, 'prob_clip': 0.001342520362578688, 'n_components': 40, 'logistic_c': 0.15997219244590397, 'pca_fit': 'combined', 'solver': 'lbfgs', 'max_iter': 2000, 'fit_intercept': True, 'standardize_with_source': True, 'rho': 0.7}
[I 2026-06-01 15:22:33,196] Trial 235 finished with value: 0.2149497765898362 and parameters: {'alpha': 286752.23834123585, 'n_pcs': 2000, 'iw_method': 'pc_logistic', 'iw_clip_max': 1.5, 'iw_prob_clip': 0.001342520362578688, 'iw_n_components': 40, 'iw_logistic_c': 0.15997219244590397, 'iw_pca_fit': 'combined', 'iw_solver': 'lbfgs', 'iw_rho': 0.7}. Best is trial 207 with value: 0.2154991396150987.
2026-06-01 15:22:33 | INFO | Trial 236 | outer=3 | alpha=3.131e+05 n_pcs=2000 (pc_topk) weight={'name': 'pc_logistic', 'floor': 1e-06, 'clip_max': 1.5, 'prob_clip': 0.0013297043023116578, 'n_components': 40, 'logistic_c': 0.23312622126582436, 'pca_fit': 'combined', 'solver': 'lbfgs', 'max_iter': 2000, 'fit_intercept': True, 'standardize_with_source': True, 'rho': 0.7}
[I 2026-06-01 15:22:46,837] Trial 236 finished with value: 0.2146463002456412 and parameters: {'alpha': 313144.21836159984, 'n_pcs': 2000, 'iw_method': 'pc_logistic', 'iw_clip_max': 1.5, 'iw_prob_clip': 0.0013297043023116578, 'iw_n_components': 40, 'iw_logistic_c': 0.23312622126582436, 'iw_pca_fit': 'combined', 'iw_solver': 'lbfgs', 'iw_rho': 0.7}. Best is trial 207 with value: 0.2154991396150987.
2026-06-01 15:22:46 | INFO | Trial 237 | outer=3 | alpha=2.526e+05 n_pcs=2000 (pc_topk) weight={'name': 'pc_logistic', 'floor': 1e-06, 'clip_max': 1.5, 'prob_clip': 0.001571032589750447, 'n_components': 40, 'logistic_c': 0.5426850083333776, 'pca_fit': 'combined', 'solver': 'lbfgs', 'max_iter': 2000, 'fit_intercept': True, 'standardize_with_source': True, 'rho': 0.7}
[I 2026-06-01 15:23:02,757] Trial 237 finished with value: 0.21538786822095632 and parameters: {'alpha': 252590.77000243173, 'n_pcs': 2000, 'iw_method': 'pc_logistic', 'iw_clip_max': 1.5, 'iw_prob_clip': 0.001571032589750447, 'iw_n_components': 40, 'iw_logistic_c': 0.5426850083333776, 'iw_pca_fit': 'combined', 'iw_solver': 'lbfgs', 'iw_rho': 0.7}. Best is trial 207 with value: 0.2154991396150987.
2026-06-01 15:23:02 | INFO | Trial 238 | outer=3 | alpha=3.058e+05 n_pcs=2000 (pc_topk) weight={'name': 'pc_logistic', 'floor': 1e-06, 'clip_max': 4.0, 'prob_clip': 0.0012167385986437353, 'n_components': 40, 'logistic_c': 0.30760988299838926, 'pca_fit': 'combined', 'solver': 'lbfgs', 'max_iter': 2000, 'fit_intercept': True, 'standardize_with_source': True, 'rho': 0.7}
[I 2026-06-01 15:23:16,057] Trial 238 finished with value: 0.20039045324071464 and parameters: {'alpha': 305831.2754819313, 'n_pcs': 2000, 'iw_method': 'pc_logistic', 'iw_clip_max': 4.0, 'iw_prob_clip': 0.0012167385986437353, 'iw_n_components': 40, 'iw_logistic_c': 0.30760988299838926, 'iw_pca_fit': 'combined', 'iw_solver': 'lbfgs', 'iw_rho': 0.7}. Best is trial 207 with value: 0.2154991396150987.
2026-06-01 15:23:16 | INFO | Trial 239 | outer=3 | alpha=3.498e+05 n_pcs=2000 (pc_topk) weight={'name': 'pc_logistic', 'floor': 1e-06, 'clip_max': 7.0, 'prob_clip': 0.006088484733295617, 'n_components': 40, 'logistic_c': 0.3454346284453551, 'pca_fit': 'combined', 'solver': 'lbfgs', 'max_iter': 2000, 'fit_intercept': True, 'standardize_with_source': True, 'rho': 0.7}
[I 2026-06-01 15:23:28,523] Trial 239 finished with value: 0.1851515180459487 and parameters: {'alpha': 349783.940449348, 'n_pcs': 2000, 'iw_method': 'pc_logistic', 'iw_clip_max': 7.0, 'iw_prob_clip': 0.006088484733295617, 'iw_n_components': 40, 'iw_logistic_c': 0.3454346284453551, 'iw_pca_fit': 'combined', 'iw_solver': 'lbfgs', 'iw_rho': 0.7}. Best is trial 207 with value: 0.2154991396150987.
2026-06-01 15:23:28 | INFO | Trial 240 | outer=3 | alpha=2.595e+05 n_pcs=2000 (pc_topk) weight={'name': 'pc_logistic', 'floor': 1e-06, 'clip_max': 1.5, 'prob_clip': 0.0015575654970045234, 'n_components': 40, 'logistic_c': 0.4782894540408894, 'pca_fit': 'combined', 'solver': 'lbfgs', 'max_iter': 2000, 'fit_intercept': True, 'standardize_with_source': True, 'rho': 0.7}
[I 2026-06-01 15:23:42,026] Trial 240 finished with value: 0.21530033355475386 and parameters: {'alpha': 259517.18783370493, 'n_pcs': 2000, 'iw_method': 'pc_logistic', 'iw_clip_max': 1.5, 'iw_prob_clip': 0.0015575654970045234, 'iw_n_components': 40, 'iw_logistic_c': 0.4782894540408894, 'iw_pca_fit': 'combined', 'iw_solver': 'lbfgs', 'iw_rho': 0.7}. Best is trial 207 with value: 0.2154991396150987.
2026-06-01 15:23:42 | INFO | Trial 241 | outer=3 | alpha=2.670e+05 n_pcs=2000 (pc_topk) weight={'name': 'pc_logistic', 'floor': 1e-06, 'clip_max': 1.5, 'prob_clip': 0.0013402957126859385, 'n_components': 40, 'logistic_c': 0.8206783014921609, 'pca_fit': 'combined', 'solver': 'lbfgs', 'max_iter': 2000, 'fit_intercept': True, 'standardize_with_source': True, 'rho': 0.7}
[I 2026-06-01 15:23:57,140] Trial 241 finished with value: 0.21520233501733815 and parameters: {'alpha': 267032.0892223176, 'n_pcs': 2000, 'iw_method': 'pc_logistic', 'iw_clip_max': 1.5, 'iw_prob_clip': 0.0013402957126859385, 'iw_n_components': 40, 'iw_logistic_c': 0.8206783014921609, 'iw_pca_fit': 'combined', 'iw_solver': 'lbfgs', 'iw_rho': 0.7}. Best is trial 207 with value: 0.2154991396150987.
2026-06-01 15:23:57 | INFO | Trial 242 | outer=3 | alpha=4.793e+05 n_pcs=2000 (pc_topk) weight={'name': 'pc_logistic', 'floor': 1e-06, 'clip_max': 1.5, 'prob_clip': 0.0013595482526823615, 'n_components': 40, 'logistic_c': 0.7136691462916712, 'pca_fit': 'combined', 'solver': 'lbfgs', 'max_iter': 2000, 'fit_intercept': True, 'standardize_with_source': True, 'rho': 0.7}
[I 2026-06-01 15:24:13,636] Trial 242 finished with value: 0.212603227821758 and parameters: {'alpha': 479256.9699675717, 'n_pcs': 2000, 'iw_method': 'pc_logistic', 'iw_clip_max': 1.5, 'iw_prob_clip': 0.0013595482526823615, 'iw_n_components': 40, 'iw_logistic_c': 0.7136691462916712, 'iw_pca_fit': 'combined', 'iw_solver': 'lbfgs', 'iw_rho': 0.7}. Best is trial 207 with value: 0.2154991396150987.
2026-06-01 15:24:13 | INFO | Trial 243 | outer=3 | alpha=2.757e+05 n_pcs=2000 (pc_topk) weight={'name': 'pc_logistic', 'floor': 1e-06, 'clip_max': 1.5, 'prob_clip': 0.0015093608500248467, 'n_components': 40, 'logistic_c': 1.0669667998336927, 'pca_fit': 'combined', 'solver': 'lbfgs', 'max_iter': 2000, 'fit_intercept': True, 'standardize_with_source': True, 'rho': 0.7}
[I 2026-06-01 15:24:28,282] Trial 243 finished with value: 0.2151374127943826 and parameters: {'alpha': 275730.86289869796, 'n_pcs': 2000, 'iw_method': 'pc_logistic', 'iw_clip_max': 1.5, 'iw_prob_clip': 0.0015093608500248467, 'iw_n_components': 40, 'iw_logistic_c': 1.0669667998336927, 'iw_pca_fit': 'combined', 'iw_solver': 'lbfgs', 'iw_rho': 0.7}. Best is trial 207 with value: 0.2154991396150987.
2026-06-01 15:24:28 | INFO | Trial 244 | outer=3 | alpha=2.897e+05 n_pcs=2000 (pc_topk) weight={'name': 'pc_logistic', 'floor': 1e-06, 'clip_max': 1.5, 'prob_clip': 0.0015057127318120265, 'n_components': 40, 'logistic_c': 0.49605066150939325, 'pca_fit': 'combined', 'solver': 'lbfgs', 'max_iter': 2000, 'fit_intercept': True, 'standardize_with_source': True, 'rho': 0.7}
[I 2026-06-01 15:24:42,901] Trial 244 finished with value: 0.21497649535582086 and parameters: {'alpha': 289682.36153320555, 'n_pcs': 2000, 'iw_method': 'pc_logistic', 'iw_clip_max': 1.5, 'iw_prob_clip': 0.0015057127318120265, 'iw_n_components': 40, 'iw_logistic_c': 0.49605066150939325, 'iw_pca_fit': 'combined', 'iw_solver': 'lbfgs', 'iw_rho': 0.7}. Best is trial 207 with value: 0.2154991396150987.
2026-06-01 15:24:42 | INFO | Trial 245 | outer=3 | alpha=4.187e+05 n_pcs=2000 (pc_topk) weight={'name': 'pc_logistic', 'floor': 1e-06, 'clip_max': 2.5, 'prob_clip': 0.001639983407491516, 'n_components': 40, 'logistic_c': 0.7796124628095082, 'pca_fit': 'combined', 'solver': 'lbfgs', 'max_iter': 2000, 'fit_intercept': True, 'standardize_with_source': True, 'rho': 0.7}
[I 2026-06-01 15:24:58,139] Trial 245 finished with value: 0.20741677357888116 and parameters: {'alpha': 418677.5748745232, 'n_pcs': 2000, 'iw_method': 'pc_logistic', 'iw_clip_max': 2.5, 'iw_prob_clip': 0.001639983407491516, 'iw_n_components': 40, 'iw_logistic_c': 0.7796124628095082, 'iw_pca_fit': 'combined', 'iw_solver': 'lbfgs', 'iw_rho': 0.7}. Best is trial 207 with value: 0.2154991396150987.
2026-06-01 15:24:58 | INFO | Trial 246 | outer=3 | alpha=2.860e+05 n_pcs=1500 (pc_topk) weight={'name': 'pc_logistic', 'floor': 1e-06, 'clip_max': 1.5, 'prob_clip': 0.0015523778022888835, 'n_components': 40, 'logistic_c': 0.6495863386198876, 'pca_fit': 'combined', 'solver': 'lbfgs', 'max_iter': 2000, 'fit_intercept': True, 'standardize_with_source': True, 'rho': 0.7}
[I 2026-06-01 15:25:12,629] Trial 246 finished with value: 0.2112947693586608 and parameters: {'alpha': 286008.62633514503, 'n_pcs': 1500, 'iw_method': 'pc_logistic', 'iw_clip_max': 1.5, 'iw_prob_clip': 0.0015523778022888835, 'iw_n_components': 40, 'iw_logistic_c': 0.6495863386198876, 'iw_pca_fit': 'combined', 'iw_solver': 'lbfgs', 'iw_rho': 0.7}. Best is trial 207 with value: 0.2154991396150987.
2026-06-01 15:25:12 | INFO | Trial 247 | outer=3 | alpha=3.633e+05 n_pcs=2000 (pc_topk) weight={'name': 'pc_logistic', 'floor': 1e-06, 'clip_max': 1.5, 'prob_clip': 0.0015423023643778132, 'n_components': 40, 'logistic_c': 1.2246585388285656, 'pca_fit': 'combined', 'solver': 'lbfgs', 'max_iter': 2000, 'fit_intercept': True, 'standardize_with_source': True, 'rho': 0.7}
[I 2026-06-01 15:25:29,923] Trial 247 finished with value: 0.21400658667012648 and parameters: {'alpha': 363321.6388114796, 'n_pcs': 2000, 'iw_method': 'pc_logistic', 'iw_clip_max': 1.5, 'iw_prob_clip': 0.0015423023643778132, 'iw_n_components': 40, 'iw_logistic_c': 1.2246585388285656, 'iw_pca_fit': 'combined', 'iw_solver': 'lbfgs', 'iw_rho': 0.7}. Best is trial 207 with value: 0.2154991396150987.
2026-06-01 15:25:29 | INFO | Trial 248 | outer=3 | alpha=2.816e+05 n_pcs=2000 (pc_topk) weight={'name': 'pc_logistic', 'floor': 1e-06, 'clip_max': 1.5, 'prob_clip': 0.0019713390350718603, 'n_components': 40, 'logistic_c': 0.09699198316555128, 'pca_fit': 'combined', 'solver': 'lbfgs', 'max_iter': 2000, 'fit_intercept': True, 'standardize_with_source': True, 'rho': 0.7}
[I 2026-06-01 15:25:45,373] Trial 248 finished with value: 0.21490529452414284 and parameters: {'alpha': 281567.3042970278, 'n_pcs': 2000, 'iw_method': 'pc_logistic', 'iw_clip_max': 1.5, 'iw_prob_clip': 0.0019713390350718603, 'iw_n_components': 40, 'iw_logistic_c': 0.09699198316555128, 'iw_pca_fit': 'combined', 'iw_solver': 'lbfgs', 'iw_rho': 0.7}. Best is trial 207 with value: 0.2154991396150987.
2026-06-01 15:25:45 | INFO | Trial 249 | outer=3 | alpha=3.328e+05 n_pcs=2000 (pc_topk) weight={'name': 'pc_logistic', 'floor': 1e-06, 'clip_max': 1.5, 'prob_clip': 0.0010346736385832423, 'n_components': 40, 'logistic_c': 0.5309807775849938, 'pca_fit': 'combined', 'solver': 'lbfgs', 'max_iter': 2000, 'fit_intercept': True, 'standardize_with_source': True, 'rho': 0.7}
[I 2026-06-01 15:26:02,254] Trial 249 finished with value: 0.2145046604897322 and parameters: {'alpha': 332810.80855646415, 'n_pcs': 2000, 'iw_method': 'pc_logistic', 'iw_clip_max': 1.5, 'iw_prob_clip': 0.0010346736385832423, 'iw_n_components': 40, 'iw_logistic_c': 0.5309807775849938, 'iw_pca_fit': 'combined', 'iw_solver': 'lbfgs', 'iw_rho': 0.7}. Best is trial 207 with value: 0.2154991396150987.
2026-06-01 15:26:02 | INFO | Trial 250 | outer=3 | alpha=2.354e+05 n_pcs=2000 (pc_topk) weight={'name': 'pc_logistic', 'floor': 1e-06, 'clip_max': 1.5, 'prob_clip': 0.0013560812305620966, 'n_components': 40, 'logistic_c': 1.554029424124655, 'pca_fit': 'combined', 'solver': 'lbfgs', 'max_iter': 2000, 'fit_intercept': True, 'standardize_with_source': True, 'rho': 0.7}
[I 2026-06-01 15:26:18,083] Trial 250 finished with value: 0.21547320913437865 and parameters: {'alpha': 235350.17645160848, 'n_pcs': 2000, 'iw_method': 'pc_logistic', 'iw_clip_max': 1.5, 'iw_prob_clip': 0.0013560812305620966, 'iw_n_components': 40, 'iw_logistic_c': 1.554029424124655, 'iw_pca_fit': 'combined', 'iw_solver': 'lbfgs', 'iw_rho': 0.7}. Best is trial 207 with value: 0.2154991396150987.
2026-06-01 15:26:18 | INFO | Trial 251 | outer=3 | alpha=2.249e+05 n_pcs=2000 (pc_topk) weight={'name': 'pc_logistic', 'floor': 1e-06, 'clip_max': 1.5, 'prob_clip': 0.001095772238259276, 'n_components': 40, 'logistic_c': 2.010235472397552, 'pca_fit': 'combined', 'solver': 'lbfgs', 'max_iter': 2000, 'fit_intercept': True, 'standardize_with_source': True, 'rho': 0.7}
[I 2026-06-01 15:26:32,046] Trial 251 finished with value: 0.21554365947802068 and parameters: {'alpha': 224854.01241407814, 'n_pcs': 2000, 'iw_method': 'pc_logistic', 'iw_clip_max': 1.5, 'iw_prob_clip': 0.001095772238259276, 'iw_n_components': 40, 'iw_logistic_c': 2.010235472397552, 'iw_pca_fit': 'combined', 'iw_solver': 'lbfgs', 'iw_rho': 0.7}. Best is trial 251 with value: 0.21554365947802068.
2026-06-01 15:26:32 | INFO | Trial 252 | outer=3 | alpha=2.344e+05 n_pcs=2000 (pc_topk) weight={'name': 'pc_logistic', 'floor': 1e-06, 'clip_max': 1.5, 'prob_clip': 0.0018195688036962774, 'n_components': 40, 'logistic_c': 5.582991839679337, 'pca_fit': 'combined', 'solver': 'lbfgs', 'max_iter': 2000, 'fit_intercept': True, 'standardize_with_source': True, 'rho': 0.7}
[I 2026-06-01 15:26:44,801] Trial 252 finished with value: 0.21552684681047793 and parameters: {'alpha': 234432.31766602048, 'n_pcs': 2000, 'iw_method': 'pc_logistic', 'iw_clip_max': 1.5, 'iw_prob_clip': 0.0018195688036962774, 'iw_n_components': 40, 'iw_logistic_c': 5.582991839679337, 'iw_pca_fit': 'combined', 'iw_solver': 'lbfgs', 'iw_rho': 0.7}. Best is trial 251 with value: 0.21554365947802068.
2026-06-01 15:26:44 | INFO | Trial 253 | outer=3 | alpha=2.321e+05 n_pcs=2000 (pc_topk) weight={'name': 'pc_logistic', 'floor': 1e-06, 'clip_max': 1.5, 'prob_clip': 0.0009282611374917443, 'n_components': 40, 'logistic_c': 2.89478224997595, 'pca_fit': 'combined', 'solver': 'lbfgs', 'max_iter': 2000, 'fit_intercept': True, 'standardize_with_source': True, 'rho': 0.7}
[I 2026-06-01 15:26:59,112] Trial 253 finished with value: 0.2154525146798086 and parameters: {'alpha': 232128.653247085, 'n_pcs': 2000, 'iw_method': 'pc_logistic', 'iw_clip_max': 1.5, 'iw_prob_clip': 0.0009282611374917443, 'iw_n_components': 40, 'iw_logistic_c': 2.89478224997595, 'iw_pca_fit': 'combined', 'iw_solver': 'lbfgs', 'iw_rho': 0.7}. Best is trial 251 with value: 0.21554365947802068.
2026-06-01 15:26:59 | INFO | Trial 254 | outer=3 | alpha=2.312e+05 n_pcs=2000 (pc_topk) weight={'name': 'pc_logistic', 'floor': 1e-06, 'clip_max': 1.5, 'prob_clip': 0.0018523588835144026, 'n_components': 40, 'logistic_c': 3.4366189987254656, 'pca_fit': 'combined', 'solver': 'lbfgs', 'max_iter': 2000, 'fit_intercept': True, 'standardize_with_source': True, 'rho': 0.7}
[I 2026-06-01 15:27:13,083] Trial 254 finished with value: 0.2155415397295517 and parameters: {'alpha': 231237.78808903057, 'n_pcs': 2000, 'iw_method': 'pc_logistic', 'iw_clip_max': 1.5, 'iw_prob_clip': 0.0018523588835144026, 'iw_n_components': 40, 'iw_logistic_c': 3.4366189987254656, 'iw_pca_fit': 'combined', 'iw_solver': 'lbfgs', 'iw_rho': 0.7}. Best is trial 251 with value: 0.21554365947802068.
2026-06-01 15:27:13 | INFO | Trial 255 | outer=3 | alpha=2.280e+05 n_pcs=2000 (pc_topk) weight={'name': 'pc_logistic', 'floor': 1e-06, 'clip_max': 1.5, 'prob_clip': 0.0022310830271822946, 'n_components': 40, 'logistic_c': 4.306764685922245, 'pca_fit': 'combined', 'solver': 'lbfgs', 'max_iter': 2000, 'fit_intercept': True, 'standardize_with_source': True, 'rho': 0.7}
[I 2026-06-01 15:27:28,244] Trial 255 finished with value: 0.21551954988684296 and parameters: {'alpha': 228023.72507911632, 'n_pcs': 2000, 'iw_method': 'pc_logistic', 'iw_clip_max': 1.5, 'iw_prob_clip': 0.0022310830271822946, 'iw_n_components': 40, 'iw_logistic_c': 4.306764685922245, 'iw_pca_fit': 'combined', 'iw_solver': 'lbfgs', 'iw_rho': 0.7}. Best is trial 251 with value: 0.21554365947802068.
2026-06-01 15:27:28 | INFO | Trial 256 | outer=3 | alpha=2.315e+05 n_pcs=2000 (pc_topk) weight={'name': 'pc_logistic', 'floor': 1e-06, 'clip_max': 1.5, 'prob_clip': 0.0017777625191038415, 'n_components': 40, 'logistic_c': 5.516025077598117, 'pca_fit': 'combined', 'solver': 'lbfgs', 'max_iter': 2000, 'fit_intercept': True, 'standardize_with_source': True, 'rho': 0.7}
[I 2026-06-01 15:27:43,395] Trial 256 finished with value: 0.21554602056023833 and parameters: {'alpha': 231489.73350442457, 'n_pcs': 2000, 'iw_method': 'pc_logistic', 'iw_clip_max': 1.5, 'iw_prob_clip': 0.0017777625191038415, 'iw_n_components': 40, 'iw_logistic_c': 5.516025077598117, 'iw_pca_fit': 'combined', 'iw_solver': 'lbfgs', 'iw_rho': 0.7}. Best is trial 256 with value: 0.21554602056023833.
2026-06-01 15:27:43 | INFO | Trial 257 | outer=3 | alpha=2.252e+05 n_pcs=2000 (pc_topk) weight={'name': 'pc_logistic', 'floor': 1e-06, 'clip_max': 1.5, 'prob_clip': 0.002254193980241969, 'n_components': 40, 'logistic_c': 5.787125215055323, 'pca_fit': 'combined', 'solver': 'lbfgs', 'max_iter': 2000, 'fit_intercept': True, 'standardize_with_source': True, 'rho': 0.7}
[I 2026-06-01 15:27:58,536] Trial 257 finished with value: 0.2155476318209681 and parameters: {'alpha': 225203.0648084285, 'n_pcs': 2000, 'iw_method': 'pc_logistic', 'iw_clip_max': 1.5, 'iw_prob_clip': 0.002254193980241969, 'iw_n_components': 40, 'iw_logistic_c': 5.787125215055323, 'iw_pca_fit': 'combined', 'iw_solver': 'lbfgs', 'iw_rho': 0.7}. Best is trial 257 with value: 0.2155476318209681.
2026-06-01 15:27:58 | INFO | Trial 258 | outer=3 | alpha=2.307e+05 n_pcs=2000 (pc_topk) weight={'name': 'pc_logistic', 'floor': 1e-06, 'clip_max': 1.5, 'prob_clip': 0.0024083918365351703, 'n_components': 40, 'logistic_c': 3.7631661874781215, 'pca_fit': 'combined', 'solver': 'lbfgs', 'max_iter': 2000, 'fit_intercept': True, 'standardize_with_source': True, 'rho': 0.7}
[I 2026-06-01 15:28:12,255] Trial 258 finished with value: 0.2154736412155096 and parameters: {'alpha': 230658.0952751744, 'n_pcs': 2000, 'iw_method': 'pc_logistic', 'iw_clip_max': 1.5, 'iw_prob_clip': 0.0024083918365351703, 'iw_n_components': 40, 'iw_logistic_c': 3.7631661874781215, 'iw_pca_fit': 'combined', 'iw_solver': 'lbfgs', 'iw_rho': 0.7}. Best is trial 257 with value: 0.2155476318209681.
2026-06-01 15:28:12 | INFO | Trial 259 | outer=3 | alpha=2.299e+05 n_pcs=2000 (pc_topk) weight={'name': 'pc_logistic', 'floor': 1e-06, 'clip_max': 1.5, 'prob_clip': 0.0025432562159176087, 'n_components': 40, 'logistic_c': 4.944652182478609, 'pca_fit': 'combined', 'solver': 'lbfgs', 'max_iter': 2000, 'fit_intercept': True, 'standardize_with_source': True, 'rho': 0.7}
[I 2026-06-01 15:28:27,244] Trial 259 finished with value: 0.2155092675157885 and parameters: {'alpha': 229879.72742129132, 'n_pcs': 2000, 'iw_method': 'pc_logistic', 'iw_clip_max': 1.5, 'iw_prob_clip': 0.0025432562159176087, 'iw_n_components': 40, 'iw_logistic_c': 4.944652182478609, 'iw_pca_fit': 'combined', 'iw_solver': 'lbfgs', 'iw_rho': 0.7}. Best is trial 257 with value: 0.2155476318209681.
2026-06-01 15:28:27 | INFO | Trial 260 | outer=3 | alpha=2.385e+05 n_pcs=2000 (pc_topk) weight={'name': 'pc_logistic', 'floor': 1e-06, 'clip_max': 1.5, 'prob_clip': 0.0022329798209826212, 'n_components': 40, 'logistic_c': 5.682805773926466, 'pca_fit': 'combined', 'solver': 'lbfgs', 'max_iter': 2000, 'fit_intercept': True, 'standardize_with_source': True, 'rho': 0.7}
[I 2026-06-01 15:28:41,999] Trial 260 finished with value: 0.21540975686666225 and parameters: {'alpha': 238506.3998882115, 'n_pcs': 2000, 'iw_method': 'pc_logistic', 'iw_clip_max': 1.5, 'iw_prob_clip': 0.0022329798209826212, 'iw_n_components': 40, 'iw_logistic_c': 5.682805773926466, 'iw_pca_fit': 'combined', 'iw_solver': 'lbfgs', 'iw_rho': 0.7}. Best is trial 257 with value: 0.2155476318209681.
2026-06-01 15:28:42 | INFO | Trial 261 | outer=3 | alpha=2.272e+05 n_pcs=2000 (pc_topk) weight={'name': 'pc_logistic', 'floor': 1e-06, 'clip_max': 1.5, 'prob_clip': 0.002461481473797725, 'n_components': 40, 'logistic_c': 7.63899534176282, 'pca_fit': 'combined', 'solver': 'lbfgs', 'max_iter': 2000, 'fit_intercept': True, 'standardize_with_source': True, 'rho': 0.7}
[I 2026-06-01 15:28:57,158] Trial 261 finished with value: 0.2155506152849072 and parameters: {'alpha': 227179.11265961558, 'n_pcs': 2000, 'iw_method': 'pc_logistic', 'iw_clip_max': 1.5, 'iw_prob_clip': 0.002461481473797725, 'iw_n_components': 40, 'iw_logistic_c': 7.63899534176282, 'iw_pca_fit': 'combined', 'iw_solver': 'lbfgs', 'iw_rho': 0.7}. Best is trial 261 with value: 0.2155506152849072.
2026-06-01 15:28:57 | INFO | Trial 262 | outer=3 | alpha=2.239e+05 n_pcs=1500 (pc_topk) weight={'name': 'pc_logistic', 'floor': 1e-06, 'clip_max': 1.5, 'prob_clip': 0.002456643564315469, 'n_components': 10, 'logistic_c': 7.430438412562213, 'pca_fit': 'combined', 'solver': 'lbfgs', 'max_iter': 2000, 'fit_intercept': True, 'standardize_with_source': True, 'rho': 0.7}
[I 2026-06-01 15:29:06,578] Trial 262 finished with value: 0.20427627326654077 and parameters: {'alpha': 223858.9830921716, 'n_pcs': 1500, 'iw_method': 'pc_logistic', 'iw_clip_max': 1.5, 'iw_prob_clip': 0.002456643564315469, 'iw_n_components': 10, 'iw_logistic_c': 7.430438412562213, 'iw_pca_fit': 'combined', 'iw_solver': 'lbfgs', 'iw_rho': 0.7}. Best is trial 261 with value: 0.2155506152849072.
2026-06-01 15:29:06 | INFO | Trial 263 | outer=3 | alpha=2.250e+05 n_pcs=2000 (pc_topk) weight={'name': 'pc_logistic', 'floor': 1e-06, 'clip_max': 1.5, 'prob_clip': 0.0026415666309577866, 'n_components': 40, 'logistic_c': 2.806163192327756, 'pca_fit': 'combined', 'solver': 'lbfgs', 'max_iter': 2000, 'fit_intercept': True, 'standardize_with_source': True, 'rho': 0.7}
[I 2026-06-01 15:29:21,517] Trial 263 finished with value: 0.21553736878174315 and parameters: {'alpha': 225011.921478862, 'n_pcs': 2000, 'iw_method': 'pc_logistic', 'iw_clip_max': 1.5, 'iw_prob_clip': 0.0026415666309577866, 'iw_n_components': 40, 'iw_logistic_c': 2.806163192327756, 'iw_pca_fit': 'combined', 'iw_solver': 'lbfgs', 'iw_rho': 0.7}. Best is trial 261 with value: 0.2155506152849072.
2026-06-01 15:29:21 | INFO | Trial 264 | outer=3 | alpha=2.203e+05 n_pcs=2000 (pc_topk) weight={'name': 'pc_logistic', 'floor': 1e-06, 'clip_max': 7.0, 'prob_clip': 0.0032477646120986654, 'n_components': 40, 'logistic_c': 2.7225396975198586, 'pca_fit': 'combined', 'solver': 'lbfgs', 'max_iter': 2000, 'fit_intercept': True, 'standardize_with_source': True, 'rho': 0.7}
[I 2026-06-01 15:29:38,328] Trial 264 finished with value: 0.18491118774661577 and parameters: {'alpha': 220262.076285004, 'n_pcs': 2000, 'iw_method': 'pc_logistic', 'iw_clip_max': 7.0, 'iw_prob_clip': 0.0032477646120986654, 'iw_n_components': 40, 'iw_logistic_c': 2.7225396975198586, 'iw_pca_fit': 'combined', 'iw_solver': 'lbfgs', 'iw_rho': 0.7}. Best is trial 261 with value: 0.2155506152849072.
2026-06-01 15:29:38 | INFO | Trial 265 | outer=3 | alpha=2.251e+05 n_pcs=2000 (pc_topk) weight={'name': 'pc_logistic', 'floor': 1e-06, 'clip_max': 1.5, 'prob_clip': 0.002269890725812645, 'n_components': 40, 'logistic_c': 4.258806253313793, 'pca_fit': 'combined', 'solver': 'lbfgs', 'max_iter': 2000, 'fit_intercept': True, 'standardize_with_source': True, 'rho': 0.7}
[I 2026-06-01 15:29:52,984] Trial 265 finished with value: 0.21552279752141854 and parameters: {'alpha': 225103.93365682056, 'n_pcs': 2000, 'iw_method': 'pc_logistic', 'iw_clip_max': 1.5, 'iw_prob_clip': 0.002269890725812645, 'iw_n_components': 40, 'iw_logistic_c': 4.258806253313793, 'iw_pca_fit': 'combined', 'iw_solver': 'lbfgs', 'iw_rho': 0.7}. Best is trial 261 with value: 0.2155506152849072.
2026-06-01 15:29:53 | INFO | Trial 266 | outer=3 | alpha=2.242e+05 n_pcs=2000 (pc_topk) weight={'name': 'pc_logistic', 'floor': 1e-06, 'clip_max': 1.5, 'prob_clip': 0.002527682207356325, 'n_components': 40, 'logistic_c': 3.9989826088387654, 'pca_fit': 'combined', 'solver': 'lbfgs', 'max_iter': 2000, 'fit_intercept': True, 'standardize_with_source': True, 'rho': 0.7}
[I 2026-06-01 15:30:06,885] Trial 266 finished with value: 0.21554677730495211 and parameters: {'alpha': 224240.80460557825, 'n_pcs': 2000, 'iw_method': 'pc_logistic', 'iw_clip_max': 1.5, 'iw_prob_clip': 0.002527682207356325, 'iw_n_components': 40, 'iw_logistic_c': 3.9989826088387654, 'iw_pca_fit': 'combined', 'iw_solver': 'lbfgs', 'iw_rho': 0.7}. Best is trial 261 with value: 0.2155506152849072.
2026-06-01 15:30:06 | INFO | Trial 267 | outer=3 | alpha=2.307e+05 n_pcs=2000 (pc_topk) weight={'name': 'pc_logistic', 'floor': 1e-06, 'clip_max': 1.5, 'prob_clip': 0.002611762940409572, 'n_components': 40, 'logistic_c': 3.832882159838614, 'pca_fit': 'combined', 'solver': 'lbfgs', 'max_iter': 2000, 'fit_intercept': True, 'standardize_with_source': True, 'rho': 0.7}
[I 2026-06-01 15:30:20,905] Trial 267 finished with value: 0.21548551446668754 and parameters: {'alpha': 230749.71861102767, 'n_pcs': 2000, 'iw_method': 'pc_logistic', 'iw_clip_max': 1.5, 'iw_prob_clip': 0.002611762940409572, 'iw_n_components': 40, 'iw_logistic_c': 3.832882159838614, 'iw_pca_fit': 'combined', 'iw_solver': 'lbfgs', 'iw_rho': 0.7}. Best is trial 261 with value: 0.2155506152849072.
2026-06-01 15:30:20 | INFO | Trial 268 | outer=3 | alpha=2.316e+05 n_pcs=2000 (pc_topk) weight={'name': 'pc_logistic', 'floor': 1e-06, 'clip_max': 1.5, 'prob_clip': 0.002571195153458114, 'n_components': 40, 'logistic_c': 3.669338284301947, 'pca_fit': 'combined', 'solver': 'lbfgs', 'max_iter': 2000, 'fit_intercept': True, 'standardize_with_source': True, 'rho': 0.7}
[I 2026-06-01 15:30:36,204] Trial 268 finished with value: 0.2154764706729304 and parameters: {'alpha': 231563.91357028915, 'n_pcs': 2000, 'iw_method': 'pc_logistic', 'iw_clip_max': 1.5, 'iw_prob_clip': 0.002571195153458114, 'iw_n_components': 40, 'iw_logistic_c': 3.669338284301947, 'iw_pca_fit': 'combined', 'iw_solver': 'lbfgs', 'iw_rho': 0.7}. Best is trial 261 with value: 0.2155506152849072.
2026-06-01 15:30:36 | INFO | Trial 269 | outer=3 | alpha=2.193e+05 n_pcs=1500 (pc_topk) weight={'name': 'pc_logistic', 'floor': 1e-06, 'clip_max': 1.5, 'prob_clip': 0.0024980738820213, 'n_components': 40, 'logistic_c': 3.404831605126603, 'pca_fit': 'combined', 'solver': 'lbfgs', 'max_iter': 2000, 'fit_intercept': True, 'standardize_with_source': True, 'rho': 0.7}
[I 2026-06-01 15:30:48,879] Trial 269 finished with value: 0.2109624386260877 and parameters: {'alpha': 219330.15322073238, 'n_pcs': 1500, 'iw_method': 'pc_logistic', 'iw_clip_max': 1.5, 'iw_prob_clip': 0.0024980738820213, 'iw_n_components': 40, 'iw_logistic_c': 3.404831605126603, 'iw_pca_fit': 'combined', 'iw_solver': 'lbfgs', 'iw_rho': 0.7}. Best is trial 261 with value: 0.2155506152849072.
2026-06-01 15:30:48 | INFO | Trial 270 | outer=3 | alpha=3.393e+05 n_pcs=2000 (pc_topk) weight={'name': 'pc_logistic', 'floor': 1e-06, 'clip_max': 4.0, 'prob_clip': 0.0021919886230500228, 'n_components': 40, 'logistic_c': 6.064016223568377, 'pca_fit': 'combined', 'solver': 'lbfgs', 'max_iter': 2000, 'fit_intercept': True, 'standardize_with_source': True, 'rho': 0.7}
[I 2026-06-01 15:31:03,987] Trial 270 finished with value: 0.19989233229940367 and parameters: {'alpha': 339336.8604693474, 'n_pcs': 2000, 'iw_method': 'pc_logistic', 'iw_clip_max': 4.0, 'iw_prob_clip': 0.0021919886230500228, 'iw_n_components': 40, 'iw_logistic_c': 6.064016223568377, 'iw_pca_fit': 'combined', 'iw_solver': 'lbfgs', 'iw_rho': 0.7}. Best is trial 261 with value: 0.2155506152849072.
2026-06-01 15:31:04 | INFO | Trial 271 | outer=3 | alpha=2.158e+05 n_pcs=2000 (pc_topk) weight={'name': 'pc_logistic', 'floor': 1e-06, 'clip_max': 1.5, 'prob_clip': 0.002620290324335124, 'n_components': 40, 'logistic_c': 2.0538826284056046, 'pca_fit': 'combined', 'solver': 'lbfgs', 'max_iter': 2000, 'fit_intercept': True, 'standardize_with_source': True, 'rho': 0.7}
[I 2026-06-01 15:31:20,620] Trial 271 finished with value: 0.2156191133565774 and parameters: {'alpha': 215787.9178279468, 'n_pcs': 2000, 'iw_method': 'pc_logistic', 'iw_clip_max': 1.5, 'iw_prob_clip': 0.002620290324335124, 'iw_n_components': 40, 'iw_logistic_c': 2.0538826284056046, 'iw_pca_fit': 'combined', 'iw_solver': 'lbfgs', 'iw_rho': 0.7}. Best is trial 271 with value: 0.2156191133565774.
2026-06-01 15:31:20 | INFO | Trial 272 | outer=3 | alpha=2.118e+05 n_pcs=2000 (pc_topk) weight={'name': 'pc_logistic', 'floor': 1e-06, 'clip_max': 2.5, 'prob_clip': 0.0028033783545435434, 'n_components': 40, 'logistic_c': 2.145609256297361, 'pca_fit': 'combined', 'solver': 'lbfgs', 'max_iter': 2000, 'fit_intercept': True, 'standardize_with_source': True, 'rho': 0.7}
[I 2026-06-01 15:31:34,606] Trial 272 finished with value: 0.20840107460347873 and parameters: {'alpha': 211805.65208796653, 'n_pcs': 2000, 'iw_method': 'pc_logistic', 'iw_clip_max': 2.5, 'iw_prob_clip': 0.0028033783545435434, 'iw_n_components': 40, 'iw_logistic_c': 2.145609256297361, 'iw_pca_fit': 'combined', 'iw_solver': 'lbfgs', 'iw_rho': 0.7}. Best is trial 271 with value: 0.2156191133565774.
2026-06-01 15:31:34 | INFO | Trial 273 | outer=3 | alpha=2.075e+05 n_pcs=2000 (pc_topk) weight={'name': 'pc_logistic', 'floor': 1e-06, 'clip_max': 1.5, 'prob_clip': 0.0032641129914758433, 'n_components': 40, 'logistic_c': 4.94849883743303, 'pca_fit': 'combined', 'solver': 'lbfgs', 'max_iter': 2000, 'fit_intercept': True, 'standardize_with_source': True, 'rho': 0.7}
[I 2026-06-01 15:31:49,890] Trial 273 finished with value: 0.2154459222463332 and parameters: {'alpha': 207541.16519750026, 'n_pcs': 2000, 'iw_method': 'pc_logistic', 'iw_clip_max': 1.5, 'iw_prob_clip': 0.0032641129914758433, 'iw_n_components': 40, 'iw_logistic_c': 4.94849883743303, 'iw_pca_fit': 'combined', 'iw_solver': 'lbfgs', 'iw_rho': 0.7}. Best is trial 271 with value: 0.2156191133565774.
2026-06-01 15:31:49 | INFO | Trial 274 | outer=3 | alpha=2.386e+05 n_pcs=2000 (pc_topk) weight={'name': 'pc_logistic', 'floor': 1e-06, 'clip_max': 1.5, 'prob_clip': 0.0031165072695507313, 'n_components': 40, 'logistic_c': 4.81843987572486, 'pca_fit': 'combined', 'solver': 'lbfgs', 'max_iter': 2000, 'fit_intercept': True, 'standardize_with_source': True, 'rho': 0.7}
[I 2026-06-01 15:32:05,759] Trial 274 finished with value: 0.21519184863532576 and parameters: {'alpha': 238601.99450421566, 'n_pcs': 2000, 'iw_method': 'pc_logistic', 'iw_clip_max': 1.5, 'iw_prob_clip': 0.0031165072695507313, 'iw_n_components': 40, 'iw_logistic_c': 4.81843987572486, 'iw_pca_fit': 'combined', 'iw_solver': 'lbfgs', 'iw_rho': 0.7}. Best is trial 271 with value: 0.2156191133565774.
2026-06-01 15:32:05 | INFO | Trial 275 | outer=3 | alpha=2.140e+05 n_pcs=2000 (pc_topk) weight={'name': 'pc_logistic', 'floor': 1e-06, 'clip_max': 1.5, 'prob_clip': 0.0026092784068974463, 'n_components': 40, 'logistic_c': 1.8274438209805879, 'pca_fit': 'combined', 'solver': 'lbfgs', 'max_iter': 2000, 'fit_intercept': True, 'standardize_with_source': True, 'rho': 0.7}
[I 2026-06-01 15:32:19,834] Trial 275 finished with value: 0.21564582077063923 and parameters: {'alpha': 213967.03419265588, 'n_pcs': 2000, 'iw_method': 'pc_logistic', 'iw_clip_max': 1.5, 'iw_prob_clip': 0.0026092784068974463, 'iw_n_components': 40, 'iw_logistic_c': 1.8274438209805879, 'iw_pca_fit': 'combined', 'iw_solver': 'lbfgs', 'iw_rho': 0.7}. Best is trial 275 with value: 0.21564582077063923.
2026-06-01 15:32:19 | INFO | Trial 276 | outer=3 | alpha=2.131e+05 n_pcs=2000 (pc_topk) weight={'name': 'pc_logistic', 'floor': 1e-06, 'clip_max': 1.5, 'prob_clip': 0.0025290012548463935, 'n_components': 40, 'logistic_c': 9.971554108543755, 'pca_fit': 'combined', 'solver': 'lbfgs', 'max_iter': 2000, 'fit_intercept': True, 'standardize_with_source': True, 'rho': 0.7}
[I 2026-06-01 15:32:35,982] Trial 276 finished with value: 0.2156415228315139 and parameters: {'alpha': 213105.55868306488, 'n_pcs': 2000, 'iw_method': 'pc_logistic', 'iw_clip_max': 1.5, 'iw_prob_clip': 0.0025290012548463935, 'iw_n_components': 40, 'iw_logistic_c': 9.971554108543755, 'iw_pca_fit': 'combined', 'iw_solver': 'lbfgs', 'iw_rho': 0.7}. Best is trial 275 with value: 0.21564582077063923.
2026-06-01 15:32:36 | INFO | Trial 277 | outer=3 | alpha=2.085e+05 n_pcs=2000 (pc_topk) weight={'name': 'pc_logistic', 'floor': 1e-06, 'clip_max': 1.5, 'prob_clip': 0.002539777095473673, 'n_components': 40, 'logistic_c': 1.8654841603303147, 'pca_fit': 'combined', 'solver': 'lbfgs', 'max_iter': 2000, 'fit_intercept': True, 'standardize_with_source': True, 'rho': 0.7}
[I 2026-06-01 15:32:51,905] Trial 277 finished with value: 0.21568728243459528 and parameters: {'alpha': 208528.3589764836, 'n_pcs': 2000, 'iw_method': 'pc_logistic', 'iw_clip_max': 1.5, 'iw_prob_clip': 0.002539777095473673, 'iw_n_components': 40, 'iw_logistic_c': 1.8654841603303147, 'iw_pca_fit': 'combined', 'iw_solver': 'lbfgs', 'iw_rho': 0.7}. Best is trial 277 with value: 0.21568728243459528.
2026-06-01 15:32:51 | INFO | Trial 278 | outer=3 | alpha=2.084e+05 n_pcs=2000 (pc_topk) weight={'name': 'pc_logistic', 'floor': 1e-06, 'clip_max': 12.0, 'prob_clip': 0.0026029576916193546, 'n_components': 40, 'logistic_c': 2.027670842068921, 'pca_fit': 'combined', 'solver': 'lbfgs', 'max_iter': 2000, 'fit_intercept': True, 'standardize_with_source': True, 'rho': 0.7}
[I 2026-06-01 15:33:06,150] Trial 278 finished with value: 0.16951771322072953 and parameters: {'alpha': 208408.2727956934, 'n_pcs': 2000, 'iw_method': 'pc_logistic', 'iw_clip_max': 12.0, 'iw_prob_clip': 0.0026029576916193546, 'iw_n_components': 40, 'iw_logistic_c': 2.027670842068921, 'iw_pca_fit': 'combined', 'iw_solver': 'lbfgs', 'iw_rho': 0.7}. Best is trial 277 with value: 0.21568728243459528.
2026-06-01 15:33:06 | INFO | Trial 279 | outer=3 | alpha=2.196e+05 n_pcs=1500 (pc_topk) weight={'name': 'pc_logistic', 'floor': 1e-06, 'clip_max': 1.5, 'prob_clip': 0.0022247202144561893, 'n_components': 40, 'logistic_c': 8.569266996425515, 'pca_fit': 'combined', 'solver': 'lbfgs', 'max_iter': 2000, 'fit_intercept': True, 'standardize_with_source': True, 'rho': 0.7}
[I 2026-06-01 15:33:19,906] Trial 279 finished with value: 0.21107538433796766 and parameters: {'alpha': 219597.10497058602, 'n_pcs': 1500, 'iw_method': 'pc_logistic', 'iw_clip_max': 1.5, 'iw_prob_clip': 0.0022247202144561893, 'iw_n_components': 40, 'iw_logistic_c': 8.569266996425515, 'iw_pca_fit': 'combined', 'iw_solver': 'lbfgs', 'iw_rho': 0.7}. Best is trial 277 with value: 0.21568728243459528.
2026-06-01 15:33:19 | INFO | Trial 280 | outer=3 | alpha=3.295e+05 n_pcs=2000 (pc_topk) weight={'name': 'pc_logistic', 'floor': 1e-06, 'clip_max': 1.5, 'prob_clip': 0.002694578551465189, 'n_components': 80, 'logistic_c': 4.3514782861357695, 'pca_fit': 'combined', 'solver': 'lbfgs', 'max_iter': 2000, 'fit_intercept': True, 'standardize_with_source': True, 'rho': 0.7}
[I 2026-06-01 15:33:36,231] Trial 280 finished with value: 0.20844491757855238 and parameters: {'alpha': 329491.4877105038, 'n_pcs': 2000, 'iw_method': 'pc_logistic', 'iw_clip_max': 1.5, 'iw_prob_clip': 0.002694578551465189, 'iw_n_components': 80, 'iw_logistic_c': 4.3514782861357695, 'iw_pca_fit': 'combined', 'iw_solver': 'lbfgs', 'iw_rho': 0.7}. Best is trial 277 with value: 0.21568728243459528.
2026-06-01 15:33:36 | INFO | Trial 281 | outer=3 | alpha=2.025e+05 n_pcs=2000 (pc_topk) weight={'name': 'pc_logistic', 'floor': 1e-06, 'clip_max': 1.5, 'prob_clip': 0.0034741106899375926, 'n_components': 40, 'logistic_c': 1.8120643023867296, 'pca_fit': 'combined', 'solver': 'lbfgs', 'max_iter': 2000, 'fit_intercept': True, 'standardize_with_source': True, 'rho': 0.7}
[I 2026-06-01 15:33:49,846] Trial 281 finished with value: 0.21544338760542678 and parameters: {'alpha': 202532.81506145286, 'n_pcs': 2000, 'iw_method': 'pc_logistic', 'iw_clip_max': 1.5, 'iw_prob_clip': 0.0034741106899375926, 'iw_n_components': 40, 'iw_logistic_c': 1.8120643023867296, 'iw_pca_fit': 'combined', 'iw_solver': 'lbfgs', 'iw_rho': 0.7}. Best is trial 277 with value: 0.21568728243459528.
2026-06-01 15:33:49 | INFO | Trial 282 | outer=3 | alpha=3.765e+03 n_pcs=2000 (pc_topk) weight={'name': 'pc_logistic', 'floor': 1e-06, 'clip_max': 1.5, 'prob_clip': 0.0037192896171556003, 'n_components': 40, 'logistic_c': 1.6019597168860904, 'pca_fit': 'combined', 'solver': 'lbfgs', 'max_iter': 2000, 'fit_intercept': True, 'standardize_with_source': True, 'rho': 0.7}
[I 2026-06-01 15:34:02,838] Trial 282 finished with value: 0.1597192807858559 and parameters: {'alpha': 3764.5713854547457, 'n_pcs': 2000, 'iw_method': 'pc_logistic', 'iw_clip_max': 1.5, 'iw_prob_clip': 0.0037192896171556003, 'iw_n_components': 40, 'iw_logistic_c': 1.6019597168860904, 'iw_pca_fit': 'combined', 'iw_solver': 'lbfgs', 'iw_rho': 0.7}. Best is trial 277 with value: 0.21568728243459528.
2026-06-01 15:34:02 | INFO | Trial 283 | outer=3 | alpha=2.149e+05 n_pcs=2000 (pc_topk) weight={'name': 'pc_logistic', 'floor': 1e-06, 'clip_max': 1.5, 'prob_clip': 0.0029684078791506405, 'n_components': 40, 'logistic_c': 3.3959091018776424, 'pca_fit': 'combined', 'solver': 'lbfgs', 'max_iter': 2000, 'fit_intercept': True, 'standardize_with_source': True, 'rho': 0.7}
[I 2026-06-01 15:34:17,676] Trial 283 finished with value: 0.21551912673212933 and parameters: {'alpha': 214885.65483851085, 'n_pcs': 2000, 'iw_method': 'pc_logistic', 'iw_clip_max': 1.5, 'iw_prob_clip': 0.0029684078791506405, 'iw_n_components': 40, 'iw_logistic_c': 3.3959091018776424, 'iw_pca_fit': 'combined', 'iw_solver': 'lbfgs', 'iw_rho': 0.7}. Best is trial 277 with value: 0.21568728243459528.
2026-06-01 15:34:17 | INFO | Trial 284 | outer=3 | alpha=2.105e+05 n_pcs=2000 (pc_topk) weight={'name': 'pc_logistic', 'floor': 1e-06, 'clip_max': 1.5, 'prob_clip': 0.002995162194842841, 'n_components': 40, 'logistic_c': 3.0279230104651433, 'pca_fit': 'combined', 'solver': 'lbfgs', 'max_iter': 2000, 'fit_intercept': True, 'standardize_with_source': True, 'rho': 0.7}
[I 2026-06-01 15:34:32,985] Trial 284 finished with value: 0.21554281919823043 and parameters: {'alpha': 210540.6893341163, 'n_pcs': 2000, 'iw_method': 'pc_logistic', 'iw_clip_max': 1.5, 'iw_prob_clip': 0.002995162194842841, 'iw_n_components': 40, 'iw_logistic_c': 3.0279230104651433, 'iw_pca_fit': 'combined', 'iw_solver': 'lbfgs', 'iw_rho': 0.7}. Best is trial 277 with value: 0.21568728243459528.
2026-06-01 15:34:33 | INFO | Trial 285 | outer=3 | alpha=2.074e+05 n_pcs=2000 (pc_topk) weight={'name': 'pc_logistic', 'floor': 1e-06, 'clip_max': 1.5, 'prob_clip': 0.002927376452942653, 'n_components': 40, 'logistic_c': 2.9763353081976844, 'pca_fit': 'combined', 'solver': 'lbfgs', 'max_iter': 2000, 'fit_intercept': True, 'standardize_with_source': True, 'rho': 0.7}
[I 2026-06-01 15:34:47,542] Trial 285 finished with value: 0.21559231680326746 and parameters: {'alpha': 207376.9270024361, 'n_pcs': 2000, 'iw_method': 'pc_logistic', 'iw_clip_max': 1.5, 'iw_prob_clip': 0.002927376452942653, 'iw_n_components': 40, 'iw_logistic_c': 2.9763353081976844, 'iw_pca_fit': 'combined', 'iw_solver': 'lbfgs', 'iw_rho': 0.7}. Best is trial 277 with value: 0.21568728243459528.
2026-06-01 15:34:47 | INFO | Trial 286 | outer=3 | alpha=3.145e+05 n_pcs=2000 (pc_topk) weight={'name': 'pc_logistic', 'floor': 1e-06, 'clip_max': 1.5, 'prob_clip': 0.002869699748542743, 'n_components': 40, 'logistic_c': 2.963759859215223, 'pca_fit': 'combined', 'solver': 'lbfgs', 'max_iter': 2000, 'fit_intercept': True, 'standardize_with_source': True, 'rho': 0.7}
[I 2026-06-01 15:35:02,238] Trial 286 finished with value: 0.21423720235146781 and parameters: {'alpha': 314484.4293964275, 'n_pcs': 2000, 'iw_method': 'pc_logistic', 'iw_clip_max': 1.5, 'iw_prob_clip': 0.002869699748542743, 'iw_n_components': 40, 'iw_logistic_c': 2.963759859215223, 'iw_pca_fit': 'combined', 'iw_solver': 'lbfgs', 'iw_rho': 0.7}. Best is trial 277 with value: 0.21568728243459528.
2026-06-01 15:35:02 | INFO | Trial 287 | outer=3 | alpha=2.095e+05 n_pcs=2000 (pc_topk) weight={'name': 'pc_logistic', 'floor': 1e-06, 'clip_max': 1.5, 'prob_clip': 0.0024592082014856984, 'n_components': 40, 'logistic_c': 3.4706832171118625, 'pca_fit': 'combined', 'solver': 'lbfgs', 'max_iter': 2000, 'fit_intercept': True, 'standardize_with_source': True, 'rho': 0.7}
[I 2026-06-01 15:35:15,153] Trial 287 finished with value: 0.21566248520557568 and parameters: {'alpha': 209485.69688744444, 'n_pcs': 2000, 'iw_method': 'pc_logistic', 'iw_clip_max': 1.5, 'iw_prob_clip': 0.0024592082014856984, 'iw_n_components': 40, 'iw_logistic_c': 3.4706832171118625, 'iw_pca_fit': 'combined', 'iw_solver': 'lbfgs', 'iw_rho': 0.7}. Best is trial 277 with value: 0.21568728243459528.
2026-06-01 15:35:15 | INFO | Trial 288 | outer=3 | alpha=2.072e+05 n_pcs=2000 (pc_topk) weight={'name': 'pc_logistic', 'floor': 1e-06, 'clip_max': 1.5, 'prob_clip': 0.0023619012892428536, 'n_components': 40, 'logistic_c': 9.745149584004702, 'pca_fit': 'combined', 'solver': 'lbfgs', 'max_iter': 2000, 'fit_intercept': True, 'standardize_with_source': True, 'rho': 0.7}
[I 2026-06-01 15:35:30,678] Trial 288 finished with value: 0.21565380571531154 and parameters: {'alpha': 207168.78886307977, 'n_pcs': 2000, 'iw_method': 'pc_logistic', 'iw_clip_max': 1.5, 'iw_prob_clip': 0.0023619012892428536, 'iw_n_components': 40, 'iw_logistic_c': 9.745149584004702, 'iw_pca_fit': 'combined', 'iw_solver': 'lbfgs', 'iw_rho': 0.7}. Best is trial 277 with value: 0.21568728243459528.
2026-06-01 15:35:30 | INFO | Trial 289 | outer=3 | alpha=2.094e+05 n_pcs=2000 (pc_topk) weight={'name': 'pc_logistic', 'floor': 1e-06, 'clip_max': 1.5, 'prob_clip': 0.00239004954315681, 'n_components': 40, 'logistic_c': 9.905273320295441, 'pca_fit': 'combined', 'solver': 'lbfgs', 'max_iter': 2000, 'fit_intercept': True, 'standardize_with_source': True, 'rho': 0.7}
[I 2026-06-01 15:35:45,749] Trial 289 finished with value: 0.2156848303121799 and parameters: {'alpha': 209447.5906962524, 'n_pcs': 2000, 'iw_method': 'pc_logistic', 'iw_clip_max': 1.5, 'iw_prob_clip': 0.00239004954315681, 'iw_n_components': 40, 'iw_logistic_c': 9.905273320295441, 'iw_pca_fit': 'combined', 'iw_solver': 'lbfgs', 'iw_rho': 0.7}. Best is trial 277 with value: 0.21568728243459528.
2026-06-01 15:35:45 | INFO | Trial 290 | outer=3 | alpha=1.998e+05 n_pcs=1500 (pc_topk) weight={'name': 'pc_logistic', 'floor': 1e-06, 'clip_max': 1.5, 'prob_clip': 0.0024013188964462314, 'n_components': 40, 'logistic_c': 7.244931423104479, 'pca_fit': 'combined', 'solver': 'lbfgs', 'max_iter': 2000, 'fit_intercept': True, 'standardize_with_source': True, 'rho': 0.7}
[I 2026-06-01 15:36:00,406] Trial 290 finished with value: 0.21098253944898587 and parameters: {'alpha': 199797.26907875962, 'n_pcs': 1500, 'iw_method': 'pc_logistic', 'iw_clip_max': 1.5, 'iw_prob_clip': 0.0024013188964462314, 'iw_n_components': 40, 'iw_logistic_c': 7.244931423104479, 'iw_pca_fit': 'combined', 'iw_solver': 'lbfgs', 'iw_rho': 0.7}. Best is trial 277 with value: 0.21568728243459528.
2026-06-01 15:36:00 | INFO | Trial 291 | outer=3 | alpha=2.053e+05 n_pcs=2000 (pc_topk) weight={'name': 'pc_logistic', 'floor': 1e-06, 'clip_max': 1.5, 'prob_clip': 0.001991046820778271, 'n_components': 40, 'logistic_c': 8.838687825972393, 'pca_fit': 'combined', 'solver': 'lbfgs', 'max_iter': 2000, 'fit_intercept': True, 'standardize_with_source': True, 'rho': 0.7}
[I 2026-06-01 15:36:14,521] Trial 291 finished with value: 0.2156913556624141 and parameters: {'alpha': 205324.2312578633, 'n_pcs': 2000, 'iw_method': 'pc_logistic', 'iw_clip_max': 1.5, 'iw_prob_clip': 0.001991046820778271, 'iw_n_components': 40, 'iw_logistic_c': 8.838687825972393, 'iw_pca_fit': 'combined', 'iw_solver': 'lbfgs', 'iw_rho': 0.7}. Best is trial 291 with value: 0.2156913556624141.
2026-06-01 15:36:14 | INFO | Trial 292 | outer=3 | alpha=3.877e+05 n_pcs=2000 (pc_topk) weight={'name': 'pc_logistic', 'floor': 1e-06, 'clip_max': 1.5, 'prob_clip': 0.00204361183393342, 'n_components': 40, 'logistic_c': 8.733483334689605, 'pca_fit': 'combined', 'solver': 'lbfgs', 'max_iter': 2000, 'fit_intercept': True, 'standardize_with_source': True, 'rho': 0.7}
[I 2026-06-01 15:36:30,332] Trial 292 finished with value: 0.2134441547791937 and parameters: {'alpha': 387727.59015225153, 'n_pcs': 2000, 'iw_method': 'pc_logistic', 'iw_clip_max': 1.5, 'iw_prob_clip': 0.00204361183393342, 'iw_n_components': 40, 'iw_logistic_c': 8.733483334689605, 'iw_pca_fit': 'combined', 'iw_solver': 'lbfgs', 'iw_rho': 0.7}. Best is trial 291 with value: 0.2156913556624141.
2026-06-01 15:36:30 | INFO | Trial 293 | outer=3 | alpha=2.008e+05 n_pcs=2000 (pc_topk) weight={'name': 'pc_logistic', 'floor': 1e-06, 'clip_max': 1.5, 'prob_clip': 0.0019317086441128872, 'n_components': 40, 'logistic_c': 8.98915030548987, 'pca_fit': 'combined', 'solver': 'lbfgs', 'max_iter': 2000, 'fit_intercept': True, 'standardize_with_source': True, 'rho': 0.7}
[I 2026-06-01 15:36:45,673] Trial 293 finished with value: 0.2157363079104561 and parameters: {'alpha': 200753.50137342312, 'n_pcs': 2000, 'iw_method': 'pc_logistic', 'iw_clip_max': 1.5, 'iw_prob_clip': 0.0019317086441128872, 'iw_n_components': 40, 'iw_logistic_c': 8.98915030548987, 'iw_pca_fit': 'combined', 'iw_solver': 'lbfgs', 'iw_rho': 0.7}. Best is trial 293 with value: 0.2157363079104561.
2026-06-01 15:36:45 | INFO | Trial 294 | outer=3 | alpha=1.972e+05 n_pcs=2000 (pc_topk) weight={'name': 'pc_logistic', 'floor': 1e-06, 'clip_max': 1.5, 'prob_clip': 0.0020698111197499204, 'n_components': 10, 'logistic_c': 9.433761264378907, 'pca_fit': 'combined', 'solver': 'lbfgs', 'max_iter': 2000, 'fit_intercept': True, 'standardize_with_source': True, 'rho': 0.7}
[I 2026-06-01 15:36:54,895] Trial 294 finished with value: 0.20896608138129014 and parameters: {'alpha': 197215.5707087247, 'n_pcs': 2000, 'iw_method': 'pc_logistic', 'iw_clip_max': 1.5, 'iw_prob_clip': 0.0020698111197499204, 'iw_n_components': 10, 'iw_logistic_c': 9.433761264378907, 'iw_pca_fit': 'combined', 'iw_solver': 'lbfgs', 'iw_rho': 0.7}. Best is trial 293 with value: 0.2157363079104561.
2026-06-01 15:36:54 | INFO | Trial 295 | outer=3 | alpha=3.191e+05 n_pcs=2000 (pc_topk) weight={'name': 'pc_logistic', 'floor': 1e-06, 'clip_max': 7.0, 'prob_clip': 0.0018549403880578866, 'n_components': 40, 'logistic_c': 5.510088266329022, 'pca_fit': 'combined', 'solver': 'lbfgs', 'max_iter': 2000, 'fit_intercept': True, 'standardize_with_source': True, 'rho': 0.7}
[I 2026-06-01 15:37:08,973] Trial 295 finished with value: 0.18548366305811542 and parameters: {'alpha': 319060.86239391315, 'n_pcs': 2000, 'iw_method': 'pc_logistic', 'iw_clip_max': 7.0, 'iw_prob_clip': 0.0018549403880578866, 'iw_n_components': 40, 'iw_logistic_c': 5.510088266329022, 'iw_pca_fit': 'combined', 'iw_solver': 'lbfgs', 'iw_rho': 0.7}. Best is trial 293 with value: 0.2157363079104561.
2026-06-01 15:37:09 | INFO | Trial 296 | outer=3 | alpha=1.967e+05 n_pcs=2000 (pc_topk) weight={'name': 'pc_logistic', 'floor': 1e-06, 'clip_max': 1.5, 'prob_clip': 0.0028975821468849674, 'n_components': 40, 'logistic_c': 9.641045799783472, 'pca_fit': 'combined', 'solver': 'lbfgs', 'max_iter': 2000, 'fit_intercept': True, 'standardize_with_source': True, 'rho': 0.7}
[I 2026-06-01 15:37:23,161] Trial 296 finished with value: 0.2156668709311856 and parameters: {'alpha': 196722.14837662317, 'n_pcs': 2000, 'iw_method': 'pc_logistic', 'iw_clip_max': 1.5, 'iw_prob_clip': 0.0028975821468849674, 'iw_n_components': 40, 'iw_logistic_c': 9.641045799783472, 'iw_pca_fit': 'combined', 'iw_solver': 'lbfgs', 'iw_rho': 0.7}. Best is trial 293 with value: 0.2157363079104561.
2026-06-01 15:37:23 | INFO | Trial 297 | outer=3 | alpha=1.608e+05 n_pcs=2000 (pc_topk) weight={'name': 'pc_logistic', 'floor': 1e-06, 'clip_max': 1.5, 'prob_clip': 0.002941338874229667, 'n_components': 40, 'logistic_c': 9.349088162599084, 'pca_fit': 'combined', 'solver': 'lbfgs', 'max_iter': 2000, 'fit_intercept': True, 'standardize_with_source': True, 'rho': 0.7}
[I 2026-06-01 15:37:36,805] Trial 297 finished with value: 0.2156955310933625 and parameters: {'alpha': 160777.1442853639, 'n_pcs': 2000, 'iw_method': 'pc_logistic', 'iw_clip_max': 1.5, 'iw_prob_clip': 0.002941338874229667, 'iw_n_components': 40, 'iw_logistic_c': 9.349088162599084, 'iw_pca_fit': 'combined', 'iw_solver': 'lbfgs', 'iw_rho': 0.7}. Best is trial 293 with value: 0.2157363079104561.
2026-06-01 15:37:36 | INFO | Trial 298 | outer=3 | alpha=1.125e+03 n_pcs=2000 (pc_topk) weight={'name': 'pc_logistic', 'floor': 1e-06, 'clip_max': 1.5, 'prob_clip': 0.0029391179127624496, 'n_components': 40, 'logistic_c': 6.445583123785275, 'pca_fit': 'combined', 'solver': 'lbfgs', 'max_iter': 2000, 'fit_intercept': True, 'standardize_with_source': True, 'rho': 0.7}
[I 2026-06-01 15:37:50,533] Trial 298 finished with value: 0.13969501328148873 and parameters: {'alpha': 1125.3353137317845, 'n_pcs': 2000, 'iw_method': 'pc_logistic', 'iw_clip_max': 1.5, 'iw_prob_clip': 0.0029391179127624496, 'iw_n_components': 40, 'iw_logistic_c': 6.445583123785275, 'iw_pca_fit': 'combined', 'iw_solver': 'lbfgs', 'iw_rho': 0.7}. Best is trial 293 with value: 0.2157363079104561.
2026-06-01 15:37:50 | INFO | Trial 299 | outer=3 | alpha=1.902e+05 n_pcs=2000 (pc_topk) weight={'name': 'pc_logistic', 'floor': 1e-06, 'clip_max': 1.5, 'prob_clip': 0.0018515251405050099, 'n_components': 40, 'logistic_c': 9.755277994574085, 'pca_fit': 'combined', 'solver': 'lbfgs', 'max_iter': 2000, 'fit_intercept': True, 'standardize_with_source': True, 'rho': 0.7}
[I 2026-06-01 15:38:03,840] Trial 299 finished with value: 0.2157379787167554 and parameters: {'alpha': 190233.868109701, 'n_pcs': 2000, 'iw_method': 'pc_logistic', 'iw_clip_max': 1.5, 'iw_prob_clip': 0.0018515251405050099, 'iw_n_components': 40, 'iw_logistic_c': 9.755277994574085, 'iw_pca_fit': 'combined', 'iw_solver': 'lbfgs', 'iw_rho': 0.7}. Best is trial 299 with value: 0.2157379787167554.
2026-06-01 15:38:03 | INFO | OUTER 3 best (inner mean r=0.2157): {'model_type': 'pc_ridge', 'alpha': 190233.868109701, 'use_snp_selection': True, 'num_snps': 2000, 'n_pcs': 2000, 'weighting': {'name': 'pc_logistic', 'floor': 1e-06, 'clip_max': 1.5, 'prob_clip': 0.0018515251405050099, 'n_components': 40, 'logistic_c': 9.755277994574085, 'pca_fit': 'combined', 'solver': 'lbfgs', 'max_iter': 2000, 'fit_intercept': True, 'standardize_with_source': True, 'rho': 0.7}, 'mean_inner_effective_sample_size': 3841.1108669560394, 'mean_inner_effective_sample_size_threshold': 1013.46}
2026-06-01 15:38:05 | INFO | OUTER 3 TEST r = 0.1664
2026-06-01 15:38:06 | INFO | OUTER 3 incremental summary saved to outputs/final_results/e6_pc_ridge_importance/body_mass/e6_pc_ridge_importance_body_mass_results.json
2026-06-01 15:38:06 | INFO | OUTER 4: test_size=194 island=3 (Selvær)
2026-06-01 15:38:06 | INFO | OUTER 4: using top 10 related inner validation islands for tuning: 1(Myken, avgGRM=0.0212), 2(Træna, avgGRM=0.0196), 8(Lovund, avgGRM=0.0091), 9(Sleneset, avgGRM=0.0056), 0(Nesøy, avgGRM=0.0032), 7(Onøy og Lurøy, avgGRM=0.0017), 6(Indre Kvarøy, avgGRM=0.0005), 5(Hestmannøy, avgGRM=-0.0000), 4(Gjerøy, avgGRM=-0.0012), 12(Vega, avgGRM=-0.0030)
[I 2026-06-01 15:38:06,124] A new study created in memory with name: ridge_importance_inner_outer3
2026-06-01 15:38:06 | INFO | Trial 0 | outer=4 | alpha=1.137e+05 n_pcs=4000 (pc_topk) weight={'name': 'uniform'}
[I 2026-06-01 15:38:11,488] Trial 0 finished with value: 0.19743979075513254 and parameters: {'alpha': 113703.38004442609, 'n_pcs': 4000, 'iw_method': 'uniform'}. Best is trial 0 with value: 0.19743979075513254.
2026-06-01 15:38:11 | INFO | Trial 1 | outer=4 | alpha=1.734e+04 n_pcs=5000 (pc_topk) weight={'name': 'uniform'}
[I 2026-06-01 15:38:18,750] Trial 1 finished with value: 0.18632003271110706 and parameters: {'alpha': 17335.792577698634, 'n_pcs': 5000, 'iw_method': 'uniform'}. Best is trial 0 with value: 0.19743979075513254.
2026-06-01 15:38:18 | INFO | Trial 2 | outer=4 | alpha=1.435e+05 n_pcs=1500 (pc_topk) weight={'name': 'uniform'}
[I 2026-06-01 15:38:20,424] Trial 2 finished with value: 0.19657758486952567 and parameters: {'alpha': 143482.76912965564, 'n_pcs': 1500, 'iw_method': 'uniform'}. Best is trial 0 with value: 0.19743979075513254.
2026-06-01 15:38:20 | INFO | Trial 3 | outer=4 | alpha=1.431e+05 n_pcs=500 (pc_topk) weight={'name': 'uniform'}
[I 2026-06-01 15:38:21,142] Trial 3 finished with value: 0.16891732027637257 and parameters: {'alpha': 143072.2464444983, 'n_pcs': 500, 'iw_method': 'uniform'}. Best is trial 0 with value: 0.19743979075513254.
2026-06-01 15:38:21 | INFO | Trial 4 | outer=4 | alpha=5.373e+06 n_pcs=2000 (pc_topk) weight={'name': 'pc_logistic', 'floor': 1e-06, 'clip_max': 1.5, 'prob_clip': 0.001637400317167702, 'n_components': 80, 'logistic_c': 0.09386700500068379, 'pca_fit': 'combined', 'solver': 'lbfgs', 'max_iter': 2000, 'fit_intercept': True, 'standardize_with_source': True, 'rho': 1.0}
[I 2026-06-01 15:38:36,562] Trial 4 finished with value: 0.17967217787428452 and parameters: {'alpha': 5373167.4046281455, 'n_pcs': 2000, 'iw_method': 'pc_logistic', 'iw_clip_max': 1.5, 'iw_prob_clip': 0.001637400317167702, 'iw_n_components': 80, 'iw_logistic_c': 0.09386700500068379, 'iw_pca_fit': 'combined', 'iw_solver': 'lbfgs', 'iw_rho': 1.0}. Best is trial 0 with value: 0.19743979075513254.
2026-06-01 15:38:36 | INFO | Trial 5 | outer=4 | alpha=6.435e+04 n_pcs=1000 (pc_topk) weight={'name': 'pc_logistic', 'floor': 1e-06, 'clip_max': 7.0, 'prob_clip': 0.004193356127903791, 'n_components': 20, 'logistic_c': 9.236417519010976, 'pca_fit': 'combined', 'solver': 'lbfgs', 'max_iter': 2000, 'fit_intercept': True, 'standardize_with_source': True, 'rho': 1.0}
2026-06-01 15:38:46 | INFO | Trial 5 rejected by ESS guard: mean_ess=668.36 threshold=1031.10
[I 2026-06-01 15:38:46,845] Trial 5 finished with value: -1.0 and parameters: {'alpha': 64350.09539177312, 'n_pcs': 1000, 'iw_method': 'pc_logistic', 'iw_clip_max': 7.0, 'iw_prob_clip': 0.004193356127903791, 'iw_n_components': 20, 'iw_logistic_c': 9.236417519010976, 'iw_pca_fit': 'combined', 'iw_solver': 'lbfgs', 'iw_rho': 1.0}. Best is trial 0 with value: 0.19743979075513254.
2026-06-01 15:38:46 | INFO | Trial 6 | outer=4 | alpha=3.046e+05 n_pcs=3500 (pc_topk) weight={'name': 'pc_logistic', 'floor': 1e-06, 'clip_max': 12.0, 'prob_clip': 0.0007016380040663315, 'n_components': 80, 'logistic_c': 0.00021908930989278453, 'pca_fit': 'combined', 'solver': 'lbfgs', 'max_iter': 2000, 'fit_intercept': True, 'standardize_with_source': True, 'rho': 0.7}
[I 2026-06-01 15:38:56,761] Trial 6 finished with value: 0.1830276437169812 and parameters: {'alpha': 304631.0485153137, 'n_pcs': 3500, 'iw_method': 'pc_logistic', 'iw_clip_max': 12.0, 'iw_prob_clip': 0.0007016380040663315, 'iw_n_components': 80, 'iw_logistic_c': 0.00021908930989278453, 'iw_pca_fit': 'combined', 'iw_solver': 'lbfgs', 'iw_rho': 0.7}. Best is trial 0 with value: 0.19743979075513254.
2026-06-01 15:38:56 | INFO | Trial 7 | outer=4 | alpha=7.213e+06 n_pcs=500 (pc_topk) weight={'name': 'uniform'}
[I 2026-06-01 15:38:58,104] Trial 7 finished with value: 0.16728686241840984 and parameters: {'alpha': 7213019.60957054, 'n_pcs': 500, 'iw_method': 'uniform'}. Best is trial 0 with value: 0.19743979075513254.
2026-06-01 15:38:58 | INFO | Trial 8 | outer=4 | alpha=2.347e+03 n_pcs=3000 (pc_topk) weight={'name': 'pc_logistic', 'floor': 1e-06, 'clip_max': 2.5, 'prob_clip': 0.017782866059784724, 'n_components': 60, 'logistic_c': 4.584813955429537e-07, 'pca_fit': 'combined', 'solver': 'lbfgs', 'max_iter': 2000, 'fit_intercept': True, 'standardize_with_source': True, 'rho': 0.3}
[I 2026-06-01 15:39:05,684] Trial 8 finished with value: 0.12424528853735337 and parameters: {'alpha': 2346.6230871488538, 'n_pcs': 3000, 'iw_method': 'pc_logistic', 'iw_clip_max': 2.5, 'iw_prob_clip': 0.017782866059784724, 'iw_n_components': 60, 'iw_logistic_c': 4.584813955429537e-07, 'iw_pca_fit': 'combined', 'iw_solver': 'lbfgs', 'iw_rho': 0.3}. Best is trial 0 with value: 0.19743979075513254.
2026-06-01 15:39:05 | INFO | Trial 9 | outer=4 | alpha=1.067e+03 n_pcs=4000 (pc_topk) weight={'name': 'pc_logistic', 'floor': 1e-06, 'clip_max': 4.0, 'prob_clip': 0.003002704300062754, 'n_components': 10, 'logistic_c': 4.32601466983518e-06, 'pca_fit': 'combined', 'solver': 'lbfgs', 'max_iter': 2000, 'fit_intercept': True, 'standardize_with_source': True, 'rho': 1.0}
[I 2026-06-01 15:39:15,712] Trial 9 finished with value: 0.07096902335742825 and parameters: {'alpha': 1067.2105048492429, 'n_pcs': 4000, 'iw_method': 'pc_logistic', 'iw_clip_max': 4.0, 'iw_prob_clip': 0.003002704300062754, 'iw_n_components': 10, 'iw_logistic_c': 4.32601466983518e-06, 'iw_pca_fit': 'combined', 'iw_solver': 'lbfgs', 'iw_rho': 1.0}. Best is trial 0 with value: 0.19743979075513254.
2026-06-01 15:39:15 | INFO | Trial 10 | outer=4 | alpha=9.030e+05 n_pcs=5000 (pc_topk) weight={'name': 'uniform'}
[I 2026-06-01 15:39:22,910] Trial 10 finished with value: 0.18935643108653327 and parameters: {'alpha': 902970.0505273588, 'n_pcs': 5000, 'iw_method': 'uniform'}. Best is trial 0 with value: 0.19743979075513254.
2026-06-01 15:39:22 | INFO | Trial 11 | outer=4 | alpha=2.838e+04 n_pcs=1500 (pc_topk) weight={'name': 'uniform'}
[I 2026-06-01 15:39:24,833] Trial 11 finished with value: 0.18309102964955548 and parameters: {'alpha': 28375.573295632195, 'n_pcs': 1500, 'iw_method': 'uniform'}. Best is trial 0 with value: 0.19743979075513254.
2026-06-01 15:39:24 | INFO | Trial 12 | outer=4 | alpha=5.742e+05 n_pcs=2500 (pc_topk) weight={'name': 'uniform'}
[I 2026-06-01 15:39:27,377] Trial 12 finished with value: 0.1972350491577671 and parameters: {'alpha': 574207.5937768653, 'n_pcs': 2500, 'iw_method': 'uniform'}. Best is trial 0 with value: 0.19743979075513254.
2026-06-01 15:39:27 | INFO | Trial 13 | outer=4 | alpha=1.071e+06 n_pcs=2500 (pc_topk) weight={'name': 'uniform'}
[I 2026-06-01 15:39:30,173] Trial 13 finished with value: 0.19449759401477623 and parameters: {'alpha': 1070981.4872318422, 'n_pcs': 2500, 'iw_method': 'uniform'}. Best is trial 0 with value: 0.19743979075513254.
2026-06-01 15:39:30 | INFO | Trial 14 | outer=4 | alpha=9.287e+05 n_pcs=4000 (pc_topk) weight={'name': 'uniform'}
[I 2026-06-01 15:39:35,154] Trial 14 finished with value: 0.18881699687560827 and parameters: {'alpha': 928701.6084010334, 'n_pcs': 4000, 'iw_method': 'uniform'}. Best is trial 0 with value: 0.19743979075513254.
2026-06-01 15:39:35 | INFO | Trial 15 | outer=4 | alpha=9.021e+03 n_pcs=3000 (pc_topk) weight={'name': 'uniform'}
[I 2026-06-01 15:39:38,613] Trial 15 finished with value: 0.1621512988265669 and parameters: {'alpha': 9020.663288560247, 'n_pcs': 3000, 'iw_method': 'uniform'}. Best is trial 0 with value: 0.19743979075513254.
2026-06-01 15:39:38 | INFO | Trial 16 | outer=4 | alpha=3.013e+05 n_pcs=4000 (pc_topk) weight={'name': 'uniform'}
[I 2026-06-01 15:39:43,955] Trial 16 finished with value: 0.19389603427993904 and parameters: {'alpha': 301259.7422587327, 'n_pcs': 4000, 'iw_method': 'uniform'}. Best is trial 0 with value: 0.19743979075513254.
2026-06-01 15:39:43 | INFO | Trial 17 | outer=4 | alpha=2.161e+06 n_pcs=2500 (pc_topk) weight={'name': 'uniform'}
[I 2026-06-01 15:39:46,875] Trial 17 finished with value: 0.19243253215134476 and parameters: {'alpha': 2160909.646284208, 'n_pcs': 2500, 'iw_method': 'uniform'}. Best is trial 0 with value: 0.19743979075513254.
2026-06-01 15:39:46 | INFO | Trial 18 | outer=4 | alpha=4.628e+04 n_pcs=4500 (pc_topk) weight={'name': 'uniform'}
[I 2026-06-01 15:39:52,992] Trial 18 finished with value: 0.19707285963370308 and parameters: {'alpha': 46282.907847073424, 'n_pcs': 4500, 'iw_method': 'uniform'}. Best is trial 0 with value: 0.19743979075513254.
2026-06-01 15:39:52 | INFO | Trial 19 | outer=4 | alpha=3.847e+05 n_pcs=3500 (pc_topk) weight={'name': 'uniform'}
[I 2026-06-01 15:39:57,335] Trial 19 finished with value: 0.19364830723557516 and parameters: {'alpha': 384672.5880712927, 'n_pcs': 3500, 'iw_method': 'uniform'}. Best is trial 0 with value: 0.19743979075513254.
2026-06-01 15:39:57 | INFO | Trial 20 | outer=4 | alpha=5.926e+03 n_pcs=2000 (pc_topk) weight={'name': 'uniform'}
[I 2026-06-01 15:39:59,564] Trial 20 finished with value: 0.16425139105874534 and parameters: {'alpha': 5925.841357185429, 'n_pcs': 2000, 'iw_method': 'uniform'}. Best is trial 0 with value: 0.19743979075513254.
2026-06-01 15:39:59 | INFO | Trial 21 | outer=4 | alpha=6.935e+04 n_pcs=4500 (pc_topk) weight={'name': 'uniform'}
[I 2026-06-01 15:40:05,687] Trial 21 finished with value: 0.19907870049314672 and parameters: {'alpha': 69353.43643259829, 'n_pcs': 4500, 'iw_method': 'uniform'}. Best is trial 21 with value: 0.19907870049314672.
2026-06-01 15:40:05 | INFO | Trial 22 | outer=4 | alpha=6.870e+04 n_pcs=4500 (pc_topk) weight={'name': 'uniform'}
[I 2026-06-01 15:40:11,806] Trial 22 finished with value: 0.19905477635785493 and parameters: {'alpha': 68701.43345595482, 'n_pcs': 4500, 'iw_method': 'uniform'}. Best is trial 21 with value: 0.19907870049314672.
2026-06-01 15:40:11 | INFO | Trial 23 | outer=4 | alpha=1.062e+05 n_pcs=4500 (pc_topk) weight={'name': 'uniform'}
[I 2026-06-01 15:40:17,915] Trial 23 finished with value: 0.19920503313698998 and parameters: {'alpha': 106152.74571637978, 'n_pcs': 4500, 'iw_method': 'uniform'}. Best is trial 23 with value: 0.19920503313698998.
2026-06-01 15:40:17 | INFO | Trial 24 | outer=4 | alpha=1.904e+04 n_pcs=5000 (pc_topk) weight={'name': 'uniform'}
[I 2026-06-01 15:40:25,233] Trial 24 finished with value: 0.1880323857452749 and parameters: {'alpha': 19044.30012780681, 'n_pcs': 5000, 'iw_method': 'uniform'}. Best is trial 23 with value: 0.19920503313698998.
2026-06-01 15:40:25 | INFO | Trial 25 | outer=4 | alpha=5.529e+04 n_pcs=4500 (pc_topk) weight={'name': 'uniform'}
[I 2026-06-01 15:40:31,387] Trial 25 finished with value: 0.1982110788569813 and parameters: {'alpha': 55288.22193024643, 'n_pcs': 4500, 'iw_method': 'uniform'}. Best is trial 23 with value: 0.19920503313698998.
2026-06-01 15:40:31 | INFO | Trial 26 | outer=4 | alpha=7.779e+03 n_pcs=4500 (pc_topk) weight={'name': 'pc_logistic', 'floor': 1e-06, 'clip_max': 7.0, 'prob_clip': 0.04783268173298192, 'n_components': 40, 'logistic_c': 0.003428511401736797, 'pca_fit': 'combined', 'solver': 'lbfgs', 'max_iter': 2000, 'fit_intercept': True, 'standardize_with_source': True, 'rho': 0.5}
[I 2026-06-01 15:40:46,396] Trial 26 finished with value: 0.1476063933308858 and parameters: {'alpha': 7779.365019112473, 'n_pcs': 4500, 'iw_method': 'pc_logistic', 'iw_clip_max': 7.0, 'iw_prob_clip': 0.04783268173298192, 'iw_n_components': 40, 'iw_logistic_c': 0.003428511401736797, 'iw_pca_fit': 'combined', 'iw_solver': 'lbfgs', 'iw_rho': 0.5}. Best is trial 23 with value: 0.19920503313698998.
2026-06-01 15:40:46 | INFO | Trial 27 | outer=4 | alpha=2.188e+05 n_pcs=3500 (pc_topk) weight={'name': 'uniform'}
[I 2026-06-01 15:40:50,588] Trial 27 finished with value: 0.19646397265807974 and parameters: {'alpha': 218798.14281821917, 'n_pcs': 3500, 'iw_method': 'uniform'}. Best is trial 23 with value: 0.19920503313698998.
2026-06-01 15:40:50 | INFO | Trial 28 | outer=4 | alpha=3.541e+04 n_pcs=4500 (pc_topk) weight={'name': 'uniform'}
[I 2026-06-01 15:40:56,703] Trial 28 finished with value: 0.19452468398785233 and parameters: {'alpha': 35412.20351636072, 'n_pcs': 4500, 'iw_method': 'uniform'}. Best is trial 23 with value: 0.19920503313698998.
2026-06-01 15:40:56 | INFO | Trial 29 | outer=4 | alpha=9.191e+04 n_pcs=5000 (pc_topk) weight={'name': 'uniform'}
[I 2026-06-01 15:41:04,001] Trial 29 finished with value: 0.19984636146220838 and parameters: {'alpha': 91914.65384057509, 'n_pcs': 5000, 'iw_method': 'uniform'}. Best is trial 29 with value: 0.19984636146220838.
2026-06-01 15:41:04 | INFO | Trial 30 | outer=4 | alpha=1.148e+05 n_pcs=5000 (pc_topk) weight={'name': 'uniform'}
[I 2026-06-01 15:41:11,271] Trial 30 finished with value: 0.1993971311284117 and parameters: {'alpha': 114832.04434968726, 'n_pcs': 5000, 'iw_method': 'uniform'}. Best is trial 29 with value: 0.19984636146220838.
2026-06-01 15:41:11 | INFO | Trial 31 | outer=4 | alpha=1.184e+05 n_pcs=5000 (pc_topk) weight={'name': 'uniform'}
[I 2026-06-01 15:41:18,538] Trial 31 finished with value: 0.1993072838120425 and parameters: {'alpha': 118426.86827694761, 'n_pcs': 5000, 'iw_method': 'uniform'}. Best is trial 29 with value: 0.19984636146220838.
2026-06-01 15:41:18 | INFO | Trial 32 | outer=4 | alpha=1.570e+05 n_pcs=5000 (pc_topk) weight={'name': 'uniform'}
[I 2026-06-01 15:41:25,779] Trial 32 finished with value: 0.1982351486169928 and parameters: {'alpha': 156998.43057792037, 'n_pcs': 5000, 'iw_method': 'uniform'}. Best is trial 29 with value: 0.19984636146220838.
2026-06-01 15:41:25 | INFO | Trial 33 | outer=4 | alpha=1.168e+05 n_pcs=5000 (pc_topk) weight={'name': 'uniform'}
[I 2026-06-01 15:41:33,028] Trial 33 finished with value: 0.19934755395907483 and parameters: {'alpha': 116832.88794916154, 'n_pcs': 5000, 'iw_method': 'uniform'}. Best is trial 29 with value: 0.19984636146220838.
2026-06-01 15:41:33 | INFO | Trial 34 | outer=4 | alpha=1.081e+05 n_pcs=5000 (pc_topk) weight={'name': 'uniform'}
[I 2026-06-01 15:41:40,289] Trial 34 finished with value: 0.19955404879133118 and parameters: {'alpha': 108137.1488365573, 'n_pcs': 5000, 'iw_method': 'uniform'}. Best is trial 29 with value: 0.19984636146220838.
2026-06-01 15:41:40 | INFO | Trial 35 | outer=4 | alpha=1.923e+04 n_pcs=5000 (pc_topk) weight={'name': 'uniform'}
[I 2026-06-01 15:41:47,554] Trial 35 finished with value: 0.1882045406065399 and parameters: {'alpha': 19232.552909316564, 'n_pcs': 5000, 'iw_method': 'uniform'}. Best is trial 29 with value: 0.19984636146220838.
2026-06-01 15:41:47 | INFO | Trial 36 | outer=4 | alpha=5.323e+05 n_pcs=5000 (pc_topk) weight={'name': 'uniform'}
[I 2026-06-01 15:41:54,866] Trial 36 finished with value: 0.19169292598864907 and parameters: {'alpha': 532325.9657870345, 'n_pcs': 5000, 'iw_method': 'uniform'}. Best is trial 29 with value: 0.19984636146220838.
2026-06-01 15:41:54 | INFO | Trial 37 | outer=4 | alpha=2.054e+05 n_pcs=4000 (pc_topk) weight={'name': 'pc_logistic', 'floor': 1e-06, 'clip_max': 4.0, 'prob_clip': 0.012848620177464912, 'n_components': 100, 'logistic_c': 3.8982592616478007, 'pca_fit': 'combined', 'solver': 'lbfgs', 'max_iter': 2000, 'fit_intercept': True, 'standardize_with_source': True, 'rho': 0.85}
[I 2026-06-01 15:42:15,941] Trial 37 finished with value: 0.19334487225524694 and parameters: {'alpha': 205400.4812980441, 'n_pcs': 4000, 'iw_method': 'pc_logistic', 'iw_clip_max': 4.0, 'iw_prob_clip': 0.012848620177464912, 'iw_n_components': 100, 'iw_logistic_c': 3.8982592616478007, 'iw_pca_fit': 'combined', 'iw_solver': 'lbfgs', 'iw_rho': 0.85}. Best is trial 29 with value: 0.19984636146220838.
2026-06-01 15:42:15 | INFO | Trial 38 | outer=4 | alpha=2.981e+04 n_pcs=5000 (pc_topk) weight={'name': 'uniform'}
[I 2026-06-01 15:42:23,179] Trial 38 finished with value: 0.19453446630685425 and parameters: {'alpha': 29806.643071882136, 'n_pcs': 5000, 'iw_method': 'uniform'}. Best is trial 29 with value: 0.19984636146220838.
2026-06-01 15:42:23 | INFO | Trial 39 | outer=4 | alpha=1.855e+06 n_pcs=4000 (pc_topk) weight={'name': 'pc_logistic', 'floor': 1e-06, 'clip_max': 2.5, 'prob_clip': 0.0005052693826348058, 'n_components': 40, 'logistic_c': 4.24871078226665e-05, 'pca_fit': 'combined', 'solver': 'lbfgs', 'max_iter': 2000, 'fit_intercept': True, 'standardize_with_source': True, 'rho': 0.3}
[I 2026-06-01 15:42:33,559] Trial 39 finished with value: 0.19050954426342853 and parameters: {'alpha': 1854571.4769344984, 'n_pcs': 4000, 'iw_method': 'pc_logistic', 'iw_clip_max': 2.5, 'iw_prob_clip': 0.0005052693826348058, 'iw_n_components': 40, 'iw_logistic_c': 4.24871078226665e-05, 'iw_pca_fit': 'combined', 'iw_solver': 'lbfgs', 'iw_rho': 0.3}. Best is trial 29 with value: 0.19984636146220838.
2026-06-01 15:42:33 | INFO | Trial 40 | outer=4 | alpha=9.270e+04 n_pcs=5000 (pc_topk) weight={'name': 'uniform'}
[I 2026-06-01 15:42:40,848] Trial 40 finished with value: 0.19983616265986287 and parameters: {'alpha': 92702.54200883143, 'n_pcs': 5000, 'iw_method': 'uniform'}. Best is trial 29 with value: 0.19984636146220838.
2026-06-01 15:42:40 | INFO | Trial 41 | outer=4 | alpha=1.058e+05 n_pcs=5000 (pc_topk) weight={'name': 'uniform'}
[I 2026-06-01 15:42:48,063] Trial 41 finished with value: 0.19960458522795424 and parameters: {'alpha': 105815.30176048572, 'n_pcs': 5000, 'iw_method': 'uniform'}. Best is trial 29 with value: 0.19984636146220838.
2026-06-01 15:42:48 | INFO | Trial 42 | outer=4 | alpha=8.245e+04 n_pcs=5000 (pc_topk) weight={'name': 'uniform'}
[I 2026-06-01 15:42:55,323] Trial 42 finished with value: 0.19992205285870362 and parameters: {'alpha': 82453.35765414833, 'n_pcs': 5000, 'iw_method': 'uniform'}. Best is trial 42 with value: 0.19992205285870362.
2026-06-01 15:42:55 | INFO | Trial 43 | outer=4 | alpha=2.354e+05 n_pcs=4500 (pc_topk) weight={'name': 'uniform'}
[I 2026-06-01 15:43:01,419] Trial 43 finished with value: 0.19608306044250676 and parameters: {'alpha': 235434.41634943793, 'n_pcs': 4500, 'iw_method': 'uniform'}. Best is trial 42 with value: 0.19992205285870362.
2026-06-01 15:43:01 | INFO | Trial 44 | outer=4 | alpha=8.079e+04 n_pcs=5000 (pc_topk) weight={'name': 'uniform'}
[I 2026-06-01 15:43:08,692] Trial 44 finished with value: 0.19992472918216542 and parameters: {'alpha': 80785.31425499145, 'n_pcs': 5000, 'iw_method': 'uniform'}. Best is trial 44 with value: 0.19992472918216542.
2026-06-01 15:43:08 | INFO | Trial 45 | outer=4 | alpha=7.587e+04 n_pcs=4500 (pc_topk) weight={'name': 'uniform'}
[I 2026-06-01 15:43:14,802] Trial 45 finished with value: 0.19925690124119413 and parameters: {'alpha': 75872.17045193279, 'n_pcs': 4500, 'iw_method': 'uniform'}. Best is trial 44 with value: 0.19992472918216542.
2026-06-01 15:43:14 | INFO | Trial 46 | outer=4 | alpha=1.368e+04 n_pcs=4000 (pc_topk) weight={'name': 'pc_logistic', 'floor': 1e-06, 'clip_max': 12.0, 'prob_clip': 0.011013991625266045, 'n_components': 10, 'logistic_c': 0.01103521513400002, 'pca_fit': 'combined', 'solver': 'lbfgs', 'max_iter': 2000, 'fit_intercept': True, 'standardize_with_source': True, 'rho': 0.7}
[I 2026-06-01 15:43:27,185] Trial 46 finished with value: 0.14549855498314113 and parameters: {'alpha': 13676.148017321513, 'n_pcs': 4000, 'iw_method': 'pc_logistic', 'iw_clip_max': 12.0, 'iw_prob_clip': 0.011013991625266045, 'iw_n_components': 10, 'iw_logistic_c': 0.01103521513400002, 'iw_pca_fit': 'combined', 'iw_solver': 'lbfgs', 'iw_rho': 0.7}. Best is trial 44 with value: 0.19992472918216542.
2026-06-01 15:43:27 | INFO | Trial 47 | outer=4 | alpha=4.393e+04 n_pcs=5000 (pc_topk) weight={'name': 'uniform'}
[I 2026-06-01 15:43:34,457] Trial 47 finished with value: 0.1980288268022949 and parameters: {'alpha': 43933.17748993158, 'n_pcs': 5000, 'iw_method': 'uniform'}. Best is trial 44 with value: 0.19992472918216542.
2026-06-01 15:43:34 | INFO | Trial 48 | outer=4 | alpha=1.743e+05 n_pcs=1000 (pc_topk) weight={'name': 'uniform'}
[I 2026-06-01 15:43:36,022] Trial 48 finished with value: 0.1928775726768776 and parameters: {'alpha': 174281.59054574935, 'n_pcs': 1000, 'iw_method': 'uniform'}. Best is trial 44 with value: 0.19992472918216542.
2026-06-01 15:43:36 | INFO | Trial 49 | outer=4 | alpha=2.395e+04 n_pcs=3500 (pc_topk) weight={'name': 'uniform'}
[I 2026-06-01 15:43:40,377] Trial 49 finished with value: 0.1848360906723049 and parameters: {'alpha': 23946.78570328236, 'n_pcs': 3500, 'iw_method': 'uniform'}. Best is trial 44 with value: 0.19992472918216542.
2026-06-01 15:43:40 | INFO | Trial 50 | outer=4 | alpha=4.982e+05 n_pcs=4500 (pc_topk) weight={'name': 'pc_logistic', 'floor': 1e-06, 'clip_max': 1.5, 'prob_clip': 0.046241509656635954, 'n_components': 60, 'logistic_c': 0.12229879677979189, 'pca_fit': 'combined', 'solver': 'lbfgs', 'max_iter': 2000, 'fit_intercept': True, 'standardize_with_source': True, 'rho': 0.5}
[I 2026-06-01 15:43:58,817] Trial 50 finished with value: 0.19421328009845598 and parameters: {'alpha': 498174.57876427914, 'n_pcs': 4500, 'iw_method': 'pc_logistic', 'iw_clip_max': 1.5, 'iw_prob_clip': 0.046241509656635954, 'iw_n_components': 60, 'iw_logistic_c': 0.12229879677979189, 'iw_pca_fit': 'combined', 'iw_solver': 'lbfgs', 'iw_rho': 0.5}. Best is trial 44 with value: 0.19992472918216542.
2026-06-01 15:43:58 | INFO | Trial 51 | outer=4 | alpha=8.766e+04 n_pcs=5000 (pc_topk) weight={'name': 'uniform'}
[I 2026-06-01 15:44:06,140] Trial 51 finished with value: 0.19989194278172187 and parameters: {'alpha': 87656.9942803768, 'n_pcs': 5000, 'iw_method': 'uniform'}. Best is trial 44 with value: 0.19992472918216542.
2026-06-01 15:44:06 | INFO | Trial 52 | outer=4 | alpha=4.344e+04 n_pcs=5000 (pc_topk) weight={'name': 'uniform'}
[I 2026-06-01 15:44:13,377] Trial 52 finished with value: 0.19795373452381435 and parameters: {'alpha': 43439.03110800909, 'n_pcs': 5000, 'iw_method': 'uniform'}. Best is trial 44 with value: 0.19992472918216542.
2026-06-01 15:44:13 | INFO | Trial 53 | outer=4 | alpha=8.072e+04 n_pcs=5000 (pc_topk) weight={'name': 'uniform'}
[I 2026-06-01 15:44:20,625] Trial 53 finished with value: 0.1999247302383566 and parameters: {'alpha': 80723.2192980919, 'n_pcs': 5000, 'iw_method': 'uniform'}. Best is trial 53 with value: 0.1999247302383566.
2026-06-01 15:44:20 | INFO | Trial 54 | outer=4 | alpha=7.759e+04 n_pcs=4500 (pc_topk) weight={'name': 'uniform'}
[I 2026-06-01 15:44:26,710] Trial 54 finished with value: 0.19928770563022585 and parameters: {'alpha': 77592.89101814307, 'n_pcs': 4500, 'iw_method': 'uniform'}. Best is trial 53 with value: 0.1999247302383566.
2026-06-01 15:44:26 | INFO | Trial 55 | outer=4 | alpha=3.310e+05 n_pcs=5000 (pc_topk) weight={'name': 'uniform'}
[I 2026-06-01 15:44:33,928] Trial 55 finished with value: 0.19424087316929733 and parameters: {'alpha': 330961.74606967915, 'n_pcs': 5000, 'iw_method': 'uniform'}. Best is trial 53 with value: 0.1999247302383566.
2026-06-01 15:44:33 | INFO | Trial 56 | outer=4 | alpha=5.849e+04 n_pcs=4000 (pc_topk) weight={'name': 'uniform'}
[I 2026-06-01 15:44:38,893] Trial 56 finished with value: 0.19578784135050126 and parameters: {'alpha': 58493.29486746813, 'n_pcs': 4000, 'iw_method': 'uniform'}. Best is trial 53 with value: 0.1999247302383566.
2026-06-01 15:44:38 | INFO | Trial 57 | outer=4 | alpha=1.292e+04 n_pcs=4500 (pc_topk) weight={'name': 'uniform'}
[I 2026-06-01 15:44:44,991] Trial 57 finished with value: 0.17473949043779413 and parameters: {'alpha': 12919.039867054924, 'n_pcs': 4500, 'iw_method': 'uniform'}. Best is trial 53 with value: 0.1999247302383566.
2026-06-01 15:44:44 | INFO | Trial 58 | outer=4 | alpha=1.552e+05 n_pcs=5000 (pc_topk) weight={'name': 'uniform'}
[I 2026-06-01 15:44:52,191] Trial 58 finished with value: 0.19828799985674622 and parameters: {'alpha': 155150.12435978564, 'n_pcs': 5000, 'iw_method': 'uniform'}. Best is trial 53 with value: 0.1999247302383566.
2026-06-01 15:44:52 | INFO | Trial 59 | outer=4 | alpha=3.773e+04 n_pcs=3000 (pc_topk) weight={'name': 'uniform'}
[I 2026-06-01 15:44:55,414] Trial 59 finished with value: 0.1948531999594868 and parameters: {'alpha': 37726.70503094181, 'n_pcs': 3000, 'iw_method': 'uniform'}. Best is trial 53 with value: 0.1999247302383566.
2026-06-01 15:44:55 | INFO | Trial 60 | outer=4 | alpha=2.731e+05 n_pcs=4500 (pc_topk) weight={'name': 'uniform'}
[I 2026-06-01 15:45:01,459] Trial 60 finished with value: 0.19527971069393862 and parameters: {'alpha': 273135.86551619356, 'n_pcs': 4500, 'iw_method': 'uniform'}. Best is trial 53 with value: 0.1999247302383566.
2026-06-01 15:45:01 | INFO | Trial 61 | outer=4 | alpha=7.812e+04 n_pcs=5000 (pc_topk) weight={'name': 'uniform'}
[I 2026-06-01 15:45:08,703] Trial 61 finished with value: 0.1999207084172594 and parameters: {'alpha': 78124.52543941984, 'n_pcs': 5000, 'iw_method': 'uniform'}. Best is trial 53 with value: 0.1999247302383566.
2026-06-01 15:45:08 | INFO | Trial 62 | outer=4 | alpha=8.441e+04 n_pcs=5000 (pc_topk) weight={'name': 'uniform'}
[I 2026-06-01 15:45:15,939] Trial 62 finished with value: 0.19991446212912656 and parameters: {'alpha': 84406.90195986089, 'n_pcs': 5000, 'iw_method': 'uniform'}. Best is trial 53 with value: 0.1999247302383566.
2026-06-01 15:45:15 | INFO | Trial 63 | outer=4 | alpha=5.505e+04 n_pcs=5000 (pc_topk) weight={'name': 'uniform'}
[I 2026-06-01 15:45:23,209] Trial 63 finished with value: 0.1992073514444708 and parameters: {'alpha': 55050.342106014046, 'n_pcs': 5000, 'iw_method': 'uniform'}. Best is trial 53 with value: 0.1999247302383566.
2026-06-01 15:45:23 | INFO | Trial 64 | outer=4 | alpha=8.276e+04 n_pcs=4500 (pc_topk) weight={'name': 'uniform'}
[I 2026-06-01 15:45:29,309] Trial 64 finished with value: 0.19934711848437262 and parameters: {'alpha': 82761.44634411145, 'n_pcs': 4500, 'iw_method': 'uniform'}. Best is trial 53 with value: 0.1999247302383566.
2026-06-01 15:45:29 | INFO | Trial 65 | outer=4 | alpha=3.122e+04 n_pcs=4500 (pc_topk) weight={'name': 'uniform'}
[I 2026-06-01 15:45:35,421] Trial 65 finished with value: 0.1929546642222734 and parameters: {'alpha': 31216.52930207816, 'n_pcs': 4500, 'iw_method': 'uniform'}. Best is trial 53 with value: 0.1999247302383566.
2026-06-01 15:45:35 | INFO | Trial 66 | outer=4 | alpha=1.488e+05 n_pcs=5000 (pc_topk) weight={'name': 'uniform'}
[I 2026-06-01 15:45:42,628] Trial 66 finished with value: 0.19846825638955648 and parameters: {'alpha': 148849.87584279818, 'n_pcs': 5000, 'iw_method': 'uniform'}. Best is trial 53 with value: 0.1999247302383566.
2026-06-01 15:45:42 | INFO | Trial 67 | outer=4 | alpha=5.642e+04 n_pcs=5000 (pc_topk) weight={'name': 'uniform'}
[I 2026-06-01 15:45:49,853] Trial 67 finished with value: 0.19930023434001914 and parameters: {'alpha': 56421.61562109284, 'n_pcs': 5000, 'iw_method': 'uniform'}. Best is trial 53 with value: 0.1999247302383566.
2026-06-01 15:45:49 | INFO | Trial 68 | outer=4 | alpha=2.440e+04 n_pcs=2000 (pc_topk) weight={'name': 'uniform'}
[I 2026-06-01 15:45:52,040] Trial 68 finished with value: 0.1920637167030213 and parameters: {'alpha': 24404.051277040267, 'n_pcs': 2000, 'iw_method': 'uniform'}. Best is trial 53 with value: 0.1999247302383566.
2026-06-01 15:45:52 | INFO | Trial 69 | outer=4 | alpha=1.841e+05 n_pcs=5000 (pc_topk) weight={'name': 'uniform'}
[I 2026-06-01 15:45:59,264] Trial 69 finished with value: 0.19747275725155342 and parameters: {'alpha': 184128.4418631844, 'n_pcs': 5000, 'iw_method': 'uniform'}. Best is trial 53 with value: 0.1999247302383566.
2026-06-01 15:45:59 | INFO | Trial 70 | outer=4 | alpha=3.883e+05 n_pcs=4500 (pc_topk) weight={'name': 'pc_logistic', 'floor': 1e-06, 'clip_max': 12.0, 'prob_clip': 0.0013952066117696056, 'n_components': 20, 'logistic_c': 1.3359944048060158e-06, 'pca_fit': 'combined', 'solver': 'lbfgs', 'max_iter': 2000, 'fit_intercept': True, 'standardize_with_source': True, 'rho': 0.85}
[I 2026-06-01 15:46:09,770] Trial 70 finished with value: 0.1961742797352999 and parameters: {'alpha': 388260.76655436243, 'n_pcs': 4500, 'iw_method': 'pc_logistic', 'iw_clip_max': 12.0, 'iw_prob_clip': 0.0013952066117696056, 'iw_n_components': 20, 'iw_logistic_c': 1.3359944048060158e-06, 'iw_pca_fit': 'combined', 'iw_solver': 'lbfgs', 'iw_rho': 0.85}. Best is trial 53 with value: 0.1999247302383566.
2026-06-01 15:46:09 | INFO | Trial 71 | outer=4 | alpha=8.278e+04 n_pcs=5000 (pc_topk) weight={'name': 'uniform'}
[I 2026-06-01 15:46:17,049] Trial 71 finished with value: 0.19992113345250412 and parameters: {'alpha': 82777.41869157227, 'n_pcs': 5000, 'iw_method': 'uniform'}. Best is trial 53 with value: 0.1999247302383566.
2026-06-01 15:46:17 | INFO | Trial 72 | outer=4 | alpha=8.183e+04 n_pcs=5000 (pc_topk) weight={'name': 'uniform'}
[I 2026-06-01 15:46:24,347] Trial 72 finished with value: 0.19992352356043608 and parameters: {'alpha': 81827.51657719674, 'n_pcs': 5000, 'iw_method': 'uniform'}. Best is trial 53 with value: 0.1999247302383566.
2026-06-01 15:46:24 | INFO | Trial 73 | outer=4 | alpha=6.492e+04 n_pcs=5000 (pc_topk) weight={'name': 'uniform'}
[I 2026-06-01 15:46:31,613] Trial 73 finished with value: 0.19970260770949738 and parameters: {'alpha': 64919.37563111528, 'n_pcs': 5000, 'iw_method': 'uniform'}. Best is trial 53 with value: 0.1999247302383566.
2026-06-01 15:46:31 | INFO | Trial 74 | outer=4 | alpha=1.267e+05 n_pcs=4500 (pc_topk) weight={'name': 'uniform'}
[I 2026-06-01 15:46:37,697] Trial 74 finished with value: 0.19879711556197308 and parameters: {'alpha': 126666.62272583901, 'n_pcs': 4500, 'iw_method': 'uniform'}. Best is trial 53 with value: 0.1999247302383566.
2026-06-01 15:46:37 | INFO | Trial 75 | outer=4 | alpha=4.724e+04 n_pcs=5000 (pc_topk) weight={'name': 'uniform'}
[I 2026-06-01 15:46:44,995] Trial 75 finished with value: 0.19847389360088324 and parameters: {'alpha': 47241.7737787908, 'n_pcs': 5000, 'iw_method': 'uniform'}. Best is trial 53 with value: 0.1999247302383566.
2026-06-01 15:46:45 | INFO | Trial 76 | outer=4 | alpha=3.785e+03 n_pcs=5000 (pc_topk) weight={'name': 'uniform'}
[I 2026-06-01 15:46:52,228] Trial 76 finished with value: 0.14102904051206153 and parameters: {'alpha': 3785.3201898992925, 'n_pcs': 5000, 'iw_method': 'uniform'}. Best is trial 53 with value: 0.1999247302383566.
2026-06-01 15:46:52 | INFO | Trial 77 | outer=4 | alpha=9.139e+04 n_pcs=5000 (pc_topk) weight={'name': 'uniform'}
[I 2026-06-01 15:46:59,465] Trial 77 finished with value: 0.19985282667626492 and parameters: {'alpha': 91391.38879622126, 'n_pcs': 5000, 'iw_method': 'uniform'}. Best is trial 53 with value: 0.1999247302383566.
2026-06-01 15:46:59 | INFO | Trial 78 | outer=4 | alpha=3.813e+04 n_pcs=4500 (pc_topk) weight={'name': 'uniform'}
[I 2026-06-01 15:47:05,560] Trial 78 finished with value: 0.19533399188004064 and parameters: {'alpha': 38133.28818568062, 'n_pcs': 4500, 'iw_method': 'uniform'}. Best is trial 53 with value: 0.1999247302383566.
2026-06-01 15:47:05 | INFO | Trial 79 | outer=4 | alpha=1.421e+05 n_pcs=5000 (pc_topk) weight={'name': 'uniform'}
[I 2026-06-01 15:47:12,765] Trial 79 finished with value: 0.19865982649650563 and parameters: {'alpha': 142133.31195117853, 'n_pcs': 5000, 'iw_method': 'uniform'}. Best is trial 53 with value: 0.1999247302383566.
2026-06-01 15:47:12 | INFO | Trial 80 | outer=4 | alpha=2.258e+05 n_pcs=4000 (pc_topk) weight={'name': 'uniform'}
[I 2026-06-01 15:47:17,649] Trial 80 finished with value: 0.19529255197918854 and parameters: {'alpha': 225832.08695289347, 'n_pcs': 4000, 'iw_method': 'uniform'}. Best is trial 53 with value: 0.1999247302383566.
2026-06-01 15:47:17 | INFO | Trial 81 | outer=4 | alpha=8.949e+04 n_pcs=5000 (pc_topk) weight={'name': 'uniform'}
[I 2026-06-01 15:47:24,910] Trial 81 finished with value: 0.1998744938992058 and parameters: {'alpha': 89485.41209013195, 'n_pcs': 5000, 'iw_method': 'uniform'}. Best is trial 53 with value: 0.1999247302383566.
2026-06-01 15:47:24 | INFO | Trial 82 | outer=4 | alpha=6.500e+04 n_pcs=5000 (pc_topk) weight={'name': 'uniform'}
[I 2026-06-01 15:47:32,173] Trial 82 finished with value: 0.199705030608575 and parameters: {'alpha': 64995.544603986404, 'n_pcs': 5000, 'iw_method': 'uniform'}. Best is trial 53 with value: 0.1999247302383566.
2026-06-01 15:47:32 | INFO | Trial 83 | outer=4 | alpha=9.427e+04 n_pcs=5000 (pc_topk) weight={'name': 'uniform'}
[I 2026-06-01 15:47:39,427] Trial 83 finished with value: 0.19981434019145178 and parameters: {'alpha': 94274.91216716952, 'n_pcs': 5000, 'iw_method': 'uniform'}. Best is trial 53 with value: 0.1999247302383566.
2026-06-01 15:47:39 | INFO | Trial 84 | outer=4 | alpha=8.935e+06 n_pcs=4500 (pc_topk) weight={'name': 'uniform'}
[I 2026-06-01 15:47:45,330] Trial 84 finished with value: 0.18508819256070513 and parameters: {'alpha': 8934780.946655374, 'n_pcs': 4500, 'iw_method': 'uniform'}. Best is trial 53 with value: 0.1999247302383566.
2026-06-01 15:47:45 | INFO | Trial 85 | outer=4 | alpha=5.161e+04 n_pcs=5000 (pc_topk) weight={'name': 'uniform'}
[I 2026-06-01 15:47:52,589] Trial 85 finished with value: 0.198930825781982 and parameters: {'alpha': 51607.22843093965, 'n_pcs': 5000, 'iw_method': 'uniform'}. Best is trial 53 with value: 0.1999247302383566.
2026-06-01 15:47:52 | INFO | Trial 86 | outer=4 | alpha=7.329e+04 n_pcs=5000 (pc_topk) weight={'name': 'uniform'}
[I 2026-06-01 15:47:59,830] Trial 86 finished with value: 0.1998837290710887 and parameters: {'alpha': 73288.53555209206, 'n_pcs': 5000, 'iw_method': 'uniform'}. Best is trial 53 with value: 0.1999247302383566.
2026-06-01 15:47:59 | INFO | Trial 87 | outer=4 | alpha=6.701e+04 n_pcs=5000 (pc_topk) weight={'name': 'pc_logistic', 'floor': 1e-06, 'clip_max': 7.0, 'prob_clip': 0.007478701689838295, 'n_components': 100, 'logistic_c': 2.030218493382827e-05, 'pca_fit': 'combined', 'solver': 'lbfgs', 'max_iter': 2000, 'fit_intercept': True, 'standardize_with_source': True, 'rho': 0.85}
[I 2026-06-01 15:48:11,539] Trial 87 finished with value: 0.1920876640145769 and parameters: {'alpha': 67010.93190257729, 'n_pcs': 5000, 'iw_method': 'pc_logistic', 'iw_clip_max': 7.0, 'iw_prob_clip': 0.007478701689838295, 'iw_n_components': 100, 'iw_logistic_c': 2.030218493382827e-05, 'iw_pca_fit': 'combined', 'iw_solver': 'lbfgs', 'iw_rho': 0.85}. Best is trial 53 with value: 0.1999247302383566.
2026-06-01 15:48:11 | INFO | Trial 88 | outer=4 | alpha=1.280e+05 n_pcs=500 (pc_topk) weight={'name': 'uniform'}
[I 2026-06-01 15:48:12,223] Trial 88 finished with value: 0.16855215384536942 and parameters: {'alpha': 127970.95047708479, 'n_pcs': 500, 'iw_method': 'uniform'}. Best is trial 53 with value: 0.1999247302383566.
2026-06-01 15:48:12 | INFO | Trial 89 | outer=4 | alpha=2.420e+04 n_pcs=1500 (pc_topk) weight={'name': 'uniform'}
[I 2026-06-01 15:48:14,656] Trial 89 finished with value: 0.18038829314839316 and parameters: {'alpha': 24200.49962311928, 'n_pcs': 1500, 'iw_method': 'uniform'}. Best is trial 53 with value: 0.1999247302383566.
2026-06-01 15:48:14 | INFO | Trial 90 | outer=4 | alpha=1.216e+03 n_pcs=4500 (pc_topk) weight={'name': 'uniform'}
[I 2026-06-01 15:48:20,894] Trial 90 finished with value: 0.08181958839117226 and parameters: {'alpha': 1215.6941365409461, 'n_pcs': 4500, 'iw_method': 'uniform'}. Best is trial 53 with value: 0.1999247302383566.
2026-06-01 15:48:20 | INFO | Trial 91 | outer=4 | alpha=8.637e+04 n_pcs=5000 (pc_topk) weight={'name': 'uniform'}
[I 2026-06-01 15:48:28,153] Trial 91 finished with value: 0.19990221957589727 and parameters: {'alpha': 86373.76379223778, 'n_pcs': 5000, 'iw_method': 'uniform'}. Best is trial 53 with value: 0.1999247302383566.
2026-06-01 15:48:28 | INFO | Trial 92 | outer=4 | alpha=8.179e+04 n_pcs=5000 (pc_topk) weight={'name': 'uniform'}
[I 2026-06-01 15:48:35,451] Trial 92 finished with value: 0.19992354520440264 and parameters: {'alpha': 81792.79479464745, 'n_pcs': 5000, 'iw_method': 'uniform'}. Best is trial 53 with value: 0.1999247302383566.
2026-06-01 15:48:35 | INFO | Trial 93 | outer=4 | alpha=1.098e+05 n_pcs=5000 (pc_topk) weight={'name': 'uniform'}
[I 2026-06-01 15:48:42,705] Trial 93 finished with value: 0.1995166285671633 and parameters: {'alpha': 109792.89041547196, 'n_pcs': 5000, 'iw_method': 'uniform'}. Best is trial 53 with value: 0.1999247302383566.
2026-06-01 15:48:42 | INFO | Trial 94 | outer=4 | alpha=1.777e+05 n_pcs=5000 (pc_topk) weight={'name': 'uniform'}
[I 2026-06-01 15:48:49,940] Trial 94 finished with value: 0.19764962410029774 and parameters: {'alpha': 177720.79439091546, 'n_pcs': 5000, 'iw_method': 'uniform'}. Best is trial 53 with value: 0.1999247302383566.
2026-06-01 15:48:49 | INFO | Trial 95 | outer=4 | alpha=4.305e+04 n_pcs=4500 (pc_topk) weight={'name': 'uniform'}
[I 2026-06-01 15:48:56,094] Trial 95 finished with value: 0.19648595513950454 and parameters: {'alpha': 43052.08272780993, 'n_pcs': 4500, 'iw_method': 'uniform'}. Best is trial 53 with value: 0.1999247302383566.
2026-06-01 15:48:56 | INFO | Trial 96 | outer=4 | alpha=3.448e+04 n_pcs=5000 (pc_topk) weight={'name': 'uniform'}
[I 2026-06-01 15:49:03,376] Trial 96 finished with value: 0.19607319506255524 and parameters: {'alpha': 34484.14571979084, 'n_pcs': 5000, 'iw_method': 'uniform'}. Best is trial 53 with value: 0.1999247302383566.
2026-06-01 15:49:03 | INFO | Trial 97 | outer=4 | alpha=8.108e+04 n_pcs=5000 (pc_topk) weight={'name': 'uniform'}
[I 2026-06-01 15:49:10,639] Trial 97 finished with value: 0.19992453324310366 and parameters: {'alpha': 81083.02469289787, 'n_pcs': 5000, 'iw_method': 'uniform'}. Best is trial 53 with value: 0.1999247302383566.
2026-06-01 15:49:10 | INFO | Trial 98 | outer=4 | alpha=1.390e+05 n_pcs=4500 (pc_topk) weight={'name': 'uniform'}
[I 2026-06-01 15:49:16,756] Trial 98 finished with value: 0.19849807484387344 and parameters: {'alpha': 139034.8526604705, 'n_pcs': 4500, 'iw_method': 'uniform'}. Best is trial 53 with value: 0.1999247302383566.
2026-06-01 15:49:16 | INFO | Trial 99 | outer=4 | alpha=7.432e+04 n_pcs=5000 (pc_topk) weight={'name': 'pc_logistic', 'floor': 1e-06, 'clip_max': 1.5, 'prob_clip': 0.024322780585075494, 'n_components': 100, 'logistic_c': 1.2125136775706676e-07, 'pca_fit': 'combined', 'solver': 'lbfgs', 'max_iter': 2000, 'fit_intercept': True, 'standardize_with_source': True, 'rho': 0.5}
[I 2026-06-01 15:49:27,935] Trial 99 finished with value: 0.20004906767203523 and parameters: {'alpha': 74322.43487605646, 'n_pcs': 5000, 'iw_method': 'pc_logistic', 'iw_clip_max': 1.5, 'iw_prob_clip': 0.024322780585075494, 'iw_n_components': 100, 'iw_logistic_c': 1.2125136775706676e-07, 'iw_pca_fit': 'combined', 'iw_solver': 'lbfgs', 'iw_rho': 0.5}. Best is trial 99 with value: 0.20004906767203523.
2026-06-01 15:49:27 | INFO | Trial 100 | outer=4 | alpha=5.276e+04 n_pcs=4500 (pc_topk) weight={'name': 'pc_logistic', 'floor': 1e-06, 'clip_max': 1.5, 'prob_clip': 0.022637868729257684, 'n_components': 100, 'logistic_c': 1.8848679026511032e-07, 'pca_fit': 'combined', 'solver': 'lbfgs', 'max_iter': 2000, 'fit_intercept': True, 'standardize_with_source': True, 'rho': 0.5}
[I 2026-06-01 15:49:37,828] Trial 100 finished with value: 0.1981519173606678 and parameters: {'alpha': 52756.523026662115, 'n_pcs': 4500, 'iw_method': 'pc_logistic', 'iw_clip_max': 1.5, 'iw_prob_clip': 0.022637868729257684, 'iw_n_components': 100, 'iw_logistic_c': 1.8848679026511032e-07, 'iw_pca_fit': 'combined', 'iw_solver': 'lbfgs', 'iw_rho': 0.5}. Best is trial 99 with value: 0.20004906767203523.
2026-06-01 15:49:37 | INFO | Trial 101 | outer=4 | alpha=7.677e+04 n_pcs=5000 (pc_topk) weight={'name': 'pc_logistic', 'floor': 1e-06, 'clip_max': 1.5, 'prob_clip': 0.02791055707870331, 'n_components': 100, 'logistic_c': 0.0002679208093795285, 'pca_fit': 'combined', 'solver': 'lbfgs', 'max_iter': 2000, 'fit_intercept': True, 'standardize_with_source': True, 'rho': 0.5}
[I 2026-06-01 15:49:51,995] Trial 101 finished with value: 0.20271876881337098 and parameters: {'alpha': 76769.64772149807, 'n_pcs': 5000, 'iw_method': 'pc_logistic', 'iw_clip_max': 1.5, 'iw_prob_clip': 0.02791055707870331, 'iw_n_components': 100, 'iw_logistic_c': 0.0002679208093795285, 'iw_pca_fit': 'combined', 'iw_solver': 'lbfgs', 'iw_rho': 0.5}. Best is trial 101 with value: 0.20271876881337098.
2026-06-01 15:49:52 | INFO | Trial 102 | outer=4 | alpha=7.299e+04 n_pcs=5000 (pc_topk) weight={'name': 'pc_logistic', 'floor': 1e-06, 'clip_max': 1.5, 'prob_clip': 0.025969860451411336, 'n_components': 100, 'logistic_c': 0.00038230716960837923, 'pca_fit': 'combined', 'solver': 'lbfgs', 'max_iter': 2000, 'fit_intercept': True, 'standardize_with_source': True, 'rho': 0.5}
[I 2026-06-01 15:50:06,045] Trial 102 finished with value: 0.20264323946863178 and parameters: {'alpha': 72992.0992914059, 'n_pcs': 5000, 'iw_method': 'pc_logistic', 'iw_clip_max': 1.5, 'iw_prob_clip': 0.025969860451411336, 'iw_n_components': 100, 'iw_logistic_c': 0.00038230716960837923, 'iw_pca_fit': 'combined', 'iw_solver': 'lbfgs', 'iw_rho': 0.5}. Best is trial 101 with value: 0.20271876881337098.
2026-06-01 15:50:06 | INFO | Trial 103 | outer=4 | alpha=1.113e+05 n_pcs=5000 (pc_topk) weight={'name': 'pc_logistic', 'floor': 1e-06, 'clip_max': 1.5, 'prob_clip': 0.026858780521973928, 'n_components': 100, 'logistic_c': 0.00033295706386289765, 'pca_fit': 'combined', 'solver': 'lbfgs', 'max_iter': 2000, 'fit_intercept': True, 'standardize_with_source': True, 'rho': 0.5}
[I 2026-06-01 15:50:20,122] Trial 103 finished with value: 0.20337254487838283 and parameters: {'alpha': 111299.69057155549, 'n_pcs': 5000, 'iw_method': 'pc_logistic', 'iw_clip_max': 1.5, 'iw_prob_clip': 0.026858780521973928, 'iw_n_components': 100, 'iw_logistic_c': 0.00033295706386289765, 'iw_pca_fit': 'combined', 'iw_solver': 'lbfgs', 'iw_rho': 0.5}. Best is trial 103 with value: 0.20337254487838283.
2026-06-01 15:50:20 | INFO | Trial 104 | outer=4 | alpha=1.070e+05 n_pcs=5000 (pc_topk) weight={'name': 'pc_logistic', 'floor': 1e-06, 'clip_max': 1.5, 'prob_clip': 0.025712063130016668, 'n_components': 100, 'logistic_c': 0.0004559559316437252, 'pca_fit': 'combined', 'solver': 'lbfgs', 'max_iter': 2000, 'fit_intercept': True, 'standardize_with_source': True, 'rho': 0.5}
[I 2026-06-01 15:50:35,240] Trial 104 finished with value: 0.20360962654313655 and parameters: {'alpha': 107015.1205139398, 'n_pcs': 5000, 'iw_method': 'pc_logistic', 'iw_clip_max': 1.5, 'iw_prob_clip': 0.025712063130016668, 'iw_n_components': 100, 'iw_logistic_c': 0.0004559559316437252, 'iw_pca_fit': 'combined', 'iw_solver': 'lbfgs', 'iw_rho': 0.5}. Best is trial 104 with value: 0.20360962654313655.
2026-06-01 15:50:35 | INFO | Trial 105 | outer=4 | alpha=1.102e+05 n_pcs=5000 (pc_topk) weight={'name': 'pc_logistic', 'floor': 1e-06, 'clip_max': 1.5, 'prob_clip': 0.0276081134617185, 'n_components': 100, 'logistic_c': 0.0002881155697991716, 'pca_fit': 'combined', 'solver': 'lbfgs', 'max_iter': 2000, 'fit_intercept': True, 'standardize_with_source': True, 'rho': 0.5}
[I 2026-06-01 15:50:49,778] Trial 105 finished with value: 0.20328497535186182 and parameters: {'alpha': 110236.0705376812, 'n_pcs': 5000, 'iw_method': 'pc_logistic', 'iw_clip_max': 1.5, 'iw_prob_clip': 0.0276081134617185, 'iw_n_components': 100, 'iw_logistic_c': 0.0002881155697991716, 'iw_pca_fit': 'combined', 'iw_solver': 'lbfgs', 'iw_rho': 0.5}. Best is trial 104 with value: 0.20360962654313655.
2026-06-01 15:50:49 | INFO | Trial 106 | outer=4 | alpha=1.085e+05 n_pcs=5000 (pc_topk) weight={'name': 'pc_logistic', 'floor': 1e-06, 'clip_max': 1.5, 'prob_clip': 0.0269597465633621, 'n_components': 100, 'logistic_c': 0.00039693740642384134, 'pca_fit': 'combined', 'solver': 'lbfgs', 'max_iter': 2000, 'fit_intercept': True, 'standardize_with_source': True, 'rho': 0.5}
[I 2026-06-01 15:51:04,542] Trial 106 finished with value: 0.20364647977255035 and parameters: {'alpha': 108473.86098376053, 'n_pcs': 5000, 'iw_method': 'pc_logistic', 'iw_clip_max': 1.5, 'iw_prob_clip': 0.0269597465633621, 'iw_n_components': 100, 'iw_logistic_c': 0.00039693740642384134, 'iw_pca_fit': 'combined', 'iw_solver': 'lbfgs', 'iw_rho': 0.5}. Best is trial 106 with value: 0.20364647977255035.
2026-06-01 15:51:04 | INFO | Trial 107 | outer=4 | alpha=1.829e+05 n_pcs=4500 (pc_topk) weight={'name': 'pc_logistic', 'floor': 1e-06, 'clip_max': 1.5, 'prob_clip': 0.029637685917528907, 'n_components': 100, 'logistic_c': 0.0003781531381789782, 'pca_fit': 'combined', 'solver': 'lbfgs', 'max_iter': 2000, 'fit_intercept': True, 'standardize_with_source': True, 'rho': 0.5}
[I 2026-06-01 15:51:16,874] Trial 107 finished with value: 0.20274515961900078 and parameters: {'alpha': 182909.23810590268, 'n_pcs': 4500, 'iw_method': 'pc_logistic', 'iw_clip_max': 1.5, 'iw_prob_clip': 0.029637685917528907, 'iw_n_components': 100, 'iw_logistic_c': 0.0003781531381789782, 'iw_pca_fit': 'combined', 'iw_solver': 'lbfgs', 'iw_rho': 0.5}. Best is trial 106 with value: 0.20364647977255035.
2026-06-01 15:51:16 | INFO | Trial 108 | outer=4 | alpha=2.875e+05 n_pcs=4500 (pc_topk) weight={'name': 'pc_logistic', 'floor': 1e-06, 'clip_max': 1.5, 'prob_clip': 0.02702687993521068, 'n_components': 100, 'logistic_c': 0.00038450656098802243, 'pca_fit': 'combined', 'solver': 'lbfgs', 'max_iter': 2000, 'fit_intercept': True, 'standardize_with_source': True, 'rho': 0.5}
[I 2026-06-01 15:51:30,455] Trial 108 finished with value: 0.20084414793352773 and parameters: {'alpha': 287508.91495486605, 'n_pcs': 4500, 'iw_method': 'pc_logistic', 'iw_clip_max': 1.5, 'iw_prob_clip': 0.02702687993521068, 'iw_n_components': 100, 'iw_logistic_c': 0.00038450656098802243, 'iw_pca_fit': 'combined', 'iw_solver': 'lbfgs', 'iw_rho': 0.5}. Best is trial 106 with value: 0.20364647977255035.
2026-06-01 15:51:30 | INFO | Trial 109 | outer=4 | alpha=3.452e+05 n_pcs=4000 (pc_topk) weight={'name': 'pc_logistic', 'floor': 1e-06, 'clip_max': 1.5, 'prob_clip': 0.027502972104905633, 'n_components': 100, 'logistic_c': 0.0004009630173410887, 'pca_fit': 'combined', 'solver': 'lbfgs', 'max_iter': 2000, 'fit_intercept': True, 'standardize_with_source': True, 'rho': 0.5}
[I 2026-06-01 15:51:42,273] Trial 109 finished with value: 0.19963701145438983 and parameters: {'alpha': 345241.6183859331, 'n_pcs': 4000, 'iw_method': 'pc_logistic', 'iw_clip_max': 1.5, 'iw_prob_clip': 0.027502972104905633, 'iw_n_components': 100, 'iw_logistic_c': 0.0004009630173410887, 'iw_pca_fit': 'combined', 'iw_solver': 'lbfgs', 'iw_rho': 0.5}. Best is trial 106 with value: 0.20364647977255035.
2026-06-01 15:51:42 | INFO | Trial 110 | outer=4 | alpha=6.416e+05 n_pcs=4500 (pc_topk) weight={'name': 'pc_logistic', 'floor': 1e-06, 'clip_max': 1.5, 'prob_clip': 0.028635191046574863, 'n_components': 100, 'logistic_c': 0.00040122016208054716, 'pca_fit': 'combined', 'solver': 'lbfgs', 'max_iter': 2000, 'fit_intercept': True, 'standardize_with_source': True, 'rho': 0.5}
[I 2026-06-01 15:51:55,339] Trial 110 finished with value: 0.19747476228317462 and parameters: {'alpha': 641639.9951136664, 'n_pcs': 4500, 'iw_method': 'pc_logistic', 'iw_clip_max': 1.5, 'iw_prob_clip': 0.028635191046574863, 'iw_n_components': 100, 'iw_logistic_c': 0.00040122016208054716, 'iw_pca_fit': 'combined', 'iw_solver': 'lbfgs', 'iw_rho': 0.5}. Best is trial 106 with value: 0.20364647977255035.
2026-06-01 15:51:55 | INFO | Trial 111 | outer=4 | alpha=2.061e+05 n_pcs=4500 (pc_topk) weight={'name': 'pc_logistic', 'floor': 1e-06, 'clip_max': 1.5, 'prob_clip': 0.028856764097436382, 'n_components': 100, 'logistic_c': 0.00016651144049615582, 'pca_fit': 'combined', 'solver': 'lbfgs', 'max_iter': 2000, 'fit_intercept': True, 'standardize_with_source': True, 'rho': 0.5}
[I 2026-06-01 15:52:07,482] Trial 111 finished with value: 0.20108154137816941 and parameters: {'alpha': 206062.27363291377, 'n_pcs': 4500, 'iw_method': 'pc_logistic', 'iw_clip_max': 1.5, 'iw_prob_clip': 0.028856764097436382, 'iw_n_components': 100, 'iw_logistic_c': 0.00016651144049615582, 'iw_pca_fit': 'combined', 'iw_solver': 'lbfgs', 'iw_rho': 0.5}. Best is trial 106 with value: 0.20364647977255035.
2026-06-01 15:52:07 | INFO | Trial 112 | outer=4 | alpha=1.932e+05 n_pcs=4500 (pc_topk) weight={'name': 'pc_logistic', 'floor': 1e-06, 'clip_max': 1.5, 'prob_clip': 0.028215621713146084, 'n_components': 100, 'logistic_c': 0.00021696381205826146, 'pca_fit': 'combined', 'solver': 'lbfgs', 'max_iter': 2000, 'fit_intercept': True, 'standardize_with_source': True, 'rho': 0.5}
[I 2026-06-01 15:52:19,491] Trial 112 finished with value: 0.20164219010487533 and parameters: {'alpha': 193163.81595304806, 'n_pcs': 4500, 'iw_method': 'pc_logistic', 'iw_clip_max': 1.5, 'iw_prob_clip': 0.028215621713146084, 'iw_n_components': 100, 'iw_logistic_c': 0.00021696381205826146, 'iw_pca_fit': 'combined', 'iw_solver': 'lbfgs', 'iw_rho': 0.5}. Best is trial 106 with value: 0.20364647977255035.
2026-06-01 15:52:19 | INFO | Trial 113 | outer=4 | alpha=2.877e+05 n_pcs=4500 (pc_topk) weight={'name': 'pc_logistic', 'floor': 1e-06, 'clip_max': 1.5, 'prob_clip': 0.02815313531122169, 'n_components': 100, 'logistic_c': 0.00019436403624857105, 'pca_fit': 'combined', 'solver': 'lbfgs', 'max_iter': 2000, 'fit_intercept': True, 'standardize_with_source': True, 'rho': 0.5}
[I 2026-06-01 15:52:31,928] Trial 113 finished with value: 0.19984735889474337 and parameters: {'alpha': 287707.624814517, 'n_pcs': 4500, 'iw_method': 'pc_logistic', 'iw_clip_max': 1.5, 'iw_prob_clip': 0.02815313531122169, 'iw_n_components': 100, 'iw_logistic_c': 0.00019436403624857105, 'iw_pca_fit': 'combined', 'iw_solver': 'lbfgs', 'iw_rho': 0.5}. Best is trial 106 with value: 0.20364647977255035.
2026-06-01 15:52:31 | INFO | Trial 114 | outer=4 | alpha=2.055e+05 n_pcs=4500 (pc_topk) weight={'name': 'pc_logistic', 'floor': 1e-06, 'clip_max': 1.5, 'prob_clip': 0.02989488656343259, 'n_components': 100, 'logistic_c': 0.0008307454811191536, 'pca_fit': 'combined', 'solver': 'lbfgs', 'max_iter': 2000, 'fit_intercept': True, 'standardize_with_source': True, 'rho': 0.5}
[I 2026-06-01 15:52:45,359] Trial 114 finished with value: 0.2025724122577842 and parameters: {'alpha': 205457.75762079802, 'n_pcs': 4500, 'iw_method': 'pc_logistic', 'iw_clip_max': 1.5, 'iw_prob_clip': 0.02989488656343259, 'iw_n_components': 100, 'iw_logistic_c': 0.0008307454811191536, 'iw_pca_fit': 'combined', 'iw_solver': 'lbfgs', 'iw_rho': 0.5}. Best is trial 106 with value: 0.20364647977255035.
2026-06-01 15:52:45 | INFO | Trial 115 | outer=4 | alpha=2.462e+05 n_pcs=4000 (pc_topk) weight={'name': 'pc_logistic', 'floor': 1e-06, 'clip_max': 1.5, 'prob_clip': 0.029115266854577243, 'n_components': 100, 'logistic_c': 0.0009288244258808363, 'pca_fit': 'combined', 'solver': 'lbfgs', 'max_iter': 2000, 'fit_intercept': True, 'standardize_with_source': True, 'rho': 0.5}
[I 2026-06-01 15:52:59,385] Trial 115 finished with value: 0.20116817895337552 and parameters: {'alpha': 246220.94740919664, 'n_pcs': 4000, 'iw_method': 'pc_logistic', 'iw_clip_max': 1.5, 'iw_prob_clip': 0.029115266854577243, 'iw_n_components': 100, 'iw_logistic_c': 0.0009288244258808363, 'iw_pca_fit': 'combined', 'iw_solver': 'lbfgs', 'iw_rho': 0.5}. Best is trial 106 with value: 0.20364647977255035.
2026-06-01 15:52:59 | INFO | Trial 116 | outer=4 | alpha=4.358e+05 n_pcs=4000 (pc_topk) weight={'name': 'pc_logistic', 'floor': 1e-06, 'clip_max': 1.5, 'prob_clip': 0.03150046063772637, 'n_components': 100, 'logistic_c': 0.0007710551028138552, 'pca_fit': 'combined', 'solver': 'lbfgs', 'max_iter': 2000, 'fit_intercept': True, 'standardize_with_source': True, 'rho': 0.5}
[I 2026-06-01 15:53:12,362] Trial 116 finished with value: 0.1990045848476843 and parameters: {'alpha': 435845.06227503176, 'n_pcs': 4000, 'iw_method': 'pc_logistic', 'iw_clip_max': 1.5, 'iw_prob_clip': 0.03150046063772637, 'iw_n_components': 100, 'iw_logistic_c': 0.0007710551028138552, 'iw_pca_fit': 'combined', 'iw_solver': 'lbfgs', 'iw_rho': 0.5}. Best is trial 106 with value: 0.20364647977255035.
2026-06-01 15:53:12 | INFO | Trial 117 | outer=4 | alpha=2.449e+05 n_pcs=3500 (pc_topk) weight={'name': 'pc_logistic', 'floor': 1e-06, 'clip_max': 1.5, 'prob_clip': 0.034225738277990726, 'n_components': 100, 'logistic_c': 0.00015863113981451956, 'pca_fit': 'combined', 'solver': 'lbfgs', 'max_iter': 2000, 'fit_intercept': True, 'standardize_with_source': True, 'rho': 0.5}
[I 2026-06-01 15:53:22,509] Trial 117 finished with value: 0.20142531782663822 and parameters: {'alpha': 244896.7618213196, 'n_pcs': 3500, 'iw_method': 'pc_logistic', 'iw_clip_max': 1.5, 'iw_prob_clip': 0.034225738277990726, 'iw_n_components': 100, 'iw_logistic_c': 0.00015863113981451956, 'iw_pca_fit': 'combined', 'iw_solver': 'lbfgs', 'iw_rho': 0.5}. Best is trial 106 with value: 0.20364647977255035.
2026-06-01 15:53:22 | INFO | Trial 118 | outer=4 | alpha=2.361e+05 n_pcs=4000 (pc_topk) weight={'name': 'pc_logistic', 'floor': 1e-06, 'clip_max': 1.5, 'prob_clip': 0.03632237087664069, 'n_components': 100, 'logistic_c': 9.372454781815148e-05, 'pca_fit': 'combined', 'solver': 'lbfgs', 'max_iter': 2000, 'fit_intercept': True, 'standardize_with_source': True, 'rho': 0.5}
[I 2026-06-01 15:53:33,556] Trial 118 finished with value: 0.20020357775024059 and parameters: {'alpha': 236116.39036572128, 'n_pcs': 4000, 'iw_method': 'pc_logistic', 'iw_clip_max': 1.5, 'iw_prob_clip': 0.03632237087664069, 'iw_n_components': 100, 'iw_logistic_c': 9.372454781815148e-05, 'iw_pca_fit': 'combined', 'iw_solver': 'lbfgs', 'iw_rho': 0.5}. Best is trial 106 with value: 0.20364647977255035.
2026-06-01 15:53:33 | INFO | Trial 119 | outer=4 | alpha=1.932e+05 n_pcs=3500 (pc_topk) weight={'name': 'pc_logistic', 'floor': 1e-06, 'clip_max': 1.5, 'prob_clip': 0.020201978593936916, 'n_components': 100, 'logistic_c': 0.0019325350127467463, 'pca_fit': 'combined', 'solver': 'lbfgs', 'max_iter': 2000, 'fit_intercept': True, 'standardize_with_source': True, 'rho': 0.5}
[I 2026-06-01 15:53:47,235] Trial 119 finished with value: 0.20228208512122586 and parameters: {'alpha': 193169.46530768825, 'n_pcs': 3500, 'iw_method': 'pc_logistic', 'iw_clip_max': 1.5, 'iw_prob_clip': 0.020201978593936916, 'iw_n_components': 100, 'iw_logistic_c': 0.0019325350127467463, 'iw_pca_fit': 'combined', 'iw_solver': 'lbfgs', 'iw_rho': 0.5}. Best is trial 106 with value: 0.20364647977255035.
2026-06-01 15:53:47 | INFO | Trial 120 | outer=4 | alpha=1.751e+05 n_pcs=3500 (pc_topk) weight={'name': 'pc_logistic', 'floor': 1e-06, 'clip_max': 1.5, 'prob_clip': 0.018964913275522858, 'n_components': 100, 'logistic_c': 0.0017311817751369783, 'pca_fit': 'combined', 'solver': 'lbfgs', 'max_iter': 2000, 'fit_intercept': True, 'standardize_with_source': True, 'rho': 0.5}
[I 2026-06-01 15:54:00,463] Trial 120 finished with value: 0.20230660049203658 and parameters: {'alpha': 175105.62336780695, 'n_pcs': 3500, 'iw_method': 'pc_logistic', 'iw_clip_max': 1.5, 'iw_prob_clip': 0.018964913275522858, 'iw_n_components': 100, 'iw_logistic_c': 0.0017311817751369783, 'iw_pca_fit': 'combined', 'iw_solver': 'lbfgs', 'iw_rho': 0.5}. Best is trial 106 with value: 0.20364647977255035.
2026-06-01 15:54:00 | INFO | Trial 121 | outer=4 | alpha=1.638e+05 n_pcs=3500 (pc_topk) weight={'name': 'pc_logistic', 'floor': 1e-06, 'clip_max': 1.5, 'prob_clip': 0.018884977727932833, 'n_components': 100, 'logistic_c': 0.0023381096389507336, 'pca_fit': 'combined', 'solver': 'lbfgs', 'max_iter': 2000, 'fit_intercept': True, 'standardize_with_source': True, 'rho': 0.5}
[I 2026-06-01 15:54:14,748] Trial 121 finished with value: 0.20236388035862585 and parameters: {'alpha': 163847.84019463646, 'n_pcs': 3500, 'iw_method': 'pc_logistic', 'iw_clip_max': 1.5, 'iw_prob_clip': 0.018884977727932833, 'iw_n_components': 100, 'iw_logistic_c': 0.0023381096389507336, 'iw_pca_fit': 'combined', 'iw_solver': 'lbfgs', 'iw_rho': 0.5}. Best is trial 106 with value: 0.20364647977255035.
2026-06-01 15:54:14 | INFO | Trial 122 | outer=4 | alpha=1.792e+05 n_pcs=3500 (pc_topk) weight={'name': 'pc_logistic', 'floor': 1e-06, 'clip_max': 1.5, 'prob_clip': 0.018926282785655384, 'n_components': 100, 'logistic_c': 0.0024743068292125306, 'pca_fit': 'combined', 'solver': 'lbfgs', 'max_iter': 2000, 'fit_intercept': True, 'standardize_with_source': True, 'rho': 0.5}
[I 2026-06-01 15:54:28,249] Trial 122 finished with value: 0.20224197653106976 and parameters: {'alpha': 179193.30784569928, 'n_pcs': 3500, 'iw_method': 'pc_logistic', 'iw_clip_max': 1.5, 'iw_prob_clip': 0.018926282785655384, 'iw_n_components': 100, 'iw_logistic_c': 0.0024743068292125306, 'iw_pca_fit': 'combined', 'iw_solver': 'lbfgs', 'iw_rho': 0.5}. Best is trial 106 with value: 0.20364647977255035.
2026-06-01 15:54:28 | INFO | Trial 123 | outer=4 | alpha=1.784e+05 n_pcs=3500 (pc_topk) weight={'name': 'pc_logistic', 'floor': 1e-06, 'clip_max': 1.5, 'prob_clip': 0.017437331357677686, 'n_components': 100, 'logistic_c': 0.002982723650379102, 'pca_fit': 'combined', 'solver': 'lbfgs', 'max_iter': 2000, 'fit_intercept': True, 'standardize_with_source': True, 'rho': 0.5}
[I 2026-06-01 15:54:42,215] Trial 123 finished with value: 0.20214681208119786 and parameters: {'alpha': 178432.7729631883, 'n_pcs': 3500, 'iw_method': 'pc_logistic', 'iw_clip_max': 1.5, 'iw_prob_clip': 0.017437331357677686, 'iw_n_components': 100, 'iw_logistic_c': 0.002982723650379102, 'iw_pca_fit': 'combined', 'iw_solver': 'lbfgs', 'iw_rho': 0.5}. Best is trial 106 with value: 0.20364647977255035.
2026-06-01 15:54:42 | INFO | Trial 124 | outer=4 | alpha=1.620e+05 n_pcs=3500 (pc_topk) weight={'name': 'pc_logistic', 'floor': 1e-06, 'clip_max': 1.5, 'prob_clip': 0.01752476324000915, 'n_components': 100, 'logistic_c': 0.0024556191641770778, 'pca_fit': 'combined', 'solver': 'lbfgs', 'max_iter': 2000, 'fit_intercept': True, 'standardize_with_source': True, 'rho': 0.5}
[I 2026-06-01 15:54:56,573] Trial 124 finished with value: 0.20228619901374473 and parameters: {'alpha': 162027.4481093217, 'n_pcs': 3500, 'iw_method': 'pc_logistic', 'iw_clip_max': 1.5, 'iw_prob_clip': 0.01752476324000915, 'iw_n_components': 100, 'iw_logistic_c': 0.0024556191641770778, 'iw_pca_fit': 'combined', 'iw_solver': 'lbfgs', 'iw_rho': 0.5}. Best is trial 106 with value: 0.20364647977255035.
2026-06-01 15:54:56 | INFO | Trial 125 | outer=4 | alpha=1.588e+05 n_pcs=3000 (pc_topk) weight={'name': 'pc_logistic', 'floor': 1e-06, 'clip_max': 1.5, 'prob_clip': 0.018042459103795237, 'n_components': 100, 'logistic_c': 0.0033999056593734937, 'pca_fit': 'combined', 'solver': 'lbfgs', 'max_iter': 2000, 'fit_intercept': True, 'standardize_with_source': True, 'rho': 0.5}
[I 2026-06-01 15:55:09,355] Trial 125 finished with value: 0.20482987827452978 and parameters: {'alpha': 158783.64276274713, 'n_pcs': 3000, 'iw_method': 'pc_logistic', 'iw_clip_max': 1.5, 'iw_prob_clip': 0.018042459103795237, 'iw_n_components': 100, 'iw_logistic_c': 0.0033999056593734937, 'iw_pca_fit': 'combined', 'iw_solver': 'lbfgs', 'iw_rho': 0.5}. Best is trial 125 with value: 0.20482987827452978.
2026-06-01 15:55:09 | INFO | Trial 126 | outer=4 | alpha=1.105e+05 n_pcs=2500 (pc_topk) weight={'name': 'pc_logistic', 'floor': 1e-06, 'clip_max': 1.5, 'prob_clip': 0.018573808188591546, 'n_components': 100, 'logistic_c': 0.0016390262750615573, 'pca_fit': 'combined', 'solver': 'lbfgs', 'max_iter': 2000, 'fit_intercept': True, 'standardize_with_source': True, 'rho': 0.5}
[I 2026-06-01 15:55:21,037] Trial 126 finished with value: 0.2089385987706375 and parameters: {'alpha': 110514.26493714326, 'n_pcs': 2500, 'iw_method': 'pc_logistic', 'iw_clip_max': 1.5, 'iw_prob_clip': 0.018573808188591546, 'iw_n_components': 100, 'iw_logistic_c': 0.0016390262750615573, 'iw_pca_fit': 'combined', 'iw_solver': 'lbfgs', 'iw_rho': 0.5}. Best is trial 126 with value: 0.2089385987706375.
2026-06-01 15:55:21 | INFO | Trial 127 | outer=4 | alpha=1.121e+05 n_pcs=2500 (pc_topk) weight={'name': 'pc_logistic', 'floor': 1e-06, 'clip_max': 1.5, 'prob_clip': 0.014229692613549212, 'n_components': 100, 'logistic_c': 0.013174256561921609, 'pca_fit': 'combined', 'solver': 'lbfgs', 'max_iter': 2000, 'fit_intercept': True, 'standardize_with_source': True, 'rho': 0.5}
[I 2026-06-01 15:55:38,291] Trial 127 finished with value: 0.20850158211469352 and parameters: {'alpha': 112110.01066808421, 'n_pcs': 2500, 'iw_method': 'pc_logistic', 'iw_clip_max': 1.5, 'iw_prob_clip': 0.014229692613549212, 'iw_n_components': 100, 'iw_logistic_c': 0.013174256561921609, 'iw_pca_fit': 'combined', 'iw_solver': 'lbfgs', 'iw_rho': 0.5}. Best is trial 126 with value: 0.2089385987706375.
2026-06-01 15:55:38 | INFO | Trial 128 | outer=4 | alpha=1.114e+05 n_pcs=2500 (pc_topk) weight={'name': 'pc_logistic', 'floor': 1e-06, 'clip_max': 1.5, 'prob_clip': 0.014874541270780585, 'n_components': 100, 'logistic_c': 0.013102101230298754, 'pca_fit': 'combined', 'solver': 'lbfgs', 'max_iter': 2000, 'fit_intercept': True, 'standardize_with_source': True, 'rho': 0.5}
[I 2026-06-01 15:55:52,724] Trial 128 finished with value: 0.20848080713174558 and parameters: {'alpha': 111363.63614190136, 'n_pcs': 2500, 'iw_method': 'pc_logistic', 'iw_clip_max': 1.5, 'iw_prob_clip': 0.014874541270780585, 'iw_n_components': 100, 'iw_logistic_c': 0.013102101230298754, 'iw_pca_fit': 'combined', 'iw_solver': 'lbfgs', 'iw_rho': 0.5}. Best is trial 126 with value: 0.2089385987706375.
2026-06-01 15:55:52 | INFO | Trial 129 | outer=4 | alpha=1.068e+05 n_pcs=2500 (pc_topk) weight={'name': 'pc_logistic', 'floor': 1e-06, 'clip_max': 1.5, 'prob_clip': 0.014790767137533242, 'n_components': 100, 'logistic_c': 0.011379048101516664, 'pca_fit': 'combined', 'solver': 'lbfgs', 'max_iter': 2000, 'fit_intercept': True, 'standardize_with_source': True, 'rho': 0.5}
[I 2026-06-01 15:56:07,623] Trial 129 finished with value: 0.2083790531583259 and parameters: {'alpha': 106807.98674249863, 'n_pcs': 2500, 'iw_method': 'pc_logistic', 'iw_clip_max': 1.5, 'iw_prob_clip': 0.014790767137533242, 'iw_n_components': 100, 'iw_logistic_c': 0.011379048101516664, 'iw_pca_fit': 'combined', 'iw_solver': 'lbfgs', 'iw_rho': 0.5}. Best is trial 126 with value: 0.2089385987706375.
2026-06-01 15:56:07 | INFO | Trial 130 | outer=4 | alpha=1.125e+05 n_pcs=2500 (pc_topk) weight={'name': 'pc_logistic', 'floor': 1e-06, 'clip_max': 1.5, 'prob_clip': 0.013152607360970478, 'n_components': 100, 'logistic_c': 0.014429146290459537, 'pca_fit': 'combined', 'solver': 'lbfgs', 'max_iter': 2000, 'fit_intercept': True, 'standardize_with_source': True, 'rho': 0.5}
[I 2026-06-01 15:56:22,958] Trial 130 finished with value: 0.20855272833179886 and parameters: {'alpha': 112453.36723925271, 'n_pcs': 2500, 'iw_method': 'pc_logistic', 'iw_clip_max': 1.5, 'iw_prob_clip': 0.013152607360970478, 'iw_n_components': 100, 'iw_logistic_c': 0.014429146290459537, 'iw_pca_fit': 'combined', 'iw_solver': 'lbfgs', 'iw_rho': 0.5}. Best is trial 126 with value: 0.2089385987706375.
2026-06-01 15:56:22 | INFO | Trial 131 | outer=4 | alpha=1.237e+05 n_pcs=2500 (pc_topk) weight={'name': 'pc_logistic', 'floor': 1e-06, 'clip_max': 1.5, 'prob_clip': 0.012917226275374626, 'n_components': 100, 'logistic_c': 0.022220603299355855, 'pca_fit': 'combined', 'solver': 'lbfgs', 'max_iter': 2000, 'fit_intercept': True, 'standardize_with_source': True, 'rho': 0.5}
[I 2026-06-01 15:56:41,079] Trial 131 finished with value: 0.20905621875136973 and parameters: {'alpha': 123718.0924180745, 'n_pcs': 2500, 'iw_method': 'pc_logistic', 'iw_clip_max': 1.5, 'iw_prob_clip': 0.012917226275374626, 'iw_n_components': 100, 'iw_logistic_c': 0.022220603299355855, 'iw_pca_fit': 'combined', 'iw_solver': 'lbfgs', 'iw_rho': 0.5}. Best is trial 131 with value: 0.20905621875136973.
2026-06-01 15:56:41 | INFO | Trial 132 | outer=4 | alpha=1.122e+05 n_pcs=2500 (pc_topk) weight={'name': 'pc_logistic', 'floor': 1e-06, 'clip_max': 1.5, 'prob_clip': 0.012397617560850218, 'n_components': 80, 'logistic_c': 0.01826294209355252, 'pca_fit': 'combined', 'solver': 'lbfgs', 'max_iter': 2000, 'fit_intercept': True, 'standardize_with_source': True, 'rho': 0.5}
[I 2026-06-01 15:56:55,440] Trial 132 finished with value: 0.20735422444637233 and parameters: {'alpha': 112222.23637092533, 'n_pcs': 2500, 'iw_method': 'pc_logistic', 'iw_clip_max': 1.5, 'iw_prob_clip': 0.012397617560850218, 'iw_n_components': 80, 'iw_logistic_c': 0.01826294209355252, 'iw_pca_fit': 'combined', 'iw_solver': 'lbfgs', 'iw_rho': 0.5}. Best is trial 131 with value: 0.20905621875136973.
2026-06-01 15:56:55 | INFO | Trial 133 | outer=4 | alpha=1.065e+05 n_pcs=2500 (pc_topk) weight={'name': 'pc_logistic', 'floor': 1e-06, 'clip_max': 1.5, 'prob_clip': 0.013052052211963651, 'n_components': 80, 'logistic_c': 0.02053081575327106, 'pca_fit': 'combined', 'solver': 'lbfgs', 'max_iter': 2000, 'fit_intercept': True, 'standardize_with_source': True, 'rho': 0.5}
[I 2026-06-01 15:57:10,394] Trial 133 finished with value: 0.20712678807969112 and parameters: {'alpha': 106528.46212998328, 'n_pcs': 2500, 'iw_method': 'pc_logistic', 'iw_clip_max': 1.5, 'iw_prob_clip': 0.013052052211963651, 'iw_n_components': 80, 'iw_logistic_c': 0.02053081575327106, 'iw_pca_fit': 'combined', 'iw_solver': 'lbfgs', 'iw_rho': 0.5}. Best is trial 131 with value: 0.20905621875136973.
2026-06-01 15:57:10 | INFO | Trial 134 | outer=4 | alpha=1.171e+05 n_pcs=2500 (pc_topk) weight={'name': 'pc_logistic', 'floor': 1e-06, 'clip_max': 1.5, 'prob_clip': 0.012609214381213544, 'n_components': 80, 'logistic_c': 0.025594277284625547, 'pca_fit': 'combined', 'solver': 'lbfgs', 'max_iter': 2000, 'fit_intercept': True, 'standardize_with_source': True, 'rho': 1.0}
[I 2026-06-01 15:57:25,992] Trial 134 finished with value: 0.19373097388207536 and parameters: {'alpha': 117090.78518942342, 'n_pcs': 2500, 'iw_method': 'pc_logistic', 'iw_clip_max': 1.5, 'iw_prob_clip': 0.012609214381213544, 'iw_n_components': 80, 'iw_logistic_c': 0.025594277284625547, 'iw_pca_fit': 'combined', 'iw_solver': 'lbfgs', 'iw_rho': 1.0}. Best is trial 131 with value: 0.20905621875136973.
2026-06-01 15:57:26 | INFO | Trial 135 | outer=4 | alpha=1.118e+05 n_pcs=2500 (pc_topk) weight={'name': 'pc_logistic', 'floor': 1e-06, 'clip_max': 1.5, 'prob_clip': 0.013610639710022979, 'n_components': 80, 'logistic_c': 0.01559489447512109, 'pca_fit': 'combined', 'solver': 'lbfgs', 'max_iter': 2000, 'fit_intercept': True, 'standardize_with_source': True, 'rho': 0.5}
[I 2026-06-01 15:57:39,502] Trial 135 finished with value: 0.20723468322104993 and parameters: {'alpha': 111789.30912482397, 'n_pcs': 2500, 'iw_method': 'pc_logistic', 'iw_clip_max': 1.5, 'iw_prob_clip': 0.013610639710022979, 'iw_n_components': 80, 'iw_logistic_c': 0.01559489447512109, 'iw_pca_fit': 'combined', 'iw_solver': 'lbfgs', 'iw_rho': 0.5}. Best is trial 131 with value: 0.20905621875136973.
2026-06-01 15:57:39 | INFO | Trial 136 | outer=4 | alpha=1.064e+05 n_pcs=2500 (pc_topk) weight={'name': 'pc_logistic', 'floor': 1e-06, 'clip_max': 1.5, 'prob_clip': 0.013020272875439158, 'n_components': 80, 'logistic_c': 0.016799606266500962, 'pca_fit': 'combined', 'solver': 'lbfgs', 'max_iter': 2000, 'fit_intercept': True, 'standardize_with_source': True, 'rho': 0.5}
[I 2026-06-01 15:57:54,856] Trial 136 finished with value: 0.20725896413971712 and parameters: {'alpha': 106424.37432773902, 'n_pcs': 2500, 'iw_method': 'pc_logistic', 'iw_clip_max': 1.5, 'iw_prob_clip': 0.013020272875439158, 'iw_n_components': 80, 'iw_logistic_c': 0.016799606266500962, 'iw_pca_fit': 'combined', 'iw_solver': 'lbfgs', 'iw_rho': 0.5}. Best is trial 131 with value: 0.20905621875136973.
2026-06-01 15:57:54 | INFO | Trial 137 | outer=4 | alpha=1.364e+05 n_pcs=2500 (pc_topk) weight={'name': 'pc_logistic', 'floor': 1e-06, 'clip_max': 1.5, 'prob_clip': 0.010052051645168415, 'n_components': 80, 'logistic_c': 0.017485020726017965, 'pca_fit': 'combined', 'solver': 'lbfgs', 'max_iter': 2000, 'fit_intercept': True, 'standardize_with_source': True, 'rho': 0.5}
[I 2026-06-01 15:58:09,963] Trial 137 finished with value: 0.20803231288165297 and parameters: {'alpha': 136350.67783727424, 'n_pcs': 2500, 'iw_method': 'pc_logistic', 'iw_clip_max': 1.5, 'iw_prob_clip': 0.010052051645168415, 'iw_n_components': 80, 'iw_logistic_c': 0.017485020726017965, 'iw_pca_fit': 'combined', 'iw_solver': 'lbfgs', 'iw_rho': 0.5}. Best is trial 131 with value: 0.20905621875136973.
2026-06-01 15:58:09 | INFO | Trial 138 | outer=4 | alpha=1.341e+05 n_pcs=2500 (pc_topk) weight={'name': 'pc_logistic', 'floor': 1e-06, 'clip_max': 2.5, 'prob_clip': 0.01005614106818913, 'n_components': 80, 'logistic_c': 0.01168139026745861, 'pca_fit': 'combined', 'solver': 'lbfgs', 'max_iter': 2000, 'fit_intercept': True, 'standardize_with_source': True, 'rho': 0.7}
[I 2026-06-01 15:58:23,799] Trial 138 finished with value: 0.20115469907727873 and parameters: {'alpha': 134098.18558197413, 'n_pcs': 2500, 'iw_method': 'pc_logistic', 'iw_clip_max': 2.5, 'iw_prob_clip': 0.01005614106818913, 'iw_n_components': 80, 'iw_logistic_c': 0.01168139026745861, 'iw_pca_fit': 'combined', 'iw_solver': 'lbfgs', 'iw_rho': 0.7}. Best is trial 131 with value: 0.20905621875136973.
2026-06-01 15:58:23 | INFO | Trial 139 | outer=4 | alpha=1.038e+05 n_pcs=2500 (pc_topk) weight={'name': 'pc_logistic', 'floor': 1e-06, 'clip_max': 4.0, 'prob_clip': 0.014132301087820948, 'n_components': 80, 'logistic_c': 0.041325501891174905, 'pca_fit': 'combined', 'solver': 'lbfgs', 'max_iter': 2000, 'fit_intercept': True, 'standardize_with_source': True, 'rho': 0.3}
[I 2026-06-01 15:58:40,663] Trial 139 finished with value: 0.20337662998629039 and parameters: {'alpha': 103842.95618263932, 'n_pcs': 2500, 'iw_method': 'pc_logistic', 'iw_clip_max': 4.0, 'iw_prob_clip': 0.014132301087820948, 'iw_n_components': 80, 'iw_logistic_c': 0.041325501891174905, 'iw_pca_fit': 'combined', 'iw_solver': 'lbfgs', 'iw_rho': 0.3}. Best is trial 131 with value: 0.20905621875136973.
2026-06-01 15:58:40 | INFO | Trial 140 | outer=4 | alpha=1.349e+05 n_pcs=2000 (pc_topk) weight={'name': 'pc_logistic', 'floor': 1e-06, 'clip_max': 1.5, 'prob_clip': 0.009136754244180952, 'n_components': 80, 'logistic_c': 0.010365910565399565, 'pca_fit': 'combined', 'solver': 'lbfgs', 'max_iter': 2000, 'fit_intercept': True, 'standardize_with_source': True, 'rho': 0.5}
[I 2026-06-01 15:58:54,018] Trial 140 finished with value: 0.20854271070237487 and parameters: {'alpha': 134931.81109820586, 'n_pcs': 2000, 'iw_method': 'pc_logistic', 'iw_clip_max': 1.5, 'iw_prob_clip': 0.009136754244180952, 'iw_n_components': 80, 'iw_logistic_c': 0.010365910565399565, 'iw_pca_fit': 'combined', 'iw_solver': 'lbfgs', 'iw_rho': 0.5}. Best is trial 131 with value: 0.20905621875136973.
2026-06-01 15:58:54 | INFO | Trial 141 | outer=4 | alpha=1.362e+05 n_pcs=2000 (pc_topk) weight={'name': 'pc_logistic', 'floor': 1e-06, 'clip_max': 1.5, 'prob_clip': 0.009714410556031653, 'n_components': 80, 'logistic_c': 0.009325368986783137, 'pca_fit': 'combined', 'solver': 'lbfgs', 'max_iter': 2000, 'fit_intercept': True, 'standardize_with_source': True, 'rho': 0.5}
[I 2026-06-01 15:59:08,041] Trial 141 finished with value: 0.20845302634926352 and parameters: {'alpha': 136159.15500908386, 'n_pcs': 2000, 'iw_method': 'pc_logistic', 'iw_clip_max': 1.5, 'iw_prob_clip': 0.009714410556031653, 'iw_n_components': 80, 'iw_logistic_c': 0.009325368986783137, 'iw_pca_fit': 'combined', 'iw_solver': 'lbfgs', 'iw_rho': 0.5}. Best is trial 131 with value: 0.20905621875136973.
2026-06-01 15:59:08 | INFO | Trial 142 | outer=4 | alpha=1.325e+05 n_pcs=2000 (pc_topk) weight={'name': 'pc_logistic', 'floor': 1e-06, 'clip_max': 1.5, 'prob_clip': 0.00878794218290774, 'n_components': 80, 'logistic_c': 0.010106523015518357, 'pca_fit': 'combined', 'solver': 'lbfgs', 'max_iter': 2000, 'fit_intercept': True, 'standardize_with_source': True, 'rho': 0.5}
[I 2026-06-01 15:59:21,928] Trial 142 finished with value: 0.20863495123817316 and parameters: {'alpha': 132483.1105663117, 'n_pcs': 2000, 'iw_method': 'pc_logistic', 'iw_clip_max': 1.5, 'iw_prob_clip': 0.00878794218290774, 'iw_n_components': 80, 'iw_logistic_c': 0.010106523015518357, 'iw_pca_fit': 'combined', 'iw_solver': 'lbfgs', 'iw_rho': 0.5}. Best is trial 131 with value: 0.20905621875136973.
2026-06-01 15:59:21 | INFO | Trial 143 | outer=4 | alpha=1.384e+05 n_pcs=2000 (pc_topk) weight={'name': 'pc_logistic', 'floor': 1e-06, 'clip_max': 1.5, 'prob_clip': 0.008985060393387168, 'n_components': 80, 'logistic_c': 0.010645764452105551, 'pca_fit': 'combined', 'solver': 'lbfgs', 'max_iter': 2000, 'fit_intercept': True, 'standardize_with_source': True, 'rho': 0.5}
[I 2026-06-01 15:59:34,979] Trial 143 finished with value: 0.2085737449255368 and parameters: {'alpha': 138413.1356129337, 'n_pcs': 2000, 'iw_method': 'pc_logistic', 'iw_clip_max': 1.5, 'iw_prob_clip': 0.008985060393387168, 'iw_n_components': 80, 'iw_logistic_c': 0.010645764452105551, 'iw_pca_fit': 'combined', 'iw_solver': 'lbfgs', 'iw_rho': 0.5}. Best is trial 131 with value: 0.20905621875136973.
2026-06-01 15:59:35 | INFO | Trial 144 | outer=4 | alpha=1.331e+05 n_pcs=2000 (pc_topk) weight={'name': 'pc_logistic', 'floor': 1e-06, 'clip_max': 7.0, 'prob_clip': 0.008000708793183046, 'n_components': 80, 'logistic_c': 0.010750873938940208, 'pca_fit': 'combined', 'solver': 'lbfgs', 'max_iter': 2000, 'fit_intercept': True, 'standardize_with_source': True, 'rho': 0.5}
[I 2026-06-01 15:59:47,468] Trial 144 finished with value: 0.19079159092034043 and parameters: {'alpha': 133111.08560726515, 'n_pcs': 2000, 'iw_method': 'pc_logistic', 'iw_clip_max': 7.0, 'iw_prob_clip': 0.008000708793183046, 'iw_n_components': 80, 'iw_logistic_c': 0.010750873938940208, 'iw_pca_fit': 'combined', 'iw_solver': 'lbfgs', 'iw_rho': 0.5}. Best is trial 131 with value: 0.20905621875136973.
2026-06-01 15:59:47 | INFO | Trial 145 | outer=4 | alpha=1.368e+05 n_pcs=2500 (pc_topk) weight={'name': 'pc_logistic', 'floor': 1e-06, 'clip_max': 1.5, 'prob_clip': 0.009660447819855473, 'n_components': 80, 'logistic_c': 0.02091732879826592, 'pca_fit': 'combined', 'solver': 'lbfgs', 'max_iter': 2000, 'fit_intercept': True, 'standardize_with_source': True, 'rho': 0.5}
[I 2026-06-01 16:00:01,900] Trial 145 finished with value: 0.2080213609613116 and parameters: {'alpha': 136837.48603947545, 'n_pcs': 2500, 'iw_method': 'pc_logistic', 'iw_clip_max': 1.5, 'iw_prob_clip': 0.009660447819855473, 'iw_n_components': 80, 'iw_logistic_c': 0.02091732879826592, 'iw_pca_fit': 'combined', 'iw_solver': 'lbfgs', 'iw_rho': 0.5}. Best is trial 131 with value: 0.20905621875136973.
2026-06-01 16:00:01 | INFO | Trial 146 | outer=4 | alpha=1.373e+05 n_pcs=2000 (pc_topk) weight={'name': 'pc_logistic', 'floor': 1e-06, 'clip_max': 12.0, 'prob_clip': 0.009222067686988028, 'n_components': 80, 'logistic_c': 0.0685009429082224, 'pca_fit': 'combined', 'solver': 'lbfgs', 'max_iter': 2000, 'fit_intercept': True, 'standardize_with_source': True, 'rho': 0.5}
[I 2026-06-01 16:00:18,098] Trial 146 finished with value: 0.17941126057013668 and parameters: {'alpha': 137273.9104532837, 'n_pcs': 2000, 'iw_method': 'pc_logistic', 'iw_clip_max': 12.0, 'iw_prob_clip': 0.009222067686988028, 'iw_n_components': 80, 'iw_logistic_c': 0.0685009429082224, 'iw_pca_fit': 'combined', 'iw_solver': 'lbfgs', 'iw_rho': 0.5}. Best is trial 131 with value: 0.20905621875136973.
2026-06-01 16:00:18 | INFO | Trial 147 | outer=4 | alpha=1.428e+05 n_pcs=2000 (pc_topk) weight={'name': 'pc_logistic', 'floor': 1e-06, 'clip_max': 1.5, 'prob_clip': 0.007291776763459336, 'n_components': 80, 'logistic_c': 0.012443063488825996, 'pca_fit': 'combined', 'solver': 'lbfgs', 'max_iter': 2000, 'fit_intercept': True, 'standardize_with_source': True, 'rho': 0.5}
[I 2026-06-01 16:00:30,829] Trial 147 finished with value: 0.20876054281982764 and parameters: {'alpha': 142776.00130488764, 'n_pcs': 2000, 'iw_method': 'pc_logistic', 'iw_clip_max': 1.5, 'iw_prob_clip': 0.007291776763459336, 'iw_n_components': 80, 'iw_logistic_c': 0.012443063488825996, 'iw_pca_fit': 'combined', 'iw_solver': 'lbfgs', 'iw_rho': 0.5}. Best is trial 131 with value: 0.20905621875136973.
2026-06-01 16:00:30 | INFO | Trial 148 | outer=4 | alpha=1.410e+05 n_pcs=2000 (pc_topk) weight={'name': 'pc_logistic', 'floor': 1e-06, 'clip_max': 1.5, 'prob_clip': 0.005534417810675607, 'n_components': 80, 'logistic_c': 0.006795990641648669, 'pca_fit': 'combined', 'solver': 'lbfgs', 'max_iter': 2000, 'fit_intercept': True, 'standardize_with_source': True, 'rho': 0.5}
[I 2026-06-01 16:00:42,429] Trial 148 finished with value: 0.20935142095694775 and parameters: {'alpha': 140993.50680826936, 'n_pcs': 2000, 'iw_method': 'pc_logistic', 'iw_clip_max': 1.5, 'iw_prob_clip': 0.005534417810675607, 'iw_n_components': 80, 'iw_logistic_c': 0.006795990641648669, 'iw_pca_fit': 'combined', 'iw_solver': 'lbfgs', 'iw_rho': 0.5}. Best is trial 148 with value: 0.20935142095694775.
2026-06-01 16:00:42 | INFO | Trial 149 | outer=4 | alpha=1.414e+05 n_pcs=2000 (pc_topk) weight={'name': 'pc_logistic', 'floor': 1e-06, 'clip_max': 1.5, 'prob_clip': 0.005795289202738078, 'n_components': 80, 'logistic_c': 0.007326241836540306, 'pca_fit': 'combined', 'solver': 'lbfgs', 'max_iter': 2000, 'fit_intercept': True, 'standardize_with_source': True, 'rho': 1.0}
[I 2026-06-01 16:00:53,249] Trial 149 finished with value: 0.19207501087888892 and parameters: {'alpha': 141433.24629215908, 'n_pcs': 2000, 'iw_method': 'pc_logistic', 'iw_clip_max': 1.5, 'iw_prob_clip': 0.005795289202738078, 'iw_n_components': 80, 'iw_logistic_c': 0.007326241836540306, 'iw_pca_fit': 'combined', 'iw_solver': 'lbfgs', 'iw_rho': 1.0}. Best is trial 148 with value: 0.20935142095694775.
2026-06-01 16:00:53 | INFO | Trial 150 | outer=4 | alpha=1.359e+05 n_pcs=1500 (pc_topk) weight={'name': 'pc_logistic', 'floor': 1e-06, 'clip_max': 1.5, 'prob_clip': 0.006185474412761549, 'n_components': 80, 'logistic_c': 0.006479646799003792, 'pca_fit': 'combined', 'solver': 'lbfgs', 'max_iter': 2000, 'fit_intercept': True, 'standardize_with_source': True, 'rho': 0.85}
[I 2026-06-01 16:01:06,900] Trial 150 finished with value: 0.20203077182817405 and parameters: {'alpha': 135891.74402733915, 'n_pcs': 1500, 'iw_method': 'pc_logistic', 'iw_clip_max': 1.5, 'iw_prob_clip': 0.006185474412761549, 'iw_n_components': 80, 'iw_logistic_c': 0.006479646799003792, 'iw_pca_fit': 'combined', 'iw_solver': 'lbfgs', 'iw_rho': 0.85}. Best is trial 148 with value: 0.20935142095694775.
2026-06-01 16:01:06 | INFO | Trial 151 | outer=4 | alpha=9.749e+04 n_pcs=2500 (pc_topk) weight={'name': 'pc_logistic', 'floor': 1e-06, 'clip_max': 1.5, 'prob_clip': 0.00848404439691499, 'n_components': 80, 'logistic_c': 0.03529828207843725, 'pca_fit': 'combined', 'solver': 'lbfgs', 'max_iter': 2000, 'fit_intercept': True, 'standardize_with_source': True, 'rho': 0.5}
[I 2026-06-01 16:01:21,489] Trial 151 finished with value: 0.20800376663125367 and parameters: {'alpha': 97493.3909872785, 'n_pcs': 2500, 'iw_method': 'pc_logistic', 'iw_clip_max': 1.5, 'iw_prob_clip': 0.00848404439691499, 'iw_n_components': 80, 'iw_logistic_c': 0.03529828207843725, 'iw_pca_fit': 'combined', 'iw_solver': 'lbfgs', 'iw_rho': 0.5}. Best is trial 148 with value: 0.20935142095694775.
2026-06-01 16:01:21 | INFO | Trial 152 | outer=4 | alpha=1.269e+05 n_pcs=2000 (pc_topk) weight={'name': 'pc_logistic', 'floor': 1e-06, 'clip_max': 1.5, 'prob_clip': 0.008171028128077537, 'n_components': 80, 'logistic_c': 0.03893451677320543, 'pca_fit': 'combined', 'solver': 'lbfgs', 'max_iter': 2000, 'fit_intercept': True, 'standardize_with_source': True, 'rho': 0.5}
[I 2026-06-01 16:01:36,715] Trial 152 finished with value: 0.2082059205363776 and parameters: {'alpha': 126876.66144236401, 'n_pcs': 2000, 'iw_method': 'pc_logistic', 'iw_clip_max': 1.5, 'iw_prob_clip': 0.008171028128077537, 'iw_n_components': 80, 'iw_logistic_c': 0.03893451677320543, 'iw_pca_fit': 'combined', 'iw_solver': 'lbfgs', 'iw_rho': 0.5}. Best is trial 148 with value: 0.20935142095694775.
2026-06-01 16:01:36 | INFO | Trial 153 | outer=4 | alpha=6.019e+04 n_pcs=2000 (pc_topk) weight={'name': 'pc_logistic', 'floor': 1e-06, 'clip_max': 1.5, 'prob_clip': 0.008679982499657204, 'n_components': 80, 'logistic_c': 0.25041015862119465, 'pca_fit': 'combined', 'solver': 'lbfgs', 'max_iter': 2000, 'fit_intercept': True, 'standardize_with_source': True, 'rho': 0.5}
[I 2026-06-01 16:01:53,233] Trial 153 finished with value: 0.20483097428822172 and parameters: {'alpha': 60189.722905614515, 'n_pcs': 2000, 'iw_method': 'pc_logistic', 'iw_clip_max': 1.5, 'iw_prob_clip': 0.008679982499657204, 'iw_n_components': 80, 'iw_logistic_c': 0.25041015862119465, 'iw_pca_fit': 'combined', 'iw_solver': 'lbfgs', 'iw_rho': 0.5}. Best is trial 148 with value: 0.20935142095694775.
2026-06-01 16:01:53 | INFO | Trial 154 | outer=4 | alpha=1.503e+05 n_pcs=2000 (pc_topk) weight={'name': 'pc_logistic', 'floor': 1e-06, 'clip_max': 1.5, 'prob_clip': 0.007019346743213104, 'n_components': 80, 'logistic_c': 0.04203216505415359, 'pca_fit': 'combined', 'solver': 'lbfgs', 'max_iter': 2000, 'fit_intercept': True, 'standardize_with_source': True, 'rho': 0.5}
[I 2026-06-01 16:02:07,627] Trial 154 finished with value: 0.20837610703901696 and parameters: {'alpha': 150262.48934924565, 'n_pcs': 2000, 'iw_method': 'pc_logistic', 'iw_clip_max': 1.5, 'iw_prob_clip': 0.007019346743213104, 'iw_n_components': 80, 'iw_logistic_c': 0.04203216505415359, 'iw_pca_fit': 'combined', 'iw_solver': 'lbfgs', 'iw_rho': 0.5}. Best is trial 148 with value: 0.20935142095694775.
2026-06-01 16:02:07 | INFO | Trial 155 | outer=4 | alpha=1.525e+05 n_pcs=2000 (pc_topk) weight={'name': 'pc_logistic', 'floor': 1e-06, 'clip_max': 1.5, 'prob_clip': 0.007336177209180072, 'n_components': 10, 'logistic_c': 0.005816171392136555, 'pca_fit': 'combined', 'solver': 'lbfgs', 'max_iter': 2000, 'fit_intercept': True, 'standardize_with_source': True, 'rho': 0.5}
[I 2026-06-01 16:02:16,821] Trial 155 finished with value: 0.20539963031418443 and parameters: {'alpha': 152462.4049782239, 'n_pcs': 2000, 'iw_method': 'pc_logistic', 'iw_clip_max': 1.5, 'iw_prob_clip': 0.007336177209180072, 'iw_n_components': 10, 'iw_logistic_c': 0.005816171392136555, 'iw_pca_fit': 'combined', 'iw_solver': 'lbfgs', 'iw_rho': 0.5}. Best is trial 148 with value: 0.20935142095694775.
2026-06-01 16:02:16 | INFO | Trial 156 | outer=4 | alpha=1.342e+05 n_pcs=2000 (pc_topk) weight={'name': 'pc_logistic', 'floor': 1e-06, 'clip_max': 1.5, 'prob_clip': 0.010582462687830581, 'n_components': 20, 'logistic_c': 0.0613548740062801, 'pca_fit': 'combined', 'solver': 'lbfgs', 'max_iter': 2000, 'fit_intercept': True, 'standardize_with_source': True, 'rho': 0.5}
[I 2026-06-01 16:02:28,348] Trial 156 finished with value: 0.20964784202550296 and parameters: {'alpha': 134209.99744271208, 'n_pcs': 2000, 'iw_method': 'pc_logistic', 'iw_clip_max': 1.5, 'iw_prob_clip': 0.010582462687830581, 'iw_n_components': 20, 'iw_logistic_c': 0.0613548740062801, 'iw_pca_fit': 'combined', 'iw_solver': 'lbfgs', 'iw_rho': 0.5}. Best is trial 156 with value: 0.20964784202550296.
2026-06-01 16:02:28 | INFO | Trial 157 | outer=4 | alpha=2.253e+05 n_pcs=2000 (pc_topk) weight={'name': 'pc_logistic', 'floor': 1e-06, 'clip_max': 2.5, 'prob_clip': 0.004796277664150176, 'n_components': 20, 'logistic_c': 0.15505513514934782, 'pca_fit': 'combined', 'solver': 'lbfgs', 'max_iter': 2000, 'fit_intercept': True, 'standardize_with_source': True, 'rho': 0.7}
[I 2026-06-01 16:02:38,848] Trial 157 finished with value: 0.20739537871965844 and parameters: {'alpha': 225334.46039959136, 'n_pcs': 2000, 'iw_method': 'pc_logistic', 'iw_clip_max': 2.5, 'iw_prob_clip': 0.004796277664150176, 'iw_n_components': 20, 'iw_logistic_c': 0.15505513514934782, 'iw_pca_fit': 'combined', 'iw_solver': 'lbfgs', 'iw_rho': 0.7}. Best is trial 156 with value: 0.20964784202550296.
2026-06-01 16:02:38 | INFO | Trial 158 | outer=4 | alpha=1.240e+05 n_pcs=2000 (pc_topk) weight={'name': 'pc_logistic', 'floor': 1e-06, 'clip_max': 4.0, 'prob_clip': 0.010905810760584465, 'n_components': 20, 'logistic_c': 0.059858131095391336, 'pca_fit': 'combined', 'solver': 'lbfgs', 'max_iter': 2000, 'fit_intercept': True, 'standardize_with_source': True, 'rho': 0.3}
[I 2026-06-01 16:02:49,934] Trial 158 finished with value: 0.2037927648415272 and parameters: {'alpha': 124017.738189239, 'n_pcs': 2000, 'iw_method': 'pc_logistic', 'iw_clip_max': 4.0, 'iw_prob_clip': 0.010905810760584465, 'iw_n_components': 20, 'iw_logistic_c': 0.059858131095391336, 'iw_pca_fit': 'combined', 'iw_solver': 'lbfgs', 'iw_rho': 0.3}. Best is trial 156 with value: 0.20964784202550296.
2026-06-01 16:02:49 | INFO | Trial 159 | outer=4 | alpha=1.535e+05 n_pcs=1500 (pc_topk) weight={'name': 'pc_logistic', 'floor': 1e-06, 'clip_max': 1.5, 'prob_clip': 0.006852407545383012, 'n_components': 40, 'logistic_c': 0.008086767564578457, 'pca_fit': 'combined', 'solver': 'lbfgs', 'max_iter': 2000, 'fit_intercept': True, 'standardize_with_source': True, 'rho': 0.5}
[I 2026-06-01 16:03:00,934] Trial 159 finished with value: 0.20201712791523377 and parameters: {'alpha': 153497.76900397523, 'n_pcs': 1500, 'iw_method': 'pc_logistic', 'iw_clip_max': 1.5, 'iw_prob_clip': 0.006852407545383012, 'iw_n_components': 40, 'iw_logistic_c': 0.008086767564578457, 'iw_pca_fit': 'combined', 'iw_solver': 'lbfgs', 'iw_rho': 0.5}. Best is trial 156 with value: 0.20964784202550296.
2026-06-01 16:03:00 | INFO | Trial 160 | outer=4 | alpha=9.376e+04 n_pcs=2000 (pc_topk) weight={'name': 'pc_logistic', 'floor': 1e-06, 'clip_max': 1.5, 'prob_clip': 0.015594985356220394, 'n_components': 60, 'logistic_c': 0.03736163554988605, 'pca_fit': 'combined', 'solver': 'lbfgs', 'max_iter': 2000, 'fit_intercept': True, 'standardize_with_source': True, 'rho': 0.5}
[I 2026-06-01 16:03:15,811] Trial 160 finished with value: 0.20629243350017412 and parameters: {'alpha': 93764.56841462957, 'n_pcs': 2000, 'iw_method': 'pc_logistic', 'iw_clip_max': 1.5, 'iw_prob_clip': 0.015594985356220394, 'iw_n_components': 60, 'iw_logistic_c': 0.03736163554988605, 'iw_pca_fit': 'combined', 'iw_solver': 'lbfgs', 'iw_rho': 0.5}. Best is trial 156 with value: 0.20964784202550296.
2026-06-01 16:03:15 | INFO | Trial 161 | outer=4 | alpha=1.252e+05 n_pcs=2500 (pc_topk) weight={'name': 'pc_logistic', 'floor': 1e-06, 'clip_max': 1.5, 'prob_clip': 0.0101209298131995, 'n_components': 80, 'logistic_c': 0.005589139226245729, 'pca_fit': 'combined', 'solver': 'lbfgs', 'max_iter': 2000, 'fit_intercept': True, 'standardize_with_source': True, 'rho': 0.5}
[I 2026-06-01 16:03:27,541] Trial 161 finished with value: 0.2084833007445132 and parameters: {'alpha': 125193.56036398413, 'n_pcs': 2500, 'iw_method': 'pc_logistic', 'iw_clip_max': 1.5, 'iw_prob_clip': 0.0101209298131995, 'iw_n_components': 80, 'iw_logistic_c': 0.005589139226245729, 'iw_pca_fit': 'combined', 'iw_solver': 'lbfgs', 'iw_rho': 0.5}. Best is trial 156 with value: 0.20964784202550296.
2026-06-01 16:03:27 | INFO | Trial 162 | outer=4 | alpha=1.246e+05 n_pcs=2000 (pc_topk) weight={'name': 'pc_logistic', 'floor': 1e-06, 'clip_max': 1.5, 'prob_clip': 0.010696918591183678, 'n_components': 80, 'logistic_c': 0.005102617091726506, 'pca_fit': 'combined', 'solver': 'lbfgs', 'max_iter': 2000, 'fit_intercept': True, 'standardize_with_source': True, 'rho': 0.5}
[I 2026-06-01 16:03:39,426] Trial 162 finished with value: 0.20823211188135837 and parameters: {'alpha': 124580.97838914908, 'n_pcs': 2000, 'iw_method': 'pc_logistic', 'iw_clip_max': 1.5, 'iw_prob_clip': 0.010696918591183678, 'iw_n_components': 80, 'iw_logistic_c': 0.005102617091726506, 'iw_pca_fit': 'combined', 'iw_solver': 'lbfgs', 'iw_rho': 0.5}. Best is trial 156 with value: 0.20964784202550296.
2026-06-01 16:03:39 | INFO | Trial 163 | outer=4 | alpha=1.575e+05 n_pcs=1500 (pc_topk) weight={'name': 'pc_logistic', 'floor': 1e-06, 'clip_max': 1.5, 'prob_clip': 0.01170386597487963, 'n_components': 80, 'logistic_c': 0.005364741785300359, 'pca_fit': 'combined', 'solver': 'lbfgs', 'max_iter': 2000, 'fit_intercept': True, 'standardize_with_source': True, 'rho': 0.5}
[I 2026-06-01 16:03:52,016] Trial 163 finished with value: 0.20191659540301793 and parameters: {'alpha': 157521.05521584692, 'n_pcs': 1500, 'iw_method': 'pc_logistic', 'iw_clip_max': 1.5, 'iw_prob_clip': 0.01170386597487963, 'iw_n_components': 80, 'iw_logistic_c': 0.005364741785300359, 'iw_pca_fit': 'combined', 'iw_solver': 'lbfgs', 'iw_rho': 0.5}. Best is trial 156 with value: 0.20964784202550296.
2026-06-01 16:03:52 | INFO | Trial 164 | outer=4 | alpha=2.079e+05 n_pcs=2000 (pc_topk) weight={'name': 'pc_logistic', 'floor': 1e-06, 'clip_max': 1.5, 'prob_clip': 0.01521300660877652, 'n_components': 20, 'logistic_c': 0.005148789631185769, 'pca_fit': 'combined', 'solver': 'lbfgs', 'max_iter': 2000, 'fit_intercept': True, 'standardize_with_source': True, 'rho': 0.5}
[I 2026-06-01 16:04:03,446] Trial 164 finished with value: 0.20957145667023352 and parameters: {'alpha': 207873.61469541708, 'n_pcs': 2000, 'iw_method': 'pc_logistic', 'iw_clip_max': 1.5, 'iw_prob_clip': 0.01521300660877652, 'iw_n_components': 20, 'iw_logistic_c': 0.005148789631185769, 'iw_pca_fit': 'combined', 'iw_solver': 'lbfgs', 'iw_rho': 0.5}. Best is trial 156 with value: 0.20964784202550296.
2026-06-01 16:04:03 | INFO | Trial 165 | outer=4 | alpha=2.706e+05 n_pcs=2000 (pc_topk) weight={'name': 'pc_logistic', 'floor': 1e-06, 'clip_max': 1.5, 'prob_clip': 0.015809434443038874, 'n_components': 20, 'logistic_c': 0.005334805680051414, 'pca_fit': 'combined', 'solver': 'lbfgs', 'max_iter': 2000, 'fit_intercept': True, 'standardize_with_source': True, 'rho': 0.5}
[I 2026-06-01 16:04:13,400] Trial 165 finished with value: 0.20880594393329174 and parameters: {'alpha': 270644.71176763606, 'n_pcs': 2000, 'iw_method': 'pc_logistic', 'iw_clip_max': 1.5, 'iw_prob_clip': 0.015809434443038874, 'iw_n_components': 20, 'iw_logistic_c': 0.005334805680051414, 'iw_pca_fit': 'combined', 'iw_solver': 'lbfgs', 'iw_rho': 0.5}. Best is trial 156 with value: 0.20964784202550296.
2026-06-01 16:04:13 | INFO | Trial 166 | outer=4 | alpha=3.004e+05 n_pcs=2000 (pc_topk) weight={'name': 'pc_logistic', 'floor': 1e-06, 'clip_max': 1.5, 'prob_clip': 0.01548000283463954, 'n_components': 20, 'logistic_c': 0.009860896216290703, 'pca_fit': 'combined', 'solver': 'lbfgs', 'max_iter': 2000, 'fit_intercept': True, 'standardize_with_source': True, 'rho': 0.5}
[I 2026-06-01 16:04:23,820] Trial 166 finished with value: 0.2085620132167461 and parameters: {'alpha': 300434.83486667625, 'n_pcs': 2000, 'iw_method': 'pc_logistic', 'iw_clip_max': 1.5, 'iw_prob_clip': 0.01548000283463954, 'iw_n_components': 20, 'iw_logistic_c': 0.009860896216290703, 'iw_pca_fit': 'combined', 'iw_solver': 'lbfgs', 'iw_rho': 0.5}. Best is trial 156 with value: 0.20964784202550296.
2026-06-01 16:04:23 | INFO | Trial 167 | outer=4 | alpha=3.184e+05 n_pcs=3000 (pc_topk) weight={'name': 'pc_logistic', 'floor': 1e-06, 'clip_max': 1.5, 'prob_clip': 0.015589015913549567, 'n_components': 20, 'logistic_c': 0.010088858273299762, 'pca_fit': 'combined', 'solver': 'lbfgs', 'max_iter': 2000, 'fit_intercept': True, 'standardize_with_source': True, 'rho': 0.5}
[I 2026-06-01 16:04:34,315] Trial 167 finished with value: 0.2041901700127275 and parameters: {'alpha': 318446.96397433843, 'n_pcs': 3000, 'iw_method': 'pc_logistic', 'iw_clip_max': 1.5, 'iw_prob_clip': 0.015589015913549567, 'iw_n_components': 20, 'iw_logistic_c': 0.010088858273299762, 'iw_pca_fit': 'combined', 'iw_solver': 'lbfgs', 'iw_rho': 0.5}. Best is trial 156 with value: 0.20964784202550296.
2026-06-01 16:04:34 | INFO | Trial 168 | outer=4 | alpha=3.686e+05 n_pcs=2000 (pc_topk) weight={'name': 'pc_logistic', 'floor': 1e-06, 'clip_max': 12.0, 'prob_clip': 0.015365613817669266, 'n_components': 20, 'logistic_c': 0.005249848255407516, 'pca_fit': 'combined', 'solver': 'lbfgs', 'max_iter': 2000, 'fit_intercept': True, 'standardize_with_source': True, 'rho': 0.5}
[I 2026-06-01 16:04:43,971] Trial 168 finished with value: 0.17474994951889633 and parameters: {'alpha': 368633.52264099283, 'n_pcs': 2000, 'iw_method': 'pc_logistic', 'iw_clip_max': 12.0, 'iw_prob_clip': 0.015365613817669266, 'iw_n_components': 20, 'iw_logistic_c': 0.005249848255407516, 'iw_pca_fit': 'combined', 'iw_solver': 'lbfgs', 'iw_rho': 0.5}. Best is trial 156 with value: 0.20964784202550296.
2026-06-01 16:04:43 | INFO | Trial 169 | outer=4 | alpha=2.716e+05 n_pcs=2000 (pc_topk) weight={'name': 'pc_logistic', 'floor': 1e-06, 'clip_max': 7.0, 'prob_clip': 0.014896816808554435, 'n_components': 20, 'logistic_c': 0.010146067872963679, 'pca_fit': 'combined', 'solver': 'lbfgs', 'max_iter': 2000, 'fit_intercept': True, 'standardize_with_source': True, 'rho': 0.5}
[I 2026-06-01 16:04:53,898] Trial 169 finished with value: 0.19027757615785995 and parameters: {'alpha': 271610.8727662976, 'n_pcs': 2000, 'iw_method': 'pc_logistic', 'iw_clip_max': 7.0, 'iw_prob_clip': 0.014896816808554435, 'iw_n_components': 20, 'iw_logistic_c': 0.010146067872963679, 'iw_pca_fit': 'combined', 'iw_solver': 'lbfgs', 'iw_rho': 0.5}. Best is trial 156 with value: 0.20964784202550296.
2026-06-01 16:04:53 | INFO | Trial 170 | outer=4 | alpha=2.061e+05 n_pcs=1500 (pc_topk) weight={'name': 'pc_logistic', 'floor': 1e-06, 'clip_max': 1.5, 'prob_clip': 0.010880480696136192, 'n_components': 20, 'logistic_c': 0.004052942415768809, 'pca_fit': 'combined', 'solver': 'lbfgs', 'max_iter': 2000, 'fit_intercept': True, 'standardize_with_source': True, 'rho': 0.5}
[I 2026-06-01 16:05:04,270] Trial 170 finished with value: 0.20403211637722332 and parameters: {'alpha': 206050.5844883923, 'n_pcs': 1500, 'iw_method': 'pc_logistic', 'iw_clip_max': 1.5, 'iw_prob_clip': 0.010880480696136192, 'iw_n_components': 20, 'iw_logistic_c': 0.004052942415768809, 'iw_pca_fit': 'combined', 'iw_solver': 'lbfgs', 'iw_rho': 0.5}. Best is trial 156 with value: 0.20964784202550296.
2026-06-01 16:05:04 | INFO | Trial 171 | outer=4 | alpha=2.520e+05 n_pcs=2000 (pc_topk) weight={'name': 'pc_logistic', 'floor': 1e-06, 'clip_max': 1.5, 'prob_clip': 0.006551355338674034, 'n_components': 20, 'logistic_c': 0.012522151906978248, 'pca_fit': 'combined', 'solver': 'lbfgs', 'max_iter': 2000, 'fit_intercept': True, 'standardize_with_source': True, 'rho': 0.5}
[I 2026-06-01 16:05:14,740] Trial 171 finished with value: 0.20831086347210634 and parameters: {'alpha': 252017.77881850844, 'n_pcs': 2000, 'iw_method': 'pc_logistic', 'iw_clip_max': 1.5, 'iw_prob_clip': 0.006551355338674034, 'iw_n_components': 20, 'iw_logistic_c': 0.012522151906978248, 'iw_pca_fit': 'combined', 'iw_solver': 'lbfgs', 'iw_rho': 0.5}. Best is trial 156 with value: 0.20964784202550296.
2026-06-01 16:05:14 | INFO | Trial 172 | outer=4 | alpha=1.857e+05 n_pcs=2000 (pc_topk) weight={'name': 'pc_logistic', 'floor': 1e-06, 'clip_max': 1.5, 'prob_clip': 0.02177314456434288, 'n_components': 20, 'logistic_c': 0.00858360610223038, 'pca_fit': 'combined', 'solver': 'lbfgs', 'max_iter': 2000, 'fit_intercept': True, 'standardize_with_source': True, 'rho': 0.5}
[I 2026-06-01 16:05:23,636] Trial 172 finished with value: 0.21062836054844475 and parameters: {'alpha': 185668.23948086682, 'n_pcs': 2000, 'iw_method': 'pc_logistic', 'iw_clip_max': 1.5, 'iw_prob_clip': 0.02177314456434288, 'iw_n_components': 20, 'iw_logistic_c': 0.00858360610223038, 'iw_pca_fit': 'combined', 'iw_solver': 'lbfgs', 'iw_rho': 0.5}. Best is trial 172 with value: 0.21062836054844475.
2026-06-01 16:05:23 | INFO | Trial 173 | outer=4 | alpha=6.119e+05 n_pcs=2500 (pc_topk) weight={'name': 'pc_logistic', 'floor': 1e-06, 'clip_max': 1.5, 'prob_clip': 0.022207142025058937, 'n_components': 20, 'logistic_c': 0.008055047227530641, 'pca_fit': 'combined', 'solver': 'lbfgs', 'max_iter': 2000, 'fit_intercept': True, 'standardize_with_source': True, 'rho': 0.5}
[I 2026-06-01 16:05:33,469] Trial 173 finished with value: 0.20492347067540786 and parameters: {'alpha': 611945.0281159141, 'n_pcs': 2500, 'iw_method': 'pc_logistic', 'iw_clip_max': 1.5, 'iw_prob_clip': 0.022207142025058937, 'iw_n_components': 20, 'iw_logistic_c': 0.008055047227530641, 'iw_pca_fit': 'combined', 'iw_solver': 'lbfgs', 'iw_rho': 0.5}. Best is trial 172 with value: 0.21062836054844475.
2026-06-01 16:05:33 | INFO | Trial 174 | outer=4 | alpha=2.804e+06 n_pcs=2000 (pc_topk) weight={'name': 'pc_logistic', 'floor': 1e-06, 'clip_max': 1.5, 'prob_clip': 0.016371539796378624, 'n_components': 20, 'logistic_c': 0.0013117612882346187, 'pca_fit': 'combined', 'solver': 'lbfgs', 'max_iter': 2000, 'fit_intercept': True, 'standardize_with_source': True, 'rho': 0.5}
[I 2026-06-01 16:05:42,692] Trial 174 finished with value: 0.19840771612652924 and parameters: {'alpha': 2803565.8456042106, 'n_pcs': 2000, 'iw_method': 'pc_logistic', 'iw_clip_max': 1.5, 'iw_prob_clip': 0.016371539796378624, 'iw_n_components': 20, 'iw_logistic_c': 0.0013117612882346187, 'iw_pca_fit': 'combined', 'iw_solver': 'lbfgs', 'iw_rho': 0.5}. Best is trial 172 with value: 0.21062836054844475.
2026-06-01 16:05:42 | INFO | Trial 175 | outer=4 | alpha=2.080e+05 n_pcs=2500 (pc_topk) weight={'name': 'pc_logistic', 'floor': 1e-06, 'clip_max': 1.5, 'prob_clip': 0.021207416968833784, 'n_components': 20, 'logistic_c': 0.00395595852526514, 'pca_fit': 'combined', 'solver': 'lbfgs', 'max_iter': 2000, 'fit_intercept': True, 'standardize_with_source': True, 'rho': 0.5}
[I 2026-06-01 16:05:53,654] Trial 175 finished with value: 0.20982434154388616 and parameters: {'alpha': 207977.74115933702, 'n_pcs': 2500, 'iw_method': 'pc_logistic', 'iw_clip_max': 1.5, 'iw_prob_clip': 0.021207416968833784, 'iw_n_components': 20, 'iw_logistic_c': 0.00395595852526514, 'iw_pca_fit': 'combined', 'iw_solver': 'lbfgs', 'iw_rho': 0.5}. Best is trial 172 with value: 0.21062836054844475.
2026-06-01 16:05:53 | INFO | Trial 176 | outer=4 | alpha=4.877e+05 n_pcs=2000 (pc_topk) weight={'name': 'pc_logistic', 'floor': 1e-06, 'clip_max': 1.5, 'prob_clip': 0.02130680408950192, 'n_components': 20, 'logistic_c': 0.0036371716917143236, 'pca_fit': 'combined', 'solver': 'lbfgs', 'max_iter': 2000, 'fit_intercept': True, 'standardize_with_source': True, 'rho': 0.85}
[I 2026-06-01 16:06:03,679] Trial 176 finished with value: 0.20713563062564236 and parameters: {'alpha': 487653.0323844919, 'n_pcs': 2000, 'iw_method': 'pc_logistic', 'iw_clip_max': 1.5, 'iw_prob_clip': 0.02130680408950192, 'iw_n_components': 20, 'iw_logistic_c': 0.0036371716917143236, 'iw_pca_fit': 'combined', 'iw_solver': 'lbfgs', 'iw_rho': 0.85}. Best is trial 172 with value: 0.21062836054844475.
2026-06-01 16:06:03 | INFO | Trial 177 | outer=4 | alpha=2.078e+05 n_pcs=2000 (pc_topk) weight={'name': 'pc_logistic', 'floor': 1e-06, 'clip_max': 1.5, 'prob_clip': 0.0036238041989147527, 'n_components': 20, 'logistic_c': 0.003995850345828613, 'pca_fit': 'combined', 'solver': 'lbfgs', 'max_iter': 2000, 'fit_intercept': True, 'standardize_with_source': True, 'rho': 0.5}
[I 2026-06-01 16:06:13,335] Trial 177 finished with value: 0.20922934196545345 and parameters: {'alpha': 207811.41473097377, 'n_pcs': 2000, 'iw_method': 'pc_logistic', 'iw_clip_max': 1.5, 'iw_prob_clip': 0.0036238041989147527, 'iw_n_components': 20, 'iw_logistic_c': 0.003995850345828613, 'iw_pca_fit': 'combined', 'iw_solver': 'lbfgs', 'iw_rho': 0.5}. Best is trial 172 with value: 0.21062836054844475.
2026-06-01 16:06:13 | INFO | Trial 178 | outer=4 | alpha=3.013e+05 n_pcs=2500 (pc_topk) weight={'name': 'pc_logistic', 'floor': 1e-06, 'clip_max': 1.5, 'prob_clip': 0.003848382812697045, 'n_components': 20, 'logistic_c': 0.004091837603627463, 'pca_fit': 'combined', 'solver': 'lbfgs', 'max_iter': 2000, 'fit_intercept': True, 'standardize_with_source': True, 'rho': 0.5}
[I 2026-06-01 16:06:24,795] Trial 178 finished with value: 0.20771753688080752 and parameters: {'alpha': 301274.24227512116, 'n_pcs': 2500, 'iw_method': 'pc_logistic', 'iw_clip_max': 1.5, 'iw_prob_clip': 0.003848382812697045, 'iw_n_components': 20, 'iw_logistic_c': 0.004091837603627463, 'iw_pca_fit': 'combined', 'iw_solver': 'lbfgs', 'iw_rho': 0.5}. Best is trial 172 with value: 0.21062836054844475.
2026-06-01 16:06:24 | INFO | Trial 179 | outer=4 | alpha=2.178e+05 n_pcs=2000 (pc_topk) weight={'name': 'pc_logistic', 'floor': 1e-06, 'clip_max': 1.5, 'prob_clip': 0.005144455818198726, 'n_components': 20, 'logistic_c': 0.026790905157294452, 'pca_fit': 'combined', 'solver': 'lbfgs', 'max_iter': 2000, 'fit_intercept': True, 'standardize_with_source': True, 'rho': 0.5}
[I 2026-06-01 16:06:36,241] Trial 179 finished with value: 0.2090937254905018 and parameters: {'alpha': 217844.57889205794, 'n_pcs': 2000, 'iw_method': 'pc_logistic', 'iw_clip_max': 1.5, 'iw_prob_clip': 0.005144455818198726, 'iw_n_components': 20, 'iw_logistic_c': 0.026790905157294452, 'iw_pca_fit': 'combined', 'iw_solver': 'lbfgs', 'iw_rho': 0.5}. Best is trial 172 with value: 0.21062836054844475.
2026-06-01 16:06:36 | INFO | Trial 180 | outer=4 | alpha=2.117e+05 n_pcs=2000 (pc_topk) weight={'name': 'pc_logistic', 'floor': 1e-06, 'clip_max': 1.5, 'prob_clip': 0.00433677687814541, 'n_components': 20, 'logistic_c': 0.026119806823867702, 'pca_fit': 'combined', 'solver': 'lbfgs', 'max_iter': 2000, 'fit_intercept': True, 'standardize_with_source': True, 'rho': 0.5}
[I 2026-06-01 16:06:46,235] Trial 180 finished with value: 0.20934276799846216 and parameters: {'alpha': 211738.9749703084, 'n_pcs': 2000, 'iw_method': 'pc_logistic', 'iw_clip_max': 1.5, 'iw_prob_clip': 0.00433677687814541, 'iw_n_components': 20, 'iw_logistic_c': 0.026119806823867702, 'iw_pca_fit': 'combined', 'iw_solver': 'lbfgs', 'iw_rho': 0.5}. Best is trial 172 with value: 0.21062836054844475.
2026-06-01 16:06:46 | INFO | Trial 181 | outer=4 | alpha=2.192e+05 n_pcs=2000 (pc_topk) weight={'name': 'pc_logistic', 'floor': 1e-06, 'clip_max': 1.5, 'prob_clip': 0.003497104152053583, 'n_components': 20, 'logistic_c': 0.027597294496818057, 'pca_fit': 'combined', 'solver': 'lbfgs', 'max_iter': 2000, 'fit_intercept': True, 'standardize_with_source': True, 'rho': 0.5}
[I 2026-06-01 16:06:57,011] Trial 181 finished with value: 0.20955462292240962 and parameters: {'alpha': 219249.09764630985, 'n_pcs': 2000, 'iw_method': 'pc_logistic', 'iw_clip_max': 1.5, 'iw_prob_clip': 0.003497104152053583, 'iw_n_components': 20, 'iw_logistic_c': 0.027597294496818057, 'iw_pca_fit': 'combined', 'iw_solver': 'lbfgs', 'iw_rho': 0.5}. Best is trial 172 with value: 0.21062836054844475.
2026-06-01 16:06:57 | INFO | Trial 182 | outer=4 | alpha=2.219e+05 n_pcs=2000 (pc_topk) weight={'name': 'pc_logistic', 'floor': 1e-06, 'clip_max': 1.5, 'prob_clip': 0.003331380015902108, 'n_components': 20, 'logistic_c': 0.02733948325418672, 'pca_fit': 'combined', 'solver': 'lbfgs', 'max_iter': 2000, 'fit_intercept': True, 'standardize_with_source': True, 'rho': 0.5}
[I 2026-06-01 16:07:08,342] Trial 182 finished with value: 0.20959073333048112 and parameters: {'alpha': 221906.9530561328, 'n_pcs': 2000, 'iw_method': 'pc_logistic', 'iw_clip_max': 1.5, 'iw_prob_clip': 0.003331380015902108, 'iw_n_components': 20, 'iw_logistic_c': 0.02733948325418672, 'iw_pca_fit': 'combined', 'iw_solver': 'lbfgs', 'iw_rho': 0.5}. Best is trial 172 with value: 0.21062836054844475.
2026-06-01 16:07:08 | INFO | Trial 183 | outer=4 | alpha=2.174e+05 n_pcs=2000 (pc_topk) weight={'name': 'pc_logistic', 'floor': 1e-06, 'clip_max': 1.5, 'prob_clip': 0.003192112982947957, 'n_components': 20, 'logistic_c': 0.027626294136585853, 'pca_fit': 'combined', 'solver': 'lbfgs', 'max_iter': 2000, 'fit_intercept': True, 'standardize_with_source': True, 'rho': 0.5}
[I 2026-06-01 16:07:20,138] Trial 183 finished with value: 0.2096778470814213 and parameters: {'alpha': 217388.41423607222, 'n_pcs': 2000, 'iw_method': 'pc_logistic', 'iw_clip_max': 1.5, 'iw_prob_clip': 0.003192112982947957, 'iw_n_components': 20, 'iw_logistic_c': 0.027626294136585853, 'iw_pca_fit': 'combined', 'iw_solver': 'lbfgs', 'iw_rho': 0.5}. Best is trial 172 with value: 0.21062836054844475.
2026-06-01 16:07:20 | INFO | Trial 184 | outer=4 | alpha=4.105e+05 n_pcs=2000 (pc_topk) weight={'name': 'pc_logistic', 'floor': 1e-06, 'clip_max': 1.5, 'prob_clip': 0.002886407031497715, 'n_components': 20, 'logistic_c': 0.027960711262071985, 'pca_fit': 'combined', 'solver': 'lbfgs', 'max_iter': 2000, 'fit_intercept': True, 'standardize_with_source': True, 'rho': 0.5}
[I 2026-06-01 16:07:30,433] Trial 184 finished with value: 0.20777341811207103 and parameters: {'alpha': 410478.0027088494, 'n_pcs': 2000, 'iw_method': 'pc_logistic', 'iw_clip_max': 1.5, 'iw_prob_clip': 0.002886407031497715, 'iw_n_components': 20, 'iw_logistic_c': 0.027960711262071985, 'iw_pca_fit': 'combined', 'iw_solver': 'lbfgs', 'iw_rho': 0.5}. Best is trial 172 with value: 0.21062836054844475.
2026-06-01 16:07:30 | INFO | Trial 185 | outer=4 | alpha=2.234e+05 n_pcs=1500 (pc_topk) weight={'name': 'pc_logistic', 'floor': 1e-06, 'clip_max': 1.5, 'prob_clip': 0.0032952468358574643, 'n_components': 20, 'logistic_c': 0.07635635043328047, 'pca_fit': 'combined', 'solver': 'lbfgs', 'max_iter': 2000, 'fit_intercept': True, 'standardize_with_source': True, 'rho': 0.5}
[I 2026-06-01 16:07:41,699] Trial 185 finished with value: 0.20618267545662522 and parameters: {'alpha': 223419.22276341516, 'n_pcs': 1500, 'iw_method': 'pc_logistic', 'iw_clip_max': 1.5, 'iw_prob_clip': 0.0032952468358574643, 'iw_n_components': 20, 'iw_logistic_c': 0.07635635043328047, 'iw_pca_fit': 'combined', 'iw_solver': 'lbfgs', 'iw_rho': 0.5}. Best is trial 172 with value: 0.21062836054844475.
2026-06-01 16:07:41 | INFO | Trial 186 | outer=4 | alpha=3.015e+05 n_pcs=2000 (pc_topk) weight={'name': 'pc_logistic', 'floor': 1e-06, 'clip_max': 1.5, 'prob_clip': 0.002653805502771714, 'n_components': 20, 'logistic_c': 0.025102684848785858, 'pca_fit': 'combined', 'solver': 'lbfgs', 'max_iter': 2000, 'fit_intercept': True, 'standardize_with_source': True, 'rho': 0.5}
[I 2026-06-01 16:07:54,410] Trial 186 finished with value: 0.20904739616952991 and parameters: {'alpha': 301498.1482877612, 'n_pcs': 2000, 'iw_method': 'pc_logistic', 'iw_clip_max': 1.5, 'iw_prob_clip': 0.002653805502771714, 'iw_n_components': 20, 'iw_logistic_c': 0.025102684848785858, 'iw_pca_fit': 'combined', 'iw_solver': 'lbfgs', 'iw_rho': 0.5}. Best is trial 172 with value: 0.21062836054844475.
2026-06-01 16:07:54 | INFO | Trial 187 | outer=4 | alpha=3.388e+05 n_pcs=2000 (pc_topk) weight={'name': 'pc_logistic', 'floor': 1e-06, 'clip_max': 1.5, 'prob_clip': 0.002621738764868672, 'n_components': 20, 'logistic_c': 0.023446984972176003, 'pca_fit': 'combined', 'solver': 'lbfgs', 'max_iter': 2000, 'fit_intercept': True, 'standardize_with_source': True, 'rho': 0.5}
[I 2026-06-01 16:08:07,251] Trial 187 finished with value: 0.20866490914830535 and parameters: {'alpha': 338809.35000214976, 'n_pcs': 2000, 'iw_method': 'pc_logistic', 'iw_clip_max': 1.5, 'iw_prob_clip': 0.002621738764868672, 'iw_n_components': 20, 'iw_logistic_c': 0.023446984972176003, 'iw_pca_fit': 'combined', 'iw_solver': 'lbfgs', 'iw_rho': 0.5}. Best is trial 172 with value: 0.21062836054844475.
2026-06-01 16:08:07 | INFO | Trial 188 | outer=4 | alpha=3.409e+05 n_pcs=2000 (pc_topk) weight={'name': 'pc_logistic', 'floor': 1e-06, 'clip_max': 1.5, 'prob_clip': 0.0025435474241564788, 'n_components': 20, 'logistic_c': 0.024914321846450597, 'pca_fit': 'combined', 'solver': 'lbfgs', 'max_iter': 2000, 'fit_intercept': True, 'standardize_with_source': True, 'rho': 0.5}
[I 2026-06-01 16:08:18,713] Trial 188 finished with value: 0.20868241083822628 and parameters: {'alpha': 340884.2683362092, 'n_pcs': 2000, 'iw_method': 'pc_logistic', 'iw_clip_max': 1.5, 'iw_prob_clip': 0.0025435474241564788, 'iw_n_components': 20, 'iw_logistic_c': 0.024914321846450597, 'iw_pca_fit': 'combined', 'iw_solver': 'lbfgs', 'iw_rho': 0.5}. Best is trial 172 with value: 0.21062836054844475.
2026-06-01 16:08:18 | INFO | Trial 189 | outer=4 | alpha=3.861e+05 n_pcs=2000 (pc_topk) weight={'name': 'pc_logistic', 'floor': 1e-06, 'clip_max': 1.5, 'prob_clip': 0.0026657296642308647, 'n_components': 20, 'logistic_c': 0.02888620903175645, 'pca_fit': 'combined', 'solver': 'lbfgs', 'max_iter': 2000, 'fit_intercept': True, 'standardize_with_source': True, 'rho': 0.5}
[I 2026-06-01 16:08:32,012] Trial 189 finished with value: 0.2081341038534632 and parameters: {'alpha': 386106.8783708826, 'n_pcs': 2000, 'iw_method': 'pc_logistic', 'iw_clip_max': 1.5, 'iw_prob_clip': 0.0026657296642308647, 'iw_n_components': 20, 'iw_logistic_c': 0.02888620903175645, 'iw_pca_fit': 'combined', 'iw_solver': 'lbfgs', 'iw_rho': 0.5}. Best is trial 172 with value: 0.21062836054844475.
2026-06-01 16:08:32 | INFO | Trial 190 | outer=4 | alpha=7.470e+05 n_pcs=2000 (pc_topk) weight={'name': 'pc_logistic', 'floor': 1e-06, 'clip_max': 1.5, 'prob_clip': 0.0021535390431889, 'n_components': 20, 'logistic_c': 0.054905482281059625, 'pca_fit': 'combined', 'solver': 'lbfgs', 'max_iter': 2000, 'fit_intercept': True, 'standardize_with_source': True, 'rho': 1.0}
[I 2026-06-01 16:08:42,823] Trial 190 finished with value: 0.1977525265968229 and parameters: {'alpha': 746963.943136924, 'n_pcs': 2000, 'iw_method': 'pc_logistic', 'iw_clip_max': 1.5, 'iw_prob_clip': 0.0021535390431889, 'iw_n_components': 20, 'iw_logistic_c': 0.054905482281059625, 'iw_pca_fit': 'combined', 'iw_solver': 'lbfgs', 'iw_rho': 1.0}. Best is trial 172 with value: 0.21062836054844475.
2026-06-01 16:08:42 | INFO | Trial 191 | outer=4 | alpha=2.539e+05 n_pcs=2000 (pc_topk) weight={'name': 'pc_logistic', 'floor': 1e-06, 'clip_max': 1.5, 'prob_clip': 0.0023669783974860988, 'n_components': 20, 'logistic_c': 0.02134338764708018, 'pca_fit': 'combined', 'solver': 'lbfgs', 'max_iter': 2000, 'fit_intercept': True, 'standardize_with_source': True, 'rho': 0.5}
[I 2026-06-01 16:08:53,947] Trial 191 finished with value: 0.20971902492135 and parameters: {'alpha': 253870.52660410202, 'n_pcs': 2000, 'iw_method': 'pc_logistic', 'iw_clip_max': 1.5, 'iw_prob_clip': 0.0023669783974860988, 'iw_n_components': 20, 'iw_logistic_c': 0.02134338764708018, 'iw_pca_fit': 'combined', 'iw_solver': 'lbfgs', 'iw_rho': 0.5}. Best is trial 172 with value: 0.21062836054844475.
2026-06-01 16:08:53 | INFO | Trial 192 | outer=4 | alpha=3.303e+05 n_pcs=2000 (pc_topk) weight={'name': 'pc_logistic', 'floor': 1e-06, 'clip_max': 1.5, 'prob_clip': 0.0023944030164144915, 'n_components': 20, 'logistic_c': 0.13829350929210674, 'pca_fit': 'combined', 'solver': 'lbfgs', 'max_iter': 2000, 'fit_intercept': True, 'standardize_with_source': True, 'rho': 0.5}
[I 2026-06-01 16:09:05,868] Trial 192 finished with value: 0.20886029057609545 and parameters: {'alpha': 330348.64412739465, 'n_pcs': 2000, 'iw_method': 'pc_logistic', 'iw_clip_max': 1.5, 'iw_prob_clip': 0.0023944030164144915, 'iw_n_components': 20, 'iw_logistic_c': 0.13829350929210674, 'iw_pca_fit': 'combined', 'iw_solver': 'lbfgs', 'iw_rho': 0.5}. Best is trial 172 with value: 0.21062836054844475.
2026-06-01 16:09:05 | INFO | Trial 193 | outer=4 | alpha=3.362e+05 n_pcs=2000 (pc_topk) weight={'name': 'pc_logistic', 'floor': 1e-06, 'clip_max': 1.5, 'prob_clip': 0.002489596051500027, 'n_components': 20, 'logistic_c': 0.021901366671080613, 'pca_fit': 'combined', 'solver': 'lbfgs', 'max_iter': 2000, 'fit_intercept': True, 'standardize_with_source': True, 'rho': 0.5}
[I 2026-06-01 16:09:16,922] Trial 193 finished with value: 0.2087661788306055 and parameters: {'alpha': 336164.6633423131, 'n_pcs': 2000, 'iw_method': 'pc_logistic', 'iw_clip_max': 1.5, 'iw_prob_clip': 0.002489596051500027, 'iw_n_components': 20, 'iw_logistic_c': 0.021901366671080613, 'iw_pca_fit': 'combined', 'iw_solver': 'lbfgs', 'iw_rho': 0.5}. Best is trial 172 with value: 0.21062836054844475.
2026-06-01 16:09:16 | INFO | Trial 194 | outer=4 | alpha=2.693e+05 n_pcs=2000 (pc_topk) weight={'name': 'pc_logistic', 'floor': 1e-06, 'clip_max': 1.5, 'prob_clip': 0.0018919241468440945, 'n_components': 20, 'logistic_c': 0.025644681176387196, 'pca_fit': 'combined', 'solver': 'lbfgs', 'max_iter': 2000, 'fit_intercept': True, 'standardize_with_source': True, 'rho': 0.5}
[I 2026-06-01 16:09:27,225] Trial 194 finished with value: 0.2097950501032743 and parameters: {'alpha': 269283.2728659175, 'n_pcs': 2000, 'iw_method': 'pc_logistic', 'iw_clip_max': 1.5, 'iw_prob_clip': 0.0018919241468440945, 'iw_n_components': 20, 'iw_logistic_c': 0.025644681176387196, 'iw_pca_fit': 'combined', 'iw_solver': 'lbfgs', 'iw_rho': 0.5}. Best is trial 172 with value: 0.21062836054844475.
2026-06-01 16:09:27 | INFO | Trial 195 | outer=4 | alpha=2.610e+05 n_pcs=1500 (pc_topk) weight={'name': 'pc_logistic', 'floor': 1e-06, 'clip_max': 1.5, 'prob_clip': 0.0019923835178764144, 'n_components': 20, 'logistic_c': 0.14340338106433798, 'pca_fit': 'combined', 'solver': 'lbfgs', 'max_iter': 2000, 'fit_intercept': True, 'standardize_with_source': True, 'rho': 0.5}
[I 2026-06-01 16:09:39,010] Trial 195 finished with value: 0.20688975575645668 and parameters: {'alpha': 260973.92131267049, 'n_pcs': 1500, 'iw_method': 'pc_logistic', 'iw_clip_max': 1.5, 'iw_prob_clip': 0.0019923835178764144, 'iw_n_components': 20, 'iw_logistic_c': 0.14340338106433798, 'iw_pca_fit': 'combined', 'iw_solver': 'lbfgs', 'iw_rho': 0.5}. Best is trial 172 with value: 0.21062836054844475.
2026-06-01 16:09:39 | INFO | Trial 196 | outer=4 | alpha=2.121e+05 n_pcs=2000 (pc_topk) weight={'name': 'pc_logistic', 'floor': 1e-06, 'clip_max': 2.5, 'prob_clip': 0.0036971907115237496, 'n_components': 20, 'logistic_c': 0.29549887704889877, 'pca_fit': 'combined', 'solver': 'lbfgs', 'max_iter': 2000, 'fit_intercept': True, 'standardize_with_source': True, 'rho': 0.5}
[I 2026-06-01 16:09:50,860] Trial 196 finished with value: 0.20826919298408408 and parameters: {'alpha': 212115.55282840173, 'n_pcs': 2000, 'iw_method': 'pc_logistic', 'iw_clip_max': 2.5, 'iw_prob_clip': 0.0036971907115237496, 'iw_n_components': 20, 'iw_logistic_c': 0.29549887704889877, 'iw_pca_fit': 'combined', 'iw_solver': 'lbfgs', 'iw_rho': 0.5}. Best is trial 172 with value: 0.21062836054844475.
2026-06-01 16:09:50 | INFO | Trial 197 | outer=4 | alpha=2.520e+05 n_pcs=2000 (pc_topk) weight={'name': 'pc_logistic', 'floor': 1e-06, 'clip_max': 1.5, 'prob_clip': 0.001573142577229708, 'n_components': 20, 'logistic_c': 0.0987135893997096, 'pca_fit': 'combined', 'solver': 'lbfgs', 'max_iter': 2000, 'fit_intercept': True, 'standardize_with_source': True, 'rho': 0.7}
[I 2026-06-01 16:10:02,834] Trial 197 finished with value: 0.2094056921606598 and parameters: {'alpha': 251990.600238547, 'n_pcs': 2000, 'iw_method': 'pc_logistic', 'iw_clip_max': 1.5, 'iw_prob_clip': 0.001573142577229708, 'iw_n_components': 20, 'iw_logistic_c': 0.0987135893997096, 'iw_pca_fit': 'combined', 'iw_solver': 'lbfgs', 'iw_rho': 0.7}. Best is trial 172 with value: 0.21062836054844475.
2026-06-01 16:10:02 | INFO | Trial 198 | outer=4 | alpha=4.734e+05 n_pcs=2000 (pc_topk) weight={'name': 'pc_logistic', 'floor': 1e-06, 'clip_max': 1.5, 'prob_clip': 0.001234043799608992, 'n_components': 20, 'logistic_c': 0.10006379940686597, 'pca_fit': 'combined', 'solver': 'lbfgs', 'max_iter': 2000, 'fit_intercept': True, 'standardize_with_source': True, 'rho': 0.7}
[I 2026-06-01 16:10:12,251] Trial 198 finished with value: 0.20767003163992515 and parameters: {'alpha': 473393.8037173974, 'n_pcs': 2000, 'iw_method': 'pc_logistic', 'iw_clip_max': 1.5, 'iw_prob_clip': 0.001234043799608992, 'iw_n_components': 20, 'iw_logistic_c': 0.10006379940686597, 'iw_pca_fit': 'combined', 'iw_solver': 'lbfgs', 'iw_rho': 0.7}. Best is trial 172 with value: 0.21062836054844475.
2026-06-01 16:10:12 | INFO | Trial 199 | outer=4 | alpha=2.731e+05 n_pcs=2000 (pc_topk) weight={'name': 'pc_logistic', 'floor': 1e-06, 'clip_max': 1.5, 'prob_clip': 0.0015340876950821626, 'n_components': 20, 'logistic_c': 0.26832773914447394, 'pca_fit': 'combined', 'solver': 'lbfgs', 'max_iter': 2000, 'fit_intercept': True, 'standardize_with_source': True, 'rho': 0.7}
[I 2026-06-01 16:10:23,049] Trial 199 finished with value: 0.20925585120833348 and parameters: {'alpha': 273110.7036735557, 'n_pcs': 2000, 'iw_method': 'pc_logistic', 'iw_clip_max': 1.5, 'iw_prob_clip': 0.0015340876950821626, 'iw_n_components': 20, 'iw_logistic_c': 0.26832773914447394, 'iw_pca_fit': 'combined', 'iw_solver': 'lbfgs', 'iw_rho': 0.7}. Best is trial 172 with value: 0.21062836054844475.
2026-06-01 16:10:23 | INFO | Trial 200 | outer=4 | alpha=2.671e+05 n_pcs=2000 (pc_topk) weight={'name': 'pc_logistic', 'floor': 1e-06, 'clip_max': 4.0, 'prob_clip': 0.0013758738667434078, 'n_components': 20, 'logistic_c': 0.43327153890347647, 'pca_fit': 'combined', 'solver': 'lbfgs', 'max_iter': 2000, 'fit_intercept': True, 'standardize_with_source': True, 'rho': 0.7}
[I 2026-06-01 16:10:33,715] Trial 200 finished with value: 0.201955928355701 and parameters: {'alpha': 267064.9377668825, 'n_pcs': 2000, 'iw_method': 'pc_logistic', 'iw_clip_max': 4.0, 'iw_prob_clip': 0.0013758738667434078, 'iw_n_components': 20, 'iw_logistic_c': 0.43327153890347647, 'iw_pca_fit': 'combined', 'iw_solver': 'lbfgs', 'iw_rho': 0.7}. Best is trial 172 with value: 0.21062836054844475.
2026-06-01 16:10:33 | INFO | Trial 201 | outer=4 | alpha=2.342e+05 n_pcs=2000 (pc_topk) weight={'name': 'pc_logistic', 'floor': 1e-06, 'clip_max': 1.5, 'prob_clip': 0.0016743769656221204, 'n_components': 20, 'logistic_c': 0.05028953213975729, 'pca_fit': 'combined', 'solver': 'lbfgs', 'max_iter': 2000, 'fit_intercept': True, 'standardize_with_source': True, 'rho': 0.7}
[I 2026-06-01 16:10:45,126] Trial 201 finished with value: 0.209507618230982 and parameters: {'alpha': 234232.6964044494, 'n_pcs': 2000, 'iw_method': 'pc_logistic', 'iw_clip_max': 1.5, 'iw_prob_clip': 0.0016743769656221204, 'iw_n_components': 20, 'iw_logistic_c': 0.05028953213975729, 'iw_pca_fit': 'combined', 'iw_solver': 'lbfgs', 'iw_rho': 0.7}. Best is trial 172 with value: 0.21062836054844475.
2026-06-01 16:10:45 | INFO | Trial 202 | outer=4 | alpha=2.448e+05 n_pcs=2000 (pc_topk) weight={'name': 'pc_logistic', 'floor': 1e-06, 'clip_max': 1.5, 'prob_clip': 0.00161028834648745, 'n_components': 20, 'logistic_c': 0.09182269612535224, 'pca_fit': 'combined', 'solver': 'lbfgs', 'max_iter': 2000, 'fit_intercept': True, 'standardize_with_source': True, 'rho': 0.7}
[I 2026-06-01 16:10:57,144] Trial 202 finished with value: 0.20945180707874758 and parameters: {'alpha': 244762.3743663887, 'n_pcs': 2000, 'iw_method': 'pc_logistic', 'iw_clip_max': 1.5, 'iw_prob_clip': 0.00161028834648745, 'iw_n_components': 20, 'iw_logistic_c': 0.09182269612535224, 'iw_pca_fit': 'combined', 'iw_solver': 'lbfgs', 'iw_rho': 0.7}. Best is trial 172 with value: 0.21062836054844475.
2026-06-01 16:10:57 | INFO | Trial 203 | outer=4 | alpha=2.041e+05 n_pcs=2000 (pc_topk) weight={'name': 'pc_logistic', 'floor': 1e-06, 'clip_max': 1.5, 'prob_clip': 0.001679495388446345, 'n_components': 20, 'logistic_c': 1.023530676133421, 'pca_fit': 'combined', 'solver': 'lbfgs', 'max_iter': 2000, 'fit_intercept': True, 'standardize_with_source': True, 'rho': 0.7}
[I 2026-06-01 16:11:08,088] Trial 203 finished with value: 0.20957997828381097 and parameters: {'alpha': 204086.8244428499, 'n_pcs': 2000, 'iw_method': 'pc_logistic', 'iw_clip_max': 1.5, 'iw_prob_clip': 0.001679495388446345, 'iw_n_components': 20, 'iw_logistic_c': 1.023530676133421, 'iw_pca_fit': 'combined', 'iw_solver': 'lbfgs', 'iw_rho': 0.7}. Best is trial 172 with value: 0.21062836054844475.
2026-06-01 16:11:08 | INFO | Trial 204 | outer=4 | alpha=2.245e+05 n_pcs=2000 (pc_topk) weight={'name': 'pc_logistic', 'floor': 1e-06, 'clip_max': 1.5, 'prob_clip': 0.0018210014770958657, 'n_components': 20, 'logistic_c': 0.05138935085614843, 'pca_fit': 'combined', 'solver': 'lbfgs', 'max_iter': 2000, 'fit_intercept': True, 'standardize_with_source': True, 'rho': 0.7}
[I 2026-06-01 16:11:19,921] Trial 204 finished with value: 0.20950998696243456 and parameters: {'alpha': 224544.0468493326, 'n_pcs': 2000, 'iw_method': 'pc_logistic', 'iw_clip_max': 1.5, 'iw_prob_clip': 0.0018210014770958657, 'iw_n_components': 20, 'iw_logistic_c': 0.05138935085614843, 'iw_pca_fit': 'combined', 'iw_solver': 'lbfgs', 'iw_rho': 0.7}. Best is trial 172 with value: 0.21062836054844475.
2026-06-01 16:11:19 | INFO | Trial 205 | outer=4 | alpha=2.220e+05 n_pcs=2000 (pc_topk) weight={'name': 'pc_logistic', 'floor': 1e-06, 'clip_max': 1.5, 'prob_clip': 0.0016566643332162456, 'n_components': 20, 'logistic_c': 0.8737065124726456, 'pca_fit': 'combined', 'solver': 'lbfgs', 'max_iter': 2000, 'fit_intercept': True, 'standardize_with_source': True, 'rho': 0.7}
[I 2026-06-01 16:11:32,669] Trial 205 finished with value: 0.2095305305504489 and parameters: {'alpha': 221985.26687278305, 'n_pcs': 2000, 'iw_method': 'pc_logistic', 'iw_clip_max': 1.5, 'iw_prob_clip': 0.0016566643332162456, 'iw_n_components': 20, 'iw_logistic_c': 0.8737065124726456, 'iw_pca_fit': 'combined', 'iw_solver': 'lbfgs', 'iw_rho': 0.7}. Best is trial 172 with value: 0.21062836054844475.
2026-06-01 16:11:32 | INFO | Trial 206 | outer=4 | alpha=1.993e+05 n_pcs=1500 (pc_topk) weight={'name': 'pc_logistic', 'floor': 1e-06, 'clip_max': 1.5, 'prob_clip': 0.0016746519735344218, 'n_components': 20, 'logistic_c': 1.1752257000219253, 'pca_fit': 'combined', 'solver': 'lbfgs', 'max_iter': 2000, 'fit_intercept': True, 'standardize_with_source': True, 'rho': 0.7}
[I 2026-06-01 16:11:45,227] Trial 206 finished with value: 0.2070443017052142 and parameters: {'alpha': 199331.93450936777, 'n_pcs': 1500, 'iw_method': 'pc_logistic', 'iw_clip_max': 1.5, 'iw_prob_clip': 0.0016746519735344218, 'iw_n_components': 20, 'iw_logistic_c': 1.1752257000219253, 'iw_pca_fit': 'combined', 'iw_solver': 'lbfgs', 'iw_rho': 0.7}. Best is trial 172 with value: 0.21062836054844475.
2026-06-01 16:11:45 | INFO | Trial 207 | outer=4 | alpha=2.293e+05 n_pcs=2000 (pc_topk) weight={'name': 'pc_logistic', 'floor': 1e-06, 'clip_max': 7.0, 'prob_clip': 0.0015886235781476458, 'n_components': 20, 'logistic_c': 0.5999068112276773, 'pca_fit': 'combined', 'solver': 'lbfgs', 'max_iter': 2000, 'fit_intercept': True, 'standardize_with_source': True, 'rho': 0.7}
[I 2026-06-01 16:11:57,030] Trial 207 finished with value: 0.1878954410018695 and parameters: {'alpha': 229268.60312504144, 'n_pcs': 2000, 'iw_method': 'pc_logistic', 'iw_clip_max': 7.0, 'iw_prob_clip': 0.0015886235781476458, 'iw_n_components': 20, 'iw_logistic_c': 0.5999068112276773, 'iw_pca_fit': 'combined', 'iw_solver': 'lbfgs', 'iw_rho': 0.7}. Best is trial 172 with value: 0.21062836054844475.
2026-06-01 16:11:57 | INFO | Trial 208 | outer=4 | alpha=2.006e+05 n_pcs=2000 (pc_topk) weight={'name': 'pc_logistic', 'floor': 1e-06, 'clip_max': 1.5, 'prob_clip': 0.0017411060021359133, 'n_components': 20, 'logistic_c': 2.24613505861644, 'pca_fit': 'combined', 'solver': 'lbfgs', 'max_iter': 2000, 'fit_intercept': True, 'standardize_with_source': True, 'rho': 0.7}
[I 2026-06-01 16:12:07,436] Trial 208 finished with value: 0.2095709223837225 and parameters: {'alpha': 200575.39535677378, 'n_pcs': 2000, 'iw_method': 'pc_logistic', 'iw_clip_max': 1.5, 'iw_prob_clip': 0.0017411060021359133, 'iw_n_components': 20, 'iw_logistic_c': 2.24613505861644, 'iw_pca_fit': 'combined', 'iw_solver': 'lbfgs', 'iw_rho': 0.7}. Best is trial 172 with value: 0.21062836054844475.
2026-06-01 16:12:07 | INFO | Trial 209 | outer=4 | alpha=1.977e+05 n_pcs=2000 (pc_topk) weight={'name': 'pc_logistic', 'floor': 1e-06, 'clip_max': 1.5, 'prob_clip': 0.0016967958358475718, 'n_components': 20, 'logistic_c': 2.472822973476567, 'pca_fit': 'combined', 'solver': 'lbfgs', 'max_iter': 2000, 'fit_intercept': True, 'standardize_with_source': True, 'rho': 0.7}
[I 2026-06-01 16:12:18,101] Trial 209 finished with value: 0.20958878161821862 and parameters: {'alpha': 197701.98751918584, 'n_pcs': 2000, 'iw_method': 'pc_logistic', 'iw_clip_max': 1.5, 'iw_prob_clip': 0.0016967958358475718, 'iw_n_components': 20, 'iw_logistic_c': 2.472822973476567, 'iw_pca_fit': 'combined', 'iw_solver': 'lbfgs', 'iw_rho': 0.7}. Best is trial 172 with value: 0.21062836054844475.
2026-06-01 16:12:18 | INFO | Trial 210 | outer=4 | alpha=1.806e+05 n_pcs=2000 (pc_topk) weight={'name': 'pc_logistic', 'floor': 1e-06, 'clip_max': 1.5, 'prob_clip': 0.001778558603482923, 'n_components': 20, 'logistic_c': 1.7334128152411796, 'pca_fit': 'combined', 'solver': 'lbfgs', 'max_iter': 2000, 'fit_intercept': True, 'standardize_with_source': True, 'rho': 0.7}
[I 2026-06-01 16:12:28,307] Trial 210 finished with value: 0.2095635644846086 and parameters: {'alpha': 180619.10581005973, 'n_pcs': 2000, 'iw_method': 'pc_logistic', 'iw_clip_max': 1.5, 'iw_prob_clip': 0.001778558603482923, 'iw_n_components': 20, 'iw_logistic_c': 1.7334128152411796, 'iw_pca_fit': 'combined', 'iw_solver': 'lbfgs', 'iw_rho': 0.7}. Best is trial 172 with value: 0.21062836054844475.
2026-06-01 16:12:28 | INFO | Trial 211 | outer=4 | alpha=1.876e+05 n_pcs=2000 (pc_topk) weight={'name': 'pc_logistic', 'floor': 1e-06, 'clip_max': 1.5, 'prob_clip': 0.0018023997234540292, 'n_components': 20, 'logistic_c': 1.7641615989460186, 'pca_fit': 'combined', 'solver': 'lbfgs', 'max_iter': 2000, 'fit_intercept': True, 'standardize_with_source': True, 'rho': 0.7}
[I 2026-06-01 16:12:39,382] Trial 211 finished with value: 0.2095621611400802 and parameters: {'alpha': 187559.94188759176, 'n_pcs': 2000, 'iw_method': 'pc_logistic', 'iw_clip_max': 1.5, 'iw_prob_clip': 0.0018023997234540292, 'iw_n_components': 20, 'iw_logistic_c': 1.7641615989460186, 'iw_pca_fit': 'combined', 'iw_solver': 'lbfgs', 'iw_rho': 0.7}. Best is trial 172 with value: 0.21062836054844475.
2026-06-01 16:12:39 | INFO | Trial 212 | outer=4 | alpha=1.832e+05 n_pcs=2000 (pc_topk) weight={'name': 'pc_logistic', 'floor': 1e-06, 'clip_max': 1.5, 'prob_clip': 0.001692348861710515, 'n_components': 20, 'logistic_c': 3.0142809665835255, 'pca_fit': 'combined', 'solver': 'lbfgs', 'max_iter': 2000, 'fit_intercept': True, 'standardize_with_source': True, 'rho': 0.7}
[I 2026-06-01 16:12:51,202] Trial 212 finished with value: 0.2095979889869938 and parameters: {'alpha': 183190.55115123838, 'n_pcs': 2000, 'iw_method': 'pc_logistic', 'iw_clip_max': 1.5, 'iw_prob_clip': 0.001692348861710515, 'iw_n_components': 20, 'iw_logistic_c': 3.0142809665835255, 'iw_pca_fit': 'combined', 'iw_solver': 'lbfgs', 'iw_rho': 0.7}. Best is trial 172 with value: 0.21062836054844475.
2026-06-01 16:12:51 | INFO | Trial 213 | outer=4 | alpha=1.801e+05 n_pcs=2000 (pc_topk) weight={'name': 'pc_logistic', 'floor': 1e-06, 'clip_max': 1.5, 'prob_clip': 0.0017670007448327783, 'n_components': 20, 'logistic_c': 2.8015782669206186, 'pca_fit': 'combined', 'solver': 'lbfgs', 'max_iter': 2000, 'fit_intercept': True, 'standardize_with_source': True, 'rho': 0.7}
[I 2026-06-01 16:13:00,795] Trial 213 finished with value: 0.20955982483395075 and parameters: {'alpha': 180122.67162549327, 'n_pcs': 2000, 'iw_method': 'pc_logistic', 'iw_clip_max': 1.5, 'iw_prob_clip': 0.0017670007448327783, 'iw_n_components': 20, 'iw_logistic_c': 2.8015782669206186, 'iw_pca_fit': 'combined', 'iw_solver': 'lbfgs', 'iw_rho': 0.7}. Best is trial 172 with value: 0.21062836054844475.
2026-06-01 16:13:00 | INFO | Trial 214 | outer=4 | alpha=1.722e+05 n_pcs=2000 (pc_topk) weight={'name': 'pc_logistic', 'floor': 1e-06, 'clip_max': 12.0, 'prob_clip': 0.0017792910922284394, 'n_components': 20, 'logistic_c': 3.8154759295782266, 'pca_fit': 'combined', 'solver': 'lbfgs', 'max_iter': 2000, 'fit_intercept': True, 'standardize_with_source': True, 'rho': 0.7}
[I 2026-06-01 16:13:11,264] Trial 214 finished with value: 0.17129185397969487 and parameters: {'alpha': 172195.90717160318, 'n_pcs': 2000, 'iw_method': 'pc_logistic', 'iw_clip_max': 12.0, 'iw_prob_clip': 0.0017792910922284394, 'iw_n_components': 20, 'iw_logistic_c': 3.8154759295782266, 'iw_pca_fit': 'combined', 'iw_solver': 'lbfgs', 'iw_rho': 0.7}. Best is trial 172 with value: 0.21062836054844475.
2026-06-01 16:13:11 | INFO | Trial 215 | outer=4 | alpha=1.825e+05 n_pcs=2000 (pc_topk) weight={'name': 'pc_logistic', 'floor': 1e-06, 'clip_max': 1.5, 'prob_clip': 0.001892813070648282, 'n_components': 20, 'logistic_c': 2.4716387094919514, 'pca_fit': 'combined', 'solver': 'lbfgs', 'max_iter': 2000, 'fit_intercept': True, 'standardize_with_source': True, 'rho': 0.7}
[I 2026-06-01 16:13:23,711] Trial 215 finished with value: 0.2095090212971042 and parameters: {'alpha': 182460.04731539352, 'n_pcs': 2000, 'iw_method': 'pc_logistic', 'iw_clip_max': 1.5, 'iw_prob_clip': 0.001892813070648282, 'iw_n_components': 20, 'iw_logistic_c': 2.4716387094919514, 'iw_pca_fit': 'combined', 'iw_solver': 'lbfgs', 'iw_rho': 0.7}. Best is trial 172 with value: 0.21062836054844475.
2026-06-01 16:13:23 | INFO | Trial 216 | outer=4 | alpha=1.827e+05 n_pcs=2000 (pc_topk) weight={'name': 'pc_logistic', 'floor': 1e-06, 'clip_max': 1.5, 'prob_clip': 0.0018754189094593115, 'n_components': 20, 'logistic_c': 2.2346872931168402, 'pca_fit': 'combined', 'solver': 'lbfgs', 'max_iter': 2000, 'fit_intercept': True, 'standardize_with_source': True, 'rho': 0.7}
[I 2026-06-01 16:13:34,890] Trial 216 finished with value: 0.20951788137764246 and parameters: {'alpha': 182719.68233852962, 'n_pcs': 2000, 'iw_method': 'pc_logistic', 'iw_clip_max': 1.5, 'iw_prob_clip': 0.0018754189094593115, 'iw_n_components': 20, 'iw_logistic_c': 2.2346872931168402, 'iw_pca_fit': 'combined', 'iw_solver': 'lbfgs', 'iw_rho': 0.7}. Best is trial 172 with value: 0.21062836054844475.
2026-06-01 16:13:34 | INFO | Trial 217 | outer=4 | alpha=1.845e+05 n_pcs=2000 (pc_topk) weight={'name': 'pc_logistic', 'floor': 1e-06, 'clip_max': 1.5, 'prob_clip': 0.001942021648714589, 'n_components': 20, 'logistic_c': 2.3788830222975226, 'pca_fit': 'combined', 'solver': 'lbfgs', 'max_iter': 2000, 'fit_intercept': True, 'standardize_with_source': True, 'rho': 0.7}
[I 2026-06-01 16:13:46,378] Trial 217 finished with value: 0.20949003478293413 and parameters: {'alpha': 184457.54166141772, 'n_pcs': 2000, 'iw_method': 'pc_logistic', 'iw_clip_max': 1.5, 'iw_prob_clip': 0.001942021648714589, 'iw_n_components': 20, 'iw_logistic_c': 2.3788830222975226, 'iw_pca_fit': 'combined', 'iw_solver': 'lbfgs', 'iw_rho': 0.7}. Best is trial 172 with value: 0.21062836054844475.
2026-06-01 16:13:46 | INFO | Trial 218 | outer=4 | alpha=2.048e+05 n_pcs=2000 (pc_topk) weight={'name': 'pc_logistic', 'floor': 1e-06, 'clip_max': 1.5, 'prob_clip': 0.0020276441138607475, 'n_components': 10, 'logistic_c': 2.4980313732498813, 'pca_fit': 'combined', 'solver': 'lbfgs', 'max_iter': 2000, 'fit_intercept': True, 'standardize_with_source': True, 'rho': 0.7}
[I 2026-06-01 16:13:54,926] Trial 218 finished with value: 0.20370886003345895 and parameters: {'alpha': 204843.3033706231, 'n_pcs': 2000, 'iw_method': 'pc_logistic', 'iw_clip_max': 1.5, 'iw_prob_clip': 0.0020276441138607475, 'iw_n_components': 10, 'iw_logistic_c': 2.4980313732498813, 'iw_pca_fit': 'combined', 'iw_solver': 'lbfgs', 'iw_rho': 0.7}. Best is trial 172 with value: 0.21062836054844475.
2026-06-01 16:13:54 | INFO | Trial 219 | outer=4 | alpha=1.826e+05 n_pcs=2000 (pc_topk) weight={'name': 'pc_logistic', 'floor': 1e-06, 'clip_max': 1.5, 'prob_clip': 0.0018181729701126938, 'n_components': 20, 'logistic_c': 1.898317453245422, 'pca_fit': 'combined', 'solver': 'lbfgs', 'max_iter': 2000, 'fit_intercept': True, 'standardize_with_source': True, 'rho': 0.7}
[I 2026-06-01 16:14:04,912] Trial 219 finished with value: 0.20955108340614684 and parameters: {'alpha': 182602.44732445, 'n_pcs': 2000, 'iw_method': 'pc_logistic', 'iw_clip_max': 1.5, 'iw_prob_clip': 0.0018181729701126938, 'iw_n_components': 20, 'iw_logistic_c': 1.898317453245422, 'iw_pca_fit': 'combined', 'iw_solver': 'lbfgs', 'iw_rho': 0.7}. Best is trial 172 with value: 0.21062836054844475.
2026-06-01 16:14:04 | INFO | Trial 220 | outer=4 | alpha=1.784e+05 n_pcs=2000 (pc_topk) weight={'name': 'pc_logistic', 'floor': 1e-06, 'clip_max': 1.5, 'prob_clip': 0.001314476125071633, 'n_components': 40, 'logistic_c': 1.38032317501506, 'pca_fit': 'combined', 'solver': 'lbfgs', 'max_iter': 2000, 'fit_intercept': True, 'standardize_with_source': True, 'rho': 0.7}
[I 2026-06-01 16:14:17,749] Trial 220 finished with value: 0.20830970765095222 and parameters: {'alpha': 178430.25373039392, 'n_pcs': 2000, 'iw_method': 'pc_logistic', 'iw_clip_max': 1.5, 'iw_prob_clip': 0.001314476125071633, 'iw_n_components': 40, 'iw_logistic_c': 1.38032317501506, 'iw_pca_fit': 'combined', 'iw_solver': 'lbfgs', 'iw_rho': 0.7}. Best is trial 172 with value: 0.21062836054844475.
2026-06-01 16:14:17 | INFO | Trial 221 | outer=4 | alpha=1.891e+05 n_pcs=2000 (pc_topk) weight={'name': 'pc_logistic', 'floor': 1e-06, 'clip_max': 1.5, 'prob_clip': 0.001858666687208332, 'n_components': 20, 'logistic_c': 2.1124547212215834, 'pca_fit': 'combined', 'solver': 'lbfgs', 'max_iter': 2000, 'fit_intercept': True, 'standardize_with_source': True, 'rho': 0.7}
[I 2026-06-01 16:14:29,106] Trial 221 finished with value: 0.20952806035843413 and parameters: {'alpha': 189131.77631234677, 'n_pcs': 2000, 'iw_method': 'pc_logistic', 'iw_clip_max': 1.5, 'iw_prob_clip': 0.001858666687208332, 'iw_n_components': 20, 'iw_logistic_c': 2.1124547212215834, 'iw_pca_fit': 'combined', 'iw_solver': 'lbfgs', 'iw_rho': 0.7}. Best is trial 172 with value: 0.21062836054844475.
2026-06-01 16:14:29 | INFO | Trial 222 | outer=4 | alpha=1.750e+05 n_pcs=2000 (pc_topk) weight={'name': 'pc_logistic', 'floor': 1e-06, 'clip_max': 1.5, 'prob_clip': 0.002247100584191001, 'n_components': 20, 'logistic_c': 7.751435568948821, 'pca_fit': 'combined', 'solver': 'lbfgs', 'max_iter': 2000, 'fit_intercept': True, 'standardize_with_source': True, 'rho': 0.7}
[I 2026-06-01 16:14:40,153] Trial 222 finished with value: 0.20939081261493625 and parameters: {'alpha': 175045.64002427534, 'n_pcs': 2000, 'iw_method': 'pc_logistic', 'iw_clip_max': 1.5, 'iw_prob_clip': 0.002247100584191001, 'iw_n_components': 20, 'iw_logistic_c': 7.751435568948821, 'iw_pca_fit': 'combined', 'iw_solver': 'lbfgs', 'iw_rho': 0.7}. Best is trial 172 with value: 0.21062836054844475.
2026-06-01 16:14:40 | INFO | Trial 223 | outer=4 | alpha=1.840e+05 n_pcs=2000 (pc_topk) weight={'name': 'pc_logistic', 'floor': 1e-06, 'clip_max': 1.5, 'prob_clip': 0.0017580562687873017, 'n_components': 20, 'logistic_c': 1.3703564811299167, 'pca_fit': 'combined', 'solver': 'lbfgs', 'max_iter': 2000, 'fit_intercept': True, 'standardize_with_source': True, 'rho': 0.7}
[I 2026-06-01 16:14:49,887] Trial 223 finished with value: 0.20957852111408698 and parameters: {'alpha': 184034.9062941785, 'n_pcs': 2000, 'iw_method': 'pc_logistic', 'iw_clip_max': 1.5, 'iw_prob_clip': 0.0017580562687873017, 'iw_n_components': 20, 'iw_logistic_c': 1.3703564811299167, 'iw_pca_fit': 'combined', 'iw_solver': 'lbfgs', 'iw_rho': 0.7}. Best is trial 172 with value: 0.21062836054844475.
2026-06-01 16:14:49 | INFO | Trial 224 | outer=4 | alpha=1.872e+05 n_pcs=1500 (pc_topk) weight={'name': 'pc_logistic', 'floor': 1e-06, 'clip_max': 1.5, 'prob_clip': 0.001098818491539989, 'n_components': 60, 'logistic_c': 1.3998124687937141, 'pca_fit': 'combined', 'solver': 'lbfgs', 'max_iter': 2000, 'fit_intercept': True, 'standardize_with_source': True, 'rho': 0.7}
[I 2026-06-01 16:15:04,843] Trial 224 finished with value: 0.20636585176898473 and parameters: {'alpha': 187238.9367445024, 'n_pcs': 1500, 'iw_method': 'pc_logistic', 'iw_clip_max': 1.5, 'iw_prob_clip': 0.001098818491539989, 'iw_n_components': 60, 'iw_logistic_c': 1.3998124687937141, 'iw_pca_fit': 'combined', 'iw_solver': 'lbfgs', 'iw_rho': 0.7}. Best is trial 172 with value: 0.21062836054844475.
2026-06-01 16:15:04 | INFO | Trial 225 | outer=4 | alpha=1.833e+05 n_pcs=2000 (pc_topk) weight={'name': 'pc_logistic', 'floor': 1e-06, 'clip_max': 1.5, 'prob_clip': 0.0018901569886040311, 'n_components': 20, 'logistic_c': 2.4653277538193508, 'pca_fit': 'combined', 'solver': 'lbfgs', 'max_iter': 2000, 'fit_intercept': True, 'standardize_with_source': True, 'rho': 0.7}
[I 2026-06-01 16:15:16,434] Trial 225 finished with value: 0.20951134957287212 and parameters: {'alpha': 183258.6635716099, 'n_pcs': 2000, 'iw_method': 'pc_logistic', 'iw_clip_max': 1.5, 'iw_prob_clip': 0.0018901569886040311, 'iw_n_components': 20, 'iw_logistic_c': 2.4653277538193508, 'iw_pca_fit': 'combined', 'iw_solver': 'lbfgs', 'iw_rho': 0.7}. Best is trial 172 with value: 0.21062836054844475.
2026-06-01 16:15:16 | INFO | Trial 226 | outer=4 | alpha=2.406e+05 n_pcs=2000 (pc_topk) weight={'name': 'pc_logistic', 'floor': 1e-06, 'clip_max': 1.5, 'prob_clip': 0.0017999178175793717, 'n_components': 20, 'logistic_c': 0.8393873229119313, 'pca_fit': 'combined', 'solver': 'lbfgs', 'max_iter': 2000, 'fit_intercept': True, 'standardize_with_source': True, 'rho': 0.7}
[I 2026-06-01 16:15:26,712] Trial 226 finished with value: 0.20937979466381576 and parameters: {'alpha': 240592.39120743162, 'n_pcs': 2000, 'iw_method': 'pc_logistic', 'iw_clip_max': 1.5, 'iw_prob_clip': 0.0017999178175793717, 'iw_n_components': 20, 'iw_logistic_c': 0.8393873229119313, 'iw_pca_fit': 'combined', 'iw_solver': 'lbfgs', 'iw_rho': 0.7}. Best is trial 172 with value: 0.21062836054844475.
2026-06-01 16:15:26 | INFO | Trial 227 | outer=4 | alpha=1.723e+05 n_pcs=2000 (pc_topk) weight={'name': 'pc_logistic', 'floor': 1e-06, 'clip_max': 1.5, 'prob_clip': 0.0017872742032766595, 'n_components': 20, 'logistic_c': 3.973056338236976, 'pca_fit': 'combined', 'solver': 'lbfgs', 'max_iter': 2000, 'fit_intercept': True, 'standardize_with_source': True, 'rho': 0.7}
[I 2026-06-01 16:15:38,371] Trial 227 finished with value: 0.20953657119523408 and parameters: {'alpha': 172339.17456898387, 'n_pcs': 2000, 'iw_method': 'pc_logistic', 'iw_clip_max': 1.5, 'iw_prob_clip': 0.0017872742032766595, 'iw_n_components': 20, 'iw_logistic_c': 3.973056338236976, 'iw_pca_fit': 'combined', 'iw_solver': 'lbfgs', 'iw_rho': 0.7}. Best is trial 172 with value: 0.21062836054844475.
2026-06-01 16:15:38 | INFO | Trial 228 | outer=4 | alpha=1.694e+05 n_pcs=2000 (pc_topk) weight={'name': 'pc_logistic', 'floor': 1e-06, 'clip_max': 1.5, 'prob_clip': 0.0014639922285039763, 'n_components': 20, 'logistic_c': 4.561143196159599, 'pca_fit': 'combined', 'solver': 'lbfgs', 'max_iter': 2000, 'fit_intercept': True, 'standardize_with_source': True, 'rho': 0.7}
[I 2026-06-01 16:15:48,984] Trial 228 finished with value: 0.20959259476549502 and parameters: {'alpha': 169430.57186026985, 'n_pcs': 2000, 'iw_method': 'pc_logistic', 'iw_clip_max': 1.5, 'iw_prob_clip': 0.0014639922285039763, 'iw_n_components': 20, 'iw_logistic_c': 4.561143196159599, 'iw_pca_fit': 'combined', 'iw_solver': 'lbfgs', 'iw_rho': 0.7}. Best is trial 172 with value: 0.21062836054844475.
2026-06-01 16:15:49 | INFO | Trial 229 | outer=4 | alpha=1.681e+05 n_pcs=2000 (pc_topk) weight={'name': 'pc_logistic', 'floor': 1e-06, 'clip_max': 1.5, 'prob_clip': 0.0021272615545071963, 'n_components': 20, 'logistic_c': 5.164488900138393, 'pca_fit': 'combined', 'solver': 'lbfgs', 'max_iter': 2000, 'fit_intercept': True, 'standardize_with_source': True, 'rho': 0.7}
[I 2026-06-01 16:16:00,325] Trial 229 finished with value: 0.20939423975028904 and parameters: {'alpha': 168132.50772034237, 'n_pcs': 2000, 'iw_method': 'pc_logistic', 'iw_clip_max': 1.5, 'iw_prob_clip': 0.0021272615545071963, 'iw_n_components': 20, 'iw_logistic_c': 5.164488900138393, 'iw_pca_fit': 'combined', 'iw_solver': 'lbfgs', 'iw_rho': 0.7}. Best is trial 172 with value: 0.21062836054844475.
2026-06-01 16:16:00 | INFO | Trial 230 | outer=4 | alpha=1.636e+05 n_pcs=2000 (pc_topk) weight={'name': 'pc_logistic', 'floor': 1e-06, 'clip_max': 1.5, 'prob_clip': 0.0014773209222458067, 'n_components': 20, 'logistic_c': 3.973549050494511, 'pca_fit': 'combined', 'solver': 'lbfgs', 'max_iter': 2000, 'fit_intercept': True, 'standardize_with_source': True, 'rho': 0.7}
[I 2026-06-01 16:16:11,415] Trial 230 finished with value: 0.20955410693482 and parameters: {'alpha': 163550.6262004084, 'n_pcs': 2000, 'iw_method': 'pc_logistic', 'iw_clip_max': 1.5, 'iw_prob_clip': 0.0014773209222458067, 'iw_n_components': 20, 'iw_logistic_c': 3.973549050494511, 'iw_pca_fit': 'combined', 'iw_solver': 'lbfgs', 'iw_rho': 0.7}. Best is trial 172 with value: 0.21062836054844475.
2026-06-01 16:16:11 | INFO | Trial 231 | outer=4 | alpha=1.690e+05 n_pcs=2000 (pc_topk) weight={'name': 'pc_logistic', 'floor': 1e-06, 'clip_max': 1.5, 'prob_clip': 0.0015061780677943103, 'n_components': 20, 'logistic_c': 3.764085267622914, 'pca_fit': 'combined', 'solver': 'lbfgs', 'max_iter': 2000, 'fit_intercept': True, 'standardize_with_source': True, 'rho': 0.7}
[I 2026-06-01 16:16:21,714] Trial 231 finished with value: 0.20958768529206712 and parameters: {'alpha': 168981.30251870223, 'n_pcs': 2000, 'iw_method': 'pc_logistic', 'iw_clip_max': 1.5, 'iw_prob_clip': 0.0015061780677943103, 'iw_n_components': 20, 'iw_logistic_c': 3.764085267622914, 'iw_pca_fit': 'combined', 'iw_solver': 'lbfgs', 'iw_rho': 0.7}. Best is trial 172 with value: 0.21062836054844475.
2026-06-01 16:16:21 | INFO | Trial 232 | outer=4 | alpha=1.695e+05 n_pcs=2000 (pc_topk) weight={'name': 'pc_logistic', 'floor': 1e-06, 'clip_max': 1.5, 'prob_clip': 0.001486192080772131, 'n_components': 20, 'logistic_c': 4.199044867870084, 'pca_fit': 'combined', 'solver': 'lbfgs', 'max_iter': 2000, 'fit_intercept': True, 'standardize_with_source': True, 'rho': 0.7}
[I 2026-06-01 16:16:32,890] Trial 232 finished with value: 0.2095909083880922 and parameters: {'alpha': 169549.6272800619, 'n_pcs': 2000, 'iw_method': 'pc_logistic', 'iw_clip_max': 1.5, 'iw_prob_clip': 0.001486192080772131, 'iw_n_components': 20, 'iw_logistic_c': 4.199044867870084, 'iw_pca_fit': 'combined', 'iw_solver': 'lbfgs', 'iw_rho': 0.7}. Best is trial 172 with value: 0.21062836054844475.
2026-06-01 16:16:32 | INFO | Trial 233 | outer=4 | alpha=1.570e+05 n_pcs=2000 (pc_topk) weight={'name': 'pc_logistic', 'floor': 1e-06, 'clip_max': 1.5, 'prob_clip': 0.00143909036879999, 'n_components': 20, 'logistic_c': 4.183139762048459, 'pca_fit': 'combined', 'solver': 'lbfgs', 'max_iter': 2000, 'fit_intercept': True, 'standardize_with_source': True, 'rho': 0.7}
[I 2026-06-01 16:16:44,806] Trial 233 finished with value: 0.20949870873535487 and parameters: {'alpha': 156967.7107647279, 'n_pcs': 2000, 'iw_method': 'pc_logistic', 'iw_clip_max': 1.5, 'iw_prob_clip': 0.00143909036879999, 'iw_n_components': 20, 'iw_logistic_c': 4.183139762048459, 'iw_pca_fit': 'combined', 'iw_solver': 'lbfgs', 'iw_rho': 0.7}. Best is trial 172 with value: 0.21062836054844475.
2026-06-01 16:16:44 | INFO | Trial 234 | outer=4 | alpha=2.203e+05 n_pcs=2000 (pc_topk) weight={'name': 'pc_logistic', 'floor': 1e-06, 'clip_max': 1.5, 'prob_clip': 0.0014624660968381325, 'n_components': 20, 'logistic_c': 7.011897704874274, 'pca_fit': 'combined', 'solver': 'lbfgs', 'max_iter': 2000, 'fit_intercept': True, 'standardize_with_source': True, 'rho': 0.7}
[I 2026-06-01 16:16:56,273] Trial 234 finished with value: 0.20958662137958878 and parameters: {'alpha': 220260.1223652319, 'n_pcs': 2000, 'iw_method': 'pc_logistic', 'iw_clip_max': 1.5, 'iw_prob_clip': 0.0014624660968381325, 'iw_n_components': 20, 'iw_logistic_c': 7.011897704874274, 'iw_pca_fit': 'combined', 'iw_solver': 'lbfgs', 'iw_rho': 0.7}. Best is trial 172 with value: 0.21062836054844475.
2026-06-01 16:16:56 | INFO | Trial 235 | outer=4 | alpha=1.656e+05 n_pcs=2000 (pc_topk) weight={'name': 'pc_logistic', 'floor': 1e-06, 'clip_max': 1.5, 'prob_clip': 0.0014933190835126784, 'n_components': 20, 'logistic_c': 5.813488079973734, 'pca_fit': 'combined', 'solver': 'lbfgs', 'max_iter': 2000, 'fit_intercept': True, 'standardize_with_source': True, 'rho': 0.7}
[I 2026-06-01 16:17:05,846] Trial 235 finished with value: 0.20956905103520582 and parameters: {'alpha': 165634.1254247674, 'n_pcs': 2000, 'iw_method': 'pc_logistic', 'iw_clip_max': 1.5, 'iw_prob_clip': 0.0014933190835126784, 'iw_n_components': 20, 'iw_logistic_c': 5.813488079973734, 'iw_pca_fit': 'combined', 'iw_solver': 'lbfgs', 'iw_rho': 0.7}. Best is trial 172 with value: 0.21062836054844475.
2026-06-01 16:17:05 | INFO | Trial 236 | outer=4 | alpha=2.709e+05 n_pcs=2000 (pc_topk) weight={'name': 'pc_logistic', 'floor': 1e-06, 'clip_max': 2.5, 'prob_clip': 0.0011448819778232771, 'n_components': 20, 'logistic_c': 9.539205239830647, 'pca_fit': 'combined', 'solver': 'lbfgs', 'max_iter': 2000, 'fit_intercept': True, 'standardize_with_source': True, 'rho': 0.7}
[I 2026-06-01 16:17:18,074] Trial 236 finished with value: 0.20803514805259607 and parameters: {'alpha': 270925.16501061956, 'n_pcs': 2000, 'iw_method': 'pc_logistic', 'iw_clip_max': 2.5, 'iw_prob_clip': 0.0011448819778232771, 'iw_n_components': 20, 'iw_logistic_c': 9.539205239830647, 'iw_pca_fit': 'combined', 'iw_solver': 'lbfgs', 'iw_rho': 0.7}. Best is trial 172 with value: 0.21062836054844475.
2026-06-01 16:17:18 | INFO | Trial 237 | outer=4 | alpha=2.112e+05 n_pcs=2000 (pc_topk) weight={'name': 'pc_logistic', 'floor': 1e-06, 'clip_max': 1.5, 'prob_clip': 0.0014451413896746732, 'n_components': 20, 'logistic_c': 5.145774168835017, 'pca_fit': 'combined', 'solver': 'lbfgs', 'max_iter': 2000, 'fit_intercept': True, 'standardize_with_source': True, 'rho': 0.7}
[I 2026-06-01 16:17:28,899] Trial 237 finished with value: 0.20961922464789567 and parameters: {'alpha': 211172.37425648226, 'n_pcs': 2000, 'iw_method': 'pc_logistic', 'iw_clip_max': 1.5, 'iw_prob_clip': 0.0014451413896746732, 'iw_n_components': 20, 'iw_logistic_c': 5.145774168835017, 'iw_pca_fit': 'combined', 'iw_solver': 'lbfgs', 'iw_rho': 0.7}. Best is trial 172 with value: 0.21062836054844475.
2026-06-01 16:17:28 | INFO | Trial 238 | outer=4 | alpha=2.170e+05 n_pcs=1500 (pc_topk) weight={'name': 'pc_logistic', 'floor': 1e-06, 'clip_max': 4.0, 'prob_clip': 0.0013659853388206175, 'n_components': 20, 'logistic_c': 6.0884338770913145, 'pca_fit': 'combined', 'solver': 'lbfgs', 'max_iter': 2000, 'fit_intercept': True, 'standardize_with_source': True, 'rho': 0.7}
[I 2026-06-01 16:17:42,850] Trial 238 finished with value: 0.20113687157359986 and parameters: {'alpha': 217017.3338242608, 'n_pcs': 1500, 'iw_method': 'pc_logistic', 'iw_clip_max': 4.0, 'iw_prob_clip': 0.0013659853388206175, 'iw_n_components': 20, 'iw_logistic_c': 6.0884338770913145, 'iw_pca_fit': 'combined', 'iw_solver': 'lbfgs', 'iw_rho': 0.7}. Best is trial 172 with value: 0.21062836054844475.
2026-06-01 16:17:42 | INFO | Trial 239 | outer=4 | alpha=2.793e+05 n_pcs=2000 (pc_topk) weight={'name': 'pc_logistic', 'floor': 1e-06, 'clip_max': 1.5, 'prob_clip': 0.0014500957266780387, 'n_components': 20, 'logistic_c': 3.4010428709901444, 'pca_fit': 'combined', 'solver': 'lbfgs', 'max_iter': 2000, 'fit_intercept': True, 'standardize_with_source': True, 'rho': 0.3}
[I 2026-06-01 16:17:53,677] Trial 239 finished with value: 0.20912017593321916 and parameters: {'alpha': 279296.76661388826, 'n_pcs': 2000, 'iw_method': 'pc_logistic', 'iw_clip_max': 1.5, 'iw_prob_clip': 0.0014500957266780387, 'iw_n_components': 20, 'iw_logistic_c': 3.4010428709901444, 'iw_pca_fit': 'combined', 'iw_solver': 'lbfgs', 'iw_rho': 0.3}. Best is trial 172 with value: 0.21062836054844475.
2026-06-01 16:17:53 | INFO | Trial 240 | outer=4 | alpha=1.622e+05 n_pcs=2000 (pc_topk) weight={'name': 'pc_logistic', 'floor': 1e-06, 'clip_max': 1.5, 'prob_clip': 0.024150078818498687, 'n_components': 20, 'logistic_c': 5.962213959399309, 'pca_fit': 'combined', 'solver': 'lbfgs', 'max_iter': 2000, 'fit_intercept': True, 'standardize_with_source': True, 'rho': 0.7}
