2026-03-02 23:24:03 | INFO | __main__ | Using device: cpu
2026-03-02 23:24:03 | INFO | __main__ | Loading data...
2026-03-02 23:24:03 | INFO | src.data | Loading data from NPZ: Data/npz/snp_body_mass_ALL.npz
2026-03-02 23:24:12 | INFO | __main__ | Data loaded: 5697 samples, 65344 SNPs, 16 islands
2026-03-02 23:24:12 | INFO | __main__ | Worker shard=4/5 | repeats=[4, 9] | perms=[10, 25, 50, 75, 100] | cal_fracs=[0.05, 0.1, 0.15, 0.2, 0.25] | targets=[9]
2026-03-02 23:24:12 | INFO | __main__ | Shard 4/5 progress 1/50 | target=9 cal=0.050 perm=10 repeat=4
2026-03-02 23:24:12 | INFO | src.tmc_shapley_islands | [Shapley] Target island: 9 (Sleneset), source islands: 15
2026-03-02 23:24:13 | INFO | src.tmc_shapley_islands | Data: source=5531 (across 15 islands), cal=8, test=125
2026-03-02 23:24:13 | INFO | src.tmc_shapley_islands | SNP selection: using fixed precomputed subset (n=20000)
2026-03-02 23:24:13 | INFO | src.tmc_shapley_islands | Island counts (capped to None in training):
  Nesøy: n=119
  Myken: n=92
  Træna: n=292
  Selvær: n=194
  Gjerøy: n=558
  Hestmannøy: n=1078
  Indre Kvarøy: n=356
  Onøy og Lurøy: n=259
  Lovund: n=158
  Aldra: n=173
  Southern 1: n=583
  Southern 2: n=397
  Southern 3: n=584
  Southern 4: n=486
  Southern 5: n=202
2026-03-02 23:24:13 | INFO | src.tmc_shapley_islands | Running TMC-Shapley with 10 permutations (utility on cal set)...
2026-03-02 23:24:13 | INFO | src.tmc_shapley_islands | Computing V_full over all 15 source islands...
2026-03-02 23:24:17 | INFO | src.tmc_shapley_islands | V_full = -0.1728
2026-03-02 23:24:43 | INFO | src.tmc_shapley_islands | TMC progress: 2/10 permutations done, cache hit rate: 12.9%, n_evals: 27
2026-03-02 23:25:14 | INFO | src.tmc_shapley_islands | TMC progress: 4/10 permutations done, cache hit rate: 11.5%, n_evals: 54
2026-03-02 23:25:43 | INFO | src.tmc_shapley_islands | TMC progress: 6/10 permutations done, cache hit rate: 9.9%, n_evals: 82
2026-03-02 23:26:13 | INFO | src.tmc_shapley_islands | TMC progress: 8/10 permutations done, cache hit rate: 10.7%, n_evals: 108
2026-03-02 23:26:41 | INFO | src.tmc_shapley_islands | TMC progress: 10/10 permutations done, cache hit rate: 11.3%, n_evals: 134
2026-03-02 23:26:41 | INFO | src.tmc_shapley_islands | TMC complete: 10 permutations, 0 truncated, 134 utility evals, cache hit rate: 11.3%
2026-03-02 23:26:41 | INFO | src.tmc_shapley_islands | Shapley values (phi, computed on cal set):
2026-03-02 23:26:41 | INFO | src.tmc_shapley_islands |   Nesøy: phi=0.033801, phi/n=0.00028404
2026-03-02 23:26:41 | INFO | src.tmc_shapley_islands |   Myken: phi=0.262594, phi/n=0.00285429
2026-03-02 23:26:41 | INFO | src.tmc_shapley_islands |   Træna: phi=0.065901, phi/n=0.00022569
2026-03-02 23:26:41 | INFO | src.tmc_shapley_islands |   Selvær: phi=-0.127864, phi/n=-0.00065909
2026-03-02 23:26:41 | INFO | src.tmc_shapley_islands |   Gjerøy: phi=-0.261681, phi/n=-0.00046896
2026-03-02 23:26:41 | INFO | src.tmc_shapley_islands |   Hestmannøy: phi=0.411578, phi/n=0.00038180
2026-03-02 23:26:41 | INFO | src.tmc_shapley_islands |   Indre Kvarøy: phi=-0.184388, phi/n=-0.00051794
2026-03-02 23:26:41 | INFO | src.tmc_shapley_islands |   Onøy og Lurøy: phi=0.147152, phi/n=0.00056815
2026-03-02 23:26:41 | INFO | src.tmc_shapley_islands |   Lovund: phi=0.015196, phi/n=0.00009618
2026-03-02 23:26:41 | INFO | src.tmc_shapley_islands |   Aldra: phi=0.000583, phi/n=0.00000337
2026-03-02 23:26:41 | INFO | src.tmc_shapley_islands |   Southern 1: phi=-0.099770, phi/n=-0.00017113
2026-03-02 23:26:41 | INFO | src.tmc_shapley_islands |   Southern 2: phi=-0.282377, phi/n=-0.00071128
2026-03-02 23:26:41 | INFO | src.tmc_shapley_islands |   Southern 3: phi=-0.071696, phi/n=-0.00012277
2026-03-02 23:26:41 | INFO | src.tmc_shapley_islands |   Southern 4: phi=0.045332, phi/n=0.00009328
2026-03-02 23:26:41 | INFO | src.tmc_shapley_islands |   Southern 5: phi=-0.127173, phi/n=-0.00062957
2026-03-02 23:26:41 | INFO | src.tmc_shapley_islands | Curve retraining early stopping: enabled=True, patience=20
2026-03-02 23:26:41 | INFO | src.tmc_shapley_islands | Computing add-islands curve (evaluated on test set)...
2026-03-02 23:26:41 | INFO | src.tmc_shapley_islands | Add-curve (mean): 1 islands, n=92 -> corr=0.1156
2026-03-02 23:26:41 | INFO | src.tmc_shapley_islands | Add-curve (mean): 2 islands, n=351 -> corr=0.0976
2026-03-02 23:26:41 | INFO | src.tmc_shapley_islands | Add-curve (mean): 3 islands, n=1429 -> corr=0.0703
2026-03-02 23:26:42 | INFO | src.tmc_shapley_islands | Add-curve (mean): 4 islands, n=1548 -> corr=0.1025
2026-03-02 23:26:43 | INFO | src.tmc_shapley_islands | Add-curve (mean): 5 islands, n=1840 -> corr=0.0451
2026-03-02 23:26:44 | INFO | src.tmc_shapley_islands | Add-curve (mean): 6 islands, n=1998 -> corr=0.0892
2026-03-02 23:26:45 | INFO | src.tmc_shapley_islands | Add-curve (mean): 7 islands, n=2484 -> corr=0.1081
2026-03-02 23:26:46 | INFO | src.tmc_shapley_islands | Add-curve (mean): 8 islands, n=2657 -> corr=0.1136
2026-03-02 23:26:47 | INFO | src.tmc_shapley_islands | Add-curve (mean): 9 islands, n=3241 -> corr=0.1223
2026-03-02 23:26:49 | INFO | src.tmc_shapley_islands | Add-curve (mean): 10 islands, n=3824 -> corr=0.1410
2026-03-02 23:26:50 | INFO | src.tmc_shapley_islands | Add-curve (mean): 11 islands, n=4382 -> corr=0.1062
2026-03-02 23:26:52 | INFO | src.tmc_shapley_islands | Add-curve (mean): 12 islands, n=4738 -> corr=0.1334
2026-03-02 23:26:54 | INFO | src.tmc_shapley_islands | Add-curve (mean): 13 islands, n=4940 -> corr=0.1397
2026-03-02 23:26:56 | INFO | src.tmc_shapley_islands | Add-curve (mean): 14 islands, n=5134 -> corr=0.1361
2026-03-02 23:26:59 | INFO | src.tmc_shapley_islands | Add-curve (mean): 15 islands, n=5531 -> corr=0.1415
2026-03-02 23:27:11 | INFO | src.tmc_shapley_islands | Random individual add-curve (seed=0) complete
2026-03-02 23:27:25 | INFO | src.tmc_shapley_islands | Random individual add-curve (seed=1) complete
2026-03-02 23:27:37 | INFO | src.tmc_shapley_islands | Random individual add-curve (seed=2) complete
2026-03-02 23:27:49 | INFO | src.tmc_shapley_islands | Random individual add-curve (seed=3) complete
2026-03-02 23:28:07 | INFO | src.tmc_shapley_islands | Random individual add-curve (seed=4) complete
2026-03-02 23:28:07 | INFO | src.tmc_shapley_islands | Building mirrored remove-islands curve from add-islands curve...
2026-03-02 23:28:07 | INFO | src.tmc_shapley_islands | Saved Shapley values to outputs/tmc_shapley_sweep2_2/shards/shard_004/tmp/shapley_island_values_target_9.csv
2026-03-02 23:28:07 | INFO | src.tmc_shapley_islands | Saved summary to outputs/tmc_shapley_sweep2_2/shards/shard_004/tmp/tmc_summary_target_9.json
2026-03-02 23:28:07 | INFO | src.tmc_shapley_islands | Saved intermediate ranking trace to outputs/tmc_shapley_sweep2_2/shards/shard_004/tmp/tmc_intermediate_rankings_target_9.csv
2026-03-02 23:28:07 | INFO | src.tmc_shapley_islands | Saved add-curve to outputs/tmc_shapley_sweep2_2/shards/shard_004/tmp/add_curve_target_9.csv
2026-03-02 23:28:07 | INFO | src.tmc_shapley_islands | Saved remove-curve to outputs/tmc_shapley_sweep2_2/shards/shard_004/tmp/remove_curve_target_9.csv
2026-03-02 23:28:12 | INFO | src.tmc_shapley_islands | Saved bar plot to outputs/tmc_shapley_sweep2_2/shards/shard_004/tmp/shapley_bar_target_9.png
2026-03-02 23:28:13 | INFO | src.tmc_shapley_islands | Saved add-curve plot to outputs/tmc_shapley_sweep2_2/shards/shard_004/tmp/add_curve_target_9.png
2026-03-02 23:28:13 | INFO | src.tmc_shapley_islands | Saved remove-curve plot to outputs/tmc_shapley_sweep2_2/shards/shard_004/tmp/remove_curve_target_9.png
2026-03-02 23:28:13 | INFO | __main__ | Shard 4/5 progress 2/50 | target=9 cal=0.050 perm=10 repeat=9
2026-03-02 23:28:13 | INFO | src.tmc_shapley_islands | [Shapley] Target island: 9 (Sleneset), source islands: 15
2026-03-02 23:28:14 | INFO | src.tmc_shapley_islands | Data: source=5531 (across 15 islands), cal=8, test=125
2026-03-02 23:28:14 | INFO | src.tmc_shapley_islands | SNP selection: using fixed precomputed subset (n=20000)
2026-03-02 23:28:14 | INFO | src.tmc_shapley_islands | Island counts (capped to None in training):
  Nesøy: n=119
  Myken: n=92
  Træna: n=292
  Selvær: n=194
  Gjerøy: n=558
  Hestmannøy: n=1078
  Indre Kvarøy: n=356
  Onøy og Lurøy: n=259
  Lovund: n=158
  Aldra: n=173
  Southern 1: n=583
  Southern 2: n=397
  Southern 3: n=584
  Southern 4: n=486
  Southern 5: n=202
2026-03-02 23:28:14 | INFO | src.tmc_shapley_islands | Running TMC-Shapley with 10 permutations (utility on cal set)...
2026-03-02 23:28:14 | INFO | src.tmc_shapley_islands | Computing V_full over all 15 source islands...
2026-03-02 23:28:16 | INFO | src.tmc_shapley_islands | V_full = -0.1932
2026-03-02 23:28:48 | INFO | src.tmc_shapley_islands | TMC progress: 2/10 permutations done, cache hit rate: 6.5%, n_evals: 29
2026-03-02 23:29:14 | INFO | src.tmc_shapley_islands | TMC progress: 4/10 permutations done, cache hit rate: 9.8%, n_evals: 55
2026-03-02 23:29:53 | INFO | src.tmc_shapley_islands | TMC progress: 6/10 permutations done, cache hit rate: 8.8%, n_evals: 83
2026-03-02 23:30:21 | INFO | src.tmc_shapley_islands | TMC progress: 8/10 permutations done, cache hit rate: 9.1%, n_evals: 110
2026-03-02 23:30:54 | INFO | src.tmc_shapley_islands | TMC progress: 10/10 permutations done, cache hit rate: 9.9%, n_evals: 136
2026-03-02 23:30:54 | INFO | src.tmc_shapley_islands | TMC complete: 10 permutations, 0 truncated, 136 utility evals, cache hit rate: 9.9%
2026-03-02 23:30:54 | INFO | src.tmc_shapley_islands | Shapley values (phi, computed on cal set):
2026-03-02 23:30:54 | INFO | src.tmc_shapley_islands |   Nesøy: phi=0.050997, phi/n=0.00042854
2026-03-02 23:30:54 | INFO | src.tmc_shapley_islands |   Myken: phi=0.098141, phi/n=0.00106675
2026-03-02 23:30:54 | INFO | src.tmc_shapley_islands |   Træna: phi=-0.017084, phi/n=-0.00005851
2026-03-02 23:30:54 | INFO | src.tmc_shapley_islands |   Selvær: phi=-0.156605, phi/n=-0.00080724
2026-03-02 23:30:54 | INFO | src.tmc_shapley_islands |   Gjerøy: phi=-0.039383, phi/n=-0.00007058
2026-03-02 23:30:54 | INFO | src.tmc_shapley_islands |   Hestmannøy: phi=0.284636, phi/n=0.00026404
2026-03-02 23:30:54 | INFO | src.tmc_shapley_islands |   Indre Kvarøy: phi=-0.346030, phi/n=-0.00097199
2026-03-02 23:30:54 | INFO | src.tmc_shapley_islands |   Onøy og Lurøy: phi=-0.179917, phi/n=-0.00069466
2026-03-02 23:30:54 | INFO | src.tmc_shapley_islands |   Lovund: phi=-0.201968, phi/n=-0.00127828
2026-03-02 23:30:54 | INFO | src.tmc_shapley_islands |   Aldra: phi=0.150392, phi/n=0.00086932
2026-03-02 23:30:54 | INFO | src.tmc_shapley_islands |   Southern 1: phi=0.112827, phi/n=0.00019353
2026-03-02 23:30:54 | INFO | src.tmc_shapley_islands |   Southern 2: phi=-0.159617, phi/n=-0.00040206
2026-03-02 23:30:54 | INFO | src.tmc_shapley_islands |   Southern 3: phi=0.190814, phi/n=0.00032674
2026-03-02 23:30:54 | INFO | src.tmc_shapley_islands |   Southern 4: phi=-0.091356, phi/n=-0.00018798
2026-03-02 23:30:54 | INFO | src.tmc_shapley_islands |   Southern 5: phi=0.110964, phi/n=0.00054933
2026-03-02 23:30:54 | INFO | src.tmc_shapley_islands | Curve retraining early stopping: enabled=True, patience=20
2026-03-02 23:30:54 | INFO | src.tmc_shapley_islands | Computing add-islands curve (evaluated on test set)...
2026-03-02 23:30:54 | INFO | src.tmc_shapley_islands | Add-curve (mean): 1 islands, n=92 -> corr=0.1214
2026-03-02 23:30:55 | INFO | src.tmc_shapley_islands | Add-curve (mean): 2 islands, n=265 -> corr=0.0794
2026-03-02 23:30:55 | INFO | src.tmc_shapley_islands | Add-curve (mean): 3 islands, n=467 -> corr=0.0802
2026-03-02 23:30:55 | INFO | src.tmc_shapley_islands | Add-curve (mean): 4 islands, n=586 -> corr=0.1273
2026-03-02 23:30:55 | INFO | src.tmc_shapley_islands | Add-curve (mean): 5 islands, n=1170 -> corr=0.1654
2026-03-02 23:30:56 | INFO | src.tmc_shapley_islands | Add-curve (mean): 6 islands, n=2248 -> corr=0.0836
2026-03-02 23:30:57 | INFO | src.tmc_shapley_islands | Add-curve (mean): 7 islands, n=2831 -> corr=0.0890
2026-03-02 23:30:58 | INFO | src.tmc_shapley_islands | Add-curve (mean): 8 islands, n=3123 -> corr=0.0399
2026-03-02 23:31:00 | INFO | src.tmc_shapley_islands | Add-curve (mean): 9 islands, n=3681 -> corr=0.0244
2026-03-02 23:31:01 | INFO | src.tmc_shapley_islands | Add-curve (mean): 10 islands, n=4167 -> corr=0.0682
2026-03-02 23:31:03 | INFO | src.tmc_shapley_islands | Add-curve (mean): 11 islands, n=4564 -> corr=0.0600
2026-03-02 23:31:05 | INFO | src.tmc_shapley_islands | Add-curve (mean): 12 islands, n=4823 -> corr=0.0766
2026-03-02 23:31:07 | INFO | src.tmc_shapley_islands | Add-curve (mean): 13 islands, n=5017 -> corr=0.0848
2026-03-02 23:31:09 | INFO | src.tmc_shapley_islands | Add-curve (mean): 14 islands, n=5373 -> corr=0.1426
2026-03-02 23:31:11 | INFO | src.tmc_shapley_islands | Add-curve (mean): 15 islands, n=5531 -> corr=0.1755
2026-03-02 23:31:24 | INFO | src.tmc_shapley_islands | Random individual add-curve (seed=0) complete
2026-03-02 23:31:40 | INFO | src.tmc_shapley_islands | Random individual add-curve (seed=1) complete
2026-03-02 23:31:52 | INFO | src.tmc_shapley_islands | Random individual add-curve (seed=2) complete
2026-03-02 23:32:04 | INFO | src.tmc_shapley_islands | Random individual add-curve (seed=3) complete
2026-03-02 23:32:20 | INFO | src.tmc_shapley_islands | Random individual add-curve (seed=4) complete
2026-03-02 23:32:20 | INFO | src.tmc_shapley_islands | Building mirrored remove-islands curve from add-islands curve...
2026-03-02 23:32:20 | INFO | src.tmc_shapley_islands | Saved Shapley values to outputs/tmc_shapley_sweep2_2/shards/shard_004/tmp/shapley_island_values_target_9.csv
2026-03-02 23:32:20 | INFO | src.tmc_shapley_islands | Saved summary to outputs/tmc_shapley_sweep2_2/shards/shard_004/tmp/tmc_summary_target_9.json
2026-03-02 23:32:20 | INFO | src.tmc_shapley_islands | Saved intermediate ranking trace to outputs/tmc_shapley_sweep2_2/shards/shard_004/tmp/tmc_intermediate_rankings_target_9.csv
2026-03-02 23:32:20 | INFO | src.tmc_shapley_islands | Saved add-curve to outputs/tmc_shapley_sweep2_2/shards/shard_004/tmp/add_curve_target_9.csv
2026-03-02 23:32:20 | INFO | src.tmc_shapley_islands | Saved remove-curve to outputs/tmc_shapley_sweep2_2/shards/shard_004/tmp/remove_curve_target_9.csv
2026-03-02 23:32:21 | INFO | src.tmc_shapley_islands | Saved bar plot to outputs/tmc_shapley_sweep2_2/shards/shard_004/tmp/shapley_bar_target_9.png
2026-03-02 23:32:21 | INFO | src.tmc_shapley_islands | Saved add-curve plot to outputs/tmc_shapley_sweep2_2/shards/shard_004/tmp/add_curve_target_9.png
2026-03-02 23:32:22 | INFO | src.tmc_shapley_islands | Saved remove-curve plot to outputs/tmc_shapley_sweep2_2/shards/shard_004/tmp/remove_curve_target_9.png
2026-03-02 23:32:22 | INFO | __main__ | Shard 4/5 progress 3/50 | target=9 cal=0.050 perm=25 repeat=4
2026-03-02 23:32:22 | INFO | src.tmc_shapley_islands | [Shapley] Target island: 9 (Sleneset), source islands: 15
2026-03-02 23:32:23 | INFO | src.tmc_shapley_islands | Data: source=5531 (across 15 islands), cal=8, test=125
2026-03-02 23:32:23 | INFO | src.tmc_shapley_islands | SNP selection: using fixed precomputed subset (n=20000)
2026-03-02 23:32:23 | INFO | src.tmc_shapley_islands | Island counts (capped to None in training):
  Nesøy: n=119
  Myken: n=92
  Træna: n=292
  Selvær: n=194
  Gjerøy: n=558
  Hestmannøy: n=1078
  Indre Kvarøy: n=356
  Onøy og Lurøy: n=259
  Lovund: n=158
  Aldra: n=173
  Southern 1: n=583
  Southern 2: n=397
  Southern 3: n=584
  Southern 4: n=486
  Southern 5: n=202
2026-03-02 23:32:23 | INFO | src.tmc_shapley_islands | Loaded 134 cached utilities from outputs/tmc_shapley_sweep2_2/cache/utility_cache_target_9_seed_1032463046.json
2026-03-02 23:32:23 | INFO | src.tmc_shapley_islands | Running TMC-Shapley with 25 permutations (utility on cal set)...
2026-03-02 23:32:23 | INFO | src.tmc_shapley_islands | Computing V_full over all 15 source islands...
2026-03-02 23:32:23 | INFO | src.tmc_shapley_islands | V_full = -0.1728
2026-03-02 23:32:23 | INFO | src.tmc_shapley_islands | TMC head-start: loaded 10 completed permutations from state outputs/tmc_shapley_sweep2_2/cache/tmc_perm_state_target_9_seed_1032463046.json
2026-03-02 23:33:36 | INFO | src.tmc_shapley_islands | TMC progress: 15/25 permutations done, cache hit rate: 17.1%, n_evals: 63
2026-03-02 23:35:02 | INFO | src.tmc_shapley_islands | TMC progress: 20/25 permutations done, cache hit rate: 17.2%, n_evals: 125
2026-03-02 23:35:59 | INFO | src.tmc_shapley_islands | TMC progress: 25/25 permutations done, cache hit rate: 19.5%, n_evals: 182
2026-03-02 23:35:59 | INFO | src.tmc_shapley_islands | TMC complete: 25 permutations, 0 truncated, 182 utility evals, cache hit rate: 19.5%
2026-03-02 23:35:59 | INFO | src.tmc_shapley_islands | Shapley values (phi, computed on cal set):
2026-03-02 23:35:59 | INFO | src.tmc_shapley_islands |   Nesøy: phi=0.030093, phi/n=0.00025288
2026-03-02 23:35:59 | INFO | src.tmc_shapley_islands |   Myken: phi=0.337648, phi/n=0.00367009
2026-03-02 23:35:59 | INFO | src.tmc_shapley_islands |   Træna: phi=0.037900, phi/n=0.00012979
2026-03-02 23:35:59 | INFO | src.tmc_shapley_islands |   Selvær: phi=-0.128623, phi/n=-0.00066300
2026-03-02 23:35:59 | INFO | src.tmc_shapley_islands |   Gjerøy: phi=-0.341578, phi/n=-0.00061215
2026-03-02 23:35:59 | INFO | src.tmc_shapley_islands |   Hestmannøy: phi=0.442401, phi/n=0.00041039
2026-03-02 23:35:59 | INFO | src.tmc_shapley_islands |   Indre Kvarøy: phi=-0.182616, phi/n=-0.00051296
2026-03-02 23:35:59 | INFO | src.tmc_shapley_islands |   Onøy og Lurøy: phi=0.163628, phi/n=0.00063177
2026-03-02 23:35:59 | INFO | src.tmc_shapley_islands |   Lovund: phi=0.014227, phi/n=0.00009004
2026-03-02 23:35:59 | INFO | src.tmc_shapley_islands |   Aldra: phi=0.000395, phi/n=0.00000228
2026-03-02 23:35:59 | INFO | src.tmc_shapley_islands |   Southern 1: phi=-0.110218, phi/n=-0.00018905
2026-03-02 23:35:59 | INFO | src.tmc_shapley_islands |   Southern 2: phi=-0.293405, phi/n=-0.00073906
2026-03-02 23:35:59 | INFO | src.tmc_shapley_islands |   Southern 3: phi=-0.063022, phi/n=-0.00010791
2026-03-02 23:35:59 | INFO | src.tmc_shapley_islands |   Southern 4: phi=0.029331, phi/n=0.00006035
2026-03-02 23:35:59 | INFO | src.tmc_shapley_islands |   Southern 5: phi=-0.108974, phi/n=-0.00053947
2026-03-02 23:35:59 | INFO | src.tmc_shapley_islands | Curve retraining early stopping: enabled=True, patience=20
2026-03-02 23:35:59 | INFO | src.tmc_shapley_islands | Computing add-islands curve (evaluated on test set)...
2026-03-02 23:35:59 | INFO | src.tmc_shapley_islands | Add-curve (mean): 1 islands, n=92 -> corr=0.1156
2026-03-02 23:35:59 | INFO | src.tmc_shapley_islands | Add-curve (mean): 2 islands, n=351 -> corr=0.0976
2026-03-02 23:36:00 | INFO | src.tmc_shapley_islands | Add-curve (mean): 3 islands, n=1429 -> corr=0.0703
2026-03-02 23:36:00 | INFO | src.tmc_shapley_islands | Add-curve (mean): 4 islands, n=1548 -> corr=0.1025
2026-03-02 23:36:01 | INFO | src.tmc_shapley_islands | Add-curve (mean): 5 islands, n=1840 -> corr=0.0451
2026-03-02 23:36:02 | INFO | src.tmc_shapley_islands | Add-curve (mean): 6 islands, n=1998 -> corr=0.0892
2026-03-02 23:36:03 | INFO | src.tmc_shapley_islands | Add-curve (mean): 7 islands, n=2484 -> corr=0.1081
2026-03-02 23:36:04 | INFO | src.tmc_shapley_islands | Add-curve (mean): 8 islands, n=2657 -> corr=0.1136
2026-03-02 23:36:05 | INFO | src.tmc_shapley_islands | Add-curve (mean): 9 islands, n=3241 -> corr=0.1223
2026-03-02 23:36:06 | INFO | src.tmc_shapley_islands | Add-curve (mean): 10 islands, n=3824 -> corr=0.1410
2026-03-02 23:36:08 | INFO | src.tmc_shapley_islands | Add-curve (mean): 11 islands, n=4180 -> corr=0.1680
2026-03-02 23:36:09 | INFO | src.tmc_shapley_islands | Add-curve (mean): 12 islands, n=4382 -> corr=0.1740
2026-03-02 23:36:11 | INFO | src.tmc_shapley_islands | Add-curve (mean): 13 islands, n=4940 -> corr=0.1397
2026-03-02 23:36:13 | INFO | src.tmc_shapley_islands | Add-curve (mean): 14 islands, n=5134 -> corr=0.1361
2026-03-02 23:36:16 | INFO | src.tmc_shapley_islands | Add-curve (mean): 15 islands, n=5531 -> corr=0.1415
2026-03-02 23:36:29 | INFO | src.tmc_shapley_islands | Random individual add-curve (seed=0) complete
2026-03-02 23:36:45 | INFO | src.tmc_shapley_islands | Random individual add-curve (seed=1) complete
2026-03-02 23:37:01 | INFO | src.tmc_shapley_islands | Random individual add-curve (seed=2) complete
2026-03-02 23:37:14 | INFO | src.tmc_shapley_islands | Random individual add-curve (seed=3) complete
2026-03-02 23:37:26 | INFO | src.tmc_shapley_islands | Random individual add-curve (seed=4) complete
2026-03-02 23:37:26 | INFO | src.tmc_shapley_islands | Building mirrored remove-islands curve from add-islands curve...
2026-03-02 23:37:26 | INFO | src.tmc_shapley_islands | Saved Shapley values to outputs/tmc_shapley_sweep2_2/shards/shard_004/tmp/shapley_island_values_target_9.csv
2026-03-02 23:37:26 | INFO | src.tmc_shapley_islands | Saved summary to outputs/tmc_shapley_sweep2_2/shards/shard_004/tmp/tmc_summary_target_9.json
2026-03-02 23:37:26 | INFO | src.tmc_shapley_islands | Saved intermediate ranking trace to outputs/tmc_shapley_sweep2_2/shards/shard_004/tmp/tmc_intermediate_rankings_target_9.csv
2026-03-02 23:37:26 | INFO | src.tmc_shapley_islands | Saved add-curve to outputs/tmc_shapley_sweep2_2/shards/shard_004/tmp/add_curve_target_9.csv
2026-03-02 23:37:26 | INFO | src.tmc_shapley_islands | Saved remove-curve to outputs/tmc_shapley_sweep2_2/shards/shard_004/tmp/remove_curve_target_9.csv
2026-03-02 23:37:27 | INFO | src.tmc_shapley_islands | Saved bar plot to outputs/tmc_shapley_sweep2_2/shards/shard_004/tmp/shapley_bar_target_9.png
2026-03-02 23:37:27 | INFO | src.tmc_shapley_islands | Saved add-curve plot to outputs/tmc_shapley_sweep2_2/shards/shard_004/tmp/add_curve_target_9.png
2026-03-02 23:37:28 | INFO | src.tmc_shapley_islands | Saved remove-curve plot to outputs/tmc_shapley_sweep2_2/shards/shard_004/tmp/remove_curve_target_9.png
2026-03-02 23:37:28 | INFO | __main__ | Shard 4/5 progress 4/50 | target=9 cal=0.050 perm=25 repeat=9
2026-03-02 23:37:28 | INFO | src.tmc_shapley_islands | [Shapley] Target island: 9 (Sleneset), source islands: 15
2026-03-02 23:37:28 | INFO | src.tmc_shapley_islands | Data: source=5531 (across 15 islands), cal=8, test=125
2026-03-02 23:37:28 | INFO | src.tmc_shapley_islands | SNP selection: using fixed precomputed subset (n=20000)
2026-03-02 23:37:28 | INFO | src.tmc_shapley_islands | Island counts (capped to None in training):
  Nesøy: n=119
  Myken: n=92
  Træna: n=292
  Selvær: n=194
  Gjerøy: n=558
  Hestmannøy: n=1078
  Indre Kvarøy: n=356
  Onøy og Lurøy: n=259
  Lovund: n=158
  Aldra: n=173
  Southern 1: n=583
  Southern 2: n=397
  Southern 3: n=584
  Southern 4: n=486
  Southern 5: n=202
2026-03-02 23:37:28 | INFO | src.tmc_shapley_islands | Loaded 136 cached utilities from outputs/tmc_shapley_sweep2_2/cache/utility_cache_target_9_seed_964385962.json
2026-03-02 23:37:28 | INFO | src.tmc_shapley_islands | Running TMC-Shapley with 25 permutations (utility on cal set)...
2026-03-02 23:37:28 | INFO | src.tmc_shapley_islands | Computing V_full over all 15 source islands...
2026-03-02 23:37:28 | INFO | src.tmc_shapley_islands | V_full = -0.1932
2026-03-02 23:37:28 | INFO | src.tmc_shapley_islands | TMC head-start: loaded 10 completed permutations from state outputs/tmc_shapley_sweep2_2/cache/tmc_perm_state_target_9_seed_964385962.json
2026-03-02 23:38:36 | INFO | src.tmc_shapley_islands | TMC progress: 15/25 permutations done, cache hit rate: 21.1%, n_evals: 60
2026-03-02 23:39:49 | INFO | src.tmc_shapley_islands | TMC progress: 20/25 permutations done, cache hit rate: 19.2%, n_evals: 122
2026-03-02 23:40:53 | INFO | src.tmc_shapley_islands | TMC progress: 25/25 permutations done, cache hit rate: 19.0%, n_evals: 183
2026-03-02 23:40:53 | INFO | src.tmc_shapley_islands | TMC complete: 25 permutations, 0 truncated, 183 utility evals, cache hit rate: 19.0%
2026-03-02 23:40:53 | INFO | src.tmc_shapley_islands | Shapley values (phi, computed on cal set):
2026-03-02 23:40:53 | INFO | src.tmc_shapley_islands |   Nesøy: phi=0.040065, phi/n=0.00033668
2026-03-02 23:40:53 | INFO | src.tmc_shapley_islands |   Myken: phi=0.064841, phi/n=0.00070479
2026-03-02 23:40:53 | INFO | src.tmc_shapley_islands |   Træna: phi=-0.013704, phi/n=-0.00004693
2026-03-02 23:40:53 | INFO | src.tmc_shapley_islands |   Selvær: phi=-0.118063, phi/n=-0.00060857
2026-03-02 23:40:53 | INFO | src.tmc_shapley_islands |   Gjerøy: phi=-0.031117, phi/n=-0.00005576
2026-03-02 23:40:53 | INFO | src.tmc_shapley_islands |   Hestmannøy: phi=0.297508, phi/n=0.00027598
2026-03-02 23:40:53 | INFO | src.tmc_shapley_islands |   Indre Kvarøy: phi=-0.298156, phi/n=-0.00083752
2026-03-02 23:40:53 | INFO | src.tmc_shapley_islands |   Onøy og Lurøy: phi=-0.191898, phi/n=-0.00074092
2026-03-02 23:40:53 | INFO | src.tmc_shapley_islands |   Lovund: phi=-0.252599, phi/n=-0.00159873
2026-03-02 23:40:53 | INFO | src.tmc_shapley_islands |   Aldra: phi=0.176665, phi/n=0.00102118
2026-03-02 23:40:53 | INFO | src.tmc_shapley_islands |   Southern 1: phi=0.140465, phi/n=0.00024093
2026-03-02 23:40:53 | INFO | src.tmc_shapley_islands |   Southern 2: phi=-0.169443, phi/n=-0.00042681
2026-03-02 23:40:53 | INFO | src.tmc_shapley_islands |   Southern 3: phi=0.176865, phi/n=0.00030285
2026-03-02 23:40:53 | INFO | src.tmc_shapley_islands |   Southern 4: phi=-0.115120, phi/n=-0.00023687
2026-03-02 23:40:53 | INFO | src.tmc_shapley_islands |   Southern 5: phi=0.100502, phi/n=0.00049754
2026-03-02 23:40:53 | INFO | src.tmc_shapley_islands | Curve retraining early stopping: enabled=True, patience=20
2026-03-02 23:40:53 | INFO | src.tmc_shapley_islands | Computing add-islands curve (evaluated on test set)...
2026-03-02 23:40:54 | INFO | src.tmc_shapley_islands | Add-curve (mean): 1 islands, n=173 -> corr=-0.0224
2026-03-02 23:40:54 | INFO | src.tmc_shapley_islands | Add-curve (mean): 2 islands, n=265 -> corr=0.0794
2026-03-02 23:40:54 | INFO | src.tmc_shapley_islands | Add-curve (mean): 3 islands, n=467 -> corr=0.0802
2026-03-02 23:40:54 | INFO | src.tmc_shapley_islands | Add-curve (mean): 4 islands, n=586 -> corr=0.1273
2026-03-02 23:40:55 | INFO | src.tmc_shapley_islands | Add-curve (mean): 5 islands, n=1170 -> corr=0.1654
2026-03-02 23:40:55 | INFO | src.tmc_shapley_islands | Add-curve (mean): 6 islands, n=2248 -> corr=0.0836
2026-03-02 23:40:56 | INFO | src.tmc_shapley_islands | Add-curve (mean): 7 islands, n=2831 -> corr=0.0890
2026-03-02 23:40:58 | INFO | src.tmc_shapley_islands | Add-curve (mean): 8 islands, n=3123 -> corr=0.0399
2026-03-02 23:40:59 | INFO | src.tmc_shapley_islands | Add-curve (mean): 9 islands, n=3681 -> corr=0.0244
2026-03-02 23:41:01 | INFO | src.tmc_shapley_islands | Add-curve (mean): 10 islands, n=4167 -> corr=0.0682
2026-03-02 23:41:02 | INFO | src.tmc_shapley_islands | Add-curve (mean): 11 islands, n=4564 -> corr=0.0600
2026-03-02 23:41:04 | INFO | src.tmc_shapley_islands | Add-curve (mean): 12 islands, n=4758 -> corr=0.0658
2026-03-02 23:41:06 | INFO | src.tmc_shapley_islands | Add-curve (mean): 13 islands, n=5017 -> corr=0.0848
2026-03-02 23:41:08 | INFO | src.tmc_shapley_islands | Add-curve (mean): 14 islands, n=5373 -> corr=0.1426
2026-03-02 23:41:11 | INFO | src.tmc_shapley_islands | Add-curve (mean): 15 islands, n=5531 -> corr=0.1755
2026-03-02 23:41:23 | INFO | src.tmc_shapley_islands | Random individual add-curve (seed=0) complete
2026-03-02 23:41:35 | INFO | src.tmc_shapley_islands | Random individual add-curve (seed=1) complete
2026-03-02 23:41:47 | INFO | src.tmc_shapley_islands | Random individual add-curve (seed=2) complete
2026-03-02 23:41:59 | INFO | src.tmc_shapley_islands | Random individual add-curve (seed=3) complete
2026-03-02 23:42:18 | INFO | src.tmc_shapley_islands | Random individual add-curve (seed=4) complete
2026-03-02 23:42:18 | INFO | src.tmc_shapley_islands | Building mirrored remove-islands curve from add-islands curve...
2026-03-02 23:42:18 | INFO | src.tmc_shapley_islands | Saved Shapley values to outputs/tmc_shapley_sweep2_2/shards/shard_004/tmp/shapley_island_values_target_9.csv
2026-03-02 23:42:18 | INFO | src.tmc_shapley_islands | Saved summary to outputs/tmc_shapley_sweep2_2/shards/shard_004/tmp/tmc_summary_target_9.json
2026-03-02 23:42:18 | INFO | src.tmc_shapley_islands | Saved intermediate ranking trace to outputs/tmc_shapley_sweep2_2/shards/shard_004/tmp/tmc_intermediate_rankings_target_9.csv
2026-03-02 23:42:18 | INFO | src.tmc_shapley_islands | Saved add-curve to outputs/tmc_shapley_sweep2_2/shards/shard_004/tmp/add_curve_target_9.csv
2026-03-02 23:42:18 | INFO | src.tmc_shapley_islands | Saved remove-curve to outputs/tmc_shapley_sweep2_2/shards/shard_004/tmp/remove_curve_target_9.csv
2026-03-02 23:42:18 | INFO | src.tmc_shapley_islands | Saved bar plot to outputs/tmc_shapley_sweep2_2/shards/shard_004/tmp/shapley_bar_target_9.png
2026-03-02 23:42:19 | INFO | src.tmc_shapley_islands | Saved add-curve plot to outputs/tmc_shapley_sweep2_2/shards/shard_004/tmp/add_curve_target_9.png
2026-03-02 23:42:19 | INFO | src.tmc_shapley_islands | Saved remove-curve plot to outputs/tmc_shapley_sweep2_2/shards/shard_004/tmp/remove_curve_target_9.png
2026-03-02 23:42:19 | INFO | __main__ | Shard 4/5 progress 5/50 | target=9 cal=0.050 perm=50 repeat=4
2026-03-02 23:42:19 | INFO | src.tmc_shapley_islands | [Shapley] Target island: 9 (Sleneset), source islands: 15
2026-03-02 23:42:20 | INFO | src.tmc_shapley_islands | Data: source=5531 (across 15 islands), cal=8, test=125
2026-03-02 23:42:20 | INFO | src.tmc_shapley_islands | SNP selection: using fixed precomputed subset (n=20000)
2026-03-02 23:42:20 | INFO | src.tmc_shapley_islands | Island counts (capped to None in training):
  Nesøy: n=119
  Myken: n=92
  Træna: n=292
  Selvær: n=194
  Gjerøy: n=558
  Hestmannøy: n=1078
  Indre Kvarøy: n=356
  Onøy og Lurøy: n=259
  Lovund: n=158
  Aldra: n=173
  Southern 1: n=583
  Southern 2: n=397
  Southern 3: n=584
  Southern 4: n=486
  Southern 5: n=202
2026-03-02 23:42:20 | INFO | src.tmc_shapley_islands | Loaded 316 cached utilities from outputs/tmc_shapley_sweep2_2/cache/utility_cache_target_9_seed_1032463046.json
2026-03-02 23:42:20 | INFO | src.tmc_shapley_islands | Running TMC-Shapley with 50 permutations (utility on cal set)...
2026-03-02 23:42:20 | INFO | src.tmc_shapley_islands | Computing V_full over all 15 source islands...
2026-03-02 23:42:20 | INFO | src.tmc_shapley_islands | V_full = -0.1728
2026-03-02 23:42:20 | INFO | src.tmc_shapley_islands | TMC head-start: loaded 25 completed permutations from state outputs/tmc_shapley_sweep2_2/cache/tmc_perm_state_target_9_seed_1032463046.json
2026-03-02 23:43:44 | INFO | src.tmc_shapley_islands | TMC progress: 30/50 permutations done, cache hit rate: 22.4%, n_evals: 59
2026-03-02 23:46:05 | INFO | src.tmc_shapley_islands | TMC progress: 40/50 permutations done, cache hit rate: 21.2%, n_evals: 178
2026-03-02 23:48:14 | INFO | src.tmc_shapley_islands | TMC progress: 50/50 permutations done, cache hit rate: 23.7%, n_evals: 287
2026-03-02 23:48:14 | INFO | src.tmc_shapley_islands | TMC complete: 50 permutations, 0 truncated, 287 utility evals, cache hit rate: 23.7%
2026-03-02 23:48:14 | INFO | src.tmc_shapley_islands | Shapley values (phi, computed on cal set):
2026-03-02 23:48:14 | INFO | src.tmc_shapley_islands |   Nesøy: phi=0.031815, phi/n=0.00026735
2026-03-02 23:48:14 | INFO | src.tmc_shapley_islands |   Myken: phi=0.324313, phi/n=0.00352514
2026-03-02 23:48:14 | INFO | src.tmc_shapley_islands |   Træna: phi=0.047712, phi/n=0.00016340
2026-03-02 23:48:14 | INFO | src.tmc_shapley_islands |   Selvær: phi=-0.144049, phi/n=-0.00074252
2026-03-02 23:48:14 | INFO | src.tmc_shapley_islands |   Gjerøy: phi=-0.345820, phi/n=-0.00061975
2026-03-02 23:48:14 | INFO | src.tmc_shapley_islands |   Hestmannøy: phi=0.428471, phi/n=0.00039747
2026-03-02 23:48:14 | INFO | src.tmc_shapley_islands |   Indre Kvarøy: phi=-0.192925, phi/n=-0.00054192
2026-03-02 23:48:14 | INFO | src.tmc_shapley_islands |   Onøy og Lurøy: phi=0.180749, phi/n=0.00069787
2026-03-02 23:48:14 | INFO | src.tmc_shapley_islands |   Lovund: phi=0.011630, phi/n=0.00007361
2026-03-02 23:48:14 | INFO | src.tmc_shapley_islands |   Aldra: phi=0.009789, phi/n=0.00005659
2026-03-02 23:48:14 | INFO | src.tmc_shapley_islands |   Southern 1: phi=-0.105540, phi/n=-0.00018103
2026-03-02 23:48:14 | INFO | src.tmc_shapley_islands |   Southern 2: phi=-0.269776, phi/n=-0.00067954
2026-03-02 23:48:14 | INFO | src.tmc_shapley_islands |   Southern 3: phi=-0.050719, phi/n=-0.00008685
2026-03-02 23:48:14 | INFO | src.tmc_shapley_islands |   Southern 4: phi=0.026303, phi/n=0.00005412
2026-03-02 23:48:14 | INFO | src.tmc_shapley_islands |   Southern 5: phi=-0.124768, phi/n=-0.00061766
2026-03-02 23:48:14 | INFO | src.tmc_shapley_islands | Curve retraining early stopping: enabled=True, patience=20
2026-03-02 23:48:14 | INFO | src.tmc_shapley_islands | Computing add-islands curve (evaluated on test set)...
2026-03-02 23:48:14 | INFO | src.tmc_shapley_islands | Add-curve (mean): 1 islands, n=92 -> corr=0.1156
2026-03-02 23:48:14 | INFO | src.tmc_shapley_islands | Add-curve (mean): 2 islands, n=351 -> corr=0.0976
2026-03-02 23:48:15 | INFO | src.tmc_shapley_islands | Add-curve (mean): 3 islands, n=1429 -> corr=0.0703
2026-03-02 23:48:15 | INFO | src.tmc_shapley_islands | Add-curve (mean): 4 islands, n=1548 -> corr=0.1025
2026-03-02 23:48:16 | INFO | src.tmc_shapley_islands | Add-curve (mean): 5 islands, n=1840 -> corr=0.0451
2026-03-02 23:48:17 | INFO | src.tmc_shapley_islands | Add-curve (mean): 6 islands, n=1998 -> corr=0.0892
2026-03-02 23:48:17 | INFO | src.tmc_shapley_islands | Add-curve (mean): 7 islands, n=2171 -> corr=0.0942
2026-03-02 23:48:18 | INFO | src.tmc_shapley_islands | Add-curve (mean): 8 islands, n=2657 -> corr=0.1136
2026-03-02 23:48:20 | INFO | src.tmc_shapley_islands | Add-curve (mean): 9 islands, n=3241 -> corr=0.1223
2026-03-02 23:48:21 | INFO | src.tmc_shapley_islands | Add-curve (mean): 10 islands, n=3824 -> corr=0.1410
2026-03-02 23:48:22 | INFO | src.tmc_shapley_islands | Add-curve (mean): 11 islands, n=4180 -> corr=0.1680
2026-03-02 23:48:24 | INFO | src.tmc_shapley_islands | Add-curve (mean): 12 islands, n=4382 -> corr=0.1740
2026-03-02 23:48:26 | INFO | src.tmc_shapley_islands | Add-curve (mean): 13 islands, n=4940 -> corr=0.1397
2026-03-02 23:48:28 | INFO | src.tmc_shapley_islands | Add-curve (mean): 14 islands, n=5337 -> corr=0.1443
2026-03-02 23:48:31 | INFO | src.tmc_shapley_islands | Add-curve (mean): 15 islands, n=5531 -> corr=0.1415
2026-03-02 23:48:43 | INFO | src.tmc_shapley_islands | Random individual add-curve (seed=0) complete
2026-03-02 23:49:01 | INFO | src.tmc_shapley_islands | Random individual add-curve (seed=1) complete
2026-03-02 23:49:13 | INFO | src.tmc_shapley_islands | Random individual add-curve (seed=2) complete
2026-03-02 23:49:31 | INFO | src.tmc_shapley_islands | Random individual add-curve (seed=3) complete
2026-03-02 23:49:42 | INFO | src.tmc_shapley_islands | Random individual add-curve (seed=4) complete
2026-03-02 23:49:42 | INFO | src.tmc_shapley_islands | Building mirrored remove-islands curve from add-islands curve...
2026-03-02 23:49:42 | INFO | src.tmc_shapley_islands | Saved Shapley values to outputs/tmc_shapley_sweep2_2/shards/shard_004/tmp/shapley_island_values_target_9.csv
2026-03-02 23:49:42 | INFO | src.tmc_shapley_islands | Saved summary to outputs/tmc_shapley_sweep2_2/shards/shard_004/tmp/tmc_summary_target_9.json
2026-03-02 23:49:42 | INFO | src.tmc_shapley_islands | Saved intermediate ranking trace to outputs/tmc_shapley_sweep2_2/shards/shard_004/tmp/tmc_intermediate_rankings_target_9.csv
2026-03-02 23:49:42 | INFO | src.tmc_shapley_islands | Saved add-curve to outputs/tmc_shapley_sweep2_2/shards/shard_004/tmp/add_curve_target_9.csv
2026-03-02 23:49:42 | INFO | src.tmc_shapley_islands | Saved remove-curve to outputs/tmc_shapley_sweep2_2/shards/shard_004/tmp/remove_curve_target_9.csv
2026-03-02 23:49:43 | INFO | src.tmc_shapley_islands | Saved bar plot to outputs/tmc_shapley_sweep2_2/shards/shard_004/tmp/shapley_bar_target_9.png
2026-03-02 23:49:43 | INFO | src.tmc_shapley_islands | Saved add-curve plot to outputs/tmc_shapley_sweep2_2/shards/shard_004/tmp/add_curve_target_9.png
2026-03-02 23:49:44 | INFO | src.tmc_shapley_islands | Saved remove-curve plot to outputs/tmc_shapley_sweep2_2/shards/shard_004/tmp/remove_curve_target_9.png
2026-03-02 23:49:44 | INFO | __main__ | Shard 4/5 progress 6/50 | target=9 cal=0.050 perm=50 repeat=9
2026-03-02 23:49:44 | INFO | src.tmc_shapley_islands | [Shapley] Target island: 9 (Sleneset), source islands: 15
2026-03-02 23:49:45 | INFO | src.tmc_shapley_islands | Data: source=5531 (across 15 islands), cal=8, test=125
2026-03-02 23:49:45 | INFO | src.tmc_shapley_islands | SNP selection: using fixed precomputed subset (n=20000)
2026-03-02 23:49:45 | INFO | src.tmc_shapley_islands | Island counts (capped to None in training):
  Nesøy: n=119
  Myken: n=92
  Træna: n=292
  Selvær: n=194
  Gjerøy: n=558
  Hestmannøy: n=1078
  Indre Kvarøy: n=356
  Onøy og Lurøy: n=259
  Lovund: n=158
  Aldra: n=173
  Southern 1: n=583
  Southern 2: n=397
  Southern 3: n=584
  Southern 4: n=486
  Southern 5: n=202
2026-03-02 23:49:45 | INFO | src.tmc_shapley_islands | Loaded 319 cached utilities from outputs/tmc_shapley_sweep2_2/cache/utility_cache_target_9_seed_964385962.json
2026-03-02 23:49:45 | INFO | src.tmc_shapley_islands | Running TMC-Shapley with 50 permutations (utility on cal set)...
2026-03-02 23:49:45 | INFO | src.tmc_shapley_islands | Computing V_full over all 15 source islands...
2026-03-02 23:49:45 | INFO | src.tmc_shapley_islands | V_full = -0.1932
2026-03-02 23:49:45 | INFO | src.tmc_shapley_islands | TMC head-start: loaded 25 completed permutations from state outputs/tmc_shapley_sweep2_2/cache/tmc_perm_state_target_9_seed_964385962.json
2026-03-02 23:50:50 | INFO | src.tmc_shapley_islands | TMC progress: 30/50 permutations done, cache hit rate: 21.1%, n_evals: 60
2026-03-02 23:52:56 | INFO | src.tmc_shapley_islands | TMC progress: 40/50 permutations done, cache hit rate: 26.1%, n_evals: 167
2026-03-02 23:55:14 | INFO | src.tmc_shapley_islands | TMC progress: 50/50 permutations done, cache hit rate: 26.1%, n_evals: 278
2026-03-02 23:55:14 | INFO | src.tmc_shapley_islands | TMC complete: 50 permutations, 0 truncated, 278 utility evals, cache hit rate: 26.1%
2026-03-02 23:55:14 | INFO | src.tmc_shapley_islands | Shapley values (phi, computed on cal set):
2026-03-02 23:55:14 | INFO | src.tmc_shapley_islands |   Nesøy: phi=0.037624, phi/n=0.00031617
2026-03-02 23:55:14 | INFO | src.tmc_shapley_islands |   Myken: phi=0.063625, phi/n=0.00069158
2026-03-02 23:55:14 | INFO | src.tmc_shapley_islands |   Træna: phi=-0.037128, phi/n=-0.00012715
2026-03-02 23:55:14 | INFO | src.tmc_shapley_islands |   Selvær: phi=-0.112659, phi/n=-0.00058071
2026-03-02 23:55:14 | INFO | src.tmc_shapley_islands |   Gjerøy: phi=-0.041172, phi/n=-0.00007379
2026-03-02 23:55:14 | INFO | src.tmc_shapley_islands |   Hestmannøy: phi=0.312610, phi/n=0.00028999
2026-03-02 23:55:14 | INFO | src.tmc_shapley_islands |   Indre Kvarøy: phi=-0.334861, phi/n=-0.00094062
2026-03-02 23:55:14 | INFO | src.tmc_shapley_islands |   Onøy og Lurøy: phi=-0.192620, phi/n=-0.00074371
2026-03-02 23:55:14 | INFO | src.tmc_shapley_islands |   Lovund: phi=-0.234359, phi/n=-0.00148328
2026-03-02 23:55:14 | INFO | src.tmc_shapley_islands |   Aldra: phi=0.157178, phi/n=0.00090854
2026-03-02 23:55:14 | INFO | src.tmc_shapley_islands |   Southern 1: phi=0.165033, phi/n=0.00028308
2026-03-02 23:55:14 | INFO | src.tmc_shapley_islands |   Southern 2: phi=-0.164375, phi/n=-0.00041404
2026-03-02 23:55:14 | INFO | src.tmc_shapley_islands |   Southern 3: phi=0.184066, phi/n=0.00031518
2026-03-02 23:55:14 | INFO | src.tmc_shapley_islands |   Southern 4: phi=-0.116117, phi/n=-0.00023892
2026-03-02 23:55:14 | INFO | src.tmc_shapley_islands |   Southern 5: phi=0.119964, phi/n=0.00059388
2026-03-02 23:55:14 | INFO | src.tmc_shapley_islands | Curve retraining early stopping: enabled=True, patience=20
2026-03-02 23:55:14 | INFO | src.tmc_shapley_islands | Computing add-islands curve (evaluated on test set)...
2026-03-02 23:55:14 | INFO | src.tmc_shapley_islands | Add-curve (mean): 1 islands, n=173 -> corr=-0.0224
2026-03-02 23:55:14 | INFO | src.tmc_shapley_islands | Add-curve (mean): 2 islands, n=265 -> corr=0.0794
2026-03-02 23:55:14 | INFO | src.tmc_shapley_islands | Add-curve (mean): 3 islands, n=467 -> corr=0.0802
2026-03-02 23:55:14 | INFO | src.tmc_shapley_islands | Add-curve (mean): 4 islands, n=586 -> corr=0.1273
2026-03-02 23:55:14 | INFO | src.tmc_shapley_islands | Add-curve (mean): 5 islands, n=1170 -> corr=0.1654
2026-03-02 23:55:15 | INFO | src.tmc_shapley_islands | Add-curve (mean): 6 islands, n=2248 -> corr=0.0836
2026-03-02 23:55:16 | INFO | src.tmc_shapley_islands | Add-curve (mean): 7 islands, n=2831 -> corr=0.0890
2026-03-02 23:55:17 | INFO | src.tmc_shapley_islands | Add-curve (mean): 8 islands, n=3389 -> corr=0.0679
2026-03-02 23:55:19 | INFO | src.tmc_shapley_islands | Add-curve (mean): 9 islands, n=3681 -> corr=0.0244
2026-03-02 23:55:20 | INFO | src.tmc_shapley_islands | Add-curve (mean): 10 islands, n=4167 -> corr=0.0682
2026-03-02 23:55:22 | INFO | src.tmc_shapley_islands | Add-curve (mean): 11 islands, n=4564 -> corr=0.0600
2026-03-02 23:55:28 | INFO | src.tmc_shapley_islands | Add-curve (mean): 12 islands, n=4758 -> corr=0.0658
2026-03-02 23:55:34 | INFO | src.tmc_shapley_islands | Add-curve (mean): 13 islands, n=5017 -> corr=0.0848
2026-03-02 23:55:41 | INFO | src.tmc_shapley_islands | Add-curve (mean): 14 islands, n=5373 -> corr=0.1426
2026-03-02 23:55:46 | INFO | src.tmc_shapley_islands | Add-curve (mean): 15 islands, n=5531 -> corr=0.1755
2026-03-02 23:56:03 | INFO | src.tmc_shapley_islands | Random individual add-curve (seed=0) complete
2026-03-02 23:56:24 | INFO | src.tmc_shapley_islands | Random individual add-curve (seed=1) complete
2026-03-02 23:56:36 | INFO | src.tmc_shapley_islands | Random individual add-curve (seed=2) complete
2026-03-02 23:56:49 | INFO | src.tmc_shapley_islands | Random individual add-curve (seed=3) complete
2026-03-02 23:57:01 | INFO | src.tmc_shapley_islands | Random individual add-curve (seed=4) complete
2026-03-02 23:57:01 | INFO | src.tmc_shapley_islands | Building mirrored remove-islands curve from add-islands curve...
2026-03-02 23:57:01 | INFO | src.tmc_shapley_islands | Saved Shapley values to outputs/tmc_shapley_sweep2_2/shards/shard_004/tmp/shapley_island_values_target_9.csv
2026-03-02 23:57:01 | INFO | src.tmc_shapley_islands | Saved summary to outputs/tmc_shapley_sweep2_2/shards/shard_004/tmp/tmc_summary_target_9.json
2026-03-02 23:57:01 | INFO | src.tmc_shapley_islands | Saved intermediate ranking trace to outputs/tmc_shapley_sweep2_2/shards/shard_004/tmp/tmc_intermediate_rankings_target_9.csv
2026-03-02 23:57:01 | INFO | src.tmc_shapley_islands | Saved add-curve to outputs/tmc_shapley_sweep2_2/shards/shard_004/tmp/add_curve_target_9.csv
2026-03-02 23:57:01 | INFO | src.tmc_shapley_islands | Saved remove-curve to outputs/tmc_shapley_sweep2_2/shards/shard_004/tmp/remove_curve_target_9.csv
2026-03-02 23:57:01 | INFO | src.tmc_shapley_islands | Saved bar plot to outputs/tmc_shapley_sweep2_2/shards/shard_004/tmp/shapley_bar_target_9.png
2026-03-02 23:57:02 | INFO | src.tmc_shapley_islands | Saved add-curve plot to outputs/tmc_shapley_sweep2_2/shards/shard_004/tmp/add_curve_target_9.png
2026-03-02 23:57:03 | INFO | src.tmc_shapley_islands | Saved remove-curve plot to outputs/tmc_shapley_sweep2_2/shards/shard_004/tmp/remove_curve_target_9.png
2026-03-02 23:57:03 | INFO | __main__ | Shard 4/5 progress 7/50 | target=9 cal=0.050 perm=75 repeat=4
2026-03-02 23:57:03 | INFO | src.tmc_shapley_islands | [Shapley] Target island: 9 (Sleneset), source islands: 15
2026-03-02 23:57:03 | INFO | src.tmc_shapley_islands | Data: source=5531 (across 15 islands), cal=8, test=125
2026-03-02 23:57:03 | INFO | src.tmc_shapley_islands | SNP selection: using fixed precomputed subset (n=20000)
2026-03-02 23:57:03 | INFO | src.tmc_shapley_islands | Island counts (capped to None in training):
  Nesøy: n=119
  Myken: n=92
  Træna: n=292
  Selvær: n=194
  Gjerøy: n=558
  Hestmannøy: n=1078
  Indre Kvarøy: n=356
  Onøy og Lurøy: n=259
  Lovund: n=158
  Aldra: n=173
  Southern 1: n=583
  Southern 2: n=397
  Southern 3: n=584
  Southern 4: n=486
  Southern 5: n=202
2026-03-02 23:57:03 | INFO | src.tmc_shapley_islands | Loaded 603 cached utilities from outputs/tmc_shapley_sweep2_2/cache/utility_cache_target_9_seed_1032463046.json
2026-03-02 23:57:03 | INFO | src.tmc_shapley_islands | Running TMC-Shapley with 75 permutations (utility on cal set)...
2026-03-02 23:57:03 | INFO | src.tmc_shapley_islands | Computing V_full over all 15 source islands...
2026-03-02 23:57:03 | INFO | src.tmc_shapley_islands | V_full = -0.1728
2026-03-02 23:57:03 | INFO | src.tmc_shapley_islands | TMC head-start: loaded 50 completed permutations from state outputs/tmc_shapley_sweep2_2/cache/tmc_perm_state_target_9_seed_1032463046.json
2026-03-02 23:59:11 | INFO | src.tmc_shapley_islands | TMC progress: 60/75 permutations done, cache hit rate: 25.2%, n_evals: 113
2026-03-03 00:02:12 | INFO | src.tmc_shapley_islands | TMC progress: 75/75 permutations done, cache hit rate: 28.5%, n_evals: 269
2026-03-03 00:02:12 | INFO | src.tmc_shapley_islands | TMC complete: 75 permutations, 0 truncated, 269 utility evals, cache hit rate: 28.5%
2026-03-03 00:02:12 | INFO | src.tmc_shapley_islands | Shapley values (phi, computed on cal set):
2026-03-03 00:02:12 | INFO | src.tmc_shapley_islands |   Nesøy: phi=0.032266, phi/n=0.00027114
2026-03-03 00:02:12 | INFO | src.tmc_shapley_islands |   Myken: phi=0.293533, phi/n=0.00319058
2026-03-03 00:02:12 | INFO | src.tmc_shapley_islands |   Træna: phi=0.037074, phi/n=0.00012697
2026-03-03 00:02:12 | INFO | src.tmc_shapley_islands |   Selvær: phi=-0.145826, phi/n=-0.00075168
2026-03-03 00:02:12 | INFO | src.tmc_shapley_islands |   Gjerøy: phi=-0.331909, phi/n=-0.00059482
2026-03-03 00:02:12 | INFO | src.tmc_shapley_islands |   Hestmannøy: phi=0.403532, phi/n=0.00037433
2026-03-03 00:02:12 | INFO | src.tmc_shapley_islands |   Indre Kvarøy: phi=-0.166684, phi/n=-0.00046821
2026-03-03 00:02:12 | INFO | src.tmc_shapley_islands |   Onøy og Lurøy: phi=0.187677, phi/n=0.00072462
2026-03-03 00:02:12 | INFO | src.tmc_shapley_islands |   Lovund: phi=0.015613, phi/n=0.00009882
2026-03-03 00:02:12 | INFO | src.tmc_shapley_islands |   Aldra: phi=0.007898, phi/n=0.00004565
2026-03-03 00:02:12 | INFO | src.tmc_shapley_islands |   Southern 1: phi=-0.101783, phi/n=-0.00017458
2026-03-03 00:02:12 | INFO | src.tmc_shapley_islands |   Southern 2: phi=-0.259611, phi/n=-0.00065393
2026-03-03 00:02:12 | INFO | src.tmc_shapley_islands |   Southern 3: phi=-0.047178, phi/n=-0.00008078
2026-03-03 00:02:12 | INFO | src.tmc_shapley_islands |   Southern 4: phi=0.024756, phi/n=0.00005094
2026-03-03 00:02:12 | INFO | src.tmc_shapley_islands |   Southern 5: phi=-0.122173, phi/n=-0.00060482
2026-03-03 00:02:12 | INFO | src.tmc_shapley_islands | Curve retraining early stopping: enabled=True, patience=20
2026-03-03 00:02:12 | INFO | src.tmc_shapley_islands | Computing add-islands curve (evaluated on test set)...
2026-03-03 00:02:12 | INFO | src.tmc_shapley_islands | Add-curve (mean): 1 islands, n=92 -> corr=0.1156
2026-03-03 00:02:12 | INFO | src.tmc_shapley_islands | Add-curve (mean): 2 islands, n=351 -> corr=0.0976
2026-03-03 00:02:12 | INFO | src.tmc_shapley_islands | Add-curve (mean): 3 islands, n=1429 -> corr=0.0703
2026-03-03 00:02:13 | INFO | src.tmc_shapley_islands | Add-curve (mean): 4 islands, n=1548 -> corr=0.1025
2026-03-03 00:02:14 | INFO | src.tmc_shapley_islands | Add-curve (mean): 5 islands, n=1840 -> corr=0.0451
2026-03-03 00:02:14 | INFO | src.tmc_shapley_islands | Add-curve (mean): 6 islands, n=1998 -> corr=0.0892
2026-03-03 00:02:15 | INFO | src.tmc_shapley_islands | Add-curve (mean): 7 islands, n=2484 -> corr=0.1081
2026-03-03 00:02:16 | INFO | src.tmc_shapley_islands | Add-curve (mean): 8 islands, n=2657 -> corr=0.1136
2026-03-03 00:02:17 | INFO | src.tmc_shapley_islands | Add-curve (mean): 9 islands, n=3241 -> corr=0.1223
2026-03-03 00:02:19 | INFO | src.tmc_shapley_islands | Add-curve (mean): 10 islands, n=3824 -> corr=0.1410
2026-03-03 00:02:21 | INFO | src.tmc_shapley_islands | Add-curve (mean): 11 islands, n=4180 -> corr=0.1680
2026-03-03 00:02:22 | INFO | src.tmc_shapley_islands | Add-curve (mean): 12 islands, n=4738 -> corr=0.1334
2026-03-03 00:02:24 | INFO | src.tmc_shapley_islands | Add-curve (mean): 13 islands, n=4940 -> corr=0.1397
2026-03-03 00:02:26 | INFO | src.tmc_shapley_islands | Add-curve (mean): 14 islands, n=5337 -> corr=0.1443
2026-03-03 00:02:29 | INFO | src.tmc_shapley_islands | Add-curve (mean): 15 islands, n=5531 -> corr=0.1415
2026-03-03 00:02:41 | INFO | src.tmc_shapley_islands | Random individual add-curve (seed=0) complete
2026-03-03 00:02:53 | INFO | src.tmc_shapley_islands | Random individual add-curve (seed=1) complete
2026-03-03 00:03:05 | INFO | src.tmc_shapley_islands | Random individual add-curve (seed=2) complete
2026-03-03 00:03:17 | INFO | src.tmc_shapley_islands | Random individual add-curve (seed=3) complete
2026-03-03 00:03:30 | INFO | src.tmc_shapley_islands | Random individual add-curve (seed=4) complete
2026-03-03 00:03:30 | INFO | src.tmc_shapley_islands | Building mirrored remove-islands curve from add-islands curve...
2026-03-03 00:03:30 | INFO | src.tmc_shapley_islands | Saved Shapley values to outputs/tmc_shapley_sweep2_2/shards/shard_004/tmp/shapley_island_values_target_9.csv
2026-03-03 00:03:30 | INFO | src.tmc_shapley_islands | Saved summary to outputs/tmc_shapley_sweep2_2/shards/shard_004/tmp/tmc_summary_target_9.json
2026-03-03 00:03:30 | INFO | src.tmc_shapley_islands | Saved intermediate ranking trace to outputs/tmc_shapley_sweep2_2/shards/shard_004/tmp/tmc_intermediate_rankings_target_9.csv
2026-03-03 00:03:30 | INFO | src.tmc_shapley_islands | Saved add-curve to outputs/tmc_shapley_sweep2_2/shards/shard_004/tmp/add_curve_target_9.csv
2026-03-03 00:03:30 | INFO | src.tmc_shapley_islands | Saved remove-curve to outputs/tmc_shapley_sweep2_2/shards/shard_004/tmp/remove_curve_target_9.csv
2026-03-03 00:03:30 | INFO | src.tmc_shapley_islands | Saved bar plot to outputs/tmc_shapley_sweep2_2/shards/shard_004/tmp/shapley_bar_target_9.png
2026-03-03 00:03:31 | INFO | src.tmc_shapley_islands | Saved add-curve plot to outputs/tmc_shapley_sweep2_2/shards/shard_004/tmp/add_curve_target_9.png
2026-03-03 00:03:31 | INFO | src.tmc_shapley_islands | Saved remove-curve plot to outputs/tmc_shapley_sweep2_2/shards/shard_004/tmp/remove_curve_target_9.png
2026-03-03 00:03:31 | INFO | __main__ | Shard 4/5 progress 8/50 | target=9 cal=0.050 perm=75 repeat=9
2026-03-03 00:03:31 | INFO | src.tmc_shapley_islands | [Shapley] Target island: 9 (Sleneset), source islands: 15
2026-03-03 00:03:32 | INFO | src.tmc_shapley_islands | Data: source=5531 (across 15 islands), cal=8, test=125
2026-03-03 00:03:32 | INFO | src.tmc_shapley_islands | SNP selection: using fixed precomputed subset (n=20000)
2026-03-03 00:03:32 | INFO | src.tmc_shapley_islands | Island counts (capped to None in training):
  Nesøy: n=119
  Myken: n=92
  Træna: n=292
  Selvær: n=194
  Gjerøy: n=558
  Hestmannøy: n=1078
  Indre Kvarøy: n=356
  Onøy og Lurøy: n=259
  Lovund: n=158
  Aldra: n=173
  Southern 1: n=583
  Southern 2: n=397
  Southern 3: n=584
  Southern 4: n=486
  Southern 5: n=202
2026-03-03 00:03:32 | INFO | src.tmc_shapley_islands | Loaded 597 cached utilities from outputs/tmc_shapley_sweep2_2/cache/utility_cache_target_9_seed_964385962.json
2026-03-03 00:03:32 | INFO | src.tmc_shapley_islands | Running TMC-Shapley with 75 permutations (utility on cal set)...
2026-03-03 00:03:32 | INFO | src.tmc_shapley_islands | Computing V_full over all 15 source islands...
2026-03-03 00:03:32 | INFO | src.tmc_shapley_islands | V_full = -0.1932
2026-03-03 00:03:32 | INFO | src.tmc_shapley_islands | TMC head-start: loaded 50 completed permutations from state outputs/tmc_shapley_sweep2_2/cache/tmc_perm_state_target_9_seed_964385962.json
2026-03-03 00:05:20 | INFO | src.tmc_shapley_islands | TMC progress: 60/75 permutations done, cache hit rate: 26.5%, n_evals: 111
2026-03-03 00:08:28 | INFO | src.tmc_shapley_islands | TMC progress: 75/75 permutations done, cache hit rate: 29.0%, n_evals: 267
2026-03-03 00:08:29 | INFO | src.tmc_shapley_islands | TMC complete: 75 permutations, 0 truncated, 267 utility evals, cache hit rate: 29.0%
2026-03-03 00:08:29 | INFO | src.tmc_shapley_islands | Shapley values (phi, computed on cal set):
2026-03-03 00:08:29 | INFO | src.tmc_shapley_islands |   Nesøy: phi=0.034642, phi/n=0.00029111
2026-03-03 00:08:29 | INFO | src.tmc_shapley_islands |   Myken: phi=0.058680, phi/n=0.00063783
2026-03-03 00:08:29 | INFO | src.tmc_shapley_islands |   Træna: phi=-0.032914, phi/n=-0.00011272
2026-03-03 00:08:29 | INFO | src.tmc_shapley_islands |   Selvær: phi=-0.116128, phi/n=-0.00059860
2026-03-03 00:08:29 | INFO | src.tmc_shapley_islands |   Gjerøy: phi=-0.042489, phi/n=-0.00007615
2026-03-03 00:08:29 | INFO | src.tmc_shapley_islands |   Hestmannøy: phi=0.299990, phi/n=0.00027828
2026-03-03 00:08:29 | INFO | src.tmc_shapley_islands |   Indre Kvarøy: phi=-0.337334, phi/n=-0.00094757
2026-03-03 00:08:29 | INFO | src.tmc_shapley_islands |   Onøy og Lurøy: phi=-0.189928, phi/n=-0.00073331
2026-03-03 00:08:29 | INFO | src.tmc_shapley_islands |   Lovund: phi=-0.228223, phi/n=-0.00144445
2026-03-03 00:08:29 | INFO | src.tmc_shapley_islands |   Aldra: phi=0.151272, phi/n=0.00087440
2026-03-03 00:08:29 | INFO | src.tmc_shapley_islands |   Southern 1: phi=0.158663, phi/n=0.00027215
2026-03-03 00:08:29 | INFO | src.tmc_shapley_islands |   Southern 2: phi=-0.143575, phi/n=-0.00036165
2026-03-03 00:08:29 | INFO | src.tmc_shapley_islands |   Southern 3: phi=0.198563, phi/n=0.00034001
2026-03-03 00:08:29 | INFO | src.tmc_shapley_islands |   Southern 4: phi=-0.113972, phi/n=-0.00023451
2026-03-03 00:08:29 | INFO | src.tmc_shapley_islands |   Southern 5: phi=0.109565, phi/n=0.00054240
2026-03-03 00:08:29 | INFO | src.tmc_shapley_islands | Curve retraining early stopping: enabled=True, patience=20
2026-03-03 00:08:29 | INFO | src.tmc_shapley_islands | Computing add-islands curve (evaluated on test set)...
2026-03-03 00:08:29 | INFO | src.tmc_shapley_islands | Add-curve (mean): 1 islands, n=173 -> corr=-0.0224
2026-03-03 00:08:29 | INFO | src.tmc_shapley_islands | Add-curve (mean): 2 islands, n=265 -> corr=0.0794
2026-03-03 00:08:29 | INFO | src.tmc_shapley_islands | Add-curve (mean): 3 islands, n=467 -> corr=0.0802
2026-03-03 00:08:29 | INFO | src.tmc_shapley_islands | Add-curve (mean): 4 islands, n=1051 -> corr=0.1178
2026-03-03 00:08:29 | INFO | src.tmc_shapley_islands | Add-curve (mean): 5 islands, n=1170 -> corr=0.1654
2026-03-03 00:08:30 | INFO | src.tmc_shapley_islands | Add-curve (mean): 6 islands, n=2248 -> corr=0.0836
2026-03-03 00:08:31 | INFO | src.tmc_shapley_islands | Add-curve (mean): 7 islands, n=2831 -> corr=0.0890
2026-03-03 00:08:33 | INFO | src.tmc_shapley_islands | Add-curve (mean): 8 islands, n=3389 -> corr=0.0679
2026-03-03 00:08:34 | INFO | src.tmc_shapley_islands | Add-curve (mean): 9 islands, n=3681 -> corr=0.0244
2026-03-03 00:08:35 | INFO | src.tmc_shapley_islands | Add-curve (mean): 10 islands, n=4167 -> corr=0.0682
2026-03-03 00:08:37 | INFO | src.tmc_shapley_islands | Add-curve (mean): 11 islands, n=4564 -> corr=0.0600
2026-03-03 00:08:39 | INFO | src.tmc_shapley_islands | Add-curve (mean): 12 islands, n=4758 -> corr=0.0658
2026-03-03 00:08:41 | INFO | src.tmc_shapley_islands | Add-curve (mean): 13 islands, n=5017 -> corr=0.0848
2026-03-03 00:08:43 | INFO | src.tmc_shapley_islands | Add-curve (mean): 14 islands, n=5373 -> corr=0.1426
2026-03-03 00:08:45 | INFO | src.tmc_shapley_islands | Add-curve (mean): 15 islands, n=5531 -> corr=0.1755
2026-03-03 00:08:57 | INFO | src.tmc_shapley_islands | Random individual add-curve (seed=0) complete
2026-03-03 00:09:10 | INFO | src.tmc_shapley_islands | Random individual add-curve (seed=1) complete
2026-03-03 00:09:34 | INFO | src.tmc_shapley_islands | Random individual add-curve (seed=2) complete
2026-03-03 00:09:47 | INFO | src.tmc_shapley_islands | Random individual add-curve (seed=3) complete
2026-03-03 00:10:01 | INFO | src.tmc_shapley_islands | Random individual add-curve (seed=4) complete
2026-03-03 00:10:01 | INFO | src.tmc_shapley_islands | Building mirrored remove-islands curve from add-islands curve...
2026-03-03 00:10:01 | INFO | src.tmc_shapley_islands | Saved Shapley values to outputs/tmc_shapley_sweep2_2/shards/shard_004/tmp/shapley_island_values_target_9.csv
2026-03-03 00:10:01 | INFO | src.tmc_shapley_islands | Saved summary to outputs/tmc_shapley_sweep2_2/shards/shard_004/tmp/tmc_summary_target_9.json
2026-03-03 00:10:01 | INFO | src.tmc_shapley_islands | Saved intermediate ranking trace to outputs/tmc_shapley_sweep2_2/shards/shard_004/tmp/tmc_intermediate_rankings_target_9.csv
2026-03-03 00:10:01 | INFO | src.tmc_shapley_islands | Saved add-curve to outputs/tmc_shapley_sweep2_2/shards/shard_004/tmp/add_curve_target_9.csv
2026-03-03 00:10:01 | INFO | src.tmc_shapley_islands | Saved remove-curve to outputs/tmc_shapley_sweep2_2/shards/shard_004/tmp/remove_curve_target_9.csv
2026-03-03 00:10:01 | INFO | src.tmc_shapley_islands | Saved bar plot to outputs/tmc_shapley_sweep2_2/shards/shard_004/tmp/shapley_bar_target_9.png
2026-03-03 00:10:02 | INFO | src.tmc_shapley_islands | Saved add-curve plot to outputs/tmc_shapley_sweep2_2/shards/shard_004/tmp/add_curve_target_9.png
2026-03-03 00:10:02 | INFO | src.tmc_shapley_islands | Saved remove-curve plot to outputs/tmc_shapley_sweep2_2/shards/shard_004/tmp/remove_curve_target_9.png
2026-03-03 00:10:02 | INFO | __main__ | Shard 4/5 progress 9/50 | target=9 cal=0.050 perm=100 repeat=4
2026-03-03 00:10:02 | INFO | src.tmc_shapley_islands | [Shapley] Target island: 9 (Sleneset), source islands: 15
2026-03-03 00:10:03 | INFO | src.tmc_shapley_islands | Data: source=5531 (across 15 islands), cal=8, test=125
2026-03-03 00:10:03 | INFO | src.tmc_shapley_islands | SNP selection: using fixed precomputed subset (n=20000)
2026-03-03 00:10:03 | INFO | src.tmc_shapley_islands | Island counts (capped to None in training):
  Nesøy: n=119
  Myken: n=92
  Træna: n=292
  Selvær: n=194
  Gjerøy: n=558
  Hestmannøy: n=1078
  Indre Kvarøy: n=356
  Onøy og Lurøy: n=259
  Lovund: n=158
  Aldra: n=173
  Southern 1: n=583
  Southern 2: n=397
  Southern 3: n=584
  Southern 4: n=486
  Southern 5: n=202
2026-03-03 00:10:03 | INFO | src.tmc_shapley_islands | Loaded 872 cached utilities from outputs/tmc_shapley_sweep2_2/cache/utility_cache_target_9_seed_1032463046.json
2026-03-03 00:10:03 | INFO | src.tmc_shapley_islands | Running TMC-Shapley with 100 permutations (utility on cal set)...
2026-03-03 00:10:03 | INFO | src.tmc_shapley_islands | Computing V_full over all 15 source islands...
2026-03-03 00:10:03 | INFO | src.tmc_shapley_islands | V_full = -0.1728
2026-03-03 00:10:03 | INFO | src.tmc_shapley_islands | TMC head-start: loaded 75 completed permutations from state outputs/tmc_shapley_sweep2_2/cache/tmc_perm_state_target_9_seed_1032463046.json
2026-03-03 00:11:05 | INFO | src.tmc_shapley_islands | TMC progress: 80/100 permutations done, cache hit rate: 32.9%, n_evals: 51
2026-03-03 00:16:03 | INFO | src.tmc_shapley_islands | TMC progress: 100/100 permutations done, cache hit rate: 29.0%, n_evals: 267
2026-03-03 00:16:03 | INFO | src.tmc_shapley_islands | TMC complete: 100 permutations, 0 truncated, 267 utility evals, cache hit rate: 29.0%
2026-03-03 00:16:03 | INFO | src.tmc_shapley_islands | Shapley values (phi, computed on cal set):
2026-03-03 00:16:03 | INFO | src.tmc_shapley_islands |   Nesøy: phi=0.029072, phi/n=0.00024430
2026-03-03 00:16:03 | INFO | src.tmc_shapley_islands |   Myken: phi=0.275566, phi/n=0.00299528
2026-03-03 00:16:03 | INFO | src.tmc_shapley_islands |   Træna: phi=0.033876, phi/n=0.00011601
2026-03-03 00:16:03 | INFO | src.tmc_shapley_islands |   Selvær: phi=-0.149107, phi/n=-0.00076859
2026-03-03 00:16:03 | INFO | src.tmc_shapley_islands |   Gjerøy: phi=-0.313235, phi/n=-0.00056135
2026-03-03 00:16:03 | INFO | src.tmc_shapley_islands |   Hestmannøy: phi=0.397017, phi/n=0.00036829
2026-03-03 00:16:03 | INFO | src.tmc_shapley_islands |   Indre Kvarøy: phi=-0.159993, phi/n=-0.00044942
2026-03-03 00:16:03 | INFO | src.tmc_shapley_islands |   Onøy og Lurøy: phi=0.192313, phi/n=0.00074252
2026-03-03 00:16:03 | INFO | src.tmc_shapley_islands |   Lovund: phi=0.022180, phi/n=0.00014038
2026-03-03 00:16:03 | INFO | src.tmc_shapley_islands |   Aldra: phi=0.006087, phi/n=0.00003519
2026-03-03 00:16:03 | INFO | src.tmc_shapley_islands |   Southern 1: phi=-0.105989, phi/n=-0.00018180
2026-03-03 00:16:03 | INFO | src.tmc_shapley_islands |   Southern 2: phi=-0.263283, phi/n=-0.00066318
2026-03-03 00:16:03 | INFO | src.tmc_shapley_islands |   Southern 3: phi=-0.045826, phi/n=-0.00007847
2026-03-03 00:16:03 | INFO | src.tmc_shapley_islands |   Southern 4: phi=0.021905, phi/n=0.00004507
2026-03-03 00:16:03 | INFO | src.tmc_shapley_islands |   Southern 5: phi=-0.113396, phi/n=-0.00056137
2026-03-03 00:16:03 | INFO | src.tmc_shapley_islands | Curve retraining early stopping: enabled=True, patience=20
2026-03-03 00:16:03 | INFO | src.tmc_shapley_islands | Computing add-islands curve (evaluated on test set)...
2026-03-03 00:16:03 | INFO | src.tmc_shapley_islands | Add-curve (mean): 1 islands, n=92 -> corr=0.1156
2026-03-03 00:16:03 | INFO | src.tmc_shapley_islands | Add-curve (mean): 2 islands, n=351 -> corr=0.0976
2026-03-03 00:16:04 | INFO | src.tmc_shapley_islands | Add-curve (mean): 3 islands, n=1429 -> corr=0.0703
2026-03-03 00:16:04 | INFO | src.tmc_shapley_islands | Add-curve (mean): 4 islands, n=1548 -> corr=0.1025
2026-03-03 00:16:05 | INFO | src.tmc_shapley_islands | Add-curve (mean): 5 islands, n=1706 -> corr=0.1340
2026-03-03 00:16:06 | INFO | src.tmc_shapley_islands | Add-curve (mean): 6 islands, n=1998 -> corr=0.0892
2026-03-03 00:16:06 | INFO | src.tmc_shapley_islands | Add-curve (mean): 7 islands, n=2484 -> corr=0.1081
2026-03-03 00:16:07 | INFO | src.tmc_shapley_islands | Add-curve (mean): 8 islands, n=2657 -> corr=0.1136
2026-03-03 00:16:09 | INFO | src.tmc_shapley_islands | Add-curve (mean): 9 islands, n=3241 -> corr=0.1223
2026-03-03 00:16:10 | INFO | src.tmc_shapley_islands | Add-curve (mean): 10 islands, n=3824 -> corr=0.1410
2026-03-03 00:16:11 | INFO | src.tmc_shapley_islands | Add-curve (mean): 11 islands, n=4180 -> corr=0.1680
2026-03-03 00:16:13 | INFO | src.tmc_shapley_islands | Add-curve (mean): 12 islands, n=4738 -> corr=0.1334
2026-03-03 00:16:15 | INFO | src.tmc_shapley_islands | Add-curve (mean): 13 islands, n=4940 -> corr=0.1397
2026-03-03 00:16:17 | INFO | src.tmc_shapley_islands | Add-curve (mean): 14 islands, n=5337 -> corr=0.1443
2026-03-03 00:16:19 | INFO | src.tmc_shapley_islands | Add-curve (mean): 15 islands, n=5531 -> corr=0.1415
2026-03-03 00:16:43 | INFO | src.tmc_shapley_islands | Random individual add-curve (seed=0) complete
2026-03-03 00:16:56 | INFO | src.tmc_shapley_islands | Random individual add-curve (seed=1) complete
2026-03-03 00:17:08 | INFO | src.tmc_shapley_islands | Random individual add-curve (seed=2) complete
2026-03-03 00:17:20 | INFO | src.tmc_shapley_islands | Random individual add-curve (seed=3) complete
2026-03-03 00:17:36 | INFO | src.tmc_shapley_islands | Random individual add-curve (seed=4) complete
2026-03-03 00:17:36 | INFO | src.tmc_shapley_islands | Building mirrored remove-islands curve from add-islands curve...
2026-03-03 00:17:36 | INFO | src.tmc_shapley_islands | Saved Shapley values to outputs/tmc_shapley_sweep2_2/shards/shard_004/tmp/shapley_island_values_target_9.csv
2026-03-03 00:17:36 | INFO | src.tmc_shapley_islands | Saved summary to outputs/tmc_shapley_sweep2_2/shards/shard_004/tmp/tmc_summary_target_9.json
2026-03-03 00:17:36 | INFO | src.tmc_shapley_islands | Saved intermediate ranking trace to outputs/tmc_shapley_sweep2_2/shards/shard_004/tmp/tmc_intermediate_rankings_target_9.csv
2026-03-03 00:17:36 | INFO | src.tmc_shapley_islands | Saved add-curve to outputs/tmc_shapley_sweep2_2/shards/shard_004/tmp/add_curve_target_9.csv
2026-03-03 00:17:36 | INFO | src.tmc_shapley_islands | Saved remove-curve to outputs/tmc_shapley_sweep2_2/shards/shard_004/tmp/remove_curve_target_9.csv
2026-03-03 00:17:37 | INFO | src.tmc_shapley_islands | Saved bar plot to outputs/tmc_shapley_sweep2_2/shards/shard_004/tmp/shapley_bar_target_9.png
2026-03-03 00:17:37 | INFO | src.tmc_shapley_islands | Saved add-curve plot to outputs/tmc_shapley_sweep2_2/shards/shard_004/tmp/add_curve_target_9.png
2026-03-03 00:17:37 | INFO | src.tmc_shapley_islands | Saved remove-curve plot to outputs/tmc_shapley_sweep2_2/shards/shard_004/tmp/remove_curve_target_9.png
2026-03-03 00:17:38 | INFO | __main__ | Shard 4/5 progress 10/50 | target=9 cal=0.050 perm=100 repeat=9
2026-03-03 00:17:38 | INFO | src.tmc_shapley_islands | [Shapley] Target island: 9 (Sleneset), source islands: 15
2026-03-03 00:17:38 | INFO | src.tmc_shapley_islands | Data: source=5531 (across 15 islands), cal=8, test=125
2026-03-03 00:17:38 | INFO | src.tmc_shapley_islands | SNP selection: using fixed precomputed subset (n=20000)
2026-03-03 00:17:38 | INFO | src.tmc_shapley_islands | Island counts (capped to None in training):
  Nesøy: n=119
  Myken: n=92
  Træna: n=292
  Selvær: n=194
  Gjerøy: n=558
  Hestmannøy: n=1078
  Indre Kvarøy: n=356
  Onøy og Lurøy: n=259
  Lovund: n=158
  Aldra: n=173
  Southern 1: n=583
  Southern 2: n=397
  Southern 3: n=584
  Southern 4: n=486
  Southern 5: n=202
2026-03-03 00:17:38 | INFO | src.tmc_shapley_islands | Loaded 864 cached utilities from outputs/tmc_shapley_sweep2_2/cache/utility_cache_target_9_seed_964385962.json
2026-03-03 00:17:38 | INFO | src.tmc_shapley_islands | Running TMC-Shapley with 100 permutations (utility on cal set)...
2026-03-03 00:17:38 | INFO | src.tmc_shapley_islands | Computing V_full over all 15 source islands...
2026-03-03 00:17:38 | INFO | src.tmc_shapley_islands | V_full = -0.1932
2026-03-03 00:17:38 | INFO | src.tmc_shapley_islands | TMC head-start: loaded 75 completed permutations from state outputs/tmc_shapley_sweep2_2/cache/tmc_perm_state_target_9_seed_964385962.json
2026-03-03 00:18:56 | INFO | src.tmc_shapley_islands | TMC progress: 80/100 permutations done, cache hit rate: 27.6%, n_evals: 55
2026-03-03 00:23:05 | INFO | src.tmc_shapley_islands | TMC progress: 100/100 permutations done, cache hit rate: 30.3%, n_evals: 262
2026-03-03 00:23:05 | INFO | src.tmc_shapley_islands | TMC complete: 100 permutations, 0 truncated, 262 utility evals, cache hit rate: 30.3%
2026-03-03 00:23:05 | INFO | src.tmc_shapley_islands | Shapley values (phi, computed on cal set):
2026-03-03 00:23:05 | INFO | src.tmc_shapley_islands |   Nesøy: phi=0.036661, phi/n=0.00030808
2026-03-03 00:23:05 | INFO | src.tmc_shapley_islands |   Myken: phi=0.059432, phi/n=0.00064600
2026-03-03 00:23:05 | INFO | src.tmc_shapley_islands |   Træna: phi=-0.038158, phi/n=-0.00013068
2026-03-03 00:23:05 | INFO | src.tmc_shapley_islands |   Selvær: phi=-0.120526, phi/n=-0.00062127
2026-03-03 00:23:05 | INFO | src.tmc_shapley_islands |   Gjerøy: phi=-0.046971, phi/n=-0.00008418
2026-03-03 00:23:05 | INFO | src.tmc_shapley_islands |   Hestmannøy: phi=0.300359, phi/n=0.00027863
2026-03-03 00:23:05 | INFO | src.tmc_shapley_islands |   Indre Kvarøy: phi=-0.331219, phi/n=-0.00093039
2026-03-03 00:23:05 | INFO | src.tmc_shapley_islands |   Onøy og Lurøy: phi=-0.191175, phi/n=-0.00073813
2026-03-03 00:23:05 | INFO | src.tmc_shapley_islands |   Lovund: phi=-0.222960, phi/n=-0.00141114
2026-03-03 00:23:05 | INFO | src.tmc_shapley_islands |   Aldra: phi=0.151941, phi/n=0.00087827
2026-03-03 00:23:05 | INFO | src.tmc_shapley_islands |   Southern 1: phi=0.168690, phi/n=0.00028935
2026-03-03 00:23:05 | INFO | src.tmc_shapley_islands |   Southern 2: phi=-0.153764, phi/n=-0.00038731
2026-03-03 00:23:05 | INFO | src.tmc_shapley_islands |   Southern 3: phi=0.205662, phi/n=0.00035216
2026-03-03 00:23:05 | INFO | src.tmc_shapley_islands |   Southern 4: phi=-0.114135, phi/n=-0.00023484
2026-03-03 00:23:05 | INFO | src.tmc_shapley_islands |   Southern 5: phi=0.102973, phi/n=0.00050977
2026-03-03 00:23:05 | INFO | src.tmc_shapley_islands | Curve retraining early stopping: enabled=True, patience=20
2026-03-03 00:23:05 | INFO | src.tmc_shapley_islands | Computing add-islands curve (evaluated on test set)...
2026-03-03 00:23:05 | INFO | src.tmc_shapley_islands | Add-curve (mean): 1 islands, n=173 -> corr=-0.0224
2026-03-03 00:23:05 | INFO | src.tmc_shapley_islands | Add-curve (mean): 2 islands, n=265 -> corr=0.0794
2026-03-03 00:23:05 | INFO | src.tmc_shapley_islands | Add-curve (mean): 3 islands, n=467 -> corr=0.0802
2026-03-03 00:23:06 | INFO | src.tmc_shapley_islands | Add-curve (mean): 4 islands, n=1051 -> corr=0.1178
2026-03-03 00:23:06 | INFO | src.tmc_shapley_islands | Add-curve (mean): 5 islands, n=1170 -> corr=0.1654
2026-03-03 00:23:07 | INFO | src.tmc_shapley_islands | Add-curve (mean): 6 islands, n=1753 -> corr=0.1796
2026-03-03 00:23:08 | INFO | src.tmc_shapley_islands | Add-curve (mean): 7 islands, n=2831 -> corr=0.0890
2026-03-03 00:23:09 | INFO | src.tmc_shapley_islands | Add-curve (mean): 8 islands, n=3389 -> corr=0.0679
2026-03-03 00:23:10 | INFO | src.tmc_shapley_islands | Add-curve (mean): 9 islands, n=3681 -> corr=0.0244
2026-03-03 00:23:12 | INFO | src.tmc_shapley_islands | Add-curve (mean): 10 islands, n=4167 -> corr=0.0682
2026-03-03 00:23:13 | INFO | src.tmc_shapley_islands | Add-curve (mean): 11 islands, n=4564 -> corr=0.0600
2026-03-03 00:23:17 | INFO | src.tmc_shapley_islands | Add-curve (mean): 12 islands, n=4758 -> corr=0.0658
2026-03-03 00:23:19 | INFO | src.tmc_shapley_islands | Add-curve (mean): 13 islands, n=5017 -> corr=0.0848
2026-03-03 00:23:21 | INFO | src.tmc_shapley_islands | Add-curve (mean): 14 islands, n=5373 -> corr=0.1426
2026-03-03 00:23:24 | INFO | src.tmc_shapley_islands | Add-curve (mean): 15 islands, n=5531 -> corr=0.1755
2026-03-03 00:23:36 | INFO | src.tmc_shapley_islands | Random individual add-curve (seed=0) complete
2026-03-03 00:23:49 | INFO | src.tmc_shapley_islands | Random individual add-curve (seed=1) complete
2026-03-03 00:24:13 | INFO | src.tmc_shapley_islands | Random individual add-curve (seed=2) complete
2026-03-03 00:24:26 | INFO | src.tmc_shapley_islands | Random individual add-curve (seed=3) complete
2026-03-03 00:24:40 | INFO | src.tmc_shapley_islands | Random individual add-curve (seed=4) complete
2026-03-03 00:24:40 | INFO | src.tmc_shapley_islands | Building mirrored remove-islands curve from add-islands curve...
2026-03-03 00:24:41 | INFO | src.tmc_shapley_islands | Saved Shapley values to outputs/tmc_shapley_sweep2_2/shards/shard_004/tmp/shapley_island_values_target_9.csv
2026-03-03 00:24:41 | INFO | src.tmc_shapley_islands | Saved summary to outputs/tmc_shapley_sweep2_2/shards/shard_004/tmp/tmc_summary_target_9.json
2026-03-03 00:24:41 | INFO | src.tmc_shapley_islands | Saved intermediate ranking trace to outputs/tmc_shapley_sweep2_2/shards/shard_004/tmp/tmc_intermediate_rankings_target_9.csv
2026-03-03 00:24:41 | INFO | src.tmc_shapley_islands | Saved add-curve to outputs/tmc_shapley_sweep2_2/shards/shard_004/tmp/add_curve_target_9.csv
2026-03-03 00:24:41 | INFO | src.tmc_shapley_islands | Saved remove-curve to outputs/tmc_shapley_sweep2_2/shards/shard_004/tmp/remove_curve_target_9.csv
2026-03-03 00:24:41 | INFO | src.tmc_shapley_islands | Saved bar plot to outputs/tmc_shapley_sweep2_2/shards/shard_004/tmp/shapley_bar_target_9.png
2026-03-03 00:24:41 | INFO | src.tmc_shapley_islands | Saved add-curve plot to outputs/tmc_shapley_sweep2_2/shards/shard_004/tmp/add_curve_target_9.png
2026-03-03 00:24:42 | INFO | src.tmc_shapley_islands | Saved remove-curve plot to outputs/tmc_shapley_sweep2_2/shards/shard_004/tmp/remove_curve_target_9.png
2026-03-03 00:24:42 | INFO | __main__ | Shard 4/5 progress 11/50 | target=9 cal=0.100 perm=10 repeat=4
2026-03-03 00:24:42 | INFO | src.tmc_shapley_islands | [Shapley] Target island: 9 (Sleneset), source islands: 15
2026-03-03 00:24:42 | INFO | src.tmc_shapley_islands | Data: source=5531 (across 15 islands), cal=16, test=125
2026-03-03 00:24:42 | INFO | src.tmc_shapley_islands | SNP selection: using fixed precomputed subset (n=20000)
2026-03-03 00:24:42 | INFO | src.tmc_shapley_islands | Island counts (capped to None in training):
  Nesøy: n=119
  Myken: n=92
  Træna: n=292
  Selvær: n=194
  Gjerøy: n=558
  Hestmannøy: n=1078
  Indre Kvarøy: n=356
  Onøy og Lurøy: n=259
  Lovund: n=158
  Aldra: n=173
  Southern 1: n=583
  Southern 2: n=397
  Southern 3: n=584
  Southern 4: n=486
  Southern 5: n=202
2026-03-03 00:24:42 | INFO | src.tmc_shapley_islands | Running TMC-Shapley with 10 permutations (utility on cal set)...
2026-03-03 00:24:42 | INFO | src.tmc_shapley_islands | Computing V_full over all 15 source islands...
2026-03-03 00:24:45 | INFO | src.tmc_shapley_islands | V_full = 0.3573
2026-03-03 00:25:25 | INFO | src.tmc_shapley_islands | TMC progress: 2/10 permutations done, cache hit rate: 9.7%, n_evals: 28
2026-03-03 00:25:55 | INFO | src.tmc_shapley_islands | TMC progress: 4/10 permutations done, cache hit rate: 9.8%, n_evals: 55
2026-03-03 00:26:25 | INFO | src.tmc_shapley_islands | TMC progress: 6/10 permutations done, cache hit rate: 9.9%, n_evals: 82
2026-03-03 00:26:50 | INFO | src.tmc_shapley_islands | TMC progress: 8/10 permutations done, cache hit rate: 9.9%, n_evals: 109
2026-03-03 00:27:14 | INFO | src.tmc_shapley_islands | TMC progress: 10/10 permutations done, cache hit rate: 9.9%, n_evals: 136
2026-03-03 00:27:14 | INFO | src.tmc_shapley_islands | TMC complete: 10 permutations, 0 truncated, 136 utility evals, cache hit rate: 9.9%
2026-03-03 00:27:14 | INFO | src.tmc_shapley_islands | Shapley values (phi, computed on cal set):
2026-03-03 00:27:14 | INFO | src.tmc_shapley_islands |   Nesøy: phi=-0.022503, phi/n=-0.00018910
2026-03-03 00:27:14 | INFO | src.tmc_shapley_islands |   Myken: phi=-0.046022, phi/n=-0.00050024
2026-03-03 00:27:14 | INFO | src.tmc_shapley_islands |   Træna: phi=0.046974, phi/n=0.00016087
2026-03-03 00:27:14 | INFO | src.tmc_shapley_islands |   Selvær: phi=0.183205, phi/n=0.00094435
2026-03-03 00:27:14 | INFO | src.tmc_shapley_islands |   Gjerøy: phi=0.161913, phi/n=0.00029017
2026-03-03 00:27:14 | INFO | src.tmc_shapley_islands |   Hestmannøy: phi=-0.184507, phi/n=-0.00017116
2026-03-03 00:27:14 | INFO | src.tmc_shapley_islands |   Indre Kvarøy: phi=0.044893, phi/n=0.00012610
2026-03-03 00:27:14 | INFO | src.tmc_shapley_islands |   Onøy og Lurøy: phi=0.114447, phi/n=0.00044188
2026-03-03 00:27:14 | INFO | src.tmc_shapley_islands |   Lovund: phi=0.021115, phi/n=0.00013364
2026-03-03 00:27:14 | INFO | src.tmc_shapley_islands |   Aldra: phi=0.030323, phi/n=0.00017528
2026-03-03 00:27:14 | INFO | src.tmc_shapley_islands |   Southern 1: phi=0.048027, phi/n=0.00008238
2026-03-03 00:27:14 | INFO | src.tmc_shapley_islands |   Southern 2: phi=-0.048708, phi/n=-0.00012269
2026-03-03 00:27:14 | INFO | src.tmc_shapley_islands |   Southern 3: phi=-0.037668, phi/n=-0.00006450
2026-03-03 00:27:14 | INFO | src.tmc_shapley_islands |   Southern 4: phi=0.011682, phi/n=0.00002404
2026-03-03 00:27:14 | INFO | src.tmc_shapley_islands |   Southern 5: phi=0.034132, phi/n=0.00016897
2026-03-03 00:27:14 | INFO | src.tmc_shapley_islands | Curve retraining early stopping: enabled=True, patience=20
2026-03-03 00:27:14 | INFO | src.tmc_shapley_islands | Computing add-islands curve (evaluated on test set)...
2026-03-03 00:27:14 | INFO | src.tmc_shapley_islands | Add-curve (mean): 1 islands, n=194 -> corr=0.0098
2026-03-03 00:27:15 | INFO | src.tmc_shapley_islands | Add-curve (mean): 2 islands, n=453 -> corr=0.0402
2026-03-03 00:27:15 | INFO | src.tmc_shapley_islands | Add-curve (mean): 3 islands, n=1011 -> corr=-0.0583
2026-03-03 00:27:16 | INFO | src.tmc_shapley_islands | Add-curve (mean): 4 islands, n=1184 -> corr=-0.0389
2026-03-03 00:27:16 | INFO | src.tmc_shapley_islands | Add-curve (mean): 5 islands, n=1386 -> corr=-0.0460
2026-03-03 00:27:17 | INFO | src.tmc_shapley_islands | Add-curve (mean): 6 islands, n=1678 -> corr=-0.0733
2026-03-03 00:27:17 | INFO | src.tmc_shapley_islands | Add-curve (mean): 7 islands, n=1836 -> corr=0.0053
2026-03-03 00:27:18 | INFO | src.tmc_shapley_islands | Add-curve (mean): 8 islands, n=2192 -> corr=0.0425
2026-03-03 00:27:19 | INFO | src.tmc_shapley_islands | Add-curve (mean): 9 islands, n=2775 -> corr=0.0473
2026-03-03 00:27:20 | INFO | src.tmc_shapley_islands | Add-curve (mean): 10 islands, n=3261 -> corr=0.0675
2026-03-03 00:27:22 | INFO | src.tmc_shapley_islands | Add-curve (mean): 11 islands, n=3845 -> corr=0.0729
2026-03-03 00:27:23 | INFO | src.tmc_shapley_islands | Add-curve (mean): 12 islands, n=4242 -> corr=0.0476
2026-03-03 00:27:25 | INFO | src.tmc_shapley_islands | Add-curve (mean): 13 islands, n=5320 -> corr=0.0750
2026-03-03 00:27:28 | INFO | src.tmc_shapley_islands | Add-curve (mean): 14 islands, n=5439 -> corr=0.1000
2026-03-03 00:27:30 | INFO | src.tmc_shapley_islands | Add-curve (mean): 15 islands, n=5531 -> corr=0.1155
2026-03-03 00:27:43 | INFO | src.tmc_shapley_islands | Random individual add-curve (seed=0) complete
2026-03-03 00:27:54 | INFO | src.tmc_shapley_islands | Random individual add-curve (seed=1) complete
2026-03-03 00:28:06 | INFO | src.tmc_shapley_islands | Random individual add-curve (seed=2) complete
2026-03-03 00:28:18 | INFO | src.tmc_shapley_islands | Random individual add-curve (seed=3) complete
2026-03-03 00:28:30 | INFO | src.tmc_shapley_islands | Random individual add-curve (seed=4) complete
2026-03-03 00:28:30 | INFO | src.tmc_shapley_islands | Building mirrored remove-islands curve from add-islands curve...
2026-03-03 00:28:30 | INFO | src.tmc_shapley_islands | Saved Shapley values to outputs/tmc_shapley_sweep2_2/shards/shard_004/tmp/shapley_island_values_target_9.csv
2026-03-03 00:28:30 | INFO | src.tmc_shapley_islands | Saved summary to outputs/tmc_shapley_sweep2_2/shards/shard_004/tmp/tmc_summary_target_9.json
2026-03-03 00:28:30 | INFO | src.tmc_shapley_islands | Saved intermediate ranking trace to outputs/tmc_shapley_sweep2_2/shards/shard_004/tmp/tmc_intermediate_rankings_target_9.csv
2026-03-03 00:28:30 | INFO | src.tmc_shapley_islands | Saved add-curve to outputs/tmc_shapley_sweep2_2/shards/shard_004/tmp/add_curve_target_9.csv
2026-03-03 00:28:30 | INFO | src.tmc_shapley_islands | Saved remove-curve to outputs/tmc_shapley_sweep2_2/shards/shard_004/tmp/remove_curve_target_9.csv
2026-03-03 00:28:30 | INFO | src.tmc_shapley_islands | Saved bar plot to outputs/tmc_shapley_sweep2_2/shards/shard_004/tmp/shapley_bar_target_9.png
2026-03-03 00:28:30 | INFO | src.tmc_shapley_islands | Saved add-curve plot to outputs/tmc_shapley_sweep2_2/shards/shard_004/tmp/add_curve_target_9.png
2026-03-03 00:28:31 | INFO | src.tmc_shapley_islands | Saved remove-curve plot to outputs/tmc_shapley_sweep2_2/shards/shard_004/tmp/remove_curve_target_9.png
2026-03-03 00:28:31 | INFO | __main__ | Shard 4/5 progress 12/50 | target=9 cal=0.100 perm=10 repeat=9
2026-03-03 00:28:31 | INFO | src.tmc_shapley_islands | [Shapley] Target island: 9 (Sleneset), source islands: 15
2026-03-03 00:28:32 | INFO | src.tmc_shapley_islands | Data: source=5531 (across 15 islands), cal=16, test=125
2026-03-03 00:28:32 | INFO | src.tmc_shapley_islands | SNP selection: using fixed precomputed subset (n=20000)
2026-03-03 00:28:32 | INFO | src.tmc_shapley_islands | Island counts (capped to None in training):
  Nesøy: n=119
  Myken: n=92
  Træna: n=292
  Selvær: n=194
  Gjerøy: n=558
  Hestmannøy: n=1078
  Indre Kvarøy: n=356
  Onøy og Lurøy: n=259
  Lovund: n=158
  Aldra: n=173
  Southern 1: n=583
  Southern 2: n=397
  Southern 3: n=584
  Southern 4: n=486
  Southern 5: n=202
2026-03-03 00:28:32 | INFO | src.tmc_shapley_islands | Running TMC-Shapley with 10 permutations (utility on cal set)...
2026-03-03 00:28:32 | INFO | src.tmc_shapley_islands | Computing V_full over all 15 source islands...
2026-03-03 00:28:34 | INFO | src.tmc_shapley_islands | V_full = 0.2653
2026-03-03 00:29:27 | INFO | src.tmc_shapley_islands | TMC progress: 2/10 permutations done, cache hit rate: 6.5%, n_evals: 29
2026-03-03 00:29:54 | INFO | src.tmc_shapley_islands | TMC progress: 4/10 permutations done, cache hit rate: 8.2%, n_evals: 56
2026-03-03 00:30:32 | INFO | src.tmc_shapley_islands | TMC progress: 6/10 permutations done, cache hit rate: 8.8%, n_evals: 83
2026-03-03 00:31:02 | INFO | src.tmc_shapley_islands | TMC progress: 8/10 permutations done, cache hit rate: 9.9%, n_evals: 109
2026-03-03 00:31:31 | INFO | src.tmc_shapley_islands | TMC progress: 10/10 permutations done, cache hit rate: 10.6%, n_evals: 135
2026-03-03 00:31:31 | INFO | src.tmc_shapley_islands | TMC complete: 10 permutations, 0 truncated, 135 utility evals, cache hit rate: 10.6%
2026-03-03 00:31:31 | INFO | src.tmc_shapley_islands | Shapley values (phi, computed on cal set):
2026-03-03 00:31:31 | INFO | src.tmc_shapley_islands |   Nesøy: phi=0.093681, phi/n=0.00078723
2026-03-03 00:31:31 | INFO | src.tmc_shapley_islands |   Myken: phi=-0.012822, phi/n=-0.00013937
2026-03-03 00:31:31 | INFO | src.tmc_shapley_islands |   Træna: phi=-0.077485, phi/n=-0.00026536
2026-03-03 00:31:31 | INFO | src.tmc_shapley_islands |   Selvær: phi=0.030044, phi/n=0.00015487
2026-03-03 00:31:31 | INFO | src.tmc_shapley_islands |   Gjerøy: phi=-0.078424, phi/n=-0.00014054
2026-03-03 00:31:31 | INFO | src.tmc_shapley_islands |   Hestmannøy: phi=-0.159649, phi/n=-0.00014810
2026-03-03 00:31:31 | INFO | src.tmc_shapley_islands |   Indre Kvarøy: phi=0.195792, phi/n=0.00054998
2026-03-03 00:31:31 | INFO | src.tmc_shapley_islands |   Onøy og Lurøy: phi=0.029735, phi/n=0.00011481
2026-03-03 00:31:31 | INFO | src.tmc_shapley_islands |   Lovund: phi=-0.038759, phi/n=-0.00024531
2026-03-03 00:31:31 | INFO | src.tmc_shapley_islands |   Aldra: phi=-0.081963, phi/n=-0.00047377
2026-03-03 00:31:31 | INFO | src.tmc_shapley_islands |   Southern 1: phi=0.067972, phi/n=0.00011659
2026-03-03 00:31:31 | INFO | src.tmc_shapley_islands |   Southern 2: phi=0.130232, phi/n=0.00032804
2026-03-03 00:31:31 | INFO | src.tmc_shapley_islands |   Southern 3: phi=0.021459, phi/n=0.00003675
2026-03-03 00:31:31 | INFO | src.tmc_shapley_islands |   Southern 4: phi=0.024787, phi/n=0.00005100
2026-03-03 00:31:31 | INFO | src.tmc_shapley_islands |   Southern 5: phi=0.120737, phi/n=0.00059771
2026-03-03 00:31:31 | INFO | src.tmc_shapley_islands | Curve retraining early stopping: enabled=True, patience=20
2026-03-03 00:31:31 | INFO | src.tmc_shapley_islands | Computing add-islands curve (evaluated on test set)...
2026-03-03 00:31:32 | INFO | src.tmc_shapley_islands | Add-curve (mean): 1 islands, n=119 -> corr=0.1459
2026-03-03 00:31:32 | INFO | src.tmc_shapley_islands | Add-curve (mean): 2 islands, n=321 -> corr=0.1374
2026-03-03 00:31:32 | INFO | src.tmc_shapley_islands | Add-curve (mean): 3 islands, n=677 -> corr=0.1820
2026-03-03 00:31:32 | INFO | src.tmc_shapley_islands | Add-curve (mean): 4 islands, n=1074 -> corr=0.1312
2026-03-03 00:31:33 | INFO | src.tmc_shapley_islands | Add-curve (mean): 5 islands, n=1268 -> corr=0.1268
2026-03-03 00:31:33 | INFO | src.tmc_shapley_islands | Add-curve (mean): 6 islands, n=1851 -> corr=0.1095
2026-03-03 00:31:34 | INFO | src.tmc_shapley_islands | Add-curve (mean): 7 islands, n=2110 -> corr=0.1053
2026-03-03 00:31:35 | INFO | src.tmc_shapley_islands | Add-curve (mean): 8 islands, n=2596 -> corr=0.1311
2026-03-03 00:31:36 | INFO | src.tmc_shapley_islands | Add-curve (mean): 9 islands, n=3180 -> corr=0.1189
2026-03-03 00:31:37 | INFO | src.tmc_shapley_islands | Add-curve (mean): 10 islands, n=3272 -> corr=0.1461
2026-03-03 00:31:39 | INFO | src.tmc_shapley_islands | Add-curve (mean): 11 islands, n=3830 -> corr=0.0842
2026-03-03 00:31:45 | INFO | src.tmc_shapley_islands | Add-curve (mean): 12 islands, n=4908 -> corr=0.0792
2026-03-03 00:31:47 | INFO | src.tmc_shapley_islands | Add-curve (mean): 13 islands, n=5066 -> corr=0.1141
2026-03-03 00:31:49 | INFO | src.tmc_shapley_islands | Add-curve (mean): 14 islands, n=5358 -> corr=0.0924
2026-03-03 00:31:52 | INFO | src.tmc_shapley_islands | Add-curve (mean): 15 islands, n=5531 -> corr=0.1061
2026-03-03 00:32:03 | INFO | src.tmc_shapley_islands | Random individual add-curve (seed=0) complete
2026-03-03 00:32:15 | INFO | src.tmc_shapley_islands | Random individual add-curve (seed=1) complete
2026-03-03 00:32:35 | INFO | src.tmc_shapley_islands | Random individual add-curve (seed=2) complete
2026-03-03 00:32:47 | INFO | src.tmc_shapley_islands | Random individual add-curve (seed=3) complete
2026-03-03 00:33:00 | INFO | src.tmc_shapley_islands | Random individual add-curve (seed=4) complete
2026-03-03 00:33:00 | INFO | src.tmc_shapley_islands | Building mirrored remove-islands curve from add-islands curve...
2026-03-03 00:33:00 | INFO | src.tmc_shapley_islands | Saved Shapley values to outputs/tmc_shapley_sweep2_2/shards/shard_004/tmp/shapley_island_values_target_9.csv
2026-03-03 00:33:00 | INFO | src.tmc_shapley_islands | Saved summary to outputs/tmc_shapley_sweep2_2/shards/shard_004/tmp/tmc_summary_target_9.json
2026-03-03 00:33:00 | INFO | src.tmc_shapley_islands | Saved intermediate ranking trace to outputs/tmc_shapley_sweep2_2/shards/shard_004/tmp/tmc_intermediate_rankings_target_9.csv
2026-03-03 00:33:00 | INFO | src.tmc_shapley_islands | Saved add-curve to outputs/tmc_shapley_sweep2_2/shards/shard_004/tmp/add_curve_target_9.csv
2026-03-03 00:33:00 | INFO | src.tmc_shapley_islands | Saved remove-curve to outputs/tmc_shapley_sweep2_2/shards/shard_004/tmp/remove_curve_target_9.csv
2026-03-03 00:33:00 | INFO | src.tmc_shapley_islands | Saved bar plot to outputs/tmc_shapley_sweep2_2/shards/shard_004/tmp/shapley_bar_target_9.png
2026-03-03 00:33:01 | INFO | src.tmc_shapley_islands | Saved add-curve plot to outputs/tmc_shapley_sweep2_2/shards/shard_004/tmp/add_curve_target_9.png
2026-03-03 00:33:01 | INFO | src.tmc_shapley_islands | Saved remove-curve plot to outputs/tmc_shapley_sweep2_2/shards/shard_004/tmp/remove_curve_target_9.png
2026-03-03 00:33:01 | INFO | __main__ | Shard 4/5 progress 13/50 | target=9 cal=0.100 perm=25 repeat=4
2026-03-03 00:33:01 | INFO | src.tmc_shapley_islands | [Shapley] Target island: 9 (Sleneset), source islands: 15
2026-03-03 00:33:02 | INFO | src.tmc_shapley_islands | Data: source=5531 (across 15 islands), cal=16, test=125
2026-03-03 00:33:02 | INFO | src.tmc_shapley_islands | SNP selection: using fixed precomputed subset (n=20000)
2026-03-03 00:33:02 | INFO | src.tmc_shapley_islands | Island counts (capped to None in training):
  Nesøy: n=119
  Myken: n=92
  Træna: n=292
  Selvær: n=194
  Gjerøy: n=558
  Hestmannøy: n=1078
  Indre Kvarøy: n=356
  Onøy og Lurøy: n=259
  Lovund: n=158
  Aldra: n=173
  Southern 1: n=583
  Southern 2: n=397
  Southern 3: n=584
  Southern 4: n=486
  Southern 5: n=202
2026-03-03 00:33:02 | INFO | src.tmc_shapley_islands | Loaded 136 cached utilities from outputs/tmc_shapley_sweep2_2/cache/utility_cache_target_9_seed_867652328.json
2026-03-03 00:33:02 | INFO | src.tmc_shapley_islands | Running TMC-Shapley with 25 permutations (utility on cal set)...
2026-03-03 00:33:02 | INFO | src.tmc_shapley_islands | Computing V_full over all 15 source islands...
2026-03-03 00:33:02 | INFO | src.tmc_shapley_islands | V_full = 0.3573
2026-03-03 00:33:02 | INFO | src.tmc_shapley_islands | TMC head-start: loaded 10 completed permutations from state outputs/tmc_shapley_sweep2_2/cache/tmc_perm_state_target_9_seed_867652328.json
2026-03-03 00:34:20 | INFO | src.tmc_shapley_islands | TMC progress: 15/25 permutations done, cache hit rate: 14.5%, n_evals: 65
2026-03-03 00:35:45 | INFO | src.tmc_shapley_islands | TMC progress: 20/25 permutations done, cache hit rate: 15.9%, n_evals: 127
2026-03-03 00:37:00 | INFO | src.tmc_shapley_islands | TMC progress: 25/25 permutations done, cache hit rate: 18.1%, n_evals: 185
2026-03-03 00:37:01 | INFO | src.tmc_shapley_islands | TMC complete: 25 permutations, 0 truncated, 185 utility evals, cache hit rate: 18.1%
2026-03-03 00:37:01 | INFO | src.tmc_shapley_islands | Shapley values (phi, computed on cal set):
2026-03-03 00:37:01 | INFO | src.tmc_shapley_islands |   Nesøy: phi=-0.021390, phi/n=-0.00017975
2026-03-03 00:37:01 | INFO | src.tmc_shapley_islands |   Myken: phi=-0.039931, phi/n=-0.00043404
2026-03-03 00:37:01 | INFO | src.tmc_shapley_islands |   Træna: phi=0.045226, phi/n=0.00015488
2026-03-03 00:37:01 | INFO | src.tmc_shapley_islands |   Selvær: phi=0.153869, phi/n=0.00079314
2026-03-03 00:37:01 | INFO | src.tmc_shapley_islands |   Gjerøy: phi=0.150908, phi/n=0.00027044
2026-03-03 00:37:01 | INFO | src.tmc_shapley_islands |   Hestmannøy: phi=-0.210521, phi/n=-0.00019529
2026-03-03 00:37:01 | INFO | src.tmc_shapley_islands |   Indre Kvarøy: phi=0.049356, phi/n=0.00013864
2026-03-03 00:37:01 | INFO | src.tmc_shapley_islands |   Onøy og Lurøy: phi=0.115106, phi/n=0.00044442
2026-03-03 00:37:01 | INFO | src.tmc_shapley_islands |   Lovund: phi=0.056438, phi/n=0.00035720
2026-03-03 00:37:01 | INFO | src.tmc_shapley_islands |   Aldra: phi=0.026764, phi/n=0.00015471
2026-03-03 00:37:01 | INFO | src.tmc_shapley_islands |   Southern 1: phi=0.042222, phi/n=0.00007242
2026-03-03 00:37:01 | INFO | src.tmc_shapley_islands |   Southern 2: phi=-0.034612, phi/n=-0.00008718
2026-03-03 00:37:01 | INFO | src.tmc_shapley_islands |   Southern 3: phi=-0.036383, phi/n=-0.00006230
2026-03-03 00:37:01 | INFO | src.tmc_shapley_islands |   Southern 4: phi=0.010560, phi/n=0.00002173
2026-03-03 00:37:01 | INFO | src.tmc_shapley_islands |   Southern 5: phi=0.049692, phi/n=0.00024600
2026-03-03 00:37:01 | INFO | src.tmc_shapley_islands | Curve retraining early stopping: enabled=True, patience=20
2026-03-03 00:37:01 | INFO | src.tmc_shapley_islands | Computing add-islands curve (evaluated on test set)...
2026-03-03 00:37:01 | INFO | src.tmc_shapley_islands | Add-curve (mean): 1 islands, n=194 -> corr=0.0098
2026-03-03 00:37:01 | INFO | src.tmc_shapley_islands | Add-curve (mean): 2 islands, n=453 -> corr=0.0402
2026-03-03 00:37:01 | INFO | src.tmc_shapley_islands | Add-curve (mean): 3 islands, n=611 -> corr=0.0980
2026-03-03 00:37:01 | INFO | src.tmc_shapley_islands | Add-curve (mean): 4 islands, n=1169 -> corr=0.0131
2026-03-03 00:37:02 | INFO | src.tmc_shapley_islands | Add-curve (mean): 5 islands, n=1371 -> corr=0.0088
2026-03-03 00:37:02 | INFO | src.tmc_shapley_islands | Add-curve (mean): 6 islands, n=1663 -> corr=-0.0106
2026-03-03 00:37:03 | INFO | src.tmc_shapley_islands | Add-curve (mean): 7 islands, n=1836 -> corr=0.0053
2026-03-03 00:37:04 | INFO | src.tmc_shapley_islands | Add-curve (mean): 8 islands, n=2192 -> corr=0.0425
2026-03-03 00:37:05 | INFO | src.tmc_shapley_islands | Add-curve (mean): 9 islands, n=2775 -> corr=0.0473
2026-03-03 00:37:06 | INFO | src.tmc_shapley_islands | Add-curve (mean): 10 islands, n=3261 -> corr=0.0675
2026-03-03 00:37:08 | INFO | src.tmc_shapley_islands | Add-curve (mean): 11 islands, n=3845 -> corr=0.0729
2026-03-03 00:37:09 | INFO | src.tmc_shapley_islands | Add-curve (mean): 12 islands, n=4242 -> corr=0.0476
2026-03-03 00:37:13 | INFO | src.tmc_shapley_islands | Add-curve (mean): 13 islands, n=4361 -> corr=0.0758
2026-03-03 00:37:15 | INFO | src.tmc_shapley_islands | Add-curve (mean): 14 islands, n=5439 -> corr=0.1000
2026-03-03 00:37:19 | INFO | src.tmc_shapley_islands | Add-curve (mean): 15 islands, n=5531 -> corr=0.1155
2026-03-03 00:37:31 | INFO | src.tmc_shapley_islands | Random individual add-curve (seed=0) complete
2026-03-03 00:37:42 | INFO | src.tmc_shapley_islands | Random individual add-curve (seed=1) complete
2026-03-03 00:37:53 | INFO | src.tmc_shapley_islands | Random individual add-curve (seed=2) complete
2026-03-03 00:38:04 | INFO | src.tmc_shapley_islands | Random individual add-curve (seed=3) complete
2026-03-03 00:38:15 | INFO | src.tmc_shapley_islands | Random individual add-curve (seed=4) complete
2026-03-03 00:38:15 | INFO | src.tmc_shapley_islands | Building mirrored remove-islands curve from add-islands curve...
2026-03-03 00:38:16 | INFO | src.tmc_shapley_islands | Saved Shapley values to outputs/tmc_shapley_sweep2_2/shards/shard_004/tmp/shapley_island_values_target_9.csv
2026-03-03 00:38:16 | INFO | src.tmc_shapley_islands | Saved summary to outputs/tmc_shapley_sweep2_2/shards/shard_004/tmp/tmc_summary_target_9.json
2026-03-03 00:38:16 | INFO | src.tmc_shapley_islands | Saved intermediate ranking trace to outputs/tmc_shapley_sweep2_2/shards/shard_004/tmp/tmc_intermediate_rankings_target_9.csv
2026-03-03 00:38:16 | INFO | src.tmc_shapley_islands | Saved add-curve to outputs/tmc_shapley_sweep2_2/shards/shard_004/tmp/add_curve_target_9.csv
2026-03-03 00:38:16 | INFO | src.tmc_shapley_islands | Saved remove-curve to outputs/tmc_shapley_sweep2_2/shards/shard_004/tmp/remove_curve_target_9.csv
2026-03-03 00:38:16 | INFO | src.tmc_shapley_islands | Saved bar plot to outputs/tmc_shapley_sweep2_2/shards/shard_004/tmp/shapley_bar_target_9.png
2026-03-03 00:38:16 | INFO | src.tmc_shapley_islands | Saved add-curve plot to outputs/tmc_shapley_sweep2_2/shards/shard_004/tmp/add_curve_target_9.png
2026-03-03 00:38:17 | INFO | src.tmc_shapley_islands | Saved remove-curve plot to outputs/tmc_shapley_sweep2_2/shards/shard_004/tmp/remove_curve_target_9.png
2026-03-03 00:38:17 | INFO | __main__ | Shard 4/5 progress 14/50 | target=9 cal=0.100 perm=25 repeat=9
2026-03-03 00:38:17 | INFO | src.tmc_shapley_islands | [Shapley] Target island: 9 (Sleneset), source islands: 15
2026-03-03 00:38:18 | INFO | src.tmc_shapley_islands | Data: source=5531 (across 15 islands), cal=16, test=125
2026-03-03 00:38:18 | INFO | src.tmc_shapley_islands | SNP selection: using fixed precomputed subset (n=20000)
2026-03-03 00:38:18 | INFO | src.tmc_shapley_islands | Island counts (capped to None in training):
  Nesøy: n=119
  Myken: n=92
  Træna: n=292
  Selvær: n=194
  Gjerøy: n=558
  Hestmannøy: n=1078
  Indre Kvarøy: n=356
  Onøy og Lurøy: n=259
  Lovund: n=158
  Aldra: n=173
  Southern 1: n=583
  Southern 2: n=397
  Southern 3: n=584
  Southern 4: n=486
  Southern 5: n=202
2026-03-03 00:38:18 | INFO | src.tmc_shapley_islands | Loaded 135 cached utilities from outputs/tmc_shapley_sweep2_2/cache/utility_cache_target_9_seed_1123348175.json
2026-03-03 00:38:18 | INFO | src.tmc_shapley_islands | Running TMC-Shapley with 25 permutations (utility on cal set)...
2026-03-03 00:38:18 | INFO | src.tmc_shapley_islands | Computing V_full over all 15 source islands...
2026-03-03 00:38:18 | INFO | src.tmc_shapley_islands | V_full = 0.2653
2026-03-03 00:38:18 | INFO | src.tmc_shapley_islands | TMC head-start: loaded 10 completed permutations from state outputs/tmc_shapley_sweep2_2/cache/tmc_perm_state_target_9_seed_1123348175.json
2026-03-03 00:39:32 | INFO | src.tmc_shapley_islands | TMC progress: 15/25 permutations done, cache hit rate: 18.4%, n_evals: 62
2026-03-03 00:40:44 | INFO | src.tmc_shapley_islands | TMC progress: 20/25 permutations done, cache hit rate: 18.5%, n_evals: 123
2026-03-03 00:42:04 | INFO | src.tmc_shapley_islands | TMC progress: 25/25 permutations done, cache hit rate: 18.1%, n_evals: 185
2026-03-03 00:42:05 | INFO | src.tmc_shapley_islands | TMC complete: 25 permutations, 0 truncated, 185 utility evals, cache hit rate: 18.1%
2026-03-03 00:42:05 | INFO | src.tmc_shapley_islands | Shapley values (phi, computed on cal set):
2026-03-03 00:42:05 | INFO | src.tmc_shapley_islands |   Nesøy: phi=0.113923, phi/n=0.00095734
2026-03-03 00:42:05 | INFO | src.tmc_shapley_islands |   Myken: phi=-0.013349, phi/n=-0.00014509
2026-03-03 00:42:05 | INFO | src.tmc_shapley_islands |   Træna: phi=-0.069872, phi/n=-0.00023929
2026-03-03 00:42:05 | INFO | src.tmc_shapley_islands |   Selvær: phi=0.044671, phi/n=0.00023027
2026-03-03 00:42:05 | INFO | src.tmc_shapley_islands |   Gjerøy: phi=-0.067443, phi/n=-0.00012086
2026-03-03 00:42:05 | INFO | src.tmc_shapley_islands |   Hestmannøy: phi=-0.185491, phi/n=-0.00017207
2026-03-03 00:42:05 | INFO | src.tmc_shapley_islands |   Indre Kvarøy: phi=0.191344, phi/n=0.00053748
2026-03-03 00:42:05 | INFO | src.tmc_shapley_islands |   Onøy og Lurøy: phi=0.027522, phi/n=0.00010626
2026-03-03 00:42:05 | INFO | src.tmc_shapley_islands |   Lovund: phi=-0.050314, phi/n=-0.00031845
2026-03-03 00:42:05 | INFO | src.tmc_shapley_islands |   Aldra: phi=-0.099758, phi/n=-0.00057664
2026-03-03 00:42:05 | INFO | src.tmc_shapley_islands |   Southern 1: phi=0.077398, phi/n=0.00013276
2026-03-03 00:42:05 | INFO | src.tmc_shapley_islands |   Southern 2: phi=0.124283, phi/n=0.00031306
2026-03-03 00:42:05 | INFO | src.tmc_shapley_islands |   Southern 3: phi=0.022639, phi/n=0.00003877
2026-03-03 00:42:05 | INFO | src.tmc_shapley_islands |   Southern 4: phi=0.013568, phi/n=0.00002792
2026-03-03 00:42:05 | INFO | src.tmc_shapley_islands |   Southern 5: phi=0.136215, phi/n=0.00067433
2026-03-03 00:42:05 | INFO | src.tmc_shapley_islands | Curve retraining early stopping: enabled=True, patience=20
2026-03-03 00:42:05 | INFO | src.tmc_shapley_islands | Computing add-islands curve (evaluated on test set)...
2026-03-03 00:42:05 | INFO | src.tmc_shapley_islands | Add-curve (mean): 1 islands, n=119 -> corr=0.1459
2026-03-03 00:42:05 | INFO | src.tmc_shapley_islands | Add-curve (mean): 2 islands, n=321 -> corr=0.1374
2026-03-03 00:42:05 | INFO | src.tmc_shapley_islands | Add-curve (mean): 3 islands, n=677 -> corr=0.1820
2026-03-03 00:42:05 | INFO | src.tmc_shapley_islands | Add-curve (mean): 4 islands, n=1074 -> corr=0.1312
2026-03-03 00:42:06 | INFO | src.tmc_shapley_islands | Add-curve (mean): 5 islands, n=1268 -> corr=0.1268
2026-03-03 00:42:07 | INFO | src.tmc_shapley_islands | Add-curve (mean): 6 islands, n=1851 -> corr=0.1095
2026-03-03 00:42:08 | INFO | src.tmc_shapley_islands | Add-curve (mean): 7 islands, n=2110 -> corr=0.1053
2026-03-03 00:42:09 | INFO | src.tmc_shapley_islands | Add-curve (mean): 8 islands, n=2694 -> corr=0.0923
2026-03-03 00:42:10 | INFO | src.tmc_shapley_islands | Add-curve (mean): 9 islands, n=3180 -> corr=0.1189
2026-03-03 00:42:12 | INFO | src.tmc_shapley_islands | Add-curve (mean): 10 islands, n=3738 -> corr=0.0598
2026-03-03 00:42:14 | INFO | src.tmc_shapley_islands | Add-curve (mean): 11 islands, n=3830 -> corr=0.0842
2026-03-03 00:42:15 | INFO | src.tmc_shapley_islands | Add-curve (mean): 12 islands, n=4908 -> corr=0.0792
2026-03-03 00:42:17 | INFO | src.tmc_shapley_islands | Add-curve (mean): 13 islands, n=5200 -> corr=0.0466
2026-03-03 00:42:20 | INFO | src.tmc_shapley_islands | Add-curve (mean): 14 islands, n=5358 -> corr=0.0924
2026-03-03 00:42:22 | INFO | src.tmc_shapley_islands | Add-curve (mean): 15 islands, n=5531 -> corr=0.1061
2026-03-03 00:42:34 | INFO | src.tmc_shapley_islands | Random individual add-curve (seed=0) complete
2026-03-03 00:42:46 | INFO | src.tmc_shapley_islands | Random individual add-curve (seed=1) complete
2026-03-03 00:43:07 | INFO | src.tmc_shapley_islands | Random individual add-curve (seed=2) complete
2026-03-03 00:43:19 | INFO | src.tmc_shapley_islands | Random individual add-curve (seed=3) complete
2026-03-03 00:43:32 | INFO | src.tmc_shapley_islands | Random individual add-curve (seed=4) complete
2026-03-03 00:43:32 | INFO | src.tmc_shapley_islands | Building mirrored remove-islands curve from add-islands curve...
2026-03-03 00:43:32 | INFO | src.tmc_shapley_islands | Saved Shapley values to outputs/tmc_shapley_sweep2_2/shards/shard_004/tmp/shapley_island_values_target_9.csv
2026-03-03 00:43:32 | INFO | src.tmc_shapley_islands | Saved summary to outputs/tmc_shapley_sweep2_2/shards/shard_004/tmp/tmc_summary_target_9.json
2026-03-03 00:43:32 | INFO | src.tmc_shapley_islands | Saved intermediate ranking trace to outputs/tmc_shapley_sweep2_2/shards/shard_004/tmp/tmc_intermediate_rankings_target_9.csv
2026-03-03 00:43:32 | INFO | src.tmc_shapley_islands | Saved add-curve to outputs/tmc_shapley_sweep2_2/shards/shard_004/tmp/add_curve_target_9.csv
2026-03-03 00:43:32 | INFO | src.tmc_shapley_islands | Saved remove-curve to outputs/tmc_shapley_sweep2_2/shards/shard_004/tmp/remove_curve_target_9.csv
2026-03-03 00:43:33 | INFO | src.tmc_shapley_islands | Saved bar plot to outputs/tmc_shapley_sweep2_2/shards/shard_004/tmp/shapley_bar_target_9.png
2026-03-03 00:43:33 | INFO | src.tmc_shapley_islands | Saved add-curve plot to outputs/tmc_shapley_sweep2_2/shards/shard_004/tmp/add_curve_target_9.png
2026-03-03 00:43:34 | INFO | src.tmc_shapley_islands | Saved remove-curve plot to outputs/tmc_shapley_sweep2_2/shards/shard_004/tmp/remove_curve_target_9.png
2026-03-03 00:43:34 | INFO | __main__ | Shard 4/5 progress 15/50 | target=9 cal=0.100 perm=50 repeat=4
2026-03-03 00:43:34 | INFO | src.tmc_shapley_islands | [Shapley] Target island: 9 (Sleneset), source islands: 15
2026-03-03 00:43:35 | INFO | src.tmc_shapley_islands | Data: source=5531 (across 15 islands), cal=16, test=125
2026-03-03 00:43:35 | INFO | src.tmc_shapley_islands | SNP selection: using fixed precomputed subset (n=20000)
2026-03-03 00:43:35 | INFO | src.tmc_shapley_islands | Island counts (capped to None in training):
  Nesøy: n=119
  Myken: n=92
  Træna: n=292
  Selvær: n=194
  Gjerøy: n=558
  Hestmannøy: n=1078
  Indre Kvarøy: n=356
  Onøy og Lurøy: n=259
  Lovund: n=158
  Aldra: n=173
  Southern 1: n=583
  Southern 2: n=397
  Southern 3: n=584
  Southern 4: n=486
  Southern 5: n=202
2026-03-03 00:43:35 | INFO | src.tmc_shapley_islands | Loaded 321 cached utilities from outputs/tmc_shapley_sweep2_2/cache/utility_cache_target_9_seed_867652328.json
2026-03-03 00:43:35 | INFO | src.tmc_shapley_islands | Running TMC-Shapley with 50 permutations (utility on cal set)...
2026-03-03 00:43:35 | INFO | src.tmc_shapley_islands | Computing V_full over all 15 source islands...
2026-03-03 00:43:35 | INFO | src.tmc_shapley_islands | V_full = 0.3573
2026-03-03 00:43:35 | INFO | src.tmc_shapley_islands | TMC head-start: loaded 25 completed permutations from state outputs/tmc_shapley_sweep2_2/cache/tmc_perm_state_target_9_seed_867652328.json
2026-03-03 00:44:38 | INFO | src.tmc_shapley_islands | TMC progress: 30/50 permutations done, cache hit rate: 25.0%, n_evals: 57
2026-03-03 00:46:51 | INFO | src.tmc_shapley_islands | TMC progress: 40/50 permutations done, cache hit rate: 23.9%, n_evals: 172
2026-03-03 00:49:21 | INFO | src.tmc_shapley_islands | TMC progress: 50/50 permutations done, cache hit rate: 25.3%, n_evals: 281
2026-03-03 00:49:21 | INFO | src.tmc_shapley_islands | TMC complete: 50 permutations, 0 truncated, 281 utility evals, cache hit rate: 25.3%
2026-03-03 00:49:21 | INFO | src.tmc_shapley_islands | Shapley values (phi, computed on cal set):
2026-03-03 00:49:21 | INFO | src.tmc_shapley_islands |   Nesøy: phi=-0.028070, phi/n=-0.00023588
2026-03-03 00:49:21 | INFO | src.tmc_shapley_islands |   Myken: phi=-0.040114, phi/n=-0.00043602
2026-03-03 00:49:21 | INFO | src.tmc_shapley_islands |   Træna: phi=0.045115, phi/n=0.00015450
2026-03-03 00:49:21 | INFO | src.tmc_shapley_islands |   Selvær: phi=0.153662, phi/n=0.00079207
2026-03-03 00:49:21 | INFO | src.tmc_shapley_islands |   Gjerøy: phi=0.139579, phi/n=0.00025014
2026-03-03 00:49:21 | INFO | src.tmc_shapley_islands |   Hestmannøy: phi=-0.228347, phi/n=-0.00021182
2026-03-03 00:49:21 | INFO | src.tmc_shapley_islands |   Indre Kvarøy: phi=0.053198, phi/n=0.00014943
2026-03-03 00:49:21 | INFO | src.tmc_shapley_islands |   Onøy og Lurøy: phi=0.119573, phi/n=0.00046167
2026-03-03 00:49:21 | INFO | src.tmc_shapley_islands |   Lovund: phi=0.077815, phi/n=0.00049250
2026-03-03 00:49:21 | INFO | src.tmc_shapley_islands |   Aldra: phi=0.035190, phi/n=0.00020341
2026-03-03 00:49:21 | INFO | src.tmc_shapley_islands |   Southern 1: phi=0.041532, phi/n=0.00007124
2026-03-03 00:49:21 | INFO | src.tmc_shapley_islands |   Southern 2: phi=-0.030024, phi/n=-0.00007563
2026-03-03 00:49:21 | INFO | src.tmc_shapley_islands |   Southern 3: phi=-0.037481, phi/n=-0.00006418
2026-03-03 00:49:21 | INFO | src.tmc_shapley_islands |   Southern 4: phi=0.011093, phi/n=0.00002282
2026-03-03 00:49:21 | INFO | src.tmc_shapley_islands |   Southern 5: phi=0.044582, phi/n=0.00022070
2026-03-03 00:49:21 | INFO | src.tmc_shapley_islands | Curve retraining early stopping: enabled=True, patience=20
2026-03-03 00:49:21 | INFO | src.tmc_shapley_islands | Computing add-islands curve (evaluated on test set)...
2026-03-03 00:49:21 | INFO | src.tmc_shapley_islands | Add-curve (mean): 1 islands, n=194 -> corr=0.0098
2026-03-03 00:49:21 | INFO | src.tmc_shapley_islands | Add-curve (mean): 2 islands, n=352 -> corr=0.0914
2026-03-03 00:49:21 | INFO | src.tmc_shapley_islands | Add-curve (mean): 3 islands, n=611 -> corr=0.0980
2026-03-03 00:49:21 | INFO | src.tmc_shapley_islands | Add-curve (mean): 4 islands, n=1169 -> corr=0.0131
2026-03-03 00:49:22 | INFO | src.tmc_shapley_islands | Add-curve (mean): 5 islands, n=1371 -> corr=0.0088
2026-03-03 00:49:22 | INFO | src.tmc_shapley_islands | Add-curve (mean): 6 islands, n=1544 -> corr=0.0265
2026-03-03 00:49:23 | INFO | src.tmc_shapley_islands | Add-curve (mean): 7 islands, n=1836 -> corr=0.0053
2026-03-03 00:49:24 | INFO | src.tmc_shapley_islands | Add-curve (mean): 8 islands, n=2192 -> corr=0.0425
2026-03-03 00:49:25 | INFO | src.tmc_shapley_islands | Add-curve (mean): 9 islands, n=2775 -> corr=0.0473
2026-03-03 00:49:26 | INFO | src.tmc_shapley_islands | Add-curve (mean): 10 islands, n=3261 -> corr=0.0675
2026-03-03 00:49:31 | INFO | src.tmc_shapley_islands | Add-curve (mean): 11 islands, n=3845 -> corr=0.0729
2026-03-03 00:49:33 | INFO | src.tmc_shapley_islands | Add-curve (mean): 12 islands, n=4242 -> corr=0.0476
2026-03-03 00:49:35 | INFO | src.tmc_shapley_islands | Add-curve (mean): 13 islands, n=5320 -> corr=0.0750
2026-03-03 00:49:38 | INFO | src.tmc_shapley_islands | Add-curve (mean): 14 islands, n=5439 -> corr=0.1000
2026-03-03 00:49:40 | INFO | src.tmc_shapley_islands | Add-curve (mean): 15 islands, n=5531 -> corr=0.1155
2026-03-03 00:49:58 | INFO | src.tmc_shapley_islands | Random individual add-curve (seed=0) complete
2026-03-03 00:50:10 | INFO | src.tmc_shapley_islands | Random individual add-curve (seed=1) complete
2026-03-03 00:50:27 | INFO | src.tmc_shapley_islands | Random individual add-curve (seed=2) complete
2026-03-03 00:50:37 | INFO | src.tmc_shapley_islands | Random individual add-curve (seed=3) complete
2026-03-03 00:50:48 | INFO | src.tmc_shapley_islands | Random individual add-curve (seed=4) complete
2026-03-03 00:50:48 | INFO | src.tmc_shapley_islands | Building mirrored remove-islands curve from add-islands curve...
2026-03-03 00:50:48 | INFO | src.tmc_shapley_islands | Saved Shapley values to outputs/tmc_shapley_sweep2_2/shards/shard_004/tmp/shapley_island_values_target_9.csv
2026-03-03 00:50:48 | INFO | src.tmc_shapley_islands | Saved summary to outputs/tmc_shapley_sweep2_2/shards/shard_004/tmp/tmc_summary_target_9.json
2026-03-03 00:50:48 | INFO | src.tmc_shapley_islands | Saved intermediate ranking trace to outputs/tmc_shapley_sweep2_2/shards/shard_004/tmp/tmc_intermediate_rankings_target_9.csv
2026-03-03 00:50:48 | INFO | src.tmc_shapley_islands | Saved add-curve to outputs/tmc_shapley_sweep2_2/shards/shard_004/tmp/add_curve_target_9.csv
2026-03-03 00:50:48 | INFO | src.tmc_shapley_islands | Saved remove-curve to outputs/tmc_shapley_sweep2_2/shards/shard_004/tmp/remove_curve_target_9.csv
2026-03-03 00:50:48 | INFO | src.tmc_shapley_islands | Saved bar plot to outputs/tmc_shapley_sweep2_2/shards/shard_004/tmp/shapley_bar_target_9.png
2026-03-03 00:50:49 | INFO | src.tmc_shapley_islands | Saved add-curve plot to outputs/tmc_shapley_sweep2_2/shards/shard_004/tmp/add_curve_target_9.png
2026-03-03 00:50:49 | INFO | src.tmc_shapley_islands | Saved remove-curve plot to outputs/tmc_shapley_sweep2_2/shards/shard_004/tmp/remove_curve_target_9.png
2026-03-03 00:50:49 | INFO | __main__ | Shard 4/5 progress 16/50 | target=9 cal=0.100 perm=50 repeat=9
2026-03-03 00:50:49 | INFO | src.tmc_shapley_islands | [Shapley] Target island: 9 (Sleneset), source islands: 15
2026-03-03 00:50:50 | INFO | src.tmc_shapley_islands | Data: source=5531 (across 15 islands), cal=16, test=125
2026-03-03 00:50:50 | INFO | src.tmc_shapley_islands | SNP selection: using fixed precomputed subset (n=20000)
2026-03-03 00:50:50 | INFO | src.tmc_shapley_islands | Island counts (capped to None in training):
  Nesøy: n=119
  Myken: n=92
  Træna: n=292
  Selvær: n=194
  Gjerøy: n=558
  Hestmannøy: n=1078
  Indre Kvarøy: n=356
  Onøy og Lurøy: n=259
  Lovund: n=158
  Aldra: n=173
  Southern 1: n=583
  Southern 2: n=397
  Southern 3: n=584
  Southern 4: n=486
  Southern 5: n=202
2026-03-03 00:50:50 | INFO | src.tmc_shapley_islands | Loaded 320 cached utilities from outputs/tmc_shapley_sweep2_2/cache/utility_cache_target_9_seed_1123348175.json
2026-03-03 00:50:50 | INFO | src.tmc_shapley_islands | Running TMC-Shapley with 50 permutations (utility on cal set)...
2026-03-03 00:50:50 | INFO | src.tmc_shapley_islands | Computing V_full over all 15 source islands...
2026-03-03 00:50:50 | INFO | src.tmc_shapley_islands | V_full = 0.2653
2026-03-03 00:50:50 | INFO | src.tmc_shapley_islands | TMC head-start: loaded 25 completed permutations from state outputs/tmc_shapley_sweep2_2/cache/tmc_perm_state_target_9_seed_1123348175.json
2026-03-03 00:52:09 | INFO | src.tmc_shapley_islands | TMC progress: 30/50 permutations done, cache hit rate: 23.7%, n_evals: 58
2026-03-03 00:54:07 | INFO | src.tmc_shapley_islands | TMC progress: 40/50 permutations done, cache hit rate: 26.5%, n_evals: 166
2026-03-03 00:56:34 | INFO | src.tmc_shapley_islands | TMC progress: 50/50 permutations done, cache hit rate: 25.5%, n_evals: 280
2026-03-03 00:56:35 | INFO | src.tmc_shapley_islands | TMC complete: 50 permutations, 0 truncated, 280 utility evals, cache hit rate: 25.5%
2026-03-03 00:56:35 | INFO | src.tmc_shapley_islands | Shapley values (phi, computed on cal set):
2026-03-03 00:56:35 | INFO | src.tmc_shapley_islands |   Nesøy: phi=0.113152, phi/n=0.00095085
2026-03-03 00:56:35 | INFO | src.tmc_shapley_islands |   Myken: phi=-0.016487, phi/n=-0.00017920
2026-03-03 00:56:35 | INFO | src.tmc_shapley_islands |   Træna: phi=-0.068173, phi/n=-0.00023347
2026-03-03 00:56:35 | INFO | src.tmc_shapley_islands |   Selvær: phi=0.051179, phi/n=0.00026381
2026-03-03 00:56:35 | INFO | src.tmc_shapley_islands |   Gjerøy: phi=-0.068458, phi/n=-0.00012269
2026-03-03 00:56:35 | INFO | src.tmc_shapley_islands |   Hestmannøy: phi=-0.190698, phi/n=-0.00017690
2026-03-03 00:56:35 | INFO | src.tmc_shapley_islands |   Indre Kvarøy: phi=0.194213, phi/n=0.00054554
2026-03-03 00:56:35 | INFO | src.tmc_shapley_islands |   Onøy og Lurøy: phi=0.022496, phi/n=0.00008686
2026-03-03 00:56:35 | INFO | src.tmc_shapley_islands |   Lovund: phi=-0.050254, phi/n=-0.00031806
2026-03-03 00:56:35 | INFO | src.tmc_shapley_islands |   Aldra: phi=-0.091455, phi/n=-0.00052864
2026-03-03 00:56:35 | INFO | src.tmc_shapley_islands |   Southern 1: phi=0.079581, phi/n=0.00013650
2026-03-03 00:56:35 | INFO | src.tmc_shapley_islands |   Southern 2: phi=0.117459, phi/n=0.00029587
2026-03-03 00:56:35 | INFO | src.tmc_shapley_islands |   Southern 3: phi=0.024421, phi/n=0.00004182
2026-03-03 00:56:35 | INFO | src.tmc_shapley_islands |   Southern 4: phi=0.024050, phi/n=0.00004949
2026-03-03 00:56:35 | INFO | src.tmc_shapley_islands |   Southern 5: phi=0.124311, phi/n=0.00061540
2026-03-03 00:56:35 | INFO | src.tmc_shapley_islands | Curve retraining early stopping: enabled=True, patience=20
2026-03-03 00:56:35 | INFO | src.tmc_shapley_islands | Computing add-islands curve (evaluated on test set)...
2026-03-03 00:56:35 | INFO | src.tmc_shapley_islands | Add-curve (mean): 1 islands, n=119 -> corr=0.1459
2026-03-03 00:56:35 | INFO | src.tmc_shapley_islands | Add-curve (mean): 2 islands, n=321 -> corr=0.1374
2026-03-03 00:56:35 | INFO | src.tmc_shapley_islands | Add-curve (mean): 3 islands, n=677 -> corr=0.1820
2026-03-03 00:56:35 | INFO | src.tmc_shapley_islands | Add-curve (mean): 4 islands, n=1074 -> corr=0.1312
2026-03-03 00:56:36 | INFO | src.tmc_shapley_islands | Add-curve (mean): 5 islands, n=1268 -> corr=0.1268
2026-03-03 00:56:36 | INFO | src.tmc_shapley_islands | Add-curve (mean): 6 islands, n=1851 -> corr=0.1095
2026-03-03 00:56:39 | INFO | src.tmc_shapley_islands | Add-curve (mean): 7 islands, n=2110 -> corr=0.1053
2026-03-03 00:56:40 | INFO | src.tmc_shapley_islands | Add-curve (mean): 8 islands, n=2596 -> corr=0.1311
2026-03-03 00:56:41 | INFO | src.tmc_shapley_islands | Add-curve (mean): 9 islands, n=3180 -> corr=0.1189
2026-03-03 00:56:43 | INFO | src.tmc_shapley_islands | Add-curve (mean): 10 islands, n=3738 -> corr=0.0598
2026-03-03 00:56:44 | INFO | src.tmc_shapley_islands | Add-curve (mean): 11 islands, n=4816 -> corr=0.0585
2026-03-03 00:56:46 | INFO | src.tmc_shapley_islands | Add-curve (mean): 12 islands, n=4908 -> corr=0.0792
2026-03-03 00:56:48 | INFO | src.tmc_shapley_islands | Add-curve (mean): 13 islands, n=5200 -> corr=0.0466
2026-03-03 00:56:50 | INFO | src.tmc_shapley_islands | Add-curve (mean): 14 islands, n=5358 -> corr=0.0924
2026-03-03 00:56:53 | INFO | src.tmc_shapley_islands | Add-curve (mean): 15 islands, n=5531 -> corr=0.1061
2026-03-03 00:57:10 | INFO | src.tmc_shapley_islands | Random individual add-curve (seed=0) complete
2026-03-03 00:57:23 | INFO | src.tmc_shapley_islands | Random individual add-curve (seed=1) complete
2026-03-03 00:57:34 | INFO | src.tmc_shapley_islands | Random individual add-curve (seed=2) complete
2026-03-03 00:57:49 | INFO | src.tmc_shapley_islands | Random individual add-curve (seed=3) complete
2026-03-03 00:58:00 | INFO | src.tmc_shapley_islands | Random individual add-curve (seed=4) complete
2026-03-03 00:58:00 | INFO | src.tmc_shapley_islands | Building mirrored remove-islands curve from add-islands curve...
2026-03-03 00:58:00 | INFO | src.tmc_shapley_islands | Saved Shapley values to outputs/tmc_shapley_sweep2_2/shards/shard_004/tmp/shapley_island_values_target_9.csv
2026-03-03 00:58:00 | INFO | src.tmc_shapley_islands | Saved summary to outputs/tmc_shapley_sweep2_2/shards/shard_004/tmp/tmc_summary_target_9.json
2026-03-03 00:58:00 | INFO | src.tmc_shapley_islands | Saved intermediate ranking trace to outputs/tmc_shapley_sweep2_2/shards/shard_004/tmp/tmc_intermediate_rankings_target_9.csv
2026-03-03 00:58:00 | INFO | src.tmc_shapley_islands | Saved add-curve to outputs/tmc_shapley_sweep2_2/shards/shard_004/tmp/add_curve_target_9.csv
2026-03-03 00:58:00 | INFO | src.tmc_shapley_islands | Saved remove-curve to outputs/tmc_shapley_sweep2_2/shards/shard_004/tmp/remove_curve_target_9.csv
2026-03-03 00:58:00 | INFO | src.tmc_shapley_islands | Saved bar plot to outputs/tmc_shapley_sweep2_2/shards/shard_004/tmp/shapley_bar_target_9.png
2026-03-03 00:58:01 | INFO | src.tmc_shapley_islands | Saved add-curve plot to outputs/tmc_shapley_sweep2_2/shards/shard_004/tmp/add_curve_target_9.png
2026-03-03 00:58:01 | INFO | src.tmc_shapley_islands | Saved remove-curve plot to outputs/tmc_shapley_sweep2_2/shards/shard_004/tmp/remove_curve_target_9.png
2026-03-03 00:58:01 | INFO | __main__ | Shard 4/5 progress 17/50 | target=9 cal=0.100 perm=75 repeat=4
2026-03-03 00:58:01 | INFO | src.tmc_shapley_islands | [Shapley] Target island: 9 (Sleneset), source islands: 15
2026-03-03 00:58:02 | INFO | src.tmc_shapley_islands | Data: source=5531 (across 15 islands), cal=16, test=125
2026-03-03 00:58:02 | INFO | src.tmc_shapley_islands | SNP selection: using fixed precomputed subset (n=20000)
2026-03-03 00:58:02 | INFO | src.tmc_shapley_islands | Island counts (capped to None in training):
  Nesøy: n=119
  Myken: n=92
  Træna: n=292
  Selvær: n=194
  Gjerøy: n=558
  Hestmannøy: n=1078
  Indre Kvarøy: n=356
  Onøy og Lurøy: n=259
  Lovund: n=158
  Aldra: n=173
  Southern 1: n=583
  Southern 2: n=397
  Southern 3: n=584
  Southern 4: n=486
  Southern 5: n=202
2026-03-03 00:58:02 | INFO | src.tmc_shapley_islands | Loaded 602 cached utilities from outputs/tmc_shapley_sweep2_2/cache/utility_cache_target_9_seed_867652328.json
2026-03-03 00:58:02 | INFO | src.tmc_shapley_islands | Running TMC-Shapley with 75 permutations (utility on cal set)...
2026-03-03 00:58:02 | INFO | src.tmc_shapley_islands | Computing V_full over all 15 source islands...
2026-03-03 00:58:02 | INFO | src.tmc_shapley_islands | V_full = 0.3573
2026-03-03 00:58:02 | INFO | src.tmc_shapley_islands | TMC head-start: loaded 50 completed permutations from state outputs/tmc_shapley_sweep2_2/cache/tmc_perm_state_target_9_seed_867652328.json
2026-03-03 01:00:15 | INFO | src.tmc_shapley_islands | TMC progress: 60/75 permutations done, cache hit rate: 30.5%, n_evals: 105
2026-03-03 01:02:59 | INFO | src.tmc_shapley_islands | TMC progress: 75/75 permutations done, cache hit rate: 31.1%, n_evals: 259
2026-03-03 01:02:59 | INFO | src.tmc_shapley_islands | TMC complete: 75 permutations, 0 truncated, 259 utility evals, cache hit rate: 31.1%
2026-03-03 01:02:59 | INFO | src.tmc_shapley_islands | Shapley values (phi, computed on cal set):
2026-03-03 01:02:59 | INFO | src.tmc_shapley_islands |   Nesøy: phi=-0.029104, phi/n=-0.00024457
2026-03-03 01:02:59 | INFO | src.tmc_shapley_islands |   Myken: phi=-0.042812, phi/n=-0.00046534
2026-03-03 01:02:59 | INFO | src.tmc_shapley_islands |   Træna: phi=0.041892, phi/n=0.00014346
2026-03-03 01:02:59 | INFO | src.tmc_shapley_islands |   Selvær: phi=0.166071, phi/n=0.00085603
2026-03-03 01:02:59 | INFO | src.tmc_shapley_islands |   Gjerøy: phi=0.140917, phi/n=0.00025254
2026-03-03 01:02:59 | INFO | src.tmc_shapley_islands |   Hestmannøy: phi=-0.227413, phi/n=-0.00021096
2026-03-03 01:02:59 | INFO | src.tmc_shapley_islands |   Indre Kvarøy: phi=0.049140, phi/n=0.00013803
2026-03-03 01:02:59 | INFO | src.tmc_shapley_islands |   Onøy og Lurøy: phi=0.119369, phi/n=0.00046088
2026-03-03 01:02:59 | INFO | src.tmc_shapley_islands |   Lovund: phi=0.072862, phi/n=0.00046115
2026-03-03 01:02:59 | INFO | src.tmc_shapley_islands |   Aldra: phi=0.042021, phi/n=0.00024290
2026-03-03 01:02:59 | INFO | src.tmc_shapley_islands |   Southern 1: phi=0.044103, phi/n=0.00007565
2026-03-03 01:02:59 | INFO | src.tmc_shapley_islands |   Southern 2: phi=-0.034593, phi/n=-0.00008713
2026-03-03 01:02:59 | INFO | src.tmc_shapley_islands |   Southern 3: phi=-0.039115, phi/n=-0.00006698
2026-03-03 01:02:59 | INFO | src.tmc_shapley_islands |   Southern 4: phi=0.011839, phi/n=0.00002436
2026-03-03 01:02:59 | INFO | src.tmc_shapley_islands |   Southern 5: phi=0.042125, phi/n=0.00020854
2026-03-03 01:02:59 | INFO | src.tmc_shapley_islands | Curve retraining early stopping: enabled=True, patience=20
2026-03-03 01:02:59 | INFO | src.tmc_shapley_islands | Computing add-islands curve (evaluated on test set)...
2026-03-03 01:03:00 | INFO | src.tmc_shapley_islands | Add-curve (mean): 1 islands, n=194 -> corr=0.0098
2026-03-03 01:03:00 | INFO | src.tmc_shapley_islands | Add-curve (mean): 2 islands, n=352 -> corr=0.0914
2026-03-03 01:03:00 | INFO | src.tmc_shapley_islands | Add-curve (mean): 3 islands, n=611 -> corr=0.0980
2026-03-03 01:03:00 | INFO | src.tmc_shapley_islands | Add-curve (mean): 4 islands, n=1169 -> corr=0.0131
2026-03-03 01:03:01 | INFO | src.tmc_shapley_islands | Add-curve (mean): 5 islands, n=1342 -> corr=0.0306
2026-03-03 01:03:01 | INFO | src.tmc_shapley_islands | Add-curve (mean): 6 islands, n=1544 -> corr=0.0265
2026-03-03 01:03:02 | INFO | src.tmc_shapley_islands | Add-curve (mean): 7 islands, n=1836 -> corr=0.0053
2026-03-03 01:03:03 | INFO | src.tmc_shapley_islands | Add-curve (mean): 8 islands, n=2192 -> corr=0.0425
2026-03-03 01:03:04 | INFO | src.tmc_shapley_islands | Add-curve (mean): 9 islands, n=2775 -> corr=0.0473
2026-03-03 01:03:05 | INFO | src.tmc_shapley_islands | Add-curve (mean): 10 islands, n=3261 -> corr=0.0675
2026-03-03 01:03:07 | INFO | src.tmc_shapley_islands | Add-curve (mean): 11 islands, n=3845 -> corr=0.0729
2026-03-03 01:03:08 | INFO | src.tmc_shapley_islands | Add-curve (mean): 12 islands, n=4242 -> corr=0.0476
2026-03-03 01:03:15 | INFO | src.tmc_shapley_islands | Add-curve (mean): 13 islands, n=5320 -> corr=0.0750
2026-03-03 01:03:20 | INFO | src.tmc_shapley_islands | Add-curve (mean): 14 islands, n=5439 -> corr=0.1000
2026-03-03 01:03:23 | INFO | src.tmc_shapley_islands | Add-curve (mean): 15 islands, n=5531 -> corr=0.1155
2026-03-03 01:03:34 | INFO | src.tmc_shapley_islands | Random individual add-curve (seed=0) complete
2026-03-03 01:03:47 | INFO | src.tmc_shapley_islands | Random individual add-curve (seed=1) complete
2026-03-03 01:04:04 | INFO | src.tmc_shapley_islands | Random individual add-curve (seed=2) complete
2026-03-03 01:04:16 | INFO | src.tmc_shapley_islands | Random individual add-curve (seed=3) complete
2026-03-03 01:04:29 | INFO | src.tmc_shapley_islands | Random individual add-curve (seed=4) complete
2026-03-03 01:04:29 | INFO | src.tmc_shapley_islands | Building mirrored remove-islands curve from add-islands curve...
2026-03-03 01:04:29 | INFO | src.tmc_shapley_islands | Saved Shapley values to outputs/tmc_shapley_sweep2_2/shards/shard_004/tmp/shapley_island_values_target_9.csv
2026-03-03 01:04:29 | INFO | src.tmc_shapley_islands | Saved summary to outputs/tmc_shapley_sweep2_2/shards/shard_004/tmp/tmc_summary_target_9.json
2026-03-03 01:04:29 | INFO | src.tmc_shapley_islands | Saved intermediate ranking trace to outputs/tmc_shapley_sweep2_2/shards/shard_004/tmp/tmc_intermediate_rankings_target_9.csv
2026-03-03 01:04:29 | INFO | src.tmc_shapley_islands | Saved add-curve to outputs/tmc_shapley_sweep2_2/shards/shard_004/tmp/add_curve_target_9.csv
2026-03-03 01:04:29 | INFO | src.tmc_shapley_islands | Saved remove-curve to outputs/tmc_shapley_sweep2_2/shards/shard_004/tmp/remove_curve_target_9.csv
2026-03-03 01:04:30 | INFO | src.tmc_shapley_islands | Saved bar plot to outputs/tmc_shapley_sweep2_2/shards/shard_004/tmp/shapley_bar_target_9.png
2026-03-03 01:04:30 | INFO | src.tmc_shapley_islands | Saved add-curve plot to outputs/tmc_shapley_sweep2_2/shards/shard_004/tmp/add_curve_target_9.png
2026-03-03 01:04:31 | INFO | src.tmc_shapley_islands | Saved remove-curve plot to outputs/tmc_shapley_sweep2_2/shards/shard_004/tmp/remove_curve_target_9.png
2026-03-03 01:04:31 | INFO | __main__ | Shard 4/5 progress 18/50 | target=9 cal=0.100 perm=75 repeat=9
2026-03-03 01:04:31 | INFO | src.tmc_shapley_islands | [Shapley] Target island: 9 (Sleneset), source islands: 15
2026-03-03 01:04:31 | INFO | src.tmc_shapley_islands | Data: source=5531 (across 15 islands), cal=16, test=125
2026-03-03 01:04:31 | INFO | src.tmc_shapley_islands | SNP selection: using fixed precomputed subset (n=20000)
2026-03-03 01:04:31 | INFO | src.tmc_shapley_islands | Island counts (capped to None in training):
  Nesøy: n=119
  Myken: n=92
  Træna: n=292
  Selvær: n=194
  Gjerøy: n=558
  Hestmannøy: n=1078
  Indre Kvarøy: n=356
  Onøy og Lurøy: n=259
  Lovund: n=158
  Aldra: n=173
  Southern 1: n=583
  Southern 2: n=397
  Southern 3: n=584
  Southern 4: n=486
  Southern 5: n=202
2026-03-03 01:04:31 | INFO | src.tmc_shapley_islands | Loaded 600 cached utilities from outputs/tmc_shapley_sweep2_2/cache/utility_cache_target_9_seed_1123348175.json
2026-03-03 01:04:31 | INFO | src.tmc_shapley_islands | Running TMC-Shapley with 75 permutations (utility on cal set)...
2026-03-03 01:04:31 | INFO | src.tmc_shapley_islands | Computing V_full over all 15 source islands...
2026-03-03 01:04:31 | INFO | src.tmc_shapley_islands | V_full = 0.2653
2026-03-03 01:04:31 | INFO | src.tmc_shapley_islands | TMC head-start: loaded 50 completed permutations from state outputs/tmc_shapley_sweep2_2/cache/tmc_perm_state_target_9_seed_1123348175.json
2026-03-03 01:06:58 | INFO | src.tmc_shapley_islands | TMC progress: 60/75 permutations done, cache hit rate: 28.5%, n_evals: 108
2026-03-03 01:10:14 | INFO | src.tmc_shapley_islands | TMC progress: 75/75 permutations done, cache hit rate: 29.3%, n_evals: 266
2026-03-03 01:10:14 | INFO | src.tmc_shapley_islands | TMC complete: 75 permutations, 0 truncated, 266 utility evals, cache hit rate: 29.3%
2026-03-03 01:10:14 | INFO | src.tmc_shapley_islands | Shapley values (phi, computed on cal set):
2026-03-03 01:10:14 | INFO | src.tmc_shapley_islands |   Nesøy: phi=0.120995, phi/n=0.00101677
2026-03-03 01:10:14 | INFO | src.tmc_shapley_islands |   Myken: phi=-0.018876, phi/n=-0.00020517
2026-03-03 01:10:14 | INFO | src.tmc_shapley_islands |   Træna: phi=-0.075587, phi/n=-0.00025886
2026-03-03 01:10:14 | INFO | src.tmc_shapley_islands |   Selvær: phi=0.056116, phi/n=0.00028926
2026-03-03 01:10:14 | INFO | src.tmc_shapley_islands |   Gjerøy: phi=-0.073775, phi/n=-0.00013221
2026-03-03 01:10:14 | INFO | src.tmc_shapley_islands |   Hestmannøy: phi=-0.190239, phi/n=-0.00017647
2026-03-03 01:10:14 | INFO | src.tmc_shapley_islands |   Indre Kvarøy: phi=0.189915, phi/n=0.00053347
2026-03-03 01:10:14 | INFO | src.tmc_shapley_islands |   Onøy og Lurøy: phi=0.013801, phi/n=0.00005328
2026-03-03 01:10:14 | INFO | src.tmc_shapley_islands |   Lovund: phi=-0.047157, phi/n=-0.00029847
2026-03-03 01:10:14 | INFO | src.tmc_shapley_islands |   Aldra: phi=-0.082042, phi/n=-0.00047423
2026-03-03 01:10:14 | INFO | src.tmc_shapley_islands |   Southern 1: phi=0.087558, phi/n=0.00015019
2026-03-03 01:10:14 | INFO | src.tmc_shapley_islands |   Southern 2: phi=0.114723, phi/n=0.00028897
2026-03-03 01:10:14 | INFO | src.tmc_shapley_islands |   Southern 3: phi=0.024759, phi/n=0.00004240
2026-03-03 01:10:14 | INFO | src.tmc_shapley_islands |   Southern 4: phi=0.022817, phi/n=0.00004695
2026-03-03 01:10:14 | INFO | src.tmc_shapley_islands |   Southern 5: phi=0.122331, phi/n=0.00060560
2026-03-03 01:10:14 | INFO | src.tmc_shapley_islands | Curve retraining early stopping: enabled=True, patience=20
2026-03-03 01:10:14 | INFO | src.tmc_shapley_islands | Computing add-islands curve (evaluated on test set)...
2026-03-03 01:10:14 | INFO | src.tmc_shapley_islands | Add-curve (mean): 1 islands, n=119 -> corr=0.1459
2026-03-03 01:10:14 | INFO | src.tmc_shapley_islands | Add-curve (mean): 2 islands, n=321 -> corr=0.1374
2026-03-03 01:10:14 | INFO | src.tmc_shapley_islands | Add-curve (mean): 3 islands, n=677 -> corr=0.1820
2026-03-03 01:10:14 | INFO | src.tmc_shapley_islands | Add-curve (mean): 4 islands, n=871 -> corr=0.1708
2026-03-03 01:10:15 | INFO | src.tmc_shapley_islands | Add-curve (mean): 5 islands, n=1268 -> corr=0.1268
2026-03-03 01:10:15 | INFO | src.tmc_shapley_islands | Add-curve (mean): 6 islands, n=1851 -> corr=0.1095
2026-03-03 01:10:16 | INFO | src.tmc_shapley_islands | Add-curve (mean): 7 islands, n=2110 -> corr=0.1053
2026-03-03 01:10:17 | INFO | src.tmc_shapley_islands | Add-curve (mean): 8 islands, n=2596 -> corr=0.1311
2026-03-03 01:10:18 | INFO | src.tmc_shapley_islands | Add-curve (mean): 9 islands, n=3180 -> corr=0.1189
2026-03-03 01:10:20 | INFO | src.tmc_shapley_islands | Add-curve (mean): 10 islands, n=3738 -> corr=0.0598
2026-03-03 01:10:22 | INFO | src.tmc_shapley_islands | Add-curve (mean): 11 islands, n=4816 -> corr=0.0585
2026-03-03 01:10:24 | INFO | src.tmc_shapley_islands | Add-curve (mean): 12 islands, n=4908 -> corr=0.0792
2026-03-03 01:10:26 | INFO | src.tmc_shapley_islands | Add-curve (mean): 13 islands, n=5200 -> corr=0.0466
2026-03-03 01:10:28 | INFO | src.tmc_shapley_islands | Add-curve (mean): 14 islands, n=5358 -> corr=0.0924
2026-03-03 01:10:31 | INFO | src.tmc_shapley_islands | Add-curve (mean): 15 islands, n=5531 -> corr=0.1061
2026-03-03 01:10:50 | INFO | src.tmc_shapley_islands | Random individual add-curve (seed=0) complete
2026-03-03 01:11:01 | INFO | src.tmc_shapley_islands | Random individual add-curve (seed=1) complete
2026-03-03 01:11:14 | INFO | src.tmc_shapley_islands | Random individual add-curve (seed=2) complete
2026-03-03 01:11:26 | INFO | src.tmc_shapley_islands | Random individual add-curve (seed=3) complete
2026-03-03 01:11:40 | INFO | src.tmc_shapley_islands | Random individual add-curve (seed=4) complete
2026-03-03 01:11:40 | INFO | src.tmc_shapley_islands | Building mirrored remove-islands curve from add-islands curve...
2026-03-03 01:11:40 | INFO | src.tmc_shapley_islands | Saved Shapley values to outputs/tmc_shapley_sweep2_2/shards/shard_004/tmp/shapley_island_values_target_9.csv
2026-03-03 01:11:40 | INFO | src.tmc_shapley_islands | Saved summary to outputs/tmc_shapley_sweep2_2/shards/shard_004/tmp/tmc_summary_target_9.json
2026-03-03 01:11:40 | INFO | src.tmc_shapley_islands | Saved intermediate ranking trace to outputs/tmc_shapley_sweep2_2/shards/shard_004/tmp/tmc_intermediate_rankings_target_9.csv
2026-03-03 01:11:40 | INFO | src.tmc_shapley_islands | Saved add-curve to outputs/tmc_shapley_sweep2_2/shards/shard_004/tmp/add_curve_target_9.csv
2026-03-03 01:11:40 | INFO | src.tmc_shapley_islands | Saved remove-curve to outputs/tmc_shapley_sweep2_2/shards/shard_004/tmp/remove_curve_target_9.csv
2026-03-03 01:11:40 | INFO | src.tmc_shapley_islands | Saved bar plot to outputs/tmc_shapley_sweep2_2/shards/shard_004/tmp/shapley_bar_target_9.png
2026-03-03 01:11:41 | INFO | src.tmc_shapley_islands | Saved add-curve plot to outputs/tmc_shapley_sweep2_2/shards/shard_004/tmp/add_curve_target_9.png
2026-03-03 01:11:41 | INFO | src.tmc_shapley_islands | Saved remove-curve plot to outputs/tmc_shapley_sweep2_2/shards/shard_004/tmp/remove_curve_target_9.png
2026-03-03 01:11:41 | INFO | __main__ | Shard 4/5 progress 19/50 | target=9 cal=0.100 perm=100 repeat=4
2026-03-03 01:11:41 | INFO | src.tmc_shapley_islands | [Shapley] Target island: 9 (Sleneset), source islands: 15
2026-03-03 01:11:42 | INFO | src.tmc_shapley_islands | Data: source=5531 (across 15 islands), cal=16, test=125
2026-03-03 01:11:42 | INFO | src.tmc_shapley_islands | SNP selection: using fixed precomputed subset (n=20000)
2026-03-03 01:11:42 | INFO | src.tmc_shapley_islands | Island counts (capped to None in training):
  Nesøy: n=119
  Myken: n=92
  Træna: n=292
  Selvær: n=194
  Gjerøy: n=558
  Hestmannøy: n=1078
  Indre Kvarøy: n=356
  Onøy og Lurøy: n=259
  Lovund: n=158
  Aldra: n=173
  Southern 1: n=583
  Southern 2: n=397
  Southern 3: n=584
  Southern 4: n=486
  Southern 5: n=202
2026-03-03 01:11:42 | INFO | src.tmc_shapley_islands | Loaded 861 cached utilities from outputs/tmc_shapley_sweep2_2/cache/utility_cache_target_9_seed_867652328.json
2026-03-03 01:11:42 | INFO | src.tmc_shapley_islands | Running TMC-Shapley with 100 permutations (utility on cal set)...
2026-03-03 01:11:42 | INFO | src.tmc_shapley_islands | Computing V_full over all 15 source islands...
2026-03-03 01:11:42 | INFO | src.tmc_shapley_islands | V_full = 0.3573
2026-03-03 01:11:42 | INFO | src.tmc_shapley_islands | TMC head-start: loaded 75 completed permutations from state outputs/tmc_shapley_sweep2_2/cache/tmc_perm_state_target_9_seed_867652328.json
2026-03-03 01:12:45 | INFO | src.tmc_shapley_islands | TMC progress: 80/100 permutations done, cache hit rate: 26.3%, n_evals: 56
2026-03-03 01:16:33 | INFO | src.tmc_shapley_islands | TMC progress: 100/100 permutations done, cache hit rate: 30.6%, n_evals: 261
2026-03-03 01:16:33 | INFO | src.tmc_shapley_islands | TMC complete: 100 permutations, 0 truncated, 261 utility evals, cache hit rate: 30.6%
2026-03-03 01:16:33 | INFO | src.tmc_shapley_islands | Shapley values (phi, computed on cal set):
2026-03-03 01:16:33 | INFO | src.tmc_shapley_islands |   Nesøy: phi=-0.028346, phi/n=-0.00023821
2026-03-03 01:16:33 | INFO | src.tmc_shapley_islands |   Myken: phi=-0.044876, phi/n=-0.00048778
2026-03-03 01:16:33 | INFO | src.tmc_shapley_islands |   Træna: phi=0.035877, phi/n=0.00012287
2026-03-03 01:16:33 | INFO | src.tmc_shapley_islands |   Selvær: phi=0.165768, phi/n=0.00085448
2026-03-03 01:16:33 | INFO | src.tmc_shapley_islands |   Gjerøy: phi=0.138511, phi/n=0.00024823
2026-03-03 01:16:33 | INFO | src.tmc_shapley_islands |   Hestmannøy: phi=-0.228959, phi/n=-0.00021239
2026-03-03 01:16:33 | INFO | src.tmc_shapley_islands |   Indre Kvarøy: phi=0.056992, phi/n=0.00016009
2026-03-03 01:16:33 | INFO | src.tmc_shapley_islands |   Onøy og Lurøy: phi=0.123189, phi/n=0.00047563
2026-03-03 01:16:33 | INFO | src.tmc_shapley_islands |   Lovund: phi=0.075924, phi/n=0.00048053
2026-03-03 01:16:33 | INFO | src.tmc_shapley_islands |   Aldra: phi=0.041317, phi/n=0.00023882
2026-03-03 01:16:33 | INFO | src.tmc_shapley_islands |   Southern 1: phi=0.043447, phi/n=0.00007452
2026-03-03 01:16:33 | INFO | src.tmc_shapley_islands |   Southern 2: phi=-0.036266, phi/n=-0.00009135
2026-03-03 01:16:33 | INFO | src.tmc_shapley_islands |   Southern 3: phi=-0.040294, phi/n=-0.00006900
2026-03-03 01:16:33 | INFO | src.tmc_shapley_islands |   Southern 4: phi=0.013239, phi/n=0.00002724
2026-03-03 01:16:33 | INFO | src.tmc_shapley_islands |   Southern 5: phi=0.041780, phi/n=0.00020683
2026-03-03 01:16:33 | INFO | src.tmc_shapley_islands | Curve retraining early stopping: enabled=True, patience=20
2026-03-03 01:16:33 | INFO | src.tmc_shapley_islands | Computing add-islands curve (evaluated on test set)...
2026-03-03 01:16:33 | INFO | src.tmc_shapley_islands | Add-curve (mean): 1 islands, n=194 -> corr=0.0098
2026-03-03 01:16:33 | INFO | src.tmc_shapley_islands | Add-curve (mean): 2 islands, n=352 -> corr=0.0914
2026-03-03 01:16:33 | INFO | src.tmc_shapley_islands | Add-curve (mean): 3 islands, n=611 -> corr=0.0980
2026-03-03 01:16:34 | INFO | src.tmc_shapley_islands | Add-curve (mean): 4 islands, n=1169 -> corr=0.0131
2026-03-03 01:16:34 | INFO | src.tmc_shapley_islands | Add-curve (mean): 5 islands, n=1342 -> corr=0.0306
2026-03-03 01:16:35 | INFO | src.tmc_shapley_islands | Add-curve (mean): 6 islands, n=1544 -> corr=0.0265
2026-03-03 01:16:35 | INFO | src.tmc_shapley_islands | Add-curve (mean): 7 islands, n=1900 -> corr=0.0637
2026-03-03 01:16:36 | INFO | src.tmc_shapley_islands | Add-curve (mean): 8 islands, n=2192 -> corr=0.0425
2026-03-03 01:16:37 | INFO | src.tmc_shapley_islands | Add-curve (mean): 9 islands, n=2775 -> corr=0.0473
2026-03-03 01:16:38 | INFO | src.tmc_shapley_islands | Add-curve (mean): 10 islands, n=3261 -> corr=0.0675
2026-03-03 01:16:41 | INFO | src.tmc_shapley_islands | Add-curve (mean): 11 islands, n=3845 -> corr=0.0729
2026-03-03 01:16:43 | INFO | src.tmc_shapley_islands | Add-curve (mean): 12 islands, n=4242 -> corr=0.0476
2026-03-03 01:16:45 | INFO | src.tmc_shapley_islands | Add-curve (mean): 13 islands, n=5320 -> corr=0.0750
2026-03-03 01:16:47 | INFO | src.tmc_shapley_islands | Add-curve (mean): 14 islands, n=5439 -> corr=0.1000
2026-03-03 01:16:49 | INFO | src.tmc_shapley_islands | Add-curve (mean): 15 islands, n=5531 -> corr=0.1155
2026-03-03 01:17:00 | INFO | src.tmc_shapley_islands | Random individual add-curve (seed=0) complete
2026-03-03 01:17:15 | INFO | src.tmc_shapley_islands | Random individual add-curve (seed=1) complete
2026-03-03 01:17:34 | INFO | src.tmc_shapley_islands | Random individual add-curve (seed=2) complete
2026-03-03 01:17:45 | INFO | src.tmc_shapley_islands | Random individual add-curve (seed=3) complete
2026-03-03 01:17:57 | INFO | src.tmc_shapley_islands | Random individual add-curve (seed=4) complete
2026-03-03 01:17:57 | INFO | src.tmc_shapley_islands | Building mirrored remove-islands curve from add-islands curve...
2026-03-03 01:17:57 | INFO | src.tmc_shapley_islands | Saved Shapley values to outputs/tmc_shapley_sweep2_2/shards/shard_004/tmp/shapley_island_values_target_9.csv
2026-03-03 01:17:57 | INFO | src.tmc_shapley_islands | Saved summary to outputs/tmc_shapley_sweep2_2/shards/shard_004/tmp/tmc_summary_target_9.json
2026-03-03 01:17:57 | INFO | src.tmc_shapley_islands | Saved intermediate ranking trace to outputs/tmc_shapley_sweep2_2/shards/shard_004/tmp/tmc_intermediate_rankings_target_9.csv
2026-03-03 01:17:57 | INFO | src.tmc_shapley_islands | Saved add-curve to outputs/tmc_shapley_sweep2_2/shards/shard_004/tmp/add_curve_target_9.csv
2026-03-03 01:17:57 | INFO | src.tmc_shapley_islands | Saved remove-curve to outputs/tmc_shapley_sweep2_2/shards/shard_004/tmp/remove_curve_target_9.csv
2026-03-03 01:17:57 | INFO | src.tmc_shapley_islands | Saved bar plot to outputs/tmc_shapley_sweep2_2/shards/shard_004/tmp/shapley_bar_target_9.png
2026-03-03 01:17:58 | INFO | src.tmc_shapley_islands | Saved add-curve plot to outputs/tmc_shapley_sweep2_2/shards/shard_004/tmp/add_curve_target_9.png
2026-03-03 01:17:58 | INFO | src.tmc_shapley_islands | Saved remove-curve plot to outputs/tmc_shapley_sweep2_2/shards/shard_004/tmp/remove_curve_target_9.png
2026-03-03 01:17:58 | INFO | __main__ | Shard 4/5 progress 20/50 | target=9 cal=0.100 perm=100 repeat=9
2026-03-03 01:17:58 | INFO | src.tmc_shapley_islands | [Shapley] Target island: 9 (Sleneset), source islands: 15
2026-03-03 01:17:59 | INFO | src.tmc_shapley_islands | Data: source=5531 (across 15 islands), cal=16, test=125
2026-03-03 01:17:59 | INFO | src.tmc_shapley_islands | SNP selection: using fixed precomputed subset (n=20000)
2026-03-03 01:17:59 | INFO | src.tmc_shapley_islands | Island counts (capped to None in training):
  Nesøy: n=119
  Myken: n=92
  Træna: n=292
  Selvær: n=194
  Gjerøy: n=558
  Hestmannøy: n=1078
  Indre Kvarøy: n=356
  Onøy og Lurøy: n=259
  Lovund: n=158
  Aldra: n=173
  Southern 1: n=583
  Southern 2: n=397
  Southern 3: n=584
  Southern 4: n=486
  Southern 5: n=202
2026-03-03 01:17:59 | INFO | src.tmc_shapley_islands | Loaded 866 cached utilities from outputs/tmc_shapley_sweep2_2/cache/utility_cache_target_9_seed_1123348175.json
2026-03-03 01:17:59 | INFO | src.tmc_shapley_islands | Running TMC-Shapley with 100 permutations (utility on cal set)...
2026-03-03 01:17:59 | INFO | src.tmc_shapley_islands | Computing V_full over all 15 source islands...
2026-03-03 01:17:59 | INFO | src.tmc_shapley_islands | V_full = 0.2653
2026-03-03 01:17:59 | INFO | src.tmc_shapley_islands | TMC head-start: loaded 75 completed permutations from state outputs/tmc_shapley_sweep2_2/cache/tmc_perm_state_target_9_seed_1123348175.json
2026-03-03 01:19:04 | INFO | src.tmc_shapley_islands | TMC progress: 80/100 permutations done, cache hit rate: 30.3%, n_evals: 53
2026-03-03 01:23:01 | INFO | src.tmc_shapley_islands | TMC progress: 100/100 permutations done, cache hit rate: 32.4%, n_evals: 254
2026-03-03 01:23:01 | INFO | src.tmc_shapley_islands | TMC complete: 100 permutations, 0 truncated, 254 utility evals, cache hit rate: 32.4%
2026-03-03 01:23:01 | INFO | src.tmc_shapley_islands | Shapley values (phi, computed on cal set):
2026-03-03 01:23:01 | INFO | src.tmc_shapley_islands |   Nesøy: phi=0.117512, phi/n=0.00098749
2026-03-03 01:23:01 | INFO | src.tmc_shapley_islands |   Myken: phi=-0.017899, phi/n=-0.00019455
2026-03-03 01:23:01 | INFO | src.tmc_shapley_islands |   Træna: phi=-0.074369, phi/n=-0.00025469
2026-03-03 01:23:01 | INFO | src.tmc_shapley_islands |   Selvær: phi=0.056493, phi/n=0.00029120
2026-03-03 01:23:01 | INFO | src.tmc_shapley_islands |   Gjerøy: phi=-0.081583, phi/n=-0.00014621
2026-03-03 01:23:01 | INFO | src.tmc_shapley_islands |   Hestmannøy: phi=-0.190964, phi/n=-0.00017715
2026-03-03 01:23:01 | INFO | src.tmc_shapley_islands |   Indre Kvarøy: phi=0.193059, phi/n=0.00054230
2026-03-03 01:23:01 | INFO | src.tmc_shapley_islands |   Onøy og Lurøy: phi=0.012027, phi/n=0.00004644
2026-03-03 01:23:01 | INFO | src.tmc_shapley_islands |   Lovund: phi=-0.047200, phi/n=-0.00029873
2026-03-03 01:23:01 | INFO | src.tmc_shapley_islands |   Aldra: phi=-0.076466, phi/n=-0.00044200
2026-03-03 01:23:01 | INFO | src.tmc_shapley_islands |   Southern 1: phi=0.090098, phi/n=0.00015454
2026-03-03 01:23:01 | INFO | src.tmc_shapley_islands |   Southern 2: phi=0.107071, phi/n=0.00026970
2026-03-03 01:23:01 | INFO | src.tmc_shapley_islands |   Southern 3: phi=0.022295, phi/n=0.00003818
2026-03-03 01:23:01 | INFO | src.tmc_shapley_islands |   Southern 4: phi=0.024137, phi/n=0.00004966
2026-03-03 01:23:01 | INFO | src.tmc_shapley_islands |   Southern 5: phi=0.131127, phi/n=0.00064914
2026-03-03 01:23:01 | INFO | src.tmc_shapley_islands | Curve retraining early stopping: enabled=True, patience=20
2026-03-03 01:23:01 | INFO | src.tmc_shapley_islands | Computing add-islands curve (evaluated on test set)...
2026-03-03 01:23:01 | INFO | src.tmc_shapley_islands | Add-curve (mean): 1 islands, n=119 -> corr=0.1459
2026-03-03 01:23:01 | INFO | src.tmc_shapley_islands | Add-curve (mean): 2 islands, n=321 -> corr=0.1374
2026-03-03 01:23:01 | INFO | src.tmc_shapley_islands | Add-curve (mean): 3 islands, n=677 -> corr=0.1820
2026-03-03 01:23:02 | INFO | src.tmc_shapley_islands | Add-curve (mean): 4 islands, n=871 -> corr=0.1708
2026-03-03 01:23:02 | INFO | src.tmc_shapley_islands | Add-curve (mean): 5 islands, n=1268 -> corr=0.1268
2026-03-03 01:23:03 | INFO | src.tmc_shapley_islands | Add-curve (mean): 6 islands, n=1851 -> corr=0.1095
2026-03-03 01:23:04 | INFO | src.tmc_shapley_islands | Add-curve (mean): 7 islands, n=2337 -> corr=0.1373
2026-03-03 01:23:07 | INFO | src.tmc_shapley_islands | Add-curve (mean): 8 islands, n=2596 -> corr=0.1311
2026-03-03 01:23:08 | INFO | src.tmc_shapley_islands | Add-curve (mean): 9 islands, n=3180 -> corr=0.1189
2026-03-03 01:23:10 | INFO | src.tmc_shapley_islands | Add-curve (mean): 10 islands, n=3738 -> corr=0.0598
2026-03-03 01:23:12 | INFO | src.tmc_shapley_islands | Add-curve (mean): 11 islands, n=4816 -> corr=0.0585
2026-03-03 01:23:14 | INFO | src.tmc_shapley_islands | Add-curve (mean): 12 islands, n=4908 -> corr=0.0792
2026-03-03 01:23:16 | INFO | src.tmc_shapley_islands | Add-curve (mean): 13 islands, n=5200 -> corr=0.0466
2026-03-03 01:23:18 | INFO | src.tmc_shapley_islands | Add-curve (mean): 14 islands, n=5358 -> corr=0.0924
2026-03-03 01:23:21 | INFO | src.tmc_shapley_islands | Add-curve (mean): 15 islands, n=5531 -> corr=0.1061
2026-03-03 01:23:32 | INFO | src.tmc_shapley_islands | Random individual add-curve (seed=0) complete
2026-03-03 01:23:46 | INFO | src.tmc_shapley_islands | Random individual add-curve (seed=1) complete
2026-03-03 01:24:09 | INFO | src.tmc_shapley_islands | Random individual add-curve (seed=2) complete
2026-03-03 01:24:21 | INFO | src.tmc_shapley_islands | Random individual add-curve (seed=3) complete
2026-03-03 01:24:37 | INFO | src.tmc_shapley_islands | Random individual add-curve (seed=4) complete
2026-03-03 01:24:37 | INFO | src.tmc_shapley_islands | Building mirrored remove-islands curve from add-islands curve...
2026-03-03 01:24:37 | INFO | src.tmc_shapley_islands | Saved Shapley values to outputs/tmc_shapley_sweep2_2/shards/shard_004/tmp/shapley_island_values_target_9.csv
2026-03-03 01:24:37 | INFO | src.tmc_shapley_islands | Saved summary to outputs/tmc_shapley_sweep2_2/shards/shard_004/tmp/tmc_summary_target_9.json
2026-03-03 01:24:37 | INFO | src.tmc_shapley_islands | Saved intermediate ranking trace to outputs/tmc_shapley_sweep2_2/shards/shard_004/tmp/tmc_intermediate_rankings_target_9.csv
2026-03-03 01:24:37 | INFO | src.tmc_shapley_islands | Saved add-curve to outputs/tmc_shapley_sweep2_2/shards/shard_004/tmp/add_curve_target_9.csv
2026-03-03 01:24:37 | INFO | src.tmc_shapley_islands | Saved remove-curve to outputs/tmc_shapley_sweep2_2/shards/shard_004/tmp/remove_curve_target_9.csv
2026-03-03 01:24:38 | INFO | src.tmc_shapley_islands | Saved bar plot to outputs/tmc_shapley_sweep2_2/shards/shard_004/tmp/shapley_bar_target_9.png
2026-03-03 01:24:38 | INFO | src.tmc_shapley_islands | Saved add-curve plot to outputs/tmc_shapley_sweep2_2/shards/shard_004/tmp/add_curve_target_9.png
2026-03-03 01:24:39 | INFO | src.tmc_shapley_islands | Saved remove-curve plot to outputs/tmc_shapley_sweep2_2/shards/shard_004/tmp/remove_curve_target_9.png
2026-03-03 01:24:39 | INFO | __main__ | Shard 4/5 progress 21/50 | target=9 cal=0.150 perm=10 repeat=4
2026-03-03 01:24:39 | INFO | src.tmc_shapley_islands | [Shapley] Target island: 9 (Sleneset), source islands: 15
2026-03-03 01:24:39 | INFO | src.tmc_shapley_islands | Data: source=5531 (across 15 islands), cal=24, test=125
2026-03-03 01:24:39 | INFO | src.tmc_shapley_islands | SNP selection: using fixed precomputed subset (n=20000)
2026-03-03 01:24:39 | INFO | src.tmc_shapley_islands | Island counts (capped to None in training):
  Nesøy: n=119
  Myken: n=92
  Træna: n=292
  Selvær: n=194
  Gjerøy: n=558
  Hestmannøy: n=1078
  Indre Kvarøy: n=356
  Onøy og Lurøy: n=259
  Lovund: n=158
  Aldra: n=173
  Southern 1: n=583
  Southern 2: n=397
  Southern 3: n=584
  Southern 4: n=486
  Southern 5: n=202
2026-03-03 01:24:39 | INFO | src.tmc_shapley_islands | Running TMC-Shapley with 10 permutations (utility on cal set)...
2026-03-03 01:24:39 | INFO | src.tmc_shapley_islands | Computing V_full over all 15 source islands...
2026-03-03 01:24:41 | INFO | src.tmc_shapley_islands | V_full = 0.0517
2026-03-03 01:25:15 | INFO | src.tmc_shapley_islands | TMC progress: 2/10 permutations done, cache hit rate: 6.5%, n_evals: 29
2026-03-03 01:25:42 | INFO | src.tmc_shapley_islands | TMC progress: 4/10 permutations done, cache hit rate: 8.2%, n_evals: 56
2026-03-03 01:26:11 | INFO | src.tmc_shapley_islands | TMC progress: 6/10 permutations done, cache hit rate: 9.9%, n_evals: 82
2026-03-03 01:26:35 | INFO | src.tmc_shapley_islands | TMC progress: 8/10 permutations done, cache hit rate: 9.9%, n_evals: 109
2026-03-03 01:27:13 | INFO | src.tmc_shapley_islands | TMC progress: 10/10 permutations done, cache hit rate: 10.6%, n_evals: 135
2026-03-03 01:27:13 | INFO | src.tmc_shapley_islands | TMC complete: 10 permutations, 0 truncated, 135 utility evals, cache hit rate: 10.6%
2026-03-03 01:27:13 | INFO | src.tmc_shapley_islands | Shapley values (phi, computed on cal set):
2026-03-03 01:27:13 | INFO | src.tmc_shapley_islands |   Nesøy: phi=0.019377, phi/n=0.00016283
2026-03-03 01:27:13 | INFO | src.tmc_shapley_islands |   Myken: phi=0.023045, phi/n=0.00025049
2026-03-03 01:27:13 | INFO | src.tmc_shapley_islands |   Træna: phi=-0.126823, phi/n=-0.00043432
2026-03-03 01:27:13 | INFO | src.tmc_shapley_islands |   Selvær: phi=0.056014, phi/n=0.00028873
2026-03-03 01:27:13 | INFO | src.tmc_shapley_islands |   Gjerøy: phi=-0.071477, phi/n=-0.00012810
2026-03-03 01:27:13 | INFO | src.tmc_shapley_islands |   Hestmannøy: phi=-0.146202, phi/n=-0.00013562
2026-03-03 01:27:13 | INFO | src.tmc_shapley_islands |   Indre Kvarøy: phi=0.079355, phi/n=0.00022291
2026-03-03 01:27:13 | INFO | src.tmc_shapley_islands |   Onøy og Lurøy: phi=-0.003049, phi/n=-0.00001177
2026-03-03 01:27:13 | INFO | src.tmc_shapley_islands |   Lovund: phi=-0.041777, phi/n=-0.00026441
2026-03-03 01:27:13 | INFO | src.tmc_shapley_islands |   Aldra: phi=-0.046364, phi/n=-0.00026800
2026-03-03 01:27:13 | INFO | src.tmc_shapley_islands |   Southern 1: phi=-0.009117, phi/n=-0.00001564
2026-03-03 01:27:13 | INFO | src.tmc_shapley_islands |   Southern 2: phi=0.162737, phi/n=0.00040992
2026-03-03 01:27:13 | INFO | src.tmc_shapley_islands |   Southern 3: phi=0.023058, phi/n=0.00003948
2026-03-03 01:27:13 | INFO | src.tmc_shapley_islands |   Southern 4: phi=0.072946, phi/n=0.00015009
2026-03-03 01:27:13 | INFO | src.tmc_shapley_islands |   Southern 5: phi=0.059946, phi/n=0.00029676
2026-03-03 01:27:13 | INFO | src.tmc_shapley_islands | Curve retraining early stopping: enabled=True, patience=20
2026-03-03 01:27:13 | INFO | src.tmc_shapley_islands | Computing add-islands curve (evaluated on test set)...
2026-03-03 01:27:13 | INFO | src.tmc_shapley_islands | Add-curve (mean): 1 islands, n=397 -> corr=-0.1460
2026-03-03 01:27:13 | INFO | src.tmc_shapley_islands | Add-curve (mean): 2 islands, n=599 -> corr=-0.1416
2026-03-03 01:27:13 | INFO | src.tmc_shapley_islands | Add-curve (mean): 3 islands, n=793 -> corr=-0.0380
2026-03-03 01:27:14 | INFO | src.tmc_shapley_islands | Add-curve (mean): 4 islands, n=885 -> corr=0.0196
2026-03-03 01:27:14 | INFO | src.tmc_shapley_islands | Add-curve (mean): 5 islands, n=1241 -> corr=0.1156
2026-03-03 01:27:15 | INFO | src.tmc_shapley_islands | Add-curve (mean): 6 islands, n=1360 -> corr=0.1409
2026-03-03 01:27:15 | INFO | src.tmc_shapley_islands | Add-curve (mean): 7 islands, n=1846 -> corr=0.1459
2026-03-03 01:27:16 | INFO | src.tmc_shapley_islands | Add-curve (mean): 8 islands, n=2430 -> corr=0.1583
2026-03-03 01:27:18 | INFO | src.tmc_shapley_islands | Add-curve (mean): 9 islands, n=2689 -> corr=0.1707
2026-03-03 01:27:19 | INFO | src.tmc_shapley_islands | Add-curve (mean): 10 islands, n=3272 -> corr=0.1657
2026-03-03 01:27:20 | INFO | src.tmc_shapley_islands | Add-curve (mean): 11 islands, n=3830 -> corr=0.1155
2026-03-03 01:27:22 | INFO | src.tmc_shapley_islands | Add-curve (mean): 12 islands, n=4908 -> corr=0.1405
2026-03-03 01:27:24 | INFO | src.tmc_shapley_islands | Add-curve (mean): 13 islands, n=5066 -> corr=0.1679
2026-03-03 01:27:27 | INFO | src.tmc_shapley_islands | Add-curve (mean): 14 islands, n=5239 -> corr=0.1859
2026-03-03 01:27:29 | INFO | src.tmc_shapley_islands | Add-curve (mean): 15 islands, n=5531 -> corr=0.1650
2026-03-03 01:27:43 | INFO | src.tmc_shapley_islands | Random individual add-curve (seed=0) complete
2026-03-03 01:27:55 | INFO | src.tmc_shapley_islands | Random individual add-curve (seed=1) complete
2026-03-03 01:28:07 | INFO | src.tmc_shapley_islands | Random individual add-curve (seed=2) complete
2026-03-03 01:28:20 | INFO | src.tmc_shapley_islands | Random individual add-curve (seed=3) complete
2026-03-03 01:28:37 | INFO | src.tmc_shapley_islands | Random individual add-curve (seed=4) complete
2026-03-03 01:28:37 | INFO | src.tmc_shapley_islands | Building mirrored remove-islands curve from add-islands curve...
2026-03-03 01:28:37 | INFO | src.tmc_shapley_islands | Saved Shapley values to outputs/tmc_shapley_sweep2_2/shards/shard_004/tmp/shapley_island_values_target_9.csv
2026-03-03 01:28:37 | INFO | src.tmc_shapley_islands | Saved summary to outputs/tmc_shapley_sweep2_2/shards/shard_004/tmp/tmc_summary_target_9.json
2026-03-03 01:28:37 | INFO | src.tmc_shapley_islands | Saved intermediate ranking trace to outputs/tmc_shapley_sweep2_2/shards/shard_004/tmp/tmc_intermediate_rankings_target_9.csv
2026-03-03 01:28:37 | INFO | src.tmc_shapley_islands | Saved add-curve to outputs/tmc_shapley_sweep2_2/shards/shard_004/tmp/add_curve_target_9.csv
2026-03-03 01:28:37 | INFO | src.tmc_shapley_islands | Saved remove-curve to outputs/tmc_shapley_sweep2_2/shards/shard_004/tmp/remove_curve_target_9.csv
2026-03-03 01:28:37 | INFO | src.tmc_shapley_islands | Saved bar plot to outputs/tmc_shapley_sweep2_2/shards/shard_004/tmp/shapley_bar_target_9.png
2026-03-03 01:28:38 | INFO | src.tmc_shapley_islands | Saved add-curve plot to outputs/tmc_shapley_sweep2_2/shards/shard_004/tmp/add_curve_target_9.png
2026-03-03 01:28:38 | INFO | src.tmc_shapley_islands | Saved remove-curve plot to outputs/tmc_shapley_sweep2_2/shards/shard_004/tmp/remove_curve_target_9.png
2026-03-03 01:28:38 | INFO | __main__ | Shard 4/5 progress 22/50 | target=9 cal=0.150 perm=10 repeat=9
2026-03-03 01:28:38 | INFO | src.tmc_shapley_islands | [Shapley] Target island: 9 (Sleneset), source islands: 15
2026-03-03 01:28:39 | INFO | src.tmc_shapley_islands | Data: source=5531 (across 15 islands), cal=24, test=125
2026-03-03 01:28:39 | INFO | src.tmc_shapley_islands | SNP selection: using fixed precomputed subset (n=20000)
2026-03-03 01:28:39 | INFO | src.tmc_shapley_islands | Island counts (capped to None in training):
  Nesøy: n=119
  Myken: n=92
  Træna: n=292
  Selvær: n=194
  Gjerøy: n=558
  Hestmannøy: n=1078
  Indre Kvarøy: n=356
  Onøy og Lurøy: n=259
  Lovund: n=158
  Aldra: n=173
  Southern 1: n=583
  Southern 2: n=397
  Southern 3: n=584
  Southern 4: n=486
  Southern 5: n=202
2026-03-03 01:28:39 | INFO | src.tmc_shapley_islands | Running TMC-Shapley with 10 permutations (utility on cal set)...
2026-03-03 01:28:39 | INFO | src.tmc_shapley_islands | Computing V_full over all 15 source islands...
2026-03-03 01:28:45 | INFO | src.tmc_shapley_islands | V_full = 0.2117
2026-03-03 01:29:14 | INFO | src.tmc_shapley_islands | TMC progress: 2/10 permutations done, cache hit rate: 6.5%, n_evals: 29
2026-03-03 01:29:44 | INFO | src.tmc_shapley_islands | TMC progress: 4/10 permutations done, cache hit rate: 6.6%, n_evals: 57
2026-03-03 01:30:11 | INFO | src.tmc_shapley_islands | TMC progress: 6/10 permutations done, cache hit rate: 9.9%, n_evals: 82
2026-03-03 01:30:46 | INFO | src.tmc_shapley_islands | TMC progress: 8/10 permutations done, cache hit rate: 11.6%, n_evals: 107
2026-03-03 01:31:10 | INFO | src.tmc_shapley_islands | TMC progress: 10/10 permutations done, cache hit rate: 11.3%, n_evals: 134
2026-03-03 01:31:10 | INFO | src.tmc_shapley_islands | TMC complete: 10 permutations, 0 truncated, 134 utility evals, cache hit rate: 11.3%
2026-03-03 01:31:10 | INFO | src.tmc_shapley_islands | Shapley values (phi, computed on cal set):
2026-03-03 01:31:10 | INFO | src.tmc_shapley_islands |   Nesøy: phi=-0.029265, phi/n=-0.00024592
2026-03-03 01:31:10 | INFO | src.tmc_shapley_islands |   Myken: phi=0.010606, phi/n=0.00011529
2026-03-03 01:31:10 | INFO | src.tmc_shapley_islands |   Træna: phi=0.044779, phi/n=0.00015335
2026-03-03 01:31:10 | INFO | src.tmc_shapley_islands |   Selvær: phi=-0.042534, phi/n=-0.00021925
2026-03-03 01:31:10 | INFO | src.tmc_shapley_islands |   Gjerøy: phi=-0.021968, phi/n=-0.00003937
2026-03-03 01:31:10 | INFO | src.tmc_shapley_islands |   Hestmannøy: phi=0.070982, phi/n=0.00006585
2026-03-03 01:31:10 | INFO | src.tmc_shapley_islands |   Indre Kvarøy: phi=0.032426, phi/n=0.00009108
2026-03-03 01:31:10 | INFO | src.tmc_shapley_islands |   Onøy og Lurøy: phi=-0.007799, phi/n=-0.00003011
2026-03-03 01:31:10 | INFO | src.tmc_shapley_islands |   Lovund: phi=-0.001810, phi/n=-0.00001146
2026-03-03 01:31:10 | INFO | src.tmc_shapley_islands |   Aldra: phi=0.022168, phi/n=0.00012814
2026-03-03 01:31:10 | INFO | src.tmc_shapley_islands |   Southern 1: phi=-0.025322, phi/n=-0.00004343
2026-03-03 01:31:10 | INFO | src.tmc_shapley_islands |   Southern 2: phi=0.005684, phi/n=0.00001432
2026-03-03 01:31:10 | INFO | src.tmc_shapley_islands |   Southern 3: phi=0.196632, phi/n=0.00033670
2026-03-03 01:31:10 | INFO | src.tmc_shapley_islands |   Southern 4: phi=-0.002475, phi/n=-0.00000509
2026-03-03 01:31:10 | INFO | src.tmc_shapley_islands |   Southern 5: phi=-0.040410, phi/n=-0.00020005
2026-03-03 01:31:10 | INFO | src.tmc_shapley_islands | Curve retraining early stopping: enabled=True, patience=20
2026-03-03 01:31:10 | INFO | src.tmc_shapley_islands | Computing add-islands curve (evaluated on test set)...
2026-03-03 01:31:10 | INFO | src.tmc_shapley_islands | Add-curve (mean): 1 islands, n=584 -> corr=-0.0576
2026-03-03 01:31:11 | INFO | src.tmc_shapley_islands | Add-curve (mean): 2 islands, n=876 -> corr=-0.0931
2026-03-03 01:31:11 | INFO | src.tmc_shapley_islands | Add-curve (mean): 3 islands, n=1049 -> corr=-0.0728
2026-03-03 01:31:12 | INFO | src.tmc_shapley_islands | Add-curve (mean): 4 islands, n=1141 -> corr=-0.0113
2026-03-03 01:31:12 | INFO | src.tmc_shapley_islands | Add-curve (mean): 5 islands, n=1497 -> corr=0.1127
2026-03-03 01:31:13 | INFO | src.tmc_shapley_islands | Add-curve (mean): 6 islands, n=2575 -> corr=0.0891
2026-03-03 01:31:14 | INFO | src.tmc_shapley_islands | Add-curve (mean): 7 islands, n=2972 -> corr=0.0640
2026-03-03 01:31:15 | INFO | src.tmc_shapley_islands | Add-curve (mean): 8 islands, n=3458 -> corr=0.0943
2026-03-03 01:31:17 | INFO | src.tmc_shapley_islands | Add-curve (mean): 9 islands, n=3616 -> corr=0.1501
2026-03-03 01:31:18 | INFO | src.tmc_shapley_islands | Add-curve (mean): 10 islands, n=3875 -> corr=0.1640
2026-03-03 01:31:20 | INFO | src.tmc_shapley_islands | Add-curve (mean): 11 islands, n=4433 -> corr=0.1342
2026-03-03 01:31:22 | INFO | src.tmc_shapley_islands | Add-curve (mean): 12 islands, n=5016 -> corr=0.1406
2026-03-03 01:31:24 | INFO | src.tmc_shapley_islands | Add-curve (mean): 13 islands, n=5218 -> corr=0.1509
2026-03-03 01:31:27 | INFO | src.tmc_shapley_islands | Add-curve (mean): 14 islands, n=5412 -> corr=0.1593
2026-03-03 01:31:29 | INFO | src.tmc_shapley_islands | Add-curve (mean): 15 islands, n=5531 -> corr=0.1779
2026-03-03 01:31:43 | INFO | src.tmc_shapley_islands | Random individual add-curve (seed=0) complete
2026-03-03 01:32:00 | INFO | src.tmc_shapley_islands | Random individual add-curve (seed=1) complete
2026-03-03 01:32:14 | INFO | src.tmc_shapley_islands | Random individual add-curve (seed=2) complete
2026-03-03 01:32:30 | INFO | src.tmc_shapley_islands | Random individual add-curve (seed=3) complete
2026-03-03 01:32:47 | INFO | src.tmc_shapley_islands | Random individual add-curve (seed=4) complete
2026-03-03 01:32:47 | INFO | src.tmc_shapley_islands | Building mirrored remove-islands curve from add-islands curve...
2026-03-03 01:32:47 | INFO | src.tmc_shapley_islands | Saved Shapley values to outputs/tmc_shapley_sweep2_2/shards/shard_004/tmp/shapley_island_values_target_9.csv
2026-03-03 01:32:47 | INFO | src.tmc_shapley_islands | Saved summary to outputs/tmc_shapley_sweep2_2/shards/shard_004/tmp/tmc_summary_target_9.json
2026-03-03 01:32:47 | INFO | src.tmc_shapley_islands | Saved intermediate ranking trace to outputs/tmc_shapley_sweep2_2/shards/shard_004/tmp/tmc_intermediate_rankings_target_9.csv
2026-03-03 01:32:47 | INFO | src.tmc_shapley_islands | Saved add-curve to outputs/tmc_shapley_sweep2_2/shards/shard_004/tmp/add_curve_target_9.csv
2026-03-03 01:32:47 | INFO | src.tmc_shapley_islands | Saved remove-curve to outputs/tmc_shapley_sweep2_2/shards/shard_004/tmp/remove_curve_target_9.csv
2026-03-03 01:32:47 | INFO | src.tmc_shapley_islands | Saved bar plot to outputs/tmc_shapley_sweep2_2/shards/shard_004/tmp/shapley_bar_target_9.png
2026-03-03 01:32:48 | INFO | src.tmc_shapley_islands | Saved add-curve plot to outputs/tmc_shapley_sweep2_2/shards/shard_004/tmp/add_curve_target_9.png
2026-03-03 01:32:48 | INFO | src.tmc_shapley_islands | Saved remove-curve plot to outputs/tmc_shapley_sweep2_2/shards/shard_004/tmp/remove_curve_target_9.png
2026-03-03 01:32:48 | INFO | __main__ | Shard 4/5 progress 23/50 | target=9 cal=0.150 perm=25 repeat=4
2026-03-03 01:32:48 | INFO | src.tmc_shapley_islands | [Shapley] Target island: 9 (Sleneset), source islands: 15
2026-03-03 01:32:49 | INFO | src.tmc_shapley_islands | Data: source=5531 (across 15 islands), cal=24, test=125
2026-03-03 01:32:49 | INFO | src.tmc_shapley_islands | SNP selection: using fixed precomputed subset (n=20000)
2026-03-03 01:32:49 | INFO | src.tmc_shapley_islands | Island counts (capped to None in training):
  Nesøy: n=119
  Myken: n=92
  Træna: n=292
  Selvær: n=194
  Gjerøy: n=558
  Hestmannøy: n=1078
  Indre Kvarøy: n=356
  Onøy og Lurøy: n=259
  Lovund: n=158
  Aldra: n=173
  Southern 1: n=583
  Southern 2: n=397
  Southern 3: n=584
  Southern 4: n=486
  Southern 5: n=202
2026-03-03 01:32:49 | INFO | src.tmc_shapley_islands | Loaded 135 cached utilities from outputs/tmc_shapley_sweep2_2/cache/utility_cache_target_9_seed_1125935493.json
2026-03-03 01:32:49 | INFO | src.tmc_shapley_islands | Running TMC-Shapley with 25 permutations (utility on cal set)...
2026-03-03 01:32:49 | INFO | src.tmc_shapley_islands | Computing V_full over all 15 source islands...
2026-03-03 01:32:49 | INFO | src.tmc_shapley_islands | V_full = 0.0517
2026-03-03 01:32:49 | INFO | src.tmc_shapley_islands | TMC head-start: loaded 10 completed permutations from state outputs/tmc_shapley_sweep2_2/cache/tmc_perm_state_target_9_seed_1125935493.json
2026-03-03 01:34:02 | INFO | src.tmc_shapley_islands | TMC progress: 15/25 permutations done, cache hit rate: 17.1%, n_evals: 63
2026-03-03 01:35:22 | INFO | src.tmc_shapley_islands | TMC progress: 20/25 permutations done, cache hit rate: 15.9%, n_evals: 127
2026-03-03 01:36:24 | INFO | src.tmc_shapley_islands | TMC progress: 25/25 permutations done, cache hit rate: 18.6%, n_evals: 184
2026-03-03 01:36:24 | INFO | src.tmc_shapley_islands | TMC complete: 25 permutations, 0 truncated, 184 utility evals, cache hit rate: 18.6%
2026-03-03 01:36:24 | INFO | src.tmc_shapley_islands | Shapley values (phi, computed on cal set):
2026-03-03 01:36:24 | INFO | src.tmc_shapley_islands |   Nesøy: phi=0.032537, phi/n=0.00027342
2026-03-03 01:36:24 | INFO | src.tmc_shapley_islands |   Myken: phi=0.026098, phi/n=0.00028368
2026-03-03 01:36:24 | INFO | src.tmc_shapley_islands |   Træna: phi=-0.133821, phi/n=-0.00045829
2026-03-03 01:36:24 | INFO | src.tmc_shapley_islands |   Selvær: phi=0.052188, phi/n=0.00026901
2026-03-03 01:36:24 | INFO | src.tmc_shapley_islands |   Gjerøy: phi=-0.065947, phi/n=-0.00011818
2026-03-03 01:36:24 | INFO | src.tmc_shapley_islands |   Hestmannøy: phi=-0.142714, phi/n=-0.00013239
2026-03-03 01:36:24 | INFO | src.tmc_shapley_islands |   Indre Kvarøy: phi=0.081415, phi/n=0.00022869
2026-03-03 01:36:24 | INFO | src.tmc_shapley_islands |   Onøy og Lurøy: phi=-0.002959, phi/n=-0.00001142
2026-03-03 01:36:24 | INFO | src.tmc_shapley_islands |   Lovund: phi=-0.047849, phi/n=-0.00030284
2026-03-03 01:36:24 | INFO | src.tmc_shapley_islands |   Aldra: phi=-0.043879, phi/n=-0.00025364
2026-03-03 01:36:24 | INFO | src.tmc_shapley_islands |   Southern 1: phi=-0.007850, phi/n=-0.00001346
2026-03-03 01:36:24 | INFO | src.tmc_shapley_islands |   Southern 2: phi=0.152182, phi/n=0.00038333
2026-03-03 01:36:24 | INFO | src.tmc_shapley_islands |   Southern 3: phi=0.021632, phi/n=0.00003704
2026-03-03 01:36:24 | INFO | src.tmc_shapley_islands |   Southern 4: phi=0.072076, phi/n=0.00014830
2026-03-03 01:36:24 | INFO | src.tmc_shapley_islands |   Southern 5: phi=0.058558, phi/n=0.00028989
2026-03-03 01:36:24 | INFO | src.tmc_shapley_islands | Curve retraining early stopping: enabled=True, patience=20
2026-03-03 01:36:24 | INFO | src.tmc_shapley_islands | Computing add-islands curve (evaluated on test set)...
2026-03-03 01:36:24 | INFO | src.tmc_shapley_islands | Add-curve (mean): 1 islands, n=397 -> corr=-0.1460
2026-03-03 01:36:24 | INFO | src.tmc_shapley_islands | Add-curve (mean): 2 islands, n=599 -> corr=-0.1416
2026-03-03 01:36:24 | INFO | src.tmc_shapley_islands | Add-curve (mean): 3 islands, n=691 -> corr=-0.0451
2026-03-03 01:36:25 | INFO | src.tmc_shapley_islands | Add-curve (mean): 4 islands, n=810 -> corr=0.0222
2026-03-03 01:36:25 | INFO | src.tmc_shapley_islands | Add-curve (mean): 5 islands, n=1004 -> corr=0.0686
2026-03-03 01:36:26 | INFO | src.tmc_shapley_islands | Add-curve (mean): 6 islands, n=1360 -> corr=0.1409
2026-03-03 01:36:26 | INFO | src.tmc_shapley_islands | Add-curve (mean): 7 islands, n=1846 -> corr=0.1459
2026-03-03 01:36:28 | INFO | src.tmc_shapley_islands | Add-curve (mean): 8 islands, n=2430 -> corr=0.1583
2026-03-03 01:36:29 | INFO | src.tmc_shapley_islands | Add-curve (mean): 9 islands, n=2689 -> corr=0.1707
2026-03-03 01:36:30 | INFO | src.tmc_shapley_islands | Add-curve (mean): 10 islands, n=3272 -> corr=0.1657
2026-03-03 01:36:32 | INFO | src.tmc_shapley_islands | Add-curve (mean): 11 islands, n=3830 -> corr=0.1155
2026-03-03 01:36:34 | INFO | src.tmc_shapley_islands | Add-curve (mean): 12 islands, n=4908 -> corr=0.1405
2026-03-03 01:36:36 | INFO | src.tmc_shapley_islands | Add-curve (mean): 13 islands, n=5081 -> corr=0.1623
2026-03-03 01:36:38 | INFO | src.tmc_shapley_islands | Add-curve (mean): 14 islands, n=5239 -> corr=0.1859
2026-03-03 01:36:41 | INFO | src.tmc_shapley_islands | Add-curve (mean): 15 islands, n=5531 -> corr=0.1650
2026-03-03 01:36:52 | INFO | src.tmc_shapley_islands | Random individual add-curve (seed=0) complete
2026-03-03 01:37:03 | INFO | src.tmc_shapley_islands | Random individual add-curve (seed=1) complete
2026-03-03 01:37:15 | INFO | src.tmc_shapley_islands | Random individual add-curve (seed=2) complete
2026-03-03 01:37:26 | INFO | src.tmc_shapley_islands | Random individual add-curve (seed=3) complete
2026-03-03 01:37:38 | INFO | src.tmc_shapley_islands | Random individual add-curve (seed=4) complete
2026-03-03 01:37:38 | INFO | src.tmc_shapley_islands | Building mirrored remove-islands curve from add-islands curve...
2026-03-03 01:37:38 | INFO | src.tmc_shapley_islands | Saved Shapley values to outputs/tmc_shapley_sweep2_2/shards/shard_004/tmp/shapley_island_values_target_9.csv
2026-03-03 01:37:38 | INFO | src.tmc_shapley_islands | Saved summary to outputs/tmc_shapley_sweep2_2/shards/shard_004/tmp/tmc_summary_target_9.json
2026-03-03 01:37:38 | INFO | src.tmc_shapley_islands | Saved intermediate ranking trace to outputs/tmc_shapley_sweep2_2/shards/shard_004/tmp/tmc_intermediate_rankings_target_9.csv
2026-03-03 01:37:38 | INFO | src.tmc_shapley_islands | Saved add-curve to outputs/tmc_shapley_sweep2_2/shards/shard_004/tmp/add_curve_target_9.csv
2026-03-03 01:37:38 | INFO | src.tmc_shapley_islands | Saved remove-curve to outputs/tmc_shapley_sweep2_2/shards/shard_004/tmp/remove_curve_target_9.csv
2026-03-03 01:37:38 | INFO | src.tmc_shapley_islands | Saved bar plot to outputs/tmc_shapley_sweep2_2/shards/shard_004/tmp/shapley_bar_target_9.png
2026-03-03 01:37:38 | INFO | src.tmc_shapley_islands | Saved add-curve plot to outputs/tmc_shapley_sweep2_2/shards/shard_004/tmp/add_curve_target_9.png
2026-03-03 01:37:39 | INFO | src.tmc_shapley_islands | Saved remove-curve plot to outputs/tmc_shapley_sweep2_2/shards/shard_004/tmp/remove_curve_target_9.png
2026-03-03 01:37:39 | INFO | __main__ | Shard 4/5 progress 24/50 | target=9 cal=0.150 perm=25 repeat=9
2026-03-03 01:37:39 | INFO | src.tmc_shapley_islands | [Shapley] Target island: 9 (Sleneset), source islands: 15
2026-03-03 01:37:40 | INFO | src.tmc_shapley_islands | Data: source=5531 (across 15 islands), cal=24, test=125
2026-03-03 01:37:40 | INFO | src.tmc_shapley_islands | SNP selection: using fixed precomputed subset (n=20000)
2026-03-03 01:37:40 | INFO | src.tmc_shapley_islands | Island counts (capped to None in training):
  Nesøy: n=119
  Myken: n=92
  Træna: n=292
  Selvær: n=194
  Gjerøy: n=558
  Hestmannøy: n=1078
  Indre Kvarøy: n=356
  Onøy og Lurøy: n=259
  Lovund: n=158
  Aldra: n=173
  Southern 1: n=583
  Southern 2: n=397
  Southern 3: n=584
  Southern 4: n=486
  Southern 5: n=202
2026-03-03 01:37:40 | INFO | src.tmc_shapley_islands | Loaded 134 cached utilities from outputs/tmc_shapley_sweep2_2/cache/utility_cache_target_9_seed_1702487344.json
2026-03-03 01:37:40 | INFO | src.tmc_shapley_islands | Running TMC-Shapley with 25 permutations (utility on cal set)...
2026-03-03 01:37:40 | INFO | src.tmc_shapley_islands | Computing V_full over all 15 source islands...
2026-03-03 01:37:40 | INFO | src.tmc_shapley_islands | V_full = 0.2117
2026-03-03 01:37:40 | INFO | src.tmc_shapley_islands | TMC head-start: loaded 10 completed permutations from state outputs/tmc_shapley_sweep2_2/cache/tmc_perm_state_target_9_seed_1702487344.json
2026-03-03 01:38:43 | INFO | src.tmc_shapley_islands | TMC progress: 15/25 permutations done, cache hit rate: 22.4%, n_evals: 59
2026-03-03 01:39:52 | INFO | src.tmc_shapley_islands | TMC progress: 20/25 permutations done, cache hit rate: 22.5%, n_evals: 117
2026-03-03 01:40:57 | INFO | src.tmc_shapley_islands | TMC progress: 25/25 permutations done, cache hit rate: 21.7%, n_evals: 177
2026-03-03 01:40:57 | INFO | src.tmc_shapley_islands | TMC complete: 25 permutations, 0 truncated, 177 utility evals, cache hit rate: 21.7%
2026-03-03 01:40:57 | INFO | src.tmc_shapley_islands | Shapley values (phi, computed on cal set):
2026-03-03 01:40:57 | INFO | src.tmc_shapley_islands |   Nesøy: phi=-0.042081, phi/n=-0.00035362
2026-03-03 01:40:57 | INFO | src.tmc_shapley_islands |   Myken: phi=0.011861, phi/n=0.00012892
2026-03-03 01:40:57 | INFO | src.tmc_shapley_islands |   Træna: phi=0.048116, phi/n=0.00016478
2026-03-03 01:40:57 | INFO | src.tmc_shapley_islands |   Selvær: phi=-0.043288, phi/n=-0.00022313
2026-03-03 01:40:57 | INFO | src.tmc_shapley_islands |   Gjerøy: phi=-0.007447, phi/n=-0.00001335
2026-03-03 01:40:57 | INFO | src.tmc_shapley_islands |   Hestmannøy: phi=0.060674, phi/n=0.00005628
2026-03-03 01:40:57 | INFO | src.tmc_shapley_islands |   Indre Kvarøy: phi=0.028258, phi/n=0.00007938
2026-03-03 01:40:57 | INFO | src.tmc_shapley_islands |   Onøy og Lurøy: phi=0.005460, phi/n=0.00002108
2026-03-03 01:40:57 | INFO | src.tmc_shapley_islands |   Lovund: phi=-0.001958, phi/n=-0.00001239
2026-03-03 01:40:57 | INFO | src.tmc_shapley_islands |   Aldra: phi=0.017851, phi/n=0.00010318
2026-03-03 01:40:57 | INFO | src.tmc_shapley_islands |   Southern 1: phi=-0.019671, phi/n=-0.00003374
2026-03-03 01:40:57 | INFO | src.tmc_shapley_islands |   Southern 2: phi=0.009254, phi/n=0.00002331
2026-03-03 01:40:57 | INFO | src.tmc_shapley_islands |   Southern 3: phi=0.201763, phi/n=0.00034548
2026-03-03 01:40:57 | INFO | src.tmc_shapley_islands |   Southern 4: phi=-0.007782, phi/n=-0.00001601
2026-03-03 01:40:57 | INFO | src.tmc_shapley_islands |   Southern 5: phi=-0.049316, phi/n=-0.00024414
2026-03-03 01:40:57 | INFO | src.tmc_shapley_islands | Curve retraining early stopping: enabled=True, patience=20
2026-03-03 01:40:57 | INFO | src.tmc_shapley_islands | Computing add-islands curve (evaluated on test set)...
2026-03-03 01:40:58 | INFO | src.tmc_shapley_islands | Add-curve (mean): 1 islands, n=584 -> corr=-0.0576
2026-03-03 01:40:58 | INFO | src.tmc_shapley_islands | Add-curve (mean): 2 islands, n=876 -> corr=-0.0931
2026-03-03 01:40:58 | INFO | src.tmc_shapley_islands | Add-curve (mean): 3 islands, n=968 -> corr=-0.0244
2026-03-03 01:40:59 | INFO | src.tmc_shapley_islands | Add-curve (mean): 4 islands, n=1141 -> corr=-0.0113
2026-03-03 01:40:59 | INFO | src.tmc_shapley_islands | Add-curve (mean): 5 islands, n=1497 -> corr=0.1127
2026-03-03 01:41:01 | INFO | src.tmc_shapley_islands | Add-curve (mean): 6 islands, n=2575 -> corr=0.0891
2026-03-03 01:41:02 | INFO | src.tmc_shapley_islands | Add-curve (mean): 7 islands, n=2972 -> corr=0.0640
2026-03-03 01:41:03 | INFO | src.tmc_shapley_islands | Add-curve (mean): 8 islands, n=3231 -> corr=0.0790
2026-03-03 01:41:04 | INFO | src.tmc_shapley_islands | Add-curve (mean): 9 islands, n=3389 -> corr=0.1433
2026-03-03 01:41:06 | INFO | src.tmc_shapley_islands | Add-curve (mean): 10 islands, n=3947 -> corr=0.1143
2026-03-03 01:41:08 | INFO | src.tmc_shapley_islands | Add-curve (mean): 11 islands, n=4433 -> corr=0.1342
2026-03-03 01:41:10 | INFO | src.tmc_shapley_islands | Add-curve (mean): 12 islands, n=5016 -> corr=0.1406
2026-03-03 01:41:12 | INFO | src.tmc_shapley_islands | Add-curve (mean): 13 islands, n=5210 -> corr=0.1480
2026-03-03 01:41:14 | INFO | src.tmc_shapley_islands | Add-curve (mean): 14 islands, n=5412 -> corr=0.1593
2026-03-03 01:41:16 | INFO | src.tmc_shapley_islands | Add-curve (mean): 15 islands, n=5531 -> corr=0.1779
2026-03-03 01:41:30 | INFO | src.tmc_shapley_islands | Random individual add-curve (seed=0) complete
2026-03-03 01:41:43 | INFO | src.tmc_shapley_islands | Random individual add-curve (seed=1) complete
2026-03-03 01:41:57 | INFO | src.tmc_shapley_islands | Random individual add-curve (seed=2) complete
2026-03-03 01:42:16 | INFO | src.tmc_shapley_islands | Random individual add-curve (seed=3) complete
2026-03-03 01:42:31 | INFO | src.tmc_shapley_islands | Random individual add-curve (seed=4) complete
2026-03-03 01:42:31 | INFO | src.tmc_shapley_islands | Building mirrored remove-islands curve from add-islands curve...
2026-03-03 01:42:31 | INFO | src.tmc_shapley_islands | Saved Shapley values to outputs/tmc_shapley_sweep2_2/shards/shard_004/tmp/shapley_island_values_target_9.csv
2026-03-03 01:42:31 | INFO | src.tmc_shapley_islands | Saved summary to outputs/tmc_shapley_sweep2_2/shards/shard_004/tmp/tmc_summary_target_9.json
2026-03-03 01:42:31 | INFO | src.tmc_shapley_islands | Saved intermediate ranking trace to outputs/tmc_shapley_sweep2_2/shards/shard_004/tmp/tmc_intermediate_rankings_target_9.csv
2026-03-03 01:42:31 | INFO | src.tmc_shapley_islands | Saved add-curve to outputs/tmc_shapley_sweep2_2/shards/shard_004/tmp/add_curve_target_9.csv
2026-03-03 01:42:31 | INFO | src.tmc_shapley_islands | Saved remove-curve to outputs/tmc_shapley_sweep2_2/shards/shard_004/tmp/remove_curve_target_9.csv
2026-03-03 01:42:32 | INFO | src.tmc_shapley_islands | Saved bar plot to outputs/tmc_shapley_sweep2_2/shards/shard_004/tmp/shapley_bar_target_9.png
2026-03-03 01:42:32 | INFO | src.tmc_shapley_islands | Saved add-curve plot to outputs/tmc_shapley_sweep2_2/shards/shard_004/tmp/add_curve_target_9.png
2026-03-03 01:42:33 | INFO | src.tmc_shapley_islands | Saved remove-curve plot to outputs/tmc_shapley_sweep2_2/shards/shard_004/tmp/remove_curve_target_9.png
2026-03-03 01:42:33 | INFO | __main__ | Shard 4/5 progress 25/50 | target=9 cal=0.150 perm=50 repeat=4
2026-03-03 01:42:33 | INFO | src.tmc_shapley_islands | [Shapley] Target island: 9 (Sleneset), source islands: 15
2026-03-03 01:42:34 | INFO | src.tmc_shapley_islands | Data: source=5531 (across 15 islands), cal=24, test=125
2026-03-03 01:42:34 | INFO | src.tmc_shapley_islands | SNP selection: using fixed precomputed subset (n=20000)
2026-03-03 01:42:34 | INFO | src.tmc_shapley_islands | Island counts (capped to None in training):
  Nesøy: n=119
  Myken: n=92
  Træna: n=292
  Selvær: n=194
  Gjerøy: n=558
  Hestmannøy: n=1078
  Indre Kvarøy: n=356
  Onøy og Lurøy: n=259
  Lovund: n=158
  Aldra: n=173
  Southern 1: n=583
  Southern 2: n=397
  Southern 3: n=584
  Southern 4: n=486
  Southern 5: n=202
2026-03-03 01:42:34 | INFO | src.tmc_shapley_islands | Loaded 319 cached utilities from outputs/tmc_shapley_sweep2_2/cache/utility_cache_target_9_seed_1125935493.json
2026-03-03 01:42:34 | INFO | src.tmc_shapley_islands | Running TMC-Shapley with 50 permutations (utility on cal set)...
2026-03-03 01:42:34 | INFO | src.tmc_shapley_islands | Computing V_full over all 15 source islands...
2026-03-03 01:42:34 | INFO | src.tmc_shapley_islands | V_full = 0.0517
2026-03-03 01:42:34 | INFO | src.tmc_shapley_islands | TMC head-start: loaded 25 completed permutations from state outputs/tmc_shapley_sweep2_2/cache/tmc_perm_state_target_9_seed_1125935493.json
2026-03-03 01:43:54 | INFO | src.tmc_shapley_islands | TMC progress: 30/50 permutations done, cache hit rate: 18.4%, n_evals: 62
2026-03-03 01:46:26 | INFO | src.tmc_shapley_islands | TMC progress: 40/50 permutations done, cache hit rate: 25.7%, n_evals: 168
2026-03-03 01:48:25 | INFO | src.tmc_shapley_islands | TMC progress: 50/50 permutations done, cache hit rate: 25.3%, n_evals: 281
2026-03-03 01:48:25 | INFO | src.tmc_shapley_islands | TMC complete: 50 permutations, 0 truncated, 281 utility evals, cache hit rate: 25.3%
2026-03-03 01:48:25 | INFO | src.tmc_shapley_islands | Shapley values (phi, computed on cal set):
2026-03-03 01:48:25 | INFO | src.tmc_shapley_islands |   Nesøy: phi=0.028066, phi/n=0.00023585
2026-03-03 01:48:25 | INFO | src.tmc_shapley_islands |   Myken: phi=0.026340, phi/n=0.00028631
2026-03-03 01:48:25 | INFO | src.tmc_shapley_islands |   Træna: phi=-0.117401, phi/n=-0.00040206
2026-03-03 01:48:25 | INFO | src.tmc_shapley_islands |   Selvær: phi=0.047165, phi/n=0.00024312
2026-03-03 01:48:25 | INFO | src.tmc_shapley_islands |   Gjerøy: phi=-0.062405, phi/n=-0.00011184
2026-03-03 01:48:25 | INFO | src.tmc_shapley_islands |   Hestmannøy: phi=-0.148348, phi/n=-0.00013761
2026-03-03 01:48:25 | INFO | src.tmc_shapley_islands |   Indre Kvarøy: phi=0.069521, phi/n=0.00019528
2026-03-03 01:48:25 | INFO | src.tmc_shapley_islands |   Onøy og Lurøy: phi=-0.005210, phi/n=-0.00002012
2026-03-03 01:48:25 | INFO | src.tmc_shapley_islands |   Lovund: phi=-0.050302, phi/n=-0.00031837
2026-03-03 01:48:25 | INFO | src.tmc_shapley_islands |   Aldra: phi=-0.047873, phi/n=-0.00027672
2026-03-03 01:48:25 | INFO | src.tmc_shapley_islands |   Southern 1: phi=-0.006685, phi/n=-0.00001147
2026-03-03 01:48:25 | INFO | src.tmc_shapley_islands |   Southern 2: phi=0.159784, phi/n=0.00040248
2026-03-03 01:48:25 | INFO | src.tmc_shapley_islands |   Southern 3: phi=0.019239, phi/n=0.00003294
2026-03-03 01:48:25 | INFO | src.tmc_shapley_islands |   Southern 4: phi=0.064858, phi/n=0.00013345
2026-03-03 01:48:25 | INFO | src.tmc_shapley_islands |   Southern 5: phi=0.074922, phi/n=0.00037090
2026-03-03 01:48:25 | INFO | src.tmc_shapley_islands | Curve retraining early stopping: enabled=True, patience=20
2026-03-03 01:48:25 | INFO | src.tmc_shapley_islands | Computing add-islands curve (evaluated on test set)...
2026-03-03 01:48:25 | INFO | src.tmc_shapley_islands | Add-curve (mean): 1 islands, n=397 -> corr=-0.1460
2026-03-03 01:48:25 | INFO | src.tmc_shapley_islands | Add-curve (mean): 2 islands, n=599 -> corr=-0.1416
2026-03-03 01:48:25 | INFO | src.tmc_shapley_islands | Add-curve (mean): 3 islands, n=691 -> corr=-0.0451
2026-03-03 01:48:26 | INFO | src.tmc_shapley_islands | Add-curve (mean): 4 islands, n=885 -> corr=0.0196
2026-03-03 01:48:26 | INFO | src.tmc_shapley_islands | Add-curve (mean): 5 islands, n=1004 -> corr=0.0686
2026-03-03 01:48:26 | INFO | src.tmc_shapley_islands | Add-curve (mean): 6 islands, n=1360 -> corr=0.1409
2026-03-03 01:48:27 | INFO | src.tmc_shapley_islands | Add-curve (mean): 7 islands, n=1846 -> corr=0.1459
2026-03-03 01:48:28 | INFO | src.tmc_shapley_islands | Add-curve (mean): 8 islands, n=2430 -> corr=0.1583
2026-03-03 01:48:29 | INFO | src.tmc_shapley_islands | Add-curve (mean): 9 islands, n=3013 -> corr=0.1536
2026-03-03 01:48:30 | INFO | src.tmc_shapley_islands | Add-curve (mean): 10 islands, n=3272 -> corr=0.1657
2026-03-03 01:48:32 | INFO | src.tmc_shapley_islands | Add-curve (mean): 11 islands, n=3830 -> corr=0.1155
2026-03-03 01:48:34 | INFO | src.tmc_shapley_islands | Add-curve (mean): 12 islands, n=4908 -> corr=0.1405
2026-03-03 01:48:36 | INFO | src.tmc_shapley_islands | Add-curve (mean): 13 islands, n=5081 -> corr=0.1623
2026-03-03 01:48:38 | INFO | src.tmc_shapley_islands | Add-curve (mean): 14 islands, n=5239 -> corr=0.1859
2026-03-03 01:48:40 | INFO | src.tmc_shapley_islands | Add-curve (mean): 15 islands, n=5531 -> corr=0.1650
2026-03-03 01:48:52 | INFO | src.tmc_shapley_islands | Random individual add-curve (seed=0) complete
2026-03-03 01:49:03 | INFO | src.tmc_shapley_islands | Random individual add-curve (seed=1) complete
2026-03-03 01:49:14 | INFO | src.tmc_shapley_islands | Random individual add-curve (seed=2) complete
2026-03-03 01:49:25 | INFO | src.tmc_shapley_islands | Random individual add-curve (seed=3) complete
2026-03-03 01:49:45 | INFO | src.tmc_shapley_islands | Random individual add-curve (seed=4) complete
2026-03-03 01:49:45 | INFO | src.tmc_shapley_islands | Building mirrored remove-islands curve from add-islands curve...
2026-03-03 01:49:45 | INFO | src.tmc_shapley_islands | Saved Shapley values to outputs/tmc_shapley_sweep2_2/shards/shard_004/tmp/shapley_island_values_target_9.csv
2026-03-03 01:49:45 | INFO | src.tmc_shapley_islands | Saved summary to outputs/tmc_shapley_sweep2_2/shards/shard_004/tmp/tmc_summary_target_9.json
2026-03-03 01:49:45 | INFO | src.tmc_shapley_islands | Saved intermediate ranking trace to outputs/tmc_shapley_sweep2_2/shards/shard_004/tmp/tmc_intermediate_rankings_target_9.csv
2026-03-03 01:49:45 | INFO | src.tmc_shapley_islands | Saved add-curve to outputs/tmc_shapley_sweep2_2/shards/shard_004/tmp/add_curve_target_9.csv
2026-03-03 01:49:45 | INFO | src.tmc_shapley_islands | Saved remove-curve to outputs/tmc_shapley_sweep2_2/shards/shard_004/tmp/remove_curve_target_9.csv
2026-03-03 01:49:46 | INFO | src.tmc_shapley_islands | Saved bar plot to outputs/tmc_shapley_sweep2_2/shards/shard_004/tmp/shapley_bar_target_9.png
2026-03-03 01:49:46 | INFO | src.tmc_shapley_islands | Saved add-curve plot to outputs/tmc_shapley_sweep2_2/shards/shard_004/tmp/add_curve_target_9.png
2026-03-03 01:49:47 | INFO | src.tmc_shapley_islands | Saved remove-curve plot to outputs/tmc_shapley_sweep2_2/shards/shard_004/tmp/remove_curve_target_9.png
2026-03-03 01:49:47 | INFO | __main__ | Shard 4/5 progress 26/50 | target=9 cal=0.150 perm=50 repeat=9
2026-03-03 01:49:47 | INFO | src.tmc_shapley_islands | [Shapley] Target island: 9 (Sleneset), source islands: 15
2026-03-03 01:49:47 | INFO | src.tmc_shapley_islands | Data: source=5531 (across 15 islands), cal=24, test=125
2026-03-03 01:49:47 | INFO | src.tmc_shapley_islands | SNP selection: using fixed precomputed subset (n=20000)
2026-03-03 01:49:47 | INFO | src.tmc_shapley_islands | Island counts (capped to None in training):
  Nesøy: n=119
  Myken: n=92
  Træna: n=292
  Selvær: n=194
  Gjerøy: n=558
  Hestmannøy: n=1078
  Indre Kvarøy: n=356
  Onøy og Lurøy: n=259
  Lovund: n=158
  Aldra: n=173
  Southern 1: n=583
  Southern 2: n=397
  Southern 3: n=584
  Southern 4: n=486
  Southern 5: n=202
2026-03-03 01:49:47 | INFO | src.tmc_shapley_islands | Loaded 311 cached utilities from outputs/tmc_shapley_sweep2_2/cache/utility_cache_target_9_seed_1702487344.json
2026-03-03 01:49:47 | INFO | src.tmc_shapley_islands | Running TMC-Shapley with 50 permutations (utility on cal set)...
2026-03-03 01:49:47 | INFO | src.tmc_shapley_islands | Computing V_full over all 15 source islands...
2026-03-03 01:49:47 | INFO | src.tmc_shapley_islands | V_full = 0.2117
2026-03-03 01:49:47 | INFO | src.tmc_shapley_islands | TMC head-start: loaded 25 completed permutations from state outputs/tmc_shapley_sweep2_2/cache/tmc_perm_state_target_9_seed_1702487344.json
2026-03-03 01:50:56 | INFO | src.tmc_shapley_islands | TMC progress: 30/50 permutations done, cache hit rate: 19.7%, n_evals: 61
2026-03-03 01:53:20 | INFO | src.tmc_shapley_islands | TMC progress: 40/50 permutations done, cache hit rate: 21.7%, n_evals: 177
2026-03-03 01:55:45 | INFO | src.tmc_shapley_islands | TMC progress: 50/50 permutations done, cache hit rate: 23.1%, n_evals: 289
2026-03-03 01:55:45 | INFO | src.tmc_shapley_islands | TMC complete: 50 permutations, 0 truncated, 289 utility evals, cache hit rate: 23.1%
2026-03-03 01:55:45 | INFO | src.tmc_shapley_islands | Shapley values (phi, computed on cal set):
2026-03-03 01:55:45 | INFO | src.tmc_shapley_islands |   Nesøy: phi=-0.032386, phi/n=-0.00027215
2026-03-03 01:55:45 | INFO | src.tmc_shapley_islands |   Myken: phi=0.015255, phi/n=0.00016582
2026-03-03 01:55:45 | INFO | src.tmc_shapley_islands |   Træna: phi=0.047146, phi/n=0.00016146
2026-03-03 01:55:45 | INFO | src.tmc_shapley_islands |   Selvær: phi=-0.051703, phi/n=-0.00026651
2026-03-03 01:55:45 | INFO | src.tmc_shapley_islands |   Gjerøy: phi=-0.015318, phi/n=-0.00002745
2026-03-03 01:55:45 | INFO | src.tmc_shapley_islands |   Hestmannøy: phi=0.072395, phi/n=0.00006716
2026-03-03 01:55:45 | INFO | src.tmc_shapley_islands |   Indre Kvarøy: phi=0.037256, phi/n=0.00010465
2026-03-03 01:55:45 | INFO | src.tmc_shapley_islands |   Onøy og Lurøy: phi=0.002303, phi/n=0.00000889
2026-03-03 01:55:45 | INFO | src.tmc_shapley_islands |   Lovund: phi=0.007954, phi/n=0.00005034
2026-03-03 01:55:45 | INFO | src.tmc_shapley_islands |   Aldra: phi=0.018665, phi/n=0.00010789
2026-03-03 01:55:45 | INFO | src.tmc_shapley_islands |   Southern 1: phi=-0.021409, phi/n=-0.00003672
2026-03-03 01:55:45 | INFO | src.tmc_shapley_islands |   Southern 2: phi=0.009310, phi/n=0.00002345
2026-03-03 01:55:45 | INFO | src.tmc_shapley_islands |   Southern 3: phi=0.177577, phi/n=0.00030407
2026-03-03 01:55:45 | INFO | src.tmc_shapley_islands |   Southern 4: phi=-0.004626, phi/n=-0.00000952
2026-03-03 01:55:45 | INFO | src.tmc_shapley_islands |   Southern 5: phi=-0.050726, phi/n=-0.00025112
2026-03-03 01:55:45 | INFO | src.tmc_shapley_islands | Curve retraining early stopping: enabled=True, patience=20
2026-03-03 01:55:45 | INFO | src.tmc_shapley_islands | Computing add-islands curve (evaluated on test set)...
2026-03-03 01:55:45 | INFO | src.tmc_shapley_islands | Add-curve (mean): 1 islands, n=584 -> corr=-0.0576
2026-03-03 01:55:45 | INFO | src.tmc_shapley_islands | Add-curve (mean): 2 islands, n=676 -> corr=0.0709
2026-03-03 01:55:46 | INFO | src.tmc_shapley_islands | Add-curve (mean): 3 islands, n=968 -> corr=-0.0244
2026-03-03 01:55:46 | INFO | src.tmc_shapley_islands | Add-curve (mean): 4 islands, n=1141 -> corr=-0.0113
2026-03-03 01:55:47 | INFO | src.tmc_shapley_islands | Add-curve (mean): 5 islands, n=1497 -> corr=0.1127
2026-03-03 01:55:48 | INFO | src.tmc_shapley_islands | Add-curve (mean): 6 islands, n=2575 -> corr=0.0891
2026-03-03 01:55:49 | INFO | src.tmc_shapley_islands | Add-curve (mean): 7 islands, n=2733 -> corr=0.1457
2026-03-03 01:55:50 | INFO | src.tmc_shapley_islands | Add-curve (mean): 8 islands, n=3130 -> corr=0.1297
2026-03-03 01:55:51 | INFO | src.tmc_shapley_islands | Add-curve (mean): 9 islands, n=3389 -> corr=0.1433
2026-03-03 01:55:52 | INFO | src.tmc_shapley_islands | Add-curve (mean): 10 islands, n=3875 -> corr=0.1640
2026-03-03 01:55:54 | INFO | src.tmc_shapley_islands | Add-curve (mean): 11 islands, n=4433 -> corr=0.1342
2026-03-03 01:55:56 | INFO | src.tmc_shapley_islands | Add-curve (mean): 12 islands, n=5016 -> corr=0.1406
2026-03-03 01:55:58 | INFO | src.tmc_shapley_islands | Add-curve (mean): 13 islands, n=5218 -> corr=0.1509
2026-03-03 01:56:00 | INFO | src.tmc_shapley_islands | Add-curve (mean): 14 islands, n=5412 -> corr=0.1593
2026-03-03 01:56:03 | INFO | src.tmc_shapley_islands | Add-curve (mean): 15 islands, n=5531 -> corr=0.1779
2026-03-03 01:56:18 | INFO | src.tmc_shapley_islands | Random individual add-curve (seed=0) complete
2026-03-03 01:56:33 | INFO | src.tmc_shapley_islands | Random individual add-curve (seed=1) complete
2026-03-03 01:56:46 | INFO | src.tmc_shapley_islands | Random individual add-curve (seed=2) complete
2026-03-03 01:57:01 | INFO | src.tmc_shapley_islands | Random individual add-curve (seed=3) complete
2026-03-03 01:57:14 | INFO | src.tmc_shapley_islands | Random individual add-curve (seed=4) complete
2026-03-03 01:57:14 | INFO | src.tmc_shapley_islands | Building mirrored remove-islands curve from add-islands curve...
2026-03-03 01:57:14 | INFO | src.tmc_shapley_islands | Saved Shapley values to outputs/tmc_shapley_sweep2_2/shards/shard_004/tmp/shapley_island_values_target_9.csv
2026-03-03 01:57:14 | INFO | src.tmc_shapley_islands | Saved summary to outputs/tmc_shapley_sweep2_2/shards/shard_004/tmp/tmc_summary_target_9.json
2026-03-03 01:57:14 | INFO | src.tmc_shapley_islands | Saved intermediate ranking trace to outputs/tmc_shapley_sweep2_2/shards/shard_004/tmp/tmc_intermediate_rankings_target_9.csv
2026-03-03 01:57:14 | INFO | src.tmc_shapley_islands | Saved add-curve to outputs/tmc_shapley_sweep2_2/shards/shard_004/tmp/add_curve_target_9.csv
2026-03-03 01:57:14 | INFO | src.tmc_shapley_islands | Saved remove-curve to outputs/tmc_shapley_sweep2_2/shards/shard_004/tmp/remove_curve_target_9.csv
2026-03-03 01:57:14 | INFO | src.tmc_shapley_islands | Saved bar plot to outputs/tmc_shapley_sweep2_2/shards/shard_004/tmp/shapley_bar_target_9.png
2026-03-03 01:57:15 | INFO | src.tmc_shapley_islands | Saved add-curve plot to outputs/tmc_shapley_sweep2_2/shards/shard_004/tmp/add_curve_target_9.png
2026-03-03 01:57:15 | INFO | src.tmc_shapley_islands | Saved remove-curve plot to outputs/tmc_shapley_sweep2_2/shards/shard_004/tmp/remove_curve_target_9.png
2026-03-03 01:57:15 | INFO | __main__ | Shard 4/5 progress 27/50 | target=9 cal=0.150 perm=75 repeat=4
2026-03-03 01:57:15 | INFO | src.tmc_shapley_islands | [Shapley] Target island: 9 (Sleneset), source islands: 15
2026-03-03 01:57:16 | INFO | src.tmc_shapley_islands | Data: source=5531 (across 15 islands), cal=24, test=125
2026-03-03 01:57:16 | INFO | src.tmc_shapley_islands | SNP selection: using fixed precomputed subset (n=20000)
2026-03-03 01:57:16 | INFO | src.tmc_shapley_islands | Island counts (capped to None in training):
  Nesøy: n=119
  Myken: n=92
  Træna: n=292
  Selvær: n=194
  Gjerøy: n=558
  Hestmannøy: n=1078
  Indre Kvarøy: n=356
  Onøy og Lurøy: n=259
  Lovund: n=158
  Aldra: n=173
  Southern 1: n=583
  Southern 2: n=397
  Southern 3: n=584
  Southern 4: n=486
  Southern 5: n=202
2026-03-03 01:57:16 | INFO | src.tmc_shapley_islands | Loaded 600 cached utilities from outputs/tmc_shapley_sweep2_2/cache/utility_cache_target_9_seed_1125935493.json
2026-03-03 01:57:16 | INFO | src.tmc_shapley_islands | Running TMC-Shapley with 75 permutations (utility on cal set)...
2026-03-03 01:57:16 | INFO | src.tmc_shapley_islands | Computing V_full over all 15 source islands...
2026-03-03 01:57:16 | INFO | src.tmc_shapley_islands | V_full = 0.0517
2026-03-03 01:57:16 | INFO | src.tmc_shapley_islands | TMC head-start: loaded 50 completed permutations from state outputs/tmc_shapley_sweep2_2/cache/tmc_perm_state_target_9_seed_1125935493.json
2026-03-03 01:59:41 | INFO | src.tmc_shapley_islands | TMC progress: 60/75 permutations done, cache hit rate: 26.5%, n_evals: 111
2026-03-03 02:02:36 | INFO | src.tmc_shapley_islands | TMC progress: 75/75 permutations done, cache hit rate: 26.9%, n_evals: 275
2026-03-03 02:02:36 | INFO | src.tmc_shapley_islands | TMC complete: 75 permutations, 0 truncated, 275 utility evals, cache hit rate: 26.9%
2026-03-03 02:02:36 | INFO | src.tmc_shapley_islands | Shapley values (phi, computed on cal set):
2026-03-03 02:02:36 | INFO | src.tmc_shapley_islands |   Nesøy: phi=0.033461, phi/n=0.00028118
2026-03-03 02:02:36 | INFO | src.tmc_shapley_islands |   Myken: phi=0.027439, phi/n=0.00029825
2026-03-03 02:02:36 | INFO | src.tmc_shapley_islands |   Træna: phi=-0.120454, phi/n=-0.00041251
2026-03-03 02:02:36 | INFO | src.tmc_shapley_islands |   Selvær: phi=0.048277, phi/n=0.00024885
2026-03-03 02:02:36 | INFO | src.tmc_shapley_islands |   Gjerøy: phi=-0.063332, phi/n=-0.00011350
2026-03-03 02:02:36 | INFO | src.tmc_shapley_islands |   Hestmannøy: phi=-0.145217, phi/n=-0.00013471
2026-03-03 02:02:36 | INFO | src.tmc_shapley_islands |   Indre Kvarøy: phi=0.068846, phi/n=0.00019339
2026-03-03 02:02:36 | INFO | src.tmc_shapley_islands |   Onøy og Lurøy: phi=-0.006087, phi/n=-0.00002350
2026-03-03 02:02:36 | INFO | src.tmc_shapley_islands |   Lovund: phi=-0.051743, phi/n=-0.00032749
2026-03-03 02:02:36 | INFO | src.tmc_shapley_islands |   Aldra: phi=-0.050370, phi/n=-0.00029115
2026-03-03 02:02:36 | INFO | src.tmc_shapley_islands |   Southern 1: phi=-0.005393, phi/n=-0.00000925
2026-03-03 02:02:36 | INFO | src.tmc_shapley_islands |   Southern 2: phi=0.158283, phi/n=0.00039870
2026-03-03 02:02:36 | INFO | src.tmc_shapley_islands |   Southern 3: phi=0.017853, phi/n=0.00003057
2026-03-03 02:02:36 | INFO | src.tmc_shapley_islands |   Southern 4: phi=0.062538, phi/n=0.00012868
2026-03-03 02:02:36 | INFO | src.tmc_shapley_islands |   Southern 5: phi=0.077569, phi/n=0.00038401
2026-03-03 02:02:36 | INFO | src.tmc_shapley_islands | Curve retraining early stopping: enabled=True, patience=20
2026-03-03 02:02:36 | INFO | src.tmc_shapley_islands | Computing add-islands curve (evaluated on test set)...
2026-03-03 02:02:37 | INFO | src.tmc_shapley_islands | Add-curve (mean): 1 islands, n=397 -> corr=-0.1460
2026-03-03 02:02:37 | INFO | src.tmc_shapley_islands | Add-curve (mean): 2 islands, n=599 -> corr=-0.1416
2026-03-03 02:02:37 | INFO | src.tmc_shapley_islands | Add-curve (mean): 3 islands, n=691 -> corr=-0.0451
2026-03-03 02:02:37 | INFO | src.tmc_shapley_islands | Add-curve (mean): 4 islands, n=810 -> corr=0.0222
2026-03-03 02:02:38 | INFO | src.tmc_shapley_islands | Add-curve (mean): 5 islands, n=1004 -> corr=0.0686
2026-03-03 02:02:38 | INFO | src.tmc_shapley_islands | Add-curve (mean): 6 islands, n=1360 -> corr=0.1409
2026-03-03 02:02:39 | INFO | src.tmc_shapley_islands | Add-curve (mean): 7 islands, n=1846 -> corr=0.1459
2026-03-03 02:02:40 | INFO | src.tmc_shapley_islands | Add-curve (mean): 8 islands, n=2430 -> corr=0.1583
2026-03-03 02:02:41 | INFO | src.tmc_shapley_islands | Add-curve (mean): 9 islands, n=3013 -> corr=0.1536
2026-03-03 02:02:42 | INFO | src.tmc_shapley_islands | Add-curve (mean): 10 islands, n=3272 -> corr=0.1657
2026-03-03 02:02:44 | INFO | src.tmc_shapley_islands | Add-curve (mean): 11 islands, n=3830 -> corr=0.1155
2026-03-03 02:02:46 | INFO | src.tmc_shapley_islands | Add-curve (mean): 12 islands, n=4908 -> corr=0.1405
2026-03-03 02:02:48 | INFO | src.tmc_shapley_islands | Add-curve (mean): 13 islands, n=5081 -> corr=0.1623
2026-03-03 02:02:50 | INFO | src.tmc_shapley_islands | Add-curve (mean): 14 islands, n=5239 -> corr=0.1859
2026-03-03 02:02:52 | INFO | src.tmc_shapley_islands | Add-curve (mean): 15 islands, n=5531 -> corr=0.1650
2026-03-03 02:03:07 | INFO | src.tmc_shapley_islands | Random individual add-curve (seed=0) complete
2026-03-03 02:03:17 | INFO | src.tmc_shapley_islands | Random individual add-curve (seed=1) complete
2026-03-03 02:03:51 | INFO | src.tmc_shapley_islands | Random individual add-curve (seed=2) complete
2026-03-03 02:04:01 | INFO | src.tmc_shapley_islands | Random individual add-curve (seed=3) complete
2026-03-03 02:04:22 | INFO | src.tmc_shapley_islands | Random individual add-curve (seed=4) complete
2026-03-03 02:04:22 | INFO | src.tmc_shapley_islands | Building mirrored remove-islands curve from add-islands curve...
2026-03-03 02:04:22 | INFO | src.tmc_shapley_islands | Saved Shapley values to outputs/tmc_shapley_sweep2_2/shards/shard_004/tmp/shapley_island_values_target_9.csv
2026-03-03 02:04:22 | INFO | src.tmc_shapley_islands | Saved summary to outputs/tmc_shapley_sweep2_2/shards/shard_004/tmp/tmc_summary_target_9.json
2026-03-03 02:04:22 | INFO | src.tmc_shapley_islands | Saved intermediate ranking trace to outputs/tmc_shapley_sweep2_2/shards/shard_004/tmp/tmc_intermediate_rankings_target_9.csv
2026-03-03 02:04:22 | INFO | src.tmc_shapley_islands | Saved add-curve to outputs/tmc_shapley_sweep2_2/shards/shard_004/tmp/add_curve_target_9.csv
2026-03-03 02:04:22 | INFO | src.tmc_shapley_islands | Saved remove-curve to outputs/tmc_shapley_sweep2_2/shards/shard_004/tmp/remove_curve_target_9.csv
2026-03-03 02:04:23 | INFO | src.tmc_shapley_islands | Saved bar plot to outputs/tmc_shapley_sweep2_2/shards/shard_004/tmp/shapley_bar_target_9.png
2026-03-03 02:04:23 | INFO | src.tmc_shapley_islands | Saved add-curve plot to outputs/tmc_shapley_sweep2_2/shards/shard_004/tmp/add_curve_target_9.png
2026-03-03 02:04:24 | INFO | src.tmc_shapley_islands | Saved remove-curve plot to outputs/tmc_shapley_sweep2_2/shards/shard_004/tmp/remove_curve_target_9.png
2026-03-03 02:04:24 | INFO | __main__ | Shard 4/5 progress 28/50 | target=9 cal=0.150 perm=75 repeat=9
2026-03-03 02:04:24 | INFO | src.tmc_shapley_islands | [Shapley] Target island: 9 (Sleneset), source islands: 15
2026-03-03 02:04:24 | INFO | src.tmc_shapley_islands | Data: source=5531 (across 15 islands), cal=24, test=125
2026-03-03 02:04:24 | INFO | src.tmc_shapley_islands | SNP selection: using fixed precomputed subset (n=20000)
2026-03-03 02:04:24 | INFO | src.tmc_shapley_islands | Island counts (capped to None in training):
  Nesøy: n=119
  Myken: n=92
  Træna: n=292
  Selvær: n=194
  Gjerøy: n=558
  Hestmannøy: n=1078
  Indre Kvarøy: n=356
  Onøy og Lurøy: n=259
  Lovund: n=158
  Aldra: n=173
  Southern 1: n=583
  Southern 2: n=397
  Southern 3: n=584
  Southern 4: n=486
  Southern 5: n=202
2026-03-03 02:04:24 | INFO | src.tmc_shapley_islands | Loaded 600 cached utilities from outputs/tmc_shapley_sweep2_2/cache/utility_cache_target_9_seed_1702487344.json
2026-03-03 02:04:24 | INFO | src.tmc_shapley_islands | Running TMC-Shapley with 75 permutations (utility on cal set)...
2026-03-03 02:04:24 | INFO | src.tmc_shapley_islands | Computing V_full over all 15 source islands...
2026-03-03 02:04:24 | INFO | src.tmc_shapley_islands | V_full = 0.2117
2026-03-03 02:04:24 | INFO | src.tmc_shapley_islands | TMC head-start: loaded 50 completed permutations from state outputs/tmc_shapley_sweep2_2/cache/tmc_perm_state_target_9_seed_1702487344.json
2026-03-03 02:06:35 | INFO | src.tmc_shapley_islands | TMC progress: 60/75 permutations done, cache hit rate: 29.1%, n_evals: 107
2026-03-03 02:10:05 | INFO | src.tmc_shapley_islands | TMC progress: 75/75 permutations done, cache hit rate: 28.2%, n_evals: 270
2026-03-03 02:10:05 | INFO | src.tmc_shapley_islands | TMC complete: 75 permutations, 0 truncated, 270 utility evals, cache hit rate: 28.2%
2026-03-03 02:10:05 | INFO | src.tmc_shapley_islands | Shapley values (phi, computed on cal set):
2026-03-03 02:10:05 | INFO | src.tmc_shapley_islands |   Nesøy: phi=-0.031744, phi/n=-0.00026676
2026-03-03 02:10:05 | INFO | src.tmc_shapley_islands |   Myken: phi=0.014932, phi/n=0.00016230
2026-03-03 02:10:05 | INFO | src.tmc_shapley_islands |   Træna: phi=0.046841, phi/n=0.00016041
2026-03-03 02:10:05 | INFO | src.tmc_shapley_islands |   Selvær: phi=-0.055014, phi/n=-0.00028358
2026-03-03 02:10:05 | INFO | src.tmc_shapley_islands |   Gjerøy: phi=-0.014174, phi/n=-0.00002540
2026-03-03 02:10:05 | INFO | src.tmc_shapley_islands |   Hestmannøy: phi=0.078528, phi/n=0.00007285
2026-03-03 02:10:05 | INFO | src.tmc_shapley_islands |   Indre Kvarøy: phi=0.033111, phi/n=0.00009301
2026-03-03 02:10:05 | INFO | src.tmc_shapley_islands |   Onøy og Lurøy: phi=0.001669, phi/n=0.00000645
2026-03-03 02:10:05 | INFO | src.tmc_shapley_islands |   Lovund: phi=0.015014, phi/n=0.00009503
2026-03-03 02:10:05 | INFO | src.tmc_shapley_islands |   Aldra: phi=0.018873, phi/n=0.00010909
2026-03-03 02:10:05 | INFO | src.tmc_shapley_islands |   Southern 1: phi=-0.020940, phi/n=-0.00003592
2026-03-03 02:10:05 | INFO | src.tmc_shapley_islands |   Southern 2: phi=0.007047, phi/n=0.00001775
2026-03-03 02:10:05 | INFO | src.tmc_shapley_islands |   Southern 3: phi=0.175925, phi/n=0.00030124
2026-03-03 02:10:05 | INFO | src.tmc_shapley_islands |   Southern 4: phi=-0.005217, phi/n=-0.00001073
2026-03-03 02:10:05 | INFO | src.tmc_shapley_islands |   Southern 5: phi=-0.053157, phi/n=-0.00026315
2026-03-03 02:10:05 | INFO | src.tmc_shapley_islands | Curve retraining early stopping: enabled=True, patience=20
2026-03-03 02:10:05 | INFO | src.tmc_shapley_islands | Computing add-islands curve (evaluated on test set)...
2026-03-03 02:10:05 | INFO | src.tmc_shapley_islands | Add-curve (mean): 1 islands, n=584 -> corr=-0.0576
2026-03-03 02:10:05 | INFO | src.tmc_shapley_islands | Add-curve (mean): 2 islands, n=676 -> corr=0.0709
2026-03-03 02:10:06 | INFO | src.tmc_shapley_islands | Add-curve (mean): 3 islands, n=968 -> corr=-0.0244
2026-03-03 02:10:06 | INFO | src.tmc_shapley_islands | Add-curve (mean): 4 islands, n=1141 -> corr=-0.0113
2026-03-03 02:10:07 | INFO | src.tmc_shapley_islands | Add-curve (mean): 5 islands, n=1299 -> corr=0.1336
2026-03-03 02:10:07 | INFO | src.tmc_shapley_islands | Add-curve (mean): 6 islands, n=1655 -> corr=0.1775
2026-03-03 02:10:08 | INFO | src.tmc_shapley_islands | Add-curve (mean): 7 islands, n=2733 -> corr=0.1457
2026-03-03 02:10:10 | INFO | src.tmc_shapley_islands | Add-curve (mean): 8 islands, n=3130 -> corr=0.1297
2026-03-03 02:10:12 | INFO | src.tmc_shapley_islands | Add-curve (mean): 9 islands, n=3389 -> corr=0.1433
2026-03-03 02:10:13 | INFO | src.tmc_shapley_islands | Add-curve (mean): 10 islands, n=3875 -> corr=0.1640
2026-03-03 02:10:15 | INFO | src.tmc_shapley_islands | Add-curve (mean): 11 islands, n=4433 -> corr=0.1342
2026-03-03 02:10:17 | INFO | src.tmc_shapley_islands | Add-curve (mean): 12 islands, n=5016 -> corr=0.1406
2026-03-03 02:10:20 | INFO | src.tmc_shapley_islands | Add-curve (mean): 13 islands, n=5218 -> corr=0.1509
2026-03-03 02:10:22 | INFO | src.tmc_shapley_islands | Add-curve (mean): 14 islands, n=5337 -> corr=0.1694
2026-03-03 02:10:24 | INFO | src.tmc_shapley_islands | Add-curve (mean): 15 islands, n=5531 -> corr=0.1779
2026-03-03 02:10:40 | INFO | src.tmc_shapley_islands | Random individual add-curve (seed=0) complete
2026-03-03 02:10:53 | INFO | src.tmc_shapley_islands | Random individual add-curve (seed=1) complete
2026-03-03 02:11:10 | INFO | src.tmc_shapley_islands | Random individual add-curve (seed=2) complete
2026-03-03 02:11:22 | INFO | src.tmc_shapley_islands | Random individual add-curve (seed=3) complete
2026-03-03 02:11:36 | INFO | src.tmc_shapley_islands | Random individual add-curve (seed=4) complete
2026-03-03 02:11:36 | INFO | src.tmc_shapley_islands | Building mirrored remove-islands curve from add-islands curve...
2026-03-03 02:11:36 | INFO | src.tmc_shapley_islands | Saved Shapley values to outputs/tmc_shapley_sweep2_2/shards/shard_004/tmp/shapley_island_values_target_9.csv
2026-03-03 02:11:36 | INFO | src.tmc_shapley_islands | Saved summary to outputs/tmc_shapley_sweep2_2/shards/shard_004/tmp/tmc_summary_target_9.json
2026-03-03 02:11:36 | INFO | src.tmc_shapley_islands | Saved intermediate ranking trace to outputs/tmc_shapley_sweep2_2/shards/shard_004/tmp/tmc_intermediate_rankings_target_9.csv
2026-03-03 02:11:36 | INFO | src.tmc_shapley_islands | Saved add-curve to outputs/tmc_shapley_sweep2_2/shards/shard_004/tmp/add_curve_target_9.csv
2026-03-03 02:11:36 | INFO | src.tmc_shapley_islands | Saved remove-curve to outputs/tmc_shapley_sweep2_2/shards/shard_004/tmp/remove_curve_target_9.csv
2026-03-03 02:11:36 | INFO | src.tmc_shapley_islands | Saved bar plot to outputs/tmc_shapley_sweep2_2/shards/shard_004/tmp/shapley_bar_target_9.png
2026-03-03 02:11:36 | INFO | src.tmc_shapley_islands | Saved add-curve plot to outputs/tmc_shapley_sweep2_2/shards/shard_004/tmp/add_curve_target_9.png
2026-03-03 02:11:37 | INFO | src.tmc_shapley_islands | Saved remove-curve plot to outputs/tmc_shapley_sweep2_2/shards/shard_004/tmp/remove_curve_target_9.png
2026-03-03 02:11:37 | INFO | __main__ | Shard 4/5 progress 29/50 | target=9 cal=0.150 perm=100 repeat=4
2026-03-03 02:11:37 | INFO | src.tmc_shapley_islands | [Shapley] Target island: 9 (Sleneset), source islands: 15
2026-03-03 02:11:38 | INFO | src.tmc_shapley_islands | Data: source=5531 (across 15 islands), cal=24, test=125
2026-03-03 02:11:38 | INFO | src.tmc_shapley_islands | SNP selection: using fixed precomputed subset (n=20000)
2026-03-03 02:11:38 | INFO | src.tmc_shapley_islands | Island counts (capped to None in training):
  Nesøy: n=119
  Myken: n=92
  Træna: n=292
  Selvær: n=194
  Gjerøy: n=558
  Hestmannøy: n=1078
  Indre Kvarøy: n=356
  Onøy og Lurøy: n=259
  Lovund: n=158
  Aldra: n=173
  Southern 1: n=583
  Southern 2: n=397
  Southern 3: n=584
  Southern 4: n=486
  Southern 5: n=202
2026-03-03 02:11:38 | INFO | src.tmc_shapley_islands | Loaded 875 cached utilities from outputs/tmc_shapley_sweep2_2/cache/utility_cache_target_9_seed_1125935493.json
2026-03-03 02:11:38 | INFO | src.tmc_shapley_islands | Running TMC-Shapley with 100 permutations (utility on cal set)...
2026-03-03 02:11:38 | INFO | src.tmc_shapley_islands | Computing V_full over all 15 source islands...
2026-03-03 02:11:38 | INFO | src.tmc_shapley_islands | V_full = 0.0517
2026-03-03 02:11:38 | INFO | src.tmc_shapley_islands | TMC head-start: loaded 75 completed permutations from state outputs/tmc_shapley_sweep2_2/cache/tmc_perm_state_target_9_seed_1125935493.json
2026-03-03 02:12:55 | INFO | src.tmc_shapley_islands | TMC progress: 80/100 permutations done, cache hit rate: 36.8%, n_evals: 48
2026-03-03 02:16:09 | INFO | src.tmc_shapley_islands | TMC progress: 100/100 permutations done, cache hit rate: 33.8%, n_evals: 249
2026-03-03 02:16:09 | INFO | src.tmc_shapley_islands | TMC complete: 100 permutations, 0 truncated, 249 utility evals, cache hit rate: 33.8%
2026-03-03 02:16:09 | INFO | src.tmc_shapley_islands | Shapley values (phi, computed on cal set):
2026-03-03 02:16:09 | INFO | src.tmc_shapley_islands |   Nesøy: phi=0.033043, phi/n=0.00027767
2026-03-03 02:16:09 | INFO | src.tmc_shapley_islands |   Myken: phi=0.027670, phi/n=0.00030077
2026-03-03 02:16:09 | INFO | src.tmc_shapley_islands |   Træna: phi=-0.120206, phi/n=-0.00041167
2026-03-03 02:16:09 | INFO | src.tmc_shapley_islands |   Selvær: phi=0.045290, phi/n=0.00023346
2026-03-03 02:16:09 | INFO | src.tmc_shapley_islands |   Gjerøy: phi=-0.061782, phi/n=-0.00011072
2026-03-03 02:16:09 | INFO | src.tmc_shapley_islands |   Hestmannøy: phi=-0.142237, phi/n=-0.00013195
2026-03-03 02:16:09 | INFO | src.tmc_shapley_islands |   Indre Kvarøy: phi=0.067664, phi/n=0.00019007
2026-03-03 02:16:09 | INFO | src.tmc_shapley_islands |   Onøy og Lurøy: phi=-0.005660, phi/n=-0.00002185
2026-03-03 02:16:09 | INFO | src.tmc_shapley_islands |   Lovund: phi=-0.051348, phi/n=-0.00032499
2026-03-03 02:16:09 | INFO | src.tmc_shapley_islands |   Aldra: phi=-0.051340, phi/n=-0.00029677
2026-03-03 02:16:09 | INFO | src.tmc_shapley_islands |   Southern 1: phi=-0.004320, phi/n=-0.00000741
2026-03-03 02:16:09 | INFO | src.tmc_shapley_islands |   Southern 2: phi=0.153611, phi/n=0.00038693
2026-03-03 02:16:09 | INFO | src.tmc_shapley_islands |   Southern 3: phi=0.018584, phi/n=0.00003182
2026-03-03 02:16:09 | INFO | src.tmc_shapley_islands |   Southern 4: phi=0.064931, phi/n=0.00013360
2026-03-03 02:16:09 | INFO | src.tmc_shapley_islands |   Southern 5: phi=0.077771, phi/n=0.00038501
2026-03-03 02:16:09 | INFO | src.tmc_shapley_islands | Curve retraining early stopping: enabled=True, patience=20
2026-03-03 02:16:09 | INFO | src.tmc_shapley_islands | Computing add-islands curve (evaluated on test set)...
2026-03-03 02:16:09 | INFO | src.tmc_shapley_islands | Add-curve (mean): 1 islands, n=397 -> corr=-0.1460
2026-03-03 02:16:09 | INFO | src.tmc_shapley_islands | Add-curve (mean): 2 islands, n=599 -> corr=-0.1416
2026-03-03 02:16:09 | INFO | src.tmc_shapley_islands | Add-curve (mean): 3 islands, n=691 -> corr=-0.0451
2026-03-03 02:16:10 | INFO | src.tmc_shapley_islands | Add-curve (mean): 4 islands, n=810 -> corr=0.0222
2026-03-03 02:16:10 | INFO | src.tmc_shapley_islands | Add-curve (mean): 5 islands, n=1004 -> corr=0.0686
2026-03-03 02:16:11 | INFO | src.tmc_shapley_islands | Add-curve (mean): 6 islands, n=1360 -> corr=0.1409
2026-03-03 02:16:11 | INFO | src.tmc_shapley_islands | Add-curve (mean): 7 islands, n=1846 -> corr=0.1459
2026-03-03 02:16:12 | INFO | src.tmc_shapley_islands | Add-curve (mean): 8 islands, n=2430 -> corr=0.1583
2026-03-03 02:16:13 | INFO | src.tmc_shapley_islands | Add-curve (mean): 9 islands, n=3013 -> corr=0.1536
2026-03-03 02:16:15 | INFO | src.tmc_shapley_islands | Add-curve (mean): 10 islands, n=3272 -> corr=0.1657
2026-03-03 02:16:16 | INFO | src.tmc_shapley_islands | Add-curve (mean): 11 islands, n=3830 -> corr=0.1155
2026-03-03 02:16:18 | INFO | src.tmc_shapley_islands | Add-curve (mean): 12 islands, n=4908 -> corr=0.1405
2026-03-03 02:16:20 | INFO | src.tmc_shapley_islands | Add-curve (mean): 13 islands, n=5081 -> corr=0.1623
2026-03-03 02:16:22 | INFO | src.tmc_shapley_islands | Add-curve (mean): 14 islands, n=5239 -> corr=0.1859
2026-03-03 02:16:24 | INFO | src.tmc_shapley_islands | Add-curve (mean): 15 islands, n=5531 -> corr=0.1650
2026-03-03 02:16:37 | INFO | src.tmc_shapley_islands | Random individual add-curve (seed=0) complete
2026-03-03 02:16:48 | INFO | src.tmc_shapley_islands | Random individual add-curve (seed=1) complete
2026-03-03 02:17:00 | INFO | src.tmc_shapley_islands | Random individual add-curve (seed=2) complete
2026-03-03 02:17:11 | INFO | src.tmc_shapley_islands | Random individual add-curve (seed=3) complete
2026-03-03 02:17:22 | INFO | src.tmc_shapley_islands | Random individual add-curve (seed=4) complete
2026-03-03 02:17:22 | INFO | src.tmc_shapley_islands | Building mirrored remove-islands curve from add-islands curve...
2026-03-03 02:17:22 | INFO | src.tmc_shapley_islands | Saved Shapley values to outputs/tmc_shapley_sweep2_2/shards/shard_004/tmp/shapley_island_values_target_9.csv
2026-03-03 02:17:22 | INFO | src.tmc_shapley_islands | Saved summary to outputs/tmc_shapley_sweep2_2/shards/shard_004/tmp/tmc_summary_target_9.json
2026-03-03 02:17:22 | INFO | src.tmc_shapley_islands | Saved intermediate ranking trace to outputs/tmc_shapley_sweep2_2/shards/shard_004/tmp/tmc_intermediate_rankings_target_9.csv
2026-03-03 02:17:22 | INFO | src.tmc_shapley_islands | Saved add-curve to outputs/tmc_shapley_sweep2_2/shards/shard_004/tmp/add_curve_target_9.csv
2026-03-03 02:17:22 | INFO | src.tmc_shapley_islands | Saved remove-curve to outputs/tmc_shapley_sweep2_2/shards/shard_004/tmp/remove_curve_target_9.csv
2026-03-03 02:17:22 | INFO | src.tmc_shapley_islands | Saved bar plot to outputs/tmc_shapley_sweep2_2/shards/shard_004/tmp/shapley_bar_target_9.png
2026-03-03 02:17:22 | INFO | src.tmc_shapley_islands | Saved add-curve plot to outputs/tmc_shapley_sweep2_2/shards/shard_004/tmp/add_curve_target_9.png
2026-03-03 02:17:23 | INFO | src.tmc_shapley_islands | Saved remove-curve plot to outputs/tmc_shapley_sweep2_2/shards/shard_004/tmp/remove_curve_target_9.png
2026-03-03 02:17:23 | INFO | __main__ | Shard 4/5 progress 30/50 | target=9 cal=0.150 perm=100 repeat=9
2026-03-03 02:17:23 | INFO | src.tmc_shapley_islands | [Shapley] Target island: 9 (Sleneset), source islands: 15
2026-03-03 02:17:24 | INFO | src.tmc_shapley_islands | Data: source=5531 (across 15 islands), cal=24, test=125
2026-03-03 02:17:24 | INFO | src.tmc_shapley_islands | SNP selection: using fixed precomputed subset (n=20000)
2026-03-03 02:17:24 | INFO | src.tmc_shapley_islands | Island counts (capped to None in training):
  Nesøy: n=119
  Myken: n=92
  Træna: n=292
  Selvær: n=194
  Gjerøy: n=558
  Hestmannøy: n=1078
  Indre Kvarøy: n=356
  Onøy og Lurøy: n=259
  Lovund: n=158
  Aldra: n=173
  Southern 1: n=583
  Southern 2: n=397
  Southern 3: n=584
  Southern 4: n=486
  Southern 5: n=202
2026-03-03 02:17:24 | INFO | src.tmc_shapley_islands | Loaded 870 cached utilities from outputs/tmc_shapley_sweep2_2/cache/utility_cache_target_9_seed_1702487344.json
2026-03-03 02:17:24 | INFO | src.tmc_shapley_islands | Running TMC-Shapley with 100 permutations (utility on cal set)...
2026-03-03 02:17:24 | INFO | src.tmc_shapley_islands | Computing V_full over all 15 source islands...
2026-03-03 02:17:24 | INFO | src.tmc_shapley_islands | V_full = 0.2117
2026-03-03 02:17:24 | INFO | src.tmc_shapley_islands | TMC head-start: loaded 75 completed permutations from state outputs/tmc_shapley_sweep2_2/cache/tmc_perm_state_target_9_seed_1702487344.json
2026-03-03 02:18:22 | INFO | src.tmc_shapley_islands | TMC progress: 80/100 permutations done, cache hit rate: 32.9%, n_evals: 51
2026-03-03 02:22:50 | INFO | src.tmc_shapley_islands | TMC progress: 100/100 permutations done, cache hit rate: 30.6%, n_evals: 261
2026-03-03 02:22:50 | INFO | src.tmc_shapley_islands | TMC complete: 100 permutations, 0 truncated, 261 utility evals, cache hit rate: 30.6%
2026-03-03 02:22:50 | INFO | src.tmc_shapley_islands | Shapley values (phi, computed on cal set):
2026-03-03 02:22:50 | INFO | src.tmc_shapley_islands |   Nesøy: phi=-0.029637, phi/n=-0.00024905
2026-03-03 02:22:50 | INFO | src.tmc_shapley_islands |   Myken: phi=0.016218, phi/n=0.00017628
2026-03-03 02:22:50 | INFO | src.tmc_shapley_islands |   Træna: phi=0.042408, phi/n=0.00014523
2026-03-03 02:22:50 | INFO | src.tmc_shapley_islands |   Selvær: phi=-0.056843, phi/n=-0.00029300
2026-03-03 02:22:50 | INFO | src.tmc_shapley_islands |   Gjerøy: phi=-0.012266, phi/n=-0.00002198
2026-03-03 02:22:50 | INFO | src.tmc_shapley_islands |   Hestmannøy: phi=0.078433, phi/n=0.00007276
2026-03-03 02:22:50 | INFO | src.tmc_shapley_islands |   Indre Kvarøy: phi=0.031682, phi/n=0.00008899
2026-03-03 02:22:50 | INFO | src.tmc_shapley_islands |   Onøy og Lurøy: phi=0.000583, phi/n=0.00000225
2026-03-03 02:22:50 | INFO | src.tmc_shapley_islands |   Lovund: phi=0.018451, phi/n=0.00011678
2026-03-03 02:22:50 | INFO | src.tmc_shapley_islands |   Aldra: phi=0.017985, phi/n=0.00010396
2026-03-03 02:22:50 | INFO | src.tmc_shapley_islands |   Southern 1: phi=-0.019827, phi/n=-0.00003401
2026-03-03 02:22:50 | INFO | src.tmc_shapley_islands |   Southern 2: phi=0.008775, phi/n=0.00002210
2026-03-03 02:22:50 | INFO | src.tmc_shapley_islands |   Southern 3: phi=0.171797, phi/n=0.00029417
2026-03-03 02:22:50 | INFO | src.tmc_shapley_islands |   Southern 4: phi=-0.001858, phi/n=-0.00000382
2026-03-03 02:22:50 | INFO | src.tmc_shapley_islands |   Southern 5: phi=-0.054207, phi/n=-0.00026835
2026-03-03 02:22:50 | INFO | src.tmc_shapley_islands | Curve retraining early stopping: enabled=True, patience=20
2026-03-03 02:22:50 | INFO | src.tmc_shapley_islands | Computing add-islands curve (evaluated on test set)...
2026-03-03 02:22:50 | INFO | src.tmc_shapley_islands | Add-curve (mean): 1 islands, n=584 -> corr=-0.0576
2026-03-03 02:22:51 | INFO | src.tmc_shapley_islands | Add-curve (mean): 2 islands, n=676 -> corr=0.0709
2026-03-03 02:22:51 | INFO | src.tmc_shapley_islands | Add-curve (mean): 3 islands, n=968 -> corr=-0.0244
2026-03-03 02:22:51 | INFO | src.tmc_shapley_islands | Add-curve (mean): 4 islands, n=1126 -> corr=0.1307
2026-03-03 02:22:52 | INFO | src.tmc_shapley_islands | Add-curve (mean): 5 islands, n=1299 -> corr=0.1336
2026-03-03 02:22:52 | INFO | src.tmc_shapley_islands | Add-curve (mean): 6 islands, n=1655 -> corr=0.1775
2026-03-03 02:22:56 | INFO | src.tmc_shapley_islands | Add-curve (mean): 7 islands, n=2733 -> corr=0.1457
2026-03-03 02:23:00 | INFO | src.tmc_shapley_islands | Add-curve (mean): 8 islands, n=3130 -> corr=0.1297
2026-03-03 02:23:01 | INFO | src.tmc_shapley_islands | Add-curve (mean): 9 islands, n=3389 -> corr=0.1433
2026-03-03 02:23:02 | INFO | src.tmc_shapley_islands | Add-curve (mean): 10 islands, n=3875 -> corr=0.1640
2026-03-03 02:23:04 | INFO | src.tmc_shapley_islands | Add-curve (mean): 11 islands, n=4433 -> corr=0.1342
2026-03-03 02:23:06 | INFO | src.tmc_shapley_islands | Add-curve (mean): 12 islands, n=5016 -> corr=0.1406
2026-03-03 02:23:08 | INFO | src.tmc_shapley_islands | Add-curve (mean): 13 islands, n=5135 -> corr=0.1591
2026-03-03 02:23:10 | INFO | src.tmc_shapley_islands | Add-curve (mean): 14 islands, n=5337 -> corr=0.1694
2026-03-03 02:23:13 | INFO | src.tmc_shapley_islands | Add-curve (mean): 15 islands, n=5531 -> corr=0.1779
2026-03-03 02:23:25 | INFO | src.tmc_shapley_islands | Random individual add-curve (seed=0) complete
2026-03-03 02:23:38 | INFO | src.tmc_shapley_islands | Random individual add-curve (seed=1) complete
2026-03-03 02:23:52 | INFO | src.tmc_shapley_islands | Random individual add-curve (seed=2) complete
2026-03-03 02:24:07 | INFO | src.tmc_shapley_islands | Random individual add-curve (seed=3) complete
2026-03-03 02:24:20 | INFO | src.tmc_shapley_islands | Random individual add-curve (seed=4) complete
2026-03-03 02:24:20 | INFO | src.tmc_shapley_islands | Building mirrored remove-islands curve from add-islands curve...
2026-03-03 02:24:20 | INFO | src.tmc_shapley_islands | Saved Shapley values to outputs/tmc_shapley_sweep2_2/shards/shard_004/tmp/shapley_island_values_target_9.csv
2026-03-03 02:24:20 | INFO | src.tmc_shapley_islands | Saved summary to outputs/tmc_shapley_sweep2_2/shards/shard_004/tmp/tmc_summary_target_9.json
2026-03-03 02:24:20 | INFO | src.tmc_shapley_islands | Saved intermediate ranking trace to outputs/tmc_shapley_sweep2_2/shards/shard_004/tmp/tmc_intermediate_rankings_target_9.csv
2026-03-03 02:24:20 | INFO | src.tmc_shapley_islands | Saved add-curve to outputs/tmc_shapley_sweep2_2/shards/shard_004/tmp/add_curve_target_9.csv
2026-03-03 02:24:20 | INFO | src.tmc_shapley_islands | Saved remove-curve to outputs/tmc_shapley_sweep2_2/shards/shard_004/tmp/remove_curve_target_9.csv
2026-03-03 02:24:21 | INFO | src.tmc_shapley_islands | Saved bar plot to outputs/tmc_shapley_sweep2_2/shards/shard_004/tmp/shapley_bar_target_9.png
2026-03-03 02:24:21 | INFO | src.tmc_shapley_islands | Saved add-curve plot to outputs/tmc_shapley_sweep2_2/shards/shard_004/tmp/add_curve_target_9.png
2026-03-03 02:24:22 | INFO | src.tmc_shapley_islands | Saved remove-curve plot to outputs/tmc_shapley_sweep2_2/shards/shard_004/tmp/remove_curve_target_9.png
2026-03-03 02:24:22 | INFO | __main__ | Shard 4/5 progress 31/50 | target=9 cal=0.200 perm=10 repeat=4
2026-03-03 02:24:22 | INFO | src.tmc_shapley_islands | [Shapley] Target island: 9 (Sleneset), source islands: 15
2026-03-03 02:24:22 | INFO | src.tmc_shapley_islands | Data: source=5531 (across 15 islands), cal=33, test=125
2026-03-03 02:24:22 | INFO | src.tmc_shapley_islands | SNP selection: using fixed precomputed subset (n=20000)
2026-03-03 02:24:22 | INFO | src.tmc_shapley_islands | Island counts (capped to None in training):
  Nesøy: n=119
  Myken: n=92
  Træna: n=292
  Selvær: n=194
  Gjerøy: n=558
  Hestmannøy: n=1078
  Indre Kvarøy: n=356
  Onøy og Lurøy: n=259
  Lovund: n=158
  Aldra: n=173
  Southern 1: n=583
  Southern 2: n=397
  Southern 3: n=584
  Southern 4: n=486
  Southern 5: n=202
2026-03-03 02:24:22 | INFO | src.tmc_shapley_islands | Running TMC-Shapley with 10 permutations (utility on cal set)...
2026-03-03 02:24:22 | INFO | src.tmc_shapley_islands | Computing V_full over all 15 source islands...
2026-03-03 02:24:25 | INFO | src.tmc_shapley_islands | V_full = 0.0598
2026-03-03 02:24:56 | INFO | src.tmc_shapley_islands | TMC progress: 2/10 permutations done, cache hit rate: 6.5%, n_evals: 29
2026-03-03 02:25:25 | INFO | src.tmc_shapley_islands | TMC progress: 4/10 permutations done, cache hit rate: 8.2%, n_evals: 56
2026-03-03 02:25:53 | INFO | src.tmc_shapley_islands | TMC progress: 6/10 permutations done, cache hit rate: 9.9%, n_evals: 82
2026-03-03 02:26:25 | INFO | src.tmc_shapley_islands | TMC progress: 8/10 permutations done, cache hit rate: 9.9%, n_evals: 109
2026-03-03 02:26:53 | INFO | src.tmc_shapley_islands | TMC progress: 10/10 permutations done, cache hit rate: 10.6%, n_evals: 135
2026-03-03 02:26:53 | INFO | src.tmc_shapley_islands | TMC complete: 10 permutations, 0 truncated, 135 utility evals, cache hit rate: 10.6%
2026-03-03 02:26:53 | INFO | src.tmc_shapley_islands | Shapley values (phi, computed on cal set):
2026-03-03 02:26:53 | INFO | src.tmc_shapley_islands |   Nesøy: phi=0.074891, phi/n=0.00062933
2026-03-03 02:26:53 | INFO | src.tmc_shapley_islands |   Myken: phi=0.044722, phi/n=0.00048611
2026-03-03 02:26:53 | INFO | src.tmc_shapley_islands |   Træna: phi=-0.095865, phi/n=-0.00032830
2026-03-03 02:26:53 | INFO | src.tmc_shapley_islands |   Selvær: phi=0.026691, phi/n=0.00013758
2026-03-03 02:26:53 | INFO | src.tmc_shapley_islands |   Gjerøy: phi=-0.031871, phi/n=-0.00005712
2026-03-03 02:26:53 | INFO | src.tmc_shapley_islands |   Hestmannøy: phi=-0.081097, phi/n=-0.00007523
2026-03-03 02:26:53 | INFO | src.tmc_shapley_islands |   Indre Kvarøy: phi=0.026423, phi/n=0.00007422
2026-03-03 02:26:53 | INFO | src.tmc_shapley_islands |   Onøy og Lurøy: phi=0.149079, phi/n=0.00057559
2026-03-03 02:26:53 | INFO | src.tmc_shapley_islands |   Lovund: phi=0.056077, phi/n=0.00035492
2026-03-03 02:26:53 | INFO | src.tmc_shapley_islands |   Aldra: phi=0.000612, phi/n=0.00000354
2026-03-03 02:26:53 | INFO | src.tmc_shapley_islands |   Southern 1: phi=-0.061400, phi/n=-0.00010532
2026-03-03 02:26:53 | INFO | src.tmc_shapley_islands |   Southern 2: phi=-0.018692, phi/n=-0.00004708
2026-03-03 02:26:53 | INFO | src.tmc_shapley_islands |   Southern 3: phi=-0.099014, phi/n=-0.00016954
2026-03-03 02:26:53 | INFO | src.tmc_shapley_islands |   Southern 4: phi=0.016083, phi/n=0.00003309
2026-03-03 02:26:53 | INFO | src.tmc_shapley_islands |   Southern 5: phi=0.053133, phi/n=0.00026303
2026-03-03 02:26:53 | INFO | src.tmc_shapley_islands | Curve retraining early stopping: enabled=True, patience=20
2026-03-03 02:26:53 | INFO | src.tmc_shapley_islands | Computing add-islands curve (evaluated on test set)...
2026-03-03 02:26:53 | INFO | src.tmc_shapley_islands | Add-curve (mean): 1 islands, n=119 -> corr=0.1446
2026-03-03 02:26:53 | INFO | src.tmc_shapley_islands | Add-curve (mean): 2 islands, n=378 -> corr=0.1382
2026-03-03 02:26:54 | INFO | src.tmc_shapley_islands | Add-curve (mean): 3 islands, n=470 -> corr=0.1853
2026-03-03 02:26:54 | INFO | src.tmc_shapley_islands | Add-curve (mean): 4 islands, n=628 -> corr=0.1990
2026-03-03 02:26:54 | INFO | src.tmc_shapley_islands | Add-curve (mean): 5 islands, n=830 -> corr=0.1967
2026-03-03 02:26:54 | INFO | src.tmc_shapley_islands | Add-curve (mean): 6 islands, n=1024 -> corr=0.2102
2026-03-03 02:26:55 | INFO | src.tmc_shapley_islands | Add-curve (mean): 7 islands, n=1380 -> corr=0.2265
2026-03-03 02:26:56 | INFO | src.tmc_shapley_islands | Add-curve (mean): 8 islands, n=1866 -> corr=0.2461
2026-03-03 02:26:56 | INFO | src.tmc_shapley_islands | Add-curve (mean): 9 islands, n=2039 -> corr=0.2570
2026-03-03 02:26:57 | INFO | src.tmc_shapley_islands | Add-curve (mean): 10 islands, n=2436 -> corr=0.2455
2026-03-03 02:27:01 | INFO | src.tmc_shapley_islands | Add-curve (mean): 11 islands, n=2994 -> corr=0.1747
2026-03-03 02:27:05 | INFO | src.tmc_shapley_islands | Add-curve (mean): 12 islands, n=4072 -> corr=0.1712
2026-03-03 02:27:09 | INFO | src.tmc_shapley_islands | Add-curve (mean): 13 islands, n=4655 -> corr=0.1826
2026-03-03 02:27:14 | INFO | src.tmc_shapley_islands | Add-curve (mean): 14 islands, n=5239 -> corr=0.1958
2026-03-03 02:27:16 | INFO | src.tmc_shapley_islands | Add-curve (mean): 15 islands, n=5531 -> corr=0.1759
2026-03-03 02:27:34 | INFO | src.tmc_shapley_islands | Random individual add-curve (seed=0) complete
2026-03-03 02:27:43 | INFO | src.tmc_shapley_islands | Random individual add-curve (seed=1) complete
2026-03-03 02:27:53 | INFO | src.tmc_shapley_islands | Random individual add-curve (seed=2) complete
2026-03-03 02:28:02 | INFO | src.tmc_shapley_islands | Random individual add-curve (seed=3) complete
2026-03-03 02:28:10 | INFO | src.tmc_shapley_islands | Random individual add-curve (seed=4) complete
2026-03-03 02:28:10 | INFO | src.tmc_shapley_islands | Building mirrored remove-islands curve from add-islands curve...
2026-03-03 02:28:10 | INFO | src.tmc_shapley_islands | Saved Shapley values to outputs/tmc_shapley_sweep2_2/shards/shard_004/tmp/shapley_island_values_target_9.csv
2026-03-03 02:28:10 | INFO | src.tmc_shapley_islands | Saved summary to outputs/tmc_shapley_sweep2_2/shards/shard_004/tmp/tmc_summary_target_9.json
2026-03-03 02:28:10 | INFO | src.tmc_shapley_islands | Saved intermediate ranking trace to outputs/tmc_shapley_sweep2_2/shards/shard_004/tmp/tmc_intermediate_rankings_target_9.csv
2026-03-03 02:28:10 | INFO | src.tmc_shapley_islands | Saved add-curve to outputs/tmc_shapley_sweep2_2/shards/shard_004/tmp/add_curve_target_9.csv
2026-03-03 02:28:10 | INFO | src.tmc_shapley_islands | Saved remove-curve to outputs/tmc_shapley_sweep2_2/shards/shard_004/tmp/remove_curve_target_9.csv
2026-03-03 02:28:11 | INFO | src.tmc_shapley_islands | Saved bar plot to outputs/tmc_shapley_sweep2_2/shards/shard_004/tmp/shapley_bar_target_9.png
2026-03-03 02:28:11 | INFO | src.tmc_shapley_islands | Saved add-curve plot to outputs/tmc_shapley_sweep2_2/shards/shard_004/tmp/add_curve_target_9.png
2026-03-03 02:28:11 | INFO | src.tmc_shapley_islands | Saved remove-curve plot to outputs/tmc_shapley_sweep2_2/shards/shard_004/tmp/remove_curve_target_9.png
2026-03-03 02:28:11 | INFO | __main__ | Shard 4/5 progress 32/50 | target=9 cal=0.200 perm=10 repeat=9
2026-03-03 02:28:11 | INFO | src.tmc_shapley_islands | [Shapley] Target island: 9 (Sleneset), source islands: 15
2026-03-03 02:28:12 | INFO | src.tmc_shapley_islands | Data: source=5531 (across 15 islands), cal=33, test=125
2026-03-03 02:28:12 | INFO | src.tmc_shapley_islands | SNP selection: using fixed precomputed subset (n=20000)
2026-03-03 02:28:12 | INFO | src.tmc_shapley_islands | Island counts (capped to None in training):
  Nesøy: n=119
  Myken: n=92
  Træna: n=292
  Selvær: n=194
  Gjerøy: n=558
  Hestmannøy: n=1078
  Indre Kvarøy: n=356
  Onøy og Lurøy: n=259
  Lovund: n=158
  Aldra: n=173
  Southern 1: n=583
  Southern 2: n=397
  Southern 3: n=584
  Southern 4: n=486
  Southern 5: n=202
2026-03-03 02:28:12 | INFO | src.tmc_shapley_islands | Running TMC-Shapley with 10 permutations (utility on cal set)...
2026-03-03 02:28:12 | INFO | src.tmc_shapley_islands | Computing V_full over all 15 source islands...
2026-03-03 02:28:14 | INFO | src.tmc_shapley_islands | V_full = 0.1377
2026-03-03 02:28:46 | INFO | src.tmc_shapley_islands | TMC progress: 2/10 permutations done, cache hit rate: 6.5%, n_evals: 29
2026-03-03 02:29:10 | INFO | src.tmc_shapley_islands | TMC progress: 4/10 permutations done, cache hit rate: 9.8%, n_evals: 55
2026-03-03 02:29:38 | INFO | src.tmc_shapley_islands | TMC progress: 6/10 permutations done, cache hit rate: 9.9%, n_evals: 82
2026-03-03 02:30:04 | INFO | src.tmc_shapley_islands | TMC progress: 8/10 permutations done, cache hit rate: 11.6%, n_evals: 107
2026-03-03 02:30:37 | INFO | src.tmc_shapley_islands | TMC progress: 10/10 permutations done, cache hit rate: 11.3%, n_evals: 134
2026-03-03 02:30:37 | INFO | src.tmc_shapley_islands | TMC complete: 10 permutations, 0 truncated, 134 utility evals, cache hit rate: 11.3%
2026-03-03 02:30:37 | INFO | src.tmc_shapley_islands | Shapley values (phi, computed on cal set):
2026-03-03 02:30:37 | INFO | src.tmc_shapley_islands |   Nesøy: phi=0.045223, phi/n=0.00038003
2026-03-03 02:30:37 | INFO | src.tmc_shapley_islands |   Myken: phi=0.145677, phi/n=0.00158344
2026-03-03 02:30:37 | INFO | src.tmc_shapley_islands |   Træna: phi=-0.059015, phi/n=-0.00020211
2026-03-03 02:30:37 | INFO | src.tmc_shapley_islands |   Selvær: phi=0.034935, phi/n=0.00018008
2026-03-03 02:30:37 | INFO | src.tmc_shapley_islands |   Gjerøy: phi=-0.142100, phi/n=-0.00025466
2026-03-03 02:30:37 | INFO | src.tmc_shapley_islands |   Hestmannøy: phi=0.141581, phi/n=0.00013134
2026-03-03 02:30:37 | INFO | src.tmc_shapley_islands |   Indre Kvarøy: phi=0.046841, phi/n=0.00013158
2026-03-03 02:30:37 | INFO | src.tmc_shapley_islands |   Onøy og Lurøy: phi=-0.064643, phi/n=-0.00024959
2026-03-03 02:30:37 | INFO | src.tmc_shapley_islands |   Lovund: phi=0.161144, phi/n=0.00101990
2026-03-03 02:30:37 | INFO | src.tmc_shapley_islands |   Aldra: phi=-0.014625, phi/n=-0.00008454
2026-03-03 02:30:37 | INFO | src.tmc_shapley_islands |   Southern 1: phi=0.004084, phi/n=0.00000701
2026-03-03 02:30:37 | INFO | src.tmc_shapley_islands |   Southern 2: phi=-0.105758, phi/n=-0.00026639
2026-03-03 02:30:37 | INFO | src.tmc_shapley_islands |   Southern 3: phi=-0.083239, phi/n=-0.00014253
2026-03-03 02:30:37 | INFO | src.tmc_shapley_islands |   Southern 4: phi=-0.031353, phi/n=-0.00006451
2026-03-03 02:30:37 | INFO | src.tmc_shapley_islands |   Southern 5: phi=0.058917, phi/n=0.00029167
2026-03-03 02:30:37 | INFO | src.tmc_shapley_islands | Curve retraining early stopping: enabled=True, patience=20
2026-03-03 02:30:37 | INFO | src.tmc_shapley_islands | Computing add-islands curve (evaluated on test set)...
2026-03-03 02:30:37 | INFO | src.tmc_shapley_islands | Add-curve (mean): 1 islands, n=92 -> corr=0.1297
2026-03-03 02:30:37 | INFO | src.tmc_shapley_islands | Add-curve (mean): 2 islands, n=250 -> corr=0.1211
2026-03-03 02:30:38 | INFO | src.tmc_shapley_islands | Add-curve (mean): 3 islands, n=369 -> corr=0.1555
2026-03-03 02:30:38 | INFO | src.tmc_shapley_islands | Add-curve (mean): 4 islands, n=571 -> corr=0.1483
2026-03-03 02:30:38 | INFO | src.tmc_shapley_islands | Add-curve (mean): 5 islands, n=765 -> corr=0.1553
2026-03-03 02:30:38 | INFO | src.tmc_shapley_islands | Add-curve (mean): 6 islands, n=1121 -> corr=0.1676
2026-03-03 02:30:39 | INFO | src.tmc_shapley_islands | Add-curve (mean): 7 islands, n=2199 -> corr=0.1077
2026-03-03 02:30:40 | INFO | src.tmc_shapley_islands | Add-curve (mean): 8 islands, n=2782 -> corr=0.1054
2026-03-03 02:30:42 | INFO | src.tmc_shapley_islands | Add-curve (mean): 9 islands, n=3268 -> corr=0.1332
2026-03-03 02:30:43 | INFO | src.tmc_shapley_islands | Add-curve (mean): 10 islands, n=3441 -> corr=0.1511
2026-03-03 02:30:44 | INFO | src.tmc_shapley_islands | Add-curve (mean): 11 islands, n=4025 -> corr=0.1684
2026-03-03 02:30:46 | INFO | src.tmc_shapley_islands | Add-curve (mean): 12 islands, n=4317 -> corr=0.1443
2026-03-03 02:30:47 | INFO | src.tmc_shapley_islands | Add-curve (mean): 13 islands, n=4576 -> corr=0.1858
2026-03-03 02:30:49 | INFO | src.tmc_shapley_islands | Add-curve (mean): 14 islands, n=5134 -> corr=0.1472
2026-03-03 02:30:51 | INFO | src.tmc_shapley_islands | Add-curve (mean): 15 islands, n=5531 -> corr=0.1577
2026-03-03 02:31:12 | INFO | src.tmc_shapley_islands | Random individual add-curve (seed=0) complete
2026-03-03 02:31:22 | INFO | src.tmc_shapley_islands | Random individual add-curve (seed=1) complete
2026-03-03 02:31:33 | INFO | src.tmc_shapley_islands | Random individual add-curve (seed=2) complete
2026-03-03 02:31:48 | INFO | src.tmc_shapley_islands | Random individual add-curve (seed=3) complete
2026-03-03 02:31:58 | INFO | src.tmc_shapley_islands | Random individual add-curve (seed=4) complete
2026-03-03 02:31:58 | INFO | src.tmc_shapley_islands | Building mirrored remove-islands curve from add-islands curve...
2026-03-03 02:31:59 | INFO | src.tmc_shapley_islands | Saved Shapley values to outputs/tmc_shapley_sweep2_2/shards/shard_004/tmp/shapley_island_values_target_9.csv
2026-03-03 02:31:59 | INFO | src.tmc_shapley_islands | Saved summary to outputs/tmc_shapley_sweep2_2/shards/shard_004/tmp/tmc_summary_target_9.json
2026-03-03 02:31:59 | INFO | src.tmc_shapley_islands | Saved intermediate ranking trace to outputs/tmc_shapley_sweep2_2/shards/shard_004/tmp/tmc_intermediate_rankings_target_9.csv
2026-03-03 02:31:59 | INFO | src.tmc_shapley_islands | Saved add-curve to outputs/tmc_shapley_sweep2_2/shards/shard_004/tmp/add_curve_target_9.csv
2026-03-03 02:31:59 | INFO | src.tmc_shapley_islands | Saved remove-curve to outputs/tmc_shapley_sweep2_2/shards/shard_004/tmp/remove_curve_target_9.csv
2026-03-03 02:31:59 | INFO | src.tmc_shapley_islands | Saved bar plot to outputs/tmc_shapley_sweep2_2/shards/shard_004/tmp/shapley_bar_target_9.png
2026-03-03 02:31:59 | INFO | src.tmc_shapley_islands | Saved add-curve plot to outputs/tmc_shapley_sweep2_2/shards/shard_004/tmp/add_curve_target_9.png
2026-03-03 02:32:00 | INFO | src.tmc_shapley_islands | Saved remove-curve plot to outputs/tmc_shapley_sweep2_2/shards/shard_004/tmp/remove_curve_target_9.png
2026-03-03 02:32:00 | INFO | __main__ | Shard 4/5 progress 33/50 | target=9 cal=0.200 perm=25 repeat=4
2026-03-03 02:32:00 | INFO | src.tmc_shapley_islands | [Shapley] Target island: 9 (Sleneset), source islands: 15
2026-03-03 02:32:01 | INFO | src.tmc_shapley_islands | Data: source=5531 (across 15 islands), cal=33, test=125
2026-03-03 02:32:01 | INFO | src.tmc_shapley_islands | SNP selection: using fixed precomputed subset (n=20000)
2026-03-03 02:32:01 | INFO | src.tmc_shapley_islands | Island counts (capped to None in training):
  Nesøy: n=119
  Myken: n=92
  Træna: n=292
  Selvær: n=194
  Gjerøy: n=558
  Hestmannøy: n=1078
  Indre Kvarøy: n=356
  Onøy og Lurøy: n=259
  Lovund: n=158
  Aldra: n=173
  Southern 1: n=583
  Southern 2: n=397
  Southern 3: n=584
  Southern 4: n=486
  Southern 5: n=202
2026-03-03 02:32:01 | INFO | src.tmc_shapley_islands | Loaded 135 cached utilities from outputs/tmc_shapley_sweep2_2/cache/utility_cache_target_9_seed_464676702.json
2026-03-03 02:32:01 | INFO | src.tmc_shapley_islands | Running TMC-Shapley with 25 permutations (utility on cal set)...
2026-03-03 02:32:01 | INFO | src.tmc_shapley_islands | Computing V_full over all 15 source islands...
2026-03-03 02:32:01 | INFO | src.tmc_shapley_islands | V_full = 0.0598
2026-03-03 02:32:01 | INFO | src.tmc_shapley_islands | TMC head-start: loaded 10 completed permutations from state outputs/tmc_shapley_sweep2_2/cache/tmc_perm_state_target_9_seed_464676702.json
2026-03-03 02:33:18 | INFO | src.tmc_shapley_islands | TMC progress: 15/25 permutations done, cache hit rate: 18.4%, n_evals: 62
2026-03-03 02:34:14 | INFO | src.tmc_shapley_islands | TMC progress: 20/25 permutations done, cache hit rate: 19.9%, n_evals: 121
2026-03-03 02:35:27 | INFO | src.tmc_shapley_islands | TMC progress: 25/25 permutations done, cache hit rate: 18.6%, n_evals: 184
2026-03-03 02:35:27 | INFO | src.tmc_shapley_islands | TMC complete: 25 permutations, 0 truncated, 184 utility evals, cache hit rate: 18.6%
2026-03-03 02:35:27 | INFO | src.tmc_shapley_islands | Shapley values (phi, computed on cal set):
2026-03-03 02:35:27 | INFO | src.tmc_shapley_islands |   Nesøy: phi=0.075255, phi/n=0.00063240
2026-03-03 02:35:27 | INFO | src.tmc_shapley_islands |   Myken: phi=0.045359, phi/n=0.00049303
2026-03-03 02:35:27 | INFO | src.tmc_shapley_islands |   Træna: phi=-0.080428, phi/n=-0.00027544
2026-03-03 02:35:27 | INFO | src.tmc_shapley_islands |   Selvær: phi=0.034494, phi/n=0.00017780
2026-03-03 02:35:27 | INFO | src.tmc_shapley_islands |   Gjerøy: phi=-0.008316, phi/n=-0.00001490
2026-03-03 02:35:27 | INFO | src.tmc_shapley_islands |   Hestmannøy: phi=-0.069749, phi/n=-0.00006470
2026-03-03 02:35:27 | INFO | src.tmc_shapley_islands |   Indre Kvarøy: phi=0.033608, phi/n=0.00009441
2026-03-03 02:35:27 | INFO | src.tmc_shapley_islands |   Onøy og Lurøy: phi=0.120861, phi/n=0.00046665
2026-03-03 02:35:27 | INFO | src.tmc_shapley_islands |   Lovund: phi=0.062306, phi/n=0.00039434
2026-03-03 02:35:27 | INFO | src.tmc_shapley_islands |   Aldra: phi=-0.005363, phi/n=-0.00003100
2026-03-03 02:35:27 | INFO | src.tmc_shapley_islands |   Southern 1: phi=-0.087032, phi/n=-0.00014928
2026-03-03 02:35:27 | INFO | src.tmc_shapley_islands |   Southern 2: phi=-0.021972, phi/n=-0.00005534
2026-03-03 02:35:27 | INFO | src.tmc_shapley_islands |   Southern 3: phi=-0.098461, phi/n=-0.00016860
2026-03-03 02:35:27 | INFO | src.tmc_shapley_islands |   Southern 4: phi=0.011422, phi/n=0.00002350
2026-03-03 02:35:27 | INFO | src.tmc_shapley_islands |   Southern 5: phi=0.047785, phi/n=0.00023656
2026-03-03 02:35:27 | INFO | src.tmc_shapley_islands | Curve retraining early stopping: enabled=True, patience=20
2026-03-03 02:35:27 | INFO | src.tmc_shapley_islands | Computing add-islands curve (evaluated on test set)...
2026-03-03 02:35:27 | INFO | src.tmc_shapley_islands | Add-curve (mean): 1 islands, n=119 -> corr=0.1446
2026-03-03 02:35:27 | INFO | src.tmc_shapley_islands | Add-curve (mean): 2 islands, n=211 -> corr=0.2325
2026-03-03 02:35:27 | INFO | src.tmc_shapley_islands | Add-curve (mean): 3 islands, n=470 -> corr=0.1853
2026-03-03 02:35:27 | INFO | src.tmc_shapley_islands | Add-curve (mean): 4 islands, n=628 -> corr=0.1990
2026-03-03 02:35:28 | INFO | src.tmc_shapley_islands | Add-curve (mean): 5 islands, n=830 -> corr=0.1967
2026-03-03 02:35:28 | INFO | src.tmc_shapley_islands | Add-curve (mean): 6 islands, n=1024 -> corr=0.2102
2026-03-03 02:35:28 | INFO | src.tmc_shapley_islands | Add-curve (mean): 7 islands, n=1380 -> corr=0.2265
2026-03-03 02:35:29 | INFO | src.tmc_shapley_islands | Add-curve (mean): 8 islands, n=1866 -> corr=0.2461
2026-03-03 02:35:30 | INFO | src.tmc_shapley_islands | Add-curve (mean): 9 islands, n=2424 -> corr=0.1705
2026-03-03 02:35:32 | INFO | src.tmc_shapley_islands | Add-curve (mean): 10 islands, n=2597 -> corr=0.1821
2026-03-03 02:35:33 | INFO | src.tmc_shapley_islands | Add-curve (mean): 11 islands, n=2994 -> corr=0.1747
2026-03-03 02:35:36 | INFO | src.tmc_shapley_islands | Add-curve (mean): 12 islands, n=4072 -> corr=0.1712
2026-03-03 02:35:38 | INFO | src.tmc_shapley_islands | Add-curve (mean): 13 islands, n=4655 -> corr=0.1826
2026-03-03 02:35:40 | INFO | src.tmc_shapley_islands | Add-curve (mean): 14 islands, n=5239 -> corr=0.1958
2026-03-03 02:35:43 | INFO | src.tmc_shapley_islands | Add-curve (mean): 15 islands, n=5531 -> corr=0.1759
2026-03-03 02:35:52 | INFO | src.tmc_shapley_islands | Random individual add-curve (seed=0) complete
2026-03-03 02:36:04 | INFO | src.tmc_shapley_islands | Random individual add-curve (seed=1) complete
2026-03-03 02:36:13 | INFO | src.tmc_shapley_islands | Random individual add-curve (seed=2) complete
2026-03-03 02:36:22 | INFO | src.tmc_shapley_islands | Random individual add-curve (seed=3) complete
2026-03-03 02:36:31 | INFO | src.tmc_shapley_islands | Random individual add-curve (seed=4) complete
2026-03-03 02:36:31 | INFO | src.tmc_shapley_islands | Building mirrored remove-islands curve from add-islands curve...
2026-03-03 02:36:31 | INFO | src.tmc_shapley_islands | Saved Shapley values to outputs/tmc_shapley_sweep2_2/shards/shard_004/tmp/shapley_island_values_target_9.csv
2026-03-03 02:36:31 | INFO | src.tmc_shapley_islands | Saved summary to outputs/tmc_shapley_sweep2_2/shards/shard_004/tmp/tmc_summary_target_9.json
2026-03-03 02:36:31 | INFO | src.tmc_shapley_islands | Saved intermediate ranking trace to outputs/tmc_shapley_sweep2_2/shards/shard_004/tmp/tmc_intermediate_rankings_target_9.csv
2026-03-03 02:36:31 | INFO | src.tmc_shapley_islands | Saved add-curve to outputs/tmc_shapley_sweep2_2/shards/shard_004/tmp/add_curve_target_9.csv
2026-03-03 02:36:31 | INFO | src.tmc_shapley_islands | Saved remove-curve to outputs/tmc_shapley_sweep2_2/shards/shard_004/tmp/remove_curve_target_9.csv
2026-03-03 02:36:32 | INFO | src.tmc_shapley_islands | Saved bar plot to outputs/tmc_shapley_sweep2_2/shards/shard_004/tmp/shapley_bar_target_9.png
2026-03-03 02:36:32 | INFO | src.tmc_shapley_islands | Saved add-curve plot to outputs/tmc_shapley_sweep2_2/shards/shard_004/tmp/add_curve_target_9.png
2026-03-03 02:36:33 | INFO | src.tmc_shapley_islands | Saved remove-curve plot to outputs/tmc_shapley_sweep2_2/shards/shard_004/tmp/remove_curve_target_9.png
2026-03-03 02:36:33 | INFO | __main__ | Shard 4/5 progress 34/50 | target=9 cal=0.200 perm=25 repeat=9
2026-03-03 02:36:33 | INFO | src.tmc_shapley_islands | [Shapley] Target island: 9 (Sleneset), source islands: 15
2026-03-03 02:36:33 | INFO | src.tmc_shapley_islands | Data: source=5531 (across 15 islands), cal=33, test=125
2026-03-03 02:36:33 | INFO | src.tmc_shapley_islands | SNP selection: using fixed precomputed subset (n=20000)
2026-03-03 02:36:33 | INFO | src.tmc_shapley_islands | Island counts (capped to None in training):
  Nesøy: n=119
  Myken: n=92
  Træna: n=292
  Selvær: n=194
  Gjerøy: n=558
  Hestmannøy: n=1078
  Indre Kvarøy: n=356
  Onøy og Lurøy: n=259
  Lovund: n=158
  Aldra: n=173
  Southern 1: n=583
  Southern 2: n=397
  Southern 3: n=584
  Southern 4: n=486
  Southern 5: n=202
2026-03-03 02:36:33 | INFO | src.tmc_shapley_islands | Loaded 134 cached utilities from outputs/tmc_shapley_sweep2_2/cache/utility_cache_target_9_seed_1382054110.json
2026-03-03 02:36:33 | INFO | src.tmc_shapley_islands | Running TMC-Shapley with 25 permutations (utility on cal set)...
2026-03-03 02:36:33 | INFO | src.tmc_shapley_islands | Computing V_full over all 15 source islands...
2026-03-03 02:36:33 | INFO | src.tmc_shapley_islands | V_full = 0.1377
2026-03-03 02:36:34 | INFO | src.tmc_shapley_islands | TMC head-start: loaded 10 completed permutations from state outputs/tmc_shapley_sweep2_2/cache/tmc_perm_state_target_9_seed_1382054110.json
2026-03-03 02:38:07 | INFO | src.tmc_shapley_islands | TMC progress: 15/25 permutations done, cache hit rate: 13.2%, n_evals: 66
2026-03-03 02:39:12 | INFO | src.tmc_shapley_islands | TMC progress: 20/25 permutations done, cache hit rate: 17.2%, n_evals: 125
2026-03-03 02:40:21 | INFO | src.tmc_shapley_islands | TMC progress: 25/25 permutations done, cache hit rate: 18.6%, n_evals: 184
2026-03-03 02:40:21 | INFO | src.tmc_shapley_islands | TMC complete: 25 permutations, 0 truncated, 184 utility evals, cache hit rate: 18.6%
2026-03-03 02:40:21 | INFO | src.tmc_shapley_islands | Shapley values (phi, computed on cal set):
2026-03-03 02:40:21 | INFO | src.tmc_shapley_islands |   Nesøy: phi=0.058362, phi/n=0.00049044
2026-03-03 02:40:21 | INFO | src.tmc_shapley_islands |   Myken: phi=0.123418, phi/n=0.00134150
2026-03-03 02:40:21 | INFO | src.tmc_shapley_islands |   Træna: phi=-0.053544, phi/n=-0.00018337
2026-03-03 02:40:21 | INFO | src.tmc_shapley_islands |   Selvær: phi=0.027172, phi/n=0.00014006
2026-03-03 02:40:21 | INFO | src.tmc_shapley_islands |   Gjerøy: phi=-0.143392, phi/n=-0.00025698
2026-03-03 02:40:21 | INFO | src.tmc_shapley_islands |   Hestmannøy: phi=0.154111, phi/n=0.00014296
2026-03-03 02:40:21 | INFO | src.tmc_shapley_islands |   Indre Kvarøy: phi=0.078416, phi/n=0.00022027
2026-03-03 02:40:21 | INFO | src.tmc_shapley_islands |   Onøy og Lurøy: phi=-0.050721, phi/n=-0.00019584
2026-03-03 02:40:21 | INFO | src.tmc_shapley_islands |   Lovund: phi=0.146207, phi/n=0.00092536
2026-03-03 02:40:21 | INFO | src.tmc_shapley_islands |   Aldra: phi=-0.005044, phi/n=-0.00002916
2026-03-03 02:40:21 | INFO | src.tmc_shapley_islands |   Southern 1: phi=0.010956, phi/n=0.00001879
2026-03-03 02:40:21 | INFO | src.tmc_shapley_islands |   Southern 2: phi=-0.125338, phi/n=-0.00031571
2026-03-03 02:40:21 | INFO | src.tmc_shapley_islands |   Southern 3: phi=-0.092241, phi/n=-0.00015795
2026-03-03 02:40:21 | INFO | src.tmc_shapley_islands |   Southern 4: phi=-0.033366, phi/n=-0.00006865
2026-03-03 02:40:21 | INFO | src.tmc_shapley_islands |   Southern 5: phi=0.042674, phi/n=0.00021126
2026-03-03 02:40:21 | INFO | src.tmc_shapley_islands | Curve retraining early stopping: enabled=True, patience=20
2026-03-03 02:40:21 | INFO | src.tmc_shapley_islands | Computing add-islands curve (evaluated on test set)...
2026-03-03 02:40:21 | INFO | src.tmc_shapley_islands | Add-curve (mean): 1 islands, n=92 -> corr=0.1297
2026-03-03 02:40:21 | INFO | src.tmc_shapley_islands | Add-curve (mean): 2 islands, n=250 -> corr=0.1211
2026-03-03 02:40:21 | INFO | src.tmc_shapley_islands | Add-curve (mean): 3 islands, n=369 -> corr=0.1555
2026-03-03 02:40:21 | INFO | src.tmc_shapley_islands | Add-curve (mean): 4 islands, n=725 -> corr=0.1616
2026-03-03 02:40:21 | INFO | src.tmc_shapley_islands | Add-curve (mean): 5 islands, n=927 -> corr=0.1603
2026-03-03 02:40:22 | INFO | src.tmc_shapley_islands | Add-curve (mean): 6 islands, n=2005 -> corr=0.1002
2026-03-03 02:40:23 | INFO | src.tmc_shapley_islands | Add-curve (mean): 7 islands, n=2199 -> corr=0.1077
2026-03-03 02:40:24 | INFO | src.tmc_shapley_islands | Add-curve (mean): 8 islands, n=2782 -> corr=0.1054
2026-03-03 02:40:25 | INFO | src.tmc_shapley_islands | Add-curve (mean): 9 islands, n=2955 -> corr=0.1227
2026-03-03 02:40:26 | INFO | src.tmc_shapley_islands | Add-curve (mean): 10 islands, n=3441 -> corr=0.1511
2026-03-03 02:40:28 | INFO | src.tmc_shapley_islands | Add-curve (mean): 11 islands, n=4025 -> corr=0.1684
2026-03-03 02:40:29 | INFO | src.tmc_shapley_islands | Add-curve (mean): 12 islands, n=4317 -> corr=0.1443
2026-03-03 02:40:31 | INFO | src.tmc_shapley_islands | Add-curve (mean): 13 islands, n=4576 -> corr=0.1858
2026-03-03 02:40:33 | INFO | src.tmc_shapley_islands | Add-curve (mean): 14 islands, n=5134 -> corr=0.1472
2026-03-03 02:40:35 | INFO | src.tmc_shapley_islands | Add-curve (mean): 15 islands, n=5531 -> corr=0.1577
2026-03-03 02:40:47 | INFO | src.tmc_shapley_islands | Random individual add-curve (seed=0) complete
2026-03-03 02:40:57 | INFO | src.tmc_shapley_islands | Random individual add-curve (seed=1) complete
2026-03-03 02:41:09 | INFO | src.tmc_shapley_islands | Random individual add-curve (seed=2) complete
2026-03-03 02:41:19 | INFO | src.tmc_shapley_islands | Random individual add-curve (seed=3) complete
2026-03-03 02:41:29 | INFO | src.tmc_shapley_islands | Random individual add-curve (seed=4) complete
2026-03-03 02:41:29 | INFO | src.tmc_shapley_islands | Building mirrored remove-islands curve from add-islands curve...
2026-03-03 02:41:29 | INFO | src.tmc_shapley_islands | Saved Shapley values to outputs/tmc_shapley_sweep2_2/shards/shard_004/tmp/shapley_island_values_target_9.csv
2026-03-03 02:41:29 | INFO | src.tmc_shapley_islands | Saved summary to outputs/tmc_shapley_sweep2_2/shards/shard_004/tmp/tmc_summary_target_9.json
2026-03-03 02:41:29 | INFO | src.tmc_shapley_islands | Saved intermediate ranking trace to outputs/tmc_shapley_sweep2_2/shards/shard_004/tmp/tmc_intermediate_rankings_target_9.csv
2026-03-03 02:41:29 | INFO | src.tmc_shapley_islands | Saved add-curve to outputs/tmc_shapley_sweep2_2/shards/shard_004/tmp/add_curve_target_9.csv
2026-03-03 02:41:29 | INFO | src.tmc_shapley_islands | Saved remove-curve to outputs/tmc_shapley_sweep2_2/shards/shard_004/tmp/remove_curve_target_9.csv
2026-03-03 02:41:30 | INFO | src.tmc_shapley_islands | Saved bar plot to outputs/tmc_shapley_sweep2_2/shards/shard_004/tmp/shapley_bar_target_9.png
2026-03-03 02:41:30 | INFO | src.tmc_shapley_islands | Saved add-curve plot to outputs/tmc_shapley_sweep2_2/shards/shard_004/tmp/add_curve_target_9.png
2026-03-03 02:41:31 | INFO | src.tmc_shapley_islands | Saved remove-curve plot to outputs/tmc_shapley_sweep2_2/shards/shard_004/tmp/remove_curve_target_9.png
2026-03-03 02:41:31 | INFO | __main__ | Shard 4/5 progress 35/50 | target=9 cal=0.200 perm=50 repeat=4
2026-03-03 02:41:31 | INFO | src.tmc_shapley_islands | [Shapley] Target island: 9 (Sleneset), source islands: 15
2026-03-03 02:41:31 | INFO | src.tmc_shapley_islands | Data: source=5531 (across 15 islands), cal=33, test=125
2026-03-03 02:41:31 | INFO | src.tmc_shapley_islands | SNP selection: using fixed precomputed subset (n=20000)
2026-03-03 02:41:31 | INFO | src.tmc_shapley_islands | Island counts (capped to None in training):
  Nesøy: n=119
  Myken: n=92
  Træna: n=292
  Selvær: n=194
  Gjerøy: n=558
  Hestmannøy: n=1078
  Indre Kvarøy: n=356
  Onøy og Lurøy: n=259
  Lovund: n=158
  Aldra: n=173
  Southern 1: n=583
  Southern 2: n=397
  Southern 3: n=584
  Southern 4: n=486
  Southern 5: n=202
2026-03-03 02:41:31 | INFO | src.tmc_shapley_islands | Loaded 319 cached utilities from outputs/tmc_shapley_sweep2_2/cache/utility_cache_target_9_seed_464676702.json
2026-03-03 02:41:31 | INFO | src.tmc_shapley_islands | Running TMC-Shapley with 50 permutations (utility on cal set)...
2026-03-03 02:41:31 | INFO | src.tmc_shapley_islands | Computing V_full over all 15 source islands...
2026-03-03 02:41:31 | INFO | src.tmc_shapley_islands | V_full = 0.0598
2026-03-03 02:41:31 | INFO | src.tmc_shapley_islands | TMC head-start: loaded 25 completed permutations from state outputs/tmc_shapley_sweep2_2/cache/tmc_perm_state_target_9_seed_464676702.json
2026-03-03 02:42:41 | INFO | src.tmc_shapley_islands | TMC progress: 30/50 permutations done, cache hit rate: 25.0%, n_evals: 57
2026-03-03 02:45:12 | INFO | src.tmc_shapley_islands | TMC progress: 40/50 permutations done, cache hit rate: 24.8%, n_evals: 170
2026-03-03 02:47:15 | INFO | src.tmc_shapley_islands | TMC progress: 50/50 permutations done, cache hit rate: 25.0%, n_evals: 282
2026-03-03 02:47:15 | INFO | src.tmc_shapley_islands | TMC complete: 50 permutations, 0 truncated, 282 utility evals, cache hit rate: 25.0%
2026-03-03 02:47:15 | INFO | src.tmc_shapley_islands | Shapley values (phi, computed on cal set):
2026-03-03 02:47:15 | INFO | src.tmc_shapley_islands |   Nesøy: phi=0.071230, phi/n=0.00059857
2026-03-03 02:47:15 | INFO | src.tmc_shapley_islands |   Myken: phi=0.046335, phi/n=0.00050364
2026-03-03 02:47:15 | INFO | src.tmc_shapley_islands |   Træna: phi=-0.079066, phi/n=-0.00027078
2026-03-03 02:47:15 | INFO | src.tmc_shapley_islands |   Selvær: phi=0.040493, phi/n=0.00020873
2026-03-03 02:47:15 | INFO | src.tmc_shapley_islands |   Gjerøy: phi=-0.005491, phi/n=-0.00000984
2026-03-03 02:47:15 | INFO | src.tmc_shapley_islands |   Hestmannøy: phi=-0.072400, phi/n=-0.00006716
2026-03-03 02:47:15 | INFO | src.tmc_shapley_islands |   Indre Kvarøy: phi=0.024660, phi/n=0.00006927
2026-03-03 02:47:15 | INFO | src.tmc_shapley_islands |   Onøy og Lurøy: phi=0.124164, phi/n=0.00047940
2026-03-03 02:47:15 | INFO | src.tmc_shapley_islands |   Lovund: phi=0.058481, phi/n=0.00037013
2026-03-03 02:47:15 | INFO | src.tmc_shapley_islands |   Aldra: phi=-0.002545, phi/n=-0.00001471
2026-03-03 02:47:15 | INFO | src.tmc_shapley_islands |   Southern 1: phi=-0.083673, phi/n=-0.00014352
2026-03-03 02:47:15 | INFO | src.tmc_shapley_islands |   Southern 2: phi=-0.024468, phi/n=-0.00006163
2026-03-03 02:47:15 | INFO | src.tmc_shapley_islands |   Southern 3: phi=-0.097865, phi/n=-0.00016758
2026-03-03 02:47:15 | INFO | src.tmc_shapley_islands |   Southern 4: phi=0.011300, phi/n=0.00002325
2026-03-03 02:47:15 | INFO | src.tmc_shapley_islands |   Southern 5: phi=0.048617, phi/n=0.00024068
2026-03-03 02:47:15 | INFO | src.tmc_shapley_islands | Curve retraining early stopping: enabled=True, patience=20
2026-03-03 02:47:15 | INFO | src.tmc_shapley_islands | Computing add-islands curve (evaluated on test set)...
2026-03-03 02:47:15 | INFO | src.tmc_shapley_islands | Add-curve (mean): 1 islands, n=119 -> corr=0.1446
2026-03-03 02:47:15 | INFO | src.tmc_shapley_islands | Add-curve (mean): 2 islands, n=211 -> corr=0.2325
2026-03-03 02:47:15 | INFO | src.tmc_shapley_islands | Add-curve (mean): 3 islands, n=470 -> corr=0.1853
2026-03-03 02:47:15 | INFO | src.tmc_shapley_islands | Add-curve (mean): 4 islands, n=628 -> corr=0.1990
2026-03-03 02:47:16 | INFO | src.tmc_shapley_islands | Add-curve (mean): 5 islands, n=830 -> corr=0.1967
2026-03-03 02:47:16 | INFO | src.tmc_shapley_islands | Add-curve (mean): 6 islands, n=1024 -> corr=0.2102
2026-03-03 02:47:17 | INFO | src.tmc_shapley_islands | Add-curve (mean): 7 islands, n=1380 -> corr=0.2265
2026-03-03 02:47:17 | INFO | src.tmc_shapley_islands | Add-curve (mean): 8 islands, n=1866 -> corr=0.2461
2026-03-03 02:47:18 | INFO | src.tmc_shapley_islands | Add-curve (mean): 9 islands, n=2424 -> corr=0.1705
2026-03-03 02:47:19 | INFO | src.tmc_shapley_islands | Add-curve (mean): 10 islands, n=2597 -> corr=0.1821
2026-03-03 02:47:20 | INFO | src.tmc_shapley_islands | Add-curve (mean): 11 islands, n=2994 -> corr=0.1747
2026-03-03 02:47:22 | INFO | src.tmc_shapley_islands | Add-curve (mean): 12 islands, n=4072 -> corr=0.1712
2026-03-03 02:47:24 | INFO | src.tmc_shapley_islands | Add-curve (mean): 13 islands, n=4655 -> corr=0.1826
2026-03-03 02:47:26 | INFO | src.tmc_shapley_islands | Add-curve (mean): 14 islands, n=5239 -> corr=0.1958
2026-03-03 02:47:28 | INFO | src.tmc_shapley_islands | Add-curve (mean): 15 islands, n=5531 -> corr=0.1759
2026-03-03 02:47:37 | INFO | src.tmc_shapley_islands | Random individual add-curve (seed=0) complete
2026-03-03 02:47:48 | INFO | src.tmc_shapley_islands | Random individual add-curve (seed=1) complete
2026-03-03 02:47:58 | INFO | src.tmc_shapley_islands | Random individual add-curve (seed=2) complete
2026-03-03 02:48:11 | INFO | src.tmc_shapley_islands | Random individual add-curve (seed=3) complete
2026-03-03 02:48:21 | INFO | src.tmc_shapley_islands | Random individual add-curve (seed=4) complete
2026-03-03 02:48:21 | INFO | src.tmc_shapley_islands | Building mirrored remove-islands curve from add-islands curve...
2026-03-03 02:48:21 | INFO | src.tmc_shapley_islands | Saved Shapley values to outputs/tmc_shapley_sweep2_2/shards/shard_004/tmp/shapley_island_values_target_9.csv
2026-03-03 02:48:21 | INFO | src.tmc_shapley_islands | Saved summary to outputs/tmc_shapley_sweep2_2/shards/shard_004/tmp/tmc_summary_target_9.json
2026-03-03 02:48:21 | INFO | src.tmc_shapley_islands | Saved intermediate ranking trace to outputs/tmc_shapley_sweep2_2/shards/shard_004/tmp/tmc_intermediate_rankings_target_9.csv
2026-03-03 02:48:21 | INFO | src.tmc_shapley_islands | Saved add-curve to outputs/tmc_shapley_sweep2_2/shards/shard_004/tmp/add_curve_target_9.csv
2026-03-03 02:48:21 | INFO | src.tmc_shapley_islands | Saved remove-curve to outputs/tmc_shapley_sweep2_2/shards/shard_004/tmp/remove_curve_target_9.csv
2026-03-03 02:48:22 | INFO | src.tmc_shapley_islands | Saved bar plot to outputs/tmc_shapley_sweep2_2/shards/shard_004/tmp/shapley_bar_target_9.png
2026-03-03 02:48:22 | INFO | src.tmc_shapley_islands | Saved add-curve plot to outputs/tmc_shapley_sweep2_2/shards/shard_004/tmp/add_curve_target_9.png
2026-03-03 02:48:22 | INFO | src.tmc_shapley_islands | Saved remove-curve plot to outputs/tmc_shapley_sweep2_2/shards/shard_004/tmp/remove_curve_target_9.png
2026-03-03 02:48:22 | INFO | __main__ | Shard 4/5 progress 36/50 | target=9 cal=0.200 perm=50 repeat=9
2026-03-03 02:48:22 | INFO | src.tmc_shapley_islands | [Shapley] Target island: 9 (Sleneset), source islands: 15
2026-03-03 02:48:23 | INFO | src.tmc_shapley_islands | Data: source=5531 (across 15 islands), cal=33, test=125
2026-03-03 02:48:23 | INFO | src.tmc_shapley_islands | SNP selection: using fixed precomputed subset (n=20000)
2026-03-03 02:48:23 | INFO | src.tmc_shapley_islands | Island counts (capped to None in training):
  Nesøy: n=119
  Myken: n=92
  Træna: n=292
  Selvær: n=194
  Gjerøy: n=558
  Hestmannøy: n=1078
  Indre Kvarøy: n=356
  Onøy og Lurøy: n=259
  Lovund: n=158
  Aldra: n=173
  Southern 1: n=583
  Southern 2: n=397
  Southern 3: n=584
  Southern 4: n=486
  Southern 5: n=202
2026-03-03 02:48:23 | INFO | src.tmc_shapley_islands | Loaded 318 cached utilities from outputs/tmc_shapley_sweep2_2/cache/utility_cache_target_9_seed_1382054110.json
2026-03-03 02:48:23 | INFO | src.tmc_shapley_islands | Running TMC-Shapley with 50 permutations (utility on cal set)...
2026-03-03 02:48:23 | INFO | src.tmc_shapley_islands | Computing V_full over all 15 source islands...
2026-03-03 02:48:23 | INFO | src.tmc_shapley_islands | V_full = 0.1377
2026-03-03 02:48:23 | INFO | src.tmc_shapley_islands | TMC head-start: loaded 25 completed permutations from state outputs/tmc_shapley_sweep2_2/cache/tmc_perm_state_target_9_seed_1382054110.json
2026-03-03 02:49:48 | INFO | src.tmc_shapley_islands | TMC progress: 30/50 permutations done, cache hit rate: 27.6%, n_evals: 55
2026-03-03 02:51:51 | INFO | src.tmc_shapley_islands | TMC progress: 40/50 permutations done, cache hit rate: 24.8%, n_evals: 170
2026-03-03 02:54:01 | INFO | src.tmc_shapley_islands | TMC progress: 50/50 permutations done, cache hit rate: 25.3%, n_evals: 281
2026-03-03 02:54:01 | INFO | src.tmc_shapley_islands | TMC complete: 50 permutations, 0 truncated, 281 utility evals, cache hit rate: 25.3%
2026-03-03 02:54:01 | INFO | src.tmc_shapley_islands | Shapley values (phi, computed on cal set):
2026-03-03 02:54:01 | INFO | src.tmc_shapley_islands |   Nesøy: phi=0.054598, phi/n=0.00045880
2026-03-03 02:54:01 | INFO | src.tmc_shapley_islands |   Myken: phi=0.124129, phi/n=0.00134922
2026-03-03 02:54:01 | INFO | src.tmc_shapley_islands |   Træna: phi=-0.054673, phi/n=-0.00018723
2026-03-03 02:54:01 | INFO | src.tmc_shapley_islands |   Selvær: phi=0.024699, phi/n=0.00012732
2026-03-03 02:54:01 | INFO | src.tmc_shapley_islands |   Gjerøy: phi=-0.128029, phi/n=-0.00022944
2026-03-03 02:54:01 | INFO | src.tmc_shapley_islands |   Hestmannøy: phi=0.157156, phi/n=0.00014579
2026-03-03 02:54:01 | INFO | src.tmc_shapley_islands |   Indre Kvarøy: phi=0.078591, phi/n=0.00022076
2026-03-03 02:54:01 | INFO | src.tmc_shapley_islands |   Onøy og Lurøy: phi=-0.049211, phi/n=-0.00019000
2026-03-03 02:54:01 | INFO | src.tmc_shapley_islands |   Lovund: phi=0.145681, phi/n=0.00092203
2026-03-03 02:54:01 | INFO | src.tmc_shapley_islands |   Aldra: phi=-0.006614, phi/n=-0.00003823
2026-03-03 02:54:01 | INFO | src.tmc_shapley_islands |   Southern 1: phi=0.015922, phi/n=0.00002731
2026-03-03 02:54:01 | INFO | src.tmc_shapley_islands |   Southern 2: phi=-0.142520, phi/n=-0.00035899
2026-03-03 02:54:01 | INFO | src.tmc_shapley_islands |   Southern 3: phi=-0.095380, phi/n=-0.00016332
2026-03-03 02:54:01 | INFO | src.tmc_shapley_islands |   Southern 4: phi=-0.034096, phi/n=-0.00007016
2026-03-03 02:54:01 | INFO | src.tmc_shapley_islands |   Southern 5: phi=0.047416, phi/n=0.00023473
2026-03-03 02:54:01 | INFO | src.tmc_shapley_islands | Curve retraining early stopping: enabled=True, patience=20
2026-03-03 02:54:01 | INFO | src.tmc_shapley_islands | Computing add-islands curve (evaluated on test set)...
2026-03-03 02:54:01 | INFO | src.tmc_shapley_islands | Add-curve (mean): 1 islands, n=92 -> corr=0.1297
2026-03-03 02:54:02 | INFO | src.tmc_shapley_islands | Add-curve (mean): 2 islands, n=250 -> corr=0.1211
2026-03-03 02:54:02 | INFO | src.tmc_shapley_islands | Add-curve (mean): 3 islands, n=369 -> corr=0.1555
2026-03-03 02:54:02 | INFO | src.tmc_shapley_islands | Add-curve (mean): 4 islands, n=571 -> corr=0.1483
2026-03-03 02:54:02 | INFO | src.tmc_shapley_islands | Add-curve (mean): 5 islands, n=927 -> corr=0.1603
2026-03-03 02:54:03 | INFO | src.tmc_shapley_islands | Add-curve (mean): 6 islands, n=2005 -> corr=0.1002
2026-03-03 02:54:04 | INFO | src.tmc_shapley_islands | Add-curve (mean): 7 islands, n=2199 -> corr=0.1077
2026-03-03 02:54:05 | INFO | src.tmc_shapley_islands | Add-curve (mean): 8 islands, n=2782 -> corr=0.1054
2026-03-03 02:54:06 | INFO | src.tmc_shapley_islands | Add-curve (mean): 9 islands, n=2955 -> corr=0.1227
2026-03-03 02:54:07 | INFO | src.tmc_shapley_islands | Add-curve (mean): 10 islands, n=3441 -> corr=0.1511
2026-03-03 02:54:08 | INFO | src.tmc_shapley_islands | Add-curve (mean): 11 islands, n=4025 -> corr=0.1684
2026-03-03 02:54:10 | INFO | src.tmc_shapley_islands | Add-curve (mean): 12 islands, n=4317 -> corr=0.1443
2026-03-03 02:54:12 | INFO | src.tmc_shapley_islands | Add-curve (mean): 13 islands, n=4576 -> corr=0.1858
2026-03-03 02:54:14 | INFO | src.tmc_shapley_islands | Add-curve (mean): 14 islands, n=5134 -> corr=0.1472
2026-03-03 02:54:17 | INFO | src.tmc_shapley_islands | Add-curve (mean): 15 islands, n=5531 -> corr=0.1577
2026-03-03 02:54:27 | INFO | src.tmc_shapley_islands | Random individual add-curve (seed=0) complete
2026-03-03 02:54:39 | INFO | src.tmc_shapley_islands | Random individual add-curve (seed=1) complete
2026-03-03 02:54:50 | INFO | src.tmc_shapley_islands | Random individual add-curve (seed=2) complete
2026-03-03 02:55:02 | INFO | src.tmc_shapley_islands | Random individual add-curve (seed=3) complete
2026-03-03 02:55:13 | INFO | src.tmc_shapley_islands | Random individual add-curve (seed=4) complete
2026-03-03 02:55:13 | INFO | src.tmc_shapley_islands | Building mirrored remove-islands curve from add-islands curve...
2026-03-03 02:55:13 | INFO | src.tmc_shapley_islands | Saved Shapley values to outputs/tmc_shapley_sweep2_2/shards/shard_004/tmp/shapley_island_values_target_9.csv
2026-03-03 02:55:13 | INFO | src.tmc_shapley_islands | Saved summary to outputs/tmc_shapley_sweep2_2/shards/shard_004/tmp/tmc_summary_target_9.json
2026-03-03 02:55:13 | INFO | src.tmc_shapley_islands | Saved intermediate ranking trace to outputs/tmc_shapley_sweep2_2/shards/shard_004/tmp/tmc_intermediate_rankings_target_9.csv
2026-03-03 02:55:13 | INFO | src.tmc_shapley_islands | Saved add-curve to outputs/tmc_shapley_sweep2_2/shards/shard_004/tmp/add_curve_target_9.csv
2026-03-03 02:55:13 | INFO | src.tmc_shapley_islands | Saved remove-curve to outputs/tmc_shapley_sweep2_2/shards/shard_004/tmp/remove_curve_target_9.csv
2026-03-03 02:55:14 | INFO | src.tmc_shapley_islands | Saved bar plot to outputs/tmc_shapley_sweep2_2/shards/shard_004/tmp/shapley_bar_target_9.png
2026-03-03 02:55:14 | INFO | src.tmc_shapley_islands | Saved add-curve plot to outputs/tmc_shapley_sweep2_2/shards/shard_004/tmp/add_curve_target_9.png
2026-03-03 02:55:15 | INFO | src.tmc_shapley_islands | Saved remove-curve plot to outputs/tmc_shapley_sweep2_2/shards/shard_004/tmp/remove_curve_target_9.png
2026-03-03 02:55:15 | INFO | __main__ | Shard 4/5 progress 37/50 | target=9 cal=0.200 perm=75 repeat=4
2026-03-03 02:55:15 | INFO | src.tmc_shapley_islands | [Shapley] Target island: 9 (Sleneset), source islands: 15
2026-03-03 02:55:15 | INFO | src.tmc_shapley_islands | Data: source=5531 (across 15 islands), cal=33, test=125
2026-03-03 02:55:15 | INFO | src.tmc_shapley_islands | SNP selection: using fixed precomputed subset (n=20000)
2026-03-03 02:55:15 | INFO | src.tmc_shapley_islands | Island counts (capped to None in training):
  Nesøy: n=119
  Myken: n=92
  Træna: n=292
  Selvær: n=194
  Gjerøy: n=558
  Hestmannøy: n=1078
  Indre Kvarøy: n=356
  Onøy og Lurøy: n=259
  Lovund: n=158
  Aldra: n=173
  Southern 1: n=583
  Southern 2: n=397
  Southern 3: n=584
  Southern 4: n=486
  Southern 5: n=202
2026-03-03 02:55:15 | INFO | src.tmc_shapley_islands | Loaded 601 cached utilities from outputs/tmc_shapley_sweep2_2/cache/utility_cache_target_9_seed_464676702.json
2026-03-03 02:55:15 | INFO | src.tmc_shapley_islands | Running TMC-Shapley with 75 permutations (utility on cal set)...
2026-03-03 02:55:15 | INFO | src.tmc_shapley_islands | Computing V_full over all 15 source islands...
2026-03-03 02:55:15 | INFO | src.tmc_shapley_islands | V_full = 0.0598
2026-03-03 02:55:15 | INFO | src.tmc_shapley_islands | TMC head-start: loaded 50 completed permutations from state outputs/tmc_shapley_sweep2_2/cache/tmc_perm_state_target_9_seed_464676702.json
2026-03-03 02:57:04 | INFO | src.tmc_shapley_islands | TMC progress: 60/75 permutations done, cache hit rate: 30.5%, n_evals: 105
2026-03-03 03:00:09 | INFO | src.tmc_shapley_islands | TMC progress: 75/75 permutations done, cache hit rate: 30.1%, n_evals: 263
2026-03-03 03:00:09 | INFO | src.tmc_shapley_islands | TMC complete: 75 permutations, 0 truncated, 263 utility evals, cache hit rate: 30.1%
2026-03-03 03:00:09 | INFO | src.tmc_shapley_islands | Shapley values (phi, computed on cal set):
2026-03-03 03:00:09 | INFO | src.tmc_shapley_islands |   Nesøy: phi=0.076377, phi/n=0.00064183
2026-03-03 03:00:09 | INFO | src.tmc_shapley_islands |   Myken: phi=0.052072, phi/n=0.00056600
2026-03-03 03:00:09 | INFO | src.tmc_shapley_islands |   Træna: phi=-0.079493, phi/n=-0.00027224
2026-03-03 03:00:09 | INFO | src.tmc_shapley_islands |   Selvær: phi=0.039631, phi/n=0.00020428
2026-03-03 03:00:09 | INFO | src.tmc_shapley_islands |   Gjerøy: phi=-0.006468, phi/n=-0.00001159
2026-03-03 03:00:09 | INFO | src.tmc_shapley_islands |   Hestmannøy: phi=-0.069943, phi/n=-0.00006488
2026-03-03 03:00:09 | INFO | src.tmc_shapley_islands |   Indre Kvarøy: phi=0.021255, phi/n=0.00005971
2026-03-03 03:00:09 | INFO | src.tmc_shapley_islands |   Onøy og Lurøy: phi=0.125839, phi/n=0.00048587
2026-03-03 03:00:09 | INFO | src.tmc_shapley_islands |   Lovund: phi=0.058906, phi/n=0.00037282
2026-03-03 03:00:09 | INFO | src.tmc_shapley_islands |   Aldra: phi=-0.005548, phi/n=-0.00003207
2026-03-03 03:00:09 | INFO | src.tmc_shapley_islands |   Southern 1: phi=-0.081768, phi/n=-0.00014025
2026-03-03 03:00:09 | INFO | src.tmc_shapley_islands |   Southern 2: phi=-0.026328, phi/n=-0.00006632
2026-03-03 03:00:09 | INFO | src.tmc_shapley_islands |   Southern 3: phi=-0.101585, phi/n=-0.00017395
2026-03-03 03:00:09 | INFO | src.tmc_shapley_islands |   Southern 4: phi=0.010174, phi/n=0.00002093
2026-03-03 03:00:09 | INFO | src.tmc_shapley_islands |   Southern 5: phi=0.046651, phi/n=0.00023095
2026-03-03 03:00:09 | INFO | src.tmc_shapley_islands | Curve retraining early stopping: enabled=True, patience=20
2026-03-03 03:00:09 | INFO | src.tmc_shapley_islands | Computing add-islands curve (evaluated on test set)...
2026-03-03 03:00:09 | INFO | src.tmc_shapley_islands | Add-curve (mean): 1 islands, n=119 -> corr=0.1446
2026-03-03 03:00:09 | INFO | src.tmc_shapley_islands | Add-curve (mean): 2 islands, n=211 -> corr=0.2325
2026-03-03 03:00:09 | INFO | src.tmc_shapley_islands | Add-curve (mean): 3 islands, n=470 -> corr=0.1853
2026-03-03 03:00:10 | INFO | src.tmc_shapley_islands | Add-curve (mean): 4 islands, n=628 -> corr=0.1990
2026-03-03 03:00:10 | INFO | src.tmc_shapley_islands | Add-curve (mean): 5 islands, n=830 -> corr=0.1967
2026-03-03 03:00:10 | INFO | src.tmc_shapley_islands | Add-curve (mean): 6 islands, n=1024 -> corr=0.2102
2026-03-03 03:00:11 | INFO | src.tmc_shapley_islands | Add-curve (mean): 7 islands, n=1380 -> corr=0.2265
2026-03-03 03:00:11 | INFO | src.tmc_shapley_islands | Add-curve (mean): 8 islands, n=1866 -> corr=0.2461
2026-03-03 03:00:12 | INFO | src.tmc_shapley_islands | Add-curve (mean): 9 islands, n=2424 -> corr=0.1705
2026-03-03 03:00:13 | INFO | src.tmc_shapley_islands | Add-curve (mean): 10 islands, n=2597 -> corr=0.1821
2026-03-03 03:00:14 | INFO | src.tmc_shapley_islands | Add-curve (mean): 11 islands, n=3675 -> corr=0.1722
2026-03-03 03:00:16 | INFO | src.tmc_shapley_islands | Add-curve (mean): 12 islands, n=4072 -> corr=0.1712
2026-03-03 03:00:18 | INFO | src.tmc_shapley_islands | Add-curve (mean): 13 islands, n=4655 -> corr=0.1826
2026-03-03 03:00:20 | INFO | src.tmc_shapley_islands | Add-curve (mean): 14 islands, n=5239 -> corr=0.1958
2026-03-03 03:00:22 | INFO | src.tmc_shapley_islands | Add-curve (mean): 15 islands, n=5531 -> corr=0.1759
2026-03-03 03:00:35 | INFO | src.tmc_shapley_islands | Random individual add-curve (seed=0) complete
2026-03-03 03:00:45 | INFO | src.tmc_shapley_islands | Random individual add-curve (seed=1) complete
2026-03-03 03:00:54 | INFO | src.tmc_shapley_islands | Random individual add-curve (seed=2) complete
2026-03-03 03:01:06 | INFO | src.tmc_shapley_islands | Random individual add-curve (seed=3) complete
2026-03-03 03:01:18 | INFO | src.tmc_shapley_islands | Random individual add-curve (seed=4) complete
2026-03-03 03:01:18 | INFO | src.tmc_shapley_islands | Building mirrored remove-islands curve from add-islands curve...
2026-03-03 03:01:18 | INFO | src.tmc_shapley_islands | Saved Shapley values to outputs/tmc_shapley_sweep2_2/shards/shard_004/tmp/shapley_island_values_target_9.csv
2026-03-03 03:01:18 | INFO | src.tmc_shapley_islands | Saved summary to outputs/tmc_shapley_sweep2_2/shards/shard_004/tmp/tmc_summary_target_9.json
2026-03-03 03:01:18 | INFO | src.tmc_shapley_islands | Saved intermediate ranking trace to outputs/tmc_shapley_sweep2_2/shards/shard_004/tmp/tmc_intermediate_rankings_target_9.csv
2026-03-03 03:01:18 | INFO | src.tmc_shapley_islands | Saved add-curve to outputs/tmc_shapley_sweep2_2/shards/shard_004/tmp/add_curve_target_9.csv
2026-03-03 03:01:18 | INFO | src.tmc_shapley_islands | Saved remove-curve to outputs/tmc_shapley_sweep2_2/shards/shard_004/tmp/remove_curve_target_9.csv
2026-03-03 03:01:18 | INFO | src.tmc_shapley_islands | Saved bar plot to outputs/tmc_shapley_sweep2_2/shards/shard_004/tmp/shapley_bar_target_9.png
2026-03-03 03:01:19 | INFO | src.tmc_shapley_islands | Saved add-curve plot to outputs/tmc_shapley_sweep2_2/shards/shard_004/tmp/add_curve_target_9.png
2026-03-03 03:01:19 | INFO | src.tmc_shapley_islands | Saved remove-curve plot to outputs/tmc_shapley_sweep2_2/shards/shard_004/tmp/remove_curve_target_9.png
2026-03-03 03:01:19 | INFO | __main__ | Shard 4/5 progress 38/50 | target=9 cal=0.200 perm=75 repeat=9
2026-03-03 03:01:19 | INFO | src.tmc_shapley_islands | [Shapley] Target island: 9 (Sleneset), source islands: 15
2026-03-03 03:01:20 | INFO | src.tmc_shapley_islands | Data: source=5531 (across 15 islands), cal=33, test=125
2026-03-03 03:01:20 | INFO | src.tmc_shapley_islands | SNP selection: using fixed precomputed subset (n=20000)
2026-03-03 03:01:20 | INFO | src.tmc_shapley_islands | Island counts (capped to None in training):
  Nesøy: n=119
  Myken: n=92
  Træna: n=292
  Selvær: n=194
  Gjerøy: n=558
  Hestmannøy: n=1078
  Indre Kvarøy: n=356
  Onøy og Lurøy: n=259
  Lovund: n=158
  Aldra: n=173
  Southern 1: n=583
  Southern 2: n=397
  Southern 3: n=584
  Southern 4: n=486
  Southern 5: n=202
2026-03-03 03:01:20 | INFO | src.tmc_shapley_islands | Loaded 599 cached utilities from outputs/tmc_shapley_sweep2_2/cache/utility_cache_target_9_seed_1382054110.json
2026-03-03 03:01:20 | INFO | src.tmc_shapley_islands | Running TMC-Shapley with 75 permutations (utility on cal set)...
2026-03-03 03:01:20 | INFO | src.tmc_shapley_islands | Computing V_full over all 15 source islands...
2026-03-03 03:01:20 | INFO | src.tmc_shapley_islands | V_full = 0.1377
2026-03-03 03:01:20 | INFO | src.tmc_shapley_islands | TMC head-start: loaded 50 completed permutations from state outputs/tmc_shapley_sweep2_2/cache/tmc_perm_state_target_9_seed_1382054110.json
2026-03-03 03:03:33 | INFO | src.tmc_shapley_islands | TMC progress: 60/75 permutations done, cache hit rate: 27.2%, n_evals: 110
2026-03-03 03:06:02 | INFO | src.tmc_shapley_islands | TMC progress: 75/75 permutations done, cache hit rate: 28.5%, n_evals: 269
2026-03-03 03:06:02 | INFO | src.tmc_shapley_islands | TMC complete: 75 permutations, 0 truncated, 269 utility evals, cache hit rate: 28.5%
2026-03-03 03:06:02 | INFO | src.tmc_shapley_islands | Shapley values (phi, computed on cal set):
2026-03-03 03:06:02 | INFO | src.tmc_shapley_islands |   Nesøy: phi=0.053842, phi/n=0.00045246
2026-03-03 03:06:02 | INFO | src.tmc_shapley_islands |   Myken: phi=0.112108, phi/n=0.00121857
2026-03-03 03:06:02 | INFO | src.tmc_shapley_islands |   Træna: phi=-0.057043, phi/n=-0.00019535
2026-03-03 03:06:02 | INFO | src.tmc_shapley_islands |   Selvær: phi=0.025051, phi/n=0.00012913
2026-03-03 03:06:02 | INFO | src.tmc_shapley_islands |   Gjerøy: phi=-0.126019, phi/n=-0.00022584
2026-03-03 03:06:02 | INFO | src.tmc_shapley_islands |   Hestmannøy: phi=0.162850, phi/n=0.00015107
2026-03-03 03:06:02 | INFO | src.tmc_shapley_islands |   Indre Kvarøy: phi=0.082957, phi/n=0.00023303
2026-03-03 03:06:02 | INFO | src.tmc_shapley_islands |   Onøy og Lurøy: phi=-0.048518, phi/n=-0.00018733
2026-03-03 03:06:02 | INFO | src.tmc_shapley_islands |   Lovund: phi=0.156196, phi/n=0.00098858
2026-03-03 03:06:02 | INFO | src.tmc_shapley_islands |   Aldra: phi=-0.001807, phi/n=-0.00001045
2026-03-03 03:06:02 | INFO | src.tmc_shapley_islands |   Southern 1: phi=0.016953, phi/n=0.00002908
2026-03-03 03:06:02 | INFO | src.tmc_shapley_islands |   Southern 2: phi=-0.160017, phi/n=-0.00040306
2026-03-03 03:06:02 | INFO | src.tmc_shapley_islands |   Southern 3: phi=-0.089068, phi/n=-0.00015251
2026-03-03 03:06:02 | INFO | src.tmc_shapley_islands |   Southern 4: phi=-0.034830, phi/n=-0.00007167
2026-03-03 03:06:02 | INFO | src.tmc_shapley_islands |   Southern 5: phi=0.045012, phi/n=0.00022283
2026-03-03 03:06:02 | INFO | src.tmc_shapley_islands | Curve retraining early stopping: enabled=True, patience=20
2026-03-03 03:06:02 | INFO | src.tmc_shapley_islands | Computing add-islands curve (evaluated on test set)...
2026-03-03 03:06:02 | INFO | src.tmc_shapley_islands | Add-curve (mean): 1 islands, n=92 -> corr=0.1297
2026-03-03 03:06:02 | INFO | src.tmc_shapley_islands | Add-curve (mean): 2 islands, n=250 -> corr=0.1211
2026-03-03 03:06:03 | INFO | src.tmc_shapley_islands | Add-curve (mean): 3 islands, n=369 -> corr=0.1555
2026-03-03 03:06:03 | INFO | src.tmc_shapley_islands | Add-curve (mean): 4 islands, n=725 -> corr=0.1616
2026-03-03 03:06:03 | INFO | src.tmc_shapley_islands | Add-curve (mean): 5 islands, n=927 -> corr=0.1603
2026-03-03 03:06:04 | INFO | src.tmc_shapley_islands | Add-curve (mean): 6 islands, n=2005 -> corr=0.1002
2026-03-03 03:06:04 | INFO | src.tmc_shapley_islands | Add-curve (mean): 7 islands, n=2199 -> corr=0.1077
2026-03-03 03:06:06 | INFO | src.tmc_shapley_islands | Add-curve (mean): 8 islands, n=2782 -> corr=0.1054
2026-03-03 03:06:07 | INFO | src.tmc_shapley_islands | Add-curve (mean): 9 islands, n=2955 -> corr=0.1227
2026-03-03 03:06:08 | INFO | src.tmc_shapley_islands | Add-curve (mean): 10 islands, n=3441 -> corr=0.1511
2026-03-03 03:06:09 | INFO | src.tmc_shapley_islands | Add-curve (mean): 11 islands, n=4025 -> corr=0.1684
2026-03-03 03:06:11 | INFO | src.tmc_shapley_islands | Add-curve (mean): 12 islands, n=4284 -> corr=0.2134
2026-03-03 03:06:13 | INFO | src.tmc_shapley_islands | Add-curve (mean): 13 islands, n=4576 -> corr=0.1858
2026-03-03 03:06:15 | INFO | src.tmc_shapley_islands | Add-curve (mean): 14 islands, n=5134 -> corr=0.1472
2026-03-03 03:06:17 | INFO | src.tmc_shapley_islands | Add-curve (mean): 15 islands, n=5531 -> corr=0.1577
2026-03-03 03:06:27 | INFO | src.tmc_shapley_islands | Random individual add-curve (seed=0) complete
2026-03-03 03:06:39 | INFO | src.tmc_shapley_islands | Random individual add-curve (seed=1) complete
2026-03-03 03:06:51 | INFO | src.tmc_shapley_islands | Random individual add-curve (seed=2) complete
2026-03-03 03:07:05 | INFO | src.tmc_shapley_islands | Random individual add-curve (seed=3) complete
2026-03-03 03:07:16 | INFO | src.tmc_shapley_islands | Random individual add-curve (seed=4) complete
2026-03-03 03:07:16 | INFO | src.tmc_shapley_islands | Building mirrored remove-islands curve from add-islands curve...
2026-03-03 03:07:16 | INFO | src.tmc_shapley_islands | Saved Shapley values to outputs/tmc_shapley_sweep2_2/shards/shard_004/tmp/shapley_island_values_target_9.csv
2026-03-03 03:07:16 | INFO | src.tmc_shapley_islands | Saved summary to outputs/tmc_shapley_sweep2_2/shards/shard_004/tmp/tmc_summary_target_9.json
2026-03-03 03:07:16 | INFO | src.tmc_shapley_islands | Saved intermediate ranking trace to outputs/tmc_shapley_sweep2_2/shards/shard_004/tmp/tmc_intermediate_rankings_target_9.csv
2026-03-03 03:07:16 | INFO | src.tmc_shapley_islands | Saved add-curve to outputs/tmc_shapley_sweep2_2/shards/shard_004/tmp/add_curve_target_9.csv
2026-03-03 03:07:16 | INFO | src.tmc_shapley_islands | Saved remove-curve to outputs/tmc_shapley_sweep2_2/shards/shard_004/tmp/remove_curve_target_9.csv
2026-03-03 03:07:16 | INFO | src.tmc_shapley_islands | Saved bar plot to outputs/tmc_shapley_sweep2_2/shards/shard_004/tmp/shapley_bar_target_9.png
2026-03-03 03:07:17 | INFO | src.tmc_shapley_islands | Saved add-curve plot to outputs/tmc_shapley_sweep2_2/shards/shard_004/tmp/add_curve_target_9.png
2026-03-03 03:07:17 | INFO | src.tmc_shapley_islands | Saved remove-curve plot to outputs/tmc_shapley_sweep2_2/shards/shard_004/tmp/remove_curve_target_9.png
2026-03-03 03:07:17 | INFO | __main__ | Shard 4/5 progress 39/50 | target=9 cal=0.200 perm=100 repeat=4
2026-03-03 03:07:17 | INFO | src.tmc_shapley_islands | [Shapley] Target island: 9 (Sleneset), source islands: 15
2026-03-03 03:07:18 | INFO | src.tmc_shapley_islands | Data: source=5531 (across 15 islands), cal=33, test=125
2026-03-03 03:07:18 | INFO | src.tmc_shapley_islands | SNP selection: using fixed precomputed subset (n=20000)
2026-03-03 03:07:18 | INFO | src.tmc_shapley_islands | Island counts (capped to None in training):
  Nesøy: n=119
  Myken: n=92
  Træna: n=292
  Selvær: n=194
  Gjerøy: n=558
  Hestmannøy: n=1078
  Indre Kvarøy: n=356
  Onøy og Lurøy: n=259
  Lovund: n=158
  Aldra: n=173
  Southern 1: n=583
  Southern 2: n=397
  Southern 3: n=584
  Southern 4: n=486
  Southern 5: n=202
2026-03-03 03:07:18 | INFO | src.tmc_shapley_islands | Loaded 864 cached utilities from outputs/tmc_shapley_sweep2_2/cache/utility_cache_target_9_seed_464676702.json
2026-03-03 03:07:18 | INFO | src.tmc_shapley_islands | Running TMC-Shapley with 100 permutations (utility on cal set)...
2026-03-03 03:07:18 | INFO | src.tmc_shapley_islands | Computing V_full over all 15 source islands...
2026-03-03 03:07:18 | INFO | src.tmc_shapley_islands | V_full = 0.0598
2026-03-03 03:07:18 | INFO | src.tmc_shapley_islands | TMC head-start: loaded 75 completed permutations from state outputs/tmc_shapley_sweep2_2/cache/tmc_perm_state_target_9_seed_464676702.json
2026-03-03 03:08:17 | INFO | src.tmc_shapley_islands | TMC progress: 80/100 permutations done, cache hit rate: 28.9%, n_evals: 54
2026-03-03 03:11:57 | INFO | src.tmc_shapley_islands | TMC progress: 100/100 permutations done, cache hit rate: 31.9%, n_evals: 256
2026-03-03 03:11:57 | INFO | src.tmc_shapley_islands | TMC complete: 100 permutations, 0 truncated, 256 utility evals, cache hit rate: 31.9%
2026-03-03 03:11:57 | INFO | src.tmc_shapley_islands | Shapley values (phi, computed on cal set):
2026-03-03 03:11:57 | INFO | src.tmc_shapley_islands |   Nesøy: phi=0.077772, phi/n=0.00065355
2026-03-03 03:11:57 | INFO | src.tmc_shapley_islands |   Myken: phi=0.047805, phi/n=0.00051962
2026-03-03 03:11:57 | INFO | src.tmc_shapley_islands |   Træna: phi=-0.085999, phi/n=-0.00029452
2026-03-03 03:11:57 | INFO | src.tmc_shapley_islands |   Selvær: phi=0.038350, phi/n=0.00019768
2026-03-03 03:11:57 | INFO | src.tmc_shapley_islands |   Gjerøy: phi=-0.005110, phi/n=-0.00000916
2026-03-03 03:11:57 | INFO | src.tmc_shapley_islands |   Hestmannøy: phi=-0.067283, phi/n=-0.00006241
2026-03-03 03:11:57 | INFO | src.tmc_shapley_islands |   Indre Kvarøy: phi=0.020161, phi/n=0.00005663
2026-03-03 03:11:57 | INFO | src.tmc_shapley_islands |   Onøy og Lurøy: phi=0.127878, phi/n=0.00049374
2026-03-03 03:11:57 | INFO | src.tmc_shapley_islands |   Lovund: phi=0.058008, phi/n=0.00036714
2026-03-03 03:11:57 | INFO | src.tmc_shapley_islands |   Aldra: phi=-0.004358, phi/n=-0.00002519
2026-03-03 03:11:57 | INFO | src.tmc_shapley_islands |   Southern 1: phi=-0.078315, phi/n=-0.00013433
2026-03-03 03:11:57 | INFO | src.tmc_shapley_islands |   Southern 2: phi=-0.025533, phi/n=-0.00006431
2026-03-03 03:11:57 | INFO | src.tmc_shapley_islands |   Southern 3: phi=-0.100541, phi/n=-0.00017216
2026-03-03 03:11:57 | INFO | src.tmc_shapley_islands |   Southern 4: phi=0.009361, phi/n=0.00001926
2026-03-03 03:11:57 | INFO | src.tmc_shapley_islands |   Southern 5: phi=0.047574, phi/n=0.00023551
2026-03-03 03:11:57 | INFO | src.tmc_shapley_islands | Curve retraining early stopping: enabled=True, patience=20
2026-03-03 03:11:57 | INFO | src.tmc_shapley_islands | Computing add-islands curve (evaluated on test set)...
2026-03-03 03:11:57 | INFO | src.tmc_shapley_islands | Add-curve (mean): 1 islands, n=119 -> corr=0.1446
2026-03-03 03:11:57 | INFO | src.tmc_shapley_islands | Add-curve (mean): 2 islands, n=211 -> corr=0.2325
2026-03-03 03:11:57 | INFO | src.tmc_shapley_islands | Add-curve (mean): 3 islands, n=470 -> corr=0.1853
2026-03-03 03:11:58 | INFO | src.tmc_shapley_islands | Add-curve (mean): 4 islands, n=628 -> corr=0.1990
2026-03-03 03:11:58 | INFO | src.tmc_shapley_islands | Add-curve (mean): 5 islands, n=830 -> corr=0.1967
2026-03-03 03:11:58 | INFO | src.tmc_shapley_islands | Add-curve (mean): 6 islands, n=1024 -> corr=0.2102
2026-03-03 03:11:59 | INFO | src.tmc_shapley_islands | Add-curve (mean): 7 islands, n=1380 -> corr=0.2265
2026-03-03 03:11:59 | INFO | src.tmc_shapley_islands | Add-curve (mean): 8 islands, n=1866 -> corr=0.2461
2026-03-03 03:12:00 | INFO | src.tmc_shapley_islands | Add-curve (mean): 9 islands, n=2424 -> corr=0.1705
2026-03-03 03:12:01 | INFO | src.tmc_shapley_islands | Add-curve (mean): 10 islands, n=2597 -> corr=0.1821
2026-03-03 03:12:02 | INFO | src.tmc_shapley_islands | Add-curve (mean): 11 islands, n=3675 -> corr=0.1722
2026-03-03 03:12:04 | INFO | src.tmc_shapley_islands | Add-curve (mean): 12 islands, n=4072 -> corr=0.1712
2026-03-03 03:12:06 | INFO | src.tmc_shapley_islands | Add-curve (mean): 13 islands, n=4655 -> corr=0.1826
2026-03-03 03:12:08 | INFO | src.tmc_shapley_islands | Add-curve (mean): 14 islands, n=5239 -> corr=0.1958
2026-03-03 03:12:10 | INFO | src.tmc_shapley_islands | Add-curve (mean): 15 islands, n=5531 -> corr=0.1759
2026-03-03 03:12:19 | INFO | src.tmc_shapley_islands | Random individual add-curve (seed=0) complete
2026-03-03 03:12:31 | INFO | src.tmc_shapley_islands | Random individual add-curve (seed=1) complete
2026-03-03 03:12:46 | INFO | src.tmc_shapley_islands | Random individual add-curve (seed=2) complete
2026-03-03 03:12:55 | INFO | src.tmc_shapley_islands | Random individual add-curve (seed=3) complete
2026-03-03 03:13:05 | INFO | src.tmc_shapley_islands | Random individual add-curve (seed=4) complete
2026-03-03 03:13:05 | INFO | src.tmc_shapley_islands | Building mirrored remove-islands curve from add-islands curve...
2026-03-03 03:13:05 | INFO | src.tmc_shapley_islands | Saved Shapley values to outputs/tmc_shapley_sweep2_2/shards/shard_004/tmp/shapley_island_values_target_9.csv
2026-03-03 03:13:05 | INFO | src.tmc_shapley_islands | Saved summary to outputs/tmc_shapley_sweep2_2/shards/shard_004/tmp/tmc_summary_target_9.json
2026-03-03 03:13:05 | INFO | src.tmc_shapley_islands | Saved intermediate ranking trace to outputs/tmc_shapley_sweep2_2/shards/shard_004/tmp/tmc_intermediate_rankings_target_9.csv
2026-03-03 03:13:05 | INFO | src.tmc_shapley_islands | Saved add-curve to outputs/tmc_shapley_sweep2_2/shards/shard_004/tmp/add_curve_target_9.csv
2026-03-03 03:13:05 | INFO | src.tmc_shapley_islands | Saved remove-curve to outputs/tmc_shapley_sweep2_2/shards/shard_004/tmp/remove_curve_target_9.csv
2026-03-03 03:13:05 | INFO | src.tmc_shapley_islands | Saved bar plot to outputs/tmc_shapley_sweep2_2/shards/shard_004/tmp/shapley_bar_target_9.png
2026-03-03 03:13:06 | INFO | src.tmc_shapley_islands | Saved add-curve plot to outputs/tmc_shapley_sweep2_2/shards/shard_004/tmp/add_curve_target_9.png
2026-03-03 03:13:06 | INFO | src.tmc_shapley_islands | Saved remove-curve plot to outputs/tmc_shapley_sweep2_2/shards/shard_004/tmp/remove_curve_target_9.png
2026-03-03 03:13:06 | INFO | __main__ | Shard 4/5 progress 40/50 | target=9 cal=0.200 perm=100 repeat=9
2026-03-03 03:13:06 | INFO | src.tmc_shapley_islands | [Shapley] Target island: 9 (Sleneset), source islands: 15
2026-03-03 03:13:07 | INFO | src.tmc_shapley_islands | Data: source=5531 (across 15 islands), cal=33, test=125
2026-03-03 03:13:07 | INFO | src.tmc_shapley_islands | SNP selection: using fixed precomputed subset (n=20000)
2026-03-03 03:13:07 | INFO | src.tmc_shapley_islands | Island counts (capped to None in training):
  Nesøy: n=119
  Myken: n=92
  Træna: n=292
  Selvær: n=194
  Gjerøy: n=558
  Hestmannøy: n=1078
  Indre Kvarøy: n=356
  Onøy og Lurøy: n=259
  Lovund: n=158
  Aldra: n=173
  Southern 1: n=583
  Southern 2: n=397
  Southern 3: n=584
  Southern 4: n=486
  Southern 5: n=202
2026-03-03 03:13:07 | INFO | src.tmc_shapley_islands | Loaded 868 cached utilities from outputs/tmc_shapley_sweep2_2/cache/utility_cache_target_9_seed_1382054110.json
2026-03-03 03:13:07 | INFO | src.tmc_shapley_islands | Running TMC-Shapley with 100 permutations (utility on cal set)...
2026-03-03 03:13:07 | INFO | src.tmc_shapley_islands | Computing V_full over all 15 source islands...
2026-03-03 03:13:07 | INFO | src.tmc_shapley_islands | V_full = 0.1377
2026-03-03 03:13:07 | INFO | src.tmc_shapley_islands | TMC head-start: loaded 75 completed permutations from state outputs/tmc_shapley_sweep2_2/cache/tmc_perm_state_target_9_seed_1382054110.json
2026-03-03 03:14:06 | INFO | src.tmc_shapley_islands | TMC progress: 80/100 permutations done, cache hit rate: 32.9%, n_evals: 51
2026-03-03 03:18:53 | INFO | src.tmc_shapley_islands | TMC progress: 100/100 permutations done, cache hit rate: 33.2%, n_evals: 251
2026-03-03 03:18:53 | INFO | src.tmc_shapley_islands | TMC complete: 100 permutations, 0 truncated, 251 utility evals, cache hit rate: 33.2%
2026-03-03 03:18:53 | INFO | src.tmc_shapley_islands | Shapley values (phi, computed on cal set):
2026-03-03 03:18:53 | INFO | src.tmc_shapley_islands |   Nesøy: phi=0.055041, phi/n=0.00046253
2026-03-03 03:18:53 | INFO | src.tmc_shapley_islands |   Myken: phi=0.106328, phi/n=0.00115574
2026-03-03 03:18:53 | INFO | src.tmc_shapley_islands |   Træna: phi=-0.054959, phi/n=-0.00018822
2026-03-03 03:18:53 | INFO | src.tmc_shapley_islands |   Selvær: phi=0.024514, phi/n=0.00012636
2026-03-03 03:18:53 | INFO | src.tmc_shapley_islands |   Gjerøy: phi=-0.123891, phi/n=-0.00022203
2026-03-03 03:18:53 | INFO | src.tmc_shapley_islands |   Hestmannøy: phi=0.171796, phi/n=0.00015937
2026-03-03 03:18:53 | INFO | src.tmc_shapley_islands |   Indre Kvarøy: phi=0.079845, phi/n=0.00022428
2026-03-03 03:18:53 | INFO | src.tmc_shapley_islands |   Onøy og Lurøy: phi=-0.049712, phi/n=-0.00019194
2026-03-03 03:18:53 | INFO | src.tmc_shapley_islands |   Lovund: phi=0.156555, phi/n=0.00099086
2026-03-03 03:18:53 | INFO | src.tmc_shapley_islands |   Aldra: phi=-0.001294, phi/n=-0.00000748
2026-03-03 03:18:53 | INFO | src.tmc_shapley_islands |   Southern 1: phi=0.017264, phi/n=0.00002961
2026-03-03 03:18:53 | INFO | src.tmc_shapley_islands |   Southern 2: phi=-0.169250, phi/n=-0.00042632
2026-03-03 03:18:53 | INFO | src.tmc_shapley_islands |   Southern 3: phi=-0.087076, phi/n=-0.00014910
2026-03-03 03:18:53 | INFO | src.tmc_shapley_islands |   Southern 4: phi=-0.032182, phi/n=-0.00006622
2026-03-03 03:18:53 | INFO | src.tmc_shapley_islands |   Southern 5: phi=0.044688, phi/n=0.00022123
2026-03-03 03:18:53 | INFO | src.tmc_shapley_islands | Curve retraining early stopping: enabled=True, patience=20
2026-03-03 03:18:53 | INFO | src.tmc_shapley_islands | Computing add-islands curve (evaluated on test set)...
2026-03-03 03:18:53 | INFO | src.tmc_shapley_islands | Add-curve (mean): 1 islands, n=92 -> corr=0.1297
2026-03-03 03:18:53 | INFO | src.tmc_shapley_islands | Add-curve (mean): 2 islands, n=250 -> corr=0.1211
2026-03-03 03:18:53 | INFO | src.tmc_shapley_islands | Add-curve (mean): 3 islands, n=369 -> corr=0.1555
2026-03-03 03:18:53 | INFO | src.tmc_shapley_islands | Add-curve (mean): 4 islands, n=725 -> corr=0.1616
2026-03-03 03:18:53 | INFO | src.tmc_shapley_islands | Add-curve (mean): 5 islands, n=927 -> corr=0.1603
2026-03-03 03:18:54 | INFO | src.tmc_shapley_islands | Add-curve (mean): 6 islands, n=2005 -> corr=0.1002
2026-03-03 03:18:55 | INFO | src.tmc_shapley_islands | Add-curve (mean): 7 islands, n=2199 -> corr=0.1077
2026-03-03 03:18:56 | INFO | src.tmc_shapley_islands | Add-curve (mean): 8 islands, n=2782 -> corr=0.1054
2026-03-03 03:18:57 | INFO | src.tmc_shapley_islands | Add-curve (mean): 9 islands, n=2955 -> corr=0.1227
2026-03-03 03:18:58 | INFO | src.tmc_shapley_islands | Add-curve (mean): 10 islands, n=3441 -> corr=0.1511
2026-03-03 03:19:01 | INFO | src.tmc_shapley_islands | Add-curve (mean): 11 islands, n=4025 -> corr=0.1684
2026-03-03 03:19:03 | INFO | src.tmc_shapley_islands | Add-curve (mean): 12 islands, n=4317 -> corr=0.1443
2026-03-03 03:19:05 | INFO | src.tmc_shapley_islands | Add-curve (mean): 13 islands, n=4576 -> corr=0.1858
2026-03-03 03:19:06 | INFO | src.tmc_shapley_islands | Add-curve (mean): 14 islands, n=5134 -> corr=0.1472
2026-03-03 03:19:09 | INFO | src.tmc_shapley_islands | Add-curve (mean): 15 islands, n=5531 -> corr=0.1577
2026-03-03 03:19:20 | INFO | src.tmc_shapley_islands | Random individual add-curve (seed=0) complete
2026-03-03 03:19:31 | INFO | src.tmc_shapley_islands | Random individual add-curve (seed=1) complete
2026-03-03 03:19:42 | INFO | src.tmc_shapley_islands | Random individual add-curve (seed=2) complete
2026-03-03 03:19:53 | INFO | src.tmc_shapley_islands | Random individual add-curve (seed=3) complete
2026-03-03 03:20:03 | INFO | src.tmc_shapley_islands | Random individual add-curve (seed=4) complete
2026-03-03 03:20:04 | INFO | src.tmc_shapley_islands | Building mirrored remove-islands curve from add-islands curve...
2026-03-03 03:20:04 | INFO | src.tmc_shapley_islands | Saved Shapley values to outputs/tmc_shapley_sweep2_2/shards/shard_004/tmp/shapley_island_values_target_9.csv
2026-03-03 03:20:04 | INFO | src.tmc_shapley_islands | Saved summary to outputs/tmc_shapley_sweep2_2/shards/shard_004/tmp/tmc_summary_target_9.json
2026-03-03 03:20:04 | INFO | src.tmc_shapley_islands | Saved intermediate ranking trace to outputs/tmc_shapley_sweep2_2/shards/shard_004/tmp/tmc_intermediate_rankings_target_9.csv
2026-03-03 03:20:04 | INFO | src.tmc_shapley_islands | Saved add-curve to outputs/tmc_shapley_sweep2_2/shards/shard_004/tmp/add_curve_target_9.csv
2026-03-03 03:20:04 | INFO | src.tmc_shapley_islands | Saved remove-curve to outputs/tmc_shapley_sweep2_2/shards/shard_004/tmp/remove_curve_target_9.csv
2026-03-03 03:20:04 | INFO | src.tmc_shapley_islands | Saved bar plot to outputs/tmc_shapley_sweep2_2/shards/shard_004/tmp/shapley_bar_target_9.png
2026-03-03 03:20:04 | INFO | src.tmc_shapley_islands | Saved add-curve plot to outputs/tmc_shapley_sweep2_2/shards/shard_004/tmp/add_curve_target_9.png
2026-03-03 03:20:05 | INFO | src.tmc_shapley_islands | Saved remove-curve plot to outputs/tmc_shapley_sweep2_2/shards/shard_004/tmp/remove_curve_target_9.png
2026-03-03 03:20:05 | INFO | __main__ | Shard 4/5 progress 41/50 | target=9 cal=0.250 perm=10 repeat=4
2026-03-03 03:20:05 | INFO | src.tmc_shapley_islands | [Shapley] Target island: 9 (Sleneset), source islands: 15
2026-03-03 03:20:06 | INFO | src.tmc_shapley_islands | Data: source=5531 (across 15 islands), cal=41, test=125
2026-03-03 03:20:06 | INFO | src.tmc_shapley_islands | SNP selection: using fixed precomputed subset (n=20000)
2026-03-03 03:20:06 | INFO | src.tmc_shapley_islands | Island counts (capped to None in training):
  Nesøy: n=119
  Myken: n=92
  Træna: n=292
  Selvær: n=194
  Gjerøy: n=558
  Hestmannøy: n=1078
  Indre Kvarøy: n=356
  Onøy og Lurøy: n=259
  Lovund: n=158
  Aldra: n=173
  Southern 1: n=583
  Southern 2: n=397
  Southern 3: n=584
  Southern 4: n=486
  Southern 5: n=202
2026-03-03 03:20:06 | INFO | src.tmc_shapley_islands | Running TMC-Shapley with 10 permutations (utility on cal set)...
2026-03-03 03:20:06 | INFO | src.tmc_shapley_islands | Computing V_full over all 15 source islands...
2026-03-03 03:20:08 | INFO | src.tmc_shapley_islands | V_full = 0.2667
2026-03-03 03:20:41 | INFO | src.tmc_shapley_islands | TMC progress: 2/10 permutations done, cache hit rate: 6.5%, n_evals: 29
2026-03-03 03:21:23 | INFO | src.tmc_shapley_islands | TMC progress: 4/10 permutations done, cache hit rate: 6.6%, n_evals: 57
2026-03-03 03:21:51 | INFO | src.tmc_shapley_islands | TMC progress: 6/10 permutations done, cache hit rate: 6.6%, n_evals: 85
2026-03-03 03:22:25 | INFO | src.tmc_shapley_islands | TMC progress: 8/10 permutations done, cache hit rate: 10.7%, n_evals: 108
2026-03-03 03:23:04 | INFO | src.tmc_shapley_islands | TMC progress: 10/10 permutations done, cache hit rate: 11.3%, n_evals: 134
2026-03-03 03:23:04 | INFO | src.tmc_shapley_islands | TMC complete: 10 permutations, 0 truncated, 134 utility evals, cache hit rate: 11.3%
2026-03-03 03:23:04 | INFO | src.tmc_shapley_islands | Shapley values (phi, computed on cal set):
2026-03-03 03:23:04 | INFO | src.tmc_shapley_islands |   Nesøy: phi=0.048663, phi/n=0.00040893
2026-03-03 03:23:04 | INFO | src.tmc_shapley_islands |   Myken: phi=-0.056522, phi/n=-0.00061437
2026-03-03 03:23:04 | INFO | src.tmc_shapley_islands |   Træna: phi=-0.057955, phi/n=-0.00019847
2026-03-03 03:23:04 | INFO | src.tmc_shapley_islands |   Selvær: phi=-0.009204, phi/n=-0.00004744
2026-03-03 03:23:04 | INFO | src.tmc_shapley_islands |   Gjerøy: phi=0.014813, phi/n=0.00002655
2026-03-03 03:23:04 | INFO | src.tmc_shapley_islands |   Hestmannøy: phi=-0.012245, phi/n=-0.00001136
2026-03-03 03:23:04 | INFO | src.tmc_shapley_islands |   Indre Kvarøy: phi=0.164044, phi/n=0.00046080
2026-03-03 03:23:04 | INFO | src.tmc_shapley_islands |   Onøy og Lurøy: phi=0.018494, phi/n=0.00007140
2026-03-03 03:23:04 | INFO | src.tmc_shapley_islands |   Lovund: phi=0.145824, phi/n=0.00092294
2026-03-03 03:23:04 | INFO | src.tmc_shapley_islands |   Aldra: phi=-0.082989, phi/n=-0.00047971
2026-03-03 03:23:04 | INFO | src.tmc_shapley_islands |   Southern 1: phi=0.053349, phi/n=0.00009151
2026-03-03 03:23:04 | INFO | src.tmc_shapley_islands |   Southern 2: phi=-0.034239, phi/n=-0.00008624
2026-03-03 03:23:04 | INFO | src.tmc_shapley_islands |   Southern 3: phi=0.022110, phi/n=0.00003786
2026-03-03 03:23:04 | INFO | src.tmc_shapley_islands |   Southern 4: phi=0.048823, phi/n=0.00010046
2026-03-03 03:23:04 | INFO | src.tmc_shapley_islands |   Southern 5: phi=0.003684, phi/n=0.00001824
2026-03-03 03:23:04 | INFO | src.tmc_shapley_islands | Curve retraining early stopping: enabled=True, patience=20
2026-03-03 03:23:04 | INFO | src.tmc_shapley_islands | Computing add-islands curve (evaluated on test set)...
2026-03-03 03:23:04 | INFO | src.tmc_shapley_islands | Add-curve (mean): 1 islands, n=158 -> corr=0.1000
2026-03-03 03:23:04 | INFO | src.tmc_shapley_islands | Add-curve (mean): 2 islands, n=514 -> corr=0.1340
2026-03-03 03:23:04 | INFO | src.tmc_shapley_islands | Add-curve (mean): 3 islands, n=633 -> corr=0.1632
2026-03-03 03:23:04 | INFO | src.tmc_shapley_islands | Add-curve (mean): 4 islands, n=1119 -> corr=0.1721
2026-03-03 03:23:05 | INFO | src.tmc_shapley_islands | Add-curve (mean): 5 islands, n=1702 -> corr=0.1652
2026-03-03 03:23:06 | INFO | src.tmc_shapley_islands | Add-curve (mean): 6 islands, n=1961 -> corr=0.1870
2026-03-03 03:23:07 | INFO | src.tmc_shapley_islands | Add-curve (mean): 7 islands, n=2545 -> corr=0.1837
2026-03-03 03:23:08 | INFO | src.tmc_shapley_islands | Add-curve (mean): 8 islands, n=3103 -> corr=0.1182
2026-03-03 03:23:09 | INFO | src.tmc_shapley_islands | Add-curve (mean): 9 islands, n=3305 -> corr=0.1227
2026-03-03 03:23:10 | INFO | src.tmc_shapley_islands | Add-curve (mean): 10 islands, n=4383 -> corr=0.1088
2026-03-03 03:23:12 | INFO | src.tmc_shapley_islands | Add-curve (mean): 11 islands, n=4577 -> corr=0.1176
2026-03-03 03:23:14 | INFO | src.tmc_shapley_islands | Add-curve (mean): 12 islands, n=4974 -> corr=0.1147
2026-03-03 03:23:16 | INFO | src.tmc_shapley_islands | Add-curve (mean): 13 islands, n=5266 -> corr=0.0942
2026-03-03 03:23:19 | INFO | src.tmc_shapley_islands | Add-curve (mean): 14 islands, n=5439 -> corr=0.1137
2026-03-03 03:23:21 | INFO | src.tmc_shapley_islands | Add-curve (mean): 15 islands, n=5531 -> corr=0.1356
2026-03-03 03:23:34 | INFO | src.tmc_shapley_islands | Random individual add-curve (seed=0) complete
2026-03-03 03:23:47 | INFO | src.tmc_shapley_islands | Random individual add-curve (seed=1) complete
2026-03-03 03:24:00 | INFO | src.tmc_shapley_islands | Random individual add-curve (seed=2) complete
2026-03-03 03:24:17 | INFO | src.tmc_shapley_islands | Random individual add-curve (seed=3) complete
2026-03-03 03:24:31 | INFO | src.tmc_shapley_islands | Random individual add-curve (seed=4) complete
2026-03-03 03:24:31 | INFO | src.tmc_shapley_islands | Building mirrored remove-islands curve from add-islands curve...
2026-03-03 03:24:31 | INFO | src.tmc_shapley_islands | Saved Shapley values to outputs/tmc_shapley_sweep2_2/shards/shard_004/tmp/shapley_island_values_target_9.csv
2026-03-03 03:24:31 | INFO | src.tmc_shapley_islands | Saved summary to outputs/tmc_shapley_sweep2_2/shards/shard_004/tmp/tmc_summary_target_9.json
2026-03-03 03:24:31 | INFO | src.tmc_shapley_islands | Saved intermediate ranking trace to outputs/tmc_shapley_sweep2_2/shards/shard_004/tmp/tmc_intermediate_rankings_target_9.csv
2026-03-03 03:24:31 | INFO | src.tmc_shapley_islands | Saved add-curve to outputs/tmc_shapley_sweep2_2/shards/shard_004/tmp/add_curve_target_9.csv
2026-03-03 03:24:31 | INFO | src.tmc_shapley_islands | Saved remove-curve to outputs/tmc_shapley_sweep2_2/shards/shard_004/tmp/remove_curve_target_9.csv
2026-03-03 03:24:31 | INFO | src.tmc_shapley_islands | Saved bar plot to outputs/tmc_shapley_sweep2_2/shards/shard_004/tmp/shapley_bar_target_9.png
2026-03-03 03:24:32 | INFO | src.tmc_shapley_islands | Saved add-curve plot to outputs/tmc_shapley_sweep2_2/shards/shard_004/tmp/add_curve_target_9.png
2026-03-03 03:24:32 | INFO | src.tmc_shapley_islands | Saved remove-curve plot to outputs/tmc_shapley_sweep2_2/shards/shard_004/tmp/remove_curve_target_9.png
2026-03-03 03:24:32 | INFO | __main__ | Shard 4/5 progress 42/50 | target=9 cal=0.250 perm=10 repeat=9
2026-03-03 03:24:32 | INFO | src.tmc_shapley_islands | [Shapley] Target island: 9 (Sleneset), source islands: 15
2026-03-03 03:24:33 | INFO | src.tmc_shapley_islands | Data: source=5531 (across 15 islands), cal=41, test=125
2026-03-03 03:24:33 | INFO | src.tmc_shapley_islands | SNP selection: using fixed precomputed subset (n=20000)
2026-03-03 03:24:33 | INFO | src.tmc_shapley_islands | Island counts (capped to None in training):
  Nesøy: n=119
  Myken: n=92
  Træna: n=292
  Selvær: n=194
  Gjerøy: n=558
  Hestmannøy: n=1078
  Indre Kvarøy: n=356
  Onøy og Lurøy: n=259
  Lovund: n=158
  Aldra: n=173
  Southern 1: n=583
  Southern 2: n=397
  Southern 3: n=584
  Southern 4: n=486
  Southern 5: n=202
2026-03-03 03:24:33 | INFO | src.tmc_shapley_islands | Running TMC-Shapley with 10 permutations (utility on cal set)...
2026-03-03 03:24:33 | INFO | src.tmc_shapley_islands | Computing V_full over all 15 source islands...
2026-03-03 03:24:35 | INFO | src.tmc_shapley_islands | V_full = 0.2786
2026-03-03 03:25:08 | INFO | src.tmc_shapley_islands | TMC progress: 2/10 permutations done, cache hit rate: 6.5%, n_evals: 29
2026-03-03 03:25:36 | INFO | src.tmc_shapley_islands | TMC progress: 4/10 permutations done, cache hit rate: 6.6%, n_evals: 57
2026-03-03 03:26:12 | INFO | src.tmc_shapley_islands | TMC progress: 6/10 permutations done, cache hit rate: 7.7%, n_evals: 84
2026-03-03 03:26:36 | INFO | src.tmc_shapley_islands | TMC progress: 8/10 permutations done, cache hit rate: 9.1%, n_evals: 110
2026-03-03 03:27:28 | INFO | src.tmc_shapley_islands | TMC progress: 10/10 permutations done, cache hit rate: 9.9%, n_evals: 136
2026-03-03 03:27:28 | INFO | src.tmc_shapley_islands | TMC complete: 10 permutations, 0 truncated, 136 utility evals, cache hit rate: 9.9%
2026-03-03 03:27:28 | INFO | src.tmc_shapley_islands | Shapley values (phi, computed on cal set):
2026-03-03 03:27:28 | INFO | src.tmc_shapley_islands |   Nesøy: phi=0.120642, phi/n=0.00101380
2026-03-03 03:27:28 | INFO | src.tmc_shapley_islands |   Myken: phi=0.035705, phi/n=0.00038810
2026-03-03 03:27:28 | INFO | src.tmc_shapley_islands |   Træna: phi=-0.104114, phi/n=-0.00035655
2026-03-03 03:27:28 | INFO | src.tmc_shapley_islands |   Selvær: phi=-0.038504, phi/n=-0.00019847
2026-03-03 03:27:28 | INFO | src.tmc_shapley_islands |   Gjerøy: phi=0.005380, phi/n=0.00000964
2026-03-03 03:27:28 | INFO | src.tmc_shapley_islands |   Hestmannøy: phi=0.081849, phi/n=0.00007593
2026-03-03 03:27:28 | INFO | src.tmc_shapley_islands |   Indre Kvarøy: phi=0.097353, phi/n=0.00027346
2026-03-03 03:27:28 | INFO | src.tmc_shapley_islands |   Onøy og Lurøy: phi=-0.077936, phi/n=-0.00030091
2026-03-03 03:27:28 | INFO | src.tmc_shapley_islands |   Lovund: phi=0.160462, phi/n=0.00101558
2026-03-03 03:27:28 | INFO | src.tmc_shapley_islands |   Aldra: phi=0.003187, phi/n=0.00001842
2026-03-03 03:27:28 | INFO | src.tmc_shapley_islands |   Southern 1: phi=-0.040326, phi/n=-0.00006917
2026-03-03 03:27:28 | INFO | src.tmc_shapley_islands |   Southern 2: phi=-0.017536, phi/n=-0.00004417
2026-03-03 03:27:28 | INFO | src.tmc_shapley_islands |   Southern 3: phi=-0.047003, phi/n=-0.00008048
2026-03-03 03:27:28 | INFO | src.tmc_shapley_islands |   Southern 4: phi=0.053360, phi/n=0.00010979
2026-03-03 03:27:28 | INFO | src.tmc_shapley_islands |   Southern 5: phi=0.046102, phi/n=0.00022823
2026-03-03 03:27:28 | INFO | src.tmc_shapley_islands | Curve retraining early stopping: enabled=True, patience=20
2026-03-03 03:27:28 | INFO | src.tmc_shapley_islands | Computing add-islands curve (evaluated on test set)...
2026-03-03 03:27:28 | INFO | src.tmc_shapley_islands | Add-curve (mean): 1 islands, n=158 -> corr=0.0723
2026-03-03 03:27:28 | INFO | src.tmc_shapley_islands | Add-curve (mean): 2 islands, n=277 -> corr=0.1014
2026-03-03 03:27:28 | INFO | src.tmc_shapley_islands | Add-curve (mean): 3 islands, n=369 -> corr=0.1248
2026-03-03 03:27:28 | INFO | src.tmc_shapley_islands | Add-curve (mean): 4 islands, n=725 -> corr=0.1290
2026-03-03 03:27:28 | INFO | src.tmc_shapley_islands | Add-curve (mean): 5 islands, n=927 -> corr=0.1294
2026-03-03 03:27:29 | INFO | src.tmc_shapley_islands | Add-curve (mean): 6 islands, n=1413 -> corr=0.1492
2026-03-03 03:27:30 | INFO | src.tmc_shapley_islands | Add-curve (mean): 7 islands, n=2491 -> corr=0.1091
2026-03-03 03:27:31 | INFO | src.tmc_shapley_islands | Add-curve (mean): 8 islands, n=2664 -> corr=0.1181
2026-03-03 03:27:32 | INFO | src.tmc_shapley_islands | Add-curve (mean): 9 islands, n=3222 -> corr=0.0698
2026-03-03 03:27:34 | INFO | src.tmc_shapley_islands | Add-curve (mean): 10 islands, n=3619 -> corr=0.0641
2026-03-03 03:27:35 | INFO | src.tmc_shapley_islands | Add-curve (mean): 11 islands, n=4202 -> corr=0.0758
2026-03-03 03:27:37 | INFO | src.tmc_shapley_islands | Add-curve (mean): 12 islands, n=4786 -> corr=0.0890
2026-03-03 03:27:39 | INFO | src.tmc_shapley_islands | Add-curve (mean): 13 islands, n=4980 -> corr=0.1006
2026-03-03 03:27:41 | INFO | src.tmc_shapley_islands | Add-curve (mean): 14 islands, n=5239 -> corr=0.1367
2026-03-03 03:27:43 | INFO | src.tmc_shapley_islands | Add-curve (mean): 15 islands, n=5531 -> corr=0.1180
2026-03-03 03:28:07 | INFO | src.tmc_shapley_islands | Random individual add-curve (seed=0) complete
2026-03-03 03:28:26 | INFO | src.tmc_shapley_islands | Random individual add-curve (seed=1) complete
2026-03-03 03:28:37 | INFO | src.tmc_shapley_islands | Random individual add-curve (seed=2) complete
2026-03-03 03:28:47 | INFO | src.tmc_shapley_islands | Random individual add-curve (seed=3) complete
2026-03-03 03:29:14 | INFO | src.tmc_shapley_islands | Random individual add-curve (seed=4) complete
2026-03-03 03:29:14 | INFO | src.tmc_shapley_islands | Building mirrored remove-islands curve from add-islands curve...
2026-03-03 03:29:14 | INFO | src.tmc_shapley_islands | Saved Shapley values to outputs/tmc_shapley_sweep2_2/shards/shard_004/tmp/shapley_island_values_target_9.csv
2026-03-03 03:29:14 | INFO | src.tmc_shapley_islands | Saved summary to outputs/tmc_shapley_sweep2_2/shards/shard_004/tmp/tmc_summary_target_9.json
2026-03-03 03:29:14 | INFO | src.tmc_shapley_islands | Saved intermediate ranking trace to outputs/tmc_shapley_sweep2_2/shards/shard_004/tmp/tmc_intermediate_rankings_target_9.csv
2026-03-03 03:29:14 | INFO | src.tmc_shapley_islands | Saved add-curve to outputs/tmc_shapley_sweep2_2/shards/shard_004/tmp/add_curve_target_9.csv
2026-03-03 03:29:14 | INFO | src.tmc_shapley_islands | Saved remove-curve to outputs/tmc_shapley_sweep2_2/shards/shard_004/tmp/remove_curve_target_9.csv
2026-03-03 03:29:15 | INFO | src.tmc_shapley_islands | Saved bar plot to outputs/tmc_shapley_sweep2_2/shards/shard_004/tmp/shapley_bar_target_9.png
2026-03-03 03:29:15 | INFO | src.tmc_shapley_islands | Saved add-curve plot to outputs/tmc_shapley_sweep2_2/shards/shard_004/tmp/add_curve_target_9.png
2026-03-03 03:29:15 | INFO | src.tmc_shapley_islands | Saved remove-curve plot to outputs/tmc_shapley_sweep2_2/shards/shard_004/tmp/remove_curve_target_9.png
2026-03-03 03:29:15 | INFO | __main__ | Shard 4/5 progress 43/50 | target=9 cal=0.250 perm=25 repeat=4
2026-03-03 03:29:15 | INFO | src.tmc_shapley_islands | [Shapley] Target island: 9 (Sleneset), source islands: 15
2026-03-03 03:29:16 | INFO | src.tmc_shapley_islands | Data: source=5531 (across 15 islands), cal=41, test=125
2026-03-03 03:29:16 | INFO | src.tmc_shapley_islands | SNP selection: using fixed precomputed subset (n=20000)
2026-03-03 03:29:16 | INFO | src.tmc_shapley_islands | Island counts (capped to None in training):
  Nesøy: n=119
  Myken: n=92
  Træna: n=292
  Selvær: n=194
  Gjerøy: n=558
  Hestmannøy: n=1078
  Indre Kvarøy: n=356
  Onøy og Lurøy: n=259
  Lovund: n=158
  Aldra: n=173
  Southern 1: n=583
  Southern 2: n=397
  Southern 3: n=584
  Southern 4: n=486
  Southern 5: n=202
2026-03-03 03:29:16 | INFO | src.tmc_shapley_islands | Loaded 134 cached utilities from outputs/tmc_shapley_sweep2_2/cache/utility_cache_target_9_seed_2050224354.json
2026-03-03 03:29:16 | INFO | src.tmc_shapley_islands | Running TMC-Shapley with 25 permutations (utility on cal set)...
2026-03-03 03:29:16 | INFO | src.tmc_shapley_islands | Computing V_full over all 15 source islands...
2026-03-03 03:29:16 | INFO | src.tmc_shapley_islands | V_full = 0.2667
2026-03-03 03:29:16 | INFO | src.tmc_shapley_islands | TMC head-start: loaded 10 completed permutations from state outputs/tmc_shapley_sweep2_2/cache/tmc_perm_state_target_9_seed_2050224354.json
2026-03-03 03:30:46 | INFO | src.tmc_shapley_islands | TMC progress: 15/25 permutations done, cache hit rate: 18.4%, n_evals: 62
2026-03-03 03:31:46 | INFO | src.tmc_shapley_islands | TMC progress: 20/25 permutations done, cache hit rate: 19.2%, n_evals: 122
2026-03-03 03:33:01 | INFO | src.tmc_shapley_islands | TMC progress: 25/25 permutations done, cache hit rate: 19.5%, n_evals: 182
2026-03-03 03:33:01 | INFO | src.tmc_shapley_islands | TMC complete: 25 permutations, 0 truncated, 182 utility evals, cache hit rate: 19.5%
2026-03-03 03:33:01 | INFO | src.tmc_shapley_islands | Shapley values (phi, computed on cal set):
2026-03-03 03:33:01 | INFO | src.tmc_shapley_islands |   Nesøy: phi=0.045442, phi/n=0.00038186
2026-03-03 03:33:01 | INFO | src.tmc_shapley_islands |   Myken: phi=-0.050919, phi/n=-0.00055347
2026-03-03 03:33:01 | INFO | src.tmc_shapley_islands |   Træna: phi=-0.062726, phi/n=-0.00021481
2026-03-03 03:33:01 | INFO | src.tmc_shapley_islands |   Selvær: phi=-0.009218, phi/n=-0.00004752
2026-03-03 03:33:01 | INFO | src.tmc_shapley_islands |   Gjerøy: phi=0.011681, phi/n=0.00002093
2026-03-03 03:33:01 | INFO | src.tmc_shapley_islands |   Hestmannøy: phi=-0.003172, phi/n=-0.00000294
2026-03-03 03:33:01 | INFO | src.tmc_shapley_islands |   Indre Kvarøy: phi=0.161514, phi/n=0.00045369
2026-03-03 03:33:01 | INFO | src.tmc_shapley_islands |   Onøy og Lurøy: phi=0.015479, phi/n=0.00005976
2026-03-03 03:33:01 | INFO | src.tmc_shapley_islands |   Lovund: phi=0.139856, phi/n=0.00088517
2026-03-03 03:33:01 | INFO | src.tmc_shapley_islands |   Aldra: phi=-0.081518, phi/n=-0.00047120
2026-03-03 03:33:01 | INFO | src.tmc_shapley_islands |   Southern 1: phi=0.055775, phi/n=0.00009567
2026-03-03 03:33:01 | INFO | src.tmc_shapley_islands |   Southern 2: phi=-0.040102, phi/n=-0.00010101
2026-03-03 03:33:01 | INFO | src.tmc_shapley_islands |   Southern 3: phi=0.022459, phi/n=0.00003846
2026-03-03 03:33:01 | INFO | src.tmc_shapley_islands |   Southern 4: phi=0.058457, phi/n=0.00012028
2026-03-03 03:33:01 | INFO | src.tmc_shapley_islands |   Southern 5: phi=0.003644, phi/n=0.00001804
2026-03-03 03:33:01 | INFO | src.tmc_shapley_islands | Curve retraining early stopping: enabled=True, patience=20
2026-03-03 03:33:01 | INFO | src.tmc_shapley_islands | Computing add-islands curve (evaluated on test set)...
2026-03-03 03:33:01 | INFO | src.tmc_shapley_islands | Add-curve (mean): 1 islands, n=158 -> corr=0.1000
2026-03-03 03:33:01 | INFO | src.tmc_shapley_islands | Add-curve (mean): 2 islands, n=514 -> corr=0.1340
2026-03-03 03:33:01 | INFO | src.tmc_shapley_islands | Add-curve (mean): 3 islands, n=633 -> corr=0.1632
2026-03-03 03:33:02 | INFO | src.tmc_shapley_islands | Add-curve (mean): 4 islands, n=1119 -> corr=0.1721
2026-03-03 03:33:02 | INFO | src.tmc_shapley_islands | Add-curve (mean): 5 islands, n=1702 -> corr=0.1652
2026-03-03 03:33:03 | INFO | src.tmc_shapley_islands | Add-curve (mean): 6 islands, n=1961 -> corr=0.1870
2026-03-03 03:33:04 | INFO | src.tmc_shapley_islands | Add-curve (mean): 7 islands, n=2545 -> corr=0.1837
2026-03-03 03:33:05 | INFO | src.tmc_shapley_islands | Add-curve (mean): 8 islands, n=3103 -> corr=0.1182
2026-03-03 03:33:06 | INFO | src.tmc_shapley_islands | Add-curve (mean): 9 islands, n=3305 -> corr=0.1227
2026-03-03 03:33:08 | INFO | src.tmc_shapley_islands | Add-curve (mean): 10 islands, n=4383 -> corr=0.1088
2026-03-03 03:33:09 | INFO | src.tmc_shapley_islands | Add-curve (mean): 11 islands, n=4577 -> corr=0.1176
2026-03-03 03:33:11 | INFO | src.tmc_shapley_islands | Add-curve (mean): 12 islands, n=4974 -> corr=0.1147
2026-03-03 03:33:13 | INFO | src.tmc_shapley_islands | Add-curve (mean): 13 islands, n=5266 -> corr=0.0942
2026-03-03 03:33:15 | INFO | src.tmc_shapley_islands | Add-curve (mean): 14 islands, n=5439 -> corr=0.1137
2026-03-03 03:33:18 | INFO | src.tmc_shapley_islands | Add-curve (mean): 15 islands, n=5531 -> corr=0.1356
2026-03-03 03:33:34 | INFO | src.tmc_shapley_islands | Random individual add-curve (seed=0) complete
2026-03-03 03:33:47 | INFO | src.tmc_shapley_islands | Random individual add-curve (seed=1) complete
2026-03-03 03:34:00 | INFO | src.tmc_shapley_islands | Random individual add-curve (seed=2) complete
2026-03-03 03:34:13 | INFO | src.tmc_shapley_islands | Random individual add-curve (seed=3) complete
2026-03-03 03:34:26 | INFO | src.tmc_shapley_islands | Random individual add-curve (seed=4) complete
2026-03-03 03:34:26 | INFO | src.tmc_shapley_islands | Building mirrored remove-islands curve from add-islands curve...
2026-03-03 03:34:26 | INFO | src.tmc_shapley_islands | Saved Shapley values to outputs/tmc_shapley_sweep2_2/shards/shard_004/tmp/shapley_island_values_target_9.csv
2026-03-03 03:34:26 | INFO | src.tmc_shapley_islands | Saved summary to outputs/tmc_shapley_sweep2_2/shards/shard_004/tmp/tmc_summary_target_9.json
2026-03-03 03:34:26 | INFO | src.tmc_shapley_islands | Saved intermediate ranking trace to outputs/tmc_shapley_sweep2_2/shards/shard_004/tmp/tmc_intermediate_rankings_target_9.csv
2026-03-03 03:34:26 | INFO | src.tmc_shapley_islands | Saved add-curve to outputs/tmc_shapley_sweep2_2/shards/shard_004/tmp/add_curve_target_9.csv
2026-03-03 03:34:26 | INFO | src.tmc_shapley_islands | Saved remove-curve to outputs/tmc_shapley_sweep2_2/shards/shard_004/tmp/remove_curve_target_9.csv
2026-03-03 03:34:26 | INFO | src.tmc_shapley_islands | Saved bar plot to outputs/tmc_shapley_sweep2_2/shards/shard_004/tmp/shapley_bar_target_9.png
2026-03-03 03:34:27 | INFO | src.tmc_shapley_islands | Saved add-curve plot to outputs/tmc_shapley_sweep2_2/shards/shard_004/tmp/add_curve_target_9.png
2026-03-03 03:34:27 | INFO | src.tmc_shapley_islands | Saved remove-curve plot to outputs/tmc_shapley_sweep2_2/shards/shard_004/tmp/remove_curve_target_9.png
2026-03-03 03:34:27 | INFO | __main__ | Shard 4/5 progress 44/50 | target=9 cal=0.250 perm=25 repeat=9
2026-03-03 03:34:27 | INFO | src.tmc_shapley_islands | [Shapley] Target island: 9 (Sleneset), source islands: 15
2026-03-03 03:34:28 | INFO | src.tmc_shapley_islands | Data: source=5531 (across 15 islands), cal=41, test=125
2026-03-03 03:34:28 | INFO | src.tmc_shapley_islands | SNP selection: using fixed precomputed subset (n=20000)
2026-03-03 03:34:28 | INFO | src.tmc_shapley_islands | Island counts (capped to None in training):
  Nesøy: n=119
  Myken: n=92
  Træna: n=292
  Selvær: n=194
  Gjerøy: n=558
  Hestmannøy: n=1078
  Indre Kvarøy: n=356
  Onøy og Lurøy: n=259
  Lovund: n=158
  Aldra: n=173
  Southern 1: n=583
  Southern 2: n=397
  Southern 3: n=584
  Southern 4: n=486
  Southern 5: n=202
2026-03-03 03:34:28 | INFO | src.tmc_shapley_islands | Loaded 136 cached utilities from outputs/tmc_shapley_sweep2_2/cache/utility_cache_target_9_seed_130747131.json
2026-03-03 03:34:28 | INFO | src.tmc_shapley_islands | Running TMC-Shapley with 25 permutations (utility on cal set)...
2026-03-03 03:34:28 | INFO | src.tmc_shapley_islands | Computing V_full over all 15 source islands...
2026-03-03 03:34:28 | INFO | src.tmc_shapley_islands | V_full = 0.2786
2026-03-03 03:34:28 | INFO | src.tmc_shapley_islands | TMC head-start: loaded 10 completed permutations from state outputs/tmc_shapley_sweep2_2/cache/tmc_perm_state_target_9_seed_130747131.json
2026-03-03 03:35:38 | INFO | src.tmc_shapley_islands | TMC progress: 15/25 permutations done, cache hit rate: 14.5%, n_evals: 65
2026-03-03 03:36:41 | INFO | src.tmc_shapley_islands | TMC progress: 20/25 permutations done, cache hit rate: 17.2%, n_evals: 125
2026-03-03 03:37:40 | INFO | src.tmc_shapley_islands | TMC progress: 25/25 permutations done, cache hit rate: 18.6%, n_evals: 184
2026-03-03 03:37:40 | INFO | src.tmc_shapley_islands | TMC complete: 25 permutations, 0 truncated, 184 utility evals, cache hit rate: 18.6%
2026-03-03 03:37:40 | INFO | src.tmc_shapley_islands | Shapley values (phi, computed on cal set):
2026-03-03 03:37:40 | INFO | src.tmc_shapley_islands |   Nesøy: phi=0.090038, phi/n=0.00075662
2026-03-03 03:37:40 | INFO | src.tmc_shapley_islands |   Myken: phi=0.052694, phi/n=0.00057276
2026-03-03 03:37:40 | INFO | src.tmc_shapley_islands |   Træna: phi=-0.085470, phi/n=-0.00029271
2026-03-03 03:37:40 | INFO | src.tmc_shapley_islands |   Selvær: phi=-0.027967, phi/n=-0.00014416
2026-03-03 03:37:40 | INFO | src.tmc_shapley_islands |   Gjerøy: phi=0.001946, phi/n=0.00000349
2026-03-03 03:37:40 | INFO | src.tmc_shapley_islands |   Hestmannøy: phi=0.085006, phi/n=0.00007886
2026-03-03 03:37:40 | INFO | src.tmc_shapley_islands |   Indre Kvarøy: phi=0.111578, phi/n=0.00031342
2026-03-03 03:37:40 | INFO | src.tmc_shapley_islands |   Onøy og Lurøy: phi=-0.080079, phi/n=-0.00030919
2026-03-03 03:37:40 | INFO | src.tmc_shapley_islands |   Lovund: phi=0.157170, phi/n=0.00099475
2026-03-03 03:37:40 | INFO | src.tmc_shapley_islands |   Aldra: phi=0.003133, phi/n=0.00001811
2026-03-03 03:37:40 | INFO | src.tmc_shapley_islands |   Southern 1: phi=-0.046715, phi/n=-0.00008013
2026-03-03 03:37:40 | INFO | src.tmc_shapley_islands |   Southern 2: phi=-0.015724, phi/n=-0.00003961
2026-03-03 03:37:40 | INFO | src.tmc_shapley_islands |   Southern 3: phi=-0.058334, phi/n=-0.00009989
2026-03-03 03:37:40 | INFO | src.tmc_shapley_islands |   Southern 4: phi=0.043622, phi/n=0.00008976
2026-03-03 03:37:40 | INFO | src.tmc_shapley_islands |   Southern 5: phi=0.047722, phi/n=0.00023625
2026-03-03 03:37:40 | INFO | src.tmc_shapley_islands | Curve retraining early stopping: enabled=True, patience=20
2026-03-03 03:37:40 | INFO | src.tmc_shapley_islands | Computing add-islands curve (evaluated on test set)...
2026-03-03 03:37:40 | INFO | src.tmc_shapley_islands | Add-curve (mean): 1 islands, n=158 -> corr=0.0723
2026-03-03 03:37:40 | INFO | src.tmc_shapley_islands | Add-curve (mean): 2 islands, n=277 -> corr=0.1014
2026-03-03 03:37:40 | INFO | src.tmc_shapley_islands | Add-curve (mean): 3 islands, n=369 -> corr=0.1248
2026-03-03 03:37:40 | INFO | src.tmc_shapley_islands | Add-curve (mean): 4 islands, n=725 -> corr=0.1290
2026-03-03 03:37:41 | INFO | src.tmc_shapley_islands | Add-curve (mean): 5 islands, n=927 -> corr=0.1294
2026-03-03 03:37:41 | INFO | src.tmc_shapley_islands | Add-curve (mean): 6 islands, n=1413 -> corr=0.1492
2026-03-03 03:37:42 | INFO | src.tmc_shapley_islands | Add-curve (mean): 7 islands, n=2491 -> corr=0.1091
2026-03-03 03:37:43 | INFO | src.tmc_shapley_islands | Add-curve (mean): 8 islands, n=2664 -> corr=0.1181
2026-03-03 03:37:44 | INFO | src.tmc_shapley_islands | Add-curve (mean): 9 islands, n=3222 -> corr=0.0698
2026-03-03 03:37:46 | INFO | src.tmc_shapley_islands | Add-curve (mean): 10 islands, n=3619 -> corr=0.0641
2026-03-03 03:37:48 | INFO | src.tmc_shapley_islands | Add-curve (mean): 11 islands, n=4202 -> corr=0.0758
2026-03-03 03:37:49 | INFO | src.tmc_shapley_islands | Add-curve (mean): 12 islands, n=4786 -> corr=0.0890
2026-03-03 03:37:51 | INFO | src.tmc_shapley_islands | Add-curve (mean): 13 islands, n=4980 -> corr=0.1006
2026-03-03 03:37:53 | INFO | src.tmc_shapley_islands | Add-curve (mean): 14 islands, n=5272 -> corr=0.0848
2026-03-03 03:37:56 | INFO | src.tmc_shapley_islands | Add-curve (mean): 15 islands, n=5531 -> corr=0.1180
2026-03-03 03:38:07 | INFO | src.tmc_shapley_islands | Random individual add-curve (seed=0) complete
2026-03-03 03:38:18 | INFO | src.tmc_shapley_islands | Random individual add-curve (seed=1) complete
2026-03-03 03:38:39 | INFO | src.tmc_shapley_islands | Random individual add-curve (seed=2) complete
2026-03-03 03:39:02 | INFO | src.tmc_shapley_islands | Random individual add-curve (seed=3) complete
2026-03-03 03:39:12 | INFO | src.tmc_shapley_islands | Random individual add-curve (seed=4) complete
2026-03-03 03:39:12 | INFO | src.tmc_shapley_islands | Building mirrored remove-islands curve from add-islands curve...
2026-03-03 03:39:12 | INFO | src.tmc_shapley_islands | Saved Shapley values to outputs/tmc_shapley_sweep2_2/shards/shard_004/tmp/shapley_island_values_target_9.csv
2026-03-03 03:39:12 | INFO | src.tmc_shapley_islands | Saved summary to outputs/tmc_shapley_sweep2_2/shards/shard_004/tmp/tmc_summary_target_9.json
2026-03-03 03:39:12 | INFO | src.tmc_shapley_islands | Saved intermediate ranking trace to outputs/tmc_shapley_sweep2_2/shards/shard_004/tmp/tmc_intermediate_rankings_target_9.csv
2026-03-03 03:39:12 | INFO | src.tmc_shapley_islands | Saved add-curve to outputs/tmc_shapley_sweep2_2/shards/shard_004/tmp/add_curve_target_9.csv
2026-03-03 03:39:12 | INFO | src.tmc_shapley_islands | Saved remove-curve to outputs/tmc_shapley_sweep2_2/shards/shard_004/tmp/remove_curve_target_9.csv
2026-03-03 03:39:13 | INFO | src.tmc_shapley_islands | Saved bar plot to outputs/tmc_shapley_sweep2_2/shards/shard_004/tmp/shapley_bar_target_9.png
2026-03-03 03:39:13 | INFO | src.tmc_shapley_islands | Saved add-curve plot to outputs/tmc_shapley_sweep2_2/shards/shard_004/tmp/add_curve_target_9.png
2026-03-03 03:39:14 | INFO | src.tmc_shapley_islands | Saved remove-curve plot to outputs/tmc_shapley_sweep2_2/shards/shard_004/tmp/remove_curve_target_9.png
2026-03-03 03:39:14 | INFO | __main__ | Shard 4/5 progress 45/50 | target=9 cal=0.250 perm=50 repeat=4
2026-03-03 03:39:14 | INFO | src.tmc_shapley_islands | [Shapley] Target island: 9 (Sleneset), source islands: 15
2026-03-03 03:39:14 | INFO | src.tmc_shapley_islands | Data: source=5531 (across 15 islands), cal=41, test=125
2026-03-03 03:39:14 | INFO | src.tmc_shapley_islands | SNP selection: using fixed precomputed subset (n=20000)
2026-03-03 03:39:14 | INFO | src.tmc_shapley_islands | Island counts (capped to None in training):
  Nesøy: n=119
  Myken: n=92
  Træna: n=292
  Selvær: n=194
  Gjerøy: n=558
  Hestmannøy: n=1078
  Indre Kvarøy: n=356
  Onøy og Lurøy: n=259
  Lovund: n=158
  Aldra: n=173
  Southern 1: n=583
  Southern 2: n=397
  Southern 3: n=584
  Southern 4: n=486
  Southern 5: n=202
2026-03-03 03:39:14 | INFO | src.tmc_shapley_islands | Loaded 316 cached utilities from outputs/tmc_shapley_sweep2_2/cache/utility_cache_target_9_seed_2050224354.json
2026-03-03 03:39:14 | INFO | src.tmc_shapley_islands | Running TMC-Shapley with 50 permutations (utility on cal set)...
2026-03-03 03:39:14 | INFO | src.tmc_shapley_islands | Computing V_full over all 15 source islands...
2026-03-03 03:39:14 | INFO | src.tmc_shapley_islands | V_full = 0.2667
2026-03-03 03:39:14 | INFO | src.tmc_shapley_islands | TMC head-start: loaded 25 completed permutations from state outputs/tmc_shapley_sweep2_2/cache/tmc_perm_state_target_9_seed_2050224354.json
2026-03-03 03:40:28 | INFO | src.tmc_shapley_islands | TMC progress: 30/50 permutations done, cache hit rate: 25.0%, n_evals: 57
2026-03-03 03:42:57 | INFO | src.tmc_shapley_islands | TMC progress: 40/50 permutations done, cache hit rate: 22.6%, n_evals: 175
2026-03-03 03:45:01 | INFO | src.tmc_shapley_islands | TMC progress: 50/50 permutations done, cache hit rate: 23.9%, n_evals: 286
2026-03-03 03:45:01 | INFO | src.tmc_shapley_islands | TMC complete: 50 permutations, 0 truncated, 286 utility evals, cache hit rate: 23.9%
2026-03-03 03:45:01 | INFO | src.tmc_shapley_islands | Shapley values (phi, computed on cal set):
2026-03-03 03:45:01 | INFO | src.tmc_shapley_islands |   Nesøy: phi=0.033748, phi/n=0.00028360
2026-03-03 03:45:01 | INFO | src.tmc_shapley_islands |   Myken: phi=-0.047383, phi/n=-0.00051503
2026-03-03 03:45:01 | INFO | src.tmc_shapley_islands |   Træna: phi=-0.052618, phi/n=-0.00018020
2026-03-03 03:45:01 | INFO | src.tmc_shapley_islands |   Selvær: phi=-0.011826, phi/n=-0.00006096
2026-03-03 03:45:01 | INFO | src.tmc_shapley_islands |   Gjerøy: phi=0.016512, phi/n=0.00002959
2026-03-03 03:45:01 | INFO | src.tmc_shapley_islands |   Hestmannøy: phi=-0.000090, phi/n=-0.00000008
2026-03-03 03:45:01 | INFO | src.tmc_shapley_islands |   Indre Kvarøy: phi=0.158301, phi/n=0.00044467
2026-03-03 03:45:01 | INFO | src.tmc_shapley_islands |   Onøy og Lurøy: phi=0.014797, phi/n=0.00005713
2026-03-03 03:45:01 | INFO | src.tmc_shapley_islands |   Lovund: phi=0.141605, phi/n=0.00089624
2026-03-03 03:45:01 | INFO | src.tmc_shapley_islands |   Aldra: phi=-0.083282, phi/n=-0.00048140
2026-03-03 03:45:01 | INFO | src.tmc_shapley_islands |   Southern 1: phi=0.051783, phi/n=0.00008882
2026-03-03 03:45:01 | INFO | src.tmc_shapley_islands |   Southern 2: phi=-0.036792, phi/n=-0.00009267
2026-03-03 03:45:01 | INFO | src.tmc_shapley_islands |   Southern 3: phi=0.019884, phi/n=0.00003405
2026-03-03 03:45:01 | INFO | src.tmc_shapley_islands |   Southern 4: phi=0.059480, phi/n=0.00012239
2026-03-03 03:45:01 | INFO | src.tmc_shapley_islands |   Southern 5: phi=0.002530, phi/n=0.00001253
2026-03-03 03:45:01 | INFO | src.tmc_shapley_islands | Curve retraining early stopping: enabled=True, patience=20
2026-03-03 03:45:01 | INFO | src.tmc_shapley_islands | Computing add-islands curve (evaluated on test set)...
2026-03-03 03:45:01 | INFO | src.tmc_shapley_islands | Add-curve (mean): 1 islands, n=158 -> corr=0.1000
2026-03-03 03:45:01 | INFO | src.tmc_shapley_islands | Add-curve (mean): 2 islands, n=514 -> corr=0.1340
2026-03-03 03:45:01 | INFO | src.tmc_shapley_islands | Add-curve (mean): 3 islands, n=633 -> corr=0.1632
2026-03-03 03:45:02 | INFO | src.tmc_shapley_islands | Add-curve (mean): 4 islands, n=1119 -> corr=0.1721
2026-03-03 03:45:02 | INFO | src.tmc_shapley_islands | Add-curve (mean): 5 islands, n=1702 -> corr=0.1652
2026-03-03 03:45:04 | INFO | src.tmc_shapley_islands | Add-curve (mean): 6 islands, n=1961 -> corr=0.1870
2026-03-03 03:45:05 | INFO | src.tmc_shapley_islands | Add-curve (mean): 7 islands, n=2545 -> corr=0.1837
2026-03-03 03:45:06 | INFO | src.tmc_shapley_islands | Add-curve (mean): 8 islands, n=3103 -> corr=0.1182
2026-03-03 03:45:07 | INFO | src.tmc_shapley_islands | Add-curve (mean): 9 islands, n=3305 -> corr=0.1227
2026-03-03 03:45:09 | INFO | src.tmc_shapley_islands | Add-curve (mean): 10 islands, n=4383 -> corr=0.1088
2026-03-03 03:45:11 | INFO | src.tmc_shapley_islands | Add-curve (mean): 11 islands, n=4577 -> corr=0.1176
2026-03-03 03:45:13 | INFO | src.tmc_shapley_islands | Add-curve (mean): 12 islands, n=4974 -> corr=0.1147
2026-03-03 03:45:15 | INFO | src.tmc_shapley_islands | Add-curve (mean): 13 islands, n=5266 -> corr=0.0942
2026-03-03 03:45:17 | INFO | src.tmc_shapley_islands | Add-curve (mean): 14 islands, n=5439 -> corr=0.1137
2026-03-03 03:45:20 | INFO | src.tmc_shapley_islands | Add-curve (mean): 15 islands, n=5531 -> corr=0.1356
2026-03-03 03:45:34 | INFO | src.tmc_shapley_islands | Random individual add-curve (seed=0) complete
2026-03-03 03:45:48 | INFO | src.tmc_shapley_islands | Random individual add-curve (seed=1) complete
2026-03-03 03:46:10 | INFO | src.tmc_shapley_islands | Random individual add-curve (seed=2) complete
2026-03-03 03:46:25 | INFO | src.tmc_shapley_islands | Random individual add-curve (seed=3) complete
2026-03-03 03:46:40 | INFO | src.tmc_shapley_islands | Random individual add-curve (seed=4) complete
2026-03-03 03:46:40 | INFO | src.tmc_shapley_islands | Building mirrored remove-islands curve from add-islands curve...
2026-03-03 03:46:40 | INFO | src.tmc_shapley_islands | Saved Shapley values to outputs/tmc_shapley_sweep2_2/shards/shard_004/tmp/shapley_island_values_target_9.csv
2026-03-03 03:46:40 | INFO | src.tmc_shapley_islands | Saved summary to outputs/tmc_shapley_sweep2_2/shards/shard_004/tmp/tmc_summary_target_9.json
2026-03-03 03:46:40 | INFO | src.tmc_shapley_islands | Saved intermediate ranking trace to outputs/tmc_shapley_sweep2_2/shards/shard_004/tmp/tmc_intermediate_rankings_target_9.csv
2026-03-03 03:46:40 | INFO | src.tmc_shapley_islands | Saved add-curve to outputs/tmc_shapley_sweep2_2/shards/shard_004/tmp/add_curve_target_9.csv
2026-03-03 03:46:40 | INFO | src.tmc_shapley_islands | Saved remove-curve to outputs/tmc_shapley_sweep2_2/shards/shard_004/tmp/remove_curve_target_9.csv
2026-03-03 03:46:41 | INFO | src.tmc_shapley_islands | Saved bar plot to outputs/tmc_shapley_sweep2_2/shards/shard_004/tmp/shapley_bar_target_9.png
2026-03-03 03:46:41 | INFO | src.tmc_shapley_islands | Saved add-curve plot to outputs/tmc_shapley_sweep2_2/shards/shard_004/tmp/add_curve_target_9.png
2026-03-03 03:46:42 | INFO | src.tmc_shapley_islands | Saved remove-curve plot to outputs/tmc_shapley_sweep2_2/shards/shard_004/tmp/remove_curve_target_9.png
2026-03-03 03:46:42 | INFO | __main__ | Shard 4/5 progress 46/50 | target=9 cal=0.250 perm=50 repeat=9
2026-03-03 03:46:42 | INFO | src.tmc_shapley_islands | [Shapley] Target island: 9 (Sleneset), source islands: 15
2026-03-03 03:46:42 | INFO | src.tmc_shapley_islands | Data: source=5531 (across 15 islands), cal=41, test=125
2026-03-03 03:46:42 | INFO | src.tmc_shapley_islands | SNP selection: using fixed precomputed subset (n=20000)
2026-03-03 03:46:42 | INFO | src.tmc_shapley_islands | Island counts (capped to None in training):
  Nesøy: n=119
  Myken: n=92
  Træna: n=292
  Selvær: n=194
  Gjerøy: n=558
  Hestmannøy: n=1078
  Indre Kvarøy: n=356
  Onøy og Lurøy: n=259
  Lovund: n=158
  Aldra: n=173
  Southern 1: n=583
  Southern 2: n=397
  Southern 3: n=584
  Southern 4: n=486
  Southern 5: n=202
2026-03-03 03:46:42 | INFO | src.tmc_shapley_islands | Loaded 320 cached utilities from outputs/tmc_shapley_sweep2_2/cache/utility_cache_target_9_seed_130747131.json
2026-03-03 03:46:42 | INFO | src.tmc_shapley_islands | Running TMC-Shapley with 50 permutations (utility on cal set)...
2026-03-03 03:46:42 | INFO | src.tmc_shapley_islands | Computing V_full over all 15 source islands...
2026-03-03 03:46:42 | INFO | src.tmc_shapley_islands | V_full = 0.2786
2026-03-03 03:46:42 | INFO | src.tmc_shapley_islands | TMC head-start: loaded 25 completed permutations from state outputs/tmc_shapley_sweep2_2/cache/tmc_perm_state_target_9_seed_130747131.json
2026-03-03 03:47:48 | INFO | src.tmc_shapley_islands | TMC progress: 30/50 permutations done, cache hit rate: 22.4%, n_evals: 59
2026-03-03 03:50:01 | INFO | src.tmc_shapley_islands | TMC progress: 40/50 permutations done, cache hit rate: 22.6%, n_evals: 175
2026-03-03 03:52:35 | INFO | src.tmc_shapley_islands | TMC progress: 50/50 permutations done, cache hit rate: 24.2%, n_evals: 285
2026-03-03 03:52:35 | INFO | src.tmc_shapley_islands | TMC complete: 50 permutations, 0 truncated, 285 utility evals, cache hit rate: 24.2%
2026-03-03 03:52:35 | INFO | src.tmc_shapley_islands | Shapley values (phi, computed on cal set):
2026-03-03 03:52:35 | INFO | src.tmc_shapley_islands |   Nesøy: phi=0.106338, phi/n=0.00089360
2026-03-03 03:52:35 | INFO | src.tmc_shapley_islands |   Myken: phi=0.052757, phi/n=0.00057345
2026-03-03 03:52:35 | INFO | src.tmc_shapley_islands |   Træna: phi=-0.091046, phi/n=-0.00031180
2026-03-03 03:52:35 | INFO | src.tmc_shapley_islands |   Selvær: phi=-0.030580, phi/n=-0.00015763
2026-03-03 03:52:35 | INFO | src.tmc_shapley_islands |   Gjerøy: phi=0.000683, phi/n=0.00000122
2026-03-03 03:52:35 | INFO | src.tmc_shapley_islands |   Hestmannøy: phi=0.093912, phi/n=0.00008712
2026-03-03 03:52:35 | INFO | src.tmc_shapley_islands |   Indre Kvarøy: phi=0.116119, phi/n=0.00032618
2026-03-03 03:52:35 | INFO | src.tmc_shapley_islands |   Onøy og Lurøy: phi=-0.093188, phi/n=-0.00035980
2026-03-03 03:52:35 | INFO | src.tmc_shapley_islands |   Lovund: phi=0.162668, phi/n=0.00102954
2026-03-03 03:52:35 | INFO | src.tmc_shapley_islands |   Aldra: phi=0.002337, phi/n=0.00001351
2026-03-03 03:52:35 | INFO | src.tmc_shapley_islands |   Southern 1: phi=-0.052924, phi/n=-0.00009078
2026-03-03 03:52:35 | INFO | src.tmc_shapley_islands |   Southern 2: phi=-0.016650, phi/n=-0.00004194
2026-03-03 03:52:35 | INFO | src.tmc_shapley_islands |   Southern 3: phi=-0.057439, phi/n=-0.00009836
2026-03-03 03:52:35 | INFO | src.tmc_shapley_islands |   Southern 4: phi=0.032385, phi/n=0.00006663
2026-03-03 03:52:35 | INFO | src.tmc_shapley_islands |   Southern 5: phi=0.053249, phi/n=0.00026361
2026-03-03 03:52:35 | INFO | src.tmc_shapley_islands | Curve retraining early stopping: enabled=True, patience=20
2026-03-03 03:52:35 | INFO | src.tmc_shapley_islands | Computing add-islands curve (evaluated on test set)...
2026-03-03 03:52:35 | INFO | src.tmc_shapley_islands | Add-curve (mean): 1 islands, n=158 -> corr=0.0723
2026-03-03 03:52:35 | INFO | src.tmc_shapley_islands | Add-curve (mean): 2 islands, n=277 -> corr=0.1014
2026-03-03 03:52:35 | INFO | src.tmc_shapley_islands | Add-curve (mean): 3 islands, n=369 -> corr=0.1248
2026-03-03 03:52:35 | INFO | src.tmc_shapley_islands | Add-curve (mean): 4 islands, n=725 -> corr=0.1290
2026-03-03 03:52:36 | INFO | src.tmc_shapley_islands | Add-curve (mean): 5 islands, n=927 -> corr=0.1294
2026-03-03 03:52:36 | INFO | src.tmc_shapley_islands | Add-curve (mean): 6 islands, n=2005 -> corr=0.0953
2026-03-03 03:52:37 | INFO | src.tmc_shapley_islands | Add-curve (mean): 7 islands, n=2491 -> corr=0.1091
2026-03-03 03:52:38 | INFO | src.tmc_shapley_islands | Add-curve (mean): 8 islands, n=2664 -> corr=0.1181
2026-03-03 03:52:39 | INFO | src.tmc_shapley_islands | Add-curve (mean): 9 islands, n=3222 -> corr=0.0698
2026-03-03 03:52:40 | INFO | src.tmc_shapley_islands | Add-curve (mean): 10 islands, n=3619 -> corr=0.0641
2026-03-03 03:52:42 | INFO | src.tmc_shapley_islands | Add-curve (mean): 11 islands, n=4202 -> corr=0.0758
2026-03-03 03:52:44 | INFO | src.tmc_shapley_islands | Add-curve (mean): 12 islands, n=4786 -> corr=0.0890
2026-03-03 03:52:45 | INFO | src.tmc_shapley_islands | Add-curve (mean): 13 islands, n=4980 -> corr=0.1006
2026-03-03 03:52:47 | INFO | src.tmc_shapley_islands | Add-curve (mean): 14 islands, n=5272 -> corr=0.0848
2026-03-03 03:52:49 | INFO | src.tmc_shapley_islands | Add-curve (mean): 15 islands, n=5531 -> corr=0.1180
2026-03-03 03:53:01 | INFO | src.tmc_shapley_islands | Random individual add-curve (seed=0) complete
2026-03-03 03:53:11 | INFO | src.tmc_shapley_islands | Random individual add-curve (seed=1) complete
2026-03-03 03:53:24 | INFO | src.tmc_shapley_islands | Random individual add-curve (seed=2) complete
2026-03-03 03:53:34 | INFO | src.tmc_shapley_islands | Random individual add-curve (seed=3) complete
2026-03-03 03:53:47 | INFO | src.tmc_shapley_islands | Random individual add-curve (seed=4) complete
2026-03-03 03:53:47 | INFO | src.tmc_shapley_islands | Building mirrored remove-islands curve from add-islands curve...
2026-03-03 03:53:47 | INFO | src.tmc_shapley_islands | Saved Shapley values to outputs/tmc_shapley_sweep2_2/shards/shard_004/tmp/shapley_island_values_target_9.csv
2026-03-03 03:53:47 | INFO | src.tmc_shapley_islands | Saved summary to outputs/tmc_shapley_sweep2_2/shards/shard_004/tmp/tmc_summary_target_9.json
2026-03-03 03:53:47 | INFO | src.tmc_shapley_islands | Saved intermediate ranking trace to outputs/tmc_shapley_sweep2_2/shards/shard_004/tmp/tmc_intermediate_rankings_target_9.csv
2026-03-03 03:53:47 | INFO | src.tmc_shapley_islands | Saved add-curve to outputs/tmc_shapley_sweep2_2/shards/shard_004/tmp/add_curve_target_9.csv
2026-03-03 03:53:47 | INFO | src.tmc_shapley_islands | Saved remove-curve to outputs/tmc_shapley_sweep2_2/shards/shard_004/tmp/remove_curve_target_9.csv
2026-03-03 03:53:47 | INFO | src.tmc_shapley_islands | Saved bar plot to outputs/tmc_shapley_sweep2_2/shards/shard_004/tmp/shapley_bar_target_9.png
2026-03-03 03:53:48 | INFO | src.tmc_shapley_islands | Saved add-curve plot to outputs/tmc_shapley_sweep2_2/shards/shard_004/tmp/add_curve_target_9.png
2026-03-03 03:53:48 | INFO | src.tmc_shapley_islands | Saved remove-curve plot to outputs/tmc_shapley_sweep2_2/shards/shard_004/tmp/remove_curve_target_9.png
2026-03-03 03:53:48 | INFO | __main__ | Shard 4/5 progress 47/50 | target=9 cal=0.250 perm=75 repeat=4
2026-03-03 03:53:48 | INFO | src.tmc_shapley_islands | [Shapley] Target island: 9 (Sleneset), source islands: 15
2026-03-03 03:53:49 | INFO | src.tmc_shapley_islands | Data: source=5531 (across 15 islands), cal=41, test=125
2026-03-03 03:53:49 | INFO | src.tmc_shapley_islands | SNP selection: using fixed precomputed subset (n=20000)
2026-03-03 03:53:49 | INFO | src.tmc_shapley_islands | Island counts (capped to None in training):
  Nesøy: n=119
  Myken: n=92
  Træna: n=292
  Selvær: n=194
  Gjerøy: n=558
  Hestmannøy: n=1078
  Indre Kvarøy: n=356
  Onøy og Lurøy: n=259
  Lovund: n=158
  Aldra: n=173
  Southern 1: n=583
  Southern 2: n=397
  Southern 3: n=584
  Southern 4: n=486
  Southern 5: n=202
2026-03-03 03:53:49 | INFO | src.tmc_shapley_islands | Loaded 602 cached utilities from outputs/tmc_shapley_sweep2_2/cache/utility_cache_target_9_seed_2050224354.json
2026-03-03 03:53:49 | INFO | src.tmc_shapley_islands | Running TMC-Shapley with 75 permutations (utility on cal set)...
2026-03-03 03:53:49 | INFO | src.tmc_shapley_islands | Computing V_full over all 15 source islands...
2026-03-03 03:53:49 | INFO | src.tmc_shapley_islands | V_full = 0.2667
2026-03-03 03:53:49 | INFO | src.tmc_shapley_islands | TMC head-start: loaded 50 completed permutations from state outputs/tmc_shapley_sweep2_2/cache/tmc_perm_state_target_9_seed_2050224354.json
2026-03-03 03:56:06 | INFO | src.tmc_shapley_islands | TMC progress: 60/75 permutations done, cache hit rate: 31.1%, n_evals: 104
2026-03-03 03:58:49 | INFO | src.tmc_shapley_islands | TMC progress: 75/75 permutations done, cache hit rate: 31.1%, n_evals: 259
2026-03-03 03:58:49 | INFO | src.tmc_shapley_islands | TMC complete: 75 permutations, 0 truncated, 259 utility evals, cache hit rate: 31.1%
2026-03-03 03:58:49 | INFO | src.tmc_shapley_islands | Shapley values (phi, computed on cal set):
2026-03-03 03:58:49 | INFO | src.tmc_shapley_islands |   Nesøy: phi=0.036038, phi/n=0.00030284
2026-03-03 03:58:49 | INFO | src.tmc_shapley_islands |   Myken: phi=-0.046883, phi/n=-0.00050960
2026-03-03 03:58:49 | INFO | src.tmc_shapley_islands |   Træna: phi=-0.050347, phi/n=-0.00017242
2026-03-03 03:58:49 | INFO | src.tmc_shapley_islands |   Selvær: phi=-0.011356, phi/n=-0.00005854
2026-03-03 03:58:49 | INFO | src.tmc_shapley_islands |   Gjerøy: phi=0.016208, phi/n=0.00002905
2026-03-03 03:58:49 | INFO | src.tmc_shapley_islands |   Hestmannøy: phi=0.006657, phi/n=0.00000618
2026-03-03 03:58:49 | INFO | src.tmc_shapley_islands |   Indre Kvarøy: phi=0.153750, phi/n=0.00043188
2026-03-03 03:58:49 | INFO | src.tmc_shapley_islands |   Onøy og Lurøy: phi=0.014709, phi/n=0.00005679
2026-03-03 03:58:49 | INFO | src.tmc_shapley_islands |   Lovund: phi=0.146988, phi/n=0.00093031
2026-03-03 03:58:49 | INFO | src.tmc_shapley_islands |   Aldra: phi=-0.089280, phi/n=-0.00051607
2026-03-03 03:58:49 | INFO | src.tmc_shapley_islands |   Southern 1: phi=0.049796, phi/n=0.00008541
2026-03-03 03:58:49 | INFO | src.tmc_shapley_islands |   Southern 2: phi=-0.039311, phi/n=-0.00009902
2026-03-03 03:58:49 | INFO | src.tmc_shapley_islands |   Southern 3: phi=0.019677, phi/n=0.00003369
2026-03-03 03:58:49 | INFO | src.tmc_shapley_islands |   Southern 4: phi=0.058682, phi/n=0.00012074
2026-03-03 03:58:49 | INFO | src.tmc_shapley_islands |   Southern 5: phi=0.001324, phi/n=0.00000655
2026-03-03 03:58:49 | INFO | src.tmc_shapley_islands | Curve retraining early stopping: enabled=True, patience=20
2026-03-03 03:58:49 | INFO | src.tmc_shapley_islands | Computing add-islands curve (evaluated on test set)...
2026-03-03 03:58:49 | INFO | src.tmc_shapley_islands | Add-curve (mean): 1 islands, n=158 -> corr=0.1000
2026-03-03 03:58:49 | INFO | src.tmc_shapley_islands | Add-curve (mean): 2 islands, n=514 -> corr=0.1340
2026-03-03 03:58:49 | INFO | src.tmc_shapley_islands | Add-curve (mean): 3 islands, n=633 -> corr=0.1632
2026-03-03 03:58:49 | INFO | src.tmc_shapley_islands | Add-curve (mean): 4 islands, n=1119 -> corr=0.1721
2026-03-03 03:58:50 | INFO | src.tmc_shapley_islands | Add-curve (mean): 5 islands, n=1702 -> corr=0.1652
2026-03-03 03:58:52 | INFO | src.tmc_shapley_islands | Add-curve (mean): 6 islands, n=1961 -> corr=0.1870
2026-03-03 03:58:53 | INFO | src.tmc_shapley_islands | Add-curve (mean): 7 islands, n=2545 -> corr=0.1837
2026-03-03 03:59:01 | INFO | src.tmc_shapley_islands | Add-curve (mean): 8 islands, n=3103 -> corr=0.1182
2026-03-03 03:59:06 | INFO | src.tmc_shapley_islands | Add-curve (mean): 9 islands, n=3305 -> corr=0.1227
2026-03-03 03:59:08 | INFO | src.tmc_shapley_islands | Add-curve (mean): 10 islands, n=4383 -> corr=0.1088
2026-03-03 03:59:09 | INFO | src.tmc_shapley_islands | Add-curve (mean): 11 islands, n=4577 -> corr=0.1176
2026-03-03 03:59:11 | INFO | src.tmc_shapley_islands | Add-curve (mean): 12 islands, n=4974 -> corr=0.1147
2026-03-03 03:59:13 | INFO | src.tmc_shapley_islands | Add-curve (mean): 13 islands, n=5266 -> corr=0.0942
2026-03-03 03:59:16 | INFO | src.tmc_shapley_islands | Add-curve (mean): 14 islands, n=5358 -> corr=0.1167
2026-03-03 03:59:18 | INFO | src.tmc_shapley_islands | Add-curve (mean): 15 islands, n=5531 -> corr=0.1356
2026-03-03 03:59:31 | INFO | src.tmc_shapley_islands | Random individual add-curve (seed=0) complete
2026-03-03 03:59:46 | INFO | src.tmc_shapley_islands | Random individual add-curve (seed=1) complete
2026-03-03 04:00:00 | INFO | src.tmc_shapley_islands | Random individual add-curve (seed=2) complete
2026-03-03 04:00:16 | INFO | src.tmc_shapley_islands | Random individual add-curve (seed=3) complete
2026-03-03 04:00:29 | INFO | src.tmc_shapley_islands | Random individual add-curve (seed=4) complete
2026-03-03 04:00:29 | INFO | src.tmc_shapley_islands | Building mirrored remove-islands curve from add-islands curve...
2026-03-03 04:00:29 | INFO | src.tmc_shapley_islands | Saved Shapley values to outputs/tmc_shapley_sweep2_2/shards/shard_004/tmp/shapley_island_values_target_9.csv
2026-03-03 04:00:29 | INFO | src.tmc_shapley_islands | Saved summary to outputs/tmc_shapley_sweep2_2/shards/shard_004/tmp/tmc_summary_target_9.json
2026-03-03 04:00:29 | INFO | src.tmc_shapley_islands | Saved intermediate ranking trace to outputs/tmc_shapley_sweep2_2/shards/shard_004/tmp/tmc_intermediate_rankings_target_9.csv
2026-03-03 04:00:29 | INFO | src.tmc_shapley_islands | Saved add-curve to outputs/tmc_shapley_sweep2_2/shards/shard_004/tmp/add_curve_target_9.csv
2026-03-03 04:00:29 | INFO | src.tmc_shapley_islands | Saved remove-curve to outputs/tmc_shapley_sweep2_2/shards/shard_004/tmp/remove_curve_target_9.csv
2026-03-03 04:00:30 | INFO | src.tmc_shapley_islands | Saved bar plot to outputs/tmc_shapley_sweep2_2/shards/shard_004/tmp/shapley_bar_target_9.png
2026-03-03 04:00:30 | INFO | src.tmc_shapley_islands | Saved add-curve plot to outputs/tmc_shapley_sweep2_2/shards/shard_004/tmp/add_curve_target_9.png
2026-03-03 04:00:31 | INFO | src.tmc_shapley_islands | Saved remove-curve plot to outputs/tmc_shapley_sweep2_2/shards/shard_004/tmp/remove_curve_target_9.png
2026-03-03 04:00:31 | INFO | __main__ | Shard 4/5 progress 48/50 | target=9 cal=0.250 perm=75 repeat=9
2026-03-03 04:00:31 | INFO | src.tmc_shapley_islands | [Shapley] Target island: 9 (Sleneset), source islands: 15
2026-03-03 04:00:32 | INFO | src.tmc_shapley_islands | Data: source=5531 (across 15 islands), cal=41, test=125
2026-03-03 04:00:32 | INFO | src.tmc_shapley_islands | SNP selection: using fixed precomputed subset (n=20000)
2026-03-03 04:00:32 | INFO | src.tmc_shapley_islands | Island counts (capped to None in training):
  Nesøy: n=119
  Myken: n=92
  Træna: n=292
  Selvær: n=194
  Gjerøy: n=558
  Hestmannøy: n=1078
  Indre Kvarøy: n=356
  Onøy og Lurøy: n=259
  Lovund: n=158
  Aldra: n=173
  Southern 1: n=583
  Southern 2: n=397
  Southern 3: n=584
  Southern 4: n=486
  Southern 5: n=202
2026-03-03 04:00:32 | INFO | src.tmc_shapley_islands | Loaded 605 cached utilities from outputs/tmc_shapley_sweep2_2/cache/utility_cache_target_9_seed_130747131.json
2026-03-03 04:00:32 | INFO | src.tmc_shapley_islands | Running TMC-Shapley with 75 permutations (utility on cal set)...
2026-03-03 04:00:32 | INFO | src.tmc_shapley_islands | Computing V_full over all 15 source islands...
2026-03-03 04:00:32 | INFO | src.tmc_shapley_islands | V_full = 0.2786
2026-03-03 04:00:32 | INFO | src.tmc_shapley_islands | TMC head-start: loaded 50 completed permutations from state outputs/tmc_shapley_sweep2_2/cache/tmc_perm_state_target_9_seed_130747131.json
2026-03-03 04:02:39 | INFO | src.tmc_shapley_islands | TMC progress: 60/75 permutations done, cache hit rate: 28.5%, n_evals: 108
2026-03-03 04:06:17 | INFO | src.tmc_shapley_islands | TMC progress: 75/75 permutations done, cache hit rate: 29.3%, n_evals: 266
2026-03-03 04:06:17 | INFO | src.tmc_shapley_islands | TMC complete: 75 permutations, 0 truncated, 266 utility evals, cache hit rate: 29.3%
2026-03-03 04:06:17 | INFO | src.tmc_shapley_islands | Shapley values (phi, computed on cal set):
2026-03-03 04:06:17 | INFO | src.tmc_shapley_islands |   Nesøy: phi=0.098967, phi/n=0.00083166
2026-03-03 04:06:17 | INFO | src.tmc_shapley_islands |   Myken: phi=0.050331, phi/n=0.00054708
2026-03-03 04:06:17 | INFO | src.tmc_shapley_islands |   Træna: phi=-0.085080, phi/n=-0.00029137
2026-03-03 04:06:17 | INFO | src.tmc_shapley_islands |   Selvær: phi=-0.027461, phi/n=-0.00014155
2026-03-03 04:06:17 | INFO | src.tmc_shapley_islands |   Gjerøy: phi=0.003560, phi/n=0.00000638
2026-03-03 04:06:17 | INFO | src.tmc_shapley_islands |   Hestmannøy: phi=0.093726, phi/n=0.00008694
2026-03-03 04:06:17 | INFO | src.tmc_shapley_islands |   Indre Kvarøy: phi=0.120545, phi/n=0.00033861
2026-03-03 04:06:17 | INFO | src.tmc_shapley_islands |   Onøy og Lurøy: phi=-0.083818, phi/n=-0.00032362
2026-03-03 04:06:17 | INFO | src.tmc_shapley_islands |   Lovund: phi=0.160105, phi/n=0.00101332
2026-03-03 04:06:17 | INFO | src.tmc_shapley_islands |   Aldra: phi=0.002276, phi/n=0.00001315
2026-03-03 04:06:17 | INFO | src.tmc_shapley_islands |   Southern 1: phi=-0.058796, phi/n=-0.00010085
2026-03-03 04:06:17 | INFO | src.tmc_shapley_islands |   Southern 2: phi=-0.015078, phi/n=-0.00003798
2026-03-03 04:06:17 | INFO | src.tmc_shapley_islands |   Southern 3: phi=-0.057262, phi/n=-0.00009805
2026-03-03 04:06:17 | INFO | src.tmc_shapley_islands |   Southern 4: phi=0.029699, phi/n=0.00006111
2026-03-03 04:06:17 | INFO | src.tmc_shapley_islands |   Southern 5: phi=0.046904, phi/n=0.00023220
2026-03-03 04:06:17 | INFO | src.tmc_shapley_islands | Curve retraining early stopping: enabled=True, patience=20
2026-03-03 04:06:17 | INFO | src.tmc_shapley_islands | Computing add-islands curve (evaluated on test set)...
2026-03-03 04:06:17 | INFO | src.tmc_shapley_islands | Add-curve (mean): 1 islands, n=158 -> corr=0.0723
2026-03-03 04:06:17 | INFO | src.tmc_shapley_islands | Add-curve (mean): 2 islands, n=277 -> corr=0.1014
2026-03-03 04:06:17 | INFO | src.tmc_shapley_islands | Add-curve (mean): 3 islands, n=369 -> corr=0.1248
2026-03-03 04:06:17 | INFO | src.tmc_shapley_islands | Add-curve (mean): 4 islands, n=725 -> corr=0.1290
2026-03-03 04:06:17 | INFO | src.tmc_shapley_islands | Add-curve (mean): 5 islands, n=927 -> corr=0.1294
2026-03-03 04:06:18 | INFO | src.tmc_shapley_islands | Add-curve (mean): 6 islands, n=2005 -> corr=0.0953
2026-03-03 04:06:19 | INFO | src.tmc_shapley_islands | Add-curve (mean): 7 islands, n=2491 -> corr=0.1091
2026-03-03 04:06:20 | INFO | src.tmc_shapley_islands | Add-curve (mean): 8 islands, n=2664 -> corr=0.1181
2026-03-03 04:06:21 | INFO | src.tmc_shapley_islands | Add-curve (mean): 9 islands, n=3222 -> corr=0.0698
2026-03-03 04:06:23 | INFO | src.tmc_shapley_islands | Add-curve (mean): 10 islands, n=3619 -> corr=0.0641
2026-03-03 04:06:24 | INFO | src.tmc_shapley_islands | Add-curve (mean): 11 islands, n=4203 -> corr=0.0788
2026-03-03 04:06:26 | INFO | src.tmc_shapley_islands | Add-curve (mean): 12 islands, n=4786 -> corr=0.0890
2026-03-03 04:06:28 | INFO | src.tmc_shapley_islands | Add-curve (mean): 13 islands, n=4980 -> corr=0.1006
2026-03-03 04:06:30 | INFO | src.tmc_shapley_islands | Add-curve (mean): 14 islands, n=5272 -> corr=0.0848
2026-03-03 04:06:33 | INFO | src.tmc_shapley_islands | Add-curve (mean): 15 islands, n=5531 -> corr=0.1180
2026-03-03 04:06:45 | INFO | src.tmc_shapley_islands | Random individual add-curve (seed=0) complete
2026-03-03 04:07:00 | INFO | src.tmc_shapley_islands | Random individual add-curve (seed=1) complete
2026-03-03 04:07:13 | INFO | src.tmc_shapley_islands | Random individual add-curve (seed=2) complete
2026-03-03 04:07:24 | INFO | src.tmc_shapley_islands | Random individual add-curve (seed=3) complete
2026-03-03 04:07:36 | INFO | src.tmc_shapley_islands | Random individual add-curve (seed=4) complete
2026-03-03 04:07:36 | INFO | src.tmc_shapley_islands | Building mirrored remove-islands curve from add-islands curve...
2026-03-03 04:07:36 | INFO | src.tmc_shapley_islands | Saved Shapley values to outputs/tmc_shapley_sweep2_2/shards/shard_004/tmp/shapley_island_values_target_9.csv
2026-03-03 04:07:36 | INFO | src.tmc_shapley_islands | Saved summary to outputs/tmc_shapley_sweep2_2/shards/shard_004/tmp/tmc_summary_target_9.json
2026-03-03 04:07:36 | INFO | src.tmc_shapley_islands | Saved intermediate ranking trace to outputs/tmc_shapley_sweep2_2/shards/shard_004/tmp/tmc_intermediate_rankings_target_9.csv
2026-03-03 04:07:36 | INFO | src.tmc_shapley_islands | Saved add-curve to outputs/tmc_shapley_sweep2_2/shards/shard_004/tmp/add_curve_target_9.csv
2026-03-03 04:07:36 | INFO | src.tmc_shapley_islands | Saved remove-curve to outputs/tmc_shapley_sweep2_2/shards/shard_004/tmp/remove_curve_target_9.csv
2026-03-03 04:07:36 | INFO | src.tmc_shapley_islands | Saved bar plot to outputs/tmc_shapley_sweep2_2/shards/shard_004/tmp/shapley_bar_target_9.png
2026-03-03 04:07:37 | INFO | src.tmc_shapley_islands | Saved add-curve plot to outputs/tmc_shapley_sweep2_2/shards/shard_004/tmp/add_curve_target_9.png
2026-03-03 04:07:37 | INFO | src.tmc_shapley_islands | Saved remove-curve plot to outputs/tmc_shapley_sweep2_2/shards/shard_004/tmp/remove_curve_target_9.png
2026-03-03 04:07:37 | INFO | __main__ | Shard 4/5 progress 49/50 | target=9 cal=0.250 perm=100 repeat=4
2026-03-03 04:07:37 | INFO | src.tmc_shapley_islands | [Shapley] Target island: 9 (Sleneset), source islands: 15
2026-03-03 04:07:38 | INFO | src.tmc_shapley_islands | Data: source=5531 (across 15 islands), cal=41, test=125
2026-03-03 04:07:38 | INFO | src.tmc_shapley_islands | SNP selection: using fixed precomputed subset (n=20000)
2026-03-03 04:07:38 | INFO | src.tmc_shapley_islands | Island counts (capped to None in training):
  Nesøy: n=119
  Myken: n=92
  Træna: n=292
  Selvær: n=194
  Gjerøy: n=558
  Hestmannøy: n=1078
  Indre Kvarøy: n=356
  Onøy og Lurøy: n=259
  Lovund: n=158
  Aldra: n=173
  Southern 1: n=583
  Southern 2: n=397
  Southern 3: n=584
  Southern 4: n=486
  Southern 5: n=202
2026-03-03 04:07:38 | INFO | src.tmc_shapley_islands | Loaded 861 cached utilities from outputs/tmc_shapley_sweep2_2/cache/utility_cache_target_9_seed_2050224354.json
2026-03-03 04:07:38 | INFO | src.tmc_shapley_islands | Running TMC-Shapley with 100 permutations (utility on cal set)...
2026-03-03 04:07:38 | INFO | src.tmc_shapley_islands | Computing V_full over all 15 source islands...
2026-03-03 04:07:38 | INFO | src.tmc_shapley_islands | V_full = 0.2667
2026-03-03 04:07:38 | INFO | src.tmc_shapley_islands | TMC head-start: loaded 75 completed permutations from state outputs/tmc_shapley_sweep2_2/cache/tmc_perm_state_target_9_seed_2050224354.json
2026-03-03 04:08:35 | INFO | src.tmc_shapley_islands | TMC progress: 80/100 permutations done, cache hit rate: 30.3%, n_evals: 53
2026-03-03 04:12:28 | INFO | src.tmc_shapley_islands | TMC progress: 100/100 permutations done, cache hit rate: 30.3%, n_evals: 262
2026-03-03 04:12:28 | INFO | src.tmc_shapley_islands | TMC complete: 100 permutations, 0 truncated, 262 utility evals, cache hit rate: 30.3%
2026-03-03 04:12:28 | INFO | src.tmc_shapley_islands | Shapley values (phi, computed on cal set):
2026-03-03 04:12:28 | INFO | src.tmc_shapley_islands |   Nesøy: phi=0.037016, phi/n=0.00031106
2026-03-03 04:12:28 | INFO | src.tmc_shapley_islands |   Myken: phi=-0.047141, phi/n=-0.00051241
2026-03-03 04:12:28 | INFO | src.tmc_shapley_islands |   Træna: phi=-0.050937, phi/n=-0.00017444
2026-03-03 04:12:28 | INFO | src.tmc_shapley_islands |   Selvær: phi=-0.010868, phi/n=-0.00005602
2026-03-03 04:12:28 | INFO | src.tmc_shapley_islands |   Gjerøy: phi=0.016775, phi/n=0.00003006
2026-03-03 04:12:28 | INFO | src.tmc_shapley_islands |   Hestmannøy: phi=0.008775, phi/n=0.00000814
2026-03-03 04:12:28 | INFO | src.tmc_shapley_islands |   Indre Kvarøy: phi=0.158197, phi/n=0.00044437
2026-03-03 04:12:28 | INFO | src.tmc_shapley_islands |   Onøy og Lurøy: phi=0.013899, phi/n=0.00005367
2026-03-03 04:12:28 | INFO | src.tmc_shapley_islands |   Lovund: phi=0.134765, phi/n=0.00085295
2026-03-03 04:12:28 | INFO | src.tmc_shapley_islands |   Aldra: phi=-0.085037, phi/n=-0.00049154
2026-03-03 04:12:28 | INFO | src.tmc_shapley_islands |   Southern 1: phi=0.049058, phi/n=0.00008415
2026-03-03 04:12:28 | INFO | src.tmc_shapley_islands |   Southern 2: phi=-0.040077, phi/n=-0.00010095
2026-03-03 04:12:28 | INFO | src.tmc_shapley_islands |   Southern 3: phi=0.019246, phi/n=0.00003295
2026-03-03 04:12:28 | INFO | src.tmc_shapley_islands |   Southern 4: phi=0.061739, phi/n=0.00012704
2026-03-03 04:12:28 | INFO | src.tmc_shapley_islands |   Southern 5: phi=0.001241, phi/n=0.00000614
2026-03-03 04:12:28 | INFO | src.tmc_shapley_islands | Curve retraining early stopping: enabled=True, patience=20
2026-03-03 04:12:28 | INFO | src.tmc_shapley_islands | Computing add-islands curve (evaluated on test set)...
2026-03-03 04:12:28 | INFO | src.tmc_shapley_islands | Add-curve (mean): 1 islands, n=158 -> corr=0.1000
2026-03-03 04:12:28 | INFO | src.tmc_shapley_islands | Add-curve (mean): 2 islands, n=514 -> corr=0.1340
2026-03-03 04:12:28 | INFO | src.tmc_shapley_islands | Add-curve (mean): 3 islands, n=633 -> corr=0.1632
2026-03-03 04:12:29 | INFO | src.tmc_shapley_islands | Add-curve (mean): 4 islands, n=1119 -> corr=0.1721
2026-03-03 04:12:30 | INFO | src.tmc_shapley_islands | Add-curve (mean): 5 islands, n=1702 -> corr=0.1652
2026-03-03 04:12:31 | INFO | src.tmc_shapley_islands | Add-curve (mean): 6 islands, n=1961 -> corr=0.1870
2026-03-03 04:12:32 | INFO | src.tmc_shapley_islands | Add-curve (mean): 7 islands, n=2545 -> corr=0.1837
2026-03-03 04:12:33 | INFO | src.tmc_shapley_islands | Add-curve (mean): 8 islands, n=3103 -> corr=0.1182
2026-03-03 04:12:34 | INFO | src.tmc_shapley_islands | Add-curve (mean): 9 islands, n=4181 -> corr=0.1041
2026-03-03 04:12:36 | INFO | src.tmc_shapley_islands | Add-curve (mean): 10 islands, n=4383 -> corr=0.1088
2026-03-03 04:12:38 | INFO | src.tmc_shapley_islands | Add-curve (mean): 11 islands, n=4577 -> corr=0.1176
2026-03-03 04:12:40 | INFO | src.tmc_shapley_islands | Add-curve (mean): 12 islands, n=4974 -> corr=0.1147
2026-03-03 04:12:42 | INFO | src.tmc_shapley_islands | Add-curve (mean): 13 islands, n=5266 -> corr=0.0942
2026-03-03 04:12:44 | INFO | src.tmc_shapley_islands | Add-curve (mean): 14 islands, n=5439 -> corr=0.1137
2026-03-03 04:12:47 | INFO | src.tmc_shapley_islands | Add-curve (mean): 15 islands, n=5531 -> corr=0.1356
2026-03-03 04:13:00 | INFO | src.tmc_shapley_islands | Random individual add-curve (seed=0) complete
2026-03-03 04:13:13 | INFO | src.tmc_shapley_islands | Random individual add-curve (seed=1) complete
2026-03-03 04:13:25 | INFO | src.tmc_shapley_islands | Random individual add-curve (seed=2) complete
2026-03-03 04:13:39 | INFO | src.tmc_shapley_islands | Random individual add-curve (seed=3) complete
2026-03-03 04:13:56 | INFO | src.tmc_shapley_islands | Random individual add-curve (seed=4) complete
2026-03-03 04:13:56 | INFO | src.tmc_shapley_islands | Building mirrored remove-islands curve from add-islands curve...
2026-03-03 04:13:56 | INFO | src.tmc_shapley_islands | Saved Shapley values to outputs/tmc_shapley_sweep2_2/shards/shard_004/tmp/shapley_island_values_target_9.csv
2026-03-03 04:13:56 | INFO | src.tmc_shapley_islands | Saved summary to outputs/tmc_shapley_sweep2_2/shards/shard_004/tmp/tmc_summary_target_9.json
2026-03-03 04:13:56 | INFO | src.tmc_shapley_islands | Saved intermediate ranking trace to outputs/tmc_shapley_sweep2_2/shards/shard_004/tmp/tmc_intermediate_rankings_target_9.csv
2026-03-03 04:13:56 | INFO | src.tmc_shapley_islands | Saved add-curve to outputs/tmc_shapley_sweep2_2/shards/shard_004/tmp/add_curve_target_9.csv
2026-03-03 04:13:56 | INFO | src.tmc_shapley_islands | Saved remove-curve to outputs/tmc_shapley_sweep2_2/shards/shard_004/tmp/remove_curve_target_9.csv
2026-03-03 04:13:57 | INFO | src.tmc_shapley_islands | Saved bar plot to outputs/tmc_shapley_sweep2_2/shards/shard_004/tmp/shapley_bar_target_9.png
2026-03-03 04:13:57 | INFO | src.tmc_shapley_islands | Saved add-curve plot to outputs/tmc_shapley_sweep2_2/shards/shard_004/tmp/add_curve_target_9.png
2026-03-03 04:13:58 | INFO | src.tmc_shapley_islands | Saved remove-curve plot to outputs/tmc_shapley_sweep2_2/shards/shard_004/tmp/remove_curve_target_9.png
2026-03-03 04:13:58 | INFO | __main__ | Shard 4/5 progress 50/50 | target=9 cal=0.250 perm=100 repeat=9
2026-03-03 04:13:58 | INFO | src.tmc_shapley_islands | [Shapley] Target island: 9 (Sleneset), source islands: 15
2026-03-03 04:13:59 | INFO | src.tmc_shapley_islands | Data: source=5531 (across 15 islands), cal=41, test=125
2026-03-03 04:13:59 | INFO | src.tmc_shapley_islands | SNP selection: using fixed precomputed subset (n=20000)
2026-03-03 04:13:59 | INFO | src.tmc_shapley_islands | Island counts (capped to None in training):
  Nesøy: n=119
  Myken: n=92
  Træna: n=292
  Selvær: n=194
  Gjerøy: n=558
  Hestmannøy: n=1078
  Indre Kvarøy: n=356
  Onøy og Lurøy: n=259
  Lovund: n=158
  Aldra: n=173
  Southern 1: n=583
  Southern 2: n=397
  Southern 3: n=584
  Southern 4: n=486
  Southern 5: n=202
2026-03-03 04:13:59 | INFO | src.tmc_shapley_islands | Loaded 871 cached utilities from outputs/tmc_shapley_sweep2_2/cache/utility_cache_target_9_seed_130747131.json
2026-03-03 04:13:59 | INFO | src.tmc_shapley_islands | Running TMC-Shapley with 100 permutations (utility on cal set)...
2026-03-03 04:13:59 | INFO | src.tmc_shapley_islands | Computing V_full over all 15 source islands...
2026-03-03 04:13:59 | INFO | src.tmc_shapley_islands | V_full = 0.2786
2026-03-03 04:13:59 | INFO | src.tmc_shapley_islands | TMC head-start: loaded 75 completed permutations from state outputs/tmc_shapley_sweep2_2/cache/tmc_perm_state_target_9_seed_130747131.json
2026-03-03 04:14:58 | INFO | src.tmc_shapley_islands | TMC progress: 80/100 permutations done, cache hit rate: 28.9%, n_evals: 54
2026-03-03 04:19:28 | INFO | src.tmc_shapley_islands | TMC progress: 100/100 permutations done, cache hit rate: 31.1%, n_evals: 259
2026-03-03 04:19:28 | INFO | src.tmc_shapley_islands | TMC complete: 100 permutations, 0 truncated, 259 utility evals, cache hit rate: 31.1%
2026-03-03 04:19:28 | INFO | src.tmc_shapley_islands | Shapley values (phi, computed on cal set):
2026-03-03 04:19:28 | INFO | src.tmc_shapley_islands |   Nesøy: phi=0.099752, phi/n=0.00083826
2026-03-03 04:19:28 | INFO | src.tmc_shapley_islands |   Myken: phi=0.047811, phi/n=0.00051968
2026-03-03 04:19:28 | INFO | src.tmc_shapley_islands |   Træna: phi=-0.087010, phi/n=-0.00029798
2026-03-03 04:19:28 | INFO | src.tmc_shapley_islands |   Selvær: phi=-0.028199, phi/n=-0.00014536
2026-03-03 04:19:28 | INFO | src.tmc_shapley_islands |   Gjerøy: phi=0.001133, phi/n=0.00000203
2026-03-03 04:19:28 | INFO | src.tmc_shapley_islands |   Hestmannøy: phi=0.094877, phi/n=0.00008801
2026-03-03 04:19:28 | INFO | src.tmc_shapley_islands |   Indre Kvarøy: phi=0.130798, phi/n=0.00036741
2026-03-03 04:19:28 | INFO | src.tmc_shapley_islands |   Onøy og Lurøy: phi=-0.088203, phi/n=-0.00034055
2026-03-03 04:19:28 | INFO | src.tmc_shapley_islands |   Lovund: phi=0.162461, phi/n=0.00102824
2026-03-03 04:19:28 | INFO | src.tmc_shapley_islands |   Aldra: phi=0.002479, phi/n=0.00001433
2026-03-03 04:19:28 | INFO | src.tmc_shapley_islands |   Southern 1: phi=-0.059344, phi/n=-0.00010179
2026-03-03 04:19:28 | INFO | src.tmc_shapley_islands |   Southern 2: phi=-0.015347, phi/n=-0.00003866
2026-03-03 04:19:28 | INFO | src.tmc_shapley_islands |   Southern 3: phi=-0.057401, phi/n=-0.00009829
2026-03-03 04:19:28 | INFO | src.tmc_shapley_islands |   Southern 4: phi=0.028779, phi/n=0.00005922
2026-03-03 04:19:28 | INFO | src.tmc_shapley_islands |   Southern 5: phi=0.046034, phi/n=0.00022789
2026-03-03 04:19:28 | INFO | src.tmc_shapley_islands | Curve retraining early stopping: enabled=True, patience=20
2026-03-03 04:19:28 | INFO | src.tmc_shapley_islands | Computing add-islands curve (evaluated on test set)...
2026-03-03 04:19:28 | INFO | src.tmc_shapley_islands | Add-curve (mean): 1 islands, n=158 -> corr=0.0723
2026-03-03 04:19:28 | INFO | src.tmc_shapley_islands | Add-curve (mean): 2 islands, n=277 -> corr=0.1014
2026-03-03 04:19:28 | INFO | src.tmc_shapley_islands | Add-curve (mean): 3 islands, n=369 -> corr=0.1248
2026-03-03 04:19:29 | INFO | src.tmc_shapley_islands | Add-curve (mean): 4 islands, n=725 -> corr=0.1290
2026-03-03 04:19:29 | INFO | src.tmc_shapley_islands | Add-curve (mean): 5 islands, n=927 -> corr=0.1294
2026-03-03 04:19:30 | INFO | src.tmc_shapley_islands | Add-curve (mean): 6 islands, n=2005 -> corr=0.0953
2026-03-03 04:19:30 | INFO | src.tmc_shapley_islands | Add-curve (mean): 7 islands, n=2491 -> corr=0.1091
2026-03-03 04:19:31 | INFO | src.tmc_shapley_islands | Add-curve (mean): 8 islands, n=2664 -> corr=0.1181
2026-03-03 04:19:32 | INFO | src.tmc_shapley_islands | Add-curve (mean): 9 islands, n=3222 -> corr=0.0698
2026-03-03 04:19:34 | INFO | src.tmc_shapley_islands | Add-curve (mean): 10 islands, n=3619 -> corr=0.0641
2026-03-03 04:19:35 | INFO | src.tmc_shapley_islands | Add-curve (mean): 11 islands, n=4203 -> corr=0.0788
2026-03-03 04:19:37 | INFO | src.tmc_shapley_islands | Add-curve (mean): 12 islands, n=4786 -> corr=0.0890
2026-03-03 04:19:39 | INFO | src.tmc_shapley_islands | Add-curve (mean): 13 islands, n=4980 -> corr=0.1006
2026-03-03 04:19:40 | INFO | src.tmc_shapley_islands | Add-curve (mean): 14 islands, n=5272 -> corr=0.0848
2026-03-03 04:19:43 | INFO | src.tmc_shapley_islands | Add-curve (mean): 15 islands, n=5531 -> corr=0.1180
2026-03-03 04:19:53 | INFO | src.tmc_shapley_islands | Random individual add-curve (seed=0) complete
2026-03-03 04:20:04 | INFO | src.tmc_shapley_islands | Random individual add-curve (seed=1) complete
2026-03-03 04:20:21 | INFO | src.tmc_shapley_islands | Random individual add-curve (seed=2) complete
2026-03-03 04:20:35 | INFO | src.tmc_shapley_islands | Random individual add-curve (seed=3) complete
2026-03-03 04:20:46 | INFO | src.tmc_shapley_islands | Random individual add-curve (seed=4) complete
2026-03-03 04:20:46 | INFO | src.tmc_shapley_islands | Building mirrored remove-islands curve from add-islands curve...
2026-03-03 04:20:46 | INFO | src.tmc_shapley_islands | Saved Shapley values to outputs/tmc_shapley_sweep2_2/shards/shard_004/tmp/shapley_island_values_target_9.csv
2026-03-03 04:20:46 | INFO | src.tmc_shapley_islands | Saved summary to outputs/tmc_shapley_sweep2_2/shards/shard_004/tmp/tmc_summary_target_9.json
2026-03-03 04:20:46 | INFO | src.tmc_shapley_islands | Saved intermediate ranking trace to outputs/tmc_shapley_sweep2_2/shards/shard_004/tmp/tmc_intermediate_rankings_target_9.csv
2026-03-03 04:20:46 | INFO | src.tmc_shapley_islands | Saved add-curve to outputs/tmc_shapley_sweep2_2/shards/shard_004/tmp/add_curve_target_9.csv
2026-03-03 04:20:46 | INFO | src.tmc_shapley_islands | Saved remove-curve to outputs/tmc_shapley_sweep2_2/shards/shard_004/tmp/remove_curve_target_9.csv
2026-03-03 04:20:47 | INFO | src.tmc_shapley_islands | Saved bar plot to outputs/tmc_shapley_sweep2_2/shards/shard_004/tmp/shapley_bar_target_9.png
2026-03-03 04:20:47 | INFO | src.tmc_shapley_islands | Saved add-curve plot to outputs/tmc_shapley_sweep2_2/shards/shard_004/tmp/add_curve_target_9.png
2026-03-03 04:20:48 | INFO | src.tmc_shapley_islands | Saved remove-curve plot to outputs/tmc_shapley_sweep2_2/shards/shard_004/tmp/remove_curve_target_9.png
2026-03-03 04:20:48 | INFO | __main__ | Shard 4 complete. Output: outputs/tmc_shapley_sweep2_2/shards/shard_004
