2026-03-04 14:41:38 | INFO | __main__ | Trait-level sharding enabled: 30 shards = 10 repeats x 3 trait groups (1 traits per group).
2026-03-04 14:41:38 | INFO | __main__ | Using device: cpu
2026-03-04 14:41:38 | INFO | __main__ | Sharding mode: repeat+trait (num_shards=30, n_repeats=10, trait_multiplier=3). This shard handles repeats=[3], traits=['tarsus'].
2026-03-04 14:41:38 | INFO | __main__ | Loading data for trait 'tarsus'...
2026-03-04 14:41:38 | INFO | src.data | Loading data from NPZ: Data/npz/snp_thr_tarsus_ALL.npz
2026-03-04 14:41:46 | INFO | __main__ | Trait 'tarsus': 5650 samples, 65344 SNPs, 16 islands
2026-03-04 14:41:46 | INFO | __main__ | Worker shard=10/30 trait=tarsus | repeats=[3] | perms=[10, 20, 40, 80, 150] | n_cal_samples=[10, 20, 40, 80, 150] | targets=[3, 5, 14]
2026-03-04 14:41:46 | INFO | __main__ | Shard 10/30 trait=tarsus progress 1/75 | target=3 n_cal_samples=10 perm=10 repeat=3
2026-03-04 14:41:46 | INFO | src.tmc_shapley_islands | [Shapley] Target island: 3 (Selvær), source islands: 15
2026-03-04 14:41:47 | INFO | src.tmc_shapley_islands | Data: source=5456 (across 15 islands), cal=10, test=44
2026-03-04 14:41:47 | INFO | src.tmc_shapley_islands | SNP selection: using fixed precomputed subset (n=20000)
2026-03-04 14:41:47 | INFO | src.tmc_shapley_islands | Island counts (capped to None in training):
  Nesøy: n=117
  Myken: n=92
  Træna: n=286
  Gjerøy: n=555
  Hestmannøy: n=1063
  Indre Kvarøy: n=348
  Onøy og Lurøy: n=257
  Lovund: n=152
  Sleneset: n=163
  Aldra: n=173
  Southern 1: n=583
  Southern 2: n=396
  Southern 3: n=583
  Southern 4: n=486
  Southern 5: n=202
2026-03-04 14:41:47 | INFO | src.tmc_shapley_islands | Running TMC-Shapley with 10 permutations (utility on cal set)...
2026-03-04 14:41:47 | INFO | src.tmc_shapley_islands | Computing V_full over all 15 source islands...
2026-03-04 14:41:49 | INFO | src.tmc_shapley_islands | V_full = 0.5881
2026-03-04 14:42:20 | INFO | src.tmc_shapley_islands | TMC progress: 2/10 permutations done, cache hit rate: 6.5%, n_evals: 29
2026-03-04 14:42:53 | INFO | src.tmc_shapley_islands | TMC progress: 4/10 permutations done, cache hit rate: 8.2%, n_evals: 56
2026-03-04 14:43:23 | INFO | src.tmc_shapley_islands | TMC progress: 6/10 permutations done, cache hit rate: 7.7%, n_evals: 84
2026-03-04 14:43:40 | INFO | src.tmc_shapley_islands | TMC progress: 8/10 permutations done, cache hit rate: 10.7%, n_evals: 108
2026-03-04 14:44:05 | INFO | src.tmc_shapley_islands | TMC progress: 10/10 permutations done, cache hit rate: 11.9%, n_evals: 133
2026-03-04 14:44:05 | INFO | src.tmc_shapley_islands | TMC complete: 10 permutations, 0 truncated, 133 utility evals, cache hit rate: 11.9%
2026-03-04 14:44:05 | INFO | src.tmc_shapley_islands | Shapley values (phi, computed on cal set):
2026-03-04 14:44:05 | INFO | src.tmc_shapley_islands |   Nesøy: phi=0.229144, phi/n=0.00195850
2026-03-04 14:44:05 | INFO | src.tmc_shapley_islands |   Myken: phi=-0.055947, phi/n=-0.00060812
2026-03-04 14:44:05 | INFO | src.tmc_shapley_islands |   Træna: phi=-0.001891, phi/n=-0.00000661
2026-03-04 14:44:05 | INFO | src.tmc_shapley_islands |   Gjerøy: phi=0.166458, phi/n=0.00029992
2026-03-04 14:44:05 | INFO | src.tmc_shapley_islands |   Hestmannøy: phi=0.172315, phi/n=0.00016210
2026-03-04 14:44:05 | INFO | src.tmc_shapley_islands |   Indre Kvarøy: phi=0.133118, phi/n=0.00038252
2026-03-04 14:44:05 | INFO | src.tmc_shapley_islands |   Onøy og Lurøy: phi=-0.128546, phi/n=-0.00050018
2026-03-04 14:44:05 | INFO | src.tmc_shapley_islands |   Lovund: phi=0.113536, phi/n=0.00074695
2026-03-04 14:44:05 | INFO | src.tmc_shapley_islands |   Sleneset: phi=-0.052526, phi/n=-0.00032225
2026-03-04 14:44:05 | INFO | src.tmc_shapley_islands |   Aldra: phi=-0.017778, phi/n=-0.00010276
2026-03-04 14:44:05 | INFO | src.tmc_shapley_islands |   Southern 1: phi=0.017954, phi/n=0.00003080
2026-03-04 14:44:05 | INFO | src.tmc_shapley_islands |   Southern 2: phi=-0.010130, phi/n=-0.00002558
2026-03-04 14:44:05 | INFO | src.tmc_shapley_islands |   Southern 3: phi=-0.037553, phi/n=-0.00006441
2026-03-04 14:44:05 | INFO | src.tmc_shapley_islands |   Southern 4: phi=0.100478, phi/n=0.00020674
2026-03-04 14:44:05 | INFO | src.tmc_shapley_islands |   Southern 5: phi=-0.040520, phi/n=-0.00020059
2026-03-04 14:44:05 | INFO | src.tmc_shapley_islands | Curve retraining early stopping: enabled=True, patience=20
2026-03-04 14:44:05 | INFO | src.tmc_shapley_islands | Computing add-islands curve (evaluated on test set)...
2026-03-04 14:44:05 | INFO | src.tmc_shapley_islands | Add-curve (mean): 1 islands, n=117 -> corr=-0.0481
2026-03-04 14:44:05 | INFO | src.tmc_shapley_islands | Add-curve (mean): 2 islands, n=269 -> corr=0.1453
2026-03-04 14:44:06 | INFO | src.tmc_shapley_islands | Add-curve (mean): 3 islands, n=617 -> corr=0.2637
2026-03-04 14:44:06 | INFO | src.tmc_shapley_islands | Add-curve (mean): 4 islands, n=1172 -> corr=0.1389
2026-03-04 14:44:06 | INFO | src.tmc_shapley_islands | Add-curve (mean): 5 islands, n=1658 -> corr=0.2109
2026-03-04 14:44:07 | INFO | src.tmc_shapley_islands | Add-curve (mean): 6 islands, n=2721 -> corr=0.1989
2026-03-04 14:44:09 | INFO | src.tmc_shapley_islands | Add-curve (mean): 7 islands, n=3304 -> corr=0.2006
2026-03-04 14:44:10 | INFO | src.tmc_shapley_islands | Add-curve (mean): 8 islands, n=3590 -> corr=0.1294
2026-03-04 14:44:11 | INFO | src.tmc_shapley_islands | Add-curve (mean): 9 islands, n=3986 -> corr=0.1415
2026-03-04 14:44:13 | INFO | src.tmc_shapley_islands | Add-curve (mean): 10 islands, n=4569 -> corr=0.0892
2026-03-04 14:44:14 | INFO | src.tmc_shapley_islands | Add-curve (mean): 11 islands, n=4742 -> corr=0.0761
2026-03-04 14:44:16 | INFO | src.tmc_shapley_islands | Add-curve (mean): 12 islands, n=4944 -> corr=0.0746
2026-03-04 14:44:18 | INFO | src.tmc_shapley_islands | Add-curve (mean): 13 islands, n=5107 -> corr=0.0825
2026-03-04 14:44:20 | INFO | src.tmc_shapley_islands | Add-curve (mean): 14 islands, n=5364 -> corr=0.1068
2026-03-04 14:44:23 | INFO | src.tmc_shapley_islands | Add-curve (mean): 15 islands, n=5456 -> corr=0.2422
2026-03-04 14:44:35 | INFO | src.tmc_shapley_islands | Random individual add-curve (seed=0) complete
2026-03-04 14:44:49 | INFO | src.tmc_shapley_islands | Random individual add-curve (seed=1) complete
2026-03-04 14:45:01 | INFO | src.tmc_shapley_islands | Random individual add-curve (seed=2) complete
2026-03-04 14:45:15 | INFO | src.tmc_shapley_islands | Random individual add-curve (seed=3) complete
2026-03-04 14:45:28 | INFO | src.tmc_shapley_islands | Random individual add-curve (seed=4) complete
2026-03-04 14:45:28 | INFO | src.tmc_shapley_islands | Building mirrored remove-islands curve from add-islands curve...
2026-03-04 14:45:28 | INFO | src.tmc_shapley_islands | Saved Shapley values to outputs/tmc_shapley_sweep_all_traits/shards/shard_010/tarsus/tmp/shapley_island_values_target_3.csv
2026-03-04 14:45:28 | INFO | src.tmc_shapley_islands | Saved summary to outputs/tmc_shapley_sweep_all_traits/shards/shard_010/tarsus/tmp/tmc_summary_target_3.json
2026-03-04 14:45:28 | INFO | src.tmc_shapley_islands | Saved intermediate ranking trace to outputs/tmc_shapley_sweep_all_traits/shards/shard_010/tarsus/tmp/tmc_intermediate_rankings_target_3.csv
2026-03-04 14:45:28 | INFO | src.tmc_shapley_islands | Saved add-curve to outputs/tmc_shapley_sweep_all_traits/shards/shard_010/tarsus/tmp/add_curve_target_3.csv
2026-03-04 14:45:28 | INFO | src.tmc_shapley_islands | Saved remove-curve to outputs/tmc_shapley_sweep_all_traits/shards/shard_010/tarsus/tmp/remove_curve_target_3.csv
2026-03-04 14:45:29 | INFO | src.tmc_shapley_islands | Saved bar plot to outputs/tmc_shapley_sweep_all_traits/shards/shard_010/tarsus/tmp/shapley_bar_target_3.png
2026-03-04 14:45:30 | INFO | src.tmc_shapley_islands | Saved add-curve plot to outputs/tmc_shapley_sweep_all_traits/shards/shard_010/tarsus/tmp/add_curve_target_3.png
2026-03-04 14:45:30 | INFO | src.tmc_shapley_islands | Saved remove-curve plot to outputs/tmc_shapley_sweep_all_traits/shards/shard_010/tarsus/tmp/remove_curve_target_3.png
2026-03-04 14:45:30 | INFO | __main__ | Shard 10/30 trait=tarsus progress 2/75 | target=3 n_cal_samples=10 perm=20 repeat=3
2026-03-04 14:45:30 | INFO | src.tmc_shapley_islands | [Shapley] Target island: 3 (Selvær), source islands: 15
2026-03-04 14:45:31 | INFO | src.tmc_shapley_islands | Data: source=5456 (across 15 islands), cal=10, test=44
2026-03-04 14:45:31 | INFO | src.tmc_shapley_islands | SNP selection: using fixed precomputed subset (n=20000)
2026-03-04 14:45:31 | INFO | src.tmc_shapley_islands | Island counts (capped to None in training):
  Nesøy: n=117
  Myken: n=92
  Træna: n=286
  Gjerøy: n=555
  Hestmannøy: n=1063
  Indre Kvarøy: n=348
  Onøy og Lurøy: n=257
  Lovund: n=152
  Sleneset: n=163
  Aldra: n=173
  Southern 1: n=583
  Southern 2: n=396
  Southern 3: n=583
  Southern 4: n=486
  Southern 5: n=202
2026-03-04 14:45:31 | INFO | src.tmc_shapley_islands | Loaded 133 cached utilities from outputs/tmc_shapley_sweep_all_traits/cache/tarsus/utility_cache_target_3_seed_427761801.json
2026-03-04 14:45:31 | INFO | src.tmc_shapley_islands | Running TMC-Shapley with 20 permutations (utility on cal set)...
2026-03-04 14:45:31 | INFO | src.tmc_shapley_islands | Computing V_full over all 15 source islands...
2026-03-04 14:45:31 | INFO | src.tmc_shapley_islands | V_full = 0.5881
2026-03-04 14:45:31 | INFO | src.tmc_shapley_islands | TMC head-start: loaded 10 completed permutations from state outputs/tmc_shapley_sweep_all_traits/cache/tarsus/tmc_perm_state_target_3_seed_427761801.json
2026-03-04 14:45:57 | INFO | src.tmc_shapley_islands | TMC progress: 12/20 permutations done, cache hit rate: 12.9%, n_evals: 27
2026-03-04 14:46:51 | INFO | src.tmc_shapley_islands | TMC progress: 16/20 permutations done, cache hit rate: 17.6%, n_evals: 75
2026-03-04 14:47:41 | INFO | src.tmc_shapley_islands | TMC progress: 20/20 permutations done, cache hit rate: 16.6%, n_evals: 126
2026-03-04 14:47:41 | INFO | src.tmc_shapley_islands | TMC complete: 20 permutations, 0 truncated, 126 utility evals, cache hit rate: 16.6%
2026-03-04 14:47:41 | INFO | src.tmc_shapley_islands | Shapley values (phi, computed on cal set):
2026-03-04 14:47:41 | INFO | src.tmc_shapley_islands |   Nesøy: phi=0.149223, phi/n=0.00127541
2026-03-04 14:47:41 | INFO | src.tmc_shapley_islands |   Myken: phi=-0.032841, phi/n=-0.00035696
2026-03-04 14:47:41 | INFO | src.tmc_shapley_islands |   Træna: phi=-0.002861, phi/n=-0.00001000
2026-03-04 14:47:41 | INFO | src.tmc_shapley_islands |   Gjerøy: phi=0.156997, phi/n=0.00028288
2026-03-04 14:47:41 | INFO | src.tmc_shapley_islands |   Hestmannøy: phi=0.162914, phi/n=0.00015326
2026-03-04 14:47:41 | INFO | src.tmc_shapley_islands |   Indre Kvarøy: phi=0.171420, phi/n=0.00049259
2026-03-04 14:47:41 | INFO | src.tmc_shapley_islands |   Onøy og Lurøy: phi=-0.117885, phi/n=-0.00045869
2026-03-04 14:47:41 | INFO | src.tmc_shapley_islands |   Lovund: phi=0.110144, phi/n=0.00072463
2026-03-04 14:47:41 | INFO | src.tmc_shapley_islands |   Sleneset: phi=-0.052157, phi/n=-0.00031998
2026-03-04 14:47:41 | INFO | src.tmc_shapley_islands |   Aldra: phi=-0.013334, phi/n=-0.00007707
2026-03-04 14:47:41 | INFO | src.tmc_shapley_islands |   Southern 1: phi=0.028813, phi/n=0.00004942
2026-03-04 14:47:41 | INFO | src.tmc_shapley_islands |   Southern 2: phi=-0.010687, phi/n=-0.00002699
2026-03-04 14:47:41 | INFO | src.tmc_shapley_islands |   Southern 3: phi=-0.042156, phi/n=-0.00007231
2026-03-04 14:47:41 | INFO | src.tmc_shapley_islands |   Southern 4: phi=0.106051, phi/n=0.00021821
2026-03-04 14:47:41 | INFO | src.tmc_shapley_islands |   Southern 5: phi=-0.025532, phi/n=-0.00012640
2026-03-04 14:47:41 | INFO | src.tmc_shapley_islands | Curve retraining early stopping: enabled=True, patience=20
2026-03-04 14:47:41 | INFO | src.tmc_shapley_islands | Computing add-islands curve (evaluated on test set)...
2026-03-04 14:47:41 | INFO | src.tmc_shapley_islands | Add-curve (mean): 1 islands, n=117 -> corr=-0.0481
2026-03-04 14:47:41 | INFO | src.tmc_shapley_islands | Add-curve (mean): 2 islands, n=269 -> corr=0.1453
2026-03-04 14:47:41 | INFO | src.tmc_shapley_islands | Add-curve (mean): 3 islands, n=617 -> corr=0.2637
2026-03-04 14:47:42 | INFO | src.tmc_shapley_islands | Add-curve (mean): 4 islands, n=1172 -> corr=0.1389
2026-03-04 14:47:42 | INFO | src.tmc_shapley_islands | Add-curve (mean): 5 islands, n=1658 -> corr=0.2109
2026-03-04 14:47:43 | INFO | src.tmc_shapley_islands | Add-curve (mean): 6 islands, n=2721 -> corr=0.1989
2026-03-04 14:47:46 | INFO | src.tmc_shapley_islands | Add-curve (mean): 7 islands, n=3304 -> corr=0.2006
2026-03-04 14:47:47 | INFO | src.tmc_shapley_islands | Add-curve (mean): 8 islands, n=3590 -> corr=0.1294
2026-03-04 14:47:48 | INFO | src.tmc_shapley_islands | Add-curve (mean): 9 islands, n=3986 -> corr=0.1415
2026-03-04 14:47:51 | INFO | src.tmc_shapley_islands | Add-curve (mean): 10 islands, n=4569 -> corr=0.0892
2026-03-04 14:47:53 | INFO | src.tmc_shapley_islands | Add-curve (mean): 11 islands, n=4742 -> corr=0.0761
2026-03-04 14:47:55 | INFO | src.tmc_shapley_islands | Add-curve (mean): 12 islands, n=4944 -> corr=0.0746
2026-03-04 14:47:57 | INFO | src.tmc_shapley_islands | Add-curve (mean): 13 islands, n=5107 -> corr=0.0825
2026-03-04 14:47:59 | INFO | src.tmc_shapley_islands | Add-curve (mean): 14 islands, n=5199 -> corr=0.2431
2026-03-04 14:48:01 | INFO | src.tmc_shapley_islands | Add-curve (mean): 15 islands, n=5456 -> corr=0.2422
2026-03-04 14:48:29 | INFO | src.tmc_shapley_islands | Random individual add-curve (seed=0) complete
2026-03-04 14:48:58 | INFO | src.tmc_shapley_islands | Random individual add-curve (seed=1) complete
2026-03-04 14:49:21 | INFO | src.tmc_shapley_islands | Random individual add-curve (seed=2) complete
2026-03-04 14:49:44 | INFO | src.tmc_shapley_islands | Random individual add-curve (seed=3) complete
2026-03-04 14:50:25 | INFO | src.tmc_shapley_islands | Random individual add-curve (seed=4) complete
2026-03-04 14:50:25 | INFO | src.tmc_shapley_islands | Building mirrored remove-islands curve from add-islands curve...
2026-03-04 14:50:25 | INFO | src.tmc_shapley_islands | Saved Shapley values to outputs/tmc_shapley_sweep_all_traits/shards/shard_010/tarsus/tmp/shapley_island_values_target_3.csv
2026-03-04 14:50:25 | INFO | src.tmc_shapley_islands | Saved summary to outputs/tmc_shapley_sweep_all_traits/shards/shard_010/tarsus/tmp/tmc_summary_target_3.json
2026-03-04 14:50:25 | INFO | src.tmc_shapley_islands | Saved intermediate ranking trace to outputs/tmc_shapley_sweep_all_traits/shards/shard_010/tarsus/tmp/tmc_intermediate_rankings_target_3.csv
2026-03-04 14:50:25 | INFO | src.tmc_shapley_islands | Saved add-curve to outputs/tmc_shapley_sweep_all_traits/shards/shard_010/tarsus/tmp/add_curve_target_3.csv
2026-03-04 14:50:25 | INFO | src.tmc_shapley_islands | Saved remove-curve to outputs/tmc_shapley_sweep_all_traits/shards/shard_010/tarsus/tmp/remove_curve_target_3.csv
2026-03-04 14:50:25 | INFO | src.tmc_shapley_islands | Saved bar plot to outputs/tmc_shapley_sweep_all_traits/shards/shard_010/tarsus/tmp/shapley_bar_target_3.png
2026-03-04 14:50:25 | INFO | src.tmc_shapley_islands | Saved add-curve plot to outputs/tmc_shapley_sweep_all_traits/shards/shard_010/tarsus/tmp/add_curve_target_3.png
2026-03-04 14:50:26 | INFO | src.tmc_shapley_islands | Saved remove-curve plot to outputs/tmc_shapley_sweep_all_traits/shards/shard_010/tarsus/tmp/remove_curve_target_3.png
2026-03-04 14:50:26 | INFO | __main__ | Shard 10/30 trait=tarsus progress 3/75 | target=3 n_cal_samples=10 perm=40 repeat=3
2026-03-04 14:50:26 | INFO | src.tmc_shapley_islands | [Shapley] Target island: 3 (Selvær), source islands: 15
2026-03-04 14:50:27 | INFO | src.tmc_shapley_islands | Data: source=5456 (across 15 islands), cal=10, test=44
2026-03-04 14:50:27 | INFO | src.tmc_shapley_islands | SNP selection: using fixed precomputed subset (n=20000)
2026-03-04 14:50:27 | INFO | src.tmc_shapley_islands | Island counts (capped to None in training):
  Nesøy: n=117
  Myken: n=92
  Træna: n=286
  Gjerøy: n=555
  Hestmannøy: n=1063
  Indre Kvarøy: n=348
  Onøy og Lurøy: n=257
  Lovund: n=152
  Sleneset: n=163
  Aldra: n=173
  Southern 1: n=583
  Southern 2: n=396
  Southern 3: n=583
  Southern 4: n=486
  Southern 5: n=202
2026-03-04 14:50:27 | INFO | src.tmc_shapley_islands | Loaded 259 cached utilities from outputs/tmc_shapley_sweep_all_traits/cache/tarsus/utility_cache_target_3_seed_427761801.json
2026-03-04 14:50:27 | INFO | src.tmc_shapley_islands | Running TMC-Shapley with 40 permutations (utility on cal set)...
2026-03-04 14:50:27 | INFO | src.tmc_shapley_islands | Computing V_full over all 15 source islands...
2026-03-04 14:50:27 | INFO | src.tmc_shapley_islands | V_full = 0.5881
2026-03-04 14:50:27 | INFO | src.tmc_shapley_islands | TMC head-start: loaded 20 completed permutations from state outputs/tmc_shapley_sweep_all_traits/cache/tarsus/tmc_perm_state_target_3_seed_427761801.json
2026-03-04 14:51:28 | INFO | src.tmc_shapley_islands | TMC progress: 24/40 permutations done, cache hit rate: 19.7%, n_evals: 49
2026-03-04 14:53:20 | INFO | src.tmc_shapley_islands | TMC progress: 32/40 permutations done, cache hit rate: 22.7%, n_evals: 140
2026-03-04 14:55:19 | INFO | src.tmc_shapley_islands | TMC progress: 40/40 permutations done, cache hit rate: 23.3%, n_evals: 231
2026-03-04 14:55:19 | INFO | src.tmc_shapley_islands | TMC complete: 40 permutations, 0 truncated, 231 utility evals, cache hit rate: 23.3%
2026-03-04 14:55:19 | INFO | src.tmc_shapley_islands | Shapley values (phi, computed on cal set):
2026-03-04 14:55:19 | INFO | src.tmc_shapley_islands |   Nesøy: phi=0.129246, phi/n=0.00110467
2026-03-04 14:55:19 | INFO | src.tmc_shapley_islands |   Myken: phi=-0.030933, phi/n=-0.00033623
2026-03-04 14:55:19 | INFO | src.tmc_shapley_islands |   Træna: phi=0.015588, phi/n=0.00005450
2026-03-04 14:55:19 | INFO | src.tmc_shapley_islands |   Gjerøy: phi=0.134949, phi/n=0.00024315
2026-03-04 14:55:19 | INFO | src.tmc_shapley_islands |   Hestmannøy: phi=0.151066, phi/n=0.00014211
2026-03-04 14:55:19 | INFO | src.tmc_shapley_islands |   Indre Kvarøy: phi=0.180572, phi/n=0.00051888
2026-03-04 14:55:19 | INFO | src.tmc_shapley_islands |   Onøy og Lurøy: phi=-0.103095, phi/n=-0.00040115
2026-03-04 14:55:19 | INFO | src.tmc_shapley_islands |   Lovund: phi=0.105074, phi/n=0.00069128
2026-03-04 14:55:19 | INFO | src.tmc_shapley_islands |   Sleneset: phi=-0.062270, phi/n=-0.00038203
2026-03-04 14:55:19 | INFO | src.tmc_shapley_islands |   Aldra: phi=-0.009197, phi/n=-0.00005316
2026-03-04 14:55:19 | INFO | src.tmc_shapley_islands |   Southern 1: phi=0.040645, phi/n=0.00006972
2026-03-04 14:55:19 | INFO | src.tmc_shapley_islands |   Southern 2: phi=-0.015051, phi/n=-0.00003801
2026-03-04 14:55:19 | INFO | src.tmc_shapley_islands |   Southern 3: phi=-0.042423, phi/n=-0.00007277
2026-03-04 14:55:19 | INFO | src.tmc_shapley_islands |   Southern 4: phi=0.119502, phi/n=0.00024589
2026-03-04 14:55:19 | INFO | src.tmc_shapley_islands |   Southern 5: phi=-0.025561, phi/n=-0.00012654
2026-03-04 14:55:19 | INFO | src.tmc_shapley_islands | Curve retraining early stopping: enabled=True, patience=20
2026-03-04 14:55:19 | INFO | src.tmc_shapley_islands | Computing add-islands curve (evaluated on test set)...
2026-03-04 14:55:19 | INFO | src.tmc_shapley_islands | Add-curve (mean): 1 islands, n=117 -> corr=-0.0481
2026-03-04 14:55:19 | INFO | src.tmc_shapley_islands | Add-curve (mean): 2 islands, n=269 -> corr=0.1453
2026-03-04 14:55:19 | INFO | src.tmc_shapley_islands | Add-curve (mean): 3 islands, n=617 -> corr=0.2637
2026-03-04 14:55:19 | INFO | src.tmc_shapley_islands | Add-curve (mean): 4 islands, n=1103 -> corr=0.3359
2026-03-04 14:55:20 | INFO | src.tmc_shapley_islands | Add-curve (mean): 5 islands, n=1658 -> corr=0.2109
2026-03-04 14:55:21 | INFO | src.tmc_shapley_islands | Add-curve (mean): 6 islands, n=2721 -> corr=0.1989
2026-03-04 14:55:22 | INFO | src.tmc_shapley_islands | Add-curve (mean): 7 islands, n=3304 -> corr=0.2006
2026-03-04 14:55:23 | INFO | src.tmc_shapley_islands | Add-curve (mean): 8 islands, n=3590 -> corr=0.1294
2026-03-04 14:55:25 | INFO | src.tmc_shapley_islands | Add-curve (mean): 9 islands, n=3986 -> corr=0.1415
2026-03-04 14:55:26 | INFO | src.tmc_shapley_islands | Add-curve (mean): 10 islands, n=4159 -> corr=0.1253
2026-03-04 14:55:28 | INFO | src.tmc_shapley_islands | Add-curve (mean): 11 islands, n=4742 -> corr=0.0761
2026-03-04 14:55:30 | INFO | src.tmc_shapley_islands | Add-curve (mean): 12 islands, n=4944 -> corr=0.0746
2026-03-04 14:55:32 | INFO | src.tmc_shapley_islands | Add-curve (mean): 13 islands, n=5036 -> corr=0.2376
2026-03-04 14:55:34 | INFO | src.tmc_shapley_islands | Add-curve (mean): 14 islands, n=5199 -> corr=0.2431
2026-03-04 14:55:36 | INFO | src.tmc_shapley_islands | Add-curve (mean): 15 islands, n=5456 -> corr=0.2422
2026-03-04 14:55:51 | INFO | src.tmc_shapley_islands | Random individual add-curve (seed=0) complete
2026-03-04 14:56:06 | INFO | src.tmc_shapley_islands | Random individual add-curve (seed=1) complete
2026-03-04 14:56:22 | INFO | src.tmc_shapley_islands | Random individual add-curve (seed=2) complete
2026-03-04 14:56:36 | INFO | src.tmc_shapley_islands | Random individual add-curve (seed=3) complete
2026-03-04 14:56:48 | INFO | src.tmc_shapley_islands | Random individual add-curve (seed=4) complete
2026-03-04 14:56:48 | INFO | src.tmc_shapley_islands | Building mirrored remove-islands curve from add-islands curve...
2026-03-04 14:56:48 | INFO | src.tmc_shapley_islands | Saved Shapley values to outputs/tmc_shapley_sweep_all_traits/shards/shard_010/tarsus/tmp/shapley_island_values_target_3.csv
2026-03-04 14:56:48 | INFO | src.tmc_shapley_islands | Saved summary to outputs/tmc_shapley_sweep_all_traits/shards/shard_010/tarsus/tmp/tmc_summary_target_3.json
2026-03-04 14:56:48 | INFO | src.tmc_shapley_islands | Saved intermediate ranking trace to outputs/tmc_shapley_sweep_all_traits/shards/shard_010/tarsus/tmp/tmc_intermediate_rankings_target_3.csv
2026-03-04 14:56:48 | INFO | src.tmc_shapley_islands | Saved add-curve to outputs/tmc_shapley_sweep_all_traits/shards/shard_010/tarsus/tmp/add_curve_target_3.csv
2026-03-04 14:56:48 | INFO | src.tmc_shapley_islands | Saved remove-curve to outputs/tmc_shapley_sweep_all_traits/shards/shard_010/tarsus/tmp/remove_curve_target_3.csv
2026-03-04 14:56:49 | INFO | src.tmc_shapley_islands | Saved bar plot to outputs/tmc_shapley_sweep_all_traits/shards/shard_010/tarsus/tmp/shapley_bar_target_3.png
2026-03-04 14:56:49 | INFO | src.tmc_shapley_islands | Saved add-curve plot to outputs/tmc_shapley_sweep_all_traits/shards/shard_010/tarsus/tmp/add_curve_target_3.png
2026-03-04 14:56:50 | INFO | src.tmc_shapley_islands | Saved remove-curve plot to outputs/tmc_shapley_sweep_all_traits/shards/shard_010/tarsus/tmp/remove_curve_target_3.png
2026-03-04 14:56:50 | INFO | __main__ | Shard 10/30 trait=tarsus progress 4/75 | target=3 n_cal_samples=10 perm=80 repeat=3
2026-03-04 14:56:50 | INFO | src.tmc_shapley_islands | [Shapley] Target island: 3 (Selvær), source islands: 15
2026-03-04 14:56:50 | INFO | src.tmc_shapley_islands | Data: source=5456 (across 15 islands), cal=10, test=44
2026-03-04 14:56:50 | INFO | src.tmc_shapley_islands | SNP selection: using fixed precomputed subset (n=20000)
2026-03-04 14:56:50 | INFO | src.tmc_shapley_islands | Island counts (capped to None in training):
  Nesøy: n=117
  Myken: n=92
  Træna: n=286
  Gjerøy: n=555
  Hestmannøy: n=1063
  Indre Kvarøy: n=348
  Onøy og Lurøy: n=257
  Lovund: n=152
  Sleneset: n=163
  Aldra: n=173
  Southern 1: n=583
  Southern 2: n=396
  Southern 3: n=583
  Southern 4: n=486
  Southern 5: n=202
2026-03-04 14:56:50 | INFO | src.tmc_shapley_islands | Loaded 490 cached utilities from outputs/tmc_shapley_sweep_all_traits/cache/tarsus/utility_cache_target_3_seed_427761801.json
2026-03-04 14:56:50 | INFO | src.tmc_shapley_islands | Running TMC-Shapley with 80 permutations (utility on cal set)...
2026-03-04 14:56:50 | INFO | src.tmc_shapley_islands | Computing V_full over all 15 source islands...
2026-03-04 14:56:50 | INFO | src.tmc_shapley_islands | V_full = 0.5881
2026-03-04 14:56:50 | INFO | src.tmc_shapley_islands | TMC head-start: loaded 40 completed permutations from state outputs/tmc_shapley_sweep_all_traits/cache/tarsus/tmc_perm_state_target_3_seed_427761801.json
2026-03-04 14:58:44 | INFO | src.tmc_shapley_islands | TMC progress: 48/80 permutations done, cache hit rate: 28.1%, n_evals: 87
2026-03-04 15:02:40 | INFO | src.tmc_shapley_islands | TMC progress: 64/80 permutations done, cache hit rate: 27.7%, n_evals: 261
2026-03-04 15:06:33 | INFO | src.tmc_shapley_islands | TMC progress: 80/80 permutations done, cache hit rate: 28.1%, n_evals: 432
2026-03-04 15:06:33 | INFO | src.tmc_shapley_islands | TMC complete: 80 permutations, 0 truncated, 432 utility evals, cache hit rate: 28.1%
2026-03-04 15:06:33 | INFO | src.tmc_shapley_islands | Shapley values (phi, computed on cal set):
2026-03-04 15:06:33 | INFO | src.tmc_shapley_islands |   Nesøy: phi=0.114357, phi/n=0.00097741
2026-03-04 15:06:33 | INFO | src.tmc_shapley_islands |   Myken: phi=-0.014458, phi/n=-0.00015716
2026-03-04 15:06:33 | INFO | src.tmc_shapley_islands |   Træna: phi=0.027219, phi/n=0.00009517
2026-03-04 15:06:33 | INFO | src.tmc_shapley_islands |   Gjerøy: phi=0.136715, phi/n=0.00024633
2026-03-04 15:06:33 | INFO | src.tmc_shapley_islands |   Hestmannøy: phi=0.129642, phi/n=0.00012196
2026-03-04 15:06:33 | INFO | src.tmc_shapley_islands |   Indre Kvarøy: phi=0.179256, phi/n=0.00051510
2026-03-04 15:06:33 | INFO | src.tmc_shapley_islands |   Onøy og Lurøy: phi=-0.106548, phi/n=-0.00041458
2026-03-04 15:06:33 | INFO | src.tmc_shapley_islands |   Lovund: phi=0.103802, phi/n=0.00068291
2026-03-04 15:06:33 | INFO | src.tmc_shapley_islands |   Sleneset: phi=-0.052671, phi/n=-0.00032313
2026-03-04 15:06:33 | INFO | src.tmc_shapley_islands |   Aldra: phi=-0.008481, phi/n=-0.00004902
2026-03-04 15:06:33 | INFO | src.tmc_shapley_islands |   Southern 1: phi=0.038684, phi/n=0.00006635
2026-03-04 15:06:33 | INFO | src.tmc_shapley_islands |   Southern 2: phi=-0.018080, phi/n=-0.00004566
2026-03-04 15:06:33 | INFO | src.tmc_shapley_islands |   Southern 3: phi=-0.041443, phi/n=-0.00007109
2026-03-04 15:06:33 | INFO | src.tmc_shapley_islands |   Southern 4: phi=0.130499, phi/n=0.00026852
2026-03-04 15:06:33 | INFO | src.tmc_shapley_islands |   Southern 5: phi=-0.030382, phi/n=-0.00015041
2026-03-04 15:06:33 | INFO | src.tmc_shapley_islands | Curve retraining early stopping: enabled=True, patience=20
2026-03-04 15:06:33 | INFO | src.tmc_shapley_islands | Computing add-islands curve (evaluated on test set)...
2026-03-04 15:06:33 | INFO | src.tmc_shapley_islands | Add-curve (mean): 1 islands, n=117 -> corr=-0.0481
2026-03-04 15:06:33 | INFO | src.tmc_shapley_islands | Add-curve (mean): 2 islands, n=269 -> corr=0.1453
2026-03-04 15:06:33 | INFO | src.tmc_shapley_islands | Add-curve (mean): 3 islands, n=617 -> corr=0.2637
2026-03-04 15:06:33 | INFO | src.tmc_shapley_islands | Add-curve (mean): 4 islands, n=1103 -> corr=0.3359
2026-03-04 15:06:34 | INFO | src.tmc_shapley_islands | Add-curve (mean): 5 islands, n=1658 -> corr=0.2109
2026-03-04 15:06:35 | INFO | src.tmc_shapley_islands | Add-curve (mean): 6 islands, n=2721 -> corr=0.1989
2026-03-04 15:06:36 | INFO | src.tmc_shapley_islands | Add-curve (mean): 7 islands, n=3007 -> corr=0.1133
2026-03-04 15:06:37 | INFO | src.tmc_shapley_islands | Add-curve (mean): 8 islands, n=3590 -> corr=0.1294
2026-03-04 15:06:38 | INFO | src.tmc_shapley_islands | Add-curve (mean): 9 islands, n=3986 -> corr=0.1415
2026-03-04 15:06:40 | INFO | src.tmc_shapley_islands | Add-curve (mean): 10 islands, n=4159 -> corr=0.1253
2026-03-04 15:06:46 | INFO | src.tmc_shapley_islands | Add-curve (mean): 11 islands, n=4742 -> corr=0.0761
2026-03-04 15:06:48 | INFO | src.tmc_shapley_islands | Add-curve (mean): 12 islands, n=4944 -> corr=0.0746
2026-03-04 15:06:52 | INFO | src.tmc_shapley_islands | Add-curve (mean): 13 islands, n=5036 -> corr=0.2376
2026-03-04 15:06:54 | INFO | src.tmc_shapley_islands | Add-curve (mean): 14 islands, n=5199 -> corr=0.2431
2026-03-04 15:06:56 | INFO | src.tmc_shapley_islands | Add-curve (mean): 15 islands, n=5456 -> corr=0.2422
2026-03-04 15:07:23 | INFO | src.tmc_shapley_islands | Random individual add-curve (seed=0) complete
2026-03-04 15:07:42 | INFO | src.tmc_shapley_islands | Random individual add-curve (seed=1) complete
2026-03-04 15:08:23 | INFO | src.tmc_shapley_islands | Random individual add-curve (seed=2) complete
2026-03-04 15:09:04 | INFO | src.tmc_shapley_islands | Random individual add-curve (seed=3) complete
2026-03-04 15:09:30 | INFO | src.tmc_shapley_islands | Random individual add-curve (seed=4) complete
2026-03-04 15:09:30 | INFO | src.tmc_shapley_islands | Building mirrored remove-islands curve from add-islands curve...
2026-03-04 15:09:31 | INFO | src.tmc_shapley_islands | Saved Shapley values to outputs/tmc_shapley_sweep_all_traits/shards/shard_010/tarsus/tmp/shapley_island_values_target_3.csv
2026-03-04 15:09:31 | INFO | src.tmc_shapley_islands | Saved summary to outputs/tmc_shapley_sweep_all_traits/shards/shard_010/tarsus/tmp/tmc_summary_target_3.json
2026-03-04 15:09:31 | INFO | src.tmc_shapley_islands | Saved intermediate ranking trace to outputs/tmc_shapley_sweep_all_traits/shards/shard_010/tarsus/tmp/tmc_intermediate_rankings_target_3.csv
2026-03-04 15:09:31 | INFO | src.tmc_shapley_islands | Saved add-curve to outputs/tmc_shapley_sweep_all_traits/shards/shard_010/tarsus/tmp/add_curve_target_3.csv
2026-03-04 15:09:31 | INFO | src.tmc_shapley_islands | Saved remove-curve to outputs/tmc_shapley_sweep_all_traits/shards/shard_010/tarsus/tmp/remove_curve_target_3.csv
2026-03-04 15:09:31 | INFO | src.tmc_shapley_islands | Saved bar plot to outputs/tmc_shapley_sweep_all_traits/shards/shard_010/tarsus/tmp/shapley_bar_target_3.png
2026-03-04 15:09:31 | INFO | src.tmc_shapley_islands | Saved add-curve plot to outputs/tmc_shapley_sweep_all_traits/shards/shard_010/tarsus/tmp/add_curve_target_3.png
2026-03-04 15:09:32 | INFO | src.tmc_shapley_islands | Saved remove-curve plot to outputs/tmc_shapley_sweep_all_traits/shards/shard_010/tarsus/tmp/remove_curve_target_3.png
2026-03-04 15:09:32 | INFO | __main__ | Shard 10/30 trait=tarsus progress 5/75 | target=3 n_cal_samples=10 perm=150 repeat=3
2026-03-04 15:09:32 | INFO | src.tmc_shapley_islands | [Shapley] Target island: 3 (Selvær), source islands: 15
2026-03-04 15:09:33 | INFO | src.tmc_shapley_islands | Data: source=5456 (across 15 islands), cal=10, test=44
2026-03-04 15:09:33 | INFO | src.tmc_shapley_islands | SNP selection: using fixed precomputed subset (n=20000)
2026-03-04 15:09:33 | INFO | src.tmc_shapley_islands | Island counts (capped to None in training):
  Nesøy: n=117
  Myken: n=92
  Træna: n=286
  Gjerøy: n=555
  Hestmannøy: n=1063
  Indre Kvarøy: n=348
  Onøy og Lurøy: n=257
  Lovund: n=152
  Sleneset: n=163
  Aldra: n=173
  Southern 1: n=583
  Southern 2: n=396
  Southern 3: n=583
  Southern 4: n=486
  Southern 5: n=202
2026-03-04 15:09:33 | INFO | src.tmc_shapley_islands | Loaded 922 cached utilities from outputs/tmc_shapley_sweep_all_traits/cache/tarsus/utility_cache_target_3_seed_427761801.json
2026-03-04 15:09:33 | INFO | src.tmc_shapley_islands | Running TMC-Shapley with 150 permutations (utility on cal set)...
2026-03-04 15:09:33 | INFO | src.tmc_shapley_islands | Computing V_full over all 15 source islands...
2026-03-04 15:09:33 | INFO | src.tmc_shapley_islands | V_full = 0.5881
2026-03-04 15:09:33 | INFO | src.tmc_shapley_islands | TMC head-start: loaded 80 completed permutations from state outputs/tmc_shapley_sweep_all_traits/cache/tarsus/tmc_perm_state_target_3_seed_427761801.json
2026-03-04 15:11:37 | INFO | src.tmc_shapley_islands | TMC progress: 90/150 permutations done, cache hit rate: 35.8%, n_evals: 97
2026-03-04 15:18:19 | INFO | src.tmc_shapley_islands | TMC progress: 120/150 permutations done, cache hit rate: 33.1%, n_evals: 402
2026-03-04 15:25:11 | INFO | src.tmc_shapley_islands | TMC progress: 150/150 permutations done, cache hit rate: 34.3%, n_evals: 691
2026-03-04 15:25:11 | INFO | src.tmc_shapley_islands | TMC complete: 150 permutations, 0 truncated, 691 utility evals, cache hit rate: 34.3%
2026-03-04 15:25:11 | INFO | src.tmc_shapley_islands | Shapley values (phi, computed on cal set):
2026-03-04 15:25:11 | INFO | src.tmc_shapley_islands |   Nesøy: phi=0.119744, phi/n=0.00102345
2026-03-04 15:25:11 | INFO | src.tmc_shapley_islands |   Myken: phi=-0.018652, phi/n=-0.00020274
2026-03-04 15:25:11 | INFO | src.tmc_shapley_islands |   Træna: phi=0.020671, phi/n=0.00007227
2026-03-04 15:25:11 | INFO | src.tmc_shapley_islands |   Gjerøy: phi=0.142319, phi/n=0.00025643
2026-03-04 15:25:11 | INFO | src.tmc_shapley_islands |   Hestmannøy: phi=0.121840, phi/n=0.00011462
2026-03-04 15:25:11 | INFO | src.tmc_shapley_islands |   Indre Kvarøy: phi=0.192327, phi/n=0.00055266
2026-03-04 15:25:11 | INFO | src.tmc_shapley_islands |   Onøy og Lurøy: phi=-0.106897, phi/n=-0.00041594
2026-03-04 15:25:11 | INFO | src.tmc_shapley_islands |   Lovund: phi=0.111012, phi/n=0.00073034
2026-03-04 15:25:11 | INFO | src.tmc_shapley_islands |   Sleneset: phi=-0.055373, phi/n=-0.00033971
2026-03-04 15:25:11 | INFO | src.tmc_shapley_islands |   Aldra: phi=-0.010107, phi/n=-0.00005842
2026-03-04 15:25:11 | INFO | src.tmc_shapley_islands |   Southern 1: phi=0.040387, phi/n=0.00006927
2026-03-04 15:25:11 | INFO | src.tmc_shapley_islands |   Southern 2: phi=-0.020130, phi/n=-0.00005083
2026-03-04 15:25:11 | INFO | src.tmc_shapley_islands |   Southern 3: phi=-0.044265, phi/n=-0.00007593
2026-03-04 15:25:11 | INFO | src.tmc_shapley_islands |   Southern 4: phi=0.130420, phi/n=0.00026835
2026-03-04 15:25:11 | INFO | src.tmc_shapley_islands |   Southern 5: phi=-0.035185, phi/n=-0.00017418
2026-03-04 15:25:11 | INFO | src.tmc_shapley_islands | Curve retraining early stopping: enabled=True, patience=20
2026-03-04 15:25:11 | INFO | src.tmc_shapley_islands | Computing add-islands curve (evaluated on test set)...
2026-03-04 15:25:11 | INFO | src.tmc_shapley_islands | Add-curve (mean): 1 islands, n=117 -> corr=-0.0481
2026-03-04 15:25:11 | INFO | src.tmc_shapley_islands | Add-curve (mean): 2 islands, n=269 -> corr=0.1453
2026-03-04 15:25:11 | INFO | src.tmc_shapley_islands | Add-curve (mean): 3 islands, n=617 -> corr=0.2637
2026-03-04 15:25:11 | INFO | src.tmc_shapley_islands | Add-curve (mean): 4 islands, n=1103 -> corr=0.3359
2026-03-04 15:25:12 | INFO | src.tmc_shapley_islands | Add-curve (mean): 5 islands, n=1658 -> corr=0.2109
2026-03-04 15:25:13 | INFO | src.tmc_shapley_islands | Add-curve (mean): 6 islands, n=2721 -> corr=0.1989
2026-03-04 15:25:14 | INFO | src.tmc_shapley_islands | Add-curve (mean): 7 islands, n=3007 -> corr=0.1133
2026-03-04 15:25:15 | INFO | src.tmc_shapley_islands | Add-curve (mean): 8 islands, n=3590 -> corr=0.1294
2026-03-04 15:25:16 | INFO | src.tmc_shapley_islands | Add-curve (mean): 9 islands, n=3986 -> corr=0.1415
2026-03-04 15:25:18 | INFO | src.tmc_shapley_islands | Add-curve (mean): 10 islands, n=4159 -> corr=0.1253
2026-03-04 15:25:20 | INFO | src.tmc_shapley_islands | Add-curve (mean): 11 islands, n=4742 -> corr=0.0761
2026-03-04 15:25:22 | INFO | src.tmc_shapley_islands | Add-curve (mean): 12 islands, n=4944 -> corr=0.0746
2026-03-04 15:25:24 | INFO | src.tmc_shapley_islands | Add-curve (mean): 13 islands, n=5036 -> corr=0.2376
2026-03-04 15:25:26 | INFO | src.tmc_shapley_islands | Add-curve (mean): 14 islands, n=5199 -> corr=0.2431
2026-03-04 15:25:28 | INFO | src.tmc_shapley_islands | Add-curve (mean): 15 islands, n=5456 -> corr=0.2422
2026-03-04 15:25:42 | INFO | src.tmc_shapley_islands | Random individual add-curve (seed=0) complete
2026-03-04 15:25:57 | INFO | src.tmc_shapley_islands | Random individual add-curve (seed=1) complete
2026-03-04 15:26:10 | INFO | src.tmc_shapley_islands | Random individual add-curve (seed=2) complete
2026-03-04 15:26:23 | INFO | src.tmc_shapley_islands | Random individual add-curve (seed=3) complete
2026-03-04 15:26:36 | INFO | src.tmc_shapley_islands | Random individual add-curve (seed=4) complete
2026-03-04 15:26:36 | INFO | src.tmc_shapley_islands | Building mirrored remove-islands curve from add-islands curve...
2026-03-04 15:26:36 | INFO | src.tmc_shapley_islands | Saved Shapley values to outputs/tmc_shapley_sweep_all_traits/shards/shard_010/tarsus/tmp/shapley_island_values_target_3.csv
2026-03-04 15:26:36 | INFO | src.tmc_shapley_islands | Saved summary to outputs/tmc_shapley_sweep_all_traits/shards/shard_010/tarsus/tmp/tmc_summary_target_3.json
2026-03-04 15:26:36 | INFO | src.tmc_shapley_islands | Saved intermediate ranking trace to outputs/tmc_shapley_sweep_all_traits/shards/shard_010/tarsus/tmp/tmc_intermediate_rankings_target_3.csv
2026-03-04 15:26:36 | INFO | src.tmc_shapley_islands | Saved add-curve to outputs/tmc_shapley_sweep_all_traits/shards/shard_010/tarsus/tmp/add_curve_target_3.csv
2026-03-04 15:26:36 | INFO | src.tmc_shapley_islands | Saved remove-curve to outputs/tmc_shapley_sweep_all_traits/shards/shard_010/tarsus/tmp/remove_curve_target_3.csv
2026-03-04 15:26:36 | INFO | src.tmc_shapley_islands | Saved bar plot to outputs/tmc_shapley_sweep_all_traits/shards/shard_010/tarsus/tmp/shapley_bar_target_3.png
2026-03-04 15:26:37 | INFO | src.tmc_shapley_islands | Saved add-curve plot to outputs/tmc_shapley_sweep_all_traits/shards/shard_010/tarsus/tmp/add_curve_target_3.png
2026-03-04 15:26:37 | INFO | src.tmc_shapley_islands | Saved remove-curve plot to outputs/tmc_shapley_sweep_all_traits/shards/shard_010/tarsus/tmp/remove_curve_target_3.png
2026-03-04 15:26:37 | INFO | __main__ | Shard 10/30 trait=tarsus progress 6/75 | target=3 n_cal_samples=20 perm=10 repeat=3
2026-03-04 15:26:37 | INFO | src.tmc_shapley_islands | [Shapley] Target island: 3 (Selvær), source islands: 15
2026-03-04 15:26:38 | INFO | src.tmc_shapley_islands | Data: source=5456 (across 15 islands), cal=20, test=44
2026-03-04 15:26:38 | INFO | src.tmc_shapley_islands | SNP selection: using fixed precomputed subset (n=20000)
2026-03-04 15:26:38 | INFO | src.tmc_shapley_islands | Island counts (capped to None in training):
  Nesøy: n=117
  Myken: n=92
  Træna: n=286
  Gjerøy: n=555
  Hestmannøy: n=1063
  Indre Kvarøy: n=348
  Onøy og Lurøy: n=257
  Lovund: n=152
  Sleneset: n=163
  Aldra: n=173
  Southern 1: n=583
  Southern 2: n=396
  Southern 3: n=583
  Southern 4: n=486
  Southern 5: n=202
2026-03-04 15:26:38 | INFO | src.tmc_shapley_islands | Running TMC-Shapley with 10 permutations (utility on cal set)...
2026-03-04 15:26:38 | INFO | src.tmc_shapley_islands | Computing V_full over all 15 source islands...
2026-03-04 15:26:40 | INFO | src.tmc_shapley_islands | V_full = -0.1237
2026-03-04 15:27:11 | INFO | src.tmc_shapley_islands | TMC progress: 2/10 permutations done, cache hit rate: 6.5%, n_evals: 29
2026-03-04 15:28:02 | INFO | src.tmc_shapley_islands | TMC progress: 4/10 permutations done, cache hit rate: 6.6%, n_evals: 57
2026-03-04 15:29:01 | INFO | src.tmc_shapley_islands | TMC progress: 6/10 permutations done, cache hit rate: 6.6%, n_evals: 85
2026-03-04 15:29:33 | INFO | src.tmc_shapley_islands | TMC progress: 8/10 permutations done, cache hit rate: 8.3%, n_evals: 111
2026-03-04 15:30:01 | INFO | src.tmc_shapley_islands | TMC progress: 10/10 permutations done, cache hit rate: 9.3%, n_evals: 137
2026-03-04 15:30:01 | INFO | src.tmc_shapley_islands | TMC complete: 10 permutations, 0 truncated, 137 utility evals, cache hit rate: 9.3%
2026-03-04 15:30:01 | INFO | src.tmc_shapley_islands | Shapley values (phi, computed on cal set):
2026-03-04 15:30:01 | INFO | src.tmc_shapley_islands |   Nesøy: phi=-0.000946, phi/n=-0.00000808
2026-03-04 15:30:01 | INFO | src.tmc_shapley_islands |   Myken: phi=0.155874, phi/n=0.00169429
2026-03-04 15:30:01 | INFO | src.tmc_shapley_islands |   Træna: phi=-0.143028, phi/n=-0.00050010
2026-03-04 15:30:01 | INFO | src.tmc_shapley_islands |   Gjerøy: phi=-0.022381, phi/n=-0.00004033
2026-03-04 15:30:01 | INFO | src.tmc_shapley_islands |   Hestmannøy: phi=-0.054063, phi/n=-0.00005086
2026-03-04 15:30:01 | INFO | src.tmc_shapley_islands |   Indre Kvarøy: phi=-0.015662, phi/n=-0.00004501
2026-03-04 15:30:01 | INFO | src.tmc_shapley_islands |   Onøy og Lurøy: phi=0.021163, phi/n=0.00008234
2026-03-04 15:30:01 | INFO | src.tmc_shapley_islands |   Lovund: phi=0.041187, phi/n=0.00027097
2026-03-04 15:30:01 | INFO | src.tmc_shapley_islands |   Sleneset: phi=-0.024048, phi/n=-0.00014754
2026-03-04 15:30:01 | INFO | src.tmc_shapley_islands |   Aldra: phi=-0.078132, phi/n=-0.00045163
2026-03-04 15:30:01 | INFO | src.tmc_shapley_islands |   Southern 1: phi=0.058933, phi/n=0.00010109
2026-03-04 15:30:01 | INFO | src.tmc_shapley_islands |   Southern 2: phi=-0.126285, phi/n=-0.00031890
2026-03-04 15:30:01 | INFO | src.tmc_shapley_islands |   Southern 3: phi=0.073037, phi/n=0.00012528
2026-03-04 15:30:01 | INFO | src.tmc_shapley_islands |   Southern 4: phi=0.012457, phi/n=0.00002563
2026-03-04 15:30:01 | INFO | src.tmc_shapley_islands |   Southern 5: phi=-0.021827, phi/n=-0.00010805
2026-03-04 15:30:01 | INFO | src.tmc_shapley_islands | Curve retraining early stopping: enabled=True, patience=20
2026-03-04 15:30:01 | INFO | src.tmc_shapley_islands | Computing add-islands curve (evaluated on test set)...
2026-03-04 15:30:01 | INFO | src.tmc_shapley_islands | Add-curve (mean): 1 islands, n=92 -> corr=0.3824
2026-03-04 15:30:01 | INFO | src.tmc_shapley_islands | Add-curve (mean): 2 islands, n=244 -> corr=0.3510
2026-03-04 15:30:01 | INFO | src.tmc_shapley_islands | Add-curve (mean): 3 islands, n=827 -> corr=0.3784
2026-03-04 15:30:02 | INFO | src.tmc_shapley_islands | Add-curve (mean): 4 islands, n=1410 -> corr=0.4094
2026-03-04 15:30:02 | INFO | src.tmc_shapley_islands | Add-curve (mean): 5 islands, n=1667 -> corr=0.3732
2026-03-04 15:30:03 | INFO | src.tmc_shapley_islands | Add-curve (mean): 6 islands, n=2153 -> corr=0.3684
2026-03-04 15:30:04 | INFO | src.tmc_shapley_islands | Add-curve (mean): 7 islands, n=2270 -> corr=0.3665
2026-03-04 15:30:05 | INFO | src.tmc_shapley_islands | Add-curve (mean): 8 islands, n=2825 -> corr=0.3573
2026-03-04 15:30:06 | INFO | src.tmc_shapley_islands | Add-curve (mean): 9 islands, n=3173 -> corr=0.3376
2026-03-04 15:30:08 | INFO | src.tmc_shapley_islands | Add-curve (mean): 10 islands, n=4236 -> corr=0.3285
2026-03-04 15:30:09 | INFO | src.tmc_shapley_islands | Add-curve (mean): 11 islands, n=4438 -> corr=0.3512
2026-03-04 15:30:11 | INFO | src.tmc_shapley_islands | Add-curve (mean): 12 islands, n=4601 -> corr=0.3689
2026-03-04 15:30:13 | INFO | src.tmc_shapley_islands | Add-curve (mean): 13 islands, n=4997 -> corr=0.4017
2026-03-04 15:30:15 | INFO | src.tmc_shapley_islands | Add-curve (mean): 14 islands, n=5170 -> corr=0.4108
2026-03-04 15:30:18 | INFO | src.tmc_shapley_islands | Add-curve (mean): 15 islands, n=5456 -> corr=0.4443
2026-03-04 15:30:31 | INFO | src.tmc_shapley_islands | Random individual add-curve (seed=0) complete
2026-03-04 15:30:43 | INFO | src.tmc_shapley_islands | Random individual add-curve (seed=1) complete
2026-03-04 15:30:59 | INFO | src.tmc_shapley_islands | Random individual add-curve (seed=2) complete
2026-03-04 15:31:11 | INFO | src.tmc_shapley_islands | Random individual add-curve (seed=3) complete
2026-03-04 15:31:31 | INFO | src.tmc_shapley_islands | Random individual add-curve (seed=4) complete
2026-03-04 15:31:31 | INFO | src.tmc_shapley_islands | Building mirrored remove-islands curve from add-islands curve...
2026-03-04 15:31:31 | INFO | src.tmc_shapley_islands | Saved Shapley values to outputs/tmc_shapley_sweep_all_traits/shards/shard_010/tarsus/tmp/shapley_island_values_target_3.csv
2026-03-04 15:31:31 | INFO | src.tmc_shapley_islands | Saved summary to outputs/tmc_shapley_sweep_all_traits/shards/shard_010/tarsus/tmp/tmc_summary_target_3.json
2026-03-04 15:31:31 | INFO | src.tmc_shapley_islands | Saved intermediate ranking trace to outputs/tmc_shapley_sweep_all_traits/shards/shard_010/tarsus/tmp/tmc_intermediate_rankings_target_3.csv
2026-03-04 15:31:31 | INFO | src.tmc_shapley_islands | Saved add-curve to outputs/tmc_shapley_sweep_all_traits/shards/shard_010/tarsus/tmp/add_curve_target_3.csv
2026-03-04 15:31:31 | INFO | src.tmc_shapley_islands | Saved remove-curve to outputs/tmc_shapley_sweep_all_traits/shards/shard_010/tarsus/tmp/remove_curve_target_3.csv
2026-03-04 15:31:31 | INFO | src.tmc_shapley_islands | Saved bar plot to outputs/tmc_shapley_sweep_all_traits/shards/shard_010/tarsus/tmp/shapley_bar_target_3.png
2026-03-04 15:31:32 | INFO | src.tmc_shapley_islands | Saved add-curve plot to outputs/tmc_shapley_sweep_all_traits/shards/shard_010/tarsus/tmp/add_curve_target_3.png
2026-03-04 15:31:32 | INFO | src.tmc_shapley_islands | Saved remove-curve plot to outputs/tmc_shapley_sweep_all_traits/shards/shard_010/tarsus/tmp/remove_curve_target_3.png
2026-03-04 15:31:32 | INFO | __main__ | Shard 10/30 trait=tarsus progress 7/75 | target=3 n_cal_samples=20 perm=20 repeat=3
2026-03-04 15:31:32 | INFO | src.tmc_shapley_islands | [Shapley] Target island: 3 (Selvær), source islands: 15
2026-03-04 15:31:33 | INFO | src.tmc_shapley_islands | Data: source=5456 (across 15 islands), cal=20, test=44
2026-03-04 15:31:33 | INFO | src.tmc_shapley_islands | SNP selection: using fixed precomputed subset (n=20000)
2026-03-04 15:31:33 | INFO | src.tmc_shapley_islands | Island counts (capped to None in training):
  Nesøy: n=117
  Myken: n=92
  Træna: n=286
  Gjerøy: n=555
  Hestmannøy: n=1063
  Indre Kvarøy: n=348
  Onøy og Lurøy: n=257
  Lovund: n=152
  Sleneset: n=163
  Aldra: n=173
  Southern 1: n=583
  Southern 2: n=396
  Southern 3: n=583
  Southern 4: n=486
  Southern 5: n=202
2026-03-04 15:31:33 | INFO | src.tmc_shapley_islands | Loaded 137 cached utilities from outputs/tmc_shapley_sweep_all_traits/cache/tarsus/utility_cache_target_3_seed_1670727951.json
2026-03-04 15:31:33 | INFO | src.tmc_shapley_islands | Running TMC-Shapley with 20 permutations (utility on cal set)...
2026-03-04 15:31:33 | INFO | src.tmc_shapley_islands | Computing V_full over all 15 source islands...
2026-03-04 15:31:33 | INFO | src.tmc_shapley_islands | V_full = -0.1237
2026-03-04 15:31:33 | INFO | src.tmc_shapley_islands | TMC head-start: loaded 10 completed permutations from state outputs/tmc_shapley_sweep_all_traits/cache/tarsus/tmc_perm_state_target_3_seed_1670727951.json
2026-03-04 15:32:27 | INFO | src.tmc_shapley_islands | TMC progress: 12/20 permutations done, cache hit rate: 19.4%, n_evals: 25
2026-03-04 15:33:20 | INFO | src.tmc_shapley_islands | TMC progress: 16/20 permutations done, cache hit rate: 22.0%, n_evals: 71
2026-03-04 15:34:14 | INFO | src.tmc_shapley_islands | TMC progress: 20/20 permutations done, cache hit rate: 21.9%, n_evals: 118
2026-03-04 15:34:14 | INFO | src.tmc_shapley_islands | TMC complete: 20 permutations, 0 truncated, 118 utility evals, cache hit rate: 21.9%
2026-03-04 15:34:14 | INFO | src.tmc_shapley_islands | Shapley values (phi, computed on cal set):
2026-03-04 15:34:14 | INFO | src.tmc_shapley_islands |   Nesøy: phi=-0.003138, phi/n=-0.00002682
2026-03-04 15:34:14 | INFO | src.tmc_shapley_islands |   Myken: phi=0.125838, phi/n=0.00136780
2026-03-04 15:34:14 | INFO | src.tmc_shapley_islands |   Træna: phi=-0.145903, phi/n=-0.00051015
2026-03-04 15:34:14 | INFO | src.tmc_shapley_islands |   Gjerøy: phi=0.000134, phi/n=0.00000024
2026-03-04 15:34:14 | INFO | src.tmc_shapley_islands |   Hestmannøy: phi=-0.049022, phi/n=-0.00004612
2026-03-04 15:34:14 | INFO | src.tmc_shapley_islands |   Indre Kvarøy: phi=-0.020304, phi/n=-0.00005835
2026-03-04 15:34:14 | INFO | src.tmc_shapley_islands |   Onøy og Lurøy: phi=0.031049, phi/n=0.00012081
2026-03-04 15:34:14 | INFO | src.tmc_shapley_islands |   Lovund: phi=0.042980, phi/n=0.00028276
2026-03-04 15:34:14 | INFO | src.tmc_shapley_islands |   Sleneset: phi=-0.021453, phi/n=-0.00013161
2026-03-04 15:34:14 | INFO | src.tmc_shapley_islands |   Aldra: phi=-0.089388, phi/n=-0.00051669
2026-03-04 15:34:14 | INFO | src.tmc_shapley_islands |   Southern 1: phi=0.066094, phi/n=0.00011337
2026-03-04 15:34:14 | INFO | src.tmc_shapley_islands |   Southern 2: phi=-0.127158, phi/n=-0.00032111
2026-03-04 15:34:14 | INFO | src.tmc_shapley_islands |   Southern 3: phi=0.074624, phi/n=0.00012800
2026-03-04 15:34:14 | INFO | src.tmc_shapley_islands |   Southern 4: phi=0.013959, phi/n=0.00002872
2026-03-04 15:34:14 | INFO | src.tmc_shapley_islands |   Southern 5: phi=-0.022032, phi/n=-0.00010907
2026-03-04 15:34:14 | INFO | src.tmc_shapley_islands | Curve retraining early stopping: enabled=True, patience=20
2026-03-04 15:34:14 | INFO | src.tmc_shapley_islands | Computing add-islands curve (evaluated on test set)...
2026-03-04 15:34:14 | INFO | src.tmc_shapley_islands | Add-curve (mean): 1 islands, n=92 -> corr=0.3824
2026-03-04 15:34:14 | INFO | src.tmc_shapley_islands | Add-curve (mean): 2 islands, n=244 -> corr=0.3510
2026-03-04 15:34:14 | INFO | src.tmc_shapley_islands | Add-curve (mean): 3 islands, n=827 -> corr=0.3784
2026-03-04 15:34:15 | INFO | src.tmc_shapley_islands | Add-curve (mean): 4 islands, n=1084 -> corr=0.3533
2026-03-04 15:34:15 | INFO | src.tmc_shapley_islands | Add-curve (mean): 5 islands, n=1667 -> corr=0.3732
2026-03-04 15:34:16 | INFO | src.tmc_shapley_islands | Add-curve (mean): 6 islands, n=2153 -> corr=0.3684
2026-03-04 15:34:17 | INFO | src.tmc_shapley_islands | Add-curve (mean): 7 islands, n=2708 -> corr=0.3611
2026-03-04 15:34:18 | INFO | src.tmc_shapley_islands | Add-curve (mean): 8 islands, n=2825 -> corr=0.3573
2026-03-04 15:34:20 | INFO | src.tmc_shapley_islands | Add-curve (mean): 9 islands, n=3888 -> corr=0.3567
2026-03-04 15:34:21 | INFO | src.tmc_shapley_islands | Add-curve (mean): 10 islands, n=4236 -> corr=0.3285
2026-03-04 15:34:23 | INFO | src.tmc_shapley_islands | Add-curve (mean): 11 islands, n=4438 -> corr=0.3512
2026-03-04 15:34:25 | INFO | src.tmc_shapley_islands | Add-curve (mean): 12 islands, n=4601 -> corr=0.3689
2026-03-04 15:34:27 | INFO | src.tmc_shapley_islands | Add-curve (mean): 13 islands, n=4997 -> corr=0.4017
2026-03-04 15:34:29 | INFO | src.tmc_shapley_islands | Add-curve (mean): 14 islands, n=5283 -> corr=0.4450
2026-03-04 15:34:32 | INFO | src.tmc_shapley_islands | Add-curve (mean): 15 islands, n=5456 -> corr=0.4443
2026-03-04 15:34:51 | INFO | src.tmc_shapley_islands | Random individual add-curve (seed=0) complete
2026-03-04 15:35:05 | INFO | src.tmc_shapley_islands | Random individual add-curve (seed=1) complete
2026-03-04 15:35:17 | INFO | src.tmc_shapley_islands | Random individual add-curve (seed=2) complete
2026-03-04 15:35:29 | INFO | src.tmc_shapley_islands | Random individual add-curve (seed=3) complete
2026-03-04 15:35:41 | INFO | src.tmc_shapley_islands | Random individual add-curve (seed=4) complete
2026-03-04 15:35:41 | INFO | src.tmc_shapley_islands | Building mirrored remove-islands curve from add-islands curve...
2026-03-04 15:35:41 | INFO | src.tmc_shapley_islands | Saved Shapley values to outputs/tmc_shapley_sweep_all_traits/shards/shard_010/tarsus/tmp/shapley_island_values_target_3.csv
2026-03-04 15:35:41 | INFO | src.tmc_shapley_islands | Saved summary to outputs/tmc_shapley_sweep_all_traits/shards/shard_010/tarsus/tmp/tmc_summary_target_3.json
2026-03-04 15:35:41 | INFO | src.tmc_shapley_islands | Saved intermediate ranking trace to outputs/tmc_shapley_sweep_all_traits/shards/shard_010/tarsus/tmp/tmc_intermediate_rankings_target_3.csv
2026-03-04 15:35:41 | INFO | src.tmc_shapley_islands | Saved add-curve to outputs/tmc_shapley_sweep_all_traits/shards/shard_010/tarsus/tmp/add_curve_target_3.csv
2026-03-04 15:35:41 | INFO | src.tmc_shapley_islands | Saved remove-curve to outputs/tmc_shapley_sweep_all_traits/shards/shard_010/tarsus/tmp/remove_curve_target_3.csv
2026-03-04 15:35:42 | INFO | src.tmc_shapley_islands | Saved bar plot to outputs/tmc_shapley_sweep_all_traits/shards/shard_010/tarsus/tmp/shapley_bar_target_3.png
2026-03-04 15:35:42 | INFO | src.tmc_shapley_islands | Saved add-curve plot to outputs/tmc_shapley_sweep_all_traits/shards/shard_010/tarsus/tmp/add_curve_target_3.png
2026-03-04 15:35:43 | INFO | src.tmc_shapley_islands | Saved remove-curve plot to outputs/tmc_shapley_sweep_all_traits/shards/shard_010/tarsus/tmp/remove_curve_target_3.png
2026-03-04 15:35:43 | INFO | __main__ | Shard 10/30 trait=tarsus progress 8/75 | target=3 n_cal_samples=20 perm=40 repeat=3
2026-03-04 15:35:43 | INFO | src.tmc_shapley_islands | [Shapley] Target island: 3 (Selvær), source islands: 15
2026-03-04 15:35:43 | INFO | src.tmc_shapley_islands | Data: source=5456 (across 15 islands), cal=20, test=44
2026-03-04 15:35:43 | INFO | src.tmc_shapley_islands | SNP selection: using fixed precomputed subset (n=20000)
2026-03-04 15:35:43 | INFO | src.tmc_shapley_islands | Island counts (capped to None in training):
  Nesøy: n=117
  Myken: n=92
  Træna: n=286
  Gjerøy: n=555
  Hestmannøy: n=1063
  Indre Kvarøy: n=348
  Onøy og Lurøy: n=257
  Lovund: n=152
  Sleneset: n=163
  Aldra: n=173
  Southern 1: n=583
  Southern 2: n=396
  Southern 3: n=583
  Southern 4: n=486
  Southern 5: n=202
2026-03-04 15:35:43 | INFO | src.tmc_shapley_islands | Loaded 255 cached utilities from outputs/tmc_shapley_sweep_all_traits/cache/tarsus/utility_cache_target_3_seed_1670727951.json
2026-03-04 15:35:43 | INFO | src.tmc_shapley_islands | Running TMC-Shapley with 40 permutations (utility on cal set)...
2026-03-04 15:35:43 | INFO | src.tmc_shapley_islands | Computing V_full over all 15 source islands...
2026-03-04 15:35:43 | INFO | src.tmc_shapley_islands | V_full = -0.1237
2026-03-04 15:35:43 | INFO | src.tmc_shapley_islands | TMC head-start: loaded 20 completed permutations from state outputs/tmc_shapley_sweep_all_traits/cache/tarsus/tmc_perm_state_target_3_seed_1670727951.json
2026-03-04 15:36:47 | INFO | src.tmc_shapley_islands | TMC progress: 24/40 permutations done, cache hit rate: 21.3%, n_evals: 48
2026-03-04 15:38:45 | INFO | src.tmc_shapley_islands | TMC progress: 32/40 permutations done, cache hit rate: 23.8%, n_evals: 138
2026-03-04 15:40:35 | INFO | src.tmc_shapley_islands | TMC progress: 40/40 permutations done, cache hit rate: 21.6%, n_evals: 236
2026-03-04 15:40:35 | INFO | src.tmc_shapley_islands | TMC complete: 40 permutations, 0 truncated, 236 utility evals, cache hit rate: 21.6%
2026-03-04 15:40:35 | INFO | src.tmc_shapley_islands | Shapley values (phi, computed on cal set):
2026-03-04 15:40:35 | INFO | src.tmc_shapley_islands |   Nesøy: phi=-0.011430, phi/n=-0.00009769
2026-03-04 15:40:35 | INFO | src.tmc_shapley_islands |   Myken: phi=0.112883, phi/n=0.00122699
2026-03-04 15:40:35 | INFO | src.tmc_shapley_islands |   Træna: phi=-0.158490, phi/n=-0.00055416
2026-03-04 15:40:35 | INFO | src.tmc_shapley_islands |   Gjerøy: phi=-0.014537, phi/n=-0.00002619
2026-03-04 15:40:35 | INFO | src.tmc_shapley_islands |   Hestmannøy: phi=-0.049762, phi/n=-0.00004681
2026-03-04 15:40:35 | INFO | src.tmc_shapley_islands |   Indre Kvarøy: phi=-0.026419, phi/n=-0.00007592
2026-03-04 15:40:35 | INFO | src.tmc_shapley_islands |   Onøy og Lurøy: phi=0.030507, phi/n=0.00011870
2026-03-04 15:40:35 | INFO | src.tmc_shapley_islands |   Lovund: phi=0.053987, phi/n=0.00035518
2026-03-04 15:40:35 | INFO | src.tmc_shapley_islands |   Sleneset: phi=-0.020584, phi/n=-0.00012628
2026-03-04 15:40:35 | INFO | src.tmc_shapley_islands |   Aldra: phi=-0.077423, phi/n=-0.00044753
2026-03-04 15:40:35 | INFO | src.tmc_shapley_islands |   Southern 1: phi=0.073578, phi/n=0.00012621
2026-03-04 15:40:35 | INFO | src.tmc_shapley_islands |   Southern 2: phi=-0.120819, phi/n=-0.00030510
2026-03-04 15:40:35 | INFO | src.tmc_shapley_islands |   Southern 3: phi=0.086490, phi/n=0.00014835
2026-03-04 15:40:35 | INFO | src.tmc_shapley_islands |   Southern 4: phi=0.015571, phi/n=0.00003204
2026-03-04 15:40:35 | INFO | src.tmc_shapley_islands |   Southern 5: phi=-0.017273, phi/n=-0.00008551
2026-03-04 15:40:35 | INFO | src.tmc_shapley_islands | Curve retraining early stopping: enabled=True, patience=20
2026-03-04 15:40:35 | INFO | src.tmc_shapley_islands | Computing add-islands curve (evaluated on test set)...
2026-03-04 15:40:35 | INFO | src.tmc_shapley_islands | Add-curve (mean): 1 islands, n=92 -> corr=0.3824
2026-03-04 15:40:35 | INFO | src.tmc_shapley_islands | Add-curve (mean): 2 islands, n=244 -> corr=0.3510
2026-03-04 15:40:36 | INFO | src.tmc_shapley_islands | Add-curve (mean): 3 islands, n=827 -> corr=0.3784
2026-03-04 15:40:36 | INFO | src.tmc_shapley_islands | Add-curve (mean): 4 islands, n=1410 -> corr=0.4094
2026-03-04 15:40:37 | INFO | src.tmc_shapley_islands | Add-curve (mean): 5 islands, n=1667 -> corr=0.3732
2026-03-04 15:40:38 | INFO | src.tmc_shapley_islands | Add-curve (mean): 6 islands, n=2153 -> corr=0.3684
2026-03-04 15:40:39 | INFO | src.tmc_shapley_islands | Add-curve (mean): 7 islands, n=2708 -> corr=0.3611
2026-03-04 15:40:41 | INFO | src.tmc_shapley_islands | Add-curve (mean): 8 islands, n=3771 -> corr=0.3575
2026-03-04 15:40:44 | INFO | src.tmc_shapley_islands | Add-curve (mean): 9 islands, n=4119 -> corr=0.3285
2026-03-04 15:40:46 | INFO | src.tmc_shapley_islands | Add-curve (mean): 10 islands, n=4321 -> corr=0.3507
2026-03-04 15:40:47 | INFO | src.tmc_shapley_islands | Add-curve (mean): 11 islands, n=4438 -> corr=0.3512
2026-03-04 15:40:50 | INFO | src.tmc_shapley_islands | Add-curve (mean): 12 islands, n=4601 -> corr=0.3689
2026-03-04 15:40:52 | INFO | src.tmc_shapley_islands | Add-curve (mean): 13 islands, n=4997 -> corr=0.4017
2026-03-04 15:40:54 | INFO | src.tmc_shapley_islands | Add-curve (mean): 14 islands, n=5170 -> corr=0.4108
2026-03-04 15:41:02 | INFO | src.tmc_shapley_islands | Add-curve (mean): 15 islands, n=5456 -> corr=0.4443
2026-03-04 15:41:23 | INFO | src.tmc_shapley_islands | Random individual add-curve (seed=0) complete
2026-03-04 15:41:41 | INFO | src.tmc_shapley_islands | Random individual add-curve (seed=1) complete
2026-03-04 15:41:54 | INFO | src.tmc_shapley_islands | Random individual add-curve (seed=2) complete
2026-03-04 15:42:09 | INFO | src.tmc_shapley_islands | Random individual add-curve (seed=3) complete
2026-03-04 15:42:29 | INFO | src.tmc_shapley_islands | Random individual add-curve (seed=4) complete
2026-03-04 15:42:29 | INFO | src.tmc_shapley_islands | Building mirrored remove-islands curve from add-islands curve...
2026-03-04 15:42:29 | INFO | src.tmc_shapley_islands | Saved Shapley values to outputs/tmc_shapley_sweep_all_traits/shards/shard_010/tarsus/tmp/shapley_island_values_target_3.csv
2026-03-04 15:42:29 | INFO | src.tmc_shapley_islands | Saved summary to outputs/tmc_shapley_sweep_all_traits/shards/shard_010/tarsus/tmp/tmc_summary_target_3.json
2026-03-04 15:42:29 | INFO | src.tmc_shapley_islands | Saved intermediate ranking trace to outputs/tmc_shapley_sweep_all_traits/shards/shard_010/tarsus/tmp/tmc_intermediate_rankings_target_3.csv
2026-03-04 15:42:29 | INFO | src.tmc_shapley_islands | Saved add-curve to outputs/tmc_shapley_sweep_all_traits/shards/shard_010/tarsus/tmp/add_curve_target_3.csv
2026-03-04 15:42:29 | INFO | src.tmc_shapley_islands | Saved remove-curve to outputs/tmc_shapley_sweep_all_traits/shards/shard_010/tarsus/tmp/remove_curve_target_3.csv
2026-03-04 15:42:30 | INFO | src.tmc_shapley_islands | Saved bar plot to outputs/tmc_shapley_sweep_all_traits/shards/shard_010/tarsus/tmp/shapley_bar_target_3.png
2026-03-04 15:42:30 | INFO | src.tmc_shapley_islands | Saved add-curve plot to outputs/tmc_shapley_sweep_all_traits/shards/shard_010/tarsus/tmp/add_curve_target_3.png
2026-03-04 15:42:31 | INFO | src.tmc_shapley_islands | Saved remove-curve plot to outputs/tmc_shapley_sweep_all_traits/shards/shard_010/tarsus/tmp/remove_curve_target_3.png
2026-03-04 15:42:31 | INFO | __main__ | Shard 10/30 trait=tarsus progress 9/75 | target=3 n_cal_samples=20 perm=80 repeat=3
2026-03-04 15:42:31 | INFO | src.tmc_shapley_islands | [Shapley] Target island: 3 (Selvær), source islands: 15
2026-03-04 15:42:31 | INFO | src.tmc_shapley_islands | Data: source=5456 (across 15 islands), cal=20, test=44
2026-03-04 15:42:31 | INFO | src.tmc_shapley_islands | SNP selection: using fixed precomputed subset (n=20000)
2026-03-04 15:42:31 | INFO | src.tmc_shapley_islands | Island counts (capped to None in training):
  Nesøy: n=117
  Myken: n=92
  Træna: n=286
  Gjerøy: n=555
  Hestmannøy: n=1063
  Indre Kvarøy: n=348
  Onøy og Lurøy: n=257
  Lovund: n=152
  Sleneset: n=163
  Aldra: n=173
  Southern 1: n=583
  Southern 2: n=396
  Southern 3: n=583
  Southern 4: n=486
  Southern 5: n=202
2026-03-04 15:42:31 | INFO | src.tmc_shapley_islands | Loaded 491 cached utilities from outputs/tmc_shapley_sweep_all_traits/cache/tarsus/utility_cache_target_3_seed_1670727951.json
2026-03-04 15:42:31 | INFO | src.tmc_shapley_islands | Running TMC-Shapley with 80 permutations (utility on cal set)...
2026-03-04 15:42:31 | INFO | src.tmc_shapley_islands | Computing V_full over all 15 source islands...
2026-03-04 15:42:31 | INFO | src.tmc_shapley_islands | V_full = -0.1237
2026-03-04 15:42:31 | INFO | src.tmc_shapley_islands | TMC head-start: loaded 40 completed permutations from state outputs/tmc_shapley_sweep_all_traits/cache/tarsus/tmc_perm_state_target_3_seed_1670727951.json
2026-03-04 15:44:22 | INFO | src.tmc_shapley_islands | TMC progress: 48/80 permutations done, cache hit rate: 25.6%, n_evals: 90
2026-03-04 15:47:53 | INFO | src.tmc_shapley_islands | TMC progress: 64/80 permutations done, cache hit rate: 28.8%, n_evals: 257
2026-03-04 15:51:50 | INFO | src.tmc_shapley_islands | TMC progress: 80/80 permutations done, cache hit rate: 29.1%, n_evals: 426
2026-03-04 15:51:50 | INFO | src.tmc_shapley_islands | TMC complete: 80 permutations, 0 truncated, 426 utility evals, cache hit rate: 29.1%
2026-03-04 15:51:50 | INFO | src.tmc_shapley_islands | Shapley values (phi, computed on cal set):
2026-03-04 15:51:50 | INFO | src.tmc_shapley_islands |   Nesøy: phi=-0.014028, phi/n=-0.00011990
2026-03-04 15:51:50 | INFO | src.tmc_shapley_islands |   Myken: phi=0.119219, phi/n=0.00129586
2026-03-04 15:51:50 | INFO | src.tmc_shapley_islands |   Træna: phi=-0.166397, phi/n=-0.00058181
2026-03-04 15:51:50 | INFO | src.tmc_shapley_islands |   Gjerøy: phi=-0.012997, phi/n=-0.00002342
2026-03-04 15:51:50 | INFO | src.tmc_shapley_islands |   Hestmannøy: phi=-0.052186, phi/n=-0.00004909
2026-03-04 15:51:50 | INFO | src.tmc_shapley_islands |   Indre Kvarøy: phi=-0.026008, phi/n=-0.00007474
2026-03-04 15:51:50 | INFO | src.tmc_shapley_islands |   Onøy og Lurøy: phi=0.029173, phi/n=0.00011351
2026-03-04 15:51:50 | INFO | src.tmc_shapley_islands |   Lovund: phi=0.051069, phi/n=0.00033598
2026-03-04 15:51:50 | INFO | src.tmc_shapley_islands |   Sleneset: phi=-0.021059, phi/n=-0.00012919
2026-03-04 15:51:50 | INFO | src.tmc_shapley_islands |   Aldra: phi=-0.082135, phi/n=-0.00047477
2026-03-04 15:51:50 | INFO | src.tmc_shapley_islands |   Southern 1: phi=0.078718, phi/n=0.00013502
2026-03-04 15:51:50 | INFO | src.tmc_shapley_islands |   Southern 2: phi=-0.110034, phi/n=-0.00027786
2026-03-04 15:51:50 | INFO | src.tmc_shapley_islands |   Southern 3: phi=0.085169, phi/n=0.00014609
2026-03-04 15:51:50 | INFO | src.tmc_shapley_islands |   Southern 4: phi=0.015839, phi/n=0.00003259
2026-03-04 15:51:50 | INFO | src.tmc_shapley_islands |   Southern 5: phi=-0.018064, phi/n=-0.00008942
2026-03-04 15:51:50 | INFO | src.tmc_shapley_islands | Curve retraining early stopping: enabled=True, patience=20
2026-03-04 15:51:50 | INFO | src.tmc_shapley_islands | Computing add-islands curve (evaluated on test set)...
2026-03-04 15:51:50 | INFO | src.tmc_shapley_islands | Add-curve (mean): 1 islands, n=92 -> corr=0.3824
2026-03-04 15:51:50 | INFO | src.tmc_shapley_islands | Add-curve (mean): 2 islands, n=244 -> corr=0.3510
2026-03-04 15:51:50 | INFO | src.tmc_shapley_islands | Add-curve (mean): 3 islands, n=827 -> corr=0.3784
2026-03-04 15:51:51 | INFO | src.tmc_shapley_islands | Add-curve (mean): 4 islands, n=1410 -> corr=0.4094
2026-03-04 15:51:52 | INFO | src.tmc_shapley_islands | Add-curve (mean): 5 islands, n=1667 -> corr=0.3732
2026-03-04 15:51:52 | INFO | src.tmc_shapley_islands | Add-curve (mean): 6 islands, n=2153 -> corr=0.3684
2026-03-04 15:51:53 | INFO | src.tmc_shapley_islands | Add-curve (mean): 7 islands, n=2708 -> corr=0.3611
2026-03-04 15:51:54 | INFO | src.tmc_shapley_islands | Add-curve (mean): 8 islands, n=3771 -> corr=0.3575
2026-03-04 15:51:56 | INFO | src.tmc_shapley_islands | Add-curve (mean): 9 islands, n=4119 -> corr=0.3285
2026-03-04 15:51:58 | INFO | src.tmc_shapley_islands | Add-curve (mean): 10 islands, n=4321 -> corr=0.3507
2026-03-04 15:52:02 | INFO | src.tmc_shapley_islands | Add-curve (mean): 11 islands, n=4438 -> corr=0.3512
2026-03-04 15:52:04 | INFO | src.tmc_shapley_islands | Add-curve (mean): 12 islands, n=4601 -> corr=0.3689
2026-03-04 15:52:06 | INFO | src.tmc_shapley_islands | Add-curve (mean): 13 islands, n=4997 -> corr=0.4017
2026-03-04 15:52:08 | INFO | src.tmc_shapley_islands | Add-curve (mean): 14 islands, n=5170 -> corr=0.4108
2026-03-04 15:52:10 | INFO | src.tmc_shapley_islands | Add-curve (mean): 15 islands, n=5456 -> corr=0.4443
2026-03-04 15:52:24 | INFO | src.tmc_shapley_islands | Random individual add-curve (seed=0) complete
2026-03-04 15:52:42 | INFO | src.tmc_shapley_islands | Random individual add-curve (seed=1) complete
2026-03-04 15:52:59 | INFO | src.tmc_shapley_islands | Random individual add-curve (seed=2) complete
2026-03-04 15:53:24 | INFO | src.tmc_shapley_islands | Random individual add-curve (seed=3) complete
2026-03-04 15:53:44 | INFO | src.tmc_shapley_islands | Random individual add-curve (seed=4) complete
2026-03-04 15:53:44 | INFO | src.tmc_shapley_islands | Building mirrored remove-islands curve from add-islands curve...
2026-03-04 15:53:44 | INFO | src.tmc_shapley_islands | Saved Shapley values to outputs/tmc_shapley_sweep_all_traits/shards/shard_010/tarsus/tmp/shapley_island_values_target_3.csv
2026-03-04 15:53:44 | INFO | src.tmc_shapley_islands | Saved summary to outputs/tmc_shapley_sweep_all_traits/shards/shard_010/tarsus/tmp/tmc_summary_target_3.json
2026-03-04 15:53:44 | INFO | src.tmc_shapley_islands | Saved intermediate ranking trace to outputs/tmc_shapley_sweep_all_traits/shards/shard_010/tarsus/tmp/tmc_intermediate_rankings_target_3.csv
2026-03-04 15:53:44 | INFO | src.tmc_shapley_islands | Saved add-curve to outputs/tmc_shapley_sweep_all_traits/shards/shard_010/tarsus/tmp/add_curve_target_3.csv
2026-03-04 15:53:44 | INFO | src.tmc_shapley_islands | Saved remove-curve to outputs/tmc_shapley_sweep_all_traits/shards/shard_010/tarsus/tmp/remove_curve_target_3.csv
2026-03-04 15:53:45 | INFO | src.tmc_shapley_islands | Saved bar plot to outputs/tmc_shapley_sweep_all_traits/shards/shard_010/tarsus/tmp/shapley_bar_target_3.png
2026-03-04 15:53:46 | INFO | src.tmc_shapley_islands | Saved add-curve plot to outputs/tmc_shapley_sweep_all_traits/shards/shard_010/tarsus/tmp/add_curve_target_3.png
2026-03-04 15:53:46 | INFO | src.tmc_shapley_islands | Saved remove-curve plot to outputs/tmc_shapley_sweep_all_traits/shards/shard_010/tarsus/tmp/remove_curve_target_3.png
2026-03-04 15:53:46 | INFO | __main__ | Shard 10/30 trait=tarsus progress 10/75 | target=3 n_cal_samples=20 perm=150 repeat=3
2026-03-04 15:53:46 | INFO | src.tmc_shapley_islands | [Shapley] Target island: 3 (Selvær), source islands: 15
2026-03-04 15:53:47 | INFO | src.tmc_shapley_islands | Data: source=5456 (across 15 islands), cal=20, test=44
2026-03-04 15:53:47 | INFO | src.tmc_shapley_islands | SNP selection: using fixed precomputed subset (n=20000)
2026-03-04 15:53:47 | INFO | src.tmc_shapley_islands | Island counts (capped to None in training):
  Nesøy: n=117
  Myken: n=92
  Træna: n=286
  Gjerøy: n=555
  Hestmannøy: n=1063
  Indre Kvarøy: n=348
  Onøy og Lurøy: n=257
  Lovund: n=152
  Sleneset: n=163
  Aldra: n=173
  Southern 1: n=583
  Southern 2: n=396
  Southern 3: n=583
  Southern 4: n=486
  Southern 5: n=202
2026-03-04 15:53:47 | INFO | src.tmc_shapley_islands | Loaded 917 cached utilities from outputs/tmc_shapley_sweep_all_traits/cache/tarsus/utility_cache_target_3_seed_1670727951.json
2026-03-04 15:53:47 | INFO | src.tmc_shapley_islands | Running TMC-Shapley with 150 permutations (utility on cal set)...
2026-03-04 15:53:47 | INFO | src.tmc_shapley_islands | Computing V_full over all 15 source islands...
2026-03-04 15:53:47 | INFO | src.tmc_shapley_islands | V_full = -0.1237
2026-03-04 15:53:47 | INFO | src.tmc_shapley_islands | TMC head-start: loaded 80 completed permutations from state outputs/tmc_shapley_sweep_all_traits/cache/tarsus/tmc_perm_state_target_3_seed_1670727951.json
2026-03-04 15:55:57 | INFO | src.tmc_shapley_islands | TMC progress: 90/150 permutations done, cache hit rate: 31.1%, n_evals: 104
2026-03-04 16:03:26 | INFO | src.tmc_shapley_islands | TMC progress: 120/150 permutations done, cache hit rate: 33.1%, n_evals: 402
2026-03-04 16:10:38 | INFO | src.tmc_shapley_islands | TMC progress: 150/150 permutations done, cache hit rate: 34.9%, n_evals: 684
2026-03-04 16:10:38 | INFO | src.tmc_shapley_islands | TMC complete: 150 permutations, 0 truncated, 684 utility evals, cache hit rate: 34.9%
2026-03-04 16:10:38 | INFO | src.tmc_shapley_islands | Shapley values (phi, computed on cal set):
2026-03-04 16:10:38 | INFO | src.tmc_shapley_islands |   Nesøy: phi=-0.015679, phi/n=-0.00013401
2026-03-04 16:10:38 | INFO | src.tmc_shapley_islands |   Myken: phi=0.109170, phi/n=0.00118663
2026-03-04 16:10:38 | INFO | src.tmc_shapley_islands |   Træna: phi=-0.166551, phi/n=-0.00058235
2026-03-04 16:10:38 | INFO | src.tmc_shapley_islands |   Gjerøy: phi=-0.015175, phi/n=-0.00002734
2026-03-04 16:10:38 | INFO | src.tmc_shapley_islands |   Hestmannøy: phi=-0.050603, phi/n=-0.00004760
2026-03-04 16:10:38 | INFO | src.tmc_shapley_islands |   Indre Kvarøy: phi=-0.033989, phi/n=-0.00009767
2026-03-04 16:10:38 | INFO | src.tmc_shapley_islands |   Onøy og Lurøy: phi=0.029817, phi/n=0.00011602
2026-03-04 16:10:38 | INFO | src.tmc_shapley_islands |   Lovund: phi=0.054292, phi/n=0.00035718
2026-03-04 16:10:38 | INFO | src.tmc_shapley_islands |   Sleneset: phi=-0.020163, phi/n=-0.00012370
2026-03-04 16:10:38 | INFO | src.tmc_shapley_islands |   Aldra: phi=-0.075333, phi/n=-0.00043545
2026-03-04 16:10:38 | INFO | src.tmc_shapley_islands |   Southern 1: phi=0.081930, phi/n=0.00014053
2026-03-04 16:10:38 | INFO | src.tmc_shapley_islands |   Southern 2: phi=-0.102723, phi/n=-0.00025940
2026-03-04 16:10:38 | INFO | src.tmc_shapley_islands |   Southern 3: phi=0.081057, phi/n=0.00013903
2026-03-04 16:10:38 | INFO | src.tmc_shapley_islands |   Southern 4: phi=0.016429, phi/n=0.00003380
2026-03-04 16:10:38 | INFO | src.tmc_shapley_islands |   Southern 5: phi=-0.016197, phi/n=-0.00008018
2026-03-04 16:10:38 | INFO | src.tmc_shapley_islands | Curve retraining early stopping: enabled=True, patience=20
2026-03-04 16:10:38 | INFO | src.tmc_shapley_islands | Computing add-islands curve (evaluated on test set)...
2026-03-04 16:10:38 | INFO | src.tmc_shapley_islands | Add-curve (mean): 1 islands, n=92 -> corr=0.3824
2026-03-04 16:10:38 | INFO | src.tmc_shapley_islands | Add-curve (mean): 2 islands, n=244 -> corr=0.3510
2026-03-04 16:10:39 | INFO | src.tmc_shapley_islands | Add-curve (mean): 3 islands, n=827 -> corr=0.4028
2026-03-04 16:10:39 | INFO | src.tmc_shapley_islands | Add-curve (mean): 4 islands, n=1410 -> corr=0.4094
2026-03-04 16:10:40 | INFO | src.tmc_shapley_islands | Add-curve (mean): 5 islands, n=1667 -> corr=0.3732
2026-03-04 16:10:42 | INFO | src.tmc_shapley_islands | Add-curve (mean): 6 islands, n=2153 -> corr=0.3684
2026-03-04 16:10:43 | INFO | src.tmc_shapley_islands | Add-curve (mean): 7 islands, n=2708 -> corr=0.3611
2026-03-04 16:10:45 | INFO | src.tmc_shapley_islands | Add-curve (mean): 8 islands, n=3771 -> corr=0.3575
2026-03-04 16:10:47 | INFO | src.tmc_shapley_islands | Add-curve (mean): 9 islands, n=3973 -> corr=0.3801
2026-03-04 16:10:49 | INFO | src.tmc_shapley_islands | Add-curve (mean): 10 islands, n=4321 -> corr=0.3507
2026-03-04 16:10:51 | INFO | src.tmc_shapley_islands | Add-curve (mean): 11 islands, n=4484 -> corr=0.3710
2026-03-04 16:10:53 | INFO | src.tmc_shapley_islands | Add-curve (mean): 12 islands, n=4601 -> corr=0.3689
2026-03-04 16:10:55 | INFO | src.tmc_shapley_islands | Add-curve (mean): 13 islands, n=4997 -> corr=0.4017
2026-03-04 16:10:57 | INFO | src.tmc_shapley_islands | Add-curve (mean): 14 islands, n=5170 -> corr=0.4108
2026-03-04 16:10:59 | INFO | src.tmc_shapley_islands | Add-curve (mean): 15 islands, n=5456 -> corr=0.4443
2026-03-04 16:11:12 | INFO | src.tmc_shapley_islands | Random individual add-curve (seed=0) complete
2026-03-04 16:11:30 | INFO | src.tmc_shapley_islands | Random individual add-curve (seed=1) complete
2026-03-04 16:11:45 | INFO | src.tmc_shapley_islands | Random individual add-curve (seed=2) complete
2026-03-04 16:11:57 | INFO | src.tmc_shapley_islands | Random individual add-curve (seed=3) complete
2026-03-04 16:12:15 | INFO | src.tmc_shapley_islands | Random individual add-curve (seed=4) complete
2026-03-04 16:12:15 | INFO | src.tmc_shapley_islands | Building mirrored remove-islands curve from add-islands curve...
2026-03-04 16:12:15 | INFO | src.tmc_shapley_islands | Saved Shapley values to outputs/tmc_shapley_sweep_all_traits/shards/shard_010/tarsus/tmp/shapley_island_values_target_3.csv
2026-03-04 16:12:15 | INFO | src.tmc_shapley_islands | Saved summary to outputs/tmc_shapley_sweep_all_traits/shards/shard_010/tarsus/tmp/tmc_summary_target_3.json
2026-03-04 16:12:15 | INFO | src.tmc_shapley_islands | Saved intermediate ranking trace to outputs/tmc_shapley_sweep_all_traits/shards/shard_010/tarsus/tmp/tmc_intermediate_rankings_target_3.csv
2026-03-04 16:12:15 | INFO | src.tmc_shapley_islands | Saved add-curve to outputs/tmc_shapley_sweep_all_traits/shards/shard_010/tarsus/tmp/add_curve_target_3.csv
2026-03-04 16:12:16 | INFO | src.tmc_shapley_islands | Saved remove-curve to outputs/tmc_shapley_sweep_all_traits/shards/shard_010/tarsus/tmp/remove_curve_target_3.csv
2026-03-04 16:12:16 | INFO | src.tmc_shapley_islands | Saved bar plot to outputs/tmc_shapley_sweep_all_traits/shards/shard_010/tarsus/tmp/shapley_bar_target_3.png
2026-03-04 16:12:16 | INFO | src.tmc_shapley_islands | Saved add-curve plot to outputs/tmc_shapley_sweep_all_traits/shards/shard_010/tarsus/tmp/add_curve_target_3.png
2026-03-04 16:12:17 | INFO | src.tmc_shapley_islands | Saved remove-curve plot to outputs/tmc_shapley_sweep_all_traits/shards/shard_010/tarsus/tmp/remove_curve_target_3.png
2026-03-04 16:12:17 | INFO | __main__ | Shard 10/30 trait=tarsus progress 11/75 | target=3 n_cal_samples=40 perm=10 repeat=3
2026-03-04 16:12:17 | INFO | src.tmc_shapley_islands | [Shapley] Target island: 3 (Selvær), source islands: 15
2026-03-04 16:12:17 | INFO | src.tmc_shapley_islands | Data: source=5456 (across 15 islands), cal=40, test=44
2026-03-04 16:12:17 | INFO | src.tmc_shapley_islands | SNP selection: using fixed precomputed subset (n=20000)
2026-03-04 16:12:17 | INFO | src.tmc_shapley_islands | Island counts (capped to None in training):
  Nesøy: n=117
  Myken: n=92
  Træna: n=286
  Gjerøy: n=555
  Hestmannøy: n=1063
  Indre Kvarøy: n=348
  Onøy og Lurøy: n=257
  Lovund: n=152
  Sleneset: n=163
  Aldra: n=173
  Southern 1: n=583
  Southern 2: n=396
  Southern 3: n=583
  Southern 4: n=486
  Southern 5: n=202
2026-03-04 16:12:17 | INFO | src.tmc_shapley_islands | Running TMC-Shapley with 10 permutations (utility on cal set)...
2026-03-04 16:12:17 | INFO | src.tmc_shapley_islands | Computing V_full over all 15 source islands...
2026-03-04 16:12:19 | INFO | src.tmc_shapley_islands | V_full = 0.2992
2026-03-04 16:12:54 | INFO | src.tmc_shapley_islands | TMC progress: 2/10 permutations done, cache hit rate: 9.7%, n_evals: 28
2026-03-04 16:13:28 | INFO | src.tmc_shapley_islands | TMC progress: 4/10 permutations done, cache hit rate: 13.1%, n_evals: 53
2026-03-04 16:13:59 | INFO | src.tmc_shapley_islands | TMC progress: 6/10 permutations done, cache hit rate: 11.0%, n_evals: 81
2026-03-04 16:14:28 | INFO | src.tmc_shapley_islands | TMC progress: 8/10 permutations done, cache hit rate: 11.6%, n_evals: 107
2026-03-04 16:15:14 | INFO | src.tmc_shapley_islands | TMC progress: 10/10 permutations done, cache hit rate: 10.6%, n_evals: 135
2026-03-04 16:15:14 | INFO | src.tmc_shapley_islands | TMC complete: 10 permutations, 0 truncated, 135 utility evals, cache hit rate: 10.6%
2026-03-04 16:15:14 | INFO | src.tmc_shapley_islands | Shapley values (phi, computed on cal set):
2026-03-04 16:15:14 | INFO | src.tmc_shapley_islands |   Nesøy: phi=-0.030833, phi/n=-0.00026353
2026-03-04 16:15:14 | INFO | src.tmc_shapley_islands |   Myken: phi=0.098185, phi/n=0.00106723
2026-03-04 16:15:14 | INFO | src.tmc_shapley_islands |   Træna: phi=0.072436, phi/n=0.00025327
2026-03-04 16:15:14 | INFO | src.tmc_shapley_islands |   Gjerøy: phi=-0.058590, phi/n=-0.00010557
2026-03-04 16:15:14 | INFO | src.tmc_shapley_islands |   Hestmannøy: phi=0.048938, phi/n=0.00004604
2026-03-04 16:15:14 | INFO | src.tmc_shapley_islands |   Indre Kvarøy: phi=0.056238, phi/n=0.00016160
2026-03-04 16:15:14 | INFO | src.tmc_shapley_islands |   Onøy og Lurøy: phi=0.012319, phi/n=0.00004793
2026-03-04 16:15:14 | INFO | src.tmc_shapley_islands |   Lovund: phi=0.089873, phi/n=0.00059127
2026-03-04 16:15:14 | INFO | src.tmc_shapley_islands |   Sleneset: phi=0.020802, phi/n=0.00012762
2026-03-04 16:15:14 | INFO | src.tmc_shapley_islands |   Aldra: phi=-0.002385, phi/n=-0.00001378
2026-03-04 16:15:14 | INFO | src.tmc_shapley_islands |   Southern 1: phi=-0.044564, phi/n=-0.00007644
2026-03-04 16:15:14 | INFO | src.tmc_shapley_islands |   Southern 2: phi=-0.008823, phi/n=-0.00002228
2026-03-04 16:15:14 | INFO | src.tmc_shapley_islands |   Southern 3: phi=0.017464, phi/n=0.00002995
2026-03-04 16:15:14 | INFO | src.tmc_shapley_islands |   Southern 4: phi=-0.003876, phi/n=-0.00000798
2026-03-04 16:15:14 | INFO | src.tmc_shapley_islands |   Southern 5: phi=0.031970, phi/n=0.00015827
2026-03-04 16:15:14 | INFO | src.tmc_shapley_islands | Curve retraining early stopping: enabled=True, patience=20
2026-03-04 16:15:14 | INFO | src.tmc_shapley_islands | Computing add-islands curve (evaluated on test set)...
2026-03-04 16:15:14 | INFO | src.tmc_shapley_islands | Add-curve (mean): 1 islands, n=92 -> corr=0.2125
2026-03-04 16:15:14 | INFO | src.tmc_shapley_islands | Add-curve (mean): 2 islands, n=244 -> corr=0.2538
2026-03-04 16:15:15 | INFO | src.tmc_shapley_islands | Add-curve (mean): 3 islands, n=530 -> corr=0.1946
2026-03-04 16:15:15 | INFO | src.tmc_shapley_islands | Add-curve (mean): 4 islands, n=878 -> corr=0.2069
2026-03-04 16:15:15 | INFO | src.tmc_shapley_islands | Add-curve (mean): 5 islands, n=1080 -> corr=0.2106
2026-03-04 16:15:16 | INFO | src.tmc_shapley_islands | Add-curve (mean): 6 islands, n=1243 -> corr=0.2184
2026-03-04 16:15:16 | INFO | src.tmc_shapley_islands | Add-curve (mean): 7 islands, n=1500 -> corr=0.1514
2026-03-04 16:15:20 | INFO | src.tmc_shapley_islands | Add-curve (mean): 8 islands, n=2563 -> corr=0.1493
2026-03-04 16:15:26 | INFO | src.tmc_shapley_islands | Add-curve (mean): 9 islands, n=3146 -> corr=0.1828
2026-03-04 16:15:27 | INFO | src.tmc_shapley_islands | Add-curve (mean): 10 islands, n=3632 -> corr=0.1133
2026-03-04 16:15:29 | INFO | src.tmc_shapley_islands | Add-curve (mean): 11 islands, n=3805 -> corr=0.1169
2026-03-04 16:15:30 | INFO | src.tmc_shapley_islands | Add-curve (mean): 12 islands, n=4201 -> corr=0.1591
2026-03-04 16:15:37 | INFO | src.tmc_shapley_islands | Add-curve (mean): 13 islands, n=4784 -> corr=0.1797
2026-03-04 16:15:44 | INFO | src.tmc_shapley_islands | Add-curve (mean): 14 islands, n=5339 -> corr=0.2070
2026-03-04 16:15:46 | INFO | src.tmc_shapley_islands | Add-curve (mean): 15 islands, n=5456 -> corr=0.2131
2026-03-04 16:15:59 | INFO | src.tmc_shapley_islands | Random individual add-curve (seed=0) complete
2026-03-04 16:16:16 | INFO | src.tmc_shapley_islands | Random individual add-curve (seed=1) complete
2026-03-04 16:16:31 | INFO | src.tmc_shapley_islands | Random individual add-curve (seed=2) complete
2026-03-04 16:16:44 | INFO | src.tmc_shapley_islands | Random individual add-curve (seed=3) complete
2026-03-04 16:17:01 | INFO | src.tmc_shapley_islands | Random individual add-curve (seed=4) complete
2026-03-04 16:17:01 | INFO | src.tmc_shapley_islands | Building mirrored remove-islands curve from add-islands curve...
2026-03-04 16:17:01 | INFO | src.tmc_shapley_islands | Saved Shapley values to outputs/tmc_shapley_sweep_all_traits/shards/shard_010/tarsus/tmp/shapley_island_values_target_3.csv
2026-03-04 16:17:01 | INFO | src.tmc_shapley_islands | Saved summary to outputs/tmc_shapley_sweep_all_traits/shards/shard_010/tarsus/tmp/tmc_summary_target_3.json
2026-03-04 16:17:01 | INFO | src.tmc_shapley_islands | Saved intermediate ranking trace to outputs/tmc_shapley_sweep_all_traits/shards/shard_010/tarsus/tmp/tmc_intermediate_rankings_target_3.csv
2026-03-04 16:17:01 | INFO | src.tmc_shapley_islands | Saved add-curve to outputs/tmc_shapley_sweep_all_traits/shards/shard_010/tarsus/tmp/add_curve_target_3.csv
2026-03-04 16:17:01 | INFO | src.tmc_shapley_islands | Saved remove-curve to outputs/tmc_shapley_sweep_all_traits/shards/shard_010/tarsus/tmp/remove_curve_target_3.csv
2026-03-04 16:17:01 | INFO | src.tmc_shapley_islands | Saved bar plot to outputs/tmc_shapley_sweep_all_traits/shards/shard_010/tarsus/tmp/shapley_bar_target_3.png
2026-03-04 16:17:02 | INFO | src.tmc_shapley_islands | Saved add-curve plot to outputs/tmc_shapley_sweep_all_traits/shards/shard_010/tarsus/tmp/add_curve_target_3.png
2026-03-04 16:17:02 | INFO | src.tmc_shapley_islands | Saved remove-curve plot to outputs/tmc_shapley_sweep_all_traits/shards/shard_010/tarsus/tmp/remove_curve_target_3.png
2026-03-04 16:17:02 | INFO | __main__ | Shard 10/30 trait=tarsus progress 12/75 | target=3 n_cal_samples=40 perm=20 repeat=3
2026-03-04 16:17:02 | INFO | src.tmc_shapley_islands | [Shapley] Target island: 3 (Selvær), source islands: 15
2026-03-04 16:17:03 | INFO | src.tmc_shapley_islands | Data: source=5456 (across 15 islands), cal=40, test=44
2026-03-04 16:17:03 | INFO | src.tmc_shapley_islands | SNP selection: using fixed precomputed subset (n=20000)
2026-03-04 16:17:03 | INFO | src.tmc_shapley_islands | Island counts (capped to None in training):
  Nesøy: n=117
  Myken: n=92
  Træna: n=286
  Gjerøy: n=555
  Hestmannøy: n=1063
  Indre Kvarøy: n=348
  Onøy og Lurøy: n=257
  Lovund: n=152
  Sleneset: n=163
  Aldra: n=173
  Southern 1: n=583
  Southern 2: n=396
  Southern 3: n=583
  Southern 4: n=486
  Southern 5: n=202
2026-03-04 16:17:03 | INFO | src.tmc_shapley_islands | Loaded 135 cached utilities from outputs/tmc_shapley_sweep_all_traits/cache/tarsus/utility_cache_target_3_seed_360191686.json
2026-03-04 16:17:03 | INFO | src.tmc_shapley_islands | Running TMC-Shapley with 20 permutations (utility on cal set)...
2026-03-04 16:17:03 | INFO | src.tmc_shapley_islands | Computing V_full over all 15 source islands...
2026-03-04 16:17:03 | INFO | src.tmc_shapley_islands | V_full = 0.2992
2026-03-04 16:17:03 | INFO | src.tmc_shapley_islands | TMC head-start: loaded 10 completed permutations from state outputs/tmc_shapley_sweep_all_traits/cache/tarsus/tmc_perm_state_target_3_seed_360191686.json
2026-03-04 16:17:31 | INFO | src.tmc_shapley_islands | TMC progress: 12/20 permutations done, cache hit rate: 16.1%, n_evals: 26
2026-03-04 16:18:34 | INFO | src.tmc_shapley_islands | TMC progress: 16/20 permutations done, cache hit rate: 17.6%, n_evals: 75
2026-03-04 16:19:46 | INFO | src.tmc_shapley_islands | TMC progress: 20/20 permutations done, cache hit rate: 16.6%, n_evals: 126
2026-03-04 16:19:46 | INFO | src.tmc_shapley_islands | TMC complete: 20 permutations, 0 truncated, 126 utility evals, cache hit rate: 16.6%
2026-03-04 16:19:46 | INFO | src.tmc_shapley_islands | Shapley values (phi, computed on cal set):
2026-03-04 16:19:46 | INFO | src.tmc_shapley_islands |   Nesøy: phi=-0.022787, phi/n=-0.00019476
2026-03-04 16:19:46 | INFO | src.tmc_shapley_islands |   Myken: phi=0.092149, phi/n=0.00100162
2026-03-04 16:19:46 | INFO | src.tmc_shapley_islands |   Træna: phi=0.059569, phi/n=0.00020828
2026-03-04 16:19:46 | INFO | src.tmc_shapley_islands |   Gjerøy: phi=-0.060938, phi/n=-0.00010980
2026-03-04 16:19:46 | INFO | src.tmc_shapley_islands |   Hestmannøy: phi=0.044726, phi/n=0.00004208
2026-03-04 16:19:46 | INFO | src.tmc_shapley_islands |   Indre Kvarøy: phi=0.096559, phi/n=0.00027747
2026-03-04 16:19:46 | INFO | src.tmc_shapley_islands |   Onøy og Lurøy: phi=0.000729, phi/n=0.00000284
2026-03-04 16:19:46 | INFO | src.tmc_shapley_islands |   Lovund: phi=0.085286, phi/n=0.00056109
2026-03-04 16:19:46 | INFO | src.tmc_shapley_islands |   Sleneset: phi=0.018970, phi/n=0.00011638
2026-03-04 16:19:46 | INFO | src.tmc_shapley_islands |   Aldra: phi=-0.004795, phi/n=-0.00002772
2026-03-04 16:19:46 | INFO | src.tmc_shapley_islands |   Southern 1: phi=-0.041504, phi/n=-0.00007119
2026-03-04 16:19:46 | INFO | src.tmc_shapley_islands |   Southern 2: phi=-0.011169, phi/n=-0.00002821
2026-03-04 16:19:46 | INFO | src.tmc_shapley_islands |   Southern 3: phi=0.006381, phi/n=0.00001095
2026-03-04 16:19:46 | INFO | src.tmc_shapley_islands |   Southern 4: phi=0.002621, phi/n=0.00000539
2026-03-04 16:19:46 | INFO | src.tmc_shapley_islands |   Southern 5: phi=0.033357, phi/n=0.00016513
2026-03-04 16:19:46 | INFO | src.tmc_shapley_islands | Curve retraining early stopping: enabled=True, patience=20
2026-03-04 16:19:46 | INFO | src.tmc_shapley_islands | Computing add-islands curve (evaluated on test set)...
2026-03-04 16:19:46 | INFO | src.tmc_shapley_islands | Add-curve (mean): 1 islands, n=92 -> corr=0.2125
2026-03-04 16:19:46 | INFO | src.tmc_shapley_islands | Add-curve (mean): 2 islands, n=244 -> corr=0.2538
2026-03-04 16:19:46 | INFO | src.tmc_shapley_islands | Add-curve (mean): 3 islands, n=592 -> corr=0.2323
2026-03-04 16:19:47 | INFO | src.tmc_shapley_islands | Add-curve (mean): 4 islands, n=878 -> corr=0.2069
2026-03-04 16:19:47 | INFO | src.tmc_shapley_islands | Add-curve (mean): 5 islands, n=1080 -> corr=0.2106
2026-03-04 16:19:48 | INFO | src.tmc_shapley_islands | Add-curve (mean): 6 islands, n=1243 -> corr=0.2184
2026-03-04 16:19:48 | INFO | src.tmc_shapley_islands | Add-curve (mean): 7 islands, n=2306 -> corr=0.2134
2026-03-04 16:19:49 | INFO | src.tmc_shapley_islands | Add-curve (mean): 8 islands, n=2889 -> corr=0.2515
2026-03-04 16:19:54 | INFO | src.tmc_shapley_islands | Add-curve (mean): 9 islands, n=3375 -> corr=0.1673
2026-03-04 16:19:56 | INFO | src.tmc_shapley_islands | Add-curve (mean): 10 islands, n=3632 -> corr=0.1133
2026-03-04 16:19:58 | INFO | src.tmc_shapley_islands | Add-curve (mean): 11 islands, n=3805 -> corr=0.1169
2026-03-04 16:20:00 | INFO | src.tmc_shapley_islands | Add-curve (mean): 12 islands, n=4201 -> corr=0.1591
2026-03-04 16:20:01 | INFO | src.tmc_shapley_islands | Add-curve (mean): 13 islands, n=4784 -> corr=0.1797
2026-03-04 16:20:04 | INFO | src.tmc_shapley_islands | Add-curve (mean): 14 islands, n=5339 -> corr=0.2070
2026-03-04 16:20:06 | INFO | src.tmc_shapley_islands | Add-curve (mean): 15 islands, n=5456 -> corr=0.2131
2026-03-04 16:20:21 | INFO | src.tmc_shapley_islands | Random individual add-curve (seed=0) complete
2026-03-04 16:20:39 | INFO | src.tmc_shapley_islands | Random individual add-curve (seed=1) complete
2026-03-04 16:20:55 | INFO | src.tmc_shapley_islands | Random individual add-curve (seed=2) complete
2026-03-04 16:21:06 | INFO | src.tmc_shapley_islands | Random individual add-curve (seed=3) complete
2026-03-04 16:21:21 | INFO | src.tmc_shapley_islands | Random individual add-curve (seed=4) complete
2026-03-04 16:21:21 | INFO | src.tmc_shapley_islands | Building mirrored remove-islands curve from add-islands curve...
2026-03-04 16:21:21 | INFO | src.tmc_shapley_islands | Saved Shapley values to outputs/tmc_shapley_sweep_all_traits/shards/shard_010/tarsus/tmp/shapley_island_values_target_3.csv
2026-03-04 16:21:21 | INFO | src.tmc_shapley_islands | Saved summary to outputs/tmc_shapley_sweep_all_traits/shards/shard_010/tarsus/tmp/tmc_summary_target_3.json
2026-03-04 16:21:21 | INFO | src.tmc_shapley_islands | Saved intermediate ranking trace to outputs/tmc_shapley_sweep_all_traits/shards/shard_010/tarsus/tmp/tmc_intermediate_rankings_target_3.csv
2026-03-04 16:21:21 | INFO | src.tmc_shapley_islands | Saved add-curve to outputs/tmc_shapley_sweep_all_traits/shards/shard_010/tarsus/tmp/add_curve_target_3.csv
2026-03-04 16:21:21 | INFO | src.tmc_shapley_islands | Saved remove-curve to outputs/tmc_shapley_sweep_all_traits/shards/shard_010/tarsus/tmp/remove_curve_target_3.csv
2026-03-04 16:21:21 | INFO | src.tmc_shapley_islands | Saved bar plot to outputs/tmc_shapley_sweep_all_traits/shards/shard_010/tarsus/tmp/shapley_bar_target_3.png
2026-03-04 16:21:21 | INFO | src.tmc_shapley_islands | Saved add-curve plot to outputs/tmc_shapley_sweep_all_traits/shards/shard_010/tarsus/tmp/add_curve_target_3.png
2026-03-04 16:21:22 | INFO | src.tmc_shapley_islands | Saved remove-curve plot to outputs/tmc_shapley_sweep_all_traits/shards/shard_010/tarsus/tmp/remove_curve_target_3.png
2026-03-04 16:21:22 | INFO | __main__ | Shard 10/30 trait=tarsus progress 13/75 | target=3 n_cal_samples=40 perm=40 repeat=3
2026-03-04 16:21:22 | INFO | src.tmc_shapley_islands | [Shapley] Target island: 3 (Selvær), source islands: 15
2026-03-04 16:21:22 | INFO | src.tmc_shapley_islands | Data: source=5456 (across 15 islands), cal=40, test=44
2026-03-04 16:21:22 | INFO | src.tmc_shapley_islands | SNP selection: using fixed precomputed subset (n=20000)
2026-03-04 16:21:22 | INFO | src.tmc_shapley_islands | Island counts (capped to None in training):
  Nesøy: n=117
  Myken: n=92
  Træna: n=286
  Gjerøy: n=555
  Hestmannøy: n=1063
  Indre Kvarøy: n=348
  Onøy og Lurøy: n=257
  Lovund: n=152
  Sleneset: n=163
  Aldra: n=173
  Southern 1: n=583
  Southern 2: n=396
  Southern 3: n=583
  Southern 4: n=486
  Southern 5: n=202
2026-03-04 16:21:22 | INFO | src.tmc_shapley_islands | Loaded 261 cached utilities from outputs/tmc_shapley_sweep_all_traits/cache/tarsus/utility_cache_target_3_seed_360191686.json
2026-03-04 16:21:22 | INFO | src.tmc_shapley_islands | Running TMC-Shapley with 40 permutations (utility on cal set)...
2026-03-04 16:21:22 | INFO | src.tmc_shapley_islands | Computing V_full over all 15 source islands...
2026-03-04 16:21:22 | INFO | src.tmc_shapley_islands | V_full = 0.2992
2026-03-04 16:21:22 | INFO | src.tmc_shapley_islands | TMC head-start: loaded 20 completed permutations from state outputs/tmc_shapley_sweep_all_traits/cache/tarsus/tmc_perm_state_target_3_seed_360191686.json
2026-03-04 16:22:38 | INFO | src.tmc_shapley_islands | TMC progress: 24/40 permutations done, cache hit rate: 21.3%, n_evals: 48
2026-03-04 16:25:08 | INFO | src.tmc_shapley_islands | TMC progress: 32/40 permutations done, cache hit rate: 21.5%, n_evals: 142
2026-03-04 16:26:59 | INFO | src.tmc_shapley_islands | TMC progress: 40/40 permutations done, cache hit rate: 21.9%, n_evals: 235
2026-03-04 16:26:59 | INFO | src.tmc_shapley_islands | TMC complete: 40 permutations, 0 truncated, 235 utility evals, cache hit rate: 21.9%
2026-03-04 16:26:59 | INFO | src.tmc_shapley_islands | Shapley values (phi, computed on cal set):
2026-03-04 16:26:59 | INFO | src.tmc_shapley_islands |   Nesøy: phi=-0.026044, phi/n=-0.00022259
2026-03-04 16:26:59 | INFO | src.tmc_shapley_islands |   Myken: phi=0.091359, phi/n=0.00099303
2026-03-04 16:26:59 | INFO | src.tmc_shapley_islands |   Træna: phi=0.080458, phi/n=0.00028132
2026-03-04 16:26:59 | INFO | src.tmc_shapley_islands |   Gjerøy: phi=-0.061280, phi/n=-0.00011042
2026-03-04 16:26:59 | INFO | src.tmc_shapley_islands |   Hestmannøy: phi=0.035868, phi/n=0.00003374
2026-03-04 16:26:59 | INFO | src.tmc_shapley_islands |   Indre Kvarøy: phi=0.099154, phi/n=0.00028492
2026-03-04 16:26:59 | INFO | src.tmc_shapley_islands |   Onøy og Lurøy: phi=-0.001540, phi/n=-0.00000599
2026-03-04 16:26:59 | INFO | src.tmc_shapley_islands |   Lovund: phi=0.076463, phi/n=0.00050304
2026-03-04 16:26:59 | INFO | src.tmc_shapley_islands |   Sleneset: phi=0.014354, phi/n=0.00008806
2026-03-04 16:26:59 | INFO | src.tmc_shapley_islands |   Aldra: phi=-0.005661, phi/n=-0.00003272
2026-03-04 16:26:59 | INFO | src.tmc_shapley_islands |   Southern 1: phi=-0.041432, phi/n=-0.00007107
2026-03-04 16:26:59 | INFO | src.tmc_shapley_islands |   Southern 2: phi=-0.015681, phi/n=-0.00003960
2026-03-04 16:26:59 | INFO | src.tmc_shapley_islands |   Southern 3: phi=0.010081, phi/n=0.00001729
2026-03-04 16:26:59 | INFO | src.tmc_shapley_islands |   Southern 4: phi=-0.000992, phi/n=-0.00000204
2026-03-04 16:26:59 | INFO | src.tmc_shapley_islands |   Southern 5: phi=0.044046, phi/n=0.00021805
2026-03-04 16:26:59 | INFO | src.tmc_shapley_islands | Curve retraining early stopping: enabled=True, patience=20
2026-03-04 16:26:59 | INFO | src.tmc_shapley_islands | Computing add-islands curve (evaluated on test set)...
2026-03-04 16:26:59 | INFO | src.tmc_shapley_islands | Add-curve (mean): 1 islands, n=92 -> corr=0.2125
2026-03-04 16:26:59 | INFO | src.tmc_shapley_islands | Add-curve (mean): 2 islands, n=244 -> corr=0.2538
2026-03-04 16:27:00 | INFO | src.tmc_shapley_islands | Add-curve (mean): 3 islands, n=592 -> corr=0.2323
2026-03-04 16:27:00 | INFO | src.tmc_shapley_islands | Add-curve (mean): 4 islands, n=878 -> corr=0.2069
2026-03-04 16:27:00 | INFO | src.tmc_shapley_islands | Add-curve (mean): 5 islands, n=1080 -> corr=0.2106
2026-03-04 16:27:01 | INFO | src.tmc_shapley_islands | Add-curve (mean): 6 islands, n=1243 -> corr=0.2184
2026-03-04 16:27:02 | INFO | src.tmc_shapley_islands | Add-curve (mean): 7 islands, n=2306 -> corr=0.2134
2026-03-04 16:27:03 | INFO | src.tmc_shapley_islands | Add-curve (mean): 8 islands, n=2889 -> corr=0.2515
2026-03-04 16:27:04 | INFO | src.tmc_shapley_islands | Add-curve (mean): 9 islands, n=3375 -> corr=0.1673
2026-03-04 16:27:06 | INFO | src.tmc_shapley_islands | Add-curve (mean): 10 islands, n=3632 -> corr=0.1133
2026-03-04 16:27:09 | INFO | src.tmc_shapley_islands | Add-curve (mean): 11 islands, n=3805 -> corr=0.1169
2026-03-04 16:27:14 | INFO | src.tmc_shapley_islands | Add-curve (mean): 12 islands, n=4201 -> corr=0.1591
2026-03-04 16:27:20 | INFO | src.tmc_shapley_islands | Add-curve (mean): 13 islands, n=4784 -> corr=0.1797
2026-03-04 16:27:23 | INFO | src.tmc_shapley_islands | Add-curve (mean): 14 islands, n=5339 -> corr=0.2070
2026-03-04 16:27:25 | INFO | src.tmc_shapley_islands | Add-curve (mean): 15 islands, n=5456 -> corr=0.2131
2026-03-04 16:27:37 | INFO | src.tmc_shapley_islands | Random individual add-curve (seed=0) complete
2026-03-04 16:27:48 | INFO | src.tmc_shapley_islands | Random individual add-curve (seed=1) complete
2026-03-04 16:28:02 | INFO | src.tmc_shapley_islands | Random individual add-curve (seed=2) complete
2026-03-04 16:28:19 | INFO | src.tmc_shapley_islands | Random individual add-curve (seed=3) complete
2026-03-04 16:28:31 | INFO | src.tmc_shapley_islands | Random individual add-curve (seed=4) complete
2026-03-04 16:28:31 | INFO | src.tmc_shapley_islands | Building mirrored remove-islands curve from add-islands curve...
2026-03-04 16:28:31 | INFO | src.tmc_shapley_islands | Saved Shapley values to outputs/tmc_shapley_sweep_all_traits/shards/shard_010/tarsus/tmp/shapley_island_values_target_3.csv
2026-03-04 16:28:31 | INFO | src.tmc_shapley_islands | Saved summary to outputs/tmc_shapley_sweep_all_traits/shards/shard_010/tarsus/tmp/tmc_summary_target_3.json
2026-03-04 16:28:31 | INFO | src.tmc_shapley_islands | Saved intermediate ranking trace to outputs/tmc_shapley_sweep_all_traits/shards/shard_010/tarsus/tmp/tmc_intermediate_rankings_target_3.csv
2026-03-04 16:28:31 | INFO | src.tmc_shapley_islands | Saved add-curve to outputs/tmc_shapley_sweep_all_traits/shards/shard_010/tarsus/tmp/add_curve_target_3.csv
2026-03-04 16:28:31 | INFO | src.tmc_shapley_islands | Saved remove-curve to outputs/tmc_shapley_sweep_all_traits/shards/shard_010/tarsus/tmp/remove_curve_target_3.csv
2026-03-04 16:28:31 | INFO | src.tmc_shapley_islands | Saved bar plot to outputs/tmc_shapley_sweep_all_traits/shards/shard_010/tarsus/tmp/shapley_bar_target_3.png
2026-03-04 16:28:32 | INFO | src.tmc_shapley_islands | Saved add-curve plot to outputs/tmc_shapley_sweep_all_traits/shards/shard_010/tarsus/tmp/add_curve_target_3.png
2026-03-04 16:28:32 | INFO | src.tmc_shapley_islands | Saved remove-curve plot to outputs/tmc_shapley_sweep_all_traits/shards/shard_010/tarsus/tmp/remove_curve_target_3.png
2026-03-04 16:28:32 | INFO | __main__ | Shard 10/30 trait=tarsus progress 14/75 | target=3 n_cal_samples=40 perm=80 repeat=3
2026-03-04 16:28:32 | INFO | src.tmc_shapley_islands | [Shapley] Target island: 3 (Selvær), source islands: 15
2026-03-04 16:28:33 | INFO | src.tmc_shapley_islands | Data: source=5456 (across 15 islands), cal=40, test=44
2026-03-04 16:28:33 | INFO | src.tmc_shapley_islands | SNP selection: using fixed precomputed subset (n=20000)
2026-03-04 16:28:33 | INFO | src.tmc_shapley_islands | Island counts (capped to None in training):
  Nesøy: n=117
  Myken: n=92
  Træna: n=286
  Gjerøy: n=555
  Hestmannøy: n=1063
  Indre Kvarøy: n=348
  Onøy og Lurøy: n=257
  Lovund: n=152
  Sleneset: n=163
  Aldra: n=173
  Southern 1: n=583
  Southern 2: n=396
  Southern 3: n=583
  Southern 4: n=486
  Southern 5: n=202
2026-03-04 16:28:33 | INFO | src.tmc_shapley_islands | Loaded 496 cached utilities from outputs/tmc_shapley_sweep_all_traits/cache/tarsus/utility_cache_target_3_seed_360191686.json
2026-03-04 16:28:33 | INFO | src.tmc_shapley_islands | Running TMC-Shapley with 80 permutations (utility on cal set)...
2026-03-04 16:28:33 | INFO | src.tmc_shapley_islands | Computing V_full over all 15 source islands...
2026-03-04 16:28:33 | INFO | src.tmc_shapley_islands | V_full = 0.2992
2026-03-04 16:28:33 | INFO | src.tmc_shapley_islands | TMC head-start: loaded 40 completed permutations from state outputs/tmc_shapley_sweep_all_traits/cache/tarsus/tmc_perm_state_target_3_seed_360191686.json
2026-03-04 16:30:43 | INFO | src.tmc_shapley_islands | TMC progress: 48/80 permutations done, cache hit rate: 26.4%, n_evals: 89
2026-03-04 16:34:02 | INFO | src.tmc_shapley_islands | TMC progress: 64/80 permutations done, cache hit rate: 27.7%, n_evals: 261
2026-03-04 16:37:35 | INFO | src.tmc_shapley_islands | TMC progress: 80/80 permutations done, cache hit rate: 29.0%, n_evals: 427
2026-03-04 16:37:35 | INFO | src.tmc_shapley_islands | TMC complete: 80 permutations, 0 truncated, 427 utility evals, cache hit rate: 29.0%
2026-03-04 16:37:35 | INFO | src.tmc_shapley_islands | Shapley values (phi, computed on cal set):
2026-03-04 16:37:35 | INFO | src.tmc_shapley_islands |   Nesøy: phi=-0.028947, phi/n=-0.00024741
2026-03-04 16:37:35 | INFO | src.tmc_shapley_islands |   Myken: phi=0.086544, phi/n=0.00094069
2026-03-04 16:37:35 | INFO | src.tmc_shapley_islands |   Træna: phi=0.076534, phi/n=0.00026760
2026-03-04 16:37:35 | INFO | src.tmc_shapley_islands |   Gjerøy: phi=-0.060094, phi/n=-0.00010828
2026-03-04 16:37:35 | INFO | src.tmc_shapley_islands |   Hestmannøy: phi=0.034036, phi/n=0.00003202
2026-03-04 16:37:35 | INFO | src.tmc_shapley_islands |   Indre Kvarøy: phi=0.099610, phi/n=0.00028624
2026-03-04 16:37:35 | INFO | src.tmc_shapley_islands |   Onøy og Lurøy: phi=0.006131, phi/n=0.00002386
2026-03-04 16:37:35 | INFO | src.tmc_shapley_islands |   Lovund: phi=0.083369, phi/n=0.00054848
2026-03-04 16:37:35 | INFO | src.tmc_shapley_islands |   Sleneset: phi=0.015660, phi/n=0.00009607
2026-03-04 16:37:35 | INFO | src.tmc_shapley_islands |   Aldra: phi=-0.004838, phi/n=-0.00002797
2026-03-04 16:37:35 | INFO | src.tmc_shapley_islands |   Southern 1: phi=-0.041657, phi/n=-0.00007145
2026-03-04 16:37:35 | INFO | src.tmc_shapley_islands |   Southern 2: phi=-0.010532, phi/n=-0.00002660
2026-03-04 16:37:35 | INFO | src.tmc_shapley_islands |   Southern 3: phi=0.010930, phi/n=0.00001875
2026-03-04 16:37:35 | INFO | src.tmc_shapley_islands |   Southern 4: phi=-0.003027, phi/n=-0.00000623
2026-03-04 16:37:35 | INFO | src.tmc_shapley_islands |   Southern 5: phi=0.035436, phi/n=0.00017543
2026-03-04 16:37:35 | INFO | src.tmc_shapley_islands | Curve retraining early stopping: enabled=True, patience=20
2026-03-04 16:37:35 | INFO | src.tmc_shapley_islands | Computing add-islands curve (evaluated on test set)...
2026-03-04 16:37:35 | INFO | src.tmc_shapley_islands | Add-curve (mean): 1 islands, n=92 -> corr=0.2125
2026-03-04 16:37:35 | INFO | src.tmc_shapley_islands | Add-curve (mean): 2 islands, n=244 -> corr=0.2538
2026-03-04 16:37:36 | INFO | src.tmc_shapley_islands | Add-curve (mean): 3 islands, n=592 -> corr=0.2323
2026-03-04 16:37:36 | INFO | src.tmc_shapley_islands | Add-curve (mean): 4 islands, n=878 -> corr=0.2069
2026-03-04 16:37:36 | INFO | src.tmc_shapley_islands | Add-curve (mean): 5 islands, n=1080 -> corr=0.2106
2026-03-04 16:37:37 | INFO | src.tmc_shapley_islands | Add-curve (mean): 6 islands, n=1243 -> corr=0.2184
2026-03-04 16:37:38 | INFO | src.tmc_shapley_islands | Add-curve (mean): 7 islands, n=2306 -> corr=0.2134
2026-03-04 16:37:39 | INFO | src.tmc_shapley_islands | Add-curve (mean): 8 islands, n=2563 -> corr=0.1493
2026-03-04 16:37:40 | INFO | src.tmc_shapley_islands | Add-curve (mean): 9 islands, n=3146 -> corr=0.1828
2026-03-04 16:37:41 | INFO | src.tmc_shapley_islands | Add-curve (mean): 10 islands, n=3632 -> corr=0.1133
2026-03-04 16:37:44 | INFO | src.tmc_shapley_islands | Add-curve (mean): 11 islands, n=4028 -> corr=0.1566
2026-03-04 16:37:45 | INFO | src.tmc_shapley_islands | Add-curve (mean): 12 islands, n=4201 -> corr=0.1591
2026-03-04 16:37:47 | INFO | src.tmc_shapley_islands | Add-curve (mean): 13 islands, n=4784 -> corr=0.1797
2026-03-04 16:37:50 | INFO | src.tmc_shapley_islands | Add-curve (mean): 14 islands, n=5339 -> corr=0.2070
2026-03-04 16:37:52 | INFO | src.tmc_shapley_islands | Add-curve (mean): 15 islands, n=5456 -> corr=0.2131
2026-03-04 16:38:08 | INFO | src.tmc_shapley_islands | Random individual add-curve (seed=0) complete
2026-03-04 16:38:20 | INFO | src.tmc_shapley_islands | Random individual add-curve (seed=1) complete
2026-03-04 16:38:31 | INFO | src.tmc_shapley_islands | Random individual add-curve (seed=2) complete
2026-03-04 16:38:49 | INFO | src.tmc_shapley_islands | Random individual add-curve (seed=3) complete
2026-03-04 16:39:00 | INFO | src.tmc_shapley_islands | Random individual add-curve (seed=4) complete
2026-03-04 16:39:00 | INFO | src.tmc_shapley_islands | Building mirrored remove-islands curve from add-islands curve...
2026-03-04 16:39:00 | INFO | src.tmc_shapley_islands | Saved Shapley values to outputs/tmc_shapley_sweep_all_traits/shards/shard_010/tarsus/tmp/shapley_island_values_target_3.csv
2026-03-04 16:39:00 | INFO | src.tmc_shapley_islands | Saved summary to outputs/tmc_shapley_sweep_all_traits/shards/shard_010/tarsus/tmp/tmc_summary_target_3.json
2026-03-04 16:39:00 | INFO | src.tmc_shapley_islands | Saved intermediate ranking trace to outputs/tmc_shapley_sweep_all_traits/shards/shard_010/tarsus/tmp/tmc_intermediate_rankings_target_3.csv
2026-03-04 16:39:00 | INFO | src.tmc_shapley_islands | Saved add-curve to outputs/tmc_shapley_sweep_all_traits/shards/shard_010/tarsus/tmp/add_curve_target_3.csv
2026-03-04 16:39:00 | INFO | src.tmc_shapley_islands | Saved remove-curve to outputs/tmc_shapley_sweep_all_traits/shards/shard_010/tarsus/tmp/remove_curve_target_3.csv
2026-03-04 16:39:01 | INFO | src.tmc_shapley_islands | Saved bar plot to outputs/tmc_shapley_sweep_all_traits/shards/shard_010/tarsus/tmp/shapley_bar_target_3.png
2026-03-04 16:39:02 | INFO | src.tmc_shapley_islands | Saved add-curve plot to outputs/tmc_shapley_sweep_all_traits/shards/shard_010/tarsus/tmp/add_curve_target_3.png
2026-03-04 16:39:02 | INFO | src.tmc_shapley_islands | Saved remove-curve plot to outputs/tmc_shapley_sweep_all_traits/shards/shard_010/tarsus/tmp/remove_curve_target_3.png
2026-03-04 16:39:02 | INFO | __main__ | Shard 10/30 trait=tarsus progress 15/75 | target=3 n_cal_samples=40 perm=150 repeat=3
2026-03-04 16:39:02 | INFO | src.tmc_shapley_islands | [Shapley] Target island: 3 (Selvær), source islands: 15
2026-03-04 16:39:03 | INFO | src.tmc_shapley_islands | Data: source=5456 (across 15 islands), cal=40, test=44
2026-03-04 16:39:03 | INFO | src.tmc_shapley_islands | SNP selection: using fixed precomputed subset (n=20000)
2026-03-04 16:39:03 | INFO | src.tmc_shapley_islands | Island counts (capped to None in training):
  Nesøy: n=117
  Myken: n=92
  Træna: n=286
  Gjerøy: n=555
  Hestmannøy: n=1063
  Indre Kvarøy: n=348
  Onøy og Lurøy: n=257
  Lovund: n=152
  Sleneset: n=163
  Aldra: n=173
  Southern 1: n=583
  Southern 2: n=396
  Southern 3: n=583
  Southern 4: n=486
  Southern 5: n=202
2026-03-04 16:39:03 | INFO | src.tmc_shapley_islands | Loaded 923 cached utilities from outputs/tmc_shapley_sweep_all_traits/cache/tarsus/utility_cache_target_3_seed_360191686.json
2026-03-04 16:39:03 | INFO | src.tmc_shapley_islands | Running TMC-Shapley with 150 permutations (utility on cal set)...
2026-03-04 16:39:03 | INFO | src.tmc_shapley_islands | Computing V_full over all 15 source islands...
2026-03-04 16:39:03 | INFO | src.tmc_shapley_islands | V_full = 0.2992
2026-03-04 16:39:03 | INFO | src.tmc_shapley_islands | TMC head-start: loaded 80 completed permutations from state outputs/tmc_shapley_sweep_all_traits/cache/tarsus/tmc_perm_state_target_3_seed_360191686.json
2026-03-04 16:41:02 | INFO | src.tmc_shapley_islands | TMC progress: 90/150 permutations done, cache hit rate: 31.1%, n_evals: 104
2026-03-04 16:47:18 | INFO | src.tmc_shapley_islands | TMC progress: 120/150 permutations done, cache hit rate: 36.6%, n_evals: 381
2026-03-04 16:53:02 | INFO | src.tmc_shapley_islands | TMC progress: 150/150 permutations done, cache hit rate: 36.6%, n_evals: 666
2026-03-04 16:53:02 | INFO | src.tmc_shapley_islands | TMC complete: 150 permutations, 0 truncated, 666 utility evals, cache hit rate: 36.6%
2026-03-04 16:53:02 | INFO | src.tmc_shapley_islands | Shapley values (phi, computed on cal set):
2026-03-04 16:53:02 | INFO | src.tmc_shapley_islands |   Nesøy: phi=-0.025919, phi/n=-0.00022153
2026-03-04 16:53:02 | INFO | src.tmc_shapley_islands |   Myken: phi=0.082422, phi/n=0.00089589
2026-03-04 16:53:02 | INFO | src.tmc_shapley_islands |   Træna: phi=0.076254, phi/n=0.00026662
2026-03-04 16:53:02 | INFO | src.tmc_shapley_islands |   Gjerøy: phi=-0.057695, phi/n=-0.00010395
2026-03-04 16:53:02 | INFO | src.tmc_shapley_islands |   Hestmannøy: phi=0.028691, phi/n=0.00002699
2026-03-04 16:53:02 | INFO | src.tmc_shapley_islands |   Indre Kvarøy: phi=0.108687, phi/n=0.00031232
2026-03-04 16:53:02 | INFO | src.tmc_shapley_islands |   Onøy og Lurøy: phi=0.012177, phi/n=0.00004738
2026-03-04 16:53:02 | INFO | src.tmc_shapley_islands |   Lovund: phi=0.080999, phi/n=0.00053289
2026-03-04 16:53:02 | INFO | src.tmc_shapley_islands |   Sleneset: phi=0.015221, phi/n=0.00009338
2026-03-04 16:53:02 | INFO | src.tmc_shapley_islands |   Aldra: phi=-0.006002, phi/n=-0.00003469
2026-03-04 16:53:02 | INFO | src.tmc_shapley_islands |   Southern 1: phi=-0.041419, phi/n=-0.00007104
2026-03-04 16:53:02 | INFO | src.tmc_shapley_islands |   Southern 2: phi=-0.009739, phi/n=-0.00002459
2026-03-04 16:53:02 | INFO | src.tmc_shapley_islands |   Southern 3: phi=0.008428, phi/n=0.00001446
2026-03-04 16:53:02 | INFO | src.tmc_shapley_islands |   Southern 4: phi=-0.003477, phi/n=-0.00000715
2026-03-04 16:53:02 | INFO | src.tmc_shapley_islands |   Southern 5: phi=0.030525, phi/n=0.00015111
2026-03-04 16:53:02 | INFO | src.tmc_shapley_islands | Curve retraining early stopping: enabled=True, patience=20
2026-03-04 16:53:02 | INFO | src.tmc_shapley_islands | Computing add-islands curve (evaluated on test set)...
2026-03-04 16:53:02 | INFO | src.tmc_shapley_islands | Add-curve (mean): 1 islands, n=92 -> corr=0.2125
2026-03-04 16:53:02 | INFO | src.tmc_shapley_islands | Add-curve (mean): 2 islands, n=244 -> corr=0.2538
2026-03-04 16:53:02 | INFO | src.tmc_shapley_islands | Add-curve (mean): 3 islands, n=592 -> corr=0.2323
2026-03-04 16:53:02 | INFO | src.tmc_shapley_islands | Add-curve (mean): 4 islands, n=878 -> corr=0.2069
2026-03-04 16:53:03 | INFO | src.tmc_shapley_islands | Add-curve (mean): 5 islands, n=1080 -> corr=0.2106
2026-03-04 16:53:03 | INFO | src.tmc_shapley_islands | Add-curve (mean): 6 islands, n=1243 -> corr=0.2184
2026-03-04 16:53:04 | INFO | src.tmc_shapley_islands | Add-curve (mean): 7 islands, n=1500 -> corr=0.1514
2026-03-04 16:53:07 | INFO | src.tmc_shapley_islands | Add-curve (mean): 8 islands, n=2563 -> corr=0.1493
2026-03-04 16:53:08 | INFO | src.tmc_shapley_islands | Add-curve (mean): 9 islands, n=3146 -> corr=0.1828
2026-03-04 16:53:13 | INFO | src.tmc_shapley_islands | Add-curve (mean): 10 islands, n=3632 -> corr=0.1133
2026-03-04 16:53:15 | INFO | src.tmc_shapley_islands | Add-curve (mean): 11 islands, n=4028 -> corr=0.1566
2026-03-04 16:53:17 | INFO | src.tmc_shapley_islands | Add-curve (mean): 12 islands, n=4201 -> corr=0.1591
2026-03-04 16:53:19 | INFO | src.tmc_shapley_islands | Add-curve (mean): 13 islands, n=4784 -> corr=0.1797
2026-03-04 16:53:22 | INFO | src.tmc_shapley_islands | Add-curve (mean): 14 islands, n=5339 -> corr=0.2070
2026-03-04 16:53:24 | INFO | src.tmc_shapley_islands | Add-curve (mean): 15 islands, n=5456 -> corr=0.2131
2026-03-04 16:53:38 | INFO | src.tmc_shapley_islands | Random individual add-curve (seed=0) complete
2026-03-04 16:53:52 | INFO | src.tmc_shapley_islands | Random individual add-curve (seed=1) complete
2026-03-04 16:54:04 | INFO | src.tmc_shapley_islands | Random individual add-curve (seed=2) complete
2026-03-04 16:54:14 | INFO | src.tmc_shapley_islands | Random individual add-curve (seed=3) complete
2026-03-04 16:54:27 | INFO | src.tmc_shapley_islands | Random individual add-curve (seed=4) complete
2026-03-04 16:54:27 | INFO | src.tmc_shapley_islands | Building mirrored remove-islands curve from add-islands curve...
2026-03-04 16:54:27 | INFO | src.tmc_shapley_islands | Saved Shapley values to outputs/tmc_shapley_sweep_all_traits/shards/shard_010/tarsus/tmp/shapley_island_values_target_3.csv
2026-03-04 16:54:27 | INFO | src.tmc_shapley_islands | Saved summary to outputs/tmc_shapley_sweep_all_traits/shards/shard_010/tarsus/tmp/tmc_summary_target_3.json
2026-03-04 16:54:27 | INFO | src.tmc_shapley_islands | Saved intermediate ranking trace to outputs/tmc_shapley_sweep_all_traits/shards/shard_010/tarsus/tmp/tmc_intermediate_rankings_target_3.csv
2026-03-04 16:54:27 | INFO | src.tmc_shapley_islands | Saved add-curve to outputs/tmc_shapley_sweep_all_traits/shards/shard_010/tarsus/tmp/add_curve_target_3.csv
2026-03-04 16:54:27 | INFO | src.tmc_shapley_islands | Saved remove-curve to outputs/tmc_shapley_sweep_all_traits/shards/shard_010/tarsus/tmp/remove_curve_target_3.csv
2026-03-04 16:54:27 | INFO | src.tmc_shapley_islands | Saved bar plot to outputs/tmc_shapley_sweep_all_traits/shards/shard_010/tarsus/tmp/shapley_bar_target_3.png
2026-03-04 16:54:27 | INFO | src.tmc_shapley_islands | Saved add-curve plot to outputs/tmc_shapley_sweep_all_traits/shards/shard_010/tarsus/tmp/add_curve_target_3.png
2026-03-04 16:54:28 | INFO | src.tmc_shapley_islands | Saved remove-curve plot to outputs/tmc_shapley_sweep_all_traits/shards/shard_010/tarsus/tmp/remove_curve_target_3.png
2026-03-04 16:54:28 | INFO | __main__ | Shard 10/30 trait=tarsus progress 16/75 | target=3 n_cal_samples=80 perm=10 repeat=3
2026-03-04 16:54:28 | INFO | src.tmc_shapley_islands | [Shapley] Target island: 3 (Selvær), source islands: 15
2026-03-04 16:54:29 | INFO | src.tmc_shapley_islands | Data: source=5456 (across 15 islands), cal=80, test=44
2026-03-04 16:54:29 | INFO | src.tmc_shapley_islands | SNP selection: using fixed precomputed subset (n=20000)
2026-03-04 16:54:29 | INFO | src.tmc_shapley_islands | Island counts (capped to None in training):
  Nesøy: n=117
  Myken: n=92
  Træna: n=286
  Gjerøy: n=555
  Hestmannøy: n=1063
  Indre Kvarøy: n=348
  Onøy og Lurøy: n=257
  Lovund: n=152
  Sleneset: n=163
  Aldra: n=173
  Southern 1: n=583
  Southern 2: n=396
  Southern 3: n=583
  Southern 4: n=486
  Southern 5: n=202
2026-03-04 16:54:29 | INFO | src.tmc_shapley_islands | Running TMC-Shapley with 10 permutations (utility on cal set)...
2026-03-04 16:54:29 | INFO | src.tmc_shapley_islands | Computing V_full over all 15 source islands...
2026-03-04 16:54:31 | INFO | src.tmc_shapley_islands | V_full = 0.1782
2026-03-04 16:55:02 | INFO | src.tmc_shapley_islands | TMC progress: 2/10 permutations done, cache hit rate: 9.7%, n_evals: 28
2026-03-04 16:55:33 | INFO | src.tmc_shapley_islands | TMC progress: 4/10 permutations done, cache hit rate: 9.8%, n_evals: 55
2026-03-04 16:56:11 | INFO | src.tmc_shapley_islands | TMC progress: 6/10 permutations done, cache hit rate: 9.9%, n_evals: 82
2026-03-04 16:56:42 | INFO | src.tmc_shapley_islands | TMC progress: 8/10 permutations done, cache hit rate: 9.9%, n_evals: 109
2026-03-04 16:57:20 | INFO | src.tmc_shapley_islands | TMC progress: 10/10 permutations done, cache hit rate: 11.9%, n_evals: 133
2026-03-04 16:57:20 | INFO | src.tmc_shapley_islands | TMC complete: 10 permutations, 0 truncated, 133 utility evals, cache hit rate: 11.9%
2026-03-04 16:57:20 | INFO | src.tmc_shapley_islands | Shapley values (phi, computed on cal set):
2026-03-04 16:57:20 | INFO | src.tmc_shapley_islands |   Nesøy: phi=0.009190, phi/n=0.00007854
2026-03-04 16:57:20 | INFO | src.tmc_shapley_islands |   Myken: phi=0.118199, phi/n=0.00128477
2026-03-04 16:57:20 | INFO | src.tmc_shapley_islands |   Træna: phi=-0.058705, phi/n=-0.00020526
2026-03-04 16:57:20 | INFO | src.tmc_shapley_islands |   Gjerøy: phi=0.035085, phi/n=0.00006322
2026-03-04 16:57:20 | INFO | src.tmc_shapley_islands |   Hestmannøy: phi=-0.025041, phi/n=-0.00002356
2026-03-04 16:57:20 | INFO | src.tmc_shapley_islands |   Indre Kvarøy: phi=0.026651, phi/n=0.00007658
2026-03-04 16:57:20 | INFO | src.tmc_shapley_islands |   Onøy og Lurøy: phi=-0.054620, phi/n=-0.00021253
2026-03-04 16:57:20 | INFO | src.tmc_shapley_islands |   Lovund: phi=0.046010, phi/n=0.00030269
2026-03-04 16:57:20 | INFO | src.tmc_shapley_islands |   Sleneset: phi=-0.002041, phi/n=-0.00001252
2026-03-04 16:57:20 | INFO | src.tmc_shapley_islands |   Aldra: phi=0.013052, phi/n=0.00007545
2026-03-04 16:57:20 | INFO | src.tmc_shapley_islands |   Southern 1: phi=-0.008900, phi/n=-0.00001527
2026-03-04 16:57:20 | INFO | src.tmc_shapley_islands |   Southern 2: phi=-0.000032, phi/n=-0.00000008
2026-03-04 16:57:20 | INFO | src.tmc_shapley_islands |   Southern 3: phi=0.121233, phi/n=0.00020795
2026-03-04 16:57:20 | INFO | src.tmc_shapley_islands |   Southern 4: phi=-0.026825, phi/n=-0.00005520
2026-03-04 16:57:20 | INFO | src.tmc_shapley_islands |   Southern 5: phi=-0.015050, phi/n=-0.00007451
2026-03-04 16:57:20 | INFO | src.tmc_shapley_islands | Curve retraining early stopping: enabled=True, patience=20
2026-03-04 16:57:20 | INFO | src.tmc_shapley_islands | Computing add-islands curve (evaluated on test set)...
2026-03-04 16:57:21 | INFO | src.tmc_shapley_islands | Add-curve (mean): 1 islands, n=92 -> corr=0.1962
2026-03-04 16:57:21 | INFO | src.tmc_shapley_islands | Add-curve (mean): 2 islands, n=244 -> corr=0.1787
2026-03-04 16:57:21 | INFO | src.tmc_shapley_islands | Add-curve (mean): 3 islands, n=827 -> corr=0.2032
2026-03-04 16:57:21 | INFO | src.tmc_shapley_islands | Add-curve (mean): 4 islands, n=944 -> corr=0.1770
2026-03-04 16:57:22 | INFO | src.tmc_shapley_islands | Add-curve (mean): 5 islands, n=1292 -> corr=0.1349
2026-03-04 16:57:22 | INFO | src.tmc_shapley_islands | Add-curve (mean): 6 islands, n=1465 -> corr=0.1123
2026-03-04 16:57:23 | INFO | src.tmc_shapley_islands | Add-curve (mean): 7 islands, n=2020 -> corr=0.1404
2026-03-04 16:57:24 | INFO | src.tmc_shapley_islands | Add-curve (mean): 8 islands, n=2416 -> corr=0.1226
2026-03-04 16:57:25 | INFO | src.tmc_shapley_islands | Add-curve (mean): 9 islands, n=2579 -> corr=0.0862
2026-03-04 16:57:26 | INFO | src.tmc_shapley_islands | Add-curve (mean): 10 islands, n=3162 -> corr=0.1300
2026-03-04 16:57:28 | INFO | src.tmc_shapley_islands | Add-curve (mean): 11 islands, n=4225 -> corr=0.1499
2026-03-04 16:57:30 | INFO | src.tmc_shapley_islands | Add-curve (mean): 12 islands, n=4711 -> corr=0.1159
2026-03-04 16:57:32 | INFO | src.tmc_shapley_islands | Add-curve (mean): 13 islands, n=4913 -> corr=0.1271
2026-03-04 16:57:34 | INFO | src.tmc_shapley_islands | Add-curve (mean): 14 islands, n=5199 -> corr=0.1918
2026-03-04 16:57:36 | INFO | src.tmc_shapley_islands | Add-curve (mean): 15 islands, n=5456 -> corr=0.2004
2026-03-04 16:58:00 | INFO | src.tmc_shapley_islands | Random individual add-curve (seed=0) complete
2026-03-04 16:58:12 | INFO | src.tmc_shapley_islands | Random individual add-curve (seed=1) complete
2026-03-04 16:58:27 | INFO | src.tmc_shapley_islands | Random individual add-curve (seed=2) complete
2026-03-04 16:58:39 | INFO | src.tmc_shapley_islands | Random individual add-curve (seed=3) complete
2026-03-04 16:58:50 | INFO | src.tmc_shapley_islands | Random individual add-curve (seed=4) complete
2026-03-04 16:58:50 | INFO | src.tmc_shapley_islands | Building mirrored remove-islands curve from add-islands curve...
2026-03-04 16:58:50 | INFO | src.tmc_shapley_islands | Saved Shapley values to outputs/tmc_shapley_sweep_all_traits/shards/shard_010/tarsus/tmp/shapley_island_values_target_3.csv
2026-03-04 16:58:50 | INFO | src.tmc_shapley_islands | Saved summary to outputs/tmc_shapley_sweep_all_traits/shards/shard_010/tarsus/tmp/tmc_summary_target_3.json
2026-03-04 16:58:50 | INFO | src.tmc_shapley_islands | Saved intermediate ranking trace to outputs/tmc_shapley_sweep_all_traits/shards/shard_010/tarsus/tmp/tmc_intermediate_rankings_target_3.csv
2026-03-04 16:58:50 | INFO | src.tmc_shapley_islands | Saved add-curve to outputs/tmc_shapley_sweep_all_traits/shards/shard_010/tarsus/tmp/add_curve_target_3.csv
2026-03-04 16:58:50 | INFO | src.tmc_shapley_islands | Saved remove-curve to outputs/tmc_shapley_sweep_all_traits/shards/shard_010/tarsus/tmp/remove_curve_target_3.csv
2026-03-04 16:58:51 | INFO | src.tmc_shapley_islands | Saved bar plot to outputs/tmc_shapley_sweep_all_traits/shards/shard_010/tarsus/tmp/shapley_bar_target_3.png
2026-03-04 16:58:51 | INFO | src.tmc_shapley_islands | Saved add-curve plot to outputs/tmc_shapley_sweep_all_traits/shards/shard_010/tarsus/tmp/add_curve_target_3.png
2026-03-04 16:58:51 | INFO | src.tmc_shapley_islands | Saved remove-curve plot to outputs/tmc_shapley_sweep_all_traits/shards/shard_010/tarsus/tmp/remove_curve_target_3.png
2026-03-04 16:58:51 | INFO | __main__ | Shard 10/30 trait=tarsus progress 17/75 | target=3 n_cal_samples=80 perm=20 repeat=3
2026-03-04 16:58:51 | INFO | src.tmc_shapley_islands | [Shapley] Target island: 3 (Selvær), source islands: 15
2026-03-04 16:58:52 | INFO | src.tmc_shapley_islands | Data: source=5456 (across 15 islands), cal=80, test=44
2026-03-04 16:58:52 | INFO | src.tmc_shapley_islands | SNP selection: using fixed precomputed subset (n=20000)
2026-03-04 16:58:52 | INFO | src.tmc_shapley_islands | Island counts (capped to None in training):
  Nesøy: n=117
  Myken: n=92
  Træna: n=286
  Gjerøy: n=555
  Hestmannøy: n=1063
  Indre Kvarøy: n=348
  Onøy og Lurøy: n=257
  Lovund: n=152
  Sleneset: n=163
  Aldra: n=173
  Southern 1: n=583
  Southern 2: n=396
  Southern 3: n=583
  Southern 4: n=486
  Southern 5: n=202
2026-03-04 16:58:52 | INFO | src.tmc_shapley_islands | Loaded 133 cached utilities from outputs/tmc_shapley_sweep_all_traits/cache/tarsus/utility_cache_target_3_seed_698794973.json
2026-03-04 16:58:52 | INFO | src.tmc_shapley_islands | Running TMC-Shapley with 20 permutations (utility on cal set)...
2026-03-04 16:58:52 | INFO | src.tmc_shapley_islands | Computing V_full over all 15 source islands...
2026-03-04 16:58:52 | INFO | src.tmc_shapley_islands | V_full = 0.1782
2026-03-04 16:58:52 | INFO | src.tmc_shapley_islands | TMC head-start: loaded 10 completed permutations from state outputs/tmc_shapley_sweep_all_traits/cache/tarsus/tmc_perm_state_target_3_seed_698794973.json
2026-03-04 16:59:24 | INFO | src.tmc_shapley_islands | TMC progress: 12/20 permutations done, cache hit rate: 22.6%, n_evals: 24
2026-03-04 17:00:41 | INFO | src.tmc_shapley_islands | TMC progress: 16/20 permutations done, cache hit rate: 19.8%, n_evals: 73
2026-03-04 17:01:51 | INFO | src.tmc_shapley_islands | TMC progress: 20/20 permutations done, cache hit rate: 19.2%, n_evals: 122
2026-03-04 17:01:52 | INFO | src.tmc_shapley_islands | TMC complete: 20 permutations, 0 truncated, 122 utility evals, cache hit rate: 19.2%
2026-03-04 17:01:52 | INFO | src.tmc_shapley_islands | Shapley values (phi, computed on cal set):
2026-03-04 17:01:52 | INFO | src.tmc_shapley_islands |   Nesøy: phi=0.012473, phi/n=0.00010661
2026-03-04 17:01:52 | INFO | src.tmc_shapley_islands |   Myken: phi=0.119276, phi/n=0.00129648
2026-03-04 17:01:52 | INFO | src.tmc_shapley_islands |   Træna: phi=-0.057544, phi/n=-0.00020120
2026-03-04 17:01:52 | INFO | src.tmc_shapley_islands |   Gjerøy: phi=0.034344, phi/n=0.00006188
2026-03-04 17:01:52 | INFO | src.tmc_shapley_islands |   Hestmannøy: phi=-0.014501, phi/n=-0.00001364
2026-03-04 17:01:52 | INFO | src.tmc_shapley_islands |   Indre Kvarøy: phi=0.028111, phi/n=0.00008078
2026-03-04 17:01:52 | INFO | src.tmc_shapley_islands |   Onøy og Lurøy: phi=-0.053814, phi/n=-0.00020939
2026-03-04 17:01:52 | INFO | src.tmc_shapley_islands |   Lovund: phi=0.044940, phi/n=0.00029566
2026-03-04 17:01:52 | INFO | src.tmc_shapley_islands |   Sleneset: phi=-0.000369, phi/n=-0.00000226
2026-03-04 17:01:52 | INFO | src.tmc_shapley_islands |   Aldra: phi=0.018002, phi/n=0.00010406
2026-03-04 17:01:52 | INFO | src.tmc_shapley_islands |   Southern 1: phi=-0.003976, phi/n=-0.00000682
2026-03-04 17:01:52 | INFO | src.tmc_shapley_islands |   Southern 2: phi=-0.001672, phi/n=-0.00000422
2026-03-04 17:01:52 | INFO | src.tmc_shapley_islands |   Southern 3: phi=0.097185, phi/n=0.00016670
2026-03-04 17:01:52 | INFO | src.tmc_shapley_islands |   Southern 4: phi=-0.026739, phi/n=-0.00005502
2026-03-04 17:01:52 | INFO | src.tmc_shapley_islands |   Southern 5: phi=-0.017511, phi/n=-0.00008669
2026-03-04 17:01:52 | INFO | src.tmc_shapley_islands | Curve retraining early stopping: enabled=True, patience=20
2026-03-04 17:01:52 | INFO | src.tmc_shapley_islands | Computing add-islands curve (evaluated on test set)...
2026-03-04 17:01:52 | INFO | src.tmc_shapley_islands | Add-curve (mean): 1 islands, n=92 -> corr=0.1962
2026-03-04 17:01:52 | INFO | src.tmc_shapley_islands | Add-curve (mean): 2 islands, n=244 -> corr=0.1787
2026-03-04 17:01:52 | INFO | src.tmc_shapley_islands | Add-curve (mean): 3 islands, n=827 -> corr=0.2032
2026-03-04 17:01:52 | INFO | src.tmc_shapley_islands | Add-curve (mean): 4 islands, n=944 -> corr=0.1770
2026-03-04 17:01:53 | INFO | src.tmc_shapley_islands | Add-curve (mean): 5 islands, n=1117 -> corr=0.1479
2026-03-04 17:01:53 | INFO | src.tmc_shapley_islands | Add-curve (mean): 6 islands, n=1465 -> corr=0.1123
2026-03-04 17:01:54 | INFO | src.tmc_shapley_islands | Add-curve (mean): 7 islands, n=2020 -> corr=0.1404
2026-03-04 17:01:55 | INFO | src.tmc_shapley_islands | Add-curve (mean): 8 islands, n=2183 -> corr=0.1019
2026-03-04 17:01:56 | INFO | src.tmc_shapley_islands | Add-curve (mean): 9 islands, n=2579 -> corr=0.0862
2026-03-04 17:02:00 | INFO | src.tmc_shapley_islands | Add-curve (mean): 10 islands, n=3162 -> corr=0.1300
2026-03-04 17:02:06 | INFO | src.tmc_shapley_islands | Add-curve (mean): 11 islands, n=4225 -> corr=0.1499
2026-03-04 17:02:12 | INFO | src.tmc_shapley_islands | Add-curve (mean): 12 islands, n=4711 -> corr=0.1159
2026-03-04 17:02:14 | INFO | src.tmc_shapley_islands | Add-curve (mean): 13 islands, n=4913 -> corr=0.1271
2026-03-04 17:02:16 | INFO | src.tmc_shapley_islands | Add-curve (mean): 14 islands, n=5199 -> corr=0.1918
2026-03-04 17:02:19 | INFO | src.tmc_shapley_islands | Add-curve (mean): 15 islands, n=5456 -> corr=0.2004
2026-03-04 17:02:30 | INFO | src.tmc_shapley_islands | Random individual add-curve (seed=0) complete
2026-03-04 17:02:42 | INFO | src.tmc_shapley_islands | Random individual add-curve (seed=1) complete
2026-03-04 17:02:59 | INFO | src.tmc_shapley_islands | Random individual add-curve (seed=2) complete
2026-03-04 17:03:21 | INFO | src.tmc_shapley_islands | Random individual add-curve (seed=3) complete
2026-03-04 17:03:32 | INFO | src.tmc_shapley_islands | Random individual add-curve (seed=4) complete
2026-03-04 17:03:32 | INFO | src.tmc_shapley_islands | Building mirrored remove-islands curve from add-islands curve...
2026-03-04 17:03:32 | INFO | src.tmc_shapley_islands | Saved Shapley values to outputs/tmc_shapley_sweep_all_traits/shards/shard_010/tarsus/tmp/shapley_island_values_target_3.csv
2026-03-04 17:03:32 | INFO | src.tmc_shapley_islands | Saved summary to outputs/tmc_shapley_sweep_all_traits/shards/shard_010/tarsus/tmp/tmc_summary_target_3.json
2026-03-04 17:03:32 | INFO | src.tmc_shapley_islands | Saved intermediate ranking trace to outputs/tmc_shapley_sweep_all_traits/shards/shard_010/tarsus/tmp/tmc_intermediate_rankings_target_3.csv
2026-03-04 17:03:32 | INFO | src.tmc_shapley_islands | Saved add-curve to outputs/tmc_shapley_sweep_all_traits/shards/shard_010/tarsus/tmp/add_curve_target_3.csv
2026-03-04 17:03:32 | INFO | src.tmc_shapley_islands | Saved remove-curve to outputs/tmc_shapley_sweep_all_traits/shards/shard_010/tarsus/tmp/remove_curve_target_3.csv
2026-03-04 17:03:33 | INFO | src.tmc_shapley_islands | Saved bar plot to outputs/tmc_shapley_sweep_all_traits/shards/shard_010/tarsus/tmp/shapley_bar_target_3.png
2026-03-04 17:03:33 | INFO | src.tmc_shapley_islands | Saved add-curve plot to outputs/tmc_shapley_sweep_all_traits/shards/shard_010/tarsus/tmp/add_curve_target_3.png
2026-03-04 17:03:34 | INFO | src.tmc_shapley_islands | Saved remove-curve plot to outputs/tmc_shapley_sweep_all_traits/shards/shard_010/tarsus/tmp/remove_curve_target_3.png
2026-03-04 17:03:34 | INFO | __main__ | Shard 10/30 trait=tarsus progress 18/75 | target=3 n_cal_samples=80 perm=40 repeat=3
2026-03-04 17:03:34 | INFO | src.tmc_shapley_islands | [Shapley] Target island: 3 (Selvær), source islands: 15
2026-03-04 17:03:34 | INFO | src.tmc_shapley_islands | Data: source=5456 (across 15 islands), cal=80, test=44
2026-03-04 17:03:34 | INFO | src.tmc_shapley_islands | SNP selection: using fixed precomputed subset (n=20000)
2026-03-04 17:03:34 | INFO | src.tmc_shapley_islands | Island counts (capped to None in training):
  Nesøy: n=117
  Myken: n=92
  Træna: n=286
  Gjerøy: n=555
  Hestmannøy: n=1063
  Indre Kvarøy: n=348
  Onøy og Lurøy: n=257
  Lovund: n=152
  Sleneset: n=163
  Aldra: n=173
  Southern 1: n=583
  Southern 2: n=396
  Southern 3: n=583
  Southern 4: n=486
  Southern 5: n=202
2026-03-04 17:03:34 | INFO | src.tmc_shapley_islands | Loaded 255 cached utilities from outputs/tmc_shapley_sweep_all_traits/cache/tarsus/utility_cache_target_3_seed_698794973.json
2026-03-04 17:03:34 | INFO | src.tmc_shapley_islands | Running TMC-Shapley with 40 permutations (utility on cal set)...
2026-03-04 17:03:34 | INFO | src.tmc_shapley_islands | Computing V_full over all 15 source islands...
2026-03-04 17:03:34 | INFO | src.tmc_shapley_islands | V_full = 0.1782
2026-03-04 17:03:34 | INFO | src.tmc_shapley_islands | TMC head-start: loaded 20 completed permutations from state outputs/tmc_shapley_sweep_all_traits/cache/tarsus/tmc_perm_state_target_3_seed_698794973.json
2026-03-04 17:04:27 | INFO | src.tmc_shapley_islands | TMC progress: 24/40 permutations done, cache hit rate: 26.2%, n_evals: 45
2026-03-04 17:06:40 | INFO | src.tmc_shapley_islands | TMC progress: 32/40 permutations done, cache hit rate: 23.8%, n_evals: 138
2026-03-04 17:09:01 | INFO | src.tmc_shapley_islands | TMC progress: 40/40 permutations done, cache hit rate: 23.3%, n_evals: 231
2026-03-04 17:09:01 | INFO | src.tmc_shapley_islands | TMC complete: 40 permutations, 0 truncated, 231 utility evals, cache hit rate: 23.3%
2026-03-04 17:09:01 | INFO | src.tmc_shapley_islands | Shapley values (phi, computed on cal set):
2026-03-04 17:09:01 | INFO | src.tmc_shapley_islands |   Nesøy: phi=0.011975, phi/n=0.00010235
2026-03-04 17:09:01 | INFO | src.tmc_shapley_islands |   Myken: phi=0.119997, phi/n=0.00130432
2026-03-04 17:09:01 | INFO | src.tmc_shapley_islands |   Træna: phi=-0.050738, phi/n=-0.00017741
2026-03-04 17:09:01 | INFO | src.tmc_shapley_islands |   Gjerøy: phi=0.030879, phi/n=0.00005564
2026-03-04 17:09:01 | INFO | src.tmc_shapley_islands |   Hestmannøy: phi=-0.010528, phi/n=-0.00000990
2026-03-04 17:09:01 | INFO | src.tmc_shapley_islands |   Indre Kvarøy: phi=0.026148, phi/n=0.00007514
2026-03-04 17:09:01 | INFO | src.tmc_shapley_islands |   Onøy og Lurøy: phi=-0.062388, phi/n=-0.00024275
2026-03-04 17:09:01 | INFO | src.tmc_shapley_islands |   Lovund: phi=0.040296, phi/n=0.00026510
2026-03-04 17:09:01 | INFO | src.tmc_shapley_islands |   Sleneset: phi=-0.000489, phi/n=-0.00000300
2026-03-04 17:09:01 | INFO | src.tmc_shapley_islands |   Aldra: phi=0.034286, phi/n=0.00019818
2026-03-04 17:09:01 | INFO | src.tmc_shapley_islands |   Southern 1: phi=-0.005278, phi/n=-0.00000905
2026-03-04 17:09:01 | INFO | src.tmc_shapley_islands |   Southern 2: phi=-0.007740, phi/n=-0.00001955
2026-03-04 17:09:01 | INFO | src.tmc_shapley_islands |   Southern 3: phi=0.105316, phi/n=0.00018065
2026-03-04 17:09:01 | INFO | src.tmc_shapley_islands |   Southern 4: phi=-0.039076, phi/n=-0.00008040
2026-03-04 17:09:01 | INFO | src.tmc_shapley_islands |   Southern 5: phi=-0.014456, phi/n=-0.00007156
2026-03-04 17:09:01 | INFO | src.tmc_shapley_islands | Curve retraining early stopping: enabled=True, patience=20
2026-03-04 17:09:01 | INFO | src.tmc_shapley_islands | Computing add-islands curve (evaluated on test set)...
2026-03-04 17:09:01 | INFO | src.tmc_shapley_islands | Add-curve (mean): 1 islands, n=92 -> corr=0.1962
2026-03-04 17:09:01 | INFO | src.tmc_shapley_islands | Add-curve (mean): 2 islands, n=244 -> corr=0.1787
2026-03-04 17:09:01 | INFO | src.tmc_shapley_islands | Add-curve (mean): 3 islands, n=417 -> corr=0.1372
2026-03-04 17:09:01 | INFO | src.tmc_shapley_islands | Add-curve (mean): 4 islands, n=1000 -> corr=0.1700
2026-03-04 17:09:02 | INFO | src.tmc_shapley_islands | Add-curve (mean): 5 islands, n=1117 -> corr=0.1479
2026-03-04 17:09:02 | INFO | src.tmc_shapley_islands | Add-curve (mean): 6 islands, n=1465 -> corr=0.1123
2026-03-04 17:09:03 | INFO | src.tmc_shapley_islands | Add-curve (mean): 7 islands, n=2020 -> corr=0.1404
2026-03-04 17:09:04 | INFO | src.tmc_shapley_islands | Add-curve (mean): 8 islands, n=2183 -> corr=0.1019
2026-03-04 17:09:05 | INFO | src.tmc_shapley_islands | Add-curve (mean): 9 islands, n=2766 -> corr=0.1414
2026-03-04 17:09:08 | INFO | src.tmc_shapley_islands | Add-curve (mean): 10 islands, n=3829 -> corr=0.1587
2026-03-04 17:09:11 | INFO | src.tmc_shapley_islands | Add-curve (mean): 11 islands, n=4225 -> corr=0.1499
2026-03-04 17:09:17 | INFO | src.tmc_shapley_islands | Add-curve (mean): 12 islands, n=4427 -> corr=0.1641
2026-03-04 17:09:24 | INFO | src.tmc_shapley_islands | Add-curve (mean): 13 islands, n=4913 -> corr=0.1271
2026-03-04 17:09:31 | INFO | src.tmc_shapley_islands | Add-curve (mean): 14 islands, n=5199 -> corr=0.1918
2026-03-04 17:09:33 | INFO | src.tmc_shapley_islands | Add-curve (mean): 15 islands, n=5456 -> corr=0.2004
2026-03-04 17:10:01 | INFO | src.tmc_shapley_islands | Random individual add-curve (seed=0) complete
2026-03-04 17:10:12 | INFO | src.tmc_shapley_islands | Random individual add-curve (seed=1) complete
2026-03-04 17:10:25 | INFO | src.tmc_shapley_islands | Random individual add-curve (seed=2) complete
2026-03-04 17:10:58 | INFO | src.tmc_shapley_islands | Random individual add-curve (seed=3) complete
2026-03-04 17:11:09 | INFO | src.tmc_shapley_islands | Random individual add-curve (seed=4) complete
2026-03-04 17:11:09 | INFO | src.tmc_shapley_islands | Building mirrored remove-islands curve from add-islands curve...
2026-03-04 17:11:09 | INFO | src.tmc_shapley_islands | Saved Shapley values to outputs/tmc_shapley_sweep_all_traits/shards/shard_010/tarsus/tmp/shapley_island_values_target_3.csv
2026-03-04 17:11:09 | INFO | src.tmc_shapley_islands | Saved summary to outputs/tmc_shapley_sweep_all_traits/shards/shard_010/tarsus/tmp/tmc_summary_target_3.json
2026-03-04 17:11:09 | INFO | src.tmc_shapley_islands | Saved intermediate ranking trace to outputs/tmc_shapley_sweep_all_traits/shards/shard_010/tarsus/tmp/tmc_intermediate_rankings_target_3.csv
2026-03-04 17:11:09 | INFO | src.tmc_shapley_islands | Saved add-curve to outputs/tmc_shapley_sweep_all_traits/shards/shard_010/tarsus/tmp/add_curve_target_3.csv
2026-03-04 17:11:09 | INFO | src.tmc_shapley_islands | Saved remove-curve to outputs/tmc_shapley_sweep_all_traits/shards/shard_010/tarsus/tmp/remove_curve_target_3.csv
2026-03-04 17:11:10 | INFO | src.tmc_shapley_islands | Saved bar plot to outputs/tmc_shapley_sweep_all_traits/shards/shard_010/tarsus/tmp/shapley_bar_target_3.png
2026-03-04 17:11:10 | INFO | src.tmc_shapley_islands | Saved add-curve plot to outputs/tmc_shapley_sweep_all_traits/shards/shard_010/tarsus/tmp/add_curve_target_3.png
2026-03-04 17:11:11 | INFO | src.tmc_shapley_islands | Saved remove-curve plot to outputs/tmc_shapley_sweep_all_traits/shards/shard_010/tarsus/tmp/remove_curve_target_3.png
2026-03-04 17:11:11 | INFO | __main__ | Shard 10/30 trait=tarsus progress 19/75 | target=3 n_cal_samples=80 perm=80 repeat=3
2026-03-04 17:11:11 | INFO | src.tmc_shapley_islands | [Shapley] Target island: 3 (Selvær), source islands: 15
2026-03-04 17:11:11 | INFO | src.tmc_shapley_islands | Data: source=5456 (across 15 islands), cal=80, test=44
2026-03-04 17:11:11 | INFO | src.tmc_shapley_islands | SNP selection: using fixed precomputed subset (n=20000)
2026-03-04 17:11:11 | INFO | src.tmc_shapley_islands | Island counts (capped to None in training):
  Nesøy: n=117
  Myken: n=92
  Træna: n=286
  Gjerøy: n=555
  Hestmannøy: n=1063
  Indre Kvarøy: n=348
  Onøy og Lurøy: n=257
  Lovund: n=152
  Sleneset: n=163
  Aldra: n=173
  Southern 1: n=583
  Southern 2: n=396
  Southern 3: n=583
  Southern 4: n=486
  Southern 5: n=202
2026-03-04 17:11:11 | INFO | src.tmc_shapley_islands | Loaded 486 cached utilities from outputs/tmc_shapley_sweep_all_traits/cache/tarsus/utility_cache_target_3_seed_698794973.json
2026-03-04 17:11:11 | INFO | src.tmc_shapley_islands | Running TMC-Shapley with 80 permutations (utility on cal set)...
2026-03-04 17:11:11 | INFO | src.tmc_shapley_islands | Computing V_full over all 15 source islands...
2026-03-04 17:11:11 | INFO | src.tmc_shapley_islands | V_full = 0.1782
2026-03-04 17:11:11 | INFO | src.tmc_shapley_islands | TMC head-start: loaded 40 completed permutations from state outputs/tmc_shapley_sweep_all_traits/cache/tarsus/tmc_perm_state_target_3_seed_698794973.json
2026-03-04 17:12:54 | INFO | src.tmc_shapley_islands | TMC progress: 48/80 permutations done, cache hit rate: 25.6%, n_evals: 90
2026-03-04 17:16:28 | INFO | src.tmc_shapley_islands | TMC progress: 64/80 permutations done, cache hit rate: 27.1%, n_evals: 263
2026-03-04 17:20:56 | INFO | src.tmc_shapley_islands | TMC progress: 80/80 permutations done, cache hit rate: 28.0%, n_evals: 433
2026-03-04 17:20:56 | INFO | src.tmc_shapley_islands | TMC complete: 80 permutations, 0 truncated, 433 utility evals, cache hit rate: 28.0%
2026-03-04 17:20:56 | INFO | src.tmc_shapley_islands | Shapley values (phi, computed on cal set):
2026-03-04 17:20:56 | INFO | src.tmc_shapley_islands |   Nesøy: phi=0.014696, phi/n=0.00012561
2026-03-04 17:20:56 | INFO | src.tmc_shapley_islands |   Myken: phi=0.125104, phi/n=0.00135983
2026-03-04 17:20:56 | INFO | src.tmc_shapley_islands |   Træna: phi=-0.049468, phi/n=-0.00017297
2026-03-04 17:20:56 | INFO | src.tmc_shapley_islands |   Gjerøy: phi=0.030561, phi/n=0.00005507
2026-03-04 17:20:56 | INFO | src.tmc_shapley_islands |   Hestmannøy: phi=-0.012725, phi/n=-0.00001197
2026-03-04 17:20:56 | INFO | src.tmc_shapley_islands |   Indre Kvarøy: phi=0.027757, phi/n=0.00007976
2026-03-04 17:20:56 | INFO | src.tmc_shapley_islands |   Onøy og Lurøy: phi=-0.060901, phi/n=-0.00023697
2026-03-04 17:20:56 | INFO | src.tmc_shapley_islands |   Lovund: phi=0.043482, phi/n=0.00028607
2026-03-04 17:20:56 | INFO | src.tmc_shapley_islands |   Sleneset: phi=0.001272, phi/n=0.00000781
2026-03-04 17:20:56 | INFO | src.tmc_shapley_islands |   Aldra: phi=0.027456, phi/n=0.00015871
2026-03-04 17:20:56 | INFO | src.tmc_shapley_islands |   Southern 1: phi=-0.006801, phi/n=-0.00001167
2026-03-04 17:20:56 | INFO | src.tmc_shapley_islands |   Southern 2: phi=-0.007795, phi/n=-0.00001969
2026-03-04 17:20:56 | INFO | src.tmc_shapley_islands |   Southern 3: phi=0.097840, phi/n=0.00016782
2026-03-04 17:20:56 | INFO | src.tmc_shapley_islands |   Southern 4: phi=-0.038655, phi/n=-0.00007954
2026-03-04 17:20:56 | INFO | src.tmc_shapley_islands |   Southern 5: phi=-0.013620, phi/n=-0.00006742
2026-03-04 17:20:56 | INFO | src.tmc_shapley_islands | Curve retraining early stopping: enabled=True, patience=20
2026-03-04 17:20:56 | INFO | src.tmc_shapley_islands | Computing add-islands curve (evaluated on test set)...
2026-03-04 17:20:56 | INFO | src.tmc_shapley_islands | Add-curve (mean): 1 islands, n=92 -> corr=0.1962
2026-03-04 17:20:56 | INFO | src.tmc_shapley_islands | Add-curve (mean): 2 islands, n=244 -> corr=0.1787
2026-03-04 17:20:56 | INFO | src.tmc_shapley_islands | Add-curve (mean): 3 islands, n=827 -> corr=0.2032
2026-03-04 17:20:57 | INFO | src.tmc_shapley_islands | Add-curve (mean): 4 islands, n=1000 -> corr=0.1700
2026-03-04 17:20:57 | INFO | src.tmc_shapley_islands | Add-curve (mean): 5 islands, n=1117 -> corr=0.1479
2026-03-04 17:20:58 | INFO | src.tmc_shapley_islands | Add-curve (mean): 6 islands, n=1465 -> corr=0.1123
2026-03-04 17:20:59 | INFO | src.tmc_shapley_islands | Add-curve (mean): 7 islands, n=2020 -> corr=0.1404
2026-03-04 17:20:59 | INFO | src.tmc_shapley_islands | Add-curve (mean): 8 islands, n=2183 -> corr=0.1019
2026-03-04 17:21:01 | INFO | src.tmc_shapley_islands | Add-curve (mean): 9 islands, n=2766 -> corr=0.1414
2026-03-04 17:21:02 | INFO | src.tmc_shapley_islands | Add-curve (mean): 10 islands, n=3829 -> corr=0.1587
2026-03-04 17:21:04 | INFO | src.tmc_shapley_islands | Add-curve (mean): 11 islands, n=4225 -> corr=0.1499
2026-03-04 17:21:06 | INFO | src.tmc_shapley_islands | Add-curve (mean): 12 islands, n=4427 -> corr=0.1641
2026-03-04 17:21:08 | INFO | src.tmc_shapley_islands | Add-curve (mean): 13 islands, n=4913 -> corr=0.1271
2026-03-04 17:21:10 | INFO | src.tmc_shapley_islands | Add-curve (mean): 14 islands, n=5199 -> corr=0.1918
2026-03-04 17:21:12 | INFO | src.tmc_shapley_islands | Add-curve (mean): 15 islands, n=5456 -> corr=0.2004
2026-03-04 17:21:35 | INFO | src.tmc_shapley_islands | Random individual add-curve (seed=0) complete
2026-03-04 17:21:47 | INFO | src.tmc_shapley_islands | Random individual add-curve (seed=1) complete
2026-03-04 17:22:06 | INFO | src.tmc_shapley_islands | Random individual add-curve (seed=2) complete
2026-03-04 17:22:21 | INFO | src.tmc_shapley_islands | Random individual add-curve (seed=3) complete
2026-03-04 17:22:35 | INFO | src.tmc_shapley_islands | Random individual add-curve (seed=4) complete
2026-03-04 17:22:35 | INFO | src.tmc_shapley_islands | Building mirrored remove-islands curve from add-islands curve...
2026-03-04 17:22:35 | INFO | src.tmc_shapley_islands | Saved Shapley values to outputs/tmc_shapley_sweep_all_traits/shards/shard_010/tarsus/tmp/shapley_island_values_target_3.csv
2026-03-04 17:22:35 | INFO | src.tmc_shapley_islands | Saved summary to outputs/tmc_shapley_sweep_all_traits/shards/shard_010/tarsus/tmp/tmc_summary_target_3.json
2026-03-04 17:22:35 | INFO | src.tmc_shapley_islands | Saved intermediate ranking trace to outputs/tmc_shapley_sweep_all_traits/shards/shard_010/tarsus/tmp/tmc_intermediate_rankings_target_3.csv
2026-03-04 17:22:35 | INFO | src.tmc_shapley_islands | Saved add-curve to outputs/tmc_shapley_sweep_all_traits/shards/shard_010/tarsus/tmp/add_curve_target_3.csv
2026-03-04 17:22:35 | INFO | src.tmc_shapley_islands | Saved remove-curve to outputs/tmc_shapley_sweep_all_traits/shards/shard_010/tarsus/tmp/remove_curve_target_3.csv
2026-03-04 17:22:36 | INFO | src.tmc_shapley_islands | Saved bar plot to outputs/tmc_shapley_sweep_all_traits/shards/shard_010/tarsus/tmp/shapley_bar_target_3.png
2026-03-04 17:22:36 | INFO | src.tmc_shapley_islands | Saved add-curve plot to outputs/tmc_shapley_sweep_all_traits/shards/shard_010/tarsus/tmp/add_curve_target_3.png
2026-03-04 17:22:37 | INFO | src.tmc_shapley_islands | Saved remove-curve plot to outputs/tmc_shapley_sweep_all_traits/shards/shard_010/tarsus/tmp/remove_curve_target_3.png
2026-03-04 17:22:37 | INFO | __main__ | Shard 10/30 trait=tarsus progress 20/75 | target=3 n_cal_samples=80 perm=150 repeat=3
2026-03-04 17:22:37 | INFO | src.tmc_shapley_islands | [Shapley] Target island: 3 (Selvær), source islands: 15
2026-03-04 17:22:37 | INFO | src.tmc_shapley_islands | Data: source=5456 (across 15 islands), cal=80, test=44
2026-03-04 17:22:37 | INFO | src.tmc_shapley_islands | SNP selection: using fixed precomputed subset (n=20000)
2026-03-04 17:22:37 | INFO | src.tmc_shapley_islands | Island counts (capped to None in training):
  Nesøy: n=117
  Myken: n=92
  Træna: n=286
  Gjerøy: n=555
  Hestmannøy: n=1063
  Indre Kvarøy: n=348
  Onøy og Lurøy: n=257
  Lovund: n=152
  Sleneset: n=163
  Aldra: n=173
  Southern 1: n=583
  Southern 2: n=396
  Southern 3: n=583
  Southern 4: n=486
  Southern 5: n=202
2026-03-04 17:22:37 | INFO | src.tmc_shapley_islands | Loaded 919 cached utilities from outputs/tmc_shapley_sweep_all_traits/cache/tarsus/utility_cache_target_3_seed_698794973.json
2026-03-04 17:22:37 | INFO | src.tmc_shapley_islands | Running TMC-Shapley with 150 permutations (utility on cal set)...
2026-03-04 17:22:37 | INFO | src.tmc_shapley_islands | Computing V_full over all 15 source islands...
2026-03-04 17:22:37 | INFO | src.tmc_shapley_islands | V_full = 0.1782
2026-03-04 17:22:37 | INFO | src.tmc_shapley_islands | TMC head-start: loaded 80 completed permutations from state outputs/tmc_shapley_sweep_all_traits/cache/tarsus/tmc_perm_state_target_3_seed_698794973.json
2026-03-04 17:24:46 | INFO | src.tmc_shapley_islands | TMC progress: 90/150 permutations done, cache hit rate: 31.1%, n_evals: 104
2026-03-04 17:30:47 | INFO | src.tmc_shapley_islands | TMC progress: 120/150 permutations done, cache hit rate: 32.9%, n_evals: 403
2026-03-04 17:37:04 | INFO | src.tmc_shapley_islands | TMC progress: 150/150 permutations done, cache hit rate: 34.2%, n_evals: 692
2026-03-04 17:37:04 | INFO | src.tmc_shapley_islands | TMC complete: 150 permutations, 0 truncated, 692 utility evals, cache hit rate: 34.2%
2026-03-04 17:37:04 | INFO | src.tmc_shapley_islands | Shapley values (phi, computed on cal set):
2026-03-04 17:37:04 | INFO | src.tmc_shapley_islands |   Nesøy: phi=0.017043, phi/n=0.00014567
2026-03-04 17:37:04 | INFO | src.tmc_shapley_islands |   Myken: phi=0.131120, phi/n=0.00142522
2026-03-04 17:37:04 | INFO | src.tmc_shapley_islands |   Træna: phi=-0.050641, phi/n=-0.00017707
2026-03-04 17:37:04 | INFO | src.tmc_shapley_islands |   Gjerøy: phi=0.028464, phi/n=0.00005129
2026-03-04 17:37:04 | INFO | src.tmc_shapley_islands |   Hestmannøy: phi=-0.011996, phi/n=-0.00001129
2026-03-04 17:37:04 | INFO | src.tmc_shapley_islands |   Indre Kvarøy: phi=0.024836, phi/n=0.00007137
2026-03-04 17:37:04 | INFO | src.tmc_shapley_islands |   Onøy og Lurøy: phi=-0.061856, phi/n=-0.00024069
2026-03-04 17:37:04 | INFO | src.tmc_shapley_islands |   Lovund: phi=0.048390, phi/n=0.00031836
2026-03-04 17:37:04 | INFO | src.tmc_shapley_islands |   Sleneset: phi=0.000653, phi/n=0.00000401
2026-03-04 17:37:04 | INFO | src.tmc_shapley_islands |   Aldra: phi=0.029268, phi/n=0.00016918
2026-03-04 17:37:04 | INFO | src.tmc_shapley_islands |   Southern 1: phi=-0.006970, phi/n=-0.00001196
2026-03-04 17:37:04 | INFO | src.tmc_shapley_islands |   Southern 2: phi=-0.007633, phi/n=-0.00001928
2026-03-04 17:37:04 | INFO | src.tmc_shapley_islands |   Southern 3: phi=0.092651, phi/n=0.00015892
2026-03-04 17:37:04 | INFO | src.tmc_shapley_islands |   Southern 4: phi=-0.040652, phi/n=-0.00008365
2026-03-04 17:37:04 | INFO | src.tmc_shapley_islands |   Southern 5: phi=-0.014471, phi/n=-0.00007164
2026-03-04 17:37:04 | INFO | src.tmc_shapley_islands | Curve retraining early stopping: enabled=True, patience=20
2026-03-04 17:37:04 | INFO | src.tmc_shapley_islands | Computing add-islands curve (evaluated on test set)...
2026-03-04 17:37:04 | INFO | src.tmc_shapley_islands | Add-curve (mean): 1 islands, n=92 -> corr=0.1962
2026-03-04 17:37:04 | INFO | src.tmc_shapley_islands | Add-curve (mean): 2 islands, n=244 -> corr=0.1787
2026-03-04 17:37:04 | INFO | src.tmc_shapley_islands | Add-curve (mean): 3 islands, n=417 -> corr=0.1372
2026-03-04 17:37:04 | INFO | src.tmc_shapley_islands | Add-curve (mean): 4 islands, n=1000 -> corr=0.1700
2026-03-04 17:37:05 | INFO | src.tmc_shapley_islands | Add-curve (mean): 5 islands, n=1117 -> corr=0.1479
2026-03-04 17:37:05 | INFO | src.tmc_shapley_islands | Add-curve (mean): 6 islands, n=1465 -> corr=0.1123
2026-03-04 17:37:06 | INFO | src.tmc_shapley_islands | Add-curve (mean): 7 islands, n=2020 -> corr=0.1404
2026-03-04 17:37:07 | INFO | src.tmc_shapley_islands | Add-curve (mean): 8 islands, n=2183 -> corr=0.1019
2026-03-04 17:37:10 | INFO | src.tmc_shapley_islands | Add-curve (mean): 9 islands, n=3246 -> corr=0.1303
2026-03-04 17:37:11 | INFO | src.tmc_shapley_islands | Add-curve (mean): 10 islands, n=3829 -> corr=0.1587
2026-03-04 17:37:13 | INFO | src.tmc_shapley_islands | Add-curve (mean): 11 islands, n=4225 -> corr=0.1499
2026-03-04 17:37:14 | INFO | src.tmc_shapley_islands | Add-curve (mean): 12 islands, n=4427 -> corr=0.1641
2026-03-04 17:37:17 | INFO | src.tmc_shapley_islands | Add-curve (mean): 13 islands, n=4913 -> corr=0.1271
2026-03-04 17:37:19 | INFO | src.tmc_shapley_islands | Add-curve (mean): 14 islands, n=5199 -> corr=0.1918
2026-03-04 17:37:21 | INFO | src.tmc_shapley_islands | Add-curve (mean): 15 islands, n=5456 -> corr=0.2004
2026-03-04 17:37:33 | INFO | src.tmc_shapley_islands | Random individual add-curve (seed=0) complete
2026-03-04 17:37:45 | INFO | src.tmc_shapley_islands | Random individual add-curve (seed=1) complete
2026-03-04 17:37:56 | INFO | src.tmc_shapley_islands | Random individual add-curve (seed=2) complete
2026-03-04 17:38:09 | INFO | src.tmc_shapley_islands | Random individual add-curve (seed=3) complete
2026-03-04 17:38:20 | INFO | src.tmc_shapley_islands | Random individual add-curve (seed=4) complete
2026-03-04 17:38:20 | INFO | src.tmc_shapley_islands | Building mirrored remove-islands curve from add-islands curve...
2026-03-04 17:38:20 | INFO | src.tmc_shapley_islands | Saved Shapley values to outputs/tmc_shapley_sweep_all_traits/shards/shard_010/tarsus/tmp/shapley_island_values_target_3.csv
2026-03-04 17:38:20 | INFO | src.tmc_shapley_islands | Saved summary to outputs/tmc_shapley_sweep_all_traits/shards/shard_010/tarsus/tmp/tmc_summary_target_3.json
2026-03-04 17:38:20 | INFO | src.tmc_shapley_islands | Saved intermediate ranking trace to outputs/tmc_shapley_sweep_all_traits/shards/shard_010/tarsus/tmp/tmc_intermediate_rankings_target_3.csv
2026-03-04 17:38:20 | INFO | src.tmc_shapley_islands | Saved add-curve to outputs/tmc_shapley_sweep_all_traits/shards/shard_010/tarsus/tmp/add_curve_target_3.csv
2026-03-04 17:38:20 | INFO | src.tmc_shapley_islands | Saved remove-curve to outputs/tmc_shapley_sweep_all_traits/shards/shard_010/tarsus/tmp/remove_curve_target_3.csv
2026-03-04 17:38:21 | INFO | src.tmc_shapley_islands | Saved bar plot to outputs/tmc_shapley_sweep_all_traits/shards/shard_010/tarsus/tmp/shapley_bar_target_3.png
2026-03-04 17:38:21 | INFO | src.tmc_shapley_islands | Saved add-curve plot to outputs/tmc_shapley_sweep_all_traits/shards/shard_010/tarsus/tmp/add_curve_target_3.png
2026-03-04 17:38:21 | INFO | src.tmc_shapley_islands | Saved remove-curve plot to outputs/tmc_shapley_sweep_all_traits/shards/shard_010/tarsus/tmp/remove_curve_target_3.png
2026-03-04 17:38:21 | INFO | __main__ | Shard 10/30 trait=tarsus progress 21/75 | target=3 n_cal_samples=150 perm=10 repeat=3
2026-03-04 17:38:21 | INFO | src.tmc_shapley_islands | [Shapley] Target island: 3 (Selvær), source islands: 15
2026-03-04 17:38:22 | INFO | src.tmc_shapley_islands | Data: source=5456 (across 15 islands), cal=150, test=44
2026-03-04 17:38:22 | INFO | src.tmc_shapley_islands | SNP selection: using fixed precomputed subset (n=20000)
2026-03-04 17:38:22 | INFO | src.tmc_shapley_islands | Island counts (capped to None in training):
  Nesøy: n=117
  Myken: n=92
  Træna: n=286
  Gjerøy: n=555
  Hestmannøy: n=1063
  Indre Kvarøy: n=348
  Onøy og Lurøy: n=257
  Lovund: n=152
  Sleneset: n=163
  Aldra: n=173
  Southern 1: n=583
  Southern 2: n=396
  Southern 3: n=583
  Southern 4: n=486
  Southern 5: n=202
2026-03-04 17:38:22 | INFO | src.tmc_shapley_islands | Running TMC-Shapley with 10 permutations (utility on cal set)...
2026-03-04 17:38:22 | INFO | src.tmc_shapley_islands | Computing V_full over all 15 source islands...
2026-03-04 17:38:24 | INFO | src.tmc_shapley_islands | V_full = 0.2462
2026-03-04 17:39:02 | INFO | src.tmc_shapley_islands | TMC progress: 2/10 permutations done, cache hit rate: 6.5%, n_evals: 29
2026-03-04 17:39:35 | INFO | src.tmc_shapley_islands | TMC progress: 4/10 permutations done, cache hit rate: 6.6%, n_evals: 57
2026-03-04 17:40:00 | INFO | src.tmc_shapley_islands | TMC progress: 6/10 permutations done, cache hit rate: 6.6%, n_evals: 85
2026-03-04 17:40:30 | INFO | src.tmc_shapley_islands | TMC progress: 8/10 permutations done, cache hit rate: 7.4%, n_evals: 112
2026-03-04 17:41:00 | INFO | src.tmc_shapley_islands | TMC progress: 10/10 permutations done, cache hit rate: 9.3%, n_evals: 137
2026-03-04 17:41:00 | INFO | src.tmc_shapley_islands | TMC complete: 10 permutations, 0 truncated, 137 utility evals, cache hit rate: 9.3%
2026-03-04 17:41:00 | INFO | src.tmc_shapley_islands | Shapley values (phi, computed on cal set):
2026-03-04 17:41:00 | INFO | src.tmc_shapley_islands |   Nesøy: phi=0.001492, phi/n=0.00001275
2026-03-04 17:41:00 | INFO | src.tmc_shapley_islands |   Myken: phi=0.116089, phi/n=0.00126183
2026-03-04 17:41:00 | INFO | src.tmc_shapley_islands |   Træna: phi=0.032945, phi/n=0.00011519
2026-03-04 17:41:00 | INFO | src.tmc_shapley_islands |   Gjerøy: phi=0.012898, phi/n=0.00002324
2026-03-04 17:41:00 | INFO | src.tmc_shapley_islands |   Hestmannøy: phi=0.012484, phi/n=0.00001174
2026-03-04 17:41:00 | INFO | src.tmc_shapley_islands |   Indre Kvarøy: phi=-0.003043, phi/n=-0.00000874
2026-03-04 17:41:00 | INFO | src.tmc_shapley_islands |   Onøy og Lurøy: phi=0.003333, phi/n=0.00001297
2026-03-04 17:41:00 | INFO | src.tmc_shapley_islands |   Lovund: phi=0.054534, phi/n=0.00035877
2026-03-04 17:41:00 | INFO | src.tmc_shapley_islands |   Sleneset: phi=0.016576, phi/n=0.00010169
2026-03-04 17:41:00 | INFO | src.tmc_shapley_islands |   Aldra: phi=0.004000, phi/n=0.00002312
2026-03-04 17:41:00 | INFO | src.tmc_shapley_islands |   Southern 1: phi=0.018617, phi/n=0.00003193
2026-03-04 17:41:00 | INFO | src.tmc_shapley_islands |   Southern 2: phi=0.004187, phi/n=0.00001057
2026-03-04 17:41:00 | INFO | src.tmc_shapley_islands |   Southern 3: phi=0.024096, phi/n=0.00004133
2026-03-04 17:41:00 | INFO | src.tmc_shapley_islands |   Southern 4: phi=-0.044864, phi/n=-0.00009231
2026-03-04 17:41:00 | INFO | src.tmc_shapley_islands |   Southern 5: phi=-0.007181, phi/n=-0.00003555
2026-03-04 17:41:00 | INFO | src.tmc_shapley_islands | Curve retraining early stopping: enabled=True, patience=20
2026-03-04 17:41:00 | INFO | src.tmc_shapley_islands | Computing add-islands curve (evaluated on test set)...
2026-03-04 17:41:00 | INFO | src.tmc_shapley_islands | Add-curve (mean): 1 islands, n=92 -> corr=0.3955
2026-03-04 17:41:00 | INFO | src.tmc_shapley_islands | Add-curve (mean): 2 islands, n=244 -> corr=0.4258
2026-03-04 17:41:00 | INFO | src.tmc_shapley_islands | Add-curve (mean): 3 islands, n=530 -> corr=0.3096
2026-03-04 17:41:00 | INFO | src.tmc_shapley_islands | Add-curve (mean): 4 islands, n=693 -> corr=0.2915
2026-03-04 17:41:01 | INFO | src.tmc_shapley_islands | Add-curve (mean): 5 islands, n=1276 -> corr=0.2947
2026-03-04 17:41:01 | INFO | src.tmc_shapley_islands | Add-curve (mean): 6 islands, n=1859 -> corr=0.2773
2026-03-04 17:41:02 | INFO | src.tmc_shapley_islands | Add-curve (mean): 7 islands, n=2414 -> corr=0.2704
2026-03-04 17:41:03 | INFO | src.tmc_shapley_islands | Add-curve (mean): 8 islands, n=2587 -> corr=0.2558
2026-03-04 17:41:04 | INFO | src.tmc_shapley_islands | Add-curve (mean): 9 islands, n=2844 -> corr=0.1833
2026-03-04 17:41:06 | INFO | src.tmc_shapley_islands | Add-curve (mean): 10 islands, n=2961 -> corr=0.1859
2026-03-04 17:41:07 | INFO | src.tmc_shapley_islands | Add-curve (mean): 11 islands, n=4024 -> corr=0.1859
2026-03-04 17:41:09 | INFO | src.tmc_shapley_islands | Add-curve (mean): 12 islands, n=4420 -> corr=0.1772
2026-03-04 17:41:11 | INFO | src.tmc_shapley_islands | Add-curve (mean): 13 islands, n=4768 -> corr=0.2118
2026-03-04 17:41:12 | INFO | src.tmc_shapley_islands | Add-curve (mean): 14 islands, n=4970 -> corr=0.2173
2026-03-04 17:41:15 | INFO | src.tmc_shapley_islands | Add-curve (mean): 15 islands, n=5456 -> corr=0.2051
2026-03-04 17:41:28 | INFO | src.tmc_shapley_islands | Random individual add-curve (seed=0) complete
2026-03-04 17:41:39 | INFO | src.tmc_shapley_islands | Random individual add-curve (seed=1) complete
2026-03-04 17:41:51 | INFO | src.tmc_shapley_islands | Random individual add-curve (seed=2) complete
2026-03-04 17:42:09 | INFO | src.tmc_shapley_islands | Random individual add-curve (seed=3) complete
2026-03-04 17:42:20 | INFO | src.tmc_shapley_islands | Random individual add-curve (seed=4) complete
2026-03-04 17:42:20 | INFO | src.tmc_shapley_islands | Building mirrored remove-islands curve from add-islands curve...
2026-03-04 17:42:20 | INFO | src.tmc_shapley_islands | Saved Shapley values to outputs/tmc_shapley_sweep_all_traits/shards/shard_010/tarsus/tmp/shapley_island_values_target_3.csv
2026-03-04 17:42:20 | INFO | src.tmc_shapley_islands | Saved summary to outputs/tmc_shapley_sweep_all_traits/shards/shard_010/tarsus/tmp/tmc_summary_target_3.json
2026-03-04 17:42:20 | INFO | src.tmc_shapley_islands | Saved intermediate ranking trace to outputs/tmc_shapley_sweep_all_traits/shards/shard_010/tarsus/tmp/tmc_intermediate_rankings_target_3.csv
2026-03-04 17:42:20 | INFO | src.tmc_shapley_islands | Saved add-curve to outputs/tmc_shapley_sweep_all_traits/shards/shard_010/tarsus/tmp/add_curve_target_3.csv
2026-03-04 17:42:20 | INFO | src.tmc_shapley_islands | Saved remove-curve to outputs/tmc_shapley_sweep_all_traits/shards/shard_010/tarsus/tmp/remove_curve_target_3.csv
2026-03-04 17:42:21 | INFO | src.tmc_shapley_islands | Saved bar plot to outputs/tmc_shapley_sweep_all_traits/shards/shard_010/tarsus/tmp/shapley_bar_target_3.png
2026-03-04 17:42:21 | INFO | src.tmc_shapley_islands | Saved add-curve plot to outputs/tmc_shapley_sweep_all_traits/shards/shard_010/tarsus/tmp/add_curve_target_3.png
2026-03-04 17:42:21 | INFO | src.tmc_shapley_islands | Saved remove-curve plot to outputs/tmc_shapley_sweep_all_traits/shards/shard_010/tarsus/tmp/remove_curve_target_3.png
2026-03-04 17:42:21 | INFO | __main__ | Shard 10/30 trait=tarsus progress 22/75 | target=3 n_cal_samples=150 perm=20 repeat=3
2026-03-04 17:42:21 | INFO | src.tmc_shapley_islands | [Shapley] Target island: 3 (Selvær), source islands: 15
2026-03-04 17:42:22 | INFO | src.tmc_shapley_islands | Data: source=5456 (across 15 islands), cal=150, test=44
2026-03-04 17:42:22 | INFO | src.tmc_shapley_islands | SNP selection: using fixed precomputed subset (n=20000)
2026-03-04 17:42:22 | INFO | src.tmc_shapley_islands | Island counts (capped to None in training):
  Nesøy: n=117
  Myken: n=92
  Træna: n=286
  Gjerøy: n=555
  Hestmannøy: n=1063
  Indre Kvarøy: n=348
  Onøy og Lurøy: n=257
  Lovund: n=152
  Sleneset: n=163
  Aldra: n=173
  Southern 1: n=583
  Southern 2: n=396
  Southern 3: n=583
  Southern 4: n=486
  Southern 5: n=202
2026-03-04 17:42:22 | INFO | src.tmc_shapley_islands | Loaded 137 cached utilities from outputs/tmc_shapley_sweep_all_traits/cache/tarsus/utility_cache_target_3_seed_1563735447.json
2026-03-04 17:42:22 | INFO | src.tmc_shapley_islands | Running TMC-Shapley with 20 permutations (utility on cal set)...
2026-03-04 17:42:22 | INFO | src.tmc_shapley_islands | Computing V_full over all 15 source islands...
2026-03-04 17:42:22 | INFO | src.tmc_shapley_islands | V_full = 0.2462
2026-03-04 17:42:22 | INFO | src.tmc_shapley_islands | TMC head-start: loaded 10 completed permutations from state outputs/tmc_shapley_sweep_all_traits/cache/tarsus/tmc_perm_state_target_3_seed_1563735447.json
2026-03-04 17:42:58 | INFO | src.tmc_shapley_islands | TMC progress: 12/20 permutations done, cache hit rate: 16.1%, n_evals: 26
2026-03-04 17:43:53 | INFO | src.tmc_shapley_islands | TMC progress: 16/20 permutations done, cache hit rate: 14.3%, n_evals: 78
2026-03-04 17:44:55 | INFO | src.tmc_shapley_islands | TMC progress: 20/20 permutations done, cache hit rate: 17.2%, n_evals: 125
2026-03-04 17:44:55 | INFO | src.tmc_shapley_islands | TMC complete: 20 permutations, 0 truncated, 125 utility evals, cache hit rate: 17.2%
2026-03-04 17:44:55 | INFO | src.tmc_shapley_islands | Shapley values (phi, computed on cal set):
2026-03-04 17:44:55 | INFO | src.tmc_shapley_islands |   Nesøy: phi=0.004302, phi/n=0.00003677
2026-03-04 17:44:55 | INFO | src.tmc_shapley_islands |   Myken: phi=0.117792, phi/n=0.00128035
2026-03-04 17:44:55 | INFO | src.tmc_shapley_islands |   Træna: phi=0.031521, phi/n=0.00011021
2026-03-04 17:44:55 | INFO | src.tmc_shapley_islands |   Gjerøy: phi=0.011675, phi/n=0.00002104
2026-03-04 17:44:55 | INFO | src.tmc_shapley_islands |   Hestmannøy: phi=0.015066, phi/n=0.00001417
2026-03-04 17:44:55 | INFO | src.tmc_shapley_islands |   Indre Kvarøy: phi=-0.002432, phi/n=-0.00000699
2026-03-04 17:44:55 | INFO | src.tmc_shapley_islands |   Onøy og Lurøy: phi=0.000783, phi/n=0.00000305
2026-03-04 17:44:55 | INFO | src.tmc_shapley_islands |   Lovund: phi=0.047683, phi/n=0.00031370
2026-03-04 17:44:55 | INFO | src.tmc_shapley_islands |   Sleneset: phi=0.015594, phi/n=0.00009567
2026-03-04 17:44:55 | INFO | src.tmc_shapley_islands |   Aldra: phi=0.005653, phi/n=0.00003267
2026-03-04 17:44:55 | INFO | src.tmc_shapley_islands |   Southern 1: phi=0.013249, phi/n=0.00002273
2026-03-04 17:44:55 | INFO | src.tmc_shapley_islands |   Southern 2: phi=0.004521, phi/n=0.00001142
2026-03-04 17:44:55 | INFO | src.tmc_shapley_islands |   Southern 3: phi=0.026982, phi/n=0.00004628
2026-03-04 17:44:55 | INFO | src.tmc_shapley_islands |   Southern 4: phi=-0.039451, phi/n=-0.00008117
2026-03-04 17:44:55 | INFO | src.tmc_shapley_islands |   Southern 5: phi=-0.006775, phi/n=-0.00003354
2026-03-04 17:44:55 | INFO | src.tmc_shapley_islands | Curve retraining early stopping: enabled=True, patience=20
2026-03-04 17:44:55 | INFO | src.tmc_shapley_islands | Computing add-islands curve (evaluated on test set)...
2026-03-04 17:44:55 | INFO | src.tmc_shapley_islands | Add-curve (mean): 1 islands, n=92 -> corr=0.3955
2026-03-04 17:44:55 | INFO | src.tmc_shapley_islands | Add-curve (mean): 2 islands, n=244 -> corr=0.4258
2026-03-04 17:44:55 | INFO | src.tmc_shapley_islands | Add-curve (mean): 3 islands, n=530 -> corr=0.3096
2026-03-04 17:44:55 | INFO | src.tmc_shapley_islands | Add-curve (mean): 4 islands, n=693 -> corr=0.2915
2026-03-04 17:44:56 | INFO | src.tmc_shapley_islands | Add-curve (mean): 5 islands, n=1276 -> corr=0.2947
2026-03-04 17:44:56 | INFO | src.tmc_shapley_islands | Add-curve (mean): 6 islands, n=1393 -> corr=0.2925
2026-03-04 17:44:57 | INFO | src.tmc_shapley_islands | Add-curve (mean): 7 islands, n=1566 -> corr=0.2848
2026-03-04 17:44:58 | INFO | src.tmc_shapley_islands | Add-curve (mean): 8 islands, n=2149 -> corr=0.2656
2026-03-04 17:44:59 | INFO | src.tmc_shapley_islands | Add-curve (mean): 9 islands, n=2704 -> corr=0.2518
2026-03-04 17:45:00 | INFO | src.tmc_shapley_islands | Add-curve (mean): 10 islands, n=3767 -> corr=0.2612
2026-03-04 17:45:02 | INFO | src.tmc_shapley_islands | Add-curve (mean): 11 islands, n=4163 -> corr=0.2492
2026-03-04 17:45:04 | INFO | src.tmc_shapley_islands | Add-curve (mean): 12 islands, n=4420 -> corr=0.1772
2026-03-04 17:45:06 | INFO | src.tmc_shapley_islands | Add-curve (mean): 13 islands, n=4768 -> corr=0.2118
2026-03-04 17:45:08 | INFO | src.tmc_shapley_islands | Add-curve (mean): 14 islands, n=4970 -> corr=0.2173
2026-03-04 17:45:10 | INFO | src.tmc_shapley_islands | Add-curve (mean): 15 islands, n=5456 -> corr=0.2051
2026-03-04 17:45:22 | INFO | src.tmc_shapley_islands | Random individual add-curve (seed=0) complete
2026-03-04 17:45:32 | INFO | src.tmc_shapley_islands | Random individual add-curve (seed=1) complete
2026-03-04 17:45:43 | INFO | src.tmc_shapley_islands | Random individual add-curve (seed=2) complete
2026-03-04 17:45:54 | INFO | src.tmc_shapley_islands | Random individual add-curve (seed=3) complete
2026-03-04 17:46:09 | INFO | src.tmc_shapley_islands | Random individual add-curve (seed=4) complete
2026-03-04 17:46:09 | INFO | src.tmc_shapley_islands | Building mirrored remove-islands curve from add-islands curve...
2026-03-04 17:46:09 | INFO | src.tmc_shapley_islands | Saved Shapley values to outputs/tmc_shapley_sweep_all_traits/shards/shard_010/tarsus/tmp/shapley_island_values_target_3.csv
2026-03-04 17:46:09 | INFO | src.tmc_shapley_islands | Saved summary to outputs/tmc_shapley_sweep_all_traits/shards/shard_010/tarsus/tmp/tmc_summary_target_3.json
2026-03-04 17:46:09 | INFO | src.tmc_shapley_islands | Saved intermediate ranking trace to outputs/tmc_shapley_sweep_all_traits/shards/shard_010/tarsus/tmp/tmc_intermediate_rankings_target_3.csv
2026-03-04 17:46:09 | INFO | src.tmc_shapley_islands | Saved add-curve to outputs/tmc_shapley_sweep_all_traits/shards/shard_010/tarsus/tmp/add_curve_target_3.csv
2026-03-04 17:46:09 | INFO | src.tmc_shapley_islands | Saved remove-curve to outputs/tmc_shapley_sweep_all_traits/shards/shard_010/tarsus/tmp/remove_curve_target_3.csv
2026-03-04 17:46:10 | INFO | src.tmc_shapley_islands | Saved bar plot to outputs/tmc_shapley_sweep_all_traits/shards/shard_010/tarsus/tmp/shapley_bar_target_3.png
2026-03-04 17:46:10 | INFO | src.tmc_shapley_islands | Saved add-curve plot to outputs/tmc_shapley_sweep_all_traits/shards/shard_010/tarsus/tmp/add_curve_target_3.png
2026-03-04 17:46:11 | INFO | src.tmc_shapley_islands | Saved remove-curve plot to outputs/tmc_shapley_sweep_all_traits/shards/shard_010/tarsus/tmp/remove_curve_target_3.png
2026-03-04 17:46:11 | INFO | __main__ | Shard 10/30 trait=tarsus progress 23/75 | target=3 n_cal_samples=150 perm=40 repeat=3
2026-03-04 17:46:11 | INFO | src.tmc_shapley_islands | [Shapley] Target island: 3 (Selvær), source islands: 15
2026-03-04 17:46:11 | INFO | src.tmc_shapley_islands | Data: source=5456 (across 15 islands), cal=150, test=44
2026-03-04 17:46:11 | INFO | src.tmc_shapley_islands | SNP selection: using fixed precomputed subset (n=20000)
2026-03-04 17:46:11 | INFO | src.tmc_shapley_islands | Island counts (capped to None in training):
  Nesøy: n=117
  Myken: n=92
  Træna: n=286
  Gjerøy: n=555
  Hestmannøy: n=1063
  Indre Kvarøy: n=348
  Onøy og Lurøy: n=257
  Lovund: n=152
  Sleneset: n=163
  Aldra: n=173
  Southern 1: n=583
  Southern 2: n=396
  Southern 3: n=583
  Southern 4: n=486
  Southern 5: n=202
2026-03-04 17:46:11 | INFO | src.tmc_shapley_islands | Loaded 262 cached utilities from outputs/tmc_shapley_sweep_all_traits/cache/tarsus/utility_cache_target_3_seed_1563735447.json
2026-03-04 17:46:11 | INFO | src.tmc_shapley_islands | Running TMC-Shapley with 40 permutations (utility on cal set)...
2026-03-04 17:46:11 | INFO | src.tmc_shapley_islands | Computing V_full over all 15 source islands...
2026-03-04 17:46:11 | INFO | src.tmc_shapley_islands | V_full = 0.2462
2026-03-04 17:46:11 | INFO | src.tmc_shapley_islands | TMC head-start: loaded 20 completed permutations from state outputs/tmc_shapley_sweep_all_traits/cache/tarsus/tmc_perm_state_target_3_seed_1563735447.json
2026-03-04 17:47:04 | INFO | src.tmc_shapley_islands | TMC progress: 24/40 permutations done, cache hit rate: 24.6%, n_evals: 46
2026-03-04 17:48:48 | INFO | src.tmc_shapley_islands | TMC progress: 32/40 permutations done, cache hit rate: 21.5%, n_evals: 142
2026-03-04 17:50:38 | INFO | src.tmc_shapley_islands | TMC progress: 40/40 permutations done, cache hit rate: 24.3%, n_evals: 228
2026-03-04 17:50:38 | INFO | src.tmc_shapley_islands | TMC complete: 40 permutations, 0 truncated, 228 utility evals, cache hit rate: 24.3%
2026-03-04 17:50:38 | INFO | src.tmc_shapley_islands | Shapley values (phi, computed on cal set):
2026-03-04 17:50:38 | INFO | src.tmc_shapley_islands |   Nesøy: phi=0.002894, phi/n=0.00002473
2026-03-04 17:50:38 | INFO | src.tmc_shapley_islands |   Myken: phi=0.110994, phi/n=0.00120646
2026-03-04 17:50:38 | INFO | src.tmc_shapley_islands |   Træna: phi=0.031169, phi/n=0.00010898
2026-03-04 17:50:38 | INFO | src.tmc_shapley_islands |   Gjerøy: phi=0.008346, phi/n=0.00001504
2026-03-04 17:50:38 | INFO | src.tmc_shapley_islands |   Hestmannøy: phi=0.013231, phi/n=0.00001245
2026-03-04 17:50:38 | INFO | src.tmc_shapley_islands |   Indre Kvarøy: phi=-0.003889, phi/n=-0.00001118
2026-03-04 17:50:38 | INFO | src.tmc_shapley_islands |   Onøy og Lurøy: phi=0.009029, phi/n=0.00003513
2026-03-04 17:50:38 | INFO | src.tmc_shapley_islands |   Lovund: phi=0.048059, phi/n=0.00031618
2026-03-04 17:50:38 | INFO | src.tmc_shapley_islands |   Sleneset: phi=0.016388, phi/n=0.00010054
2026-03-04 17:50:38 | INFO | src.tmc_shapley_islands |   Aldra: phi=0.004833, phi/n=0.00002794
2026-03-04 17:50:38 | INFO | src.tmc_shapley_islands |   Southern 1: phi=0.021910, phi/n=0.00003758
2026-03-04 17:50:38 | INFO | src.tmc_shapley_islands |   Southern 2: phi=0.003000, phi/n=0.00000758
2026-03-04 17:50:38 | INFO | src.tmc_shapley_islands |   Southern 3: phi=0.024612, phi/n=0.00004222
2026-03-04 17:50:38 | INFO | src.tmc_shapley_islands |   Southern 4: phi=-0.037061, phi/n=-0.00007626
2026-03-04 17:50:38 | INFO | src.tmc_shapley_islands |   Southern 5: phi=-0.007352, phi/n=-0.00003640
2026-03-04 17:50:38 | INFO | src.tmc_shapley_islands | Curve retraining early stopping: enabled=True, patience=20
2026-03-04 17:50:38 | INFO | src.tmc_shapley_islands | Computing add-islands curve (evaluated on test set)...
2026-03-04 17:50:38 | INFO | src.tmc_shapley_islands | Add-curve (mean): 1 islands, n=92 -> corr=0.3955
2026-03-04 17:50:38 | INFO | src.tmc_shapley_islands | Add-curve (mean): 2 islands, n=244 -> corr=0.4258
2026-03-04 17:50:39 | INFO | src.tmc_shapley_islands | Add-curve (mean): 3 islands, n=530 -> corr=0.3096
2026-03-04 17:50:39 | INFO | src.tmc_shapley_islands | Add-curve (mean): 4 islands, n=693 -> corr=0.2915
2026-03-04 17:50:39 | INFO | src.tmc_shapley_islands | Add-curve (mean): 5 islands, n=1276 -> corr=0.2947
2026-03-04 17:50:40 | INFO | src.tmc_shapley_islands | Add-curve (mean): 6 islands, n=1859 -> corr=0.2773
2026-03-04 17:50:41 | INFO | src.tmc_shapley_islands | Add-curve (mean): 7 islands, n=2116 -> corr=0.2072
2026-03-04 17:50:42 | INFO | src.tmc_shapley_islands | Add-curve (mean): 8 islands, n=2289 -> corr=0.1914
2026-03-04 17:50:42 | INFO | src.tmc_shapley_islands | Add-curve (mean): 9 islands, n=2406 -> corr=0.1966
2026-03-04 17:50:44 | INFO | src.tmc_shapley_islands | Add-curve (mean): 10 islands, n=2961 -> corr=0.1859
2026-03-04 17:50:45 | INFO | src.tmc_shapley_islands | Add-curve (mean): 11 islands, n=4024 -> corr=0.1859
2026-03-04 17:50:46 | INFO | src.tmc_shapley_islands | Add-curve (mean): 12 islands, n=4420 -> corr=0.1772
2026-03-04 17:50:48 | INFO | src.tmc_shapley_islands | Add-curve (mean): 13 islands, n=4768 -> corr=0.2118
2026-03-04 17:50:50 | INFO | src.tmc_shapley_islands | Add-curve (mean): 14 islands, n=4970 -> corr=0.2173
2026-03-04 17:50:53 | INFO | src.tmc_shapley_islands | Add-curve (mean): 15 islands, n=5456 -> corr=0.2051
2026-03-04 17:51:04 | INFO | src.tmc_shapley_islands | Random individual add-curve (seed=0) complete
2026-03-04 17:51:15 | INFO | src.tmc_shapley_islands | Random individual add-curve (seed=1) complete
2026-03-04 17:51:26 | INFO | src.tmc_shapley_islands | Random individual add-curve (seed=2) complete
2026-03-04 17:51:47 | INFO | src.tmc_shapley_islands | Random individual add-curve (seed=3) complete
2026-03-04 17:52:02 | INFO | src.tmc_shapley_islands | Random individual add-curve (seed=4) complete
2026-03-04 17:52:02 | INFO | src.tmc_shapley_islands | Building mirrored remove-islands curve from add-islands curve...
2026-03-04 17:52:02 | INFO | src.tmc_shapley_islands | Saved Shapley values to outputs/tmc_shapley_sweep_all_traits/shards/shard_010/tarsus/tmp/shapley_island_values_target_3.csv
2026-03-04 17:52:02 | INFO | src.tmc_shapley_islands | Saved summary to outputs/tmc_shapley_sweep_all_traits/shards/shard_010/tarsus/tmp/tmc_summary_target_3.json
2026-03-04 17:52:02 | INFO | src.tmc_shapley_islands | Saved intermediate ranking trace to outputs/tmc_shapley_sweep_all_traits/shards/shard_010/tarsus/tmp/tmc_intermediate_rankings_target_3.csv
2026-03-04 17:52:02 | INFO | src.tmc_shapley_islands | Saved add-curve to outputs/tmc_shapley_sweep_all_traits/shards/shard_010/tarsus/tmp/add_curve_target_3.csv
2026-03-04 17:52:02 | INFO | src.tmc_shapley_islands | Saved remove-curve to outputs/tmc_shapley_sweep_all_traits/shards/shard_010/tarsus/tmp/remove_curve_target_3.csv
2026-03-04 17:52:03 | INFO | src.tmc_shapley_islands | Saved bar plot to outputs/tmc_shapley_sweep_all_traits/shards/shard_010/tarsus/tmp/shapley_bar_target_3.png
2026-03-04 17:52:03 | INFO | src.tmc_shapley_islands | Saved add-curve plot to outputs/tmc_shapley_sweep_all_traits/shards/shard_010/tarsus/tmp/add_curve_target_3.png
2026-03-04 17:52:04 | INFO | src.tmc_shapley_islands | Saved remove-curve plot to outputs/tmc_shapley_sweep_all_traits/shards/shard_010/tarsus/tmp/remove_curve_target_3.png
2026-03-04 17:52:04 | INFO | __main__ | Shard 10/30 trait=tarsus progress 24/75 | target=3 n_cal_samples=150 perm=80 repeat=3
2026-03-04 17:52:04 | INFO | src.tmc_shapley_islands | [Shapley] Target island: 3 (Selvær), source islands: 15
2026-03-04 17:52:04 | INFO | src.tmc_shapley_islands | Data: source=5456 (across 15 islands), cal=150, test=44
2026-03-04 17:52:04 | INFO | src.tmc_shapley_islands | SNP selection: using fixed precomputed subset (n=20000)
2026-03-04 17:52:04 | INFO | src.tmc_shapley_islands | Island counts (capped to None in training):
  Nesøy: n=117
  Myken: n=92
  Træna: n=286
  Gjerøy: n=555
  Hestmannøy: n=1063
  Indre Kvarøy: n=348
  Onøy og Lurøy: n=257
  Lovund: n=152
  Sleneset: n=163
  Aldra: n=173
  Southern 1: n=583
  Southern 2: n=396
  Southern 3: n=583
  Southern 4: n=486
  Southern 5: n=202
2026-03-04 17:52:04 | INFO | src.tmc_shapley_islands | Loaded 490 cached utilities from outputs/tmc_shapley_sweep_all_traits/cache/tarsus/utility_cache_target_3_seed_1563735447.json
2026-03-04 17:52:04 | INFO | src.tmc_shapley_islands | Running TMC-Shapley with 80 permutations (utility on cal set)...
2026-03-04 17:52:04 | INFO | src.tmc_shapley_islands | Computing V_full over all 15 source islands...
2026-03-04 17:52:04 | INFO | src.tmc_shapley_islands | V_full = 0.2462
2026-03-04 17:52:04 | INFO | src.tmc_shapley_islands | TMC head-start: loaded 40 completed permutations from state outputs/tmc_shapley_sweep_all_traits/cache/tarsus/tmc_perm_state_target_3_seed_1563735447.json
2026-03-04 17:54:12 | INFO | src.tmc_shapley_islands | TMC progress: 48/80 permutations done, cache hit rate: 28.1%, n_evals: 87
2026-03-04 17:57:45 | INFO | src.tmc_shapley_islands | TMC progress: 64/80 permutations done, cache hit rate: 28.8%, n_evals: 257
2026-03-04 18:00:49 | INFO | src.tmc_shapley_islands | TMC progress: 80/80 permutations done, cache hit rate: 30.0%, n_evals: 421
2026-03-04 18:00:49 | INFO | src.tmc_shapley_islands | TMC complete: 80 permutations, 0 truncated, 421 utility evals, cache hit rate: 30.0%
2026-03-04 18:00:49 | INFO | src.tmc_shapley_islands | Shapley values (phi, computed on cal set):
2026-03-04 18:00:49 | INFO | src.tmc_shapley_islands |   Nesøy: phi=0.002001, phi/n=0.00001710
2026-03-04 18:00:49 | INFO | src.tmc_shapley_islands |   Myken: phi=0.114621, phi/n=0.00124588
2026-03-04 18:00:49 | INFO | src.tmc_shapley_islands |   Træna: phi=0.030922, phi/n=0.00010812
2026-03-04 18:00:49 | INFO | src.tmc_shapley_islands |   Gjerøy: phi=0.006118, phi/n=0.00001102
2026-03-04 18:00:49 | INFO | src.tmc_shapley_islands |   Hestmannøy: phi=0.015619, phi/n=0.00001469
2026-03-04 18:00:49 | INFO | src.tmc_shapley_islands |   Indre Kvarøy: phi=-0.003352, phi/n=-0.00000963
2026-03-04 18:00:49 | INFO | src.tmc_shapley_islands |   Onøy og Lurøy: phi=0.009367, phi/n=0.00003645
2026-03-04 18:00:49 | INFO | src.tmc_shapley_islands |   Lovund: phi=0.046925, phi/n=0.00030872
2026-03-04 18:00:49 | INFO | src.tmc_shapley_islands |   Sleneset: phi=0.017810, phi/n=0.00010926
2026-03-04 18:00:49 | INFO | src.tmc_shapley_islands |   Aldra: phi=0.005398, phi/n=0.00003120
2026-03-04 18:00:49 | INFO | src.tmc_shapley_islands |   Southern 1: phi=0.021571, phi/n=0.00003700
2026-03-04 18:00:49 | INFO | src.tmc_shapley_islands |   Southern 2: phi=0.003306, phi/n=0.00000835
2026-03-04 18:00:49 | INFO | src.tmc_shapley_islands |   Southern 3: phi=0.022857, phi/n=0.00003921
2026-03-04 18:00:49 | INFO | src.tmc_shapley_islands |   Southern 4: phi=-0.039741, phi/n=-0.00008177
2026-03-04 18:00:49 | INFO | src.tmc_shapley_islands |   Southern 5: phi=-0.007260, phi/n=-0.00003594
2026-03-04 18:00:49 | INFO | src.tmc_shapley_islands | Curve retraining early stopping: enabled=True, patience=20
2026-03-04 18:00:49 | INFO | src.tmc_shapley_islands | Computing add-islands curve (evaluated on test set)...
2026-03-04 18:00:49 | INFO | src.tmc_shapley_islands | Add-curve (mean): 1 islands, n=92 -> corr=0.3955
2026-03-04 18:00:49 | INFO | src.tmc_shapley_islands | Add-curve (mean): 2 islands, n=244 -> corr=0.4258
2026-03-04 18:00:50 | INFO | src.tmc_shapley_islands | Add-curve (mean): 3 islands, n=407 -> corr=0.4049
2026-03-04 18:00:50 | INFO | src.tmc_shapley_islands | Add-curve (mean): 4 islands, n=693 -> corr=0.2915
2026-03-04 18:00:50 | INFO | src.tmc_shapley_islands | Add-curve (mean): 5 islands, n=1276 -> corr=0.2947
2026-03-04 18:00:51 | INFO | src.tmc_shapley_islands | Add-curve (mean): 6 islands, n=1859 -> corr=0.2773
2026-03-04 18:00:52 | INFO | src.tmc_shapley_islands | Add-curve (mean): 7 islands, n=2116 -> corr=0.2072
2026-03-04 18:00:53 | INFO | src.tmc_shapley_islands | Add-curve (mean): 8 islands, n=2289 -> corr=0.1914
2026-03-04 18:00:54 | INFO | src.tmc_shapley_islands | Add-curve (mean): 9 islands, n=2406 -> corr=0.1966
2026-03-04 18:00:55 | INFO | src.tmc_shapley_islands | Add-curve (mean): 10 islands, n=3469 -> corr=0.1864
2026-03-04 18:00:56 | INFO | src.tmc_shapley_islands | Add-curve (mean): 11 islands, n=4024 -> corr=0.1859
2026-03-04 18:00:58 | INFO | src.tmc_shapley_islands | Add-curve (mean): 12 islands, n=4420 -> corr=0.1772
2026-03-04 18:01:00 | INFO | src.tmc_shapley_islands | Add-curve (mean): 13 islands, n=4768 -> corr=0.2118
2026-03-04 18:01:03 | INFO | src.tmc_shapley_islands | Add-curve (mean): 14 islands, n=4970 -> corr=0.2173
2026-03-04 18:01:06 | INFO | src.tmc_shapley_islands | Add-curve (mean): 15 islands, n=5456 -> corr=0.2051
2026-03-04 18:01:19 | INFO | src.tmc_shapley_islands | Random individual add-curve (seed=0) complete
2026-03-04 18:01:34 | INFO | src.tmc_shapley_islands | Random individual add-curve (seed=1) complete
2026-03-04 18:01:45 | INFO | src.tmc_shapley_islands | Random individual add-curve (seed=2) complete
2026-03-04 18:01:57 | INFO | src.tmc_shapley_islands | Random individual add-curve (seed=3) complete
2026-03-04 18:02:21 | INFO | src.tmc_shapley_islands | Random individual add-curve (seed=4) complete
2026-03-04 18:02:21 | INFO | src.tmc_shapley_islands | Building mirrored remove-islands curve from add-islands curve...
2026-03-04 18:02:21 | INFO | src.tmc_shapley_islands | Saved Shapley values to outputs/tmc_shapley_sweep_all_traits/shards/shard_010/tarsus/tmp/shapley_island_values_target_3.csv
2026-03-04 18:02:21 | INFO | src.tmc_shapley_islands | Saved summary to outputs/tmc_shapley_sweep_all_traits/shards/shard_010/tarsus/tmp/tmc_summary_target_3.json
2026-03-04 18:02:21 | INFO | src.tmc_shapley_islands | Saved intermediate ranking trace to outputs/tmc_shapley_sweep_all_traits/shards/shard_010/tarsus/tmp/tmc_intermediate_rankings_target_3.csv
2026-03-04 18:02:21 | INFO | src.tmc_shapley_islands | Saved add-curve to outputs/tmc_shapley_sweep_all_traits/shards/shard_010/tarsus/tmp/add_curve_target_3.csv
2026-03-04 18:02:21 | INFO | src.tmc_shapley_islands | Saved remove-curve to outputs/tmc_shapley_sweep_all_traits/shards/shard_010/tarsus/tmp/remove_curve_target_3.csv
2026-03-04 18:02:21 | INFO | src.tmc_shapley_islands | Saved bar plot to outputs/tmc_shapley_sweep_all_traits/shards/shard_010/tarsus/tmp/shapley_bar_target_3.png
2026-03-04 18:02:22 | INFO | src.tmc_shapley_islands | Saved add-curve plot to outputs/tmc_shapley_sweep_all_traits/shards/shard_010/tarsus/tmp/add_curve_target_3.png
2026-03-04 18:02:22 | INFO | src.tmc_shapley_islands | Saved remove-curve plot to outputs/tmc_shapley_sweep_all_traits/shards/shard_010/tarsus/tmp/remove_curve_target_3.png
2026-03-04 18:02:22 | INFO | __main__ | Shard 10/30 trait=tarsus progress 25/75 | target=3 n_cal_samples=150 perm=150 repeat=3
2026-03-04 18:02:22 | INFO | src.tmc_shapley_islands | [Shapley] Target island: 3 (Selvær), source islands: 15
2026-03-04 18:02:23 | INFO | src.tmc_shapley_islands | Data: source=5456 (across 15 islands), cal=150, test=44
2026-03-04 18:02:23 | INFO | src.tmc_shapley_islands | SNP selection: using fixed precomputed subset (n=20000)
2026-03-04 18:02:23 | INFO | src.tmc_shapley_islands | Island counts (capped to None in training):
  Nesøy: n=117
  Myken: n=92
  Træna: n=286
  Gjerøy: n=555
  Hestmannøy: n=1063
  Indre Kvarøy: n=348
  Onøy og Lurøy: n=257
  Lovund: n=152
  Sleneset: n=163
  Aldra: n=173
  Southern 1: n=583
  Southern 2: n=396
  Southern 3: n=583
  Southern 4: n=486
  Southern 5: n=202
2026-03-04 18:02:23 | INFO | src.tmc_shapley_islands | Loaded 911 cached utilities from outputs/tmc_shapley_sweep_all_traits/cache/tarsus/utility_cache_target_3_seed_1563735447.json
2026-03-04 18:02:23 | INFO | src.tmc_shapley_islands | Running TMC-Shapley with 150 permutations (utility on cal set)...
2026-03-04 18:02:23 | INFO | src.tmc_shapley_islands | Computing V_full over all 15 source islands...
2026-03-04 18:02:23 | INFO | src.tmc_shapley_islands | V_full = 0.2462
2026-03-04 18:02:23 | INFO | src.tmc_shapley_islands | TMC head-start: loaded 80 completed permutations from state outputs/tmc_shapley_sweep_all_traits/cache/tarsus/tmc_perm_state_target_3_seed_1563735447.json
2026-03-04 18:04:51 | INFO | src.tmc_shapley_islands | TMC progress: 90/150 permutations done, cache hit rate: 31.1%, n_evals: 104
2026-03-04 18:11:32 | INFO | src.tmc_shapley_islands | TMC progress: 120/150 permutations done, cache hit rate: 33.3%, n_evals: 401
2026-03-04 18:18:02 | INFO | src.tmc_shapley_islands | TMC progress: 150/150 permutations done, cache hit rate: 34.3%, n_evals: 690
2026-03-04 18:18:02 | INFO | src.tmc_shapley_islands | TMC complete: 150 permutations, 0 truncated, 690 utility evals, cache hit rate: 34.3%
2026-03-04 18:18:02 | INFO | src.tmc_shapley_islands | Shapley values (phi, computed on cal set):
2026-03-04 18:18:02 | INFO | src.tmc_shapley_islands |   Nesøy: phi=0.001906, phi/n=0.00001629
2026-03-04 18:18:02 | INFO | src.tmc_shapley_islands |   Myken: phi=0.114843, phi/n=0.00124830
2026-03-04 18:18:02 | INFO | src.tmc_shapley_islands |   Træna: phi=0.034951, phi/n=0.00012221
2026-03-04 18:18:02 | INFO | src.tmc_shapley_islands |   Gjerøy: phi=0.005776, phi/n=0.00001041
2026-03-04 18:18:02 | INFO | src.tmc_shapley_islands |   Hestmannøy: phi=0.014156, phi/n=0.00001332
2026-03-04 18:18:02 | INFO | src.tmc_shapley_islands |   Indre Kvarøy: phi=-0.001898, phi/n=-0.00000545
2026-03-04 18:18:02 | INFO | src.tmc_shapley_islands |   Onøy og Lurøy: phi=0.010704, phi/n=0.00004165
2026-03-04 18:18:02 | INFO | src.tmc_shapley_islands |   Lovund: phi=0.044722, phi/n=0.00029422
2026-03-04 18:18:02 | INFO | src.tmc_shapley_islands |   Sleneset: phi=0.021123, phi/n=0.00012959
2026-03-04 18:18:02 | INFO | src.tmc_shapley_islands |   Aldra: phi=0.004483, phi/n=0.00002591
2026-03-04 18:18:02 | INFO | src.tmc_shapley_islands |   Southern 1: phi=0.020073, phi/n=0.00003443
2026-03-04 18:18:02 | INFO | src.tmc_shapley_islands |   Southern 2: phi=0.002296, phi/n=0.00000580
2026-03-04 18:18:02 | INFO | src.tmc_shapley_islands |   Southern 3: phi=0.021736, phi/n=0.00003728
2026-03-04 18:18:02 | INFO | src.tmc_shapley_islands |   Southern 4: phi=-0.041762, phi/n=-0.00008593
2026-03-04 18:18:02 | INFO | src.tmc_shapley_islands |   Southern 5: phi=-0.006948, phi/n=-0.00003440
2026-03-04 18:18:02 | INFO | src.tmc_shapley_islands | Curve retraining early stopping: enabled=True, patience=20
2026-03-04 18:18:02 | INFO | src.tmc_shapley_islands | Computing add-islands curve (evaluated on test set)...
2026-03-04 18:18:02 | INFO | src.tmc_shapley_islands | Add-curve (mean): 1 islands, n=92 -> corr=0.3955
2026-03-04 18:18:02 | INFO | src.tmc_shapley_islands | Add-curve (mean): 2 islands, n=244 -> corr=0.4258
2026-03-04 18:18:02 | INFO | src.tmc_shapley_islands | Add-curve (mean): 3 islands, n=407 -> corr=0.4049
2026-03-04 18:18:02 | INFO | src.tmc_shapley_islands | Add-curve (mean): 4 islands, n=693 -> corr=0.2915
2026-03-04 18:18:03 | INFO | src.tmc_shapley_islands | Add-curve (mean): 5 islands, n=950 -> corr=0.2124
2026-03-04 18:18:04 | INFO | src.tmc_shapley_islands | Add-curve (mean): 6 islands, n=1533 -> corr=0.2229
2026-03-04 18:18:05 | INFO | src.tmc_shapley_islands | Add-curve (mean): 7 islands, n=2116 -> corr=0.2072
2026-03-04 18:18:08 | INFO | src.tmc_shapley_islands | Add-curve (mean): 8 islands, n=2289 -> corr=0.1914
2026-03-04 18:18:11 | INFO | src.tmc_shapley_islands | Add-curve (mean): 9 islands, n=2406 -> corr=0.1966
2026-03-04 18:18:13 | INFO | src.tmc_shapley_islands | Add-curve (mean): 10 islands, n=3469 -> corr=0.1864
2026-03-04 18:18:14 | INFO | src.tmc_shapley_islands | Add-curve (mean): 11 islands, n=4024 -> corr=0.1859
2026-03-04 18:18:19 | INFO | src.tmc_shapley_islands | Add-curve (mean): 12 islands, n=4420 -> corr=0.1772
2026-03-04 18:18:20 | INFO | src.tmc_shapley_islands | Add-curve (mean): 13 islands, n=4768 -> corr=0.2118
2026-03-04 18:18:22 | INFO | src.tmc_shapley_islands | Add-curve (mean): 14 islands, n=4970 -> corr=0.2173
2026-03-04 18:18:25 | INFO | src.tmc_shapley_islands | Add-curve (mean): 15 islands, n=5456 -> corr=0.2051
2026-03-04 18:18:36 | INFO | src.tmc_shapley_islands | Random individual add-curve (seed=0) complete
2026-03-04 18:18:49 | INFO | src.tmc_shapley_islands | Random individual add-curve (seed=1) complete
2026-03-04 18:19:01 | INFO | src.tmc_shapley_islands | Random individual add-curve (seed=2) complete
2026-03-04 18:19:19 | INFO | src.tmc_shapley_islands | Random individual add-curve (seed=3) complete
2026-03-04 18:19:30 | INFO | src.tmc_shapley_islands | Random individual add-curve (seed=4) complete
2026-03-04 18:19:30 | INFO | src.tmc_shapley_islands | Building mirrored remove-islands curve from add-islands curve...
2026-03-04 18:19:30 | INFO | src.tmc_shapley_islands | Saved Shapley values to outputs/tmc_shapley_sweep_all_traits/shards/shard_010/tarsus/tmp/shapley_island_values_target_3.csv
2026-03-04 18:19:30 | INFO | src.tmc_shapley_islands | Saved summary to outputs/tmc_shapley_sweep_all_traits/shards/shard_010/tarsus/tmp/tmc_summary_target_3.json
2026-03-04 18:19:30 | INFO | src.tmc_shapley_islands | Saved intermediate ranking trace to outputs/tmc_shapley_sweep_all_traits/shards/shard_010/tarsus/tmp/tmc_intermediate_rankings_target_3.csv
2026-03-04 18:19:30 | INFO | src.tmc_shapley_islands | Saved add-curve to outputs/tmc_shapley_sweep_all_traits/shards/shard_010/tarsus/tmp/add_curve_target_3.csv
2026-03-04 18:19:30 | INFO | src.tmc_shapley_islands | Saved remove-curve to outputs/tmc_shapley_sweep_all_traits/shards/shard_010/tarsus/tmp/remove_curve_target_3.csv
2026-03-04 18:19:30 | INFO | src.tmc_shapley_islands | Saved bar plot to outputs/tmc_shapley_sweep_all_traits/shards/shard_010/tarsus/tmp/shapley_bar_target_3.png
2026-03-04 18:19:31 | INFO | src.tmc_shapley_islands | Saved add-curve plot to outputs/tmc_shapley_sweep_all_traits/shards/shard_010/tarsus/tmp/add_curve_target_3.png
2026-03-04 18:19:31 | INFO | src.tmc_shapley_islands | Saved remove-curve plot to outputs/tmc_shapley_sweep_all_traits/shards/shard_010/tarsus/tmp/remove_curve_target_3.png
2026-03-04 18:19:31 | INFO | __main__ | Shard 10/30 trait=tarsus progress 26/75 | target=5 n_cal_samples=10 perm=10 repeat=3
2026-03-04 18:19:31 | INFO | src.tmc_shapley_islands | [Shapley] Target island: 5 (Hestmannøy), source islands: 15
2026-03-04 18:19:32 | INFO | src.tmc_shapley_islands | Data: source=4587 (across 15 islands), cal=10, test=913
2026-03-04 18:19:32 | INFO | src.tmc_shapley_islands | SNP selection: using fixed precomputed subset (n=20000)
2026-03-04 18:19:32 | INFO | src.tmc_shapley_islands | Island counts (capped to None in training):
  Nesøy: n=117
  Myken: n=92
  Træna: n=286
  Selvær: n=194
  Gjerøy: n=555
  Indre Kvarøy: n=348
  Onøy og Lurøy: n=257
  Lovund: n=152
  Sleneset: n=163
  Aldra: n=173
  Southern 1: n=583
  Southern 2: n=396
  Southern 3: n=583
  Southern 4: n=486
  Southern 5: n=202
2026-03-04 18:19:32 | INFO | src.tmc_shapley_islands | Running TMC-Shapley with 10 permutations (utility on cal set)...
2026-03-04 18:19:32 | INFO | src.tmc_shapley_islands | Computing V_full over all 15 source islands...
2026-03-04 18:19:34 | INFO | src.tmc_shapley_islands | V_full = 0.6174
2026-03-04 18:20:02 | INFO | src.tmc_shapley_islands | TMC progress: 2/10 permutations done, cache hit rate: 6.5%, n_evals: 29
2026-03-04 18:20:29 | INFO | src.tmc_shapley_islands | TMC progress: 4/10 permutations done, cache hit rate: 8.2%, n_evals: 56
2026-03-04 18:20:52 | INFO | src.tmc_shapley_islands | TMC progress: 6/10 permutations done, cache hit rate: 8.8%, n_evals: 83
2026-03-04 18:21:17 | INFO | src.tmc_shapley_islands | TMC progress: 8/10 permutations done, cache hit rate: 10.7%, n_evals: 108
2026-03-04 18:21:43 | INFO | src.tmc_shapley_islands | TMC progress: 10/10 permutations done, cache hit rate: 10.6%, n_evals: 135
2026-03-04 18:21:43 | INFO | src.tmc_shapley_islands | TMC complete: 10 permutations, 0 truncated, 135 utility evals, cache hit rate: 10.6%
2026-03-04 18:21:43 | INFO | src.tmc_shapley_islands | Shapley values (phi, computed on cal set):
2026-03-04 18:21:43 | INFO | src.tmc_shapley_islands |   Nesøy: phi=0.093867, phi/n=0.00080228
2026-03-04 18:21:43 | INFO | src.tmc_shapley_islands |   Myken: phi=0.039029, phi/n=0.00042423
2026-03-04 18:21:43 | INFO | src.tmc_shapley_islands |   Træna: phi=0.221156, phi/n=0.00077327
2026-03-04 18:21:43 | INFO | src.tmc_shapley_islands |   Selvær: phi=-0.032649, phi/n=-0.00016829
2026-03-04 18:21:43 | INFO | src.tmc_shapley_islands |   Gjerøy: phi=-0.190438, phi/n=-0.00034313
2026-03-04 18:21:43 | INFO | src.tmc_shapley_islands |   Indre Kvarøy: phi=-0.133177, phi/n=-0.00038269
2026-03-04 18:21:43 | INFO | src.tmc_shapley_islands |   Onøy og Lurøy: phi=-0.031632, phi/n=-0.00012308
2026-03-04 18:21:43 | INFO | src.tmc_shapley_islands |   Lovund: phi=0.240299, phi/n=0.00158091
2026-03-04 18:21:43 | INFO | src.tmc_shapley_islands |   Sleneset: phi=-0.113314, phi/n=-0.00069518
2026-03-04 18:21:43 | INFO | src.tmc_shapley_islands |   Aldra: phi=0.077484, phi/n=0.00044788
2026-03-04 18:21:43 | INFO | src.tmc_shapley_islands |   Southern 1: phi=0.272303, phi/n=0.00046707
2026-03-04 18:21:43 | INFO | src.tmc_shapley_islands |   Southern 2: phi=-0.045818, phi/n=-0.00011570
2026-03-04 18:21:43 | INFO | src.tmc_shapley_islands |   Southern 3: phi=0.127577, phi/n=0.00021883
2026-03-04 18:21:43 | INFO | src.tmc_shapley_islands |   Southern 4: phi=0.164791, phi/n=0.00033908
2026-03-04 18:21:43 | INFO | src.tmc_shapley_islands |   Southern 5: phi=-0.072095, phi/n=-0.00035691
2026-03-04 18:21:43 | INFO | src.tmc_shapley_islands | Curve retraining early stopping: enabled=True, patience=20
2026-03-04 18:21:43 | INFO | src.tmc_shapley_islands | Computing add-islands curve (evaluated on test set)...
2026-03-04 18:21:43 | INFO | src.tmc_shapley_islands | Add-curve (mean): 1 islands, n=152 -> corr=0.0726
2026-03-04 18:21:43 | INFO | src.tmc_shapley_islands | Add-curve (mean): 2 islands, n=269 -> corr=0.0780
2026-03-04 18:21:43 | INFO | src.tmc_shapley_islands | Add-curve (mean): 3 islands, n=555 -> corr=0.0865
2026-03-04 18:21:43 | INFO | src.tmc_shapley_islands | Add-curve (mean): 4 islands, n=1138 -> corr=0.0767
2026-03-04 18:21:44 | INFO | src.tmc_shapley_islands | Add-curve (mean): 5 islands, n=1311 -> corr=0.0797
2026-03-04 18:21:45 | INFO | src.tmc_shapley_islands | Add-curve (mean): 6 islands, n=1403 -> corr=0.0871
2026-03-04 18:21:45 | INFO | src.tmc_shapley_islands | Add-curve (mean): 7 islands, n=1889 -> corr=0.0894
2026-03-04 18:21:47 | INFO | src.tmc_shapley_islands | Add-curve (mean): 8 islands, n=2472 -> corr=0.0912
2026-03-04 18:21:48 | INFO | src.tmc_shapley_islands | Add-curve (mean): 9 islands, n=2868 -> corr=0.0859
2026-03-04 18:21:49 | INFO | src.tmc_shapley_islands | Add-curve (mean): 10 islands, n=3125 -> corr=0.1066
2026-03-04 18:21:51 | INFO | src.tmc_shapley_islands | Add-curve (mean): 11 islands, n=3319 -> corr=0.1099
2026-03-04 18:21:52 | INFO | src.tmc_shapley_islands | Add-curve (mean): 12 islands, n=3874 -> corr=0.1779
2026-03-04 18:21:54 | INFO | src.tmc_shapley_islands | Add-curve (mean): 13 islands, n=4076 -> corr=0.1778
2026-03-04 18:21:55 | INFO | src.tmc_shapley_islands | Add-curve (mean): 14 islands, n=4424 -> corr=0.2211
2026-03-04 18:21:57 | INFO | src.tmc_shapley_islands | Add-curve (mean): 15 islands, n=4587 -> corr=0.2260
2026-03-04 18:22:12 | INFO | src.tmc_shapley_islands | Random individual add-curve (seed=0) complete
2026-03-04 18:22:28 | INFO | src.tmc_shapley_islands | Random individual add-curve (seed=1) complete
2026-03-04 18:22:41 | INFO | src.tmc_shapley_islands | Random individual add-curve (seed=2) complete
2026-03-04 18:22:53 | INFO | src.tmc_shapley_islands | Random individual add-curve (seed=3) complete
2026-03-04 18:23:04 | INFO | src.tmc_shapley_islands | Random individual add-curve (seed=4) complete
2026-03-04 18:23:04 | INFO | src.tmc_shapley_islands | Building mirrored remove-islands curve from add-islands curve...
2026-03-04 18:23:04 | INFO | src.tmc_shapley_islands | Saved Shapley values to outputs/tmc_shapley_sweep_all_traits/shards/shard_010/tarsus/tmp/shapley_island_values_target_5.csv
2026-03-04 18:23:04 | INFO | src.tmc_shapley_islands | Saved summary to outputs/tmc_shapley_sweep_all_traits/shards/shard_010/tarsus/tmp/tmc_summary_target_5.json
2026-03-04 18:23:04 | INFO | src.tmc_shapley_islands | Saved intermediate ranking trace to outputs/tmc_shapley_sweep_all_traits/shards/shard_010/tarsus/tmp/tmc_intermediate_rankings_target_5.csv
2026-03-04 18:23:04 | INFO | src.tmc_shapley_islands | Saved add-curve to outputs/tmc_shapley_sweep_all_traits/shards/shard_010/tarsus/tmp/add_curve_target_5.csv
2026-03-04 18:23:04 | INFO | src.tmc_shapley_islands | Saved remove-curve to outputs/tmc_shapley_sweep_all_traits/shards/shard_010/tarsus/tmp/remove_curve_target_5.csv
2026-03-04 18:23:05 | INFO | src.tmc_shapley_islands | Saved bar plot to outputs/tmc_shapley_sweep_all_traits/shards/shard_010/tarsus/tmp/shapley_bar_target_5.png
2026-03-04 18:23:05 | INFO | src.tmc_shapley_islands | Saved add-curve plot to outputs/tmc_shapley_sweep_all_traits/shards/shard_010/tarsus/tmp/add_curve_target_5.png
2026-03-04 18:23:06 | INFO | src.tmc_shapley_islands | Saved remove-curve plot to outputs/tmc_shapley_sweep_all_traits/shards/shard_010/tarsus/tmp/remove_curve_target_5.png
2026-03-04 18:23:06 | INFO | __main__ | Shard 10/30 trait=tarsus progress 27/75 | target=5 n_cal_samples=10 perm=20 repeat=3
2026-03-04 18:23:06 | INFO | src.tmc_shapley_islands | [Shapley] Target island: 5 (Hestmannøy), source islands: 15
2026-03-04 18:23:07 | INFO | src.tmc_shapley_islands | Data: source=4587 (across 15 islands), cal=10, test=913
2026-03-04 18:23:07 | INFO | src.tmc_shapley_islands | SNP selection: using fixed precomputed subset (n=20000)
2026-03-04 18:23:07 | INFO | src.tmc_shapley_islands | Island counts (capped to None in training):
  Nesøy: n=117
  Myken: n=92
  Træna: n=286
  Selvær: n=194
  Gjerøy: n=555
  Indre Kvarøy: n=348
  Onøy og Lurøy: n=257
  Lovund: n=152
  Sleneset: n=163
  Aldra: n=173
  Southern 1: n=583
  Southern 2: n=396
  Southern 3: n=583
  Southern 4: n=486
  Southern 5: n=202
2026-03-04 18:23:07 | INFO | src.tmc_shapley_islands | Loaded 135 cached utilities from outputs/tmc_shapley_sweep_all_traits/cache/tarsus/utility_cache_target_5_seed_1631993166.json
2026-03-04 18:23:07 | INFO | src.tmc_shapley_islands | Running TMC-Shapley with 20 permutations (utility on cal set)...
2026-03-04 18:23:07 | INFO | src.tmc_shapley_islands | Computing V_full over all 15 source islands...
2026-03-04 18:23:07 | INFO | src.tmc_shapley_islands | V_full = 0.6174
2026-03-04 18:23:07 | INFO | src.tmc_shapley_islands | TMC head-start: loaded 10 completed permutations from state outputs/tmc_shapley_sweep_all_traits/cache/tarsus/tmc_perm_state_target_5_seed_1631993166.json
2026-03-04 18:23:29 | INFO | src.tmc_shapley_islands | TMC progress: 12/20 permutations done, cache hit rate: 19.4%, n_evals: 25
2026-03-04 18:24:14 | INFO | src.tmc_shapley_islands | TMC progress: 16/20 permutations done, cache hit rate: 16.5%, n_evals: 76
2026-03-04 18:25:24 | INFO | src.tmc_shapley_islands | TMC progress: 20/20 permutations done, cache hit rate: 16.6%, n_evals: 126
2026-03-04 18:25:24 | INFO | src.tmc_shapley_islands | TMC complete: 20 permutations, 0 truncated, 126 utility evals, cache hit rate: 16.6%
2026-03-04 18:25:24 | INFO | src.tmc_shapley_islands | Shapley values (phi, computed on cal set):
2026-03-04 18:25:24 | INFO | src.tmc_shapley_islands |   Nesøy: phi=0.111597, phi/n=0.00095382
2026-03-04 18:25:24 | INFO | src.tmc_shapley_islands |   Myken: phi=0.060753, phi/n=0.00066036
2026-03-04 18:25:24 | INFO | src.tmc_shapley_islands |   Træna: phi=0.271662, phi/n=0.00094987
2026-03-04 18:25:24 | INFO | src.tmc_shapley_islands |   Selvær: phi=-0.035406, phi/n=-0.00018251
2026-03-04 18:25:24 | INFO | src.tmc_shapley_islands |   Gjerøy: phi=-0.158821, phi/n=-0.00028616
2026-03-04 18:25:24 | INFO | src.tmc_shapley_islands |   Indre Kvarøy: phi=-0.127320, phi/n=-0.00036586
2026-03-04 18:25:24 | INFO | src.tmc_shapley_islands |   Onøy og Lurøy: phi=-0.050193, phi/n=-0.00019530
2026-03-04 18:25:24 | INFO | src.tmc_shapley_islands |   Lovund: phi=0.187612, phi/n=0.00123429
2026-03-04 18:25:24 | INFO | src.tmc_shapley_islands |   Sleneset: phi=-0.106192, phi/n=-0.00065149
2026-03-04 18:25:24 | INFO | src.tmc_shapley_islands |   Aldra: phi=0.099121, phi/n=0.00057295
2026-03-04 18:25:24 | INFO | src.tmc_shapley_islands |   Southern 1: phi=0.222768, phi/n=0.00038211
2026-03-04 18:25:24 | INFO | src.tmc_shapley_islands |   Southern 2: phi=-0.038438, phi/n=-0.00009707
2026-03-04 18:25:24 | INFO | src.tmc_shapley_islands |   Southern 3: phi=0.101510, phi/n=0.00017412
2026-03-04 18:25:24 | INFO | src.tmc_shapley_islands |   Southern 4: phi=0.170291, phi/n=0.00035039
2026-03-04 18:25:24 | INFO | src.tmc_shapley_islands |   Southern 5: phi=-0.091561, phi/n=-0.00045327
2026-03-04 18:25:24 | INFO | src.tmc_shapley_islands | Curve retraining early stopping: enabled=True, patience=20
2026-03-04 18:25:24 | INFO | src.tmc_shapley_islands | Computing add-islands curve (evaluated on test set)...
2026-03-04 18:25:24 | INFO | src.tmc_shapley_islands | Add-curve (mean): 1 islands, n=152 -> corr=0.0726
2026-03-04 18:25:24 | INFO | src.tmc_shapley_islands | Add-curve (mean): 2 islands, n=269 -> corr=0.0780
2026-03-04 18:25:24 | INFO | src.tmc_shapley_islands | Add-curve (mean): 3 islands, n=555 -> corr=0.0865
2026-03-04 18:25:25 | INFO | src.tmc_shapley_islands | Add-curve (mean): 4 islands, n=647 -> corr=0.0905
2026-03-04 18:25:25 | INFO | src.tmc_shapley_islands | Add-curve (mean): 5 islands, n=820 -> corr=0.0918
2026-03-04 18:25:26 | INFO | src.tmc_shapley_islands | Add-curve (mean): 6 islands, n=1403 -> corr=0.0871
2026-03-04 18:25:26 | INFO | src.tmc_shapley_islands | Add-curve (mean): 7 islands, n=1889 -> corr=0.0894
2026-03-04 18:25:29 | INFO | src.tmc_shapley_islands | Add-curve (mean): 8 islands, n=2472 -> corr=0.0912
2026-03-04 18:25:31 | INFO | src.tmc_shapley_islands | Add-curve (mean): 9 islands, n=2868 -> corr=0.0859
2026-03-04 18:25:32 | INFO | src.tmc_shapley_islands | Add-curve (mean): 10 islands, n=3062 -> corr=0.0912
2026-03-04 18:25:33 | INFO | src.tmc_shapley_islands | Add-curve (mean): 11 islands, n=3319 -> corr=0.1099
2026-03-04 18:25:34 | INFO | src.tmc_shapley_islands | Add-curve (mean): 12 islands, n=3874 -> corr=0.1779
2026-03-04 18:25:36 | INFO | src.tmc_shapley_islands | Add-curve (mean): 13 islands, n=4222 -> corr=0.2216
2026-03-04 18:25:38 | INFO | src.tmc_shapley_islands | Add-curve (mean): 14 islands, n=4424 -> corr=0.2211
2026-03-04 18:25:40 | INFO | src.tmc_shapley_islands | Add-curve (mean): 15 islands, n=4587 -> corr=0.2260
2026-03-04 18:26:02 | INFO | src.tmc_shapley_islands | Random individual add-curve (seed=0) complete
2026-03-04 18:26:14 | INFO | src.tmc_shapley_islands | Random individual add-curve (seed=1) complete
2026-03-04 18:26:26 | INFO | src.tmc_shapley_islands | Random individual add-curve (seed=2) complete
2026-03-04 18:26:40 | INFO | src.tmc_shapley_islands | Random individual add-curve (seed=3) complete
2026-03-04 18:26:51 | INFO | src.tmc_shapley_islands | Random individual add-curve (seed=4) complete
2026-03-04 18:26:51 | INFO | src.tmc_shapley_islands | Building mirrored remove-islands curve from add-islands curve...
2026-03-04 18:26:51 | INFO | src.tmc_shapley_islands | Saved Shapley values to outputs/tmc_shapley_sweep_all_traits/shards/shard_010/tarsus/tmp/shapley_island_values_target_5.csv
2026-03-04 18:26:51 | INFO | src.tmc_shapley_islands | Saved summary to outputs/tmc_shapley_sweep_all_traits/shards/shard_010/tarsus/tmp/tmc_summary_target_5.json
2026-03-04 18:26:51 | INFO | src.tmc_shapley_islands | Saved intermediate ranking trace to outputs/tmc_shapley_sweep_all_traits/shards/shard_010/tarsus/tmp/tmc_intermediate_rankings_target_5.csv
2026-03-04 18:26:51 | INFO | src.tmc_shapley_islands | Saved add-curve to outputs/tmc_shapley_sweep_all_traits/shards/shard_010/tarsus/tmp/add_curve_target_5.csv
2026-03-04 18:26:51 | INFO | src.tmc_shapley_islands | Saved remove-curve to outputs/tmc_shapley_sweep_all_traits/shards/shard_010/tarsus/tmp/remove_curve_target_5.csv
2026-03-04 18:26:51 | INFO | src.tmc_shapley_islands | Saved bar plot to outputs/tmc_shapley_sweep_all_traits/shards/shard_010/tarsus/tmp/shapley_bar_target_5.png
2026-03-04 18:26:52 | INFO | src.tmc_shapley_islands | Saved add-curve plot to outputs/tmc_shapley_sweep_all_traits/shards/shard_010/tarsus/tmp/add_curve_target_5.png
2026-03-04 18:26:53 | INFO | src.tmc_shapley_islands | Saved remove-curve plot to outputs/tmc_shapley_sweep_all_traits/shards/shard_010/tarsus/tmp/remove_curve_target_5.png
2026-03-04 18:26:53 | INFO | __main__ | Shard 10/30 trait=tarsus progress 28/75 | target=5 n_cal_samples=10 perm=40 repeat=3
2026-03-04 18:26:53 | INFO | src.tmc_shapley_islands | [Shapley] Target island: 5 (Hestmannøy), source islands: 15
2026-03-04 18:26:53 | INFO | src.tmc_shapley_islands | Data: source=4587 (across 15 islands), cal=10, test=913
2026-03-04 18:26:53 | INFO | src.tmc_shapley_islands | SNP selection: using fixed precomputed subset (n=20000)
2026-03-04 18:26:53 | INFO | src.tmc_shapley_islands | Island counts (capped to None in training):
  Nesøy: n=117
  Myken: n=92
  Træna: n=286
  Selvær: n=194
  Gjerøy: n=555
  Indre Kvarøy: n=348
  Onøy og Lurøy: n=257
  Lovund: n=152
  Sleneset: n=163
  Aldra: n=173
  Southern 1: n=583
  Southern 2: n=396
  Southern 3: n=583
  Southern 4: n=486
  Southern 5: n=202
2026-03-04 18:26:53 | INFO | src.tmc_shapley_islands | Loaded 261 cached utilities from outputs/tmc_shapley_sweep_all_traits/cache/tarsus/utility_cache_target_5_seed_1631993166.json
2026-03-04 18:26:53 | INFO | src.tmc_shapley_islands | Running TMC-Shapley with 40 permutations (utility on cal set)...
2026-03-04 18:26:53 | INFO | src.tmc_shapley_islands | Computing V_full over all 15 source islands...
2026-03-04 18:26:53 | INFO | src.tmc_shapley_islands | V_full = 0.6174
2026-03-04 18:26:53 | INFO | src.tmc_shapley_islands | TMC head-start: loaded 20 completed permutations from state outputs/tmc_shapley_sweep_all_traits/cache/tarsus/tmc_perm_state_target_5_seed_1631993166.json
2026-03-04 18:27:36 | INFO | src.tmc_shapley_islands | TMC progress: 24/40 permutations done, cache hit rate: 23.0%, n_evals: 47
2026-03-04 18:29:08 | INFO | src.tmc_shapley_islands | TMC progress: 32/40 permutations done, cache hit rate: 22.1%, n_evals: 141
2026-03-04 18:31:11 | INFO | src.tmc_shapley_islands | TMC progress: 40/40 permutations done, cache hit rate: 21.9%, n_evals: 235
2026-03-04 18:31:11 | INFO | src.tmc_shapley_islands | TMC complete: 40 permutations, 0 truncated, 235 utility evals, cache hit rate: 21.9%
2026-03-04 18:31:11 | INFO | src.tmc_shapley_islands | Shapley values (phi, computed on cal set):
2026-03-04 18:31:11 | INFO | src.tmc_shapley_islands |   Nesøy: phi=0.102181, phi/n=0.00087334
2026-03-04 18:31:11 | INFO | src.tmc_shapley_islands |   Myken: phi=0.049348, phi/n=0.00053639
2026-03-04 18:31:11 | INFO | src.tmc_shapley_islands |   Træna: phi=0.256643, phi/n=0.00089735
2026-03-04 18:31:11 | INFO | src.tmc_shapley_islands |   Selvær: phi=-0.049645, phi/n=-0.00025590
2026-03-04 18:31:11 | INFO | src.tmc_shapley_islands |   Gjerøy: phi=-0.135584, phi/n=-0.00024430
2026-03-04 18:31:11 | INFO | src.tmc_shapley_islands |   Indre Kvarøy: phi=-0.095079, phi/n=-0.00027321
2026-03-04 18:31:11 | INFO | src.tmc_shapley_islands |   Onøy og Lurøy: phi=-0.044854, phi/n=-0.00017453
2026-03-04 18:31:11 | INFO | src.tmc_shapley_islands |   Lovund: phi=0.175058, phi/n=0.00115170
2026-03-04 18:31:11 | INFO | src.tmc_shapley_islands |   Sleneset: phi=-0.115769, phi/n=-0.00071024
2026-03-04 18:31:11 | INFO | src.tmc_shapley_islands |   Aldra: phi=0.110425, phi/n=0.00063829
2026-03-04 18:31:11 | INFO | src.tmc_shapley_islands |   Southern 1: phi=0.236889, phi/n=0.00040633
2026-03-04 18:31:11 | INFO | src.tmc_shapley_islands |   Southern 2: phi=-0.052484, phi/n=-0.00013254
2026-03-04 18:31:11 | INFO | src.tmc_shapley_islands |   Southern 3: phi=0.110932, phi/n=0.00019028
2026-03-04 18:31:11 | INFO | src.tmc_shapley_islands |   Southern 4: phi=0.194636, phi/n=0.00040049
2026-03-04 18:31:11 | INFO | src.tmc_shapley_islands |   Southern 5: phi=-0.125314, phi/n=-0.00062037
2026-03-04 18:31:11 | INFO | src.tmc_shapley_islands | Curve retraining early stopping: enabled=True, patience=20
2026-03-04 18:31:11 | INFO | src.tmc_shapley_islands | Computing add-islands curve (evaluated on test set)...
2026-03-04 18:31:11 | INFO | src.tmc_shapley_islands | Add-curve (mean): 1 islands, n=152 -> corr=0.0726
2026-03-04 18:31:11 | INFO | src.tmc_shapley_islands | Add-curve (mean): 2 islands, n=438 -> corr=0.0769
2026-03-04 18:31:11 | INFO | src.tmc_shapley_islands | Add-curve (mean): 3 islands, n=555 -> corr=0.0865
2026-03-04 18:31:12 | INFO | src.tmc_shapley_islands | Add-curve (mean): 4 islands, n=728 -> corr=0.0874
2026-03-04 18:31:12 | INFO | src.tmc_shapley_islands | Add-curve (mean): 5 islands, n=820 -> corr=0.0918
2026-03-04 18:31:12 | INFO | src.tmc_shapley_islands | Add-curve (mean): 6 islands, n=1403 -> corr=0.0871
2026-03-04 18:31:13 | INFO | src.tmc_shapley_islands | Add-curve (mean): 7 islands, n=1889 -> corr=0.0894
2026-03-04 18:31:14 | INFO | src.tmc_shapley_islands | Add-curve (mean): 8 islands, n=2472 -> corr=0.0912
2026-03-04 18:31:15 | INFO | src.tmc_shapley_islands | Add-curve (mean): 9 islands, n=2868 -> corr=0.0859
2026-03-04 18:31:20 | INFO | src.tmc_shapley_islands | Add-curve (mean): 10 islands, n=3125 -> corr=0.1066
2026-03-04 18:31:24 | INFO | src.tmc_shapley_islands | Add-curve (mean): 11 islands, n=3680 -> corr=0.1753
2026-03-04 18:31:29 | INFO | src.tmc_shapley_islands | Add-curve (mean): 12 islands, n=3874 -> corr=0.1779
2026-03-04 18:31:31 | INFO | src.tmc_shapley_islands | Add-curve (mean): 13 islands, n=4222 -> corr=0.2216
2026-03-04 18:31:32 | INFO | src.tmc_shapley_islands | Add-curve (mean): 14 islands, n=4424 -> corr=0.2211
2026-03-04 18:31:34 | INFO | src.tmc_shapley_islands | Add-curve (mean): 15 islands, n=4587 -> corr=0.2260
2026-03-04 18:31:49 | INFO | src.tmc_shapley_islands | Random individual add-curve (seed=0) complete
2026-03-04 18:32:05 | INFO | src.tmc_shapley_islands | Random individual add-curve (seed=1) complete
2026-03-04 18:32:20 | INFO | src.tmc_shapley_islands | Random individual add-curve (seed=2) complete
2026-03-04 18:32:31 | INFO | src.tmc_shapley_islands | Random individual add-curve (seed=3) complete
2026-03-04 18:32:48 | INFO | src.tmc_shapley_islands | Random individual add-curve (seed=4) complete
2026-03-04 18:32:48 | INFO | src.tmc_shapley_islands | Building mirrored remove-islands curve from add-islands curve...
2026-03-04 18:32:48 | INFO | src.tmc_shapley_islands | Saved Shapley values to outputs/tmc_shapley_sweep_all_traits/shards/shard_010/tarsus/tmp/shapley_island_values_target_5.csv
2026-03-04 18:32:48 | INFO | src.tmc_shapley_islands | Saved summary to outputs/tmc_shapley_sweep_all_traits/shards/shard_010/tarsus/tmp/tmc_summary_target_5.json
2026-03-04 18:32:48 | INFO | src.tmc_shapley_islands | Saved intermediate ranking trace to outputs/tmc_shapley_sweep_all_traits/shards/shard_010/tarsus/tmp/tmc_intermediate_rankings_target_5.csv
2026-03-04 18:32:48 | INFO | src.tmc_shapley_islands | Saved add-curve to outputs/tmc_shapley_sweep_all_traits/shards/shard_010/tarsus/tmp/add_curve_target_5.csv
2026-03-04 18:32:48 | INFO | src.tmc_shapley_islands | Saved remove-curve to outputs/tmc_shapley_sweep_all_traits/shards/shard_010/tarsus/tmp/remove_curve_target_5.csv
2026-03-04 18:32:48 | INFO | src.tmc_shapley_islands | Saved bar plot to outputs/tmc_shapley_sweep_all_traits/shards/shard_010/tarsus/tmp/shapley_bar_target_5.png
2026-03-04 18:32:48 | INFO | src.tmc_shapley_islands | Saved add-curve plot to outputs/tmc_shapley_sweep_all_traits/shards/shard_010/tarsus/tmp/add_curve_target_5.png
2026-03-04 18:32:49 | INFO | src.tmc_shapley_islands | Saved remove-curve plot to outputs/tmc_shapley_sweep_all_traits/shards/shard_010/tarsus/tmp/remove_curve_target_5.png
2026-03-04 18:32:49 | INFO | __main__ | Shard 10/30 trait=tarsus progress 29/75 | target=5 n_cal_samples=10 perm=80 repeat=3
2026-03-04 18:32:49 | INFO | src.tmc_shapley_islands | [Shapley] Target island: 5 (Hestmannøy), source islands: 15
2026-03-04 18:32:50 | INFO | src.tmc_shapley_islands | Data: source=4587 (across 15 islands), cal=10, test=913
2026-03-04 18:32:50 | INFO | src.tmc_shapley_islands | SNP selection: using fixed precomputed subset (n=20000)
2026-03-04 18:32:50 | INFO | src.tmc_shapley_islands | Island counts (capped to None in training):
  Nesøy: n=117
  Myken: n=92
  Træna: n=286
  Selvær: n=194
  Gjerøy: n=555
  Indre Kvarøy: n=348
  Onøy og Lurøy: n=257
  Lovund: n=152
  Sleneset: n=163
  Aldra: n=173
  Southern 1: n=583
  Southern 2: n=396
  Southern 3: n=583
  Southern 4: n=486
  Southern 5: n=202
2026-03-04 18:32:50 | INFO | src.tmc_shapley_islands | Loaded 496 cached utilities from outputs/tmc_shapley_sweep_all_traits/cache/tarsus/utility_cache_target_5_seed_1631993166.json
2026-03-04 18:32:50 | INFO | src.tmc_shapley_islands | Running TMC-Shapley with 80 permutations (utility on cal set)...
2026-03-04 18:32:50 | INFO | src.tmc_shapley_islands | Computing V_full over all 15 source islands...
2026-03-04 18:32:50 | INFO | src.tmc_shapley_islands | V_full = 0.6174
2026-03-04 18:32:50 | INFO | src.tmc_shapley_islands | TMC head-start: loaded 40 completed permutations from state outputs/tmc_shapley_sweep_all_traits/cache/tarsus/tmc_perm_state_target_5_seed_1631993166.json
2026-03-04 18:34:22 | INFO | src.tmc_shapley_islands | TMC progress: 48/80 permutations done, cache hit rate: 27.3%, n_evals: 88
2026-03-04 18:37:21 | INFO | src.tmc_shapley_islands | TMC progress: 64/80 permutations done, cache hit rate: 26.0%, n_evals: 267
2026-03-04 18:40:25 | INFO | src.tmc_shapley_islands | TMC progress: 80/80 permutations done, cache hit rate: 27.5%, n_evals: 436
2026-03-04 18:40:25 | INFO | src.tmc_shapley_islands | TMC complete: 80 permutations, 0 truncated, 436 utility evals, cache hit rate: 27.5%
2026-03-04 18:40:25 | INFO | src.tmc_shapley_islands | Shapley values (phi, computed on cal set):
2026-03-04 18:40:25 | INFO | src.tmc_shapley_islands |   Nesøy: phi=0.119378, phi/n=0.00102033
2026-03-04 18:40:25 | INFO | src.tmc_shapley_islands |   Myken: phi=0.049145, phi/n=0.00053418
2026-03-04 18:40:25 | INFO | src.tmc_shapley_islands |   Træna: phi=0.282126, phi/n=0.00098645
2026-03-04 18:40:25 | INFO | src.tmc_shapley_islands |   Selvær: phi=-0.046752, phi/n=-0.00024099
2026-03-04 18:40:25 | INFO | src.tmc_shapley_islands |   Gjerøy: phi=-0.115213, phi/n=-0.00020759
2026-03-04 18:40:25 | INFO | src.tmc_shapley_islands |   Indre Kvarøy: phi=-0.125160, phi/n=-0.00035966
2026-03-04 18:40:25 | INFO | src.tmc_shapley_islands |   Onøy og Lurøy: phi=-0.043809, phi/n=-0.00017046
2026-03-04 18:40:25 | INFO | src.tmc_shapley_islands |   Lovund: phi=0.172310, phi/n=0.00113362
2026-03-04 18:40:25 | INFO | src.tmc_shapley_islands |   Sleneset: phi=-0.104183, phi/n=-0.00063916
2026-03-04 18:40:25 | INFO | src.tmc_shapley_islands |   Aldra: phi=0.102159, phi/n=0.00059052
2026-03-04 18:40:25 | INFO | src.tmc_shapley_islands |   Southern 1: phi=0.241936, phi/n=0.00041499
2026-03-04 18:40:25 | INFO | src.tmc_shapley_islands |   Southern 2: phi=-0.063227, phi/n=-0.00015966
2026-03-04 18:40:25 | INFO | src.tmc_shapley_islands |   Southern 3: phi=0.116030, phi/n=0.00019902
2026-03-04 18:40:25 | INFO | src.tmc_shapley_islands |   Southern 4: phi=0.188644, phi/n=0.00038816
2026-03-04 18:40:25 | INFO | src.tmc_shapley_islands |   Southern 5: phi=-0.156003, phi/n=-0.00077229
2026-03-04 18:40:25 | INFO | src.tmc_shapley_islands | Curve retraining early stopping: enabled=True, patience=20
2026-03-04 18:40:25 | INFO | src.tmc_shapley_islands | Computing add-islands curve (evaluated on test set)...
2026-03-04 18:40:25 | INFO | src.tmc_shapley_islands | Add-curve (mean): 1 islands, n=152 -> corr=0.0726
2026-03-04 18:40:25 | INFO | src.tmc_shapley_islands | Add-curve (mean): 2 islands, n=269 -> corr=0.0780
2026-03-04 18:40:25 | INFO | src.tmc_shapley_islands | Add-curve (mean): 3 islands, n=555 -> corr=0.0865
2026-03-04 18:40:26 | INFO | src.tmc_shapley_islands | Add-curve (mean): 4 islands, n=728 -> corr=0.0874
2026-03-04 18:40:26 | INFO | src.tmc_shapley_islands | Add-curve (mean): 5 islands, n=820 -> corr=0.0918
2026-03-04 18:40:26 | INFO | src.tmc_shapley_islands | Add-curve (mean): 6 islands, n=1403 -> corr=0.0871
2026-03-04 18:40:27 | INFO | src.tmc_shapley_islands | Add-curve (mean): 7 islands, n=1889 -> corr=0.0894
2026-03-04 18:40:29 | INFO | src.tmc_shapley_islands | Add-curve (mean): 8 islands, n=2472 -> corr=0.0912
2026-03-04 18:40:30 | INFO | src.tmc_shapley_islands | Add-curve (mean): 9 islands, n=2868 -> corr=0.0859
2026-03-04 18:40:31 | INFO | src.tmc_shapley_islands | Add-curve (mean): 10 islands, n=3125 -> corr=0.1066
2026-03-04 18:40:33 | INFO | src.tmc_shapley_islands | Add-curve (mean): 11 islands, n=3680 -> corr=0.1753
2026-03-04 18:40:35 | INFO | src.tmc_shapley_islands | Add-curve (mean): 12 islands, n=3874 -> corr=0.1779
2026-03-04 18:40:36 | INFO | src.tmc_shapley_islands | Add-curve (mean): 13 islands, n=4222 -> corr=0.2216
2026-03-04 18:40:38 | INFO | src.tmc_shapley_islands | Add-curve (mean): 14 islands, n=4385 -> corr=0.2266
2026-03-04 18:40:40 | INFO | src.tmc_shapley_islands | Add-curve (mean): 15 islands, n=4587 -> corr=0.2260
2026-03-04 18:40:52 | INFO | src.tmc_shapley_islands | Random individual add-curve (seed=0) complete
2026-03-04 18:41:03 | INFO | src.tmc_shapley_islands | Random individual add-curve (seed=1) complete
2026-03-04 18:41:14 | INFO | src.tmc_shapley_islands | Random individual add-curve (seed=2) complete
2026-03-04 18:41:26 | INFO | src.tmc_shapley_islands | Random individual add-curve (seed=3) complete
2026-03-04 18:41:37 | INFO | src.tmc_shapley_islands | Random individual add-curve (seed=4) complete
2026-03-04 18:41:37 | INFO | src.tmc_shapley_islands | Building mirrored remove-islands curve from add-islands curve...
2026-03-04 18:41:37 | INFO | src.tmc_shapley_islands | Saved Shapley values to outputs/tmc_shapley_sweep_all_traits/shards/shard_010/tarsus/tmp/shapley_island_values_target_5.csv
2026-03-04 18:41:37 | INFO | src.tmc_shapley_islands | Saved summary to outputs/tmc_shapley_sweep_all_traits/shards/shard_010/tarsus/tmp/tmc_summary_target_5.json
2026-03-04 18:41:37 | INFO | src.tmc_shapley_islands | Saved intermediate ranking trace to outputs/tmc_shapley_sweep_all_traits/shards/shard_010/tarsus/tmp/tmc_intermediate_rankings_target_5.csv
2026-03-04 18:41:37 | INFO | src.tmc_shapley_islands | Saved add-curve to outputs/tmc_shapley_sweep_all_traits/shards/shard_010/tarsus/tmp/add_curve_target_5.csv
2026-03-04 18:41:37 | INFO | src.tmc_shapley_islands | Saved remove-curve to outputs/tmc_shapley_sweep_all_traits/shards/shard_010/tarsus/tmp/remove_curve_target_5.csv
2026-03-04 18:41:38 | INFO | src.tmc_shapley_islands | Saved bar plot to outputs/tmc_shapley_sweep_all_traits/shards/shard_010/tarsus/tmp/shapley_bar_target_5.png
2026-03-04 18:41:38 | INFO | src.tmc_shapley_islands | Saved add-curve plot to outputs/tmc_shapley_sweep_all_traits/shards/shard_010/tarsus/tmp/add_curve_target_5.png
2026-03-04 18:41:39 | INFO | src.tmc_shapley_islands | Saved remove-curve plot to outputs/tmc_shapley_sweep_all_traits/shards/shard_010/tarsus/tmp/remove_curve_target_5.png
2026-03-04 18:41:39 | INFO | __main__ | Shard 10/30 trait=tarsus progress 30/75 | target=5 n_cal_samples=10 perm=150 repeat=3
2026-03-04 18:41:39 | INFO | src.tmc_shapley_islands | [Shapley] Target island: 5 (Hestmannøy), source islands: 15
2026-03-04 18:41:40 | INFO | src.tmc_shapley_islands | Data: source=4587 (across 15 islands), cal=10, test=913
2026-03-04 18:41:40 | INFO | src.tmc_shapley_islands | SNP selection: using fixed precomputed subset (n=20000)
2026-03-04 18:41:40 | INFO | src.tmc_shapley_islands | Island counts (capped to None in training):
  Nesøy: n=117
  Myken: n=92
  Træna: n=286
  Selvær: n=194
  Gjerøy: n=555
  Indre Kvarøy: n=348
  Onøy og Lurøy: n=257
  Lovund: n=152
  Sleneset: n=163
  Aldra: n=173
  Southern 1: n=583
  Southern 2: n=396
  Southern 3: n=583
  Southern 4: n=486
  Southern 5: n=202
2026-03-04 18:41:40 | INFO | src.tmc_shapley_islands | Loaded 932 cached utilities from outputs/tmc_shapley_sweep_all_traits/cache/tarsus/utility_cache_target_5_seed_1631993166.json
2026-03-04 18:41:40 | INFO | src.tmc_shapley_islands | Running TMC-Shapley with 150 permutations (utility on cal set)...
2026-03-04 18:41:40 | INFO | src.tmc_shapley_islands | Computing V_full over all 15 source islands...
2026-03-04 18:41:40 | INFO | src.tmc_shapley_islands | V_full = 0.6174
2026-03-04 18:41:40 | INFO | src.tmc_shapley_islands | TMC head-start: loaded 80 completed permutations from state outputs/tmc_shapley_sweep_all_traits/cache/tarsus/tmc_perm_state_target_5_seed_1631993166.json
2026-03-04 18:43:44 | INFO | src.tmc_shapley_islands | TMC progress: 90/150 permutations done, cache hit rate: 32.5%, n_evals: 102
2026-03-04 18:48:45 | INFO | src.tmc_shapley_islands | TMC progress: 120/150 permutations done, cache hit rate: 35.1%, n_evals: 390
2026-03-04 18:54:01 | INFO | src.tmc_shapley_islands | TMC progress: 150/150 permutations done, cache hit rate: 35.0%, n_evals: 683
2026-03-04 18:54:01 | INFO | src.tmc_shapley_islands | TMC complete: 150 permutations, 0 truncated, 683 utility evals, cache hit rate: 35.0%
2026-03-04 18:54:01 | INFO | src.tmc_shapley_islands | Shapley values (phi, computed on cal set):
2026-03-04 18:54:01 | INFO | src.tmc_shapley_islands |   Nesøy: phi=0.124938, phi/n=0.00106785
2026-03-04 18:54:01 | INFO | src.tmc_shapley_islands |   Myken: phi=0.051589, phi/n=0.00056075
2026-03-04 18:54:01 | INFO | src.tmc_shapley_islands |   Træna: phi=0.282066, phi/n=0.00098624
2026-03-04 18:54:01 | INFO | src.tmc_shapley_islands |   Selvær: phi=-0.043449, phi/n=-0.00022396
2026-03-04 18:54:01 | INFO | src.tmc_shapley_islands |   Gjerøy: phi=-0.101240, phi/n=-0.00018241
2026-03-04 18:54:01 | INFO | src.tmc_shapley_islands |   Indre Kvarøy: phi=-0.127952, phi/n=-0.00036768
2026-03-04 18:54:01 | INFO | src.tmc_shapley_islands |   Onøy og Lurøy: phi=-0.046061, phi/n=-0.00017922
2026-03-04 18:54:01 | INFO | src.tmc_shapley_islands |   Lovund: phi=0.182398, phi/n=0.00119998
2026-03-04 18:54:01 | INFO | src.tmc_shapley_islands |   Sleneset: phi=-0.106087, phi/n=-0.00065084
2026-03-04 18:54:01 | INFO | src.tmc_shapley_islands |   Aldra: phi=0.099797, phi/n=0.00057686
2026-03-04 18:54:01 | INFO | src.tmc_shapley_islands |   Southern 1: phi=0.247750, phi/n=0.00042496
2026-03-04 18:54:01 | INFO | src.tmc_shapley_islands |   Southern 2: phi=-0.067626, phi/n=-0.00017077
2026-03-04 18:54:01 | INFO | src.tmc_shapley_islands |   Southern 3: phi=0.119803, phi/n=0.00020549
2026-03-04 18:54:01 | INFO | src.tmc_shapley_islands |   Southern 4: phi=0.175494, phi/n=0.00036110
2026-03-04 18:54:01 | INFO | src.tmc_shapley_islands |   Southern 5: phi=-0.174037, phi/n=-0.00086157
2026-03-04 18:54:01 | INFO | src.tmc_shapley_islands | Curve retraining early stopping: enabled=True, patience=20
2026-03-04 18:54:01 | INFO | src.tmc_shapley_islands | Computing add-islands curve (evaluated on test set)...
2026-03-04 18:54:02 | INFO | src.tmc_shapley_islands | Add-curve (mean): 1 islands, n=152 -> corr=0.0726
2026-03-04 18:54:02 | INFO | src.tmc_shapley_islands | Add-curve (mean): 2 islands, n=269 -> corr=0.0780
2026-03-04 18:54:02 | INFO | src.tmc_shapley_islands | Add-curve (mean): 3 islands, n=555 -> corr=0.0865
2026-03-04 18:54:02 | INFO | src.tmc_shapley_islands | Add-curve (mean): 4 islands, n=728 -> corr=0.0874
2026-03-04 18:54:03 | INFO | src.tmc_shapley_islands | Add-curve (mean): 5 islands, n=820 -> corr=0.0918
2026-03-04 18:54:03 | INFO | src.tmc_shapley_islands | Add-curve (mean): 6 islands, n=1403 -> corr=0.0871
2026-03-04 18:54:04 | INFO | src.tmc_shapley_islands | Add-curve (mean): 7 islands, n=1889 -> corr=0.0894
2026-03-04 18:54:07 | INFO | src.tmc_shapley_islands | Add-curve (mean): 8 islands, n=2472 -> corr=0.0912
2026-03-04 18:54:11 | INFO | src.tmc_shapley_islands | Add-curve (mean): 9 islands, n=2868 -> corr=0.0859
2026-03-04 18:54:12 | INFO | src.tmc_shapley_islands | Add-curve (mean): 10 islands, n=3125 -> corr=0.1066
2026-03-04 18:54:13 | INFO | src.tmc_shapley_islands | Add-curve (mean): 11 islands, n=3680 -> corr=0.1753
2026-03-04 18:54:15 | INFO | src.tmc_shapley_islands | Add-curve (mean): 12 islands, n=3874 -> corr=0.1779
2026-03-04 18:54:16 | INFO | src.tmc_shapley_islands | Add-curve (mean): 13 islands, n=4222 -> corr=0.2216
2026-03-04 18:54:18 | INFO | src.tmc_shapley_islands | Add-curve (mean): 14 islands, n=4385 -> corr=0.2266
2026-03-04 18:54:20 | INFO | src.tmc_shapley_islands | Add-curve (mean): 15 islands, n=4587 -> corr=0.2260
2026-03-04 18:54:31 | INFO | src.tmc_shapley_islands | Random individual add-curve (seed=0) complete
2026-03-04 18:54:42 | INFO | src.tmc_shapley_islands | Random individual add-curve (seed=1) complete
2026-03-04 18:54:54 | INFO | src.tmc_shapley_islands | Random individual add-curve (seed=2) complete
2026-03-04 18:55:09 | INFO | src.tmc_shapley_islands | Random individual add-curve (seed=3) complete
2026-03-04 18:55:20 | INFO | src.tmc_shapley_islands | Random individual add-curve (seed=4) complete
2026-03-04 18:55:20 | INFO | src.tmc_shapley_islands | Building mirrored remove-islands curve from add-islands curve...
2026-03-04 18:55:20 | INFO | src.tmc_shapley_islands | Saved Shapley values to outputs/tmc_shapley_sweep_all_traits/shards/shard_010/tarsus/tmp/shapley_island_values_target_5.csv
2026-03-04 18:55:20 | INFO | src.tmc_shapley_islands | Saved summary to outputs/tmc_shapley_sweep_all_traits/shards/shard_010/tarsus/tmp/tmc_summary_target_5.json
2026-03-04 18:55:20 | INFO | src.tmc_shapley_islands | Saved intermediate ranking trace to outputs/tmc_shapley_sweep_all_traits/shards/shard_010/tarsus/tmp/tmc_intermediate_rankings_target_5.csv
2026-03-04 18:55:20 | INFO | src.tmc_shapley_islands | Saved add-curve to outputs/tmc_shapley_sweep_all_traits/shards/shard_010/tarsus/tmp/add_curve_target_5.csv
2026-03-04 18:55:20 | INFO | src.tmc_shapley_islands | Saved remove-curve to outputs/tmc_shapley_sweep_all_traits/shards/shard_010/tarsus/tmp/remove_curve_target_5.csv
2026-03-04 18:55:21 | INFO | src.tmc_shapley_islands | Saved bar plot to outputs/tmc_shapley_sweep_all_traits/shards/shard_010/tarsus/tmp/shapley_bar_target_5.png
2026-03-04 18:55:22 | INFO | src.tmc_shapley_islands | Saved add-curve plot to outputs/tmc_shapley_sweep_all_traits/shards/shard_010/tarsus/tmp/add_curve_target_5.png
2026-03-04 18:55:22 | INFO | src.tmc_shapley_islands | Saved remove-curve plot to outputs/tmc_shapley_sweep_all_traits/shards/shard_010/tarsus/tmp/remove_curve_target_5.png
2026-03-04 18:55:22 | INFO | __main__ | Shard 10/30 trait=tarsus progress 31/75 | target=5 n_cal_samples=20 perm=10 repeat=3
2026-03-04 18:55:22 | INFO | src.tmc_shapley_islands | [Shapley] Target island: 5 (Hestmannøy), source islands: 15
2026-03-04 18:55:23 | INFO | src.tmc_shapley_islands | Data: source=4587 (across 15 islands), cal=20, test=913
2026-03-04 18:55:23 | INFO | src.tmc_shapley_islands | SNP selection: using fixed precomputed subset (n=20000)
2026-03-04 18:55:23 | INFO | src.tmc_shapley_islands | Island counts (capped to None in training):
  Nesøy: n=117
  Myken: n=92
  Træna: n=286
  Selvær: n=194
  Gjerøy: n=555
  Indre Kvarøy: n=348
  Onøy og Lurøy: n=257
  Lovund: n=152
  Sleneset: n=163
  Aldra: n=173
  Southern 1: n=583
  Southern 2: n=396
  Southern 3: n=583
  Southern 4: n=486
  Southern 5: n=202
2026-03-04 18:55:23 | INFO | src.tmc_shapley_islands | Running TMC-Shapley with 10 permutations (utility on cal set)...
2026-03-04 18:55:23 | INFO | src.tmc_shapley_islands | Computing V_full over all 15 source islands...
2026-03-04 18:55:25 | INFO | src.tmc_shapley_islands | V_full = 0.2138
2026-03-04 18:55:53 | INFO | src.tmc_shapley_islands | TMC progress: 2/10 permutations done, cache hit rate: 6.5%, n_evals: 29
2026-03-04 18:56:23 | INFO | src.tmc_shapley_islands | TMC progress: 4/10 permutations done, cache hit rate: 6.6%, n_evals: 57
2026-03-04 18:56:53 | INFO | src.tmc_shapley_islands | TMC progress: 6/10 permutations done, cache hit rate: 8.8%, n_evals: 83
2026-03-04 18:57:22 | INFO | src.tmc_shapley_islands | TMC progress: 8/10 permutations done, cache hit rate: 9.1%, n_evals: 110
2026-03-04 18:58:01 | INFO | src.tmc_shapley_islands | TMC progress: 10/10 permutations done, cache hit rate: 9.3%, n_evals: 137
2026-03-04 18:58:01 | INFO | src.tmc_shapley_islands | TMC complete: 10 permutations, 0 truncated, 137 utility evals, cache hit rate: 9.3%
2026-03-04 18:58:01 | INFO | src.tmc_shapley_islands | Shapley values (phi, computed on cal set):
2026-03-04 18:58:01 | INFO | src.tmc_shapley_islands |   Nesøy: phi=0.010888, phi/n=0.00009306
2026-03-04 18:58:01 | INFO | src.tmc_shapley_islands |   Myken: phi=0.001065, phi/n=0.00001157
2026-03-04 18:58:01 | INFO | src.tmc_shapley_islands |   Træna: phi=0.170815, phi/n=0.00059726
2026-03-04 18:58:01 | INFO | src.tmc_shapley_islands |   Selvær: phi=0.089617, phi/n=0.00046194
2026-03-04 18:58:01 | INFO | src.tmc_shapley_islands |   Gjerøy: phi=0.162322, phi/n=0.00029247
2026-03-04 18:58:01 | INFO | src.tmc_shapley_islands |   Indre Kvarøy: phi=-0.210782, phi/n=-0.00060570
2026-03-04 18:58:01 | INFO | src.tmc_shapley_islands |   Onøy og Lurøy: phi=-0.011200, phi/n=-0.00004358
2026-03-04 18:58:01 | INFO | src.tmc_shapley_islands |   Lovund: phi=-0.074344, phi/n=-0.00048910
2026-03-04 18:58:01 | INFO | src.tmc_shapley_islands |   Sleneset: phi=0.042491, phi/n=0.00026068
2026-03-04 18:58:01 | INFO | src.tmc_shapley_islands |   Aldra: phi=-0.073896, phi/n=-0.00042714
2026-03-04 18:58:01 | INFO | src.tmc_shapley_islands |   Southern 1: phi=0.033678, phi/n=0.00005777
2026-03-04 18:58:01 | INFO | src.tmc_shapley_islands |   Southern 2: phi=0.102869, phi/n=0.00025977
2026-03-04 18:58:01 | INFO | src.tmc_shapley_islands |   Southern 3: phi=0.065280, phi/n=0.00011197
2026-03-04 18:58:01 | INFO | src.tmc_shapley_islands |   Southern 4: phi=-0.119765, phi/n=-0.00024643
2026-03-04 18:58:01 | INFO | src.tmc_shapley_islands |   Southern 5: phi=0.024803, phi/n=0.00012279
2026-03-04 18:58:01 | INFO | src.tmc_shapley_islands | Curve retraining early stopping: enabled=True, patience=20
2026-03-04 18:58:01 | INFO | src.tmc_shapley_islands | Computing add-islands curve (evaluated on test set)...
2026-03-04 18:58:01 | INFO | src.tmc_shapley_islands | Add-curve (mean): 1 islands, n=286 -> corr=0.0541
2026-03-04 18:58:01 | INFO | src.tmc_shapley_islands | Add-curve (mean): 2 islands, n=480 -> corr=0.0569
2026-03-04 18:58:01 | INFO | src.tmc_shapley_islands | Add-curve (mean): 3 islands, n=1035 -> corr=0.1317
2026-03-04 18:58:02 | INFO | src.tmc_shapley_islands | Add-curve (mean): 4 islands, n=1198 -> corr=0.1478
2026-03-04 18:58:03 | INFO | src.tmc_shapley_islands | Add-curve (mean): 5 islands, n=1594 -> corr=0.1447
2026-03-04 18:58:04 | INFO | src.tmc_shapley_islands | Add-curve (mean): 6 islands, n=1796 -> corr=0.1412
2026-03-04 18:58:05 | INFO | src.tmc_shapley_islands | Add-curve (mean): 7 islands, n=2379 -> corr=0.1386
2026-03-04 18:58:06 | INFO | src.tmc_shapley_islands | Add-curve (mean): 8 islands, n=2496 -> corr=0.1524
2026-03-04 18:58:07 | INFO | src.tmc_shapley_islands | Add-curve (mean): 9 islands, n=3079 -> corr=0.1474
2026-03-04 18:58:09 | INFO | src.tmc_shapley_islands | Add-curve (mean): 10 islands, n=3171 -> corr=0.1627
2026-03-04 18:58:11 | INFO | src.tmc_shapley_islands | Add-curve (mean): 11 islands, n=3428 -> corr=0.1761
2026-03-04 18:58:12 | INFO | src.tmc_shapley_islands | Add-curve (mean): 12 islands, n=3914 -> corr=0.1756
2026-03-04 18:58:14 | INFO | src.tmc_shapley_islands | Add-curve (mean): 13 islands, n=4087 -> corr=0.1745
2026-03-04 18:58:16 | INFO | src.tmc_shapley_islands | Add-curve (mean): 14 islands, n=4239 -> corr=0.1796
2026-03-04 18:58:18 | INFO | src.tmc_shapley_islands | Add-curve (mean): 15 islands, n=4587 -> corr=0.2205
2026-03-04 18:58:30 | INFO | src.tmc_shapley_islands | Random individual add-curve (seed=0) complete
2026-03-04 18:58:44 | INFO | src.tmc_shapley_islands | Random individual add-curve (seed=1) complete
2026-03-04 18:58:57 | INFO | src.tmc_shapley_islands | Random individual add-curve (seed=2) complete
2026-03-04 18:59:09 | INFO | src.tmc_shapley_islands | Random individual add-curve (seed=3) complete
2026-03-04 18:59:29 | INFO | src.tmc_shapley_islands | Random individual add-curve (seed=4) complete
2026-03-04 18:59:29 | INFO | src.tmc_shapley_islands | Building mirrored remove-islands curve from add-islands curve...
2026-03-04 18:59:29 | INFO | src.tmc_shapley_islands | Saved Shapley values to outputs/tmc_shapley_sweep_all_traits/shards/shard_010/tarsus/tmp/shapley_island_values_target_5.csv
2026-03-04 18:59:29 | INFO | src.tmc_shapley_islands | Saved summary to outputs/tmc_shapley_sweep_all_traits/shards/shard_010/tarsus/tmp/tmc_summary_target_5.json
2026-03-04 18:59:29 | INFO | src.tmc_shapley_islands | Saved intermediate ranking trace to outputs/tmc_shapley_sweep_all_traits/shards/shard_010/tarsus/tmp/tmc_intermediate_rankings_target_5.csv
2026-03-04 18:59:29 | INFO | src.tmc_shapley_islands | Saved add-curve to outputs/tmc_shapley_sweep_all_traits/shards/shard_010/tarsus/tmp/add_curve_target_5.csv
2026-03-04 18:59:29 | INFO | src.tmc_shapley_islands | Saved remove-curve to outputs/tmc_shapley_sweep_all_traits/shards/shard_010/tarsus/tmp/remove_curve_target_5.csv
2026-03-04 18:59:29 | INFO | src.tmc_shapley_islands | Saved bar plot to outputs/tmc_shapley_sweep_all_traits/shards/shard_010/tarsus/tmp/shapley_bar_target_5.png
2026-03-04 18:59:30 | INFO | src.tmc_shapley_islands | Saved add-curve plot to outputs/tmc_shapley_sweep_all_traits/shards/shard_010/tarsus/tmp/add_curve_target_5.png
2026-03-04 18:59:30 | INFO | src.tmc_shapley_islands | Saved remove-curve plot to outputs/tmc_shapley_sweep_all_traits/shards/shard_010/tarsus/tmp/remove_curve_target_5.png
2026-03-04 18:59:30 | INFO | __main__ | Shard 10/30 trait=tarsus progress 32/75 | target=5 n_cal_samples=20 perm=20 repeat=3
2026-03-04 18:59:30 | INFO | src.tmc_shapley_islands | [Shapley] Target island: 5 (Hestmannøy), source islands: 15
2026-03-04 18:59:31 | INFO | src.tmc_shapley_islands | Data: source=4587 (across 15 islands), cal=20, test=913
2026-03-04 18:59:31 | INFO | src.tmc_shapley_islands | SNP selection: using fixed precomputed subset (n=20000)
2026-03-04 18:59:31 | INFO | src.tmc_shapley_islands | Island counts (capped to None in training):
  Nesøy: n=117
  Myken: n=92
  Træna: n=286
  Selvær: n=194
  Gjerøy: n=555
  Indre Kvarøy: n=348
  Onøy og Lurøy: n=257
  Lovund: n=152
  Sleneset: n=163
  Aldra: n=173
  Southern 1: n=583
  Southern 2: n=396
  Southern 3: n=583
  Southern 4: n=486
  Southern 5: n=202
2026-03-04 18:59:31 | INFO | src.tmc_shapley_islands | Loaded 137 cached utilities from outputs/tmc_shapley_sweep_all_traits/cache/tarsus/utility_cache_target_5_seed_850770640.json
2026-03-04 18:59:31 | INFO | src.tmc_shapley_islands | Running TMC-Shapley with 20 permutations (utility on cal set)...
2026-03-04 18:59:31 | INFO | src.tmc_shapley_islands | Computing V_full over all 15 source islands...
2026-03-04 18:59:31 | INFO | src.tmc_shapley_islands | V_full = 0.2138
2026-03-04 18:59:31 | INFO | src.tmc_shapley_islands | TMC head-start: loaded 10 completed permutations from state outputs/tmc_shapley_sweep_all_traits/cache/tarsus/tmc_perm_state_target_5_seed_850770640.json
2026-03-04 18:59:54 | INFO | src.tmc_shapley_islands | TMC progress: 12/20 permutations done, cache hit rate: 22.6%, n_evals: 24
2026-03-04 19:01:20 | INFO | src.tmc_shapley_islands | TMC progress: 16/20 permutations done, cache hit rate: 15.4%, n_evals: 77
2026-03-04 19:02:22 | INFO | src.tmc_shapley_islands | TMC progress: 20/20 permutations done, cache hit rate: 17.2%, n_evals: 125
2026-03-04 19:02:22 | INFO | src.tmc_shapley_islands | TMC complete: 20 permutations, 0 truncated, 125 utility evals, cache hit rate: 17.2%
2026-03-04 19:02:22 | INFO | src.tmc_shapley_islands | Shapley values (phi, computed on cal set):
2026-03-04 19:02:22 | INFO | src.tmc_shapley_islands |   Nesøy: phi=0.009340, phi/n=0.00007983
2026-03-04 19:02:22 | INFO | src.tmc_shapley_islands |   Myken: phi=0.001113, phi/n=0.00001210
2026-03-04 19:02:22 | INFO | src.tmc_shapley_islands |   Træna: phi=0.186456, phi/n=0.00065194
2026-03-04 19:02:22 | INFO | src.tmc_shapley_islands |   Selvær: phi=0.080229, phi/n=0.00041355
2026-03-04 19:02:22 | INFO | src.tmc_shapley_islands |   Gjerøy: phi=0.140449, phi/n=0.00025306
2026-03-04 19:02:22 | INFO | src.tmc_shapley_islands |   Indre Kvarøy: phi=-0.203243, phi/n=-0.00058403
2026-03-04 19:02:22 | INFO | src.tmc_shapley_islands |   Onøy og Lurøy: phi=-0.009739, phi/n=-0.00003790
2026-03-04 19:02:22 | INFO | src.tmc_shapley_islands |   Lovund: phi=-0.059631, phi/n=-0.00039231
2026-03-04 19:02:22 | INFO | src.tmc_shapley_islands |   Sleneset: phi=0.033252, phi/n=0.00020400
2026-03-04 19:02:22 | INFO | src.tmc_shapley_islands |   Aldra: phi=-0.065505, phi/n=-0.00037864
2026-03-04 19:02:22 | INFO | src.tmc_shapley_islands |   Southern 1: phi=0.039601, phi/n=0.00006793
2026-03-04 19:02:22 | INFO | src.tmc_shapley_islands |   Southern 2: phi=0.109155, phi/n=0.00027564
2026-03-04 19:02:22 | INFO | src.tmc_shapley_islands |   Southern 3: phi=0.040189, phi/n=0.00006894
2026-03-04 19:02:22 | INFO | src.tmc_shapley_islands |   Southern 4: phi=-0.110088, phi/n=-0.00022652
2026-03-04 19:02:22 | INFO | src.tmc_shapley_islands |   Southern 5: phi=0.022266, phi/n=0.00011023
2026-03-04 19:02:22 | INFO | src.tmc_shapley_islands | Curve retraining early stopping: enabled=True, patience=20
2026-03-04 19:02:22 | INFO | src.tmc_shapley_islands | Computing add-islands curve (evaluated on test set)...
2026-03-04 19:02:22 | INFO | src.tmc_shapley_islands | Add-curve (mean): 1 islands, n=286 -> corr=0.0541
2026-03-04 19:02:22 | INFO | src.tmc_shapley_islands | Add-curve (mean): 2 islands, n=480 -> corr=0.0569
2026-03-04 19:02:22 | INFO | src.tmc_shapley_islands | Add-curve (mean): 3 islands, n=876 -> corr=0.0423
2026-03-04 19:02:23 | INFO | src.tmc_shapley_islands | Add-curve (mean): 4 islands, n=1431 -> corr=0.1281
2026-03-04 19:02:24 | INFO | src.tmc_shapley_islands | Add-curve (mean): 5 islands, n=1594 -> corr=0.1447
2026-03-04 19:02:25 | INFO | src.tmc_shapley_islands | Add-curve (mean): 6 islands, n=1796 -> corr=0.1412
2026-03-04 19:02:26 | INFO | src.tmc_shapley_islands | Add-curve (mean): 7 islands, n=1913 -> corr=0.1543
2026-03-04 19:02:27 | INFO | src.tmc_shapley_islands | Add-curve (mean): 8 islands, n=2496 -> corr=0.1524
2026-03-04 19:02:28 | INFO | src.tmc_shapley_islands | Add-curve (mean): 9 islands, n=3079 -> corr=0.1474
2026-03-04 19:02:30 | INFO | src.tmc_shapley_islands | Add-curve (mean): 10 islands, n=3171 -> corr=0.1627
2026-03-04 19:02:31 | INFO | src.tmc_shapley_islands | Add-curve (mean): 11 islands, n=3428 -> corr=0.1761
2026-03-04 19:02:33 | INFO | src.tmc_shapley_islands | Add-curve (mean): 12 islands, n=3914 -> corr=0.1756
2026-03-04 19:02:35 | INFO | src.tmc_shapley_islands | Add-curve (mean): 13 islands, n=4087 -> corr=0.1745
2026-03-04 19:02:36 | INFO | src.tmc_shapley_islands | Add-curve (mean): 14 islands, n=4239 -> corr=0.1796
2026-03-04 19:02:41 | INFO | src.tmc_shapley_islands | Add-curve (mean): 15 islands, n=4587 -> corr=0.2205
2026-03-04 19:02:52 | INFO | src.tmc_shapley_islands | Random individual add-curve (seed=0) complete
2026-03-04 19:03:04 | INFO | src.tmc_shapley_islands | Random individual add-curve (seed=1) complete
2026-03-04 19:03:18 | INFO | src.tmc_shapley_islands | Random individual add-curve (seed=2) complete
2026-03-04 19:03:35 | INFO | src.tmc_shapley_islands | Random individual add-curve (seed=3) complete
2026-03-04 19:03:49 | INFO | src.tmc_shapley_islands | Random individual add-curve (seed=4) complete
2026-03-04 19:03:49 | INFO | src.tmc_shapley_islands | Building mirrored remove-islands curve from add-islands curve...
2026-03-04 19:03:49 | INFO | src.tmc_shapley_islands | Saved Shapley values to outputs/tmc_shapley_sweep_all_traits/shards/shard_010/tarsus/tmp/shapley_island_values_target_5.csv
2026-03-04 19:03:49 | INFO | src.tmc_shapley_islands | Saved summary to outputs/tmc_shapley_sweep_all_traits/shards/shard_010/tarsus/tmp/tmc_summary_target_5.json
2026-03-04 19:03:49 | INFO | src.tmc_shapley_islands | Saved intermediate ranking trace to outputs/tmc_shapley_sweep_all_traits/shards/shard_010/tarsus/tmp/tmc_intermediate_rankings_target_5.csv
2026-03-04 19:03:49 | INFO | src.tmc_shapley_islands | Saved add-curve to outputs/tmc_shapley_sweep_all_traits/shards/shard_010/tarsus/tmp/add_curve_target_5.csv
2026-03-04 19:03:49 | INFO | src.tmc_shapley_islands | Saved remove-curve to outputs/tmc_shapley_sweep_all_traits/shards/shard_010/tarsus/tmp/remove_curve_target_5.csv
2026-03-04 19:03:50 | INFO | src.tmc_shapley_islands | Saved bar plot to outputs/tmc_shapley_sweep_all_traits/shards/shard_010/tarsus/tmp/shapley_bar_target_5.png
2026-03-04 19:03:50 | INFO | src.tmc_shapley_islands | Saved add-curve plot to outputs/tmc_shapley_sweep_all_traits/shards/shard_010/tarsus/tmp/add_curve_target_5.png
2026-03-04 19:03:51 | INFO | src.tmc_shapley_islands | Saved remove-curve plot to outputs/tmc_shapley_sweep_all_traits/shards/shard_010/tarsus/tmp/remove_curve_target_5.png
2026-03-04 19:03:51 | INFO | __main__ | Shard 10/30 trait=tarsus progress 33/75 | target=5 n_cal_samples=20 perm=40 repeat=3
2026-03-04 19:03:51 | INFO | src.tmc_shapley_islands | [Shapley] Target island: 5 (Hestmannøy), source islands: 15
2026-03-04 19:03:51 | INFO | src.tmc_shapley_islands | Data: source=4587 (across 15 islands), cal=20, test=913
2026-03-04 19:03:51 | INFO | src.tmc_shapley_islands | SNP selection: using fixed precomputed subset (n=20000)
2026-03-04 19:03:51 | INFO | src.tmc_shapley_islands | Island counts (capped to None in training):
  Nesøy: n=117
  Myken: n=92
  Træna: n=286
  Selvær: n=194
  Gjerøy: n=555
  Indre Kvarøy: n=348
  Onøy og Lurøy: n=257
  Lovund: n=152
  Sleneset: n=163
  Aldra: n=173
  Southern 1: n=583
  Southern 2: n=396
  Southern 3: n=583
  Southern 4: n=486
  Southern 5: n=202
2026-03-04 19:03:51 | INFO | src.tmc_shapley_islands | Loaded 262 cached utilities from outputs/tmc_shapley_sweep_all_traits/cache/tarsus/utility_cache_target_5_seed_850770640.json
2026-03-04 19:03:51 | INFO | src.tmc_shapley_islands | Running TMC-Shapley with 40 permutations (utility on cal set)...
2026-03-04 19:03:51 | INFO | src.tmc_shapley_islands | Computing V_full over all 15 source islands...
2026-03-04 19:03:51 | INFO | src.tmc_shapley_islands | V_full = 0.2138
2026-03-04 19:03:51 | INFO | src.tmc_shapley_islands | TMC head-start: loaded 20 completed permutations from state outputs/tmc_shapley_sweep_all_traits/cache/tarsus/tmc_perm_state_target_5_seed_850770640.json
2026-03-04 19:04:39 | INFO | src.tmc_shapley_islands | TMC progress: 24/40 permutations done, cache hit rate: 23.0%, n_evals: 47
2026-03-04 19:06:22 | INFO | src.tmc_shapley_islands | TMC progress: 32/40 permutations done, cache hit rate: 26.0%, n_evals: 134
2026-03-04 19:08:12 | INFO | src.tmc_shapley_islands | TMC progress: 40/40 permutations done, cache hit rate: 23.3%, n_evals: 231
2026-03-04 19:08:12 | INFO | src.tmc_shapley_islands | TMC complete: 40 permutations, 0 truncated, 231 utility evals, cache hit rate: 23.3%
2026-03-04 19:08:12 | INFO | src.tmc_shapley_islands | Shapley values (phi, computed on cal set):
2026-03-04 19:08:12 | INFO | src.tmc_shapley_islands |   Nesøy: phi=0.010949, phi/n=0.00009358
2026-03-04 19:08:12 | INFO | src.tmc_shapley_islands |   Myken: phi=0.003832, phi/n=0.00004165
2026-03-04 19:08:12 | INFO | src.tmc_shapley_islands |   Træna: phi=0.153914, phi/n=0.00053816
2026-03-04 19:08:12 | INFO | src.tmc_shapley_islands |   Selvær: phi=0.081054, phi/n=0.00041780
2026-03-04 19:08:12 | INFO | src.tmc_shapley_islands |   Gjerøy: phi=0.164235, phi/n=0.00029592
2026-03-04 19:08:12 | INFO | src.tmc_shapley_islands |   Indre Kvarøy: phi=-0.220674, phi/n=-0.00063412
2026-03-04 19:08:12 | INFO | src.tmc_shapley_islands |   Onøy og Lurøy: phi=-0.005258, phi/n=-0.00002046
2026-03-04 19:08:12 | INFO | src.tmc_shapley_islands |   Lovund: phi=-0.042783, phi/n=-0.00028146
2026-03-04 19:08:12 | INFO | src.tmc_shapley_islands |   Sleneset: phi=0.037151, phi/n=0.00022792
2026-03-04 19:08:12 | INFO | src.tmc_shapley_islands |   Aldra: phi=-0.096174, phi/n=-0.00055592
2026-03-04 19:08:12 | INFO | src.tmc_shapley_islands |   Southern 1: phi=0.036646, phi/n=0.00006286
2026-03-04 19:08:12 | INFO | src.tmc_shapley_islands |   Southern 2: phi=0.118402, phi/n=0.00029900
2026-03-04 19:08:12 | INFO | src.tmc_shapley_islands |   Southern 3: phi=0.047319, phi/n=0.00008116
2026-03-04 19:08:12 | INFO | src.tmc_shapley_islands |   Southern 4: phi=-0.111266, phi/n=-0.00022894
2026-03-04 19:08:12 | INFO | src.tmc_shapley_islands |   Southern 5: phi=0.036495, phi/n=0.00018067
2026-03-04 19:08:12 | INFO | src.tmc_shapley_islands | Curve retraining early stopping: enabled=True, patience=20
2026-03-04 19:08:12 | INFO | src.tmc_shapley_islands | Computing add-islands curve (evaluated on test set)...
2026-03-04 19:08:12 | INFO | src.tmc_shapley_islands | Add-curve (mean): 1 islands, n=286 -> corr=0.0541
2026-03-04 19:08:12 | INFO | src.tmc_shapley_islands | Add-curve (mean): 2 islands, n=480 -> corr=0.0569
2026-03-04 19:08:13 | INFO | src.tmc_shapley_islands | Add-curve (mean): 3 islands, n=876 -> corr=0.0423
2026-03-04 19:08:13 | INFO | src.tmc_shapley_islands | Add-curve (mean): 4 islands, n=1431 -> corr=0.1281
2026-03-04 19:08:14 | INFO | src.tmc_shapley_islands | Add-curve (mean): 5 islands, n=1594 -> corr=0.1447
2026-03-04 19:08:15 | INFO | src.tmc_shapley_islands | Add-curve (mean): 6 islands, n=1796 -> corr=0.1412
2026-03-04 19:08:16 | INFO | src.tmc_shapley_islands | Add-curve (mean): 7 islands, n=1913 -> corr=0.1543
2026-03-04 19:08:17 | INFO | src.tmc_shapley_islands | Add-curve (mean): 8 islands, n=2496 -> corr=0.1524
2026-03-04 19:08:18 | INFO | src.tmc_shapley_islands | Add-curve (mean): 9 islands, n=3079 -> corr=0.1474
2026-03-04 19:08:19 | INFO | src.tmc_shapley_islands | Add-curve (mean): 10 islands, n=3171 -> corr=0.1627
2026-03-04 19:08:21 | INFO | src.tmc_shapley_islands | Add-curve (mean): 11 islands, n=3428 -> corr=0.1761
2026-03-04 19:08:22 | INFO | src.tmc_shapley_islands | Add-curve (mean): 12 islands, n=3914 -> corr=0.1756
2026-03-04 19:08:24 | INFO | src.tmc_shapley_islands | Add-curve (mean): 13 islands, n=4066 -> corr=0.1810
2026-03-04 19:08:26 | INFO | src.tmc_shapley_islands | Add-curve (mean): 14 islands, n=4239 -> corr=0.1796
2026-03-04 19:08:29 | INFO | src.tmc_shapley_islands | Add-curve (mean): 15 islands, n=4587 -> corr=0.2205
2026-03-04 19:08:42 | INFO | src.tmc_shapley_islands | Random individual add-curve (seed=0) complete
2026-03-04 19:08:54 | INFO | src.tmc_shapley_islands | Random individual add-curve (seed=1) complete
2026-03-04 19:09:06 | INFO | src.tmc_shapley_islands | Random individual add-curve (seed=2) complete
2026-03-04 19:09:18 | INFO | src.tmc_shapley_islands | Random individual add-curve (seed=3) complete
2026-03-04 19:09:30 | INFO | src.tmc_shapley_islands | Random individual add-curve (seed=4) complete
2026-03-04 19:09:30 | INFO | src.tmc_shapley_islands | Building mirrored remove-islands curve from add-islands curve...
2026-03-04 19:09:30 | INFO | src.tmc_shapley_islands | Saved Shapley values to outputs/tmc_shapley_sweep_all_traits/shards/shard_010/tarsus/tmp/shapley_island_values_target_5.csv
2026-03-04 19:09:30 | INFO | src.tmc_shapley_islands | Saved summary to outputs/tmc_shapley_sweep_all_traits/shards/shard_010/tarsus/tmp/tmc_summary_target_5.json
2026-03-04 19:09:30 | INFO | src.tmc_shapley_islands | Saved intermediate ranking trace to outputs/tmc_shapley_sweep_all_traits/shards/shard_010/tarsus/tmp/tmc_intermediate_rankings_target_5.csv
2026-03-04 19:09:30 | INFO | src.tmc_shapley_islands | Saved add-curve to outputs/tmc_shapley_sweep_all_traits/shards/shard_010/tarsus/tmp/add_curve_target_5.csv
2026-03-04 19:09:30 | INFO | src.tmc_shapley_islands | Saved remove-curve to outputs/tmc_shapley_sweep_all_traits/shards/shard_010/tarsus/tmp/remove_curve_target_5.csv
2026-03-04 19:09:31 | INFO | src.tmc_shapley_islands | Saved bar plot to outputs/tmc_shapley_sweep_all_traits/shards/shard_010/tarsus/tmp/shapley_bar_target_5.png
2026-03-04 19:09:31 | INFO | src.tmc_shapley_islands | Saved add-curve plot to outputs/tmc_shapley_sweep_all_traits/shards/shard_010/tarsus/tmp/add_curve_target_5.png
2026-03-04 19:09:32 | INFO | src.tmc_shapley_islands | Saved remove-curve plot to outputs/tmc_shapley_sweep_all_traits/shards/shard_010/tarsus/tmp/remove_curve_target_5.png
2026-03-04 19:09:32 | INFO | __main__ | Shard 10/30 trait=tarsus progress 34/75 | target=5 n_cal_samples=20 perm=80 repeat=3
2026-03-04 19:09:32 | INFO | src.tmc_shapley_islands | [Shapley] Target island: 5 (Hestmannøy), source islands: 15
2026-03-04 19:09:33 | INFO | src.tmc_shapley_islands | Data: source=4587 (across 15 islands), cal=20, test=913
2026-03-04 19:09:33 | INFO | src.tmc_shapley_islands | SNP selection: using fixed precomputed subset (n=20000)
2026-03-04 19:09:33 | INFO | src.tmc_shapley_islands | Island counts (capped to None in training):
  Nesøy: n=117
  Myken: n=92
  Træna: n=286
  Selvær: n=194
  Gjerøy: n=555
  Indre Kvarøy: n=348
  Onøy og Lurøy: n=257
  Lovund: n=152
  Sleneset: n=163
  Aldra: n=173
  Southern 1: n=583
  Southern 2: n=396
  Southern 3: n=583
  Southern 4: n=486
  Southern 5: n=202
2026-03-04 19:09:33 | INFO | src.tmc_shapley_islands | Loaded 493 cached utilities from outputs/tmc_shapley_sweep_all_traits/cache/tarsus/utility_cache_target_5_seed_850770640.json
2026-03-04 19:09:33 | INFO | src.tmc_shapley_islands | Running TMC-Shapley with 80 permutations (utility on cal set)...
2026-03-04 19:09:33 | INFO | src.tmc_shapley_islands | Computing V_full over all 15 source islands...
2026-03-04 19:09:33 | INFO | src.tmc_shapley_islands | V_full = 0.2138
2026-03-04 19:09:33 | INFO | src.tmc_shapley_islands | TMC head-start: loaded 40 completed permutations from state outputs/tmc_shapley_sweep_all_traits/cache/tarsus/tmc_perm_state_target_5_seed_850770640.json
2026-03-04 19:11:06 | INFO | src.tmc_shapley_islands | TMC progress: 48/80 permutations done, cache hit rate: 24.8%, n_evals: 91
2026-03-04 19:14:02 | INFO | src.tmc_shapley_islands | TMC progress: 64/80 permutations done, cache hit rate: 26.6%, n_evals: 265
2026-03-04 19:17:07 | INFO | src.tmc_shapley_islands | TMC progress: 80/80 permutations done, cache hit rate: 27.6%, n_evals: 435
2026-03-04 19:17:07 | INFO | src.tmc_shapley_islands | TMC complete: 80 permutations, 0 truncated, 435 utility evals, cache hit rate: 27.6%
2026-03-04 19:17:07 | INFO | src.tmc_shapley_islands | Shapley values (phi, computed on cal set):
2026-03-04 19:17:07 | INFO | src.tmc_shapley_islands |   Nesøy: phi=0.012991, phi/n=0.00011104
2026-03-04 19:17:07 | INFO | src.tmc_shapley_islands |   Myken: phi=0.002020, phi/n=0.00002196
2026-03-04 19:17:07 | INFO | src.tmc_shapley_islands |   Træna: phi=0.148753, phi/n=0.00052011
2026-03-04 19:17:07 | INFO | src.tmc_shapley_islands |   Selvær: phi=0.099206, phi/n=0.00051137
2026-03-04 19:17:07 | INFO | src.tmc_shapley_islands |   Gjerøy: phi=0.171399, phi/n=0.00030883
2026-03-04 19:17:07 | INFO | src.tmc_shapley_islands |   Indre Kvarøy: phi=-0.233531, phi/n=-0.00067107
2026-03-04 19:17:07 | INFO | src.tmc_shapley_islands |   Onøy og Lurøy: phi=-0.011395, phi/n=-0.00004434
2026-03-04 19:17:07 | INFO | src.tmc_shapley_islands |   Lovund: phi=-0.039931, phi/n=-0.00026271
2026-03-04 19:17:07 | INFO | src.tmc_shapley_islands |   Sleneset: phi=0.039524, phi/n=0.00024248
2026-03-04 19:17:07 | INFO | src.tmc_shapley_islands |   Aldra: phi=-0.102539, phi/n=-0.00059271
2026-03-04 19:17:07 | INFO | src.tmc_shapley_islands |   Southern 1: phi=0.033423, phi/n=0.00005733
2026-03-04 19:17:07 | INFO | src.tmc_shapley_islands |   Southern 2: phi=0.131850, phi/n=0.00033295
2026-03-04 19:17:07 | INFO | src.tmc_shapley_islands |   Southern 3: phi=0.044364, phi/n=0.00007610
2026-03-04 19:17:07 | INFO | src.tmc_shapley_islands |   Southern 4: phi=-0.115981, phi/n=-0.00023864
2026-03-04 19:17:07 | INFO | src.tmc_shapley_islands |   Southern 5: phi=0.033690, phi/n=0.00016678
2026-03-04 19:17:07 | INFO | src.tmc_shapley_islands | Curve retraining early stopping: enabled=True, patience=20
2026-03-04 19:17:07 | INFO | src.tmc_shapley_islands | Computing add-islands curve (evaluated on test set)...
2026-03-04 19:17:07 | INFO | src.tmc_shapley_islands | Add-curve (mean): 1 islands, n=286 -> corr=0.0541
2026-03-04 19:17:08 | INFO | src.tmc_shapley_islands | Add-curve (mean): 2 islands, n=480 -> corr=0.0569
2026-03-04 19:17:08 | INFO | src.tmc_shapley_islands | Add-curve (mean): 3 islands, n=876 -> corr=0.0423
2026-03-04 19:17:09 | INFO | src.tmc_shapley_islands | Add-curve (mean): 4 islands, n=1431 -> corr=0.1281
2026-03-04 19:17:09 | INFO | src.tmc_shapley_islands | Add-curve (mean): 5 islands, n=1594 -> corr=0.1447
2026-03-04 19:17:10 | INFO | src.tmc_shapley_islands | Add-curve (mean): 6 islands, n=1796 -> corr=0.1412
2026-03-04 19:17:11 | INFO | src.tmc_shapley_islands | Add-curve (mean): 7 islands, n=1913 -> corr=0.1543
2026-03-04 19:17:12 | INFO | src.tmc_shapley_islands | Add-curve (mean): 8 islands, n=2496 -> corr=0.1524
2026-03-04 19:17:13 | INFO | src.tmc_shapley_islands | Add-curve (mean): 9 islands, n=3079 -> corr=0.1474
2026-03-04 19:17:15 | INFO | src.tmc_shapley_islands | Add-curve (mean): 10 islands, n=3171 -> corr=0.1627
2026-03-04 19:17:16 | INFO | src.tmc_shapley_islands | Add-curve (mean): 11 islands, n=3428 -> corr=0.1761
2026-03-04 19:17:18 | INFO | src.tmc_shapley_islands | Add-curve (mean): 12 islands, n=3914 -> corr=0.1756
2026-03-04 19:17:19 | INFO | src.tmc_shapley_islands | Add-curve (mean): 13 islands, n=4066 -> corr=0.1810
2026-03-04 19:17:21 | INFO | src.tmc_shapley_islands | Add-curve (mean): 14 islands, n=4239 -> corr=0.1796
2026-03-04 19:17:24 | INFO | src.tmc_shapley_islands | Add-curve (mean): 15 islands, n=4587 -> corr=0.2205
2026-03-04 19:17:38 | INFO | src.tmc_shapley_islands | Random individual add-curve (seed=0) complete
2026-03-04 19:17:51 | INFO | src.tmc_shapley_islands | Random individual add-curve (seed=1) complete
2026-03-04 19:18:03 | INFO | src.tmc_shapley_islands | Random individual add-curve (seed=2) complete
2026-03-04 19:18:15 | INFO | src.tmc_shapley_islands | Random individual add-curve (seed=3) complete
2026-03-04 19:18:27 | INFO | src.tmc_shapley_islands | Random individual add-curve (seed=4) complete
2026-03-04 19:18:27 | INFO | src.tmc_shapley_islands | Building mirrored remove-islands curve from add-islands curve...
2026-03-04 19:18:27 | INFO | src.tmc_shapley_islands | Saved Shapley values to outputs/tmc_shapley_sweep_all_traits/shards/shard_010/tarsus/tmp/shapley_island_values_target_5.csv
2026-03-04 19:18:27 | INFO | src.tmc_shapley_islands | Saved summary to outputs/tmc_shapley_sweep_all_traits/shards/shard_010/tarsus/tmp/tmc_summary_target_5.json
2026-03-04 19:18:27 | INFO | src.tmc_shapley_islands | Saved intermediate ranking trace to outputs/tmc_shapley_sweep_all_traits/shards/shard_010/tarsus/tmp/tmc_intermediate_rankings_target_5.csv
2026-03-04 19:18:27 | INFO | src.tmc_shapley_islands | Saved add-curve to outputs/tmc_shapley_sweep_all_traits/shards/shard_010/tarsus/tmp/add_curve_target_5.csv
2026-03-04 19:18:27 | INFO | src.tmc_shapley_islands | Saved remove-curve to outputs/tmc_shapley_sweep_all_traits/shards/shard_010/tarsus/tmp/remove_curve_target_5.csv
2026-03-04 19:18:27 | INFO | src.tmc_shapley_islands | Saved bar plot to outputs/tmc_shapley_sweep_all_traits/shards/shard_010/tarsus/tmp/shapley_bar_target_5.png
2026-03-04 19:18:27 | INFO | src.tmc_shapley_islands | Saved add-curve plot to outputs/tmc_shapley_sweep_all_traits/shards/shard_010/tarsus/tmp/add_curve_target_5.png
2026-03-04 19:18:28 | INFO | src.tmc_shapley_islands | Saved remove-curve plot to outputs/tmc_shapley_sweep_all_traits/shards/shard_010/tarsus/tmp/remove_curve_target_5.png
2026-03-04 19:18:28 | INFO | __main__ | Shard 10/30 trait=tarsus progress 35/75 | target=5 n_cal_samples=20 perm=150 repeat=3
2026-03-04 19:18:28 | INFO | src.tmc_shapley_islands | [Shapley] Target island: 5 (Hestmannøy), source islands: 15
2026-03-04 19:18:29 | INFO | src.tmc_shapley_islands | Data: source=4587 (across 15 islands), cal=20, test=913
2026-03-04 19:18:29 | INFO | src.tmc_shapley_islands | SNP selection: using fixed precomputed subset (n=20000)
2026-03-04 19:18:29 | INFO | src.tmc_shapley_islands | Island counts (capped to None in training):
  Nesøy: n=117
  Myken: n=92
  Træna: n=286
  Selvær: n=194
  Gjerøy: n=555
  Indre Kvarøy: n=348
  Onøy og Lurøy: n=257
  Lovund: n=152
  Sleneset: n=163
  Aldra: n=173
  Southern 1: n=583
  Southern 2: n=396
  Southern 3: n=583
  Southern 4: n=486
  Southern 5: n=202
2026-03-04 19:18:29 | INFO | src.tmc_shapley_islands | Loaded 928 cached utilities from outputs/tmc_shapley_sweep_all_traits/cache/tarsus/utility_cache_target_5_seed_850770640.json
2026-03-04 19:18:29 | INFO | src.tmc_shapley_islands | Running TMC-Shapley with 150 permutations (utility on cal set)...
2026-03-04 19:18:29 | INFO | src.tmc_shapley_islands | Computing V_full over all 15 source islands...
2026-03-04 19:18:29 | INFO | src.tmc_shapley_islands | V_full = 0.2138
2026-03-04 19:18:29 | INFO | src.tmc_shapley_islands | TMC head-start: loaded 80 completed permutations from state outputs/tmc_shapley_sweep_all_traits/cache/tarsus/tmc_perm_state_target_5_seed_850770640.json
2026-03-04 19:20:22 | INFO | src.tmc_shapley_islands | TMC progress: 90/150 permutations done, cache hit rate: 31.1%, n_evals: 104
2026-03-04 19:25:48 | INFO | src.tmc_shapley_islands | TMC progress: 120/150 permutations done, cache hit rate: 32.4%, n_evals: 406
2026-03-04 19:31:31 | INFO | src.tmc_shapley_islands | TMC progress: 150/150 permutations done, cache hit rate: 34.0%, n_evals: 694
2026-03-04 19:31:31 | INFO | src.tmc_shapley_islands | TMC complete: 150 permutations, 0 truncated, 694 utility evals, cache hit rate: 34.0%
2026-03-04 19:31:31 | INFO | src.tmc_shapley_islands | Shapley values (phi, computed on cal set):
2026-03-04 19:31:31 | INFO | src.tmc_shapley_islands |   Nesøy: phi=0.013110, phi/n=0.00011205
2026-03-04 19:31:31 | INFO | src.tmc_shapley_islands |   Myken: phi=0.001780, phi/n=0.00001935
2026-03-04 19:31:31 | INFO | src.tmc_shapley_islands |   Træna: phi=0.158753, phi/n=0.00055508
2026-03-04 19:31:31 | INFO | src.tmc_shapley_islands |   Selvær: phi=0.104512, phi/n=0.00053872
2026-03-04 19:31:31 | INFO | src.tmc_shapley_islands |   Gjerøy: phi=0.171066, phi/n=0.00030823
2026-03-04 19:31:31 | INFO | src.tmc_shapley_islands |   Indre Kvarøy: phi=-0.255644, phi/n=-0.00073461
2026-03-04 19:31:31 | INFO | src.tmc_shapley_islands |   Onøy og Lurøy: phi=-0.010901, phi/n=-0.00004242
2026-03-04 19:31:31 | INFO | src.tmc_shapley_islands |   Lovund: phi=-0.038112, phi/n=-0.00025073
2026-03-04 19:31:31 | INFO | src.tmc_shapley_islands |   Sleneset: phi=0.040050, phi/n=0.00024571
2026-03-04 19:31:31 | INFO | src.tmc_shapley_islands |   Aldra: phi=-0.095055, phi/n=-0.00054945
2026-03-04 19:31:31 | INFO | src.tmc_shapley_islands |   Southern 1: phi=0.037362, phi/n=0.00006409
2026-03-04 19:31:31 | INFO | src.tmc_shapley_islands |   Southern 2: phi=0.123753, phi/n=0.00031251
2026-03-04 19:31:31 | INFO | src.tmc_shapley_islands |   Southern 3: phi=0.043444, phi/n=0.00007452
2026-03-04 19:31:31 | INFO | src.tmc_shapley_islands |   Southern 4: phi=-0.117855, phi/n=-0.00024250
2026-03-04 19:31:31 | INFO | src.tmc_shapley_islands |   Southern 5: phi=0.037578, phi/n=0.00018603
2026-03-04 19:31:31 | INFO | src.tmc_shapley_islands | Curve retraining early stopping: enabled=True, patience=20
2026-03-04 19:31:31 | INFO | src.tmc_shapley_islands | Computing add-islands curve (evaluated on test set)...
2026-03-04 19:31:31 | INFO | src.tmc_shapley_islands | Add-curve (mean): 1 islands, n=286 -> corr=0.0541
2026-03-04 19:31:32 | INFO | src.tmc_shapley_islands | Add-curve (mean): 2 islands, n=480 -> corr=0.0569
2026-03-04 19:31:32 | INFO | src.tmc_shapley_islands | Add-curve (mean): 3 islands, n=876 -> corr=0.0423
2026-03-04 19:31:33 | INFO | src.tmc_shapley_islands | Add-curve (mean): 4 islands, n=1431 -> corr=0.1281
2026-03-04 19:31:33 | INFO | src.tmc_shapley_islands | Add-curve (mean): 5 islands, n=1594 -> corr=0.1447
2026-03-04 19:31:34 | INFO | src.tmc_shapley_islands | Add-curve (mean): 6 islands, n=1796 -> corr=0.1412
2026-03-04 19:31:35 | INFO | src.tmc_shapley_islands | Add-curve (mean): 7 islands, n=1913 -> corr=0.1543
2026-03-04 19:31:36 | INFO | src.tmc_shapley_islands | Add-curve (mean): 8 islands, n=2496 -> corr=0.1524
2026-03-04 19:31:39 | INFO | src.tmc_shapley_islands | Add-curve (mean): 9 islands, n=3079 -> corr=0.1474
2026-03-04 19:31:40 | INFO | src.tmc_shapley_islands | Add-curve (mean): 10 islands, n=3171 -> corr=0.1627
2026-03-04 19:31:41 | INFO | src.tmc_shapley_islands | Add-curve (mean): 11 islands, n=3428 -> corr=0.1761
2026-03-04 19:31:45 | INFO | src.tmc_shapley_islands | Add-curve (mean): 12 islands, n=3914 -> corr=0.1756
2026-03-04 19:31:46 | INFO | src.tmc_shapley_islands | Add-curve (mean): 13 islands, n=4066 -> corr=0.1810
2026-03-04 19:31:48 | INFO | src.tmc_shapley_islands | Add-curve (mean): 14 islands, n=4239 -> corr=0.1796
2026-03-04 19:31:50 | INFO | src.tmc_shapley_islands | Add-curve (mean): 15 islands, n=4587 -> corr=0.2205
2026-03-04 19:32:03 | INFO | src.tmc_shapley_islands | Random individual add-curve (seed=0) complete
2026-03-04 19:32:18 | INFO | src.tmc_shapley_islands | Random individual add-curve (seed=1) complete
2026-03-04 19:32:31 | INFO | src.tmc_shapley_islands | Random individual add-curve (seed=2) complete
2026-03-04 19:32:51 | INFO | src.tmc_shapley_islands | Random individual add-curve (seed=3) complete
2026-03-04 19:33:03 | INFO | src.tmc_shapley_islands | Random individual add-curve (seed=4) complete
2026-03-04 19:33:03 | INFO | src.tmc_shapley_islands | Building mirrored remove-islands curve from add-islands curve...
2026-03-04 19:33:03 | INFO | src.tmc_shapley_islands | Saved Shapley values to outputs/tmc_shapley_sweep_all_traits/shards/shard_010/tarsus/tmp/shapley_island_values_target_5.csv
2026-03-04 19:33:03 | INFO | src.tmc_shapley_islands | Saved summary to outputs/tmc_shapley_sweep_all_traits/shards/shard_010/tarsus/tmp/tmc_summary_target_5.json
2026-03-04 19:33:03 | INFO | src.tmc_shapley_islands | Saved intermediate ranking trace to outputs/tmc_shapley_sweep_all_traits/shards/shard_010/tarsus/tmp/tmc_intermediate_rankings_target_5.csv
2026-03-04 19:33:03 | INFO | src.tmc_shapley_islands | Saved add-curve to outputs/tmc_shapley_sweep_all_traits/shards/shard_010/tarsus/tmp/add_curve_target_5.csv
2026-03-04 19:33:03 | INFO | src.tmc_shapley_islands | Saved remove-curve to outputs/tmc_shapley_sweep_all_traits/shards/shard_010/tarsus/tmp/remove_curve_target_5.csv
2026-03-04 19:33:04 | INFO | src.tmc_shapley_islands | Saved bar plot to outputs/tmc_shapley_sweep_all_traits/shards/shard_010/tarsus/tmp/shapley_bar_target_5.png
2026-03-04 19:33:04 | INFO | src.tmc_shapley_islands | Saved add-curve plot to outputs/tmc_shapley_sweep_all_traits/shards/shard_010/tarsus/tmp/add_curve_target_5.png
2026-03-04 19:33:05 | INFO | src.tmc_shapley_islands | Saved remove-curve plot to outputs/tmc_shapley_sweep_all_traits/shards/shard_010/tarsus/tmp/remove_curve_target_5.png
2026-03-04 19:33:05 | INFO | __main__ | Shard 10/30 trait=tarsus progress 36/75 | target=5 n_cal_samples=40 perm=10 repeat=3
2026-03-04 19:33:05 | INFO | src.tmc_shapley_islands | [Shapley] Target island: 5 (Hestmannøy), source islands: 15
2026-03-04 19:33:05 | INFO | src.tmc_shapley_islands | Data: source=4587 (across 15 islands), cal=40, test=913
2026-03-04 19:33:05 | INFO | src.tmc_shapley_islands | SNP selection: using fixed precomputed subset (n=20000)
2026-03-04 19:33:05 | INFO | src.tmc_shapley_islands | Island counts (capped to None in training):
  Nesøy: n=117
  Myken: n=92
  Træna: n=286
  Selvær: n=194
  Gjerøy: n=555
  Indre Kvarøy: n=348
  Onøy og Lurøy: n=257
  Lovund: n=152
  Sleneset: n=163
  Aldra: n=173
  Southern 1: n=583
  Southern 2: n=396
  Southern 3: n=583
  Southern 4: n=486
  Southern 5: n=202
2026-03-04 19:33:05 | INFO | src.tmc_shapley_islands | Running TMC-Shapley with 10 permutations (utility on cal set)...
2026-03-04 19:33:05 | INFO | src.tmc_shapley_islands | Computing V_full over all 15 source islands...
2026-03-04 19:33:07 | INFO | src.tmc_shapley_islands | V_full = 0.5951
2026-03-04 19:33:38 | INFO | src.tmc_shapley_islands | TMC progress: 2/10 permutations done, cache hit rate: 6.5%, n_evals: 29
2026-03-04 19:34:09 | INFO | src.tmc_shapley_islands | TMC progress: 4/10 permutations done, cache hit rate: 8.2%, n_evals: 56
2026-03-04 19:34:48 | INFO | src.tmc_shapley_islands | TMC progress: 6/10 permutations done, cache hit rate: 7.7%, n_evals: 84
2026-03-04 19:35:24 | INFO | src.tmc_shapley_islands | TMC progress: 8/10 permutations done, cache hit rate: 8.3%, n_evals: 111
2026-03-04 19:35:53 | INFO | src.tmc_shapley_islands | TMC progress: 10/10 permutations done, cache hit rate: 8.6%, n_evals: 138
2026-03-04 19:35:53 | INFO | src.tmc_shapley_islands | TMC complete: 10 permutations, 0 truncated, 138 utility evals, cache hit rate: 8.6%
2026-03-04 19:35:53 | INFO | src.tmc_shapley_islands | Shapley values (phi, computed on cal set):
2026-03-04 19:35:53 | INFO | src.tmc_shapley_islands |   Nesøy: phi=0.025261, phi/n=0.00021590
2026-03-04 19:35:53 | INFO | src.tmc_shapley_islands |   Myken: phi=0.079157, phi/n=0.00086040
2026-03-04 19:35:53 | INFO | src.tmc_shapley_islands |   Træna: phi=0.041128, phi/n=0.00014380
2026-03-04 19:35:53 | INFO | src.tmc_shapley_islands |   Selvær: phi=-0.026447, phi/n=-0.00013633
2026-03-04 19:35:53 | INFO | src.tmc_shapley_islands |   Gjerøy: phi=0.342403, phi/n=0.00061694
2026-03-04 19:35:53 | INFO | src.tmc_shapley_islands |   Indre Kvarøy: phi=0.015376, phi/n=0.00004418
2026-03-04 19:35:53 | INFO | src.tmc_shapley_islands |   Onøy og Lurøy: phi=0.119158, phi/n=0.00046365
2026-03-04 19:35:53 | INFO | src.tmc_shapley_islands |   Lovund: phi=0.124812, phi/n=0.00082113
2026-03-04 19:35:53 | INFO | src.tmc_shapley_islands |   Sleneset: phi=0.025110, phi/n=0.00015405
2026-03-04 19:35:53 | INFO | src.tmc_shapley_islands |   Aldra: phi=0.016663, phi/n=0.00009632
2026-03-04 19:35:53 | INFO | src.tmc_shapley_islands |   Southern 1: phi=-0.017784, phi/n=-0.00003050
2026-03-04 19:35:53 | INFO | src.tmc_shapley_islands |   Southern 2: phi=-0.072742, phi/n=-0.00018369
2026-03-04 19:35:53 | INFO | src.tmc_shapley_islands |   Southern 3: phi=0.006307, phi/n=0.00001082
2026-03-04 19:35:53 | INFO | src.tmc_shapley_islands |   Southern 4: phi=-0.069597, phi/n=-0.00014320
2026-03-04 19:35:53 | INFO | src.tmc_shapley_islands |   Southern 5: phi=-0.013683, phi/n=-0.00006774
2026-03-04 19:35:53 | INFO | src.tmc_shapley_islands | Curve retraining early stopping: enabled=True, patience=20
2026-03-04 19:35:53 | INFO | src.tmc_shapley_islands | Computing add-islands curve (evaluated on test set)...
2026-03-04 19:35:53 | INFO | src.tmc_shapley_islands | Add-curve (mean): 1 islands, n=92 -> corr=0.0744
2026-03-04 19:35:53 | INFO | src.tmc_shapley_islands | Add-curve (mean): 2 islands, n=244 -> corr=0.0914
2026-03-04 19:35:54 | INFO | src.tmc_shapley_islands | Add-curve (mean): 3 islands, n=799 -> corr=0.1796
2026-03-04 19:35:54 | INFO | src.tmc_shapley_islands | Add-curve (mean): 4 islands, n=1056 -> corr=0.1788
2026-03-04 19:35:55 | INFO | src.tmc_shapley_islands | Add-curve (mean): 5 islands, n=1173 -> corr=0.1836
2026-03-04 19:35:55 | INFO | src.tmc_shapley_islands | Add-curve (mean): 6 islands, n=1336 -> corr=0.1907
2026-03-04 19:35:56 | INFO | src.tmc_shapley_islands | Add-curve (mean): 7 islands, n=1622 -> corr=0.1912
2026-03-04 19:35:57 | INFO | src.tmc_shapley_islands | Add-curve (mean): 8 islands, n=1795 -> corr=0.1920
2026-03-04 19:36:00 | INFO | src.tmc_shapley_islands | Add-curve (mean): 9 islands, n=2143 -> corr=0.2267
2026-03-04 19:36:02 | INFO | src.tmc_shapley_islands | Add-curve (mean): 10 islands, n=2726 -> corr=0.2286
2026-03-04 19:36:04 | INFO | src.tmc_shapley_islands | Add-curve (mean): 11 islands, n=3309 -> corr=0.2183
2026-03-04 19:36:05 | INFO | src.tmc_shapley_islands | Add-curve (mean): 12 islands, n=3511 -> corr=0.2197
2026-03-04 19:36:07 | INFO | src.tmc_shapley_islands | Add-curve (mean): 13 islands, n=3705 -> corr=0.2219
2026-03-04 19:36:09 | INFO | src.tmc_shapley_islands | Add-curve (mean): 14 islands, n=4191 -> corr=0.2224
2026-03-04 19:36:11 | INFO | src.tmc_shapley_islands | Add-curve (mean): 15 islands, n=4587 -> corr=0.2203
2026-03-04 19:36:23 | INFO | src.tmc_shapley_islands | Random individual add-curve (seed=0) complete
2026-03-04 19:36:37 | INFO | src.tmc_shapley_islands | Random individual add-curve (seed=1) complete
2026-03-04 19:36:49 | INFO | src.tmc_shapley_islands | Random individual add-curve (seed=2) complete
2026-03-04 19:37:00 | INFO | src.tmc_shapley_islands | Random individual add-curve (seed=3) complete
2026-03-04 19:37:11 | INFO | src.tmc_shapley_islands | Random individual add-curve (seed=4) complete
2026-03-04 19:37:11 | INFO | src.tmc_shapley_islands | Building mirrored remove-islands curve from add-islands curve...
2026-03-04 19:37:11 | INFO | src.tmc_shapley_islands | Saved Shapley values to outputs/tmc_shapley_sweep_all_traits/shards/shard_010/tarsus/tmp/shapley_island_values_target_5.csv
2026-03-04 19:37:11 | INFO | src.tmc_shapley_islands | Saved summary to outputs/tmc_shapley_sweep_all_traits/shards/shard_010/tarsus/tmp/tmc_summary_target_5.json
2026-03-04 19:37:11 | INFO | src.tmc_shapley_islands | Saved intermediate ranking trace to outputs/tmc_shapley_sweep_all_traits/shards/shard_010/tarsus/tmp/tmc_intermediate_rankings_target_5.csv
2026-03-04 19:37:11 | INFO | src.tmc_shapley_islands | Saved add-curve to outputs/tmc_shapley_sweep_all_traits/shards/shard_010/tarsus/tmp/add_curve_target_5.csv
2026-03-04 19:37:11 | INFO | src.tmc_shapley_islands | Saved remove-curve to outputs/tmc_shapley_sweep_all_traits/shards/shard_010/tarsus/tmp/remove_curve_target_5.csv
2026-03-04 19:37:11 | INFO | src.tmc_shapley_islands | Saved bar plot to outputs/tmc_shapley_sweep_all_traits/shards/shard_010/tarsus/tmp/shapley_bar_target_5.png
2026-03-04 19:37:12 | INFO | src.tmc_shapley_islands | Saved add-curve plot to outputs/tmc_shapley_sweep_all_traits/shards/shard_010/tarsus/tmp/add_curve_target_5.png
2026-03-04 19:37:12 | INFO | src.tmc_shapley_islands | Saved remove-curve plot to outputs/tmc_shapley_sweep_all_traits/shards/shard_010/tarsus/tmp/remove_curve_target_5.png
2026-03-04 19:37:12 | INFO | __main__ | Shard 10/30 trait=tarsus progress 37/75 | target=5 n_cal_samples=40 perm=20 repeat=3
2026-03-04 19:37:12 | INFO | src.tmc_shapley_islands | [Shapley] Target island: 5 (Hestmannøy), source islands: 15
2026-03-04 19:37:13 | INFO | src.tmc_shapley_islands | Data: source=4587 (across 15 islands), cal=40, test=913
2026-03-04 19:37:13 | INFO | src.tmc_shapley_islands | SNP selection: using fixed precomputed subset (n=20000)
2026-03-04 19:37:13 | INFO | src.tmc_shapley_islands | Island counts (capped to None in training):
  Nesøy: n=117
  Myken: n=92
  Træna: n=286
  Selvær: n=194
  Gjerøy: n=555
  Indre Kvarøy: n=348
  Onøy og Lurøy: n=257
  Lovund: n=152
  Sleneset: n=163
  Aldra: n=173
  Southern 1: n=583
  Southern 2: n=396
  Southern 3: n=583
  Southern 4: n=486
  Southern 5: n=202
2026-03-04 19:37:13 | INFO | src.tmc_shapley_islands | Loaded 138 cached utilities from outputs/tmc_shapley_sweep_all_traits/cache/tarsus/utility_cache_target_5_seed_618920699.json
2026-03-04 19:37:13 | INFO | src.tmc_shapley_islands | Running TMC-Shapley with 20 permutations (utility on cal set)...
2026-03-04 19:37:13 | INFO | src.tmc_shapley_islands | Computing V_full over all 15 source islands...
2026-03-04 19:37:13 | INFO | src.tmc_shapley_islands | V_full = 0.5951
2026-03-04 19:37:13 | INFO | src.tmc_shapley_islands | TMC head-start: loaded 10 completed permutations from state outputs/tmc_shapley_sweep_all_traits/cache/tarsus/tmc_perm_state_target_5_seed_618920699.json
2026-03-04 19:37:40 | INFO | src.tmc_shapley_islands | TMC progress: 12/20 permutations done, cache hit rate: 35.5%, n_evals: 20
2026-03-04 19:38:52 | INFO | src.tmc_shapley_islands | TMC progress: 16/20 permutations done, cache hit rate: 25.3%, n_evals: 68
2026-03-04 19:39:50 | INFO | src.tmc_shapley_islands | TMC progress: 20/20 permutations done, cache hit rate: 25.2%, n_evals: 113
2026-03-04 19:39:50 | INFO | src.tmc_shapley_islands | TMC complete: 20 permutations, 0 truncated, 113 utility evals, cache hit rate: 25.2%
2026-03-04 19:39:50 | INFO | src.tmc_shapley_islands | Shapley values (phi, computed on cal set):
2026-03-04 19:39:50 | INFO | src.tmc_shapley_islands |   Nesøy: phi=0.023853, phi/n=0.00020387
2026-03-04 19:39:50 | INFO | src.tmc_shapley_islands |   Myken: phi=0.070897, phi/n=0.00077061
2026-03-04 19:39:50 | INFO | src.tmc_shapley_islands |   Træna: phi=0.043763, phi/n=0.00015302
2026-03-04 19:39:50 | INFO | src.tmc_shapley_islands |   Selvær: phi=-0.029206, phi/n=-0.00015055
2026-03-04 19:39:50 | INFO | src.tmc_shapley_islands |   Gjerøy: phi=0.329706, phi/n=0.00059406
2026-03-04 19:39:50 | INFO | src.tmc_shapley_islands |   Indre Kvarøy: phi=0.011738, phi/n=0.00003373
2026-03-04 19:39:50 | INFO | src.tmc_shapley_islands |   Onøy og Lurøy: phi=0.135318, phi/n=0.00052653
2026-03-04 19:39:50 | INFO | src.tmc_shapley_islands |   Lovund: phi=0.110215, phi/n=0.00072510
2026-03-04 19:39:50 | INFO | src.tmc_shapley_islands |   Sleneset: phi=0.035969, phi/n=0.00022067
2026-03-04 19:39:50 | INFO | src.tmc_shapley_islands |   Aldra: phi=0.013190, phi/n=0.00007624
2026-03-04 19:39:50 | INFO | src.tmc_shapley_islands |   Southern 1: phi=-0.018892, phi/n=-0.00003241
2026-03-04 19:39:50 | INFO | src.tmc_shapley_islands |   Southern 2: phi=-0.061892, phi/n=-0.00015629
2026-03-04 19:39:50 | INFO | src.tmc_shapley_islands |   Southern 3: phi=0.004731, phi/n=0.00000811
2026-03-04 19:39:50 | INFO | src.tmc_shapley_islands |   Southern 4: phi=-0.062104, phi/n=-0.00012779
2026-03-04 19:39:50 | INFO | src.tmc_shapley_islands |   Southern 5: phi=-0.012162, phi/n=-0.00006021
2026-03-04 19:39:50 | INFO | src.tmc_shapley_islands | Curve retraining early stopping: enabled=True, patience=20
2026-03-04 19:39:50 | INFO | src.tmc_shapley_islands | Computing add-islands curve (evaluated on test set)...
2026-03-04 19:39:50 | INFO | src.tmc_shapley_islands | Add-curve (mean): 1 islands, n=92 -> corr=0.0744
2026-03-04 19:39:51 | INFO | src.tmc_shapley_islands | Add-curve (mean): 2 islands, n=244 -> corr=0.0914
2026-03-04 19:39:51 | INFO | src.tmc_shapley_islands | Add-curve (mean): 3 islands, n=799 -> corr=0.1796
2026-03-04 19:39:51 | INFO | src.tmc_shapley_islands | Add-curve (mean): 4 islands, n=1056 -> corr=0.1788
2026-03-04 19:39:52 | INFO | src.tmc_shapley_islands | Add-curve (mean): 5 islands, n=1219 -> corr=0.1864
2026-03-04 19:39:53 | INFO | src.tmc_shapley_islands | Add-curve (mean): 6 islands, n=1336 -> corr=0.1907
2026-03-04 19:39:53 | INFO | src.tmc_shapley_islands | Add-curve (mean): 7 islands, n=1622 -> corr=0.1912
2026-03-04 19:39:54 | INFO | src.tmc_shapley_islands | Add-curve (mean): 8 islands, n=1795 -> corr=0.1920
2026-03-04 19:39:55 | INFO | src.tmc_shapley_islands | Add-curve (mean): 9 islands, n=2143 -> corr=0.2267
2026-03-04 19:39:56 | INFO | src.tmc_shapley_islands | Add-curve (mean): 10 islands, n=2726 -> corr=0.2286
2026-03-04 19:39:59 | INFO | src.tmc_shapley_islands | Add-curve (mean): 11 islands, n=3309 -> corr=0.2183
2026-03-04 19:40:05 | INFO | src.tmc_shapley_islands | Add-curve (mean): 12 islands, n=3511 -> corr=0.2197
2026-03-04 19:40:07 | INFO | src.tmc_shapley_islands | Add-curve (mean): 13 islands, n=3997 -> corr=0.2203
2026-03-04 19:40:09 | INFO | src.tmc_shapley_islands | Add-curve (mean): 14 islands, n=4191 -> corr=0.2224
2026-03-04 19:40:11 | INFO | src.tmc_shapley_islands | Add-curve (mean): 15 islands, n=4587 -> corr=0.2203
2026-03-04 19:40:24 | INFO | src.tmc_shapley_islands | Random individual add-curve (seed=0) complete
2026-03-04 19:40:37 | INFO | src.tmc_shapley_islands | Random individual add-curve (seed=1) complete
2026-03-04 19:40:50 | INFO | src.tmc_shapley_islands | Random individual add-curve (seed=2) complete
2026-03-04 19:41:00 | INFO | src.tmc_shapley_islands | Random individual add-curve (seed=3) complete
2026-03-04 19:41:11 | INFO | src.tmc_shapley_islands | Random individual add-curve (seed=4) complete
2026-03-04 19:41:11 | INFO | src.tmc_shapley_islands | Building mirrored remove-islands curve from add-islands curve...
2026-03-04 19:41:11 | INFO | src.tmc_shapley_islands | Saved Shapley values to outputs/tmc_shapley_sweep_all_traits/shards/shard_010/tarsus/tmp/shapley_island_values_target_5.csv
2026-03-04 19:41:11 | INFO | src.tmc_shapley_islands | Saved summary to outputs/tmc_shapley_sweep_all_traits/shards/shard_010/tarsus/tmp/tmc_summary_target_5.json
2026-03-04 19:41:11 | INFO | src.tmc_shapley_islands | Saved intermediate ranking trace to outputs/tmc_shapley_sweep_all_traits/shards/shard_010/tarsus/tmp/tmc_intermediate_rankings_target_5.csv
2026-03-04 19:41:11 | INFO | src.tmc_shapley_islands | Saved add-curve to outputs/tmc_shapley_sweep_all_traits/shards/shard_010/tarsus/tmp/add_curve_target_5.csv
2026-03-04 19:41:11 | INFO | src.tmc_shapley_islands | Saved remove-curve to outputs/tmc_shapley_sweep_all_traits/shards/shard_010/tarsus/tmp/remove_curve_target_5.csv
2026-03-04 19:41:12 | INFO | src.tmc_shapley_islands | Saved bar plot to outputs/tmc_shapley_sweep_all_traits/shards/shard_010/tarsus/tmp/shapley_bar_target_5.png
2026-03-04 19:41:12 | INFO | src.tmc_shapley_islands | Saved add-curve plot to outputs/tmc_shapley_sweep_all_traits/shards/shard_010/tarsus/tmp/add_curve_target_5.png
2026-03-04 19:41:13 | INFO | src.tmc_shapley_islands | Saved remove-curve plot to outputs/tmc_shapley_sweep_all_traits/shards/shard_010/tarsus/tmp/remove_curve_target_5.png
2026-03-04 19:41:13 | INFO | __main__ | Shard 10/30 trait=tarsus progress 38/75 | target=5 n_cal_samples=40 perm=40 repeat=3
2026-03-04 19:41:13 | INFO | src.tmc_shapley_islands | [Shapley] Target island: 5 (Hestmannøy), source islands: 15
2026-03-04 19:41:13 | INFO | src.tmc_shapley_islands | Data: source=4587 (across 15 islands), cal=40, test=913
2026-03-04 19:41:13 | INFO | src.tmc_shapley_islands | SNP selection: using fixed precomputed subset (n=20000)
2026-03-04 19:41:13 | INFO | src.tmc_shapley_islands | Island counts (capped to None in training):
  Nesøy: n=117
  Myken: n=92
  Træna: n=286
  Selvær: n=194
  Gjerøy: n=555
  Indre Kvarøy: n=348
  Onøy og Lurøy: n=257
  Lovund: n=152
  Sleneset: n=163
  Aldra: n=173
  Southern 1: n=583
  Southern 2: n=396
  Southern 3: n=583
  Southern 4: n=486
  Southern 5: n=202
2026-03-04 19:41:13 | INFO | src.tmc_shapley_islands | Loaded 251 cached utilities from outputs/tmc_shapley_sweep_all_traits/cache/tarsus/utility_cache_target_5_seed_618920699.json
2026-03-04 19:41:13 | INFO | src.tmc_shapley_islands | Running TMC-Shapley with 40 permutations (utility on cal set)...
2026-03-04 19:41:13 | INFO | src.tmc_shapley_islands | Computing V_full over all 15 source islands...
2026-03-04 19:41:13 | INFO | src.tmc_shapley_islands | V_full = 0.5951
2026-03-04 19:41:13 | INFO | src.tmc_shapley_islands | TMC head-start: loaded 20 completed permutations from state outputs/tmc_shapley_sweep_all_traits/cache/tarsus/tmc_perm_state_target_5_seed_618920699.json
2026-03-04 19:42:04 | INFO | src.tmc_shapley_islands | TMC progress: 24/40 permutations done, cache hit rate: 19.7%, n_evals: 49
2026-03-04 19:43:42 | INFO | src.tmc_shapley_islands | TMC progress: 32/40 permutations done, cache hit rate: 22.7%, n_evals: 140
2026-03-04 19:45:36 | INFO | src.tmc_shapley_islands | TMC progress: 40/40 permutations done, cache hit rate: 22.6%, n_evals: 233
2026-03-04 19:45:36 | INFO | src.tmc_shapley_islands | TMC complete: 40 permutations, 0 truncated, 233 utility evals, cache hit rate: 22.6%
2026-03-04 19:45:36 | INFO | src.tmc_shapley_islands | Shapley values (phi, computed on cal set):
2026-03-04 19:45:36 | INFO | src.tmc_shapley_islands |   Nesøy: phi=0.016071, phi/n=0.00013736
2026-03-04 19:45:36 | INFO | src.tmc_shapley_islands |   Myken: phi=0.098627, phi/n=0.00107203
2026-03-04 19:45:36 | INFO | src.tmc_shapley_islands |   Træna: phi=0.040339, phi/n=0.00014105
2026-03-04 19:45:36 | INFO | src.tmc_shapley_islands |   Selvær: phi=-0.029859, phi/n=-0.00015391
2026-03-04 19:45:36 | INFO | src.tmc_shapley_islands |   Gjerøy: phi=0.308932, phi/n=0.00055663
2026-03-04 19:45:36 | INFO | src.tmc_shapley_islands |   Indre Kvarøy: phi=0.010156, phi/n=0.00002918
2026-03-04 19:45:36 | INFO | src.tmc_shapley_islands |   Onøy og Lurøy: phi=0.134142, phi/n=0.00052196
2026-03-04 19:45:36 | INFO | src.tmc_shapley_islands |   Lovund: phi=0.116993, phi/n=0.00076969
2026-03-04 19:45:36 | INFO | src.tmc_shapley_islands |   Sleneset: phi=0.035986, phi/n=0.00022078
2026-03-04 19:45:36 | INFO | src.tmc_shapley_islands |   Aldra: phi=0.009974, phi/n=0.00005765
2026-03-04 19:45:36 | INFO | src.tmc_shapley_islands |   Southern 1: phi=-0.015609, phi/n=-0.00002677
2026-03-04 19:45:36 | INFO | src.tmc_shapley_islands |   Southern 2: phi=-0.073153, phi/n=-0.00018473
2026-03-04 19:45:36 | INFO | src.tmc_shapley_islands |   Southern 3: phi=0.008002, phi/n=0.00001373
2026-03-04 19:45:36 | INFO | src.tmc_shapley_islands |   Southern 4: phi=-0.052334, phi/n=-0.00010768
2026-03-04 19:45:36 | INFO | src.tmc_shapley_islands |   Southern 5: phi=-0.013147, phi/n=-0.00006508
2026-03-04 19:45:36 | INFO | src.tmc_shapley_islands | Curve retraining early stopping: enabled=True, patience=20
2026-03-04 19:45:36 | INFO | src.tmc_shapley_islands | Computing add-islands curve (evaluated on test set)...
2026-03-04 19:45:36 | INFO | src.tmc_shapley_islands | Add-curve (mean): 1 islands, n=92 -> corr=0.0744
2026-03-04 19:45:36 | INFO | src.tmc_shapley_islands | Add-curve (mean): 2 islands, n=244 -> corr=0.0914
2026-03-04 19:45:37 | INFO | src.tmc_shapley_islands | Add-curve (mean): 3 islands, n=799 -> corr=0.1796
2026-03-04 19:45:37 | INFO | src.tmc_shapley_islands | Add-curve (mean): 4 islands, n=1056 -> corr=0.1788
2026-03-04 19:45:38 | INFO | src.tmc_shapley_islands | Add-curve (mean): 5 islands, n=1219 -> corr=0.1864
2026-03-04 19:45:38 | INFO | src.tmc_shapley_islands | Add-curve (mean): 6 islands, n=1505 -> corr=0.1846
2026-03-04 19:45:39 | INFO | src.tmc_shapley_islands | Add-curve (mean): 7 islands, n=1622 -> corr=0.1912
2026-03-04 19:45:40 | INFO | src.tmc_shapley_islands | Add-curve (mean): 8 islands, n=1795 -> corr=0.1920
2026-03-04 19:45:42 | INFO | src.tmc_shapley_islands | Add-curve (mean): 9 islands, n=2143 -> corr=0.2267
2026-03-04 19:45:45 | INFO | src.tmc_shapley_islands | Add-curve (mean): 10 islands, n=2726 -> corr=0.2286
2026-03-04 19:45:47 | INFO | src.tmc_shapley_islands | Add-curve (mean): 11 islands, n=3309 -> corr=0.2183
2026-03-04 19:45:49 | INFO | src.tmc_shapley_islands | Add-curve (mean): 12 islands, n=3511 -> corr=0.2197
2026-03-04 19:45:51 | INFO | src.tmc_shapley_islands | Add-curve (mean): 13 islands, n=3997 -> corr=0.2203
2026-03-04 19:45:53 | INFO | src.tmc_shapley_islands | Add-curve (mean): 14 islands, n=4191 -> corr=0.2224
2026-03-04 19:45:55 | INFO | src.tmc_shapley_islands | Add-curve (mean): 15 islands, n=4587 -> corr=0.2203
2026-03-04 19:46:07 | INFO | src.tmc_shapley_islands | Random individual add-curve (seed=0) complete
2026-03-04 19:46:17 | INFO | src.tmc_shapley_islands | Random individual add-curve (seed=1) complete
2026-03-04 19:46:34 | INFO | src.tmc_shapley_islands | Random individual add-curve (seed=2) complete
2026-03-04 19:46:45 | INFO | src.tmc_shapley_islands | Random individual add-curve (seed=3) complete
2026-03-04 19:46:57 | INFO | src.tmc_shapley_islands | Random individual add-curve (seed=4) complete
2026-03-04 19:46:57 | INFO | src.tmc_shapley_islands | Building mirrored remove-islands curve from add-islands curve...
2026-03-04 19:46:58 | INFO | src.tmc_shapley_islands | Saved Shapley values to outputs/tmc_shapley_sweep_all_traits/shards/shard_010/tarsus/tmp/shapley_island_values_target_5.csv
2026-03-04 19:46:58 | INFO | src.tmc_shapley_islands | Saved summary to outputs/tmc_shapley_sweep_all_traits/shards/shard_010/tarsus/tmp/tmc_summary_target_5.json
2026-03-04 19:46:58 | INFO | src.tmc_shapley_islands | Saved intermediate ranking trace to outputs/tmc_shapley_sweep_all_traits/shards/shard_010/tarsus/tmp/tmc_intermediate_rankings_target_5.csv
2026-03-04 19:46:58 | INFO | src.tmc_shapley_islands | Saved add-curve to outputs/tmc_shapley_sweep_all_traits/shards/shard_010/tarsus/tmp/add_curve_target_5.csv
2026-03-04 19:46:58 | INFO | src.tmc_shapley_islands | Saved remove-curve to outputs/tmc_shapley_sweep_all_traits/shards/shard_010/tarsus/tmp/remove_curve_target_5.csv
2026-03-04 19:46:58 | INFO | src.tmc_shapley_islands | Saved bar plot to outputs/tmc_shapley_sweep_all_traits/shards/shard_010/tarsus/tmp/shapley_bar_target_5.png
2026-03-04 19:46:58 | INFO | src.tmc_shapley_islands | Saved add-curve plot to outputs/tmc_shapley_sweep_all_traits/shards/shard_010/tarsus/tmp/add_curve_target_5.png
2026-03-04 19:46:59 | INFO | src.tmc_shapley_islands | Saved remove-curve plot to outputs/tmc_shapley_sweep_all_traits/shards/shard_010/tarsus/tmp/remove_curve_target_5.png
2026-03-04 19:46:59 | INFO | __main__ | Shard 10/30 trait=tarsus progress 39/75 | target=5 n_cal_samples=40 perm=80 repeat=3
2026-03-04 19:46:59 | INFO | src.tmc_shapley_islands | [Shapley] Target island: 5 (Hestmannøy), source islands: 15
2026-03-04 19:47:00 | INFO | src.tmc_shapley_islands | Data: source=4587 (across 15 islands), cal=40, test=913
2026-03-04 19:47:00 | INFO | src.tmc_shapley_islands | SNP selection: using fixed precomputed subset (n=20000)
2026-03-04 19:47:00 | INFO | src.tmc_shapley_islands | Island counts (capped to None in training):
  Nesøy: n=117
  Myken: n=92
  Træna: n=286
  Selvær: n=194
  Gjerøy: n=555
  Indre Kvarøy: n=348
  Onøy og Lurøy: n=257
  Lovund: n=152
  Sleneset: n=163
  Aldra: n=173
  Southern 1: n=583
  Southern 2: n=396
  Southern 3: n=583
  Southern 4: n=486
  Southern 5: n=202
2026-03-04 19:47:00 | INFO | src.tmc_shapley_islands | Loaded 484 cached utilities from outputs/tmc_shapley_sweep_all_traits/cache/tarsus/utility_cache_target_5_seed_618920699.json
2026-03-04 19:47:00 | INFO | src.tmc_shapley_islands | Running TMC-Shapley with 80 permutations (utility on cal set)...
2026-03-04 19:47:00 | INFO | src.tmc_shapley_islands | Computing V_full over all 15 source islands...
2026-03-04 19:47:00 | INFO | src.tmc_shapley_islands | V_full = 0.5951
2026-03-04 19:47:00 | INFO | src.tmc_shapley_islands | TMC head-start: loaded 40 completed permutations from state outputs/tmc_shapley_sweep_all_traits/cache/tarsus/tmc_perm_state_target_5_seed_618920699.json
2026-03-04 19:48:38 | INFO | src.tmc_shapley_islands | TMC progress: 48/80 permutations done, cache hit rate: 27.3%, n_evals: 88
2026-03-04 19:51:36 | INFO | src.tmc_shapley_islands | TMC progress: 64/80 permutations done, cache hit rate: 28.8%, n_evals: 257
2026-03-04 19:54:27 | INFO | src.tmc_shapley_islands | TMC progress: 80/80 permutations done, cache hit rate: 30.0%, n_evals: 421
2026-03-04 19:54:27 | INFO | src.tmc_shapley_islands | TMC complete: 80 permutations, 0 truncated, 421 utility evals, cache hit rate: 30.0%
2026-03-04 19:54:27 | INFO | src.tmc_shapley_islands | Shapley values (phi, computed on cal set):
2026-03-04 19:54:27 | INFO | src.tmc_shapley_islands |   Nesøy: phi=0.018515, phi/n=0.00015824
2026-03-04 19:54:27 | INFO | src.tmc_shapley_islands |   Myken: phi=0.101493, phi/n=0.00110318
2026-03-04 19:54:27 | INFO | src.tmc_shapley_islands |   Træna: phi=0.042633, phi/n=0.00014907
2026-03-04 19:54:27 | INFO | src.tmc_shapley_islands |   Selvær: phi=-0.028248, phi/n=-0.00014561
2026-03-04 19:54:27 | INFO | src.tmc_shapley_islands |   Gjerøy: phi=0.303614, phi/n=0.00054705
2026-03-04 19:54:27 | INFO | src.tmc_shapley_islands |   Indre Kvarøy: phi=0.018342, phi/n=0.00005271
2026-03-04 19:54:27 | INFO | src.tmc_shapley_islands |   Onøy og Lurøy: phi=0.122228, phi/n=0.00047559
2026-03-04 19:54:27 | INFO | src.tmc_shapley_islands |   Lovund: phi=0.121537, phi/n=0.00079958
2026-03-04 19:54:27 | INFO | src.tmc_shapley_islands |   Sleneset: phi=0.042556, phi/n=0.00026108
2026-03-04 19:54:27 | INFO | src.tmc_shapley_islands |   Aldra: phi=0.010847, phi/n=0.00006270
2026-03-04 19:54:27 | INFO | src.tmc_shapley_islands |   Southern 1: phi=-0.014502, phi/n=-0.00002488
2026-03-04 19:54:27 | INFO | src.tmc_shapley_islands |   Southern 2: phi=-0.081880, phi/n=-0.00020677
2026-03-04 19:54:27 | INFO | src.tmc_shapley_islands |   Southern 3: phi=0.000981, phi/n=0.00000168
2026-03-04 19:54:27 | INFO | src.tmc_shapley_islands |   Southern 4: phi=-0.048355, phi/n=-0.00009949
2026-03-04 19:54:27 | INFO | src.tmc_shapley_islands |   Southern 5: phi=-0.014640, phi/n=-0.00007247
2026-03-04 19:54:27 | INFO | src.tmc_shapley_islands | Curve retraining early stopping: enabled=True, patience=20
2026-03-04 19:54:27 | INFO | src.tmc_shapley_islands | Computing add-islands curve (evaluated on test set)...
2026-03-04 19:54:27 | INFO | src.tmc_shapley_islands | Add-curve (mean): 1 islands, n=92 -> corr=0.0744
2026-03-04 19:54:27 | INFO | src.tmc_shapley_islands | Add-curve (mean): 2 islands, n=244 -> corr=0.0914
2026-03-04 19:54:27 | INFO | src.tmc_shapley_islands | Add-curve (mean): 3 islands, n=799 -> corr=0.1796
2026-03-04 19:54:28 | INFO | src.tmc_shapley_islands | Add-curve (mean): 4 islands, n=1056 -> corr=0.1788
2026-03-04 19:54:28 | INFO | src.tmc_shapley_islands | Add-curve (mean): 5 islands, n=1219 -> corr=0.1864
2026-03-04 19:54:29 | INFO | src.tmc_shapley_islands | Add-curve (mean): 6 islands, n=1336 -> corr=0.1907
2026-03-04 19:54:29 | INFO | src.tmc_shapley_islands | Add-curve (mean): 7 islands, n=1622 -> corr=0.1912
2026-03-04 19:54:30 | INFO | src.tmc_shapley_islands | Add-curve (mean): 8 islands, n=1795 -> corr=0.1920
2026-03-04 19:54:33 | INFO | src.tmc_shapley_islands | Add-curve (mean): 9 islands, n=2143 -> corr=0.2267
2026-03-04 19:54:34 | INFO | src.tmc_shapley_islands | Add-curve (mean): 10 islands, n=2726 -> corr=0.2286
2026-03-04 19:54:36 | INFO | src.tmc_shapley_islands | Add-curve (mean): 11 islands, n=3309 -> corr=0.2183
2026-03-04 19:54:37 | INFO | src.tmc_shapley_islands | Add-curve (mean): 12 islands, n=3511 -> corr=0.2197
2026-03-04 19:54:39 | INFO | src.tmc_shapley_islands | Add-curve (mean): 13 islands, n=3997 -> corr=0.2203
2026-03-04 19:54:41 | INFO | src.tmc_shapley_islands | Add-curve (mean): 14 islands, n=4191 -> corr=0.2224
2026-03-04 19:54:42 | INFO | src.tmc_shapley_islands | Add-curve (mean): 15 islands, n=4587 -> corr=0.2203
2026-03-04 19:54:54 | INFO | src.tmc_shapley_islands | Random individual add-curve (seed=0) complete
2026-03-04 19:55:04 | INFO | src.tmc_shapley_islands | Random individual add-curve (seed=1) complete
2026-03-04 19:55:14 | INFO | src.tmc_shapley_islands | Random individual add-curve (seed=2) complete
2026-03-04 19:55:29 | INFO | src.tmc_shapley_islands | Random individual add-curve (seed=3) complete
2026-03-04 19:55:39 | INFO | src.tmc_shapley_islands | Random individual add-curve (seed=4) complete
2026-03-04 19:55:39 | INFO | src.tmc_shapley_islands | Building mirrored remove-islands curve from add-islands curve...
2026-03-04 19:55:39 | INFO | src.tmc_shapley_islands | Saved Shapley values to outputs/tmc_shapley_sweep_all_traits/shards/shard_010/tarsus/tmp/shapley_island_values_target_5.csv
2026-03-04 19:55:39 | INFO | src.tmc_shapley_islands | Saved summary to outputs/tmc_shapley_sweep_all_traits/shards/shard_010/tarsus/tmp/tmc_summary_target_5.json
2026-03-04 19:55:39 | INFO | src.tmc_shapley_islands | Saved intermediate ranking trace to outputs/tmc_shapley_sweep_all_traits/shards/shard_010/tarsus/tmp/tmc_intermediate_rankings_target_5.csv
2026-03-04 19:55:39 | INFO | src.tmc_shapley_islands | Saved add-curve to outputs/tmc_shapley_sweep_all_traits/shards/shard_010/tarsus/tmp/add_curve_target_5.csv
2026-03-04 19:55:39 | INFO | src.tmc_shapley_islands | Saved remove-curve to outputs/tmc_shapley_sweep_all_traits/shards/shard_010/tarsus/tmp/remove_curve_target_5.csv
2026-03-04 19:55:40 | INFO | src.tmc_shapley_islands | Saved bar plot to outputs/tmc_shapley_sweep_all_traits/shards/shard_010/tarsus/tmp/shapley_bar_target_5.png
2026-03-04 19:55:40 | INFO | src.tmc_shapley_islands | Saved add-curve plot to outputs/tmc_shapley_sweep_all_traits/shards/shard_010/tarsus/tmp/add_curve_target_5.png
2026-03-04 19:55:41 | INFO | src.tmc_shapley_islands | Saved remove-curve plot to outputs/tmc_shapley_sweep_all_traits/shards/shard_010/tarsus/tmp/remove_curve_target_5.png
2026-03-04 19:55:41 | INFO | __main__ | Shard 10/30 trait=tarsus progress 40/75 | target=5 n_cal_samples=40 perm=150 repeat=3
2026-03-04 19:55:41 | INFO | src.tmc_shapley_islands | [Shapley] Target island: 5 (Hestmannøy), source islands: 15
2026-03-04 19:55:42 | INFO | src.tmc_shapley_islands | Data: source=4587 (across 15 islands), cal=40, test=913
2026-03-04 19:55:42 | INFO | src.tmc_shapley_islands | SNP selection: using fixed precomputed subset (n=20000)
2026-03-04 19:55:42 | INFO | src.tmc_shapley_islands | Island counts (capped to None in training):
  Nesøy: n=117
  Myken: n=92
  Træna: n=286
  Selvær: n=194
  Gjerøy: n=555
  Indre Kvarøy: n=348
  Onøy og Lurøy: n=257
  Lovund: n=152
  Sleneset: n=163
  Aldra: n=173
  Southern 1: n=583
  Southern 2: n=396
  Southern 3: n=583
  Southern 4: n=486
  Southern 5: n=202
2026-03-04 19:55:42 | INFO | src.tmc_shapley_islands | Loaded 905 cached utilities from outputs/tmc_shapley_sweep_all_traits/cache/tarsus/utility_cache_target_5_seed_618920699.json
2026-03-04 19:55:42 | INFO | src.tmc_shapley_islands | Running TMC-Shapley with 150 permutations (utility on cal set)...
2026-03-04 19:55:42 | INFO | src.tmc_shapley_islands | Computing V_full over all 15 source islands...
2026-03-04 19:55:42 | INFO | src.tmc_shapley_islands | V_full = 0.5951
2026-03-04 19:55:42 | INFO | src.tmc_shapley_islands | TMC head-start: loaded 80 completed permutations from state outputs/tmc_shapley_sweep_all_traits/cache/tarsus/tmc_perm_state_target_5_seed_618920699.json
2026-03-04 19:57:35 | INFO | src.tmc_shapley_islands | TMC progress: 90/150 permutations done, cache hit rate: 37.1%, n_evals: 95
2026-03-04 20:03:00 | INFO | src.tmc_shapley_islands | TMC progress: 120/150 permutations done, cache hit rate: 32.3%, n_evals: 407
2026-03-04 20:07:59 | INFO | src.tmc_shapley_islands | TMC progress: 150/150 permutations done, cache hit rate: 34.9%, n_evals: 684
2026-03-04 20:07:59 | INFO | src.tmc_shapley_islands | TMC complete: 150 permutations, 0 truncated, 684 utility evals, cache hit rate: 34.9%
2026-03-04 20:07:59 | INFO | src.tmc_shapley_islands | Shapley values (phi, computed on cal set):
2026-03-04 20:07:59 | INFO | src.tmc_shapley_islands |   Nesøy: phi=0.010869, phi/n=0.00009290
2026-03-04 20:07:59 | INFO | src.tmc_shapley_islands |   Myken: phi=0.109690, phi/n=0.00119229
2026-03-04 20:07:59 | INFO | src.tmc_shapley_islands |   Træna: phi=0.044943, phi/n=0.00015714
2026-03-04 20:07:59 | INFO | src.tmc_shapley_islands |   Selvær: phi=-0.029825, phi/n=-0.00015374
2026-03-04 20:07:59 | INFO | src.tmc_shapley_islands |   Gjerøy: phi=0.301279, phi/n=0.00054285
2026-03-04 20:07:59 | INFO | src.tmc_shapley_islands |   Indre Kvarøy: phi=0.019690, phi/n=0.00005658
2026-03-04 20:07:59 | INFO | src.tmc_shapley_islands |   Onøy og Lurøy: phi=0.132959, phi/n=0.00051735
2026-03-04 20:07:59 | INFO | src.tmc_shapley_islands |   Lovund: phi=0.105403, phi/n=0.00069344
2026-03-04 20:07:59 | INFO | src.tmc_shapley_islands |   Sleneset: phi=0.044030, phi/n=0.00027013
2026-03-04 20:07:59 | INFO | src.tmc_shapley_islands |   Aldra: phi=0.008350, phi/n=0.00004827
2026-03-04 20:07:59 | INFO | src.tmc_shapley_islands |   Southern 1: phi=-0.012718, phi/n=-0.00002182
2026-03-04 20:07:59 | INFO | src.tmc_shapley_islands |   Southern 2: phi=-0.077076, phi/n=-0.00019464
2026-03-04 20:07:59 | INFO | src.tmc_shapley_islands |   Southern 3: phi=0.002096, phi/n=0.00000360
2026-03-04 20:07:59 | INFO | src.tmc_shapley_islands |   Southern 4: phi=-0.047790, phi/n=-0.00009833
2026-03-04 20:07:59 | INFO | src.tmc_shapley_islands |   Southern 5: phi=-0.016778, phi/n=-0.00008306
2026-03-04 20:07:59 | INFO | src.tmc_shapley_islands | Curve retraining early stopping: enabled=True, patience=20
2026-03-04 20:07:59 | INFO | src.tmc_shapley_islands | Computing add-islands curve (evaluated on test set)...
2026-03-04 20:07:59 | INFO | src.tmc_shapley_islands | Add-curve (mean): 1 islands, n=92 -> corr=0.0744
2026-03-04 20:07:59 | INFO | src.tmc_shapley_islands | Add-curve (mean): 2 islands, n=244 -> corr=0.0914
2026-03-04 20:08:00 | INFO | src.tmc_shapley_islands | Add-curve (mean): 3 islands, n=799 -> corr=0.1796
2026-03-04 20:08:00 | INFO | src.tmc_shapley_islands | Add-curve (mean): 4 islands, n=1056 -> corr=0.1788
2026-03-04 20:08:01 | INFO | src.tmc_shapley_islands | Add-curve (mean): 5 islands, n=1219 -> corr=0.1864
2026-03-04 20:08:01 | INFO | src.tmc_shapley_islands | Add-curve (mean): 6 islands, n=1505 -> corr=0.1846
2026-03-04 20:08:02 | INFO | src.tmc_shapley_islands | Add-curve (mean): 7 islands, n=1622 -> corr=0.1912
2026-03-04 20:08:03 | INFO | src.tmc_shapley_islands | Add-curve (mean): 8 islands, n=1970 -> corr=0.2259
2026-03-04 20:08:04 | INFO | src.tmc_shapley_islands | Add-curve (mean): 9 islands, n=2143 -> corr=0.2267
2026-03-04 20:08:06 | INFO | src.tmc_shapley_islands | Add-curve (mean): 10 islands, n=2726 -> corr=0.2286
2026-03-04 20:08:10 | INFO | src.tmc_shapley_islands | Add-curve (mean): 11 islands, n=3309 -> corr=0.2183
2026-03-04 20:08:12 | INFO | src.tmc_shapley_islands | Add-curve (mean): 12 islands, n=3511 -> corr=0.2197
2026-03-04 20:08:14 | INFO | src.tmc_shapley_islands | Add-curve (mean): 13 islands, n=3997 -> corr=0.2203
2026-03-04 20:08:16 | INFO | src.tmc_shapley_islands | Add-curve (mean): 14 islands, n=4191 -> corr=0.2224
2026-03-04 20:08:20 | INFO | src.tmc_shapley_islands | Add-curve (mean): 15 islands, n=4587 -> corr=0.2203
2026-03-04 20:08:31 | INFO | src.tmc_shapley_islands | Random individual add-curve (seed=0) complete
2026-03-04 20:08:44 | INFO | src.tmc_shapley_islands | Random individual add-curve (seed=1) complete
2026-03-04 20:08:58 | INFO | src.tmc_shapley_islands | Random individual add-curve (seed=2) complete
2026-03-04 20:09:12 | INFO | src.tmc_shapley_islands | Random individual add-curve (seed=3) complete
2026-03-04 20:09:23 | INFO | src.tmc_shapley_islands | Random individual add-curve (seed=4) complete
2026-03-04 20:09:23 | INFO | src.tmc_shapley_islands | Building mirrored remove-islands curve from add-islands curve...
2026-03-04 20:09:23 | INFO | src.tmc_shapley_islands | Saved Shapley values to outputs/tmc_shapley_sweep_all_traits/shards/shard_010/tarsus/tmp/shapley_island_values_target_5.csv
2026-03-04 20:09:23 | INFO | src.tmc_shapley_islands | Saved summary to outputs/tmc_shapley_sweep_all_traits/shards/shard_010/tarsus/tmp/tmc_summary_target_5.json
2026-03-04 20:09:23 | INFO | src.tmc_shapley_islands | Saved intermediate ranking trace to outputs/tmc_shapley_sweep_all_traits/shards/shard_010/tarsus/tmp/tmc_intermediate_rankings_target_5.csv
2026-03-04 20:09:23 | INFO | src.tmc_shapley_islands | Saved add-curve to outputs/tmc_shapley_sweep_all_traits/shards/shard_010/tarsus/tmp/add_curve_target_5.csv
2026-03-04 20:09:23 | INFO | src.tmc_shapley_islands | Saved remove-curve to outputs/tmc_shapley_sweep_all_traits/shards/shard_010/tarsus/tmp/remove_curve_target_5.csv
2026-03-04 20:09:24 | INFO | src.tmc_shapley_islands | Saved bar plot to outputs/tmc_shapley_sweep_all_traits/shards/shard_010/tarsus/tmp/shapley_bar_target_5.png
2026-03-04 20:09:24 | INFO | src.tmc_shapley_islands | Saved add-curve plot to outputs/tmc_shapley_sweep_all_traits/shards/shard_010/tarsus/tmp/add_curve_target_5.png
2026-03-04 20:09:25 | INFO | src.tmc_shapley_islands | Saved remove-curve plot to outputs/tmc_shapley_sweep_all_traits/shards/shard_010/tarsus/tmp/remove_curve_target_5.png
2026-03-04 20:09:25 | INFO | __main__ | Shard 10/30 trait=tarsus progress 41/75 | target=5 n_cal_samples=80 perm=10 repeat=3
2026-03-04 20:09:25 | INFO | src.tmc_shapley_islands | [Shapley] Target island: 5 (Hestmannøy), source islands: 15
2026-03-04 20:09:25 | INFO | src.tmc_shapley_islands | Data: source=4587 (across 15 islands), cal=80, test=913
2026-03-04 20:09:25 | INFO | src.tmc_shapley_islands | SNP selection: using fixed precomputed subset (n=20000)
2026-03-04 20:09:25 | INFO | src.tmc_shapley_islands | Island counts (capped to None in training):
  Nesøy: n=117
  Myken: n=92
  Træna: n=286
  Selvær: n=194
  Gjerøy: n=555
  Indre Kvarøy: n=348
  Onøy og Lurøy: n=257
  Lovund: n=152
  Sleneset: n=163
  Aldra: n=173
  Southern 1: n=583
  Southern 2: n=396
  Southern 3: n=583
  Southern 4: n=486
  Southern 5: n=202
2026-03-04 20:09:25 | INFO | src.tmc_shapley_islands | Running TMC-Shapley with 10 permutations (utility on cal set)...
2026-03-04 20:09:25 | INFO | src.tmc_shapley_islands | Computing V_full over all 15 source islands...
2026-03-04 20:09:28 | INFO | src.tmc_shapley_islands | V_full = 0.1809
2026-03-04 20:09:56 | INFO | src.tmc_shapley_islands | TMC progress: 2/10 permutations done, cache hit rate: 6.5%, n_evals: 29
2026-03-04 20:10:28 | INFO | src.tmc_shapley_islands | TMC progress: 4/10 permutations done, cache hit rate: 6.6%, n_evals: 57
2026-03-04 20:10:55 | INFO | src.tmc_shapley_islands | TMC progress: 6/10 permutations done, cache hit rate: 6.6%, n_evals: 85
2026-03-04 20:11:23 | INFO | src.tmc_shapley_islands | TMC progress: 8/10 permutations done, cache hit rate: 8.3%, n_evals: 111
2026-03-04 20:11:48 | INFO | src.tmc_shapley_islands | TMC progress: 10/10 permutations done, cache hit rate: 9.3%, n_evals: 137
2026-03-04 20:11:48 | INFO | src.tmc_shapley_islands | TMC complete: 10 permutations, 0 truncated, 137 utility evals, cache hit rate: 9.3%
2026-03-04 20:11:48 | INFO | src.tmc_shapley_islands | Shapley values (phi, computed on cal set):
2026-03-04 20:11:48 | INFO | src.tmc_shapley_islands |   Nesøy: phi=-0.032244, phi/n=-0.00027559
2026-03-04 20:11:48 | INFO | src.tmc_shapley_islands |   Myken: phi=0.014767, phi/n=0.00016051
2026-03-04 20:11:48 | INFO | src.tmc_shapley_islands |   Træna: phi=-0.073080, phi/n=-0.00025553
2026-03-04 20:11:48 | INFO | src.tmc_shapley_islands |   Selvær: phi=-0.011978, phi/n=-0.00006174
2026-03-04 20:11:48 | INFO | src.tmc_shapley_islands |   Gjerøy: phi=0.013388, phi/n=0.00002412
2026-03-04 20:11:48 | INFO | src.tmc_shapley_islands |   Indre Kvarøy: phi=0.152559, phi/n=0.00043839
2026-03-04 20:11:48 | INFO | src.tmc_shapley_islands |   Onøy og Lurøy: phi=0.044682, phi/n=0.00017386
2026-03-04 20:11:48 | INFO | src.tmc_shapley_islands |   Lovund: phi=0.020521, phi/n=0.00013500
2026-03-04 20:11:48 | INFO | src.tmc_shapley_islands |   Sleneset: phi=-0.015667, phi/n=-0.00009611
2026-03-04 20:11:48 | INFO | src.tmc_shapley_islands |   Aldra: phi=0.004904, phi/n=0.00002835
2026-03-04 20:11:48 | INFO | src.tmc_shapley_islands |   Southern 1: phi=-0.014019, phi/n=-0.00002405
2026-03-04 20:11:48 | INFO | src.tmc_shapley_islands |   Southern 2: phi=0.020441, phi/n=0.00005162
2026-03-04 20:11:48 | INFO | src.tmc_shapley_islands |   Southern 3: phi=0.018149, phi/n=0.00003113
2026-03-04 20:11:48 | INFO | src.tmc_shapley_islands |   Southern 4: phi=0.033215, phi/n=0.00006834
2026-03-04 20:11:48 | INFO | src.tmc_shapley_islands |   Southern 5: phi=0.005293, phi/n=0.00002620
2026-03-04 20:11:48 | INFO | src.tmc_shapley_islands | Curve retraining early stopping: enabled=True, patience=20
2026-03-04 20:11:48 | INFO | src.tmc_shapley_islands | Computing add-islands curve (evaluated on test set)...
2026-03-04 20:11:48 | INFO | src.tmc_shapley_islands | Add-curve (mean): 1 islands, n=348 -> corr=0.1162
2026-03-04 20:11:49 | INFO | src.tmc_shapley_islands | Add-curve (mean): 2 islands, n=605 -> corr=0.1404
2026-03-04 20:11:49 | INFO | src.tmc_shapley_islands | Add-curve (mean): 3 islands, n=697 -> corr=0.1512
2026-03-04 20:11:49 | INFO | src.tmc_shapley_islands | Add-curve (mean): 4 islands, n=849 -> corr=0.1519
2026-03-04 20:11:50 | INFO | src.tmc_shapley_islands | Add-curve (mean): 5 islands, n=1335 -> corr=0.1533
2026-03-04 20:11:51 | INFO | src.tmc_shapley_islands | Add-curve (mean): 6 islands, n=1731 -> corr=0.1461
2026-03-04 20:11:52 | INFO | src.tmc_shapley_islands | Add-curve (mean): 7 islands, n=2314 -> corr=0.1478
2026-03-04 20:11:53 | INFO | src.tmc_shapley_islands | Add-curve (mean): 8 islands, n=2487 -> corr=0.1477
2026-03-04 20:11:54 | INFO | src.tmc_shapley_islands | Add-curve (mean): 9 islands, n=2689 -> corr=0.1476
2026-03-04 20:11:55 | INFO | src.tmc_shapley_islands | Add-curve (mean): 10 islands, n=3244 -> corr=0.2150
2026-03-04 20:11:57 | INFO | src.tmc_shapley_islands | Add-curve (mean): 11 islands, n=3827 -> corr=0.2053
2026-03-04 20:11:59 | INFO | src.tmc_shapley_islands | Add-curve (mean): 12 islands, n=4021 -> corr=0.2058
2026-03-04 20:12:01 | INFO | src.tmc_shapley_islands | Add-curve (mean): 13 islands, n=4184 -> corr=0.2160
2026-03-04 20:12:04 | INFO | src.tmc_shapley_islands | Add-curve (mean): 14 islands, n=4470 -> corr=0.2212
2026-03-04 20:12:06 | INFO | src.tmc_shapley_islands | Add-curve (mean): 15 islands, n=4587 -> corr=0.2302
2026-03-04 20:12:19 | INFO | src.tmc_shapley_islands | Random individual add-curve (seed=0) complete
2026-03-04 20:12:32 | INFO | src.tmc_shapley_islands | Random individual add-curve (seed=1) complete
2026-03-04 20:12:44 | INFO | src.tmc_shapley_islands | Random individual add-curve (seed=2) complete
2026-03-04 20:12:58 | INFO | src.tmc_shapley_islands | Random individual add-curve (seed=3) complete
2026-03-04 20:13:13 | INFO | src.tmc_shapley_islands | Random individual add-curve (seed=4) complete
2026-03-04 20:13:13 | INFO | src.tmc_shapley_islands | Building mirrored remove-islands curve from add-islands curve...
2026-03-04 20:13:13 | INFO | src.tmc_shapley_islands | Saved Shapley values to outputs/tmc_shapley_sweep_all_traits/shards/shard_010/tarsus/tmp/shapley_island_values_target_5.csv
2026-03-04 20:13:13 | INFO | src.tmc_shapley_islands | Saved summary to outputs/tmc_shapley_sweep_all_traits/shards/shard_010/tarsus/tmp/tmc_summary_target_5.json
2026-03-04 20:13:13 | INFO | src.tmc_shapley_islands | Saved intermediate ranking trace to outputs/tmc_shapley_sweep_all_traits/shards/shard_010/tarsus/tmp/tmc_intermediate_rankings_target_5.csv
2026-03-04 20:13:13 | INFO | src.tmc_shapley_islands | Saved add-curve to outputs/tmc_shapley_sweep_all_traits/shards/shard_010/tarsus/tmp/add_curve_target_5.csv
2026-03-04 20:13:13 | INFO | src.tmc_shapley_islands | Saved remove-curve to outputs/tmc_shapley_sweep_all_traits/shards/shard_010/tarsus/tmp/remove_curve_target_5.csv
2026-03-04 20:13:13 | INFO | src.tmc_shapley_islands | Saved bar plot to outputs/tmc_shapley_sweep_all_traits/shards/shard_010/tarsus/tmp/shapley_bar_target_5.png
2026-03-04 20:13:14 | INFO | src.tmc_shapley_islands | Saved add-curve plot to outputs/tmc_shapley_sweep_all_traits/shards/shard_010/tarsus/tmp/add_curve_target_5.png
2026-03-04 20:13:14 | INFO | src.tmc_shapley_islands | Saved remove-curve plot to outputs/tmc_shapley_sweep_all_traits/shards/shard_010/tarsus/tmp/remove_curve_target_5.png
2026-03-04 20:13:14 | INFO | __main__ | Shard 10/30 trait=tarsus progress 42/75 | target=5 n_cal_samples=80 perm=20 repeat=3
2026-03-04 20:13:14 | INFO | src.tmc_shapley_islands | [Shapley] Target island: 5 (Hestmannøy), source islands: 15
2026-03-04 20:13:15 | INFO | src.tmc_shapley_islands | Data: source=4587 (across 15 islands), cal=80, test=913
2026-03-04 20:13:15 | INFO | src.tmc_shapley_islands | SNP selection: using fixed precomputed subset (n=20000)
2026-03-04 20:13:15 | INFO | src.tmc_shapley_islands | Island counts (capped to None in training):
  Nesøy: n=117
  Myken: n=92
  Træna: n=286
  Selvær: n=194
  Gjerøy: n=555
  Indre Kvarøy: n=348
  Onøy og Lurøy: n=257
  Lovund: n=152
  Sleneset: n=163
  Aldra: n=173
  Southern 1: n=583
  Southern 2: n=396
  Southern 3: n=583
  Southern 4: n=486
  Southern 5: n=202
2026-03-04 20:13:15 | INFO | src.tmc_shapley_islands | Loaded 137 cached utilities from outputs/tmc_shapley_sweep_all_traits/cache/tarsus/utility_cache_target_5_seed_1650714254.json
2026-03-04 20:13:15 | INFO | src.tmc_shapley_islands | Running TMC-Shapley with 20 permutations (utility on cal set)...
2026-03-04 20:13:15 | INFO | src.tmc_shapley_islands | Computing V_full over all 15 source islands...
2026-03-04 20:13:15 | INFO | src.tmc_shapley_islands | V_full = 0.1809
2026-03-04 20:13:15 | INFO | src.tmc_shapley_islands | TMC head-start: loaded 10 completed permutations from state outputs/tmc_shapley_sweep_all_traits/cache/tarsus/tmc_perm_state_target_5_seed_1650714254.json
2026-03-04 20:13:43 | INFO | src.tmc_shapley_islands | TMC progress: 12/20 permutations done, cache hit rate: 29.0%, n_evals: 22
2026-03-04 20:14:33 | INFO | src.tmc_shapley_islands | TMC progress: 16/20 permutations done, cache hit rate: 26.4%, n_evals: 67
2026-03-04 20:15:32 | INFO | src.tmc_shapley_islands | TMC progress: 20/20 permutations done, cache hit rate: 22.5%, n_evals: 117
2026-03-04 20:15:32 | INFO | src.tmc_shapley_islands | TMC complete: 20 permutations, 0 truncated, 117 utility evals, cache hit rate: 22.5%
2026-03-04 20:15:32 | INFO | src.tmc_shapley_islands | Shapley values (phi, computed on cal set):
2026-03-04 20:15:32 | INFO | src.tmc_shapley_islands |   Nesøy: phi=-0.028132, phi/n=-0.00024045
2026-03-04 20:15:32 | INFO | src.tmc_shapley_islands |   Myken: phi=0.016999, phi/n=0.00018477
2026-03-04 20:15:32 | INFO | src.tmc_shapley_islands |   Træna: phi=-0.073045, phi/n=-0.00025540
2026-03-04 20:15:32 | INFO | src.tmc_shapley_islands |   Selvær: phi=-0.012278, phi/n=-0.00006329
2026-03-04 20:15:32 | INFO | src.tmc_shapley_islands |   Gjerøy: phi=0.008346, phi/n=0.00001504
2026-03-04 20:15:32 | INFO | src.tmc_shapley_islands |   Indre Kvarøy: phi=0.149935, phi/n=0.00043085
2026-03-04 20:15:32 | INFO | src.tmc_shapley_islands |   Onøy og Lurøy: phi=0.042910, phi/n=0.00016696
2026-03-04 20:15:32 | INFO | src.tmc_shapley_islands |   Lovund: phi=0.027885, phi/n=0.00018345
2026-03-04 20:15:32 | INFO | src.tmc_shapley_islands |   Sleneset: phi=-0.016197, phi/n=-0.00009937
2026-03-04 20:15:32 | INFO | src.tmc_shapley_islands |   Aldra: phi=0.009230, phi/n=0.00005335
2026-03-04 20:15:32 | INFO | src.tmc_shapley_islands |   Southern 1: phi=-0.013967, phi/n=-0.00002396
2026-03-04 20:15:32 | INFO | src.tmc_shapley_islands |   Southern 2: phi=0.012920, phi/n=0.00003263
2026-03-04 20:15:32 | INFO | src.tmc_shapley_islands |   Southern 3: phi=0.018559, phi/n=0.00003183
2026-03-04 20:15:32 | INFO | src.tmc_shapley_islands |   Southern 4: phi=0.032816, phi/n=0.00006752
2026-03-04 20:15:32 | INFO | src.tmc_shapley_islands |   Southern 5: phi=0.004950, phi/n=0.00002451
2026-03-04 20:15:32 | INFO | src.tmc_shapley_islands | Curve retraining early stopping: enabled=True, patience=20
2026-03-04 20:15:32 | INFO | src.tmc_shapley_islands | Computing add-islands curve (evaluated on test set)...
2026-03-04 20:15:32 | INFO | src.tmc_shapley_islands | Add-curve (mean): 1 islands, n=348 -> corr=0.1162
2026-03-04 20:15:32 | INFO | src.tmc_shapley_islands | Add-curve (mean): 2 islands, n=440 -> corr=0.1310
2026-03-04 20:15:33 | INFO | src.tmc_shapley_islands | Add-curve (mean): 3 islands, n=592 -> corr=0.1348
2026-03-04 20:15:33 | INFO | src.tmc_shapley_islands | Add-curve (mean): 4 islands, n=849 -> corr=0.1519
2026-03-04 20:15:34 | INFO | src.tmc_shapley_islands | Add-curve (mean): 5 islands, n=1335 -> corr=0.1533
2026-03-04 20:15:34 | INFO | src.tmc_shapley_islands | Add-curve (mean): 6 islands, n=1508 -> corr=0.1536
2026-03-04 20:15:35 | INFO | src.tmc_shapley_islands | Add-curve (mean): 7 islands, n=1904 -> corr=0.1463
2026-03-04 20:15:36 | INFO | src.tmc_shapley_islands | Add-curve (mean): 8 islands, n=2487 -> corr=0.1477
2026-03-04 20:15:38 | INFO | src.tmc_shapley_islands | Add-curve (mean): 9 islands, n=2689 -> corr=0.1476
2026-03-04 20:15:39 | INFO | src.tmc_shapley_islands | Add-curve (mean): 10 islands, n=3244 -> corr=0.2150
2026-03-04 20:15:40 | INFO | src.tmc_shapley_islands | Add-curve (mean): 11 islands, n=3827 -> corr=0.2053
2026-03-04 20:15:42 | INFO | src.tmc_shapley_islands | Add-curve (mean): 12 islands, n=4021 -> corr=0.2058
2026-03-04 20:15:44 | INFO | src.tmc_shapley_islands | Add-curve (mean): 13 islands, n=4184 -> corr=0.2160
2026-03-04 20:15:46 | INFO | src.tmc_shapley_islands | Add-curve (mean): 14 islands, n=4301 -> corr=0.2250
2026-03-04 20:15:48 | INFO | src.tmc_shapley_islands | Add-curve (mean): 15 islands, n=4587 -> corr=0.2302
2026-03-04 20:15:59 | INFO | src.tmc_shapley_islands | Random individual add-curve (seed=0) complete
2026-03-04 20:16:11 | INFO | src.tmc_shapley_islands | Random individual add-curve (seed=1) complete
2026-03-04 20:16:25 | INFO | src.tmc_shapley_islands | Random individual add-curve (seed=2) complete
2026-03-04 20:16:40 | INFO | src.tmc_shapley_islands | Random individual add-curve (seed=3) complete
2026-03-04 20:16:53 | INFO | src.tmc_shapley_islands | Random individual add-curve (seed=4) complete
2026-03-04 20:16:53 | INFO | src.tmc_shapley_islands | Building mirrored remove-islands curve from add-islands curve...
2026-03-04 20:16:53 | INFO | src.tmc_shapley_islands | Saved Shapley values to outputs/tmc_shapley_sweep_all_traits/shards/shard_010/tarsus/tmp/shapley_island_values_target_5.csv
2026-03-04 20:16:53 | INFO | src.tmc_shapley_islands | Saved summary to outputs/tmc_shapley_sweep_all_traits/shards/shard_010/tarsus/tmp/tmc_summary_target_5.json
2026-03-04 20:16:53 | INFO | src.tmc_shapley_islands | Saved intermediate ranking trace to outputs/tmc_shapley_sweep_all_traits/shards/shard_010/tarsus/tmp/tmc_intermediate_rankings_target_5.csv
2026-03-04 20:16:53 | INFO | src.tmc_shapley_islands | Saved add-curve to outputs/tmc_shapley_sweep_all_traits/shards/shard_010/tarsus/tmp/add_curve_target_5.csv
2026-03-04 20:16:53 | INFO | src.tmc_shapley_islands | Saved remove-curve to outputs/tmc_shapley_sweep_all_traits/shards/shard_010/tarsus/tmp/remove_curve_target_5.csv
2026-03-04 20:16:53 | INFO | src.tmc_shapley_islands | Saved bar plot to outputs/tmc_shapley_sweep_all_traits/shards/shard_010/tarsus/tmp/shapley_bar_target_5.png
2026-03-04 20:16:54 | INFO | src.tmc_shapley_islands | Saved add-curve plot to outputs/tmc_shapley_sweep_all_traits/shards/shard_010/tarsus/tmp/add_curve_target_5.png
2026-03-04 20:16:54 | INFO | src.tmc_shapley_islands | Saved remove-curve plot to outputs/tmc_shapley_sweep_all_traits/shards/shard_010/tarsus/tmp/remove_curve_target_5.png
2026-03-04 20:16:54 | INFO | __main__ | Shard 10/30 trait=tarsus progress 43/75 | target=5 n_cal_samples=80 perm=40 repeat=3
2026-03-04 20:16:54 | INFO | src.tmc_shapley_islands | [Shapley] Target island: 5 (Hestmannøy), source islands: 15
2026-03-04 20:16:55 | INFO | src.tmc_shapley_islands | Data: source=4587 (across 15 islands), cal=80, test=913
2026-03-04 20:16:55 | INFO | src.tmc_shapley_islands | SNP selection: using fixed precomputed subset (n=20000)
2026-03-04 20:16:55 | INFO | src.tmc_shapley_islands | Island counts (capped to None in training):
  Nesøy: n=117
  Myken: n=92
  Træna: n=286
  Selvær: n=194
  Gjerøy: n=555
  Indre Kvarøy: n=348
  Onøy og Lurøy: n=257
  Lovund: n=152
  Sleneset: n=163
  Aldra: n=173
  Southern 1: n=583
  Southern 2: n=396
  Southern 3: n=583
  Southern 4: n=486
  Southern 5: n=202
2026-03-04 20:16:55 | INFO | src.tmc_shapley_islands | Loaded 254 cached utilities from outputs/tmc_shapley_sweep_all_traits/cache/tarsus/utility_cache_target_5_seed_1650714254.json
2026-03-04 20:16:55 | INFO | src.tmc_shapley_islands | Running TMC-Shapley with 40 permutations (utility on cal set)...
2026-03-04 20:16:55 | INFO | src.tmc_shapley_islands | Computing V_full over all 15 source islands...
2026-03-04 20:16:55 | INFO | src.tmc_shapley_islands | V_full = 0.1809
2026-03-04 20:16:55 | INFO | src.tmc_shapley_islands | TMC head-start: loaded 20 completed permutations from state outputs/tmc_shapley_sweep_all_traits/cache/tarsus/tmc_perm_state_target_5_seed_1650714254.json
2026-03-04 20:17:51 | INFO | src.tmc_shapley_islands | TMC progress: 24/40 permutations done, cache hit rate: 19.7%, n_evals: 49
2026-03-04 20:19:34 | INFO | src.tmc_shapley_islands | TMC progress: 32/40 permutations done, cache hit rate: 20.4%, n_evals: 144
2026-03-04 20:21:32 | INFO | src.tmc_shapley_islands | TMC progress: 40/40 permutations done, cache hit rate: 21.3%, n_evals: 237
2026-03-04 20:21:32 | INFO | src.tmc_shapley_islands | TMC complete: 40 permutations, 0 truncated, 237 utility evals, cache hit rate: 21.3%
2026-03-04 20:21:32 | INFO | src.tmc_shapley_islands | Shapley values (phi, computed on cal set):
2026-03-04 20:21:32 | INFO | src.tmc_shapley_islands |   Nesøy: phi=-0.028770, phi/n=-0.00024590
2026-03-04 20:21:32 | INFO | src.tmc_shapley_islands |   Myken: phi=0.020169, phi/n=0.00021923
2026-03-04 20:21:32 | INFO | src.tmc_shapley_islands |   Træna: phi=-0.062663, phi/n=-0.00021910
2026-03-04 20:21:32 | INFO | src.tmc_shapley_islands |   Selvær: phi=-0.019813, phi/n=-0.00010213
2026-03-04 20:21:32 | INFO | src.tmc_shapley_islands |   Gjerøy: phi=0.015473, phi/n=0.00002788
2026-03-04 20:21:32 | INFO | src.tmc_shapley_islands |   Indre Kvarøy: phi=0.150203, phi/n=0.00043162
2026-03-04 20:21:32 | INFO | src.tmc_shapley_islands |   Onøy og Lurøy: phi=0.041745, phi/n=0.00016243
2026-03-04 20:21:32 | INFO | src.tmc_shapley_islands |   Lovund: phi=0.022595, phi/n=0.00014865
2026-03-04 20:21:32 | INFO | src.tmc_shapley_islands |   Sleneset: phi=-0.015760, phi/n=-0.00009669
2026-03-04 20:21:32 | INFO | src.tmc_shapley_islands |   Aldra: phi=0.005523, phi/n=0.00003192
2026-03-04 20:21:32 | INFO | src.tmc_shapley_islands |   Southern 1: phi=-0.015775, phi/n=-0.00002706
2026-03-04 20:21:32 | INFO | src.tmc_shapley_islands |   Southern 2: phi=0.009742, phi/n=0.00002460
2026-03-04 20:21:32 | INFO | src.tmc_shapley_islands |   Southern 3: phi=0.022326, phi/n=0.00003830
2026-03-04 20:21:32 | INFO | src.tmc_shapley_islands |   Southern 4: phi=0.030803, phi/n=0.00006338
2026-03-04 20:21:32 | INFO | src.tmc_shapley_islands |   Southern 5: phi=0.005132, phi/n=0.00002541
2026-03-04 20:21:32 | INFO | src.tmc_shapley_islands | Curve retraining early stopping: enabled=True, patience=20
2026-03-04 20:21:32 | INFO | src.tmc_shapley_islands | Computing add-islands curve (evaluated on test set)...
2026-03-04 20:21:32 | INFO | src.tmc_shapley_islands | Add-curve (mean): 1 islands, n=348 -> corr=0.1162
2026-03-04 20:21:32 | INFO | src.tmc_shapley_islands | Add-curve (mean): 2 islands, n=440 -> corr=0.1310
2026-03-04 20:21:32 | INFO | src.tmc_shapley_islands | Add-curve (mean): 3 islands, n=697 -> corr=0.1512
2026-03-04 20:21:33 | INFO | src.tmc_shapley_islands | Add-curve (mean): 4 islands, n=849 -> corr=0.1519
2026-03-04 20:21:33 | INFO | src.tmc_shapley_islands | Add-curve (mean): 5 islands, n=1335 -> corr=0.1533
2026-03-04 20:21:34 | INFO | src.tmc_shapley_islands | Add-curve (mean): 6 islands, n=1918 -> corr=0.1546
2026-03-04 20:21:35 | INFO | src.tmc_shapley_islands | Add-curve (mean): 7 islands, n=2091 -> corr=0.1546
2026-03-04 20:21:37 | INFO | src.tmc_shapley_islands | Add-curve (mean): 8 islands, n=2646 -> corr=0.2202
2026-03-04 20:21:38 | INFO | src.tmc_shapley_islands | Add-curve (mean): 9 islands, n=2848 -> corr=0.2189
2026-03-04 20:21:39 | INFO | src.tmc_shapley_islands | Add-curve (mean): 10 islands, n=3244 -> corr=0.2150
2026-03-04 20:21:41 | INFO | src.tmc_shapley_islands | Add-curve (mean): 11 islands, n=3827 -> corr=0.2053
2026-03-04 20:21:43 | INFO | src.tmc_shapley_islands | Add-curve (mean): 12 islands, n=3990 -> corr=0.2157
2026-03-04 20:21:45 | INFO | src.tmc_shapley_islands | Add-curve (mean): 13 islands, n=4184 -> corr=0.2160
2026-03-04 20:21:48 | INFO | src.tmc_shapley_islands | Add-curve (mean): 14 islands, n=4470 -> corr=0.2212
2026-03-04 20:21:50 | INFO | src.tmc_shapley_islands | Add-curve (mean): 15 islands, n=4587 -> corr=0.2302
2026-03-04 20:22:02 | INFO | src.tmc_shapley_islands | Random individual add-curve (seed=0) complete
2026-03-04 20:22:18 | INFO | src.tmc_shapley_islands | Random individual add-curve (seed=1) complete
2026-03-04 20:22:34 | INFO | src.tmc_shapley_islands | Random individual add-curve (seed=2) complete
2026-03-04 20:22:50 | INFO | src.tmc_shapley_islands | Random individual add-curve (seed=3) complete
2026-03-04 20:23:03 | INFO | src.tmc_shapley_islands | Random individual add-curve (seed=4) complete
2026-03-04 20:23:03 | INFO | src.tmc_shapley_islands | Building mirrored remove-islands curve from add-islands curve...
2026-03-04 20:23:03 | INFO | src.tmc_shapley_islands | Saved Shapley values to outputs/tmc_shapley_sweep_all_traits/shards/shard_010/tarsus/tmp/shapley_island_values_target_5.csv
2026-03-04 20:23:03 | INFO | src.tmc_shapley_islands | Saved summary to outputs/tmc_shapley_sweep_all_traits/shards/shard_010/tarsus/tmp/tmc_summary_target_5.json
2026-03-04 20:23:03 | INFO | src.tmc_shapley_islands | Saved intermediate ranking trace to outputs/tmc_shapley_sweep_all_traits/shards/shard_010/tarsus/tmp/tmc_intermediate_rankings_target_5.csv
2026-03-04 20:23:03 | INFO | src.tmc_shapley_islands | Saved add-curve to outputs/tmc_shapley_sweep_all_traits/shards/shard_010/tarsus/tmp/add_curve_target_5.csv
2026-03-04 20:23:03 | INFO | src.tmc_shapley_islands | Saved remove-curve to outputs/tmc_shapley_sweep_all_traits/shards/shard_010/tarsus/tmp/remove_curve_target_5.csv
2026-03-04 20:23:03 | INFO | src.tmc_shapley_islands | Saved bar plot to outputs/tmc_shapley_sweep_all_traits/shards/shard_010/tarsus/tmp/shapley_bar_target_5.png
2026-03-04 20:23:04 | INFO | src.tmc_shapley_islands | Saved add-curve plot to outputs/tmc_shapley_sweep_all_traits/shards/shard_010/tarsus/tmp/add_curve_target_5.png
2026-03-04 20:23:04 | INFO | src.tmc_shapley_islands | Saved remove-curve plot to outputs/tmc_shapley_sweep_all_traits/shards/shard_010/tarsus/tmp/remove_curve_target_5.png
2026-03-04 20:23:04 | INFO | __main__ | Shard 10/30 trait=tarsus progress 44/75 | target=5 n_cal_samples=80 perm=80 repeat=3
2026-03-04 20:23:04 | INFO | src.tmc_shapley_islands | [Shapley] Target island: 5 (Hestmannøy), source islands: 15
2026-03-04 20:23:05 | INFO | src.tmc_shapley_islands | Data: source=4587 (across 15 islands), cal=80, test=913
2026-03-04 20:23:05 | INFO | src.tmc_shapley_islands | SNP selection: using fixed precomputed subset (n=20000)
2026-03-04 20:23:05 | INFO | src.tmc_shapley_islands | Island counts (capped to None in training):
  Nesøy: n=117
  Myken: n=92
  Træna: n=286
  Selvær: n=194
  Gjerøy: n=555
  Indre Kvarøy: n=348
  Onøy og Lurøy: n=257
  Lovund: n=152
  Sleneset: n=163
  Aldra: n=173
  Southern 1: n=583
  Southern 2: n=396
  Southern 3: n=583
  Southern 4: n=486
  Southern 5: n=202
2026-03-04 20:23:05 | INFO | src.tmc_shapley_islands | Loaded 491 cached utilities from outputs/tmc_shapley_sweep_all_traits/cache/tarsus/utility_cache_target_5_seed_1650714254.json
2026-03-04 20:23:05 | INFO | src.tmc_shapley_islands | Running TMC-Shapley with 80 permutations (utility on cal set)...
2026-03-04 20:23:05 | INFO | src.tmc_shapley_islands | Computing V_full over all 15 source islands...
2026-03-04 20:23:05 | INFO | src.tmc_shapley_islands | V_full = 0.1809
2026-03-04 20:23:05 | INFO | src.tmc_shapley_islands | TMC head-start: loaded 40 completed permutations from state outputs/tmc_shapley_sweep_all_traits/cache/tarsus/tmc_perm_state_target_5_seed_1650714254.json
2026-03-04 20:24:52 | INFO | src.tmc_shapley_islands | TMC progress: 48/80 permutations done, cache hit rate: 24.0%, n_evals: 92
2026-03-04 20:28:07 | INFO | src.tmc_shapley_islands | TMC progress: 64/80 permutations done, cache hit rate: 26.3%, n_evals: 266
2026-03-04 20:31:13 | INFO | src.tmc_shapley_islands | TMC progress: 80/80 permutations done, cache hit rate: 26.1%, n_evals: 444
2026-03-04 20:31:13 | INFO | src.tmc_shapley_islands | TMC complete: 80 permutations, 0 truncated, 444 utility evals, cache hit rate: 26.1%
2026-03-04 20:31:13 | INFO | src.tmc_shapley_islands | Shapley values (phi, computed on cal set):
2026-03-04 20:31:13 | INFO | src.tmc_shapley_islands |   Nesøy: phi=-0.028960, phi/n=-0.00024752
2026-03-04 20:31:13 | INFO | src.tmc_shapley_islands |   Myken: phi=0.014905, phi/n=0.00016201
2026-03-04 20:31:13 | INFO | src.tmc_shapley_islands |   Træna: phi=-0.054152, phi/n=-0.00018934
2026-03-04 20:31:13 | INFO | src.tmc_shapley_islands |   Selvær: phi=-0.020844, phi/n=-0.00010744
2026-03-04 20:31:13 | INFO | src.tmc_shapley_islands |   Gjerøy: phi=0.015206, phi/n=0.00002740
2026-03-04 20:31:13 | INFO | src.tmc_shapley_islands |   Indre Kvarøy: phi=0.149291, phi/n=0.00042900
2026-03-04 20:31:13 | INFO | src.tmc_shapley_islands |   Onøy og Lurøy: phi=0.043376, phi/n=0.00016878
2026-03-04 20:31:13 | INFO | src.tmc_shapley_islands |   Lovund: phi=0.025380, phi/n=0.00016698
2026-03-04 20:31:13 | INFO | src.tmc_shapley_islands |   Sleneset: phi=-0.016973, phi/n=-0.00010413
2026-03-04 20:31:13 | INFO | src.tmc_shapley_islands |   Aldra: phi=0.005906, phi/n=0.00003414
2026-03-04 20:31:13 | INFO | src.tmc_shapley_islands |   Southern 1: phi=-0.017985, phi/n=-0.00003085
2026-03-04 20:31:13 | INFO | src.tmc_shapley_islands |   Southern 2: phi=0.010828, phi/n=0.00002734
2026-03-04 20:31:13 | INFO | src.tmc_shapley_islands |   Southern 3: phi=0.020995, phi/n=0.00003601
2026-03-04 20:31:13 | INFO | src.tmc_shapley_islands |   Southern 4: phi=0.028751, phi/n=0.00005916
2026-03-04 20:31:13 | INFO | src.tmc_shapley_islands |   Southern 5: phi=0.005205, phi/n=0.00002577
2026-03-04 20:31:13 | INFO | src.tmc_shapley_islands | Curve retraining early stopping: enabled=True, patience=20
2026-03-04 20:31:13 | INFO | src.tmc_shapley_islands | Computing add-islands curve (evaluated on test set)...
2026-03-04 20:31:13 | INFO | src.tmc_shapley_islands | Add-curve (mean): 1 islands, n=348 -> corr=0.1162
2026-03-04 20:31:14 | INFO | src.tmc_shapley_islands | Add-curve (mean): 2 islands, n=605 -> corr=0.1404
2026-03-04 20:31:14 | INFO | src.tmc_shapley_islands | Add-curve (mean): 3 islands, n=757 -> corr=0.1433
2026-03-04 20:31:14 | INFO | src.tmc_shapley_islands | Add-curve (mean): 4 islands, n=849 -> corr=0.1519
2026-03-04 20:31:15 | INFO | src.tmc_shapley_islands | Add-curve (mean): 5 islands, n=1335 -> corr=0.1533
2026-03-04 20:31:16 | INFO | src.tmc_shapley_islands | Add-curve (mean): 6 islands, n=1918 -> corr=0.1546
2026-03-04 20:31:18 | INFO | src.tmc_shapley_islands | Add-curve (mean): 7 islands, n=2091 -> corr=0.1546
2026-03-04 20:31:20 | INFO | src.tmc_shapley_islands | Add-curve (mean): 8 islands, n=2646 -> corr=0.2202
2026-03-04 20:31:22 | INFO | src.tmc_shapley_islands | Add-curve (mean): 9 islands, n=3042 -> corr=0.2163
2026-03-04 20:31:23 | INFO | src.tmc_shapley_islands | Add-curve (mean): 10 islands, n=3244 -> corr=0.2150
2026-03-04 20:31:25 | INFO | src.tmc_shapley_islands | Add-curve (mean): 11 islands, n=3827 -> corr=0.2053
2026-03-04 20:31:27 | INFO | src.tmc_shapley_islands | Add-curve (mean): 12 islands, n=3990 -> corr=0.2157
2026-03-04 20:31:28 | INFO | src.tmc_shapley_islands | Add-curve (mean): 13 islands, n=4184 -> corr=0.2160
2026-03-04 20:31:30 | INFO | src.tmc_shapley_islands | Add-curve (mean): 14 islands, n=4470 -> corr=0.2212
2026-03-04 20:31:32 | INFO | src.tmc_shapley_islands | Add-curve (mean): 15 islands, n=4587 -> corr=0.2302
2026-03-04 20:31:45 | INFO | src.tmc_shapley_islands | Random individual add-curve (seed=0) complete
2026-03-04 20:31:57 | INFO | src.tmc_shapley_islands | Random individual add-curve (seed=1) complete
2026-03-04 20:32:09 | INFO | src.tmc_shapley_islands | Random individual add-curve (seed=2) complete
2026-03-04 20:32:21 | INFO | src.tmc_shapley_islands | Random individual add-curve (seed=3) complete
2026-03-04 20:32:36 | INFO | src.tmc_shapley_islands | Random individual add-curve (seed=4) complete
2026-03-04 20:32:36 | INFO | src.tmc_shapley_islands | Building mirrored remove-islands curve from add-islands curve...
2026-03-04 20:32:36 | INFO | src.tmc_shapley_islands | Saved Shapley values to outputs/tmc_shapley_sweep_all_traits/shards/shard_010/tarsus/tmp/shapley_island_values_target_5.csv
2026-03-04 20:32:36 | INFO | src.tmc_shapley_islands | Saved summary to outputs/tmc_shapley_sweep_all_traits/shards/shard_010/tarsus/tmp/tmc_summary_target_5.json
2026-03-04 20:32:36 | INFO | src.tmc_shapley_islands | Saved intermediate ranking trace to outputs/tmc_shapley_sweep_all_traits/shards/shard_010/tarsus/tmp/tmc_intermediate_rankings_target_5.csv
2026-03-04 20:32:36 | INFO | src.tmc_shapley_islands | Saved add-curve to outputs/tmc_shapley_sweep_all_traits/shards/shard_010/tarsus/tmp/add_curve_target_5.csv
2026-03-04 20:32:36 | INFO | src.tmc_shapley_islands | Saved remove-curve to outputs/tmc_shapley_sweep_all_traits/shards/shard_010/tarsus/tmp/remove_curve_target_5.csv
2026-03-04 20:32:37 | INFO | src.tmc_shapley_islands | Saved bar plot to outputs/tmc_shapley_sweep_all_traits/shards/shard_010/tarsus/tmp/shapley_bar_target_5.png
2026-03-04 20:32:38 | INFO | src.tmc_shapley_islands | Saved add-curve plot to outputs/tmc_shapley_sweep_all_traits/shards/shard_010/tarsus/tmp/add_curve_target_5.png
2026-03-04 20:32:38 | INFO | src.tmc_shapley_islands | Saved remove-curve plot to outputs/tmc_shapley_sweep_all_traits/shards/shard_010/tarsus/tmp/remove_curve_target_5.png
2026-03-04 20:32:38 | INFO | __main__ | Shard 10/30 trait=tarsus progress 45/75 | target=5 n_cal_samples=80 perm=150 repeat=3
2026-03-04 20:32:38 | INFO | src.tmc_shapley_islands | [Shapley] Target island: 5 (Hestmannøy), source islands: 15
2026-03-04 20:32:39 | INFO | src.tmc_shapley_islands | Data: source=4587 (across 15 islands), cal=80, test=913
2026-03-04 20:32:39 | INFO | src.tmc_shapley_islands | SNP selection: using fixed precomputed subset (n=20000)
2026-03-04 20:32:39 | INFO | src.tmc_shapley_islands | Island counts (capped to None in training):
  Nesøy: n=117
  Myken: n=92
  Træna: n=286
  Selvær: n=194
  Gjerøy: n=555
  Indre Kvarøy: n=348
  Onøy og Lurøy: n=257
  Lovund: n=152
  Sleneset: n=163
  Aldra: n=173
  Southern 1: n=583
  Southern 2: n=396
  Southern 3: n=583
  Southern 4: n=486
  Southern 5: n=202
2026-03-04 20:32:39 | INFO | src.tmc_shapley_islands | Loaded 935 cached utilities from outputs/tmc_shapley_sweep_all_traits/cache/tarsus/utility_cache_target_5_seed_1650714254.json
2026-03-04 20:32:39 | INFO | src.tmc_shapley_islands | Running TMC-Shapley with 150 permutations (utility on cal set)...
2026-03-04 20:32:39 | INFO | src.tmc_shapley_islands | Computing V_full over all 15 source islands...
2026-03-04 20:32:39 | INFO | src.tmc_shapley_islands | V_full = 0.1809
2026-03-04 20:32:39 | INFO | src.tmc_shapley_islands | TMC head-start: loaded 80 completed permutations from state outputs/tmc_shapley_sweep_all_traits/cache/tarsus/tmc_perm_state_target_5_seed_1650714254.json
2026-03-04 20:34:46 | INFO | src.tmc_shapley_islands | TMC progress: 90/150 permutations done, cache hit rate: 31.1%, n_evals: 104
2026-03-04 20:40:17 | INFO | src.tmc_shapley_islands | TMC progress: 120/150 permutations done, cache hit rate: 32.6%, n_evals: 405
2026-03-04 20:46:12 | INFO | src.tmc_shapley_islands | TMC progress: 150/150 permutations done, cache hit rate: 34.1%, n_evals: 693
2026-03-04 20:46:12 | INFO | src.tmc_shapley_islands | TMC complete: 150 permutations, 0 truncated, 693 utility evals, cache hit rate: 34.1%
2026-03-04 20:46:12 | INFO | src.tmc_shapley_islands | Shapley values (phi, computed on cal set):
2026-03-04 20:46:12 | INFO | src.tmc_shapley_islands |   Nesøy: phi=-0.031198, phi/n=-0.00026665
2026-03-04 20:46:12 | INFO | src.tmc_shapley_islands |   Myken: phi=0.011830, phi/n=0.00012859
2026-03-04 20:46:12 | INFO | src.tmc_shapley_islands |   Træna: phi=-0.053483, phi/n=-0.00018700
2026-03-04 20:46:12 | INFO | src.tmc_shapley_islands |   Selvær: phi=-0.021057, phi/n=-0.00010854
2026-03-04 20:46:12 | INFO | src.tmc_shapley_islands |   Gjerøy: phi=0.018685, phi/n=0.00003367
2026-03-04 20:46:12 | INFO | src.tmc_shapley_islands |   Indre Kvarøy: phi=0.148683, phi/n=0.00042725
2026-03-04 20:46:12 | INFO | src.tmc_shapley_islands |   Onøy og Lurøy: phi=0.045559, phi/n=0.00017727
2026-03-04 20:46:12 | INFO | src.tmc_shapley_islands |   Lovund: phi=0.022011, phi/n=0.00014481
2026-03-04 20:46:12 | INFO | src.tmc_shapley_islands |   Sleneset: phi=-0.014503, phi/n=-0.00008898
2026-03-04 20:46:12 | INFO | src.tmc_shapley_islands |   Aldra: phi=0.004429, phi/n=0.00002560
2026-03-04 20:46:12 | INFO | src.tmc_shapley_islands |   Southern 1: phi=-0.018236, phi/n=-0.00003128
2026-03-04 20:46:12 | INFO | src.tmc_shapley_islands |   Southern 2: phi=0.010782, phi/n=0.00002723
2026-03-04 20:46:12 | INFO | src.tmc_shapley_islands |   Southern 3: phi=0.020263, phi/n=0.00003476
2026-03-04 20:46:12 | INFO | src.tmc_shapley_islands |   Southern 4: phi=0.032194, phi/n=0.00006624
2026-03-04 20:46:12 | INFO | src.tmc_shapley_islands |   Southern 5: phi=0.004973, phi/n=0.00002462
2026-03-04 20:46:12 | INFO | src.tmc_shapley_islands | Curve retraining early stopping: enabled=True, patience=20
2026-03-04 20:46:12 | INFO | src.tmc_shapley_islands | Computing add-islands curve (evaluated on test set)...
2026-03-04 20:46:12 | INFO | src.tmc_shapley_islands | Add-curve (mean): 1 islands, n=348 -> corr=0.1162
2026-03-04 20:46:13 | INFO | src.tmc_shapley_islands | Add-curve (mean): 2 islands, n=605 -> corr=0.1404
2026-03-04 20:46:13 | INFO | src.tmc_shapley_islands | Add-curve (mean): 3 islands, n=757 -> corr=0.1433
2026-03-04 20:46:13 | INFO | src.tmc_shapley_islands | Add-curve (mean): 4 islands, n=849 -> corr=0.1519
2026-03-04 20:46:14 | INFO | src.tmc_shapley_islands | Add-curve (mean): 5 islands, n=1335 -> corr=0.1533
2026-03-04 20:46:15 | INFO | src.tmc_shapley_islands | Add-curve (mean): 6 islands, n=1918 -> corr=0.1546
2026-03-04 20:46:16 | INFO | src.tmc_shapley_islands | Add-curve (mean): 7 islands, n=2473 -> corr=0.2222
2026-03-04 20:46:17 | INFO | src.tmc_shapley_islands | Add-curve (mean): 8 islands, n=2869 -> corr=0.2184
2026-03-04 20:46:20 | INFO | src.tmc_shapley_islands | Add-curve (mean): 9 islands, n=3042 -> corr=0.2163
2026-03-04 20:46:21 | INFO | src.tmc_shapley_islands | Add-curve (mean): 10 islands, n=3244 -> corr=0.2150
2026-03-04 20:46:26 | INFO | src.tmc_shapley_islands | Add-curve (mean): 11 islands, n=3827 -> corr=0.2053
2026-03-04 20:46:28 | INFO | src.tmc_shapley_islands | Add-curve (mean): 12 islands, n=3990 -> corr=0.2157
2026-03-04 20:46:29 | INFO | src.tmc_shapley_islands | Add-curve (mean): 13 islands, n=4184 -> corr=0.2160
2026-03-04 20:46:32 | INFO | src.tmc_shapley_islands | Add-curve (mean): 14 islands, n=4470 -> corr=0.2212
2026-03-04 20:46:35 | INFO | src.tmc_shapley_islands | Add-curve (mean): 15 islands, n=4587 -> corr=0.2302
2026-03-04 20:46:54 | INFO | src.tmc_shapley_islands | Random individual add-curve (seed=0) complete
2026-03-04 20:47:08 | INFO | src.tmc_shapley_islands | Random individual add-curve (seed=1) complete
2026-03-04 20:47:25 | INFO | src.tmc_shapley_islands | Random individual add-curve (seed=2) complete
2026-03-04 20:47:39 | INFO | src.tmc_shapley_islands | Random individual add-curve (seed=3) complete
2026-03-04 20:47:54 | INFO | src.tmc_shapley_islands | Random individual add-curve (seed=4) complete
2026-03-04 20:47:54 | INFO | src.tmc_shapley_islands | Building mirrored remove-islands curve from add-islands curve...
2026-03-04 20:47:54 | INFO | src.tmc_shapley_islands | Saved Shapley values to outputs/tmc_shapley_sweep_all_traits/shards/shard_010/tarsus/tmp/shapley_island_values_target_5.csv
2026-03-04 20:47:54 | INFO | src.tmc_shapley_islands | Saved summary to outputs/tmc_shapley_sweep_all_traits/shards/shard_010/tarsus/tmp/tmc_summary_target_5.json
2026-03-04 20:47:54 | INFO | src.tmc_shapley_islands | Saved intermediate ranking trace to outputs/tmc_shapley_sweep_all_traits/shards/shard_010/tarsus/tmp/tmc_intermediate_rankings_target_5.csv
2026-03-04 20:47:54 | INFO | src.tmc_shapley_islands | Saved add-curve to outputs/tmc_shapley_sweep_all_traits/shards/shard_010/tarsus/tmp/add_curve_target_5.csv
2026-03-04 20:47:54 | INFO | src.tmc_shapley_islands | Saved remove-curve to outputs/tmc_shapley_sweep_all_traits/shards/shard_010/tarsus/tmp/remove_curve_target_5.csv
2026-03-04 20:47:55 | INFO | src.tmc_shapley_islands | Saved bar plot to outputs/tmc_shapley_sweep_all_traits/shards/shard_010/tarsus/tmp/shapley_bar_target_5.png
2026-03-04 20:47:55 | INFO | src.tmc_shapley_islands | Saved add-curve plot to outputs/tmc_shapley_sweep_all_traits/shards/shard_010/tarsus/tmp/add_curve_target_5.png
2026-03-04 20:47:56 | INFO | src.tmc_shapley_islands | Saved remove-curve plot to outputs/tmc_shapley_sweep_all_traits/shards/shard_010/tarsus/tmp/remove_curve_target_5.png
2026-03-04 20:47:56 | INFO | __main__ | Shard 10/30 trait=tarsus progress 46/75 | target=5 n_cal_samples=150 perm=10 repeat=3
2026-03-04 20:47:56 | INFO | src.tmc_shapley_islands | [Shapley] Target island: 5 (Hestmannøy), source islands: 15
2026-03-04 20:47:56 | INFO | src.tmc_shapley_islands | Data: source=4587 (across 15 islands), cal=150, test=913
2026-03-04 20:47:56 | INFO | src.tmc_shapley_islands | SNP selection: using fixed precomputed subset (n=20000)
2026-03-04 20:47:56 | INFO | src.tmc_shapley_islands | Island counts (capped to None in training):
  Nesøy: n=117
  Myken: n=92
  Træna: n=286
  Selvær: n=194
  Gjerøy: n=555
  Indre Kvarøy: n=348
  Onøy og Lurøy: n=257
  Lovund: n=152
  Sleneset: n=163
  Aldra: n=173
  Southern 1: n=583
  Southern 2: n=396
  Southern 3: n=583
  Southern 4: n=486
  Southern 5: n=202
2026-03-04 20:47:56 | INFO | src.tmc_shapley_islands | Running TMC-Shapley with 10 permutations (utility on cal set)...
2026-03-04 20:47:56 | INFO | src.tmc_shapley_islands | Computing V_full over all 15 source islands...
2026-03-04 20:47:58 | INFO | src.tmc_shapley_islands | V_full = 0.2549
2026-03-04 20:48:30 | INFO | src.tmc_shapley_islands | TMC progress: 2/10 permutations done, cache hit rate: 6.5%, n_evals: 29
2026-03-04 20:48:59 | INFO | src.tmc_shapley_islands | TMC progress: 4/10 permutations done, cache hit rate: 6.6%, n_evals: 57
2026-03-04 20:49:35 | INFO | src.tmc_shapley_islands | TMC progress: 6/10 permutations done, cache hit rate: 6.6%, n_evals: 85
2026-03-04 20:50:13 | INFO | src.tmc_shapley_islands | TMC progress: 8/10 permutations done, cache hit rate: 7.4%, n_evals: 112
2026-03-04 20:50:38 | INFO | src.tmc_shapley_islands | TMC progress: 10/10 permutations done, cache hit rate: 9.3%, n_evals: 137
2026-03-04 20:50:38 | INFO | src.tmc_shapley_islands | TMC complete: 10 permutations, 0 truncated, 137 utility evals, cache hit rate: 9.3%
2026-03-04 20:50:38 | INFO | src.tmc_shapley_islands | Shapley values (phi, computed on cal set):
2026-03-04 20:50:38 | INFO | src.tmc_shapley_islands |   Nesøy: phi=0.008915, phi/n=0.00007619
2026-03-04 20:50:38 | INFO | src.tmc_shapley_islands |   Myken: phi=0.051632, phi/n=0.00056122
2026-03-04 20:50:38 | INFO | src.tmc_shapley_islands |   Træna: phi=-0.044400, phi/n=-0.00015524
2026-03-04 20:50:38 | INFO | src.tmc_shapley_islands |   Selvær: phi=0.023350, phi/n=0.00012036
2026-03-04 20:50:38 | INFO | src.tmc_shapley_islands |   Gjerøy: phi=0.079843, phi/n=0.00014386
2026-03-04 20:50:38 | INFO | src.tmc_shapley_islands |   Indre Kvarøy: phi=0.050726, phi/n=0.00014577
2026-03-04 20:50:38 | INFO | src.tmc_shapley_islands |   Onøy og Lurøy: phi=0.041756, phi/n=0.00016248
2026-03-04 20:50:38 | INFO | src.tmc_shapley_islands |   Lovund: phi=0.019213, phi/n=0.00012640
2026-03-04 20:50:38 | INFO | src.tmc_shapley_islands |   Sleneset: phi=-0.020324, phi/n=-0.00012468
2026-03-04 20:50:38 | INFO | src.tmc_shapley_islands |   Aldra: phi=-0.037285, phi/n=-0.00021552
2026-03-04 20:50:38 | INFO | src.tmc_shapley_islands |   Southern 1: phi=-0.003027, phi/n=-0.00000519
2026-03-04 20:50:38 | INFO | src.tmc_shapley_islands |   Southern 2: phi=0.010793, phi/n=0.00002726
2026-03-04 20:50:38 | INFO | src.tmc_shapley_islands |   Southern 3: phi=0.032725, phi/n=0.00005613
2026-03-04 20:50:38 | INFO | src.tmc_shapley_islands |   Southern 4: phi=0.014072, phi/n=0.00002895
2026-03-04 20:50:38 | INFO | src.tmc_shapley_islands |   Southern 5: phi=0.026910, phi/n=0.00013322
2026-03-04 20:50:38 | INFO | src.tmc_shapley_islands | Curve retraining early stopping: enabled=True, patience=20
2026-03-04 20:50:38 | INFO | src.tmc_shapley_islands | Computing add-islands curve (evaluated on test set)...
2026-03-04 20:50:38 | INFO | src.tmc_shapley_islands | Add-curve (mean): 1 islands, n=92 -> corr=0.0708
2026-03-04 20:50:38 | INFO | src.tmc_shapley_islands | Add-curve (mean): 2 islands, n=349 -> corr=0.0957
2026-03-04 20:50:39 | INFO | src.tmc_shapley_islands | Add-curve (mean): 3 islands, n=697 -> corr=0.1541
2026-03-04 20:50:39 | INFO | src.tmc_shapley_islands | Add-curve (mean): 4 islands, n=1252 -> corr=0.2226
2026-03-04 20:50:40 | INFO | src.tmc_shapley_islands | Add-curve (mean): 5 islands, n=1454 -> corr=0.2186
2026-03-04 20:50:41 | INFO | src.tmc_shapley_islands | Add-curve (mean): 6 islands, n=1606 -> corr=0.2196
2026-03-04 20:50:42 | INFO | src.tmc_shapley_islands | Add-curve (mean): 7 islands, n=1800 -> corr=0.2170
2026-03-04 20:50:43 | INFO | src.tmc_shapley_islands | Add-curve (mean): 8 islands, n=1917 -> corr=0.2241
2026-03-04 20:50:44 | INFO | src.tmc_shapley_islands | Add-curve (mean): 9 islands, n=2500 -> corr=0.2184
2026-03-04 20:50:45 | INFO | src.tmc_shapley_islands | Add-curve (mean): 10 islands, n=2986 -> corr=0.2171
2026-03-04 20:50:47 | INFO | src.tmc_shapley_islands | Add-curve (mean): 11 islands, n=3382 -> corr=0.2122
2026-03-04 20:50:49 | INFO | src.tmc_shapley_islands | Add-curve (mean): 12 islands, n=3965 -> corr=0.2042
2026-03-04 20:50:51 | INFO | src.tmc_shapley_islands | Add-curve (mean): 13 islands, n=4128 -> corr=0.2146
2026-03-04 20:50:53 | INFO | src.tmc_shapley_islands | Add-curve (mean): 14 islands, n=4414 -> corr=0.2232
2026-03-04 20:50:55 | INFO | src.tmc_shapley_islands | Add-curve (mean): 15 islands, n=4587 -> corr=0.2245
2026-03-04 20:51:06 | INFO | src.tmc_shapley_islands | Random individual add-curve (seed=0) complete
2026-03-04 20:51:20 | INFO | src.tmc_shapley_islands | Random individual add-curve (seed=1) complete
2026-03-04 20:51:32 | INFO | src.tmc_shapley_islands | Random individual add-curve (seed=2) complete
2026-03-04 20:51:54 | INFO | src.tmc_shapley_islands | Random individual add-curve (seed=3) complete
2026-03-04 20:52:08 | INFO | src.tmc_shapley_islands | Random individual add-curve (seed=4) complete
2026-03-04 20:52:08 | INFO | src.tmc_shapley_islands | Building mirrored remove-islands curve from add-islands curve...
2026-03-04 20:52:08 | INFO | src.tmc_shapley_islands | Saved Shapley values to outputs/tmc_shapley_sweep_all_traits/shards/shard_010/tarsus/tmp/shapley_island_values_target_5.csv
2026-03-04 20:52:08 | INFO | src.tmc_shapley_islands | Saved summary to outputs/tmc_shapley_sweep_all_traits/shards/shard_010/tarsus/tmp/tmc_summary_target_5.json
2026-03-04 20:52:08 | INFO | src.tmc_shapley_islands | Saved intermediate ranking trace to outputs/tmc_shapley_sweep_all_traits/shards/shard_010/tarsus/tmp/tmc_intermediate_rankings_target_5.csv
2026-03-04 20:52:08 | INFO | src.tmc_shapley_islands | Saved add-curve to outputs/tmc_shapley_sweep_all_traits/shards/shard_010/tarsus/tmp/add_curve_target_5.csv
2026-03-04 20:52:08 | INFO | src.tmc_shapley_islands | Saved remove-curve to outputs/tmc_shapley_sweep_all_traits/shards/shard_010/tarsus/tmp/remove_curve_target_5.csv
2026-03-04 20:52:08 | INFO | src.tmc_shapley_islands | Saved bar plot to outputs/tmc_shapley_sweep_all_traits/shards/shard_010/tarsus/tmp/shapley_bar_target_5.png
2026-03-04 20:52:09 | INFO | src.tmc_shapley_islands | Saved add-curve plot to outputs/tmc_shapley_sweep_all_traits/shards/shard_010/tarsus/tmp/add_curve_target_5.png
2026-03-04 20:52:09 | INFO | src.tmc_shapley_islands | Saved remove-curve plot to outputs/tmc_shapley_sweep_all_traits/shards/shard_010/tarsus/tmp/remove_curve_target_5.png
2026-03-04 20:52:09 | INFO | __main__ | Shard 10/30 trait=tarsus progress 47/75 | target=5 n_cal_samples=150 perm=20 repeat=3
2026-03-04 20:52:09 | INFO | src.tmc_shapley_islands | [Shapley] Target island: 5 (Hestmannøy), source islands: 15
2026-03-04 20:52:10 | INFO | src.tmc_shapley_islands | Data: source=4587 (across 15 islands), cal=150, test=913
2026-03-04 20:52:10 | INFO | src.tmc_shapley_islands | SNP selection: using fixed precomputed subset (n=20000)
2026-03-04 20:52:10 | INFO | src.tmc_shapley_islands | Island counts (capped to None in training):
  Nesøy: n=117
  Myken: n=92
  Træna: n=286
  Selvær: n=194
  Gjerøy: n=555
  Indre Kvarøy: n=348
  Onøy og Lurøy: n=257
  Lovund: n=152
  Sleneset: n=163
  Aldra: n=173
  Southern 1: n=583
  Southern 2: n=396
  Southern 3: n=583
  Southern 4: n=486
  Southern 5: n=202
2026-03-04 20:52:10 | INFO | src.tmc_shapley_islands | Loaded 137 cached utilities from outputs/tmc_shapley_sweep_all_traits/cache/tarsus/utility_cache_target_5_seed_2060592766.json
2026-03-04 20:52:10 | INFO | src.tmc_shapley_islands | Running TMC-Shapley with 20 permutations (utility on cal set)...
2026-03-04 20:52:10 | INFO | src.tmc_shapley_islands | Computing V_full over all 15 source islands...
2026-03-04 20:52:10 | INFO | src.tmc_shapley_islands | V_full = 0.2549
2026-03-04 20:52:10 | INFO | src.tmc_shapley_islands | TMC head-start: loaded 10 completed permutations from state outputs/tmc_shapley_sweep_all_traits/cache/tarsus/tmc_perm_state_target_5_seed_2060592766.json
2026-03-04 20:52:46 | INFO | src.tmc_shapley_islands | TMC progress: 12/20 permutations done, cache hit rate: 19.4%, n_evals: 25
2026-03-04 20:53:47 | INFO | src.tmc_shapley_islands | TMC progress: 16/20 permutations done, cache hit rate: 14.3%, n_evals: 78
2026-03-04 20:54:31 | INFO | src.tmc_shapley_islands | TMC progress: 20/20 permutations done, cache hit rate: 17.9%, n_evals: 124
2026-03-04 20:54:31 | INFO | src.tmc_shapley_islands | TMC complete: 20 permutations, 0 truncated, 124 utility evals, cache hit rate: 17.9%
2026-03-04 20:54:31 | INFO | src.tmc_shapley_islands | Shapley values (phi, computed on cal set):
2026-03-04 20:54:31 | INFO | src.tmc_shapley_islands |   Nesøy: phi=0.008399, phi/n=0.00007179
2026-03-04 20:54:31 | INFO | src.tmc_shapley_islands |   Myken: phi=0.059234, phi/n=0.00064385
2026-03-04 20:54:31 | INFO | src.tmc_shapley_islands |   Træna: phi=-0.037619, phi/n=-0.00013153
2026-03-04 20:54:31 | INFO | src.tmc_shapley_islands |   Selvær: phi=0.019137, phi/n=0.00009864
2026-03-04 20:54:31 | INFO | src.tmc_shapley_islands |   Gjerøy: phi=0.076904, phi/n=0.00013857
2026-03-04 20:54:31 | INFO | src.tmc_shapley_islands |   Indre Kvarøy: phi=0.040642, phi/n=0.00011679
2026-03-04 20:54:31 | INFO | src.tmc_shapley_islands |   Onøy og Lurøy: phi=0.047014, phi/n=0.00018293
2026-03-04 20:54:31 | INFO | src.tmc_shapley_islands |   Lovund: phi=0.023242, phi/n=0.00015291
2026-03-04 20:54:31 | INFO | src.tmc_shapley_islands |   Sleneset: phi=-0.024166, phi/n=-0.00014825
2026-03-04 20:54:31 | INFO | src.tmc_shapley_islands |   Aldra: phi=-0.026390, phi/n=-0.00015255
2026-03-04 20:54:31 | INFO | src.tmc_shapley_islands |   Southern 1: phi=-0.006899, phi/n=-0.00001183
2026-03-04 20:54:31 | INFO | src.tmc_shapley_islands |   Southern 2: phi=0.016008, phi/n=0.00004043
2026-03-04 20:54:31 | INFO | src.tmc_shapley_islands |   Southern 3: phi=0.030133, phi/n=0.00005169
2026-03-04 20:54:31 | INFO | src.tmc_shapley_islands |   Southern 4: phi=0.008485, phi/n=0.00001746
2026-03-04 20:54:31 | INFO | src.tmc_shapley_islands |   Southern 5: phi=0.020776, phi/n=0.00010285
2026-03-04 20:54:31 | INFO | src.tmc_shapley_islands | Curve retraining early stopping: enabled=True, patience=20
2026-03-04 20:54:31 | INFO | src.tmc_shapley_islands | Computing add-islands curve (evaluated on test set)...
2026-03-04 20:54:31 | INFO | src.tmc_shapley_islands | Add-curve (mean): 1 islands, n=92 -> corr=0.0708
2026-03-04 20:54:31 | INFO | src.tmc_shapley_islands | Add-curve (mean): 2 islands, n=349 -> corr=0.0957
2026-03-04 20:54:31 | INFO | src.tmc_shapley_islands | Add-curve (mean): 3 islands, n=501 -> corr=0.1018
2026-03-04 20:54:32 | INFO | src.tmc_shapley_islands | Add-curve (mean): 4 islands, n=1056 -> corr=0.1798
2026-03-04 20:54:32 | INFO | src.tmc_shapley_islands | Add-curve (mean): 5 islands, n=1404 -> corr=0.2236
2026-03-04 20:54:33 | INFO | src.tmc_shapley_islands | Add-curve (mean): 6 islands, n=1606 -> corr=0.2196
2026-03-04 20:54:34 | INFO | src.tmc_shapley_islands | Add-curve (mean): 7 islands, n=1800 -> corr=0.2170
2026-03-04 20:54:35 | INFO | src.tmc_shapley_islands | Add-curve (mean): 8 islands, n=1917 -> corr=0.2241
2026-03-04 20:54:36 | INFO | src.tmc_shapley_islands | Add-curve (mean): 9 islands, n=2500 -> corr=0.2184
2026-03-04 20:54:38 | INFO | src.tmc_shapley_islands | Add-curve (mean): 10 islands, n=2896 -> corr=0.2128
2026-03-04 20:54:39 | INFO | src.tmc_shapley_islands | Add-curve (mean): 11 islands, n=3382 -> corr=0.2122
2026-03-04 20:54:41 | INFO | src.tmc_shapley_islands | Add-curve (mean): 12 islands, n=3965 -> corr=0.2042
2026-03-04 20:54:43 | INFO | src.tmc_shapley_islands | Add-curve (mean): 13 islands, n=4251 -> corr=0.2143
2026-03-04 20:54:45 | INFO | src.tmc_shapley_islands | Add-curve (mean): 14 islands, n=4414 -> corr=0.2232
2026-03-04 20:54:47 | INFO | src.tmc_shapley_islands | Add-curve (mean): 15 islands, n=4587 -> corr=0.2245
2026-03-04 20:54:59 | INFO | src.tmc_shapley_islands | Random individual add-curve (seed=0) complete
2026-03-04 20:55:11 | INFO | src.tmc_shapley_islands | Random individual add-curve (seed=1) complete
2026-03-04 20:55:24 | INFO | src.tmc_shapley_islands | Random individual add-curve (seed=2) complete
2026-03-04 20:55:35 | INFO | src.tmc_shapley_islands | Random individual add-curve (seed=3) complete
2026-03-04 20:55:47 | INFO | src.tmc_shapley_islands | Random individual add-curve (seed=4) complete
2026-03-04 20:55:47 | INFO | src.tmc_shapley_islands | Building mirrored remove-islands curve from add-islands curve...
2026-03-04 20:55:47 | INFO | src.tmc_shapley_islands | Saved Shapley values to outputs/tmc_shapley_sweep_all_traits/shards/shard_010/tarsus/tmp/shapley_island_values_target_5.csv
2026-03-04 20:55:47 | INFO | src.tmc_shapley_islands | Saved summary to outputs/tmc_shapley_sweep_all_traits/shards/shard_010/tarsus/tmp/tmc_summary_target_5.json
2026-03-04 20:55:47 | INFO | src.tmc_shapley_islands | Saved intermediate ranking trace to outputs/tmc_shapley_sweep_all_traits/shards/shard_010/tarsus/tmp/tmc_intermediate_rankings_target_5.csv
2026-03-04 20:55:47 | INFO | src.tmc_shapley_islands | Saved add-curve to outputs/tmc_shapley_sweep_all_traits/shards/shard_010/tarsus/tmp/add_curve_target_5.csv
2026-03-04 20:55:47 | INFO | src.tmc_shapley_islands | Saved remove-curve to outputs/tmc_shapley_sweep_all_traits/shards/shard_010/tarsus/tmp/remove_curve_target_5.csv
2026-03-04 20:55:47 | INFO | src.tmc_shapley_islands | Saved bar plot to outputs/tmc_shapley_sweep_all_traits/shards/shard_010/tarsus/tmp/shapley_bar_target_5.png
2026-03-04 20:55:48 | INFO | src.tmc_shapley_islands | Saved add-curve plot to outputs/tmc_shapley_sweep_all_traits/shards/shard_010/tarsus/tmp/add_curve_target_5.png
2026-03-04 20:55:48 | INFO | src.tmc_shapley_islands | Saved remove-curve plot to outputs/tmc_shapley_sweep_all_traits/shards/shard_010/tarsus/tmp/remove_curve_target_5.png
2026-03-04 20:55:48 | INFO | __main__ | Shard 10/30 trait=tarsus progress 48/75 | target=5 n_cal_samples=150 perm=40 repeat=3
2026-03-04 20:55:48 | INFO | src.tmc_shapley_islands | [Shapley] Target island: 5 (Hestmannøy), source islands: 15
2026-03-04 20:55:49 | INFO | src.tmc_shapley_islands | Data: source=4587 (across 15 islands), cal=150, test=913
2026-03-04 20:55:49 | INFO | src.tmc_shapley_islands | SNP selection: using fixed precomputed subset (n=20000)
2026-03-04 20:55:49 | INFO | src.tmc_shapley_islands | Island counts (capped to None in training):
  Nesøy: n=117
  Myken: n=92
  Træna: n=286
  Selvær: n=194
  Gjerøy: n=555
  Indre Kvarøy: n=348
  Onøy og Lurøy: n=257
  Lovund: n=152
  Sleneset: n=163
  Aldra: n=173
  Southern 1: n=583
  Southern 2: n=396
  Southern 3: n=583
  Southern 4: n=486
  Southern 5: n=202
2026-03-04 20:55:49 | INFO | src.tmc_shapley_islands | Loaded 261 cached utilities from outputs/tmc_shapley_sweep_all_traits/cache/tarsus/utility_cache_target_5_seed_2060592766.json
2026-03-04 20:55:49 | INFO | src.tmc_shapley_islands | Running TMC-Shapley with 40 permutations (utility on cal set)...
2026-03-04 20:55:49 | INFO | src.tmc_shapley_islands | Computing V_full over all 15 source islands...
2026-03-04 20:55:49 | INFO | src.tmc_shapley_islands | V_full = 0.2549
2026-03-04 20:55:49 | INFO | src.tmc_shapley_islands | TMC head-start: loaded 20 completed permutations from state outputs/tmc_shapley_sweep_all_traits/cache/tarsus/tmc_perm_state_target_5_seed_2060592766.json
2026-03-04 20:56:43 | INFO | src.tmc_shapley_islands | TMC progress: 24/40 permutations done, cache hit rate: 23.0%, n_evals: 47
2026-03-04 20:58:36 | INFO | src.tmc_shapley_islands | TMC progress: 32/40 permutations done, cache hit rate: 21.0%, n_evals: 143
2026-03-04 21:00:24 | INFO | src.tmc_shapley_islands | TMC progress: 40/40 permutations done, cache hit rate: 23.9%, n_evals: 229
2026-03-04 21:00:24 | INFO | src.tmc_shapley_islands | TMC complete: 40 permutations, 0 truncated, 229 utility evals, cache hit rate: 23.9%
2026-03-04 21:00:24 | INFO | src.tmc_shapley_islands | Shapley values (phi, computed on cal set):
2026-03-04 21:00:24 | INFO | src.tmc_shapley_islands |   Nesøy: phi=0.009685, phi/n=0.00008277
2026-03-04 21:00:24 | INFO | src.tmc_shapley_islands |   Myken: phi=0.048187, phi/n=0.00052378
2026-03-04 21:00:24 | INFO | src.tmc_shapley_islands |   Træna: phi=-0.039557, phi/n=-0.00013831
2026-03-04 21:00:24 | INFO | src.tmc_shapley_islands |   Selvær: phi=0.023940, phi/n=0.00012340
2026-03-04 21:00:24 | INFO | src.tmc_shapley_islands |   Gjerøy: phi=0.075201, phi/n=0.00013550
2026-03-04 21:00:24 | INFO | src.tmc_shapley_islands |   Indre Kvarøy: phi=0.045178, phi/n=0.00012982
2026-03-04 21:00:24 | INFO | src.tmc_shapley_islands |   Onøy og Lurøy: phi=0.050379, phi/n=0.00019603
2026-03-04 21:00:24 | INFO | src.tmc_shapley_islands |   Lovund: phi=0.021833, phi/n=0.00014364
2026-03-04 21:00:24 | INFO | src.tmc_shapley_islands |   Sleneset: phi=-0.020975, phi/n=-0.00012868
2026-03-04 21:00:24 | INFO | src.tmc_shapley_islands |   Aldra: phi=-0.026181, phi/n=-0.00015134
2026-03-04 21:00:24 | INFO | src.tmc_shapley_islands |   Southern 1: phi=-0.007454, phi/n=-0.00001279
2026-03-04 21:00:24 | INFO | src.tmc_shapley_islands |   Southern 2: phi=0.015570, phi/n=0.00003932
2026-03-04 21:00:24 | INFO | src.tmc_shapley_islands |   Southern 3: phi=0.032113, phi/n=0.00005508
2026-03-04 21:00:24 | INFO | src.tmc_shapley_islands |   Southern 4: phi=0.010396, phi/n=0.00002139
2026-03-04 21:00:24 | INFO | src.tmc_shapley_islands |   Southern 5: phi=0.016585, phi/n=0.00008210
2026-03-04 21:00:24 | INFO | src.tmc_shapley_islands | Curve retraining early stopping: enabled=True, patience=20
2026-03-04 21:00:24 | INFO | src.tmc_shapley_islands | Computing add-islands curve (evaluated on test set)...
2026-03-04 21:00:24 | INFO | src.tmc_shapley_islands | Add-curve (mean): 1 islands, n=92 -> corr=0.0708
2026-03-04 21:00:24 | INFO | src.tmc_shapley_islands | Add-curve (mean): 2 islands, n=349 -> corr=0.0957
2026-03-04 21:00:24 | INFO | src.tmc_shapley_islands | Add-curve (mean): 3 islands, n=501 -> corr=0.1018
2026-03-04 21:00:25 | INFO | src.tmc_shapley_islands | Add-curve (mean): 4 islands, n=1056 -> corr=0.1798
2026-03-04 21:00:25 | INFO | src.tmc_shapley_islands | Add-curve (mean): 5 islands, n=1404 -> corr=0.2236
2026-03-04 21:00:26 | INFO | src.tmc_shapley_islands | Add-curve (mean): 6 islands, n=1598 -> corr=0.2204
2026-03-04 21:00:27 | INFO | src.tmc_shapley_islands | Add-curve (mean): 7 islands, n=1715 -> corr=0.2267
2026-03-04 21:00:28 | INFO | src.tmc_shapley_islands | Add-curve (mean): 8 islands, n=1917 -> corr=0.2241
2026-03-04 21:00:29 | INFO | src.tmc_shapley_islands | Add-curve (mean): 9 islands, n=2500 -> corr=0.2184
2026-03-04 21:00:30 | INFO | src.tmc_shapley_islands | Add-curve (mean): 10 islands, n=2896 -> corr=0.2128
2026-03-04 21:00:31 | INFO | src.tmc_shapley_islands | Add-curve (mean): 11 islands, n=3382 -> corr=0.2122
2026-03-04 21:00:33 | INFO | src.tmc_shapley_islands | Add-curve (mean): 12 islands, n=3965 -> corr=0.2042
2026-03-04 21:00:34 | INFO | src.tmc_shapley_islands | Add-curve (mean): 13 islands, n=4128 -> corr=0.2146
2026-03-04 21:00:36 | INFO | src.tmc_shapley_islands | Add-curve (mean): 14 islands, n=4414 -> corr=0.2232
2026-03-04 21:00:40 | INFO | src.tmc_shapley_islands | Add-curve (mean): 15 islands, n=4587 -> corr=0.2245
2026-03-04 21:00:51 | INFO | src.tmc_shapley_islands | Random individual add-curve (seed=0) complete
2026-03-04 21:01:03 | INFO | src.tmc_shapley_islands | Random individual add-curve (seed=1) complete
2026-03-04 21:01:15 | INFO | src.tmc_shapley_islands | Random individual add-curve (seed=2) complete
2026-03-04 21:01:33 | INFO | src.tmc_shapley_islands | Random individual add-curve (seed=3) complete
2026-03-04 21:01:44 | INFO | src.tmc_shapley_islands | Random individual add-curve (seed=4) complete
2026-03-04 21:01:44 | INFO | src.tmc_shapley_islands | Building mirrored remove-islands curve from add-islands curve...
2026-03-04 21:01:44 | INFO | src.tmc_shapley_islands | Saved Shapley values to outputs/tmc_shapley_sweep_all_traits/shards/shard_010/tarsus/tmp/shapley_island_values_target_5.csv
2026-03-04 21:01:44 | INFO | src.tmc_shapley_islands | Saved summary to outputs/tmc_shapley_sweep_all_traits/shards/shard_010/tarsus/tmp/tmc_summary_target_5.json
2026-03-04 21:01:44 | INFO | src.tmc_shapley_islands | Saved intermediate ranking trace to outputs/tmc_shapley_sweep_all_traits/shards/shard_010/tarsus/tmp/tmc_intermediate_rankings_target_5.csv
2026-03-04 21:01:44 | INFO | src.tmc_shapley_islands | Saved add-curve to outputs/tmc_shapley_sweep_all_traits/shards/shard_010/tarsus/tmp/add_curve_target_5.csv
2026-03-04 21:01:44 | INFO | src.tmc_shapley_islands | Saved remove-curve to outputs/tmc_shapley_sweep_all_traits/shards/shard_010/tarsus/tmp/remove_curve_target_5.csv
2026-03-04 21:01:44 | INFO | src.tmc_shapley_islands | Saved bar plot to outputs/tmc_shapley_sweep_all_traits/shards/shard_010/tarsus/tmp/shapley_bar_target_5.png
2026-03-04 21:01:45 | INFO | src.tmc_shapley_islands | Saved add-curve plot to outputs/tmc_shapley_sweep_all_traits/shards/shard_010/tarsus/tmp/add_curve_target_5.png
2026-03-04 21:01:45 | INFO | src.tmc_shapley_islands | Saved remove-curve plot to outputs/tmc_shapley_sweep_all_traits/shards/shard_010/tarsus/tmp/remove_curve_target_5.png
2026-03-04 21:01:45 | INFO | __main__ | Shard 10/30 trait=tarsus progress 49/75 | target=5 n_cal_samples=150 perm=80 repeat=3
2026-03-04 21:01:45 | INFO | src.tmc_shapley_islands | [Shapley] Target island: 5 (Hestmannøy), source islands: 15
2026-03-04 21:01:46 | INFO | src.tmc_shapley_islands | Data: source=4587 (across 15 islands), cal=150, test=913
2026-03-04 21:01:46 | INFO | src.tmc_shapley_islands | SNP selection: using fixed precomputed subset (n=20000)
2026-03-04 21:01:46 | INFO | src.tmc_shapley_islands | Island counts (capped to None in training):
  Nesøy: n=117
  Myken: n=92
  Træna: n=286
  Selvær: n=194
  Gjerøy: n=555
  Indre Kvarøy: n=348
  Onøy og Lurøy: n=257
  Lovund: n=152
  Sleneset: n=163
  Aldra: n=173
  Southern 1: n=583
  Southern 2: n=396
  Southern 3: n=583
  Southern 4: n=486
  Southern 5: n=202
2026-03-04 21:01:46 | INFO | src.tmc_shapley_islands | Loaded 490 cached utilities from outputs/tmc_shapley_sweep_all_traits/cache/tarsus/utility_cache_target_5_seed_2060592766.json
2026-03-04 21:01:46 | INFO | src.tmc_shapley_islands | Running TMC-Shapley with 80 permutations (utility on cal set)...
2026-03-04 21:01:46 | INFO | src.tmc_shapley_islands | Computing V_full over all 15 source islands...
2026-03-04 21:01:46 | INFO | src.tmc_shapley_islands | V_full = 0.2549
2026-03-04 21:01:46 | INFO | src.tmc_shapley_islands | TMC head-start: loaded 40 completed permutations from state outputs/tmc_shapley_sweep_all_traits/cache/tarsus/tmc_perm_state_target_5_seed_2060592766.json
2026-03-04 21:03:32 | INFO | src.tmc_shapley_islands | TMC progress: 48/80 permutations done, cache hit rate: 25.6%, n_evals: 90
2026-03-04 21:07:18 | INFO | src.tmc_shapley_islands | TMC progress: 64/80 permutations done, cache hit rate: 26.3%, n_evals: 266
2026-03-04 21:10:49 | INFO | src.tmc_shapley_islands | TMC progress: 80/80 permutations done, cache hit rate: 26.5%, n_evals: 442
2026-03-04 21:10:49 | INFO | src.tmc_shapley_islands | TMC complete: 80 permutations, 0 truncated, 442 utility evals, cache hit rate: 26.5%
2026-03-04 21:10:49 | INFO | src.tmc_shapley_islands | Shapley values (phi, computed on cal set):
2026-03-04 21:10:49 | INFO | src.tmc_shapley_islands |   Nesøy: phi=0.010364, phi/n=0.00008858
2026-03-04 21:10:49 | INFO | src.tmc_shapley_islands |   Myken: phi=0.051735, phi/n=0.00056234
2026-03-04 21:10:49 | INFO | src.tmc_shapley_islands |   Træna: phi=-0.039805, phi/n=-0.00013918
2026-03-04 21:10:49 | INFO | src.tmc_shapley_islands |   Selvær: phi=0.025404, phi/n=0.00013095
2026-03-04 21:10:49 | INFO | src.tmc_shapley_islands |   Gjerøy: phi=0.073399, phi/n=0.00013225
2026-03-04 21:10:49 | INFO | src.tmc_shapley_islands |   Indre Kvarøy: phi=0.043766, phi/n=0.00012576
2026-03-04 21:10:49 | INFO | src.tmc_shapley_islands |   Onøy og Lurøy: phi=0.051580, phi/n=0.00020070
2026-03-04 21:10:49 | INFO | src.tmc_shapley_islands |   Lovund: phi=0.019483, phi/n=0.00012818
2026-03-04 21:10:49 | INFO | src.tmc_shapley_islands |   Sleneset: phi=-0.019872, phi/n=-0.00012192
2026-03-04 21:10:49 | INFO | src.tmc_shapley_islands |   Aldra: phi=-0.027043, phi/n=-0.00015632
2026-03-04 21:10:49 | INFO | src.tmc_shapley_islands |   Southern 1: phi=-0.009942, phi/n=-0.00001705
2026-03-04 21:10:49 | INFO | src.tmc_shapley_islands |   Southern 2: phi=0.015541, phi/n=0.00003925
2026-03-04 21:10:49 | INFO | src.tmc_shapley_islands |   Southern 3: phi=0.035593, phi/n=0.00006105
2026-03-04 21:10:49 | INFO | src.tmc_shapley_islands |   Southern 4: phi=0.009003, phi/n=0.00001852
2026-03-04 21:10:49 | INFO | src.tmc_shapley_islands |   Southern 5: phi=0.015696, phi/n=0.00007770
2026-03-04 21:10:49 | INFO | src.tmc_shapley_islands | Curve retraining early stopping: enabled=True, patience=20
2026-03-04 21:10:49 | INFO | src.tmc_shapley_islands | Computing add-islands curve (evaluated on test set)...
2026-03-04 21:10:49 | INFO | src.tmc_shapley_islands | Add-curve (mean): 1 islands, n=92 -> corr=0.0708
2026-03-04 21:10:49 | INFO | src.tmc_shapley_islands | Add-curve (mean): 2 islands, n=349 -> corr=0.0957
2026-03-04 21:10:49 | INFO | src.tmc_shapley_islands | Add-curve (mean): 3 islands, n=904 -> corr=0.1736
2026-03-04 21:10:50 | INFO | src.tmc_shapley_islands | Add-curve (mean): 4 islands, n=1098 -> corr=0.1690
2026-03-04 21:10:51 | INFO | src.tmc_shapley_islands | Add-curve (mean): 5 islands, n=1250 -> corr=0.1759
2026-03-04 21:10:51 | INFO | src.tmc_shapley_islands | Add-curve (mean): 6 islands, n=1598 -> corr=0.2204
2026-03-04 21:10:52 | INFO | src.tmc_shapley_islands | Add-curve (mean): 7 islands, n=1715 -> corr=0.2267
2026-03-04 21:10:53 | INFO | src.tmc_shapley_islands | Add-curve (mean): 8 islands, n=1917 -> corr=0.2241
2026-03-04 21:10:54 | INFO | src.tmc_shapley_islands | Add-curve (mean): 9 islands, n=2500 -> corr=0.2184
2026-03-04 21:11:00 | INFO | src.tmc_shapley_islands | Add-curve (mean): 10 islands, n=2896 -> corr=0.2128
2026-03-04 21:11:03 | INFO | src.tmc_shapley_islands | Add-curve (mean): 11 islands, n=3382 -> corr=0.2122
2026-03-04 21:11:05 | INFO | src.tmc_shapley_islands | Add-curve (mean): 12 islands, n=3965 -> corr=0.2042
2026-03-04 21:11:07 | INFO | src.tmc_shapley_islands | Add-curve (mean): 13 islands, n=4128 -> corr=0.2146
2026-03-04 21:11:09 | INFO | src.tmc_shapley_islands | Add-curve (mean): 14 islands, n=4414 -> corr=0.2232
2026-03-04 21:11:11 | INFO | src.tmc_shapley_islands | Add-curve (mean): 15 islands, n=4587 -> corr=0.2245
2026-03-04 21:11:22 | INFO | src.tmc_shapley_islands | Random individual add-curve (seed=0) complete
2026-03-04 21:11:38 | INFO | src.tmc_shapley_islands | Random individual add-curve (seed=1) complete
2026-03-04 21:11:49 | INFO | src.tmc_shapley_islands | Random individual add-curve (seed=2) complete
2026-03-04 21:12:00 | INFO | src.tmc_shapley_islands | Random individual add-curve (seed=3) complete
2026-03-04 21:12:12 | INFO | src.tmc_shapley_islands | Random individual add-curve (seed=4) complete
2026-03-04 21:12:12 | INFO | src.tmc_shapley_islands | Building mirrored remove-islands curve from add-islands curve...
2026-03-04 21:12:12 | INFO | src.tmc_shapley_islands | Saved Shapley values to outputs/tmc_shapley_sweep_all_traits/shards/shard_010/tarsus/tmp/shapley_island_values_target_5.csv
2026-03-04 21:12:12 | INFO | src.tmc_shapley_islands | Saved summary to outputs/tmc_shapley_sweep_all_traits/shards/shard_010/tarsus/tmp/tmc_summary_target_5.json
2026-03-04 21:12:12 | INFO | src.tmc_shapley_islands | Saved intermediate ranking trace to outputs/tmc_shapley_sweep_all_traits/shards/shard_010/tarsus/tmp/tmc_intermediate_rankings_target_5.csv
2026-03-04 21:12:12 | INFO | src.tmc_shapley_islands | Saved add-curve to outputs/tmc_shapley_sweep_all_traits/shards/shard_010/tarsus/tmp/add_curve_target_5.csv
2026-03-04 21:12:12 | INFO | src.tmc_shapley_islands | Saved remove-curve to outputs/tmc_shapley_sweep_all_traits/shards/shard_010/tarsus/tmp/remove_curve_target_5.csv
2026-03-04 21:12:13 | INFO | src.tmc_shapley_islands | Saved bar plot to outputs/tmc_shapley_sweep_all_traits/shards/shard_010/tarsus/tmp/shapley_bar_target_5.png
2026-03-04 21:12:13 | INFO | src.tmc_shapley_islands | Saved add-curve plot to outputs/tmc_shapley_sweep_all_traits/shards/shard_010/tarsus/tmp/add_curve_target_5.png
2026-03-04 21:12:14 | INFO | src.tmc_shapley_islands | Saved remove-curve plot to outputs/tmc_shapley_sweep_all_traits/shards/shard_010/tarsus/tmp/remove_curve_target_5.png
2026-03-04 21:12:14 | INFO | __main__ | Shard 10/30 trait=tarsus progress 50/75 | target=5 n_cal_samples=150 perm=150 repeat=3
2026-03-04 21:12:14 | INFO | src.tmc_shapley_islands | [Shapley] Target island: 5 (Hestmannøy), source islands: 15
2026-03-04 21:12:15 | INFO | src.tmc_shapley_islands | Data: source=4587 (across 15 islands), cal=150, test=913
2026-03-04 21:12:15 | INFO | src.tmc_shapley_islands | SNP selection: using fixed precomputed subset (n=20000)
2026-03-04 21:12:15 | INFO | src.tmc_shapley_islands | Island counts (capped to None in training):
  Nesøy: n=117
  Myken: n=92
  Træna: n=286
  Selvær: n=194
  Gjerøy: n=555
  Indre Kvarøy: n=348
  Onøy og Lurøy: n=257
  Lovund: n=152
  Sleneset: n=163
  Aldra: n=173
  Southern 1: n=583
  Southern 2: n=396
  Southern 3: n=583
  Southern 4: n=486
  Southern 5: n=202
2026-03-04 21:12:15 | INFO | src.tmc_shapley_islands | Loaded 932 cached utilities from outputs/tmc_shapley_sweep_all_traits/cache/tarsus/utility_cache_target_5_seed_2060592766.json
2026-03-04 21:12:15 | INFO | src.tmc_shapley_islands | Running TMC-Shapley with 150 permutations (utility on cal set)...
2026-03-04 21:12:15 | INFO | src.tmc_shapley_islands | Computing V_full over all 15 source islands...
2026-03-04 21:12:15 | INFO | src.tmc_shapley_islands | V_full = 0.2549
2026-03-04 21:12:15 | INFO | src.tmc_shapley_islands | TMC head-start: loaded 80 completed permutations from state outputs/tmc_shapley_sweep_all_traits/cache/tarsus/tmc_perm_state_target_5_seed_2060592766.json
2026-03-04 21:14:10 | INFO | src.tmc_shapley_islands | TMC progress: 90/150 permutations done, cache hit rate: 30.5%, n_evals: 105
2026-03-04 21:19:59 | INFO | src.tmc_shapley_islands | TMC progress: 120/150 permutations done, cache hit rate: 34.1%, n_evals: 396
2026-03-04 21:25:23 | INFO | src.tmc_shapley_islands | TMC progress: 150/150 permutations done, cache hit rate: 35.1%, n_evals: 682
2026-03-04 21:25:23 | INFO | src.tmc_shapley_islands | TMC complete: 150 permutations, 0 truncated, 682 utility evals, cache hit rate: 35.1%
2026-03-04 21:25:23 | INFO | src.tmc_shapley_islands | Shapley values (phi, computed on cal set):
2026-03-04 21:25:23 | INFO | src.tmc_shapley_islands |   Nesøy: phi=0.011153, phi/n=0.00009533
2026-03-04 21:25:23 | INFO | src.tmc_shapley_islands |   Myken: phi=0.055326, phi/n=0.00060137
2026-03-04 21:25:23 | INFO | src.tmc_shapley_islands |   Træna: phi=-0.040781, phi/n=-0.00014259
2026-03-04 21:25:23 | INFO | src.tmc_shapley_islands |   Selvær: phi=0.028234, phi/n=0.00014554
2026-03-04 21:25:23 | INFO | src.tmc_shapley_islands |   Gjerøy: phi=0.075055, phi/n=0.00013523
2026-03-04 21:25:23 | INFO | src.tmc_shapley_islands |   Indre Kvarøy: phi=0.038517, phi/n=0.00011068
2026-03-04 21:25:23 | INFO | src.tmc_shapley_islands |   Onøy og Lurøy: phi=0.049252, phi/n=0.00019164
2026-03-04 21:25:23 | INFO | src.tmc_shapley_islands |   Lovund: phi=0.022469, phi/n=0.00014782
2026-03-04 21:25:23 | INFO | src.tmc_shapley_islands |   Sleneset: phi=-0.021666, phi/n=-0.00013292
2026-03-04 21:25:23 | INFO | src.tmc_shapley_islands |   Aldra: phi=-0.027047, phi/n=-0.00015634
2026-03-04 21:25:23 | INFO | src.tmc_shapley_islands |   Southern 1: phi=-0.010587, phi/n=-0.00001816
2026-03-04 21:25:23 | INFO | src.tmc_shapley_islands |   Southern 2: phi=0.014648, phi/n=0.00003699
2026-03-04 21:25:23 | INFO | src.tmc_shapley_islands |   Southern 3: phi=0.037382, phi/n=0.00006412
2026-03-04 21:25:23 | INFO | src.tmc_shapley_islands |   Southern 4: phi=0.007965, phi/n=0.00001639
2026-03-04 21:25:23 | INFO | src.tmc_shapley_islands |   Southern 5: phi=0.014981, phi/n=0.00007416
2026-03-04 21:25:23 | INFO | src.tmc_shapley_islands | Curve retraining early stopping: enabled=True, patience=20
2026-03-04 21:25:23 | INFO | src.tmc_shapley_islands | Computing add-islands curve (evaluated on test set)...
2026-03-04 21:25:23 | INFO | src.tmc_shapley_islands | Add-curve (mean): 1 islands, n=92 -> corr=0.0708
2026-03-04 21:25:24 | INFO | src.tmc_shapley_islands | Add-curve (mean): 2 islands, n=349 -> corr=0.0957
2026-03-04 21:25:24 | INFO | src.tmc_shapley_islands | Add-curve (mean): 3 islands, n=501 -> corr=0.1018
2026-03-04 21:25:24 | INFO | src.tmc_shapley_islands | Add-curve (mean): 4 islands, n=695 -> corr=0.0965
2026-03-04 21:25:25 | INFO | src.tmc_shapley_islands | Add-curve (mean): 5 islands, n=1250 -> corr=0.1759
2026-03-04 21:25:25 | INFO | src.tmc_shapley_islands | Add-curve (mean): 6 islands, n=1598 -> corr=0.2204
2026-03-04 21:25:26 | INFO | src.tmc_shapley_islands | Add-curve (mean): 7 islands, n=1715 -> corr=0.2267
2026-03-04 21:25:27 | INFO | src.tmc_shapley_islands | Add-curve (mean): 8 islands, n=1917 -> corr=0.2241
2026-03-04 21:25:28 | INFO | src.tmc_shapley_islands | Add-curve (mean): 9 islands, n=2500 -> corr=0.2184
2026-03-04 21:25:29 | INFO | src.tmc_shapley_islands | Add-curve (mean): 10 islands, n=2896 -> corr=0.2128
2026-03-04 21:25:32 | INFO | src.tmc_shapley_islands | Add-curve (mean): 11 islands, n=3382 -> corr=0.2122
2026-03-04 21:25:34 | INFO | src.tmc_shapley_islands | Add-curve (mean): 12 islands, n=3965 -> corr=0.2042
2026-03-04 21:25:39 | INFO | src.tmc_shapley_islands | Add-curve (mean): 13 islands, n=4128 -> corr=0.2146
2026-03-04 21:25:41 | INFO | src.tmc_shapley_islands | Add-curve (mean): 14 islands, n=4414 -> corr=0.2232
2026-03-04 21:25:45 | INFO | src.tmc_shapley_islands | Add-curve (mean): 15 islands, n=4587 -> corr=0.2245
2026-03-04 21:26:03 | INFO | src.tmc_shapley_islands | Random individual add-curve (seed=0) complete
2026-03-04 21:26:17 | INFO | src.tmc_shapley_islands | Random individual add-curve (seed=1) complete
2026-03-04 21:26:32 | INFO | src.tmc_shapley_islands | Random individual add-curve (seed=2) complete
2026-03-04 21:26:43 | INFO | src.tmc_shapley_islands | Random individual add-curve (seed=3) complete
2026-03-04 21:27:00 | INFO | src.tmc_shapley_islands | Random individual add-curve (seed=4) complete
2026-03-04 21:27:00 | INFO | src.tmc_shapley_islands | Building mirrored remove-islands curve from add-islands curve...
2026-03-04 21:27:00 | INFO | src.tmc_shapley_islands | Saved Shapley values to outputs/tmc_shapley_sweep_all_traits/shards/shard_010/tarsus/tmp/shapley_island_values_target_5.csv
2026-03-04 21:27:00 | INFO | src.tmc_shapley_islands | Saved summary to outputs/tmc_shapley_sweep_all_traits/shards/shard_010/tarsus/tmp/tmc_summary_target_5.json
2026-03-04 21:27:00 | INFO | src.tmc_shapley_islands | Saved intermediate ranking trace to outputs/tmc_shapley_sweep_all_traits/shards/shard_010/tarsus/tmp/tmc_intermediate_rankings_target_5.csv
2026-03-04 21:27:00 | INFO | src.tmc_shapley_islands | Saved add-curve to outputs/tmc_shapley_sweep_all_traits/shards/shard_010/tarsus/tmp/add_curve_target_5.csv
2026-03-04 21:27:00 | INFO | src.tmc_shapley_islands | Saved remove-curve to outputs/tmc_shapley_sweep_all_traits/shards/shard_010/tarsus/tmp/remove_curve_target_5.csv
2026-03-04 21:27:01 | INFO | src.tmc_shapley_islands | Saved bar plot to outputs/tmc_shapley_sweep_all_traits/shards/shard_010/tarsus/tmp/shapley_bar_target_5.png
2026-03-04 21:27:01 | INFO | src.tmc_shapley_islands | Saved add-curve plot to outputs/tmc_shapley_sweep_all_traits/shards/shard_010/tarsus/tmp/add_curve_target_5.png
2026-03-04 21:27:01 | INFO | src.tmc_shapley_islands | Saved remove-curve plot to outputs/tmc_shapley_sweep_all_traits/shards/shard_010/tarsus/tmp/remove_curve_target_5.png
2026-03-04 21:27:01 | INFO | __main__ | Shard 10/30 trait=tarsus progress 51/75 | target=14 n_cal_samples=10 perm=10 repeat=3
2026-03-04 21:27:01 | INFO | src.tmc_shapley_islands | [Shapley] Target island: 14 (Southern 4), source islands: 15
2026-03-04 21:27:02 | INFO | src.tmc_shapley_islands | Data: source=5164 (across 15 islands), cal=10, test=336
2026-03-04 21:27:02 | INFO | src.tmc_shapley_islands | SNP selection: using fixed precomputed subset (n=20000)
2026-03-04 21:27:02 | INFO | src.tmc_shapley_islands | Island counts (capped to None in training):
  Nesøy: n=117
  Myken: n=92
  Træna: n=286
  Selvær: n=194
  Gjerøy: n=555
  Hestmannøy: n=1063
  Indre Kvarøy: n=348
  Onøy og Lurøy: n=257
  Lovund: n=152
  Sleneset: n=163
  Aldra: n=173
  Southern 1: n=583
  Southern 2: n=396
  Southern 3: n=583
  Southern 5: n=202
2026-03-04 21:27:02 | INFO | src.tmc_shapley_islands | Running TMC-Shapley with 10 permutations (utility on cal set)...
2026-03-04 21:27:02 | INFO | src.tmc_shapley_islands | Computing V_full over all 15 source islands...
2026-03-04 21:27:04 | INFO | src.tmc_shapley_islands | V_full = 0.8530
2026-03-04 21:27:33 | INFO | src.tmc_shapley_islands | TMC progress: 2/10 permutations done, cache hit rate: 6.5%, n_evals: 29
2026-03-04 21:28:19 | INFO | src.tmc_shapley_islands | TMC progress: 4/10 permutations done, cache hit rate: 6.6%, n_evals: 57
2026-03-04 21:28:49 | INFO | src.tmc_shapley_islands | TMC progress: 6/10 permutations done, cache hit rate: 8.8%, n_evals: 83
2026-03-04 21:29:17 | INFO | src.tmc_shapley_islands | TMC progress: 8/10 permutations done, cache hit rate: 11.6%, n_evals: 107
2026-03-04 21:29:47 | INFO | src.tmc_shapley_islands | TMC progress: 10/10 permutations done, cache hit rate: 13.9%, n_evals: 130
2026-03-04 21:29:47 | INFO | src.tmc_shapley_islands | TMC complete: 10 permutations, 0 truncated, 130 utility evals, cache hit rate: 13.9%
2026-03-04 21:29:47 | INFO | src.tmc_shapley_islands | Shapley values (phi, computed on cal set):
2026-03-04 21:29:47 | INFO | src.tmc_shapley_islands |   Nesøy: phi=-0.076403, phi/n=-0.00065302
2026-03-04 21:29:47 | INFO | src.tmc_shapley_islands |   Myken: phi=0.019807, phi/n=0.00021529
2026-03-04 21:29:47 | INFO | src.tmc_shapley_islands |   Træna: phi=0.003923, phi/n=0.00001372
2026-03-04 21:29:47 | INFO | src.tmc_shapley_islands |   Selvær: phi=-0.022002, phi/n=-0.00011341
2026-03-04 21:29:47 | INFO | src.tmc_shapley_islands |   Gjerøy: phi=-0.030494, phi/n=-0.00005494
2026-03-04 21:29:47 | INFO | src.tmc_shapley_islands |   Hestmannøy: phi=-0.020276, phi/n=-0.00001907
2026-03-04 21:29:47 | INFO | src.tmc_shapley_islands |   Indre Kvarøy: phi=0.001060, phi/n=0.00000305
2026-03-04 21:29:47 | INFO | src.tmc_shapley_islands |   Onøy og Lurøy: phi=0.147567, phi/n=0.00057419
2026-03-04 21:29:47 | INFO | src.tmc_shapley_islands |   Lovund: phi=-0.009480, phi/n=-0.00006237
2026-03-04 21:29:47 | INFO | src.tmc_shapley_islands |   Sleneset: phi=0.028730, phi/n=0.00017626
2026-03-04 21:29:47 | INFO | src.tmc_shapley_islands |   Aldra: phi=-0.002225, phi/n=-0.00001286
2026-03-04 21:29:47 | INFO | src.tmc_shapley_islands |   Southern 1: phi=0.362311, phi/n=0.00062146
2026-03-04 21:29:47 | INFO | src.tmc_shapley_islands |   Southern 2: phi=-0.044773, phi/n=-0.00011306
2026-03-04 21:29:47 | INFO | src.tmc_shapley_islands |   Southern 3: phi=0.394703, phi/n=0.00067702
2026-03-04 21:29:47 | INFO | src.tmc_shapley_islands |   Southern 5: phi=0.100563, phi/n=0.00049783
2026-03-04 21:29:47 | INFO | src.tmc_shapley_islands | Curve retraining early stopping: enabled=True, patience=20
2026-03-04 21:29:47 | INFO | src.tmc_shapley_islands | Computing add-islands curve (evaluated on test set)...
2026-03-04 21:29:47 | INFO | src.tmc_shapley_islands | Add-curve (mean): 1 islands, n=583 -> corr=-0.0432
2026-03-04 21:29:48 | INFO | src.tmc_shapley_islands | Add-curve (mean): 2 islands, n=1166 -> corr=0.0606
2026-03-04 21:29:49 | INFO | src.tmc_shapley_islands | Add-curve (mean): 3 islands, n=1423 -> corr=0.0742
2026-03-04 21:29:49 | INFO | src.tmc_shapley_islands | Add-curve (mean): 4 islands, n=1625 -> corr=0.0685
2026-03-04 21:29:50 | INFO | src.tmc_shapley_islands | Add-curve (mean): 5 islands, n=1717 -> corr=0.0532
2026-03-04 21:29:51 | INFO | src.tmc_shapley_islands | Add-curve (mean): 6 islands, n=1880 -> corr=0.0614
2026-03-04 21:29:52 | INFO | src.tmc_shapley_islands | Add-curve (mean): 7 islands, n=2166 -> corr=0.0527
2026-03-04 21:29:54 | INFO | src.tmc_shapley_islands | Add-curve (mean): 8 islands, n=2514 -> corr=0.0230
2026-03-04 21:29:58 | INFO | src.tmc_shapley_islands | Add-curve (mean): 9 islands, n=2687 -> corr=0.0331
2026-03-04 21:30:02 | INFO | src.tmc_shapley_islands | Add-curve (mean): 10 islands, n=3750 -> corr=0.0581
2026-03-04 21:30:03 | INFO | src.tmc_shapley_islands | Add-curve (mean): 11 islands, n=4305 -> corr=0.0276
2026-03-04 21:30:05 | INFO | src.tmc_shapley_islands | Add-curve (mean): 12 islands, n=4457 -> corr=0.0391
2026-03-04 21:30:08 | INFO | src.tmc_shapley_islands | Add-curve (mean): 13 islands, n=4853 -> corr=0.0929
2026-03-04 21:30:10 | INFO | src.tmc_shapley_islands | Add-curve (mean): 14 islands, n=5047 -> corr=0.0841
2026-03-04 21:30:12 | INFO | src.tmc_shapley_islands | Add-curve (mean): 15 islands, n=5164 -> corr=0.0916
2026-03-04 21:30:47 | INFO | src.tmc_shapley_islands | Random individual add-curve (seed=0) complete
2026-03-04 21:31:04 | INFO | src.tmc_shapley_islands | Random individual add-curve (seed=1) complete
2026-03-04 21:31:27 | INFO | src.tmc_shapley_islands | Random individual add-curve (seed=2) complete
2026-03-04 21:31:41 | INFO | src.tmc_shapley_islands | Random individual add-curve (seed=3) complete
2026-03-04 21:32:08 | INFO | src.tmc_shapley_islands | Random individual add-curve (seed=4) complete
2026-03-04 21:32:08 | INFO | src.tmc_shapley_islands | Building mirrored remove-islands curve from add-islands curve...
2026-03-04 21:32:08 | INFO | src.tmc_shapley_islands | Saved Shapley values to outputs/tmc_shapley_sweep_all_traits/shards/shard_010/tarsus/tmp/shapley_island_values_target_14.csv
2026-03-04 21:32:08 | INFO | src.tmc_shapley_islands | Saved summary to outputs/tmc_shapley_sweep_all_traits/shards/shard_010/tarsus/tmp/tmc_summary_target_14.json
2026-03-04 21:32:08 | INFO | src.tmc_shapley_islands | Saved intermediate ranking trace to outputs/tmc_shapley_sweep_all_traits/shards/shard_010/tarsus/tmp/tmc_intermediate_rankings_target_14.csv
2026-03-04 21:32:08 | INFO | src.tmc_shapley_islands | Saved add-curve to outputs/tmc_shapley_sweep_all_traits/shards/shard_010/tarsus/tmp/add_curve_target_14.csv
2026-03-04 21:32:08 | INFO | src.tmc_shapley_islands | Saved remove-curve to outputs/tmc_shapley_sweep_all_traits/shards/shard_010/tarsus/tmp/remove_curve_target_14.csv
2026-03-04 21:32:08 | INFO | src.tmc_shapley_islands | Saved bar plot to outputs/tmc_shapley_sweep_all_traits/shards/shard_010/tarsus/tmp/shapley_bar_target_14.png
2026-03-04 21:32:09 | INFO | src.tmc_shapley_islands | Saved add-curve plot to outputs/tmc_shapley_sweep_all_traits/shards/shard_010/tarsus/tmp/add_curve_target_14.png
2026-03-04 21:32:09 | INFO | src.tmc_shapley_islands | Saved remove-curve plot to outputs/tmc_shapley_sweep_all_traits/shards/shard_010/tarsus/tmp/remove_curve_target_14.png
2026-03-04 21:32:09 | INFO | __main__ | Shard 10/30 trait=tarsus progress 52/75 | target=14 n_cal_samples=10 perm=20 repeat=3
2026-03-04 21:32:09 | INFO | src.tmc_shapley_islands | [Shapley] Target island: 14 (Southern 4), source islands: 15
2026-03-04 21:32:10 | INFO | src.tmc_shapley_islands | Data: source=5164 (across 15 islands), cal=10, test=336
2026-03-04 21:32:10 | INFO | src.tmc_shapley_islands | SNP selection: using fixed precomputed subset (n=20000)
2026-03-04 21:32:10 | INFO | src.tmc_shapley_islands | Island counts (capped to None in training):
  Nesøy: n=117
  Myken: n=92
  Træna: n=286
  Selvær: n=194
  Gjerøy: n=555
  Hestmannøy: n=1063
  Indre Kvarøy: n=348
  Onøy og Lurøy: n=257
  Lovund: n=152
  Sleneset: n=163
  Aldra: n=173
  Southern 1: n=583
  Southern 2: n=396
  Southern 3: n=583
  Southern 5: n=202
2026-03-04 21:32:10 | INFO | src.tmc_shapley_islands | Loaded 130 cached utilities from outputs/tmc_shapley_sweep_all_traits/cache/tarsus/utility_cache_target_14_seed_439894126.json
2026-03-04 21:32:10 | INFO | src.tmc_shapley_islands | Running TMC-Shapley with 20 permutations (utility on cal set)...
2026-03-04 21:32:10 | INFO | src.tmc_shapley_islands | Computing V_full over all 15 source islands...
2026-03-04 21:32:10 | INFO | src.tmc_shapley_islands | V_full = 0.8530
2026-03-04 21:32:10 | INFO | src.tmc_shapley_islands | TMC head-start: loaded 10 completed permutations from state outputs/tmc_shapley_sweep_all_traits/cache/tarsus/tmc_perm_state_target_14_seed_439894126.json
2026-03-04 21:32:49 | INFO | src.tmc_shapley_islands | TMC progress: 12/20 permutations done, cache hit rate: 16.1%, n_evals: 26
2026-03-04 21:34:02 | INFO | src.tmc_shapley_islands | TMC progress: 16/20 permutations done, cache hit rate: 16.5%, n_evals: 76
2026-03-04 21:34:59 | INFO | src.tmc_shapley_islands | TMC progress: 20/20 permutations done, cache hit rate: 19.9%, n_evals: 121
2026-03-04 21:34:59 | INFO | src.tmc_shapley_islands | TMC complete: 20 permutations, 0 truncated, 121 utility evals, cache hit rate: 19.9%
2026-03-04 21:34:59 | INFO | src.tmc_shapley_islands | Shapley values (phi, computed on cal set):
2026-03-04 21:34:59 | INFO | src.tmc_shapley_islands |   Nesøy: phi=-0.053517, phi/n=-0.00045741
2026-03-04 21:34:59 | INFO | src.tmc_shapley_islands |   Myken: phi=0.007781, phi/n=0.00008458
2026-03-04 21:34:59 | INFO | src.tmc_shapley_islands |   Træna: phi=-0.010488, phi/n=-0.00003667
2026-03-04 21:34:59 | INFO | src.tmc_shapley_islands |   Selvær: phi=-0.017069, phi/n=-0.00008798
2026-03-04 21:34:59 | INFO | src.tmc_shapley_islands |   Gjerøy: phi=0.009596, phi/n=0.00001729
2026-03-04 21:34:59 | INFO | src.tmc_shapley_islands |   Hestmannøy: phi=0.014155, phi/n=0.00001332
2026-03-04 21:34:59 | INFO | src.tmc_shapley_islands |   Indre Kvarøy: phi=0.003376, phi/n=0.00000970
2026-03-04 21:34:59 | INFO | src.tmc_shapley_islands |   Onøy og Lurøy: phi=0.084387, phi/n=0.00032835
2026-03-04 21:34:59 | INFO | src.tmc_shapley_islands |   Lovund: phi=-0.000121, phi/n=-0.00000080
2026-03-04 21:34:59 | INFO | src.tmc_shapley_islands |   Sleneset: phi=0.041633, phi/n=0.00025542
2026-03-04 21:34:59 | INFO | src.tmc_shapley_islands |   Aldra: phi=0.007193, phi/n=0.00004158
2026-03-04 21:34:59 | INFO | src.tmc_shapley_islands |   Southern 1: phi=0.362211, phi/n=0.00062129
2026-03-04 21:34:59 | INFO | src.tmc_shapley_islands |   Southern 2: phi=-0.076558, phi/n=-0.00019333
2026-03-04 21:34:59 | INFO | src.tmc_shapley_islands |   Southern 3: phi=0.338942, phi/n=0.00058138
2026-03-04 21:34:59 | INFO | src.tmc_shapley_islands |   Southern 5: phi=0.141491, phi/n=0.00070045
2026-03-04 21:34:59 | INFO | src.tmc_shapley_islands | Curve retraining early stopping: enabled=True, patience=20
2026-03-04 21:34:59 | INFO | src.tmc_shapley_islands | Computing add-islands curve (evaluated on test set)...
2026-03-04 21:34:59 | INFO | src.tmc_shapley_islands | Add-curve (mean): 1 islands, n=202 -> corr=0.0134
2026-03-04 21:35:00 | INFO | src.tmc_shapley_islands | Add-curve (mean): 2 islands, n=785 -> corr=0.0915
2026-03-04 21:35:00 | INFO | src.tmc_shapley_islands | Add-curve (mean): 3 islands, n=1368 -> corr=0.0585
2026-03-04 21:35:01 | INFO | src.tmc_shapley_islands | Add-curve (mean): 4 islands, n=1625 -> corr=0.0685
2026-03-04 21:35:02 | INFO | src.tmc_shapley_islands | Add-curve (mean): 5 islands, n=1788 -> corr=0.0758
2026-03-04 21:35:02 | INFO | src.tmc_shapley_islands | Add-curve (mean): 6 islands, n=1880 -> corr=0.0614
2026-03-04 21:35:03 | INFO | src.tmc_shapley_islands | Add-curve (mean): 7 islands, n=2053 -> corr=0.0696
2026-03-04 21:35:04 | INFO | src.tmc_shapley_islands | Add-curve (mean): 8 islands, n=2608 -> corr=0.0305
2026-03-04 21:35:07 | INFO | src.tmc_shapley_islands | Add-curve (mean): 9 islands, n=3671 -> corr=0.0518
2026-03-04 21:35:08 | INFO | src.tmc_shapley_islands | Add-curve (mean): 10 islands, n=4019 -> corr=0.0308
2026-03-04 21:35:10 | INFO | src.tmc_shapley_islands | Add-curve (mean): 11 islands, n=4171 -> corr=0.0418
2026-03-04 21:35:12 | INFO | src.tmc_shapley_islands | Add-curve (mean): 12 islands, n=4457 -> corr=0.0391
2026-03-04 21:35:14 | INFO | src.tmc_shapley_islands | Add-curve (mean): 13 islands, n=4651 -> corr=0.0301
2026-03-04 21:35:16 | INFO | src.tmc_shapley_islands | Add-curve (mean): 14 islands, n=5047 -> corr=0.0841
2026-03-04 21:35:19 | INFO | src.tmc_shapley_islands | Add-curve (mean): 15 islands, n=5164 -> corr=0.0916
2026-03-04 21:35:32 | INFO | src.tmc_shapley_islands | Random individual add-curve (seed=0) complete
2026-03-04 21:35:48 | INFO | src.tmc_shapley_islands | Random individual add-curve (seed=1) complete
2026-03-04 21:36:05 | INFO | src.tmc_shapley_islands | Random individual add-curve (seed=2) complete
2026-03-04 21:36:20 | INFO | src.tmc_shapley_islands | Random individual add-curve (seed=3) complete
2026-03-04 21:36:37 | INFO | src.tmc_shapley_islands | Random individual add-curve (seed=4) complete
2026-03-04 21:36:37 | INFO | src.tmc_shapley_islands | Building mirrored remove-islands curve from add-islands curve...
2026-03-04 21:36:37 | INFO | src.tmc_shapley_islands | Saved Shapley values to outputs/tmc_shapley_sweep_all_traits/shards/shard_010/tarsus/tmp/shapley_island_values_target_14.csv
2026-03-04 21:36:37 | INFO | src.tmc_shapley_islands | Saved summary to outputs/tmc_shapley_sweep_all_traits/shards/shard_010/tarsus/tmp/tmc_summary_target_14.json
2026-03-04 21:36:37 | INFO | src.tmc_shapley_islands | Saved intermediate ranking trace to outputs/tmc_shapley_sweep_all_traits/shards/shard_010/tarsus/tmp/tmc_intermediate_rankings_target_14.csv
2026-03-04 21:36:37 | INFO | src.tmc_shapley_islands | Saved add-curve to outputs/tmc_shapley_sweep_all_traits/shards/shard_010/tarsus/tmp/add_curve_target_14.csv
2026-03-04 21:36:37 | INFO | src.tmc_shapley_islands | Saved remove-curve to outputs/tmc_shapley_sweep_all_traits/shards/shard_010/tarsus/tmp/remove_curve_target_14.csv
2026-03-04 21:36:38 | INFO | src.tmc_shapley_islands | Saved bar plot to outputs/tmc_shapley_sweep_all_traits/shards/shard_010/tarsus/tmp/shapley_bar_target_14.png
2026-03-04 21:36:38 | INFO | src.tmc_shapley_islands | Saved add-curve plot to outputs/tmc_shapley_sweep_all_traits/shards/shard_010/tarsus/tmp/add_curve_target_14.png
2026-03-04 21:36:39 | INFO | src.tmc_shapley_islands | Saved remove-curve plot to outputs/tmc_shapley_sweep_all_traits/shards/shard_010/tarsus/tmp/remove_curve_target_14.png
2026-03-04 21:36:39 | INFO | __main__ | Shard 10/30 trait=tarsus progress 53/75 | target=14 n_cal_samples=10 perm=40 repeat=3
2026-03-04 21:36:39 | INFO | src.tmc_shapley_islands | [Shapley] Target island: 14 (Southern 4), source islands: 15
2026-03-04 21:36:40 | INFO | src.tmc_shapley_islands | Data: source=5164 (across 15 islands), cal=10, test=336
2026-03-04 21:36:40 | INFO | src.tmc_shapley_islands | SNP selection: using fixed precomputed subset (n=20000)
2026-03-04 21:36:40 | INFO | src.tmc_shapley_islands | Island counts (capped to None in training):
  Nesøy: n=117
  Myken: n=92
  Træna: n=286
  Selvær: n=194
  Gjerøy: n=555
  Hestmannøy: n=1063
  Indre Kvarøy: n=348
  Onøy og Lurøy: n=257
  Lovund: n=152
  Sleneset: n=163
  Aldra: n=173
  Southern 1: n=583
  Southern 2: n=396
  Southern 3: n=583
  Southern 5: n=202
2026-03-04 21:36:40 | INFO | src.tmc_shapley_islands | Loaded 251 cached utilities from outputs/tmc_shapley_sweep_all_traits/cache/tarsus/utility_cache_target_14_seed_439894126.json
2026-03-04 21:36:40 | INFO | src.tmc_shapley_islands | Running TMC-Shapley with 40 permutations (utility on cal set)...
2026-03-04 21:36:40 | INFO | src.tmc_shapley_islands | Computing V_full over all 15 source islands...
2026-03-04 21:36:40 | INFO | src.tmc_shapley_islands | V_full = 0.8530
2026-03-04 21:36:40 | INFO | src.tmc_shapley_islands | TMC head-start: loaded 20 completed permutations from state outputs/tmc_shapley_sweep_all_traits/cache/tarsus/tmc_perm_state_target_14_seed_439894126.json
2026-03-04 21:37:41 | INFO | src.tmc_shapley_islands | TMC progress: 24/40 permutations done, cache hit rate: 16.4%, n_evals: 51
2026-03-04 21:39:34 | INFO | src.tmc_shapley_islands | TMC progress: 32/40 permutations done, cache hit rate: 18.8%, n_evals: 147
2026-03-04 21:42:01 | INFO | src.tmc_shapley_islands | TMC progress: 40/40 permutations done, cache hit rate: 21.3%, n_evals: 237
2026-03-04 21:42:01 | INFO | src.tmc_shapley_islands | TMC complete: 40 permutations, 0 truncated, 237 utility evals, cache hit rate: 21.3%
2026-03-04 21:42:01 | INFO | src.tmc_shapley_islands | Shapley values (phi, computed on cal set):
2026-03-04 21:42:01 | INFO | src.tmc_shapley_islands |   Nesøy: phi=-0.036753, phi/n=-0.00031413
2026-03-04 21:42:01 | INFO | src.tmc_shapley_islands |   Myken: phi=-0.001042, phi/n=-0.00001133
2026-03-04 21:42:01 | INFO | src.tmc_shapley_islands |   Træna: phi=-0.007237, phi/n=-0.00002530
2026-03-04 21:42:01 | INFO | src.tmc_shapley_islands |   Selvær: phi=-0.015691, phi/n=-0.00008088
2026-03-04 21:42:01 | INFO | src.tmc_shapley_islands |   Gjerøy: phi=-0.008175, phi/n=-0.00001473
2026-03-04 21:42:01 | INFO | src.tmc_shapley_islands |   Hestmannøy: phi=0.022202, phi/n=0.00002089
2026-03-04 21:42:01 | INFO | src.tmc_shapley_islands |   Indre Kvarøy: phi=0.004081, phi/n=0.00001173
2026-03-04 21:42:01 | INFO | src.tmc_shapley_islands |   Onøy og Lurøy: phi=0.043052, phi/n=0.00016752
2026-03-04 21:42:01 | INFO | src.tmc_shapley_islands |   Lovund: phi=0.000609, phi/n=0.00000401
2026-03-04 21:42:01 | INFO | src.tmc_shapley_islands |   Sleneset: phi=0.029042, phi/n=0.00017817
2026-03-04 21:42:01 | INFO | src.tmc_shapley_islands |   Aldra: phi=0.012195, phi/n=0.00007049
2026-03-04 21:42:01 | INFO | src.tmc_shapley_islands |   Southern 1: phi=0.328507, phi/n=0.00056348
2026-03-04 21:42:01 | INFO | src.tmc_shapley_islands |   Southern 2: phi=-0.079772, phi/n=-0.00020144
2026-03-04 21:42:01 | INFO | src.tmc_shapley_islands |   Southern 3: phi=0.403802, phi/n=0.00069263
2026-03-04 21:42:01 | INFO | src.tmc_shapley_islands |   Southern 5: phi=0.158190, phi/n=0.00078312
2026-03-04 21:42:01 | INFO | src.tmc_shapley_islands | Curve retraining early stopping: enabled=True, patience=20
2026-03-04 21:42:01 | INFO | src.tmc_shapley_islands | Computing add-islands curve (evaluated on test set)...
2026-03-04 21:42:01 | INFO | src.tmc_shapley_islands | Add-curve (mean): 1 islands, n=202 -> corr=0.0134
2026-03-04 21:42:02 | INFO | src.tmc_shapley_islands | Add-curve (mean): 2 islands, n=785 -> corr=-0.0205
2026-03-04 21:42:02 | INFO | src.tmc_shapley_islands | Add-curve (mean): 3 islands, n=1368 -> corr=0.0585
2026-03-04 21:42:03 | INFO | src.tmc_shapley_islands | Add-curve (mean): 4 islands, n=1531 -> corr=0.0683
2026-03-04 21:42:04 | INFO | src.tmc_shapley_islands | Add-curve (mean): 5 islands, n=1788 -> corr=0.0758
2026-03-04 21:42:05 | INFO | src.tmc_shapley_islands | Add-curve (mean): 6 islands, n=1961 -> corr=0.0837
2026-03-04 21:42:06 | INFO | src.tmc_shapley_islands | Add-curve (mean): 7 islands, n=3024 -> corr=0.0996
2026-03-04 21:42:07 | INFO | src.tmc_shapley_islands | Add-curve (mean): 8 islands, n=3372 -> corr=0.0739
2026-03-04 21:42:08 | INFO | src.tmc_shapley_islands | Add-curve (mean): 9 islands, n=3524 -> corr=0.0844
2026-03-04 21:42:10 | INFO | src.tmc_shapley_islands | Add-curve (mean): 10 islands, n=3616 -> corr=0.0724
2026-03-04 21:42:13 | INFO | src.tmc_shapley_islands | Add-curve (mean): 11 islands, n=4171 -> corr=0.0418
2026-03-04 21:42:15 | INFO | src.tmc_shapley_islands | Add-curve (mean): 12 islands, n=4457 -> corr=0.0391
2026-03-04 21:42:19 | INFO | src.tmc_shapley_islands | Add-curve (mean): 13 islands, n=4651 -> corr=0.0301
2026-03-04 21:42:22 | INFO | src.tmc_shapley_islands | Add-curve (mean): 14 islands, n=5047 -> corr=0.0841
2026-03-04 21:42:24 | INFO | src.tmc_shapley_islands | Add-curve (mean): 15 islands, n=5164 -> corr=0.0916
2026-03-04 21:42:39 | INFO | src.tmc_shapley_islands | Random individual add-curve (seed=0) complete
2026-03-04 21:42:55 | INFO | src.tmc_shapley_islands | Random individual add-curve (seed=1) complete
2026-03-04 21:43:12 | INFO | src.tmc_shapley_islands | Random individual add-curve (seed=2) complete
2026-03-04 21:43:28 | INFO | src.tmc_shapley_islands | Random individual add-curve (seed=3) complete
2026-03-04 21:43:45 | INFO | src.tmc_shapley_islands | Random individual add-curve (seed=4) complete
2026-03-04 21:43:45 | INFO | src.tmc_shapley_islands | Building mirrored remove-islands curve from add-islands curve...
2026-03-04 21:43:45 | INFO | src.tmc_shapley_islands | Saved Shapley values to outputs/tmc_shapley_sweep_all_traits/shards/shard_010/tarsus/tmp/shapley_island_values_target_14.csv
2026-03-04 21:43:45 | INFO | src.tmc_shapley_islands | Saved summary to outputs/tmc_shapley_sweep_all_traits/shards/shard_010/tarsus/tmp/tmc_summary_target_14.json
2026-03-04 21:43:45 | INFO | src.tmc_shapley_islands | Saved intermediate ranking trace to outputs/tmc_shapley_sweep_all_traits/shards/shard_010/tarsus/tmp/tmc_intermediate_rankings_target_14.csv
2026-03-04 21:43:45 | INFO | src.tmc_shapley_islands | Saved add-curve to outputs/tmc_shapley_sweep_all_traits/shards/shard_010/tarsus/tmp/add_curve_target_14.csv
2026-03-04 21:43:45 | INFO | src.tmc_shapley_islands | Saved remove-curve to outputs/tmc_shapley_sweep_all_traits/shards/shard_010/tarsus/tmp/remove_curve_target_14.csv
2026-03-04 21:43:45 | INFO | src.tmc_shapley_islands | Saved bar plot to outputs/tmc_shapley_sweep_all_traits/shards/shard_010/tarsus/tmp/shapley_bar_target_14.png
2026-03-04 21:43:46 | INFO | src.tmc_shapley_islands | Saved add-curve plot to outputs/tmc_shapley_sweep_all_traits/shards/shard_010/tarsus/tmp/add_curve_target_14.png
2026-03-04 21:43:46 | INFO | src.tmc_shapley_islands | Saved remove-curve plot to outputs/tmc_shapley_sweep_all_traits/shards/shard_010/tarsus/tmp/remove_curve_target_14.png
2026-03-04 21:43:46 | INFO | __main__ | Shard 10/30 trait=tarsus progress 54/75 | target=14 n_cal_samples=10 perm=80 repeat=3
2026-03-04 21:43:46 | INFO | src.tmc_shapley_islands | [Shapley] Target island: 14 (Southern 4), source islands: 15
2026-03-04 21:43:47 | INFO | src.tmc_shapley_islands | Data: source=5164 (across 15 islands), cal=10, test=336
2026-03-04 21:43:47 | INFO | src.tmc_shapley_islands | SNP selection: using fixed precomputed subset (n=20000)
2026-03-04 21:43:47 | INFO | src.tmc_shapley_islands | Island counts (capped to None in training):
  Nesøy: n=117
  Myken: n=92
  Træna: n=286
  Selvær: n=194
  Gjerøy: n=555
  Hestmannøy: n=1063
  Indre Kvarøy: n=348
  Onøy og Lurøy: n=257
  Lovund: n=152
  Sleneset: n=163
  Aldra: n=173
  Southern 1: n=583
  Southern 2: n=396
  Southern 3: n=583
  Southern 5: n=202
2026-03-04 21:43:47 | INFO | src.tmc_shapley_islands | Loaded 488 cached utilities from outputs/tmc_shapley_sweep_all_traits/cache/tarsus/utility_cache_target_14_seed_439894126.json
2026-03-04 21:43:47 | INFO | src.tmc_shapley_islands | Running TMC-Shapley with 80 permutations (utility on cal set)...
2026-03-04 21:43:47 | INFO | src.tmc_shapley_islands | Computing V_full over all 15 source islands...
2026-03-04 21:43:47 | INFO | src.tmc_shapley_islands | V_full = 0.8530
2026-03-04 21:43:47 | INFO | src.tmc_shapley_islands | TMC head-start: loaded 40 completed permutations from state outputs/tmc_shapley_sweep_all_traits/cache/tarsus/tmc_perm_state_target_14_seed_439894126.json
2026-03-04 21:46:03 | INFO | src.tmc_shapley_islands | TMC progress: 48/80 permutations done, cache hit rate: 23.1%, n_evals: 93
2026-03-04 21:49:35 | INFO | src.tmc_shapley_islands | TMC progress: 64/80 permutations done, cache hit rate: 28.3%, n_evals: 259
2026-03-04 21:52:59 | INFO | src.tmc_shapley_islands | TMC progress: 80/80 permutations done, cache hit rate: 28.6%, n_evals: 429
2026-03-04 21:52:59 | INFO | src.tmc_shapley_islands | TMC complete: 80 permutations, 0 truncated, 429 utility evals, cache hit rate: 28.6%
2026-03-04 21:52:59 | INFO | src.tmc_shapley_islands | Shapley values (phi, computed on cal set):
2026-03-04 21:52:59 | INFO | src.tmc_shapley_islands |   Nesøy: phi=-0.049227, phi/n=-0.00042074
2026-03-04 21:52:59 | INFO | src.tmc_shapley_islands |   Myken: phi=0.000302, phi/n=0.00000328
2026-03-04 21:52:59 | INFO | src.tmc_shapley_islands |   Træna: phi=-0.007944, phi/n=-0.00002778
2026-03-04 21:52:59 | INFO | src.tmc_shapley_islands |   Selvær: phi=-0.018664, phi/n=-0.00009620
2026-03-04 21:52:59 | INFO | src.tmc_shapley_islands |   Gjerøy: phi=0.002279, phi/n=0.00000411
2026-03-04 21:52:59 | INFO | src.tmc_shapley_islands |   Hestmannøy: phi=0.025162, phi/n=0.00002367
2026-03-04 21:52:59 | INFO | src.tmc_shapley_islands |   Indre Kvarøy: phi=0.009776, phi/n=0.00002809
2026-03-04 21:52:59 | INFO | src.tmc_shapley_islands |   Onøy og Lurøy: phi=0.042559, phi/n=0.00016560
2026-03-04 21:52:59 | INFO | src.tmc_shapley_islands |   Lovund: phi=0.000837, phi/n=0.00000550
2026-03-04 21:52:59 | INFO | src.tmc_shapley_islands |   Sleneset: phi=0.025714, phi/n=0.00015775
2026-03-04 21:52:59 | INFO | src.tmc_shapley_islands |   Aldra: phi=0.015415, phi/n=0.00008910
2026-03-04 21:52:59 | INFO | src.tmc_shapley_islands |   Southern 1: phi=0.338532, phi/n=0.00058067
2026-03-04 21:52:59 | INFO | src.tmc_shapley_islands |   Southern 2: phi=-0.098465, phi/n=-0.00024865
2026-03-04 21:52:59 | INFO | src.tmc_shapley_islands |   Southern 3: phi=0.395889, phi/n=0.00067906
2026-03-04 21:52:59 | INFO | src.tmc_shapley_islands |   Southern 5: phi=0.170846, phi/n=0.00084577
2026-03-04 21:52:59 | INFO | src.tmc_shapley_islands | Curve retraining early stopping: enabled=True, patience=20
2026-03-04 21:52:59 | INFO | src.tmc_shapley_islands | Computing add-islands curve (evaluated on test set)...
2026-03-04 21:52:59 | INFO | src.tmc_shapley_islands | Add-curve (mean): 1 islands, n=202 -> corr=0.0134
2026-03-04 21:53:00 | INFO | src.tmc_shapley_islands | Add-curve (mean): 2 islands, n=785 -> corr=-0.0205
2026-03-04 21:53:00 | INFO | src.tmc_shapley_islands | Add-curve (mean): 3 islands, n=1368 -> corr=0.0585
2026-03-04 21:53:01 | INFO | src.tmc_shapley_islands | Add-curve (mean): 4 islands, n=1625 -> corr=0.0685
2026-03-04 21:53:02 | INFO | src.tmc_shapley_islands | Add-curve (mean): 5 islands, n=1788 -> corr=0.0758
2026-03-04 21:53:02 | INFO | src.tmc_shapley_islands | Add-curve (mean): 6 islands, n=1961 -> corr=0.0837
2026-03-04 21:53:03 | INFO | src.tmc_shapley_islands | Add-curve (mean): 7 islands, n=2309 -> corr=0.0527
2026-03-04 21:53:05 | INFO | src.tmc_shapley_islands | Add-curve (mean): 8 islands, n=3372 -> corr=0.0739
2026-03-04 21:53:07 | INFO | src.tmc_shapley_islands | Add-curve (mean): 9 islands, n=3524 -> corr=0.0844
2026-03-04 21:53:08 | INFO | src.tmc_shapley_islands | Add-curve (mean): 10 islands, n=4079 -> corr=0.0526
2026-03-04 21:53:10 | INFO | src.tmc_shapley_islands | Add-curve (mean): 11 islands, n=4171 -> corr=0.0418
2026-03-04 21:53:12 | INFO | src.tmc_shapley_islands | Add-curve (mean): 12 islands, n=4457 -> corr=0.0391
2026-03-04 21:53:14 | INFO | src.tmc_shapley_islands | Add-curve (mean): 13 islands, n=4651 -> corr=0.0301
2026-03-04 21:53:17 | INFO | src.tmc_shapley_islands | Add-curve (mean): 14 islands, n=5047 -> corr=0.0841
2026-03-04 21:53:19 | INFO | src.tmc_shapley_islands | Add-curve (mean): 15 islands, n=5164 -> corr=0.0916
2026-03-04 21:53:34 | INFO | src.tmc_shapley_islands | Random individual add-curve (seed=0) complete
2026-03-04 21:53:50 | INFO | src.tmc_shapley_islands | Random individual add-curve (seed=1) complete
2026-03-04 21:54:06 | INFO | src.tmc_shapley_islands | Random individual add-curve (seed=2) complete
2026-03-04 21:54:27 | INFO | src.tmc_shapley_islands | Random individual add-curve (seed=3) complete
2026-03-04 21:54:41 | INFO | src.tmc_shapley_islands | Random individual add-curve (seed=4) complete
2026-03-04 21:54:41 | INFO | src.tmc_shapley_islands | Building mirrored remove-islands curve from add-islands curve...
2026-03-04 21:54:41 | INFO | src.tmc_shapley_islands | Saved Shapley values to outputs/tmc_shapley_sweep_all_traits/shards/shard_010/tarsus/tmp/shapley_island_values_target_14.csv
2026-03-04 21:54:41 | INFO | src.tmc_shapley_islands | Saved summary to outputs/tmc_shapley_sweep_all_traits/shards/shard_010/tarsus/tmp/tmc_summary_target_14.json
2026-03-04 21:54:41 | INFO | src.tmc_shapley_islands | Saved intermediate ranking trace to outputs/tmc_shapley_sweep_all_traits/shards/shard_010/tarsus/tmp/tmc_intermediate_rankings_target_14.csv
2026-03-04 21:54:41 | INFO | src.tmc_shapley_islands | Saved add-curve to outputs/tmc_shapley_sweep_all_traits/shards/shard_010/tarsus/tmp/add_curve_target_14.csv
2026-03-04 21:54:41 | INFO | src.tmc_shapley_islands | Saved remove-curve to outputs/tmc_shapley_sweep_all_traits/shards/shard_010/tarsus/tmp/remove_curve_target_14.csv
2026-03-04 21:54:41 | INFO | src.tmc_shapley_islands | Saved bar plot to outputs/tmc_shapley_sweep_all_traits/shards/shard_010/tarsus/tmp/shapley_bar_target_14.png
2026-03-04 21:54:42 | INFO | src.tmc_shapley_islands | Saved add-curve plot to outputs/tmc_shapley_sweep_all_traits/shards/shard_010/tarsus/tmp/add_curve_target_14.png
2026-03-04 21:54:42 | INFO | src.tmc_shapley_islands | Saved remove-curve plot to outputs/tmc_shapley_sweep_all_traits/shards/shard_010/tarsus/tmp/remove_curve_target_14.png
2026-03-04 21:54:42 | INFO | __main__ | Shard 10/30 trait=tarsus progress 55/75 | target=14 n_cal_samples=10 perm=150 repeat=3
2026-03-04 21:54:42 | INFO | src.tmc_shapley_islands | [Shapley] Target island: 14 (Southern 4), source islands: 15
2026-03-04 21:54:43 | INFO | src.tmc_shapley_islands | Data: source=5164 (across 15 islands), cal=10, test=336
2026-03-04 21:54:43 | INFO | src.tmc_shapley_islands | SNP selection: using fixed precomputed subset (n=20000)
2026-03-04 21:54:43 | INFO | src.tmc_shapley_islands | Island counts (capped to None in training):
  Nesøy: n=117
  Myken: n=92
  Træna: n=286
  Selvær: n=194
  Gjerøy: n=555
  Hestmannøy: n=1063
  Indre Kvarøy: n=348
  Onøy og Lurøy: n=257
  Lovund: n=152
  Sleneset: n=163
  Aldra: n=173
  Southern 1: n=583
  Southern 2: n=396
  Southern 3: n=583
  Southern 5: n=202
2026-03-04 21:54:43 | INFO | src.tmc_shapley_islands | Loaded 917 cached utilities from outputs/tmc_shapley_sweep_all_traits/cache/tarsus/utility_cache_target_14_seed_439894126.json
2026-03-04 21:54:43 | INFO | src.tmc_shapley_islands | Running TMC-Shapley with 150 permutations (utility on cal set)...
2026-03-04 21:54:43 | INFO | src.tmc_shapley_islands | Computing V_full over all 15 source islands...
2026-03-04 21:54:43 | INFO | src.tmc_shapley_islands | V_full = 0.8530
2026-03-04 21:54:43 | INFO | src.tmc_shapley_islands | TMC head-start: loaded 80 completed permutations from state outputs/tmc_shapley_sweep_all_traits/cache/tarsus/tmc_perm_state_target_14_seed_439894126.json
2026-03-04 21:57:10 | INFO | src.tmc_shapley_islands | TMC progress: 90/150 permutations done, cache hit rate: 29.8%, n_evals: 106
2026-03-04 22:03:04 | INFO | src.tmc_shapley_islands | TMC progress: 120/150 permutations done, cache hit rate: 32.3%, n_evals: 407
2026-03-04 22:09:09 | INFO | src.tmc_shapley_islands | TMC progress: 150/150 permutations done, cache hit rate: 32.8%, n_evals: 706
2026-03-04 22:09:09 | INFO | src.tmc_shapley_islands | TMC complete: 150 permutations, 0 truncated, 706 utility evals, cache hit rate: 32.8%
2026-03-04 22:09:09 | INFO | src.tmc_shapley_islands | Shapley values (phi, computed on cal set):
2026-03-04 22:09:09 | INFO | src.tmc_shapley_islands |   Nesøy: phi=-0.047988, phi/n=-0.00041016
2026-03-04 22:09:09 | INFO | src.tmc_shapley_islands |   Myken: phi=-0.000392, phi/n=-0.00000426
2026-03-04 22:09:09 | INFO | src.tmc_shapley_islands |   Træna: phi=-0.010822, phi/n=-0.00003784
2026-03-04 22:09:09 | INFO | src.tmc_shapley_islands |   Selvær: phi=-0.018014, phi/n=-0.00009286
2026-03-04 22:09:09 | INFO | src.tmc_shapley_islands |   Gjerøy: phi=-0.001697, phi/n=-0.00000306
2026-03-04 22:09:09 | INFO | src.tmc_shapley_islands |   Hestmannøy: phi=0.012931, phi/n=0.00001216
2026-03-04 22:09:09 | INFO | src.tmc_shapley_islands |   Indre Kvarøy: phi=0.012679, phi/n=0.00003643
2026-03-04 22:09:09 | INFO | src.tmc_shapley_islands |   Onøy og Lurøy: phi=0.043286, phi/n=0.00016843
2026-03-04 22:09:09 | INFO | src.tmc_shapley_islands |   Lovund: phi=0.001917, phi/n=0.00001261
2026-03-04 22:09:09 | INFO | src.tmc_shapley_islands |   Sleneset: phi=0.024706, phi/n=0.00015157
2026-03-04 22:09:09 | INFO | src.tmc_shapley_islands |   Aldra: phi=0.017382, phi/n=0.00010047
2026-03-04 22:09:09 | INFO | src.tmc_shapley_islands |   Southern 1: phi=0.355072, phi/n=0.00060904
2026-03-04 22:09:09 | INFO | src.tmc_shapley_islands |   Southern 2: phi=-0.098906, phi/n=-0.00024976
2026-03-04 22:09:09 | INFO | src.tmc_shapley_islands |   Southern 3: phi=0.387657, phi/n=0.00066493
2026-03-04 22:09:09 | INFO | src.tmc_shapley_islands |   Southern 5: phi=0.175201, phi/n=0.00086733
2026-03-04 22:09:09 | INFO | src.tmc_shapley_islands | Curve retraining early stopping: enabled=True, patience=20
2026-03-04 22:09:09 | INFO | src.tmc_shapley_islands | Computing add-islands curve (evaluated on test set)...
2026-03-04 22:09:09 | INFO | src.tmc_shapley_islands | Add-curve (mean): 1 islands, n=202 -> corr=0.0134
2026-03-04 22:09:09 | INFO | src.tmc_shapley_islands | Add-curve (mean): 2 islands, n=785 -> corr=-0.0205
2026-03-04 22:09:10 | INFO | src.tmc_shapley_islands | Add-curve (mean): 3 islands, n=1368 -> corr=0.0585
2026-03-04 22:09:10 | INFO | src.tmc_shapley_islands | Add-curve (mean): 4 islands, n=1625 -> corr=0.0685
2026-03-04 22:09:11 | INFO | src.tmc_shapley_islands | Add-curve (mean): 5 islands, n=1788 -> corr=0.0758
2026-03-04 22:09:12 | INFO | src.tmc_shapley_islands | Add-curve (mean): 6 islands, n=1961 -> corr=0.0837
2026-03-04 22:09:13 | INFO | src.tmc_shapley_islands | Add-curve (mean): 7 islands, n=2309 -> corr=0.0527
2026-03-04 22:09:14 | INFO | src.tmc_shapley_islands | Add-curve (mean): 8 islands, n=2461 -> corr=0.0656
2026-03-04 22:09:19 | INFO | src.tmc_shapley_islands | Add-curve (mean): 9 islands, n=3524 -> corr=0.0844
2026-03-04 22:09:21 | INFO | src.tmc_shapley_islands | Add-curve (mean): 10 islands, n=4079 -> corr=0.0526
2026-03-04 22:09:23 | INFO | src.tmc_shapley_islands | Add-curve (mean): 11 islands, n=4171 -> corr=0.0418
2026-03-04 22:09:25 | INFO | src.tmc_shapley_islands | Add-curve (mean): 12 islands, n=4457 -> corr=0.0391
2026-03-04 22:09:27 | INFO | src.tmc_shapley_islands | Add-curve (mean): 13 islands, n=4651 -> corr=0.0301
2026-03-04 22:09:29 | INFO | src.tmc_shapley_islands | Add-curve (mean): 14 islands, n=5047 -> corr=0.0841
2026-03-04 22:09:31 | INFO | src.tmc_shapley_islands | Add-curve (mean): 15 islands, n=5164 -> corr=0.0916
2026-03-04 22:09:45 | INFO | src.tmc_shapley_islands | Random individual add-curve (seed=0) complete
2026-03-04 22:10:02 | INFO | src.tmc_shapley_islands | Random individual add-curve (seed=1) complete
2026-03-04 22:10:17 | INFO | src.tmc_shapley_islands | Random individual add-curve (seed=2) complete
2026-03-04 22:10:34 | INFO | src.tmc_shapley_islands | Random individual add-curve (seed=3) complete
2026-03-04 22:10:47 | INFO | src.tmc_shapley_islands | Random individual add-curve (seed=4) complete
2026-03-04 22:10:47 | INFO | src.tmc_shapley_islands | Building mirrored remove-islands curve from add-islands curve...
2026-03-04 22:10:47 | INFO | src.tmc_shapley_islands | Saved Shapley values to outputs/tmc_shapley_sweep_all_traits/shards/shard_010/tarsus/tmp/shapley_island_values_target_14.csv
2026-03-04 22:10:47 | INFO | src.tmc_shapley_islands | Saved summary to outputs/tmc_shapley_sweep_all_traits/shards/shard_010/tarsus/tmp/tmc_summary_target_14.json
2026-03-04 22:10:47 | INFO | src.tmc_shapley_islands | Saved intermediate ranking trace to outputs/tmc_shapley_sweep_all_traits/shards/shard_010/tarsus/tmp/tmc_intermediate_rankings_target_14.csv
2026-03-04 22:10:47 | INFO | src.tmc_shapley_islands | Saved add-curve to outputs/tmc_shapley_sweep_all_traits/shards/shard_010/tarsus/tmp/add_curve_target_14.csv
2026-03-04 22:10:47 | INFO | src.tmc_shapley_islands | Saved remove-curve to outputs/tmc_shapley_sweep_all_traits/shards/shard_010/tarsus/tmp/remove_curve_target_14.csv
2026-03-04 22:10:47 | INFO | src.tmc_shapley_islands | Saved bar plot to outputs/tmc_shapley_sweep_all_traits/shards/shard_010/tarsus/tmp/shapley_bar_target_14.png
2026-03-04 22:10:48 | INFO | src.tmc_shapley_islands | Saved add-curve plot to outputs/tmc_shapley_sweep_all_traits/shards/shard_010/tarsus/tmp/add_curve_target_14.png
2026-03-04 22:10:48 | INFO | src.tmc_shapley_islands | Saved remove-curve plot to outputs/tmc_shapley_sweep_all_traits/shards/shard_010/tarsus/tmp/remove_curve_target_14.png
2026-03-04 22:10:48 | INFO | __main__ | Shard 10/30 trait=tarsus progress 56/75 | target=14 n_cal_samples=20 perm=10 repeat=3
2026-03-04 22:10:48 | INFO | src.tmc_shapley_islands | [Shapley] Target island: 14 (Southern 4), source islands: 15
2026-03-04 22:10:49 | INFO | src.tmc_shapley_islands | Data: source=5164 (across 15 islands), cal=20, test=336
2026-03-04 22:10:49 | INFO | src.tmc_shapley_islands | SNP selection: using fixed precomputed subset (n=20000)
2026-03-04 22:10:49 | INFO | src.tmc_shapley_islands | Island counts (capped to None in training):
  Nesøy: n=117
  Myken: n=92
  Træna: n=286
  Selvær: n=194
  Gjerøy: n=555
  Hestmannøy: n=1063
  Indre Kvarøy: n=348
  Onøy og Lurøy: n=257
  Lovund: n=152
  Sleneset: n=163
  Aldra: n=173
  Southern 1: n=583
  Southern 2: n=396
  Southern 3: n=583
  Southern 5: n=202
2026-03-04 22:10:49 | INFO | src.tmc_shapley_islands | Running TMC-Shapley with 10 permutations (utility on cal set)...
2026-03-04 22:10:49 | INFO | src.tmc_shapley_islands | Computing V_full over all 15 source islands...
2026-03-04 22:10:51 | INFO | src.tmc_shapley_islands | V_full = 0.2265
2026-03-04 22:11:24 | INFO | src.tmc_shapley_islands | TMC progress: 2/10 permutations done, cache hit rate: 6.5%, n_evals: 29
2026-03-04 22:11:52 | INFO | src.tmc_shapley_islands | TMC progress: 4/10 permutations done, cache hit rate: 8.2%, n_evals: 56
2026-03-04 22:12:20 | INFO | src.tmc_shapley_islands | TMC progress: 6/10 permutations done, cache hit rate: 9.9%, n_evals: 82
2026-03-04 22:12:48 | INFO | src.tmc_shapley_islands | TMC progress: 8/10 permutations done, cache hit rate: 9.9%, n_evals: 109
2026-03-04 22:13:14 | INFO | src.tmc_shapley_islands | TMC progress: 10/10 permutations done, cache hit rate: 13.2%, n_evals: 131
2026-03-04 22:13:14 | INFO | src.tmc_shapley_islands | TMC complete: 10 permutations, 0 truncated, 131 utility evals, cache hit rate: 13.2%
2026-03-04 22:13:14 | INFO | src.tmc_shapley_islands | Shapley values (phi, computed on cal set):
2026-03-04 22:13:14 | INFO | src.tmc_shapley_islands |   Nesøy: phi=0.031614, phi/n=0.00027021
2026-03-04 22:13:14 | INFO | src.tmc_shapley_islands |   Myken: phi=0.033750, phi/n=0.00036685
2026-03-04 22:13:14 | INFO | src.tmc_shapley_islands |   Træna: phi=0.048654, phi/n=0.00017012
2026-03-04 22:13:14 | INFO | src.tmc_shapley_islands |   Selvær: phi=-0.003796, phi/n=-0.00001957
2026-03-04 22:13:14 | INFO | src.tmc_shapley_islands |   Gjerøy: phi=-0.023872, phi/n=-0.00004301
2026-03-04 22:13:14 | INFO | src.tmc_shapley_islands |   Hestmannøy: phi=0.007871, phi/n=0.00000740
2026-03-04 22:13:14 | INFO | src.tmc_shapley_islands |   Indre Kvarøy: phi=-0.128376, phi/n=-0.00036890
2026-03-04 22:13:14 | INFO | src.tmc_shapley_islands |   Onøy og Lurøy: phi=-0.115892, phi/n=-0.00045094
2026-03-04 22:13:14 | INFO | src.tmc_shapley_islands |   Lovund: phi=0.027953, phi/n=0.00018390
2026-03-04 22:13:14 | INFO | src.tmc_shapley_islands |   Sleneset: phi=0.027009, phi/n=0.00016570
2026-03-04 22:13:14 | INFO | src.tmc_shapley_islands |   Aldra: phi=-0.113650, phi/n=-0.00065694
2026-03-04 22:13:14 | INFO | src.tmc_shapley_islands |   Southern 1: phi=0.097825, phi/n=0.00016780
2026-03-04 22:13:14 | INFO | src.tmc_shapley_islands |   Southern 2: phi=0.469375, phi/n=0.00118529
2026-03-04 22:13:14 | INFO | src.tmc_shapley_islands |   Southern 3: phi=-0.159859, phi/n=-0.00027420
2026-03-04 22:13:14 | INFO | src.tmc_shapley_islands |   Southern 5: phi=0.027914, phi/n=0.00013819
2026-03-04 22:13:14 | INFO | src.tmc_shapley_islands | Curve retraining early stopping: enabled=True, patience=20
2026-03-04 22:13:14 | INFO | src.tmc_shapley_islands | Computing add-islands curve (evaluated on test set)...
2026-03-04 22:13:14 | INFO | src.tmc_shapley_islands | Add-curve (mean): 1 islands, n=396 -> corr=0.0707
2026-03-04 22:13:15 | INFO | src.tmc_shapley_islands | Add-curve (mean): 2 islands, n=488 -> corr=0.0466
2026-03-04 22:13:15 | INFO | src.tmc_shapley_islands | Add-curve (mean): 3 islands, n=605 -> corr=0.0879
2026-03-04 22:13:15 | INFO | src.tmc_shapley_islands | Add-curve (mean): 4 islands, n=757 -> corr=0.0946
2026-03-04 22:13:15 | INFO | src.tmc_shapley_islands | Add-curve (mean): 5 islands, n=1043 -> corr=0.0710
2026-03-04 22:13:16 | INFO | src.tmc_shapley_islands | Add-curve (mean): 6 islands, n=1626 -> corr=0.1356
2026-03-04 22:13:17 | INFO | src.tmc_shapley_islands | Add-curve (mean): 7 islands, n=1789 -> corr=0.1438
2026-03-04 22:13:17 | INFO | src.tmc_shapley_islands | Add-curve (mean): 8 islands, n=1991 -> corr=0.1280
2026-03-04 22:13:20 | INFO | src.tmc_shapley_islands | Add-curve (mean): 9 islands, n=3054 -> corr=0.1275
2026-03-04 22:13:22 | INFO | src.tmc_shapley_islands | Add-curve (mean): 10 islands, n=3248 -> corr=0.1140
2026-03-04 22:13:24 | INFO | src.tmc_shapley_islands | Add-curve (mean): 11 islands, n=3803 -> corr=0.0887
2026-03-04 22:13:25 | INFO | src.tmc_shapley_islands | Add-curve (mean): 12 islands, n=4386 -> corr=0.0869
2026-03-04 22:13:27 | INFO | src.tmc_shapley_islands | Add-curve (mean): 13 islands, n=4734 -> corr=0.0811
2026-03-04 22:13:31 | INFO | src.tmc_shapley_islands | Add-curve (mean): 14 islands, n=4991 -> corr=0.0987
2026-03-04 22:13:33 | INFO | src.tmc_shapley_islands | Add-curve (mean): 15 islands, n=5164 -> corr=0.1117
2026-03-04 22:13:49 | INFO | src.tmc_shapley_islands | Random individual add-curve (seed=0) complete
2026-03-04 22:14:03 | INFO | src.tmc_shapley_islands | Random individual add-curve (seed=1) complete
2026-03-04 22:14:18 | INFO | src.tmc_shapley_islands | Random individual add-curve (seed=2) complete
2026-03-04 22:14:30 | INFO | src.tmc_shapley_islands | Random individual add-curve (seed=3) complete
2026-03-04 22:14:43 | INFO | src.tmc_shapley_islands | Random individual add-curve (seed=4) complete
2026-03-04 22:14:43 | INFO | src.tmc_shapley_islands | Building mirrored remove-islands curve from add-islands curve...
2026-03-04 22:14:43 | INFO | src.tmc_shapley_islands | Saved Shapley values to outputs/tmc_shapley_sweep_all_traits/shards/shard_010/tarsus/tmp/shapley_island_values_target_14.csv
2026-03-04 22:14:43 | INFO | src.tmc_shapley_islands | Saved summary to outputs/tmc_shapley_sweep_all_traits/shards/shard_010/tarsus/tmp/tmc_summary_target_14.json
2026-03-04 22:14:43 | INFO | src.tmc_shapley_islands | Saved intermediate ranking trace to outputs/tmc_shapley_sweep_all_traits/shards/shard_010/tarsus/tmp/tmc_intermediate_rankings_target_14.csv
2026-03-04 22:14:43 | INFO | src.tmc_shapley_islands | Saved add-curve to outputs/tmc_shapley_sweep_all_traits/shards/shard_010/tarsus/tmp/add_curve_target_14.csv
2026-03-04 22:14:43 | INFO | src.tmc_shapley_islands | Saved remove-curve to outputs/tmc_shapley_sweep_all_traits/shards/shard_010/tarsus/tmp/remove_curve_target_14.csv
2026-03-04 22:14:43 | INFO | src.tmc_shapley_islands | Saved bar plot to outputs/tmc_shapley_sweep_all_traits/shards/shard_010/tarsus/tmp/shapley_bar_target_14.png
2026-03-04 22:14:44 | INFO | src.tmc_shapley_islands | Saved add-curve plot to outputs/tmc_shapley_sweep_all_traits/shards/shard_010/tarsus/tmp/add_curve_target_14.png
2026-03-04 22:14:44 | INFO | src.tmc_shapley_islands | Saved remove-curve plot to outputs/tmc_shapley_sweep_all_traits/shards/shard_010/tarsus/tmp/remove_curve_target_14.png
2026-03-04 22:14:44 | INFO | __main__ | Shard 10/30 trait=tarsus progress 57/75 | target=14 n_cal_samples=20 perm=20 repeat=3
2026-03-04 22:14:44 | INFO | src.tmc_shapley_islands | [Shapley] Target island: 14 (Southern 4), source islands: 15
2026-03-04 22:14:45 | INFO | src.tmc_shapley_islands | Data: source=5164 (across 15 islands), cal=20, test=336
2026-03-04 22:14:45 | INFO | src.tmc_shapley_islands | SNP selection: using fixed precomputed subset (n=20000)
2026-03-04 22:14:45 | INFO | src.tmc_shapley_islands | Island counts (capped to None in training):
  Nesøy: n=117
  Myken: n=92
  Træna: n=286
  Selvær: n=194
  Gjerøy: n=555
  Hestmannøy: n=1063
  Indre Kvarøy: n=348
  Onøy og Lurøy: n=257
  Lovund: n=152
  Sleneset: n=163
  Aldra: n=173
  Southern 1: n=583
  Southern 2: n=396
  Southern 3: n=583
  Southern 5: n=202
2026-03-04 22:14:45 | INFO | src.tmc_shapley_islands | Loaded 131 cached utilities from outputs/tmc_shapley_sweep_all_traits/cache/tarsus/utility_cache_target_14_seed_962543063.json
2026-03-04 22:14:45 | INFO | src.tmc_shapley_islands | Running TMC-Shapley with 20 permutations (utility on cal set)...
2026-03-04 22:14:45 | INFO | src.tmc_shapley_islands | Computing V_full over all 15 source islands...
2026-03-04 22:14:45 | INFO | src.tmc_shapley_islands | V_full = 0.2265
2026-03-04 22:14:45 | INFO | src.tmc_shapley_islands | TMC head-start: loaded 10 completed permutations from state outputs/tmc_shapley_sweep_all_traits/cache/tarsus/tmc_perm_state_target_14_seed_962543063.json
2026-03-04 22:15:16 | INFO | src.tmc_shapley_islands | TMC progress: 12/20 permutations done, cache hit rate: 22.6%, n_evals: 24
2026-03-04 22:16:09 | INFO | src.tmc_shapley_islands | TMC progress: 16/20 permutations done, cache hit rate: 19.8%, n_evals: 73
2026-03-04 22:17:07 | INFO | src.tmc_shapley_islands | TMC progress: 20/20 permutations done, cache hit rate: 17.2%, n_evals: 125
2026-03-04 22:17:07 | INFO | src.tmc_shapley_islands | TMC complete: 20 permutations, 0 truncated, 125 utility evals, cache hit rate: 17.2%
2026-03-04 22:17:07 | INFO | src.tmc_shapley_islands | Shapley values (phi, computed on cal set):
2026-03-04 22:17:07 | INFO | src.tmc_shapley_islands |   Nesøy: phi=0.031596, phi/n=0.00027005
2026-03-04 22:17:07 | INFO | src.tmc_shapley_islands |   Myken: phi=0.035085, phi/n=0.00038136
2026-03-04 22:17:07 | INFO | src.tmc_shapley_islands |   Træna: phi=0.044508, phi/n=0.00015562
2026-03-04 22:17:07 | INFO | src.tmc_shapley_islands |   Selvær: phi=-0.002517, phi/n=-0.00001298
2026-03-04 22:17:07 | INFO | src.tmc_shapley_islands |   Gjerøy: phi=-0.003628, phi/n=-0.00000654
2026-03-04 22:17:07 | INFO | src.tmc_shapley_islands |   Hestmannøy: phi=-0.007344, phi/n=-0.00000691
2026-03-04 22:17:07 | INFO | src.tmc_shapley_islands |   Indre Kvarøy: phi=-0.134727, phi/n=-0.00038715
2026-03-04 22:17:07 | INFO | src.tmc_shapley_islands |   Onøy og Lurøy: phi=-0.114908, phi/n=-0.00044711
2026-03-04 22:17:07 | INFO | src.tmc_shapley_islands |   Lovund: phi=0.039569, phi/n=0.00026032
2026-03-04 22:17:07 | INFO | src.tmc_shapley_islands |   Sleneset: phi=0.029372, phi/n=0.00018019
2026-03-04 22:17:07 | INFO | src.tmc_shapley_islands |   Aldra: phi=-0.093547, phi/n=-0.00054074
2026-03-04 22:17:07 | INFO | src.tmc_shapley_islands |   Southern 1: phi=0.071510, phi/n=0.00012266
2026-03-04 22:17:07 | INFO | src.tmc_shapley_islands |   Southern 2: phi=0.443561, phi/n=0.00112010
2026-03-04 22:17:07 | INFO | src.tmc_shapley_islands |   Southern 3: phi=-0.129427, phi/n=-0.00022200
2026-03-04 22:17:07 | INFO | src.tmc_shapley_islands |   Southern 5: phi=0.017418, phi/n=0.00008623
2026-03-04 22:17:07 | INFO | src.tmc_shapley_islands | Curve retraining early stopping: enabled=True, patience=20
2026-03-04 22:17:07 | INFO | src.tmc_shapley_islands | Computing add-islands curve (evaluated on test set)...
2026-03-04 22:17:07 | INFO | src.tmc_shapley_islands | Add-curve (mean): 1 islands, n=396 -> corr=0.0707
2026-03-04 22:17:08 | INFO | src.tmc_shapley_islands | Add-curve (mean): 2 islands, n=488 -> corr=0.0466
2026-03-04 22:17:08 | INFO | src.tmc_shapley_islands | Add-curve (mean): 3 islands, n=605 -> corr=0.0879
2026-03-04 22:17:08 | INFO | src.tmc_shapley_islands | Add-curve (mean): 4 islands, n=757 -> corr=0.0946
2026-03-04 22:17:08 | INFO | src.tmc_shapley_islands | Add-curve (mean): 5 islands, n=920 -> corr=0.1089
2026-03-04 22:17:09 | INFO | src.tmc_shapley_islands | Add-curve (mean): 6 islands, n=1206 -> corr=0.0874
2026-03-04 22:17:10 | INFO | src.tmc_shapley_islands | Add-curve (mean): 7 islands, n=1789 -> corr=0.1438
2026-03-04 22:17:11 | INFO | src.tmc_shapley_islands | Add-curve (mean): 8 islands, n=1991 -> corr=0.1280
2026-03-04 22:17:16 | INFO | src.tmc_shapley_islands | Add-curve (mean): 9 islands, n=2546 -> corr=0.1000
2026-03-04 22:17:18 | INFO | src.tmc_shapley_islands | Add-curve (mean): 10 islands, n=3609 -> corr=0.1022
2026-03-04 22:17:20 | INFO | src.tmc_shapley_islands | Add-curve (mean): 11 islands, n=3803 -> corr=0.0887
2026-03-04 22:17:22 | INFO | src.tmc_shapley_islands | Add-curve (mean): 12 islands, n=4386 -> corr=0.0869
2026-03-04 22:17:24 | INFO | src.tmc_shapley_islands | Add-curve (mean): 13 islands, n=4734 -> corr=0.0811
2026-03-04 22:17:27 | INFO | src.tmc_shapley_islands | Add-curve (mean): 14 islands, n=4991 -> corr=0.0987
2026-03-04 22:17:30 | INFO | src.tmc_shapley_islands | Add-curve (mean): 15 islands, n=5164 -> corr=0.1117
2026-03-04 22:17:44 | INFO | src.tmc_shapley_islands | Random individual add-curve (seed=0) complete
2026-03-04 22:17:59 | INFO | src.tmc_shapley_islands | Random individual add-curve (seed=1) complete
2026-03-04 22:18:11 | INFO | src.tmc_shapley_islands | Random individual add-curve (seed=2) complete
2026-03-04 22:18:31 | INFO | src.tmc_shapley_islands | Random individual add-curve (seed=3) complete
2026-03-04 22:18:43 | INFO | src.tmc_shapley_islands | Random individual add-curve (seed=4) complete
2026-03-04 22:18:43 | INFO | src.tmc_shapley_islands | Building mirrored remove-islands curve from add-islands curve...
2026-03-04 22:18:43 | INFO | src.tmc_shapley_islands | Saved Shapley values to outputs/tmc_shapley_sweep_all_traits/shards/shard_010/tarsus/tmp/shapley_island_values_target_14.csv
2026-03-04 22:18:43 | INFO | src.tmc_shapley_islands | Saved summary to outputs/tmc_shapley_sweep_all_traits/shards/shard_010/tarsus/tmp/tmc_summary_target_14.json
2026-03-04 22:18:43 | INFO | src.tmc_shapley_islands | Saved intermediate ranking trace to outputs/tmc_shapley_sweep_all_traits/shards/shard_010/tarsus/tmp/tmc_intermediate_rankings_target_14.csv
2026-03-04 22:18:43 | INFO | src.tmc_shapley_islands | Saved add-curve to outputs/tmc_shapley_sweep_all_traits/shards/shard_010/tarsus/tmp/add_curve_target_14.csv
2026-03-04 22:18:43 | INFO | src.tmc_shapley_islands | Saved remove-curve to outputs/tmc_shapley_sweep_all_traits/shards/shard_010/tarsus/tmp/remove_curve_target_14.csv
2026-03-04 22:18:43 | INFO | src.tmc_shapley_islands | Saved bar plot to outputs/tmc_shapley_sweep_all_traits/shards/shard_010/tarsus/tmp/shapley_bar_target_14.png
2026-03-04 22:18:44 | INFO | src.tmc_shapley_islands | Saved add-curve plot to outputs/tmc_shapley_sweep_all_traits/shards/shard_010/tarsus/tmp/add_curve_target_14.png
2026-03-04 22:18:44 | INFO | src.tmc_shapley_islands | Saved remove-curve plot to outputs/tmc_shapley_sweep_all_traits/shards/shard_010/tarsus/tmp/remove_curve_target_14.png
2026-03-04 22:18:44 | INFO | __main__ | Shard 10/30 trait=tarsus progress 58/75 | target=14 n_cal_samples=20 perm=40 repeat=3
2026-03-04 22:18:44 | INFO | src.tmc_shapley_islands | [Shapley] Target island: 14 (Southern 4), source islands: 15
2026-03-04 22:18:45 | INFO | src.tmc_shapley_islands | Data: source=5164 (across 15 islands), cal=20, test=336
2026-03-04 22:18:45 | INFO | src.tmc_shapley_islands | SNP selection: using fixed precomputed subset (n=20000)
2026-03-04 22:18:45 | INFO | src.tmc_shapley_islands | Island counts (capped to None in training):
  Nesøy: n=117
  Myken: n=92
  Træna: n=286
  Selvær: n=194
  Gjerøy: n=555
  Hestmannøy: n=1063
  Indre Kvarøy: n=348
  Onøy og Lurøy: n=257
  Lovund: n=152
  Sleneset: n=163
  Aldra: n=173
  Southern 1: n=583
  Southern 2: n=396
  Southern 3: n=583
  Southern 5: n=202
2026-03-04 22:18:45 | INFO | src.tmc_shapley_islands | Loaded 256 cached utilities from outputs/tmc_shapley_sweep_all_traits/cache/tarsus/utility_cache_target_14_seed_962543063.json
2026-03-04 22:18:45 | INFO | src.tmc_shapley_islands | Running TMC-Shapley with 40 permutations (utility on cal set)...
2026-03-04 22:18:45 | INFO | src.tmc_shapley_islands | Computing V_full over all 15 source islands...
2026-03-04 22:18:45 | INFO | src.tmc_shapley_islands | V_full = 0.2265
2026-03-04 22:18:45 | INFO | src.tmc_shapley_islands | TMC head-start: loaded 20 completed permutations from state outputs/tmc_shapley_sweep_all_traits/cache/tarsus/tmc_perm_state_target_14_seed_962543063.json
2026-03-04 22:19:38 | INFO | src.tmc_shapley_islands | TMC progress: 24/40 permutations done, cache hit rate: 24.6%, n_evals: 46
2026-03-04 22:21:37 | INFO | src.tmc_shapley_islands | TMC progress: 32/40 permutations done, cache hit rate: 22.1%, n_evals: 141
2026-03-04 22:23:10 | INFO | src.tmc_shapley_islands | TMC progress: 40/40 permutations done, cache hit rate: 23.3%, n_evals: 231
2026-03-04 22:23:11 | INFO | src.tmc_shapley_islands | TMC complete: 40 permutations, 0 truncated, 231 utility evals, cache hit rate: 23.3%
2026-03-04 22:23:11 | INFO | src.tmc_shapley_islands | Shapley values (phi, computed on cal set):
2026-03-04 22:23:11 | INFO | src.tmc_shapley_islands |   Nesøy: phi=0.028625, phi/n=0.00024465
2026-03-04 22:23:11 | INFO | src.tmc_shapley_islands |   Myken: phi=0.044619, phi/n=0.00048499
2026-03-04 22:23:11 | INFO | src.tmc_shapley_islands |   Træna: phi=0.043200, phi/n=0.00015105
2026-03-04 22:23:11 | INFO | src.tmc_shapley_islands |   Selvær: phi=-0.001785, phi/n=-0.00000920
2026-03-04 22:23:11 | INFO | src.tmc_shapley_islands |   Gjerøy: phi=-0.002142, phi/n=-0.00000386
2026-03-04 22:23:11 | INFO | src.tmc_shapley_islands |   Hestmannøy: phi=-0.010700, phi/n=-0.00001007
2026-03-04 22:23:11 | INFO | src.tmc_shapley_islands |   Indre Kvarøy: phi=-0.123175, phi/n=-0.00035395
2026-03-04 22:23:11 | INFO | src.tmc_shapley_islands |   Onøy og Lurøy: phi=-0.099262, phi/n=-0.00038624
2026-03-04 22:23:11 | INFO | src.tmc_shapley_islands |   Lovund: phi=0.062127, phi/n=0.00040873
2026-03-04 22:23:11 | INFO | src.tmc_shapley_islands |   Sleneset: phi=0.022029, phi/n=0.00013515
2026-03-04 22:23:11 | INFO | src.tmc_shapley_islands |   Aldra: phi=-0.110482, phi/n=-0.00063862
2026-03-04 22:23:11 | INFO | src.tmc_shapley_islands |   Southern 1: phi=0.071055, phi/n=0.00012188
2026-03-04 22:23:11 | INFO | src.tmc_shapley_islands |   Southern 2: phi=0.430398, phi/n=0.00108686
2026-03-04 22:23:11 | INFO | src.tmc_shapley_islands |   Southern 3: phi=-0.138593, phi/n=-0.00023772
2026-03-04 22:23:11 | INFO | src.tmc_shapley_islands |   Southern 5: phi=0.010607, phi/n=0.00005251
2026-03-04 22:23:11 | INFO | src.tmc_shapley_islands | Curve retraining early stopping: enabled=True, patience=20
2026-03-04 22:23:11 | INFO | src.tmc_shapley_islands | Computing add-islands curve (evaluated on test set)...
2026-03-04 22:23:11 | INFO | src.tmc_shapley_islands | Add-curve (mean): 1 islands, n=396 -> corr=0.0707
2026-03-04 22:23:11 | INFO | src.tmc_shapley_islands | Add-curve (mean): 2 islands, n=488 -> corr=0.0466
2026-03-04 22:23:11 | INFO | src.tmc_shapley_islands | Add-curve (mean): 3 islands, n=640 -> corr=0.0627
2026-03-04 22:23:12 | INFO | src.tmc_shapley_islands | Add-curve (mean): 4 islands, n=757 -> corr=0.0946
2026-03-04 22:23:12 | INFO | src.tmc_shapley_islands | Add-curve (mean): 5 islands, n=1043 -> corr=0.0710
2026-03-04 22:23:13 | INFO | src.tmc_shapley_islands | Add-curve (mean): 6 islands, n=1206 -> corr=0.0874
2026-03-04 22:23:13 | INFO | src.tmc_shapley_islands | Add-curve (mean): 7 islands, n=1789 -> corr=0.1438
2026-03-04 22:23:14 | INFO | src.tmc_shapley_islands | Add-curve (mean): 8 islands, n=1991 -> corr=0.1280
2026-03-04 22:23:15 | INFO | src.tmc_shapley_islands | Add-curve (mean): 9 islands, n=2546 -> corr=0.1000
2026-03-04 22:23:17 | INFO | src.tmc_shapley_islands | Add-curve (mean): 10 islands, n=2740 -> corr=0.0851
2026-03-04 22:23:19 | INFO | src.tmc_shapley_islands | Add-curve (mean): 11 islands, n=3803 -> corr=0.0887
2026-03-04 22:23:21 | INFO | src.tmc_shapley_islands | Add-curve (mean): 12 islands, n=4386 -> corr=0.0869
2026-03-04 22:23:23 | INFO | src.tmc_shapley_islands | Add-curve (mean): 13 islands, n=4734 -> corr=0.0811
2026-03-04 22:23:25 | INFO | src.tmc_shapley_islands | Add-curve (mean): 14 islands, n=4991 -> corr=0.0987
2026-03-04 22:23:27 | INFO | src.tmc_shapley_islands | Add-curve (mean): 15 islands, n=5164 -> corr=0.1117
2026-03-04 22:23:42 | INFO | src.tmc_shapley_islands | Random individual add-curve (seed=0) complete
2026-03-04 22:23:54 | INFO | src.tmc_shapley_islands | Random individual add-curve (seed=1) complete
2026-03-04 22:24:06 | INFO | src.tmc_shapley_islands | Random individual add-curve (seed=2) complete
2026-03-04 22:24:36 | INFO | src.tmc_shapley_islands | Random individual add-curve (seed=3) complete
2026-03-04 22:24:48 | INFO | src.tmc_shapley_islands | Random individual add-curve (seed=4) complete
2026-03-04 22:24:48 | INFO | src.tmc_shapley_islands | Building mirrored remove-islands curve from add-islands curve...
2026-03-04 22:24:48 | INFO | src.tmc_shapley_islands | Saved Shapley values to outputs/tmc_shapley_sweep_all_traits/shards/shard_010/tarsus/tmp/shapley_island_values_target_14.csv
2026-03-04 22:24:48 | INFO | src.tmc_shapley_islands | Saved summary to outputs/tmc_shapley_sweep_all_traits/shards/shard_010/tarsus/tmp/tmc_summary_target_14.json
2026-03-04 22:24:48 | INFO | src.tmc_shapley_islands | Saved intermediate ranking trace to outputs/tmc_shapley_sweep_all_traits/shards/shard_010/tarsus/tmp/tmc_intermediate_rankings_target_14.csv
2026-03-04 22:24:48 | INFO | src.tmc_shapley_islands | Saved add-curve to outputs/tmc_shapley_sweep_all_traits/shards/shard_010/tarsus/tmp/add_curve_target_14.csv
2026-03-04 22:24:48 | INFO | src.tmc_shapley_islands | Saved remove-curve to outputs/tmc_shapley_sweep_all_traits/shards/shard_010/tarsus/tmp/remove_curve_target_14.csv
2026-03-04 22:24:49 | INFO | src.tmc_shapley_islands | Saved bar plot to outputs/tmc_shapley_sweep_all_traits/shards/shard_010/tarsus/tmp/shapley_bar_target_14.png
2026-03-04 22:24:49 | INFO | src.tmc_shapley_islands | Saved add-curve plot to outputs/tmc_shapley_sweep_all_traits/shards/shard_010/tarsus/tmp/add_curve_target_14.png
2026-03-04 22:24:50 | INFO | src.tmc_shapley_islands | Saved remove-curve plot to outputs/tmc_shapley_sweep_all_traits/shards/shard_010/tarsus/tmp/remove_curve_target_14.png
2026-03-04 22:24:50 | INFO | __main__ | Shard 10/30 trait=tarsus progress 59/75 | target=14 n_cal_samples=20 perm=80 repeat=3
2026-03-04 22:24:50 | INFO | src.tmc_shapley_islands | [Shapley] Target island: 14 (Southern 4), source islands: 15
2026-03-04 22:24:51 | INFO | src.tmc_shapley_islands | Data: source=5164 (across 15 islands), cal=20, test=336
2026-03-04 22:24:51 | INFO | src.tmc_shapley_islands | SNP selection: using fixed precomputed subset (n=20000)
2026-03-04 22:24:51 | INFO | src.tmc_shapley_islands | Island counts (capped to None in training):
  Nesøy: n=117
  Myken: n=92
  Træna: n=286
  Selvær: n=194
  Gjerøy: n=555
  Hestmannøy: n=1063
  Indre Kvarøy: n=348
  Onøy og Lurøy: n=257
  Lovund: n=152
  Sleneset: n=163
  Aldra: n=173
  Southern 1: n=583
  Southern 2: n=396
  Southern 3: n=583
  Southern 5: n=202
2026-03-04 22:24:51 | INFO | src.tmc_shapley_islands | Loaded 487 cached utilities from outputs/tmc_shapley_sweep_all_traits/cache/tarsus/utility_cache_target_14_seed_962543063.json
2026-03-04 22:24:51 | INFO | src.tmc_shapley_islands | Running TMC-Shapley with 80 permutations (utility on cal set)...
2026-03-04 22:24:51 | INFO | src.tmc_shapley_islands | Computing V_full over all 15 source islands...
2026-03-04 22:24:51 | INFO | src.tmc_shapley_islands | V_full = 0.2265
2026-03-04 22:24:51 | INFO | src.tmc_shapley_islands | TMC head-start: loaded 40 completed permutations from state outputs/tmc_shapley_sweep_all_traits/cache/tarsus/tmc_perm_state_target_14_seed_962543063.json
2026-03-04 22:26:40 | INFO | src.tmc_shapley_islands | TMC progress: 48/80 permutations done, cache hit rate: 24.8%, n_evals: 91
2026-03-04 22:30:22 | INFO | src.tmc_shapley_islands | TMC progress: 64/80 permutations done, cache hit rate: 26.9%, n_evals: 264
2026-03-04 22:33:53 | INFO | src.tmc_shapley_islands | TMC progress: 80/80 permutations done, cache hit rate: 29.3%, n_evals: 425
2026-03-04 22:33:53 | INFO | src.tmc_shapley_islands | TMC complete: 80 permutations, 0 truncated, 425 utility evals, cache hit rate: 29.3%
2026-03-04 22:33:53 | INFO | src.tmc_shapley_islands | Shapley values (phi, computed on cal set):
2026-03-04 22:33:53 | INFO | src.tmc_shapley_islands |   Nesøy: phi=0.024947, phi/n=0.00021322
2026-03-04 22:33:53 | INFO | src.tmc_shapley_islands |   Myken: phi=0.047604, phi/n=0.00051744
2026-03-04 22:33:53 | INFO | src.tmc_shapley_islands |   Træna: phi=0.047211, phi/n=0.00016507
2026-03-04 22:33:53 | INFO | src.tmc_shapley_islands |   Selvær: phi=-0.003519, phi/n=-0.00001814
2026-03-04 22:33:53 | INFO | src.tmc_shapley_islands |   Gjerøy: phi=-0.000057, phi/n=-0.00000010
2026-03-04 22:33:53 | INFO | src.tmc_shapley_islands |   Hestmannøy: phi=-0.019713, phi/n=-0.00001854
2026-03-04 22:33:53 | INFO | src.tmc_shapley_islands |   Indre Kvarøy: phi=-0.105752, phi/n=-0.00030388
2026-03-04 22:33:53 | INFO | src.tmc_shapley_islands |   Onøy og Lurøy: phi=-0.087332, phi/n=-0.00033982
2026-03-04 22:33:53 | INFO | src.tmc_shapley_islands |   Lovund: phi=0.057209, phi/n=0.00037638
2026-03-04 22:33:53 | INFO | src.tmc_shapley_islands |   Sleneset: phi=0.023414, phi/n=0.00014364
2026-03-04 22:33:53 | INFO | src.tmc_shapley_islands |   Aldra: phi=-0.124732, phi/n=-0.00072099
2026-03-04 22:33:53 | INFO | src.tmc_shapley_islands |   Southern 1: phi=0.074763, phi/n=0.00012824
2026-03-04 22:33:53 | INFO | src.tmc_shapley_islands |   Southern 2: phi=0.424865, phi/n=0.00107289
2026-03-04 22:33:53 | INFO | src.tmc_shapley_islands |   Southern 3: phi=-0.137044, phi/n=-0.00023507
2026-03-04 22:33:53 | INFO | src.tmc_shapley_islands |   Southern 5: phi=0.004655, phi/n=0.00002305
2026-03-04 22:33:53 | INFO | src.tmc_shapley_islands | Curve retraining early stopping: enabled=True, patience=20
2026-03-04 22:33:53 | INFO | src.tmc_shapley_islands | Computing add-islands curve (evaluated on test set)...
2026-03-04 22:33:54 | INFO | src.tmc_shapley_islands | Add-curve (mean): 1 islands, n=396 -> corr=0.0707
2026-03-04 22:33:54 | INFO | src.tmc_shapley_islands | Add-curve (mean): 2 islands, n=488 -> corr=0.0466
2026-03-04 22:33:54 | INFO | src.tmc_shapley_islands | Add-curve (mean): 3 islands, n=640 -> corr=0.0627
2026-03-04 22:33:55 | INFO | src.tmc_shapley_islands | Add-curve (mean): 4 islands, n=757 -> corr=0.0946
2026-03-04 22:33:55 | INFO | src.tmc_shapley_islands | Add-curve (mean): 5 islands, n=1043 -> corr=0.0710
2026-03-04 22:33:56 | INFO | src.tmc_shapley_islands | Add-curve (mean): 6 islands, n=1206 -> corr=0.0874
2026-03-04 22:33:57 | INFO | src.tmc_shapley_islands | Add-curve (mean): 7 islands, n=1789 -> corr=0.1438
2026-03-04 22:33:57 | INFO | src.tmc_shapley_islands | Add-curve (mean): 8 islands, n=1991 -> corr=0.1280
2026-03-04 22:33:58 | INFO | src.tmc_shapley_islands | Add-curve (mean): 9 islands, n=2546 -> corr=0.1000
2026-03-04 22:34:00 | INFO | src.tmc_shapley_islands | Add-curve (mean): 10 islands, n=2740 -> corr=0.0851
2026-03-04 22:34:02 | INFO | src.tmc_shapley_islands | Add-curve (mean): 11 islands, n=3803 -> corr=0.0887
2026-03-04 22:34:04 | INFO | src.tmc_shapley_islands | Add-curve (mean): 12 islands, n=4386 -> corr=0.0869
2026-03-04 22:34:06 | INFO | src.tmc_shapley_islands | Add-curve (mean): 13 islands, n=4734 -> corr=0.0811
2026-03-04 22:34:08 | INFO | src.tmc_shapley_islands | Add-curve (mean): 14 islands, n=4991 -> corr=0.0987
2026-03-04 22:34:10 | INFO | src.tmc_shapley_islands | Add-curve (mean): 15 islands, n=5164 -> corr=0.1117
2026-03-04 22:34:23 | INFO | src.tmc_shapley_islands | Random individual add-curve (seed=0) complete
2026-03-04 22:34:34 | INFO | src.tmc_shapley_islands | Random individual add-curve (seed=1) complete
2026-03-04 22:34:46 | INFO | src.tmc_shapley_islands | Random individual add-curve (seed=2) complete
2026-03-04 22:35:00 | INFO | src.tmc_shapley_islands | Random individual add-curve (seed=3) complete
2026-03-04 22:35:13 | INFO | src.tmc_shapley_islands | Random individual add-curve (seed=4) complete
2026-03-04 22:35:13 | INFO | src.tmc_shapley_islands | Building mirrored remove-islands curve from add-islands curve...
2026-03-04 22:35:13 | INFO | src.tmc_shapley_islands | Saved Shapley values to outputs/tmc_shapley_sweep_all_traits/shards/shard_010/tarsus/tmp/shapley_island_values_target_14.csv
2026-03-04 22:35:13 | INFO | src.tmc_shapley_islands | Saved summary to outputs/tmc_shapley_sweep_all_traits/shards/shard_010/tarsus/tmp/tmc_summary_target_14.json
2026-03-04 22:35:13 | INFO | src.tmc_shapley_islands | Saved intermediate ranking trace to outputs/tmc_shapley_sweep_all_traits/shards/shard_010/tarsus/tmp/tmc_intermediate_rankings_target_14.csv
2026-03-04 22:35:13 | INFO | src.tmc_shapley_islands | Saved add-curve to outputs/tmc_shapley_sweep_all_traits/shards/shard_010/tarsus/tmp/add_curve_target_14.csv
2026-03-04 22:35:13 | INFO | src.tmc_shapley_islands | Saved remove-curve to outputs/tmc_shapley_sweep_all_traits/shards/shard_010/tarsus/tmp/remove_curve_target_14.csv
2026-03-04 22:35:13 | INFO | src.tmc_shapley_islands | Saved bar plot to outputs/tmc_shapley_sweep_all_traits/shards/shard_010/tarsus/tmp/shapley_bar_target_14.png
2026-03-04 22:35:14 | INFO | src.tmc_shapley_islands | Saved add-curve plot to outputs/tmc_shapley_sweep_all_traits/shards/shard_010/tarsus/tmp/add_curve_target_14.png
2026-03-04 22:35:14 | INFO | src.tmc_shapley_islands | Saved remove-curve plot to outputs/tmc_shapley_sweep_all_traits/shards/shard_010/tarsus/tmp/remove_curve_target_14.png
2026-03-04 22:35:14 | INFO | __main__ | Shard 10/30 trait=tarsus progress 60/75 | target=14 n_cal_samples=20 perm=150 repeat=3
2026-03-04 22:35:14 | INFO | src.tmc_shapley_islands | [Shapley] Target island: 14 (Southern 4), source islands: 15
2026-03-04 22:35:15 | INFO | src.tmc_shapley_islands | Data: source=5164 (across 15 islands), cal=20, test=336
2026-03-04 22:35:15 | INFO | src.tmc_shapley_islands | SNP selection: using fixed precomputed subset (n=20000)
2026-03-04 22:35:15 | INFO | src.tmc_shapley_islands | Island counts (capped to None in training):
  Nesøy: n=117
  Myken: n=92
  Træna: n=286
  Selvær: n=194
  Gjerøy: n=555
  Hestmannøy: n=1063
  Indre Kvarøy: n=348
  Onøy og Lurøy: n=257
  Lovund: n=152
  Sleneset: n=163
  Aldra: n=173
  Southern 1: n=583
  Southern 2: n=396
  Southern 3: n=583
  Southern 5: n=202
2026-03-04 22:35:15 | INFO | src.tmc_shapley_islands | Loaded 912 cached utilities from outputs/tmc_shapley_sweep_all_traits/cache/tarsus/utility_cache_target_14_seed_962543063.json
2026-03-04 22:35:15 | INFO | src.tmc_shapley_islands | Running TMC-Shapley with 150 permutations (utility on cal set)...
2026-03-04 22:35:15 | INFO | src.tmc_shapley_islands | Computing V_full over all 15 source islands...
2026-03-04 22:35:15 | INFO | src.tmc_shapley_islands | V_full = 0.2265
2026-03-04 22:35:15 | INFO | src.tmc_shapley_islands | TMC head-start: loaded 80 completed permutations from state outputs/tmc_shapley_sweep_all_traits/cache/tarsus/tmc_perm_state_target_14_seed_962543063.json
2026-03-04 22:37:25 | INFO | src.tmc_shapley_islands | TMC progress: 90/150 permutations done, cache hit rate: 34.4%, n_evals: 99
2026-03-04 22:43:54 | INFO | src.tmc_shapley_islands | TMC progress: 120/150 permutations done, cache hit rate: 32.6%, n_evals: 405
2026-03-04 22:50:20 | INFO | src.tmc_shapley_islands | TMC progress: 150/150 permutations done, cache hit rate: 33.9%, n_evals: 695
2026-03-04 22:50:20 | INFO | src.tmc_shapley_islands | TMC complete: 150 permutations, 0 truncated, 695 utility evals, cache hit rate: 33.9%
2026-03-04 22:50:20 | INFO | src.tmc_shapley_islands | Shapley values (phi, computed on cal set):
2026-03-04 22:50:20 | INFO | src.tmc_shapley_islands |   Nesøy: phi=0.022379, phi/n=0.00019128
2026-03-04 22:50:20 | INFO | src.tmc_shapley_islands |   Myken: phi=0.056927, phi/n=0.00061877
2026-03-04 22:50:20 | INFO | src.tmc_shapley_islands |   Træna: phi=0.043511, phi/n=0.00015214
2026-03-04 22:50:20 | INFO | src.tmc_shapley_islands |   Selvær: phi=-0.003703, phi/n=-0.00001909
2026-03-04 22:50:20 | INFO | src.tmc_shapley_islands |   Gjerøy: phi=0.006182, phi/n=0.00001114
2026-03-04 22:50:20 | INFO | src.tmc_shapley_islands |   Hestmannøy: phi=-0.024453, phi/n=-0.00002300
2026-03-04 22:50:20 | INFO | src.tmc_shapley_islands |   Indre Kvarøy: phi=-0.107268, phi/n=-0.00030824
2026-03-04 22:50:20 | INFO | src.tmc_shapley_islands |   Onøy og Lurøy: phi=-0.094488, phi/n=-0.00036766
2026-03-04 22:50:20 | INFO | src.tmc_shapley_islands |   Lovund: phi=0.055611, phi/n=0.00036587
2026-03-04 22:50:20 | INFO | src.tmc_shapley_islands |   Sleneset: phi=0.019696, phi/n=0.00012084
2026-03-04 22:50:20 | INFO | src.tmc_shapley_islands |   Aldra: phi=-0.120287, phi/n=-0.00069530
2026-03-04 22:50:20 | INFO | src.tmc_shapley_islands |   Southern 1: phi=0.076038, phi/n=0.00013043
2026-03-04 22:50:20 | INFO | src.tmc_shapley_islands |   Southern 2: phi=0.424391, phi/n=0.00107170
2026-03-04 22:50:20 | INFO | src.tmc_shapley_islands |   Southern 3: phi=-0.134722, phi/n=-0.00023108
2026-03-04 22:50:20 | INFO | src.tmc_shapley_islands |   Southern 5: phi=0.006703, phi/n=0.00003318
2026-03-04 22:50:20 | INFO | src.tmc_shapley_islands | Curve retraining early stopping: enabled=True, patience=20
2026-03-04 22:50:20 | INFO | src.tmc_shapley_islands | Computing add-islands curve (evaluated on test set)...
2026-03-04 22:50:20 | INFO | src.tmc_shapley_islands | Add-curve (mean): 1 islands, n=396 -> corr=0.0707
2026-03-04 22:50:21 | INFO | src.tmc_shapley_islands | Add-curve (mean): 2 islands, n=488 -> corr=0.0466
2026-03-04 22:50:21 | INFO | src.tmc_shapley_islands | Add-curve (mean): 3 islands, n=640 -> corr=0.0627
2026-03-04 22:50:21 | INFO | src.tmc_shapley_islands | Add-curve (mean): 4 islands, n=757 -> corr=0.0946
2026-03-04 22:50:22 | INFO | src.tmc_shapley_islands | Add-curve (mean): 5 islands, n=1043 -> corr=0.0710
2026-03-04 22:50:22 | INFO | src.tmc_shapley_islands | Add-curve (mean): 6 islands, n=1626 -> corr=0.1356
2026-03-04 22:50:23 | INFO | src.tmc_shapley_islands | Add-curve (mean): 7 islands, n=1789 -> corr=0.1438
2026-03-04 22:50:24 | INFO | src.tmc_shapley_islands | Add-curve (mean): 8 islands, n=1991 -> corr=0.1280
2026-03-04 22:50:25 | INFO | src.tmc_shapley_islands | Add-curve (mean): 9 islands, n=2546 -> corr=0.1000
2026-03-04 22:50:28 | INFO | src.tmc_shapley_islands | Add-curve (mean): 10 islands, n=2740 -> corr=0.0851
2026-03-04 22:50:31 | INFO | src.tmc_shapley_islands | Add-curve (mean): 11 islands, n=3803 -> corr=0.0887
2026-03-04 22:50:33 | INFO | src.tmc_shapley_islands | Add-curve (mean): 12 islands, n=4386 -> corr=0.0869
2026-03-04 22:50:35 | INFO | src.tmc_shapley_islands | Add-curve (mean): 13 islands, n=4734 -> corr=0.0811
2026-03-04 22:50:38 | INFO | src.tmc_shapley_islands | Add-curve (mean): 14 islands, n=4991 -> corr=0.0987
2026-03-04 22:50:40 | INFO | src.tmc_shapley_islands | Add-curve (mean): 15 islands, n=5164 -> corr=0.1117
2026-03-04 22:50:54 | INFO | src.tmc_shapley_islands | Random individual add-curve (seed=0) complete
2026-03-04 22:51:09 | INFO | src.tmc_shapley_islands | Random individual add-curve (seed=1) complete
2026-03-04 22:51:21 | INFO | src.tmc_shapley_islands | Random individual add-curve (seed=2) complete
2026-03-04 22:51:33 | INFO | src.tmc_shapley_islands | Random individual add-curve (seed=3) complete
2026-03-04 22:51:44 | INFO | src.tmc_shapley_islands | Random individual add-curve (seed=4) complete
2026-03-04 22:51:44 | INFO | src.tmc_shapley_islands | Building mirrored remove-islands curve from add-islands curve...
2026-03-04 22:51:45 | INFO | src.tmc_shapley_islands | Saved Shapley values to outputs/tmc_shapley_sweep_all_traits/shards/shard_010/tarsus/tmp/shapley_island_values_target_14.csv
2026-03-04 22:51:45 | INFO | src.tmc_shapley_islands | Saved summary to outputs/tmc_shapley_sweep_all_traits/shards/shard_010/tarsus/tmp/tmc_summary_target_14.json
2026-03-04 22:51:45 | INFO | src.tmc_shapley_islands | Saved intermediate ranking trace to outputs/tmc_shapley_sweep_all_traits/shards/shard_010/tarsus/tmp/tmc_intermediate_rankings_target_14.csv
2026-03-04 22:51:45 | INFO | src.tmc_shapley_islands | Saved add-curve to outputs/tmc_shapley_sweep_all_traits/shards/shard_010/tarsus/tmp/add_curve_target_14.csv
2026-03-04 22:51:45 | INFO | src.tmc_shapley_islands | Saved remove-curve to outputs/tmc_shapley_sweep_all_traits/shards/shard_010/tarsus/tmp/remove_curve_target_14.csv
2026-03-04 22:51:45 | INFO | src.tmc_shapley_islands | Saved bar plot to outputs/tmc_shapley_sweep_all_traits/shards/shard_010/tarsus/tmp/shapley_bar_target_14.png
2026-03-04 22:51:46 | INFO | src.tmc_shapley_islands | Saved add-curve plot to outputs/tmc_shapley_sweep_all_traits/shards/shard_010/tarsus/tmp/add_curve_target_14.png
2026-03-04 22:51:46 | INFO | src.tmc_shapley_islands | Saved remove-curve plot to outputs/tmc_shapley_sweep_all_traits/shards/shard_010/tarsus/tmp/remove_curve_target_14.png
2026-03-04 22:51:46 | INFO | __main__ | Shard 10/30 trait=tarsus progress 61/75 | target=14 n_cal_samples=40 perm=10 repeat=3
2026-03-04 22:51:46 | INFO | src.tmc_shapley_islands | [Shapley] Target island: 14 (Southern 4), source islands: 15
2026-03-04 22:51:47 | INFO | src.tmc_shapley_islands | Data: source=5164 (across 15 islands), cal=40, test=336
2026-03-04 22:51:47 | INFO | src.tmc_shapley_islands | SNP selection: using fixed precomputed subset (n=20000)
2026-03-04 22:51:47 | INFO | src.tmc_shapley_islands | Island counts (capped to None in training):
  Nesøy: n=117
  Myken: n=92
  Træna: n=286
  Selvær: n=194
  Gjerøy: n=555
  Hestmannøy: n=1063
  Indre Kvarøy: n=348
  Onøy og Lurøy: n=257
  Lovund: n=152
  Sleneset: n=163
  Aldra: n=173
  Southern 1: n=583
  Southern 2: n=396
  Southern 3: n=583
  Southern 5: n=202
2026-03-04 22:51:47 | INFO | src.tmc_shapley_islands | Running TMC-Shapley with 10 permutations (utility on cal set)...
2026-03-04 22:51:47 | INFO | src.tmc_shapley_islands | Computing V_full over all 15 source islands...
2026-03-04 22:51:50 | INFO | src.tmc_shapley_islands | V_full = -0.0878
2026-03-04 22:52:16 | INFO | src.tmc_shapley_islands | TMC progress: 2/10 permutations done, cache hit rate: 6.5%, n_evals: 29
2026-03-04 22:52:52 | INFO | src.tmc_shapley_islands | TMC progress: 4/10 permutations done, cache hit rate: 6.6%, n_evals: 57
2026-03-04 22:53:24 | INFO | src.tmc_shapley_islands | TMC progress: 6/10 permutations done, cache hit rate: 7.7%, n_evals: 84
2026-03-04 22:53:54 | INFO | src.tmc_shapley_islands | TMC progress: 8/10 permutations done, cache hit rate: 7.4%, n_evals: 112
2026-03-04 22:54:32 | INFO | src.tmc_shapley_islands | TMC progress: 10/10 permutations done, cache hit rate: 7.3%, n_evals: 140
2026-03-04 22:54:32 | INFO | src.tmc_shapley_islands | TMC complete: 10 permutations, 0 truncated, 140 utility evals, cache hit rate: 7.3%
2026-03-04 22:54:32 | INFO | src.tmc_shapley_islands | Shapley values (phi, computed on cal set):
2026-03-04 22:54:32 | INFO | src.tmc_shapley_islands |   Nesøy: phi=0.072009, phi/n=0.00061546
2026-03-04 22:54:32 | INFO | src.tmc_shapley_islands |   Myken: phi=-0.047520, phi/n=-0.00051652
2026-03-04 22:54:32 | INFO | src.tmc_shapley_islands |   Træna: phi=-0.000219, phi/n=-0.00000076
2026-03-04 22:54:32 | INFO | src.tmc_shapley_islands |   Selvær: phi=-0.047295, phi/n=-0.00024379
2026-03-04 22:54:32 | INFO | src.tmc_shapley_islands |   Gjerøy: phi=-0.075088, phi/n=-0.00013529
2026-03-04 22:54:32 | INFO | src.tmc_shapley_islands |   Hestmannøy: phi=-0.139225, phi/n=-0.00013097
2026-03-04 22:54:32 | INFO | src.tmc_shapley_islands |   Indre Kvarøy: phi=-0.053761, phi/n=-0.00015449
2026-03-04 22:54:32 | INFO | src.tmc_shapley_islands |   Onøy og Lurøy: phi=0.079978, phi/n=0.00031120
2026-03-04 22:54:32 | INFO | src.tmc_shapley_islands |   Lovund: phi=-0.028801, phi/n=-0.00018948
2026-03-04 22:54:32 | INFO | src.tmc_shapley_islands |   Sleneset: phi=0.008744, phi/n=0.00005364
2026-03-04 22:54:32 | INFO | src.tmc_shapley_islands |   Aldra: phi=0.018441, phi/n=0.00010659
2026-03-04 22:54:32 | INFO | src.tmc_shapley_islands |   Southern 1: phi=0.032308, phi/n=0.00005542
2026-03-04 22:54:32 | INFO | src.tmc_shapley_islands |   Southern 2: phi=0.106422, phi/n=0.00026874
2026-03-04 22:54:32 | INFO | src.tmc_shapley_islands |   Southern 3: phi=-0.051009, phi/n=-0.00008749
2026-03-04 22:54:32 | INFO | src.tmc_shapley_islands |   Southern 5: phi=0.037194, phi/n=0.00018413
2026-03-04 22:54:32 | INFO | src.tmc_shapley_islands | Curve retraining early stopping: enabled=True, patience=20
2026-03-04 22:54:32 | INFO | src.tmc_shapley_islands | Computing add-islands curve (evaluated on test set)...
2026-03-04 22:54:32 | INFO | src.tmc_shapley_islands | Add-curve (mean): 1 islands, n=117 -> corr=0.1482
2026-03-04 22:54:32 | INFO | src.tmc_shapley_islands | Add-curve (mean): 2 islands, n=374 -> corr=0.1424
2026-03-04 22:54:32 | INFO | src.tmc_shapley_islands | Add-curve (mean): 3 islands, n=770 -> corr=0.1954
2026-03-04 22:54:33 | INFO | src.tmc_shapley_islands | Add-curve (mean): 4 islands, n=972 -> corr=0.1637
2026-03-04 22:54:33 | INFO | src.tmc_shapley_islands | Add-curve (mean): 5 islands, n=1145 -> corr=0.1676
2026-03-04 22:54:34 | INFO | src.tmc_shapley_islands | Add-curve (mean): 6 islands, n=1728 -> corr=0.2046
2026-03-04 22:54:35 | INFO | src.tmc_shapley_islands | Add-curve (mean): 7 islands, n=1891 -> corr=0.2041
2026-03-04 22:54:36 | INFO | src.tmc_shapley_islands | Add-curve (mean): 8 islands, n=2177 -> corr=0.1972
2026-03-04 22:54:38 | INFO | src.tmc_shapley_islands | Add-curve (mean): 9 islands, n=2760 -> corr=0.1867
2026-03-04 22:54:40 | INFO | src.tmc_shapley_islands | Add-curve (mean): 10 islands, n=3823 -> corr=0.2043
2026-03-04 22:54:42 | INFO | src.tmc_shapley_islands | Add-curve (mean): 11 islands, n=4378 -> corr=0.1887
2026-03-04 22:54:44 | INFO | src.tmc_shapley_islands | Add-curve (mean): 12 islands, n=4726 -> corr=0.1754
2026-03-04 22:54:46 | INFO | src.tmc_shapley_islands | Add-curve (mean): 13 islands, n=4878 -> corr=0.1815
2026-03-04 22:54:49 | INFO | src.tmc_shapley_islands | Add-curve (mean): 14 islands, n=5072 -> corr=0.1753
2026-03-04 22:54:51 | INFO | src.tmc_shapley_islands | Add-curve (mean): 15 islands, n=5164 -> corr=0.1705
2026-03-04 22:55:06 | INFO | src.tmc_shapley_islands | Random individual add-curve (seed=0) complete
2026-03-04 22:55:22 | INFO | src.tmc_shapley_islands | Random individual add-curve (seed=1) complete
2026-03-04 22:55:39 | INFO | src.tmc_shapley_islands | Random individual add-curve (seed=2) complete
2026-03-04 22:55:53 | INFO | src.tmc_shapley_islands | Random individual add-curve (seed=3) complete
2026-03-04 22:56:04 | INFO | src.tmc_shapley_islands | Random individual add-curve (seed=4) complete
2026-03-04 22:56:04 | INFO | src.tmc_shapley_islands | Building mirrored remove-islands curve from add-islands curve...
2026-03-04 22:56:04 | INFO | src.tmc_shapley_islands | Saved Shapley values to outputs/tmc_shapley_sweep_all_traits/shards/shard_010/tarsus/tmp/shapley_island_values_target_14.csv
2026-03-04 22:56:04 | INFO | src.tmc_shapley_islands | Saved summary to outputs/tmc_shapley_sweep_all_traits/shards/shard_010/tarsus/tmp/tmc_summary_target_14.json
2026-03-04 22:56:04 | INFO | src.tmc_shapley_islands | Saved intermediate ranking trace to outputs/tmc_shapley_sweep_all_traits/shards/shard_010/tarsus/tmp/tmc_intermediate_rankings_target_14.csv
2026-03-04 22:56:04 | INFO | src.tmc_shapley_islands | Saved add-curve to outputs/tmc_shapley_sweep_all_traits/shards/shard_010/tarsus/tmp/add_curve_target_14.csv
2026-03-04 22:56:04 | INFO | src.tmc_shapley_islands | Saved remove-curve to outputs/tmc_shapley_sweep_all_traits/shards/shard_010/tarsus/tmp/remove_curve_target_14.csv
2026-03-04 22:56:05 | INFO | src.tmc_shapley_islands | Saved bar plot to outputs/tmc_shapley_sweep_all_traits/shards/shard_010/tarsus/tmp/shapley_bar_target_14.png
2026-03-04 22:56:05 | INFO | src.tmc_shapley_islands | Saved add-curve plot to outputs/tmc_shapley_sweep_all_traits/shards/shard_010/tarsus/tmp/add_curve_target_14.png
2026-03-04 22:56:06 | INFO | src.tmc_shapley_islands | Saved remove-curve plot to outputs/tmc_shapley_sweep_all_traits/shards/shard_010/tarsus/tmp/remove_curve_target_14.png
2026-03-04 22:56:06 | INFO | __main__ | Shard 10/30 trait=tarsus progress 62/75 | target=14 n_cal_samples=40 perm=20 repeat=3
2026-03-04 22:56:06 | INFO | src.tmc_shapley_islands | [Shapley] Target island: 14 (Southern 4), source islands: 15
2026-03-04 22:56:07 | INFO | src.tmc_shapley_islands | Data: source=5164 (across 15 islands), cal=40, test=336
2026-03-04 22:56:07 | INFO | src.tmc_shapley_islands | SNP selection: using fixed precomputed subset (n=20000)
2026-03-04 22:56:07 | INFO | src.tmc_shapley_islands | Island counts (capped to None in training):
  Nesøy: n=117
  Myken: n=92
  Træna: n=286
  Selvær: n=194
  Gjerøy: n=555
  Hestmannøy: n=1063
  Indre Kvarøy: n=348
  Onøy og Lurøy: n=257
  Lovund: n=152
  Sleneset: n=163
  Aldra: n=173
  Southern 1: n=583
  Southern 2: n=396
  Southern 3: n=583
  Southern 5: n=202
2026-03-04 22:56:07 | INFO | src.tmc_shapley_islands | Loaded 140 cached utilities from outputs/tmc_shapley_sweep_all_traits/cache/tarsus/utility_cache_target_14_seed_1036864140.json
2026-03-04 22:56:07 | INFO | src.tmc_shapley_islands | Running TMC-Shapley with 20 permutations (utility on cal set)...
2026-03-04 22:56:07 | INFO | src.tmc_shapley_islands | Computing V_full over all 15 source islands...
2026-03-04 22:56:07 | INFO | src.tmc_shapley_islands | V_full = -0.0878
2026-03-04 22:56:07 | INFO | src.tmc_shapley_islands | TMC head-start: loaded 10 completed permutations from state outputs/tmc_shapley_sweep_all_traits/cache/tarsus/tmc_perm_state_target_14_seed_1036864140.json
2026-03-04 22:56:35 | INFO | src.tmc_shapley_islands | TMC progress: 12/20 permutations done, cache hit rate: 16.1%, n_evals: 26
2026-03-04 22:57:48 | INFO | src.tmc_shapley_islands | TMC progress: 16/20 permutations done, cache hit rate: 15.4%, n_evals: 77
2026-03-04 22:58:37 | INFO | src.tmc_shapley_islands | TMC progress: 20/20 permutations done, cache hit rate: 17.9%, n_evals: 124
2026-03-04 22:58:37 | INFO | src.tmc_shapley_islands | TMC complete: 20 permutations, 0 truncated, 124 utility evals, cache hit rate: 17.9%
2026-03-04 22:58:37 | INFO | src.tmc_shapley_islands | Shapley values (phi, computed on cal set):
2026-03-04 22:58:37 | INFO | src.tmc_shapley_islands |   Nesøy: phi=0.071207, phi/n=0.00060861
2026-03-04 22:58:37 | INFO | src.tmc_shapley_islands |   Myken: phi=-0.048336, phi/n=-0.00052539
2026-03-04 22:58:37 | INFO | src.tmc_shapley_islands |   Træna: phi=0.003236, phi/n=0.00001131
2026-03-04 22:58:37 | INFO | src.tmc_shapley_islands |   Selvær: phi=-0.046678, phi/n=-0.00024061
2026-03-04 22:58:37 | INFO | src.tmc_shapley_islands |   Gjerøy: phi=-0.077018, phi/n=-0.00013877
2026-03-04 22:58:37 | INFO | src.tmc_shapley_islands |   Hestmannøy: phi=-0.150052, phi/n=-0.00014116
2026-03-04 22:58:37 | INFO | src.tmc_shapley_islands |   Indre Kvarøy: phi=-0.067825, phi/n=-0.00019490
2026-03-04 22:58:37 | INFO | src.tmc_shapley_islands |   Onøy og Lurøy: phi=0.086459, phi/n=0.00033642
2026-03-04 22:58:37 | INFO | src.tmc_shapley_islands |   Lovund: phi=-0.022982, phi/n=-0.00015120
2026-03-04 22:58:37 | INFO | src.tmc_shapley_islands |   Sleneset: phi=0.022089, phi/n=0.00013551
2026-03-04 22:58:37 | INFO | src.tmc_shapley_islands |   Aldra: phi=0.009736, phi/n=0.00005628
2026-03-04 22:58:37 | INFO | src.tmc_shapley_islands |   Southern 1: phi=0.039163, phi/n=0.00006718
2026-03-04 22:58:37 | INFO | src.tmc_shapley_islands |   Southern 2: phi=0.099069, phi/n=0.00025017
2026-03-04 22:58:37 | INFO | src.tmc_shapley_islands |   Southern 3: phi=-0.050682, phi/n=-0.00008693
2026-03-04 22:58:37 | INFO | src.tmc_shapley_islands |   Southern 5: phi=0.044794, phi/n=0.00022175
2026-03-04 22:58:37 | INFO | src.tmc_shapley_islands | Curve retraining early stopping: enabled=True, patience=20
2026-03-04 22:58:37 | INFO | src.tmc_shapley_islands | Computing add-islands curve (evaluated on test set)...
2026-03-04 22:58:37 | INFO | src.tmc_shapley_islands | Add-curve (mean): 1 islands, n=117 -> corr=0.1482
2026-03-04 22:58:37 | INFO | src.tmc_shapley_islands | Add-curve (mean): 2 islands, n=374 -> corr=0.1424
2026-03-04 22:58:38 | INFO | src.tmc_shapley_islands | Add-curve (mean): 3 islands, n=770 -> corr=0.1954
2026-03-04 22:58:38 | INFO | src.tmc_shapley_islands | Add-curve (mean): 4 islands, n=972 -> corr=0.1637
2026-03-04 22:58:39 | INFO | src.tmc_shapley_islands | Add-curve (mean): 5 islands, n=1135 -> corr=0.1692
2026-03-04 22:58:39 | INFO | src.tmc_shapley_islands | Add-curve (mean): 6 islands, n=1718 -> corr=0.2032
2026-03-04 22:58:40 | INFO | src.tmc_shapley_islands | Add-curve (mean): 7 islands, n=1891 -> corr=0.2041
2026-03-04 22:58:41 | INFO | src.tmc_shapley_islands | Add-curve (mean): 8 islands, n=2177 -> corr=0.1972
2026-03-04 22:58:42 | INFO | src.tmc_shapley_islands | Add-curve (mean): 9 islands, n=2760 -> corr=0.1867
2026-03-04 22:58:43 | INFO | src.tmc_shapley_islands | Add-curve (mean): 10 islands, n=3315 -> corr=0.1733
2026-03-04 22:58:45 | INFO | src.tmc_shapley_islands | Add-curve (mean): 11 islands, n=4378 -> corr=0.1887
2026-03-04 22:58:47 | INFO | src.tmc_shapley_islands | Add-curve (mean): 12 islands, n=4530 -> corr=0.1941
2026-03-04 22:58:49 | INFO | src.tmc_shapley_islands | Add-curve (mean): 13 islands, n=4878 -> corr=0.1815
2026-03-04 22:58:51 | INFO | src.tmc_shapley_islands | Add-curve (mean): 14 islands, n=5072 -> corr=0.1753
2026-03-04 22:58:54 | INFO | src.tmc_shapley_islands | Add-curve (mean): 15 islands, n=5164 -> corr=0.1705
2026-03-04 22:59:07 | INFO | src.tmc_shapley_islands | Random individual add-curve (seed=0) complete
2026-03-04 22:59:20 | INFO | src.tmc_shapley_islands | Random individual add-curve (seed=1) complete
2026-03-04 22:59:32 | INFO | src.tmc_shapley_islands | Random individual add-curve (seed=2) complete
2026-03-04 22:59:46 | INFO | src.tmc_shapley_islands | Random individual add-curve (seed=3) complete
2026-03-04 23:00:01 | INFO | src.tmc_shapley_islands | Random individual add-curve (seed=4) complete
2026-03-04 23:00:01 | INFO | src.tmc_shapley_islands | Building mirrored remove-islands curve from add-islands curve...
2026-03-04 23:00:01 | INFO | src.tmc_shapley_islands | Saved Shapley values to outputs/tmc_shapley_sweep_all_traits/shards/shard_010/tarsus/tmp/shapley_island_values_target_14.csv
2026-03-04 23:00:01 | INFO | src.tmc_shapley_islands | Saved summary to outputs/tmc_shapley_sweep_all_traits/shards/shard_010/tarsus/tmp/tmc_summary_target_14.json
2026-03-04 23:00:01 | INFO | src.tmc_shapley_islands | Saved intermediate ranking trace to outputs/tmc_shapley_sweep_all_traits/shards/shard_010/tarsus/tmp/tmc_intermediate_rankings_target_14.csv
2026-03-04 23:00:01 | INFO | src.tmc_shapley_islands | Saved add-curve to outputs/tmc_shapley_sweep_all_traits/shards/shard_010/tarsus/tmp/add_curve_target_14.csv
2026-03-04 23:00:01 | INFO | src.tmc_shapley_islands | Saved remove-curve to outputs/tmc_shapley_sweep_all_traits/shards/shard_010/tarsus/tmp/remove_curve_target_14.csv
2026-03-04 23:00:02 | INFO | src.tmc_shapley_islands | Saved bar plot to outputs/tmc_shapley_sweep_all_traits/shards/shard_010/tarsus/tmp/shapley_bar_target_14.png
2026-03-04 23:00:02 | INFO | src.tmc_shapley_islands | Saved add-curve plot to outputs/tmc_shapley_sweep_all_traits/shards/shard_010/tarsus/tmp/add_curve_target_14.png
2026-03-04 23:00:03 | INFO | src.tmc_shapley_islands | Saved remove-curve plot to outputs/tmc_shapley_sweep_all_traits/shards/shard_010/tarsus/tmp/remove_curve_target_14.png
2026-03-04 23:00:03 | INFO | __main__ | Shard 10/30 trait=tarsus progress 63/75 | target=14 n_cal_samples=40 perm=40 repeat=3
2026-03-04 23:00:03 | INFO | src.tmc_shapley_islands | [Shapley] Target island: 14 (Southern 4), source islands: 15
2026-03-04 23:00:04 | INFO | src.tmc_shapley_islands | Data: source=5164 (across 15 islands), cal=40, test=336
2026-03-04 23:00:04 | INFO | src.tmc_shapley_islands | SNP selection: using fixed precomputed subset (n=20000)
2026-03-04 23:00:04 | INFO | src.tmc_shapley_islands | Island counts (capped to None in training):
  Nesøy: n=117
  Myken: n=92
  Træna: n=286
  Selvær: n=194
  Gjerøy: n=555
  Hestmannøy: n=1063
  Indre Kvarøy: n=348
  Onøy og Lurøy: n=257
  Lovund: n=152
  Sleneset: n=163
  Aldra: n=173
  Southern 1: n=583
  Southern 2: n=396
  Southern 3: n=583
  Southern 5: n=202
2026-03-04 23:00:04 | INFO | src.tmc_shapley_islands | Loaded 264 cached utilities from outputs/tmc_shapley_sweep_all_traits/cache/tarsus/utility_cache_target_14_seed_1036864140.json
2026-03-04 23:00:04 | INFO | src.tmc_shapley_islands | Running TMC-Shapley with 40 permutations (utility on cal set)...
2026-03-04 23:00:04 | INFO | src.tmc_shapley_islands | Computing V_full over all 15 source islands...
2026-03-04 23:00:04 | INFO | src.tmc_shapley_islands | V_full = -0.0878
2026-03-04 23:00:04 | INFO | src.tmc_shapley_islands | TMC head-start: loaded 20 completed permutations from state outputs/tmc_shapley_sweep_all_traits/cache/tarsus/tmc_perm_state_target_14_seed_1036864140.json
2026-03-04 23:00:55 | INFO | src.tmc_shapley_islands | TMC progress: 24/40 permutations done, cache hit rate: 24.6%, n_evals: 46
2026-03-04 23:02:51 | INFO | src.tmc_shapley_islands | TMC progress: 32/40 permutations done, cache hit rate: 21.0%, n_evals: 143
2026-03-04 23:04:39 | INFO | src.tmc_shapley_islands | TMC progress: 40/40 permutations done, cache hit rate: 22.6%, n_evals: 233
2026-03-04 23:04:39 | INFO | src.tmc_shapley_islands | TMC complete: 40 permutations, 0 truncated, 233 utility evals, cache hit rate: 22.6%
2026-03-04 23:04:39 | INFO | src.tmc_shapley_islands | Shapley values (phi, computed on cal set):
2026-03-04 23:04:39 | INFO | src.tmc_shapley_islands |   Nesøy: phi=0.064599, phi/n=0.00055212
2026-03-04 23:04:39 | INFO | src.tmc_shapley_islands |   Myken: phi=-0.053572, phi/n=-0.00058230
2026-03-04 23:04:39 | INFO | src.tmc_shapley_islands |   Træna: phi=0.006916, phi/n=0.00002418
2026-03-04 23:04:39 | INFO | src.tmc_shapley_islands |   Selvær: phi=-0.042245, phi/n=-0.00021776
2026-03-04 23:04:39 | INFO | src.tmc_shapley_islands |   Gjerøy: phi=-0.087033, phi/n=-0.00015682
2026-03-04 23:04:39 | INFO | src.tmc_shapley_islands |   Hestmannøy: phi=-0.138414, phi/n=-0.00013021
2026-03-04 23:04:39 | INFO | src.tmc_shapley_islands |   Indre Kvarøy: phi=-0.068849, phi/n=-0.00019784
2026-03-04 23:04:39 | INFO | src.tmc_shapley_islands |   Onøy og Lurøy: phi=0.089680, phi/n=0.00034895
2026-03-04 23:04:39 | INFO | src.tmc_shapley_islands |   Lovund: phi=-0.020737, phi/n=-0.00013643
2026-03-04 23:04:39 | INFO | src.tmc_shapley_islands |   Sleneset: phi=0.022689, phi/n=0.00013920
2026-03-04 23:04:39 | INFO | src.tmc_shapley_islands |   Aldra: phi=0.012949, phi/n=0.00007485
2026-03-04 23:04:39 | INFO | src.tmc_shapley_islands |   Southern 1: phi=0.036980, phi/n=0.00006343
2026-03-04 23:04:39 | INFO | src.tmc_shapley_islands |   Southern 2: phi=0.097101, phi/n=0.00024520
2026-03-04 23:04:39 | INFO | src.tmc_shapley_islands |   Southern 3: phi=-0.049168, phi/n=-0.00008434
2026-03-04 23:04:39 | INFO | src.tmc_shapley_islands |   Southern 5: phi=0.041282, phi/n=0.00020437
2026-03-04 23:04:39 | INFO | src.tmc_shapley_islands | Curve retraining early stopping: enabled=True, patience=20
2026-03-04 23:04:39 | INFO | src.tmc_shapley_islands | Computing add-islands curve (evaluated on test set)...
2026-03-04 23:04:39 | INFO | src.tmc_shapley_islands | Add-curve (mean): 1 islands, n=117 -> corr=0.1482
2026-03-04 23:04:39 | INFO | src.tmc_shapley_islands | Add-curve (mean): 2 islands, n=374 -> corr=0.1424
2026-03-04 23:04:39 | INFO | src.tmc_shapley_islands | Add-curve (mean): 3 islands, n=770 -> corr=0.1954
2026-03-04 23:04:39 | INFO | src.tmc_shapley_islands | Add-curve (mean): 4 islands, n=972 -> corr=0.1637
2026-03-04 23:04:40 | INFO | src.tmc_shapley_islands | Add-curve (mean): 5 islands, n=1135 -> corr=0.1692
2026-03-04 23:04:41 | INFO | src.tmc_shapley_islands | Add-curve (mean): 6 islands, n=1308 -> corr=0.1714
2026-03-04 23:04:41 | INFO | src.tmc_shapley_islands | Add-curve (mean): 7 islands, n=1891 -> corr=0.2041
2026-03-04 23:04:43 | INFO | src.tmc_shapley_islands | Add-curve (mean): 8 islands, n=2177 -> corr=0.1972
2026-03-04 23:04:44 | INFO | src.tmc_shapley_islands | Add-curve (mean): 9 islands, n=2760 -> corr=0.1867
2026-03-04 23:04:46 | INFO | src.tmc_shapley_islands | Add-curve (mean): 10 islands, n=3823 -> corr=0.2043
2026-03-04 23:04:51 | INFO | src.tmc_shapley_islands | Add-curve (mean): 11 islands, n=3975 -> corr=0.2090
2026-03-04 23:04:53 | INFO | src.tmc_shapley_islands | Add-curve (mean): 12 islands, n=4530 -> corr=0.1941
2026-03-04 23:04:56 | INFO | src.tmc_shapley_islands | Add-curve (mean): 13 islands, n=4878 -> corr=0.1815
2026-03-04 23:04:58 | INFO | src.tmc_shapley_islands | Add-curve (mean): 14 islands, n=5072 -> corr=0.1753
2026-03-04 23:05:00 | INFO | src.tmc_shapley_islands | Add-curve (mean): 15 islands, n=5164 -> corr=0.1705
2026-03-04 23:05:14 | INFO | src.tmc_shapley_islands | Random individual add-curve (seed=0) complete
2026-03-04 23:05:27 | INFO | src.tmc_shapley_islands | Random individual add-curve (seed=1) complete
2026-03-04 23:05:41 | INFO | src.tmc_shapley_islands | Random individual add-curve (seed=2) complete
2026-03-04 23:05:53 | INFO | src.tmc_shapley_islands | Random individual add-curve (seed=3) complete
2026-03-04 23:06:07 | INFO | src.tmc_shapley_islands | Random individual add-curve (seed=4) complete
2026-03-04 23:06:07 | INFO | src.tmc_shapley_islands | Building mirrored remove-islands curve from add-islands curve...
2026-03-04 23:06:07 | INFO | src.tmc_shapley_islands | Saved Shapley values to outputs/tmc_shapley_sweep_all_traits/shards/shard_010/tarsus/tmp/shapley_island_values_target_14.csv
2026-03-04 23:06:07 | INFO | src.tmc_shapley_islands | Saved summary to outputs/tmc_shapley_sweep_all_traits/shards/shard_010/tarsus/tmp/tmc_summary_target_14.json
2026-03-04 23:06:07 | INFO | src.tmc_shapley_islands | Saved intermediate ranking trace to outputs/tmc_shapley_sweep_all_traits/shards/shard_010/tarsus/tmp/tmc_intermediate_rankings_target_14.csv
2026-03-04 23:06:07 | INFO | src.tmc_shapley_islands | Saved add-curve to outputs/tmc_shapley_sweep_all_traits/shards/shard_010/tarsus/tmp/add_curve_target_14.csv
2026-03-04 23:06:07 | INFO | src.tmc_shapley_islands | Saved remove-curve to outputs/tmc_shapley_sweep_all_traits/shards/shard_010/tarsus/tmp/remove_curve_target_14.csv
2026-03-04 23:06:08 | INFO | src.tmc_shapley_islands | Saved bar plot to outputs/tmc_shapley_sweep_all_traits/shards/shard_010/tarsus/tmp/shapley_bar_target_14.png
2026-03-04 23:06:08 | INFO | src.tmc_shapley_islands | Saved add-curve plot to outputs/tmc_shapley_sweep_all_traits/shards/shard_010/tarsus/tmp/add_curve_target_14.png
2026-03-04 23:06:09 | INFO | src.tmc_shapley_islands | Saved remove-curve plot to outputs/tmc_shapley_sweep_all_traits/shards/shard_010/tarsus/tmp/remove_curve_target_14.png
2026-03-04 23:06:09 | INFO | __main__ | Shard 10/30 trait=tarsus progress 64/75 | target=14 n_cal_samples=40 perm=80 repeat=3
2026-03-04 23:06:09 | INFO | src.tmc_shapley_islands | [Shapley] Target island: 14 (Southern 4), source islands: 15
2026-03-04 23:06:09 | INFO | src.tmc_shapley_islands | Data: source=5164 (across 15 islands), cal=40, test=336
2026-03-04 23:06:09 | INFO | src.tmc_shapley_islands | SNP selection: using fixed precomputed subset (n=20000)
2026-03-04 23:06:09 | INFO | src.tmc_shapley_islands | Island counts (capped to None in training):
  Nesøy: n=117
  Myken: n=92
  Træna: n=286
  Selvær: n=194
  Gjerøy: n=555
  Hestmannøy: n=1063
  Indre Kvarøy: n=348
  Onøy og Lurøy: n=257
  Lovund: n=152
  Sleneset: n=163
  Aldra: n=173
  Southern 1: n=583
  Southern 2: n=396
  Southern 3: n=583
  Southern 5: n=202
2026-03-04 23:06:09 | INFO | src.tmc_shapley_islands | Loaded 497 cached utilities from outputs/tmc_shapley_sweep_all_traits/cache/tarsus/utility_cache_target_14_seed_1036864140.json
2026-03-04 23:06:09 | INFO | src.tmc_shapley_islands | Running TMC-Shapley with 80 permutations (utility on cal set)...
2026-03-04 23:06:09 | INFO | src.tmc_shapley_islands | Computing V_full over all 15 source islands...
2026-03-04 23:06:09 | INFO | src.tmc_shapley_islands | V_full = -0.0878
2026-03-04 23:06:09 | INFO | src.tmc_shapley_islands | TMC head-start: loaded 40 completed permutations from state outputs/tmc_shapley_sweep_all_traits/cache/tarsus/tmc_perm_state_target_14_seed_1036864140.json
2026-03-04 23:07:39 | INFO | src.tmc_shapley_islands | TMC progress: 48/80 permutations done, cache hit rate: 29.8%, n_evals: 85
2026-03-04 23:11:25 | INFO | src.tmc_shapley_islands | TMC progress: 64/80 permutations done, cache hit rate: 26.9%, n_evals: 264
2026-03-04 23:15:17 | INFO | src.tmc_shapley_islands | TMC progress: 80/80 permutations done, cache hit rate: 28.0%, n_evals: 433
2026-03-04 23:15:17 | INFO | src.tmc_shapley_islands | TMC complete: 80 permutations, 0 truncated, 433 utility evals, cache hit rate: 28.0%
2026-03-04 23:15:17 | INFO | src.tmc_shapley_islands | Shapley values (phi, computed on cal set):
2026-03-04 23:15:17 | INFO | src.tmc_shapley_islands |   Nesøy: phi=0.058139, phi/n=0.00049692
2026-03-04 23:15:17 | INFO | src.tmc_shapley_islands |   Myken: phi=-0.055218, phi/n=-0.00060020
2026-03-04 23:15:17 | INFO | src.tmc_shapley_islands |   Træna: phi=0.008373, phi/n=0.00002928
2026-03-04 23:15:17 | INFO | src.tmc_shapley_islands |   Selvær: phi=-0.042022, phi/n=-0.00021661
2026-03-04 23:15:17 | INFO | src.tmc_shapley_islands |   Gjerøy: phi=-0.100364, phi/n=-0.00018084
2026-03-04 23:15:17 | INFO | src.tmc_shapley_islands |   Hestmannøy: phi=-0.131727, phi/n=-0.00012392
2026-03-04 23:15:17 | INFO | src.tmc_shapley_islands |   Indre Kvarøy: phi=-0.067562, phi/n=-0.00019414
2026-03-04 23:15:17 | INFO | src.tmc_shapley_islands |   Onøy og Lurøy: phi=0.084417, phi/n=0.00032847
2026-03-04 23:15:17 | INFO | src.tmc_shapley_islands |   Lovund: phi=-0.021808, phi/n=-0.00014347
2026-03-04 23:15:17 | INFO | src.tmc_shapley_islands |   Sleneset: phi=0.022073, phi/n=0.00013541
2026-03-04 23:15:17 | INFO | src.tmc_shapley_islands |   Aldra: phi=0.012383, phi/n=0.00007158
2026-03-04 23:15:17 | INFO | src.tmc_shapley_islands |   Southern 1: phi=0.045963, phi/n=0.00007884
2026-03-04 23:15:17 | INFO | src.tmc_shapley_islands |   Southern 2: phi=0.098078, phi/n=0.00024767
2026-03-04 23:15:17 | INFO | src.tmc_shapley_islands |   Southern 3: phi=-0.045431, phi/n=-0.00007793
2026-03-04 23:15:17 | INFO | src.tmc_shapley_islands |   Southern 5: phi=0.046883, phi/n=0.00023209
2026-03-04 23:15:17 | INFO | src.tmc_shapley_islands | Curve retraining early stopping: enabled=True, patience=20
2026-03-04 23:15:17 | INFO | src.tmc_shapley_islands | Computing add-islands curve (evaluated on test set)...
2026-03-04 23:15:17 | INFO | src.tmc_shapley_islands | Add-curve (mean): 1 islands, n=117 -> corr=0.1482
2026-03-04 23:15:17 | INFO | src.tmc_shapley_islands | Add-curve (mean): 2 islands, n=374 -> corr=0.1424
2026-03-04 23:15:18 | INFO | src.tmc_shapley_islands | Add-curve (mean): 3 islands, n=770 -> corr=0.1954
2026-03-04 23:15:18 | INFO | src.tmc_shapley_islands | Add-curve (mean): 4 islands, n=972 -> corr=0.1637
2026-03-04 23:15:19 | INFO | src.tmc_shapley_islands | Add-curve (mean): 5 islands, n=1135 -> corr=0.1692
2026-03-04 23:15:19 | INFO | src.tmc_shapley_islands | Add-curve (mean): 6 islands, n=1718 -> corr=0.2032
2026-03-04 23:15:21 | INFO | src.tmc_shapley_islands | Add-curve (mean): 7 islands, n=1891 -> corr=0.2041
2026-03-04 23:15:22 | INFO | src.tmc_shapley_islands | Add-curve (mean): 8 islands, n=2177 -> corr=0.1972
2026-03-04 23:15:23 | INFO | src.tmc_shapley_islands | Add-curve (mean): 9 islands, n=2760 -> corr=0.1867
2026-03-04 23:15:25 | INFO | src.tmc_shapley_islands | Add-curve (mean): 10 islands, n=3823 -> corr=0.2043
2026-03-04 23:15:26 | INFO | src.tmc_shapley_islands | Add-curve (mean): 11 islands, n=3975 -> corr=0.2090
2026-03-04 23:15:28 | INFO | src.tmc_shapley_islands | Add-curve (mean): 12 islands, n=4530 -> corr=0.1941
2026-03-04 23:15:30 | INFO | src.tmc_shapley_islands | Add-curve (mean): 13 islands, n=4878 -> corr=0.1815
2026-03-04 23:15:32 | INFO | src.tmc_shapley_islands | Add-curve (mean): 14 islands, n=5072 -> corr=0.1753
2026-03-04 23:15:35 | INFO | src.tmc_shapley_islands | Add-curve (mean): 15 islands, n=5164 -> corr=0.1705
2026-03-04 23:15:47 | INFO | src.tmc_shapley_islands | Random individual add-curve (seed=0) complete
2026-03-04 23:16:01 | INFO | src.tmc_shapley_islands | Random individual add-curve (seed=1) complete
2026-03-04 23:16:13 | INFO | src.tmc_shapley_islands | Random individual add-curve (seed=2) complete
2026-03-04 23:16:27 | INFO | src.tmc_shapley_islands | Random individual add-curve (seed=3) complete
2026-03-04 23:16:40 | INFO | src.tmc_shapley_islands | Random individual add-curve (seed=4) complete
2026-03-04 23:16:40 | INFO | src.tmc_shapley_islands | Building mirrored remove-islands curve from add-islands curve...
2026-03-04 23:16:40 | INFO | src.tmc_shapley_islands | Saved Shapley values to outputs/tmc_shapley_sweep_all_traits/shards/shard_010/tarsus/tmp/shapley_island_values_target_14.csv
2026-03-04 23:16:40 | INFO | src.tmc_shapley_islands | Saved summary to outputs/tmc_shapley_sweep_all_traits/shards/shard_010/tarsus/tmp/tmc_summary_target_14.json
2026-03-04 23:16:40 | INFO | src.tmc_shapley_islands | Saved intermediate ranking trace to outputs/tmc_shapley_sweep_all_traits/shards/shard_010/tarsus/tmp/tmc_intermediate_rankings_target_14.csv
2026-03-04 23:16:40 | INFO | src.tmc_shapley_islands | Saved add-curve to outputs/tmc_shapley_sweep_all_traits/shards/shard_010/tarsus/tmp/add_curve_target_14.csv
2026-03-04 23:16:40 | INFO | src.tmc_shapley_islands | Saved remove-curve to outputs/tmc_shapley_sweep_all_traits/shards/shard_010/tarsus/tmp/remove_curve_target_14.csv
2026-03-04 23:16:40 | INFO | src.tmc_shapley_islands | Saved bar plot to outputs/tmc_shapley_sweep_all_traits/shards/shard_010/tarsus/tmp/shapley_bar_target_14.png
2026-03-04 23:16:41 | INFO | src.tmc_shapley_islands | Saved add-curve plot to outputs/tmc_shapley_sweep_all_traits/shards/shard_010/tarsus/tmp/add_curve_target_14.png
2026-03-04 23:16:41 | INFO | src.tmc_shapley_islands | Saved remove-curve plot to outputs/tmc_shapley_sweep_all_traits/shards/shard_010/tarsus/tmp/remove_curve_target_14.png
2026-03-04 23:16:41 | INFO | __main__ | Shard 10/30 trait=tarsus progress 65/75 | target=14 n_cal_samples=40 perm=150 repeat=3
2026-03-04 23:16:41 | INFO | src.tmc_shapley_islands | [Shapley] Target island: 14 (Southern 4), source islands: 15
2026-03-04 23:16:42 | INFO | src.tmc_shapley_islands | Data: source=5164 (across 15 islands), cal=40, test=336
2026-03-04 23:16:42 | INFO | src.tmc_shapley_islands | SNP selection: using fixed precomputed subset (n=20000)
2026-03-04 23:16:42 | INFO | src.tmc_shapley_islands | Island counts (capped to None in training):
  Nesøy: n=117
  Myken: n=92
  Træna: n=286
  Selvær: n=194
  Gjerøy: n=555
  Hestmannøy: n=1063
  Indre Kvarøy: n=348
  Onøy og Lurøy: n=257
  Lovund: n=152
  Sleneset: n=163
  Aldra: n=173
  Southern 1: n=583
  Southern 2: n=396
  Southern 3: n=583
  Southern 5: n=202
2026-03-04 23:16:42 | INFO | src.tmc_shapley_islands | Loaded 930 cached utilities from outputs/tmc_shapley_sweep_all_traits/cache/tarsus/utility_cache_target_14_seed_1036864140.json
2026-03-04 23:16:42 | INFO | src.tmc_shapley_islands | Running TMC-Shapley with 150 permutations (utility on cal set)...
2026-03-04 23:16:42 | INFO | src.tmc_shapley_islands | Computing V_full over all 15 source islands...
2026-03-04 23:16:42 | INFO | src.tmc_shapley_islands | V_full = -0.0878
2026-03-04 23:16:42 | INFO | src.tmc_shapley_islands | TMC head-start: loaded 80 completed permutations from state outputs/tmc_shapley_sweep_all_traits/cache/tarsus/tmc_perm_state_target_14_seed_1036864140.json
2026-03-04 23:18:46 | INFO | src.tmc_shapley_islands | TMC progress: 90/150 permutations done, cache hit rate: 30.5%, n_evals: 105
2026-03-04 23:24:59 | INFO | src.tmc_shapley_islands | TMC progress: 120/150 permutations done, cache hit rate: 33.6%, n_evals: 399
2026-03-04 23:30:45 | INFO | src.tmc_shapley_islands | TMC progress: 150/150 permutations done, cache hit rate: 33.7%, n_evals: 697
2026-03-04 23:30:45 | INFO | src.tmc_shapley_islands | TMC complete: 150 permutations, 0 truncated, 697 utility evals, cache hit rate: 33.7%
2026-03-04 23:30:45 | INFO | src.tmc_shapley_islands | Shapley values (phi, computed on cal set):
2026-03-04 23:30:45 | INFO | src.tmc_shapley_islands |   Nesøy: phi=0.058711, phi/n=0.00050181
2026-03-04 23:30:45 | INFO | src.tmc_shapley_islands |   Myken: phi=-0.050559, phi/n=-0.00054956
2026-03-04 23:30:45 | INFO | src.tmc_shapley_islands |   Træna: phi=0.007898, phi/n=0.00002761
2026-03-04 23:30:45 | INFO | src.tmc_shapley_islands |   Selvær: phi=-0.045663, phi/n=-0.00023538
2026-03-04 23:30:45 | INFO | src.tmc_shapley_islands |   Gjerøy: phi=-0.103715, phi/n=-0.00018687
2026-03-04 23:30:45 | INFO | src.tmc_shapley_islands |   Hestmannøy: phi=-0.133030, phi/n=-0.00012515
2026-03-04 23:30:45 | INFO | src.tmc_shapley_islands |   Indre Kvarøy: phi=-0.066847, phi/n=-0.00019209
2026-03-04 23:30:45 | INFO | src.tmc_shapley_islands |   Onøy og Lurøy: phi=0.082292, phi/n=0.00032020
2026-03-04 23:30:45 | INFO | src.tmc_shapley_islands |   Lovund: phi=-0.026551, phi/n=-0.00017468
2026-03-04 23:30:45 | INFO | src.tmc_shapley_islands |   Sleneset: phi=0.023845, phi/n=0.00014629
2026-03-04 23:30:45 | INFO | src.tmc_shapley_islands |   Aldra: phi=0.014116, phi/n=0.00008159
2026-03-04 23:30:45 | INFO | src.tmc_shapley_islands |   Southern 1: phi=0.045307, phi/n=0.00007771
2026-03-04 23:30:45 | INFO | src.tmc_shapley_islands |   Southern 2: phi=0.100983, phi/n=0.00025501
2026-03-04 23:30:45 | INFO | src.tmc_shapley_islands |   Southern 3: phi=-0.044641, phi/n=-0.00007657
2026-03-04 23:30:45 | INFO | src.tmc_shapley_islands |   Southern 5: phi=0.050034, phi/n=0.00024769
2026-03-04 23:30:45 | INFO | src.tmc_shapley_islands | Curve retraining early stopping: enabled=True, patience=20
2026-03-04 23:30:45 | INFO | src.tmc_shapley_islands | Computing add-islands curve (evaluated on test set)...
2026-03-04 23:30:45 | INFO | src.tmc_shapley_islands | Add-curve (mean): 1 islands, n=117 -> corr=0.1482
2026-03-04 23:30:46 | INFO | src.tmc_shapley_islands | Add-curve (mean): 2 islands, n=374 -> corr=0.1424
2026-03-04 23:30:46 | INFO | src.tmc_shapley_islands | Add-curve (mean): 3 islands, n=770 -> corr=0.1954
2026-03-04 23:30:46 | INFO | src.tmc_shapley_islands | Add-curve (mean): 4 islands, n=972 -> corr=0.1637
2026-03-04 23:30:47 | INFO | src.tmc_shapley_islands | Add-curve (mean): 5 islands, n=1135 -> corr=0.1692
2026-03-04 23:30:47 | INFO | src.tmc_shapley_islands | Add-curve (mean): 6 islands, n=1308 -> corr=0.1714
2026-03-04 23:30:48 | INFO | src.tmc_shapley_islands | Add-curve (mean): 7 islands, n=1891 -> corr=0.2041
2026-03-04 23:30:49 | INFO | src.tmc_shapley_islands | Add-curve (mean): 8 islands, n=2177 -> corr=0.1972
2026-03-04 23:30:50 | INFO | src.tmc_shapley_islands | Add-curve (mean): 9 islands, n=2760 -> corr=0.1867
2026-03-04 23:30:52 | INFO | src.tmc_shapley_islands | Add-curve (mean): 10 islands, n=3823 -> corr=0.2043
2026-03-04 23:30:55 | INFO | src.tmc_shapley_islands | Add-curve (mean): 11 islands, n=3975 -> corr=0.2090
2026-03-04 23:30:57 | INFO | src.tmc_shapley_islands | Add-curve (mean): 12 islands, n=4530 -> corr=0.1941
2026-03-04 23:30:59 | INFO | src.tmc_shapley_islands | Add-curve (mean): 13 islands, n=4878 -> corr=0.1815
2026-03-04 23:31:01 | INFO | src.tmc_shapley_islands | Add-curve (mean): 14 islands, n=5072 -> corr=0.1753
2026-03-04 23:31:03 | INFO | src.tmc_shapley_islands | Add-curve (mean): 15 islands, n=5164 -> corr=0.1705
2026-03-04 23:31:16 | INFO | src.tmc_shapley_islands | Random individual add-curve (seed=0) complete
2026-03-04 23:31:33 | INFO | src.tmc_shapley_islands | Random individual add-curve (seed=1) complete
2026-03-04 23:31:47 | INFO | src.tmc_shapley_islands | Random individual add-curve (seed=2) complete
2026-03-04 23:32:00 | INFO | src.tmc_shapley_islands | Random individual add-curve (seed=3) complete
2026-03-04 23:32:13 | INFO | src.tmc_shapley_islands | Random individual add-curve (seed=4) complete
2026-03-04 23:32:13 | INFO | src.tmc_shapley_islands | Building mirrored remove-islands curve from add-islands curve...
2026-03-04 23:32:13 | INFO | src.tmc_shapley_islands | Saved Shapley values to outputs/tmc_shapley_sweep_all_traits/shards/shard_010/tarsus/tmp/shapley_island_values_target_14.csv
2026-03-04 23:32:13 | INFO | src.tmc_shapley_islands | Saved summary to outputs/tmc_shapley_sweep_all_traits/shards/shard_010/tarsus/tmp/tmc_summary_target_14.json
2026-03-04 23:32:13 | INFO | src.tmc_shapley_islands | Saved intermediate ranking trace to outputs/tmc_shapley_sweep_all_traits/shards/shard_010/tarsus/tmp/tmc_intermediate_rankings_target_14.csv
2026-03-04 23:32:13 | INFO | src.tmc_shapley_islands | Saved add-curve to outputs/tmc_shapley_sweep_all_traits/shards/shard_010/tarsus/tmp/add_curve_target_14.csv
2026-03-04 23:32:13 | INFO | src.tmc_shapley_islands | Saved remove-curve to outputs/tmc_shapley_sweep_all_traits/shards/shard_010/tarsus/tmp/remove_curve_target_14.csv
2026-03-04 23:32:13 | INFO | src.tmc_shapley_islands | Saved bar plot to outputs/tmc_shapley_sweep_all_traits/shards/shard_010/tarsus/tmp/shapley_bar_target_14.png
2026-03-04 23:32:13 | INFO | src.tmc_shapley_islands | Saved add-curve plot to outputs/tmc_shapley_sweep_all_traits/shards/shard_010/tarsus/tmp/add_curve_target_14.png
2026-03-04 23:32:14 | INFO | src.tmc_shapley_islands | Saved remove-curve plot to outputs/tmc_shapley_sweep_all_traits/shards/shard_010/tarsus/tmp/remove_curve_target_14.png
2026-03-04 23:32:14 | INFO | __main__ | Shard 10/30 trait=tarsus progress 66/75 | target=14 n_cal_samples=80 perm=10 repeat=3
2026-03-04 23:32:14 | INFO | src.tmc_shapley_islands | [Shapley] Target island: 14 (Southern 4), source islands: 15
2026-03-04 23:32:15 | INFO | src.tmc_shapley_islands | Data: source=5164 (across 15 islands), cal=80, test=336
2026-03-04 23:32:15 | INFO | src.tmc_shapley_islands | SNP selection: using fixed precomputed subset (n=20000)
2026-03-04 23:32:15 | INFO | src.tmc_shapley_islands | Island counts (capped to None in training):
  Nesøy: n=117
  Myken: n=92
  Træna: n=286
  Selvær: n=194
  Gjerøy: n=555
  Hestmannøy: n=1063
  Indre Kvarøy: n=348
  Onøy og Lurøy: n=257
  Lovund: n=152
  Sleneset: n=163
  Aldra: n=173
  Southern 1: n=583
  Southern 2: n=396
  Southern 3: n=583
  Southern 5: n=202
2026-03-04 23:32:15 | INFO | src.tmc_shapley_islands | Running TMC-Shapley with 10 permutations (utility on cal set)...
2026-03-04 23:32:15 | INFO | src.tmc_shapley_islands | Computing V_full over all 15 source islands...
2026-03-04 23:32:17 | INFO | src.tmc_shapley_islands | V_full = 0.1807
2026-03-04 23:32:58 | INFO | src.tmc_shapley_islands | TMC progress: 2/10 permutations done, cache hit rate: 6.5%, n_evals: 29
2026-03-04 23:33:30 | INFO | src.tmc_shapley_islands | TMC progress: 4/10 permutations done, cache hit rate: 6.6%, n_evals: 57
2026-03-04 23:34:02 | INFO | src.tmc_shapley_islands | TMC progress: 6/10 permutations done, cache hit rate: 8.8%, n_evals: 83
2026-03-04 23:34:24 | INFO | src.tmc_shapley_islands | TMC progress: 8/10 permutations done, cache hit rate: 10.7%, n_evals: 108
2026-03-04 23:34:57 | INFO | src.tmc_shapley_islands | TMC progress: 10/10 permutations done, cache hit rate: 10.6%, n_evals: 135
2026-03-04 23:34:57 | INFO | src.tmc_shapley_islands | TMC complete: 10 permutations, 0 truncated, 135 utility evals, cache hit rate: 10.6%
2026-03-04 23:34:57 | INFO | src.tmc_shapley_islands | Shapley values (phi, computed on cal set):
2026-03-04 23:34:57 | INFO | src.tmc_shapley_islands |   Nesøy: phi=0.004296, phi/n=0.00003672
2026-03-04 23:34:57 | INFO | src.tmc_shapley_islands |   Myken: phi=0.023889, phi/n=0.00025966
2026-03-04 23:34:57 | INFO | src.tmc_shapley_islands |   Træna: phi=-0.028834, phi/n=-0.00010082
2026-03-04 23:34:57 | INFO | src.tmc_shapley_islands |   Selvær: phi=-0.028585, phi/n=-0.00014735
2026-03-04 23:34:57 | INFO | src.tmc_shapley_islands |   Gjerøy: phi=0.039974, phi/n=0.00007203
2026-03-04 23:34:57 | INFO | src.tmc_shapley_islands |   Hestmannøy: phi=0.046753, phi/n=0.00004398
2026-03-04 23:34:57 | INFO | src.tmc_shapley_islands |   Indre Kvarøy: phi=-0.004116, phi/n=-0.00001183
2026-03-04 23:34:57 | INFO | src.tmc_shapley_islands |   Onøy og Lurøy: phi=0.005620, phi/n=0.00002187
2026-03-04 23:34:57 | INFO | src.tmc_shapley_islands |   Lovund: phi=0.016627, phi/n=0.00010939
2026-03-04 23:34:57 | INFO | src.tmc_shapley_islands |   Sleneset: phi=0.059527, phi/n=0.00036519
2026-03-04 23:34:57 | INFO | src.tmc_shapley_islands |   Aldra: phi=0.074762, phi/n=0.00043215
2026-03-04 23:34:57 | INFO | src.tmc_shapley_islands |   Southern 1: phi=-0.023119, phi/n=-0.00003966
2026-03-04 23:34:57 | INFO | src.tmc_shapley_islands |   Southern 2: phi=-0.053514, phi/n=-0.00013514
2026-03-04 23:34:57 | INFO | src.tmc_shapley_islands |   Southern 3: phi=-0.019758, phi/n=-0.00003389
2026-03-04 23:34:57 | INFO | src.tmc_shapley_islands |   Southern 5: phi=0.067186, phi/n=0.00033260
2026-03-04 23:34:57 | INFO | src.tmc_shapley_islands | Curve retraining early stopping: enabled=True, patience=20
2026-03-04 23:34:57 | INFO | src.tmc_shapley_islands | Computing add-islands curve (evaluated on test set)...
2026-03-04 23:34:57 | INFO | src.tmc_shapley_islands | Add-curve (mean): 1 islands, n=173 -> corr=-0.0053
2026-03-04 23:34:57 | INFO | src.tmc_shapley_islands | Add-curve (mean): 2 islands, n=336 -> corr=-0.0054
2026-03-04 23:34:57 | INFO | src.tmc_shapley_islands | Add-curve (mean): 3 islands, n=538 -> corr=-0.0231
2026-03-04 23:34:58 | INFO | src.tmc_shapley_islands | Add-curve (mean): 4 islands, n=630 -> corr=-0.0433
2026-03-04 23:34:58 | INFO | src.tmc_shapley_islands | Add-curve (mean): 5 islands, n=782 -> corr=-0.0005
2026-03-04 23:34:58 | INFO | src.tmc_shapley_islands | Add-curve (mean): 6 islands, n=1337 -> corr=-0.0557
2026-03-04 23:34:59 | INFO | src.tmc_shapley_islands | Add-curve (mean): 7 islands, n=2400 -> corr=-0.0187
2026-03-04 23:35:00 | INFO | src.tmc_shapley_islands | Add-curve (mean): 8 islands, n=2517 -> corr=-0.0047
2026-03-04 23:35:01 | INFO | src.tmc_shapley_islands | Add-curve (mean): 9 islands, n=2774 -> corr=-0.0011
2026-03-04 23:35:03 | INFO | src.tmc_shapley_islands | Add-curve (mean): 10 islands, n=3122 -> corr=-0.0274
2026-03-04 23:35:05 | INFO | src.tmc_shapley_islands | Add-curve (mean): 11 islands, n=3705 -> corr=-0.0484
2026-03-04 23:35:07 | INFO | src.tmc_shapley_islands | Add-curve (mean): 12 islands, n=4288 -> corr=0.0030
2026-03-04 23:35:09 | INFO | src.tmc_shapley_islands | Add-curve (mean): 13 islands, n=4574 -> corr=0.0067
2026-03-04 23:35:11 | INFO | src.tmc_shapley_islands | Add-curve (mean): 14 islands, n=4970 -> corr=0.1022
2026-03-04 23:35:13 | INFO | src.tmc_shapley_islands | Add-curve (mean): 15 islands, n=5164 -> corr=0.0974
2026-03-04 23:35:28 | INFO | src.tmc_shapley_islands | Random individual add-curve (seed=0) complete
2026-03-04 23:35:43 | INFO | src.tmc_shapley_islands | Random individual add-curve (seed=1) complete
2026-03-04 23:35:57 | INFO | src.tmc_shapley_islands | Random individual add-curve (seed=2) complete
2026-03-04 23:36:09 | INFO | src.tmc_shapley_islands | Random individual add-curve (seed=3) complete
2026-03-04 23:36:21 | INFO | src.tmc_shapley_islands | Random individual add-curve (seed=4) complete
2026-03-04 23:36:21 | INFO | src.tmc_shapley_islands | Building mirrored remove-islands curve from add-islands curve...
2026-03-04 23:36:21 | INFO | src.tmc_shapley_islands | Saved Shapley values to outputs/tmc_shapley_sweep_all_traits/shards/shard_010/tarsus/tmp/shapley_island_values_target_14.csv
2026-03-04 23:36:21 | INFO | src.tmc_shapley_islands | Saved summary to outputs/tmc_shapley_sweep_all_traits/shards/shard_010/tarsus/tmp/tmc_summary_target_14.json
2026-03-04 23:36:21 | INFO | src.tmc_shapley_islands | Saved intermediate ranking trace to outputs/tmc_shapley_sweep_all_traits/shards/shard_010/tarsus/tmp/tmc_intermediate_rankings_target_14.csv
2026-03-04 23:36:21 | INFO | src.tmc_shapley_islands | Saved add-curve to outputs/tmc_shapley_sweep_all_traits/shards/shard_010/tarsus/tmp/add_curve_target_14.csv
2026-03-04 23:36:21 | INFO | src.tmc_shapley_islands | Saved remove-curve to outputs/tmc_shapley_sweep_all_traits/shards/shard_010/tarsus/tmp/remove_curve_target_14.csv
2026-03-04 23:36:22 | INFO | src.tmc_shapley_islands | Saved bar plot to outputs/tmc_shapley_sweep_all_traits/shards/shard_010/tarsus/tmp/shapley_bar_target_14.png
2026-03-04 23:36:22 | INFO | src.tmc_shapley_islands | Saved add-curve plot to outputs/tmc_shapley_sweep_all_traits/shards/shard_010/tarsus/tmp/add_curve_target_14.png
2026-03-04 23:36:23 | INFO | src.tmc_shapley_islands | Saved remove-curve plot to outputs/tmc_shapley_sweep_all_traits/shards/shard_010/tarsus/tmp/remove_curve_target_14.png
2026-03-04 23:36:23 | INFO | __main__ | Shard 10/30 trait=tarsus progress 67/75 | target=14 n_cal_samples=80 perm=20 repeat=3
2026-03-04 23:36:23 | INFO | src.tmc_shapley_islands | [Shapley] Target island: 14 (Southern 4), source islands: 15
2026-03-04 23:36:23 | INFO | src.tmc_shapley_islands | Data: source=5164 (across 15 islands), cal=80, test=336
2026-03-04 23:36:23 | INFO | src.tmc_shapley_islands | SNP selection: using fixed precomputed subset (n=20000)
2026-03-04 23:36:23 | INFO | src.tmc_shapley_islands | Island counts (capped to None in training):
  Nesøy: n=117
  Myken: n=92
  Træna: n=286
  Selvær: n=194
  Gjerøy: n=555
  Hestmannøy: n=1063
  Indre Kvarøy: n=348
  Onøy og Lurøy: n=257
  Lovund: n=152
  Sleneset: n=163
  Aldra: n=173
  Southern 1: n=583
  Southern 2: n=396
  Southern 3: n=583
  Southern 5: n=202
2026-03-04 23:36:23 | INFO | src.tmc_shapley_islands | Loaded 135 cached utilities from outputs/tmc_shapley_sweep_all_traits/cache/tarsus/utility_cache_target_14_seed_842114296.json
2026-03-04 23:36:23 | INFO | src.tmc_shapley_islands | Running TMC-Shapley with 20 permutations (utility on cal set)...
2026-03-04 23:36:23 | INFO | src.tmc_shapley_islands | Computing V_full over all 15 source islands...
2026-03-04 23:36:23 | INFO | src.tmc_shapley_islands | V_full = 0.1807
2026-03-04 23:36:23 | INFO | src.tmc_shapley_islands | TMC head-start: loaded 10 completed permutations from state outputs/tmc_shapley_sweep_all_traits/cache/tarsus/tmc_perm_state_target_14_seed_842114296.json
2026-03-04 23:36:51 | INFO | src.tmc_shapley_islands | TMC progress: 12/20 permutations done, cache hit rate: 22.6%, n_evals: 24
2026-03-04 23:37:53 | INFO | src.tmc_shapley_islands | TMC progress: 16/20 permutations done, cache hit rate: 18.7%, n_evals: 74
2026-03-04 23:38:50 | INFO | src.tmc_shapley_islands | TMC progress: 20/20 permutations done, cache hit rate: 20.5%, n_evals: 120
2026-03-04 23:38:50 | INFO | src.tmc_shapley_islands | TMC complete: 20 permutations, 0 truncated, 120 utility evals, cache hit rate: 20.5%
2026-03-04 23:38:50 | INFO | src.tmc_shapley_islands | Shapley values (phi, computed on cal set):
2026-03-04 23:38:50 | INFO | src.tmc_shapley_islands |   Nesøy: phi=0.003436, phi/n=0.00002937
2026-03-04 23:38:50 | INFO | src.tmc_shapley_islands |   Myken: phi=0.018548, phi/n=0.00020161
2026-03-04 23:38:50 | INFO | src.tmc_shapley_islands |   Træna: phi=-0.028415, phi/n=-0.00009935
2026-03-04 23:38:50 | INFO | src.tmc_shapley_islands |   Selvær: phi=-0.032846, phi/n=-0.00016931
2026-03-04 23:38:50 | INFO | src.tmc_shapley_islands |   Gjerøy: phi=0.044740, phi/n=0.00008061
2026-03-04 23:38:50 | INFO | src.tmc_shapley_islands |   Hestmannøy: phi=0.056369, phi/n=0.00005303
2026-03-04 23:38:50 | INFO | src.tmc_shapley_islands |   Indre Kvarøy: phi=-0.001285, phi/n=-0.00000369
2026-03-04 23:38:50 | INFO | src.tmc_shapley_islands |   Onøy og Lurøy: phi=0.004601, phi/n=0.00001790
2026-03-04 23:38:50 | INFO | src.tmc_shapley_islands |   Lovund: phi=0.014923, phi/n=0.00009818
2026-03-04 23:38:50 | INFO | src.tmc_shapley_islands |   Sleneset: phi=0.046187, phi/n=0.00028336
2026-03-04 23:38:50 | INFO | src.tmc_shapley_islands |   Aldra: phi=0.082981, phi/n=0.00047966
2026-03-04 23:38:50 | INFO | src.tmc_shapley_islands |   Southern 1: phi=-0.024296, phi/n=-0.00004167
2026-03-04 23:38:50 | INFO | src.tmc_shapley_islands |   Southern 2: phi=-0.047801, phi/n=-0.00012071
2026-03-04 23:38:50 | INFO | src.tmc_shapley_islands |   Southern 3: phi=-0.018971, phi/n=-0.00003254
2026-03-04 23:38:50 | INFO | src.tmc_shapley_islands |   Southern 5: phi=0.062536, phi/n=0.00030958
2026-03-04 23:38:50 | INFO | src.tmc_shapley_islands | Curve retraining early stopping: enabled=True, patience=20
2026-03-04 23:38:50 | INFO | src.tmc_shapley_islands | Computing add-islands curve (evaluated on test set)...
2026-03-04 23:38:50 | INFO | src.tmc_shapley_islands | Add-curve (mean): 1 islands, n=173 -> corr=-0.0053
2026-03-04 23:38:50 | INFO | src.tmc_shapley_islands | Add-curve (mean): 2 islands, n=375 -> corr=-0.0249
2026-03-04 23:38:51 | INFO | src.tmc_shapley_islands | Add-curve (mean): 3 islands, n=538 -> corr=-0.0231
2026-03-04 23:38:51 | INFO | src.tmc_shapley_islands | Add-curve (mean): 4 islands, n=630 -> corr=-0.0433
2026-03-04 23:38:51 | INFO | src.tmc_shapley_islands | Add-curve (mean): 5 islands, n=782 -> corr=-0.0005
2026-03-04 23:38:52 | INFO | src.tmc_shapley_islands | Add-curve (mean): 6 islands, n=1337 -> corr=-0.0557
2026-03-04 23:38:53 | INFO | src.tmc_shapley_islands | Add-curve (mean): 7 islands, n=2400 -> corr=-0.0187
2026-03-04 23:38:54 | INFO | src.tmc_shapley_islands | Add-curve (mean): 8 islands, n=2517 -> corr=-0.0047
2026-03-04 23:38:56 | INFO | src.tmc_shapley_islands | Add-curve (mean): 9 islands, n=2774 -> corr=-0.0011
2026-03-04 23:38:57 | INFO | src.tmc_shapley_islands | Add-curve (mean): 10 islands, n=3122 -> corr=-0.0274
2026-03-04 23:38:58 | INFO | src.tmc_shapley_islands | Add-curve (mean): 11 islands, n=3705 -> corr=-0.0484
2026-03-04 23:39:00 | INFO | src.tmc_shapley_islands | Add-curve (mean): 12 islands, n=4288 -> corr=0.0030
2026-03-04 23:39:02 | INFO | src.tmc_shapley_islands | Add-curve (mean): 13 islands, n=4574 -> corr=0.0067
2026-03-04 23:39:04 | INFO | src.tmc_shapley_islands | Add-curve (mean): 14 islands, n=4970 -> corr=0.1022
2026-03-04 23:39:06 | INFO | src.tmc_shapley_islands | Add-curve (mean): 15 islands, n=5164 -> corr=0.0974
2026-03-04 23:39:21 | INFO | src.tmc_shapley_islands | Random individual add-curve (seed=0) complete
2026-03-04 23:39:34 | INFO | src.tmc_shapley_islands | Random individual add-curve (seed=1) complete
2026-03-04 23:39:46 | INFO | src.tmc_shapley_islands | Random individual add-curve (seed=2) complete
2026-03-04 23:39:58 | INFO | src.tmc_shapley_islands | Random individual add-curve (seed=3) complete
2026-03-04 23:40:13 | INFO | src.tmc_shapley_islands | Random individual add-curve (seed=4) complete
2026-03-04 23:40:13 | INFO | src.tmc_shapley_islands | Building mirrored remove-islands curve from add-islands curve...
2026-03-04 23:40:13 | INFO | src.tmc_shapley_islands | Saved Shapley values to outputs/tmc_shapley_sweep_all_traits/shards/shard_010/tarsus/tmp/shapley_island_values_target_14.csv
2026-03-04 23:40:13 | INFO | src.tmc_shapley_islands | Saved summary to outputs/tmc_shapley_sweep_all_traits/shards/shard_010/tarsus/tmp/tmc_summary_target_14.json
2026-03-04 23:40:13 | INFO | src.tmc_shapley_islands | Saved intermediate ranking trace to outputs/tmc_shapley_sweep_all_traits/shards/shard_010/tarsus/tmp/tmc_intermediate_rankings_target_14.csv
2026-03-04 23:40:13 | INFO | src.tmc_shapley_islands | Saved add-curve to outputs/tmc_shapley_sweep_all_traits/shards/shard_010/tarsus/tmp/add_curve_target_14.csv
2026-03-04 23:40:13 | INFO | src.tmc_shapley_islands | Saved remove-curve to outputs/tmc_shapley_sweep_all_traits/shards/shard_010/tarsus/tmp/remove_curve_target_14.csv
2026-03-04 23:40:13 | INFO | src.tmc_shapley_islands | Saved bar plot to outputs/tmc_shapley_sweep_all_traits/shards/shard_010/tarsus/tmp/shapley_bar_target_14.png
2026-03-04 23:40:14 | INFO | src.tmc_shapley_islands | Saved add-curve plot to outputs/tmc_shapley_sweep_all_traits/shards/shard_010/tarsus/tmp/add_curve_target_14.png
2026-03-04 23:40:14 | INFO | src.tmc_shapley_islands | Saved remove-curve plot to outputs/tmc_shapley_sweep_all_traits/shards/shard_010/tarsus/tmp/remove_curve_target_14.png
2026-03-04 23:40:14 | INFO | __main__ | Shard 10/30 trait=tarsus progress 68/75 | target=14 n_cal_samples=80 perm=40 repeat=3
2026-03-04 23:40:14 | INFO | src.tmc_shapley_islands | [Shapley] Target island: 14 (Southern 4), source islands: 15
2026-03-04 23:40:15 | INFO | src.tmc_shapley_islands | Data: source=5164 (across 15 islands), cal=80, test=336
2026-03-04 23:40:15 | INFO | src.tmc_shapley_islands | SNP selection: using fixed precomputed subset (n=20000)
2026-03-04 23:40:15 | INFO | src.tmc_shapley_islands | Island counts (capped to None in training):
  Nesøy: n=117
  Myken: n=92
  Træna: n=286
  Selvær: n=194
  Gjerøy: n=555
  Hestmannøy: n=1063
  Indre Kvarøy: n=348
  Onøy og Lurøy: n=257
  Lovund: n=152
  Sleneset: n=163
  Aldra: n=173
  Southern 1: n=583
  Southern 2: n=396
  Southern 3: n=583
  Southern 5: n=202
2026-03-04 23:40:15 | INFO | src.tmc_shapley_islands | Loaded 255 cached utilities from outputs/tmc_shapley_sweep_all_traits/cache/tarsus/utility_cache_target_14_seed_842114296.json
2026-03-04 23:40:15 | INFO | src.tmc_shapley_islands | Running TMC-Shapley with 40 permutations (utility on cal set)...
2026-03-04 23:40:15 | INFO | src.tmc_shapley_islands | Computing V_full over all 15 source islands...
2026-03-04 23:40:15 | INFO | src.tmc_shapley_islands | V_full = 0.1807
2026-03-04 23:40:15 | INFO | src.tmc_shapley_islands | TMC head-start: loaded 20 completed permutations from state outputs/tmc_shapley_sweep_all_traits/cache/tarsus/tmc_perm_state_target_14_seed_842114296.json
2026-03-04 23:41:22 | INFO | src.tmc_shapley_islands | TMC progress: 24/40 permutations done, cache hit rate: 21.3%, n_evals: 48
2026-03-04 23:43:32 | INFO | src.tmc_shapley_islands | TMC progress: 32/40 permutations done, cache hit rate: 21.0%, n_evals: 143
2026-03-04 23:45:17 | INFO | src.tmc_shapley_islands | TMC progress: 40/40 permutations done, cache hit rate: 22.6%, n_evals: 233
2026-03-04 23:45:17 | INFO | src.tmc_shapley_islands | TMC complete: 40 permutations, 0 truncated, 233 utility evals, cache hit rate: 22.6%
2026-03-04 23:45:17 | INFO | src.tmc_shapley_islands | Shapley values (phi, computed on cal set):
2026-03-04 23:45:17 | INFO | src.tmc_shapley_islands |   Nesøy: phi=0.004142, phi/n=0.00003540
2026-03-04 23:45:17 | INFO | src.tmc_shapley_islands |   Myken: phi=0.019135, phi/n=0.00020799
2026-03-04 23:45:17 | INFO | src.tmc_shapley_islands |   Træna: phi=-0.030098, phi/n=-0.00010524
2026-03-04 23:45:17 | INFO | src.tmc_shapley_islands |   Selvær: phi=-0.038211, phi/n=-0.00019696
2026-03-04 23:45:17 | INFO | src.tmc_shapley_islands |   Gjerøy: phi=0.055263, phi/n=0.00009957
2026-03-04 23:45:17 | INFO | src.tmc_shapley_islands |   Hestmannøy: phi=0.047633, phi/n=0.00004481
2026-03-04 23:45:17 | INFO | src.tmc_shapley_islands |   Indre Kvarøy: phi=-0.003445, phi/n=-0.00000990
2026-03-04 23:45:17 | INFO | src.tmc_shapley_islands |   Onøy og Lurøy: phi=0.011731, phi/n=0.00004565
2026-03-04 23:45:17 | INFO | src.tmc_shapley_islands |   Lovund: phi=0.018299, phi/n=0.00012039
2026-03-04 23:45:17 | INFO | src.tmc_shapley_islands |   Sleneset: phi=0.048508, phi/n=0.00029760
2026-03-04 23:45:17 | INFO | src.tmc_shapley_islands |   Aldra: phi=0.069883, phi/n=0.00040395
2026-03-04 23:45:17 | INFO | src.tmc_shapley_islands |   Southern 1: phi=-0.022251, phi/n=-0.00003817
2026-03-04 23:45:17 | INFO | src.tmc_shapley_islands |   Southern 2: phi=-0.044670, phi/n=-0.00011280
2026-03-04 23:45:17 | INFO | src.tmc_shapley_islands |   Southern 3: phi=-0.019796, phi/n=-0.00003395
2026-03-04 23:45:17 | INFO | src.tmc_shapley_islands |   Southern 5: phi=0.064585, phi/n=0.00031973
2026-03-04 23:45:17 | INFO | src.tmc_shapley_islands | Curve retraining early stopping: enabled=True, patience=20
2026-03-04 23:45:17 | INFO | src.tmc_shapley_islands | Computing add-islands curve (evaluated on test set)...
2026-03-04 23:45:17 | INFO | src.tmc_shapley_islands | Add-curve (mean): 1 islands, n=173 -> corr=-0.0053
2026-03-04 23:45:17 | INFO | src.tmc_shapley_islands | Add-curve (mean): 2 islands, n=375 -> corr=-0.0249
2026-03-04 23:45:17 | INFO | src.tmc_shapley_islands | Add-curve (mean): 3 islands, n=538 -> corr=-0.0231
2026-03-04 23:45:18 | INFO | src.tmc_shapley_islands | Add-curve (mean): 4 islands, n=630 -> corr=-0.0433
2026-03-04 23:45:18 | INFO | src.tmc_shapley_islands | Add-curve (mean): 5 islands, n=782 -> corr=-0.0005
2026-03-04 23:45:19 | INFO | src.tmc_shapley_islands | Add-curve (mean): 6 islands, n=1337 -> corr=-0.0557
2026-03-04 23:45:19 | INFO | src.tmc_shapley_islands | Add-curve (mean): 7 islands, n=1594 -> corr=-0.0471
2026-03-04 23:45:20 | INFO | src.tmc_shapley_islands | Add-curve (mean): 8 islands, n=2657 -> corr=-0.0135
2026-03-04 23:45:22 | INFO | src.tmc_shapley_islands | Add-curve (mean): 9 islands, n=2774 -> corr=-0.0011
2026-03-04 23:45:23 | INFO | src.tmc_shapley_islands | Add-curve (mean): 10 islands, n=3122 -> corr=-0.0274
2026-03-04 23:45:25 | INFO | src.tmc_shapley_islands | Add-curve (mean): 11 islands, n=3705 -> corr=-0.0484
2026-03-04 23:45:27 | INFO | src.tmc_shapley_islands | Add-curve (mean): 12 islands, n=4288 -> corr=0.0030
2026-03-04 23:45:29 | INFO | src.tmc_shapley_islands | Add-curve (mean): 13 islands, n=4574 -> corr=0.0067
2026-03-04 23:45:34 | INFO | src.tmc_shapley_islands | Add-curve (mean): 14 islands, n=4970 -> corr=0.1022
2026-03-04 23:45:37 | INFO | src.tmc_shapley_islands | Add-curve (mean): 15 islands, n=5164 -> corr=0.0974
2026-03-04 23:45:50 | INFO | src.tmc_shapley_islands | Random individual add-curve (seed=0) complete
2026-03-04 23:46:03 | INFO | src.tmc_shapley_islands | Random individual add-curve (seed=1) complete
2026-03-04 23:46:17 | INFO | src.tmc_shapley_islands | Random individual add-curve (seed=2) complete
2026-03-04 23:46:29 | INFO | src.tmc_shapley_islands | Random individual add-curve (seed=3) complete
2026-03-04 23:46:42 | INFO | src.tmc_shapley_islands | Random individual add-curve (seed=4) complete
2026-03-04 23:46:42 | INFO | src.tmc_shapley_islands | Building mirrored remove-islands curve from add-islands curve...
2026-03-04 23:46:42 | INFO | src.tmc_shapley_islands | Saved Shapley values to outputs/tmc_shapley_sweep_all_traits/shards/shard_010/tarsus/tmp/shapley_island_values_target_14.csv
2026-03-04 23:46:42 | INFO | src.tmc_shapley_islands | Saved summary to outputs/tmc_shapley_sweep_all_traits/shards/shard_010/tarsus/tmp/tmc_summary_target_14.json
2026-03-04 23:46:42 | INFO | src.tmc_shapley_islands | Saved intermediate ranking trace to outputs/tmc_shapley_sweep_all_traits/shards/shard_010/tarsus/tmp/tmc_intermediate_rankings_target_14.csv
2026-03-04 23:46:42 | INFO | src.tmc_shapley_islands | Saved add-curve to outputs/tmc_shapley_sweep_all_traits/shards/shard_010/tarsus/tmp/add_curve_target_14.csv
2026-03-04 23:46:42 | INFO | src.tmc_shapley_islands | Saved remove-curve to outputs/tmc_shapley_sweep_all_traits/shards/shard_010/tarsus/tmp/remove_curve_target_14.csv
2026-03-04 23:46:42 | INFO | src.tmc_shapley_islands | Saved bar plot to outputs/tmc_shapley_sweep_all_traits/shards/shard_010/tarsus/tmp/shapley_bar_target_14.png
2026-03-04 23:46:42 | INFO | src.tmc_shapley_islands | Saved add-curve plot to outputs/tmc_shapley_sweep_all_traits/shards/shard_010/tarsus/tmp/add_curve_target_14.png
2026-03-04 23:46:43 | INFO | src.tmc_shapley_islands | Saved remove-curve plot to outputs/tmc_shapley_sweep_all_traits/shards/shard_010/tarsus/tmp/remove_curve_target_14.png
2026-03-04 23:46:43 | INFO | __main__ | Shard 10/30 trait=tarsus progress 69/75 | target=14 n_cal_samples=80 perm=80 repeat=3
2026-03-04 23:46:43 | INFO | src.tmc_shapley_islands | [Shapley] Target island: 14 (Southern 4), source islands: 15
2026-03-04 23:46:44 | INFO | src.tmc_shapley_islands | Data: source=5164 (across 15 islands), cal=80, test=336
2026-03-04 23:46:44 | INFO | src.tmc_shapley_islands | SNP selection: using fixed precomputed subset (n=20000)
2026-03-04 23:46:44 | INFO | src.tmc_shapley_islands | Island counts (capped to None in training):
  Nesøy: n=117
  Myken: n=92
  Træna: n=286
  Selvær: n=194
  Gjerøy: n=555
  Hestmannøy: n=1063
  Indre Kvarøy: n=348
  Onøy og Lurøy: n=257
  Lovund: n=152
  Sleneset: n=163
  Aldra: n=173
  Southern 1: n=583
  Southern 2: n=396
  Southern 3: n=583
  Southern 5: n=202
2026-03-04 23:46:44 | INFO | src.tmc_shapley_islands | Loaded 488 cached utilities from outputs/tmc_shapley_sweep_all_traits/cache/tarsus/utility_cache_target_14_seed_842114296.json
2026-03-04 23:46:44 | INFO | src.tmc_shapley_islands | Running TMC-Shapley with 80 permutations (utility on cal set)...
2026-03-04 23:46:44 | INFO | src.tmc_shapley_islands | Computing V_full over all 15 source islands...
2026-03-04 23:46:44 | INFO | src.tmc_shapley_islands | V_full = 0.1807
2026-03-04 23:46:44 | INFO | src.tmc_shapley_islands | TMC head-start: loaded 40 completed permutations from state outputs/tmc_shapley_sweep_all_traits/cache/tarsus/tmc_perm_state_target_14_seed_842114296.json
2026-03-04 23:48:43 | INFO | src.tmc_shapley_islands | TMC progress: 48/80 permutations done, cache hit rate: 24.0%, n_evals: 92
2026-03-04 23:52:26 | INFO | src.tmc_shapley_islands | TMC progress: 64/80 permutations done, cache hit rate: 25.2%, n_evals: 270
2026-03-04 23:55:50 | INFO | src.tmc_shapley_islands | TMC progress: 80/80 permutations done, cache hit rate: 27.0%, n_evals: 439
2026-03-04 23:55:50 | INFO | src.tmc_shapley_islands | TMC complete: 80 permutations, 0 truncated, 439 utility evals, cache hit rate: 27.0%
2026-03-04 23:55:50 | INFO | src.tmc_shapley_islands | Shapley values (phi, computed on cal set):
2026-03-04 23:55:50 | INFO | src.tmc_shapley_islands |   Nesøy: phi=0.005840, phi/n=0.00004992
2026-03-04 23:55:50 | INFO | src.tmc_shapley_islands |   Myken: phi=0.020586, phi/n=0.00022376
2026-03-04 23:55:50 | INFO | src.tmc_shapley_islands |   Træna: phi=-0.028270, phi/n=-0.00009884
2026-03-04 23:55:50 | INFO | src.tmc_shapley_islands |   Selvær: phi=-0.032860, phi/n=-0.00016938
2026-03-04 23:55:50 | INFO | src.tmc_shapley_islands |   Gjerøy: phi=0.052726, phi/n=0.00009500
2026-03-04 23:55:50 | INFO | src.tmc_shapley_islands |   Hestmannøy: phi=0.052003, phi/n=0.00004892
2026-03-04 23:55:50 | INFO | src.tmc_shapley_islands |   Indre Kvarøy: phi=-0.002873, phi/n=-0.00000825
2026-03-04 23:55:50 | INFO | src.tmc_shapley_islands |   Onøy og Lurøy: phi=0.013285, phi/n=0.00005169
2026-03-04 23:55:50 | INFO | src.tmc_shapley_islands |   Lovund: phi=0.017530, phi/n=0.00011533
2026-03-04 23:55:50 | INFO | src.tmc_shapley_islands |   Sleneset: phi=0.037536, phi/n=0.00023028
2026-03-04 23:55:50 | INFO | src.tmc_shapley_islands |   Aldra: phi=0.065284, phi/n=0.00037737
2026-03-04 23:55:50 | INFO | src.tmc_shapley_islands |   Southern 1: phi=-0.024615, phi/n=-0.00004222
2026-03-04 23:55:50 | INFO | src.tmc_shapley_islands |   Southern 2: phi=-0.049784, phi/n=-0.00012572
2026-03-04 23:55:50 | INFO | src.tmc_shapley_islands |   Southern 3: phi=-0.016483, phi/n=-0.00002827
2026-03-04 23:55:50 | INFO | src.tmc_shapley_islands |   Southern 5: phi=0.070800, phi/n=0.00035049
2026-03-04 23:55:50 | INFO | src.tmc_shapley_islands | Curve retraining early stopping: enabled=True, patience=20
2026-03-04 23:55:50 | INFO | src.tmc_shapley_islands | Computing add-islands curve (evaluated on test set)...
2026-03-04 23:55:50 | INFO | src.tmc_shapley_islands | Add-curve (mean): 1 islands, n=173 -> corr=-0.0053
2026-03-04 23:55:51 | INFO | src.tmc_shapley_islands | Add-curve (mean): 2 islands, n=375 -> corr=-0.0249
2026-03-04 23:55:51 | INFO | src.tmc_shapley_islands | Add-curve (mean): 3 islands, n=538 -> corr=-0.0231
2026-03-04 23:55:51 | INFO | src.tmc_shapley_islands | Add-curve (mean): 4 islands, n=630 -> corr=-0.0433
2026-03-04 23:55:51 | INFO | src.tmc_shapley_islands | Add-curve (mean): 5 islands, n=782 -> corr=-0.0005
2026-03-04 23:55:52 | INFO | src.tmc_shapley_islands | Add-curve (mean): 6 islands, n=1337 -> corr=-0.0557
2026-03-04 23:55:53 | INFO | src.tmc_shapley_islands | Add-curve (mean): 7 islands, n=1594 -> corr=-0.0471
2026-03-04 23:55:53 | INFO | src.tmc_shapley_islands | Add-curve (mean): 8 islands, n=1711 -> corr=-0.0292
2026-03-04 23:55:55 | INFO | src.tmc_shapley_islands | Add-curve (mean): 9 islands, n=2774 -> corr=-0.0011
2026-03-04 23:55:56 | INFO | src.tmc_shapley_islands | Add-curve (mean): 10 islands, n=3122 -> corr=-0.0274
2026-03-04 23:56:01 | INFO | src.tmc_shapley_islands | Add-curve (mean): 11 islands, n=3705 -> corr=-0.0484
2026-03-04 23:56:07 | INFO | src.tmc_shapley_islands | Add-curve (mean): 12 islands, n=4288 -> corr=0.0030
2026-03-04 23:56:09 | INFO | src.tmc_shapley_islands | Add-curve (mean): 13 islands, n=4574 -> corr=0.0067
2026-03-04 23:56:11 | INFO | src.tmc_shapley_islands | Add-curve (mean): 14 islands, n=4970 -> corr=0.1022
2026-03-04 23:56:14 | INFO | src.tmc_shapley_islands | Add-curve (mean): 15 islands, n=5164 -> corr=0.0974
2026-03-04 23:56:26 | INFO | src.tmc_shapley_islands | Random individual add-curve (seed=0) complete
2026-03-04 23:56:38 | INFO | src.tmc_shapley_islands | Random individual add-curve (seed=1) complete
2026-03-04 23:56:53 | INFO | src.tmc_shapley_islands | Random individual add-curve (seed=2) complete
2026-03-04 23:57:04 | INFO | src.tmc_shapley_islands | Random individual add-curve (seed=3) complete
2026-03-04 23:57:15 | INFO | src.tmc_shapley_islands | Random individual add-curve (seed=4) complete
2026-03-04 23:57:15 | INFO | src.tmc_shapley_islands | Building mirrored remove-islands curve from add-islands curve...
2026-03-04 23:57:15 | INFO | src.tmc_shapley_islands | Saved Shapley values to outputs/tmc_shapley_sweep_all_traits/shards/shard_010/tarsus/tmp/shapley_island_values_target_14.csv
2026-03-04 23:57:15 | INFO | src.tmc_shapley_islands | Saved summary to outputs/tmc_shapley_sweep_all_traits/shards/shard_010/tarsus/tmp/tmc_summary_target_14.json
2026-03-04 23:57:15 | INFO | src.tmc_shapley_islands | Saved intermediate ranking trace to outputs/tmc_shapley_sweep_all_traits/shards/shard_010/tarsus/tmp/tmc_intermediate_rankings_target_14.csv
2026-03-04 23:57:15 | INFO | src.tmc_shapley_islands | Saved add-curve to outputs/tmc_shapley_sweep_all_traits/shards/shard_010/tarsus/tmp/add_curve_target_14.csv
2026-03-04 23:57:15 | INFO | src.tmc_shapley_islands | Saved remove-curve to outputs/tmc_shapley_sweep_all_traits/shards/shard_010/tarsus/tmp/remove_curve_target_14.csv
2026-03-04 23:57:15 | INFO | src.tmc_shapley_islands | Saved bar plot to outputs/tmc_shapley_sweep_all_traits/shards/shard_010/tarsus/tmp/shapley_bar_target_14.png
2026-03-04 23:57:16 | INFO | src.tmc_shapley_islands | Saved add-curve plot to outputs/tmc_shapley_sweep_all_traits/shards/shard_010/tarsus/tmp/add_curve_target_14.png
2026-03-04 23:57:16 | INFO | src.tmc_shapley_islands | Saved remove-curve plot to outputs/tmc_shapley_sweep_all_traits/shards/shard_010/tarsus/tmp/remove_curve_target_14.png
2026-03-04 23:57:16 | INFO | __main__ | Shard 10/30 trait=tarsus progress 70/75 | target=14 n_cal_samples=80 perm=150 repeat=3
2026-03-04 23:57:16 | INFO | src.tmc_shapley_islands | [Shapley] Target island: 14 (Southern 4), source islands: 15
2026-03-04 23:57:17 | INFO | src.tmc_shapley_islands | Data: source=5164 (across 15 islands), cal=80, test=336
2026-03-04 23:57:17 | INFO | src.tmc_shapley_islands | SNP selection: using fixed precomputed subset (n=20000)
2026-03-04 23:57:17 | INFO | src.tmc_shapley_islands | Island counts (capped to None in training):
  Nesøy: n=117
  Myken: n=92
  Træna: n=286
  Selvær: n=194
  Gjerøy: n=555
  Hestmannøy: n=1063
  Indre Kvarøy: n=348
  Onøy og Lurøy: n=257
  Lovund: n=152
  Sleneset: n=163
  Aldra: n=173
  Southern 1: n=583
  Southern 2: n=396
  Southern 3: n=583
  Southern 5: n=202
2026-03-04 23:57:17 | INFO | src.tmc_shapley_islands | Loaded 927 cached utilities from outputs/tmc_shapley_sweep_all_traits/cache/tarsus/utility_cache_target_14_seed_842114296.json
2026-03-04 23:57:17 | INFO | src.tmc_shapley_islands | Running TMC-Shapley with 150 permutations (utility on cal set)...
2026-03-04 23:57:17 | INFO | src.tmc_shapley_islands | Computing V_full over all 15 source islands...
2026-03-04 23:57:17 | INFO | src.tmc_shapley_islands | V_full = 0.1807
2026-03-04 23:57:17 | INFO | src.tmc_shapley_islands | TMC head-start: loaded 80 completed permutations from state outputs/tmc_shapley_sweep_all_traits/cache/tarsus/tmc_perm_state_target_14_seed_842114296.json
2026-03-04 23:59:32 | INFO | src.tmc_shapley_islands | TMC progress: 90/150 permutations done, cache hit rate: 26.5%, n_evals: 111
2026-03-05 00:06:21 | INFO | src.tmc_shapley_islands | TMC progress: 120/150 permutations done, cache hit rate: 30.6%, n_evals: 417
2026-03-05 00:12:21 | INFO | src.tmc_shapley_islands | TMC progress: 150/150 permutations done, cache hit rate: 32.9%, n_evals: 705
2026-03-05 00:12:21 | INFO | src.tmc_shapley_islands | TMC complete: 150 permutations, 0 truncated, 705 utility evals, cache hit rate: 32.9%
2026-03-05 00:12:21 | INFO | src.tmc_shapley_islands | Shapley values (phi, computed on cal set):
2026-03-05 00:12:21 | INFO | src.tmc_shapley_islands |   Nesøy: phi=0.007492, phi/n=0.00006404
2026-03-05 00:12:21 | INFO | src.tmc_shapley_islands |   Myken: phi=0.020085, phi/n=0.00021831
2026-03-05 00:12:21 | INFO | src.tmc_shapley_islands |   Træna: phi=-0.028288, phi/n=-0.00009891
2026-03-05 00:12:21 | INFO | src.tmc_shapley_islands |   Selvær: phi=-0.034306, phi/n=-0.00017683
2026-03-05 00:12:21 | INFO | src.tmc_shapley_islands |   Gjerøy: phi=0.052865, phi/n=0.00009525
2026-03-05 00:12:21 | INFO | src.tmc_shapley_islands |   Hestmannøy: phi=0.052853, phi/n=0.00004972
2026-03-05 00:12:21 | INFO | src.tmc_shapley_islands |   Indre Kvarøy: phi=-0.004629, phi/n=-0.00001330
2026-03-05 00:12:21 | INFO | src.tmc_shapley_islands |   Onøy og Lurøy: phi=0.014655, phi/n=0.00005702
2026-03-05 00:12:21 | INFO | src.tmc_shapley_islands |   Lovund: phi=0.016011, phi/n=0.00010534
2026-03-05 00:12:21 | INFO | src.tmc_shapley_islands |   Sleneset: phi=0.038228, phi/n=0.00023453
2026-03-05 00:12:21 | INFO | src.tmc_shapley_islands |   Aldra: phi=0.058303, phi/n=0.00033701
2026-03-05 00:12:21 | INFO | src.tmc_shapley_islands |   Southern 1: phi=-0.025965, phi/n=-0.00004454
2026-03-05 00:12:21 | INFO | src.tmc_shapley_islands |   Southern 2: phi=-0.046682, phi/n=-0.00011788
2026-03-05 00:12:21 | INFO | src.tmc_shapley_islands |   Southern 3: phi=-0.018392, phi/n=-0.00003155
2026-03-05 00:12:21 | INFO | src.tmc_shapley_islands |   Southern 5: phi=0.078477, phi/n=0.00038850
2026-03-05 00:12:21 | INFO | src.tmc_shapley_islands | Curve retraining early stopping: enabled=True, patience=20
2026-03-05 00:12:21 | INFO | src.tmc_shapley_islands | Computing add-islands curve (evaluated on test set)...
2026-03-05 00:12:21 | INFO | src.tmc_shapley_islands | Add-curve (mean): 1 islands, n=202 -> corr=-0.0022
2026-03-05 00:12:21 | INFO | src.tmc_shapley_islands | Add-curve (mean): 2 islands, n=375 -> corr=-0.0249
2026-03-05 00:12:22 | INFO | src.tmc_shapley_islands | Add-curve (mean): 3 islands, n=538 -> corr=-0.0231
2026-03-05 00:12:22 | INFO | src.tmc_shapley_islands | Add-curve (mean): 4 islands, n=630 -> corr=-0.0433
2026-03-05 00:12:22 | INFO | src.tmc_shapley_islands | Add-curve (mean): 5 islands, n=782 -> corr=-0.0005
2026-03-05 00:12:23 | INFO | src.tmc_shapley_islands | Add-curve (mean): 6 islands, n=1337 -> corr=-0.0557
2026-03-05 00:12:23 | INFO | src.tmc_shapley_islands | Add-curve (mean): 7 islands, n=1454 -> corr=-0.0353
2026-03-05 00:12:24 | INFO | src.tmc_shapley_islands | Add-curve (mean): 8 islands, n=1711 -> corr=-0.0292
2026-03-05 00:12:25 | INFO | src.tmc_shapley_islands | Add-curve (mean): 9 islands, n=2774 -> corr=-0.0011
2026-03-05 00:12:27 | INFO | src.tmc_shapley_islands | Add-curve (mean): 10 islands, n=3122 -> corr=-0.0274
2026-03-05 00:12:28 | INFO | src.tmc_shapley_islands | Add-curve (mean): 11 islands, n=3705 -> corr=-0.0484
2026-03-05 00:12:30 | INFO | src.tmc_shapley_islands | Add-curve (mean): 12 islands, n=4288 -> corr=0.0030
2026-03-05 00:12:32 | INFO | src.tmc_shapley_islands | Add-curve (mean): 13 islands, n=4574 -> corr=0.0067
2026-03-05 00:12:34 | INFO | src.tmc_shapley_islands | Add-curve (mean): 14 islands, n=4970 -> corr=0.1022
2026-03-05 00:12:37 | INFO | src.tmc_shapley_islands | Add-curve (mean): 15 islands, n=5164 -> corr=0.0974
2026-03-05 00:12:48 | INFO | src.tmc_shapley_islands | Random individual add-curve (seed=0) complete
2026-03-05 00:12:59 | INFO | src.tmc_shapley_islands | Random individual add-curve (seed=1) complete
2026-03-05 00:13:12 | INFO | src.tmc_shapley_islands | Random individual add-curve (seed=2) complete
2026-03-05 00:13:27 | INFO | src.tmc_shapley_islands | Random individual add-curve (seed=3) complete
2026-03-05 00:13:37 | INFO | src.tmc_shapley_islands | Random individual add-curve (seed=4) complete
2026-03-05 00:13:37 | INFO | src.tmc_shapley_islands | Building mirrored remove-islands curve from add-islands curve...
2026-03-05 00:13:38 | INFO | src.tmc_shapley_islands | Saved Shapley values to outputs/tmc_shapley_sweep_all_traits/shards/shard_010/tarsus/tmp/shapley_island_values_target_14.csv
2026-03-05 00:13:38 | INFO | src.tmc_shapley_islands | Saved summary to outputs/tmc_shapley_sweep_all_traits/shards/shard_010/tarsus/tmp/tmc_summary_target_14.json
2026-03-05 00:13:38 | INFO | src.tmc_shapley_islands | Saved intermediate ranking trace to outputs/tmc_shapley_sweep_all_traits/shards/shard_010/tarsus/tmp/tmc_intermediate_rankings_target_14.csv
2026-03-05 00:13:38 | INFO | src.tmc_shapley_islands | Saved add-curve to outputs/tmc_shapley_sweep_all_traits/shards/shard_010/tarsus/tmp/add_curve_target_14.csv
2026-03-05 00:13:38 | INFO | src.tmc_shapley_islands | Saved remove-curve to outputs/tmc_shapley_sweep_all_traits/shards/shard_010/tarsus/tmp/remove_curve_target_14.csv
2026-03-05 00:13:38 | INFO | src.tmc_shapley_islands | Saved bar plot to outputs/tmc_shapley_sweep_all_traits/shards/shard_010/tarsus/tmp/shapley_bar_target_14.png
2026-03-05 00:13:38 | INFO | src.tmc_shapley_islands | Saved add-curve plot to outputs/tmc_shapley_sweep_all_traits/shards/shard_010/tarsus/tmp/add_curve_target_14.png
2026-03-05 00:13:39 | INFO | src.tmc_shapley_islands | Saved remove-curve plot to outputs/tmc_shapley_sweep_all_traits/shards/shard_010/tarsus/tmp/remove_curve_target_14.png
2026-03-05 00:13:39 | INFO | __main__ | Shard 10/30 trait=tarsus progress 71/75 | target=14 n_cal_samples=150 perm=10 repeat=3
2026-03-05 00:13:39 | INFO | src.tmc_shapley_islands | [Shapley] Target island: 14 (Southern 4), source islands: 15
2026-03-05 00:13:40 | INFO | src.tmc_shapley_islands | Data: source=5164 (across 15 islands), cal=150, test=336
2026-03-05 00:13:40 | INFO | src.tmc_shapley_islands | SNP selection: using fixed precomputed subset (n=20000)
2026-03-05 00:13:40 | INFO | src.tmc_shapley_islands | Island counts (capped to None in training):
  Nesøy: n=117
  Myken: n=92
  Træna: n=286
  Selvær: n=194
  Gjerøy: n=555
  Hestmannøy: n=1063
  Indre Kvarøy: n=348
  Onøy og Lurøy: n=257
  Lovund: n=152
  Sleneset: n=163
  Aldra: n=173
  Southern 1: n=583
  Southern 2: n=396
  Southern 3: n=583
  Southern 5: n=202
2026-03-05 00:13:40 | INFO | src.tmc_shapley_islands | Running TMC-Shapley with 10 permutations (utility on cal set)...
2026-03-05 00:13:40 | INFO | src.tmc_shapley_islands | Computing V_full over all 15 source islands...
2026-03-05 00:13:42 | INFO | src.tmc_shapley_islands | V_full = 0.2070
2026-03-05 00:14:04 | INFO | src.tmc_shapley_islands | TMC progress: 2/10 permutations done, cache hit rate: 9.7%, n_evals: 28
2026-03-05 00:14:34 | INFO | src.tmc_shapley_islands | TMC progress: 4/10 permutations done, cache hit rate: 8.2%, n_evals: 56
2026-03-05 00:15:11 | INFO | src.tmc_shapley_islands | TMC progress: 6/10 permutations done, cache hit rate: 7.7%, n_evals: 84
2026-03-05 00:15:36 | INFO | src.tmc_shapley_islands | TMC progress: 8/10 permutations done, cache hit rate: 9.1%, n_evals: 110
2026-03-05 00:16:10 | INFO | src.tmc_shapley_islands | TMC progress: 10/10 permutations done, cache hit rate: 9.3%, n_evals: 137
2026-03-05 00:16:10 | INFO | src.tmc_shapley_islands | TMC complete: 10 permutations, 0 truncated, 137 utility evals, cache hit rate: 9.3%
2026-03-05 00:16:10 | INFO | src.tmc_shapley_islands | Shapley values (phi, computed on cal set):
2026-03-05 00:16:10 | INFO | src.tmc_shapley_islands |   Nesøy: phi=0.035220, phi/n=0.00030103
2026-03-05 00:16:10 | INFO | src.tmc_shapley_islands |   Myken: phi=-0.005886, phi/n=-0.00006397
2026-03-05 00:16:10 | INFO | src.tmc_shapley_islands |   Træna: phi=0.014355, phi/n=0.00005019
2026-03-05 00:16:10 | INFO | src.tmc_shapley_islands |   Selvær: phi=-0.043901, phi/n=-0.00022629
2026-03-05 00:16:10 | INFO | src.tmc_shapley_islands |   Gjerøy: phi=-0.009445, phi/n=-0.00001702
2026-03-05 00:16:10 | INFO | src.tmc_shapley_islands |   Hestmannøy: phi=-0.021803, phi/n=-0.00002051
2026-03-05 00:16:10 | INFO | src.tmc_shapley_islands |   Indre Kvarøy: phi=-0.045035, phi/n=-0.00012941
2026-03-05 00:16:10 | INFO | src.tmc_shapley_islands |   Onøy og Lurøy: phi=0.063185, phi/n=0.00024586
2026-03-05 00:16:10 | INFO | src.tmc_shapley_islands |   Lovund: phi=0.020946, phi/n=0.00013780
2026-03-05 00:16:10 | INFO | src.tmc_shapley_islands |   Sleneset: phi=0.008255, phi/n=0.00005065
2026-03-05 00:16:10 | INFO | src.tmc_shapley_islands |   Aldra: phi=0.026196, phi/n=0.00015142
2026-03-05 00:16:10 | INFO | src.tmc_shapley_islands |   Southern 1: phi=0.038108, phi/n=0.00006537
2026-03-05 00:16:10 | INFO | src.tmc_shapley_islands |   Southern 2: phi=0.068994, phi/n=0.00017423
2026-03-05 00:16:10 | INFO | src.tmc_shapley_islands |   Southern 3: phi=0.025697, phi/n=0.00004408
2026-03-05 00:16:10 | INFO | src.tmc_shapley_islands |   Southern 5: phi=0.032082, phi/n=0.00015882
2026-03-05 00:16:10 | INFO | src.tmc_shapley_islands | Curve retraining early stopping: enabled=True, patience=20
2026-03-05 00:16:10 | INFO | src.tmc_shapley_islands | Computing add-islands curve (evaluated on test set)...
2026-03-05 00:16:10 | INFO | src.tmc_shapley_islands | Add-curve (mean): 1 islands, n=117 -> corr=0.0718
2026-03-05 00:16:10 | INFO | src.tmc_shapley_islands | Add-curve (mean): 2 islands, n=374 -> corr=0.0281
2026-03-05 00:16:10 | INFO | src.tmc_shapley_islands | Add-curve (mean): 3 islands, n=770 -> corr=0.1583
2026-03-05 00:16:11 | INFO | src.tmc_shapley_islands | Add-curve (mean): 4 islands, n=972 -> corr=0.1254
2026-03-05 00:16:11 | INFO | src.tmc_shapley_islands | Add-curve (mean): 5 islands, n=1145 -> corr=0.1269
2026-03-05 00:16:12 | INFO | src.tmc_shapley_islands | Add-curve (mean): 6 islands, n=1297 -> corr=0.1277
2026-03-05 00:16:13 | INFO | src.tmc_shapley_islands | Add-curve (mean): 7 islands, n=1880 -> corr=0.1709
2026-03-05 00:16:14 | INFO | src.tmc_shapley_islands | Add-curve (mean): 8 islands, n=2043 -> corr=0.1753
2026-03-05 00:16:15 | INFO | src.tmc_shapley_islands | Add-curve (mean): 9 islands, n=2329 -> corr=0.1703
2026-03-05 00:16:16 | INFO | src.tmc_shapley_islands | Add-curve (mean): 10 islands, n=2912 -> corr=0.1423
2026-03-05 00:16:17 | INFO | src.tmc_shapley_islands | Add-curve (mean): 11 islands, n=3467 -> corr=0.1117
2026-03-05 00:16:19 | INFO | src.tmc_shapley_islands | Add-curve (mean): 12 islands, n=4530 -> corr=0.1308
2026-03-05 00:16:21 | INFO | src.tmc_shapley_islands | Add-curve (mean): 13 islands, n=4622 -> corr=0.1209
2026-03-05 00:16:23 | INFO | src.tmc_shapley_islands | Add-curve (mean): 14 islands, n=4970 -> corr=0.1126
2026-03-05 00:16:25 | INFO | src.tmc_shapley_islands | Add-curve (mean): 15 islands, n=5164 -> corr=0.1068
2026-03-05 00:16:40 | INFO | src.tmc_shapley_islands | Random individual add-curve (seed=0) complete
2026-03-05 00:16:53 | INFO | src.tmc_shapley_islands | Random individual add-curve (seed=1) complete
2026-03-05 00:17:04 | INFO | src.tmc_shapley_islands | Random individual add-curve (seed=2) complete
2026-03-05 00:17:27 | INFO | src.tmc_shapley_islands | Random individual add-curve (seed=3) complete
2026-03-05 00:17:40 | INFO | src.tmc_shapley_islands | Random individual add-curve (seed=4) complete
2026-03-05 00:17:40 | INFO | src.tmc_shapley_islands | Building mirrored remove-islands curve from add-islands curve...
2026-03-05 00:17:40 | INFO | src.tmc_shapley_islands | Saved Shapley values to outputs/tmc_shapley_sweep_all_traits/shards/shard_010/tarsus/tmp/shapley_island_values_target_14.csv
2026-03-05 00:17:40 | INFO | src.tmc_shapley_islands | Saved summary to outputs/tmc_shapley_sweep_all_traits/shards/shard_010/tarsus/tmp/tmc_summary_target_14.json
2026-03-05 00:17:40 | INFO | src.tmc_shapley_islands | Saved intermediate ranking trace to outputs/tmc_shapley_sweep_all_traits/shards/shard_010/tarsus/tmp/tmc_intermediate_rankings_target_14.csv
2026-03-05 00:17:40 | INFO | src.tmc_shapley_islands | Saved add-curve to outputs/tmc_shapley_sweep_all_traits/shards/shard_010/tarsus/tmp/add_curve_target_14.csv
2026-03-05 00:17:40 | INFO | src.tmc_shapley_islands | Saved remove-curve to outputs/tmc_shapley_sweep_all_traits/shards/shard_010/tarsus/tmp/remove_curve_target_14.csv
2026-03-05 00:17:40 | INFO | src.tmc_shapley_islands | Saved bar plot to outputs/tmc_shapley_sweep_all_traits/shards/shard_010/tarsus/tmp/shapley_bar_target_14.png
2026-03-05 00:17:41 | INFO | src.tmc_shapley_islands | Saved add-curve plot to outputs/tmc_shapley_sweep_all_traits/shards/shard_010/tarsus/tmp/add_curve_target_14.png
2026-03-05 00:17:41 | INFO | src.tmc_shapley_islands | Saved remove-curve plot to outputs/tmc_shapley_sweep_all_traits/shards/shard_010/tarsus/tmp/remove_curve_target_14.png
2026-03-05 00:17:41 | INFO | __main__ | Shard 10/30 trait=tarsus progress 72/75 | target=14 n_cal_samples=150 perm=20 repeat=3
2026-03-05 00:17:41 | INFO | src.tmc_shapley_islands | [Shapley] Target island: 14 (Southern 4), source islands: 15
2026-03-05 00:17:42 | INFO | src.tmc_shapley_islands | Data: source=5164 (across 15 islands), cal=150, test=336
2026-03-05 00:17:42 | INFO | src.tmc_shapley_islands | SNP selection: using fixed precomputed subset (n=20000)
2026-03-05 00:17:42 | INFO | src.tmc_shapley_islands | Island counts (capped to None in training):
  Nesøy: n=117
  Myken: n=92
  Træna: n=286
  Selvær: n=194
  Gjerøy: n=555
  Hestmannøy: n=1063
  Indre Kvarøy: n=348
  Onøy og Lurøy: n=257
  Lovund: n=152
  Sleneset: n=163
  Aldra: n=173
  Southern 1: n=583
  Southern 2: n=396
  Southern 3: n=583
  Southern 5: n=202
2026-03-05 00:17:42 | INFO | src.tmc_shapley_islands | Loaded 137 cached utilities from outputs/tmc_shapley_sweep_all_traits/cache/tarsus/utility_cache_target_14_seed_940857554.json
2026-03-05 00:17:42 | INFO | src.tmc_shapley_islands | Running TMC-Shapley with 20 permutations (utility on cal set)...
2026-03-05 00:17:42 | INFO | src.tmc_shapley_islands | Computing V_full over all 15 source islands...
2026-03-05 00:17:42 | INFO | src.tmc_shapley_islands | V_full = 0.2070
2026-03-05 00:17:42 | INFO | src.tmc_shapley_islands | TMC head-start: loaded 10 completed permutations from state outputs/tmc_shapley_sweep_all_traits/cache/tarsus/tmc_perm_state_target_14_seed_940857554.json
2026-03-05 00:18:13 | INFO | src.tmc_shapley_islands | TMC progress: 12/20 permutations done, cache hit rate: 22.6%, n_evals: 24
2026-03-05 00:19:19 | INFO | src.tmc_shapley_islands | TMC progress: 16/20 permutations done, cache hit rate: 18.7%, n_evals: 74
2026-03-05 00:20:23 | INFO | src.tmc_shapley_islands | TMC progress: 20/20 permutations done, cache hit rate: 17.9%, n_evals: 124
2026-03-05 00:20:23 | INFO | src.tmc_shapley_islands | TMC complete: 20 permutations, 0 truncated, 124 utility evals, cache hit rate: 17.9%
2026-03-05 00:20:23 | INFO | src.tmc_shapley_islands | Shapley values (phi, computed on cal set):
2026-03-05 00:20:23 | INFO | src.tmc_shapley_islands |   Nesøy: phi=0.033749, phi/n=0.00028845
2026-03-05 00:20:23 | INFO | src.tmc_shapley_islands |   Myken: phi=-0.003157, phi/n=-0.00003432
2026-03-05 00:20:23 | INFO | src.tmc_shapley_islands |   Træna: phi=0.015742, phi/n=0.00005504
2026-03-05 00:20:23 | INFO | src.tmc_shapley_islands |   Selvær: phi=-0.035152, phi/n=-0.00018120
2026-03-05 00:20:23 | INFO | src.tmc_shapley_islands |   Gjerøy: phi=-0.008431, phi/n=-0.00001519
2026-03-05 00:20:23 | INFO | src.tmc_shapley_islands |   Hestmannøy: phi=-0.021500, phi/n=-0.00002023
2026-03-05 00:20:23 | INFO | src.tmc_shapley_islands |   Indre Kvarøy: phi=-0.063329, phi/n=-0.00018198
2026-03-05 00:20:23 | INFO | src.tmc_shapley_islands |   Onøy og Lurøy: phi=0.076298, phi/n=0.00029688
2026-03-05 00:20:23 | INFO | src.tmc_shapley_islands |   Lovund: phi=0.022401, phi/n=0.00014738
2026-03-05 00:20:23 | INFO | src.tmc_shapley_islands |   Sleneset: phi=0.010976, phi/n=0.00006733
2026-03-05 00:20:23 | INFO | src.tmc_shapley_islands |   Aldra: phi=0.022173, phi/n=0.00012817
2026-03-05 00:20:23 | INFO | src.tmc_shapley_islands |   Southern 1: phi=0.047260, phi/n=0.00008106
2026-03-05 00:20:23 | INFO | src.tmc_shapley_islands |   Southern 2: phi=0.054832, phi/n=0.00013846
2026-03-05 00:20:23 | INFO | src.tmc_shapley_islands |   Southern 3: phi=0.018754, phi/n=0.00003217
2026-03-05 00:20:23 | INFO | src.tmc_shapley_islands |   Southern 5: phi=0.036355, phi/n=0.00017998
2026-03-05 00:20:23 | INFO | src.tmc_shapley_islands | Curve retraining early stopping: enabled=True, patience=20
2026-03-05 00:20:23 | INFO | src.tmc_shapley_islands | Computing add-islands curve (evaluated on test set)...
2026-03-05 00:20:23 | INFO | src.tmc_shapley_islands | Add-curve (mean): 1 islands, n=257 -> corr=-0.0019
2026-03-05 00:20:23 | INFO | src.tmc_shapley_islands | Add-curve (mean): 2 islands, n=374 -> corr=0.0281
2026-03-05 00:20:23 | INFO | src.tmc_shapley_islands | Add-curve (mean): 3 islands, n=576 -> corr=0.0046
2026-03-05 00:20:24 | INFO | src.tmc_shapley_islands | Add-curve (mean): 4 islands, n=728 -> corr=0.0213
2026-03-05 00:20:24 | INFO | src.tmc_shapley_islands | Add-curve (mean): 5 islands, n=1124 -> corr=0.1267
2026-03-05 00:20:24 | INFO | src.tmc_shapley_islands | Add-curve (mean): 6 islands, n=1297 -> corr=0.1277
2026-03-05 00:20:25 | INFO | src.tmc_shapley_islands | Add-curve (mean): 7 islands, n=1880 -> corr=0.1709
2026-03-05 00:20:26 | INFO | src.tmc_shapley_islands | Add-curve (mean): 8 islands, n=2043 -> corr=0.1753
2026-03-05 00:20:27 | INFO | src.tmc_shapley_islands | Add-curve (mean): 9 islands, n=2329 -> corr=0.1703
2026-03-05 00:20:29 | INFO | src.tmc_shapley_islands | Add-curve (mean): 10 islands, n=2912 -> corr=0.1423
2026-03-05 00:20:30 | INFO | src.tmc_shapley_islands | Add-curve (mean): 11 islands, n=3467 -> corr=0.1117
2026-03-05 00:20:33 | INFO | src.tmc_shapley_islands | Add-curve (mean): 12 islands, n=4530 -> corr=0.1308
2026-03-05 00:20:35 | INFO | src.tmc_shapley_islands | Add-curve (mean): 13 islands, n=4622 -> corr=0.1209
2026-03-05 00:20:38 | INFO | src.tmc_shapley_islands | Add-curve (mean): 14 islands, n=4816 -> corr=0.1146
2026-03-05 00:20:40 | INFO | src.tmc_shapley_islands | Add-curve (mean): 15 islands, n=5164 -> corr=0.1068
2026-03-05 00:20:52 | INFO | src.tmc_shapley_islands | Random individual add-curve (seed=0) complete
2026-03-05 00:21:05 | INFO | src.tmc_shapley_islands | Random individual add-curve (seed=1) complete
2026-03-05 00:21:16 | INFO | src.tmc_shapley_islands | Random individual add-curve (seed=2) complete
2026-03-05 00:21:30 | INFO | src.tmc_shapley_islands | Random individual add-curve (seed=3) complete
2026-03-05 00:21:45 | INFO | src.tmc_shapley_islands | Random individual add-curve (seed=4) complete
2026-03-05 00:21:45 | INFO | src.tmc_shapley_islands | Building mirrored remove-islands curve from add-islands curve...
2026-03-05 00:21:45 | INFO | src.tmc_shapley_islands | Saved Shapley values to outputs/tmc_shapley_sweep_all_traits/shards/shard_010/tarsus/tmp/shapley_island_values_target_14.csv
2026-03-05 00:21:45 | INFO | src.tmc_shapley_islands | Saved summary to outputs/tmc_shapley_sweep_all_traits/shards/shard_010/tarsus/tmp/tmc_summary_target_14.json
2026-03-05 00:21:45 | INFO | src.tmc_shapley_islands | Saved intermediate ranking trace to outputs/tmc_shapley_sweep_all_traits/shards/shard_010/tarsus/tmp/tmc_intermediate_rankings_target_14.csv
2026-03-05 00:21:45 | INFO | src.tmc_shapley_islands | Saved add-curve to outputs/tmc_shapley_sweep_all_traits/shards/shard_010/tarsus/tmp/add_curve_target_14.csv
2026-03-05 00:21:45 | INFO | src.tmc_shapley_islands | Saved remove-curve to outputs/tmc_shapley_sweep_all_traits/shards/shard_010/tarsus/tmp/remove_curve_target_14.csv
2026-03-05 00:21:45 | INFO | src.tmc_shapley_islands | Saved bar plot to outputs/tmc_shapley_sweep_all_traits/shards/shard_010/tarsus/tmp/shapley_bar_target_14.png
2026-03-05 00:21:46 | INFO | src.tmc_shapley_islands | Saved add-curve plot to outputs/tmc_shapley_sweep_all_traits/shards/shard_010/tarsus/tmp/add_curve_target_14.png
2026-03-05 00:21:46 | INFO | src.tmc_shapley_islands | Saved remove-curve plot to outputs/tmc_shapley_sweep_all_traits/shards/shard_010/tarsus/tmp/remove_curve_target_14.png
2026-03-05 00:21:46 | INFO | __main__ | Shard 10/30 trait=tarsus progress 73/75 | target=14 n_cal_samples=150 perm=40 repeat=3
2026-03-05 00:21:46 | INFO | src.tmc_shapley_islands | [Shapley] Target island: 14 (Southern 4), source islands: 15
2026-03-05 00:21:47 | INFO | src.tmc_shapley_islands | Data: source=5164 (across 15 islands), cal=150, test=336
2026-03-05 00:21:47 | INFO | src.tmc_shapley_islands | SNP selection: using fixed precomputed subset (n=20000)
2026-03-05 00:21:47 | INFO | src.tmc_shapley_islands | Island counts (capped to None in training):
  Nesøy: n=117
  Myken: n=92
  Træna: n=286
  Selvær: n=194
  Gjerøy: n=555
  Hestmannøy: n=1063
  Indre Kvarøy: n=348
  Onøy og Lurøy: n=257
  Lovund: n=152
  Sleneset: n=163
  Aldra: n=173
  Southern 1: n=583
  Southern 2: n=396
  Southern 3: n=583
  Southern 5: n=202
2026-03-05 00:21:47 | INFO | src.tmc_shapley_islands | Loaded 261 cached utilities from outputs/tmc_shapley_sweep_all_traits/cache/tarsus/utility_cache_target_14_seed_940857554.json
2026-03-05 00:21:47 | INFO | src.tmc_shapley_islands | Running TMC-Shapley with 40 permutations (utility on cal set)...
2026-03-05 00:21:47 | INFO | src.tmc_shapley_islands | Computing V_full over all 15 source islands...
2026-03-05 00:21:47 | INFO | src.tmc_shapley_islands | V_full = 0.2070
2026-03-05 00:21:47 | INFO | src.tmc_shapley_islands | TMC head-start: loaded 20 completed permutations from state outputs/tmc_shapley_sweep_all_traits/cache/tarsus/tmc_perm_state_target_14_seed_940857554.json
2026-03-05 00:22:37 | INFO | src.tmc_shapley_islands | TMC progress: 24/40 permutations done, cache hit rate: 24.6%, n_evals: 46
2026-03-05 00:24:26 | INFO | src.tmc_shapley_islands | TMC progress: 32/40 permutations done, cache hit rate: 24.3%, n_evals: 137
2026-03-05 00:26:09 | INFO | src.tmc_shapley_islands | TMC progress: 40/40 permutations done, cache hit rate: 23.3%, n_evals: 231
2026-03-05 00:26:09 | INFO | src.tmc_shapley_islands | TMC complete: 40 permutations, 0 truncated, 231 utility evals, cache hit rate: 23.3%
2026-03-05 00:26:09 | INFO | src.tmc_shapley_islands | Shapley values (phi, computed on cal set):
2026-03-05 00:26:09 | INFO | src.tmc_shapley_islands |   Nesøy: phi=0.042343, phi/n=0.00036190
2026-03-05 00:26:09 | INFO | src.tmc_shapley_islands |   Myken: phi=-0.003661, phi/n=-0.00003979
2026-03-05 00:26:09 | INFO | src.tmc_shapley_islands |   Træna: phi=0.014028, phi/n=0.00004905
2026-03-05 00:26:09 | INFO | src.tmc_shapley_islands |   Selvær: phi=-0.033073, phi/n=-0.00017048
2026-03-05 00:26:09 | INFO | src.tmc_shapley_islands |   Gjerøy: phi=-0.010071, phi/n=-0.00001815
2026-03-05 00:26:09 | INFO | src.tmc_shapley_islands |   Hestmannøy: phi=-0.022393, phi/n=-0.00002107
2026-03-05 00:26:09 | INFO | src.tmc_shapley_islands |   Indre Kvarøy: phi=-0.056200, phi/n=-0.00016150
2026-03-05 00:26:09 | INFO | src.tmc_shapley_islands |   Onøy og Lurøy: phi=0.069036, phi/n=0.00026862
2026-03-05 00:26:09 | INFO | src.tmc_shapley_islands |   Lovund: phi=0.019401, phi/n=0.00012764
2026-03-05 00:26:09 | INFO | src.tmc_shapley_islands |   Sleneset: phi=0.012593, phi/n=0.00007726
2026-03-05 00:26:09 | INFO | src.tmc_shapley_islands |   Aldra: phi=0.020941, phi/n=0.00012105
2026-03-05 00:26:09 | INFO | src.tmc_shapley_islands |   Southern 1: phi=0.048294, phi/n=0.00008284
2026-03-05 00:26:09 | INFO | src.tmc_shapley_islands |   Southern 2: phi=0.055444, phi/n=0.00014001
2026-03-05 00:26:09 | INFO | src.tmc_shapley_islands |   Southern 3: phi=0.017952, phi/n=0.00003079
2026-03-05 00:26:09 | INFO | src.tmc_shapley_islands |   Southern 5: phi=0.032337, phi/n=0.00016008
2026-03-05 00:26:09 | INFO | src.tmc_shapley_islands | Curve retraining early stopping: enabled=True, patience=20
2026-03-05 00:26:09 | INFO | src.tmc_shapley_islands | Computing add-islands curve (evaluated on test set)...
2026-03-05 00:26:09 | INFO | src.tmc_shapley_islands | Add-curve (mean): 1 islands, n=117 -> corr=0.0718
2026-03-05 00:26:09 | INFO | src.tmc_shapley_islands | Add-curve (mean): 2 islands, n=374 -> corr=0.0281
2026-03-05 00:26:10 | INFO | src.tmc_shapley_islands | Add-curve (mean): 3 islands, n=576 -> corr=0.0046
2026-03-05 00:26:10 | INFO | src.tmc_shapley_islands | Add-curve (mean): 4 islands, n=972 -> corr=0.1254
2026-03-05 00:26:10 | INFO | src.tmc_shapley_islands | Add-curve (mean): 5 islands, n=1124 -> corr=0.1267
2026-03-05 00:26:11 | INFO | src.tmc_shapley_islands | Add-curve (mean): 6 islands, n=1297 -> corr=0.1277
2026-03-05 00:26:12 | INFO | src.tmc_shapley_islands | Add-curve (mean): 7 islands, n=1880 -> corr=0.1709
2026-03-05 00:26:12 | INFO | src.tmc_shapley_islands | Add-curve (mean): 8 islands, n=2043 -> corr=0.1753
2026-03-05 00:26:13 | INFO | src.tmc_shapley_islands | Add-curve (mean): 9 islands, n=2329 -> corr=0.1703
2026-03-05 00:26:15 | INFO | src.tmc_shapley_islands | Add-curve (mean): 10 islands, n=2912 -> corr=0.1423
2026-03-05 00:26:16 | INFO | src.tmc_shapley_islands | Add-curve (mean): 11 islands, n=3467 -> corr=0.1117
2026-03-05 00:26:18 | INFO | src.tmc_shapley_islands | Add-curve (mean): 12 islands, n=4530 -> corr=0.1308
2026-03-05 00:26:20 | INFO | src.tmc_shapley_islands | Add-curve (mean): 13 islands, n=4622 -> corr=0.1209
2026-03-05 00:26:22 | INFO | src.tmc_shapley_islands | Add-curve (mean): 14 islands, n=4970 -> corr=0.1126
2026-03-05 00:26:24 | INFO | src.tmc_shapley_islands | Add-curve (mean): 15 islands, n=5164 -> corr=0.1068
2026-03-05 00:26:36 | INFO | src.tmc_shapley_islands | Random individual add-curve (seed=0) complete
2026-03-05 00:26:49 | INFO | src.tmc_shapley_islands | Random individual add-curve (seed=1) complete
2026-03-05 00:27:02 | INFO | src.tmc_shapley_islands | Random individual add-curve (seed=2) complete
2026-03-05 00:27:13 | INFO | src.tmc_shapley_islands | Random individual add-curve (seed=3) complete
2026-03-05 00:27:25 | INFO | src.tmc_shapley_islands | Random individual add-curve (seed=4) complete
2026-03-05 00:27:25 | INFO | src.tmc_shapley_islands | Building mirrored remove-islands curve from add-islands curve...
2026-03-05 00:27:25 | INFO | src.tmc_shapley_islands | Saved Shapley values to outputs/tmc_shapley_sweep_all_traits/shards/shard_010/tarsus/tmp/shapley_island_values_target_14.csv
2026-03-05 00:27:25 | INFO | src.tmc_shapley_islands | Saved summary to outputs/tmc_shapley_sweep_all_traits/shards/shard_010/tarsus/tmp/tmc_summary_target_14.json
2026-03-05 00:27:25 | INFO | src.tmc_shapley_islands | Saved intermediate ranking trace to outputs/tmc_shapley_sweep_all_traits/shards/shard_010/tarsus/tmp/tmc_intermediate_rankings_target_14.csv
2026-03-05 00:27:25 | INFO | src.tmc_shapley_islands | Saved add-curve to outputs/tmc_shapley_sweep_all_traits/shards/shard_010/tarsus/tmp/add_curve_target_14.csv
2026-03-05 00:27:25 | INFO | src.tmc_shapley_islands | Saved remove-curve to outputs/tmc_shapley_sweep_all_traits/shards/shard_010/tarsus/tmp/remove_curve_target_14.csv
2026-03-05 00:27:26 | INFO | src.tmc_shapley_islands | Saved bar plot to outputs/tmc_shapley_sweep_all_traits/shards/shard_010/tarsus/tmp/shapley_bar_target_14.png
2026-03-05 00:27:26 | INFO | src.tmc_shapley_islands | Saved add-curve plot to outputs/tmc_shapley_sweep_all_traits/shards/shard_010/tarsus/tmp/add_curve_target_14.png
2026-03-05 00:27:27 | INFO | src.tmc_shapley_islands | Saved remove-curve plot to outputs/tmc_shapley_sweep_all_traits/shards/shard_010/tarsus/tmp/remove_curve_target_14.png
2026-03-05 00:27:27 | INFO | __main__ | Shard 10/30 trait=tarsus progress 74/75 | target=14 n_cal_samples=150 perm=80 repeat=3
2026-03-05 00:27:27 | INFO | src.tmc_shapley_islands | [Shapley] Target island: 14 (Southern 4), source islands: 15
2026-03-05 00:27:28 | INFO | src.tmc_shapley_islands | Data: source=5164 (across 15 islands), cal=150, test=336
2026-03-05 00:27:28 | INFO | src.tmc_shapley_islands | SNP selection: using fixed precomputed subset (n=20000)
2026-03-05 00:27:28 | INFO | src.tmc_shapley_islands | Island counts (capped to None in training):
  Nesøy: n=117
  Myken: n=92
  Træna: n=286
  Selvær: n=194
  Gjerøy: n=555
  Hestmannøy: n=1063
  Indre Kvarøy: n=348
  Onøy og Lurøy: n=257
  Lovund: n=152
  Sleneset: n=163
  Aldra: n=173
  Southern 1: n=583
  Southern 2: n=396
  Southern 3: n=583
  Southern 5: n=202
2026-03-05 00:27:28 | INFO | src.tmc_shapley_islands | Loaded 492 cached utilities from outputs/tmc_shapley_sweep_all_traits/cache/tarsus/utility_cache_target_14_seed_940857554.json
2026-03-05 00:27:28 | INFO | src.tmc_shapley_islands | Running TMC-Shapley with 80 permutations (utility on cal set)...
2026-03-05 00:27:28 | INFO | src.tmc_shapley_islands | Computing V_full over all 15 source islands...
2026-03-05 00:27:28 | INFO | src.tmc_shapley_islands | V_full = 0.2070
2026-03-05 00:27:28 | INFO | src.tmc_shapley_islands | TMC head-start: loaded 40 completed permutations from state outputs/tmc_shapley_sweep_all_traits/cache/tarsus/tmc_perm_state_target_14_seed_940857554.json
2026-03-05 00:29:26 | INFO | src.tmc_shapley_islands | TMC progress: 48/80 permutations done, cache hit rate: 24.8%, n_evals: 91
2026-03-05 00:33:20 | INFO | src.tmc_shapley_islands | TMC progress: 64/80 permutations done, cache hit rate: 25.5%, n_evals: 269
2026-03-05 00:36:44 | INFO | src.tmc_shapley_islands | TMC progress: 80/80 permutations done, cache hit rate: 26.8%, n_evals: 440
2026-03-05 00:36:44 | INFO | src.tmc_shapley_islands | TMC complete: 80 permutations, 0 truncated, 440 utility evals, cache hit rate: 26.8%
2026-03-05 00:36:44 | INFO | src.tmc_shapley_islands | Shapley values (phi, computed on cal set):
2026-03-05 00:36:44 | INFO | src.tmc_shapley_islands |   Nesøy: phi=0.047110, phi/n=0.00040265
2026-03-05 00:36:44 | INFO | src.tmc_shapley_islands |   Myken: phi=-0.005548, phi/n=-0.00006030
2026-03-05 00:36:44 | INFO | src.tmc_shapley_islands |   Træna: phi=0.011179, phi/n=0.00003909
2026-03-05 00:36:44 | INFO | src.tmc_shapley_islands |   Selvær: phi=-0.029867, phi/n=-0.00015395
2026-03-05 00:36:44 | INFO | src.tmc_shapley_islands |   Gjerøy: phi=-0.010467, phi/n=-0.00001886
2026-03-05 00:36:44 | INFO | src.tmc_shapley_islands |   Hestmannøy: phi=-0.024961, phi/n=-0.00002348
2026-03-05 00:36:44 | INFO | src.tmc_shapley_islands |   Indre Kvarøy: phi=-0.051832, phi/n=-0.00014894
2026-03-05 00:36:44 | INFO | src.tmc_shapley_islands |   Onøy og Lurøy: phi=0.069042, phi/n=0.00026865
2026-03-05 00:36:44 | INFO | src.tmc_shapley_islands |   Lovund: phi=0.021966, phi/n=0.00014451
2026-03-05 00:36:44 | INFO | src.tmc_shapley_islands |   Sleneset: phi=0.012954, phi/n=0.00007947
2026-03-05 00:36:44 | INFO | src.tmc_shapley_islands |   Aldra: phi=0.020341, phi/n=0.00011758
2026-03-05 00:36:44 | INFO | src.tmc_shapley_islands |   Southern 1: phi=0.043154, phi/n=0.00007402
2026-03-05 00:36:44 | INFO | src.tmc_shapley_islands |   Southern 2: phi=0.057865, phi/n=0.00014612
2026-03-05 00:36:44 | INFO | src.tmc_shapley_islands |   Southern 3: phi=0.019885, phi/n=0.00003411
2026-03-05 00:36:44 | INFO | src.tmc_shapley_islands |   Southern 5: phi=0.026148, phi/n=0.00012945
2026-03-05 00:36:44 | INFO | src.tmc_shapley_islands | Curve retraining early stopping: enabled=True, patience=20
2026-03-05 00:36:44 | INFO | src.tmc_shapley_islands | Computing add-islands curve (evaluated on test set)...
2026-03-05 00:36:44 | INFO | src.tmc_shapley_islands | Add-curve (mean): 1 islands, n=117 -> corr=0.0718
2026-03-05 00:36:44 | INFO | src.tmc_shapley_islands | Add-curve (mean): 2 islands, n=374 -> corr=0.0281
2026-03-05 00:36:44 | INFO | src.tmc_shapley_islands | Add-curve (mean): 3 islands, n=770 -> corr=0.1583
2026-03-05 00:36:45 | INFO | src.tmc_shapley_islands | Add-curve (mean): 4 islands, n=922 -> corr=0.1580
2026-03-05 00:36:45 | INFO | src.tmc_shapley_islands | Add-curve (mean): 5 islands, n=1124 -> corr=0.1267
2026-03-05 00:36:46 | INFO | src.tmc_shapley_islands | Add-curve (mean): 6 islands, n=1297 -> corr=0.1277
2026-03-05 00:36:46 | INFO | src.tmc_shapley_islands | Add-curve (mean): 7 islands, n=1460 -> corr=0.1366
2026-03-05 00:36:47 | INFO | src.tmc_shapley_islands | Add-curve (mean): 8 islands, n=2043 -> corr=0.1753
2026-03-05 00:36:48 | INFO | src.tmc_shapley_islands | Add-curve (mean): 9 islands, n=2329 -> corr=0.1703
2026-03-05 00:36:49 | INFO | src.tmc_shapley_islands | Add-curve (mean): 10 islands, n=2912 -> corr=0.1423
2026-03-05 00:36:51 | INFO | src.tmc_shapley_islands | Add-curve (mean): 11 islands, n=3467 -> corr=0.1117
2026-03-05 00:36:53 | INFO | src.tmc_shapley_islands | Add-curve (mean): 12 islands, n=4530 -> corr=0.1308
2026-03-05 00:36:55 | INFO | src.tmc_shapley_islands | Add-curve (mean): 13 islands, n=4622 -> corr=0.1209
2026-03-05 00:36:57 | INFO | src.tmc_shapley_islands | Add-curve (mean): 14 islands, n=4970 -> corr=0.1126
2026-03-05 00:36:59 | INFO | src.tmc_shapley_islands | Add-curve (mean): 15 islands, n=5164 -> corr=0.1068
2026-03-05 00:37:10 | INFO | src.tmc_shapley_islands | Random individual add-curve (seed=0) complete
2026-03-05 00:37:24 | INFO | src.tmc_shapley_islands | Random individual add-curve (seed=1) complete
2026-03-05 00:37:35 | INFO | src.tmc_shapley_islands | Random individual add-curve (seed=2) complete
2026-03-05 00:37:51 | INFO | src.tmc_shapley_islands | Random individual add-curve (seed=3) complete
2026-03-05 00:38:03 | INFO | src.tmc_shapley_islands | Random individual add-curve (seed=4) complete
2026-03-05 00:38:03 | INFO | src.tmc_shapley_islands | Building mirrored remove-islands curve from add-islands curve...
2026-03-05 00:38:03 | INFO | src.tmc_shapley_islands | Saved Shapley values to outputs/tmc_shapley_sweep_all_traits/shards/shard_010/tarsus/tmp/shapley_island_values_target_14.csv
2026-03-05 00:38:03 | INFO | src.tmc_shapley_islands | Saved summary to outputs/tmc_shapley_sweep_all_traits/shards/shard_010/tarsus/tmp/tmc_summary_target_14.json
2026-03-05 00:38:03 | INFO | src.tmc_shapley_islands | Saved intermediate ranking trace to outputs/tmc_shapley_sweep_all_traits/shards/shard_010/tarsus/tmp/tmc_intermediate_rankings_target_14.csv
2026-03-05 00:38:03 | INFO | src.tmc_shapley_islands | Saved add-curve to outputs/tmc_shapley_sweep_all_traits/shards/shard_010/tarsus/tmp/add_curve_target_14.csv
2026-03-05 00:38:03 | INFO | src.tmc_shapley_islands | Saved remove-curve to outputs/tmc_shapley_sweep_all_traits/shards/shard_010/tarsus/tmp/remove_curve_target_14.csv
2026-03-05 00:38:03 | INFO | src.tmc_shapley_islands | Saved bar plot to outputs/tmc_shapley_sweep_all_traits/shards/shard_010/tarsus/tmp/shapley_bar_target_14.png
2026-03-05 00:38:04 | INFO | src.tmc_shapley_islands | Saved add-curve plot to outputs/tmc_shapley_sweep_all_traits/shards/shard_010/tarsus/tmp/add_curve_target_14.png
2026-03-05 00:38:04 | INFO | src.tmc_shapley_islands | Saved remove-curve plot to outputs/tmc_shapley_sweep_all_traits/shards/shard_010/tarsus/tmp/remove_curve_target_14.png
2026-03-05 00:38:04 | INFO | __main__ | Shard 10/30 trait=tarsus progress 75/75 | target=14 n_cal_samples=150 perm=150 repeat=3
2026-03-05 00:38:04 | INFO | src.tmc_shapley_islands | [Shapley] Target island: 14 (Southern 4), source islands: 15
2026-03-05 00:38:05 | INFO | src.tmc_shapley_islands | Data: source=5164 (across 15 islands), cal=150, test=336
2026-03-05 00:38:05 | INFO | src.tmc_shapley_islands | SNP selection: using fixed precomputed subset (n=20000)
2026-03-05 00:38:05 | INFO | src.tmc_shapley_islands | Island counts (capped to None in training):
  Nesøy: n=117
  Myken: n=92
  Træna: n=286
  Selvær: n=194
  Gjerøy: n=555
  Hestmannøy: n=1063
  Indre Kvarøy: n=348
  Onøy og Lurøy: n=257
  Lovund: n=152
  Sleneset: n=163
  Aldra: n=173
  Southern 1: n=583
  Southern 2: n=396
  Southern 3: n=583
  Southern 5: n=202
2026-03-05 00:38:05 | INFO | src.tmc_shapley_islands | Loaded 932 cached utilities from outputs/tmc_shapley_sweep_all_traits/cache/tarsus/utility_cache_target_14_seed_940857554.json
2026-03-05 00:38:05 | INFO | src.tmc_shapley_islands | Running TMC-Shapley with 150 permutations (utility on cal set)...
2026-03-05 00:38:05 | INFO | src.tmc_shapley_islands | Computing V_full over all 15 source islands...
2026-03-05 00:38:05 | INFO | src.tmc_shapley_islands | V_full = 0.2070
2026-03-05 00:38:05 | INFO | src.tmc_shapley_islands | TMC head-start: loaded 80 completed permutations from state outputs/tmc_shapley_sweep_all_traits/cache/tarsus/tmc_perm_state_target_14_seed_940857554.json
2026-03-05 00:40:15 | INFO | src.tmc_shapley_islands | TMC progress: 90/150 permutations done, cache hit rate: 32.5%, n_evals: 102
2026-03-05 00:46:30 | INFO | src.tmc_shapley_islands | TMC progress: 120/150 permutations done, cache hit rate: 31.8%, n_evals: 410
2026-03-05 00:52:34 | INFO | src.tmc_shapley_islands | TMC progress: 150/150 permutations done, cache hit rate: 33.6%, n_evals: 698
2026-03-05 00:52:34 | INFO | src.tmc_shapley_islands | TMC complete: 150 permutations, 0 truncated, 698 utility evals, cache hit rate: 33.6%
2026-03-05 00:52:34 | INFO | src.tmc_shapley_islands | Shapley values (phi, computed on cal set):
2026-03-05 00:52:34 | INFO | src.tmc_shapley_islands |   Nesøy: phi=0.048366, phi/n=0.00041339
2026-03-05 00:52:34 | INFO | src.tmc_shapley_islands |   Myken: phi=-0.005199, phi/n=-0.00005651
2026-03-05 00:52:34 | INFO | src.tmc_shapley_islands |   Træna: phi=0.010653, phi/n=0.00003725
2026-03-05 00:52:34 | INFO | src.tmc_shapley_islands |   Selvær: phi=-0.029999, phi/n=-0.00015464
2026-03-05 00:52:34 | INFO | src.tmc_shapley_islands |   Gjerøy: phi=-0.011758, phi/n=-0.00002119
2026-03-05 00:52:34 | INFO | src.tmc_shapley_islands |   Hestmannøy: phi=-0.024343, phi/n=-0.00002290
2026-03-05 00:52:34 | INFO | src.tmc_shapley_islands |   Indre Kvarøy: phi=-0.056418, phi/n=-0.00016212
2026-03-05 00:52:34 | INFO | src.tmc_shapley_islands |   Onøy og Lurøy: phi=0.068187, phi/n=0.00026532
2026-03-05 00:52:34 | INFO | src.tmc_shapley_islands |   Lovund: phi=0.026069, phi/n=0.00017150
2026-03-05 00:52:34 | INFO | src.tmc_shapley_islands |   Sleneset: phi=0.015401, phi/n=0.00009448
2026-03-05 00:52:34 | INFO | src.tmc_shapley_islands |   Aldra: phi=0.020870, phi/n=0.00012063
2026-03-05 00:52:34 | INFO | src.tmc_shapley_islands |   Southern 1: phi=0.041544, phi/n=0.00007126
2026-03-05 00:52:34 | INFO | src.tmc_shapley_islands |   Southern 2: phi=0.056982, phi/n=0.00014389
2026-03-05 00:52:34 | INFO | src.tmc_shapley_islands |   Southern 3: phi=0.021206, phi/n=0.00003637
2026-03-05 00:52:34 | INFO | src.tmc_shapley_islands |   Southern 5: phi=0.025409, phi/n=0.00012579
2026-03-05 00:52:34 | INFO | src.tmc_shapley_islands | Curve retraining early stopping: enabled=True, patience=20
2026-03-05 00:52:34 | INFO | src.tmc_shapley_islands | Computing add-islands curve (evaluated on test set)...
2026-03-05 00:52:34 | INFO | src.tmc_shapley_islands | Add-curve (mean): 1 islands, n=117 -> corr=0.0718
2026-03-05 00:52:34 | INFO | src.tmc_shapley_islands | Add-curve (mean): 2 islands, n=374 -> corr=0.0281
2026-03-05 00:52:34 | INFO | src.tmc_shapley_islands | Add-curve (mean): 3 islands, n=526 -> corr=0.0524
2026-03-05 00:52:35 | INFO | src.tmc_shapley_islands | Add-curve (mean): 4 islands, n=922 -> corr=0.1580
2026-03-05 00:52:35 | INFO | src.tmc_shapley_islands | Add-curve (mean): 5 islands, n=1124 -> corr=0.1267
2026-03-05 00:52:36 | INFO | src.tmc_shapley_islands | Add-curve (mean): 6 islands, n=1297 -> corr=0.1277
2026-03-05 00:52:36 | INFO | src.tmc_shapley_islands | Add-curve (mean): 7 islands, n=1460 -> corr=0.1366
2026-03-05 00:52:37 | INFO | src.tmc_shapley_islands | Add-curve (mean): 8 islands, n=2043 -> corr=0.1753
2026-03-05 00:52:38 | INFO | src.tmc_shapley_islands | Add-curve (mean): 9 islands, n=2329 -> corr=0.1703
2026-03-05 00:52:39 | INFO | src.tmc_shapley_islands | Add-curve (mean): 10 islands, n=2912 -> corr=0.1423
2026-03-05 00:52:41 | INFO | src.tmc_shapley_islands | Add-curve (mean): 11 islands, n=3467 -> corr=0.1117
2026-03-05 00:52:43 | INFO | src.tmc_shapley_islands | Add-curve (mean): 12 islands, n=4530 -> corr=0.1308
2026-03-05 00:52:45 | INFO | src.tmc_shapley_islands | Add-curve (mean): 13 islands, n=4622 -> corr=0.1209
2026-03-05 00:52:47 | INFO | src.tmc_shapley_islands | Add-curve (mean): 14 islands, n=4816 -> corr=0.1146
2026-03-05 00:52:49 | INFO | src.tmc_shapley_islands | Add-curve (mean): 15 islands, n=5164 -> corr=0.1068
2026-03-05 00:53:00 | INFO | src.tmc_shapley_islands | Random individual add-curve (seed=0) complete
2026-03-05 00:53:12 | INFO | src.tmc_shapley_islands | Random individual add-curve (seed=1) complete
2026-03-05 00:53:23 | INFO | src.tmc_shapley_islands | Random individual add-curve (seed=2) complete
2026-03-05 00:53:34 | INFO | src.tmc_shapley_islands | Random individual add-curve (seed=3) complete
2026-03-05 00:53:45 | INFO | src.tmc_shapley_islands | Random individual add-curve (seed=4) complete
2026-03-05 00:53:45 | INFO | src.tmc_shapley_islands | Building mirrored remove-islands curve from add-islands curve...
2026-03-05 00:53:45 | INFO | src.tmc_shapley_islands | Saved Shapley values to outputs/tmc_shapley_sweep_all_traits/shards/shard_010/tarsus/tmp/shapley_island_values_target_14.csv
2026-03-05 00:53:45 | INFO | src.tmc_shapley_islands | Saved summary to outputs/tmc_shapley_sweep_all_traits/shards/shard_010/tarsus/tmp/tmc_summary_target_14.json
2026-03-05 00:53:45 | INFO | src.tmc_shapley_islands | Saved intermediate ranking trace to outputs/tmc_shapley_sweep_all_traits/shards/shard_010/tarsus/tmp/tmc_intermediate_rankings_target_14.csv
2026-03-05 00:53:45 | INFO | src.tmc_shapley_islands | Saved add-curve to outputs/tmc_shapley_sweep_all_traits/shards/shard_010/tarsus/tmp/add_curve_target_14.csv
2026-03-05 00:53:45 | INFO | src.tmc_shapley_islands | Saved remove-curve to outputs/tmc_shapley_sweep_all_traits/shards/shard_010/tarsus/tmp/remove_curve_target_14.csv
2026-03-05 00:53:45 | INFO | src.tmc_shapley_islands | Saved bar plot to outputs/tmc_shapley_sweep_all_traits/shards/shard_010/tarsus/tmp/shapley_bar_target_14.png
2026-03-05 00:53:46 | INFO | src.tmc_shapley_islands | Saved add-curve plot to outputs/tmc_shapley_sweep_all_traits/shards/shard_010/tarsus/tmp/add_curve_target_14.png
2026-03-05 00:53:46 | INFO | src.tmc_shapley_islands | Saved remove-curve plot to outputs/tmc_shapley_sweep_all_traits/shards/shard_010/tarsus/tmp/remove_curve_target_14.png
2026-03-05 00:53:46 | INFO | __main__ | Shard 10 complete. Output: outputs/tmc_shapley_sweep_all_traits/shards/shard_010
