2026-03-04 14:41:38 | INFO | __main__ | Trait-level sharding enabled: 30 shards = 10 repeats x 3 trait groups (1 traits per group).
2026-03-04 14:41:38 | INFO | __main__ | Using device: cpu
2026-03-04 14:41:38 | INFO | __main__ | Sharding mode: repeat+trait (num_shards=30, n_repeats=10, trait_multiplier=3). This shard handles repeats=[6], traits=['body_mass'].
2026-03-04 14:41:38 | INFO | __main__ | Loading data for trait 'body_mass'...
2026-03-04 14:41:38 | INFO | src.data | Loading data from NPZ: Data/npz/snp_body_mass_ALL.npz
2026-03-04 14:41:48 | INFO | __main__ | Trait 'body_mass': 5697 samples, 65344 SNPs, 16 islands
2026-03-04 14:41:48 | INFO | __main__ | Worker shard=18/30 trait=body_mass | repeats=[6] | perms=[10, 20, 40, 80, 150] | n_cal_samples=[10, 20, 40, 80, 150] | targets=[3, 5, 14]
2026-03-04 14:41:48 | INFO | __main__ | Shard 18/30 trait=body_mass progress 1/75 | target=3 n_cal_samples=10 perm=10 repeat=6
2026-03-04 14:41:48 | INFO | src.tmc_shapley_islands | [Shapley] Target island: 3 (Selvær), source islands: 15
2026-03-04 14:41:49 | INFO | src.tmc_shapley_islands | Data: source=5503 (across 15 islands), cal=10, test=44
2026-03-04 14:41:49 | INFO | src.tmc_shapley_islands | SNP selection: using fixed precomputed subset (n=20000)
2026-03-04 14:41:49 | INFO | src.tmc_shapley_islands | Island counts (capped to None in training):
  Nesøy: n=119
  Myken: n=92
  Træna: n=292
  Gjerøy: n=558
  Hestmannøy: n=1078
  Indre Kvarøy: n=356
  Onøy og Lurøy: n=259
  Lovund: n=158
  Sleneset: n=166
  Aldra: n=173
  Southern 1: n=583
  Southern 2: n=397
  Southern 3: n=584
  Southern 4: n=486
  Southern 5: n=202
2026-03-04 14:41:49 | INFO | src.tmc_shapley_islands | Running TMC-Shapley with 10 permutations (utility on cal set)...
2026-03-04 14:41:49 | INFO | src.tmc_shapley_islands | Computing V_full over all 15 source islands...
2026-03-04 14:41:51 | INFO | src.tmc_shapley_islands | V_full = 0.1730
2026-03-04 14:42:27 | INFO | src.tmc_shapley_islands | TMC progress: 2/10 permutations done, cache hit rate: 6.5%, n_evals: 29
2026-03-04 14:43:00 | INFO | src.tmc_shapley_islands | TMC progress: 4/10 permutations done, cache hit rate: 6.6%, n_evals: 57
2026-03-04 14:43:29 | INFO | src.tmc_shapley_islands | TMC progress: 6/10 permutations done, cache hit rate: 7.7%, n_evals: 84
2026-03-04 14:44:01 | INFO | src.tmc_shapley_islands | TMC progress: 8/10 permutations done, cache hit rate: 9.9%, n_evals: 109
2026-03-04 14:44:28 | INFO | src.tmc_shapley_islands | TMC progress: 10/10 permutations done, cache hit rate: 11.3%, n_evals: 134
2026-03-04 14:44:28 | INFO | src.tmc_shapley_islands | TMC complete: 10 permutations, 0 truncated, 134 utility evals, cache hit rate: 11.3%
2026-03-04 14:44:28 | INFO | src.tmc_shapley_islands | Shapley values (phi, computed on cal set):
2026-03-04 14:44:28 | INFO | src.tmc_shapley_islands |   Nesøy: phi=0.019450, phi/n=0.00016345
2026-03-04 14:44:28 | INFO | src.tmc_shapley_islands |   Myken: phi=0.190671, phi/n=0.00207251
2026-03-04 14:44:28 | INFO | src.tmc_shapley_islands |   Træna: phi=0.156515, phi/n=0.00053601
2026-03-04 14:44:28 | INFO | src.tmc_shapley_islands |   Gjerøy: phi=0.105297, phi/n=0.00018870
2026-03-04 14:44:28 | INFO | src.tmc_shapley_islands |   Hestmannøy: phi=-0.183693, phi/n=-0.00017040
2026-03-04 14:44:28 | INFO | src.tmc_shapley_islands |   Indre Kvarøy: phi=-0.101203, phi/n=-0.00028428
2026-03-04 14:44:28 | INFO | src.tmc_shapley_islands |   Onøy og Lurøy: phi=-0.096589, phi/n=-0.00037293
2026-03-04 14:44:28 | INFO | src.tmc_shapley_islands |   Lovund: phi=0.036967, phi/n=0.00023397
2026-03-04 14:44:28 | INFO | src.tmc_shapley_islands |   Sleneset: phi=-0.265591, phi/n=-0.00159995
2026-03-04 14:44:28 | INFO | src.tmc_shapley_islands |   Aldra: phi=0.057365, phi/n=0.00033159
2026-03-04 14:44:28 | INFO | src.tmc_shapley_islands |   Southern 1: phi=0.027572, phi/n=0.00004729
2026-03-04 14:44:28 | INFO | src.tmc_shapley_islands |   Southern 2: phi=-0.003761, phi/n=-0.00000947
2026-03-04 14:44:28 | INFO | src.tmc_shapley_islands |   Southern 3: phi=0.045854, phi/n=0.00007852
2026-03-04 14:44:28 | INFO | src.tmc_shapley_islands |   Southern 4: phi=0.010784, phi/n=0.00002219
2026-03-04 14:44:28 | INFO | src.tmc_shapley_islands |   Southern 5: phi=0.173408, phi/n=0.00085845
2026-03-04 14:44:28 | INFO | src.tmc_shapley_islands | Curve retraining early stopping: enabled=True, patience=20
2026-03-04 14:44:28 | INFO | src.tmc_shapley_islands | Computing add-islands curve (evaluated on test set)...
2026-03-04 14:44:28 | INFO | src.tmc_shapley_islands | Add-curve (mean): 1 islands, n=92 -> corr=0.1932
2026-03-04 14:44:29 | INFO | src.tmc_shapley_islands | Add-curve (mean): 2 islands, n=294 -> corr=0.2975
2026-03-04 14:44:29 | INFO | src.tmc_shapley_islands | Add-curve (mean): 3 islands, n=586 -> corr=0.4001
2026-03-04 14:44:29 | INFO | src.tmc_shapley_islands | Add-curve (mean): 4 islands, n=759 -> corr=0.3876
2026-03-04 14:44:29 | INFO | src.tmc_shapley_islands | Add-curve (mean): 5 islands, n=917 -> corr=0.4150
2026-03-04 14:44:30 | INFO | src.tmc_shapley_islands | Add-curve (mean): 6 islands, n=1475 -> corr=0.4161
2026-03-04 14:44:30 | INFO | src.tmc_shapley_islands | Add-curve (mean): 7 islands, n=1594 -> corr=0.3996
2026-03-04 14:44:31 | INFO | src.tmc_shapley_islands | Add-curve (mean): 8 islands, n=2178 -> corr=0.4465
2026-03-04 14:44:32 | INFO | src.tmc_shapley_islands | Add-curve (mean): 9 islands, n=2761 -> corr=0.4292
2026-03-04 14:44:33 | INFO | src.tmc_shapley_islands | Add-curve (mean): 10 islands, n=3247 -> corr=0.4526
2026-03-04 14:44:35 | INFO | src.tmc_shapley_islands | Add-curve (mean): 11 islands, n=3644 -> corr=0.4168
2026-03-04 14:44:37 | INFO | src.tmc_shapley_islands | Add-curve (mean): 12 islands, n=4722 -> corr=0.4124
2026-03-04 14:44:39 | INFO | src.tmc_shapley_islands | Add-curve (mean): 13 islands, n=5078 -> corr=0.4163
2026-03-04 14:44:41 | INFO | src.tmc_shapley_islands | Add-curve (mean): 14 islands, n=5337 -> corr=0.4383
2026-03-04 14:44:44 | INFO | src.tmc_shapley_islands | Add-curve (mean): 15 islands, n=5503 -> corr=0.4332
2026-03-04 14:44:54 | INFO | src.tmc_shapley_islands | Random individual add-curve (seed=0) complete
2026-03-04 14:45:04 | INFO | src.tmc_shapley_islands | Random individual add-curve (seed=1) complete
2026-03-04 14:45:14 | INFO | src.tmc_shapley_islands | Random individual add-curve (seed=2) complete
2026-03-04 14:45:25 | INFO | src.tmc_shapley_islands | Random individual add-curve (seed=3) complete
2026-03-04 14:45:36 | INFO | src.tmc_shapley_islands | Random individual add-curve (seed=4) complete
2026-03-04 14:45:36 | INFO | src.tmc_shapley_islands | Building mirrored remove-islands curve from add-islands curve...
2026-03-04 14:45:36 | INFO | src.tmc_shapley_islands | Saved Shapley values to outputs/tmc_shapley_sweep_all_traits/shards/shard_018/body_mass/tmp/shapley_island_values_target_3.csv
2026-03-04 14:45:36 | INFO | src.tmc_shapley_islands | Saved summary to outputs/tmc_shapley_sweep_all_traits/shards/shard_018/body_mass/tmp/tmc_summary_target_3.json
2026-03-04 14:45:36 | INFO | src.tmc_shapley_islands | Saved intermediate ranking trace to outputs/tmc_shapley_sweep_all_traits/shards/shard_018/body_mass/tmp/tmc_intermediate_rankings_target_3.csv
2026-03-04 14:45:36 | INFO | src.tmc_shapley_islands | Saved add-curve to outputs/tmc_shapley_sweep_all_traits/shards/shard_018/body_mass/tmp/add_curve_target_3.csv
2026-03-04 14:45:36 | INFO | src.tmc_shapley_islands | Saved remove-curve to outputs/tmc_shapley_sweep_all_traits/shards/shard_018/body_mass/tmp/remove_curve_target_3.csv
2026-03-04 14:45:37 | INFO | src.tmc_shapley_islands | Saved bar plot to outputs/tmc_shapley_sweep_all_traits/shards/shard_018/body_mass/tmp/shapley_bar_target_3.png
2026-03-04 14:45:37 | INFO | src.tmc_shapley_islands | Saved add-curve plot to outputs/tmc_shapley_sweep_all_traits/shards/shard_018/body_mass/tmp/add_curve_target_3.png
2026-03-04 14:45:38 | INFO | src.tmc_shapley_islands | Saved remove-curve plot to outputs/tmc_shapley_sweep_all_traits/shards/shard_018/body_mass/tmp/remove_curve_target_3.png
2026-03-04 14:45:38 | INFO | __main__ | Shard 18/30 trait=body_mass progress 2/75 | target=3 n_cal_samples=10 perm=20 repeat=6
2026-03-04 14:45:38 | INFO | src.tmc_shapley_islands | [Shapley] Target island: 3 (Selvær), source islands: 15
2026-03-04 14:45:39 | INFO | src.tmc_shapley_islands | Data: source=5503 (across 15 islands), cal=10, test=44
2026-03-04 14:45:39 | INFO | src.tmc_shapley_islands | SNP selection: using fixed precomputed subset (n=20000)
2026-03-04 14:45:39 | INFO | src.tmc_shapley_islands | Island counts (capped to None in training):
  Nesøy: n=119
  Myken: n=92
  Træna: n=292
  Gjerøy: n=558
  Hestmannøy: n=1078
  Indre Kvarøy: n=356
  Onøy og Lurøy: n=259
  Lovund: n=158
  Sleneset: n=166
  Aldra: n=173
  Southern 1: n=583
  Southern 2: n=397
  Southern 3: n=584
  Southern 4: n=486
  Southern 5: n=202
2026-03-04 14:45:39 | INFO | src.tmc_shapley_islands | Loaded 134 cached utilities from outputs/tmc_shapley_sweep_all_traits/cache/body_mass/utility_cache_target_3_seed_203572148.json
2026-03-04 14:45:39 | INFO | src.tmc_shapley_islands | Running TMC-Shapley with 20 permutations (utility on cal set)...
2026-03-04 14:45:39 | INFO | src.tmc_shapley_islands | Computing V_full over all 15 source islands...
2026-03-04 14:45:39 | INFO | src.tmc_shapley_islands | V_full = 0.1730
2026-03-04 14:45:39 | INFO | src.tmc_shapley_islands | TMC head-start: loaded 10 completed permutations from state outputs/tmc_shapley_sweep_all_traits/cache/body_mass/tmc_perm_state_target_3_seed_203572148.json
2026-03-04 14:46:05 | INFO | src.tmc_shapley_islands | TMC progress: 12/20 permutations done, cache hit rate: 12.9%, n_evals: 27
2026-03-04 14:47:07 | INFO | src.tmc_shapley_islands | TMC progress: 16/20 permutations done, cache hit rate: 15.4%, n_evals: 77
2026-03-04 14:48:04 | INFO | src.tmc_shapley_islands | TMC progress: 20/20 permutations done, cache hit rate: 14.6%, n_evals: 129
2026-03-04 14:48:04 | INFO | src.tmc_shapley_islands | TMC complete: 20 permutations, 0 truncated, 129 utility evals, cache hit rate: 14.6%
2026-03-04 14:48:04 | INFO | src.tmc_shapley_islands | Shapley values (phi, computed on cal set):
2026-03-04 14:48:04 | INFO | src.tmc_shapley_islands |   Nesøy: phi=0.059248, phi/n=0.00049788
2026-03-04 14:48:04 | INFO | src.tmc_shapley_islands |   Myken: phi=0.211985, phi/n=0.00230419
2026-03-04 14:48:04 | INFO | src.tmc_shapley_islands |   Træna: phi=0.103008, phi/n=0.00035277
2026-03-04 14:48:04 | INFO | src.tmc_shapley_islands |   Gjerøy: phi=0.105418, phi/n=0.00018892
2026-03-04 14:48:04 | INFO | src.tmc_shapley_islands |   Hestmannøy: phi=-0.173335, phi/n=-0.00016079
2026-03-04 14:48:04 | INFO | src.tmc_shapley_islands |   Indre Kvarøy: phi=-0.090400, phi/n=-0.00025393
2026-03-04 14:48:04 | INFO | src.tmc_shapley_islands |   Onøy og Lurøy: phi=-0.105486, phi/n=-0.00040728
2026-03-04 14:48:04 | INFO | src.tmc_shapley_islands |   Lovund: phi=0.060611, phi/n=0.00038362
2026-03-04 14:48:04 | INFO | src.tmc_shapley_islands |   Sleneset: phi=-0.263493, phi/n=-0.00158731
2026-03-04 14:48:04 | INFO | src.tmc_shapley_islands |   Aldra: phi=0.083246, phi/n=0.00048119
2026-03-04 14:48:04 | INFO | src.tmc_shapley_islands |   Southern 1: phi=0.009709, phi/n=0.00001665
2026-03-04 14:48:04 | INFO | src.tmc_shapley_islands |   Southern 2: phi=-0.009653, phi/n=-0.00002431
2026-03-04 14:48:04 | INFO | src.tmc_shapley_islands |   Southern 3: phi=0.068664, phi/n=0.00011758
2026-03-04 14:48:04 | INFO | src.tmc_shapley_islands |   Southern 4: phi=-0.006633, phi/n=-0.00001365
2026-03-04 14:48:04 | INFO | src.tmc_shapley_islands |   Southern 5: phi=0.120157, phi/n=0.00059484
2026-03-04 14:48:04 | INFO | src.tmc_shapley_islands | Curve retraining early stopping: enabled=True, patience=20
2026-03-04 14:48:04 | INFO | src.tmc_shapley_islands | Computing add-islands curve (evaluated on test set)...
2026-03-04 14:48:04 | INFO | src.tmc_shapley_islands | Add-curve (mean): 1 islands, n=92 -> corr=0.1932
2026-03-04 14:48:04 | INFO | src.tmc_shapley_islands | Add-curve (mean): 2 islands, n=294 -> corr=0.2975
2026-03-04 14:48:04 | INFO | src.tmc_shapley_islands | Add-curve (mean): 3 islands, n=413 -> corr=0.2330
2026-03-04 14:48:05 | INFO | src.tmc_shapley_islands | Add-curve (mean): 4 islands, n=586 -> corr=0.1927
2026-03-04 14:48:05 | INFO | src.tmc_shapley_islands | Add-curve (mean): 5 islands, n=744 -> corr=0.2496
2026-03-04 14:48:05 | INFO | src.tmc_shapley_islands | Add-curve (mean): 6 islands, n=1036 -> corr=0.3938
2026-03-04 14:48:06 | INFO | src.tmc_shapley_islands | Add-curve (mean): 7 islands, n=1594 -> corr=0.3996
2026-03-04 14:48:07 | INFO | src.tmc_shapley_islands | Add-curve (mean): 8 islands, n=2178 -> corr=0.4465
2026-03-04 14:48:08 | INFO | src.tmc_shapley_islands | Add-curve (mean): 9 islands, n=2761 -> corr=0.4292
2026-03-04 14:48:09 | INFO | src.tmc_shapley_islands | Add-curve (mean): 10 islands, n=3247 -> corr=0.4526
2026-03-04 14:48:10 | INFO | src.tmc_shapley_islands | Add-curve (mean): 11 islands, n=3644 -> corr=0.4168
2026-03-04 14:48:12 | INFO | src.tmc_shapley_islands | Add-curve (mean): 12 islands, n=4722 -> corr=0.4124
2026-03-04 14:48:14 | INFO | src.tmc_shapley_islands | Add-curve (mean): 13 islands, n=5078 -> corr=0.4163
2026-03-04 14:48:17 | INFO | src.tmc_shapley_islands | Add-curve (mean): 14 islands, n=5337 -> corr=0.4383
2026-03-04 14:48:20 | INFO | src.tmc_shapley_islands | Add-curve (mean): 15 islands, n=5503 -> corr=0.4332
2026-03-04 14:48:30 | INFO | src.tmc_shapley_islands | Random individual add-curve (seed=0) complete
2026-03-04 14:48:40 | INFO | src.tmc_shapley_islands | Random individual add-curve (seed=1) complete
2026-03-04 14:48:50 | INFO | src.tmc_shapley_islands | Random individual add-curve (seed=2) complete
2026-03-04 14:49:01 | INFO | src.tmc_shapley_islands | Random individual add-curve (seed=3) complete
2026-03-04 14:49:11 | INFO | src.tmc_shapley_islands | Random individual add-curve (seed=4) complete
2026-03-04 14:49:11 | INFO | src.tmc_shapley_islands | Building mirrored remove-islands curve from add-islands curve...
2026-03-04 14:49:11 | INFO | src.tmc_shapley_islands | Saved Shapley values to outputs/tmc_shapley_sweep_all_traits/shards/shard_018/body_mass/tmp/shapley_island_values_target_3.csv
2026-03-04 14:49:11 | INFO | src.tmc_shapley_islands | Saved summary to outputs/tmc_shapley_sweep_all_traits/shards/shard_018/body_mass/tmp/tmc_summary_target_3.json
2026-03-04 14:49:11 | INFO | src.tmc_shapley_islands | Saved intermediate ranking trace to outputs/tmc_shapley_sweep_all_traits/shards/shard_018/body_mass/tmp/tmc_intermediate_rankings_target_3.csv
2026-03-04 14:49:11 | INFO | src.tmc_shapley_islands | Saved add-curve to outputs/tmc_shapley_sweep_all_traits/shards/shard_018/body_mass/tmp/add_curve_target_3.csv
2026-03-04 14:49:11 | INFO | src.tmc_shapley_islands | Saved remove-curve to outputs/tmc_shapley_sweep_all_traits/shards/shard_018/body_mass/tmp/remove_curve_target_3.csv
2026-03-04 14:49:11 | INFO | src.tmc_shapley_islands | Saved bar plot to outputs/tmc_shapley_sweep_all_traits/shards/shard_018/body_mass/tmp/shapley_bar_target_3.png
2026-03-04 14:49:12 | INFO | src.tmc_shapley_islands | Saved add-curve plot to outputs/tmc_shapley_sweep_all_traits/shards/shard_018/body_mass/tmp/add_curve_target_3.png
2026-03-04 14:49:12 | INFO | src.tmc_shapley_islands | Saved remove-curve plot to outputs/tmc_shapley_sweep_all_traits/shards/shard_018/body_mass/tmp/remove_curve_target_3.png
2026-03-04 14:49:12 | INFO | __main__ | Shard 18/30 trait=body_mass progress 3/75 | target=3 n_cal_samples=10 perm=40 repeat=6
2026-03-04 14:49:12 | INFO | src.tmc_shapley_islands | [Shapley] Target island: 3 (Selvær), source islands: 15
2026-03-04 14:49:13 | INFO | src.tmc_shapley_islands | Data: source=5503 (across 15 islands), cal=10, test=44
2026-03-04 14:49:13 | INFO | src.tmc_shapley_islands | SNP selection: using fixed precomputed subset (n=20000)
2026-03-04 14:49:13 | INFO | src.tmc_shapley_islands | Island counts (capped to None in training):
  Nesøy: n=119
  Myken: n=92
  Træna: n=292
  Gjerøy: n=558
  Hestmannøy: n=1078
  Indre Kvarøy: n=356
  Onøy og Lurøy: n=259
  Lovund: n=158
  Sleneset: n=166
  Aldra: n=173
  Southern 1: n=583
  Southern 2: n=397
  Southern 3: n=584
  Southern 4: n=486
  Southern 5: n=202
2026-03-04 14:49:13 | INFO | src.tmc_shapley_islands | Loaded 263 cached utilities from outputs/tmc_shapley_sweep_all_traits/cache/body_mass/utility_cache_target_3_seed_203572148.json
2026-03-04 14:49:13 | INFO | src.tmc_shapley_islands | Running TMC-Shapley with 40 permutations (utility on cal set)...
2026-03-04 14:49:13 | INFO | src.tmc_shapley_islands | Computing V_full over all 15 source islands...
2026-03-04 14:49:13 | INFO | src.tmc_shapley_islands | V_full = 0.1730
2026-03-04 14:49:13 | INFO | src.tmc_shapley_islands | TMC head-start: loaded 20 completed permutations from state outputs/tmc_shapley_sweep_all_traits/cache/body_mass/tmc_perm_state_target_3_seed_203572148.json
2026-03-04 14:49:55 | INFO | src.tmc_shapley_islands | TMC progress: 24/40 permutations done, cache hit rate: 26.2%, n_evals: 45
2026-03-04 14:51:26 | INFO | src.tmc_shapley_islands | TMC progress: 32/40 permutations done, cache hit rate: 25.4%, n_evals: 135
2026-03-04 14:52:55 | INFO | src.tmc_shapley_islands | TMC progress: 40/40 permutations done, cache hit rate: 25.6%, n_evals: 224
2026-03-04 14:52:55 | INFO | src.tmc_shapley_islands | TMC complete: 40 permutations, 0 truncated, 224 utility evals, cache hit rate: 25.6%
2026-03-04 14:52:55 | INFO | src.tmc_shapley_islands | Shapley values (phi, computed on cal set):
2026-03-04 14:52:55 | INFO | src.tmc_shapley_islands |   Nesøy: phi=0.045737, phi/n=0.00038434
2026-03-04 14:52:55 | INFO | src.tmc_shapley_islands |   Myken: phi=0.217905, phi/n=0.00236853
2026-03-04 14:52:55 | INFO | src.tmc_shapley_islands |   Træna: phi=0.096778, phi/n=0.00033143
2026-03-04 14:52:55 | INFO | src.tmc_shapley_islands |   Gjerøy: phi=0.112555, phi/n=0.00020171
2026-03-04 14:52:55 | INFO | src.tmc_shapley_islands |   Hestmannøy: phi=-0.156182, phi/n=-0.00014488
2026-03-04 14:52:55 | INFO | src.tmc_shapley_islands |   Indre Kvarøy: phi=-0.097255, phi/n=-0.00027319
2026-03-04 14:52:55 | INFO | src.tmc_shapley_islands |   Onøy og Lurøy: phi=-0.151374, phi/n=-0.00058445
2026-03-04 14:52:55 | INFO | src.tmc_shapley_islands |   Lovund: phi=0.051678, phi/n=0.00032707
2026-03-04 14:52:55 | INFO | src.tmc_shapley_islands |   Sleneset: phi=-0.244534, phi/n=-0.00147310
2026-03-04 14:52:55 | INFO | src.tmc_shapley_islands |   Aldra: phi=0.084586, phi/n=0.00048894
2026-03-04 14:52:55 | INFO | src.tmc_shapley_islands |   Southern 1: phi=0.001691, phi/n=0.00000290
2026-03-04 14:52:55 | INFO | src.tmc_shapley_islands |   Southern 2: phi=-0.000372, phi/n=-0.00000094
2026-03-04 14:52:55 | INFO | src.tmc_shapley_islands |   Southern 3: phi=0.094685, phi/n=0.00016213
2026-03-04 14:52:55 | INFO | src.tmc_shapley_islands |   Southern 4: phi=-0.004845, phi/n=-0.00000997
2026-03-04 14:52:55 | INFO | src.tmc_shapley_islands |   Southern 5: phi=0.121994, phi/n=0.00060393
2026-03-04 14:52:55 | INFO | src.tmc_shapley_islands | Curve retraining early stopping: enabled=True, patience=20
2026-03-04 14:52:55 | INFO | src.tmc_shapley_islands | Computing add-islands curve (evaluated on test set)...
2026-03-04 14:52:55 | INFO | src.tmc_shapley_islands | Add-curve (mean): 1 islands, n=92 -> corr=0.1932
2026-03-04 14:52:55 | INFO | src.tmc_shapley_islands | Add-curve (mean): 2 islands, n=294 -> corr=0.2975
2026-03-04 14:52:55 | INFO | src.tmc_shapley_islands | Add-curve (mean): 3 islands, n=467 -> corr=0.2492
2026-03-04 14:52:55 | INFO | src.tmc_shapley_islands | Add-curve (mean): 4 islands, n=586 -> corr=0.1927
2026-03-04 14:52:56 | INFO | src.tmc_shapley_islands | Add-curve (mean): 5 islands, n=878 -> corr=0.3638
2026-03-04 14:52:56 | INFO | src.tmc_shapley_islands | Add-curve (mean): 6 islands, n=1036 -> corr=0.3938
2026-03-04 14:52:57 | INFO | src.tmc_shapley_islands | Add-curve (mean): 7 islands, n=1594 -> corr=0.3996
2026-03-04 14:52:58 | INFO | src.tmc_shapley_islands | Add-curve (mean): 8 islands, n=2178 -> corr=0.4465
2026-03-04 14:52:59 | INFO | src.tmc_shapley_islands | Add-curve (mean): 9 islands, n=2761 -> corr=0.4292
2026-03-04 14:53:00 | INFO | src.tmc_shapley_islands | Add-curve (mean): 10 islands, n=3158 -> corr=0.3960
2026-03-04 14:53:01 | INFO | src.tmc_shapley_islands | Add-curve (mean): 11 islands, n=3644 -> corr=0.4168
2026-03-04 14:53:03 | INFO | src.tmc_shapley_islands | Add-curve (mean): 12 islands, n=4722 -> corr=0.4124
2026-03-04 14:53:06 | INFO | src.tmc_shapley_islands | Add-curve (mean): 13 islands, n=5078 -> corr=0.4163
2026-03-04 14:53:08 | INFO | src.tmc_shapley_islands | Add-curve (mean): 14 islands, n=5337 -> corr=0.4383
2026-03-04 14:53:11 | INFO | src.tmc_shapley_islands | Add-curve (mean): 15 islands, n=5503 -> corr=0.4332
2026-03-04 14:53:21 | INFO | src.tmc_shapley_islands | Random individual add-curve (seed=0) complete
2026-03-04 14:53:31 | INFO | src.tmc_shapley_islands | Random individual add-curve (seed=1) complete
2026-03-04 14:53:41 | INFO | src.tmc_shapley_islands | Random individual add-curve (seed=2) complete
2026-03-04 14:53:51 | INFO | src.tmc_shapley_islands | Random individual add-curve (seed=3) complete
2026-03-04 14:54:01 | INFO | src.tmc_shapley_islands | Random individual add-curve (seed=4) complete
2026-03-04 14:54:01 | INFO | src.tmc_shapley_islands | Building mirrored remove-islands curve from add-islands curve...
2026-03-04 14:54:01 | INFO | src.tmc_shapley_islands | Saved Shapley values to outputs/tmc_shapley_sweep_all_traits/shards/shard_018/body_mass/tmp/shapley_island_values_target_3.csv
2026-03-04 14:54:01 | INFO | src.tmc_shapley_islands | Saved summary to outputs/tmc_shapley_sweep_all_traits/shards/shard_018/body_mass/tmp/tmc_summary_target_3.json
2026-03-04 14:54:01 | INFO | src.tmc_shapley_islands | Saved intermediate ranking trace to outputs/tmc_shapley_sweep_all_traits/shards/shard_018/body_mass/tmp/tmc_intermediate_rankings_target_3.csv
2026-03-04 14:54:01 | INFO | src.tmc_shapley_islands | Saved add-curve to outputs/tmc_shapley_sweep_all_traits/shards/shard_018/body_mass/tmp/add_curve_target_3.csv
2026-03-04 14:54:01 | INFO | src.tmc_shapley_islands | Saved remove-curve to outputs/tmc_shapley_sweep_all_traits/shards/shard_018/body_mass/tmp/remove_curve_target_3.csv
2026-03-04 14:54:01 | INFO | src.tmc_shapley_islands | Saved bar plot to outputs/tmc_shapley_sweep_all_traits/shards/shard_018/body_mass/tmp/shapley_bar_target_3.png
2026-03-04 14:54:02 | INFO | src.tmc_shapley_islands | Saved add-curve plot to outputs/tmc_shapley_sweep_all_traits/shards/shard_018/body_mass/tmp/add_curve_target_3.png
2026-03-04 14:54:02 | INFO | src.tmc_shapley_islands | Saved remove-curve plot to outputs/tmc_shapley_sweep_all_traits/shards/shard_018/body_mass/tmp/remove_curve_target_3.png
2026-03-04 14:54:02 | INFO | __main__ | Shard 18/30 trait=body_mass progress 4/75 | target=3 n_cal_samples=10 perm=80 repeat=6
2026-03-04 14:54:02 | INFO | src.tmc_shapley_islands | [Shapley] Target island: 3 (Selvær), source islands: 15
2026-03-04 14:54:03 | INFO | src.tmc_shapley_islands | Data: source=5503 (across 15 islands), cal=10, test=44
2026-03-04 14:54:03 | INFO | src.tmc_shapley_islands | SNP selection: using fixed precomputed subset (n=20000)
2026-03-04 14:54:03 | INFO | src.tmc_shapley_islands | Island counts (capped to None in training):
  Nesøy: n=119
  Myken: n=92
  Træna: n=292
  Gjerøy: n=558
  Hestmannøy: n=1078
  Indre Kvarøy: n=356
  Onøy og Lurøy: n=259
  Lovund: n=158
  Sleneset: n=166
  Aldra: n=173
  Southern 1: n=583
  Southern 2: n=397
  Southern 3: n=584
  Southern 4: n=486
  Southern 5: n=202
2026-03-04 14:54:03 | INFO | src.tmc_shapley_islands | Loaded 487 cached utilities from outputs/tmc_shapley_sweep_all_traits/cache/body_mass/utility_cache_target_3_seed_203572148.json
2026-03-04 14:54:03 | INFO | src.tmc_shapley_islands | Running TMC-Shapley with 80 permutations (utility on cal set)...
2026-03-04 14:54:03 | INFO | src.tmc_shapley_islands | Computing V_full over all 15 source islands...
2026-03-04 14:54:03 | INFO | src.tmc_shapley_islands | V_full = 0.1730
2026-03-04 14:54:03 | INFO | src.tmc_shapley_islands | TMC head-start: loaded 40 completed permutations from state outputs/tmc_shapley_sweep_all_traits/cache/body_mass/tmc_perm_state_target_3_seed_203572148.json
2026-03-04 14:55:36 | INFO | src.tmc_shapley_islands | TMC progress: 48/80 permutations done, cache hit rate: 29.8%, n_evals: 85
2026-03-04 14:58:45 | INFO | src.tmc_shapley_islands | TMC progress: 64/80 permutations done, cache hit rate: 29.4%, n_evals: 255
2026-03-04 15:01:59 | INFO | src.tmc_shapley_islands | TMC progress: 80/80 permutations done, cache hit rate: 28.1%, n_evals: 432
2026-03-04 15:01:59 | INFO | src.tmc_shapley_islands | TMC complete: 80 permutations, 0 truncated, 432 utility evals, cache hit rate: 28.1%
2026-03-04 15:01:59 | INFO | src.tmc_shapley_islands | Shapley values (phi, computed on cal set):
2026-03-04 15:01:59 | INFO | src.tmc_shapley_islands |   Nesøy: phi=0.043920, phi/n=0.00036907
2026-03-04 15:01:59 | INFO | src.tmc_shapley_islands |   Myken: phi=0.216479, phi/n=0.00235303
2026-03-04 15:01:59 | INFO | src.tmc_shapley_islands |   Træna: phi=0.095914, phi/n=0.00032847
2026-03-04 15:01:59 | INFO | src.tmc_shapley_islands |   Gjerøy: phi=0.108803, phi/n=0.00019499
2026-03-04 15:01:59 | INFO | src.tmc_shapley_islands |   Hestmannøy: phi=-0.148019, phi/n=-0.00013731
2026-03-04 15:01:59 | INFO | src.tmc_shapley_islands |   Indre Kvarøy: phi=-0.115478, phi/n=-0.00032438
2026-03-04 15:01:59 | INFO | src.tmc_shapley_islands |   Onøy og Lurøy: phi=-0.146179, phi/n=-0.00056440
2026-03-04 15:01:59 | INFO | src.tmc_shapley_islands |   Lovund: phi=0.045921, phi/n=0.00029064
2026-03-04 15:01:59 | INFO | src.tmc_shapley_islands |   Sleneset: phi=-0.242498, phi/n=-0.00146083
2026-03-04 15:01:59 | INFO | src.tmc_shapley_islands |   Aldra: phi=0.102007, phi/n=0.00058963
2026-03-04 15:01:59 | INFO | src.tmc_shapley_islands |   Southern 1: phi=0.000756, phi/n=0.00000130
2026-03-04 15:01:59 | INFO | src.tmc_shapley_islands |   Southern 2: phi=-0.002375, phi/n=-0.00000598
2026-03-04 15:01:59 | INFO | src.tmc_shapley_islands |   Southern 3: phi=0.101962, phi/n=0.00017459
2026-03-04 15:01:59 | INFO | src.tmc_shapley_islands |   Southern 4: phi=-0.004969, phi/n=-0.00001022
2026-03-04 15:01:59 | INFO | src.tmc_shapley_islands |   Southern 5: phi=0.116799, phi/n=0.00057821
2026-03-04 15:01:59 | INFO | src.tmc_shapley_islands | Curve retraining early stopping: enabled=True, patience=20
2026-03-04 15:01:59 | INFO | src.tmc_shapley_islands | Computing add-islands curve (evaluated on test set)...
2026-03-04 15:01:59 | INFO | src.tmc_shapley_islands | Add-curve (mean): 1 islands, n=92 -> corr=0.1932
2026-03-04 15:01:59 | INFO | src.tmc_shapley_islands | Add-curve (mean): 2 islands, n=265 -> corr=0.1269
2026-03-04 15:02:00 | INFO | src.tmc_shapley_islands | Add-curve (mean): 3 islands, n=467 -> corr=0.2492
2026-03-04 15:02:00 | INFO | src.tmc_shapley_islands | Add-curve (mean): 4 islands, n=586 -> corr=0.1927
2026-03-04 15:02:00 | INFO | src.tmc_shapley_islands | Add-curve (mean): 5 islands, n=878 -> corr=0.3638
2026-03-04 15:02:00 | INFO | src.tmc_shapley_islands | Add-curve (mean): 6 islands, n=1036 -> corr=0.3938
2026-03-04 15:02:01 | INFO | src.tmc_shapley_islands | Add-curve (mean): 7 islands, n=1594 -> corr=0.3996
2026-03-04 15:02:02 | INFO | src.tmc_shapley_islands | Add-curve (mean): 8 islands, n=2178 -> corr=0.4465
2026-03-04 15:02:03 | INFO | src.tmc_shapley_islands | Add-curve (mean): 9 islands, n=2761 -> corr=0.4292
2026-03-04 15:02:04 | INFO | src.tmc_shapley_islands | Add-curve (mean): 10 islands, n=3158 -> corr=0.3960
2026-03-04 15:02:06 | INFO | src.tmc_shapley_islands | Add-curve (mean): 11 islands, n=3644 -> corr=0.4168
2026-03-04 15:02:08 | INFO | src.tmc_shapley_islands | Add-curve (mean): 12 islands, n=4722 -> corr=0.4124
2026-03-04 15:02:10 | INFO | src.tmc_shapley_islands | Add-curve (mean): 13 islands, n=5078 -> corr=0.4163
2026-03-04 15:02:12 | INFO | src.tmc_shapley_islands | Add-curve (mean): 14 islands, n=5337 -> corr=0.4383
2026-03-04 15:02:15 | INFO | src.tmc_shapley_islands | Add-curve (mean): 15 islands, n=5503 -> corr=0.4332
2026-03-04 15:02:26 | INFO | src.tmc_shapley_islands | Random individual add-curve (seed=0) complete
2026-03-04 15:02:36 | INFO | src.tmc_shapley_islands | Random individual add-curve (seed=1) complete
2026-03-04 15:02:46 | INFO | src.tmc_shapley_islands | Random individual add-curve (seed=2) complete
2026-03-04 15:02:56 | INFO | src.tmc_shapley_islands | Random individual add-curve (seed=3) complete
2026-03-04 15:03:06 | INFO | src.tmc_shapley_islands | Random individual add-curve (seed=4) complete
2026-03-04 15:03:06 | INFO | src.tmc_shapley_islands | Building mirrored remove-islands curve from add-islands curve...
2026-03-04 15:03:06 | INFO | src.tmc_shapley_islands | Saved Shapley values to outputs/tmc_shapley_sweep_all_traits/shards/shard_018/body_mass/tmp/shapley_island_values_target_3.csv
2026-03-04 15:03:06 | INFO | src.tmc_shapley_islands | Saved summary to outputs/tmc_shapley_sweep_all_traits/shards/shard_018/body_mass/tmp/tmc_summary_target_3.json
2026-03-04 15:03:06 | INFO | src.tmc_shapley_islands | Saved intermediate ranking trace to outputs/tmc_shapley_sweep_all_traits/shards/shard_018/body_mass/tmp/tmc_intermediate_rankings_target_3.csv
2026-03-04 15:03:06 | INFO | src.tmc_shapley_islands | Saved add-curve to outputs/tmc_shapley_sweep_all_traits/shards/shard_018/body_mass/tmp/add_curve_target_3.csv
2026-03-04 15:03:06 | INFO | src.tmc_shapley_islands | Saved remove-curve to outputs/tmc_shapley_sweep_all_traits/shards/shard_018/body_mass/tmp/remove_curve_target_3.csv
2026-03-04 15:03:07 | INFO | src.tmc_shapley_islands | Saved bar plot to outputs/tmc_shapley_sweep_all_traits/shards/shard_018/body_mass/tmp/shapley_bar_target_3.png
2026-03-04 15:03:07 | INFO | src.tmc_shapley_islands | Saved add-curve plot to outputs/tmc_shapley_sweep_all_traits/shards/shard_018/body_mass/tmp/add_curve_target_3.png
2026-03-04 15:03:08 | INFO | src.tmc_shapley_islands | Saved remove-curve plot to outputs/tmc_shapley_sweep_all_traits/shards/shard_018/body_mass/tmp/remove_curve_target_3.png
2026-03-04 15:03:08 | INFO | __main__ | Shard 18/30 trait=body_mass progress 5/75 | target=3 n_cal_samples=10 perm=150 repeat=6
2026-03-04 15:03:08 | INFO | src.tmc_shapley_islands | [Shapley] Target island: 3 (Selvær), source islands: 15
2026-03-04 15:03:09 | INFO | src.tmc_shapley_islands | Data: source=5503 (across 15 islands), cal=10, test=44
2026-03-04 15:03:09 | INFO | src.tmc_shapley_islands | SNP selection: using fixed precomputed subset (n=20000)
2026-03-04 15:03:09 | INFO | src.tmc_shapley_islands | Island counts (capped to None in training):
  Nesøy: n=119
  Myken: n=92
  Træna: n=292
  Gjerøy: n=558
  Hestmannøy: n=1078
  Indre Kvarøy: n=356
  Onøy og Lurøy: n=259
  Lovund: n=158
  Sleneset: n=166
  Aldra: n=173
  Southern 1: n=583
  Southern 2: n=397
  Southern 3: n=584
  Southern 4: n=486
  Southern 5: n=202
2026-03-04 15:03:09 | INFO | src.tmc_shapley_islands | Loaded 919 cached utilities from outputs/tmc_shapley_sweep_all_traits/cache/body_mass/utility_cache_target_3_seed_203572148.json
2026-03-04 15:03:09 | INFO | src.tmc_shapley_islands | Running TMC-Shapley with 150 permutations (utility on cal set)...
2026-03-04 15:03:09 | INFO | src.tmc_shapley_islands | Computing V_full over all 15 source islands...
2026-03-04 15:03:09 | INFO | src.tmc_shapley_islands | V_full = 0.1730
2026-03-04 15:03:09 | INFO | src.tmc_shapley_islands | TMC head-start: loaded 80 completed permutations from state outputs/tmc_shapley_sweep_all_traits/cache/body_mass/tmc_perm_state_target_3_seed_203572148.json
2026-03-04 15:04:46 | INFO | src.tmc_shapley_islands | TMC progress: 90/150 permutations done, cache hit rate: 35.1%, n_evals: 98
2026-03-04 15:09:58 | INFO | src.tmc_shapley_islands | TMC progress: 120/150 permutations done, cache hit rate: 33.8%, n_evals: 398
2026-03-04 15:15:22 | INFO | src.tmc_shapley_islands | TMC progress: 150/150 permutations done, cache hit rate: 33.3%, n_evals: 701
2026-03-04 15:15:22 | INFO | src.tmc_shapley_islands | TMC complete: 150 permutations, 0 truncated, 701 utility evals, cache hit rate: 33.3%
2026-03-04 15:15:22 | INFO | src.tmc_shapley_islands | Shapley values (phi, computed on cal set):
2026-03-04 15:15:22 | INFO | src.tmc_shapley_islands |   Nesøy: phi=0.051250, phi/n=0.00043067
2026-03-04 15:15:22 | INFO | src.tmc_shapley_islands |   Myken: phi=0.230772, phi/n=0.00250840
2026-03-04 15:15:22 | INFO | src.tmc_shapley_islands |   Træna: phi=0.092791, phi/n=0.00031778
2026-03-04 15:15:22 | INFO | src.tmc_shapley_islands |   Gjerøy: phi=0.102345, phi/n=0.00018341
2026-03-04 15:15:22 | INFO | src.tmc_shapley_islands |   Hestmannøy: phi=-0.148392, phi/n=-0.00013765
2026-03-04 15:15:22 | INFO | src.tmc_shapley_islands |   Indre Kvarøy: phi=-0.123160, phi/n=-0.00034595
2026-03-04 15:15:22 | INFO | src.tmc_shapley_islands |   Onøy og Lurøy: phi=-0.129998, phi/n=-0.00050192
2026-03-04 15:15:22 | INFO | src.tmc_shapley_islands |   Lovund: phi=0.039443, phi/n=0.00024964
2026-03-04 15:15:22 | INFO | src.tmc_shapley_islands |   Sleneset: phi=-0.239200, phi/n=-0.00144096
2026-03-04 15:15:22 | INFO | src.tmc_shapley_islands |   Aldra: phi=0.102620, phi/n=0.00059318
2026-03-04 15:15:22 | INFO | src.tmc_shapley_islands |   Southern 1: phi=0.005072, phi/n=0.00000870
2026-03-04 15:15:22 | INFO | src.tmc_shapley_islands |   Southern 2: phi=-0.001830, phi/n=-0.00000461
2026-03-04 15:15:22 | INFO | src.tmc_shapley_islands |   Southern 3: phi=0.095589, phi/n=0.00016368
2026-03-04 15:15:22 | INFO | src.tmc_shapley_islands |   Southern 4: phi=-0.009680, phi/n=-0.00001992
2026-03-04 15:15:22 | INFO | src.tmc_shapley_islands |   Southern 5: phi=0.105422, phi/n=0.00052189
2026-03-04 15:15:22 | INFO | src.tmc_shapley_islands | Curve retraining early stopping: enabled=True, patience=20
2026-03-04 15:15:22 | INFO | src.tmc_shapley_islands | Computing add-islands curve (evaluated on test set)...
2026-03-04 15:15:22 | INFO | src.tmc_shapley_islands | Add-curve (mean): 1 islands, n=92 -> corr=0.1932
2026-03-04 15:15:22 | INFO | src.tmc_shapley_islands | Add-curve (mean): 2 islands, n=265 -> corr=0.1269
2026-03-04 15:15:22 | INFO | src.tmc_shapley_islands | Add-curve (mean): 3 islands, n=467 -> corr=0.2492
2026-03-04 15:15:22 | INFO | src.tmc_shapley_islands | Add-curve (mean): 4 islands, n=586 -> corr=0.1927
2026-03-04 15:15:23 | INFO | src.tmc_shapley_islands | Add-curve (mean): 5 islands, n=878 -> corr=0.3638
2026-03-04 15:15:23 | INFO | src.tmc_shapley_islands | Add-curve (mean): 6 islands, n=1036 -> corr=0.3938
2026-03-04 15:15:24 | INFO | src.tmc_shapley_islands | Add-curve (mean): 7 islands, n=1594 -> corr=0.3996
2026-03-04 15:15:25 | INFO | src.tmc_shapley_islands | Add-curve (mean): 8 islands, n=2178 -> corr=0.4465
2026-03-04 15:15:26 | INFO | src.tmc_shapley_islands | Add-curve (mean): 9 islands, n=2761 -> corr=0.4292
2026-03-04 15:15:27 | INFO | src.tmc_shapley_islands | Add-curve (mean): 10 islands, n=3158 -> corr=0.3960
2026-03-04 15:15:28 | INFO | src.tmc_shapley_islands | Add-curve (mean): 11 islands, n=3644 -> corr=0.4168
2026-03-04 15:15:30 | INFO | src.tmc_shapley_islands | Add-curve (mean): 12 islands, n=4722 -> corr=0.4124
2026-03-04 15:15:33 | INFO | src.tmc_shapley_islands | Add-curve (mean): 13 islands, n=5078 -> corr=0.4163
2026-03-04 15:15:35 | INFO | src.tmc_shapley_islands | Add-curve (mean): 14 islands, n=5337 -> corr=0.4383
2026-03-04 15:15:38 | INFO | src.tmc_shapley_islands | Add-curve (mean): 15 islands, n=5503 -> corr=0.4332
2026-03-04 15:15:48 | INFO | src.tmc_shapley_islands | Random individual add-curve (seed=0) complete
2026-03-04 15:15:58 | INFO | src.tmc_shapley_islands | Random individual add-curve (seed=1) complete
2026-03-04 15:16:08 | INFO | src.tmc_shapley_islands | Random individual add-curve (seed=2) complete
2026-03-04 15:16:19 | INFO | src.tmc_shapley_islands | Random individual add-curve (seed=3) complete
2026-03-04 15:16:29 | INFO | src.tmc_shapley_islands | Random individual add-curve (seed=4) complete
2026-03-04 15:16:29 | INFO | src.tmc_shapley_islands | Building mirrored remove-islands curve from add-islands curve...
2026-03-04 15:16:29 | INFO | src.tmc_shapley_islands | Saved Shapley values to outputs/tmc_shapley_sweep_all_traits/shards/shard_018/body_mass/tmp/shapley_island_values_target_3.csv
2026-03-04 15:16:29 | INFO | src.tmc_shapley_islands | Saved summary to outputs/tmc_shapley_sweep_all_traits/shards/shard_018/body_mass/tmp/tmc_summary_target_3.json
2026-03-04 15:16:29 | INFO | src.tmc_shapley_islands | Saved intermediate ranking trace to outputs/tmc_shapley_sweep_all_traits/shards/shard_018/body_mass/tmp/tmc_intermediate_rankings_target_3.csv
2026-03-04 15:16:29 | INFO | src.tmc_shapley_islands | Saved add-curve to outputs/tmc_shapley_sweep_all_traits/shards/shard_018/body_mass/tmp/add_curve_target_3.csv
2026-03-04 15:16:29 | INFO | src.tmc_shapley_islands | Saved remove-curve to outputs/tmc_shapley_sweep_all_traits/shards/shard_018/body_mass/tmp/remove_curve_target_3.csv
2026-03-04 15:16:30 | INFO | src.tmc_shapley_islands | Saved bar plot to outputs/tmc_shapley_sweep_all_traits/shards/shard_018/body_mass/tmp/shapley_bar_target_3.png
2026-03-04 15:16:30 | INFO | src.tmc_shapley_islands | Saved add-curve plot to outputs/tmc_shapley_sweep_all_traits/shards/shard_018/body_mass/tmp/add_curve_target_3.png
2026-03-04 15:16:31 | INFO | src.tmc_shapley_islands | Saved remove-curve plot to outputs/tmc_shapley_sweep_all_traits/shards/shard_018/body_mass/tmp/remove_curve_target_3.png
2026-03-04 15:16:31 | INFO | __main__ | Shard 18/30 trait=body_mass progress 6/75 | target=3 n_cal_samples=20 perm=10 repeat=6
2026-03-04 15:16:31 | INFO | src.tmc_shapley_islands | [Shapley] Target island: 3 (Selvær), source islands: 15
2026-03-04 15:16:32 | INFO | src.tmc_shapley_islands | Data: source=5503 (across 15 islands), cal=20, test=44
2026-03-04 15:16:32 | INFO | src.tmc_shapley_islands | SNP selection: using fixed precomputed subset (n=20000)
2026-03-04 15:16:32 | INFO | src.tmc_shapley_islands | Island counts (capped to None in training):
  Nesøy: n=119
  Myken: n=92
  Træna: n=292
  Gjerøy: n=558
  Hestmannøy: n=1078
  Indre Kvarøy: n=356
  Onøy og Lurøy: n=259
  Lovund: n=158
  Sleneset: n=166
  Aldra: n=173
  Southern 1: n=583
  Southern 2: n=397
  Southern 3: n=584
  Southern 4: n=486
  Southern 5: n=202
2026-03-04 15:16:32 | INFO | src.tmc_shapley_islands | Running TMC-Shapley with 10 permutations (utility on cal set)...
2026-03-04 15:16:32 | INFO | src.tmc_shapley_islands | Computing V_full over all 15 source islands...
2026-03-04 15:16:34 | INFO | src.tmc_shapley_islands | V_full = -0.0007
2026-03-04 15:17:02 | INFO | src.tmc_shapley_islands | TMC progress: 2/10 permutations done, cache hit rate: 9.7%, n_evals: 28
2026-03-04 15:17:36 | INFO | src.tmc_shapley_islands | TMC progress: 4/10 permutations done, cache hit rate: 8.2%, n_evals: 56
2026-03-04 15:18:03 | INFO | src.tmc_shapley_islands | TMC progress: 6/10 permutations done, cache hit rate: 7.7%, n_evals: 84
2026-03-04 15:18:37 | INFO | src.tmc_shapley_islands | TMC progress: 8/10 permutations done, cache hit rate: 8.3%, n_evals: 111
2026-03-04 15:19:06 | INFO | src.tmc_shapley_islands | TMC progress: 10/10 permutations done, cache hit rate: 9.3%, n_evals: 137
2026-03-04 15:19:06 | INFO | src.tmc_shapley_islands | TMC complete: 10 permutations, 0 truncated, 137 utility evals, cache hit rate: 9.3%
2026-03-04 15:19:06 | INFO | src.tmc_shapley_islands | Shapley values (phi, computed on cal set):
2026-03-04 15:19:06 | INFO | src.tmc_shapley_islands |   Nesøy: phi=-0.051131, phi/n=-0.00042967
2026-03-04 15:19:06 | INFO | src.tmc_shapley_islands |   Myken: phi=-0.141001, phi/n=-0.00153262
2026-03-04 15:19:06 | INFO | src.tmc_shapley_islands |   Træna: phi=0.245147, phi/n=0.00083955
2026-03-04 15:19:06 | INFO | src.tmc_shapley_islands |   Gjerøy: phi=-0.200504, phi/n=-0.00035933
2026-03-04 15:19:06 | INFO | src.tmc_shapley_islands |   Hestmannøy: phi=0.161644, phi/n=0.00014995
2026-03-04 15:19:06 | INFO | src.tmc_shapley_islands |   Indre Kvarøy: phi=-0.023024, phi/n=-0.00006467
2026-03-04 15:19:06 | INFO | src.tmc_shapley_islands |   Onøy og Lurøy: phi=-0.084550, phi/n=-0.00032645
2026-03-04 15:19:06 | INFO | src.tmc_shapley_islands |   Lovund: phi=-0.064877, phi/n=-0.00041061
2026-03-04 15:19:06 | INFO | src.tmc_shapley_islands |   Sleneset: phi=0.071648, phi/n=0.00043161
2026-03-04 15:19:06 | INFO | src.tmc_shapley_islands |   Aldra: phi=0.032674, phi/n=0.00018887
2026-03-04 15:19:06 | INFO | src.tmc_shapley_islands |   Southern 1: phi=-0.013808, phi/n=-0.00002368
2026-03-04 15:19:06 | INFO | src.tmc_shapley_islands |   Southern 2: phi=-0.078114, phi/n=-0.00019676
2026-03-04 15:19:06 | INFO | src.tmc_shapley_islands |   Southern 3: phi=0.042223, phi/n=0.00007230
2026-03-04 15:19:06 | INFO | src.tmc_shapley_islands |   Southern 4: phi=0.047631, phi/n=0.00009801
2026-03-04 15:19:06 | INFO | src.tmc_shapley_islands |   Southern 5: phi=0.055342, phi/n=0.00027397
2026-03-04 15:19:06 | INFO | src.tmc_shapley_islands | Curve retraining early stopping: enabled=True, patience=20
2026-03-04 15:19:06 | INFO | src.tmc_shapley_islands | Computing add-islands curve (evaluated on test set)...
2026-03-04 15:19:06 | INFO | src.tmc_shapley_islands | Add-curve (mean): 1 islands, n=292 -> corr=0.2353
2026-03-04 15:19:06 | INFO | src.tmc_shapley_islands | Add-curve (mean): 2 islands, n=458 -> corr=0.3011
2026-03-04 15:19:06 | INFO | src.tmc_shapley_islands | Add-curve (mean): 3 islands, n=660 -> corr=0.3055
2026-03-04 15:19:07 | INFO | src.tmc_shapley_islands | Add-curve (mean): 4 islands, n=833 -> corr=0.2785
2026-03-04 15:19:07 | INFO | src.tmc_shapley_islands | Add-curve (mean): 5 islands, n=1911 -> corr=0.1697
2026-03-04 15:19:08 | INFO | src.tmc_shapley_islands | Add-curve (mean): 6 islands, n=2397 -> corr=0.1941
2026-03-04 15:19:09 | INFO | src.tmc_shapley_islands | Add-curve (mean): 7 islands, n=2981 -> corr=0.2399
2026-03-04 15:19:11 | INFO | src.tmc_shapley_islands | Add-curve (mean): 8 islands, n=3564 -> corr=0.2756
2026-03-04 15:19:12 | INFO | src.tmc_shapley_islands | Add-curve (mean): 9 islands, n=3920 -> corr=0.3406
2026-03-04 15:19:14 | INFO | src.tmc_shapley_islands | Add-curve (mean): 10 islands, n=4317 -> corr=0.3075
2026-03-04 15:19:16 | INFO | src.tmc_shapley_islands | Add-curve (mean): 11 islands, n=4576 -> corr=0.3083
2026-03-04 15:19:18 | INFO | src.tmc_shapley_islands | Add-curve (mean): 12 islands, n=5134 -> corr=0.2597
2026-03-04 15:19:21 | INFO | src.tmc_shapley_islands | Add-curve (mean): 13 islands, n=5292 -> corr=0.3351
2026-03-04 15:19:23 | INFO | src.tmc_shapley_islands | Add-curve (mean): 14 islands, n=5411 -> corr=0.3369
2026-03-04 15:19:26 | INFO | src.tmc_shapley_islands | Add-curve (mean): 15 islands, n=5503 -> corr=0.3147
2026-03-04 15:19:39 | INFO | src.tmc_shapley_islands | Random individual add-curve (seed=0) complete
2026-03-04 15:19:52 | INFO | src.tmc_shapley_islands | Random individual add-curve (seed=1) complete
2026-03-04 15:20:06 | INFO | src.tmc_shapley_islands | Random individual add-curve (seed=2) complete
2026-03-04 15:20:19 | INFO | src.tmc_shapley_islands | Random individual add-curve (seed=3) complete
2026-03-04 15:20:33 | INFO | src.tmc_shapley_islands | Random individual add-curve (seed=4) complete
2026-03-04 15:20:33 | INFO | src.tmc_shapley_islands | Building mirrored remove-islands curve from add-islands curve...
2026-03-04 15:20:33 | INFO | src.tmc_shapley_islands | Saved Shapley values to outputs/tmc_shapley_sweep_all_traits/shards/shard_018/body_mass/tmp/shapley_island_values_target_3.csv
2026-03-04 15:20:33 | INFO | src.tmc_shapley_islands | Saved summary to outputs/tmc_shapley_sweep_all_traits/shards/shard_018/body_mass/tmp/tmc_summary_target_3.json
2026-03-04 15:20:33 | INFO | src.tmc_shapley_islands | Saved intermediate ranking trace to outputs/tmc_shapley_sweep_all_traits/shards/shard_018/body_mass/tmp/tmc_intermediate_rankings_target_3.csv
2026-03-04 15:20:33 | INFO | src.tmc_shapley_islands | Saved add-curve to outputs/tmc_shapley_sweep_all_traits/shards/shard_018/body_mass/tmp/add_curve_target_3.csv
2026-03-04 15:20:33 | INFO | src.tmc_shapley_islands | Saved remove-curve to outputs/tmc_shapley_sweep_all_traits/shards/shard_018/body_mass/tmp/remove_curve_target_3.csv
2026-03-04 15:20:33 | INFO | src.tmc_shapley_islands | Saved bar plot to outputs/tmc_shapley_sweep_all_traits/shards/shard_018/body_mass/tmp/shapley_bar_target_3.png
2026-03-04 15:20:34 | INFO | src.tmc_shapley_islands | Saved add-curve plot to outputs/tmc_shapley_sweep_all_traits/shards/shard_018/body_mass/tmp/add_curve_target_3.png
2026-03-04 15:20:34 | INFO | src.tmc_shapley_islands | Saved remove-curve plot to outputs/tmc_shapley_sweep_all_traits/shards/shard_018/body_mass/tmp/remove_curve_target_3.png
2026-03-04 15:20:34 | INFO | __main__ | Shard 18/30 trait=body_mass progress 7/75 | target=3 n_cal_samples=20 perm=20 repeat=6
2026-03-04 15:20:34 | INFO | src.tmc_shapley_islands | [Shapley] Target island: 3 (Selvær), source islands: 15
2026-03-04 15:20:35 | INFO | src.tmc_shapley_islands | Data: source=5503 (across 15 islands), cal=20, test=44
2026-03-04 15:20:35 | INFO | src.tmc_shapley_islands | SNP selection: using fixed precomputed subset (n=20000)
2026-03-04 15:20:35 | INFO | src.tmc_shapley_islands | Island counts (capped to None in training):
  Nesøy: n=119
  Myken: n=92
  Træna: n=292
  Gjerøy: n=558
  Hestmannøy: n=1078
  Indre Kvarøy: n=356
  Onøy og Lurøy: n=259
  Lovund: n=158
  Sleneset: n=166
  Aldra: n=173
  Southern 1: n=583
  Southern 2: n=397
  Southern 3: n=584
  Southern 4: n=486
  Southern 5: n=202
2026-03-04 15:20:35 | INFO | src.tmc_shapley_islands | Loaded 137 cached utilities from outputs/tmc_shapley_sweep_all_traits/cache/body_mass/utility_cache_target_3_seed_1646271930.json
2026-03-04 15:20:35 | INFO | src.tmc_shapley_islands | Running TMC-Shapley with 20 permutations (utility on cal set)...
2026-03-04 15:20:35 | INFO | src.tmc_shapley_islands | Computing V_full over all 15 source islands...
2026-03-04 15:20:35 | INFO | src.tmc_shapley_islands | V_full = -0.0007
2026-03-04 15:20:35 | INFO | src.tmc_shapley_islands | TMC head-start: loaded 10 completed permutations from state outputs/tmc_shapley_sweep_all_traits/cache/body_mass/tmc_perm_state_target_3_seed_1646271930.json
2026-03-04 15:21:06 | INFO | src.tmc_shapley_islands | TMC progress: 12/20 permutations done, cache hit rate: 9.7%, n_evals: 28
2026-03-04 15:22:03 | INFO | src.tmc_shapley_islands | TMC progress: 16/20 permutations done, cache hit rate: 12.1%, n_evals: 80
2026-03-04 15:22:51 | INFO | src.tmc_shapley_islands | TMC progress: 20/20 permutations done, cache hit rate: 15.2%, n_evals: 128
2026-03-04 15:22:51 | INFO | src.tmc_shapley_islands | TMC complete: 20 permutations, 0 truncated, 128 utility evals, cache hit rate: 15.2%
2026-03-04 15:22:51 | INFO | src.tmc_shapley_islands | Shapley values (phi, computed on cal set):
2026-03-04 15:22:51 | INFO | src.tmc_shapley_islands |   Nesøy: phi=-0.085587, phi/n=-0.00071922
2026-03-04 15:22:51 | INFO | src.tmc_shapley_islands |   Myken: phi=-0.122368, phi/n=-0.00133009
2026-03-04 15:22:51 | INFO | src.tmc_shapley_islands |   Træna: phi=0.241633, phi/n=0.00082751
2026-03-04 15:22:51 | INFO | src.tmc_shapley_islands |   Gjerøy: phi=-0.182016, phi/n=-0.00032619
2026-03-04 15:22:51 | INFO | src.tmc_shapley_islands |   Hestmannøy: phi=0.155498, phi/n=0.00014425
2026-03-04 15:22:51 | INFO | src.tmc_shapley_islands |   Indre Kvarøy: phi=-0.006413, phi/n=-0.00001801
2026-03-04 15:22:51 | INFO | src.tmc_shapley_islands |   Onøy og Lurøy: phi=-0.074395, phi/n=-0.00028724
2026-03-04 15:22:51 | INFO | src.tmc_shapley_islands |   Lovund: phi=-0.054359, phi/n=-0.00034405
2026-03-04 15:22:51 | INFO | src.tmc_shapley_islands |   Sleneset: phi=0.058432, phi/n=0.00035200
2026-03-04 15:22:51 | INFO | src.tmc_shapley_islands |   Aldra: phi=0.035390, phi/n=0.00020457
2026-03-04 15:22:51 | INFO | src.tmc_shapley_islands |   Southern 1: phi=-0.022449, phi/n=-0.00003851
2026-03-04 15:22:51 | INFO | src.tmc_shapley_islands |   Southern 2: phi=-0.060974, phi/n=-0.00015359
2026-03-04 15:22:51 | INFO | src.tmc_shapley_islands |   Southern 3: phi=0.023744, phi/n=0.00004066
2026-03-04 15:22:51 | INFO | src.tmc_shapley_islands |   Southern 4: phi=0.053922, phi/n=0.00011095
2026-03-04 15:22:51 | INFO | src.tmc_shapley_islands |   Southern 5: phi=0.039245, phi/n=0.00019428
2026-03-04 15:22:51 | INFO | src.tmc_shapley_islands | Curve retraining early stopping: enabled=True, patience=20
2026-03-04 15:22:51 | INFO | src.tmc_shapley_islands | Computing add-islands curve (evaluated on test set)...
2026-03-04 15:22:51 | INFO | src.tmc_shapley_islands | Add-curve (mean): 1 islands, n=292 -> corr=0.2353
2026-03-04 15:22:51 | INFO | src.tmc_shapley_islands | Add-curve (mean): 2 islands, n=458 -> corr=0.3011
2026-03-04 15:22:51 | INFO | src.tmc_shapley_islands | Add-curve (mean): 3 islands, n=631 -> corr=0.2732
2026-03-04 15:22:52 | INFO | src.tmc_shapley_islands | Add-curve (mean): 4 islands, n=833 -> corr=0.2785
2026-03-04 15:22:52 | INFO | src.tmc_shapley_islands | Add-curve (mean): 5 islands, n=1911 -> corr=0.1697
2026-03-04 15:22:53 | INFO | src.tmc_shapley_islands | Add-curve (mean): 6 islands, n=2397 -> corr=0.1941
2026-03-04 15:22:54 | INFO | src.tmc_shapley_islands | Add-curve (mean): 7 islands, n=2981 -> corr=0.2399
2026-03-04 15:22:56 | INFO | src.tmc_shapley_islands | Add-curve (mean): 8 islands, n=3337 -> corr=0.3088
2026-03-04 15:22:57 | INFO | src.tmc_shapley_islands | Add-curve (mean): 9 islands, n=3920 -> corr=0.3406
2026-03-04 15:22:59 | INFO | src.tmc_shapley_islands | Add-curve (mean): 10 islands, n=4317 -> corr=0.3075
2026-03-04 15:23:01 | INFO | src.tmc_shapley_islands | Add-curve (mean): 11 islands, n=4576 -> corr=0.3083
2026-03-04 15:23:03 | INFO | src.tmc_shapley_islands | Add-curve (mean): 12 islands, n=5134 -> corr=0.2597
2026-03-04 15:23:05 | INFO | src.tmc_shapley_islands | Add-curve (mean): 13 islands, n=5292 -> corr=0.3351
2026-03-04 15:23:08 | INFO | src.tmc_shapley_islands | Add-curve (mean): 14 islands, n=5411 -> corr=0.3369
2026-03-04 15:23:11 | INFO | src.tmc_shapley_islands | Add-curve (mean): 15 islands, n=5503 -> corr=0.3147
2026-03-04 15:23:24 | INFO | src.tmc_shapley_islands | Random individual add-curve (seed=0) complete
2026-03-04 15:23:37 | INFO | src.tmc_shapley_islands | Random individual add-curve (seed=1) complete
2026-03-04 15:23:51 | INFO | src.tmc_shapley_islands | Random individual add-curve (seed=2) complete
2026-03-04 15:24:04 | INFO | src.tmc_shapley_islands | Random individual add-curve (seed=3) complete
2026-03-04 15:24:18 | INFO | src.tmc_shapley_islands | Random individual add-curve (seed=4) complete
2026-03-04 15:24:18 | INFO | src.tmc_shapley_islands | Building mirrored remove-islands curve from add-islands curve...
2026-03-04 15:24:18 | INFO | src.tmc_shapley_islands | Saved Shapley values to outputs/tmc_shapley_sweep_all_traits/shards/shard_018/body_mass/tmp/shapley_island_values_target_3.csv
2026-03-04 15:24:18 | INFO | src.tmc_shapley_islands | Saved summary to outputs/tmc_shapley_sweep_all_traits/shards/shard_018/body_mass/tmp/tmc_summary_target_3.json
2026-03-04 15:24:18 | INFO | src.tmc_shapley_islands | Saved intermediate ranking trace to outputs/tmc_shapley_sweep_all_traits/shards/shard_018/body_mass/tmp/tmc_intermediate_rankings_target_3.csv
2026-03-04 15:24:18 | INFO | src.tmc_shapley_islands | Saved add-curve to outputs/tmc_shapley_sweep_all_traits/shards/shard_018/body_mass/tmp/add_curve_target_3.csv
2026-03-04 15:24:18 | INFO | src.tmc_shapley_islands | Saved remove-curve to outputs/tmc_shapley_sweep_all_traits/shards/shard_018/body_mass/tmp/remove_curve_target_3.csv
2026-03-04 15:24:19 | INFO | src.tmc_shapley_islands | Saved bar plot to outputs/tmc_shapley_sweep_all_traits/shards/shard_018/body_mass/tmp/shapley_bar_target_3.png
2026-03-04 15:24:19 | INFO | src.tmc_shapley_islands | Saved add-curve plot to outputs/tmc_shapley_sweep_all_traits/shards/shard_018/body_mass/tmp/add_curve_target_3.png
2026-03-04 15:24:20 | INFO | src.tmc_shapley_islands | Saved remove-curve plot to outputs/tmc_shapley_sweep_all_traits/shards/shard_018/body_mass/tmp/remove_curve_target_3.png
2026-03-04 15:24:20 | INFO | __main__ | Shard 18/30 trait=body_mass progress 8/75 | target=3 n_cal_samples=20 perm=40 repeat=6
2026-03-04 15:24:20 | INFO | src.tmc_shapley_islands | [Shapley] Target island: 3 (Selvær), source islands: 15
2026-03-04 15:24:21 | INFO | src.tmc_shapley_islands | Data: source=5503 (across 15 islands), cal=20, test=44
2026-03-04 15:24:21 | INFO | src.tmc_shapley_islands | SNP selection: using fixed precomputed subset (n=20000)
2026-03-04 15:24:21 | INFO | src.tmc_shapley_islands | Island counts (capped to None in training):
  Nesøy: n=119
  Myken: n=92
  Træna: n=292
  Gjerøy: n=558
  Hestmannøy: n=1078
  Indre Kvarøy: n=356
  Onøy og Lurøy: n=259
  Lovund: n=158
  Sleneset: n=166
  Aldra: n=173
  Southern 1: n=583
  Southern 2: n=397
  Southern 3: n=584
  Southern 4: n=486
  Southern 5: n=202
2026-03-04 15:24:21 | INFO | src.tmc_shapley_islands | Loaded 265 cached utilities from outputs/tmc_shapley_sweep_all_traits/cache/body_mass/utility_cache_target_3_seed_1646271930.json
2026-03-04 15:24:21 | INFO | src.tmc_shapley_islands | Running TMC-Shapley with 40 permutations (utility on cal set)...
2026-03-04 15:24:21 | INFO | src.tmc_shapley_islands | Computing V_full over all 15 source islands...
2026-03-04 15:24:21 | INFO | src.tmc_shapley_islands | V_full = -0.0007
2026-03-04 15:24:21 | INFO | src.tmc_shapley_islands | TMC head-start: loaded 20 completed permutations from state outputs/tmc_shapley_sweep_all_traits/cache/body_mass/tmc_perm_state_target_3_seed_1646271930.json
2026-03-04 15:25:14 | INFO | src.tmc_shapley_islands | TMC progress: 24/40 permutations done, cache hit rate: 23.0%, n_evals: 47
2026-03-04 15:26:44 | INFO | src.tmc_shapley_islands | TMC progress: 32/40 permutations done, cache hit rate: 27.1%, n_evals: 132
2026-03-04 15:28:29 | INFO | src.tmc_shapley_islands | TMC progress: 40/40 permutations done, cache hit rate: 25.2%, n_evals: 225
2026-03-04 15:28:30 | INFO | src.tmc_shapley_islands | TMC complete: 40 permutations, 0 truncated, 225 utility evals, cache hit rate: 25.2%
2026-03-04 15:28:30 | INFO | src.tmc_shapley_islands | Shapley values (phi, computed on cal set):
2026-03-04 15:28:30 | INFO | src.tmc_shapley_islands |   Nesøy: phi=-0.075891, phi/n=-0.00063774
2026-03-04 15:28:30 | INFO | src.tmc_shapley_islands |   Myken: phi=-0.137854, phi/n=-0.00149842
2026-03-04 15:28:30 | INFO | src.tmc_shapley_islands |   Træna: phi=0.232043, phi/n=0.00079467
2026-03-04 15:28:30 | INFO | src.tmc_shapley_islands |   Gjerøy: phi=-0.176988, phi/n=-0.00031718
2026-03-04 15:28:30 | INFO | src.tmc_shapley_islands |   Hestmannøy: phi=0.167224, phi/n=0.00015512
2026-03-04 15:28:30 | INFO | src.tmc_shapley_islands |   Indre Kvarøy: phi=-0.013648, phi/n=-0.00003834
2026-03-04 15:28:30 | INFO | src.tmc_shapley_islands |   Onøy og Lurøy: phi=-0.074103, phi/n=-0.00028611
2026-03-04 15:28:30 | INFO | src.tmc_shapley_islands |   Lovund: phi=-0.050928, phi/n=-0.00032233
2026-03-04 15:28:30 | INFO | src.tmc_shapley_islands |   Sleneset: phi=0.065438, phi/n=0.00039420
2026-03-04 15:28:30 | INFO | src.tmc_shapley_islands |   Aldra: phi=0.028465, phi/n=0.00016454
2026-03-04 15:28:30 | INFO | src.tmc_shapley_islands |   Southern 1: phi=-0.027280, phi/n=-0.00004679
2026-03-04 15:28:30 | INFO | src.tmc_shapley_islands |   Southern 2: phi=-0.062148, phi/n=-0.00015654
2026-03-04 15:28:30 | INFO | src.tmc_shapley_islands |   Southern 3: phi=0.029061, phi/n=0.00004976
2026-03-04 15:28:30 | INFO | src.tmc_shapley_islands |   Southern 4: phi=0.043937, phi/n=0.00009041
2026-03-04 15:28:30 | INFO | src.tmc_shapley_islands |   Southern 5: phi=0.051974, phi/n=0.00025730
2026-03-04 15:28:30 | INFO | src.tmc_shapley_islands | Curve retraining early stopping: enabled=True, patience=20
2026-03-04 15:28:30 | INFO | src.tmc_shapley_islands | Computing add-islands curve (evaluated on test set)...
2026-03-04 15:28:30 | INFO | src.tmc_shapley_islands | Add-curve (mean): 1 islands, n=292 -> corr=0.2353
2026-03-04 15:28:30 | INFO | src.tmc_shapley_islands | Add-curve (mean): 2 islands, n=458 -> corr=0.3011
2026-03-04 15:28:30 | INFO | src.tmc_shapley_islands | Add-curve (mean): 3 islands, n=660 -> corr=0.3055
2026-03-04 15:28:30 | INFO | src.tmc_shapley_islands | Add-curve (mean): 4 islands, n=833 -> corr=0.2785
2026-03-04 15:28:31 | INFO | src.tmc_shapley_islands | Add-curve (mean): 5 islands, n=1911 -> corr=0.1697
2026-03-04 15:28:32 | INFO | src.tmc_shapley_islands | Add-curve (mean): 6 islands, n=2397 -> corr=0.1941
2026-03-04 15:28:33 | INFO | src.tmc_shapley_islands | Add-curve (mean): 7 islands, n=2981 -> corr=0.2399
2026-03-04 15:28:34 | INFO | src.tmc_shapley_islands | Add-curve (mean): 8 islands, n=3337 -> corr=0.3088
2026-03-04 15:28:36 | INFO | src.tmc_shapley_islands | Add-curve (mean): 9 islands, n=3920 -> corr=0.3406
2026-03-04 15:28:37 | INFO | src.tmc_shapley_islands | Add-curve (mean): 10 islands, n=4317 -> corr=0.3075
2026-03-04 15:28:39 | INFO | src.tmc_shapley_islands | Add-curve (mean): 11 islands, n=4576 -> corr=0.3083
2026-03-04 15:28:42 | INFO | src.tmc_shapley_islands | Add-curve (mean): 12 islands, n=5134 -> corr=0.2597
2026-03-04 15:28:44 | INFO | src.tmc_shapley_islands | Add-curve (mean): 13 islands, n=5292 -> corr=0.3351
2026-03-04 15:28:47 | INFO | src.tmc_shapley_islands | Add-curve (mean): 14 islands, n=5411 -> corr=0.3369
2026-03-04 15:28:49 | INFO | src.tmc_shapley_islands | Add-curve (mean): 15 islands, n=5503 -> corr=0.3147
2026-03-04 15:29:03 | INFO | src.tmc_shapley_islands | Random individual add-curve (seed=0) complete
2026-03-04 15:29:17 | INFO | src.tmc_shapley_islands | Random individual add-curve (seed=1) complete
2026-03-04 15:29:30 | INFO | src.tmc_shapley_islands | Random individual add-curve (seed=2) complete
2026-03-04 15:29:44 | INFO | src.tmc_shapley_islands | Random individual add-curve (seed=3) complete
2026-03-04 15:29:57 | INFO | src.tmc_shapley_islands | Random individual add-curve (seed=4) complete
2026-03-04 15:29:57 | INFO | src.tmc_shapley_islands | Building mirrored remove-islands curve from add-islands curve...
2026-03-04 15:29:57 | INFO | src.tmc_shapley_islands | Saved Shapley values to outputs/tmc_shapley_sweep_all_traits/shards/shard_018/body_mass/tmp/shapley_island_values_target_3.csv
2026-03-04 15:29:57 | INFO | src.tmc_shapley_islands | Saved summary to outputs/tmc_shapley_sweep_all_traits/shards/shard_018/body_mass/tmp/tmc_summary_target_3.json
2026-03-04 15:29:57 | INFO | src.tmc_shapley_islands | Saved intermediate ranking trace to outputs/tmc_shapley_sweep_all_traits/shards/shard_018/body_mass/tmp/tmc_intermediate_rankings_target_3.csv
2026-03-04 15:29:57 | INFO | src.tmc_shapley_islands | Saved add-curve to outputs/tmc_shapley_sweep_all_traits/shards/shard_018/body_mass/tmp/add_curve_target_3.csv
2026-03-04 15:29:57 | INFO | src.tmc_shapley_islands | Saved remove-curve to outputs/tmc_shapley_sweep_all_traits/shards/shard_018/body_mass/tmp/remove_curve_target_3.csv
2026-03-04 15:29:58 | INFO | src.tmc_shapley_islands | Saved bar plot to outputs/tmc_shapley_sweep_all_traits/shards/shard_018/body_mass/tmp/shapley_bar_target_3.png
2026-03-04 15:29:58 | INFO | src.tmc_shapley_islands | Saved add-curve plot to outputs/tmc_shapley_sweep_all_traits/shards/shard_018/body_mass/tmp/add_curve_target_3.png
2026-03-04 15:29:59 | INFO | src.tmc_shapley_islands | Saved remove-curve plot to outputs/tmc_shapley_sweep_all_traits/shards/shard_018/body_mass/tmp/remove_curve_target_3.png
2026-03-04 15:29:59 | INFO | __main__ | Shard 18/30 trait=body_mass progress 9/75 | target=3 n_cal_samples=20 perm=80 repeat=6
2026-03-04 15:29:59 | INFO | src.tmc_shapley_islands | [Shapley] Target island: 3 (Selvær), source islands: 15
2026-03-04 15:29:59 | INFO | src.tmc_shapley_islands | Data: source=5503 (across 15 islands), cal=20, test=44
2026-03-04 15:29:59 | INFO | src.tmc_shapley_islands | SNP selection: using fixed precomputed subset (n=20000)
2026-03-04 15:29:59 | INFO | src.tmc_shapley_islands | Island counts (capped to None in training):
  Nesøy: n=119
  Myken: n=92
  Træna: n=292
  Gjerøy: n=558
  Hestmannøy: n=1078
  Indre Kvarøy: n=356
  Onøy og Lurøy: n=259
  Lovund: n=158
  Sleneset: n=166
  Aldra: n=173
  Southern 1: n=583
  Southern 2: n=397
  Southern 3: n=584
  Southern 4: n=486
  Southern 5: n=202
2026-03-04 15:29:59 | INFO | src.tmc_shapley_islands | Loaded 490 cached utilities from outputs/tmc_shapley_sweep_all_traits/cache/body_mass/utility_cache_target_3_seed_1646271930.json
2026-03-04 15:29:59 | INFO | src.tmc_shapley_islands | Running TMC-Shapley with 80 permutations (utility on cal set)...
2026-03-04 15:29:59 | INFO | src.tmc_shapley_islands | Computing V_full over all 15 source islands...
2026-03-04 15:29:59 | INFO | src.tmc_shapley_islands | V_full = -0.0007
2026-03-04 15:29:59 | INFO | src.tmc_shapley_islands | TMC head-start: loaded 40 completed permutations from state outputs/tmc_shapley_sweep_all_traits/cache/body_mass/tmc_perm_state_target_3_seed_1646271930.json
2026-03-04 15:31:43 | INFO | src.tmc_shapley_islands | TMC progress: 48/80 permutations done, cache hit rate: 28.1%, n_evals: 87
2026-03-04 15:35:07 | INFO | src.tmc_shapley_islands | TMC progress: 64/80 permutations done, cache hit rate: 26.3%, n_evals: 266
2026-03-04 15:38:08 | INFO | src.tmc_shapley_islands | TMC progress: 80/80 permutations done, cache hit rate: 28.1%, n_evals: 432
2026-03-04 15:38:08 | INFO | src.tmc_shapley_islands | TMC complete: 80 permutations, 0 truncated, 432 utility evals, cache hit rate: 28.1%
2026-03-04 15:38:08 | INFO | src.tmc_shapley_islands | Shapley values (phi, computed on cal set):
2026-03-04 15:38:08 | INFO | src.tmc_shapley_islands |   Nesøy: phi=-0.084644, phi/n=-0.00071129
2026-03-04 15:38:08 | INFO | src.tmc_shapley_islands |   Myken: phi=-0.123598, phi/n=-0.00134346
2026-03-04 15:38:08 | INFO | src.tmc_shapley_islands |   Træna: phi=0.240887, phi/n=0.00082496
2026-03-04 15:38:08 | INFO | src.tmc_shapley_islands |   Gjerøy: phi=-0.180402, phi/n=-0.00032330
2026-03-04 15:38:08 | INFO | src.tmc_shapley_islands |   Hestmannøy: phi=0.171684, phi/n=0.00015926
2026-03-04 15:38:08 | INFO | src.tmc_shapley_islands |   Indre Kvarøy: phi=-0.016884, phi/n=-0.00004743
2026-03-04 15:38:08 | INFO | src.tmc_shapley_islands |   Onøy og Lurøy: phi=-0.080120, phi/n=-0.00030934
2026-03-04 15:38:08 | INFO | src.tmc_shapley_islands |   Lovund: phi=-0.051818, phi/n=-0.00032796
2026-03-04 15:38:08 | INFO | src.tmc_shapley_islands |   Sleneset: phi=0.061978, phi/n=0.00037336
2026-03-04 15:38:08 | INFO | src.tmc_shapley_islands |   Aldra: phi=0.026683, phi/n=0.00015424
2026-03-04 15:38:08 | INFO | src.tmc_shapley_islands |   Southern 1: phi=-0.021942, phi/n=-0.00003764
2026-03-04 15:38:08 | INFO | src.tmc_shapley_islands |   Southern 2: phi=-0.053168, phi/n=-0.00013392
2026-03-04 15:38:08 | INFO | src.tmc_shapley_islands |   Southern 3: phi=0.025604, phi/n=0.00004384
2026-03-04 15:38:08 | INFO | src.tmc_shapley_islands |   Southern 4: phi=0.046087, phi/n=0.00009483
2026-03-04 15:38:08 | INFO | src.tmc_shapley_islands |   Southern 5: phi=0.038951, phi/n=0.00019283
2026-03-04 15:38:08 | INFO | src.tmc_shapley_islands | Curve retraining early stopping: enabled=True, patience=20
2026-03-04 15:38:08 | INFO | src.tmc_shapley_islands | Computing add-islands curve (evaluated on test set)...
2026-03-04 15:38:08 | INFO | src.tmc_shapley_islands | Add-curve (mean): 1 islands, n=292 -> corr=0.2353
2026-03-04 15:38:08 | INFO | src.tmc_shapley_islands | Add-curve (mean): 2 islands, n=458 -> corr=0.3011
2026-03-04 15:38:09 | INFO | src.tmc_shapley_islands | Add-curve (mean): 3 islands, n=660 -> corr=0.3055
2026-03-04 15:38:09 | INFO | src.tmc_shapley_islands | Add-curve (mean): 4 islands, n=1738 -> corr=0.1927
2026-03-04 15:38:10 | INFO | src.tmc_shapley_islands | Add-curve (mean): 5 islands, n=1911 -> corr=0.1697
2026-03-04 15:38:11 | INFO | src.tmc_shapley_islands | Add-curve (mean): 6 islands, n=2397 -> corr=0.1941
2026-03-04 15:38:12 | INFO | src.tmc_shapley_islands | Add-curve (mean): 7 islands, n=2981 -> corr=0.2399
2026-03-04 15:38:13 | INFO | src.tmc_shapley_islands | Add-curve (mean): 8 islands, n=3564 -> corr=0.2756
2026-03-04 15:38:15 | INFO | src.tmc_shapley_islands | Add-curve (mean): 9 islands, n=3920 -> corr=0.3406
2026-03-04 15:38:17 | INFO | src.tmc_shapley_islands | Add-curve (mean): 10 islands, n=4317 -> corr=0.3075
2026-03-04 15:38:19 | INFO | src.tmc_shapley_islands | Add-curve (mean): 11 islands, n=4576 -> corr=0.3083
2026-03-04 15:38:21 | INFO | src.tmc_shapley_islands | Add-curve (mean): 12 islands, n=5134 -> corr=0.2597
2026-03-04 15:38:23 | INFO | src.tmc_shapley_islands | Add-curve (mean): 13 islands, n=5292 -> corr=0.3351
2026-03-04 15:38:26 | INFO | src.tmc_shapley_islands | Add-curve (mean): 14 islands, n=5411 -> corr=0.3369
2026-03-04 15:38:28 | INFO | src.tmc_shapley_islands | Add-curve (mean): 15 islands, n=5503 -> corr=0.3147
2026-03-04 15:38:42 | INFO | src.tmc_shapley_islands | Random individual add-curve (seed=0) complete
2026-03-04 15:38:56 | INFO | src.tmc_shapley_islands | Random individual add-curve (seed=1) complete
2026-03-04 15:39:10 | INFO | src.tmc_shapley_islands | Random individual add-curve (seed=2) complete
2026-03-04 15:39:24 | INFO | src.tmc_shapley_islands | Random individual add-curve (seed=3) complete
2026-03-04 15:39:38 | INFO | src.tmc_shapley_islands | Random individual add-curve (seed=4) complete
2026-03-04 15:39:38 | INFO | src.tmc_shapley_islands | Building mirrored remove-islands curve from add-islands curve...
2026-03-04 15:39:38 | INFO | src.tmc_shapley_islands | Saved Shapley values to outputs/tmc_shapley_sweep_all_traits/shards/shard_018/body_mass/tmp/shapley_island_values_target_3.csv
2026-03-04 15:39:38 | INFO | src.tmc_shapley_islands | Saved summary to outputs/tmc_shapley_sweep_all_traits/shards/shard_018/body_mass/tmp/tmc_summary_target_3.json
2026-03-04 15:39:38 | INFO | src.tmc_shapley_islands | Saved intermediate ranking trace to outputs/tmc_shapley_sweep_all_traits/shards/shard_018/body_mass/tmp/tmc_intermediate_rankings_target_3.csv
2026-03-04 15:39:38 | INFO | src.tmc_shapley_islands | Saved add-curve to outputs/tmc_shapley_sweep_all_traits/shards/shard_018/body_mass/tmp/add_curve_target_3.csv
2026-03-04 15:39:38 | INFO | src.tmc_shapley_islands | Saved remove-curve to outputs/tmc_shapley_sweep_all_traits/shards/shard_018/body_mass/tmp/remove_curve_target_3.csv
2026-03-04 15:39:38 | INFO | src.tmc_shapley_islands | Saved bar plot to outputs/tmc_shapley_sweep_all_traits/shards/shard_018/body_mass/tmp/shapley_bar_target_3.png
2026-03-04 15:39:39 | INFO | src.tmc_shapley_islands | Saved add-curve plot to outputs/tmc_shapley_sweep_all_traits/shards/shard_018/body_mass/tmp/add_curve_target_3.png
2026-03-04 15:39:39 | INFO | src.tmc_shapley_islands | Saved remove-curve plot to outputs/tmc_shapley_sweep_all_traits/shards/shard_018/body_mass/tmp/remove_curve_target_3.png
2026-03-04 15:39:39 | INFO | __main__ | Shard 18/30 trait=body_mass progress 10/75 | target=3 n_cal_samples=20 perm=150 repeat=6
2026-03-04 15:39:39 | INFO | src.tmc_shapley_islands | [Shapley] Target island: 3 (Selvær), source islands: 15
2026-03-04 15:39:40 | INFO | src.tmc_shapley_islands | Data: source=5503 (across 15 islands), cal=20, test=44
2026-03-04 15:39:40 | INFO | src.tmc_shapley_islands | SNP selection: using fixed precomputed subset (n=20000)
2026-03-04 15:39:40 | INFO | src.tmc_shapley_islands | Island counts (capped to None in training):
  Nesøy: n=119
  Myken: n=92
  Træna: n=292
  Gjerøy: n=558
  Hestmannøy: n=1078
  Indre Kvarøy: n=356
  Onøy og Lurøy: n=259
  Lovund: n=158
  Sleneset: n=166
  Aldra: n=173
  Southern 1: n=583
  Southern 2: n=397
  Southern 3: n=584
  Southern 4: n=486
  Southern 5: n=202
2026-03-04 15:39:40 | INFO | src.tmc_shapley_islands | Loaded 922 cached utilities from outputs/tmc_shapley_sweep_all_traits/cache/body_mass/utility_cache_target_3_seed_1646271930.json
2026-03-04 15:39:40 | INFO | src.tmc_shapley_islands | Running TMC-Shapley with 150 permutations (utility on cal set)...
2026-03-04 15:39:40 | INFO | src.tmc_shapley_islands | Computing V_full over all 15 source islands...
2026-03-04 15:39:40 | INFO | src.tmc_shapley_islands | V_full = -0.0007
2026-03-04 15:39:40 | INFO | src.tmc_shapley_islands | TMC head-start: loaded 80 completed permutations from state outputs/tmc_shapley_sweep_all_traits/cache/body_mass/tmc_perm_state_target_3_seed_1646271930.json
2026-03-04 15:41:37 | INFO | src.tmc_shapley_islands | TMC progress: 90/150 permutations done, cache hit rate: 31.8%, n_evals: 103
2026-03-04 15:46:44 | INFO | src.tmc_shapley_islands | TMC progress: 120/150 permutations done, cache hit rate: 31.3%, n_evals: 413
2026-03-04 15:52:01 | INFO | src.tmc_shapley_islands | TMC progress: 150/150 permutations done, cache hit rate: 33.1%, n_evals: 703
2026-03-04 15:52:01 | INFO | src.tmc_shapley_islands | TMC complete: 150 permutations, 0 truncated, 703 utility evals, cache hit rate: 33.1%
2026-03-04 15:52:01 | INFO | src.tmc_shapley_islands | Shapley values (phi, computed on cal set):
2026-03-04 15:52:01 | INFO | src.tmc_shapley_islands |   Nesøy: phi=-0.081433, phi/n=-0.00068431
2026-03-04 15:52:01 | INFO | src.tmc_shapley_islands |   Myken: phi=-0.127740, phi/n=-0.00138848
2026-03-04 15:52:01 | INFO | src.tmc_shapley_islands |   Træna: phi=0.247192, phi/n=0.00084655
2026-03-04 15:52:01 | INFO | src.tmc_shapley_islands |   Gjerøy: phi=-0.177787, phi/n=-0.00031861
2026-03-04 15:52:01 | INFO | src.tmc_shapley_islands |   Hestmannøy: phi=0.170227, phi/n=0.00015791
2026-03-04 15:52:01 | INFO | src.tmc_shapley_islands |   Indre Kvarøy: phi=-0.017698, phi/n=-0.00004971
2026-03-04 15:52:01 | INFO | src.tmc_shapley_islands |   Onøy og Lurøy: phi=-0.078255, phi/n=-0.00030214
2026-03-04 15:52:01 | INFO | src.tmc_shapley_islands |   Lovund: phi=-0.054370, phi/n=-0.00034412
2026-03-04 15:52:01 | INFO | src.tmc_shapley_islands |   Sleneset: phi=0.060526, phi/n=0.00036461
2026-03-04 15:52:01 | INFO | src.tmc_shapley_islands |   Aldra: phi=0.027353, phi/n=0.00015811
2026-03-04 15:52:01 | INFO | src.tmc_shapley_islands |   Southern 1: phi=-0.019849, phi/n=-0.00003405
2026-03-04 15:52:01 | INFO | src.tmc_shapley_islands |   Southern 2: phi=-0.058950, phi/n=-0.00014849
2026-03-04 15:52:01 | INFO | src.tmc_shapley_islands |   Southern 3: phi=0.026557, phi/n=0.00004547
2026-03-04 15:52:01 | INFO | src.tmc_shapley_islands |   Southern 4: phi=0.046777, phi/n=0.00009625
2026-03-04 15:52:01 | INFO | src.tmc_shapley_islands |   Southern 5: phi=0.036752, phi/n=0.00018194
2026-03-04 15:52:01 | INFO | src.tmc_shapley_islands | Curve retraining early stopping: enabled=True, patience=20
2026-03-04 15:52:01 | INFO | src.tmc_shapley_islands | Computing add-islands curve (evaluated on test set)...
2026-03-04 15:52:01 | INFO | src.tmc_shapley_islands | Add-curve (mean): 1 islands, n=292 -> corr=0.2353
2026-03-04 15:52:01 | INFO | src.tmc_shapley_islands | Add-curve (mean): 2 islands, n=458 -> corr=0.3011
2026-03-04 15:52:02 | INFO | src.tmc_shapley_islands | Add-curve (mean): 3 islands, n=660 -> corr=0.3055
2026-03-04 15:52:02 | INFO | src.tmc_shapley_islands | Add-curve (mean): 4 islands, n=833 -> corr=0.2785
2026-03-04 15:52:03 | INFO | src.tmc_shapley_islands | Add-curve (mean): 5 islands, n=1911 -> corr=0.1697
2026-03-04 15:52:04 | INFO | src.tmc_shapley_islands | Add-curve (mean): 6 islands, n=2397 -> corr=0.1941
2026-03-04 15:52:05 | INFO | src.tmc_shapley_islands | Add-curve (mean): 7 islands, n=2981 -> corr=0.2399
2026-03-04 15:52:06 | INFO | src.tmc_shapley_islands | Add-curve (mean): 8 islands, n=3564 -> corr=0.2756
2026-03-04 15:52:08 | INFO | src.tmc_shapley_islands | Add-curve (mean): 9 islands, n=3920 -> corr=0.3406
2026-03-04 15:52:10 | INFO | src.tmc_shapley_islands | Add-curve (mean): 10 islands, n=4317 -> corr=0.3075
2026-03-04 15:52:12 | INFO | src.tmc_shapley_islands | Add-curve (mean): 11 islands, n=4576 -> corr=0.3083
2026-03-04 15:52:14 | INFO | src.tmc_shapley_islands | Add-curve (mean): 12 islands, n=5134 -> corr=0.2597
2026-03-04 15:52:16 | INFO | src.tmc_shapley_islands | Add-curve (mean): 13 islands, n=5292 -> corr=0.3351
2026-03-04 15:52:19 | INFO | src.tmc_shapley_islands | Add-curve (mean): 14 islands, n=5411 -> corr=0.3369
2026-03-04 15:52:21 | INFO | src.tmc_shapley_islands | Add-curve (mean): 15 islands, n=5503 -> corr=0.3147
2026-03-04 15:52:35 | INFO | src.tmc_shapley_islands | Random individual add-curve (seed=0) complete
2026-03-04 15:52:49 | INFO | src.tmc_shapley_islands | Random individual add-curve (seed=1) complete
2026-03-04 15:53:03 | INFO | src.tmc_shapley_islands | Random individual add-curve (seed=2) complete
2026-03-04 15:53:16 | INFO | src.tmc_shapley_islands | Random individual add-curve (seed=3) complete
2026-03-04 15:53:29 | INFO | src.tmc_shapley_islands | Random individual add-curve (seed=4) complete
2026-03-04 15:53:29 | INFO | src.tmc_shapley_islands | Building mirrored remove-islands curve from add-islands curve...
2026-03-04 15:53:29 | INFO | src.tmc_shapley_islands | Saved Shapley values to outputs/tmc_shapley_sweep_all_traits/shards/shard_018/body_mass/tmp/shapley_island_values_target_3.csv
2026-03-04 15:53:29 | INFO | src.tmc_shapley_islands | Saved summary to outputs/tmc_shapley_sweep_all_traits/shards/shard_018/body_mass/tmp/tmc_summary_target_3.json
2026-03-04 15:53:29 | INFO | src.tmc_shapley_islands | Saved intermediate ranking trace to outputs/tmc_shapley_sweep_all_traits/shards/shard_018/body_mass/tmp/tmc_intermediate_rankings_target_3.csv
2026-03-04 15:53:30 | INFO | src.tmc_shapley_islands | Saved add-curve to outputs/tmc_shapley_sweep_all_traits/shards/shard_018/body_mass/tmp/add_curve_target_3.csv
2026-03-04 15:53:30 | INFO | src.tmc_shapley_islands | Saved remove-curve to outputs/tmc_shapley_sweep_all_traits/shards/shard_018/body_mass/tmp/remove_curve_target_3.csv
2026-03-04 15:53:30 | INFO | src.tmc_shapley_islands | Saved bar plot to outputs/tmc_shapley_sweep_all_traits/shards/shard_018/body_mass/tmp/shapley_bar_target_3.png
2026-03-04 15:53:30 | INFO | src.tmc_shapley_islands | Saved add-curve plot to outputs/tmc_shapley_sweep_all_traits/shards/shard_018/body_mass/tmp/add_curve_target_3.png
2026-03-04 15:53:31 | INFO | src.tmc_shapley_islands | Saved remove-curve plot to outputs/tmc_shapley_sweep_all_traits/shards/shard_018/body_mass/tmp/remove_curve_target_3.png
2026-03-04 15:53:31 | INFO | __main__ | Shard 18/30 trait=body_mass progress 11/75 | target=3 n_cal_samples=40 perm=10 repeat=6
2026-03-04 15:53:31 | INFO | src.tmc_shapley_islands | [Shapley] Target island: 3 (Selvær), source islands: 15
2026-03-04 15:53:32 | INFO | src.tmc_shapley_islands | Data: source=5503 (across 15 islands), cal=40, test=44
2026-03-04 15:53:32 | INFO | src.tmc_shapley_islands | SNP selection: using fixed precomputed subset (n=20000)
2026-03-04 15:53:32 | INFO | src.tmc_shapley_islands | Island counts (capped to None in training):
  Nesøy: n=119
  Myken: n=92
  Træna: n=292
  Gjerøy: n=558
  Hestmannøy: n=1078
  Indre Kvarøy: n=356
  Onøy og Lurøy: n=259
  Lovund: n=158
  Sleneset: n=166
  Aldra: n=173
  Southern 1: n=583
  Southern 2: n=397
  Southern 3: n=584
  Southern 4: n=486
  Southern 5: n=202
2026-03-04 15:53:32 | INFO | src.tmc_shapley_islands | Running TMC-Shapley with 10 permutations (utility on cal set)...
2026-03-04 15:53:32 | INFO | src.tmc_shapley_islands | Computing V_full over all 15 source islands...
2026-03-04 15:53:34 | INFO | src.tmc_shapley_islands | V_full = 0.2939
2026-03-04 15:54:04 | INFO | src.tmc_shapley_islands | TMC progress: 2/10 permutations done, cache hit rate: 6.5%, n_evals: 29
2026-03-04 15:54:38 | INFO | src.tmc_shapley_islands | TMC progress: 4/10 permutations done, cache hit rate: 6.6%, n_evals: 57
2026-03-04 15:55:08 | INFO | src.tmc_shapley_islands | TMC progress: 6/10 permutations done, cache hit rate: 8.8%, n_evals: 83
2026-03-04 15:55:43 | INFO | src.tmc_shapley_islands | TMC progress: 8/10 permutations done, cache hit rate: 9.9%, n_evals: 109
2026-03-04 15:56:13 | INFO | src.tmc_shapley_islands | TMC progress: 10/10 permutations done, cache hit rate: 9.9%, n_evals: 136
2026-03-04 15:56:13 | INFO | src.tmc_shapley_islands | TMC complete: 10 permutations, 0 truncated, 136 utility evals, cache hit rate: 9.9%
2026-03-04 15:56:13 | INFO | src.tmc_shapley_islands | Shapley values (phi, computed on cal set):
2026-03-04 15:56:13 | INFO | src.tmc_shapley_islands |   Nesøy: phi=-0.007115, phi/n=-0.00005979
2026-03-04 15:56:13 | INFO | src.tmc_shapley_islands |   Myken: phi=0.063645, phi/n=0.00069180
2026-03-04 15:56:13 | INFO | src.tmc_shapley_islands |   Træna: phi=0.197075, phi/n=0.00067491
2026-03-04 15:56:13 | INFO | src.tmc_shapley_islands |   Gjerøy: phi=-0.064680, phi/n=-0.00011591
2026-03-04 15:56:13 | INFO | src.tmc_shapley_islands |   Hestmannøy: phi=-0.195993, phi/n=-0.00018181
2026-03-04 15:56:13 | INFO | src.tmc_shapley_islands |   Indre Kvarøy: phi=0.094091, phi/n=0.00026430
2026-03-04 15:56:13 | INFO | src.tmc_shapley_islands |   Onøy og Lurøy: phi=-0.011714, phi/n=-0.00004523
2026-03-04 15:56:13 | INFO | src.tmc_shapley_islands |   Lovund: phi=0.121268, phi/n=0.00076752
2026-03-04 15:56:13 | INFO | src.tmc_shapley_islands |   Sleneset: phi=0.030675, phi/n=0.00018479
2026-03-04 15:56:13 | INFO | src.tmc_shapley_islands |   Aldra: phi=0.015979, phi/n=0.00009236
2026-03-04 15:56:13 | INFO | src.tmc_shapley_islands |   Southern 1: phi=-0.004595, phi/n=-0.00000788
2026-03-04 15:56:13 | INFO | src.tmc_shapley_islands |   Southern 2: phi=-0.032252, phi/n=-0.00008124
2026-03-04 15:56:13 | INFO | src.tmc_shapley_islands |   Southern 3: phi=-0.026220, phi/n=-0.00004490
2026-03-04 15:56:13 | INFO | src.tmc_shapley_islands |   Southern 4: phi=0.107447, phi/n=0.00022109
2026-03-04 15:56:13 | INFO | src.tmc_shapley_islands |   Southern 5: phi=0.006242, phi/n=0.00003090
2026-03-04 15:56:13 | INFO | src.tmc_shapley_islands | Curve retraining early stopping: enabled=True, patience=20
2026-03-04 15:56:13 | INFO | src.tmc_shapley_islands | Computing add-islands curve (evaluated on test set)...
2026-03-04 15:56:13 | INFO | src.tmc_shapley_islands | Add-curve (mean): 1 islands, n=158 -> corr=0.1839
2026-03-04 15:56:14 | INFO | src.tmc_shapley_islands | Add-curve (mean): 2 islands, n=250 -> corr=0.1860
2026-03-04 15:56:14 | INFO | src.tmc_shapley_islands | Add-curve (mean): 3 islands, n=542 -> corr=0.3522
2026-03-04 15:56:14 | INFO | src.tmc_shapley_islands | Add-curve (mean): 4 islands, n=898 -> corr=0.3763
2026-03-04 15:56:15 | INFO | src.tmc_shapley_islands | Add-curve (mean): 5 islands, n=1384 -> corr=0.3852
2026-03-04 15:56:15 | INFO | src.tmc_shapley_islands | Add-curve (mean): 6 islands, n=1550 -> corr=0.3799
2026-03-04 15:56:16 | INFO | src.tmc_shapley_islands | Add-curve (mean): 7 islands, n=1723 -> corr=0.4269
2026-03-04 15:56:17 | INFO | src.tmc_shapley_islands | Add-curve (mean): 8 islands, n=1925 -> corr=0.4162
2026-03-04 15:56:18 | INFO | src.tmc_shapley_islands | Add-curve (mean): 9 islands, n=2508 -> corr=0.4145
2026-03-04 15:56:19 | INFO | src.tmc_shapley_islands | Add-curve (mean): 10 islands, n=3092 -> corr=0.4444
2026-03-04 15:56:20 | INFO | src.tmc_shapley_islands | Add-curve (mean): 11 islands, n=3351 -> corr=0.4466
2026-03-04 15:56:22 | INFO | src.tmc_shapley_islands | Add-curve (mean): 12 islands, n=3470 -> corr=0.4436
2026-03-04 15:56:23 | INFO | src.tmc_shapley_islands | Add-curve (mean): 13 islands, n=3867 -> corr=0.4327
2026-03-04 15:56:25 | INFO | src.tmc_shapley_islands | Add-curve (mean): 14 islands, n=4425 -> corr=0.3854
2026-03-04 15:56:28 | INFO | src.tmc_shapley_islands | Add-curve (mean): 15 islands, n=5503 -> corr=0.4370
2026-03-04 15:56:36 | INFO | src.tmc_shapley_islands | Random individual add-curve (seed=0) complete
2026-03-04 15:56:45 | INFO | src.tmc_shapley_islands | Random individual add-curve (seed=1) complete
2026-03-04 15:56:54 | INFO | src.tmc_shapley_islands | Random individual add-curve (seed=2) complete
2026-03-04 15:57:02 | INFO | src.tmc_shapley_islands | Random individual add-curve (seed=3) complete
2026-03-04 15:57:11 | INFO | src.tmc_shapley_islands | Random individual add-curve (seed=4) complete
2026-03-04 15:57:11 | INFO | src.tmc_shapley_islands | Building mirrored remove-islands curve from add-islands curve...
2026-03-04 15:57:11 | INFO | src.tmc_shapley_islands | Saved Shapley values to outputs/tmc_shapley_sweep_all_traits/shards/shard_018/body_mass/tmp/shapley_island_values_target_3.csv
2026-03-04 15:57:11 | INFO | src.tmc_shapley_islands | Saved summary to outputs/tmc_shapley_sweep_all_traits/shards/shard_018/body_mass/tmp/tmc_summary_target_3.json
2026-03-04 15:57:11 | INFO | src.tmc_shapley_islands | Saved intermediate ranking trace to outputs/tmc_shapley_sweep_all_traits/shards/shard_018/body_mass/tmp/tmc_intermediate_rankings_target_3.csv
2026-03-04 15:57:11 | INFO | src.tmc_shapley_islands | Saved add-curve to outputs/tmc_shapley_sweep_all_traits/shards/shard_018/body_mass/tmp/add_curve_target_3.csv
2026-03-04 15:57:11 | INFO | src.tmc_shapley_islands | Saved remove-curve to outputs/tmc_shapley_sweep_all_traits/shards/shard_018/body_mass/tmp/remove_curve_target_3.csv
2026-03-04 15:57:12 | INFO | src.tmc_shapley_islands | Saved bar plot to outputs/tmc_shapley_sweep_all_traits/shards/shard_018/body_mass/tmp/shapley_bar_target_3.png
2026-03-04 15:57:12 | INFO | src.tmc_shapley_islands | Saved add-curve plot to outputs/tmc_shapley_sweep_all_traits/shards/shard_018/body_mass/tmp/add_curve_target_3.png
2026-03-04 15:57:13 | INFO | src.tmc_shapley_islands | Saved remove-curve plot to outputs/tmc_shapley_sweep_all_traits/shards/shard_018/body_mass/tmp/remove_curve_target_3.png
2026-03-04 15:57:13 | INFO | __main__ | Shard 18/30 trait=body_mass progress 12/75 | target=3 n_cal_samples=40 perm=20 repeat=6
2026-03-04 15:57:13 | INFO | src.tmc_shapley_islands | [Shapley] Target island: 3 (Selvær), source islands: 15
2026-03-04 15:57:14 | INFO | src.tmc_shapley_islands | Data: source=5503 (across 15 islands), cal=40, test=44
2026-03-04 15:57:14 | INFO | src.tmc_shapley_islands | SNP selection: using fixed precomputed subset (n=20000)
2026-03-04 15:57:14 | INFO | src.tmc_shapley_islands | Island counts (capped to None in training):
  Nesøy: n=119
  Myken: n=92
  Træna: n=292
  Gjerøy: n=558
  Hestmannøy: n=1078
  Indre Kvarøy: n=356
  Onøy og Lurøy: n=259
  Lovund: n=158
  Sleneset: n=166
  Aldra: n=173
  Southern 1: n=583
  Southern 2: n=397
  Southern 3: n=584
  Southern 4: n=486
  Southern 5: n=202
2026-03-04 15:57:14 | INFO | src.tmc_shapley_islands | Loaded 136 cached utilities from outputs/tmc_shapley_sweep_all_traits/cache/body_mass/utility_cache_target_3_seed_1315868892.json
2026-03-04 15:57:14 | INFO | src.tmc_shapley_islands | Running TMC-Shapley with 20 permutations (utility on cal set)...
2026-03-04 15:57:14 | INFO | src.tmc_shapley_islands | Computing V_full over all 15 source islands...
2026-03-04 15:57:14 | INFO | src.tmc_shapley_islands | V_full = 0.2939
2026-03-04 15:57:14 | INFO | src.tmc_shapley_islands | TMC head-start: loaded 10 completed permutations from state outputs/tmc_shapley_sweep_all_traits/cache/body_mass/tmc_perm_state_target_3_seed_1315868892.json
2026-03-04 15:57:39 | INFO | src.tmc_shapley_islands | TMC progress: 12/20 permutations done, cache hit rate: 25.8%, n_evals: 23
2026-03-04 15:58:27 | INFO | src.tmc_shapley_islands | TMC progress: 16/20 permutations done, cache hit rate: 19.8%, n_evals: 73
2026-03-04 15:59:26 | INFO | src.tmc_shapley_islands | TMC progress: 20/20 permutations done, cache hit rate: 19.2%, n_evals: 122
2026-03-04 15:59:26 | INFO | src.tmc_shapley_islands | TMC complete: 20 permutations, 0 truncated, 122 utility evals, cache hit rate: 19.2%
2026-03-04 15:59:26 | INFO | src.tmc_shapley_islands | Shapley values (phi, computed on cal set):
2026-03-04 15:59:26 | INFO | src.tmc_shapley_islands |   Nesøy: phi=-0.010088, phi/n=-0.00008478
2026-03-04 15:59:26 | INFO | src.tmc_shapley_islands |   Myken: phi=0.060310, phi/n=0.00065554
2026-03-04 15:59:26 | INFO | src.tmc_shapley_islands |   Træna: phi=0.192447, phi/n=0.00065907
2026-03-04 15:59:26 | INFO | src.tmc_shapley_islands |   Gjerøy: phi=-0.076320, phi/n=-0.00013677
2026-03-04 15:59:26 | INFO | src.tmc_shapley_islands |   Hestmannøy: phi=-0.182785, phi/n=-0.00016956
2026-03-04 15:59:26 | INFO | src.tmc_shapley_islands |   Indre Kvarøy: phi=0.146514, phi/n=0.00041156
2026-03-04 15:59:26 | INFO | src.tmc_shapley_islands |   Onøy og Lurøy: phi=-0.015357, phi/n=-0.00005929
2026-03-04 15:59:26 | INFO | src.tmc_shapley_islands |   Lovund: phi=0.096572, phi/n=0.00061121
2026-03-04 15:59:26 | INFO | src.tmc_shapley_islands |   Sleneset: phi=0.036905, phi/n=0.00022232
2026-03-04 15:59:26 | INFO | src.tmc_shapley_islands |   Aldra: phi=0.016421, phi/n=0.00009492
2026-03-04 15:59:26 | INFO | src.tmc_shapley_islands |   Southern 1: phi=0.002781, phi/n=0.00000477
2026-03-04 15:59:26 | INFO | src.tmc_shapley_islands |   Southern 2: phi=-0.041824, phi/n=-0.00010535
2026-03-04 15:59:26 | INFO | src.tmc_shapley_islands |   Southern 3: phi=-0.029557, phi/n=-0.00005061
2026-03-04 15:59:26 | INFO | src.tmc_shapley_islands |   Southern 4: phi=0.092646, phi/n=0.00019063
2026-03-04 15:59:26 | INFO | src.tmc_shapley_islands |   Southern 5: phi=0.005188, phi/n=0.00002568
2026-03-04 15:59:26 | INFO | src.tmc_shapley_islands | Curve retraining early stopping: enabled=True, patience=20
2026-03-04 15:59:26 | INFO | src.tmc_shapley_islands | Computing add-islands curve (evaluated on test set)...
2026-03-04 15:59:27 | INFO | src.tmc_shapley_islands | Add-curve (mean): 1 islands, n=292 -> corr=0.4035
2026-03-04 15:59:27 | INFO | src.tmc_shapley_islands | Add-curve (mean): 2 islands, n=384 -> corr=0.3601
2026-03-04 15:59:27 | INFO | src.tmc_shapley_islands | Add-curve (mean): 3 islands, n=542 -> corr=0.3522
2026-03-04 15:59:27 | INFO | src.tmc_shapley_islands | Add-curve (mean): 4 islands, n=898 -> corr=0.3763
2026-03-04 15:59:28 | INFO | src.tmc_shapley_islands | Add-curve (mean): 5 islands, n=1064 -> corr=0.3677
2026-03-04 15:59:28 | INFO | src.tmc_shapley_islands | Add-curve (mean): 6 islands, n=1550 -> corr=0.3799
2026-03-04 15:59:29 | INFO | src.tmc_shapley_islands | Add-curve (mean): 7 islands, n=1723 -> corr=0.4269
2026-03-04 15:59:30 | INFO | src.tmc_shapley_islands | Add-curve (mean): 8 islands, n=1925 -> corr=0.4162
2026-03-04 15:59:31 | INFO | src.tmc_shapley_islands | Add-curve (mean): 9 islands, n=2508 -> corr=0.4145
2026-03-04 15:59:32 | INFO | src.tmc_shapley_islands | Add-curve (mean): 10 islands, n=3092 -> corr=0.4444
2026-03-04 15:59:33 | INFO | src.tmc_shapley_islands | Add-curve (mean): 11 islands, n=3351 -> corr=0.4466
2026-03-04 15:59:34 | INFO | src.tmc_shapley_islands | Add-curve (mean): 12 islands, n=3470 -> corr=0.4436
2026-03-04 15:59:36 | INFO | src.tmc_shapley_islands | Add-curve (mean): 13 islands, n=3867 -> corr=0.4327
2026-03-04 15:59:38 | INFO | src.tmc_shapley_islands | Add-curve (mean): 14 islands, n=4425 -> corr=0.3854
2026-03-04 15:59:40 | INFO | src.tmc_shapley_islands | Add-curve (mean): 15 islands, n=5503 -> corr=0.4370
2026-03-04 15:59:49 | INFO | src.tmc_shapley_islands | Random individual add-curve (seed=0) complete
2026-03-04 15:59:57 | INFO | src.tmc_shapley_islands | Random individual add-curve (seed=1) complete
2026-03-04 16:00:06 | INFO | src.tmc_shapley_islands | Random individual add-curve (seed=2) complete
2026-03-04 16:00:15 | INFO | src.tmc_shapley_islands | Random individual add-curve (seed=3) complete
2026-03-04 16:00:23 | INFO | src.tmc_shapley_islands | Random individual add-curve (seed=4) complete
2026-03-04 16:00:23 | INFO | src.tmc_shapley_islands | Building mirrored remove-islands curve from add-islands curve...
2026-03-04 16:00:23 | INFO | src.tmc_shapley_islands | Saved Shapley values to outputs/tmc_shapley_sweep_all_traits/shards/shard_018/body_mass/tmp/shapley_island_values_target_3.csv
2026-03-04 16:00:23 | INFO | src.tmc_shapley_islands | Saved summary to outputs/tmc_shapley_sweep_all_traits/shards/shard_018/body_mass/tmp/tmc_summary_target_3.json
2026-03-04 16:00:23 | INFO | src.tmc_shapley_islands | Saved intermediate ranking trace to outputs/tmc_shapley_sweep_all_traits/shards/shard_018/body_mass/tmp/tmc_intermediate_rankings_target_3.csv
2026-03-04 16:00:23 | INFO | src.tmc_shapley_islands | Saved add-curve to outputs/tmc_shapley_sweep_all_traits/shards/shard_018/body_mass/tmp/add_curve_target_3.csv
2026-03-04 16:00:23 | INFO | src.tmc_shapley_islands | Saved remove-curve to outputs/tmc_shapley_sweep_all_traits/shards/shard_018/body_mass/tmp/remove_curve_target_3.csv
2026-03-04 16:00:23 | INFO | src.tmc_shapley_islands | Saved bar plot to outputs/tmc_shapley_sweep_all_traits/shards/shard_018/body_mass/tmp/shapley_bar_target_3.png
2026-03-04 16:00:24 | INFO | src.tmc_shapley_islands | Saved add-curve plot to outputs/tmc_shapley_sweep_all_traits/shards/shard_018/body_mass/tmp/add_curve_target_3.png
2026-03-04 16:00:24 | INFO | src.tmc_shapley_islands | Saved remove-curve plot to outputs/tmc_shapley_sweep_all_traits/shards/shard_018/body_mass/tmp/remove_curve_target_3.png
2026-03-04 16:00:24 | INFO | __main__ | Shard 18/30 trait=body_mass progress 13/75 | target=3 n_cal_samples=40 perm=40 repeat=6
2026-03-04 16:00:24 | INFO | src.tmc_shapley_islands | [Shapley] Target island: 3 (Selvær), source islands: 15
2026-03-04 16:00:25 | INFO | src.tmc_shapley_islands | Data: source=5503 (across 15 islands), cal=40, test=44
2026-03-04 16:00:25 | INFO | src.tmc_shapley_islands | SNP selection: using fixed precomputed subset (n=20000)
2026-03-04 16:00:25 | INFO | src.tmc_shapley_islands | Island counts (capped to None in training):
  Nesøy: n=119
  Myken: n=92
  Træna: n=292
  Gjerøy: n=558
  Hestmannøy: n=1078
  Indre Kvarøy: n=356
  Onøy og Lurøy: n=259
  Lovund: n=158
  Sleneset: n=166
  Aldra: n=173
  Southern 1: n=583
  Southern 2: n=397
  Southern 3: n=584
  Southern 4: n=486
  Southern 5: n=202
2026-03-04 16:00:25 | INFO | src.tmc_shapley_islands | Loaded 258 cached utilities from outputs/tmc_shapley_sweep_all_traits/cache/body_mass/utility_cache_target_3_seed_1315868892.json
2026-03-04 16:00:25 | INFO | src.tmc_shapley_islands | Running TMC-Shapley with 40 permutations (utility on cal set)...
2026-03-04 16:00:25 | INFO | src.tmc_shapley_islands | Computing V_full over all 15 source islands...
2026-03-04 16:00:25 | INFO | src.tmc_shapley_islands | V_full = 0.2939
2026-03-04 16:00:25 | INFO | src.tmc_shapley_islands | TMC head-start: loaded 20 completed permutations from state outputs/tmc_shapley_sweep_all_traits/cache/body_mass/tmc_perm_state_target_3_seed_1315868892.json
2026-03-04 16:01:18 | INFO | src.tmc_shapley_islands | TMC progress: 24/40 permutations done, cache hit rate: 19.7%, n_evals: 49
2026-03-04 16:02:54 | INFO | src.tmc_shapley_islands | TMC progress: 32/40 permutations done, cache hit rate: 21.5%, n_evals: 142
2026-03-04 16:04:24 | INFO | src.tmc_shapley_islands | TMC progress: 40/40 permutations done, cache hit rate: 25.2%, n_evals: 225
2026-03-04 16:04:24 | INFO | src.tmc_shapley_islands | TMC complete: 40 permutations, 0 truncated, 225 utility evals, cache hit rate: 25.2%
2026-03-04 16:04:24 | INFO | src.tmc_shapley_islands | Shapley values (phi, computed on cal set):
2026-03-04 16:04:24 | INFO | src.tmc_shapley_islands |   Nesøy: phi=-0.011808, phi/n=-0.00009923
2026-03-04 16:04:24 | INFO | src.tmc_shapley_islands |   Myken: phi=0.077359, phi/n=0.00084086
2026-03-04 16:04:24 | INFO | src.tmc_shapley_islands |   Træna: phi=0.156717, phi/n=0.00053670
2026-03-04 16:04:24 | INFO | src.tmc_shapley_islands |   Gjerøy: phi=-0.085017, phi/n=-0.00015236
2026-03-04 16:04:24 | INFO | src.tmc_shapley_islands |   Hestmannøy: phi=-0.169166, phi/n=-0.00015693
2026-03-04 16:04:24 | INFO | src.tmc_shapley_islands |   Indre Kvarøy: phi=0.173463, phi/n=0.00048726
2026-03-04 16:04:24 | INFO | src.tmc_shapley_islands |   Onøy og Lurøy: phi=-0.021985, phi/n=-0.00008489
2026-03-04 16:04:24 | INFO | src.tmc_shapley_islands |   Lovund: phi=0.084963, phi/n=0.00053774
2026-03-04 16:04:24 | INFO | src.tmc_shapley_islands |   Sleneset: phi=0.031683, phi/n=0.00019086
2026-03-04 16:04:24 | INFO | src.tmc_shapley_islands |   Aldra: phi=0.016837, phi/n=0.00009732
2026-03-04 16:04:24 | INFO | src.tmc_shapley_islands |   Southern 1: phi=0.002490, phi/n=0.00000427
2026-03-04 16:04:24 | INFO | src.tmc_shapley_islands |   Southern 2: phi=-0.033637, phi/n=-0.00008473
2026-03-04 16:04:24 | INFO | src.tmc_shapley_islands |   Southern 3: phi=-0.032082, phi/n=-0.00005494
2026-03-04 16:04:24 | INFO | src.tmc_shapley_islands |   Southern 4: phi=0.099274, phi/n=0.00020427
2026-03-04 16:04:24 | INFO | src.tmc_shapley_islands |   Southern 5: phi=0.004761, phi/n=0.00002357
2026-03-04 16:04:24 | INFO | src.tmc_shapley_islands | Curve retraining early stopping: enabled=True, patience=20
2026-03-04 16:04:24 | INFO | src.tmc_shapley_islands | Computing add-islands curve (evaluated on test set)...
2026-03-04 16:04:24 | INFO | src.tmc_shapley_islands | Add-curve (mean): 1 islands, n=92 -> corr=0.1457
2026-03-04 16:04:24 | INFO | src.tmc_shapley_islands | Add-curve (mean): 2 islands, n=250 -> corr=0.1860
2026-03-04 16:04:24 | INFO | src.tmc_shapley_islands | Add-curve (mean): 3 islands, n=542 -> corr=0.3522
2026-03-04 16:04:25 | INFO | src.tmc_shapley_islands | Add-curve (mean): 4 islands, n=898 -> corr=0.3763
2026-03-04 16:04:25 | INFO | src.tmc_shapley_islands | Add-curve (mean): 5 islands, n=1384 -> corr=0.3852
2026-03-04 16:04:26 | INFO | src.tmc_shapley_islands | Add-curve (mean): 6 islands, n=1550 -> corr=0.3799
2026-03-04 16:04:27 | INFO | src.tmc_shapley_islands | Add-curve (mean): 7 islands, n=1723 -> corr=0.4269
2026-03-04 16:04:27 | INFO | src.tmc_shapley_islands | Add-curve (mean): 8 islands, n=1925 -> corr=0.4162
2026-03-04 16:04:28 | INFO | src.tmc_shapley_islands | Add-curve (mean): 9 islands, n=2508 -> corr=0.4145
2026-03-04 16:04:30 | INFO | src.tmc_shapley_islands | Add-curve (mean): 10 islands, n=3092 -> corr=0.4444
2026-03-04 16:04:31 | INFO | src.tmc_shapley_islands | Add-curve (mean): 11 islands, n=3489 -> corr=0.4252
2026-03-04 16:04:32 | INFO | src.tmc_shapley_islands | Add-curve (mean): 12 islands, n=3748 -> corr=0.4319
2026-03-04 16:04:34 | INFO | src.tmc_shapley_islands | Add-curve (mean): 13 islands, n=3867 -> corr=0.4327
2026-03-04 16:04:36 | INFO | src.tmc_shapley_islands | Add-curve (mean): 14 islands, n=4425 -> corr=0.3854
2026-03-04 16:04:38 | INFO | src.tmc_shapley_islands | Add-curve (mean): 15 islands, n=5503 -> corr=0.4370
2026-03-04 16:04:47 | INFO | src.tmc_shapley_islands | Random individual add-curve (seed=0) complete
2026-03-04 16:04:56 | INFO | src.tmc_shapley_islands | Random individual add-curve (seed=1) complete
2026-03-04 16:05:05 | INFO | src.tmc_shapley_islands | Random individual add-curve (seed=2) complete
2026-03-04 16:05:14 | INFO | src.tmc_shapley_islands | Random individual add-curve (seed=3) complete
2026-03-04 16:05:23 | INFO | src.tmc_shapley_islands | Random individual add-curve (seed=4) complete
2026-03-04 16:05:23 | INFO | src.tmc_shapley_islands | Building mirrored remove-islands curve from add-islands curve...
2026-03-04 16:05:23 | INFO | src.tmc_shapley_islands | Saved Shapley values to outputs/tmc_shapley_sweep_all_traits/shards/shard_018/body_mass/tmp/shapley_island_values_target_3.csv
2026-03-04 16:05:23 | INFO | src.tmc_shapley_islands | Saved summary to outputs/tmc_shapley_sweep_all_traits/shards/shard_018/body_mass/tmp/tmc_summary_target_3.json
2026-03-04 16:05:23 | INFO | src.tmc_shapley_islands | Saved intermediate ranking trace to outputs/tmc_shapley_sweep_all_traits/shards/shard_018/body_mass/tmp/tmc_intermediate_rankings_target_3.csv
2026-03-04 16:05:23 | INFO | src.tmc_shapley_islands | Saved add-curve to outputs/tmc_shapley_sweep_all_traits/shards/shard_018/body_mass/tmp/add_curve_target_3.csv
2026-03-04 16:05:23 | INFO | src.tmc_shapley_islands | Saved remove-curve to outputs/tmc_shapley_sweep_all_traits/shards/shard_018/body_mass/tmp/remove_curve_target_3.csv
2026-03-04 16:05:24 | INFO | src.tmc_shapley_islands | Saved bar plot to outputs/tmc_shapley_sweep_all_traits/shards/shard_018/body_mass/tmp/shapley_bar_target_3.png
2026-03-04 16:05:24 | INFO | src.tmc_shapley_islands | Saved add-curve plot to outputs/tmc_shapley_sweep_all_traits/shards/shard_018/body_mass/tmp/add_curve_target_3.png
2026-03-04 16:05:25 | INFO | src.tmc_shapley_islands | Saved remove-curve plot to outputs/tmc_shapley_sweep_all_traits/shards/shard_018/body_mass/tmp/remove_curve_target_3.png
2026-03-04 16:05:25 | INFO | __main__ | Shard 18/30 trait=body_mass progress 14/75 | target=3 n_cal_samples=40 perm=80 repeat=6
2026-03-04 16:05:25 | INFO | src.tmc_shapley_islands | [Shapley] Target island: 3 (Selvær), source islands: 15
2026-03-04 16:05:25 | INFO | src.tmc_shapley_islands | Data: source=5503 (across 15 islands), cal=40, test=44
2026-03-04 16:05:25 | INFO | src.tmc_shapley_islands | SNP selection: using fixed precomputed subset (n=20000)
2026-03-04 16:05:25 | INFO | src.tmc_shapley_islands | Island counts (capped to None in training):
  Nesøy: n=119
  Myken: n=92
  Træna: n=292
  Gjerøy: n=558
  Hestmannøy: n=1078
  Indre Kvarøy: n=356
  Onøy og Lurøy: n=259
  Lovund: n=158
  Sleneset: n=166
  Aldra: n=173
  Southern 1: n=583
  Southern 2: n=397
  Southern 3: n=584
  Southern 4: n=486
  Southern 5: n=202
2026-03-04 16:05:25 | INFO | src.tmc_shapley_islands | Loaded 483 cached utilities from outputs/tmc_shapley_sweep_all_traits/cache/body_mass/utility_cache_target_3_seed_1315868892.json
2026-03-04 16:05:25 | INFO | src.tmc_shapley_islands | Running TMC-Shapley with 80 permutations (utility on cal set)...
2026-03-04 16:05:25 | INFO | src.tmc_shapley_islands | Computing V_full over all 15 source islands...
2026-03-04 16:05:25 | INFO | src.tmc_shapley_islands | V_full = 0.2939
2026-03-04 16:05:25 | INFO | src.tmc_shapley_islands | TMC head-start: loaded 40 completed permutations from state outputs/tmc_shapley_sweep_all_traits/cache/body_mass/tmc_perm_state_target_3_seed_1315868892.json
2026-03-04 16:06:58 | INFO | src.tmc_shapley_islands | TMC progress: 48/80 permutations done, cache hit rate: 28.9%, n_evals: 86
2026-03-04 16:10:12 | INFO | src.tmc_shapley_islands | TMC progress: 64/80 permutations done, cache hit rate: 27.4%, n_evals: 262
2026-03-04 16:13:17 | INFO | src.tmc_shapley_islands | TMC progress: 80/80 permutations done, cache hit rate: 28.6%, n_evals: 429
2026-03-04 16:13:17 | INFO | src.tmc_shapley_islands | TMC complete: 80 permutations, 0 truncated, 429 utility evals, cache hit rate: 28.6%
2026-03-04 16:13:17 | INFO | src.tmc_shapley_islands | Shapley values (phi, computed on cal set):
2026-03-04 16:13:17 | INFO | src.tmc_shapley_islands |   Nesøy: phi=-0.016064, phi/n=-0.00013499
2026-03-04 16:13:17 | INFO | src.tmc_shapley_islands |   Myken: phi=0.103784, phi/n=0.00112809
2026-03-04 16:13:17 | INFO | src.tmc_shapley_islands |   Træna: phi=0.139032, phi/n=0.00047614
2026-03-04 16:13:17 | INFO | src.tmc_shapley_islands |   Gjerøy: phi=-0.081439, phi/n=-0.00014595
2026-03-04 16:13:17 | INFO | src.tmc_shapley_islands |   Hestmannøy: phi=-0.176355, phi/n=-0.00016360
2026-03-04 16:13:17 | INFO | src.tmc_shapley_islands |   Indre Kvarøy: phi=0.173578, phi/n=0.00048758
2026-03-04 16:13:17 | INFO | src.tmc_shapley_islands |   Onøy og Lurøy: phi=-0.022266, phi/n=-0.00008597
2026-03-04 16:13:17 | INFO | src.tmc_shapley_islands |   Lovund: phi=0.088124, phi/n=0.00055775
2026-03-04 16:13:17 | INFO | src.tmc_shapley_islands |   Sleneset: phi=0.030522, phi/n=0.00018387
2026-03-04 16:13:17 | INFO | src.tmc_shapley_islands |   Aldra: phi=0.017123, phi/n=0.00009898
2026-03-04 16:13:17 | INFO | src.tmc_shapley_islands |   Southern 1: phi=-0.000426, phi/n=-0.00000073
2026-03-04 16:13:17 | INFO | src.tmc_shapley_islands |   Southern 2: phi=-0.035575, phi/n=-0.00008961
2026-03-04 16:13:17 | INFO | src.tmc_shapley_islands |   Southern 3: phi=-0.033650, phi/n=-0.00005762
2026-03-04 16:13:17 | INFO | src.tmc_shapley_islands |   Southern 4: phi=0.105199, phi/n=0.00021646
2026-03-04 16:13:17 | INFO | src.tmc_shapley_islands |   Southern 5: phi=0.002265, phi/n=0.00001121
2026-03-04 16:13:17 | INFO | src.tmc_shapley_islands | Curve retraining early stopping: enabled=True, patience=20
2026-03-04 16:13:17 | INFO | src.tmc_shapley_islands | Computing add-islands curve (evaluated on test set)...
2026-03-04 16:13:17 | INFO | src.tmc_shapley_islands | Add-curve (mean): 1 islands, n=92 -> corr=0.1457
2026-03-04 16:13:18 | INFO | src.tmc_shapley_islands | Add-curve (mean): 2 islands, n=250 -> corr=0.1860
2026-03-04 16:13:18 | INFO | src.tmc_shapley_islands | Add-curve (mean): 3 islands, n=606 -> corr=0.2377
2026-03-04 16:13:18 | INFO | src.tmc_shapley_islands | Add-curve (mean): 4 islands, n=898 -> corr=0.3763
2026-03-04 16:13:19 | INFO | src.tmc_shapley_islands | Add-curve (mean): 5 islands, n=1384 -> corr=0.3852
2026-03-04 16:13:19 | INFO | src.tmc_shapley_islands | Add-curve (mean): 6 islands, n=1550 -> corr=0.3799
2026-03-04 16:13:20 | INFO | src.tmc_shapley_islands | Add-curve (mean): 7 islands, n=1723 -> corr=0.4269
2026-03-04 16:13:21 | INFO | src.tmc_shapley_islands | Add-curve (mean): 8 islands, n=1925 -> corr=0.4162
2026-03-04 16:13:22 | INFO | src.tmc_shapley_islands | Add-curve (mean): 9 islands, n=2508 -> corr=0.4145
2026-03-04 16:13:23 | INFO | src.tmc_shapley_islands | Add-curve (mean): 10 islands, n=3092 -> corr=0.4444
2026-03-04 16:13:24 | INFO | src.tmc_shapley_islands | Add-curve (mean): 11 islands, n=3351 -> corr=0.4466
2026-03-04 16:13:26 | INFO | src.tmc_shapley_islands | Add-curve (mean): 12 islands, n=3748 -> corr=0.4319
2026-03-04 16:13:27 | INFO | src.tmc_shapley_islands | Add-curve (mean): 13 islands, n=3867 -> corr=0.4327
2026-03-04 16:13:29 | INFO | src.tmc_shapley_islands | Add-curve (mean): 14 islands, n=4425 -> corr=0.3854
2026-03-04 16:13:32 | INFO | src.tmc_shapley_islands | Add-curve (mean): 15 islands, n=5503 -> corr=0.4370
2026-03-04 16:13:41 | INFO | src.tmc_shapley_islands | Random individual add-curve (seed=0) complete
2026-03-04 16:13:50 | INFO | src.tmc_shapley_islands | Random individual add-curve (seed=1) complete
2026-03-04 16:13:59 | INFO | src.tmc_shapley_islands | Random individual add-curve (seed=2) complete
2026-03-04 16:14:07 | INFO | src.tmc_shapley_islands | Random individual add-curve (seed=3) complete
2026-03-04 16:14:15 | INFO | src.tmc_shapley_islands | Random individual add-curve (seed=4) complete
2026-03-04 16:14:15 | INFO | src.tmc_shapley_islands | Building mirrored remove-islands curve from add-islands curve...
2026-03-04 16:14:15 | INFO | src.tmc_shapley_islands | Saved Shapley values to outputs/tmc_shapley_sweep_all_traits/shards/shard_018/body_mass/tmp/shapley_island_values_target_3.csv
2026-03-04 16:14:15 | INFO | src.tmc_shapley_islands | Saved summary to outputs/tmc_shapley_sweep_all_traits/shards/shard_018/body_mass/tmp/tmc_summary_target_3.json
2026-03-04 16:14:15 | INFO | src.tmc_shapley_islands | Saved intermediate ranking trace to outputs/tmc_shapley_sweep_all_traits/shards/shard_018/body_mass/tmp/tmc_intermediate_rankings_target_3.csv
2026-03-04 16:14:15 | INFO | src.tmc_shapley_islands | Saved add-curve to outputs/tmc_shapley_sweep_all_traits/shards/shard_018/body_mass/tmp/add_curve_target_3.csv
2026-03-04 16:14:15 | INFO | src.tmc_shapley_islands | Saved remove-curve to outputs/tmc_shapley_sweep_all_traits/shards/shard_018/body_mass/tmp/remove_curve_target_3.csv
2026-03-04 16:14:16 | INFO | src.tmc_shapley_islands | Saved bar plot to outputs/tmc_shapley_sweep_all_traits/shards/shard_018/body_mass/tmp/shapley_bar_target_3.png
2026-03-04 16:14:16 | INFO | src.tmc_shapley_islands | Saved add-curve plot to outputs/tmc_shapley_sweep_all_traits/shards/shard_018/body_mass/tmp/add_curve_target_3.png
2026-03-04 16:14:17 | INFO | src.tmc_shapley_islands | Saved remove-curve plot to outputs/tmc_shapley_sweep_all_traits/shards/shard_018/body_mass/tmp/remove_curve_target_3.png
2026-03-04 16:14:17 | INFO | __main__ | Shard 18/30 trait=body_mass progress 15/75 | target=3 n_cal_samples=40 perm=150 repeat=6
2026-03-04 16:14:17 | INFO | src.tmc_shapley_islands | [Shapley] Target island: 3 (Selvær), source islands: 15
2026-03-04 16:14:18 | INFO | src.tmc_shapley_islands | Data: source=5503 (across 15 islands), cal=40, test=44
2026-03-04 16:14:18 | INFO | src.tmc_shapley_islands | SNP selection: using fixed precomputed subset (n=20000)
2026-03-04 16:14:18 | INFO | src.tmc_shapley_islands | Island counts (capped to None in training):
  Nesøy: n=119
  Myken: n=92
  Træna: n=292
  Gjerøy: n=558
  Hestmannøy: n=1078
  Indre Kvarøy: n=356
  Onøy og Lurøy: n=259
  Lovund: n=158
  Sleneset: n=166
  Aldra: n=173
  Southern 1: n=583
  Southern 2: n=397
  Southern 3: n=584
  Southern 4: n=486
  Southern 5: n=202
2026-03-04 16:14:18 | INFO | src.tmc_shapley_islands | Loaded 912 cached utilities from outputs/tmc_shapley_sweep_all_traits/cache/body_mass/utility_cache_target_3_seed_1315868892.json
2026-03-04 16:14:18 | INFO | src.tmc_shapley_islands | Running TMC-Shapley with 150 permutations (utility on cal set)...
2026-03-04 16:14:18 | INFO | src.tmc_shapley_islands | Computing V_full over all 15 source islands...
2026-03-04 16:14:18 | INFO | src.tmc_shapley_islands | V_full = 0.2939
2026-03-04 16:14:18 | INFO | src.tmc_shapley_islands | TMC head-start: loaded 80 completed permutations from state outputs/tmc_shapley_sweep_all_traits/cache/body_mass/tmc_perm_state_target_3_seed_1315868892.json
2026-03-04 16:15:55 | INFO | src.tmc_shapley_islands | TMC progress: 90/150 permutations done, cache hit rate: 30.5%, n_evals: 105
2026-03-04 16:21:13 | INFO | src.tmc_shapley_islands | TMC progress: 120/150 permutations done, cache hit rate: 32.3%, n_evals: 407
2026-03-04 16:26:47 | INFO | src.tmc_shapley_islands | TMC progress: 150/150 permutations done, cache hit rate: 32.4%, n_evals: 710
2026-03-04 16:26:47 | INFO | src.tmc_shapley_islands | TMC complete: 150 permutations, 0 truncated, 710 utility evals, cache hit rate: 32.4%
2026-03-04 16:26:47 | INFO | src.tmc_shapley_islands | Shapley values (phi, computed on cal set):
2026-03-04 16:26:47 | INFO | src.tmc_shapley_islands |   Nesøy: phi=-0.020701, phi/n=-0.00017396
2026-03-04 16:26:47 | INFO | src.tmc_shapley_islands |   Myken: phi=0.115108, phi/n=0.00125118
2026-03-04 16:26:47 | INFO | src.tmc_shapley_islands |   Træna: phi=0.124784, phi/n=0.00042734
2026-03-04 16:26:47 | INFO | src.tmc_shapley_islands |   Gjerøy: phi=-0.082126, phi/n=-0.00014718
2026-03-04 16:26:47 | INFO | src.tmc_shapley_islands |   Hestmannøy: phi=-0.173315, phi/n=-0.00016077
2026-03-04 16:26:47 | INFO | src.tmc_shapley_islands |   Indre Kvarøy: phi=0.168935, phi/n=0.00047454
2026-03-04 16:26:47 | INFO | src.tmc_shapley_islands |   Onøy og Lurøy: phi=-0.022618, phi/n=-0.00008733
2026-03-04 16:26:47 | INFO | src.tmc_shapley_islands |   Lovund: phi=0.096844, phi/n=0.00061293
2026-03-04 16:26:47 | INFO | src.tmc_shapley_islands |   Sleneset: phi=0.031954, phi/n=0.00019249
2026-03-04 16:26:47 | INFO | src.tmc_shapley_islands |   Aldra: phi=0.016965, phi/n=0.00009806
2026-03-04 16:26:47 | INFO | src.tmc_shapley_islands |   Southern 1: phi=0.002726, phi/n=0.00000468
2026-03-04 16:26:47 | INFO | src.tmc_shapley_islands |   Southern 2: phi=-0.035349, phi/n=-0.00008904
2026-03-04 16:26:47 | INFO | src.tmc_shapley_islands |   Southern 3: phi=-0.031846, phi/n=-0.00005453
2026-03-04 16:26:47 | INFO | src.tmc_shapley_islands |   Southern 4: phi=0.099388, phi/n=0.00020450
2026-03-04 16:26:47 | INFO | src.tmc_shapley_islands |   Southern 5: phi=0.003104, phi/n=0.00001537
2026-03-04 16:26:47 | INFO | src.tmc_shapley_islands | Curve retraining early stopping: enabled=True, patience=20
2026-03-04 16:26:47 | INFO | src.tmc_shapley_islands | Computing add-islands curve (evaluated on test set)...
2026-03-04 16:26:47 | INFO | src.tmc_shapley_islands | Add-curve (mean): 1 islands, n=92 -> corr=0.1457
2026-03-04 16:26:47 | INFO | src.tmc_shapley_islands | Add-curve (mean): 2 islands, n=250 -> corr=0.1860
2026-03-04 16:26:47 | INFO | src.tmc_shapley_islands | Add-curve (mean): 3 islands, n=606 -> corr=0.2377
2026-03-04 16:26:48 | INFO | src.tmc_shapley_islands | Add-curve (mean): 4 islands, n=898 -> corr=0.3763
2026-03-04 16:26:48 | INFO | src.tmc_shapley_islands | Add-curve (mean): 5 islands, n=1384 -> corr=0.3852
2026-03-04 16:26:49 | INFO | src.tmc_shapley_islands | Add-curve (mean): 6 islands, n=1550 -> corr=0.3799
2026-03-04 16:26:49 | INFO | src.tmc_shapley_islands | Add-curve (mean): 7 islands, n=1723 -> corr=0.4269
2026-03-04 16:26:50 | INFO | src.tmc_shapley_islands | Add-curve (mean): 8 islands, n=1925 -> corr=0.4162
2026-03-04 16:26:51 | INFO | src.tmc_shapley_islands | Add-curve (mean): 9 islands, n=2508 -> corr=0.4145
2026-03-04 16:26:52 | INFO | src.tmc_shapley_islands | Add-curve (mean): 10 islands, n=3092 -> corr=0.4444
2026-03-04 16:26:54 | INFO | src.tmc_shapley_islands | Add-curve (mean): 11 islands, n=3351 -> corr=0.4466
2026-03-04 16:26:55 | INFO | src.tmc_shapley_islands | Add-curve (mean): 12 islands, n=3748 -> corr=0.4319
2026-03-04 16:26:57 | INFO | src.tmc_shapley_islands | Add-curve (mean): 13 islands, n=4306 -> corr=0.3822
2026-03-04 16:26:59 | INFO | src.tmc_shapley_islands | Add-curve (mean): 14 islands, n=5384 -> corr=0.4413
2026-03-04 16:27:02 | INFO | src.tmc_shapley_islands | Add-curve (mean): 15 islands, n=5503 -> corr=0.4370
2026-03-04 16:27:11 | INFO | src.tmc_shapley_islands | Random individual add-curve (seed=0) complete
2026-03-04 16:27:21 | INFO | src.tmc_shapley_islands | Random individual add-curve (seed=1) complete
2026-03-04 16:27:30 | INFO | src.tmc_shapley_islands | Random individual add-curve (seed=2) complete
2026-03-04 16:27:39 | INFO | src.tmc_shapley_islands | Random individual add-curve (seed=3) complete
2026-03-04 16:27:49 | INFO | src.tmc_shapley_islands | Random individual add-curve (seed=4) complete
2026-03-04 16:27:49 | INFO | src.tmc_shapley_islands | Building mirrored remove-islands curve from add-islands curve...
2026-03-04 16:27:49 | INFO | src.tmc_shapley_islands | Saved Shapley values to outputs/tmc_shapley_sweep_all_traits/shards/shard_018/body_mass/tmp/shapley_island_values_target_3.csv
2026-03-04 16:27:49 | INFO | src.tmc_shapley_islands | Saved summary to outputs/tmc_shapley_sweep_all_traits/shards/shard_018/body_mass/tmp/tmc_summary_target_3.json
2026-03-04 16:27:49 | INFO | src.tmc_shapley_islands | Saved intermediate ranking trace to outputs/tmc_shapley_sweep_all_traits/shards/shard_018/body_mass/tmp/tmc_intermediate_rankings_target_3.csv
2026-03-04 16:27:49 | INFO | src.tmc_shapley_islands | Saved add-curve to outputs/tmc_shapley_sweep_all_traits/shards/shard_018/body_mass/tmp/add_curve_target_3.csv
2026-03-04 16:27:49 | INFO | src.tmc_shapley_islands | Saved remove-curve to outputs/tmc_shapley_sweep_all_traits/shards/shard_018/body_mass/tmp/remove_curve_target_3.csv
2026-03-04 16:27:50 | INFO | src.tmc_shapley_islands | Saved bar plot to outputs/tmc_shapley_sweep_all_traits/shards/shard_018/body_mass/tmp/shapley_bar_target_3.png
2026-03-04 16:27:50 | INFO | src.tmc_shapley_islands | Saved add-curve plot to outputs/tmc_shapley_sweep_all_traits/shards/shard_018/body_mass/tmp/add_curve_target_3.png
2026-03-04 16:27:51 | INFO | src.tmc_shapley_islands | Saved remove-curve plot to outputs/tmc_shapley_sweep_all_traits/shards/shard_018/body_mass/tmp/remove_curve_target_3.png
2026-03-04 16:27:51 | INFO | __main__ | Shard 18/30 trait=body_mass progress 16/75 | target=3 n_cal_samples=80 perm=10 repeat=6
2026-03-04 16:27:51 | INFO | src.tmc_shapley_islands | [Shapley] Target island: 3 (Selvær), source islands: 15
2026-03-04 16:27:51 | INFO | src.tmc_shapley_islands | Data: source=5503 (across 15 islands), cal=80, test=44
2026-03-04 16:27:51 | INFO | src.tmc_shapley_islands | SNP selection: using fixed precomputed subset (n=20000)
2026-03-04 16:27:51 | INFO | src.tmc_shapley_islands | Island counts (capped to None in training):
  Nesøy: n=119
  Myken: n=92
  Træna: n=292
  Gjerøy: n=558
  Hestmannøy: n=1078
  Indre Kvarøy: n=356
  Onøy og Lurøy: n=259
  Lovund: n=158
  Sleneset: n=166
  Aldra: n=173
  Southern 1: n=583
  Southern 2: n=397
  Southern 3: n=584
  Southern 4: n=486
  Southern 5: n=202
2026-03-04 16:27:51 | INFO | src.tmc_shapley_islands | Running TMC-Shapley with 10 permutations (utility on cal set)...
2026-03-04 16:27:51 | INFO | src.tmc_shapley_islands | Computing V_full over all 15 source islands...
2026-03-04 16:27:54 | INFO | src.tmc_shapley_islands | V_full = 0.2511
2026-03-04 16:28:28 | INFO | src.tmc_shapley_islands | TMC progress: 2/10 permutations done, cache hit rate: 6.5%, n_evals: 29
2026-03-04 16:28:56 | INFO | src.tmc_shapley_islands | TMC progress: 4/10 permutations done, cache hit rate: 9.8%, n_evals: 55
2026-03-04 16:29:22 | INFO | src.tmc_shapley_islands | TMC progress: 6/10 permutations done, cache hit rate: 11.0%, n_evals: 81
2026-03-04 16:29:53 | INFO | src.tmc_shapley_islands | TMC progress: 8/10 permutations done, cache hit rate: 11.6%, n_evals: 107
2026-03-04 16:30:23 | INFO | src.tmc_shapley_islands | TMC progress: 10/10 permutations done, cache hit rate: 11.3%, n_evals: 134
2026-03-04 16:30:23 | INFO | src.tmc_shapley_islands | TMC complete: 10 permutations, 0 truncated, 134 utility evals, cache hit rate: 11.3%
2026-03-04 16:30:23 | INFO | src.tmc_shapley_islands | Shapley values (phi, computed on cal set):
2026-03-04 16:30:23 | INFO | src.tmc_shapley_islands |   Nesøy: phi=0.004146, phi/n=0.00003484
2026-03-04 16:30:23 | INFO | src.tmc_shapley_islands |   Myken: phi=0.016059, phi/n=0.00017456
2026-03-04 16:30:23 | INFO | src.tmc_shapley_islands |   Træna: phi=0.129856, phi/n=0.00044471
2026-03-04 16:30:23 | INFO | src.tmc_shapley_islands |   Gjerøy: phi=-0.018995, phi/n=-0.00003404
2026-03-04 16:30:23 | INFO | src.tmc_shapley_islands |   Hestmannøy: phi=0.013566, phi/n=0.00001258
2026-03-04 16:30:23 | INFO | src.tmc_shapley_islands |   Indre Kvarøy: phi=0.078091, phi/n=0.00021936
2026-03-04 16:30:23 | INFO | src.tmc_shapley_islands |   Onøy og Lurøy: phi=-0.070443, phi/n=-0.00027198
2026-03-04 16:30:23 | INFO | src.tmc_shapley_islands |   Lovund: phi=0.084404, phi/n=0.00053420
2026-03-04 16:30:23 | INFO | src.tmc_shapley_islands |   Sleneset: phi=-0.006005, phi/n=-0.00003617
2026-03-04 16:30:23 | INFO | src.tmc_shapley_islands |   Aldra: phi=0.016495, phi/n=0.00009534
2026-03-04 16:30:23 | INFO | src.tmc_shapley_islands |   Southern 1: phi=-0.023250, phi/n=-0.00003988
2026-03-04 16:30:23 | INFO | src.tmc_shapley_islands |   Southern 2: phi=-0.006510, phi/n=-0.00001640
2026-03-04 16:30:23 | INFO | src.tmc_shapley_islands |   Southern 3: phi=-0.009165, phi/n=-0.00001569
2026-03-04 16:30:23 | INFO | src.tmc_shapley_islands |   Southern 4: phi=0.021014, phi/n=0.00004324
2026-03-04 16:30:23 | INFO | src.tmc_shapley_islands |   Southern 5: phi=0.021868, phi/n=0.00010826
2026-03-04 16:30:23 | INFO | src.tmc_shapley_islands | Curve retraining early stopping: enabled=True, patience=20
2026-03-04 16:30:23 | INFO | src.tmc_shapley_islands | Computing add-islands curve (evaluated on test set)...
2026-03-04 16:30:23 | INFO | src.tmc_shapley_islands | Add-curve (mean): 1 islands, n=158 -> corr=0.2680
2026-03-04 16:30:23 | INFO | src.tmc_shapley_islands | Add-curve (mean): 2 islands, n=450 -> corr=0.2976
2026-03-04 16:30:24 | INFO | src.tmc_shapley_islands | Add-curve (mean): 3 islands, n=806 -> corr=0.3013
2026-03-04 16:30:24 | INFO | src.tmc_shapley_islands | Add-curve (mean): 4 islands, n=898 -> corr=0.2811
2026-03-04 16:30:24 | INFO | src.tmc_shapley_islands | Add-curve (mean): 5 islands, n=1100 -> corr=0.2892
2026-03-04 16:30:25 | INFO | src.tmc_shapley_islands | Add-curve (mean): 6 islands, n=1273 -> corr=0.2985
2026-03-04 16:30:26 | INFO | src.tmc_shapley_islands | Add-curve (mean): 7 islands, n=1759 -> corr=0.2450
2026-03-04 16:30:26 | INFO | src.tmc_shapley_islands | Add-curve (mean): 8 islands, n=1878 -> corr=0.2110
2026-03-04 16:30:27 | INFO | src.tmc_shapley_islands | Add-curve (mean): 9 islands, n=2956 -> corr=0.2098
2026-03-04 16:30:29 | INFO | src.tmc_shapley_islands | Add-curve (mean): 10 islands, n=3540 -> corr=0.2323
2026-03-04 16:30:30 | INFO | src.tmc_shapley_islands | Add-curve (mean): 11 islands, n=3937 -> corr=0.2291
2026-03-04 16:30:32 | INFO | src.tmc_shapley_islands | Add-curve (mean): 12 islands, n=4495 -> corr=0.1804
2026-03-04 16:30:34 | INFO | src.tmc_shapley_islands | Add-curve (mean): 13 islands, n=4661 -> corr=0.1930
2026-03-04 16:30:37 | INFO | src.tmc_shapley_islands | Add-curve (mean): 14 islands, n=5244 -> corr=0.2202
2026-03-04 16:30:39 | INFO | src.tmc_shapley_islands | Add-curve (mean): 15 islands, n=5503 -> corr=0.2372
2026-03-04 16:30:50 | INFO | src.tmc_shapley_islands | Random individual add-curve (seed=0) complete
2026-03-04 16:31:00 | INFO | src.tmc_shapley_islands | Random individual add-curve (seed=1) complete
2026-03-04 16:31:11 | INFO | src.tmc_shapley_islands | Random individual add-curve (seed=2) complete
2026-03-04 16:31:22 | INFO | src.tmc_shapley_islands | Random individual add-curve (seed=3) complete
2026-03-04 16:31:33 | INFO | src.tmc_shapley_islands | Random individual add-curve (seed=4) complete
2026-03-04 16:31:33 | INFO | src.tmc_shapley_islands | Building mirrored remove-islands curve from add-islands curve...
2026-03-04 16:31:33 | INFO | src.tmc_shapley_islands | Saved Shapley values to outputs/tmc_shapley_sweep_all_traits/shards/shard_018/body_mass/tmp/shapley_island_values_target_3.csv
2026-03-04 16:31:33 | INFO | src.tmc_shapley_islands | Saved summary to outputs/tmc_shapley_sweep_all_traits/shards/shard_018/body_mass/tmp/tmc_summary_target_3.json
2026-03-04 16:31:33 | INFO | src.tmc_shapley_islands | Saved intermediate ranking trace to outputs/tmc_shapley_sweep_all_traits/shards/shard_018/body_mass/tmp/tmc_intermediate_rankings_target_3.csv
2026-03-04 16:31:33 | INFO | src.tmc_shapley_islands | Saved add-curve to outputs/tmc_shapley_sweep_all_traits/shards/shard_018/body_mass/tmp/add_curve_target_3.csv
2026-03-04 16:31:33 | INFO | src.tmc_shapley_islands | Saved remove-curve to outputs/tmc_shapley_sweep_all_traits/shards/shard_018/body_mass/tmp/remove_curve_target_3.csv
2026-03-04 16:31:33 | INFO | src.tmc_shapley_islands | Saved bar plot to outputs/tmc_shapley_sweep_all_traits/shards/shard_018/body_mass/tmp/shapley_bar_target_3.png
2026-03-04 16:31:34 | INFO | src.tmc_shapley_islands | Saved add-curve plot to outputs/tmc_shapley_sweep_all_traits/shards/shard_018/body_mass/tmp/add_curve_target_3.png
2026-03-04 16:31:34 | INFO | src.tmc_shapley_islands | Saved remove-curve plot to outputs/tmc_shapley_sweep_all_traits/shards/shard_018/body_mass/tmp/remove_curve_target_3.png
2026-03-04 16:31:34 | INFO | __main__ | Shard 18/30 trait=body_mass progress 17/75 | target=3 n_cal_samples=80 perm=20 repeat=6
2026-03-04 16:31:34 | INFO | src.tmc_shapley_islands | [Shapley] Target island: 3 (Selvær), source islands: 15
2026-03-04 16:31:35 | INFO | src.tmc_shapley_islands | Data: source=5503 (across 15 islands), cal=80, test=44
2026-03-04 16:31:35 | INFO | src.tmc_shapley_islands | SNP selection: using fixed precomputed subset (n=20000)
2026-03-04 16:31:35 | INFO | src.tmc_shapley_islands | Island counts (capped to None in training):
  Nesøy: n=119
  Myken: n=92
  Træna: n=292
  Gjerøy: n=558
  Hestmannøy: n=1078
  Indre Kvarøy: n=356
  Onøy og Lurøy: n=259
  Lovund: n=158
  Sleneset: n=166
  Aldra: n=173
  Southern 1: n=583
  Southern 2: n=397
  Southern 3: n=584
  Southern 4: n=486
  Southern 5: n=202
2026-03-04 16:31:35 | INFO | src.tmc_shapley_islands | Loaded 134 cached utilities from outputs/tmc_shapley_sweep_all_traits/cache/body_mass/utility_cache_target_3_seed_1966302810.json
2026-03-04 16:31:35 | INFO | src.tmc_shapley_islands | Running TMC-Shapley with 20 permutations (utility on cal set)...
2026-03-04 16:31:35 | INFO | src.tmc_shapley_islands | Computing V_full over all 15 source islands...
2026-03-04 16:31:35 | INFO | src.tmc_shapley_islands | V_full = 0.2511
2026-03-04 16:31:35 | INFO | src.tmc_shapley_islands | TMC head-start: loaded 10 completed permutations from state outputs/tmc_shapley_sweep_all_traits/cache/body_mass/tmc_perm_state_target_3_seed_1966302810.json
2026-03-04 16:32:03 | INFO | src.tmc_shapley_islands | TMC progress: 12/20 permutations done, cache hit rate: 12.9%, n_evals: 27
2026-03-04 16:33:07 | INFO | src.tmc_shapley_islands | TMC progress: 16/20 permutations done, cache hit rate: 13.2%, n_evals: 79
2026-03-04 16:34:02 | INFO | src.tmc_shapley_islands | TMC progress: 20/20 permutations done, cache hit rate: 16.6%, n_evals: 126
2026-03-04 16:34:02 | INFO | src.tmc_shapley_islands | TMC complete: 20 permutations, 0 truncated, 126 utility evals, cache hit rate: 16.6%
2026-03-04 16:34:02 | INFO | src.tmc_shapley_islands | Shapley values (phi, computed on cal set):
2026-03-04 16:34:02 | INFO | src.tmc_shapley_islands |   Nesøy: phi=0.005376, phi/n=0.00004518
2026-03-04 16:34:02 | INFO | src.tmc_shapley_islands |   Myken: phi=0.036955, phi/n=0.00040169
2026-03-04 16:34:02 | INFO | src.tmc_shapley_islands |   Træna: phi=0.100360, phi/n=0.00034370
2026-03-04 16:34:02 | INFO | src.tmc_shapley_islands |   Gjerøy: phi=-0.019760, phi/n=-0.00003541
2026-03-04 16:34:02 | INFO | src.tmc_shapley_islands |   Hestmannøy: phi=0.004732, phi/n=0.00000439
2026-03-04 16:34:02 | INFO | src.tmc_shapley_islands |   Indre Kvarøy: phi=0.098376, phi/n=0.00027634
2026-03-04 16:34:02 | INFO | src.tmc_shapley_islands |   Onøy og Lurøy: phi=-0.091603, phi/n=-0.00035368
2026-03-04 16:34:02 | INFO | src.tmc_shapley_islands |   Lovund: phi=0.095083, phi/n=0.00060179
2026-03-04 16:34:02 | INFO | src.tmc_shapley_islands |   Sleneset: phi=-0.005348, phi/n=-0.00003222
2026-03-04 16:34:02 | INFO | src.tmc_shapley_islands |   Aldra: phi=0.022541, phi/n=0.00013030
2026-03-04 16:34:02 | INFO | src.tmc_shapley_islands |   Southern 1: phi=-0.031415, phi/n=-0.00005388
2026-03-04 16:34:02 | INFO | src.tmc_shapley_islands |   Southern 2: phi=-0.006247, phi/n=-0.00001574
2026-03-04 16:34:02 | INFO | src.tmc_shapley_islands |   Southern 3: phi=-0.007155, phi/n=-0.00001225
2026-03-04 16:34:02 | INFO | src.tmc_shapley_islands |   Southern 4: phi=0.024119, phi/n=0.00004963
2026-03-04 16:34:02 | INFO | src.tmc_shapley_islands |   Southern 5: phi=0.025117, phi/n=0.00012434
2026-03-04 16:34:02 | INFO | src.tmc_shapley_islands | Curve retraining early stopping: enabled=True, patience=20
2026-03-04 16:34:02 | INFO | src.tmc_shapley_islands | Computing add-islands curve (evaluated on test set)...
2026-03-04 16:34:02 | INFO | src.tmc_shapley_islands | Add-curve (mean): 1 islands, n=158 -> corr=0.2680
2026-03-04 16:34:02 | INFO | src.tmc_shapley_islands | Add-curve (mean): 2 islands, n=250 -> corr=0.2170
2026-03-04 16:34:02 | INFO | src.tmc_shapley_islands | Add-curve (mean): 3 islands, n=542 -> corr=0.2717
2026-03-04 16:34:03 | INFO | src.tmc_shapley_islands | Add-curve (mean): 4 islands, n=898 -> corr=0.2811
2026-03-04 16:34:03 | INFO | src.tmc_shapley_islands | Add-curve (mean): 5 islands, n=1071 -> corr=0.2900
2026-03-04 16:34:03 | INFO | src.tmc_shapley_islands | Add-curve (mean): 6 islands, n=1273 -> corr=0.2985
2026-03-04 16:34:04 | INFO | src.tmc_shapley_islands | Add-curve (mean): 7 islands, n=1759 -> corr=0.2450
2026-03-04 16:34:05 | INFO | src.tmc_shapley_islands | Add-curve (mean): 8 islands, n=1878 -> corr=0.2110
2026-03-04 16:34:06 | INFO | src.tmc_shapley_islands | Add-curve (mean): 9 islands, n=2956 -> corr=0.2098
2026-03-04 16:34:07 | INFO | src.tmc_shapley_islands | Add-curve (mean): 10 islands, n=3540 -> corr=0.2323
2026-03-04 16:34:09 | INFO | src.tmc_shapley_islands | Add-curve (mean): 11 islands, n=3937 -> corr=0.2291
2026-03-04 16:34:10 | INFO | src.tmc_shapley_islands | Add-curve (mean): 12 islands, n=4103 -> corr=0.2433
2026-03-04 16:34:12 | INFO | src.tmc_shapley_islands | Add-curve (mean): 13 islands, n=4661 -> corr=0.1930
2026-03-04 16:34:15 | INFO | src.tmc_shapley_islands | Add-curve (mean): 14 islands, n=5244 -> corr=0.2202
2026-03-04 16:34:17 | INFO | src.tmc_shapley_islands | Add-curve (mean): 15 islands, n=5503 -> corr=0.2372
2026-03-04 16:34:27 | INFO | src.tmc_shapley_islands | Random individual add-curve (seed=0) complete
2026-03-04 16:34:37 | INFO | src.tmc_shapley_islands | Random individual add-curve (seed=1) complete
2026-03-04 16:34:47 | INFO | src.tmc_shapley_islands | Random individual add-curve (seed=2) complete
2026-03-04 16:34:57 | INFO | src.tmc_shapley_islands | Random individual add-curve (seed=3) complete
2026-03-04 16:35:07 | INFO | src.tmc_shapley_islands | Random individual add-curve (seed=4) complete
2026-03-04 16:35:07 | INFO | src.tmc_shapley_islands | Building mirrored remove-islands curve from add-islands curve...
2026-03-04 16:35:07 | INFO | src.tmc_shapley_islands | Saved Shapley values to outputs/tmc_shapley_sweep_all_traits/shards/shard_018/body_mass/tmp/shapley_island_values_target_3.csv
2026-03-04 16:35:07 | INFO | src.tmc_shapley_islands | Saved summary to outputs/tmc_shapley_sweep_all_traits/shards/shard_018/body_mass/tmp/tmc_summary_target_3.json
2026-03-04 16:35:07 | INFO | src.tmc_shapley_islands | Saved intermediate ranking trace to outputs/tmc_shapley_sweep_all_traits/shards/shard_018/body_mass/tmp/tmc_intermediate_rankings_target_3.csv
2026-03-04 16:35:07 | INFO | src.tmc_shapley_islands | Saved add-curve to outputs/tmc_shapley_sweep_all_traits/shards/shard_018/body_mass/tmp/add_curve_target_3.csv
2026-03-04 16:35:07 | INFO | src.tmc_shapley_islands | Saved remove-curve to outputs/tmc_shapley_sweep_all_traits/shards/shard_018/body_mass/tmp/remove_curve_target_3.csv
2026-03-04 16:35:08 | INFO | src.tmc_shapley_islands | Saved bar plot to outputs/tmc_shapley_sweep_all_traits/shards/shard_018/body_mass/tmp/shapley_bar_target_3.png
2026-03-04 16:35:08 | INFO | src.tmc_shapley_islands | Saved add-curve plot to outputs/tmc_shapley_sweep_all_traits/shards/shard_018/body_mass/tmp/add_curve_target_3.png
2026-03-04 16:35:09 | INFO | src.tmc_shapley_islands | Saved remove-curve plot to outputs/tmc_shapley_sweep_all_traits/shards/shard_018/body_mass/tmp/remove_curve_target_3.png
2026-03-04 16:35:09 | INFO | __main__ | Shard 18/30 trait=body_mass progress 18/75 | target=3 n_cal_samples=80 perm=40 repeat=6
2026-03-04 16:35:09 | INFO | src.tmc_shapley_islands | [Shapley] Target island: 3 (Selvær), source islands: 15
2026-03-04 16:35:10 | INFO | src.tmc_shapley_islands | Data: source=5503 (across 15 islands), cal=80, test=44
2026-03-04 16:35:10 | INFO | src.tmc_shapley_islands | SNP selection: using fixed precomputed subset (n=20000)
2026-03-04 16:35:10 | INFO | src.tmc_shapley_islands | Island counts (capped to None in training):
  Nesøy: n=119
  Myken: n=92
  Træna: n=292
  Gjerøy: n=558
  Hestmannøy: n=1078
  Indre Kvarøy: n=356
  Onøy og Lurøy: n=259
  Lovund: n=158
  Sleneset: n=166
  Aldra: n=173
  Southern 1: n=583
  Southern 2: n=397
  Southern 3: n=584
  Southern 4: n=486
  Southern 5: n=202
2026-03-04 16:35:10 | INFO | src.tmc_shapley_islands | Loaded 260 cached utilities from outputs/tmc_shapley_sweep_all_traits/cache/body_mass/utility_cache_target_3_seed_1966302810.json
2026-03-04 16:35:10 | INFO | src.tmc_shapley_islands | Running TMC-Shapley with 40 permutations (utility on cal set)...
2026-03-04 16:35:10 | INFO | src.tmc_shapley_islands | Computing V_full over all 15 source islands...
2026-03-04 16:35:10 | INFO | src.tmc_shapley_islands | V_full = 0.2511
2026-03-04 16:35:10 | INFO | src.tmc_shapley_islands | TMC head-start: loaded 20 completed permutations from state outputs/tmc_shapley_sweep_all_traits/cache/body_mass/tmc_perm_state_target_3_seed_1966302810.json
2026-03-04 16:35:58 | INFO | src.tmc_shapley_islands | TMC progress: 24/40 permutations done, cache hit rate: 27.9%, n_evals: 44
2026-03-04 16:37:30 | INFO | src.tmc_shapley_islands | TMC progress: 32/40 permutations done, cache hit rate: 25.4%, n_evals: 135
2026-03-04 16:39:14 | INFO | src.tmc_shapley_islands | TMC progress: 40/40 permutations done, cache hit rate: 24.6%, n_evals: 227
2026-03-04 16:39:14 | INFO | src.tmc_shapley_islands | TMC complete: 40 permutations, 0 truncated, 227 utility evals, cache hit rate: 24.6%
2026-03-04 16:39:14 | INFO | src.tmc_shapley_islands | Shapley values (phi, computed on cal set):
2026-03-04 16:39:14 | INFO | src.tmc_shapley_islands |   Nesøy: phi=0.004860, phi/n=0.00004084
2026-03-04 16:39:14 | INFO | src.tmc_shapley_islands |   Myken: phi=0.038149, phi/n=0.00041467
2026-03-04 16:39:14 | INFO | src.tmc_shapley_islands |   Træna: phi=0.081510, phi/n=0.00027914
2026-03-04 16:39:14 | INFO | src.tmc_shapley_islands |   Gjerøy: phi=-0.026625, phi/n=-0.00004772
2026-03-04 16:39:14 | INFO | src.tmc_shapley_islands |   Hestmannøy: phi=0.003593, phi/n=0.00000333
2026-03-04 16:39:14 | INFO | src.tmc_shapley_islands |   Indre Kvarøy: phi=0.101512, phi/n=0.00028515
2026-03-04 16:39:14 | INFO | src.tmc_shapley_islands |   Onøy og Lurøy: phi=-0.078808, phi/n=-0.00030428
2026-03-04 16:39:14 | INFO | src.tmc_shapley_islands |   Lovund: phi=0.099220, phi/n=0.00062797
2026-03-04 16:39:14 | INFO | src.tmc_shapley_islands |   Sleneset: phi=-0.004260, phi/n=-0.00002566
2026-03-04 16:39:14 | INFO | src.tmc_shapley_islands |   Aldra: phi=0.028576, phi/n=0.00016518
2026-03-04 16:39:14 | INFO | src.tmc_shapley_islands |   Southern 1: phi=-0.036813, phi/n=-0.00006314
2026-03-04 16:39:14 | INFO | src.tmc_shapley_islands |   Southern 2: phi=-0.005322, phi/n=-0.00001341
2026-03-04 16:39:14 | INFO | src.tmc_shapley_islands |   Southern 3: phi=-0.008612, phi/n=-0.00001475
2026-03-04 16:39:14 | INFO | src.tmc_shapley_islands |   Southern 4: phi=0.028163, phi/n=0.00005795
2026-03-04 16:39:14 | INFO | src.tmc_shapley_islands |   Southern 5: phi=0.025989, phi/n=0.00012866
2026-03-04 16:39:14 | INFO | src.tmc_shapley_islands | Curve retraining early stopping: enabled=True, patience=20
2026-03-04 16:39:14 | INFO | src.tmc_shapley_islands | Computing add-islands curve (evaluated on test set)...
2026-03-04 16:39:14 | INFO | src.tmc_shapley_islands | Add-curve (mean): 1 islands, n=158 -> corr=0.2680
2026-03-04 16:39:14 | INFO | src.tmc_shapley_islands | Add-curve (mean): 2 islands, n=250 -> corr=0.2170
2026-03-04 16:39:14 | INFO | src.tmc_shapley_islands | Add-curve (mean): 3 islands, n=606 -> corr=0.2179
2026-03-04 16:39:14 | INFO | src.tmc_shapley_islands | Add-curve (mean): 4 islands, n=898 -> corr=0.2811
2026-03-04 16:39:15 | INFO | src.tmc_shapley_islands | Add-curve (mean): 5 islands, n=1071 -> corr=0.2900
2026-03-04 16:39:16 | INFO | src.tmc_shapley_islands | Add-curve (mean): 6 islands, n=1273 -> corr=0.2985
2026-03-04 16:39:16 | INFO | src.tmc_shapley_islands | Add-curve (mean): 7 islands, n=1759 -> corr=0.2450
2026-03-04 16:39:17 | INFO | src.tmc_shapley_islands | Add-curve (mean): 8 islands, n=1878 -> corr=0.2110
2026-03-04 16:39:18 | INFO | src.tmc_shapley_islands | Add-curve (mean): 9 islands, n=2956 -> corr=0.2098
2026-03-04 16:39:19 | INFO | src.tmc_shapley_islands | Add-curve (mean): 10 islands, n=3353 -> corr=0.2063
2026-03-04 16:39:21 | INFO | src.tmc_shapley_islands | Add-curve (mean): 11 islands, n=3937 -> corr=0.2291
2026-03-04 16:39:23 | INFO | src.tmc_shapley_islands | Add-curve (mean): 12 islands, n=4103 -> corr=0.2433
2026-03-04 16:39:25 | INFO | src.tmc_shapley_islands | Add-curve (mean): 13 islands, n=4661 -> corr=0.1930
2026-03-04 16:39:27 | INFO | src.tmc_shapley_islands | Add-curve (mean): 14 islands, n=5244 -> corr=0.2202
2026-03-04 16:39:30 | INFO | src.tmc_shapley_islands | Add-curve (mean): 15 islands, n=5503 -> corr=0.2372
2026-03-04 16:39:40 | INFO | src.tmc_shapley_islands | Random individual add-curve (seed=0) complete
2026-03-04 16:39:50 | INFO | src.tmc_shapley_islands | Random individual add-curve (seed=1) complete
2026-03-04 16:40:00 | INFO | src.tmc_shapley_islands | Random individual add-curve (seed=2) complete
2026-03-04 16:40:11 | INFO | src.tmc_shapley_islands | Random individual add-curve (seed=3) complete
2026-03-04 16:40:21 | INFO | src.tmc_shapley_islands | Random individual add-curve (seed=4) complete
2026-03-04 16:40:21 | INFO | src.tmc_shapley_islands | Building mirrored remove-islands curve from add-islands curve...
2026-03-04 16:40:21 | INFO | src.tmc_shapley_islands | Saved Shapley values to outputs/tmc_shapley_sweep_all_traits/shards/shard_018/body_mass/tmp/shapley_island_values_target_3.csv
2026-03-04 16:40:21 | INFO | src.tmc_shapley_islands | Saved summary to outputs/tmc_shapley_sweep_all_traits/shards/shard_018/body_mass/tmp/tmc_summary_target_3.json
2026-03-04 16:40:21 | INFO | src.tmc_shapley_islands | Saved intermediate ranking trace to outputs/tmc_shapley_sweep_all_traits/shards/shard_018/body_mass/tmp/tmc_intermediate_rankings_target_3.csv
2026-03-04 16:40:21 | INFO | src.tmc_shapley_islands | Saved add-curve to outputs/tmc_shapley_sweep_all_traits/shards/shard_018/body_mass/tmp/add_curve_target_3.csv
2026-03-04 16:40:21 | INFO | src.tmc_shapley_islands | Saved remove-curve to outputs/tmc_shapley_sweep_all_traits/shards/shard_018/body_mass/tmp/remove_curve_target_3.csv
2026-03-04 16:40:21 | INFO | src.tmc_shapley_islands | Saved bar plot to outputs/tmc_shapley_sweep_all_traits/shards/shard_018/body_mass/tmp/shapley_bar_target_3.png
2026-03-04 16:40:22 | INFO | src.tmc_shapley_islands | Saved add-curve plot to outputs/tmc_shapley_sweep_all_traits/shards/shard_018/body_mass/tmp/add_curve_target_3.png
2026-03-04 16:40:22 | INFO | src.tmc_shapley_islands | Saved remove-curve plot to outputs/tmc_shapley_sweep_all_traits/shards/shard_018/body_mass/tmp/remove_curve_target_3.png
2026-03-04 16:40:22 | INFO | __main__ | Shard 18/30 trait=body_mass progress 19/75 | target=3 n_cal_samples=80 perm=80 repeat=6
2026-03-04 16:40:22 | INFO | src.tmc_shapley_islands | [Shapley] Target island: 3 (Selvær), source islands: 15
2026-03-04 16:40:23 | INFO | src.tmc_shapley_islands | Data: source=5503 (across 15 islands), cal=80, test=44
2026-03-04 16:40:23 | INFO | src.tmc_shapley_islands | SNP selection: using fixed precomputed subset (n=20000)
2026-03-04 16:40:23 | INFO | src.tmc_shapley_islands | Island counts (capped to None in training):
  Nesøy: n=119
  Myken: n=92
  Træna: n=292
  Gjerøy: n=558
  Hestmannøy: n=1078
  Indre Kvarøy: n=356
  Onøy og Lurøy: n=259
  Lovund: n=158
  Sleneset: n=166
  Aldra: n=173
  Southern 1: n=583
  Southern 2: n=397
  Southern 3: n=584
  Southern 4: n=486
  Southern 5: n=202
2026-03-04 16:40:23 | INFO | src.tmc_shapley_islands | Loaded 487 cached utilities from outputs/tmc_shapley_sweep_all_traits/cache/body_mass/utility_cache_target_3_seed_1966302810.json
2026-03-04 16:40:23 | INFO | src.tmc_shapley_islands | Running TMC-Shapley with 80 permutations (utility on cal set)...
2026-03-04 16:40:23 | INFO | src.tmc_shapley_islands | Computing V_full over all 15 source islands...
2026-03-04 16:40:23 | INFO | src.tmc_shapley_islands | V_full = 0.2511
2026-03-04 16:40:23 | INFO | src.tmc_shapley_islands | TMC head-start: loaded 40 completed permutations from state outputs/tmc_shapley_sweep_all_traits/cache/body_mass/tmc_perm_state_target_3_seed_1966302810.json
2026-03-04 16:41:59 | INFO | src.tmc_shapley_islands | TMC progress: 48/80 permutations done, cache hit rate: 26.4%, n_evals: 89
2026-03-04 16:45:21 | INFO | src.tmc_shapley_islands | TMC progress: 64/80 permutations done, cache hit rate: 25.5%, n_evals: 269
2026-03-04 16:48:15 | INFO | src.tmc_shapley_islands | TMC progress: 80/80 permutations done, cache hit rate: 28.5%, n_evals: 430
2026-03-04 16:48:15 | INFO | src.tmc_shapley_islands | TMC complete: 80 permutations, 0 truncated, 430 utility evals, cache hit rate: 28.5%
2026-03-04 16:48:15 | INFO | src.tmc_shapley_islands | Shapley values (phi, computed on cal set):
2026-03-04 16:48:15 | INFO | src.tmc_shapley_islands |   Nesøy: phi=0.003529, phi/n=0.00002965
2026-03-04 16:48:15 | INFO | src.tmc_shapley_islands |   Myken: phi=0.030262, phi/n=0.00032894
2026-03-04 16:48:15 | INFO | src.tmc_shapley_islands |   Træna: phi=0.094543, phi/n=0.00032378
2026-03-04 16:48:15 | INFO | src.tmc_shapley_islands |   Gjerøy: phi=-0.027156, phi/n=-0.00004867
2026-03-04 16:48:15 | INFO | src.tmc_shapley_islands |   Hestmannøy: phi=0.003608, phi/n=0.00000335
2026-03-04 16:48:15 | INFO | src.tmc_shapley_islands |   Indre Kvarøy: phi=0.095751, phi/n=0.00026896
2026-03-04 16:48:15 | INFO | src.tmc_shapley_islands |   Onøy og Lurøy: phi=-0.081695, phi/n=-0.00031542
2026-03-04 16:48:15 | INFO | src.tmc_shapley_islands |   Lovund: phi=0.094624, phi/n=0.00059889
2026-03-04 16:48:15 | INFO | src.tmc_shapley_islands |   Sleneset: phi=-0.005829, phi/n=-0.00003511
2026-03-04 16:48:15 | INFO | src.tmc_shapley_islands |   Aldra: phi=0.029639, phi/n=0.00017132
2026-03-04 16:48:15 | INFO | src.tmc_shapley_islands |   Southern 1: phi=-0.036333, phi/n=-0.00006232
2026-03-04 16:48:15 | INFO | src.tmc_shapley_islands |   Southern 2: phi=-0.003927, phi/n=-0.00000989
2026-03-04 16:48:15 | INFO | src.tmc_shapley_islands |   Southern 3: phi=-0.007755, phi/n=-0.00001328
2026-03-04 16:48:15 | INFO | src.tmc_shapley_islands |   Southern 4: phi=0.033193, phi/n=0.00006830
2026-03-04 16:48:15 | INFO | src.tmc_shapley_islands |   Southern 5: phi=0.028676, phi/n=0.00014196
2026-03-04 16:48:15 | INFO | src.tmc_shapley_islands | Curve retraining early stopping: enabled=True, patience=20
2026-03-04 16:48:15 | INFO | src.tmc_shapley_islands | Computing add-islands curve (evaluated on test set)...
2026-03-04 16:48:16 | INFO | src.tmc_shapley_islands | Add-curve (mean): 1 islands, n=158 -> corr=0.2680
2026-03-04 16:48:16 | INFO | src.tmc_shapley_islands | Add-curve (mean): 2 islands, n=250 -> corr=0.2170
2026-03-04 16:48:16 | INFO | src.tmc_shapley_islands | Add-curve (mean): 3 islands, n=542 -> corr=0.2717
2026-03-04 16:48:16 | INFO | src.tmc_shapley_islands | Add-curve (mean): 4 islands, n=898 -> corr=0.2811
2026-03-04 16:48:17 | INFO | src.tmc_shapley_islands | Add-curve (mean): 5 islands, n=1071 -> corr=0.2900
2026-03-04 16:48:17 | INFO | src.tmc_shapley_islands | Add-curve (mean): 6 islands, n=1273 -> corr=0.2985
2026-03-04 16:48:18 | INFO | src.tmc_shapley_islands | Add-curve (mean): 7 islands, n=1759 -> corr=0.2450
2026-03-04 16:48:19 | INFO | src.tmc_shapley_islands | Add-curve (mean): 8 islands, n=1878 -> corr=0.2110
2026-03-04 16:48:20 | INFO | src.tmc_shapley_islands | Add-curve (mean): 9 islands, n=2956 -> corr=0.2098
2026-03-04 16:48:21 | INFO | src.tmc_shapley_islands | Add-curve (mean): 10 islands, n=3353 -> corr=0.2063
2026-03-04 16:48:23 | INFO | src.tmc_shapley_islands | Add-curve (mean): 11 islands, n=3937 -> corr=0.2291
2026-03-04 16:48:24 | INFO | src.tmc_shapley_islands | Add-curve (mean): 12 islands, n=4103 -> corr=0.2433
2026-03-04 16:48:26 | INFO | src.tmc_shapley_islands | Add-curve (mean): 13 islands, n=4661 -> corr=0.1930
2026-03-04 16:48:29 | INFO | src.tmc_shapley_islands | Add-curve (mean): 14 islands, n=5244 -> corr=0.2202
2026-03-04 16:48:31 | INFO | src.tmc_shapley_islands | Add-curve (mean): 15 islands, n=5503 -> corr=0.2372
2026-03-04 16:48:41 | INFO | src.tmc_shapley_islands | Random individual add-curve (seed=0) complete
2026-03-04 16:48:51 | INFO | src.tmc_shapley_islands | Random individual add-curve (seed=1) complete
2026-03-04 16:49:01 | INFO | src.tmc_shapley_islands | Random individual add-curve (seed=2) complete
2026-03-04 16:49:12 | INFO | src.tmc_shapley_islands | Random individual add-curve (seed=3) complete
2026-03-04 16:49:22 | INFO | src.tmc_shapley_islands | Random individual add-curve (seed=4) complete
2026-03-04 16:49:22 | INFO | src.tmc_shapley_islands | Building mirrored remove-islands curve from add-islands curve...
2026-03-04 16:49:22 | INFO | src.tmc_shapley_islands | Saved Shapley values to outputs/tmc_shapley_sweep_all_traits/shards/shard_018/body_mass/tmp/shapley_island_values_target_3.csv
2026-03-04 16:49:22 | INFO | src.tmc_shapley_islands | Saved summary to outputs/tmc_shapley_sweep_all_traits/shards/shard_018/body_mass/tmp/tmc_summary_target_3.json
2026-03-04 16:49:22 | INFO | src.tmc_shapley_islands | Saved intermediate ranking trace to outputs/tmc_shapley_sweep_all_traits/shards/shard_018/body_mass/tmp/tmc_intermediate_rankings_target_3.csv
2026-03-04 16:49:22 | INFO | src.tmc_shapley_islands | Saved add-curve to outputs/tmc_shapley_sweep_all_traits/shards/shard_018/body_mass/tmp/add_curve_target_3.csv
2026-03-04 16:49:22 | INFO | src.tmc_shapley_islands | Saved remove-curve to outputs/tmc_shapley_sweep_all_traits/shards/shard_018/body_mass/tmp/remove_curve_target_3.csv
2026-03-04 16:49:22 | INFO | src.tmc_shapley_islands | Saved bar plot to outputs/tmc_shapley_sweep_all_traits/shards/shard_018/body_mass/tmp/shapley_bar_target_3.png
2026-03-04 16:49:23 | INFO | src.tmc_shapley_islands | Saved add-curve plot to outputs/tmc_shapley_sweep_all_traits/shards/shard_018/body_mass/tmp/add_curve_target_3.png
2026-03-04 16:49:23 | INFO | src.tmc_shapley_islands | Saved remove-curve plot to outputs/tmc_shapley_sweep_all_traits/shards/shard_018/body_mass/tmp/remove_curve_target_3.png
2026-03-04 16:49:23 | INFO | __main__ | Shard 18/30 trait=body_mass progress 20/75 | target=3 n_cal_samples=80 perm=150 repeat=6
2026-03-04 16:49:23 | INFO | src.tmc_shapley_islands | [Shapley] Target island: 3 (Selvær), source islands: 15
2026-03-04 16:49:24 | INFO | src.tmc_shapley_islands | Data: source=5503 (across 15 islands), cal=80, test=44
2026-03-04 16:49:24 | INFO | src.tmc_shapley_islands | SNP selection: using fixed precomputed subset (n=20000)
2026-03-04 16:49:24 | INFO | src.tmc_shapley_islands | Island counts (capped to None in training):
  Nesøy: n=119
  Myken: n=92
  Træna: n=292
  Gjerøy: n=558
  Hestmannøy: n=1078
  Indre Kvarøy: n=356
  Onøy og Lurøy: n=259
  Lovund: n=158
  Sleneset: n=166
  Aldra: n=173
  Southern 1: n=583
  Southern 2: n=397
  Southern 3: n=584
  Southern 4: n=486
  Southern 5: n=202
2026-03-04 16:49:24 | INFO | src.tmc_shapley_islands | Loaded 917 cached utilities from outputs/tmc_shapley_sweep_all_traits/cache/body_mass/utility_cache_target_3_seed_1966302810.json
2026-03-04 16:49:24 | INFO | src.tmc_shapley_islands | Running TMC-Shapley with 150 permutations (utility on cal set)...
2026-03-04 16:49:24 | INFO | src.tmc_shapley_islands | Computing V_full over all 15 source islands...
2026-03-04 16:49:24 | INFO | src.tmc_shapley_islands | V_full = 0.2511
2026-03-04 16:49:24 | INFO | src.tmc_shapley_islands | TMC head-start: loaded 80 completed permutations from state outputs/tmc_shapley_sweep_all_traits/cache/body_mass/tmc_perm_state_target_3_seed_1966302810.json
2026-03-04 16:51:14 | INFO | src.tmc_shapley_islands | TMC progress: 90/150 permutations done, cache hit rate: 34.4%, n_evals: 99
2026-03-04 16:56:30 | INFO | src.tmc_shapley_islands | TMC progress: 120/150 permutations done, cache hit rate: 33.6%, n_evals: 399
2026-03-04 17:01:43 | INFO | src.tmc_shapley_islands | TMC progress: 150/150 permutations done, cache hit rate: 33.4%, n_evals: 700
2026-03-04 17:01:43 | INFO | src.tmc_shapley_islands | TMC complete: 150 permutations, 0 truncated, 700 utility evals, cache hit rate: 33.4%
2026-03-04 17:01:43 | INFO | src.tmc_shapley_islands | Shapley values (phi, computed on cal set):
2026-03-04 17:01:43 | INFO | src.tmc_shapley_islands |   Nesøy: phi=0.005867, phi/n=0.00004930
2026-03-04 17:01:43 | INFO | src.tmc_shapley_islands |   Myken: phi=0.028538, phi/n=0.00031019
2026-03-04 17:01:43 | INFO | src.tmc_shapley_islands |   Træna: phi=0.088739, phi/n=0.00030390
2026-03-04 17:01:43 | INFO | src.tmc_shapley_islands |   Gjerøy: phi=-0.027653, phi/n=-0.00004956
2026-03-04 17:01:43 | INFO | src.tmc_shapley_islands |   Hestmannøy: phi=0.011204, phi/n=0.00001039
2026-03-04 17:01:43 | INFO | src.tmc_shapley_islands |   Indre Kvarøy: phi=0.089786, phi/n=0.00025221
2026-03-04 17:01:43 | INFO | src.tmc_shapley_islands |   Onøy og Lurøy: phi=-0.081844, phi/n=-0.00031600
2026-03-04 17:01:43 | INFO | src.tmc_shapley_islands |   Lovund: phi=0.095257, phi/n=0.00060289
2026-03-04 17:01:43 | INFO | src.tmc_shapley_islands |   Sleneset: phi=-0.002719, phi/n=-0.00001638
2026-03-04 17:01:43 | INFO | src.tmc_shapley_islands |   Aldra: phi=0.030433, phi/n=0.00017592
2026-03-04 17:01:43 | INFO | src.tmc_shapley_islands |   Southern 1: phi=-0.035750, phi/n=-0.00006132
2026-03-04 17:01:43 | INFO | src.tmc_shapley_islands |   Southern 2: phi=-0.004081, phi/n=-0.00001028
2026-03-04 17:01:43 | INFO | src.tmc_shapley_islands |   Southern 3: phi=-0.008997, phi/n=-0.00001541
2026-03-04 17:01:43 | INFO | src.tmc_shapley_islands |   Southern 4: phi=0.035237, phi/n=0.00007250
2026-03-04 17:01:43 | INFO | src.tmc_shapley_islands |   Southern 5: phi=0.027115, phi/n=0.00013423
2026-03-04 17:01:43 | INFO | src.tmc_shapley_islands | Curve retraining early stopping: enabled=True, patience=20
2026-03-04 17:01:43 | INFO | src.tmc_shapley_islands | Computing add-islands curve (evaluated on test set)...
2026-03-04 17:01:43 | INFO | src.tmc_shapley_islands | Add-curve (mean): 1 islands, n=158 -> corr=0.2680
2026-03-04 17:01:43 | INFO | src.tmc_shapley_islands | Add-curve (mean): 2 islands, n=250 -> corr=0.2170
2026-03-04 17:01:43 | INFO | src.tmc_shapley_islands | Add-curve (mean): 3 islands, n=542 -> corr=0.2717
2026-03-04 17:01:43 | INFO | src.tmc_shapley_islands | Add-curve (mean): 4 islands, n=898 -> corr=0.2811
2026-03-04 17:01:44 | INFO | src.tmc_shapley_islands | Add-curve (mean): 5 islands, n=1071 -> corr=0.2900
2026-03-04 17:01:44 | INFO | src.tmc_shapley_islands | Add-curve (mean): 6 islands, n=1273 -> corr=0.2985
2026-03-04 17:01:45 | INFO | src.tmc_shapley_islands | Add-curve (mean): 7 islands, n=1759 -> corr=0.2450
2026-03-04 17:01:46 | INFO | src.tmc_shapley_islands | Add-curve (mean): 8 islands, n=1878 -> corr=0.2110
2026-03-04 17:01:47 | INFO | src.tmc_shapley_islands | Add-curve (mean): 9 islands, n=2956 -> corr=0.2098
2026-03-04 17:01:48 | INFO | src.tmc_shapley_islands | Add-curve (mean): 10 islands, n=3353 -> corr=0.2063
2026-03-04 17:01:50 | INFO | src.tmc_shapley_islands | Add-curve (mean): 11 islands, n=3937 -> corr=0.2291
2026-03-04 17:01:51 | INFO | src.tmc_shapley_islands | Add-curve (mean): 12 islands, n=4103 -> corr=0.2433
2026-03-04 17:01:53 | INFO | src.tmc_shapley_islands | Add-curve (mean): 13 islands, n=4661 -> corr=0.1930
2026-03-04 17:01:56 | INFO | src.tmc_shapley_islands | Add-curve (mean): 14 islands, n=5244 -> corr=0.2202
2026-03-04 17:01:58 | INFO | src.tmc_shapley_islands | Add-curve (mean): 15 islands, n=5503 -> corr=0.2372
2026-03-04 17:02:09 | INFO | src.tmc_shapley_islands | Random individual add-curve (seed=0) complete
2026-03-04 17:02:19 | INFO | src.tmc_shapley_islands | Random individual add-curve (seed=1) complete
2026-03-04 17:02:29 | INFO | src.tmc_shapley_islands | Random individual add-curve (seed=2) complete
2026-03-04 17:02:40 | INFO | src.tmc_shapley_islands | Random individual add-curve (seed=3) complete
2026-03-04 17:02:50 | INFO | src.tmc_shapley_islands | Random individual add-curve (seed=4) complete
2026-03-04 17:02:50 | INFO | src.tmc_shapley_islands | Building mirrored remove-islands curve from add-islands curve...
2026-03-04 17:02:50 | INFO | src.tmc_shapley_islands | Saved Shapley values to outputs/tmc_shapley_sweep_all_traits/shards/shard_018/body_mass/tmp/shapley_island_values_target_3.csv
2026-03-04 17:02:50 | INFO | src.tmc_shapley_islands | Saved summary to outputs/tmc_shapley_sweep_all_traits/shards/shard_018/body_mass/tmp/tmc_summary_target_3.json
2026-03-04 17:02:50 | INFO | src.tmc_shapley_islands | Saved intermediate ranking trace to outputs/tmc_shapley_sweep_all_traits/shards/shard_018/body_mass/tmp/tmc_intermediate_rankings_target_3.csv
2026-03-04 17:02:50 | INFO | src.tmc_shapley_islands | Saved add-curve to outputs/tmc_shapley_sweep_all_traits/shards/shard_018/body_mass/tmp/add_curve_target_3.csv
2026-03-04 17:02:50 | INFO | src.tmc_shapley_islands | Saved remove-curve to outputs/tmc_shapley_sweep_all_traits/shards/shard_018/body_mass/tmp/remove_curve_target_3.csv
2026-03-04 17:02:50 | INFO | src.tmc_shapley_islands | Saved bar plot to outputs/tmc_shapley_sweep_all_traits/shards/shard_018/body_mass/tmp/shapley_bar_target_3.png
2026-03-04 17:02:51 | INFO | src.tmc_shapley_islands | Saved add-curve plot to outputs/tmc_shapley_sweep_all_traits/shards/shard_018/body_mass/tmp/add_curve_target_3.png
2026-03-04 17:02:51 | INFO | src.tmc_shapley_islands | Saved remove-curve plot to outputs/tmc_shapley_sweep_all_traits/shards/shard_018/body_mass/tmp/remove_curve_target_3.png
2026-03-04 17:02:51 | INFO | __main__ | Shard 18/30 trait=body_mass progress 21/75 | target=3 n_cal_samples=150 perm=10 repeat=6
2026-03-04 17:02:51 | INFO | src.tmc_shapley_islands | [Shapley] Target island: 3 (Selvær), source islands: 15
2026-03-04 17:02:52 | INFO | src.tmc_shapley_islands | Data: source=5503 (across 15 islands), cal=150, test=44
2026-03-04 17:02:52 | INFO | src.tmc_shapley_islands | SNP selection: using fixed precomputed subset (n=20000)
2026-03-04 17:02:52 | INFO | src.tmc_shapley_islands | Island counts (capped to None in training):
  Nesøy: n=119
  Myken: n=92
  Træna: n=292
  Gjerøy: n=558
  Hestmannøy: n=1078
  Indre Kvarøy: n=356
  Onøy og Lurøy: n=259
  Lovund: n=158
  Sleneset: n=166
  Aldra: n=173
  Southern 1: n=583
  Southern 2: n=397
  Southern 3: n=584
  Southern 4: n=486
  Southern 5: n=202
2026-03-04 17:02:52 | INFO | src.tmc_shapley_islands | Running TMC-Shapley with 10 permutations (utility on cal set)...
2026-03-04 17:02:52 | INFO | src.tmc_shapley_islands | Computing V_full over all 15 source islands...
2026-03-04 17:02:54 | INFO | src.tmc_shapley_islands | V_full = 0.1500
2026-03-04 17:03:25 | INFO | src.tmc_shapley_islands | TMC progress: 2/10 permutations done, cache hit rate: 6.5%, n_evals: 29
2026-03-04 17:03:52 | INFO | src.tmc_shapley_islands | TMC progress: 4/10 permutations done, cache hit rate: 9.8%, n_evals: 55
2026-03-04 17:04:22 | INFO | src.tmc_shapley_islands | TMC progress: 6/10 permutations done, cache hit rate: 9.9%, n_evals: 82
2026-03-04 17:04:45 | INFO | src.tmc_shapley_islands | TMC progress: 8/10 permutations done, cache hit rate: 10.7%, n_evals: 108
2026-03-04 17:05:14 | INFO | src.tmc_shapley_islands | TMC progress: 10/10 permutations done, cache hit rate: 11.3%, n_evals: 134
2026-03-04 17:05:14 | INFO | src.tmc_shapley_islands | TMC complete: 10 permutations, 0 truncated, 134 utility evals, cache hit rate: 11.3%
2026-03-04 17:05:14 | INFO | src.tmc_shapley_islands | Shapley values (phi, computed on cal set):
2026-03-04 17:05:14 | INFO | src.tmc_shapley_islands |   Nesøy: phi=0.009807, phi/n=0.00008241
2026-03-04 17:05:14 | INFO | src.tmc_shapley_islands |   Myken: phi=-0.038226, phi/n=-0.00041550
2026-03-04 17:05:14 | INFO | src.tmc_shapley_islands |   Træna: phi=0.066583, phi/n=0.00022803
2026-03-04 17:05:14 | INFO | src.tmc_shapley_islands |   Gjerøy: phi=-0.113526, phi/n=-0.00020345
2026-03-04 17:05:14 | INFO | src.tmc_shapley_islands |   Hestmannøy: phi=0.001681, phi/n=0.00000156
2026-03-04 17:05:14 | INFO | src.tmc_shapley_islands |   Indre Kvarøy: phi=0.075889, phi/n=0.00021317
2026-03-04 17:05:14 | INFO | src.tmc_shapley_islands |   Onøy og Lurøy: phi=0.016752, phi/n=0.00006468
2026-03-04 17:05:14 | INFO | src.tmc_shapley_islands |   Lovund: phi=0.092246, phi/n=0.00058384
2026-03-04 17:05:14 | INFO | src.tmc_shapley_islands |   Sleneset: phi=0.002999, phi/n=0.00001807
2026-03-04 17:05:14 | INFO | src.tmc_shapley_islands |   Aldra: phi=0.022816, phi/n=0.00013188
2026-03-04 17:05:14 | INFO | src.tmc_shapley_islands |   Southern 1: phi=-0.001285, phi/n=-0.00000220
2026-03-04 17:05:14 | INFO | src.tmc_shapley_islands |   Southern 2: phi=-0.041128, phi/n=-0.00010360
2026-03-04 17:05:14 | INFO | src.tmc_shapley_islands |   Southern 3: phi=0.052209, phi/n=0.00008940
2026-03-04 17:05:14 | INFO | src.tmc_shapley_islands |   Southern 4: phi=-0.004817, phi/n=-0.00000991
2026-03-04 17:05:14 | INFO | src.tmc_shapley_islands |   Southern 5: phi=0.008016, phi/n=0.00003968
2026-03-04 17:05:14 | INFO | src.tmc_shapley_islands | Curve retraining early stopping: enabled=True, patience=20
2026-03-04 17:05:14 | INFO | src.tmc_shapley_islands | Computing add-islands curve (evaluated on test set)...
2026-03-04 17:05:14 | INFO | src.tmc_shapley_islands | Add-curve (mean): 1 islands, n=158 -> corr=0.3532
2026-03-04 17:05:14 | INFO | src.tmc_shapley_islands | Add-curve (mean): 2 islands, n=450 -> corr=0.4883
2026-03-04 17:05:14 | INFO | src.tmc_shapley_islands | Add-curve (mean): 3 islands, n=806 -> corr=0.4732
2026-03-04 17:05:15 | INFO | src.tmc_shapley_islands | Add-curve (mean): 4 islands, n=979 -> corr=0.4780
2026-03-04 17:05:16 | INFO | src.tmc_shapley_islands | Add-curve (mean): 5 islands, n=1563 -> corr=0.4541
2026-03-04 17:05:16 | INFO | src.tmc_shapley_islands | Add-curve (mean): 6 islands, n=1682 -> corr=0.4561
2026-03-04 17:05:17 | INFO | src.tmc_shapley_islands | Add-curve (mean): 7 islands, n=1941 -> corr=0.3935
2026-03-04 17:05:18 | INFO | src.tmc_shapley_islands | Add-curve (mean): 8 islands, n=2143 -> corr=0.4054
2026-03-04 17:05:19 | INFO | src.tmc_shapley_islands | Add-curve (mean): 9 islands, n=2309 -> corr=0.4258
2026-03-04 17:05:20 | INFO | src.tmc_shapley_islands | Add-curve (mean): 10 islands, n=3387 -> corr=0.3692
2026-03-04 17:05:21 | INFO | src.tmc_shapley_islands | Add-curve (mean): 11 islands, n=3970 -> corr=0.3872
2026-03-04 17:05:23 | INFO | src.tmc_shapley_islands | Add-curve (mean): 12 islands, n=4456 -> corr=0.4058
2026-03-04 17:05:25 | INFO | src.tmc_shapley_islands | Add-curve (mean): 13 islands, n=4853 -> corr=0.3938
2026-03-04 17:05:28 | INFO | src.tmc_shapley_islands | Add-curve (mean): 14 islands, n=5411 -> corr=0.4065
2026-03-04 17:05:31 | INFO | src.tmc_shapley_islands | Add-curve (mean): 15 islands, n=5503 -> corr=0.4580
2026-03-04 17:05:42 | INFO | src.tmc_shapley_islands | Random individual add-curve (seed=0) complete
2026-03-04 17:05:53 | INFO | src.tmc_shapley_islands | Random individual add-curve (seed=1) complete
2026-03-04 17:06:03 | INFO | src.tmc_shapley_islands | Random individual add-curve (seed=2) complete
2026-03-04 17:06:14 | INFO | src.tmc_shapley_islands | Random individual add-curve (seed=3) complete
2026-03-04 17:06:24 | INFO | src.tmc_shapley_islands | Random individual add-curve (seed=4) complete
2026-03-04 17:06:24 | INFO | src.tmc_shapley_islands | Building mirrored remove-islands curve from add-islands curve...
2026-03-04 17:06:24 | INFO | src.tmc_shapley_islands | Saved Shapley values to outputs/tmc_shapley_sweep_all_traits/shards/shard_018/body_mass/tmp/shapley_island_values_target_3.csv
2026-03-04 17:06:24 | INFO | src.tmc_shapley_islands | Saved summary to outputs/tmc_shapley_sweep_all_traits/shards/shard_018/body_mass/tmp/tmc_summary_target_3.json
2026-03-04 17:06:24 | INFO | src.tmc_shapley_islands | Saved intermediate ranking trace to outputs/tmc_shapley_sweep_all_traits/shards/shard_018/body_mass/tmp/tmc_intermediate_rankings_target_3.csv
2026-03-04 17:06:24 | INFO | src.tmc_shapley_islands | Saved add-curve to outputs/tmc_shapley_sweep_all_traits/shards/shard_018/body_mass/tmp/add_curve_target_3.csv
2026-03-04 17:06:24 | INFO | src.tmc_shapley_islands | Saved remove-curve to outputs/tmc_shapley_sweep_all_traits/shards/shard_018/body_mass/tmp/remove_curve_target_3.csv
2026-03-04 17:06:25 | INFO | src.tmc_shapley_islands | Saved bar plot to outputs/tmc_shapley_sweep_all_traits/shards/shard_018/body_mass/tmp/shapley_bar_target_3.png
2026-03-04 17:06:25 | INFO | src.tmc_shapley_islands | Saved add-curve plot to outputs/tmc_shapley_sweep_all_traits/shards/shard_018/body_mass/tmp/add_curve_target_3.png
2026-03-04 17:06:26 | INFO | src.tmc_shapley_islands | Saved remove-curve plot to outputs/tmc_shapley_sweep_all_traits/shards/shard_018/body_mass/tmp/remove_curve_target_3.png
2026-03-04 17:06:26 | INFO | __main__ | Shard 18/30 trait=body_mass progress 22/75 | target=3 n_cal_samples=150 perm=20 repeat=6
2026-03-04 17:06:26 | INFO | src.tmc_shapley_islands | [Shapley] Target island: 3 (Selvær), source islands: 15
2026-03-04 17:06:27 | INFO | src.tmc_shapley_islands | Data: source=5503 (across 15 islands), cal=150, test=44
2026-03-04 17:06:27 | INFO | src.tmc_shapley_islands | SNP selection: using fixed precomputed subset (n=20000)
2026-03-04 17:06:27 | INFO | src.tmc_shapley_islands | Island counts (capped to None in training):
  Nesøy: n=119
  Myken: n=92
  Træna: n=292
  Gjerøy: n=558
  Hestmannøy: n=1078
  Indre Kvarøy: n=356
  Onøy og Lurøy: n=259
  Lovund: n=158
  Sleneset: n=166
  Aldra: n=173
  Southern 1: n=583
  Southern 2: n=397
  Southern 3: n=584
  Southern 4: n=486
  Southern 5: n=202
2026-03-04 17:06:27 | INFO | src.tmc_shapley_islands | Loaded 134 cached utilities from outputs/tmc_shapley_sweep_all_traits/cache/body_mass/utility_cache_target_3_seed_1726234967.json
2026-03-04 17:06:27 | INFO | src.tmc_shapley_islands | Running TMC-Shapley with 20 permutations (utility on cal set)...
2026-03-04 17:06:27 | INFO | src.tmc_shapley_islands | Computing V_full over all 15 source islands...
2026-03-04 17:06:27 | INFO | src.tmc_shapley_islands | V_full = 0.1500
2026-03-04 17:06:27 | INFO | src.tmc_shapley_islands | TMC head-start: loaded 10 completed permutations from state outputs/tmc_shapley_sweep_all_traits/cache/body_mass/tmc_perm_state_target_3_seed_1726234967.json
2026-03-04 17:06:49 | INFO | src.tmc_shapley_islands | TMC progress: 12/20 permutations done, cache hit rate: 19.4%, n_evals: 25
2026-03-04 17:07:47 | INFO | src.tmc_shapley_islands | TMC progress: 16/20 permutations done, cache hit rate: 19.8%, n_evals: 73
2026-03-04 17:08:36 | INFO | src.tmc_shapley_islands | TMC progress: 20/20 permutations done, cache hit rate: 19.2%, n_evals: 122
2026-03-04 17:08:36 | INFO | src.tmc_shapley_islands | TMC complete: 20 permutations, 0 truncated, 122 utility evals, cache hit rate: 19.2%
2026-03-04 17:08:36 | INFO | src.tmc_shapley_islands | Shapley values (phi, computed on cal set):
2026-03-04 17:08:36 | INFO | src.tmc_shapley_islands |   Nesøy: phi=0.005389, phi/n=0.00004529
2026-03-04 17:08:36 | INFO | src.tmc_shapley_islands |   Myken: phi=-0.034011, phi/n=-0.00036968
2026-03-04 17:08:36 | INFO | src.tmc_shapley_islands |   Træna: phi=0.067865, phi/n=0.00023241
2026-03-04 17:08:36 | INFO | src.tmc_shapley_islands |   Gjerøy: phi=-0.119625, phi/n=-0.00021438
2026-03-04 17:08:36 | INFO | src.tmc_shapley_islands |   Hestmannøy: phi=0.007094, phi/n=0.00000658
2026-03-04 17:08:36 | INFO | src.tmc_shapley_islands |   Indre Kvarøy: phi=0.072665, phi/n=0.00020412
2026-03-04 17:08:36 | INFO | src.tmc_shapley_islands |   Onøy og Lurøy: phi=0.025595, phi/n=0.00009882
2026-03-04 17:08:36 | INFO | src.tmc_shapley_islands |   Lovund: phi=0.076217, phi/n=0.00048239
2026-03-04 17:08:36 | INFO | src.tmc_shapley_islands |   Sleneset: phi=0.004659, phi/n=0.00002807
2026-03-04 17:08:36 | INFO | src.tmc_shapley_islands |   Aldra: phi=0.030364, phi/n=0.00017551
2026-03-04 17:08:36 | INFO | src.tmc_shapley_islands |   Southern 1: phi=-0.002242, phi/n=-0.00000385
2026-03-04 17:08:36 | INFO | src.tmc_shapley_islands |   Southern 2: phi=-0.041400, phi/n=-0.00010428
2026-03-04 17:08:36 | INFO | src.tmc_shapley_islands |   Southern 3: phi=0.045383, phi/n=0.00007771
2026-03-04 17:08:36 | INFO | src.tmc_shapley_islands |   Southern 4: phi=-0.001447, phi/n=-0.00000298
2026-03-04 17:08:36 | INFO | src.tmc_shapley_islands |   Southern 5: phi=0.013512, phi/n=0.00006689
2026-03-04 17:08:36 | INFO | src.tmc_shapley_islands | Curve retraining early stopping: enabled=True, patience=20
2026-03-04 17:08:36 | INFO | src.tmc_shapley_islands | Computing add-islands curve (evaluated on test set)...
2026-03-04 17:08:36 | INFO | src.tmc_shapley_islands | Add-curve (mean): 1 islands, n=158 -> corr=0.3532
2026-03-04 17:08:36 | INFO | src.tmc_shapley_islands | Add-curve (mean): 2 islands, n=450 -> corr=0.4883
2026-03-04 17:08:36 | INFO | src.tmc_shapley_islands | Add-curve (mean): 3 islands, n=806 -> corr=0.4732
2026-03-04 17:08:37 | INFO | src.tmc_shapley_islands | Add-curve (mean): 4 islands, n=979 -> corr=0.4780
2026-03-04 17:08:37 | INFO | src.tmc_shapley_islands | Add-curve (mean): 5 islands, n=1238 -> corr=0.4137
2026-03-04 17:08:38 | INFO | src.tmc_shapley_islands | Add-curve (mean): 6 islands, n=1822 -> corr=0.3818
2026-03-04 17:08:39 | INFO | src.tmc_shapley_islands | Add-curve (mean): 7 islands, n=2024 -> corr=0.3942
2026-03-04 17:08:40 | INFO | src.tmc_shapley_islands | Add-curve (mean): 8 islands, n=2143 -> corr=0.4054
2026-03-04 17:08:40 | INFO | src.tmc_shapley_islands | Add-curve (mean): 9 islands, n=2309 -> corr=0.4258
2026-03-04 17:08:42 | INFO | src.tmc_shapley_islands | Add-curve (mean): 10 islands, n=3387 -> corr=0.3692
2026-03-04 17:08:43 | INFO | src.tmc_shapley_islands | Add-curve (mean): 11 islands, n=3873 -> corr=0.3899
2026-03-04 17:08:45 | INFO | src.tmc_shapley_islands | Add-curve (mean): 12 islands, n=4456 -> corr=0.4058
2026-03-04 17:08:47 | INFO | src.tmc_shapley_islands | Add-curve (mean): 13 islands, n=4853 -> corr=0.3938
2026-03-04 17:08:50 | INFO | src.tmc_shapley_islands | Add-curve (mean): 14 islands, n=5411 -> corr=0.4065
2026-03-04 17:08:53 | INFO | src.tmc_shapley_islands | Add-curve (mean): 15 islands, n=5503 -> corr=0.4580
2026-03-04 17:09:04 | INFO | src.tmc_shapley_islands | Random individual add-curve (seed=0) complete
2026-03-04 17:09:15 | INFO | src.tmc_shapley_islands | Random individual add-curve (seed=1) complete
2026-03-04 17:09:26 | INFO | src.tmc_shapley_islands | Random individual add-curve (seed=2) complete
2026-03-04 17:09:36 | INFO | src.tmc_shapley_islands | Random individual add-curve (seed=3) complete
2026-03-04 17:09:47 | INFO | src.tmc_shapley_islands | Random individual add-curve (seed=4) complete
2026-03-04 17:09:47 | INFO | src.tmc_shapley_islands | Building mirrored remove-islands curve from add-islands curve...
2026-03-04 17:09:47 | INFO | src.tmc_shapley_islands | Saved Shapley values to outputs/tmc_shapley_sweep_all_traits/shards/shard_018/body_mass/tmp/shapley_island_values_target_3.csv
2026-03-04 17:09:47 | INFO | src.tmc_shapley_islands | Saved summary to outputs/tmc_shapley_sweep_all_traits/shards/shard_018/body_mass/tmp/tmc_summary_target_3.json
2026-03-04 17:09:47 | INFO | src.tmc_shapley_islands | Saved intermediate ranking trace to outputs/tmc_shapley_sweep_all_traits/shards/shard_018/body_mass/tmp/tmc_intermediate_rankings_target_3.csv
2026-03-04 17:09:47 | INFO | src.tmc_shapley_islands | Saved add-curve to outputs/tmc_shapley_sweep_all_traits/shards/shard_018/body_mass/tmp/add_curve_target_3.csv
2026-03-04 17:09:47 | INFO | src.tmc_shapley_islands | Saved remove-curve to outputs/tmc_shapley_sweep_all_traits/shards/shard_018/body_mass/tmp/remove_curve_target_3.csv
2026-03-04 17:09:48 | INFO | src.tmc_shapley_islands | Saved bar plot to outputs/tmc_shapley_sweep_all_traits/shards/shard_018/body_mass/tmp/shapley_bar_target_3.png
2026-03-04 17:09:48 | INFO | src.tmc_shapley_islands | Saved add-curve plot to outputs/tmc_shapley_sweep_all_traits/shards/shard_018/body_mass/tmp/add_curve_target_3.png
2026-03-04 17:09:49 | INFO | src.tmc_shapley_islands | Saved remove-curve plot to outputs/tmc_shapley_sweep_all_traits/shards/shard_018/body_mass/tmp/remove_curve_target_3.png
2026-03-04 17:09:49 | INFO | __main__ | Shard 18/30 trait=body_mass progress 23/75 | target=3 n_cal_samples=150 perm=40 repeat=6
2026-03-04 17:09:49 | INFO | src.tmc_shapley_islands | [Shapley] Target island: 3 (Selvær), source islands: 15
2026-03-04 17:09:50 | INFO | src.tmc_shapley_islands | Data: source=5503 (across 15 islands), cal=150, test=44
2026-03-04 17:09:50 | INFO | src.tmc_shapley_islands | SNP selection: using fixed precomputed subset (n=20000)
2026-03-04 17:09:50 | INFO | src.tmc_shapley_islands | Island counts (capped to None in training):
  Nesøy: n=119
  Myken: n=92
  Træna: n=292
  Gjerøy: n=558
  Hestmannøy: n=1078
  Indre Kvarøy: n=356
  Onøy og Lurøy: n=259
  Lovund: n=158
  Sleneset: n=166
  Aldra: n=173
  Southern 1: n=583
  Southern 2: n=397
  Southern 3: n=584
  Southern 4: n=486
  Southern 5: n=202
2026-03-04 17:09:50 | INFO | src.tmc_shapley_islands | Loaded 256 cached utilities from outputs/tmc_shapley_sweep_all_traits/cache/body_mass/utility_cache_target_3_seed_1726234967.json
2026-03-04 17:09:50 | INFO | src.tmc_shapley_islands | Running TMC-Shapley with 40 permutations (utility on cal set)...
2026-03-04 17:09:50 | INFO | src.tmc_shapley_islands | Computing V_full over all 15 source islands...
2026-03-04 17:09:50 | INFO | src.tmc_shapley_islands | V_full = 0.1500
2026-03-04 17:09:50 | INFO | src.tmc_shapley_islands | TMC head-start: loaded 20 completed permutations from state outputs/tmc_shapley_sweep_all_traits/cache/body_mass/tmc_perm_state_target_3_seed_1726234967.json
2026-03-04 17:10:37 | INFO | src.tmc_shapley_islands | TMC progress: 24/40 permutations done, cache hit rate: 18.0%, n_evals: 50
2026-03-04 17:12:18 | INFO | src.tmc_shapley_islands | TMC progress: 32/40 permutations done, cache hit rate: 22.7%, n_evals: 140
2026-03-04 17:14:00 | INFO | src.tmc_shapley_islands | TMC progress: 40/40 permutations done, cache hit rate: 22.9%, n_evals: 232
2026-03-04 17:14:00 | INFO | src.tmc_shapley_islands | TMC complete: 40 permutations, 0 truncated, 232 utility evals, cache hit rate: 22.9%
2026-03-04 17:14:00 | INFO | src.tmc_shapley_islands | Shapley values (phi, computed on cal set):
2026-03-04 17:14:00 | INFO | src.tmc_shapley_islands |   Nesøy: phi=0.006771, phi/n=0.00005690
2026-03-04 17:14:00 | INFO | src.tmc_shapley_islands |   Myken: phi=-0.038355, phi/n=-0.00041690
2026-03-04 17:14:00 | INFO | src.tmc_shapley_islands |   Træna: phi=0.082402, phi/n=0.00028220
2026-03-04 17:14:00 | INFO | src.tmc_shapley_islands |   Gjerøy: phi=-0.126390, phi/n=-0.00022651
2026-03-04 17:14:00 | INFO | src.tmc_shapley_islands |   Hestmannøy: phi=0.005863, phi/n=0.00000544
2026-03-04 17:14:00 | INFO | src.tmc_shapley_islands |   Indre Kvarøy: phi=0.075079, phi/n=0.00021090
2026-03-04 17:14:00 | INFO | src.tmc_shapley_islands |   Onøy og Lurøy: phi=0.026593, phi/n=0.00010268
2026-03-04 17:14:00 | INFO | src.tmc_shapley_islands |   Lovund: phi=0.066070, phi/n=0.00041816
2026-03-04 17:14:00 | INFO | src.tmc_shapley_islands |   Sleneset: phi=0.000841, phi/n=0.00000507
2026-03-04 17:14:00 | INFO | src.tmc_shapley_islands |   Aldra: phi=0.036780, phi/n=0.00021260
2026-03-04 17:14:00 | INFO | src.tmc_shapley_islands |   Southern 1: phi=-0.003146, phi/n=-0.00000540
2026-03-04 17:14:00 | INFO | src.tmc_shapley_islands |   Southern 2: phi=-0.041291, phi/n=-0.00010401
2026-03-04 17:14:00 | INFO | src.tmc_shapley_islands |   Southern 3: phi=0.046970, phi/n=0.00008043
2026-03-04 17:14:00 | INFO | src.tmc_shapley_islands |   Southern 4: phi=-0.000450, phi/n=-0.00000093
2026-03-04 17:14:00 | INFO | src.tmc_shapley_islands |   Southern 5: phi=0.012281, phi/n=0.00006080
2026-03-04 17:14:00 | INFO | src.tmc_shapley_islands | Curve retraining early stopping: enabled=True, patience=20
2026-03-04 17:14:00 | INFO | src.tmc_shapley_islands | Computing add-islands curve (evaluated on test set)...
2026-03-04 17:14:00 | INFO | src.tmc_shapley_islands | Add-curve (mean): 1 islands, n=158 -> corr=0.3532
2026-03-04 17:14:00 | INFO | src.tmc_shapley_islands | Add-curve (mean): 2 islands, n=450 -> corr=0.4883
2026-03-04 17:14:00 | INFO | src.tmc_shapley_islands | Add-curve (mean): 3 islands, n=623 -> corr=0.4944
2026-03-04 17:14:01 | INFO | src.tmc_shapley_islands | Add-curve (mean): 4 islands, n=979 -> corr=0.4780
2026-03-04 17:14:01 | INFO | src.tmc_shapley_islands | Add-curve (mean): 5 islands, n=1238 -> corr=0.4137
2026-03-04 17:14:02 | INFO | src.tmc_shapley_islands | Add-curve (mean): 6 islands, n=1822 -> corr=0.3818
2026-03-04 17:14:03 | INFO | src.tmc_shapley_islands | Add-curve (mean): 7 islands, n=2024 -> corr=0.3942
2026-03-04 17:14:04 | INFO | src.tmc_shapley_islands | Add-curve (mean): 8 islands, n=2143 -> corr=0.4054
2026-03-04 17:14:05 | INFO | src.tmc_shapley_islands | Add-curve (mean): 9 islands, n=3221 -> corr=0.3542
2026-03-04 17:14:06 | INFO | src.tmc_shapley_islands | Add-curve (mean): 10 islands, n=3387 -> corr=0.3692
2026-03-04 17:14:08 | INFO | src.tmc_shapley_islands | Add-curve (mean): 11 islands, n=3873 -> corr=0.3899
2026-03-04 17:14:10 | INFO | src.tmc_shapley_islands | Add-curve (mean): 12 islands, n=4456 -> corr=0.4058
2026-03-04 17:14:12 | INFO | src.tmc_shapley_islands | Add-curve (mean): 13 islands, n=4853 -> corr=0.3938
2026-03-04 17:14:14 | INFO | src.tmc_shapley_islands | Add-curve (mean): 14 islands, n=5411 -> corr=0.4065
2026-03-04 17:14:17 | INFO | src.tmc_shapley_islands | Add-curve (mean): 15 islands, n=5503 -> corr=0.4580
2026-03-04 17:14:28 | INFO | src.tmc_shapley_islands | Random individual add-curve (seed=0) complete
2026-03-04 17:14:39 | INFO | src.tmc_shapley_islands | Random individual add-curve (seed=1) complete
2026-03-04 17:14:50 | INFO | src.tmc_shapley_islands | Random individual add-curve (seed=2) complete
2026-03-04 17:15:01 | INFO | src.tmc_shapley_islands | Random individual add-curve (seed=3) complete
2026-03-04 17:15:12 | INFO | src.tmc_shapley_islands | Random individual add-curve (seed=4) complete
2026-03-04 17:15:12 | INFO | src.tmc_shapley_islands | Building mirrored remove-islands curve from add-islands curve...
2026-03-04 17:15:12 | INFO | src.tmc_shapley_islands | Saved Shapley values to outputs/tmc_shapley_sweep_all_traits/shards/shard_018/body_mass/tmp/shapley_island_values_target_3.csv
2026-03-04 17:15:12 | INFO | src.tmc_shapley_islands | Saved summary to outputs/tmc_shapley_sweep_all_traits/shards/shard_018/body_mass/tmp/tmc_summary_target_3.json
2026-03-04 17:15:12 | INFO | src.tmc_shapley_islands | Saved intermediate ranking trace to outputs/tmc_shapley_sweep_all_traits/shards/shard_018/body_mass/tmp/tmc_intermediate_rankings_target_3.csv
2026-03-04 17:15:12 | INFO | src.tmc_shapley_islands | Saved add-curve to outputs/tmc_shapley_sweep_all_traits/shards/shard_018/body_mass/tmp/add_curve_target_3.csv
2026-03-04 17:15:12 | INFO | src.tmc_shapley_islands | Saved remove-curve to outputs/tmc_shapley_sweep_all_traits/shards/shard_018/body_mass/tmp/remove_curve_target_3.csv
2026-03-04 17:15:13 | INFO | src.tmc_shapley_islands | Saved bar plot to outputs/tmc_shapley_sweep_all_traits/shards/shard_018/body_mass/tmp/shapley_bar_target_3.png
2026-03-04 17:15:13 | INFO | src.tmc_shapley_islands | Saved add-curve plot to outputs/tmc_shapley_sweep_all_traits/shards/shard_018/body_mass/tmp/add_curve_target_3.png
2026-03-04 17:15:14 | INFO | src.tmc_shapley_islands | Saved remove-curve plot to outputs/tmc_shapley_sweep_all_traits/shards/shard_018/body_mass/tmp/remove_curve_target_3.png
2026-03-04 17:15:14 | INFO | __main__ | Shard 18/30 trait=body_mass progress 24/75 | target=3 n_cal_samples=150 perm=80 repeat=6
2026-03-04 17:15:14 | INFO | src.tmc_shapley_islands | [Shapley] Target island: 3 (Selvær), source islands: 15
2026-03-04 17:15:15 | INFO | src.tmc_shapley_islands | Data: source=5503 (across 15 islands), cal=150, test=44
2026-03-04 17:15:15 | INFO | src.tmc_shapley_islands | SNP selection: using fixed precomputed subset (n=20000)
2026-03-04 17:15:15 | INFO | src.tmc_shapley_islands | Island counts (capped to None in training):
  Nesøy: n=119
  Myken: n=92
  Træna: n=292
  Gjerøy: n=558
  Hestmannøy: n=1078
  Indre Kvarøy: n=356
  Onøy og Lurøy: n=259
  Lovund: n=158
  Sleneset: n=166
  Aldra: n=173
  Southern 1: n=583
  Southern 2: n=397
  Southern 3: n=584
  Southern 4: n=486
  Southern 5: n=202
2026-03-04 17:15:15 | INFO | src.tmc_shapley_islands | Loaded 488 cached utilities from outputs/tmc_shapley_sweep_all_traits/cache/body_mass/utility_cache_target_3_seed_1726234967.json
2026-03-04 17:15:15 | INFO | src.tmc_shapley_islands | Running TMC-Shapley with 80 permutations (utility on cal set)...
2026-03-04 17:15:15 | INFO | src.tmc_shapley_islands | Computing V_full over all 15 source islands...
2026-03-04 17:15:15 | INFO | src.tmc_shapley_islands | V_full = 0.1500
2026-03-04 17:15:15 | INFO | src.tmc_shapley_islands | TMC head-start: loaded 40 completed permutations from state outputs/tmc_shapley_sweep_all_traits/cache/body_mass/tmc_perm_state_target_3_seed_1726234967.json
2026-03-04 17:16:58 | INFO | src.tmc_shapley_islands | TMC progress: 48/80 permutations done, cache hit rate: 24.0%, n_evals: 92
2026-03-04 17:20:12 | INFO | src.tmc_shapley_islands | TMC progress: 64/80 permutations done, cache hit rate: 24.4%, n_evals: 273
2026-03-04 17:22:53 | INFO | src.tmc_shapley_islands | TMC progress: 80/80 permutations done, cache hit rate: 27.0%, n_evals: 439
2026-03-04 17:22:53 | INFO | src.tmc_shapley_islands | TMC complete: 80 permutations, 0 truncated, 439 utility evals, cache hit rate: 27.0%
2026-03-04 17:22:53 | INFO | src.tmc_shapley_islands | Shapley values (phi, computed on cal set):
2026-03-04 17:22:53 | INFO | src.tmc_shapley_islands |   Nesøy: phi=0.007320, phi/n=0.00006152
2026-03-04 17:22:53 | INFO | src.tmc_shapley_islands |   Myken: phi=-0.035423, phi/n=-0.00038503
2026-03-04 17:22:53 | INFO | src.tmc_shapley_islands |   Træna: phi=0.077282, phi/n=0.00026466
2026-03-04 17:22:53 | INFO | src.tmc_shapley_islands |   Gjerøy: phi=-0.126776, phi/n=-0.00022720
2026-03-04 17:22:53 | INFO | src.tmc_shapley_islands |   Hestmannøy: phi=0.010136, phi/n=0.00000940
2026-03-04 17:22:53 | INFO | src.tmc_shapley_islands |   Indre Kvarøy: phi=0.070021, phi/n=0.00019669
2026-03-04 17:22:53 | INFO | src.tmc_shapley_islands |   Onøy og Lurøy: phi=0.028146, phi/n=0.00010867
2026-03-04 17:22:53 | INFO | src.tmc_shapley_islands |   Lovund: phi=0.061521, phi/n=0.00038938
2026-03-04 17:22:53 | INFO | src.tmc_shapley_islands |   Sleneset: phi=0.003257, phi/n=0.00001962
2026-03-04 17:22:53 | INFO | src.tmc_shapley_islands |   Aldra: phi=0.039367, phi/n=0.00022756
2026-03-04 17:22:53 | INFO | src.tmc_shapley_islands |   Southern 1: phi=-0.004642, phi/n=-0.00000796
2026-03-04 17:22:53 | INFO | src.tmc_shapley_islands |   Southern 2: phi=-0.045261, phi/n=-0.00011401
2026-03-04 17:22:53 | INFO | src.tmc_shapley_islands |   Southern 3: phi=0.048811, phi/n=0.00008358
2026-03-04 17:22:53 | INFO | src.tmc_shapley_islands |   Southern 4: phi=0.000946, phi/n=0.00000195
2026-03-04 17:22:53 | INFO | src.tmc_shapley_islands |   Southern 5: phi=0.015311, phi/n=0.00007580
2026-03-04 17:22:53 | INFO | src.tmc_shapley_islands | Curve retraining early stopping: enabled=True, patience=20
2026-03-04 17:22:53 | INFO | src.tmc_shapley_islands | Computing add-islands curve (evaluated on test set)...
2026-03-04 17:22:53 | INFO | src.tmc_shapley_islands | Add-curve (mean): 1 islands, n=158 -> corr=0.3532
2026-03-04 17:22:53 | INFO | src.tmc_shapley_islands | Add-curve (mean): 2 islands, n=450 -> corr=0.4883
2026-03-04 17:22:54 | INFO | src.tmc_shapley_islands | Add-curve (mean): 3 islands, n=623 -> corr=0.4944
2026-03-04 17:22:54 | INFO | src.tmc_shapley_islands | Add-curve (mean): 4 islands, n=979 -> corr=0.4780
2026-03-04 17:22:54 | INFO | src.tmc_shapley_islands | Add-curve (mean): 5 islands, n=1238 -> corr=0.4137
2026-03-04 17:22:55 | INFO | src.tmc_shapley_islands | Add-curve (mean): 6 islands, n=1822 -> corr=0.3818
2026-03-04 17:22:56 | INFO | src.tmc_shapley_islands | Add-curve (mean): 7 islands, n=2024 -> corr=0.3942
2026-03-04 17:22:57 | INFO | src.tmc_shapley_islands | Add-curve (mean): 8 islands, n=2143 -> corr=0.4054
2026-03-04 17:22:58 | INFO | src.tmc_shapley_islands | Add-curve (mean): 9 islands, n=2309 -> corr=0.4258
2026-03-04 17:22:59 | INFO | src.tmc_shapley_islands | Add-curve (mean): 10 islands, n=3387 -> corr=0.3692
2026-03-04 17:23:00 | INFO | src.tmc_shapley_islands | Add-curve (mean): 11 islands, n=3873 -> corr=0.3899
2026-03-04 17:23:02 | INFO | src.tmc_shapley_islands | Add-curve (mean): 12 islands, n=4456 -> corr=0.4058
2026-03-04 17:23:04 | INFO | src.tmc_shapley_islands | Add-curve (mean): 13 islands, n=4853 -> corr=0.3938
2026-03-04 17:23:07 | INFO | src.tmc_shapley_islands | Add-curve (mean): 14 islands, n=5411 -> corr=0.4065
2026-03-04 17:23:09 | INFO | src.tmc_shapley_islands | Add-curve (mean): 15 islands, n=5503 -> corr=0.4580
2026-03-04 17:23:21 | INFO | src.tmc_shapley_islands | Random individual add-curve (seed=0) complete
2026-03-04 17:23:32 | INFO | src.tmc_shapley_islands | Random individual add-curve (seed=1) complete
2026-03-04 17:23:43 | INFO | src.tmc_shapley_islands | Random individual add-curve (seed=2) complete
2026-03-04 17:23:53 | INFO | src.tmc_shapley_islands | Random individual add-curve (seed=3) complete
2026-03-04 17:24:05 | INFO | src.tmc_shapley_islands | Random individual add-curve (seed=4) complete
2026-03-04 17:24:05 | INFO | src.tmc_shapley_islands | Building mirrored remove-islands curve from add-islands curve...
2026-03-04 17:24:05 | INFO | src.tmc_shapley_islands | Saved Shapley values to outputs/tmc_shapley_sweep_all_traits/shards/shard_018/body_mass/tmp/shapley_island_values_target_3.csv
2026-03-04 17:24:05 | INFO | src.tmc_shapley_islands | Saved summary to outputs/tmc_shapley_sweep_all_traits/shards/shard_018/body_mass/tmp/tmc_summary_target_3.json
2026-03-04 17:24:05 | INFO | src.tmc_shapley_islands | Saved intermediate ranking trace to outputs/tmc_shapley_sweep_all_traits/shards/shard_018/body_mass/tmp/tmc_intermediate_rankings_target_3.csv
2026-03-04 17:24:05 | INFO | src.tmc_shapley_islands | Saved add-curve to outputs/tmc_shapley_sweep_all_traits/shards/shard_018/body_mass/tmp/add_curve_target_3.csv
2026-03-04 17:24:05 | INFO | src.tmc_shapley_islands | Saved remove-curve to outputs/tmc_shapley_sweep_all_traits/shards/shard_018/body_mass/tmp/remove_curve_target_3.csv
2026-03-04 17:24:05 | INFO | src.tmc_shapley_islands | Saved bar plot to outputs/tmc_shapley_sweep_all_traits/shards/shard_018/body_mass/tmp/shapley_bar_target_3.png
2026-03-04 17:24:06 | INFO | src.tmc_shapley_islands | Saved add-curve plot to outputs/tmc_shapley_sweep_all_traits/shards/shard_018/body_mass/tmp/add_curve_target_3.png
2026-03-04 17:24:06 | INFO | src.tmc_shapley_islands | Saved remove-curve plot to outputs/tmc_shapley_sweep_all_traits/shards/shard_018/body_mass/tmp/remove_curve_target_3.png
2026-03-04 17:24:06 | INFO | __main__ | Shard 18/30 trait=body_mass progress 25/75 | target=3 n_cal_samples=150 perm=150 repeat=6
2026-03-04 17:24:06 | INFO | src.tmc_shapley_islands | [Shapley] Target island: 3 (Selvær), source islands: 15
2026-03-04 17:24:07 | INFO | src.tmc_shapley_islands | Data: source=5503 (across 15 islands), cal=150, test=44
2026-03-04 17:24:07 | INFO | src.tmc_shapley_islands | SNP selection: using fixed precomputed subset (n=20000)
2026-03-04 17:24:07 | INFO | src.tmc_shapley_islands | Island counts (capped to None in training):
  Nesøy: n=119
  Myken: n=92
  Træna: n=292
  Gjerøy: n=558
  Hestmannøy: n=1078
  Indre Kvarøy: n=356
  Onøy og Lurøy: n=259
  Lovund: n=158
  Sleneset: n=166
  Aldra: n=173
  Southern 1: n=583
  Southern 2: n=397
  Southern 3: n=584
  Southern 4: n=486
  Southern 5: n=202
2026-03-04 17:24:07 | INFO | src.tmc_shapley_islands | Loaded 927 cached utilities from outputs/tmc_shapley_sweep_all_traits/cache/body_mass/utility_cache_target_3_seed_1726234967.json
2026-03-04 17:24:07 | INFO | src.tmc_shapley_islands | Running TMC-Shapley with 150 permutations (utility on cal set)...
2026-03-04 17:24:07 | INFO | src.tmc_shapley_islands | Computing V_full over all 15 source islands...
2026-03-04 17:24:07 | INFO | src.tmc_shapley_islands | V_full = 0.1500
2026-03-04 17:24:07 | INFO | src.tmc_shapley_islands | TMC head-start: loaded 80 completed permutations from state outputs/tmc_shapley_sweep_all_traits/cache/body_mass/tmc_perm_state_target_3_seed_1726234967.json
2026-03-04 17:25:54 | INFO | src.tmc_shapley_islands | TMC progress: 90/150 permutations done, cache hit rate: 31.1%, n_evals: 104
2026-03-04 17:31:19 | INFO | src.tmc_shapley_islands | TMC progress: 120/150 permutations done, cache hit rate: 33.4%, n_evals: 400
2026-03-04 17:36:31 | INFO | src.tmc_shapley_islands | TMC progress: 150/150 permutations done, cache hit rate: 34.7%, n_evals: 686
2026-03-04 17:36:32 | INFO | src.tmc_shapley_islands | TMC complete: 150 permutations, 0 truncated, 686 utility evals, cache hit rate: 34.7%
2026-03-04 17:36:32 | INFO | src.tmc_shapley_islands | Shapley values (phi, computed on cal set):
2026-03-04 17:36:32 | INFO | src.tmc_shapley_islands |   Nesøy: phi=0.006946, phi/n=0.00005837
2026-03-04 17:36:32 | INFO | src.tmc_shapley_islands |   Myken: phi=-0.032552, phi/n=-0.00035383
2026-03-04 17:36:32 | INFO | src.tmc_shapley_islands |   Træna: phi=0.069633, phi/n=0.00023847
2026-03-04 17:36:32 | INFO | src.tmc_shapley_islands |   Gjerøy: phi=-0.120928, phi/n=-0.00021672
2026-03-04 17:36:32 | INFO | src.tmc_shapley_islands |   Hestmannøy: phi=0.006589, phi/n=0.00000611
2026-03-04 17:36:32 | INFO | src.tmc_shapley_islands |   Indre Kvarøy: phi=0.072011, phi/n=0.00020228
2026-03-04 17:36:32 | INFO | src.tmc_shapley_islands |   Onøy og Lurøy: phi=0.027375, phi/n=0.00010570
2026-03-04 17:36:32 | INFO | src.tmc_shapley_islands |   Lovund: phi=0.064119, phi/n=0.00040582
2026-03-04 17:36:32 | INFO | src.tmc_shapley_islands |   Sleneset: phi=0.003088, phi/n=0.00001860
2026-03-04 17:36:32 | INFO | src.tmc_shapley_islands |   Aldra: phi=0.041905, phi/n=0.00024222
2026-03-04 17:36:32 | INFO | src.tmc_shapley_islands |   Southern 1: phi=-0.004180, phi/n=-0.00000717
2026-03-04 17:36:32 | INFO | src.tmc_shapley_islands |   Southern 2: phi=-0.045683, phi/n=-0.00011507
2026-03-04 17:36:32 | INFO | src.tmc_shapley_islands |   Southern 3: phi=0.044040, phi/n=0.00007541
2026-03-04 17:36:32 | INFO | src.tmc_shapley_islands |   Southern 4: phi=0.001852, phi/n=0.00000381
2026-03-04 17:36:32 | INFO | src.tmc_shapley_islands |   Southern 5: phi=0.015802, phi/n=0.00007823
2026-03-04 17:36:32 | INFO | src.tmc_shapley_islands | Curve retraining early stopping: enabled=True, patience=20
2026-03-04 17:36:32 | INFO | src.tmc_shapley_islands | Computing add-islands curve (evaluated on test set)...
2026-03-04 17:36:32 | INFO | src.tmc_shapley_islands | Add-curve (mean): 1 islands, n=158 -> corr=0.3532
2026-03-04 17:36:32 | INFO | src.tmc_shapley_islands | Add-curve (mean): 2 islands, n=331 -> corr=0.3360
2026-03-04 17:36:32 | INFO | src.tmc_shapley_islands | Add-curve (mean): 3 islands, n=623 -> corr=0.4944
2026-03-04 17:36:32 | INFO | src.tmc_shapley_islands | Add-curve (mean): 4 islands, n=979 -> corr=0.4780
2026-03-04 17:36:33 | INFO | src.tmc_shapley_islands | Add-curve (mean): 5 islands, n=1238 -> corr=0.4137
2026-03-04 17:36:33 | INFO | src.tmc_shapley_islands | Add-curve (mean): 6 islands, n=1440 -> corr=0.4277
2026-03-04 17:36:34 | INFO | src.tmc_shapley_islands | Add-curve (mean): 7 islands, n=2024 -> corr=0.3942
2026-03-04 17:36:35 | INFO | src.tmc_shapley_islands | Add-curve (mean): 8 islands, n=2143 -> corr=0.4054
2026-03-04 17:36:36 | INFO | src.tmc_shapley_islands | Add-curve (mean): 9 islands, n=2309 -> corr=0.4258
2026-03-04 17:36:37 | INFO | src.tmc_shapley_islands | Add-curve (mean): 10 islands, n=3387 -> corr=0.3692
2026-03-04 17:36:39 | INFO | src.tmc_shapley_islands | Add-curve (mean): 11 islands, n=3873 -> corr=0.3899
2026-03-04 17:36:41 | INFO | src.tmc_shapley_islands | Add-curve (mean): 12 islands, n=4456 -> corr=0.4058
2026-03-04 17:36:43 | INFO | src.tmc_shapley_islands | Add-curve (mean): 13 islands, n=4853 -> corr=0.3938
2026-03-04 17:36:45 | INFO | src.tmc_shapley_islands | Add-curve (mean): 14 islands, n=5411 -> corr=0.4065
2026-03-04 17:36:48 | INFO | src.tmc_shapley_islands | Add-curve (mean): 15 islands, n=5503 -> corr=0.4580
2026-03-04 17:36:59 | INFO | src.tmc_shapley_islands | Random individual add-curve (seed=0) complete
2026-03-04 17:37:10 | INFO | src.tmc_shapley_islands | Random individual add-curve (seed=1) complete
2026-03-04 17:37:20 | INFO | src.tmc_shapley_islands | Random individual add-curve (seed=2) complete
2026-03-04 17:37:31 | INFO | src.tmc_shapley_islands | Random individual add-curve (seed=3) complete
2026-03-04 17:37:42 | INFO | src.tmc_shapley_islands | Random individual add-curve (seed=4) complete
2026-03-04 17:37:42 | INFO | src.tmc_shapley_islands | Building mirrored remove-islands curve from add-islands curve...
2026-03-04 17:37:42 | INFO | src.tmc_shapley_islands | Saved Shapley values to outputs/tmc_shapley_sweep_all_traits/shards/shard_018/body_mass/tmp/shapley_island_values_target_3.csv
2026-03-04 17:37:42 | INFO | src.tmc_shapley_islands | Saved summary to outputs/tmc_shapley_sweep_all_traits/shards/shard_018/body_mass/tmp/tmc_summary_target_3.json
2026-03-04 17:37:42 | INFO | src.tmc_shapley_islands | Saved intermediate ranking trace to outputs/tmc_shapley_sweep_all_traits/shards/shard_018/body_mass/tmp/tmc_intermediate_rankings_target_3.csv
2026-03-04 17:37:42 | INFO | src.tmc_shapley_islands | Saved add-curve to outputs/tmc_shapley_sweep_all_traits/shards/shard_018/body_mass/tmp/add_curve_target_3.csv
2026-03-04 17:37:42 | INFO | src.tmc_shapley_islands | Saved remove-curve to outputs/tmc_shapley_sweep_all_traits/shards/shard_018/body_mass/tmp/remove_curve_target_3.csv
2026-03-04 17:37:43 | INFO | src.tmc_shapley_islands | Saved bar plot to outputs/tmc_shapley_sweep_all_traits/shards/shard_018/body_mass/tmp/shapley_bar_target_3.png
2026-03-04 17:37:43 | INFO | src.tmc_shapley_islands | Saved add-curve plot to outputs/tmc_shapley_sweep_all_traits/shards/shard_018/body_mass/tmp/add_curve_target_3.png
2026-03-04 17:37:44 | INFO | src.tmc_shapley_islands | Saved remove-curve plot to outputs/tmc_shapley_sweep_all_traits/shards/shard_018/body_mass/tmp/remove_curve_target_3.png
2026-03-04 17:37:44 | INFO | __main__ | Shard 18/30 trait=body_mass progress 26/75 | target=5 n_cal_samples=10 perm=10 repeat=6
2026-03-04 17:37:44 | INFO | src.tmc_shapley_islands | [Shapley] Target island: 5 (Hestmannøy), source islands: 15
2026-03-04 17:37:45 | INFO | src.tmc_shapley_islands | Data: source=4619 (across 15 islands), cal=10, test=928
2026-03-04 17:37:45 | INFO | src.tmc_shapley_islands | SNP selection: using fixed precomputed subset (n=20000)
2026-03-04 17:37:45 | INFO | src.tmc_shapley_islands | Island counts (capped to None in training):
  Nesøy: n=119
  Myken: n=92
  Træna: n=292
  Selvær: n=194
  Gjerøy: n=558
  Indre Kvarøy: n=356
  Onøy og Lurøy: n=259
  Lovund: n=158
  Sleneset: n=166
  Aldra: n=173
  Southern 1: n=583
  Southern 2: n=397
  Southern 3: n=584
  Southern 4: n=486
  Southern 5: n=202
2026-03-04 17:37:45 | INFO | src.tmc_shapley_islands | Running TMC-Shapley with 10 permutations (utility on cal set)...
2026-03-04 17:37:45 | INFO | src.tmc_shapley_islands | Computing V_full over all 15 source islands...
2026-03-04 17:37:47 | INFO | src.tmc_shapley_islands | V_full = -0.5846
2026-03-04 17:38:14 | INFO | src.tmc_shapley_islands | TMC progress: 2/10 permutations done, cache hit rate: 6.5%, n_evals: 29
2026-03-04 17:38:35 | INFO | src.tmc_shapley_islands | TMC progress: 4/10 permutations done, cache hit rate: 9.8%, n_evals: 55
2026-03-04 17:39:01 | INFO | src.tmc_shapley_islands | TMC progress: 6/10 permutations done, cache hit rate: 9.9%, n_evals: 82
2026-03-04 17:39:22 | INFO | src.tmc_shapley_islands | TMC progress: 8/10 permutations done, cache hit rate: 9.9%, n_evals: 109
2026-03-04 17:39:42 | INFO | src.tmc_shapley_islands | TMC progress: 10/10 permutations done, cache hit rate: 12.6%, n_evals: 132
2026-03-04 17:39:42 | INFO | src.tmc_shapley_islands | TMC complete: 10 permutations, 0 truncated, 132 utility evals, cache hit rate: 12.6%
2026-03-04 17:39:42 | INFO | src.tmc_shapley_islands | Shapley values (phi, computed on cal set):
2026-03-04 17:39:42 | INFO | src.tmc_shapley_islands |   Nesøy: phi=-0.116348, phi/n=-0.00097771
2026-03-04 17:39:42 | INFO | src.tmc_shapley_islands |   Myken: phi=-0.066338, phi/n=-0.00072107
2026-03-04 17:39:42 | INFO | src.tmc_shapley_islands |   Træna: phi=-0.057698, phi/n=-0.00019759
2026-03-04 17:39:42 | INFO | src.tmc_shapley_islands |   Selvær: phi=-0.043733, phi/n=-0.00022543
2026-03-04 17:39:42 | INFO | src.tmc_shapley_islands |   Gjerøy: phi=0.016932, phi/n=0.00003034
2026-03-04 17:39:42 | INFO | src.tmc_shapley_islands |   Indre Kvarøy: phi=-0.168641, phi/n=-0.00047371
2026-03-04 17:39:42 | INFO | src.tmc_shapley_islands |   Onøy og Lurøy: phi=-0.160936, phi/n=-0.00062137
2026-03-04 17:39:42 | INFO | src.tmc_shapley_islands |   Lovund: phi=0.006298, phi/n=0.00003986
2026-03-04 17:39:42 | INFO | src.tmc_shapley_islands |   Sleneset: phi=-0.005344, phi/n=-0.00003219
2026-03-04 17:39:42 | INFO | src.tmc_shapley_islands |   Aldra: phi=0.053684, phi/n=0.00031031
2026-03-04 17:39:42 | INFO | src.tmc_shapley_islands |   Southern 1: phi=-0.282829, phi/n=-0.00048513
2026-03-04 17:39:42 | INFO | src.tmc_shapley_islands |   Southern 2: phi=0.162804, phi/n=0.00041009
2026-03-04 17:39:42 | INFO | src.tmc_shapley_islands |   Southern 3: phi=0.005421, phi/n=0.00000928
2026-03-04 17:39:42 | INFO | src.tmc_shapley_islands |   Southern 4: phi=-0.064937, phi/n=-0.00013362
2026-03-04 17:39:42 | INFO | src.tmc_shapley_islands |   Southern 5: phi=0.137081, phi/n=0.00067862
2026-03-04 17:39:42 | INFO | src.tmc_shapley_islands | Curve retraining early stopping: enabled=True, patience=20
2026-03-04 17:39:42 | INFO | src.tmc_shapley_islands | Computing add-islands curve (evaluated on test set)...
2026-03-04 17:39:42 | INFO | src.tmc_shapley_islands | Add-curve (mean): 1 islands, n=202 -> corr=-0.0110
2026-03-04 17:39:43 | INFO | src.tmc_shapley_islands | Add-curve (mean): 2 islands, n=599 -> corr=0.0091
2026-03-04 17:39:43 | INFO | src.tmc_shapley_islands | Add-curve (mean): 3 islands, n=772 -> corr=0.0397
2026-03-04 17:39:44 | INFO | src.tmc_shapley_islands | Add-curve (mean): 4 islands, n=930 -> corr=0.0765
2026-03-04 17:39:44 | INFO | src.tmc_shapley_islands | Add-curve (mean): 5 islands, n=1488 -> corr=0.1171
2026-03-04 17:39:45 | INFO | src.tmc_shapley_islands | Add-curve (mean): 6 islands, n=2072 -> corr=0.1088
2026-03-04 17:39:46 | INFO | src.tmc_shapley_islands | Add-curve (mean): 7 islands, n=2238 -> corr=0.1073
2026-03-04 17:39:47 | INFO | src.tmc_shapley_islands | Add-curve (mean): 8 islands, n=2724 -> corr=0.1095
2026-03-04 17:39:48 | INFO | src.tmc_shapley_islands | Add-curve (mean): 9 islands, n=3016 -> corr=0.1053
2026-03-04 17:39:50 | INFO | src.tmc_shapley_islands | Add-curve (mean): 10 islands, n=3210 -> corr=0.1004
2026-03-04 17:39:51 | INFO | src.tmc_shapley_islands | Add-curve (mean): 11 islands, n=3566 -> corr=0.1522
2026-03-04 17:39:53 | INFO | src.tmc_shapley_islands | Add-curve (mean): 12 islands, n=4149 -> corr=0.1566
2026-03-04 17:39:55 | INFO | src.tmc_shapley_islands | Add-curve (mean): 13 islands, n=4408 -> corr=0.1483
2026-03-04 17:39:57 | INFO | src.tmc_shapley_islands | Add-curve (mean): 14 islands, n=4500 -> corr=0.1567
2026-03-04 17:39:59 | INFO | src.tmc_shapley_islands | Add-curve (mean): 15 islands, n=4619 -> corr=0.1516
2026-03-04 17:40:09 | INFO | src.tmc_shapley_islands | Random individual add-curve (seed=0) complete
2026-03-04 17:40:20 | INFO | src.tmc_shapley_islands | Random individual add-curve (seed=1) complete
2026-03-04 17:40:31 | INFO | src.tmc_shapley_islands | Random individual add-curve (seed=2) complete
2026-03-04 17:40:42 | INFO | src.tmc_shapley_islands | Random individual add-curve (seed=3) complete
2026-03-04 17:40:52 | INFO | src.tmc_shapley_islands | Random individual add-curve (seed=4) complete
2026-03-04 17:40:52 | INFO | src.tmc_shapley_islands | Building mirrored remove-islands curve from add-islands curve...
2026-03-04 17:40:52 | INFO | src.tmc_shapley_islands | Saved Shapley values to outputs/tmc_shapley_sweep_all_traits/shards/shard_018/body_mass/tmp/shapley_island_values_target_5.csv
2026-03-04 17:40:52 | INFO | src.tmc_shapley_islands | Saved summary to outputs/tmc_shapley_sweep_all_traits/shards/shard_018/body_mass/tmp/tmc_summary_target_5.json
2026-03-04 17:40:52 | INFO | src.tmc_shapley_islands | Saved intermediate ranking trace to outputs/tmc_shapley_sweep_all_traits/shards/shard_018/body_mass/tmp/tmc_intermediate_rankings_target_5.csv
2026-03-04 17:40:52 | INFO | src.tmc_shapley_islands | Saved add-curve to outputs/tmc_shapley_sweep_all_traits/shards/shard_018/body_mass/tmp/add_curve_target_5.csv
2026-03-04 17:40:52 | INFO | src.tmc_shapley_islands | Saved remove-curve to outputs/tmc_shapley_sweep_all_traits/shards/shard_018/body_mass/tmp/remove_curve_target_5.csv
2026-03-04 17:40:53 | INFO | src.tmc_shapley_islands | Saved bar plot to outputs/tmc_shapley_sweep_all_traits/shards/shard_018/body_mass/tmp/shapley_bar_target_5.png
2026-03-04 17:40:53 | INFO | src.tmc_shapley_islands | Saved add-curve plot to outputs/tmc_shapley_sweep_all_traits/shards/shard_018/body_mass/tmp/add_curve_target_5.png
2026-03-04 17:40:54 | INFO | src.tmc_shapley_islands | Saved remove-curve plot to outputs/tmc_shapley_sweep_all_traits/shards/shard_018/body_mass/tmp/remove_curve_target_5.png
2026-03-04 17:40:54 | INFO | __main__ | Shard 18/30 trait=body_mass progress 27/75 | target=5 n_cal_samples=10 perm=20 repeat=6
2026-03-04 17:40:54 | INFO | src.tmc_shapley_islands | [Shapley] Target island: 5 (Hestmannøy), source islands: 15
2026-03-04 17:40:55 | INFO | src.tmc_shapley_islands | Data: source=4619 (across 15 islands), cal=10, test=928
2026-03-04 17:40:55 | INFO | src.tmc_shapley_islands | SNP selection: using fixed precomputed subset (n=20000)
2026-03-04 17:40:55 | INFO | src.tmc_shapley_islands | Island counts (capped to None in training):
  Nesøy: n=119
  Myken: n=92
  Træna: n=292
  Selvær: n=194
  Gjerøy: n=558
  Indre Kvarøy: n=356
  Onøy og Lurøy: n=259
  Lovund: n=158
  Sleneset: n=166
  Aldra: n=173
  Southern 1: n=583
  Southern 2: n=397
  Southern 3: n=584
  Southern 4: n=486
  Southern 5: n=202
2026-03-04 17:40:55 | INFO | src.tmc_shapley_islands | Loaded 132 cached utilities from outputs/tmc_shapley_sweep_all_traits/cache/body_mass/utility_cache_target_5_seed_1790499667.json
2026-03-04 17:40:55 | INFO | src.tmc_shapley_islands | Running TMC-Shapley with 20 permutations (utility on cal set)...
2026-03-04 17:40:55 | INFO | src.tmc_shapley_islands | Computing V_full over all 15 source islands...
2026-03-04 17:40:55 | INFO | src.tmc_shapley_islands | V_full = -0.5846
2026-03-04 17:40:55 | INFO | src.tmc_shapley_islands | TMC head-start: loaded 10 completed permutations from state outputs/tmc_shapley_sweep_all_traits/cache/body_mass/tmc_perm_state_target_5_seed_1790499667.json
2026-03-04 17:41:14 | INFO | src.tmc_shapley_islands | TMC progress: 12/20 permutations done, cache hit rate: 25.8%, n_evals: 23
2026-03-04 17:41:54 | INFO | src.tmc_shapley_islands | TMC progress: 16/20 permutations done, cache hit rate: 19.8%, n_evals: 73
2026-03-04 17:42:33 | INFO | src.tmc_shapley_islands | TMC progress: 20/20 permutations done, cache hit rate: 20.5%, n_evals: 120
2026-03-04 17:42:33 | INFO | src.tmc_shapley_islands | TMC complete: 20 permutations, 0 truncated, 120 utility evals, cache hit rate: 20.5%
2026-03-04 17:42:33 | INFO | src.tmc_shapley_islands | Shapley values (phi, computed on cal set):
2026-03-04 17:42:33 | INFO | src.tmc_shapley_islands |   Nesøy: phi=-0.126176, phi/n=-0.00106030
2026-03-04 17:42:33 | INFO | src.tmc_shapley_islands |   Myken: phi=-0.069292, phi/n=-0.00075317
2026-03-04 17:42:33 | INFO | src.tmc_shapley_islands |   Træna: phi=-0.061874, phi/n=-0.00021190
2026-03-04 17:42:33 | INFO | src.tmc_shapley_islands |   Selvær: phi=-0.064309, phi/n=-0.00033149
2026-03-04 17:42:33 | INFO | src.tmc_shapley_islands |   Gjerøy: phi=0.025064, phi/n=0.00004492
2026-03-04 17:42:33 | INFO | src.tmc_shapley_islands |   Indre Kvarøy: phi=-0.157952, phi/n=-0.00044369
2026-03-04 17:42:33 | INFO | src.tmc_shapley_islands |   Onøy og Lurøy: phi=-0.214624, phi/n=-0.00082866
2026-03-04 17:42:33 | INFO | src.tmc_shapley_islands |   Lovund: phi=0.034039, phi/n=0.00021543
2026-03-04 17:42:33 | INFO | src.tmc_shapley_islands |   Sleneset: phi=0.007295, phi/n=0.00004395
2026-03-04 17:42:33 | INFO | src.tmc_shapley_islands |   Aldra: phi=0.051719, phi/n=0.00029895
2026-03-04 17:42:33 | INFO | src.tmc_shapley_islands |   Southern 1: phi=-0.252758, phi/n=-0.00043355
2026-03-04 17:42:33 | INFO | src.tmc_shapley_islands |   Southern 2: phi=0.155741, phi/n=0.00039229
2026-03-04 17:42:33 | INFO | src.tmc_shapley_islands |   Southern 3: phi=-0.000938, phi/n=-0.00000161
2026-03-04 17:42:33 | INFO | src.tmc_shapley_islands |   Southern 4: phi=-0.068485, phi/n=-0.00014092
2026-03-04 17:42:33 | INFO | src.tmc_shapley_islands |   Southern 5: phi=0.157966, phi/n=0.00078201
2026-03-04 17:42:33 | INFO | src.tmc_shapley_islands | Curve retraining early stopping: enabled=True, patience=20
2026-03-04 17:42:33 | INFO | src.tmc_shapley_islands | Computing add-islands curve (evaluated on test set)...
2026-03-04 17:42:33 | INFO | src.tmc_shapley_islands | Add-curve (mean): 1 islands, n=202 -> corr=-0.0110
2026-03-04 17:42:34 | INFO | src.tmc_shapley_islands | Add-curve (mean): 2 islands, n=599 -> corr=0.0091
2026-03-04 17:42:34 | INFO | src.tmc_shapley_islands | Add-curve (mean): 3 islands, n=772 -> corr=0.0397
2026-03-04 17:42:34 | INFO | src.tmc_shapley_islands | Add-curve (mean): 4 islands, n=930 -> corr=0.0765
2026-03-04 17:42:35 | INFO | src.tmc_shapley_islands | Add-curve (mean): 5 islands, n=1488 -> corr=0.1171
2026-03-04 17:42:36 | INFO | src.tmc_shapley_islands | Add-curve (mean): 6 islands, n=1654 -> corr=0.1150
2026-03-04 17:42:37 | INFO | src.tmc_shapley_islands | Add-curve (mean): 7 islands, n=2238 -> corr=0.1073
2026-03-04 17:42:38 | INFO | src.tmc_shapley_islands | Add-curve (mean): 8 islands, n=2724 -> corr=0.1095
2026-03-04 17:42:39 | INFO | src.tmc_shapley_islands | Add-curve (mean): 9 islands, n=3016 -> corr=0.1053
2026-03-04 17:42:40 | INFO | src.tmc_shapley_islands | Add-curve (mean): 10 islands, n=3210 -> corr=0.1004
2026-03-04 17:42:42 | INFO | src.tmc_shapley_islands | Add-curve (mean): 11 islands, n=3793 -> corr=0.1040
2026-03-04 17:42:44 | INFO | src.tmc_shapley_islands | Add-curve (mean): 12 islands, n=4149 -> corr=0.1566
2026-03-04 17:42:46 | INFO | src.tmc_shapley_islands | Add-curve (mean): 13 islands, n=4241 -> corr=0.1652
2026-03-04 17:42:48 | INFO | src.tmc_shapley_islands | Add-curve (mean): 14 islands, n=4500 -> corr=0.1567
2026-03-04 17:42:50 | INFO | src.tmc_shapley_islands | Add-curve (mean): 15 islands, n=4619 -> corr=0.1516
2026-03-04 17:43:01 | INFO | src.tmc_shapley_islands | Random individual add-curve (seed=0) complete
2026-03-04 17:43:11 | INFO | src.tmc_shapley_islands | Random individual add-curve (seed=1) complete
2026-03-04 17:43:22 | INFO | src.tmc_shapley_islands | Random individual add-curve (seed=2) complete
2026-03-04 17:43:34 | INFO | src.tmc_shapley_islands | Random individual add-curve (seed=3) complete
2026-03-04 17:43:45 | INFO | src.tmc_shapley_islands | Random individual add-curve (seed=4) complete
2026-03-04 17:43:45 | INFO | src.tmc_shapley_islands | Building mirrored remove-islands curve from add-islands curve...
2026-03-04 17:43:45 | INFO | src.tmc_shapley_islands | Saved Shapley values to outputs/tmc_shapley_sweep_all_traits/shards/shard_018/body_mass/tmp/shapley_island_values_target_5.csv
2026-03-04 17:43:45 | INFO | src.tmc_shapley_islands | Saved summary to outputs/tmc_shapley_sweep_all_traits/shards/shard_018/body_mass/tmp/tmc_summary_target_5.json
2026-03-04 17:43:45 | INFO | src.tmc_shapley_islands | Saved intermediate ranking trace to outputs/tmc_shapley_sweep_all_traits/shards/shard_018/body_mass/tmp/tmc_intermediate_rankings_target_5.csv
2026-03-04 17:43:45 | INFO | src.tmc_shapley_islands | Saved add-curve to outputs/tmc_shapley_sweep_all_traits/shards/shard_018/body_mass/tmp/add_curve_target_5.csv
2026-03-04 17:43:45 | INFO | src.tmc_shapley_islands | Saved remove-curve to outputs/tmc_shapley_sweep_all_traits/shards/shard_018/body_mass/tmp/remove_curve_target_5.csv
2026-03-04 17:43:46 | INFO | src.tmc_shapley_islands | Saved bar plot to outputs/tmc_shapley_sweep_all_traits/shards/shard_018/body_mass/tmp/shapley_bar_target_5.png
2026-03-04 17:43:46 | INFO | src.tmc_shapley_islands | Saved add-curve plot to outputs/tmc_shapley_sweep_all_traits/shards/shard_018/body_mass/tmp/add_curve_target_5.png
2026-03-04 17:43:47 | INFO | src.tmc_shapley_islands | Saved remove-curve plot to outputs/tmc_shapley_sweep_all_traits/shards/shard_018/body_mass/tmp/remove_curve_target_5.png
2026-03-04 17:43:47 | INFO | __main__ | Shard 18/30 trait=body_mass progress 28/75 | target=5 n_cal_samples=10 perm=40 repeat=6
2026-03-04 17:43:47 | INFO | src.tmc_shapley_islands | [Shapley] Target island: 5 (Hestmannøy), source islands: 15
2026-03-04 17:43:47 | INFO | src.tmc_shapley_islands | Data: source=4619 (across 15 islands), cal=10, test=928
2026-03-04 17:43:47 | INFO | src.tmc_shapley_islands | SNP selection: using fixed precomputed subset (n=20000)
2026-03-04 17:43:47 | INFO | src.tmc_shapley_islands | Island counts (capped to None in training):
  Nesøy: n=119
  Myken: n=92
  Træna: n=292
  Selvær: n=194
  Gjerøy: n=558
  Indre Kvarøy: n=356
  Onøy og Lurøy: n=259
  Lovund: n=158
  Sleneset: n=166
  Aldra: n=173
  Southern 1: n=583
  Southern 2: n=397
  Southern 3: n=584
  Southern 4: n=486
  Southern 5: n=202
2026-03-04 17:43:47 | INFO | src.tmc_shapley_islands | Loaded 252 cached utilities from outputs/tmc_shapley_sweep_all_traits/cache/body_mass/utility_cache_target_5_seed_1790499667.json
2026-03-04 17:43:47 | INFO | src.tmc_shapley_islands | Running TMC-Shapley with 40 permutations (utility on cal set)...
2026-03-04 17:43:47 | INFO | src.tmc_shapley_islands | Computing V_full over all 15 source islands...
2026-03-04 17:43:47 | INFO | src.tmc_shapley_islands | V_full = -0.5846
2026-03-04 17:43:47 | INFO | src.tmc_shapley_islands | TMC head-start: loaded 20 completed permutations from state outputs/tmc_shapley_sweep_all_traits/cache/body_mass/tmc_perm_state_target_5_seed_1790499667.json
2026-03-04 17:44:37 | INFO | src.tmc_shapley_islands | TMC progress: 24/40 permutations done, cache hit rate: 16.4%, n_evals: 51
2026-03-04 17:46:05 | INFO | src.tmc_shapley_islands | TMC progress: 32/40 permutations done, cache hit rate: 19.9%, n_evals: 145
2026-03-04 17:47:26 | INFO | src.tmc_shapley_islands | TMC progress: 40/40 permutations done, cache hit rate: 21.6%, n_evals: 236
2026-03-04 17:47:26 | INFO | src.tmc_shapley_islands | TMC complete: 40 permutations, 0 truncated, 236 utility evals, cache hit rate: 21.6%
2026-03-04 17:47:26 | INFO | src.tmc_shapley_islands | Shapley values (phi, computed on cal set):
2026-03-04 17:47:26 | INFO | src.tmc_shapley_islands |   Nesøy: phi=-0.116343, phi/n=-0.00097767
2026-03-04 17:47:26 | INFO | src.tmc_shapley_islands |   Myken: phi=-0.079407, phi/n=-0.00086312
2026-03-04 17:47:26 | INFO | src.tmc_shapley_islands |   Træna: phi=-0.053695, phi/n=-0.00018389
2026-03-04 17:47:26 | INFO | src.tmc_shapley_islands |   Selvær: phi=-0.043738, phi/n=-0.00022545
2026-03-04 17:47:26 | INFO | src.tmc_shapley_islands |   Gjerøy: phi=0.007970, phi/n=0.00001428
2026-03-04 17:47:26 | INFO | src.tmc_shapley_islands |   Indre Kvarøy: phi=-0.173707, phi/n=-0.00048794
2026-03-04 17:47:26 | INFO | src.tmc_shapley_islands |   Onøy og Lurøy: phi=-0.151962, phi/n=-0.00058673
2026-03-04 17:47:26 | INFO | src.tmc_shapley_islands |   Lovund: phi=0.037762, phi/n=0.00023900
2026-03-04 17:47:26 | INFO | src.tmc_shapley_islands |   Sleneset: phi=0.015032, phi/n=0.00009055
2026-03-04 17:47:26 | INFO | src.tmc_shapley_islands |   Aldra: phi=0.070095, phi/n=0.00040518
2026-03-04 17:47:26 | INFO | src.tmc_shapley_islands |   Southern 1: phi=-0.302572, phi/n=-0.00051899
2026-03-04 17:47:26 | INFO | src.tmc_shapley_islands |   Southern 2: phi=0.163787, phi/n=0.00041256
2026-03-04 17:47:26 | INFO | src.tmc_shapley_islands |   Southern 3: phi=0.002552, phi/n=0.00000437
2026-03-04 17:47:26 | INFO | src.tmc_shapley_islands |   Southern 4: phi=-0.103306, phi/n=-0.00021256
2026-03-04 17:47:26 | INFO | src.tmc_shapley_islands |   Southern 5: phi=0.142948, phi/n=0.00070766
2026-03-04 17:47:26 | INFO | src.tmc_shapley_islands | Curve retraining early stopping: enabled=True, patience=20
2026-03-04 17:47:26 | INFO | src.tmc_shapley_islands | Computing add-islands curve (evaluated on test set)...
2026-03-04 17:47:26 | INFO | src.tmc_shapley_islands | Add-curve (mean): 1 islands, n=202 -> corr=-0.0110
2026-03-04 17:47:26 | INFO | src.tmc_shapley_islands | Add-curve (mean): 2 islands, n=599 -> corr=0.0091
2026-03-04 17:47:27 | INFO | src.tmc_shapley_islands | Add-curve (mean): 3 islands, n=772 -> corr=0.0397
2026-03-04 17:47:27 | INFO | src.tmc_shapley_islands | Add-curve (mean): 4 islands, n=930 -> corr=0.0765
2026-03-04 17:47:27 | INFO | src.tmc_shapley_islands | Add-curve (mean): 5 islands, n=1096 -> corr=0.0689
2026-03-04 17:47:28 | INFO | src.tmc_shapley_islands | Add-curve (mean): 6 islands, n=1654 -> corr=0.1150
2026-03-04 17:47:29 | INFO | src.tmc_shapley_islands | Add-curve (mean): 7 islands, n=2238 -> corr=0.1073
2026-03-04 17:47:30 | INFO | src.tmc_shapley_islands | Add-curve (mean): 8 islands, n=2530 -> corr=0.1037
2026-03-04 17:47:31 | INFO | src.tmc_shapley_islands | Add-curve (mean): 9 islands, n=3016 -> corr=0.1053
2026-03-04 17:47:33 | INFO | src.tmc_shapley_islands | Add-curve (mean): 10 islands, n=3210 -> corr=0.1004
2026-03-04 17:47:34 | INFO | src.tmc_shapley_islands | Add-curve (mean): 11 islands, n=3566 -> corr=0.1522
2026-03-04 17:47:36 | INFO | src.tmc_shapley_islands | Add-curve (mean): 12 islands, n=4149 -> corr=0.1566
2026-03-04 17:47:38 | INFO | src.tmc_shapley_islands | Add-curve (mean): 13 islands, n=4408 -> corr=0.1483
2026-03-04 17:47:40 | INFO | src.tmc_shapley_islands | Add-curve (mean): 14 islands, n=4500 -> corr=0.1567
2026-03-04 17:47:42 | INFO | src.tmc_shapley_islands | Add-curve (mean): 15 islands, n=4619 -> corr=0.1516
2026-03-04 17:47:53 | INFO | src.tmc_shapley_islands | Random individual add-curve (seed=0) complete
2026-03-04 17:48:04 | INFO | src.tmc_shapley_islands | Random individual add-curve (seed=1) complete
2026-03-04 17:48:14 | INFO | src.tmc_shapley_islands | Random individual add-curve (seed=2) complete
2026-03-04 17:48:25 | INFO | src.tmc_shapley_islands | Random individual add-curve (seed=3) complete
2026-03-04 17:48:35 | INFO | src.tmc_shapley_islands | Random individual add-curve (seed=4) complete
2026-03-04 17:48:35 | INFO | src.tmc_shapley_islands | Building mirrored remove-islands curve from add-islands curve...
2026-03-04 17:48:35 | INFO | src.tmc_shapley_islands | Saved Shapley values to outputs/tmc_shapley_sweep_all_traits/shards/shard_018/body_mass/tmp/shapley_island_values_target_5.csv
2026-03-04 17:48:35 | INFO | src.tmc_shapley_islands | Saved summary to outputs/tmc_shapley_sweep_all_traits/shards/shard_018/body_mass/tmp/tmc_summary_target_5.json
2026-03-04 17:48:35 | INFO | src.tmc_shapley_islands | Saved intermediate ranking trace to outputs/tmc_shapley_sweep_all_traits/shards/shard_018/body_mass/tmp/tmc_intermediate_rankings_target_5.csv
2026-03-04 17:48:35 | INFO | src.tmc_shapley_islands | Saved add-curve to outputs/tmc_shapley_sweep_all_traits/shards/shard_018/body_mass/tmp/add_curve_target_5.csv
2026-03-04 17:48:35 | INFO | src.tmc_shapley_islands | Saved remove-curve to outputs/tmc_shapley_sweep_all_traits/shards/shard_018/body_mass/tmp/remove_curve_target_5.csv
2026-03-04 17:48:36 | INFO | src.tmc_shapley_islands | Saved bar plot to outputs/tmc_shapley_sweep_all_traits/shards/shard_018/body_mass/tmp/shapley_bar_target_5.png
2026-03-04 17:48:36 | INFO | src.tmc_shapley_islands | Saved add-curve plot to outputs/tmc_shapley_sweep_all_traits/shards/shard_018/body_mass/tmp/add_curve_target_5.png
2026-03-04 17:48:37 | INFO | src.tmc_shapley_islands | Saved remove-curve plot to outputs/tmc_shapley_sweep_all_traits/shards/shard_018/body_mass/tmp/remove_curve_target_5.png
2026-03-04 17:48:37 | INFO | __main__ | Shard 18/30 trait=body_mass progress 29/75 | target=5 n_cal_samples=10 perm=80 repeat=6
2026-03-04 17:48:37 | INFO | src.tmc_shapley_islands | [Shapley] Target island: 5 (Hestmannøy), source islands: 15
2026-03-04 17:48:38 | INFO | src.tmc_shapley_islands | Data: source=4619 (across 15 islands), cal=10, test=928
2026-03-04 17:48:38 | INFO | src.tmc_shapley_islands | SNP selection: using fixed precomputed subset (n=20000)
2026-03-04 17:48:38 | INFO | src.tmc_shapley_islands | Island counts (capped to None in training):
  Nesøy: n=119
  Myken: n=92
  Træna: n=292
  Selvær: n=194
  Gjerøy: n=558
  Indre Kvarøy: n=356
  Onøy og Lurøy: n=259
  Lovund: n=158
  Sleneset: n=166
  Aldra: n=173
  Southern 1: n=583
  Southern 2: n=397
  Southern 3: n=584
  Southern 4: n=486
  Southern 5: n=202
2026-03-04 17:48:38 | INFO | src.tmc_shapley_islands | Loaded 488 cached utilities from outputs/tmc_shapley_sweep_all_traits/cache/body_mass/utility_cache_target_5_seed_1790499667.json
2026-03-04 17:48:38 | INFO | src.tmc_shapley_islands | Running TMC-Shapley with 80 permutations (utility on cal set)...
2026-03-04 17:48:38 | INFO | src.tmc_shapley_islands | Computing V_full over all 15 source islands...
2026-03-04 17:48:38 | INFO | src.tmc_shapley_islands | V_full = -0.5846
2026-03-04 17:48:38 | INFO | src.tmc_shapley_islands | TMC head-start: loaded 40 completed permutations from state outputs/tmc_shapley_sweep_all_traits/cache/body_mass/tmc_perm_state_target_5_seed_1790499667.json
2026-03-04 17:50:02 | INFO | src.tmc_shapley_islands | TMC progress: 48/80 permutations done, cache hit rate: 22.3%, n_evals: 94
2026-03-04 17:52:30 | INFO | src.tmc_shapley_islands | TMC progress: 64/80 permutations done, cache hit rate: 25.5%, n_evals: 269
2026-03-04 17:55:02 | INFO | src.tmc_shapley_islands | TMC progress: 80/80 permutations done, cache hit rate: 27.1%, n_evals: 438
2026-03-04 17:55:02 | INFO | src.tmc_shapley_islands | TMC complete: 80 permutations, 0 truncated, 438 utility evals, cache hit rate: 27.1%
2026-03-04 17:55:02 | INFO | src.tmc_shapley_islands | Shapley values (phi, computed on cal set):
2026-03-04 17:55:02 | INFO | src.tmc_shapley_islands |   Nesøy: phi=-0.121859, phi/n=-0.00102403
2026-03-04 17:55:02 | INFO | src.tmc_shapley_islands |   Myken: phi=-0.086501, phi/n=-0.00094022
2026-03-04 17:55:02 | INFO | src.tmc_shapley_islands |   Træna: phi=-0.046218, phi/n=-0.00015828
2026-03-04 17:55:02 | INFO | src.tmc_shapley_islands |   Selvær: phi=-0.052158, phi/n=-0.00026886
2026-03-04 17:55:02 | INFO | src.tmc_shapley_islands |   Gjerøy: phi=0.028875, phi/n=0.00005175
2026-03-04 17:55:02 | INFO | src.tmc_shapley_islands |   Indre Kvarøy: phi=-0.167839, phi/n=-0.00047146
2026-03-04 17:55:02 | INFO | src.tmc_shapley_islands |   Onøy og Lurøy: phi=-0.169030, phi/n=-0.00065263
2026-03-04 17:55:02 | INFO | src.tmc_shapley_islands |   Lovund: phi=0.047004, phi/n=0.00029749
2026-03-04 17:55:02 | INFO | src.tmc_shapley_islands |   Sleneset: phi=0.017928, phi/n=0.00010800
2026-03-04 17:55:02 | INFO | src.tmc_shapley_islands |   Aldra: phi=0.088618, phi/n=0.00051224
2026-03-04 17:55:02 | INFO | src.tmc_shapley_islands |   Southern 1: phi=-0.326724, phi/n=-0.00056042
2026-03-04 17:55:02 | INFO | src.tmc_shapley_islands |   Southern 2: phi=0.171711, phi/n=0.00043252
2026-03-04 17:55:02 | INFO | src.tmc_shapley_islands |   Southern 3: phi=-0.001691, phi/n=-0.00000289
2026-03-04 17:55:02 | INFO | src.tmc_shapley_islands |   Southern 4: phi=-0.092699, phi/n=-0.00019074
2026-03-04 17:55:02 | INFO | src.tmc_shapley_islands |   Southern 5: phi=0.125999, phi/n=0.00062376
2026-03-04 17:55:02 | INFO | src.tmc_shapley_islands | Curve retraining early stopping: enabled=True, patience=20
2026-03-04 17:55:02 | INFO | src.tmc_shapley_islands | Computing add-islands curve (evaluated on test set)...
2026-03-04 17:55:02 | INFO | src.tmc_shapley_islands | Add-curve (mean): 1 islands, n=202 -> corr=-0.0110
2026-03-04 17:55:02 | INFO | src.tmc_shapley_islands | Add-curve (mean): 2 islands, n=375 -> corr=0.0390
2026-03-04 17:55:03 | INFO | src.tmc_shapley_islands | Add-curve (mean): 3 islands, n=772 -> corr=0.0397
2026-03-04 17:55:03 | INFO | src.tmc_shapley_islands | Add-curve (mean): 4 islands, n=930 -> corr=0.0765
2026-03-04 17:55:04 | INFO | src.tmc_shapley_islands | Add-curve (mean): 5 islands, n=1096 -> corr=0.0689
2026-03-04 17:55:04 | INFO | src.tmc_shapley_islands | Add-curve (mean): 6 islands, n=1654 -> corr=0.1150
2026-03-04 17:55:05 | INFO | src.tmc_shapley_islands | Add-curve (mean): 7 islands, n=2238 -> corr=0.1073
2026-03-04 17:55:06 | INFO | src.tmc_shapley_islands | Add-curve (mean): 8 islands, n=2530 -> corr=0.1037
2026-03-04 17:55:07 | INFO | src.tmc_shapley_islands | Add-curve (mean): 9 islands, n=3016 -> corr=0.1053
2026-03-04 17:55:09 | INFO | src.tmc_shapley_islands | Add-curve (mean): 10 islands, n=3210 -> corr=0.1004
2026-03-04 17:55:10 | INFO | src.tmc_shapley_islands | Add-curve (mean): 11 islands, n=3566 -> corr=0.1522
2026-03-04 17:55:12 | INFO | src.tmc_shapley_islands | Add-curve (mean): 12 islands, n=4149 -> corr=0.1566
2026-03-04 17:55:14 | INFO | src.tmc_shapley_islands | Add-curve (mean): 13 islands, n=4408 -> corr=0.1483
2026-03-04 17:55:16 | INFO | src.tmc_shapley_islands | Add-curve (mean): 14 islands, n=4500 -> corr=0.1567
2026-03-04 17:55:18 | INFO | src.tmc_shapley_islands | Add-curve (mean): 15 islands, n=4619 -> corr=0.1516
2026-03-04 17:55:29 | INFO | src.tmc_shapley_islands | Random individual add-curve (seed=0) complete
2026-03-04 17:55:39 | INFO | src.tmc_shapley_islands | Random individual add-curve (seed=1) complete
2026-03-04 17:55:50 | INFO | src.tmc_shapley_islands | Random individual add-curve (seed=2) complete
2026-03-04 17:56:00 | INFO | src.tmc_shapley_islands | Random individual add-curve (seed=3) complete
2026-03-04 17:56:11 | INFO | src.tmc_shapley_islands | Random individual add-curve (seed=4) complete
2026-03-04 17:56:11 | INFO | src.tmc_shapley_islands | Building mirrored remove-islands curve from add-islands curve...
2026-03-04 17:56:11 | INFO | src.tmc_shapley_islands | Saved Shapley values to outputs/tmc_shapley_sweep_all_traits/shards/shard_018/body_mass/tmp/shapley_island_values_target_5.csv
2026-03-04 17:56:11 | INFO | src.tmc_shapley_islands | Saved summary to outputs/tmc_shapley_sweep_all_traits/shards/shard_018/body_mass/tmp/tmc_summary_target_5.json
2026-03-04 17:56:11 | INFO | src.tmc_shapley_islands | Saved intermediate ranking trace to outputs/tmc_shapley_sweep_all_traits/shards/shard_018/body_mass/tmp/tmc_intermediate_rankings_target_5.csv
2026-03-04 17:56:11 | INFO | src.tmc_shapley_islands | Saved add-curve to outputs/tmc_shapley_sweep_all_traits/shards/shard_018/body_mass/tmp/add_curve_target_5.csv
2026-03-04 17:56:11 | INFO | src.tmc_shapley_islands | Saved remove-curve to outputs/tmc_shapley_sweep_all_traits/shards/shard_018/body_mass/tmp/remove_curve_target_5.csv
2026-03-04 17:56:11 | INFO | src.tmc_shapley_islands | Saved bar plot to outputs/tmc_shapley_sweep_all_traits/shards/shard_018/body_mass/tmp/shapley_bar_target_5.png
2026-03-04 17:56:12 | INFO | src.tmc_shapley_islands | Saved add-curve plot to outputs/tmc_shapley_sweep_all_traits/shards/shard_018/body_mass/tmp/add_curve_target_5.png
2026-03-04 17:56:13 | INFO | src.tmc_shapley_islands | Saved remove-curve plot to outputs/tmc_shapley_sweep_all_traits/shards/shard_018/body_mass/tmp/remove_curve_target_5.png
2026-03-04 17:56:13 | INFO | __main__ | Shard 18/30 trait=body_mass progress 30/75 | target=5 n_cal_samples=10 perm=150 repeat=6
2026-03-04 17:56:13 | INFO | src.tmc_shapley_islands | [Shapley] Target island: 5 (Hestmannøy), source islands: 15
2026-03-04 17:56:13 | INFO | src.tmc_shapley_islands | Data: source=4619 (across 15 islands), cal=10, test=928
2026-03-04 17:56:13 | INFO | src.tmc_shapley_islands | SNP selection: using fixed precomputed subset (n=20000)
2026-03-04 17:56:13 | INFO | src.tmc_shapley_islands | Island counts (capped to None in training):
  Nesøy: n=119
  Myken: n=92
  Træna: n=292
  Selvær: n=194
  Gjerøy: n=558
  Indre Kvarøy: n=356
  Onøy og Lurøy: n=259
  Lovund: n=158
  Sleneset: n=166
  Aldra: n=173
  Southern 1: n=583
  Southern 2: n=397
  Southern 3: n=584
  Southern 4: n=486
  Southern 5: n=202
2026-03-04 17:56:13 | INFO | src.tmc_shapley_islands | Loaded 926 cached utilities from outputs/tmc_shapley_sweep_all_traits/cache/body_mass/utility_cache_target_5_seed_1790499667.json
2026-03-04 17:56:13 | INFO | src.tmc_shapley_islands | Running TMC-Shapley with 150 permutations (utility on cal set)...
2026-03-04 17:56:13 | INFO | src.tmc_shapley_islands | Computing V_full over all 15 source islands...
2026-03-04 17:56:13 | INFO | src.tmc_shapley_islands | V_full = -0.5846
2026-03-04 17:56:13 | INFO | src.tmc_shapley_islands | TMC head-start: loaded 80 completed permutations from state outputs/tmc_shapley_sweep_all_traits/cache/body_mass/tmc_perm_state_target_5_seed_1790499667.json
2026-03-04 17:57:45 | INFO | src.tmc_shapley_islands | TMC progress: 90/150 permutations done, cache hit rate: 27.8%, n_evals: 109
2026-03-04 18:02:22 | INFO | src.tmc_shapley_islands | TMC progress: 120/150 permutations done, cache hit rate: 30.0%, n_evals: 421
2026-03-04 18:06:44 | INFO | src.tmc_shapley_islands | TMC progress: 150/150 permutations done, cache hit rate: 32.3%, n_evals: 712
2026-03-04 18:06:44 | INFO | src.tmc_shapley_islands | TMC complete: 150 permutations, 0 truncated, 712 utility evals, cache hit rate: 32.3%
2026-03-04 18:06:44 | INFO | src.tmc_shapley_islands | Shapley values (phi, computed on cal set):
2026-03-04 18:06:44 | INFO | src.tmc_shapley_islands |   Nesøy: phi=-0.110987, phi/n=-0.00093267
2026-03-04 18:06:44 | INFO | src.tmc_shapley_islands |   Myken: phi=-0.105672, phi/n=-0.00114861
2026-03-04 18:06:44 | INFO | src.tmc_shapley_islands |   Træna: phi=-0.048529, phi/n=-0.00016619
2026-03-04 18:06:44 | INFO | src.tmc_shapley_islands |   Selvær: phi=-0.044355, phi/n=-0.00022863
2026-03-04 18:06:44 | INFO | src.tmc_shapley_islands |   Gjerøy: phi=0.037479, phi/n=0.00006717
2026-03-04 18:06:44 | INFO | src.tmc_shapley_islands |   Indre Kvarøy: phi=-0.164619, phi/n=-0.00046241
2026-03-04 18:06:44 | INFO | src.tmc_shapley_islands |   Onøy og Lurøy: phi=-0.163996, phi/n=-0.00063319
2026-03-04 18:06:44 | INFO | src.tmc_shapley_islands |   Lovund: phi=0.059433, phi/n=0.00037616
2026-03-04 18:06:44 | INFO | src.tmc_shapley_islands |   Sleneset: phi=0.019326, phi/n=0.00011642
2026-03-04 18:06:44 | INFO | src.tmc_shapley_islands |   Aldra: phi=0.092815, phi/n=0.00053650
2026-03-04 18:06:44 | INFO | src.tmc_shapley_islands |   Southern 1: phi=-0.343696, phi/n=-0.00058953
2026-03-04 18:06:44 | INFO | src.tmc_shapley_islands |   Southern 2: phi=0.175643, phi/n=0.00044242
2026-03-04 18:06:44 | INFO | src.tmc_shapley_islands |   Southern 3: phi=0.001318, phi/n=0.00000226
2026-03-04 18:06:44 | INFO | src.tmc_shapley_islands |   Southern 4: phi=-0.090409, phi/n=-0.00018603
2026-03-04 18:06:44 | INFO | src.tmc_shapley_islands |   Southern 5: phi=0.101666, phi/n=0.00050330
2026-03-04 18:06:44 | INFO | src.tmc_shapley_islands | Curve retraining early stopping: enabled=True, patience=20
2026-03-04 18:06:44 | INFO | src.tmc_shapley_islands | Computing add-islands curve (evaluated on test set)...
2026-03-04 18:06:44 | INFO | src.tmc_shapley_islands | Add-curve (mean): 1 islands, n=173 -> corr=0.0518
2026-03-04 18:06:44 | INFO | src.tmc_shapley_islands | Add-curve (mean): 2 islands, n=375 -> corr=0.0390
2026-03-04 18:06:44 | INFO | src.tmc_shapley_islands | Add-curve (mean): 3 islands, n=772 -> corr=0.0397
2026-03-04 18:06:45 | INFO | src.tmc_shapley_islands | Add-curve (mean): 4 islands, n=930 -> corr=0.0765
2026-03-04 18:06:45 | INFO | src.tmc_shapley_islands | Add-curve (mean): 5 islands, n=1096 -> corr=0.0689
2026-03-04 18:06:46 | INFO | src.tmc_shapley_islands | Add-curve (mean): 6 islands, n=1654 -> corr=0.1150
2026-03-04 18:06:47 | INFO | src.tmc_shapley_islands | Add-curve (mean): 7 islands, n=2238 -> corr=0.1073
2026-03-04 18:06:48 | INFO | src.tmc_shapley_islands | Add-curve (mean): 8 islands, n=2530 -> corr=0.1037
2026-03-04 18:06:49 | INFO | src.tmc_shapley_islands | Add-curve (mean): 9 islands, n=3016 -> corr=0.1053
2026-03-04 18:06:51 | INFO | src.tmc_shapley_islands | Add-curve (mean): 10 islands, n=3210 -> corr=0.1004
2026-03-04 18:06:52 | INFO | src.tmc_shapley_islands | Add-curve (mean): 11 islands, n=3566 -> corr=0.1522
2026-03-04 18:06:54 | INFO | src.tmc_shapley_islands | Add-curve (mean): 12 islands, n=4149 -> corr=0.1566
2026-03-04 18:06:56 | INFO | src.tmc_shapley_islands | Add-curve (mean): 13 islands, n=4408 -> corr=0.1483
2026-03-04 18:06:58 | INFO | src.tmc_shapley_islands | Add-curve (mean): 14 islands, n=4527 -> corr=0.1437
2026-03-04 18:07:00 | INFO | src.tmc_shapley_islands | Add-curve (mean): 15 islands, n=4619 -> corr=0.1516
2026-03-04 18:07:11 | INFO | src.tmc_shapley_islands | Random individual add-curve (seed=0) complete
2026-03-04 18:07:21 | INFO | src.tmc_shapley_islands | Random individual add-curve (seed=1) complete
2026-03-04 18:07:32 | INFO | src.tmc_shapley_islands | Random individual add-curve (seed=2) complete
2026-03-04 18:07:43 | INFO | src.tmc_shapley_islands | Random individual add-curve (seed=3) complete
2026-03-04 18:07:53 | INFO | src.tmc_shapley_islands | Random individual add-curve (seed=4) complete
2026-03-04 18:07:53 | INFO | src.tmc_shapley_islands | Building mirrored remove-islands curve from add-islands curve...
2026-03-04 18:07:53 | INFO | src.tmc_shapley_islands | Saved Shapley values to outputs/tmc_shapley_sweep_all_traits/shards/shard_018/body_mass/tmp/shapley_island_values_target_5.csv
2026-03-04 18:07:53 | INFO | src.tmc_shapley_islands | Saved summary to outputs/tmc_shapley_sweep_all_traits/shards/shard_018/body_mass/tmp/tmc_summary_target_5.json
2026-03-04 18:07:54 | INFO | src.tmc_shapley_islands | Saved intermediate ranking trace to outputs/tmc_shapley_sweep_all_traits/shards/shard_018/body_mass/tmp/tmc_intermediate_rankings_target_5.csv
2026-03-04 18:07:54 | INFO | src.tmc_shapley_islands | Saved add-curve to outputs/tmc_shapley_sweep_all_traits/shards/shard_018/body_mass/tmp/add_curve_target_5.csv
2026-03-04 18:07:54 | INFO | src.tmc_shapley_islands | Saved remove-curve to outputs/tmc_shapley_sweep_all_traits/shards/shard_018/body_mass/tmp/remove_curve_target_5.csv
2026-03-04 18:07:54 | INFO | src.tmc_shapley_islands | Saved bar plot to outputs/tmc_shapley_sweep_all_traits/shards/shard_018/body_mass/tmp/shapley_bar_target_5.png
2026-03-04 18:07:55 | INFO | src.tmc_shapley_islands | Saved add-curve plot to outputs/tmc_shapley_sweep_all_traits/shards/shard_018/body_mass/tmp/add_curve_target_5.png
2026-03-04 18:07:55 | INFO | src.tmc_shapley_islands | Saved remove-curve plot to outputs/tmc_shapley_sweep_all_traits/shards/shard_018/body_mass/tmp/remove_curve_target_5.png
2026-03-04 18:07:55 | INFO | __main__ | Shard 18/30 trait=body_mass progress 31/75 | target=5 n_cal_samples=20 perm=10 repeat=6
2026-03-04 18:07:55 | INFO | src.tmc_shapley_islands | [Shapley] Target island: 5 (Hestmannøy), source islands: 15
2026-03-04 18:07:56 | INFO | src.tmc_shapley_islands | Data: source=4619 (across 15 islands), cal=20, test=928
2026-03-04 18:07:56 | INFO | src.tmc_shapley_islands | SNP selection: using fixed precomputed subset (n=20000)
2026-03-04 18:07:56 | INFO | src.tmc_shapley_islands | Island counts (capped to None in training):
  Nesøy: n=119
  Myken: n=92
  Træna: n=292
  Selvær: n=194
  Gjerøy: n=558
  Indre Kvarøy: n=356
  Onøy og Lurøy: n=259
  Lovund: n=158
  Sleneset: n=166
  Aldra: n=173
  Southern 1: n=583
  Southern 2: n=397
  Southern 3: n=584
  Southern 4: n=486
  Southern 5: n=202
2026-03-04 18:07:56 | INFO | src.tmc_shapley_islands | Running TMC-Shapley with 10 permutations (utility on cal set)...
2026-03-04 18:07:56 | INFO | src.tmc_shapley_islands | Computing V_full over all 15 source islands...
2026-03-04 18:07:58 | INFO | src.tmc_shapley_islands | V_full = -0.0312
2026-03-04 18:08:25 | INFO | src.tmc_shapley_islands | TMC progress: 2/10 permutations done, cache hit rate: 6.5%, n_evals: 29
2026-03-04 18:08:46 | INFO | src.tmc_shapley_islands | TMC progress: 4/10 permutations done, cache hit rate: 8.2%, n_evals: 56
2026-03-04 18:09:13 | INFO | src.tmc_shapley_islands | TMC progress: 6/10 permutations done, cache hit rate: 7.7%, n_evals: 84
2026-03-04 18:09:40 | INFO | src.tmc_shapley_islands | TMC progress: 8/10 permutations done, cache hit rate: 7.4%, n_evals: 112
2026-03-04 18:09:59 | INFO | src.tmc_shapley_islands | TMC progress: 10/10 permutations done, cache hit rate: 8.6%, n_evals: 138
2026-03-04 18:09:59 | INFO | src.tmc_shapley_islands | TMC complete: 10 permutations, 0 truncated, 138 utility evals, cache hit rate: 8.6%
2026-03-04 18:09:59 | INFO | src.tmc_shapley_islands | Shapley values (phi, computed on cal set):
2026-03-04 18:09:59 | INFO | src.tmc_shapley_islands |   Nesøy: phi=0.000005, phi/n=0.00000004
2026-03-04 18:09:59 | INFO | src.tmc_shapley_islands |   Myken: phi=0.074641, phi/n=0.00081131
2026-03-04 18:09:59 | INFO | src.tmc_shapley_islands |   Træna: phi=0.029527, phi/n=0.00010112
2026-03-04 18:09:59 | INFO | src.tmc_shapley_islands |   Selvær: phi=0.136574, phi/n=0.00070399
2026-03-04 18:09:59 | INFO | src.tmc_shapley_islands |   Gjerøy: phi=-0.179014, phi/n=-0.00032081
2026-03-04 18:09:59 | INFO | src.tmc_shapley_islands |   Indre Kvarøy: phi=0.228344, phi/n=0.00064142
2026-03-04 18:09:59 | INFO | src.tmc_shapley_islands |   Onøy og Lurøy: phi=-0.081178, phi/n=-0.00031343
2026-03-04 18:09:59 | INFO | src.tmc_shapley_islands |   Lovund: phi=0.079241, phi/n=0.00050152
2026-03-04 18:09:59 | INFO | src.tmc_shapley_islands |   Sleneset: phi=-0.019588, phi/n=-0.00011800
2026-03-04 18:09:59 | INFO | src.tmc_shapley_islands |   Aldra: phi=-0.146148, phi/n=-0.00084479
2026-03-04 18:09:59 | INFO | src.tmc_shapley_islands |   Southern 1: phi=-0.148452, phi/n=-0.00025463
2026-03-04 18:09:59 | INFO | src.tmc_shapley_islands |   Southern 2: phi=-0.083028, phi/n=-0.00020914
2026-03-04 18:09:59 | INFO | src.tmc_shapley_islands |   Southern 3: phi=0.073783, phi/n=0.00012634
2026-03-04 18:09:59 | INFO | src.tmc_shapley_islands |   Southern 4: phi=0.009684, phi/n=0.00001993
2026-03-04 18:09:59 | INFO | src.tmc_shapley_islands |   Southern 5: phi=-0.005633, phi/n=-0.00002789
2026-03-04 18:09:59 | INFO | src.tmc_shapley_islands | Curve retraining early stopping: enabled=True, patience=20
2026-03-04 18:09:59 | INFO | src.tmc_shapley_islands | Computing add-islands curve (evaluated on test set)...
2026-03-04 18:09:59 | INFO | src.tmc_shapley_islands | Add-curve (mean): 1 islands, n=92 -> corr=0.0943
2026-03-04 18:09:59 | INFO | src.tmc_shapley_islands | Add-curve (mean): 2 islands, n=286 -> corr=0.0533
2026-03-04 18:09:59 | INFO | src.tmc_shapley_islands | Add-curve (mean): 3 islands, n=642 -> corr=0.1413
2026-03-04 18:09:59 | INFO | src.tmc_shapley_islands | Add-curve (mean): 4 islands, n=800 -> corr=0.1466
2026-03-04 18:10:00 | INFO | src.tmc_shapley_islands | Add-curve (mean): 5 islands, n=1384 -> corr=0.1351
2026-03-04 18:10:01 | INFO | src.tmc_shapley_islands | Add-curve (mean): 6 islands, n=1676 -> corr=0.1319
2026-03-04 18:10:02 | INFO | src.tmc_shapley_islands | Add-curve (mean): 7 islands, n=2162 -> corr=0.1345
2026-03-04 18:10:03 | INFO | src.tmc_shapley_islands | Add-curve (mean): 8 islands, n=2281 -> corr=0.1258
2026-03-04 18:10:04 | INFO | src.tmc_shapley_islands | Add-curve (mean): 9 islands, n=2483 -> corr=0.1240
2026-03-04 18:10:05 | INFO | src.tmc_shapley_islands | Add-curve (mean): 10 islands, n=2649 -> corr=0.1184
2026-03-04 18:10:06 | INFO | src.tmc_shapley_islands | Add-curve (mean): 11 islands, n=3046 -> corr=0.1195
2026-03-04 18:10:07 | INFO | src.tmc_shapley_islands | Add-curve (mean): 12 islands, n=3629 -> corr=0.1255
2026-03-04 18:10:09 | INFO | src.tmc_shapley_islands | Add-curve (mean): 13 islands, n=3888 -> corr=0.1153
2026-03-04 18:10:11 | INFO | src.tmc_shapley_islands | Add-curve (mean): 14 islands, n=4446 -> corr=0.1388
2026-03-04 18:10:13 | INFO | src.tmc_shapley_islands | Add-curve (mean): 15 islands, n=4619 -> corr=0.1483
2026-03-04 18:10:23 | INFO | src.tmc_shapley_islands | Random individual add-curve (seed=0) complete
2026-03-04 18:10:32 | INFO | src.tmc_shapley_islands | Random individual add-curve (seed=1) complete
2026-03-04 18:10:42 | INFO | src.tmc_shapley_islands | Random individual add-curve (seed=2) complete
2026-03-04 18:10:51 | INFO | src.tmc_shapley_islands | Random individual add-curve (seed=3) complete
2026-03-04 18:11:01 | INFO | src.tmc_shapley_islands | Random individual add-curve (seed=4) complete
2026-03-04 18:11:01 | INFO | src.tmc_shapley_islands | Building mirrored remove-islands curve from add-islands curve...
2026-03-04 18:11:01 | INFO | src.tmc_shapley_islands | Saved Shapley values to outputs/tmc_shapley_sweep_all_traits/shards/shard_018/body_mass/tmp/shapley_island_values_target_5.csv
2026-03-04 18:11:01 | INFO | src.tmc_shapley_islands | Saved summary to outputs/tmc_shapley_sweep_all_traits/shards/shard_018/body_mass/tmp/tmc_summary_target_5.json
2026-03-04 18:11:01 | INFO | src.tmc_shapley_islands | Saved intermediate ranking trace to outputs/tmc_shapley_sweep_all_traits/shards/shard_018/body_mass/tmp/tmc_intermediate_rankings_target_5.csv
2026-03-04 18:11:01 | INFO | src.tmc_shapley_islands | Saved add-curve to outputs/tmc_shapley_sweep_all_traits/shards/shard_018/body_mass/tmp/add_curve_target_5.csv
2026-03-04 18:11:01 | INFO | src.tmc_shapley_islands | Saved remove-curve to outputs/tmc_shapley_sweep_all_traits/shards/shard_018/body_mass/tmp/remove_curve_target_5.csv
2026-03-04 18:11:01 | INFO | src.tmc_shapley_islands | Saved bar plot to outputs/tmc_shapley_sweep_all_traits/shards/shard_018/body_mass/tmp/shapley_bar_target_5.png
2026-03-04 18:11:02 | INFO | src.tmc_shapley_islands | Saved add-curve plot to outputs/tmc_shapley_sweep_all_traits/shards/shard_018/body_mass/tmp/add_curve_target_5.png
2026-03-04 18:11:02 | INFO | src.tmc_shapley_islands | Saved remove-curve plot to outputs/tmc_shapley_sweep_all_traits/shards/shard_018/body_mass/tmp/remove_curve_target_5.png
2026-03-04 18:11:02 | INFO | __main__ | Shard 18/30 trait=body_mass progress 32/75 | target=5 n_cal_samples=20 perm=20 repeat=6
2026-03-04 18:11:02 | INFO | src.tmc_shapley_islands | [Shapley] Target island: 5 (Hestmannøy), source islands: 15
2026-03-04 18:11:03 | INFO | src.tmc_shapley_islands | Data: source=4619 (across 15 islands), cal=20, test=928
2026-03-04 18:11:03 | INFO | src.tmc_shapley_islands | SNP selection: using fixed precomputed subset (n=20000)
2026-03-04 18:11:03 | INFO | src.tmc_shapley_islands | Island counts (capped to None in training):
  Nesøy: n=119
  Myken: n=92
  Træna: n=292
  Selvær: n=194
  Gjerøy: n=558
  Indre Kvarøy: n=356
  Onøy og Lurøy: n=259
  Lovund: n=158
  Sleneset: n=166
  Aldra: n=173
  Southern 1: n=583
  Southern 2: n=397
  Southern 3: n=584
  Southern 4: n=486
  Southern 5: n=202
2026-03-04 18:11:03 | INFO | src.tmc_shapley_islands | Loaded 138 cached utilities from outputs/tmc_shapley_sweep_all_traits/cache/body_mass/utility_cache_target_5_seed_111368.json
2026-03-04 18:11:03 | INFO | src.tmc_shapley_islands | Running TMC-Shapley with 20 permutations (utility on cal set)...
2026-03-04 18:11:03 | INFO | src.tmc_shapley_islands | Computing V_full over all 15 source islands...
2026-03-04 18:11:03 | INFO | src.tmc_shapley_islands | V_full = -0.0312
2026-03-04 18:11:03 | INFO | src.tmc_shapley_islands | TMC head-start: loaded 10 completed permutations from state outputs/tmc_shapley_sweep_all_traits/cache/body_mass/tmc_perm_state_target_5_seed_111368.json
2026-03-04 18:11:23 | INFO | src.tmc_shapley_islands | TMC progress: 12/20 permutations done, cache hit rate: 19.4%, n_evals: 25
2026-03-04 18:12:06 | INFO | src.tmc_shapley_islands | TMC progress: 16/20 permutations done, cache hit rate: 18.7%, n_evals: 74
2026-03-04 18:12:48 | INFO | src.tmc_shapley_islands | TMC progress: 20/20 permutations done, cache hit rate: 19.9%, n_evals: 121
2026-03-04 18:12:48 | INFO | src.tmc_shapley_islands | TMC complete: 20 permutations, 0 truncated, 121 utility evals, cache hit rate: 19.9%
2026-03-04 18:12:48 | INFO | src.tmc_shapley_islands | Shapley values (phi, computed on cal set):
2026-03-04 18:12:48 | INFO | src.tmc_shapley_islands |   Nesøy: phi=0.013216, phi/n=0.00011106
2026-03-04 18:12:48 | INFO | src.tmc_shapley_islands |   Myken: phi=0.089065, phi/n=0.00096809
2026-03-04 18:12:48 | INFO | src.tmc_shapley_islands |   Træna: phi=0.028431, phi/n=0.00009737
2026-03-04 18:12:48 | INFO | src.tmc_shapley_islands |   Selvær: phi=0.123714, phi/n=0.00063770
2026-03-04 18:12:48 | INFO | src.tmc_shapley_islands |   Gjerøy: phi=-0.173687, phi/n=-0.00031127
2026-03-04 18:12:48 | INFO | src.tmc_shapley_islands |   Indre Kvarøy: phi=0.233027, phi/n=0.00065457
2026-03-04 18:12:48 | INFO | src.tmc_shapley_islands |   Onøy og Lurøy: phi=-0.077782, phi/n=-0.00030032
2026-03-04 18:12:48 | INFO | src.tmc_shapley_islands |   Lovund: phi=0.067433, phi/n=0.00042679
2026-03-04 18:12:48 | INFO | src.tmc_shapley_islands |   Sleneset: phi=-0.028239, phi/n=-0.00017011
2026-03-04 18:12:48 | INFO | src.tmc_shapley_islands |   Aldra: phi=-0.127882, phi/n=-0.00073920
2026-03-04 18:12:48 | INFO | src.tmc_shapley_islands |   Southern 1: phi=-0.169057, phi/n=-0.00028998
2026-03-04 18:12:48 | INFO | src.tmc_shapley_islands |   Southern 2: phi=-0.075840, phi/n=-0.00019103
2026-03-04 18:12:48 | INFO | src.tmc_shapley_islands |   Southern 3: phi=0.060047, phi/n=0.00010282
2026-03-04 18:12:48 | INFO | src.tmc_shapley_islands |   Southern 4: phi=0.010178, phi/n=0.00002094
2026-03-04 18:12:48 | INFO | src.tmc_shapley_islands |   Southern 5: phi=-0.003866, phi/n=-0.00001914
2026-03-04 18:12:48 | INFO | src.tmc_shapley_islands | Curve retraining early stopping: enabled=True, patience=20
2026-03-04 18:12:48 | INFO | src.tmc_shapley_islands | Computing add-islands curve (evaluated on test set)...
2026-03-04 18:12:48 | INFO | src.tmc_shapley_islands | Add-curve (mean): 1 islands, n=92 -> corr=0.0943
2026-03-04 18:12:49 | INFO | src.tmc_shapley_islands | Add-curve (mean): 2 islands, n=448 -> corr=0.1544
2026-03-04 18:12:49 | INFO | src.tmc_shapley_islands | Add-curve (mean): 3 islands, n=642 -> corr=0.1413
2026-03-04 18:12:49 | INFO | src.tmc_shapley_islands | Add-curve (mean): 4 islands, n=800 -> corr=0.1466
2026-03-04 18:12:50 | INFO | src.tmc_shapley_islands | Add-curve (mean): 5 islands, n=919 -> corr=0.1347
2026-03-04 18:12:51 | INFO | src.tmc_shapley_islands | Add-curve (mean): 6 islands, n=1503 -> corr=0.1252
2026-03-04 18:12:51 | INFO | src.tmc_shapley_islands | Add-curve (mean): 7 islands, n=1795 -> corr=0.1228
2026-03-04 18:12:52 | INFO | src.tmc_shapley_islands | Add-curve (mean): 8 islands, n=2281 -> corr=0.1258
2026-03-04 18:12:53 | INFO | src.tmc_shapley_islands | Add-curve (mean): 9 islands, n=2483 -> corr=0.1240
2026-03-04 18:12:54 | INFO | src.tmc_shapley_islands | Add-curve (mean): 10 islands, n=2649 -> corr=0.1184
2026-03-04 18:12:56 | INFO | src.tmc_shapley_islands | Add-curve (mean): 11 islands, n=3046 -> corr=0.1195
2026-03-04 18:12:57 | INFO | src.tmc_shapley_islands | Add-curve (mean): 12 islands, n=3629 -> corr=0.1255
2026-03-04 18:12:59 | INFO | src.tmc_shapley_islands | Add-curve (mean): 13 islands, n=3888 -> corr=0.1153
2026-03-04 18:13:01 | INFO | src.tmc_shapley_islands | Add-curve (mean): 14 islands, n=4446 -> corr=0.1388
2026-03-04 18:13:03 | INFO | src.tmc_shapley_islands | Add-curve (mean): 15 islands, n=4619 -> corr=0.1483
2026-03-04 18:13:12 | INFO | src.tmc_shapley_islands | Random individual add-curve (seed=0) complete
2026-03-04 18:13:22 | INFO | src.tmc_shapley_islands | Random individual add-curve (seed=1) complete
2026-03-04 18:13:31 | INFO | src.tmc_shapley_islands | Random individual add-curve (seed=2) complete
2026-03-04 18:13:41 | INFO | src.tmc_shapley_islands | Random individual add-curve (seed=3) complete
2026-03-04 18:13:51 | INFO | src.tmc_shapley_islands | Random individual add-curve (seed=4) complete
2026-03-04 18:13:51 | INFO | src.tmc_shapley_islands | Building mirrored remove-islands curve from add-islands curve...
2026-03-04 18:13:51 | INFO | src.tmc_shapley_islands | Saved Shapley values to outputs/tmc_shapley_sweep_all_traits/shards/shard_018/body_mass/tmp/shapley_island_values_target_5.csv
2026-03-04 18:13:51 | INFO | src.tmc_shapley_islands | Saved summary to outputs/tmc_shapley_sweep_all_traits/shards/shard_018/body_mass/tmp/tmc_summary_target_5.json
2026-03-04 18:13:51 | INFO | src.tmc_shapley_islands | Saved intermediate ranking trace to outputs/tmc_shapley_sweep_all_traits/shards/shard_018/body_mass/tmp/tmc_intermediate_rankings_target_5.csv
2026-03-04 18:13:51 | INFO | src.tmc_shapley_islands | Saved add-curve to outputs/tmc_shapley_sweep_all_traits/shards/shard_018/body_mass/tmp/add_curve_target_5.csv
2026-03-04 18:13:51 | INFO | src.tmc_shapley_islands | Saved remove-curve to outputs/tmc_shapley_sweep_all_traits/shards/shard_018/body_mass/tmp/remove_curve_target_5.csv
2026-03-04 18:13:51 | INFO | src.tmc_shapley_islands | Saved bar plot to outputs/tmc_shapley_sweep_all_traits/shards/shard_018/body_mass/tmp/shapley_bar_target_5.png
2026-03-04 18:13:52 | INFO | src.tmc_shapley_islands | Saved add-curve plot to outputs/tmc_shapley_sweep_all_traits/shards/shard_018/body_mass/tmp/add_curve_target_5.png
2026-03-04 18:13:52 | INFO | src.tmc_shapley_islands | Saved remove-curve plot to outputs/tmc_shapley_sweep_all_traits/shards/shard_018/body_mass/tmp/remove_curve_target_5.png
2026-03-04 18:13:52 | INFO | __main__ | Shard 18/30 trait=body_mass progress 33/75 | target=5 n_cal_samples=20 perm=40 repeat=6
2026-03-04 18:13:52 | INFO | src.tmc_shapley_islands | [Shapley] Target island: 5 (Hestmannøy), source islands: 15
2026-03-04 18:13:53 | INFO | src.tmc_shapley_islands | Data: source=4619 (across 15 islands), cal=20, test=928
2026-03-04 18:13:53 | INFO | src.tmc_shapley_islands | SNP selection: using fixed precomputed subset (n=20000)
2026-03-04 18:13:53 | INFO | src.tmc_shapley_islands | Island counts (capped to None in training):
  Nesøy: n=119
  Myken: n=92
  Træna: n=292
  Selvær: n=194
  Gjerøy: n=558
  Indre Kvarøy: n=356
  Onøy og Lurøy: n=259
  Lovund: n=158
  Sleneset: n=166
  Aldra: n=173
  Southern 1: n=583
  Southern 2: n=397
  Southern 3: n=584
  Southern 4: n=486
  Southern 5: n=202
2026-03-04 18:13:53 | INFO | src.tmc_shapley_islands | Loaded 259 cached utilities from outputs/tmc_shapley_sweep_all_traits/cache/body_mass/utility_cache_target_5_seed_111368.json
2026-03-04 18:13:53 | INFO | src.tmc_shapley_islands | Running TMC-Shapley with 40 permutations (utility on cal set)...
2026-03-04 18:13:53 | INFO | src.tmc_shapley_islands | Computing V_full over all 15 source islands...
2026-03-04 18:13:53 | INFO | src.tmc_shapley_islands | V_full = -0.0312
2026-03-04 18:13:53 | INFO | src.tmc_shapley_islands | TMC head-start: loaded 20 completed permutations from state outputs/tmc_shapley_sweep_all_traits/cache/body_mass/tmc_perm_state_target_5_seed_111368.json
2026-03-04 18:14:32 | INFO | src.tmc_shapley_islands | TMC progress: 24/40 permutations done, cache hit rate: 19.7%, n_evals: 49
2026-03-04 18:15:57 | INFO | src.tmc_shapley_islands | TMC progress: 32/40 permutations done, cache hit rate: 23.2%, n_evals: 139
2026-03-04 18:17:14 | INFO | src.tmc_shapley_islands | TMC progress: 40/40 permutations done, cache hit rate: 25.6%, n_evals: 224
2026-03-04 18:17:14 | INFO | src.tmc_shapley_islands | TMC complete: 40 permutations, 0 truncated, 224 utility evals, cache hit rate: 25.6%
2026-03-04 18:17:14 | INFO | src.tmc_shapley_islands | Shapley values (phi, computed on cal set):
2026-03-04 18:17:14 | INFO | src.tmc_shapley_islands |   Nesøy: phi=0.009908, phi/n=0.00008326
2026-03-04 18:17:14 | INFO | src.tmc_shapley_islands |   Myken: phi=0.095439, phi/n=0.00103738
2026-03-04 18:17:14 | INFO | src.tmc_shapley_islands |   Træna: phi=0.033281, phi/n=0.00011398
2026-03-04 18:17:14 | INFO | src.tmc_shapley_islands |   Selvær: phi=0.111040, phi/n=0.00057237
2026-03-04 18:17:14 | INFO | src.tmc_shapley_islands |   Gjerøy: phi=-0.195379, phi/n=-0.00035014
2026-03-04 18:17:14 | INFO | src.tmc_shapley_islands |   Indre Kvarøy: phi=0.237314, phi/n=0.00066661
2026-03-04 18:17:14 | INFO | src.tmc_shapley_islands |   Onøy og Lurøy: phi=-0.086058, phi/n=-0.00033227
2026-03-04 18:17:14 | INFO | src.tmc_shapley_islands |   Lovund: phi=0.068511, phi/n=0.00043361
2026-03-04 18:17:14 | INFO | src.tmc_shapley_islands |   Sleneset: phi=-0.022178, phi/n=-0.00013360
2026-03-04 18:17:14 | INFO | src.tmc_shapley_islands |   Aldra: phi=-0.131634, phi/n=-0.00076089
2026-03-04 18:17:14 | INFO | src.tmc_shapley_islands |   Southern 1: phi=-0.158036, phi/n=-0.00027107
2026-03-04 18:17:14 | INFO | src.tmc_shapley_islands |   Southern 2: phi=-0.069460, phi/n=-0.00017496
2026-03-04 18:17:14 | INFO | src.tmc_shapley_islands |   Southern 3: phi=0.064546, phi/n=0.00011052
2026-03-04 18:17:14 | INFO | src.tmc_shapley_islands |   Southern 4: phi=0.012667, phi/n=0.00002606
2026-03-04 18:17:14 | INFO | src.tmc_shapley_islands |   Southern 5: phi=-0.001202, phi/n=-0.00000595
2026-03-04 18:17:14 | INFO | src.tmc_shapley_islands | Curve retraining early stopping: enabled=True, patience=20
2026-03-04 18:17:14 | INFO | src.tmc_shapley_islands | Computing add-islands curve (evaluated on test set)...
2026-03-04 18:17:14 | INFO | src.tmc_shapley_islands | Add-curve (mean): 1 islands, n=92 -> corr=0.0943
2026-03-04 18:17:14 | INFO | src.tmc_shapley_islands | Add-curve (mean): 2 islands, n=448 -> corr=0.1544
2026-03-04 18:17:15 | INFO | src.tmc_shapley_islands | Add-curve (mean): 3 islands, n=642 -> corr=0.1413
2026-03-04 18:17:15 | INFO | src.tmc_shapley_islands | Add-curve (mean): 4 islands, n=800 -> corr=0.1466
2026-03-04 18:17:15 | INFO | src.tmc_shapley_islands | Add-curve (mean): 5 islands, n=1092 -> corr=0.1435
2026-03-04 18:17:16 | INFO | src.tmc_shapley_islands | Add-curve (mean): 6 islands, n=1676 -> corr=0.1319
2026-03-04 18:17:17 | INFO | src.tmc_shapley_islands | Add-curve (mean): 7 islands, n=1795 -> corr=0.1228
2026-03-04 18:17:18 | INFO | src.tmc_shapley_islands | Add-curve (mean): 8 islands, n=2281 -> corr=0.1258
2026-03-04 18:17:19 | INFO | src.tmc_shapley_islands | Add-curve (mean): 9 islands, n=2483 -> corr=0.1240
2026-03-04 18:17:20 | INFO | src.tmc_shapley_islands | Add-curve (mean): 10 islands, n=2649 -> corr=0.1184
2026-03-04 18:17:21 | INFO | src.tmc_shapley_islands | Add-curve (mean): 11 islands, n=3046 -> corr=0.1195
2026-03-04 18:17:22 | INFO | src.tmc_shapley_islands | Add-curve (mean): 12 islands, n=3629 -> corr=0.1255
2026-03-04 18:17:24 | INFO | src.tmc_shapley_islands | Add-curve (mean): 13 islands, n=3888 -> corr=0.1153
2026-03-04 18:17:26 | INFO | src.tmc_shapley_islands | Add-curve (mean): 14 islands, n=4446 -> corr=0.1388
2026-03-04 18:17:28 | INFO | src.tmc_shapley_islands | Add-curve (mean): 15 islands, n=4619 -> corr=0.1483
2026-03-04 18:17:38 | INFO | src.tmc_shapley_islands | Random individual add-curve (seed=0) complete
2026-03-04 18:17:47 | INFO | src.tmc_shapley_islands | Random individual add-curve (seed=1) complete
2026-03-04 18:17:57 | INFO | src.tmc_shapley_islands | Random individual add-curve (seed=2) complete
2026-03-04 18:18:06 | INFO | src.tmc_shapley_islands | Random individual add-curve (seed=3) complete
2026-03-04 18:18:16 | INFO | src.tmc_shapley_islands | Random individual add-curve (seed=4) complete
2026-03-04 18:18:16 | INFO | src.tmc_shapley_islands | Building mirrored remove-islands curve from add-islands curve...
2026-03-04 18:18:16 | INFO | src.tmc_shapley_islands | Saved Shapley values to outputs/tmc_shapley_sweep_all_traits/shards/shard_018/body_mass/tmp/shapley_island_values_target_5.csv
2026-03-04 18:18:16 | INFO | src.tmc_shapley_islands | Saved summary to outputs/tmc_shapley_sweep_all_traits/shards/shard_018/body_mass/tmp/tmc_summary_target_5.json
2026-03-04 18:18:16 | INFO | src.tmc_shapley_islands | Saved intermediate ranking trace to outputs/tmc_shapley_sweep_all_traits/shards/shard_018/body_mass/tmp/tmc_intermediate_rankings_target_5.csv
2026-03-04 18:18:16 | INFO | src.tmc_shapley_islands | Saved add-curve to outputs/tmc_shapley_sweep_all_traits/shards/shard_018/body_mass/tmp/add_curve_target_5.csv
2026-03-04 18:18:16 | INFO | src.tmc_shapley_islands | Saved remove-curve to outputs/tmc_shapley_sweep_all_traits/shards/shard_018/body_mass/tmp/remove_curve_target_5.csv
2026-03-04 18:18:16 | INFO | src.tmc_shapley_islands | Saved bar plot to outputs/tmc_shapley_sweep_all_traits/shards/shard_018/body_mass/tmp/shapley_bar_target_5.png
2026-03-04 18:18:17 | INFO | src.tmc_shapley_islands | Saved add-curve plot to outputs/tmc_shapley_sweep_all_traits/shards/shard_018/body_mass/tmp/add_curve_target_5.png
2026-03-04 18:18:17 | INFO | src.tmc_shapley_islands | Saved remove-curve plot to outputs/tmc_shapley_sweep_all_traits/shards/shard_018/body_mass/tmp/remove_curve_target_5.png
2026-03-04 18:18:17 | INFO | __main__ | Shard 18/30 trait=body_mass progress 34/75 | target=5 n_cal_samples=20 perm=80 repeat=6
2026-03-04 18:18:17 | INFO | src.tmc_shapley_islands | [Shapley] Target island: 5 (Hestmannøy), source islands: 15
2026-03-04 18:18:18 | INFO | src.tmc_shapley_islands | Data: source=4619 (across 15 islands), cal=20, test=928
2026-03-04 18:18:18 | INFO | src.tmc_shapley_islands | SNP selection: using fixed precomputed subset (n=20000)
2026-03-04 18:18:18 | INFO | src.tmc_shapley_islands | Island counts (capped to None in training):
  Nesøy: n=119
  Myken: n=92
  Træna: n=292
  Selvær: n=194
  Gjerøy: n=558
  Indre Kvarøy: n=356
  Onøy og Lurøy: n=259
  Lovund: n=158
  Sleneset: n=166
  Aldra: n=173
  Southern 1: n=583
  Southern 2: n=397
  Southern 3: n=584
  Southern 4: n=486
  Southern 5: n=202
2026-03-04 18:18:18 | INFO | src.tmc_shapley_islands | Loaded 483 cached utilities from outputs/tmc_shapley_sweep_all_traits/cache/body_mass/utility_cache_target_5_seed_111368.json
2026-03-04 18:18:18 | INFO | src.tmc_shapley_islands | Running TMC-Shapley with 80 permutations (utility on cal set)...
2026-03-04 18:18:18 | INFO | src.tmc_shapley_islands | Computing V_full over all 15 source islands...
2026-03-04 18:18:18 | INFO | src.tmc_shapley_islands | V_full = -0.0312
2026-03-04 18:18:18 | INFO | src.tmc_shapley_islands | TMC head-start: loaded 40 completed permutations from state outputs/tmc_shapley_sweep_all_traits/cache/body_mass/tmc_perm_state_target_5_seed_111368.json
2026-03-04 18:19:39 | INFO | src.tmc_shapley_islands | TMC progress: 48/80 permutations done, cache hit rate: 26.4%, n_evals: 89
2026-03-04 18:22:14 | INFO | src.tmc_shapley_islands | TMC progress: 64/80 permutations done, cache hit rate: 27.1%, n_evals: 263
2026-03-04 18:24:41 | INFO | src.tmc_shapley_islands | TMC progress: 80/80 permutations done, cache hit rate: 27.6%, n_evals: 435
2026-03-04 18:24:41 | INFO | src.tmc_shapley_islands | TMC complete: 80 permutations, 0 truncated, 435 utility evals, cache hit rate: 27.6%
2026-03-04 18:24:41 | INFO | src.tmc_shapley_islands | Shapley values (phi, computed on cal set):
2026-03-04 18:24:41 | INFO | src.tmc_shapley_islands |   Nesøy: phi=0.009203, phi/n=0.00007734
2026-03-04 18:24:41 | INFO | src.tmc_shapley_islands |   Myken: phi=0.094773, phi/n=0.00103014
2026-03-04 18:24:41 | INFO | src.tmc_shapley_islands |   Træna: phi=0.041169, phi/n=0.00014099
2026-03-04 18:24:41 | INFO | src.tmc_shapley_islands |   Selvær: phi=0.110883, phi/n=0.00057156
2026-03-04 18:24:41 | INFO | src.tmc_shapley_islands |   Gjerøy: phi=-0.185320, phi/n=-0.00033211
2026-03-04 18:24:41 | INFO | src.tmc_shapley_islands |   Indre Kvarøy: phi=0.226746, phi/n=0.00063693
2026-03-04 18:24:41 | INFO | src.tmc_shapley_islands |   Onøy og Lurøy: phi=-0.081046, phi/n=-0.00031292
2026-03-04 18:24:41 | INFO | src.tmc_shapley_islands |   Lovund: phi=0.065902, phi/n=0.00041710
2026-03-04 18:24:41 | INFO | src.tmc_shapley_islands |   Sleneset: phi=-0.022223, phi/n=-0.00013388
2026-03-04 18:24:41 | INFO | src.tmc_shapley_islands |   Aldra: phi=-0.126597, phi/n=-0.00073177
2026-03-04 18:24:41 | INFO | src.tmc_shapley_islands |   Southern 1: phi=-0.163008, phi/n=-0.00027960
2026-03-04 18:24:41 | INFO | src.tmc_shapley_islands |   Southern 2: phi=-0.076818, phi/n=-0.00019350
2026-03-04 18:24:41 | INFO | src.tmc_shapley_islands |   Southern 3: phi=0.065680, phi/n=0.00011247
2026-03-04 18:24:41 | INFO | src.tmc_shapley_islands |   Southern 4: phi=0.011005, phi/n=0.00002264
2026-03-04 18:24:41 | INFO | src.tmc_shapley_islands |   Southern 5: phi=-0.001589, phi/n=-0.00000786
2026-03-04 18:24:41 | INFO | src.tmc_shapley_islands | Curve retraining early stopping: enabled=True, patience=20
2026-03-04 18:24:41 | INFO | src.tmc_shapley_islands | Computing add-islands curve (evaluated on test set)...
2026-03-04 18:24:41 | INFO | src.tmc_shapley_islands | Add-curve (mean): 1 islands, n=92 -> corr=0.0943
2026-03-04 18:24:41 | INFO | src.tmc_shapley_islands | Add-curve (mean): 2 islands, n=448 -> corr=0.1544
2026-03-04 18:24:42 | INFO | src.tmc_shapley_islands | Add-curve (mean): 3 islands, n=642 -> corr=0.1413
2026-03-04 18:24:42 | INFO | src.tmc_shapley_islands | Add-curve (mean): 4 islands, n=800 -> corr=0.1466
2026-03-04 18:24:42 | INFO | src.tmc_shapley_islands | Add-curve (mean): 5 islands, n=1092 -> corr=0.1435
2026-03-04 18:24:43 | INFO | src.tmc_shapley_islands | Add-curve (mean): 6 islands, n=1676 -> corr=0.1319
2026-03-04 18:24:44 | INFO | src.tmc_shapley_islands | Add-curve (mean): 7 islands, n=1795 -> corr=0.1228
2026-03-04 18:24:45 | INFO | src.tmc_shapley_islands | Add-curve (mean): 8 islands, n=2281 -> corr=0.1258
2026-03-04 18:24:46 | INFO | src.tmc_shapley_islands | Add-curve (mean): 9 islands, n=2483 -> corr=0.1240
2026-03-04 18:24:47 | INFO | src.tmc_shapley_islands | Add-curve (mean): 10 islands, n=2649 -> corr=0.1184
2026-03-04 18:24:48 | INFO | src.tmc_shapley_islands | Add-curve (mean): 11 islands, n=3046 -> corr=0.1195
2026-03-04 18:24:50 | INFO | src.tmc_shapley_islands | Add-curve (mean): 12 islands, n=3629 -> corr=0.1255
2026-03-04 18:24:51 | INFO | src.tmc_shapley_islands | Add-curve (mean): 13 islands, n=3888 -> corr=0.1153
2026-03-04 18:24:53 | INFO | src.tmc_shapley_islands | Add-curve (mean): 14 islands, n=4446 -> corr=0.1388
2026-03-04 18:24:56 | INFO | src.tmc_shapley_islands | Add-curve (mean): 15 islands, n=4619 -> corr=0.1483
2026-03-04 18:25:05 | INFO | src.tmc_shapley_islands | Random individual add-curve (seed=0) complete
2026-03-04 18:25:15 | INFO | src.tmc_shapley_islands | Random individual add-curve (seed=1) complete
2026-03-04 18:25:25 | INFO | src.tmc_shapley_islands | Random individual add-curve (seed=2) complete
2026-03-04 18:25:35 | INFO | src.tmc_shapley_islands | Random individual add-curve (seed=3) complete
2026-03-04 18:25:44 | INFO | src.tmc_shapley_islands | Random individual add-curve (seed=4) complete
2026-03-04 18:25:44 | INFO | src.tmc_shapley_islands | Building mirrored remove-islands curve from add-islands curve...
2026-03-04 18:25:44 | INFO | src.tmc_shapley_islands | Saved Shapley values to outputs/tmc_shapley_sweep_all_traits/shards/shard_018/body_mass/tmp/shapley_island_values_target_5.csv
2026-03-04 18:25:44 | INFO | src.tmc_shapley_islands | Saved summary to outputs/tmc_shapley_sweep_all_traits/shards/shard_018/body_mass/tmp/tmc_summary_target_5.json
2026-03-04 18:25:44 | INFO | src.tmc_shapley_islands | Saved intermediate ranking trace to outputs/tmc_shapley_sweep_all_traits/shards/shard_018/body_mass/tmp/tmc_intermediate_rankings_target_5.csv
2026-03-04 18:25:44 | INFO | src.tmc_shapley_islands | Saved add-curve to outputs/tmc_shapley_sweep_all_traits/shards/shard_018/body_mass/tmp/add_curve_target_5.csv
2026-03-04 18:25:44 | INFO | src.tmc_shapley_islands | Saved remove-curve to outputs/tmc_shapley_sweep_all_traits/shards/shard_018/body_mass/tmp/remove_curve_target_5.csv
2026-03-04 18:25:45 | INFO | src.tmc_shapley_islands | Saved bar plot to outputs/tmc_shapley_sweep_all_traits/shards/shard_018/body_mass/tmp/shapley_bar_target_5.png
2026-03-04 18:25:45 | INFO | src.tmc_shapley_islands | Saved add-curve plot to outputs/tmc_shapley_sweep_all_traits/shards/shard_018/body_mass/tmp/add_curve_target_5.png
2026-03-04 18:25:46 | INFO | src.tmc_shapley_islands | Saved remove-curve plot to outputs/tmc_shapley_sweep_all_traits/shards/shard_018/body_mass/tmp/remove_curve_target_5.png
2026-03-04 18:25:46 | INFO | __main__ | Shard 18/30 trait=body_mass progress 35/75 | target=5 n_cal_samples=20 perm=150 repeat=6
2026-03-04 18:25:46 | INFO | src.tmc_shapley_islands | [Shapley] Target island: 5 (Hestmannøy), source islands: 15
2026-03-04 18:25:46 | INFO | src.tmc_shapley_islands | Data: source=4619 (across 15 islands), cal=20, test=928
2026-03-04 18:25:46 | INFO | src.tmc_shapley_islands | SNP selection: using fixed precomputed subset (n=20000)
2026-03-04 18:25:46 | INFO | src.tmc_shapley_islands | Island counts (capped to None in training):
  Nesøy: n=119
  Myken: n=92
  Træna: n=292
  Selvær: n=194
  Gjerøy: n=558
  Indre Kvarøy: n=356
  Onøy og Lurøy: n=259
  Lovund: n=158
  Sleneset: n=166
  Aldra: n=173
  Southern 1: n=583
  Southern 2: n=397
  Southern 3: n=584
  Southern 4: n=486
  Southern 5: n=202
2026-03-04 18:25:46 | INFO | src.tmc_shapley_islands | Loaded 918 cached utilities from outputs/tmc_shapley_sweep_all_traits/cache/body_mass/utility_cache_target_5_seed_111368.json
2026-03-04 18:25:46 | INFO | src.tmc_shapley_islands | Running TMC-Shapley with 150 permutations (utility on cal set)...
2026-03-04 18:25:46 | INFO | src.tmc_shapley_islands | Computing V_full over all 15 source islands...
2026-03-04 18:25:46 | INFO | src.tmc_shapley_islands | V_full = -0.0312
2026-03-04 18:25:46 | INFO | src.tmc_shapley_islands | TMC head-start: loaded 80 completed permutations from state outputs/tmc_shapley_sweep_all_traits/cache/body_mass/tmc_perm_state_target_5_seed_111368.json
2026-03-04 18:27:18 | INFO | src.tmc_shapley_islands | TMC progress: 90/150 permutations done, cache hit rate: 31.8%, n_evals: 103
2026-03-04 18:31:35 | INFO | src.tmc_shapley_islands | TMC progress: 120/150 permutations done, cache hit rate: 32.8%, n_evals: 404
2026-03-04 18:35:46 | INFO | src.tmc_shapley_islands | TMC progress: 150/150 permutations done, cache hit rate: 33.7%, n_evals: 697
2026-03-04 18:35:46 | INFO | src.tmc_shapley_islands | TMC complete: 150 permutations, 0 truncated, 697 utility evals, cache hit rate: 33.7%
2026-03-04 18:35:46 | INFO | src.tmc_shapley_islands | Shapley values (phi, computed on cal set):
2026-03-04 18:35:46 | INFO | src.tmc_shapley_islands |   Nesøy: phi=0.008207, phi/n=0.00006896
2026-03-04 18:35:46 | INFO | src.tmc_shapley_islands |   Myken: phi=0.090998, phi/n=0.00098911
2026-03-04 18:35:46 | INFO | src.tmc_shapley_islands |   Træna: phi=0.038104, phi/n=0.00013049
2026-03-04 18:35:46 | INFO | src.tmc_shapley_islands |   Selvær: phi=0.106366, phi/n=0.00054828
2026-03-04 18:35:46 | INFO | src.tmc_shapley_islands |   Gjerøy: phi=-0.173573, phi/n=-0.00031106
2026-03-04 18:35:46 | INFO | src.tmc_shapley_islands |   Indre Kvarøy: phi=0.234449, phi/n=0.00065857
2026-03-04 18:35:46 | INFO | src.tmc_shapley_islands |   Onøy og Lurøy: phi=-0.085740, phi/n=-0.00033104
2026-03-04 18:35:46 | INFO | src.tmc_shapley_islands |   Lovund: phi=0.069068, phi/n=0.00043714
2026-03-04 18:35:46 | INFO | src.tmc_shapley_islands |   Sleneset: phi=-0.024538, phi/n=-0.00014782
2026-03-04 18:35:46 | INFO | src.tmc_shapley_islands |   Aldra: phi=-0.135281, phi/n=-0.00078197
2026-03-04 18:35:46 | INFO | src.tmc_shapley_islands |   Southern 1: phi=-0.157217, phi/n=-0.00026967
2026-03-04 18:35:46 | INFO | src.tmc_shapley_islands |   Southern 2: phi=-0.077198, phi/n=-0.00019445
2026-03-04 18:35:46 | INFO | src.tmc_shapley_islands |   Southern 3: phi=0.062131, phi/n=0.00010639
2026-03-04 18:35:46 | INFO | src.tmc_shapley_islands |   Southern 4: phi=0.013617, phi/n=0.00002802
2026-03-04 18:35:46 | INFO | src.tmc_shapley_islands |   Southern 5: phi=-0.000634, phi/n=-0.00000314
2026-03-04 18:35:46 | INFO | src.tmc_shapley_islands | Curve retraining early stopping: enabled=True, patience=20
2026-03-04 18:35:46 | INFO | src.tmc_shapley_islands | Computing add-islands curve (evaluated on test set)...
2026-03-04 18:35:46 | INFO | src.tmc_shapley_islands | Add-curve (mean): 1 islands, n=92 -> corr=0.0943
2026-03-04 18:35:46 | INFO | src.tmc_shapley_islands | Add-curve (mean): 2 islands, n=448 -> corr=0.1544
2026-03-04 18:35:46 | INFO | src.tmc_shapley_islands | Add-curve (mean): 3 islands, n=642 -> corr=0.1413
2026-03-04 18:35:47 | INFO | src.tmc_shapley_islands | Add-curve (mean): 4 islands, n=800 -> corr=0.1466
2026-03-04 18:35:47 | INFO | src.tmc_shapley_islands | Add-curve (mean): 5 islands, n=1092 -> corr=0.1435
2026-03-04 18:35:48 | INFO | src.tmc_shapley_islands | Add-curve (mean): 6 islands, n=1676 -> corr=0.1319
2026-03-04 18:35:49 | INFO | src.tmc_shapley_islands | Add-curve (mean): 7 islands, n=1795 -> corr=0.1228
2026-03-04 18:35:49 | INFO | src.tmc_shapley_islands | Add-curve (mean): 8 islands, n=2281 -> corr=0.1258
2026-03-04 18:35:51 | INFO | src.tmc_shapley_islands | Add-curve (mean): 9 islands, n=2483 -> corr=0.1240
2026-03-04 18:35:52 | INFO | src.tmc_shapley_islands | Add-curve (mean): 10 islands, n=2649 -> corr=0.1184
2026-03-04 18:35:53 | INFO | src.tmc_shapley_islands | Add-curve (mean): 11 islands, n=3046 -> corr=0.1195
2026-03-04 18:35:54 | INFO | src.tmc_shapley_islands | Add-curve (mean): 12 islands, n=3629 -> corr=0.1255
2026-03-04 18:35:56 | INFO | src.tmc_shapley_islands | Add-curve (mean): 13 islands, n=4187 -> corr=0.1488
2026-03-04 18:35:58 | INFO | src.tmc_shapley_islands | Add-curve (mean): 14 islands, n=4446 -> corr=0.1388
2026-03-04 18:36:00 | INFO | src.tmc_shapley_islands | Add-curve (mean): 15 islands, n=4619 -> corr=0.1483
2026-03-04 18:36:10 | INFO | src.tmc_shapley_islands | Random individual add-curve (seed=0) complete
2026-03-04 18:36:20 | INFO | src.tmc_shapley_islands | Random individual add-curve (seed=1) complete
2026-03-04 18:36:29 | INFO | src.tmc_shapley_islands | Random individual add-curve (seed=2) complete
2026-03-04 18:36:39 | INFO | src.tmc_shapley_islands | Random individual add-curve (seed=3) complete
2026-03-04 18:36:49 | INFO | src.tmc_shapley_islands | Random individual add-curve (seed=4) complete
2026-03-04 18:36:49 | INFO | src.tmc_shapley_islands | Building mirrored remove-islands curve from add-islands curve...
2026-03-04 18:36:49 | INFO | src.tmc_shapley_islands | Saved Shapley values to outputs/tmc_shapley_sweep_all_traits/shards/shard_018/body_mass/tmp/shapley_island_values_target_5.csv
2026-03-04 18:36:49 | INFO | src.tmc_shapley_islands | Saved summary to outputs/tmc_shapley_sweep_all_traits/shards/shard_018/body_mass/tmp/tmc_summary_target_5.json
2026-03-04 18:36:49 | INFO | src.tmc_shapley_islands | Saved intermediate ranking trace to outputs/tmc_shapley_sweep_all_traits/shards/shard_018/body_mass/tmp/tmc_intermediate_rankings_target_5.csv
2026-03-04 18:36:49 | INFO | src.tmc_shapley_islands | Saved add-curve to outputs/tmc_shapley_sweep_all_traits/shards/shard_018/body_mass/tmp/add_curve_target_5.csv
2026-03-04 18:36:49 | INFO | src.tmc_shapley_islands | Saved remove-curve to outputs/tmc_shapley_sweep_all_traits/shards/shard_018/body_mass/tmp/remove_curve_target_5.csv
2026-03-04 18:36:49 | INFO | src.tmc_shapley_islands | Saved bar plot to outputs/tmc_shapley_sweep_all_traits/shards/shard_018/body_mass/tmp/shapley_bar_target_5.png
2026-03-04 18:36:50 | INFO | src.tmc_shapley_islands | Saved add-curve plot to outputs/tmc_shapley_sweep_all_traits/shards/shard_018/body_mass/tmp/add_curve_target_5.png
2026-03-04 18:36:50 | INFO | src.tmc_shapley_islands | Saved remove-curve plot to outputs/tmc_shapley_sweep_all_traits/shards/shard_018/body_mass/tmp/remove_curve_target_5.png
2026-03-04 18:36:50 | INFO | __main__ | Shard 18/30 trait=body_mass progress 36/75 | target=5 n_cal_samples=40 perm=10 repeat=6
2026-03-04 18:36:50 | INFO | src.tmc_shapley_islands | [Shapley] Target island: 5 (Hestmannøy), source islands: 15
2026-03-04 18:36:51 | INFO | src.tmc_shapley_islands | Data: source=4619 (across 15 islands), cal=40, test=928
2026-03-04 18:36:51 | INFO | src.tmc_shapley_islands | SNP selection: using fixed precomputed subset (n=20000)
2026-03-04 18:36:51 | INFO | src.tmc_shapley_islands | Island counts (capped to None in training):
  Nesøy: n=119
  Myken: n=92
  Træna: n=292
  Selvær: n=194
  Gjerøy: n=558
  Indre Kvarøy: n=356
  Onøy og Lurøy: n=259
  Lovund: n=158
  Sleneset: n=166
  Aldra: n=173
  Southern 1: n=583
  Southern 2: n=397
  Southern 3: n=584
  Southern 4: n=486
  Southern 5: n=202
2026-03-04 18:36:51 | INFO | src.tmc_shapley_islands | Running TMC-Shapley with 10 permutations (utility on cal set)...
2026-03-04 18:36:51 | INFO | src.tmc_shapley_islands | Computing V_full over all 15 source islands...
2026-03-04 18:36:53 | INFO | src.tmc_shapley_islands | V_full = 0.1585
2026-03-04 18:37:16 | INFO | src.tmc_shapley_islands | TMC progress: 2/10 permutations done, cache hit rate: 6.5%, n_evals: 29
2026-03-04 18:37:39 | INFO | src.tmc_shapley_islands | TMC progress: 4/10 permutations done, cache hit rate: 8.2%, n_evals: 56
2026-03-04 18:38:06 | INFO | src.tmc_shapley_islands | TMC progress: 6/10 permutations done, cache hit rate: 7.7%, n_evals: 84
2026-03-04 18:38:29 | INFO | src.tmc_shapley_islands | TMC progress: 8/10 permutations done, cache hit rate: 11.6%, n_evals: 107
2026-03-04 18:38:51 | INFO | src.tmc_shapley_islands | TMC progress: 10/10 permutations done, cache hit rate: 13.2%, n_evals: 131
2026-03-04 18:38:51 | INFO | src.tmc_shapley_islands | TMC complete: 10 permutations, 0 truncated, 131 utility evals, cache hit rate: 13.2%
2026-03-04 18:38:51 | INFO | src.tmc_shapley_islands | Shapley values (phi, computed on cal set):
2026-03-04 18:38:51 | INFO | src.tmc_shapley_islands |   Nesøy: phi=-0.006231, phi/n=-0.00005236
2026-03-04 18:38:51 | INFO | src.tmc_shapley_islands |   Myken: phi=-0.015426, phi/n=-0.00016768
2026-03-04 18:38:51 | INFO | src.tmc_shapley_islands |   Træna: phi=0.019595, phi/n=0.00006711
2026-03-04 18:38:51 | INFO | src.tmc_shapley_islands |   Selvær: phi=-0.077117, phi/n=-0.00039751
2026-03-04 18:38:51 | INFO | src.tmc_shapley_islands |   Gjerøy: phi=0.015060, phi/n=0.00002699
2026-03-04 18:38:51 | INFO | src.tmc_shapley_islands |   Indre Kvarøy: phi=0.050321, phi/n=0.00014135
2026-03-04 18:38:51 | INFO | src.tmc_shapley_islands |   Onøy og Lurøy: phi=-0.007388, phi/n=-0.00002853
2026-03-04 18:38:51 | INFO | src.tmc_shapley_islands |   Lovund: phi=-0.020526, phi/n=-0.00012991
2026-03-04 18:38:51 | INFO | src.tmc_shapley_islands |   Sleneset: phi=0.027019, phi/n=0.00016276
2026-03-04 18:38:51 | INFO | src.tmc_shapley_islands |   Aldra: phi=0.033665, phi/n=0.00019459
2026-03-04 18:38:51 | INFO | src.tmc_shapley_islands |   Southern 1: phi=0.011598, phi/n=0.00001989
2026-03-04 18:38:51 | INFO | src.tmc_shapley_islands |   Southern 2: phi=0.015298, phi/n=0.00003853
2026-03-04 18:38:51 | INFO | src.tmc_shapley_islands |   Southern 3: phi=0.018464, phi/n=0.00003162
2026-03-04 18:38:51 | INFO | src.tmc_shapley_islands |   Southern 4: phi=0.083529, phi/n=0.00017187
2026-03-04 18:38:51 | INFO | src.tmc_shapley_islands |   Southern 5: phi=0.010640, phi/n=0.00005267
2026-03-04 18:38:51 | INFO | src.tmc_shapley_islands | Curve retraining early stopping: enabled=True, patience=20
2026-03-04 18:38:51 | INFO | src.tmc_shapley_islands | Computing add-islands curve (evaluated on test set)...
2026-03-04 18:38:51 | INFO | src.tmc_shapley_islands | Add-curve (mean): 1 islands, n=173 -> corr=0.0447
2026-03-04 18:38:52 | INFO | src.tmc_shapley_islands | Add-curve (mean): 2 islands, n=659 -> corr=0.0396
2026-03-04 18:38:52 | INFO | src.tmc_shapley_islands | Add-curve (mean): 3 islands, n=825 -> corr=0.0362
2026-03-04 18:38:53 | INFO | src.tmc_shapley_islands | Add-curve (mean): 4 islands, n=1181 -> corr=0.1234
2026-03-04 18:38:53 | INFO | src.tmc_shapley_islands | Add-curve (mean): 5 islands, n=1473 -> corr=0.1306
2026-03-04 18:38:54 | INFO | src.tmc_shapley_islands | Add-curve (mean): 6 islands, n=1675 -> corr=0.1209
2026-03-04 18:38:55 | INFO | src.tmc_shapley_islands | Add-curve (mean): 7 islands, n=2072 -> corr=0.1163
2026-03-04 18:38:56 | INFO | src.tmc_shapley_islands | Add-curve (mean): 8 islands, n=2656 -> corr=0.1007
2026-03-04 18:38:57 | INFO | src.tmc_shapley_islands | Add-curve (mean): 9 islands, n=3214 -> corr=0.1323
2026-03-04 18:38:59 | INFO | src.tmc_shapley_islands | Add-curve (mean): 10 islands, n=3797 -> corr=0.1359
2026-03-04 18:39:01 | INFO | src.tmc_shapley_islands | Add-curve (mean): 11 islands, n=4056 -> corr=0.1303
2026-03-04 18:39:02 | INFO | src.tmc_shapley_islands | Add-curve (mean): 12 islands, n=4175 -> corr=0.1264
2026-03-04 18:39:04 | INFO | src.tmc_shapley_islands | Add-curve (mean): 13 islands, n=4333 -> corr=0.1328
2026-03-04 18:39:06 | INFO | src.tmc_shapley_islands | Add-curve (mean): 14 islands, n=4425 -> corr=0.1423
2026-03-04 18:39:08 | INFO | src.tmc_shapley_islands | Add-curve (mean): 15 islands, n=4619 -> corr=0.1384
2026-03-04 18:39:20 | INFO | src.tmc_shapley_islands | Random individual add-curve (seed=0) complete
2026-03-04 18:39:32 | INFO | src.tmc_shapley_islands | Random individual add-curve (seed=1) complete
2026-03-04 18:39:44 | INFO | src.tmc_shapley_islands | Random individual add-curve (seed=2) complete
2026-03-04 18:39:56 | INFO | src.tmc_shapley_islands | Random individual add-curve (seed=3) complete
2026-03-04 18:40:08 | INFO | src.tmc_shapley_islands | Random individual add-curve (seed=4) complete
2026-03-04 18:40:08 | INFO | src.tmc_shapley_islands | Building mirrored remove-islands curve from add-islands curve...
2026-03-04 18:40:08 | INFO | src.tmc_shapley_islands | Saved Shapley values to outputs/tmc_shapley_sweep_all_traits/shards/shard_018/body_mass/tmp/shapley_island_values_target_5.csv
2026-03-04 18:40:08 | INFO | src.tmc_shapley_islands | Saved summary to outputs/tmc_shapley_sweep_all_traits/shards/shard_018/body_mass/tmp/tmc_summary_target_5.json
2026-03-04 18:40:08 | INFO | src.tmc_shapley_islands | Saved intermediate ranking trace to outputs/tmc_shapley_sweep_all_traits/shards/shard_018/body_mass/tmp/tmc_intermediate_rankings_target_5.csv
2026-03-04 18:40:08 | INFO | src.tmc_shapley_islands | Saved add-curve to outputs/tmc_shapley_sweep_all_traits/shards/shard_018/body_mass/tmp/add_curve_target_5.csv
2026-03-04 18:40:08 | INFO | src.tmc_shapley_islands | Saved remove-curve to outputs/tmc_shapley_sweep_all_traits/shards/shard_018/body_mass/tmp/remove_curve_target_5.csv
2026-03-04 18:40:09 | INFO | src.tmc_shapley_islands | Saved bar plot to outputs/tmc_shapley_sweep_all_traits/shards/shard_018/body_mass/tmp/shapley_bar_target_5.png
2026-03-04 18:40:09 | INFO | src.tmc_shapley_islands | Saved add-curve plot to outputs/tmc_shapley_sweep_all_traits/shards/shard_018/body_mass/tmp/add_curve_target_5.png
2026-03-04 18:40:10 | INFO | src.tmc_shapley_islands | Saved remove-curve plot to outputs/tmc_shapley_sweep_all_traits/shards/shard_018/body_mass/tmp/remove_curve_target_5.png
2026-03-04 18:40:10 | INFO | __main__ | Shard 18/30 trait=body_mass progress 37/75 | target=5 n_cal_samples=40 perm=20 repeat=6
2026-03-04 18:40:10 | INFO | src.tmc_shapley_islands | [Shapley] Target island: 5 (Hestmannøy), source islands: 15
2026-03-04 18:40:10 | INFO | src.tmc_shapley_islands | Data: source=4619 (across 15 islands), cal=40, test=928
2026-03-04 18:40:10 | INFO | src.tmc_shapley_islands | SNP selection: using fixed precomputed subset (n=20000)
2026-03-04 18:40:10 | INFO | src.tmc_shapley_islands | Island counts (capped to None in training):
  Nesøy: n=119
  Myken: n=92
  Træna: n=292
  Selvær: n=194
  Gjerøy: n=558
  Indre Kvarøy: n=356
  Onøy og Lurøy: n=259
  Lovund: n=158
  Sleneset: n=166
  Aldra: n=173
  Southern 1: n=583
  Southern 2: n=397
  Southern 3: n=584
  Southern 4: n=486
  Southern 5: n=202
2026-03-04 18:40:10 | INFO | src.tmc_shapley_islands | Loaded 131 cached utilities from outputs/tmc_shapley_sweep_all_traits/cache/body_mass/utility_cache_target_5_seed_989137307.json
2026-03-04 18:40:10 | INFO | src.tmc_shapley_islands | Running TMC-Shapley with 20 permutations (utility on cal set)...
2026-03-04 18:40:10 | INFO | src.tmc_shapley_islands | Computing V_full over all 15 source islands...
2026-03-04 18:40:10 | INFO | src.tmc_shapley_islands | V_full = 0.1585
2026-03-04 18:40:10 | INFO | src.tmc_shapley_islands | TMC head-start: loaded 10 completed permutations from state outputs/tmc_shapley_sweep_all_traits/cache/body_mass/tmc_perm_state_target_5_seed_989137307.json
2026-03-04 18:40:35 | INFO | src.tmc_shapley_islands | TMC progress: 12/20 permutations done, cache hit rate: 19.4%, n_evals: 25
2026-03-04 18:41:23 | INFO | src.tmc_shapley_islands | TMC progress: 16/20 permutations done, cache hit rate: 17.6%, n_evals: 75
2026-03-04 18:42:05 | INFO | src.tmc_shapley_islands | TMC progress: 20/20 permutations done, cache hit rate: 18.5%, n_evals: 123
2026-03-04 18:42:05 | INFO | src.tmc_shapley_islands | TMC complete: 20 permutations, 0 truncated, 123 utility evals, cache hit rate: 18.5%
2026-03-04 18:42:05 | INFO | src.tmc_shapley_islands | Shapley values (phi, computed on cal set):
2026-03-04 18:42:05 | INFO | src.tmc_shapley_islands |   Nesøy: phi=-0.004889, phi/n=-0.00004108
2026-03-04 18:42:05 | INFO | src.tmc_shapley_islands |   Myken: phi=-0.013908, phi/n=-0.00015117
2026-03-04 18:42:05 | INFO | src.tmc_shapley_islands |   Træna: phi=0.027585, phi/n=0.00009447
2026-03-04 18:42:05 | INFO | src.tmc_shapley_islands |   Selvær: phi=-0.075800, phi/n=-0.00039072
2026-03-04 18:42:05 | INFO | src.tmc_shapley_islands |   Gjerøy: phi=0.012528, phi/n=0.00002245
2026-03-04 18:42:05 | INFO | src.tmc_shapley_islands |   Indre Kvarøy: phi=0.032580, phi/n=0.00009152
2026-03-04 18:42:05 | INFO | src.tmc_shapley_islands |   Onøy og Lurøy: phi=-0.009946, phi/n=-0.00003840
2026-03-04 18:42:05 | INFO | src.tmc_shapley_islands |   Lovund: phi=-0.024180, phi/n=-0.00015304
2026-03-04 18:42:05 | INFO | src.tmc_shapley_islands |   Sleneset: phi=0.034798, phi/n=0.00020963
2026-03-04 18:42:05 | INFO | src.tmc_shapley_islands |   Aldra: phi=0.034527, phi/n=0.00019958
2026-03-04 18:42:05 | INFO | src.tmc_shapley_islands |   Southern 1: phi=0.007816, phi/n=0.00001341
2026-03-04 18:42:05 | INFO | src.tmc_shapley_islands |   Southern 2: phi=0.017924, phi/n=0.00004515
2026-03-04 18:42:05 | INFO | src.tmc_shapley_islands |   Southern 3: phi=0.031670, phi/n=0.00005423
2026-03-04 18:42:05 | INFO | src.tmc_shapley_islands |   Southern 4: phi=0.078682, phi/n=0.00016190
2026-03-04 18:42:05 | INFO | src.tmc_shapley_islands |   Southern 5: phi=0.009112, phi/n=0.00004511
2026-03-04 18:42:05 | INFO | src.tmc_shapley_islands | Curve retraining early stopping: enabled=True, patience=20
2026-03-04 18:42:05 | INFO | src.tmc_shapley_islands | Computing add-islands curve (evaluated on test set)...
2026-03-04 18:42:05 | INFO | src.tmc_shapley_islands | Add-curve (mean): 1 islands, n=166 -> corr=0.0124
2026-03-04 18:42:05 | INFO | src.tmc_shapley_islands | Add-curve (mean): 2 islands, n=339 -> corr=0.0425
2026-03-04 18:42:05 | INFO | src.tmc_shapley_islands | Add-curve (mean): 3 islands, n=825 -> corr=0.0362
2026-03-04 18:42:06 | INFO | src.tmc_shapley_islands | Add-curve (mean): 4 islands, n=1117 -> corr=0.0486
2026-03-04 18:42:07 | INFO | src.tmc_shapley_islands | Add-curve (mean): 5 islands, n=1473 -> corr=0.1306
2026-03-04 18:42:08 | INFO | src.tmc_shapley_islands | Add-curve (mean): 6 islands, n=2057 -> corr=0.1142
2026-03-04 18:42:09 | INFO | src.tmc_shapley_islands | Add-curve (mean): 7 islands, n=2454 -> corr=0.1097
2026-03-04 18:42:10 | INFO | src.tmc_shapley_islands | Add-curve (mean): 8 islands, n=2656 -> corr=0.1007
2026-03-04 18:42:11 | INFO | src.tmc_shapley_islands | Add-curve (mean): 9 islands, n=3214 -> corr=0.1323
2026-03-04 18:42:13 | INFO | src.tmc_shapley_islands | Add-curve (mean): 10 islands, n=3797 -> corr=0.1359
2026-03-04 18:42:14 | INFO | src.tmc_shapley_islands | Add-curve (mean): 11 islands, n=4056 -> corr=0.1303
2026-03-04 18:42:16 | INFO | src.tmc_shapley_islands | Add-curve (mean): 12 islands, n=4175 -> corr=0.1264
2026-03-04 18:42:18 | INFO | src.tmc_shapley_islands | Add-curve (mean): 13 islands, n=4267 -> corr=0.1371
2026-03-04 18:42:20 | INFO | src.tmc_shapley_islands | Add-curve (mean): 14 islands, n=4425 -> corr=0.1423
2026-03-04 18:42:22 | INFO | src.tmc_shapley_islands | Add-curve (mean): 15 islands, n=4619 -> corr=0.1384
2026-03-04 18:42:34 | INFO | src.tmc_shapley_islands | Random individual add-curve (seed=0) complete
2026-03-04 18:42:45 | INFO | src.tmc_shapley_islands | Random individual add-curve (seed=1) complete
2026-03-04 18:42:57 | INFO | src.tmc_shapley_islands | Random individual add-curve (seed=2) complete
2026-03-04 18:43:08 | INFO | src.tmc_shapley_islands | Random individual add-curve (seed=3) complete
2026-03-04 18:43:20 | INFO | src.tmc_shapley_islands | Random individual add-curve (seed=4) complete
2026-03-04 18:43:20 | INFO | src.tmc_shapley_islands | Building mirrored remove-islands curve from add-islands curve...
2026-03-04 18:43:20 | INFO | src.tmc_shapley_islands | Saved Shapley values to outputs/tmc_shapley_sweep_all_traits/shards/shard_018/body_mass/tmp/shapley_island_values_target_5.csv
2026-03-04 18:43:20 | INFO | src.tmc_shapley_islands | Saved summary to outputs/tmc_shapley_sweep_all_traits/shards/shard_018/body_mass/tmp/tmc_summary_target_5.json
2026-03-04 18:43:20 | INFO | src.tmc_shapley_islands | Saved intermediate ranking trace to outputs/tmc_shapley_sweep_all_traits/shards/shard_018/body_mass/tmp/tmc_intermediate_rankings_target_5.csv
2026-03-04 18:43:20 | INFO | src.tmc_shapley_islands | Saved add-curve to outputs/tmc_shapley_sweep_all_traits/shards/shard_018/body_mass/tmp/add_curve_target_5.csv
2026-03-04 18:43:20 | INFO | src.tmc_shapley_islands | Saved remove-curve to outputs/tmc_shapley_sweep_all_traits/shards/shard_018/body_mass/tmp/remove_curve_target_5.csv
2026-03-04 18:43:20 | INFO | src.tmc_shapley_islands | Saved bar plot to outputs/tmc_shapley_sweep_all_traits/shards/shard_018/body_mass/tmp/shapley_bar_target_5.png
2026-03-04 18:43:21 | INFO | src.tmc_shapley_islands | Saved add-curve plot to outputs/tmc_shapley_sweep_all_traits/shards/shard_018/body_mass/tmp/add_curve_target_5.png
2026-03-04 18:43:21 | INFO | src.tmc_shapley_islands | Saved remove-curve plot to outputs/tmc_shapley_sweep_all_traits/shards/shard_018/body_mass/tmp/remove_curve_target_5.png
2026-03-04 18:43:21 | INFO | __main__ | Shard 18/30 trait=body_mass progress 38/75 | target=5 n_cal_samples=40 perm=40 repeat=6
2026-03-04 18:43:21 | INFO | src.tmc_shapley_islands | [Shapley] Target island: 5 (Hestmannøy), source islands: 15
2026-03-04 18:43:22 | INFO | src.tmc_shapley_islands | Data: source=4619 (across 15 islands), cal=40, test=928
2026-03-04 18:43:22 | INFO | src.tmc_shapley_islands | SNP selection: using fixed precomputed subset (n=20000)
2026-03-04 18:43:22 | INFO | src.tmc_shapley_islands | Island counts (capped to None in training):
  Nesøy: n=119
  Myken: n=92
  Træna: n=292
  Selvær: n=194
  Gjerøy: n=558
  Indre Kvarøy: n=356
  Onøy og Lurøy: n=259
  Lovund: n=158
  Sleneset: n=166
  Aldra: n=173
  Southern 1: n=583
  Southern 2: n=397
  Southern 3: n=584
  Southern 4: n=486
  Southern 5: n=202
2026-03-04 18:43:22 | INFO | src.tmc_shapley_islands | Loaded 254 cached utilities from outputs/tmc_shapley_sweep_all_traits/cache/body_mass/utility_cache_target_5_seed_989137307.json
2026-03-04 18:43:22 | INFO | src.tmc_shapley_islands | Running TMC-Shapley with 40 permutations (utility on cal set)...
2026-03-04 18:43:22 | INFO | src.tmc_shapley_islands | Computing V_full over all 15 source islands...
2026-03-04 18:43:22 | INFO | src.tmc_shapley_islands | V_full = 0.1585
2026-03-04 18:43:22 | INFO | src.tmc_shapley_islands | TMC head-start: loaded 20 completed permutations from state outputs/tmc_shapley_sweep_all_traits/cache/body_mass/tmc_perm_state_target_5_seed_989137307.json
2026-03-04 18:44:02 | INFO | src.tmc_shapley_islands | TMC progress: 24/40 permutations done, cache hit rate: 21.3%, n_evals: 48
2026-03-04 18:45:25 | INFO | src.tmc_shapley_islands | TMC progress: 32/40 permutations done, cache hit rate: 20.4%, n_evals: 144
2026-03-04 18:46:44 | INFO | src.tmc_shapley_islands | TMC progress: 40/40 permutations done, cache hit rate: 22.6%, n_evals: 233
2026-03-04 18:46:44 | INFO | src.tmc_shapley_islands | TMC complete: 40 permutations, 0 truncated, 233 utility evals, cache hit rate: 22.6%
2026-03-04 18:46:44 | INFO | src.tmc_shapley_islands | Shapley values (phi, computed on cal set):
2026-03-04 18:46:44 | INFO | src.tmc_shapley_islands |   Nesøy: phi=-0.005202, phi/n=-0.00004372
2026-03-04 18:46:44 | INFO | src.tmc_shapley_islands |   Myken: phi=-0.018842, phi/n=-0.00020481
2026-03-04 18:46:44 | INFO | src.tmc_shapley_islands |   Træna: phi=0.029424, phi/n=0.00010077
2026-03-04 18:46:44 | INFO | src.tmc_shapley_islands |   Selvær: phi=-0.079109, phi/n=-0.00040778
2026-03-04 18:46:44 | INFO | src.tmc_shapley_islands |   Gjerøy: phi=0.009214, phi/n=0.00001651
2026-03-04 18:46:44 | INFO | src.tmc_shapley_islands |   Indre Kvarøy: phi=0.024144, phi/n=0.00006782
2026-03-04 18:46:44 | INFO | src.tmc_shapley_islands |   Onøy og Lurøy: phi=-0.007094, phi/n=-0.00002739
2026-03-04 18:46:44 | INFO | src.tmc_shapley_islands |   Lovund: phi=-0.026890, phi/n=-0.00017019
2026-03-04 18:46:44 | INFO | src.tmc_shapley_islands |   Sleneset: phi=0.039289, phi/n=0.00023668
2026-03-04 18:46:44 | INFO | src.tmc_shapley_islands |   Aldra: phi=0.036006, phi/n=0.00020813
2026-03-04 18:46:44 | INFO | src.tmc_shapley_islands |   Southern 1: phi=0.010238, phi/n=0.00001756
2026-03-04 18:46:44 | INFO | src.tmc_shapley_islands |   Southern 2: phi=0.022494, phi/n=0.00005666
2026-03-04 18:46:44 | INFO | src.tmc_shapley_islands |   Southern 3: phi=0.034413, phi/n=0.00005893
2026-03-04 18:46:44 | INFO | src.tmc_shapley_islands |   Southern 4: phi=0.083136, phi/n=0.00017106
2026-03-04 18:46:44 | INFO | src.tmc_shapley_islands |   Southern 5: phi=0.007278, phi/n=0.00003603
2026-03-04 18:46:44 | INFO | src.tmc_shapley_islands | Curve retraining early stopping: enabled=True, patience=20
2026-03-04 18:46:44 | INFO | src.tmc_shapley_islands | Computing add-islands curve (evaluated on test set)...
2026-03-04 18:46:44 | INFO | src.tmc_shapley_islands | Add-curve (mean): 1 islands, n=166 -> corr=0.0124
2026-03-04 18:46:45 | INFO | src.tmc_shapley_islands | Add-curve (mean): 2 islands, n=339 -> corr=0.0425
2026-03-04 18:46:45 | INFO | src.tmc_shapley_islands | Add-curve (mean): 3 islands, n=825 -> corr=0.0362
2026-03-04 18:46:46 | INFO | src.tmc_shapley_islands | Add-curve (mean): 4 islands, n=1117 -> corr=0.0486
2026-03-04 18:46:46 | INFO | src.tmc_shapley_islands | Add-curve (mean): 5 islands, n=1473 -> corr=0.1306
2026-03-04 18:46:47 | INFO | src.tmc_shapley_islands | Add-curve (mean): 6 islands, n=2057 -> corr=0.1142
2026-03-04 18:46:48 | INFO | src.tmc_shapley_islands | Add-curve (mean): 7 islands, n=2454 -> corr=0.1097
2026-03-04 18:46:49 | INFO | src.tmc_shapley_islands | Add-curve (mean): 8 islands, n=2656 -> corr=0.1007
2026-03-04 18:46:50 | INFO | src.tmc_shapley_islands | Add-curve (mean): 9 islands, n=3239 -> corr=0.1058
2026-03-04 18:46:52 | INFO | src.tmc_shapley_islands | Add-curve (mean): 10 islands, n=3797 -> corr=0.1359
2026-03-04 18:46:54 | INFO | src.tmc_shapley_islands | Add-curve (mean): 11 islands, n=4056 -> corr=0.1303
2026-03-04 18:46:55 | INFO | src.tmc_shapley_islands | Add-curve (mean): 12 islands, n=4175 -> corr=0.1264
2026-03-04 18:46:57 | INFO | src.tmc_shapley_islands | Add-curve (mean): 13 islands, n=4333 -> corr=0.1328
2026-03-04 18:46:59 | INFO | src.tmc_shapley_islands | Add-curve (mean): 14 islands, n=4425 -> corr=0.1423
2026-03-04 18:47:01 | INFO | src.tmc_shapley_islands | Add-curve (mean): 15 islands, n=4619 -> corr=0.1384
2026-03-04 18:47:13 | INFO | src.tmc_shapley_islands | Random individual add-curve (seed=0) complete
2026-03-04 18:47:25 | INFO | src.tmc_shapley_islands | Random individual add-curve (seed=1) complete
2026-03-04 18:47:37 | INFO | src.tmc_shapley_islands | Random individual add-curve (seed=2) complete
2026-03-04 18:47:49 | INFO | src.tmc_shapley_islands | Random individual add-curve (seed=3) complete
2026-03-04 18:48:01 | INFO | src.tmc_shapley_islands | Random individual add-curve (seed=4) complete
2026-03-04 18:48:01 | INFO | src.tmc_shapley_islands | Building mirrored remove-islands curve from add-islands curve...
2026-03-04 18:48:01 | INFO | src.tmc_shapley_islands | Saved Shapley values to outputs/tmc_shapley_sweep_all_traits/shards/shard_018/body_mass/tmp/shapley_island_values_target_5.csv
2026-03-04 18:48:01 | INFO | src.tmc_shapley_islands | Saved summary to outputs/tmc_shapley_sweep_all_traits/shards/shard_018/body_mass/tmp/tmc_summary_target_5.json
2026-03-04 18:48:01 | INFO | src.tmc_shapley_islands | Saved intermediate ranking trace to outputs/tmc_shapley_sweep_all_traits/shards/shard_018/body_mass/tmp/tmc_intermediate_rankings_target_5.csv
2026-03-04 18:48:01 | INFO | src.tmc_shapley_islands | Saved add-curve to outputs/tmc_shapley_sweep_all_traits/shards/shard_018/body_mass/tmp/add_curve_target_5.csv
2026-03-04 18:48:01 | INFO | src.tmc_shapley_islands | Saved remove-curve to outputs/tmc_shapley_sweep_all_traits/shards/shard_018/body_mass/tmp/remove_curve_target_5.csv
2026-03-04 18:48:01 | INFO | src.tmc_shapley_islands | Saved bar plot to outputs/tmc_shapley_sweep_all_traits/shards/shard_018/body_mass/tmp/shapley_bar_target_5.png
2026-03-04 18:48:02 | INFO | src.tmc_shapley_islands | Saved add-curve plot to outputs/tmc_shapley_sweep_all_traits/shards/shard_018/body_mass/tmp/add_curve_target_5.png
2026-03-04 18:48:02 | INFO | src.tmc_shapley_islands | Saved remove-curve plot to outputs/tmc_shapley_sweep_all_traits/shards/shard_018/body_mass/tmp/remove_curve_target_5.png
2026-03-04 18:48:02 | INFO | __main__ | Shard 18/30 trait=body_mass progress 39/75 | target=5 n_cal_samples=40 perm=80 repeat=6
2026-03-04 18:48:02 | INFO | src.tmc_shapley_islands | [Shapley] Target island: 5 (Hestmannøy), source islands: 15
2026-03-04 18:48:03 | INFO | src.tmc_shapley_islands | Data: source=4619 (across 15 islands), cal=40, test=928
2026-03-04 18:48:03 | INFO | src.tmc_shapley_islands | SNP selection: using fixed precomputed subset (n=20000)
2026-03-04 18:48:03 | INFO | src.tmc_shapley_islands | Island counts (capped to None in training):
  Nesøy: n=119
  Myken: n=92
  Træna: n=292
  Selvær: n=194
  Gjerøy: n=558
  Indre Kvarøy: n=356
  Onøy og Lurøy: n=259
  Lovund: n=158
  Sleneset: n=166
  Aldra: n=173
  Southern 1: n=583
  Southern 2: n=397
  Southern 3: n=584
  Southern 4: n=486
  Southern 5: n=202
2026-03-04 18:48:03 | INFO | src.tmc_shapley_islands | Loaded 487 cached utilities from outputs/tmc_shapley_sweep_all_traits/cache/body_mass/utility_cache_target_5_seed_989137307.json
2026-03-04 18:48:03 | INFO | src.tmc_shapley_islands | Running TMC-Shapley with 80 permutations (utility on cal set)...
2026-03-04 18:48:03 | INFO | src.tmc_shapley_islands | Computing V_full over all 15 source islands...
2026-03-04 18:48:03 | INFO | src.tmc_shapley_islands | V_full = 0.1585
2026-03-04 18:48:03 | INFO | src.tmc_shapley_islands | TMC head-start: loaded 40 completed permutations from state outputs/tmc_shapley_sweep_all_traits/cache/body_mass/tmc_perm_state_target_5_seed_989137307.json
2026-03-04 18:49:16 | INFO | src.tmc_shapley_islands | TMC progress: 48/80 permutations done, cache hit rate: 27.3%, n_evals: 88
2026-03-04 18:51:48 | INFO | src.tmc_shapley_islands | TMC progress: 64/80 permutations done, cache hit rate: 28.3%, n_evals: 259
2026-03-04 18:54:15 | INFO | src.tmc_shapley_islands | TMC progress: 80/80 permutations done, cache hit rate: 28.1%, n_evals: 432
2026-03-04 18:54:16 | INFO | src.tmc_shapley_islands | TMC complete: 80 permutations, 0 truncated, 432 utility evals, cache hit rate: 28.1%
2026-03-04 18:54:16 | INFO | src.tmc_shapley_islands | Shapley values (phi, computed on cal set):
2026-03-04 18:54:16 | INFO | src.tmc_shapley_islands |   Nesøy: phi=-0.005896, phi/n=-0.00004954
2026-03-04 18:54:16 | INFO | src.tmc_shapley_islands |   Myken: phi=-0.018780, phi/n=-0.00020413
2026-03-04 18:54:16 | INFO | src.tmc_shapley_islands |   Træna: phi=0.033852, phi/n=0.00011593
2026-03-04 18:54:16 | INFO | src.tmc_shapley_islands |   Selvær: phi=-0.090306, phi/n=-0.00046550
2026-03-04 18:54:16 | INFO | src.tmc_shapley_islands |   Gjerøy: phi=0.006292, phi/n=0.00001128
2026-03-04 18:54:16 | INFO | src.tmc_shapley_islands |   Indre Kvarøy: phi=0.022080, phi/n=0.00006202
2026-03-04 18:54:16 | INFO | src.tmc_shapley_islands |   Onøy og Lurøy: phi=-0.003850, phi/n=-0.00001487
2026-03-04 18:54:16 | INFO | src.tmc_shapley_islands |   Lovund: phi=-0.026162, phi/n=-0.00016558
2026-03-04 18:54:16 | INFO | src.tmc_shapley_islands |   Sleneset: phi=0.044095, phi/n=0.00026563
2026-03-04 18:54:16 | INFO | src.tmc_shapley_islands |   Aldra: phi=0.040452, phi/n=0.00023382
2026-03-04 18:54:16 | INFO | src.tmc_shapley_islands |   Southern 1: phi=0.008413, phi/n=0.00001443
2026-03-04 18:54:16 | INFO | src.tmc_shapley_islands |   Southern 2: phi=0.023545, phi/n=0.00005931
2026-03-04 18:54:16 | INFO | src.tmc_shapley_islands |   Southern 3: phi=0.037232, phi/n=0.00006375
2026-03-04 18:54:16 | INFO | src.tmc_shapley_islands |   Southern 4: phi=0.081528, phi/n=0.00016775
2026-03-04 18:54:16 | INFO | src.tmc_shapley_islands |   Southern 5: phi=0.006006, phi/n=0.00002973
2026-03-04 18:54:16 | INFO | src.tmc_shapley_islands | Curve retraining early stopping: enabled=True, patience=20
2026-03-04 18:54:16 | INFO | src.tmc_shapley_islands | Computing add-islands curve (evaluated on test set)...
2026-03-04 18:54:16 | INFO | src.tmc_shapley_islands | Add-curve (mean): 1 islands, n=166 -> corr=0.0124
2026-03-04 18:54:16 | INFO | src.tmc_shapley_islands | Add-curve (mean): 2 islands, n=339 -> corr=0.0425
2026-03-04 18:54:16 | INFO | src.tmc_shapley_islands | Add-curve (mean): 3 islands, n=825 -> corr=0.0362
2026-03-04 18:54:17 | INFO | src.tmc_shapley_islands | Add-curve (mean): 4 islands, n=1117 -> corr=0.0486
2026-03-04 18:54:18 | INFO | src.tmc_shapley_islands | Add-curve (mean): 5 islands, n=1701 -> corr=0.0322
2026-03-04 18:54:18 | INFO | src.tmc_shapley_islands | Add-curve (mean): 6 islands, n=2057 -> corr=0.1142
2026-03-04 18:54:19 | INFO | src.tmc_shapley_islands | Add-curve (mean): 7 islands, n=2454 -> corr=0.1097
2026-03-04 18:54:20 | INFO | src.tmc_shapley_islands | Add-curve (mean): 8 islands, n=2656 -> corr=0.1007
2026-03-04 18:54:22 | INFO | src.tmc_shapley_islands | Add-curve (mean): 9 islands, n=3239 -> corr=0.1058
2026-03-04 18:54:23 | INFO | src.tmc_shapley_islands | Add-curve (mean): 10 islands, n=3797 -> corr=0.1359
2026-03-04 18:54:25 | INFO | src.tmc_shapley_islands | Add-curve (mean): 11 islands, n=4056 -> corr=0.1303
2026-03-04 18:54:27 | INFO | src.tmc_shapley_islands | Add-curve (mean): 12 islands, n=4175 -> corr=0.1264
2026-03-04 18:54:28 | INFO | src.tmc_shapley_islands | Add-curve (mean): 13 islands, n=4333 -> corr=0.1328
2026-03-04 18:54:30 | INFO | src.tmc_shapley_islands | Add-curve (mean): 14 islands, n=4425 -> corr=0.1423
2026-03-04 18:54:33 | INFO | src.tmc_shapley_islands | Add-curve (mean): 15 islands, n=4619 -> corr=0.1384
2026-03-04 18:54:45 | INFO | src.tmc_shapley_islands | Random individual add-curve (seed=0) complete
2026-03-04 18:54:57 | INFO | src.tmc_shapley_islands | Random individual add-curve (seed=1) complete
2026-03-04 18:55:09 | INFO | src.tmc_shapley_islands | Random individual add-curve (seed=2) complete
2026-03-04 18:55:20 | INFO | src.tmc_shapley_islands | Random individual add-curve (seed=3) complete
2026-03-04 18:55:32 | INFO | src.tmc_shapley_islands | Random individual add-curve (seed=4) complete
2026-03-04 18:55:32 | INFO | src.tmc_shapley_islands | Building mirrored remove-islands curve from add-islands curve...
2026-03-04 18:55:32 | INFO | src.tmc_shapley_islands | Saved Shapley values to outputs/tmc_shapley_sweep_all_traits/shards/shard_018/body_mass/tmp/shapley_island_values_target_5.csv
2026-03-04 18:55:32 | INFO | src.tmc_shapley_islands | Saved summary to outputs/tmc_shapley_sweep_all_traits/shards/shard_018/body_mass/tmp/tmc_summary_target_5.json
2026-03-04 18:55:32 | INFO | src.tmc_shapley_islands | Saved intermediate ranking trace to outputs/tmc_shapley_sweep_all_traits/shards/shard_018/body_mass/tmp/tmc_intermediate_rankings_target_5.csv
2026-03-04 18:55:32 | INFO | src.tmc_shapley_islands | Saved add-curve to outputs/tmc_shapley_sweep_all_traits/shards/shard_018/body_mass/tmp/add_curve_target_5.csv
2026-03-04 18:55:32 | INFO | src.tmc_shapley_islands | Saved remove-curve to outputs/tmc_shapley_sweep_all_traits/shards/shard_018/body_mass/tmp/remove_curve_target_5.csv
2026-03-04 18:55:33 | INFO | src.tmc_shapley_islands | Saved bar plot to outputs/tmc_shapley_sweep_all_traits/shards/shard_018/body_mass/tmp/shapley_bar_target_5.png
2026-03-04 18:55:33 | INFO | src.tmc_shapley_islands | Saved add-curve plot to outputs/tmc_shapley_sweep_all_traits/shards/shard_018/body_mass/tmp/add_curve_target_5.png
2026-03-04 18:55:34 | INFO | src.tmc_shapley_islands | Saved remove-curve plot to outputs/tmc_shapley_sweep_all_traits/shards/shard_018/body_mass/tmp/remove_curve_target_5.png
2026-03-04 18:55:34 | INFO | __main__ | Shard 18/30 trait=body_mass progress 40/75 | target=5 n_cal_samples=40 perm=150 repeat=6
2026-03-04 18:55:34 | INFO | src.tmc_shapley_islands | [Shapley] Target island: 5 (Hestmannøy), source islands: 15
2026-03-04 18:55:34 | INFO | src.tmc_shapley_islands | Data: source=4619 (across 15 islands), cal=40, test=928
2026-03-04 18:55:34 | INFO | src.tmc_shapley_islands | SNP selection: using fixed precomputed subset (n=20000)
2026-03-04 18:55:34 | INFO | src.tmc_shapley_islands | Island counts (capped to None in training):
  Nesøy: n=119
  Myken: n=92
  Træna: n=292
  Selvær: n=194
  Gjerøy: n=558
  Indre Kvarøy: n=356
  Onøy og Lurøy: n=259
  Lovund: n=158
  Sleneset: n=166
  Aldra: n=173
  Southern 1: n=583
  Southern 2: n=397
  Southern 3: n=584
  Southern 4: n=486
  Southern 5: n=202
2026-03-04 18:55:34 | INFO | src.tmc_shapley_islands | Loaded 919 cached utilities from outputs/tmc_shapley_sweep_all_traits/cache/body_mass/utility_cache_target_5_seed_989137307.json
2026-03-04 18:55:34 | INFO | src.tmc_shapley_islands | Running TMC-Shapley with 150 permutations (utility on cal set)...
2026-03-04 18:55:34 | INFO | src.tmc_shapley_islands | Computing V_full over all 15 source islands...
2026-03-04 18:55:34 | INFO | src.tmc_shapley_islands | V_full = 0.1585
2026-03-04 18:55:34 | INFO | src.tmc_shapley_islands | TMC head-start: loaded 80 completed permutations from state outputs/tmc_shapley_sweep_all_traits/cache/body_mass/tmc_perm_state_target_5_seed_989137307.json
2026-03-04 18:56:59 | INFO | src.tmc_shapley_islands | TMC progress: 90/150 permutations done, cache hit rate: 35.1%, n_evals: 98
2026-03-04 19:01:28 | INFO | src.tmc_shapley_islands | TMC progress: 120/150 permutations done, cache hit rate: 32.6%, n_evals: 405
2026-03-04 19:05:37 | INFO | src.tmc_shapley_islands | TMC progress: 150/150 permutations done, cache hit rate: 34.1%, n_evals: 693
2026-03-04 19:05:37 | INFO | src.tmc_shapley_islands | TMC complete: 150 permutations, 0 truncated, 693 utility evals, cache hit rate: 34.1%
2026-03-04 19:05:37 | INFO | src.tmc_shapley_islands | Shapley values (phi, computed on cal set):
2026-03-04 19:05:37 | INFO | src.tmc_shapley_islands |   Nesøy: phi=-0.005520, phi/n=-0.00004639
2026-03-04 19:05:37 | INFO | src.tmc_shapley_islands |   Myken: phi=-0.018847, phi/n=-0.00020486
2026-03-04 19:05:37 | INFO | src.tmc_shapley_islands |   Træna: phi=0.035017, phi/n=0.00011992
2026-03-04 19:05:37 | INFO | src.tmc_shapley_islands |   Selvær: phi=-0.086693, phi/n=-0.00044687
2026-03-04 19:05:37 | INFO | src.tmc_shapley_islands |   Gjerøy: phi=0.004054, phi/n=0.00000727
2026-03-04 19:05:37 | INFO | src.tmc_shapley_islands |   Indre Kvarøy: phi=0.021612, phi/n=0.00006071
2026-03-04 19:05:37 | INFO | src.tmc_shapley_islands |   Onøy og Lurøy: phi=-0.006179, phi/n=-0.00002386
2026-03-04 19:05:37 | INFO | src.tmc_shapley_islands |   Lovund: phi=-0.026177, phi/n=-0.00016568
2026-03-04 19:05:37 | INFO | src.tmc_shapley_islands |   Sleneset: phi=0.043526, phi/n=0.00026221
2026-03-04 19:05:37 | INFO | src.tmc_shapley_islands |   Aldra: phi=0.041591, phi/n=0.00024041
2026-03-04 19:05:37 | INFO | src.tmc_shapley_islands |   Southern 1: phi=0.008949, phi/n=0.00001535
2026-03-04 19:05:37 | INFO | src.tmc_shapley_islands |   Southern 2: phi=0.024766, phi/n=0.00006238
2026-03-04 19:05:37 | INFO | src.tmc_shapley_islands |   Southern 3: phi=0.035607, phi/n=0.00006097
2026-03-04 19:05:37 | INFO | src.tmc_shapley_islands |   Southern 4: phi=0.080145, phi/n=0.00016491
2026-03-04 19:05:37 | INFO | src.tmc_shapley_islands |   Southern 5: phi=0.006648, phi/n=0.00003291
2026-03-04 19:05:37 | INFO | src.tmc_shapley_islands | Curve retraining early stopping: enabled=True, patience=20
2026-03-04 19:05:37 | INFO | src.tmc_shapley_islands | Computing add-islands curve (evaluated on test set)...
2026-03-04 19:05:37 | INFO | src.tmc_shapley_islands | Add-curve (mean): 1 islands, n=166 -> corr=0.0124
2026-03-04 19:05:38 | INFO | src.tmc_shapley_islands | Add-curve (mean): 2 islands, n=339 -> corr=0.0425
2026-03-04 19:05:38 | INFO | src.tmc_shapley_islands | Add-curve (mean): 3 islands, n=825 -> corr=0.0362
2026-03-04 19:05:39 | INFO | src.tmc_shapley_islands | Add-curve (mean): 4 islands, n=1117 -> corr=0.0486
2026-03-04 19:05:39 | INFO | src.tmc_shapley_islands | Add-curve (mean): 5 islands, n=1514 -> corr=0.0418
2026-03-04 19:05:40 | INFO | src.tmc_shapley_islands | Add-curve (mean): 6 islands, n=2098 -> corr=0.0272
2026-03-04 19:05:41 | INFO | src.tmc_shapley_islands | Add-curve (mean): 7 islands, n=2454 -> corr=0.1097
2026-03-04 19:05:42 | INFO | src.tmc_shapley_islands | Add-curve (mean): 8 islands, n=2656 -> corr=0.1007
2026-03-04 19:05:44 | INFO | src.tmc_shapley_islands | Add-curve (mean): 9 islands, n=3239 -> corr=0.1058
2026-03-04 19:05:45 | INFO | src.tmc_shapley_islands | Add-curve (mean): 10 islands, n=3797 -> corr=0.1359
2026-03-04 19:05:47 | INFO | src.tmc_shapley_islands | Add-curve (mean): 11 islands, n=4056 -> corr=0.1303
2026-03-04 19:05:49 | INFO | src.tmc_shapley_islands | Add-curve (mean): 12 islands, n=4175 -> corr=0.1264
2026-03-04 19:05:50 | INFO | src.tmc_shapley_islands | Add-curve (mean): 13 islands, n=4333 -> corr=0.1328
2026-03-04 19:05:52 | INFO | src.tmc_shapley_islands | Add-curve (mean): 14 islands, n=4425 -> corr=0.1423
2026-03-04 19:05:54 | INFO | src.tmc_shapley_islands | Add-curve (mean): 15 islands, n=4619 -> corr=0.1384
2026-03-04 19:06:06 | INFO | src.tmc_shapley_islands | Random individual add-curve (seed=0) complete
2026-03-04 19:06:18 | INFO | src.tmc_shapley_islands | Random individual add-curve (seed=1) complete
2026-03-04 19:06:30 | INFO | src.tmc_shapley_islands | Random individual add-curve (seed=2) complete
2026-03-04 19:06:42 | INFO | src.tmc_shapley_islands | Random individual add-curve (seed=3) complete
2026-03-04 19:06:54 | INFO | src.tmc_shapley_islands | Random individual add-curve (seed=4) complete
2026-03-04 19:06:54 | INFO | src.tmc_shapley_islands | Building mirrored remove-islands curve from add-islands curve...
2026-03-04 19:06:54 | INFO | src.tmc_shapley_islands | Saved Shapley values to outputs/tmc_shapley_sweep_all_traits/shards/shard_018/body_mass/tmp/shapley_island_values_target_5.csv
2026-03-04 19:06:54 | INFO | src.tmc_shapley_islands | Saved summary to outputs/tmc_shapley_sweep_all_traits/shards/shard_018/body_mass/tmp/tmc_summary_target_5.json
2026-03-04 19:06:54 | INFO | src.tmc_shapley_islands | Saved intermediate ranking trace to outputs/tmc_shapley_sweep_all_traits/shards/shard_018/body_mass/tmp/tmc_intermediate_rankings_target_5.csv
2026-03-04 19:06:54 | INFO | src.tmc_shapley_islands | Saved add-curve to outputs/tmc_shapley_sweep_all_traits/shards/shard_018/body_mass/tmp/add_curve_target_5.csv
2026-03-04 19:06:54 | INFO | src.tmc_shapley_islands | Saved remove-curve to outputs/tmc_shapley_sweep_all_traits/shards/shard_018/body_mass/tmp/remove_curve_target_5.csv
2026-03-04 19:06:54 | INFO | src.tmc_shapley_islands | Saved bar plot to outputs/tmc_shapley_sweep_all_traits/shards/shard_018/body_mass/tmp/shapley_bar_target_5.png
2026-03-04 19:06:55 | INFO | src.tmc_shapley_islands | Saved add-curve plot to outputs/tmc_shapley_sweep_all_traits/shards/shard_018/body_mass/tmp/add_curve_target_5.png
2026-03-04 19:06:55 | INFO | src.tmc_shapley_islands | Saved remove-curve plot to outputs/tmc_shapley_sweep_all_traits/shards/shard_018/body_mass/tmp/remove_curve_target_5.png
2026-03-04 19:06:55 | INFO | __main__ | Shard 18/30 trait=body_mass progress 41/75 | target=5 n_cal_samples=80 perm=10 repeat=6
2026-03-04 19:06:55 | INFO | src.tmc_shapley_islands | [Shapley] Target island: 5 (Hestmannøy), source islands: 15
2026-03-04 19:06:56 | INFO | src.tmc_shapley_islands | Data: source=4619 (across 15 islands), cal=80, test=928
2026-03-04 19:06:56 | INFO | src.tmc_shapley_islands | SNP selection: using fixed precomputed subset (n=20000)
2026-03-04 19:06:56 | INFO | src.tmc_shapley_islands | Island counts (capped to None in training):
  Nesøy: n=119
  Myken: n=92
  Træna: n=292
  Selvær: n=194
  Gjerøy: n=558
  Indre Kvarøy: n=356
  Onøy og Lurøy: n=259
  Lovund: n=158
  Sleneset: n=166
  Aldra: n=173
  Southern 1: n=583
  Southern 2: n=397
  Southern 3: n=584
  Southern 4: n=486
  Southern 5: n=202
2026-03-04 19:06:56 | INFO | src.tmc_shapley_islands | Running TMC-Shapley with 10 permutations (utility on cal set)...
2026-03-04 19:06:56 | INFO | src.tmc_shapley_islands | Computing V_full over all 15 source islands...
2026-03-04 19:06:58 | INFO | src.tmc_shapley_islands | V_full = 0.3328
2026-03-04 19:07:25 | INFO | src.tmc_shapley_islands | TMC progress: 2/10 permutations done, cache hit rate: 6.5%, n_evals: 29
2026-03-04 19:07:50 | INFO | src.tmc_shapley_islands | TMC progress: 4/10 permutations done, cache hit rate: 6.6%, n_evals: 57
2026-03-04 19:08:14 | INFO | src.tmc_shapley_islands | TMC progress: 6/10 permutations done, cache hit rate: 7.7%, n_evals: 84
2026-03-04 19:08:41 | INFO | src.tmc_shapley_islands | TMC progress: 8/10 permutations done, cache hit rate: 8.3%, n_evals: 111
2026-03-04 19:09:01 | INFO | src.tmc_shapley_islands | TMC progress: 10/10 permutations done, cache hit rate: 9.9%, n_evals: 136
2026-03-04 19:09:01 | INFO | src.tmc_shapley_islands | TMC complete: 10 permutations, 0 truncated, 136 utility evals, cache hit rate: 9.9%
2026-03-04 19:09:01 | INFO | src.tmc_shapley_islands | Shapley values (phi, computed on cal set):
2026-03-04 19:09:01 | INFO | src.tmc_shapley_islands |   Nesøy: phi=0.014791, phi/n=0.00012430
2026-03-04 19:09:01 | INFO | src.tmc_shapley_islands |   Myken: phi=0.047973, phi/n=0.00052144
2026-03-04 19:09:01 | INFO | src.tmc_shapley_islands |   Træna: phi=-0.029974, phi/n=-0.00010265
2026-03-04 19:09:01 | INFO | src.tmc_shapley_islands |   Selvær: phi=-0.057442, phi/n=-0.00029609
2026-03-04 19:09:01 | INFO | src.tmc_shapley_islands |   Gjerøy: phi=0.093735, phi/n=0.00016798
2026-03-04 19:09:01 | INFO | src.tmc_shapley_islands |   Indre Kvarøy: phi=0.173515, phi/n=0.00048740
2026-03-04 19:09:01 | INFO | src.tmc_shapley_islands |   Onøy og Lurøy: phi=0.061418, phi/n=0.00023714
2026-03-04 19:09:01 | INFO | src.tmc_shapley_islands |   Lovund: phi=0.027741, phi/n=0.00017558
2026-03-04 19:09:01 | INFO | src.tmc_shapley_islands |   Sleneset: phi=0.010305, phi/n=0.00006208
2026-03-04 19:09:01 | INFO | src.tmc_shapley_islands |   Aldra: phi=0.030280, phi/n=0.00017503
2026-03-04 19:09:01 | INFO | src.tmc_shapley_islands |   Southern 1: phi=0.000513, phi/n=0.00000088
2026-03-04 19:09:01 | INFO | src.tmc_shapley_islands |   Southern 2: phi=0.005146, phi/n=0.00001296
2026-03-04 19:09:01 | INFO | src.tmc_shapley_islands |   Southern 3: phi=-0.025512, phi/n=-0.00004368
2026-03-04 19:09:01 | INFO | src.tmc_shapley_islands |   Southern 4: phi=-0.019222, phi/n=-0.00003955
2026-03-04 19:09:01 | INFO | src.tmc_shapley_islands |   Southern 5: phi=-0.000439, phi/n=-0.00000217
2026-03-04 19:09:01 | INFO | src.tmc_shapley_islands | Curve retraining early stopping: enabled=True, patience=20
2026-03-04 19:09:01 | INFO | src.tmc_shapley_islands | Computing add-islands curve (evaluated on test set)...
2026-03-04 19:09:01 | INFO | src.tmc_shapley_islands | Add-curve (mean): 1 islands, n=92 -> corr=0.0855
2026-03-04 19:09:01 | INFO | src.tmc_shapley_islands | Add-curve (mean): 2 islands, n=448 -> corr=0.1407
2026-03-04 19:09:01 | INFO | src.tmc_shapley_islands | Add-curve (mean): 3 islands, n=707 -> corr=0.1179
2026-03-04 19:09:02 | INFO | src.tmc_shapley_islands | Add-curve (mean): 4 islands, n=865 -> corr=0.1256
2026-03-04 19:09:02 | INFO | src.tmc_shapley_islands | Add-curve (mean): 5 islands, n=1038 -> corr=0.1382
2026-03-04 19:09:03 | INFO | src.tmc_shapley_islands | Add-curve (mean): 6 islands, n=1596 -> corr=0.1590
2026-03-04 19:09:04 | INFO | src.tmc_shapley_islands | Add-curve (mean): 7 islands, n=1715 -> corr=0.1528
2026-03-04 19:09:04 | INFO | src.tmc_shapley_islands | Add-curve (mean): 8 islands, n=1881 -> corr=0.1506
2026-03-04 19:09:05 | INFO | src.tmc_shapley_islands | Add-curve (mean): 9 islands, n=2278 -> corr=0.1502
2026-03-04 19:09:07 | INFO | src.tmc_shapley_islands | Add-curve (mean): 10 islands, n=2861 -> corr=0.1488
2026-03-04 19:09:08 | INFO | src.tmc_shapley_islands | Add-curve (mean): 11 islands, n=3063 -> corr=0.1459
2026-03-04 19:09:09 | INFO | src.tmc_shapley_islands | Add-curve (mean): 12 islands, n=3549 -> corr=0.1437
2026-03-04 19:09:11 | INFO | src.tmc_shapley_islands | Add-curve (mean): 13 islands, n=4133 -> corr=0.1400
2026-03-04 19:09:13 | INFO | src.tmc_shapley_islands | Add-curve (mean): 14 islands, n=4425 -> corr=0.1461
2026-03-04 19:09:15 | INFO | src.tmc_shapley_islands | Add-curve (mean): 15 islands, n=4619 -> corr=0.1424
2026-03-04 19:09:25 | INFO | src.tmc_shapley_islands | Random individual add-curve (seed=0) complete
2026-03-04 19:09:35 | INFO | src.tmc_shapley_islands | Random individual add-curve (seed=1) complete
2026-03-04 19:09:45 | INFO | src.tmc_shapley_islands | Random individual add-curve (seed=2) complete
2026-03-04 19:09:55 | INFO | src.tmc_shapley_islands | Random individual add-curve (seed=3) complete
2026-03-04 19:10:04 | INFO | src.tmc_shapley_islands | Random individual add-curve (seed=4) complete
2026-03-04 19:10:04 | INFO | src.tmc_shapley_islands | Building mirrored remove-islands curve from add-islands curve...
2026-03-04 19:10:04 | INFO | src.tmc_shapley_islands | Saved Shapley values to outputs/tmc_shapley_sweep_all_traits/shards/shard_018/body_mass/tmp/shapley_island_values_target_5.csv
2026-03-04 19:10:04 | INFO | src.tmc_shapley_islands | Saved summary to outputs/tmc_shapley_sweep_all_traits/shards/shard_018/body_mass/tmp/tmc_summary_target_5.json
2026-03-04 19:10:04 | INFO | src.tmc_shapley_islands | Saved intermediate ranking trace to outputs/tmc_shapley_sweep_all_traits/shards/shard_018/body_mass/tmp/tmc_intermediate_rankings_target_5.csv
2026-03-04 19:10:04 | INFO | src.tmc_shapley_islands | Saved add-curve to outputs/tmc_shapley_sweep_all_traits/shards/shard_018/body_mass/tmp/add_curve_target_5.csv
2026-03-04 19:10:04 | INFO | src.tmc_shapley_islands | Saved remove-curve to outputs/tmc_shapley_sweep_all_traits/shards/shard_018/body_mass/tmp/remove_curve_target_5.csv
2026-03-04 19:10:05 | INFO | src.tmc_shapley_islands | Saved bar plot to outputs/tmc_shapley_sweep_all_traits/shards/shard_018/body_mass/tmp/shapley_bar_target_5.png
2026-03-04 19:10:05 | INFO | src.tmc_shapley_islands | Saved add-curve plot to outputs/tmc_shapley_sweep_all_traits/shards/shard_018/body_mass/tmp/add_curve_target_5.png
2026-03-04 19:10:06 | INFO | src.tmc_shapley_islands | Saved remove-curve plot to outputs/tmc_shapley_sweep_all_traits/shards/shard_018/body_mass/tmp/remove_curve_target_5.png
2026-03-04 19:10:06 | INFO | __main__ | Shard 18/30 trait=body_mass progress 42/75 | target=5 n_cal_samples=80 perm=20 repeat=6
2026-03-04 19:10:06 | INFO | src.tmc_shapley_islands | [Shapley] Target island: 5 (Hestmannøy), source islands: 15
2026-03-04 19:10:07 | INFO | src.tmc_shapley_islands | Data: source=4619 (across 15 islands), cal=80, test=928
2026-03-04 19:10:07 | INFO | src.tmc_shapley_islands | SNP selection: using fixed precomputed subset (n=20000)
2026-03-04 19:10:07 | INFO | src.tmc_shapley_islands | Island counts (capped to None in training):
  Nesøy: n=119
  Myken: n=92
  Træna: n=292
  Selvær: n=194
  Gjerøy: n=558
  Indre Kvarøy: n=356
  Onøy og Lurøy: n=259
  Lovund: n=158
  Sleneset: n=166
  Aldra: n=173
  Southern 1: n=583
  Southern 2: n=397
  Southern 3: n=584
  Southern 4: n=486
  Southern 5: n=202
2026-03-04 19:10:07 | INFO | src.tmc_shapley_islands | Loaded 136 cached utilities from outputs/tmc_shapley_sweep_all_traits/cache/body_mass/utility_cache_target_5_seed_1045400527.json
2026-03-04 19:10:07 | INFO | src.tmc_shapley_islands | Running TMC-Shapley with 20 permutations (utility on cal set)...
2026-03-04 19:10:07 | INFO | src.tmc_shapley_islands | Computing V_full over all 15 source islands...
2026-03-04 19:10:07 | INFO | src.tmc_shapley_islands | V_full = 0.3328
2026-03-04 19:10:07 | INFO | src.tmc_shapley_islands | TMC head-start: loaded 10 completed permutations from state outputs/tmc_shapley_sweep_all_traits/cache/body_mass/tmc_perm_state_target_5_seed_1045400527.json
2026-03-04 19:10:28 | INFO | src.tmc_shapley_islands | TMC progress: 12/20 permutations done, cache hit rate: 19.4%, n_evals: 25
2026-03-04 19:11:13 | INFO | src.tmc_shapley_islands | TMC progress: 16/20 permutations done, cache hit rate: 19.8%, n_evals: 73
2026-03-04 19:11:54 | INFO | src.tmc_shapley_islands | TMC progress: 20/20 permutations done, cache hit rate: 19.2%, n_evals: 122
2026-03-04 19:11:54 | INFO | src.tmc_shapley_islands | TMC complete: 20 permutations, 0 truncated, 122 utility evals, cache hit rate: 19.2%
2026-03-04 19:11:54 | INFO | src.tmc_shapley_islands | Shapley values (phi, computed on cal set):
2026-03-04 19:11:54 | INFO | src.tmc_shapley_islands |   Nesøy: phi=0.016706, phi/n=0.00014039
2026-03-04 19:11:54 | INFO | src.tmc_shapley_islands |   Myken: phi=0.061294, phi/n=0.00066624
2026-03-04 19:11:54 | INFO | src.tmc_shapley_islands |   Træna: phi=-0.032816, phi/n=-0.00011239
2026-03-04 19:11:54 | INFO | src.tmc_shapley_islands |   Selvær: phi=-0.048602, phi/n=-0.00025053
2026-03-04 19:11:54 | INFO | src.tmc_shapley_islands |   Gjerøy: phi=0.095688, phi/n=0.00017148
2026-03-04 19:11:54 | INFO | src.tmc_shapley_islands |   Indre Kvarøy: phi=0.159068, phi/n=0.00044682
2026-03-04 19:11:54 | INFO | src.tmc_shapley_islands |   Onøy og Lurøy: phi=0.065650, phi/n=0.00025347
2026-03-04 19:11:54 | INFO | src.tmc_shapley_islands |   Lovund: phi=0.027583, phi/n=0.00017457
2026-03-04 19:11:54 | INFO | src.tmc_shapley_islands |   Sleneset: phi=0.005848, phi/n=0.00003523
2026-03-04 19:11:54 | INFO | src.tmc_shapley_islands |   Aldra: phi=0.031065, phi/n=0.00017957
2026-03-04 19:11:54 | INFO | src.tmc_shapley_islands |   Southern 1: phi=-0.005012, phi/n=-0.00000860
2026-03-04 19:11:54 | INFO | src.tmc_shapley_islands |   Southern 2: phi=-0.000132, phi/n=-0.00000033
2026-03-04 19:11:54 | INFO | src.tmc_shapley_islands |   Southern 3: phi=-0.023778, phi/n=-0.00004071
2026-03-04 19:11:54 | INFO | src.tmc_shapley_islands |   Southern 4: phi=-0.019064, phi/n=-0.00003923
2026-03-04 19:11:54 | INFO | src.tmc_shapley_islands |   Southern 5: phi=-0.000668, phi/n=-0.00000331
2026-03-04 19:11:54 | INFO | src.tmc_shapley_islands | Curve retraining early stopping: enabled=True, patience=20
2026-03-04 19:11:54 | INFO | src.tmc_shapley_islands | Computing add-islands curve (evaluated on test set)...
2026-03-04 19:11:54 | INFO | src.tmc_shapley_islands | Add-curve (mean): 1 islands, n=92 -> corr=0.0855
2026-03-04 19:11:54 | INFO | src.tmc_shapley_islands | Add-curve (mean): 2 islands, n=448 -> corr=0.1407
2026-03-04 19:11:54 | INFO | src.tmc_shapley_islands | Add-curve (mean): 3 islands, n=707 -> corr=0.1179
2026-03-04 19:11:55 | INFO | src.tmc_shapley_islands | Add-curve (mean): 4 islands, n=880 -> corr=0.1304
2026-03-04 19:11:55 | INFO | src.tmc_shapley_islands | Add-curve (mean): 5 islands, n=1038 -> corr=0.1382
2026-03-04 19:11:56 | INFO | src.tmc_shapley_islands | Add-curve (mean): 6 islands, n=1596 -> corr=0.1590
2026-03-04 19:11:57 | INFO | src.tmc_shapley_islands | Add-curve (mean): 7 islands, n=1715 -> corr=0.1528
2026-03-04 19:11:57 | INFO | src.tmc_shapley_islands | Add-curve (mean): 8 islands, n=1881 -> corr=0.1506
2026-03-04 19:11:58 | INFO | src.tmc_shapley_islands | Add-curve (mean): 9 islands, n=2278 -> corr=0.1502
2026-03-04 19:11:59 | INFO | src.tmc_shapley_islands | Add-curve (mean): 10 islands, n=2480 -> corr=0.1469
2026-03-04 19:12:01 | INFO | src.tmc_shapley_islands | Add-curve (mean): 11 islands, n=3063 -> corr=0.1459
2026-03-04 19:12:02 | INFO | src.tmc_shapley_islands | Add-curve (mean): 12 islands, n=3549 -> corr=0.1437
2026-03-04 19:12:04 | INFO | src.tmc_shapley_islands | Add-curve (mean): 13 islands, n=4133 -> corr=0.1400
2026-03-04 19:12:06 | INFO | src.tmc_shapley_islands | Add-curve (mean): 14 islands, n=4425 -> corr=0.1461
2026-03-04 19:12:08 | INFO | src.tmc_shapley_islands | Add-curve (mean): 15 islands, n=4619 -> corr=0.1424
2026-03-04 19:12:17 | INFO | src.tmc_shapley_islands | Random individual add-curve (seed=0) complete
2026-03-04 19:12:26 | INFO | src.tmc_shapley_islands | Random individual add-curve (seed=1) complete
2026-03-04 19:12:35 | INFO | src.tmc_shapley_islands | Random individual add-curve (seed=2) complete
2026-03-04 19:12:44 | INFO | src.tmc_shapley_islands | Random individual add-curve (seed=3) complete
2026-03-04 19:12:54 | INFO | src.tmc_shapley_islands | Random individual add-curve (seed=4) complete
2026-03-04 19:12:54 | INFO | src.tmc_shapley_islands | Building mirrored remove-islands curve from add-islands curve...
2026-03-04 19:12:54 | INFO | src.tmc_shapley_islands | Saved Shapley values to outputs/tmc_shapley_sweep_all_traits/shards/shard_018/body_mass/tmp/shapley_island_values_target_5.csv
2026-03-04 19:12:54 | INFO | src.tmc_shapley_islands | Saved summary to outputs/tmc_shapley_sweep_all_traits/shards/shard_018/body_mass/tmp/tmc_summary_target_5.json
2026-03-04 19:12:54 | INFO | src.tmc_shapley_islands | Saved intermediate ranking trace to outputs/tmc_shapley_sweep_all_traits/shards/shard_018/body_mass/tmp/tmc_intermediate_rankings_target_5.csv
2026-03-04 19:12:54 | INFO | src.tmc_shapley_islands | Saved add-curve to outputs/tmc_shapley_sweep_all_traits/shards/shard_018/body_mass/tmp/add_curve_target_5.csv
2026-03-04 19:12:54 | INFO | src.tmc_shapley_islands | Saved remove-curve to outputs/tmc_shapley_sweep_all_traits/shards/shard_018/body_mass/tmp/remove_curve_target_5.csv
2026-03-04 19:12:54 | INFO | src.tmc_shapley_islands | Saved bar plot to outputs/tmc_shapley_sweep_all_traits/shards/shard_018/body_mass/tmp/shapley_bar_target_5.png
2026-03-04 19:12:55 | INFO | src.tmc_shapley_islands | Saved add-curve plot to outputs/tmc_shapley_sweep_all_traits/shards/shard_018/body_mass/tmp/add_curve_target_5.png
2026-03-04 19:12:55 | INFO | src.tmc_shapley_islands | Saved remove-curve plot to outputs/tmc_shapley_sweep_all_traits/shards/shard_018/body_mass/tmp/remove_curve_target_5.png
2026-03-04 19:12:55 | INFO | __main__ | Shard 18/30 trait=body_mass progress 43/75 | target=5 n_cal_samples=80 perm=40 repeat=6
2026-03-04 19:12:55 | INFO | src.tmc_shapley_islands | [Shapley] Target island: 5 (Hestmannøy), source islands: 15
2026-03-04 19:12:56 | INFO | src.tmc_shapley_islands | Data: source=4619 (across 15 islands), cal=80, test=928
2026-03-04 19:12:56 | INFO | src.tmc_shapley_islands | SNP selection: using fixed precomputed subset (n=20000)
2026-03-04 19:12:56 | INFO | src.tmc_shapley_islands | Island counts (capped to None in training):
  Nesøy: n=119
  Myken: n=92
  Træna: n=292
  Selvær: n=194
  Gjerøy: n=558
  Indre Kvarøy: n=356
  Onøy og Lurøy: n=259
  Lovund: n=158
  Sleneset: n=166
  Aldra: n=173
  Southern 1: n=583
  Southern 2: n=397
  Southern 3: n=584
  Southern 4: n=486
  Southern 5: n=202
2026-03-04 19:12:56 | INFO | src.tmc_shapley_islands | Loaded 258 cached utilities from outputs/tmc_shapley_sweep_all_traits/cache/body_mass/utility_cache_target_5_seed_1045400527.json
2026-03-04 19:12:56 | INFO | src.tmc_shapley_islands | Running TMC-Shapley with 40 permutations (utility on cal set)...
2026-03-04 19:12:56 | INFO | src.tmc_shapley_islands | Computing V_full over all 15 source islands...
2026-03-04 19:12:56 | INFO | src.tmc_shapley_islands | V_full = 0.3328
2026-03-04 19:12:56 | INFO | src.tmc_shapley_islands | TMC head-start: loaded 20 completed permutations from state outputs/tmc_shapley_sweep_all_traits/cache/body_mass/tmc_perm_state_target_5_seed_1045400527.json
2026-03-04 19:13:40 | INFO | src.tmc_shapley_islands | TMC progress: 24/40 permutations done, cache hit rate: 16.4%, n_evals: 51
2026-03-04 19:14:52 | INFO | src.tmc_shapley_islands | TMC progress: 32/40 permutations done, cache hit rate: 22.1%, n_evals: 141
2026-03-04 19:16:13 | INFO | src.tmc_shapley_islands | TMC progress: 40/40 permutations done, cache hit rate: 22.6%, n_evals: 233
2026-03-04 19:16:13 | INFO | src.tmc_shapley_islands | TMC complete: 40 permutations, 0 truncated, 233 utility evals, cache hit rate: 22.6%
2026-03-04 19:16:13 | INFO | src.tmc_shapley_islands | Shapley values (phi, computed on cal set):
2026-03-04 19:16:13 | INFO | src.tmc_shapley_islands |   Nesøy: phi=0.025116, phi/n=0.00021106
2026-03-04 19:16:13 | INFO | src.tmc_shapley_islands |   Myken: phi=0.054552, phi/n=0.00059295
2026-03-04 19:16:13 | INFO | src.tmc_shapley_islands |   Træna: phi=-0.031972, phi/n=-0.00010949
2026-03-04 19:16:13 | INFO | src.tmc_shapley_islands |   Selvær: phi=-0.045769, phi/n=-0.00023592
2026-03-04 19:16:13 | INFO | src.tmc_shapley_islands |   Gjerøy: phi=0.086446, phi/n=0.00015492
2026-03-04 19:16:13 | INFO | src.tmc_shapley_islands |   Indre Kvarøy: phi=0.145131, phi/n=0.00040767
2026-03-04 19:16:13 | INFO | src.tmc_shapley_islands |   Onøy og Lurøy: phi=0.067875, phi/n=0.00026206
2026-03-04 19:16:13 | INFO | src.tmc_shapley_islands |   Lovund: phi=0.039515, phi/n=0.00025010
2026-03-04 19:16:13 | INFO | src.tmc_shapley_islands |   Sleneset: phi=0.007725, phi/n=0.00004654
2026-03-04 19:16:13 | INFO | src.tmc_shapley_islands |   Aldra: phi=0.037573, phi/n=0.00021718
2026-03-04 19:16:13 | INFO | src.tmc_shapley_islands |   Southern 1: phi=-0.005207, phi/n=-0.00000893
2026-03-04 19:16:13 | INFO | src.tmc_shapley_islands |   Southern 2: phi=-0.002024, phi/n=-0.00000510
2026-03-04 19:16:13 | INFO | src.tmc_shapley_islands |   Southern 3: phi=-0.027045, phi/n=-0.00004631
2026-03-04 19:16:13 | INFO | src.tmc_shapley_islands |   Southern 4: phi=-0.018851, phi/n=-0.00003879
2026-03-04 19:16:13 | INFO | src.tmc_shapley_islands |   Southern 5: phi=-0.000236, phi/n=-0.00000117
2026-03-04 19:16:13 | INFO | src.tmc_shapley_islands | Curve retraining early stopping: enabled=True, patience=20
2026-03-04 19:16:13 | INFO | src.tmc_shapley_islands | Computing add-islands curve (evaluated on test set)...
2026-03-04 19:16:13 | INFO | src.tmc_shapley_islands | Add-curve (mean): 1 islands, n=92 -> corr=0.0855
2026-03-04 19:16:13 | INFO | src.tmc_shapley_islands | Add-curve (mean): 2 islands, n=448 -> corr=0.1407
2026-03-04 19:16:14 | INFO | src.tmc_shapley_islands | Add-curve (mean): 3 islands, n=707 -> corr=0.1179
2026-03-04 19:16:14 | INFO | src.tmc_shapley_islands | Add-curve (mean): 4 islands, n=865 -> corr=0.1256
2026-03-04 19:16:14 | INFO | src.tmc_shapley_islands | Add-curve (mean): 5 islands, n=1038 -> corr=0.1382
2026-03-04 19:16:15 | INFO | src.tmc_shapley_islands | Add-curve (mean): 6 islands, n=1157 -> corr=0.1346
2026-03-04 19:16:16 | INFO | src.tmc_shapley_islands | Add-curve (mean): 7 islands, n=1715 -> corr=0.1528
2026-03-04 19:16:17 | INFO | src.tmc_shapley_islands | Add-curve (mean): 8 islands, n=1881 -> corr=0.1506
2026-03-04 19:16:17 | INFO | src.tmc_shapley_islands | Add-curve (mean): 9 islands, n=2083 -> corr=0.1472
2026-03-04 19:16:18 | INFO | src.tmc_shapley_islands | Add-curve (mean): 10 islands, n=2480 -> corr=0.1469
2026-03-04 19:16:20 | INFO | src.tmc_shapley_islands | Add-curve (mean): 11 islands, n=3063 -> corr=0.1459
2026-03-04 19:16:21 | INFO | src.tmc_shapley_islands | Add-curve (mean): 12 islands, n=3549 -> corr=0.1437
2026-03-04 19:16:23 | INFO | src.tmc_shapley_islands | Add-curve (mean): 13 islands, n=4133 -> corr=0.1400
2026-03-04 19:16:25 | INFO | src.tmc_shapley_islands | Add-curve (mean): 14 islands, n=4425 -> corr=0.1461
2026-03-04 19:16:27 | INFO | src.tmc_shapley_islands | Add-curve (mean): 15 islands, n=4619 -> corr=0.1424
2026-03-04 19:16:36 | INFO | src.tmc_shapley_islands | Random individual add-curve (seed=0) complete
2026-03-04 19:16:46 | INFO | src.tmc_shapley_islands | Random individual add-curve (seed=1) complete
2026-03-04 19:16:55 | INFO | src.tmc_shapley_islands | Random individual add-curve (seed=2) complete
2026-03-04 19:17:05 | INFO | src.tmc_shapley_islands | Random individual add-curve (seed=3) complete
2026-03-04 19:17:14 | INFO | src.tmc_shapley_islands | Random individual add-curve (seed=4) complete
2026-03-04 19:17:14 | INFO | src.tmc_shapley_islands | Building mirrored remove-islands curve from add-islands curve...
2026-03-04 19:17:14 | INFO | src.tmc_shapley_islands | Saved Shapley values to outputs/tmc_shapley_sweep_all_traits/shards/shard_018/body_mass/tmp/shapley_island_values_target_5.csv
2026-03-04 19:17:14 | INFO | src.tmc_shapley_islands | Saved summary to outputs/tmc_shapley_sweep_all_traits/shards/shard_018/body_mass/tmp/tmc_summary_target_5.json
2026-03-04 19:17:14 | INFO | src.tmc_shapley_islands | Saved intermediate ranking trace to outputs/tmc_shapley_sweep_all_traits/shards/shard_018/body_mass/tmp/tmc_intermediate_rankings_target_5.csv
2026-03-04 19:17:14 | INFO | src.tmc_shapley_islands | Saved add-curve to outputs/tmc_shapley_sweep_all_traits/shards/shard_018/body_mass/tmp/add_curve_target_5.csv
2026-03-04 19:17:14 | INFO | src.tmc_shapley_islands | Saved remove-curve to outputs/tmc_shapley_sweep_all_traits/shards/shard_018/body_mass/tmp/remove_curve_target_5.csv
2026-03-04 19:17:14 | INFO | src.tmc_shapley_islands | Saved bar plot to outputs/tmc_shapley_sweep_all_traits/shards/shard_018/body_mass/tmp/shapley_bar_target_5.png
2026-03-04 19:17:15 | INFO | src.tmc_shapley_islands | Saved add-curve plot to outputs/tmc_shapley_sweep_all_traits/shards/shard_018/body_mass/tmp/add_curve_target_5.png
2026-03-04 19:17:15 | INFO | src.tmc_shapley_islands | Saved remove-curve plot to outputs/tmc_shapley_sweep_all_traits/shards/shard_018/body_mass/tmp/remove_curve_target_5.png
2026-03-04 19:17:15 | INFO | __main__ | Shard 18/30 trait=body_mass progress 44/75 | target=5 n_cal_samples=80 perm=80 repeat=6
2026-03-04 19:17:15 | INFO | src.tmc_shapley_islands | [Shapley] Target island: 5 (Hestmannøy), source islands: 15
2026-03-04 19:17:16 | INFO | src.tmc_shapley_islands | Data: source=4619 (across 15 islands), cal=80, test=928
2026-03-04 19:17:16 | INFO | src.tmc_shapley_islands | SNP selection: using fixed precomputed subset (n=20000)
2026-03-04 19:17:16 | INFO | src.tmc_shapley_islands | Island counts (capped to None in training):
  Nesøy: n=119
  Myken: n=92
  Træna: n=292
  Selvær: n=194
  Gjerøy: n=558
  Indre Kvarøy: n=356
  Onøy og Lurøy: n=259
  Lovund: n=158
  Sleneset: n=166
  Aldra: n=173
  Southern 1: n=583
  Southern 2: n=397
  Southern 3: n=584
  Southern 4: n=486
  Southern 5: n=202
2026-03-04 19:17:16 | INFO | src.tmc_shapley_islands | Loaded 491 cached utilities from outputs/tmc_shapley_sweep_all_traits/cache/body_mass/utility_cache_target_5_seed_1045400527.json
2026-03-04 19:17:16 | INFO | src.tmc_shapley_islands | Running TMC-Shapley with 80 permutations (utility on cal set)...
2026-03-04 19:17:16 | INFO | src.tmc_shapley_islands | Computing V_full over all 15 source islands...
2026-03-04 19:17:16 | INFO | src.tmc_shapley_islands | V_full = 0.3328
2026-03-04 19:17:16 | INFO | src.tmc_shapley_islands | TMC head-start: loaded 40 completed permutations from state outputs/tmc_shapley_sweep_all_traits/cache/body_mass/tmc_perm_state_target_5_seed_1045400527.json
2026-03-04 19:18:39 | INFO | src.tmc_shapley_islands | TMC progress: 48/80 permutations done, cache hit rate: 27.3%, n_evals: 88
2026-03-04 19:21:06 | INFO | src.tmc_shapley_islands | TMC progress: 64/80 permutations done, cache hit rate: 30.2%, n_evals: 252
2026-03-04 19:23:31 | INFO | src.tmc_shapley_islands | TMC progress: 80/80 permutations done, cache hit rate: 30.3%, n_evals: 419
2026-03-04 19:23:31 | INFO | src.tmc_shapley_islands | TMC complete: 80 permutations, 0 truncated, 419 utility evals, cache hit rate: 30.3%
2026-03-04 19:23:31 | INFO | src.tmc_shapley_islands | Shapley values (phi, computed on cal set):
2026-03-04 19:23:31 | INFO | src.tmc_shapley_islands |   Nesøy: phi=0.020831, phi/n=0.00017505
2026-03-04 19:23:31 | INFO | src.tmc_shapley_islands |   Myken: phi=0.049580, phi/n=0.00053891
2026-03-04 19:23:31 | INFO | src.tmc_shapley_islands |   Træna: phi=-0.031877, phi/n=-0.00010917
2026-03-04 19:23:31 | INFO | src.tmc_shapley_islands |   Selvær: phi=-0.044704, phi/n=-0.00023043
2026-03-04 19:23:31 | INFO | src.tmc_shapley_islands |   Gjerøy: phi=0.078020, phi/n=0.00013982
2026-03-04 19:23:31 | INFO | src.tmc_shapley_islands |   Indre Kvarøy: phi=0.147930, phi/n=0.00041553
2026-03-04 19:23:31 | INFO | src.tmc_shapley_islands |   Onøy og Lurøy: phi=0.078483, phi/n=0.00030302
2026-03-04 19:23:31 | INFO | src.tmc_shapley_islands |   Lovund: phi=0.036828, phi/n=0.00023309
2026-03-04 19:23:31 | INFO | src.tmc_shapley_islands |   Sleneset: phi=0.009213, phi/n=0.00005550
2026-03-04 19:23:31 | INFO | src.tmc_shapley_islands |   Aldra: phi=0.036499, phi/n=0.00021098
2026-03-04 19:23:31 | INFO | src.tmc_shapley_islands |   Southern 1: phi=0.001095, phi/n=0.00000188
2026-03-04 19:23:31 | INFO | src.tmc_shapley_islands |   Southern 2: phi=-0.002012, phi/n=-0.00000507
2026-03-04 19:23:31 | INFO | src.tmc_shapley_islands |   Southern 3: phi=-0.026506, phi/n=-0.00004539
2026-03-04 19:23:31 | INFO | src.tmc_shapley_islands |   Southern 4: phi=-0.020393, phi/n=-0.00004196
2026-03-04 19:23:31 | INFO | src.tmc_shapley_islands |   Southern 5: phi=-0.000159, phi/n=-0.00000079
2026-03-04 19:23:31 | INFO | src.tmc_shapley_islands | Curve retraining early stopping: enabled=True, patience=20
2026-03-04 19:23:31 | INFO | src.tmc_shapley_islands | Computing add-islands curve (evaluated on test set)...
2026-03-04 19:23:31 | INFO | src.tmc_shapley_islands | Add-curve (mean): 1 islands, n=92 -> corr=0.0855
2026-03-04 19:23:31 | INFO | src.tmc_shapley_islands | Add-curve (mean): 2 islands, n=448 -> corr=0.1407
2026-03-04 19:23:32 | INFO | src.tmc_shapley_islands | Add-curve (mean): 3 islands, n=707 -> corr=0.1179
2026-03-04 19:23:32 | INFO | src.tmc_shapley_islands | Add-curve (mean): 4 islands, n=865 -> corr=0.1256
2026-03-04 19:23:33 | INFO | src.tmc_shapley_islands | Add-curve (mean): 5 islands, n=1038 -> corr=0.1382
2026-03-04 19:23:33 | INFO | src.tmc_shapley_islands | Add-curve (mean): 6 islands, n=1157 -> corr=0.1346
2026-03-04 19:23:34 | INFO | src.tmc_shapley_islands | Add-curve (mean): 7 islands, n=1715 -> corr=0.1528
2026-03-04 19:23:35 | INFO | src.tmc_shapley_islands | Add-curve (mean): 8 islands, n=1881 -> corr=0.1506
2026-03-04 19:23:36 | INFO | src.tmc_shapley_islands | Add-curve (mean): 9 islands, n=2464 -> corr=0.1480
2026-03-04 19:23:37 | INFO | src.tmc_shapley_islands | Add-curve (mean): 10 islands, n=2666 -> corr=0.1452
2026-03-04 19:23:38 | INFO | src.tmc_shapley_islands | Add-curve (mean): 11 islands, n=3063 -> corr=0.1459
2026-03-04 19:23:40 | INFO | src.tmc_shapley_islands | Add-curve (mean): 12 islands, n=3549 -> corr=0.1437
2026-03-04 19:23:41 | INFO | src.tmc_shapley_islands | Add-curve (mean): 13 islands, n=4133 -> corr=0.1400
2026-03-04 19:23:43 | INFO | src.tmc_shapley_islands | Add-curve (mean): 14 islands, n=4425 -> corr=0.1461
2026-03-04 19:23:46 | INFO | src.tmc_shapley_islands | Add-curve (mean): 15 islands, n=4619 -> corr=0.1424
2026-03-04 19:23:55 | INFO | src.tmc_shapley_islands | Random individual add-curve (seed=0) complete
2026-03-04 19:24:05 | INFO | src.tmc_shapley_islands | Random individual add-curve (seed=1) complete
2026-03-04 19:24:14 | INFO | src.tmc_shapley_islands | Random individual add-curve (seed=2) complete
2026-03-04 19:24:24 | INFO | src.tmc_shapley_islands | Random individual add-curve (seed=3) complete
2026-03-04 19:24:34 | INFO | src.tmc_shapley_islands | Random individual add-curve (seed=4) complete
2026-03-04 19:24:34 | INFO | src.tmc_shapley_islands | Building mirrored remove-islands curve from add-islands curve...
2026-03-04 19:24:34 | INFO | src.tmc_shapley_islands | Saved Shapley values to outputs/tmc_shapley_sweep_all_traits/shards/shard_018/body_mass/tmp/shapley_island_values_target_5.csv
2026-03-04 19:24:34 | INFO | src.tmc_shapley_islands | Saved summary to outputs/tmc_shapley_sweep_all_traits/shards/shard_018/body_mass/tmp/tmc_summary_target_5.json
2026-03-04 19:24:34 | INFO | src.tmc_shapley_islands | Saved intermediate ranking trace to outputs/tmc_shapley_sweep_all_traits/shards/shard_018/body_mass/tmp/tmc_intermediate_rankings_target_5.csv
2026-03-04 19:24:34 | INFO | src.tmc_shapley_islands | Saved add-curve to outputs/tmc_shapley_sweep_all_traits/shards/shard_018/body_mass/tmp/add_curve_target_5.csv
2026-03-04 19:24:34 | INFO | src.tmc_shapley_islands | Saved remove-curve to outputs/tmc_shapley_sweep_all_traits/shards/shard_018/body_mass/tmp/remove_curve_target_5.csv
2026-03-04 19:24:34 | INFO | src.tmc_shapley_islands | Saved bar plot to outputs/tmc_shapley_sweep_all_traits/shards/shard_018/body_mass/tmp/shapley_bar_target_5.png
2026-03-04 19:24:35 | INFO | src.tmc_shapley_islands | Saved add-curve plot to outputs/tmc_shapley_sweep_all_traits/shards/shard_018/body_mass/tmp/add_curve_target_5.png
2026-03-04 19:24:35 | INFO | src.tmc_shapley_islands | Saved remove-curve plot to outputs/tmc_shapley_sweep_all_traits/shards/shard_018/body_mass/tmp/remove_curve_target_5.png
2026-03-04 19:24:35 | INFO | __main__ | Shard 18/30 trait=body_mass progress 45/75 | target=5 n_cal_samples=80 perm=150 repeat=6
2026-03-04 19:24:35 | INFO | src.tmc_shapley_islands | [Shapley] Target island: 5 (Hestmannøy), source islands: 15
2026-03-04 19:24:36 | INFO | src.tmc_shapley_islands | Data: source=4619 (across 15 islands), cal=80, test=928
2026-03-04 19:24:36 | INFO | src.tmc_shapley_islands | SNP selection: using fixed precomputed subset (n=20000)
2026-03-04 19:24:36 | INFO | src.tmc_shapley_islands | Island counts (capped to None in training):
  Nesøy: n=119
  Myken: n=92
  Træna: n=292
  Selvær: n=194
  Gjerøy: n=558
  Indre Kvarøy: n=356
  Onøy og Lurøy: n=259
  Lovund: n=158
  Sleneset: n=166
  Aldra: n=173
  Southern 1: n=583
  Southern 2: n=397
  Southern 3: n=584
  Southern 4: n=486
  Southern 5: n=202
2026-03-04 19:24:36 | INFO | src.tmc_shapley_islands | Loaded 910 cached utilities from outputs/tmc_shapley_sweep_all_traits/cache/body_mass/utility_cache_target_5_seed_1045400527.json
2026-03-04 19:24:36 | INFO | src.tmc_shapley_islands | Running TMC-Shapley with 150 permutations (utility on cal set)...
2026-03-04 19:24:36 | INFO | src.tmc_shapley_islands | Computing V_full over all 15 source islands...
2026-03-04 19:24:36 | INFO | src.tmc_shapley_islands | V_full = 0.3328
2026-03-04 19:24:36 | INFO | src.tmc_shapley_islands | TMC head-start: loaded 80 completed permutations from state outputs/tmc_shapley_sweep_all_traits/cache/body_mass/tmc_perm_state_target_5_seed_1045400527.json
2026-03-04 19:26:10 | INFO | src.tmc_shapley_islands | TMC progress: 90/150 permutations done, cache hit rate: 29.8%, n_evals: 106
2026-03-04 19:30:39 | INFO | src.tmc_shapley_islands | TMC progress: 120/150 permutations done, cache hit rate: 31.6%, n_evals: 411
2026-03-04 19:35:00 | INFO | src.tmc_shapley_islands | TMC progress: 150/150 permutations done, cache hit rate: 33.2%, n_evals: 702
2026-03-04 19:35:00 | INFO | src.tmc_shapley_islands | TMC complete: 150 permutations, 0 truncated, 702 utility evals, cache hit rate: 33.2%
2026-03-04 19:35:00 | INFO | src.tmc_shapley_islands | Shapley values (phi, computed on cal set):
2026-03-04 19:35:00 | INFO | src.tmc_shapley_islands |   Nesøy: phi=0.022781, phi/n=0.00019143
2026-03-04 19:35:00 | INFO | src.tmc_shapley_islands |   Myken: phi=0.050153, phi/n=0.00054514
2026-03-04 19:35:00 | INFO | src.tmc_shapley_islands |   Træna: phi=-0.031216, phi/n=-0.00010691
2026-03-04 19:35:00 | INFO | src.tmc_shapley_islands |   Selvær: phi=-0.040635, phi/n=-0.00020946
2026-03-04 19:35:00 | INFO | src.tmc_shapley_islands |   Gjerøy: phi=0.081935, phi/n=0.00014684
2026-03-04 19:35:00 | INFO | src.tmc_shapley_islands |   Indre Kvarøy: phi=0.144925, phi/n=0.00040709
2026-03-04 19:35:00 | INFO | src.tmc_shapley_islands |   Onøy og Lurøy: phi=0.079306, phi/n=0.00030620
2026-03-04 19:35:00 | INFO | src.tmc_shapley_islands |   Lovund: phi=0.032705, phi/n=0.00020699
2026-03-04 19:35:00 | INFO | src.tmc_shapley_islands |   Sleneset: phi=0.008142, phi/n=0.00004905
2026-03-04 19:35:00 | INFO | src.tmc_shapley_islands |   Aldra: phi=0.036657, phi/n=0.00021189
2026-03-04 19:35:00 | INFO | src.tmc_shapley_islands |   Southern 1: phi=-0.001228, phi/n=-0.00000211
2026-03-04 19:35:00 | INFO | src.tmc_shapley_islands |   Southern 2: phi=-0.002239, phi/n=-0.00000564
2026-03-04 19:35:00 | INFO | src.tmc_shapley_islands |   Southern 3: phi=-0.026357, phi/n=-0.00004513
2026-03-04 19:35:00 | INFO | src.tmc_shapley_islands |   Southern 4: phi=-0.021712, phi/n=-0.00004467
2026-03-04 19:35:00 | INFO | src.tmc_shapley_islands |   Southern 5: phi=-0.000386, phi/n=-0.00000191
2026-03-04 19:35:00 | INFO | src.tmc_shapley_islands | Curve retraining early stopping: enabled=True, patience=20
2026-03-04 19:35:00 | INFO | src.tmc_shapley_islands | Computing add-islands curve (evaluated on test set)...
2026-03-04 19:35:00 | INFO | src.tmc_shapley_islands | Add-curve (mean): 1 islands, n=92 -> corr=0.0855
2026-03-04 19:35:00 | INFO | src.tmc_shapley_islands | Add-curve (mean): 2 islands, n=448 -> corr=0.1407
2026-03-04 19:35:01 | INFO | src.tmc_shapley_islands | Add-curve (mean): 3 islands, n=707 -> corr=0.1179
2026-03-04 19:35:01 | INFO | src.tmc_shapley_islands | Add-curve (mean): 4 islands, n=880 -> corr=0.1304
2026-03-04 19:35:02 | INFO | src.tmc_shapley_islands | Add-curve (mean): 5 islands, n=1038 -> corr=0.1382
2026-03-04 19:35:02 | INFO | src.tmc_shapley_islands | Add-curve (mean): 6 islands, n=1157 -> corr=0.1346
2026-03-04 19:35:03 | INFO | src.tmc_shapley_islands | Add-curve (mean): 7 islands, n=1715 -> corr=0.1528
2026-03-04 19:35:04 | INFO | src.tmc_shapley_islands | Add-curve (mean): 8 islands, n=1881 -> corr=0.1506
2026-03-04 19:35:05 | INFO | src.tmc_shapley_islands | Add-curve (mean): 9 islands, n=2083 -> corr=0.1472
2026-03-04 19:35:06 | INFO | src.tmc_shapley_islands | Add-curve (mean): 10 islands, n=2666 -> corr=0.1452
2026-03-04 19:35:07 | INFO | src.tmc_shapley_islands | Add-curve (mean): 11 islands, n=3063 -> corr=0.1459
2026-03-04 19:35:08 | INFO | src.tmc_shapley_islands | Add-curve (mean): 12 islands, n=3549 -> corr=0.1437
2026-03-04 19:35:10 | INFO | src.tmc_shapley_islands | Add-curve (mean): 13 islands, n=4133 -> corr=0.1400
2026-03-04 19:35:12 | INFO | src.tmc_shapley_islands | Add-curve (mean): 14 islands, n=4425 -> corr=0.1461
2026-03-04 19:35:14 | INFO | src.tmc_shapley_islands | Add-curve (mean): 15 islands, n=4619 -> corr=0.1424
2026-03-04 19:35:24 | INFO | src.tmc_shapley_islands | Random individual add-curve (seed=0) complete
2026-03-04 19:35:34 | INFO | src.tmc_shapley_islands | Random individual add-curve (seed=1) complete
2026-03-04 19:35:43 | INFO | src.tmc_shapley_islands | Random individual add-curve (seed=2) complete
2026-03-04 19:35:52 | INFO | src.tmc_shapley_islands | Random individual add-curve (seed=3) complete
2026-03-04 19:36:02 | INFO | src.tmc_shapley_islands | Random individual add-curve (seed=4) complete
2026-03-04 19:36:02 | INFO | src.tmc_shapley_islands | Building mirrored remove-islands curve from add-islands curve...
2026-03-04 19:36:02 | INFO | src.tmc_shapley_islands | Saved Shapley values to outputs/tmc_shapley_sweep_all_traits/shards/shard_018/body_mass/tmp/shapley_island_values_target_5.csv
2026-03-04 19:36:02 | INFO | src.tmc_shapley_islands | Saved summary to outputs/tmc_shapley_sweep_all_traits/shards/shard_018/body_mass/tmp/tmc_summary_target_5.json
2026-03-04 19:36:02 | INFO | src.tmc_shapley_islands | Saved intermediate ranking trace to outputs/tmc_shapley_sweep_all_traits/shards/shard_018/body_mass/tmp/tmc_intermediate_rankings_target_5.csv
2026-03-04 19:36:02 | INFO | src.tmc_shapley_islands | Saved add-curve to outputs/tmc_shapley_sweep_all_traits/shards/shard_018/body_mass/tmp/add_curve_target_5.csv
2026-03-04 19:36:02 | INFO | src.tmc_shapley_islands | Saved remove-curve to outputs/tmc_shapley_sweep_all_traits/shards/shard_018/body_mass/tmp/remove_curve_target_5.csv
2026-03-04 19:36:02 | INFO | src.tmc_shapley_islands | Saved bar plot to outputs/tmc_shapley_sweep_all_traits/shards/shard_018/body_mass/tmp/shapley_bar_target_5.png
2026-03-04 19:36:03 | INFO | src.tmc_shapley_islands | Saved add-curve plot to outputs/tmc_shapley_sweep_all_traits/shards/shard_018/body_mass/tmp/add_curve_target_5.png
2026-03-04 19:36:04 | INFO | src.tmc_shapley_islands | Saved remove-curve plot to outputs/tmc_shapley_sweep_all_traits/shards/shard_018/body_mass/tmp/remove_curve_target_5.png
2026-03-04 19:36:04 | INFO | __main__ | Shard 18/30 trait=body_mass progress 46/75 | target=5 n_cal_samples=150 perm=10 repeat=6
2026-03-04 19:36:04 | INFO | src.tmc_shapley_islands | [Shapley] Target island: 5 (Hestmannøy), source islands: 15
2026-03-04 19:36:04 | INFO | src.tmc_shapley_islands | Data: source=4619 (across 15 islands), cal=150, test=928
2026-03-04 19:36:04 | INFO | src.tmc_shapley_islands | SNP selection: using fixed precomputed subset (n=20000)
2026-03-04 19:36:04 | INFO | src.tmc_shapley_islands | Island counts (capped to None in training):
  Nesøy: n=119
  Myken: n=92
  Træna: n=292
  Selvær: n=194
  Gjerøy: n=558
  Indre Kvarøy: n=356
  Onøy og Lurøy: n=259
  Lovund: n=158
  Sleneset: n=166
  Aldra: n=173
  Southern 1: n=583
  Southern 2: n=397
  Southern 3: n=584
  Southern 4: n=486
  Southern 5: n=202
2026-03-04 19:36:04 | INFO | src.tmc_shapley_islands | Running TMC-Shapley with 10 permutations (utility on cal set)...
2026-03-04 19:36:04 | INFO | src.tmc_shapley_islands | Computing V_full over all 15 source islands...
2026-03-04 19:36:06 | INFO | src.tmc_shapley_islands | V_full = -0.0204
2026-03-04 19:36:33 | INFO | src.tmc_shapley_islands | TMC progress: 2/10 permutations done, cache hit rate: 6.5%, n_evals: 29
2026-03-04 19:36:59 | INFO | src.tmc_shapley_islands | TMC progress: 4/10 permutations done, cache hit rate: 6.6%, n_evals: 57
2026-03-04 19:37:21 | INFO | src.tmc_shapley_islands | TMC progress: 6/10 permutations done, cache hit rate: 7.7%, n_evals: 84
2026-03-04 19:37:42 | INFO | src.tmc_shapley_islands | TMC progress: 8/10 permutations done, cache hit rate: 9.9%, n_evals: 109
2026-03-04 19:38:03 | INFO | src.tmc_shapley_islands | TMC progress: 10/10 permutations done, cache hit rate: 10.6%, n_evals: 135
2026-03-04 19:38:03 | INFO | src.tmc_shapley_islands | TMC complete: 10 permutations, 0 truncated, 135 utility evals, cache hit rate: 10.6%
2026-03-04 19:38:03 | INFO | src.tmc_shapley_islands | Shapley values (phi, computed on cal set):
2026-03-04 19:38:03 | INFO | src.tmc_shapley_islands |   Nesøy: phi=-0.064456, phi/n=-0.00054165
2026-03-04 19:38:03 | INFO | src.tmc_shapley_islands |   Myken: phi=-0.053267, phi/n=-0.00057899
2026-03-04 19:38:03 | INFO | src.tmc_shapley_islands |   Træna: phi=-0.023231, phi/n=-0.00007956
2026-03-04 19:38:03 | INFO | src.tmc_shapley_islands |   Selvær: phi=-0.027387, phi/n=-0.00014117
2026-03-04 19:38:03 | INFO | src.tmc_shapley_islands |   Gjerøy: phi=0.035402, phi/n=0.00006345
2026-03-04 19:38:03 | INFO | src.tmc_shapley_islands |   Indre Kvarøy: phi=0.085285, phi/n=0.00023956
2026-03-04 19:38:03 | INFO | src.tmc_shapley_islands |   Onøy og Lurøy: phi=-0.007875, phi/n=-0.00003041
2026-03-04 19:38:03 | INFO | src.tmc_shapley_islands |   Lovund: phi=0.020890, phi/n=0.00013221
2026-03-04 19:38:03 | INFO | src.tmc_shapley_islands |   Sleneset: phi=-0.028693, phi/n=-0.00017285
2026-03-04 19:38:03 | INFO | src.tmc_shapley_islands |   Aldra: phi=0.005537, phi/n=0.00003200
2026-03-04 19:38:03 | INFO | src.tmc_shapley_islands |   Southern 1: phi=0.060763, phi/n=0.00010423
2026-03-04 19:38:03 | INFO | src.tmc_shapley_islands |   Southern 2: phi=0.026616, phi/n=0.00006704
2026-03-04 19:38:03 | INFO | src.tmc_shapley_islands |   Southern 3: phi=-0.003045, phi/n=-0.00000521
2026-03-04 19:38:03 | INFO | src.tmc_shapley_islands |   Southern 4: phi=-0.030804, phi/n=-0.00006338
2026-03-04 19:38:03 | INFO | src.tmc_shapley_islands |   Southern 5: phi=-0.016170, phi/n=-0.00008005
2026-03-04 19:38:03 | INFO | src.tmc_shapley_islands | Curve retraining early stopping: enabled=True, patience=20
2026-03-04 19:38:03 | INFO | src.tmc_shapley_islands | Computing add-islands curve (evaluated on test set)...
2026-03-04 19:38:03 | INFO | src.tmc_shapley_islands | Add-curve (mean): 1 islands, n=356 -> corr=0.1364
2026-03-04 19:38:03 | INFO | src.tmc_shapley_islands | Add-curve (mean): 2 islands, n=514 -> corr=0.1477
2026-03-04 19:38:04 | INFO | src.tmc_shapley_islands | Add-curve (mean): 3 islands, n=1097 -> corr=0.1424
2026-03-04 19:38:04 | INFO | src.tmc_shapley_islands | Add-curve (mean): 4 islands, n=1494 -> corr=0.1347
2026-03-04 19:38:05 | INFO | src.tmc_shapley_islands | Add-curve (mean): 5 islands, n=2052 -> corr=0.1574
2026-03-04 19:38:06 | INFO | src.tmc_shapley_islands | Add-curve (mean): 6 islands, n=2225 -> corr=0.1707
2026-03-04 19:38:07 | INFO | src.tmc_shapley_islands | Add-curve (mean): 7 islands, n=2809 -> corr=0.1642
2026-03-04 19:38:09 | INFO | src.tmc_shapley_islands | Add-curve (mean): 8 islands, n=3068 -> corr=0.1484
2026-03-04 19:38:10 | INFO | src.tmc_shapley_islands | Add-curve (mean): 9 islands, n=3554 -> corr=0.1510
2026-03-04 19:38:12 | INFO | src.tmc_shapley_islands | Add-curve (mean): 10 islands, n=3846 -> corr=0.1557
2026-03-04 19:38:13 | INFO | src.tmc_shapley_islands | Add-curve (mean): 11 islands, n=4048 -> corr=0.1509
2026-03-04 19:38:15 | INFO | src.tmc_shapley_islands | Add-curve (mean): 12 islands, n=4242 -> corr=0.1494
2026-03-04 19:38:17 | INFO | src.tmc_shapley_islands | Add-curve (mean): 13 islands, n=4408 -> corr=0.1533
2026-03-04 19:38:19 | INFO | src.tmc_shapley_islands | Add-curve (mean): 14 islands, n=4527 -> corr=0.1505
2026-03-04 19:38:21 | INFO | src.tmc_shapley_islands | Add-curve (mean): 15 islands, n=4619 -> corr=0.1604
2026-03-04 19:38:34 | INFO | src.tmc_shapley_islands | Random individual add-curve (seed=0) complete
2026-03-04 19:38:46 | INFO | src.tmc_shapley_islands | Random individual add-curve (seed=1) complete
2026-03-04 19:38:59 | INFO | src.tmc_shapley_islands | Random individual add-curve (seed=2) complete
2026-03-04 19:39:12 | INFO | src.tmc_shapley_islands | Random individual add-curve (seed=3) complete
2026-03-04 19:39:25 | INFO | src.tmc_shapley_islands | Random individual add-curve (seed=4) complete
2026-03-04 19:39:25 | INFO | src.tmc_shapley_islands | Building mirrored remove-islands curve from add-islands curve...
2026-03-04 19:39:25 | INFO | src.tmc_shapley_islands | Saved Shapley values to outputs/tmc_shapley_sweep_all_traits/shards/shard_018/body_mass/tmp/shapley_island_values_target_5.csv
2026-03-04 19:39:25 | INFO | src.tmc_shapley_islands | Saved summary to outputs/tmc_shapley_sweep_all_traits/shards/shard_018/body_mass/tmp/tmc_summary_target_5.json
2026-03-04 19:39:25 | INFO | src.tmc_shapley_islands | Saved intermediate ranking trace to outputs/tmc_shapley_sweep_all_traits/shards/shard_018/body_mass/tmp/tmc_intermediate_rankings_target_5.csv
2026-03-04 19:39:25 | INFO | src.tmc_shapley_islands | Saved add-curve to outputs/tmc_shapley_sweep_all_traits/shards/shard_018/body_mass/tmp/add_curve_target_5.csv
2026-03-04 19:39:25 | INFO | src.tmc_shapley_islands | Saved remove-curve to outputs/tmc_shapley_sweep_all_traits/shards/shard_018/body_mass/tmp/remove_curve_target_5.csv
2026-03-04 19:39:25 | INFO | src.tmc_shapley_islands | Saved bar plot to outputs/tmc_shapley_sweep_all_traits/shards/shard_018/body_mass/tmp/shapley_bar_target_5.png
2026-03-04 19:39:26 | INFO | src.tmc_shapley_islands | Saved add-curve plot to outputs/tmc_shapley_sweep_all_traits/shards/shard_018/body_mass/tmp/add_curve_target_5.png
2026-03-04 19:39:26 | INFO | src.tmc_shapley_islands | Saved remove-curve plot to outputs/tmc_shapley_sweep_all_traits/shards/shard_018/body_mass/tmp/remove_curve_target_5.png
2026-03-04 19:39:26 | INFO | __main__ | Shard 18/30 trait=body_mass progress 47/75 | target=5 n_cal_samples=150 perm=20 repeat=6
2026-03-04 19:39:26 | INFO | src.tmc_shapley_islands | [Shapley] Target island: 5 (Hestmannøy), source islands: 15
2026-03-04 19:39:27 | INFO | src.tmc_shapley_islands | Data: source=4619 (across 15 islands), cal=150, test=928
2026-03-04 19:39:27 | INFO | src.tmc_shapley_islands | SNP selection: using fixed precomputed subset (n=20000)
2026-03-04 19:39:27 | INFO | src.tmc_shapley_islands | Island counts (capped to None in training):
  Nesøy: n=119
  Myken: n=92
  Træna: n=292
  Selvær: n=194
  Gjerøy: n=558
  Indre Kvarøy: n=356
  Onøy og Lurøy: n=259
  Lovund: n=158
  Sleneset: n=166
  Aldra: n=173
  Southern 1: n=583
  Southern 2: n=397
  Southern 3: n=584
  Southern 4: n=486
  Southern 5: n=202
2026-03-04 19:39:27 | INFO | src.tmc_shapley_islands | Loaded 135 cached utilities from outputs/tmc_shapley_sweep_all_traits/cache/body_mass/utility_cache_target_5_seed_1274317247.json
2026-03-04 19:39:27 | INFO | src.tmc_shapley_islands | Running TMC-Shapley with 20 permutations (utility on cal set)...
2026-03-04 19:39:27 | INFO | src.tmc_shapley_islands | Computing V_full over all 15 source islands...
2026-03-04 19:39:27 | INFO | src.tmc_shapley_islands | V_full = -0.0204
2026-03-04 19:39:27 | INFO | src.tmc_shapley_islands | TMC head-start: loaded 10 completed permutations from state outputs/tmc_shapley_sweep_all_traits/cache/body_mass/tmc_perm_state_target_5_seed_1274317247.json
2026-03-04 19:39:51 | INFO | src.tmc_shapley_islands | TMC progress: 12/20 permutations done, cache hit rate: 19.4%, n_evals: 25
2026-03-04 19:40:33 | INFO | src.tmc_shapley_islands | TMC progress: 16/20 permutations done, cache hit rate: 20.9%, n_evals: 72
2026-03-04 19:41:18 | INFO | src.tmc_shapley_islands | TMC progress: 20/20 permutations done, cache hit rate: 19.9%, n_evals: 121
2026-03-04 19:41:18 | INFO | src.tmc_shapley_islands | TMC complete: 20 permutations, 0 truncated, 121 utility evals, cache hit rate: 19.9%
2026-03-04 19:41:18 | INFO | src.tmc_shapley_islands | Shapley values (phi, computed on cal set):
2026-03-04 19:41:18 | INFO | src.tmc_shapley_islands |   Nesøy: phi=-0.062321, phi/n=-0.00052370
2026-03-04 19:41:18 | INFO | src.tmc_shapley_islands |   Myken: phi=-0.046404, phi/n=-0.00050439
2026-03-04 19:41:18 | INFO | src.tmc_shapley_islands |   Træna: phi=-0.023419, phi/n=-0.00008020
2026-03-04 19:41:18 | INFO | src.tmc_shapley_islands |   Selvær: phi=-0.028814, phi/n=-0.00014852
2026-03-04 19:41:18 | INFO | src.tmc_shapley_islands |   Gjerøy: phi=0.030295, phi/n=0.00005429
2026-03-04 19:41:18 | INFO | src.tmc_shapley_islands |   Indre Kvarøy: phi=0.093461, phi/n=0.00026253
2026-03-04 19:41:18 | INFO | src.tmc_shapley_islands |   Onøy og Lurøy: phi=-0.002293, phi/n=-0.00000885
2026-03-04 19:41:18 | INFO | src.tmc_shapley_islands |   Lovund: phi=0.023884, phi/n=0.00015117
2026-03-04 19:41:18 | INFO | src.tmc_shapley_islands |   Sleneset: phi=-0.043086, phi/n=-0.00025955
2026-03-04 19:41:18 | INFO | src.tmc_shapley_islands |   Aldra: phi=0.006024, phi/n=0.00003482
2026-03-04 19:41:18 | INFO | src.tmc_shapley_islands |   Southern 1: phi=0.050659, phi/n=0.00008689
2026-03-04 19:41:18 | INFO | src.tmc_shapley_islands |   Southern 2: phi=0.025991, phi/n=0.00006547
2026-03-04 19:41:18 | INFO | src.tmc_shapley_islands |   Southern 3: phi=0.000423, phi/n=0.00000072
2026-03-04 19:41:18 | INFO | src.tmc_shapley_islands |   Southern 4: phi=-0.028150, phi/n=-0.00005792
2026-03-04 19:41:18 | INFO | src.tmc_shapley_islands |   Southern 5: phi=-0.016688, phi/n=-0.00008261
2026-03-04 19:41:18 | INFO | src.tmc_shapley_islands | Curve retraining early stopping: enabled=True, patience=20
2026-03-04 19:41:18 | INFO | src.tmc_shapley_islands | Computing add-islands curve (evaluated on test set)...
2026-03-04 19:41:18 | INFO | src.tmc_shapley_islands | Add-curve (mean): 1 islands, n=356 -> corr=0.1364
2026-03-04 19:41:19 | INFO | src.tmc_shapley_islands | Add-curve (mean): 2 islands, n=514 -> corr=0.1477
2026-03-04 19:41:19 | INFO | src.tmc_shapley_islands | Add-curve (mean): 3 islands, n=1097 -> corr=0.1424
2026-03-04 19:41:20 | INFO | src.tmc_shapley_islands | Add-curve (mean): 4 islands, n=1494 -> corr=0.1347
2026-03-04 19:41:21 | INFO | src.tmc_shapley_islands | Add-curve (mean): 5 islands, n=2052 -> corr=0.1574
2026-03-04 19:41:22 | INFO | src.tmc_shapley_islands | Add-curve (mean): 6 islands, n=2225 -> corr=0.1707
2026-03-04 19:41:23 | INFO | src.tmc_shapley_islands | Add-curve (mean): 7 islands, n=2809 -> corr=0.1642
2026-03-04 19:41:24 | INFO | src.tmc_shapley_islands | Add-curve (mean): 8 islands, n=3068 -> corr=0.1484
2026-03-04 19:41:25 | INFO | src.tmc_shapley_islands | Add-curve (mean): 9 islands, n=3554 -> corr=0.1510
2026-03-04 19:41:27 | INFO | src.tmc_shapley_islands | Add-curve (mean): 10 islands, n=3846 -> corr=0.1557
2026-03-04 19:41:29 | INFO | src.tmc_shapley_islands | Add-curve (mean): 11 islands, n=4048 -> corr=0.1509
2026-03-04 19:41:31 | INFO | src.tmc_shapley_islands | Add-curve (mean): 12 islands, n=4242 -> corr=0.1494
2026-03-04 19:41:33 | INFO | src.tmc_shapley_islands | Add-curve (mean): 13 islands, n=4408 -> corr=0.1533
2026-03-04 19:41:35 | INFO | src.tmc_shapley_islands | Add-curve (mean): 14 islands, n=4500 -> corr=0.1642
2026-03-04 19:41:37 | INFO | src.tmc_shapley_islands | Add-curve (mean): 15 islands, n=4619 -> corr=0.1604
2026-03-04 19:41:49 | INFO | src.tmc_shapley_islands | Random individual add-curve (seed=0) complete
2026-03-04 19:42:02 | INFO | src.tmc_shapley_islands | Random individual add-curve (seed=1) complete
2026-03-04 19:42:15 | INFO | src.tmc_shapley_islands | Random individual add-curve (seed=2) complete
2026-03-04 19:42:28 | INFO | src.tmc_shapley_islands | Random individual add-curve (seed=3) complete
2026-03-04 19:42:41 | INFO | src.tmc_shapley_islands | Random individual add-curve (seed=4) complete
2026-03-04 19:42:41 | INFO | src.tmc_shapley_islands | Building mirrored remove-islands curve from add-islands curve...
2026-03-04 19:42:41 | INFO | src.tmc_shapley_islands | Saved Shapley values to outputs/tmc_shapley_sweep_all_traits/shards/shard_018/body_mass/tmp/shapley_island_values_target_5.csv
2026-03-04 19:42:41 | INFO | src.tmc_shapley_islands | Saved summary to outputs/tmc_shapley_sweep_all_traits/shards/shard_018/body_mass/tmp/tmc_summary_target_5.json
2026-03-04 19:42:41 | INFO | src.tmc_shapley_islands | Saved intermediate ranking trace to outputs/tmc_shapley_sweep_all_traits/shards/shard_018/body_mass/tmp/tmc_intermediate_rankings_target_5.csv
2026-03-04 19:42:41 | INFO | src.tmc_shapley_islands | Saved add-curve to outputs/tmc_shapley_sweep_all_traits/shards/shard_018/body_mass/tmp/add_curve_target_5.csv
2026-03-04 19:42:41 | INFO | src.tmc_shapley_islands | Saved remove-curve to outputs/tmc_shapley_sweep_all_traits/shards/shard_018/body_mass/tmp/remove_curve_target_5.csv
2026-03-04 19:42:41 | INFO | src.tmc_shapley_islands | Saved bar plot to outputs/tmc_shapley_sweep_all_traits/shards/shard_018/body_mass/tmp/shapley_bar_target_5.png
2026-03-04 19:42:42 | INFO | src.tmc_shapley_islands | Saved add-curve plot to outputs/tmc_shapley_sweep_all_traits/shards/shard_018/body_mass/tmp/add_curve_target_5.png
2026-03-04 19:42:42 | INFO | src.tmc_shapley_islands | Saved remove-curve plot to outputs/tmc_shapley_sweep_all_traits/shards/shard_018/body_mass/tmp/remove_curve_target_5.png
2026-03-04 19:42:42 | INFO | __main__ | Shard 18/30 trait=body_mass progress 48/75 | target=5 n_cal_samples=150 perm=40 repeat=6
2026-03-04 19:42:42 | INFO | src.tmc_shapley_islands | [Shapley] Target island: 5 (Hestmannøy), source islands: 15
2026-03-04 19:42:43 | INFO | src.tmc_shapley_islands | Data: source=4619 (across 15 islands), cal=150, test=928
2026-03-04 19:42:43 | INFO | src.tmc_shapley_islands | SNP selection: using fixed precomputed subset (n=20000)
2026-03-04 19:42:43 | INFO | src.tmc_shapley_islands | Island counts (capped to None in training):
  Nesøy: n=119
  Myken: n=92
  Træna: n=292
  Selvær: n=194
  Gjerøy: n=558
  Indre Kvarøy: n=356
  Onøy og Lurøy: n=259
  Lovund: n=158
  Sleneset: n=166
  Aldra: n=173
  Southern 1: n=583
  Southern 2: n=397
  Southern 3: n=584
  Southern 4: n=486
  Southern 5: n=202
2026-03-04 19:42:43 | INFO | src.tmc_shapley_islands | Loaded 256 cached utilities from outputs/tmc_shapley_sweep_all_traits/cache/body_mass/utility_cache_target_5_seed_1274317247.json
2026-03-04 19:42:43 | INFO | src.tmc_shapley_islands | Running TMC-Shapley with 40 permutations (utility on cal set)...
2026-03-04 19:42:43 | INFO | src.tmc_shapley_islands | Computing V_full over all 15 source islands...
2026-03-04 19:42:43 | INFO | src.tmc_shapley_islands | V_full = -0.0204
2026-03-04 19:42:43 | INFO | src.tmc_shapley_islands | TMC head-start: loaded 20 completed permutations from state outputs/tmc_shapley_sweep_all_traits/cache/body_mass/tmc_perm_state_target_5_seed_1274317247.json
2026-03-04 19:43:25 | INFO | src.tmc_shapley_islands | TMC progress: 24/40 permutations done, cache hit rate: 21.3%, n_evals: 48
2026-03-04 19:44:42 | INFO | src.tmc_shapley_islands | TMC progress: 32/40 permutations done, cache hit rate: 24.3%, n_evals: 137
2026-03-04 19:46:04 | INFO | src.tmc_shapley_islands | TMC progress: 40/40 permutations done, cache hit rate: 24.3%, n_evals: 228
2026-03-04 19:46:04 | INFO | src.tmc_shapley_islands | TMC complete: 40 permutations, 0 truncated, 228 utility evals, cache hit rate: 24.3%
2026-03-04 19:46:04 | INFO | src.tmc_shapley_islands | Shapley values (phi, computed on cal set):
2026-03-04 19:46:04 | INFO | src.tmc_shapley_islands |   Nesøy: phi=-0.068057, phi/n=-0.00057191
2026-03-04 19:46:04 | INFO | src.tmc_shapley_islands |   Myken: phi=-0.046501, phi/n=-0.00050545
2026-03-04 19:46:04 | INFO | src.tmc_shapley_islands |   Træna: phi=-0.020778, phi/n=-0.00007116
2026-03-04 19:46:04 | INFO | src.tmc_shapley_islands |   Selvær: phi=-0.033670, phi/n=-0.00017356
2026-03-04 19:46:04 | INFO | src.tmc_shapley_islands |   Gjerøy: phi=0.039808, phi/n=0.00007134
2026-03-04 19:46:04 | INFO | src.tmc_shapley_islands |   Indre Kvarøy: phi=0.089035, phi/n=0.00025010
2026-03-04 19:46:04 | INFO | src.tmc_shapley_islands |   Onøy og Lurøy: phi=-0.001183, phi/n=-0.00000457
2026-03-04 19:46:04 | INFO | src.tmc_shapley_islands |   Lovund: phi=0.024072, phi/n=0.00015236
2026-03-04 19:46:04 | INFO | src.tmc_shapley_islands |   Sleneset: phi=-0.047390, phi/n=-0.00028548
2026-03-04 19:46:04 | INFO | src.tmc_shapley_islands |   Aldra: phi=0.006760, phi/n=0.00003908
2026-03-04 19:46:04 | INFO | src.tmc_shapley_islands |   Southern 1: phi=0.048473, phi/n=0.00008314
2026-03-04 19:46:04 | INFO | src.tmc_shapley_islands |   Southern 2: phi=0.025562, phi/n=0.00006439
2026-03-04 19:46:04 | INFO | src.tmc_shapley_islands |   Southern 3: phi=0.000573, phi/n=0.00000098
2026-03-04 19:46:04 | INFO | src.tmc_shapley_islands |   Southern 4: phi=-0.024556, phi/n=-0.00005053
2026-03-04 19:46:04 | INFO | src.tmc_shapley_islands |   Southern 5: phi=-0.012586, phi/n=-0.00006231
2026-03-04 19:46:04 | INFO | src.tmc_shapley_islands | Curve retraining early stopping: enabled=True, patience=20
2026-03-04 19:46:04 | INFO | src.tmc_shapley_islands | Computing add-islands curve (evaluated on test set)...
2026-03-04 19:46:04 | INFO | src.tmc_shapley_islands | Add-curve (mean): 1 islands, n=356 -> corr=0.1364
2026-03-04 19:46:04 | INFO | src.tmc_shapley_islands | Add-curve (mean): 2 islands, n=514 -> corr=0.1477
2026-03-04 19:46:05 | INFO | src.tmc_shapley_islands | Add-curve (mean): 3 islands, n=1097 -> corr=0.1424
2026-03-04 19:46:06 | INFO | src.tmc_shapley_islands | Add-curve (mean): 4 islands, n=1655 -> corr=0.1607
2026-03-04 19:46:07 | INFO | src.tmc_shapley_islands | Add-curve (mean): 5 islands, n=2052 -> corr=0.1574
2026-03-04 19:46:08 | INFO | src.tmc_shapley_islands | Add-curve (mean): 6 islands, n=2225 -> corr=0.1707
2026-03-04 19:46:09 | INFO | src.tmc_shapley_islands | Add-curve (mean): 7 islands, n=2809 -> corr=0.1642
2026-03-04 19:46:10 | INFO | src.tmc_shapley_islands | Add-curve (mean): 8 islands, n=3068 -> corr=0.1484
2026-03-04 19:46:11 | INFO | src.tmc_shapley_islands | Add-curve (mean): 9 islands, n=3554 -> corr=0.1510
2026-03-04 19:46:13 | INFO | src.tmc_shapley_islands | Add-curve (mean): 10 islands, n=3756 -> corr=0.1456
2026-03-04 19:46:15 | INFO | src.tmc_shapley_islands | Add-curve (mean): 11 islands, n=4048 -> corr=0.1509
2026-03-04 19:46:16 | INFO | src.tmc_shapley_islands | Add-curve (mean): 12 islands, n=4242 -> corr=0.1494
2026-03-04 19:46:18 | INFO | src.tmc_shapley_islands | Add-curve (mean): 13 islands, n=4408 -> corr=0.1533
2026-03-04 19:46:20 | INFO | src.tmc_shapley_islands | Add-curve (mean): 14 islands, n=4500 -> corr=0.1642
2026-03-04 19:46:22 | INFO | src.tmc_shapley_islands | Add-curve (mean): 15 islands, n=4619 -> corr=0.1604
2026-03-04 19:46:35 | INFO | src.tmc_shapley_islands | Random individual add-curve (seed=0) complete
2026-03-04 19:46:48 | INFO | src.tmc_shapley_islands | Random individual add-curve (seed=1) complete
2026-03-04 19:47:01 | INFO | src.tmc_shapley_islands | Random individual add-curve (seed=2) complete
2026-03-04 19:47:14 | INFO | src.tmc_shapley_islands | Random individual add-curve (seed=3) complete
2026-03-04 19:47:26 | INFO | src.tmc_shapley_islands | Random individual add-curve (seed=4) complete
2026-03-04 19:47:26 | INFO | src.tmc_shapley_islands | Building mirrored remove-islands curve from add-islands curve...
2026-03-04 19:47:26 | INFO | src.tmc_shapley_islands | Saved Shapley values to outputs/tmc_shapley_sweep_all_traits/shards/shard_018/body_mass/tmp/shapley_island_values_target_5.csv
2026-03-04 19:47:26 | INFO | src.tmc_shapley_islands | Saved summary to outputs/tmc_shapley_sweep_all_traits/shards/shard_018/body_mass/tmp/tmc_summary_target_5.json
2026-03-04 19:47:26 | INFO | src.tmc_shapley_islands | Saved intermediate ranking trace to outputs/tmc_shapley_sweep_all_traits/shards/shard_018/body_mass/tmp/tmc_intermediate_rankings_target_5.csv
2026-03-04 19:47:26 | INFO | src.tmc_shapley_islands | Saved add-curve to outputs/tmc_shapley_sweep_all_traits/shards/shard_018/body_mass/tmp/add_curve_target_5.csv
2026-03-04 19:47:26 | INFO | src.tmc_shapley_islands | Saved remove-curve to outputs/tmc_shapley_sweep_all_traits/shards/shard_018/body_mass/tmp/remove_curve_target_5.csv
2026-03-04 19:47:27 | INFO | src.tmc_shapley_islands | Saved bar plot to outputs/tmc_shapley_sweep_all_traits/shards/shard_018/body_mass/tmp/shapley_bar_target_5.png
2026-03-04 19:47:27 | INFO | src.tmc_shapley_islands | Saved add-curve plot to outputs/tmc_shapley_sweep_all_traits/shards/shard_018/body_mass/tmp/add_curve_target_5.png
2026-03-04 19:47:28 | INFO | src.tmc_shapley_islands | Saved remove-curve plot to outputs/tmc_shapley_sweep_all_traits/shards/shard_018/body_mass/tmp/remove_curve_target_5.png
2026-03-04 19:47:28 | INFO | __main__ | Shard 18/30 trait=body_mass progress 49/75 | target=5 n_cal_samples=150 perm=80 repeat=6
2026-03-04 19:47:28 | INFO | src.tmc_shapley_islands | [Shapley] Target island: 5 (Hestmannøy), source islands: 15
2026-03-04 19:47:29 | INFO | src.tmc_shapley_islands | Data: source=4619 (across 15 islands), cal=150, test=928
2026-03-04 19:47:29 | INFO | src.tmc_shapley_islands | SNP selection: using fixed precomputed subset (n=20000)
2026-03-04 19:47:29 | INFO | src.tmc_shapley_islands | Island counts (capped to None in training):
  Nesøy: n=119
  Myken: n=92
  Træna: n=292
  Selvær: n=194
  Gjerøy: n=558
  Indre Kvarøy: n=356
  Onøy og Lurøy: n=259
  Lovund: n=158
  Sleneset: n=166
  Aldra: n=173
  Southern 1: n=583
  Southern 2: n=397
  Southern 3: n=584
  Southern 4: n=486
  Southern 5: n=202
2026-03-04 19:47:29 | INFO | src.tmc_shapley_islands | Loaded 484 cached utilities from outputs/tmc_shapley_sweep_all_traits/cache/body_mass/utility_cache_target_5_seed_1274317247.json
2026-03-04 19:47:29 | INFO | src.tmc_shapley_islands | Running TMC-Shapley with 80 permutations (utility on cal set)...
2026-03-04 19:47:29 | INFO | src.tmc_shapley_islands | Computing V_full over all 15 source islands...
2026-03-04 19:47:29 | INFO | src.tmc_shapley_islands | V_full = -0.0204
2026-03-04 19:47:29 | INFO | src.tmc_shapley_islands | TMC head-start: loaded 40 completed permutations from state outputs/tmc_shapley_sweep_all_traits/cache/body_mass/tmc_perm_state_target_5_seed_1274317247.json
2026-03-04 19:48:51 | INFO | src.tmc_shapley_islands | TMC progress: 48/80 permutations done, cache hit rate: 22.3%, n_evals: 94
2026-03-04 19:51:25 | INFO | src.tmc_shapley_islands | TMC progress: 64/80 permutations done, cache hit rate: 25.2%, n_evals: 270
2026-03-04 19:53:54 | INFO | src.tmc_shapley_islands | TMC progress: 80/80 permutations done, cache hit rate: 26.6%, n_evals: 441
2026-03-04 19:53:54 | INFO | src.tmc_shapley_islands | TMC complete: 80 permutations, 0 truncated, 441 utility evals, cache hit rate: 26.6%
2026-03-04 19:53:54 | INFO | src.tmc_shapley_islands | Shapley values (phi, computed on cal set):
2026-03-04 19:53:54 | INFO | src.tmc_shapley_islands |   Nesøy: phi=-0.069738, phi/n=-0.00058603
2026-03-04 19:53:54 | INFO | src.tmc_shapley_islands |   Myken: phi=-0.042302, phi/n=-0.00045980
2026-03-04 19:53:54 | INFO | src.tmc_shapley_islands |   Træna: phi=-0.017258, phi/n=-0.00005910
2026-03-04 19:53:54 | INFO | src.tmc_shapley_islands |   Selvær: phi=-0.033929, phi/n=-0.00017489
2026-03-04 19:53:54 | INFO | src.tmc_shapley_islands |   Gjerøy: phi=0.034839, phi/n=0.00006244
2026-03-04 19:53:54 | INFO | src.tmc_shapley_islands |   Indre Kvarøy: phi=0.091095, phi/n=0.00025589
2026-03-04 19:53:54 | INFO | src.tmc_shapley_islands |   Onøy og Lurøy: phi=-0.002701, phi/n=-0.00001043
2026-03-04 19:53:54 | INFO | src.tmc_shapley_islands |   Lovund: phi=0.024502, phi/n=0.00015508
2026-03-04 19:53:54 | INFO | src.tmc_shapley_islands |   Sleneset: phi=-0.047368, phi/n=-0.00028535
2026-03-04 19:53:54 | INFO | src.tmc_shapley_islands |   Aldra: phi=0.006215, phi/n=0.00003592
2026-03-04 19:53:54 | INFO | src.tmc_shapley_islands |   Southern 1: phi=0.048528, phi/n=0.00008324
2026-03-04 19:53:54 | INFO | src.tmc_shapley_islands |   Southern 2: phi=0.027474, phi/n=0.00006920
2026-03-04 19:53:54 | INFO | src.tmc_shapley_islands |   Southern 3: phi=0.000479, phi/n=0.00000082
2026-03-04 19:53:54 | INFO | src.tmc_shapley_islands |   Southern 4: phi=-0.027053, phi/n=-0.00005566
2026-03-04 19:53:54 | INFO | src.tmc_shapley_islands |   Southern 5: phi=-0.013221, phi/n=-0.00006545
2026-03-04 19:53:54 | INFO | src.tmc_shapley_islands | Curve retraining early stopping: enabled=True, patience=20
2026-03-04 19:53:54 | INFO | src.tmc_shapley_islands | Computing add-islands curve (evaluated on test set)...
2026-03-04 19:53:54 | INFO | src.tmc_shapley_islands | Add-curve (mean): 1 islands, n=356 -> corr=0.1364
2026-03-04 19:53:55 | INFO | src.tmc_shapley_islands | Add-curve (mean): 2 islands, n=514 -> corr=0.1477
2026-03-04 19:53:55 | INFO | src.tmc_shapley_islands | Add-curve (mean): 3 islands, n=1097 -> corr=0.1424
2026-03-04 19:53:56 | INFO | src.tmc_shapley_islands | Add-curve (mean): 4 islands, n=1494 -> corr=0.1347
2026-03-04 19:53:57 | INFO | src.tmc_shapley_islands | Add-curve (mean): 5 islands, n=2052 -> corr=0.1574
2026-03-04 19:53:58 | INFO | src.tmc_shapley_islands | Add-curve (mean): 6 islands, n=2225 -> corr=0.1707
2026-03-04 19:53:59 | INFO | src.tmc_shapley_islands | Add-curve (mean): 7 islands, n=2809 -> corr=0.1642
2026-03-04 19:54:00 | INFO | src.tmc_shapley_islands | Add-curve (mean): 8 islands, n=3068 -> corr=0.1484
2026-03-04 19:54:02 | INFO | src.tmc_shapley_islands | Add-curve (mean): 9 islands, n=3554 -> corr=0.1510
2026-03-04 19:54:03 | INFO | src.tmc_shapley_islands | Add-curve (mean): 10 islands, n=3846 -> corr=0.1557
2026-03-04 19:54:05 | INFO | src.tmc_shapley_islands | Add-curve (mean): 11 islands, n=4048 -> corr=0.1509
2026-03-04 19:54:07 | INFO | src.tmc_shapley_islands | Add-curve (mean): 12 islands, n=4242 -> corr=0.1494
2026-03-04 19:54:09 | INFO | src.tmc_shapley_islands | Add-curve (mean): 13 islands, n=4408 -> corr=0.1533
2026-03-04 19:54:11 | INFO | src.tmc_shapley_islands | Add-curve (mean): 14 islands, n=4500 -> corr=0.1642
2026-03-04 19:54:13 | INFO | src.tmc_shapley_islands | Add-curve (mean): 15 islands, n=4619 -> corr=0.1604
2026-03-04 19:54:26 | INFO | src.tmc_shapley_islands | Random individual add-curve (seed=0) complete
2026-03-04 19:54:39 | INFO | src.tmc_shapley_islands | Random individual add-curve (seed=1) complete
2026-03-04 19:54:52 | INFO | src.tmc_shapley_islands | Random individual add-curve (seed=2) complete
2026-03-04 19:55:05 | INFO | src.tmc_shapley_islands | Random individual add-curve (seed=3) complete
2026-03-04 19:55:17 | INFO | src.tmc_shapley_islands | Random individual add-curve (seed=4) complete
2026-03-04 19:55:17 | INFO | src.tmc_shapley_islands | Building mirrored remove-islands curve from add-islands curve...
2026-03-04 19:55:17 | INFO | src.tmc_shapley_islands | Saved Shapley values to outputs/tmc_shapley_sweep_all_traits/shards/shard_018/body_mass/tmp/shapley_island_values_target_5.csv
2026-03-04 19:55:17 | INFO | src.tmc_shapley_islands | Saved summary to outputs/tmc_shapley_sweep_all_traits/shards/shard_018/body_mass/tmp/tmc_summary_target_5.json
2026-03-04 19:55:17 | INFO | src.tmc_shapley_islands | Saved intermediate ranking trace to outputs/tmc_shapley_sweep_all_traits/shards/shard_018/body_mass/tmp/tmc_intermediate_rankings_target_5.csv
2026-03-04 19:55:17 | INFO | src.tmc_shapley_islands | Saved add-curve to outputs/tmc_shapley_sweep_all_traits/shards/shard_018/body_mass/tmp/add_curve_target_5.csv
2026-03-04 19:55:17 | INFO | src.tmc_shapley_islands | Saved remove-curve to outputs/tmc_shapley_sweep_all_traits/shards/shard_018/body_mass/tmp/remove_curve_target_5.csv
2026-03-04 19:55:18 | INFO | src.tmc_shapley_islands | Saved bar plot to outputs/tmc_shapley_sweep_all_traits/shards/shard_018/body_mass/tmp/shapley_bar_target_5.png
2026-03-04 19:55:19 | INFO | src.tmc_shapley_islands | Saved add-curve plot to outputs/tmc_shapley_sweep_all_traits/shards/shard_018/body_mass/tmp/add_curve_target_5.png
2026-03-04 19:55:19 | INFO | src.tmc_shapley_islands | Saved remove-curve plot to outputs/tmc_shapley_sweep_all_traits/shards/shard_018/body_mass/tmp/remove_curve_target_5.png
2026-03-04 19:55:19 | INFO | __main__ | Shard 18/30 trait=body_mass progress 50/75 | target=5 n_cal_samples=150 perm=150 repeat=6
2026-03-04 19:55:19 | INFO | src.tmc_shapley_islands | [Shapley] Target island: 5 (Hestmannøy), source islands: 15
2026-03-04 19:55:20 | INFO | src.tmc_shapley_islands | Data: source=4619 (across 15 islands), cal=150, test=928
2026-03-04 19:55:20 | INFO | src.tmc_shapley_islands | SNP selection: using fixed precomputed subset (n=20000)
2026-03-04 19:55:20 | INFO | src.tmc_shapley_islands | Island counts (capped to None in training):
  Nesøy: n=119
  Myken: n=92
  Træna: n=292
  Selvær: n=194
  Gjerøy: n=558
  Indre Kvarøy: n=356
  Onøy og Lurøy: n=259
  Lovund: n=158
  Sleneset: n=166
  Aldra: n=173
  Southern 1: n=583
  Southern 2: n=397
  Southern 3: n=584
  Southern 4: n=486
  Southern 5: n=202
2026-03-04 19:55:20 | INFO | src.tmc_shapley_islands | Loaded 925 cached utilities from outputs/tmc_shapley_sweep_all_traits/cache/body_mass/utility_cache_target_5_seed_1274317247.json
2026-03-04 19:55:20 | INFO | src.tmc_shapley_islands | Running TMC-Shapley with 150 permutations (utility on cal set)...
2026-03-04 19:55:20 | INFO | src.tmc_shapley_islands | Computing V_full over all 15 source islands...
2026-03-04 19:55:20 | INFO | src.tmc_shapley_islands | V_full = -0.0204
2026-03-04 19:55:20 | INFO | src.tmc_shapley_islands | TMC head-start: loaded 80 completed permutations from state outputs/tmc_shapley_sweep_all_traits/cache/body_mass/tmc_perm_state_target_5_seed_1274317247.json
2026-03-04 19:56:52 | INFO | src.tmc_shapley_islands | TMC progress: 90/150 permutations done, cache hit rate: 33.1%, n_evals: 101
2026-03-04 20:01:27 | INFO | src.tmc_shapley_islands | TMC progress: 120/150 permutations done, cache hit rate: 33.3%, n_evals: 401
2026-03-04 20:05:49 | INFO | src.tmc_shapley_islands | TMC progress: 150/150 permutations done, cache hit rate: 34.5%, n_evals: 688
2026-03-04 20:05:49 | INFO | src.tmc_shapley_islands | TMC complete: 150 permutations, 0 truncated, 688 utility evals, cache hit rate: 34.5%
2026-03-04 20:05:49 | INFO | src.tmc_shapley_islands | Shapley values (phi, computed on cal set):
2026-03-04 20:05:49 | INFO | src.tmc_shapley_islands |   Nesøy: phi=-0.067537, phi/n=-0.00056754
2026-03-04 20:05:49 | INFO | src.tmc_shapley_islands |   Myken: phi=-0.039314, phi/n=-0.00042732
2026-03-04 20:05:49 | INFO | src.tmc_shapley_islands |   Træna: phi=-0.017173, phi/n=-0.00005881
2026-03-04 20:05:49 | INFO | src.tmc_shapley_islands |   Selvær: phi=-0.033036, phi/n=-0.00017029
2026-03-04 20:05:49 | INFO | src.tmc_shapley_islands |   Gjerøy: phi=0.033555, phi/n=0.00006013
2026-03-04 20:05:49 | INFO | src.tmc_shapley_islands |   Indre Kvarøy: phi=0.090947, phi/n=0.00025547
2026-03-04 20:05:49 | INFO | src.tmc_shapley_islands |   Onøy og Lurøy: phi=-0.003566, phi/n=-0.00001377
2026-03-04 20:05:49 | INFO | src.tmc_shapley_islands |   Lovund: phi=0.022468, phi/n=0.00014220
2026-03-04 20:05:49 | INFO | src.tmc_shapley_islands |   Sleneset: phi=-0.045085, phi/n=-0.00027160
2026-03-04 20:05:49 | INFO | src.tmc_shapley_islands |   Aldra: phi=0.005717, phi/n=0.00003305
2026-03-04 20:05:49 | INFO | src.tmc_shapley_islands |   Southern 1: phi=0.043569, phi/n=0.00007473
2026-03-04 20:05:49 | INFO | src.tmc_shapley_islands |   Southern 2: phi=0.028727, phi/n=0.00007236
2026-03-04 20:05:49 | INFO | src.tmc_shapley_islands |   Southern 3: phi=0.000029, phi/n=0.00000005
2026-03-04 20:05:49 | INFO | src.tmc_shapley_islands |   Southern 4: phi=-0.026990, phi/n=-0.00005554
2026-03-04 20:05:49 | INFO | src.tmc_shapley_islands |   Southern 5: phi=-0.012749, phi/n=-0.00006311
2026-03-04 20:05:49 | INFO | src.tmc_shapley_islands | Curve retraining early stopping: enabled=True, patience=20
2026-03-04 20:05:49 | INFO | src.tmc_shapley_islands | Computing add-islands curve (evaluated on test set)...
2026-03-04 20:05:49 | INFO | src.tmc_shapley_islands | Add-curve (mean): 1 islands, n=356 -> corr=0.1364
2026-03-04 20:05:49 | INFO | src.tmc_shapley_islands | Add-curve (mean): 2 islands, n=514 -> corr=0.1477
2026-03-04 20:05:50 | INFO | src.tmc_shapley_islands | Add-curve (mean): 3 islands, n=1097 -> corr=0.1424
2026-03-04 20:05:51 | INFO | src.tmc_shapley_islands | Add-curve (mean): 4 islands, n=1494 -> corr=0.1347
2026-03-04 20:05:51 | INFO | src.tmc_shapley_islands | Add-curve (mean): 5 islands, n=2052 -> corr=0.1574
2026-03-04 20:05:52 | INFO | src.tmc_shapley_islands | Add-curve (mean): 6 islands, n=2225 -> corr=0.1707
2026-03-04 20:05:54 | INFO | src.tmc_shapley_islands | Add-curve (mean): 7 islands, n=2809 -> corr=0.1642
2026-03-04 20:05:55 | INFO | src.tmc_shapley_islands | Add-curve (mean): 8 islands, n=3068 -> corr=0.1484
2026-03-04 20:05:56 | INFO | src.tmc_shapley_islands | Add-curve (mean): 9 islands, n=3554 -> corr=0.1510
2026-03-04 20:05:58 | INFO | src.tmc_shapley_islands | Add-curve (mean): 10 islands, n=3846 -> corr=0.1557
2026-03-04 20:05:59 | INFO | src.tmc_shapley_islands | Add-curve (mean): 11 islands, n=4048 -> corr=0.1509
2026-03-04 20:06:01 | INFO | src.tmc_shapley_islands | Add-curve (mean): 12 islands, n=4242 -> corr=0.1494
2026-03-04 20:06:03 | INFO | src.tmc_shapley_islands | Add-curve (mean): 13 islands, n=4408 -> corr=0.1533
2026-03-04 20:06:05 | INFO | src.tmc_shapley_islands | Add-curve (mean): 14 islands, n=4500 -> corr=0.1642
2026-03-04 20:06:07 | INFO | src.tmc_shapley_islands | Add-curve (mean): 15 islands, n=4619 -> corr=0.1604
2026-03-04 20:06:20 | INFO | src.tmc_shapley_islands | Random individual add-curve (seed=0) complete
2026-03-04 20:06:33 | INFO | src.tmc_shapley_islands | Random individual add-curve (seed=1) complete
2026-03-04 20:06:46 | INFO | src.tmc_shapley_islands | Random individual add-curve (seed=2) complete
2026-03-04 20:06:58 | INFO | src.tmc_shapley_islands | Random individual add-curve (seed=3) complete
2026-03-04 20:07:11 | INFO | src.tmc_shapley_islands | Random individual add-curve (seed=4) complete
2026-03-04 20:07:11 | INFO | src.tmc_shapley_islands | Building mirrored remove-islands curve from add-islands curve...
2026-03-04 20:07:11 | INFO | src.tmc_shapley_islands | Saved Shapley values to outputs/tmc_shapley_sweep_all_traits/shards/shard_018/body_mass/tmp/shapley_island_values_target_5.csv
2026-03-04 20:07:11 | INFO | src.tmc_shapley_islands | Saved summary to outputs/tmc_shapley_sweep_all_traits/shards/shard_018/body_mass/tmp/tmc_summary_target_5.json
2026-03-04 20:07:11 | INFO | src.tmc_shapley_islands | Saved intermediate ranking trace to outputs/tmc_shapley_sweep_all_traits/shards/shard_018/body_mass/tmp/tmc_intermediate_rankings_target_5.csv
2026-03-04 20:07:11 | INFO | src.tmc_shapley_islands | Saved add-curve to outputs/tmc_shapley_sweep_all_traits/shards/shard_018/body_mass/tmp/add_curve_target_5.csv
2026-03-04 20:07:11 | INFO | src.tmc_shapley_islands | Saved remove-curve to outputs/tmc_shapley_sweep_all_traits/shards/shard_018/body_mass/tmp/remove_curve_target_5.csv
2026-03-04 20:07:12 | INFO | src.tmc_shapley_islands | Saved bar plot to outputs/tmc_shapley_sweep_all_traits/shards/shard_018/body_mass/tmp/shapley_bar_target_5.png
2026-03-04 20:07:12 | INFO | src.tmc_shapley_islands | Saved add-curve plot to outputs/tmc_shapley_sweep_all_traits/shards/shard_018/body_mass/tmp/add_curve_target_5.png
2026-03-04 20:07:13 | INFO | src.tmc_shapley_islands | Saved remove-curve plot to outputs/tmc_shapley_sweep_all_traits/shards/shard_018/body_mass/tmp/remove_curve_target_5.png
2026-03-04 20:07:13 | INFO | __main__ | Shard 18/30 trait=body_mass progress 51/75 | target=14 n_cal_samples=10 perm=10 repeat=6
2026-03-04 20:07:13 | INFO | src.tmc_shapley_islands | [Shapley] Target island: 14 (Southern 4), source islands: 15
2026-03-04 20:07:14 | INFO | src.tmc_shapley_islands | Data: source=5211 (across 15 islands), cal=10, test=336
2026-03-04 20:07:14 | INFO | src.tmc_shapley_islands | SNP selection: using fixed precomputed subset (n=20000)
2026-03-04 20:07:14 | INFO | src.tmc_shapley_islands | Island counts (capped to None in training):
  Nesøy: n=119
  Myken: n=92
  Træna: n=292
  Selvær: n=194
  Gjerøy: n=558
  Hestmannøy: n=1078
  Indre Kvarøy: n=356
  Onøy og Lurøy: n=259
  Lovund: n=158
  Sleneset: n=166
  Aldra: n=173
  Southern 1: n=583
  Southern 2: n=397
  Southern 3: n=584
  Southern 5: n=202
2026-03-04 20:07:14 | INFO | src.tmc_shapley_islands | Running TMC-Shapley with 10 permutations (utility on cal set)...
2026-03-04 20:07:14 | INFO | src.tmc_shapley_islands | Computing V_full over all 15 source islands...
2026-03-04 20:07:16 | INFO | src.tmc_shapley_islands | V_full = 0.3444
2026-03-04 20:07:47 | INFO | src.tmc_shapley_islands | TMC progress: 2/10 permutations done, cache hit rate: 6.5%, n_evals: 29
2026-03-04 20:08:11 | INFO | src.tmc_shapley_islands | TMC progress: 4/10 permutations done, cache hit rate: 8.2%, n_evals: 56
2026-03-04 20:08:40 | INFO | src.tmc_shapley_islands | TMC progress: 6/10 permutations done, cache hit rate: 7.7%, n_evals: 84
2026-03-04 20:09:08 | INFO | src.tmc_shapley_islands | TMC progress: 8/10 permutations done, cache hit rate: 10.7%, n_evals: 108
2026-03-04 20:09:29 | INFO | src.tmc_shapley_islands | TMC progress: 10/10 permutations done, cache hit rate: 12.6%, n_evals: 132
2026-03-04 20:09:29 | INFO | src.tmc_shapley_islands | TMC complete: 10 permutations, 0 truncated, 132 utility evals, cache hit rate: 12.6%
2026-03-04 20:09:29 | INFO | src.tmc_shapley_islands | Shapley values (phi, computed on cal set):
2026-03-04 20:09:29 | INFO | src.tmc_shapley_islands |   Nesøy: phi=0.019448, phi/n=0.00016342
2026-03-04 20:09:29 | INFO | src.tmc_shapley_islands |   Myken: phi=-0.276551, phi/n=-0.00300599
2026-03-04 20:09:29 | INFO | src.tmc_shapley_islands |   Træna: phi=0.058127, phi/n=0.00019907
2026-03-04 20:09:29 | INFO | src.tmc_shapley_islands |   Selvær: phi=0.101762, phi/n=0.00052454
2026-03-04 20:09:29 | INFO | src.tmc_shapley_islands |   Gjerøy: phi=0.111892, phi/n=0.00020052
2026-03-04 20:09:29 | INFO | src.tmc_shapley_islands |   Hestmannøy: phi=-0.269015, phi/n=-0.00024955
2026-03-04 20:09:29 | INFO | src.tmc_shapley_islands |   Indre Kvarøy: phi=0.213688, phi/n=0.00060025
2026-03-04 20:09:29 | INFO | src.tmc_shapley_islands |   Onøy og Lurøy: phi=-0.069108, phi/n=-0.00026683
2026-03-04 20:09:29 | INFO | src.tmc_shapley_islands |   Lovund: phi=0.075307, phi/n=0.00047663
2026-03-04 20:09:29 | INFO | src.tmc_shapley_islands |   Sleneset: phi=-0.005707, phi/n=-0.00003438
2026-03-04 20:09:29 | INFO | src.tmc_shapley_islands |   Aldra: phi=-0.105744, phi/n=-0.00061124
2026-03-04 20:09:29 | INFO | src.tmc_shapley_islands |   Southern 1: phi=-0.170717, phi/n=-0.00029282
2026-03-04 20:09:29 | INFO | src.tmc_shapley_islands |   Southern 2: phi=0.611157, phi/n=0.00153944
2026-03-04 20:09:29 | INFO | src.tmc_shapley_islands |   Southern 3: phi=-0.005841, phi/n=-0.00001000
2026-03-04 20:09:29 | INFO | src.tmc_shapley_islands |   Southern 5: phi=0.055659, phi/n=0.00027554
2026-03-04 20:09:29 | INFO | src.tmc_shapley_islands | Curve retraining early stopping: enabled=True, patience=20
2026-03-04 20:09:29 | INFO | src.tmc_shapley_islands | Computing add-islands curve (evaluated on test set)...
2026-03-04 20:09:29 | INFO | src.tmc_shapley_islands | Add-curve (mean): 1 islands, n=397 -> corr=0.0829
2026-03-04 20:09:30 | INFO | src.tmc_shapley_islands | Add-curve (mean): 2 islands, n=753 -> corr=0.0846
2026-03-04 20:09:30 | INFO | src.tmc_shapley_islands | Add-curve (mean): 3 islands, n=947 -> corr=0.0904
2026-03-04 20:09:31 | INFO | src.tmc_shapley_islands | Add-curve (mean): 4 islands, n=1105 -> corr=0.0925
2026-03-04 20:09:31 | INFO | src.tmc_shapley_islands | Add-curve (mean): 5 islands, n=1307 -> corr=0.1271
2026-03-04 20:09:32 | INFO | src.tmc_shapley_islands | Add-curve (mean): 6 islands, n=1865 -> corr=0.1256
2026-03-04 20:09:33 | INFO | src.tmc_shapley_islands | Add-curve (mean): 7 islands, n=2157 -> corr=0.1241
2026-03-04 20:09:34 | INFO | src.tmc_shapley_islands | Add-curve (mean): 8 islands, n=2276 -> corr=0.1243
2026-03-04 20:09:35 | INFO | src.tmc_shapley_islands | Add-curve (mean): 9 islands, n=2860 -> corr=0.1559
2026-03-04 20:09:36 | INFO | src.tmc_shapley_islands | Add-curve (mean): 10 islands, n=3026 -> corr=0.1656
2026-03-04 20:09:38 | INFO | src.tmc_shapley_islands | Add-curve (mean): 11 islands, n=4104 -> corr=0.1546
2026-03-04 20:09:39 | INFO | src.tmc_shapley_islands | Add-curve (mean): 12 islands, n=4363 -> corr=0.1690
2026-03-04 20:09:42 | INFO | src.tmc_shapley_islands | Add-curve (mean): 13 islands, n=4946 -> corr=0.1922
2026-03-04 20:09:44 | INFO | src.tmc_shapley_islands | Add-curve (mean): 14 islands, n=5119 -> corr=0.1869
2026-03-04 20:09:46 | INFO | src.tmc_shapley_islands | Add-curve (mean): 15 islands, n=5211 -> corr=0.1797
2026-03-04 20:09:58 | INFO | src.tmc_shapley_islands | Random individual add-curve (seed=0) complete
2026-03-04 20:10:10 | INFO | src.tmc_shapley_islands | Random individual add-curve (seed=1) complete
2026-03-04 20:10:21 | INFO | src.tmc_shapley_islands | Random individual add-curve (seed=2) complete
2026-03-04 20:10:33 | INFO | src.tmc_shapley_islands | Random individual add-curve (seed=3) complete
2026-03-04 20:10:44 | INFO | src.tmc_shapley_islands | Random individual add-curve (seed=4) complete
2026-03-04 20:10:44 | INFO | src.tmc_shapley_islands | Building mirrored remove-islands curve from add-islands curve...
2026-03-04 20:10:44 | INFO | src.tmc_shapley_islands | Saved Shapley values to outputs/tmc_shapley_sweep_all_traits/shards/shard_018/body_mass/tmp/shapley_island_values_target_14.csv
2026-03-04 20:10:44 | INFO | src.tmc_shapley_islands | Saved summary to outputs/tmc_shapley_sweep_all_traits/shards/shard_018/body_mass/tmp/tmc_summary_target_14.json
2026-03-04 20:10:44 | INFO | src.tmc_shapley_islands | Saved intermediate ranking trace to outputs/tmc_shapley_sweep_all_traits/shards/shard_018/body_mass/tmp/tmc_intermediate_rankings_target_14.csv
2026-03-04 20:10:44 | INFO | src.tmc_shapley_islands | Saved add-curve to outputs/tmc_shapley_sweep_all_traits/shards/shard_018/body_mass/tmp/add_curve_target_14.csv
2026-03-04 20:10:44 | INFO | src.tmc_shapley_islands | Saved remove-curve to outputs/tmc_shapley_sweep_all_traits/shards/shard_018/body_mass/tmp/remove_curve_target_14.csv
2026-03-04 20:10:45 | INFO | src.tmc_shapley_islands | Saved bar plot to outputs/tmc_shapley_sweep_all_traits/shards/shard_018/body_mass/tmp/shapley_bar_target_14.png
2026-03-04 20:10:45 | INFO | src.tmc_shapley_islands | Saved add-curve plot to outputs/tmc_shapley_sweep_all_traits/shards/shard_018/body_mass/tmp/add_curve_target_14.png
2026-03-04 20:10:46 | INFO | src.tmc_shapley_islands | Saved remove-curve plot to outputs/tmc_shapley_sweep_all_traits/shards/shard_018/body_mass/tmp/remove_curve_target_14.png
2026-03-04 20:10:46 | INFO | __main__ | Shard 18/30 trait=body_mass progress 52/75 | target=14 n_cal_samples=10 perm=20 repeat=6
2026-03-04 20:10:46 | INFO | src.tmc_shapley_islands | [Shapley] Target island: 14 (Southern 4), source islands: 15
2026-03-04 20:10:47 | INFO | src.tmc_shapley_islands | Data: source=5211 (across 15 islands), cal=10, test=336
2026-03-04 20:10:47 | INFO | src.tmc_shapley_islands | SNP selection: using fixed precomputed subset (n=20000)
2026-03-04 20:10:47 | INFO | src.tmc_shapley_islands | Island counts (capped to None in training):
  Nesøy: n=119
  Myken: n=92
  Træna: n=292
  Selvær: n=194
  Gjerøy: n=558
  Hestmannøy: n=1078
  Indre Kvarøy: n=356
  Onøy og Lurøy: n=259
  Lovund: n=158
  Sleneset: n=166
  Aldra: n=173
  Southern 1: n=583
  Southern 2: n=397
  Southern 3: n=584
  Southern 5: n=202
2026-03-04 20:10:47 | INFO | src.tmc_shapley_islands | Loaded 132 cached utilities from outputs/tmc_shapley_sweep_all_traits/cache/body_mass/utility_cache_target_14_seed_1236548772.json
2026-03-04 20:10:47 | INFO | src.tmc_shapley_islands | Running TMC-Shapley with 20 permutations (utility on cal set)...
2026-03-04 20:10:47 | INFO | src.tmc_shapley_islands | Computing V_full over all 15 source islands...
2026-03-04 20:10:47 | INFO | src.tmc_shapley_islands | V_full = 0.3444
2026-03-04 20:10:47 | INFO | src.tmc_shapley_islands | TMC head-start: loaded 10 completed permutations from state outputs/tmc_shapley_sweep_all_traits/cache/body_mass/tmc_perm_state_target_14_seed_1236548772.json
2026-03-04 20:11:16 | INFO | src.tmc_shapley_islands | TMC progress: 12/20 permutations done, cache hit rate: 9.7%, n_evals: 28
2026-03-04 20:12:13 | INFO | src.tmc_shapley_islands | TMC progress: 16/20 permutations done, cache hit rate: 13.2%, n_evals: 79
2026-03-04 20:12:59 | INFO | src.tmc_shapley_islands | TMC progress: 20/20 permutations done, cache hit rate: 15.9%, n_evals: 127
2026-03-04 20:12:59 | INFO | src.tmc_shapley_islands | TMC complete: 20 permutations, 0 truncated, 127 utility evals, cache hit rate: 15.9%
2026-03-04 20:12:59 | INFO | src.tmc_shapley_islands | Shapley values (phi, computed on cal set):
2026-03-04 20:12:59 | INFO | src.tmc_shapley_islands |   Nesøy: phi=0.010636, phi/n=0.00008938
2026-03-04 20:12:59 | INFO | src.tmc_shapley_islands |   Myken: phi=-0.262740, phi/n=-0.00285587
2026-03-04 20:12:59 | INFO | src.tmc_shapley_islands |   Træna: phi=0.042641, phi/n=0.00014603
2026-03-04 20:12:59 | INFO | src.tmc_shapley_islands |   Selvær: phi=0.091330, phi/n=0.00047077
2026-03-04 20:12:59 | INFO | src.tmc_shapley_islands |   Gjerøy: phi=0.122095, phi/n=0.00021881
2026-03-04 20:12:59 | INFO | src.tmc_shapley_islands |   Hestmannøy: phi=-0.248705, phi/n=-0.00023071
2026-03-04 20:12:59 | INFO | src.tmc_shapley_islands |   Indre Kvarøy: phi=0.150035, phi/n=0.00042145
2026-03-04 20:12:59 | INFO | src.tmc_shapley_islands |   Onøy og Lurøy: phi=-0.060597, phi/n=-0.00023397
2026-03-04 20:12:59 | INFO | src.tmc_shapley_islands |   Lovund: phi=0.076348, phi/n=0.00048322
2026-03-04 20:12:59 | INFO | src.tmc_shapley_islands |   Sleneset: phi=0.000491, phi/n=0.00000296
2026-03-04 20:12:59 | INFO | src.tmc_shapley_islands |   Aldra: phi=-0.086975, phi/n=-0.00050275
2026-03-04 20:12:59 | INFO | src.tmc_shapley_islands |   Southern 1: phi=-0.178601, phi/n=-0.00030635
2026-03-04 20:12:59 | INFO | src.tmc_shapley_islands |   Southern 2: phi=0.625942, phi/n=0.00157668
2026-03-04 20:12:59 | INFO | src.tmc_shapley_islands |   Southern 3: phi=-0.021320, phi/n=-0.00003651
2026-03-04 20:12:59 | INFO | src.tmc_shapley_islands |   Southern 5: phi=0.083774, phi/n=0.00041472
2026-03-04 20:12:59 | INFO | src.tmc_shapley_islands | Curve retraining early stopping: enabled=True, patience=20
2026-03-04 20:12:59 | INFO | src.tmc_shapley_islands | Computing add-islands curve (evaluated on test set)...
2026-03-04 20:12:59 | INFO | src.tmc_shapley_islands | Add-curve (mean): 1 islands, n=397 -> corr=0.0829
2026-03-04 20:12:59 | INFO | src.tmc_shapley_islands | Add-curve (mean): 2 islands, n=555 -> corr=0.0865
2026-03-04 20:12:59 | INFO | src.tmc_shapley_islands | Add-curve (mean): 3 islands, n=749 -> corr=0.0891
2026-03-04 20:13:00 | INFO | src.tmc_shapley_islands | Add-curve (mean): 4 islands, n=1105 -> corr=0.0925
2026-03-04 20:13:01 | INFO | src.tmc_shapley_islands | Add-curve (mean): 5 islands, n=1307 -> corr=0.1271
2026-03-04 20:13:01 | INFO | src.tmc_shapley_islands | Add-curve (mean): 6 islands, n=1865 -> corr=0.1256
2026-03-04 20:13:02 | INFO | src.tmc_shapley_islands | Add-curve (mean): 7 islands, n=2157 -> corr=0.1241
2026-03-04 20:13:03 | INFO | src.tmc_shapley_islands | Add-curve (mean): 8 islands, n=2276 -> corr=0.1243
2026-03-04 20:13:04 | INFO | src.tmc_shapley_islands | Add-curve (mean): 9 islands, n=2442 -> corr=0.1355
2026-03-04 20:13:05 | INFO | src.tmc_shapley_islands | Add-curve (mean): 10 islands, n=3026 -> corr=0.1656
2026-03-04 20:13:07 | INFO | src.tmc_shapley_islands | Add-curve (mean): 11 islands, n=4104 -> corr=0.1546
2026-03-04 20:13:09 | INFO | src.tmc_shapley_islands | Add-curve (mean): 12 islands, n=4363 -> corr=0.1690
2026-03-04 20:13:11 | INFO | src.tmc_shapley_islands | Add-curve (mean): 13 islands, n=4946 -> corr=0.1922
2026-03-04 20:13:13 | INFO | src.tmc_shapley_islands | Add-curve (mean): 14 islands, n=5119 -> corr=0.1869
2026-03-04 20:13:16 | INFO | src.tmc_shapley_islands | Add-curve (mean): 15 islands, n=5211 -> corr=0.1797
2026-03-04 20:13:27 | INFO | src.tmc_shapley_islands | Random individual add-curve (seed=0) complete
2026-03-04 20:13:38 | INFO | src.tmc_shapley_islands | Random individual add-curve (seed=1) complete
2026-03-04 20:13:50 | INFO | src.tmc_shapley_islands | Random individual add-curve (seed=2) complete
2026-03-04 20:14:01 | INFO | src.tmc_shapley_islands | Random individual add-curve (seed=3) complete
2026-03-04 20:14:12 | INFO | src.tmc_shapley_islands | Random individual add-curve (seed=4) complete
2026-03-04 20:14:12 | INFO | src.tmc_shapley_islands | Building mirrored remove-islands curve from add-islands curve...
2026-03-04 20:14:12 | INFO | src.tmc_shapley_islands | Saved Shapley values to outputs/tmc_shapley_sweep_all_traits/shards/shard_018/body_mass/tmp/shapley_island_values_target_14.csv
2026-03-04 20:14:12 | INFO | src.tmc_shapley_islands | Saved summary to outputs/tmc_shapley_sweep_all_traits/shards/shard_018/body_mass/tmp/tmc_summary_target_14.json
2026-03-04 20:14:12 | INFO | src.tmc_shapley_islands | Saved intermediate ranking trace to outputs/tmc_shapley_sweep_all_traits/shards/shard_018/body_mass/tmp/tmc_intermediate_rankings_target_14.csv
2026-03-04 20:14:12 | INFO | src.tmc_shapley_islands | Saved add-curve to outputs/tmc_shapley_sweep_all_traits/shards/shard_018/body_mass/tmp/add_curve_target_14.csv
2026-03-04 20:14:12 | INFO | src.tmc_shapley_islands | Saved remove-curve to outputs/tmc_shapley_sweep_all_traits/shards/shard_018/body_mass/tmp/remove_curve_target_14.csv
2026-03-04 20:14:13 | INFO | src.tmc_shapley_islands | Saved bar plot to outputs/tmc_shapley_sweep_all_traits/shards/shard_018/body_mass/tmp/shapley_bar_target_14.png
2026-03-04 20:14:13 | INFO | src.tmc_shapley_islands | Saved add-curve plot to outputs/tmc_shapley_sweep_all_traits/shards/shard_018/body_mass/tmp/add_curve_target_14.png
2026-03-04 20:14:14 | INFO | src.tmc_shapley_islands | Saved remove-curve plot to outputs/tmc_shapley_sweep_all_traits/shards/shard_018/body_mass/tmp/remove_curve_target_14.png
2026-03-04 20:14:14 | INFO | __main__ | Shard 18/30 trait=body_mass progress 53/75 | target=14 n_cal_samples=10 perm=40 repeat=6
2026-03-04 20:14:14 | INFO | src.tmc_shapley_islands | [Shapley] Target island: 14 (Southern 4), source islands: 15
2026-03-04 20:14:15 | INFO | src.tmc_shapley_islands | Data: source=5211 (across 15 islands), cal=10, test=336
2026-03-04 20:14:15 | INFO | src.tmc_shapley_islands | SNP selection: using fixed precomputed subset (n=20000)
2026-03-04 20:14:15 | INFO | src.tmc_shapley_islands | Island counts (capped to None in training):
  Nesøy: n=119
  Myken: n=92
  Træna: n=292
  Selvær: n=194
  Gjerøy: n=558
  Hestmannøy: n=1078
  Indre Kvarøy: n=356
  Onøy og Lurøy: n=259
  Lovund: n=158
  Sleneset: n=166
  Aldra: n=173
  Southern 1: n=583
  Southern 2: n=397
  Southern 3: n=584
  Southern 5: n=202
2026-03-04 20:14:15 | INFO | src.tmc_shapley_islands | Loaded 259 cached utilities from outputs/tmc_shapley_sweep_all_traits/cache/body_mass/utility_cache_target_14_seed_1236548772.json
2026-03-04 20:14:15 | INFO | src.tmc_shapley_islands | Running TMC-Shapley with 40 permutations (utility on cal set)...
2026-03-04 20:14:15 | INFO | src.tmc_shapley_islands | Computing V_full over all 15 source islands...
2026-03-04 20:14:15 | INFO | src.tmc_shapley_islands | V_full = 0.3444
2026-03-04 20:14:15 | INFO | src.tmc_shapley_islands | TMC head-start: loaded 20 completed permutations from state outputs/tmc_shapley_sweep_all_traits/cache/body_mass/tmc_perm_state_target_14_seed_1236548772.json
2026-03-04 20:14:50 | INFO | src.tmc_shapley_islands | TMC progress: 24/40 permutations done, cache hit rate: 24.6%, n_evals: 46
2026-03-04 20:16:10 | INFO | src.tmc_shapley_islands | TMC progress: 32/40 permutations done, cache hit rate: 25.4%, n_evals: 135
2026-03-04 20:17:52 | INFO | src.tmc_shapley_islands | TMC progress: 40/40 permutations done, cache hit rate: 24.6%, n_evals: 227
2026-03-04 20:17:52 | INFO | src.tmc_shapley_islands | TMC complete: 40 permutations, 0 truncated, 227 utility evals, cache hit rate: 24.6%
2026-03-04 20:17:52 | INFO | src.tmc_shapley_islands | Shapley values (phi, computed on cal set):
2026-03-04 20:17:52 | INFO | src.tmc_shapley_islands |   Nesøy: phi=0.012368, phi/n=0.00010394
2026-03-04 20:17:52 | INFO | src.tmc_shapley_islands |   Myken: phi=-0.289494, phi/n=-0.00314667
2026-03-04 20:17:52 | INFO | src.tmc_shapley_islands |   Træna: phi=0.045368, phi/n=0.00015537
2026-03-04 20:17:52 | INFO | src.tmc_shapley_islands |   Selvær: phi=0.096613, phi/n=0.00049801
2026-03-04 20:17:52 | INFO | src.tmc_shapley_islands |   Gjerøy: phi=0.125531, phi/n=0.00022497
2026-03-04 20:17:52 | INFO | src.tmc_shapley_islands |   Hestmannøy: phi=-0.232383, phi/n=-0.00021557
2026-03-04 20:17:52 | INFO | src.tmc_shapley_islands |   Indre Kvarøy: phi=0.146353, phi/n=0.00041110
2026-03-04 20:17:52 | INFO | src.tmc_shapley_islands |   Onøy og Lurøy: phi=-0.062854, phi/n=-0.00024268
2026-03-04 20:17:52 | INFO | src.tmc_shapley_islands |   Lovund: phi=0.079970, phi/n=0.00050614
2026-03-04 20:17:52 | INFO | src.tmc_shapley_islands |   Sleneset: phi=0.002661, phi/n=0.00001603
2026-03-04 20:17:52 | INFO | src.tmc_shapley_islands |   Aldra: phi=-0.090300, phi/n=-0.00052196
2026-03-04 20:17:52 | INFO | src.tmc_shapley_islands |   Southern 1: phi=-0.176150, phi/n=-0.00030214
2026-03-04 20:17:52 | INFO | src.tmc_shapley_islands |   Southern 2: phi=0.618961, phi/n=0.00155910
2026-03-04 20:17:52 | INFO | src.tmc_shapley_islands |   Southern 3: phi=-0.022093, phi/n=-0.00003783
2026-03-04 20:17:52 | INFO | src.tmc_shapley_islands |   Southern 5: phi=0.089803, phi/n=0.00044457
2026-03-04 20:17:52 | INFO | src.tmc_shapley_islands | Curve retraining early stopping: enabled=True, patience=20
2026-03-04 20:17:52 | INFO | src.tmc_shapley_islands | Computing add-islands curve (evaluated on test set)...
2026-03-04 20:17:52 | INFO | src.tmc_shapley_islands | Add-curve (mean): 1 islands, n=397 -> corr=0.0829
2026-03-04 20:17:52 | INFO | src.tmc_shapley_islands | Add-curve (mean): 2 islands, n=555 -> corr=0.0865
2026-03-04 20:17:52 | INFO | src.tmc_shapley_islands | Add-curve (mean): 3 islands, n=749 -> corr=0.0891
2026-03-04 20:17:53 | INFO | src.tmc_shapley_islands | Add-curve (mean): 4 islands, n=951 -> corr=0.1295
2026-03-04 20:17:53 | INFO | src.tmc_shapley_islands | Add-curve (mean): 5 islands, n=1307 -> corr=0.1271
2026-03-04 20:17:54 | INFO | src.tmc_shapley_islands | Add-curve (mean): 6 islands, n=1865 -> corr=0.1256
2026-03-04 20:17:55 | INFO | src.tmc_shapley_islands | Add-curve (mean): 7 islands, n=2157 -> corr=0.1241
2026-03-04 20:17:56 | INFO | src.tmc_shapley_islands | Add-curve (mean): 8 islands, n=2276 -> corr=0.1243
2026-03-04 20:17:57 | INFO | src.tmc_shapley_islands | Add-curve (mean): 9 islands, n=2442 -> corr=0.1355
2026-03-04 20:17:58 | INFO | src.tmc_shapley_islands | Add-curve (mean): 10 islands, n=3026 -> corr=0.1656
2026-03-04 20:17:59 | INFO | src.tmc_shapley_islands | Add-curve (mean): 11 islands, n=4104 -> corr=0.1546
2026-03-04 20:18:01 | INFO | src.tmc_shapley_islands | Add-curve (mean): 12 islands, n=4363 -> corr=0.1690
2026-03-04 20:18:03 | INFO | src.tmc_shapley_islands | Add-curve (mean): 13 islands, n=4946 -> corr=0.1922
2026-03-04 20:18:06 | INFO | src.tmc_shapley_islands | Add-curve (mean): 14 islands, n=5119 -> corr=0.1869
2026-03-04 20:18:08 | INFO | src.tmc_shapley_islands | Add-curve (mean): 15 islands, n=5211 -> corr=0.1797
2026-03-04 20:18:19 | INFO | src.tmc_shapley_islands | Random individual add-curve (seed=0) complete
2026-03-04 20:18:31 | INFO | src.tmc_shapley_islands | Random individual add-curve (seed=1) complete
2026-03-04 20:18:42 | INFO | src.tmc_shapley_islands | Random individual add-curve (seed=2) complete
2026-03-04 20:18:54 | INFO | src.tmc_shapley_islands | Random individual add-curve (seed=3) complete
2026-03-04 20:19:05 | INFO | src.tmc_shapley_islands | Random individual add-curve (seed=4) complete
2026-03-04 20:19:05 | INFO | src.tmc_shapley_islands | Building mirrored remove-islands curve from add-islands curve...
2026-03-04 20:19:05 | INFO | src.tmc_shapley_islands | Saved Shapley values to outputs/tmc_shapley_sweep_all_traits/shards/shard_018/body_mass/tmp/shapley_island_values_target_14.csv
2026-03-04 20:19:05 | INFO | src.tmc_shapley_islands | Saved summary to outputs/tmc_shapley_sweep_all_traits/shards/shard_018/body_mass/tmp/tmc_summary_target_14.json
2026-03-04 20:19:05 | INFO | src.tmc_shapley_islands | Saved intermediate ranking trace to outputs/tmc_shapley_sweep_all_traits/shards/shard_018/body_mass/tmp/tmc_intermediate_rankings_target_14.csv
2026-03-04 20:19:05 | INFO | src.tmc_shapley_islands | Saved add-curve to outputs/tmc_shapley_sweep_all_traits/shards/shard_018/body_mass/tmp/add_curve_target_14.csv
2026-03-04 20:19:05 | INFO | src.tmc_shapley_islands | Saved remove-curve to outputs/tmc_shapley_sweep_all_traits/shards/shard_018/body_mass/tmp/remove_curve_target_14.csv
2026-03-04 20:19:06 | INFO | src.tmc_shapley_islands | Saved bar plot to outputs/tmc_shapley_sweep_all_traits/shards/shard_018/body_mass/tmp/shapley_bar_target_14.png
2026-03-04 20:19:06 | INFO | src.tmc_shapley_islands | Saved add-curve plot to outputs/tmc_shapley_sweep_all_traits/shards/shard_018/body_mass/tmp/add_curve_target_14.png
2026-03-04 20:19:07 | INFO | src.tmc_shapley_islands | Saved remove-curve plot to outputs/tmc_shapley_sweep_all_traits/shards/shard_018/body_mass/tmp/remove_curve_target_14.png
2026-03-04 20:19:07 | INFO | __main__ | Shard 18/30 trait=body_mass progress 54/75 | target=14 n_cal_samples=10 perm=80 repeat=6
2026-03-04 20:19:07 | INFO | src.tmc_shapley_islands | [Shapley] Target island: 14 (Southern 4), source islands: 15
2026-03-04 20:19:08 | INFO | src.tmc_shapley_islands | Data: source=5211 (across 15 islands), cal=10, test=336
2026-03-04 20:19:08 | INFO | src.tmc_shapley_islands | SNP selection: using fixed precomputed subset (n=20000)
2026-03-04 20:19:08 | INFO | src.tmc_shapley_islands | Island counts (capped to None in training):
  Nesøy: n=119
  Myken: n=92
  Træna: n=292
  Selvær: n=194
  Gjerøy: n=558
  Hestmannøy: n=1078
  Indre Kvarøy: n=356
  Onøy og Lurøy: n=259
  Lovund: n=158
  Sleneset: n=166
  Aldra: n=173
  Southern 1: n=583
  Southern 2: n=397
  Southern 3: n=584
  Southern 5: n=202
2026-03-04 20:19:08 | INFO | src.tmc_shapley_islands | Loaded 486 cached utilities from outputs/tmc_shapley_sweep_all_traits/cache/body_mass/utility_cache_target_14_seed_1236548772.json
2026-03-04 20:19:08 | INFO | src.tmc_shapley_islands | Running TMC-Shapley with 80 permutations (utility on cal set)...
2026-03-04 20:19:08 | INFO | src.tmc_shapley_islands | Computing V_full over all 15 source islands...
2026-03-04 20:19:08 | INFO | src.tmc_shapley_islands | V_full = 0.3444
2026-03-04 20:19:08 | INFO | src.tmc_shapley_islands | TMC head-start: loaded 40 completed permutations from state outputs/tmc_shapley_sweep_all_traits/cache/body_mass/tmc_perm_state_target_14_seed_1236548772.json
2026-03-04 20:20:40 | INFO | src.tmc_shapley_islands | TMC progress: 48/80 permutations done, cache hit rate: 27.3%, n_evals: 88
2026-03-04 20:23:34 | INFO | src.tmc_shapley_islands | TMC progress: 64/80 permutations done, cache hit rate: 27.7%, n_evals: 261
2026-03-04 20:26:15 | INFO | src.tmc_shapley_islands | TMC progress: 80/80 permutations done, cache hit rate: 28.8%, n_evals: 428
2026-03-04 20:26:15 | INFO | src.tmc_shapley_islands | TMC complete: 80 permutations, 0 truncated, 428 utility evals, cache hit rate: 28.8%
2026-03-04 20:26:15 | INFO | src.tmc_shapley_islands | Shapley values (phi, computed on cal set):
2026-03-04 20:26:15 | INFO | src.tmc_shapley_islands |   Nesøy: phi=0.010745, phi/n=0.00009029
2026-03-04 20:26:15 | INFO | src.tmc_shapley_islands |   Myken: phi=-0.287807, phi/n=-0.00312834
2026-03-04 20:26:15 | INFO | src.tmc_shapley_islands |   Træna: phi=0.036825, phi/n=0.00012611
2026-03-04 20:26:15 | INFO | src.tmc_shapley_islands |   Selvær: phi=0.092220, phi/n=0.00047536
2026-03-04 20:26:15 | INFO | src.tmc_shapley_islands |   Gjerøy: phi=0.135617, phi/n=0.00024304
2026-03-04 20:26:15 | INFO | src.tmc_shapley_islands |   Hestmannøy: phi=-0.221125, phi/n=-0.00020513
2026-03-04 20:26:15 | INFO | src.tmc_shapley_islands |   Indre Kvarøy: phi=0.153026, phi/n=0.00042985
2026-03-04 20:26:15 | INFO | src.tmc_shapley_islands |   Onøy og Lurøy: phi=-0.069703, phi/n=-0.00026912
2026-03-04 20:26:15 | INFO | src.tmc_shapley_islands |   Lovund: phi=0.071430, phi/n=0.00045209
2026-03-04 20:26:15 | INFO | src.tmc_shapley_islands |   Sleneset: phi=0.002768, phi/n=0.00001667
2026-03-04 20:26:15 | INFO | src.tmc_shapley_islands |   Aldra: phi=-0.089781, phi/n=-0.00051897
2026-03-04 20:26:15 | INFO | src.tmc_shapley_islands |   Southern 1: phi=-0.200947, phi/n=-0.00034468
2026-03-04 20:26:15 | INFO | src.tmc_shapley_islands |   Southern 2: phi=0.621962, phi/n=0.00156666
2026-03-04 20:26:15 | INFO | src.tmc_shapley_islands |   Southern 3: phi=-0.024043, phi/n=-0.00004117
2026-03-04 20:26:15 | INFO | src.tmc_shapley_islands |   Southern 5: phi=0.113169, phi/n=0.00056024
2026-03-04 20:26:15 | INFO | src.tmc_shapley_islands | Curve retraining early stopping: enabled=True, patience=20
2026-03-04 20:26:15 | INFO | src.tmc_shapley_islands | Computing add-islands curve (evaluated on test set)...
2026-03-04 20:26:15 | INFO | src.tmc_shapley_islands | Add-curve (mean): 1 islands, n=397 -> corr=0.0829
2026-03-04 20:26:16 | INFO | src.tmc_shapley_islands | Add-curve (mean): 2 islands, n=599 -> corr=0.1256
2026-03-04 20:26:16 | INFO | src.tmc_shapley_islands | Add-curve (mean): 3 islands, n=793 -> corr=0.1278
2026-03-04 20:26:17 | INFO | src.tmc_shapley_islands | Add-curve (mean): 4 islands, n=951 -> corr=0.1295
2026-03-04 20:26:17 | INFO | src.tmc_shapley_islands | Add-curve (mean): 5 islands, n=1307 -> corr=0.1271
2026-03-04 20:26:18 | INFO | src.tmc_shapley_islands | Add-curve (mean): 6 islands, n=1865 -> corr=0.1256
2026-03-04 20:26:19 | INFO | src.tmc_shapley_islands | Add-curve (mean): 7 islands, n=2157 -> corr=0.1241
2026-03-04 20:26:20 | INFO | src.tmc_shapley_islands | Add-curve (mean): 8 islands, n=2276 -> corr=0.1243
2026-03-04 20:26:21 | INFO | src.tmc_shapley_islands | Add-curve (mean): 9 islands, n=2442 -> corr=0.1355
2026-03-04 20:26:22 | INFO | src.tmc_shapley_islands | Add-curve (mean): 10 islands, n=3026 -> corr=0.1656
2026-03-04 20:26:23 | INFO | src.tmc_shapley_islands | Add-curve (mean): 11 islands, n=4104 -> corr=0.1546
2026-03-04 20:26:25 | INFO | src.tmc_shapley_islands | Add-curve (mean): 12 islands, n=4363 -> corr=0.1690
2026-03-04 20:26:28 | INFO | src.tmc_shapley_islands | Add-curve (mean): 13 islands, n=4946 -> corr=0.1922
2026-03-04 20:26:30 | INFO | src.tmc_shapley_islands | Add-curve (mean): 14 islands, n=5119 -> corr=0.1869
2026-03-04 20:26:32 | INFO | src.tmc_shapley_islands | Add-curve (mean): 15 islands, n=5211 -> corr=0.1797
2026-03-04 20:26:44 | INFO | src.tmc_shapley_islands | Random individual add-curve (seed=0) complete
2026-03-04 20:26:55 | INFO | src.tmc_shapley_islands | Random individual add-curve (seed=1) complete
2026-03-04 20:27:06 | INFO | src.tmc_shapley_islands | Random individual add-curve (seed=2) complete
2026-03-04 20:27:18 | INFO | src.tmc_shapley_islands | Random individual add-curve (seed=3) complete
2026-03-04 20:27:29 | INFO | src.tmc_shapley_islands | Random individual add-curve (seed=4) complete
2026-03-04 20:27:29 | INFO | src.tmc_shapley_islands | Building mirrored remove-islands curve from add-islands curve...
2026-03-04 20:27:29 | INFO | src.tmc_shapley_islands | Saved Shapley values to outputs/tmc_shapley_sweep_all_traits/shards/shard_018/body_mass/tmp/shapley_island_values_target_14.csv
2026-03-04 20:27:29 | INFO | src.tmc_shapley_islands | Saved summary to outputs/tmc_shapley_sweep_all_traits/shards/shard_018/body_mass/tmp/tmc_summary_target_14.json
2026-03-04 20:27:29 | INFO | src.tmc_shapley_islands | Saved intermediate ranking trace to outputs/tmc_shapley_sweep_all_traits/shards/shard_018/body_mass/tmp/tmc_intermediate_rankings_target_14.csv
2026-03-04 20:27:29 | INFO | src.tmc_shapley_islands | Saved add-curve to outputs/tmc_shapley_sweep_all_traits/shards/shard_018/body_mass/tmp/add_curve_target_14.csv
2026-03-04 20:27:29 | INFO | src.tmc_shapley_islands | Saved remove-curve to outputs/tmc_shapley_sweep_all_traits/shards/shard_018/body_mass/tmp/remove_curve_target_14.csv
2026-03-04 20:27:30 | INFO | src.tmc_shapley_islands | Saved bar plot to outputs/tmc_shapley_sweep_all_traits/shards/shard_018/body_mass/tmp/shapley_bar_target_14.png
2026-03-04 20:27:30 | INFO | src.tmc_shapley_islands | Saved add-curve plot to outputs/tmc_shapley_sweep_all_traits/shards/shard_018/body_mass/tmp/add_curve_target_14.png
2026-03-04 20:27:31 | INFO | src.tmc_shapley_islands | Saved remove-curve plot to outputs/tmc_shapley_sweep_all_traits/shards/shard_018/body_mass/tmp/remove_curve_target_14.png
2026-03-04 20:27:31 | INFO | __main__ | Shard 18/30 trait=body_mass progress 55/75 | target=14 n_cal_samples=10 perm=150 repeat=6
2026-03-04 20:27:31 | INFO | src.tmc_shapley_islands | [Shapley] Target island: 14 (Southern 4), source islands: 15
2026-03-04 20:27:32 | INFO | src.tmc_shapley_islands | Data: source=5211 (across 15 islands), cal=10, test=336
2026-03-04 20:27:32 | INFO | src.tmc_shapley_islands | SNP selection: using fixed precomputed subset (n=20000)
2026-03-04 20:27:32 | INFO | src.tmc_shapley_islands | Island counts (capped to None in training):
  Nesøy: n=119
  Myken: n=92
  Træna: n=292
  Selvær: n=194
  Gjerøy: n=558
  Hestmannøy: n=1078
  Indre Kvarøy: n=356
  Onøy og Lurøy: n=259
  Lovund: n=158
  Sleneset: n=166
  Aldra: n=173
  Southern 1: n=583
  Southern 2: n=397
  Southern 3: n=584
  Southern 5: n=202
2026-03-04 20:27:32 | INFO | src.tmc_shapley_islands | Loaded 914 cached utilities from outputs/tmc_shapley_sweep_all_traits/cache/body_mass/utility_cache_target_14_seed_1236548772.json
2026-03-04 20:27:32 | INFO | src.tmc_shapley_islands | Running TMC-Shapley with 150 permutations (utility on cal set)...
2026-03-04 20:27:32 | INFO | src.tmc_shapley_islands | Computing V_full over all 15 source islands...
2026-03-04 20:27:32 | INFO | src.tmc_shapley_islands | V_full = 0.3444
2026-03-04 20:27:32 | INFO | src.tmc_shapley_islands | TMC head-start: loaded 80 completed permutations from state outputs/tmc_shapley_sweep_all_traits/cache/body_mass/tmc_perm_state_target_14_seed_1236548772.json
2026-03-04 20:29:07 | INFO | src.tmc_shapley_islands | TMC progress: 90/150 permutations done, cache hit rate: 34.4%, n_evals: 99
2026-03-04 20:34:19 | INFO | src.tmc_shapley_islands | TMC progress: 120/150 permutations done, cache hit rate: 32.6%, n_evals: 405
2026-03-04 20:39:07 | INFO | src.tmc_shapley_islands | TMC progress: 150/150 permutations done, cache hit rate: 34.3%, n_evals: 691
2026-03-04 20:39:07 | INFO | src.tmc_shapley_islands | TMC complete: 150 permutations, 0 truncated, 691 utility evals, cache hit rate: 34.3%
2026-03-04 20:39:07 | INFO | src.tmc_shapley_islands | Shapley values (phi, computed on cal set):
2026-03-04 20:39:07 | INFO | src.tmc_shapley_islands |   Nesøy: phi=0.011330, phi/n=0.00009521
2026-03-04 20:39:07 | INFO | src.tmc_shapley_islands |   Myken: phi=-0.281316, phi/n=-0.00305779
2026-03-04 20:39:07 | INFO | src.tmc_shapley_islands |   Træna: phi=0.038074, phi/n=0.00013039
2026-03-04 20:39:07 | INFO | src.tmc_shapley_islands |   Selvær: phi=0.094036, phi/n=0.00048472
2026-03-04 20:39:07 | INFO | src.tmc_shapley_islands |   Gjerøy: phi=0.131710, phi/n=0.00023604
2026-03-04 20:39:07 | INFO | src.tmc_shapley_islands |   Hestmannøy: phi=-0.226542, phi/n=-0.00021015
2026-03-04 20:39:07 | INFO | src.tmc_shapley_islands |   Indre Kvarøy: phi=0.150011, phi/n=0.00042138
2026-03-04 20:39:07 | INFO | src.tmc_shapley_islands |   Onøy og Lurøy: phi=-0.063926, phi/n=-0.00024682
2026-03-04 20:39:07 | INFO | src.tmc_shapley_islands |   Lovund: phi=0.069089, phi/n=0.00043727
2026-03-04 20:39:07 | INFO | src.tmc_shapley_islands |   Sleneset: phi=0.001930, phi/n=0.00001163
2026-03-04 20:39:07 | INFO | src.tmc_shapley_islands |   Aldra: phi=-0.090385, phi/n=-0.00052246
2026-03-04 20:39:07 | INFO | src.tmc_shapley_islands |   Southern 1: phi=-0.205397, phi/n=-0.00035231
2026-03-04 20:39:07 | INFO | src.tmc_shapley_islands |   Southern 2: phi=0.631622, phi/n=0.00159099
2026-03-04 20:39:07 | INFO | src.tmc_shapley_islands |   Southern 3: phi=-0.027155, phi/n=-0.00004650
2026-03-04 20:39:07 | INFO | src.tmc_shapley_islands |   Southern 5: phi=0.111274, phi/n=0.00055086
2026-03-04 20:39:07 | INFO | src.tmc_shapley_islands | Curve retraining early stopping: enabled=True, patience=20
2026-03-04 20:39:07 | INFO | src.tmc_shapley_islands | Computing add-islands curve (evaluated on test set)...
2026-03-04 20:39:07 | INFO | src.tmc_shapley_islands | Add-curve (mean): 1 islands, n=397 -> corr=0.0829
2026-03-04 20:39:07 | INFO | src.tmc_shapley_islands | Add-curve (mean): 2 islands, n=599 -> corr=0.1256
2026-03-04 20:39:08 | INFO | src.tmc_shapley_islands | Add-curve (mean): 3 islands, n=793 -> corr=0.1278
2026-03-04 20:39:08 | INFO | src.tmc_shapley_islands | Add-curve (mean): 4 islands, n=951 -> corr=0.1295
2026-03-04 20:39:09 | INFO | src.tmc_shapley_islands | Add-curve (mean): 5 islands, n=1307 -> corr=0.1271
2026-03-04 20:39:10 | INFO | src.tmc_shapley_islands | Add-curve (mean): 6 islands, n=1865 -> corr=0.1256
2026-03-04 20:39:11 | INFO | src.tmc_shapley_islands | Add-curve (mean): 7 islands, n=2157 -> corr=0.1241
2026-03-04 20:39:11 | INFO | src.tmc_shapley_islands | Add-curve (mean): 8 islands, n=2276 -> corr=0.1243
2026-03-04 20:39:12 | INFO | src.tmc_shapley_islands | Add-curve (mean): 9 islands, n=2442 -> corr=0.1355
2026-03-04 20:39:13 | INFO | src.tmc_shapley_islands | Add-curve (mean): 10 islands, n=3026 -> corr=0.1656
2026-03-04 20:39:15 | INFO | src.tmc_shapley_islands | Add-curve (mean): 11 islands, n=4104 -> corr=0.1546
2026-03-04 20:39:17 | INFO | src.tmc_shapley_islands | Add-curve (mean): 12 islands, n=4363 -> corr=0.1690
2026-03-04 20:39:19 | INFO | src.tmc_shapley_islands | Add-curve (mean): 13 islands, n=4946 -> corr=0.1922
2026-03-04 20:39:21 | INFO | src.tmc_shapley_islands | Add-curve (mean): 14 islands, n=5119 -> corr=0.1869
2026-03-04 20:39:24 | INFO | src.tmc_shapley_islands | Add-curve (mean): 15 islands, n=5211 -> corr=0.1797
2026-03-04 20:39:35 | INFO | src.tmc_shapley_islands | Random individual add-curve (seed=0) complete
2026-03-04 20:39:46 | INFO | src.tmc_shapley_islands | Random individual add-curve (seed=1) complete
2026-03-04 20:39:58 | INFO | src.tmc_shapley_islands | Random individual add-curve (seed=2) complete
2026-03-04 20:40:09 | INFO | src.tmc_shapley_islands | Random individual add-curve (seed=3) complete
2026-03-04 20:40:21 | INFO | src.tmc_shapley_islands | Random individual add-curve (seed=4) complete
2026-03-04 20:40:21 | INFO | src.tmc_shapley_islands | Building mirrored remove-islands curve from add-islands curve...
2026-03-04 20:40:21 | INFO | src.tmc_shapley_islands | Saved Shapley values to outputs/tmc_shapley_sweep_all_traits/shards/shard_018/body_mass/tmp/shapley_island_values_target_14.csv
2026-03-04 20:40:21 | INFO | src.tmc_shapley_islands | Saved summary to outputs/tmc_shapley_sweep_all_traits/shards/shard_018/body_mass/tmp/tmc_summary_target_14.json
2026-03-04 20:40:21 | INFO | src.tmc_shapley_islands | Saved intermediate ranking trace to outputs/tmc_shapley_sweep_all_traits/shards/shard_018/body_mass/tmp/tmc_intermediate_rankings_target_14.csv
2026-03-04 20:40:21 | INFO | src.tmc_shapley_islands | Saved add-curve to outputs/tmc_shapley_sweep_all_traits/shards/shard_018/body_mass/tmp/add_curve_target_14.csv
2026-03-04 20:40:21 | INFO | src.tmc_shapley_islands | Saved remove-curve to outputs/tmc_shapley_sweep_all_traits/shards/shard_018/body_mass/tmp/remove_curve_target_14.csv
2026-03-04 20:40:21 | INFO | src.tmc_shapley_islands | Saved bar plot to outputs/tmc_shapley_sweep_all_traits/shards/shard_018/body_mass/tmp/shapley_bar_target_14.png
2026-03-04 20:40:22 | INFO | src.tmc_shapley_islands | Saved add-curve plot to outputs/tmc_shapley_sweep_all_traits/shards/shard_018/body_mass/tmp/add_curve_target_14.png
2026-03-04 20:40:22 | INFO | src.tmc_shapley_islands | Saved remove-curve plot to outputs/tmc_shapley_sweep_all_traits/shards/shard_018/body_mass/tmp/remove_curve_target_14.png
2026-03-04 20:40:22 | INFO | __main__ | Shard 18/30 trait=body_mass progress 56/75 | target=14 n_cal_samples=20 perm=10 repeat=6
2026-03-04 20:40:22 | INFO | src.tmc_shapley_islands | [Shapley] Target island: 14 (Southern 4), source islands: 15
2026-03-04 20:40:23 | INFO | src.tmc_shapley_islands | Data: source=5211 (across 15 islands), cal=20, test=336
2026-03-04 20:40:23 | INFO | src.tmc_shapley_islands | SNP selection: using fixed precomputed subset (n=20000)
2026-03-04 20:40:23 | INFO | src.tmc_shapley_islands | Island counts (capped to None in training):
  Nesøy: n=119
  Myken: n=92
  Træna: n=292
  Selvær: n=194
  Gjerøy: n=558
  Hestmannøy: n=1078
  Indre Kvarøy: n=356
  Onøy og Lurøy: n=259
  Lovund: n=158
  Sleneset: n=166
  Aldra: n=173
  Southern 1: n=583
  Southern 2: n=397
  Southern 3: n=584
  Southern 5: n=202
2026-03-04 20:40:23 | INFO | src.tmc_shapley_islands | Running TMC-Shapley with 10 permutations (utility on cal set)...
2026-03-04 20:40:23 | INFO | src.tmc_shapley_islands | Computing V_full over all 15 source islands...
2026-03-04 20:40:26 | INFO | src.tmc_shapley_islands | V_full = 0.4320
2026-03-04 20:40:59 | INFO | src.tmc_shapley_islands | TMC progress: 2/10 permutations done, cache hit rate: 6.5%, n_evals: 29
2026-03-04 20:41:30 | INFO | src.tmc_shapley_islands | TMC progress: 4/10 permutations done, cache hit rate: 6.6%, n_evals: 57
2026-03-04 20:41:55 | INFO | src.tmc_shapley_islands | TMC progress: 6/10 permutations done, cache hit rate: 8.8%, n_evals: 83
2026-03-04 20:42:25 | INFO | src.tmc_shapley_islands | TMC progress: 8/10 permutations done, cache hit rate: 8.3%, n_evals: 111
2026-03-04 20:42:54 | INFO | src.tmc_shapley_islands | TMC progress: 10/10 permutations done, cache hit rate: 9.3%, n_evals: 137
2026-03-04 20:42:54 | INFO | src.tmc_shapley_islands | TMC complete: 10 permutations, 0 truncated, 137 utility evals, cache hit rate: 9.3%
2026-03-04 20:42:54 | INFO | src.tmc_shapley_islands | Shapley values (phi, computed on cal set):
2026-03-04 20:42:54 | INFO | src.tmc_shapley_islands |   Nesøy: phi=-0.024409, phi/n=-0.00020512
2026-03-04 20:42:54 | INFO | src.tmc_shapley_islands |   Myken: phi=-0.024903, phi/n=-0.00027069
2026-03-04 20:42:54 | INFO | src.tmc_shapley_islands |   Træna: phi=0.012413, phi/n=0.00004251
2026-03-04 20:42:54 | INFO | src.tmc_shapley_islands |   Selvær: phi=-0.016348, phi/n=-0.00008427
2026-03-04 20:42:54 | INFO | src.tmc_shapley_islands |   Gjerøy: phi=0.139858, phi/n=0.00025064
2026-03-04 20:42:54 | INFO | src.tmc_shapley_islands |   Hestmannøy: phi=-0.027264, phi/n=-0.00002529
2026-03-04 20:42:54 | INFO | src.tmc_shapley_islands |   Indre Kvarøy: phi=0.070968, phi/n=0.00019935
2026-03-04 20:42:54 | INFO | src.tmc_shapley_islands |   Onøy og Lurøy: phi=0.141958, phi/n=0.00054810
2026-03-04 20:42:54 | INFO | src.tmc_shapley_islands |   Lovund: phi=0.015765, phi/n=0.00009978
2026-03-04 20:42:54 | INFO | src.tmc_shapley_islands |   Sleneset: phi=0.008828, phi/n=0.00005318
2026-03-04 20:42:54 | INFO | src.tmc_shapley_islands |   Aldra: phi=-0.061579, phi/n=-0.00035595
2026-03-04 20:42:54 | INFO | src.tmc_shapley_islands |   Southern 1: phi=0.007325, phi/n=0.00001256
2026-03-04 20:42:54 | INFO | src.tmc_shapley_islands |   Southern 2: phi=0.017895, phi/n=0.00004508
2026-03-04 20:42:54 | INFO | src.tmc_shapley_islands |   Southern 3: phi=-0.015317, phi/n=-0.00002623
2026-03-04 20:42:54 | INFO | src.tmc_shapley_islands |   Southern 5: phi=0.186789, phi/n=0.00092470
2026-03-04 20:42:54 | INFO | src.tmc_shapley_islands | Curve retraining early stopping: enabled=True, patience=20
2026-03-04 20:42:54 | INFO | src.tmc_shapley_islands | Computing add-islands curve (evaluated on test set)...
2026-03-04 20:42:54 | INFO | src.tmc_shapley_islands | Add-curve (mean): 1 islands, n=202 -> corr=0.0481
2026-03-04 20:42:54 | INFO | src.tmc_shapley_islands | Add-curve (mean): 2 islands, n=461 -> corr=0.0859
2026-03-04 20:42:55 | INFO | src.tmc_shapley_islands | Add-curve (mean): 3 islands, n=1019 -> corr=0.0592
2026-03-04 20:42:55 | INFO | src.tmc_shapley_islands | Add-curve (mean): 4 islands, n=1375 -> corr=0.0629
2026-03-04 20:42:56 | INFO | src.tmc_shapley_islands | Add-curve (mean): 5 islands, n=1533 -> corr=0.0658
2026-03-04 20:42:56 | INFO | src.tmc_shapley_islands | Add-curve (mean): 6 islands, n=1699 -> corr=0.0800
2026-03-04 20:42:57 | INFO | src.tmc_shapley_islands | Add-curve (mean): 7 islands, n=2096 -> corr=0.0756
2026-03-04 20:42:58 | INFO | src.tmc_shapley_islands | Add-curve (mean): 8 islands, n=2388 -> corr=0.0700
2026-03-04 20:42:59 | INFO | src.tmc_shapley_islands | Add-curve (mean): 9 islands, n=2971 -> corr=0.1153
2026-03-04 20:43:01 | INFO | src.tmc_shapley_islands | Add-curve (mean): 10 islands, n=4049 -> corr=0.1161
2026-03-04 20:43:03 | INFO | src.tmc_shapley_islands | Add-curve (mean): 11 islands, n=4633 -> corr=0.1271
2026-03-04 20:43:05 | INFO | src.tmc_shapley_islands | Add-curve (mean): 12 islands, n=4827 -> corr=0.1225
2026-03-04 20:43:07 | INFO | src.tmc_shapley_islands | Add-curve (mean): 13 islands, n=4946 -> corr=0.1207
2026-03-04 20:43:09 | INFO | src.tmc_shapley_islands | Add-curve (mean): 14 islands, n=5038 -> corr=0.1152
2026-03-04 20:43:12 | INFO | src.tmc_shapley_islands | Add-curve (mean): 15 islands, n=5211 -> corr=0.1126
2026-03-04 20:43:24 | INFO | src.tmc_shapley_islands | Random individual add-curve (seed=0) complete
2026-03-04 20:43:37 | INFO | src.tmc_shapley_islands | Random individual add-curve (seed=1) complete
2026-03-04 20:43:49 | INFO | src.tmc_shapley_islands | Random individual add-curve (seed=2) complete
2026-03-04 20:44:02 | INFO | src.tmc_shapley_islands | Random individual add-curve (seed=3) complete
2026-03-04 20:44:14 | INFO | src.tmc_shapley_islands | Random individual add-curve (seed=4) complete
2026-03-04 20:44:14 | INFO | src.tmc_shapley_islands | Building mirrored remove-islands curve from add-islands curve...
2026-03-04 20:44:14 | INFO | src.tmc_shapley_islands | Saved Shapley values to outputs/tmc_shapley_sweep_all_traits/shards/shard_018/body_mass/tmp/shapley_island_values_target_14.csv
2026-03-04 20:44:14 | INFO | src.tmc_shapley_islands | Saved summary to outputs/tmc_shapley_sweep_all_traits/shards/shard_018/body_mass/tmp/tmc_summary_target_14.json
2026-03-04 20:44:14 | INFO | src.tmc_shapley_islands | Saved intermediate ranking trace to outputs/tmc_shapley_sweep_all_traits/shards/shard_018/body_mass/tmp/tmc_intermediate_rankings_target_14.csv
2026-03-04 20:44:14 | INFO | src.tmc_shapley_islands | Saved add-curve to outputs/tmc_shapley_sweep_all_traits/shards/shard_018/body_mass/tmp/add_curve_target_14.csv
2026-03-04 20:44:14 | INFO | src.tmc_shapley_islands | Saved remove-curve to outputs/tmc_shapley_sweep_all_traits/shards/shard_018/body_mass/tmp/remove_curve_target_14.csv
2026-03-04 20:44:15 | INFO | src.tmc_shapley_islands | Saved bar plot to outputs/tmc_shapley_sweep_all_traits/shards/shard_018/body_mass/tmp/shapley_bar_target_14.png
2026-03-04 20:44:15 | INFO | src.tmc_shapley_islands | Saved add-curve plot to outputs/tmc_shapley_sweep_all_traits/shards/shard_018/body_mass/tmp/add_curve_target_14.png
2026-03-04 20:44:16 | INFO | src.tmc_shapley_islands | Saved remove-curve plot to outputs/tmc_shapley_sweep_all_traits/shards/shard_018/body_mass/tmp/remove_curve_target_14.png
2026-03-04 20:44:16 | INFO | __main__ | Shard 18/30 trait=body_mass progress 57/75 | target=14 n_cal_samples=20 perm=20 repeat=6
2026-03-04 20:44:16 | INFO | src.tmc_shapley_islands | [Shapley] Target island: 14 (Southern 4), source islands: 15
2026-03-04 20:44:17 | INFO | src.tmc_shapley_islands | Data: source=5211 (across 15 islands), cal=20, test=336
2026-03-04 20:44:17 | INFO | src.tmc_shapley_islands | SNP selection: using fixed precomputed subset (n=20000)
2026-03-04 20:44:17 | INFO | src.tmc_shapley_islands | Island counts (capped to None in training):
  Nesøy: n=119
  Myken: n=92
  Træna: n=292
  Selvær: n=194
  Gjerøy: n=558
  Hestmannøy: n=1078
  Indre Kvarøy: n=356
  Onøy og Lurøy: n=259
  Lovund: n=158
  Sleneset: n=166
  Aldra: n=173
  Southern 1: n=583
  Southern 2: n=397
  Southern 3: n=584
  Southern 5: n=202
2026-03-04 20:44:17 | INFO | src.tmc_shapley_islands | Loaded 137 cached utilities from outputs/tmc_shapley_sweep_all_traits/cache/body_mass/utility_cache_target_14_seed_1309382953.json
2026-03-04 20:44:17 | INFO | src.tmc_shapley_islands | Running TMC-Shapley with 20 permutations (utility on cal set)...
2026-03-04 20:44:17 | INFO | src.tmc_shapley_islands | Computing V_full over all 15 source islands...
2026-03-04 20:44:17 | INFO | src.tmc_shapley_islands | V_full = 0.4320
2026-03-04 20:44:17 | INFO | src.tmc_shapley_islands | TMC head-start: loaded 10 completed permutations from state outputs/tmc_shapley_sweep_all_traits/cache/body_mass/tmc_perm_state_target_14_seed_1309382953.json
2026-03-04 20:44:40 | INFO | src.tmc_shapley_islands | TMC progress: 12/20 permutations done, cache hit rate: 16.1%, n_evals: 26
2026-03-04 20:45:35 | INFO | src.tmc_shapley_islands | TMC progress: 16/20 permutations done, cache hit rate: 14.3%, n_evals: 78
2026-03-04 20:46:18 | INFO | src.tmc_shapley_islands | TMC progress: 20/20 permutations done, cache hit rate: 15.9%, n_evals: 127
2026-03-04 20:46:18 | INFO | src.tmc_shapley_islands | TMC complete: 20 permutations, 0 truncated, 127 utility evals, cache hit rate: 15.9%
2026-03-04 20:46:18 | INFO | src.tmc_shapley_islands | Shapley values (phi, computed on cal set):
2026-03-04 20:46:18 | INFO | src.tmc_shapley_islands |   Nesøy: phi=-0.016024, phi/n=-0.00013466
2026-03-04 20:46:18 | INFO | src.tmc_shapley_islands |   Myken: phi=-0.026320, phi/n=-0.00028609
2026-03-04 20:46:18 | INFO | src.tmc_shapley_islands |   Træna: phi=0.013740, phi/n=0.00004706
2026-03-04 20:46:18 | INFO | src.tmc_shapley_islands |   Selvær: phi=-0.008969, phi/n=-0.00004623
2026-03-04 20:46:18 | INFO | src.tmc_shapley_islands |   Gjerøy: phi=0.100729, phi/n=0.00018052
2026-03-04 20:46:18 | INFO | src.tmc_shapley_islands |   Hestmannøy: phi=-0.024775, phi/n=-0.00002298
2026-03-04 20:46:18 | INFO | src.tmc_shapley_islands |   Indre Kvarøy: phi=0.085901, phi/n=0.00024130
2026-03-04 20:46:18 | INFO | src.tmc_shapley_islands |   Onøy og Lurøy: phi=0.129826, phi/n=0.00050126
2026-03-04 20:46:18 | INFO | src.tmc_shapley_islands |   Lovund: phi=0.058405, phi/n=0.00036965
2026-03-04 20:46:18 | INFO | src.tmc_shapley_islands |   Sleneset: phi=0.011674, phi/n=0.00007032
2026-03-04 20:46:18 | INFO | src.tmc_shapley_islands |   Aldra: phi=-0.083567, phi/n=-0.00048305
2026-03-04 20:46:18 | INFO | src.tmc_shapley_islands |   Southern 1: phi=-0.002893, phi/n=-0.00000496
2026-03-04 20:46:18 | INFO | src.tmc_shapley_islands |   Southern 2: phi=0.025916, phi/n=0.00006528
2026-03-04 20:46:18 | INFO | src.tmc_shapley_islands |   Southern 3: phi=-0.017368, phi/n=-0.00002974
2026-03-04 20:46:18 | INFO | src.tmc_shapley_islands |   Southern 5: phi=0.185704, phi/n=0.00091932
2026-03-04 20:46:18 | INFO | src.tmc_shapley_islands | Curve retraining early stopping: enabled=True, patience=20
2026-03-04 20:46:18 | INFO | src.tmc_shapley_islands | Computing add-islands curve (evaluated on test set)...
2026-03-04 20:46:18 | INFO | src.tmc_shapley_islands | Add-curve (mean): 1 islands, n=202 -> corr=0.0481
2026-03-04 20:46:18 | INFO | src.tmc_shapley_islands | Add-curve (mean): 2 islands, n=461 -> corr=0.0859
2026-03-04 20:46:19 | INFO | src.tmc_shapley_islands | Add-curve (mean): 3 islands, n=619 -> corr=0.0866
2026-03-04 20:46:19 | INFO | src.tmc_shapley_islands | Add-curve (mean): 4 islands, n=975 -> corr=0.0874
2026-03-04 20:46:20 | INFO | src.tmc_shapley_islands | Add-curve (mean): 5 islands, n=1533 -> corr=0.0658
2026-03-04 20:46:20 | INFO | src.tmc_shapley_islands | Add-curve (mean): 6 islands, n=1699 -> corr=0.0800
2026-03-04 20:46:21 | INFO | src.tmc_shapley_islands | Add-curve (mean): 7 islands, n=2096 -> corr=0.0756
2026-03-04 20:46:22 | INFO | src.tmc_shapley_islands | Add-curve (mean): 8 islands, n=2388 -> corr=0.0700
2026-03-04 20:46:23 | INFO | src.tmc_shapley_islands | Add-curve (mean): 9 islands, n=2971 -> corr=0.1153
2026-03-04 20:46:25 | INFO | src.tmc_shapley_islands | Add-curve (mean): 10 islands, n=4049 -> corr=0.1161
2026-03-04 20:46:27 | INFO | src.tmc_shapley_islands | Add-curve (mean): 11 islands, n=4633 -> corr=0.1271
2026-03-04 20:46:29 | INFO | src.tmc_shapley_islands | Add-curve (mean): 12 islands, n=4827 -> corr=0.1225
2026-03-04 20:46:31 | INFO | src.tmc_shapley_islands | Add-curve (mean): 13 islands, n=4946 -> corr=0.1207
2026-03-04 20:46:33 | INFO | src.tmc_shapley_islands | Add-curve (mean): 14 islands, n=5038 -> corr=0.1152
2026-03-04 20:46:36 | INFO | src.tmc_shapley_islands | Add-curve (mean): 15 islands, n=5211 -> corr=0.1126
2026-03-04 20:46:48 | INFO | src.tmc_shapley_islands | Random individual add-curve (seed=0) complete
2026-03-04 20:47:00 | INFO | src.tmc_shapley_islands | Random individual add-curve (seed=1) complete
2026-03-04 20:47:12 | INFO | src.tmc_shapley_islands | Random individual add-curve (seed=2) complete
2026-03-04 20:47:24 | INFO | src.tmc_shapley_islands | Random individual add-curve (seed=3) complete
2026-03-04 20:47:36 | INFO | src.tmc_shapley_islands | Random individual add-curve (seed=4) complete
2026-03-04 20:47:36 | INFO | src.tmc_shapley_islands | Building mirrored remove-islands curve from add-islands curve...
2026-03-04 20:47:36 | INFO | src.tmc_shapley_islands | Saved Shapley values to outputs/tmc_shapley_sweep_all_traits/shards/shard_018/body_mass/tmp/shapley_island_values_target_14.csv
2026-03-04 20:47:36 | INFO | src.tmc_shapley_islands | Saved summary to outputs/tmc_shapley_sweep_all_traits/shards/shard_018/body_mass/tmp/tmc_summary_target_14.json
2026-03-04 20:47:36 | INFO | src.tmc_shapley_islands | Saved intermediate ranking trace to outputs/tmc_shapley_sweep_all_traits/shards/shard_018/body_mass/tmp/tmc_intermediate_rankings_target_14.csv
2026-03-04 20:47:36 | INFO | src.tmc_shapley_islands | Saved add-curve to outputs/tmc_shapley_sweep_all_traits/shards/shard_018/body_mass/tmp/add_curve_target_14.csv
2026-03-04 20:47:36 | INFO | src.tmc_shapley_islands | Saved remove-curve to outputs/tmc_shapley_sweep_all_traits/shards/shard_018/body_mass/tmp/remove_curve_target_14.csv
2026-03-04 20:47:36 | INFO | src.tmc_shapley_islands | Saved bar plot to outputs/tmc_shapley_sweep_all_traits/shards/shard_018/body_mass/tmp/shapley_bar_target_14.png
2026-03-04 20:47:37 | INFO | src.tmc_shapley_islands | Saved add-curve plot to outputs/tmc_shapley_sweep_all_traits/shards/shard_018/body_mass/tmp/add_curve_target_14.png
2026-03-04 20:47:37 | INFO | src.tmc_shapley_islands | Saved remove-curve plot to outputs/tmc_shapley_sweep_all_traits/shards/shard_018/body_mass/tmp/remove_curve_target_14.png
2026-03-04 20:47:37 | INFO | __main__ | Shard 18/30 trait=body_mass progress 58/75 | target=14 n_cal_samples=20 perm=40 repeat=6
2026-03-04 20:47:37 | INFO | src.tmc_shapley_islands | [Shapley] Target island: 14 (Southern 4), source islands: 15
2026-03-04 20:47:38 | INFO | src.tmc_shapley_islands | Data: source=5211 (across 15 islands), cal=20, test=336
2026-03-04 20:47:38 | INFO | src.tmc_shapley_islands | SNP selection: using fixed precomputed subset (n=20000)
2026-03-04 20:47:38 | INFO | src.tmc_shapley_islands | Island counts (capped to None in training):
  Nesøy: n=119
  Myken: n=92
  Træna: n=292
  Selvær: n=194
  Gjerøy: n=558
  Hestmannøy: n=1078
  Indre Kvarøy: n=356
  Onøy og Lurøy: n=259
  Lovund: n=158
  Sleneset: n=166
  Aldra: n=173
  Southern 1: n=583
  Southern 2: n=397
  Southern 3: n=584
  Southern 5: n=202
2026-03-04 20:47:38 | INFO | src.tmc_shapley_islands | Loaded 264 cached utilities from outputs/tmc_shapley_sweep_all_traits/cache/body_mass/utility_cache_target_14_seed_1309382953.json
2026-03-04 20:47:38 | INFO | src.tmc_shapley_islands | Running TMC-Shapley with 40 permutations (utility on cal set)...
2026-03-04 20:47:38 | INFO | src.tmc_shapley_islands | Computing V_full over all 15 source islands...
2026-03-04 20:47:38 | INFO | src.tmc_shapley_islands | V_full = 0.4320
2026-03-04 20:47:38 | INFO | src.tmc_shapley_islands | TMC head-start: loaded 20 completed permutations from state outputs/tmc_shapley_sweep_all_traits/cache/body_mass/tmc_perm_state_target_14_seed_1309382953.json
2026-03-04 20:48:26 | INFO | src.tmc_shapley_islands | TMC progress: 24/40 permutations done, cache hit rate: 24.6%, n_evals: 46
2026-03-04 20:50:10 | INFO | src.tmc_shapley_islands | TMC progress: 32/40 permutations done, cache hit rate: 22.1%, n_evals: 141
2026-03-04 20:51:43 | INFO | src.tmc_shapley_islands | TMC progress: 40/40 permutations done, cache hit rate: 21.9%, n_evals: 235
2026-03-04 20:51:43 | INFO | src.tmc_shapley_islands | TMC complete: 40 permutations, 0 truncated, 235 utility evals, cache hit rate: 21.9%
2026-03-04 20:51:43 | INFO | src.tmc_shapley_islands | Shapley values (phi, computed on cal set):
2026-03-04 20:51:43 | INFO | src.tmc_shapley_islands |   Nesøy: phi=-0.009481, phi/n=-0.00007967
2026-03-04 20:51:43 | INFO | src.tmc_shapley_islands |   Myken: phi=-0.026887, phi/n=-0.00029225
2026-03-04 20:51:43 | INFO | src.tmc_shapley_islands |   Træna: phi=0.009571, phi/n=0.00003278
2026-03-04 20:51:43 | INFO | src.tmc_shapley_islands |   Selvær: phi=-0.006972, phi/n=-0.00003594
2026-03-04 20:51:43 | INFO | src.tmc_shapley_islands |   Gjerøy: phi=0.088049, phi/n=0.00015779
2026-03-04 20:51:43 | INFO | src.tmc_shapley_islands |   Hestmannøy: phi=-0.020596, phi/n=-0.00001911
2026-03-04 20:51:43 | INFO | src.tmc_shapley_islands |   Indre Kvarøy: phi=0.092367, phi/n=0.00025946
2026-03-04 20:51:43 | INFO | src.tmc_shapley_islands |   Onøy og Lurøy: phi=0.134024, phi/n=0.00051747
2026-03-04 20:51:43 | INFO | src.tmc_shapley_islands |   Lovund: phi=0.063145, phi/n=0.00039965
2026-03-04 20:51:43 | INFO | src.tmc_shapley_islands |   Sleneset: phi=0.012339, phi/n=0.00007433
2026-03-04 20:51:43 | INFO | src.tmc_shapley_islands |   Aldra: phi=-0.077554, phi/n=-0.00044829
2026-03-04 20:51:43 | INFO | src.tmc_shapley_islands |   Southern 1: phi=-0.007321, phi/n=-0.00001256
2026-03-04 20:51:43 | INFO | src.tmc_shapley_islands |   Southern 2: phi=0.031289, phi/n=0.00007881
2026-03-04 20:51:43 | INFO | src.tmc_shapley_islands |   Southern 3: phi=-0.012731, phi/n=-0.00002180
2026-03-04 20:51:43 | INFO | src.tmc_shapley_islands |   Southern 5: phi=0.162737, phi/n=0.00080563
2026-03-04 20:51:43 | INFO | src.tmc_shapley_islands | Curve retraining early stopping: enabled=True, patience=20
2026-03-04 20:51:43 | INFO | src.tmc_shapley_islands | Computing add-islands curve (evaluated on test set)...
2026-03-04 20:51:43 | INFO | src.tmc_shapley_islands | Add-curve (mean): 1 islands, n=202 -> corr=0.0481
2026-03-04 20:51:44 | INFO | src.tmc_shapley_islands | Add-curve (mean): 2 islands, n=461 -> corr=0.0859
2026-03-04 20:51:44 | INFO | src.tmc_shapley_islands | Add-curve (mean): 3 islands, n=619 -> corr=0.0866
2026-03-04 20:51:44 | INFO | src.tmc_shapley_islands | Add-curve (mean): 4 islands, n=975 -> corr=0.0874
2026-03-04 20:51:45 | INFO | src.tmc_shapley_islands | Add-curve (mean): 5 islands, n=1533 -> corr=0.0658
2026-03-04 20:51:46 | INFO | src.tmc_shapley_islands | Add-curve (mean): 6 islands, n=1930 -> corr=0.0633
2026-03-04 20:51:46 | INFO | src.tmc_shapley_islands | Add-curve (mean): 7 islands, n=2096 -> corr=0.0756
2026-03-04 20:51:47 | INFO | src.tmc_shapley_islands | Add-curve (mean): 8 islands, n=2388 -> corr=0.0700
2026-03-04 20:51:48 | INFO | src.tmc_shapley_islands | Add-curve (mean): 9 islands, n=2971 -> corr=0.1153
2026-03-04 20:51:50 | INFO | src.tmc_shapley_islands | Add-curve (mean): 10 islands, n=4049 -> corr=0.1161
2026-03-04 20:51:52 | INFO | src.tmc_shapley_islands | Add-curve (mean): 11 islands, n=4633 -> corr=0.1271
2026-03-04 20:51:54 | INFO | src.tmc_shapley_islands | Add-curve (mean): 12 islands, n=4827 -> corr=0.1225
2026-03-04 20:51:56 | INFO | src.tmc_shapley_islands | Add-curve (mean): 13 islands, n=4946 -> corr=0.1207
2026-03-04 20:51:59 | INFO | src.tmc_shapley_islands | Add-curve (mean): 14 islands, n=5038 -> corr=0.1152
2026-03-04 20:52:01 | INFO | src.tmc_shapley_islands | Add-curve (mean): 15 islands, n=5211 -> corr=0.1126
2026-03-04 20:52:13 | INFO | src.tmc_shapley_islands | Random individual add-curve (seed=0) complete
2026-03-04 20:52:25 | INFO | src.tmc_shapley_islands | Random individual add-curve (seed=1) complete
2026-03-04 20:52:37 | INFO | src.tmc_shapley_islands | Random individual add-curve (seed=2) complete
2026-03-04 20:52:49 | INFO | src.tmc_shapley_islands | Random individual add-curve (seed=3) complete
2026-03-04 20:53:02 | INFO | src.tmc_shapley_islands | Random individual add-curve (seed=4) complete
2026-03-04 20:53:02 | INFO | src.tmc_shapley_islands | Building mirrored remove-islands curve from add-islands curve...
2026-03-04 20:53:02 | INFO | src.tmc_shapley_islands | Saved Shapley values to outputs/tmc_shapley_sweep_all_traits/shards/shard_018/body_mass/tmp/shapley_island_values_target_14.csv
2026-03-04 20:53:02 | INFO | src.tmc_shapley_islands | Saved summary to outputs/tmc_shapley_sweep_all_traits/shards/shard_018/body_mass/tmp/tmc_summary_target_14.json
2026-03-04 20:53:02 | INFO | src.tmc_shapley_islands | Saved intermediate ranking trace to outputs/tmc_shapley_sweep_all_traits/shards/shard_018/body_mass/tmp/tmc_intermediate_rankings_target_14.csv
2026-03-04 20:53:02 | INFO | src.tmc_shapley_islands | Saved add-curve to outputs/tmc_shapley_sweep_all_traits/shards/shard_018/body_mass/tmp/add_curve_target_14.csv
2026-03-04 20:53:02 | INFO | src.tmc_shapley_islands | Saved remove-curve to outputs/tmc_shapley_sweep_all_traits/shards/shard_018/body_mass/tmp/remove_curve_target_14.csv
2026-03-04 20:53:02 | INFO | src.tmc_shapley_islands | Saved bar plot to outputs/tmc_shapley_sweep_all_traits/shards/shard_018/body_mass/tmp/shapley_bar_target_14.png
2026-03-04 20:53:03 | INFO | src.tmc_shapley_islands | Saved add-curve plot to outputs/tmc_shapley_sweep_all_traits/shards/shard_018/body_mass/tmp/add_curve_target_14.png
2026-03-04 20:53:03 | INFO | src.tmc_shapley_islands | Saved remove-curve plot to outputs/tmc_shapley_sweep_all_traits/shards/shard_018/body_mass/tmp/remove_curve_target_14.png
2026-03-04 20:53:03 | INFO | __main__ | Shard 18/30 trait=body_mass progress 59/75 | target=14 n_cal_samples=20 perm=80 repeat=6
2026-03-04 20:53:03 | INFO | src.tmc_shapley_islands | [Shapley] Target island: 14 (Southern 4), source islands: 15
2026-03-04 20:53:04 | INFO | src.tmc_shapley_islands | Data: source=5211 (across 15 islands), cal=20, test=336
2026-03-04 20:53:04 | INFO | src.tmc_shapley_islands | SNP selection: using fixed precomputed subset (n=20000)
2026-03-04 20:53:04 | INFO | src.tmc_shapley_islands | Island counts (capped to None in training):
  Nesøy: n=119
  Myken: n=92
  Træna: n=292
  Selvær: n=194
  Gjerøy: n=558
  Hestmannøy: n=1078
  Indre Kvarøy: n=356
  Onøy og Lurøy: n=259
  Lovund: n=158
  Sleneset: n=166
  Aldra: n=173
  Southern 1: n=583
  Southern 2: n=397
  Southern 3: n=584
  Southern 5: n=202
2026-03-04 20:53:04 | INFO | src.tmc_shapley_islands | Loaded 499 cached utilities from outputs/tmc_shapley_sweep_all_traits/cache/body_mass/utility_cache_target_14_seed_1309382953.json
2026-03-04 20:53:04 | INFO | src.tmc_shapley_islands | Running TMC-Shapley with 80 permutations (utility on cal set)...
2026-03-04 20:53:04 | INFO | src.tmc_shapley_islands | Computing V_full over all 15 source islands...
2026-03-04 20:53:04 | INFO | src.tmc_shapley_islands | V_full = 0.4320
2026-03-04 20:53:04 | INFO | src.tmc_shapley_islands | TMC head-start: loaded 40 completed permutations from state outputs/tmc_shapley_sweep_all_traits/cache/body_mass/tmc_perm_state_target_14_seed_1309382953.json
2026-03-04 20:54:38 | INFO | src.tmc_shapley_islands | TMC progress: 48/80 permutations done, cache hit rate: 29.8%, n_evals: 85
2026-03-04 20:57:32 | INFO | src.tmc_shapley_islands | TMC progress: 64/80 permutations done, cache hit rate: 28.8%, n_evals: 257
2026-03-04 21:00:15 | INFO | src.tmc_shapley_islands | TMC progress: 80/80 permutations done, cache hit rate: 29.6%, n_evals: 423
2026-03-04 21:00:15 | INFO | src.tmc_shapley_islands | TMC complete: 80 permutations, 0 truncated, 423 utility evals, cache hit rate: 29.6%
2026-03-04 21:00:15 | INFO | src.tmc_shapley_islands | Shapley values (phi, computed on cal set):
2026-03-04 21:00:15 | INFO | src.tmc_shapley_islands |   Nesøy: phi=-0.011059, phi/n=-0.00009293
2026-03-04 21:00:15 | INFO | src.tmc_shapley_islands |   Myken: phi=-0.026367, phi/n=-0.00028659
2026-03-04 21:00:15 | INFO | src.tmc_shapley_islands |   Træna: phi=0.008918, phi/n=0.00003054
2026-03-04 21:00:15 | INFO | src.tmc_shapley_islands |   Selvær: phi=-0.000546, phi/n=-0.00000282
2026-03-04 21:00:15 | INFO | src.tmc_shapley_islands |   Gjerøy: phi=0.116016, phi/n=0.00020791
2026-03-04 21:00:15 | INFO | src.tmc_shapley_islands |   Hestmannøy: phi=-0.017274, phi/n=-0.00001602
2026-03-04 21:00:15 | INFO | src.tmc_shapley_islands |   Indre Kvarøy: phi=0.099280, phi/n=0.00027888
2026-03-04 21:00:15 | INFO | src.tmc_shapley_islands |   Onøy og Lurøy: phi=0.122193, phi/n=0.00047179
2026-03-04 21:00:15 | INFO | src.tmc_shapley_islands |   Lovund: phi=0.052810, phi/n=0.00033424
2026-03-04 21:00:15 | INFO | src.tmc_shapley_islands |   Sleneset: phi=0.009662, phi/n=0.00005820
2026-03-04 21:00:15 | INFO | src.tmc_shapley_islands |   Aldra: phi=-0.084246, phi/n=-0.00048697
2026-03-04 21:00:15 | INFO | src.tmc_shapley_islands |   Southern 1: phi=-0.004700, phi/n=-0.00000806
2026-03-04 21:00:15 | INFO | src.tmc_shapley_islands |   Southern 2: phi=0.021555, phi/n=0.00005430
2026-03-04 21:00:15 | INFO | src.tmc_shapley_islands |   Southern 3: phi=-0.016107, phi/n=-0.00002758
2026-03-04 21:00:15 | INFO | src.tmc_shapley_islands |   Southern 5: phi=0.161844, phi/n=0.00080121
2026-03-04 21:00:15 | INFO | src.tmc_shapley_islands | Curve retraining early stopping: enabled=True, patience=20
2026-03-04 21:00:15 | INFO | src.tmc_shapley_islands | Computing add-islands curve (evaluated on test set)...
2026-03-04 21:00:15 | INFO | src.tmc_shapley_islands | Add-curve (mean): 1 islands, n=202 -> corr=0.0481
2026-03-04 21:00:15 | INFO | src.tmc_shapley_islands | Add-curve (mean): 2 islands, n=461 -> corr=0.0859
2026-03-04 21:00:15 | INFO | src.tmc_shapley_islands | Add-curve (mean): 3 islands, n=619 -> corr=0.0866
2026-03-04 21:00:16 | INFO | src.tmc_shapley_islands | Add-curve (mean): 4 islands, n=975 -> corr=0.0874
2026-03-04 21:00:16 | INFO | src.tmc_shapley_islands | Add-curve (mean): 5 islands, n=1533 -> corr=0.0658
2026-03-04 21:00:17 | INFO | src.tmc_shapley_islands | Add-curve (mean): 6 islands, n=1699 -> corr=0.0800
2026-03-04 21:00:18 | INFO | src.tmc_shapley_islands | Add-curve (mean): 7 islands, n=2096 -> corr=0.0756
2026-03-04 21:00:19 | INFO | src.tmc_shapley_islands | Add-curve (mean): 8 islands, n=2388 -> corr=0.0700
2026-03-04 21:00:20 | INFO | src.tmc_shapley_islands | Add-curve (mean): 9 islands, n=2582 -> corr=0.0660
2026-03-04 21:00:21 | INFO | src.tmc_shapley_islands | Add-curve (mean): 10 islands, n=3165 -> corr=0.1100
2026-03-04 21:00:23 | INFO | src.tmc_shapley_islands | Add-curve (mean): 11 islands, n=4243 -> corr=0.1118
2026-03-04 21:00:25 | INFO | src.tmc_shapley_islands | Add-curve (mean): 12 islands, n=4827 -> corr=0.1225
2026-03-04 21:00:27 | INFO | src.tmc_shapley_islands | Add-curve (mean): 13 islands, n=4946 -> corr=0.1207
2026-03-04 21:00:29 | INFO | src.tmc_shapley_islands | Add-curve (mean): 14 islands, n=5038 -> corr=0.1152
2026-03-04 21:00:31 | INFO | src.tmc_shapley_islands | Add-curve (mean): 15 islands, n=5211 -> corr=0.1126
2026-03-04 21:00:43 | INFO | src.tmc_shapley_islands | Random individual add-curve (seed=0) complete
2026-03-04 21:00:55 | INFO | src.tmc_shapley_islands | Random individual add-curve (seed=1) complete
2026-03-04 21:01:06 | INFO | src.tmc_shapley_islands | Random individual add-curve (seed=2) complete
2026-03-04 21:01:18 | INFO | src.tmc_shapley_islands | Random individual add-curve (seed=3) complete
2026-03-04 21:01:29 | INFO | src.tmc_shapley_islands | Random individual add-curve (seed=4) complete
2026-03-04 21:01:29 | INFO | src.tmc_shapley_islands | Building mirrored remove-islands curve from add-islands curve...
2026-03-04 21:01:29 | INFO | src.tmc_shapley_islands | Saved Shapley values to outputs/tmc_shapley_sweep_all_traits/shards/shard_018/body_mass/tmp/shapley_island_values_target_14.csv
2026-03-04 21:01:29 | INFO | src.tmc_shapley_islands | Saved summary to outputs/tmc_shapley_sweep_all_traits/shards/shard_018/body_mass/tmp/tmc_summary_target_14.json
2026-03-04 21:01:29 | INFO | src.tmc_shapley_islands | Saved intermediate ranking trace to outputs/tmc_shapley_sweep_all_traits/shards/shard_018/body_mass/tmp/tmc_intermediate_rankings_target_14.csv
2026-03-04 21:01:29 | INFO | src.tmc_shapley_islands | Saved add-curve to outputs/tmc_shapley_sweep_all_traits/shards/shard_018/body_mass/tmp/add_curve_target_14.csv
2026-03-04 21:01:29 | INFO | src.tmc_shapley_islands | Saved remove-curve to outputs/tmc_shapley_sweep_all_traits/shards/shard_018/body_mass/tmp/remove_curve_target_14.csv
2026-03-04 21:01:30 | INFO | src.tmc_shapley_islands | Saved bar plot to outputs/tmc_shapley_sweep_all_traits/shards/shard_018/body_mass/tmp/shapley_bar_target_14.png
2026-03-04 21:01:30 | INFO | src.tmc_shapley_islands | Saved add-curve plot to outputs/tmc_shapley_sweep_all_traits/shards/shard_018/body_mass/tmp/add_curve_target_14.png
2026-03-04 21:01:31 | INFO | src.tmc_shapley_islands | Saved remove-curve plot to outputs/tmc_shapley_sweep_all_traits/shards/shard_018/body_mass/tmp/remove_curve_target_14.png
2026-03-04 21:01:31 | INFO | __main__ | Shard 18/30 trait=body_mass progress 60/75 | target=14 n_cal_samples=20 perm=150 repeat=6
2026-03-04 21:01:31 | INFO | src.tmc_shapley_islands | [Shapley] Target island: 14 (Southern 4), source islands: 15
2026-03-04 21:01:32 | INFO | src.tmc_shapley_islands | Data: source=5211 (across 15 islands), cal=20, test=336
2026-03-04 21:01:32 | INFO | src.tmc_shapley_islands | SNP selection: using fixed precomputed subset (n=20000)
2026-03-04 21:01:32 | INFO | src.tmc_shapley_islands | Island counts (capped to None in training):
  Nesøy: n=119
  Myken: n=92
  Træna: n=292
  Selvær: n=194
  Gjerøy: n=558
  Hestmannøy: n=1078
  Indre Kvarøy: n=356
  Onøy og Lurøy: n=259
  Lovund: n=158
  Sleneset: n=166
  Aldra: n=173
  Southern 1: n=583
  Southern 2: n=397
  Southern 3: n=584
  Southern 5: n=202
2026-03-04 21:01:32 | INFO | src.tmc_shapley_islands | Loaded 922 cached utilities from outputs/tmc_shapley_sweep_all_traits/cache/body_mass/utility_cache_target_14_seed_1309382953.json
2026-03-04 21:01:32 | INFO | src.tmc_shapley_islands | Running TMC-Shapley with 150 permutations (utility on cal set)...
2026-03-04 21:01:32 | INFO | src.tmc_shapley_islands | Computing V_full over all 15 source islands...
2026-03-04 21:01:32 | INFO | src.tmc_shapley_islands | V_full = 0.4320
2026-03-04 21:01:32 | INFO | src.tmc_shapley_islands | TMC head-start: loaded 80 completed permutations from state outputs/tmc_shapley_sweep_all_traits/cache/body_mass/tmc_perm_state_target_14_seed_1309382953.json
2026-03-04 21:03:11 | INFO | src.tmc_shapley_islands | TMC progress: 90/150 permutations done, cache hit rate: 31.8%, n_evals: 103
2026-03-04 21:08:33 | INFO | src.tmc_shapley_islands | TMC progress: 120/150 permutations done, cache hit rate: 32.8%, n_evals: 404
2026-03-04 21:13:25 | INFO | src.tmc_shapley_islands | TMC progress: 150/150 permutations done, cache hit rate: 33.7%, n_evals: 697
2026-03-04 21:13:25 | INFO | src.tmc_shapley_islands | TMC complete: 150 permutations, 0 truncated, 697 utility evals, cache hit rate: 33.7%
2026-03-04 21:13:25 | INFO | src.tmc_shapley_islands | Shapley values (phi, computed on cal set):
2026-03-04 21:13:25 | INFO | src.tmc_shapley_islands |   Nesøy: phi=-0.011163, phi/n=-0.00009381
2026-03-04 21:13:25 | INFO | src.tmc_shapley_islands |   Myken: phi=-0.028429, phi/n=-0.00030901
2026-03-04 21:13:25 | INFO | src.tmc_shapley_islands |   Træna: phi=0.005878, phi/n=0.00002013
2026-03-04 21:13:25 | INFO | src.tmc_shapley_islands |   Selvær: phi=0.001363, phi/n=0.00000703
2026-03-04 21:13:25 | INFO | src.tmc_shapley_islands |   Gjerøy: phi=0.116974, phi/n=0.00020963
2026-03-04 21:13:25 | INFO | src.tmc_shapley_islands |   Hestmannøy: phi=-0.023661, phi/n=-0.00002195
2026-03-04 21:13:25 | INFO | src.tmc_shapley_islands |   Indre Kvarøy: phi=0.105880, phi/n=0.00029742
2026-03-04 21:13:25 | INFO | src.tmc_shapley_islands |   Onøy og Lurøy: phi=0.116323, phi/n=0.00044912
2026-03-04 21:13:25 | INFO | src.tmc_shapley_islands |   Lovund: phi=0.052868, phi/n=0.00033461
2026-03-04 21:13:25 | INFO | src.tmc_shapley_islands |   Sleneset: phi=0.010779, phi/n=0.00006493
2026-03-04 21:13:25 | INFO | src.tmc_shapley_islands |   Aldra: phi=-0.080909, phi/n=-0.00046768
2026-03-04 21:13:25 | INFO | src.tmc_shapley_islands |   Southern 1: phi=-0.005229, phi/n=-0.00000897
2026-03-04 21:13:25 | INFO | src.tmc_shapley_islands |   Southern 2: phi=0.018401, phi/n=0.00004635
2026-03-04 21:13:25 | INFO | src.tmc_shapley_islands |   Southern 3: phi=-0.015198, phi/n=-0.00002602
2026-03-04 21:13:25 | INFO | src.tmc_shapley_islands |   Southern 5: phi=0.168102, phi/n=0.00083219
2026-03-04 21:13:25 | INFO | src.tmc_shapley_islands | Curve retraining early stopping: enabled=True, patience=20
2026-03-04 21:13:25 | INFO | src.tmc_shapley_islands | Computing add-islands curve (evaluated on test set)...
2026-03-04 21:13:25 | INFO | src.tmc_shapley_islands | Add-curve (mean): 1 islands, n=202 -> corr=0.0481
2026-03-04 21:13:25 | INFO | src.tmc_shapley_islands | Add-curve (mean): 2 islands, n=461 -> corr=0.0859
2026-03-04 21:13:25 | INFO | src.tmc_shapley_islands | Add-curve (mean): 3 islands, n=619 -> corr=0.0866
2026-03-04 21:13:26 | INFO | src.tmc_shapley_islands | Add-curve (mean): 4 islands, n=975 -> corr=0.0874
2026-03-04 21:13:27 | INFO | src.tmc_shapley_islands | Add-curve (mean): 5 islands, n=1533 -> corr=0.0658
2026-03-04 21:13:27 | INFO | src.tmc_shapley_islands | Add-curve (mean): 6 islands, n=1699 -> corr=0.0800
2026-03-04 21:13:28 | INFO | src.tmc_shapley_islands | Add-curve (mean): 7 islands, n=2096 -> corr=0.0756
2026-03-04 21:13:29 | INFO | src.tmc_shapley_islands | Add-curve (mean): 8 islands, n=2388 -> corr=0.0700
2026-03-04 21:13:30 | INFO | src.tmc_shapley_islands | Add-curve (mean): 9 islands, n=2582 -> corr=0.0660
2026-03-04 21:13:31 | INFO | src.tmc_shapley_islands | Add-curve (mean): 10 islands, n=3165 -> corr=0.1100
2026-03-04 21:13:33 | INFO | src.tmc_shapley_islands | Add-curve (mean): 11 islands, n=4243 -> corr=0.1118
2026-03-04 21:13:35 | INFO | src.tmc_shapley_islands | Add-curve (mean): 12 islands, n=4827 -> corr=0.1225
2026-03-04 21:13:37 | INFO | src.tmc_shapley_islands | Add-curve (mean): 13 islands, n=4946 -> corr=0.1207
2026-03-04 21:13:39 | INFO | src.tmc_shapley_islands | Add-curve (mean): 14 islands, n=5038 -> corr=0.1152
2026-03-04 21:13:42 | INFO | src.tmc_shapley_islands | Add-curve (mean): 15 islands, n=5211 -> corr=0.1126
2026-03-04 21:13:53 | INFO | src.tmc_shapley_islands | Random individual add-curve (seed=0) complete
2026-03-04 21:14:05 | INFO | src.tmc_shapley_islands | Random individual add-curve (seed=1) complete
2026-03-04 21:14:16 | INFO | src.tmc_shapley_islands | Random individual add-curve (seed=2) complete
2026-03-04 21:14:27 | INFO | src.tmc_shapley_islands | Random individual add-curve (seed=3) complete
2026-03-04 21:14:38 | INFO | src.tmc_shapley_islands | Random individual add-curve (seed=4) complete
2026-03-04 21:14:38 | INFO | src.tmc_shapley_islands | Building mirrored remove-islands curve from add-islands curve...
2026-03-04 21:14:38 | INFO | src.tmc_shapley_islands | Saved Shapley values to outputs/tmc_shapley_sweep_all_traits/shards/shard_018/body_mass/tmp/shapley_island_values_target_14.csv
2026-03-04 21:14:38 | INFO | src.tmc_shapley_islands | Saved summary to outputs/tmc_shapley_sweep_all_traits/shards/shard_018/body_mass/tmp/tmc_summary_target_14.json
2026-03-04 21:14:38 | INFO | src.tmc_shapley_islands | Saved intermediate ranking trace to outputs/tmc_shapley_sweep_all_traits/shards/shard_018/body_mass/tmp/tmc_intermediate_rankings_target_14.csv
2026-03-04 21:14:38 | INFO | src.tmc_shapley_islands | Saved add-curve to outputs/tmc_shapley_sweep_all_traits/shards/shard_018/body_mass/tmp/add_curve_target_14.csv
2026-03-04 21:14:38 | INFO | src.tmc_shapley_islands | Saved remove-curve to outputs/tmc_shapley_sweep_all_traits/shards/shard_018/body_mass/tmp/remove_curve_target_14.csv
2026-03-04 21:14:38 | INFO | src.tmc_shapley_islands | Saved bar plot to outputs/tmc_shapley_sweep_all_traits/shards/shard_018/body_mass/tmp/shapley_bar_target_14.png
2026-03-04 21:14:39 | INFO | src.tmc_shapley_islands | Saved add-curve plot to outputs/tmc_shapley_sweep_all_traits/shards/shard_018/body_mass/tmp/add_curve_target_14.png
2026-03-04 21:14:39 | INFO | src.tmc_shapley_islands | Saved remove-curve plot to outputs/tmc_shapley_sweep_all_traits/shards/shard_018/body_mass/tmp/remove_curve_target_14.png
2026-03-04 21:14:39 | INFO | __main__ | Shard 18/30 trait=body_mass progress 61/75 | target=14 n_cal_samples=40 perm=10 repeat=6
2026-03-04 21:14:39 | INFO | src.tmc_shapley_islands | [Shapley] Target island: 14 (Southern 4), source islands: 15
2026-03-04 21:14:40 | INFO | src.tmc_shapley_islands | Data: source=5211 (across 15 islands), cal=40, test=336
2026-03-04 21:14:40 | INFO | src.tmc_shapley_islands | SNP selection: using fixed precomputed subset (n=20000)
2026-03-04 21:14:40 | INFO | src.tmc_shapley_islands | Island counts (capped to None in training):
  Nesøy: n=119
  Myken: n=92
  Træna: n=292
  Selvær: n=194
  Gjerøy: n=558
  Hestmannøy: n=1078
  Indre Kvarøy: n=356
  Onøy og Lurøy: n=259
  Lovund: n=158
  Sleneset: n=166
  Aldra: n=173
  Southern 1: n=583
  Southern 2: n=397
  Southern 3: n=584
  Southern 5: n=202
2026-03-04 21:14:40 | INFO | src.tmc_shapley_islands | Running TMC-Shapley with 10 permutations (utility on cal set)...
2026-03-04 21:14:40 | INFO | src.tmc_shapley_islands | Computing V_full over all 15 source islands...
2026-03-04 21:14:42 | INFO | src.tmc_shapley_islands | V_full = -0.0264
2026-03-04 21:15:08 | INFO | src.tmc_shapley_islands | TMC progress: 2/10 permutations done, cache hit rate: 9.7%, n_evals: 28
2026-03-04 21:15:41 | INFO | src.tmc_shapley_islands | TMC progress: 4/10 permutations done, cache hit rate: 8.2%, n_evals: 56
2026-03-04 21:16:04 | INFO | src.tmc_shapley_islands | TMC progress: 6/10 permutations done, cache hit rate: 9.9%, n_evals: 82
2026-03-04 21:16:36 | INFO | src.tmc_shapley_islands | TMC progress: 8/10 permutations done, cache hit rate: 9.9%, n_evals: 109
2026-03-04 21:17:04 | INFO | src.tmc_shapley_islands | TMC progress: 10/10 permutations done, cache hit rate: 9.9%, n_evals: 136
2026-03-04 21:17:04 | INFO | src.tmc_shapley_islands | TMC complete: 10 permutations, 0 truncated, 136 utility evals, cache hit rate: 9.9%
2026-03-04 21:17:04 | INFO | src.tmc_shapley_islands | Shapley values (phi, computed on cal set):
2026-03-04 21:17:04 | INFO | src.tmc_shapley_islands |   Nesøy: phi=-0.044972, phi/n=-0.00037791
2026-03-04 21:17:04 | INFO | src.tmc_shapley_islands |   Myken: phi=-0.012660, phi/n=-0.00013761
2026-03-04 21:17:04 | INFO | src.tmc_shapley_islands |   Træna: phi=0.044668, phi/n=0.00015297
2026-03-04 21:17:04 | INFO | src.tmc_shapley_islands |   Selvær: phi=-0.036758, phi/n=-0.00018947
2026-03-04 21:17:04 | INFO | src.tmc_shapley_islands |   Gjerøy: phi=-0.091349, phi/n=-0.00016371
2026-03-04 21:17:04 | INFO | src.tmc_shapley_islands |   Hestmannøy: phi=0.201982, phi/n=0.00018737
2026-03-04 21:17:04 | INFO | src.tmc_shapley_islands |   Indre Kvarøy: phi=-0.033328, phi/n=-0.00009362
2026-03-04 21:17:04 | INFO | src.tmc_shapley_islands |   Onøy og Lurøy: phi=-0.043919, phi/n=-0.00016957
2026-03-04 21:17:04 | INFO | src.tmc_shapley_islands |   Lovund: phi=0.043621, phi/n=0.00027608
2026-03-04 21:17:04 | INFO | src.tmc_shapley_islands |   Sleneset: phi=-0.006788, phi/n=-0.00004089
2026-03-04 21:17:04 | INFO | src.tmc_shapley_islands |   Aldra: phi=-0.022459, phi/n=-0.00012982
2026-03-04 21:17:04 | INFO | src.tmc_shapley_islands |   Southern 1: phi=0.010330, phi/n=0.00001772
2026-03-04 21:17:04 | INFO | src.tmc_shapley_islands |   Southern 2: phi=0.087624, phi/n=0.00022071
2026-03-04 21:17:04 | INFO | src.tmc_shapley_islands |   Southern 3: phi=-0.044889, phi/n=-0.00007686
2026-03-04 21:17:04 | INFO | src.tmc_shapley_islands |   Southern 5: phi=-0.077465, phi/n=-0.00038349
2026-03-04 21:17:04 | INFO | src.tmc_shapley_islands | Curve retraining early stopping: enabled=True, patience=20
2026-03-04 21:17:04 | INFO | src.tmc_shapley_islands | Computing add-islands curve (evaluated on test set)...
2026-03-04 21:17:04 | INFO | src.tmc_shapley_islands | Add-curve (mean): 1 islands, n=158 -> corr=0.0260
2026-03-04 21:17:04 | INFO | src.tmc_shapley_islands | Add-curve (mean): 2 islands, n=555 -> corr=0.1089
2026-03-04 21:17:05 | INFO | src.tmc_shapley_islands | Add-curve (mean): 3 islands, n=1633 -> corr=0.0412
2026-03-04 21:17:05 | INFO | src.tmc_shapley_islands | Add-curve (mean): 4 islands, n=1925 -> corr=0.0373
2026-03-04 21:17:06 | INFO | src.tmc_shapley_islands | Add-curve (mean): 5 islands, n=2508 -> corr=0.0600
2026-03-04 21:17:07 | INFO | src.tmc_shapley_islands | Add-curve (mean): 6 islands, n=2674 -> corr=0.0577
2026-03-04 21:17:09 | INFO | src.tmc_shapley_islands | Add-curve (mean): 7 islands, n=3258 -> corr=0.0874
2026-03-04 21:17:10 | INFO | src.tmc_shapley_islands | Add-curve (mean): 8 islands, n=3614 -> corr=0.0772
2026-03-04 21:17:12 | INFO | src.tmc_shapley_islands | Add-curve (mean): 9 islands, n=3787 -> corr=0.0600
2026-03-04 21:17:13 | INFO | src.tmc_shapley_islands | Add-curve (mean): 10 islands, n=3879 -> corr=0.0604
2026-03-04 21:17:15 | INFO | src.tmc_shapley_islands | Add-curve (mean): 11 islands, n=4437 -> corr=0.0743
2026-03-04 21:17:17 | INFO | src.tmc_shapley_islands | Add-curve (mean): 12 islands, n=4696 -> corr=0.0919
2026-03-04 21:17:19 | INFO | src.tmc_shapley_islands | Add-curve (mean): 13 islands, n=4890 -> corr=0.0943
2026-03-04 21:17:22 | INFO | src.tmc_shapley_islands | Add-curve (mean): 14 islands, n=5009 -> corr=0.0933
2026-03-04 21:17:24 | INFO | src.tmc_shapley_islands | Add-curve (mean): 15 islands, n=5211 -> corr=0.1056
2026-03-04 21:17:38 | INFO | src.tmc_shapley_islands | Random individual add-curve (seed=0) complete
2026-03-04 21:17:51 | INFO | src.tmc_shapley_islands | Random individual add-curve (seed=1) complete
2026-03-04 21:18:05 | INFO | src.tmc_shapley_islands | Random individual add-curve (seed=2) complete
2026-03-04 21:18:19 | INFO | src.tmc_shapley_islands | Random individual add-curve (seed=3) complete
2026-03-04 21:18:32 | INFO | src.tmc_shapley_islands | Random individual add-curve (seed=4) complete
2026-03-04 21:18:32 | INFO | src.tmc_shapley_islands | Building mirrored remove-islands curve from add-islands curve...
2026-03-04 21:18:32 | INFO | src.tmc_shapley_islands | Saved Shapley values to outputs/tmc_shapley_sweep_all_traits/shards/shard_018/body_mass/tmp/shapley_island_values_target_14.csv
2026-03-04 21:18:32 | INFO | src.tmc_shapley_islands | Saved summary to outputs/tmc_shapley_sweep_all_traits/shards/shard_018/body_mass/tmp/tmc_summary_target_14.json
2026-03-04 21:18:32 | INFO | src.tmc_shapley_islands | Saved intermediate ranking trace to outputs/tmc_shapley_sweep_all_traits/shards/shard_018/body_mass/tmp/tmc_intermediate_rankings_target_14.csv
2026-03-04 21:18:32 | INFO | src.tmc_shapley_islands | Saved add-curve to outputs/tmc_shapley_sweep_all_traits/shards/shard_018/body_mass/tmp/add_curve_target_14.csv
2026-03-04 21:18:32 | INFO | src.tmc_shapley_islands | Saved remove-curve to outputs/tmc_shapley_sweep_all_traits/shards/shard_018/body_mass/tmp/remove_curve_target_14.csv
2026-03-04 21:18:33 | INFO | src.tmc_shapley_islands | Saved bar plot to outputs/tmc_shapley_sweep_all_traits/shards/shard_018/body_mass/tmp/shapley_bar_target_14.png
2026-03-04 21:18:33 | INFO | src.tmc_shapley_islands | Saved add-curve plot to outputs/tmc_shapley_sweep_all_traits/shards/shard_018/body_mass/tmp/add_curve_target_14.png
2026-03-04 21:18:34 | INFO | src.tmc_shapley_islands | Saved remove-curve plot to outputs/tmc_shapley_sweep_all_traits/shards/shard_018/body_mass/tmp/remove_curve_target_14.png
2026-03-04 21:18:34 | INFO | __main__ | Shard 18/30 trait=body_mass progress 62/75 | target=14 n_cal_samples=40 perm=20 repeat=6
2026-03-04 21:18:34 | INFO | src.tmc_shapley_islands | [Shapley] Target island: 14 (Southern 4), source islands: 15
2026-03-04 21:18:35 | INFO | src.tmc_shapley_islands | Data: source=5211 (across 15 islands), cal=40, test=336
2026-03-04 21:18:35 | INFO | src.tmc_shapley_islands | SNP selection: using fixed precomputed subset (n=20000)
2026-03-04 21:18:35 | INFO | src.tmc_shapley_islands | Island counts (capped to None in training):
  Nesøy: n=119
  Myken: n=92
  Træna: n=292
  Selvær: n=194
  Gjerøy: n=558
  Hestmannøy: n=1078
  Indre Kvarøy: n=356
  Onøy og Lurøy: n=259
  Lovund: n=158
  Sleneset: n=166
  Aldra: n=173
  Southern 1: n=583
  Southern 2: n=397
  Southern 3: n=584
  Southern 5: n=202
2026-03-04 21:18:35 | INFO | src.tmc_shapley_islands | Loaded 136 cached utilities from outputs/tmc_shapley_sweep_all_traits/cache/body_mass/utility_cache_target_14_seed_1102993653.json
2026-03-04 21:18:35 | INFO | src.tmc_shapley_islands | Running TMC-Shapley with 20 permutations (utility on cal set)...
2026-03-04 21:18:35 | INFO | src.tmc_shapley_islands | Computing V_full over all 15 source islands...
2026-03-04 21:18:35 | INFO | src.tmc_shapley_islands | V_full = -0.0264
2026-03-04 21:18:35 | INFO | src.tmc_shapley_islands | TMC head-start: loaded 10 completed permutations from state outputs/tmc_shapley_sweep_all_traits/cache/body_mass/tmc_perm_state_target_14_seed_1102993653.json
2026-03-04 21:19:02 | INFO | src.tmc_shapley_islands | TMC progress: 12/20 permutations done, cache hit rate: 12.9%, n_evals: 27
2026-03-04 21:19:56 | INFO | src.tmc_shapley_islands | TMC progress: 16/20 permutations done, cache hit rate: 13.2%, n_evals: 79
2026-03-04 21:20:50 | INFO | src.tmc_shapley_islands | TMC progress: 20/20 permutations done, cache hit rate: 17.2%, n_evals: 125
2026-03-04 21:20:50 | INFO | src.tmc_shapley_islands | TMC complete: 20 permutations, 0 truncated, 125 utility evals, cache hit rate: 17.2%
2026-03-04 21:20:50 | INFO | src.tmc_shapley_islands | Shapley values (phi, computed on cal set):
2026-03-04 21:20:50 | INFO | src.tmc_shapley_islands |   Nesøy: phi=-0.053006, phi/n=-0.00044543
2026-03-04 21:20:50 | INFO | src.tmc_shapley_islands |   Myken: phi=-0.013802, phi/n=-0.00015002
2026-03-04 21:20:50 | INFO | src.tmc_shapley_islands |   Træna: phi=0.038398, phi/n=0.00013150
2026-03-04 21:20:50 | INFO | src.tmc_shapley_islands |   Selvær: phi=-0.053876, phi/n=-0.00027771
2026-03-04 21:20:50 | INFO | src.tmc_shapley_islands |   Gjerøy: phi=-0.077337, phi/n=-0.00013860
2026-03-04 21:20:50 | INFO | src.tmc_shapley_islands |   Hestmannøy: phi=0.215846, phi/n=0.00020023
2026-03-04 21:20:50 | INFO | src.tmc_shapley_islands |   Indre Kvarøy: phi=-0.027245, phi/n=-0.00007653
2026-03-04 21:20:50 | INFO | src.tmc_shapley_islands |   Onøy og Lurøy: phi=-0.035704, phi/n=-0.00013785
2026-03-04 21:20:50 | INFO | src.tmc_shapley_islands |   Lovund: phi=0.036764, phi/n=0.00023268
2026-03-04 21:20:50 | INFO | src.tmc_shapley_islands |   Sleneset: phi=-0.005200, phi/n=-0.00003132
2026-03-04 21:20:50 | INFO | src.tmc_shapley_islands |   Aldra: phi=-0.019547, phi/n=-0.00011299
2026-03-04 21:20:50 | INFO | src.tmc_shapley_islands |   Southern 1: phi=0.009891, phi/n=0.00001697
2026-03-04 21:20:50 | INFO | src.tmc_shapley_islands |   Southern 2: phi=0.072354, phi/n=0.00018225
2026-03-04 21:20:50 | INFO | src.tmc_shapley_islands |   Southern 3: phi=-0.043589, phi/n=-0.00007464
2026-03-04 21:20:50 | INFO | src.tmc_shapley_islands |   Southern 5: phi=-0.070309, phi/n=-0.00034807
2026-03-04 21:20:50 | INFO | src.tmc_shapley_islands | Curve retraining early stopping: enabled=True, patience=20
2026-03-04 21:20:50 | INFO | src.tmc_shapley_islands | Computing add-islands curve (evaluated on test set)...
2026-03-04 21:20:50 | INFO | src.tmc_shapley_islands | Add-curve (mean): 1 islands, n=158 -> corr=0.0260
2026-03-04 21:20:51 | INFO | src.tmc_shapley_islands | Add-curve (mean): 2 islands, n=1236 -> corr=-0.0374
2026-03-04 21:20:51 | INFO | src.tmc_shapley_islands | Add-curve (mean): 3 islands, n=1633 -> corr=0.0412
2026-03-04 21:20:52 | INFO | src.tmc_shapley_islands | Add-curve (mean): 4 islands, n=1925 -> corr=0.0373
2026-03-04 21:20:53 | INFO | src.tmc_shapley_islands | Add-curve (mean): 5 islands, n=2508 -> corr=0.0600
2026-03-04 21:20:54 | INFO | src.tmc_shapley_islands | Add-curve (mean): 6 islands, n=2674 -> corr=0.0577
2026-03-04 21:20:55 | INFO | src.tmc_shapley_islands | Add-curve (mean): 7 islands, n=3258 -> corr=0.0874
2026-03-04 21:20:57 | INFO | src.tmc_shapley_islands | Add-curve (mean): 8 islands, n=3614 -> corr=0.0772
2026-03-04 21:20:58 | INFO | src.tmc_shapley_islands | Add-curve (mean): 9 islands, n=3787 -> corr=0.0600
2026-03-04 21:21:00 | INFO | src.tmc_shapley_islands | Add-curve (mean): 10 islands, n=4046 -> corr=0.0798
2026-03-04 21:21:02 | INFO | src.tmc_shapley_islands | Add-curve (mean): 11 islands, n=4604 -> corr=0.0926
2026-03-04 21:21:04 | INFO | src.tmc_shapley_islands | Add-curve (mean): 12 islands, n=4696 -> corr=0.0919
2026-03-04 21:21:06 | INFO | src.tmc_shapley_islands | Add-curve (mean): 13 islands, n=4890 -> corr=0.0943
2026-03-04 21:21:08 | INFO | src.tmc_shapley_islands | Add-curve (mean): 14 islands, n=5092 -> corr=0.1065
2026-03-04 21:21:11 | INFO | src.tmc_shapley_islands | Add-curve (mean): 15 islands, n=5211 -> corr=0.1056
2026-03-04 21:21:25 | INFO | src.tmc_shapley_islands | Random individual add-curve (seed=0) complete
2026-03-04 21:21:39 | INFO | src.tmc_shapley_islands | Random individual add-curve (seed=1) complete
2026-03-04 21:21:53 | INFO | src.tmc_shapley_islands | Random individual add-curve (seed=2) complete
2026-03-04 21:22:07 | INFO | src.tmc_shapley_islands | Random individual add-curve (seed=3) complete
2026-03-04 21:22:21 | INFO | src.tmc_shapley_islands | Random individual add-curve (seed=4) complete
2026-03-04 21:22:21 | INFO | src.tmc_shapley_islands | Building mirrored remove-islands curve from add-islands curve...
2026-03-04 21:22:21 | INFO | src.tmc_shapley_islands | Saved Shapley values to outputs/tmc_shapley_sweep_all_traits/shards/shard_018/body_mass/tmp/shapley_island_values_target_14.csv
2026-03-04 21:22:21 | INFO | src.tmc_shapley_islands | Saved summary to outputs/tmc_shapley_sweep_all_traits/shards/shard_018/body_mass/tmp/tmc_summary_target_14.json
2026-03-04 21:22:21 | INFO | src.tmc_shapley_islands | Saved intermediate ranking trace to outputs/tmc_shapley_sweep_all_traits/shards/shard_018/body_mass/tmp/tmc_intermediate_rankings_target_14.csv
2026-03-04 21:22:21 | INFO | src.tmc_shapley_islands | Saved add-curve to outputs/tmc_shapley_sweep_all_traits/shards/shard_018/body_mass/tmp/add_curve_target_14.csv
2026-03-04 21:22:21 | INFO | src.tmc_shapley_islands | Saved remove-curve to outputs/tmc_shapley_sweep_all_traits/shards/shard_018/body_mass/tmp/remove_curve_target_14.csv
2026-03-04 21:22:22 | INFO | src.tmc_shapley_islands | Saved bar plot to outputs/tmc_shapley_sweep_all_traits/shards/shard_018/body_mass/tmp/shapley_bar_target_14.png
2026-03-04 21:22:22 | INFO | src.tmc_shapley_islands | Saved add-curve plot to outputs/tmc_shapley_sweep_all_traits/shards/shard_018/body_mass/tmp/add_curve_target_14.png
2026-03-04 21:22:23 | INFO | src.tmc_shapley_islands | Saved remove-curve plot to outputs/tmc_shapley_sweep_all_traits/shards/shard_018/body_mass/tmp/remove_curve_target_14.png
2026-03-04 21:22:23 | INFO | __main__ | Shard 18/30 trait=body_mass progress 63/75 | target=14 n_cal_samples=40 perm=40 repeat=6
2026-03-04 21:22:23 | INFO | src.tmc_shapley_islands | [Shapley] Target island: 14 (Southern 4), source islands: 15
2026-03-04 21:22:24 | INFO | src.tmc_shapley_islands | Data: source=5211 (across 15 islands), cal=40, test=336
2026-03-04 21:22:24 | INFO | src.tmc_shapley_islands | SNP selection: using fixed precomputed subset (n=20000)
2026-03-04 21:22:24 | INFO | src.tmc_shapley_islands | Island counts (capped to None in training):
  Nesøy: n=119
  Myken: n=92
  Træna: n=292
  Selvær: n=194
  Gjerøy: n=558
  Hestmannøy: n=1078
  Indre Kvarøy: n=356
  Onøy og Lurøy: n=259
  Lovund: n=158
  Sleneset: n=166
  Aldra: n=173
  Southern 1: n=583
  Southern 2: n=397
  Southern 3: n=584
  Southern 5: n=202
2026-03-04 21:22:24 | INFO | src.tmc_shapley_islands | Loaded 261 cached utilities from outputs/tmc_shapley_sweep_all_traits/cache/body_mass/utility_cache_target_14_seed_1102993653.json
2026-03-04 21:22:24 | INFO | src.tmc_shapley_islands | Running TMC-Shapley with 40 permutations (utility on cal set)...
2026-03-04 21:22:24 | INFO | src.tmc_shapley_islands | Computing V_full over all 15 source islands...
2026-03-04 21:22:24 | INFO | src.tmc_shapley_islands | V_full = -0.0264
2026-03-04 21:22:24 | INFO | src.tmc_shapley_islands | TMC head-start: loaded 20 completed permutations from state outputs/tmc_shapley_sweep_all_traits/cache/body_mass/tmc_perm_state_target_14_seed_1102993653.json
2026-03-04 21:23:06 | INFO | src.tmc_shapley_islands | TMC progress: 24/40 permutations done, cache hit rate: 21.3%, n_evals: 48
2026-03-04 21:24:35 | INFO | src.tmc_shapley_islands | TMC progress: 32/40 permutations done, cache hit rate: 22.7%, n_evals: 140
2026-03-04 21:26:09 | INFO | src.tmc_shapley_islands | TMC progress: 40/40 permutations done, cache hit rate: 25.2%, n_evals: 225
2026-03-04 21:26:09 | INFO | src.tmc_shapley_islands | TMC complete: 40 permutations, 0 truncated, 225 utility evals, cache hit rate: 25.2%
2026-03-04 21:26:09 | INFO | src.tmc_shapley_islands | Shapley values (phi, computed on cal set):
2026-03-04 21:26:09 | INFO | src.tmc_shapley_islands |   Nesøy: phi=-0.054131, phi/n=-0.00045488
2026-03-04 21:26:09 | INFO | src.tmc_shapley_islands |   Myken: phi=-0.015242, phi/n=-0.00016567
2026-03-04 21:26:09 | INFO | src.tmc_shapley_islands |   Træna: phi=0.040073, phi/n=0.00013724
2026-03-04 21:26:09 | INFO | src.tmc_shapley_islands |   Selvær: phi=-0.053444, phi/n=-0.00027548
2026-03-04 21:26:09 | INFO | src.tmc_shapley_islands |   Gjerøy: phi=-0.079206, phi/n=-0.00014195
2026-03-04 21:26:09 | INFO | src.tmc_shapley_islands |   Hestmannøy: phi=0.197925, phi/n=0.00018360
2026-03-04 21:26:09 | INFO | src.tmc_shapley_islands |   Indre Kvarøy: phi=-0.024075, phi/n=-0.00006763
2026-03-04 21:26:09 | INFO | src.tmc_shapley_islands |   Onøy og Lurøy: phi=-0.027523, phi/n=-0.00010627
2026-03-04 21:26:09 | INFO | src.tmc_shapley_islands |   Lovund: phi=0.035261, phi/n=0.00022317
2026-03-04 21:26:09 | INFO | src.tmc_shapley_islands |   Sleneset: phi=-0.003847, phi/n=-0.00002318
2026-03-04 21:26:09 | INFO | src.tmc_shapley_islands |   Aldra: phi=-0.020913, phi/n=-0.00012089
2026-03-04 21:26:09 | INFO | src.tmc_shapley_islands |   Southern 1: phi=0.010791, phi/n=0.00001851
2026-03-04 21:26:09 | INFO | src.tmc_shapley_islands |   Southern 2: phi=0.074218, phi/n=0.00018695
2026-03-04 21:26:09 | INFO | src.tmc_shapley_islands |   Southern 3: phi=-0.038653, phi/n=-0.00006619
2026-03-04 21:26:09 | INFO | src.tmc_shapley_islands |   Southern 5: phi=-0.067594, phi/n=-0.00033463
2026-03-04 21:26:09 | INFO | src.tmc_shapley_islands | Curve retraining early stopping: enabled=True, patience=20
2026-03-04 21:26:09 | INFO | src.tmc_shapley_islands | Computing add-islands curve (evaluated on test set)...
2026-03-04 21:26:09 | INFO | src.tmc_shapley_islands | Add-curve (mean): 1 islands, n=158 -> corr=0.0260
2026-03-04 21:26:10 | INFO | src.tmc_shapley_islands | Add-curve (mean): 2 islands, n=555 -> corr=0.1089
2026-03-04 21:26:10 | INFO | src.tmc_shapley_islands | Add-curve (mean): 3 islands, n=1633 -> corr=0.0412
2026-03-04 21:26:11 | INFO | src.tmc_shapley_islands | Add-curve (mean): 4 islands, n=1925 -> corr=0.0373
2026-03-04 21:26:12 | INFO | src.tmc_shapley_islands | Add-curve (mean): 5 islands, n=2508 -> corr=0.0600
2026-03-04 21:26:13 | INFO | src.tmc_shapley_islands | Add-curve (mean): 6 islands, n=2674 -> corr=0.0577
2026-03-04 21:26:14 | INFO | src.tmc_shapley_islands | Add-curve (mean): 7 islands, n=3258 -> corr=0.0874
2026-03-04 21:26:16 | INFO | src.tmc_shapley_islands | Add-curve (mean): 8 islands, n=3614 -> corr=0.0772
2026-03-04 21:26:17 | INFO | src.tmc_shapley_islands | Add-curve (mean): 9 islands, n=3873 -> corr=0.0977
2026-03-04 21:26:19 | INFO | src.tmc_shapley_islands | Add-curve (mean): 10 islands, n=4046 -> corr=0.0798
2026-03-04 21:26:21 | INFO | src.tmc_shapley_islands | Add-curve (mean): 11 islands, n=4604 -> corr=0.0926
2026-03-04 21:26:23 | INFO | src.tmc_shapley_islands | Add-curve (mean): 12 islands, n=4696 -> corr=0.0919
2026-03-04 21:26:25 | INFO | src.tmc_shapley_islands | Add-curve (mean): 13 islands, n=4890 -> corr=0.0943
2026-03-04 21:26:27 | INFO | src.tmc_shapley_islands | Add-curve (mean): 14 islands, n=5092 -> corr=0.1065
2026-03-04 21:26:30 | INFO | src.tmc_shapley_islands | Add-curve (mean): 15 islands, n=5211 -> corr=0.1056
2026-03-04 21:26:44 | INFO | src.tmc_shapley_islands | Random individual add-curve (seed=0) complete
2026-03-04 21:26:58 | INFO | src.tmc_shapley_islands | Random individual add-curve (seed=1) complete
2026-03-04 21:27:12 | INFO | src.tmc_shapley_islands | Random individual add-curve (seed=2) complete
2026-03-04 21:27:26 | INFO | src.tmc_shapley_islands | Random individual add-curve (seed=3) complete
2026-03-04 21:27:40 | INFO | src.tmc_shapley_islands | Random individual add-curve (seed=4) complete
2026-03-04 21:27:40 | INFO | src.tmc_shapley_islands | Building mirrored remove-islands curve from add-islands curve...
2026-03-04 21:27:40 | INFO | src.tmc_shapley_islands | Saved Shapley values to outputs/tmc_shapley_sweep_all_traits/shards/shard_018/body_mass/tmp/shapley_island_values_target_14.csv
2026-03-04 21:27:40 | INFO | src.tmc_shapley_islands | Saved summary to outputs/tmc_shapley_sweep_all_traits/shards/shard_018/body_mass/tmp/tmc_summary_target_14.json
2026-03-04 21:27:40 | INFO | src.tmc_shapley_islands | Saved intermediate ranking trace to outputs/tmc_shapley_sweep_all_traits/shards/shard_018/body_mass/tmp/tmc_intermediate_rankings_target_14.csv
2026-03-04 21:27:40 | INFO | src.tmc_shapley_islands | Saved add-curve to outputs/tmc_shapley_sweep_all_traits/shards/shard_018/body_mass/tmp/add_curve_target_14.csv
2026-03-04 21:27:40 | INFO | src.tmc_shapley_islands | Saved remove-curve to outputs/tmc_shapley_sweep_all_traits/shards/shard_018/body_mass/tmp/remove_curve_target_14.csv
2026-03-04 21:27:40 | INFO | src.tmc_shapley_islands | Saved bar plot to outputs/tmc_shapley_sweep_all_traits/shards/shard_018/body_mass/tmp/shapley_bar_target_14.png
2026-03-04 21:27:41 | INFO | src.tmc_shapley_islands | Saved add-curve plot to outputs/tmc_shapley_sweep_all_traits/shards/shard_018/body_mass/tmp/add_curve_target_14.png
2026-03-04 21:27:42 | INFO | src.tmc_shapley_islands | Saved remove-curve plot to outputs/tmc_shapley_sweep_all_traits/shards/shard_018/body_mass/tmp/remove_curve_target_14.png
2026-03-04 21:27:42 | INFO | __main__ | Shard 18/30 trait=body_mass progress 64/75 | target=14 n_cal_samples=40 perm=80 repeat=6
2026-03-04 21:27:42 | INFO | src.tmc_shapley_islands | [Shapley] Target island: 14 (Southern 4), source islands: 15
2026-03-04 21:27:42 | INFO | src.tmc_shapley_islands | Data: source=5211 (across 15 islands), cal=40, test=336
2026-03-04 21:27:42 | INFO | src.tmc_shapley_islands | SNP selection: using fixed precomputed subset (n=20000)
2026-03-04 21:27:42 | INFO | src.tmc_shapley_islands | Island counts (capped to None in training):
  Nesøy: n=119
  Myken: n=92
  Træna: n=292
  Selvær: n=194
  Gjerøy: n=558
  Hestmannøy: n=1078
  Indre Kvarøy: n=356
  Onøy og Lurøy: n=259
  Lovund: n=158
  Sleneset: n=166
  Aldra: n=173
  Southern 1: n=583
  Southern 2: n=397
  Southern 3: n=584
  Southern 5: n=202
2026-03-04 21:27:42 | INFO | src.tmc_shapley_islands | Loaded 486 cached utilities from outputs/tmc_shapley_sweep_all_traits/cache/body_mass/utility_cache_target_14_seed_1102993653.json
2026-03-04 21:27:42 | INFO | src.tmc_shapley_islands | Running TMC-Shapley with 80 permutations (utility on cal set)...
2026-03-04 21:27:42 | INFO | src.tmc_shapley_islands | Computing V_full over all 15 source islands...
2026-03-04 21:27:42 | INFO | src.tmc_shapley_islands | V_full = -0.0264
2026-03-04 21:27:42 | INFO | src.tmc_shapley_islands | TMC head-start: loaded 40 completed permutations from state outputs/tmc_shapley_sweep_all_traits/cache/body_mass/tmc_perm_state_target_14_seed_1102993653.json
2026-03-04 21:29:11 | INFO | src.tmc_shapley_islands | TMC progress: 48/80 permutations done, cache hit rate: 25.6%, n_evals: 90
2026-03-04 21:32:08 | INFO | src.tmc_shapley_islands | TMC progress: 64/80 permutations done, cache hit rate: 27.7%, n_evals: 261
2026-03-04 21:35:08 | INFO | src.tmc_shapley_islands | TMC progress: 80/80 permutations done, cache hit rate: 28.5%, n_evals: 430
2026-03-04 21:35:09 | INFO | src.tmc_shapley_islands | TMC complete: 80 permutations, 0 truncated, 430 utility evals, cache hit rate: 28.5%
2026-03-04 21:35:09 | INFO | src.tmc_shapley_islands | Shapley values (phi, computed on cal set):
2026-03-04 21:35:09 | INFO | src.tmc_shapley_islands |   Nesøy: phi=-0.062838, phi/n=-0.00052805
2026-03-04 21:35:09 | INFO | src.tmc_shapley_islands |   Myken: phi=-0.013042, phi/n=-0.00014176
2026-03-04 21:35:09 | INFO | src.tmc_shapley_islands |   Træna: phi=0.038657, phi/n=0.00013239
2026-03-04 21:35:09 | INFO | src.tmc_shapley_islands |   Selvær: phi=-0.053809, phi/n=-0.00027736
2026-03-04 21:35:09 | INFO | src.tmc_shapley_islands |   Gjerøy: phi=-0.076896, phi/n=-0.00013781
2026-03-04 21:35:09 | INFO | src.tmc_shapley_islands |   Hestmannøy: phi=0.192629, phi/n=0.00017869
2026-03-04 21:35:09 | INFO | src.tmc_shapley_islands |   Indre Kvarøy: phi=-0.026150, phi/n=-0.00007345
2026-03-04 21:35:09 | INFO | src.tmc_shapley_islands |   Onøy og Lurøy: phi=-0.030931, phi/n=-0.00011942
2026-03-04 21:35:09 | INFO | src.tmc_shapley_islands |   Lovund: phi=0.038164, phi/n=0.00024154
2026-03-04 21:35:09 | INFO | src.tmc_shapley_islands |   Sleneset: phi=-0.005573, phi/n=-0.00003357
2026-03-04 21:35:09 | INFO | src.tmc_shapley_islands |   Aldra: phi=-0.019443, phi/n=-0.00011239
2026-03-04 21:35:09 | INFO | src.tmc_shapley_islands |   Southern 1: phi=0.014432, phi/n=0.00002476
2026-03-04 21:35:09 | INFO | src.tmc_shapley_islands |   Southern 2: phi=0.075322, phi/n=0.00018973
2026-03-04 21:35:09 | INFO | src.tmc_shapley_islands |   Southern 3: phi=-0.034896, phi/n=-0.00005975
2026-03-04 21:35:09 | INFO | src.tmc_shapley_islands |   Southern 5: phi=-0.061989, phi/n=-0.00030688
2026-03-04 21:35:09 | INFO | src.tmc_shapley_islands | Curve retraining early stopping: enabled=True, patience=20
2026-03-04 21:35:09 | INFO | src.tmc_shapley_islands | Computing add-islands curve (evaluated on test set)...
2026-03-04 21:35:09 | INFO | src.tmc_shapley_islands | Add-curve (mean): 1 islands, n=158 -> corr=0.0260
2026-03-04 21:35:09 | INFO | src.tmc_shapley_islands | Add-curve (mean): 2 islands, n=555 -> corr=0.1089
2026-03-04 21:35:09 | INFO | src.tmc_shapley_islands | Add-curve (mean): 3 islands, n=1633 -> corr=0.0412
2026-03-04 21:35:10 | INFO | src.tmc_shapley_islands | Add-curve (mean): 4 islands, n=1925 -> corr=0.0373
2026-03-04 21:35:11 | INFO | src.tmc_shapley_islands | Add-curve (mean): 5 islands, n=2508 -> corr=0.0600
2026-03-04 21:35:12 | INFO | src.tmc_shapley_islands | Add-curve (mean): 6 islands, n=2674 -> corr=0.0577
2026-03-04 21:35:13 | INFO | src.tmc_shapley_islands | Add-curve (mean): 7 islands, n=3258 -> corr=0.0874
2026-03-04 21:35:15 | INFO | src.tmc_shapley_islands | Add-curve (mean): 8 islands, n=3614 -> corr=0.0772
2026-03-04 21:35:16 | INFO | src.tmc_shapley_islands | Add-curve (mean): 9 islands, n=3787 -> corr=0.0600
2026-03-04 21:35:18 | INFO | src.tmc_shapley_islands | Add-curve (mean): 10 islands, n=4046 -> corr=0.0798
2026-03-04 21:35:20 | INFO | src.tmc_shapley_islands | Add-curve (mean): 11 islands, n=4604 -> corr=0.0926
2026-03-04 21:35:22 | INFO | src.tmc_shapley_islands | Add-curve (mean): 12 islands, n=4696 -> corr=0.0919
2026-03-04 21:35:24 | INFO | src.tmc_shapley_islands | Add-curve (mean): 13 islands, n=4890 -> corr=0.0943
2026-03-04 21:35:26 | INFO | src.tmc_shapley_islands | Add-curve (mean): 14 islands, n=5092 -> corr=0.1065
2026-03-04 21:35:29 | INFO | src.tmc_shapley_islands | Add-curve (mean): 15 islands, n=5211 -> corr=0.1056
2026-03-04 21:35:43 | INFO | src.tmc_shapley_islands | Random individual add-curve (seed=0) complete
2026-03-04 21:35:56 | INFO | src.tmc_shapley_islands | Random individual add-curve (seed=1) complete
2026-03-04 21:36:10 | INFO | src.tmc_shapley_islands | Random individual add-curve (seed=2) complete
2026-03-04 21:36:24 | INFO | src.tmc_shapley_islands | Random individual add-curve (seed=3) complete
2026-03-04 21:36:38 | INFO | src.tmc_shapley_islands | Random individual add-curve (seed=4) complete
2026-03-04 21:36:38 | INFO | src.tmc_shapley_islands | Building mirrored remove-islands curve from add-islands curve...
2026-03-04 21:36:38 | INFO | src.tmc_shapley_islands | Saved Shapley values to outputs/tmc_shapley_sweep_all_traits/shards/shard_018/body_mass/tmp/shapley_island_values_target_14.csv
2026-03-04 21:36:38 | INFO | src.tmc_shapley_islands | Saved summary to outputs/tmc_shapley_sweep_all_traits/shards/shard_018/body_mass/tmp/tmc_summary_target_14.json
2026-03-04 21:36:38 | INFO | src.tmc_shapley_islands | Saved intermediate ranking trace to outputs/tmc_shapley_sweep_all_traits/shards/shard_018/body_mass/tmp/tmc_intermediate_rankings_target_14.csv
2026-03-04 21:36:38 | INFO | src.tmc_shapley_islands | Saved add-curve to outputs/tmc_shapley_sweep_all_traits/shards/shard_018/body_mass/tmp/add_curve_target_14.csv
2026-03-04 21:36:38 | INFO | src.tmc_shapley_islands | Saved remove-curve to outputs/tmc_shapley_sweep_all_traits/shards/shard_018/body_mass/tmp/remove_curve_target_14.csv
2026-03-04 21:36:39 | INFO | src.tmc_shapley_islands | Saved bar plot to outputs/tmc_shapley_sweep_all_traits/shards/shard_018/body_mass/tmp/shapley_bar_target_14.png
2026-03-04 21:36:39 | INFO | src.tmc_shapley_islands | Saved add-curve plot to outputs/tmc_shapley_sweep_all_traits/shards/shard_018/body_mass/tmp/add_curve_target_14.png
2026-03-04 21:36:40 | INFO | src.tmc_shapley_islands | Saved remove-curve plot to outputs/tmc_shapley_sweep_all_traits/shards/shard_018/body_mass/tmp/remove_curve_target_14.png
2026-03-04 21:36:40 | INFO | __main__ | Shard 18/30 trait=body_mass progress 65/75 | target=14 n_cal_samples=40 perm=150 repeat=6
2026-03-04 21:36:40 | INFO | src.tmc_shapley_islands | [Shapley] Target island: 14 (Southern 4), source islands: 15
2026-03-04 21:36:40 | INFO | src.tmc_shapley_islands | Data: source=5211 (across 15 islands), cal=40, test=336
2026-03-04 21:36:40 | INFO | src.tmc_shapley_islands | SNP selection: using fixed precomputed subset (n=20000)
2026-03-04 21:36:40 | INFO | src.tmc_shapley_islands | Island counts (capped to None in training):
  Nesøy: n=119
  Myken: n=92
  Træna: n=292
  Selvær: n=194
  Gjerøy: n=558
  Hestmannøy: n=1078
  Indre Kvarøy: n=356
  Onøy og Lurøy: n=259
  Lovund: n=158
  Sleneset: n=166
  Aldra: n=173
  Southern 1: n=583
  Southern 2: n=397
  Southern 3: n=584
  Southern 5: n=202
2026-03-04 21:36:40 | INFO | src.tmc_shapley_islands | Loaded 916 cached utilities from outputs/tmc_shapley_sweep_all_traits/cache/body_mass/utility_cache_target_14_seed_1102993653.json
2026-03-04 21:36:40 | INFO | src.tmc_shapley_islands | Running TMC-Shapley with 150 permutations (utility on cal set)...
2026-03-04 21:36:40 | INFO | src.tmc_shapley_islands | Computing V_full over all 15 source islands...
2026-03-04 21:36:40 | INFO | src.tmc_shapley_islands | V_full = -0.0264
2026-03-04 21:36:40 | INFO | src.tmc_shapley_islands | TMC head-start: loaded 80 completed permutations from state outputs/tmc_shapley_sweep_all_traits/cache/body_mass/tmc_perm_state_target_14_seed_1102993653.json
2026-03-04 21:38:31 | INFO | src.tmc_shapley_islands | TMC progress: 90/150 permutations done, cache hit rate: 33.1%, n_evals: 101
2026-03-04 21:43:32 | INFO | src.tmc_shapley_islands | TMC progress: 120/150 permutations done, cache hit rate: 32.9%, n_evals: 403
2026-03-04 21:48:16 | INFO | src.tmc_shapley_islands | TMC progress: 150/150 permutations done, cache hit rate: 34.9%, n_evals: 684
2026-03-04 21:48:16 | INFO | src.tmc_shapley_islands | TMC complete: 150 permutations, 0 truncated, 684 utility evals, cache hit rate: 34.9%
2026-03-04 21:48:16 | INFO | src.tmc_shapley_islands | Shapley values (phi, computed on cal set):
2026-03-04 21:48:16 | INFO | src.tmc_shapley_islands |   Nesøy: phi=-0.060682, phi/n=-0.00050993
2026-03-04 21:48:16 | INFO | src.tmc_shapley_islands |   Myken: phi=-0.010317, phi/n=-0.00011214
2026-03-04 21:48:16 | INFO | src.tmc_shapley_islands |   Træna: phi=0.036437, phi/n=0.00012478
2026-03-04 21:48:16 | INFO | src.tmc_shapley_islands |   Selvær: phi=-0.049518, phi/n=-0.00025525
2026-03-04 21:48:16 | INFO | src.tmc_shapley_islands |   Gjerøy: phi=-0.079116, phi/n=-0.00014179
2026-03-04 21:48:16 | INFO | src.tmc_shapley_islands |   Hestmannøy: phi=0.180505, phi/n=0.00016744
2026-03-04 21:48:16 | INFO | src.tmc_shapley_islands |   Indre Kvarøy: phi=-0.027945, phi/n=-0.00007850
2026-03-04 21:48:16 | INFO | src.tmc_shapley_islands |   Onøy og Lurøy: phi=-0.027571, phi/n=-0.00010645
2026-03-04 21:48:16 | INFO | src.tmc_shapley_islands |   Lovund: phi=0.037952, phi/n=0.00024021
2026-03-04 21:48:16 | INFO | src.tmc_shapley_islands |   Sleneset: phi=-0.006637, phi/n=-0.00003998
2026-03-04 21:48:16 | INFO | src.tmc_shapley_islands |   Aldra: phi=-0.018043, phi/n=-0.00010429
2026-03-04 21:48:16 | INFO | src.tmc_shapley_islands |   Southern 1: phi=0.011348, phi/n=0.00001947
2026-03-04 21:48:16 | INFO | src.tmc_shapley_islands |   Southern 2: phi=0.079864, phi/n=0.00020117
2026-03-04 21:48:16 | INFO | src.tmc_shapley_islands |   Southern 3: phi=-0.028828, phi/n=-0.00004936
2026-03-04 21:48:16 | INFO | src.tmc_shapley_islands |   Southern 5: phi=-0.063813, phi/n=-0.00031591
2026-03-04 21:48:16 | INFO | src.tmc_shapley_islands | Curve retraining early stopping: enabled=True, patience=20
2026-03-04 21:48:16 | INFO | src.tmc_shapley_islands | Computing add-islands curve (evaluated on test set)...
2026-03-04 21:48:16 | INFO | src.tmc_shapley_islands | Add-curve (mean): 1 islands, n=158 -> corr=0.0260
2026-03-04 21:48:16 | INFO | src.tmc_shapley_islands | Add-curve (mean): 2 islands, n=555 -> corr=0.1089
2026-03-04 21:48:17 | INFO | src.tmc_shapley_islands | Add-curve (mean): 3 islands, n=1633 -> corr=0.0412
2026-03-04 21:48:18 | INFO | src.tmc_shapley_islands | Add-curve (mean): 4 islands, n=1925 -> corr=0.0373
2026-03-04 21:48:19 | INFO | src.tmc_shapley_islands | Add-curve (mean): 5 islands, n=2508 -> corr=0.0600
2026-03-04 21:48:20 | INFO | src.tmc_shapley_islands | Add-curve (mean): 6 islands, n=2674 -> corr=0.0577
2026-03-04 21:48:21 | INFO | src.tmc_shapley_islands | Add-curve (mean): 7 islands, n=3258 -> corr=0.0874
2026-03-04 21:48:23 | INFO | src.tmc_shapley_islands | Add-curve (mean): 8 islands, n=3614 -> corr=0.0772
2026-03-04 21:48:24 | INFO | src.tmc_shapley_islands | Add-curve (mean): 9 islands, n=3787 -> corr=0.0600
2026-03-04 21:48:26 | INFO | src.tmc_shapley_islands | Add-curve (mean): 10 islands, n=4046 -> corr=0.0798
2026-03-04 21:48:27 | INFO | src.tmc_shapley_islands | Add-curve (mean): 11 islands, n=4138 -> corr=0.0796
2026-03-04 21:48:29 | INFO | src.tmc_shapley_islands | Add-curve (mean): 12 islands, n=4696 -> corr=0.0919
2026-03-04 21:48:32 | INFO | src.tmc_shapley_islands | Add-curve (mean): 13 islands, n=4890 -> corr=0.0943
2026-03-04 21:48:34 | INFO | src.tmc_shapley_islands | Add-curve (mean): 14 islands, n=5092 -> corr=0.1065
2026-03-04 21:48:36 | INFO | src.tmc_shapley_islands | Add-curve (mean): 15 islands, n=5211 -> corr=0.1056
2026-03-04 21:48:50 | INFO | src.tmc_shapley_islands | Random individual add-curve (seed=0) complete
2026-03-04 21:49:03 | INFO | src.tmc_shapley_islands | Random individual add-curve (seed=1) complete
2026-03-04 21:49:17 | INFO | src.tmc_shapley_islands | Random individual add-curve (seed=2) complete
2026-03-04 21:49:31 | INFO | src.tmc_shapley_islands | Random individual add-curve (seed=3) complete
2026-03-04 21:49:45 | INFO | src.tmc_shapley_islands | Random individual add-curve (seed=4) complete
2026-03-04 21:49:45 | INFO | src.tmc_shapley_islands | Building mirrored remove-islands curve from add-islands curve...
2026-03-04 21:49:45 | INFO | src.tmc_shapley_islands | Saved Shapley values to outputs/tmc_shapley_sweep_all_traits/shards/shard_018/body_mass/tmp/shapley_island_values_target_14.csv
2026-03-04 21:49:45 | INFO | src.tmc_shapley_islands | Saved summary to outputs/tmc_shapley_sweep_all_traits/shards/shard_018/body_mass/tmp/tmc_summary_target_14.json
2026-03-04 21:49:45 | INFO | src.tmc_shapley_islands | Saved intermediate ranking trace to outputs/tmc_shapley_sweep_all_traits/shards/shard_018/body_mass/tmp/tmc_intermediate_rankings_target_14.csv
2026-03-04 21:49:45 | INFO | src.tmc_shapley_islands | Saved add-curve to outputs/tmc_shapley_sweep_all_traits/shards/shard_018/body_mass/tmp/add_curve_target_14.csv
2026-03-04 21:49:45 | INFO | src.tmc_shapley_islands | Saved remove-curve to outputs/tmc_shapley_sweep_all_traits/shards/shard_018/body_mass/tmp/remove_curve_target_14.csv
2026-03-04 21:49:45 | INFO | src.tmc_shapley_islands | Saved bar plot to outputs/tmc_shapley_sweep_all_traits/shards/shard_018/body_mass/tmp/shapley_bar_target_14.png
2026-03-04 21:49:46 | INFO | src.tmc_shapley_islands | Saved add-curve plot to outputs/tmc_shapley_sweep_all_traits/shards/shard_018/body_mass/tmp/add_curve_target_14.png
2026-03-04 21:49:46 | INFO | src.tmc_shapley_islands | Saved remove-curve plot to outputs/tmc_shapley_sweep_all_traits/shards/shard_018/body_mass/tmp/remove_curve_target_14.png
2026-03-04 21:49:46 | INFO | __main__ | Shard 18/30 trait=body_mass progress 66/75 | target=14 n_cal_samples=80 perm=10 repeat=6
2026-03-04 21:49:46 | INFO | src.tmc_shapley_islands | [Shapley] Target island: 14 (Southern 4), source islands: 15
2026-03-04 21:49:47 | INFO | src.tmc_shapley_islands | Data: source=5211 (across 15 islands), cal=80, test=336
2026-03-04 21:49:47 | INFO | src.tmc_shapley_islands | SNP selection: using fixed precomputed subset (n=20000)
2026-03-04 21:49:47 | INFO | src.tmc_shapley_islands | Island counts (capped to None in training):
  Nesøy: n=119
  Myken: n=92
  Træna: n=292
  Selvær: n=194
  Gjerøy: n=558
  Hestmannøy: n=1078
  Indre Kvarøy: n=356
  Onøy og Lurøy: n=259
  Lovund: n=158
  Sleneset: n=166
  Aldra: n=173
  Southern 1: n=583
  Southern 2: n=397
  Southern 3: n=584
  Southern 5: n=202
2026-03-04 21:49:47 | INFO | src.tmc_shapley_islands | Running TMC-Shapley with 10 permutations (utility on cal set)...
2026-03-04 21:49:47 | INFO | src.tmc_shapley_islands | Computing V_full over all 15 source islands...
2026-03-04 21:49:50 | INFO | src.tmc_shapley_islands | V_full = 0.1070
2026-03-04 21:50:16 | INFO | src.tmc_shapley_islands | TMC progress: 2/10 permutations done, cache hit rate: 6.5%, n_evals: 29
2026-03-04 21:50:40 | INFO | src.tmc_shapley_islands | TMC progress: 4/10 permutations done, cache hit rate: 8.2%, n_evals: 56
2026-03-04 21:51:07 | INFO | src.tmc_shapley_islands | TMC progress: 6/10 permutations done, cache hit rate: 9.9%, n_evals: 82
2026-03-04 21:51:32 | INFO | src.tmc_shapley_islands | TMC progress: 8/10 permutations done, cache hit rate: 9.1%, n_evals: 110
2026-03-04 21:51:58 | INFO | src.tmc_shapley_islands | TMC progress: 10/10 permutations done, cache hit rate: 10.6%, n_evals: 135
2026-03-04 21:51:58 | INFO | src.tmc_shapley_islands | TMC complete: 10 permutations, 0 truncated, 135 utility evals, cache hit rate: 10.6%
2026-03-04 21:51:58 | INFO | src.tmc_shapley_islands | Shapley values (phi, computed on cal set):
2026-03-04 21:51:58 | INFO | src.tmc_shapley_islands |   Nesøy: phi=-0.014434, phi/n=-0.00012130
2026-03-04 21:51:58 | INFO | src.tmc_shapley_islands |   Myken: phi=0.016884, phi/n=0.00018352
2026-03-04 21:51:58 | INFO | src.tmc_shapley_islands |   Træna: phi=-0.007263, phi/n=-0.00002487
2026-03-04 21:51:58 | INFO | src.tmc_shapley_islands |   Selvær: phi=-0.015635, phi/n=-0.00008059
2026-03-04 21:51:58 | INFO | src.tmc_shapley_islands |   Gjerøy: phi=0.014496, phi/n=0.00002598
2026-03-04 21:51:58 | INFO | src.tmc_shapley_islands |   Hestmannøy: phi=0.007220, phi/n=0.00000670
2026-03-04 21:51:58 | INFO | src.tmc_shapley_islands |   Indre Kvarøy: phi=-0.010907, phi/n=-0.00003064
2026-03-04 21:51:58 | INFO | src.tmc_shapley_islands |   Onøy og Lurøy: phi=-0.074825, phi/n=-0.00028890
2026-03-04 21:51:58 | INFO | src.tmc_shapley_islands |   Lovund: phi=0.024332, phi/n=0.00015400
2026-03-04 21:51:58 | INFO | src.tmc_shapley_islands |   Sleneset: phi=-0.016964, phi/n=-0.00010219
2026-03-04 21:51:58 | INFO | src.tmc_shapley_islands |   Aldra: phi=0.001428, phi/n=0.00000825
2026-03-04 21:51:58 | INFO | src.tmc_shapley_islands |   Southern 1: phi=0.136635, phi/n=0.00023437
2026-03-04 21:51:58 | INFO | src.tmc_shapley_islands |   Southern 2: phi=0.106862, phi/n=0.00026917
2026-03-04 21:51:58 | INFO | src.tmc_shapley_islands |   Southern 3: phi=-0.014448, phi/n=-0.00002474
2026-03-04 21:51:58 | INFO | src.tmc_shapley_islands |   Southern 5: phi=-0.046390, phi/n=-0.00022965
2026-03-04 21:51:58 | INFO | src.tmc_shapley_islands | Curve retraining early stopping: enabled=True, patience=20
2026-03-04 21:51:58 | INFO | src.tmc_shapley_islands | Computing add-islands curve (evaluated on test set)...
2026-03-04 21:51:59 | INFO | src.tmc_shapley_islands | Add-curve (mean): 1 islands, n=397 -> corr=0.0572
2026-03-04 21:51:59 | INFO | src.tmc_shapley_islands | Add-curve (mean): 2 islands, n=980 -> corr=0.0863
2026-03-04 21:52:00 | INFO | src.tmc_shapley_islands | Add-curve (mean): 3 islands, n=1072 -> corr=0.0893
2026-03-04 21:52:00 | INFO | src.tmc_shapley_islands | Add-curve (mean): 4 islands, n=1230 -> corr=0.0923
2026-03-04 21:52:01 | INFO | src.tmc_shapley_islands | Add-curve (mean): 5 islands, n=1788 -> corr=0.0904
2026-03-04 21:52:02 | INFO | src.tmc_shapley_islands | Add-curve (mean): 6 islands, n=1961 -> corr=0.0678
2026-03-04 21:52:03 | INFO | src.tmc_shapley_islands | Add-curve (mean): 7 islands, n=3039 -> corr=0.0701
2026-03-04 21:52:04 | INFO | src.tmc_shapley_islands | Add-curve (mean): 8 islands, n=3623 -> corr=0.1010
2026-03-04 21:52:06 | INFO | src.tmc_shapley_islands | Add-curve (mean): 9 islands, n=3915 -> corr=0.1025
2026-03-04 21:52:08 | INFO | src.tmc_shapley_islands | Add-curve (mean): 10 islands, n=4271 -> corr=0.1009
2026-03-04 21:52:10 | INFO | src.tmc_shapley_islands | Add-curve (mean): 11 islands, n=4465 -> corr=0.1036
2026-03-04 21:52:12 | INFO | src.tmc_shapley_islands | Add-curve (mean): 12 islands, n=4631 -> corr=0.1112
2026-03-04 21:52:14 | INFO | src.tmc_shapley_islands | Add-curve (mean): 13 islands, n=4750 -> corr=0.1055
2026-03-04 21:52:16 | INFO | src.tmc_shapley_islands | Add-curve (mean): 14 islands, n=4952 -> corr=0.1252
2026-03-04 21:52:18 | INFO | src.tmc_shapley_islands | Add-curve (mean): 15 islands, n=5211 -> corr=0.1379
2026-03-04 21:52:32 | INFO | src.tmc_shapley_islands | Random individual add-curve (seed=0) complete
2026-03-04 21:52:46 | INFO | src.tmc_shapley_islands | Random individual add-curve (seed=1) complete
2026-03-04 21:53:00 | INFO | src.tmc_shapley_islands | Random individual add-curve (seed=2) complete
2026-03-04 21:53:14 | INFO | src.tmc_shapley_islands | Random individual add-curve (seed=3) complete
2026-03-04 21:53:27 | INFO | src.tmc_shapley_islands | Random individual add-curve (seed=4) complete
2026-03-04 21:53:27 | INFO | src.tmc_shapley_islands | Building mirrored remove-islands curve from add-islands curve...
2026-03-04 21:53:27 | INFO | src.tmc_shapley_islands | Saved Shapley values to outputs/tmc_shapley_sweep_all_traits/shards/shard_018/body_mass/tmp/shapley_island_values_target_14.csv
2026-03-04 21:53:27 | INFO | src.tmc_shapley_islands | Saved summary to outputs/tmc_shapley_sweep_all_traits/shards/shard_018/body_mass/tmp/tmc_summary_target_14.json
2026-03-04 21:53:27 | INFO | src.tmc_shapley_islands | Saved intermediate ranking trace to outputs/tmc_shapley_sweep_all_traits/shards/shard_018/body_mass/tmp/tmc_intermediate_rankings_target_14.csv
2026-03-04 21:53:27 | INFO | src.tmc_shapley_islands | Saved add-curve to outputs/tmc_shapley_sweep_all_traits/shards/shard_018/body_mass/tmp/add_curve_target_14.csv
2026-03-04 21:53:27 | INFO | src.tmc_shapley_islands | Saved remove-curve to outputs/tmc_shapley_sweep_all_traits/shards/shard_018/body_mass/tmp/remove_curve_target_14.csv
2026-03-04 21:53:28 | INFO | src.tmc_shapley_islands | Saved bar plot to outputs/tmc_shapley_sweep_all_traits/shards/shard_018/body_mass/tmp/shapley_bar_target_14.png
2026-03-04 21:53:28 | INFO | src.tmc_shapley_islands | Saved add-curve plot to outputs/tmc_shapley_sweep_all_traits/shards/shard_018/body_mass/tmp/add_curve_target_14.png
2026-03-04 21:53:29 | INFO | src.tmc_shapley_islands | Saved remove-curve plot to outputs/tmc_shapley_sweep_all_traits/shards/shard_018/body_mass/tmp/remove_curve_target_14.png
2026-03-04 21:53:29 | INFO | __main__ | Shard 18/30 trait=body_mass progress 67/75 | target=14 n_cal_samples=80 perm=20 repeat=6
2026-03-04 21:53:29 | INFO | src.tmc_shapley_islands | [Shapley] Target island: 14 (Southern 4), source islands: 15
2026-03-04 21:53:30 | INFO | src.tmc_shapley_islands | Data: source=5211 (across 15 islands), cal=80, test=336
2026-03-04 21:53:30 | INFO | src.tmc_shapley_islands | SNP selection: using fixed precomputed subset (n=20000)
2026-03-04 21:53:30 | INFO | src.tmc_shapley_islands | Island counts (capped to None in training):
  Nesøy: n=119
  Myken: n=92
  Træna: n=292
  Selvær: n=194
  Gjerøy: n=558
  Hestmannøy: n=1078
  Indre Kvarøy: n=356
  Onøy og Lurøy: n=259
  Lovund: n=158
  Sleneset: n=166
  Aldra: n=173
  Southern 1: n=583
  Southern 2: n=397
  Southern 3: n=584
  Southern 5: n=202
2026-03-04 21:53:30 | INFO | src.tmc_shapley_islands | Loaded 135 cached utilities from outputs/tmc_shapley_sweep_all_traits/cache/body_mass/utility_cache_target_14_seed_1212554687.json
2026-03-04 21:53:30 | INFO | src.tmc_shapley_islands | Running TMC-Shapley with 20 permutations (utility on cal set)...
2026-03-04 21:53:30 | INFO | src.tmc_shapley_islands | Computing V_full over all 15 source islands...
2026-03-04 21:53:30 | INFO | src.tmc_shapley_islands | V_full = 0.1070
2026-03-04 21:53:30 | INFO | src.tmc_shapley_islands | TMC head-start: loaded 10 completed permutations from state outputs/tmc_shapley_sweep_all_traits/cache/body_mass/tmc_perm_state_target_14_seed_1212554687.json
2026-03-04 21:53:52 | INFO | src.tmc_shapley_islands | TMC progress: 12/20 permutations done, cache hit rate: 25.8%, n_evals: 23
2026-03-04 21:54:39 | INFO | src.tmc_shapley_islands | TMC progress: 16/20 permutations done, cache hit rate: 22.0%, n_evals: 71
2026-03-04 21:55:29 | INFO | src.tmc_shapley_islands | TMC progress: 20/20 permutations done, cache hit rate: 21.9%, n_evals: 118
2026-03-04 21:55:29 | INFO | src.tmc_shapley_islands | TMC complete: 20 permutations, 0 truncated, 118 utility evals, cache hit rate: 21.9%
2026-03-04 21:55:29 | INFO | src.tmc_shapley_islands | Shapley values (phi, computed on cal set):
2026-03-04 21:55:29 | INFO | src.tmc_shapley_islands |   Nesøy: phi=-0.009427, phi/n=-0.00007922
2026-03-04 21:55:29 | INFO | src.tmc_shapley_islands |   Myken: phi=0.015358, phi/n=0.00016693
2026-03-04 21:55:29 | INFO | src.tmc_shapley_islands |   Træna: phi=-0.009485, phi/n=-0.00003248
2026-03-04 21:55:29 | INFO | src.tmc_shapley_islands |   Selvær: phi=-0.016858, phi/n=-0.00008690
2026-03-04 21:55:29 | INFO | src.tmc_shapley_islands |   Gjerøy: phi=0.019399, phi/n=0.00003477
2026-03-04 21:55:29 | INFO | src.tmc_shapley_islands |   Hestmannøy: phi=0.006137, phi/n=0.00000569
2026-03-04 21:55:29 | INFO | src.tmc_shapley_islands |   Indre Kvarøy: phi=-0.012149, phi/n=-0.00003413
2026-03-04 21:55:29 | INFO | src.tmc_shapley_islands |   Onøy og Lurøy: phi=-0.063119, phi/n=-0.00024370
2026-03-04 21:55:29 | INFO | src.tmc_shapley_islands |   Lovund: phi=0.024195, phi/n=0.00015313
2026-03-04 21:55:29 | INFO | src.tmc_shapley_islands |   Sleneset: phi=-0.015607, phi/n=-0.00009402
2026-03-04 21:55:29 | INFO | src.tmc_shapley_islands |   Aldra: phi=-0.000298, phi/n=-0.00000172
2026-03-04 21:55:29 | INFO | src.tmc_shapley_islands |   Southern 1: phi=0.132553, phi/n=0.00022736
2026-03-04 21:55:29 | INFO | src.tmc_shapley_islands |   Southern 2: phi=0.105797, phi/n=0.00026649
2026-03-04 21:55:29 | INFO | src.tmc_shapley_islands |   Southern 3: phi=-0.020109, phi/n=-0.00003443
2026-03-04 21:55:29 | INFO | src.tmc_shapley_islands |   Southern 5: phi=-0.049397, phi/n=-0.00024454
2026-03-04 21:55:29 | INFO | src.tmc_shapley_islands | Curve retraining early stopping: enabled=True, patience=20
2026-03-04 21:55:29 | INFO | src.tmc_shapley_islands | Computing add-islands curve (evaluated on test set)...
2026-03-04 21:55:29 | INFO | src.tmc_shapley_islands | Add-curve (mean): 1 islands, n=397 -> corr=0.0572
2026-03-04 21:55:30 | INFO | src.tmc_shapley_islands | Add-curve (mean): 2 islands, n=980 -> corr=0.0863
2026-03-04 21:55:30 | INFO | src.tmc_shapley_islands | Add-curve (mean): 3 islands, n=1072 -> corr=0.0893
2026-03-04 21:55:31 | INFO | src.tmc_shapley_islands | Add-curve (mean): 4 islands, n=1230 -> corr=0.0923
2026-03-04 21:55:31 | INFO | src.tmc_shapley_islands | Add-curve (mean): 5 islands, n=1788 -> corr=0.0904
2026-03-04 21:55:33 | INFO | src.tmc_shapley_islands | Add-curve (mean): 6 islands, n=2866 -> corr=0.0876
2026-03-04 21:55:34 | INFO | src.tmc_shapley_islands | Add-curve (mean): 7 islands, n=3039 -> corr=0.0701
2026-03-04 21:55:35 | INFO | src.tmc_shapley_islands | Add-curve (mean): 8 islands, n=3331 -> corr=0.0732
2026-03-04 21:55:36 | INFO | src.tmc_shapley_islands | Add-curve (mean): 9 islands, n=3687 -> corr=0.0745
2026-03-04 21:55:38 | INFO | src.tmc_shapley_islands | Add-curve (mean): 10 islands, n=4271 -> corr=0.1009
2026-03-04 21:55:40 | INFO | src.tmc_shapley_islands | Add-curve (mean): 11 islands, n=4390 -> corr=0.0951
2026-03-04 21:55:42 | INFO | src.tmc_shapley_islands | Add-curve (mean): 12 islands, n=4584 -> corr=0.0979
2026-03-04 21:55:44 | INFO | src.tmc_shapley_islands | Add-curve (mean): 13 islands, n=4750 -> corr=0.1055
2026-03-04 21:55:46 | INFO | src.tmc_shapley_islands | Add-curve (mean): 14 islands, n=5009 -> corr=0.1198
2026-03-04 21:55:49 | INFO | src.tmc_shapley_islands | Add-curve (mean): 15 islands, n=5211 -> corr=0.1379
2026-03-04 21:56:03 | INFO | src.tmc_shapley_islands | Random individual add-curve (seed=0) complete
2026-03-04 21:56:16 | INFO | src.tmc_shapley_islands | Random individual add-curve (seed=1) complete
2026-03-04 21:56:30 | INFO | src.tmc_shapley_islands | Random individual add-curve (seed=2) complete
2026-03-04 21:56:44 | INFO | src.tmc_shapley_islands | Random individual add-curve (seed=3) complete
2026-03-04 21:56:57 | INFO | src.tmc_shapley_islands | Random individual add-curve (seed=4) complete
2026-03-04 21:56:57 | INFO | src.tmc_shapley_islands | Building mirrored remove-islands curve from add-islands curve...
2026-03-04 21:56:57 | INFO | src.tmc_shapley_islands | Saved Shapley values to outputs/tmc_shapley_sweep_all_traits/shards/shard_018/body_mass/tmp/shapley_island_values_target_14.csv
2026-03-04 21:56:57 | INFO | src.tmc_shapley_islands | Saved summary to outputs/tmc_shapley_sweep_all_traits/shards/shard_018/body_mass/tmp/tmc_summary_target_14.json
2026-03-04 21:56:57 | INFO | src.tmc_shapley_islands | Saved intermediate ranking trace to outputs/tmc_shapley_sweep_all_traits/shards/shard_018/body_mass/tmp/tmc_intermediate_rankings_target_14.csv
2026-03-04 21:56:57 | INFO | src.tmc_shapley_islands | Saved add-curve to outputs/tmc_shapley_sweep_all_traits/shards/shard_018/body_mass/tmp/add_curve_target_14.csv
2026-03-04 21:56:57 | INFO | src.tmc_shapley_islands | Saved remove-curve to outputs/tmc_shapley_sweep_all_traits/shards/shard_018/body_mass/tmp/remove_curve_target_14.csv
2026-03-04 21:56:57 | INFO | src.tmc_shapley_islands | Saved bar plot to outputs/tmc_shapley_sweep_all_traits/shards/shard_018/body_mass/tmp/shapley_bar_target_14.png
2026-03-04 21:56:58 | INFO | src.tmc_shapley_islands | Saved add-curve plot to outputs/tmc_shapley_sweep_all_traits/shards/shard_018/body_mass/tmp/add_curve_target_14.png
2026-03-04 21:56:58 | INFO | src.tmc_shapley_islands | Saved remove-curve plot to outputs/tmc_shapley_sweep_all_traits/shards/shard_018/body_mass/tmp/remove_curve_target_14.png
2026-03-04 21:56:58 | INFO | __main__ | Shard 18/30 trait=body_mass progress 68/75 | target=14 n_cal_samples=80 perm=40 repeat=6
2026-03-04 21:56:58 | INFO | src.tmc_shapley_islands | [Shapley] Target island: 14 (Southern 4), source islands: 15
2026-03-04 21:56:59 | INFO | src.tmc_shapley_islands | Data: source=5211 (across 15 islands), cal=80, test=336
2026-03-04 21:56:59 | INFO | src.tmc_shapley_islands | SNP selection: using fixed precomputed subset (n=20000)
2026-03-04 21:56:59 | INFO | src.tmc_shapley_islands | Island counts (capped to None in training):
  Nesøy: n=119
  Myken: n=92
  Træna: n=292
  Selvær: n=194
  Gjerøy: n=558
  Hestmannøy: n=1078
  Indre Kvarøy: n=356
  Onøy og Lurøy: n=259
  Lovund: n=158
  Sleneset: n=166
  Aldra: n=173
  Southern 1: n=583
  Southern 2: n=397
  Southern 3: n=584
  Southern 5: n=202
2026-03-04 21:56:59 | INFO | src.tmc_shapley_islands | Loaded 253 cached utilities from outputs/tmc_shapley_sweep_all_traits/cache/body_mass/utility_cache_target_14_seed_1212554687.json
2026-03-04 21:56:59 | INFO | src.tmc_shapley_islands | Running TMC-Shapley with 40 permutations (utility on cal set)...
2026-03-04 21:56:59 | INFO | src.tmc_shapley_islands | Computing V_full over all 15 source islands...
2026-03-04 21:56:59 | INFO | src.tmc_shapley_islands | V_full = 0.1070
2026-03-04 21:56:59 | INFO | src.tmc_shapley_islands | TMC head-start: loaded 20 completed permutations from state outputs/tmc_shapley_sweep_all_traits/cache/body_mass/tmc_perm_state_target_14_seed_1212554687.json
2026-03-04 21:57:52 | INFO | src.tmc_shapley_islands | TMC progress: 24/40 permutations done, cache hit rate: 19.7%, n_evals: 49
2026-03-04 21:59:21 | INFO | src.tmc_shapley_islands | TMC progress: 32/40 permutations done, cache hit rate: 21.5%, n_evals: 142
2026-03-04 22:01:07 | INFO | src.tmc_shapley_islands | TMC progress: 40/40 permutations done, cache hit rate: 22.3%, n_evals: 234
2026-03-04 22:01:07 | INFO | src.tmc_shapley_islands | TMC complete: 40 permutations, 0 truncated, 234 utility evals, cache hit rate: 22.3%
2026-03-04 22:01:07 | INFO | src.tmc_shapley_islands | Shapley values (phi, computed on cal set):
2026-03-04 22:01:07 | INFO | src.tmc_shapley_islands |   Nesøy: phi=-0.007279, phi/n=-0.00006117
2026-03-04 22:01:07 | INFO | src.tmc_shapley_islands |   Myken: phi=0.013474, phi/n=0.00014646
2026-03-04 22:01:07 | INFO | src.tmc_shapley_islands |   Træna: phi=-0.010229, phi/n=-0.00003503
2026-03-04 22:01:07 | INFO | src.tmc_shapley_islands |   Selvær: phi=-0.014677, phi/n=-0.00007566
2026-03-04 22:01:07 | INFO | src.tmc_shapley_islands |   Gjerøy: phi=0.020186, phi/n=0.00003618
2026-03-04 22:01:07 | INFO | src.tmc_shapley_islands |   Hestmannøy: phi=0.003398, phi/n=0.00000315
2026-03-04 22:01:07 | INFO | src.tmc_shapley_islands |   Indre Kvarøy: phi=-0.011425, phi/n=-0.00003209
2026-03-04 22:01:07 | INFO | src.tmc_shapley_islands |   Onøy og Lurøy: phi=-0.054540, phi/n=-0.00021058
2026-03-04 22:01:07 | INFO | src.tmc_shapley_islands |   Lovund: phi=0.027589, phi/n=0.00017461
2026-03-04 22:01:07 | INFO | src.tmc_shapley_islands |   Sleneset: phi=-0.016209, phi/n=-0.00009765
2026-03-04 22:01:07 | INFO | src.tmc_shapley_islands |   Aldra: phi=-0.000225, phi/n=-0.00000130
2026-03-04 22:01:07 | INFO | src.tmc_shapley_islands |   Southern 1: phi=0.115121, phi/n=0.00019746
2026-03-04 22:01:07 | INFO | src.tmc_shapley_islands |   Southern 2: phi=0.113336, phi/n=0.00028548
2026-03-04 22:01:07 | INFO | src.tmc_shapley_islands |   Southern 3: phi=-0.025355, phi/n=-0.00004342
2026-03-04 22:01:07 | INFO | src.tmc_shapley_islands |   Southern 5: phi=-0.046174, phi/n=-0.00022858
2026-03-04 22:01:07 | INFO | src.tmc_shapley_islands | Curve retraining early stopping: enabled=True, patience=20
2026-03-04 22:01:07 | INFO | src.tmc_shapley_islands | Computing add-islands curve (evaluated on test set)...
2026-03-04 22:01:07 | INFO | src.tmc_shapley_islands | Add-curve (mean): 1 islands, n=397 -> corr=0.0572
2026-03-04 22:01:07 | INFO | src.tmc_shapley_islands | Add-curve (mean): 2 islands, n=980 -> corr=0.0863
2026-03-04 22:01:08 | INFO | src.tmc_shapley_islands | Add-curve (mean): 3 islands, n=1138 -> corr=0.0921
2026-03-04 22:01:09 | INFO | src.tmc_shapley_islands | Add-curve (mean): 4 islands, n=1230 -> corr=0.0923
2026-03-04 22:01:09 | INFO | src.tmc_shapley_islands | Add-curve (mean): 5 islands, n=1788 -> corr=0.0904
2026-03-04 22:01:10 | INFO | src.tmc_shapley_islands | Add-curve (mean): 6 islands, n=2866 -> corr=0.0876
2026-03-04 22:01:12 | INFO | src.tmc_shapley_islands | Add-curve (mean): 7 islands, n=3039 -> corr=0.0701
2026-03-04 22:01:13 | INFO | src.tmc_shapley_islands | Add-curve (mean): 8 islands, n=3395 -> corr=0.0713
2026-03-04 22:01:14 | INFO | src.tmc_shapley_islands | Add-curve (mean): 9 islands, n=3687 -> corr=0.0745
2026-03-04 22:01:16 | INFO | src.tmc_shapley_islands | Add-curve (mean): 10 islands, n=4271 -> corr=0.1009
2026-03-04 22:01:18 | INFO | src.tmc_shapley_islands | Add-curve (mean): 11 islands, n=4390 -> corr=0.0951
2026-03-04 22:01:20 | INFO | src.tmc_shapley_islands | Add-curve (mean): 12 islands, n=4584 -> corr=0.0979
2026-03-04 22:01:22 | INFO | src.tmc_shapley_islands | Add-curve (mean): 13 islands, n=4750 -> corr=0.1055
2026-03-04 22:01:24 | INFO | src.tmc_shapley_islands | Add-curve (mean): 14 islands, n=5009 -> corr=0.1198
2026-03-04 22:01:27 | INFO | src.tmc_shapley_islands | Add-curve (mean): 15 islands, n=5211 -> corr=0.1379
2026-03-04 22:01:40 | INFO | src.tmc_shapley_islands | Random individual add-curve (seed=0) complete
2026-03-04 22:01:53 | INFO | src.tmc_shapley_islands | Random individual add-curve (seed=1) complete
2026-03-04 22:02:07 | INFO | src.tmc_shapley_islands | Random individual add-curve (seed=2) complete
2026-03-04 22:02:20 | INFO | src.tmc_shapley_islands | Random individual add-curve (seed=3) complete
2026-03-04 22:02:34 | INFO | src.tmc_shapley_islands | Random individual add-curve (seed=4) complete
2026-03-04 22:02:34 | INFO | src.tmc_shapley_islands | Building mirrored remove-islands curve from add-islands curve...
2026-03-04 22:02:34 | INFO | src.tmc_shapley_islands | Saved Shapley values to outputs/tmc_shapley_sweep_all_traits/shards/shard_018/body_mass/tmp/shapley_island_values_target_14.csv
2026-03-04 22:02:34 | INFO | src.tmc_shapley_islands | Saved summary to outputs/tmc_shapley_sweep_all_traits/shards/shard_018/body_mass/tmp/tmc_summary_target_14.json
2026-03-04 22:02:34 | INFO | src.tmc_shapley_islands | Saved intermediate ranking trace to outputs/tmc_shapley_sweep_all_traits/shards/shard_018/body_mass/tmp/tmc_intermediate_rankings_target_14.csv
2026-03-04 22:02:34 | INFO | src.tmc_shapley_islands | Saved add-curve to outputs/tmc_shapley_sweep_all_traits/shards/shard_018/body_mass/tmp/add_curve_target_14.csv
2026-03-04 22:02:34 | INFO | src.tmc_shapley_islands | Saved remove-curve to outputs/tmc_shapley_sweep_all_traits/shards/shard_018/body_mass/tmp/remove_curve_target_14.csv
2026-03-04 22:02:34 | INFO | src.tmc_shapley_islands | Saved bar plot to outputs/tmc_shapley_sweep_all_traits/shards/shard_018/body_mass/tmp/shapley_bar_target_14.png
2026-03-04 22:02:35 | INFO | src.tmc_shapley_islands | Saved add-curve plot to outputs/tmc_shapley_sweep_all_traits/shards/shard_018/body_mass/tmp/add_curve_target_14.png
2026-03-04 22:02:35 | INFO | src.tmc_shapley_islands | Saved remove-curve plot to outputs/tmc_shapley_sweep_all_traits/shards/shard_018/body_mass/tmp/remove_curve_target_14.png
2026-03-04 22:02:35 | INFO | __main__ | Shard 18/30 trait=body_mass progress 69/75 | target=14 n_cal_samples=80 perm=80 repeat=6
2026-03-04 22:02:35 | INFO | src.tmc_shapley_islands | [Shapley] Target island: 14 (Southern 4), source islands: 15
2026-03-04 22:02:36 | INFO | src.tmc_shapley_islands | Data: source=5211 (across 15 islands), cal=80, test=336
2026-03-04 22:02:36 | INFO | src.tmc_shapley_islands | SNP selection: using fixed precomputed subset (n=20000)
2026-03-04 22:02:36 | INFO | src.tmc_shapley_islands | Island counts (capped to None in training):
  Nesøy: n=119
  Myken: n=92
  Træna: n=292
  Selvær: n=194
  Gjerøy: n=558
  Hestmannøy: n=1078
  Indre Kvarøy: n=356
  Onøy og Lurøy: n=259
  Lovund: n=158
  Sleneset: n=166
  Aldra: n=173
  Southern 1: n=583
  Southern 2: n=397
  Southern 3: n=584
  Southern 5: n=202
2026-03-04 22:02:36 | INFO | src.tmc_shapley_islands | Loaded 487 cached utilities from outputs/tmc_shapley_sweep_all_traits/cache/body_mass/utility_cache_target_14_seed_1212554687.json
2026-03-04 22:02:36 | INFO | src.tmc_shapley_islands | Running TMC-Shapley with 80 permutations (utility on cal set)...
2026-03-04 22:02:36 | INFO | src.tmc_shapley_islands | Computing V_full over all 15 source islands...
2026-03-04 22:02:36 | INFO | src.tmc_shapley_islands | V_full = 0.1070
2026-03-04 22:02:36 | INFO | src.tmc_shapley_islands | TMC head-start: loaded 40 completed permutations from state outputs/tmc_shapley_sweep_all_traits/cache/body_mass/tmc_perm_state_target_14_seed_1212554687.json
2026-03-04 22:04:17 | INFO | src.tmc_shapley_islands | TMC progress: 48/80 permutations done, cache hit rate: 24.0%, n_evals: 92
2026-03-04 22:07:18 | INFO | src.tmc_shapley_islands | TMC progress: 64/80 permutations done, cache hit rate: 26.6%, n_evals: 265
2026-03-04 22:09:44 | INFO | src.tmc_shapley_islands | TMC progress: 80/80 permutations done, cache hit rate: 29.5%, n_evals: 424
2026-03-04 22:09:44 | INFO | src.tmc_shapley_islands | TMC complete: 80 permutations, 0 truncated, 424 utility evals, cache hit rate: 29.5%
2026-03-04 22:09:44 | INFO | src.tmc_shapley_islands | Shapley values (phi, computed on cal set):
2026-03-04 22:09:44 | INFO | src.tmc_shapley_islands |   Nesøy: phi=-0.006299, phi/n=-0.00005294
2026-03-04 22:09:44 | INFO | src.tmc_shapley_islands |   Myken: phi=0.012138, phi/n=0.00013194
2026-03-04 22:09:44 | INFO | src.tmc_shapley_islands |   Træna: phi=-0.012176, phi/n=-0.00004170
2026-03-04 22:09:44 | INFO | src.tmc_shapley_islands |   Selvær: phi=-0.018468, phi/n=-0.00009519
2026-03-04 22:09:44 | INFO | src.tmc_shapley_islands |   Gjerøy: phi=0.023502, phi/n=0.00004212
2026-03-04 22:09:44 | INFO | src.tmc_shapley_islands |   Hestmannøy: phi=0.000754, phi/n=0.00000070
2026-03-04 22:09:44 | INFO | src.tmc_shapley_islands |   Indre Kvarøy: phi=-0.007931, phi/n=-0.00002228
2026-03-04 22:09:44 | INFO | src.tmc_shapley_islands |   Onøy og Lurøy: phi=-0.048177, phi/n=-0.00018601
2026-03-04 22:09:44 | INFO | src.tmc_shapley_islands |   Lovund: phi=0.024257, phi/n=0.00015352
2026-03-04 22:09:44 | INFO | src.tmc_shapley_islands |   Sleneset: phi=-0.015152, phi/n=-0.00009128
2026-03-04 22:09:44 | INFO | src.tmc_shapley_islands |   Aldra: phi=-0.000074, phi/n=-0.00000042
2026-03-04 22:09:44 | INFO | src.tmc_shapley_islands |   Southern 1: phi=0.110459, phi/n=0.00018947
2026-03-04 22:09:44 | INFO | src.tmc_shapley_islands |   Southern 2: phi=0.114563, phi/n=0.00028857
2026-03-04 22:09:44 | INFO | src.tmc_shapley_islands |   Southern 3: phi=-0.021689, phi/n=-0.00003714
2026-03-04 22:09:44 | INFO | src.tmc_shapley_islands |   Southern 5: phi=-0.048716, phi/n=-0.00024117
2026-03-04 22:09:44 | INFO | src.tmc_shapley_islands | Curve retraining early stopping: enabled=True, patience=20
2026-03-04 22:09:44 | INFO | src.tmc_shapley_islands | Computing add-islands curve (evaluated on test set)...
2026-03-04 22:09:44 | INFO | src.tmc_shapley_islands | Add-curve (mean): 1 islands, n=397 -> corr=0.0572
2026-03-04 22:09:45 | INFO | src.tmc_shapley_islands | Add-curve (mean): 2 islands, n=980 -> corr=0.0863
2026-03-04 22:09:45 | INFO | src.tmc_shapley_islands | Add-curve (mean): 3 islands, n=1138 -> corr=0.0921
2026-03-04 22:09:46 | INFO | src.tmc_shapley_islands | Add-curve (mean): 4 islands, n=1230 -> corr=0.0923
2026-03-04 22:09:46 | INFO | src.tmc_shapley_islands | Add-curve (mean): 5 islands, n=1788 -> corr=0.0904
2026-03-04 22:09:48 | INFO | src.tmc_shapley_islands | Add-curve (mean): 6 islands, n=2866 -> corr=0.0876
2026-03-04 22:09:49 | INFO | src.tmc_shapley_islands | Add-curve (mean): 7 islands, n=3039 -> corr=0.0701
2026-03-04 22:09:50 | INFO | src.tmc_shapley_islands | Add-curve (mean): 8 islands, n=3395 -> corr=0.0713
2026-03-04 22:09:52 | INFO | src.tmc_shapley_islands | Add-curve (mean): 9 islands, n=3979 -> corr=0.0991
2026-03-04 22:09:54 | INFO | src.tmc_shapley_islands | Add-curve (mean): 10 islands, n=4271 -> corr=0.1009
2026-03-04 22:09:55 | INFO | src.tmc_shapley_islands | Add-curve (mean): 11 islands, n=4390 -> corr=0.0951
2026-03-04 22:09:57 | INFO | src.tmc_shapley_islands | Add-curve (mean): 12 islands, n=4556 -> corr=0.1025
2026-03-04 22:10:00 | INFO | src.tmc_shapley_islands | Add-curve (mean): 13 islands, n=4750 -> corr=0.1055
2026-03-04 22:10:02 | INFO | src.tmc_shapley_islands | Add-curve (mean): 14 islands, n=5009 -> corr=0.1198
2026-03-04 22:10:04 | INFO | src.tmc_shapley_islands | Add-curve (mean): 15 islands, n=5211 -> corr=0.1379
2026-03-04 22:10:18 | INFO | src.tmc_shapley_islands | Random individual add-curve (seed=0) complete
2026-03-04 22:10:32 | INFO | src.tmc_shapley_islands | Random individual add-curve (seed=1) complete
2026-03-04 22:10:46 | INFO | src.tmc_shapley_islands | Random individual add-curve (seed=2) complete
2026-03-04 22:11:00 | INFO | src.tmc_shapley_islands | Random individual add-curve (seed=3) complete
2026-03-04 22:11:14 | INFO | src.tmc_shapley_islands | Random individual add-curve (seed=4) complete
2026-03-04 22:11:14 | INFO | src.tmc_shapley_islands | Building mirrored remove-islands curve from add-islands curve...
2026-03-04 22:11:14 | INFO | src.tmc_shapley_islands | Saved Shapley values to outputs/tmc_shapley_sweep_all_traits/shards/shard_018/body_mass/tmp/shapley_island_values_target_14.csv
2026-03-04 22:11:14 | INFO | src.tmc_shapley_islands | Saved summary to outputs/tmc_shapley_sweep_all_traits/shards/shard_018/body_mass/tmp/tmc_summary_target_14.json
2026-03-04 22:11:14 | INFO | src.tmc_shapley_islands | Saved intermediate ranking trace to outputs/tmc_shapley_sweep_all_traits/shards/shard_018/body_mass/tmp/tmc_intermediate_rankings_target_14.csv
2026-03-04 22:11:14 | INFO | src.tmc_shapley_islands | Saved add-curve to outputs/tmc_shapley_sweep_all_traits/shards/shard_018/body_mass/tmp/add_curve_target_14.csv
2026-03-04 22:11:14 | INFO | src.tmc_shapley_islands | Saved remove-curve to outputs/tmc_shapley_sweep_all_traits/shards/shard_018/body_mass/tmp/remove_curve_target_14.csv
2026-03-04 22:11:14 | INFO | src.tmc_shapley_islands | Saved bar plot to outputs/tmc_shapley_sweep_all_traits/shards/shard_018/body_mass/tmp/shapley_bar_target_14.png
2026-03-04 22:11:15 | INFO | src.tmc_shapley_islands | Saved add-curve plot to outputs/tmc_shapley_sweep_all_traits/shards/shard_018/body_mass/tmp/add_curve_target_14.png
2026-03-04 22:11:15 | INFO | src.tmc_shapley_islands | Saved remove-curve plot to outputs/tmc_shapley_sweep_all_traits/shards/shard_018/body_mass/tmp/remove_curve_target_14.png
2026-03-04 22:11:15 | INFO | __main__ | Shard 18/30 trait=body_mass progress 70/75 | target=14 n_cal_samples=80 perm=150 repeat=6
2026-03-04 22:11:15 | INFO | src.tmc_shapley_islands | [Shapley] Target island: 14 (Southern 4), source islands: 15
2026-03-04 22:11:16 | INFO | src.tmc_shapley_islands | Data: source=5211 (across 15 islands), cal=80, test=336
2026-03-04 22:11:16 | INFO | src.tmc_shapley_islands | SNP selection: using fixed precomputed subset (n=20000)
2026-03-04 22:11:16 | INFO | src.tmc_shapley_islands | Island counts (capped to None in training):
  Nesøy: n=119
  Myken: n=92
  Træna: n=292
  Selvær: n=194
  Gjerøy: n=558
  Hestmannøy: n=1078
  Indre Kvarøy: n=356
  Onøy og Lurøy: n=259
  Lovund: n=158
  Sleneset: n=166
  Aldra: n=173
  Southern 1: n=583
  Southern 2: n=397
  Southern 3: n=584
  Southern 5: n=202
2026-03-04 22:11:16 | INFO | src.tmc_shapley_islands | Loaded 911 cached utilities from outputs/tmc_shapley_sweep_all_traits/cache/body_mass/utility_cache_target_14_seed_1212554687.json
2026-03-04 22:11:16 | INFO | src.tmc_shapley_islands | Running TMC-Shapley with 150 permutations (utility on cal set)...
2026-03-04 22:11:16 | INFO | src.tmc_shapley_islands | Computing V_full over all 15 source islands...
2026-03-04 22:11:16 | INFO | src.tmc_shapley_islands | V_full = 0.1070
2026-03-04 22:11:16 | INFO | src.tmc_shapley_islands | TMC head-start: loaded 80 completed permutations from state outputs/tmc_shapley_sweep_all_traits/cache/body_mass/tmc_perm_state_target_14_seed_1212554687.json
2026-03-04 22:13:13 | INFO | src.tmc_shapley_islands | TMC progress: 90/150 permutations done, cache hit rate: 30.5%, n_evals: 105
2026-03-04 22:18:03 | INFO | src.tmc_shapley_islands | TMC progress: 120/150 permutations done, cache hit rate: 33.4%, n_evals: 400
2026-03-04 22:22:59 | INFO | src.tmc_shapley_islands | TMC progress: 150/150 permutations done, cache hit rate: 33.1%, n_evals: 703
2026-03-04 22:22:59 | INFO | src.tmc_shapley_islands | TMC complete: 150 permutations, 0 truncated, 703 utility evals, cache hit rate: 33.1%
2026-03-04 22:22:59 | INFO | src.tmc_shapley_islands | Shapley values (phi, computed on cal set):
2026-03-04 22:22:59 | INFO | src.tmc_shapley_islands |   Nesøy: phi=-0.005600, phi/n=-0.00004706
2026-03-04 22:22:59 | INFO | src.tmc_shapley_islands |   Myken: phi=0.010954, phi/n=0.00011906
2026-03-04 22:22:59 | INFO | src.tmc_shapley_islands |   Træna: phi=-0.013134, phi/n=-0.00004498
2026-03-04 22:22:59 | INFO | src.tmc_shapley_islands |   Selvær: phi=-0.019632, phi/n=-0.00010119
2026-03-04 22:22:59 | INFO | src.tmc_shapley_islands |   Gjerøy: phi=0.027360, phi/n=0.00004903
2026-03-04 22:22:59 | INFO | src.tmc_shapley_islands |   Hestmannøy: phi=0.001250, phi/n=0.00000116
2026-03-04 22:22:59 | INFO | src.tmc_shapley_islands |   Indre Kvarøy: phi=-0.007387, phi/n=-0.00002075
2026-03-04 22:22:59 | INFO | src.tmc_shapley_islands |   Onøy og Lurøy: phi=-0.046989, phi/n=-0.00018143
2026-03-04 22:22:59 | INFO | src.tmc_shapley_islands |   Lovund: phi=0.025161, phi/n=0.00015924
2026-03-04 22:22:59 | INFO | src.tmc_shapley_islands |   Sleneset: phi=-0.014598, phi/n=-0.00008794
2026-03-04 22:22:59 | INFO | src.tmc_shapley_islands |   Aldra: phi=0.000575, phi/n=0.00000333
2026-03-04 22:22:59 | INFO | src.tmc_shapley_islands |   Southern 1: phi=0.106452, phi/n=0.00018259
2026-03-04 22:22:59 | INFO | src.tmc_shapley_islands |   Southern 2: phi=0.114182, phi/n=0.00028761
2026-03-04 22:22:59 | INFO | src.tmc_shapley_islands |   Southern 3: phi=-0.022249, phi/n=-0.00003810
2026-03-04 22:22:59 | INFO | src.tmc_shapley_islands |   Southern 5: phi=-0.049355, phi/n=-0.00024433
2026-03-04 22:22:59 | INFO | src.tmc_shapley_islands | Curve retraining early stopping: enabled=True, patience=20
2026-03-04 22:22:59 | INFO | src.tmc_shapley_islands | Computing add-islands curve (evaluated on test set)...
2026-03-04 22:22:59 | INFO | src.tmc_shapley_islands | Add-curve (mean): 1 islands, n=397 -> corr=0.0572
2026-03-04 22:23:00 | INFO | src.tmc_shapley_islands | Add-curve (mean): 2 islands, n=980 -> corr=0.0863
2026-03-04 22:23:00 | INFO | src.tmc_shapley_islands | Add-curve (mean): 3 islands, n=1138 -> corr=0.0921
2026-03-04 22:23:01 | INFO | src.tmc_shapley_islands | Add-curve (mean): 4 islands, n=1230 -> corr=0.0923
2026-03-04 22:23:02 | INFO | src.tmc_shapley_islands | Add-curve (mean): 5 islands, n=1788 -> corr=0.0904
2026-03-04 22:23:03 | INFO | src.tmc_shapley_islands | Add-curve (mean): 6 islands, n=1961 -> corr=0.0678
2026-03-04 22:23:04 | INFO | src.tmc_shapley_islands | Add-curve (mean): 7 islands, n=3039 -> corr=0.0701
2026-03-04 22:23:05 | INFO | src.tmc_shapley_islands | Add-curve (mean): 8 islands, n=3395 -> corr=0.0713
2026-03-04 22:23:07 | INFO | src.tmc_shapley_islands | Add-curve (mean): 9 islands, n=3979 -> corr=0.0991
2026-03-04 22:23:08 | INFO | src.tmc_shapley_islands | Add-curve (mean): 10 islands, n=4271 -> corr=0.1009
2026-03-04 22:23:10 | INFO | src.tmc_shapley_islands | Add-curve (mean): 11 islands, n=4390 -> corr=0.0951
2026-03-04 22:23:12 | INFO | src.tmc_shapley_islands | Add-curve (mean): 12 islands, n=4556 -> corr=0.1025
2026-03-04 22:23:14 | INFO | src.tmc_shapley_islands | Add-curve (mean): 13 islands, n=4750 -> corr=0.1055
2026-03-04 22:23:17 | INFO | src.tmc_shapley_islands | Add-curve (mean): 14 islands, n=5009 -> corr=0.1198
2026-03-04 22:23:19 | INFO | src.tmc_shapley_islands | Add-curve (mean): 15 islands, n=5211 -> corr=0.1379
2026-03-04 22:23:33 | INFO | src.tmc_shapley_islands | Random individual add-curve (seed=0) complete
2026-03-04 22:23:46 | INFO | src.tmc_shapley_islands | Random individual add-curve (seed=1) complete
2026-03-04 22:24:00 | INFO | src.tmc_shapley_islands | Random individual add-curve (seed=2) complete
2026-03-04 22:24:13 | INFO | src.tmc_shapley_islands | Random individual add-curve (seed=3) complete
2026-03-04 22:24:27 | INFO | src.tmc_shapley_islands | Random individual add-curve (seed=4) complete
2026-03-04 22:24:27 | INFO | src.tmc_shapley_islands | Building mirrored remove-islands curve from add-islands curve...
2026-03-04 22:24:27 | INFO | src.tmc_shapley_islands | Saved Shapley values to outputs/tmc_shapley_sweep_all_traits/shards/shard_018/body_mass/tmp/shapley_island_values_target_14.csv
2026-03-04 22:24:27 | INFO | src.tmc_shapley_islands | Saved summary to outputs/tmc_shapley_sweep_all_traits/shards/shard_018/body_mass/tmp/tmc_summary_target_14.json
2026-03-04 22:24:27 | INFO | src.tmc_shapley_islands | Saved intermediate ranking trace to outputs/tmc_shapley_sweep_all_traits/shards/shard_018/body_mass/tmp/tmc_intermediate_rankings_target_14.csv
2026-03-04 22:24:27 | INFO | src.tmc_shapley_islands | Saved add-curve to outputs/tmc_shapley_sweep_all_traits/shards/shard_018/body_mass/tmp/add_curve_target_14.csv
2026-03-04 22:24:27 | INFO | src.tmc_shapley_islands | Saved remove-curve to outputs/tmc_shapley_sweep_all_traits/shards/shard_018/body_mass/tmp/remove_curve_target_14.csv
2026-03-04 22:24:27 | INFO | src.tmc_shapley_islands | Saved bar plot to outputs/tmc_shapley_sweep_all_traits/shards/shard_018/body_mass/tmp/shapley_bar_target_14.png
2026-03-04 22:24:28 | INFO | src.tmc_shapley_islands | Saved add-curve plot to outputs/tmc_shapley_sweep_all_traits/shards/shard_018/body_mass/tmp/add_curve_target_14.png
2026-03-04 22:24:28 | INFO | src.tmc_shapley_islands | Saved remove-curve plot to outputs/tmc_shapley_sweep_all_traits/shards/shard_018/body_mass/tmp/remove_curve_target_14.png
2026-03-04 22:24:28 | INFO | __main__ | Shard 18/30 trait=body_mass progress 71/75 | target=14 n_cal_samples=150 perm=10 repeat=6
2026-03-04 22:24:28 | INFO | src.tmc_shapley_islands | [Shapley] Target island: 14 (Southern 4), source islands: 15
2026-03-04 22:24:29 | INFO | src.tmc_shapley_islands | Data: source=5211 (across 15 islands), cal=150, test=336
2026-03-04 22:24:29 | INFO | src.tmc_shapley_islands | SNP selection: using fixed precomputed subset (n=20000)
2026-03-04 22:24:29 | INFO | src.tmc_shapley_islands | Island counts (capped to None in training):
  Nesøy: n=119
  Myken: n=92
  Træna: n=292
  Selvær: n=194
  Gjerøy: n=558
  Hestmannøy: n=1078
  Indre Kvarøy: n=356
  Onøy og Lurøy: n=259
  Lovund: n=158
  Sleneset: n=166
  Aldra: n=173
  Southern 1: n=583
  Southern 2: n=397
  Southern 3: n=584
  Southern 5: n=202
2026-03-04 22:24:29 | INFO | src.tmc_shapley_islands | Running TMC-Shapley with 10 permutations (utility on cal set)...
2026-03-04 22:24:29 | INFO | src.tmc_shapley_islands | Computing V_full over all 15 source islands...
2026-03-04 22:24:32 | INFO | src.tmc_shapley_islands | V_full = 0.1226
2026-03-04 22:24:58 | INFO | src.tmc_shapley_islands | TMC progress: 2/10 permutations done, cache hit rate: 6.5%, n_evals: 29
2026-03-04 22:25:29 | INFO | src.tmc_shapley_islands | TMC progress: 4/10 permutations done, cache hit rate: 6.6%, n_evals: 57
2026-03-04 22:25:58 | INFO | src.tmc_shapley_islands | TMC progress: 6/10 permutations done, cache hit rate: 7.7%, n_evals: 84
2026-03-04 22:26:28 | INFO | src.tmc_shapley_islands | TMC progress: 8/10 permutations done, cache hit rate: 7.4%, n_evals: 112
2026-03-04 22:26:56 | INFO | src.tmc_shapley_islands | TMC progress: 10/10 permutations done, cache hit rate: 7.9%, n_evals: 139
2026-03-04 22:26:56 | INFO | src.tmc_shapley_islands | TMC complete: 10 permutations, 0 truncated, 139 utility evals, cache hit rate: 7.9%
2026-03-04 22:26:56 | INFO | src.tmc_shapley_islands | Shapley values (phi, computed on cal set):
2026-03-04 22:26:56 | INFO | src.tmc_shapley_islands |   Nesøy: phi=0.001327, phi/n=0.00001115
2026-03-04 22:26:56 | INFO | src.tmc_shapley_islands |   Myken: phi=-0.008596, phi/n=-0.00009343
2026-03-04 22:26:56 | INFO | src.tmc_shapley_islands |   Træna: phi=-0.003753, phi/n=-0.00001285
2026-03-04 22:26:56 | INFO | src.tmc_shapley_islands |   Selvær: phi=-0.008744, phi/n=-0.00004507
2026-03-04 22:26:56 | INFO | src.tmc_shapley_islands |   Gjerøy: phi=0.025406, phi/n=0.00004553
2026-03-04 22:26:56 | INFO | src.tmc_shapley_islands |   Hestmannøy: phi=-0.030280, phi/n=-0.00002809
2026-03-04 22:26:56 | INFO | src.tmc_shapley_islands |   Indre Kvarøy: phi=-0.020590, phi/n=-0.00005784
2026-03-04 22:26:56 | INFO | src.tmc_shapley_islands |   Onøy og Lurøy: phi=0.003444, phi/n=0.00001330
2026-03-04 22:26:56 | INFO | src.tmc_shapley_islands |   Lovund: phi=0.011531, phi/n=0.00007298
2026-03-04 22:26:56 | INFO | src.tmc_shapley_islands |   Sleneset: phi=0.016346, phi/n=0.00009847
2026-03-04 22:26:56 | INFO | src.tmc_shapley_islands |   Aldra: phi=-0.001806, phi/n=-0.00001044
2026-03-04 22:26:56 | INFO | src.tmc_shapley_islands |   Southern 1: phi=0.024159, phi/n=0.00004144
2026-03-04 22:26:56 | INFO | src.tmc_shapley_islands |   Southern 2: phi=-0.027919, phi/n=-0.00007033
2026-03-04 22:26:56 | INFO | src.tmc_shapley_islands |   Southern 3: phi=0.057210, phi/n=0.00009796
2026-03-04 22:26:56 | INFO | src.tmc_shapley_islands |   Southern 5: phi=0.084914, phi/n=0.00042037
2026-03-04 22:26:56 | INFO | src.tmc_shapley_islands | Curve retraining early stopping: enabled=True, patience=20
2026-03-04 22:26:56 | INFO | src.tmc_shapley_islands | Computing add-islands curve (evaluated on test set)...
2026-03-04 22:26:56 | INFO | src.tmc_shapley_islands | Add-curve (mean): 1 islands, n=202 -> corr=0.0165
2026-03-04 22:26:57 | INFO | src.tmc_shapley_islands | Add-curve (mean): 2 islands, n=368 -> corr=0.0292
2026-03-04 22:26:57 | INFO | src.tmc_shapley_islands | Add-curve (mean): 3 islands, n=952 -> corr=0.0612
2026-03-04 22:26:57 | INFO | src.tmc_shapley_islands | Add-curve (mean): 4 islands, n=1110 -> corr=0.0650
2026-03-04 22:26:58 | INFO | src.tmc_shapley_islands | Add-curve (mean): 5 islands, n=1668 -> corr=0.0603
2026-03-04 22:26:59 | INFO | src.tmc_shapley_islands | Add-curve (mean): 6 islands, n=2251 -> corr=0.0888
2026-03-04 22:27:00 | INFO | src.tmc_shapley_islands | Add-curve (mean): 7 islands, n=2510 -> corr=0.1041
2026-03-04 22:27:01 | INFO | src.tmc_shapley_islands | Add-curve (mean): 8 islands, n=2629 -> corr=0.0990
2026-03-04 22:27:02 | INFO | src.tmc_shapley_islands | Add-curve (mean): 9 islands, n=2802 -> corr=0.0764
2026-03-04 22:27:03 | INFO | src.tmc_shapley_islands | Add-curve (mean): 10 islands, n=3094 -> corr=0.0780
2026-03-04 22:27:05 | INFO | src.tmc_shapley_islands | Add-curve (mean): 11 islands, n=4172 -> corr=0.0672
2026-03-04 22:27:07 | INFO | src.tmc_shapley_islands | Add-curve (mean): 12 islands, n=4366 -> corr=0.0738
2026-03-04 22:27:09 | INFO | src.tmc_shapley_islands | Add-curve (mean): 13 islands, n=4722 -> corr=0.0749
2026-03-04 22:27:11 | INFO | src.tmc_shapley_islands | Add-curve (mean): 14 islands, n=5119 -> corr=0.1163
2026-03-04 22:27:14 | INFO | src.tmc_shapley_islands | Add-curve (mean): 15 islands, n=5211 -> corr=0.1115
2026-03-04 22:27:25 | INFO | src.tmc_shapley_islands | Random individual add-curve (seed=0) complete
2026-03-04 22:27:37 | INFO | src.tmc_shapley_islands | Random individual add-curve (seed=1) complete
2026-03-04 22:27:49 | INFO | src.tmc_shapley_islands | Random individual add-curve (seed=2) complete
2026-03-04 22:28:00 | INFO | src.tmc_shapley_islands | Random individual add-curve (seed=3) complete
2026-03-04 22:28:12 | INFO | src.tmc_shapley_islands | Random individual add-curve (seed=4) complete
2026-03-04 22:28:12 | INFO | src.tmc_shapley_islands | Building mirrored remove-islands curve from add-islands curve...
2026-03-04 22:28:12 | INFO | src.tmc_shapley_islands | Saved Shapley values to outputs/tmc_shapley_sweep_all_traits/shards/shard_018/body_mass/tmp/shapley_island_values_target_14.csv
2026-03-04 22:28:12 | INFO | src.tmc_shapley_islands | Saved summary to outputs/tmc_shapley_sweep_all_traits/shards/shard_018/body_mass/tmp/tmc_summary_target_14.json
2026-03-04 22:28:12 | INFO | src.tmc_shapley_islands | Saved intermediate ranking trace to outputs/tmc_shapley_sweep_all_traits/shards/shard_018/body_mass/tmp/tmc_intermediate_rankings_target_14.csv
2026-03-04 22:28:12 | INFO | src.tmc_shapley_islands | Saved add-curve to outputs/tmc_shapley_sweep_all_traits/shards/shard_018/body_mass/tmp/add_curve_target_14.csv
2026-03-04 22:28:12 | INFO | src.tmc_shapley_islands | Saved remove-curve to outputs/tmc_shapley_sweep_all_traits/shards/shard_018/body_mass/tmp/remove_curve_target_14.csv
2026-03-04 22:28:13 | INFO | src.tmc_shapley_islands | Saved bar plot to outputs/tmc_shapley_sweep_all_traits/shards/shard_018/body_mass/tmp/shapley_bar_target_14.png
2026-03-04 22:28:13 | INFO | src.tmc_shapley_islands | Saved add-curve plot to outputs/tmc_shapley_sweep_all_traits/shards/shard_018/body_mass/tmp/add_curve_target_14.png
2026-03-04 22:28:14 | INFO | src.tmc_shapley_islands | Saved remove-curve plot to outputs/tmc_shapley_sweep_all_traits/shards/shard_018/body_mass/tmp/remove_curve_target_14.png
2026-03-04 22:28:14 | INFO | __main__ | Shard 18/30 trait=body_mass progress 72/75 | target=14 n_cal_samples=150 perm=20 repeat=6
2026-03-04 22:28:14 | INFO | src.tmc_shapley_islands | [Shapley] Target island: 14 (Southern 4), source islands: 15
2026-03-04 22:28:14 | INFO | src.tmc_shapley_islands | Data: source=5211 (across 15 islands), cal=150, test=336
2026-03-04 22:28:14 | INFO | src.tmc_shapley_islands | SNP selection: using fixed precomputed subset (n=20000)
2026-03-04 22:28:14 | INFO | src.tmc_shapley_islands | Island counts (capped to None in training):
  Nesøy: n=119
  Myken: n=92
  Træna: n=292
  Selvær: n=194
  Gjerøy: n=558
  Hestmannøy: n=1078
  Indre Kvarøy: n=356
  Onøy og Lurøy: n=259
  Lovund: n=158
  Sleneset: n=166
  Aldra: n=173
  Southern 1: n=583
  Southern 2: n=397
  Southern 3: n=584
  Southern 5: n=202
2026-03-04 22:28:14 | INFO | src.tmc_shapley_islands | Loaded 139 cached utilities from outputs/tmc_shapley_sweep_all_traits/cache/body_mass/utility_cache_target_14_seed_1922480101.json
2026-03-04 22:28:14 | INFO | src.tmc_shapley_islands | Running TMC-Shapley with 20 permutations (utility on cal set)...
2026-03-04 22:28:14 | INFO | src.tmc_shapley_islands | Computing V_full over all 15 source islands...
2026-03-04 22:28:14 | INFO | src.tmc_shapley_islands | V_full = 0.1226
2026-03-04 22:28:14 | INFO | src.tmc_shapley_islands | TMC head-start: loaded 10 completed permutations from state outputs/tmc_shapley_sweep_all_traits/cache/body_mass/tmc_perm_state_target_14_seed_1922480101.json
2026-03-04 22:28:39 | INFO | src.tmc_shapley_islands | TMC progress: 12/20 permutations done, cache hit rate: 22.6%, n_evals: 24
2026-03-04 22:29:29 | INFO | src.tmc_shapley_islands | TMC progress: 16/20 permutations done, cache hit rate: 18.7%, n_evals: 74
2026-03-04 22:30:15 | INFO | src.tmc_shapley_islands | TMC progress: 20/20 permutations done, cache hit rate: 21.2%, n_evals: 119
2026-03-04 22:30:15 | INFO | src.tmc_shapley_islands | TMC complete: 20 permutations, 0 truncated, 119 utility evals, cache hit rate: 21.2%
2026-03-04 22:30:15 | INFO | src.tmc_shapley_islands | Shapley values (phi, computed on cal set):
2026-03-04 22:30:15 | INFO | src.tmc_shapley_islands |   Nesøy: phi=0.003117, phi/n=0.00002619
2026-03-04 22:30:15 | INFO | src.tmc_shapley_islands |   Myken: phi=-0.008325, phi/n=-0.00009049
2026-03-04 22:30:15 | INFO | src.tmc_shapley_islands |   Træna: phi=-0.005371, phi/n=-0.00001839
2026-03-04 22:30:15 | INFO | src.tmc_shapley_islands |   Selvær: phi=-0.007020, phi/n=-0.00003619
2026-03-04 22:30:15 | INFO | src.tmc_shapley_islands |   Gjerøy: phi=0.026229, phi/n=0.00004700
2026-03-04 22:30:15 | INFO | src.tmc_shapley_islands |   Hestmannøy: phi=-0.028347, phi/n=-0.00002630
2026-03-04 22:30:15 | INFO | src.tmc_shapley_islands |   Indre Kvarøy: phi=-0.019752, phi/n=-0.00005548
2026-03-04 22:30:15 | INFO | src.tmc_shapley_islands |   Onøy og Lurøy: phi=0.004693, phi/n=0.00001812
2026-03-04 22:30:15 | INFO | src.tmc_shapley_islands |   Lovund: phi=0.011511, phi/n=0.00007285
2026-03-04 22:30:15 | INFO | src.tmc_shapley_islands |   Sleneset: phi=0.014698, phi/n=0.00008854
2026-03-04 22:30:15 | INFO | src.tmc_shapley_islands |   Aldra: phi=-0.002604, phi/n=-0.00001505
2026-03-04 22:30:15 | INFO | src.tmc_shapley_islands |   Southern 1: phi=0.025515, phi/n=0.00004377
2026-03-04 22:30:15 | INFO | src.tmc_shapley_islands |   Southern 2: phi=-0.030815, phi/n=-0.00007762
2026-03-04 22:30:15 | INFO | src.tmc_shapley_islands |   Southern 3: phi=0.052598, phi/n=0.00009007
2026-03-04 22:30:15 | INFO | src.tmc_shapley_islands |   Southern 5: phi=0.086523, phi/n=0.00042833
2026-03-04 22:30:15 | INFO | src.tmc_shapley_islands | Curve retraining early stopping: enabled=True, patience=20
2026-03-04 22:30:15 | INFO | src.tmc_shapley_islands | Computing add-islands curve (evaluated on test set)...
2026-03-04 22:30:15 | INFO | src.tmc_shapley_islands | Add-curve (mean): 1 islands, n=202 -> corr=0.0165
2026-03-04 22:30:15 | INFO | src.tmc_shapley_islands | Add-curve (mean): 2 islands, n=786 -> corr=0.0496
2026-03-04 22:30:16 | INFO | src.tmc_shapley_islands | Add-curve (mean): 3 islands, n=952 -> corr=0.0612
2026-03-04 22:30:16 | INFO | src.tmc_shapley_islands | Add-curve (mean): 4 islands, n=1110 -> corr=0.0650
2026-03-04 22:30:17 | INFO | src.tmc_shapley_islands | Add-curve (mean): 5 islands, n=1668 -> corr=0.0603
2026-03-04 22:30:18 | INFO | src.tmc_shapley_islands | Add-curve (mean): 6 islands, n=2251 -> corr=0.0888
2026-03-04 22:30:19 | INFO | src.tmc_shapley_islands | Add-curve (mean): 7 islands, n=2370 -> corr=0.0824
2026-03-04 22:30:20 | INFO | src.tmc_shapley_islands | Add-curve (mean): 8 islands, n=2629 -> corr=0.0990
2026-03-04 22:30:21 | INFO | src.tmc_shapley_islands | Add-curve (mean): 9 islands, n=2802 -> corr=0.0764
2026-03-04 22:30:22 | INFO | src.tmc_shapley_islands | Add-curve (mean): 10 islands, n=3094 -> corr=0.0780
2026-03-04 22:30:24 | INFO | src.tmc_shapley_islands | Add-curve (mean): 11 islands, n=4172 -> corr=0.0672
2026-03-04 22:30:26 | INFO | src.tmc_shapley_islands | Add-curve (mean): 12 islands, n=4366 -> corr=0.0738
2026-03-04 22:30:28 | INFO | src.tmc_shapley_islands | Add-curve (mean): 13 islands, n=4722 -> corr=0.0749
2026-03-04 22:30:30 | INFO | src.tmc_shapley_islands | Add-curve (mean): 14 islands, n=5119 -> corr=0.1163
2026-03-04 22:30:32 | INFO | src.tmc_shapley_islands | Add-curve (mean): 15 islands, n=5211 -> corr=0.1115
2026-03-04 22:30:44 | INFO | src.tmc_shapley_islands | Random individual add-curve (seed=0) complete
2026-03-04 22:30:56 | INFO | src.tmc_shapley_islands | Random individual add-curve (seed=1) complete
2026-03-04 22:31:07 | INFO | src.tmc_shapley_islands | Random individual add-curve (seed=2) complete
2026-03-04 22:31:19 | INFO | src.tmc_shapley_islands | Random individual add-curve (seed=3) complete
2026-03-04 22:31:31 | INFO | src.tmc_shapley_islands | Random individual add-curve (seed=4) complete
2026-03-04 22:31:31 | INFO | src.tmc_shapley_islands | Building mirrored remove-islands curve from add-islands curve...
2026-03-04 22:31:31 | INFO | src.tmc_shapley_islands | Saved Shapley values to outputs/tmc_shapley_sweep_all_traits/shards/shard_018/body_mass/tmp/shapley_island_values_target_14.csv
2026-03-04 22:31:31 | INFO | src.tmc_shapley_islands | Saved summary to outputs/tmc_shapley_sweep_all_traits/shards/shard_018/body_mass/tmp/tmc_summary_target_14.json
2026-03-04 22:31:31 | INFO | src.tmc_shapley_islands | Saved intermediate ranking trace to outputs/tmc_shapley_sweep_all_traits/shards/shard_018/body_mass/tmp/tmc_intermediate_rankings_target_14.csv
2026-03-04 22:31:31 | INFO | src.tmc_shapley_islands | Saved add-curve to outputs/tmc_shapley_sweep_all_traits/shards/shard_018/body_mass/tmp/add_curve_target_14.csv
2026-03-04 22:31:31 | INFO | src.tmc_shapley_islands | Saved remove-curve to outputs/tmc_shapley_sweep_all_traits/shards/shard_018/body_mass/tmp/remove_curve_target_14.csv
2026-03-04 22:31:32 | INFO | src.tmc_shapley_islands | Saved bar plot to outputs/tmc_shapley_sweep_all_traits/shards/shard_018/body_mass/tmp/shapley_bar_target_14.png
2026-03-04 22:31:32 | INFO | src.tmc_shapley_islands | Saved add-curve plot to outputs/tmc_shapley_sweep_all_traits/shards/shard_018/body_mass/tmp/add_curve_target_14.png
2026-03-04 22:31:33 | INFO | src.tmc_shapley_islands | Saved remove-curve plot to outputs/tmc_shapley_sweep_all_traits/shards/shard_018/body_mass/tmp/remove_curve_target_14.png
2026-03-04 22:31:33 | INFO | __main__ | Shard 18/30 trait=body_mass progress 73/75 | target=14 n_cal_samples=150 perm=40 repeat=6
2026-03-04 22:31:33 | INFO | src.tmc_shapley_islands | [Shapley] Target island: 14 (Southern 4), source islands: 15
2026-03-04 22:31:33 | INFO | src.tmc_shapley_islands | Data: source=5211 (across 15 islands), cal=150, test=336
2026-03-04 22:31:33 | INFO | src.tmc_shapley_islands | SNP selection: using fixed precomputed subset (n=20000)
2026-03-04 22:31:33 | INFO | src.tmc_shapley_islands | Island counts (capped to None in training):
  Nesøy: n=119
  Myken: n=92
  Træna: n=292
  Selvær: n=194
  Gjerøy: n=558
  Hestmannøy: n=1078
  Indre Kvarøy: n=356
  Onøy og Lurøy: n=259
  Lovund: n=158
  Sleneset: n=166
  Aldra: n=173
  Southern 1: n=583
  Southern 2: n=397
  Southern 3: n=584
  Southern 5: n=202
2026-03-04 22:31:33 | INFO | src.tmc_shapley_islands | Loaded 258 cached utilities from outputs/tmc_shapley_sweep_all_traits/cache/body_mass/utility_cache_target_14_seed_1922480101.json
2026-03-04 22:31:33 | INFO | src.tmc_shapley_islands | Running TMC-Shapley with 40 permutations (utility on cal set)...
2026-03-04 22:31:33 | INFO | src.tmc_shapley_islands | Computing V_full over all 15 source islands...
2026-03-04 22:31:33 | INFO | src.tmc_shapley_islands | V_full = 0.1226
2026-03-04 22:31:33 | INFO | src.tmc_shapley_islands | TMC head-start: loaded 20 completed permutations from state outputs/tmc_shapley_sweep_all_traits/cache/body_mass/tmc_perm_state_target_14_seed_1922480101.json
2026-03-04 22:32:23 | INFO | src.tmc_shapley_islands | TMC progress: 24/40 permutations done, cache hit rate: 24.6%, n_evals: 46
2026-03-04 22:33:51 | INFO | src.tmc_shapley_islands | TMC progress: 32/40 permutations done, cache hit rate: 24.3%, n_evals: 137
2026-03-04 22:35:25 | INFO | src.tmc_shapley_islands | TMC progress: 40/40 permutations done, cache hit rate: 23.9%, n_evals: 229
2026-03-04 22:35:25 | INFO | src.tmc_shapley_islands | TMC complete: 40 permutations, 0 truncated, 229 utility evals, cache hit rate: 23.9%
2026-03-04 22:35:25 | INFO | src.tmc_shapley_islands | Shapley values (phi, computed on cal set):
2026-03-04 22:35:25 | INFO | src.tmc_shapley_islands |   Nesøy: phi=0.002605, phi/n=0.00002189
2026-03-04 22:35:25 | INFO | src.tmc_shapley_islands |   Myken: phi=-0.007919, phi/n=-0.00008607
2026-03-04 22:35:25 | INFO | src.tmc_shapley_islands |   Træna: phi=-0.005653, phi/n=-0.00001936
2026-03-04 22:35:25 | INFO | src.tmc_shapley_islands |   Selvær: phi=-0.007169, phi/n=-0.00003695
2026-03-04 22:35:25 | INFO | src.tmc_shapley_islands |   Gjerøy: phi=0.022591, phi/n=0.00004049
2026-03-04 22:35:25 | INFO | src.tmc_shapley_islands |   Hestmannøy: phi=-0.030117, phi/n=-0.00002794
2026-03-04 22:35:25 | INFO | src.tmc_shapley_islands |   Indre Kvarøy: phi=-0.021358, phi/n=-0.00005999
2026-03-04 22:35:25 | INFO | src.tmc_shapley_islands |   Onøy og Lurøy: phi=0.003606, phi/n=0.00001392
2026-03-04 22:35:25 | INFO | src.tmc_shapley_islands |   Lovund: phi=0.013545, phi/n=0.00008573
2026-03-04 22:35:25 | INFO | src.tmc_shapley_islands |   Sleneset: phi=0.020319, phi/n=0.00012241
2026-03-04 22:35:25 | INFO | src.tmc_shapley_islands |   Aldra: phi=-0.003015, phi/n=-0.00001743
2026-03-04 22:35:25 | INFO | src.tmc_shapley_islands |   Southern 1: phi=0.027535, phi/n=0.00004723
2026-03-04 22:35:25 | INFO | src.tmc_shapley_islands |   Southern 2: phi=-0.030740, phi/n=-0.00007743
2026-03-04 22:35:25 | INFO | src.tmc_shapley_islands |   Southern 3: phi=0.057841, phi/n=0.00009904
2026-03-04 22:35:25 | INFO | src.tmc_shapley_islands |   Southern 5: phi=0.080577, phi/n=0.00039890
2026-03-04 22:35:25 | INFO | src.tmc_shapley_islands | Curve retraining early stopping: enabled=True, patience=20
2026-03-04 22:35:25 | INFO | src.tmc_shapley_islands | Computing add-islands curve (evaluated on test set)...
2026-03-04 22:35:25 | INFO | src.tmc_shapley_islands | Add-curve (mean): 1 islands, n=202 -> corr=0.0165
2026-03-04 22:35:25 | INFO | src.tmc_shapley_islands | Add-curve (mean): 2 islands, n=368 -> corr=0.0292
2026-03-04 22:35:26 | INFO | src.tmc_shapley_islands | Add-curve (mean): 3 islands, n=952 -> corr=0.0612
2026-03-04 22:35:26 | INFO | src.tmc_shapley_islands | Add-curve (mean): 4 islands, n=1110 -> corr=0.0650
2026-03-04 22:35:27 | INFO | src.tmc_shapley_islands | Add-curve (mean): 5 islands, n=1693 -> corr=0.0889
2026-03-04 22:35:28 | INFO | src.tmc_shapley_islands | Add-curve (mean): 6 islands, n=2251 -> corr=0.0888
2026-03-04 22:35:29 | INFO | src.tmc_shapley_islands | Add-curve (mean): 7 islands, n=2370 -> corr=0.0824
2026-03-04 22:35:30 | INFO | src.tmc_shapley_islands | Add-curve (mean): 8 islands, n=2629 -> corr=0.0990
2026-03-04 22:35:31 | INFO | src.tmc_shapley_islands | Add-curve (mean): 9 islands, n=2802 -> corr=0.0764
2026-03-04 22:35:32 | INFO | src.tmc_shapley_islands | Add-curve (mean): 10 islands, n=3094 -> corr=0.0780
2026-03-04 22:35:34 | INFO | src.tmc_shapley_islands | Add-curve (mean): 11 islands, n=4172 -> corr=0.0672
2026-03-04 22:35:36 | INFO | src.tmc_shapley_islands | Add-curve (mean): 12 islands, n=4366 -> corr=0.0738
2026-03-04 22:35:38 | INFO | src.tmc_shapley_islands | Add-curve (mean): 13 islands, n=4722 -> corr=0.0749
2026-03-04 22:35:40 | INFO | src.tmc_shapley_islands | Add-curve (mean): 14 islands, n=5119 -> corr=0.1163
2026-03-04 22:35:43 | INFO | src.tmc_shapley_islands | Add-curve (mean): 15 islands, n=5211 -> corr=0.1115
2026-03-04 22:35:54 | INFO | src.tmc_shapley_islands | Random individual add-curve (seed=0) complete
2026-03-04 22:36:06 | INFO | src.tmc_shapley_islands | Random individual add-curve (seed=1) complete
2026-03-04 22:36:18 | INFO | src.tmc_shapley_islands | Random individual add-curve (seed=2) complete
2026-03-04 22:36:30 | INFO | src.tmc_shapley_islands | Random individual add-curve (seed=3) complete
2026-03-04 22:36:42 | INFO | src.tmc_shapley_islands | Random individual add-curve (seed=4) complete
2026-03-04 22:36:42 | INFO | src.tmc_shapley_islands | Building mirrored remove-islands curve from add-islands curve...
2026-03-04 22:36:42 | INFO | src.tmc_shapley_islands | Saved Shapley values to outputs/tmc_shapley_sweep_all_traits/shards/shard_018/body_mass/tmp/shapley_island_values_target_14.csv
2026-03-04 22:36:42 | INFO | src.tmc_shapley_islands | Saved summary to outputs/tmc_shapley_sweep_all_traits/shards/shard_018/body_mass/tmp/tmc_summary_target_14.json
2026-03-04 22:36:42 | INFO | src.tmc_shapley_islands | Saved intermediate ranking trace to outputs/tmc_shapley_sweep_all_traits/shards/shard_018/body_mass/tmp/tmc_intermediate_rankings_target_14.csv
2026-03-04 22:36:42 | INFO | src.tmc_shapley_islands | Saved add-curve to outputs/tmc_shapley_sweep_all_traits/shards/shard_018/body_mass/tmp/add_curve_target_14.csv
2026-03-04 22:36:42 | INFO | src.tmc_shapley_islands | Saved remove-curve to outputs/tmc_shapley_sweep_all_traits/shards/shard_018/body_mass/tmp/remove_curve_target_14.csv
2026-03-04 22:36:42 | INFO | src.tmc_shapley_islands | Saved bar plot to outputs/tmc_shapley_sweep_all_traits/shards/shard_018/body_mass/tmp/shapley_bar_target_14.png
2026-03-04 22:36:43 | INFO | src.tmc_shapley_islands | Saved add-curve plot to outputs/tmc_shapley_sweep_all_traits/shards/shard_018/body_mass/tmp/add_curve_target_14.png
2026-03-04 22:36:43 | INFO | src.tmc_shapley_islands | Saved remove-curve plot to outputs/tmc_shapley_sweep_all_traits/shards/shard_018/body_mass/tmp/remove_curve_target_14.png
2026-03-04 22:36:43 | INFO | __main__ | Shard 18/30 trait=body_mass progress 74/75 | target=14 n_cal_samples=150 perm=80 repeat=6
2026-03-04 22:36:43 | INFO | src.tmc_shapley_islands | [Shapley] Target island: 14 (Southern 4), source islands: 15
2026-03-04 22:36:44 | INFO | src.tmc_shapley_islands | Data: source=5211 (across 15 islands), cal=150, test=336
2026-03-04 22:36:44 | INFO | src.tmc_shapley_islands | SNP selection: using fixed precomputed subset (n=20000)
2026-03-04 22:36:44 | INFO | src.tmc_shapley_islands | Island counts (capped to None in training):
  Nesøy: n=119
  Myken: n=92
  Træna: n=292
  Selvær: n=194
  Gjerøy: n=558
  Hestmannøy: n=1078
  Indre Kvarøy: n=356
  Onøy og Lurøy: n=259
  Lovund: n=158
  Sleneset: n=166
  Aldra: n=173
  Southern 1: n=583
  Southern 2: n=397
  Southern 3: n=584
  Southern 5: n=202
2026-03-04 22:36:44 | INFO | src.tmc_shapley_islands | Loaded 487 cached utilities from outputs/tmc_shapley_sweep_all_traits/cache/body_mass/utility_cache_target_14_seed_1922480101.json
2026-03-04 22:36:44 | INFO | src.tmc_shapley_islands | Running TMC-Shapley with 80 permutations (utility on cal set)...
2026-03-04 22:36:44 | INFO | src.tmc_shapley_islands | Computing V_full over all 15 source islands...
2026-03-04 22:36:44 | INFO | src.tmc_shapley_islands | V_full = 0.1226
2026-03-04 22:36:44 | INFO | src.tmc_shapley_islands | TMC head-start: loaded 40 completed permutations from state outputs/tmc_shapley_sweep_all_traits/cache/body_mass/tmc_perm_state_target_14_seed_1922480101.json
2026-03-04 22:38:06 | INFO | src.tmc_shapley_islands | TMC progress: 48/80 permutations done, cache hit rate: 30.6%, n_evals: 84
2026-03-04 22:41:21 | INFO | src.tmc_shapley_islands | TMC progress: 64/80 permutations done, cache hit rate: 27.4%, n_evals: 262
2026-03-04 22:44:21 | INFO | src.tmc_shapley_islands | TMC progress: 80/80 permutations done, cache hit rate: 27.8%, n_evals: 434
2026-03-04 22:44:21 | INFO | src.tmc_shapley_islands | TMC complete: 80 permutations, 0 truncated, 434 utility evals, cache hit rate: 27.8%
2026-03-04 22:44:21 | INFO | src.tmc_shapley_islands | Shapley values (phi, computed on cal set):
2026-03-04 22:44:21 | INFO | src.tmc_shapley_islands |   Nesøy: phi=0.003107, phi/n=0.00002611
2026-03-04 22:44:21 | INFO | src.tmc_shapley_islands |   Myken: phi=-0.007795, phi/n=-0.00008473
2026-03-04 22:44:21 | INFO | src.tmc_shapley_islands |   Træna: phi=-0.005672, phi/n=-0.00001942
2026-03-04 22:44:21 | INFO | src.tmc_shapley_islands |   Selvær: phi=-0.008041, phi/n=-0.00004145
2026-03-04 22:44:21 | INFO | src.tmc_shapley_islands |   Gjerøy: phi=0.022033, phi/n=0.00003948
2026-03-04 22:44:21 | INFO | src.tmc_shapley_islands |   Hestmannøy: phi=-0.031933, phi/n=-0.00002962
2026-03-04 22:44:21 | INFO | src.tmc_shapley_islands |   Indre Kvarøy: phi=-0.020222, phi/n=-0.00005680
2026-03-04 22:44:21 | INFO | src.tmc_shapley_islands |   Onøy og Lurøy: phi=0.003982, phi/n=0.00001538
2026-03-04 22:44:21 | INFO | src.tmc_shapley_islands |   Lovund: phi=0.011053, phi/n=0.00006996
2026-03-04 22:44:21 | INFO | src.tmc_shapley_islands |   Sleneset: phi=0.025520, phi/n=0.00015374
2026-03-04 22:44:21 | INFO | src.tmc_shapley_islands |   Aldra: phi=-0.003070, phi/n=-0.00001775
2026-03-04 22:44:21 | INFO | src.tmc_shapley_islands |   Southern 1: phi=0.028892, phi/n=0.00004956
2026-03-04 22:44:21 | INFO | src.tmc_shapley_islands |   Southern 2: phi=-0.029124, phi/n=-0.00007336
2026-03-04 22:44:21 | INFO | src.tmc_shapley_islands |   Southern 3: phi=0.051790, phi/n=0.00008868
2026-03-04 22:44:21 | INFO | src.tmc_shapley_islands |   Southern 5: phi=0.082127, phi/n=0.00040657
2026-03-04 22:44:21 | INFO | src.tmc_shapley_islands | Curve retraining early stopping: enabled=True, patience=20
2026-03-04 22:44:21 | INFO | src.tmc_shapley_islands | Computing add-islands curve (evaluated on test set)...
2026-03-04 22:44:21 | INFO | src.tmc_shapley_islands | Add-curve (mean): 1 islands, n=202 -> corr=0.0165
2026-03-04 22:44:21 | INFO | src.tmc_shapley_islands | Add-curve (mean): 2 islands, n=368 -> corr=0.0292
2026-03-04 22:44:22 | INFO | src.tmc_shapley_islands | Add-curve (mean): 3 islands, n=952 -> corr=0.0612
2026-03-04 22:44:22 | INFO | src.tmc_shapley_islands | Add-curve (mean): 4 islands, n=1110 -> corr=0.0650
2026-03-04 22:44:23 | INFO | src.tmc_shapley_islands | Add-curve (mean): 5 islands, n=1693 -> corr=0.0889
2026-03-04 22:44:24 | INFO | src.tmc_shapley_islands | Add-curve (mean): 6 islands, n=2251 -> corr=0.0888
2026-03-04 22:44:25 | INFO | src.tmc_shapley_islands | Add-curve (mean): 7 islands, n=2370 -> corr=0.0824
2026-03-04 22:44:26 | INFO | src.tmc_shapley_islands | Add-curve (mean): 8 islands, n=2629 -> corr=0.0990
2026-03-04 22:44:27 | INFO | src.tmc_shapley_islands | Add-curve (mean): 9 islands, n=2802 -> corr=0.0764
2026-03-04 22:44:28 | INFO | src.tmc_shapley_islands | Add-curve (mean): 10 islands, n=3094 -> corr=0.0780
2026-03-04 22:44:30 | INFO | src.tmc_shapley_islands | Add-curve (mean): 11 islands, n=4172 -> corr=0.0672
2026-03-04 22:44:32 | INFO | src.tmc_shapley_islands | Add-curve (mean): 12 islands, n=4366 -> corr=0.0738
2026-03-04 22:44:34 | INFO | src.tmc_shapley_islands | Add-curve (mean): 13 islands, n=4722 -> corr=0.0749
2026-03-04 22:44:36 | INFO | src.tmc_shapley_islands | Add-curve (mean): 14 islands, n=5119 -> corr=0.1163
2026-03-04 22:44:39 | INFO | src.tmc_shapley_islands | Add-curve (mean): 15 islands, n=5211 -> corr=0.1115
2026-03-04 22:44:50 | INFO | src.tmc_shapley_islands | Random individual add-curve (seed=0) complete
2026-03-04 22:45:02 | INFO | src.tmc_shapley_islands | Random individual add-curve (seed=1) complete
2026-03-04 22:45:14 | INFO | src.tmc_shapley_islands | Random individual add-curve (seed=2) complete
2026-03-04 22:45:25 | INFO | src.tmc_shapley_islands | Random individual add-curve (seed=3) complete
2026-03-04 22:45:37 | INFO | src.tmc_shapley_islands | Random individual add-curve (seed=4) complete
2026-03-04 22:45:37 | INFO | src.tmc_shapley_islands | Building mirrored remove-islands curve from add-islands curve...
2026-03-04 22:45:37 | INFO | src.tmc_shapley_islands | Saved Shapley values to outputs/tmc_shapley_sweep_all_traits/shards/shard_018/body_mass/tmp/shapley_island_values_target_14.csv
2026-03-04 22:45:37 | INFO | src.tmc_shapley_islands | Saved summary to outputs/tmc_shapley_sweep_all_traits/shards/shard_018/body_mass/tmp/tmc_summary_target_14.json
2026-03-04 22:45:37 | INFO | src.tmc_shapley_islands | Saved intermediate ranking trace to outputs/tmc_shapley_sweep_all_traits/shards/shard_018/body_mass/tmp/tmc_intermediate_rankings_target_14.csv
2026-03-04 22:45:37 | INFO | src.tmc_shapley_islands | Saved add-curve to outputs/tmc_shapley_sweep_all_traits/shards/shard_018/body_mass/tmp/add_curve_target_14.csv
2026-03-04 22:45:37 | INFO | src.tmc_shapley_islands | Saved remove-curve to outputs/tmc_shapley_sweep_all_traits/shards/shard_018/body_mass/tmp/remove_curve_target_14.csv
2026-03-04 22:45:37 | INFO | src.tmc_shapley_islands | Saved bar plot to outputs/tmc_shapley_sweep_all_traits/shards/shard_018/body_mass/tmp/shapley_bar_target_14.png
2026-03-04 22:45:38 | INFO | src.tmc_shapley_islands | Saved add-curve plot to outputs/tmc_shapley_sweep_all_traits/shards/shard_018/body_mass/tmp/add_curve_target_14.png
2026-03-04 22:45:38 | INFO | src.tmc_shapley_islands | Saved remove-curve plot to outputs/tmc_shapley_sweep_all_traits/shards/shard_018/body_mass/tmp/remove_curve_target_14.png
2026-03-04 22:45:38 | INFO | __main__ | Shard 18/30 trait=body_mass progress 75/75 | target=14 n_cal_samples=150 perm=150 repeat=6
2026-03-04 22:45:38 | INFO | src.tmc_shapley_islands | [Shapley] Target island: 14 (Southern 4), source islands: 15
2026-03-04 22:45:39 | INFO | src.tmc_shapley_islands | Data: source=5211 (across 15 islands), cal=150, test=336
2026-03-04 22:45:39 | INFO | src.tmc_shapley_islands | SNP selection: using fixed precomputed subset (n=20000)
2026-03-04 22:45:39 | INFO | src.tmc_shapley_islands | Island counts (capped to None in training):
  Nesøy: n=119
  Myken: n=92
  Træna: n=292
  Selvær: n=194
  Gjerøy: n=558
  Hestmannøy: n=1078
  Indre Kvarøy: n=356
  Onøy og Lurøy: n=259
  Lovund: n=158
  Sleneset: n=166
  Aldra: n=173
  Southern 1: n=583
  Southern 2: n=397
  Southern 3: n=584
  Southern 5: n=202
2026-03-04 22:45:39 | INFO | src.tmc_shapley_islands | Loaded 921 cached utilities from outputs/tmc_shapley_sweep_all_traits/cache/body_mass/utility_cache_target_14_seed_1922480101.json
2026-03-04 22:45:39 | INFO | src.tmc_shapley_islands | Running TMC-Shapley with 150 permutations (utility on cal set)...
2026-03-04 22:45:39 | INFO | src.tmc_shapley_islands | Computing V_full over all 15 source islands...
2026-03-04 22:45:39 | INFO | src.tmc_shapley_islands | V_full = 0.1226
2026-03-04 22:45:39 | INFO | src.tmc_shapley_islands | TMC head-start: loaded 80 completed permutations from state outputs/tmc_shapley_sweep_all_traits/cache/body_mass/tmc_perm_state_target_14_seed_1922480101.json
2026-03-04 22:47:19 | INFO | src.tmc_shapley_islands | TMC progress: 90/150 permutations done, cache hit rate: 31.8%, n_evals: 103
2026-03-04 22:52:26 | INFO | src.tmc_shapley_islands | TMC progress: 120/150 permutations done, cache hit rate: 32.8%, n_evals: 404
2026-03-04 22:57:10 | INFO | src.tmc_shapley_islands | TMC progress: 150/150 permutations done, cache hit rate: 33.3%, n_evals: 701
2026-03-04 22:57:10 | INFO | src.tmc_shapley_islands | TMC complete: 150 permutations, 0 truncated, 701 utility evals, cache hit rate: 33.3%
2026-03-04 22:57:10 | INFO | src.tmc_shapley_islands | Shapley values (phi, computed on cal set):
2026-03-04 22:57:10 | INFO | src.tmc_shapley_islands |   Nesøy: phi=0.002683, phi/n=0.00002255
2026-03-04 22:57:10 | INFO | src.tmc_shapley_islands |   Myken: phi=-0.008203, phi/n=-0.00008917
2026-03-04 22:57:10 | INFO | src.tmc_shapley_islands |   Træna: phi=-0.005530, phi/n=-0.00001894
2026-03-04 22:57:10 | INFO | src.tmc_shapley_islands |   Selvær: phi=-0.007663, phi/n=-0.00003950
2026-03-04 22:57:10 | INFO | src.tmc_shapley_islands |   Gjerøy: phi=0.022106, phi/n=0.00003962
2026-03-04 22:57:10 | INFO | src.tmc_shapley_islands |   Hestmannøy: phi=-0.030724, phi/n=-0.00002850
2026-03-04 22:57:10 | INFO | src.tmc_shapley_islands |   Indre Kvarøy: phi=-0.019059, phi/n=-0.00005354
2026-03-04 22:57:10 | INFO | src.tmc_shapley_islands |   Onøy og Lurøy: phi=0.003778, phi/n=0.00001459
2026-03-04 22:57:10 | INFO | src.tmc_shapley_islands |   Lovund: phi=0.011047, phi/n=0.00006992
2026-03-04 22:57:10 | INFO | src.tmc_shapley_islands |   Sleneset: phi=0.021924, phi/n=0.00013207
2026-03-04 22:57:10 | INFO | src.tmc_shapley_islands |   Aldra: phi=-0.003368, phi/n=-0.00001947
2026-03-04 22:57:10 | INFO | src.tmc_shapley_islands |   Southern 1: phi=0.027144, phi/n=0.00004656
2026-03-04 22:57:10 | INFO | src.tmc_shapley_islands |   Southern 2: phi=-0.029776, phi/n=-0.00007500
2026-03-04 22:57:10 | INFO | src.tmc_shapley_islands |   Southern 3: phi=0.052169, phi/n=0.00008933
2026-03-04 22:57:10 | INFO | src.tmc_shapley_islands |   Southern 5: phi=0.086120, phi/n=0.00042634
2026-03-04 22:57:10 | INFO | src.tmc_shapley_islands | Curve retraining early stopping: enabled=True, patience=20
2026-03-04 22:57:10 | INFO | src.tmc_shapley_islands | Computing add-islands curve (evaluated on test set)...
2026-03-04 22:57:10 | INFO | src.tmc_shapley_islands | Add-curve (mean): 1 islands, n=202 -> corr=0.0165
2026-03-04 22:57:10 | INFO | src.tmc_shapley_islands | Add-curve (mean): 2 islands, n=368 -> corr=0.0292
2026-03-04 22:57:11 | INFO | src.tmc_shapley_islands | Add-curve (mean): 3 islands, n=952 -> corr=0.0612
2026-03-04 22:57:11 | INFO | src.tmc_shapley_islands | Add-curve (mean): 4 islands, n=1110 -> corr=0.0650
2026-03-04 22:57:12 | INFO | src.tmc_shapley_islands | Add-curve (mean): 5 islands, n=1693 -> corr=0.0889
2026-03-04 22:57:13 | INFO | src.tmc_shapley_islands | Add-curve (mean): 6 islands, n=2251 -> corr=0.0888
2026-03-04 22:57:14 | INFO | src.tmc_shapley_islands | Add-curve (mean): 7 islands, n=2370 -> corr=0.0824
2026-03-04 22:57:15 | INFO | src.tmc_shapley_islands | Add-curve (mean): 8 islands, n=2629 -> corr=0.0990
2026-03-04 22:57:16 | INFO | src.tmc_shapley_islands | Add-curve (mean): 9 islands, n=2921 -> corr=0.0990
2026-03-04 22:57:17 | INFO | src.tmc_shapley_islands | Add-curve (mean): 10 islands, n=3094 -> corr=0.0780
2026-03-04 22:57:19 | INFO | src.tmc_shapley_islands | Add-curve (mean): 11 islands, n=4172 -> corr=0.0672
2026-03-04 22:57:21 | INFO | src.tmc_shapley_islands | Add-curve (mean): 12 islands, n=4366 -> corr=0.0738
2026-03-04 22:57:23 | INFO | src.tmc_shapley_islands | Add-curve (mean): 13 islands, n=4722 -> corr=0.0749
2026-03-04 22:57:25 | INFO | src.tmc_shapley_islands | Add-curve (mean): 14 islands, n=5119 -> corr=0.1163
2026-03-04 22:57:28 | INFO | src.tmc_shapley_islands | Add-curve (mean): 15 islands, n=5211 -> corr=0.1115
2026-03-04 22:57:39 | INFO | src.tmc_shapley_islands | Random individual add-curve (seed=0) complete
2026-03-04 22:57:51 | INFO | src.tmc_shapley_islands | Random individual add-curve (seed=1) complete
2026-03-04 22:58:03 | INFO | src.tmc_shapley_islands | Random individual add-curve (seed=2) complete
2026-03-04 22:58:14 | INFO | src.tmc_shapley_islands | Random individual add-curve (seed=3) complete
2026-03-04 22:58:26 | INFO | src.tmc_shapley_islands | Random individual add-curve (seed=4) complete
2026-03-04 22:58:26 | INFO | src.tmc_shapley_islands | Building mirrored remove-islands curve from add-islands curve...
2026-03-04 22:58:26 | INFO | src.tmc_shapley_islands | Saved Shapley values to outputs/tmc_shapley_sweep_all_traits/shards/shard_018/body_mass/tmp/shapley_island_values_target_14.csv
2026-03-04 22:58:26 | INFO | src.tmc_shapley_islands | Saved summary to outputs/tmc_shapley_sweep_all_traits/shards/shard_018/body_mass/tmp/tmc_summary_target_14.json
2026-03-04 22:58:26 | INFO | src.tmc_shapley_islands | Saved intermediate ranking trace to outputs/tmc_shapley_sweep_all_traits/shards/shard_018/body_mass/tmp/tmc_intermediate_rankings_target_14.csv
2026-03-04 22:58:26 | INFO | src.tmc_shapley_islands | Saved add-curve to outputs/tmc_shapley_sweep_all_traits/shards/shard_018/body_mass/tmp/add_curve_target_14.csv
2026-03-04 22:58:26 | INFO | src.tmc_shapley_islands | Saved remove-curve to outputs/tmc_shapley_sweep_all_traits/shards/shard_018/body_mass/tmp/remove_curve_target_14.csv
2026-03-04 22:58:26 | INFO | src.tmc_shapley_islands | Saved bar plot to outputs/tmc_shapley_sweep_all_traits/shards/shard_018/body_mass/tmp/shapley_bar_target_14.png
2026-03-04 22:58:27 | INFO | src.tmc_shapley_islands | Saved add-curve plot to outputs/tmc_shapley_sweep_all_traits/shards/shard_018/body_mass/tmp/add_curve_target_14.png
2026-03-04 22:58:27 | INFO | src.tmc_shapley_islands | Saved remove-curve plot to outputs/tmc_shapley_sweep_all_traits/shards/shard_018/body_mass/tmp/remove_curve_target_14.png
2026-03-04 22:58:27 | INFO | __main__ | Shard 18 complete. Output: outputs/tmc_shapley_sweep_all_traits/shards/shard_018
