2026-03-04 14:41:38 | INFO | __main__ | Trait-level sharding enabled: 30 shards = 10 repeats x 3 trait groups (1 traits per group).
2026-03-04 14:41:38 | INFO | __main__ | Using device: cpu
2026-03-04 14:41:38 | INFO | __main__ | Sharding mode: repeat+trait (num_shards=30, n_repeats=10, trait_multiplier=3). This shard handles repeats=[5], traits=['wing'].
2026-03-04 14:41:38 | INFO | __main__ | Loading data for trait 'wing'...
2026-03-04 14:41:38 | INFO | src.data | Loading data from NPZ: Data/npz/snp_thr_wing_ALL.npz
2026-03-04 14:41:48 | INFO | __main__ | Trait 'wing': 5633 samples, 65344 SNPs, 16 islands
2026-03-04 14:41:48 | INFO | __main__ | Worker shard=17/30 trait=wing | repeats=[5] | perms=[10, 20, 40, 80, 150] | n_cal_samples=[10, 20, 40, 80, 150] | targets=[3, 5, 14]
2026-03-04 14:41:48 | INFO | __main__ | Shard 17/30 trait=wing progress 1/75 | target=3 n_cal_samples=10 perm=10 repeat=5
2026-03-04 14:41:48 | INFO | src.tmc_shapley_islands | [Shapley] Target island: 3 (Selvær), source islands: 15
2026-03-04 14:41:48 | INFO | src.tmc_shapley_islands | Data: source=5442 (across 15 islands), cal=10, test=41
2026-03-04 14:41:48 | INFO | src.tmc_shapley_islands | SNP selection: using fixed precomputed subset (n=20000)
2026-03-04 14:41:48 | INFO | src.tmc_shapley_islands | Island counts (capped to None in training):
  Nesøy: n=118
  Myken: n=92
  Træna: n=286
  Gjerøy: n=553
  Hestmannøy: n=1055
  Indre Kvarøy: n=349
  Onøy og Lurøy: n=256
  Lovund: n=151
  Sleneset: n=160
  Aldra: n=173
  Southern 1: n=581
  Southern 2: n=397
  Southern 3: n=583
  Southern 4: n=486
  Southern 5: n=202
2026-03-04 14:41:48 | INFO | src.tmc_shapley_islands | Running TMC-Shapley with 10 permutations (utility on cal set)...
2026-03-04 14:41:48 | INFO | src.tmc_shapley_islands | Computing V_full over all 15 source islands...
2026-03-04 14:41:51 | INFO | src.tmc_shapley_islands | V_full = 0.0182
2026-03-04 14:42:23 | INFO | src.tmc_shapley_islands | TMC progress: 2/10 permutations done, cache hit rate: 6.5%, n_evals: 29
2026-03-04 14:42:50 | INFO | src.tmc_shapley_islands | TMC progress: 4/10 permutations done, cache hit rate: 8.2%, n_evals: 56
2026-03-04 14:43:14 | INFO | src.tmc_shapley_islands | TMC progress: 6/10 permutations done, cache hit rate: 8.8%, n_evals: 83
2026-03-04 14:43:45 | INFO | src.tmc_shapley_islands | TMC progress: 8/10 permutations done, cache hit rate: 9.9%, n_evals: 109
2026-03-04 14:44:09 | INFO | src.tmc_shapley_islands | TMC progress: 10/10 permutations done, cache hit rate: 10.6%, n_evals: 135
2026-03-04 14:44:09 | INFO | src.tmc_shapley_islands | TMC complete: 10 permutations, 0 truncated, 135 utility evals, cache hit rate: 10.6%
2026-03-04 14:44:09 | INFO | src.tmc_shapley_islands | Shapley values (phi, computed on cal set):
2026-03-04 14:44:09 | INFO | src.tmc_shapley_islands |   Nesøy: phi=0.023674, phi/n=0.00020063
2026-03-04 14:44:09 | INFO | src.tmc_shapley_islands |   Myken: phi=-0.163549, phi/n=-0.00177770
2026-03-04 14:44:09 | INFO | src.tmc_shapley_islands |   Træna: phi=0.012876, phi/n=0.00004502
2026-03-04 14:44:09 | INFO | src.tmc_shapley_islands |   Gjerøy: phi=-0.198669, phi/n=-0.00035926
2026-03-04 14:44:09 | INFO | src.tmc_shapley_islands |   Hestmannøy: phi=0.149429, phi/n=0.00014164
2026-03-04 14:44:09 | INFO | src.tmc_shapley_islands |   Indre Kvarøy: phi=0.104726, phi/n=0.00030007
2026-03-04 14:44:09 | INFO | src.tmc_shapley_islands |   Onøy og Lurøy: phi=-0.204192, phi/n=-0.00079762
2026-03-04 14:44:09 | INFO | src.tmc_shapley_islands |   Lovund: phi=-0.026516, phi/n=-0.00017560
2026-03-04 14:44:09 | INFO | src.tmc_shapley_islands |   Sleneset: phi=-0.050132, phi/n=-0.00031332
2026-03-04 14:44:09 | INFO | src.tmc_shapley_islands |   Aldra: phi=-0.063027, phi/n=-0.00036432
2026-03-04 14:44:09 | INFO | src.tmc_shapley_islands |   Southern 1: phi=0.319972, phi/n=0.00055073
2026-03-04 14:44:09 | INFO | src.tmc_shapley_islands |   Southern 2: phi=-0.002450, phi/n=-0.00000617
2026-03-04 14:44:09 | INFO | src.tmc_shapley_islands |   Southern 3: phi=-0.023694, phi/n=-0.00004064
2026-03-04 14:44:09 | INFO | src.tmc_shapley_islands |   Southern 4: phi=0.111940, phi/n=0.00023033
2026-03-04 14:44:09 | INFO | src.tmc_shapley_islands |   Southern 5: phi=0.027778, phi/n=0.00013751
2026-03-04 14:44:09 | INFO | src.tmc_shapley_islands | Curve retraining early stopping: enabled=True, patience=20
2026-03-04 14:44:09 | INFO | src.tmc_shapley_islands | Computing add-islands curve (evaluated on test set)...
2026-03-04 14:44:09 | INFO | src.tmc_shapley_islands | Add-curve (mean): 1 islands, n=581 -> corr=0.2112
2026-03-04 14:44:10 | INFO | src.tmc_shapley_islands | Add-curve (mean): 2 islands, n=930 -> corr=-0.0100
2026-03-04 14:44:10 | INFO | src.tmc_shapley_islands | Add-curve (mean): 3 islands, n=1416 -> corr=0.1135
2026-03-04 14:44:11 | INFO | src.tmc_shapley_islands | Add-curve (mean): 4 islands, n=1534 -> corr=0.1447
2026-03-04 14:44:12 | INFO | src.tmc_shapley_islands | Add-curve (mean): 5 islands, n=2589 -> corr=0.2133
2026-03-04 14:44:13 | INFO | src.tmc_shapley_islands | Add-curve (mean): 6 islands, n=2791 -> corr=0.1761
2026-03-04 14:44:14 | INFO | src.tmc_shapley_islands | Add-curve (mean): 7 islands, n=3077 -> corr=0.3903
2026-03-04 14:44:15 | INFO | src.tmc_shapley_islands | Add-curve (mean): 8 islands, n=3474 -> corr=0.3397
2026-03-04 14:44:17 | INFO | src.tmc_shapley_islands | Add-curve (mean): 9 islands, n=4057 -> corr=0.3158
2026-03-04 14:44:19 | INFO | src.tmc_shapley_islands | Add-curve (mean): 10 islands, n=4208 -> corr=0.3362
2026-03-04 14:44:21 | INFO | src.tmc_shapley_islands | Add-curve (mean): 11 islands, n=4368 -> corr=0.3564
2026-03-04 14:44:23 | INFO | src.tmc_shapley_islands | Add-curve (mean): 12 islands, n=4921 -> corr=0.3674
2026-03-04 14:44:25 | INFO | src.tmc_shapley_islands | Add-curve (mean): 13 islands, n=5094 -> corr=0.3774
2026-03-04 14:44:27 | INFO | src.tmc_shapley_islands | Add-curve (mean): 14 islands, n=5350 -> corr=0.3896
2026-03-04 14:44:30 | INFO | src.tmc_shapley_islands | Add-curve (mean): 15 islands, n=5442 -> corr=0.3713
2026-03-04 14:44:44 | INFO | src.tmc_shapley_islands | Random individual add-curve (seed=0) complete
2026-03-04 14:44:59 | INFO | src.tmc_shapley_islands | Random individual add-curve (seed=1) complete
2026-03-04 14:45:13 | INFO | src.tmc_shapley_islands | Random individual add-curve (seed=2) complete
2026-03-04 14:45:28 | INFO | src.tmc_shapley_islands | Random individual add-curve (seed=3) complete
2026-03-04 14:45:42 | INFO | src.tmc_shapley_islands | Random individual add-curve (seed=4) complete
2026-03-04 14:45:42 | INFO | src.tmc_shapley_islands | Building mirrored remove-islands curve from add-islands curve...
2026-03-04 14:45:42 | INFO | src.tmc_shapley_islands | Saved Shapley values to outputs/tmc_shapley_sweep_all_traits/shards/shard_017/wing/tmp/shapley_island_values_target_3.csv
2026-03-04 14:45:42 | INFO | src.tmc_shapley_islands | Saved summary to outputs/tmc_shapley_sweep_all_traits/shards/shard_017/wing/tmp/tmc_summary_target_3.json
2026-03-04 14:45:42 | INFO | src.tmc_shapley_islands | Saved intermediate ranking trace to outputs/tmc_shapley_sweep_all_traits/shards/shard_017/wing/tmp/tmc_intermediate_rankings_target_3.csv
2026-03-04 14:45:42 | INFO | src.tmc_shapley_islands | Saved add-curve to outputs/tmc_shapley_sweep_all_traits/shards/shard_017/wing/tmp/add_curve_target_3.csv
2026-03-04 14:45:42 | INFO | src.tmc_shapley_islands | Saved remove-curve to outputs/tmc_shapley_sweep_all_traits/shards/shard_017/wing/tmp/remove_curve_target_3.csv
2026-03-04 14:45:43 | INFO | src.tmc_shapley_islands | Saved bar plot to outputs/tmc_shapley_sweep_all_traits/shards/shard_017/wing/tmp/shapley_bar_target_3.png
2026-03-04 14:45:44 | INFO | src.tmc_shapley_islands | Saved add-curve plot to outputs/tmc_shapley_sweep_all_traits/shards/shard_017/wing/tmp/add_curve_target_3.png
2026-03-04 14:45:44 | INFO | src.tmc_shapley_islands | Saved remove-curve plot to outputs/tmc_shapley_sweep_all_traits/shards/shard_017/wing/tmp/remove_curve_target_3.png
2026-03-04 14:45:44 | INFO | __main__ | Shard 17/30 trait=wing progress 2/75 | target=3 n_cal_samples=10 perm=20 repeat=5
2026-03-04 14:45:44 | INFO | src.tmc_shapley_islands | [Shapley] Target island: 3 (Selvær), source islands: 15
2026-03-04 14:45:45 | INFO | src.tmc_shapley_islands | Data: source=5442 (across 15 islands), cal=10, test=41
2026-03-04 14:45:45 | INFO | src.tmc_shapley_islands | SNP selection: using fixed precomputed subset (n=20000)
2026-03-04 14:45:45 | INFO | src.tmc_shapley_islands | Island counts (capped to None in training):
  Nesøy: n=118
  Myken: n=92
  Træna: n=286
  Gjerøy: n=553
  Hestmannøy: n=1055
  Indre Kvarøy: n=349
  Onøy og Lurøy: n=256
  Lovund: n=151
  Sleneset: n=160
  Aldra: n=173
  Southern 1: n=581
  Southern 2: n=397
  Southern 3: n=583
  Southern 4: n=486
  Southern 5: n=202
2026-03-04 14:45:45 | INFO | src.tmc_shapley_islands | Loaded 135 cached utilities from outputs/tmc_shapley_sweep_all_traits/cache/wing/utility_cache_target_3_seed_421305392.json
2026-03-04 14:45:45 | INFO | src.tmc_shapley_islands | Running TMC-Shapley with 20 permutations (utility on cal set)...
2026-03-04 14:45:45 | INFO | src.tmc_shapley_islands | Computing V_full over all 15 source islands...
2026-03-04 14:45:45 | INFO | src.tmc_shapley_islands | V_full = 0.0182
2026-03-04 14:45:45 | INFO | src.tmc_shapley_islands | TMC head-start: loaded 10 completed permutations from state outputs/tmc_shapley_sweep_all_traits/cache/wing/tmc_perm_state_target_3_seed_421305392.json
2026-03-04 14:46:08 | INFO | src.tmc_shapley_islands | TMC progress: 12/20 permutations done, cache hit rate: 22.6%, n_evals: 24
2026-03-04 14:47:04 | INFO | src.tmc_shapley_islands | TMC progress: 16/20 permutations done, cache hit rate: 18.7%, n_evals: 74
2026-03-04 14:47:54 | INFO | src.tmc_shapley_islands | TMC progress: 20/20 permutations done, cache hit rate: 19.2%, n_evals: 122
2026-03-04 14:47:54 | INFO | src.tmc_shapley_islands | TMC complete: 20 permutations, 0 truncated, 122 utility evals, cache hit rate: 19.2%
2026-03-04 14:47:54 | INFO | src.tmc_shapley_islands | Shapley values (phi, computed on cal set):
2026-03-04 14:47:54 | INFO | src.tmc_shapley_islands |   Nesøy: phi=0.014454, phi/n=0.00012249
2026-03-04 14:47:54 | INFO | src.tmc_shapley_islands |   Myken: phi=-0.163513, phi/n=-0.00177732
2026-03-04 14:47:54 | INFO | src.tmc_shapley_islands |   Træna: phi=0.014022, phi/n=0.00004903
2026-03-04 14:47:54 | INFO | src.tmc_shapley_islands |   Gjerøy: phi=-0.211863, phi/n=-0.00038312
2026-03-04 14:47:54 | INFO | src.tmc_shapley_islands |   Hestmannøy: phi=0.139292, phi/n=0.00013203
2026-03-04 14:47:54 | INFO | src.tmc_shapley_islands |   Indre Kvarøy: phi=0.174047, phi/n=0.00049870
2026-03-04 14:47:54 | INFO | src.tmc_shapley_islands |   Onøy og Lurøy: phi=-0.184957, phi/n=-0.00072249
2026-03-04 14:47:54 | INFO | src.tmc_shapley_islands |   Lovund: phi=-0.033647, phi/n=-0.00022283
2026-03-04 14:47:54 | INFO | src.tmc_shapley_islands |   Sleneset: phi=-0.066828, phi/n=-0.00041767
2026-03-04 14:47:54 | INFO | src.tmc_shapley_islands |   Aldra: phi=-0.067194, phi/n=-0.00038841
2026-03-04 14:47:54 | INFO | src.tmc_shapley_islands |   Southern 1: phi=0.306783, phi/n=0.00052803
2026-03-04 14:47:54 | INFO | src.tmc_shapley_islands |   Southern 2: phi=-0.000319, phi/n=-0.00000080
2026-03-04 14:47:54 | INFO | src.tmc_shapley_islands |   Southern 3: phi=-0.032890, phi/n=-0.00005642
2026-03-04 14:47:54 | INFO | src.tmc_shapley_islands |   Southern 4: phi=0.095841, phi/n=0.00019720
2026-03-04 14:47:54 | INFO | src.tmc_shapley_islands |   Southern 5: phi=0.034939, phi/n=0.00017296
2026-03-04 14:47:54 | INFO | src.tmc_shapley_islands | Curve retraining early stopping: enabled=True, patience=20
2026-03-04 14:47:54 | INFO | src.tmc_shapley_islands | Computing add-islands curve (evaluated on test set)...
2026-03-04 14:47:54 | INFO | src.tmc_shapley_islands | Add-curve (mean): 1 islands, n=581 -> corr=0.2112
2026-03-04 14:47:55 | INFO | src.tmc_shapley_islands | Add-curve (mean): 2 islands, n=930 -> corr=-0.0100
2026-03-04 14:47:55 | INFO | src.tmc_shapley_islands | Add-curve (mean): 3 islands, n=1416 -> corr=0.1135
2026-03-04 14:47:56 | INFO | src.tmc_shapley_islands | Add-curve (mean): 4 islands, n=1618 -> corr=0.0520
2026-03-04 14:47:57 | INFO | src.tmc_shapley_islands | Add-curve (mean): 5 islands, n=2673 -> corr=0.1805
2026-03-04 14:47:58 | INFO | src.tmc_shapley_islands | Add-curve (mean): 6 islands, n=2791 -> corr=0.1761
2026-03-04 14:47:59 | INFO | src.tmc_shapley_islands | Add-curve (mean): 7 islands, n=3077 -> corr=0.3903
2026-03-04 14:48:00 | INFO | src.tmc_shapley_islands | Add-curve (mean): 8 islands, n=3474 -> corr=0.3397
2026-03-04 14:48:02 | INFO | src.tmc_shapley_islands | Add-curve (mean): 9 islands, n=4057 -> corr=0.3158
2026-03-04 14:48:04 | INFO | src.tmc_shapley_islands | Add-curve (mean): 10 islands, n=4208 -> corr=0.3362
2026-03-04 14:48:06 | INFO | src.tmc_shapley_islands | Add-curve (mean): 11 islands, n=4761 -> corr=0.3499
2026-03-04 14:48:08 | INFO | src.tmc_shapley_islands | Add-curve (mean): 12 islands, n=4934 -> corr=0.3593
2026-03-04 14:48:10 | INFO | src.tmc_shapley_islands | Add-curve (mean): 13 islands, n=5094 -> corr=0.3774
2026-03-04 14:48:13 | INFO | src.tmc_shapley_islands | Add-curve (mean): 14 islands, n=5350 -> corr=0.3896
2026-03-04 14:48:15 | INFO | src.tmc_shapley_islands | Add-curve (mean): 15 islands, n=5442 -> corr=0.3713
2026-03-04 14:48:30 | INFO | src.tmc_shapley_islands | Random individual add-curve (seed=0) complete
2026-03-04 14:48:45 | INFO | src.tmc_shapley_islands | Random individual add-curve (seed=1) complete
2026-03-04 14:49:00 | INFO | src.tmc_shapley_islands | Random individual add-curve (seed=2) complete
2026-03-04 14:49:15 | INFO | src.tmc_shapley_islands | Random individual add-curve (seed=3) complete
2026-03-04 14:49:29 | INFO | src.tmc_shapley_islands | Random individual add-curve (seed=4) complete
2026-03-04 14:49:29 | INFO | src.tmc_shapley_islands | Building mirrored remove-islands curve from add-islands curve...
2026-03-04 14:49:29 | INFO | src.tmc_shapley_islands | Saved Shapley values to outputs/tmc_shapley_sweep_all_traits/shards/shard_017/wing/tmp/shapley_island_values_target_3.csv
2026-03-04 14:49:29 | INFO | src.tmc_shapley_islands | Saved summary to outputs/tmc_shapley_sweep_all_traits/shards/shard_017/wing/tmp/tmc_summary_target_3.json
2026-03-04 14:49:29 | INFO | src.tmc_shapley_islands | Saved intermediate ranking trace to outputs/tmc_shapley_sweep_all_traits/shards/shard_017/wing/tmp/tmc_intermediate_rankings_target_3.csv
2026-03-04 14:49:29 | INFO | src.tmc_shapley_islands | Saved add-curve to outputs/tmc_shapley_sweep_all_traits/shards/shard_017/wing/tmp/add_curve_target_3.csv
2026-03-04 14:49:29 | INFO | src.tmc_shapley_islands | Saved remove-curve to outputs/tmc_shapley_sweep_all_traits/shards/shard_017/wing/tmp/remove_curve_target_3.csv
2026-03-04 14:49:30 | INFO | src.tmc_shapley_islands | Saved bar plot to outputs/tmc_shapley_sweep_all_traits/shards/shard_017/wing/tmp/shapley_bar_target_3.png
2026-03-04 14:49:30 | INFO | src.tmc_shapley_islands | Saved add-curve plot to outputs/tmc_shapley_sweep_all_traits/shards/shard_017/wing/tmp/add_curve_target_3.png
2026-03-04 14:49:31 | INFO | src.tmc_shapley_islands | Saved remove-curve plot to outputs/tmc_shapley_sweep_all_traits/shards/shard_017/wing/tmp/remove_curve_target_3.png
2026-03-04 14:49:31 | INFO | __main__ | Shard 17/30 trait=wing progress 3/75 | target=3 n_cal_samples=10 perm=40 repeat=5
2026-03-04 14:49:31 | INFO | src.tmc_shapley_islands | [Shapley] Target island: 3 (Selvær), source islands: 15
2026-03-04 14:49:32 | INFO | src.tmc_shapley_islands | Data: source=5442 (across 15 islands), cal=10, test=41
2026-03-04 14:49:32 | INFO | src.tmc_shapley_islands | SNP selection: using fixed precomputed subset (n=20000)
2026-03-04 14:49:32 | INFO | src.tmc_shapley_islands | Island counts (capped to None in training):
  Nesøy: n=118
  Myken: n=92
  Træna: n=286
  Gjerøy: n=553
  Hestmannøy: n=1055
  Indre Kvarøy: n=349
  Onøy og Lurøy: n=256
  Lovund: n=151
  Sleneset: n=160
  Aldra: n=173
  Southern 1: n=581
  Southern 2: n=397
  Southern 3: n=583
  Southern 4: n=486
  Southern 5: n=202
2026-03-04 14:49:32 | INFO | src.tmc_shapley_islands | Loaded 257 cached utilities from outputs/tmc_shapley_sweep_all_traits/cache/wing/utility_cache_target_3_seed_421305392.json
2026-03-04 14:49:32 | INFO | src.tmc_shapley_islands | Running TMC-Shapley with 40 permutations (utility on cal set)...
2026-03-04 14:49:32 | INFO | src.tmc_shapley_islands | Computing V_full over all 15 source islands...
2026-03-04 14:49:32 | INFO | src.tmc_shapley_islands | V_full = 0.0182
2026-03-04 14:49:32 | INFO | src.tmc_shapley_islands | TMC head-start: loaded 20 completed permutations from state outputs/tmc_shapley_sweep_all_traits/cache/wing/tmc_perm_state_target_3_seed_421305392.json
2026-03-04 14:50:32 | INFO | src.tmc_shapley_islands | TMC progress: 24/40 permutations done, cache hit rate: 18.0%, n_evals: 50
2026-03-04 14:52:08 | INFO | src.tmc_shapley_islands | TMC progress: 32/40 permutations done, cache hit rate: 21.5%, n_evals: 142
2026-03-04 14:53:44 | INFO | src.tmc_shapley_islands | TMC progress: 40/40 permutations done, cache hit rate: 22.9%, n_evals: 232
2026-03-04 14:53:44 | INFO | src.tmc_shapley_islands | TMC complete: 40 permutations, 0 truncated, 232 utility evals, cache hit rate: 22.9%
2026-03-04 14:53:44 | INFO | src.tmc_shapley_islands | Shapley values (phi, computed on cal set):
2026-03-04 14:53:44 | INFO | src.tmc_shapley_islands |   Nesøy: phi=0.017024, phi/n=0.00014427
2026-03-04 14:53:44 | INFO | src.tmc_shapley_islands |   Myken: phi=-0.174606, phi/n=-0.00189789
2026-03-04 14:53:44 | INFO | src.tmc_shapley_islands |   Træna: phi=-0.000906, phi/n=-0.00000317
2026-03-04 14:53:44 | INFO | src.tmc_shapley_islands |   Gjerøy: phi=-0.180410, phi/n=-0.00032624
2026-03-04 14:53:44 | INFO | src.tmc_shapley_islands |   Hestmannøy: phi=0.141098, phi/n=0.00013374
2026-03-04 14:53:44 | INFO | src.tmc_shapley_islands |   Indre Kvarøy: phi=0.142317, phi/n=0.00040779
2026-03-04 14:53:44 | INFO | src.tmc_shapley_islands |   Onøy og Lurøy: phi=-0.177334, phi/n=-0.00069271
2026-03-04 14:53:44 | INFO | src.tmc_shapley_islands |   Lovund: phi=-0.015983, phi/n=-0.00010585
2026-03-04 14:53:44 | INFO | src.tmc_shapley_islands |   Sleneset: phi=-0.059417, phi/n=-0.00037136
2026-03-04 14:53:44 | INFO | src.tmc_shapley_islands |   Aldra: phi=-0.076505, phi/n=-0.00044222
2026-03-04 14:53:44 | INFO | src.tmc_shapley_islands |   Southern 1: phi=0.266764, phi/n=0.00045915
2026-03-04 14:53:44 | INFO | src.tmc_shapley_islands |   Southern 2: phi=0.001741, phi/n=0.00000439
2026-03-04 14:53:44 | INFO | src.tmc_shapley_islands |   Southern 3: phi=-0.021218, phi/n=-0.00003640
2026-03-04 14:53:44 | INFO | src.tmc_shapley_islands |   Southern 4: phi=0.120366, phi/n=0.00024767
2026-03-04 14:53:44 | INFO | src.tmc_shapley_islands |   Southern 5: phi=0.035235, phi/n=0.00017443
2026-03-04 14:53:44 | INFO | src.tmc_shapley_islands | Curve retraining early stopping: enabled=True, patience=20
2026-03-04 14:53:44 | INFO | src.tmc_shapley_islands | Computing add-islands curve (evaluated on test set)...
2026-03-04 14:53:44 | INFO | src.tmc_shapley_islands | Add-curve (mean): 1 islands, n=581 -> corr=0.2112
2026-03-04 14:53:44 | INFO | src.tmc_shapley_islands | Add-curve (mean): 2 islands, n=930 -> corr=-0.0100
2026-03-04 14:53:45 | INFO | src.tmc_shapley_islands | Add-curve (mean): 3 islands, n=1416 -> corr=0.1135
2026-03-04 14:53:46 | INFO | src.tmc_shapley_islands | Add-curve (mean): 4 islands, n=1618 -> corr=0.0520
2026-03-04 14:53:46 | INFO | src.tmc_shapley_islands | Add-curve (mean): 5 islands, n=1736 -> corr=0.0794
2026-03-04 14:53:47 | INFO | src.tmc_shapley_islands | Add-curve (mean): 6 islands, n=2791 -> corr=0.1761
2026-03-04 14:53:49 | INFO | src.tmc_shapley_islands | Add-curve (mean): 7 islands, n=3188 -> corr=0.1062
2026-03-04 14:53:50 | INFO | src.tmc_shapley_islands | Add-curve (mean): 8 islands, n=3474 -> corr=0.3397
2026-03-04 14:53:52 | INFO | src.tmc_shapley_islands | Add-curve (mean): 9 islands, n=4057 -> corr=0.3158
2026-03-04 14:53:53 | INFO | src.tmc_shapley_islands | Add-curve (mean): 10 islands, n=4208 -> corr=0.3362
2026-03-04 14:53:55 | INFO | src.tmc_shapley_islands | Add-curve (mean): 11 islands, n=4761 -> corr=0.3499
2026-03-04 14:53:58 | INFO | src.tmc_shapley_islands | Add-curve (mean): 12 islands, n=4921 -> corr=0.3674
2026-03-04 14:54:00 | INFO | src.tmc_shapley_islands | Add-curve (mean): 13 islands, n=5094 -> corr=0.3774
2026-03-04 14:54:02 | INFO | src.tmc_shapley_islands | Add-curve (mean): 14 islands, n=5350 -> corr=0.3896
2026-03-04 14:54:05 | INFO | src.tmc_shapley_islands | Add-curve (mean): 15 islands, n=5442 -> corr=0.3713
2026-03-04 14:54:20 | INFO | src.tmc_shapley_islands | Random individual add-curve (seed=0) complete
2026-03-04 14:54:34 | INFO | src.tmc_shapley_islands | Random individual add-curve (seed=1) complete
2026-03-04 14:54:49 | INFO | src.tmc_shapley_islands | Random individual add-curve (seed=2) complete
2026-03-04 14:55:04 | INFO | src.tmc_shapley_islands | Random individual add-curve (seed=3) complete
2026-03-04 14:55:18 | INFO | src.tmc_shapley_islands | Random individual add-curve (seed=4) complete
2026-03-04 14:55:18 | INFO | src.tmc_shapley_islands | Building mirrored remove-islands curve from add-islands curve...
2026-03-04 14:55:18 | INFO | src.tmc_shapley_islands | Saved Shapley values to outputs/tmc_shapley_sweep_all_traits/shards/shard_017/wing/tmp/shapley_island_values_target_3.csv
2026-03-04 14:55:18 | INFO | src.tmc_shapley_islands | Saved summary to outputs/tmc_shapley_sweep_all_traits/shards/shard_017/wing/tmp/tmc_summary_target_3.json
2026-03-04 14:55:18 | INFO | src.tmc_shapley_islands | Saved intermediate ranking trace to outputs/tmc_shapley_sweep_all_traits/shards/shard_017/wing/tmp/tmc_intermediate_rankings_target_3.csv
2026-03-04 14:55:18 | INFO | src.tmc_shapley_islands | Saved add-curve to outputs/tmc_shapley_sweep_all_traits/shards/shard_017/wing/tmp/add_curve_target_3.csv
2026-03-04 14:55:18 | INFO | src.tmc_shapley_islands | Saved remove-curve to outputs/tmc_shapley_sweep_all_traits/shards/shard_017/wing/tmp/remove_curve_target_3.csv
2026-03-04 14:55:19 | INFO | src.tmc_shapley_islands | Saved bar plot to outputs/tmc_shapley_sweep_all_traits/shards/shard_017/wing/tmp/shapley_bar_target_3.png
2026-03-04 14:55:19 | INFO | src.tmc_shapley_islands | Saved add-curve plot to outputs/tmc_shapley_sweep_all_traits/shards/shard_017/wing/tmp/add_curve_target_3.png
2026-03-04 14:55:20 | INFO | src.tmc_shapley_islands | Saved remove-curve plot to outputs/tmc_shapley_sweep_all_traits/shards/shard_017/wing/tmp/remove_curve_target_3.png
2026-03-04 14:55:20 | INFO | __main__ | Shard 17/30 trait=wing progress 4/75 | target=3 n_cal_samples=10 perm=80 repeat=5
2026-03-04 14:55:20 | INFO | src.tmc_shapley_islands | [Shapley] Target island: 3 (Selvær), source islands: 15
2026-03-04 14:55:20 | INFO | src.tmc_shapley_islands | Data: source=5442 (across 15 islands), cal=10, test=41
2026-03-04 14:55:20 | INFO | src.tmc_shapley_islands | SNP selection: using fixed precomputed subset (n=20000)
2026-03-04 14:55:20 | INFO | src.tmc_shapley_islands | Island counts (capped to None in training):
  Nesøy: n=118
  Myken: n=92
  Træna: n=286
  Gjerøy: n=553
  Hestmannøy: n=1055
  Indre Kvarøy: n=349
  Onøy og Lurøy: n=256
  Lovund: n=151
  Sleneset: n=160
  Aldra: n=173
  Southern 1: n=581
  Southern 2: n=397
  Southern 3: n=583
  Southern 4: n=486
  Southern 5: n=202
2026-03-04 14:55:20 | INFO | src.tmc_shapley_islands | Loaded 489 cached utilities from outputs/tmc_shapley_sweep_all_traits/cache/wing/utility_cache_target_3_seed_421305392.json
2026-03-04 14:55:20 | INFO | src.tmc_shapley_islands | Running TMC-Shapley with 80 permutations (utility on cal set)...
2026-03-04 14:55:20 | INFO | src.tmc_shapley_islands | Computing V_full over all 15 source islands...
2026-03-04 14:55:20 | INFO | src.tmc_shapley_islands | V_full = 0.0182
2026-03-04 14:55:20 | INFO | src.tmc_shapley_islands | TMC head-start: loaded 40 completed permutations from state outputs/tmc_shapley_sweep_all_traits/cache/wing/tmc_perm_state_target_3_seed_421305392.json
2026-03-04 14:56:58 | INFO | src.tmc_shapley_islands | TMC progress: 48/80 permutations done, cache hit rate: 22.3%, n_evals: 94
2026-03-04 15:00:02 | INFO | src.tmc_shapley_islands | TMC progress: 64/80 permutations done, cache hit rate: 25.5%, n_evals: 269
2026-03-04 15:02:55 | INFO | src.tmc_shapley_islands | TMC progress: 80/80 permutations done, cache hit rate: 27.3%, n_evals: 437
2026-03-04 15:02:55 | INFO | src.tmc_shapley_islands | TMC complete: 80 permutations, 0 truncated, 437 utility evals, cache hit rate: 27.3%
2026-03-04 15:02:55 | INFO | src.tmc_shapley_islands | Shapley values (phi, computed on cal set):
2026-03-04 15:02:55 | INFO | src.tmc_shapley_islands |   Nesøy: phi=0.012535, phi/n=0.00010623
2026-03-04 15:02:55 | INFO | src.tmc_shapley_islands |   Myken: phi=-0.160576, phi/n=-0.00174539
2026-03-04 15:02:55 | INFO | src.tmc_shapley_islands |   Træna: phi=0.002154, phi/n=0.00000753
2026-03-04 15:02:55 | INFO | src.tmc_shapley_islands |   Gjerøy: phi=-0.168163, phi/n=-0.00030409
2026-03-04 15:02:55 | INFO | src.tmc_shapley_islands |   Hestmannøy: phi=0.144018, phi/n=0.00013651
2026-03-04 15:02:55 | INFO | src.tmc_shapley_islands |   Indre Kvarøy: phi=0.110822, phi/n=0.00031754
2026-03-04 15:02:55 | INFO | src.tmc_shapley_islands |   Onøy og Lurøy: phi=-0.185522, phi/n=-0.00072470
2026-03-04 15:02:55 | INFO | src.tmc_shapley_islands |   Lovund: phi=-0.019378, phi/n=-0.00012833
2026-03-04 15:02:55 | INFO | src.tmc_shapley_islands |   Sleneset: phi=-0.071624, phi/n=-0.00044765
2026-03-04 15:02:55 | INFO | src.tmc_shapley_islands |   Aldra: phi=-0.071019, phi/n=-0.00041051
2026-03-04 15:02:55 | INFO | src.tmc_shapley_islands |   Southern 1: phi=0.294432, phi/n=0.00050677
2026-03-04 15:02:55 | INFO | src.tmc_shapley_islands |   Southern 2: phi=0.003047, phi/n=0.00000767
2026-03-04 15:02:55 | INFO | src.tmc_shapley_islands |   Southern 3: phi=-0.031778, phi/n=-0.00005451
2026-03-04 15:02:55 | INFO | src.tmc_shapley_islands |   Southern 4: phi=0.118738, phi/n=0.00024432
2026-03-04 15:02:55 | INFO | src.tmc_shapley_islands |   Southern 5: phi=0.040480, phi/n=0.00020040
2026-03-04 15:02:55 | INFO | src.tmc_shapley_islands | Curve retraining early stopping: enabled=True, patience=20
2026-03-04 15:02:55 | INFO | src.tmc_shapley_islands | Computing add-islands curve (evaluated on test set)...
2026-03-04 15:02:56 | INFO | src.tmc_shapley_islands | Add-curve (mean): 1 islands, n=581 -> corr=0.2112
2026-03-04 15:02:56 | INFO | src.tmc_shapley_islands | Add-curve (mean): 2 islands, n=930 -> corr=-0.0100
2026-03-04 15:02:57 | INFO | src.tmc_shapley_islands | Add-curve (mean): 3 islands, n=1416 -> corr=0.1135
2026-03-04 15:02:57 | INFO | src.tmc_shapley_islands | Add-curve (mean): 4 islands, n=1618 -> corr=0.0520
2026-03-04 15:02:58 | INFO | src.tmc_shapley_islands | Add-curve (mean): 5 islands, n=2673 -> corr=0.1805
2026-03-04 15:02:59 | INFO | src.tmc_shapley_islands | Add-curve (mean): 6 islands, n=2791 -> corr=0.1761
2026-03-04 15:03:00 | INFO | src.tmc_shapley_islands | Add-curve (mean): 7 islands, n=3188 -> corr=0.1062
2026-03-04 15:03:02 | INFO | src.tmc_shapley_islands | Add-curve (mean): 8 islands, n=3474 -> corr=0.3397
2026-03-04 15:03:03 | INFO | src.tmc_shapley_islands | Add-curve (mean): 9 islands, n=4057 -> corr=0.3158
2026-03-04 15:03:05 | INFO | src.tmc_shapley_islands | Add-curve (mean): 10 islands, n=4208 -> corr=0.3362
2026-03-04 15:03:07 | INFO | src.tmc_shapley_islands | Add-curve (mean): 11 islands, n=4761 -> corr=0.3499
2026-03-04 15:03:09 | INFO | src.tmc_shapley_islands | Add-curve (mean): 12 islands, n=4934 -> corr=0.3593
2026-03-04 15:03:12 | INFO | src.tmc_shapley_islands | Add-curve (mean): 13 islands, n=5094 -> corr=0.3774
2026-03-04 15:03:14 | INFO | src.tmc_shapley_islands | Add-curve (mean): 14 islands, n=5350 -> corr=0.3896
2026-03-04 15:03:17 | INFO | src.tmc_shapley_islands | Add-curve (mean): 15 islands, n=5442 -> corr=0.3713
2026-03-04 15:03:31 | INFO | src.tmc_shapley_islands | Random individual add-curve (seed=0) complete
2026-03-04 15:03:46 | INFO | src.tmc_shapley_islands | Random individual add-curve (seed=1) complete
2026-03-04 15:04:01 | INFO | src.tmc_shapley_islands | Random individual add-curve (seed=2) complete
2026-03-04 15:04:15 | INFO | src.tmc_shapley_islands | Random individual add-curve (seed=3) complete
2026-03-04 15:04:30 | INFO | src.tmc_shapley_islands | Random individual add-curve (seed=4) complete
2026-03-04 15:04:30 | INFO | src.tmc_shapley_islands | Building mirrored remove-islands curve from add-islands curve...
2026-03-04 15:04:30 | INFO | src.tmc_shapley_islands | Saved Shapley values to outputs/tmc_shapley_sweep_all_traits/shards/shard_017/wing/tmp/shapley_island_values_target_3.csv
2026-03-04 15:04:30 | INFO | src.tmc_shapley_islands | Saved summary to outputs/tmc_shapley_sweep_all_traits/shards/shard_017/wing/tmp/tmc_summary_target_3.json
2026-03-04 15:04:30 | INFO | src.tmc_shapley_islands | Saved intermediate ranking trace to outputs/tmc_shapley_sweep_all_traits/shards/shard_017/wing/tmp/tmc_intermediate_rankings_target_3.csv
2026-03-04 15:04:30 | INFO | src.tmc_shapley_islands | Saved add-curve to outputs/tmc_shapley_sweep_all_traits/shards/shard_017/wing/tmp/add_curve_target_3.csv
2026-03-04 15:04:30 | INFO | src.tmc_shapley_islands | Saved remove-curve to outputs/tmc_shapley_sweep_all_traits/shards/shard_017/wing/tmp/remove_curve_target_3.csv
2026-03-04 15:04:31 | INFO | src.tmc_shapley_islands | Saved bar plot to outputs/tmc_shapley_sweep_all_traits/shards/shard_017/wing/tmp/shapley_bar_target_3.png
2026-03-04 15:04:31 | INFO | src.tmc_shapley_islands | Saved add-curve plot to outputs/tmc_shapley_sweep_all_traits/shards/shard_017/wing/tmp/add_curve_target_3.png
2026-03-04 15:04:32 | INFO | src.tmc_shapley_islands | Saved remove-curve plot to outputs/tmc_shapley_sweep_all_traits/shards/shard_017/wing/tmp/remove_curve_target_3.png
2026-03-04 15:04:32 | INFO | __main__ | Shard 17/30 trait=wing progress 5/75 | target=3 n_cal_samples=10 perm=150 repeat=5
2026-03-04 15:04:32 | INFO | src.tmc_shapley_islands | [Shapley] Target island: 3 (Selvær), source islands: 15
2026-03-04 15:04:33 | INFO | src.tmc_shapley_islands | Data: source=5442 (across 15 islands), cal=10, test=41
2026-03-04 15:04:33 | INFO | src.tmc_shapley_islands | SNP selection: using fixed precomputed subset (n=20000)
2026-03-04 15:04:33 | INFO | src.tmc_shapley_islands | Island counts (capped to None in training):
  Nesøy: n=118
  Myken: n=92
  Træna: n=286
  Gjerøy: n=553
  Hestmannøy: n=1055
  Indre Kvarøy: n=349
  Onøy og Lurøy: n=256
  Lovund: n=151
  Sleneset: n=160
  Aldra: n=173
  Southern 1: n=581
  Southern 2: n=397
  Southern 3: n=583
  Southern 4: n=486
  Southern 5: n=202
2026-03-04 15:04:33 | INFO | src.tmc_shapley_islands | Loaded 926 cached utilities from outputs/tmc_shapley_sweep_all_traits/cache/wing/utility_cache_target_3_seed_421305392.json
2026-03-04 15:04:33 | INFO | src.tmc_shapley_islands | Running TMC-Shapley with 150 permutations (utility on cal set)...
2026-03-04 15:04:33 | INFO | src.tmc_shapley_islands | Computing V_full over all 15 source islands...
2026-03-04 15:04:33 | INFO | src.tmc_shapley_islands | V_full = 0.0182
2026-03-04 15:04:33 | INFO | src.tmc_shapley_islands | TMC head-start: loaded 80 completed permutations from state outputs/tmc_shapley_sweep_all_traits/cache/wing/tmc_perm_state_target_3_seed_421305392.json
2026-03-04 15:06:31 | INFO | src.tmc_shapley_islands | TMC progress: 90/150 permutations done, cache hit rate: 33.8%, n_evals: 100
2026-03-04 15:11:40 | INFO | src.tmc_shapley_islands | TMC progress: 120/150 permutations done, cache hit rate: 33.8%, n_evals: 398
2026-03-04 15:16:59 | INFO | src.tmc_shapley_islands | TMC progress: 150/150 permutations done, cache hit rate: 35.3%, n_evals: 680
2026-03-04 15:17:00 | INFO | src.tmc_shapley_islands | TMC complete: 150 permutations, 0 truncated, 680 utility evals, cache hit rate: 35.3%
2026-03-04 15:17:00 | INFO | src.tmc_shapley_islands | Shapley values (phi, computed on cal set):
2026-03-04 15:17:00 | INFO | src.tmc_shapley_islands |   Nesøy: phi=0.012281, phi/n=0.00010408
2026-03-04 15:17:00 | INFO | src.tmc_shapley_islands |   Myken: phi=-0.153574, phi/n=-0.00166928
2026-03-04 15:17:00 | INFO | src.tmc_shapley_islands |   Træna: phi=0.004411, phi/n=0.00001542
2026-03-04 15:17:00 | INFO | src.tmc_shapley_islands |   Gjerøy: phi=-0.160018, phi/n=-0.00028936
2026-03-04 15:17:00 | INFO | src.tmc_shapley_islands |   Hestmannøy: phi=0.143957, phi/n=0.00013645
2026-03-04 15:17:00 | INFO | src.tmc_shapley_islands |   Indre Kvarøy: phi=0.106428, phi/n=0.00030495
2026-03-04 15:17:00 | INFO | src.tmc_shapley_islands |   Onøy og Lurøy: phi=-0.200510, phi/n=-0.00078324
2026-03-04 15:17:00 | INFO | src.tmc_shapley_islands |   Lovund: phi=-0.024377, phi/n=-0.00016144
2026-03-04 15:17:00 | INFO | src.tmc_shapley_islands |   Sleneset: phi=-0.071035, phi/n=-0.00044397
2026-03-04 15:17:00 | INFO | src.tmc_shapley_islands |   Aldra: phi=-0.065065, phi/n=-0.00037610
2026-03-04 15:17:00 | INFO | src.tmc_shapley_islands |   Southern 1: phi=0.286990, phi/n=0.00049396
2026-03-04 15:17:00 | INFO | src.tmc_shapley_islands |   Southern 2: phi=0.008579, phi/n=0.00002161
2026-03-04 15:17:00 | INFO | src.tmc_shapley_islands |   Southern 3: phi=-0.030861, phi/n=-0.00005294
2026-03-04 15:17:00 | INFO | src.tmc_shapley_islands |   Southern 4: phi=0.126588, phi/n=0.00026047
2026-03-04 15:17:00 | INFO | src.tmc_shapley_islands |   Southern 5: phi=0.034373, phi/n=0.00017016
2026-03-04 15:17:00 | INFO | src.tmc_shapley_islands | Curve retraining early stopping: enabled=True, patience=20
2026-03-04 15:17:00 | INFO | src.tmc_shapley_islands | Computing add-islands curve (evaluated on test set)...
2026-03-04 15:17:00 | INFO | src.tmc_shapley_islands | Add-curve (mean): 1 islands, n=581 -> corr=0.2112
2026-03-04 15:17:00 | INFO | src.tmc_shapley_islands | Add-curve (mean): 2 islands, n=930 -> corr=-0.0100
2026-03-04 15:17:01 | INFO | src.tmc_shapley_islands | Add-curve (mean): 3 islands, n=1416 -> corr=0.1135
2026-03-04 15:17:01 | INFO | src.tmc_shapley_islands | Add-curve (mean): 4 islands, n=1618 -> corr=0.0520
2026-03-04 15:17:02 | INFO | src.tmc_shapley_islands | Add-curve (mean): 5 islands, n=2673 -> corr=0.1805
2026-03-04 15:17:03 | INFO | src.tmc_shapley_islands | Add-curve (mean): 6 islands, n=2791 -> corr=0.1761
2026-03-04 15:17:04 | INFO | src.tmc_shapley_islands | Add-curve (mean): 7 islands, n=3188 -> corr=0.1062
2026-03-04 15:17:06 | INFO | src.tmc_shapley_islands | Add-curve (mean): 8 islands, n=3474 -> corr=0.3397
2026-03-04 15:17:07 | INFO | src.tmc_shapley_islands | Add-curve (mean): 9 islands, n=4057 -> corr=0.3158
2026-03-04 15:17:09 | INFO | src.tmc_shapley_islands | Add-curve (mean): 10 islands, n=4208 -> corr=0.3362
2026-03-04 15:17:11 | INFO | src.tmc_shapley_islands | Add-curve (mean): 11 islands, n=4761 -> corr=0.3499
2026-03-04 15:17:13 | INFO | src.tmc_shapley_islands | Add-curve (mean): 12 islands, n=4934 -> corr=0.3593
2026-03-04 15:17:16 | INFO | src.tmc_shapley_islands | Add-curve (mean): 13 islands, n=5094 -> corr=0.3774
2026-03-04 15:17:18 | INFO | src.tmc_shapley_islands | Add-curve (mean): 14 islands, n=5350 -> corr=0.3896
2026-03-04 15:17:21 | INFO | src.tmc_shapley_islands | Add-curve (mean): 15 islands, n=5442 -> corr=0.3713
2026-03-04 15:17:36 | INFO | src.tmc_shapley_islands | Random individual add-curve (seed=0) complete
2026-03-04 15:17:50 | INFO | src.tmc_shapley_islands | Random individual add-curve (seed=1) complete
2026-03-04 15:18:05 | INFO | src.tmc_shapley_islands | Random individual add-curve (seed=2) complete
2026-03-04 15:18:19 | INFO | src.tmc_shapley_islands | Random individual add-curve (seed=3) complete
2026-03-04 15:18:34 | INFO | src.tmc_shapley_islands | Random individual add-curve (seed=4) complete
2026-03-04 15:18:34 | INFO | src.tmc_shapley_islands | Building mirrored remove-islands curve from add-islands curve...
2026-03-04 15:18:34 | INFO | src.tmc_shapley_islands | Saved Shapley values to outputs/tmc_shapley_sweep_all_traits/shards/shard_017/wing/tmp/shapley_island_values_target_3.csv
2026-03-04 15:18:34 | INFO | src.tmc_shapley_islands | Saved summary to outputs/tmc_shapley_sweep_all_traits/shards/shard_017/wing/tmp/tmc_summary_target_3.json
2026-03-04 15:18:34 | INFO | src.tmc_shapley_islands | Saved intermediate ranking trace to outputs/tmc_shapley_sweep_all_traits/shards/shard_017/wing/tmp/tmc_intermediate_rankings_target_3.csv
2026-03-04 15:18:34 | INFO | src.tmc_shapley_islands | Saved add-curve to outputs/tmc_shapley_sweep_all_traits/shards/shard_017/wing/tmp/add_curve_target_3.csv
2026-03-04 15:18:34 | INFO | src.tmc_shapley_islands | Saved remove-curve to outputs/tmc_shapley_sweep_all_traits/shards/shard_017/wing/tmp/remove_curve_target_3.csv
2026-03-04 15:18:34 | INFO | src.tmc_shapley_islands | Saved bar plot to outputs/tmc_shapley_sweep_all_traits/shards/shard_017/wing/tmp/shapley_bar_target_3.png
2026-03-04 15:18:35 | INFO | src.tmc_shapley_islands | Saved add-curve plot to outputs/tmc_shapley_sweep_all_traits/shards/shard_017/wing/tmp/add_curve_target_3.png
2026-03-04 15:18:35 | INFO | src.tmc_shapley_islands | Saved remove-curve plot to outputs/tmc_shapley_sweep_all_traits/shards/shard_017/wing/tmp/remove_curve_target_3.png
2026-03-04 15:18:35 | INFO | __main__ | Shard 17/30 trait=wing progress 6/75 | target=3 n_cal_samples=20 perm=10 repeat=5
2026-03-04 15:18:35 | INFO | src.tmc_shapley_islands | [Shapley] Target island: 3 (Selvær), source islands: 15
2026-03-04 15:18:36 | INFO | src.tmc_shapley_islands | Data: source=5442 (across 15 islands), cal=20, test=41
2026-03-04 15:18:36 | INFO | src.tmc_shapley_islands | SNP selection: using fixed precomputed subset (n=20000)
2026-03-04 15:18:36 | INFO | src.tmc_shapley_islands | Island counts (capped to None in training):
  Nesøy: n=118
  Myken: n=92
  Træna: n=286
  Gjerøy: n=553
  Hestmannøy: n=1055
  Indre Kvarøy: n=349
  Onøy og Lurøy: n=256
  Lovund: n=151
  Sleneset: n=160
  Aldra: n=173
  Southern 1: n=581
  Southern 2: n=397
  Southern 3: n=583
  Southern 4: n=486
  Southern 5: n=202
2026-03-04 15:18:36 | INFO | src.tmc_shapley_islands | Running TMC-Shapley with 10 permutations (utility on cal set)...
2026-03-04 15:18:36 | INFO | src.tmc_shapley_islands | Computing V_full over all 15 source islands...
2026-03-04 15:18:39 | INFO | src.tmc_shapley_islands | V_full = 0.7156
2026-03-04 15:19:10 | INFO | src.tmc_shapley_islands | TMC progress: 2/10 permutations done, cache hit rate: 9.7%, n_evals: 28
2026-03-04 15:19:43 | INFO | src.tmc_shapley_islands | TMC progress: 4/10 permutations done, cache hit rate: 11.5%, n_evals: 54
2026-03-04 15:20:08 | INFO | src.tmc_shapley_islands | TMC progress: 6/10 permutations done, cache hit rate: 12.1%, n_evals: 80
2026-03-04 15:20:41 | INFO | src.tmc_shapley_islands | TMC progress: 8/10 permutations done, cache hit rate: 12.4%, n_evals: 106
2026-03-04 15:21:09 | INFO | src.tmc_shapley_islands | TMC progress: 10/10 permutations done, cache hit rate: 12.6%, n_evals: 132
2026-03-04 15:21:09 | INFO | src.tmc_shapley_islands | TMC complete: 10 permutations, 0 truncated, 132 utility evals, cache hit rate: 12.6%
2026-03-04 15:21:09 | INFO | src.tmc_shapley_islands | Shapley values (phi, computed on cal set):
2026-03-04 15:21:09 | INFO | src.tmc_shapley_islands |   Nesøy: phi=-0.034070, phi/n=-0.00028873
2026-03-04 15:21:09 | INFO | src.tmc_shapley_islands |   Myken: phi=0.102677, phi/n=0.00111605
2026-03-04 15:21:09 | INFO | src.tmc_shapley_islands |   Træna: phi=0.103639, phi/n=0.00036237
2026-03-04 15:21:09 | INFO | src.tmc_shapley_islands |   Gjerøy: phi=-0.035128, phi/n=-0.00006352
2026-03-04 15:21:09 | INFO | src.tmc_shapley_islands |   Hestmannøy: phi=0.188121, phi/n=0.00017831
2026-03-04 15:21:09 | INFO | src.tmc_shapley_islands |   Indre Kvarøy: phi=0.075969, phi/n=0.00021768
2026-03-04 15:21:09 | INFO | src.tmc_shapley_islands |   Onøy og Lurøy: phi=0.034525, phi/n=0.00013486
2026-03-04 15:21:09 | INFO | src.tmc_shapley_islands |   Lovund: phi=0.129655, phi/n=0.00085864
2026-03-04 15:21:09 | INFO | src.tmc_shapley_islands |   Sleneset: phi=0.001162, phi/n=0.00000726
2026-03-04 15:21:09 | INFO | src.tmc_shapley_islands |   Aldra: phi=0.070767, phi/n=0.00040906
2026-03-04 15:21:09 | INFO | src.tmc_shapley_islands |   Southern 1: phi=0.243377, phi/n=0.00041889
2026-03-04 15:21:09 | INFO | src.tmc_shapley_islands |   Southern 2: phi=-0.056042, phi/n=-0.00014116
2026-03-04 15:21:09 | INFO | src.tmc_shapley_islands |   Southern 3: phi=-0.047001, phi/n=-0.00008062
2026-03-04 15:21:09 | INFO | src.tmc_shapley_islands |   Southern 4: phi=-0.046255, phi/n=-0.00009518
2026-03-04 15:21:09 | INFO | src.tmc_shapley_islands |   Southern 5: phi=-0.015772, phi/n=-0.00007808
2026-03-04 15:21:09 | INFO | src.tmc_shapley_islands | Curve retraining early stopping: enabled=True, patience=20
2026-03-04 15:21:09 | INFO | src.tmc_shapley_islands | Computing add-islands curve (evaluated on test set)...
2026-03-04 15:21:09 | INFO | src.tmc_shapley_islands | Add-curve (mean): 1 islands, n=92 -> corr=0.2660
2026-03-04 15:21:09 | INFO | src.tmc_shapley_islands | Add-curve (mean): 2 islands, n=243 -> corr=0.4724
2026-03-04 15:21:09 | INFO | src.tmc_shapley_islands | Add-curve (mean): 3 islands, n=824 -> corr=0.4558
2026-03-04 15:21:10 | INFO | src.tmc_shapley_islands | Add-curve (mean): 4 islands, n=997 -> corr=0.4569
2026-03-04 15:21:10 | INFO | src.tmc_shapley_islands | Add-curve (mean): 5 islands, n=1283 -> corr=0.2719
2026-03-04 15:21:11 | INFO | src.tmc_shapley_islands | Add-curve (mean): 6 islands, n=1632 -> corr=0.2180
2026-03-04 15:21:12 | INFO | src.tmc_shapley_islands | Add-curve (mean): 7 islands, n=2687 -> corr=0.2378
2026-03-04 15:21:13 | INFO | src.tmc_shapley_islands | Add-curve (mean): 8 islands, n=2943 -> corr=0.2539
2026-03-04 15:21:14 | INFO | src.tmc_shapley_islands | Add-curve (mean): 9 islands, n=3103 -> corr=0.2385
2026-03-04 15:21:16 | INFO | src.tmc_shapley_islands | Add-curve (mean): 10 islands, n=3656 -> corr=0.1915
2026-03-04 15:21:17 | INFO | src.tmc_shapley_islands | Add-curve (mean): 11 islands, n=3858 -> corr=0.1810
2026-03-04 15:21:19 | INFO | src.tmc_shapley_islands | Add-curve (mean): 12 islands, n=4441 -> corr=0.1681
2026-03-04 15:21:21 | INFO | src.tmc_shapley_islands | Add-curve (mean): 13 islands, n=4927 -> corr=0.1483
2026-03-04 15:21:24 | INFO | src.tmc_shapley_islands | Add-curve (mean): 14 islands, n=5324 -> corr=0.1404
2026-03-04 15:21:26 | INFO | src.tmc_shapley_islands | Add-curve (mean): 15 islands, n=5442 -> corr=0.1417
2026-03-04 15:21:38 | INFO | src.tmc_shapley_islands | Random individual add-curve (seed=0) complete
2026-03-04 15:21:49 | INFO | src.tmc_shapley_islands | Random individual add-curve (seed=1) complete
2026-03-04 15:22:01 | INFO | src.tmc_shapley_islands | Random individual add-curve (seed=2) complete
2026-03-04 15:22:12 | INFO | src.tmc_shapley_islands | Random individual add-curve (seed=3) complete
2026-03-04 15:22:24 | INFO | src.tmc_shapley_islands | Random individual add-curve (seed=4) complete
2026-03-04 15:22:24 | INFO | src.tmc_shapley_islands | Building mirrored remove-islands curve from add-islands curve...
2026-03-04 15:22:24 | INFO | src.tmc_shapley_islands | Saved Shapley values to outputs/tmc_shapley_sweep_all_traits/shards/shard_017/wing/tmp/shapley_island_values_target_3.csv
2026-03-04 15:22:24 | INFO | src.tmc_shapley_islands | Saved summary to outputs/tmc_shapley_sweep_all_traits/shards/shard_017/wing/tmp/tmc_summary_target_3.json
2026-03-04 15:22:24 | INFO | src.tmc_shapley_islands | Saved intermediate ranking trace to outputs/tmc_shapley_sweep_all_traits/shards/shard_017/wing/tmp/tmc_intermediate_rankings_target_3.csv
2026-03-04 15:22:24 | INFO | src.tmc_shapley_islands | Saved add-curve to outputs/tmc_shapley_sweep_all_traits/shards/shard_017/wing/tmp/add_curve_target_3.csv
2026-03-04 15:22:24 | INFO | src.tmc_shapley_islands | Saved remove-curve to outputs/tmc_shapley_sweep_all_traits/shards/shard_017/wing/tmp/remove_curve_target_3.csv
2026-03-04 15:22:24 | INFO | src.tmc_shapley_islands | Saved bar plot to outputs/tmc_shapley_sweep_all_traits/shards/shard_017/wing/tmp/shapley_bar_target_3.png
2026-03-04 15:22:25 | INFO | src.tmc_shapley_islands | Saved add-curve plot to outputs/tmc_shapley_sweep_all_traits/shards/shard_017/wing/tmp/add_curve_target_3.png
2026-03-04 15:22:26 | INFO | src.tmc_shapley_islands | Saved remove-curve plot to outputs/tmc_shapley_sweep_all_traits/shards/shard_017/wing/tmp/remove_curve_target_3.png
2026-03-04 15:22:26 | INFO | __main__ | Shard 17/30 trait=wing progress 7/75 | target=3 n_cal_samples=20 perm=20 repeat=5
2026-03-04 15:22:26 | INFO | src.tmc_shapley_islands | [Shapley] Target island: 3 (Selvær), source islands: 15
2026-03-04 15:22:26 | INFO | src.tmc_shapley_islands | Data: source=5442 (across 15 islands), cal=20, test=41
2026-03-04 15:22:26 | INFO | src.tmc_shapley_islands | SNP selection: using fixed precomputed subset (n=20000)
2026-03-04 15:22:26 | INFO | src.tmc_shapley_islands | Island counts (capped to None in training):
  Nesøy: n=118
  Myken: n=92
  Træna: n=286
  Gjerøy: n=553
  Hestmannøy: n=1055
  Indre Kvarøy: n=349
  Onøy og Lurøy: n=256
  Lovund: n=151
  Sleneset: n=160
  Aldra: n=173
  Southern 1: n=581
  Southern 2: n=397
  Southern 3: n=583
  Southern 4: n=486
  Southern 5: n=202
2026-03-04 15:22:26 | INFO | src.tmc_shapley_islands | Loaded 132 cached utilities from outputs/tmc_shapley_sweep_all_traits/cache/wing/utility_cache_target_3_seed_1519594434.json
2026-03-04 15:22:26 | INFO | src.tmc_shapley_islands | Running TMC-Shapley with 20 permutations (utility on cal set)...
2026-03-04 15:22:26 | INFO | src.tmc_shapley_islands | Computing V_full over all 15 source islands...
2026-03-04 15:22:26 | INFO | src.tmc_shapley_islands | V_full = 0.7156
2026-03-04 15:22:26 | INFO | src.tmc_shapley_islands | TMC head-start: loaded 10 completed permutations from state outputs/tmc_shapley_sweep_all_traits/cache/wing/tmc_perm_state_target_3_seed_1519594434.json
2026-03-04 15:22:59 | INFO | src.tmc_shapley_islands | TMC progress: 12/20 permutations done, cache hit rate: 9.7%, n_evals: 28
2026-03-04 15:23:48 | INFO | src.tmc_shapley_islands | TMC progress: 16/20 permutations done, cache hit rate: 16.5%, n_evals: 76
2026-03-04 15:24:42 | INFO | src.tmc_shapley_islands | TMC progress: 20/20 permutations done, cache hit rate: 15.9%, n_evals: 127
2026-03-04 15:24:42 | INFO | src.tmc_shapley_islands | TMC complete: 20 permutations, 0 truncated, 127 utility evals, cache hit rate: 15.9%
2026-03-04 15:24:42 | INFO | src.tmc_shapley_islands | Shapley values (phi, computed on cal set):
2026-03-04 15:24:42 | INFO | src.tmc_shapley_islands |   Nesøy: phi=-0.029128, phi/n=-0.00024685
2026-03-04 15:24:42 | INFO | src.tmc_shapley_islands |   Myken: phi=0.099631, phi/n=0.00108295
2026-03-04 15:24:42 | INFO | src.tmc_shapley_islands |   Træna: phi=0.139559, phi/n=0.00048797
2026-03-04 15:24:42 | INFO | src.tmc_shapley_islands |   Gjerøy: phi=-0.020093, phi/n=-0.00003634
2026-03-04 15:24:42 | INFO | src.tmc_shapley_islands |   Hestmannøy: phi=0.198025, phi/n=0.00018770
2026-03-04 15:24:42 | INFO | src.tmc_shapley_islands |   Indre Kvarøy: phi=0.098994, phi/n=0.00028365
2026-03-04 15:24:42 | INFO | src.tmc_shapley_islands |   Onøy og Lurøy: phi=0.059578, phi/n=0.00023273
2026-03-04 15:24:42 | INFO | src.tmc_shapley_islands |   Lovund: phi=0.094593, phi/n=0.00062644
2026-03-04 15:24:42 | INFO | src.tmc_shapley_islands |   Sleneset: phi=0.010581, phi/n=0.00006613
2026-03-04 15:24:42 | INFO | src.tmc_shapley_islands |   Aldra: phi=0.048356, phi/n=0.00027952
2026-03-04 15:24:42 | INFO | src.tmc_shapley_islands |   Southern 1: phi=0.182853, phi/n=0.00031472
2026-03-04 15:24:42 | INFO | src.tmc_shapley_islands |   Southern 2: phi=-0.050902, phi/n=-0.00012822
2026-03-04 15:24:42 | INFO | src.tmc_shapley_islands |   Southern 3: phi=-0.039986, phi/n=-0.00006859
2026-03-04 15:24:42 | INFO | src.tmc_shapley_islands |   Southern 4: phi=-0.059165, phi/n=-0.00012174
2026-03-04 15:24:42 | INFO | src.tmc_shapley_islands |   Southern 5: phi=-0.017276, phi/n=-0.00008552
2026-03-04 15:24:42 | INFO | src.tmc_shapley_islands | Curve retraining early stopping: enabled=True, patience=20
2026-03-04 15:24:42 | INFO | src.tmc_shapley_islands | Computing add-islands curve (evaluated on test set)...
2026-03-04 15:24:42 | INFO | src.tmc_shapley_islands | Add-curve (mean): 1 islands, n=92 -> corr=0.2660
2026-03-04 15:24:42 | INFO | src.tmc_shapley_islands | Add-curve (mean): 2 islands, n=243 -> corr=0.4724
2026-03-04 15:24:43 | INFO | src.tmc_shapley_islands | Add-curve (mean): 3 islands, n=529 -> corr=0.2373
2026-03-04 15:24:43 | INFO | src.tmc_shapley_islands | Add-curve (mean): 4 islands, n=1110 -> corr=0.2726
2026-03-04 15:24:44 | INFO | src.tmc_shapley_islands | Add-curve (mean): 5 islands, n=1459 -> corr=0.2141
2026-03-04 15:24:44 | INFO | src.tmc_shapley_islands | Add-curve (mean): 6 islands, n=1632 -> corr=0.2180
2026-03-04 15:24:45 | INFO | src.tmc_shapley_islands | Add-curve (mean): 7 islands, n=1888 -> corr=0.2534
2026-03-04 15:24:46 | INFO | src.tmc_shapley_islands | Add-curve (mean): 8 islands, n=2943 -> corr=0.2539
2026-03-04 15:24:47 | INFO | src.tmc_shapley_islands | Add-curve (mean): 9 islands, n=3103 -> corr=0.2385
2026-03-04 15:24:49 | INFO | src.tmc_shapley_islands | Add-curve (mean): 10 islands, n=3656 -> corr=0.1915
2026-03-04 15:24:51 | INFO | src.tmc_shapley_islands | Add-curve (mean): 11 islands, n=4239 -> corr=0.1809
2026-03-04 15:24:52 | INFO | src.tmc_shapley_islands | Add-curve (mean): 12 islands, n=4441 -> corr=0.1681
2026-03-04 15:24:55 | INFO | src.tmc_shapley_islands | Add-curve (mean): 13 islands, n=4927 -> corr=0.1483
2026-03-04 15:24:57 | INFO | src.tmc_shapley_islands | Add-curve (mean): 14 islands, n=5324 -> corr=0.1404
2026-03-04 15:25:00 | INFO | src.tmc_shapley_islands | Add-curve (mean): 15 islands, n=5442 -> corr=0.1417
2026-03-04 15:25:11 | INFO | src.tmc_shapley_islands | Random individual add-curve (seed=0) complete
2026-03-04 15:25:22 | INFO | src.tmc_shapley_islands | Random individual add-curve (seed=1) complete
2026-03-04 15:25:34 | INFO | src.tmc_shapley_islands | Random individual add-curve (seed=2) complete
2026-03-04 15:25:46 | INFO | src.tmc_shapley_islands | Random individual add-curve (seed=3) complete
2026-03-04 15:25:58 | INFO | src.tmc_shapley_islands | Random individual add-curve (seed=4) complete
2026-03-04 15:25:58 | INFO | src.tmc_shapley_islands | Building mirrored remove-islands curve from add-islands curve...
2026-03-04 15:25:58 | INFO | src.tmc_shapley_islands | Saved Shapley values to outputs/tmc_shapley_sweep_all_traits/shards/shard_017/wing/tmp/shapley_island_values_target_3.csv
2026-03-04 15:25:58 | INFO | src.tmc_shapley_islands | Saved summary to outputs/tmc_shapley_sweep_all_traits/shards/shard_017/wing/tmp/tmc_summary_target_3.json
2026-03-04 15:25:58 | INFO | src.tmc_shapley_islands | Saved intermediate ranking trace to outputs/tmc_shapley_sweep_all_traits/shards/shard_017/wing/tmp/tmc_intermediate_rankings_target_3.csv
2026-03-04 15:25:58 | INFO | src.tmc_shapley_islands | Saved add-curve to outputs/tmc_shapley_sweep_all_traits/shards/shard_017/wing/tmp/add_curve_target_3.csv
2026-03-04 15:25:58 | INFO | src.tmc_shapley_islands | Saved remove-curve to outputs/tmc_shapley_sweep_all_traits/shards/shard_017/wing/tmp/remove_curve_target_3.csv
2026-03-04 15:25:58 | INFO | src.tmc_shapley_islands | Saved bar plot to outputs/tmc_shapley_sweep_all_traits/shards/shard_017/wing/tmp/shapley_bar_target_3.png
2026-03-04 15:25:59 | INFO | src.tmc_shapley_islands | Saved add-curve plot to outputs/tmc_shapley_sweep_all_traits/shards/shard_017/wing/tmp/add_curve_target_3.png
2026-03-04 15:25:59 | INFO | src.tmc_shapley_islands | Saved remove-curve plot to outputs/tmc_shapley_sweep_all_traits/shards/shard_017/wing/tmp/remove_curve_target_3.png
2026-03-04 15:25:59 | INFO | __main__ | Shard 17/30 trait=wing progress 8/75 | target=3 n_cal_samples=20 perm=40 repeat=5
2026-03-04 15:25:59 | INFO | src.tmc_shapley_islands | [Shapley] Target island: 3 (Selvær), source islands: 15
2026-03-04 15:26:00 | INFO | src.tmc_shapley_islands | Data: source=5442 (across 15 islands), cal=20, test=41
2026-03-04 15:26:00 | INFO | src.tmc_shapley_islands | SNP selection: using fixed precomputed subset (n=20000)
2026-03-04 15:26:00 | INFO | src.tmc_shapley_islands | Island counts (capped to None in training):
  Nesøy: n=118
  Myken: n=92
  Træna: n=286
  Gjerøy: n=553
  Hestmannøy: n=1055
  Indre Kvarøy: n=349
  Onøy og Lurøy: n=256
  Lovund: n=151
  Sleneset: n=160
  Aldra: n=173
  Southern 1: n=581
  Southern 2: n=397
  Southern 3: n=583
  Southern 4: n=486
  Southern 5: n=202
2026-03-04 15:26:00 | INFO | src.tmc_shapley_islands | Loaded 259 cached utilities from outputs/tmc_shapley_sweep_all_traits/cache/wing/utility_cache_target_3_seed_1519594434.json
2026-03-04 15:26:00 | INFO | src.tmc_shapley_islands | Running TMC-Shapley with 40 permutations (utility on cal set)...
2026-03-04 15:26:00 | INFO | src.tmc_shapley_islands | Computing V_full over all 15 source islands...
2026-03-04 15:26:00 | INFO | src.tmc_shapley_islands | V_full = 0.7156
2026-03-04 15:26:00 | INFO | src.tmc_shapley_islands | TMC head-start: loaded 20 completed permutations from state outputs/tmc_shapley_sweep_all_traits/cache/wing/tmc_perm_state_target_3_seed_1519594434.json
2026-03-04 15:26:45 | INFO | src.tmc_shapley_islands | TMC progress: 24/40 permutations done, cache hit rate: 23.0%, n_evals: 47
2026-03-04 15:28:15 | INFO | src.tmc_shapley_islands | TMC progress: 32/40 permutations done, cache hit rate: 24.9%, n_evals: 136
2026-03-04 15:29:51 | INFO | src.tmc_shapley_islands | TMC progress: 40/40 permutations done, cache hit rate: 24.3%, n_evals: 228
2026-03-04 15:29:51 | INFO | src.tmc_shapley_islands | TMC complete: 40 permutations, 0 truncated, 228 utility evals, cache hit rate: 24.3%
2026-03-04 15:29:51 | INFO | src.tmc_shapley_islands | Shapley values (phi, computed on cal set):
2026-03-04 15:29:51 | INFO | src.tmc_shapley_islands |   Nesøy: phi=-0.021022, phi/n=-0.00017815
2026-03-04 15:29:51 | INFO | src.tmc_shapley_islands |   Myken: phi=0.119870, phi/n=0.00130294
2026-03-04 15:29:51 | INFO | src.tmc_shapley_islands |   Træna: phi=0.143230, phi/n=0.00050080
2026-03-04 15:29:51 | INFO | src.tmc_shapley_islands |   Gjerøy: phi=-0.020890, phi/n=-0.00003778
2026-03-04 15:29:51 | INFO | src.tmc_shapley_islands |   Hestmannøy: phi=0.219275, phi/n=0.00020784
2026-03-04 15:29:51 | INFO | src.tmc_shapley_islands |   Indre Kvarøy: phi=0.095618, phi/n=0.00027398
2026-03-04 15:29:51 | INFO | src.tmc_shapley_islands |   Onøy og Lurøy: phi=0.050559, phi/n=0.00019750
2026-03-04 15:29:51 | INFO | src.tmc_shapley_islands |   Lovund: phi=0.102599, phi/n=0.00067946
2026-03-04 15:29:51 | INFO | src.tmc_shapley_islands |   Sleneset: phi=0.019552, phi/n=0.00012220
2026-03-04 15:29:51 | INFO | src.tmc_shapley_islands |   Aldra: phi=0.039303, phi/n=0.00022718
2026-03-04 15:29:51 | INFO | src.tmc_shapley_islands |   Southern 1: phi=0.145938, phi/n=0.00025118
2026-03-04 15:29:51 | INFO | src.tmc_shapley_islands |   Southern 2: phi=-0.057298, phi/n=-0.00014433
2026-03-04 15:29:51 | INFO | src.tmc_shapley_islands |   Southern 3: phi=-0.037758, phi/n=-0.00006476
2026-03-04 15:29:51 | INFO | src.tmc_shapley_islands |   Southern 4: phi=-0.064635, phi/n=-0.00013299
2026-03-04 15:29:51 | INFO | src.tmc_shapley_islands |   Southern 5: phi=-0.018719, phi/n=-0.00009267
2026-03-04 15:29:51 | INFO | src.tmc_shapley_islands | Curve retraining early stopping: enabled=True, patience=20
2026-03-04 15:29:51 | INFO | src.tmc_shapley_islands | Computing add-islands curve (evaluated on test set)...
2026-03-04 15:29:51 | INFO | src.tmc_shapley_islands | Add-curve (mean): 1 islands, n=92 -> corr=0.2660
2026-03-04 15:29:51 | INFO | src.tmc_shapley_islands | Add-curve (mean): 2 islands, n=243 -> corr=0.4724
2026-03-04 15:29:51 | INFO | src.tmc_shapley_islands | Add-curve (mean): 3 islands, n=529 -> corr=0.2373
2026-03-04 15:29:51 | INFO | src.tmc_shapley_islands | Add-curve (mean): 4 islands, n=878 -> corr=0.1540
2026-03-04 15:29:52 | INFO | src.tmc_shapley_islands | Add-curve (mean): 5 islands, n=1459 -> corr=0.2141
2026-03-04 15:29:53 | INFO | src.tmc_shapley_islands | Add-curve (mean): 6 islands, n=1632 -> corr=0.2180
2026-03-04 15:29:54 | INFO | src.tmc_shapley_islands | Add-curve (mean): 7 islands, n=2687 -> corr=0.2378
2026-03-04 15:29:55 | INFO | src.tmc_shapley_islands | Add-curve (mean): 8 islands, n=2943 -> corr=0.2539
2026-03-04 15:29:56 | INFO | src.tmc_shapley_islands | Add-curve (mean): 9 islands, n=3103 -> corr=0.2385
2026-03-04 15:29:58 | INFO | src.tmc_shapley_islands | Add-curve (mean): 10 islands, n=3656 -> corr=0.1915
2026-03-04 15:29:59 | INFO | src.tmc_shapley_islands | Add-curve (mean): 11 islands, n=4239 -> corr=0.1809
2026-03-04 15:30:01 | INFO | src.tmc_shapley_islands | Add-curve (mean): 12 islands, n=4441 -> corr=0.1681
2026-03-04 15:30:04 | INFO | src.tmc_shapley_islands | Add-curve (mean): 13 islands, n=4927 -> corr=0.1483
2026-03-04 15:30:06 | INFO | src.tmc_shapley_islands | Add-curve (mean): 14 islands, n=5324 -> corr=0.1404
2026-03-04 15:30:09 | INFO | src.tmc_shapley_islands | Add-curve (mean): 15 islands, n=5442 -> corr=0.1417
2026-03-04 15:30:20 | INFO | src.tmc_shapley_islands | Random individual add-curve (seed=0) complete
2026-03-04 15:30:32 | INFO | src.tmc_shapley_islands | Random individual add-curve (seed=1) complete
2026-03-04 15:30:44 | INFO | src.tmc_shapley_islands | Random individual add-curve (seed=2) complete
2026-03-04 15:30:55 | INFO | src.tmc_shapley_islands | Random individual add-curve (seed=3) complete
2026-03-04 15:31:07 | INFO | src.tmc_shapley_islands | Random individual add-curve (seed=4) complete
2026-03-04 15:31:07 | INFO | src.tmc_shapley_islands | Building mirrored remove-islands curve from add-islands curve...
2026-03-04 15:31:07 | INFO | src.tmc_shapley_islands | Saved Shapley values to outputs/tmc_shapley_sweep_all_traits/shards/shard_017/wing/tmp/shapley_island_values_target_3.csv
2026-03-04 15:31:07 | INFO | src.tmc_shapley_islands | Saved summary to outputs/tmc_shapley_sweep_all_traits/shards/shard_017/wing/tmp/tmc_summary_target_3.json
2026-03-04 15:31:07 | INFO | src.tmc_shapley_islands | Saved intermediate ranking trace to outputs/tmc_shapley_sweep_all_traits/shards/shard_017/wing/tmp/tmc_intermediate_rankings_target_3.csv
2026-03-04 15:31:07 | INFO | src.tmc_shapley_islands | Saved add-curve to outputs/tmc_shapley_sweep_all_traits/shards/shard_017/wing/tmp/add_curve_target_3.csv
2026-03-04 15:31:07 | INFO | src.tmc_shapley_islands | Saved remove-curve to outputs/tmc_shapley_sweep_all_traits/shards/shard_017/wing/tmp/remove_curve_target_3.csv
2026-03-04 15:31:07 | INFO | src.tmc_shapley_islands | Saved bar plot to outputs/tmc_shapley_sweep_all_traits/shards/shard_017/wing/tmp/shapley_bar_target_3.png
2026-03-04 15:31:08 | INFO | src.tmc_shapley_islands | Saved add-curve plot to outputs/tmc_shapley_sweep_all_traits/shards/shard_017/wing/tmp/add_curve_target_3.png
2026-03-04 15:31:08 | INFO | src.tmc_shapley_islands | Saved remove-curve plot to outputs/tmc_shapley_sweep_all_traits/shards/shard_017/wing/tmp/remove_curve_target_3.png
2026-03-04 15:31:08 | INFO | __main__ | Shard 17/30 trait=wing progress 9/75 | target=3 n_cal_samples=20 perm=80 repeat=5
2026-03-04 15:31:08 | INFO | src.tmc_shapley_islands | [Shapley] Target island: 3 (Selvær), source islands: 15
2026-03-04 15:31:09 | INFO | src.tmc_shapley_islands | Data: source=5442 (across 15 islands), cal=20, test=41
2026-03-04 15:31:09 | INFO | src.tmc_shapley_islands | SNP selection: using fixed precomputed subset (n=20000)
2026-03-04 15:31:09 | INFO | src.tmc_shapley_islands | Island counts (capped to None in training):
  Nesøy: n=118
  Myken: n=92
  Træna: n=286
  Gjerøy: n=553
  Hestmannøy: n=1055
  Indre Kvarøy: n=349
  Onøy og Lurøy: n=256
  Lovund: n=151
  Sleneset: n=160
  Aldra: n=173
  Southern 1: n=581
  Southern 2: n=397
  Southern 3: n=583
  Southern 4: n=486
  Southern 5: n=202
2026-03-04 15:31:09 | INFO | src.tmc_shapley_islands | Loaded 487 cached utilities from outputs/tmc_shapley_sweep_all_traits/cache/wing/utility_cache_target_3_seed_1519594434.json
2026-03-04 15:31:09 | INFO | src.tmc_shapley_islands | Running TMC-Shapley with 80 permutations (utility on cal set)...
2026-03-04 15:31:09 | INFO | src.tmc_shapley_islands | Computing V_full over all 15 source islands...
2026-03-04 15:31:09 | INFO | src.tmc_shapley_islands | V_full = 0.7156
2026-03-04 15:31:09 | INFO | src.tmc_shapley_islands | TMC head-start: loaded 40 completed permutations from state outputs/tmc_shapley_sweep_all_traits/cache/wing/tmc_perm_state_target_3_seed_1519594434.json
2026-03-04 15:32:52 | INFO | src.tmc_shapley_islands | TMC progress: 48/80 permutations done, cache hit rate: 25.6%, n_evals: 90
2026-03-04 15:35:57 | INFO | src.tmc_shapley_islands | TMC progress: 64/80 permutations done, cache hit rate: 28.0%, n_evals: 260
2026-03-04 15:38:55 | INFO | src.tmc_shapley_islands | TMC progress: 80/80 permutations done, cache hit rate: 28.0%, n_evals: 433
2026-03-04 15:38:55 | INFO | src.tmc_shapley_islands | TMC complete: 80 permutations, 0 truncated, 433 utility evals, cache hit rate: 28.0%
2026-03-04 15:38:55 | INFO | src.tmc_shapley_islands | Shapley values (phi, computed on cal set):
2026-03-04 15:38:55 | INFO | src.tmc_shapley_islands |   Nesøy: phi=-0.022298, phi/n=-0.00018896
2026-03-04 15:38:55 | INFO | src.tmc_shapley_islands |   Myken: phi=0.126435, phi/n=0.00137429
2026-03-04 15:38:55 | INFO | src.tmc_shapley_islands |   Træna: phi=0.140903, phi/n=0.00049267
2026-03-04 15:38:55 | INFO | src.tmc_shapley_islands |   Gjerøy: phi=-0.019998, phi/n=-0.00003616
2026-03-04 15:38:55 | INFO | src.tmc_shapley_islands |   Hestmannøy: phi=0.227314, phi/n=0.00021546
2026-03-04 15:38:55 | INFO | src.tmc_shapley_islands |   Indre Kvarøy: phi=0.087674, phi/n=0.00025121
2026-03-04 15:38:55 | INFO | src.tmc_shapley_islands |   Onøy og Lurøy: phi=0.066486, phi/n=0.00025971
2026-03-04 15:38:55 | INFO | src.tmc_shapley_islands |   Lovund: phi=0.093902, phi/n=0.00062187
2026-03-04 15:38:55 | INFO | src.tmc_shapley_islands |   Sleneset: phi=0.015701, phi/n=0.00009813
2026-03-04 15:38:55 | INFO | src.tmc_shapley_islands |   Aldra: phi=0.038085, phi/n=0.00022015
2026-03-04 15:38:55 | INFO | src.tmc_shapley_islands |   Southern 1: phi=0.134942, phi/n=0.00023226
2026-03-04 15:38:55 | INFO | src.tmc_shapley_islands |   Southern 2: phi=-0.052703, phi/n=-0.00013275
2026-03-04 15:38:55 | INFO | src.tmc_shapley_islands |   Southern 3: phi=-0.039441, phi/n=-0.00006765
2026-03-04 15:38:55 | INFO | src.tmc_shapley_islands |   Southern 4: phi=-0.062339, phi/n=-0.00012827
2026-03-04 15:38:55 | INFO | src.tmc_shapley_islands |   Southern 5: phi=-0.019042, phi/n=-0.00009427
2026-03-04 15:38:55 | INFO | src.tmc_shapley_islands | Curve retraining early stopping: enabled=True, patience=20
2026-03-04 15:38:55 | INFO | src.tmc_shapley_islands | Computing add-islands curve (evaluated on test set)...
2026-03-04 15:38:55 | INFO | src.tmc_shapley_islands | Add-curve (mean): 1 islands, n=92 -> corr=0.2660
2026-03-04 15:38:55 | INFO | src.tmc_shapley_islands | Add-curve (mean): 2 islands, n=243 -> corr=0.4724
2026-03-04 15:38:55 | INFO | src.tmc_shapley_islands | Add-curve (mean): 3 islands, n=529 -> corr=0.2373
2026-03-04 15:38:56 | INFO | src.tmc_shapley_islands | Add-curve (mean): 4 islands, n=785 -> corr=0.2497
2026-03-04 15:38:56 | INFO | src.tmc_shapley_islands | Add-curve (mean): 5 islands, n=1134 -> corr=0.2106
2026-03-04 15:38:57 | INFO | src.tmc_shapley_islands | Add-curve (mean): 6 islands, n=1715 -> corr=0.2520
2026-03-04 15:38:57 | INFO | src.tmc_shapley_islands | Add-curve (mean): 7 islands, n=1888 -> corr=0.2534
2026-03-04 15:38:59 | INFO | src.tmc_shapley_islands | Add-curve (mean): 8 islands, n=2943 -> corr=0.2539
2026-03-04 15:39:00 | INFO | src.tmc_shapley_islands | Add-curve (mean): 9 islands, n=3103 -> corr=0.2385
2026-03-04 15:39:01 | INFO | src.tmc_shapley_islands | Add-curve (mean): 10 islands, n=3656 -> corr=0.1915
2026-03-04 15:39:03 | INFO | src.tmc_shapley_islands | Add-curve (mean): 11 islands, n=4239 -> corr=0.1809
2026-03-04 15:39:05 | INFO | src.tmc_shapley_islands | Add-curve (mean): 12 islands, n=4441 -> corr=0.1681
2026-03-04 15:39:07 | INFO | src.tmc_shapley_islands | Add-curve (mean): 13 islands, n=4927 -> corr=0.1483
2026-03-04 15:39:09 | INFO | src.tmc_shapley_islands | Add-curve (mean): 14 islands, n=5324 -> corr=0.1404
2026-03-04 15:39:12 | INFO | src.tmc_shapley_islands | Add-curve (mean): 15 islands, n=5442 -> corr=0.1417
2026-03-04 15:39:23 | INFO | src.tmc_shapley_islands | Random individual add-curve (seed=0) complete
2026-03-04 15:39:35 | INFO | src.tmc_shapley_islands | Random individual add-curve (seed=1) complete
2026-03-04 15:39:46 | INFO | src.tmc_shapley_islands | Random individual add-curve (seed=2) complete
2026-03-04 15:39:58 | INFO | src.tmc_shapley_islands | Random individual add-curve (seed=3) complete
2026-03-04 15:40:09 | INFO | src.tmc_shapley_islands | Random individual add-curve (seed=4) complete
2026-03-04 15:40:09 | INFO | src.tmc_shapley_islands | Building mirrored remove-islands curve from add-islands curve...
2026-03-04 15:40:09 | INFO | src.tmc_shapley_islands | Saved Shapley values to outputs/tmc_shapley_sweep_all_traits/shards/shard_017/wing/tmp/shapley_island_values_target_3.csv
2026-03-04 15:40:09 | INFO | src.tmc_shapley_islands | Saved summary to outputs/tmc_shapley_sweep_all_traits/shards/shard_017/wing/tmp/tmc_summary_target_3.json
2026-03-04 15:40:09 | INFO | src.tmc_shapley_islands | Saved intermediate ranking trace to outputs/tmc_shapley_sweep_all_traits/shards/shard_017/wing/tmp/tmc_intermediate_rankings_target_3.csv
2026-03-04 15:40:09 | INFO | src.tmc_shapley_islands | Saved add-curve to outputs/tmc_shapley_sweep_all_traits/shards/shard_017/wing/tmp/add_curve_target_3.csv
2026-03-04 15:40:09 | INFO | src.tmc_shapley_islands | Saved remove-curve to outputs/tmc_shapley_sweep_all_traits/shards/shard_017/wing/tmp/remove_curve_target_3.csv
2026-03-04 15:40:10 | INFO | src.tmc_shapley_islands | Saved bar plot to outputs/tmc_shapley_sweep_all_traits/shards/shard_017/wing/tmp/shapley_bar_target_3.png
2026-03-04 15:40:10 | INFO | src.tmc_shapley_islands | Saved add-curve plot to outputs/tmc_shapley_sweep_all_traits/shards/shard_017/wing/tmp/add_curve_target_3.png
2026-03-04 15:40:11 | INFO | src.tmc_shapley_islands | Saved remove-curve plot to outputs/tmc_shapley_sweep_all_traits/shards/shard_017/wing/tmp/remove_curve_target_3.png
2026-03-04 15:40:11 | INFO | __main__ | Shard 17/30 trait=wing progress 10/75 | target=3 n_cal_samples=20 perm=150 repeat=5
2026-03-04 15:40:11 | INFO | src.tmc_shapley_islands | [Shapley] Target island: 3 (Selvær), source islands: 15
2026-03-04 15:40:12 | INFO | src.tmc_shapley_islands | Data: source=5442 (across 15 islands), cal=20, test=41
2026-03-04 15:40:12 | INFO | src.tmc_shapley_islands | SNP selection: using fixed precomputed subset (n=20000)
2026-03-04 15:40:12 | INFO | src.tmc_shapley_islands | Island counts (capped to None in training):
  Nesøy: n=118
  Myken: n=92
  Træna: n=286
  Gjerøy: n=553
  Hestmannøy: n=1055
  Indre Kvarøy: n=349
  Onøy og Lurøy: n=256
  Lovund: n=151
  Sleneset: n=160
  Aldra: n=173
  Southern 1: n=581
  Southern 2: n=397
  Southern 3: n=583
  Southern 4: n=486
  Southern 5: n=202
2026-03-04 15:40:12 | INFO | src.tmc_shapley_islands | Loaded 920 cached utilities from outputs/tmc_shapley_sweep_all_traits/cache/wing/utility_cache_target_3_seed_1519594434.json
2026-03-04 15:40:12 | INFO | src.tmc_shapley_islands | Running TMC-Shapley with 150 permutations (utility on cal set)...
2026-03-04 15:40:12 | INFO | src.tmc_shapley_islands | Computing V_full over all 15 source islands...
2026-03-04 15:40:12 | INFO | src.tmc_shapley_islands | V_full = 0.7156
2026-03-04 15:40:12 | INFO | src.tmc_shapley_islands | TMC head-start: loaded 80 completed permutations from state outputs/tmc_shapley_sweep_all_traits/cache/wing/tmc_perm_state_target_3_seed_1519594434.json
2026-03-04 15:42:00 | INFO | src.tmc_shapley_islands | TMC progress: 90/150 permutations done, cache hit rate: 30.5%, n_evals: 105
2026-03-04 15:47:17 | INFO | src.tmc_shapley_islands | TMC progress: 120/150 permutations done, cache hit rate: 34.3%, n_evals: 395
2026-03-04 15:52:15 | INFO | src.tmc_shapley_islands | TMC progress: 150/150 permutations done, cache hit rate: 35.5%, n_evals: 678
2026-03-04 15:52:15 | INFO | src.tmc_shapley_islands | TMC complete: 150 permutations, 0 truncated, 678 utility evals, cache hit rate: 35.5%
2026-03-04 15:52:15 | INFO | src.tmc_shapley_islands | Shapley values (phi, computed on cal set):
2026-03-04 15:52:15 | INFO | src.tmc_shapley_islands |   Nesøy: phi=-0.022884, phi/n=-0.00019393
2026-03-04 15:52:15 | INFO | src.tmc_shapley_islands |   Myken: phi=0.121066, phi/n=0.00131593
2026-03-04 15:52:15 | INFO | src.tmc_shapley_islands |   Træna: phi=0.142128, phi/n=0.00049695
2026-03-04 15:52:15 | INFO | src.tmc_shapley_islands |   Gjerøy: phi=-0.016356, phi/n=-0.00002958
2026-03-04 15:52:15 | INFO | src.tmc_shapley_islands |   Hestmannøy: phi=0.239154, phi/n=0.00022669
2026-03-04 15:52:15 | INFO | src.tmc_shapley_islands |   Indre Kvarøy: phi=0.083662, phi/n=0.00023972
2026-03-04 15:52:15 | INFO | src.tmc_shapley_islands |   Onøy og Lurøy: phi=0.072395, phi/n=0.00028279
2026-03-04 15:52:15 | INFO | src.tmc_shapley_islands |   Lovund: phi=0.093348, phi/n=0.00061820
2026-03-04 15:52:15 | INFO | src.tmc_shapley_islands |   Sleneset: phi=0.013535, phi/n=0.00008459
2026-03-04 15:52:15 | INFO | src.tmc_shapley_islands |   Aldra: phi=0.038010, phi/n=0.00021971
2026-03-04 15:52:15 | INFO | src.tmc_shapley_islands |   Southern 1: phi=0.126846, phi/n=0.00021832
2026-03-04 15:52:15 | INFO | src.tmc_shapley_islands |   Southern 2: phi=-0.057906, phi/n=-0.00014586
2026-03-04 15:52:15 | INFO | src.tmc_shapley_islands |   Southern 3: phi=-0.038349, phi/n=-0.00006578
2026-03-04 15:52:15 | INFO | src.tmc_shapley_islands |   Southern 4: phi=-0.060307, phi/n=-0.00012409
2026-03-04 15:52:15 | INFO | src.tmc_shapley_islands |   Southern 5: phi=-0.018719, phi/n=-0.00009267
2026-03-04 15:52:15 | INFO | src.tmc_shapley_islands | Curve retraining early stopping: enabled=True, patience=20
2026-03-04 15:52:15 | INFO | src.tmc_shapley_islands | Computing add-islands curve (evaluated on test set)...
2026-03-04 15:52:15 | INFO | src.tmc_shapley_islands | Add-curve (mean): 1 islands, n=92 -> corr=0.2660
2026-03-04 15:52:15 | INFO | src.tmc_shapley_islands | Add-curve (mean): 2 islands, n=243 -> corr=0.4724
2026-03-04 15:52:15 | INFO | src.tmc_shapley_islands | Add-curve (mean): 3 islands, n=529 -> corr=0.2373
2026-03-04 15:52:15 | INFO | src.tmc_shapley_islands | Add-curve (mean): 4 islands, n=785 -> corr=0.2497
2026-03-04 15:52:16 | INFO | src.tmc_shapley_islands | Add-curve (mean): 5 islands, n=1134 -> corr=0.2106
2026-03-04 15:52:17 | INFO | src.tmc_shapley_islands | Add-curve (mean): 6 islands, n=2189 -> corr=0.2221
2026-03-04 15:52:18 | INFO | src.tmc_shapley_islands | Add-curve (mean): 7 islands, n=2362 -> corr=0.2193
2026-03-04 15:52:19 | INFO | src.tmc_shapley_islands | Add-curve (mean): 8 islands, n=2943 -> corr=0.2539
2026-03-04 15:52:20 | INFO | src.tmc_shapley_islands | Add-curve (mean): 9 islands, n=3103 -> corr=0.2385
2026-03-04 15:52:21 | INFO | src.tmc_shapley_islands | Add-curve (mean): 10 islands, n=3656 -> corr=0.1915
2026-03-04 15:52:23 | INFO | src.tmc_shapley_islands | Add-curve (mean): 11 islands, n=4239 -> corr=0.1809
2026-03-04 15:52:25 | INFO | src.tmc_shapley_islands | Add-curve (mean): 12 islands, n=4441 -> corr=0.1681
2026-03-04 15:52:27 | INFO | src.tmc_shapley_islands | Add-curve (mean): 13 islands, n=4927 -> corr=0.1483
2026-03-04 15:52:30 | INFO | src.tmc_shapley_islands | Add-curve (mean): 14 islands, n=5324 -> corr=0.1404
2026-03-04 15:52:32 | INFO | src.tmc_shapley_islands | Add-curve (mean): 15 islands, n=5442 -> corr=0.1417
2026-03-04 15:52:43 | INFO | src.tmc_shapley_islands | Random individual add-curve (seed=0) complete
2026-03-04 15:52:55 | INFO | src.tmc_shapley_islands | Random individual add-curve (seed=1) complete
2026-03-04 15:53:06 | INFO | src.tmc_shapley_islands | Random individual add-curve (seed=2) complete
2026-03-04 15:53:17 | INFO | src.tmc_shapley_islands | Random individual add-curve (seed=3) complete
2026-03-04 15:53:29 | INFO | src.tmc_shapley_islands | Random individual add-curve (seed=4) complete
2026-03-04 15:53:29 | INFO | src.tmc_shapley_islands | Building mirrored remove-islands curve from add-islands curve...
2026-03-04 15:53:29 | INFO | src.tmc_shapley_islands | Saved Shapley values to outputs/tmc_shapley_sweep_all_traits/shards/shard_017/wing/tmp/shapley_island_values_target_3.csv
2026-03-04 15:53:29 | INFO | src.tmc_shapley_islands | Saved summary to outputs/tmc_shapley_sweep_all_traits/shards/shard_017/wing/tmp/tmc_summary_target_3.json
2026-03-04 15:53:29 | INFO | src.tmc_shapley_islands | Saved intermediate ranking trace to outputs/tmc_shapley_sweep_all_traits/shards/shard_017/wing/tmp/tmc_intermediate_rankings_target_3.csv
2026-03-04 15:53:29 | INFO | src.tmc_shapley_islands | Saved add-curve to outputs/tmc_shapley_sweep_all_traits/shards/shard_017/wing/tmp/add_curve_target_3.csv
2026-03-04 15:53:29 | INFO | src.tmc_shapley_islands | Saved remove-curve to outputs/tmc_shapley_sweep_all_traits/shards/shard_017/wing/tmp/remove_curve_target_3.csv
2026-03-04 15:53:30 | INFO | src.tmc_shapley_islands | Saved bar plot to outputs/tmc_shapley_sweep_all_traits/shards/shard_017/wing/tmp/shapley_bar_target_3.png
2026-03-04 15:53:30 | INFO | src.tmc_shapley_islands | Saved add-curve plot to outputs/tmc_shapley_sweep_all_traits/shards/shard_017/wing/tmp/add_curve_target_3.png
2026-03-04 15:53:31 | INFO | src.tmc_shapley_islands | Saved remove-curve plot to outputs/tmc_shapley_sweep_all_traits/shards/shard_017/wing/tmp/remove_curve_target_3.png
2026-03-04 15:53:31 | INFO | __main__ | Shard 17/30 trait=wing progress 11/75 | target=3 n_cal_samples=40 perm=10 repeat=5
2026-03-04 15:53:31 | INFO | src.tmc_shapley_islands | [Shapley] Target island: 3 (Selvær), source islands: 15
2026-03-04 15:53:31 | INFO | src.tmc_shapley_islands | Data: source=5442 (across 15 islands), cal=40, test=41
2026-03-04 15:53:31 | INFO | src.tmc_shapley_islands | SNP selection: using fixed precomputed subset (n=20000)
2026-03-04 15:53:31 | INFO | src.tmc_shapley_islands | Island counts (capped to None in training):
  Nesøy: n=118
  Myken: n=92
  Træna: n=286
  Gjerøy: n=553
  Hestmannøy: n=1055
  Indre Kvarøy: n=349
  Onøy og Lurøy: n=256
  Lovund: n=151
  Sleneset: n=160
  Aldra: n=173
  Southern 1: n=581
  Southern 2: n=397
  Southern 3: n=583
  Southern 4: n=486
  Southern 5: n=202
2026-03-04 15:53:31 | INFO | src.tmc_shapley_islands | Running TMC-Shapley with 10 permutations (utility on cal set)...
2026-03-04 15:53:31 | INFO | src.tmc_shapley_islands | Computing V_full over all 15 source islands...
2026-03-04 15:53:34 | INFO | src.tmc_shapley_islands | V_full = 0.5306
2026-03-04 15:54:06 | INFO | src.tmc_shapley_islands | TMC progress: 2/10 permutations done, cache hit rate: 6.5%, n_evals: 29
2026-03-04 15:54:37 | INFO | src.tmc_shapley_islands | TMC progress: 4/10 permutations done, cache hit rate: 9.8%, n_evals: 55
2026-03-04 15:55:08 | INFO | src.tmc_shapley_islands | TMC progress: 6/10 permutations done, cache hit rate: 8.8%, n_evals: 83
2026-03-04 15:55:37 | INFO | src.tmc_shapley_islands | TMC progress: 8/10 permutations done, cache hit rate: 9.1%, n_evals: 110
2026-03-04 15:56:09 | INFO | src.tmc_shapley_islands | TMC progress: 10/10 permutations done, cache hit rate: 9.9%, n_evals: 136
2026-03-04 15:56:09 | INFO | src.tmc_shapley_islands | TMC complete: 10 permutations, 0 truncated, 136 utility evals, cache hit rate: 9.9%
2026-03-04 15:56:09 | INFO | src.tmc_shapley_islands | Shapley values (phi, computed on cal set):
2026-03-04 15:56:09 | INFO | src.tmc_shapley_islands |   Nesøy: phi=0.018029, phi/n=0.00015279
2026-03-04 15:56:09 | INFO | src.tmc_shapley_islands |   Myken: phi=0.029979, phi/n=0.00032586
2026-03-04 15:56:09 | INFO | src.tmc_shapley_islands |   Træna: phi=0.247386, phi/n=0.00086499
2026-03-04 15:56:09 | INFO | src.tmc_shapley_islands |   Gjerøy: phi=0.025556, phi/n=0.00004621
2026-03-04 15:56:09 | INFO | src.tmc_shapley_islands |   Hestmannøy: phi=-0.056306, phi/n=-0.00005337
2026-03-04 15:56:09 | INFO | src.tmc_shapley_islands |   Indre Kvarøy: phi=0.006759, phi/n=0.00001937
2026-03-04 15:56:09 | INFO | src.tmc_shapley_islands |   Onøy og Lurøy: phi=0.009598, phi/n=0.00003749
2026-03-04 15:56:09 | INFO | src.tmc_shapley_islands |   Lovund: phi=0.181178, phi/n=0.00119986
2026-03-04 15:56:09 | INFO | src.tmc_shapley_islands |   Sleneset: phi=0.061220, phi/n=0.00038262
2026-03-04 15:56:09 | INFO | src.tmc_shapley_islands |   Aldra: phi=-0.011106, phi/n=-0.00006420
2026-03-04 15:56:09 | INFO | src.tmc_shapley_islands |   Southern 1: phi=0.016236, phi/n=0.00002795
2026-03-04 15:56:09 | INFO | src.tmc_shapley_islands |   Southern 2: phi=0.022241, phi/n=0.00005602
2026-03-04 15:56:09 | INFO | src.tmc_shapley_islands |   Southern 3: phi=0.028678, phi/n=0.00004919
2026-03-04 15:56:09 | INFO | src.tmc_shapley_islands |   Southern 4: phi=-0.022183, phi/n=-0.00004564
2026-03-04 15:56:09 | INFO | src.tmc_shapley_islands |   Southern 5: phi=-0.026708, phi/n=-0.00013222
2026-03-04 15:56:09 | INFO | src.tmc_shapley_islands | Curve retraining early stopping: enabled=True, patience=20
2026-03-04 15:56:09 | INFO | src.tmc_shapley_islands | Computing add-islands curve (evaluated on test set)...
2026-03-04 15:56:09 | INFO | src.tmc_shapley_islands | Add-curve (mean): 1 islands, n=151 -> corr=0.1966
2026-03-04 15:56:10 | INFO | src.tmc_shapley_islands | Add-curve (mean): 2 islands, n=437 -> corr=-0.0381
2026-03-04 15:56:10 | INFO | src.tmc_shapley_islands | Add-curve (mean): 3 islands, n=597 -> corr=-0.0068
2026-03-04 15:56:10 | INFO | src.tmc_shapley_islands | Add-curve (mean): 4 islands, n=689 -> corr=0.0876
2026-03-04 15:56:10 | INFO | src.tmc_shapley_islands | Add-curve (mean): 5 islands, n=807 -> corr=0.1643
2026-03-04 15:56:11 | INFO | src.tmc_shapley_islands | Add-curve (mean): 6 islands, n=1204 -> corr=0.1581
2026-03-04 15:56:11 | INFO | src.tmc_shapley_islands | Add-curve (mean): 7 islands, n=1787 -> corr=0.1861
2026-03-04 15:56:12 | INFO | src.tmc_shapley_islands | Add-curve (mean): 8 islands, n=2340 -> corr=0.1345
2026-03-04 15:56:13 | INFO | src.tmc_shapley_islands | Add-curve (mean): 9 islands, n=2596 -> corr=0.2095
2026-03-04 15:56:15 | INFO | src.tmc_shapley_islands | Add-curve (mean): 10 islands, n=3177 -> corr=0.2214
2026-03-04 15:56:16 | INFO | src.tmc_shapley_islands | Add-curve (mean): 11 islands, n=3526 -> corr=0.1859
2026-03-04 15:56:18 | INFO | src.tmc_shapley_islands | Add-curve (mean): 12 islands, n=4012 -> corr=0.2102
2026-03-04 15:56:20 | INFO | src.tmc_shapley_islands | Add-curve (mean): 13 islands, n=5067 -> corr=0.2899
2026-03-04 15:56:22 | INFO | src.tmc_shapley_islands | Add-curve (mean): 14 islands, n=5240 -> corr=0.2908
2026-03-04 15:56:25 | INFO | src.tmc_shapley_islands | Add-curve (mean): 15 islands, n=5442 -> corr=0.3075
2026-03-04 15:56:35 | INFO | src.tmc_shapley_islands | Random individual add-curve (seed=0) complete
2026-03-04 15:56:45 | INFO | src.tmc_shapley_islands | Random individual add-curve (seed=1) complete
2026-03-04 15:56:55 | INFO | src.tmc_shapley_islands | Random individual add-curve (seed=2) complete
2026-03-04 15:57:05 | INFO | src.tmc_shapley_islands | Random individual add-curve (seed=3) complete
2026-03-04 15:57:15 | INFO | src.tmc_shapley_islands | Random individual add-curve (seed=4) complete
2026-03-04 15:57:15 | INFO | src.tmc_shapley_islands | Building mirrored remove-islands curve from add-islands curve...
2026-03-04 15:57:15 | INFO | src.tmc_shapley_islands | Saved Shapley values to outputs/tmc_shapley_sweep_all_traits/shards/shard_017/wing/tmp/shapley_island_values_target_3.csv
2026-03-04 15:57:15 | INFO | src.tmc_shapley_islands | Saved summary to outputs/tmc_shapley_sweep_all_traits/shards/shard_017/wing/tmp/tmc_summary_target_3.json
2026-03-04 15:57:15 | INFO | src.tmc_shapley_islands | Saved intermediate ranking trace to outputs/tmc_shapley_sweep_all_traits/shards/shard_017/wing/tmp/tmc_intermediate_rankings_target_3.csv
2026-03-04 15:57:15 | INFO | src.tmc_shapley_islands | Saved add-curve to outputs/tmc_shapley_sweep_all_traits/shards/shard_017/wing/tmp/add_curve_target_3.csv
2026-03-04 15:57:15 | INFO | src.tmc_shapley_islands | Saved remove-curve to outputs/tmc_shapley_sweep_all_traits/shards/shard_017/wing/tmp/remove_curve_target_3.csv
2026-03-04 15:57:16 | INFO | src.tmc_shapley_islands | Saved bar plot to outputs/tmc_shapley_sweep_all_traits/shards/shard_017/wing/tmp/shapley_bar_target_3.png
2026-03-04 15:57:16 | INFO | src.tmc_shapley_islands | Saved add-curve plot to outputs/tmc_shapley_sweep_all_traits/shards/shard_017/wing/tmp/add_curve_target_3.png
2026-03-04 15:57:17 | INFO | src.tmc_shapley_islands | Saved remove-curve plot to outputs/tmc_shapley_sweep_all_traits/shards/shard_017/wing/tmp/remove_curve_target_3.png
2026-03-04 15:57:17 | INFO | __main__ | Shard 17/30 trait=wing progress 12/75 | target=3 n_cal_samples=40 perm=20 repeat=5
2026-03-04 15:57:17 | INFO | src.tmc_shapley_islands | [Shapley] Target island: 3 (Selvær), source islands: 15
2026-03-04 15:57:18 | INFO | src.tmc_shapley_islands | Data: source=5442 (across 15 islands), cal=40, test=41
2026-03-04 15:57:18 | INFO | src.tmc_shapley_islands | SNP selection: using fixed precomputed subset (n=20000)
2026-03-04 15:57:18 | INFO | src.tmc_shapley_islands | Island counts (capped to None in training):
  Nesøy: n=118
  Myken: n=92
  Træna: n=286
  Gjerøy: n=553
  Hestmannøy: n=1055
  Indre Kvarøy: n=349
  Onøy og Lurøy: n=256
  Lovund: n=151
  Sleneset: n=160
  Aldra: n=173
  Southern 1: n=581
  Southern 2: n=397
  Southern 3: n=583
  Southern 4: n=486
  Southern 5: n=202
2026-03-04 15:57:18 | INFO | src.tmc_shapley_islands | Loaded 136 cached utilities from outputs/tmc_shapley_sweep_all_traits/cache/wing/utility_cache_target_3_seed_1435064454.json
2026-03-04 15:57:18 | INFO | src.tmc_shapley_islands | Running TMC-Shapley with 20 permutations (utility on cal set)...
2026-03-04 15:57:18 | INFO | src.tmc_shapley_islands | Computing V_full over all 15 source islands...
2026-03-04 15:57:18 | INFO | src.tmc_shapley_islands | V_full = 0.5306
2026-03-04 15:57:18 | INFO | src.tmc_shapley_islands | TMC head-start: loaded 10 completed permutations from state outputs/tmc_shapley_sweep_all_traits/cache/wing/tmc_perm_state_target_3_seed_1435064454.json
2026-03-04 15:57:44 | INFO | src.tmc_shapley_islands | TMC progress: 12/20 permutations done, cache hit rate: 16.1%, n_evals: 26
2026-03-04 15:58:36 | INFO | src.tmc_shapley_islands | TMC progress: 16/20 permutations done, cache hit rate: 14.3%, n_evals: 78
2026-03-04 15:59:28 | INFO | src.tmc_shapley_islands | TMC progress: 20/20 permutations done, cache hit rate: 17.9%, n_evals: 124
2026-03-04 15:59:28 | INFO | src.tmc_shapley_islands | TMC complete: 20 permutations, 0 truncated, 124 utility evals, cache hit rate: 17.9%
2026-03-04 15:59:28 | INFO | src.tmc_shapley_islands | Shapley values (phi, computed on cal set):
2026-03-04 15:59:28 | INFO | src.tmc_shapley_islands |   Nesøy: phi=0.010892, phi/n=0.00009231
2026-03-04 15:59:28 | INFO | src.tmc_shapley_islands |   Myken: phi=0.054159, phi/n=0.00058868
2026-03-04 15:59:28 | INFO | src.tmc_shapley_islands |   Træna: phi=0.235438, phi/n=0.00082321
2026-03-04 15:59:28 | INFO | src.tmc_shapley_islands |   Gjerøy: phi=0.029484, phi/n=0.00005332
2026-03-04 15:59:28 | INFO | src.tmc_shapley_islands |   Hestmannøy: phi=-0.057864, phi/n=-0.00005485
2026-03-04 15:59:28 | INFO | src.tmc_shapley_islands |   Indre Kvarøy: phi=-0.009484, phi/n=-0.00002718
2026-03-04 15:59:28 | INFO | src.tmc_shapley_islands |   Onøy og Lurøy: phi=0.018933, phi/n=0.00007396
2026-03-04 15:59:28 | INFO | src.tmc_shapley_islands |   Lovund: phi=0.159667, phi/n=0.00105740
2026-03-04 15:59:28 | INFO | src.tmc_shapley_islands |   Sleneset: phi=0.062834, phi/n=0.00039271
2026-03-04 15:59:28 | INFO | src.tmc_shapley_islands |   Aldra: phi=-0.008378, phi/n=-0.00004843
2026-03-04 15:59:28 | INFO | src.tmc_shapley_islands |   Southern 1: phi=0.029898, phi/n=0.00005146
2026-03-04 15:59:28 | INFO | src.tmc_shapley_islands |   Southern 2: phi=0.023495, phi/n=0.00005918
2026-03-04 15:59:28 | INFO | src.tmc_shapley_islands |   Southern 3: phi=0.031842, phi/n=0.00005462
2026-03-04 15:59:28 | INFO | src.tmc_shapley_islands |   Southern 4: phi=-0.022620, phi/n=-0.00004654
2026-03-04 15:59:28 | INFO | src.tmc_shapley_islands |   Southern 5: phi=-0.027737, phi/n=-0.00013731
2026-03-04 15:59:28 | INFO | src.tmc_shapley_islands | Curve retraining early stopping: enabled=True, patience=20
2026-03-04 15:59:28 | INFO | src.tmc_shapley_islands | Computing add-islands curve (evaluated on test set)...
2026-03-04 15:59:29 | INFO | src.tmc_shapley_islands | Add-curve (mean): 1 islands, n=151 -> corr=0.1966
2026-03-04 15:59:29 | INFO | src.tmc_shapley_islands | Add-curve (mean): 2 islands, n=437 -> corr=-0.0381
2026-03-04 15:59:29 | INFO | src.tmc_shapley_islands | Add-curve (mean): 3 islands, n=529 -> corr=0.0748
2026-03-04 15:59:29 | INFO | src.tmc_shapley_islands | Add-curve (mean): 4 islands, n=689 -> corr=0.0876
2026-03-04 15:59:29 | INFO | src.tmc_shapley_islands | Add-curve (mean): 5 islands, n=807 -> corr=0.1643
2026-03-04 15:59:30 | INFO | src.tmc_shapley_islands | Add-curve (mean): 6 islands, n=1063 -> corr=0.2318
2026-03-04 15:59:30 | INFO | src.tmc_shapley_islands | Add-curve (mean): 7 islands, n=1460 -> corr=0.2264
2026-03-04 15:59:31 | INFO | src.tmc_shapley_islands | Add-curve (mean): 8 islands, n=2043 -> corr=0.2490
2026-03-04 15:59:32 | INFO | src.tmc_shapley_islands | Add-curve (mean): 9 islands, n=2596 -> corr=0.2095
2026-03-04 15:59:33 | INFO | src.tmc_shapley_islands | Add-curve (mean): 10 islands, n=3177 -> corr=0.2214
2026-03-04 15:59:35 | INFO | src.tmc_shapley_islands | Add-curve (mean): 11 islands, n=3526 -> corr=0.1859
2026-03-04 15:59:36 | INFO | src.tmc_shapley_islands | Add-curve (mean): 12 islands, n=4012 -> corr=0.2102
2026-03-04 15:59:38 | INFO | src.tmc_shapley_islands | Add-curve (mean): 13 islands, n=4185 -> corr=0.2169
2026-03-04 15:59:41 | INFO | src.tmc_shapley_islands | Add-curve (mean): 14 islands, n=5240 -> corr=0.2908
2026-03-04 15:59:43 | INFO | src.tmc_shapley_islands | Add-curve (mean): 15 islands, n=5442 -> corr=0.3075
2026-03-04 15:59:52 | INFO | src.tmc_shapley_islands | Random individual add-curve (seed=0) complete
2026-03-04 16:00:02 | INFO | src.tmc_shapley_islands | Random individual add-curve (seed=1) complete
2026-03-04 16:00:11 | INFO | src.tmc_shapley_islands | Random individual add-curve (seed=2) complete
2026-03-04 16:00:21 | INFO | src.tmc_shapley_islands | Random individual add-curve (seed=3) complete
2026-03-04 16:00:30 | INFO | src.tmc_shapley_islands | Random individual add-curve (seed=4) complete
2026-03-04 16:00:30 | INFO | src.tmc_shapley_islands | Building mirrored remove-islands curve from add-islands curve...
2026-03-04 16:00:30 | INFO | src.tmc_shapley_islands | Saved Shapley values to outputs/tmc_shapley_sweep_all_traits/shards/shard_017/wing/tmp/shapley_island_values_target_3.csv
2026-03-04 16:00:30 | INFO | src.tmc_shapley_islands | Saved summary to outputs/tmc_shapley_sweep_all_traits/shards/shard_017/wing/tmp/tmc_summary_target_3.json
2026-03-04 16:00:30 | INFO | src.tmc_shapley_islands | Saved intermediate ranking trace to outputs/tmc_shapley_sweep_all_traits/shards/shard_017/wing/tmp/tmc_intermediate_rankings_target_3.csv
2026-03-04 16:00:30 | INFO | src.tmc_shapley_islands | Saved add-curve to outputs/tmc_shapley_sweep_all_traits/shards/shard_017/wing/tmp/add_curve_target_3.csv
2026-03-04 16:00:30 | INFO | src.tmc_shapley_islands | Saved remove-curve to outputs/tmc_shapley_sweep_all_traits/shards/shard_017/wing/tmp/remove_curve_target_3.csv
2026-03-04 16:00:31 | INFO | src.tmc_shapley_islands | Saved bar plot to outputs/tmc_shapley_sweep_all_traits/shards/shard_017/wing/tmp/shapley_bar_target_3.png
2026-03-04 16:00:31 | INFO | src.tmc_shapley_islands | Saved add-curve plot to outputs/tmc_shapley_sweep_all_traits/shards/shard_017/wing/tmp/add_curve_target_3.png
2026-03-04 16:00:32 | INFO | src.tmc_shapley_islands | Saved remove-curve plot to outputs/tmc_shapley_sweep_all_traits/shards/shard_017/wing/tmp/remove_curve_target_3.png
2026-03-04 16:00:32 | INFO | __main__ | Shard 17/30 trait=wing progress 13/75 | target=3 n_cal_samples=40 perm=40 repeat=5
2026-03-04 16:00:32 | INFO | src.tmc_shapley_islands | [Shapley] Target island: 3 (Selvær), source islands: 15
2026-03-04 16:00:32 | INFO | src.tmc_shapley_islands | Data: source=5442 (across 15 islands), cal=40, test=41
2026-03-04 16:00:32 | INFO | src.tmc_shapley_islands | SNP selection: using fixed precomputed subset (n=20000)
2026-03-04 16:00:32 | INFO | src.tmc_shapley_islands | Island counts (capped to None in training):
  Nesøy: n=118
  Myken: n=92
  Træna: n=286
  Gjerøy: n=553
  Hestmannøy: n=1055
  Indre Kvarøy: n=349
  Onøy og Lurøy: n=256
  Lovund: n=151
  Sleneset: n=160
  Aldra: n=173
  Southern 1: n=581
  Southern 2: n=397
  Southern 3: n=583
  Southern 4: n=486
  Southern 5: n=202
2026-03-04 16:00:32 | INFO | src.tmc_shapley_islands | Loaded 260 cached utilities from outputs/tmc_shapley_sweep_all_traits/cache/wing/utility_cache_target_3_seed_1435064454.json
2026-03-04 16:00:32 | INFO | src.tmc_shapley_islands | Running TMC-Shapley with 40 permutations (utility on cal set)...
2026-03-04 16:00:32 | INFO | src.tmc_shapley_islands | Computing V_full over all 15 source islands...
2026-03-04 16:00:32 | INFO | src.tmc_shapley_islands | V_full = 0.5306
2026-03-04 16:00:32 | INFO | src.tmc_shapley_islands | TMC head-start: loaded 20 completed permutations from state outputs/tmc_shapley_sweep_all_traits/cache/wing/tmc_perm_state_target_3_seed_1435064454.json
2026-03-04 16:01:17 | INFO | src.tmc_shapley_islands | TMC progress: 24/40 permutations done, cache hit rate: 26.2%, n_evals: 45
2026-03-04 16:03:04 | INFO | src.tmc_shapley_islands | TMC progress: 32/40 permutations done, cache hit rate: 22.7%, n_evals: 140
2026-03-04 16:04:35 | INFO | src.tmc_shapley_islands | TMC progress: 40/40 permutations done, cache hit rate: 22.9%, n_evals: 232
2026-03-04 16:04:35 | INFO | src.tmc_shapley_islands | TMC complete: 40 permutations, 0 truncated, 232 utility evals, cache hit rate: 22.9%
2026-03-04 16:04:35 | INFO | src.tmc_shapley_islands | Shapley values (phi, computed on cal set):
2026-03-04 16:04:35 | INFO | src.tmc_shapley_islands |   Nesøy: phi=0.016937, phi/n=0.00014354
2026-03-04 16:04:35 | INFO | src.tmc_shapley_islands |   Myken: phi=0.040368, phi/n=0.00043878
2026-03-04 16:04:35 | INFO | src.tmc_shapley_islands |   Træna: phi=0.240492, phi/n=0.00084088
2026-03-04 16:04:35 | INFO | src.tmc_shapley_islands |   Gjerøy: phi=0.032983, phi/n=0.00005964
2026-03-04 16:04:35 | INFO | src.tmc_shapley_islands |   Hestmannøy: phi=-0.074106, phi/n=-0.00007024
2026-03-04 16:04:35 | INFO | src.tmc_shapley_islands |   Indre Kvarøy: phi=-0.017014, phi/n=-0.00004875
2026-03-04 16:04:35 | INFO | src.tmc_shapley_islands |   Onøy og Lurøy: phi=0.024228, phi/n=0.00009464
2026-03-04 16:04:35 | INFO | src.tmc_shapley_islands |   Lovund: phi=0.182136, phi/n=0.00120620
2026-03-04 16:04:35 | INFO | src.tmc_shapley_islands |   Sleneset: phi=0.063005, phi/n=0.00039378
2026-03-04 16:04:35 | INFO | src.tmc_shapley_islands |   Aldra: phi=-0.009643, phi/n=-0.00005574
2026-03-04 16:04:35 | INFO | src.tmc_shapley_islands |   Southern 1: phi=0.020046, phi/n=0.00003450
2026-03-04 16:04:35 | INFO | src.tmc_shapley_islands |   Southern 2: phi=0.024430, phi/n=0.00006154
2026-03-04 16:04:35 | INFO | src.tmc_shapley_islands |   Southern 3: phi=0.035368, phi/n=0.00006067
2026-03-04 16:04:35 | INFO | src.tmc_shapley_islands |   Southern 4: phi=-0.020287, phi/n=-0.00004174
2026-03-04 16:04:35 | INFO | src.tmc_shapley_islands |   Southern 5: phi=-0.028384, phi/n=-0.00014052
2026-03-04 16:04:35 | INFO | src.tmc_shapley_islands | Curve retraining early stopping: enabled=True, patience=20
2026-03-04 16:04:35 | INFO | src.tmc_shapley_islands | Computing add-islands curve (evaluated on test set)...
2026-03-04 16:04:36 | INFO | src.tmc_shapley_islands | Add-curve (mean): 1 islands, n=151 -> corr=0.1966
2026-03-04 16:04:36 | INFO | src.tmc_shapley_islands | Add-curve (mean): 2 islands, n=437 -> corr=-0.0381
2026-03-04 16:04:36 | INFO | src.tmc_shapley_islands | Add-curve (mean): 3 islands, n=529 -> corr=0.0748
2026-03-04 16:04:36 | INFO | src.tmc_shapley_islands | Add-curve (mean): 4 islands, n=689 -> corr=0.0876
2026-03-04 16:04:36 | INFO | src.tmc_shapley_islands | Add-curve (mean): 5 islands, n=807 -> corr=0.1643
2026-03-04 16:04:37 | INFO | src.tmc_shapley_islands | Add-curve (mean): 6 islands, n=1063 -> corr=0.2318
2026-03-04 16:04:37 | INFO | src.tmc_shapley_islands | Add-curve (mean): 7 islands, n=1460 -> corr=0.2264
2026-03-04 16:04:38 | INFO | src.tmc_shapley_islands | Add-curve (mean): 8 islands, n=2043 -> corr=0.2490
2026-03-04 16:04:39 | INFO | src.tmc_shapley_islands | Add-curve (mean): 9 islands, n=2596 -> corr=0.2095
2026-03-04 16:04:41 | INFO | src.tmc_shapley_islands | Add-curve (mean): 10 islands, n=3177 -> corr=0.2214
2026-03-04 16:04:42 | INFO | src.tmc_shapley_islands | Add-curve (mean): 11 islands, n=3663 -> corr=0.2442
2026-03-04 16:04:44 | INFO | src.tmc_shapley_islands | Add-curve (mean): 12 islands, n=4012 -> corr=0.2102
2026-03-04 16:04:45 | INFO | src.tmc_shapley_islands | Add-curve (mean): 13 islands, n=4185 -> corr=0.2169
2026-03-04 16:04:48 | INFO | src.tmc_shapley_islands | Add-curve (mean): 14 islands, n=5240 -> corr=0.2908
2026-03-04 16:04:50 | INFO | src.tmc_shapley_islands | Add-curve (mean): 15 islands, n=5442 -> corr=0.3075
2026-03-04 16:05:00 | INFO | src.tmc_shapley_islands | Random individual add-curve (seed=0) complete
2026-03-04 16:05:09 | INFO | src.tmc_shapley_islands | Random individual add-curve (seed=1) complete
2026-03-04 16:05:19 | INFO | src.tmc_shapley_islands | Random individual add-curve (seed=2) complete
2026-03-04 16:05:29 | INFO | src.tmc_shapley_islands | Random individual add-curve (seed=3) complete
2026-03-04 16:05:38 | INFO | src.tmc_shapley_islands | Random individual add-curve (seed=4) complete
2026-03-04 16:05:38 | INFO | src.tmc_shapley_islands | Building mirrored remove-islands curve from add-islands curve...
2026-03-04 16:05:38 | INFO | src.tmc_shapley_islands | Saved Shapley values to outputs/tmc_shapley_sweep_all_traits/shards/shard_017/wing/tmp/shapley_island_values_target_3.csv
2026-03-04 16:05:38 | INFO | src.tmc_shapley_islands | Saved summary to outputs/tmc_shapley_sweep_all_traits/shards/shard_017/wing/tmp/tmc_summary_target_3.json
2026-03-04 16:05:38 | INFO | src.tmc_shapley_islands | Saved intermediate ranking trace to outputs/tmc_shapley_sweep_all_traits/shards/shard_017/wing/tmp/tmc_intermediate_rankings_target_3.csv
2026-03-04 16:05:38 | INFO | src.tmc_shapley_islands | Saved add-curve to outputs/tmc_shapley_sweep_all_traits/shards/shard_017/wing/tmp/add_curve_target_3.csv
2026-03-04 16:05:39 | INFO | src.tmc_shapley_islands | Saved remove-curve to outputs/tmc_shapley_sweep_all_traits/shards/shard_017/wing/tmp/remove_curve_target_3.csv
2026-03-04 16:05:39 | INFO | src.tmc_shapley_islands | Saved bar plot to outputs/tmc_shapley_sweep_all_traits/shards/shard_017/wing/tmp/shapley_bar_target_3.png
2026-03-04 16:05:39 | INFO | src.tmc_shapley_islands | Saved add-curve plot to outputs/tmc_shapley_sweep_all_traits/shards/shard_017/wing/tmp/add_curve_target_3.png
2026-03-04 16:05:40 | INFO | src.tmc_shapley_islands | Saved remove-curve plot to outputs/tmc_shapley_sweep_all_traits/shards/shard_017/wing/tmp/remove_curve_target_3.png
2026-03-04 16:05:40 | INFO | __main__ | Shard 17/30 trait=wing progress 14/75 | target=3 n_cal_samples=40 perm=80 repeat=5
2026-03-04 16:05:40 | INFO | src.tmc_shapley_islands | [Shapley] Target island: 3 (Selvær), source islands: 15
2026-03-04 16:05:41 | INFO | src.tmc_shapley_islands | Data: source=5442 (across 15 islands), cal=40, test=41
2026-03-04 16:05:41 | INFO | src.tmc_shapley_islands | SNP selection: using fixed precomputed subset (n=20000)
2026-03-04 16:05:41 | INFO | src.tmc_shapley_islands | Island counts (capped to None in training):
  Nesøy: n=118
  Myken: n=92
  Træna: n=286
  Gjerøy: n=553
  Hestmannøy: n=1055
  Indre Kvarøy: n=349
  Onøy og Lurøy: n=256
  Lovund: n=151
  Sleneset: n=160
  Aldra: n=173
  Southern 1: n=581
  Southern 2: n=397
  Southern 3: n=583
  Southern 4: n=486
  Southern 5: n=202
2026-03-04 16:05:41 | INFO | src.tmc_shapley_islands | Loaded 492 cached utilities from outputs/tmc_shapley_sweep_all_traits/cache/wing/utility_cache_target_3_seed_1435064454.json
2026-03-04 16:05:41 | INFO | src.tmc_shapley_islands | Running TMC-Shapley with 80 permutations (utility on cal set)...
2026-03-04 16:05:41 | INFO | src.tmc_shapley_islands | Computing V_full over all 15 source islands...
2026-03-04 16:05:41 | INFO | src.tmc_shapley_islands | V_full = 0.5306
2026-03-04 16:05:41 | INFO | src.tmc_shapley_islands | TMC head-start: loaded 40 completed permutations from state outputs/tmc_shapley_sweep_all_traits/cache/wing/tmc_perm_state_target_3_seed_1435064454.json
2026-03-04 16:07:12 | INFO | src.tmc_shapley_islands | TMC progress: 48/80 permutations done, cache hit rate: 30.6%, n_evals: 84
2026-03-04 16:10:17 | INFO | src.tmc_shapley_islands | TMC progress: 64/80 permutations done, cache hit rate: 28.3%, n_evals: 259
2026-03-04 16:13:16 | INFO | src.tmc_shapley_islands | TMC progress: 80/80 permutations done, cache hit rate: 28.5%, n_evals: 430
2026-03-04 16:13:16 | INFO | src.tmc_shapley_islands | TMC complete: 80 permutations, 0 truncated, 430 utility evals, cache hit rate: 28.5%
2026-03-04 16:13:16 | INFO | src.tmc_shapley_islands | Shapley values (phi, computed on cal set):
2026-03-04 16:13:16 | INFO | src.tmc_shapley_islands |   Nesøy: phi=0.012679, phi/n=0.00010745
2026-03-04 16:13:16 | INFO | src.tmc_shapley_islands |   Myken: phi=0.036571, phi/n=0.00039751
2026-03-04 16:13:16 | INFO | src.tmc_shapley_islands |   Træna: phi=0.231713, phi/n=0.00081019
2026-03-04 16:13:16 | INFO | src.tmc_shapley_islands |   Gjerøy: phi=0.030671, phi/n=0.00005546
2026-03-04 16:13:16 | INFO | src.tmc_shapley_islands |   Hestmannøy: phi=-0.076110, phi/n=-0.00007214
2026-03-04 16:13:16 | INFO | src.tmc_shapley_islands |   Indre Kvarøy: phi=-0.018648, phi/n=-0.00005343
2026-03-04 16:13:16 | INFO | src.tmc_shapley_islands |   Onøy og Lurøy: phi=0.032288, phi/n=0.00012613
2026-03-04 16:13:16 | INFO | src.tmc_shapley_islands |   Lovund: phi=0.183033, phi/n=0.00121214
2026-03-04 16:13:16 | INFO | src.tmc_shapley_islands |   Sleneset: phi=0.071621, phi/n=0.00044763
2026-03-04 16:13:16 | INFO | src.tmc_shapley_islands |   Aldra: phi=-0.010197, phi/n=-0.00005894
2026-03-04 16:13:16 | INFO | src.tmc_shapley_islands |   Southern 1: phi=0.029138, phi/n=0.00005015
2026-03-04 16:13:16 | INFO | src.tmc_shapley_islands |   Southern 2: phi=0.027625, phi/n=0.00006958
2026-03-04 16:13:16 | INFO | src.tmc_shapley_islands |   Southern 3: phi=0.036259, phi/n=0.00006219
2026-03-04 16:13:16 | INFO | src.tmc_shapley_islands |   Southern 4: phi=-0.016261, phi/n=-0.00003346
2026-03-04 16:13:16 | INFO | src.tmc_shapley_islands |   Southern 5: phi=-0.039824, phi/n=-0.00019715
2026-03-04 16:13:16 | INFO | src.tmc_shapley_islands | Curve retraining early stopping: enabled=True, patience=20
2026-03-04 16:13:16 | INFO | src.tmc_shapley_islands | Computing add-islands curve (evaluated on test set)...
2026-03-04 16:13:17 | INFO | src.tmc_shapley_islands | Add-curve (mean): 1 islands, n=151 -> corr=0.1966
2026-03-04 16:13:17 | INFO | src.tmc_shapley_islands | Add-curve (mean): 2 islands, n=437 -> corr=-0.0381
2026-03-04 16:13:17 | INFO | src.tmc_shapley_islands | Add-curve (mean): 3 islands, n=597 -> corr=-0.0068
2026-03-04 16:13:17 | INFO | src.tmc_shapley_islands | Add-curve (mean): 4 islands, n=689 -> corr=0.0876
2026-03-04 16:13:18 | INFO | src.tmc_shapley_islands | Add-curve (mean): 5 islands, n=945 -> corr=0.1807
2026-03-04 16:13:18 | INFO | src.tmc_shapley_islands | Add-curve (mean): 6 islands, n=1063 -> corr=0.2318
2026-03-04 16:13:19 | INFO | src.tmc_shapley_islands | Add-curve (mean): 7 islands, n=1460 -> corr=0.2264
2026-03-04 16:13:19 | INFO | src.tmc_shapley_islands | Add-curve (mean): 8 islands, n=2043 -> corr=0.2490
2026-03-04 16:13:20 | INFO | src.tmc_shapley_islands | Add-curve (mean): 9 islands, n=2596 -> corr=0.2095
2026-03-04 16:13:22 | INFO | src.tmc_shapley_islands | Add-curve (mean): 10 islands, n=3177 -> corr=0.2214
2026-03-04 16:13:23 | INFO | src.tmc_shapley_islands | Add-curve (mean): 11 islands, n=3663 -> corr=0.2442
2026-03-04 16:13:25 | INFO | src.tmc_shapley_islands | Add-curve (mean): 12 islands, n=4012 -> corr=0.2102
2026-03-04 16:13:26 | INFO | src.tmc_shapley_islands | Add-curve (mean): 13 islands, n=4185 -> corr=0.2169
2026-03-04 16:13:29 | INFO | src.tmc_shapley_islands | Add-curve (mean): 14 islands, n=5240 -> corr=0.2908
2026-03-04 16:13:31 | INFO | src.tmc_shapley_islands | Add-curve (mean): 15 islands, n=5442 -> corr=0.3075
2026-03-04 16:13:41 | INFO | src.tmc_shapley_islands | Random individual add-curve (seed=0) complete
2026-03-04 16:13:51 | INFO | src.tmc_shapley_islands | Random individual add-curve (seed=1) complete
2026-03-04 16:14:00 | INFO | src.tmc_shapley_islands | Random individual add-curve (seed=2) complete
2026-03-04 16:14:10 | INFO | src.tmc_shapley_islands | Random individual add-curve (seed=3) complete
2026-03-04 16:14:19 | INFO | src.tmc_shapley_islands | Random individual add-curve (seed=4) complete
2026-03-04 16:14:19 | INFO | src.tmc_shapley_islands | Building mirrored remove-islands curve from add-islands curve...
2026-03-04 16:14:19 | INFO | src.tmc_shapley_islands | Saved Shapley values to outputs/tmc_shapley_sweep_all_traits/shards/shard_017/wing/tmp/shapley_island_values_target_3.csv
2026-03-04 16:14:19 | INFO | src.tmc_shapley_islands | Saved summary to outputs/tmc_shapley_sweep_all_traits/shards/shard_017/wing/tmp/tmc_summary_target_3.json
2026-03-04 16:14:19 | INFO | src.tmc_shapley_islands | Saved intermediate ranking trace to outputs/tmc_shapley_sweep_all_traits/shards/shard_017/wing/tmp/tmc_intermediate_rankings_target_3.csv
2026-03-04 16:14:19 | INFO | src.tmc_shapley_islands | Saved add-curve to outputs/tmc_shapley_sweep_all_traits/shards/shard_017/wing/tmp/add_curve_target_3.csv
2026-03-04 16:14:19 | INFO | src.tmc_shapley_islands | Saved remove-curve to outputs/tmc_shapley_sweep_all_traits/shards/shard_017/wing/tmp/remove_curve_target_3.csv
2026-03-04 16:14:20 | INFO | src.tmc_shapley_islands | Saved bar plot to outputs/tmc_shapley_sweep_all_traits/shards/shard_017/wing/tmp/shapley_bar_target_3.png
2026-03-04 16:14:20 | INFO | src.tmc_shapley_islands | Saved add-curve plot to outputs/tmc_shapley_sweep_all_traits/shards/shard_017/wing/tmp/add_curve_target_3.png
2026-03-04 16:14:21 | INFO | src.tmc_shapley_islands | Saved remove-curve plot to outputs/tmc_shapley_sweep_all_traits/shards/shard_017/wing/tmp/remove_curve_target_3.png
2026-03-04 16:14:21 | INFO | __main__ | Shard 17/30 trait=wing progress 15/75 | target=3 n_cal_samples=40 perm=150 repeat=5
2026-03-04 16:14:21 | INFO | src.tmc_shapley_islands | [Shapley] Target island: 3 (Selvær), source islands: 15
2026-03-04 16:14:22 | INFO | src.tmc_shapley_islands | Data: source=5442 (across 15 islands), cal=40, test=41
2026-03-04 16:14:22 | INFO | src.tmc_shapley_islands | SNP selection: using fixed precomputed subset (n=20000)
2026-03-04 16:14:22 | INFO | src.tmc_shapley_islands | Island counts (capped to None in training):
  Nesøy: n=118
  Myken: n=92
  Træna: n=286
  Gjerøy: n=553
  Hestmannøy: n=1055
  Indre Kvarøy: n=349
  Onøy og Lurøy: n=256
  Lovund: n=151
  Sleneset: n=160
  Aldra: n=173
  Southern 1: n=581
  Southern 2: n=397
  Southern 3: n=583
  Southern 4: n=486
  Southern 5: n=202
2026-03-04 16:14:22 | INFO | src.tmc_shapley_islands | Loaded 922 cached utilities from outputs/tmc_shapley_sweep_all_traits/cache/wing/utility_cache_target_3_seed_1435064454.json
2026-03-04 16:14:22 | INFO | src.tmc_shapley_islands | Running TMC-Shapley with 150 permutations (utility on cal set)...
2026-03-04 16:14:22 | INFO | src.tmc_shapley_islands | Computing V_full over all 15 source islands...
2026-03-04 16:14:22 | INFO | src.tmc_shapley_islands | V_full = 0.5306
2026-03-04 16:14:22 | INFO | src.tmc_shapley_islands | TMC head-start: loaded 80 completed permutations from state outputs/tmc_shapley_sweep_all_traits/cache/wing/tmc_perm_state_target_3_seed_1435064454.json
2026-03-04 16:16:12 | INFO | src.tmc_shapley_islands | TMC progress: 90/150 permutations done, cache hit rate: 33.1%, n_evals: 101
2026-03-04 16:21:52 | INFO | src.tmc_shapley_islands | TMC progress: 120/150 permutations done, cache hit rate: 31.6%, n_evals: 411
2026-03-04 16:26:46 | INFO | src.tmc_shapley_islands | TMC progress: 150/150 permutations done, cache hit rate: 33.5%, n_evals: 699
2026-03-04 16:26:46 | INFO | src.tmc_shapley_islands | TMC complete: 150 permutations, 0 truncated, 699 utility evals, cache hit rate: 33.5%
2026-03-04 16:26:46 | INFO | src.tmc_shapley_islands | Shapley values (phi, computed on cal set):
2026-03-04 16:26:46 | INFO | src.tmc_shapley_islands |   Nesøy: phi=0.015666, phi/n=0.00013277
2026-03-04 16:26:46 | INFO | src.tmc_shapley_islands |   Myken: phi=0.037932, phi/n=0.00041230
2026-03-04 16:26:46 | INFO | src.tmc_shapley_islands |   Træna: phi=0.233374, phi/n=0.00081599
2026-03-04 16:26:46 | INFO | src.tmc_shapley_islands |   Gjerøy: phi=0.024704, phi/n=0.00004467
2026-03-04 16:26:46 | INFO | src.tmc_shapley_islands |   Hestmannøy: phi=-0.074546, phi/n=-0.00007066
2026-03-04 16:26:46 | INFO | src.tmc_shapley_islands |   Indre Kvarøy: phi=-0.019932, phi/n=-0.00005711
2026-03-04 16:26:46 | INFO | src.tmc_shapley_islands |   Onøy og Lurøy: phi=0.033989, phi/n=0.00013277
2026-03-04 16:26:46 | INFO | src.tmc_shapley_islands |   Lovund: phi=0.183229, phi/n=0.00121344
2026-03-04 16:26:46 | INFO | src.tmc_shapley_islands |   Sleneset: phi=0.073512, phi/n=0.00045945
2026-03-04 16:26:46 | INFO | src.tmc_shapley_islands |   Aldra: phi=-0.011289, phi/n=-0.00006525
2026-03-04 16:26:46 | INFO | src.tmc_shapley_islands |   Southern 1: phi=0.028313, phi/n=0.00004873
2026-03-04 16:26:46 | INFO | src.tmc_shapley_islands |   Southern 2: phi=0.021662, phi/n=0.00005456
2026-03-04 16:26:46 | INFO | src.tmc_shapley_islands |   Southern 3: phi=0.040070, phi/n=0.00006873
2026-03-04 16:26:46 | INFO | src.tmc_shapley_islands |   Southern 4: phi=-0.016882, phi/n=-0.00003474
2026-03-04 16:26:46 | INFO | src.tmc_shapley_islands |   Southern 5: phi=-0.039245, phi/n=-0.00019428
2026-03-04 16:26:46 | INFO | src.tmc_shapley_islands | Curve retraining early stopping: enabled=True, patience=20
2026-03-04 16:26:46 | INFO | src.tmc_shapley_islands | Computing add-islands curve (evaluated on test set)...
2026-03-04 16:26:46 | INFO | src.tmc_shapley_islands | Add-curve (mean): 1 islands, n=151 -> corr=0.1966
2026-03-04 16:26:46 | INFO | src.tmc_shapley_islands | Add-curve (mean): 2 islands, n=437 -> corr=-0.0381
2026-03-04 16:26:47 | INFO | src.tmc_shapley_islands | Add-curve (mean): 3 islands, n=597 -> corr=-0.0068
2026-03-04 16:26:47 | INFO | src.tmc_shapley_islands | Add-curve (mean): 4 islands, n=689 -> corr=0.0876
2026-03-04 16:26:47 | INFO | src.tmc_shapley_islands | Add-curve (mean): 5 islands, n=945 -> corr=0.1807
2026-03-04 16:26:48 | INFO | src.tmc_shapley_islands | Add-curve (mean): 6 islands, n=1063 -> corr=0.2318
2026-03-04 16:26:48 | INFO | src.tmc_shapley_islands | Add-curve (mean): 7 islands, n=1646 -> corr=0.2545
2026-03-04 16:26:49 | INFO | src.tmc_shapley_islands | Add-curve (mean): 8 islands, n=2043 -> corr=0.2490
2026-03-04 16:26:50 | INFO | src.tmc_shapley_islands | Add-curve (mean): 9 islands, n=2624 -> corr=0.2614
2026-03-04 16:26:52 | INFO | src.tmc_shapley_islands | Add-curve (mean): 10 islands, n=3177 -> corr=0.2214
2026-03-04 16:26:53 | INFO | src.tmc_shapley_islands | Add-curve (mean): 11 islands, n=3663 -> corr=0.2442
2026-03-04 16:26:55 | INFO | src.tmc_shapley_islands | Add-curve (mean): 12 islands, n=4012 -> corr=0.2102
2026-03-04 16:26:56 | INFO | src.tmc_shapley_islands | Add-curve (mean): 13 islands, n=4185 -> corr=0.2169
2026-03-04 16:26:59 | INFO | src.tmc_shapley_islands | Add-curve (mean): 14 islands, n=5240 -> corr=0.2908
2026-03-04 16:27:01 | INFO | src.tmc_shapley_islands | Add-curve (mean): 15 islands, n=5442 -> corr=0.3075
2026-03-04 16:27:11 | INFO | src.tmc_shapley_islands | Random individual add-curve (seed=0) complete
2026-03-04 16:27:20 | INFO | src.tmc_shapley_islands | Random individual add-curve (seed=1) complete
2026-03-04 16:27:30 | INFO | src.tmc_shapley_islands | Random individual add-curve (seed=2) complete
2026-03-04 16:27:40 | INFO | src.tmc_shapley_islands | Random individual add-curve (seed=3) complete
2026-03-04 16:27:49 | INFO | src.tmc_shapley_islands | Random individual add-curve (seed=4) complete
2026-03-04 16:27:49 | INFO | src.tmc_shapley_islands | Building mirrored remove-islands curve from add-islands curve...
2026-03-04 16:27:49 | INFO | src.tmc_shapley_islands | Saved Shapley values to outputs/tmc_shapley_sweep_all_traits/shards/shard_017/wing/tmp/shapley_island_values_target_3.csv
2026-03-04 16:27:49 | INFO | src.tmc_shapley_islands | Saved summary to outputs/tmc_shapley_sweep_all_traits/shards/shard_017/wing/tmp/tmc_summary_target_3.json
2026-03-04 16:27:49 | INFO | src.tmc_shapley_islands | Saved intermediate ranking trace to outputs/tmc_shapley_sweep_all_traits/shards/shard_017/wing/tmp/tmc_intermediate_rankings_target_3.csv
2026-03-04 16:27:49 | INFO | src.tmc_shapley_islands | Saved add-curve to outputs/tmc_shapley_sweep_all_traits/shards/shard_017/wing/tmp/add_curve_target_3.csv
2026-03-04 16:27:49 | INFO | src.tmc_shapley_islands | Saved remove-curve to outputs/tmc_shapley_sweep_all_traits/shards/shard_017/wing/tmp/remove_curve_target_3.csv
2026-03-04 16:27:50 | INFO | src.tmc_shapley_islands | Saved bar plot to outputs/tmc_shapley_sweep_all_traits/shards/shard_017/wing/tmp/shapley_bar_target_3.png
2026-03-04 16:27:50 | INFO | src.tmc_shapley_islands | Saved add-curve plot to outputs/tmc_shapley_sweep_all_traits/shards/shard_017/wing/tmp/add_curve_target_3.png
2026-03-04 16:27:51 | INFO | src.tmc_shapley_islands | Saved remove-curve plot to outputs/tmc_shapley_sweep_all_traits/shards/shard_017/wing/tmp/remove_curve_target_3.png
2026-03-04 16:27:51 | INFO | __main__ | Shard 17/30 trait=wing progress 16/75 | target=3 n_cal_samples=80 perm=10 repeat=5
2026-03-04 16:27:51 | INFO | src.tmc_shapley_islands | [Shapley] Target island: 3 (Selvær), source islands: 15
2026-03-04 16:27:51 | INFO | src.tmc_shapley_islands | Data: source=5442 (across 15 islands), cal=80, test=41
2026-03-04 16:27:51 | INFO | src.tmc_shapley_islands | SNP selection: using fixed precomputed subset (n=20000)
2026-03-04 16:27:51 | INFO | src.tmc_shapley_islands | Island counts (capped to None in training):
  Nesøy: n=118
  Myken: n=92
  Træna: n=286
  Gjerøy: n=553
  Hestmannøy: n=1055
  Indre Kvarøy: n=349
  Onøy og Lurøy: n=256
  Lovund: n=151
  Sleneset: n=160
  Aldra: n=173
  Southern 1: n=581
  Southern 2: n=397
  Southern 3: n=583
  Southern 4: n=486
  Southern 5: n=202
2026-03-04 16:27:51 | INFO | src.tmc_shapley_islands | Running TMC-Shapley with 10 permutations (utility on cal set)...
2026-03-04 16:27:51 | INFO | src.tmc_shapley_islands | Computing V_full over all 15 source islands...
2026-03-04 16:27:54 | INFO | src.tmc_shapley_islands | V_full = 0.3654
2026-03-04 16:28:22 | INFO | src.tmc_shapley_islands | TMC progress: 2/10 permutations done, cache hit rate: 6.5%, n_evals: 29
2026-03-04 16:28:52 | INFO | src.tmc_shapley_islands | TMC progress: 4/10 permutations done, cache hit rate: 6.6%, n_evals: 57
2026-03-04 16:29:22 | INFO | src.tmc_shapley_islands | TMC progress: 6/10 permutations done, cache hit rate: 8.8%, n_evals: 83
2026-03-04 16:29:56 | INFO | src.tmc_shapley_islands | TMC progress: 8/10 permutations done, cache hit rate: 8.3%, n_evals: 111
2026-03-04 16:30:25 | INFO | src.tmc_shapley_islands | TMC progress: 10/10 permutations done, cache hit rate: 9.3%, n_evals: 137
2026-03-04 16:30:26 | INFO | src.tmc_shapley_islands | TMC complete: 10 permutations, 0 truncated, 137 utility evals, cache hit rate: 9.3%
2026-03-04 16:30:26 | INFO | src.tmc_shapley_islands | Shapley values (phi, computed on cal set):
2026-03-04 16:30:26 | INFO | src.tmc_shapley_islands |   Nesøy: phi=0.018168, phi/n=0.00015397
2026-03-04 16:30:26 | INFO | src.tmc_shapley_islands |   Myken: phi=0.045889, phi/n=0.00049879
2026-03-04 16:30:26 | INFO | src.tmc_shapley_islands |   Træna: phi=0.165411, phi/n=0.00057836
2026-03-04 16:30:26 | INFO | src.tmc_shapley_islands |   Gjerøy: phi=-0.028143, phi/n=-0.00005089
2026-03-04 16:30:26 | INFO | src.tmc_shapley_islands |   Hestmannøy: phi=-0.102250, phi/n=-0.00009692
2026-03-04 16:30:26 | INFO | src.tmc_shapley_islands |   Indre Kvarøy: phi=0.021608, phi/n=0.00006191
2026-03-04 16:30:26 | INFO | src.tmc_shapley_islands |   Onøy og Lurøy: phi=0.065288, phi/n=0.00025503
2026-03-04 16:30:26 | INFO | src.tmc_shapley_islands |   Lovund: phi=0.070231, phi/n=0.00046510
2026-03-04 16:30:26 | INFO | src.tmc_shapley_islands |   Sleneset: phi=0.042802, phi/n=0.00026751
2026-03-04 16:30:26 | INFO | src.tmc_shapley_islands |   Aldra: phi=-0.017217, phi/n=-0.00009952
2026-03-04 16:30:26 | INFO | src.tmc_shapley_islands |   Southern 1: phi=0.081861, phi/n=0.00014090
2026-03-04 16:30:26 | INFO | src.tmc_shapley_islands |   Southern 2: phi=0.047517, phi/n=0.00011969
2026-03-04 16:30:26 | INFO | src.tmc_shapley_islands |   Southern 3: phi=-0.015642, phi/n=-0.00002683
2026-03-04 16:30:26 | INFO | src.tmc_shapley_islands |   Southern 4: phi=-0.001360, phi/n=-0.00000280
2026-03-04 16:30:26 | INFO | src.tmc_shapley_islands |   Southern 5: phi=-0.028723, phi/n=-0.00014219
2026-03-04 16:30:26 | INFO | src.tmc_shapley_islands | Curve retraining early stopping: enabled=True, patience=20
2026-03-04 16:30:26 | INFO | src.tmc_shapley_islands | Computing add-islands curve (evaluated on test set)...
2026-03-04 16:30:26 | INFO | src.tmc_shapley_islands | Add-curve (mean): 1 islands, n=286 -> corr=0.1105
2026-03-04 16:30:26 | INFO | src.tmc_shapley_islands | Add-curve (mean): 2 islands, n=378 -> corr=0.1391
2026-03-04 16:30:26 | INFO | src.tmc_shapley_islands | Add-curve (mean): 3 islands, n=529 -> corr=0.1804
2026-03-04 16:30:26 | INFO | src.tmc_shapley_islands | Add-curve (mean): 4 islands, n=689 -> corr=0.2086
2026-03-04 16:30:27 | INFO | src.tmc_shapley_islands | Add-curve (mean): 5 islands, n=945 -> corr=0.0990
2026-03-04 16:30:27 | INFO | src.tmc_shapley_islands | Add-curve (mean): 6 islands, n=1063 -> corr=0.0626
2026-03-04 16:30:28 | INFO | src.tmc_shapley_islands | Add-curve (mean): 7 islands, n=1644 -> corr=0.0828
2026-03-04 16:30:29 | INFO | src.tmc_shapley_islands | Add-curve (mean): 8 islands, n=2041 -> corr=0.0318
2026-03-04 16:30:30 | INFO | src.tmc_shapley_islands | Add-curve (mean): 9 islands, n=2390 -> corr=0.0226
2026-03-04 16:30:31 | INFO | src.tmc_shapley_islands | Add-curve (mean): 10 islands, n=2876 -> corr=0.0412
2026-03-04 16:30:32 | INFO | src.tmc_shapley_islands | Add-curve (mean): 11 islands, n=3459 -> corr=0.0300
2026-03-04 16:30:33 | INFO | src.tmc_shapley_islands | Add-curve (mean): 12 islands, n=4012 -> corr=0.0701
2026-03-04 16:30:36 | INFO | src.tmc_shapley_islands | Add-curve (mean): 13 islands, n=5067 -> corr=0.1262
2026-03-04 16:30:38 | INFO | src.tmc_shapley_islands | Add-curve (mean): 14 islands, n=5240 -> corr=0.1354
2026-03-04 16:30:41 | INFO | src.tmc_shapley_islands | Add-curve (mean): 15 islands, n=5442 -> corr=0.1215
2026-03-04 16:30:50 | INFO | src.tmc_shapley_islands | Random individual add-curve (seed=0) complete
2026-03-04 16:31:00 | INFO | src.tmc_shapley_islands | Random individual add-curve (seed=1) complete
2026-03-04 16:31:10 | INFO | src.tmc_shapley_islands | Random individual add-curve (seed=2) complete
2026-03-04 16:31:19 | INFO | src.tmc_shapley_islands | Random individual add-curve (seed=3) complete
2026-03-04 16:31:29 | INFO | src.tmc_shapley_islands | Random individual add-curve (seed=4) complete
2026-03-04 16:31:29 | INFO | src.tmc_shapley_islands | Building mirrored remove-islands curve from add-islands curve...
2026-03-04 16:31:29 | INFO | src.tmc_shapley_islands | Saved Shapley values to outputs/tmc_shapley_sweep_all_traits/shards/shard_017/wing/tmp/shapley_island_values_target_3.csv
2026-03-04 16:31:29 | INFO | src.tmc_shapley_islands | Saved summary to outputs/tmc_shapley_sweep_all_traits/shards/shard_017/wing/tmp/tmc_summary_target_3.json
2026-03-04 16:31:29 | INFO | src.tmc_shapley_islands | Saved intermediate ranking trace to outputs/tmc_shapley_sweep_all_traits/shards/shard_017/wing/tmp/tmc_intermediate_rankings_target_3.csv
2026-03-04 16:31:29 | INFO | src.tmc_shapley_islands | Saved add-curve to outputs/tmc_shapley_sweep_all_traits/shards/shard_017/wing/tmp/add_curve_target_3.csv
2026-03-04 16:31:29 | INFO | src.tmc_shapley_islands | Saved remove-curve to outputs/tmc_shapley_sweep_all_traits/shards/shard_017/wing/tmp/remove_curve_target_3.csv
2026-03-04 16:31:30 | INFO | src.tmc_shapley_islands | Saved bar plot to outputs/tmc_shapley_sweep_all_traits/shards/shard_017/wing/tmp/shapley_bar_target_3.png
2026-03-04 16:31:30 | INFO | src.tmc_shapley_islands | Saved add-curve plot to outputs/tmc_shapley_sweep_all_traits/shards/shard_017/wing/tmp/add_curve_target_3.png
2026-03-04 16:31:31 | INFO | src.tmc_shapley_islands | Saved remove-curve plot to outputs/tmc_shapley_sweep_all_traits/shards/shard_017/wing/tmp/remove_curve_target_3.png
2026-03-04 16:31:31 | INFO | __main__ | Shard 17/30 trait=wing progress 17/75 | target=3 n_cal_samples=80 perm=20 repeat=5
2026-03-04 16:31:31 | INFO | src.tmc_shapley_islands | [Shapley] Target island: 3 (Selvær), source islands: 15
2026-03-04 16:31:31 | INFO | src.tmc_shapley_islands | Data: source=5442 (across 15 islands), cal=80, test=41
2026-03-04 16:31:31 | INFO | src.tmc_shapley_islands | SNP selection: using fixed precomputed subset (n=20000)
2026-03-04 16:31:31 | INFO | src.tmc_shapley_islands | Island counts (capped to None in training):
  Nesøy: n=118
  Myken: n=92
  Træna: n=286
  Gjerøy: n=553
  Hestmannøy: n=1055
  Indre Kvarøy: n=349
  Onøy og Lurøy: n=256
  Lovund: n=151
  Sleneset: n=160
  Aldra: n=173
  Southern 1: n=581
  Southern 2: n=397
  Southern 3: n=583
  Southern 4: n=486
  Southern 5: n=202
2026-03-04 16:31:31 | INFO | src.tmc_shapley_islands | Loaded 137 cached utilities from outputs/tmc_shapley_sweep_all_traits/cache/wing/utility_cache_target_3_seed_1306118301.json
2026-03-04 16:31:31 | INFO | src.tmc_shapley_islands | Running TMC-Shapley with 20 permutations (utility on cal set)...
2026-03-04 16:31:31 | INFO | src.tmc_shapley_islands | Computing V_full over all 15 source islands...
2026-03-04 16:31:31 | INFO | src.tmc_shapley_islands | V_full = 0.3654
2026-03-04 16:31:31 | INFO | src.tmc_shapley_islands | TMC head-start: loaded 10 completed permutations from state outputs/tmc_shapley_sweep_all_traits/cache/wing/tmc_perm_state_target_3_seed_1306118301.json
2026-03-04 16:32:07 | INFO | src.tmc_shapley_islands | TMC progress: 12/20 permutations done, cache hit rate: 12.9%, n_evals: 27
2026-03-04 16:33:02 | INFO | src.tmc_shapley_islands | TMC progress: 16/20 permutations done, cache hit rate: 16.5%, n_evals: 76
2026-03-04 16:33:48 | INFO | src.tmc_shapley_islands | TMC progress: 20/20 permutations done, cache hit rate: 17.2%, n_evals: 125
2026-03-04 16:33:48 | INFO | src.tmc_shapley_islands | TMC complete: 20 permutations, 0 truncated, 125 utility evals, cache hit rate: 17.2%
2026-03-04 16:33:48 | INFO | src.tmc_shapley_islands | Shapley values (phi, computed on cal set):
2026-03-04 16:33:48 | INFO | src.tmc_shapley_islands |   Nesøy: phi=0.025405, phi/n=0.00021530
2026-03-04 16:33:48 | INFO | src.tmc_shapley_islands |   Myken: phi=0.037289, phi/n=0.00040531
2026-03-04 16:33:48 | INFO | src.tmc_shapley_islands |   Træna: phi=0.183613, phi/n=0.00064200
2026-03-04 16:33:48 | INFO | src.tmc_shapley_islands |   Gjerøy: phi=-0.031338, phi/n=-0.00005667
2026-03-04 16:33:48 | INFO | src.tmc_shapley_islands |   Hestmannøy: phi=-0.093824, phi/n=-0.00008893
2026-03-04 16:33:48 | INFO | src.tmc_shapley_islands |   Indre Kvarøy: phi=0.027139, phi/n=0.00007776
2026-03-04 16:33:48 | INFO | src.tmc_shapley_islands |   Onøy og Lurøy: phi=0.051473, phi/n=0.00020107
2026-03-04 16:33:48 | INFO | src.tmc_shapley_islands |   Lovund: phi=0.079459, phi/n=0.00052622
2026-03-04 16:33:48 | INFO | src.tmc_shapley_islands |   Sleneset: phi=0.051950, phi/n=0.00032469
2026-03-04 16:33:48 | INFO | src.tmc_shapley_islands |   Aldra: phi=-0.014865, phi/n=-0.00008592
2026-03-04 16:33:48 | INFO | src.tmc_shapley_islands |   Southern 1: phi=0.061376, phi/n=0.00010564
2026-03-04 16:33:48 | INFO | src.tmc_shapley_islands |   Southern 2: phi=0.034649, phi/n=0.00008728
2026-03-04 16:33:48 | INFO | src.tmc_shapley_islands |   Southern 3: phi=-0.011905, phi/n=-0.00002042
2026-03-04 16:33:48 | INFO | src.tmc_shapley_islands |   Southern 4: phi=-0.000334, phi/n=-0.00000069
2026-03-04 16:33:48 | INFO | src.tmc_shapley_islands |   Southern 5: phi=-0.034650, phi/n=-0.00017153
2026-03-04 16:33:48 | INFO | src.tmc_shapley_islands | Curve retraining early stopping: enabled=True, patience=20
2026-03-04 16:33:48 | INFO | src.tmc_shapley_islands | Computing add-islands curve (evaluated on test set)...
2026-03-04 16:33:48 | INFO | src.tmc_shapley_islands | Add-curve (mean): 1 islands, n=286 -> corr=0.1105
2026-03-04 16:33:48 | INFO | src.tmc_shapley_islands | Add-curve (mean): 2 islands, n=437 -> corr=0.1579
2026-03-04 16:33:48 | INFO | src.tmc_shapley_islands | Add-curve (mean): 3 islands, n=529 -> corr=0.1804
2026-03-04 16:33:49 | INFO | src.tmc_shapley_islands | Add-curve (mean): 4 islands, n=689 -> corr=0.2086
2026-03-04 16:33:49 | INFO | src.tmc_shapley_islands | Add-curve (mean): 5 islands, n=807 -> corr=0.1638
2026-03-04 16:33:49 | INFO | src.tmc_shapley_islands | Add-curve (mean): 6 islands, n=1063 -> corr=0.0626
2026-03-04 16:33:50 | INFO | src.tmc_shapley_islands | Add-curve (mean): 7 islands, n=1644 -> corr=0.0828
2026-03-04 16:33:51 | INFO | src.tmc_shapley_islands | Add-curve (mean): 8 islands, n=2041 -> corr=0.0318
2026-03-04 16:33:52 | INFO | src.tmc_shapley_islands | Add-curve (mean): 9 islands, n=2390 -> corr=0.0226
2026-03-04 16:33:53 | INFO | src.tmc_shapley_islands | Add-curve (mean): 10 islands, n=2876 -> corr=0.0412
2026-03-04 16:33:54 | INFO | src.tmc_shapley_islands | Add-curve (mean): 11 islands, n=3459 -> corr=0.0300
2026-03-04 16:33:56 | INFO | src.tmc_shapley_islands | Add-curve (mean): 12 islands, n=4012 -> corr=0.0701
2026-03-04 16:33:58 | INFO | src.tmc_shapley_islands | Add-curve (mean): 13 islands, n=4185 -> corr=0.0811
2026-03-04 16:34:00 | INFO | src.tmc_shapley_islands | Add-curve (mean): 14 islands, n=5240 -> corr=0.1354
2026-03-04 16:34:02 | INFO | src.tmc_shapley_islands | Add-curve (mean): 15 islands, n=5442 -> corr=0.1215
2026-03-04 16:34:12 | INFO | src.tmc_shapley_islands | Random individual add-curve (seed=0) complete
2026-03-04 16:34:21 | INFO | src.tmc_shapley_islands | Random individual add-curve (seed=1) complete
2026-03-04 16:34:30 | INFO | src.tmc_shapley_islands | Random individual add-curve (seed=2) complete
2026-03-04 16:34:40 | INFO | src.tmc_shapley_islands | Random individual add-curve (seed=3) complete
2026-03-04 16:34:49 | INFO | src.tmc_shapley_islands | Random individual add-curve (seed=4) complete
2026-03-04 16:34:49 | INFO | src.tmc_shapley_islands | Building mirrored remove-islands curve from add-islands curve...
2026-03-04 16:34:49 | INFO | src.tmc_shapley_islands | Saved Shapley values to outputs/tmc_shapley_sweep_all_traits/shards/shard_017/wing/tmp/shapley_island_values_target_3.csv
2026-03-04 16:34:49 | INFO | src.tmc_shapley_islands | Saved summary to outputs/tmc_shapley_sweep_all_traits/shards/shard_017/wing/tmp/tmc_summary_target_3.json
2026-03-04 16:34:49 | INFO | src.tmc_shapley_islands | Saved intermediate ranking trace to outputs/tmc_shapley_sweep_all_traits/shards/shard_017/wing/tmp/tmc_intermediate_rankings_target_3.csv
2026-03-04 16:34:49 | INFO | src.tmc_shapley_islands | Saved add-curve to outputs/tmc_shapley_sweep_all_traits/shards/shard_017/wing/tmp/add_curve_target_3.csv
2026-03-04 16:34:49 | INFO | src.tmc_shapley_islands | Saved remove-curve to outputs/tmc_shapley_sweep_all_traits/shards/shard_017/wing/tmp/remove_curve_target_3.csv
2026-03-04 16:34:50 | INFO | src.tmc_shapley_islands | Saved bar plot to outputs/tmc_shapley_sweep_all_traits/shards/shard_017/wing/tmp/shapley_bar_target_3.png
2026-03-04 16:34:50 | INFO | src.tmc_shapley_islands | Saved add-curve plot to outputs/tmc_shapley_sweep_all_traits/shards/shard_017/wing/tmp/add_curve_target_3.png
2026-03-04 16:34:51 | INFO | src.tmc_shapley_islands | Saved remove-curve plot to outputs/tmc_shapley_sweep_all_traits/shards/shard_017/wing/tmp/remove_curve_target_3.png
2026-03-04 16:34:51 | INFO | __main__ | Shard 17/30 trait=wing progress 18/75 | target=3 n_cal_samples=80 perm=40 repeat=5
2026-03-04 16:34:51 | INFO | src.tmc_shapley_islands | [Shapley] Target island: 3 (Selvær), source islands: 15
2026-03-04 16:34:51 | INFO | src.tmc_shapley_islands | Data: source=5442 (across 15 islands), cal=80, test=41
2026-03-04 16:34:51 | INFO | src.tmc_shapley_islands | SNP selection: using fixed precomputed subset (n=20000)
2026-03-04 16:34:51 | INFO | src.tmc_shapley_islands | Island counts (capped to None in training):
  Nesøy: n=118
  Myken: n=92
  Træna: n=286
  Gjerøy: n=553
  Hestmannøy: n=1055
  Indre Kvarøy: n=349
  Onøy og Lurøy: n=256
  Lovund: n=151
  Sleneset: n=160
  Aldra: n=173
  Southern 1: n=581
  Southern 2: n=397
  Southern 3: n=583
  Southern 4: n=486
  Southern 5: n=202
2026-03-04 16:34:51 | INFO | src.tmc_shapley_islands | Loaded 262 cached utilities from outputs/tmc_shapley_sweep_all_traits/cache/wing/utility_cache_target_3_seed_1306118301.json
2026-03-04 16:34:51 | INFO | src.tmc_shapley_islands | Running TMC-Shapley with 40 permutations (utility on cal set)...
2026-03-04 16:34:51 | INFO | src.tmc_shapley_islands | Computing V_full over all 15 source islands...
2026-03-04 16:34:51 | INFO | src.tmc_shapley_islands | V_full = 0.3654
2026-03-04 16:34:51 | INFO | src.tmc_shapley_islands | TMC head-start: loaded 20 completed permutations from state outputs/tmc_shapley_sweep_all_traits/cache/wing/tmc_perm_state_target_3_seed_1306118301.json
2026-03-04 16:35:40 | INFO | src.tmc_shapley_islands | TMC progress: 24/40 permutations done, cache hit rate: 21.3%, n_evals: 48
2026-03-04 16:37:13 | INFO | src.tmc_shapley_islands | TMC progress: 32/40 permutations done, cache hit rate: 23.2%, n_evals: 139
2026-03-04 16:38:53 | INFO | src.tmc_shapley_islands | TMC progress: 40/40 permutations done, cache hit rate: 23.6%, n_evals: 230
2026-03-04 16:38:53 | INFO | src.tmc_shapley_islands | TMC complete: 40 permutations, 0 truncated, 230 utility evals, cache hit rate: 23.6%
2026-03-04 16:38:53 | INFO | src.tmc_shapley_islands | Shapley values (phi, computed on cal set):
2026-03-04 16:38:53 | INFO | src.tmc_shapley_islands |   Nesøy: phi=0.027272, phi/n=0.00023112
2026-03-04 16:38:53 | INFO | src.tmc_shapley_islands |   Myken: phi=0.030880, phi/n=0.00033565
2026-03-04 16:38:53 | INFO | src.tmc_shapley_islands |   Træna: phi=0.198845, phi/n=0.00069526
2026-03-04 16:38:53 | INFO | src.tmc_shapley_islands |   Gjerøy: phi=-0.030306, phi/n=-0.00005480
2026-03-04 16:38:53 | INFO | src.tmc_shapley_islands |   Hestmannøy: phi=-0.086496, phi/n=-0.00008199
2026-03-04 16:38:53 | INFO | src.tmc_shapley_islands |   Indre Kvarøy: phi=0.022024, phi/n=0.00006311
2026-03-04 16:38:53 | INFO | src.tmc_shapley_islands |   Onøy og Lurøy: phi=0.064213, phi/n=0.00025083
2026-03-04 16:38:53 | INFO | src.tmc_shapley_islands |   Lovund: phi=0.070224, phi/n=0.00046506
2026-03-04 16:38:53 | INFO | src.tmc_shapley_islands |   Sleneset: phi=0.044297, phi/n=0.00027686
2026-03-04 16:38:53 | INFO | src.tmc_shapley_islands |   Aldra: phi=-0.013620, phi/n=-0.00007873
2026-03-04 16:38:53 | INFO | src.tmc_shapley_islands |   Southern 1: phi=0.055577, phi/n=0.00009566
2026-03-04 16:38:53 | INFO | src.tmc_shapley_islands |   Southern 2: phi=0.025327, phi/n=0.00006380
2026-03-04 16:38:53 | INFO | src.tmc_shapley_islands |   Southern 3: phi=-0.010364, phi/n=-0.00001778
2026-03-04 16:38:53 | INFO | src.tmc_shapley_islands |   Southern 4: phi=0.000610, phi/n=0.00000126
2026-03-04 16:38:53 | INFO | src.tmc_shapley_islands |   Southern 5: phi=-0.033045, phi/n=-0.00016359
2026-03-04 16:38:53 | INFO | src.tmc_shapley_islands | Curve retraining early stopping: enabled=True, patience=20
2026-03-04 16:38:53 | INFO | src.tmc_shapley_islands | Computing add-islands curve (evaluated on test set)...
2026-03-04 16:38:54 | INFO | src.tmc_shapley_islands | Add-curve (mean): 1 islands, n=286 -> corr=0.1105
2026-03-04 16:38:54 | INFO | src.tmc_shapley_islands | Add-curve (mean): 2 islands, n=437 -> corr=0.1579
2026-03-04 16:38:54 | INFO | src.tmc_shapley_islands | Add-curve (mean): 3 islands, n=529 -> corr=0.1804
2026-03-04 16:38:54 | INFO | src.tmc_shapley_islands | Add-curve (mean): 4 islands, n=689 -> corr=0.2086
2026-03-04 16:38:54 | INFO | src.tmc_shapley_islands | Add-curve (mean): 5 islands, n=945 -> corr=0.0990
2026-03-04 16:38:55 | INFO | src.tmc_shapley_islands | Add-curve (mean): 6 islands, n=1063 -> corr=0.0626
2026-03-04 16:38:55 | INFO | src.tmc_shapley_islands | Add-curve (mean): 7 islands, n=1644 -> corr=0.0828
2026-03-04 16:38:56 | INFO | src.tmc_shapley_islands | Add-curve (mean): 8 islands, n=2041 -> corr=0.0318
2026-03-04 16:38:57 | INFO | src.tmc_shapley_islands | Add-curve (mean): 9 islands, n=2390 -> corr=0.0226
2026-03-04 16:38:58 | INFO | src.tmc_shapley_islands | Add-curve (mean): 10 islands, n=2876 -> corr=0.0412
2026-03-04 16:38:59 | INFO | src.tmc_shapley_islands | Add-curve (mean): 11 islands, n=3459 -> corr=0.0300
2026-03-04 16:39:01 | INFO | src.tmc_shapley_islands | Add-curve (mean): 12 islands, n=4012 -> corr=0.0701
2026-03-04 16:39:03 | INFO | src.tmc_shapley_islands | Add-curve (mean): 13 islands, n=4185 -> corr=0.0811
2026-03-04 16:39:05 | INFO | src.tmc_shapley_islands | Add-curve (mean): 14 islands, n=5240 -> corr=0.1354
2026-03-04 16:39:08 | INFO | src.tmc_shapley_islands | Add-curve (mean): 15 islands, n=5442 -> corr=0.1215
2026-03-04 16:39:17 | INFO | src.tmc_shapley_islands | Random individual add-curve (seed=0) complete
2026-03-04 16:39:26 | INFO | src.tmc_shapley_islands | Random individual add-curve (seed=1) complete
2026-03-04 16:39:36 | INFO | src.tmc_shapley_islands | Random individual add-curve (seed=2) complete
2026-03-04 16:39:45 | INFO | src.tmc_shapley_islands | Random individual add-curve (seed=3) complete
2026-03-04 16:39:55 | INFO | src.tmc_shapley_islands | Random individual add-curve (seed=4) complete
2026-03-04 16:39:55 | INFO | src.tmc_shapley_islands | Building mirrored remove-islands curve from add-islands curve...
2026-03-04 16:39:55 | INFO | src.tmc_shapley_islands | Saved Shapley values to outputs/tmc_shapley_sweep_all_traits/shards/shard_017/wing/tmp/shapley_island_values_target_3.csv
2026-03-04 16:39:55 | INFO | src.tmc_shapley_islands | Saved summary to outputs/tmc_shapley_sweep_all_traits/shards/shard_017/wing/tmp/tmc_summary_target_3.json
2026-03-04 16:39:55 | INFO | src.tmc_shapley_islands | Saved intermediate ranking trace to outputs/tmc_shapley_sweep_all_traits/shards/shard_017/wing/tmp/tmc_intermediate_rankings_target_3.csv
2026-03-04 16:39:55 | INFO | src.tmc_shapley_islands | Saved add-curve to outputs/tmc_shapley_sweep_all_traits/shards/shard_017/wing/tmp/add_curve_target_3.csv
2026-03-04 16:39:55 | INFO | src.tmc_shapley_islands | Saved remove-curve to outputs/tmc_shapley_sweep_all_traits/shards/shard_017/wing/tmp/remove_curve_target_3.csv
2026-03-04 16:39:56 | INFO | src.tmc_shapley_islands | Saved bar plot to outputs/tmc_shapley_sweep_all_traits/shards/shard_017/wing/tmp/shapley_bar_target_3.png
2026-03-04 16:39:56 | INFO | src.tmc_shapley_islands | Saved add-curve plot to outputs/tmc_shapley_sweep_all_traits/shards/shard_017/wing/tmp/add_curve_target_3.png
2026-03-04 16:39:57 | INFO | src.tmc_shapley_islands | Saved remove-curve plot to outputs/tmc_shapley_sweep_all_traits/shards/shard_017/wing/tmp/remove_curve_target_3.png
2026-03-04 16:39:57 | INFO | __main__ | Shard 17/30 trait=wing progress 19/75 | target=3 n_cal_samples=80 perm=80 repeat=5
2026-03-04 16:39:57 | INFO | src.tmc_shapley_islands | [Shapley] Target island: 3 (Selvær), source islands: 15
2026-03-04 16:39:58 | INFO | src.tmc_shapley_islands | Data: source=5442 (across 15 islands), cal=80, test=41
2026-03-04 16:39:58 | INFO | src.tmc_shapley_islands | SNP selection: using fixed precomputed subset (n=20000)
2026-03-04 16:39:58 | INFO | src.tmc_shapley_islands | Island counts (capped to None in training):
  Nesøy: n=118
  Myken: n=92
  Træna: n=286
  Gjerøy: n=553
  Hestmannøy: n=1055
  Indre Kvarøy: n=349
  Onøy og Lurøy: n=256
  Lovund: n=151
  Sleneset: n=160
  Aldra: n=173
  Southern 1: n=581
  Southern 2: n=397
  Southern 3: n=583
  Southern 4: n=486
  Southern 5: n=202
2026-03-04 16:39:58 | INFO | src.tmc_shapley_islands | Loaded 492 cached utilities from outputs/tmc_shapley_sweep_all_traits/cache/wing/utility_cache_target_3_seed_1306118301.json
2026-03-04 16:39:58 | INFO | src.tmc_shapley_islands | Running TMC-Shapley with 80 permutations (utility on cal set)...
2026-03-04 16:39:58 | INFO | src.tmc_shapley_islands | Computing V_full over all 15 source islands...
2026-03-04 16:39:58 | INFO | src.tmc_shapley_islands | V_full = 0.3654
2026-03-04 16:39:58 | INFO | src.tmc_shapley_islands | TMC head-start: loaded 40 completed permutations from state outputs/tmc_shapley_sweep_all_traits/cache/wing/tmc_perm_state_target_3_seed_1306118301.json
2026-03-04 16:41:33 | INFO | src.tmc_shapley_islands | TMC progress: 48/80 permutations done, cache hit rate: 24.0%, n_evals: 92
2026-03-04 16:44:52 | INFO | src.tmc_shapley_islands | TMC progress: 64/80 permutations done, cache hit rate: 25.8%, n_evals: 268
2026-03-04 16:47:36 | INFO | src.tmc_shapley_islands | TMC progress: 80/80 permutations done, cache hit rate: 28.8%, n_evals: 428
2026-03-04 16:47:36 | INFO | src.tmc_shapley_islands | TMC complete: 80 permutations, 0 truncated, 428 utility evals, cache hit rate: 28.8%
2026-03-04 16:47:36 | INFO | src.tmc_shapley_islands | Shapley values (phi, computed on cal set):
2026-03-04 16:47:36 | INFO | src.tmc_shapley_islands |   Nesøy: phi=0.033455, phi/n=0.00028351
2026-03-04 16:47:36 | INFO | src.tmc_shapley_islands |   Myken: phi=0.023430, phi/n=0.00025467
2026-03-04 16:47:36 | INFO | src.tmc_shapley_islands |   Træna: phi=0.198721, phi/n=0.00069483
2026-03-04 16:47:36 | INFO | src.tmc_shapley_islands |   Gjerøy: phi=-0.029408, phi/n=-0.00005318
2026-03-04 16:47:36 | INFO | src.tmc_shapley_islands |   Hestmannøy: phi=-0.093222, phi/n=-0.00008836
2026-03-04 16:47:36 | INFO | src.tmc_shapley_islands |   Indre Kvarøy: phi=0.020626, phi/n=0.00005910
2026-03-04 16:47:36 | INFO | src.tmc_shapley_islands |   Onøy og Lurøy: phi=0.068712, phi/n=0.00026841
2026-03-04 16:47:36 | INFO | src.tmc_shapley_islands |   Lovund: phi=0.074026, phi/n=0.00049024
2026-03-04 16:47:36 | INFO | src.tmc_shapley_islands |   Sleneset: phi=0.049038, phi/n=0.00030649
2026-03-04 16:47:36 | INFO | src.tmc_shapley_islands |   Aldra: phi=-0.015161, phi/n=-0.00008763
2026-03-04 16:47:36 | INFO | src.tmc_shapley_islands |   Southern 1: phi=0.056927, phi/n=0.00009798
2026-03-04 16:47:36 | INFO | src.tmc_shapley_islands |   Southern 2: phi=0.022590, phi/n=0.00005690
2026-03-04 16:47:36 | INFO | src.tmc_shapley_islands |   Southern 3: phi=-0.009538, phi/n=-0.00001636
2026-03-04 16:47:36 | INFO | src.tmc_shapley_islands |   Southern 4: phi=0.002097, phi/n=0.00000432
2026-03-04 16:47:36 | INFO | src.tmc_shapley_islands |   Southern 5: phi=-0.036856, phi/n=-0.00018246
2026-03-04 16:47:36 | INFO | src.tmc_shapley_islands | Curve retraining early stopping: enabled=True, patience=20
2026-03-04 16:47:36 | INFO | src.tmc_shapley_islands | Computing add-islands curve (evaluated on test set)...
2026-03-04 16:47:36 | INFO | src.tmc_shapley_islands | Add-curve (mean): 1 islands, n=286 -> corr=0.1105
2026-03-04 16:47:36 | INFO | src.tmc_shapley_islands | Add-curve (mean): 2 islands, n=437 -> corr=0.1579
2026-03-04 16:47:36 | INFO | src.tmc_shapley_islands | Add-curve (mean): 3 islands, n=597 -> corr=0.1989
2026-03-04 16:47:37 | INFO | src.tmc_shapley_islands | Add-curve (mean): 4 islands, n=715 -> corr=0.1561
2026-03-04 16:47:37 | INFO | src.tmc_shapley_islands | Add-curve (mean): 5 islands, n=971 -> corr=0.0501
2026-03-04 16:47:38 | INFO | src.tmc_shapley_islands | Add-curve (mean): 6 islands, n=1063 -> corr=0.0626
2026-03-04 16:47:38 | INFO | src.tmc_shapley_islands | Add-curve (mean): 7 islands, n=1644 -> corr=0.0828
2026-03-04 16:47:39 | INFO | src.tmc_shapley_islands | Add-curve (mean): 8 islands, n=1993 -> corr=0.0711
2026-03-04 16:47:40 | INFO | src.tmc_shapley_islands | Add-curve (mean): 9 islands, n=2390 -> corr=0.0226
2026-03-04 16:47:41 | INFO | src.tmc_shapley_islands | Add-curve (mean): 10 islands, n=2876 -> corr=0.0412
2026-03-04 16:47:42 | INFO | src.tmc_shapley_islands | Add-curve (mean): 11 islands, n=3459 -> corr=0.0300
2026-03-04 16:47:44 | INFO | src.tmc_shapley_islands | Add-curve (mean): 12 islands, n=4012 -> corr=0.0701
2026-03-04 16:47:46 | INFO | src.tmc_shapley_islands | Add-curve (mean): 13 islands, n=4185 -> corr=0.0811
2026-03-04 16:47:48 | INFO | src.tmc_shapley_islands | Add-curve (mean): 14 islands, n=5240 -> corr=0.1354
2026-03-04 16:47:51 | INFO | src.tmc_shapley_islands | Add-curve (mean): 15 islands, n=5442 -> corr=0.1215
2026-03-04 16:48:00 | INFO | src.tmc_shapley_islands | Random individual add-curve (seed=0) complete
2026-03-04 16:48:09 | INFO | src.tmc_shapley_islands | Random individual add-curve (seed=1) complete
2026-03-04 16:48:19 | INFO | src.tmc_shapley_islands | Random individual add-curve (seed=2) complete
2026-03-04 16:48:28 | INFO | src.tmc_shapley_islands | Random individual add-curve (seed=3) complete
2026-03-04 16:48:38 | INFO | src.tmc_shapley_islands | Random individual add-curve (seed=4) complete
2026-03-04 16:48:38 | INFO | src.tmc_shapley_islands | Building mirrored remove-islands curve from add-islands curve...
2026-03-04 16:48:38 | INFO | src.tmc_shapley_islands | Saved Shapley values to outputs/tmc_shapley_sweep_all_traits/shards/shard_017/wing/tmp/shapley_island_values_target_3.csv
2026-03-04 16:48:38 | INFO | src.tmc_shapley_islands | Saved summary to outputs/tmc_shapley_sweep_all_traits/shards/shard_017/wing/tmp/tmc_summary_target_3.json
2026-03-04 16:48:38 | INFO | src.tmc_shapley_islands | Saved intermediate ranking trace to outputs/tmc_shapley_sweep_all_traits/shards/shard_017/wing/tmp/tmc_intermediate_rankings_target_3.csv
2026-03-04 16:48:38 | INFO | src.tmc_shapley_islands | Saved add-curve to outputs/tmc_shapley_sweep_all_traits/shards/shard_017/wing/tmp/add_curve_target_3.csv
2026-03-04 16:48:38 | INFO | src.tmc_shapley_islands | Saved remove-curve to outputs/tmc_shapley_sweep_all_traits/shards/shard_017/wing/tmp/remove_curve_target_3.csv
2026-03-04 16:48:38 | INFO | src.tmc_shapley_islands | Saved bar plot to outputs/tmc_shapley_sweep_all_traits/shards/shard_017/wing/tmp/shapley_bar_target_3.png
2026-03-04 16:48:39 | INFO | src.tmc_shapley_islands | Saved add-curve plot to outputs/tmc_shapley_sweep_all_traits/shards/shard_017/wing/tmp/add_curve_target_3.png
2026-03-04 16:48:39 | INFO | src.tmc_shapley_islands | Saved remove-curve plot to outputs/tmc_shapley_sweep_all_traits/shards/shard_017/wing/tmp/remove_curve_target_3.png
2026-03-04 16:48:39 | INFO | __main__ | Shard 17/30 trait=wing progress 20/75 | target=3 n_cal_samples=80 perm=150 repeat=5
2026-03-04 16:48:39 | INFO | src.tmc_shapley_islands | [Shapley] Target island: 3 (Selvær), source islands: 15
2026-03-04 16:48:40 | INFO | src.tmc_shapley_islands | Data: source=5442 (across 15 islands), cal=80, test=41
2026-03-04 16:48:40 | INFO | src.tmc_shapley_islands | SNP selection: using fixed precomputed subset (n=20000)
2026-03-04 16:48:40 | INFO | src.tmc_shapley_islands | Island counts (capped to None in training):
  Nesøy: n=118
  Myken: n=92
  Træna: n=286
  Gjerøy: n=553
  Hestmannøy: n=1055
  Indre Kvarøy: n=349
  Onøy og Lurøy: n=256
  Lovund: n=151
  Sleneset: n=160
  Aldra: n=173
  Southern 1: n=581
  Southern 2: n=397
  Southern 3: n=583
  Southern 4: n=486
  Southern 5: n=202
2026-03-04 16:48:40 | INFO | src.tmc_shapley_islands | Loaded 920 cached utilities from outputs/tmc_shapley_sweep_all_traits/cache/wing/utility_cache_target_3_seed_1306118301.json
2026-03-04 16:48:40 | INFO | src.tmc_shapley_islands | Running TMC-Shapley with 150 permutations (utility on cal set)...
2026-03-04 16:48:40 | INFO | src.tmc_shapley_islands | Computing V_full over all 15 source islands...
2026-03-04 16:48:40 | INFO | src.tmc_shapley_islands | V_full = 0.3654
2026-03-04 16:48:40 | INFO | src.tmc_shapley_islands | TMC head-start: loaded 80 completed permutations from state outputs/tmc_shapley_sweep_all_traits/cache/wing/tmc_perm_state_target_3_seed_1306118301.json
2026-03-04 16:50:33 | INFO | src.tmc_shapley_islands | TMC progress: 90/150 permutations done, cache hit rate: 35.8%, n_evals: 97
2026-03-04 16:55:43 | INFO | src.tmc_shapley_islands | TMC progress: 120/150 permutations done, cache hit rate: 34.9%, n_evals: 391
2026-03-04 17:00:50 | INFO | src.tmc_shapley_islands | TMC progress: 150/150 permutations done, cache hit rate: 35.9%, n_evals: 674
2026-03-04 17:00:50 | INFO | src.tmc_shapley_islands | TMC complete: 150 permutations, 0 truncated, 674 utility evals, cache hit rate: 35.9%
2026-03-04 17:00:50 | INFO | src.tmc_shapley_islands | Shapley values (phi, computed on cal set):
2026-03-04 17:00:50 | INFO | src.tmc_shapley_islands |   Nesøy: phi=0.033861, phi/n=0.00028696
2026-03-04 17:00:50 | INFO | src.tmc_shapley_islands |   Myken: phi=0.022710, phi/n=0.00024685
2026-03-04 17:00:50 | INFO | src.tmc_shapley_islands |   Træna: phi=0.200796, phi/n=0.00070208
2026-03-04 17:00:50 | INFO | src.tmc_shapley_islands |   Gjerøy: phi=-0.027788, phi/n=-0.00005025
2026-03-04 17:00:50 | INFO | src.tmc_shapley_islands |   Hestmannøy: phi=-0.092605, phi/n=-0.00008778
2026-03-04 17:00:50 | INFO | src.tmc_shapley_islands |   Indre Kvarøy: phi=0.020471, phi/n=0.00005866
2026-03-04 17:00:50 | INFO | src.tmc_shapley_islands |   Onøy og Lurøy: phi=0.067639, phi/n=0.00026421
2026-03-04 17:00:50 | INFO | src.tmc_shapley_islands |   Lovund: phi=0.071416, phi/n=0.00047295
2026-03-04 17:00:50 | INFO | src.tmc_shapley_islands |   Sleneset: phi=0.049824, phi/n=0.00031140
2026-03-04 17:00:50 | INFO | src.tmc_shapley_islands |   Aldra: phi=-0.014968, phi/n=-0.00008652
2026-03-04 17:00:50 | INFO | src.tmc_shapley_islands |   Southern 1: phi=0.057604, phi/n=0.00009915
2026-03-04 17:00:50 | INFO | src.tmc_shapley_islands |   Southern 2: phi=0.024368, phi/n=0.00006138
2026-03-04 17:00:50 | INFO | src.tmc_shapley_islands |   Southern 3: phi=-0.009371, phi/n=-0.00001607
2026-03-04 17:00:50 | INFO | src.tmc_shapley_islands |   Southern 4: phi=0.000067, phi/n=0.00000014
2026-03-04 17:00:50 | INFO | src.tmc_shapley_islands |   Southern 5: phi=-0.038586, phi/n=-0.00019102
2026-03-04 17:00:50 | INFO | src.tmc_shapley_islands | Curve retraining early stopping: enabled=True, patience=20
2026-03-04 17:00:50 | INFO | src.tmc_shapley_islands | Computing add-islands curve (evaluated on test set)...
2026-03-04 17:00:50 | INFO | src.tmc_shapley_islands | Add-curve (mean): 1 islands, n=286 -> corr=0.1105
2026-03-04 17:00:50 | INFO | src.tmc_shapley_islands | Add-curve (mean): 2 islands, n=437 -> corr=0.1579
2026-03-04 17:00:51 | INFO | src.tmc_shapley_islands | Add-curve (mean): 3 islands, n=597 -> corr=0.1989
2026-03-04 17:00:51 | INFO | src.tmc_shapley_islands | Add-curve (mean): 4 islands, n=715 -> corr=0.1561
2026-03-04 17:00:51 | INFO | src.tmc_shapley_islands | Add-curve (mean): 5 islands, n=971 -> corr=0.0501
2026-03-04 17:00:52 | INFO | src.tmc_shapley_islands | Add-curve (mean): 6 islands, n=1063 -> corr=0.0626
2026-03-04 17:00:52 | INFO | src.tmc_shapley_islands | Add-curve (mean): 7 islands, n=1644 -> corr=0.0828
2026-03-04 17:00:53 | INFO | src.tmc_shapley_islands | Add-curve (mean): 8 islands, n=2041 -> corr=0.0318
2026-03-04 17:00:54 | INFO | src.tmc_shapley_islands | Add-curve (mean): 9 islands, n=2390 -> corr=0.0226
2026-03-04 17:00:55 | INFO | src.tmc_shapley_islands | Add-curve (mean): 10 islands, n=2876 -> corr=0.0412
2026-03-04 17:00:57 | INFO | src.tmc_shapley_islands | Add-curve (mean): 11 islands, n=3459 -> corr=0.0300
2026-03-04 17:00:58 | INFO | src.tmc_shapley_islands | Add-curve (mean): 12 islands, n=4012 -> corr=0.0701
2026-03-04 17:01:00 | INFO | src.tmc_shapley_islands | Add-curve (mean): 13 islands, n=4185 -> corr=0.0811
2026-03-04 17:01:02 | INFO | src.tmc_shapley_islands | Add-curve (mean): 14 islands, n=5240 -> corr=0.1354
2026-03-04 17:01:05 | INFO | src.tmc_shapley_islands | Add-curve (mean): 15 islands, n=5442 -> corr=0.1215
2026-03-04 17:01:14 | INFO | src.tmc_shapley_islands | Random individual add-curve (seed=0) complete
2026-03-04 17:01:24 | INFO | src.tmc_shapley_islands | Random individual add-curve (seed=1) complete
2026-03-04 17:01:33 | INFO | src.tmc_shapley_islands | Random individual add-curve (seed=2) complete
2026-03-04 17:01:42 | INFO | src.tmc_shapley_islands | Random individual add-curve (seed=3) complete
2026-03-04 17:01:51 | INFO | src.tmc_shapley_islands | Random individual add-curve (seed=4) complete
2026-03-04 17:01:51 | INFO | src.tmc_shapley_islands | Building mirrored remove-islands curve from add-islands curve...
2026-03-04 17:01:51 | INFO | src.tmc_shapley_islands | Saved Shapley values to outputs/tmc_shapley_sweep_all_traits/shards/shard_017/wing/tmp/shapley_island_values_target_3.csv
2026-03-04 17:01:51 | INFO | src.tmc_shapley_islands | Saved summary to outputs/tmc_shapley_sweep_all_traits/shards/shard_017/wing/tmp/tmc_summary_target_3.json
2026-03-04 17:01:51 | INFO | src.tmc_shapley_islands | Saved intermediate ranking trace to outputs/tmc_shapley_sweep_all_traits/shards/shard_017/wing/tmp/tmc_intermediate_rankings_target_3.csv
2026-03-04 17:01:51 | INFO | src.tmc_shapley_islands | Saved add-curve to outputs/tmc_shapley_sweep_all_traits/shards/shard_017/wing/tmp/add_curve_target_3.csv
2026-03-04 17:01:51 | INFO | src.tmc_shapley_islands | Saved remove-curve to outputs/tmc_shapley_sweep_all_traits/shards/shard_017/wing/tmp/remove_curve_target_3.csv
2026-03-04 17:01:52 | INFO | src.tmc_shapley_islands | Saved bar plot to outputs/tmc_shapley_sweep_all_traits/shards/shard_017/wing/tmp/shapley_bar_target_3.png
2026-03-04 17:01:52 | INFO | src.tmc_shapley_islands | Saved add-curve plot to outputs/tmc_shapley_sweep_all_traits/shards/shard_017/wing/tmp/add_curve_target_3.png
2026-03-04 17:01:53 | INFO | src.tmc_shapley_islands | Saved remove-curve plot to outputs/tmc_shapley_sweep_all_traits/shards/shard_017/wing/tmp/remove_curve_target_3.png
2026-03-04 17:01:53 | INFO | __main__ | Shard 17/30 trait=wing progress 21/75 | target=3 n_cal_samples=150 perm=10 repeat=5
2026-03-04 17:01:53 | INFO | src.tmc_shapley_islands | [Shapley] Target island: 3 (Selvær), source islands: 15
2026-03-04 17:01:54 | INFO | src.tmc_shapley_islands | Data: source=5442 (across 15 islands), cal=150, test=41
2026-03-04 17:01:54 | INFO | src.tmc_shapley_islands | SNP selection: using fixed precomputed subset (n=20000)
2026-03-04 17:01:54 | INFO | src.tmc_shapley_islands | Island counts (capped to None in training):
  Nesøy: n=118
  Myken: n=92
  Træna: n=286
  Gjerøy: n=553
  Hestmannøy: n=1055
  Indre Kvarøy: n=349
  Onøy og Lurøy: n=256
  Lovund: n=151
  Sleneset: n=160
  Aldra: n=173
  Southern 1: n=581
  Southern 2: n=397
  Southern 3: n=583
  Southern 4: n=486
  Southern 5: n=202
2026-03-04 17:01:54 | INFO | src.tmc_shapley_islands | Running TMC-Shapley with 10 permutations (utility on cal set)...
2026-03-04 17:01:54 | INFO | src.tmc_shapley_islands | Computing V_full over all 15 source islands...
2026-03-04 17:01:56 | INFO | src.tmc_shapley_islands | V_full = 0.2947
2026-03-04 17:02:20 | INFO | src.tmc_shapley_islands | TMC progress: 2/10 permutations done, cache hit rate: 12.9%, n_evals: 27
2026-03-04 17:02:53 | INFO | src.tmc_shapley_islands | TMC progress: 4/10 permutations done, cache hit rate: 9.8%, n_evals: 55
2026-03-04 17:03:27 | INFO | src.tmc_shapley_islands | TMC progress: 6/10 permutations done, cache hit rate: 8.8%, n_evals: 83
2026-03-04 17:03:52 | INFO | src.tmc_shapley_islands | TMC progress: 8/10 permutations done, cache hit rate: 9.9%, n_evals: 109
2026-03-04 17:04:16 | INFO | src.tmc_shapley_islands | TMC progress: 10/10 permutations done, cache hit rate: 9.9%, n_evals: 136
2026-03-04 17:04:16 | INFO | src.tmc_shapley_islands | TMC complete: 10 permutations, 0 truncated, 136 utility evals, cache hit rate: 9.9%
2026-03-04 17:04:16 | INFO | src.tmc_shapley_islands | Shapley values (phi, computed on cal set):
2026-03-04 17:04:16 | INFO | src.tmc_shapley_islands |   Nesøy: phi=-0.027164, phi/n=-0.00023020
2026-03-04 17:04:16 | INFO | src.tmc_shapley_islands |   Myken: phi=0.040695, phi/n=0.00044233
2026-03-04 17:04:16 | INFO | src.tmc_shapley_islands |   Træna: phi=0.084661, phi/n=0.00029602
2026-03-04 17:04:16 | INFO | src.tmc_shapley_islands |   Gjerøy: phi=0.007242, phi/n=0.00001310
2026-03-04 17:04:16 | INFO | src.tmc_shapley_islands |   Hestmannøy: phi=-0.016863, phi/n=-0.00001598
2026-03-04 17:04:16 | INFO | src.tmc_shapley_islands |   Indre Kvarøy: phi=0.009934, phi/n=0.00002846
2026-03-04 17:04:16 | INFO | src.tmc_shapley_islands |   Onøy og Lurøy: phi=0.045019, phi/n=0.00017585
2026-03-04 17:04:16 | INFO | src.tmc_shapley_islands |   Lovund: phi=0.046147, phi/n=0.00030561
2026-03-04 17:04:16 | INFO | src.tmc_shapley_islands |   Sleneset: phi=0.099427, phi/n=0.00062142
2026-03-04 17:04:16 | INFO | src.tmc_shapley_islands |   Aldra: phi=-0.001279, phi/n=-0.00000739
2026-03-04 17:04:16 | INFO | src.tmc_shapley_islands |   Southern 1: phi=0.069870, phi/n=0.00012026
2026-03-04 17:04:16 | INFO | src.tmc_shapley_islands |   Southern 2: phi=-0.005062, phi/n=-0.00001275
2026-03-04 17:04:16 | INFO | src.tmc_shapley_islands |   Southern 3: phi=-0.013302, phi/n=-0.00002282
2026-03-04 17:04:16 | INFO | src.tmc_shapley_islands |   Southern 4: phi=-0.017378, phi/n=-0.00003576
2026-03-04 17:04:16 | INFO | src.tmc_shapley_islands |   Southern 5: phi=-0.027255, phi/n=-0.00013492
2026-03-04 17:04:16 | INFO | src.tmc_shapley_islands | Curve retraining early stopping: enabled=True, patience=20
2026-03-04 17:04:16 | INFO | src.tmc_shapley_islands | Computing add-islands curve (evaluated on test set)...
2026-03-04 17:04:16 | INFO | src.tmc_shapley_islands | Add-curve (mean): 1 islands, n=160 -> corr=-0.0993
2026-03-04 17:04:16 | INFO | src.tmc_shapley_islands | Add-curve (mean): 2 islands, n=252 -> corr=0.1427
2026-03-04 17:04:16 | INFO | src.tmc_shapley_islands | Add-curve (mean): 3 islands, n=403 -> corr=0.3375
2026-03-04 17:04:16 | INFO | src.tmc_shapley_islands | Add-curve (mean): 4 islands, n=689 -> corr=0.4005
2026-03-04 17:04:17 | INFO | src.tmc_shapley_islands | Add-curve (mean): 5 islands, n=945 -> corr=0.3668
2026-03-04 17:04:17 | INFO | src.tmc_shapley_islands | Add-curve (mean): 6 islands, n=1526 -> corr=0.3743
2026-03-04 17:04:18 | INFO | src.tmc_shapley_islands | Add-curve (mean): 7 islands, n=1875 -> corr=0.3419
2026-03-04 17:04:19 | INFO | src.tmc_shapley_islands | Add-curve (mean): 8 islands, n=2428 -> corr=0.2917
2026-03-04 17:04:20 | INFO | src.tmc_shapley_islands | Add-curve (mean): 9 islands, n=2601 -> corr=0.2879
2026-03-04 17:04:21 | INFO | src.tmc_shapley_islands | Add-curve (mean): 10 islands, n=2998 -> corr=0.2495
2026-03-04 17:04:23 | INFO | src.tmc_shapley_islands | Add-curve (mean): 11 islands, n=4053 -> corr=0.3158
2026-03-04 17:04:25 | INFO | src.tmc_shapley_islands | Add-curve (mean): 12 islands, n=4636 -> corr=0.3088
2026-03-04 17:04:27 | INFO | src.tmc_shapley_islands | Add-curve (mean): 13 islands, n=5122 -> corr=0.3128
2026-03-04 17:04:29 | INFO | src.tmc_shapley_islands | Add-curve (mean): 14 islands, n=5324 -> corr=0.3085
2026-03-04 17:04:32 | INFO | src.tmc_shapley_islands | Add-curve (mean): 15 islands, n=5442 -> corr=0.3285
2026-03-04 17:04:43 | INFO | src.tmc_shapley_islands | Random individual add-curve (seed=0) complete
2026-03-04 17:04:54 | INFO | src.tmc_shapley_islands | Random individual add-curve (seed=1) complete
2026-03-04 17:05:04 | INFO | src.tmc_shapley_islands | Random individual add-curve (seed=2) complete
2026-03-04 17:05:15 | INFO | src.tmc_shapley_islands | Random individual add-curve (seed=3) complete
2026-03-04 17:05:25 | INFO | src.tmc_shapley_islands | Random individual add-curve (seed=4) complete
2026-03-04 17:05:25 | INFO | src.tmc_shapley_islands | Building mirrored remove-islands curve from add-islands curve...
2026-03-04 17:05:25 | INFO | src.tmc_shapley_islands | Saved Shapley values to outputs/tmc_shapley_sweep_all_traits/shards/shard_017/wing/tmp/shapley_island_values_target_3.csv
2026-03-04 17:05:25 | INFO | src.tmc_shapley_islands | Saved summary to outputs/tmc_shapley_sweep_all_traits/shards/shard_017/wing/tmp/tmc_summary_target_3.json
2026-03-04 17:05:25 | INFO | src.tmc_shapley_islands | Saved intermediate ranking trace to outputs/tmc_shapley_sweep_all_traits/shards/shard_017/wing/tmp/tmc_intermediate_rankings_target_3.csv
2026-03-04 17:05:25 | INFO | src.tmc_shapley_islands | Saved add-curve to outputs/tmc_shapley_sweep_all_traits/shards/shard_017/wing/tmp/add_curve_target_3.csv
2026-03-04 17:05:25 | INFO | src.tmc_shapley_islands | Saved remove-curve to outputs/tmc_shapley_sweep_all_traits/shards/shard_017/wing/tmp/remove_curve_target_3.csv
2026-03-04 17:05:26 | INFO | src.tmc_shapley_islands | Saved bar plot to outputs/tmc_shapley_sweep_all_traits/shards/shard_017/wing/tmp/shapley_bar_target_3.png
2026-03-04 17:05:26 | INFO | src.tmc_shapley_islands | Saved add-curve plot to outputs/tmc_shapley_sweep_all_traits/shards/shard_017/wing/tmp/add_curve_target_3.png
2026-03-04 17:05:27 | INFO | src.tmc_shapley_islands | Saved remove-curve plot to outputs/tmc_shapley_sweep_all_traits/shards/shard_017/wing/tmp/remove_curve_target_3.png
2026-03-04 17:05:27 | INFO | __main__ | Shard 17/30 trait=wing progress 22/75 | target=3 n_cal_samples=150 perm=20 repeat=5
2026-03-04 17:05:27 | INFO | src.tmc_shapley_islands | [Shapley] Target island: 3 (Selvær), source islands: 15
2026-03-04 17:05:27 | INFO | src.tmc_shapley_islands | Data: source=5442 (across 15 islands), cal=150, test=41
2026-03-04 17:05:27 | INFO | src.tmc_shapley_islands | SNP selection: using fixed precomputed subset (n=20000)
2026-03-04 17:05:27 | INFO | src.tmc_shapley_islands | Island counts (capped to None in training):
  Nesøy: n=118
  Myken: n=92
  Træna: n=286
  Gjerøy: n=553
  Hestmannøy: n=1055
  Indre Kvarøy: n=349
  Onøy og Lurøy: n=256
  Lovund: n=151
  Sleneset: n=160
  Aldra: n=173
  Southern 1: n=581
  Southern 2: n=397
  Southern 3: n=583
  Southern 4: n=486
  Southern 5: n=202
2026-03-04 17:05:27 | INFO | src.tmc_shapley_islands | Loaded 136 cached utilities from outputs/tmc_shapley_sweep_all_traits/cache/wing/utility_cache_target_3_seed_1797846444.json
2026-03-04 17:05:27 | INFO | src.tmc_shapley_islands | Running TMC-Shapley with 20 permutations (utility on cal set)...
2026-03-04 17:05:27 | INFO | src.tmc_shapley_islands | Computing V_full over all 15 source islands...
2026-03-04 17:05:27 | INFO | src.tmc_shapley_islands | V_full = 0.2947
2026-03-04 17:05:27 | INFO | src.tmc_shapley_islands | TMC head-start: loaded 10 completed permutations from state outputs/tmc_shapley_sweep_all_traits/cache/wing/tmc_perm_state_target_3_seed_1797846444.json
2026-03-04 17:06:01 | INFO | src.tmc_shapley_islands | TMC progress: 12/20 permutations done, cache hit rate: 16.1%, n_evals: 26
2026-03-04 17:06:52 | INFO | src.tmc_shapley_islands | TMC progress: 16/20 permutations done, cache hit rate: 18.7%, n_evals: 74
2026-03-04 17:07:46 | INFO | src.tmc_shapley_islands | TMC progress: 20/20 permutations done, cache hit rate: 18.5%, n_evals: 123
2026-03-04 17:07:46 | INFO | src.tmc_shapley_islands | TMC complete: 20 permutations, 0 truncated, 123 utility evals, cache hit rate: 18.5%
2026-03-04 17:07:46 | INFO | src.tmc_shapley_islands | Shapley values (phi, computed on cal set):
2026-03-04 17:07:46 | INFO | src.tmc_shapley_islands |   Nesøy: phi=-0.025001, phi/n=-0.00021187
2026-03-04 17:07:46 | INFO | src.tmc_shapley_islands |   Myken: phi=0.046858, phi/n=0.00050933
2026-03-04 17:07:46 | INFO | src.tmc_shapley_islands |   Træna: phi=0.087209, phi/n=0.00030493
2026-03-04 17:07:46 | INFO | src.tmc_shapley_islands |   Gjerøy: phi=-0.000169, phi/n=-0.00000031
2026-03-04 17:07:46 | INFO | src.tmc_shapley_islands |   Hestmannøy: phi=-0.011068, phi/n=-0.00001049
2026-03-04 17:07:46 | INFO | src.tmc_shapley_islands |   Indre Kvarøy: phi=0.011846, phi/n=0.00003394
2026-03-04 17:07:46 | INFO | src.tmc_shapley_islands |   Onøy og Lurøy: phi=0.042796, phi/n=0.00016717
2026-03-04 17:07:46 | INFO | src.tmc_shapley_islands |   Lovund: phi=0.057687, phi/n=0.00038203
2026-03-04 17:07:46 | INFO | src.tmc_shapley_islands |   Sleneset: phi=0.081192, phi/n=0.00050745
2026-03-04 17:07:46 | INFO | src.tmc_shapley_islands |   Aldra: phi=-0.002630, phi/n=-0.00001520
2026-03-04 17:07:46 | INFO | src.tmc_shapley_islands |   Southern 1: phi=0.062395, phi/n=0.00010739
2026-03-04 17:07:46 | INFO | src.tmc_shapley_islands |   Southern 2: phi=-0.002647, phi/n=-0.00000667
2026-03-04 17:07:46 | INFO | src.tmc_shapley_islands |   Southern 3: phi=-0.015451, phi/n=-0.00002650
2026-03-04 17:07:46 | INFO | src.tmc_shapley_islands |   Southern 4: phi=-0.017243, phi/n=-0.00003548
2026-03-04 17:07:46 | INFO | src.tmc_shapley_islands |   Southern 5: phi=-0.021083, phi/n=-0.00010437
2026-03-04 17:07:46 | INFO | src.tmc_shapley_islands | Curve retraining early stopping: enabled=True, patience=20
2026-03-04 17:07:46 | INFO | src.tmc_shapley_islands | Computing add-islands curve (evaluated on test set)...
2026-03-04 17:07:46 | INFO | src.tmc_shapley_islands | Add-curve (mean): 1 islands, n=92 -> corr=0.1999
2026-03-04 17:07:46 | INFO | src.tmc_shapley_islands | Add-curve (mean): 2 islands, n=252 -> corr=0.1427
2026-03-04 17:07:46 | INFO | src.tmc_shapley_islands | Add-curve (mean): 3 islands, n=403 -> corr=0.3375
2026-03-04 17:07:47 | INFO | src.tmc_shapley_islands | Add-curve (mean): 4 islands, n=689 -> corr=0.4005
2026-03-04 17:07:47 | INFO | src.tmc_shapley_islands | Add-curve (mean): 5 islands, n=945 -> corr=0.3668
2026-03-04 17:07:47 | INFO | src.tmc_shapley_islands | Add-curve (mean): 6 islands, n=1526 -> corr=0.3743
2026-03-04 17:07:48 | INFO | src.tmc_shapley_islands | Add-curve (mean): 7 islands, n=1875 -> corr=0.3419
2026-03-04 17:07:49 | INFO | src.tmc_shapley_islands | Add-curve (mean): 8 islands, n=2428 -> corr=0.2917
2026-03-04 17:07:50 | INFO | src.tmc_shapley_islands | Add-curve (mean): 9 islands, n=2825 -> corr=0.2524
2026-03-04 17:07:52 | INFO | src.tmc_shapley_islands | Add-curve (mean): 10 islands, n=3880 -> corr=0.3221
2026-03-04 17:07:53 | INFO | src.tmc_shapley_islands | Add-curve (mean): 11 islands, n=4053 -> corr=0.3158
2026-03-04 17:07:55 | INFO | src.tmc_shapley_islands | Add-curve (mean): 12 islands, n=4636 -> corr=0.3088
2026-03-04 17:07:58 | INFO | src.tmc_shapley_islands | Add-curve (mean): 13 islands, n=5122 -> corr=0.3128
2026-03-04 17:08:00 | INFO | src.tmc_shapley_islands | Add-curve (mean): 14 islands, n=5324 -> corr=0.3085
2026-03-04 17:08:02 | INFO | src.tmc_shapley_islands | Add-curve (mean): 15 islands, n=5442 -> corr=0.3285
2026-03-04 17:08:13 | INFO | src.tmc_shapley_islands | Random individual add-curve (seed=0) complete
2026-03-04 17:08:24 | INFO | src.tmc_shapley_islands | Random individual add-curve (seed=1) complete
2026-03-04 17:08:36 | INFO | src.tmc_shapley_islands | Random individual add-curve (seed=2) complete
2026-03-04 17:08:47 | INFO | src.tmc_shapley_islands | Random individual add-curve (seed=3) complete
2026-03-04 17:08:58 | INFO | src.tmc_shapley_islands | Random individual add-curve (seed=4) complete
2026-03-04 17:08:58 | INFO | src.tmc_shapley_islands | Building mirrored remove-islands curve from add-islands curve...
2026-03-04 17:08:58 | INFO | src.tmc_shapley_islands | Saved Shapley values to outputs/tmc_shapley_sweep_all_traits/shards/shard_017/wing/tmp/shapley_island_values_target_3.csv
2026-03-04 17:08:58 | INFO | src.tmc_shapley_islands | Saved summary to outputs/tmc_shapley_sweep_all_traits/shards/shard_017/wing/tmp/tmc_summary_target_3.json
2026-03-04 17:08:58 | INFO | src.tmc_shapley_islands | Saved intermediate ranking trace to outputs/tmc_shapley_sweep_all_traits/shards/shard_017/wing/tmp/tmc_intermediate_rankings_target_3.csv
2026-03-04 17:08:58 | INFO | src.tmc_shapley_islands | Saved add-curve to outputs/tmc_shapley_sweep_all_traits/shards/shard_017/wing/tmp/add_curve_target_3.csv
2026-03-04 17:08:58 | INFO | src.tmc_shapley_islands | Saved remove-curve to outputs/tmc_shapley_sweep_all_traits/shards/shard_017/wing/tmp/remove_curve_target_3.csv
2026-03-04 17:08:58 | INFO | src.tmc_shapley_islands | Saved bar plot to outputs/tmc_shapley_sweep_all_traits/shards/shard_017/wing/tmp/shapley_bar_target_3.png
2026-03-04 17:08:59 | INFO | src.tmc_shapley_islands | Saved add-curve plot to outputs/tmc_shapley_sweep_all_traits/shards/shard_017/wing/tmp/add_curve_target_3.png
2026-03-04 17:09:00 | INFO | src.tmc_shapley_islands | Saved remove-curve plot to outputs/tmc_shapley_sweep_all_traits/shards/shard_017/wing/tmp/remove_curve_target_3.png
2026-03-04 17:09:00 | INFO | __main__ | Shard 17/30 trait=wing progress 23/75 | target=3 n_cal_samples=150 perm=40 repeat=5
2026-03-04 17:09:00 | INFO | src.tmc_shapley_islands | [Shapley] Target island: 3 (Selvær), source islands: 15
2026-03-04 17:09:00 | INFO | src.tmc_shapley_islands | Data: source=5442 (across 15 islands), cal=150, test=41
2026-03-04 17:09:00 | INFO | src.tmc_shapley_islands | SNP selection: using fixed precomputed subset (n=20000)
2026-03-04 17:09:00 | INFO | src.tmc_shapley_islands | Island counts (capped to None in training):
  Nesøy: n=118
  Myken: n=92
  Træna: n=286
  Gjerøy: n=553
  Hestmannøy: n=1055
  Indre Kvarøy: n=349
  Onøy og Lurøy: n=256
  Lovund: n=151
  Sleneset: n=160
  Aldra: n=173
  Southern 1: n=581
  Southern 2: n=397
  Southern 3: n=583
  Southern 4: n=486
  Southern 5: n=202
2026-03-04 17:09:00 | INFO | src.tmc_shapley_islands | Loaded 259 cached utilities from outputs/tmc_shapley_sweep_all_traits/cache/wing/utility_cache_target_3_seed_1797846444.json
2026-03-04 17:09:00 | INFO | src.tmc_shapley_islands | Running TMC-Shapley with 40 permutations (utility on cal set)...
2026-03-04 17:09:00 | INFO | src.tmc_shapley_islands | Computing V_full over all 15 source islands...
2026-03-04 17:09:00 | INFO | src.tmc_shapley_islands | V_full = 0.2947
2026-03-04 17:09:00 | INFO | src.tmc_shapley_islands | TMC head-start: loaded 20 completed permutations from state outputs/tmc_shapley_sweep_all_traits/cache/wing/tmc_perm_state_target_3_seed_1797846444.json
2026-03-04 17:09:48 | INFO | src.tmc_shapley_islands | TMC progress: 24/40 permutations done, cache hit rate: 29.5%, n_evals: 43
2026-03-04 17:11:32 | INFO | src.tmc_shapley_islands | TMC progress: 32/40 permutations done, cache hit rate: 25.4%, n_evals: 135
2026-03-04 17:13:12 | INFO | src.tmc_shapley_islands | TMC progress: 40/40 permutations done, cache hit rate: 23.3%, n_evals: 231
2026-03-04 17:13:12 | INFO | src.tmc_shapley_islands | TMC complete: 40 permutations, 0 truncated, 231 utility evals, cache hit rate: 23.3%
2026-03-04 17:13:12 | INFO | src.tmc_shapley_islands | Shapley values (phi, computed on cal set):
2026-03-04 17:13:12 | INFO | src.tmc_shapley_islands |   Nesøy: phi=-0.027067, phi/n=-0.00022938
2026-03-04 17:13:12 | INFO | src.tmc_shapley_islands |   Myken: phi=0.053475, phi/n=0.00058125
2026-03-04 17:13:12 | INFO | src.tmc_shapley_islands |   Træna: phi=0.089248, phi/n=0.00031205
2026-03-04 17:13:12 | INFO | src.tmc_shapley_islands |   Gjerøy: phi=-0.002769, phi/n=-0.00000501
2026-03-04 17:13:12 | INFO | src.tmc_shapley_islands |   Hestmannøy: phi=-0.010203, phi/n=-0.00000967
2026-03-04 17:13:12 | INFO | src.tmc_shapley_islands |   Indre Kvarøy: phi=0.012502, phi/n=0.00003582
2026-03-04 17:13:12 | INFO | src.tmc_shapley_islands |   Onøy og Lurøy: phi=0.058453, phi/n=0.00022833
2026-03-04 17:13:12 | INFO | src.tmc_shapley_islands |   Lovund: phi=0.054499, phi/n=0.00036092
2026-03-04 17:13:12 | INFO | src.tmc_shapley_islands |   Sleneset: phi=0.075931, phi/n=0.00047457
2026-03-04 17:13:12 | INFO | src.tmc_shapley_islands |   Aldra: phi=-0.001478, phi/n=-0.00000854
2026-03-04 17:13:12 | INFO | src.tmc_shapley_islands |   Southern 1: phi=0.054666, phi/n=0.00009409
2026-03-04 17:13:12 | INFO | src.tmc_shapley_islands |   Southern 2: phi=0.000708, phi/n=0.00000178
2026-03-04 17:13:12 | INFO | src.tmc_shapley_islands |   Southern 3: phi=-0.018557, phi/n=-0.00003183
2026-03-04 17:13:12 | INFO | src.tmc_shapley_islands |   Southern 4: phi=-0.016779, phi/n=-0.00003452
2026-03-04 17:13:12 | INFO | src.tmc_shapley_islands |   Southern 5: phi=-0.027938, phi/n=-0.00013831
2026-03-04 17:13:12 | INFO | src.tmc_shapley_islands | Curve retraining early stopping: enabled=True, patience=20
2026-03-04 17:13:12 | INFO | src.tmc_shapley_islands | Computing add-islands curve (evaluated on test set)...
2026-03-04 17:13:12 | INFO | src.tmc_shapley_islands | Add-curve (mean): 1 islands, n=92 -> corr=0.1999
2026-03-04 17:13:12 | INFO | src.tmc_shapley_islands | Add-curve (mean): 2 islands, n=252 -> corr=0.1427
2026-03-04 17:13:12 | INFO | src.tmc_shapley_islands | Add-curve (mean): 3 islands, n=403 -> corr=0.3375
2026-03-04 17:13:12 | INFO | src.tmc_shapley_islands | Add-curve (mean): 4 islands, n=689 -> corr=0.4005
2026-03-04 17:13:13 | INFO | src.tmc_shapley_islands | Add-curve (mean): 5 islands, n=945 -> corr=0.3668
2026-03-04 17:13:13 | INFO | src.tmc_shapley_islands | Add-curve (mean): 6 islands, n=1526 -> corr=0.3743
2026-03-04 17:13:14 | INFO | src.tmc_shapley_islands | Add-curve (mean): 7 islands, n=1875 -> corr=0.3419
2026-03-04 17:13:15 | INFO | src.tmc_shapley_islands | Add-curve (mean): 8 islands, n=2272 -> corr=0.3067
2026-03-04 17:13:16 | INFO | src.tmc_shapley_islands | Add-curve (mean): 9 islands, n=2825 -> corr=0.2524
2026-03-04 17:13:17 | INFO | src.tmc_shapley_islands | Add-curve (mean): 10 islands, n=2998 -> corr=0.2495
2026-03-04 17:13:19 | INFO | src.tmc_shapley_islands | Add-curve (mean): 11 islands, n=4053 -> corr=0.3158
2026-03-04 17:13:21 | INFO | src.tmc_shapley_islands | Add-curve (mean): 12 islands, n=4636 -> corr=0.3088
2026-03-04 17:13:23 | INFO | src.tmc_shapley_islands | Add-curve (mean): 13 islands, n=5122 -> corr=0.3128
2026-03-04 17:13:26 | INFO | src.tmc_shapley_islands | Add-curve (mean): 14 islands, n=5324 -> corr=0.3085
2026-03-04 17:13:28 | INFO | src.tmc_shapley_islands | Add-curve (mean): 15 islands, n=5442 -> corr=0.3285
2026-03-04 17:13:39 | INFO | src.tmc_shapley_islands | Random individual add-curve (seed=0) complete
2026-03-04 17:13:50 | INFO | src.tmc_shapley_islands | Random individual add-curve (seed=1) complete
2026-03-04 17:14:00 | INFO | src.tmc_shapley_islands | Random individual add-curve (seed=2) complete
2026-03-04 17:14:11 | INFO | src.tmc_shapley_islands | Random individual add-curve (seed=3) complete
2026-03-04 17:14:22 | INFO | src.tmc_shapley_islands | Random individual add-curve (seed=4) complete
2026-03-04 17:14:22 | INFO | src.tmc_shapley_islands | Building mirrored remove-islands curve from add-islands curve...
2026-03-04 17:14:22 | INFO | src.tmc_shapley_islands | Saved Shapley values to outputs/tmc_shapley_sweep_all_traits/shards/shard_017/wing/tmp/shapley_island_values_target_3.csv
2026-03-04 17:14:22 | INFO | src.tmc_shapley_islands | Saved summary to outputs/tmc_shapley_sweep_all_traits/shards/shard_017/wing/tmp/tmc_summary_target_3.json
2026-03-04 17:14:22 | INFO | src.tmc_shapley_islands | Saved intermediate ranking trace to outputs/tmc_shapley_sweep_all_traits/shards/shard_017/wing/tmp/tmc_intermediate_rankings_target_3.csv
2026-03-04 17:14:22 | INFO | src.tmc_shapley_islands | Saved add-curve to outputs/tmc_shapley_sweep_all_traits/shards/shard_017/wing/tmp/add_curve_target_3.csv
2026-03-04 17:14:22 | INFO | src.tmc_shapley_islands | Saved remove-curve to outputs/tmc_shapley_sweep_all_traits/shards/shard_017/wing/tmp/remove_curve_target_3.csv
2026-03-04 17:14:23 | INFO | src.tmc_shapley_islands | Saved bar plot to outputs/tmc_shapley_sweep_all_traits/shards/shard_017/wing/tmp/shapley_bar_target_3.png
2026-03-04 17:14:23 | INFO | src.tmc_shapley_islands | Saved add-curve plot to outputs/tmc_shapley_sweep_all_traits/shards/shard_017/wing/tmp/add_curve_target_3.png
2026-03-04 17:14:24 | INFO | src.tmc_shapley_islands | Saved remove-curve plot to outputs/tmc_shapley_sweep_all_traits/shards/shard_017/wing/tmp/remove_curve_target_3.png
2026-03-04 17:14:24 | INFO | __main__ | Shard 17/30 trait=wing progress 24/75 | target=3 n_cal_samples=150 perm=80 repeat=5
2026-03-04 17:14:24 | INFO | src.tmc_shapley_islands | [Shapley] Target island: 3 (Selvær), source islands: 15
2026-03-04 17:14:24 | INFO | src.tmc_shapley_islands | Data: source=5442 (across 15 islands), cal=150, test=41
2026-03-04 17:14:24 | INFO | src.tmc_shapley_islands | SNP selection: using fixed precomputed subset (n=20000)
2026-03-04 17:14:24 | INFO | src.tmc_shapley_islands | Island counts (capped to None in training):
  Nesøy: n=118
  Myken: n=92
  Træna: n=286
  Gjerøy: n=553
  Hestmannøy: n=1055
  Indre Kvarøy: n=349
  Onøy og Lurøy: n=256
  Lovund: n=151
  Sleneset: n=160
  Aldra: n=173
  Southern 1: n=581
  Southern 2: n=397
  Southern 3: n=583
  Southern 4: n=486
  Southern 5: n=202
2026-03-04 17:14:24 | INFO | src.tmc_shapley_islands | Loaded 490 cached utilities from outputs/tmc_shapley_sweep_all_traits/cache/wing/utility_cache_target_3_seed_1797846444.json
2026-03-04 17:14:24 | INFO | src.tmc_shapley_islands | Running TMC-Shapley with 80 permutations (utility on cal set)...
2026-03-04 17:14:24 | INFO | src.tmc_shapley_islands | Computing V_full over all 15 source islands...
2026-03-04 17:14:24 | INFO | src.tmc_shapley_islands | V_full = 0.2947
2026-03-04 17:14:24 | INFO | src.tmc_shapley_islands | TMC head-start: loaded 40 completed permutations from state outputs/tmc_shapley_sweep_all_traits/cache/wing/tmc_perm_state_target_3_seed_1797846444.json
2026-03-04 17:15:57 | INFO | src.tmc_shapley_islands | TMC progress: 48/80 permutations done, cache hit rate: 33.1%, n_evals: 81
2026-03-04 17:18:57 | INFO | src.tmc_shapley_islands | TMC progress: 64/80 permutations done, cache hit rate: 30.5%, n_evals: 251
2026-03-04 17:21:54 | INFO | src.tmc_shapley_islands | TMC progress: 80/80 permutations done, cache hit rate: 30.4%, n_evals: 418
2026-03-04 17:21:54 | INFO | src.tmc_shapley_islands | TMC complete: 80 permutations, 0 truncated, 418 utility evals, cache hit rate: 30.4%
2026-03-04 17:21:54 | INFO | src.tmc_shapley_islands | Shapley values (phi, computed on cal set):
2026-03-04 17:21:54 | INFO | src.tmc_shapley_islands |   Nesøy: phi=-0.024872, phi/n=-0.00021078
2026-03-04 17:21:54 | INFO | src.tmc_shapley_islands |   Myken: phi=0.050287, phi/n=0.00054659
2026-03-04 17:21:54 | INFO | src.tmc_shapley_islands |   Træna: phi=0.097612, phi/n=0.00034130
2026-03-04 17:21:54 | INFO | src.tmc_shapley_islands |   Gjerøy: phi=-0.004348, phi/n=-0.00000786
2026-03-04 17:21:54 | INFO | src.tmc_shapley_islands |   Hestmannøy: phi=-0.014048, phi/n=-0.00001332
2026-03-04 17:21:54 | INFO | src.tmc_shapley_islands |   Indre Kvarøy: phi=0.013489, phi/n=0.00003865
2026-03-04 17:21:54 | INFO | src.tmc_shapley_islands |   Onøy og Lurøy: phi=0.054735, phi/n=0.00021381
2026-03-04 17:21:54 | INFO | src.tmc_shapley_islands |   Lovund: phi=0.053511, phi/n=0.00035438
2026-03-04 17:21:54 | INFO | src.tmc_shapley_islands |   Sleneset: phi=0.085774, phi/n=0.00053609
2026-03-04 17:21:54 | INFO | src.tmc_shapley_islands |   Aldra: phi=-0.001809, phi/n=-0.00001046
2026-03-04 17:21:54 | INFO | src.tmc_shapley_islands |   Southern 1: phi=0.052560, phi/n=0.00009046
2026-03-04 17:21:54 | INFO | src.tmc_shapley_islands |   Southern 2: phi=-0.002672, phi/n=-0.00000673
2026-03-04 17:21:54 | INFO | src.tmc_shapley_islands |   Southern 3: phi=-0.019492, phi/n=-0.00003343
2026-03-04 17:21:54 | INFO | src.tmc_shapley_islands |   Southern 4: phi=-0.016467, phi/n=-0.00003388
2026-03-04 17:21:54 | INFO | src.tmc_shapley_islands |   Southern 5: phi=-0.029567, phi/n=-0.00014637
2026-03-04 17:21:54 | INFO | src.tmc_shapley_islands | Curve retraining early stopping: enabled=True, patience=20
2026-03-04 17:21:54 | INFO | src.tmc_shapley_islands | Computing add-islands curve (evaluated on test set)...
2026-03-04 17:21:54 | INFO | src.tmc_shapley_islands | Add-curve (mean): 1 islands, n=92 -> corr=0.1999
2026-03-04 17:21:54 | INFO | src.tmc_shapley_islands | Add-curve (mean): 2 islands, n=252 -> corr=0.1427
2026-03-04 17:21:54 | INFO | src.tmc_shapley_islands | Add-curve (mean): 3 islands, n=403 -> corr=0.3375
2026-03-04 17:21:54 | INFO | src.tmc_shapley_islands | Add-curve (mean): 4 islands, n=689 -> corr=0.4005
2026-03-04 17:21:55 | INFO | src.tmc_shapley_islands | Add-curve (mean): 5 islands, n=945 -> corr=0.3668
2026-03-04 17:21:55 | INFO | src.tmc_shapley_islands | Add-curve (mean): 6 islands, n=1526 -> corr=0.3743
2026-03-04 17:21:56 | INFO | src.tmc_shapley_islands | Add-curve (mean): 7 islands, n=1875 -> corr=0.3419
2026-03-04 17:21:57 | INFO | src.tmc_shapley_islands | Add-curve (mean): 8 islands, n=2272 -> corr=0.3067
2026-03-04 17:21:58 | INFO | src.tmc_shapley_islands | Add-curve (mean): 9 islands, n=2825 -> corr=0.2524
2026-03-04 17:21:59 | INFO | src.tmc_shapley_islands | Add-curve (mean): 10 islands, n=2998 -> corr=0.2495
2026-03-04 17:22:01 | INFO | src.tmc_shapley_islands | Add-curve (mean): 11 islands, n=4053 -> corr=0.3158
2026-03-04 17:22:03 | INFO | src.tmc_shapley_islands | Add-curve (mean): 12 islands, n=4636 -> corr=0.3088
2026-03-04 17:22:05 | INFO | src.tmc_shapley_islands | Add-curve (mean): 13 islands, n=5122 -> corr=0.3128
2026-03-04 17:22:07 | INFO | src.tmc_shapley_islands | Add-curve (mean): 14 islands, n=5324 -> corr=0.3085
2026-03-04 17:22:10 | INFO | src.tmc_shapley_islands | Add-curve (mean): 15 islands, n=5442 -> corr=0.3285
2026-03-04 17:22:21 | INFO | src.tmc_shapley_islands | Random individual add-curve (seed=0) complete
2026-03-04 17:22:31 | INFO | src.tmc_shapley_islands | Random individual add-curve (seed=1) complete
2026-03-04 17:22:42 | INFO | src.tmc_shapley_islands | Random individual add-curve (seed=2) complete
2026-03-04 17:22:52 | INFO | src.tmc_shapley_islands | Random individual add-curve (seed=3) complete
2026-03-04 17:23:02 | INFO | src.tmc_shapley_islands | Random individual add-curve (seed=4) complete
2026-03-04 17:23:02 | INFO | src.tmc_shapley_islands | Building mirrored remove-islands curve from add-islands curve...
2026-03-04 17:23:02 | INFO | src.tmc_shapley_islands | Saved Shapley values to outputs/tmc_shapley_sweep_all_traits/shards/shard_017/wing/tmp/shapley_island_values_target_3.csv
2026-03-04 17:23:02 | INFO | src.tmc_shapley_islands | Saved summary to outputs/tmc_shapley_sweep_all_traits/shards/shard_017/wing/tmp/tmc_summary_target_3.json
2026-03-04 17:23:02 | INFO | src.tmc_shapley_islands | Saved intermediate ranking trace to outputs/tmc_shapley_sweep_all_traits/shards/shard_017/wing/tmp/tmc_intermediate_rankings_target_3.csv
2026-03-04 17:23:02 | INFO | src.tmc_shapley_islands | Saved add-curve to outputs/tmc_shapley_sweep_all_traits/shards/shard_017/wing/tmp/add_curve_target_3.csv
2026-03-04 17:23:02 | INFO | src.tmc_shapley_islands | Saved remove-curve to outputs/tmc_shapley_sweep_all_traits/shards/shard_017/wing/tmp/remove_curve_target_3.csv
2026-03-04 17:23:03 | INFO | src.tmc_shapley_islands | Saved bar plot to outputs/tmc_shapley_sweep_all_traits/shards/shard_017/wing/tmp/shapley_bar_target_3.png
2026-03-04 17:23:03 | INFO | src.tmc_shapley_islands | Saved add-curve plot to outputs/tmc_shapley_sweep_all_traits/shards/shard_017/wing/tmp/add_curve_target_3.png
2026-03-04 17:23:04 | INFO | src.tmc_shapley_islands | Saved remove-curve plot to outputs/tmc_shapley_sweep_all_traits/shards/shard_017/wing/tmp/remove_curve_target_3.png
2026-03-04 17:23:04 | INFO | __main__ | Shard 17/30 trait=wing progress 25/75 | target=3 n_cal_samples=150 perm=150 repeat=5
2026-03-04 17:23:04 | INFO | src.tmc_shapley_islands | [Shapley] Target island: 3 (Selvær), source islands: 15
2026-03-04 17:23:05 | INFO | src.tmc_shapley_islands | Data: source=5442 (across 15 islands), cal=150, test=41
2026-03-04 17:23:05 | INFO | src.tmc_shapley_islands | SNP selection: using fixed precomputed subset (n=20000)
2026-03-04 17:23:05 | INFO | src.tmc_shapley_islands | Island counts (capped to None in training):
  Nesøy: n=118
  Myken: n=92
  Træna: n=286
  Gjerøy: n=553
  Hestmannøy: n=1055
  Indre Kvarøy: n=349
  Onøy og Lurøy: n=256
  Lovund: n=151
  Sleneset: n=160
  Aldra: n=173
  Southern 1: n=581
  Southern 2: n=397
  Southern 3: n=583
  Southern 4: n=486
  Southern 5: n=202
2026-03-04 17:23:05 | INFO | src.tmc_shapley_islands | Loaded 908 cached utilities from outputs/tmc_shapley_sweep_all_traits/cache/wing/utility_cache_target_3_seed_1797846444.json
2026-03-04 17:23:05 | INFO | src.tmc_shapley_islands | Running TMC-Shapley with 150 permutations (utility on cal set)...
2026-03-04 17:23:05 | INFO | src.tmc_shapley_islands | Computing V_full over all 15 source islands...
2026-03-04 17:23:05 | INFO | src.tmc_shapley_islands | V_full = 0.2947
2026-03-04 17:23:05 | INFO | src.tmc_shapley_islands | TMC head-start: loaded 80 completed permutations from state outputs/tmc_shapley_sweep_all_traits/cache/wing/tmc_perm_state_target_3_seed_1797846444.json
2026-03-04 17:24:59 | INFO | src.tmc_shapley_islands | TMC progress: 90/150 permutations done, cache hit rate: 29.1%, n_evals: 107
2026-03-04 17:30:33 | INFO | src.tmc_shapley_islands | TMC progress: 120/150 permutations done, cache hit rate: 31.8%, n_evals: 410
2026-03-04 17:36:16 | INFO | src.tmc_shapley_islands | TMC progress: 150/150 permutations done, cache hit rate: 32.5%, n_evals: 709
2026-03-04 17:36:17 | INFO | src.tmc_shapley_islands | TMC complete: 150 permutations, 0 truncated, 709 utility evals, cache hit rate: 32.5%
2026-03-04 17:36:17 | INFO | src.tmc_shapley_islands | Shapley values (phi, computed on cal set):
2026-03-04 17:36:17 | INFO | src.tmc_shapley_islands |   Nesøy: phi=-0.024023, phi/n=-0.00020358
2026-03-04 17:36:17 | INFO | src.tmc_shapley_islands |   Myken: phi=0.049582, phi/n=0.00053893
2026-03-04 17:36:17 | INFO | src.tmc_shapley_islands |   Træna: phi=0.100086, phi/n=0.00034995
2026-03-04 17:36:17 | INFO | src.tmc_shapley_islands |   Gjerøy: phi=-0.005538, phi/n=-0.00001001
2026-03-04 17:36:17 | INFO | src.tmc_shapley_islands |   Hestmannøy: phi=-0.015404, phi/n=-0.00001460
2026-03-04 17:36:17 | INFO | src.tmc_shapley_islands |   Indre Kvarøy: phi=0.014526, phi/n=0.00004162
2026-03-04 17:36:17 | INFO | src.tmc_shapley_islands |   Onøy og Lurøy: phi=0.056095, phi/n=0.00021912
2026-03-04 17:36:17 | INFO | src.tmc_shapley_islands |   Lovund: phi=0.056094, phi/n=0.00037148
2026-03-04 17:36:17 | INFO | src.tmc_shapley_islands |   Sleneset: phi=0.075053, phi/n=0.00046908
2026-03-04 17:36:17 | INFO | src.tmc_shapley_islands |   Aldra: phi=-0.002405, phi/n=-0.00001390
2026-03-04 17:36:17 | INFO | src.tmc_shapley_islands |   Southern 1: phi=0.055784, phi/n=0.00009601
2026-03-04 17:36:17 | INFO | src.tmc_shapley_islands |   Southern 2: phi=-0.002645, phi/n=-0.00000666
2026-03-04 17:36:17 | INFO | src.tmc_shapley_islands |   Southern 3: phi=-0.019288, phi/n=-0.00003308
2026-03-04 17:36:17 | INFO | src.tmc_shapley_islands |   Southern 4: phi=-0.015176, phi/n=-0.00003123
2026-03-04 17:36:17 | INFO | src.tmc_shapley_islands |   Southern 5: phi=-0.028050, phi/n=-0.00013886
2026-03-04 17:36:17 | INFO | src.tmc_shapley_islands | Curve retraining early stopping: enabled=True, patience=20
2026-03-04 17:36:17 | INFO | src.tmc_shapley_islands | Computing add-islands curve (evaluated on test set)...
2026-03-04 17:36:17 | INFO | src.tmc_shapley_islands | Add-curve (mean): 1 islands, n=92 -> corr=0.1999
2026-03-04 17:36:17 | INFO | src.tmc_shapley_islands | Add-curve (mean): 2 islands, n=252 -> corr=0.1427
2026-03-04 17:36:17 | INFO | src.tmc_shapley_islands | Add-curve (mean): 3 islands, n=403 -> corr=0.3375
2026-03-04 17:36:17 | INFO | src.tmc_shapley_islands | Add-curve (mean): 4 islands, n=689 -> corr=0.4005
2026-03-04 17:36:17 | INFO | src.tmc_shapley_islands | Add-curve (mean): 5 islands, n=945 -> corr=0.3668
2026-03-04 17:36:18 | INFO | src.tmc_shapley_islands | Add-curve (mean): 6 islands, n=1526 -> corr=0.3743
2026-03-04 17:36:19 | INFO | src.tmc_shapley_islands | Add-curve (mean): 7 islands, n=1875 -> corr=0.3419
2026-03-04 17:36:20 | INFO | src.tmc_shapley_islands | Add-curve (mean): 8 islands, n=2272 -> corr=0.3067
2026-03-04 17:36:21 | INFO | src.tmc_shapley_islands | Add-curve (mean): 9 islands, n=2825 -> corr=0.2524
2026-03-04 17:36:22 | INFO | src.tmc_shapley_islands | Add-curve (mean): 10 islands, n=2998 -> corr=0.2495
2026-03-04 17:36:23 | INFO | src.tmc_shapley_islands | Add-curve (mean): 11 islands, n=4053 -> corr=0.3158
2026-03-04 17:36:25 | INFO | src.tmc_shapley_islands | Add-curve (mean): 12 islands, n=4539 -> corr=0.3212
2026-03-04 17:36:28 | INFO | src.tmc_shapley_islands | Add-curve (mean): 13 islands, n=5122 -> corr=0.3128
2026-03-04 17:36:30 | INFO | src.tmc_shapley_islands | Add-curve (mean): 14 islands, n=5324 -> corr=0.3085
2026-03-04 17:36:33 | INFO | src.tmc_shapley_islands | Add-curve (mean): 15 islands, n=5442 -> corr=0.3285
2026-03-04 17:36:43 | INFO | src.tmc_shapley_islands | Random individual add-curve (seed=0) complete
2026-03-04 17:36:54 | INFO | src.tmc_shapley_islands | Random individual add-curve (seed=1) complete
2026-03-04 17:37:04 | INFO | src.tmc_shapley_islands | Random individual add-curve (seed=2) complete
2026-03-04 17:37:15 | INFO | src.tmc_shapley_islands | Random individual add-curve (seed=3) complete
2026-03-04 17:37:26 | INFO | src.tmc_shapley_islands | Random individual add-curve (seed=4) complete
2026-03-04 17:37:26 | INFO | src.tmc_shapley_islands | Building mirrored remove-islands curve from add-islands curve...
2026-03-04 17:37:26 | INFO | src.tmc_shapley_islands | Saved Shapley values to outputs/tmc_shapley_sweep_all_traits/shards/shard_017/wing/tmp/shapley_island_values_target_3.csv
2026-03-04 17:37:26 | INFO | src.tmc_shapley_islands | Saved summary to outputs/tmc_shapley_sweep_all_traits/shards/shard_017/wing/tmp/tmc_summary_target_3.json
2026-03-04 17:37:26 | INFO | src.tmc_shapley_islands | Saved intermediate ranking trace to outputs/tmc_shapley_sweep_all_traits/shards/shard_017/wing/tmp/tmc_intermediate_rankings_target_3.csv
2026-03-04 17:37:26 | INFO | src.tmc_shapley_islands | Saved add-curve to outputs/tmc_shapley_sweep_all_traits/shards/shard_017/wing/tmp/add_curve_target_3.csv
2026-03-04 17:37:26 | INFO | src.tmc_shapley_islands | Saved remove-curve to outputs/tmc_shapley_sweep_all_traits/shards/shard_017/wing/tmp/remove_curve_target_3.csv
2026-03-04 17:37:26 | INFO | src.tmc_shapley_islands | Saved bar plot to outputs/tmc_shapley_sweep_all_traits/shards/shard_017/wing/tmp/shapley_bar_target_3.png
2026-03-04 17:37:27 | INFO | src.tmc_shapley_islands | Saved add-curve plot to outputs/tmc_shapley_sweep_all_traits/shards/shard_017/wing/tmp/add_curve_target_3.png
2026-03-04 17:37:28 | INFO | src.tmc_shapley_islands | Saved remove-curve plot to outputs/tmc_shapley_sweep_all_traits/shards/shard_017/wing/tmp/remove_curve_target_3.png
2026-03-04 17:37:28 | INFO | __main__ | Shard 17/30 trait=wing progress 26/75 | target=5 n_cal_samples=10 perm=10 repeat=5
2026-03-04 17:37:28 | INFO | src.tmc_shapley_islands | [Shapley] Target island: 5 (Hestmannøy), source islands: 15
2026-03-04 17:37:28 | INFO | src.tmc_shapley_islands | Data: source=4578 (across 15 islands), cal=10, test=905
2026-03-04 17:37:28 | INFO | src.tmc_shapley_islands | SNP selection: using fixed precomputed subset (n=20000)
2026-03-04 17:37:28 | INFO | src.tmc_shapley_islands | Island counts (capped to None in training):
  Nesøy: n=118
  Myken: n=92
  Træna: n=286
  Selvær: n=191
  Gjerøy: n=553
  Indre Kvarøy: n=349
  Onøy og Lurøy: n=256
  Lovund: n=151
  Sleneset: n=160
  Aldra: n=173
  Southern 1: n=581
  Southern 2: n=397
  Southern 3: n=583
  Southern 4: n=486
  Southern 5: n=202
2026-03-04 17:37:28 | INFO | src.tmc_shapley_islands | Running TMC-Shapley with 10 permutations (utility on cal set)...
2026-03-04 17:37:28 | INFO | src.tmc_shapley_islands | Computing V_full over all 15 source islands...
2026-03-04 17:37:30 | INFO | src.tmc_shapley_islands | V_full = 0.1961
2026-03-04 17:37:54 | INFO | src.tmc_shapley_islands | TMC progress: 2/10 permutations done, cache hit rate: 6.5%, n_evals: 29
2026-03-04 17:38:19 | INFO | src.tmc_shapley_islands | TMC progress: 4/10 permutations done, cache hit rate: 6.6%, n_evals: 57
2026-03-04 17:38:43 | INFO | src.tmc_shapley_islands | TMC progress: 6/10 permutations done, cache hit rate: 7.7%, n_evals: 84
2026-03-04 17:39:05 | INFO | src.tmc_shapley_islands | TMC progress: 8/10 permutations done, cache hit rate: 8.3%, n_evals: 111
2026-03-04 17:39:25 | INFO | src.tmc_shapley_islands | TMC progress: 10/10 permutations done, cache hit rate: 9.9%, n_evals: 136
2026-03-04 17:39:25 | INFO | src.tmc_shapley_islands | TMC complete: 10 permutations, 0 truncated, 136 utility evals, cache hit rate: 9.9%
2026-03-04 17:39:25 | INFO | src.tmc_shapley_islands | Shapley values (phi, computed on cal set):
2026-03-04 17:39:25 | INFO | src.tmc_shapley_islands |   Nesøy: phi=0.106973, phi/n=0.00090655
2026-03-04 17:39:25 | INFO | src.tmc_shapley_islands |   Myken: phi=-0.041778, phi/n=-0.00045411
2026-03-04 17:39:25 | INFO | src.tmc_shapley_islands |   Træna: phi=0.090575, phi/n=0.00031670
2026-03-04 17:39:25 | INFO | src.tmc_shapley_islands |   Selvær: phi=0.047655, phi/n=0.00024950
2026-03-04 17:39:25 | INFO | src.tmc_shapley_islands |   Gjerøy: phi=0.033665, phi/n=0.00006088
2026-03-04 17:39:25 | INFO | src.tmc_shapley_islands |   Indre Kvarøy: phi=-0.151914, phi/n=-0.00043528
2026-03-04 17:39:25 | INFO | src.tmc_shapley_islands |   Onøy og Lurøy: phi=-0.081286, phi/n=-0.00031752
2026-03-04 17:39:25 | INFO | src.tmc_shapley_islands |   Lovund: phi=0.198402, phi/n=0.00131392
2026-03-04 17:39:25 | INFO | src.tmc_shapley_islands |   Sleneset: phi=-0.071252, phi/n=-0.00044533
2026-03-04 17:39:25 | INFO | src.tmc_shapley_islands |   Aldra: phi=0.145765, phi/n=0.00084257
2026-03-04 17:39:25 | INFO | src.tmc_shapley_islands |   Southern 1: phi=-0.046523, phi/n=-0.00008007
2026-03-04 17:39:25 | INFO | src.tmc_shapley_islands |   Southern 2: phi=-0.160966, phi/n=-0.00040546
2026-03-04 17:39:25 | INFO | src.tmc_shapley_islands |   Southern 3: phi=0.103827, phi/n=0.00017809
2026-03-04 17:39:25 | INFO | src.tmc_shapley_islands |   Southern 4: phi=0.040009, phi/n=0.00008232
2026-03-04 17:39:25 | INFO | src.tmc_shapley_islands |   Southern 5: phi=-0.017021, phi/n=-0.00008426
2026-03-04 17:39:25 | INFO | src.tmc_shapley_islands | Curve retraining early stopping: enabled=True, patience=20
2026-03-04 17:39:25 | INFO | src.tmc_shapley_islands | Computing add-islands curve (evaluated on test set)...
2026-03-04 17:39:25 | INFO | src.tmc_shapley_islands | Add-curve (mean): 1 islands, n=151 -> corr=0.0046
2026-03-04 17:39:25 | INFO | src.tmc_shapley_islands | Add-curve (mean): 2 islands, n=269 -> corr=0.0538
2026-03-04 17:39:25 | INFO | src.tmc_shapley_islands | Add-curve (mean): 3 islands, n=442 -> corr=0.0775
2026-03-04 17:39:26 | INFO | src.tmc_shapley_islands | Add-curve (mean): 4 islands, n=728 -> corr=0.1067
2026-03-04 17:39:26 | INFO | src.tmc_shapley_islands | Add-curve (mean): 5 islands, n=919 -> corr=0.1080
2026-03-04 17:39:27 | INFO | src.tmc_shapley_islands | Add-curve (mean): 6 islands, n=1502 -> corr=0.0767
2026-03-04 17:39:28 | INFO | src.tmc_shapley_islands | Add-curve (mean): 7 islands, n=1988 -> corr=0.0890
2026-03-04 17:39:29 | INFO | src.tmc_shapley_islands | Add-curve (mean): 8 islands, n=2541 -> corr=0.1143
2026-03-04 17:39:30 | INFO | src.tmc_shapley_islands | Add-curve (mean): 9 islands, n=3122 -> corr=0.1209
2026-03-04 17:39:31 | INFO | src.tmc_shapley_islands | Add-curve (mean): 10 islands, n=3324 -> corr=0.1205
2026-03-04 17:39:33 | INFO | src.tmc_shapley_islands | Add-curve (mean): 11 islands, n=3580 -> corr=0.1531
2026-03-04 17:39:35 | INFO | src.tmc_shapley_islands | Add-curve (mean): 12 islands, n=3977 -> corr=0.1527
2026-03-04 17:39:36 | INFO | src.tmc_shapley_islands | Add-curve (mean): 13 islands, n=4326 -> corr=0.1654
2026-03-04 17:39:38 | INFO | src.tmc_shapley_islands | Add-curve (mean): 14 islands, n=4486 -> corr=0.1669
2026-03-04 17:39:41 | INFO | src.tmc_shapley_islands | Add-curve (mean): 15 islands, n=4578 -> corr=0.1664
2026-03-04 17:39:51 | INFO | src.tmc_shapley_islands | Random individual add-curve (seed=0) complete
2026-03-04 17:40:02 | INFO | src.tmc_shapley_islands | Random individual add-curve (seed=1) complete
2026-03-04 17:40:12 | INFO | src.tmc_shapley_islands | Random individual add-curve (seed=2) complete
2026-03-04 17:40:23 | INFO | src.tmc_shapley_islands | Random individual add-curve (seed=3) complete
2026-03-04 17:40:34 | INFO | src.tmc_shapley_islands | Random individual add-curve (seed=4) complete
2026-03-04 17:40:34 | INFO | src.tmc_shapley_islands | Building mirrored remove-islands curve from add-islands curve...
2026-03-04 17:40:34 | INFO | src.tmc_shapley_islands | Saved Shapley values to outputs/tmc_shapley_sweep_all_traits/shards/shard_017/wing/tmp/shapley_island_values_target_5.csv
2026-03-04 17:40:34 | INFO | src.tmc_shapley_islands | Saved summary to outputs/tmc_shapley_sweep_all_traits/shards/shard_017/wing/tmp/tmc_summary_target_5.json
2026-03-04 17:40:34 | INFO | src.tmc_shapley_islands | Saved intermediate ranking trace to outputs/tmc_shapley_sweep_all_traits/shards/shard_017/wing/tmp/tmc_intermediate_rankings_target_5.csv
2026-03-04 17:40:34 | INFO | src.tmc_shapley_islands | Saved add-curve to outputs/tmc_shapley_sweep_all_traits/shards/shard_017/wing/tmp/add_curve_target_5.csv
2026-03-04 17:40:34 | INFO | src.tmc_shapley_islands | Saved remove-curve to outputs/tmc_shapley_sweep_all_traits/shards/shard_017/wing/tmp/remove_curve_target_5.csv
2026-03-04 17:40:34 | INFO | src.tmc_shapley_islands | Saved bar plot to outputs/tmc_shapley_sweep_all_traits/shards/shard_017/wing/tmp/shapley_bar_target_5.png
2026-03-04 17:40:35 | INFO | src.tmc_shapley_islands | Saved add-curve plot to outputs/tmc_shapley_sweep_all_traits/shards/shard_017/wing/tmp/add_curve_target_5.png
2026-03-04 17:40:35 | INFO | src.tmc_shapley_islands | Saved remove-curve plot to outputs/tmc_shapley_sweep_all_traits/shards/shard_017/wing/tmp/remove_curve_target_5.png
2026-03-04 17:40:35 | INFO | __main__ | Shard 17/30 trait=wing progress 27/75 | target=5 n_cal_samples=10 perm=20 repeat=5
2026-03-04 17:40:35 | INFO | src.tmc_shapley_islands | [Shapley] Target island: 5 (Hestmannøy), source islands: 15
2026-03-04 17:40:36 | INFO | src.tmc_shapley_islands | Data: source=4578 (across 15 islands), cal=10, test=905
2026-03-04 17:40:36 | INFO | src.tmc_shapley_islands | SNP selection: using fixed precomputed subset (n=20000)
2026-03-04 17:40:36 | INFO | src.tmc_shapley_islands | Island counts (capped to None in training):
  Nesøy: n=118
  Myken: n=92
  Træna: n=286
  Selvær: n=191
  Gjerøy: n=553
  Indre Kvarøy: n=349
  Onøy og Lurøy: n=256
  Lovund: n=151
  Sleneset: n=160
  Aldra: n=173
  Southern 1: n=581
  Southern 2: n=397
  Southern 3: n=583
  Southern 4: n=486
  Southern 5: n=202
2026-03-04 17:40:36 | INFO | src.tmc_shapley_islands | Loaded 136 cached utilities from outputs/tmc_shapley_sweep_all_traits/cache/wing/utility_cache_target_5_seed_1158712593.json
2026-03-04 17:40:36 | INFO | src.tmc_shapley_islands | Running TMC-Shapley with 20 permutations (utility on cal set)...
2026-03-04 17:40:36 | INFO | src.tmc_shapley_islands | Computing V_full over all 15 source islands...
2026-03-04 17:40:36 | INFO | src.tmc_shapley_islands | V_full = 0.1961
2026-03-04 17:40:36 | INFO | src.tmc_shapley_islands | TMC head-start: loaded 10 completed permutations from state outputs/tmc_shapley_sweep_all_traits/cache/wing/tmc_perm_state_target_5_seed_1158712593.json
2026-03-04 17:40:55 | INFO | src.tmc_shapley_islands | TMC progress: 12/20 permutations done, cache hit rate: 19.4%, n_evals: 25
2026-03-04 17:41:36 | INFO | src.tmc_shapley_islands | TMC progress: 16/20 permutations done, cache hit rate: 17.6%, n_evals: 75
2026-03-04 17:42:19 | INFO | src.tmc_shapley_islands | TMC progress: 20/20 permutations done, cache hit rate: 17.2%, n_evals: 125
2026-03-04 17:42:19 | INFO | src.tmc_shapley_islands | TMC complete: 20 permutations, 0 truncated, 125 utility evals, cache hit rate: 17.2%
2026-03-04 17:42:19 | INFO | src.tmc_shapley_islands | Shapley values (phi, computed on cal set):
2026-03-04 17:42:19 | INFO | src.tmc_shapley_islands |   Nesøy: phi=0.086054, phi/n=0.00072927
2026-03-04 17:42:19 | INFO | src.tmc_shapley_islands |   Myken: phi=-0.040231, phi/n=-0.00043729
2026-03-04 17:42:19 | INFO | src.tmc_shapley_islands |   Træna: phi=0.100526, phi/n=0.00035149
2026-03-04 17:42:19 | INFO | src.tmc_shapley_islands |   Selvær: phi=0.049564, phi/n=0.00025950
2026-03-04 17:42:19 | INFO | src.tmc_shapley_islands |   Gjerøy: phi=0.026464, phi/n=0.00004785
2026-03-04 17:42:19 | INFO | src.tmc_shapley_islands |   Indre Kvarøy: phi=-0.164474, phi/n=-0.00047127
2026-03-04 17:42:19 | INFO | src.tmc_shapley_islands |   Onøy og Lurøy: phi=-0.090564, phi/n=-0.00035377
2026-03-04 17:42:19 | INFO | src.tmc_shapley_islands |   Lovund: phi=0.229941, phi/n=0.00152279
2026-03-04 17:42:19 | INFO | src.tmc_shapley_islands |   Sleneset: phi=-0.080654, phi/n=-0.00050409
2026-03-04 17:42:19 | INFO | src.tmc_shapley_islands |   Aldra: phi=0.159982, phi/n=0.00092475
2026-03-04 17:42:19 | INFO | src.tmc_shapley_islands |   Southern 1: phi=-0.047127, phi/n=-0.00008111
2026-03-04 17:42:19 | INFO | src.tmc_shapley_islands |   Southern 2: phi=-0.137793, phi/n=-0.00034709
2026-03-04 17:42:19 | INFO | src.tmc_shapley_islands |   Southern 3: phi=0.086452, phi/n=0.00014829
2026-03-04 17:42:19 | INFO | src.tmc_shapley_islands |   Southern 4: phi=0.049353, phi/n=0.00010155
2026-03-04 17:42:19 | INFO | src.tmc_shapley_islands |   Southern 5: phi=-0.031361, phi/n=-0.00015525
2026-03-04 17:42:19 | INFO | src.tmc_shapley_islands | Curve retraining early stopping: enabled=True, patience=20
2026-03-04 17:42:19 | INFO | src.tmc_shapley_islands | Computing add-islands curve (evaluated on test set)...
2026-03-04 17:42:19 | INFO | src.tmc_shapley_islands | Add-curve (mean): 1 islands, n=151 -> corr=0.0046
2026-03-04 17:42:19 | INFO | src.tmc_shapley_islands | Add-curve (mean): 2 islands, n=324 -> corr=0.0538
2026-03-04 17:42:19 | INFO | src.tmc_shapley_islands | Add-curve (mean): 3 islands, n=442 -> corr=0.0775
2026-03-04 17:42:19 | INFO | src.tmc_shapley_islands | Add-curve (mean): 4 islands, n=728 -> corr=0.1067
2026-03-04 17:42:20 | INFO | src.tmc_shapley_islands | Add-curve (mean): 5 islands, n=919 -> corr=0.1080
2026-03-04 17:42:20 | INFO | src.tmc_shapley_islands | Add-curve (mean): 6 islands, n=1502 -> corr=0.0767
2026-03-04 17:42:21 | INFO | src.tmc_shapley_islands | Add-curve (mean): 7 islands, n=1988 -> corr=0.0890
2026-03-04 17:42:22 | INFO | src.tmc_shapley_islands | Add-curve (mean): 8 islands, n=2541 -> corr=0.1143
2026-03-04 17:42:24 | INFO | src.tmc_shapley_islands | Add-curve (mean): 9 islands, n=3122 -> corr=0.1209
2026-03-04 17:42:25 | INFO | src.tmc_shapley_islands | Add-curve (mean): 10 islands, n=3324 -> corr=0.1205
2026-03-04 17:42:27 | INFO | src.tmc_shapley_islands | Add-curve (mean): 11 islands, n=3721 -> corr=0.1190
2026-03-04 17:42:28 | INFO | src.tmc_shapley_islands | Add-curve (mean): 12 islands, n=3977 -> corr=0.1527
2026-03-04 17:42:30 | INFO | src.tmc_shapley_islands | Add-curve (mean): 13 islands, n=4069 -> corr=0.1508
2026-03-04 17:42:32 | INFO | src.tmc_shapley_islands | Add-curve (mean): 14 islands, n=4418 -> corr=0.1648
2026-03-04 17:42:34 | INFO | src.tmc_shapley_islands | Add-curve (mean): 15 islands, n=4578 -> corr=0.1664
2026-03-04 17:42:44 | INFO | src.tmc_shapley_islands | Random individual add-curve (seed=0) complete
2026-03-04 17:42:55 | INFO | src.tmc_shapley_islands | Random individual add-curve (seed=1) complete
2026-03-04 17:43:05 | INFO | src.tmc_shapley_islands | Random individual add-curve (seed=2) complete
2026-03-04 17:43:16 | INFO | src.tmc_shapley_islands | Random individual add-curve (seed=3) complete
2026-03-04 17:43:26 | INFO | src.tmc_shapley_islands | Random individual add-curve (seed=4) complete
2026-03-04 17:43:26 | INFO | src.tmc_shapley_islands | Building mirrored remove-islands curve from add-islands curve...
2026-03-04 17:43:26 | INFO | src.tmc_shapley_islands | Saved Shapley values to outputs/tmc_shapley_sweep_all_traits/shards/shard_017/wing/tmp/shapley_island_values_target_5.csv
2026-03-04 17:43:26 | INFO | src.tmc_shapley_islands | Saved summary to outputs/tmc_shapley_sweep_all_traits/shards/shard_017/wing/tmp/tmc_summary_target_5.json
2026-03-04 17:43:26 | INFO | src.tmc_shapley_islands | Saved intermediate ranking trace to outputs/tmc_shapley_sweep_all_traits/shards/shard_017/wing/tmp/tmc_intermediate_rankings_target_5.csv
2026-03-04 17:43:26 | INFO | src.tmc_shapley_islands | Saved add-curve to outputs/tmc_shapley_sweep_all_traits/shards/shard_017/wing/tmp/add_curve_target_5.csv
2026-03-04 17:43:26 | INFO | src.tmc_shapley_islands | Saved remove-curve to outputs/tmc_shapley_sweep_all_traits/shards/shard_017/wing/tmp/remove_curve_target_5.csv
2026-03-04 17:43:27 | INFO | src.tmc_shapley_islands | Saved bar plot to outputs/tmc_shapley_sweep_all_traits/shards/shard_017/wing/tmp/shapley_bar_target_5.png
2026-03-04 17:43:27 | INFO | src.tmc_shapley_islands | Saved add-curve plot to outputs/tmc_shapley_sweep_all_traits/shards/shard_017/wing/tmp/add_curve_target_5.png
2026-03-04 17:43:28 | INFO | src.tmc_shapley_islands | Saved remove-curve plot to outputs/tmc_shapley_sweep_all_traits/shards/shard_017/wing/tmp/remove_curve_target_5.png
2026-03-04 17:43:28 | INFO | __main__ | Shard 17/30 trait=wing progress 28/75 | target=5 n_cal_samples=10 perm=40 repeat=5
2026-03-04 17:43:28 | INFO | src.tmc_shapley_islands | [Shapley] Target island: 5 (Hestmannøy), source islands: 15
2026-03-04 17:43:29 | INFO | src.tmc_shapley_islands | Data: source=4578 (across 15 islands), cal=10, test=905
2026-03-04 17:43:29 | INFO | src.tmc_shapley_islands | SNP selection: using fixed precomputed subset (n=20000)
2026-03-04 17:43:29 | INFO | src.tmc_shapley_islands | Island counts (capped to None in training):
  Nesøy: n=118
  Myken: n=92
  Træna: n=286
  Selvær: n=191
  Gjerøy: n=553
  Indre Kvarøy: n=349
  Onøy og Lurøy: n=256
  Lovund: n=151
  Sleneset: n=160
  Aldra: n=173
  Southern 1: n=581
  Southern 2: n=397
  Southern 3: n=583
  Southern 4: n=486
  Southern 5: n=202
2026-03-04 17:43:29 | INFO | src.tmc_shapley_islands | Loaded 261 cached utilities from outputs/tmc_shapley_sweep_all_traits/cache/wing/utility_cache_target_5_seed_1158712593.json
2026-03-04 17:43:29 | INFO | src.tmc_shapley_islands | Running TMC-Shapley with 40 permutations (utility on cal set)...
2026-03-04 17:43:29 | INFO | src.tmc_shapley_islands | Computing V_full over all 15 source islands...
2026-03-04 17:43:29 | INFO | src.tmc_shapley_islands | V_full = 0.1961
2026-03-04 17:43:29 | INFO | src.tmc_shapley_islands | TMC head-start: loaded 20 completed permutations from state outputs/tmc_shapley_sweep_all_traits/cache/wing/tmc_perm_state_target_5_seed_1158712593.json
2026-03-04 17:44:02 | INFO | src.tmc_shapley_islands | TMC progress: 24/40 permutations done, cache hit rate: 26.2%, n_evals: 45
2026-03-04 17:45:30 | INFO | src.tmc_shapley_islands | TMC progress: 32/40 permutations done, cache hit rate: 22.7%, n_evals: 140
2026-03-04 17:46:52 | INFO | src.tmc_shapley_islands | TMC progress: 40/40 permutations done, cache hit rate: 22.6%, n_evals: 233
2026-03-04 17:46:52 | INFO | src.tmc_shapley_islands | TMC complete: 40 permutations, 0 truncated, 233 utility evals, cache hit rate: 22.6%
2026-03-04 17:46:52 | INFO | src.tmc_shapley_islands | Shapley values (phi, computed on cal set):
2026-03-04 17:46:52 | INFO | src.tmc_shapley_islands |   Nesøy: phi=0.074864, phi/n=0.00063444
2026-03-04 17:46:52 | INFO | src.tmc_shapley_islands |   Myken: phi=-0.035305, phi/n=-0.00038376
2026-03-04 17:46:52 | INFO | src.tmc_shapley_islands |   Træna: phi=0.097643, phi/n=0.00034141
2026-03-04 17:46:52 | INFO | src.tmc_shapley_islands |   Selvær: phi=0.055956, phi/n=0.00029296
2026-03-04 17:46:52 | INFO | src.tmc_shapley_islands |   Gjerøy: phi=0.049198, phi/n=0.00008897
2026-03-04 17:46:52 | INFO | src.tmc_shapley_islands |   Indre Kvarøy: phi=-0.152788, phi/n=-0.00043779
2026-03-04 17:46:52 | INFO | src.tmc_shapley_islands |   Onøy og Lurøy: phi=-0.092505, phi/n=-0.00036135
2026-03-04 17:46:52 | INFO | src.tmc_shapley_islands |   Lovund: phi=0.197336, phi/n=0.00130686
2026-03-04 17:46:52 | INFO | src.tmc_shapley_islands |   Sleneset: phi=-0.090155, phi/n=-0.00056347
2026-03-04 17:46:52 | INFO | src.tmc_shapley_islands |   Aldra: phi=0.163405, phi/n=0.00094454
2026-03-04 17:46:52 | INFO | src.tmc_shapley_islands |   Southern 1: phi=-0.044535, phi/n=-0.00007665
2026-03-04 17:46:52 | INFO | src.tmc_shapley_islands |   Southern 2: phi=-0.135523, phi/n=-0.00034137
2026-03-04 17:46:52 | INFO | src.tmc_shapley_islands |   Southern 3: phi=0.093812, phi/n=0.00016091
2026-03-04 17:46:52 | INFO | src.tmc_shapley_islands |   Southern 4: phi=0.047697, phi/n=0.00009814
2026-03-04 17:46:52 | INFO | src.tmc_shapley_islands |   Southern 5: phi=-0.032967, phi/n=-0.00016320
2026-03-04 17:46:52 | INFO | src.tmc_shapley_islands | Curve retraining early stopping: enabled=True, patience=20
2026-03-04 17:46:52 | INFO | src.tmc_shapley_islands | Computing add-islands curve (evaluated on test set)...
2026-03-04 17:46:52 | INFO | src.tmc_shapley_islands | Add-curve (mean): 1 islands, n=151 -> corr=0.0046
2026-03-04 17:46:53 | INFO | src.tmc_shapley_islands | Add-curve (mean): 2 islands, n=324 -> corr=0.0538
2026-03-04 17:46:53 | INFO | src.tmc_shapley_islands | Add-curve (mean): 3 islands, n=442 -> corr=0.0775
2026-03-04 17:46:53 | INFO | src.tmc_shapley_islands | Add-curve (mean): 4 islands, n=728 -> corr=0.1067
2026-03-04 17:46:54 | INFO | src.tmc_shapley_islands | Add-curve (mean): 5 islands, n=919 -> corr=0.1080
2026-03-04 17:46:54 | INFO | src.tmc_shapley_islands | Add-curve (mean): 6 islands, n=1502 -> corr=0.0767
2026-03-04 17:46:55 | INFO | src.tmc_shapley_islands | Add-curve (mean): 7 islands, n=1988 -> corr=0.0890
2026-03-04 17:46:56 | INFO | src.tmc_shapley_islands | Add-curve (mean): 8 islands, n=2541 -> corr=0.1143
2026-03-04 17:46:57 | INFO | src.tmc_shapley_islands | Add-curve (mean): 9 islands, n=3122 -> corr=0.1209
2026-03-04 17:46:59 | INFO | src.tmc_shapley_islands | Add-curve (mean): 10 islands, n=3324 -> corr=0.1205
2026-03-04 17:47:00 | INFO | src.tmc_shapley_islands | Add-curve (mean): 11 islands, n=3721 -> corr=0.1190
2026-03-04 17:47:02 | INFO | src.tmc_shapley_islands | Add-curve (mean): 12 islands, n=3977 -> corr=0.1527
2026-03-04 17:47:04 | INFO | src.tmc_shapley_islands | Add-curve (mean): 13 islands, n=4069 -> corr=0.1508
2026-03-04 17:47:05 | INFO | src.tmc_shapley_islands | Add-curve (mean): 14 islands, n=4418 -> corr=0.1648
2026-03-04 17:47:07 | INFO | src.tmc_shapley_islands | Add-curve (mean): 15 islands, n=4578 -> corr=0.1664
2026-03-04 17:47:18 | INFO | src.tmc_shapley_islands | Random individual add-curve (seed=0) complete
2026-03-04 17:47:28 | INFO | src.tmc_shapley_islands | Random individual add-curve (seed=1) complete
2026-03-04 17:47:39 | INFO | src.tmc_shapley_islands | Random individual add-curve (seed=2) complete
2026-03-04 17:47:50 | INFO | src.tmc_shapley_islands | Random individual add-curve (seed=3) complete
2026-03-04 17:48:00 | INFO | src.tmc_shapley_islands | Random individual add-curve (seed=4) complete
2026-03-04 17:48:00 | INFO | src.tmc_shapley_islands | Building mirrored remove-islands curve from add-islands curve...
2026-03-04 17:48:00 | INFO | src.tmc_shapley_islands | Saved Shapley values to outputs/tmc_shapley_sweep_all_traits/shards/shard_017/wing/tmp/shapley_island_values_target_5.csv
2026-03-04 17:48:00 | INFO | src.tmc_shapley_islands | Saved summary to outputs/tmc_shapley_sweep_all_traits/shards/shard_017/wing/tmp/tmc_summary_target_5.json
2026-03-04 17:48:00 | INFO | src.tmc_shapley_islands | Saved intermediate ranking trace to outputs/tmc_shapley_sweep_all_traits/shards/shard_017/wing/tmp/tmc_intermediate_rankings_target_5.csv
2026-03-04 17:48:00 | INFO | src.tmc_shapley_islands | Saved add-curve to outputs/tmc_shapley_sweep_all_traits/shards/shard_017/wing/tmp/add_curve_target_5.csv
2026-03-04 17:48:00 | INFO | src.tmc_shapley_islands | Saved remove-curve to outputs/tmc_shapley_sweep_all_traits/shards/shard_017/wing/tmp/remove_curve_target_5.csv
2026-03-04 17:48:01 | INFO | src.tmc_shapley_islands | Saved bar plot to outputs/tmc_shapley_sweep_all_traits/shards/shard_017/wing/tmp/shapley_bar_target_5.png
2026-03-04 17:48:01 | INFO | src.tmc_shapley_islands | Saved add-curve plot to outputs/tmc_shapley_sweep_all_traits/shards/shard_017/wing/tmp/add_curve_target_5.png
2026-03-04 17:48:02 | INFO | src.tmc_shapley_islands | Saved remove-curve plot to outputs/tmc_shapley_sweep_all_traits/shards/shard_017/wing/tmp/remove_curve_target_5.png
2026-03-04 17:48:02 | INFO | __main__ | Shard 17/30 trait=wing progress 29/75 | target=5 n_cal_samples=10 perm=80 repeat=5
2026-03-04 17:48:02 | INFO | src.tmc_shapley_islands | [Shapley] Target island: 5 (Hestmannøy), source islands: 15
2026-03-04 17:48:02 | INFO | src.tmc_shapley_islands | Data: source=4578 (across 15 islands), cal=10, test=905
2026-03-04 17:48:02 | INFO | src.tmc_shapley_islands | SNP selection: using fixed precomputed subset (n=20000)
2026-03-04 17:48:02 | INFO | src.tmc_shapley_islands | Island counts (capped to None in training):
  Nesøy: n=118
  Myken: n=92
  Træna: n=286
  Selvær: n=191
  Gjerøy: n=553
  Indre Kvarøy: n=349
  Onøy og Lurøy: n=256
  Lovund: n=151
  Sleneset: n=160
  Aldra: n=173
  Southern 1: n=581
  Southern 2: n=397
  Southern 3: n=583
  Southern 4: n=486
  Southern 5: n=202
2026-03-04 17:48:02 | INFO | src.tmc_shapley_islands | Loaded 494 cached utilities from outputs/tmc_shapley_sweep_all_traits/cache/wing/utility_cache_target_5_seed_1158712593.json
2026-03-04 17:48:02 | INFO | src.tmc_shapley_islands | Running TMC-Shapley with 80 permutations (utility on cal set)...
2026-03-04 17:48:02 | INFO | src.tmc_shapley_islands | Computing V_full over all 15 source islands...
2026-03-04 17:48:02 | INFO | src.tmc_shapley_islands | V_full = 0.1961
2026-03-04 17:48:02 | INFO | src.tmc_shapley_islands | TMC head-start: loaded 40 completed permutations from state outputs/tmc_shapley_sweep_all_traits/cache/wing/tmc_perm_state_target_5_seed_1158712593.json
2026-03-04 17:49:22 | INFO | src.tmc_shapley_islands | TMC progress: 48/80 permutations done, cache hit rate: 26.4%, n_evals: 89
2026-03-04 17:52:05 | INFO | src.tmc_shapley_islands | TMC progress: 64/80 permutations done, cache hit rate: 26.3%, n_evals: 266
2026-03-04 17:54:24 | INFO | src.tmc_shapley_islands | TMC progress: 80/80 permutations done, cache hit rate: 28.1%, n_evals: 432
2026-03-04 17:54:24 | INFO | src.tmc_shapley_islands | TMC complete: 80 permutations, 0 truncated, 432 utility evals, cache hit rate: 28.1%
2026-03-04 17:54:24 | INFO | src.tmc_shapley_islands | Shapley values (phi, computed on cal set):
2026-03-04 17:54:24 | INFO | src.tmc_shapley_islands |   Nesøy: phi=0.070043, phi/n=0.00059358
2026-03-04 17:54:24 | INFO | src.tmc_shapley_islands |   Myken: phi=-0.031729, phi/n=-0.00034488
2026-03-04 17:54:24 | INFO | src.tmc_shapley_islands |   Træna: phi=0.095561, phi/n=0.00033413
2026-03-04 17:54:24 | INFO | src.tmc_shapley_islands |   Selvær: phi=0.059730, phi/n=0.00031272
2026-03-04 17:54:24 | INFO | src.tmc_shapley_islands |   Gjerøy: phi=0.041353, phi/n=0.00007478
2026-03-04 17:54:24 | INFO | src.tmc_shapley_islands |   Indre Kvarøy: phi=-0.155330, phi/n=-0.00044507
2026-03-04 17:54:24 | INFO | src.tmc_shapley_islands |   Onøy og Lurøy: phi=-0.085846, phi/n=-0.00033534
2026-03-04 17:54:24 | INFO | src.tmc_shapley_islands |   Lovund: phi=0.194216, phi/n=0.00128620
2026-03-04 17:54:24 | INFO | src.tmc_shapley_islands |   Sleneset: phi=-0.080297, phi/n=-0.00050185
2026-03-04 17:54:24 | INFO | src.tmc_shapley_islands |   Aldra: phi=0.145631, phi/n=0.00084180
2026-03-04 17:54:24 | INFO | src.tmc_shapley_islands |   Southern 1: phi=-0.044392, phi/n=-0.00007641
2026-03-04 17:54:24 | INFO | src.tmc_shapley_islands |   Southern 2: phi=-0.148709, phi/n=-0.00037458
2026-03-04 17:54:24 | INFO | src.tmc_shapley_islands |   Southern 3: phi=0.106376, phi/n=0.00018246
2026-03-04 17:54:24 | INFO | src.tmc_shapley_islands |   Southern 4: phi=0.063110, phi/n=0.00012986
2026-03-04 17:54:24 | INFO | src.tmc_shapley_islands |   Southern 5: phi=-0.033586, phi/n=-0.00016627
2026-03-04 17:54:24 | INFO | src.tmc_shapley_islands | Curve retraining early stopping: enabled=True, patience=20
2026-03-04 17:54:24 | INFO | src.tmc_shapley_islands | Computing add-islands curve (evaluated on test set)...
2026-03-04 17:54:24 | INFO | src.tmc_shapley_islands | Add-curve (mean): 1 islands, n=151 -> corr=0.0046
2026-03-04 17:54:25 | INFO | src.tmc_shapley_islands | Add-curve (mean): 2 islands, n=324 -> corr=0.0538
2026-03-04 17:54:25 | INFO | src.tmc_shapley_islands | Add-curve (mean): 3 islands, n=442 -> corr=0.0775
2026-03-04 17:54:25 | INFO | src.tmc_shapley_islands | Add-curve (mean): 4 islands, n=728 -> corr=0.1067
2026-03-04 17:54:26 | INFO | src.tmc_shapley_islands | Add-curve (mean): 5 islands, n=919 -> corr=0.1080
2026-03-04 17:54:26 | INFO | src.tmc_shapley_islands | Add-curve (mean): 6 islands, n=1502 -> corr=0.0767
2026-03-04 17:54:27 | INFO | src.tmc_shapley_islands | Add-curve (mean): 7 islands, n=1988 -> corr=0.0890
2026-03-04 17:54:28 | INFO | src.tmc_shapley_islands | Add-curve (mean): 8 islands, n=2541 -> corr=0.1143
2026-03-04 17:54:29 | INFO | src.tmc_shapley_islands | Add-curve (mean): 9 islands, n=3122 -> corr=0.1209
2026-03-04 17:54:31 | INFO | src.tmc_shapley_islands | Add-curve (mean): 10 islands, n=3324 -> corr=0.1205
2026-03-04 17:54:32 | INFO | src.tmc_shapley_islands | Add-curve (mean): 11 islands, n=3580 -> corr=0.1531
2026-03-04 17:54:33 | INFO | src.tmc_shapley_islands | Add-curve (mean): 12 islands, n=3672 -> corr=0.1513
2026-03-04 17:54:35 | INFO | src.tmc_shapley_islands | Add-curve (mean): 13 islands, n=4069 -> corr=0.1508
2026-03-04 17:54:37 | INFO | src.tmc_shapley_islands | Add-curve (mean): 14 islands, n=4418 -> corr=0.1648
2026-03-04 17:54:39 | INFO | src.tmc_shapley_islands | Add-curve (mean): 15 islands, n=4578 -> corr=0.1664
2026-03-04 17:54:49 | INFO | src.tmc_shapley_islands | Random individual add-curve (seed=0) complete
2026-03-04 17:54:59 | INFO | src.tmc_shapley_islands | Random individual add-curve (seed=1) complete
2026-03-04 17:55:10 | INFO | src.tmc_shapley_islands | Random individual add-curve (seed=2) complete
2026-03-04 17:55:20 | INFO | src.tmc_shapley_islands | Random individual add-curve (seed=3) complete
2026-03-04 17:55:30 | INFO | src.tmc_shapley_islands | Random individual add-curve (seed=4) complete
2026-03-04 17:55:30 | INFO | src.tmc_shapley_islands | Building mirrored remove-islands curve from add-islands curve...
2026-03-04 17:55:30 | INFO | src.tmc_shapley_islands | Saved Shapley values to outputs/tmc_shapley_sweep_all_traits/shards/shard_017/wing/tmp/shapley_island_values_target_5.csv
2026-03-04 17:55:30 | INFO | src.tmc_shapley_islands | Saved summary to outputs/tmc_shapley_sweep_all_traits/shards/shard_017/wing/tmp/tmc_summary_target_5.json
2026-03-04 17:55:30 | INFO | src.tmc_shapley_islands | Saved intermediate ranking trace to outputs/tmc_shapley_sweep_all_traits/shards/shard_017/wing/tmp/tmc_intermediate_rankings_target_5.csv
2026-03-04 17:55:30 | INFO | src.tmc_shapley_islands | Saved add-curve to outputs/tmc_shapley_sweep_all_traits/shards/shard_017/wing/tmp/add_curve_target_5.csv
2026-03-04 17:55:30 | INFO | src.tmc_shapley_islands | Saved remove-curve to outputs/tmc_shapley_sweep_all_traits/shards/shard_017/wing/tmp/remove_curve_target_5.csv
2026-03-04 17:55:31 | INFO | src.tmc_shapley_islands | Saved bar plot to outputs/tmc_shapley_sweep_all_traits/shards/shard_017/wing/tmp/shapley_bar_target_5.png
2026-03-04 17:55:31 | INFO | src.tmc_shapley_islands | Saved add-curve plot to outputs/tmc_shapley_sweep_all_traits/shards/shard_017/wing/tmp/add_curve_target_5.png
2026-03-04 17:55:32 | INFO | src.tmc_shapley_islands | Saved remove-curve plot to outputs/tmc_shapley_sweep_all_traits/shards/shard_017/wing/tmp/remove_curve_target_5.png
2026-03-04 17:55:32 | INFO | __main__ | Shard 17/30 trait=wing progress 30/75 | target=5 n_cal_samples=10 perm=150 repeat=5
2026-03-04 17:55:32 | INFO | src.tmc_shapley_islands | [Shapley] Target island: 5 (Hestmannøy), source islands: 15
2026-03-04 17:55:33 | INFO | src.tmc_shapley_islands | Data: source=4578 (across 15 islands), cal=10, test=905
2026-03-04 17:55:33 | INFO | src.tmc_shapley_islands | SNP selection: using fixed precomputed subset (n=20000)
2026-03-04 17:55:33 | INFO | src.tmc_shapley_islands | Island counts (capped to None in training):
  Nesøy: n=118
  Myken: n=92
  Træna: n=286
  Selvær: n=191
  Gjerøy: n=553
  Indre Kvarøy: n=349
  Onøy og Lurøy: n=256
  Lovund: n=151
  Sleneset: n=160
  Aldra: n=173
  Southern 1: n=581
  Southern 2: n=397
  Southern 3: n=583
  Southern 4: n=486
  Southern 5: n=202
2026-03-04 17:55:33 | INFO | src.tmc_shapley_islands | Loaded 926 cached utilities from outputs/tmc_shapley_sweep_all_traits/cache/wing/utility_cache_target_5_seed_1158712593.json
2026-03-04 17:55:33 | INFO | src.tmc_shapley_islands | Running TMC-Shapley with 150 permutations (utility on cal set)...
2026-03-04 17:55:33 | INFO | src.tmc_shapley_islands | Computing V_full over all 15 source islands...
2026-03-04 17:55:33 | INFO | src.tmc_shapley_islands | V_full = 0.1961
2026-03-04 17:55:33 | INFO | src.tmc_shapley_islands | TMC head-start: loaded 80 completed permutations from state outputs/tmc_shapley_sweep_all_traits/cache/wing/tmc_perm_state_target_5_seed_1158712593.json
2026-03-04 17:57:06 | INFO | src.tmc_shapley_islands | TMC progress: 90/150 permutations done, cache hit rate: 31.8%, n_evals: 103
2026-03-04 18:01:28 | INFO | src.tmc_shapley_islands | TMC progress: 120/150 permutations done, cache hit rate: 32.8%, n_evals: 404
2026-03-04 18:05:30 | INFO | src.tmc_shapley_islands | TMC progress: 150/150 permutations done, cache hit rate: 34.9%, n_evals: 684
2026-03-04 18:05:30 | INFO | src.tmc_shapley_islands | TMC complete: 150 permutations, 0 truncated, 684 utility evals, cache hit rate: 34.9%
2026-03-04 18:05:30 | INFO | src.tmc_shapley_islands | Shapley values (phi, computed on cal set):
2026-03-04 18:05:30 | INFO | src.tmc_shapley_islands |   Nesøy: phi=0.073934, phi/n=0.00062656
2026-03-04 18:05:30 | INFO | src.tmc_shapley_islands |   Myken: phi=-0.034378, phi/n=-0.00037367
2026-03-04 18:05:30 | INFO | src.tmc_shapley_islands |   Træna: phi=0.106581, phi/n=0.00037266
2026-03-04 18:05:30 | INFO | src.tmc_shapley_islands |   Selvær: phi=0.053286, phi/n=0.00027898
2026-03-04 18:05:30 | INFO | src.tmc_shapley_islands |   Gjerøy: phi=0.040167, phi/n=0.00007263
2026-03-04 18:05:30 | INFO | src.tmc_shapley_islands |   Indre Kvarøy: phi=-0.164455, phi/n=-0.00047122
2026-03-04 18:05:30 | INFO | src.tmc_shapley_islands |   Onøy og Lurøy: phi=-0.079570, phi/n=-0.00031082
2026-03-04 18:05:30 | INFO | src.tmc_shapley_islands |   Lovund: phi=0.189000, phi/n=0.00125166
2026-03-04 18:05:30 | INFO | src.tmc_shapley_islands |   Sleneset: phi=-0.075036, phi/n=-0.00046897
2026-03-04 18:05:30 | INFO | src.tmc_shapley_islands |   Aldra: phi=0.142352, phi/n=0.00082284
2026-03-04 18:05:30 | INFO | src.tmc_shapley_islands |   Southern 1: phi=-0.039539, phi/n=-0.00006805
2026-03-04 18:05:30 | INFO | src.tmc_shapley_islands |   Southern 2: phi=-0.153643, phi/n=-0.00038701
2026-03-04 18:05:30 | INFO | src.tmc_shapley_islands |   Southern 3: phi=0.100347, phi/n=0.00017212
2026-03-04 18:05:30 | INFO | src.tmc_shapley_islands |   Southern 4: phi=0.072304, phi/n=0.00014877
2026-03-04 18:05:30 | INFO | src.tmc_shapley_islands |   Southern 5: phi=-0.035219, phi/n=-0.00017435
2026-03-04 18:05:30 | INFO | src.tmc_shapley_islands | Curve retraining early stopping: enabled=True, patience=20
2026-03-04 18:05:30 | INFO | src.tmc_shapley_islands | Computing add-islands curve (evaluated on test set)...
2026-03-04 18:05:30 | INFO | src.tmc_shapley_islands | Add-curve (mean): 1 islands, n=151 -> corr=0.0046
2026-03-04 18:05:30 | INFO | src.tmc_shapley_islands | Add-curve (mean): 2 islands, n=324 -> corr=0.0538
2026-03-04 18:05:30 | INFO | src.tmc_shapley_islands | Add-curve (mean): 3 islands, n=442 -> corr=0.0775
2026-03-04 18:05:31 | INFO | src.tmc_shapley_islands | Add-curve (mean): 4 islands, n=728 -> corr=0.1067
2026-03-04 18:05:31 | INFO | src.tmc_shapley_islands | Add-curve (mean): 5 islands, n=919 -> corr=0.1080
2026-03-04 18:05:32 | INFO | src.tmc_shapley_islands | Add-curve (mean): 6 islands, n=1502 -> corr=0.0767
2026-03-04 18:05:33 | INFO | src.tmc_shapley_islands | Add-curve (mean): 7 islands, n=1988 -> corr=0.0890
2026-03-04 18:05:34 | INFO | src.tmc_shapley_islands | Add-curve (mean): 8 islands, n=2541 -> corr=0.1143
2026-03-04 18:05:35 | INFO | src.tmc_shapley_islands | Add-curve (mean): 9 islands, n=3122 -> corr=0.1209
2026-03-04 18:05:36 | INFO | src.tmc_shapley_islands | Add-curve (mean): 10 islands, n=3324 -> corr=0.1205
2026-03-04 18:05:38 | INFO | src.tmc_shapley_islands | Add-curve (mean): 11 islands, n=3580 -> corr=0.1531
2026-03-04 18:05:39 | INFO | src.tmc_shapley_islands | Add-curve (mean): 12 islands, n=3672 -> corr=0.1513
2026-03-04 18:05:41 | INFO | src.tmc_shapley_islands | Add-curve (mean): 13 islands, n=4069 -> corr=0.1508
2026-03-04 18:05:43 | INFO | src.tmc_shapley_islands | Add-curve (mean): 14 islands, n=4229 -> corr=0.1528
2026-03-04 18:05:45 | INFO | src.tmc_shapley_islands | Add-curve (mean): 15 islands, n=4578 -> corr=0.1664
2026-03-04 18:05:55 | INFO | src.tmc_shapley_islands | Random individual add-curve (seed=0) complete
2026-03-04 18:06:05 | INFO | src.tmc_shapley_islands | Random individual add-curve (seed=1) complete
2026-03-04 18:06:15 | INFO | src.tmc_shapley_islands | Random individual add-curve (seed=2) complete
2026-03-04 18:06:25 | INFO | src.tmc_shapley_islands | Random individual add-curve (seed=3) complete
2026-03-04 18:06:36 | INFO | src.tmc_shapley_islands | Random individual add-curve (seed=4) complete
2026-03-04 18:06:36 | INFO | src.tmc_shapley_islands | Building mirrored remove-islands curve from add-islands curve...
2026-03-04 18:06:36 | INFO | src.tmc_shapley_islands | Saved Shapley values to outputs/tmc_shapley_sweep_all_traits/shards/shard_017/wing/tmp/shapley_island_values_target_5.csv
2026-03-04 18:06:36 | INFO | src.tmc_shapley_islands | Saved summary to outputs/tmc_shapley_sweep_all_traits/shards/shard_017/wing/tmp/tmc_summary_target_5.json
2026-03-04 18:06:36 | INFO | src.tmc_shapley_islands | Saved intermediate ranking trace to outputs/tmc_shapley_sweep_all_traits/shards/shard_017/wing/tmp/tmc_intermediate_rankings_target_5.csv
2026-03-04 18:06:36 | INFO | src.tmc_shapley_islands | Saved add-curve to outputs/tmc_shapley_sweep_all_traits/shards/shard_017/wing/tmp/add_curve_target_5.csv
2026-03-04 18:06:36 | INFO | src.tmc_shapley_islands | Saved remove-curve to outputs/tmc_shapley_sweep_all_traits/shards/shard_017/wing/tmp/remove_curve_target_5.csv
2026-03-04 18:06:36 | INFO | src.tmc_shapley_islands | Saved bar plot to outputs/tmc_shapley_sweep_all_traits/shards/shard_017/wing/tmp/shapley_bar_target_5.png
2026-03-04 18:06:37 | INFO | src.tmc_shapley_islands | Saved add-curve plot to outputs/tmc_shapley_sweep_all_traits/shards/shard_017/wing/tmp/add_curve_target_5.png
2026-03-04 18:06:37 | INFO | src.tmc_shapley_islands | Saved remove-curve plot to outputs/tmc_shapley_sweep_all_traits/shards/shard_017/wing/tmp/remove_curve_target_5.png
2026-03-04 18:06:37 | INFO | __main__ | Shard 17/30 trait=wing progress 31/75 | target=5 n_cal_samples=20 perm=10 repeat=5
2026-03-04 18:06:37 | INFO | src.tmc_shapley_islands | [Shapley] Target island: 5 (Hestmannøy), source islands: 15
2026-03-04 18:06:38 | INFO | src.tmc_shapley_islands | Data: source=4578 (across 15 islands), cal=20, test=905
2026-03-04 18:06:38 | INFO | src.tmc_shapley_islands | SNP selection: using fixed precomputed subset (n=20000)
2026-03-04 18:06:38 | INFO | src.tmc_shapley_islands | Island counts (capped to None in training):
  Nesøy: n=118
  Myken: n=92
  Træna: n=286
  Selvær: n=191
  Gjerøy: n=553
  Indre Kvarøy: n=349
  Onøy og Lurøy: n=256
  Lovund: n=151
  Sleneset: n=160
  Aldra: n=173
  Southern 1: n=581
  Southern 2: n=397
  Southern 3: n=583
  Southern 4: n=486
  Southern 5: n=202
2026-03-04 18:06:38 | INFO | src.tmc_shapley_islands | Running TMC-Shapley with 10 permutations (utility on cal set)...
2026-03-04 18:06:38 | INFO | src.tmc_shapley_islands | Computing V_full over all 15 source islands...
2026-03-04 18:06:40 | INFO | src.tmc_shapley_islands | V_full = 0.1760
2026-03-04 18:07:07 | INFO | src.tmc_shapley_islands | TMC progress: 2/10 permutations done, cache hit rate: 6.5%, n_evals: 29
2026-03-04 18:07:31 | INFO | src.tmc_shapley_islands | TMC progress: 4/10 permutations done, cache hit rate: 6.6%, n_evals: 57
2026-03-04 18:07:56 | INFO | src.tmc_shapley_islands | TMC progress: 6/10 permutations done, cache hit rate: 8.8%, n_evals: 83
2026-03-04 18:08:20 | INFO | src.tmc_shapley_islands | TMC progress: 8/10 permutations done, cache hit rate: 8.3%, n_evals: 111
2026-03-04 18:08:40 | INFO | src.tmc_shapley_islands | TMC progress: 10/10 permutations done, cache hit rate: 10.6%, n_evals: 135
2026-03-04 18:08:40 | INFO | src.tmc_shapley_islands | TMC complete: 10 permutations, 0 truncated, 135 utility evals, cache hit rate: 10.6%
2026-03-04 18:08:40 | INFO | src.tmc_shapley_islands | Shapley values (phi, computed on cal set):
2026-03-04 18:08:40 | INFO | src.tmc_shapley_islands |   Nesøy: phi=0.077226, phi/n=0.00065446
2026-03-04 18:08:40 | INFO | src.tmc_shapley_islands |   Myken: phi=-0.008638, phi/n=-0.00009389
2026-03-04 18:08:40 | INFO | src.tmc_shapley_islands |   Træna: phi=-0.077208, phi/n=-0.00026996
2026-03-04 18:08:40 | INFO | src.tmc_shapley_islands |   Selvær: phi=-0.021644, phi/n=-0.00011332
2026-03-04 18:08:40 | INFO | src.tmc_shapley_islands |   Gjerøy: phi=0.065255, phi/n=0.00011800
2026-03-04 18:08:40 | INFO | src.tmc_shapley_islands |   Indre Kvarøy: phi=0.083372, phi/n=0.00023889
2026-03-04 18:08:40 | INFO | src.tmc_shapley_islands |   Onøy og Lurøy: phi=0.114030, phi/n=0.00044543
2026-03-04 18:08:40 | INFO | src.tmc_shapley_islands |   Lovund: phi=-0.014463, phi/n=-0.00009578
2026-03-04 18:08:40 | INFO | src.tmc_shapley_islands |   Sleneset: phi=-0.013057, phi/n=-0.00008161
2026-03-04 18:08:40 | INFO | src.tmc_shapley_islands |   Aldra: phi=-0.082878, phi/n=-0.00047907
2026-03-04 18:08:40 | INFO | src.tmc_shapley_islands |   Southern 1: phi=-0.015449, phi/n=-0.00002659
2026-03-04 18:08:40 | INFO | src.tmc_shapley_islands |   Southern 2: phi=0.197696, phi/n=0.00049797
2026-03-04 18:08:40 | INFO | src.tmc_shapley_islands |   Southern 3: phi=-0.127332, phi/n=-0.00021841
2026-03-04 18:08:40 | INFO | src.tmc_shapley_islands |   Southern 4: phi=-0.001411, phi/n=-0.00000290
2026-03-04 18:08:40 | INFO | src.tmc_shapley_islands |   Southern 5: phi=0.000518, phi/n=0.00000256
2026-03-04 18:08:40 | INFO | src.tmc_shapley_islands | Curve retraining early stopping: enabled=True, patience=20
2026-03-04 18:08:40 | INFO | src.tmc_shapley_islands | Computing add-islands curve (evaluated on test set)...
2026-03-04 18:08:40 | INFO | src.tmc_shapley_islands | Add-curve (mean): 1 islands, n=118 -> corr=0.0602
2026-03-04 18:08:40 | INFO | src.tmc_shapley_islands | Add-curve (mean): 2 islands, n=515 -> corr=0.0437
2026-03-04 18:08:40 | INFO | src.tmc_shapley_islands | Add-curve (mean): 3 islands, n=771 -> corr=0.1244
2026-03-04 18:08:41 | INFO | src.tmc_shapley_islands | Add-curve (mean): 4 islands, n=1120 -> corr=0.1394
2026-03-04 18:08:42 | INFO | src.tmc_shapley_islands | Add-curve (mean): 5 islands, n=1673 -> corr=0.1297
2026-03-04 18:08:43 | INFO | src.tmc_shapley_islands | Add-curve (mean): 6 islands, n=1875 -> corr=0.1248
2026-03-04 18:08:44 | INFO | src.tmc_shapley_islands | Add-curve (mean): 7 islands, n=2361 -> corr=0.1365
2026-03-04 18:08:45 | INFO | src.tmc_shapley_islands | Add-curve (mean): 8 islands, n=2942 -> corr=0.1383
2026-03-04 18:08:46 | INFO | src.tmc_shapley_islands | Add-curve (mean): 9 islands, n=3102 -> corr=0.1389
2026-03-04 18:08:47 | INFO | src.tmc_shapley_islands | Add-curve (mean): 10 islands, n=3194 -> corr=0.1406
2026-03-04 18:08:49 | INFO | src.tmc_shapley_islands | Add-curve (mean): 11 islands, n=3345 -> corr=0.1427
2026-03-04 18:08:50 | INFO | src.tmc_shapley_islands | Add-curve (mean): 12 islands, n=3536 -> corr=0.1470
2026-03-04 18:08:52 | INFO | src.tmc_shapley_islands | Add-curve (mean): 13 islands, n=4119 -> corr=0.1324
2026-03-04 18:08:54 | INFO | src.tmc_shapley_islands | Add-curve (mean): 14 islands, n=4405 -> corr=0.1397
2026-03-04 18:08:56 | INFO | src.tmc_shapley_islands | Add-curve (mean): 15 islands, n=4578 -> corr=0.1451
2026-03-04 18:09:07 | INFO | src.tmc_shapley_islands | Random individual add-curve (seed=0) complete
2026-03-04 18:09:18 | INFO | src.tmc_shapley_islands | Random individual add-curve (seed=1) complete
2026-03-04 18:09:29 | INFO | src.tmc_shapley_islands | Random individual add-curve (seed=2) complete
2026-03-04 18:09:40 | INFO | src.tmc_shapley_islands | Random individual add-curve (seed=3) complete
2026-03-04 18:09:51 | INFO | src.tmc_shapley_islands | Random individual add-curve (seed=4) complete
2026-03-04 18:09:51 | INFO | src.tmc_shapley_islands | Building mirrored remove-islands curve from add-islands curve...
2026-03-04 18:09:51 | INFO | src.tmc_shapley_islands | Saved Shapley values to outputs/tmc_shapley_sweep_all_traits/shards/shard_017/wing/tmp/shapley_island_values_target_5.csv
2026-03-04 18:09:51 | INFO | src.tmc_shapley_islands | Saved summary to outputs/tmc_shapley_sweep_all_traits/shards/shard_017/wing/tmp/tmc_summary_target_5.json
2026-03-04 18:09:51 | INFO | src.tmc_shapley_islands | Saved intermediate ranking trace to outputs/tmc_shapley_sweep_all_traits/shards/shard_017/wing/tmp/tmc_intermediate_rankings_target_5.csv
2026-03-04 18:09:51 | INFO | src.tmc_shapley_islands | Saved add-curve to outputs/tmc_shapley_sweep_all_traits/shards/shard_017/wing/tmp/add_curve_target_5.csv
2026-03-04 18:09:51 | INFO | src.tmc_shapley_islands | Saved remove-curve to outputs/tmc_shapley_sweep_all_traits/shards/shard_017/wing/tmp/remove_curve_target_5.csv
2026-03-04 18:09:51 | INFO | src.tmc_shapley_islands | Saved bar plot to outputs/tmc_shapley_sweep_all_traits/shards/shard_017/wing/tmp/shapley_bar_target_5.png
2026-03-04 18:09:52 | INFO | src.tmc_shapley_islands | Saved add-curve plot to outputs/tmc_shapley_sweep_all_traits/shards/shard_017/wing/tmp/add_curve_target_5.png
2026-03-04 18:09:52 | INFO | src.tmc_shapley_islands | Saved remove-curve plot to outputs/tmc_shapley_sweep_all_traits/shards/shard_017/wing/tmp/remove_curve_target_5.png
2026-03-04 18:09:52 | INFO | __main__ | Shard 17/30 trait=wing progress 32/75 | target=5 n_cal_samples=20 perm=20 repeat=5
2026-03-04 18:09:52 | INFO | src.tmc_shapley_islands | [Shapley] Target island: 5 (Hestmannøy), source islands: 15
2026-03-04 18:09:53 | INFO | src.tmc_shapley_islands | Data: source=4578 (across 15 islands), cal=20, test=905
2026-03-04 18:09:53 | INFO | src.tmc_shapley_islands | SNP selection: using fixed precomputed subset (n=20000)
2026-03-04 18:09:53 | INFO | src.tmc_shapley_islands | Island counts (capped to None in training):
  Nesøy: n=118
  Myken: n=92
  Træna: n=286
  Selvær: n=191
  Gjerøy: n=553
  Indre Kvarøy: n=349
  Onøy og Lurøy: n=256
  Lovund: n=151
  Sleneset: n=160
  Aldra: n=173
  Southern 1: n=581
  Southern 2: n=397
  Southern 3: n=583
  Southern 4: n=486
  Southern 5: n=202
2026-03-04 18:09:53 | INFO | src.tmc_shapley_islands | Loaded 135 cached utilities from outputs/tmc_shapley_sweep_all_traits/cache/wing/utility_cache_target_5_seed_1115966523.json
2026-03-04 18:09:53 | INFO | src.tmc_shapley_islands | Running TMC-Shapley with 20 permutations (utility on cal set)...
2026-03-04 18:09:53 | INFO | src.tmc_shapley_islands | Computing V_full over all 15 source islands...
2026-03-04 18:09:53 | INFO | src.tmc_shapley_islands | V_full = 0.1760
2026-03-04 18:09:53 | INFO | src.tmc_shapley_islands | TMC head-start: loaded 10 completed permutations from state outputs/tmc_shapley_sweep_all_traits/cache/wing/tmc_perm_state_target_5_seed_1115966523.json
2026-03-04 18:10:14 | INFO | src.tmc_shapley_islands | TMC progress: 12/20 permutations done, cache hit rate: 19.4%, n_evals: 25
2026-03-04 18:10:56 | INFO | src.tmc_shapley_islands | TMC progress: 16/20 permutations done, cache hit rate: 16.5%, n_evals: 76
2026-03-04 18:11:38 | INFO | src.tmc_shapley_islands | TMC progress: 20/20 permutations done, cache hit rate: 17.2%, n_evals: 125
2026-03-04 18:11:38 | INFO | src.tmc_shapley_islands | TMC complete: 20 permutations, 0 truncated, 125 utility evals, cache hit rate: 17.2%
2026-03-04 18:11:38 | INFO | src.tmc_shapley_islands | Shapley values (phi, computed on cal set):
2026-03-04 18:11:38 | INFO | src.tmc_shapley_islands |   Nesøy: phi=0.083626, phi/n=0.00070870
2026-03-04 18:11:38 | INFO | src.tmc_shapley_islands |   Myken: phi=-0.011693, phi/n=-0.00012710
2026-03-04 18:11:38 | INFO | src.tmc_shapley_islands |   Træna: phi=-0.076799, phi/n=-0.00026853
2026-03-04 18:11:38 | INFO | src.tmc_shapley_islands |   Selvær: phi=-0.017826, phi/n=-0.00009333
2026-03-04 18:11:38 | INFO | src.tmc_shapley_islands |   Gjerøy: phi=0.073258, phi/n=0.00013247
2026-03-04 18:11:38 | INFO | src.tmc_shapley_islands |   Indre Kvarøy: phi=0.077015, phi/n=0.00022067
2026-03-04 18:11:38 | INFO | src.tmc_shapley_islands |   Onøy og Lurøy: phi=0.118655, phi/n=0.00046349
2026-03-04 18:11:38 | INFO | src.tmc_shapley_islands |   Lovund: phi=-0.021874, phi/n=-0.00014486
2026-03-04 18:11:38 | INFO | src.tmc_shapley_islands |   Sleneset: phi=-0.012664, phi/n=-0.00007915
2026-03-04 18:11:38 | INFO | src.tmc_shapley_islands |   Aldra: phi=-0.073904, phi/n=-0.00042719
2026-03-04 18:11:38 | INFO | src.tmc_shapley_islands |   Southern 1: phi=-0.019148, phi/n=-0.00003296
2026-03-04 18:11:38 | INFO | src.tmc_shapley_islands |   Southern 2: phi=0.152433, phi/n=0.00038396
2026-03-04 18:11:38 | INFO | src.tmc_shapley_islands |   Southern 3: phi=-0.109068, phi/n=-0.00018708
2026-03-04 18:11:38 | INFO | src.tmc_shapley_islands |   Southern 4: phi=0.011645, phi/n=0.00002396
2026-03-04 18:11:38 | INFO | src.tmc_shapley_islands |   Southern 5: phi=0.002360, phi/n=0.00001169
2026-03-04 18:11:38 | INFO | src.tmc_shapley_islands | Curve retraining early stopping: enabled=True, patience=20
2026-03-04 18:11:38 | INFO | src.tmc_shapley_islands | Computing add-islands curve (evaluated on test set)...
2026-03-04 18:11:39 | INFO | src.tmc_shapley_islands | Add-curve (mean): 1 islands, n=118 -> corr=0.0602
2026-03-04 18:11:39 | INFO | src.tmc_shapley_islands | Add-curve (mean): 2 islands, n=374 -> corr=0.1344
2026-03-04 18:11:39 | INFO | src.tmc_shapley_islands | Add-curve (mean): 3 islands, n=771 -> corr=0.1244
2026-03-04 18:11:40 | INFO | src.tmc_shapley_islands | Add-curve (mean): 4 islands, n=1120 -> corr=0.1394
2026-03-04 18:11:40 | INFO | src.tmc_shapley_islands | Add-curve (mean): 5 islands, n=1673 -> corr=0.1297
2026-03-04 18:11:41 | INFO | src.tmc_shapley_islands | Add-curve (mean): 6 islands, n=2159 -> corr=0.1405
2026-03-04 18:11:42 | INFO | src.tmc_shapley_islands | Add-curve (mean): 7 islands, n=2361 -> corr=0.1365
2026-03-04 18:11:43 | INFO | src.tmc_shapley_islands | Add-curve (mean): 8 islands, n=2942 -> corr=0.1383
2026-03-04 18:11:45 | INFO | src.tmc_shapley_islands | Add-curve (mean): 9 islands, n=3102 -> corr=0.1389
2026-03-04 18:11:46 | INFO | src.tmc_shapley_islands | Add-curve (mean): 10 islands, n=3293 -> corr=0.1431
2026-03-04 18:11:47 | INFO | src.tmc_shapley_islands | Add-curve (mean): 11 islands, n=3385 -> corr=0.1445
2026-03-04 18:11:49 | INFO | src.tmc_shapley_islands | Add-curve (mean): 12 islands, n=3536 -> corr=0.1470
2026-03-04 18:11:51 | INFO | src.tmc_shapley_islands | Add-curve (mean): 13 islands, n=4119 -> corr=0.1324
2026-03-04 18:11:53 | INFO | src.tmc_shapley_islands | Add-curve (mean): 14 islands, n=4405 -> corr=0.1397
2026-03-04 18:11:55 | INFO | src.tmc_shapley_islands | Add-curve (mean): 15 islands, n=4578 -> corr=0.1451
2026-03-04 18:12:05 | INFO | src.tmc_shapley_islands | Random individual add-curve (seed=0) complete
2026-03-04 18:12:16 | INFO | src.tmc_shapley_islands | Random individual add-curve (seed=1) complete
2026-03-04 18:12:27 | INFO | src.tmc_shapley_islands | Random individual add-curve (seed=2) complete
2026-03-04 18:12:38 | INFO | src.tmc_shapley_islands | Random individual add-curve (seed=3) complete
2026-03-04 18:12:49 | INFO | src.tmc_shapley_islands | Random individual add-curve (seed=4) complete
2026-03-04 18:12:49 | INFO | src.tmc_shapley_islands | Building mirrored remove-islands curve from add-islands curve...
2026-03-04 18:12:49 | INFO | src.tmc_shapley_islands | Saved Shapley values to outputs/tmc_shapley_sweep_all_traits/shards/shard_017/wing/tmp/shapley_island_values_target_5.csv
2026-03-04 18:12:49 | INFO | src.tmc_shapley_islands | Saved summary to outputs/tmc_shapley_sweep_all_traits/shards/shard_017/wing/tmp/tmc_summary_target_5.json
2026-03-04 18:12:49 | INFO | src.tmc_shapley_islands | Saved intermediate ranking trace to outputs/tmc_shapley_sweep_all_traits/shards/shard_017/wing/tmp/tmc_intermediate_rankings_target_5.csv
2026-03-04 18:12:49 | INFO | src.tmc_shapley_islands | Saved add-curve to outputs/tmc_shapley_sweep_all_traits/shards/shard_017/wing/tmp/add_curve_target_5.csv
2026-03-04 18:12:49 | INFO | src.tmc_shapley_islands | Saved remove-curve to outputs/tmc_shapley_sweep_all_traits/shards/shard_017/wing/tmp/remove_curve_target_5.csv
2026-03-04 18:12:50 | INFO | src.tmc_shapley_islands | Saved bar plot to outputs/tmc_shapley_sweep_all_traits/shards/shard_017/wing/tmp/shapley_bar_target_5.png
2026-03-04 18:12:50 | INFO | src.tmc_shapley_islands | Saved add-curve plot to outputs/tmc_shapley_sweep_all_traits/shards/shard_017/wing/tmp/add_curve_target_5.png
2026-03-04 18:12:51 | INFO | src.tmc_shapley_islands | Saved remove-curve plot to outputs/tmc_shapley_sweep_all_traits/shards/shard_017/wing/tmp/remove_curve_target_5.png
2026-03-04 18:12:51 | INFO | __main__ | Shard 17/30 trait=wing progress 33/75 | target=5 n_cal_samples=20 perm=40 repeat=5
2026-03-04 18:12:51 | INFO | src.tmc_shapley_islands | [Shapley] Target island: 5 (Hestmannøy), source islands: 15
2026-03-04 18:12:52 | INFO | src.tmc_shapley_islands | Data: source=4578 (across 15 islands), cal=20, test=905
2026-03-04 18:12:52 | INFO | src.tmc_shapley_islands | SNP selection: using fixed precomputed subset (n=20000)
2026-03-04 18:12:52 | INFO | src.tmc_shapley_islands | Island counts (capped to None in training):
  Nesøy: n=118
  Myken: n=92
  Træna: n=286
  Selvær: n=191
  Gjerøy: n=553
  Indre Kvarøy: n=349
  Onøy og Lurøy: n=256
  Lovund: n=151
  Sleneset: n=160
  Aldra: n=173
  Southern 1: n=581
  Southern 2: n=397
  Southern 3: n=583
  Southern 4: n=486
  Southern 5: n=202
2026-03-04 18:12:52 | INFO | src.tmc_shapley_islands | Loaded 260 cached utilities from outputs/tmc_shapley_sweep_all_traits/cache/wing/utility_cache_target_5_seed_1115966523.json
2026-03-04 18:12:52 | INFO | src.tmc_shapley_islands | Running TMC-Shapley with 40 permutations (utility on cal set)...
2026-03-04 18:12:52 | INFO | src.tmc_shapley_islands | Computing V_full over all 15 source islands...
2026-03-04 18:12:52 | INFO | src.tmc_shapley_islands | V_full = 0.1760
2026-03-04 18:12:52 | INFO | src.tmc_shapley_islands | TMC head-start: loaded 20 completed permutations from state outputs/tmc_shapley_sweep_all_traits/cache/wing/tmc_perm_state_target_5_seed_1115966523.json
2026-03-04 18:13:41 | INFO | src.tmc_shapley_islands | TMC progress: 24/40 permutations done, cache hit rate: 18.0%, n_evals: 50
2026-03-04 18:15:06 | INFO | src.tmc_shapley_islands | TMC progress: 32/40 permutations done, cache hit rate: 19.3%, n_evals: 146
2026-03-04 18:16:33 | INFO | src.tmc_shapley_islands | TMC progress: 40/40 permutations done, cache hit rate: 20.3%, n_evals: 240
2026-03-04 18:16:33 | INFO | src.tmc_shapley_islands | TMC complete: 40 permutations, 0 truncated, 240 utility evals, cache hit rate: 20.3%
2026-03-04 18:16:33 | INFO | src.tmc_shapley_islands | Shapley values (phi, computed on cal set):
2026-03-04 18:16:33 | INFO | src.tmc_shapley_islands |   Nesøy: phi=0.065697, phi/n=0.00055675
2026-03-04 18:16:33 | INFO | src.tmc_shapley_islands |   Myken: phi=-0.011632, phi/n=-0.00012643
2026-03-04 18:16:33 | INFO | src.tmc_shapley_islands |   Træna: phi=-0.073084, phi/n=-0.00025554
2026-03-04 18:16:33 | INFO | src.tmc_shapley_islands |   Selvær: phi=-0.020639, phi/n=-0.00010806
2026-03-04 18:16:33 | INFO | src.tmc_shapley_islands |   Gjerøy: phi=0.080669, phi/n=0.00014587
2026-03-04 18:16:33 | INFO | src.tmc_shapley_islands |   Indre Kvarøy: phi=0.082587, phi/n=0.00023664
2026-03-04 18:16:33 | INFO | src.tmc_shapley_islands |   Onøy og Lurøy: phi=0.109914, phi/n=0.00042935
2026-03-04 18:16:33 | INFO | src.tmc_shapley_islands |   Lovund: phi=-0.018118, phi/n=-0.00011998
2026-03-04 18:16:33 | INFO | src.tmc_shapley_islands |   Sleneset: phi=-0.010273, phi/n=-0.00006420
2026-03-04 18:16:33 | INFO | src.tmc_shapley_islands |   Aldra: phi=-0.066801, phi/n=-0.00038613
2026-03-04 18:16:33 | INFO | src.tmc_shapley_islands |   Southern 1: phi=-0.022538, phi/n=-0.00003879
2026-03-04 18:16:33 | INFO | src.tmc_shapley_islands |   Southern 2: phi=0.131820, phi/n=0.00033204
2026-03-04 18:16:33 | INFO | src.tmc_shapley_islands |   Southern 3: phi=-0.095893, phi/n=-0.00016448
2026-03-04 18:16:33 | INFO | src.tmc_shapley_islands |   Southern 4: phi=0.020900, phi/n=0.00004300
2026-03-04 18:16:33 | INFO | src.tmc_shapley_islands |   Southern 5: phi=0.003407, phi/n=0.00001686
2026-03-04 18:16:33 | INFO | src.tmc_shapley_islands | Curve retraining early stopping: enabled=True, patience=20
2026-03-04 18:16:33 | INFO | src.tmc_shapley_islands | Computing add-islands curve (evaluated on test set)...
2026-03-04 18:16:34 | INFO | src.tmc_shapley_islands | Add-curve (mean): 1 islands, n=118 -> corr=0.0602
2026-03-04 18:16:34 | INFO | src.tmc_shapley_islands | Add-curve (mean): 2 islands, n=374 -> corr=0.1344
2026-03-04 18:16:34 | INFO | src.tmc_shapley_islands | Add-curve (mean): 3 islands, n=771 -> corr=0.1244
2026-03-04 18:16:35 | INFO | src.tmc_shapley_islands | Add-curve (mean): 4 islands, n=1120 -> corr=0.1394
2026-03-04 18:16:35 | INFO | src.tmc_shapley_islands | Add-curve (mean): 5 islands, n=1673 -> corr=0.1297
2026-03-04 18:16:36 | INFO | src.tmc_shapley_islands | Add-curve (mean): 6 islands, n=2159 -> corr=0.1405
2026-03-04 18:16:37 | INFO | src.tmc_shapley_islands | Add-curve (mean): 7 islands, n=2361 -> corr=0.1365
2026-03-04 18:16:39 | INFO | src.tmc_shapley_islands | Add-curve (mean): 8 islands, n=2942 -> corr=0.1383
2026-03-04 18:16:40 | INFO | src.tmc_shapley_islands | Add-curve (mean): 9 islands, n=3102 -> corr=0.1389
2026-03-04 18:16:41 | INFO | src.tmc_shapley_islands | Add-curve (mean): 10 islands, n=3293 -> corr=0.1431
2026-03-04 18:16:42 | INFO | src.tmc_shapley_islands | Add-curve (mean): 11 islands, n=3444 -> corr=0.1457
2026-03-04 18:16:44 | INFO | src.tmc_shapley_islands | Add-curve (mean): 12 islands, n=3536 -> corr=0.1470
2026-03-04 18:16:46 | INFO | src.tmc_shapley_islands | Add-curve (mean): 13 islands, n=4119 -> corr=0.1324
2026-03-04 18:16:48 | INFO | src.tmc_shapley_islands | Add-curve (mean): 14 islands, n=4405 -> corr=0.1397
2026-03-04 18:16:50 | INFO | src.tmc_shapley_islands | Add-curve (mean): 15 islands, n=4578 -> corr=0.1451
2026-03-04 18:17:01 | INFO | src.tmc_shapley_islands | Random individual add-curve (seed=0) complete
2026-03-04 18:17:11 | INFO | src.tmc_shapley_islands | Random individual add-curve (seed=1) complete
2026-03-04 18:17:22 | INFO | src.tmc_shapley_islands | Random individual add-curve (seed=2) complete
2026-03-04 18:17:33 | INFO | src.tmc_shapley_islands | Random individual add-curve (seed=3) complete
2026-03-04 18:17:44 | INFO | src.tmc_shapley_islands | Random individual add-curve (seed=4) complete
2026-03-04 18:17:44 | INFO | src.tmc_shapley_islands | Building mirrored remove-islands curve from add-islands curve...
2026-03-04 18:17:44 | INFO | src.tmc_shapley_islands | Saved Shapley values to outputs/tmc_shapley_sweep_all_traits/shards/shard_017/wing/tmp/shapley_island_values_target_5.csv
2026-03-04 18:17:44 | INFO | src.tmc_shapley_islands | Saved summary to outputs/tmc_shapley_sweep_all_traits/shards/shard_017/wing/tmp/tmc_summary_target_5.json
2026-03-04 18:17:44 | INFO | src.tmc_shapley_islands | Saved intermediate ranking trace to outputs/tmc_shapley_sweep_all_traits/shards/shard_017/wing/tmp/tmc_intermediate_rankings_target_5.csv
2026-03-04 18:17:44 | INFO | src.tmc_shapley_islands | Saved add-curve to outputs/tmc_shapley_sweep_all_traits/shards/shard_017/wing/tmp/add_curve_target_5.csv
2026-03-04 18:17:44 | INFO | src.tmc_shapley_islands | Saved remove-curve to outputs/tmc_shapley_sweep_all_traits/shards/shard_017/wing/tmp/remove_curve_target_5.csv
2026-03-04 18:17:45 | INFO | src.tmc_shapley_islands | Saved bar plot to outputs/tmc_shapley_sweep_all_traits/shards/shard_017/wing/tmp/shapley_bar_target_5.png
2026-03-04 18:17:45 | INFO | src.tmc_shapley_islands | Saved add-curve plot to outputs/tmc_shapley_sweep_all_traits/shards/shard_017/wing/tmp/add_curve_target_5.png
2026-03-04 18:17:46 | INFO | src.tmc_shapley_islands | Saved remove-curve plot to outputs/tmc_shapley_sweep_all_traits/shards/shard_017/wing/tmp/remove_curve_target_5.png
2026-03-04 18:17:46 | INFO | __main__ | Shard 17/30 trait=wing progress 34/75 | target=5 n_cal_samples=20 perm=80 repeat=5
2026-03-04 18:17:46 | INFO | src.tmc_shapley_islands | [Shapley] Target island: 5 (Hestmannøy), source islands: 15
2026-03-04 18:17:47 | INFO | src.tmc_shapley_islands | Data: source=4578 (across 15 islands), cal=20, test=905
2026-03-04 18:17:47 | INFO | src.tmc_shapley_islands | SNP selection: using fixed precomputed subset (n=20000)
2026-03-04 18:17:47 | INFO | src.tmc_shapley_islands | Island counts (capped to None in training):
  Nesøy: n=118
  Myken: n=92
  Træna: n=286
  Selvær: n=191
  Gjerøy: n=553
  Indre Kvarøy: n=349
  Onøy og Lurøy: n=256
  Lovund: n=151
  Sleneset: n=160
  Aldra: n=173
  Southern 1: n=581
  Southern 2: n=397
  Southern 3: n=583
  Southern 4: n=486
  Southern 5: n=202
2026-03-04 18:17:47 | INFO | src.tmc_shapley_islands | Loaded 500 cached utilities from outputs/tmc_shapley_sweep_all_traits/cache/wing/utility_cache_target_5_seed_1115966523.json
2026-03-04 18:17:47 | INFO | src.tmc_shapley_islands | Running TMC-Shapley with 80 permutations (utility on cal set)...
2026-03-04 18:17:47 | INFO | src.tmc_shapley_islands | Computing V_full over all 15 source islands...
2026-03-04 18:17:47 | INFO | src.tmc_shapley_islands | V_full = 0.1760
2026-03-04 18:17:47 | INFO | src.tmc_shapley_islands | TMC head-start: loaded 40 completed permutations from state outputs/tmc_shapley_sweep_all_traits/cache/wing/tmc_perm_state_target_5_seed_1115966523.json
2026-03-04 18:19:04 | INFO | src.tmc_shapley_islands | TMC progress: 48/80 permutations done, cache hit rate: 29.8%, n_evals: 85
2026-03-04 18:21:34 | INFO | src.tmc_shapley_islands | TMC progress: 64/80 permutations done, cache hit rate: 27.4%, n_evals: 262
2026-03-04 18:23:58 | INFO | src.tmc_shapley_islands | TMC progress: 80/80 permutations done, cache hit rate: 29.0%, n_evals: 427
2026-03-04 18:23:58 | INFO | src.tmc_shapley_islands | TMC complete: 80 permutations, 0 truncated, 427 utility evals, cache hit rate: 29.0%
2026-03-04 18:23:58 | INFO | src.tmc_shapley_islands | Shapley values (phi, computed on cal set):
2026-03-04 18:23:58 | INFO | src.tmc_shapley_islands |   Nesøy: phi=0.065243, phi/n=0.00055291
2026-03-04 18:23:58 | INFO | src.tmc_shapley_islands |   Myken: phi=-0.015704, phi/n=-0.00017070
2026-03-04 18:23:58 | INFO | src.tmc_shapley_islands |   Træna: phi=-0.077374, phi/n=-0.00027054
2026-03-04 18:23:58 | INFO | src.tmc_shapley_islands |   Selvær: phi=-0.017467, phi/n=-0.00009145
2026-03-04 18:23:58 | INFO | src.tmc_shapley_islands |   Gjerøy: phi=0.076633, phi/n=0.00013858
2026-03-04 18:23:58 | INFO | src.tmc_shapley_islands |   Indre Kvarøy: phi=0.091126, phi/n=0.00026111
2026-03-04 18:23:58 | INFO | src.tmc_shapley_islands |   Onøy og Lurøy: phi=0.103894, phi/n=0.00040584
2026-03-04 18:23:58 | INFO | src.tmc_shapley_islands |   Lovund: phi=-0.018434, phi/n=-0.00012208
2026-03-04 18:23:58 | INFO | src.tmc_shapley_islands |   Sleneset: phi=-0.007070, phi/n=-0.00004419
2026-03-04 18:23:58 | INFO | src.tmc_shapley_islands |   Aldra: phi=-0.071553, phi/n=-0.00041360
2026-03-04 18:23:58 | INFO | src.tmc_shapley_islands |   Southern 1: phi=-0.020568, phi/n=-0.00003540
2026-03-04 18:23:58 | INFO | src.tmc_shapley_islands |   Southern 2: phi=0.126875, phi/n=0.00031958
2026-03-04 18:23:58 | INFO | src.tmc_shapley_islands |   Southern 3: phi=-0.091813, phi/n=-0.00015748
2026-03-04 18:23:58 | INFO | src.tmc_shapley_islands |   Southern 4: phi=0.028432, phi/n=0.00005850
2026-03-04 18:23:58 | INFO | src.tmc_shapley_islands |   Southern 5: phi=0.003796, phi/n=0.00001879
2026-03-04 18:23:58 | INFO | src.tmc_shapley_islands | Curve retraining early stopping: enabled=True, patience=20
2026-03-04 18:23:58 | INFO | src.tmc_shapley_islands | Computing add-islands curve (evaluated on test set)...
2026-03-04 18:23:58 | INFO | src.tmc_shapley_islands | Add-curve (mean): 1 islands, n=118 -> corr=0.0602
2026-03-04 18:23:58 | INFO | src.tmc_shapley_islands | Add-curve (mean): 2 islands, n=374 -> corr=0.1344
2026-03-04 18:23:59 | INFO | src.tmc_shapley_islands | Add-curve (mean): 3 islands, n=771 -> corr=0.1244
2026-03-04 18:23:59 | INFO | src.tmc_shapley_islands | Add-curve (mean): 4 islands, n=1120 -> corr=0.1394
2026-03-04 18:24:00 | INFO | src.tmc_shapley_islands | Add-curve (mean): 5 islands, n=1673 -> corr=0.1297
2026-03-04 18:24:01 | INFO | src.tmc_shapley_islands | Add-curve (mean): 6 islands, n=2159 -> corr=0.1405
2026-03-04 18:24:02 | INFO | src.tmc_shapley_islands | Add-curve (mean): 7 islands, n=2361 -> corr=0.1365
2026-03-04 18:24:03 | INFO | src.tmc_shapley_islands | Add-curve (mean): 8 islands, n=2942 -> corr=0.1383
2026-03-04 18:24:04 | INFO | src.tmc_shapley_islands | Add-curve (mean): 9 islands, n=3102 -> corr=0.1389
2026-03-04 18:24:06 | INFO | src.tmc_shapley_islands | Add-curve (mean): 10 islands, n=3293 -> corr=0.1431
2026-03-04 18:24:07 | INFO | src.tmc_shapley_islands | Add-curve (mean): 11 islands, n=3444 -> corr=0.1457
2026-03-04 18:24:09 | INFO | src.tmc_shapley_islands | Add-curve (mean): 12 islands, n=4027 -> corr=0.1315
2026-03-04 18:24:10 | INFO | src.tmc_shapley_islands | Add-curve (mean): 13 islands, n=4119 -> corr=0.1324
2026-03-04 18:24:12 | INFO | src.tmc_shapley_islands | Add-curve (mean): 14 islands, n=4405 -> corr=0.1397
2026-03-04 18:24:15 | INFO | src.tmc_shapley_islands | Add-curve (mean): 15 islands, n=4578 -> corr=0.1451
2026-03-04 18:24:25 | INFO | src.tmc_shapley_islands | Random individual add-curve (seed=0) complete
2026-03-04 18:24:37 | INFO | src.tmc_shapley_islands | Random individual add-curve (seed=1) complete
2026-03-04 18:24:48 | INFO | src.tmc_shapley_islands | Random individual add-curve (seed=2) complete
2026-03-04 18:24:59 | INFO | src.tmc_shapley_islands | Random individual add-curve (seed=3) complete
2026-03-04 18:25:11 | INFO | src.tmc_shapley_islands | Random individual add-curve (seed=4) complete
2026-03-04 18:25:11 | INFO | src.tmc_shapley_islands | Building mirrored remove-islands curve from add-islands curve...
2026-03-04 18:25:11 | INFO | src.tmc_shapley_islands | Saved Shapley values to outputs/tmc_shapley_sweep_all_traits/shards/shard_017/wing/tmp/shapley_island_values_target_5.csv
2026-03-04 18:25:11 | INFO | src.tmc_shapley_islands | Saved summary to outputs/tmc_shapley_sweep_all_traits/shards/shard_017/wing/tmp/tmc_summary_target_5.json
2026-03-04 18:25:11 | INFO | src.tmc_shapley_islands | Saved intermediate ranking trace to outputs/tmc_shapley_sweep_all_traits/shards/shard_017/wing/tmp/tmc_intermediate_rankings_target_5.csv
2026-03-04 18:25:11 | INFO | src.tmc_shapley_islands | Saved add-curve to outputs/tmc_shapley_sweep_all_traits/shards/shard_017/wing/tmp/add_curve_target_5.csv
2026-03-04 18:25:11 | INFO | src.tmc_shapley_islands | Saved remove-curve to outputs/tmc_shapley_sweep_all_traits/shards/shard_017/wing/tmp/remove_curve_target_5.csv
2026-03-04 18:25:11 | INFO | src.tmc_shapley_islands | Saved bar plot to outputs/tmc_shapley_sweep_all_traits/shards/shard_017/wing/tmp/shapley_bar_target_5.png
2026-03-04 18:25:12 | INFO | src.tmc_shapley_islands | Saved add-curve plot to outputs/tmc_shapley_sweep_all_traits/shards/shard_017/wing/tmp/add_curve_target_5.png
2026-03-04 18:25:12 | INFO | src.tmc_shapley_islands | Saved remove-curve plot to outputs/tmc_shapley_sweep_all_traits/shards/shard_017/wing/tmp/remove_curve_target_5.png
2026-03-04 18:25:12 | INFO | __main__ | Shard 17/30 trait=wing progress 35/75 | target=5 n_cal_samples=20 perm=150 repeat=5
2026-03-04 18:25:12 | INFO | src.tmc_shapley_islands | [Shapley] Target island: 5 (Hestmannøy), source islands: 15
2026-03-04 18:25:13 | INFO | src.tmc_shapley_islands | Data: source=4578 (across 15 islands), cal=20, test=905
2026-03-04 18:25:13 | INFO | src.tmc_shapley_islands | SNP selection: using fixed precomputed subset (n=20000)
2026-03-04 18:25:13 | INFO | src.tmc_shapley_islands | Island counts (capped to None in training):
  Nesøy: n=118
  Myken: n=92
  Træna: n=286
  Selvær: n=191
  Gjerøy: n=553
  Indre Kvarøy: n=349
  Onøy og Lurøy: n=256
  Lovund: n=151
  Sleneset: n=160
  Aldra: n=173
  Southern 1: n=581
  Southern 2: n=397
  Southern 3: n=583
  Southern 4: n=486
  Southern 5: n=202
2026-03-04 18:25:13 | INFO | src.tmc_shapley_islands | Loaded 927 cached utilities from outputs/tmc_shapley_sweep_all_traits/cache/wing/utility_cache_target_5_seed_1115966523.json
2026-03-04 18:25:13 | INFO | src.tmc_shapley_islands | Running TMC-Shapley with 150 permutations (utility on cal set)...
2026-03-04 18:25:13 | INFO | src.tmc_shapley_islands | Computing V_full over all 15 source islands...
2026-03-04 18:25:13 | INFO | src.tmc_shapley_islands | V_full = 0.1760
2026-03-04 18:25:13 | INFO | src.tmc_shapley_islands | TMC head-start: loaded 80 completed permutations from state outputs/tmc_shapley_sweep_all_traits/cache/wing/tmc_perm_state_target_5_seed_1115966523.json
2026-03-04 18:26:44 | INFO | src.tmc_shapley_islands | TMC progress: 90/150 permutations done, cache hit rate: 29.8%, n_evals: 106
2026-03-04 18:31:00 | INFO | src.tmc_shapley_islands | TMC progress: 120/150 permutations done, cache hit rate: 32.8%, n_evals: 404
2026-03-04 18:35:22 | INFO | src.tmc_shapley_islands | TMC progress: 150/150 permutations done, cache hit rate: 33.6%, n_evals: 698
2026-03-04 18:35:22 | INFO | src.tmc_shapley_islands | TMC complete: 150 permutations, 0 truncated, 698 utility evals, cache hit rate: 33.6%
2026-03-04 18:35:22 | INFO | src.tmc_shapley_islands | Shapley values (phi, computed on cal set):
2026-03-04 18:35:22 | INFO | src.tmc_shapley_islands |   Nesøy: phi=0.058111, phi/n=0.00049246
2026-03-04 18:35:22 | INFO | src.tmc_shapley_islands |   Myken: phi=-0.018198, phi/n=-0.00019780
2026-03-04 18:35:22 | INFO | src.tmc_shapley_islands |   Træna: phi=-0.076037, phi/n=-0.00026586
2026-03-04 18:35:22 | INFO | src.tmc_shapley_islands |   Selvær: phi=-0.016790, phi/n=-0.00008791
2026-03-04 18:35:22 | INFO | src.tmc_shapley_islands |   Gjerøy: phi=0.079550, phi/n=0.00014385
2026-03-04 18:35:22 | INFO | src.tmc_shapley_islands |   Indre Kvarøy: phi=0.082404, phi/n=0.00023611
2026-03-04 18:35:22 | INFO | src.tmc_shapley_islands |   Onøy og Lurøy: phi=0.110061, phi/n=0.00042993
2026-03-04 18:35:22 | INFO | src.tmc_shapley_islands |   Lovund: phi=-0.017820, phi/n=-0.00011801
2026-03-04 18:35:22 | INFO | src.tmc_shapley_islands |   Sleneset: phi=-0.006366, phi/n=-0.00003979
2026-03-04 18:35:22 | INFO | src.tmc_shapley_islands |   Aldra: phi=-0.076412, phi/n=-0.00044169
2026-03-04 18:35:22 | INFO | src.tmc_shapley_islands |   Southern 1: phi=-0.018860, phi/n=-0.00003246
2026-03-04 18:35:22 | INFO | src.tmc_shapley_islands |   Southern 2: phi=0.130362, phi/n=0.00032837
2026-03-04 18:35:22 | INFO | src.tmc_shapley_islands |   Southern 3: phi=-0.090104, phi/n=-0.00015455
2026-03-04 18:35:22 | INFO | src.tmc_shapley_islands |   Southern 4: phi=0.032027, phi/n=0.00006590
2026-03-04 18:35:22 | INFO | src.tmc_shapley_islands |   Southern 5: phi=0.004088, phi/n=0.00002024
2026-03-04 18:35:22 | INFO | src.tmc_shapley_islands | Curve retraining early stopping: enabled=True, patience=20
2026-03-04 18:35:22 | INFO | src.tmc_shapley_islands | Computing add-islands curve (evaluated on test set)...
2026-03-04 18:35:23 | INFO | src.tmc_shapley_islands | Add-curve (mean): 1 islands, n=118 -> corr=0.0602
2026-03-04 18:35:23 | INFO | src.tmc_shapley_islands | Add-curve (mean): 2 islands, n=374 -> corr=0.1344
2026-03-04 18:35:23 | INFO | src.tmc_shapley_islands | Add-curve (mean): 3 islands, n=771 -> corr=0.1244
2026-03-04 18:35:24 | INFO | src.tmc_shapley_islands | Add-curve (mean): 4 islands, n=1120 -> corr=0.1394
2026-03-04 18:35:24 | INFO | src.tmc_shapley_islands | Add-curve (mean): 5 islands, n=1673 -> corr=0.1297
2026-03-04 18:35:25 | INFO | src.tmc_shapley_islands | Add-curve (mean): 6 islands, n=2159 -> corr=0.1405
2026-03-04 18:35:26 | INFO | src.tmc_shapley_islands | Add-curve (mean): 7 islands, n=2361 -> corr=0.1365
2026-03-04 18:35:27 | INFO | src.tmc_shapley_islands | Add-curve (mean): 8 islands, n=2942 -> corr=0.1383
2026-03-04 18:35:29 | INFO | src.tmc_shapley_islands | Add-curve (mean): 9 islands, n=3102 -> corr=0.1389
2026-03-04 18:35:30 | INFO | src.tmc_shapley_islands | Add-curve (mean): 10 islands, n=3293 -> corr=0.1431
2026-03-04 18:35:31 | INFO | src.tmc_shapley_islands | Add-curve (mean): 11 islands, n=3444 -> corr=0.1457
2026-03-04 18:35:33 | INFO | src.tmc_shapley_islands | Add-curve (mean): 12 islands, n=4027 -> corr=0.1315
2026-03-04 18:35:35 | INFO | src.tmc_shapley_islands | Add-curve (mean): 13 islands, n=4119 -> corr=0.1324
2026-03-04 18:35:37 | INFO | src.tmc_shapley_islands | Add-curve (mean): 14 islands, n=4405 -> corr=0.1397
2026-03-04 18:35:39 | INFO | src.tmc_shapley_islands | Add-curve (mean): 15 islands, n=4578 -> corr=0.1451
2026-03-04 18:35:50 | INFO | src.tmc_shapley_islands | Random individual add-curve (seed=0) complete
2026-03-04 18:36:01 | INFO | src.tmc_shapley_islands | Random individual add-curve (seed=1) complete
2026-03-04 18:36:12 | INFO | src.tmc_shapley_islands | Random individual add-curve (seed=2) complete
2026-03-04 18:36:23 | INFO | src.tmc_shapley_islands | Random individual add-curve (seed=3) complete
2026-03-04 18:36:34 | INFO | src.tmc_shapley_islands | Random individual add-curve (seed=4) complete
2026-03-04 18:36:34 | INFO | src.tmc_shapley_islands | Building mirrored remove-islands curve from add-islands curve...
2026-03-04 18:36:34 | INFO | src.tmc_shapley_islands | Saved Shapley values to outputs/tmc_shapley_sweep_all_traits/shards/shard_017/wing/tmp/shapley_island_values_target_5.csv
2026-03-04 18:36:34 | INFO | src.tmc_shapley_islands | Saved summary to outputs/tmc_shapley_sweep_all_traits/shards/shard_017/wing/tmp/tmc_summary_target_5.json
2026-03-04 18:36:34 | INFO | src.tmc_shapley_islands | Saved intermediate ranking trace to outputs/tmc_shapley_sweep_all_traits/shards/shard_017/wing/tmp/tmc_intermediate_rankings_target_5.csv
2026-03-04 18:36:34 | INFO | src.tmc_shapley_islands | Saved add-curve to outputs/tmc_shapley_sweep_all_traits/shards/shard_017/wing/tmp/add_curve_target_5.csv
2026-03-04 18:36:34 | INFO | src.tmc_shapley_islands | Saved remove-curve to outputs/tmc_shapley_sweep_all_traits/shards/shard_017/wing/tmp/remove_curve_target_5.csv
2026-03-04 18:36:35 | INFO | src.tmc_shapley_islands | Saved bar plot to outputs/tmc_shapley_sweep_all_traits/shards/shard_017/wing/tmp/shapley_bar_target_5.png
2026-03-04 18:36:35 | INFO | src.tmc_shapley_islands | Saved add-curve plot to outputs/tmc_shapley_sweep_all_traits/shards/shard_017/wing/tmp/add_curve_target_5.png
2026-03-04 18:36:36 | INFO | src.tmc_shapley_islands | Saved remove-curve plot to outputs/tmc_shapley_sweep_all_traits/shards/shard_017/wing/tmp/remove_curve_target_5.png
2026-03-04 18:36:36 | INFO | __main__ | Shard 17/30 trait=wing progress 36/75 | target=5 n_cal_samples=40 perm=10 repeat=5
2026-03-04 18:36:36 | INFO | src.tmc_shapley_islands | [Shapley] Target island: 5 (Hestmannøy), source islands: 15
2026-03-04 18:36:37 | INFO | src.tmc_shapley_islands | Data: source=4578 (across 15 islands), cal=40, test=905
2026-03-04 18:36:37 | INFO | src.tmc_shapley_islands | SNP selection: using fixed precomputed subset (n=20000)
2026-03-04 18:36:37 | INFO | src.tmc_shapley_islands | Island counts (capped to None in training):
  Nesøy: n=118
  Myken: n=92
  Træna: n=286
  Selvær: n=191
  Gjerøy: n=553
  Indre Kvarøy: n=349
  Onøy og Lurøy: n=256
  Lovund: n=151
  Sleneset: n=160
  Aldra: n=173
  Southern 1: n=581
  Southern 2: n=397
  Southern 3: n=583
  Southern 4: n=486
  Southern 5: n=202
2026-03-04 18:36:37 | INFO | src.tmc_shapley_islands | Running TMC-Shapley with 10 permutations (utility on cal set)...
2026-03-04 18:36:37 | INFO | src.tmc_shapley_islands | Computing V_full over all 15 source islands...
2026-03-04 18:36:39 | INFO | src.tmc_shapley_islands | V_full = 0.0907
2026-03-04 18:37:01 | INFO | src.tmc_shapley_islands | TMC progress: 2/10 permutations done, cache hit rate: 9.7%, n_evals: 28
2026-03-04 18:37:22 | INFO | src.tmc_shapley_islands | TMC progress: 4/10 permutations done, cache hit rate: 9.8%, n_evals: 55
2026-03-04 18:37:44 | INFO | src.tmc_shapley_islands | TMC progress: 6/10 permutations done, cache hit rate: 11.0%, n_evals: 81
2026-03-04 18:38:05 | INFO | src.tmc_shapley_islands | TMC progress: 8/10 permutations done, cache hit rate: 11.6%, n_evals: 107
2026-03-04 18:38:33 | INFO | src.tmc_shapley_islands | TMC progress: 10/10 permutations done, cache hit rate: 11.3%, n_evals: 134
2026-03-04 18:38:33 | INFO | src.tmc_shapley_islands | TMC complete: 10 permutations, 0 truncated, 134 utility evals, cache hit rate: 11.3%
2026-03-04 18:38:33 | INFO | src.tmc_shapley_islands | Shapley values (phi, computed on cal set):
2026-03-04 18:38:33 | INFO | src.tmc_shapley_islands |   Nesøy: phi=-0.037437, phi/n=-0.00031726
2026-03-04 18:38:33 | INFO | src.tmc_shapley_islands |   Myken: phi=0.039729, phi/n=0.00043184
2026-03-04 18:38:33 | INFO | src.tmc_shapley_islands |   Træna: phi=-0.001746, phi/n=-0.00000610
2026-03-04 18:38:33 | INFO | src.tmc_shapley_islands |   Selvær: phi=0.042793, phi/n=0.00022405
2026-03-04 18:38:33 | INFO | src.tmc_shapley_islands |   Gjerøy: phi=-0.049819, phi/n=-0.00009009
2026-03-04 18:38:33 | INFO | src.tmc_shapley_islands |   Indre Kvarøy: phi=0.037499, phi/n=0.00010745
2026-03-04 18:38:33 | INFO | src.tmc_shapley_islands |   Onøy og Lurøy: phi=-0.035108, phi/n=-0.00013714
2026-03-04 18:38:33 | INFO | src.tmc_shapley_islands |   Lovund: phi=-0.035516, phi/n=-0.00023521
2026-03-04 18:38:33 | INFO | src.tmc_shapley_islands |   Sleneset: phi=-0.013638, phi/n=-0.00008524
2026-03-04 18:38:33 | INFO | src.tmc_shapley_islands |   Aldra: phi=0.130153, phi/n=0.00075233
2026-03-04 18:38:33 | INFO | src.tmc_shapley_islands |   Southern 1: phi=-0.045005, phi/n=-0.00007746
2026-03-04 18:38:33 | INFO | src.tmc_shapley_islands |   Southern 2: phi=0.027585, phi/n=0.00006948
2026-03-04 18:38:33 | INFO | src.tmc_shapley_islands |   Southern 3: phi=-0.027581, phi/n=-0.00004731
2026-03-04 18:38:33 | INFO | src.tmc_shapley_islands |   Southern 4: phi=0.035661, phi/n=0.00007338
2026-03-04 18:38:33 | INFO | src.tmc_shapley_islands |   Southern 5: phi=0.023113, phi/n=0.00011442
2026-03-04 18:38:33 | INFO | src.tmc_shapley_islands | Curve retraining early stopping: enabled=True, patience=20
2026-03-04 18:38:33 | INFO | src.tmc_shapley_islands | Computing add-islands curve (evaluated on test set)...
2026-03-04 18:38:33 | INFO | src.tmc_shapley_islands | Add-curve (mean): 1 islands, n=173 -> corr=0.0688
2026-03-04 18:38:33 | INFO | src.tmc_shapley_islands | Add-curve (mean): 2 islands, n=265 -> corr=0.0355
2026-03-04 18:38:33 | INFO | src.tmc_shapley_islands | Add-curve (mean): 3 islands, n=456 -> corr=0.0601
2026-03-04 18:38:33 | INFO | src.tmc_shapley_islands | Add-curve (mean): 4 islands, n=658 -> corr=0.0628
2026-03-04 18:38:34 | INFO | src.tmc_shapley_islands | Add-curve (mean): 5 islands, n=1007 -> corr=0.1187
2026-03-04 18:38:34 | INFO | src.tmc_shapley_islands | Add-curve (mean): 6 islands, n=1493 -> corr=0.1289
2026-03-04 18:38:35 | INFO | src.tmc_shapley_islands | Add-curve (mean): 7 islands, n=1890 -> corr=0.1281
2026-03-04 18:38:36 | INFO | src.tmc_shapley_islands | Add-curve (mean): 8 islands, n=2176 -> corr=0.1389
2026-03-04 18:38:37 | INFO | src.tmc_shapley_islands | Add-curve (mean): 9 islands, n=2759 -> corr=0.1220
2026-03-04 18:38:39 | INFO | src.tmc_shapley_islands | Add-curve (mean): 10 islands, n=3340 -> corr=0.1266
2026-03-04 18:38:40 | INFO | src.tmc_shapley_islands | Add-curve (mean): 11 islands, n=3500 -> corr=0.1326
2026-03-04 18:38:42 | INFO | src.tmc_shapley_islands | Add-curve (mean): 12 islands, n=4053 -> corr=0.1460
2026-03-04 18:38:44 | INFO | src.tmc_shapley_islands | Add-curve (mean): 13 islands, n=4309 -> corr=0.1716
2026-03-04 18:38:46 | INFO | src.tmc_shapley_islands | Add-curve (mean): 14 islands, n=4460 -> corr=0.1721
2026-03-04 18:38:48 | INFO | src.tmc_shapley_islands | Add-curve (mean): 15 islands, n=4578 -> corr=0.1766
2026-03-04 18:38:58 | INFO | src.tmc_shapley_islands | Random individual add-curve (seed=0) complete
2026-03-04 18:39:09 | INFO | src.tmc_shapley_islands | Random individual add-curve (seed=1) complete
2026-03-04 18:39:19 | INFO | src.tmc_shapley_islands | Random individual add-curve (seed=2) complete
2026-03-04 18:39:29 | INFO | src.tmc_shapley_islands | Random individual add-curve (seed=3) complete
2026-03-04 18:39:40 | INFO | src.tmc_shapley_islands | Random individual add-curve (seed=4) complete
2026-03-04 18:39:40 | INFO | src.tmc_shapley_islands | Building mirrored remove-islands curve from add-islands curve...
2026-03-04 18:39:40 | INFO | src.tmc_shapley_islands | Saved Shapley values to outputs/tmc_shapley_sweep_all_traits/shards/shard_017/wing/tmp/shapley_island_values_target_5.csv
2026-03-04 18:39:40 | INFO | src.tmc_shapley_islands | Saved summary to outputs/tmc_shapley_sweep_all_traits/shards/shard_017/wing/tmp/tmc_summary_target_5.json
2026-03-04 18:39:40 | INFO | src.tmc_shapley_islands | Saved intermediate ranking trace to outputs/tmc_shapley_sweep_all_traits/shards/shard_017/wing/tmp/tmc_intermediate_rankings_target_5.csv
2026-03-04 18:39:40 | INFO | src.tmc_shapley_islands | Saved add-curve to outputs/tmc_shapley_sweep_all_traits/shards/shard_017/wing/tmp/add_curve_target_5.csv
2026-03-04 18:39:40 | INFO | src.tmc_shapley_islands | Saved remove-curve to outputs/tmc_shapley_sweep_all_traits/shards/shard_017/wing/tmp/remove_curve_target_5.csv
2026-03-04 18:39:40 | INFO | src.tmc_shapley_islands | Saved bar plot to outputs/tmc_shapley_sweep_all_traits/shards/shard_017/wing/tmp/shapley_bar_target_5.png
2026-03-04 18:39:41 | INFO | src.tmc_shapley_islands | Saved add-curve plot to outputs/tmc_shapley_sweep_all_traits/shards/shard_017/wing/tmp/add_curve_target_5.png
2026-03-04 18:39:41 | INFO | src.tmc_shapley_islands | Saved remove-curve plot to outputs/tmc_shapley_sweep_all_traits/shards/shard_017/wing/tmp/remove_curve_target_5.png
2026-03-04 18:39:42 | INFO | __main__ | Shard 17/30 trait=wing progress 37/75 | target=5 n_cal_samples=40 perm=20 repeat=5
2026-03-04 18:39:42 | INFO | src.tmc_shapley_islands | [Shapley] Target island: 5 (Hestmannøy), source islands: 15
2026-03-04 18:39:42 | INFO | src.tmc_shapley_islands | Data: source=4578 (across 15 islands), cal=40, test=905
2026-03-04 18:39:42 | INFO | src.tmc_shapley_islands | SNP selection: using fixed precomputed subset (n=20000)
2026-03-04 18:39:42 | INFO | src.tmc_shapley_islands | Island counts (capped to None in training):
  Nesøy: n=118
  Myken: n=92
  Træna: n=286
  Selvær: n=191
  Gjerøy: n=553
  Indre Kvarøy: n=349
  Onøy og Lurøy: n=256
  Lovund: n=151
  Sleneset: n=160
  Aldra: n=173
  Southern 1: n=581
  Southern 2: n=397
  Southern 3: n=583
  Southern 4: n=486
  Southern 5: n=202
2026-03-04 18:39:42 | INFO | src.tmc_shapley_islands | Loaded 134 cached utilities from outputs/tmc_shapley_sweep_all_traits/cache/wing/utility_cache_target_5_seed_417083974.json
2026-03-04 18:39:42 | INFO | src.tmc_shapley_islands | Running TMC-Shapley with 20 permutations (utility on cal set)...
2026-03-04 18:39:42 | INFO | src.tmc_shapley_islands | Computing V_full over all 15 source islands...
2026-03-04 18:39:42 | INFO | src.tmc_shapley_islands | V_full = 0.0907
2026-03-04 18:39:42 | INFO | src.tmc_shapley_islands | TMC head-start: loaded 10 completed permutations from state outputs/tmc_shapley_sweep_all_traits/cache/wing/tmc_perm_state_target_5_seed_417083974.json
2026-03-04 18:40:03 | INFO | src.tmc_shapley_islands | TMC progress: 12/20 permutations done, cache hit rate: 16.1%, n_evals: 26
2026-03-04 18:40:47 | INFO | src.tmc_shapley_islands | TMC progress: 16/20 permutations done, cache hit rate: 16.5%, n_evals: 76
2026-03-04 18:41:33 | INFO | src.tmc_shapley_islands | TMC progress: 20/20 permutations done, cache hit rate: 17.2%, n_evals: 125
2026-03-04 18:41:33 | INFO | src.tmc_shapley_islands | TMC complete: 20 permutations, 0 truncated, 125 utility evals, cache hit rate: 17.2%
2026-03-04 18:41:33 | INFO | src.tmc_shapley_islands | Shapley values (phi, computed on cal set):
2026-03-04 18:41:33 | INFO | src.tmc_shapley_islands |   Nesøy: phi=-0.027307, phi/n=-0.00023142
2026-03-04 18:41:33 | INFO | src.tmc_shapley_islands |   Myken: phi=0.039012, phi/n=0.00042404
2026-03-04 18:41:33 | INFO | src.tmc_shapley_islands |   Træna: phi=-0.000340, phi/n=-0.00000119
2026-03-04 18:41:33 | INFO | src.tmc_shapley_islands |   Selvær: phi=0.041447, phi/n=0.00021700
2026-03-04 18:41:33 | INFO | src.tmc_shapley_islands |   Gjerøy: phi=-0.040191, phi/n=-0.00007268
2026-03-04 18:41:33 | INFO | src.tmc_shapley_islands |   Indre Kvarøy: phi=0.047543, phi/n=0.00013623
2026-03-04 18:41:33 | INFO | src.tmc_shapley_islands |   Onøy og Lurøy: phi=-0.028189, phi/n=-0.00011011
2026-03-04 18:41:33 | INFO | src.tmc_shapley_islands |   Lovund: phi=-0.042862, phi/n=-0.00028386
2026-03-04 18:41:33 | INFO | src.tmc_shapley_islands |   Sleneset: phi=-0.020859, phi/n=-0.00013037
2026-03-04 18:41:33 | INFO | src.tmc_shapley_islands |   Aldra: phi=0.124159, phi/n=0.00071768
2026-03-04 18:41:33 | INFO | src.tmc_shapley_islands |   Southern 1: phi=-0.047053, phi/n=-0.00008099
2026-03-04 18:41:33 | INFO | src.tmc_shapley_islands |   Southern 2: phi=0.027279, phi/n=0.00006871
2026-03-04 18:41:33 | INFO | src.tmc_shapley_islands |   Southern 3: phi=-0.041776, phi/n=-0.00007166
2026-03-04 18:41:33 | INFO | src.tmc_shapley_islands |   Southern 4: phi=0.035047, phi/n=0.00007211
2026-03-04 18:41:33 | INFO | src.tmc_shapley_islands |   Southern 5: phi=0.024775, phi/n=0.00012265
2026-03-04 18:41:33 | INFO | src.tmc_shapley_islands | Curve retraining early stopping: enabled=True, patience=20
2026-03-04 18:41:33 | INFO | src.tmc_shapley_islands | Computing add-islands curve (evaluated on test set)...
2026-03-04 18:41:33 | INFO | src.tmc_shapley_islands | Add-curve (mean): 1 islands, n=173 -> corr=0.0688
2026-03-04 18:41:34 | INFO | src.tmc_shapley_islands | Add-curve (mean): 2 islands, n=265 -> corr=0.0355
2026-03-04 18:41:34 | INFO | src.tmc_shapley_islands | Add-curve (mean): 3 islands, n=456 -> corr=0.0601
2026-03-04 18:41:34 | INFO | src.tmc_shapley_islands | Add-curve (mean): 4 islands, n=805 -> corr=0.1195
2026-03-04 18:41:35 | INFO | src.tmc_shapley_islands | Add-curve (mean): 5 islands, n=1007 -> corr=0.1187
2026-03-04 18:41:35 | INFO | src.tmc_shapley_islands | Add-curve (mean): 6 islands, n=1493 -> corr=0.1289
2026-03-04 18:41:36 | INFO | src.tmc_shapley_islands | Add-curve (mean): 7 islands, n=1890 -> corr=0.1281
2026-03-04 18:41:37 | INFO | src.tmc_shapley_islands | Add-curve (mean): 8 islands, n=2176 -> corr=0.1389
2026-03-04 18:41:38 | INFO | src.tmc_shapley_islands | Add-curve (mean): 9 islands, n=2759 -> corr=0.1220
2026-03-04 18:41:40 | INFO | src.tmc_shapley_islands | Add-curve (mean): 10 islands, n=3312 -> corr=0.1347
2026-03-04 18:41:41 | INFO | src.tmc_shapley_islands | Add-curve (mean): 11 islands, n=3893 -> corr=0.1408
2026-03-04 18:41:43 | INFO | src.tmc_shapley_islands | Add-curve (mean): 12 islands, n=4149 -> corr=0.1704
2026-03-04 18:41:45 | INFO | src.tmc_shapley_islands | Add-curve (mean): 13 islands, n=4309 -> corr=0.1716
2026-03-04 18:41:47 | INFO | src.tmc_shapley_islands | Add-curve (mean): 14 islands, n=4427 -> corr=0.1760
2026-03-04 18:41:49 | INFO | src.tmc_shapley_islands | Add-curve (mean): 15 islands, n=4578 -> corr=0.1766
2026-03-04 18:42:00 | INFO | src.tmc_shapley_islands | Random individual add-curve (seed=0) complete
2026-03-04 18:42:10 | INFO | src.tmc_shapley_islands | Random individual add-curve (seed=1) complete
2026-03-04 18:42:21 | INFO | src.tmc_shapley_islands | Random individual add-curve (seed=2) complete
2026-03-04 18:42:31 | INFO | src.tmc_shapley_islands | Random individual add-curve (seed=3) complete
2026-03-04 18:42:42 | INFO | src.tmc_shapley_islands | Random individual add-curve (seed=4) complete
2026-03-04 18:42:42 | INFO | src.tmc_shapley_islands | Building mirrored remove-islands curve from add-islands curve...
2026-03-04 18:42:42 | INFO | src.tmc_shapley_islands | Saved Shapley values to outputs/tmc_shapley_sweep_all_traits/shards/shard_017/wing/tmp/shapley_island_values_target_5.csv
2026-03-04 18:42:42 | INFO | src.tmc_shapley_islands | Saved summary to outputs/tmc_shapley_sweep_all_traits/shards/shard_017/wing/tmp/tmc_summary_target_5.json
2026-03-04 18:42:42 | INFO | src.tmc_shapley_islands | Saved intermediate ranking trace to outputs/tmc_shapley_sweep_all_traits/shards/shard_017/wing/tmp/tmc_intermediate_rankings_target_5.csv
2026-03-04 18:42:42 | INFO | src.tmc_shapley_islands | Saved add-curve to outputs/tmc_shapley_sweep_all_traits/shards/shard_017/wing/tmp/add_curve_target_5.csv
2026-03-04 18:42:42 | INFO | src.tmc_shapley_islands | Saved remove-curve to outputs/tmc_shapley_sweep_all_traits/shards/shard_017/wing/tmp/remove_curve_target_5.csv
2026-03-04 18:42:43 | INFO | src.tmc_shapley_islands | Saved bar plot to outputs/tmc_shapley_sweep_all_traits/shards/shard_017/wing/tmp/shapley_bar_target_5.png
2026-03-04 18:42:43 | INFO | src.tmc_shapley_islands | Saved add-curve plot to outputs/tmc_shapley_sweep_all_traits/shards/shard_017/wing/tmp/add_curve_target_5.png
2026-03-04 18:42:44 | INFO | src.tmc_shapley_islands | Saved remove-curve plot to outputs/tmc_shapley_sweep_all_traits/shards/shard_017/wing/tmp/remove_curve_target_5.png
2026-03-04 18:42:44 | INFO | __main__ | Shard 17/30 trait=wing progress 38/75 | target=5 n_cal_samples=40 perm=40 repeat=5
2026-03-04 18:42:44 | INFO | src.tmc_shapley_islands | [Shapley] Target island: 5 (Hestmannøy), source islands: 15
2026-03-04 18:42:45 | INFO | src.tmc_shapley_islands | Data: source=4578 (across 15 islands), cal=40, test=905
2026-03-04 18:42:45 | INFO | src.tmc_shapley_islands | SNP selection: using fixed precomputed subset (n=20000)
2026-03-04 18:42:45 | INFO | src.tmc_shapley_islands | Island counts (capped to None in training):
  Nesøy: n=118
  Myken: n=92
  Træna: n=286
  Selvær: n=191
  Gjerøy: n=553
  Indre Kvarøy: n=349
  Onøy og Lurøy: n=256
  Lovund: n=151
  Sleneset: n=160
  Aldra: n=173
  Southern 1: n=581
  Southern 2: n=397
  Southern 3: n=583
  Southern 4: n=486
  Southern 5: n=202
2026-03-04 18:42:45 | INFO | src.tmc_shapley_islands | Loaded 259 cached utilities from outputs/tmc_shapley_sweep_all_traits/cache/wing/utility_cache_target_5_seed_417083974.json
2026-03-04 18:42:45 | INFO | src.tmc_shapley_islands | Running TMC-Shapley with 40 permutations (utility on cal set)...
2026-03-04 18:42:45 | INFO | src.tmc_shapley_islands | Computing V_full over all 15 source islands...
2026-03-04 18:42:45 | INFO | src.tmc_shapley_islands | V_full = 0.0907
2026-03-04 18:42:45 | INFO | src.tmc_shapley_islands | TMC head-start: loaded 20 completed permutations from state outputs/tmc_shapley_sweep_all_traits/cache/wing/tmc_perm_state_target_5_seed_417083974.json
2026-03-04 18:43:28 | INFO | src.tmc_shapley_islands | TMC progress: 24/40 permutations done, cache hit rate: 19.7%, n_evals: 49
2026-03-04 18:44:46 | INFO | src.tmc_shapley_islands | TMC progress: 32/40 permutations done, cache hit rate: 20.4%, n_evals: 144
2026-03-04 18:46:07 | INFO | src.tmc_shapley_islands | TMC progress: 40/40 permutations done, cache hit rate: 22.3%, n_evals: 234
2026-03-04 18:46:07 | INFO | src.tmc_shapley_islands | TMC complete: 40 permutations, 0 truncated, 234 utility evals, cache hit rate: 22.3%
2026-03-04 18:46:07 | INFO | src.tmc_shapley_islands | Shapley values (phi, computed on cal set):
2026-03-04 18:46:07 | INFO | src.tmc_shapley_islands |   Nesøy: phi=-0.026415, phi/n=-0.00022386
2026-03-04 18:46:07 | INFO | src.tmc_shapley_islands |   Myken: phi=0.033344, phi/n=0.00036244
2026-03-04 18:46:07 | INFO | src.tmc_shapley_islands |   Træna: phi=-0.003868, phi/n=-0.00001352
2026-03-04 18:46:07 | INFO | src.tmc_shapley_islands |   Selvær: phi=0.047238, phi/n=0.00024732
2026-03-04 18:46:07 | INFO | src.tmc_shapley_islands |   Gjerøy: phi=-0.042741, phi/n=-0.00007729
2026-03-04 18:46:07 | INFO | src.tmc_shapley_islands |   Indre Kvarøy: phi=0.049879, phi/n=0.00014292
2026-03-04 18:46:07 | INFO | src.tmc_shapley_islands |   Onøy og Lurøy: phi=-0.015712, phi/n=-0.00006137
2026-03-04 18:46:07 | INFO | src.tmc_shapley_islands |   Lovund: phi=-0.037153, phi/n=-0.00024604
2026-03-04 18:46:07 | INFO | src.tmc_shapley_islands |   Sleneset: phi=-0.022923, phi/n=-0.00014327
2026-03-04 18:46:07 | INFO | src.tmc_shapley_islands |   Aldra: phi=0.093920, phi/n=0.00054289
2026-03-04 18:46:07 | INFO | src.tmc_shapley_islands |   Southern 1: phi=-0.043153, phi/n=-0.00007427
2026-03-04 18:46:07 | INFO | src.tmc_shapley_islands |   Southern 2: phi=0.030985, phi/n=0.00007805
2026-03-04 18:46:07 | INFO | src.tmc_shapley_islands |   Southern 3: phi=-0.036303, phi/n=-0.00006227
2026-03-04 18:46:07 | INFO | src.tmc_shapley_islands |   Southern 4: phi=0.036052, phi/n=0.00007418
2026-03-04 18:46:07 | INFO | src.tmc_shapley_islands |   Southern 5: phi=0.027533, phi/n=0.00013630
2026-03-04 18:46:07 | INFO | src.tmc_shapley_islands | Curve retraining early stopping: enabled=True, patience=20
2026-03-04 18:46:07 | INFO | src.tmc_shapley_islands | Computing add-islands curve (evaluated on test set)...
2026-03-04 18:46:07 | INFO | src.tmc_shapley_islands | Add-curve (mean): 1 islands, n=173 -> corr=0.0688
2026-03-04 18:46:08 | INFO | src.tmc_shapley_islands | Add-curve (mean): 2 islands, n=265 -> corr=0.0355
2026-03-04 18:46:08 | INFO | src.tmc_shapley_islands | Add-curve (mean): 3 islands, n=456 -> corr=0.0601
2026-03-04 18:46:08 | INFO | src.tmc_shapley_islands | Add-curve (mean): 4 islands, n=805 -> corr=0.1195
2026-03-04 18:46:09 | INFO | src.tmc_shapley_islands | Add-curve (mean): 5 islands, n=1007 -> corr=0.1187
2026-03-04 18:46:09 | INFO | src.tmc_shapley_islands | Add-curve (mean): 6 islands, n=1404 -> corr=0.1173
2026-03-04 18:46:10 | INFO | src.tmc_shapley_islands | Add-curve (mean): 7 islands, n=1890 -> corr=0.1281
2026-03-04 18:46:11 | INFO | src.tmc_shapley_islands | Add-curve (mean): 8 islands, n=2176 -> corr=0.1389
2026-03-04 18:46:12 | INFO | src.tmc_shapley_islands | Add-curve (mean): 9 islands, n=2432 -> corr=0.1724
2026-03-04 18:46:13 | INFO | src.tmc_shapley_islands | Add-curve (mean): 10 islands, n=3015 -> corr=0.1576
2026-03-04 18:46:15 | INFO | src.tmc_shapley_islands | Add-curve (mean): 11 islands, n=3596 -> corr=0.1620
2026-03-04 18:46:16 | INFO | src.tmc_shapley_islands | Add-curve (mean): 12 islands, n=4149 -> corr=0.1704
2026-03-04 18:46:18 | INFO | src.tmc_shapley_islands | Add-curve (mean): 13 islands, n=4309 -> corr=0.1716
2026-03-04 18:46:20 | INFO | src.tmc_shapley_islands | Add-curve (mean): 14 islands, n=4427 -> corr=0.1760
2026-03-04 18:46:22 | INFO | src.tmc_shapley_islands | Add-curve (mean): 15 islands, n=4578 -> corr=0.1766
2026-03-04 18:46:33 | INFO | src.tmc_shapley_islands | Random individual add-curve (seed=0) complete
2026-03-04 18:46:43 | INFO | src.tmc_shapley_islands | Random individual add-curve (seed=1) complete
2026-03-04 18:46:53 | INFO | src.tmc_shapley_islands | Random individual add-curve (seed=2) complete
2026-03-04 18:47:04 | INFO | src.tmc_shapley_islands | Random individual add-curve (seed=3) complete
2026-03-04 18:47:14 | INFO | src.tmc_shapley_islands | Random individual add-curve (seed=4) complete
2026-03-04 18:47:14 | INFO | src.tmc_shapley_islands | Building mirrored remove-islands curve from add-islands curve...
2026-03-04 18:47:14 | INFO | src.tmc_shapley_islands | Saved Shapley values to outputs/tmc_shapley_sweep_all_traits/shards/shard_017/wing/tmp/shapley_island_values_target_5.csv
2026-03-04 18:47:14 | INFO | src.tmc_shapley_islands | Saved summary to outputs/tmc_shapley_sweep_all_traits/shards/shard_017/wing/tmp/tmc_summary_target_5.json
2026-03-04 18:47:14 | INFO | src.tmc_shapley_islands | Saved intermediate ranking trace to outputs/tmc_shapley_sweep_all_traits/shards/shard_017/wing/tmp/tmc_intermediate_rankings_target_5.csv
2026-03-04 18:47:14 | INFO | src.tmc_shapley_islands | Saved add-curve to outputs/tmc_shapley_sweep_all_traits/shards/shard_017/wing/tmp/add_curve_target_5.csv
2026-03-04 18:47:14 | INFO | src.tmc_shapley_islands | Saved remove-curve to outputs/tmc_shapley_sweep_all_traits/shards/shard_017/wing/tmp/remove_curve_target_5.csv
2026-03-04 18:47:14 | INFO | src.tmc_shapley_islands | Saved bar plot to outputs/tmc_shapley_sweep_all_traits/shards/shard_017/wing/tmp/shapley_bar_target_5.png
2026-03-04 18:47:15 | INFO | src.tmc_shapley_islands | Saved add-curve plot to outputs/tmc_shapley_sweep_all_traits/shards/shard_017/wing/tmp/add_curve_target_5.png
2026-03-04 18:47:15 | INFO | src.tmc_shapley_islands | Saved remove-curve plot to outputs/tmc_shapley_sweep_all_traits/shards/shard_017/wing/tmp/remove_curve_target_5.png
2026-03-04 18:47:15 | INFO | __main__ | Shard 17/30 trait=wing progress 39/75 | target=5 n_cal_samples=40 perm=80 repeat=5
2026-03-04 18:47:15 | INFO | src.tmc_shapley_islands | [Shapley] Target island: 5 (Hestmannøy), source islands: 15
2026-03-04 18:47:16 | INFO | src.tmc_shapley_islands | Data: source=4578 (across 15 islands), cal=40, test=905
2026-03-04 18:47:16 | INFO | src.tmc_shapley_islands | SNP selection: using fixed precomputed subset (n=20000)
2026-03-04 18:47:16 | INFO | src.tmc_shapley_islands | Island counts (capped to None in training):
  Nesøy: n=118
  Myken: n=92
  Træna: n=286
  Selvær: n=191
  Gjerøy: n=553
  Indre Kvarøy: n=349
  Onøy og Lurøy: n=256
  Lovund: n=151
  Sleneset: n=160
  Aldra: n=173
  Southern 1: n=581
  Southern 2: n=397
  Southern 3: n=583
  Southern 4: n=486
  Southern 5: n=202
2026-03-04 18:47:16 | INFO | src.tmc_shapley_islands | Loaded 493 cached utilities from outputs/tmc_shapley_sweep_all_traits/cache/wing/utility_cache_target_5_seed_417083974.json
2026-03-04 18:47:16 | INFO | src.tmc_shapley_islands | Running TMC-Shapley with 80 permutations (utility on cal set)...
2026-03-04 18:47:16 | INFO | src.tmc_shapley_islands | Computing V_full over all 15 source islands...
2026-03-04 18:47:16 | INFO | src.tmc_shapley_islands | V_full = 0.0907
2026-03-04 18:47:16 | INFO | src.tmc_shapley_islands | TMC head-start: loaded 40 completed permutations from state outputs/tmc_shapley_sweep_all_traits/cache/wing/tmc_perm_state_target_5_seed_417083974.json
2026-03-04 18:48:31 | INFO | src.tmc_shapley_islands | TMC progress: 48/80 permutations done, cache hit rate: 28.1%, n_evals: 87
2026-03-04 18:50:55 | INFO | src.tmc_shapley_islands | TMC progress: 64/80 permutations done, cache hit rate: 28.8%, n_evals: 257
2026-03-04 18:53:21 | INFO | src.tmc_shapley_islands | TMC progress: 80/80 permutations done, cache hit rate: 28.8%, n_evals: 428
2026-03-04 18:53:21 | INFO | src.tmc_shapley_islands | TMC complete: 80 permutations, 0 truncated, 428 utility evals, cache hit rate: 28.8%
2026-03-04 18:53:21 | INFO | src.tmc_shapley_islands | Shapley values (phi, computed on cal set):
2026-03-04 18:53:21 | INFO | src.tmc_shapley_islands |   Nesøy: phi=-0.031177, phi/n=-0.00026421
2026-03-04 18:53:21 | INFO | src.tmc_shapley_islands |   Myken: phi=0.038569, phi/n=0.00041923
2026-03-04 18:53:21 | INFO | src.tmc_shapley_islands |   Træna: phi=-0.002321, phi/n=-0.00000812
2026-03-04 18:53:21 | INFO | src.tmc_shapley_islands |   Selvær: phi=0.039819, phi/n=0.00020848
2026-03-04 18:53:21 | INFO | src.tmc_shapley_islands |   Gjerøy: phi=-0.046466, phi/n=-0.00008402
2026-03-04 18:53:21 | INFO | src.tmc_shapley_islands |   Indre Kvarøy: phi=0.055628, phi/n=0.00015939
2026-03-04 18:53:21 | INFO | src.tmc_shapley_islands |   Onøy og Lurøy: phi=-0.009769, phi/n=-0.00003816
2026-03-04 18:53:21 | INFO | src.tmc_shapley_islands |   Lovund: phi=-0.032152, phi/n=-0.00021292
2026-03-04 18:53:21 | INFO | src.tmc_shapley_islands |   Sleneset: phi=-0.026327, phi/n=-0.00016454
2026-03-04 18:53:21 | INFO | src.tmc_shapley_islands |   Aldra: phi=0.089109, phi/n=0.00051508
2026-03-04 18:53:21 | INFO | src.tmc_shapley_islands |   Southern 1: phi=-0.044894, phi/n=-0.00007727
2026-03-04 18:53:21 | INFO | src.tmc_shapley_islands |   Southern 2: phi=0.031507, phi/n=0.00007936
2026-03-04 18:53:21 | INFO | src.tmc_shapley_islands |   Southern 3: phi=-0.033879, phi/n=-0.00005811
2026-03-04 18:53:21 | INFO | src.tmc_shapley_islands |   Southern 4: phi=0.034835, phi/n=0.00007168
2026-03-04 18:53:21 | INFO | src.tmc_shapley_islands |   Southern 5: phi=0.028201, phi/n=0.00013961
2026-03-04 18:53:21 | INFO | src.tmc_shapley_islands | Curve retraining early stopping: enabled=True, patience=20
2026-03-04 18:53:21 | INFO | src.tmc_shapley_islands | Computing add-islands curve (evaluated on test set)...
2026-03-04 18:53:21 | INFO | src.tmc_shapley_islands | Add-curve (mean): 1 islands, n=173 -> corr=0.0688
2026-03-04 18:53:21 | INFO | src.tmc_shapley_islands | Add-curve (mean): 2 islands, n=265 -> corr=0.0355
2026-03-04 18:53:21 | INFO | src.tmc_shapley_islands | Add-curve (mean): 3 islands, n=456 -> corr=0.0601
2026-03-04 18:53:22 | INFO | src.tmc_shapley_islands | Add-curve (mean): 4 islands, n=805 -> corr=0.1195
2026-03-04 18:53:22 | INFO | src.tmc_shapley_islands | Add-curve (mean): 5 islands, n=1007 -> corr=0.1187
2026-03-04 18:53:23 | INFO | src.tmc_shapley_islands | Add-curve (mean): 6 islands, n=1404 -> corr=0.1173
2026-03-04 18:53:23 | INFO | src.tmc_shapley_islands | Add-curve (mean): 7 islands, n=1890 -> corr=0.1281
2026-03-04 18:53:24 | INFO | src.tmc_shapley_islands | Add-curve (mean): 8 islands, n=2176 -> corr=0.1389
2026-03-04 18:53:25 | INFO | src.tmc_shapley_islands | Add-curve (mean): 9 islands, n=2432 -> corr=0.1724
2026-03-04 18:53:27 | INFO | src.tmc_shapley_islands | Add-curve (mean): 10 islands, n=3015 -> corr=0.1576
2026-03-04 18:53:28 | INFO | src.tmc_shapley_islands | Add-curve (mean): 11 islands, n=3596 -> corr=0.1620
2026-03-04 18:53:30 | INFO | src.tmc_shapley_islands | Add-curve (mean): 12 islands, n=4149 -> corr=0.1704
2026-03-04 18:53:32 | INFO | src.tmc_shapley_islands | Add-curve (mean): 13 islands, n=4309 -> corr=0.1716
2026-03-04 18:53:34 | INFO | src.tmc_shapley_islands | Add-curve (mean): 14 islands, n=4460 -> corr=0.1721
2026-03-04 18:53:36 | INFO | src.tmc_shapley_islands | Add-curve (mean): 15 islands, n=4578 -> corr=0.1766
2026-03-04 18:53:46 | INFO | src.tmc_shapley_islands | Random individual add-curve (seed=0) complete
2026-03-04 18:53:56 | INFO | src.tmc_shapley_islands | Random individual add-curve (seed=1) complete
2026-03-04 18:54:07 | INFO | src.tmc_shapley_islands | Random individual add-curve (seed=2) complete
2026-03-04 18:54:17 | INFO | src.tmc_shapley_islands | Random individual add-curve (seed=3) complete
2026-03-04 18:54:27 | INFO | src.tmc_shapley_islands | Random individual add-curve (seed=4) complete
2026-03-04 18:54:27 | INFO | src.tmc_shapley_islands | Building mirrored remove-islands curve from add-islands curve...
2026-03-04 18:54:27 | INFO | src.tmc_shapley_islands | Saved Shapley values to outputs/tmc_shapley_sweep_all_traits/shards/shard_017/wing/tmp/shapley_island_values_target_5.csv
2026-03-04 18:54:27 | INFO | src.tmc_shapley_islands | Saved summary to outputs/tmc_shapley_sweep_all_traits/shards/shard_017/wing/tmp/tmc_summary_target_5.json
2026-03-04 18:54:27 | INFO | src.tmc_shapley_islands | Saved intermediate ranking trace to outputs/tmc_shapley_sweep_all_traits/shards/shard_017/wing/tmp/tmc_intermediate_rankings_target_5.csv
2026-03-04 18:54:27 | INFO | src.tmc_shapley_islands | Saved add-curve to outputs/tmc_shapley_sweep_all_traits/shards/shard_017/wing/tmp/add_curve_target_5.csv
2026-03-04 18:54:27 | INFO | src.tmc_shapley_islands | Saved remove-curve to outputs/tmc_shapley_sweep_all_traits/shards/shard_017/wing/tmp/remove_curve_target_5.csv
2026-03-04 18:54:28 | INFO | src.tmc_shapley_islands | Saved bar plot to outputs/tmc_shapley_sweep_all_traits/shards/shard_017/wing/tmp/shapley_bar_target_5.png
2026-03-04 18:54:28 | INFO | src.tmc_shapley_islands | Saved add-curve plot to outputs/tmc_shapley_sweep_all_traits/shards/shard_017/wing/tmp/add_curve_target_5.png
2026-03-04 18:54:29 | INFO | src.tmc_shapley_islands | Saved remove-curve plot to outputs/tmc_shapley_sweep_all_traits/shards/shard_017/wing/tmp/remove_curve_target_5.png
2026-03-04 18:54:29 | INFO | __main__ | Shard 17/30 trait=wing progress 40/75 | target=5 n_cal_samples=40 perm=150 repeat=5
2026-03-04 18:54:29 | INFO | src.tmc_shapley_islands | [Shapley] Target island: 5 (Hestmannøy), source islands: 15
2026-03-04 18:54:30 | INFO | src.tmc_shapley_islands | Data: source=4578 (across 15 islands), cal=40, test=905
2026-03-04 18:54:30 | INFO | src.tmc_shapley_islands | SNP selection: using fixed precomputed subset (n=20000)
2026-03-04 18:54:30 | INFO | src.tmc_shapley_islands | Island counts (capped to None in training):
  Nesøy: n=118
  Myken: n=92
  Træna: n=286
  Selvær: n=191
  Gjerøy: n=553
  Indre Kvarøy: n=349
  Onøy og Lurøy: n=256
  Lovund: n=151
  Sleneset: n=160
  Aldra: n=173
  Southern 1: n=581
  Southern 2: n=397
  Southern 3: n=583
  Southern 4: n=486
  Southern 5: n=202
2026-03-04 18:54:30 | INFO | src.tmc_shapley_islands | Loaded 921 cached utilities from outputs/tmc_shapley_sweep_all_traits/cache/wing/utility_cache_target_5_seed_417083974.json
2026-03-04 18:54:30 | INFO | src.tmc_shapley_islands | Running TMC-Shapley with 150 permutations (utility on cal set)...
2026-03-04 18:54:30 | INFO | src.tmc_shapley_islands | Computing V_full over all 15 source islands...
2026-03-04 18:54:30 | INFO | src.tmc_shapley_islands | V_full = 0.0907
2026-03-04 18:54:30 | INFO | src.tmc_shapley_islands | TMC head-start: loaded 80 completed permutations from state outputs/tmc_shapley_sweep_all_traits/cache/wing/tmc_perm_state_target_5_seed_417083974.json
2026-03-04 18:55:58 | INFO | src.tmc_shapley_islands | TMC progress: 90/150 permutations done, cache hit rate: 31.1%, n_evals: 104
2026-03-04 19:00:16 | INFO | src.tmc_shapley_islands | TMC progress: 120/150 permutations done, cache hit rate: 32.3%, n_evals: 407
2026-03-04 19:04:39 | INFO | src.tmc_shapley_islands | TMC progress: 150/150 permutations done, cache hit rate: 34.2%, n_evals: 692
2026-03-04 19:04:39 | INFO | src.tmc_shapley_islands | TMC complete: 150 permutations, 0 truncated, 692 utility evals, cache hit rate: 34.2%
2026-03-04 19:04:39 | INFO | src.tmc_shapley_islands | Shapley values (phi, computed on cal set):
2026-03-04 19:04:39 | INFO | src.tmc_shapley_islands |   Nesøy: phi=-0.031838, phi/n=-0.00026982
2026-03-04 19:04:39 | INFO | src.tmc_shapley_islands |   Myken: phi=0.039274, phi/n=0.00042689
2026-03-04 19:04:39 | INFO | src.tmc_shapley_islands |   Træna: phi=0.000828, phi/n=0.00000290
2026-03-04 19:04:39 | INFO | src.tmc_shapley_islands |   Selvær: phi=0.037825, phi/n=0.00019804
2026-03-04 19:04:39 | INFO | src.tmc_shapley_islands |   Gjerøy: phi=-0.046034, phi/n=-0.00008324
2026-03-04 19:04:39 | INFO | src.tmc_shapley_islands |   Indre Kvarøy: phi=0.061306, phi/n=0.00017566
2026-03-04 19:04:39 | INFO | src.tmc_shapley_islands |   Onøy og Lurøy: phi=-0.006493, phi/n=-0.00002536
2026-03-04 19:04:39 | INFO | src.tmc_shapley_islands |   Lovund: phi=-0.031674, phi/n=-0.00020976
2026-03-04 19:04:39 | INFO | src.tmc_shapley_islands |   Sleneset: phi=-0.030717, phi/n=-0.00019198
2026-03-04 19:04:39 | INFO | src.tmc_shapley_islands |   Aldra: phi=0.086573, phi/n=0.00050042
2026-03-04 19:04:39 | INFO | src.tmc_shapley_islands |   Southern 1: phi=-0.046583, phi/n=-0.00008018
2026-03-04 19:04:39 | INFO | src.tmc_shapley_islands |   Southern 2: phi=0.033320, phi/n=0.00008393
2026-03-04 19:04:39 | INFO | src.tmc_shapley_islands |   Southern 3: phi=-0.034196, phi/n=-0.00005866
2026-03-04 19:04:39 | INFO | src.tmc_shapley_islands |   Southern 4: phi=0.035645, phi/n=0.00007334
2026-03-04 19:04:39 | INFO | src.tmc_shapley_islands |   Southern 5: phi=0.023449, phi/n=0.00011609
2026-03-04 19:04:39 | INFO | src.tmc_shapley_islands | Curve retraining early stopping: enabled=True, patience=20
2026-03-04 19:04:39 | INFO | src.tmc_shapley_islands | Computing add-islands curve (evaluated on test set)...
2026-03-04 19:04:39 | INFO | src.tmc_shapley_islands | Add-curve (mean): 1 islands, n=173 -> corr=0.0688
2026-03-04 19:04:39 | INFO | src.tmc_shapley_islands | Add-curve (mean): 2 islands, n=265 -> corr=0.0355
2026-03-04 19:04:39 | INFO | src.tmc_shapley_islands | Add-curve (mean): 3 islands, n=456 -> corr=0.0601
2026-03-04 19:04:40 | INFO | src.tmc_shapley_islands | Add-curve (mean): 4 islands, n=805 -> corr=0.1195
2026-03-04 19:04:40 | INFO | src.tmc_shapley_islands | Add-curve (mean): 5 islands, n=1007 -> corr=0.1187
2026-03-04 19:04:41 | INFO | src.tmc_shapley_islands | Add-curve (mean): 6 islands, n=1404 -> corr=0.1173
2026-03-04 19:04:41 | INFO | src.tmc_shapley_islands | Add-curve (mean): 7 islands, n=1890 -> corr=0.1281
2026-03-04 19:04:42 | INFO | src.tmc_shapley_islands | Add-curve (mean): 8 islands, n=2176 -> corr=0.1389
2026-03-04 19:04:43 | INFO | src.tmc_shapley_islands | Add-curve (mean): 9 islands, n=2432 -> corr=0.1724
2026-03-04 19:04:44 | INFO | src.tmc_shapley_islands | Add-curve (mean): 10 islands, n=3015 -> corr=0.1576
2026-03-04 19:04:46 | INFO | src.tmc_shapley_islands | Add-curve (mean): 11 islands, n=3596 -> corr=0.1620
2026-03-04 19:04:48 | INFO | src.tmc_shapley_islands | Add-curve (mean): 12 islands, n=4149 -> corr=0.1704
2026-03-04 19:04:50 | INFO | src.tmc_shapley_islands | Add-curve (mean): 13 islands, n=4309 -> corr=0.1716
2026-03-04 19:04:52 | INFO | src.tmc_shapley_islands | Add-curve (mean): 14 islands, n=4460 -> corr=0.1721
2026-03-04 19:04:54 | INFO | src.tmc_shapley_islands | Add-curve (mean): 15 islands, n=4578 -> corr=0.1766
2026-03-04 19:05:04 | INFO | src.tmc_shapley_islands | Random individual add-curve (seed=0) complete
2026-03-04 19:05:14 | INFO | src.tmc_shapley_islands | Random individual add-curve (seed=1) complete
2026-03-04 19:05:24 | INFO | src.tmc_shapley_islands | Random individual add-curve (seed=2) complete
2026-03-04 19:05:35 | INFO | src.tmc_shapley_islands | Random individual add-curve (seed=3) complete
2026-03-04 19:05:45 | INFO | src.tmc_shapley_islands | Random individual add-curve (seed=4) complete
2026-03-04 19:05:45 | INFO | src.tmc_shapley_islands | Building mirrored remove-islands curve from add-islands curve...
2026-03-04 19:05:45 | INFO | src.tmc_shapley_islands | Saved Shapley values to outputs/tmc_shapley_sweep_all_traits/shards/shard_017/wing/tmp/shapley_island_values_target_5.csv
2026-03-04 19:05:45 | INFO | src.tmc_shapley_islands | Saved summary to outputs/tmc_shapley_sweep_all_traits/shards/shard_017/wing/tmp/tmc_summary_target_5.json
2026-03-04 19:05:45 | INFO | src.tmc_shapley_islands | Saved intermediate ranking trace to outputs/tmc_shapley_sweep_all_traits/shards/shard_017/wing/tmp/tmc_intermediate_rankings_target_5.csv
2026-03-04 19:05:45 | INFO | src.tmc_shapley_islands | Saved add-curve to outputs/tmc_shapley_sweep_all_traits/shards/shard_017/wing/tmp/add_curve_target_5.csv
2026-03-04 19:05:45 | INFO | src.tmc_shapley_islands | Saved remove-curve to outputs/tmc_shapley_sweep_all_traits/shards/shard_017/wing/tmp/remove_curve_target_5.csv
2026-03-04 19:05:46 | INFO | src.tmc_shapley_islands | Saved bar plot to outputs/tmc_shapley_sweep_all_traits/shards/shard_017/wing/tmp/shapley_bar_target_5.png
2026-03-04 19:05:46 | INFO | src.tmc_shapley_islands | Saved add-curve plot to outputs/tmc_shapley_sweep_all_traits/shards/shard_017/wing/tmp/add_curve_target_5.png
2026-03-04 19:05:47 | INFO | src.tmc_shapley_islands | Saved remove-curve plot to outputs/tmc_shapley_sweep_all_traits/shards/shard_017/wing/tmp/remove_curve_target_5.png
2026-03-04 19:05:47 | INFO | __main__ | Shard 17/30 trait=wing progress 41/75 | target=5 n_cal_samples=80 perm=10 repeat=5
2026-03-04 19:05:47 | INFO | src.tmc_shapley_islands | [Shapley] Target island: 5 (Hestmannøy), source islands: 15
2026-03-04 19:05:48 | INFO | src.tmc_shapley_islands | Data: source=4578 (across 15 islands), cal=80, test=905
2026-03-04 19:05:48 | INFO | src.tmc_shapley_islands | SNP selection: using fixed precomputed subset (n=20000)
2026-03-04 19:05:48 | INFO | src.tmc_shapley_islands | Island counts (capped to None in training):
  Nesøy: n=118
  Myken: n=92
  Træna: n=286
  Selvær: n=191
  Gjerøy: n=553
  Indre Kvarøy: n=349
  Onøy og Lurøy: n=256
  Lovund: n=151
  Sleneset: n=160
  Aldra: n=173
  Southern 1: n=581
  Southern 2: n=397
  Southern 3: n=583
  Southern 4: n=486
  Southern 5: n=202
2026-03-04 19:05:48 | INFO | src.tmc_shapley_islands | Running TMC-Shapley with 10 permutations (utility on cal set)...
2026-03-04 19:05:48 | INFO | src.tmc_shapley_islands | Computing V_full over all 15 source islands...
2026-03-04 19:05:50 | INFO | src.tmc_shapley_islands | V_full = -0.0417
2026-03-04 19:06:13 | INFO | src.tmc_shapley_islands | TMC progress: 2/10 permutations done, cache hit rate: 6.5%, n_evals: 29
2026-03-04 19:06:37 | INFO | src.tmc_shapley_islands | TMC progress: 4/10 permutations done, cache hit rate: 9.8%, n_evals: 55
2026-03-04 19:07:01 | INFO | src.tmc_shapley_islands | TMC progress: 6/10 permutations done, cache hit rate: 9.9%, n_evals: 82
2026-03-04 19:07:21 | INFO | src.tmc_shapley_islands | TMC progress: 8/10 permutations done, cache hit rate: 9.9%, n_evals: 109
2026-03-04 19:07:45 | INFO | src.tmc_shapley_islands | TMC progress: 10/10 permutations done, cache hit rate: 10.6%, n_evals: 135
2026-03-04 19:07:45 | INFO | src.tmc_shapley_islands | TMC complete: 10 permutations, 0 truncated, 135 utility evals, cache hit rate: 10.6%
2026-03-04 19:07:45 | INFO | src.tmc_shapley_islands | Shapley values (phi, computed on cal set):
2026-03-04 19:07:45 | INFO | src.tmc_shapley_islands |   Nesøy: phi=-0.048050, phi/n=-0.00040720
2026-03-04 19:07:45 | INFO | src.tmc_shapley_islands |   Myken: phi=-0.042572, phi/n=-0.00046274
2026-03-04 19:07:45 | INFO | src.tmc_shapley_islands |   Træna: phi=0.072819, phi/n=0.00025461
2026-03-04 19:07:45 | INFO | src.tmc_shapley_islands |   Selvær: phi=0.056187, phi/n=0.00029417
2026-03-04 19:07:45 | INFO | src.tmc_shapley_islands |   Gjerøy: phi=0.043055, phi/n=0.00007786
2026-03-04 19:07:45 | INFO | src.tmc_shapley_islands |   Indre Kvarøy: phi=0.027454, phi/n=0.00007866
2026-03-04 19:07:45 | INFO | src.tmc_shapley_islands |   Onøy og Lurøy: phi=-0.067720, phi/n=-0.00026453
2026-03-04 19:07:45 | INFO | src.tmc_shapley_islands |   Lovund: phi=0.004724, phi/n=0.00003128
2026-03-04 19:07:45 | INFO | src.tmc_shapley_islands |   Sleneset: phi=-0.012480, phi/n=-0.00007800
2026-03-04 19:07:45 | INFO | src.tmc_shapley_islands |   Aldra: phi=-0.011523, phi/n=-0.00006661
2026-03-04 19:07:45 | INFO | src.tmc_shapley_islands |   Southern 1: phi=0.029847, phi/n=0.00005137
2026-03-04 19:07:45 | INFO | src.tmc_shapley_islands |   Southern 2: phi=-0.051797, phi/n=-0.00013047
2026-03-04 19:07:45 | INFO | src.tmc_shapley_islands |   Southern 3: phi=-0.070968, phi/n=-0.00012173
2026-03-04 19:07:45 | INFO | src.tmc_shapley_islands |   Southern 4: phi=-0.000420, phi/n=-0.00000086
2026-03-04 19:07:45 | INFO | src.tmc_shapley_islands |   Southern 5: phi=0.029788, phi/n=0.00014747
2026-03-04 19:07:45 | INFO | src.tmc_shapley_islands | Curve retraining early stopping: enabled=True, patience=20
2026-03-04 19:07:45 | INFO | src.tmc_shapley_islands | Computing add-islands curve (evaluated on test set)...
2026-03-04 19:07:45 | INFO | src.tmc_shapley_islands | Add-curve (mean): 1 islands, n=191 -> corr=0.0319
2026-03-04 19:07:45 | INFO | src.tmc_shapley_islands | Add-curve (mean): 2 islands, n=477 -> corr=0.0763
2026-03-04 19:07:46 | INFO | src.tmc_shapley_islands | Add-curve (mean): 3 islands, n=679 -> corr=0.0732
2026-03-04 19:07:46 | INFO | src.tmc_shapley_islands | Add-curve (mean): 4 islands, n=1028 -> corr=0.1195
2026-03-04 19:07:47 | INFO | src.tmc_shapley_islands | Add-curve (mean): 5 islands, n=1581 -> corr=0.1220
2026-03-04 19:07:48 | INFO | src.tmc_shapley_islands | Add-curve (mean): 6 islands, n=2162 -> corr=0.1253
2026-03-04 19:07:49 | INFO | src.tmc_shapley_islands | Add-curve (mean): 7 islands, n=2313 -> corr=0.1234
2026-03-04 19:07:50 | INFO | src.tmc_shapley_islands | Add-curve (mean): 8 islands, n=2799 -> corr=0.1321
2026-03-04 19:07:51 | INFO | src.tmc_shapley_islands | Add-curve (mean): 9 islands, n=2972 -> corr=0.1400
2026-03-04 19:07:52 | INFO | src.tmc_shapley_islands | Add-curve (mean): 10 islands, n=3132 -> corr=0.1471
2026-03-04 19:07:54 | INFO | src.tmc_shapley_islands | Add-curve (mean): 11 islands, n=3715 -> corr=0.1352
2026-03-04 19:07:56 | INFO | src.tmc_shapley_islands | Add-curve (mean): 12 islands, n=4112 -> corr=0.1324
2026-03-04 19:07:58 | INFO | src.tmc_shapley_islands | Add-curve (mean): 13 islands, n=4368 -> corr=0.1667
2026-03-04 19:08:00 | INFO | src.tmc_shapley_islands | Add-curve (mean): 14 islands, n=4486 -> corr=0.1727
2026-03-04 19:08:02 | INFO | src.tmc_shapley_islands | Add-curve (mean): 15 islands, n=4578 -> corr=0.1729
2026-03-04 19:08:13 | INFO | src.tmc_shapley_islands | Random individual add-curve (seed=0) complete
2026-03-04 19:08:24 | INFO | src.tmc_shapley_islands | Random individual add-curve (seed=1) complete
2026-03-04 19:08:36 | INFO | src.tmc_shapley_islands | Random individual add-curve (seed=2) complete
2026-03-04 19:08:48 | INFO | src.tmc_shapley_islands | Random individual add-curve (seed=3) complete
2026-03-04 19:08:59 | INFO | src.tmc_shapley_islands | Random individual add-curve (seed=4) complete
2026-03-04 19:08:59 | INFO | src.tmc_shapley_islands | Building mirrored remove-islands curve from add-islands curve...
2026-03-04 19:08:59 | INFO | src.tmc_shapley_islands | Saved Shapley values to outputs/tmc_shapley_sweep_all_traits/shards/shard_017/wing/tmp/shapley_island_values_target_5.csv
2026-03-04 19:08:59 | INFO | src.tmc_shapley_islands | Saved summary to outputs/tmc_shapley_sweep_all_traits/shards/shard_017/wing/tmp/tmc_summary_target_5.json
2026-03-04 19:08:59 | INFO | src.tmc_shapley_islands | Saved intermediate ranking trace to outputs/tmc_shapley_sweep_all_traits/shards/shard_017/wing/tmp/tmc_intermediate_rankings_target_5.csv
2026-03-04 19:08:59 | INFO | src.tmc_shapley_islands | Saved add-curve to outputs/tmc_shapley_sweep_all_traits/shards/shard_017/wing/tmp/add_curve_target_5.csv
2026-03-04 19:08:59 | INFO | src.tmc_shapley_islands | Saved remove-curve to outputs/tmc_shapley_sweep_all_traits/shards/shard_017/wing/tmp/remove_curve_target_5.csv
2026-03-04 19:08:59 | INFO | src.tmc_shapley_islands | Saved bar plot to outputs/tmc_shapley_sweep_all_traits/shards/shard_017/wing/tmp/shapley_bar_target_5.png
2026-03-04 19:09:00 | INFO | src.tmc_shapley_islands | Saved add-curve plot to outputs/tmc_shapley_sweep_all_traits/shards/shard_017/wing/tmp/add_curve_target_5.png
2026-03-04 19:09:01 | INFO | src.tmc_shapley_islands | Saved remove-curve plot to outputs/tmc_shapley_sweep_all_traits/shards/shard_017/wing/tmp/remove_curve_target_5.png
2026-03-04 19:09:01 | INFO | __main__ | Shard 17/30 trait=wing progress 42/75 | target=5 n_cal_samples=80 perm=20 repeat=5
2026-03-04 19:09:01 | INFO | src.tmc_shapley_islands | [Shapley] Target island: 5 (Hestmannøy), source islands: 15
2026-03-04 19:09:01 | INFO | src.tmc_shapley_islands | Data: source=4578 (across 15 islands), cal=80, test=905
2026-03-04 19:09:01 | INFO | src.tmc_shapley_islands | SNP selection: using fixed precomputed subset (n=20000)
2026-03-04 19:09:01 | INFO | src.tmc_shapley_islands | Island counts (capped to None in training):
  Nesøy: n=118
  Myken: n=92
  Træna: n=286
  Selvær: n=191
  Gjerøy: n=553
  Indre Kvarøy: n=349
  Onøy og Lurøy: n=256
  Lovund: n=151
  Sleneset: n=160
  Aldra: n=173
  Southern 1: n=581
  Southern 2: n=397
  Southern 3: n=583
  Southern 4: n=486
  Southern 5: n=202
2026-03-04 19:09:01 | INFO | src.tmc_shapley_islands | Loaded 135 cached utilities from outputs/tmc_shapley_sweep_all_traits/cache/wing/utility_cache_target_5_seed_1259093833.json
2026-03-04 19:09:01 | INFO | src.tmc_shapley_islands | Running TMC-Shapley with 20 permutations (utility on cal set)...
2026-03-04 19:09:01 | INFO | src.tmc_shapley_islands | Computing V_full over all 15 source islands...
2026-03-04 19:09:01 | INFO | src.tmc_shapley_islands | V_full = -0.0417
2026-03-04 19:09:01 | INFO | src.tmc_shapley_islands | TMC head-start: loaded 10 completed permutations from state outputs/tmc_shapley_sweep_all_traits/cache/wing/tmc_perm_state_target_5_seed_1259093833.json
2026-03-04 19:09:24 | INFO | src.tmc_shapley_islands | TMC progress: 12/20 permutations done, cache hit rate: 19.4%, n_evals: 25
2026-03-04 19:10:09 | INFO | src.tmc_shapley_islands | TMC progress: 16/20 permutations done, cache hit rate: 16.5%, n_evals: 76
2026-03-04 19:10:54 | INFO | src.tmc_shapley_islands | TMC progress: 20/20 permutations done, cache hit rate: 17.9%, n_evals: 124
2026-03-04 19:10:54 | INFO | src.tmc_shapley_islands | TMC complete: 20 permutations, 0 truncated, 124 utility evals, cache hit rate: 17.9%
2026-03-04 19:10:54 | INFO | src.tmc_shapley_islands | Shapley values (phi, computed on cal set):
2026-03-04 19:10:54 | INFO | src.tmc_shapley_islands |   Nesøy: phi=-0.045911, phi/n=-0.00038908
2026-03-04 19:10:54 | INFO | src.tmc_shapley_islands |   Myken: phi=-0.051789, phi/n=-0.00056292
2026-03-04 19:10:54 | INFO | src.tmc_shapley_islands |   Træna: phi=0.066148, phi/n=0.00023129
2026-03-04 19:10:54 | INFO | src.tmc_shapley_islands |   Selvær: phi=0.060033, phi/n=0.00031431
2026-03-04 19:10:54 | INFO | src.tmc_shapley_islands |   Gjerøy: phi=0.049553, phi/n=0.00008961
2026-03-04 19:10:54 | INFO | src.tmc_shapley_islands |   Indre Kvarøy: phi=0.031585, phi/n=0.00009050
2026-03-04 19:10:54 | INFO | src.tmc_shapley_islands |   Onøy og Lurøy: phi=-0.064382, phi/n=-0.00025149
2026-03-04 19:10:54 | INFO | src.tmc_shapley_islands |   Lovund: phi=0.006222, phi/n=0.00004121
2026-03-04 19:10:54 | INFO | src.tmc_shapley_islands |   Sleneset: phi=-0.014046, phi/n=-0.00008779
2026-03-04 19:10:54 | INFO | src.tmc_shapley_islands |   Aldra: phi=-0.009910, phi/n=-0.00005728
2026-03-04 19:10:54 | INFO | src.tmc_shapley_islands |   Southern 1: phi=0.031755, phi/n=0.00005466
2026-03-04 19:10:54 | INFO | src.tmc_shapley_islands |   Southern 2: phi=-0.055652, phi/n=-0.00014018
2026-03-04 19:10:54 | INFO | src.tmc_shapley_islands |   Southern 3: phi=-0.073080, phi/n=-0.00012535
2026-03-04 19:10:54 | INFO | src.tmc_shapley_islands |   Southern 4: phi=0.000086, phi/n=0.00000018
2026-03-04 19:10:54 | INFO | src.tmc_shapley_islands |   Southern 5: phi=0.027731, phi/n=0.00013728
2026-03-04 19:10:54 | INFO | src.tmc_shapley_islands | Curve retraining early stopping: enabled=True, patience=20
2026-03-04 19:10:54 | INFO | src.tmc_shapley_islands | Computing add-islands curve (evaluated on test set)...
2026-03-04 19:10:54 | INFO | src.tmc_shapley_islands | Add-curve (mean): 1 islands, n=191 -> corr=0.0319
2026-03-04 19:10:55 | INFO | src.tmc_shapley_islands | Add-curve (mean): 2 islands, n=477 -> corr=0.0763
2026-03-04 19:10:55 | INFO | src.tmc_shapley_islands | Add-curve (mean): 3 islands, n=679 -> corr=0.0732
2026-03-04 19:10:56 | INFO | src.tmc_shapley_islands | Add-curve (mean): 4 islands, n=1028 -> corr=0.1195
2026-03-04 19:10:56 | INFO | src.tmc_shapley_islands | Add-curve (mean): 5 islands, n=1581 -> corr=0.1220
2026-03-04 19:10:57 | INFO | src.tmc_shapley_islands | Add-curve (mean): 6 islands, n=2162 -> corr=0.1253
2026-03-04 19:10:58 | INFO | src.tmc_shapley_islands | Add-curve (mean): 7 islands, n=2313 -> corr=0.1234
2026-03-04 19:10:59 | INFO | src.tmc_shapley_islands | Add-curve (mean): 8 islands, n=2799 -> corr=0.1321
2026-03-04 19:11:00 | INFO | src.tmc_shapley_islands | Add-curve (mean): 9 islands, n=2972 -> corr=0.1400
2026-03-04 19:11:02 | INFO | src.tmc_shapley_islands | Add-curve (mean): 10 islands, n=3132 -> corr=0.1471
2026-03-04 19:11:03 | INFO | src.tmc_shapley_islands | Add-curve (mean): 11 islands, n=3715 -> corr=0.1352
2026-03-04 19:11:05 | INFO | src.tmc_shapley_islands | Add-curve (mean): 12 islands, n=4112 -> corr=0.1324
2026-03-04 19:11:07 | INFO | src.tmc_shapley_islands | Add-curve (mean): 13 islands, n=4368 -> corr=0.1667
2026-03-04 19:11:09 | INFO | src.tmc_shapley_islands | Add-curve (mean): 14 islands, n=4486 -> corr=0.1727
2026-03-04 19:11:11 | INFO | src.tmc_shapley_islands | Add-curve (mean): 15 islands, n=4578 -> corr=0.1729
2026-03-04 19:11:22 | INFO | src.tmc_shapley_islands | Random individual add-curve (seed=0) complete
2026-03-04 19:11:34 | INFO | src.tmc_shapley_islands | Random individual add-curve (seed=1) complete
2026-03-04 19:11:45 | INFO | src.tmc_shapley_islands | Random individual add-curve (seed=2) complete
2026-03-04 19:11:57 | INFO | src.tmc_shapley_islands | Random individual add-curve (seed=3) complete
2026-03-04 19:12:08 | INFO | src.tmc_shapley_islands | Random individual add-curve (seed=4) complete
2026-03-04 19:12:08 | INFO | src.tmc_shapley_islands | Building mirrored remove-islands curve from add-islands curve...
2026-03-04 19:12:08 | INFO | src.tmc_shapley_islands | Saved Shapley values to outputs/tmc_shapley_sweep_all_traits/shards/shard_017/wing/tmp/shapley_island_values_target_5.csv
2026-03-04 19:12:08 | INFO | src.tmc_shapley_islands | Saved summary to outputs/tmc_shapley_sweep_all_traits/shards/shard_017/wing/tmp/tmc_summary_target_5.json
2026-03-04 19:12:08 | INFO | src.tmc_shapley_islands | Saved intermediate ranking trace to outputs/tmc_shapley_sweep_all_traits/shards/shard_017/wing/tmp/tmc_intermediate_rankings_target_5.csv
2026-03-04 19:12:08 | INFO | src.tmc_shapley_islands | Saved add-curve to outputs/tmc_shapley_sweep_all_traits/shards/shard_017/wing/tmp/add_curve_target_5.csv
2026-03-04 19:12:08 | INFO | src.tmc_shapley_islands | Saved remove-curve to outputs/tmc_shapley_sweep_all_traits/shards/shard_017/wing/tmp/remove_curve_target_5.csv
2026-03-04 19:12:09 | INFO | src.tmc_shapley_islands | Saved bar plot to outputs/tmc_shapley_sweep_all_traits/shards/shard_017/wing/tmp/shapley_bar_target_5.png
2026-03-04 19:12:09 | INFO | src.tmc_shapley_islands | Saved add-curve plot to outputs/tmc_shapley_sweep_all_traits/shards/shard_017/wing/tmp/add_curve_target_5.png
2026-03-04 19:12:10 | INFO | src.tmc_shapley_islands | Saved remove-curve plot to outputs/tmc_shapley_sweep_all_traits/shards/shard_017/wing/tmp/remove_curve_target_5.png
2026-03-04 19:12:10 | INFO | __main__ | Shard 17/30 trait=wing progress 43/75 | target=5 n_cal_samples=80 perm=40 repeat=5
2026-03-04 19:12:10 | INFO | src.tmc_shapley_islands | [Shapley] Target island: 5 (Hestmannøy), source islands: 15
2026-03-04 19:12:11 | INFO | src.tmc_shapley_islands | Data: source=4578 (across 15 islands), cal=80, test=905
2026-03-04 19:12:11 | INFO | src.tmc_shapley_islands | SNP selection: using fixed precomputed subset (n=20000)
2026-03-04 19:12:11 | INFO | src.tmc_shapley_islands | Island counts (capped to None in training):
  Nesøy: n=118
  Myken: n=92
  Træna: n=286
  Selvær: n=191
  Gjerøy: n=553
  Indre Kvarøy: n=349
  Onøy og Lurøy: n=256
  Lovund: n=151
  Sleneset: n=160
  Aldra: n=173
  Southern 1: n=581
  Southern 2: n=397
  Southern 3: n=583
  Southern 4: n=486
  Southern 5: n=202
2026-03-04 19:12:11 | INFO | src.tmc_shapley_islands | Loaded 259 cached utilities from outputs/tmc_shapley_sweep_all_traits/cache/wing/utility_cache_target_5_seed_1259093833.json
2026-03-04 19:12:11 | INFO | src.tmc_shapley_islands | Running TMC-Shapley with 40 permutations (utility on cal set)...
2026-03-04 19:12:11 | INFO | src.tmc_shapley_islands | Computing V_full over all 15 source islands...
2026-03-04 19:12:11 | INFO | src.tmc_shapley_islands | V_full = -0.0417
2026-03-04 19:12:11 | INFO | src.tmc_shapley_islands | TMC head-start: loaded 20 completed permutations from state outputs/tmc_shapley_sweep_all_traits/cache/wing/tmc_perm_state_target_5_seed_1259093833.json
2026-03-04 19:12:53 | INFO | src.tmc_shapley_islands | TMC progress: 24/40 permutations done, cache hit rate: 27.9%, n_evals: 44
2026-03-04 19:14:09 | INFO | src.tmc_shapley_islands | TMC progress: 32/40 permutations done, cache hit rate: 24.3%, n_evals: 137
2026-03-04 19:15:33 | INFO | src.tmc_shapley_islands | TMC progress: 40/40 permutations done, cache hit rate: 23.3%, n_evals: 231
2026-03-04 19:15:33 | INFO | src.tmc_shapley_islands | TMC complete: 40 permutations, 0 truncated, 231 utility evals, cache hit rate: 23.3%
2026-03-04 19:15:33 | INFO | src.tmc_shapley_islands | Shapley values (phi, computed on cal set):
2026-03-04 19:15:33 | INFO | src.tmc_shapley_islands |   Nesøy: phi=-0.036962, phi/n=-0.00031324
2026-03-04 19:15:33 | INFO | src.tmc_shapley_islands |   Myken: phi=-0.058554, phi/n=-0.00063645
2026-03-04 19:15:33 | INFO | src.tmc_shapley_islands |   Træna: phi=0.068055, phi/n=0.00023796
2026-03-04 19:15:33 | INFO | src.tmc_shapley_islands |   Selvær: phi=0.056790, phi/n=0.00029733
2026-03-04 19:15:33 | INFO | src.tmc_shapley_islands |   Gjerøy: phi=0.043351, phi/n=0.00007839
2026-03-04 19:15:33 | INFO | src.tmc_shapley_islands |   Indre Kvarøy: phi=0.044229, phi/n=0.00012673
2026-03-04 19:15:33 | INFO | src.tmc_shapley_islands |   Onøy og Lurøy: phi=-0.056203, phi/n=-0.00021954
2026-03-04 19:15:33 | INFO | src.tmc_shapley_islands |   Lovund: phi=0.006135, phi/n=0.00004063
2026-03-04 19:15:33 | INFO | src.tmc_shapley_islands |   Sleneset: phi=-0.017345, phi/n=-0.00010840
2026-03-04 19:15:33 | INFO | src.tmc_shapley_islands |   Aldra: phi=-0.010506, phi/n=-0.00006073
2026-03-04 19:15:33 | INFO | src.tmc_shapley_islands |   Southern 1: phi=0.032534, phi/n=0.00005600
2026-03-04 19:15:33 | INFO | src.tmc_shapley_islands |   Southern 2: phi=-0.057923, phi/n=-0.00014590
2026-03-04 19:15:33 | INFO | src.tmc_shapley_islands |   Southern 3: phi=-0.080961, phi/n=-0.00013887
2026-03-04 19:15:33 | INFO | src.tmc_shapley_islands |   Southern 4: phi=0.001071, phi/n=0.00000220
2026-03-04 19:15:33 | INFO | src.tmc_shapley_islands |   Southern 5: phi=0.024632, phi/n=0.00012194
2026-03-04 19:15:33 | INFO | src.tmc_shapley_islands | Curve retraining early stopping: enabled=True, patience=20
2026-03-04 19:15:33 | INFO | src.tmc_shapley_islands | Computing add-islands curve (evaluated on test set)...
2026-03-04 19:15:33 | INFO | src.tmc_shapley_islands | Add-curve (mean): 1 islands, n=191 -> corr=0.0319
2026-03-04 19:15:33 | INFO | src.tmc_shapley_islands | Add-curve (mean): 2 islands, n=477 -> corr=0.0763
2026-03-04 19:15:33 | INFO | src.tmc_shapley_islands | Add-curve (mean): 3 islands, n=826 -> corr=0.1221
2026-03-04 19:15:34 | INFO | src.tmc_shapley_islands | Add-curve (mean): 4 islands, n=1028 -> corr=0.1195
2026-03-04 19:15:35 | INFO | src.tmc_shapley_islands | Add-curve (mean): 5 islands, n=1581 -> corr=0.1220
2026-03-04 19:15:35 | INFO | src.tmc_shapley_islands | Add-curve (mean): 6 islands, n=2162 -> corr=0.1253
2026-03-04 19:15:36 | INFO | src.tmc_shapley_islands | Add-curve (mean): 7 islands, n=2313 -> corr=0.1234
2026-03-04 19:15:38 | INFO | src.tmc_shapley_islands | Add-curve (mean): 8 islands, n=2799 -> corr=0.1321
2026-03-04 19:15:39 | INFO | src.tmc_shapley_islands | Add-curve (mean): 9 islands, n=2972 -> corr=0.1400
2026-03-04 19:15:40 | INFO | src.tmc_shapley_islands | Add-curve (mean): 10 islands, n=3132 -> corr=0.1471
2026-03-04 19:15:41 | INFO | src.tmc_shapley_islands | Add-curve (mean): 11 islands, n=3715 -> corr=0.1352
2026-03-04 19:15:43 | INFO | src.tmc_shapley_islands | Add-curve (mean): 12 islands, n=4112 -> corr=0.1324
2026-03-04 19:15:45 | INFO | src.tmc_shapley_islands | Add-curve (mean): 13 islands, n=4368 -> corr=0.1667
2026-03-04 19:15:47 | INFO | src.tmc_shapley_islands | Add-curve (mean): 14 islands, n=4486 -> corr=0.1727
2026-03-04 19:15:49 | INFO | src.tmc_shapley_islands | Add-curve (mean): 15 islands, n=4578 -> corr=0.1729
2026-03-04 19:16:01 | INFO | src.tmc_shapley_islands | Random individual add-curve (seed=0) complete
2026-03-04 19:16:12 | INFO | src.tmc_shapley_islands | Random individual add-curve (seed=1) complete
2026-03-04 19:16:23 | INFO | src.tmc_shapley_islands | Random individual add-curve (seed=2) complete
2026-03-04 19:16:35 | INFO | src.tmc_shapley_islands | Random individual add-curve (seed=3) complete
2026-03-04 19:16:46 | INFO | src.tmc_shapley_islands | Random individual add-curve (seed=4) complete
2026-03-04 19:16:46 | INFO | src.tmc_shapley_islands | Building mirrored remove-islands curve from add-islands curve...
2026-03-04 19:16:46 | INFO | src.tmc_shapley_islands | Saved Shapley values to outputs/tmc_shapley_sweep_all_traits/shards/shard_017/wing/tmp/shapley_island_values_target_5.csv
2026-03-04 19:16:46 | INFO | src.tmc_shapley_islands | Saved summary to outputs/tmc_shapley_sweep_all_traits/shards/shard_017/wing/tmp/tmc_summary_target_5.json
2026-03-04 19:16:46 | INFO | src.tmc_shapley_islands | Saved intermediate ranking trace to outputs/tmc_shapley_sweep_all_traits/shards/shard_017/wing/tmp/tmc_intermediate_rankings_target_5.csv
2026-03-04 19:16:46 | INFO | src.tmc_shapley_islands | Saved add-curve to outputs/tmc_shapley_sweep_all_traits/shards/shard_017/wing/tmp/add_curve_target_5.csv
2026-03-04 19:16:46 | INFO | src.tmc_shapley_islands | Saved remove-curve to outputs/tmc_shapley_sweep_all_traits/shards/shard_017/wing/tmp/remove_curve_target_5.csv
2026-03-04 19:16:47 | INFO | src.tmc_shapley_islands | Saved bar plot to outputs/tmc_shapley_sweep_all_traits/shards/shard_017/wing/tmp/shapley_bar_target_5.png
2026-03-04 19:16:47 | INFO | src.tmc_shapley_islands | Saved add-curve plot to outputs/tmc_shapley_sweep_all_traits/shards/shard_017/wing/tmp/add_curve_target_5.png
2026-03-04 19:16:48 | INFO | src.tmc_shapley_islands | Saved remove-curve plot to outputs/tmc_shapley_sweep_all_traits/shards/shard_017/wing/tmp/remove_curve_target_5.png
2026-03-04 19:16:48 | INFO | __main__ | Shard 17/30 trait=wing progress 44/75 | target=5 n_cal_samples=80 perm=80 repeat=5
2026-03-04 19:16:48 | INFO | src.tmc_shapley_islands | [Shapley] Target island: 5 (Hestmannøy), source islands: 15
2026-03-04 19:16:49 | INFO | src.tmc_shapley_islands | Data: source=4578 (across 15 islands), cal=80, test=905
2026-03-04 19:16:49 | INFO | src.tmc_shapley_islands | SNP selection: using fixed precomputed subset (n=20000)
2026-03-04 19:16:49 | INFO | src.tmc_shapley_islands | Island counts (capped to None in training):
  Nesøy: n=118
  Myken: n=92
  Træna: n=286
  Selvær: n=191
  Gjerøy: n=553
  Indre Kvarøy: n=349
  Onøy og Lurøy: n=256
  Lovund: n=151
  Sleneset: n=160
  Aldra: n=173
  Southern 1: n=581
  Southern 2: n=397
  Southern 3: n=583
  Southern 4: n=486
  Southern 5: n=202
2026-03-04 19:16:49 | INFO | src.tmc_shapley_islands | Loaded 490 cached utilities from outputs/tmc_shapley_sweep_all_traits/cache/wing/utility_cache_target_5_seed_1259093833.json
2026-03-04 19:16:49 | INFO | src.tmc_shapley_islands | Running TMC-Shapley with 80 permutations (utility on cal set)...
2026-03-04 19:16:49 | INFO | src.tmc_shapley_islands | Computing V_full over all 15 source islands...
2026-03-04 19:16:49 | INFO | src.tmc_shapley_islands | V_full = -0.0417
2026-03-04 19:16:49 | INFO | src.tmc_shapley_islands | TMC head-start: loaded 40 completed permutations from state outputs/tmc_shapley_sweep_all_traits/cache/wing/tmc_perm_state_target_5_seed_1259093833.json
2026-03-04 19:18:02 | INFO | src.tmc_shapley_islands | TMC progress: 48/80 permutations done, cache hit rate: 26.4%, n_evals: 89
2026-03-04 19:20:31 | INFO | src.tmc_shapley_islands | TMC progress: 64/80 permutations done, cache hit rate: 27.1%, n_evals: 263
2026-03-04 19:22:45 | INFO | src.tmc_shapley_islands | TMC progress: 80/80 permutations done, cache hit rate: 29.1%, n_evals: 426
2026-03-04 19:22:45 | INFO | src.tmc_shapley_islands | TMC complete: 80 permutations, 0 truncated, 426 utility evals, cache hit rate: 29.1%
2026-03-04 19:22:45 | INFO | src.tmc_shapley_islands | Shapley values (phi, computed on cal set):
2026-03-04 19:22:45 | INFO | src.tmc_shapley_islands |   Nesøy: phi=-0.034274, phi/n=-0.00029046
2026-03-04 19:22:45 | INFO | src.tmc_shapley_islands |   Myken: phi=-0.056534, phi/n=-0.00061450
2026-03-04 19:22:45 | INFO | src.tmc_shapley_islands |   Træna: phi=0.063152, phi/n=0.00022081
2026-03-04 19:22:45 | INFO | src.tmc_shapley_islands |   Selvær: phi=0.056725, phi/n=0.00029699
2026-03-04 19:22:45 | INFO | src.tmc_shapley_islands |   Gjerøy: phi=0.040206, phi/n=0.00007271
2026-03-04 19:22:45 | INFO | src.tmc_shapley_islands |   Indre Kvarøy: phi=0.040179, phi/n=0.00011513
2026-03-04 19:22:45 | INFO | src.tmc_shapley_islands |   Onøy og Lurøy: phi=-0.057890, phi/n=-0.00022613
2026-03-04 19:22:45 | INFO | src.tmc_shapley_islands |   Lovund: phi=0.006512, phi/n=0.00004313
2026-03-04 19:22:45 | INFO | src.tmc_shapley_islands |   Sleneset: phi=-0.017410, phi/n=-0.00010881
2026-03-04 19:22:45 | INFO | src.tmc_shapley_islands |   Aldra: phi=-0.014245, phi/n=-0.00008234
2026-03-04 19:22:45 | INFO | src.tmc_shapley_islands |   Southern 1: phi=0.038553, phi/n=0.00006636
2026-03-04 19:22:45 | INFO | src.tmc_shapley_islands |   Southern 2: phi=-0.054748, phi/n=-0.00013790
2026-03-04 19:22:45 | INFO | src.tmc_shapley_islands |   Southern 3: phi=-0.082779, phi/n=-0.00014199
2026-03-04 19:22:45 | INFO | src.tmc_shapley_islands |   Southern 4: phi=-0.000472, phi/n=-0.00000097
2026-03-04 19:22:45 | INFO | src.tmc_shapley_islands |   Southern 5: phi=0.031369, phi/n=0.00015529
2026-03-04 19:22:45 | INFO | src.tmc_shapley_islands | Curve retraining early stopping: enabled=True, patience=20
2026-03-04 19:22:45 | INFO | src.tmc_shapley_islands | Computing add-islands curve (evaluated on test set)...
2026-03-04 19:22:45 | INFO | src.tmc_shapley_islands | Add-curve (mean): 1 islands, n=191 -> corr=0.0319
2026-03-04 19:22:45 | INFO | src.tmc_shapley_islands | Add-curve (mean): 2 islands, n=477 -> corr=0.0763
2026-03-04 19:22:46 | INFO | src.tmc_shapley_islands | Add-curve (mean): 3 islands, n=679 -> corr=0.0732
2026-03-04 19:22:46 | INFO | src.tmc_shapley_islands | Add-curve (mean): 4 islands, n=1028 -> corr=0.1195
2026-03-04 19:22:47 | INFO | src.tmc_shapley_islands | Add-curve (mean): 5 islands, n=1581 -> corr=0.1220
2026-03-04 19:22:48 | INFO | src.tmc_shapley_islands | Add-curve (mean): 6 islands, n=2162 -> corr=0.1253
2026-03-04 19:22:49 | INFO | src.tmc_shapley_islands | Add-curve (mean): 7 islands, n=2313 -> corr=0.1234
2026-03-04 19:22:50 | INFO | src.tmc_shapley_islands | Add-curve (mean): 8 islands, n=2799 -> corr=0.1321
2026-03-04 19:22:51 | INFO | src.tmc_shapley_islands | Add-curve (mean): 9 islands, n=2972 -> corr=0.1400
2026-03-04 19:22:52 | INFO | src.tmc_shapley_islands | Add-curve (mean): 10 islands, n=3132 -> corr=0.1471
2026-03-04 19:22:54 | INFO | src.tmc_shapley_islands | Add-curve (mean): 11 islands, n=3529 -> corr=0.1442
2026-03-04 19:22:55 | INFO | src.tmc_shapley_islands | Add-curve (mean): 12 islands, n=4112 -> corr=0.1324
2026-03-04 19:22:57 | INFO | src.tmc_shapley_islands | Add-curve (mean): 13 islands, n=4368 -> corr=0.1667
2026-03-04 19:22:59 | INFO | src.tmc_shapley_islands | Add-curve (mean): 14 islands, n=4486 -> corr=0.1727
2026-03-04 19:23:01 | INFO | src.tmc_shapley_islands | Add-curve (mean): 15 islands, n=4578 -> corr=0.1729
2026-03-04 19:23:13 | INFO | src.tmc_shapley_islands | Random individual add-curve (seed=0) complete
2026-03-04 19:23:24 | INFO | src.tmc_shapley_islands | Random individual add-curve (seed=1) complete
2026-03-04 19:23:35 | INFO | src.tmc_shapley_islands | Random individual add-curve (seed=2) complete
2026-03-04 19:23:47 | INFO | src.tmc_shapley_islands | Random individual add-curve (seed=3) complete
2026-03-04 19:23:58 | INFO | src.tmc_shapley_islands | Random individual add-curve (seed=4) complete
2026-03-04 19:23:58 | INFO | src.tmc_shapley_islands | Building mirrored remove-islands curve from add-islands curve...
2026-03-04 19:23:58 | INFO | src.tmc_shapley_islands | Saved Shapley values to outputs/tmc_shapley_sweep_all_traits/shards/shard_017/wing/tmp/shapley_island_values_target_5.csv
2026-03-04 19:23:58 | INFO | src.tmc_shapley_islands | Saved summary to outputs/tmc_shapley_sweep_all_traits/shards/shard_017/wing/tmp/tmc_summary_target_5.json
2026-03-04 19:23:58 | INFO | src.tmc_shapley_islands | Saved intermediate ranking trace to outputs/tmc_shapley_sweep_all_traits/shards/shard_017/wing/tmp/tmc_intermediate_rankings_target_5.csv
2026-03-04 19:23:58 | INFO | src.tmc_shapley_islands | Saved add-curve to outputs/tmc_shapley_sweep_all_traits/shards/shard_017/wing/tmp/add_curve_target_5.csv
2026-03-04 19:23:58 | INFO | src.tmc_shapley_islands | Saved remove-curve to outputs/tmc_shapley_sweep_all_traits/shards/shard_017/wing/tmp/remove_curve_target_5.csv
2026-03-04 19:23:59 | INFO | src.tmc_shapley_islands | Saved bar plot to outputs/tmc_shapley_sweep_all_traits/shards/shard_017/wing/tmp/shapley_bar_target_5.png
2026-03-04 19:23:59 | INFO | src.tmc_shapley_islands | Saved add-curve plot to outputs/tmc_shapley_sweep_all_traits/shards/shard_017/wing/tmp/add_curve_target_5.png
2026-03-04 19:24:00 | INFO | src.tmc_shapley_islands | Saved remove-curve plot to outputs/tmc_shapley_sweep_all_traits/shards/shard_017/wing/tmp/remove_curve_target_5.png
2026-03-04 19:24:00 | INFO | __main__ | Shard 17/30 trait=wing progress 45/75 | target=5 n_cal_samples=80 perm=150 repeat=5
2026-03-04 19:24:00 | INFO | src.tmc_shapley_islands | [Shapley] Target island: 5 (Hestmannøy), source islands: 15
2026-03-04 19:24:01 | INFO | src.tmc_shapley_islands | Data: source=4578 (across 15 islands), cal=80, test=905
2026-03-04 19:24:01 | INFO | src.tmc_shapley_islands | SNP selection: using fixed precomputed subset (n=20000)
2026-03-04 19:24:01 | INFO | src.tmc_shapley_islands | Island counts (capped to None in training):
  Nesøy: n=118
  Myken: n=92
  Træna: n=286
  Selvær: n=191
  Gjerøy: n=553
  Indre Kvarøy: n=349
  Onøy og Lurøy: n=256
  Lovund: n=151
  Sleneset: n=160
  Aldra: n=173
  Southern 1: n=581
  Southern 2: n=397
  Southern 3: n=583
  Southern 4: n=486
  Southern 5: n=202
2026-03-04 19:24:01 | INFO | src.tmc_shapley_islands | Loaded 916 cached utilities from outputs/tmc_shapley_sweep_all_traits/cache/wing/utility_cache_target_5_seed_1259093833.json
2026-03-04 19:24:01 | INFO | src.tmc_shapley_islands | Running TMC-Shapley with 150 permutations (utility on cal set)...
2026-03-04 19:24:01 | INFO | src.tmc_shapley_islands | Computing V_full over all 15 source islands...
2026-03-04 19:24:01 | INFO | src.tmc_shapley_islands | V_full = -0.0417
2026-03-04 19:24:01 | INFO | src.tmc_shapley_islands | TMC head-start: loaded 80 completed permutations from state outputs/tmc_shapley_sweep_all_traits/cache/wing/tmc_perm_state_target_5_seed_1259093833.json
2026-03-04 19:25:34 | INFO | src.tmc_shapley_islands | TMC progress: 90/150 permutations done, cache hit rate: 29.8%, n_evals: 106
2026-03-04 19:30:10 | INFO | src.tmc_shapley_islands | TMC progress: 120/150 permutations done, cache hit rate: 31.1%, n_evals: 414
2026-03-04 19:34:20 | INFO | src.tmc_shapley_islands | TMC progress: 150/150 permutations done, cache hit rate: 32.5%, n_evals: 709
2026-03-04 19:34:20 | INFO | src.tmc_shapley_islands | TMC complete: 150 permutations, 0 truncated, 709 utility evals, cache hit rate: 32.5%
2026-03-04 19:34:20 | INFO | src.tmc_shapley_islands | Shapley values (phi, computed on cal set):
2026-03-04 19:34:20 | INFO | src.tmc_shapley_islands |   Nesøy: phi=-0.032660, phi/n=-0.00027678
2026-03-04 19:34:20 | INFO | src.tmc_shapley_islands |   Myken: phi=-0.048711, phi/n=-0.00052946
2026-03-04 19:34:20 | INFO | src.tmc_shapley_islands |   Træna: phi=0.064451, phi/n=0.00022535
2026-03-04 19:34:20 | INFO | src.tmc_shapley_islands |   Selvær: phi=0.055150, phi/n=0.00028874
2026-03-04 19:34:20 | INFO | src.tmc_shapley_islands |   Gjerøy: phi=0.040719, phi/n=0.00007363
2026-03-04 19:34:20 | INFO | src.tmc_shapley_islands |   Indre Kvarøy: phi=0.043817, phi/n=0.00012555
2026-03-04 19:34:20 | INFO | src.tmc_shapley_islands |   Onøy og Lurøy: phi=-0.057747, phi/n=-0.00022558
2026-03-04 19:34:20 | INFO | src.tmc_shapley_islands |   Lovund: phi=0.007117, phi/n=0.00004713
2026-03-04 19:34:20 | INFO | src.tmc_shapley_islands |   Sleneset: phi=-0.020171, phi/n=-0.00012607
2026-03-04 19:34:20 | INFO | src.tmc_shapley_islands |   Aldra: phi=-0.013949, phi/n=-0.00008063
2026-03-04 19:34:20 | INFO | src.tmc_shapley_islands |   Southern 1: phi=0.039254, phi/n=0.00006756
2026-03-04 19:34:20 | INFO | src.tmc_shapley_islands |   Southern 2: phi=-0.056867, phi/n=-0.00014324
2026-03-04 19:34:20 | INFO | src.tmc_shapley_islands |   Southern 3: phi=-0.093354, phi/n=-0.00016013
2026-03-04 19:34:20 | INFO | src.tmc_shapley_islands |   Southern 4: phi=0.000352, phi/n=0.00000073
2026-03-04 19:34:20 | INFO | src.tmc_shapley_islands |   Southern 5: phi=0.030942, phi/n=0.00015318
2026-03-04 19:34:20 | INFO | src.tmc_shapley_islands | Curve retraining early stopping: enabled=True, patience=20
2026-03-04 19:34:20 | INFO | src.tmc_shapley_islands | Computing add-islands curve (evaluated on test set)...
2026-03-04 19:34:20 | INFO | src.tmc_shapley_islands | Add-curve (mean): 1 islands, n=191 -> corr=0.0319
2026-03-04 19:34:20 | INFO | src.tmc_shapley_islands | Add-curve (mean): 2 islands, n=477 -> corr=0.0763
2026-03-04 19:34:20 | INFO | src.tmc_shapley_islands | Add-curve (mean): 3 islands, n=679 -> corr=0.0732
2026-03-04 19:34:21 | INFO | src.tmc_shapley_islands | Add-curve (mean): 4 islands, n=1028 -> corr=0.1195
2026-03-04 19:34:21 | INFO | src.tmc_shapley_islands | Add-curve (mean): 5 islands, n=1581 -> corr=0.1220
2026-03-04 19:34:22 | INFO | src.tmc_shapley_islands | Add-curve (mean): 6 islands, n=2162 -> corr=0.1253
2026-03-04 19:34:23 | INFO | src.tmc_shapley_islands | Add-curve (mean): 7 islands, n=2313 -> corr=0.1234
2026-03-04 19:34:24 | INFO | src.tmc_shapley_islands | Add-curve (mean): 8 islands, n=2799 -> corr=0.1321
2026-03-04 19:34:25 | INFO | src.tmc_shapley_islands | Add-curve (mean): 9 islands, n=2972 -> corr=0.1400
2026-03-04 19:34:27 | INFO | src.tmc_shapley_islands | Add-curve (mean): 10 islands, n=3132 -> corr=0.1471
2026-03-04 19:34:28 | INFO | src.tmc_shapley_islands | Add-curve (mean): 11 islands, n=3529 -> corr=0.1442
2026-03-04 19:34:30 | INFO | src.tmc_shapley_islands | Add-curve (mean): 12 islands, n=4112 -> corr=0.1324
2026-03-04 19:34:32 | INFO | src.tmc_shapley_islands | Add-curve (mean): 13 islands, n=4368 -> corr=0.1667
2026-03-04 19:34:34 | INFO | src.tmc_shapley_islands | Add-curve (mean): 14 islands, n=4486 -> corr=0.1727
2026-03-04 19:34:36 | INFO | src.tmc_shapley_islands | Add-curve (mean): 15 islands, n=4578 -> corr=0.1729
2026-03-04 19:34:47 | INFO | src.tmc_shapley_islands | Random individual add-curve (seed=0) complete
2026-03-04 19:34:57 | INFO | src.tmc_shapley_islands | Random individual add-curve (seed=1) complete
2026-03-04 19:35:09 | INFO | src.tmc_shapley_islands | Random individual add-curve (seed=2) complete
2026-03-04 19:35:20 | INFO | src.tmc_shapley_islands | Random individual add-curve (seed=3) complete
2026-03-04 19:35:31 | INFO | src.tmc_shapley_islands | Random individual add-curve (seed=4) complete
2026-03-04 19:35:31 | INFO | src.tmc_shapley_islands | Building mirrored remove-islands curve from add-islands curve...
2026-03-04 19:35:31 | INFO | src.tmc_shapley_islands | Saved Shapley values to outputs/tmc_shapley_sweep_all_traits/shards/shard_017/wing/tmp/shapley_island_values_target_5.csv
2026-03-04 19:35:31 | INFO | src.tmc_shapley_islands | Saved summary to outputs/tmc_shapley_sweep_all_traits/shards/shard_017/wing/tmp/tmc_summary_target_5.json
2026-03-04 19:35:31 | INFO | src.tmc_shapley_islands | Saved intermediate ranking trace to outputs/tmc_shapley_sweep_all_traits/shards/shard_017/wing/tmp/tmc_intermediate_rankings_target_5.csv
2026-03-04 19:35:31 | INFO | src.tmc_shapley_islands | Saved add-curve to outputs/tmc_shapley_sweep_all_traits/shards/shard_017/wing/tmp/add_curve_target_5.csv
2026-03-04 19:35:31 | INFO | src.tmc_shapley_islands | Saved remove-curve to outputs/tmc_shapley_sweep_all_traits/shards/shard_017/wing/tmp/remove_curve_target_5.csv
2026-03-04 19:35:32 | INFO | src.tmc_shapley_islands | Saved bar plot to outputs/tmc_shapley_sweep_all_traits/shards/shard_017/wing/tmp/shapley_bar_target_5.png
2026-03-04 19:35:32 | INFO | src.tmc_shapley_islands | Saved add-curve plot to outputs/tmc_shapley_sweep_all_traits/shards/shard_017/wing/tmp/add_curve_target_5.png
2026-03-04 19:35:33 | INFO | src.tmc_shapley_islands | Saved remove-curve plot to outputs/tmc_shapley_sweep_all_traits/shards/shard_017/wing/tmp/remove_curve_target_5.png
2026-03-04 19:35:33 | INFO | __main__ | Shard 17/30 trait=wing progress 46/75 | target=5 n_cal_samples=150 perm=10 repeat=5
2026-03-04 19:35:33 | INFO | src.tmc_shapley_islands | [Shapley] Target island: 5 (Hestmannøy), source islands: 15
2026-03-04 19:35:33 | INFO | src.tmc_shapley_islands | Data: source=4578 (across 15 islands), cal=150, test=905
2026-03-04 19:35:33 | INFO | src.tmc_shapley_islands | SNP selection: using fixed precomputed subset (n=20000)
2026-03-04 19:35:33 | INFO | src.tmc_shapley_islands | Island counts (capped to None in training):
  Nesøy: n=118
  Myken: n=92
  Træna: n=286
  Selvær: n=191
  Gjerøy: n=553
  Indre Kvarøy: n=349
  Onøy og Lurøy: n=256
  Lovund: n=151
  Sleneset: n=160
  Aldra: n=173
  Southern 1: n=581
  Southern 2: n=397
  Southern 3: n=583
  Southern 4: n=486
  Southern 5: n=202
2026-03-04 19:35:33 | INFO | src.tmc_shapley_islands | Running TMC-Shapley with 10 permutations (utility on cal set)...
2026-03-04 19:35:33 | INFO | src.tmc_shapley_islands | Computing V_full over all 15 source islands...
2026-03-04 19:35:35 | INFO | src.tmc_shapley_islands | V_full = 0.2741
2026-03-04 19:35:57 | INFO | src.tmc_shapley_islands | TMC progress: 2/10 permutations done, cache hit rate: 6.5%, n_evals: 29
2026-03-04 19:36:20 | INFO | src.tmc_shapley_islands | TMC progress: 4/10 permutations done, cache hit rate: 11.5%, n_evals: 54
2026-03-04 19:36:44 | INFO | src.tmc_shapley_islands | TMC progress: 6/10 permutations done, cache hit rate: 11.0%, n_evals: 81
2026-03-04 19:37:05 | INFO | src.tmc_shapley_islands | TMC progress: 8/10 permutations done, cache hit rate: 12.4%, n_evals: 106
2026-03-04 19:37:29 | INFO | src.tmc_shapley_islands | TMC progress: 10/10 permutations done, cache hit rate: 11.9%, n_evals: 133
2026-03-04 19:37:29 | INFO | src.tmc_shapley_islands | TMC complete: 10 permutations, 0 truncated, 133 utility evals, cache hit rate: 11.9%
2026-03-04 19:37:29 | INFO | src.tmc_shapley_islands | Shapley values (phi, computed on cal set):
2026-03-04 19:37:29 | INFO | src.tmc_shapley_islands |   Nesøy: phi=0.040824, phi/n=0.00034596
2026-03-04 19:37:29 | INFO | src.tmc_shapley_islands |   Myken: phi=-0.006501, phi/n=-0.00007067
2026-03-04 19:37:29 | INFO | src.tmc_shapley_islands |   Træna: phi=0.022397, phi/n=0.00007831
2026-03-04 19:37:29 | INFO | src.tmc_shapley_islands |   Selvær: phi=0.022839, phi/n=0.00011958
2026-03-04 19:37:29 | INFO | src.tmc_shapley_islands |   Gjerøy: phi=-0.029143, phi/n=-0.00005270
2026-03-04 19:37:29 | INFO | src.tmc_shapley_islands |   Indre Kvarøy: phi=0.071129, phi/n=0.00020381
2026-03-04 19:37:29 | INFO | src.tmc_shapley_islands |   Onøy og Lurøy: phi=0.122508, phi/n=0.00047855
2026-03-04 19:37:29 | INFO | src.tmc_shapley_islands |   Lovund: phi=-0.005019, phi/n=-0.00003324
2026-03-04 19:37:29 | INFO | src.tmc_shapley_islands |   Sleneset: phi=0.024731, phi/n=0.00015457
2026-03-04 19:37:29 | INFO | src.tmc_shapley_islands |   Aldra: phi=0.007362, phi/n=0.00004255
2026-03-04 19:37:29 | INFO | src.tmc_shapley_islands |   Southern 1: phi=0.002053, phi/n=0.00000353
2026-03-04 19:37:29 | INFO | src.tmc_shapley_islands |   Southern 2: phi=0.024328, phi/n=0.00006128
2026-03-04 19:37:29 | INFO | src.tmc_shapley_islands |   Southern 3: phi=0.004484, phi/n=0.00000769
2026-03-04 19:37:29 | INFO | src.tmc_shapley_islands |   Southern 4: phi=-0.011052, phi/n=-0.00002274
2026-03-04 19:37:29 | INFO | src.tmc_shapley_islands |   Southern 5: phi=-0.016858, phi/n=-0.00008345
2026-03-04 19:37:29 | INFO | src.tmc_shapley_islands | Curve retraining early stopping: enabled=True, patience=20
2026-03-04 19:37:29 | INFO | src.tmc_shapley_islands | Computing add-islands curve (evaluated on test set)...
2026-03-04 19:37:29 | INFO | src.tmc_shapley_islands | Add-curve (mean): 1 islands, n=256 -> corr=0.0989
2026-03-04 19:37:29 | INFO | src.tmc_shapley_islands | Add-curve (mean): 2 islands, n=374 -> corr=0.1036
2026-03-04 19:37:29 | INFO | src.tmc_shapley_islands | Add-curve (mean): 3 islands, n=723 -> corr=0.1283
2026-03-04 19:37:30 | INFO | src.tmc_shapley_islands | Add-curve (mean): 4 islands, n=883 -> corr=0.1274
2026-03-04 19:37:30 | INFO | src.tmc_shapley_islands | Add-curve (mean): 5 islands, n=1074 -> corr=0.1282
2026-03-04 19:37:31 | INFO | src.tmc_shapley_islands | Add-curve (mean): 6 islands, n=1360 -> corr=0.1385
2026-03-04 19:37:32 | INFO | src.tmc_shapley_islands | Add-curve (mean): 7 islands, n=1757 -> corr=0.1298
2026-03-04 19:37:32 | INFO | src.tmc_shapley_islands | Add-curve (mean): 8 islands, n=1930 -> corr=0.1303
2026-03-04 19:37:33 | INFO | src.tmc_shapley_islands | Add-curve (mean): 9 islands, n=2513 -> corr=0.1118
2026-03-04 19:37:35 | INFO | src.tmc_shapley_islands | Add-curve (mean): 10 islands, n=3094 -> corr=0.1152
2026-03-04 19:37:36 | INFO | src.tmc_shapley_islands | Add-curve (mean): 11 islands, n=3580 -> corr=0.1233
2026-03-04 19:37:38 | INFO | src.tmc_shapley_islands | Add-curve (mean): 12 islands, n=3731 -> corr=0.1235
2026-03-04 19:37:39 | INFO | src.tmc_shapley_islands | Add-curve (mean): 13 islands, n=4284 -> corr=0.1334
2026-03-04 19:37:41 | INFO | src.tmc_shapley_islands | Add-curve (mean): 14 islands, n=4376 -> corr=0.1338
2026-03-04 19:37:43 | INFO | src.tmc_shapley_islands | Add-curve (mean): 15 islands, n=4578 -> corr=0.1343
2026-03-04 19:37:54 | INFO | src.tmc_shapley_islands | Random individual add-curve (seed=0) complete
2026-03-04 19:38:04 | INFO | src.tmc_shapley_islands | Random individual add-curve (seed=1) complete
2026-03-04 19:38:14 | INFO | src.tmc_shapley_islands | Random individual add-curve (seed=2) complete
2026-03-04 19:38:23 | INFO | src.tmc_shapley_islands | Random individual add-curve (seed=3) complete
2026-03-04 19:38:33 | INFO | src.tmc_shapley_islands | Random individual add-curve (seed=4) complete
2026-03-04 19:38:33 | INFO | src.tmc_shapley_islands | Building mirrored remove-islands curve from add-islands curve...
2026-03-04 19:38:33 | INFO | src.tmc_shapley_islands | Saved Shapley values to outputs/tmc_shapley_sweep_all_traits/shards/shard_017/wing/tmp/shapley_island_values_target_5.csv
2026-03-04 19:38:33 | INFO | src.tmc_shapley_islands | Saved summary to outputs/tmc_shapley_sweep_all_traits/shards/shard_017/wing/tmp/tmc_summary_target_5.json
2026-03-04 19:38:33 | INFO | src.tmc_shapley_islands | Saved intermediate ranking trace to outputs/tmc_shapley_sweep_all_traits/shards/shard_017/wing/tmp/tmc_intermediate_rankings_target_5.csv
2026-03-04 19:38:33 | INFO | src.tmc_shapley_islands | Saved add-curve to outputs/tmc_shapley_sweep_all_traits/shards/shard_017/wing/tmp/add_curve_target_5.csv
2026-03-04 19:38:33 | INFO | src.tmc_shapley_islands | Saved remove-curve to outputs/tmc_shapley_sweep_all_traits/shards/shard_017/wing/tmp/remove_curve_target_5.csv
2026-03-04 19:38:33 | INFO | src.tmc_shapley_islands | Saved bar plot to outputs/tmc_shapley_sweep_all_traits/shards/shard_017/wing/tmp/shapley_bar_target_5.png
2026-03-04 19:38:34 | INFO | src.tmc_shapley_islands | Saved add-curve plot to outputs/tmc_shapley_sweep_all_traits/shards/shard_017/wing/tmp/add_curve_target_5.png
2026-03-04 19:38:35 | INFO | src.tmc_shapley_islands | Saved remove-curve plot to outputs/tmc_shapley_sweep_all_traits/shards/shard_017/wing/tmp/remove_curve_target_5.png
2026-03-04 19:38:35 | INFO | __main__ | Shard 17/30 trait=wing progress 47/75 | target=5 n_cal_samples=150 perm=20 repeat=5
2026-03-04 19:38:35 | INFO | src.tmc_shapley_islands | [Shapley] Target island: 5 (Hestmannøy), source islands: 15
2026-03-04 19:38:35 | INFO | src.tmc_shapley_islands | Data: source=4578 (across 15 islands), cal=150, test=905
2026-03-04 19:38:35 | INFO | src.tmc_shapley_islands | SNP selection: using fixed precomputed subset (n=20000)
2026-03-04 19:38:35 | INFO | src.tmc_shapley_islands | Island counts (capped to None in training):
  Nesøy: n=118
  Myken: n=92
  Træna: n=286
  Selvær: n=191
  Gjerøy: n=553
  Indre Kvarøy: n=349
  Onøy og Lurøy: n=256
  Lovund: n=151
  Sleneset: n=160
  Aldra: n=173
  Southern 1: n=581
  Southern 2: n=397
  Southern 3: n=583
  Southern 4: n=486
  Southern 5: n=202
2026-03-04 19:38:35 | INFO | src.tmc_shapley_islands | Loaded 133 cached utilities from outputs/tmc_shapley_sweep_all_traits/cache/wing/utility_cache_target_5_seed_1788862933.json
2026-03-04 19:38:35 | INFO | src.tmc_shapley_islands | Running TMC-Shapley with 20 permutations (utility on cal set)...
2026-03-04 19:38:35 | INFO | src.tmc_shapley_islands | Computing V_full over all 15 source islands...
2026-03-04 19:38:35 | INFO | src.tmc_shapley_islands | V_full = 0.2741
2026-03-04 19:38:35 | INFO | src.tmc_shapley_islands | TMC head-start: loaded 10 completed permutations from state outputs/tmc_shapley_sweep_all_traits/cache/wing/tmc_perm_state_target_5_seed_1788862933.json
2026-03-04 19:38:59 | INFO | src.tmc_shapley_islands | TMC progress: 12/20 permutations done, cache hit rate: 16.1%, n_evals: 26
2026-03-04 19:39:39 | INFO | src.tmc_shapley_islands | TMC progress: 16/20 permutations done, cache hit rate: 18.7%, n_evals: 74
2026-03-04 19:40:22 | INFO | src.tmc_shapley_islands | TMC progress: 20/20 permutations done, cache hit rate: 19.2%, n_evals: 122
2026-03-04 19:40:22 | INFO | src.tmc_shapley_islands | TMC complete: 20 permutations, 0 truncated, 122 utility evals, cache hit rate: 19.2%
2026-03-04 19:40:22 | INFO | src.tmc_shapley_islands | Shapley values (phi, computed on cal set):
2026-03-04 19:40:22 | INFO | src.tmc_shapley_islands |   Nesøy: phi=0.043750, phi/n=0.00037076
2026-03-04 19:40:22 | INFO | src.tmc_shapley_islands |   Myken: phi=-0.012544, phi/n=-0.00013635
2026-03-04 19:40:22 | INFO | src.tmc_shapley_islands |   Træna: phi=0.023152, phi/n=0.00008095
2026-03-04 19:40:22 | INFO | src.tmc_shapley_islands |   Selvær: phi=0.012768, phi/n=0.00006685
2026-03-04 19:40:22 | INFO | src.tmc_shapley_islands |   Gjerøy: phi=-0.023968, phi/n=-0.00004334
2026-03-04 19:40:22 | INFO | src.tmc_shapley_islands |   Indre Kvarøy: phi=0.068038, phi/n=0.00019495
2026-03-04 19:40:22 | INFO | src.tmc_shapley_islands |   Onøy og Lurøy: phi=0.112096, phi/n=0.00043787
2026-03-04 19:40:22 | INFO | src.tmc_shapley_islands |   Lovund: phi=-0.006567, phi/n=-0.00004349
2026-03-04 19:40:22 | INFO | src.tmc_shapley_islands |   Sleneset: phi=0.036516, phi/n=0.00022822
2026-03-04 19:40:22 | INFO | src.tmc_shapley_islands |   Aldra: phi=0.013245, phi/n=0.00007656
2026-03-04 19:40:22 | INFO | src.tmc_shapley_islands |   Southern 1: phi=0.008611, phi/n=0.00001482
2026-03-04 19:40:22 | INFO | src.tmc_shapley_islands |   Southern 2: phi=0.026497, phi/n=0.00006674
2026-03-04 19:40:22 | INFO | src.tmc_shapley_islands |   Southern 3: phi=0.003852, phi/n=0.00000661
2026-03-04 19:40:22 | INFO | src.tmc_shapley_islands |   Southern 4: phi=-0.013077, phi/n=-0.00002691
2026-03-04 19:40:22 | INFO | src.tmc_shapley_islands |   Southern 5: phi=-0.018287, phi/n=-0.00009053
2026-03-04 19:40:22 | INFO | src.tmc_shapley_islands | Curve retraining early stopping: enabled=True, patience=20
2026-03-04 19:40:22 | INFO | src.tmc_shapley_islands | Computing add-islands curve (evaluated on test set)...
2026-03-04 19:40:22 | INFO | src.tmc_shapley_islands | Add-curve (mean): 1 islands, n=256 -> corr=0.0989
2026-03-04 19:40:22 | INFO | src.tmc_shapley_islands | Add-curve (mean): 2 islands, n=374 -> corr=0.1036
2026-03-04 19:40:22 | INFO | src.tmc_shapley_islands | Add-curve (mean): 3 islands, n=534 -> corr=0.1022
2026-03-04 19:40:23 | INFO | src.tmc_shapley_islands | Add-curve (mean): 4 islands, n=883 -> corr=0.1274
2026-03-04 19:40:23 | INFO | src.tmc_shapley_islands | Add-curve (mean): 5 islands, n=1169 -> corr=0.1389
2026-03-04 19:40:24 | INFO | src.tmc_shapley_islands | Add-curve (mean): 6 islands, n=1342 -> corr=0.1383
2026-03-04 19:40:25 | INFO | src.tmc_shapley_islands | Add-curve (mean): 7 islands, n=1533 -> corr=0.1377
2026-03-04 19:40:26 | INFO | src.tmc_shapley_islands | Add-curve (mean): 8 islands, n=1930 -> corr=0.1303
2026-03-04 19:40:27 | INFO | src.tmc_shapley_islands | Add-curve (mean): 9 islands, n=2511 -> corr=0.1332
2026-03-04 19:40:28 | INFO | src.tmc_shapley_islands | Add-curve (mean): 10 islands, n=3094 -> corr=0.1152
2026-03-04 19:40:29 | INFO | src.tmc_shapley_islands | Add-curve (mean): 11 islands, n=3580 -> corr=0.1233
2026-03-04 19:40:31 | INFO | src.tmc_shapley_islands | Add-curve (mean): 12 islands, n=4133 -> corr=0.1323
2026-03-04 19:40:33 | INFO | src.tmc_shapley_islands | Add-curve (mean): 13 islands, n=4284 -> corr=0.1334
2026-03-04 19:40:35 | INFO | src.tmc_shapley_islands | Add-curve (mean): 14 islands, n=4486 -> corr=0.1340
2026-03-04 19:40:37 | INFO | src.tmc_shapley_islands | Add-curve (mean): 15 islands, n=4578 -> corr=0.1343
2026-03-04 19:40:47 | INFO | src.tmc_shapley_islands | Random individual add-curve (seed=0) complete
2026-03-04 19:40:58 | INFO | src.tmc_shapley_islands | Random individual add-curve (seed=1) complete
2026-03-04 19:41:08 | INFO | src.tmc_shapley_islands | Random individual add-curve (seed=2) complete
2026-03-04 19:41:19 | INFO | src.tmc_shapley_islands | Random individual add-curve (seed=3) complete
2026-03-04 19:41:29 | INFO | src.tmc_shapley_islands | Random individual add-curve (seed=4) complete
2026-03-04 19:41:29 | INFO | src.tmc_shapley_islands | Building mirrored remove-islands curve from add-islands curve...
2026-03-04 19:41:29 | INFO | src.tmc_shapley_islands | Saved Shapley values to outputs/tmc_shapley_sweep_all_traits/shards/shard_017/wing/tmp/shapley_island_values_target_5.csv
2026-03-04 19:41:29 | INFO | src.tmc_shapley_islands | Saved summary to outputs/tmc_shapley_sweep_all_traits/shards/shard_017/wing/tmp/tmc_summary_target_5.json
2026-03-04 19:41:29 | INFO | src.tmc_shapley_islands | Saved intermediate ranking trace to outputs/tmc_shapley_sweep_all_traits/shards/shard_017/wing/tmp/tmc_intermediate_rankings_target_5.csv
2026-03-04 19:41:29 | INFO | src.tmc_shapley_islands | Saved add-curve to outputs/tmc_shapley_sweep_all_traits/shards/shard_017/wing/tmp/add_curve_target_5.csv
2026-03-04 19:41:29 | INFO | src.tmc_shapley_islands | Saved remove-curve to outputs/tmc_shapley_sweep_all_traits/shards/shard_017/wing/tmp/remove_curve_target_5.csv
2026-03-04 19:41:29 | INFO | src.tmc_shapley_islands | Saved bar plot to outputs/tmc_shapley_sweep_all_traits/shards/shard_017/wing/tmp/shapley_bar_target_5.png
2026-03-04 19:41:30 | INFO | src.tmc_shapley_islands | Saved add-curve plot to outputs/tmc_shapley_sweep_all_traits/shards/shard_017/wing/tmp/add_curve_target_5.png
2026-03-04 19:41:30 | INFO | src.tmc_shapley_islands | Saved remove-curve plot to outputs/tmc_shapley_sweep_all_traits/shards/shard_017/wing/tmp/remove_curve_target_5.png
2026-03-04 19:41:30 | INFO | __main__ | Shard 17/30 trait=wing progress 48/75 | target=5 n_cal_samples=150 perm=40 repeat=5
2026-03-04 19:41:30 | INFO | src.tmc_shapley_islands | [Shapley] Target island: 5 (Hestmannøy), source islands: 15
2026-03-04 19:41:31 | INFO | src.tmc_shapley_islands | Data: source=4578 (across 15 islands), cal=150, test=905
2026-03-04 19:41:31 | INFO | src.tmc_shapley_islands | SNP selection: using fixed precomputed subset (n=20000)
2026-03-04 19:41:31 | INFO | src.tmc_shapley_islands | Island counts (capped to None in training):
  Nesøy: n=118
  Myken: n=92
  Træna: n=286
  Selvær: n=191
  Gjerøy: n=553
  Indre Kvarøy: n=349
  Onøy og Lurøy: n=256
  Lovund: n=151
  Sleneset: n=160
  Aldra: n=173
  Southern 1: n=581
  Southern 2: n=397
  Southern 3: n=583
  Southern 4: n=486
  Southern 5: n=202
2026-03-04 19:41:31 | INFO | src.tmc_shapley_islands | Loaded 255 cached utilities from outputs/tmc_shapley_sweep_all_traits/cache/wing/utility_cache_target_5_seed_1788862933.json
2026-03-04 19:41:31 | INFO | src.tmc_shapley_islands | Running TMC-Shapley with 40 permutations (utility on cal set)...
2026-03-04 19:41:31 | INFO | src.tmc_shapley_islands | Computing V_full over all 15 source islands...
2026-03-04 19:41:31 | INFO | src.tmc_shapley_islands | V_full = 0.2741
2026-03-04 19:41:31 | INFO | src.tmc_shapley_islands | TMC head-start: loaded 20 completed permutations from state outputs/tmc_shapley_sweep_all_traits/cache/wing/tmc_perm_state_target_5_seed_1788862933.json
2026-03-04 19:42:12 | INFO | src.tmc_shapley_islands | TMC progress: 24/40 permutations done, cache hit rate: 24.6%, n_evals: 46
2026-03-04 19:43:42 | INFO | src.tmc_shapley_islands | TMC progress: 32/40 permutations done, cache hit rate: 19.9%, n_evals: 145
2026-03-04 19:45:04 | INFO | src.tmc_shapley_islands | TMC progress: 40/40 permutations done, cache hit rate: 21.3%, n_evals: 237
2026-03-04 19:45:04 | INFO | src.tmc_shapley_islands | TMC complete: 40 permutations, 0 truncated, 237 utility evals, cache hit rate: 21.3%
2026-03-04 19:45:04 | INFO | src.tmc_shapley_islands | Shapley values (phi, computed on cal set):
2026-03-04 19:45:04 | INFO | src.tmc_shapley_islands |   Nesøy: phi=0.035302, phi/n=0.00029917
2026-03-04 19:45:04 | INFO | src.tmc_shapley_islands |   Myken: phi=-0.010700, phi/n=-0.00011631
2026-03-04 19:45:04 | INFO | src.tmc_shapley_islands |   Træna: phi=0.032595, phi/n=0.00011397
2026-03-04 19:45:04 | INFO | src.tmc_shapley_islands |   Selvær: phi=0.011105, phi/n=0.00005814
2026-03-04 19:45:04 | INFO | src.tmc_shapley_islands |   Gjerøy: phi=-0.027313, phi/n=-0.00004939
2026-03-04 19:45:04 | INFO | src.tmc_shapley_islands |   Indre Kvarøy: phi=0.063775, phi/n=0.00018274
2026-03-04 19:45:04 | INFO | src.tmc_shapley_islands |   Onøy og Lurøy: phi=0.107862, phi/n=0.00042133
2026-03-04 19:45:04 | INFO | src.tmc_shapley_islands |   Lovund: phi=-0.005336, phi/n=-0.00003534
2026-03-04 19:45:04 | INFO | src.tmc_shapley_islands |   Sleneset: phi=0.034149, phi/n=0.00021343
2026-03-04 19:45:04 | INFO | src.tmc_shapley_islands |   Aldra: phi=0.017472, phi/n=0.00010099
2026-03-04 19:45:04 | INFO | src.tmc_shapley_islands |   Southern 1: phi=0.013329, phi/n=0.00002294
2026-03-04 19:45:04 | INFO | src.tmc_shapley_islands |   Southern 2: phi=0.032640, phi/n=0.00008222
2026-03-04 19:45:04 | INFO | src.tmc_shapley_islands |   Southern 3: phi=0.003424, phi/n=0.00000587
2026-03-04 19:45:04 | INFO | src.tmc_shapley_islands |   Southern 4: phi=-0.011809, phi/n=-0.00002430
2026-03-04 19:45:04 | INFO | src.tmc_shapley_islands |   Southern 5: phi=-0.022410, phi/n=-0.00011094
2026-03-04 19:45:04 | INFO | src.tmc_shapley_islands | Curve retraining early stopping: enabled=True, patience=20
2026-03-04 19:45:04 | INFO | src.tmc_shapley_islands | Computing add-islands curve (evaluated on test set)...
2026-03-04 19:45:04 | INFO | src.tmc_shapley_islands | Add-curve (mean): 1 islands, n=256 -> corr=0.0989
2026-03-04 19:45:04 | INFO | src.tmc_shapley_islands | Add-curve (mean): 2 islands, n=374 -> corr=0.1036
2026-03-04 19:45:04 | INFO | src.tmc_shapley_islands | Add-curve (mean): 3 islands, n=534 -> corr=0.1022
2026-03-04 19:45:05 | INFO | src.tmc_shapley_islands | Add-curve (mean): 4 islands, n=883 -> corr=0.1274
2026-03-04 19:45:05 | INFO | src.tmc_shapley_islands | Add-curve (mean): 5 islands, n=1169 -> corr=0.1389
2026-03-04 19:45:06 | INFO | src.tmc_shapley_islands | Add-curve (mean): 6 islands, n=1342 -> corr=0.1383
2026-03-04 19:45:07 | INFO | src.tmc_shapley_islands | Add-curve (mean): 7 islands, n=1739 -> corr=0.1300
2026-03-04 19:45:08 | INFO | src.tmc_shapley_islands | Add-curve (mean): 8 islands, n=1930 -> corr=0.1303
2026-03-04 19:45:09 | INFO | src.tmc_shapley_islands | Add-curve (mean): 9 islands, n=2511 -> corr=0.1332
2026-03-04 19:45:10 | INFO | src.tmc_shapley_islands | Add-curve (mean): 10 islands, n=3094 -> corr=0.1152
2026-03-04 19:45:11 | INFO | src.tmc_shapley_islands | Add-curve (mean): 11 islands, n=3580 -> corr=0.1233
2026-03-04 19:45:13 | INFO | src.tmc_shapley_islands | Add-curve (mean): 12 islands, n=3731 -> corr=0.1235
2026-03-04 19:45:15 | INFO | src.tmc_shapley_islands | Add-curve (mean): 13 islands, n=4284 -> corr=0.1334
2026-03-04 19:45:17 | INFO | src.tmc_shapley_islands | Add-curve (mean): 14 islands, n=4486 -> corr=0.1340
2026-03-04 19:45:19 | INFO | src.tmc_shapley_islands | Add-curve (mean): 15 islands, n=4578 -> corr=0.1343
2026-03-04 19:45:29 | INFO | src.tmc_shapley_islands | Random individual add-curve (seed=0) complete
2026-03-04 19:45:39 | INFO | src.tmc_shapley_islands | Random individual add-curve (seed=1) complete
2026-03-04 19:45:49 | INFO | src.tmc_shapley_islands | Random individual add-curve (seed=2) complete
2026-03-04 19:45:59 | INFO | src.tmc_shapley_islands | Random individual add-curve (seed=3) complete
2026-03-04 19:46:10 | INFO | src.tmc_shapley_islands | Random individual add-curve (seed=4) complete
2026-03-04 19:46:10 | INFO | src.tmc_shapley_islands | Building mirrored remove-islands curve from add-islands curve...
2026-03-04 19:46:10 | INFO | src.tmc_shapley_islands | Saved Shapley values to outputs/tmc_shapley_sweep_all_traits/shards/shard_017/wing/tmp/shapley_island_values_target_5.csv
2026-03-04 19:46:10 | INFO | src.tmc_shapley_islands | Saved summary to outputs/tmc_shapley_sweep_all_traits/shards/shard_017/wing/tmp/tmc_summary_target_5.json
2026-03-04 19:46:10 | INFO | src.tmc_shapley_islands | Saved intermediate ranking trace to outputs/tmc_shapley_sweep_all_traits/shards/shard_017/wing/tmp/tmc_intermediate_rankings_target_5.csv
2026-03-04 19:46:10 | INFO | src.tmc_shapley_islands | Saved add-curve to outputs/tmc_shapley_sweep_all_traits/shards/shard_017/wing/tmp/add_curve_target_5.csv
2026-03-04 19:46:10 | INFO | src.tmc_shapley_islands | Saved remove-curve to outputs/tmc_shapley_sweep_all_traits/shards/shard_017/wing/tmp/remove_curve_target_5.csv
2026-03-04 19:46:10 | INFO | src.tmc_shapley_islands | Saved bar plot to outputs/tmc_shapley_sweep_all_traits/shards/shard_017/wing/tmp/shapley_bar_target_5.png
2026-03-04 19:46:11 | INFO | src.tmc_shapley_islands | Saved add-curve plot to outputs/tmc_shapley_sweep_all_traits/shards/shard_017/wing/tmp/add_curve_target_5.png
2026-03-04 19:46:11 | INFO | src.tmc_shapley_islands | Saved remove-curve plot to outputs/tmc_shapley_sweep_all_traits/shards/shard_017/wing/tmp/remove_curve_target_5.png
2026-03-04 19:46:11 | INFO | __main__ | Shard 17/30 trait=wing progress 49/75 | target=5 n_cal_samples=150 perm=80 repeat=5
2026-03-04 19:46:11 | INFO | src.tmc_shapley_islands | [Shapley] Target island: 5 (Hestmannøy), source islands: 15
2026-03-04 19:46:12 | INFO | src.tmc_shapley_islands | Data: source=4578 (across 15 islands), cal=150, test=905
2026-03-04 19:46:12 | INFO | src.tmc_shapley_islands | SNP selection: using fixed precomputed subset (n=20000)
2026-03-04 19:46:12 | INFO | src.tmc_shapley_islands | Island counts (capped to None in training):
  Nesøy: n=118
  Myken: n=92
  Træna: n=286
  Selvær: n=191
  Gjerøy: n=553
  Indre Kvarøy: n=349
  Onøy og Lurøy: n=256
  Lovund: n=151
  Sleneset: n=160
  Aldra: n=173
  Southern 1: n=581
  Southern 2: n=397
  Southern 3: n=583
  Southern 4: n=486
  Southern 5: n=202
2026-03-04 19:46:12 | INFO | src.tmc_shapley_islands | Loaded 492 cached utilities from outputs/tmc_shapley_sweep_all_traits/cache/wing/utility_cache_target_5_seed_1788862933.json
2026-03-04 19:46:12 | INFO | src.tmc_shapley_islands | Running TMC-Shapley with 80 permutations (utility on cal set)...
2026-03-04 19:46:12 | INFO | src.tmc_shapley_islands | Computing V_full over all 15 source islands...
2026-03-04 19:46:12 | INFO | src.tmc_shapley_islands | V_full = 0.2741
2026-03-04 19:46:12 | INFO | src.tmc_shapley_islands | TMC head-start: loaded 40 completed permutations from state outputs/tmc_shapley_sweep_all_traits/cache/wing/tmc_perm_state_target_5_seed_1788862933.json
2026-03-04 19:47:29 | INFO | src.tmc_shapley_islands | TMC progress: 48/80 permutations done, cache hit rate: 28.9%, n_evals: 86
2026-03-04 19:50:00 | INFO | src.tmc_shapley_islands | TMC progress: 64/80 permutations done, cache hit rate: 28.3%, n_evals: 259
2026-03-04 19:52:35 | INFO | src.tmc_shapley_islands | TMC progress: 80/80 permutations done, cache hit rate: 29.0%, n_evals: 427
2026-03-04 19:52:35 | INFO | src.tmc_shapley_islands | TMC complete: 80 permutations, 0 truncated, 427 utility evals, cache hit rate: 29.0%
2026-03-04 19:52:35 | INFO | src.tmc_shapley_islands | Shapley values (phi, computed on cal set):
2026-03-04 19:52:35 | INFO | src.tmc_shapley_islands |   Nesøy: phi=0.034968, phi/n=0.00029634
2026-03-04 19:52:35 | INFO | src.tmc_shapley_islands |   Myken: phi=-0.011578, phi/n=-0.00012584
2026-03-04 19:52:35 | INFO | src.tmc_shapley_islands |   Træna: phi=0.034754, phi/n=0.00012152
2026-03-04 19:52:35 | INFO | src.tmc_shapley_islands |   Selvær: phi=0.012416, phi/n=0.00006500
2026-03-04 19:52:35 | INFO | src.tmc_shapley_islands |   Gjerøy: phi=-0.025769, phi/n=-0.00004660
2026-03-04 19:52:35 | INFO | src.tmc_shapley_islands |   Indre Kvarøy: phi=0.060061, phi/n=0.00017209
2026-03-04 19:52:35 | INFO | src.tmc_shapley_islands |   Onøy og Lurøy: phi=0.105291, phi/n=0.00041129
2026-03-04 19:52:35 | INFO | src.tmc_shapley_islands |   Lovund: phi=-0.003711, phi/n=-0.00002457
2026-03-04 19:52:35 | INFO | src.tmc_shapley_islands |   Sleneset: phi=0.031760, phi/n=0.00019850
2026-03-04 19:52:35 | INFO | src.tmc_shapley_islands |   Aldra: phi=0.018455, phi/n=0.00010668
2026-03-04 19:52:35 | INFO | src.tmc_shapley_islands |   Southern 1: phi=0.012211, phi/n=0.00002102
2026-03-04 19:52:35 | INFO | src.tmc_shapley_islands |   Southern 2: phi=0.035436, phi/n=0.00008926
2026-03-04 19:52:35 | INFO | src.tmc_shapley_islands |   Southern 3: phi=0.005337, phi/n=0.00000916
2026-03-04 19:52:35 | INFO | src.tmc_shapley_islands |   Southern 4: phi=-0.010790, phi/n=-0.00002220
2026-03-04 19:52:35 | INFO | src.tmc_shapley_islands |   Southern 5: phi=-0.024759, phi/n=-0.00012257
2026-03-04 19:52:35 | INFO | src.tmc_shapley_islands | Curve retraining early stopping: enabled=True, patience=20
2026-03-04 19:52:35 | INFO | src.tmc_shapley_islands | Computing add-islands curve (evaluated on test set)...
2026-03-04 19:52:35 | INFO | src.tmc_shapley_islands | Add-curve (mean): 1 islands, n=256 -> corr=0.0989
2026-03-04 19:52:35 | INFO | src.tmc_shapley_islands | Add-curve (mean): 2 islands, n=374 -> corr=0.1036
2026-03-04 19:52:35 | INFO | src.tmc_shapley_islands | Add-curve (mean): 3 islands, n=534 -> corr=0.1022
2026-03-04 19:52:36 | INFO | src.tmc_shapley_islands | Add-curve (mean): 4 islands, n=883 -> corr=0.1274
2026-03-04 19:52:36 | INFO | src.tmc_shapley_islands | Add-curve (mean): 5 islands, n=1169 -> corr=0.1389
2026-03-04 19:52:37 | INFO | src.tmc_shapley_islands | Add-curve (mean): 6 islands, n=1342 -> corr=0.1383
2026-03-04 19:52:38 | INFO | src.tmc_shapley_islands | Add-curve (mean): 7 islands, n=1739 -> corr=0.1300
2026-03-04 19:52:38 | INFO | src.tmc_shapley_islands | Add-curve (mean): 8 islands, n=1930 -> corr=0.1303
2026-03-04 19:52:40 | INFO | src.tmc_shapley_islands | Add-curve (mean): 9 islands, n=2511 -> corr=0.1332
2026-03-04 19:52:41 | INFO | src.tmc_shapley_islands | Add-curve (mean): 10 islands, n=3094 -> corr=0.1152
2026-03-04 19:52:42 | INFO | src.tmc_shapley_islands | Add-curve (mean): 11 islands, n=3580 -> corr=0.1233
2026-03-04 19:52:44 | INFO | src.tmc_shapley_islands | Add-curve (mean): 12 islands, n=3731 -> corr=0.1235
2026-03-04 19:52:46 | INFO | src.tmc_shapley_islands | Add-curve (mean): 13 islands, n=4284 -> corr=0.1334
2026-03-04 19:52:48 | INFO | src.tmc_shapley_islands | Add-curve (mean): 14 islands, n=4486 -> corr=0.1340
2026-03-04 19:52:50 | INFO | src.tmc_shapley_islands | Add-curve (mean): 15 islands, n=4578 -> corr=0.1343
2026-03-04 19:53:00 | INFO | src.tmc_shapley_islands | Random individual add-curve (seed=0) complete
2026-03-04 19:53:10 | INFO | src.tmc_shapley_islands | Random individual add-curve (seed=1) complete
2026-03-04 19:53:21 | INFO | src.tmc_shapley_islands | Random individual add-curve (seed=2) complete
2026-03-04 19:53:32 | INFO | src.tmc_shapley_islands | Random individual add-curve (seed=3) complete
2026-03-04 19:53:42 | INFO | src.tmc_shapley_islands | Random individual add-curve (seed=4) complete
2026-03-04 19:53:42 | INFO | src.tmc_shapley_islands | Building mirrored remove-islands curve from add-islands curve...
2026-03-04 19:53:42 | INFO | src.tmc_shapley_islands | Saved Shapley values to outputs/tmc_shapley_sweep_all_traits/shards/shard_017/wing/tmp/shapley_island_values_target_5.csv
2026-03-04 19:53:42 | INFO | src.tmc_shapley_islands | Saved summary to outputs/tmc_shapley_sweep_all_traits/shards/shard_017/wing/tmp/tmc_summary_target_5.json
2026-03-04 19:53:42 | INFO | src.tmc_shapley_islands | Saved intermediate ranking trace to outputs/tmc_shapley_sweep_all_traits/shards/shard_017/wing/tmp/tmc_intermediate_rankings_target_5.csv
2026-03-04 19:53:42 | INFO | src.tmc_shapley_islands | Saved add-curve to outputs/tmc_shapley_sweep_all_traits/shards/shard_017/wing/tmp/add_curve_target_5.csv
2026-03-04 19:53:42 | INFO | src.tmc_shapley_islands | Saved remove-curve to outputs/tmc_shapley_sweep_all_traits/shards/shard_017/wing/tmp/remove_curve_target_5.csv
2026-03-04 19:53:43 | INFO | src.tmc_shapley_islands | Saved bar plot to outputs/tmc_shapley_sweep_all_traits/shards/shard_017/wing/tmp/shapley_bar_target_5.png
2026-03-04 19:53:43 | INFO | src.tmc_shapley_islands | Saved add-curve plot to outputs/tmc_shapley_sweep_all_traits/shards/shard_017/wing/tmp/add_curve_target_5.png
2026-03-04 19:53:44 | INFO | src.tmc_shapley_islands | Saved remove-curve plot to outputs/tmc_shapley_sweep_all_traits/shards/shard_017/wing/tmp/remove_curve_target_5.png
2026-03-04 19:53:44 | INFO | __main__ | Shard 17/30 trait=wing progress 50/75 | target=5 n_cal_samples=150 perm=150 repeat=5
2026-03-04 19:53:44 | INFO | src.tmc_shapley_islands | [Shapley] Target island: 5 (Hestmannøy), source islands: 15
2026-03-04 19:53:45 | INFO | src.tmc_shapley_islands | Data: source=4578 (across 15 islands), cal=150, test=905
2026-03-04 19:53:45 | INFO | src.tmc_shapley_islands | SNP selection: using fixed precomputed subset (n=20000)
2026-03-04 19:53:45 | INFO | src.tmc_shapley_islands | Island counts (capped to None in training):
  Nesøy: n=118
  Myken: n=92
  Træna: n=286
  Selvær: n=191
  Gjerøy: n=553
  Indre Kvarøy: n=349
  Onøy og Lurøy: n=256
  Lovund: n=151
  Sleneset: n=160
  Aldra: n=173
  Southern 1: n=581
  Southern 2: n=397
  Southern 3: n=583
  Southern 4: n=486
  Southern 5: n=202
2026-03-04 19:53:45 | INFO | src.tmc_shapley_islands | Loaded 919 cached utilities from outputs/tmc_shapley_sweep_all_traits/cache/wing/utility_cache_target_5_seed_1788862933.json
2026-03-04 19:53:45 | INFO | src.tmc_shapley_islands | Running TMC-Shapley with 150 permutations (utility on cal set)...
2026-03-04 19:53:45 | INFO | src.tmc_shapley_islands | Computing V_full over all 15 source islands...
2026-03-04 19:53:45 | INFO | src.tmc_shapley_islands | V_full = 0.2741
2026-03-04 19:53:45 | INFO | src.tmc_shapley_islands | TMC head-start: loaded 80 completed permutations from state outputs/tmc_shapley_sweep_all_traits/cache/wing/tmc_perm_state_target_5_seed_1788862933.json
2026-03-04 19:55:16 | INFO | src.tmc_shapley_islands | TMC progress: 90/150 permutations done, cache hit rate: 30.5%, n_evals: 105
2026-03-04 19:59:58 | INFO | src.tmc_shapley_islands | TMC progress: 120/150 permutations done, cache hit rate: 30.0%, n_evals: 421
2026-03-04 20:04:09 | INFO | src.tmc_shapley_islands | TMC progress: 150/150 permutations done, cache hit rate: 32.4%, n_evals: 710
2026-03-04 20:04:09 | INFO | src.tmc_shapley_islands | TMC complete: 150 permutations, 0 truncated, 710 utility evals, cache hit rate: 32.4%
2026-03-04 20:04:09 | INFO | src.tmc_shapley_islands | Shapley values (phi, computed on cal set):
2026-03-04 20:04:09 | INFO | src.tmc_shapley_islands |   Nesøy: phi=0.034209, phi/n=0.00028991
2026-03-04 20:04:09 | INFO | src.tmc_shapley_islands |   Myken: phi=-0.012057, phi/n=-0.00013105
2026-03-04 20:04:09 | INFO | src.tmc_shapley_islands |   Træna: phi=0.040436, phi/n=0.00014138
2026-03-04 20:04:09 | INFO | src.tmc_shapley_islands |   Selvær: phi=0.011295, phi/n=0.00005914
2026-03-04 20:04:09 | INFO | src.tmc_shapley_islands |   Gjerøy: phi=-0.025228, phi/n=-0.00004562
2026-03-04 20:04:09 | INFO | src.tmc_shapley_islands |   Indre Kvarøy: phi=0.057544, phi/n=0.00016488
2026-03-04 20:04:09 | INFO | src.tmc_shapley_islands |   Onøy og Lurøy: phi=0.102587, phi/n=0.00040073
2026-03-04 20:04:09 | INFO | src.tmc_shapley_islands |   Lovund: phi=-0.002718, phi/n=-0.00001800
2026-03-04 20:04:09 | INFO | src.tmc_shapley_islands |   Sleneset: phi=0.029490, phi/n=0.00018431
2026-03-04 20:04:09 | INFO | src.tmc_shapley_islands |   Aldra: phi=0.020779, phi/n=0.00012011
2026-03-04 20:04:09 | INFO | src.tmc_shapley_islands |   Southern 1: phi=0.011012, phi/n=0.00001895
2026-03-04 20:04:09 | INFO | src.tmc_shapley_islands |   Southern 2: phi=0.036452, phi/n=0.00009182
2026-03-04 20:04:09 | INFO | src.tmc_shapley_islands |   Southern 3: phi=0.004797, phi/n=0.00000823
2026-03-04 20:04:09 | INFO | src.tmc_shapley_islands |   Southern 4: phi=-0.010705, phi/n=-0.00002203
2026-03-04 20:04:09 | INFO | src.tmc_shapley_islands |   Southern 5: phi=-0.023812, phi/n=-0.00011788
2026-03-04 20:04:09 | INFO | src.tmc_shapley_islands | Curve retraining early stopping: enabled=True, patience=20
2026-03-04 20:04:09 | INFO | src.tmc_shapley_islands | Computing add-islands curve (evaluated on test set)...
2026-03-04 20:04:09 | INFO | src.tmc_shapley_islands | Add-curve (mean): 1 islands, n=256 -> corr=0.0989
2026-03-04 20:04:10 | INFO | src.tmc_shapley_islands | Add-curve (mean): 2 islands, n=374 -> corr=0.1036
2026-03-04 20:04:10 | INFO | src.tmc_shapley_islands | Add-curve (mean): 3 islands, n=534 -> corr=0.1022
2026-03-04 20:04:10 | INFO | src.tmc_shapley_islands | Add-curve (mean): 4 islands, n=883 -> corr=0.1274
2026-03-04 20:04:11 | INFO | src.tmc_shapley_islands | Add-curve (mean): 5 islands, n=1169 -> corr=0.1389
2026-03-04 20:04:12 | INFO | src.tmc_shapley_islands | Add-curve (mean): 6 islands, n=1342 -> corr=0.1383
2026-03-04 20:04:12 | INFO | src.tmc_shapley_islands | Add-curve (mean): 7 islands, n=1739 -> corr=0.1300
2026-03-04 20:04:13 | INFO | src.tmc_shapley_islands | Add-curve (mean): 8 islands, n=1930 -> corr=0.1303
2026-03-04 20:04:14 | INFO | src.tmc_shapley_islands | Add-curve (mean): 9 islands, n=2511 -> corr=0.1332
2026-03-04 20:04:15 | INFO | src.tmc_shapley_islands | Add-curve (mean): 10 islands, n=3094 -> corr=0.1152
2026-03-04 20:04:17 | INFO | src.tmc_shapley_islands | Add-curve (mean): 11 islands, n=3245 -> corr=0.1151
2026-03-04 20:04:18 | INFO | src.tmc_shapley_islands | Add-curve (mean): 12 islands, n=3731 -> corr=0.1235
2026-03-04 20:04:20 | INFO | src.tmc_shapley_islands | Add-curve (mean): 13 islands, n=4284 -> corr=0.1334
2026-03-04 20:04:22 | INFO | src.tmc_shapley_islands | Add-curve (mean): 14 islands, n=4486 -> corr=0.1340
2026-03-04 20:04:24 | INFO | src.tmc_shapley_islands | Add-curve (mean): 15 islands, n=4578 -> corr=0.1343
2026-03-04 20:04:35 | INFO | src.tmc_shapley_islands | Random individual add-curve (seed=0) complete
2026-03-04 20:04:45 | INFO | src.tmc_shapley_islands | Random individual add-curve (seed=1) complete
2026-03-04 20:04:55 | INFO | src.tmc_shapley_islands | Random individual add-curve (seed=2) complete
2026-03-04 20:05:05 | INFO | src.tmc_shapley_islands | Random individual add-curve (seed=3) complete
2026-03-04 20:05:15 | INFO | src.tmc_shapley_islands | Random individual add-curve (seed=4) complete
2026-03-04 20:05:15 | INFO | src.tmc_shapley_islands | Building mirrored remove-islands curve from add-islands curve...
2026-03-04 20:05:15 | INFO | src.tmc_shapley_islands | Saved Shapley values to outputs/tmc_shapley_sweep_all_traits/shards/shard_017/wing/tmp/shapley_island_values_target_5.csv
2026-03-04 20:05:15 | INFO | src.tmc_shapley_islands | Saved summary to outputs/tmc_shapley_sweep_all_traits/shards/shard_017/wing/tmp/tmc_summary_target_5.json
2026-03-04 20:05:15 | INFO | src.tmc_shapley_islands | Saved intermediate ranking trace to outputs/tmc_shapley_sweep_all_traits/shards/shard_017/wing/tmp/tmc_intermediate_rankings_target_5.csv
2026-03-04 20:05:15 | INFO | src.tmc_shapley_islands | Saved add-curve to outputs/tmc_shapley_sweep_all_traits/shards/shard_017/wing/tmp/add_curve_target_5.csv
2026-03-04 20:05:15 | INFO | src.tmc_shapley_islands | Saved remove-curve to outputs/tmc_shapley_sweep_all_traits/shards/shard_017/wing/tmp/remove_curve_target_5.csv
2026-03-04 20:05:16 | INFO | src.tmc_shapley_islands | Saved bar plot to outputs/tmc_shapley_sweep_all_traits/shards/shard_017/wing/tmp/shapley_bar_target_5.png
2026-03-04 20:05:16 | INFO | src.tmc_shapley_islands | Saved add-curve plot to outputs/tmc_shapley_sweep_all_traits/shards/shard_017/wing/tmp/add_curve_target_5.png
2026-03-04 20:05:17 | INFO | src.tmc_shapley_islands | Saved remove-curve plot to outputs/tmc_shapley_sweep_all_traits/shards/shard_017/wing/tmp/remove_curve_target_5.png
2026-03-04 20:05:17 | INFO | __main__ | Shard 17/30 trait=wing progress 51/75 | target=14 n_cal_samples=10 perm=10 repeat=5
2026-03-04 20:05:17 | INFO | src.tmc_shapley_islands | [Shapley] Target island: 14 (Southern 4), source islands: 15
2026-03-04 20:05:18 | INFO | src.tmc_shapley_islands | Data: source=5147 (across 15 islands), cal=10, test=336
2026-03-04 20:05:18 | INFO | src.tmc_shapley_islands | SNP selection: using fixed precomputed subset (n=20000)
2026-03-04 20:05:18 | INFO | src.tmc_shapley_islands | Island counts (capped to None in training):
  Nesøy: n=118
  Myken: n=92
  Træna: n=286
  Selvær: n=191
  Gjerøy: n=553
  Hestmannøy: n=1055
  Indre Kvarøy: n=349
  Onøy og Lurøy: n=256
  Lovund: n=151
  Sleneset: n=160
  Aldra: n=173
  Southern 1: n=581
  Southern 2: n=397
  Southern 3: n=583
  Southern 5: n=202
2026-03-04 20:05:18 | INFO | src.tmc_shapley_islands | Running TMC-Shapley with 10 permutations (utility on cal set)...
2026-03-04 20:05:18 | INFO | src.tmc_shapley_islands | Computing V_full over all 15 source islands...
2026-03-04 20:05:20 | INFO | src.tmc_shapley_islands | V_full = -0.0183
2026-03-04 20:05:50 | INFO | src.tmc_shapley_islands | TMC progress: 2/10 permutations done, cache hit rate: 9.7%, n_evals: 28
2026-03-04 20:06:15 | INFO | src.tmc_shapley_islands | TMC progress: 4/10 permutations done, cache hit rate: 8.2%, n_evals: 56
2026-03-04 20:06:37 | INFO | src.tmc_shapley_islands | TMC progress: 6/10 permutations done, cache hit rate: 11.0%, n_evals: 81
2026-03-04 20:07:05 | INFO | src.tmc_shapley_islands | TMC progress: 8/10 permutations done, cache hit rate: 11.6%, n_evals: 107
2026-03-04 20:07:33 | INFO | src.tmc_shapley_islands | TMC progress: 10/10 permutations done, cache hit rate: 10.6%, n_evals: 135
2026-03-04 20:07:33 | INFO | src.tmc_shapley_islands | TMC complete: 10 permutations, 0 truncated, 135 utility evals, cache hit rate: 10.6%
2026-03-04 20:07:33 | INFO | src.tmc_shapley_islands | Shapley values (phi, computed on cal set):
2026-03-04 20:07:33 | INFO | src.tmc_shapley_islands |   Nesøy: phi=0.015183, phi/n=0.00012867
2026-03-04 20:07:33 | INFO | src.tmc_shapley_islands |   Myken: phi=0.053196, phi/n=0.00057822
2026-03-04 20:07:33 | INFO | src.tmc_shapley_islands |   Træna: phi=-0.251598, phi/n=-0.00087971
2026-03-04 20:07:33 | INFO | src.tmc_shapley_islands |   Selvær: phi=-0.104756, phi/n=-0.00054846
2026-03-04 20:07:33 | INFO | src.tmc_shapley_islands |   Gjerøy: phi=-0.160741, phi/n=-0.00029067
2026-03-04 20:07:33 | INFO | src.tmc_shapley_islands |   Hestmannøy: phi=0.162825, phi/n=0.00015434
2026-03-04 20:07:33 | INFO | src.tmc_shapley_islands |   Indre Kvarøy: phi=-0.052982, phi/n=-0.00015181
2026-03-04 20:07:33 | INFO | src.tmc_shapley_islands |   Onøy og Lurøy: phi=-0.076926, phi/n=-0.00030049
2026-03-04 20:07:33 | INFO | src.tmc_shapley_islands |   Lovund: phi=-0.018710, phi/n=-0.00012391
2026-03-04 20:07:33 | INFO | src.tmc_shapley_islands |   Sleneset: phi=0.039618, phi/n=0.00024762
2026-03-04 20:07:33 | INFO | src.tmc_shapley_islands |   Aldra: phi=0.258064, phi/n=0.00149170
2026-03-04 20:07:33 | INFO | src.tmc_shapley_islands |   Southern 1: phi=-0.051228, phi/n=-0.00008817
2026-03-04 20:07:33 | INFO | src.tmc_shapley_islands |   Southern 2: phi=0.136572, phi/n=0.00034401
2026-03-04 20:07:33 | INFO | src.tmc_shapley_islands |   Southern 3: phi=-0.012325, phi/n=-0.00002114
2026-03-04 20:07:33 | INFO | src.tmc_shapley_islands |   Southern 5: phi=0.045508, phi/n=0.00022529
2026-03-04 20:07:33 | INFO | src.tmc_shapley_islands | Curve retraining early stopping: enabled=True, patience=20
2026-03-04 20:07:33 | INFO | src.tmc_shapley_islands | Computing add-islands curve (evaluated on test set)...
2026-03-04 20:07:33 | INFO | src.tmc_shapley_islands | Add-curve (mean): 1 islands, n=173 -> corr=0.0568
2026-03-04 20:07:33 | INFO | src.tmc_shapley_islands | Add-curve (mean): 2 islands, n=265 -> corr=0.0004
2026-03-04 20:07:33 | INFO | src.tmc_shapley_islands | Add-curve (mean): 3 islands, n=662 -> corr=0.0893
2026-03-04 20:07:33 | INFO | src.tmc_shapley_islands | Add-curve (mean): 4 islands, n=822 -> corr=0.0919
2026-03-04 20:07:34 | INFO | src.tmc_shapley_islands | Add-curve (mean): 5 islands, n=1024 -> corr=0.1415
2026-03-04 20:07:35 | INFO | src.tmc_shapley_islands | Add-curve (mean): 6 islands, n=2079 -> corr=0.2011
2026-03-04 20:07:35 | INFO | src.tmc_shapley_islands | Add-curve (mean): 7 islands, n=2197 -> corr=0.1866
2026-03-04 20:07:37 | INFO | src.tmc_shapley_islands | Add-curve (mean): 8 islands, n=2780 -> corr=0.1660
2026-03-04 20:07:38 | INFO | src.tmc_shapley_islands | Add-curve (mean): 9 islands, n=3361 -> corr=0.1844
2026-03-04 20:07:39 | INFO | src.tmc_shapley_islands | Add-curve (mean): 10 islands, n=3512 -> corr=0.1901
2026-03-04 20:07:41 | INFO | src.tmc_shapley_islands | Add-curve (mean): 11 islands, n=3861 -> corr=0.1758
2026-03-04 20:07:43 | INFO | src.tmc_shapley_islands | Add-curve (mean): 12 islands, n=4414 -> corr=0.1555
2026-03-04 20:07:45 | INFO | src.tmc_shapley_islands | Add-curve (mean): 13 islands, n=4670 -> corr=0.1517
2026-03-04 20:07:47 | INFO | src.tmc_shapley_islands | Add-curve (mean): 14 islands, n=4861 -> corr=0.1357
2026-03-04 20:07:49 | INFO | src.tmc_shapley_islands | Add-curve (mean): 15 islands, n=5147 -> corr=0.1270
2026-03-04 20:08:01 | INFO | src.tmc_shapley_islands | Random individual add-curve (seed=0) complete
2026-03-04 20:08:12 | INFO | src.tmc_shapley_islands | Random individual add-curve (seed=1) complete
2026-03-04 20:08:23 | INFO | src.tmc_shapley_islands | Random individual add-curve (seed=2) complete
2026-03-04 20:08:34 | INFO | src.tmc_shapley_islands | Random individual add-curve (seed=3) complete
2026-03-04 20:08:46 | INFO | src.tmc_shapley_islands | Random individual add-curve (seed=4) complete
2026-03-04 20:08:46 | INFO | src.tmc_shapley_islands | Building mirrored remove-islands curve from add-islands curve...
2026-03-04 20:08:46 | INFO | src.tmc_shapley_islands | Saved Shapley values to outputs/tmc_shapley_sweep_all_traits/shards/shard_017/wing/tmp/shapley_island_values_target_14.csv
2026-03-04 20:08:46 | INFO | src.tmc_shapley_islands | Saved summary to outputs/tmc_shapley_sweep_all_traits/shards/shard_017/wing/tmp/tmc_summary_target_14.json
2026-03-04 20:08:46 | INFO | src.tmc_shapley_islands | Saved intermediate ranking trace to outputs/tmc_shapley_sweep_all_traits/shards/shard_017/wing/tmp/tmc_intermediate_rankings_target_14.csv
2026-03-04 20:08:46 | INFO | src.tmc_shapley_islands | Saved add-curve to outputs/tmc_shapley_sweep_all_traits/shards/shard_017/wing/tmp/add_curve_target_14.csv
2026-03-04 20:08:46 | INFO | src.tmc_shapley_islands | Saved remove-curve to outputs/tmc_shapley_sweep_all_traits/shards/shard_017/wing/tmp/remove_curve_target_14.csv
2026-03-04 20:08:46 | INFO | src.tmc_shapley_islands | Saved bar plot to outputs/tmc_shapley_sweep_all_traits/shards/shard_017/wing/tmp/shapley_bar_target_14.png
2026-03-04 20:08:47 | INFO | src.tmc_shapley_islands | Saved add-curve plot to outputs/tmc_shapley_sweep_all_traits/shards/shard_017/wing/tmp/add_curve_target_14.png
2026-03-04 20:08:47 | INFO | src.tmc_shapley_islands | Saved remove-curve plot to outputs/tmc_shapley_sweep_all_traits/shards/shard_017/wing/tmp/remove_curve_target_14.png
2026-03-04 20:08:47 | INFO | __main__ | Shard 17/30 trait=wing progress 52/75 | target=14 n_cal_samples=10 perm=20 repeat=5
2026-03-04 20:08:47 | INFO | src.tmc_shapley_islands | [Shapley] Target island: 14 (Southern 4), source islands: 15
2026-03-04 20:08:48 | INFO | src.tmc_shapley_islands | Data: source=5147 (across 15 islands), cal=10, test=336
2026-03-04 20:08:48 | INFO | src.tmc_shapley_islands | SNP selection: using fixed precomputed subset (n=20000)
2026-03-04 20:08:48 | INFO | src.tmc_shapley_islands | Island counts (capped to None in training):
  Nesøy: n=118
  Myken: n=92
  Træna: n=286
  Selvær: n=191
  Gjerøy: n=553
  Hestmannøy: n=1055
  Indre Kvarøy: n=349
  Onøy og Lurøy: n=256
  Lovund: n=151
  Sleneset: n=160
  Aldra: n=173
  Southern 1: n=581
  Southern 2: n=397
  Southern 3: n=583
  Southern 5: n=202
2026-03-04 20:08:48 | INFO | src.tmc_shapley_islands | Loaded 135 cached utilities from outputs/tmc_shapley_sweep_all_traits/cache/wing/utility_cache_target_14_seed_989715419.json
2026-03-04 20:08:48 | INFO | src.tmc_shapley_islands | Running TMC-Shapley with 20 permutations (utility on cal set)...
2026-03-04 20:08:48 | INFO | src.tmc_shapley_islands | Computing V_full over all 15 source islands...
2026-03-04 20:08:48 | INFO | src.tmc_shapley_islands | V_full = -0.0183
2026-03-04 20:08:48 | INFO | src.tmc_shapley_islands | TMC head-start: loaded 10 completed permutations from state outputs/tmc_shapley_sweep_all_traits/cache/wing/tmc_perm_state_target_14_seed_989715419.json
2026-03-04 20:09:12 | INFO | src.tmc_shapley_islands | TMC progress: 12/20 permutations done, cache hit rate: 22.6%, n_evals: 24
2026-03-04 20:10:06 | INFO | src.tmc_shapley_islands | TMC progress: 16/20 permutations done, cache hit rate: 22.0%, n_evals: 71
2026-03-04 20:10:59 | INFO | src.tmc_shapley_islands | TMC progress: 20/20 permutations done, cache hit rate: 20.5%, n_evals: 120
2026-03-04 20:10:59 | INFO | src.tmc_shapley_islands | TMC complete: 20 permutations, 0 truncated, 120 utility evals, cache hit rate: 20.5%
2026-03-04 20:10:59 | INFO | src.tmc_shapley_islands | Shapley values (phi, computed on cal set):
2026-03-04 20:10:59 | INFO | src.tmc_shapley_islands |   Nesøy: phi=0.012444, phi/n=0.00010546
2026-03-04 20:10:59 | INFO | src.tmc_shapley_islands |   Myken: phi=0.049598, phi/n=0.00053911
2026-03-04 20:10:59 | INFO | src.tmc_shapley_islands |   Træna: phi=-0.209260, phi/n=-0.00073168
2026-03-04 20:10:59 | INFO | src.tmc_shapley_islands |   Selvær: phi=-0.087133, phi/n=-0.00045619
2026-03-04 20:10:59 | INFO | src.tmc_shapley_islands |   Gjerøy: phi=-0.198482, phi/n=-0.00035892
2026-03-04 20:10:59 | INFO | src.tmc_shapley_islands |   Hestmannøy: phi=0.151277, phi/n=0.00014339
2026-03-04 20:10:59 | INFO | src.tmc_shapley_islands |   Indre Kvarøy: phi=-0.070777, phi/n=-0.00020280
2026-03-04 20:10:59 | INFO | src.tmc_shapley_islands |   Onøy og Lurøy: phi=-0.064987, phi/n=-0.00025385
2026-03-04 20:10:59 | INFO | src.tmc_shapley_islands |   Lovund: phi=-0.018014, phi/n=-0.00011930
2026-03-04 20:10:59 | INFO | src.tmc_shapley_islands |   Sleneset: phi=0.031705, phi/n=0.00019815
2026-03-04 20:10:59 | INFO | src.tmc_shapley_islands |   Aldra: phi=0.240149, phi/n=0.00138814
2026-03-04 20:10:59 | INFO | src.tmc_shapley_islands |   Southern 1: phi=-0.056499, phi/n=-0.00009724
2026-03-04 20:10:59 | INFO | src.tmc_shapley_islands |   Southern 2: phi=0.155706, phi/n=0.00039221
2026-03-04 20:10:59 | INFO | src.tmc_shapley_islands |   Southern 3: phi=0.000548, phi/n=0.00000094
2026-03-04 20:10:59 | INFO | src.tmc_shapley_islands |   Southern 5: phi=0.045428, phi/n=0.00022489
2026-03-04 20:10:59 | INFO | src.tmc_shapley_islands | Curve retraining early stopping: enabled=True, patience=20
2026-03-04 20:10:59 | INFO | src.tmc_shapley_islands | Computing add-islands curve (evaluated on test set)...
2026-03-04 20:10:59 | INFO | src.tmc_shapley_islands | Add-curve (mean): 1 islands, n=173 -> corr=0.0568
2026-03-04 20:10:59 | INFO | src.tmc_shapley_islands | Add-curve (mean): 2 islands, n=265 -> corr=0.0004
2026-03-04 20:10:59 | INFO | src.tmc_shapley_islands | Add-curve (mean): 3 islands, n=662 -> corr=0.0893
2026-03-04 20:11:00 | INFO | src.tmc_shapley_islands | Add-curve (mean): 4 islands, n=864 -> corr=0.1400
2026-03-04 20:11:00 | INFO | src.tmc_shapley_islands | Add-curve (mean): 5 islands, n=1024 -> corr=0.1415
2026-03-04 20:11:01 | INFO | src.tmc_shapley_islands | Add-curve (mean): 6 islands, n=2079 -> corr=0.2011
2026-03-04 20:11:02 | INFO | src.tmc_shapley_islands | Add-curve (mean): 7 islands, n=2197 -> corr=0.1866
2026-03-04 20:11:03 | INFO | src.tmc_shapley_islands | Add-curve (mean): 8 islands, n=2780 -> corr=0.1660
2026-03-04 20:11:04 | INFO | src.tmc_shapley_islands | Add-curve (mean): 9 islands, n=3361 -> corr=0.1844
2026-03-04 20:11:06 | INFO | src.tmc_shapley_islands | Add-curve (mean): 10 islands, n=3512 -> corr=0.1901
2026-03-04 20:11:07 | INFO | src.tmc_shapley_islands | Add-curve (mean): 11 islands, n=3861 -> corr=0.1758
2026-03-04 20:11:09 | INFO | src.tmc_shapley_islands | Add-curve (mean): 12 islands, n=4117 -> corr=0.1710
2026-03-04 20:11:11 | INFO | src.tmc_shapley_islands | Add-curve (mean): 13 islands, n=4670 -> corr=0.1517
2026-03-04 20:11:13 | INFO | src.tmc_shapley_islands | Add-curve (mean): 14 islands, n=4861 -> corr=0.1357
2026-03-04 20:11:15 | INFO | src.tmc_shapley_islands | Add-curve (mean): 15 islands, n=5147 -> corr=0.1270
2026-03-04 20:11:26 | INFO | src.tmc_shapley_islands | Random individual add-curve (seed=0) complete
2026-03-04 20:11:37 | INFO | src.tmc_shapley_islands | Random individual add-curve (seed=1) complete
2026-03-04 20:11:48 | INFO | src.tmc_shapley_islands | Random individual add-curve (seed=2) complete
2026-03-04 20:11:59 | INFO | src.tmc_shapley_islands | Random individual add-curve (seed=3) complete
2026-03-04 20:12:09 | INFO | src.tmc_shapley_islands | Random individual add-curve (seed=4) complete
2026-03-04 20:12:09 | INFO | src.tmc_shapley_islands | Building mirrored remove-islands curve from add-islands curve...
2026-03-04 20:12:09 | INFO | src.tmc_shapley_islands | Saved Shapley values to outputs/tmc_shapley_sweep_all_traits/shards/shard_017/wing/tmp/shapley_island_values_target_14.csv
2026-03-04 20:12:09 | INFO | src.tmc_shapley_islands | Saved summary to outputs/tmc_shapley_sweep_all_traits/shards/shard_017/wing/tmp/tmc_summary_target_14.json
2026-03-04 20:12:09 | INFO | src.tmc_shapley_islands | Saved intermediate ranking trace to outputs/tmc_shapley_sweep_all_traits/shards/shard_017/wing/tmp/tmc_intermediate_rankings_target_14.csv
2026-03-04 20:12:09 | INFO | src.tmc_shapley_islands | Saved add-curve to outputs/tmc_shapley_sweep_all_traits/shards/shard_017/wing/tmp/add_curve_target_14.csv
2026-03-04 20:12:09 | INFO | src.tmc_shapley_islands | Saved remove-curve to outputs/tmc_shapley_sweep_all_traits/shards/shard_017/wing/tmp/remove_curve_target_14.csv
2026-03-04 20:12:10 | INFO | src.tmc_shapley_islands | Saved bar plot to outputs/tmc_shapley_sweep_all_traits/shards/shard_017/wing/tmp/shapley_bar_target_14.png
2026-03-04 20:12:10 | INFO | src.tmc_shapley_islands | Saved add-curve plot to outputs/tmc_shapley_sweep_all_traits/shards/shard_017/wing/tmp/add_curve_target_14.png
2026-03-04 20:12:11 | INFO | src.tmc_shapley_islands | Saved remove-curve plot to outputs/tmc_shapley_sweep_all_traits/shards/shard_017/wing/tmp/remove_curve_target_14.png
2026-03-04 20:12:11 | INFO | __main__ | Shard 17/30 trait=wing progress 53/75 | target=14 n_cal_samples=10 perm=40 repeat=5
2026-03-04 20:12:11 | INFO | src.tmc_shapley_islands | [Shapley] Target island: 14 (Southern 4), source islands: 15
2026-03-04 20:12:12 | INFO | src.tmc_shapley_islands | Data: source=5147 (across 15 islands), cal=10, test=336
2026-03-04 20:12:12 | INFO | src.tmc_shapley_islands | SNP selection: using fixed precomputed subset (n=20000)
2026-03-04 20:12:12 | INFO | src.tmc_shapley_islands | Island counts (capped to None in training):
  Nesøy: n=118
  Myken: n=92
  Træna: n=286
  Selvær: n=191
  Gjerøy: n=553
  Hestmannøy: n=1055
  Indre Kvarøy: n=349
  Onøy og Lurøy: n=256
  Lovund: n=151
  Sleneset: n=160
  Aldra: n=173
  Southern 1: n=581
  Southern 2: n=397
  Southern 3: n=583
  Southern 5: n=202
2026-03-04 20:12:12 | INFO | src.tmc_shapley_islands | Loaded 255 cached utilities from outputs/tmc_shapley_sweep_all_traits/cache/wing/utility_cache_target_14_seed_989715419.json
2026-03-04 20:12:12 | INFO | src.tmc_shapley_islands | Running TMC-Shapley with 40 permutations (utility on cal set)...
2026-03-04 20:12:12 | INFO | src.tmc_shapley_islands | Computing V_full over all 15 source islands...
2026-03-04 20:12:12 | INFO | src.tmc_shapley_islands | V_full = -0.0183
2026-03-04 20:12:12 | INFO | src.tmc_shapley_islands | TMC head-start: loaded 20 completed permutations from state outputs/tmc_shapley_sweep_all_traits/cache/wing/tmc_perm_state_target_14_seed_989715419.json
2026-03-04 20:13:02 | INFO | src.tmc_shapley_islands | TMC progress: 24/40 permutations done, cache hit rate: 19.7%, n_evals: 49
2026-03-04 20:14:36 | INFO | src.tmc_shapley_islands | TMC progress: 32/40 permutations done, cache hit rate: 21.0%, n_evals: 143
2026-03-04 20:16:00 | INFO | src.tmc_shapley_islands | TMC progress: 40/40 permutations done, cache hit rate: 21.6%, n_evals: 236
2026-03-04 20:16:00 | INFO | src.tmc_shapley_islands | TMC complete: 40 permutations, 0 truncated, 236 utility evals, cache hit rate: 21.6%
2026-03-04 20:16:00 | INFO | src.tmc_shapley_islands | Shapley values (phi, computed on cal set):
2026-03-04 20:16:00 | INFO | src.tmc_shapley_islands |   Nesøy: phi=0.013923, phi/n=0.00011799
2026-03-04 20:16:00 | INFO | src.tmc_shapley_islands |   Myken: phi=0.064177, phi/n=0.00069758
2026-03-04 20:16:00 | INFO | src.tmc_shapley_islands |   Træna: phi=-0.220307, phi/n=-0.00077030
2026-03-04 20:16:00 | INFO | src.tmc_shapley_islands |   Selvær: phi=-0.082067, phi/n=-0.00042967
2026-03-04 20:16:00 | INFO | src.tmc_shapley_islands |   Gjerøy: phi=-0.195460, phi/n=-0.00035345
2026-03-04 20:16:00 | INFO | src.tmc_shapley_islands |   Hestmannøy: phi=0.145169, phi/n=0.00013760
2026-03-04 20:16:00 | INFO | src.tmc_shapley_islands |   Indre Kvarøy: phi=-0.058345, phi/n=-0.00016718
2026-03-04 20:16:00 | INFO | src.tmc_shapley_islands |   Onøy og Lurøy: phi=-0.068866, phi/n=-0.00026901
2026-03-04 20:16:00 | INFO | src.tmc_shapley_islands |   Lovund: phi=-0.015524, phi/n=-0.00010281
2026-03-04 20:16:00 | INFO | src.tmc_shapley_islands |   Sleneset: phi=0.031527, phi/n=0.00019705
2026-03-04 20:16:00 | INFO | src.tmc_shapley_islands |   Aldra: phi=0.257280, phi/n=0.00148717
2026-03-04 20:16:00 | INFO | src.tmc_shapley_islands |   Southern 1: phi=-0.063656, phi/n=-0.00010956
2026-03-04 20:16:00 | INFO | src.tmc_shapley_islands |   Southern 2: phi=0.145415, phi/n=0.00036628
2026-03-04 20:16:00 | INFO | src.tmc_shapley_islands |   Southern 3: phi=-0.006369, phi/n=-0.00001092
2026-03-04 20:16:00 | INFO | src.tmc_shapley_islands |   Southern 5: phi=0.034802, phi/n=0.00017228
2026-03-04 20:16:00 | INFO | src.tmc_shapley_islands | Curve retraining early stopping: enabled=True, patience=20
2026-03-04 20:16:00 | INFO | src.tmc_shapley_islands | Computing add-islands curve (evaluated on test set)...
2026-03-04 20:16:00 | INFO | src.tmc_shapley_islands | Add-curve (mean): 1 islands, n=173 -> corr=0.0568
2026-03-04 20:16:00 | INFO | src.tmc_shapley_islands | Add-curve (mean): 2 islands, n=265 -> corr=0.0004
2026-03-04 20:16:00 | INFO | src.tmc_shapley_islands | Add-curve (mean): 3 islands, n=662 -> corr=0.0893
2026-03-04 20:16:01 | INFO | src.tmc_shapley_islands | Add-curve (mean): 4 islands, n=822 -> corr=0.0919
2026-03-04 20:16:01 | INFO | src.tmc_shapley_islands | Add-curve (mean): 5 islands, n=1024 -> corr=0.1415
2026-03-04 20:16:02 | INFO | src.tmc_shapley_islands | Add-curve (mean): 6 islands, n=2079 -> corr=0.2011
2026-03-04 20:16:03 | INFO | src.tmc_shapley_islands | Add-curve (mean): 7 islands, n=2197 -> corr=0.1866
2026-03-04 20:16:04 | INFO | src.tmc_shapley_islands | Add-curve (mean): 8 islands, n=2780 -> corr=0.1660
2026-03-04 20:16:05 | INFO | src.tmc_shapley_islands | Add-curve (mean): 9 islands, n=2931 -> corr=0.1724
2026-03-04 20:16:07 | INFO | src.tmc_shapley_islands | Add-curve (mean): 10 islands, n=3512 -> corr=0.1901
2026-03-04 20:16:08 | INFO | src.tmc_shapley_islands | Add-curve (mean): 11 islands, n=3861 -> corr=0.1758
2026-03-04 20:16:10 | INFO | src.tmc_shapley_islands | Add-curve (mean): 12 islands, n=4117 -> corr=0.1710
2026-03-04 20:16:12 | INFO | src.tmc_shapley_islands | Add-curve (mean): 13 islands, n=4670 -> corr=0.1517
2026-03-04 20:16:14 | INFO | src.tmc_shapley_islands | Add-curve (mean): 14 islands, n=4861 -> corr=0.1357
2026-03-04 20:16:16 | INFO | src.tmc_shapley_islands | Add-curve (mean): 15 islands, n=5147 -> corr=0.1270
2026-03-04 20:16:27 | INFO | src.tmc_shapley_islands | Random individual add-curve (seed=0) complete
2026-03-04 20:16:38 | INFO | src.tmc_shapley_islands | Random individual add-curve (seed=1) complete
2026-03-04 20:16:48 | INFO | src.tmc_shapley_islands | Random individual add-curve (seed=2) complete
2026-03-04 20:17:00 | INFO | src.tmc_shapley_islands | Random individual add-curve (seed=3) complete
2026-03-04 20:17:11 | INFO | src.tmc_shapley_islands | Random individual add-curve (seed=4) complete
2026-03-04 20:17:11 | INFO | src.tmc_shapley_islands | Building mirrored remove-islands curve from add-islands curve...
2026-03-04 20:17:11 | INFO | src.tmc_shapley_islands | Saved Shapley values to outputs/tmc_shapley_sweep_all_traits/shards/shard_017/wing/tmp/shapley_island_values_target_14.csv
2026-03-04 20:17:11 | INFO | src.tmc_shapley_islands | Saved summary to outputs/tmc_shapley_sweep_all_traits/shards/shard_017/wing/tmp/tmc_summary_target_14.json
2026-03-04 20:17:11 | INFO | src.tmc_shapley_islands | Saved intermediate ranking trace to outputs/tmc_shapley_sweep_all_traits/shards/shard_017/wing/tmp/tmc_intermediate_rankings_target_14.csv
2026-03-04 20:17:11 | INFO | src.tmc_shapley_islands | Saved add-curve to outputs/tmc_shapley_sweep_all_traits/shards/shard_017/wing/tmp/add_curve_target_14.csv
2026-03-04 20:17:11 | INFO | src.tmc_shapley_islands | Saved remove-curve to outputs/tmc_shapley_sweep_all_traits/shards/shard_017/wing/tmp/remove_curve_target_14.csv
2026-03-04 20:17:11 | INFO | src.tmc_shapley_islands | Saved bar plot to outputs/tmc_shapley_sweep_all_traits/shards/shard_017/wing/tmp/shapley_bar_target_14.png
2026-03-04 20:17:12 | INFO | src.tmc_shapley_islands | Saved add-curve plot to outputs/tmc_shapley_sweep_all_traits/shards/shard_017/wing/tmp/add_curve_target_14.png
2026-03-04 20:17:12 | INFO | src.tmc_shapley_islands | Saved remove-curve plot to outputs/tmc_shapley_sweep_all_traits/shards/shard_017/wing/tmp/remove_curve_target_14.png
2026-03-04 20:17:12 | INFO | __main__ | Shard 17/30 trait=wing progress 54/75 | target=14 n_cal_samples=10 perm=80 repeat=5
2026-03-04 20:17:12 | INFO | src.tmc_shapley_islands | [Shapley] Target island: 14 (Southern 4), source islands: 15
2026-03-04 20:17:13 | INFO | src.tmc_shapley_islands | Data: source=5147 (across 15 islands), cal=10, test=336
2026-03-04 20:17:13 | INFO | src.tmc_shapley_islands | SNP selection: using fixed precomputed subset (n=20000)
2026-03-04 20:17:13 | INFO | src.tmc_shapley_islands | Island counts (capped to None in training):
  Nesøy: n=118
  Myken: n=92
  Træna: n=286
  Selvær: n=191
  Gjerøy: n=553
  Hestmannøy: n=1055
  Indre Kvarøy: n=349
  Onøy og Lurøy: n=256
  Lovund: n=151
  Sleneset: n=160
  Aldra: n=173
  Southern 1: n=581
  Southern 2: n=397
  Southern 3: n=583
  Southern 5: n=202
2026-03-04 20:17:13 | INFO | src.tmc_shapley_islands | Loaded 491 cached utilities from outputs/tmc_shapley_sweep_all_traits/cache/wing/utility_cache_target_14_seed_989715419.json
2026-03-04 20:17:13 | INFO | src.tmc_shapley_islands | Running TMC-Shapley with 80 permutations (utility on cal set)...
2026-03-04 20:17:13 | INFO | src.tmc_shapley_islands | Computing V_full over all 15 source islands...
2026-03-04 20:17:13 | INFO | src.tmc_shapley_islands | V_full = -0.0183
2026-03-04 20:17:13 | INFO | src.tmc_shapley_islands | TMC head-start: loaded 40 completed permutations from state outputs/tmc_shapley_sweep_all_traits/cache/wing/tmc_perm_state_target_14_seed_989715419.json
2026-03-04 20:18:39 | INFO | src.tmc_shapley_islands | TMC progress: 48/80 permutations done, cache hit rate: 26.4%, n_evals: 89
2026-03-04 20:21:32 | INFO | src.tmc_shapley_islands | TMC progress: 64/80 permutations done, cache hit rate: 26.9%, n_evals: 264
2026-03-04 20:24:27 | INFO | src.tmc_shapley_islands | TMC progress: 80/80 permutations done, cache hit rate: 28.1%, n_evals: 432
2026-03-04 20:24:27 | INFO | src.tmc_shapley_islands | TMC complete: 80 permutations, 0 truncated, 432 utility evals, cache hit rate: 28.1%
2026-03-04 20:24:27 | INFO | src.tmc_shapley_islands | Shapley values (phi, computed on cal set):
2026-03-04 20:24:27 | INFO | src.tmc_shapley_islands |   Nesøy: phi=0.016602, phi/n=0.00014069
2026-03-04 20:24:27 | INFO | src.tmc_shapley_islands |   Myken: phi=0.062485, phi/n=0.00067918
2026-03-04 20:24:27 | INFO | src.tmc_shapley_islands |   Træna: phi=-0.207397, phi/n=-0.00072516
2026-03-04 20:24:27 | INFO | src.tmc_shapley_islands |   Selvær: phi=-0.078390, phi/n=-0.00041042
2026-03-04 20:24:27 | INFO | src.tmc_shapley_islands |   Gjerøy: phi=-0.214772, phi/n=-0.00038838
2026-03-04 20:24:27 | INFO | src.tmc_shapley_islands |   Hestmannøy: phi=0.156259, phi/n=0.00014811
2026-03-04 20:24:27 | INFO | src.tmc_shapley_islands |   Indre Kvarøy: phi=-0.065096, phi/n=-0.00018652
2026-03-04 20:24:27 | INFO | src.tmc_shapley_islands |   Onøy og Lurøy: phi=-0.069730, phi/n=-0.00027238
2026-03-04 20:24:27 | INFO | src.tmc_shapley_islands |   Lovund: phi=-0.018400, phi/n=-0.00012186
2026-03-04 20:24:27 | INFO | src.tmc_shapley_islands |   Sleneset: phi=0.029381, phi/n=0.00018363
2026-03-04 20:24:27 | INFO | src.tmc_shapley_islands |   Aldra: phi=0.270071, phi/n=0.00156110
2026-03-04 20:24:27 | INFO | src.tmc_shapley_islands |   Southern 1: phi=-0.068504, phi/n=-0.00011791
2026-03-04 20:24:27 | INFO | src.tmc_shapley_islands |   Southern 2: phi=0.136974, phi/n=0.00034502
2026-03-04 20:24:27 | INFO | src.tmc_shapley_islands |   Southern 3: phi=-0.003173, phi/n=-0.00000544
2026-03-04 20:24:27 | INFO | src.tmc_shapley_islands |   Southern 5: phi=0.035393, phi/n=0.00017521
2026-03-04 20:24:27 | INFO | src.tmc_shapley_islands | Curve retraining early stopping: enabled=True, patience=20
2026-03-04 20:24:27 | INFO | src.tmc_shapley_islands | Computing add-islands curve (evaluated on test set)...
2026-03-04 20:24:27 | INFO | src.tmc_shapley_islands | Add-curve (mean): 1 islands, n=173 -> corr=0.0568
2026-03-04 20:24:27 | INFO | src.tmc_shapley_islands | Add-curve (mean): 2 islands, n=265 -> corr=0.0004
2026-03-04 20:24:27 | INFO | src.tmc_shapley_islands | Add-curve (mean): 3 islands, n=662 -> corr=0.0893
2026-03-04 20:24:27 | INFO | src.tmc_shapley_islands | Add-curve (mean): 4 islands, n=822 -> corr=0.0919
2026-03-04 20:24:28 | INFO | src.tmc_shapley_islands | Add-curve (mean): 5 islands, n=1024 -> corr=0.1415
2026-03-04 20:24:29 | INFO | src.tmc_shapley_islands | Add-curve (mean): 6 islands, n=2079 -> corr=0.2011
2026-03-04 20:24:30 | INFO | src.tmc_shapley_islands | Add-curve (mean): 7 islands, n=2197 -> corr=0.1866
2026-03-04 20:24:31 | INFO | src.tmc_shapley_islands | Add-curve (mean): 8 islands, n=2780 -> corr=0.1660
2026-03-04 20:24:32 | INFO | src.tmc_shapley_islands | Add-curve (mean): 9 islands, n=3361 -> corr=0.1844
2026-03-04 20:24:33 | INFO | src.tmc_shapley_islands | Add-curve (mean): 10 islands, n=3512 -> corr=0.1901
2026-03-04 20:24:35 | INFO | src.tmc_shapley_islands | Add-curve (mean): 11 islands, n=3861 -> corr=0.1758
2026-03-04 20:24:37 | INFO | src.tmc_shapley_islands | Add-curve (mean): 12 islands, n=4117 -> corr=0.1710
2026-03-04 20:24:39 | INFO | src.tmc_shapley_islands | Add-curve (mean): 13 islands, n=4670 -> corr=0.1517
2026-03-04 20:24:41 | INFO | src.tmc_shapley_islands | Add-curve (mean): 14 islands, n=4861 -> corr=0.1357
2026-03-04 20:24:43 | INFO | src.tmc_shapley_islands | Add-curve (mean): 15 islands, n=5147 -> corr=0.1270
2026-03-04 20:24:54 | INFO | src.tmc_shapley_islands | Random individual add-curve (seed=0) complete
2026-03-04 20:25:05 | INFO | src.tmc_shapley_islands | Random individual add-curve (seed=1) complete
2026-03-04 20:25:16 | INFO | src.tmc_shapley_islands | Random individual add-curve (seed=2) complete
2026-03-04 20:25:27 | INFO | src.tmc_shapley_islands | Random individual add-curve (seed=3) complete
2026-03-04 20:25:38 | INFO | src.tmc_shapley_islands | Random individual add-curve (seed=4) complete
2026-03-04 20:25:38 | INFO | src.tmc_shapley_islands | Building mirrored remove-islands curve from add-islands curve...
2026-03-04 20:25:38 | INFO | src.tmc_shapley_islands | Saved Shapley values to outputs/tmc_shapley_sweep_all_traits/shards/shard_017/wing/tmp/shapley_island_values_target_14.csv
2026-03-04 20:25:38 | INFO | src.tmc_shapley_islands | Saved summary to outputs/tmc_shapley_sweep_all_traits/shards/shard_017/wing/tmp/tmc_summary_target_14.json
2026-03-04 20:25:38 | INFO | src.tmc_shapley_islands | Saved intermediate ranking trace to outputs/tmc_shapley_sweep_all_traits/shards/shard_017/wing/tmp/tmc_intermediate_rankings_target_14.csv
2026-03-04 20:25:38 | INFO | src.tmc_shapley_islands | Saved add-curve to outputs/tmc_shapley_sweep_all_traits/shards/shard_017/wing/tmp/add_curve_target_14.csv
2026-03-04 20:25:38 | INFO | src.tmc_shapley_islands | Saved remove-curve to outputs/tmc_shapley_sweep_all_traits/shards/shard_017/wing/tmp/remove_curve_target_14.csv
2026-03-04 20:25:39 | INFO | src.tmc_shapley_islands | Saved bar plot to outputs/tmc_shapley_sweep_all_traits/shards/shard_017/wing/tmp/shapley_bar_target_14.png
2026-03-04 20:25:39 | INFO | src.tmc_shapley_islands | Saved add-curve plot to outputs/tmc_shapley_sweep_all_traits/shards/shard_017/wing/tmp/add_curve_target_14.png
2026-03-04 20:25:40 | INFO | src.tmc_shapley_islands | Saved remove-curve plot to outputs/tmc_shapley_sweep_all_traits/shards/shard_017/wing/tmp/remove_curve_target_14.png
2026-03-04 20:25:40 | INFO | __main__ | Shard 17/30 trait=wing progress 55/75 | target=14 n_cal_samples=10 perm=150 repeat=5
2026-03-04 20:25:40 | INFO | src.tmc_shapley_islands | [Shapley] Target island: 14 (Southern 4), source islands: 15
2026-03-04 20:25:41 | INFO | src.tmc_shapley_islands | Data: source=5147 (across 15 islands), cal=10, test=336
2026-03-04 20:25:41 | INFO | src.tmc_shapley_islands | SNP selection: using fixed precomputed subset (n=20000)
2026-03-04 20:25:41 | INFO | src.tmc_shapley_islands | Island counts (capped to None in training):
  Nesøy: n=118
  Myken: n=92
  Træna: n=286
  Selvær: n=191
  Gjerøy: n=553
  Hestmannøy: n=1055
  Indre Kvarøy: n=349
  Onøy og Lurøy: n=256
  Lovund: n=151
  Sleneset: n=160
  Aldra: n=173
  Southern 1: n=581
  Southern 2: n=397
  Southern 3: n=583
  Southern 5: n=202
2026-03-04 20:25:41 | INFO | src.tmc_shapley_islands | Loaded 923 cached utilities from outputs/tmc_shapley_sweep_all_traits/cache/wing/utility_cache_target_14_seed_989715419.json
2026-03-04 20:25:41 | INFO | src.tmc_shapley_islands | Running TMC-Shapley with 150 permutations (utility on cal set)...
2026-03-04 20:25:41 | INFO | src.tmc_shapley_islands | Computing V_full over all 15 source islands...
2026-03-04 20:25:41 | INFO | src.tmc_shapley_islands | V_full = -0.0183
2026-03-04 20:25:41 | INFO | src.tmc_shapley_islands | TMC head-start: loaded 80 completed permutations from state outputs/tmc_shapley_sweep_all_traits/cache/wing/tmc_perm_state_target_14_seed_989715419.json
2026-03-04 20:27:24 | INFO | src.tmc_shapley_islands | TMC progress: 90/150 permutations done, cache hit rate: 29.1%, n_evals: 107
2026-03-04 20:32:10 | INFO | src.tmc_shapley_islands | TMC progress: 120/150 permutations done, cache hit rate: 32.4%, n_evals: 406
2026-03-04 20:36:40 | INFO | src.tmc_shapley_islands | TMC progress: 150/150 permutations done, cache hit rate: 34.9%, n_evals: 684
2026-03-04 20:36:40 | INFO | src.tmc_shapley_islands | TMC complete: 150 permutations, 0 truncated, 684 utility evals, cache hit rate: 34.9%
2026-03-04 20:36:40 | INFO | src.tmc_shapley_islands | Shapley values (phi, computed on cal set):
2026-03-04 20:36:40 | INFO | src.tmc_shapley_islands |   Nesøy: phi=0.015033, phi/n=0.00012740
2026-03-04 20:36:40 | INFO | src.tmc_shapley_islands |   Myken: phi=0.066515, phi/n=0.00072299
2026-03-04 20:36:40 | INFO | src.tmc_shapley_islands |   Træna: phi=-0.208883, phi/n=-0.00073036
2026-03-04 20:36:40 | INFO | src.tmc_shapley_islands |   Selvær: phi=-0.079772, phi/n=-0.00041765
2026-03-04 20:36:40 | INFO | src.tmc_shapley_islands |   Gjerøy: phi=-0.216579, phi/n=-0.00039164
2026-03-04 20:36:40 | INFO | src.tmc_shapley_islands |   Hestmannøy: phi=0.156226, phi/n=0.00014808
2026-03-04 20:36:40 | INFO | src.tmc_shapley_islands |   Indre Kvarøy: phi=-0.062786, phi/n=-0.00017990
2026-03-04 20:36:40 | INFO | src.tmc_shapley_islands |   Onøy og Lurøy: phi=-0.062959, phi/n=-0.00024593
2026-03-04 20:36:40 | INFO | src.tmc_shapley_islands |   Lovund: phi=-0.016074, phi/n=-0.00010645
2026-03-04 20:36:40 | INFO | src.tmc_shapley_islands |   Sleneset: phi=0.030038, phi/n=0.00018774
2026-03-04 20:36:40 | INFO | src.tmc_shapley_islands |   Aldra: phi=0.266692, phi/n=0.00154157
2026-03-04 20:36:40 | INFO | src.tmc_shapley_islands |   Southern 1: phi=-0.065208, phi/n=-0.00011223
2026-03-04 20:36:40 | INFO | src.tmc_shapley_islands |   Southern 2: phi=0.134605, phi/n=0.00033906
2026-03-04 20:36:40 | INFO | src.tmc_shapley_islands |   Southern 3: phi=0.002056, phi/n=0.00000353
2026-03-04 20:36:40 | INFO | src.tmc_shapley_islands |   Southern 5: phi=0.022796, phi/n=0.00011285
2026-03-04 20:36:40 | INFO | src.tmc_shapley_islands | Curve retraining early stopping: enabled=True, patience=20
2026-03-04 20:36:40 | INFO | src.tmc_shapley_islands | Computing add-islands curve (evaluated on test set)...
2026-03-04 20:36:40 | INFO | src.tmc_shapley_islands | Add-curve (mean): 1 islands, n=173 -> corr=0.0568
2026-03-04 20:36:40 | INFO | src.tmc_shapley_islands | Add-curve (mean): 2 islands, n=265 -> corr=0.0004
2026-03-04 20:36:40 | INFO | src.tmc_shapley_islands | Add-curve (mean): 3 islands, n=662 -> corr=0.0893
2026-03-04 20:36:41 | INFO | src.tmc_shapley_islands | Add-curve (mean): 4 islands, n=822 -> corr=0.0919
2026-03-04 20:36:42 | INFO | src.tmc_shapley_islands | Add-curve (mean): 5 islands, n=1877 -> corr=0.1712
2026-03-04 20:36:42 | INFO | src.tmc_shapley_islands | Add-curve (mean): 6 islands, n=1995 -> corr=0.1544
2026-03-04 20:36:43 | INFO | src.tmc_shapley_islands | Add-curve (mean): 7 islands, n=2197 -> corr=0.1866
2026-03-04 20:36:44 | INFO | src.tmc_shapley_islands | Add-curve (mean): 8 islands, n=2780 -> corr=0.1660
2026-03-04 20:36:45 | INFO | src.tmc_shapley_islands | Add-curve (mean): 9 islands, n=2931 -> corr=0.1724
2026-03-04 20:36:47 | INFO | src.tmc_shapley_islands | Add-curve (mean): 10 islands, n=3512 -> corr=0.1901
2026-03-04 20:36:48 | INFO | src.tmc_shapley_islands | Add-curve (mean): 11 islands, n=3861 -> corr=0.1758
2026-03-04 20:36:50 | INFO | src.tmc_shapley_islands | Add-curve (mean): 12 islands, n=4117 -> corr=0.1710
2026-03-04 20:36:52 | INFO | src.tmc_shapley_islands | Add-curve (mean): 13 islands, n=4670 -> corr=0.1517
2026-03-04 20:36:54 | INFO | src.tmc_shapley_islands | Add-curve (mean): 14 islands, n=4861 -> corr=0.1357
2026-03-04 20:36:57 | INFO | src.tmc_shapley_islands | Add-curve (mean): 15 islands, n=5147 -> corr=0.1270
2026-03-04 20:37:08 | INFO | src.tmc_shapley_islands | Random individual add-curve (seed=0) complete
2026-03-04 20:37:18 | INFO | src.tmc_shapley_islands | Random individual add-curve (seed=1) complete
2026-03-04 20:37:30 | INFO | src.tmc_shapley_islands | Random individual add-curve (seed=2) complete
2026-03-04 20:37:41 | INFO | src.tmc_shapley_islands | Random individual add-curve (seed=3) complete
2026-03-04 20:37:52 | INFO | src.tmc_shapley_islands | Random individual add-curve (seed=4) complete
2026-03-04 20:37:52 | INFO | src.tmc_shapley_islands | Building mirrored remove-islands curve from add-islands curve...
2026-03-04 20:37:52 | INFO | src.tmc_shapley_islands | Saved Shapley values to outputs/tmc_shapley_sweep_all_traits/shards/shard_017/wing/tmp/shapley_island_values_target_14.csv
2026-03-04 20:37:52 | INFO | src.tmc_shapley_islands | Saved summary to outputs/tmc_shapley_sweep_all_traits/shards/shard_017/wing/tmp/tmc_summary_target_14.json
2026-03-04 20:37:52 | INFO | src.tmc_shapley_islands | Saved intermediate ranking trace to outputs/tmc_shapley_sweep_all_traits/shards/shard_017/wing/tmp/tmc_intermediate_rankings_target_14.csv
2026-03-04 20:37:52 | INFO | src.tmc_shapley_islands | Saved add-curve to outputs/tmc_shapley_sweep_all_traits/shards/shard_017/wing/tmp/add_curve_target_14.csv
2026-03-04 20:37:52 | INFO | src.tmc_shapley_islands | Saved remove-curve to outputs/tmc_shapley_sweep_all_traits/shards/shard_017/wing/tmp/remove_curve_target_14.csv
2026-03-04 20:37:52 | INFO | src.tmc_shapley_islands | Saved bar plot to outputs/tmc_shapley_sweep_all_traits/shards/shard_017/wing/tmp/shapley_bar_target_14.png
2026-03-04 20:37:53 | INFO | src.tmc_shapley_islands | Saved add-curve plot to outputs/tmc_shapley_sweep_all_traits/shards/shard_017/wing/tmp/add_curve_target_14.png
2026-03-04 20:37:53 | INFO | src.tmc_shapley_islands | Saved remove-curve plot to outputs/tmc_shapley_sweep_all_traits/shards/shard_017/wing/tmp/remove_curve_target_14.png
2026-03-04 20:37:53 | INFO | __main__ | Shard 17/30 trait=wing progress 56/75 | target=14 n_cal_samples=20 perm=10 repeat=5
2026-03-04 20:37:53 | INFO | src.tmc_shapley_islands | [Shapley] Target island: 14 (Southern 4), source islands: 15
2026-03-04 20:37:54 | INFO | src.tmc_shapley_islands | Data: source=5147 (across 15 islands), cal=20, test=336
2026-03-04 20:37:54 | INFO | src.tmc_shapley_islands | SNP selection: using fixed precomputed subset (n=20000)
2026-03-04 20:37:54 | INFO | src.tmc_shapley_islands | Island counts (capped to None in training):
  Nesøy: n=118
  Myken: n=92
  Træna: n=286
  Selvær: n=191
  Gjerøy: n=553
  Hestmannøy: n=1055
  Indre Kvarøy: n=349
  Onøy og Lurøy: n=256
  Lovund: n=151
  Sleneset: n=160
  Aldra: n=173
  Southern 1: n=581
  Southern 2: n=397
  Southern 3: n=583
  Southern 5: n=202
2026-03-04 20:37:54 | INFO | src.tmc_shapley_islands | Running TMC-Shapley with 10 permutations (utility on cal set)...
2026-03-04 20:37:54 | INFO | src.tmc_shapley_islands | Computing V_full over all 15 source islands...
2026-03-04 20:37:56 | INFO | src.tmc_shapley_islands | V_full = 0.3463
2026-03-04 20:38:25 | INFO | src.tmc_shapley_islands | TMC progress: 2/10 permutations done, cache hit rate: 6.5%, n_evals: 29
2026-03-04 20:38:48 | INFO | src.tmc_shapley_islands | TMC progress: 4/10 permutations done, cache hit rate: 8.2%, n_evals: 56
2026-03-04 20:39:14 | INFO | src.tmc_shapley_islands | TMC progress: 6/10 permutations done, cache hit rate: 8.8%, n_evals: 83
2026-03-04 20:39:39 | INFO | src.tmc_shapley_islands | TMC progress: 8/10 permutations done, cache hit rate: 9.1%, n_evals: 110
2026-03-04 20:40:00 | INFO | src.tmc_shapley_islands | TMC progress: 10/10 permutations done, cache hit rate: 11.9%, n_evals: 133
2026-03-04 20:40:00 | INFO | src.tmc_shapley_islands | TMC complete: 10 permutations, 0 truncated, 133 utility evals, cache hit rate: 11.9%
2026-03-04 20:40:00 | INFO | src.tmc_shapley_islands | Shapley values (phi, computed on cal set):
2026-03-04 20:40:00 | INFO | src.tmc_shapley_islands |   Nesøy: phi=-0.003408, phi/n=-0.00002888
2026-03-04 20:40:00 | INFO | src.tmc_shapley_islands |   Myken: phi=0.066935, phi/n=0.00072755
2026-03-04 20:40:00 | INFO | src.tmc_shapley_islands |   Træna: phi=-0.031740, phi/n=-0.00011098
2026-03-04 20:40:00 | INFO | src.tmc_shapley_islands |   Selvær: phi=-0.104355, phi/n=-0.00054636
2026-03-04 20:40:00 | INFO | src.tmc_shapley_islands |   Gjerøy: phi=0.085361, phi/n=0.00015436
2026-03-04 20:40:00 | INFO | src.tmc_shapley_islands |   Hestmannøy: phi=-0.024827, phi/n=-0.00002353
2026-03-04 20:40:00 | INFO | src.tmc_shapley_islands |   Indre Kvarøy: phi=0.043778, phi/n=0.00012544
2026-03-04 20:40:00 | INFO | src.tmc_shapley_islands |   Onøy og Lurøy: phi=-0.013449, phi/n=-0.00005254
2026-03-04 20:40:00 | INFO | src.tmc_shapley_islands |   Lovund: phi=-0.182779, phi/n=-0.00121046
2026-03-04 20:40:00 | INFO | src.tmc_shapley_islands |   Sleneset: phi=-0.003611, phi/n=-0.00002257
2026-03-04 20:40:00 | INFO | src.tmc_shapley_islands |   Aldra: phi=0.103319, phi/n=0.00059722
2026-03-04 20:40:00 | INFO | src.tmc_shapley_islands |   Southern 1: phi=0.216058, phi/n=0.00037187
2026-03-04 20:40:00 | INFO | src.tmc_shapley_islands |   Southern 2: phi=0.173256, phi/n=0.00043641
2026-03-04 20:40:00 | INFO | src.tmc_shapley_islands |   Southern 3: phi=0.003193, phi/n=0.00000548
2026-03-04 20:40:00 | INFO | src.tmc_shapley_islands |   Southern 5: phi=0.018541, phi/n=0.00009179
2026-03-04 20:40:00 | INFO | src.tmc_shapley_islands | Curve retraining early stopping: enabled=True, patience=20
2026-03-04 20:40:00 | INFO | src.tmc_shapley_islands | Computing add-islands curve (evaluated on test set)...
2026-03-04 20:40:00 | INFO | src.tmc_shapley_islands | Add-curve (mean): 1 islands, n=92 -> corr=-0.0674
2026-03-04 20:40:00 | INFO | src.tmc_shapley_islands | Add-curve (mean): 2 islands, n=265 -> corr=-0.0141
2026-03-04 20:40:00 | INFO | src.tmc_shapley_islands | Add-curve (mean): 3 islands, n=662 -> corr=0.0088
2026-03-04 20:40:01 | INFO | src.tmc_shapley_islands | Add-curve (mean): 4 islands, n=1243 -> corr=0.1062
2026-03-04 20:40:02 | INFO | src.tmc_shapley_islands | Add-curve (mean): 5 islands, n=1796 -> corr=0.0958
2026-03-04 20:40:02 | INFO | src.tmc_shapley_islands | Add-curve (mean): 6 islands, n=2145 -> corr=0.0854
2026-03-04 20:40:03 | INFO | src.tmc_shapley_islands | Add-curve (mean): 7 islands, n=2347 -> corr=0.1225
2026-03-04 20:40:04 | INFO | src.tmc_shapley_islands | Add-curve (mean): 8 islands, n=2930 -> corr=0.1059
2026-03-04 20:40:06 | INFO | src.tmc_shapley_islands | Add-curve (mean): 9 islands, n=3090 -> corr=0.1148
2026-03-04 20:40:07 | INFO | src.tmc_shapley_islands | Add-curve (mean): 10 islands, n=4145 -> corr=0.1465
2026-03-04 20:40:09 | INFO | src.tmc_shapley_islands | Add-curve (mean): 11 islands, n=4263 -> corr=0.1447
2026-03-04 20:40:11 | INFO | src.tmc_shapley_islands | Add-curve (mean): 12 islands, n=4519 -> corr=0.1535
2026-03-04 20:40:13 | INFO | src.tmc_shapley_islands | Add-curve (mean): 13 islands, n=4805 -> corr=0.1488
2026-03-04 20:40:16 | INFO | src.tmc_shapley_islands | Add-curve (mean): 14 islands, n=4996 -> corr=0.1443
2026-03-04 20:40:18 | INFO | src.tmc_shapley_islands | Add-curve (mean): 15 islands, n=5147 -> corr=0.1434
2026-03-04 20:40:30 | INFO | src.tmc_shapley_islands | Random individual add-curve (seed=0) complete
2026-03-04 20:40:42 | INFO | src.tmc_shapley_islands | Random individual add-curve (seed=1) complete
2026-03-04 20:40:54 | INFO | src.tmc_shapley_islands | Random individual add-curve (seed=2) complete
2026-03-04 20:41:07 | INFO | src.tmc_shapley_islands | Random individual add-curve (seed=3) complete
2026-03-04 20:41:19 | INFO | src.tmc_shapley_islands | Random individual add-curve (seed=4) complete
2026-03-04 20:41:19 | INFO | src.tmc_shapley_islands | Building mirrored remove-islands curve from add-islands curve...
2026-03-04 20:41:19 | INFO | src.tmc_shapley_islands | Saved Shapley values to outputs/tmc_shapley_sweep_all_traits/shards/shard_017/wing/tmp/shapley_island_values_target_14.csv
2026-03-04 20:41:19 | INFO | src.tmc_shapley_islands | Saved summary to outputs/tmc_shapley_sweep_all_traits/shards/shard_017/wing/tmp/tmc_summary_target_14.json
2026-03-04 20:41:19 | INFO | src.tmc_shapley_islands | Saved intermediate ranking trace to outputs/tmc_shapley_sweep_all_traits/shards/shard_017/wing/tmp/tmc_intermediate_rankings_target_14.csv
2026-03-04 20:41:19 | INFO | src.tmc_shapley_islands | Saved add-curve to outputs/tmc_shapley_sweep_all_traits/shards/shard_017/wing/tmp/add_curve_target_14.csv
2026-03-04 20:41:19 | INFO | src.tmc_shapley_islands | Saved remove-curve to outputs/tmc_shapley_sweep_all_traits/shards/shard_017/wing/tmp/remove_curve_target_14.csv
2026-03-04 20:41:20 | INFO | src.tmc_shapley_islands | Saved bar plot to outputs/tmc_shapley_sweep_all_traits/shards/shard_017/wing/tmp/shapley_bar_target_14.png
2026-03-04 20:41:20 | INFO | src.tmc_shapley_islands | Saved add-curve plot to outputs/tmc_shapley_sweep_all_traits/shards/shard_017/wing/tmp/add_curve_target_14.png
2026-03-04 20:41:21 | INFO | src.tmc_shapley_islands | Saved remove-curve plot to outputs/tmc_shapley_sweep_all_traits/shards/shard_017/wing/tmp/remove_curve_target_14.png
2026-03-04 20:41:21 | INFO | __main__ | Shard 17/30 trait=wing progress 57/75 | target=14 n_cal_samples=20 perm=20 repeat=5
2026-03-04 20:41:21 | INFO | src.tmc_shapley_islands | [Shapley] Target island: 14 (Southern 4), source islands: 15
2026-03-04 20:41:21 | INFO | src.tmc_shapley_islands | Data: source=5147 (across 15 islands), cal=20, test=336
2026-03-04 20:41:21 | INFO | src.tmc_shapley_islands | SNP selection: using fixed precomputed subset (n=20000)
2026-03-04 20:41:21 | INFO | src.tmc_shapley_islands | Island counts (capped to None in training):
  Nesøy: n=118
  Myken: n=92
  Træna: n=286
  Selvær: n=191
  Gjerøy: n=553
  Hestmannøy: n=1055
  Indre Kvarøy: n=349
  Onøy og Lurøy: n=256
  Lovund: n=151
  Sleneset: n=160
  Aldra: n=173
  Southern 1: n=581
  Southern 2: n=397
  Southern 3: n=583
  Southern 5: n=202
2026-03-04 20:41:21 | INFO | src.tmc_shapley_islands | Loaded 133 cached utilities from outputs/tmc_shapley_sweep_all_traits/cache/wing/utility_cache_target_14_seed_1778879212.json
2026-03-04 20:41:21 | INFO | src.tmc_shapley_islands | Running TMC-Shapley with 20 permutations (utility on cal set)...
2026-03-04 20:41:21 | INFO | src.tmc_shapley_islands | Computing V_full over all 15 source islands...
2026-03-04 20:41:21 | INFO | src.tmc_shapley_islands | V_full = 0.3463
2026-03-04 20:41:21 | INFO | src.tmc_shapley_islands | TMC head-start: loaded 10 completed permutations from state outputs/tmc_shapley_sweep_all_traits/cache/wing/tmc_perm_state_target_14_seed_1778879212.json
2026-03-04 20:41:44 | INFO | src.tmc_shapley_islands | TMC progress: 12/20 permutations done, cache hit rate: 19.4%, n_evals: 25
2026-03-04 20:42:35 | INFO | src.tmc_shapley_islands | TMC progress: 16/20 permutations done, cache hit rate: 19.8%, n_evals: 73
2026-03-04 20:43:25 | INFO | src.tmc_shapley_islands | TMC progress: 20/20 permutations done, cache hit rate: 20.5%, n_evals: 120
2026-03-04 20:43:25 | INFO | src.tmc_shapley_islands | TMC complete: 20 permutations, 0 truncated, 120 utility evals, cache hit rate: 20.5%
2026-03-04 20:43:25 | INFO | src.tmc_shapley_islands | Shapley values (phi, computed on cal set):
2026-03-04 20:43:25 | INFO | src.tmc_shapley_islands |   Nesøy: phi=-0.007295, phi/n=-0.00006183
2026-03-04 20:43:25 | INFO | src.tmc_shapley_islands |   Myken: phi=0.047857, phi/n=0.00052018
2026-03-04 20:43:25 | INFO | src.tmc_shapley_islands |   Træna: phi=-0.032149, phi/n=-0.00011241
2026-03-04 20:43:25 | INFO | src.tmc_shapley_islands |   Selvær: phi=-0.096377, phi/n=-0.00050459
2026-03-04 20:43:25 | INFO | src.tmc_shapley_islands |   Gjerøy: phi=0.072918, phi/n=0.00013186
2026-03-04 20:43:25 | INFO | src.tmc_shapley_islands |   Hestmannøy: phi=-0.023546, phi/n=-0.00002232
2026-03-04 20:43:25 | INFO | src.tmc_shapley_islands |   Indre Kvarøy: phi=0.036042, phi/n=0.00010327
2026-03-04 20:43:25 | INFO | src.tmc_shapley_islands |   Onøy og Lurøy: phi=-0.015183, phi/n=-0.00005931
2026-03-04 20:43:25 | INFO | src.tmc_shapley_islands |   Lovund: phi=-0.134270, phi/n=-0.00088921
2026-03-04 20:43:25 | INFO | src.tmc_shapley_islands |   Sleneset: phi=-0.001338, phi/n=-0.00000836
2026-03-04 20:43:25 | INFO | src.tmc_shapley_islands |   Aldra: phi=0.093909, phi/n=0.00054283
2026-03-04 20:43:25 | INFO | src.tmc_shapley_islands |   Southern 1: phi=0.206662, phi/n=0.00035570
2026-03-04 20:43:25 | INFO | src.tmc_shapley_islands |   Southern 2: phi=0.177914, phi/n=0.00044815
2026-03-04 20:43:25 | INFO | src.tmc_shapley_islands |   Southern 3: phi=0.010127, phi/n=0.00001737
2026-03-04 20:43:25 | INFO | src.tmc_shapley_islands |   Southern 5: phi=0.010999, phi/n=0.00005445
2026-03-04 20:43:25 | INFO | src.tmc_shapley_islands | Curve retraining early stopping: enabled=True, patience=20
2026-03-04 20:43:25 | INFO | src.tmc_shapley_islands | Computing add-islands curve (evaluated on test set)...
2026-03-04 20:43:26 | INFO | src.tmc_shapley_islands | Add-curve (mean): 1 islands, n=173 -> corr=0.0272
2026-03-04 20:43:26 | INFO | src.tmc_shapley_islands | Add-curve (mean): 2 islands, n=265 -> corr=-0.0141
2026-03-04 20:43:26 | INFO | src.tmc_shapley_islands | Add-curve (mean): 3 islands, n=662 -> corr=0.0088
2026-03-04 20:43:26 | INFO | src.tmc_shapley_islands | Add-curve (mean): 4 islands, n=1243 -> corr=0.1062
2026-03-04 20:43:27 | INFO | src.tmc_shapley_islands | Add-curve (mean): 5 islands, n=1796 -> corr=0.0958
2026-03-04 20:43:28 | INFO | src.tmc_shapley_islands | Add-curve (mean): 6 islands, n=2145 -> corr=0.0854
2026-03-04 20:43:29 | INFO | src.tmc_shapley_islands | Add-curve (mean): 7 islands, n=2347 -> corr=0.1225
2026-03-04 20:43:30 | INFO | src.tmc_shapley_islands | Add-curve (mean): 8 islands, n=2930 -> corr=0.1059
2026-03-04 20:43:31 | INFO | src.tmc_shapley_islands | Add-curve (mean): 9 islands, n=3090 -> corr=0.1148
2026-03-04 20:43:33 | INFO | src.tmc_shapley_islands | Add-curve (mean): 10 islands, n=4145 -> corr=0.1465
2026-03-04 20:43:35 | INFO | src.tmc_shapley_islands | Add-curve (mean): 11 islands, n=4401 -> corr=0.1552
2026-03-04 20:43:37 | INFO | src.tmc_shapley_islands | Add-curve (mean): 12 islands, n=4519 -> corr=0.1535
2026-03-04 20:43:39 | INFO | src.tmc_shapley_islands | Add-curve (mean): 13 islands, n=4805 -> corr=0.1488
2026-03-04 20:43:41 | INFO | src.tmc_shapley_islands | Add-curve (mean): 14 islands, n=4996 -> corr=0.1443
2026-03-04 20:43:44 | INFO | src.tmc_shapley_islands | Add-curve (mean): 15 islands, n=5147 -> corr=0.1434
2026-03-04 20:43:56 | INFO | src.tmc_shapley_islands | Random individual add-curve (seed=0) complete
2026-03-04 20:44:08 | INFO | src.tmc_shapley_islands | Random individual add-curve (seed=1) complete
2026-03-04 20:44:21 | INFO | src.tmc_shapley_islands | Random individual add-curve (seed=2) complete
2026-03-04 20:44:33 | INFO | src.tmc_shapley_islands | Random individual add-curve (seed=3) complete
2026-03-04 20:44:46 | INFO | src.tmc_shapley_islands | Random individual add-curve (seed=4) complete
2026-03-04 20:44:46 | INFO | src.tmc_shapley_islands | Building mirrored remove-islands curve from add-islands curve...
2026-03-04 20:44:46 | INFO | src.tmc_shapley_islands | Saved Shapley values to outputs/tmc_shapley_sweep_all_traits/shards/shard_017/wing/tmp/shapley_island_values_target_14.csv
2026-03-04 20:44:46 | INFO | src.tmc_shapley_islands | Saved summary to outputs/tmc_shapley_sweep_all_traits/shards/shard_017/wing/tmp/tmc_summary_target_14.json
2026-03-04 20:44:46 | INFO | src.tmc_shapley_islands | Saved intermediate ranking trace to outputs/tmc_shapley_sweep_all_traits/shards/shard_017/wing/tmp/tmc_intermediate_rankings_target_14.csv
2026-03-04 20:44:46 | INFO | src.tmc_shapley_islands | Saved add-curve to outputs/tmc_shapley_sweep_all_traits/shards/shard_017/wing/tmp/add_curve_target_14.csv
2026-03-04 20:44:46 | INFO | src.tmc_shapley_islands | Saved remove-curve to outputs/tmc_shapley_sweep_all_traits/shards/shard_017/wing/tmp/remove_curve_target_14.csv
2026-03-04 20:44:46 | INFO | src.tmc_shapley_islands | Saved bar plot to outputs/tmc_shapley_sweep_all_traits/shards/shard_017/wing/tmp/shapley_bar_target_14.png
2026-03-04 20:44:47 | INFO | src.tmc_shapley_islands | Saved add-curve plot to outputs/tmc_shapley_sweep_all_traits/shards/shard_017/wing/tmp/add_curve_target_14.png
2026-03-04 20:44:47 | INFO | src.tmc_shapley_islands | Saved remove-curve plot to outputs/tmc_shapley_sweep_all_traits/shards/shard_017/wing/tmp/remove_curve_target_14.png
2026-03-04 20:44:47 | INFO | __main__ | Shard 17/30 trait=wing progress 58/75 | target=14 n_cal_samples=20 perm=40 repeat=5
2026-03-04 20:44:47 | INFO | src.tmc_shapley_islands | [Shapley] Target island: 14 (Southern 4), source islands: 15
2026-03-04 20:44:48 | INFO | src.tmc_shapley_islands | Data: source=5147 (across 15 islands), cal=20, test=336
2026-03-04 20:44:48 | INFO | src.tmc_shapley_islands | SNP selection: using fixed precomputed subset (n=20000)
2026-03-04 20:44:48 | INFO | src.tmc_shapley_islands | Island counts (capped to None in training):
  Nesøy: n=118
  Myken: n=92
  Træna: n=286
  Selvær: n=191
  Gjerøy: n=553
  Hestmannøy: n=1055
  Indre Kvarøy: n=349
  Onøy og Lurøy: n=256
  Lovund: n=151
  Sleneset: n=160
  Aldra: n=173
  Southern 1: n=581
  Southern 2: n=397
  Southern 3: n=583
  Southern 5: n=202
2026-03-04 20:44:48 | INFO | src.tmc_shapley_islands | Loaded 253 cached utilities from outputs/tmc_shapley_sweep_all_traits/cache/wing/utility_cache_target_14_seed_1778879212.json
2026-03-04 20:44:48 | INFO | src.tmc_shapley_islands | Running TMC-Shapley with 40 permutations (utility on cal set)...
2026-03-04 20:44:48 | INFO | src.tmc_shapley_islands | Computing V_full over all 15 source islands...
2026-03-04 20:44:48 | INFO | src.tmc_shapley_islands | V_full = 0.3463
2026-03-04 20:44:48 | INFO | src.tmc_shapley_islands | TMC head-start: loaded 20 completed permutations from state outputs/tmc_shapley_sweep_all_traits/cache/wing/tmc_perm_state_target_14_seed_1778879212.json
2026-03-04 20:45:41 | INFO | src.tmc_shapley_islands | TMC progress: 24/40 permutations done, cache hit rate: 18.0%, n_evals: 50
2026-03-04 20:47:09 | INFO | src.tmc_shapley_islands | TMC progress: 32/40 permutations done, cache hit rate: 21.5%, n_evals: 142
2026-03-04 20:48:42 | INFO | src.tmc_shapley_islands | TMC progress: 40/40 permutations done, cache hit rate: 21.9%, n_evals: 235
2026-03-04 20:48:42 | INFO | src.tmc_shapley_islands | TMC complete: 40 permutations, 0 truncated, 235 utility evals, cache hit rate: 21.9%
2026-03-04 20:48:42 | INFO | src.tmc_shapley_islands | Shapley values (phi, computed on cal set):
2026-03-04 20:48:42 | INFO | src.tmc_shapley_islands |   Nesøy: phi=-0.009243, phi/n=-0.00007833
2026-03-04 20:48:42 | INFO | src.tmc_shapley_islands |   Myken: phi=0.052209, phi/n=0.00056749
2026-03-04 20:48:42 | INFO | src.tmc_shapley_islands |   Træna: phi=-0.026451, phi/n=-0.00009249
2026-03-04 20:48:42 | INFO | src.tmc_shapley_islands |   Selvær: phi=-0.098390, phi/n=-0.00051513
2026-03-04 20:48:42 | INFO | src.tmc_shapley_islands |   Gjerøy: phi=0.070439, phi/n=0.00012738
2026-03-04 20:48:42 | INFO | src.tmc_shapley_islands |   Hestmannøy: phi=-0.006366, phi/n=-0.00000603
2026-03-04 20:48:42 | INFO | src.tmc_shapley_islands |   Indre Kvarøy: phi=0.026366, phi/n=0.00007555
2026-03-04 20:48:42 | INFO | src.tmc_shapley_islands |   Onøy og Lurøy: phi=-0.009552, phi/n=-0.00003731
2026-03-04 20:48:42 | INFO | src.tmc_shapley_islands |   Lovund: phi=-0.132803, phi/n=-0.00087949
2026-03-04 20:48:42 | INFO | src.tmc_shapley_islands |   Sleneset: phi=0.001281, phi/n=0.00000801
2026-03-04 20:48:42 | INFO | src.tmc_shapley_islands |   Aldra: phi=0.084118, phi/n=0.00048623
2026-03-04 20:48:42 | INFO | src.tmc_shapley_islands |   Southern 1: phi=0.174870, phi/n=0.00030098
2026-03-04 20:48:42 | INFO | src.tmc_shapley_islands |   Southern 2: phi=0.204704, phi/n=0.00051563
2026-03-04 20:48:42 | INFO | src.tmc_shapley_islands |   Southern 3: phi=0.012828, phi/n=0.00002200
2026-03-04 20:48:42 | INFO | src.tmc_shapley_islands |   Southern 5: phi=0.002259, phi/n=0.00001118
2026-03-04 20:48:42 | INFO | src.tmc_shapley_islands | Curve retraining early stopping: enabled=True, patience=20
2026-03-04 20:48:42 | INFO | src.tmc_shapley_islands | Computing add-islands curve (evaluated on test set)...
2026-03-04 20:48:42 | INFO | src.tmc_shapley_islands | Add-curve (mean): 1 islands, n=92 -> corr=-0.0674
2026-03-04 20:48:42 | INFO | src.tmc_shapley_islands | Add-curve (mean): 2 islands, n=489 -> corr=-0.0036
2026-03-04 20:48:42 | INFO | src.tmc_shapley_islands | Add-curve (mean): 3 islands, n=662 -> corr=0.0088
2026-03-04 20:48:43 | INFO | src.tmc_shapley_islands | Add-curve (mean): 4 islands, n=1243 -> corr=0.1062
2026-03-04 20:48:44 | INFO | src.tmc_shapley_islands | Add-curve (mean): 5 islands, n=1796 -> corr=0.0958
2026-03-04 20:48:44 | INFO | src.tmc_shapley_islands | Add-curve (mean): 6 islands, n=2145 -> corr=0.0854
2026-03-04 20:48:45 | INFO | src.tmc_shapley_islands | Add-curve (mean): 7 islands, n=2728 -> corr=0.0719
2026-03-04 20:48:47 | INFO | src.tmc_shapley_islands | Add-curve (mean): 8 islands, n=2930 -> corr=0.1059
2026-03-04 20:48:48 | INFO | src.tmc_shapley_islands | Add-curve (mean): 9 islands, n=3090 -> corr=0.1148
2026-03-04 20:48:49 | INFO | src.tmc_shapley_islands | Add-curve (mean): 10 islands, n=4145 -> corr=0.1465
2026-03-04 20:48:51 | INFO | src.tmc_shapley_islands | Add-curve (mean): 11 islands, n=4401 -> corr=0.1552
2026-03-04 20:48:53 | INFO | src.tmc_shapley_islands | Add-curve (mean): 12 islands, n=4519 -> corr=0.1535
2026-03-04 20:48:56 | INFO | src.tmc_shapley_islands | Add-curve (mean): 13 islands, n=4805 -> corr=0.1488
2026-03-04 20:48:58 | INFO | src.tmc_shapley_islands | Add-curve (mean): 14 islands, n=4996 -> corr=0.1443
2026-03-04 20:49:00 | INFO | src.tmc_shapley_islands | Add-curve (mean): 15 islands, n=5147 -> corr=0.1434
2026-03-04 20:49:13 | INFO | src.tmc_shapley_islands | Random individual add-curve (seed=0) complete
2026-03-04 20:49:26 | INFO | src.tmc_shapley_islands | Random individual add-curve (seed=1) complete
2026-03-04 20:49:38 | INFO | src.tmc_shapley_islands | Random individual add-curve (seed=2) complete
2026-03-04 20:49:51 | INFO | src.tmc_shapley_islands | Random individual add-curve (seed=3) complete
2026-03-04 20:50:04 | INFO | src.tmc_shapley_islands | Random individual add-curve (seed=4) complete
2026-03-04 20:50:04 | INFO | src.tmc_shapley_islands | Building mirrored remove-islands curve from add-islands curve...
2026-03-04 20:50:04 | INFO | src.tmc_shapley_islands | Saved Shapley values to outputs/tmc_shapley_sweep_all_traits/shards/shard_017/wing/tmp/shapley_island_values_target_14.csv
2026-03-04 20:50:04 | INFO | src.tmc_shapley_islands | Saved summary to outputs/tmc_shapley_sweep_all_traits/shards/shard_017/wing/tmp/tmc_summary_target_14.json
2026-03-04 20:50:04 | INFO | src.tmc_shapley_islands | Saved intermediate ranking trace to outputs/tmc_shapley_sweep_all_traits/shards/shard_017/wing/tmp/tmc_intermediate_rankings_target_14.csv
2026-03-04 20:50:04 | INFO | src.tmc_shapley_islands | Saved add-curve to outputs/tmc_shapley_sweep_all_traits/shards/shard_017/wing/tmp/add_curve_target_14.csv
2026-03-04 20:50:04 | INFO | src.tmc_shapley_islands | Saved remove-curve to outputs/tmc_shapley_sweep_all_traits/shards/shard_017/wing/tmp/remove_curve_target_14.csv
2026-03-04 20:50:04 | INFO | src.tmc_shapley_islands | Saved bar plot to outputs/tmc_shapley_sweep_all_traits/shards/shard_017/wing/tmp/shapley_bar_target_14.png
2026-03-04 20:50:05 | INFO | src.tmc_shapley_islands | Saved add-curve plot to outputs/tmc_shapley_sweep_all_traits/shards/shard_017/wing/tmp/add_curve_target_14.png
2026-03-04 20:50:05 | INFO | src.tmc_shapley_islands | Saved remove-curve plot to outputs/tmc_shapley_sweep_all_traits/shards/shard_017/wing/tmp/remove_curve_target_14.png
2026-03-04 20:50:05 | INFO | __main__ | Shard 17/30 trait=wing progress 59/75 | target=14 n_cal_samples=20 perm=80 repeat=5
2026-03-04 20:50:05 | INFO | src.tmc_shapley_islands | [Shapley] Target island: 14 (Southern 4), source islands: 15
2026-03-04 20:50:06 | INFO | src.tmc_shapley_islands | Data: source=5147 (across 15 islands), cal=20, test=336
2026-03-04 20:50:06 | INFO | src.tmc_shapley_islands | SNP selection: using fixed precomputed subset (n=20000)
2026-03-04 20:50:06 | INFO | src.tmc_shapley_islands | Island counts (capped to None in training):
  Nesøy: n=118
  Myken: n=92
  Træna: n=286
  Selvær: n=191
  Gjerøy: n=553
  Hestmannøy: n=1055
  Indre Kvarøy: n=349
  Onøy og Lurøy: n=256
  Lovund: n=151
  Sleneset: n=160
  Aldra: n=173
  Southern 1: n=581
  Southern 2: n=397
  Southern 3: n=583
  Southern 5: n=202
2026-03-04 20:50:06 | INFO | src.tmc_shapley_islands | Loaded 488 cached utilities from outputs/tmc_shapley_sweep_all_traits/cache/wing/utility_cache_target_14_seed_1778879212.json
2026-03-04 20:50:06 | INFO | src.tmc_shapley_islands | Running TMC-Shapley with 80 permutations (utility on cal set)...
2026-03-04 20:50:06 | INFO | src.tmc_shapley_islands | Computing V_full over all 15 source islands...
2026-03-04 20:50:06 | INFO | src.tmc_shapley_islands | V_full = 0.3463
2026-03-04 20:50:06 | INFO | src.tmc_shapley_islands | TMC head-start: loaded 40 completed permutations from state outputs/tmc_shapley_sweep_all_traits/cache/wing/tmc_perm_state_target_14_seed_1778879212.json
2026-03-04 20:51:32 | INFO | src.tmc_shapley_islands | TMC progress: 48/80 permutations done, cache hit rate: 28.9%, n_evals: 86
2026-03-04 20:54:22 | INFO | src.tmc_shapley_islands | TMC progress: 64/80 permutations done, cache hit rate: 26.0%, n_evals: 267
2026-03-04 20:57:00 | INFO | src.tmc_shapley_islands | TMC progress: 80/80 permutations done, cache hit rate: 27.3%, n_evals: 437
2026-03-04 20:57:00 | INFO | src.tmc_shapley_islands | TMC complete: 80 permutations, 0 truncated, 437 utility evals, cache hit rate: 27.3%
2026-03-04 20:57:00 | INFO | src.tmc_shapley_islands | Shapley values (phi, computed on cal set):
2026-03-04 20:57:00 | INFO | src.tmc_shapley_islands |   Nesøy: phi=-0.009971, phi/n=-0.00008450
2026-03-04 20:57:00 | INFO | src.tmc_shapley_islands |   Myken: phi=0.049653, phi/n=0.00053970
2026-03-04 20:57:00 | INFO | src.tmc_shapley_islands |   Træna: phi=-0.028143, phi/n=-0.00009840
2026-03-04 20:57:00 | INFO | src.tmc_shapley_islands |   Selvær: phi=-0.100622, phi/n=-0.00052682
2026-03-04 20:57:00 | INFO | src.tmc_shapley_islands |   Gjerøy: phi=0.083094, phi/n=0.00015026
2026-03-04 20:57:00 | INFO | src.tmc_shapley_islands |   Hestmannøy: phi=-0.013958, phi/n=-0.00001323
2026-03-04 20:57:00 | INFO | src.tmc_shapley_islands |   Indre Kvarøy: phi=0.032389, phi/n=0.00009280
2026-03-04 20:57:00 | INFO | src.tmc_shapley_islands |   Onøy og Lurøy: phi=-0.014436, phi/n=-0.00005639
2026-03-04 20:57:00 | INFO | src.tmc_shapley_islands |   Lovund: phi=-0.137545, phi/n=-0.00091089
2026-03-04 20:57:00 | INFO | src.tmc_shapley_islands |   Sleneset: phi=0.005618, phi/n=0.00003511
2026-03-04 20:57:00 | INFO | src.tmc_shapley_islands |   Aldra: phi=0.077681, phi/n=0.00044902
2026-03-04 20:57:00 | INFO | src.tmc_shapley_islands |   Southern 1: phi=0.163499, phi/n=0.00028141
2026-03-04 20:57:00 | INFO | src.tmc_shapley_islands |   Southern 2: phi=0.229623, phi/n=0.00057840
2026-03-04 20:57:00 | INFO | src.tmc_shapley_islands |   Southern 3: phi=0.010811, phi/n=0.00001854
2026-03-04 20:57:00 | INFO | src.tmc_shapley_islands |   Southern 5: phi=-0.001422, phi/n=-0.00000704
2026-03-04 20:57:00 | INFO | src.tmc_shapley_islands | Curve retraining early stopping: enabled=True, patience=20
2026-03-04 20:57:00 | INFO | src.tmc_shapley_islands | Computing add-islands curve (evaluated on test set)...
2026-03-04 20:57:01 | INFO | src.tmc_shapley_islands | Add-curve (mean): 1 islands, n=397 -> corr=0.0122
2026-03-04 20:57:01 | INFO | src.tmc_shapley_islands | Add-curve (mean): 2 islands, n=489 -> corr=-0.0036
2026-03-04 20:57:01 | INFO | src.tmc_shapley_islands | Add-curve (mean): 3 islands, n=662 -> corr=0.0088
2026-03-04 20:57:02 | INFO | src.tmc_shapley_islands | Add-curve (mean): 4 islands, n=1243 -> corr=0.1062
2026-03-04 20:57:02 | INFO | src.tmc_shapley_islands | Add-curve (mean): 5 islands, n=1796 -> corr=0.0958
2026-03-04 20:57:03 | INFO | src.tmc_shapley_islands | Add-curve (mean): 6 islands, n=2145 -> corr=0.0854
2026-03-04 20:57:04 | INFO | src.tmc_shapley_islands | Add-curve (mean): 7 islands, n=2305 -> corr=0.0981
2026-03-04 20:57:05 | INFO | src.tmc_shapley_islands | Add-curve (mean): 8 islands, n=2888 -> corr=0.0845
2026-03-04 20:57:07 | INFO | src.tmc_shapley_islands | Add-curve (mean): 9 islands, n=3090 -> corr=0.1148
2026-03-04 20:57:08 | INFO | src.tmc_shapley_islands | Add-curve (mean): 10 islands, n=4145 -> corr=0.1465
2026-03-04 20:57:10 | INFO | src.tmc_shapley_islands | Add-curve (mean): 11 islands, n=4401 -> corr=0.1552
2026-03-04 20:57:12 | INFO | src.tmc_shapley_islands | Add-curve (mean): 12 islands, n=4519 -> corr=0.1535
2026-03-04 20:57:14 | INFO | src.tmc_shapley_islands | Add-curve (mean): 13 islands, n=4805 -> corr=0.1488
2026-03-04 20:57:17 | INFO | src.tmc_shapley_islands | Add-curve (mean): 14 islands, n=4996 -> corr=0.1443
2026-03-04 20:57:19 | INFO | src.tmc_shapley_islands | Add-curve (mean): 15 islands, n=5147 -> corr=0.1434
2026-03-04 20:57:32 | INFO | src.tmc_shapley_islands | Random individual add-curve (seed=0) complete
2026-03-04 20:57:44 | INFO | src.tmc_shapley_islands | Random individual add-curve (seed=1) complete
2026-03-04 20:57:56 | INFO | src.tmc_shapley_islands | Random individual add-curve (seed=2) complete
2026-03-04 20:58:09 | INFO | src.tmc_shapley_islands | Random individual add-curve (seed=3) complete
2026-03-04 20:58:21 | INFO | src.tmc_shapley_islands | Random individual add-curve (seed=4) complete
2026-03-04 20:58:21 | INFO | src.tmc_shapley_islands | Building mirrored remove-islands curve from add-islands curve...
2026-03-04 20:58:21 | INFO | src.tmc_shapley_islands | Saved Shapley values to outputs/tmc_shapley_sweep_all_traits/shards/shard_017/wing/tmp/shapley_island_values_target_14.csv
2026-03-04 20:58:21 | INFO | src.tmc_shapley_islands | Saved summary to outputs/tmc_shapley_sweep_all_traits/shards/shard_017/wing/tmp/tmc_summary_target_14.json
2026-03-04 20:58:22 | INFO | src.tmc_shapley_islands | Saved intermediate ranking trace to outputs/tmc_shapley_sweep_all_traits/shards/shard_017/wing/tmp/tmc_intermediate_rankings_target_14.csv
2026-03-04 20:58:22 | INFO | src.tmc_shapley_islands | Saved add-curve to outputs/tmc_shapley_sweep_all_traits/shards/shard_017/wing/tmp/add_curve_target_14.csv
2026-03-04 20:58:22 | INFO | src.tmc_shapley_islands | Saved remove-curve to outputs/tmc_shapley_sweep_all_traits/shards/shard_017/wing/tmp/remove_curve_target_14.csv
2026-03-04 20:58:22 | INFO | src.tmc_shapley_islands | Saved bar plot to outputs/tmc_shapley_sweep_all_traits/shards/shard_017/wing/tmp/shapley_bar_target_14.png
2026-03-04 20:58:23 | INFO | src.tmc_shapley_islands | Saved add-curve plot to outputs/tmc_shapley_sweep_all_traits/shards/shard_017/wing/tmp/add_curve_target_14.png
2026-03-04 20:58:23 | INFO | src.tmc_shapley_islands | Saved remove-curve plot to outputs/tmc_shapley_sweep_all_traits/shards/shard_017/wing/tmp/remove_curve_target_14.png
2026-03-04 20:58:23 | INFO | __main__ | Shard 17/30 trait=wing progress 60/75 | target=14 n_cal_samples=20 perm=150 repeat=5
2026-03-04 20:58:23 | INFO | src.tmc_shapley_islands | [Shapley] Target island: 14 (Southern 4), source islands: 15
2026-03-04 20:58:24 | INFO | src.tmc_shapley_islands | Data: source=5147 (across 15 islands), cal=20, test=336
2026-03-04 20:58:24 | INFO | src.tmc_shapley_islands | SNP selection: using fixed precomputed subset (n=20000)
2026-03-04 20:58:24 | INFO | src.tmc_shapley_islands | Island counts (capped to None in training):
  Nesøy: n=118
  Myken: n=92
  Træna: n=286
  Selvær: n=191
  Gjerøy: n=553
  Hestmannøy: n=1055
  Indre Kvarøy: n=349
  Onøy og Lurøy: n=256
  Lovund: n=151
  Sleneset: n=160
  Aldra: n=173
  Southern 1: n=581
  Southern 2: n=397
  Southern 3: n=583
  Southern 5: n=202
2026-03-04 20:58:24 | INFO | src.tmc_shapley_islands | Loaded 925 cached utilities from outputs/tmc_shapley_sweep_all_traits/cache/wing/utility_cache_target_14_seed_1778879212.json
2026-03-04 20:58:24 | INFO | src.tmc_shapley_islands | Running TMC-Shapley with 150 permutations (utility on cal set)...
2026-03-04 20:58:24 | INFO | src.tmc_shapley_islands | Computing V_full over all 15 source islands...
2026-03-04 20:58:24 | INFO | src.tmc_shapley_islands | V_full = 0.3463
2026-03-04 20:58:24 | INFO | src.tmc_shapley_islands | TMC head-start: loaded 80 completed permutations from state outputs/tmc_shapley_sweep_all_traits/cache/wing/tmc_perm_state_target_14_seed_1778879212.json
2026-03-04 21:00:15 | INFO | src.tmc_shapley_islands | TMC progress: 90/150 permutations done, cache hit rate: 28.5%, n_evals: 108
2026-03-04 21:05:06 | INFO | src.tmc_shapley_islands | TMC progress: 120/150 permutations done, cache hit rate: 31.6%, n_evals: 411
2026-03-04 21:10:00 | INFO | src.tmc_shapley_islands | TMC progress: 150/150 permutations done, cache hit rate: 34.0%, n_evals: 694
2026-03-04 21:10:00 | INFO | src.tmc_shapley_islands | TMC complete: 150 permutations, 0 truncated, 694 utility evals, cache hit rate: 34.0%
2026-03-04 21:10:00 | INFO | src.tmc_shapley_islands | Shapley values (phi, computed on cal set):
2026-03-04 21:10:00 | INFO | src.tmc_shapley_islands |   Nesøy: phi=-0.008989, phi/n=-0.00007618
2026-03-04 21:10:00 | INFO | src.tmc_shapley_islands |   Myken: phi=0.047527, phi/n=0.00051660
2026-03-04 21:10:00 | INFO | src.tmc_shapley_islands |   Træna: phi=-0.030637, phi/n=-0.00010712
2026-03-04 21:10:00 | INFO | src.tmc_shapley_islands |   Selvær: phi=-0.095389, phi/n=-0.00049942
2026-03-04 21:10:00 | INFO | src.tmc_shapley_islands |   Gjerøy: phi=0.082059, phi/n=0.00014839
2026-03-04 21:10:00 | INFO | src.tmc_shapley_islands |   Hestmannøy: phi=-0.022822, phi/n=-0.00002163
2026-03-04 21:10:00 | INFO | src.tmc_shapley_islands |   Indre Kvarøy: phi=0.028802, phi/n=0.00008253
2026-03-04 21:10:00 | INFO | src.tmc_shapley_islands |   Onøy og Lurøy: phi=-0.013640, phi/n=-0.00005328
2026-03-04 21:10:00 | INFO | src.tmc_shapley_islands |   Lovund: phi=-0.124249, phi/n=-0.00082284
2026-03-04 21:10:00 | INFO | src.tmc_shapley_islands |   Sleneset: phi=0.006693, phi/n=0.00004183
2026-03-04 21:10:00 | INFO | src.tmc_shapley_islands |   Aldra: phi=0.078670, phi/n=0.00045474
2026-03-04 21:10:00 | INFO | src.tmc_shapley_islands |   Southern 1: phi=0.161445, phi/n=0.00027787
2026-03-04 21:10:00 | INFO | src.tmc_shapley_islands |   Southern 2: phi=0.230835, phi/n=0.00058145
2026-03-04 21:10:00 | INFO | src.tmc_shapley_islands |   Southern 3: phi=0.009293, phi/n=0.00001594
2026-03-04 21:10:00 | INFO | src.tmc_shapley_islands |   Southern 5: phi=-0.003325, phi/n=-0.00001646
2026-03-04 21:10:00 | INFO | src.tmc_shapley_islands | Curve retraining early stopping: enabled=True, patience=20
2026-03-04 21:10:00 | INFO | src.tmc_shapley_islands | Computing add-islands curve (evaluated on test set)...
2026-03-04 21:10:00 | INFO | src.tmc_shapley_islands | Add-curve (mean): 1 islands, n=397 -> corr=0.0122
2026-03-04 21:10:00 | INFO | src.tmc_shapley_islands | Add-curve (mean): 2 islands, n=489 -> corr=-0.0036
2026-03-04 21:10:01 | INFO | src.tmc_shapley_islands | Add-curve (mean): 3 islands, n=662 -> corr=0.0088
2026-03-04 21:10:01 | INFO | src.tmc_shapley_islands | Add-curve (mean): 4 islands, n=1243 -> corr=0.1062
2026-03-04 21:10:02 | INFO | src.tmc_shapley_islands | Add-curve (mean): 5 islands, n=1796 -> corr=0.0958
2026-03-04 21:10:03 | INFO | src.tmc_shapley_islands | Add-curve (mean): 6 islands, n=2145 -> corr=0.0854
2026-03-04 21:10:03 | INFO | src.tmc_shapley_islands | Add-curve (mean): 7 islands, n=2305 -> corr=0.0981
2026-03-04 21:10:05 | INFO | src.tmc_shapley_islands | Add-curve (mean): 8 islands, n=2888 -> corr=0.0845
2026-03-04 21:10:06 | INFO | src.tmc_shapley_islands | Add-curve (mean): 9 islands, n=3090 -> corr=0.1148
2026-03-04 21:10:08 | INFO | src.tmc_shapley_islands | Add-curve (mean): 10 islands, n=4145 -> corr=0.1465
2026-03-04 21:10:10 | INFO | src.tmc_shapley_islands | Add-curve (mean): 11 islands, n=4401 -> corr=0.1552
2026-03-04 21:10:12 | INFO | src.tmc_shapley_islands | Add-curve (mean): 12 islands, n=4519 -> corr=0.1535
2026-03-04 21:10:14 | INFO | src.tmc_shapley_islands | Add-curve (mean): 13 islands, n=4805 -> corr=0.1488
2026-03-04 21:10:16 | INFO | src.tmc_shapley_islands | Add-curve (mean): 14 islands, n=4996 -> corr=0.1443
2026-03-04 21:10:18 | INFO | src.tmc_shapley_islands | Add-curve (mean): 15 islands, n=5147 -> corr=0.1434
2026-03-04 21:10:31 | INFO | src.tmc_shapley_islands | Random individual add-curve (seed=0) complete
2026-03-04 21:10:43 | INFO | src.tmc_shapley_islands | Random individual add-curve (seed=1) complete
2026-03-04 21:10:56 | INFO | src.tmc_shapley_islands | Random individual add-curve (seed=2) complete
2026-03-04 21:11:08 | INFO | src.tmc_shapley_islands | Random individual add-curve (seed=3) complete
2026-03-04 21:11:21 | INFO | src.tmc_shapley_islands | Random individual add-curve (seed=4) complete
2026-03-04 21:11:21 | INFO | src.tmc_shapley_islands | Building mirrored remove-islands curve from add-islands curve...
2026-03-04 21:11:21 | INFO | src.tmc_shapley_islands | Saved Shapley values to outputs/tmc_shapley_sweep_all_traits/shards/shard_017/wing/tmp/shapley_island_values_target_14.csv
2026-03-04 21:11:21 | INFO | src.tmc_shapley_islands | Saved summary to outputs/tmc_shapley_sweep_all_traits/shards/shard_017/wing/tmp/tmc_summary_target_14.json
2026-03-04 21:11:21 | INFO | src.tmc_shapley_islands | Saved intermediate ranking trace to outputs/tmc_shapley_sweep_all_traits/shards/shard_017/wing/tmp/tmc_intermediate_rankings_target_14.csv
2026-03-04 21:11:21 | INFO | src.tmc_shapley_islands | Saved add-curve to outputs/tmc_shapley_sweep_all_traits/shards/shard_017/wing/tmp/add_curve_target_14.csv
2026-03-04 21:11:21 | INFO | src.tmc_shapley_islands | Saved remove-curve to outputs/tmc_shapley_sweep_all_traits/shards/shard_017/wing/tmp/remove_curve_target_14.csv
2026-03-04 21:11:21 | INFO | src.tmc_shapley_islands | Saved bar plot to outputs/tmc_shapley_sweep_all_traits/shards/shard_017/wing/tmp/shapley_bar_target_14.png
2026-03-04 21:11:22 | INFO | src.tmc_shapley_islands | Saved add-curve plot to outputs/tmc_shapley_sweep_all_traits/shards/shard_017/wing/tmp/add_curve_target_14.png
2026-03-04 21:11:22 | INFO | src.tmc_shapley_islands | Saved remove-curve plot to outputs/tmc_shapley_sweep_all_traits/shards/shard_017/wing/tmp/remove_curve_target_14.png
2026-03-04 21:11:22 | INFO | __main__ | Shard 17/30 trait=wing progress 61/75 | target=14 n_cal_samples=40 perm=10 repeat=5
2026-03-04 21:11:22 | INFO | src.tmc_shapley_islands | [Shapley] Target island: 14 (Southern 4), source islands: 15
2026-03-04 21:11:23 | INFO | src.tmc_shapley_islands | Data: source=5147 (across 15 islands), cal=40, test=336
2026-03-04 21:11:23 | INFO | src.tmc_shapley_islands | SNP selection: using fixed precomputed subset (n=20000)
2026-03-04 21:11:23 | INFO | src.tmc_shapley_islands | Island counts (capped to None in training):
  Nesøy: n=118
  Myken: n=92
  Træna: n=286
  Selvær: n=191
  Gjerøy: n=553
  Hestmannøy: n=1055
  Indre Kvarøy: n=349
  Onøy og Lurøy: n=256
  Lovund: n=151
  Sleneset: n=160
  Aldra: n=173
  Southern 1: n=581
  Southern 2: n=397
  Southern 3: n=583
  Southern 5: n=202
2026-03-04 21:11:23 | INFO | src.tmc_shapley_islands | Running TMC-Shapley with 10 permutations (utility on cal set)...
2026-03-04 21:11:23 | INFO | src.tmc_shapley_islands | Computing V_full over all 15 source islands...
2026-03-04 21:11:25 | INFO | src.tmc_shapley_islands | V_full = 0.2739
2026-03-04 21:11:58 | INFO | src.tmc_shapley_islands | TMC progress: 2/10 permutations done, cache hit rate: 6.5%, n_evals: 29
2026-03-04 21:12:28 | INFO | src.tmc_shapley_islands | TMC progress: 4/10 permutations done, cache hit rate: 6.6%, n_evals: 57
2026-03-04 21:12:56 | INFO | src.tmc_shapley_islands | TMC progress: 6/10 permutations done, cache hit rate: 8.8%, n_evals: 83
2026-03-04 21:13:29 | INFO | src.tmc_shapley_islands | TMC progress: 8/10 permutations done, cache hit rate: 9.1%, n_evals: 110
2026-03-04 21:13:52 | INFO | src.tmc_shapley_islands | TMC progress: 10/10 permutations done, cache hit rate: 10.6%, n_evals: 135
2026-03-04 21:13:52 | INFO | src.tmc_shapley_islands | TMC complete: 10 permutations, 0 truncated, 135 utility evals, cache hit rate: 10.6%
2026-03-04 21:13:52 | INFO | src.tmc_shapley_islands | Shapley values (phi, computed on cal set):
2026-03-04 21:13:52 | INFO | src.tmc_shapley_islands |   Nesøy: phi=0.040766, phi/n=0.00034547
2026-03-04 21:13:52 | INFO | src.tmc_shapley_islands |   Myken: phi=0.003889, phi/n=0.00004227
2026-03-04 21:13:52 | INFO | src.tmc_shapley_islands |   Træna: phi=-0.015190, phi/n=-0.00005311
2026-03-04 21:13:52 | INFO | src.tmc_shapley_islands |   Selvær: phi=-0.064749, phi/n=-0.00033900
2026-03-04 21:13:52 | INFO | src.tmc_shapley_islands |   Gjerøy: phi=-0.081298, phi/n=-0.00014701
2026-03-04 21:13:52 | INFO | src.tmc_shapley_islands |   Hestmannøy: phi=0.164957, phi/n=0.00015636
2026-03-04 21:13:52 | INFO | src.tmc_shapley_islands |   Indre Kvarøy: phi=0.069326, phi/n=0.00019864
2026-03-04 21:13:52 | INFO | src.tmc_shapley_islands |   Onøy og Lurøy: phi=0.034964, phi/n=0.00013658
2026-03-04 21:13:52 | INFO | src.tmc_shapley_islands |   Lovund: phi=-0.026076, phi/n=-0.00017269
2026-03-04 21:13:52 | INFO | src.tmc_shapley_islands |   Sleneset: phi=-0.012818, phi/n=-0.00008011
2026-03-04 21:13:52 | INFO | src.tmc_shapley_islands |   Aldra: phi=-0.006578, phi/n=-0.00003802
2026-03-04 21:13:52 | INFO | src.tmc_shapley_islands |   Southern 1: phi=0.020044, phi/n=0.00003450
2026-03-04 21:13:52 | INFO | src.tmc_shapley_islands |   Southern 2: phi=0.166272, phi/n=0.00041882
2026-03-04 21:13:52 | INFO | src.tmc_shapley_islands |   Southern 3: phi=-0.020342, phi/n=-0.00003489
2026-03-04 21:13:52 | INFO | src.tmc_shapley_islands |   Southern 5: phi=0.000773, phi/n=0.00000383
2026-03-04 21:13:52 | INFO | src.tmc_shapley_islands | Curve retraining early stopping: enabled=True, patience=20
2026-03-04 21:13:52 | INFO | src.tmc_shapley_islands | Computing add-islands curve (evaluated on test set)...
2026-03-04 21:13:52 | INFO | src.tmc_shapley_islands | Add-curve (mean): 1 islands, n=397 -> corr=0.0534
2026-03-04 21:13:52 | INFO | src.tmc_shapley_islands | Add-curve (mean): 2 islands, n=515 -> corr=0.0520
2026-03-04 21:13:53 | INFO | src.tmc_shapley_islands | Add-curve (mean): 3 islands, n=864 -> corr=0.0261
2026-03-04 21:13:54 | INFO | src.tmc_shapley_islands | Add-curve (mean): 4 islands, n=1919 -> corr=0.1055
2026-03-04 21:13:55 | INFO | src.tmc_shapley_islands | Add-curve (mean): 5 islands, n=2175 -> corr=0.1151
2026-03-04 21:13:55 | INFO | src.tmc_shapley_islands | Add-curve (mean): 6 islands, n=2267 -> corr=0.1101
2026-03-04 21:13:57 | INFO | src.tmc_shapley_islands | Add-curve (mean): 7 islands, n=2848 -> corr=0.1734
2026-03-04 21:13:58 | INFO | src.tmc_shapley_islands | Add-curve (mean): 8 islands, n=3050 -> corr=0.1810
2026-03-04 21:13:59 | INFO | src.tmc_shapley_islands | Add-curve (mean): 9 islands, n=3633 -> corr=0.1635
2026-03-04 21:14:01 | INFO | src.tmc_shapley_islands | Add-curve (mean): 10 islands, n=3806 -> corr=0.1724
2026-03-04 21:14:02 | INFO | src.tmc_shapley_islands | Add-curve (mean): 11 islands, n=4092 -> corr=0.1676
2026-03-04 21:14:04 | INFO | src.tmc_shapley_islands | Add-curve (mean): 12 islands, n=4252 -> corr=0.1720
2026-03-04 21:14:06 | INFO | src.tmc_shapley_islands | Add-curve (mean): 13 islands, n=4805 -> corr=0.1474
2026-03-04 21:14:08 | INFO | src.tmc_shapley_islands | Add-curve (mean): 14 islands, n=4956 -> corr=0.1499
2026-03-04 21:14:11 | INFO | src.tmc_shapley_islands | Add-curve (mean): 15 islands, n=5147 -> corr=0.1482
2026-03-04 21:14:24 | INFO | src.tmc_shapley_islands | Random individual add-curve (seed=0) complete
2026-03-04 21:14:36 | INFO | src.tmc_shapley_islands | Random individual add-curve (seed=1) complete
2026-03-04 21:14:49 | INFO | src.tmc_shapley_islands | Random individual add-curve (seed=2) complete
2026-03-04 21:15:02 | INFO | src.tmc_shapley_islands | Random individual add-curve (seed=3) complete
2026-03-04 21:15:14 | INFO | src.tmc_shapley_islands | Random individual add-curve (seed=4) complete
2026-03-04 21:15:14 | INFO | src.tmc_shapley_islands | Building mirrored remove-islands curve from add-islands curve...
2026-03-04 21:15:14 | INFO | src.tmc_shapley_islands | Saved Shapley values to outputs/tmc_shapley_sweep_all_traits/shards/shard_017/wing/tmp/shapley_island_values_target_14.csv
2026-03-04 21:15:14 | INFO | src.tmc_shapley_islands | Saved summary to outputs/tmc_shapley_sweep_all_traits/shards/shard_017/wing/tmp/tmc_summary_target_14.json
2026-03-04 21:15:14 | INFO | src.tmc_shapley_islands | Saved intermediate ranking trace to outputs/tmc_shapley_sweep_all_traits/shards/shard_017/wing/tmp/tmc_intermediate_rankings_target_14.csv
2026-03-04 21:15:14 | INFO | src.tmc_shapley_islands | Saved add-curve to outputs/tmc_shapley_sweep_all_traits/shards/shard_017/wing/tmp/add_curve_target_14.csv
2026-03-04 21:15:14 | INFO | src.tmc_shapley_islands | Saved remove-curve to outputs/tmc_shapley_sweep_all_traits/shards/shard_017/wing/tmp/remove_curve_target_14.csv
2026-03-04 21:15:15 | INFO | src.tmc_shapley_islands | Saved bar plot to outputs/tmc_shapley_sweep_all_traits/shards/shard_017/wing/tmp/shapley_bar_target_14.png
2026-03-04 21:15:15 | INFO | src.tmc_shapley_islands | Saved add-curve plot to outputs/tmc_shapley_sweep_all_traits/shards/shard_017/wing/tmp/add_curve_target_14.png
2026-03-04 21:15:16 | INFO | src.tmc_shapley_islands | Saved remove-curve plot to outputs/tmc_shapley_sweep_all_traits/shards/shard_017/wing/tmp/remove_curve_target_14.png
2026-03-04 21:15:16 | INFO | __main__ | Shard 17/30 trait=wing progress 62/75 | target=14 n_cal_samples=40 perm=20 repeat=5
2026-03-04 21:15:16 | INFO | src.tmc_shapley_islands | [Shapley] Target island: 14 (Southern 4), source islands: 15
2026-03-04 21:15:16 | INFO | src.tmc_shapley_islands | Data: source=5147 (across 15 islands), cal=40, test=336
2026-03-04 21:15:16 | INFO | src.tmc_shapley_islands | SNP selection: using fixed precomputed subset (n=20000)
2026-03-04 21:15:16 | INFO | src.tmc_shapley_islands | Island counts (capped to None in training):
  Nesøy: n=118
  Myken: n=92
  Træna: n=286
  Selvær: n=191
  Gjerøy: n=553
  Hestmannøy: n=1055
  Indre Kvarøy: n=349
  Onøy og Lurøy: n=256
  Lovund: n=151
  Sleneset: n=160
  Aldra: n=173
  Southern 1: n=581
  Southern 2: n=397
  Southern 3: n=583
  Southern 5: n=202
2026-03-04 21:15:16 | INFO | src.tmc_shapley_islands | Loaded 135 cached utilities from outputs/tmc_shapley_sweep_all_traits/cache/wing/utility_cache_target_14_seed_831554052.json
2026-03-04 21:15:16 | INFO | src.tmc_shapley_islands | Running TMC-Shapley with 20 permutations (utility on cal set)...
2026-03-04 21:15:16 | INFO | src.tmc_shapley_islands | Computing V_full over all 15 source islands...
2026-03-04 21:15:16 | INFO | src.tmc_shapley_islands | V_full = 0.2739
2026-03-04 21:15:16 | INFO | src.tmc_shapley_islands | TMC head-start: loaded 10 completed permutations from state outputs/tmc_shapley_sweep_all_traits/cache/wing/tmc_perm_state_target_14_seed_831554052.json
2026-03-04 21:15:47 | INFO | src.tmc_shapley_islands | TMC progress: 12/20 permutations done, cache hit rate: 12.9%, n_evals: 27
2026-03-04 21:16:39 | INFO | src.tmc_shapley_islands | TMC progress: 16/20 permutations done, cache hit rate: 15.4%, n_evals: 77
2026-03-04 21:17:28 | INFO | src.tmc_shapley_islands | TMC progress: 20/20 permutations done, cache hit rate: 18.5%, n_evals: 123
2026-03-04 21:17:28 | INFO | src.tmc_shapley_islands | TMC complete: 20 permutations, 0 truncated, 123 utility evals, cache hit rate: 18.5%
2026-03-04 21:17:28 | INFO | src.tmc_shapley_islands | Shapley values (phi, computed on cal set):
2026-03-04 21:17:28 | INFO | src.tmc_shapley_islands |   Nesøy: phi=0.044804, phi/n=0.00037970
2026-03-04 21:17:28 | INFO | src.tmc_shapley_islands |   Myken: phi=0.012851, phi/n=0.00013969
2026-03-04 21:17:28 | INFO | src.tmc_shapley_islands |   Træna: phi=-0.011394, phi/n=-0.00003984
2026-03-04 21:17:28 | INFO | src.tmc_shapley_islands |   Selvær: phi=-0.069883, phi/n=-0.00036588
2026-03-04 21:17:28 | INFO | src.tmc_shapley_islands |   Gjerøy: phi=-0.082917, phi/n=-0.00014994
2026-03-04 21:17:28 | INFO | src.tmc_shapley_islands |   Hestmannøy: phi=0.161007, phi/n=0.00015261
2026-03-04 21:17:28 | INFO | src.tmc_shapley_islands |   Indre Kvarøy: phi=0.072832, phi/n=0.00020869
2026-03-04 21:17:28 | INFO | src.tmc_shapley_islands |   Onøy og Lurøy: phi=0.030412, phi/n=0.00011880
2026-03-04 21:17:28 | INFO | src.tmc_shapley_islands |   Lovund: phi=-0.019098, phi/n=-0.00012648
2026-03-04 21:17:28 | INFO | src.tmc_shapley_islands |   Sleneset: phi=-0.011777, phi/n=-0.00007361
2026-03-04 21:17:28 | INFO | src.tmc_shapley_islands |   Aldra: phi=-0.002653, phi/n=-0.00001533
2026-03-04 21:17:28 | INFO | src.tmc_shapley_islands |   Southern 1: phi=0.019248, phi/n=0.00003313
2026-03-04 21:17:28 | INFO | src.tmc_shapley_islands |   Southern 2: phi=0.148312, phi/n=0.00037358
2026-03-04 21:17:28 | INFO | src.tmc_shapley_islands |   Southern 3: phi=-0.011319, phi/n=-0.00001941
2026-03-04 21:17:28 | INFO | src.tmc_shapley_islands |   Southern 5: phi=-0.006486, phi/n=-0.00003211
2026-03-04 21:17:28 | INFO | src.tmc_shapley_islands | Curve retraining early stopping: enabled=True, patience=20
2026-03-04 21:17:28 | INFO | src.tmc_shapley_islands | Computing add-islands curve (evaluated on test set)...
2026-03-04 21:17:28 | INFO | src.tmc_shapley_islands | Add-curve (mean): 1 islands, n=118 -> corr=0.0098
2026-03-04 21:17:28 | INFO | src.tmc_shapley_islands | Add-curve (mean): 2 islands, n=515 -> corr=0.0520
2026-03-04 21:17:29 | INFO | src.tmc_shapley_islands | Add-curve (mean): 3 islands, n=864 -> corr=0.0261
2026-03-04 21:17:29 | INFO | src.tmc_shapley_islands | Add-curve (mean): 4 islands, n=1919 -> corr=0.1055
2026-03-04 21:17:30 | INFO | src.tmc_shapley_islands | Add-curve (mean): 5 islands, n=2011 -> corr=0.0994
2026-03-04 21:17:31 | INFO | src.tmc_shapley_islands | Add-curve (mean): 6 islands, n=2267 -> corr=0.1101
2026-03-04 21:17:32 | INFO | src.tmc_shapley_islands | Add-curve (mean): 7 islands, n=2848 -> corr=0.1734
2026-03-04 21:17:33 | INFO | src.tmc_shapley_islands | Add-curve (mean): 8 islands, n=3021 -> corr=0.1825
2026-03-04 21:17:35 | INFO | src.tmc_shapley_islands | Add-curve (mean): 9 islands, n=3604 -> corr=0.1639
2026-03-04 21:17:36 | INFO | src.tmc_shapley_islands | Add-curve (mean): 10 islands, n=3806 -> corr=0.1724
2026-03-04 21:17:38 | INFO | src.tmc_shapley_islands | Add-curve (mean): 11 islands, n=4092 -> corr=0.1676
2026-03-04 21:17:40 | INFO | src.tmc_shapley_islands | Add-curve (mean): 12 islands, n=4252 -> corr=0.1720
2026-03-04 21:17:42 | INFO | src.tmc_shapley_islands | Add-curve (mean): 13 islands, n=4403 -> corr=0.1749
2026-03-04 21:17:44 | INFO | src.tmc_shapley_islands | Add-curve (mean): 14 islands, n=4956 -> corr=0.1499
2026-03-04 21:17:46 | INFO | src.tmc_shapley_islands | Add-curve (mean): 15 islands, n=5147 -> corr=0.1482
2026-03-04 21:17:59 | INFO | src.tmc_shapley_islands | Random individual add-curve (seed=0) complete
2026-03-04 21:18:11 | INFO | src.tmc_shapley_islands | Random individual add-curve (seed=1) complete
2026-03-04 21:18:23 | INFO | src.tmc_shapley_islands | Random individual add-curve (seed=2) complete
2026-03-04 21:18:36 | INFO | src.tmc_shapley_islands | Random individual add-curve (seed=3) complete
2026-03-04 21:18:48 | INFO | src.tmc_shapley_islands | Random individual add-curve (seed=4) complete
2026-03-04 21:18:48 | INFO | src.tmc_shapley_islands | Building mirrored remove-islands curve from add-islands curve...
2026-03-04 21:18:48 | INFO | src.tmc_shapley_islands | Saved Shapley values to outputs/tmc_shapley_sweep_all_traits/shards/shard_017/wing/tmp/shapley_island_values_target_14.csv
2026-03-04 21:18:48 | INFO | src.tmc_shapley_islands | Saved summary to outputs/tmc_shapley_sweep_all_traits/shards/shard_017/wing/tmp/tmc_summary_target_14.json
2026-03-04 21:18:48 | INFO | src.tmc_shapley_islands | Saved intermediate ranking trace to outputs/tmc_shapley_sweep_all_traits/shards/shard_017/wing/tmp/tmc_intermediate_rankings_target_14.csv
2026-03-04 21:18:48 | INFO | src.tmc_shapley_islands | Saved add-curve to outputs/tmc_shapley_sweep_all_traits/shards/shard_017/wing/tmp/add_curve_target_14.csv
2026-03-04 21:18:48 | INFO | src.tmc_shapley_islands | Saved remove-curve to outputs/tmc_shapley_sweep_all_traits/shards/shard_017/wing/tmp/remove_curve_target_14.csv
2026-03-04 21:18:48 | INFO | src.tmc_shapley_islands | Saved bar plot to outputs/tmc_shapley_sweep_all_traits/shards/shard_017/wing/tmp/shapley_bar_target_14.png
2026-03-04 21:18:49 | INFO | src.tmc_shapley_islands | Saved add-curve plot to outputs/tmc_shapley_sweep_all_traits/shards/shard_017/wing/tmp/add_curve_target_14.png
2026-03-04 21:18:49 | INFO | src.tmc_shapley_islands | Saved remove-curve plot to outputs/tmc_shapley_sweep_all_traits/shards/shard_017/wing/tmp/remove_curve_target_14.png
2026-03-04 21:18:49 | INFO | __main__ | Shard 17/30 trait=wing progress 63/75 | target=14 n_cal_samples=40 perm=40 repeat=5
2026-03-04 21:18:49 | INFO | src.tmc_shapley_islands | [Shapley] Target island: 14 (Southern 4), source islands: 15
2026-03-04 21:18:50 | INFO | src.tmc_shapley_islands | Data: source=5147 (across 15 islands), cal=40, test=336
2026-03-04 21:18:50 | INFO | src.tmc_shapley_islands | SNP selection: using fixed precomputed subset (n=20000)
2026-03-04 21:18:50 | INFO | src.tmc_shapley_islands | Island counts (capped to None in training):
  Nesøy: n=118
  Myken: n=92
  Træna: n=286
  Selvær: n=191
  Gjerøy: n=553
  Hestmannøy: n=1055
  Indre Kvarøy: n=349
  Onøy og Lurøy: n=256
  Lovund: n=151
  Sleneset: n=160
  Aldra: n=173
  Southern 1: n=581
  Southern 2: n=397
  Southern 3: n=583
  Southern 5: n=202
2026-03-04 21:18:50 | INFO | src.tmc_shapley_islands | Loaded 258 cached utilities from outputs/tmc_shapley_sweep_all_traits/cache/wing/utility_cache_target_14_seed_831554052.json
2026-03-04 21:18:50 | INFO | src.tmc_shapley_islands | Running TMC-Shapley with 40 permutations (utility on cal set)...
2026-03-04 21:18:50 | INFO | src.tmc_shapley_islands | Computing V_full over all 15 source islands...
2026-03-04 21:18:50 | INFO | src.tmc_shapley_islands | V_full = 0.2739
2026-03-04 21:18:50 | INFO | src.tmc_shapley_islands | TMC head-start: loaded 20 completed permutations from state outputs/tmc_shapley_sweep_all_traits/cache/wing/tmc_perm_state_target_14_seed_831554052.json
2026-03-04 21:19:41 | INFO | src.tmc_shapley_islands | TMC progress: 24/40 permutations done, cache hit rate: 18.0%, n_evals: 50
2026-03-04 21:21:21 | INFO | src.tmc_shapley_islands | TMC progress: 32/40 permutations done, cache hit rate: 17.7%, n_evals: 149
2026-03-04 21:22:53 | INFO | src.tmc_shapley_islands | TMC progress: 40/40 permutations done, cache hit rate: 21.6%, n_evals: 236
2026-03-04 21:22:53 | INFO | src.tmc_shapley_islands | TMC complete: 40 permutations, 0 truncated, 236 utility evals, cache hit rate: 21.6%
2026-03-04 21:22:53 | INFO | src.tmc_shapley_islands | Shapley values (phi, computed on cal set):
2026-03-04 21:22:53 | INFO | src.tmc_shapley_islands |   Nesøy: phi=0.061785, phi/n=0.00052360
2026-03-04 21:22:53 | INFO | src.tmc_shapley_islands |   Myken: phi=0.011793, phi/n=0.00012819
2026-03-04 21:22:53 | INFO | src.tmc_shapley_islands |   Træna: phi=-0.014934, phi/n=-0.00005222
2026-03-04 21:22:53 | INFO | src.tmc_shapley_islands |   Selvær: phi=-0.079788, phi/n=-0.00041774
2026-03-04 21:22:53 | INFO | src.tmc_shapley_islands |   Gjerøy: phi=-0.087224, phi/n=-0.00015773
2026-03-04 21:22:53 | INFO | src.tmc_shapley_islands |   Hestmannøy: phi=0.172616, phi/n=0.00016362
2026-03-04 21:22:53 | INFO | src.tmc_shapley_islands |   Indre Kvarøy: phi=0.074813, phi/n=0.00021436
2026-03-04 21:22:53 | INFO | src.tmc_shapley_islands |   Onøy og Lurøy: phi=0.025600, phi/n=0.00010000
2026-03-04 21:22:53 | INFO | src.tmc_shapley_islands |   Lovund: phi=-0.017990, phi/n=-0.00011914
2026-03-04 21:22:53 | INFO | src.tmc_shapley_islands |   Sleneset: phi=-0.011436, phi/n=-0.00007148
2026-03-04 21:22:53 | INFO | src.tmc_shapley_islands |   Aldra: phi=-0.003861, phi/n=-0.00002232
2026-03-04 21:22:53 | INFO | src.tmc_shapley_islands |   Southern 1: phi=0.013275, phi/n=0.00002285
2026-03-04 21:22:53 | INFO | src.tmc_shapley_islands |   Southern 2: phi=0.155339, phi/n=0.00039128
2026-03-04 21:22:53 | INFO | src.tmc_shapley_islands |   Southern 3: phi=-0.013996, phi/n=-0.00002401
2026-03-04 21:22:53 | INFO | src.tmc_shapley_islands |   Southern 5: phi=-0.012051, phi/n=-0.00005966
2026-03-04 21:22:53 | INFO | src.tmc_shapley_islands | Curve retraining early stopping: enabled=True, patience=20
2026-03-04 21:22:53 | INFO | src.tmc_shapley_islands | Computing add-islands curve (evaluated on test set)...
2026-03-04 21:22:53 | INFO | src.tmc_shapley_islands | Add-curve (mean): 1 islands, n=118 -> corr=0.0098
2026-03-04 21:22:54 | INFO | src.tmc_shapley_islands | Add-curve (mean): 2 islands, n=515 -> corr=0.0520
2026-03-04 21:22:54 | INFO | src.tmc_shapley_islands | Add-curve (mean): 3 islands, n=864 -> corr=0.0261
2026-03-04 21:22:55 | INFO | src.tmc_shapley_islands | Add-curve (mean): 4 islands, n=1919 -> corr=0.1055
2026-03-04 21:22:56 | INFO | src.tmc_shapley_islands | Add-curve (mean): 5 islands, n=2011 -> corr=0.0994
2026-03-04 21:22:56 | INFO | src.tmc_shapley_islands | Add-curve (mean): 6 islands, n=2267 -> corr=0.1101
2026-03-04 21:22:57 | INFO | src.tmc_shapley_islands | Add-curve (mean): 7 islands, n=2848 -> corr=0.1734
2026-03-04 21:22:59 | INFO | src.tmc_shapley_islands | Add-curve (mean): 8 islands, n=3021 -> corr=0.1825
2026-03-04 21:23:00 | INFO | src.tmc_shapley_islands | Add-curve (mean): 9 islands, n=3604 -> corr=0.1639
2026-03-04 21:23:02 | INFO | src.tmc_shapley_islands | Add-curve (mean): 10 islands, n=3890 -> corr=0.1603
2026-03-04 21:23:03 | INFO | src.tmc_shapley_islands | Add-curve (mean): 11 islands, n=4092 -> corr=0.1676
2026-03-04 21:23:05 | INFO | src.tmc_shapley_islands | Add-curve (mean): 12 islands, n=4252 -> corr=0.1720
2026-03-04 21:23:07 | INFO | src.tmc_shapley_islands | Add-curve (mean): 13 islands, n=4403 -> corr=0.1749
2026-03-04 21:23:09 | INFO | src.tmc_shapley_islands | Add-curve (mean): 14 islands, n=4956 -> corr=0.1499
2026-03-04 21:23:11 | INFO | src.tmc_shapley_islands | Add-curve (mean): 15 islands, n=5147 -> corr=0.1482
2026-03-04 21:23:24 | INFO | src.tmc_shapley_islands | Random individual add-curve (seed=0) complete
2026-03-04 21:23:36 | INFO | src.tmc_shapley_islands | Random individual add-curve (seed=1) complete
2026-03-04 21:23:48 | INFO | src.tmc_shapley_islands | Random individual add-curve (seed=2) complete
2026-03-04 21:24:01 | INFO | src.tmc_shapley_islands | Random individual add-curve (seed=3) complete
2026-03-04 21:24:13 | INFO | src.tmc_shapley_islands | Random individual add-curve (seed=4) complete
2026-03-04 21:24:13 | INFO | src.tmc_shapley_islands | Building mirrored remove-islands curve from add-islands curve...
2026-03-04 21:24:13 | INFO | src.tmc_shapley_islands | Saved Shapley values to outputs/tmc_shapley_sweep_all_traits/shards/shard_017/wing/tmp/shapley_island_values_target_14.csv
2026-03-04 21:24:13 | INFO | src.tmc_shapley_islands | Saved summary to outputs/tmc_shapley_sweep_all_traits/shards/shard_017/wing/tmp/tmc_summary_target_14.json
2026-03-04 21:24:13 | INFO | src.tmc_shapley_islands | Saved intermediate ranking trace to outputs/tmc_shapley_sweep_all_traits/shards/shard_017/wing/tmp/tmc_intermediate_rankings_target_14.csv
2026-03-04 21:24:13 | INFO | src.tmc_shapley_islands | Saved add-curve to outputs/tmc_shapley_sweep_all_traits/shards/shard_017/wing/tmp/add_curve_target_14.csv
2026-03-04 21:24:13 | INFO | src.tmc_shapley_islands | Saved remove-curve to outputs/tmc_shapley_sweep_all_traits/shards/shard_017/wing/tmp/remove_curve_target_14.csv
2026-03-04 21:24:14 | INFO | src.tmc_shapley_islands | Saved bar plot to outputs/tmc_shapley_sweep_all_traits/shards/shard_017/wing/tmp/shapley_bar_target_14.png
2026-03-04 21:24:14 | INFO | src.tmc_shapley_islands | Saved add-curve plot to outputs/tmc_shapley_sweep_all_traits/shards/shard_017/wing/tmp/add_curve_target_14.png
2026-03-04 21:24:15 | INFO | src.tmc_shapley_islands | Saved remove-curve plot to outputs/tmc_shapley_sweep_all_traits/shards/shard_017/wing/tmp/remove_curve_target_14.png
2026-03-04 21:24:15 | INFO | __main__ | Shard 17/30 trait=wing progress 64/75 | target=14 n_cal_samples=40 perm=80 repeat=5
2026-03-04 21:24:15 | INFO | src.tmc_shapley_islands | [Shapley] Target island: 14 (Southern 4), source islands: 15
2026-03-04 21:24:16 | INFO | src.tmc_shapley_islands | Data: source=5147 (across 15 islands), cal=40, test=336
2026-03-04 21:24:16 | INFO | src.tmc_shapley_islands | SNP selection: using fixed precomputed subset (n=20000)
2026-03-04 21:24:16 | INFO | src.tmc_shapley_islands | Island counts (capped to None in training):
  Nesøy: n=118
  Myken: n=92
  Træna: n=286
  Selvær: n=191
  Gjerøy: n=553
  Hestmannøy: n=1055
  Indre Kvarøy: n=349
  Onøy og Lurøy: n=256
  Lovund: n=151
  Sleneset: n=160
  Aldra: n=173
  Southern 1: n=581
  Southern 2: n=397
  Southern 3: n=583
  Southern 5: n=202
2026-03-04 21:24:16 | INFO | src.tmc_shapley_islands | Loaded 494 cached utilities from outputs/tmc_shapley_sweep_all_traits/cache/wing/utility_cache_target_14_seed_831554052.json
2026-03-04 21:24:16 | INFO | src.tmc_shapley_islands | Running TMC-Shapley with 80 permutations (utility on cal set)...
2026-03-04 21:24:16 | INFO | src.tmc_shapley_islands | Computing V_full over all 15 source islands...
2026-03-04 21:24:16 | INFO | src.tmc_shapley_islands | V_full = 0.2739
2026-03-04 21:24:16 | INFO | src.tmc_shapley_islands | TMC head-start: loaded 40 completed permutations from state outputs/tmc_shapley_sweep_all_traits/cache/wing/tmc_perm_state_target_14_seed_831554052.json
2026-03-04 21:25:47 | INFO | src.tmc_shapley_islands | TMC progress: 48/80 permutations done, cache hit rate: 28.1%, n_evals: 87
2026-03-04 21:28:28 | INFO | src.tmc_shapley_islands | TMC progress: 64/80 permutations done, cache hit rate: 28.3%, n_evals: 259
2026-03-04 21:31:35 | INFO | src.tmc_shapley_islands | TMC progress: 80/80 permutations done, cache hit rate: 28.1%, n_evals: 432
2026-03-04 21:31:35 | INFO | src.tmc_shapley_islands | TMC complete: 80 permutations, 0 truncated, 432 utility evals, cache hit rate: 28.1%
2026-03-04 21:31:35 | INFO | src.tmc_shapley_islands | Shapley values (phi, computed on cal set):
2026-03-04 21:31:35 | INFO | src.tmc_shapley_islands |   Nesøy: phi=0.060253, phi/n=0.00051062
2026-03-04 21:31:35 | INFO | src.tmc_shapley_islands |   Myken: phi=0.011370, phi/n=0.00012359
2026-03-04 21:31:35 | INFO | src.tmc_shapley_islands |   Træna: phi=-0.013911, phi/n=-0.00004864
2026-03-04 21:31:35 | INFO | src.tmc_shapley_islands |   Selvær: phi=-0.076813, phi/n=-0.00040216
2026-03-04 21:31:35 | INFO | src.tmc_shapley_islands |   Gjerøy: phi=-0.087286, phi/n=-0.00015784
2026-03-04 21:31:35 | INFO | src.tmc_shapley_islands |   Hestmannøy: phi=0.166876, phi/n=0.00015818
2026-03-04 21:31:35 | INFO | src.tmc_shapley_islands |   Indre Kvarøy: phi=0.067121, phi/n=0.00019232
2026-03-04 21:31:35 | INFO | src.tmc_shapley_islands |   Onøy og Lurøy: phi=0.029049, phi/n=0.00011347
2026-03-04 21:31:35 | INFO | src.tmc_shapley_islands |   Lovund: phi=-0.021334, phi/n=-0.00014128
2026-03-04 21:31:35 | INFO | src.tmc_shapley_islands |   Sleneset: phi=-0.013317, phi/n=-0.00008323
2026-03-04 21:31:35 | INFO | src.tmc_shapley_islands |   Aldra: phi=-0.004989, phi/n=-0.00002884
2026-03-04 21:31:35 | INFO | src.tmc_shapley_islands |   Southern 1: phi=0.014192, phi/n=0.00002443
2026-03-04 21:31:35 | INFO | src.tmc_shapley_islands |   Southern 2: phi=0.166580, phi/n=0.00041960
2026-03-04 21:31:35 | INFO | src.tmc_shapley_islands |   Southern 3: phi=-0.014692, phi/n=-0.00002520
2026-03-04 21:31:35 | INFO | src.tmc_shapley_islands |   Southern 5: phi=-0.009160, phi/n=-0.00004534
2026-03-04 21:31:35 | INFO | src.tmc_shapley_islands | Curve retraining early stopping: enabled=True, patience=20
2026-03-04 21:31:35 | INFO | src.tmc_shapley_islands | Computing add-islands curve (evaluated on test set)...
2026-03-04 21:31:35 | INFO | src.tmc_shapley_islands | Add-curve (mean): 1 islands, n=118 -> corr=0.0098
2026-03-04 21:31:35 | INFO | src.tmc_shapley_islands | Add-curve (mean): 2 islands, n=515 -> corr=0.0520
2026-03-04 21:31:35 | INFO | src.tmc_shapley_islands | Add-curve (mean): 3 islands, n=864 -> corr=0.0261
2026-03-04 21:31:36 | INFO | src.tmc_shapley_islands | Add-curve (mean): 4 islands, n=1919 -> corr=0.1055
2026-03-04 21:31:37 | INFO | src.tmc_shapley_islands | Add-curve (mean): 5 islands, n=2011 -> corr=0.0994
2026-03-04 21:31:38 | INFO | src.tmc_shapley_islands | Add-curve (mean): 6 islands, n=2267 -> corr=0.1101
2026-03-04 21:31:39 | INFO | src.tmc_shapley_islands | Add-curve (mean): 7 islands, n=2848 -> corr=0.1734
2026-03-04 21:31:40 | INFO | src.tmc_shapley_islands | Add-curve (mean): 8 islands, n=3431 -> corr=0.1548
2026-03-04 21:31:42 | INFO | src.tmc_shapley_islands | Add-curve (mean): 9 islands, n=3604 -> corr=0.1639
2026-03-04 21:31:43 | INFO | src.tmc_shapley_islands | Add-curve (mean): 10 islands, n=3806 -> corr=0.1724
2026-03-04 21:31:45 | INFO | src.tmc_shapley_islands | Add-curve (mean): 11 islands, n=4092 -> corr=0.1676
2026-03-04 21:31:47 | INFO | src.tmc_shapley_islands | Add-curve (mean): 12 islands, n=4252 -> corr=0.1720
2026-03-04 21:31:48 | INFO | src.tmc_shapley_islands | Add-curve (mean): 13 islands, n=4403 -> corr=0.1749
2026-03-04 21:31:51 | INFO | src.tmc_shapley_islands | Add-curve (mean): 14 islands, n=4956 -> corr=0.1499
2026-03-04 21:31:53 | INFO | src.tmc_shapley_islands | Add-curve (mean): 15 islands, n=5147 -> corr=0.1482
2026-03-04 21:32:06 | INFO | src.tmc_shapley_islands | Random individual add-curve (seed=0) complete
2026-03-04 21:32:18 | INFO | src.tmc_shapley_islands | Random individual add-curve (seed=1) complete
2026-03-04 21:32:31 | INFO | src.tmc_shapley_islands | Random individual add-curve (seed=2) complete
2026-03-04 21:32:43 | INFO | src.tmc_shapley_islands | Random individual add-curve (seed=3) complete
2026-03-04 21:32:55 | INFO | src.tmc_shapley_islands | Random individual add-curve (seed=4) complete
2026-03-04 21:32:55 | INFO | src.tmc_shapley_islands | Building mirrored remove-islands curve from add-islands curve...
2026-03-04 21:32:55 | INFO | src.tmc_shapley_islands | Saved Shapley values to outputs/tmc_shapley_sweep_all_traits/shards/shard_017/wing/tmp/shapley_island_values_target_14.csv
2026-03-04 21:32:55 | INFO | src.tmc_shapley_islands | Saved summary to outputs/tmc_shapley_sweep_all_traits/shards/shard_017/wing/tmp/tmc_summary_target_14.json
2026-03-04 21:32:55 | INFO | src.tmc_shapley_islands | Saved intermediate ranking trace to outputs/tmc_shapley_sweep_all_traits/shards/shard_017/wing/tmp/tmc_intermediate_rankings_target_14.csv
2026-03-04 21:32:56 | INFO | src.tmc_shapley_islands | Saved add-curve to outputs/tmc_shapley_sweep_all_traits/shards/shard_017/wing/tmp/add_curve_target_14.csv
2026-03-04 21:32:56 | INFO | src.tmc_shapley_islands | Saved remove-curve to outputs/tmc_shapley_sweep_all_traits/shards/shard_017/wing/tmp/remove_curve_target_14.csv
2026-03-04 21:32:56 | INFO | src.tmc_shapley_islands | Saved bar plot to outputs/tmc_shapley_sweep_all_traits/shards/shard_017/wing/tmp/shapley_bar_target_14.png
2026-03-04 21:32:57 | INFO | src.tmc_shapley_islands | Saved add-curve plot to outputs/tmc_shapley_sweep_all_traits/shards/shard_017/wing/tmp/add_curve_target_14.png
2026-03-04 21:32:57 | INFO | src.tmc_shapley_islands | Saved remove-curve plot to outputs/tmc_shapley_sweep_all_traits/shards/shard_017/wing/tmp/remove_curve_target_14.png
2026-03-04 21:32:57 | INFO | __main__ | Shard 17/30 trait=wing progress 65/75 | target=14 n_cal_samples=40 perm=150 repeat=5
2026-03-04 21:32:57 | INFO | src.tmc_shapley_islands | [Shapley] Target island: 14 (Southern 4), source islands: 15
2026-03-04 21:32:58 | INFO | src.tmc_shapley_islands | Data: source=5147 (across 15 islands), cal=40, test=336
2026-03-04 21:32:58 | INFO | src.tmc_shapley_islands | SNP selection: using fixed precomputed subset (n=20000)
2026-03-04 21:32:58 | INFO | src.tmc_shapley_islands | Island counts (capped to None in training):
  Nesøy: n=118
  Myken: n=92
  Træna: n=286
  Selvær: n=191
  Gjerøy: n=553
  Hestmannøy: n=1055
  Indre Kvarøy: n=349
  Onøy og Lurøy: n=256
  Lovund: n=151
  Sleneset: n=160
  Aldra: n=173
  Southern 1: n=581
  Southern 2: n=397
  Southern 3: n=583
  Southern 5: n=202
2026-03-04 21:32:58 | INFO | src.tmc_shapley_islands | Loaded 926 cached utilities from outputs/tmc_shapley_sweep_all_traits/cache/wing/utility_cache_target_14_seed_831554052.json
2026-03-04 21:32:58 | INFO | src.tmc_shapley_islands | Running TMC-Shapley with 150 permutations (utility on cal set)...
2026-03-04 21:32:58 | INFO | src.tmc_shapley_islands | Computing V_full over all 15 source islands...
2026-03-04 21:32:58 | INFO | src.tmc_shapley_islands | V_full = 0.2739
2026-03-04 21:32:58 | INFO | src.tmc_shapley_islands | TMC head-start: loaded 80 completed permutations from state outputs/tmc_shapley_sweep_all_traits/cache/wing/tmc_perm_state_target_14_seed_831554052.json
2026-03-04 21:34:45 | INFO | src.tmc_shapley_islands | TMC progress: 90/150 permutations done, cache hit rate: 31.8%, n_evals: 103
2026-03-04 21:39:42 | INFO | src.tmc_shapley_islands | TMC progress: 120/150 permutations done, cache hit rate: 33.9%, n_evals: 397
2026-03-04 21:44:33 | INFO | src.tmc_shapley_islands | TMC progress: 150/150 permutations done, cache hit rate: 34.0%, n_evals: 694
2026-03-04 21:44:33 | INFO | src.tmc_shapley_islands | TMC complete: 150 permutations, 0 truncated, 694 utility evals, cache hit rate: 34.0%
2026-03-04 21:44:33 | INFO | src.tmc_shapley_islands | Shapley values (phi, computed on cal set):
2026-03-04 21:44:33 | INFO | src.tmc_shapley_islands |   Nesøy: phi=0.057980, phi/n=0.00049135
2026-03-04 21:44:33 | INFO | src.tmc_shapley_islands |   Myken: phi=0.010471, phi/n=0.00011381
2026-03-04 21:44:33 | INFO | src.tmc_shapley_islands |   Træna: phi=-0.012575, phi/n=-0.00004397
2026-03-04 21:44:33 | INFO | src.tmc_shapley_islands |   Selvær: phi=-0.070256, phi/n=-0.00036783
2026-03-04 21:44:33 | INFO | src.tmc_shapley_islands |   Gjerøy: phi=-0.083856, phi/n=-0.00015164
2026-03-04 21:44:33 | INFO | src.tmc_shapley_islands |   Hestmannøy: phi=0.160789, phi/n=0.00015241
2026-03-04 21:44:33 | INFO | src.tmc_shapley_islands |   Indre Kvarøy: phi=0.067745, phi/n=0.00019411
2026-03-04 21:44:33 | INFO | src.tmc_shapley_islands |   Onøy og Lurøy: phi=0.032059, phi/n=0.00012523
2026-03-04 21:44:33 | INFO | src.tmc_shapley_islands |   Lovund: phi=-0.021113, phi/n=-0.00013982
2026-03-04 21:44:33 | INFO | src.tmc_shapley_islands |   Sleneset: phi=-0.016574, phi/n=-0.00010359
2026-03-04 21:44:33 | INFO | src.tmc_shapley_islands |   Aldra: phi=-0.004821, phi/n=-0.00002786
2026-03-04 21:44:33 | INFO | src.tmc_shapley_islands |   Southern 1: phi=0.015449, phi/n=0.00002659
2026-03-04 21:44:33 | INFO | src.tmc_shapley_islands |   Southern 2: phi=0.161864, phi/n=0.00040772
2026-03-04 21:44:33 | INFO | src.tmc_shapley_islands |   Southern 3: phi=-0.013619, phi/n=-0.00002336
2026-03-04 21:44:33 | INFO | src.tmc_shapley_islands |   Southern 5: phi=-0.009604, phi/n=-0.00004755
2026-03-04 21:44:33 | INFO | src.tmc_shapley_islands | Curve retraining early stopping: enabled=True, patience=20
2026-03-04 21:44:33 | INFO | src.tmc_shapley_islands | Computing add-islands curve (evaluated on test set)...
2026-03-04 21:44:33 | INFO | src.tmc_shapley_islands | Add-curve (mean): 1 islands, n=118 -> corr=0.0098
2026-03-04 21:44:33 | INFO | src.tmc_shapley_islands | Add-curve (mean): 2 islands, n=515 -> corr=0.0520
2026-03-04 21:44:34 | INFO | src.tmc_shapley_islands | Add-curve (mean): 3 islands, n=864 -> corr=0.0261
2026-03-04 21:44:34 | INFO | src.tmc_shapley_islands | Add-curve (mean): 4 islands, n=1919 -> corr=0.1055
2026-03-04 21:44:35 | INFO | src.tmc_shapley_islands | Add-curve (mean): 5 islands, n=2175 -> corr=0.1151
2026-03-04 21:44:36 | INFO | src.tmc_shapley_islands | Add-curve (mean): 6 islands, n=2267 -> corr=0.1101
2026-03-04 21:44:37 | INFO | src.tmc_shapley_islands | Add-curve (mean): 7 islands, n=2848 -> corr=0.1734
2026-03-04 21:44:39 | INFO | src.tmc_shapley_islands | Add-curve (mean): 8 islands, n=3431 -> corr=0.1548
2026-03-04 21:44:40 | INFO | src.tmc_shapley_islands | Add-curve (mean): 9 islands, n=3604 -> corr=0.1639
2026-03-04 21:44:42 | INFO | src.tmc_shapley_islands | Add-curve (mean): 10 islands, n=3890 -> corr=0.1603
2026-03-04 21:44:43 | INFO | src.tmc_shapley_islands | Add-curve (mean): 11 islands, n=4092 -> corr=0.1676
2026-03-04 21:44:45 | INFO | src.tmc_shapley_islands | Add-curve (mean): 12 islands, n=4252 -> corr=0.1720
2026-03-04 21:44:47 | INFO | src.tmc_shapley_islands | Add-curve (mean): 13 islands, n=4403 -> corr=0.1749
2026-03-04 21:44:49 | INFO | src.tmc_shapley_islands | Add-curve (mean): 14 islands, n=4956 -> corr=0.1499
2026-03-04 21:44:51 | INFO | src.tmc_shapley_islands | Add-curve (mean): 15 islands, n=5147 -> corr=0.1482
2026-03-04 21:45:04 | INFO | src.tmc_shapley_islands | Random individual add-curve (seed=0) complete
2026-03-04 21:45:16 | INFO | src.tmc_shapley_islands | Random individual add-curve (seed=1) complete
2026-03-04 21:45:29 | INFO | src.tmc_shapley_islands | Random individual add-curve (seed=2) complete
2026-03-04 21:45:42 | INFO | src.tmc_shapley_islands | Random individual add-curve (seed=3) complete
2026-03-04 21:45:55 | INFO | src.tmc_shapley_islands | Random individual add-curve (seed=4) complete
2026-03-04 21:45:55 | INFO | src.tmc_shapley_islands | Building mirrored remove-islands curve from add-islands curve...
2026-03-04 21:45:55 | INFO | src.tmc_shapley_islands | Saved Shapley values to outputs/tmc_shapley_sweep_all_traits/shards/shard_017/wing/tmp/shapley_island_values_target_14.csv
2026-03-04 21:45:55 | INFO | src.tmc_shapley_islands | Saved summary to outputs/tmc_shapley_sweep_all_traits/shards/shard_017/wing/tmp/tmc_summary_target_14.json
2026-03-04 21:45:55 | INFO | src.tmc_shapley_islands | Saved intermediate ranking trace to outputs/tmc_shapley_sweep_all_traits/shards/shard_017/wing/tmp/tmc_intermediate_rankings_target_14.csv
2026-03-04 21:45:55 | INFO | src.tmc_shapley_islands | Saved add-curve to outputs/tmc_shapley_sweep_all_traits/shards/shard_017/wing/tmp/add_curve_target_14.csv
2026-03-04 21:45:55 | INFO | src.tmc_shapley_islands | Saved remove-curve to outputs/tmc_shapley_sweep_all_traits/shards/shard_017/wing/tmp/remove_curve_target_14.csv
2026-03-04 21:45:55 | INFO | src.tmc_shapley_islands | Saved bar plot to outputs/tmc_shapley_sweep_all_traits/shards/shard_017/wing/tmp/shapley_bar_target_14.png
2026-03-04 21:45:56 | INFO | src.tmc_shapley_islands | Saved add-curve plot to outputs/tmc_shapley_sweep_all_traits/shards/shard_017/wing/tmp/add_curve_target_14.png
2026-03-04 21:45:57 | INFO | src.tmc_shapley_islands | Saved remove-curve plot to outputs/tmc_shapley_sweep_all_traits/shards/shard_017/wing/tmp/remove_curve_target_14.png
2026-03-04 21:45:57 | INFO | __main__ | Shard 17/30 trait=wing progress 66/75 | target=14 n_cal_samples=80 perm=10 repeat=5
2026-03-04 21:45:57 | INFO | src.tmc_shapley_islands | [Shapley] Target island: 14 (Southern 4), source islands: 15
2026-03-04 21:45:57 | INFO | src.tmc_shapley_islands | Data: source=5147 (across 15 islands), cal=80, test=336
2026-03-04 21:45:57 | INFO | src.tmc_shapley_islands | SNP selection: using fixed precomputed subset (n=20000)
2026-03-04 21:45:57 | INFO | src.tmc_shapley_islands | Island counts (capped to None in training):
  Nesøy: n=118
  Myken: n=92
  Træna: n=286
  Selvær: n=191
  Gjerøy: n=553
  Hestmannøy: n=1055
  Indre Kvarøy: n=349
  Onøy og Lurøy: n=256
  Lovund: n=151
  Sleneset: n=160
  Aldra: n=173
  Southern 1: n=581
  Southern 2: n=397
  Southern 3: n=583
  Southern 5: n=202
2026-03-04 21:45:57 | INFO | src.tmc_shapley_islands | Running TMC-Shapley with 10 permutations (utility on cal set)...
2026-03-04 21:45:57 | INFO | src.tmc_shapley_islands | Computing V_full over all 15 source islands...
2026-03-04 21:46:00 | INFO | src.tmc_shapley_islands | V_full = 0.2290
2026-03-04 21:46:29 | INFO | src.tmc_shapley_islands | TMC progress: 2/10 permutations done, cache hit rate: 6.5%, n_evals: 29
2026-03-04 21:46:57 | INFO | src.tmc_shapley_islands | TMC progress: 4/10 permutations done, cache hit rate: 6.6%, n_evals: 57
2026-03-04 21:47:20 | INFO | src.tmc_shapley_islands | TMC progress: 6/10 permutations done, cache hit rate: 7.7%, n_evals: 84
2026-03-04 21:47:43 | INFO | src.tmc_shapley_islands | TMC progress: 8/10 permutations done, cache hit rate: 9.9%, n_evals: 109
2026-03-04 21:48:15 | INFO | src.tmc_shapley_islands | TMC progress: 10/10 permutations done, cache hit rate: 9.9%, n_evals: 136
2026-03-04 21:48:15 | INFO | src.tmc_shapley_islands | TMC complete: 10 permutations, 0 truncated, 136 utility evals, cache hit rate: 9.9%
2026-03-04 21:48:15 | INFO | src.tmc_shapley_islands | Shapley values (phi, computed on cal set):
2026-03-04 21:48:15 | INFO | src.tmc_shapley_islands |   Nesøy: phi=-0.000389, phi/n=-0.00000329
2026-03-04 21:48:15 | INFO | src.tmc_shapley_islands |   Myken: phi=-0.017349, phi/n=-0.00018858
2026-03-04 21:48:15 | INFO | src.tmc_shapley_islands |   Træna: phi=-0.050092, phi/n=-0.00017515
2026-03-04 21:48:15 | INFO | src.tmc_shapley_islands |   Selvær: phi=-0.024508, phi/n=-0.00012831
2026-03-04 21:48:15 | INFO | src.tmc_shapley_islands |   Gjerøy: phi=0.035526, phi/n=0.00006424
2026-03-04 21:48:15 | INFO | src.tmc_shapley_islands |   Hestmannøy: phi=0.058434, phi/n=0.00005539
2026-03-04 21:48:15 | INFO | src.tmc_shapley_islands |   Indre Kvarøy: phi=0.013873, phi/n=0.00003975
2026-03-04 21:48:15 | INFO | src.tmc_shapley_islands |   Onøy og Lurøy: phi=0.047214, phi/n=0.00018443
2026-03-04 21:48:15 | INFO | src.tmc_shapley_islands |   Lovund: phi=-0.008494, phi/n=-0.00005625
2026-03-04 21:48:15 | INFO | src.tmc_shapley_islands |   Sleneset: phi=0.043456, phi/n=0.00027160
2026-03-04 21:48:15 | INFO | src.tmc_shapley_islands |   Aldra: phi=-0.035011, phi/n=-0.00020237
2026-03-04 21:48:15 | INFO | src.tmc_shapley_islands |   Southern 1: phi=0.123928, phi/n=0.00021330
2026-03-04 21:48:15 | INFO | src.tmc_shapley_islands |   Southern 2: phi=0.089940, phi/n=0.00022655
2026-03-04 21:48:15 | INFO | src.tmc_shapley_islands |   Southern 3: phi=-0.047221, phi/n=-0.00008100
2026-03-04 21:48:15 | INFO | src.tmc_shapley_islands |   Southern 5: phi=-0.000348, phi/n=-0.00000172
2026-03-04 21:48:15 | INFO | src.tmc_shapley_islands | Curve retraining early stopping: enabled=True, patience=20
2026-03-04 21:48:15 | INFO | src.tmc_shapley_islands | Computing add-islands curve (evaluated on test set)...
2026-03-04 21:48:15 | INFO | src.tmc_shapley_islands | Add-curve (mean): 1 islands, n=160 -> corr=0.0121
2026-03-04 21:48:15 | INFO | src.tmc_shapley_islands | Add-curve (mean): 2 islands, n=557 -> corr=0.0741
2026-03-04 21:48:16 | INFO | src.tmc_shapley_islands | Add-curve (mean): 3 islands, n=1138 -> corr=0.1302
2026-03-04 21:48:16 | INFO | src.tmc_shapley_islands | Add-curve (mean): 4 islands, n=1394 -> corr=0.1311
2026-03-04 21:48:17 | INFO | src.tmc_shapley_islands | Add-curve (mean): 5 islands, n=1947 -> corr=0.0885
2026-03-04 21:48:18 | INFO | src.tmc_shapley_islands | Add-curve (mean): 6 islands, n=3002 -> corr=0.1282
2026-03-04 21:48:19 | INFO | src.tmc_shapley_islands | Add-curve (mean): 7 islands, n=3351 -> corr=0.1113
2026-03-04 21:48:21 | INFO | src.tmc_shapley_islands | Add-curve (mean): 8 islands, n=3553 -> corr=0.1326
2026-03-04 21:48:22 | INFO | src.tmc_shapley_islands | Add-curve (mean): 9 islands, n=3671 -> corr=0.1358
2026-03-04 21:48:24 | INFO | src.tmc_shapley_islands | Add-curve (mean): 10 islands, n=3822 -> corr=0.1342
2026-03-04 21:48:26 | INFO | src.tmc_shapley_islands | Add-curve (mean): 11 islands, n=4405 -> corr=0.1285
2026-03-04 21:48:28 | INFO | src.tmc_shapley_islands | Add-curve (mean): 12 islands, n=4596 -> corr=0.1209
2026-03-04 21:48:30 | INFO | src.tmc_shapley_islands | Add-curve (mean): 13 islands, n=4882 -> corr=0.1140
2026-03-04 21:48:32 | INFO | src.tmc_shapley_islands | Add-curve (mean): 14 islands, n=4974 -> corr=0.1126
2026-03-04 21:48:34 | INFO | src.tmc_shapley_islands | Add-curve (mean): 15 islands, n=5147 -> corr=0.1180
2026-03-04 21:48:48 | INFO | src.tmc_shapley_islands | Random individual add-curve (seed=0) complete
2026-03-04 21:49:01 | INFO | src.tmc_shapley_islands | Random individual add-curve (seed=1) complete
2026-03-04 21:49:15 | INFO | src.tmc_shapley_islands | Random individual add-curve (seed=2) complete
2026-03-04 21:49:28 | INFO | src.tmc_shapley_islands | Random individual add-curve (seed=3) complete
2026-03-04 21:49:42 | INFO | src.tmc_shapley_islands | Random individual add-curve (seed=4) complete
2026-03-04 21:49:42 | INFO | src.tmc_shapley_islands | Building mirrored remove-islands curve from add-islands curve...
2026-03-04 21:49:42 | INFO | src.tmc_shapley_islands | Saved Shapley values to outputs/tmc_shapley_sweep_all_traits/shards/shard_017/wing/tmp/shapley_island_values_target_14.csv
2026-03-04 21:49:42 | INFO | src.tmc_shapley_islands | Saved summary to outputs/tmc_shapley_sweep_all_traits/shards/shard_017/wing/tmp/tmc_summary_target_14.json
2026-03-04 21:49:42 | INFO | src.tmc_shapley_islands | Saved intermediate ranking trace to outputs/tmc_shapley_sweep_all_traits/shards/shard_017/wing/tmp/tmc_intermediate_rankings_target_14.csv
2026-03-04 21:49:42 | INFO | src.tmc_shapley_islands | Saved add-curve to outputs/tmc_shapley_sweep_all_traits/shards/shard_017/wing/tmp/add_curve_target_14.csv
2026-03-04 21:49:42 | INFO | src.tmc_shapley_islands | Saved remove-curve to outputs/tmc_shapley_sweep_all_traits/shards/shard_017/wing/tmp/remove_curve_target_14.csv
2026-03-04 21:49:42 | INFO | src.tmc_shapley_islands | Saved bar plot to outputs/tmc_shapley_sweep_all_traits/shards/shard_017/wing/tmp/shapley_bar_target_14.png
2026-03-04 21:49:43 | INFO | src.tmc_shapley_islands | Saved add-curve plot to outputs/tmc_shapley_sweep_all_traits/shards/shard_017/wing/tmp/add_curve_target_14.png
2026-03-04 21:49:43 | INFO | src.tmc_shapley_islands | Saved remove-curve plot to outputs/tmc_shapley_sweep_all_traits/shards/shard_017/wing/tmp/remove_curve_target_14.png
2026-03-04 21:49:43 | INFO | __main__ | Shard 17/30 trait=wing progress 67/75 | target=14 n_cal_samples=80 perm=20 repeat=5
2026-03-04 21:49:43 | INFO | src.tmc_shapley_islands | [Shapley] Target island: 14 (Southern 4), source islands: 15
2026-03-04 21:49:44 | INFO | src.tmc_shapley_islands | Data: source=5147 (across 15 islands), cal=80, test=336
2026-03-04 21:49:44 | INFO | src.tmc_shapley_islands | SNP selection: using fixed precomputed subset (n=20000)
2026-03-04 21:49:44 | INFO | src.tmc_shapley_islands | Island counts (capped to None in training):
  Nesøy: n=118
  Myken: n=92
  Træna: n=286
  Selvær: n=191
  Gjerøy: n=553
  Hestmannøy: n=1055
  Indre Kvarøy: n=349
  Onøy og Lurøy: n=256
  Lovund: n=151
  Sleneset: n=160
  Aldra: n=173
  Southern 1: n=581
  Southern 2: n=397
  Southern 3: n=583
  Southern 5: n=202
2026-03-04 21:49:44 | INFO | src.tmc_shapley_islands | Loaded 136 cached utilities from outputs/tmc_shapley_sweep_all_traits/cache/wing/utility_cache_target_14_seed_420293676.json
2026-03-04 21:49:44 | INFO | src.tmc_shapley_islands | Running TMC-Shapley with 20 permutations (utility on cal set)...
2026-03-04 21:49:44 | INFO | src.tmc_shapley_islands | Computing V_full over all 15 source islands...
2026-03-04 21:49:44 | INFO | src.tmc_shapley_islands | V_full = 0.2290
2026-03-04 21:49:44 | INFO | src.tmc_shapley_islands | TMC head-start: loaded 10 completed permutations from state outputs/tmc_shapley_sweep_all_traits/cache/wing/tmc_perm_state_target_14_seed_420293676.json
2026-03-04 21:50:13 | INFO | src.tmc_shapley_islands | TMC progress: 12/20 permutations done, cache hit rate: 19.4%, n_evals: 25
2026-03-04 21:51:07 | INFO | src.tmc_shapley_islands | TMC progress: 16/20 permutations done, cache hit rate: 16.5%, n_evals: 76
2026-03-04 21:51:52 | INFO | src.tmc_shapley_islands | TMC progress: 20/20 permutations done, cache hit rate: 18.5%, n_evals: 123
2026-03-04 21:51:52 | INFO | src.tmc_shapley_islands | TMC complete: 20 permutations, 0 truncated, 123 utility evals, cache hit rate: 18.5%
2026-03-04 21:51:52 | INFO | src.tmc_shapley_islands | Shapley values (phi, computed on cal set):
2026-03-04 21:51:52 | INFO | src.tmc_shapley_islands |   Nesøy: phi=-0.001282, phi/n=-0.00001087
2026-03-04 21:51:52 | INFO | src.tmc_shapley_islands |   Myken: phi=-0.018957, phi/n=-0.00020605
2026-03-04 21:51:52 | INFO | src.tmc_shapley_islands |   Træna: phi=-0.053127, phi/n=-0.00018576
2026-03-04 21:51:52 | INFO | src.tmc_shapley_islands |   Selvær: phi=-0.023715, phi/n=-0.00012416
2026-03-04 21:51:52 | INFO | src.tmc_shapley_islands |   Gjerøy: phi=0.047152, phi/n=0.00008527
2026-03-04 21:51:52 | INFO | src.tmc_shapley_islands |   Hestmannøy: phi=0.058700, phi/n=0.00005564
2026-03-04 21:51:52 | INFO | src.tmc_shapley_islands |   Indre Kvarøy: phi=0.012334, phi/n=0.00003534
2026-03-04 21:51:52 | INFO | src.tmc_shapley_islands |   Onøy og Lurøy: phi=0.046176, phi/n=0.00018038
2026-03-04 21:51:52 | INFO | src.tmc_shapley_islands |   Lovund: phi=-0.004563, phi/n=-0.00003022
2026-03-04 21:51:52 | INFO | src.tmc_shapley_islands |   Sleneset: phi=0.037877, phi/n=0.00023673
2026-03-04 21:51:52 | INFO | src.tmc_shapley_islands |   Aldra: phi=-0.030029, phi/n=-0.00017358
2026-03-04 21:51:52 | INFO | src.tmc_shapley_islands |   Southern 1: phi=0.123574, phi/n=0.00021269
2026-03-04 21:51:52 | INFO | src.tmc_shapley_islands |   Southern 2: phi=0.083186, phi/n=0.00020954
2026-03-04 21:51:52 | INFO | src.tmc_shapley_islands |   Southern 3: phi=-0.047126, phi/n=-0.00008083
2026-03-04 21:51:52 | INFO | src.tmc_shapley_islands |   Southern 5: phi=-0.001241, phi/n=-0.00000614
2026-03-04 21:51:52 | INFO | src.tmc_shapley_islands | Curve retraining early stopping: enabled=True, patience=20
2026-03-04 21:51:52 | INFO | src.tmc_shapley_islands | Computing add-islands curve (evaluated on test set)...
2026-03-04 21:51:52 | INFO | src.tmc_shapley_islands | Add-curve (mean): 1 islands, n=160 -> corr=0.0121
2026-03-04 21:51:52 | INFO | src.tmc_shapley_islands | Add-curve (mean): 2 islands, n=741 -> corr=0.1200
2026-03-04 21:51:52 | INFO | src.tmc_shapley_islands | Add-curve (mean): 3 islands, n=1138 -> corr=0.1302
2026-03-04 21:51:53 | INFO | src.tmc_shapley_islands | Add-curve (mean): 4 islands, n=1394 -> corr=0.1311
2026-03-04 21:51:54 | INFO | src.tmc_shapley_islands | Add-curve (mean): 5 islands, n=1947 -> corr=0.0885
2026-03-04 21:51:55 | INFO | src.tmc_shapley_islands | Add-curve (mean): 6 islands, n=3002 -> corr=0.1282
2026-03-04 21:51:56 | INFO | src.tmc_shapley_islands | Add-curve (mean): 7 islands, n=3351 -> corr=0.1113
2026-03-04 21:51:58 | INFO | src.tmc_shapley_islands | Add-curve (mean): 8 islands, n=3553 -> corr=0.1326
2026-03-04 21:51:59 | INFO | src.tmc_shapley_islands | Add-curve (mean): 9 islands, n=3671 -> corr=0.1358
2026-03-04 21:52:01 | INFO | src.tmc_shapley_islands | Add-curve (mean): 10 islands, n=3822 -> corr=0.1342
2026-03-04 21:52:03 | INFO | src.tmc_shapley_islands | Add-curve (mean): 11 islands, n=4405 -> corr=0.1285
2026-03-04 21:52:05 | INFO | src.tmc_shapley_islands | Add-curve (mean): 12 islands, n=4596 -> corr=0.1209
2026-03-04 21:52:07 | INFO | src.tmc_shapley_islands | Add-curve (mean): 13 islands, n=4769 -> corr=0.1266
2026-03-04 21:52:09 | INFO | src.tmc_shapley_islands | Add-curve (mean): 14 islands, n=5055 -> corr=0.1196
2026-03-04 21:52:11 | INFO | src.tmc_shapley_islands | Add-curve (mean): 15 islands, n=5147 -> corr=0.1180
2026-03-04 21:52:25 | INFO | src.tmc_shapley_islands | Random individual add-curve (seed=0) complete
2026-03-04 21:52:39 | INFO | src.tmc_shapley_islands | Random individual add-curve (seed=1) complete
2026-03-04 21:52:53 | INFO | src.tmc_shapley_islands | Random individual add-curve (seed=2) complete
2026-03-04 21:53:07 | INFO | src.tmc_shapley_islands | Random individual add-curve (seed=3) complete
2026-03-04 21:53:21 | INFO | src.tmc_shapley_islands | Random individual add-curve (seed=4) complete
2026-03-04 21:53:21 | INFO | src.tmc_shapley_islands | Building mirrored remove-islands curve from add-islands curve...
2026-03-04 21:53:21 | INFO | src.tmc_shapley_islands | Saved Shapley values to outputs/tmc_shapley_sweep_all_traits/shards/shard_017/wing/tmp/shapley_island_values_target_14.csv
2026-03-04 21:53:21 | INFO | src.tmc_shapley_islands | Saved summary to outputs/tmc_shapley_sweep_all_traits/shards/shard_017/wing/tmp/tmc_summary_target_14.json
2026-03-04 21:53:21 | INFO | src.tmc_shapley_islands | Saved intermediate ranking trace to outputs/tmc_shapley_sweep_all_traits/shards/shard_017/wing/tmp/tmc_intermediate_rankings_target_14.csv
2026-03-04 21:53:21 | INFO | src.tmc_shapley_islands | Saved add-curve to outputs/tmc_shapley_sweep_all_traits/shards/shard_017/wing/tmp/add_curve_target_14.csv
2026-03-04 21:53:21 | INFO | src.tmc_shapley_islands | Saved remove-curve to outputs/tmc_shapley_sweep_all_traits/shards/shard_017/wing/tmp/remove_curve_target_14.csv
2026-03-04 21:53:21 | INFO | src.tmc_shapley_islands | Saved bar plot to outputs/tmc_shapley_sweep_all_traits/shards/shard_017/wing/tmp/shapley_bar_target_14.png
2026-03-04 21:53:22 | INFO | src.tmc_shapley_islands | Saved add-curve plot to outputs/tmc_shapley_sweep_all_traits/shards/shard_017/wing/tmp/add_curve_target_14.png
2026-03-04 21:53:22 | INFO | src.tmc_shapley_islands | Saved remove-curve plot to outputs/tmc_shapley_sweep_all_traits/shards/shard_017/wing/tmp/remove_curve_target_14.png
2026-03-04 21:53:22 | INFO | __main__ | Shard 17/30 trait=wing progress 68/75 | target=14 n_cal_samples=80 perm=40 repeat=5
2026-03-04 21:53:22 | INFO | src.tmc_shapley_islands | [Shapley] Target island: 14 (Southern 4), source islands: 15
2026-03-04 21:53:23 | INFO | src.tmc_shapley_islands | Data: source=5147 (across 15 islands), cal=80, test=336
2026-03-04 21:53:23 | INFO | src.tmc_shapley_islands | SNP selection: using fixed precomputed subset (n=20000)
2026-03-04 21:53:23 | INFO | src.tmc_shapley_islands | Island counts (capped to None in training):
  Nesøy: n=118
  Myken: n=92
  Træna: n=286
  Selvær: n=191
  Gjerøy: n=553
  Hestmannøy: n=1055
  Indre Kvarøy: n=349
  Onøy og Lurøy: n=256
  Lovund: n=151
  Sleneset: n=160
  Aldra: n=173
  Southern 1: n=581
  Southern 2: n=397
  Southern 3: n=583
  Southern 5: n=202
2026-03-04 21:53:23 | INFO | src.tmc_shapley_islands | Loaded 259 cached utilities from outputs/tmc_shapley_sweep_all_traits/cache/wing/utility_cache_target_14_seed_420293676.json
2026-03-04 21:53:23 | INFO | src.tmc_shapley_islands | Running TMC-Shapley with 40 permutations (utility on cal set)...
2026-03-04 21:53:23 | INFO | src.tmc_shapley_islands | Computing V_full over all 15 source islands...
2026-03-04 21:53:23 | INFO | src.tmc_shapley_islands | V_full = 0.2290
2026-03-04 21:53:23 | INFO | src.tmc_shapley_islands | TMC head-start: loaded 20 completed permutations from state outputs/tmc_shapley_sweep_all_traits/cache/wing/tmc_perm_state_target_14_seed_420293676.json
2026-03-04 21:54:07 | INFO | src.tmc_shapley_islands | TMC progress: 24/40 permutations done, cache hit rate: 23.0%, n_evals: 47
2026-03-04 21:55:33 | INFO | src.tmc_shapley_islands | TMC progress: 32/40 permutations done, cache hit rate: 24.3%, n_evals: 137
2026-03-04 21:56:57 | INFO | src.tmc_shapley_islands | TMC progress: 40/40 permutations done, cache hit rate: 24.3%, n_evals: 228
2026-03-04 21:56:57 | INFO | src.tmc_shapley_islands | TMC complete: 40 permutations, 0 truncated, 228 utility evals, cache hit rate: 24.3%
2026-03-04 21:56:57 | INFO | src.tmc_shapley_islands | Shapley values (phi, computed on cal set):
2026-03-04 21:56:57 | INFO | src.tmc_shapley_islands |   Nesøy: phi=0.000076, phi/n=0.00000064
2026-03-04 21:56:57 | INFO | src.tmc_shapley_islands |   Myken: phi=-0.027144, phi/n=-0.00029505
2026-03-04 21:56:57 | INFO | src.tmc_shapley_islands |   Træna: phi=-0.048457, phi/n=-0.00016943
2026-03-04 21:56:57 | INFO | src.tmc_shapley_islands |   Selvær: phi=-0.021920, phi/n=-0.00011477
2026-03-04 21:56:57 | INFO | src.tmc_shapley_islands |   Gjerøy: phi=0.048464, phi/n=0.00008764
2026-03-04 21:56:57 | INFO | src.tmc_shapley_islands |   Hestmannøy: phi=0.056890, phi/n=0.00005392
2026-03-04 21:56:57 | INFO | src.tmc_shapley_islands |   Indre Kvarøy: phi=0.012431, phi/n=0.00003562
2026-03-04 21:56:57 | INFO | src.tmc_shapley_islands |   Onøy og Lurøy: phi=0.041011, phi/n=0.00016020
2026-03-04 21:56:57 | INFO | src.tmc_shapley_islands |   Lovund: phi=-0.002705, phi/n=-0.00001791
2026-03-04 21:56:57 | INFO | src.tmc_shapley_islands |   Sleneset: phi=0.036891, phi/n=0.00023057
2026-03-04 21:56:57 | INFO | src.tmc_shapley_islands |   Aldra: phi=-0.027457, phi/n=-0.00015871
2026-03-04 21:56:57 | INFO | src.tmc_shapley_islands |   Southern 1: phi=0.124833, phi/n=0.00021486
2026-03-04 21:56:57 | INFO | src.tmc_shapley_islands |   Southern 2: phi=0.081844, phi/n=0.00020616
2026-03-04 21:56:57 | INFO | src.tmc_shapley_islands |   Southern 3: phi=-0.045498, phi/n=-0.00007804
2026-03-04 21:56:57 | INFO | src.tmc_shapley_islands |   Southern 5: phi=-0.000300, phi/n=-0.00000149
2026-03-04 21:56:57 | INFO | src.tmc_shapley_islands | Curve retraining early stopping: enabled=True, patience=20
2026-03-04 21:56:57 | INFO | src.tmc_shapley_islands | Computing add-islands curve (evaluated on test set)...
2026-03-04 21:56:57 | INFO | src.tmc_shapley_islands | Add-curve (mean): 1 islands, n=160 -> corr=0.0121
2026-03-04 21:56:57 | INFO | src.tmc_shapley_islands | Add-curve (mean): 2 islands, n=741 -> corr=0.1200
2026-03-04 21:56:58 | INFO | src.tmc_shapley_islands | Add-curve (mean): 3 islands, n=1138 -> corr=0.1302
2026-03-04 21:56:58 | INFO | src.tmc_shapley_islands | Add-curve (mean): 4 islands, n=1394 -> corr=0.1311
2026-03-04 21:56:59 | INFO | src.tmc_shapley_islands | Add-curve (mean): 5 islands, n=1947 -> corr=0.0885
2026-03-04 21:57:00 | INFO | src.tmc_shapley_islands | Add-curve (mean): 6 islands, n=3002 -> corr=0.1282
2026-03-04 21:57:02 | INFO | src.tmc_shapley_islands | Add-curve (mean): 7 islands, n=3351 -> corr=0.1113
2026-03-04 21:57:03 | INFO | src.tmc_shapley_islands | Add-curve (mean): 8 islands, n=3469 -> corr=0.1148
2026-03-04 21:57:04 | INFO | src.tmc_shapley_islands | Add-curve (mean): 9 islands, n=3671 -> corr=0.1358
2026-03-04 21:57:06 | INFO | src.tmc_shapley_islands | Add-curve (mean): 10 islands, n=3822 -> corr=0.1342
2026-03-04 21:57:08 | INFO | src.tmc_shapley_islands | Add-curve (mean): 11 islands, n=4405 -> corr=0.1285
2026-03-04 21:57:10 | INFO | src.tmc_shapley_islands | Add-curve (mean): 12 islands, n=4596 -> corr=0.1209
2026-03-04 21:57:12 | INFO | src.tmc_shapley_islands | Add-curve (mean): 13 islands, n=4769 -> corr=0.1266
2026-03-04 21:57:14 | INFO | src.tmc_shapley_islands | Add-curve (mean): 14 islands, n=5055 -> corr=0.1196
2026-03-04 21:57:17 | INFO | src.tmc_shapley_islands | Add-curve (mean): 15 islands, n=5147 -> corr=0.1180
2026-03-04 21:57:30 | INFO | src.tmc_shapley_islands | Random individual add-curve (seed=0) complete
2026-03-04 21:57:44 | INFO | src.tmc_shapley_islands | Random individual add-curve (seed=1) complete
2026-03-04 21:57:58 | INFO | src.tmc_shapley_islands | Random individual add-curve (seed=2) complete
2026-03-04 21:58:11 | INFO | src.tmc_shapley_islands | Random individual add-curve (seed=3) complete
2026-03-04 21:58:25 | INFO | src.tmc_shapley_islands | Random individual add-curve (seed=4) complete
2026-03-04 21:58:25 | INFO | src.tmc_shapley_islands | Building mirrored remove-islands curve from add-islands curve...
2026-03-04 21:58:25 | INFO | src.tmc_shapley_islands | Saved Shapley values to outputs/tmc_shapley_sweep_all_traits/shards/shard_017/wing/tmp/shapley_island_values_target_14.csv
2026-03-04 21:58:25 | INFO | src.tmc_shapley_islands | Saved summary to outputs/tmc_shapley_sweep_all_traits/shards/shard_017/wing/tmp/tmc_summary_target_14.json
2026-03-04 21:58:25 | INFO | src.tmc_shapley_islands | Saved intermediate ranking trace to outputs/tmc_shapley_sweep_all_traits/shards/shard_017/wing/tmp/tmc_intermediate_rankings_target_14.csv
2026-03-04 21:58:25 | INFO | src.tmc_shapley_islands | Saved add-curve to outputs/tmc_shapley_sweep_all_traits/shards/shard_017/wing/tmp/add_curve_target_14.csv
2026-03-04 21:58:25 | INFO | src.tmc_shapley_islands | Saved remove-curve to outputs/tmc_shapley_sweep_all_traits/shards/shard_017/wing/tmp/remove_curve_target_14.csv
2026-03-04 21:58:25 | INFO | src.tmc_shapley_islands | Saved bar plot to outputs/tmc_shapley_sweep_all_traits/shards/shard_017/wing/tmp/shapley_bar_target_14.png
2026-03-04 21:58:26 | INFO | src.tmc_shapley_islands | Saved add-curve plot to outputs/tmc_shapley_sweep_all_traits/shards/shard_017/wing/tmp/add_curve_target_14.png
2026-03-04 21:58:26 | INFO | src.tmc_shapley_islands | Saved remove-curve plot to outputs/tmc_shapley_sweep_all_traits/shards/shard_017/wing/tmp/remove_curve_target_14.png
2026-03-04 21:58:26 | INFO | __main__ | Shard 17/30 trait=wing progress 69/75 | target=14 n_cal_samples=80 perm=80 repeat=5
2026-03-04 21:58:26 | INFO | src.tmc_shapley_islands | [Shapley] Target island: 14 (Southern 4), source islands: 15
2026-03-04 21:58:27 | INFO | src.tmc_shapley_islands | Data: source=5147 (across 15 islands), cal=80, test=336
2026-03-04 21:58:27 | INFO | src.tmc_shapley_islands | SNP selection: using fixed precomputed subset (n=20000)
2026-03-04 21:58:27 | INFO | src.tmc_shapley_islands | Island counts (capped to None in training):
  Nesøy: n=118
  Myken: n=92
  Træna: n=286
  Selvær: n=191
  Gjerøy: n=553
  Hestmannøy: n=1055
  Indre Kvarøy: n=349
  Onøy og Lurøy: n=256
  Lovund: n=151
  Sleneset: n=160
  Aldra: n=173
  Southern 1: n=581
  Southern 2: n=397
  Southern 3: n=583
  Southern 5: n=202
2026-03-04 21:58:27 | INFO | src.tmc_shapley_islands | Loaded 487 cached utilities from outputs/tmc_shapley_sweep_all_traits/cache/wing/utility_cache_target_14_seed_420293676.json
2026-03-04 21:58:27 | INFO | src.tmc_shapley_islands | Running TMC-Shapley with 80 permutations (utility on cal set)...
2026-03-04 21:58:27 | INFO | src.tmc_shapley_islands | Computing V_full over all 15 source islands...
2026-03-04 21:58:27 | INFO | src.tmc_shapley_islands | V_full = 0.2290
2026-03-04 21:58:27 | INFO | src.tmc_shapley_islands | TMC head-start: loaded 40 completed permutations from state outputs/tmc_shapley_sweep_all_traits/cache/wing/tmc_perm_state_target_14_seed_420293676.json
2026-03-04 22:00:02 | INFO | src.tmc_shapley_islands | TMC progress: 48/80 permutations done, cache hit rate: 23.1%, n_evals: 93
2026-03-04 22:03:00 | INFO | src.tmc_shapley_islands | TMC progress: 64/80 permutations done, cache hit rate: 26.3%, n_evals: 266
2026-03-04 22:05:56 | INFO | src.tmc_shapley_islands | TMC progress: 80/80 permutations done, cache hit rate: 27.5%, n_evals: 436
2026-03-04 22:05:56 | INFO | src.tmc_shapley_islands | TMC complete: 80 permutations, 0 truncated, 436 utility evals, cache hit rate: 27.5%
2026-03-04 22:05:56 | INFO | src.tmc_shapley_islands | Shapley values (phi, computed on cal set):
2026-03-04 22:05:56 | INFO | src.tmc_shapley_islands |   Nesøy: phi=-0.000001, phi/n=-0.00000001
2026-03-04 22:05:56 | INFO | src.tmc_shapley_islands |   Myken: phi=-0.028353, phi/n=-0.00030819
2026-03-04 22:05:56 | INFO | src.tmc_shapley_islands |   Træna: phi=-0.043952, phi/n=-0.00015368
2026-03-04 22:05:56 | INFO | src.tmc_shapley_islands |   Selvær: phi=-0.024075, phi/n=-0.00012604
2026-03-04 22:05:56 | INFO | src.tmc_shapley_islands |   Gjerøy: phi=0.049751, phi/n=0.00008997
2026-03-04 22:05:56 | INFO | src.tmc_shapley_islands |   Hestmannøy: phi=0.062011, phi/n=0.00005878
2026-03-04 22:05:56 | INFO | src.tmc_shapley_islands |   Indre Kvarøy: phi=0.012068, phi/n=0.00003458
2026-03-04 22:05:56 | INFO | src.tmc_shapley_islands |   Onøy og Lurøy: phi=0.038065, phi/n=0.00014869
2026-03-04 22:05:56 | INFO | src.tmc_shapley_islands |   Lovund: phi=-0.002468, phi/n=-0.00001634
2026-03-04 22:05:56 | INFO | src.tmc_shapley_islands |   Sleneset: phi=0.035677, phi/n=0.00022298
2026-03-04 22:05:56 | INFO | src.tmc_shapley_islands |   Aldra: phi=-0.026575, phi/n=-0.00015361
2026-03-04 22:05:56 | INFO | src.tmc_shapley_islands |   Southern 1: phi=0.118527, phi/n=0.00020401
2026-03-04 22:05:56 | INFO | src.tmc_shapley_islands |   Southern 2: phi=0.081860, phi/n=0.00020620
2026-03-04 22:05:56 | INFO | src.tmc_shapley_islands |   Southern 3: phi=-0.044502, phi/n=-0.00007633
2026-03-04 22:05:56 | INFO | src.tmc_shapley_islands |   Southern 5: phi=0.000926, phi/n=0.00000459
2026-03-04 22:05:56 | INFO | src.tmc_shapley_islands | Curve retraining early stopping: enabled=True, patience=20
2026-03-04 22:05:56 | INFO | src.tmc_shapley_islands | Computing add-islands curve (evaluated on test set)...
2026-03-04 22:05:57 | INFO | src.tmc_shapley_islands | Add-curve (mean): 1 islands, n=160 -> corr=0.0121
2026-03-04 22:05:57 | INFO | src.tmc_shapley_islands | Add-curve (mean): 2 islands, n=557 -> corr=0.0741
2026-03-04 22:05:57 | INFO | src.tmc_shapley_islands | Add-curve (mean): 3 islands, n=1138 -> corr=0.1302
2026-03-04 22:05:58 | INFO | src.tmc_shapley_islands | Add-curve (mean): 4 islands, n=1394 -> corr=0.1311
2026-03-04 22:05:59 | INFO | src.tmc_shapley_islands | Add-curve (mean): 5 islands, n=1947 -> corr=0.0885
2026-03-04 22:06:00 | INFO | src.tmc_shapley_islands | Add-curve (mean): 6 islands, n=3002 -> corr=0.1282
2026-03-04 22:06:01 | INFO | src.tmc_shapley_islands | Add-curve (mean): 7 islands, n=3351 -> corr=0.1113
2026-03-04 22:06:03 | INFO | src.tmc_shapley_islands | Add-curve (mean): 8 islands, n=3553 -> corr=0.1326
2026-03-04 22:06:04 | INFO | src.tmc_shapley_islands | Add-curve (mean): 9 islands, n=3671 -> corr=0.1358
2026-03-04 22:06:06 | INFO | src.tmc_shapley_islands | Add-curve (mean): 10 islands, n=3822 -> corr=0.1342
2026-03-04 22:06:07 | INFO | src.tmc_shapley_islands | Add-curve (mean): 11 islands, n=4405 -> corr=0.1285
2026-03-04 22:06:09 | INFO | src.tmc_shapley_islands | Add-curve (mean): 12 islands, n=4596 -> corr=0.1209
2026-03-04 22:06:12 | INFO | src.tmc_shapley_islands | Add-curve (mean): 13 islands, n=4769 -> corr=0.1266
2026-03-04 22:06:14 | INFO | src.tmc_shapley_islands | Add-curve (mean): 14 islands, n=5055 -> corr=0.1196
2026-03-04 22:06:16 | INFO | src.tmc_shapley_islands | Add-curve (mean): 15 islands, n=5147 -> corr=0.1180
2026-03-04 22:06:30 | INFO | src.tmc_shapley_islands | Random individual add-curve (seed=0) complete
2026-03-04 22:06:43 | INFO | src.tmc_shapley_islands | Random individual add-curve (seed=1) complete
2026-03-04 22:06:57 | INFO | src.tmc_shapley_islands | Random individual add-curve (seed=2) complete
2026-03-04 22:07:11 | INFO | src.tmc_shapley_islands | Random individual add-curve (seed=3) complete
2026-03-04 22:07:25 | INFO | src.tmc_shapley_islands | Random individual add-curve (seed=4) complete
2026-03-04 22:07:25 | INFO | src.tmc_shapley_islands | Building mirrored remove-islands curve from add-islands curve...
2026-03-04 22:07:25 | INFO | src.tmc_shapley_islands | Saved Shapley values to outputs/tmc_shapley_sweep_all_traits/shards/shard_017/wing/tmp/shapley_island_values_target_14.csv
2026-03-04 22:07:25 | INFO | src.tmc_shapley_islands | Saved summary to outputs/tmc_shapley_sweep_all_traits/shards/shard_017/wing/tmp/tmc_summary_target_14.json
2026-03-04 22:07:25 | INFO | src.tmc_shapley_islands | Saved intermediate ranking trace to outputs/tmc_shapley_sweep_all_traits/shards/shard_017/wing/tmp/tmc_intermediate_rankings_target_14.csv
2026-03-04 22:07:25 | INFO | src.tmc_shapley_islands | Saved add-curve to outputs/tmc_shapley_sweep_all_traits/shards/shard_017/wing/tmp/add_curve_target_14.csv
2026-03-04 22:07:25 | INFO | src.tmc_shapley_islands | Saved remove-curve to outputs/tmc_shapley_sweep_all_traits/shards/shard_017/wing/tmp/remove_curve_target_14.csv
2026-03-04 22:07:25 | INFO | src.tmc_shapley_islands | Saved bar plot to outputs/tmc_shapley_sweep_all_traits/shards/shard_017/wing/tmp/shapley_bar_target_14.png
2026-03-04 22:07:26 | INFO | src.tmc_shapley_islands | Saved add-curve plot to outputs/tmc_shapley_sweep_all_traits/shards/shard_017/wing/tmp/add_curve_target_14.png
2026-03-04 22:07:26 | INFO | src.tmc_shapley_islands | Saved remove-curve plot to outputs/tmc_shapley_sweep_all_traits/shards/shard_017/wing/tmp/remove_curve_target_14.png
2026-03-04 22:07:26 | INFO | __main__ | Shard 17/30 trait=wing progress 70/75 | target=14 n_cal_samples=80 perm=150 repeat=5
2026-03-04 22:07:26 | INFO | src.tmc_shapley_islands | [Shapley] Target island: 14 (Southern 4), source islands: 15
2026-03-04 22:07:27 | INFO | src.tmc_shapley_islands | Data: source=5147 (across 15 islands), cal=80, test=336
2026-03-04 22:07:27 | INFO | src.tmc_shapley_islands | SNP selection: using fixed precomputed subset (n=20000)
2026-03-04 22:07:27 | INFO | src.tmc_shapley_islands | Island counts (capped to None in training):
  Nesøy: n=118
  Myken: n=92
  Træna: n=286
  Selvær: n=191
  Gjerøy: n=553
  Hestmannøy: n=1055
  Indre Kvarøy: n=349
  Onøy og Lurøy: n=256
  Lovund: n=151
  Sleneset: n=160
  Aldra: n=173
  Southern 1: n=581
  Southern 2: n=397
  Southern 3: n=583
  Southern 5: n=202
2026-03-04 22:07:27 | INFO | src.tmc_shapley_islands | Loaded 923 cached utilities from outputs/tmc_shapley_sweep_all_traits/cache/wing/utility_cache_target_14_seed_420293676.json
2026-03-04 22:07:27 | INFO | src.tmc_shapley_islands | Running TMC-Shapley with 150 permutations (utility on cal set)...
2026-03-04 22:07:27 | INFO | src.tmc_shapley_islands | Computing V_full over all 15 source islands...
2026-03-04 22:07:27 | INFO | src.tmc_shapley_islands | V_full = 0.2290
2026-03-04 22:07:27 | INFO | src.tmc_shapley_islands | TMC head-start: loaded 80 completed permutations from state outputs/tmc_shapley_sweep_all_traits/cache/wing/tmc_perm_state_target_14_seed_420293676.json
2026-03-04 22:09:06 | INFO | src.tmc_shapley_islands | TMC progress: 90/150 permutations done, cache hit rate: 31.8%, n_evals: 103
2026-03-04 22:13:45 | INFO | src.tmc_shapley_islands | TMC progress: 120/150 permutations done, cache hit rate: 35.1%, n_evals: 390
2026-03-04 22:18:32 | INFO | src.tmc_shapley_islands | TMC progress: 150/150 permutations done, cache hit rate: 35.5%, n_evals: 678
2026-03-04 22:18:32 | INFO | src.tmc_shapley_islands | TMC complete: 150 permutations, 0 truncated, 678 utility evals, cache hit rate: 35.5%
2026-03-04 22:18:32 | INFO | src.tmc_shapley_islands | Shapley values (phi, computed on cal set):
2026-03-04 22:18:32 | INFO | src.tmc_shapley_islands |   Nesøy: phi=-0.000322, phi/n=-0.00000273
2026-03-04 22:18:32 | INFO | src.tmc_shapley_islands |   Myken: phi=-0.027727, phi/n=-0.00030139
2026-03-04 22:18:32 | INFO | src.tmc_shapley_islands |   Træna: phi=-0.043060, phi/n=-0.00015056
2026-03-04 22:18:32 | INFO | src.tmc_shapley_islands |   Selvær: phi=-0.024569, phi/n=-0.00012863
2026-03-04 22:18:32 | INFO | src.tmc_shapley_islands |   Gjerøy: phi=0.050081, phi/n=0.00009056
2026-03-04 22:18:32 | INFO | src.tmc_shapley_islands |   Hestmannøy: phi=0.060249, phi/n=0.00005711
2026-03-04 22:18:32 | INFO | src.tmc_shapley_islands |   Indre Kvarøy: phi=0.011183, phi/n=0.00003204
2026-03-04 22:18:32 | INFO | src.tmc_shapley_islands |   Onøy og Lurøy: phi=0.037324, phi/n=0.00014580
2026-03-04 22:18:32 | INFO | src.tmc_shapley_islands |   Lovund: phi=-0.002038, phi/n=-0.00001350
2026-03-04 22:18:32 | INFO | src.tmc_shapley_islands |   Sleneset: phi=0.034318, phi/n=0.00021449
2026-03-04 22:18:32 | INFO | src.tmc_shapley_islands |   Aldra: phi=-0.026379, phi/n=-0.00015248
2026-03-04 22:18:32 | INFO | src.tmc_shapley_islands |   Southern 1: phi=0.118561, phi/n=0.00020406
2026-03-04 22:18:32 | INFO | src.tmc_shapley_islands |   Southern 2: phi=0.082949, phi/n=0.00020894
2026-03-04 22:18:32 | INFO | src.tmc_shapley_islands |   Southern 3: phi=-0.043127, phi/n=-0.00007397
2026-03-04 22:18:32 | INFO | src.tmc_shapley_islands |   Southern 5: phi=0.001516, phi/n=0.00000751
2026-03-04 22:18:32 | INFO | src.tmc_shapley_islands | Curve retraining early stopping: enabled=True, patience=20
2026-03-04 22:18:32 | INFO | src.tmc_shapley_islands | Computing add-islands curve (evaluated on test set)...
2026-03-04 22:18:33 | INFO | src.tmc_shapley_islands | Add-curve (mean): 1 islands, n=160 -> corr=0.0121
2026-03-04 22:18:33 | INFO | src.tmc_shapley_islands | Add-curve (mean): 2 islands, n=557 -> corr=0.0741
2026-03-04 22:18:33 | INFO | src.tmc_shapley_islands | Add-curve (mean): 3 islands, n=1138 -> corr=0.1302
2026-03-04 22:18:34 | INFO | src.tmc_shapley_islands | Add-curve (mean): 4 islands, n=1394 -> corr=0.1311
2026-03-04 22:18:35 | INFO | src.tmc_shapley_islands | Add-curve (mean): 5 islands, n=1947 -> corr=0.0885
2026-03-04 22:18:36 | INFO | src.tmc_shapley_islands | Add-curve (mean): 6 islands, n=3002 -> corr=0.1282
2026-03-04 22:18:37 | INFO | src.tmc_shapley_islands | Add-curve (mean): 7 islands, n=3351 -> corr=0.1113
2026-03-04 22:18:39 | INFO | src.tmc_shapley_islands | Add-curve (mean): 8 islands, n=3553 -> corr=0.1326
2026-03-04 22:18:40 | INFO | src.tmc_shapley_islands | Add-curve (mean): 9 islands, n=3671 -> corr=0.1358
2026-03-04 22:18:41 | INFO | src.tmc_shapley_islands | Add-curve (mean): 10 islands, n=3822 -> corr=0.1342
2026-03-04 22:18:43 | INFO | src.tmc_shapley_islands | Add-curve (mean): 11 islands, n=4405 -> corr=0.1285
2026-03-04 22:18:45 | INFO | src.tmc_shapley_islands | Add-curve (mean): 12 islands, n=4596 -> corr=0.1209
2026-03-04 22:18:48 | INFO | src.tmc_shapley_islands | Add-curve (mean): 13 islands, n=4882 -> corr=0.1140
2026-03-04 22:18:50 | INFO | src.tmc_shapley_islands | Add-curve (mean): 14 islands, n=5055 -> corr=0.1196
2026-03-04 22:18:52 | INFO | src.tmc_shapley_islands | Add-curve (mean): 15 islands, n=5147 -> corr=0.1180
2026-03-04 22:19:06 | INFO | src.tmc_shapley_islands | Random individual add-curve (seed=0) complete
2026-03-04 22:19:19 | INFO | src.tmc_shapley_islands | Random individual add-curve (seed=1) complete
2026-03-04 22:19:33 | INFO | src.tmc_shapley_islands | Random individual add-curve (seed=2) complete
2026-03-04 22:19:47 | INFO | src.tmc_shapley_islands | Random individual add-curve (seed=3) complete
2026-03-04 22:20:01 | INFO | src.tmc_shapley_islands | Random individual add-curve (seed=4) complete
2026-03-04 22:20:01 | INFO | src.tmc_shapley_islands | Building mirrored remove-islands curve from add-islands curve...
2026-03-04 22:20:01 | INFO | src.tmc_shapley_islands | Saved Shapley values to outputs/tmc_shapley_sweep_all_traits/shards/shard_017/wing/tmp/shapley_island_values_target_14.csv
2026-03-04 22:20:01 | INFO | src.tmc_shapley_islands | Saved summary to outputs/tmc_shapley_sweep_all_traits/shards/shard_017/wing/tmp/tmc_summary_target_14.json
2026-03-04 22:20:01 | INFO | src.tmc_shapley_islands | Saved intermediate ranking trace to outputs/tmc_shapley_sweep_all_traits/shards/shard_017/wing/tmp/tmc_intermediate_rankings_target_14.csv
2026-03-04 22:20:01 | INFO | src.tmc_shapley_islands | Saved add-curve to outputs/tmc_shapley_sweep_all_traits/shards/shard_017/wing/tmp/add_curve_target_14.csv
2026-03-04 22:20:01 | INFO | src.tmc_shapley_islands | Saved remove-curve to outputs/tmc_shapley_sweep_all_traits/shards/shard_017/wing/tmp/remove_curve_target_14.csv
2026-03-04 22:20:01 | INFO | src.tmc_shapley_islands | Saved bar plot to outputs/tmc_shapley_sweep_all_traits/shards/shard_017/wing/tmp/shapley_bar_target_14.png
2026-03-04 22:20:02 | INFO | src.tmc_shapley_islands | Saved add-curve plot to outputs/tmc_shapley_sweep_all_traits/shards/shard_017/wing/tmp/add_curve_target_14.png
2026-03-04 22:20:02 | INFO | src.tmc_shapley_islands | Saved remove-curve plot to outputs/tmc_shapley_sweep_all_traits/shards/shard_017/wing/tmp/remove_curve_target_14.png
2026-03-04 22:20:02 | INFO | __main__ | Shard 17/30 trait=wing progress 71/75 | target=14 n_cal_samples=150 perm=10 repeat=5
2026-03-04 22:20:02 | INFO | src.tmc_shapley_islands | [Shapley] Target island: 14 (Southern 4), source islands: 15
2026-03-04 22:20:03 | INFO | src.tmc_shapley_islands | Data: source=5147 (across 15 islands), cal=150, test=336
2026-03-04 22:20:03 | INFO | src.tmc_shapley_islands | SNP selection: using fixed precomputed subset (n=20000)
2026-03-04 22:20:03 | INFO | src.tmc_shapley_islands | Island counts (capped to None in training):
  Nesøy: n=118
  Myken: n=92
  Træna: n=286
  Selvær: n=191
  Gjerøy: n=553
  Hestmannøy: n=1055
  Indre Kvarøy: n=349
  Onøy og Lurøy: n=256
  Lovund: n=151
  Sleneset: n=160
  Aldra: n=173
  Southern 1: n=581
  Southern 2: n=397
  Southern 3: n=583
  Southern 5: n=202
2026-03-04 22:20:03 | INFO | src.tmc_shapley_islands | Running TMC-Shapley with 10 permutations (utility on cal set)...
2026-03-04 22:20:03 | INFO | src.tmc_shapley_islands | Computing V_full over all 15 source islands...
2026-03-04 22:20:05 | INFO | src.tmc_shapley_islands | V_full = 0.1287
2026-03-04 22:20:33 | INFO | src.tmc_shapley_islands | TMC progress: 2/10 permutations done, cache hit rate: 6.5%, n_evals: 29
2026-03-04 22:20:59 | INFO | src.tmc_shapley_islands | TMC progress: 4/10 permutations done, cache hit rate: 8.2%, n_evals: 56
2026-03-04 22:21:25 | INFO | src.tmc_shapley_islands | TMC progress: 6/10 permutations done, cache hit rate: 8.8%, n_evals: 83
2026-03-04 22:21:53 | INFO | src.tmc_shapley_islands | TMC progress: 8/10 permutations done, cache hit rate: 9.1%, n_evals: 110
2026-03-04 22:22:19 | INFO | src.tmc_shapley_islands | TMC progress: 10/10 permutations done, cache hit rate: 9.9%, n_evals: 136
2026-03-04 22:22:19 | INFO | src.tmc_shapley_islands | TMC complete: 10 permutations, 0 truncated, 136 utility evals, cache hit rate: 9.9%
2026-03-04 22:22:19 | INFO | src.tmc_shapley_islands | Shapley values (phi, computed on cal set):
2026-03-04 22:22:19 | INFO | src.tmc_shapley_islands |   Nesøy: phi=0.070901, phi/n=0.00060086
2026-03-04 22:22:19 | INFO | src.tmc_shapley_islands |   Myken: phi=0.001877, phi/n=0.00002040
2026-03-04 22:22:19 | INFO | src.tmc_shapley_islands |   Træna: phi=-0.029255, phi/n=-0.00010229
2026-03-04 22:22:19 | INFO | src.tmc_shapley_islands |   Selvær: phi=-0.028728, phi/n=-0.00015041
2026-03-04 22:22:19 | INFO | src.tmc_shapley_islands |   Gjerøy: phi=-0.056981, phi/n=-0.00010304
2026-03-04 22:22:19 | INFO | src.tmc_shapley_islands |   Hestmannøy: phi=0.070941, phi/n=0.00006724
2026-03-04 22:22:19 | INFO | src.tmc_shapley_islands |   Indre Kvarøy: phi=-0.034028, phi/n=-0.00009750
2026-03-04 22:22:19 | INFO | src.tmc_shapley_islands |   Onøy og Lurøy: phi=-0.005922, phi/n=-0.00002313
2026-03-04 22:22:19 | INFO | src.tmc_shapley_islands |   Lovund: phi=-0.000861, phi/n=-0.00000570
2026-03-04 22:22:19 | INFO | src.tmc_shapley_islands |   Sleneset: phi=0.035326, phi/n=0.00022079
2026-03-04 22:22:19 | INFO | src.tmc_shapley_islands |   Aldra: phi=0.024873, phi/n=0.00014378
2026-03-04 22:22:19 | INFO | src.tmc_shapley_islands |   Southern 1: phi=0.043434, phi/n=0.00007476
2026-03-04 22:22:19 | INFO | src.tmc_shapley_islands |   Southern 2: phi=-0.024785, phi/n=-0.00006243
2026-03-04 22:22:19 | INFO | src.tmc_shapley_islands |   Southern 3: phi=-0.031366, phi/n=-0.00005380
2026-03-04 22:22:19 | INFO | src.tmc_shapley_islands |   Southern 5: phi=0.093258, phi/n=0.00046167
2026-03-04 22:22:19 | INFO | src.tmc_shapley_islands | Curve retraining early stopping: enabled=True, patience=20
2026-03-04 22:22:19 | INFO | src.tmc_shapley_islands | Computing add-islands curve (evaluated on test set)...
2026-03-04 22:22:19 | INFO | src.tmc_shapley_islands | Add-curve (mean): 1 islands, n=118 -> corr=-0.0573
2026-03-04 22:22:19 | INFO | src.tmc_shapley_islands | Add-curve (mean): 2 islands, n=320 -> corr=0.0374
2026-03-04 22:22:19 | INFO | src.tmc_shapley_islands | Add-curve (mean): 3 islands, n=480 -> corr=0.0373
2026-03-04 22:22:19 | INFO | src.tmc_shapley_islands | Add-curve (mean): 4 islands, n=653 -> corr=0.0389
2026-03-04 22:22:20 | INFO | src.tmc_shapley_islands | Add-curve (mean): 5 islands, n=1234 -> corr=0.1290
2026-03-04 22:22:21 | INFO | src.tmc_shapley_islands | Add-curve (mean): 6 islands, n=2289 -> corr=0.1487
2026-03-04 22:22:22 | INFO | src.tmc_shapley_islands | Add-curve (mean): 7 islands, n=2381 -> corr=0.1438
2026-03-04 22:22:23 | INFO | src.tmc_shapley_islands | Add-curve (mean): 8 islands, n=2532 -> corr=0.1482
2026-03-04 22:22:24 | INFO | src.tmc_shapley_islands | Add-curve (mean): 9 islands, n=2788 -> corr=0.1618
2026-03-04 22:22:25 | INFO | src.tmc_shapley_islands | Add-curve (mean): 10 islands, n=3371 -> corr=0.1516
2026-03-04 22:22:27 | INFO | src.tmc_shapley_islands | Add-curve (mean): 11 islands, n=3768 -> corr=0.1752
2026-03-04 22:22:28 | INFO | src.tmc_shapley_islands | Add-curve (mean): 12 islands, n=4117 -> corr=0.1731
2026-03-04 22:22:30 | INFO | src.tmc_shapley_islands | Add-curve (mean): 13 islands, n=4403 -> corr=0.1706
2026-03-04 22:22:32 | INFO | src.tmc_shapley_islands | Add-curve (mean): 14 islands, n=4956 -> corr=0.1585
2026-03-04 22:22:35 | INFO | src.tmc_shapley_islands | Add-curve (mean): 15 islands, n=5147 -> corr=0.1519
2026-03-04 22:22:46 | INFO | src.tmc_shapley_islands | Random individual add-curve (seed=0) complete
2026-03-04 22:22:57 | INFO | src.tmc_shapley_islands | Random individual add-curve (seed=1) complete
2026-03-04 22:23:07 | INFO | src.tmc_shapley_islands | Random individual add-curve (seed=2) complete
2026-03-04 22:23:18 | INFO | src.tmc_shapley_islands | Random individual add-curve (seed=3) complete
2026-03-04 22:23:29 | INFO | src.tmc_shapley_islands | Random individual add-curve (seed=4) complete
2026-03-04 22:23:29 | INFO | src.tmc_shapley_islands | Building mirrored remove-islands curve from add-islands curve...
2026-03-04 22:23:29 | INFO | src.tmc_shapley_islands | Saved Shapley values to outputs/tmc_shapley_sweep_all_traits/shards/shard_017/wing/tmp/shapley_island_values_target_14.csv
2026-03-04 22:23:29 | INFO | src.tmc_shapley_islands | Saved summary to outputs/tmc_shapley_sweep_all_traits/shards/shard_017/wing/tmp/tmc_summary_target_14.json
2026-03-04 22:23:29 | INFO | src.tmc_shapley_islands | Saved intermediate ranking trace to outputs/tmc_shapley_sweep_all_traits/shards/shard_017/wing/tmp/tmc_intermediate_rankings_target_14.csv
2026-03-04 22:23:29 | INFO | src.tmc_shapley_islands | Saved add-curve to outputs/tmc_shapley_sweep_all_traits/shards/shard_017/wing/tmp/add_curve_target_14.csv
2026-03-04 22:23:29 | INFO | src.tmc_shapley_islands | Saved remove-curve to outputs/tmc_shapley_sweep_all_traits/shards/shard_017/wing/tmp/remove_curve_target_14.csv
2026-03-04 22:23:29 | INFO | src.tmc_shapley_islands | Saved bar plot to outputs/tmc_shapley_sweep_all_traits/shards/shard_017/wing/tmp/shapley_bar_target_14.png
2026-03-04 22:23:30 | INFO | src.tmc_shapley_islands | Saved add-curve plot to outputs/tmc_shapley_sweep_all_traits/shards/shard_017/wing/tmp/add_curve_target_14.png
2026-03-04 22:23:30 | INFO | src.tmc_shapley_islands | Saved remove-curve plot to outputs/tmc_shapley_sweep_all_traits/shards/shard_017/wing/tmp/remove_curve_target_14.png
2026-03-04 22:23:30 | INFO | __main__ | Shard 17/30 trait=wing progress 72/75 | target=14 n_cal_samples=150 perm=20 repeat=5
2026-03-04 22:23:30 | INFO | src.tmc_shapley_islands | [Shapley] Target island: 14 (Southern 4), source islands: 15
2026-03-04 22:23:31 | INFO | src.tmc_shapley_islands | Data: source=5147 (across 15 islands), cal=150, test=336
2026-03-04 22:23:31 | INFO | src.tmc_shapley_islands | SNP selection: using fixed precomputed subset (n=20000)
2026-03-04 22:23:31 | INFO | src.tmc_shapley_islands | Island counts (capped to None in training):
  Nesøy: n=118
  Myken: n=92
  Træna: n=286
  Selvær: n=191
  Gjerøy: n=553
  Hestmannøy: n=1055
  Indre Kvarøy: n=349
  Onøy og Lurøy: n=256
  Lovund: n=151
  Sleneset: n=160
  Aldra: n=173
  Southern 1: n=581
  Southern 2: n=397
  Southern 3: n=583
  Southern 5: n=202
2026-03-04 22:23:31 | INFO | src.tmc_shapley_islands | Loaded 136 cached utilities from outputs/tmc_shapley_sweep_all_traits/cache/wing/utility_cache_target_14_seed_1831275410.json
2026-03-04 22:23:31 | INFO | src.tmc_shapley_islands | Running TMC-Shapley with 20 permutations (utility on cal set)...
2026-03-04 22:23:31 | INFO | src.tmc_shapley_islands | Computing V_full over all 15 source islands...
2026-03-04 22:23:31 | INFO | src.tmc_shapley_islands | V_full = 0.1287
2026-03-04 22:23:31 | INFO | src.tmc_shapley_islands | TMC head-start: loaded 10 completed permutations from state outputs/tmc_shapley_sweep_all_traits/cache/wing/tmc_perm_state_target_14_seed_1831275410.json
2026-03-04 22:23:58 | INFO | src.tmc_shapley_islands | TMC progress: 12/20 permutations done, cache hit rate: 12.9%, n_evals: 27
2026-03-04 22:24:53 | INFO | src.tmc_shapley_islands | TMC progress: 16/20 permutations done, cache hit rate: 13.2%, n_evals: 79
2026-03-04 22:25:39 | INFO | src.tmc_shapley_islands | TMC progress: 20/20 permutations done, cache hit rate: 16.6%, n_evals: 126
2026-03-04 22:25:39 | INFO | src.tmc_shapley_islands | TMC complete: 20 permutations, 0 truncated, 126 utility evals, cache hit rate: 16.6%
2026-03-04 22:25:39 | INFO | src.tmc_shapley_islands | Shapley values (phi, computed on cal set):
2026-03-04 22:25:39 | INFO | src.tmc_shapley_islands |   Nesøy: phi=0.052057, phi/n=0.00044116
2026-03-04 22:25:39 | INFO | src.tmc_shapley_islands |   Myken: phi=0.000478, phi/n=0.00000519
2026-03-04 22:25:39 | INFO | src.tmc_shapley_islands |   Træna: phi=-0.032675, phi/n=-0.00011425
2026-03-04 22:25:39 | INFO | src.tmc_shapley_islands |   Selvær: phi=-0.029622, phi/n=-0.00015509
2026-03-04 22:25:39 | INFO | src.tmc_shapley_islands |   Gjerøy: phi=-0.050319, phi/n=-0.00009099
2026-03-04 22:25:39 | INFO | src.tmc_shapley_islands |   Hestmannøy: phi=0.089602, phi/n=0.00008493
2026-03-04 22:25:39 | INFO | src.tmc_shapley_islands |   Indre Kvarøy: phi=-0.033329, phi/n=-0.00009550
2026-03-04 22:25:39 | INFO | src.tmc_shapley_islands |   Onøy og Lurøy: phi=-0.006309, phi/n=-0.00002464
2026-03-04 22:25:39 | INFO | src.tmc_shapley_islands |   Lovund: phi=0.000366, phi/n=0.00000242
2026-03-04 22:25:39 | INFO | src.tmc_shapley_islands |   Sleneset: phi=0.050126, phi/n=0.00031329
2026-03-04 22:25:39 | INFO | src.tmc_shapley_islands |   Aldra: phi=0.022262, phi/n=0.00012868
2026-03-04 22:25:39 | INFO | src.tmc_shapley_islands |   Southern 1: phi=0.041729, phi/n=0.00007182
2026-03-04 22:25:39 | INFO | src.tmc_shapley_islands |   Southern 2: phi=-0.024211, phi/n=-0.00006099
2026-03-04 22:25:39 | INFO | src.tmc_shapley_islands |   Southern 3: phi=-0.027146, phi/n=-0.00004656
2026-03-04 22:25:39 | INFO | src.tmc_shapley_islands |   Southern 5: phi=0.075676, phi/n=0.00037463
2026-03-04 22:25:39 | INFO | src.tmc_shapley_islands | Curve retraining early stopping: enabled=True, patience=20
2026-03-04 22:25:39 | INFO | src.tmc_shapley_islands | Computing add-islands curve (evaluated on test set)...
2026-03-04 22:25:39 | INFO | src.tmc_shapley_islands | Add-curve (mean): 1 islands, n=118 -> corr=-0.0573
2026-03-04 22:25:39 | INFO | src.tmc_shapley_islands | Add-curve (mean): 2 islands, n=320 -> corr=0.0374
2026-03-04 22:25:40 | INFO | src.tmc_shapley_islands | Add-curve (mean): 3 islands, n=480 -> corr=0.0373
2026-03-04 22:25:40 | INFO | src.tmc_shapley_islands | Add-curve (mean): 4 islands, n=653 -> corr=0.0389
2026-03-04 22:25:41 | INFO | src.tmc_shapley_islands | Add-curve (mean): 5 islands, n=1708 -> corr=0.1053
2026-03-04 22:25:42 | INFO | src.tmc_shapley_islands | Add-curve (mean): 6 islands, n=2289 -> corr=0.1487
2026-03-04 22:25:43 | INFO | src.tmc_shapley_islands | Add-curve (mean): 7 islands, n=2381 -> corr=0.1438
2026-03-04 22:25:44 | INFO | src.tmc_shapley_islands | Add-curve (mean): 8 islands, n=2532 -> corr=0.1482
2026-03-04 22:25:45 | INFO | src.tmc_shapley_islands | Add-curve (mean): 9 islands, n=2788 -> corr=0.1618
2026-03-04 22:25:46 | INFO | src.tmc_shapley_islands | Add-curve (mean): 10 islands, n=3371 -> corr=0.1516
2026-03-04 22:25:47 | INFO | src.tmc_shapley_islands | Add-curve (mean): 11 islands, n=3768 -> corr=0.1752
2026-03-04 22:25:49 | INFO | src.tmc_shapley_islands | Add-curve (mean): 12 islands, n=4321 -> corr=0.1636
2026-03-04 22:25:51 | INFO | src.tmc_shapley_islands | Add-curve (mean): 13 islands, n=4670 -> corr=0.1609
2026-03-04 22:25:54 | INFO | src.tmc_shapley_islands | Add-curve (mean): 14 islands, n=4956 -> corr=0.1585
2026-03-04 22:25:56 | INFO | src.tmc_shapley_islands | Add-curve (mean): 15 islands, n=5147 -> corr=0.1519
2026-03-04 22:26:07 | INFO | src.tmc_shapley_islands | Random individual add-curve (seed=0) complete
2026-03-04 22:26:17 | INFO | src.tmc_shapley_islands | Random individual add-curve (seed=1) complete
2026-03-04 22:26:28 | INFO | src.tmc_shapley_islands | Random individual add-curve (seed=2) complete
2026-03-04 22:26:39 | INFO | src.tmc_shapley_islands | Random individual add-curve (seed=3) complete
2026-03-04 22:26:50 | INFO | src.tmc_shapley_islands | Random individual add-curve (seed=4) complete
2026-03-04 22:26:50 | INFO | src.tmc_shapley_islands | Building mirrored remove-islands curve from add-islands curve...
2026-03-04 22:26:50 | INFO | src.tmc_shapley_islands | Saved Shapley values to outputs/tmc_shapley_sweep_all_traits/shards/shard_017/wing/tmp/shapley_island_values_target_14.csv
2026-03-04 22:26:50 | INFO | src.tmc_shapley_islands | Saved summary to outputs/tmc_shapley_sweep_all_traits/shards/shard_017/wing/tmp/tmc_summary_target_14.json
2026-03-04 22:26:50 | INFO | src.tmc_shapley_islands | Saved intermediate ranking trace to outputs/tmc_shapley_sweep_all_traits/shards/shard_017/wing/tmp/tmc_intermediate_rankings_target_14.csv
2026-03-04 22:26:50 | INFO | src.tmc_shapley_islands | Saved add-curve to outputs/tmc_shapley_sweep_all_traits/shards/shard_017/wing/tmp/add_curve_target_14.csv
2026-03-04 22:26:50 | INFO | src.tmc_shapley_islands | Saved remove-curve to outputs/tmc_shapley_sweep_all_traits/shards/shard_017/wing/tmp/remove_curve_target_14.csv
2026-03-04 22:26:50 | INFO | src.tmc_shapley_islands | Saved bar plot to outputs/tmc_shapley_sweep_all_traits/shards/shard_017/wing/tmp/shapley_bar_target_14.png
2026-03-04 22:26:51 | INFO | src.tmc_shapley_islands | Saved add-curve plot to outputs/tmc_shapley_sweep_all_traits/shards/shard_017/wing/tmp/add_curve_target_14.png
2026-03-04 22:26:51 | INFO | src.tmc_shapley_islands | Saved remove-curve plot to outputs/tmc_shapley_sweep_all_traits/shards/shard_017/wing/tmp/remove_curve_target_14.png
2026-03-04 22:26:51 | INFO | __main__ | Shard 17/30 trait=wing progress 73/75 | target=14 n_cal_samples=150 perm=40 repeat=5
2026-03-04 22:26:51 | INFO | src.tmc_shapley_islands | [Shapley] Target island: 14 (Southern 4), source islands: 15
2026-03-04 22:26:52 | INFO | src.tmc_shapley_islands | Data: source=5147 (across 15 islands), cal=150, test=336
2026-03-04 22:26:52 | INFO | src.tmc_shapley_islands | SNP selection: using fixed precomputed subset (n=20000)
2026-03-04 22:26:52 | INFO | src.tmc_shapley_islands | Island counts (capped to None in training):
  Nesøy: n=118
  Myken: n=92
  Træna: n=286
  Selvær: n=191
  Gjerøy: n=553
  Hestmannøy: n=1055
  Indre Kvarøy: n=349
  Onøy og Lurøy: n=256
  Lovund: n=151
  Sleneset: n=160
  Aldra: n=173
  Southern 1: n=581
  Southern 2: n=397
  Southern 3: n=583
  Southern 5: n=202
2026-03-04 22:26:52 | INFO | src.tmc_shapley_islands | Loaded 262 cached utilities from outputs/tmc_shapley_sweep_all_traits/cache/wing/utility_cache_target_14_seed_1831275410.json
2026-03-04 22:26:52 | INFO | src.tmc_shapley_islands | Running TMC-Shapley with 40 permutations (utility on cal set)...
2026-03-04 22:26:52 | INFO | src.tmc_shapley_islands | Computing V_full over all 15 source islands...
2026-03-04 22:26:52 | INFO | src.tmc_shapley_islands | V_full = 0.1287
2026-03-04 22:26:52 | INFO | src.tmc_shapley_islands | TMC head-start: loaded 20 completed permutations from state outputs/tmc_shapley_sweep_all_traits/cache/wing/tmc_perm_state_target_14_seed_1831275410.json
2026-03-04 22:27:34 | INFO | src.tmc_shapley_islands | TMC progress: 24/40 permutations done, cache hit rate: 24.6%, n_evals: 46
2026-03-04 22:29:23 | INFO | src.tmc_shapley_islands | TMC progress: 32/40 permutations done, cache hit rate: 21.5%, n_evals: 142
2026-03-04 22:30:55 | INFO | src.tmc_shapley_islands | TMC progress: 40/40 permutations done, cache hit rate: 23.3%, n_evals: 231
2026-03-04 22:30:55 | INFO | src.tmc_shapley_islands | TMC complete: 40 permutations, 0 truncated, 231 utility evals, cache hit rate: 23.3%
2026-03-04 22:30:55 | INFO | src.tmc_shapley_islands | Shapley values (phi, computed on cal set):
2026-03-04 22:30:55 | INFO | src.tmc_shapley_islands |   Nesøy: phi=0.045785, phi/n=0.00038801
2026-03-04 22:30:55 | INFO | src.tmc_shapley_islands |   Myken: phi=0.000116, phi/n=0.00000126
2026-03-04 22:30:55 | INFO | src.tmc_shapley_islands |   Træna: phi=-0.031288, phi/n=-0.00010940
2026-03-04 22:30:55 | INFO | src.tmc_shapley_islands |   Selvær: phi=-0.027223, phi/n=-0.00014253
2026-03-04 22:30:55 | INFO | src.tmc_shapley_islands |   Gjerøy: phi=-0.045954, phi/n=-0.00008310
2026-03-04 22:30:55 | INFO | src.tmc_shapley_islands |   Hestmannøy: phi=0.091144, phi/n=0.00008639
2026-03-04 22:30:55 | INFO | src.tmc_shapley_islands |   Indre Kvarøy: phi=-0.039676, phi/n=-0.00011368
2026-03-04 22:30:55 | INFO | src.tmc_shapley_islands |   Onøy og Lurøy: phi=-0.004591, phi/n=-0.00001793
2026-03-04 22:30:55 | INFO | src.tmc_shapley_islands |   Lovund: phi=0.000733, phi/n=0.00000485
2026-03-04 22:30:55 | INFO | src.tmc_shapley_islands |   Sleneset: phi=0.055430, phi/n=0.00034644
2026-03-04 22:30:55 | INFO | src.tmc_shapley_islands |   Aldra: phi=0.024527, phi/n=0.00014178
2026-03-04 22:30:55 | INFO | src.tmc_shapley_islands |   Southern 1: phi=0.049733, phi/n=0.00008560
2026-03-04 22:30:55 | INFO | src.tmc_shapley_islands |   Southern 2: phi=-0.025762, phi/n=-0.00006489
2026-03-04 22:30:55 | INFO | src.tmc_shapley_islands |   Southern 3: phi=-0.035330, phi/n=-0.00006060
2026-03-04 22:30:55 | INFO | src.tmc_shapley_islands |   Southern 5: phi=0.071042, phi/n=0.00035169
2026-03-04 22:30:55 | INFO | src.tmc_shapley_islands | Curve retraining early stopping: enabled=True, patience=20
2026-03-04 22:30:55 | INFO | src.tmc_shapley_islands | Computing add-islands curve (evaluated on test set)...
2026-03-04 22:30:55 | INFO | src.tmc_shapley_islands | Add-curve (mean): 1 islands, n=118 -> corr=-0.0573
2026-03-04 22:30:55 | INFO | src.tmc_shapley_islands | Add-curve (mean): 2 islands, n=320 -> corr=0.0374
2026-03-04 22:30:55 | INFO | src.tmc_shapley_islands | Add-curve (mean): 3 islands, n=480 -> corr=0.0373
2026-03-04 22:30:56 | INFO | src.tmc_shapley_islands | Add-curve (mean): 4 islands, n=653 -> corr=0.0389
2026-03-04 22:30:56 | INFO | src.tmc_shapley_islands | Add-curve (mean): 5 islands, n=1708 -> corr=0.1053
2026-03-04 22:30:57 | INFO | src.tmc_shapley_islands | Add-curve (mean): 6 islands, n=2289 -> corr=0.1487
2026-03-04 22:30:58 | INFO | src.tmc_shapley_islands | Add-curve (mean): 7 islands, n=2440 -> corr=0.1533
2026-03-04 22:30:59 | INFO | src.tmc_shapley_islands | Add-curve (mean): 8 islands, n=2532 -> corr=0.1482
2026-03-04 22:31:00 | INFO | src.tmc_shapley_islands | Add-curve (mean): 9 islands, n=2788 -> corr=0.1618
2026-03-04 22:31:01 | INFO | src.tmc_shapley_islands | Add-curve (mean): 10 islands, n=3371 -> corr=0.1516
2026-03-04 22:31:03 | INFO | src.tmc_shapley_islands | Add-curve (mean): 11 islands, n=3768 -> corr=0.1752
2026-03-04 22:31:05 | INFO | src.tmc_shapley_islands | Add-curve (mean): 12 islands, n=4321 -> corr=0.1636
2026-03-04 22:31:07 | INFO | src.tmc_shapley_islands | Add-curve (mean): 13 islands, n=4607 -> corr=0.1609
2026-03-04 22:31:09 | INFO | src.tmc_shapley_islands | Add-curve (mean): 14 islands, n=4956 -> corr=0.1585
2026-03-04 22:31:11 | INFO | src.tmc_shapley_islands | Add-curve (mean): 15 islands, n=5147 -> corr=0.1519
2026-03-04 22:31:22 | INFO | src.tmc_shapley_islands | Random individual add-curve (seed=0) complete
2026-03-04 22:31:34 | INFO | src.tmc_shapley_islands | Random individual add-curve (seed=1) complete
2026-03-04 22:31:45 | INFO | src.tmc_shapley_islands | Random individual add-curve (seed=2) complete
2026-03-04 22:31:56 | INFO | src.tmc_shapley_islands | Random individual add-curve (seed=3) complete
2026-03-04 22:32:07 | INFO | src.tmc_shapley_islands | Random individual add-curve (seed=4) complete
2026-03-04 22:32:07 | INFO | src.tmc_shapley_islands | Building mirrored remove-islands curve from add-islands curve...
2026-03-04 22:32:07 | INFO | src.tmc_shapley_islands | Saved Shapley values to outputs/tmc_shapley_sweep_all_traits/shards/shard_017/wing/tmp/shapley_island_values_target_14.csv
2026-03-04 22:32:07 | INFO | src.tmc_shapley_islands | Saved summary to outputs/tmc_shapley_sweep_all_traits/shards/shard_017/wing/tmp/tmc_summary_target_14.json
2026-03-04 22:32:07 | INFO | src.tmc_shapley_islands | Saved intermediate ranking trace to outputs/tmc_shapley_sweep_all_traits/shards/shard_017/wing/tmp/tmc_intermediate_rankings_target_14.csv
2026-03-04 22:32:07 | INFO | src.tmc_shapley_islands | Saved add-curve to outputs/tmc_shapley_sweep_all_traits/shards/shard_017/wing/tmp/add_curve_target_14.csv
2026-03-04 22:32:07 | INFO | src.tmc_shapley_islands | Saved remove-curve to outputs/tmc_shapley_sweep_all_traits/shards/shard_017/wing/tmp/remove_curve_target_14.csv
2026-03-04 22:32:08 | INFO | src.tmc_shapley_islands | Saved bar plot to outputs/tmc_shapley_sweep_all_traits/shards/shard_017/wing/tmp/shapley_bar_target_14.png
2026-03-04 22:32:08 | INFO | src.tmc_shapley_islands | Saved add-curve plot to outputs/tmc_shapley_sweep_all_traits/shards/shard_017/wing/tmp/add_curve_target_14.png
2026-03-04 22:32:09 | INFO | src.tmc_shapley_islands | Saved remove-curve plot to outputs/tmc_shapley_sweep_all_traits/shards/shard_017/wing/tmp/remove_curve_target_14.png
2026-03-04 22:32:09 | INFO | __main__ | Shard 17/30 trait=wing progress 74/75 | target=14 n_cal_samples=150 perm=80 repeat=5
2026-03-04 22:32:09 | INFO | src.tmc_shapley_islands | [Shapley] Target island: 14 (Southern 4), source islands: 15
2026-03-04 22:32:10 | INFO | src.tmc_shapley_islands | Data: source=5147 (across 15 islands), cal=150, test=336
2026-03-04 22:32:10 | INFO | src.tmc_shapley_islands | SNP selection: using fixed precomputed subset (n=20000)
2026-03-04 22:32:10 | INFO | src.tmc_shapley_islands | Island counts (capped to None in training):
  Nesøy: n=118
  Myken: n=92
  Træna: n=286
  Selvær: n=191
  Gjerøy: n=553
  Hestmannøy: n=1055
  Indre Kvarøy: n=349
  Onøy og Lurøy: n=256
  Lovund: n=151
  Sleneset: n=160
  Aldra: n=173
  Southern 1: n=581
  Southern 2: n=397
  Southern 3: n=583
  Southern 5: n=202
2026-03-04 22:32:10 | INFO | src.tmc_shapley_islands | Loaded 493 cached utilities from outputs/tmc_shapley_sweep_all_traits/cache/wing/utility_cache_target_14_seed_1831275410.json
2026-03-04 22:32:10 | INFO | src.tmc_shapley_islands | Running TMC-Shapley with 80 permutations (utility on cal set)...
2026-03-04 22:32:10 | INFO | src.tmc_shapley_islands | Computing V_full over all 15 source islands...
2026-03-04 22:32:10 | INFO | src.tmc_shapley_islands | V_full = 0.1287
2026-03-04 22:32:10 | INFO | src.tmc_shapley_islands | TMC head-start: loaded 40 completed permutations from state outputs/tmc_shapley_sweep_all_traits/cache/wing/tmc_perm_state_target_14_seed_1831275410.json
2026-03-04 22:33:45 | INFO | src.tmc_shapley_islands | TMC progress: 48/80 permutations done, cache hit rate: 28.1%, n_evals: 87
2026-03-04 22:36:52 | INFO | src.tmc_shapley_islands | TMC progress: 64/80 permutations done, cache hit rate: 26.3%, n_evals: 266
2026-03-04 22:39:46 | INFO | src.tmc_shapley_islands | TMC progress: 80/80 permutations done, cache hit rate: 27.8%, n_evals: 434
2026-03-04 22:39:46 | INFO | src.tmc_shapley_islands | TMC complete: 80 permutations, 0 truncated, 434 utility evals, cache hit rate: 27.8%
2026-03-04 22:39:46 | INFO | src.tmc_shapley_islands | Shapley values (phi, computed on cal set):
2026-03-04 22:39:46 | INFO | src.tmc_shapley_islands |   Nesøy: phi=0.045589, phi/n=0.00038635
2026-03-04 22:39:46 | INFO | src.tmc_shapley_islands |   Myken: phi=0.000794, phi/n=0.00000863
2026-03-04 22:39:46 | INFO | src.tmc_shapley_islands |   Træna: phi=-0.030192, phi/n=-0.00010557
2026-03-04 22:39:46 | INFO | src.tmc_shapley_islands |   Selvær: phi=-0.028282, phi/n=-0.00014807
2026-03-04 22:39:46 | INFO | src.tmc_shapley_islands |   Gjerøy: phi=-0.048404, phi/n=-0.00008753
2026-03-04 22:39:46 | INFO | src.tmc_shapley_islands |   Hestmannøy: phi=0.100177, phi/n=0.00009495
2026-03-04 22:39:46 | INFO | src.tmc_shapley_islands |   Indre Kvarøy: phi=-0.034974, phi/n=-0.00010021
2026-03-04 22:39:46 | INFO | src.tmc_shapley_islands |   Onøy og Lurøy: phi=-0.005575, phi/n=-0.00002178
2026-03-04 22:39:46 | INFO | src.tmc_shapley_islands |   Lovund: phi=0.001116, phi/n=0.00000739
2026-03-04 22:39:46 | INFO | src.tmc_shapley_islands |   Sleneset: phi=0.046350, phi/n=0.00028969
2026-03-04 22:39:46 | INFO | src.tmc_shapley_islands |   Aldra: phi=0.025728, phi/n=0.00014872
2026-03-04 22:39:46 | INFO | src.tmc_shapley_islands |   Southern 1: phi=0.046266, phi/n=0.00007963
2026-03-04 22:39:46 | INFO | src.tmc_shapley_islands |   Southern 2: phi=-0.024762, phi/n=-0.00006237
2026-03-04 22:39:46 | INFO | src.tmc_shapley_islands |   Southern 3: phi=-0.033842, phi/n=-0.00005805
2026-03-04 22:39:46 | INFO | src.tmc_shapley_islands |   Southern 5: phi=0.068695, phi/n=0.00034008
2026-03-04 22:39:46 | INFO | src.tmc_shapley_islands | Curve retraining early stopping: enabled=True, patience=20
2026-03-04 22:39:46 | INFO | src.tmc_shapley_islands | Computing add-islands curve (evaluated on test set)...
2026-03-04 22:39:46 | INFO | src.tmc_shapley_islands | Add-curve (mean): 1 islands, n=118 -> corr=-0.0573
2026-03-04 22:39:46 | INFO | src.tmc_shapley_islands | Add-curve (mean): 2 islands, n=320 -> corr=0.0374
2026-03-04 22:39:46 | INFO | src.tmc_shapley_islands | Add-curve (mean): 3 islands, n=480 -> corr=0.0373
2026-03-04 22:39:46 | INFO | src.tmc_shapley_islands | Add-curve (mean): 4 islands, n=653 -> corr=0.0389
2026-03-04 22:39:47 | INFO | src.tmc_shapley_islands | Add-curve (mean): 5 islands, n=1708 -> corr=0.1053
2026-03-04 22:39:48 | INFO | src.tmc_shapley_islands | Add-curve (mean): 6 islands, n=2289 -> corr=0.1487
2026-03-04 22:39:49 | INFO | src.tmc_shapley_islands | Add-curve (mean): 7 islands, n=2381 -> corr=0.1438
2026-03-04 22:39:50 | INFO | src.tmc_shapley_islands | Add-curve (mean): 8 islands, n=2532 -> corr=0.1482
2026-03-04 22:39:51 | INFO | src.tmc_shapley_islands | Add-curve (mean): 9 islands, n=2788 -> corr=0.1618
2026-03-04 22:39:52 | INFO | src.tmc_shapley_islands | Add-curve (mean): 10 islands, n=3371 -> corr=0.1516
2026-03-04 22:39:54 | INFO | src.tmc_shapley_islands | Add-curve (mean): 11 islands, n=3768 -> corr=0.1752
2026-03-04 22:39:56 | INFO | src.tmc_shapley_islands | Add-curve (mean): 12 islands, n=4321 -> corr=0.1636
2026-03-04 22:39:58 | INFO | src.tmc_shapley_islands | Add-curve (mean): 13 islands, n=4670 -> corr=0.1609
2026-03-04 22:40:00 | INFO | src.tmc_shapley_islands | Add-curve (mean): 14 islands, n=4956 -> corr=0.1585
2026-03-04 22:40:02 | INFO | src.tmc_shapley_islands | Add-curve (mean): 15 islands, n=5147 -> corr=0.1519
2026-03-04 22:40:13 | INFO | src.tmc_shapley_islands | Random individual add-curve (seed=0) complete
2026-03-04 22:40:24 | INFO | src.tmc_shapley_islands | Random individual add-curve (seed=1) complete
2026-03-04 22:40:35 | INFO | src.tmc_shapley_islands | Random individual add-curve (seed=2) complete
2026-03-04 22:40:47 | INFO | src.tmc_shapley_islands | Random individual add-curve (seed=3) complete
2026-03-04 22:40:58 | INFO | src.tmc_shapley_islands | Random individual add-curve (seed=4) complete
2026-03-04 22:40:58 | INFO | src.tmc_shapley_islands | Building mirrored remove-islands curve from add-islands curve...
2026-03-04 22:40:58 | INFO | src.tmc_shapley_islands | Saved Shapley values to outputs/tmc_shapley_sweep_all_traits/shards/shard_017/wing/tmp/shapley_island_values_target_14.csv
2026-03-04 22:40:58 | INFO | src.tmc_shapley_islands | Saved summary to outputs/tmc_shapley_sweep_all_traits/shards/shard_017/wing/tmp/tmc_summary_target_14.json
2026-03-04 22:40:58 | INFO | src.tmc_shapley_islands | Saved intermediate ranking trace to outputs/tmc_shapley_sweep_all_traits/shards/shard_017/wing/tmp/tmc_intermediate_rankings_target_14.csv
2026-03-04 22:40:58 | INFO | src.tmc_shapley_islands | Saved add-curve to outputs/tmc_shapley_sweep_all_traits/shards/shard_017/wing/tmp/add_curve_target_14.csv
2026-03-04 22:40:58 | INFO | src.tmc_shapley_islands | Saved remove-curve to outputs/tmc_shapley_sweep_all_traits/shards/shard_017/wing/tmp/remove_curve_target_14.csv
2026-03-04 22:40:58 | INFO | src.tmc_shapley_islands | Saved bar plot to outputs/tmc_shapley_sweep_all_traits/shards/shard_017/wing/tmp/shapley_bar_target_14.png
2026-03-04 22:40:59 | INFO | src.tmc_shapley_islands | Saved add-curve plot to outputs/tmc_shapley_sweep_all_traits/shards/shard_017/wing/tmp/add_curve_target_14.png
2026-03-04 22:40:59 | INFO | src.tmc_shapley_islands | Saved remove-curve plot to outputs/tmc_shapley_sweep_all_traits/shards/shard_017/wing/tmp/remove_curve_target_14.png
2026-03-04 22:40:59 | INFO | __main__ | Shard 17/30 trait=wing progress 75/75 | target=14 n_cal_samples=150 perm=150 repeat=5
2026-03-04 22:40:59 | INFO | src.tmc_shapley_islands | [Shapley] Target island: 14 (Southern 4), source islands: 15
2026-03-04 22:41:00 | INFO | src.tmc_shapley_islands | Data: source=5147 (across 15 islands), cal=150, test=336
2026-03-04 22:41:00 | INFO | src.tmc_shapley_islands | SNP selection: using fixed precomputed subset (n=20000)
2026-03-04 22:41:00 | INFO | src.tmc_shapley_islands | Island counts (capped to None in training):
  Nesøy: n=118
  Myken: n=92
  Træna: n=286
  Selvær: n=191
  Gjerøy: n=553
  Hestmannøy: n=1055
  Indre Kvarøy: n=349
  Onøy og Lurøy: n=256
  Lovund: n=151
  Sleneset: n=160
  Aldra: n=173
  Southern 1: n=581
  Southern 2: n=397
  Southern 3: n=583
  Southern 5: n=202
2026-03-04 22:41:00 | INFO | src.tmc_shapley_islands | Loaded 927 cached utilities from outputs/tmc_shapley_sweep_all_traits/cache/wing/utility_cache_target_14_seed_1831275410.json
2026-03-04 22:41:00 | INFO | src.tmc_shapley_islands | Running TMC-Shapley with 150 permutations (utility on cal set)...
2026-03-04 22:41:00 | INFO | src.tmc_shapley_islands | Computing V_full over all 15 source islands...
2026-03-04 22:41:00 | INFO | src.tmc_shapley_islands | V_full = 0.1287
2026-03-04 22:41:00 | INFO | src.tmc_shapley_islands | TMC head-start: loaded 80 completed permutations from state outputs/tmc_shapley_sweep_all_traits/cache/wing/tmc_perm_state_target_14_seed_1831275410.json
2026-03-04 22:42:39 | INFO | src.tmc_shapley_islands | TMC progress: 90/150 permutations done, cache hit rate: 33.8%, n_evals: 100
2026-03-04 22:47:49 | INFO | src.tmc_shapley_islands | TMC progress: 120/150 permutations done, cache hit rate: 34.6%, n_evals: 393
2026-03-04 22:52:51 | INFO | src.tmc_shapley_islands | TMC progress: 150/150 permutations done, cache hit rate: 35.4%, n_evals: 679
2026-03-04 22:52:51 | INFO | src.tmc_shapley_islands | TMC complete: 150 permutations, 0 truncated, 679 utility evals, cache hit rate: 35.4%
2026-03-04 22:52:51 | INFO | src.tmc_shapley_islands | Shapley values (phi, computed on cal set):
2026-03-04 22:52:51 | INFO | src.tmc_shapley_islands |   Nesøy: phi=0.049893, phi/n=0.00042282
2026-03-04 22:52:51 | INFO | src.tmc_shapley_islands |   Myken: phi=0.001039, phi/n=0.00001130
2026-03-04 22:52:51 | INFO | src.tmc_shapley_islands |   Træna: phi=-0.028222, phi/n=-0.00009868
2026-03-04 22:52:51 | INFO | src.tmc_shapley_islands |   Selvær: phi=-0.028513, phi/n=-0.00014928
2026-03-04 22:52:51 | INFO | src.tmc_shapley_islands |   Gjerøy: phi=-0.046435, phi/n=-0.00008397
2026-03-04 22:52:51 | INFO | src.tmc_shapley_islands |   Hestmannøy: phi=0.099752, phi/n=0.00009455
2026-03-04 22:52:51 | INFO | src.tmc_shapley_islands |   Indre Kvarøy: phi=-0.037076, phi/n=-0.00010623
2026-03-04 22:52:51 | INFO | src.tmc_shapley_islands |   Onøy og Lurøy: phi=-0.006032, phi/n=-0.00002356
2026-03-04 22:52:51 | INFO | src.tmc_shapley_islands |   Lovund: phi=0.000947, phi/n=0.00000627
2026-03-04 22:52:51 | INFO | src.tmc_shapley_islands |   Sleneset: phi=0.040729, phi/n=0.00025456
2026-03-04 22:52:51 | INFO | src.tmc_shapley_islands |   Aldra: phi=0.027214, phi/n=0.00015731
2026-03-04 22:52:51 | INFO | src.tmc_shapley_islands |   Southern 1: phi=0.048633, phi/n=0.00008371
2026-03-04 22:52:51 | INFO | src.tmc_shapley_islands |   Southern 2: phi=-0.026021, phi/n=-0.00006554
2026-03-04 22:52:51 | INFO | src.tmc_shapley_islands |   Southern 3: phi=-0.033716, phi/n=-0.00005783
2026-03-04 22:52:51 | INFO | src.tmc_shapley_islands |   Southern 5: phi=0.066491, phi/n=0.00032916
2026-03-04 22:52:51 | INFO | src.tmc_shapley_islands | Curve retraining early stopping: enabled=True, patience=20
2026-03-04 22:52:51 | INFO | src.tmc_shapley_islands | Computing add-islands curve (evaluated on test set)...
2026-03-04 22:52:51 | INFO | src.tmc_shapley_islands | Add-curve (mean): 1 islands, n=118 -> corr=-0.0573
2026-03-04 22:52:51 | INFO | src.tmc_shapley_islands | Add-curve (mean): 2 islands, n=320 -> corr=0.0374
2026-03-04 22:52:51 | INFO | src.tmc_shapley_islands | Add-curve (mean): 3 islands, n=480 -> corr=0.0373
2026-03-04 22:52:52 | INFO | src.tmc_shapley_islands | Add-curve (mean): 4 islands, n=653 -> corr=0.0389
2026-03-04 22:52:52 | INFO | src.tmc_shapley_islands | Add-curve (mean): 5 islands, n=1708 -> corr=0.1053
2026-03-04 22:52:53 | INFO | src.tmc_shapley_islands | Add-curve (mean): 6 islands, n=2289 -> corr=0.1487
2026-03-04 22:52:54 | INFO | src.tmc_shapley_islands | Add-curve (mean): 7 islands, n=2381 -> corr=0.1438
2026-03-04 22:52:55 | INFO | src.tmc_shapley_islands | Add-curve (mean): 8 islands, n=2532 -> corr=0.1482
2026-03-04 22:52:56 | INFO | src.tmc_shapley_islands | Add-curve (mean): 9 islands, n=2788 -> corr=0.1618
2026-03-04 22:52:58 | INFO | src.tmc_shapley_islands | Add-curve (mean): 10 islands, n=3371 -> corr=0.1516
2026-03-04 22:52:59 | INFO | src.tmc_shapley_islands | Add-curve (mean): 11 islands, n=3768 -> corr=0.1752
2026-03-04 22:53:01 | INFO | src.tmc_shapley_islands | Add-curve (mean): 12 islands, n=4321 -> corr=0.1636
2026-03-04 22:53:03 | INFO | src.tmc_shapley_islands | Add-curve (mean): 13 islands, n=4607 -> corr=0.1609
2026-03-04 22:53:05 | INFO | src.tmc_shapley_islands | Add-curve (mean): 14 islands, n=4956 -> corr=0.1585
2026-03-04 22:53:07 | INFO | src.tmc_shapley_islands | Add-curve (mean): 15 islands, n=5147 -> corr=0.1519
2026-03-04 22:53:19 | INFO | src.tmc_shapley_islands | Random individual add-curve (seed=0) complete
2026-03-04 22:53:30 | INFO | src.tmc_shapley_islands | Random individual add-curve (seed=1) complete
2026-03-04 22:53:41 | INFO | src.tmc_shapley_islands | Random individual add-curve (seed=2) complete
2026-03-04 22:53:52 | INFO | src.tmc_shapley_islands | Random individual add-curve (seed=3) complete
2026-03-04 22:54:03 | INFO | src.tmc_shapley_islands | Random individual add-curve (seed=4) complete
2026-03-04 22:54:03 | INFO | src.tmc_shapley_islands | Building mirrored remove-islands curve from add-islands curve...
2026-03-04 22:54:03 | INFO | src.tmc_shapley_islands | Saved Shapley values to outputs/tmc_shapley_sweep_all_traits/shards/shard_017/wing/tmp/shapley_island_values_target_14.csv
2026-03-04 22:54:03 | INFO | src.tmc_shapley_islands | Saved summary to outputs/tmc_shapley_sweep_all_traits/shards/shard_017/wing/tmp/tmc_summary_target_14.json
2026-03-04 22:54:03 | INFO | src.tmc_shapley_islands | Saved intermediate ranking trace to outputs/tmc_shapley_sweep_all_traits/shards/shard_017/wing/tmp/tmc_intermediate_rankings_target_14.csv
2026-03-04 22:54:03 | INFO | src.tmc_shapley_islands | Saved add-curve to outputs/tmc_shapley_sweep_all_traits/shards/shard_017/wing/tmp/add_curve_target_14.csv
2026-03-04 22:54:03 | INFO | src.tmc_shapley_islands | Saved remove-curve to outputs/tmc_shapley_sweep_all_traits/shards/shard_017/wing/tmp/remove_curve_target_14.csv
2026-03-04 22:54:04 | INFO | src.tmc_shapley_islands | Saved bar plot to outputs/tmc_shapley_sweep_all_traits/shards/shard_017/wing/tmp/shapley_bar_target_14.png
2026-03-04 22:54:04 | INFO | src.tmc_shapley_islands | Saved add-curve plot to outputs/tmc_shapley_sweep_all_traits/shards/shard_017/wing/tmp/add_curve_target_14.png
2026-03-04 22:54:05 | INFO | src.tmc_shapley_islands | Saved remove-curve plot to outputs/tmc_shapley_sweep_all_traits/shards/shard_017/wing/tmp/remove_curve_target_14.png
2026-03-04 22:54:05 | INFO | __main__ | Shard 17 complete. Output: outputs/tmc_shapley_sweep_all_traits/shards/shard_017
