2026-03-04 14:41:38 | INFO | __main__ | Trait-level sharding enabled: 30 shards = 10 repeats x 3 trait groups (1 traits per group).
2026-03-04 14:41:38 | INFO | __main__ | Using device: cpu
2026-03-04 14:41:38 | INFO | __main__ | Sharding mode: repeat+trait (num_shards=30, n_repeats=10, trait_multiplier=3). This shard handles repeats=[3], traits=['wing'].
2026-03-04 14:41:38 | INFO | __main__ | Loading data for trait 'wing'...
2026-03-04 14:41:38 | INFO | src.data | Loading data from NPZ: Data/npz/snp_thr_wing_ALL.npz
2026-03-04 14:41:46 | INFO | __main__ | Trait 'wing': 5633 samples, 65344 SNPs, 16 islands
2026-03-04 14:41:46 | INFO | __main__ | Worker shard=11/30 trait=wing | repeats=[3] | perms=[10, 20, 40, 80, 150] | n_cal_samples=[10, 20, 40, 80, 150] | targets=[3, 5, 14]
2026-03-04 14:41:46 | INFO | __main__ | Shard 11/30 trait=wing progress 1/75 | target=3 n_cal_samples=10 perm=10 repeat=3
2026-03-04 14:41:46 | INFO | src.tmc_shapley_islands | [Shapley] Target island: 3 (Selvær), source islands: 15
2026-03-04 14:41:47 | INFO | src.tmc_shapley_islands | Data: source=5442 (across 15 islands), cal=10, test=41
2026-03-04 14:41:47 | INFO | src.tmc_shapley_islands | SNP selection: using fixed precomputed subset (n=20000)
2026-03-04 14:41:47 | INFO | src.tmc_shapley_islands | Island counts (capped to None in training):
  Nesøy: n=118
  Myken: n=92
  Træna: n=286
  Gjerøy: n=553
  Hestmannøy: n=1055
  Indre Kvarøy: n=349
  Onøy og Lurøy: n=256
  Lovund: n=151
  Sleneset: n=160
  Aldra: n=173
  Southern 1: n=581
  Southern 2: n=397
  Southern 3: n=583
  Southern 4: n=486
  Southern 5: n=202
2026-03-04 14:41:47 | INFO | src.tmc_shapley_islands | Running TMC-Shapley with 10 permutations (utility on cal set)...
2026-03-04 14:41:47 | INFO | src.tmc_shapley_islands | Computing V_full over all 15 source islands...
2026-03-04 14:41:49 | INFO | src.tmc_shapley_islands | V_full = 0.1138
2026-03-04 14:42:15 | INFO | src.tmc_shapley_islands | TMC progress: 2/10 permutations done, cache hit rate: 6.5%, n_evals: 29
2026-03-04 14:42:42 | INFO | src.tmc_shapley_islands | TMC progress: 4/10 permutations done, cache hit rate: 6.6%, n_evals: 57
2026-03-04 14:43:11 | INFO | src.tmc_shapley_islands | TMC progress: 6/10 permutations done, cache hit rate: 8.8%, n_evals: 83
2026-03-04 14:43:41 | INFO | src.tmc_shapley_islands | TMC progress: 8/10 permutations done, cache hit rate: 9.1%, n_evals: 110
2026-03-04 14:44:10 | INFO | src.tmc_shapley_islands | TMC progress: 10/10 permutations done, cache hit rate: 10.6%, n_evals: 135
2026-03-04 14:44:10 | INFO | src.tmc_shapley_islands | TMC complete: 10 permutations, 0 truncated, 135 utility evals, cache hit rate: 10.6%
2026-03-04 14:44:10 | INFO | src.tmc_shapley_islands | Shapley values (phi, computed on cal set):
2026-03-04 14:44:10 | INFO | src.tmc_shapley_islands |   Nesøy: phi=-0.079389, phi/n=-0.00067279
2026-03-04 14:44:10 | INFO | src.tmc_shapley_islands |   Myken: phi=0.029838, phi/n=0.00032433
2026-03-04 14:44:10 | INFO | src.tmc_shapley_islands |   Træna: phi=-0.164312, phi/n=-0.00057452
2026-03-04 14:44:10 | INFO | src.tmc_shapley_islands |   Gjerøy: phi=-0.067209, phi/n=-0.00012154
2026-03-04 14:44:10 | INFO | src.tmc_shapley_islands |   Hestmannøy: phi=0.157267, phi/n=0.00014907
2026-03-04 14:44:10 | INFO | src.tmc_shapley_islands |   Indre Kvarøy: phi=0.151509, phi/n=0.00043412
2026-03-04 14:44:10 | INFO | src.tmc_shapley_islands |   Onøy og Lurøy: phi=0.038277, phi/n=0.00014952
2026-03-04 14:44:10 | INFO | src.tmc_shapley_islands |   Lovund: phi=0.234350, phi/n=0.00155198
2026-03-04 14:44:10 | INFO | src.tmc_shapley_islands |   Sleneset: phi=0.093003, phi/n=0.00058127
2026-03-04 14:44:10 | INFO | src.tmc_shapley_islands |   Aldra: phi=0.057204, phi/n=0.00033066
2026-03-04 14:44:10 | INFO | src.tmc_shapley_islands |   Southern 1: phi=0.005387, phi/n=0.00000927
2026-03-04 14:44:10 | INFO | src.tmc_shapley_islands |   Southern 2: phi=-0.169065, phi/n=-0.00042586
2026-03-04 14:44:10 | INFO | src.tmc_shapley_islands |   Southern 3: phi=-0.048211, phi/n=-0.00008269
2026-03-04 14:44:10 | INFO | src.tmc_shapley_islands |   Southern 4: phi=-0.011306, phi/n=-0.00002326
2026-03-04 14:44:10 | INFO | src.tmc_shapley_islands |   Southern 5: phi=-0.113516, phi/n=-0.00056196
2026-03-04 14:44:10 | INFO | src.tmc_shapley_islands | Curve retraining early stopping: enabled=True, patience=20
2026-03-04 14:44:10 | INFO | src.tmc_shapley_islands | Computing add-islands curve (evaluated on test set)...
2026-03-04 14:44:10 | INFO | src.tmc_shapley_islands | Add-curve (mean): 1 islands, n=151 -> corr=0.2062
2026-03-04 14:44:10 | INFO | src.tmc_shapley_islands | Add-curve (mean): 2 islands, n=311 -> corr=0.2808
2026-03-04 14:44:11 | INFO | src.tmc_shapley_islands | Add-curve (mean): 3 islands, n=660 -> corr=0.2351
2026-03-04 14:44:11 | INFO | src.tmc_shapley_islands | Add-curve (mean): 4 islands, n=833 -> corr=0.2002
2026-03-04 14:44:12 | INFO | src.tmc_shapley_islands | Add-curve (mean): 5 islands, n=925 -> corr=0.1124
2026-03-04 14:44:12 | INFO | src.tmc_shapley_islands | Add-curve (mean): 6 islands, n=1181 -> corr=0.0005
2026-03-04 14:44:13 | INFO | src.tmc_shapley_islands | Add-curve (mean): 7 islands, n=2236 -> corr=0.0401
2026-03-04 14:44:15 | INFO | src.tmc_shapley_islands | Add-curve (mean): 8 islands, n=2817 -> corr=0.0562
2026-03-04 14:44:16 | INFO | src.tmc_shapley_islands | Add-curve (mean): 9 islands, n=3303 -> corr=0.0561
2026-03-04 14:44:17 | INFO | src.tmc_shapley_islands | Add-curve (mean): 10 islands, n=3886 -> corr=0.0743
2026-03-04 14:44:19 | INFO | src.tmc_shapley_islands | Add-curve (mean): 11 islands, n=4439 -> corr=0.0309
2026-03-04 14:44:20 | INFO | src.tmc_shapley_islands | Add-curve (mean): 12 islands, n=4836 -> corr=0.0168
2026-03-04 14:44:22 | INFO | src.tmc_shapley_islands | Add-curve (mean): 13 islands, n=5038 -> corr=-0.0056
2026-03-04 14:44:24 | INFO | src.tmc_shapley_islands | Add-curve (mean): 14 islands, n=5324 -> corr=0.1852
2026-03-04 14:44:26 | INFO | src.tmc_shapley_islands | Add-curve (mean): 15 islands, n=5442 -> corr=0.2006
2026-03-04 14:44:47 | INFO | src.tmc_shapley_islands | Random individual add-curve (seed=0) complete
2026-03-04 14:44:57 | INFO | src.tmc_shapley_islands | Random individual add-curve (seed=1) complete
2026-03-04 14:45:29 | INFO | src.tmc_shapley_islands | Random individual add-curve (seed=2) complete
2026-03-04 14:45:39 | INFO | src.tmc_shapley_islands | Random individual add-curve (seed=3) complete
2026-03-04 14:45:58 | INFO | src.tmc_shapley_islands | Random individual add-curve (seed=4) complete
2026-03-04 14:45:58 | INFO | src.tmc_shapley_islands | Building mirrored remove-islands curve from add-islands curve...
2026-03-04 14:45:58 | INFO | src.tmc_shapley_islands | Saved Shapley values to outputs/tmc_shapley_sweep_all_traits/shards/shard_011/wing/tmp/shapley_island_values_target_3.csv
2026-03-04 14:45:58 | INFO | src.tmc_shapley_islands | Saved summary to outputs/tmc_shapley_sweep_all_traits/shards/shard_011/wing/tmp/tmc_summary_target_3.json
2026-03-04 14:45:58 | INFO | src.tmc_shapley_islands | Saved intermediate ranking trace to outputs/tmc_shapley_sweep_all_traits/shards/shard_011/wing/tmp/tmc_intermediate_rankings_target_3.csv
2026-03-04 14:45:58 | INFO | src.tmc_shapley_islands | Saved add-curve to outputs/tmc_shapley_sweep_all_traits/shards/shard_011/wing/tmp/add_curve_target_3.csv
2026-03-04 14:45:58 | INFO | src.tmc_shapley_islands | Saved remove-curve to outputs/tmc_shapley_sweep_all_traits/shards/shard_011/wing/tmp/remove_curve_target_3.csv
2026-03-04 14:45:59 | INFO | src.tmc_shapley_islands | Saved bar plot to outputs/tmc_shapley_sweep_all_traits/shards/shard_011/wing/tmp/shapley_bar_target_3.png
2026-03-04 14:45:59 | INFO | src.tmc_shapley_islands | Saved add-curve plot to outputs/tmc_shapley_sweep_all_traits/shards/shard_011/wing/tmp/add_curve_target_3.png
2026-03-04 14:46:00 | INFO | src.tmc_shapley_islands | Saved remove-curve plot to outputs/tmc_shapley_sweep_all_traits/shards/shard_011/wing/tmp/remove_curve_target_3.png
2026-03-04 14:46:00 | INFO | __main__ | Shard 11/30 trait=wing progress 2/75 | target=3 n_cal_samples=10 perm=20 repeat=3
2026-03-04 14:46:00 | INFO | src.tmc_shapley_islands | [Shapley] Target island: 3 (Selvær), source islands: 15
2026-03-04 14:46:00 | INFO | src.tmc_shapley_islands | Data: source=5442 (across 15 islands), cal=10, test=41
2026-03-04 14:46:00 | INFO | src.tmc_shapley_islands | SNP selection: using fixed precomputed subset (n=20000)
2026-03-04 14:46:00 | INFO | src.tmc_shapley_islands | Island counts (capped to None in training):
  Nesøy: n=118
  Myken: n=92
  Træna: n=286
  Gjerøy: n=553
  Hestmannøy: n=1055
  Indre Kvarøy: n=349
  Onøy og Lurøy: n=256
  Lovund: n=151
  Sleneset: n=160
  Aldra: n=173
  Southern 1: n=581
  Southern 2: n=397
  Southern 3: n=583
  Southern 4: n=486
  Southern 5: n=202
2026-03-04 14:46:00 | INFO | src.tmc_shapley_islands | Loaded 135 cached utilities from outputs/tmc_shapley_sweep_all_traits/cache/wing/utility_cache_target_3_seed_1236497313.json
2026-03-04 14:46:00 | INFO | src.tmc_shapley_islands | Running TMC-Shapley with 20 permutations (utility on cal set)...
2026-03-04 14:46:00 | INFO | src.tmc_shapley_islands | Computing V_full over all 15 source islands...
2026-03-04 14:46:00 | INFO | src.tmc_shapley_islands | V_full = 0.1138
2026-03-04 14:46:00 | INFO | src.tmc_shapley_islands | TMC head-start: loaded 10 completed permutations from state outputs/tmc_shapley_sweep_all_traits/cache/wing/tmc_perm_state_target_3_seed_1236497313.json
2026-03-04 14:46:37 | INFO | src.tmc_shapley_islands | TMC progress: 12/20 permutations done, cache hit rate: 12.9%, n_evals: 27
2026-03-04 14:47:45 | INFO | src.tmc_shapley_islands | TMC progress: 16/20 permutations done, cache hit rate: 17.6%, n_evals: 75
2026-03-04 14:48:41 | INFO | src.tmc_shapley_islands | TMC progress: 20/20 permutations done, cache hit rate: 16.6%, n_evals: 126
2026-03-04 14:48:41 | INFO | src.tmc_shapley_islands | TMC complete: 20 permutations, 0 truncated, 126 utility evals, cache hit rate: 16.6%
2026-03-04 14:48:41 | INFO | src.tmc_shapley_islands | Shapley values (phi, computed on cal set):
2026-03-04 14:48:41 | INFO | src.tmc_shapley_islands |   Nesøy: phi=-0.109857, phi/n=-0.00093099
2026-03-04 14:48:41 | INFO | src.tmc_shapley_islands |   Myken: phi=0.028669, phi/n=0.00031162
2026-03-04 14:48:41 | INFO | src.tmc_shapley_islands |   Træna: phi=-0.129153, phi/n=-0.00045158
2026-03-04 14:48:41 | INFO | src.tmc_shapley_islands |   Gjerøy: phi=-0.097150, phi/n=-0.00017568
2026-03-04 14:48:41 | INFO | src.tmc_shapley_islands |   Hestmannøy: phi=0.194084, phi/n=0.00018397
2026-03-04 14:48:41 | INFO | src.tmc_shapley_islands |   Indre Kvarøy: phi=0.143650, phi/n=0.00041160
2026-03-04 14:48:41 | INFO | src.tmc_shapley_islands |   Onøy og Lurøy: phi=0.041736, phi/n=0.00016303
2026-03-04 14:48:41 | INFO | src.tmc_shapley_islands |   Lovund: phi=0.200119, phi/n=0.00132529
2026-03-04 14:48:41 | INFO | src.tmc_shapley_islands |   Sleneset: phi=0.069371, phi/n=0.00043357
2026-03-04 14:48:41 | INFO | src.tmc_shapley_islands |   Aldra: phi=0.084162, phi/n=0.00048648
2026-03-04 14:48:41 | INFO | src.tmc_shapley_islands |   Southern 1: phi=-0.008593, phi/n=-0.00001479
2026-03-04 14:48:41 | INFO | src.tmc_shapley_islands |   Southern 2: phi=-0.165798, phi/n=-0.00041763
2026-03-04 14:48:41 | INFO | src.tmc_shapley_islands |   Southern 3: phi=-0.046795, phi/n=-0.00008027
2026-03-04 14:48:41 | INFO | src.tmc_shapley_islands |   Southern 4: phi=-0.002441, phi/n=-0.00000502
2026-03-04 14:48:41 | INFO | src.tmc_shapley_islands |   Southern 5: phi=-0.088177, phi/n=-0.00043652
2026-03-04 14:48:41 | INFO | src.tmc_shapley_islands | Curve retraining early stopping: enabled=True, patience=20
2026-03-04 14:48:41 | INFO | src.tmc_shapley_islands | Computing add-islands curve (evaluated on test set)...
2026-03-04 14:48:41 | INFO | src.tmc_shapley_islands | Add-curve (mean): 1 islands, n=151 -> corr=0.2062
2026-03-04 14:48:41 | INFO | src.tmc_shapley_islands | Add-curve (mean): 2 islands, n=324 -> corr=0.1496
2026-03-04 14:48:41 | INFO | src.tmc_shapley_islands | Add-curve (mean): 3 islands, n=484 -> corr=0.2206
2026-03-04 14:48:41 | INFO | src.tmc_shapley_islands | Add-curve (mean): 4 islands, n=833 -> corr=0.2002
2026-03-04 14:48:42 | INFO | src.tmc_shapley_islands | Add-curve (mean): 5 islands, n=925 -> corr=0.1124
2026-03-04 14:48:42 | INFO | src.tmc_shapley_islands | Add-curve (mean): 6 islands, n=1980 -> corr=0.1109
2026-03-04 14:48:43 | INFO | src.tmc_shapley_islands | Add-curve (mean): 7 islands, n=2236 -> corr=0.0401
2026-03-04 14:48:44 | INFO | src.tmc_shapley_islands | Add-curve (mean): 8 islands, n=2722 -> corr=0.0435
2026-03-04 14:48:45 | INFO | src.tmc_shapley_islands | Add-curve (mean): 9 islands, n=3303 -> corr=0.0561
2026-03-04 14:48:46 | INFO | src.tmc_shapley_islands | Add-curve (mean): 10 islands, n=3886 -> corr=0.0743
2026-03-04 14:48:48 | INFO | src.tmc_shapley_islands | Add-curve (mean): 11 islands, n=4439 -> corr=0.0309
2026-03-04 14:48:50 | INFO | src.tmc_shapley_islands | Add-curve (mean): 12 islands, n=4836 -> corr=0.0168
2026-03-04 14:48:52 | INFO | src.tmc_shapley_islands | Add-curve (mean): 13 islands, n=5038 -> corr=-0.0056
2026-03-04 14:48:54 | INFO | src.tmc_shapley_islands | Add-curve (mean): 14 islands, n=5324 -> corr=0.1852
2026-03-04 14:48:56 | INFO | src.tmc_shapley_islands | Add-curve (mean): 15 islands, n=5442 -> corr=0.2006
2026-03-04 14:49:06 | INFO | src.tmc_shapley_islands | Random individual add-curve (seed=0) complete
2026-03-04 14:49:16 | INFO | src.tmc_shapley_islands | Random individual add-curve (seed=1) complete
2026-03-04 14:49:33 | INFO | src.tmc_shapley_islands | Random individual add-curve (seed=2) complete
2026-03-04 14:49:44 | INFO | src.tmc_shapley_islands | Random individual add-curve (seed=3) complete
2026-03-04 14:49:57 | INFO | src.tmc_shapley_islands | Random individual add-curve (seed=4) complete
2026-03-04 14:49:57 | INFO | src.tmc_shapley_islands | Building mirrored remove-islands curve from add-islands curve...
2026-03-04 14:49:57 | INFO | src.tmc_shapley_islands | Saved Shapley values to outputs/tmc_shapley_sweep_all_traits/shards/shard_011/wing/tmp/shapley_island_values_target_3.csv
2026-03-04 14:49:57 | INFO | src.tmc_shapley_islands | Saved summary to outputs/tmc_shapley_sweep_all_traits/shards/shard_011/wing/tmp/tmc_summary_target_3.json
2026-03-04 14:49:57 | INFO | src.tmc_shapley_islands | Saved intermediate ranking trace to outputs/tmc_shapley_sweep_all_traits/shards/shard_011/wing/tmp/tmc_intermediate_rankings_target_3.csv
2026-03-04 14:49:57 | INFO | src.tmc_shapley_islands | Saved add-curve to outputs/tmc_shapley_sweep_all_traits/shards/shard_011/wing/tmp/add_curve_target_3.csv
2026-03-04 14:49:57 | INFO | src.tmc_shapley_islands | Saved remove-curve to outputs/tmc_shapley_sweep_all_traits/shards/shard_011/wing/tmp/remove_curve_target_3.csv
2026-03-04 14:49:58 | INFO | src.tmc_shapley_islands | Saved bar plot to outputs/tmc_shapley_sweep_all_traits/shards/shard_011/wing/tmp/shapley_bar_target_3.png
2026-03-04 14:49:58 | INFO | src.tmc_shapley_islands | Saved add-curve plot to outputs/tmc_shapley_sweep_all_traits/shards/shard_011/wing/tmp/add_curve_target_3.png
2026-03-04 14:49:58 | INFO | src.tmc_shapley_islands | Saved remove-curve plot to outputs/tmc_shapley_sweep_all_traits/shards/shard_011/wing/tmp/remove_curve_target_3.png
2026-03-04 14:49:58 | INFO | __main__ | Shard 11/30 trait=wing progress 3/75 | target=3 n_cal_samples=10 perm=40 repeat=3
2026-03-04 14:49:58 | INFO | src.tmc_shapley_islands | [Shapley] Target island: 3 (Selvær), source islands: 15
2026-03-04 14:49:59 | INFO | src.tmc_shapley_islands | Data: source=5442 (across 15 islands), cal=10, test=41
2026-03-04 14:49:59 | INFO | src.tmc_shapley_islands | SNP selection: using fixed precomputed subset (n=20000)
2026-03-04 14:49:59 | INFO | src.tmc_shapley_islands | Island counts (capped to None in training):
  Nesøy: n=118
  Myken: n=92
  Træna: n=286
  Gjerøy: n=553
  Hestmannøy: n=1055
  Indre Kvarøy: n=349
  Onøy og Lurøy: n=256
  Lovund: n=151
  Sleneset: n=160
  Aldra: n=173
  Southern 1: n=581
  Southern 2: n=397
  Southern 3: n=583
  Southern 4: n=486
  Southern 5: n=202
2026-03-04 14:49:59 | INFO | src.tmc_shapley_islands | Loaded 261 cached utilities from outputs/tmc_shapley_sweep_all_traits/cache/wing/utility_cache_target_3_seed_1236497313.json
2026-03-04 14:49:59 | INFO | src.tmc_shapley_islands | Running TMC-Shapley with 40 permutations (utility on cal set)...
2026-03-04 14:49:59 | INFO | src.tmc_shapley_islands | Computing V_full over all 15 source islands...
2026-03-04 14:49:59 | INFO | src.tmc_shapley_islands | V_full = 0.1138
2026-03-04 14:49:59 | INFO | src.tmc_shapley_islands | TMC head-start: loaded 20 completed permutations from state outputs/tmc_shapley_sweep_all_traits/cache/wing/tmc_perm_state_target_3_seed_1236497313.json
2026-03-04 14:50:53 | INFO | src.tmc_shapley_islands | TMC progress: 24/40 permutations done, cache hit rate: 16.4%, n_evals: 51
2026-03-04 14:52:47 | INFO | src.tmc_shapley_islands | TMC progress: 32/40 permutations done, cache hit rate: 20.4%, n_evals: 144
2026-03-04 14:54:24 | INFO | src.tmc_shapley_islands | TMC progress: 40/40 permutations done, cache hit rate: 21.6%, n_evals: 236
2026-03-04 14:54:24 | INFO | src.tmc_shapley_islands | TMC complete: 40 permutations, 0 truncated, 236 utility evals, cache hit rate: 21.6%
2026-03-04 14:54:24 | INFO | src.tmc_shapley_islands | Shapley values (phi, computed on cal set):
2026-03-04 14:54:24 | INFO | src.tmc_shapley_islands |   Nesøy: phi=-0.108354, phi/n=-0.00091825
2026-03-04 14:54:24 | INFO | src.tmc_shapley_islands |   Myken: phi=0.025740, phi/n=0.00027978
2026-03-04 14:54:24 | INFO | src.tmc_shapley_islands |   Træna: phi=-0.121031, phi/n=-0.00042319
2026-03-04 14:54:24 | INFO | src.tmc_shapley_islands |   Gjerøy: phi=-0.071631, phi/n=-0.00012953
2026-03-04 14:54:24 | INFO | src.tmc_shapley_islands |   Hestmannøy: phi=0.195969, phi/n=0.00018575
2026-03-04 14:54:24 | INFO | src.tmc_shapley_islands |   Indre Kvarøy: phi=0.206592, phi/n=0.00059195
2026-03-04 14:54:24 | INFO | src.tmc_shapley_islands |   Onøy og Lurøy: phi=0.042249, phi/n=0.00016504
2026-03-04 14:54:24 | INFO | src.tmc_shapley_islands |   Lovund: phi=0.154501, phi/n=0.00102319
2026-03-04 14:54:24 | INFO | src.tmc_shapley_islands |   Sleneset: phi=0.059196, phi/n=0.00036997
2026-03-04 14:54:24 | INFO | src.tmc_shapley_islands |   Aldra: phi=0.067654, phi/n=0.00039106
2026-03-04 14:54:24 | INFO | src.tmc_shapley_islands |   Southern 1: phi=-0.010257, phi/n=-0.00001765
2026-03-04 14:54:24 | INFO | src.tmc_shapley_islands |   Southern 2: phi=-0.143069, phi/n=-0.00036038
2026-03-04 14:54:24 | INFO | src.tmc_shapley_islands |   Southern 3: phi=-0.065106, phi/n=-0.00011167
2026-03-04 14:54:24 | INFO | src.tmc_shapley_islands |   Southern 4: phi=-0.000407, phi/n=-0.00000084
2026-03-04 14:54:24 | INFO | src.tmc_shapley_islands |   Southern 5: phi=-0.118217, phi/n=-0.00058523
2026-03-04 14:54:24 | INFO | src.tmc_shapley_islands | Curve retraining early stopping: enabled=True, patience=20
2026-03-04 14:54:24 | INFO | src.tmc_shapley_islands | Computing add-islands curve (evaluated on test set)...
2026-03-04 14:54:24 | INFO | src.tmc_shapley_islands | Add-curve (mean): 1 islands, n=151 -> corr=0.2062
2026-03-04 14:54:24 | INFO | src.tmc_shapley_islands | Add-curve (mean): 2 islands, n=500 -> corr=0.1848
2026-03-04 14:54:24 | INFO | src.tmc_shapley_islands | Add-curve (mean): 3 islands, n=673 -> corr=0.1496
2026-03-04 14:54:25 | INFO | src.tmc_shapley_islands | Add-curve (mean): 4 islands, n=833 -> corr=0.2002
2026-03-04 14:54:25 | INFO | src.tmc_shapley_islands | Add-curve (mean): 5 islands, n=925 -> corr=0.1124
2026-03-04 14:54:26 | INFO | src.tmc_shapley_islands | Add-curve (mean): 6 islands, n=1980 -> corr=0.1109
2026-03-04 14:54:27 | INFO | src.tmc_shapley_islands | Add-curve (mean): 7 islands, n=2236 -> corr=0.0401
2026-03-04 14:54:27 | INFO | src.tmc_shapley_islands | Add-curve (mean): 8 islands, n=2722 -> corr=0.0435
2026-03-04 14:54:29 | INFO | src.tmc_shapley_islands | Add-curve (mean): 9 islands, n=3303 -> corr=0.0561
2026-03-04 14:54:30 | INFO | src.tmc_shapley_islands | Add-curve (mean): 10 islands, n=3886 -> corr=0.0743
2026-03-04 14:54:31 | INFO | src.tmc_shapley_islands | Add-curve (mean): 11 islands, n=4439 -> corr=0.0309
2026-03-04 14:54:33 | INFO | src.tmc_shapley_islands | Add-curve (mean): 12 islands, n=4836 -> corr=0.0168
2026-03-04 14:54:35 | INFO | src.tmc_shapley_islands | Add-curve (mean): 13 islands, n=5122 -> corr=0.2065
2026-03-04 14:54:37 | INFO | src.tmc_shapley_islands | Add-curve (mean): 14 islands, n=5324 -> corr=0.1852
2026-03-04 14:54:39 | INFO | src.tmc_shapley_islands | Add-curve (mean): 15 islands, n=5442 -> corr=0.2006
2026-03-04 14:54:52 | INFO | src.tmc_shapley_islands | Random individual add-curve (seed=0) complete
2026-03-04 14:55:07 | INFO | src.tmc_shapley_islands | Random individual add-curve (seed=1) complete
2026-03-04 14:55:18 | INFO | src.tmc_shapley_islands | Random individual add-curve (seed=2) complete
2026-03-04 14:55:30 | INFO | src.tmc_shapley_islands | Random individual add-curve (seed=3) complete
2026-03-04 14:55:40 | INFO | src.tmc_shapley_islands | Random individual add-curve (seed=4) complete
2026-03-04 14:55:40 | INFO | src.tmc_shapley_islands | Building mirrored remove-islands curve from add-islands curve...
2026-03-04 14:55:40 | INFO | src.tmc_shapley_islands | Saved Shapley values to outputs/tmc_shapley_sweep_all_traits/shards/shard_011/wing/tmp/shapley_island_values_target_3.csv
2026-03-04 14:55:40 | INFO | src.tmc_shapley_islands | Saved summary to outputs/tmc_shapley_sweep_all_traits/shards/shard_011/wing/tmp/tmc_summary_target_3.json
2026-03-04 14:55:40 | INFO | src.tmc_shapley_islands | Saved intermediate ranking trace to outputs/tmc_shapley_sweep_all_traits/shards/shard_011/wing/tmp/tmc_intermediate_rankings_target_3.csv
2026-03-04 14:55:40 | INFO | src.tmc_shapley_islands | Saved add-curve to outputs/tmc_shapley_sweep_all_traits/shards/shard_011/wing/tmp/add_curve_target_3.csv
2026-03-04 14:55:40 | INFO | src.tmc_shapley_islands | Saved remove-curve to outputs/tmc_shapley_sweep_all_traits/shards/shard_011/wing/tmp/remove_curve_target_3.csv
2026-03-04 14:55:41 | INFO | src.tmc_shapley_islands | Saved bar plot to outputs/tmc_shapley_sweep_all_traits/shards/shard_011/wing/tmp/shapley_bar_target_3.png
2026-03-04 14:55:41 | INFO | src.tmc_shapley_islands | Saved add-curve plot to outputs/tmc_shapley_sweep_all_traits/shards/shard_011/wing/tmp/add_curve_target_3.png
2026-03-04 14:55:42 | INFO | src.tmc_shapley_islands | Saved remove-curve plot to outputs/tmc_shapley_sweep_all_traits/shards/shard_011/wing/tmp/remove_curve_target_3.png
2026-03-04 14:55:42 | INFO | __main__ | Shard 11/30 trait=wing progress 4/75 | target=3 n_cal_samples=10 perm=80 repeat=3
2026-03-04 14:55:42 | INFO | src.tmc_shapley_islands | [Shapley] Target island: 3 (Selvær), source islands: 15
2026-03-04 14:55:42 | INFO | src.tmc_shapley_islands | Data: source=5442 (across 15 islands), cal=10, test=41
2026-03-04 14:55:42 | INFO | src.tmc_shapley_islands | SNP selection: using fixed precomputed subset (n=20000)
2026-03-04 14:55:42 | INFO | src.tmc_shapley_islands | Island counts (capped to None in training):
  Nesøy: n=118
  Myken: n=92
  Træna: n=286
  Gjerøy: n=553
  Hestmannøy: n=1055
  Indre Kvarøy: n=349
  Onøy og Lurøy: n=256
  Lovund: n=151
  Sleneset: n=160
  Aldra: n=173
  Southern 1: n=581
  Southern 2: n=397
  Southern 3: n=583
  Southern 4: n=486
  Southern 5: n=202
2026-03-04 14:55:42 | INFO | src.tmc_shapley_islands | Loaded 497 cached utilities from outputs/tmc_shapley_sweep_all_traits/cache/wing/utility_cache_target_3_seed_1236497313.json
2026-03-04 14:55:42 | INFO | src.tmc_shapley_islands | Running TMC-Shapley with 80 permutations (utility on cal set)...
2026-03-04 14:55:42 | INFO | src.tmc_shapley_islands | Computing V_full over all 15 source islands...
2026-03-04 14:55:42 | INFO | src.tmc_shapley_islands | V_full = 0.1138
2026-03-04 14:55:42 | INFO | src.tmc_shapley_islands | TMC head-start: loaded 40 completed permutations from state outputs/tmc_shapley_sweep_all_traits/cache/wing/tmc_perm_state_target_3_seed_1236497313.json
2026-03-04 14:57:46 | INFO | src.tmc_shapley_islands | TMC progress: 48/80 permutations done, cache hit rate: 24.8%, n_evals: 91
2026-03-04 15:02:32 | INFO | src.tmc_shapley_islands | TMC progress: 64/80 permutations done, cache hit rate: 28.0%, n_evals: 260
2026-03-04 15:06:33 | INFO | src.tmc_shapley_islands | TMC progress: 80/80 permutations done, cache hit rate: 28.5%, n_evals: 430
2026-03-04 15:06:33 | INFO | src.tmc_shapley_islands | TMC complete: 80 permutations, 0 truncated, 430 utility evals, cache hit rate: 28.5%
2026-03-04 15:06:33 | INFO | src.tmc_shapley_islands | Shapley values (phi, computed on cal set):
2026-03-04 15:06:33 | INFO | src.tmc_shapley_islands |   Nesøy: phi=-0.118495, phi/n=-0.00100420
2026-03-04 15:06:33 | INFO | src.tmc_shapley_islands |   Myken: phi=0.031647, phi/n=0.00034399
2026-03-04 15:06:33 | INFO | src.tmc_shapley_islands |   Træna: phi=-0.085339, phi/n=-0.00029839
2026-03-04 15:06:33 | INFO | src.tmc_shapley_islands |   Gjerøy: phi=-0.060482, phi/n=-0.00010937
2026-03-04 15:06:33 | INFO | src.tmc_shapley_islands |   Hestmannøy: phi=0.182352, phi/n=0.00017285
2026-03-04 15:06:33 | INFO | src.tmc_shapley_islands |   Indre Kvarøy: phi=0.163523, phi/n=0.00046855
2026-03-04 15:06:33 | INFO | src.tmc_shapley_islands |   Onøy og Lurøy: phi=0.052706, phi/n=0.00020588
2026-03-04 15:06:33 | INFO | src.tmc_shapley_islands |   Lovund: phi=0.144392, phi/n=0.00095624
2026-03-04 15:06:33 | INFO | src.tmc_shapley_islands |   Sleneset: phi=0.069776, phi/n=0.00043610
2026-03-04 15:06:33 | INFO | src.tmc_shapley_islands |   Aldra: phi=0.061084, phi/n=0.00035309
2026-03-04 15:06:33 | INFO | src.tmc_shapley_islands |   Southern 1: phi=-0.010852, phi/n=-0.00001868
2026-03-04 15:06:33 | INFO | src.tmc_shapley_islands |   Southern 2: phi=-0.137910, phi/n=-0.00034738
2026-03-04 15:06:33 | INFO | src.tmc_shapley_islands |   Southern 3: phi=-0.062117, phi/n=-0.00010655
2026-03-04 15:06:33 | INFO | src.tmc_shapley_islands |   Southern 4: phi=-0.000627, phi/n=-0.00000129
2026-03-04 15:06:33 | INFO | src.tmc_shapley_islands |   Southern 5: phi=-0.115831, phi/n=-0.00057342
2026-03-04 15:06:33 | INFO | src.tmc_shapley_islands | Curve retraining early stopping: enabled=True, patience=20
2026-03-04 15:06:33 | INFO | src.tmc_shapley_islands | Computing add-islands curve (evaluated on test set)...
2026-03-04 15:06:33 | INFO | src.tmc_shapley_islands | Add-curve (mean): 1 islands, n=151 -> corr=0.2062
2026-03-04 15:06:33 | INFO | src.tmc_shapley_islands | Add-curve (mean): 2 islands, n=500 -> corr=0.1848
2026-03-04 15:06:33 | INFO | src.tmc_shapley_islands | Add-curve (mean): 3 islands, n=660 -> corr=0.2351
2026-03-04 15:06:33 | INFO | src.tmc_shapley_islands | Add-curve (mean): 4 islands, n=833 -> corr=0.2002
2026-03-04 15:06:33 | INFO | src.tmc_shapley_islands | Add-curve (mean): 5 islands, n=925 -> corr=0.1124
2026-03-04 15:06:34 | INFO | src.tmc_shapley_islands | Add-curve (mean): 6 islands, n=1181 -> corr=0.0005
2026-03-04 15:06:35 | INFO | src.tmc_shapley_islands | Add-curve (mean): 7 islands, n=2236 -> corr=0.0401
2026-03-04 15:06:35 | INFO | src.tmc_shapley_islands | Add-curve (mean): 8 islands, n=2722 -> corr=0.0435
2026-03-04 15:06:37 | INFO | src.tmc_shapley_islands | Add-curve (mean): 9 islands, n=3303 -> corr=0.0561
2026-03-04 15:06:38 | INFO | src.tmc_shapley_islands | Add-curve (mean): 10 islands, n=3886 -> corr=0.0743
2026-03-04 15:06:40 | INFO | src.tmc_shapley_islands | Add-curve (mean): 11 islands, n=4439 -> corr=0.0309
2026-03-04 15:06:41 | INFO | src.tmc_shapley_islands | Add-curve (mean): 12 islands, n=4725 -> corr=0.2171
2026-03-04 15:06:43 | INFO | src.tmc_shapley_islands | Add-curve (mean): 13 islands, n=5122 -> corr=0.2065
2026-03-04 15:06:45 | INFO | src.tmc_shapley_islands | Add-curve (mean): 14 islands, n=5324 -> corr=0.1852
2026-03-04 15:06:47 | INFO | src.tmc_shapley_islands | Add-curve (mean): 15 islands, n=5442 -> corr=0.2006
2026-03-04 15:06:58 | INFO | src.tmc_shapley_islands | Random individual add-curve (seed=0) complete
2026-03-04 15:07:09 | INFO | src.tmc_shapley_islands | Random individual add-curve (seed=1) complete
2026-03-04 15:07:20 | INFO | src.tmc_shapley_islands | Random individual add-curve (seed=2) complete
2026-03-04 15:07:30 | INFO | src.tmc_shapley_islands | Random individual add-curve (seed=3) complete
2026-03-04 15:07:45 | INFO | src.tmc_shapley_islands | Random individual add-curve (seed=4) complete
2026-03-04 15:07:45 | INFO | src.tmc_shapley_islands | Building mirrored remove-islands curve from add-islands curve...
2026-03-04 15:07:45 | INFO | src.tmc_shapley_islands | Saved Shapley values to outputs/tmc_shapley_sweep_all_traits/shards/shard_011/wing/tmp/shapley_island_values_target_3.csv
2026-03-04 15:07:45 | INFO | src.tmc_shapley_islands | Saved summary to outputs/tmc_shapley_sweep_all_traits/shards/shard_011/wing/tmp/tmc_summary_target_3.json
2026-03-04 15:07:45 | INFO | src.tmc_shapley_islands | Saved intermediate ranking trace to outputs/tmc_shapley_sweep_all_traits/shards/shard_011/wing/tmp/tmc_intermediate_rankings_target_3.csv
2026-03-04 15:07:45 | INFO | src.tmc_shapley_islands | Saved add-curve to outputs/tmc_shapley_sweep_all_traits/shards/shard_011/wing/tmp/add_curve_target_3.csv
2026-03-04 15:07:45 | INFO | src.tmc_shapley_islands | Saved remove-curve to outputs/tmc_shapley_sweep_all_traits/shards/shard_011/wing/tmp/remove_curve_target_3.csv
2026-03-04 15:07:45 | INFO | src.tmc_shapley_islands | Saved bar plot to outputs/tmc_shapley_sweep_all_traits/shards/shard_011/wing/tmp/shapley_bar_target_3.png
2026-03-04 15:07:46 | INFO | src.tmc_shapley_islands | Saved add-curve plot to outputs/tmc_shapley_sweep_all_traits/shards/shard_011/wing/tmp/add_curve_target_3.png
2026-03-04 15:07:46 | INFO | src.tmc_shapley_islands | Saved remove-curve plot to outputs/tmc_shapley_sweep_all_traits/shards/shard_011/wing/tmp/remove_curve_target_3.png
2026-03-04 15:07:46 | INFO | __main__ | Shard 11/30 trait=wing progress 5/75 | target=3 n_cal_samples=10 perm=150 repeat=3
2026-03-04 15:07:46 | INFO | src.tmc_shapley_islands | [Shapley] Target island: 3 (Selvær), source islands: 15
2026-03-04 15:07:47 | INFO | src.tmc_shapley_islands | Data: source=5442 (across 15 islands), cal=10, test=41
2026-03-04 15:07:47 | INFO | src.tmc_shapley_islands | SNP selection: using fixed precomputed subset (n=20000)
2026-03-04 15:07:47 | INFO | src.tmc_shapley_islands | Island counts (capped to None in training):
  Nesøy: n=118
  Myken: n=92
  Træna: n=286
  Gjerøy: n=553
  Hestmannøy: n=1055
  Indre Kvarøy: n=349
  Onøy og Lurøy: n=256
  Lovund: n=151
  Sleneset: n=160
  Aldra: n=173
  Southern 1: n=581
  Southern 2: n=397
  Southern 3: n=583
  Southern 4: n=486
  Southern 5: n=202
2026-03-04 15:07:47 | INFO | src.tmc_shapley_islands | Loaded 927 cached utilities from outputs/tmc_shapley_sweep_all_traits/cache/wing/utility_cache_target_3_seed_1236497313.json
2026-03-04 15:07:47 | INFO | src.tmc_shapley_islands | Running TMC-Shapley with 150 permutations (utility on cal set)...
2026-03-04 15:07:47 | INFO | src.tmc_shapley_islands | Computing V_full over all 15 source islands...
2026-03-04 15:07:47 | INFO | src.tmc_shapley_islands | V_full = 0.1138
2026-03-04 15:07:47 | INFO | src.tmc_shapley_islands | TMC head-start: loaded 80 completed permutations from state outputs/tmc_shapley_sweep_all_traits/cache/wing/tmc_perm_state_target_3_seed_1236497313.json
2026-03-04 15:10:13 | INFO | src.tmc_shapley_islands | TMC progress: 90/150 permutations done, cache hit rate: 33.8%, n_evals: 100
2026-03-04 15:16:09 | INFO | src.tmc_shapley_islands | TMC progress: 120/150 permutations done, cache hit rate: 34.1%, n_evals: 396
2026-03-04 15:22:04 | INFO | src.tmc_shapley_islands | TMC progress: 150/150 permutations done, cache hit rate: 35.8%, n_evals: 675
2026-03-04 15:22:04 | INFO | src.tmc_shapley_islands | TMC complete: 150 permutations, 0 truncated, 675 utility evals, cache hit rate: 35.8%
2026-03-04 15:22:04 | INFO | src.tmc_shapley_islands | Shapley values (phi, computed on cal set):
2026-03-04 15:22:04 | INFO | src.tmc_shapley_islands |   Nesøy: phi=-0.116546, phi/n=-0.00098768
2026-03-04 15:22:04 | INFO | src.tmc_shapley_islands |   Myken: phi=0.029475, phi/n=0.00032038
2026-03-04 15:22:04 | INFO | src.tmc_shapley_islands |   Træna: phi=-0.098513, phi/n=-0.00034445
2026-03-04 15:22:04 | INFO | src.tmc_shapley_islands |   Gjerøy: phi=-0.062219, phi/n=-0.00011251
2026-03-04 15:22:04 | INFO | src.tmc_shapley_islands |   Hestmannøy: phi=0.177766, phi/n=0.00016850
2026-03-04 15:22:04 | INFO | src.tmc_shapley_islands |   Indre Kvarøy: phi=0.184066, phi/n=0.00052741
2026-03-04 15:22:04 | INFO | src.tmc_shapley_islands |   Onøy og Lurøy: phi=0.053383, phi/n=0.00020853
2026-03-04 15:22:04 | INFO | src.tmc_shapley_islands |   Lovund: phi=0.142698, phi/n=0.00094502
2026-03-04 15:22:04 | INFO | src.tmc_shapley_islands |   Sleneset: phi=0.065514, phi/n=0.00040946
2026-03-04 15:22:04 | INFO | src.tmc_shapley_islands |   Aldra: phi=0.059525, phi/n=0.00034408
2026-03-04 15:22:04 | INFO | src.tmc_shapley_islands |   Southern 1: phi=-0.009435, phi/n=-0.00001624
2026-03-04 15:22:04 | INFO | src.tmc_shapley_islands |   Southern 2: phi=-0.137885, phi/n=-0.00034732
2026-03-04 15:22:04 | INFO | src.tmc_shapley_islands |   Southern 3: phi=-0.069004, phi/n=-0.00011836
2026-03-04 15:22:04 | INFO | src.tmc_shapley_islands |   Southern 4: phi=-0.001154, phi/n=-0.00000237
2026-03-04 15:22:04 | INFO | src.tmc_shapley_islands |   Southern 5: phi=-0.103844, phi/n=-0.00051408
2026-03-04 15:22:04 | INFO | src.tmc_shapley_islands | Curve retraining early stopping: enabled=True, patience=20
2026-03-04 15:22:04 | INFO | src.tmc_shapley_islands | Computing add-islands curve (evaluated on test set)...
2026-03-04 15:22:04 | INFO | src.tmc_shapley_islands | Add-curve (mean): 1 islands, n=151 -> corr=0.2062
2026-03-04 15:22:05 | INFO | src.tmc_shapley_islands | Add-curve (mean): 2 islands, n=500 -> corr=0.1848
2026-03-04 15:22:05 | INFO | src.tmc_shapley_islands | Add-curve (mean): 3 islands, n=660 -> corr=0.2351
2026-03-04 15:22:05 | INFO | src.tmc_shapley_islands | Add-curve (mean): 4 islands, n=833 -> corr=0.2002
2026-03-04 15:22:05 | INFO | src.tmc_shapley_islands | Add-curve (mean): 5 islands, n=925 -> corr=0.1124
2026-03-04 15:22:06 | INFO | src.tmc_shapley_islands | Add-curve (mean): 6 islands, n=1181 -> corr=0.0005
2026-03-04 15:22:07 | INFO | src.tmc_shapley_islands | Add-curve (mean): 7 islands, n=2236 -> corr=0.0401
2026-03-04 15:22:08 | INFO | src.tmc_shapley_islands | Add-curve (mean): 8 islands, n=2722 -> corr=0.0435
2026-03-04 15:22:12 | INFO | src.tmc_shapley_islands | Add-curve (mean): 9 islands, n=3303 -> corr=0.0561
2026-03-04 15:22:13 | INFO | src.tmc_shapley_islands | Add-curve (mean): 10 islands, n=3856 -> corr=0.0118
2026-03-04 15:22:19 | INFO | src.tmc_shapley_islands | Add-curve (mean): 11 islands, n=4439 -> corr=0.0309
2026-03-04 15:22:21 | INFO | src.tmc_shapley_islands | Add-curve (mean): 12 islands, n=4725 -> corr=0.2171
2026-03-04 15:22:23 | INFO | src.tmc_shapley_islands | Add-curve (mean): 13 islands, n=5122 -> corr=0.2065
2026-03-04 15:22:27 | INFO | src.tmc_shapley_islands | Add-curve (mean): 14 islands, n=5324 -> corr=0.1852
2026-03-04 15:22:29 | INFO | src.tmc_shapley_islands | Add-curve (mean): 15 islands, n=5442 -> corr=0.2006
2026-03-04 15:22:45 | INFO | src.tmc_shapley_islands | Random individual add-curve (seed=0) complete
2026-03-04 15:23:10 | INFO | src.tmc_shapley_islands | Random individual add-curve (seed=1) complete
2026-03-04 15:23:24 | INFO | src.tmc_shapley_islands | Random individual add-curve (seed=2) complete
2026-03-04 15:23:35 | INFO | src.tmc_shapley_islands | Random individual add-curve (seed=3) complete
2026-03-04 15:23:47 | INFO | src.tmc_shapley_islands | Random individual add-curve (seed=4) complete
2026-03-04 15:23:47 | INFO | src.tmc_shapley_islands | Building mirrored remove-islands curve from add-islands curve...
2026-03-04 15:23:47 | INFO | src.tmc_shapley_islands | Saved Shapley values to outputs/tmc_shapley_sweep_all_traits/shards/shard_011/wing/tmp/shapley_island_values_target_3.csv
2026-03-04 15:23:47 | INFO | src.tmc_shapley_islands | Saved summary to outputs/tmc_shapley_sweep_all_traits/shards/shard_011/wing/tmp/tmc_summary_target_3.json
2026-03-04 15:23:47 | INFO | src.tmc_shapley_islands | Saved intermediate ranking trace to outputs/tmc_shapley_sweep_all_traits/shards/shard_011/wing/tmp/tmc_intermediate_rankings_target_3.csv
2026-03-04 15:23:47 | INFO | src.tmc_shapley_islands | Saved add-curve to outputs/tmc_shapley_sweep_all_traits/shards/shard_011/wing/tmp/add_curve_target_3.csv
2026-03-04 15:23:47 | INFO | src.tmc_shapley_islands | Saved remove-curve to outputs/tmc_shapley_sweep_all_traits/shards/shard_011/wing/tmp/remove_curve_target_3.csv
2026-03-04 15:23:48 | INFO | src.tmc_shapley_islands | Saved bar plot to outputs/tmc_shapley_sweep_all_traits/shards/shard_011/wing/tmp/shapley_bar_target_3.png
2026-03-04 15:23:48 | INFO | src.tmc_shapley_islands | Saved add-curve plot to outputs/tmc_shapley_sweep_all_traits/shards/shard_011/wing/tmp/add_curve_target_3.png
2026-03-04 15:23:48 | INFO | src.tmc_shapley_islands | Saved remove-curve plot to outputs/tmc_shapley_sweep_all_traits/shards/shard_011/wing/tmp/remove_curve_target_3.png
2026-03-04 15:23:48 | INFO | __main__ | Shard 11/30 trait=wing progress 6/75 | target=3 n_cal_samples=20 perm=10 repeat=3
2026-03-04 15:23:48 | INFO | src.tmc_shapley_islands | [Shapley] Target island: 3 (Selvær), source islands: 15
2026-03-04 15:23:49 | INFO | src.tmc_shapley_islands | Data: source=5442 (across 15 islands), cal=20, test=41
2026-03-04 15:23:49 | INFO | src.tmc_shapley_islands | SNP selection: using fixed precomputed subset (n=20000)
2026-03-04 15:23:49 | INFO | src.tmc_shapley_islands | Island counts (capped to None in training):
  Nesøy: n=118
  Myken: n=92
  Træna: n=286
  Gjerøy: n=553
  Hestmannøy: n=1055
  Indre Kvarøy: n=349
  Onøy og Lurøy: n=256
  Lovund: n=151
  Sleneset: n=160
  Aldra: n=173
  Southern 1: n=581
  Southern 2: n=397
  Southern 3: n=583
  Southern 4: n=486
  Southern 5: n=202
2026-03-04 15:23:49 | INFO | src.tmc_shapley_islands | Running TMC-Shapley with 10 permutations (utility on cal set)...
2026-03-04 15:23:49 | INFO | src.tmc_shapley_islands | Computing V_full over all 15 source islands...
2026-03-04 15:23:51 | INFO | src.tmc_shapley_islands | V_full = 0.2560
2026-03-04 15:24:37 | INFO | src.tmc_shapley_islands | TMC progress: 2/10 permutations done, cache hit rate: 6.5%, n_evals: 29
2026-03-04 15:25:20 | INFO | src.tmc_shapley_islands | TMC progress: 4/10 permutations done, cache hit rate: 9.8%, n_evals: 55
2026-03-04 15:26:07 | INFO | src.tmc_shapley_islands | TMC progress: 6/10 permutations done, cache hit rate: 9.9%, n_evals: 82
2026-03-04 15:26:33 | INFO | src.tmc_shapley_islands | TMC progress: 8/10 permutations done, cache hit rate: 9.9%, n_evals: 109
2026-03-04 15:27:06 | INFO | src.tmc_shapley_islands | TMC progress: 10/10 permutations done, cache hit rate: 10.6%, n_evals: 135
2026-03-04 15:27:06 | INFO | src.tmc_shapley_islands | TMC complete: 10 permutations, 0 truncated, 135 utility evals, cache hit rate: 10.6%
2026-03-04 15:27:06 | INFO | src.tmc_shapley_islands | Shapley values (phi, computed on cal set):
2026-03-04 15:27:06 | INFO | src.tmc_shapley_islands |   Nesøy: phi=-0.026717, phi/n=-0.00022642
2026-03-04 15:27:06 | INFO | src.tmc_shapley_islands |   Myken: phi=0.048211, phi/n=0.00052403
2026-03-04 15:27:06 | INFO | src.tmc_shapley_islands |   Træna: phi=0.248666, phi/n=0.00086946
2026-03-04 15:27:06 | INFO | src.tmc_shapley_islands |   Gjerøy: phi=-0.080039, phi/n=-0.00014474
2026-03-04 15:27:06 | INFO | src.tmc_shapley_islands |   Hestmannøy: phi=-0.070709, phi/n=-0.00006702
2026-03-04 15:27:06 | INFO | src.tmc_shapley_islands |   Indre Kvarøy: phi=0.016701, phi/n=0.00004786
2026-03-04 15:27:06 | INFO | src.tmc_shapley_islands |   Onøy og Lurøy: phi=0.053149, phi/n=0.00020761
2026-03-04 15:27:06 | INFO | src.tmc_shapley_islands |   Lovund: phi=0.179944, phi/n=0.00119168
2026-03-04 15:27:06 | INFO | src.tmc_shapley_islands |   Sleneset: phi=0.108391, phi/n=0.00067745
2026-03-04 15:27:06 | INFO | src.tmc_shapley_islands |   Aldra: phi=-0.032958, phi/n=-0.00019051
2026-03-04 15:27:06 | INFO | src.tmc_shapley_islands |   Southern 1: phi=0.012910, phi/n=0.00002222
2026-03-04 15:27:06 | INFO | src.tmc_shapley_islands |   Southern 2: phi=-0.001243, phi/n=-0.00000313
2026-03-04 15:27:06 | INFO | src.tmc_shapley_islands |   Southern 3: phi=-0.086295, phi/n=-0.00014802
2026-03-04 15:27:06 | INFO | src.tmc_shapley_islands |   Southern 4: phi=-0.089329, phi/n=-0.00018380
2026-03-04 15:27:06 | INFO | src.tmc_shapley_islands |   Southern 5: phi=-0.024726, phi/n=-0.00012241
2026-03-04 15:27:06 | INFO | src.tmc_shapley_islands | Curve retraining early stopping: enabled=True, patience=20
2026-03-04 15:27:06 | INFO | src.tmc_shapley_islands | Computing add-islands curve (evaluated on test set)...
2026-03-04 15:27:06 | INFO | src.tmc_shapley_islands | Add-curve (mean): 1 islands, n=151 -> corr=0.2158
2026-03-04 15:27:07 | INFO | src.tmc_shapley_islands | Add-curve (mean): 2 islands, n=437 -> corr=0.3116
2026-03-04 15:27:07 | INFO | src.tmc_shapley_islands | Add-curve (mean): 3 islands, n=597 -> corr=0.2887
2026-03-04 15:27:07 | INFO | src.tmc_shapley_islands | Add-curve (mean): 4 islands, n=689 -> corr=0.3037
2026-03-04 15:27:07 | INFO | src.tmc_shapley_islands | Add-curve (mean): 5 islands, n=945 -> corr=0.3091
2026-03-04 15:27:08 | INFO | src.tmc_shapley_islands | Add-curve (mean): 6 islands, n=1294 -> corr=0.3441
2026-03-04 15:27:08 | INFO | src.tmc_shapley_islands | Add-curve (mean): 7 islands, n=1875 -> corr=0.3668
2026-03-04 15:27:11 | INFO | src.tmc_shapley_islands | Add-curve (mean): 8 islands, n=2272 -> corr=0.3485
2026-03-04 15:27:16 | INFO | src.tmc_shapley_islands | Add-curve (mean): 9 islands, n=3327 -> corr=0.2896
2026-03-04 15:27:17 | INFO | src.tmc_shapley_islands | Add-curve (mean): 10 islands, n=3529 -> corr=0.2820
2026-03-04 15:27:21 | INFO | src.tmc_shapley_islands | Add-curve (mean): 11 islands, n=4082 -> corr=0.3036
2026-03-04 15:27:27 | INFO | src.tmc_shapley_islands | Add-curve (mean): 12 islands, n=4665 -> corr=0.3194
2026-03-04 15:27:29 | INFO | src.tmc_shapley_islands | Add-curve (mean): 13 islands, n=5151 -> corr=0.3149
2026-03-04 15:27:31 | INFO | src.tmc_shapley_islands | Add-curve (mean): 14 islands, n=5324 -> corr=0.3118
2026-03-04 15:27:33 | INFO | src.tmc_shapley_islands | Add-curve (mean): 15 islands, n=5442 -> corr=0.2895
2026-03-04 15:27:44 | INFO | src.tmc_shapley_islands | Random individual add-curve (seed=0) complete
2026-03-04 15:28:07 | INFO | src.tmc_shapley_islands | Random individual add-curve (seed=1) complete
2026-03-04 15:28:18 | INFO | src.tmc_shapley_islands | Random individual add-curve (seed=2) complete
2026-03-04 15:28:29 | INFO | src.tmc_shapley_islands | Random individual add-curve (seed=3) complete
2026-03-04 15:28:54 | INFO | src.tmc_shapley_islands | Random individual add-curve (seed=4) complete
2026-03-04 15:28:54 | INFO | src.tmc_shapley_islands | Building mirrored remove-islands curve from add-islands curve...
2026-03-04 15:28:54 | INFO | src.tmc_shapley_islands | Saved Shapley values to outputs/tmc_shapley_sweep_all_traits/shards/shard_011/wing/tmp/shapley_island_values_target_3.csv
2026-03-04 15:28:54 | INFO | src.tmc_shapley_islands | Saved summary to outputs/tmc_shapley_sweep_all_traits/shards/shard_011/wing/tmp/tmc_summary_target_3.json
2026-03-04 15:28:54 | INFO | src.tmc_shapley_islands | Saved intermediate ranking trace to outputs/tmc_shapley_sweep_all_traits/shards/shard_011/wing/tmp/tmc_intermediate_rankings_target_3.csv
2026-03-04 15:28:54 | INFO | src.tmc_shapley_islands | Saved add-curve to outputs/tmc_shapley_sweep_all_traits/shards/shard_011/wing/tmp/add_curve_target_3.csv
2026-03-04 15:28:54 | INFO | src.tmc_shapley_islands | Saved remove-curve to outputs/tmc_shapley_sweep_all_traits/shards/shard_011/wing/tmp/remove_curve_target_3.csv
2026-03-04 15:28:54 | INFO | src.tmc_shapley_islands | Saved bar plot to outputs/tmc_shapley_sweep_all_traits/shards/shard_011/wing/tmp/shapley_bar_target_3.png
2026-03-04 15:28:54 | INFO | src.tmc_shapley_islands | Saved add-curve plot to outputs/tmc_shapley_sweep_all_traits/shards/shard_011/wing/tmp/add_curve_target_3.png
2026-03-04 15:28:55 | INFO | src.tmc_shapley_islands | Saved remove-curve plot to outputs/tmc_shapley_sweep_all_traits/shards/shard_011/wing/tmp/remove_curve_target_3.png
2026-03-04 15:28:55 | INFO | __main__ | Shard 11/30 trait=wing progress 7/75 | target=3 n_cal_samples=20 perm=20 repeat=3
2026-03-04 15:28:55 | INFO | src.tmc_shapley_islands | [Shapley] Target island: 3 (Selvær), source islands: 15
2026-03-04 15:28:56 | INFO | src.tmc_shapley_islands | Data: source=5442 (across 15 islands), cal=20, test=41
2026-03-04 15:28:56 | INFO | src.tmc_shapley_islands | SNP selection: using fixed precomputed subset (n=20000)
2026-03-04 15:28:56 | INFO | src.tmc_shapley_islands | Island counts (capped to None in training):
  Nesøy: n=118
  Myken: n=92
  Træna: n=286
  Gjerøy: n=553
  Hestmannøy: n=1055
  Indre Kvarøy: n=349
  Onøy og Lurøy: n=256
  Lovund: n=151
  Sleneset: n=160
  Aldra: n=173
  Southern 1: n=581
  Southern 2: n=397
  Southern 3: n=583
  Southern 4: n=486
  Southern 5: n=202
2026-03-04 15:28:56 | INFO | src.tmc_shapley_islands | Loaded 135 cached utilities from outputs/tmc_shapley_sweep_all_traits/cache/wing/utility_cache_target_3_seed_69744716.json
2026-03-04 15:28:56 | INFO | src.tmc_shapley_islands | Running TMC-Shapley with 20 permutations (utility on cal set)...
2026-03-04 15:28:56 | INFO | src.tmc_shapley_islands | Computing V_full over all 15 source islands...
2026-03-04 15:28:56 | INFO | src.tmc_shapley_islands | V_full = 0.2560
2026-03-04 15:28:56 | INFO | src.tmc_shapley_islands | TMC head-start: loaded 10 completed permutations from state outputs/tmc_shapley_sweep_all_traits/cache/wing/tmc_perm_state_target_3_seed_69744716.json
2026-03-04 15:29:28 | INFO | src.tmc_shapley_islands | TMC progress: 12/20 permutations done, cache hit rate: 22.6%, n_evals: 24
2026-03-04 15:30:25 | INFO | src.tmc_shapley_islands | TMC progress: 16/20 permutations done, cache hit rate: 17.6%, n_evals: 75
2026-03-04 15:31:32 | INFO | src.tmc_shapley_islands | TMC progress: 20/20 permutations done, cache hit rate: 15.9%, n_evals: 127
2026-03-04 15:31:32 | INFO | src.tmc_shapley_islands | TMC complete: 20 permutations, 0 truncated, 127 utility evals, cache hit rate: 15.9%
2026-03-04 15:31:32 | INFO | src.tmc_shapley_islands | Shapley values (phi, computed on cal set):
2026-03-04 15:31:32 | INFO | src.tmc_shapley_islands |   Nesøy: phi=-0.024299, phi/n=-0.00020592
2026-03-04 15:31:32 | INFO | src.tmc_shapley_islands |   Myken: phi=0.054908, phi/n=0.00059682
2026-03-04 15:31:32 | INFO | src.tmc_shapley_islands |   Træna: phi=0.270478, phi/n=0.00094573
2026-03-04 15:31:32 | INFO | src.tmc_shapley_islands |   Gjerøy: phi=-0.105874, phi/n=-0.00019145
2026-03-04 15:31:32 | INFO | src.tmc_shapley_islands |   Hestmannøy: phi=-0.076368, phi/n=-0.00007239
2026-03-04 15:31:32 | INFO | src.tmc_shapley_islands |   Indre Kvarøy: phi=0.013078, phi/n=0.00003747
2026-03-04 15:31:32 | INFO | src.tmc_shapley_islands |   Onøy og Lurøy: phi=0.058546, phi/n=0.00022870
2026-03-04 15:31:32 | INFO | src.tmc_shapley_islands |   Lovund: phi=0.201521, phi/n=0.00133458
2026-03-04 15:31:32 | INFO | src.tmc_shapley_islands |   Sleneset: phi=0.084049, phi/n=0.00052530
2026-03-04 15:31:32 | INFO | src.tmc_shapley_islands |   Aldra: phi=-0.041283, phi/n=-0.00023863
2026-03-04 15:31:32 | INFO | src.tmc_shapley_islands |   Southern 1: phi=0.011659, phi/n=0.00002007
2026-03-04 15:31:32 | INFO | src.tmc_shapley_islands |   Southern 2: phi=-0.004456, phi/n=-0.00001122
2026-03-04 15:31:32 | INFO | src.tmc_shapley_islands |   Southern 3: phi=-0.094174, phi/n=-0.00016153
2026-03-04 15:31:32 | INFO | src.tmc_shapley_islands |   Southern 4: phi=-0.066664, phi/n=-0.00013717
2026-03-04 15:31:32 | INFO | src.tmc_shapley_islands |   Southern 5: phi=-0.025165, phi/n=-0.00012458
2026-03-04 15:31:32 | INFO | src.tmc_shapley_islands | Curve retraining early stopping: enabled=True, patience=20
2026-03-04 15:31:32 | INFO | src.tmc_shapley_islands | Computing add-islands curve (evaluated on test set)...
2026-03-04 15:31:32 | INFO | src.tmc_shapley_islands | Add-curve (mean): 1 islands, n=151 -> corr=0.2158
2026-03-04 15:31:32 | INFO | src.tmc_shapley_islands | Add-curve (mean): 2 islands, n=437 -> corr=0.3116
2026-03-04 15:31:32 | INFO | src.tmc_shapley_islands | Add-curve (mean): 3 islands, n=529 -> corr=0.3250
2026-03-04 15:31:32 | INFO | src.tmc_shapley_islands | Add-curve (mean): 4 islands, n=689 -> corr=0.3037
2026-03-04 15:31:33 | INFO | src.tmc_shapley_islands | Add-curve (mean): 5 islands, n=945 -> corr=0.3091
2026-03-04 15:31:33 | INFO | src.tmc_shapley_islands | Add-curve (mean): 6 islands, n=1294 -> corr=0.3441
2026-03-04 15:31:34 | INFO | src.tmc_shapley_islands | Add-curve (mean): 7 islands, n=1875 -> corr=0.3668
2026-03-04 15:31:35 | INFO | src.tmc_shapley_islands | Add-curve (mean): 8 islands, n=2272 -> corr=0.3485
2026-03-04 15:31:36 | INFO | src.tmc_shapley_islands | Add-curve (mean): 9 islands, n=3327 -> corr=0.2896
2026-03-04 15:31:37 | INFO | src.tmc_shapley_islands | Add-curve (mean): 10 islands, n=3529 -> corr=0.2820
2026-03-04 15:31:38 | INFO | src.tmc_shapley_islands | Add-curve (mean): 11 islands, n=4015 -> corr=0.2718
2026-03-04 15:31:40 | INFO | src.tmc_shapley_islands | Add-curve (mean): 12 islands, n=4598 -> corr=0.2904
2026-03-04 15:31:42 | INFO | src.tmc_shapley_islands | Add-curve (mean): 13 islands, n=5151 -> corr=0.3149
2026-03-04 15:31:44 | INFO | src.tmc_shapley_islands | Add-curve (mean): 14 islands, n=5269 -> corr=0.2924
2026-03-04 15:31:46 | INFO | src.tmc_shapley_islands | Add-curve (mean): 15 islands, n=5442 -> corr=0.2895
2026-03-04 15:31:57 | INFO | src.tmc_shapley_islands | Random individual add-curve (seed=0) complete
2026-03-04 15:32:25 | INFO | src.tmc_shapley_islands | Random individual add-curve (seed=1) complete
2026-03-04 15:32:35 | INFO | src.tmc_shapley_islands | Random individual add-curve (seed=2) complete
2026-03-04 15:32:50 | INFO | src.tmc_shapley_islands | Random individual add-curve (seed=3) complete
2026-03-04 15:33:00 | INFO | src.tmc_shapley_islands | Random individual add-curve (seed=4) complete
2026-03-04 15:33:00 | INFO | src.tmc_shapley_islands | Building mirrored remove-islands curve from add-islands curve...
2026-03-04 15:33:00 | INFO | src.tmc_shapley_islands | Saved Shapley values to outputs/tmc_shapley_sweep_all_traits/shards/shard_011/wing/tmp/shapley_island_values_target_3.csv
2026-03-04 15:33:00 | INFO | src.tmc_shapley_islands | Saved summary to outputs/tmc_shapley_sweep_all_traits/shards/shard_011/wing/tmp/tmc_summary_target_3.json
2026-03-04 15:33:00 | INFO | src.tmc_shapley_islands | Saved intermediate ranking trace to outputs/tmc_shapley_sweep_all_traits/shards/shard_011/wing/tmp/tmc_intermediate_rankings_target_3.csv
2026-03-04 15:33:00 | INFO | src.tmc_shapley_islands | Saved add-curve to outputs/tmc_shapley_sweep_all_traits/shards/shard_011/wing/tmp/add_curve_target_3.csv
2026-03-04 15:33:00 | INFO | src.tmc_shapley_islands | Saved remove-curve to outputs/tmc_shapley_sweep_all_traits/shards/shard_011/wing/tmp/remove_curve_target_3.csv
2026-03-04 15:33:00 | INFO | src.tmc_shapley_islands | Saved bar plot to outputs/tmc_shapley_sweep_all_traits/shards/shard_011/wing/tmp/shapley_bar_target_3.png
2026-03-04 15:33:01 | INFO | src.tmc_shapley_islands | Saved add-curve plot to outputs/tmc_shapley_sweep_all_traits/shards/shard_011/wing/tmp/add_curve_target_3.png
2026-03-04 15:33:01 | INFO | src.tmc_shapley_islands | Saved remove-curve plot to outputs/tmc_shapley_sweep_all_traits/shards/shard_011/wing/tmp/remove_curve_target_3.png
2026-03-04 15:33:01 | INFO | __main__ | Shard 11/30 trait=wing progress 8/75 | target=3 n_cal_samples=20 perm=40 repeat=3
2026-03-04 15:33:01 | INFO | src.tmc_shapley_islands | [Shapley] Target island: 3 (Selvær), source islands: 15
2026-03-04 15:33:02 | INFO | src.tmc_shapley_islands | Data: source=5442 (across 15 islands), cal=20, test=41
2026-03-04 15:33:02 | INFO | src.tmc_shapley_islands | SNP selection: using fixed precomputed subset (n=20000)
2026-03-04 15:33:02 | INFO | src.tmc_shapley_islands | Island counts (capped to None in training):
  Nesøy: n=118
  Myken: n=92
  Træna: n=286
  Gjerøy: n=553
  Hestmannøy: n=1055
  Indre Kvarøy: n=349
  Onøy og Lurøy: n=256
  Lovund: n=151
  Sleneset: n=160
  Aldra: n=173
  Southern 1: n=581
  Southern 2: n=397
  Southern 3: n=583
  Southern 4: n=486
  Southern 5: n=202
2026-03-04 15:33:02 | INFO | src.tmc_shapley_islands | Loaded 262 cached utilities from outputs/tmc_shapley_sweep_all_traits/cache/wing/utility_cache_target_3_seed_69744716.json
2026-03-04 15:33:02 | INFO | src.tmc_shapley_islands | Running TMC-Shapley with 40 permutations (utility on cal set)...
2026-03-04 15:33:02 | INFO | src.tmc_shapley_islands | Computing V_full over all 15 source islands...
2026-03-04 15:33:02 | INFO | src.tmc_shapley_islands | V_full = 0.2560
2026-03-04 15:33:02 | INFO | src.tmc_shapley_islands | TMC head-start: loaded 20 completed permutations from state outputs/tmc_shapley_sweep_all_traits/cache/wing/tmc_perm_state_target_3_seed_69744716.json
2026-03-04 15:33:59 | INFO | src.tmc_shapley_islands | TMC progress: 24/40 permutations done, cache hit rate: 26.2%, n_evals: 45
2026-03-04 15:36:19 | INFO | src.tmc_shapley_islands | TMC progress: 32/40 permutations done, cache hit rate: 23.2%, n_evals: 139
2026-03-04 15:38:09 | INFO | src.tmc_shapley_islands | TMC progress: 40/40 permutations done, cache hit rate: 26.2%, n_evals: 222
2026-03-04 15:38:09 | INFO | src.tmc_shapley_islands | TMC complete: 40 permutations, 0 truncated, 222 utility evals, cache hit rate: 26.2%
2026-03-04 15:38:09 | INFO | src.tmc_shapley_islands | Shapley values (phi, computed on cal set):
2026-03-04 15:38:09 | INFO | src.tmc_shapley_islands |   Nesøy: phi=-0.022747, phi/n=-0.00019277
2026-03-04 15:38:09 | INFO | src.tmc_shapley_islands |   Myken: phi=0.046920, phi/n=0.00050999
2026-03-04 15:38:09 | INFO | src.tmc_shapley_islands |   Træna: phi=0.269597, phi/n=0.00094265
2026-03-04 15:38:09 | INFO | src.tmc_shapley_islands |   Gjerøy: phi=-0.111477, phi/n=-0.00020159
2026-03-04 15:38:09 | INFO | src.tmc_shapley_islands |   Hestmannøy: phi=-0.085354, phi/n=-0.00008090
2026-03-04 15:38:09 | INFO | src.tmc_shapley_islands |   Indre Kvarøy: phi=0.031685, phi/n=0.00009079
2026-03-04 15:38:09 | INFO | src.tmc_shapley_islands |   Onøy og Lurøy: phi=0.058364, phi/n=0.00022798
2026-03-04 15:38:09 | INFO | src.tmc_shapley_islands |   Lovund: phi=0.231536, phi/n=0.00153335
2026-03-04 15:38:09 | INFO | src.tmc_shapley_islands |   Sleneset: phi=0.071108, phi/n=0.00044443
2026-03-04 15:38:09 | INFO | src.tmc_shapley_islands |   Aldra: phi=-0.043047, phi/n=-0.00024883
2026-03-04 15:38:09 | INFO | src.tmc_shapley_islands |   Southern 1: phi=0.011120, phi/n=0.00001914
2026-03-04 15:38:09 | INFO | src.tmc_shapley_islands |   Southern 2: phi=-0.006186, phi/n=-0.00001558
2026-03-04 15:38:09 | INFO | src.tmc_shapley_islands |   Southern 3: phi=-0.090006, phi/n=-0.00015438
2026-03-04 15:38:09 | INFO | src.tmc_shapley_islands |   Southern 4: phi=-0.077954, phi/n=-0.00016040
2026-03-04 15:38:09 | INFO | src.tmc_shapley_islands |   Southern 5: phi=-0.027602, phi/n=-0.00013664
2026-03-04 15:38:09 | INFO | src.tmc_shapley_islands | Curve retraining early stopping: enabled=True, patience=20
2026-03-04 15:38:09 | INFO | src.tmc_shapley_islands | Computing add-islands curve (evaluated on test set)...
2026-03-04 15:38:09 | INFO | src.tmc_shapley_islands | Add-curve (mean): 1 islands, n=151 -> corr=0.2158
2026-03-04 15:38:09 | INFO | src.tmc_shapley_islands | Add-curve (mean): 2 islands, n=437 -> corr=0.3116
2026-03-04 15:38:10 | INFO | src.tmc_shapley_islands | Add-curve (mean): 3 islands, n=529 -> corr=0.3250
2026-03-04 15:38:10 | INFO | src.tmc_shapley_islands | Add-curve (mean): 4 islands, n=689 -> corr=0.3037
2026-03-04 15:38:10 | INFO | src.tmc_shapley_islands | Add-curve (mean): 5 islands, n=945 -> corr=0.3091
2026-03-04 15:38:11 | INFO | src.tmc_shapley_islands | Add-curve (mean): 6 islands, n=1294 -> corr=0.3441
2026-03-04 15:38:11 | INFO | src.tmc_shapley_islands | Add-curve (mean): 7 islands, n=1875 -> corr=0.3668
2026-03-04 15:38:13 | INFO | src.tmc_shapley_islands | Add-curve (mean): 8 islands, n=2272 -> corr=0.3485
2026-03-04 15:38:14 | INFO | src.tmc_shapley_islands | Add-curve (mean): 9 islands, n=3327 -> corr=0.2896
2026-03-04 15:38:15 | INFO | src.tmc_shapley_islands | Add-curve (mean): 10 islands, n=3529 -> corr=0.2820
2026-03-04 15:38:17 | INFO | src.tmc_shapley_islands | Add-curve (mean): 11 islands, n=4112 -> corr=0.3029
2026-03-04 15:38:19 | INFO | src.tmc_shapley_islands | Add-curve (mean): 12 islands, n=4598 -> corr=0.2904
2026-03-04 15:38:21 | INFO | src.tmc_shapley_islands | Add-curve (mean): 13 islands, n=4716 -> corr=0.2656
2026-03-04 15:38:24 | INFO | src.tmc_shapley_islands | Add-curve (mean): 14 islands, n=5269 -> corr=0.2924
2026-03-04 15:38:26 | INFO | src.tmc_shapley_islands | Add-curve (mean): 15 islands, n=5442 -> corr=0.2895
2026-03-04 15:38:38 | INFO | src.tmc_shapley_islands | Random individual add-curve (seed=0) complete
2026-03-04 15:38:52 | INFO | src.tmc_shapley_islands | Random individual add-curve (seed=1) complete
2026-03-04 15:39:02 | INFO | src.tmc_shapley_islands | Random individual add-curve (seed=2) complete
2026-03-04 15:39:12 | INFO | src.tmc_shapley_islands | Random individual add-curve (seed=3) complete
2026-03-04 15:39:22 | INFO | src.tmc_shapley_islands | Random individual add-curve (seed=4) complete
2026-03-04 15:39:22 | INFO | src.tmc_shapley_islands | Building mirrored remove-islands curve from add-islands curve...
2026-03-04 15:39:22 | INFO | src.tmc_shapley_islands | Saved Shapley values to outputs/tmc_shapley_sweep_all_traits/shards/shard_011/wing/tmp/shapley_island_values_target_3.csv
2026-03-04 15:39:22 | INFO | src.tmc_shapley_islands | Saved summary to outputs/tmc_shapley_sweep_all_traits/shards/shard_011/wing/tmp/tmc_summary_target_3.json
2026-03-04 15:39:22 | INFO | src.tmc_shapley_islands | Saved intermediate ranking trace to outputs/tmc_shapley_sweep_all_traits/shards/shard_011/wing/tmp/tmc_intermediate_rankings_target_3.csv
2026-03-04 15:39:22 | INFO | src.tmc_shapley_islands | Saved add-curve to outputs/tmc_shapley_sweep_all_traits/shards/shard_011/wing/tmp/add_curve_target_3.csv
2026-03-04 15:39:22 | INFO | src.tmc_shapley_islands | Saved remove-curve to outputs/tmc_shapley_sweep_all_traits/shards/shard_011/wing/tmp/remove_curve_target_3.csv
2026-03-04 15:39:23 | INFO | src.tmc_shapley_islands | Saved bar plot to outputs/tmc_shapley_sweep_all_traits/shards/shard_011/wing/tmp/shapley_bar_target_3.png
2026-03-04 15:39:23 | INFO | src.tmc_shapley_islands | Saved add-curve plot to outputs/tmc_shapley_sweep_all_traits/shards/shard_011/wing/tmp/add_curve_target_3.png
2026-03-04 15:39:23 | INFO | src.tmc_shapley_islands | Saved remove-curve plot to outputs/tmc_shapley_sweep_all_traits/shards/shard_011/wing/tmp/remove_curve_target_3.png
2026-03-04 15:39:23 | INFO | __main__ | Shard 11/30 trait=wing progress 9/75 | target=3 n_cal_samples=20 perm=80 repeat=3
2026-03-04 15:39:23 | INFO | src.tmc_shapley_islands | [Shapley] Target island: 3 (Selvær), source islands: 15
2026-03-04 15:39:24 | INFO | src.tmc_shapley_islands | Data: source=5442 (across 15 islands), cal=20, test=41
2026-03-04 15:39:24 | INFO | src.tmc_shapley_islands | SNP selection: using fixed precomputed subset (n=20000)
2026-03-04 15:39:24 | INFO | src.tmc_shapley_islands | Island counts (capped to None in training):
  Nesøy: n=118
  Myken: n=92
  Træna: n=286
  Gjerøy: n=553
  Hestmannøy: n=1055
  Indre Kvarøy: n=349
  Onøy og Lurøy: n=256
  Lovund: n=151
  Sleneset: n=160
  Aldra: n=173
  Southern 1: n=581
  Southern 2: n=397
  Southern 3: n=583
  Southern 4: n=486
  Southern 5: n=202
2026-03-04 15:39:24 | INFO | src.tmc_shapley_islands | Loaded 484 cached utilities from outputs/tmc_shapley_sweep_all_traits/cache/wing/utility_cache_target_3_seed_69744716.json
2026-03-04 15:39:24 | INFO | src.tmc_shapley_islands | Running TMC-Shapley with 80 permutations (utility on cal set)...
2026-03-04 15:39:24 | INFO | src.tmc_shapley_islands | Computing V_full over all 15 source islands...
2026-03-04 15:39:24 | INFO | src.tmc_shapley_islands | V_full = 0.2560
2026-03-04 15:39:24 | INFO | src.tmc_shapley_islands | TMC head-start: loaded 40 completed permutations from state outputs/tmc_shapley_sweep_all_traits/cache/wing/tmc_perm_state_target_3_seed_69744716.json
2026-03-04 15:41:07 | INFO | src.tmc_shapley_islands | TMC progress: 48/80 permutations done, cache hit rate: 24.8%, n_evals: 91
2026-03-04 15:44:32 | INFO | src.tmc_shapley_islands | TMC progress: 64/80 permutations done, cache hit rate: 26.6%, n_evals: 265
2026-03-04 15:47:48 | INFO | src.tmc_shapley_islands | TMC progress: 80/80 permutations done, cache hit rate: 28.0%, n_evals: 433
2026-03-04 15:47:48 | INFO | src.tmc_shapley_islands | TMC complete: 80 permutations, 0 truncated, 433 utility evals, cache hit rate: 28.0%
2026-03-04 15:47:48 | INFO | src.tmc_shapley_islands | Shapley values (phi, computed on cal set):
2026-03-04 15:47:48 | INFO | src.tmc_shapley_islands |   Nesøy: phi=-0.024906, phi/n=-0.00021107
2026-03-04 15:47:48 | INFO | src.tmc_shapley_islands |   Myken: phi=0.055970, phi/n=0.00060837
2026-03-04 15:47:48 | INFO | src.tmc_shapley_islands |   Træna: phi=0.293132, phi/n=0.00102494
2026-03-04 15:47:48 | INFO | src.tmc_shapley_islands |   Gjerøy: phi=-0.123112, phi/n=-0.00022263
2026-03-04 15:47:48 | INFO | src.tmc_shapley_islands |   Hestmannøy: phi=-0.066602, phi/n=-0.00006313
2026-03-04 15:47:48 | INFO | src.tmc_shapley_islands |   Indre Kvarøy: phi=0.034847, phi/n=0.00009985
2026-03-04 15:47:48 | INFO | src.tmc_shapley_islands |   Onøy og Lurøy: phi=0.053185, phi/n=0.00020775
2026-03-04 15:47:48 | INFO | src.tmc_shapley_islands |   Lovund: phi=0.203717, phi/n=0.00134912
2026-03-04 15:47:48 | INFO | src.tmc_shapley_islands |   Sleneset: phi=0.068252, phi/n=0.00042658
2026-03-04 15:47:48 | INFO | src.tmc_shapley_islands |   Aldra: phi=-0.037977, phi/n=-0.00021952
2026-03-04 15:47:48 | INFO | src.tmc_shapley_islands |   Southern 1: phi=0.005406, phi/n=0.00000930
2026-03-04 15:47:48 | INFO | src.tmc_shapley_islands |   Southern 2: phi=0.000978, phi/n=0.00000246
2026-03-04 15:47:48 | INFO | src.tmc_shapley_islands |   Southern 3: phi=-0.091657, phi/n=-0.00015722
2026-03-04 15:47:48 | INFO | src.tmc_shapley_islands |   Southern 4: phi=-0.072458, phi/n=-0.00014909
2026-03-04 15:47:48 | INFO | src.tmc_shapley_islands |   Southern 5: phi=-0.042821, phi/n=-0.00021199
2026-03-04 15:47:48 | INFO | src.tmc_shapley_islands | Curve retraining early stopping: enabled=True, patience=20
2026-03-04 15:47:48 | INFO | src.tmc_shapley_islands | Computing add-islands curve (evaluated on test set)...
2026-03-04 15:47:48 | INFO | src.tmc_shapley_islands | Add-curve (mean): 1 islands, n=151 -> corr=0.2158
2026-03-04 15:47:48 | INFO | src.tmc_shapley_islands | Add-curve (mean): 2 islands, n=437 -> corr=0.3116
2026-03-04 15:47:48 | INFO | src.tmc_shapley_islands | Add-curve (mean): 3 islands, n=529 -> corr=0.3250
2026-03-04 15:47:48 | INFO | src.tmc_shapley_islands | Add-curve (mean): 4 islands, n=689 -> corr=0.3037
2026-03-04 15:47:49 | INFO | src.tmc_shapley_islands | Add-curve (mean): 5 islands, n=945 -> corr=0.3091
2026-03-04 15:47:49 | INFO | src.tmc_shapley_islands | Add-curve (mean): 6 islands, n=1294 -> corr=0.3441
2026-03-04 15:47:50 | INFO | src.tmc_shapley_islands | Add-curve (mean): 7 islands, n=1875 -> corr=0.3668
2026-03-04 15:47:53 | INFO | src.tmc_shapley_islands | Add-curve (mean): 8 islands, n=2272 -> corr=0.3485
2026-03-04 15:47:54 | INFO | src.tmc_shapley_islands | Add-curve (mean): 9 islands, n=3327 -> corr=0.2896
2026-03-04 15:47:56 | INFO | src.tmc_shapley_islands | Add-curve (mean): 10 islands, n=3813 -> corr=0.2826
2026-03-04 15:47:58 | INFO | src.tmc_shapley_islands | Add-curve (mean): 11 islands, n=4396 -> corr=0.3014
2026-03-04 15:48:00 | INFO | src.tmc_shapley_islands | Add-curve (mean): 12 islands, n=4514 -> corr=0.2770
2026-03-04 15:48:01 | INFO | src.tmc_shapley_islands | Add-curve (mean): 13 islands, n=4716 -> corr=0.2656
2026-03-04 15:48:03 | INFO | src.tmc_shapley_islands | Add-curve (mean): 14 islands, n=4889 -> corr=0.2650
2026-03-04 15:48:05 | INFO | src.tmc_shapley_islands | Add-curve (mean): 15 islands, n=5442 -> corr=0.2895
2026-03-04 15:48:18 | INFO | src.tmc_shapley_islands | Random individual add-curve (seed=0) complete
2026-03-04 15:48:30 | INFO | src.tmc_shapley_islands | Random individual add-curve (seed=1) complete
2026-03-04 15:48:41 | INFO | src.tmc_shapley_islands | Random individual add-curve (seed=2) complete
2026-03-04 15:49:00 | INFO | src.tmc_shapley_islands | Random individual add-curve (seed=3) complete
2026-03-04 15:49:10 | INFO | src.tmc_shapley_islands | Random individual add-curve (seed=4) complete
2026-03-04 15:49:10 | INFO | src.tmc_shapley_islands | Building mirrored remove-islands curve from add-islands curve...
2026-03-04 15:49:10 | INFO | src.tmc_shapley_islands | Saved Shapley values to outputs/tmc_shapley_sweep_all_traits/shards/shard_011/wing/tmp/shapley_island_values_target_3.csv
2026-03-04 15:49:10 | INFO | src.tmc_shapley_islands | Saved summary to outputs/tmc_shapley_sweep_all_traits/shards/shard_011/wing/tmp/tmc_summary_target_3.json
2026-03-04 15:49:10 | INFO | src.tmc_shapley_islands | Saved intermediate ranking trace to outputs/tmc_shapley_sweep_all_traits/shards/shard_011/wing/tmp/tmc_intermediate_rankings_target_3.csv
2026-03-04 15:49:10 | INFO | src.tmc_shapley_islands | Saved add-curve to outputs/tmc_shapley_sweep_all_traits/shards/shard_011/wing/tmp/add_curve_target_3.csv
2026-03-04 15:49:10 | INFO | src.tmc_shapley_islands | Saved remove-curve to outputs/tmc_shapley_sweep_all_traits/shards/shard_011/wing/tmp/remove_curve_target_3.csv
2026-03-04 15:49:10 | INFO | src.tmc_shapley_islands | Saved bar plot to outputs/tmc_shapley_sweep_all_traits/shards/shard_011/wing/tmp/shapley_bar_target_3.png
2026-03-04 15:49:11 | INFO | src.tmc_shapley_islands | Saved add-curve plot to outputs/tmc_shapley_sweep_all_traits/shards/shard_011/wing/tmp/add_curve_target_3.png
2026-03-04 15:49:11 | INFO | src.tmc_shapley_islands | Saved remove-curve plot to outputs/tmc_shapley_sweep_all_traits/shards/shard_011/wing/tmp/remove_curve_target_3.png
2026-03-04 15:49:11 | INFO | __main__ | Shard 11/30 trait=wing progress 10/75 | target=3 n_cal_samples=20 perm=150 repeat=3
2026-03-04 15:49:11 | INFO | src.tmc_shapley_islands | [Shapley] Target island: 3 (Selvær), source islands: 15
2026-03-04 15:49:12 | INFO | src.tmc_shapley_islands | Data: source=5442 (across 15 islands), cal=20, test=41
2026-03-04 15:49:12 | INFO | src.tmc_shapley_islands | SNP selection: using fixed precomputed subset (n=20000)
2026-03-04 15:49:12 | INFO | src.tmc_shapley_islands | Island counts (capped to None in training):
  Nesøy: n=118
  Myken: n=92
  Træna: n=286
  Gjerøy: n=553
  Hestmannøy: n=1055
  Indre Kvarøy: n=349
  Onøy og Lurøy: n=256
  Lovund: n=151
  Sleneset: n=160
  Aldra: n=173
  Southern 1: n=581
  Southern 2: n=397
  Southern 3: n=583
  Southern 4: n=486
  Southern 5: n=202
2026-03-04 15:49:12 | INFO | src.tmc_shapley_islands | Loaded 917 cached utilities from outputs/tmc_shapley_sweep_all_traits/cache/wing/utility_cache_target_3_seed_69744716.json
2026-03-04 15:49:12 | INFO | src.tmc_shapley_islands | Running TMC-Shapley with 150 permutations (utility on cal set)...
2026-03-04 15:49:12 | INFO | src.tmc_shapley_islands | Computing V_full over all 15 source islands...
2026-03-04 15:49:12 | INFO | src.tmc_shapley_islands | V_full = 0.2560
2026-03-04 15:49:12 | INFO | src.tmc_shapley_islands | TMC head-start: loaded 80 completed permutations from state outputs/tmc_shapley_sweep_all_traits/cache/wing/tmc_perm_state_target_3_seed_69744716.json
2026-03-04 15:51:05 | INFO | src.tmc_shapley_islands | TMC progress: 90/150 permutations done, cache hit rate: 30.5%, n_evals: 105
2026-03-04 15:56:38 | INFO | src.tmc_shapley_islands | TMC progress: 120/150 permutations done, cache hit rate: 33.1%, n_evals: 402
2026-03-04 16:02:16 | INFO | src.tmc_shapley_islands | TMC progress: 150/150 permutations done, cache hit rate: 34.2%, n_evals: 692
2026-03-04 16:02:16 | INFO | src.tmc_shapley_islands | TMC complete: 150 permutations, 0 truncated, 692 utility evals, cache hit rate: 34.2%
2026-03-04 16:02:16 | INFO | src.tmc_shapley_islands | Shapley values (phi, computed on cal set):
2026-03-04 16:02:16 | INFO | src.tmc_shapley_islands |   Nesøy: phi=-0.025455, phi/n=-0.00021572
2026-03-04 16:02:16 | INFO | src.tmc_shapley_islands |   Myken: phi=0.056055, phi/n=0.00060929
2026-03-04 16:02:16 | INFO | src.tmc_shapley_islands |   Træna: phi=0.301123, phi/n=0.00105288
2026-03-04 16:02:16 | INFO | src.tmc_shapley_islands |   Gjerøy: phi=-0.127547, phi/n=-0.00023065
2026-03-04 16:02:16 | INFO | src.tmc_shapley_islands |   Hestmannøy: phi=-0.059051, phi/n=-0.00005597
2026-03-04 16:02:16 | INFO | src.tmc_shapley_islands |   Indre Kvarøy: phi=0.029749, phi/n=0.00008524
2026-03-04 16:02:16 | INFO | src.tmc_shapley_islands |   Onøy og Lurøy: phi=0.050113, phi/n=0.00019575
2026-03-04 16:02:16 | INFO | src.tmc_shapley_islands |   Lovund: phi=0.199340, phi/n=0.00132013
2026-03-04 16:02:16 | INFO | src.tmc_shapley_islands |   Sleneset: phi=0.067054, phi/n=0.00041909
2026-03-04 16:02:16 | INFO | src.tmc_shapley_islands |   Aldra: phi=-0.031200, phi/n=-0.00018034
2026-03-04 16:02:16 | INFO | src.tmc_shapley_islands |   Southern 1: phi=0.004519, phi/n=0.00000778
2026-03-04 16:02:16 | INFO | src.tmc_shapley_islands |   Southern 2: phi=0.001484, phi/n=0.00000374
2026-03-04 16:02:16 | INFO | src.tmc_shapley_islands |   Southern 3: phi=-0.095856, phi/n=-0.00016442
2026-03-04 16:02:16 | INFO | src.tmc_shapley_islands |   Southern 4: phi=-0.070580, phi/n=-0.00014523
2026-03-04 16:02:16 | INFO | src.tmc_shapley_islands |   Southern 5: phi=-0.043793, phi/n=-0.00021680
2026-03-04 16:02:16 | INFO | src.tmc_shapley_islands | Curve retraining early stopping: enabled=True, patience=20
2026-03-04 16:02:16 | INFO | src.tmc_shapley_islands | Computing add-islands curve (evaluated on test set)...
2026-03-04 16:02:16 | INFO | src.tmc_shapley_islands | Add-curve (mean): 1 islands, n=151 -> corr=0.2158
2026-03-04 16:02:16 | INFO | src.tmc_shapley_islands | Add-curve (mean): 2 islands, n=437 -> corr=0.3116
2026-03-04 16:02:17 | INFO | src.tmc_shapley_islands | Add-curve (mean): 3 islands, n=529 -> corr=0.3250
2026-03-04 16:02:17 | INFO | src.tmc_shapley_islands | Add-curve (mean): 4 islands, n=689 -> corr=0.3037
2026-03-04 16:02:17 | INFO | src.tmc_shapley_islands | Add-curve (mean): 5 islands, n=945 -> corr=0.3091
2026-03-04 16:02:18 | INFO | src.tmc_shapley_islands | Add-curve (mean): 6 islands, n=1294 -> corr=0.3441
2026-03-04 16:02:18 | INFO | src.tmc_shapley_islands | Add-curve (mean): 7 islands, n=1875 -> corr=0.3668
2026-03-04 16:02:19 | INFO | src.tmc_shapley_islands | Add-curve (mean): 8 islands, n=2272 -> corr=0.3485
2026-03-04 16:02:20 | INFO | src.tmc_shapley_islands | Add-curve (mean): 9 islands, n=3327 -> corr=0.2896
2026-03-04 16:02:25 | INFO | src.tmc_shapley_islands | Add-curve (mean): 10 islands, n=3813 -> corr=0.2826
2026-03-04 16:02:31 | INFO | src.tmc_shapley_islands | Add-curve (mean): 11 islands, n=4396 -> corr=0.3014
2026-03-04 16:02:37 | INFO | src.tmc_shapley_islands | Add-curve (mean): 12 islands, n=4569 -> corr=0.3019
2026-03-04 16:02:39 | INFO | src.tmc_shapley_islands | Add-curve (mean): 13 islands, n=4687 -> corr=0.2775
2026-03-04 16:02:41 | INFO | src.tmc_shapley_islands | Add-curve (mean): 14 islands, n=4889 -> corr=0.2650
2026-03-04 16:02:43 | INFO | src.tmc_shapley_islands | Add-curve (mean): 15 islands, n=5442 -> corr=0.2895
2026-03-04 16:02:56 | INFO | src.tmc_shapley_islands | Random individual add-curve (seed=0) complete
2026-03-04 16:03:06 | INFO | src.tmc_shapley_islands | Random individual add-curve (seed=1) complete
2026-03-04 16:03:17 | INFO | src.tmc_shapley_islands | Random individual add-curve (seed=2) complete
2026-03-04 16:03:29 | INFO | src.tmc_shapley_islands | Random individual add-curve (seed=3) complete
2026-03-04 16:03:40 | INFO | src.tmc_shapley_islands | Random individual add-curve (seed=4) complete
2026-03-04 16:03:40 | INFO | src.tmc_shapley_islands | Building mirrored remove-islands curve from add-islands curve...
2026-03-04 16:03:40 | INFO | src.tmc_shapley_islands | Saved Shapley values to outputs/tmc_shapley_sweep_all_traits/shards/shard_011/wing/tmp/shapley_island_values_target_3.csv
2026-03-04 16:03:41 | INFO | src.tmc_shapley_islands | Saved summary to outputs/tmc_shapley_sweep_all_traits/shards/shard_011/wing/tmp/tmc_summary_target_3.json
2026-03-04 16:03:41 | INFO | src.tmc_shapley_islands | Saved intermediate ranking trace to outputs/tmc_shapley_sweep_all_traits/shards/shard_011/wing/tmp/tmc_intermediate_rankings_target_3.csv
2026-03-04 16:03:41 | INFO | src.tmc_shapley_islands | Saved add-curve to outputs/tmc_shapley_sweep_all_traits/shards/shard_011/wing/tmp/add_curve_target_3.csv
2026-03-04 16:03:41 | INFO | src.tmc_shapley_islands | Saved remove-curve to outputs/tmc_shapley_sweep_all_traits/shards/shard_011/wing/tmp/remove_curve_target_3.csv
2026-03-04 16:03:41 | INFO | src.tmc_shapley_islands | Saved bar plot to outputs/tmc_shapley_sweep_all_traits/shards/shard_011/wing/tmp/shapley_bar_target_3.png
2026-03-04 16:03:41 | INFO | src.tmc_shapley_islands | Saved add-curve plot to outputs/tmc_shapley_sweep_all_traits/shards/shard_011/wing/tmp/add_curve_target_3.png
2026-03-04 16:03:42 | INFO | src.tmc_shapley_islands | Saved remove-curve plot to outputs/tmc_shapley_sweep_all_traits/shards/shard_011/wing/tmp/remove_curve_target_3.png
2026-03-04 16:03:42 | INFO | __main__ | Shard 11/30 trait=wing progress 11/75 | target=3 n_cal_samples=40 perm=10 repeat=3
2026-03-04 16:03:42 | INFO | src.tmc_shapley_islands | [Shapley] Target island: 3 (Selvær), source islands: 15
2026-03-04 16:03:43 | INFO | src.tmc_shapley_islands | Data: source=5442 (across 15 islands), cal=40, test=41
2026-03-04 16:03:43 | INFO | src.tmc_shapley_islands | SNP selection: using fixed precomputed subset (n=20000)
2026-03-04 16:03:43 | INFO | src.tmc_shapley_islands | Island counts (capped to None in training):
  Nesøy: n=118
  Myken: n=92
  Træna: n=286
  Gjerøy: n=553
  Hestmannøy: n=1055
  Indre Kvarøy: n=349
  Onøy og Lurøy: n=256
  Lovund: n=151
  Sleneset: n=160
  Aldra: n=173
  Southern 1: n=581
  Southern 2: n=397
  Southern 3: n=583
  Southern 4: n=486
  Southern 5: n=202
2026-03-04 16:03:43 | INFO | src.tmc_shapley_islands | Running TMC-Shapley with 10 permutations (utility on cal set)...
2026-03-04 16:03:43 | INFO | src.tmc_shapley_islands | Computing V_full over all 15 source islands...
2026-03-04 16:03:45 | INFO | src.tmc_shapley_islands | V_full = 0.4175
2026-03-04 16:04:13 | INFO | src.tmc_shapley_islands | TMC progress: 2/10 permutations done, cache hit rate: 6.5%, n_evals: 29
2026-03-04 16:04:42 | INFO | src.tmc_shapley_islands | TMC progress: 4/10 permutations done, cache hit rate: 8.2%, n_evals: 56
2026-03-04 16:05:23 | INFO | src.tmc_shapley_islands | TMC progress: 6/10 permutations done, cache hit rate: 8.8%, n_evals: 83
2026-03-04 16:05:51 | INFO | src.tmc_shapley_islands | TMC progress: 8/10 permutations done, cache hit rate: 9.9%, n_evals: 109
2026-03-04 16:06:28 | INFO | src.tmc_shapley_islands | TMC progress: 10/10 permutations done, cache hit rate: 11.9%, n_evals: 133
2026-03-04 16:06:28 | INFO | src.tmc_shapley_islands | TMC complete: 10 permutations, 0 truncated, 133 utility evals, cache hit rate: 11.9%
2026-03-04 16:06:28 | INFO | src.tmc_shapley_islands | Shapley values (phi, computed on cal set):
2026-03-04 16:06:28 | INFO | src.tmc_shapley_islands |   Nesøy: phi=0.008261, phi/n=0.00007001
2026-03-04 16:06:28 | INFO | src.tmc_shapley_islands |   Myken: phi=0.073222, phi/n=0.00079590
2026-03-04 16:06:28 | INFO | src.tmc_shapley_islands |   Træna: phi=0.124801, phi/n=0.00043637
2026-03-04 16:06:28 | INFO | src.tmc_shapley_islands |   Gjerøy: phi=-0.026453, phi/n=-0.00004784
2026-03-04 16:06:28 | INFO | src.tmc_shapley_islands |   Hestmannøy: phi=-0.050446, phi/n=-0.00004782
2026-03-04 16:06:28 | INFO | src.tmc_shapley_islands |   Indre Kvarøy: phi=0.035999, phi/n=0.00010315
2026-03-04 16:06:28 | INFO | src.tmc_shapley_islands |   Onøy og Lurøy: phi=0.079672, phi/n=0.00031122
2026-03-04 16:06:28 | INFO | src.tmc_shapley_islands |   Lovund: phi=0.179054, phi/n=0.00118579
2026-03-04 16:06:28 | INFO | src.tmc_shapley_islands |   Sleneset: phi=0.020267, phi/n=0.00012667
2026-03-04 16:06:28 | INFO | src.tmc_shapley_islands |   Aldra: phi=0.007690, phi/n=0.00004445
2026-03-04 16:06:28 | INFO | src.tmc_shapley_islands |   Southern 1: phi=0.068557, phi/n=0.00011800
2026-03-04 16:06:28 | INFO | src.tmc_shapley_islands |   Southern 2: phi=-0.033420, phi/n=-0.00008418
2026-03-04 16:06:28 | INFO | src.tmc_shapley_islands |   Southern 3: phi=-0.059162, phi/n=-0.00010148
2026-03-04 16:06:28 | INFO | src.tmc_shapley_islands |   Southern 4: phi=0.005580, phi/n=0.00001148
2026-03-04 16:06:28 | INFO | src.tmc_shapley_islands |   Southern 5: phi=-0.016119, phi/n=-0.00007980
2026-03-04 16:06:28 | INFO | src.tmc_shapley_islands | Curve retraining early stopping: enabled=True, patience=20
2026-03-04 16:06:28 | INFO | src.tmc_shapley_islands | Computing add-islands curve (evaluated on test set)...
2026-03-04 16:06:28 | INFO | src.tmc_shapley_islands | Add-curve (mean): 1 islands, n=151 -> corr=0.3969
2026-03-04 16:06:28 | INFO | src.tmc_shapley_islands | Add-curve (mean): 2 islands, n=243 -> corr=0.3213
2026-03-04 16:06:28 | INFO | src.tmc_shapley_islands | Add-curve (mean): 3 islands, n=529 -> corr=0.3650
2026-03-04 16:06:28 | INFO | src.tmc_shapley_islands | Add-curve (mean): 4 islands, n=785 -> corr=0.2905
2026-03-04 16:06:29 | INFO | src.tmc_shapley_islands | Add-curve (mean): 5 islands, n=945 -> corr=0.3184
2026-03-04 16:06:29 | INFO | src.tmc_shapley_islands | Add-curve (mean): 6 islands, n=1526 -> corr=0.2904
2026-03-04 16:06:30 | INFO | src.tmc_shapley_islands | Add-curve (mean): 7 islands, n=1875 -> corr=0.3033
2026-03-04 16:06:31 | INFO | src.tmc_shapley_islands | Add-curve (mean): 8 islands, n=1993 -> corr=0.3056
2026-03-04 16:06:32 | INFO | src.tmc_shapley_islands | Add-curve (mean): 9 islands, n=2166 -> corr=0.3151
2026-03-04 16:06:33 | INFO | src.tmc_shapley_islands | Add-curve (mean): 10 islands, n=2652 -> corr=0.2908
2026-03-04 16:06:35 | INFO | src.tmc_shapley_islands | Add-curve (mean): 11 islands, n=3707 -> corr=0.3272
2026-03-04 16:06:37 | INFO | src.tmc_shapley_islands | Add-curve (mean): 12 islands, n=4260 -> corr=0.3062
2026-03-04 16:06:39 | INFO | src.tmc_shapley_islands | Add-curve (mean): 13 islands, n=4462 -> corr=0.2832
2026-03-04 16:06:41 | INFO | src.tmc_shapley_islands | Add-curve (mean): 14 islands, n=4859 -> corr=0.2461
2026-03-04 16:06:43 | INFO | src.tmc_shapley_islands | Add-curve (mean): 15 islands, n=5442 -> corr=0.2400
2026-03-04 16:06:52 | INFO | src.tmc_shapley_islands | Random individual add-curve (seed=0) complete
2026-03-04 16:07:02 | INFO | src.tmc_shapley_islands | Random individual add-curve (seed=1) complete
2026-03-04 16:07:11 | INFO | src.tmc_shapley_islands | Random individual add-curve (seed=2) complete
2026-03-04 16:07:21 | INFO | src.tmc_shapley_islands | Random individual add-curve (seed=3) complete
2026-03-04 16:07:30 | INFO | src.tmc_shapley_islands | Random individual add-curve (seed=4) complete
2026-03-04 16:07:30 | INFO | src.tmc_shapley_islands | Building mirrored remove-islands curve from add-islands curve...
2026-03-04 16:07:30 | INFO | src.tmc_shapley_islands | Saved Shapley values to outputs/tmc_shapley_sweep_all_traits/shards/shard_011/wing/tmp/shapley_island_values_target_3.csv
2026-03-04 16:07:30 | INFO | src.tmc_shapley_islands | Saved summary to outputs/tmc_shapley_sweep_all_traits/shards/shard_011/wing/tmp/tmc_summary_target_3.json
2026-03-04 16:07:30 | INFO | src.tmc_shapley_islands | Saved intermediate ranking trace to outputs/tmc_shapley_sweep_all_traits/shards/shard_011/wing/tmp/tmc_intermediate_rankings_target_3.csv
2026-03-04 16:07:30 | INFO | src.tmc_shapley_islands | Saved add-curve to outputs/tmc_shapley_sweep_all_traits/shards/shard_011/wing/tmp/add_curve_target_3.csv
2026-03-04 16:07:30 | INFO | src.tmc_shapley_islands | Saved remove-curve to outputs/tmc_shapley_sweep_all_traits/shards/shard_011/wing/tmp/remove_curve_target_3.csv
2026-03-04 16:07:30 | INFO | src.tmc_shapley_islands | Saved bar plot to outputs/tmc_shapley_sweep_all_traits/shards/shard_011/wing/tmp/shapley_bar_target_3.png
2026-03-04 16:07:31 | INFO | src.tmc_shapley_islands | Saved add-curve plot to outputs/tmc_shapley_sweep_all_traits/shards/shard_011/wing/tmp/add_curve_target_3.png
2026-03-04 16:07:31 | INFO | src.tmc_shapley_islands | Saved remove-curve plot to outputs/tmc_shapley_sweep_all_traits/shards/shard_011/wing/tmp/remove_curve_target_3.png
2026-03-04 16:07:31 | INFO | __main__ | Shard 11/30 trait=wing progress 12/75 | target=3 n_cal_samples=40 perm=20 repeat=3
2026-03-04 16:07:31 | INFO | src.tmc_shapley_islands | [Shapley] Target island: 3 (Selvær), source islands: 15
2026-03-04 16:07:32 | INFO | src.tmc_shapley_islands | Data: source=5442 (across 15 islands), cal=40, test=41
2026-03-04 16:07:32 | INFO | src.tmc_shapley_islands | SNP selection: using fixed precomputed subset (n=20000)
2026-03-04 16:07:32 | INFO | src.tmc_shapley_islands | Island counts (capped to None in training):
  Nesøy: n=118
  Myken: n=92
  Træna: n=286
  Gjerøy: n=553
  Hestmannøy: n=1055
  Indre Kvarøy: n=349
  Onøy og Lurøy: n=256
  Lovund: n=151
  Sleneset: n=160
  Aldra: n=173
  Southern 1: n=581
  Southern 2: n=397
  Southern 3: n=583
  Southern 4: n=486
  Southern 5: n=202
2026-03-04 16:07:32 | INFO | src.tmc_shapley_islands | Loaded 133 cached utilities from outputs/tmc_shapley_sweep_all_traits/cache/wing/utility_cache_target_3_seed_268578202.json
2026-03-04 16:07:32 | INFO | src.tmc_shapley_islands | Running TMC-Shapley with 20 permutations (utility on cal set)...
2026-03-04 16:07:32 | INFO | src.tmc_shapley_islands | Computing V_full over all 15 source islands...
2026-03-04 16:07:32 | INFO | src.tmc_shapley_islands | V_full = 0.4175
2026-03-04 16:07:32 | INFO | src.tmc_shapley_islands | TMC head-start: loaded 10 completed permutations from state outputs/tmc_shapley_sweep_all_traits/cache/wing/tmc_perm_state_target_3_seed_268578202.json
2026-03-04 16:07:55 | INFO | src.tmc_shapley_islands | TMC progress: 12/20 permutations done, cache hit rate: 22.6%, n_evals: 24
2026-03-04 16:09:06 | INFO | src.tmc_shapley_islands | TMC progress: 16/20 permutations done, cache hit rate: 16.5%, n_evals: 76
2026-03-04 16:10:07 | INFO | src.tmc_shapley_islands | TMC progress: 20/20 permutations done, cache hit rate: 17.9%, n_evals: 124
2026-03-04 16:10:08 | INFO | src.tmc_shapley_islands | TMC complete: 20 permutations, 0 truncated, 124 utility evals, cache hit rate: 17.9%
2026-03-04 16:10:08 | INFO | src.tmc_shapley_islands | Shapley values (phi, computed on cal set):
2026-03-04 16:10:08 | INFO | src.tmc_shapley_islands |   Nesøy: phi=0.004297, phi/n=0.00003642
2026-03-04 16:10:08 | INFO | src.tmc_shapley_islands |   Myken: phi=0.088465, phi/n=0.00096158
2026-03-04 16:10:08 | INFO | src.tmc_shapley_islands |   Træna: phi=0.131039, phi/n=0.00045818
2026-03-04 16:10:08 | INFO | src.tmc_shapley_islands |   Gjerøy: phi=-0.029345, phi/n=-0.00005306
2026-03-04 16:10:08 | INFO | src.tmc_shapley_islands |   Hestmannøy: phi=-0.042694, phi/n=-0.00004047
2026-03-04 16:10:08 | INFO | src.tmc_shapley_islands |   Indre Kvarøy: phi=0.040446, phi/n=0.00011589
2026-03-04 16:10:08 | INFO | src.tmc_shapley_islands |   Onøy og Lurøy: phi=0.077539, phi/n=0.00030289
2026-03-04 16:10:08 | INFO | src.tmc_shapley_islands |   Lovund: phi=0.143319, phi/n=0.00094913
2026-03-04 16:10:08 | INFO | src.tmc_shapley_islands |   Sleneset: phi=0.015492, phi/n=0.00009683
2026-03-04 16:10:08 | INFO | src.tmc_shapley_islands |   Aldra: phi=0.009382, phi/n=0.00005423
2026-03-04 16:10:08 | INFO | src.tmc_shapley_islands |   Southern 1: phi=0.085881, phi/n=0.00014782
2026-03-04 16:10:08 | INFO | src.tmc_shapley_islands |   Southern 2: phi=-0.044304, phi/n=-0.00011160
2026-03-04 16:10:08 | INFO | src.tmc_shapley_islands |   Southern 3: phi=-0.048918, phi/n=-0.00008391
2026-03-04 16:10:08 | INFO | src.tmc_shapley_islands |   Southern 4: phi=0.005502, phi/n=0.00001132
2026-03-04 16:10:08 | INFO | src.tmc_shapley_islands |   Southern 5: phi=-0.018597, phi/n=-0.00009206
2026-03-04 16:10:08 | INFO | src.tmc_shapley_islands | Curve retraining early stopping: enabled=True, patience=20
2026-03-04 16:10:08 | INFO | src.tmc_shapley_islands | Computing add-islands curve (evaluated on test set)...
2026-03-04 16:10:08 | INFO | src.tmc_shapley_islands | Add-curve (mean): 1 islands, n=92 -> corr=0.0610
2026-03-04 16:10:08 | INFO | src.tmc_shapley_islands | Add-curve (mean): 2 islands, n=243 -> corr=0.3213
2026-03-04 16:10:08 | INFO | src.tmc_shapley_islands | Add-curve (mean): 3 islands, n=529 -> corr=0.3650
2026-03-04 16:10:08 | INFO | src.tmc_shapley_islands | Add-curve (mean): 4 islands, n=785 -> corr=0.2905
2026-03-04 16:10:09 | INFO | src.tmc_shapley_islands | Add-curve (mean): 5 islands, n=1366 -> corr=0.2625
2026-03-04 16:10:11 | INFO | src.tmc_shapley_islands | Add-curve (mean): 6 islands, n=1715 -> corr=0.2817
2026-03-04 16:10:12 | INFO | src.tmc_shapley_islands | Add-curve (mean): 7 islands, n=1875 -> corr=0.3033
2026-03-04 16:10:12 | INFO | src.tmc_shapley_islands | Add-curve (mean): 8 islands, n=2048 -> corr=0.3121
2026-03-04 16:10:13 | INFO | src.tmc_shapley_islands | Add-curve (mean): 9 islands, n=2166 -> corr=0.3151
2026-03-04 16:10:14 | INFO | src.tmc_shapley_islands | Add-curve (mean): 10 islands, n=2652 -> corr=0.2908
2026-03-04 16:10:16 | INFO | src.tmc_shapley_islands | Add-curve (mean): 11 islands, n=3707 -> corr=0.3272
2026-03-04 16:10:24 | INFO | src.tmc_shapley_islands | Add-curve (mean): 12 islands, n=4260 -> corr=0.3062
2026-03-04 16:10:27 | INFO | src.tmc_shapley_islands | Add-curve (mean): 13 islands, n=4843 -> corr=0.3025
2026-03-04 16:10:33 | INFO | src.tmc_shapley_islands | Add-curve (mean): 14 islands, n=5045 -> corr=0.2789
2026-03-04 16:10:41 | INFO | src.tmc_shapley_islands | Add-curve (mean): 15 islands, n=5442 -> corr=0.2400
2026-03-04 16:10:57 | INFO | src.tmc_shapley_islands | Random individual add-curve (seed=0) complete
2026-03-04 16:11:15 | INFO | src.tmc_shapley_islands | Random individual add-curve (seed=1) complete
2026-03-04 16:11:26 | INFO | src.tmc_shapley_islands | Random individual add-curve (seed=2) complete
2026-03-04 16:11:37 | INFO | src.tmc_shapley_islands | Random individual add-curve (seed=3) complete
2026-03-04 16:11:48 | INFO | src.tmc_shapley_islands | Random individual add-curve (seed=4) complete
2026-03-04 16:11:48 | INFO | src.tmc_shapley_islands | Building mirrored remove-islands curve from add-islands curve...
2026-03-04 16:11:48 | INFO | src.tmc_shapley_islands | Saved Shapley values to outputs/tmc_shapley_sweep_all_traits/shards/shard_011/wing/tmp/shapley_island_values_target_3.csv
2026-03-04 16:11:48 | INFO | src.tmc_shapley_islands | Saved summary to outputs/tmc_shapley_sweep_all_traits/shards/shard_011/wing/tmp/tmc_summary_target_3.json
2026-03-04 16:11:48 | INFO | src.tmc_shapley_islands | Saved intermediate ranking trace to outputs/tmc_shapley_sweep_all_traits/shards/shard_011/wing/tmp/tmc_intermediate_rankings_target_3.csv
2026-03-04 16:11:48 | INFO | src.tmc_shapley_islands | Saved add-curve to outputs/tmc_shapley_sweep_all_traits/shards/shard_011/wing/tmp/add_curve_target_3.csv
2026-03-04 16:11:48 | INFO | src.tmc_shapley_islands | Saved remove-curve to outputs/tmc_shapley_sweep_all_traits/shards/shard_011/wing/tmp/remove_curve_target_3.csv
2026-03-04 16:11:48 | INFO | src.tmc_shapley_islands | Saved bar plot to outputs/tmc_shapley_sweep_all_traits/shards/shard_011/wing/tmp/shapley_bar_target_3.png
2026-03-04 16:11:49 | INFO | src.tmc_shapley_islands | Saved add-curve plot to outputs/tmc_shapley_sweep_all_traits/shards/shard_011/wing/tmp/add_curve_target_3.png
2026-03-04 16:11:49 | INFO | src.tmc_shapley_islands | Saved remove-curve plot to outputs/tmc_shapley_sweep_all_traits/shards/shard_011/wing/tmp/remove_curve_target_3.png
2026-03-04 16:11:49 | INFO | __main__ | Shard 11/30 trait=wing progress 13/75 | target=3 n_cal_samples=40 perm=40 repeat=3
2026-03-04 16:11:49 | INFO | src.tmc_shapley_islands | [Shapley] Target island: 3 (Selvær), source islands: 15
2026-03-04 16:11:50 | INFO | src.tmc_shapley_islands | Data: source=5442 (across 15 islands), cal=40, test=41
2026-03-04 16:11:50 | INFO | src.tmc_shapley_islands | SNP selection: using fixed precomputed subset (n=20000)
2026-03-04 16:11:50 | INFO | src.tmc_shapley_islands | Island counts (capped to None in training):
  Nesøy: n=118
  Myken: n=92
  Træna: n=286
  Gjerøy: n=553
  Hestmannøy: n=1055
  Indre Kvarøy: n=349
  Onøy og Lurøy: n=256
  Lovund: n=151
  Sleneset: n=160
  Aldra: n=173
  Southern 1: n=581
  Southern 2: n=397
  Southern 3: n=583
  Southern 4: n=486
  Southern 5: n=202
2026-03-04 16:11:50 | INFO | src.tmc_shapley_islands | Loaded 257 cached utilities from outputs/tmc_shapley_sweep_all_traits/cache/wing/utility_cache_target_3_seed_268578202.json
2026-03-04 16:11:50 | INFO | src.tmc_shapley_islands | Running TMC-Shapley with 40 permutations (utility on cal set)...
2026-03-04 16:11:50 | INFO | src.tmc_shapley_islands | Computing V_full over all 15 source islands...
2026-03-04 16:11:50 | INFO | src.tmc_shapley_islands | V_full = 0.4175
2026-03-04 16:11:50 | INFO | src.tmc_shapley_islands | TMC head-start: loaded 20 completed permutations from state outputs/tmc_shapley_sweep_all_traits/cache/wing/tmc_perm_state_target_3_seed_268578202.json
2026-03-04 16:12:55 | INFO | src.tmc_shapley_islands | TMC progress: 24/40 permutations done, cache hit rate: 26.2%, n_evals: 45
2026-03-04 16:14:49 | INFO | src.tmc_shapley_islands | TMC progress: 32/40 permutations done, cache hit rate: 20.4%, n_evals: 144
2026-03-04 16:16:58 | INFO | src.tmc_shapley_islands | TMC progress: 40/40 permutations done, cache hit rate: 22.6%, n_evals: 233
2026-03-04 16:16:58 | INFO | src.tmc_shapley_islands | TMC complete: 40 permutations, 0 truncated, 233 utility evals, cache hit rate: 22.6%
2026-03-04 16:16:58 | INFO | src.tmc_shapley_islands | Shapley values (phi, computed on cal set):
2026-03-04 16:16:58 | INFO | src.tmc_shapley_islands |   Nesøy: phi=0.002781, phi/n=0.00002357
2026-03-04 16:16:58 | INFO | src.tmc_shapley_islands |   Myken: phi=0.101275, phi/n=0.00110081
2026-03-04 16:16:58 | INFO | src.tmc_shapley_islands |   Træna: phi=0.119800, phi/n=0.00041888
2026-03-04 16:16:58 | INFO | src.tmc_shapley_islands |   Gjerøy: phi=-0.029925, phi/n=-0.00005411
2026-03-04 16:16:58 | INFO | src.tmc_shapley_islands |   Hestmannøy: phi=-0.054406, phi/n=-0.00005157
2026-03-04 16:16:58 | INFO | src.tmc_shapley_islands |   Indre Kvarøy: phi=0.053578, phi/n=0.00015352
2026-03-04 16:16:58 | INFO | src.tmc_shapley_islands |   Onøy og Lurøy: phi=0.063571, phi/n=0.00024833
2026-03-04 16:16:58 | INFO | src.tmc_shapley_islands |   Lovund: phi=0.158351, phi/n=0.00104868
2026-03-04 16:16:58 | INFO | src.tmc_shapley_islands |   Sleneset: phi=0.012292, phi/n=0.00007683
2026-03-04 16:16:58 | INFO | src.tmc_shapley_islands |   Aldra: phi=0.011581, phi/n=0.00006694
2026-03-04 16:16:58 | INFO | src.tmc_shapley_islands |   Southern 1: phi=0.083809, phi/n=0.00014425
2026-03-04 16:16:58 | INFO | src.tmc_shapley_islands |   Southern 2: phi=-0.040438, phi/n=-0.00010186
2026-03-04 16:16:58 | INFO | src.tmc_shapley_islands |   Southern 3: phi=-0.041934, phi/n=-0.00007193
2026-03-04 16:16:58 | INFO | src.tmc_shapley_islands |   Southern 4: phi=0.004085, phi/n=0.00000840
2026-03-04 16:16:58 | INFO | src.tmc_shapley_islands |   Southern 5: phi=-0.026915, phi/n=-0.00013324
2026-03-04 16:16:58 | INFO | src.tmc_shapley_islands | Curve retraining early stopping: enabled=True, patience=20
2026-03-04 16:16:58 | INFO | src.tmc_shapley_islands | Computing add-islands curve (evaluated on test set)...
2026-03-04 16:16:58 | INFO | src.tmc_shapley_islands | Add-curve (mean): 1 islands, n=92 -> corr=0.0610
2026-03-04 16:16:58 | INFO | src.tmc_shapley_islands | Add-curve (mean): 2 islands, n=243 -> corr=0.3213
2026-03-04 16:16:58 | INFO | src.tmc_shapley_islands | Add-curve (mean): 3 islands, n=529 -> corr=0.3650
2026-03-04 16:16:59 | INFO | src.tmc_shapley_islands | Add-curve (mean): 4 islands, n=785 -> corr=0.2905
2026-03-04 16:16:59 | INFO | src.tmc_shapley_islands | Add-curve (mean): 5 islands, n=1134 -> corr=0.3045
2026-03-04 16:17:00 | INFO | src.tmc_shapley_islands | Add-curve (mean): 6 islands, n=1715 -> corr=0.2817
2026-03-04 16:17:04 | INFO | src.tmc_shapley_islands | Add-curve (mean): 7 islands, n=1875 -> corr=0.3033
2026-03-04 16:17:04 | INFO | src.tmc_shapley_islands | Add-curve (mean): 8 islands, n=2048 -> corr=0.3121
2026-03-04 16:17:05 | INFO | src.tmc_shapley_islands | Add-curve (mean): 9 islands, n=2166 -> corr=0.3151
2026-03-04 16:17:07 | INFO | src.tmc_shapley_islands | Add-curve (mean): 10 islands, n=2652 -> corr=0.2908
2026-03-04 16:17:08 | INFO | src.tmc_shapley_islands | Add-curve (mean): 11 islands, n=3707 -> corr=0.3272
2026-03-04 16:17:10 | INFO | src.tmc_shapley_islands | Add-curve (mean): 12 islands, n=4260 -> corr=0.3062
2026-03-04 16:17:12 | INFO | src.tmc_shapley_islands | Add-curve (mean): 13 islands, n=4843 -> corr=0.3025
2026-03-04 16:17:14 | INFO | src.tmc_shapley_islands | Add-curve (mean): 14 islands, n=5240 -> corr=0.2632
2026-03-04 16:17:16 | INFO | src.tmc_shapley_islands | Add-curve (mean): 15 islands, n=5442 -> corr=0.2400
2026-03-04 16:17:27 | INFO | src.tmc_shapley_islands | Random individual add-curve (seed=0) complete
2026-03-04 16:17:40 | INFO | src.tmc_shapley_islands | Random individual add-curve (seed=1) complete
2026-03-04 16:17:50 | INFO | src.tmc_shapley_islands | Random individual add-curve (seed=2) complete
2026-03-04 16:18:02 | INFO | src.tmc_shapley_islands | Random individual add-curve (seed=3) complete
2026-03-04 16:18:15 | INFO | src.tmc_shapley_islands | Random individual add-curve (seed=4) complete
2026-03-04 16:18:15 | INFO | src.tmc_shapley_islands | Building mirrored remove-islands curve from add-islands curve...
2026-03-04 16:18:15 | INFO | src.tmc_shapley_islands | Saved Shapley values to outputs/tmc_shapley_sweep_all_traits/shards/shard_011/wing/tmp/shapley_island_values_target_3.csv
2026-03-04 16:18:15 | INFO | src.tmc_shapley_islands | Saved summary to outputs/tmc_shapley_sweep_all_traits/shards/shard_011/wing/tmp/tmc_summary_target_3.json
2026-03-04 16:18:15 | INFO | src.tmc_shapley_islands | Saved intermediate ranking trace to outputs/tmc_shapley_sweep_all_traits/shards/shard_011/wing/tmp/tmc_intermediate_rankings_target_3.csv
2026-03-04 16:18:15 | INFO | src.tmc_shapley_islands | Saved add-curve to outputs/tmc_shapley_sweep_all_traits/shards/shard_011/wing/tmp/add_curve_target_3.csv
2026-03-04 16:18:15 | INFO | src.tmc_shapley_islands | Saved remove-curve to outputs/tmc_shapley_sweep_all_traits/shards/shard_011/wing/tmp/remove_curve_target_3.csv
2026-03-04 16:18:16 | INFO | src.tmc_shapley_islands | Saved bar plot to outputs/tmc_shapley_sweep_all_traits/shards/shard_011/wing/tmp/shapley_bar_target_3.png
2026-03-04 16:18:16 | INFO | src.tmc_shapley_islands | Saved add-curve plot to outputs/tmc_shapley_sweep_all_traits/shards/shard_011/wing/tmp/add_curve_target_3.png
2026-03-04 16:18:17 | INFO | src.tmc_shapley_islands | Saved remove-curve plot to outputs/tmc_shapley_sweep_all_traits/shards/shard_011/wing/tmp/remove_curve_target_3.png
2026-03-04 16:18:17 | INFO | __main__ | Shard 11/30 trait=wing progress 14/75 | target=3 n_cal_samples=40 perm=80 repeat=3
2026-03-04 16:18:17 | INFO | src.tmc_shapley_islands | [Shapley] Target island: 3 (Selvær), source islands: 15
2026-03-04 16:18:17 | INFO | src.tmc_shapley_islands | Data: source=5442 (across 15 islands), cal=40, test=41
2026-03-04 16:18:17 | INFO | src.tmc_shapley_islands | SNP selection: using fixed precomputed subset (n=20000)
2026-03-04 16:18:17 | INFO | src.tmc_shapley_islands | Island counts (capped to None in training):
  Nesøy: n=118
  Myken: n=92
  Træna: n=286
  Gjerøy: n=553
  Hestmannøy: n=1055
  Indre Kvarøy: n=349
  Onøy og Lurøy: n=256
  Lovund: n=151
  Sleneset: n=160
  Aldra: n=173
  Southern 1: n=581
  Southern 2: n=397
  Southern 3: n=583
  Southern 4: n=486
  Southern 5: n=202
2026-03-04 16:18:17 | INFO | src.tmc_shapley_islands | Loaded 490 cached utilities from outputs/tmc_shapley_sweep_all_traits/cache/wing/utility_cache_target_3_seed_268578202.json
2026-03-04 16:18:17 | INFO | src.tmc_shapley_islands | Running TMC-Shapley with 80 permutations (utility on cal set)...
2026-03-04 16:18:17 | INFO | src.tmc_shapley_islands | Computing V_full over all 15 source islands...
2026-03-04 16:18:17 | INFO | src.tmc_shapley_islands | V_full = 0.4175
2026-03-04 16:18:17 | INFO | src.tmc_shapley_islands | TMC head-start: loaded 40 completed permutations from state outputs/tmc_shapley_sweep_all_traits/cache/wing/tmc_perm_state_target_3_seed_268578202.json
2026-03-04 16:20:18 | INFO | src.tmc_shapley_islands | TMC progress: 48/80 permutations done, cache hit rate: 29.8%, n_evals: 85
2026-03-04 16:24:13 | INFO | src.tmc_shapley_islands | TMC progress: 64/80 permutations done, cache hit rate: 27.7%, n_evals: 261
2026-03-04 16:27:46 | INFO | src.tmc_shapley_islands | TMC progress: 80/80 permutations done, cache hit rate: 29.5%, n_evals: 424
2026-03-04 16:27:46 | INFO | src.tmc_shapley_islands | TMC complete: 80 permutations, 0 truncated, 424 utility evals, cache hit rate: 29.5%
2026-03-04 16:27:46 | INFO | src.tmc_shapley_islands | Shapley values (phi, computed on cal set):
2026-03-04 16:27:46 | INFO | src.tmc_shapley_islands |   Nesøy: phi=0.004613, phi/n=0.00003909
2026-03-04 16:27:46 | INFO | src.tmc_shapley_islands |   Myken: phi=0.113492, phi/n=0.00123361
2026-03-04 16:27:46 | INFO | src.tmc_shapley_islands |   Træna: phi=0.112932, phi/n=0.00039487
2026-03-04 16:27:46 | INFO | src.tmc_shapley_islands |   Gjerøy: phi=-0.034519, phi/n=-0.00006242
2026-03-04 16:27:46 | INFO | src.tmc_shapley_islands |   Hestmannøy: phi=-0.052376, phi/n=-0.00004965
2026-03-04 16:27:46 | INFO | src.tmc_shapley_islands |   Indre Kvarøy: phi=0.050485, phi/n=0.00014466
2026-03-04 16:27:46 | INFO | src.tmc_shapley_islands |   Onøy og Lurøy: phi=0.065320, phi/n=0.00025516
2026-03-04 16:27:46 | INFO | src.tmc_shapley_islands |   Lovund: phi=0.156654, phi/n=0.00103745
2026-03-04 16:27:46 | INFO | src.tmc_shapley_islands |   Sleneset: phi=0.009615, phi/n=0.00006010
2026-03-04 16:27:46 | INFO | src.tmc_shapley_islands |   Aldra: phi=0.014129, phi/n=0.00008167
2026-03-04 16:27:46 | INFO | src.tmc_shapley_islands |   Southern 1: phi=0.080591, phi/n=0.00013871
2026-03-04 16:27:46 | INFO | src.tmc_shapley_islands |   Southern 2: phi=-0.036103, phi/n=-0.00009094
2026-03-04 16:27:46 | INFO | src.tmc_shapley_islands |   Southern 3: phi=-0.041272, phi/n=-0.00007079
2026-03-04 16:27:46 | INFO | src.tmc_shapley_islands |   Southern 4: phi=0.006836, phi/n=0.00001407
2026-03-04 16:27:46 | INFO | src.tmc_shapley_islands |   Southern 5: phi=-0.032894, phi/n=-0.00016284
2026-03-04 16:27:46 | INFO | src.tmc_shapley_islands | Curve retraining early stopping: enabled=True, patience=20
2026-03-04 16:27:46 | INFO | src.tmc_shapley_islands | Computing add-islands curve (evaluated on test set)...
2026-03-04 16:27:46 | INFO | src.tmc_shapley_islands | Add-curve (mean): 1 islands, n=92 -> corr=0.0610
2026-03-04 16:27:46 | INFO | src.tmc_shapley_islands | Add-curve (mean): 2 islands, n=243 -> corr=0.3213
2026-03-04 16:27:46 | INFO | src.tmc_shapley_islands | Add-curve (mean): 3 islands, n=529 -> corr=0.3650
2026-03-04 16:27:47 | INFO | src.tmc_shapley_islands | Add-curve (mean): 4 islands, n=785 -> corr=0.2905
2026-03-04 16:27:47 | INFO | src.tmc_shapley_islands | Add-curve (mean): 5 islands, n=1134 -> corr=0.3045
2026-03-04 16:27:48 | INFO | src.tmc_shapley_islands | Add-curve (mean): 6 islands, n=1715 -> corr=0.2817
2026-03-04 16:27:48 | INFO | src.tmc_shapley_islands | Add-curve (mean): 7 islands, n=1888 -> corr=0.2911
2026-03-04 16:27:49 | INFO | src.tmc_shapley_islands | Add-curve (mean): 8 islands, n=2048 -> corr=0.3121
2026-03-04 16:27:50 | INFO | src.tmc_shapley_islands | Add-curve (mean): 9 islands, n=2166 -> corr=0.3151
2026-03-04 16:27:52 | INFO | src.tmc_shapley_islands | Add-curve (mean): 10 islands, n=2652 -> corr=0.2908
2026-03-04 16:27:53 | INFO | src.tmc_shapley_islands | Add-curve (mean): 11 islands, n=3707 -> corr=0.3272
2026-03-04 16:27:55 | INFO | src.tmc_shapley_islands | Add-curve (mean): 12 islands, n=4260 -> corr=0.3062
2026-03-04 16:28:01 | INFO | src.tmc_shapley_islands | Add-curve (mean): 13 islands, n=4843 -> corr=0.3025
2026-03-04 16:28:03 | INFO | src.tmc_shapley_islands | Add-curve (mean): 14 islands, n=5240 -> corr=0.2632
2026-03-04 16:28:05 | INFO | src.tmc_shapley_islands | Add-curve (mean): 15 islands, n=5442 -> corr=0.2400
2026-03-04 16:28:24 | INFO | src.tmc_shapley_islands | Random individual add-curve (seed=0) complete
2026-03-04 16:28:35 | INFO | src.tmc_shapley_islands | Random individual add-curve (seed=1) complete
2026-03-04 16:28:46 | INFO | src.tmc_shapley_islands | Random individual add-curve (seed=2) complete
2026-03-04 16:28:57 | INFO | src.tmc_shapley_islands | Random individual add-curve (seed=3) complete
2026-03-04 16:29:07 | INFO | src.tmc_shapley_islands | Random individual add-curve (seed=4) complete
2026-03-04 16:29:07 | INFO | src.tmc_shapley_islands | Building mirrored remove-islands curve from add-islands curve...
2026-03-04 16:29:07 | INFO | src.tmc_shapley_islands | Saved Shapley values to outputs/tmc_shapley_sweep_all_traits/shards/shard_011/wing/tmp/shapley_island_values_target_3.csv
2026-03-04 16:29:07 | INFO | src.tmc_shapley_islands | Saved summary to outputs/tmc_shapley_sweep_all_traits/shards/shard_011/wing/tmp/tmc_summary_target_3.json
2026-03-04 16:29:07 | INFO | src.tmc_shapley_islands | Saved intermediate ranking trace to outputs/tmc_shapley_sweep_all_traits/shards/shard_011/wing/tmp/tmc_intermediate_rankings_target_3.csv
2026-03-04 16:29:07 | INFO | src.tmc_shapley_islands | Saved add-curve to outputs/tmc_shapley_sweep_all_traits/shards/shard_011/wing/tmp/add_curve_target_3.csv
2026-03-04 16:29:07 | INFO | src.tmc_shapley_islands | Saved remove-curve to outputs/tmc_shapley_sweep_all_traits/shards/shard_011/wing/tmp/remove_curve_target_3.csv
2026-03-04 16:29:08 | INFO | src.tmc_shapley_islands | Saved bar plot to outputs/tmc_shapley_sweep_all_traits/shards/shard_011/wing/tmp/shapley_bar_target_3.png
2026-03-04 16:29:08 | INFO | src.tmc_shapley_islands | Saved add-curve plot to outputs/tmc_shapley_sweep_all_traits/shards/shard_011/wing/tmp/add_curve_target_3.png
2026-03-04 16:29:09 | INFO | src.tmc_shapley_islands | Saved remove-curve plot to outputs/tmc_shapley_sweep_all_traits/shards/shard_011/wing/tmp/remove_curve_target_3.png
2026-03-04 16:29:09 | INFO | __main__ | Shard 11/30 trait=wing progress 15/75 | target=3 n_cal_samples=40 perm=150 repeat=3
2026-03-04 16:29:09 | INFO | src.tmc_shapley_islands | [Shapley] Target island: 3 (Selvær), source islands: 15
2026-03-04 16:29:09 | INFO | src.tmc_shapley_islands | Data: source=5442 (across 15 islands), cal=40, test=41
2026-03-04 16:29:09 | INFO | src.tmc_shapley_islands | SNP selection: using fixed precomputed subset (n=20000)
2026-03-04 16:29:09 | INFO | src.tmc_shapley_islands | Island counts (capped to None in training):
  Nesøy: n=118
  Myken: n=92
  Træna: n=286
  Gjerøy: n=553
  Hestmannøy: n=1055
  Indre Kvarøy: n=349
  Onøy og Lurøy: n=256
  Lovund: n=151
  Sleneset: n=160
  Aldra: n=173
  Southern 1: n=581
  Southern 2: n=397
  Southern 3: n=583
  Southern 4: n=486
  Southern 5: n=202
2026-03-04 16:29:09 | INFO | src.tmc_shapley_islands | Loaded 914 cached utilities from outputs/tmc_shapley_sweep_all_traits/cache/wing/utility_cache_target_3_seed_268578202.json
2026-03-04 16:29:09 | INFO | src.tmc_shapley_islands | Running TMC-Shapley with 150 permutations (utility on cal set)...
2026-03-04 16:29:09 | INFO | src.tmc_shapley_islands | Computing V_full over all 15 source islands...
2026-03-04 16:29:09 | INFO | src.tmc_shapley_islands | V_full = 0.4175
2026-03-04 16:29:09 | INFO | src.tmc_shapley_islands | TMC head-start: loaded 80 completed permutations from state outputs/tmc_shapley_sweep_all_traits/cache/wing/tmc_perm_state_target_3_seed_268578202.json
2026-03-04 16:31:22 | INFO | src.tmc_shapley_islands | TMC progress: 90/150 permutations done, cache hit rate: 31.1%, n_evals: 104
2026-03-04 16:37:56 | INFO | src.tmc_shapley_islands | TMC progress: 120/150 permutations done, cache hit rate: 31.8%, n_evals: 410
2026-03-04 16:44:01 | INFO | src.tmc_shapley_islands | TMC progress: 150/150 permutations done, cache hit rate: 33.0%, n_evals: 704
2026-03-04 16:44:01 | INFO | src.tmc_shapley_islands | TMC complete: 150 permutations, 0 truncated, 704 utility evals, cache hit rate: 33.0%
2026-03-04 16:44:01 | INFO | src.tmc_shapley_islands | Shapley values (phi, computed on cal set):
2026-03-04 16:44:01 | INFO | src.tmc_shapley_islands |   Nesøy: phi=0.003704, phi/n=0.00003139
2026-03-04 16:44:01 | INFO | src.tmc_shapley_islands |   Myken: phi=0.111382, phi/n=0.00121068
2026-03-04 16:44:01 | INFO | src.tmc_shapley_islands |   Træna: phi=0.117009, phi/n=0.00040912
2026-03-04 16:44:01 | INFO | src.tmc_shapley_islands |   Gjerøy: phi=-0.031508, phi/n=-0.00005698
2026-03-04 16:44:01 | INFO | src.tmc_shapley_islands |   Hestmannøy: phi=-0.062437, phi/n=-0.00005918
2026-03-04 16:44:01 | INFO | src.tmc_shapley_islands |   Indre Kvarøy: phi=0.044046, phi/n=0.00012620
2026-03-04 16:44:01 | INFO | src.tmc_shapley_islands |   Onøy og Lurøy: phi=0.063078, phi/n=0.00024640
2026-03-04 16:44:01 | INFO | src.tmc_shapley_islands |   Lovund: phi=0.164687, phi/n=0.00109064
2026-03-04 16:44:01 | INFO | src.tmc_shapley_islands |   Sleneset: phi=0.014742, phi/n=0.00009214
2026-03-04 16:44:01 | INFO | src.tmc_shapley_islands |   Aldra: phi=0.015045, phi/n=0.00008696
2026-03-04 16:44:01 | INFO | src.tmc_shapley_islands |   Southern 1: phi=0.080218, phi/n=0.00013807
2026-03-04 16:44:01 | INFO | src.tmc_shapley_islands |   Southern 2: phi=-0.035151, phi/n=-0.00008854
2026-03-04 16:44:01 | INFO | src.tmc_shapley_islands |   Southern 3: phi=-0.038159, phi/n=-0.00006545
2026-03-04 16:44:01 | INFO | src.tmc_shapley_islands |   Southern 4: phi=0.008505, phi/n=0.00001750
2026-03-04 16:44:01 | INFO | src.tmc_shapley_islands |   Southern 5: phi=-0.037656, phi/n=-0.00018642
2026-03-04 16:44:01 | INFO | src.tmc_shapley_islands | Curve retraining early stopping: enabled=True, patience=20
2026-03-04 16:44:01 | INFO | src.tmc_shapley_islands | Computing add-islands curve (evaluated on test set)...
2026-03-04 16:44:01 | INFO | src.tmc_shapley_islands | Add-curve (mean): 1 islands, n=92 -> corr=0.0610
2026-03-04 16:44:01 | INFO | src.tmc_shapley_islands | Add-curve (mean): 2 islands, n=243 -> corr=0.3213
2026-03-04 16:44:02 | INFO | src.tmc_shapley_islands | Add-curve (mean): 3 islands, n=529 -> corr=0.3650
2026-03-04 16:44:02 | INFO | src.tmc_shapley_islands | Add-curve (mean): 4 islands, n=785 -> corr=0.2905
2026-03-04 16:44:03 | INFO | src.tmc_shapley_islands | Add-curve (mean): 5 islands, n=1366 -> corr=0.2625
2026-03-04 16:44:03 | INFO | src.tmc_shapley_islands | Add-curve (mean): 6 islands, n=1715 -> corr=0.2817
2026-03-04 16:44:04 | INFO | src.tmc_shapley_islands | Add-curve (mean): 7 islands, n=1875 -> corr=0.3033
2026-03-04 16:44:05 | INFO | src.tmc_shapley_islands | Add-curve (mean): 8 islands, n=2048 -> corr=0.3121
2026-03-04 16:44:06 | INFO | src.tmc_shapley_islands | Add-curve (mean): 9 islands, n=2166 -> corr=0.3151
2026-03-04 16:44:07 | INFO | src.tmc_shapley_islands | Add-curve (mean): 10 islands, n=2652 -> corr=0.2908
2026-03-04 16:44:08 | INFO | src.tmc_shapley_islands | Add-curve (mean): 11 islands, n=3205 -> corr=0.2606
2026-03-04 16:44:10 | INFO | src.tmc_shapley_islands | Add-curve (mean): 12 islands, n=4260 -> corr=0.3062
2026-03-04 16:44:12 | INFO | src.tmc_shapley_islands | Add-curve (mean): 13 islands, n=4843 -> corr=0.3025
2026-03-04 16:44:15 | INFO | src.tmc_shapley_islands | Add-curve (mean): 14 islands, n=5240 -> corr=0.2632
2026-03-04 16:44:17 | INFO | src.tmc_shapley_islands | Add-curve (mean): 15 islands, n=5442 -> corr=0.2400
2026-03-04 16:44:29 | INFO | src.tmc_shapley_islands | Random individual add-curve (seed=0) complete
2026-03-04 16:44:44 | INFO | src.tmc_shapley_islands | Random individual add-curve (seed=1) complete
2026-03-04 16:44:55 | INFO | src.tmc_shapley_islands | Random individual add-curve (seed=2) complete
2026-03-04 16:45:05 | INFO | src.tmc_shapley_islands | Random individual add-curve (seed=3) complete
2026-03-04 16:45:19 | INFO | src.tmc_shapley_islands | Random individual add-curve (seed=4) complete
2026-03-04 16:45:19 | INFO | src.tmc_shapley_islands | Building mirrored remove-islands curve from add-islands curve...
2026-03-04 16:45:19 | INFO | src.tmc_shapley_islands | Saved Shapley values to outputs/tmc_shapley_sweep_all_traits/shards/shard_011/wing/tmp/shapley_island_values_target_3.csv
2026-03-04 16:45:19 | INFO | src.tmc_shapley_islands | Saved summary to outputs/tmc_shapley_sweep_all_traits/shards/shard_011/wing/tmp/tmc_summary_target_3.json
2026-03-04 16:45:19 | INFO | src.tmc_shapley_islands | Saved intermediate ranking trace to outputs/tmc_shapley_sweep_all_traits/shards/shard_011/wing/tmp/tmc_intermediate_rankings_target_3.csv
2026-03-04 16:45:19 | INFO | src.tmc_shapley_islands | Saved add-curve to outputs/tmc_shapley_sweep_all_traits/shards/shard_011/wing/tmp/add_curve_target_3.csv
2026-03-04 16:45:19 | INFO | src.tmc_shapley_islands | Saved remove-curve to outputs/tmc_shapley_sweep_all_traits/shards/shard_011/wing/tmp/remove_curve_target_3.csv
2026-03-04 16:45:19 | INFO | src.tmc_shapley_islands | Saved bar plot to outputs/tmc_shapley_sweep_all_traits/shards/shard_011/wing/tmp/shapley_bar_target_3.png
2026-03-04 16:45:20 | INFO | src.tmc_shapley_islands | Saved add-curve plot to outputs/tmc_shapley_sweep_all_traits/shards/shard_011/wing/tmp/add_curve_target_3.png
2026-03-04 16:45:20 | INFO | src.tmc_shapley_islands | Saved remove-curve plot to outputs/tmc_shapley_sweep_all_traits/shards/shard_011/wing/tmp/remove_curve_target_3.png
2026-03-04 16:45:20 | INFO | __main__ | Shard 11/30 trait=wing progress 16/75 | target=3 n_cal_samples=80 perm=10 repeat=3
2026-03-04 16:45:20 | INFO | src.tmc_shapley_islands | [Shapley] Target island: 3 (Selvær), source islands: 15
2026-03-04 16:45:21 | INFO | src.tmc_shapley_islands | Data: source=5442 (across 15 islands), cal=80, test=41
2026-03-04 16:45:21 | INFO | src.tmc_shapley_islands | SNP selection: using fixed precomputed subset (n=20000)
2026-03-04 16:45:21 | INFO | src.tmc_shapley_islands | Island counts (capped to None in training):
  Nesøy: n=118
  Myken: n=92
  Træna: n=286
  Gjerøy: n=553
  Hestmannøy: n=1055
  Indre Kvarøy: n=349
  Onøy og Lurøy: n=256
  Lovund: n=151
  Sleneset: n=160
  Aldra: n=173
  Southern 1: n=581
  Southern 2: n=397
  Southern 3: n=583
  Southern 4: n=486
  Southern 5: n=202
2026-03-04 16:45:21 | INFO | src.tmc_shapley_islands | Running TMC-Shapley with 10 permutations (utility on cal set)...
2026-03-04 16:45:21 | INFO | src.tmc_shapley_islands | Computing V_full over all 15 source islands...
2026-03-04 16:45:23 | INFO | src.tmc_shapley_islands | V_full = 0.3023
2026-03-04 16:46:00 | INFO | src.tmc_shapley_islands | TMC progress: 2/10 permutations done, cache hit rate: 6.5%, n_evals: 29
2026-03-04 16:46:28 | INFO | src.tmc_shapley_islands | TMC progress: 4/10 permutations done, cache hit rate: 8.2%, n_evals: 56
2026-03-04 16:47:01 | INFO | src.tmc_shapley_islands | TMC progress: 6/10 permutations done, cache hit rate: 8.8%, n_evals: 83
2026-03-04 16:47:44 | INFO | src.tmc_shapley_islands | TMC progress: 8/10 permutations done, cache hit rate: 8.3%, n_evals: 111
2026-03-04 16:48:21 | INFO | src.tmc_shapley_islands | TMC progress: 10/10 permutations done, cache hit rate: 9.9%, n_evals: 136
2026-03-04 16:48:21 | INFO | src.tmc_shapley_islands | TMC complete: 10 permutations, 0 truncated, 136 utility evals, cache hit rate: 9.9%
2026-03-04 16:48:21 | INFO | src.tmc_shapley_islands | Shapley values (phi, computed on cal set):
2026-03-04 16:48:21 | INFO | src.tmc_shapley_islands |   Nesøy: phi=0.051616, phi/n=0.00043742
2026-03-04 16:48:21 | INFO | src.tmc_shapley_islands |   Myken: phi=0.096145, phi/n=0.00104506
2026-03-04 16:48:21 | INFO | src.tmc_shapley_islands |   Træna: phi=0.123890, phi/n=0.00043318
2026-03-04 16:48:21 | INFO | src.tmc_shapley_islands |   Gjerøy: phi=-0.009286, phi/n=-0.00001679
2026-03-04 16:48:21 | INFO | src.tmc_shapley_islands |   Hestmannøy: phi=0.014227, phi/n=0.00001349
2026-03-04 16:48:21 | INFO | src.tmc_shapley_islands |   Indre Kvarøy: phi=-0.060230, phi/n=-0.00017258
2026-03-04 16:48:21 | INFO | src.tmc_shapley_islands |   Onøy og Lurøy: phi=0.015884, phi/n=0.00006205
2026-03-04 16:48:21 | INFO | src.tmc_shapley_islands |   Lovund: phi=0.056692, phi/n=0.00037544
2026-03-04 16:48:21 | INFO | src.tmc_shapley_islands |   Sleneset: phi=0.006733, phi/n=0.00004208
2026-03-04 16:48:21 | INFO | src.tmc_shapley_islands |   Aldra: phi=0.005377, phi/n=0.00003108
2026-03-04 16:48:21 | INFO | src.tmc_shapley_islands |   Southern 1: phi=-0.001858, phi/n=-0.00000320
2026-03-04 16:48:21 | INFO | src.tmc_shapley_islands |   Southern 2: phi=-0.017955, phi/n=-0.00004523
2026-03-04 16:48:21 | INFO | src.tmc_shapley_islands |   Southern 3: phi=0.038062, phi/n=0.00006529
2026-03-04 16:48:21 | INFO | src.tmc_shapley_islands |   Southern 4: phi=-0.016585, phi/n=-0.00003413
2026-03-04 16:48:21 | INFO | src.tmc_shapley_islands |   Southern 5: phi=-0.000368, phi/n=-0.00000182
2026-03-04 16:48:21 | INFO | src.tmc_shapley_islands | Curve retraining early stopping: enabled=True, patience=20
2026-03-04 16:48:21 | INFO | src.tmc_shapley_islands | Computing add-islands curve (evaluated on test set)...
2026-03-04 16:48:21 | INFO | src.tmc_shapley_islands | Add-curve (mean): 1 islands, n=92 -> corr=0.3083
2026-03-04 16:48:21 | INFO | src.tmc_shapley_islands | Add-curve (mean): 2 islands, n=210 -> corr=0.2279
2026-03-04 16:48:21 | INFO | src.tmc_shapley_islands | Add-curve (mean): 3 islands, n=496 -> corr=0.3597
2026-03-04 16:48:21 | INFO | src.tmc_shapley_islands | Add-curve (mean): 4 islands, n=647 -> corr=0.4156
2026-03-04 16:48:22 | INFO | src.tmc_shapley_islands | Add-curve (mean): 5 islands, n=1230 -> corr=0.3474
2026-03-04 16:48:22 | INFO | src.tmc_shapley_islands | Add-curve (mean): 6 islands, n=1486 -> corr=0.4003
2026-03-04 16:48:23 | INFO | src.tmc_shapley_islands | Add-curve (mean): 7 islands, n=1646 -> corr=0.3920
2026-03-04 16:48:24 | INFO | src.tmc_shapley_islands | Add-curve (mean): 8 islands, n=1819 -> corr=0.3555
2026-03-04 16:48:25 | INFO | src.tmc_shapley_islands | Add-curve (mean): 9 islands, n=2874 -> corr=0.3135
2026-03-04 16:48:27 | INFO | src.tmc_shapley_islands | Add-curve (mean): 10 islands, n=3076 -> corr=0.2813
2026-03-04 16:48:28 | INFO | src.tmc_shapley_islands | Add-curve (mean): 11 islands, n=3657 -> corr=0.3311
2026-03-04 16:48:29 | INFO | src.tmc_shapley_islands | Add-curve (mean): 12 islands, n=4210 -> corr=0.3168
2026-03-04 16:48:31 | INFO | src.tmc_shapley_islands | Add-curve (mean): 13 islands, n=4696 -> corr=0.3046
2026-03-04 16:48:33 | INFO | src.tmc_shapley_islands | Add-curve (mean): 14 islands, n=5093 -> corr=0.2935
2026-03-04 16:48:35 | INFO | src.tmc_shapley_islands | Add-curve (mean): 15 islands, n=5442 -> corr=0.3048
2026-03-04 16:48:48 | INFO | src.tmc_shapley_islands | Random individual add-curve (seed=0) complete
2026-03-04 16:49:02 | INFO | src.tmc_shapley_islands | Random individual add-curve (seed=1) complete
2026-03-04 16:49:31 | INFO | src.tmc_shapley_islands | Random individual add-curve (seed=2) complete
2026-03-04 16:49:41 | INFO | src.tmc_shapley_islands | Random individual add-curve (seed=3) complete
2026-03-04 16:49:52 | INFO | src.tmc_shapley_islands | Random individual add-curve (seed=4) complete
2026-03-04 16:49:52 | INFO | src.tmc_shapley_islands | Building mirrored remove-islands curve from add-islands curve...
2026-03-04 16:49:52 | INFO | src.tmc_shapley_islands | Saved Shapley values to outputs/tmc_shapley_sweep_all_traits/shards/shard_011/wing/tmp/shapley_island_values_target_3.csv
2026-03-04 16:49:52 | INFO | src.tmc_shapley_islands | Saved summary to outputs/tmc_shapley_sweep_all_traits/shards/shard_011/wing/tmp/tmc_summary_target_3.json
2026-03-04 16:49:52 | INFO | src.tmc_shapley_islands | Saved intermediate ranking trace to outputs/tmc_shapley_sweep_all_traits/shards/shard_011/wing/tmp/tmc_intermediate_rankings_target_3.csv
2026-03-04 16:49:52 | INFO | src.tmc_shapley_islands | Saved add-curve to outputs/tmc_shapley_sweep_all_traits/shards/shard_011/wing/tmp/add_curve_target_3.csv
2026-03-04 16:49:52 | INFO | src.tmc_shapley_islands | Saved remove-curve to outputs/tmc_shapley_sweep_all_traits/shards/shard_011/wing/tmp/remove_curve_target_3.csv
2026-03-04 16:49:53 | INFO | src.tmc_shapley_islands | Saved bar plot to outputs/tmc_shapley_sweep_all_traits/shards/shard_011/wing/tmp/shapley_bar_target_3.png
2026-03-04 16:49:53 | INFO | src.tmc_shapley_islands | Saved add-curve plot to outputs/tmc_shapley_sweep_all_traits/shards/shard_011/wing/tmp/add_curve_target_3.png
2026-03-04 16:49:54 | INFO | src.tmc_shapley_islands | Saved remove-curve plot to outputs/tmc_shapley_sweep_all_traits/shards/shard_011/wing/tmp/remove_curve_target_3.png
2026-03-04 16:49:54 | INFO | __main__ | Shard 11/30 trait=wing progress 17/75 | target=3 n_cal_samples=80 perm=20 repeat=3
2026-03-04 16:49:54 | INFO | src.tmc_shapley_islands | [Shapley] Target island: 3 (Selvær), source islands: 15
2026-03-04 16:49:54 | INFO | src.tmc_shapley_islands | Data: source=5442 (across 15 islands), cal=80, test=41
2026-03-04 16:49:54 | INFO | src.tmc_shapley_islands | SNP selection: using fixed precomputed subset (n=20000)
2026-03-04 16:49:54 | INFO | src.tmc_shapley_islands | Island counts (capped to None in training):
  Nesøy: n=118
  Myken: n=92
  Træna: n=286
  Gjerøy: n=553
  Hestmannøy: n=1055
  Indre Kvarøy: n=349
  Onøy og Lurøy: n=256
  Lovund: n=151
  Sleneset: n=160
  Aldra: n=173
  Southern 1: n=581
  Southern 2: n=397
  Southern 3: n=583
  Southern 4: n=486
  Southern 5: n=202
2026-03-04 16:49:54 | INFO | src.tmc_shapley_islands | Loaded 136 cached utilities from outputs/tmc_shapley_sweep_all_traits/cache/wing/utility_cache_target_3_seed_118770410.json
2026-03-04 16:49:54 | INFO | src.tmc_shapley_islands | Running TMC-Shapley with 20 permutations (utility on cal set)...
2026-03-04 16:49:54 | INFO | src.tmc_shapley_islands | Computing V_full over all 15 source islands...
2026-03-04 16:49:54 | INFO | src.tmc_shapley_islands | V_full = 0.3023
2026-03-04 16:49:54 | INFO | src.tmc_shapley_islands | TMC head-start: loaded 10 completed permutations from state outputs/tmc_shapley_sweep_all_traits/cache/wing/tmc_perm_state_target_3_seed_118770410.json
2026-03-04 16:50:31 | INFO | src.tmc_shapley_islands | TMC progress: 12/20 permutations done, cache hit rate: 19.4%, n_evals: 25
2026-03-04 16:51:30 | INFO | src.tmc_shapley_islands | TMC progress: 16/20 permutations done, cache hit rate: 17.6%, n_evals: 75
2026-03-04 16:52:25 | INFO | src.tmc_shapley_islands | TMC progress: 20/20 permutations done, cache hit rate: 17.9%, n_evals: 124
2026-03-04 16:52:25 | INFO | src.tmc_shapley_islands | TMC complete: 20 permutations, 0 truncated, 124 utility evals, cache hit rate: 17.9%
2026-03-04 16:52:25 | INFO | src.tmc_shapley_islands | Shapley values (phi, computed on cal set):
2026-03-04 16:52:25 | INFO | src.tmc_shapley_islands |   Nesøy: phi=0.044409, phi/n=0.00037635
2026-03-04 16:52:25 | INFO | src.tmc_shapley_islands |   Myken: phi=0.106351, phi/n=0.00115599
2026-03-04 16:52:25 | INFO | src.tmc_shapley_islands |   Træna: phi=0.125048, phi/n=0.00043723
2026-03-04 16:52:25 | INFO | src.tmc_shapley_islands |   Gjerøy: phi=-0.007436, phi/n=-0.00001345
2026-03-04 16:52:25 | INFO | src.tmc_shapley_islands |   Hestmannøy: phi=0.023658, phi/n=0.00002242
2026-03-04 16:52:25 | INFO | src.tmc_shapley_islands |   Indre Kvarøy: phi=-0.060763, phi/n=-0.00017411
2026-03-04 16:52:25 | INFO | src.tmc_shapley_islands |   Onøy og Lurøy: phi=0.010298, phi/n=0.00004023
2026-03-04 16:52:25 | INFO | src.tmc_shapley_islands |   Lovund: phi=0.044857, phi/n=0.00029707
2026-03-04 16:52:25 | INFO | src.tmc_shapley_islands |   Sleneset: phi=0.013516, phi/n=0.00008448
2026-03-04 16:52:25 | INFO | src.tmc_shapley_islands |   Aldra: phi=0.005883, phi/n=0.00003400
2026-03-04 16:52:25 | INFO | src.tmc_shapley_islands |   Southern 1: phi=0.001011, phi/n=0.00000174
2026-03-04 16:52:25 | INFO | src.tmc_shapley_islands |   Southern 2: phi=-0.014376, phi/n=-0.00003621
2026-03-04 16:52:25 | INFO | src.tmc_shapley_islands |   Southern 3: phi=0.032141, phi/n=0.00005513
2026-03-04 16:52:25 | INFO | src.tmc_shapley_islands |   Southern 4: phi=-0.020199, phi/n=-0.00004156
2026-03-04 16:52:25 | INFO | src.tmc_shapley_islands |   Southern 5: phi=-0.002055, phi/n=-0.00001017
2026-03-04 16:52:25 | INFO | src.tmc_shapley_islands | Curve retraining early stopping: enabled=True, patience=20
2026-03-04 16:52:25 | INFO | src.tmc_shapley_islands | Computing add-islands curve (evaluated on test set)...
2026-03-04 16:52:25 | INFO | src.tmc_shapley_islands | Add-curve (mean): 1 islands, n=92 -> corr=0.3083
2026-03-04 16:52:25 | INFO | src.tmc_shapley_islands | Add-curve (mean): 2 islands, n=378 -> corr=0.3949
2026-03-04 16:52:25 | INFO | src.tmc_shapley_islands | Add-curve (mean): 3 islands, n=496 -> corr=0.3597
2026-03-04 16:52:25 | INFO | src.tmc_shapley_islands | Add-curve (mean): 4 islands, n=647 -> corr=0.4156
2026-03-04 16:52:26 | INFO | src.tmc_shapley_islands | Add-curve (mean): 5 islands, n=807 -> corr=0.4030
2026-03-04 16:52:26 | INFO | src.tmc_shapley_islands | Add-curve (mean): 6 islands, n=1390 -> corr=0.3350
2026-03-04 16:52:27 | INFO | src.tmc_shapley_islands | Add-curve (mean): 7 islands, n=1646 -> corr=0.3920
2026-03-04 16:52:28 | INFO | src.tmc_shapley_islands | Add-curve (mean): 8 islands, n=1819 -> corr=0.3555
2026-03-04 16:52:29 | INFO | src.tmc_shapley_islands | Add-curve (mean): 9 islands, n=2874 -> corr=0.3135
2026-03-04 16:52:30 | INFO | src.tmc_shapley_islands | Add-curve (mean): 10 islands, n=3455 -> corr=0.3605
2026-03-04 16:52:32 | INFO | src.tmc_shapley_islands | Add-curve (mean): 11 islands, n=3657 -> corr=0.3311
2026-03-04 16:52:33 | INFO | src.tmc_shapley_islands | Add-curve (mean): 12 islands, n=4210 -> corr=0.3168
2026-03-04 16:52:35 | INFO | src.tmc_shapley_islands | Add-curve (mean): 13 islands, n=4607 -> corr=0.3015
2026-03-04 16:52:37 | INFO | src.tmc_shapley_islands | Add-curve (mean): 14 islands, n=5093 -> corr=0.2935
2026-03-04 16:52:40 | INFO | src.tmc_shapley_islands | Add-curve (mean): 15 islands, n=5442 -> corr=0.3048
2026-03-04 16:52:51 | INFO | src.tmc_shapley_islands | Random individual add-curve (seed=0) complete
2026-03-04 16:53:01 | INFO | src.tmc_shapley_islands | Random individual add-curve (seed=1) complete
2026-03-04 16:53:12 | INFO | src.tmc_shapley_islands | Random individual add-curve (seed=2) complete
2026-03-04 16:53:24 | INFO | src.tmc_shapley_islands | Random individual add-curve (seed=3) complete
2026-03-04 16:53:38 | INFO | src.tmc_shapley_islands | Random individual add-curve (seed=4) complete
2026-03-04 16:53:38 | INFO | src.tmc_shapley_islands | Building mirrored remove-islands curve from add-islands curve...
2026-03-04 16:53:38 | INFO | src.tmc_shapley_islands | Saved Shapley values to outputs/tmc_shapley_sweep_all_traits/shards/shard_011/wing/tmp/shapley_island_values_target_3.csv
2026-03-04 16:53:38 | INFO | src.tmc_shapley_islands | Saved summary to outputs/tmc_shapley_sweep_all_traits/shards/shard_011/wing/tmp/tmc_summary_target_3.json
2026-03-04 16:53:38 | INFO | src.tmc_shapley_islands | Saved intermediate ranking trace to outputs/tmc_shapley_sweep_all_traits/shards/shard_011/wing/tmp/tmc_intermediate_rankings_target_3.csv
2026-03-04 16:53:38 | INFO | src.tmc_shapley_islands | Saved add-curve to outputs/tmc_shapley_sweep_all_traits/shards/shard_011/wing/tmp/add_curve_target_3.csv
2026-03-04 16:53:38 | INFO | src.tmc_shapley_islands | Saved remove-curve to outputs/tmc_shapley_sweep_all_traits/shards/shard_011/wing/tmp/remove_curve_target_3.csv
2026-03-04 16:53:39 | INFO | src.tmc_shapley_islands | Saved bar plot to outputs/tmc_shapley_sweep_all_traits/shards/shard_011/wing/tmp/shapley_bar_target_3.png
2026-03-04 16:53:39 | INFO | src.tmc_shapley_islands | Saved add-curve plot to outputs/tmc_shapley_sweep_all_traits/shards/shard_011/wing/tmp/add_curve_target_3.png
2026-03-04 16:53:40 | INFO | src.tmc_shapley_islands | Saved remove-curve plot to outputs/tmc_shapley_sweep_all_traits/shards/shard_011/wing/tmp/remove_curve_target_3.png
2026-03-04 16:53:40 | INFO | __main__ | Shard 11/30 trait=wing progress 18/75 | target=3 n_cal_samples=80 perm=40 repeat=3
2026-03-04 16:53:40 | INFO | src.tmc_shapley_islands | [Shapley] Target island: 3 (Selvær), source islands: 15
2026-03-04 16:53:41 | INFO | src.tmc_shapley_islands | Data: source=5442 (across 15 islands), cal=80, test=41
2026-03-04 16:53:41 | INFO | src.tmc_shapley_islands | SNP selection: using fixed precomputed subset (n=20000)
2026-03-04 16:53:41 | INFO | src.tmc_shapley_islands | Island counts (capped to None in training):
  Nesøy: n=118
  Myken: n=92
  Træna: n=286
  Gjerøy: n=553
  Hestmannøy: n=1055
  Indre Kvarøy: n=349
  Onøy og Lurøy: n=256
  Lovund: n=151
  Sleneset: n=160
  Aldra: n=173
  Southern 1: n=581
  Southern 2: n=397
  Southern 3: n=583
  Southern 4: n=486
  Southern 5: n=202
2026-03-04 16:53:41 | INFO | src.tmc_shapley_islands | Loaded 260 cached utilities from outputs/tmc_shapley_sweep_all_traits/cache/wing/utility_cache_target_3_seed_118770410.json
2026-03-04 16:53:41 | INFO | src.tmc_shapley_islands | Running TMC-Shapley with 40 permutations (utility on cal set)...
2026-03-04 16:53:41 | INFO | src.tmc_shapley_islands | Computing V_full over all 15 source islands...
2026-03-04 16:53:41 | INFO | src.tmc_shapley_islands | V_full = 0.3023
2026-03-04 16:53:41 | INFO | src.tmc_shapley_islands | TMC head-start: loaded 20 completed permutations from state outputs/tmc_shapley_sweep_all_traits/cache/wing/tmc_perm_state_target_3_seed_118770410.json
2026-03-04 16:54:34 | INFO | src.tmc_shapley_islands | TMC progress: 24/40 permutations done, cache hit rate: 13.1%, n_evals: 53
2026-03-04 16:56:04 | INFO | src.tmc_shapley_islands | TMC progress: 32/40 permutations done, cache hit rate: 22.1%, n_evals: 141
2026-03-04 16:58:12 | INFO | src.tmc_shapley_islands | TMC progress: 40/40 permutations done, cache hit rate: 22.6%, n_evals: 233
2026-03-04 16:58:12 | INFO | src.tmc_shapley_islands | TMC complete: 40 permutations, 0 truncated, 233 utility evals, cache hit rate: 22.6%
2026-03-04 16:58:12 | INFO | src.tmc_shapley_islands | Shapley values (phi, computed on cal set):
2026-03-04 16:58:12 | INFO | src.tmc_shapley_islands |   Nesøy: phi=0.039289, phi/n=0.00033296
2026-03-04 16:58:12 | INFO | src.tmc_shapley_islands |   Myken: phi=0.112103, phi/n=0.00121851
2026-03-04 16:58:12 | INFO | src.tmc_shapley_islands |   Træna: phi=0.124860, phi/n=0.00043657
2026-03-04 16:58:12 | INFO | src.tmc_shapley_islands |   Gjerøy: phi=-0.008494, phi/n=-0.00001536
2026-03-04 16:58:12 | INFO | src.tmc_shapley_islands |   Hestmannøy: phi=0.020772, phi/n=0.00001969
2026-03-04 16:58:12 | INFO | src.tmc_shapley_islands |   Indre Kvarøy: phi=-0.070304, phi/n=-0.00020144
2026-03-04 16:58:12 | INFO | src.tmc_shapley_islands |   Onøy og Lurøy: phi=0.009822, phi/n=0.00003837
2026-03-04 16:58:12 | INFO | src.tmc_shapley_islands |   Lovund: phi=0.045505, phi/n=0.00030136
2026-03-04 16:58:12 | INFO | src.tmc_shapley_islands |   Sleneset: phi=0.020108, phi/n=0.00012568
2026-03-04 16:58:12 | INFO | src.tmc_shapley_islands |   Aldra: phi=0.008488, phi/n=0.00004907
2026-03-04 16:58:12 | INFO | src.tmc_shapley_islands |   Southern 1: phi=-0.000416, phi/n=-0.00000072
2026-03-04 16:58:12 | INFO | src.tmc_shapley_islands |   Southern 2: phi=-0.011962, phi/n=-0.00003013
2026-03-04 16:58:12 | INFO | src.tmc_shapley_islands |   Southern 3: phi=0.029419, phi/n=0.00005046
2026-03-04 16:58:12 | INFO | src.tmc_shapley_islands |   Southern 4: phi=-0.013961, phi/n=-0.00002873
2026-03-04 16:58:12 | INFO | src.tmc_shapley_islands |   Southern 5: phi=-0.002888, phi/n=-0.00001430
2026-03-04 16:58:12 | INFO | src.tmc_shapley_islands | Curve retraining early stopping: enabled=True, patience=20
2026-03-04 16:58:12 | INFO | src.tmc_shapley_islands | Computing add-islands curve (evaluated on test set)...
2026-03-04 16:58:12 | INFO | src.tmc_shapley_islands | Add-curve (mean): 1 islands, n=92 -> corr=0.3083
2026-03-04 16:58:12 | INFO | src.tmc_shapley_islands | Add-curve (mean): 2 islands, n=378 -> corr=0.3949
2026-03-04 16:58:13 | INFO | src.tmc_shapley_islands | Add-curve (mean): 3 islands, n=496 -> corr=0.3597
2026-03-04 16:58:13 | INFO | src.tmc_shapley_islands | Add-curve (mean): 4 islands, n=647 -> corr=0.4156
2026-03-04 16:58:13 | INFO | src.tmc_shapley_islands | Add-curve (mean): 5 islands, n=807 -> corr=0.4030
2026-03-04 16:58:13 | INFO | src.tmc_shapley_islands | Add-curve (mean): 6 islands, n=1390 -> corr=0.3350
2026-03-04 16:58:14 | INFO | src.tmc_shapley_islands | Add-curve (mean): 7 islands, n=1563 -> corr=0.2915
2026-03-04 16:58:15 | INFO | src.tmc_shapley_islands | Add-curve (mean): 8 islands, n=1819 -> corr=0.3555
2026-03-04 16:58:16 | INFO | src.tmc_shapley_islands | Add-curve (mean): 9 islands, n=2874 -> corr=0.3135
2026-03-04 16:58:17 | INFO | src.tmc_shapley_islands | Add-curve (mean): 10 islands, n=3455 -> corr=0.3605
2026-03-04 16:58:19 | INFO | src.tmc_shapley_islands | Add-curve (mean): 11 islands, n=3657 -> corr=0.3311
2026-03-04 16:58:21 | INFO | src.tmc_shapley_islands | Add-curve (mean): 12 islands, n=4210 -> corr=0.3168
2026-03-04 16:58:22 | INFO | src.tmc_shapley_islands | Add-curve (mean): 13 islands, n=4696 -> corr=0.3046
2026-03-04 16:58:25 | INFO | src.tmc_shapley_islands | Add-curve (mean): 14 islands, n=5093 -> corr=0.2935
2026-03-04 16:58:28 | INFO | src.tmc_shapley_islands | Add-curve (mean): 15 islands, n=5442 -> corr=0.3048
2026-03-04 16:58:49 | INFO | src.tmc_shapley_islands | Random individual add-curve (seed=0) complete
2026-03-04 16:59:23 | INFO | src.tmc_shapley_islands | Random individual add-curve (seed=1) complete
2026-03-04 16:59:34 | INFO | src.tmc_shapley_islands | Random individual add-curve (seed=2) complete
2026-03-04 16:59:49 | INFO | src.tmc_shapley_islands | Random individual add-curve (seed=3) complete
2026-03-04 17:00:16 | INFO | src.tmc_shapley_islands | Random individual add-curve (seed=4) complete
2026-03-04 17:00:16 | INFO | src.tmc_shapley_islands | Building mirrored remove-islands curve from add-islands curve...
2026-03-04 17:00:16 | INFO | src.tmc_shapley_islands | Saved Shapley values to outputs/tmc_shapley_sweep_all_traits/shards/shard_011/wing/tmp/shapley_island_values_target_3.csv
2026-03-04 17:00:16 | INFO | src.tmc_shapley_islands | Saved summary to outputs/tmc_shapley_sweep_all_traits/shards/shard_011/wing/tmp/tmc_summary_target_3.json
2026-03-04 17:00:16 | INFO | src.tmc_shapley_islands | Saved intermediate ranking trace to outputs/tmc_shapley_sweep_all_traits/shards/shard_011/wing/tmp/tmc_intermediate_rankings_target_3.csv
2026-03-04 17:00:16 | INFO | src.tmc_shapley_islands | Saved add-curve to outputs/tmc_shapley_sweep_all_traits/shards/shard_011/wing/tmp/add_curve_target_3.csv
2026-03-04 17:00:16 | INFO | src.tmc_shapley_islands | Saved remove-curve to outputs/tmc_shapley_sweep_all_traits/shards/shard_011/wing/tmp/remove_curve_target_3.csv
2026-03-04 17:00:16 | INFO | src.tmc_shapley_islands | Saved bar plot to outputs/tmc_shapley_sweep_all_traits/shards/shard_011/wing/tmp/shapley_bar_target_3.png
2026-03-04 17:00:17 | INFO | src.tmc_shapley_islands | Saved add-curve plot to outputs/tmc_shapley_sweep_all_traits/shards/shard_011/wing/tmp/add_curve_target_3.png
2026-03-04 17:00:17 | INFO | src.tmc_shapley_islands | Saved remove-curve plot to outputs/tmc_shapley_sweep_all_traits/shards/shard_011/wing/tmp/remove_curve_target_3.png
2026-03-04 17:00:17 | INFO | __main__ | Shard 11/30 trait=wing progress 19/75 | target=3 n_cal_samples=80 perm=80 repeat=3
2026-03-04 17:00:17 | INFO | src.tmc_shapley_islands | [Shapley] Target island: 3 (Selvær), source islands: 15
2026-03-04 17:00:18 | INFO | src.tmc_shapley_islands | Data: source=5442 (across 15 islands), cal=80, test=41
2026-03-04 17:00:18 | INFO | src.tmc_shapley_islands | SNP selection: using fixed precomputed subset (n=20000)
2026-03-04 17:00:18 | INFO | src.tmc_shapley_islands | Island counts (capped to None in training):
  Nesøy: n=118
  Myken: n=92
  Træna: n=286
  Gjerøy: n=553
  Hestmannøy: n=1055
  Indre Kvarøy: n=349
  Onøy og Lurøy: n=256
  Lovund: n=151
  Sleneset: n=160
  Aldra: n=173
  Southern 1: n=581
  Southern 2: n=397
  Southern 3: n=583
  Southern 4: n=486
  Southern 5: n=202
2026-03-04 17:00:18 | INFO | src.tmc_shapley_islands | Loaded 493 cached utilities from outputs/tmc_shapley_sweep_all_traits/cache/wing/utility_cache_target_3_seed_118770410.json
2026-03-04 17:00:18 | INFO | src.tmc_shapley_islands | Running TMC-Shapley with 80 permutations (utility on cal set)...
2026-03-04 17:00:18 | INFO | src.tmc_shapley_islands | Computing V_full over all 15 source islands...
2026-03-04 17:00:18 | INFO | src.tmc_shapley_islands | V_full = 0.3023
2026-03-04 17:00:18 | INFO | src.tmc_shapley_islands | TMC head-start: loaded 40 completed permutations from state outputs/tmc_shapley_sweep_all_traits/cache/wing/tmc_perm_state_target_3_seed_118770410.json
2026-03-04 17:02:01 | INFO | src.tmc_shapley_islands | TMC progress: 48/80 permutations done, cache hit rate: 24.8%, n_evals: 91
2026-03-04 17:06:12 | INFO | src.tmc_shapley_islands | TMC progress: 64/80 permutations done, cache hit rate: 25.2%, n_evals: 270
2026-03-04 17:09:29 | INFO | src.tmc_shapley_islands | TMC progress: 80/80 permutations done, cache hit rate: 27.1%, n_evals: 438
2026-03-04 17:09:29 | INFO | src.tmc_shapley_islands | TMC complete: 80 permutations, 0 truncated, 438 utility evals, cache hit rate: 27.1%
2026-03-04 17:09:29 | INFO | src.tmc_shapley_islands | Shapley values (phi, computed on cal set):
2026-03-04 17:09:29 | INFO | src.tmc_shapley_islands |   Nesøy: phi=0.040781, phi/n=0.00034561
2026-03-04 17:09:29 | INFO | src.tmc_shapley_islands |   Myken: phi=0.115824, phi/n=0.00125895
2026-03-04 17:09:29 | INFO | src.tmc_shapley_islands |   Træna: phi=0.115180, phi/n=0.00040273
2026-03-04 17:09:29 | INFO | src.tmc_shapley_islands |   Gjerøy: phi=-0.011922, phi/n=-0.00002156
2026-03-04 17:09:29 | INFO | src.tmc_shapley_islands |   Hestmannøy: phi=0.014522, phi/n=0.00001377
2026-03-04 17:09:29 | INFO | src.tmc_shapley_islands |   Indre Kvarøy: phi=-0.068324, phi/n=-0.00019577
2026-03-04 17:09:29 | INFO | src.tmc_shapley_islands |   Onøy og Lurøy: phi=0.019669, phi/n=0.00007683
2026-03-04 17:09:29 | INFO | src.tmc_shapley_islands |   Lovund: phi=0.042985, phi/n=0.00028467
2026-03-04 17:09:29 | INFO | src.tmc_shapley_islands |   Sleneset: phi=0.024813, phi/n=0.00015508
2026-03-04 17:09:29 | INFO | src.tmc_shapley_islands |   Aldra: phi=0.008949, phi/n=0.00005173
2026-03-04 17:09:29 | INFO | src.tmc_shapley_islands |   Southern 1: phi=0.001110, phi/n=0.00000191
2026-03-04 17:09:29 | INFO | src.tmc_shapley_islands |   Southern 2: phi=-0.011514, phi/n=-0.00002900
2026-03-04 17:09:29 | INFO | src.tmc_shapley_islands |   Southern 3: phi=0.028882, phi/n=0.00004954
2026-03-04 17:09:29 | INFO | src.tmc_shapley_islands |   Southern 4: phi=-0.015389, phi/n=-0.00003167
2026-03-04 17:09:29 | INFO | src.tmc_shapley_islands |   Southern 5: phi=-0.003223, phi/n=-0.00001596
2026-03-04 17:09:29 | INFO | src.tmc_shapley_islands | Curve retraining early stopping: enabled=True, patience=20
2026-03-04 17:09:29 | INFO | src.tmc_shapley_islands | Computing add-islands curve (evaluated on test set)...
2026-03-04 17:09:29 | INFO | src.tmc_shapley_islands | Add-curve (mean): 1 islands, n=92 -> corr=0.3083
2026-03-04 17:09:29 | INFO | src.tmc_shapley_islands | Add-curve (mean): 2 islands, n=378 -> corr=0.3949
2026-03-04 17:09:29 | INFO | src.tmc_shapley_islands | Add-curve (mean): 3 islands, n=496 -> corr=0.3597
2026-03-04 17:09:29 | INFO | src.tmc_shapley_islands | Add-curve (mean): 4 islands, n=647 -> corr=0.4156
2026-03-04 17:09:30 | INFO | src.tmc_shapley_islands | Add-curve (mean): 5 islands, n=807 -> corr=0.4030
2026-03-04 17:09:30 | INFO | src.tmc_shapley_islands | Add-curve (mean): 6 islands, n=1063 -> corr=0.4489
2026-03-04 17:09:31 | INFO | src.tmc_shapley_islands | Add-curve (mean): 7 islands, n=1236 -> corr=0.4141
2026-03-04 17:09:32 | INFO | src.tmc_shapley_islands | Add-curve (mean): 8 islands, n=1819 -> corr=0.3555
2026-03-04 17:09:33 | INFO | src.tmc_shapley_islands | Add-curve (mean): 9 islands, n=2874 -> corr=0.3135
2026-03-04 17:09:35 | INFO | src.tmc_shapley_islands | Add-curve (mean): 10 islands, n=3455 -> corr=0.3605
2026-03-04 17:09:37 | INFO | src.tmc_shapley_islands | Add-curve (mean): 11 islands, n=3657 -> corr=0.3311
2026-03-04 17:09:39 | INFO | src.tmc_shapley_islands | Add-curve (mean): 12 islands, n=4210 -> corr=0.3168
2026-03-04 17:09:41 | INFO | src.tmc_shapley_islands | Add-curve (mean): 13 islands, n=4607 -> corr=0.3015
2026-03-04 17:09:43 | INFO | src.tmc_shapley_islands | Add-curve (mean): 14 islands, n=5093 -> corr=0.2935
2026-03-04 17:09:46 | INFO | src.tmc_shapley_islands | Add-curve (mean): 15 islands, n=5442 -> corr=0.3048
2026-03-04 17:10:07 | INFO | src.tmc_shapley_islands | Random individual add-curve (seed=0) complete
2026-03-04 17:10:19 | INFO | src.tmc_shapley_islands | Random individual add-curve (seed=1) complete
2026-03-04 17:10:32 | INFO | src.tmc_shapley_islands | Random individual add-curve (seed=2) complete
2026-03-04 17:10:42 | INFO | src.tmc_shapley_islands | Random individual add-curve (seed=3) complete
2026-03-04 17:10:53 | INFO | src.tmc_shapley_islands | Random individual add-curve (seed=4) complete
2026-03-04 17:10:53 | INFO | src.tmc_shapley_islands | Building mirrored remove-islands curve from add-islands curve...
2026-03-04 17:10:53 | INFO | src.tmc_shapley_islands | Saved Shapley values to outputs/tmc_shapley_sweep_all_traits/shards/shard_011/wing/tmp/shapley_island_values_target_3.csv
2026-03-04 17:10:53 | INFO | src.tmc_shapley_islands | Saved summary to outputs/tmc_shapley_sweep_all_traits/shards/shard_011/wing/tmp/tmc_summary_target_3.json
2026-03-04 17:10:53 | INFO | src.tmc_shapley_islands | Saved intermediate ranking trace to outputs/tmc_shapley_sweep_all_traits/shards/shard_011/wing/tmp/tmc_intermediate_rankings_target_3.csv
2026-03-04 17:10:53 | INFO | src.tmc_shapley_islands | Saved add-curve to outputs/tmc_shapley_sweep_all_traits/shards/shard_011/wing/tmp/add_curve_target_3.csv
2026-03-04 17:10:53 | INFO | src.tmc_shapley_islands | Saved remove-curve to outputs/tmc_shapley_sweep_all_traits/shards/shard_011/wing/tmp/remove_curve_target_3.csv
2026-03-04 17:10:53 | INFO | src.tmc_shapley_islands | Saved bar plot to outputs/tmc_shapley_sweep_all_traits/shards/shard_011/wing/tmp/shapley_bar_target_3.png
2026-03-04 17:10:54 | INFO | src.tmc_shapley_islands | Saved add-curve plot to outputs/tmc_shapley_sweep_all_traits/shards/shard_011/wing/tmp/add_curve_target_3.png
2026-03-04 17:10:54 | INFO | src.tmc_shapley_islands | Saved remove-curve plot to outputs/tmc_shapley_sweep_all_traits/shards/shard_011/wing/tmp/remove_curve_target_3.png
2026-03-04 17:10:54 | INFO | __main__ | Shard 11/30 trait=wing progress 20/75 | target=3 n_cal_samples=80 perm=150 repeat=3
2026-03-04 17:10:54 | INFO | src.tmc_shapley_islands | [Shapley] Target island: 3 (Selvær), source islands: 15
2026-03-04 17:10:55 | INFO | src.tmc_shapley_islands | Data: source=5442 (across 15 islands), cal=80, test=41
2026-03-04 17:10:55 | INFO | src.tmc_shapley_islands | SNP selection: using fixed precomputed subset (n=20000)
2026-03-04 17:10:55 | INFO | src.tmc_shapley_islands | Island counts (capped to None in training):
  Nesøy: n=118
  Myken: n=92
  Træna: n=286
  Gjerøy: n=553
  Hestmannøy: n=1055
  Indre Kvarøy: n=349
  Onøy og Lurøy: n=256
  Lovund: n=151
  Sleneset: n=160
  Aldra: n=173
  Southern 1: n=581
  Southern 2: n=397
  Southern 3: n=583
  Southern 4: n=486
  Southern 5: n=202
2026-03-04 17:10:55 | INFO | src.tmc_shapley_islands | Loaded 931 cached utilities from outputs/tmc_shapley_sweep_all_traits/cache/wing/utility_cache_target_3_seed_118770410.json
2026-03-04 17:10:55 | INFO | src.tmc_shapley_islands | Running TMC-Shapley with 150 permutations (utility on cal set)...
2026-03-04 17:10:55 | INFO | src.tmc_shapley_islands | Computing V_full over all 15 source islands...
2026-03-04 17:10:55 | INFO | src.tmc_shapley_islands | V_full = 0.3023
2026-03-04 17:10:55 | INFO | src.tmc_shapley_islands | TMC head-start: loaded 80 completed permutations from state outputs/tmc_shapley_sweep_all_traits/cache/wing/tmc_perm_state_target_3_seed_118770410.json
2026-03-04 17:12:54 | INFO | src.tmc_shapley_islands | TMC progress: 90/150 permutations done, cache hit rate: 30.5%, n_evals: 105
2026-03-04 17:20:13 | INFO | src.tmc_shapley_islands | TMC progress: 120/150 permutations done, cache hit rate: 32.6%, n_evals: 405
2026-03-04 17:26:27 | INFO | src.tmc_shapley_islands | TMC progress: 150/150 permutations done, cache hit rate: 34.0%, n_evals: 694
2026-03-04 17:26:28 | INFO | src.tmc_shapley_islands | TMC complete: 150 permutations, 0 truncated, 694 utility evals, cache hit rate: 34.0%
2026-03-04 17:26:28 | INFO | src.tmc_shapley_islands | Shapley values (phi, computed on cal set):
2026-03-04 17:26:28 | INFO | src.tmc_shapley_islands |   Nesøy: phi=0.041544, phi/n=0.00035207
2026-03-04 17:26:28 | INFO | src.tmc_shapley_islands |   Myken: phi=0.114438, phi/n=0.00124389
2026-03-04 17:26:28 | INFO | src.tmc_shapley_islands |   Træna: phi=0.116719, phi/n=0.00040811
2026-03-04 17:26:28 | INFO | src.tmc_shapley_islands |   Gjerøy: phi=-0.012579, phi/n=-0.00002275
2026-03-04 17:26:28 | INFO | src.tmc_shapley_islands |   Hestmannøy: phi=0.014250, phi/n=0.00001351
2026-03-04 17:26:28 | INFO | src.tmc_shapley_islands |   Indre Kvarøy: phi=-0.066159, phi/n=-0.00018957
2026-03-04 17:26:28 | INFO | src.tmc_shapley_islands |   Onøy og Lurøy: phi=0.017282, phi/n=0.00006751
2026-03-04 17:26:28 | INFO | src.tmc_shapley_islands |   Lovund: phi=0.043163, phi/n=0.00028585
2026-03-04 17:26:28 | INFO | src.tmc_shapley_islands |   Sleneset: phi=0.021105, phi/n=0.00013191
2026-03-04 17:26:28 | INFO | src.tmc_shapley_islands |   Aldra: phi=0.010597, phi/n=0.00006125
2026-03-04 17:26:28 | INFO | src.tmc_shapley_islands |   Southern 1: phi=0.000188, phi/n=0.00000032
2026-03-04 17:26:28 | INFO | src.tmc_shapley_islands |   Southern 2: phi=-0.010528, phi/n=-0.00002652
2026-03-04 17:26:28 | INFO | src.tmc_shapley_islands |   Southern 3: phi=0.033708, phi/n=0.00005782
2026-03-04 17:26:28 | INFO | src.tmc_shapley_islands |   Southern 4: phi=-0.017851, phi/n=-0.00003673
2026-03-04 17:26:28 | INFO | src.tmc_shapley_islands |   Southern 5: phi=-0.003534, phi/n=-0.00001750
2026-03-04 17:26:28 | INFO | src.tmc_shapley_islands | Curve retraining early stopping: enabled=True, patience=20
2026-03-04 17:26:28 | INFO | src.tmc_shapley_islands | Computing add-islands curve (evaluated on test set)...
2026-03-04 17:26:28 | INFO | src.tmc_shapley_islands | Add-curve (mean): 1 islands, n=92 -> corr=0.3083
2026-03-04 17:26:28 | INFO | src.tmc_shapley_islands | Add-curve (mean): 2 islands, n=378 -> corr=0.3949
2026-03-04 17:26:28 | INFO | src.tmc_shapley_islands | Add-curve (mean): 3 islands, n=496 -> corr=0.3597
2026-03-04 17:26:28 | INFO | src.tmc_shapley_islands | Add-curve (mean): 4 islands, n=647 -> corr=0.4156
2026-03-04 17:26:29 | INFO | src.tmc_shapley_islands | Add-curve (mean): 5 islands, n=807 -> corr=0.4030
2026-03-04 17:26:29 | INFO | src.tmc_shapley_islands | Add-curve (mean): 6 islands, n=1063 -> corr=0.4489
2026-03-04 17:26:29 | INFO | src.tmc_shapley_islands | Add-curve (mean): 7 islands, n=1236 -> corr=0.4141
2026-03-04 17:26:30 | INFO | src.tmc_shapley_islands | Add-curve (mean): 8 islands, n=1819 -> corr=0.3555
2026-03-04 17:26:32 | INFO | src.tmc_shapley_islands | Add-curve (mean): 9 islands, n=2874 -> corr=0.3135
2026-03-04 17:26:33 | INFO | src.tmc_shapley_islands | Add-curve (mean): 10 islands, n=3455 -> corr=0.3605
2026-03-04 17:26:34 | INFO | src.tmc_shapley_islands | Add-curve (mean): 11 islands, n=3657 -> corr=0.3311
2026-03-04 17:26:36 | INFO | src.tmc_shapley_islands | Add-curve (mean): 12 islands, n=4210 -> corr=0.3168
2026-03-04 17:26:37 | INFO | src.tmc_shapley_islands | Add-curve (mean): 13 islands, n=4607 -> corr=0.3015
2026-03-04 17:26:39 | INFO | src.tmc_shapley_islands | Add-curve (mean): 14 islands, n=5093 -> corr=0.2935
2026-03-04 17:26:42 | INFO | src.tmc_shapley_islands | Add-curve (mean): 15 islands, n=5442 -> corr=0.3048
2026-03-04 17:26:53 | INFO | src.tmc_shapley_islands | Random individual add-curve (seed=0) complete
2026-03-04 17:27:03 | INFO | src.tmc_shapley_islands | Random individual add-curve (seed=1) complete
2026-03-04 17:27:14 | INFO | src.tmc_shapley_islands | Random individual add-curve (seed=2) complete
2026-03-04 17:27:23 | INFO | src.tmc_shapley_islands | Random individual add-curve (seed=3) complete
2026-03-04 17:27:42 | INFO | src.tmc_shapley_islands | Random individual add-curve (seed=4) complete
2026-03-04 17:27:42 | INFO | src.tmc_shapley_islands | Building mirrored remove-islands curve from add-islands curve...
2026-03-04 17:27:42 | INFO | src.tmc_shapley_islands | Saved Shapley values to outputs/tmc_shapley_sweep_all_traits/shards/shard_011/wing/tmp/shapley_island_values_target_3.csv
2026-03-04 17:27:42 | INFO | src.tmc_shapley_islands | Saved summary to outputs/tmc_shapley_sweep_all_traits/shards/shard_011/wing/tmp/tmc_summary_target_3.json
2026-03-04 17:27:42 | INFO | src.tmc_shapley_islands | Saved intermediate ranking trace to outputs/tmc_shapley_sweep_all_traits/shards/shard_011/wing/tmp/tmc_intermediate_rankings_target_3.csv
2026-03-04 17:27:42 | INFO | src.tmc_shapley_islands | Saved add-curve to outputs/tmc_shapley_sweep_all_traits/shards/shard_011/wing/tmp/add_curve_target_3.csv
2026-03-04 17:27:42 | INFO | src.tmc_shapley_islands | Saved remove-curve to outputs/tmc_shapley_sweep_all_traits/shards/shard_011/wing/tmp/remove_curve_target_3.csv
2026-03-04 17:27:43 | INFO | src.tmc_shapley_islands | Saved bar plot to outputs/tmc_shapley_sweep_all_traits/shards/shard_011/wing/tmp/shapley_bar_target_3.png
2026-03-04 17:27:43 | INFO | src.tmc_shapley_islands | Saved add-curve plot to outputs/tmc_shapley_sweep_all_traits/shards/shard_011/wing/tmp/add_curve_target_3.png
2026-03-04 17:27:44 | INFO | src.tmc_shapley_islands | Saved remove-curve plot to outputs/tmc_shapley_sweep_all_traits/shards/shard_011/wing/tmp/remove_curve_target_3.png
2026-03-04 17:27:44 | INFO | __main__ | Shard 11/30 trait=wing progress 21/75 | target=3 n_cal_samples=150 perm=10 repeat=3
2026-03-04 17:27:44 | INFO | src.tmc_shapley_islands | [Shapley] Target island: 3 (Selvær), source islands: 15
2026-03-04 17:27:44 | INFO | src.tmc_shapley_islands | Data: source=5442 (across 15 islands), cal=150, test=41
2026-03-04 17:27:44 | INFO | src.tmc_shapley_islands | SNP selection: using fixed precomputed subset (n=20000)
2026-03-04 17:27:44 | INFO | src.tmc_shapley_islands | Island counts (capped to None in training):
  Nesøy: n=118
  Myken: n=92
  Træna: n=286
  Gjerøy: n=553
  Hestmannøy: n=1055
  Indre Kvarøy: n=349
  Onøy og Lurøy: n=256
  Lovund: n=151
  Sleneset: n=160
  Aldra: n=173
  Southern 1: n=581
  Southern 2: n=397
  Southern 3: n=583
  Southern 4: n=486
  Southern 5: n=202
2026-03-04 17:27:44 | INFO | src.tmc_shapley_islands | Running TMC-Shapley with 10 permutations (utility on cal set)...
2026-03-04 17:27:44 | INFO | src.tmc_shapley_islands | Computing V_full over all 15 source islands...
2026-03-04 17:27:47 | INFO | src.tmc_shapley_islands | V_full = 0.3024
2026-03-04 17:28:31 | INFO | src.tmc_shapley_islands | TMC progress: 2/10 permutations done, cache hit rate: 6.5%, n_evals: 29
2026-03-04 17:29:03 | INFO | src.tmc_shapley_islands | TMC progress: 4/10 permutations done, cache hit rate: 6.6%, n_evals: 57
2026-03-04 17:29:31 | INFO | src.tmc_shapley_islands | TMC progress: 6/10 permutations done, cache hit rate: 8.8%, n_evals: 83
2026-03-04 17:30:07 | INFO | src.tmc_shapley_islands | TMC progress: 8/10 permutations done, cache hit rate: 9.1%, n_evals: 110
2026-03-04 17:30:54 | INFO | src.tmc_shapley_islands | TMC progress: 10/10 permutations done, cache hit rate: 9.9%, n_evals: 136
2026-03-04 17:30:54 | INFO | src.tmc_shapley_islands | TMC complete: 10 permutations, 0 truncated, 136 utility evals, cache hit rate: 9.9%
2026-03-04 17:30:54 | INFO | src.tmc_shapley_islands | Shapley values (phi, computed on cal set):
2026-03-04 17:30:54 | INFO | src.tmc_shapley_islands |   Nesøy: phi=-0.007273, phi/n=-0.00006164
2026-03-04 17:30:54 | INFO | src.tmc_shapley_islands |   Myken: phi=0.040076, phi/n=0.00043561
2026-03-04 17:30:54 | INFO | src.tmc_shapley_islands |   Træna: phi=0.151048, phi/n=0.00052814
2026-03-04 17:30:54 | INFO | src.tmc_shapley_islands |   Gjerøy: phi=-0.038100, phi/n=-0.00006890
2026-03-04 17:30:54 | INFO | src.tmc_shapley_islands |   Hestmannøy: phi=0.019525, phi/n=0.00001851
2026-03-04 17:30:54 | INFO | src.tmc_shapley_islands |   Indre Kvarøy: phi=-0.003795, phi/n=-0.00001087
2026-03-04 17:30:54 | INFO | src.tmc_shapley_islands |   Onøy og Lurøy: phi=0.036511, phi/n=0.00014262
2026-03-04 17:30:54 | INFO | src.tmc_shapley_islands |   Lovund: phi=0.062266, phi/n=0.00041236
2026-03-04 17:30:54 | INFO | src.tmc_shapley_islands |   Sleneset: phi=0.055048, phi/n=0.00034405
2026-03-04 17:30:54 | INFO | src.tmc_shapley_islands |   Aldra: phi=-0.006252, phi/n=-0.00003614
2026-03-04 17:30:54 | INFO | src.tmc_shapley_islands |   Southern 1: phi=0.062733, phi/n=0.00010797
2026-03-04 17:30:54 | INFO | src.tmc_shapley_islands |   Southern 2: phi=-0.010393, phi/n=-0.00002618
2026-03-04 17:30:54 | INFO | src.tmc_shapley_islands |   Southern 3: phi=-0.022407, phi/n=-0.00003843
2026-03-04 17:30:54 | INFO | src.tmc_shapley_islands |   Southern 4: phi=-0.021705, phi/n=-0.00004466
2026-03-04 17:30:54 | INFO | src.tmc_shapley_islands |   Southern 5: phi=-0.014907, phi/n=-0.00007380
2026-03-04 17:30:54 | INFO | src.tmc_shapley_islands | Curve retraining early stopping: enabled=True, patience=20
2026-03-04 17:30:54 | INFO | src.tmc_shapley_islands | Computing add-islands curve (evaluated on test set)...
2026-03-04 17:30:54 | INFO | src.tmc_shapley_islands | Add-curve (mean): 1 islands, n=286 -> corr=0.0983
2026-03-04 17:30:54 | INFO | src.tmc_shapley_islands | Add-curve (mean): 2 islands, n=378 -> corr=0.1404
2026-03-04 17:30:55 | INFO | src.tmc_shapley_islands | Add-curve (mean): 3 islands, n=529 -> corr=0.2287
2026-03-04 17:30:55 | INFO | src.tmc_shapley_islands | Add-curve (mean): 4 islands, n=689 -> corr=0.2507
2026-03-04 17:30:55 | INFO | src.tmc_shapley_islands | Add-curve (mean): 5 islands, n=945 -> corr=0.2641
2026-03-04 17:30:56 | INFO | src.tmc_shapley_islands | Add-curve (mean): 6 islands, n=1526 -> corr=0.3136
2026-03-04 17:31:00 | INFO | src.tmc_shapley_islands | Add-curve (mean): 7 islands, n=2581 -> corr=0.2793
2026-03-04 17:31:04 | INFO | src.tmc_shapley_islands | Add-curve (mean): 8 islands, n=2930 -> corr=0.2892
2026-03-04 17:31:07 | INFO | src.tmc_shapley_islands | Add-curve (mean): 9 islands, n=3327 -> corr=0.2695
2026-03-04 17:31:09 | INFO | src.tmc_shapley_islands | Add-curve (mean): 10 islands, n=3500 -> corr=0.2637
2026-03-04 17:31:10 | INFO | src.tmc_shapley_islands | Add-curve (mean): 11 islands, n=4083 -> corr=0.2697
2026-03-04 17:31:12 | INFO | src.tmc_shapley_islands | Add-curve (mean): 12 islands, n=4569 -> corr=0.2755
2026-03-04 17:31:14 | INFO | src.tmc_shapley_islands | Add-curve (mean): 13 islands, n=4687 -> corr=0.2677
2026-03-04 17:31:16 | INFO | src.tmc_shapley_islands | Add-curve (mean): 14 islands, n=5240 -> corr=0.3031
2026-03-04 17:31:19 | INFO | src.tmc_shapley_islands | Add-curve (mean): 15 islands, n=5442 -> corr=0.2843
2026-03-04 17:31:33 | INFO | src.tmc_shapley_islands | Random individual add-curve (seed=0) complete
2026-03-04 17:31:46 | INFO | src.tmc_shapley_islands | Random individual add-curve (seed=1) complete
2026-03-04 17:31:59 | INFO | src.tmc_shapley_islands | Random individual add-curve (seed=2) complete
2026-03-04 17:32:17 | INFO | src.tmc_shapley_islands | Random individual add-curve (seed=3) complete
2026-03-04 17:32:37 | INFO | src.tmc_shapley_islands | Random individual add-curve (seed=4) complete
2026-03-04 17:32:37 | INFO | src.tmc_shapley_islands | Building mirrored remove-islands curve from add-islands curve...
2026-03-04 17:32:37 | INFO | src.tmc_shapley_islands | Saved Shapley values to outputs/tmc_shapley_sweep_all_traits/shards/shard_011/wing/tmp/shapley_island_values_target_3.csv
2026-03-04 17:32:37 | INFO | src.tmc_shapley_islands | Saved summary to outputs/tmc_shapley_sweep_all_traits/shards/shard_011/wing/tmp/tmc_summary_target_3.json
2026-03-04 17:32:37 | INFO | src.tmc_shapley_islands | Saved intermediate ranking trace to outputs/tmc_shapley_sweep_all_traits/shards/shard_011/wing/tmp/tmc_intermediate_rankings_target_3.csv
2026-03-04 17:32:37 | INFO | src.tmc_shapley_islands | Saved add-curve to outputs/tmc_shapley_sweep_all_traits/shards/shard_011/wing/tmp/add_curve_target_3.csv
2026-03-04 17:32:37 | INFO | src.tmc_shapley_islands | Saved remove-curve to outputs/tmc_shapley_sweep_all_traits/shards/shard_011/wing/tmp/remove_curve_target_3.csv
2026-03-04 17:32:37 | INFO | src.tmc_shapley_islands | Saved bar plot to outputs/tmc_shapley_sweep_all_traits/shards/shard_011/wing/tmp/shapley_bar_target_3.png
2026-03-04 17:32:38 | INFO | src.tmc_shapley_islands | Saved add-curve plot to outputs/tmc_shapley_sweep_all_traits/shards/shard_011/wing/tmp/add_curve_target_3.png
2026-03-04 17:32:38 | INFO | src.tmc_shapley_islands | Saved remove-curve plot to outputs/tmc_shapley_sweep_all_traits/shards/shard_011/wing/tmp/remove_curve_target_3.png
2026-03-04 17:32:38 | INFO | __main__ | Shard 11/30 trait=wing progress 22/75 | target=3 n_cal_samples=150 perm=20 repeat=3
2026-03-04 17:32:38 | INFO | src.tmc_shapley_islands | [Shapley] Target island: 3 (Selvær), source islands: 15
2026-03-04 17:32:39 | INFO | src.tmc_shapley_islands | Data: source=5442 (across 15 islands), cal=150, test=41
2026-03-04 17:32:39 | INFO | src.tmc_shapley_islands | SNP selection: using fixed precomputed subset (n=20000)
2026-03-04 17:32:39 | INFO | src.tmc_shapley_islands | Island counts (capped to None in training):
  Nesøy: n=118
  Myken: n=92
  Træna: n=286
  Gjerøy: n=553
  Hestmannøy: n=1055
  Indre Kvarøy: n=349
  Onøy og Lurøy: n=256
  Lovund: n=151
  Sleneset: n=160
  Aldra: n=173
  Southern 1: n=581
  Southern 2: n=397
  Southern 3: n=583
  Southern 4: n=486
  Southern 5: n=202
2026-03-04 17:32:39 | INFO | src.tmc_shapley_islands | Loaded 136 cached utilities from outputs/tmc_shapley_sweep_all_traits/cache/wing/utility_cache_target_3_seed_1456302938.json
2026-03-04 17:32:39 | INFO | src.tmc_shapley_islands | Running TMC-Shapley with 20 permutations (utility on cal set)...
2026-03-04 17:32:39 | INFO | src.tmc_shapley_islands | Computing V_full over all 15 source islands...
2026-03-04 17:32:39 | INFO | src.tmc_shapley_islands | V_full = 0.3024
2026-03-04 17:32:39 | INFO | src.tmc_shapley_islands | TMC head-start: loaded 10 completed permutations from state outputs/tmc_shapley_sweep_all_traits/cache/wing/tmc_perm_state_target_3_seed_1456302938.json
2026-03-04 17:33:18 | INFO | src.tmc_shapley_islands | TMC progress: 12/20 permutations done, cache hit rate: 16.1%, n_evals: 26
2026-03-04 17:34:19 | INFO | src.tmc_shapley_islands | TMC progress: 16/20 permutations done, cache hit rate: 17.6%, n_evals: 75
2026-03-04 17:35:17 | INFO | src.tmc_shapley_islands | TMC progress: 20/20 permutations done, cache hit rate: 20.5%, n_evals: 120
2026-03-04 17:35:17 | INFO | src.tmc_shapley_islands | TMC complete: 20 permutations, 0 truncated, 120 utility evals, cache hit rate: 20.5%
2026-03-04 17:35:17 | INFO | src.tmc_shapley_islands | Shapley values (phi, computed on cal set):
2026-03-04 17:35:17 | INFO | src.tmc_shapley_islands |   Nesøy: phi=-0.003534, phi/n=-0.00002995
2026-03-04 17:35:17 | INFO | src.tmc_shapley_islands |   Myken: phi=0.048226, phi/n=0.00052419
2026-03-04 17:35:17 | INFO | src.tmc_shapley_islands |   Træna: phi=0.154357, phi/n=0.00053971
2026-03-04 17:35:17 | INFO | src.tmc_shapley_islands |   Gjerøy: phi=-0.035442, phi/n=-0.00006409
2026-03-04 17:35:17 | INFO | src.tmc_shapley_islands |   Hestmannøy: phi=0.028346, phi/n=0.00002687
2026-03-04 17:35:17 | INFO | src.tmc_shapley_islands |   Indre Kvarøy: phi=-0.002145, phi/n=-0.00000615
2026-03-04 17:35:17 | INFO | src.tmc_shapley_islands |   Onøy og Lurøy: phi=0.041986, phi/n=0.00016401
2026-03-04 17:35:17 | INFO | src.tmc_shapley_islands |   Lovund: phi=0.060158, phi/n=0.00039840
2026-03-04 17:35:17 | INFO | src.tmc_shapley_islands |   Sleneset: phi=0.038844, phi/n=0.00024277
2026-03-04 17:35:17 | INFO | src.tmc_shapley_islands |   Aldra: phi=-0.004929, phi/n=-0.00002849
2026-03-04 17:35:17 | INFO | src.tmc_shapley_islands |   Southern 1: phi=0.041428, phi/n=0.00007131
2026-03-04 17:35:17 | INFO | src.tmc_shapley_islands |   Southern 2: phi=-0.008710, phi/n=-0.00002194
2026-03-04 17:35:17 | INFO | src.tmc_shapley_islands |   Southern 3: phi=-0.019758, phi/n=-0.00003389
2026-03-04 17:35:17 | INFO | src.tmc_shapley_islands |   Southern 4: phi=-0.021797, phi/n=-0.00004485
2026-03-04 17:35:17 | INFO | src.tmc_shapley_islands |   Southern 5: phi=-0.014656, phi/n=-0.00007256
2026-03-04 17:35:17 | INFO | src.tmc_shapley_islands | Curve retraining early stopping: enabled=True, patience=20
2026-03-04 17:35:17 | INFO | src.tmc_shapley_islands | Computing add-islands curve (evaluated on test set)...
2026-03-04 17:35:17 | INFO | src.tmc_shapley_islands | Add-curve (mean): 1 islands, n=286 -> corr=0.0983
2026-03-04 17:35:17 | INFO | src.tmc_shapley_islands | Add-curve (mean): 2 islands, n=378 -> corr=0.1404
2026-03-04 17:35:17 | INFO | src.tmc_shapley_islands | Add-curve (mean): 3 islands, n=529 -> corr=0.2287
2026-03-04 17:35:17 | INFO | src.tmc_shapley_islands | Add-curve (mean): 4 islands, n=689 -> corr=0.2507
2026-03-04 17:35:18 | INFO | src.tmc_shapley_islands | Add-curve (mean): 5 islands, n=945 -> corr=0.2641
2026-03-04 17:35:18 | INFO | src.tmc_shapley_islands | Add-curve (mean): 6 islands, n=1526 -> corr=0.3136
2026-03-04 17:35:19 | INFO | src.tmc_shapley_islands | Add-curve (mean): 7 islands, n=2581 -> corr=0.2793
2026-03-04 17:35:21 | INFO | src.tmc_shapley_islands | Add-curve (mean): 8 islands, n=2930 -> corr=0.2892
2026-03-04 17:35:22 | INFO | src.tmc_shapley_islands | Add-curve (mean): 9 islands, n=3327 -> corr=0.2695
2026-03-04 17:35:24 | INFO | src.tmc_shapley_islands | Add-curve (mean): 10 islands, n=3500 -> corr=0.2637
2026-03-04 17:35:25 | INFO | src.tmc_shapley_islands | Add-curve (mean): 11 islands, n=3618 -> corr=0.2573
2026-03-04 17:35:30 | INFO | src.tmc_shapley_islands | Add-curve (mean): 12 islands, n=4201 -> corr=0.2625
2026-03-04 17:35:31 | INFO | src.tmc_shapley_islands | Add-curve (mean): 13 islands, n=4687 -> corr=0.2677
2026-03-04 17:35:33 | INFO | src.tmc_shapley_islands | Add-curve (mean): 14 islands, n=5240 -> corr=0.3031
2026-03-04 17:35:36 | INFO | src.tmc_shapley_islands | Add-curve (mean): 15 islands, n=5442 -> corr=0.2843
2026-03-04 17:35:52 | INFO | src.tmc_shapley_islands | Random individual add-curve (seed=0) complete
2026-03-04 17:36:08 | INFO | src.tmc_shapley_islands | Random individual add-curve (seed=1) complete
2026-03-04 17:36:19 | INFO | src.tmc_shapley_islands | Random individual add-curve (seed=2) complete
2026-03-04 17:36:31 | INFO | src.tmc_shapley_islands | Random individual add-curve (seed=3) complete
2026-03-04 17:36:42 | INFO | src.tmc_shapley_islands | Random individual add-curve (seed=4) complete
2026-03-04 17:36:42 | INFO | src.tmc_shapley_islands | Building mirrored remove-islands curve from add-islands curve...
2026-03-04 17:36:42 | INFO | src.tmc_shapley_islands | Saved Shapley values to outputs/tmc_shapley_sweep_all_traits/shards/shard_011/wing/tmp/shapley_island_values_target_3.csv
2026-03-04 17:36:42 | INFO | src.tmc_shapley_islands | Saved summary to outputs/tmc_shapley_sweep_all_traits/shards/shard_011/wing/tmp/tmc_summary_target_3.json
2026-03-04 17:36:42 | INFO | src.tmc_shapley_islands | Saved intermediate ranking trace to outputs/tmc_shapley_sweep_all_traits/shards/shard_011/wing/tmp/tmc_intermediate_rankings_target_3.csv
2026-03-04 17:36:42 | INFO | src.tmc_shapley_islands | Saved add-curve to outputs/tmc_shapley_sweep_all_traits/shards/shard_011/wing/tmp/add_curve_target_3.csv
2026-03-04 17:36:42 | INFO | src.tmc_shapley_islands | Saved remove-curve to outputs/tmc_shapley_sweep_all_traits/shards/shard_011/wing/tmp/remove_curve_target_3.csv
2026-03-04 17:36:42 | INFO | src.tmc_shapley_islands | Saved bar plot to outputs/tmc_shapley_sweep_all_traits/shards/shard_011/wing/tmp/shapley_bar_target_3.png
2026-03-04 17:36:43 | INFO | src.tmc_shapley_islands | Saved add-curve plot to outputs/tmc_shapley_sweep_all_traits/shards/shard_011/wing/tmp/add_curve_target_3.png
2026-03-04 17:36:43 | INFO | src.tmc_shapley_islands | Saved remove-curve plot to outputs/tmc_shapley_sweep_all_traits/shards/shard_011/wing/tmp/remove_curve_target_3.png
2026-03-04 17:36:43 | INFO | __main__ | Shard 11/30 trait=wing progress 23/75 | target=3 n_cal_samples=150 perm=40 repeat=3
2026-03-04 17:36:43 | INFO | src.tmc_shapley_islands | [Shapley] Target island: 3 (Selvær), source islands: 15
2026-03-04 17:36:44 | INFO | src.tmc_shapley_islands | Data: source=5442 (across 15 islands), cal=150, test=41
2026-03-04 17:36:44 | INFO | src.tmc_shapley_islands | SNP selection: using fixed precomputed subset (n=20000)
2026-03-04 17:36:44 | INFO | src.tmc_shapley_islands | Island counts (capped to None in training):
  Nesøy: n=118
  Myken: n=92
  Træna: n=286
  Gjerøy: n=553
  Hestmannøy: n=1055
  Indre Kvarøy: n=349
  Onøy og Lurøy: n=256
  Lovund: n=151
  Sleneset: n=160
  Aldra: n=173
  Southern 1: n=581
  Southern 2: n=397
  Southern 3: n=583
  Southern 4: n=486
  Southern 5: n=202
2026-03-04 17:36:44 | INFO | src.tmc_shapley_islands | Loaded 256 cached utilities from outputs/tmc_shapley_sweep_all_traits/cache/wing/utility_cache_target_3_seed_1456302938.json
2026-03-04 17:36:44 | INFO | src.tmc_shapley_islands | Running TMC-Shapley with 40 permutations (utility on cal set)...
2026-03-04 17:36:44 | INFO | src.tmc_shapley_islands | Computing V_full over all 15 source islands...
2026-03-04 17:36:44 | INFO | src.tmc_shapley_islands | V_full = 0.3024
2026-03-04 17:36:44 | INFO | src.tmc_shapley_islands | TMC head-start: loaded 20 completed permutations from state outputs/tmc_shapley_sweep_all_traits/cache/wing/tmc_perm_state_target_3_seed_1456302938.json
2026-03-04 17:37:41 | INFO | src.tmc_shapley_islands | TMC progress: 24/40 permutations done, cache hit rate: 21.3%, n_evals: 48
2026-03-04 17:39:40 | INFO | src.tmc_shapley_islands | TMC progress: 32/40 permutations done, cache hit rate: 23.8%, n_evals: 138
2026-03-04 17:41:51 | INFO | src.tmc_shapley_islands | TMC progress: 40/40 permutations done, cache hit rate: 23.9%, n_evals: 229
2026-03-04 17:41:51 | INFO | src.tmc_shapley_islands | TMC complete: 40 permutations, 0 truncated, 229 utility evals, cache hit rate: 23.9%
2026-03-04 17:41:51 | INFO | src.tmc_shapley_islands | Shapley values (phi, computed on cal set):
2026-03-04 17:41:51 | INFO | src.tmc_shapley_islands |   Nesøy: phi=-0.000236, phi/n=-0.00000200
2026-03-04 17:41:51 | INFO | src.tmc_shapley_islands |   Myken: phi=0.054213, phi/n=0.00058927
2026-03-04 17:41:51 | INFO | src.tmc_shapley_islands |   Træna: phi=0.149546, phi/n=0.00052289
2026-03-04 17:41:51 | INFO | src.tmc_shapley_islands |   Gjerøy: phi=-0.033679, phi/n=-0.00006090
2026-03-04 17:41:51 | INFO | src.tmc_shapley_islands |   Hestmannøy: phi=0.020474, phi/n=0.00001941
2026-03-04 17:41:51 | INFO | src.tmc_shapley_islands |   Indre Kvarøy: phi=-0.003014, phi/n=-0.00000864
2026-03-04 17:41:51 | INFO | src.tmc_shapley_islands |   Onøy og Lurøy: phi=0.040376, phi/n=0.00015772
2026-03-04 17:41:51 | INFO | src.tmc_shapley_islands |   Lovund: phi=0.061933, phi/n=0.00041015
2026-03-04 17:41:51 | INFO | src.tmc_shapley_islands |   Sleneset: phi=0.052848, phi/n=0.00033030
2026-03-04 17:41:51 | INFO | src.tmc_shapley_islands |   Aldra: phi=-0.003917, phi/n=-0.00002264
2026-03-04 17:41:51 | INFO | src.tmc_shapley_islands |   Southern 1: phi=0.033690, phi/n=0.00005799
2026-03-04 17:41:51 | INFO | src.tmc_shapley_islands |   Southern 2: phi=-0.010644, phi/n=-0.00002681
2026-03-04 17:41:51 | INFO | src.tmc_shapley_islands |   Southern 3: phi=-0.018040, phi/n=-0.00003094
2026-03-04 17:41:51 | INFO | src.tmc_shapley_islands |   Southern 4: phi=-0.022699, phi/n=-0.00004671
2026-03-04 17:41:51 | INFO | src.tmc_shapley_islands |   Southern 5: phi=-0.018476, phi/n=-0.00009147
2026-03-04 17:41:51 | INFO | src.tmc_shapley_islands | Curve retraining early stopping: enabled=True, patience=20
2026-03-04 17:41:51 | INFO | src.tmc_shapley_islands | Computing add-islands curve (evaluated on test set)...
2026-03-04 17:41:51 | INFO | src.tmc_shapley_islands | Add-curve (mean): 1 islands, n=92 -> corr=0.0874
2026-03-04 17:41:51 | INFO | src.tmc_shapley_islands | Add-curve (mean): 2 islands, n=378 -> corr=0.1404
2026-03-04 17:41:51 | INFO | src.tmc_shapley_islands | Add-curve (mean): 3 islands, n=529 -> corr=0.2287
2026-03-04 17:41:51 | INFO | src.tmc_shapley_islands | Add-curve (mean): 4 islands, n=689 -> corr=0.2507
2026-03-04 17:41:51 | INFO | src.tmc_shapley_islands | Add-curve (mean): 5 islands, n=945 -> corr=0.2641
2026-03-04 17:41:52 | INFO | src.tmc_shapley_islands | Add-curve (mean): 6 islands, n=1526 -> corr=0.3136
2026-03-04 17:41:53 | INFO | src.tmc_shapley_islands | Add-curve (mean): 7 islands, n=2581 -> corr=0.2793
2026-03-04 17:41:54 | INFO | src.tmc_shapley_islands | Add-curve (mean): 8 islands, n=2699 -> corr=0.2740
2026-03-04 17:41:55 | INFO | src.tmc_shapley_islands | Add-curve (mean): 9 islands, n=3048 -> corr=0.2844
2026-03-04 17:41:56 | INFO | src.tmc_shapley_islands | Add-curve (mean): 10 islands, n=3221 -> corr=0.2766
2026-03-04 17:42:01 | INFO | src.tmc_shapley_islands | Add-curve (mean): 11 islands, n=3618 -> corr=0.2573
2026-03-04 17:42:04 | INFO | src.tmc_shapley_islands | Add-curve (mean): 12 islands, n=4201 -> corr=0.2625
2026-03-04 17:42:06 | INFO | src.tmc_shapley_islands | Add-curve (mean): 13 islands, n=4687 -> corr=0.2677
2026-03-04 17:42:09 | INFO | src.tmc_shapley_islands | Add-curve (mean): 14 islands, n=5240 -> corr=0.3031
2026-03-04 17:42:11 | INFO | src.tmc_shapley_islands | Add-curve (mean): 15 islands, n=5442 -> corr=0.2843
2026-03-04 17:42:22 | INFO | src.tmc_shapley_islands | Random individual add-curve (seed=0) complete
2026-03-04 17:42:36 | INFO | src.tmc_shapley_islands | Random individual add-curve (seed=1) complete
2026-03-04 17:42:48 | INFO | src.tmc_shapley_islands | Random individual add-curve (seed=2) complete
2026-03-04 17:43:00 | INFO | src.tmc_shapley_islands | Random individual add-curve (seed=3) complete
2026-03-04 17:43:20 | INFO | src.tmc_shapley_islands | Random individual add-curve (seed=4) complete
2026-03-04 17:43:20 | INFO | src.tmc_shapley_islands | Building mirrored remove-islands curve from add-islands curve...
2026-03-04 17:43:20 | INFO | src.tmc_shapley_islands | Saved Shapley values to outputs/tmc_shapley_sweep_all_traits/shards/shard_011/wing/tmp/shapley_island_values_target_3.csv
2026-03-04 17:43:20 | INFO | src.tmc_shapley_islands | Saved summary to outputs/tmc_shapley_sweep_all_traits/shards/shard_011/wing/tmp/tmc_summary_target_3.json
2026-03-04 17:43:20 | INFO | src.tmc_shapley_islands | Saved intermediate ranking trace to outputs/tmc_shapley_sweep_all_traits/shards/shard_011/wing/tmp/tmc_intermediate_rankings_target_3.csv
2026-03-04 17:43:20 | INFO | src.tmc_shapley_islands | Saved add-curve to outputs/tmc_shapley_sweep_all_traits/shards/shard_011/wing/tmp/add_curve_target_3.csv
2026-03-04 17:43:20 | INFO | src.tmc_shapley_islands | Saved remove-curve to outputs/tmc_shapley_sweep_all_traits/shards/shard_011/wing/tmp/remove_curve_target_3.csv
2026-03-04 17:43:20 | INFO | src.tmc_shapley_islands | Saved bar plot to outputs/tmc_shapley_sweep_all_traits/shards/shard_011/wing/tmp/shapley_bar_target_3.png
2026-03-04 17:43:21 | INFO | src.tmc_shapley_islands | Saved add-curve plot to outputs/tmc_shapley_sweep_all_traits/shards/shard_011/wing/tmp/add_curve_target_3.png
2026-03-04 17:43:21 | INFO | src.tmc_shapley_islands | Saved remove-curve plot to outputs/tmc_shapley_sweep_all_traits/shards/shard_011/wing/tmp/remove_curve_target_3.png
2026-03-04 17:43:21 | INFO | __main__ | Shard 11/30 trait=wing progress 24/75 | target=3 n_cal_samples=150 perm=80 repeat=3
2026-03-04 17:43:21 | INFO | src.tmc_shapley_islands | [Shapley] Target island: 3 (Selvær), source islands: 15
2026-03-04 17:43:22 | INFO | src.tmc_shapley_islands | Data: source=5442 (across 15 islands), cal=150, test=41
2026-03-04 17:43:22 | INFO | src.tmc_shapley_islands | SNP selection: using fixed precomputed subset (n=20000)
2026-03-04 17:43:22 | INFO | src.tmc_shapley_islands | Island counts (capped to None in training):
  Nesøy: n=118
  Myken: n=92
  Træna: n=286
  Gjerøy: n=553
  Hestmannøy: n=1055
  Indre Kvarøy: n=349
  Onøy og Lurøy: n=256
  Lovund: n=151
  Sleneset: n=160
  Aldra: n=173
  Southern 1: n=581
  Southern 2: n=397
  Southern 3: n=583
  Southern 4: n=486
  Southern 5: n=202
2026-03-04 17:43:22 | INFO | src.tmc_shapley_islands | Loaded 485 cached utilities from outputs/tmc_shapley_sweep_all_traits/cache/wing/utility_cache_target_3_seed_1456302938.json
2026-03-04 17:43:22 | INFO | src.tmc_shapley_islands | Running TMC-Shapley with 80 permutations (utility on cal set)...
2026-03-04 17:43:22 | INFO | src.tmc_shapley_islands | Computing V_full over all 15 source islands...
2026-03-04 17:43:22 | INFO | src.tmc_shapley_islands | V_full = 0.3024
2026-03-04 17:43:22 | INFO | src.tmc_shapley_islands | TMC head-start: loaded 40 completed permutations from state outputs/tmc_shapley_sweep_all_traits/cache/wing/tmc_perm_state_target_3_seed_1456302938.json
2026-03-04 17:45:35 | INFO | src.tmc_shapley_islands | TMC progress: 48/80 permutations done, cache hit rate: 21.5%, n_evals: 95
2026-03-04 17:49:18 | INFO | src.tmc_shapley_islands | TMC progress: 64/80 permutations done, cache hit rate: 26.3%, n_evals: 266
2026-03-04 17:52:37 | INFO | src.tmc_shapley_islands | TMC progress: 80/80 permutations done, cache hit rate: 27.1%, n_evals: 438
2026-03-04 17:52:37 | INFO | src.tmc_shapley_islands | TMC complete: 80 permutations, 0 truncated, 438 utility evals, cache hit rate: 27.1%
2026-03-04 17:52:37 | INFO | src.tmc_shapley_islands | Shapley values (phi, computed on cal set):
2026-03-04 17:52:37 | INFO | src.tmc_shapley_islands |   Nesøy: phi=-0.000506, phi/n=-0.00000429
2026-03-04 17:52:37 | INFO | src.tmc_shapley_islands |   Myken: phi=0.063664, phi/n=0.00069200
2026-03-04 17:52:37 | INFO | src.tmc_shapley_islands |   Træna: phi=0.141430, phi/n=0.00049451
2026-03-04 17:52:37 | INFO | src.tmc_shapley_islands |   Gjerøy: phi=-0.038671, phi/n=-0.00006993
2026-03-04 17:52:37 | INFO | src.tmc_shapley_islands |   Hestmannøy: phi=0.015601, phi/n=0.00001479
2026-03-04 17:52:37 | INFO | src.tmc_shapley_islands |   Indre Kvarøy: phi=0.000154, phi/n=0.00000044
2026-03-04 17:52:37 | INFO | src.tmc_shapley_islands |   Onøy og Lurøy: phi=0.043750, phi/n=0.00017090
2026-03-04 17:52:37 | INFO | src.tmc_shapley_islands |   Lovund: phi=0.067573, phi/n=0.00044750
2026-03-04 17:52:37 | INFO | src.tmc_shapley_islands |   Sleneset: phi=0.053038, phi/n=0.00033149
2026-03-04 17:52:37 | INFO | src.tmc_shapley_islands |   Aldra: phi=-0.004563, phi/n=-0.00002637
2026-03-04 17:52:37 | INFO | src.tmc_shapley_islands |   Southern 1: phi=0.036379, phi/n=0.00006261
2026-03-04 17:52:37 | INFO | src.tmc_shapley_islands |   Southern 2: phi=-0.011105, phi/n=-0.00002797
2026-03-04 17:52:37 | INFO | src.tmc_shapley_islands |   Southern 3: phi=-0.021540, phi/n=-0.00003695
2026-03-04 17:52:37 | INFO | src.tmc_shapley_islands |   Southern 4: phi=-0.024407, phi/n=-0.00005022
2026-03-04 17:52:37 | INFO | src.tmc_shapley_islands |   Southern 5: phi=-0.018421, phi/n=-0.00009119
2026-03-04 17:52:37 | INFO | src.tmc_shapley_islands | Curve retraining early stopping: enabled=True, patience=20
2026-03-04 17:52:37 | INFO | src.tmc_shapley_islands | Computing add-islands curve (evaluated on test set)...
2026-03-04 17:52:37 | INFO | src.tmc_shapley_islands | Add-curve (mean): 1 islands, n=92 -> corr=0.0874
2026-03-04 17:52:38 | INFO | src.tmc_shapley_islands | Add-curve (mean): 2 islands, n=378 -> corr=0.1404
2026-03-04 17:52:38 | INFO | src.tmc_shapley_islands | Add-curve (mean): 3 islands, n=529 -> corr=0.2287
2026-03-04 17:52:38 | INFO | src.tmc_shapley_islands | Add-curve (mean): 4 islands, n=689 -> corr=0.2507
2026-03-04 17:52:38 | INFO | src.tmc_shapley_islands | Add-curve (mean): 5 islands, n=945 -> corr=0.2641
2026-03-04 17:52:39 | INFO | src.tmc_shapley_islands | Add-curve (mean): 6 islands, n=1526 -> corr=0.3136
2026-03-04 17:52:40 | INFO | src.tmc_shapley_islands | Add-curve (mean): 7 islands, n=2581 -> corr=0.2793
2026-03-04 17:52:41 | INFO | src.tmc_shapley_islands | Add-curve (mean): 8 islands, n=2930 -> corr=0.2892
2026-03-04 17:52:43 | INFO | src.tmc_shapley_islands | Add-curve (mean): 9 islands, n=3048 -> corr=0.2844
2026-03-04 17:52:44 | INFO | src.tmc_shapley_islands | Add-curve (mean): 10 islands, n=3221 -> corr=0.2766
2026-03-04 17:52:45 | INFO | src.tmc_shapley_islands | Add-curve (mean): 11 islands, n=3618 -> corr=0.2573
2026-03-04 17:52:47 | INFO | src.tmc_shapley_islands | Add-curve (mean): 12 islands, n=4201 -> corr=0.2625
2026-03-04 17:52:49 | INFO | src.tmc_shapley_islands | Add-curve (mean): 13 islands, n=4687 -> corr=0.2677
2026-03-04 17:52:51 | INFO | src.tmc_shapley_islands | Add-curve (mean): 14 islands, n=5240 -> corr=0.3031
2026-03-04 17:52:54 | INFO | src.tmc_shapley_islands | Add-curve (mean): 15 islands, n=5442 -> corr=0.2843
2026-03-04 17:53:06 | INFO | src.tmc_shapley_islands | Random individual add-curve (seed=0) complete
2026-03-04 17:53:21 | INFO | src.tmc_shapley_islands | Random individual add-curve (seed=1) complete
2026-03-04 17:53:39 | INFO | src.tmc_shapley_islands | Random individual add-curve (seed=2) complete
2026-03-04 17:53:50 | INFO | src.tmc_shapley_islands | Random individual add-curve (seed=3) complete
2026-03-04 17:54:07 | INFO | src.tmc_shapley_islands | Random individual add-curve (seed=4) complete
2026-03-04 17:54:07 | INFO | src.tmc_shapley_islands | Building mirrored remove-islands curve from add-islands curve...
2026-03-04 17:54:07 | INFO | src.tmc_shapley_islands | Saved Shapley values to outputs/tmc_shapley_sweep_all_traits/shards/shard_011/wing/tmp/shapley_island_values_target_3.csv
2026-03-04 17:54:07 | INFO | src.tmc_shapley_islands | Saved summary to outputs/tmc_shapley_sweep_all_traits/shards/shard_011/wing/tmp/tmc_summary_target_3.json
2026-03-04 17:54:07 | INFO | src.tmc_shapley_islands | Saved intermediate ranking trace to outputs/tmc_shapley_sweep_all_traits/shards/shard_011/wing/tmp/tmc_intermediate_rankings_target_3.csv
2026-03-04 17:54:07 | INFO | src.tmc_shapley_islands | Saved add-curve to outputs/tmc_shapley_sweep_all_traits/shards/shard_011/wing/tmp/add_curve_target_3.csv
2026-03-04 17:54:07 | INFO | src.tmc_shapley_islands | Saved remove-curve to outputs/tmc_shapley_sweep_all_traits/shards/shard_011/wing/tmp/remove_curve_target_3.csv
2026-03-04 17:54:08 | INFO | src.tmc_shapley_islands | Saved bar plot to outputs/tmc_shapley_sweep_all_traits/shards/shard_011/wing/tmp/shapley_bar_target_3.png
2026-03-04 17:54:08 | INFO | src.tmc_shapley_islands | Saved add-curve plot to outputs/tmc_shapley_sweep_all_traits/shards/shard_011/wing/tmp/add_curve_target_3.png
2026-03-04 17:54:09 | INFO | src.tmc_shapley_islands | Saved remove-curve plot to outputs/tmc_shapley_sweep_all_traits/shards/shard_011/wing/tmp/remove_curve_target_3.png
2026-03-04 17:54:09 | INFO | __main__ | Shard 11/30 trait=wing progress 25/75 | target=3 n_cal_samples=150 perm=150 repeat=3
2026-03-04 17:54:09 | INFO | src.tmc_shapley_islands | [Shapley] Target island: 3 (Selvær), source islands: 15
2026-03-04 17:54:10 | INFO | src.tmc_shapley_islands | Data: source=5442 (across 15 islands), cal=150, test=41
2026-03-04 17:54:10 | INFO | src.tmc_shapley_islands | SNP selection: using fixed precomputed subset (n=20000)
2026-03-04 17:54:10 | INFO | src.tmc_shapley_islands | Island counts (capped to None in training):
  Nesøy: n=118
  Myken: n=92
  Træna: n=286
  Gjerøy: n=553
  Hestmannøy: n=1055
  Indre Kvarøy: n=349
  Onøy og Lurøy: n=256
  Lovund: n=151
  Sleneset: n=160
  Aldra: n=173
  Southern 1: n=581
  Southern 2: n=397
  Southern 3: n=583
  Southern 4: n=486
  Southern 5: n=202
2026-03-04 17:54:10 | INFO | src.tmc_shapley_islands | Loaded 923 cached utilities from outputs/tmc_shapley_sweep_all_traits/cache/wing/utility_cache_target_3_seed_1456302938.json
2026-03-04 17:54:10 | INFO | src.tmc_shapley_islands | Running TMC-Shapley with 150 permutations (utility on cal set)...
2026-03-04 17:54:10 | INFO | src.tmc_shapley_islands | Computing V_full over all 15 source islands...
2026-03-04 17:54:10 | INFO | src.tmc_shapley_islands | V_full = 0.3024
2026-03-04 17:54:10 | INFO | src.tmc_shapley_islands | TMC head-start: loaded 80 completed permutations from state outputs/tmc_shapley_sweep_all_traits/cache/wing/tmc_perm_state_target_3_seed_1456302938.json
2026-03-04 17:56:38 | INFO | src.tmc_shapley_islands | TMC progress: 90/150 permutations done, cache hit rate: 30.5%, n_evals: 105
2026-03-04 18:03:32 | INFO | src.tmc_shapley_islands | TMC progress: 120/150 permutations done, cache hit rate: 33.9%, n_evals: 397
2026-03-04 18:10:36 | INFO | src.tmc_shapley_islands | TMC progress: 150/150 permutations done, cache hit rate: 34.7%, n_evals: 686
2026-03-04 18:10:36 | INFO | src.tmc_shapley_islands | TMC complete: 150 permutations, 0 truncated, 686 utility evals, cache hit rate: 34.7%
2026-03-04 18:10:36 | INFO | src.tmc_shapley_islands | Shapley values (phi, computed on cal set):
2026-03-04 18:10:36 | INFO | src.tmc_shapley_islands |   Nesøy: phi=0.000022, phi/n=0.00000019
2026-03-04 18:10:36 | INFO | src.tmc_shapley_islands |   Myken: phi=0.056170, phi/n=0.00061054
2026-03-04 18:10:36 | INFO | src.tmc_shapley_islands |   Træna: phi=0.148015, phi/n=0.00051754
2026-03-04 18:10:36 | INFO | src.tmc_shapley_islands |   Gjerøy: phi=-0.036779, phi/n=-0.00006651
2026-03-04 18:10:36 | INFO | src.tmc_shapley_islands |   Hestmannøy: phi=0.016376, phi/n=0.00001552
2026-03-04 18:10:36 | INFO | src.tmc_shapley_islands |   Indre Kvarøy: phi=-0.001865, phi/n=-0.00000534
2026-03-04 18:10:36 | INFO | src.tmc_shapley_islands |   Onøy og Lurøy: phi=0.041019, phi/n=0.00016023
2026-03-04 18:10:36 | INFO | src.tmc_shapley_islands |   Lovund: phi=0.073198, phi/n=0.00048475
2026-03-04 18:10:36 | INFO | src.tmc_shapley_islands |   Sleneset: phi=0.054670, phi/n=0.00034169
2026-03-04 18:10:36 | INFO | src.tmc_shapley_islands |   Aldra: phi=-0.004947, phi/n=-0.00002859
2026-03-04 18:10:36 | INFO | src.tmc_shapley_islands |   Southern 1: phi=0.033527, phi/n=0.00005771
2026-03-04 18:10:36 | INFO | src.tmc_shapley_islands |   Southern 2: phi=-0.011023, phi/n=-0.00002777
2026-03-04 18:10:36 | INFO | src.tmc_shapley_islands |   Southern 3: phi=-0.022300, phi/n=-0.00003825
2026-03-04 18:10:36 | INFO | src.tmc_shapley_islands |   Southern 4: phi=-0.022941, phi/n=-0.00004720
2026-03-04 18:10:36 | INFO | src.tmc_shapley_islands |   Southern 5: phi=-0.020768, phi/n=-0.00010281
2026-03-04 18:10:36 | INFO | src.tmc_shapley_islands | Curve retraining early stopping: enabled=True, patience=20
2026-03-04 18:10:36 | INFO | src.tmc_shapley_islands | Computing add-islands curve (evaluated on test set)...
2026-03-04 18:10:36 | INFO | src.tmc_shapley_islands | Add-curve (mean): 1 islands, n=92 -> corr=0.0874
2026-03-04 18:10:37 | INFO | src.tmc_shapley_islands | Add-curve (mean): 2 islands, n=378 -> corr=0.1404
2026-03-04 18:10:37 | INFO | src.tmc_shapley_islands | Add-curve (mean): 3 islands, n=529 -> corr=0.2287
2026-03-04 18:10:37 | INFO | src.tmc_shapley_islands | Add-curve (mean): 4 islands, n=689 -> corr=0.2507
2026-03-04 18:10:37 | INFO | src.tmc_shapley_islands | Add-curve (mean): 5 islands, n=945 -> corr=0.2641
2026-03-04 18:10:38 | INFO | src.tmc_shapley_islands | Add-curve (mean): 6 islands, n=1526 -> corr=0.3136
2026-03-04 18:10:42 | INFO | src.tmc_shapley_islands | Add-curve (mean): 7 islands, n=2581 -> corr=0.2793
2026-03-04 18:10:46 | INFO | src.tmc_shapley_islands | Add-curve (mean): 8 islands, n=2699 -> corr=0.2740
2026-03-04 18:10:51 | INFO | src.tmc_shapley_islands | Add-curve (mean): 9 islands, n=3048 -> corr=0.2844
2026-03-04 18:10:55 | INFO | src.tmc_shapley_islands | Add-curve (mean): 10 islands, n=3445 -> corr=0.2649
2026-03-04 18:11:00 | INFO | src.tmc_shapley_islands | Add-curve (mean): 11 islands, n=3618 -> corr=0.2573
2026-03-04 18:11:05 | INFO | src.tmc_shapley_islands | Add-curve (mean): 12 islands, n=4201 -> corr=0.2625
2026-03-04 18:11:07 | INFO | src.tmc_shapley_islands | Add-curve (mean): 13 islands, n=4687 -> corr=0.2677
2026-03-04 18:11:09 | INFO | src.tmc_shapley_islands | Add-curve (mean): 14 islands, n=5240 -> corr=0.3031
2026-03-04 18:11:11 | INFO | src.tmc_shapley_islands | Add-curve (mean): 15 islands, n=5442 -> corr=0.2843
2026-03-04 18:11:25 | INFO | src.tmc_shapley_islands | Random individual add-curve (seed=0) complete
2026-03-04 18:11:40 | INFO | src.tmc_shapley_islands | Random individual add-curve (seed=1) complete
2026-03-04 18:12:10 | INFO | src.tmc_shapley_islands | Random individual add-curve (seed=2) complete
2026-03-04 18:12:36 | INFO | src.tmc_shapley_islands | Random individual add-curve (seed=3) complete
2026-03-04 18:12:50 | INFO | src.tmc_shapley_islands | Random individual add-curve (seed=4) complete
2026-03-04 18:12:50 | INFO | src.tmc_shapley_islands | Building mirrored remove-islands curve from add-islands curve...
2026-03-04 18:12:50 | INFO | src.tmc_shapley_islands | Saved Shapley values to outputs/tmc_shapley_sweep_all_traits/shards/shard_011/wing/tmp/shapley_island_values_target_3.csv
2026-03-04 18:12:50 | INFO | src.tmc_shapley_islands | Saved summary to outputs/tmc_shapley_sweep_all_traits/shards/shard_011/wing/tmp/tmc_summary_target_3.json
2026-03-04 18:12:50 | INFO | src.tmc_shapley_islands | Saved intermediate ranking trace to outputs/tmc_shapley_sweep_all_traits/shards/shard_011/wing/tmp/tmc_intermediate_rankings_target_3.csv
2026-03-04 18:12:50 | INFO | src.tmc_shapley_islands | Saved add-curve to outputs/tmc_shapley_sweep_all_traits/shards/shard_011/wing/tmp/add_curve_target_3.csv
2026-03-04 18:12:50 | INFO | src.tmc_shapley_islands | Saved remove-curve to outputs/tmc_shapley_sweep_all_traits/shards/shard_011/wing/tmp/remove_curve_target_3.csv
2026-03-04 18:12:51 | INFO | src.tmc_shapley_islands | Saved bar plot to outputs/tmc_shapley_sweep_all_traits/shards/shard_011/wing/tmp/shapley_bar_target_3.png
2026-03-04 18:12:51 | INFO | src.tmc_shapley_islands | Saved add-curve plot to outputs/tmc_shapley_sweep_all_traits/shards/shard_011/wing/tmp/add_curve_target_3.png
2026-03-04 18:12:52 | INFO | src.tmc_shapley_islands | Saved remove-curve plot to outputs/tmc_shapley_sweep_all_traits/shards/shard_011/wing/tmp/remove_curve_target_3.png
2026-03-04 18:12:52 | INFO | __main__ | Shard 11/30 trait=wing progress 26/75 | target=5 n_cal_samples=10 perm=10 repeat=3
2026-03-04 18:12:52 | INFO | src.tmc_shapley_islands | [Shapley] Target island: 5 (Hestmannøy), source islands: 15
2026-03-04 18:12:52 | INFO | src.tmc_shapley_islands | Data: source=4578 (across 15 islands), cal=10, test=905
2026-03-04 18:12:52 | INFO | src.tmc_shapley_islands | SNP selection: using fixed precomputed subset (n=20000)
2026-03-04 18:12:52 | INFO | src.tmc_shapley_islands | Island counts (capped to None in training):
  Nesøy: n=118
  Myken: n=92
  Træna: n=286
  Selvær: n=191
  Gjerøy: n=553
  Indre Kvarøy: n=349
  Onøy og Lurøy: n=256
  Lovund: n=151
  Sleneset: n=160
  Aldra: n=173
  Southern 1: n=581
  Southern 2: n=397
  Southern 3: n=583
  Southern 4: n=486
  Southern 5: n=202
2026-03-04 18:12:52 | INFO | src.tmc_shapley_islands | Running TMC-Shapley with 10 permutations (utility on cal set)...
2026-03-04 18:12:52 | INFO | src.tmc_shapley_islands | Computing V_full over all 15 source islands...
2026-03-04 18:12:55 | INFO | src.tmc_shapley_islands | V_full = 0.3119
2026-03-04 18:13:24 | INFO | src.tmc_shapley_islands | TMC progress: 2/10 permutations done, cache hit rate: 6.5%, n_evals: 29
2026-03-04 18:13:50 | INFO | src.tmc_shapley_islands | TMC progress: 4/10 permutations done, cache hit rate: 6.6%, n_evals: 57
2026-03-04 18:14:13 | INFO | src.tmc_shapley_islands | TMC progress: 6/10 permutations done, cache hit rate: 9.9%, n_evals: 82
2026-03-04 18:14:36 | INFO | src.tmc_shapley_islands | TMC progress: 8/10 permutations done, cache hit rate: 9.9%, n_evals: 109
2026-03-04 18:15:03 | INFO | src.tmc_shapley_islands | TMC progress: 10/10 permutations done, cache hit rate: 9.9%, n_evals: 136
2026-03-04 18:15:03 | INFO | src.tmc_shapley_islands | TMC complete: 10 permutations, 0 truncated, 136 utility evals, cache hit rate: 9.9%
2026-03-04 18:15:03 | INFO | src.tmc_shapley_islands | Shapley values (phi, computed on cal set):
2026-03-04 18:15:03 | INFO | src.tmc_shapley_islands |   Nesøy: phi=0.034936, phi/n=0.00029607
2026-03-04 18:15:03 | INFO | src.tmc_shapley_islands |   Myken: phi=-0.008015, phi/n=-0.00008712
2026-03-04 18:15:03 | INFO | src.tmc_shapley_islands |   Træna: phi=0.046683, phi/n=0.00016323
2026-03-04 18:15:03 | INFO | src.tmc_shapley_islands |   Selvær: phi=0.070173, phi/n=0.00036740
2026-03-04 18:15:03 | INFO | src.tmc_shapley_islands |   Gjerøy: phi=0.067751, phi/n=0.00012251
2026-03-04 18:15:03 | INFO | src.tmc_shapley_islands |   Indre Kvarøy: phi=0.003454, phi/n=0.00000990
2026-03-04 18:15:03 | INFO | src.tmc_shapley_islands |   Onøy og Lurøy: phi=0.086950, phi/n=0.00033965
2026-03-04 18:15:03 | INFO | src.tmc_shapley_islands |   Lovund: phi=0.000340, phi/n=0.00000225
2026-03-04 18:15:03 | INFO | src.tmc_shapley_islands |   Sleneset: phi=-0.049347, phi/n=-0.00030842
2026-03-04 18:15:03 | INFO | src.tmc_shapley_islands |   Aldra: phi=-0.091893, phi/n=-0.00053117
2026-03-04 18:15:03 | INFO | src.tmc_shapley_islands |   Southern 1: phi=0.204225, phi/n=0.00035151
2026-03-04 18:15:03 | INFO | src.tmc_shapley_islands |   Southern 2: phi=-0.159147, phi/n=-0.00040088
2026-03-04 18:15:03 | INFO | src.tmc_shapley_islands |   Southern 3: phi=-0.050252, phi/n=-0.00008620
2026-03-04 18:15:03 | INFO | src.tmc_shapley_islands |   Southern 4: phi=0.119168, phi/n=0.00024520
2026-03-04 18:15:03 | INFO | src.tmc_shapley_islands |   Southern 5: phi=0.036843, phi/n=0.00018239
2026-03-04 18:15:03 | INFO | src.tmc_shapley_islands | Curve retraining early stopping: enabled=True, patience=20
2026-03-04 18:15:03 | INFO | src.tmc_shapley_islands | Computing add-islands curve (evaluated on test set)...
2026-03-04 18:15:03 | INFO | src.tmc_shapley_islands | Add-curve (mean): 1 islands, n=191 -> corr=0.0436
2026-03-04 18:15:04 | INFO | src.tmc_shapley_islands | Add-curve (mean): 2 islands, n=772 -> corr=0.0327
2026-03-04 18:15:04 | INFO | src.tmc_shapley_islands | Add-curve (mean): 3 islands, n=1028 -> corr=0.1005
2026-03-04 18:15:05 | INFO | src.tmc_shapley_islands | Add-curve (mean): 4 islands, n=1146 -> corr=0.1071
2026-03-04 18:15:05 | INFO | src.tmc_shapley_islands | Add-curve (mean): 5 islands, n=1632 -> corr=0.1184
2026-03-04 18:15:06 | INFO | src.tmc_shapley_islands | Add-curve (mean): 6 islands, n=1834 -> corr=0.1171
2026-03-04 18:15:07 | INFO | src.tmc_shapley_islands | Add-curve (mean): 7 islands, n=2120 -> corr=0.1309
2026-03-04 18:15:08 | INFO | src.tmc_shapley_islands | Add-curve (mean): 8 islands, n=2673 -> corr=0.1339
2026-03-04 18:15:09 | INFO | src.tmc_shapley_islands | Add-curve (mean): 9 islands, n=3022 -> corr=0.1496
2026-03-04 18:15:10 | INFO | src.tmc_shapley_islands | Add-curve (mean): 10 islands, n=3173 -> corr=0.1489
2026-03-04 18:15:12 | INFO | src.tmc_shapley_islands | Add-curve (mean): 11 islands, n=3756 -> corr=0.1318
2026-03-04 18:15:14 | INFO | src.tmc_shapley_islands | Add-curve (mean): 12 islands, n=3848 -> corr=0.1312
2026-03-04 18:15:15 | INFO | src.tmc_shapley_islands | Add-curve (mean): 13 islands, n=4008 -> corr=0.1354
2026-03-04 18:15:17 | INFO | src.tmc_shapley_islands | Add-curve (mean): 14 islands, n=4405 -> corr=0.1361
2026-03-04 18:15:19 | INFO | src.tmc_shapley_islands | Add-curve (mean): 15 islands, n=4578 -> corr=0.1372
2026-03-04 18:15:31 | INFO | src.tmc_shapley_islands | Random individual add-curve (seed=0) complete
2026-03-04 18:15:47 | INFO | src.tmc_shapley_islands | Random individual add-curve (seed=1) complete
2026-03-04 18:15:58 | INFO | src.tmc_shapley_islands | Random individual add-curve (seed=2) complete
2026-03-04 18:16:10 | INFO | src.tmc_shapley_islands | Random individual add-curve (seed=3) complete
2026-03-04 18:16:23 | INFO | src.tmc_shapley_islands | Random individual add-curve (seed=4) complete
2026-03-04 18:16:23 | INFO | src.tmc_shapley_islands | Building mirrored remove-islands curve from add-islands curve...
2026-03-04 18:16:23 | INFO | src.tmc_shapley_islands | Saved Shapley values to outputs/tmc_shapley_sweep_all_traits/shards/shard_011/wing/tmp/shapley_island_values_target_5.csv
2026-03-04 18:16:23 | INFO | src.tmc_shapley_islands | Saved summary to outputs/tmc_shapley_sweep_all_traits/shards/shard_011/wing/tmp/tmc_summary_target_5.json
2026-03-04 18:16:23 | INFO | src.tmc_shapley_islands | Saved intermediate ranking trace to outputs/tmc_shapley_sweep_all_traits/shards/shard_011/wing/tmp/tmc_intermediate_rankings_target_5.csv
2026-03-04 18:16:23 | INFO | src.tmc_shapley_islands | Saved add-curve to outputs/tmc_shapley_sweep_all_traits/shards/shard_011/wing/tmp/add_curve_target_5.csv
2026-03-04 18:16:23 | INFO | src.tmc_shapley_islands | Saved remove-curve to outputs/tmc_shapley_sweep_all_traits/shards/shard_011/wing/tmp/remove_curve_target_5.csv
2026-03-04 18:16:23 | INFO | src.tmc_shapley_islands | Saved bar plot to outputs/tmc_shapley_sweep_all_traits/shards/shard_011/wing/tmp/shapley_bar_target_5.png
2026-03-04 18:16:24 | INFO | src.tmc_shapley_islands | Saved add-curve plot to outputs/tmc_shapley_sweep_all_traits/shards/shard_011/wing/tmp/add_curve_target_5.png
2026-03-04 18:16:24 | INFO | src.tmc_shapley_islands | Saved remove-curve plot to outputs/tmc_shapley_sweep_all_traits/shards/shard_011/wing/tmp/remove_curve_target_5.png
2026-03-04 18:16:24 | INFO | __main__ | Shard 11/30 trait=wing progress 27/75 | target=5 n_cal_samples=10 perm=20 repeat=3
2026-03-04 18:16:24 | INFO | src.tmc_shapley_islands | [Shapley] Target island: 5 (Hestmannøy), source islands: 15
2026-03-04 18:16:25 | INFO | src.tmc_shapley_islands | Data: source=4578 (across 15 islands), cal=10, test=905
2026-03-04 18:16:25 | INFO | src.tmc_shapley_islands | SNP selection: using fixed precomputed subset (n=20000)
2026-03-04 18:16:25 | INFO | src.tmc_shapley_islands | Island counts (capped to None in training):
  Nesøy: n=118
  Myken: n=92
  Træna: n=286
  Selvær: n=191
  Gjerøy: n=553
  Indre Kvarøy: n=349
  Onøy og Lurøy: n=256
  Lovund: n=151
  Sleneset: n=160
  Aldra: n=173
  Southern 1: n=581
  Southern 2: n=397
  Southern 3: n=583
  Southern 4: n=486
  Southern 5: n=202
2026-03-04 18:16:25 | INFO | src.tmc_shapley_islands | Loaded 136 cached utilities from outputs/tmc_shapley_sweep_all_traits/cache/wing/utility_cache_target_5_seed_1546640897.json
2026-03-04 18:16:25 | INFO | src.tmc_shapley_islands | Running TMC-Shapley with 20 permutations (utility on cal set)...
2026-03-04 18:16:25 | INFO | src.tmc_shapley_islands | Computing V_full over all 15 source islands...
2026-03-04 18:16:25 | INFO | src.tmc_shapley_islands | V_full = 0.3119
2026-03-04 18:16:25 | INFO | src.tmc_shapley_islands | TMC head-start: loaded 10 completed permutations from state outputs/tmc_shapley_sweep_all_traits/cache/wing/tmc_perm_state_target_5_seed_1546640897.json
2026-03-04 18:16:51 | INFO | src.tmc_shapley_islands | TMC progress: 12/20 permutations done, cache hit rate: 19.4%, n_evals: 25
2026-03-04 18:17:47 | INFO | src.tmc_shapley_islands | TMC progress: 16/20 permutations done, cache hit rate: 19.8%, n_evals: 73
2026-03-04 18:18:48 | INFO | src.tmc_shapley_islands | TMC progress: 20/20 permutations done, cache hit rate: 19.2%, n_evals: 122
2026-03-04 18:18:48 | INFO | src.tmc_shapley_islands | TMC complete: 20 permutations, 0 truncated, 122 utility evals, cache hit rate: 19.2%
2026-03-04 18:18:48 | INFO | src.tmc_shapley_islands | Shapley values (phi, computed on cal set):
2026-03-04 18:18:48 | INFO | src.tmc_shapley_islands |   Nesøy: phi=0.055103, phi/n=0.00046697
2026-03-04 18:18:48 | INFO | src.tmc_shapley_islands |   Myken: phi=-0.010836, phi/n=-0.00011778
2026-03-04 18:18:48 | INFO | src.tmc_shapley_islands |   Træna: phi=0.055112, phi/n=0.00019270
2026-03-04 18:18:48 | INFO | src.tmc_shapley_islands |   Selvær: phi=0.058506, phi/n=0.00030631
2026-03-04 18:18:48 | INFO | src.tmc_shapley_islands |   Gjerøy: phi=0.064379, phi/n=0.00011642
2026-03-04 18:18:48 | INFO | src.tmc_shapley_islands |   Indre Kvarøy: phi=0.036800, phi/n=0.00010544
2026-03-04 18:18:48 | INFO | src.tmc_shapley_islands |   Onøy og Lurøy: phi=0.091509, phi/n=0.00035746
2026-03-04 18:18:48 | INFO | src.tmc_shapley_islands |   Lovund: phi=-0.000245, phi/n=-0.00000162
2026-03-04 18:18:48 | INFO | src.tmc_shapley_islands |   Sleneset: phi=-0.050226, phi/n=-0.00031392
2026-03-04 18:18:48 | INFO | src.tmc_shapley_islands |   Aldra: phi=-0.110851, phi/n=-0.00064076
2026-03-04 18:18:48 | INFO | src.tmc_shapley_islands |   Southern 1: phi=0.197999, phi/n=0.00034079
2026-03-04 18:18:48 | INFO | src.tmc_shapley_islands |   Southern 2: phi=-0.166102, phi/n=-0.00041839
2026-03-04 18:18:48 | INFO | src.tmc_shapley_islands |   Southern 3: phi=-0.026191, phi/n=-0.00004493
2026-03-04 18:18:48 | INFO | src.tmc_shapley_islands |   Southern 4: phi=0.088335, phi/n=0.00018176
2026-03-04 18:18:48 | INFO | src.tmc_shapley_islands |   Southern 5: phi=0.028579, phi/n=0.00014148
2026-03-04 18:18:48 | INFO | src.tmc_shapley_islands | Curve retraining early stopping: enabled=True, patience=20
2026-03-04 18:18:48 | INFO | src.tmc_shapley_islands | Computing add-islands curve (evaluated on test set)...
2026-03-04 18:18:48 | INFO | src.tmc_shapley_islands | Add-curve (mean): 1 islands, n=118 -> corr=0.0540
2026-03-04 18:18:48 | INFO | src.tmc_shapley_islands | Add-curve (mean): 2 islands, n=374 -> corr=0.1145
2026-03-04 18:18:48 | INFO | src.tmc_shapley_islands | Add-curve (mean): 3 islands, n=955 -> corr=0.1058
2026-03-04 18:18:49 | INFO | src.tmc_shapley_islands | Add-curve (mean): 4 islands, n=1146 -> corr=0.1071
2026-03-04 18:18:49 | INFO | src.tmc_shapley_islands | Add-curve (mean): 5 islands, n=1432 -> corr=0.1220
2026-03-04 18:18:50 | INFO | src.tmc_shapley_islands | Add-curve (mean): 6 islands, n=1918 -> corr=0.1317
2026-03-04 18:18:51 | INFO | src.tmc_shapley_islands | Add-curve (mean): 7 islands, n=2120 -> corr=0.1309
2026-03-04 18:18:52 | INFO | src.tmc_shapley_islands | Add-curve (mean): 8 islands, n=2673 -> corr=0.1339
2026-03-04 18:18:53 | INFO | src.tmc_shapley_islands | Add-curve (mean): 9 islands, n=3022 -> corr=0.1496
2026-03-04 18:18:54 | INFO | src.tmc_shapley_islands | Add-curve (mean): 10 islands, n=3173 -> corr=0.1489
2026-03-04 18:18:56 | INFO | src.tmc_shapley_islands | Add-curve (mean): 11 islands, n=3756 -> corr=0.1318
2026-03-04 18:19:01 | INFO | src.tmc_shapley_islands | Add-curve (mean): 12 islands, n=3848 -> corr=0.1312
2026-03-04 18:19:06 | INFO | src.tmc_shapley_islands | Add-curve (mean): 13 islands, n=4008 -> corr=0.1354
2026-03-04 18:19:07 | INFO | src.tmc_shapley_islands | Add-curve (mean): 14 islands, n=4405 -> corr=0.1361
2026-03-04 18:19:10 | INFO | src.tmc_shapley_islands | Add-curve (mean): 15 islands, n=4578 -> corr=0.1372
2026-03-04 18:19:21 | INFO | src.tmc_shapley_islands | Random individual add-curve (seed=0) complete
2026-03-04 18:19:35 | INFO | src.tmc_shapley_islands | Random individual add-curve (seed=1) complete
2026-03-04 18:19:47 | INFO | src.tmc_shapley_islands | Random individual add-curve (seed=2) complete
2026-03-04 18:20:05 | INFO | src.tmc_shapley_islands | Random individual add-curve (seed=3) complete
2026-03-04 18:20:22 | INFO | src.tmc_shapley_islands | Random individual add-curve (seed=4) complete
2026-03-04 18:20:22 | INFO | src.tmc_shapley_islands | Building mirrored remove-islands curve from add-islands curve...
2026-03-04 18:20:22 | INFO | src.tmc_shapley_islands | Saved Shapley values to outputs/tmc_shapley_sweep_all_traits/shards/shard_011/wing/tmp/shapley_island_values_target_5.csv
2026-03-04 18:20:22 | INFO | src.tmc_shapley_islands | Saved summary to outputs/tmc_shapley_sweep_all_traits/shards/shard_011/wing/tmp/tmc_summary_target_5.json
2026-03-04 18:20:22 | INFO | src.tmc_shapley_islands | Saved intermediate ranking trace to outputs/tmc_shapley_sweep_all_traits/shards/shard_011/wing/tmp/tmc_intermediate_rankings_target_5.csv
2026-03-04 18:20:22 | INFO | src.tmc_shapley_islands | Saved add-curve to outputs/tmc_shapley_sweep_all_traits/shards/shard_011/wing/tmp/add_curve_target_5.csv
2026-03-04 18:20:22 | INFO | src.tmc_shapley_islands | Saved remove-curve to outputs/tmc_shapley_sweep_all_traits/shards/shard_011/wing/tmp/remove_curve_target_5.csv
2026-03-04 18:20:22 | INFO | src.tmc_shapley_islands | Saved bar plot to outputs/tmc_shapley_sweep_all_traits/shards/shard_011/wing/tmp/shapley_bar_target_5.png
2026-03-04 18:20:23 | INFO | src.tmc_shapley_islands | Saved add-curve plot to outputs/tmc_shapley_sweep_all_traits/shards/shard_011/wing/tmp/add_curve_target_5.png
2026-03-04 18:20:23 | INFO | src.tmc_shapley_islands | Saved remove-curve plot to outputs/tmc_shapley_sweep_all_traits/shards/shard_011/wing/tmp/remove_curve_target_5.png
2026-03-04 18:20:23 | INFO | __main__ | Shard 11/30 trait=wing progress 28/75 | target=5 n_cal_samples=10 perm=40 repeat=3
2026-03-04 18:20:23 | INFO | src.tmc_shapley_islands | [Shapley] Target island: 5 (Hestmannøy), source islands: 15
2026-03-04 18:20:24 | INFO | src.tmc_shapley_islands | Data: source=4578 (across 15 islands), cal=10, test=905
2026-03-04 18:20:24 | INFO | src.tmc_shapley_islands | SNP selection: using fixed precomputed subset (n=20000)
2026-03-04 18:20:24 | INFO | src.tmc_shapley_islands | Island counts (capped to None in training):
  Nesøy: n=118
  Myken: n=92
  Træna: n=286
  Selvær: n=191
  Gjerøy: n=553
  Indre Kvarøy: n=349
  Onøy og Lurøy: n=256
  Lovund: n=151
  Sleneset: n=160
  Aldra: n=173
  Southern 1: n=581
  Southern 2: n=397
  Southern 3: n=583
  Southern 4: n=486
  Southern 5: n=202
2026-03-04 18:20:24 | INFO | src.tmc_shapley_islands | Loaded 258 cached utilities from outputs/tmc_shapley_sweep_all_traits/cache/wing/utility_cache_target_5_seed_1546640897.json
2026-03-04 18:20:24 | INFO | src.tmc_shapley_islands | Running TMC-Shapley with 40 permutations (utility on cal set)...
2026-03-04 18:20:24 | INFO | src.tmc_shapley_islands | Computing V_full over all 15 source islands...
2026-03-04 18:20:24 | INFO | src.tmc_shapley_islands | V_full = 0.3119
2026-03-04 18:20:24 | INFO | src.tmc_shapley_islands | TMC head-start: loaded 20 completed permutations from state outputs/tmc_shapley_sweep_all_traits/cache/wing/tmc_perm_state_target_5_seed_1546640897.json
2026-03-04 18:21:15 | INFO | src.tmc_shapley_islands | TMC progress: 24/40 permutations done, cache hit rate: 19.7%, n_evals: 49
2026-03-04 18:22:45 | INFO | src.tmc_shapley_islands | TMC progress: 32/40 permutations done, cache hit rate: 20.4%, n_evals: 144
2026-03-04 18:24:39 | INFO | src.tmc_shapley_islands | TMC progress: 40/40 permutations done, cache hit rate: 21.3%, n_evals: 237
2026-03-04 18:24:39 | INFO | src.tmc_shapley_islands | TMC complete: 40 permutations, 0 truncated, 237 utility evals, cache hit rate: 21.3%
2026-03-04 18:24:39 | INFO | src.tmc_shapley_islands | Shapley values (phi, computed on cal set):
2026-03-04 18:24:39 | INFO | src.tmc_shapley_islands |   Nesøy: phi=0.050406, phi/n=0.00042717
2026-03-04 18:24:39 | INFO | src.tmc_shapley_islands |   Myken: phi=-0.014129, phi/n=-0.00015357
2026-03-04 18:24:39 | INFO | src.tmc_shapley_islands |   Træna: phi=0.054574, phi/n=0.00019082
2026-03-04 18:24:39 | INFO | src.tmc_shapley_islands |   Selvær: phi=0.051821, phi/n=0.00027131
2026-03-04 18:24:39 | INFO | src.tmc_shapley_islands |   Gjerøy: phi=0.066212, phi/n=0.00011973
2026-03-04 18:24:39 | INFO | src.tmc_shapley_islands |   Indre Kvarøy: phi=0.048651, phi/n=0.00013940
2026-03-04 18:24:39 | INFO | src.tmc_shapley_islands |   Onøy og Lurøy: phi=0.073253, phi/n=0.00028615
2026-03-04 18:24:39 | INFO | src.tmc_shapley_islands |   Lovund: phi=-0.003266, phi/n=-0.00002163
2026-03-04 18:24:39 | INFO | src.tmc_shapley_islands |   Sleneset: phi=-0.051321, phi/n=-0.00032075
2026-03-04 18:24:39 | INFO | src.tmc_shapley_islands |   Aldra: phi=-0.109104, phi/n=-0.00063066
2026-03-04 18:24:39 | INFO | src.tmc_shapley_islands |   Southern 1: phi=0.186472, phi/n=0.00032095
2026-03-04 18:24:39 | INFO | src.tmc_shapley_islands |   Southern 2: phi=-0.139517, phi/n=-0.00035143
2026-03-04 18:24:39 | INFO | src.tmc_shapley_islands |   Southern 3: phi=-0.022718, phi/n=-0.00003897
2026-03-04 18:24:39 | INFO | src.tmc_shapley_islands |   Southern 4: phi=0.087075, phi/n=0.00017917
2026-03-04 18:24:39 | INFO | src.tmc_shapley_islands |   Southern 5: phi=0.033460, phi/n=0.00016564
2026-03-04 18:24:39 | INFO | src.tmc_shapley_islands | Curve retraining early stopping: enabled=True, patience=20
2026-03-04 18:24:39 | INFO | src.tmc_shapley_islands | Computing add-islands curve (evaluated on test set)...
2026-03-04 18:24:39 | INFO | src.tmc_shapley_islands | Add-curve (mean): 1 islands, n=118 -> corr=0.0540
2026-03-04 18:24:39 | INFO | src.tmc_shapley_islands | Add-curve (mean): 2 islands, n=699 -> corr=0.0383
2026-03-04 18:24:40 | INFO | src.tmc_shapley_islands | Add-curve (mean): 3 islands, n=955 -> corr=0.1058
2026-03-04 18:24:40 | INFO | src.tmc_shapley_islands | Add-curve (mean): 4 islands, n=1146 -> corr=0.1071
2026-03-04 18:24:41 | INFO | src.tmc_shapley_islands | Add-curve (mean): 5 islands, n=1432 -> corr=0.1220
2026-03-04 18:24:42 | INFO | src.tmc_shapley_islands | Add-curve (mean): 6 islands, n=1918 -> corr=0.1317
2026-03-04 18:24:42 | INFO | src.tmc_shapley_islands | Add-curve (mean): 7 islands, n=2120 -> corr=0.1309
2026-03-04 18:24:43 | INFO | src.tmc_shapley_islands | Add-curve (mean): 8 islands, n=2469 -> corr=0.1507
2026-03-04 18:24:45 | INFO | src.tmc_shapley_islands | Add-curve (mean): 9 islands, n=3022 -> corr=0.1496
2026-03-04 18:24:47 | INFO | src.tmc_shapley_islands | Add-curve (mean): 10 islands, n=3173 -> corr=0.1489
2026-03-04 18:24:49 | INFO | src.tmc_shapley_islands | Add-curve (mean): 11 islands, n=3756 -> corr=0.1318
2026-03-04 18:24:50 | INFO | src.tmc_shapley_islands | Add-curve (mean): 12 islands, n=3848 -> corr=0.1312
2026-03-04 18:24:52 | INFO | src.tmc_shapley_islands | Add-curve (mean): 13 islands, n=4008 -> corr=0.1354
2026-03-04 18:24:54 | INFO | src.tmc_shapley_islands | Add-curve (mean): 14 islands, n=4405 -> corr=0.1361
2026-03-04 18:24:56 | INFO | src.tmc_shapley_islands | Add-curve (mean): 15 islands, n=4578 -> corr=0.1372
2026-03-04 18:25:11 | INFO | src.tmc_shapley_islands | Random individual add-curve (seed=0) complete
2026-03-04 18:25:23 | INFO | src.tmc_shapley_islands | Random individual add-curve (seed=1) complete
2026-03-04 18:25:34 | INFO | src.tmc_shapley_islands | Random individual add-curve (seed=2) complete
2026-03-04 18:25:46 | INFO | src.tmc_shapley_islands | Random individual add-curve (seed=3) complete
2026-03-04 18:25:58 | INFO | src.tmc_shapley_islands | Random individual add-curve (seed=4) complete
2026-03-04 18:25:58 | INFO | src.tmc_shapley_islands | Building mirrored remove-islands curve from add-islands curve...
2026-03-04 18:25:58 | INFO | src.tmc_shapley_islands | Saved Shapley values to outputs/tmc_shapley_sweep_all_traits/shards/shard_011/wing/tmp/shapley_island_values_target_5.csv
2026-03-04 18:25:58 | INFO | src.tmc_shapley_islands | Saved summary to outputs/tmc_shapley_sweep_all_traits/shards/shard_011/wing/tmp/tmc_summary_target_5.json
2026-03-04 18:25:58 | INFO | src.tmc_shapley_islands | Saved intermediate ranking trace to outputs/tmc_shapley_sweep_all_traits/shards/shard_011/wing/tmp/tmc_intermediate_rankings_target_5.csv
2026-03-04 18:25:58 | INFO | src.tmc_shapley_islands | Saved add-curve to outputs/tmc_shapley_sweep_all_traits/shards/shard_011/wing/tmp/add_curve_target_5.csv
2026-03-04 18:25:58 | INFO | src.tmc_shapley_islands | Saved remove-curve to outputs/tmc_shapley_sweep_all_traits/shards/shard_011/wing/tmp/remove_curve_target_5.csv
2026-03-04 18:25:59 | INFO | src.tmc_shapley_islands | Saved bar plot to outputs/tmc_shapley_sweep_all_traits/shards/shard_011/wing/tmp/shapley_bar_target_5.png
2026-03-04 18:25:59 | INFO | src.tmc_shapley_islands | Saved add-curve plot to outputs/tmc_shapley_sweep_all_traits/shards/shard_011/wing/tmp/add_curve_target_5.png
2026-03-04 18:26:00 | INFO | src.tmc_shapley_islands | Saved remove-curve plot to outputs/tmc_shapley_sweep_all_traits/shards/shard_011/wing/tmp/remove_curve_target_5.png
2026-03-04 18:26:00 | INFO | __main__ | Shard 11/30 trait=wing progress 29/75 | target=5 n_cal_samples=10 perm=80 repeat=3
2026-03-04 18:26:00 | INFO | src.tmc_shapley_islands | [Shapley] Target island: 5 (Hestmannøy), source islands: 15
2026-03-04 18:26:00 | INFO | src.tmc_shapley_islands | Data: source=4578 (across 15 islands), cal=10, test=905
2026-03-04 18:26:00 | INFO | src.tmc_shapley_islands | SNP selection: using fixed precomputed subset (n=20000)
2026-03-04 18:26:00 | INFO | src.tmc_shapley_islands | Island counts (capped to None in training):
  Nesøy: n=118
  Myken: n=92
  Træna: n=286
  Selvær: n=191
  Gjerøy: n=553
  Indre Kvarøy: n=349
  Onøy og Lurøy: n=256
  Lovund: n=151
  Sleneset: n=160
  Aldra: n=173
  Southern 1: n=581
  Southern 2: n=397
  Southern 3: n=583
  Southern 4: n=486
  Southern 5: n=202
2026-03-04 18:26:00 | INFO | src.tmc_shapley_islands | Loaded 495 cached utilities from outputs/tmc_shapley_sweep_all_traits/cache/wing/utility_cache_target_5_seed_1546640897.json
2026-03-04 18:26:00 | INFO | src.tmc_shapley_islands | Running TMC-Shapley with 80 permutations (utility on cal set)...
2026-03-04 18:26:00 | INFO | src.tmc_shapley_islands | Computing V_full over all 15 source islands...
2026-03-04 18:26:00 | INFO | src.tmc_shapley_islands | V_full = 0.3119
2026-03-04 18:26:00 | INFO | src.tmc_shapley_islands | TMC head-start: loaded 40 completed permutations from state outputs/tmc_shapley_sweep_all_traits/cache/wing/tmc_perm_state_target_5_seed_1546640897.json
2026-03-04 18:27:36 | INFO | src.tmc_shapley_islands | TMC progress: 48/80 permutations done, cache hit rate: 24.0%, n_evals: 92
2026-03-04 18:30:21 | INFO | src.tmc_shapley_islands | TMC progress: 64/80 permutations done, cache hit rate: 26.3%, n_evals: 266
2026-03-04 18:33:04 | INFO | src.tmc_shapley_islands | TMC progress: 80/80 permutations done, cache hit rate: 27.6%, n_evals: 435
2026-03-04 18:33:04 | INFO | src.tmc_shapley_islands | TMC complete: 80 permutations, 0 truncated, 435 utility evals, cache hit rate: 27.6%
2026-03-04 18:33:04 | INFO | src.tmc_shapley_islands | Shapley values (phi, computed on cal set):
2026-03-04 18:33:04 | INFO | src.tmc_shapley_islands |   Nesøy: phi=0.042202, phi/n=0.00035764
2026-03-04 18:33:04 | INFO | src.tmc_shapley_islands |   Myken: phi=-0.014981, phi/n=-0.00016283
2026-03-04 18:33:04 | INFO | src.tmc_shapley_islands |   Træna: phi=0.035115, phi/n=0.00012278
2026-03-04 18:33:04 | INFO | src.tmc_shapley_islands |   Selvær: phi=0.060464, phi/n=0.00031657
2026-03-04 18:33:04 | INFO | src.tmc_shapley_islands |   Gjerøy: phi=0.069249, phi/n=0.00012522
2026-03-04 18:33:04 | INFO | src.tmc_shapley_islands |   Indre Kvarøy: phi=0.040763, phi/n=0.00011680
2026-03-04 18:33:04 | INFO | src.tmc_shapley_islands |   Onøy og Lurøy: phi=0.060519, phi/n=0.00023640
2026-03-04 18:33:04 | INFO | src.tmc_shapley_islands |   Lovund: phi=-0.006855, phi/n=-0.00004540
2026-03-04 18:33:04 | INFO | src.tmc_shapley_islands |   Sleneset: phi=-0.054929, phi/n=-0.00034331
2026-03-04 18:33:04 | INFO | src.tmc_shapley_islands |   Aldra: phi=-0.109130, phi/n=-0.00063081
2026-03-04 18:33:04 | INFO | src.tmc_shapley_islands |   Southern 1: phi=0.192581, phi/n=0.00033146
2026-03-04 18:33:04 | INFO | src.tmc_shapley_islands |   Southern 2: phi=-0.132388, phi/n=-0.00033347
2026-03-04 18:33:04 | INFO | src.tmc_shapley_islands |   Southern 3: phi=-0.020510, phi/n=-0.00003518
2026-03-04 18:33:04 | INFO | src.tmc_shapley_islands |   Southern 4: phi=0.118093, phi/n=0.00024299
2026-03-04 18:33:04 | INFO | src.tmc_shapley_islands |   Southern 5: phi=0.031677, phi/n=0.00015682
2026-03-04 18:33:04 | INFO | src.tmc_shapley_islands | Curve retraining early stopping: enabled=True, patience=20
2026-03-04 18:33:04 | INFO | src.tmc_shapley_islands | Computing add-islands curve (evaluated on test set)...
2026-03-04 18:33:04 | INFO | src.tmc_shapley_islands | Add-curve (mean): 1 islands, n=118 -> corr=0.0540
2026-03-04 18:33:05 | INFO | src.tmc_shapley_islands | Add-curve (mean): 2 islands, n=699 -> corr=0.0383
2026-03-04 18:33:05 | INFO | src.tmc_shapley_islands | Add-curve (mean): 3 islands, n=890 -> corr=0.0557
2026-03-04 18:33:05 | INFO | src.tmc_shapley_islands | Add-curve (mean): 4 islands, n=1376 -> corr=0.0743
2026-03-04 18:33:06 | INFO | src.tmc_shapley_islands | Add-curve (mean): 5 islands, n=1632 -> corr=0.1184
2026-03-04 18:33:07 | INFO | src.tmc_shapley_islands | Add-curve (mean): 6 islands, n=1834 -> corr=0.1171
2026-03-04 18:33:08 | INFO | src.tmc_shapley_islands | Add-curve (mean): 7 islands, n=2387 -> corr=0.1236
2026-03-04 18:33:09 | INFO | src.tmc_shapley_islands | Add-curve (mean): 8 islands, n=2673 -> corr=0.1339
2026-03-04 18:33:10 | INFO | src.tmc_shapley_islands | Add-curve (mean): 9 islands, n=3022 -> corr=0.1496
2026-03-04 18:33:12 | INFO | src.tmc_shapley_islands | Add-curve (mean): 10 islands, n=3605 -> corr=0.1322
2026-03-04 18:33:13 | INFO | src.tmc_shapley_islands | Add-curve (mean): 11 islands, n=3756 -> corr=0.1318
2026-03-04 18:33:15 | INFO | src.tmc_shapley_islands | Add-curve (mean): 12 islands, n=3848 -> corr=0.1312
2026-03-04 18:33:16 | INFO | src.tmc_shapley_islands | Add-curve (mean): 13 islands, n=4245 -> corr=0.1317
2026-03-04 18:33:18 | INFO | src.tmc_shapley_islands | Add-curve (mean): 14 islands, n=4405 -> corr=0.1361
2026-03-04 18:33:21 | INFO | src.tmc_shapley_islands | Add-curve (mean): 15 islands, n=4578 -> corr=0.1372
2026-03-04 18:33:32 | INFO | src.tmc_shapley_islands | Random individual add-curve (seed=0) complete
2026-03-04 18:33:47 | INFO | src.tmc_shapley_islands | Random individual add-curve (seed=1) complete
2026-03-04 18:34:02 | INFO | src.tmc_shapley_islands | Random individual add-curve (seed=2) complete
2026-03-04 18:34:14 | INFO | src.tmc_shapley_islands | Random individual add-curve (seed=3) complete
2026-03-04 18:34:37 | INFO | src.tmc_shapley_islands | Random individual add-curve (seed=4) complete
2026-03-04 18:34:37 | INFO | src.tmc_shapley_islands | Building mirrored remove-islands curve from add-islands curve...
2026-03-04 18:34:37 | INFO | src.tmc_shapley_islands | Saved Shapley values to outputs/tmc_shapley_sweep_all_traits/shards/shard_011/wing/tmp/shapley_island_values_target_5.csv
2026-03-04 18:34:37 | INFO | src.tmc_shapley_islands | Saved summary to outputs/tmc_shapley_sweep_all_traits/shards/shard_011/wing/tmp/tmc_summary_target_5.json
2026-03-04 18:34:37 | INFO | src.tmc_shapley_islands | Saved intermediate ranking trace to outputs/tmc_shapley_sweep_all_traits/shards/shard_011/wing/tmp/tmc_intermediate_rankings_target_5.csv
2026-03-04 18:34:37 | INFO | src.tmc_shapley_islands | Saved add-curve to outputs/tmc_shapley_sweep_all_traits/shards/shard_011/wing/tmp/add_curve_target_5.csv
2026-03-04 18:34:37 | INFO | src.tmc_shapley_islands | Saved remove-curve to outputs/tmc_shapley_sweep_all_traits/shards/shard_011/wing/tmp/remove_curve_target_5.csv
2026-03-04 18:34:37 | INFO | src.tmc_shapley_islands | Saved bar plot to outputs/tmc_shapley_sweep_all_traits/shards/shard_011/wing/tmp/shapley_bar_target_5.png
2026-03-04 18:34:38 | INFO | src.tmc_shapley_islands | Saved add-curve plot to outputs/tmc_shapley_sweep_all_traits/shards/shard_011/wing/tmp/add_curve_target_5.png
2026-03-04 18:34:38 | INFO | src.tmc_shapley_islands | Saved remove-curve plot to outputs/tmc_shapley_sweep_all_traits/shards/shard_011/wing/tmp/remove_curve_target_5.png
2026-03-04 18:34:38 | INFO | __main__ | Shard 11/30 trait=wing progress 30/75 | target=5 n_cal_samples=10 perm=150 repeat=3
2026-03-04 18:34:38 | INFO | src.tmc_shapley_islands | [Shapley] Target island: 5 (Hestmannøy), source islands: 15
2026-03-04 18:34:39 | INFO | src.tmc_shapley_islands | Data: source=4578 (across 15 islands), cal=10, test=905
2026-03-04 18:34:39 | INFO | src.tmc_shapley_islands | SNP selection: using fixed precomputed subset (n=20000)
2026-03-04 18:34:39 | INFO | src.tmc_shapley_islands | Island counts (capped to None in training):
  Nesøy: n=118
  Myken: n=92
  Træna: n=286
  Selvær: n=191
  Gjerøy: n=553
  Indre Kvarøy: n=349
  Onøy og Lurøy: n=256
  Lovund: n=151
  Sleneset: n=160
  Aldra: n=173
  Southern 1: n=581
  Southern 2: n=397
  Southern 3: n=583
  Southern 4: n=486
  Southern 5: n=202
2026-03-04 18:34:39 | INFO | src.tmc_shapley_islands | Loaded 930 cached utilities from outputs/tmc_shapley_sweep_all_traits/cache/wing/utility_cache_target_5_seed_1546640897.json
2026-03-04 18:34:39 | INFO | src.tmc_shapley_islands | Running TMC-Shapley with 150 permutations (utility on cal set)...
2026-03-04 18:34:39 | INFO | src.tmc_shapley_islands | Computing V_full over all 15 source islands...
2026-03-04 18:34:39 | INFO | src.tmc_shapley_islands | V_full = 0.3119
2026-03-04 18:34:39 | INFO | src.tmc_shapley_islands | TMC head-start: loaded 80 completed permutations from state outputs/tmc_shapley_sweep_all_traits/cache/wing/tmc_perm_state_target_5_seed_1546640897.json
2026-03-04 18:36:31 | INFO | src.tmc_shapley_islands | TMC progress: 90/150 permutations done, cache hit rate: 33.1%, n_evals: 101
2026-03-04 18:42:18 | INFO | src.tmc_shapley_islands | TMC progress: 120/150 permutations done, cache hit rate: 33.3%, n_evals: 401
2026-03-04 18:47:16 | INFO | src.tmc_shapley_islands | TMC progress: 150/150 permutations done, cache hit rate: 35.2%, n_evals: 681
2026-03-04 18:47:16 | INFO | src.tmc_shapley_islands | TMC complete: 150 permutations, 0 truncated, 681 utility evals, cache hit rate: 35.2%
2026-03-04 18:47:16 | INFO | src.tmc_shapley_islands | Shapley values (phi, computed on cal set):
2026-03-04 18:47:16 | INFO | src.tmc_shapley_islands |   Nesøy: phi=0.039630, phi/n=0.00033584
2026-03-04 18:47:16 | INFO | src.tmc_shapley_islands |   Myken: phi=-0.015074, phi/n=-0.00016385
2026-03-04 18:47:16 | INFO | src.tmc_shapley_islands |   Træna: phi=0.029405, phi/n=0.00010281
2026-03-04 18:47:16 | INFO | src.tmc_shapley_islands |   Selvær: phi=0.062919, phi/n=0.00032942
2026-03-04 18:47:16 | INFO | src.tmc_shapley_islands |   Gjerøy: phi=0.075947, phi/n=0.00013734
2026-03-04 18:47:16 | INFO | src.tmc_shapley_islands |   Indre Kvarøy: phi=0.042136, phi/n=0.00012073
2026-03-04 18:47:16 | INFO | src.tmc_shapley_islands |   Onøy og Lurøy: phi=0.053550, phi/n=0.00020918
2026-03-04 18:47:16 | INFO | src.tmc_shapley_islands |   Lovund: phi=-0.009569, phi/n=-0.00006337
2026-03-04 18:47:16 | INFO | src.tmc_shapley_islands |   Sleneset: phi=-0.059167, phi/n=-0.00036979
2026-03-04 18:47:16 | INFO | src.tmc_shapley_islands |   Aldra: phi=-0.099712, phi/n=-0.00057637
2026-03-04 18:47:16 | INFO | src.tmc_shapley_islands |   Southern 1: phi=0.188817, phi/n=0.00032499
2026-03-04 18:47:16 | INFO | src.tmc_shapley_islands |   Southern 2: phi=-0.125205, phi/n=-0.00031538
2026-03-04 18:47:16 | INFO | src.tmc_shapley_islands |   Southern 3: phi=-0.021871, phi/n=-0.00003751
2026-03-04 18:47:16 | INFO | src.tmc_shapley_islands |   Southern 4: phi=0.120067, phi/n=0.00024705
2026-03-04 18:47:16 | INFO | src.tmc_shapley_islands |   Southern 5: phi=0.029998, phi/n=0.00014850
2026-03-04 18:47:16 | INFO | src.tmc_shapley_islands | Curve retraining early stopping: enabled=True, patience=20
2026-03-04 18:47:16 | INFO | src.tmc_shapley_islands | Computing add-islands curve (evaluated on test set)...
2026-03-04 18:47:16 | INFO | src.tmc_shapley_islands | Add-curve (mean): 1 islands, n=118 -> corr=0.0540
2026-03-04 18:47:16 | INFO | src.tmc_shapley_islands | Add-curve (mean): 2 islands, n=309 -> corr=0.0667
2026-03-04 18:47:16 | INFO | src.tmc_shapley_islands | Add-curve (mean): 3 islands, n=890 -> corr=0.0557
2026-03-04 18:47:17 | INFO | src.tmc_shapley_islands | Add-curve (mean): 4 islands, n=1376 -> corr=0.0743
2026-03-04 18:47:18 | INFO | src.tmc_shapley_islands | Add-curve (mean): 5 islands, n=1632 -> corr=0.1184
2026-03-04 18:47:18 | INFO | src.tmc_shapley_islands | Add-curve (mean): 6 islands, n=1834 -> corr=0.1171
2026-03-04 18:47:19 | INFO | src.tmc_shapley_islands | Add-curve (mean): 7 islands, n=2387 -> corr=0.1236
2026-03-04 18:47:20 | INFO | src.tmc_shapley_islands | Add-curve (mean): 8 islands, n=2736 -> corr=0.1399
2026-03-04 18:47:22 | INFO | src.tmc_shapley_islands | Add-curve (mean): 9 islands, n=3022 -> corr=0.1496
2026-03-04 18:47:23 | INFO | src.tmc_shapley_islands | Add-curve (mean): 10 islands, n=3605 -> corr=0.1322
2026-03-04 18:47:27 | INFO | src.tmc_shapley_islands | Add-curve (mean): 11 islands, n=3756 -> corr=0.1318
2026-03-04 18:47:29 | INFO | src.tmc_shapley_islands | Add-curve (mean): 12 islands, n=3848 -> corr=0.1312
2026-03-04 18:47:31 | INFO | src.tmc_shapley_islands | Add-curve (mean): 13 islands, n=4245 -> corr=0.1317
2026-03-04 18:47:33 | INFO | src.tmc_shapley_islands | Add-curve (mean): 14 islands, n=4405 -> corr=0.1361
2026-03-04 18:47:35 | INFO | src.tmc_shapley_islands | Add-curve (mean): 15 islands, n=4578 -> corr=0.1372
2026-03-04 18:47:49 | INFO | src.tmc_shapley_islands | Random individual add-curve (seed=0) complete
2026-03-04 18:48:09 | INFO | src.tmc_shapley_islands | Random individual add-curve (seed=1) complete
2026-03-04 18:48:22 | INFO | src.tmc_shapley_islands | Random individual add-curve (seed=2) complete
2026-03-04 18:48:43 | INFO | src.tmc_shapley_islands | Random individual add-curve (seed=3) complete
2026-03-04 18:49:10 | INFO | src.tmc_shapley_islands | Random individual add-curve (seed=4) complete
2026-03-04 18:49:10 | INFO | src.tmc_shapley_islands | Building mirrored remove-islands curve from add-islands curve...
2026-03-04 18:49:10 | INFO | src.tmc_shapley_islands | Saved Shapley values to outputs/tmc_shapley_sweep_all_traits/shards/shard_011/wing/tmp/shapley_island_values_target_5.csv
2026-03-04 18:49:10 | INFO | src.tmc_shapley_islands | Saved summary to outputs/tmc_shapley_sweep_all_traits/shards/shard_011/wing/tmp/tmc_summary_target_5.json
2026-03-04 18:49:10 | INFO | src.tmc_shapley_islands | Saved intermediate ranking trace to outputs/tmc_shapley_sweep_all_traits/shards/shard_011/wing/tmp/tmc_intermediate_rankings_target_5.csv
2026-03-04 18:49:10 | INFO | src.tmc_shapley_islands | Saved add-curve to outputs/tmc_shapley_sweep_all_traits/shards/shard_011/wing/tmp/add_curve_target_5.csv
2026-03-04 18:49:10 | INFO | src.tmc_shapley_islands | Saved remove-curve to outputs/tmc_shapley_sweep_all_traits/shards/shard_011/wing/tmp/remove_curve_target_5.csv
2026-03-04 18:49:11 | INFO | src.tmc_shapley_islands | Saved bar plot to outputs/tmc_shapley_sweep_all_traits/shards/shard_011/wing/tmp/shapley_bar_target_5.png
2026-03-04 18:49:11 | INFO | src.tmc_shapley_islands | Saved add-curve plot to outputs/tmc_shapley_sweep_all_traits/shards/shard_011/wing/tmp/add_curve_target_5.png
2026-03-04 18:49:12 | INFO | src.tmc_shapley_islands | Saved remove-curve plot to outputs/tmc_shapley_sweep_all_traits/shards/shard_011/wing/tmp/remove_curve_target_5.png
2026-03-04 18:49:12 | INFO | __main__ | Shard 11/30 trait=wing progress 31/75 | target=5 n_cal_samples=20 perm=10 repeat=3
2026-03-04 18:49:12 | INFO | src.tmc_shapley_islands | [Shapley] Target island: 5 (Hestmannøy), source islands: 15
2026-03-04 18:49:12 | INFO | src.tmc_shapley_islands | Data: source=4578 (across 15 islands), cal=20, test=905
2026-03-04 18:49:12 | INFO | src.tmc_shapley_islands | SNP selection: using fixed precomputed subset (n=20000)
2026-03-04 18:49:12 | INFO | src.tmc_shapley_islands | Island counts (capped to None in training):
  Nesøy: n=118
  Myken: n=92
  Træna: n=286
  Selvær: n=191
  Gjerøy: n=553
  Indre Kvarøy: n=349
  Onøy og Lurøy: n=256
  Lovund: n=151
  Sleneset: n=160
  Aldra: n=173
  Southern 1: n=581
  Southern 2: n=397
  Southern 3: n=583
  Southern 4: n=486
  Southern 5: n=202
2026-03-04 18:49:12 | INFO | src.tmc_shapley_islands | Running TMC-Shapley with 10 permutations (utility on cal set)...
2026-03-04 18:49:12 | INFO | src.tmc_shapley_islands | Computing V_full over all 15 source islands...
2026-03-04 18:49:16 | INFO | src.tmc_shapley_islands | V_full = 0.0368
2026-03-04 18:49:57 | INFO | src.tmc_shapley_islands | TMC progress: 2/10 permutations done, cache hit rate: 6.5%, n_evals: 29
2026-03-04 18:50:17 | INFO | src.tmc_shapley_islands | TMC progress: 4/10 permutations done, cache hit rate: 6.6%, n_evals: 57
2026-03-04 18:50:44 | INFO | src.tmc_shapley_islands | TMC progress: 6/10 permutations done, cache hit rate: 8.8%, n_evals: 83
2026-03-04 18:51:13 | INFO | src.tmc_shapley_islands | TMC progress: 8/10 permutations done, cache hit rate: 9.1%, n_evals: 110
2026-03-04 18:51:38 | INFO | src.tmc_shapley_islands | TMC progress: 10/10 permutations done, cache hit rate: 10.6%, n_evals: 135
2026-03-04 18:51:38 | INFO | src.tmc_shapley_islands | TMC complete: 10 permutations, 0 truncated, 135 utility evals, cache hit rate: 10.6%
2026-03-04 18:51:38 | INFO | src.tmc_shapley_islands | Shapley values (phi, computed on cal set):
2026-03-04 18:51:38 | INFO | src.tmc_shapley_islands |   Nesøy: phi=-0.031827, phi/n=-0.00026972
2026-03-04 18:51:38 | INFO | src.tmc_shapley_islands |   Myken: phi=-0.034672, phi/n=-0.00037687
2026-03-04 18:51:38 | INFO | src.tmc_shapley_islands |   Træna: phi=0.020162, phi/n=0.00007050
2026-03-04 18:51:38 | INFO | src.tmc_shapley_islands |   Selvær: phi=-0.085810, phi/n=-0.00044927
2026-03-04 18:51:38 | INFO | src.tmc_shapley_islands |   Gjerøy: phi=0.165911, phi/n=0.00030002
2026-03-04 18:51:38 | INFO | src.tmc_shapley_islands |   Indre Kvarøy: phi=0.107231, phi/n=0.00030725
2026-03-04 18:51:38 | INFO | src.tmc_shapley_islands |   Onøy og Lurøy: phi=0.178892, phi/n=0.00069880
2026-03-04 18:51:38 | INFO | src.tmc_shapley_islands |   Lovund: phi=-0.052255, phi/n=-0.00034606
2026-03-04 18:51:38 | INFO | src.tmc_shapley_islands |   Sleneset: phi=0.047638, phi/n=0.00029774
2026-03-04 18:51:38 | INFO | src.tmc_shapley_islands |   Aldra: phi=-0.073122, phi/n=-0.00042267
2026-03-04 18:51:38 | INFO | src.tmc_shapley_islands |   Southern 1: phi=-0.062613, phi/n=-0.00010777
2026-03-04 18:51:38 | INFO | src.tmc_shapley_islands |   Southern 2: phi=-0.031449, phi/n=-0.00007922
2026-03-04 18:51:38 | INFO | src.tmc_shapley_islands |   Southern 3: phi=-0.125884, phi/n=-0.00021592
2026-03-04 18:51:38 | INFO | src.tmc_shapley_islands |   Southern 4: phi=0.009562, phi/n=0.00001967
2026-03-04 18:51:38 | INFO | src.tmc_shapley_islands |   Southern 5: phi=0.005058, phi/n=0.00002504
2026-03-04 18:51:38 | INFO | src.tmc_shapley_islands | Curve retraining early stopping: enabled=True, patience=20
2026-03-04 18:51:38 | INFO | src.tmc_shapley_islands | Computing add-islands curve (evaluated on test set)...
2026-03-04 18:51:38 | INFO | src.tmc_shapley_islands | Add-curve (mean): 1 islands, n=256 -> corr=0.1322
2026-03-04 18:51:39 | INFO | src.tmc_shapley_islands | Add-curve (mean): 2 islands, n=605 -> corr=0.1533
2026-03-04 18:51:39 | INFO | src.tmc_shapley_islands | Add-curve (mean): 3 islands, n=1158 -> corr=0.1411
2026-03-04 18:51:39 | INFO | src.tmc_shapley_islands | Add-curve (mean): 4 islands, n=1318 -> corr=0.1401
2026-03-04 18:51:40 | INFO | src.tmc_shapley_islands | Add-curve (mean): 5 islands, n=1604 -> corr=0.1513
2026-03-04 18:51:41 | INFO | src.tmc_shapley_islands | Add-curve (mean): 6 islands, n=1806 -> corr=0.1493
2026-03-04 18:51:41 | INFO | src.tmc_shapley_islands | Add-curve (mean): 7 islands, n=2292 -> corr=0.1594
2026-03-04 18:51:43 | INFO | src.tmc_shapley_islands | Add-curve (mean): 8 islands, n=2689 -> corr=0.1566
2026-03-04 18:51:44 | INFO | src.tmc_shapley_islands | Add-curve (mean): 9 islands, n=3270 -> corr=0.1593
2026-03-04 18:51:50 | INFO | src.tmc_shapley_islands | Add-curve (mean): 10 islands, n=3853 -> corr=0.1421
2026-03-04 18:51:51 | INFO | src.tmc_shapley_islands | Add-curve (mean): 11 islands, n=3971 -> corr=0.1481
2026-03-04 18:51:53 | INFO | src.tmc_shapley_islands | Add-curve (mean): 12 islands, n=4122 -> corr=0.1479
2026-03-04 18:51:54 | INFO | src.tmc_shapley_islands | Add-curve (mean): 13 islands, n=4214 -> corr=0.1456
2026-03-04 18:51:56 | INFO | src.tmc_shapley_islands | Add-curve (mean): 14 islands, n=4387 -> corr=0.1508
2026-03-04 18:51:58 | INFO | src.tmc_shapley_islands | Add-curve (mean): 15 islands, n=4578 -> corr=0.1531
2026-03-04 18:52:14 | INFO | src.tmc_shapley_islands | Random individual add-curve (seed=0) complete
2026-03-04 18:52:26 | INFO | src.tmc_shapley_islands | Random individual add-curve (seed=1) complete
2026-03-04 18:52:39 | INFO | src.tmc_shapley_islands | Random individual add-curve (seed=2) complete
2026-03-04 18:52:52 | INFO | src.tmc_shapley_islands | Random individual add-curve (seed=3) complete
2026-03-04 18:53:09 | INFO | src.tmc_shapley_islands | Random individual add-curve (seed=4) complete
2026-03-04 18:53:09 | INFO | src.tmc_shapley_islands | Building mirrored remove-islands curve from add-islands curve...
2026-03-04 18:53:09 | INFO | src.tmc_shapley_islands | Saved Shapley values to outputs/tmc_shapley_sweep_all_traits/shards/shard_011/wing/tmp/shapley_island_values_target_5.csv
2026-03-04 18:53:09 | INFO | src.tmc_shapley_islands | Saved summary to outputs/tmc_shapley_sweep_all_traits/shards/shard_011/wing/tmp/tmc_summary_target_5.json
2026-03-04 18:53:09 | INFO | src.tmc_shapley_islands | Saved intermediate ranking trace to outputs/tmc_shapley_sweep_all_traits/shards/shard_011/wing/tmp/tmc_intermediate_rankings_target_5.csv
2026-03-04 18:53:09 | INFO | src.tmc_shapley_islands | Saved add-curve to outputs/tmc_shapley_sweep_all_traits/shards/shard_011/wing/tmp/add_curve_target_5.csv
2026-03-04 18:53:09 | INFO | src.tmc_shapley_islands | Saved remove-curve to outputs/tmc_shapley_sweep_all_traits/shards/shard_011/wing/tmp/remove_curve_target_5.csv
2026-03-04 18:53:09 | INFO | src.tmc_shapley_islands | Saved bar plot to outputs/tmc_shapley_sweep_all_traits/shards/shard_011/wing/tmp/shapley_bar_target_5.png
2026-03-04 18:53:10 | INFO | src.tmc_shapley_islands | Saved add-curve plot to outputs/tmc_shapley_sweep_all_traits/shards/shard_011/wing/tmp/add_curve_target_5.png
2026-03-04 18:53:10 | INFO | src.tmc_shapley_islands | Saved remove-curve plot to outputs/tmc_shapley_sweep_all_traits/shards/shard_011/wing/tmp/remove_curve_target_5.png
2026-03-04 18:53:10 | INFO | __main__ | Shard 11/30 trait=wing progress 32/75 | target=5 n_cal_samples=20 perm=20 repeat=3
2026-03-04 18:53:10 | INFO | src.tmc_shapley_islands | [Shapley] Target island: 5 (Hestmannøy), source islands: 15
2026-03-04 18:53:11 | INFO | src.tmc_shapley_islands | Data: source=4578 (across 15 islands), cal=20, test=905
2026-03-04 18:53:11 | INFO | src.tmc_shapley_islands | SNP selection: using fixed precomputed subset (n=20000)
2026-03-04 18:53:11 | INFO | src.tmc_shapley_islands | Island counts (capped to None in training):
  Nesøy: n=118
  Myken: n=92
  Træna: n=286
  Selvær: n=191
  Gjerøy: n=553
  Indre Kvarøy: n=349
  Onøy og Lurøy: n=256
  Lovund: n=151
  Sleneset: n=160
  Aldra: n=173
  Southern 1: n=581
  Southern 2: n=397
  Southern 3: n=583
  Southern 4: n=486
  Southern 5: n=202
2026-03-04 18:53:11 | INFO | src.tmc_shapley_islands | Loaded 135 cached utilities from outputs/tmc_shapley_sweep_all_traits/cache/wing/utility_cache_target_5_seed_856947514.json
2026-03-04 18:53:11 | INFO | src.tmc_shapley_islands | Running TMC-Shapley with 20 permutations (utility on cal set)...
2026-03-04 18:53:11 | INFO | src.tmc_shapley_islands | Computing V_full over all 15 source islands...
2026-03-04 18:53:11 | INFO | src.tmc_shapley_islands | V_full = 0.0368
2026-03-04 18:53:11 | INFO | src.tmc_shapley_islands | TMC head-start: loaded 10 completed permutations from state outputs/tmc_shapley_sweep_all_traits/cache/wing/tmc_perm_state_target_5_seed_856947514.json
2026-03-04 18:53:34 | INFO | src.tmc_shapley_islands | TMC progress: 12/20 permutations done, cache hit rate: 16.1%, n_evals: 26
2026-03-04 18:54:28 | INFO | src.tmc_shapley_islands | TMC progress: 16/20 permutations done, cache hit rate: 16.5%, n_evals: 76
2026-03-04 18:55:12 | INFO | src.tmc_shapley_islands | TMC progress: 20/20 permutations done, cache hit rate: 16.6%, n_evals: 126
2026-03-04 18:55:12 | INFO | src.tmc_shapley_islands | TMC complete: 20 permutations, 0 truncated, 126 utility evals, cache hit rate: 16.6%
2026-03-04 18:55:12 | INFO | src.tmc_shapley_islands | Shapley values (phi, computed on cal set):
2026-03-04 18:55:12 | INFO | src.tmc_shapley_islands |   Nesøy: phi=-0.020294, phi/n=-0.00017198
2026-03-04 18:55:12 | INFO | src.tmc_shapley_islands |   Myken: phi=-0.047300, phi/n=-0.00051413
2026-03-04 18:55:12 | INFO | src.tmc_shapley_islands |   Træna: phi=0.021118, phi/n=0.00007384
2026-03-04 18:55:12 | INFO | src.tmc_shapley_islands |   Selvær: phi=-0.079971, phi/n=-0.00041870
2026-03-04 18:55:12 | INFO | src.tmc_shapley_islands |   Gjerøy: phi=0.165779, phi/n=0.00029978
2026-03-04 18:55:12 | INFO | src.tmc_shapley_islands |   Indre Kvarøy: phi=0.139629, phi/n=0.00040008
2026-03-04 18:55:12 | INFO | src.tmc_shapley_islands |   Onøy og Lurøy: phi=0.151931, phi/n=0.00059348
2026-03-04 18:55:12 | INFO | src.tmc_shapley_islands |   Lovund: phi=-0.050941, phi/n=-0.00033736
2026-03-04 18:55:12 | INFO | src.tmc_shapley_islands |   Sleneset: phi=0.048731, phi/n=0.00030457
2026-03-04 18:55:12 | INFO | src.tmc_shapley_islands |   Aldra: phi=-0.077208, phi/n=-0.00044629
2026-03-04 18:55:12 | INFO | src.tmc_shapley_islands |   Southern 1: phi=-0.063580, phi/n=-0.00010943
2026-03-04 18:55:12 | INFO | src.tmc_shapley_islands |   Southern 2: phi=-0.025451, phi/n=-0.00006411
2026-03-04 18:55:12 | INFO | src.tmc_shapley_islands |   Southern 3: phi=-0.147726, phi/n=-0.00025339
2026-03-04 18:55:12 | INFO | src.tmc_shapley_islands |   Southern 4: phi=0.016946, phi/n=0.00003487
2026-03-04 18:55:12 | INFO | src.tmc_shapley_islands |   Southern 5: phi=0.005158, phi/n=0.00002553
2026-03-04 18:55:12 | INFO | src.tmc_shapley_islands | Curve retraining early stopping: enabled=True, patience=20
2026-03-04 18:55:12 | INFO | src.tmc_shapley_islands | Computing add-islands curve (evaluated on test set)...
2026-03-04 18:55:12 | INFO | src.tmc_shapley_islands | Add-curve (mean): 1 islands, n=256 -> corr=0.1322
2026-03-04 18:55:13 | INFO | src.tmc_shapley_islands | Add-curve (mean): 2 islands, n=605 -> corr=0.1533
2026-03-04 18:55:13 | INFO | src.tmc_shapley_islands | Add-curve (mean): 3 islands, n=765 -> corr=0.1501
2026-03-04 18:55:14 | INFO | src.tmc_shapley_islands | Add-curve (mean): 4 islands, n=1318 -> corr=0.1401
2026-03-04 18:55:14 | INFO | src.tmc_shapley_islands | Add-curve (mean): 5 islands, n=1604 -> corr=0.1513
2026-03-04 18:55:15 | INFO | src.tmc_shapley_islands | Add-curve (mean): 6 islands, n=2090 -> corr=0.1603
2026-03-04 18:55:16 | INFO | src.tmc_shapley_islands | Add-curve (mean): 7 islands, n=2292 -> corr=0.1594
2026-03-04 18:55:17 | INFO | src.tmc_shapley_islands | Add-curve (mean): 8 islands, n=2689 -> corr=0.1566
2026-03-04 18:55:19 | INFO | src.tmc_shapley_islands | Add-curve (mean): 9 islands, n=3270 -> corr=0.1593
2026-03-04 18:55:20 | INFO | src.tmc_shapley_islands | Add-curve (mean): 10 islands, n=3388 -> corr=0.1655
2026-03-04 18:55:25 | INFO | src.tmc_shapley_islands | Add-curve (mean): 11 islands, n=3971 -> corr=0.1481
2026-03-04 18:55:27 | INFO | src.tmc_shapley_islands | Add-curve (mean): 12 islands, n=4122 -> corr=0.1479
2026-03-04 18:55:29 | INFO | src.tmc_shapley_islands | Add-curve (mean): 13 islands, n=4313 -> corr=0.1511
2026-03-04 18:55:33 | INFO | src.tmc_shapley_islands | Add-curve (mean): 14 islands, n=4486 -> corr=0.1556
2026-03-04 18:55:35 | INFO | src.tmc_shapley_islands | Add-curve (mean): 15 islands, n=4578 -> corr=0.1531
2026-03-04 18:55:54 | INFO | src.tmc_shapley_islands | Random individual add-curve (seed=0) complete
2026-03-04 18:56:07 | INFO | src.tmc_shapley_islands | Random individual add-curve (seed=1) complete
2026-03-04 18:56:19 | INFO | src.tmc_shapley_islands | Random individual add-curve (seed=2) complete
2026-03-04 18:56:39 | INFO | src.tmc_shapley_islands | Random individual add-curve (seed=3) complete
2026-03-04 18:56:55 | INFO | src.tmc_shapley_islands | Random individual add-curve (seed=4) complete
2026-03-04 18:56:55 | INFO | src.tmc_shapley_islands | Building mirrored remove-islands curve from add-islands curve...
2026-03-04 18:56:55 | INFO | src.tmc_shapley_islands | Saved Shapley values to outputs/tmc_shapley_sweep_all_traits/shards/shard_011/wing/tmp/shapley_island_values_target_5.csv
2026-03-04 18:56:55 | INFO | src.tmc_shapley_islands | Saved summary to outputs/tmc_shapley_sweep_all_traits/shards/shard_011/wing/tmp/tmc_summary_target_5.json
2026-03-04 18:56:55 | INFO | src.tmc_shapley_islands | Saved intermediate ranking trace to outputs/tmc_shapley_sweep_all_traits/shards/shard_011/wing/tmp/tmc_intermediate_rankings_target_5.csv
2026-03-04 18:56:55 | INFO | src.tmc_shapley_islands | Saved add-curve to outputs/tmc_shapley_sweep_all_traits/shards/shard_011/wing/tmp/add_curve_target_5.csv
2026-03-04 18:56:55 | INFO | src.tmc_shapley_islands | Saved remove-curve to outputs/tmc_shapley_sweep_all_traits/shards/shard_011/wing/tmp/remove_curve_target_5.csv
2026-03-04 18:56:56 | INFO | src.tmc_shapley_islands | Saved bar plot to outputs/tmc_shapley_sweep_all_traits/shards/shard_011/wing/tmp/shapley_bar_target_5.png
2026-03-04 18:56:56 | INFO | src.tmc_shapley_islands | Saved add-curve plot to outputs/tmc_shapley_sweep_all_traits/shards/shard_011/wing/tmp/add_curve_target_5.png
2026-03-04 18:56:57 | INFO | src.tmc_shapley_islands | Saved remove-curve plot to outputs/tmc_shapley_sweep_all_traits/shards/shard_011/wing/tmp/remove_curve_target_5.png
2026-03-04 18:56:57 | INFO | __main__ | Shard 11/30 trait=wing progress 33/75 | target=5 n_cal_samples=20 perm=40 repeat=3
2026-03-04 18:56:57 | INFO | src.tmc_shapley_islands | [Shapley] Target island: 5 (Hestmannøy), source islands: 15
2026-03-04 18:56:57 | INFO | src.tmc_shapley_islands | Data: source=4578 (across 15 islands), cal=20, test=905
2026-03-04 18:56:57 | INFO | src.tmc_shapley_islands | SNP selection: using fixed precomputed subset (n=20000)
2026-03-04 18:56:57 | INFO | src.tmc_shapley_islands | Island counts (capped to None in training):
  Nesøy: n=118
  Myken: n=92
  Træna: n=286
  Selvær: n=191
  Gjerøy: n=553
  Indre Kvarøy: n=349
  Onøy og Lurøy: n=256
  Lovund: n=151
  Sleneset: n=160
  Aldra: n=173
  Southern 1: n=581
  Southern 2: n=397
  Southern 3: n=583
  Southern 4: n=486
  Southern 5: n=202
2026-03-04 18:56:57 | INFO | src.tmc_shapley_islands | Loaded 261 cached utilities from outputs/tmc_shapley_sweep_all_traits/cache/wing/utility_cache_target_5_seed_856947514.json
2026-03-04 18:56:57 | INFO | src.tmc_shapley_islands | Running TMC-Shapley with 40 permutations (utility on cal set)...
2026-03-04 18:56:57 | INFO | src.tmc_shapley_islands | Computing V_full over all 15 source islands...
2026-03-04 18:56:57 | INFO | src.tmc_shapley_islands | V_full = 0.0368
2026-03-04 18:56:57 | INFO | src.tmc_shapley_islands | TMC head-start: loaded 20 completed permutations from state outputs/tmc_shapley_sweep_all_traits/cache/wing/tmc_perm_state_target_5_seed_856947514.json
2026-03-04 18:57:53 | INFO | src.tmc_shapley_islands | TMC progress: 24/40 permutations done, cache hit rate: 21.3%, n_evals: 48
2026-03-04 18:59:24 | INFO | src.tmc_shapley_islands | TMC progress: 32/40 permutations done, cache hit rate: 22.7%, n_evals: 140
2026-03-04 19:01:00 | INFO | src.tmc_shapley_islands | TMC progress: 40/40 permutations done, cache hit rate: 23.9%, n_evals: 229
2026-03-04 19:01:00 | INFO | src.tmc_shapley_islands | TMC complete: 40 permutations, 0 truncated, 229 utility evals, cache hit rate: 23.9%
2026-03-04 19:01:00 | INFO | src.tmc_shapley_islands | Shapley values (phi, computed on cal set):
2026-03-04 19:01:00 | INFO | src.tmc_shapley_islands |   Nesøy: phi=-0.014139, phi/n=-0.00011982
2026-03-04 19:01:00 | INFO | src.tmc_shapley_islands |   Myken: phi=-0.054782, phi/n=-0.00059546
2026-03-04 19:01:00 | INFO | src.tmc_shapley_islands |   Træna: phi=0.020758, phi/n=0.00007258
2026-03-04 19:01:00 | INFO | src.tmc_shapley_islands |   Selvær: phi=-0.080470, phi/n=-0.00042131
2026-03-04 19:01:00 | INFO | src.tmc_shapley_islands |   Gjerøy: phi=0.161843, phi/n=0.00029266
2026-03-04 19:01:00 | INFO | src.tmc_shapley_islands |   Indre Kvarøy: phi=0.140455, phi/n=0.00040245
2026-03-04 19:01:00 | INFO | src.tmc_shapley_islands |   Onøy og Lurøy: phi=0.149714, phi/n=0.00058482
2026-03-04 19:01:00 | INFO | src.tmc_shapley_islands |   Lovund: phi=-0.047229, phi/n=-0.00031278
2026-03-04 19:01:00 | INFO | src.tmc_shapley_islands |   Sleneset: phi=0.061171, phi/n=0.00038232
2026-03-04 19:01:00 | INFO | src.tmc_shapley_islands |   Aldra: phi=-0.067754, phi/n=-0.00039164
2026-03-04 19:01:00 | INFO | src.tmc_shapley_islands |   Southern 1: phi=-0.068166, phi/n=-0.00011733
2026-03-04 19:01:00 | INFO | src.tmc_shapley_islands |   Southern 2: phi=-0.031314, phi/n=-0.00007888
2026-03-04 19:01:00 | INFO | src.tmc_shapley_islands |   Southern 3: phi=-0.156183, phi/n=-0.00026790
2026-03-04 19:01:00 | INFO | src.tmc_shapley_islands |   Southern 4: phi=0.016765, phi/n=0.00003450
2026-03-04 19:01:00 | INFO | src.tmc_shapley_islands |   Southern 5: phi=0.006153, phi/n=0.00003046
2026-03-04 19:01:00 | INFO | src.tmc_shapley_islands | Curve retraining early stopping: enabled=True, patience=20
2026-03-04 19:01:00 | INFO | src.tmc_shapley_islands | Computing add-islands curve (evaluated on test set)...
2026-03-04 19:01:01 | INFO | src.tmc_shapley_islands | Add-curve (mean): 1 islands, n=256 -> corr=0.1322
2026-03-04 19:01:01 | INFO | src.tmc_shapley_islands | Add-curve (mean): 2 islands, n=605 -> corr=0.1533
2026-03-04 19:01:01 | INFO | src.tmc_shapley_islands | Add-curve (mean): 3 islands, n=765 -> corr=0.1501
2026-03-04 19:01:02 | INFO | src.tmc_shapley_islands | Add-curve (mean): 4 islands, n=1318 -> corr=0.1401
2026-03-04 19:01:02 | INFO | src.tmc_shapley_islands | Add-curve (mean): 5 islands, n=1604 -> corr=0.1513
2026-03-04 19:01:03 | INFO | src.tmc_shapley_islands | Add-curve (mean): 6 islands, n=2090 -> corr=0.1603
2026-03-04 19:01:04 | INFO | src.tmc_shapley_islands | Add-curve (mean): 7 islands, n=2292 -> corr=0.1594
2026-03-04 19:01:05 | INFO | src.tmc_shapley_islands | Add-curve (mean): 8 islands, n=2689 -> corr=0.1566
2026-03-04 19:01:06 | INFO | src.tmc_shapley_islands | Add-curve (mean): 9 islands, n=3270 -> corr=0.1593
2026-03-04 19:01:08 | INFO | src.tmc_shapley_islands | Add-curve (mean): 10 islands, n=3388 -> corr=0.1655
2026-03-04 19:01:09 | INFO | src.tmc_shapley_islands | Add-curve (mean): 11 islands, n=3971 -> corr=0.1481
2026-03-04 19:01:11 | INFO | src.tmc_shapley_islands | Add-curve (mean): 12 islands, n=4122 -> corr=0.1479
2026-03-04 19:01:13 | INFO | src.tmc_shapley_islands | Add-curve (mean): 13 islands, n=4295 -> corr=0.1531
2026-03-04 19:01:14 | INFO | src.tmc_shapley_islands | Add-curve (mean): 14 islands, n=4486 -> corr=0.1556
2026-03-04 19:01:17 | INFO | src.tmc_shapley_islands | Add-curve (mean): 15 islands, n=4578 -> corr=0.1531
2026-03-04 19:01:37 | INFO | src.tmc_shapley_islands | Random individual add-curve (seed=0) complete
2026-03-04 19:01:53 | INFO | src.tmc_shapley_islands | Random individual add-curve (seed=1) complete
2026-03-04 19:02:04 | INFO | src.tmc_shapley_islands | Random individual add-curve (seed=2) complete
2026-03-04 19:02:21 | INFO | src.tmc_shapley_islands | Random individual add-curve (seed=3) complete
2026-03-04 19:02:32 | INFO | src.tmc_shapley_islands | Random individual add-curve (seed=4) complete
2026-03-04 19:02:32 | INFO | src.tmc_shapley_islands | Building mirrored remove-islands curve from add-islands curve...
2026-03-04 19:02:32 | INFO | src.tmc_shapley_islands | Saved Shapley values to outputs/tmc_shapley_sweep_all_traits/shards/shard_011/wing/tmp/shapley_island_values_target_5.csv
2026-03-04 19:02:32 | INFO | src.tmc_shapley_islands | Saved summary to outputs/tmc_shapley_sweep_all_traits/shards/shard_011/wing/tmp/tmc_summary_target_5.json
2026-03-04 19:02:32 | INFO | src.tmc_shapley_islands | Saved intermediate ranking trace to outputs/tmc_shapley_sweep_all_traits/shards/shard_011/wing/tmp/tmc_intermediate_rankings_target_5.csv
2026-03-04 19:02:32 | INFO | src.tmc_shapley_islands | Saved add-curve to outputs/tmc_shapley_sweep_all_traits/shards/shard_011/wing/tmp/add_curve_target_5.csv
2026-03-04 19:02:32 | INFO | src.tmc_shapley_islands | Saved remove-curve to outputs/tmc_shapley_sweep_all_traits/shards/shard_011/wing/tmp/remove_curve_target_5.csv
2026-03-04 19:02:33 | INFO | src.tmc_shapley_islands | Saved bar plot to outputs/tmc_shapley_sweep_all_traits/shards/shard_011/wing/tmp/shapley_bar_target_5.png
2026-03-04 19:02:33 | INFO | src.tmc_shapley_islands | Saved add-curve plot to outputs/tmc_shapley_sweep_all_traits/shards/shard_011/wing/tmp/add_curve_target_5.png
2026-03-04 19:02:34 | INFO | src.tmc_shapley_islands | Saved remove-curve plot to outputs/tmc_shapley_sweep_all_traits/shards/shard_011/wing/tmp/remove_curve_target_5.png
2026-03-04 19:02:34 | INFO | __main__ | Shard 11/30 trait=wing progress 34/75 | target=5 n_cal_samples=20 perm=80 repeat=3
2026-03-04 19:02:34 | INFO | src.tmc_shapley_islands | [Shapley] Target island: 5 (Hestmannøy), source islands: 15
2026-03-04 19:02:34 | INFO | src.tmc_shapley_islands | Data: source=4578 (across 15 islands), cal=20, test=905
2026-03-04 19:02:34 | INFO | src.tmc_shapley_islands | SNP selection: using fixed precomputed subset (n=20000)
2026-03-04 19:02:34 | INFO | src.tmc_shapley_islands | Island counts (capped to None in training):
  Nesøy: n=118
  Myken: n=92
  Træna: n=286
  Selvær: n=191
  Gjerøy: n=553
  Indre Kvarøy: n=349
  Onøy og Lurøy: n=256
  Lovund: n=151
  Sleneset: n=160
  Aldra: n=173
  Southern 1: n=581
  Southern 2: n=397
  Southern 3: n=583
  Southern 4: n=486
  Southern 5: n=202
2026-03-04 19:02:34 | INFO | src.tmc_shapley_islands | Loaded 490 cached utilities from outputs/tmc_shapley_sweep_all_traits/cache/wing/utility_cache_target_5_seed_856947514.json
2026-03-04 19:02:34 | INFO | src.tmc_shapley_islands | Running TMC-Shapley with 80 permutations (utility on cal set)...
2026-03-04 19:02:34 | INFO | src.tmc_shapley_islands | Computing V_full over all 15 source islands...
2026-03-04 19:02:34 | INFO | src.tmc_shapley_islands | V_full = 0.0368
2026-03-04 19:02:34 | INFO | src.tmc_shapley_islands | TMC head-start: loaded 40 completed permutations from state outputs/tmc_shapley_sweep_all_traits/cache/wing/tmc_perm_state_target_5_seed_856947514.json
2026-03-04 19:03:45 | INFO | src.tmc_shapley_islands | TMC progress: 48/80 permutations done, cache hit rate: 26.4%, n_evals: 89
2026-03-04 19:06:55 | INFO | src.tmc_shapley_islands | TMC progress: 64/80 permutations done, cache hit rate: 27.4%, n_evals: 262
2026-03-04 19:10:16 | INFO | src.tmc_shapley_islands | TMC progress: 80/80 permutations done, cache hit rate: 28.8%, n_evals: 428
2026-03-04 19:10:16 | INFO | src.tmc_shapley_islands | TMC complete: 80 permutations, 0 truncated, 428 utility evals, cache hit rate: 28.8%
2026-03-04 19:10:16 | INFO | src.tmc_shapley_islands | Shapley values (phi, computed on cal set):
2026-03-04 19:10:16 | INFO | src.tmc_shapley_islands |   Nesøy: phi=-0.012142, phi/n=-0.00010290
2026-03-04 19:10:16 | INFO | src.tmc_shapley_islands |   Myken: phi=-0.058547, phi/n=-0.00063639
2026-03-04 19:10:16 | INFO | src.tmc_shapley_islands |   Træna: phi=0.021724, phi/n=0.00007596
2026-03-04 19:10:16 | INFO | src.tmc_shapley_islands |   Selvær: phi=-0.077932, phi/n=-0.00040802
2026-03-04 19:10:16 | INFO | src.tmc_shapley_islands |   Gjerøy: phi=0.158825, phi/n=0.00028721
2026-03-04 19:10:16 | INFO | src.tmc_shapley_islands |   Indre Kvarøy: phi=0.127294, phi/n=0.00036474
2026-03-04 19:10:16 | INFO | src.tmc_shapley_islands |   Onøy og Lurøy: phi=0.143722, phi/n=0.00056141
2026-03-04 19:10:16 | INFO | src.tmc_shapley_islands |   Lovund: phi=-0.045410, phi/n=-0.00030073
2026-03-04 19:10:16 | INFO | src.tmc_shapley_islands |   Sleneset: phi=0.070331, phi/n=0.00043957
2026-03-04 19:10:16 | INFO | src.tmc_shapley_islands |   Aldra: phi=-0.063495, phi/n=-0.00036702
2026-03-04 19:10:16 | INFO | src.tmc_shapley_islands |   Southern 1: phi=-0.065732, phi/n=-0.00011314
2026-03-04 19:10:16 | INFO | src.tmc_shapley_islands |   Southern 2: phi=-0.032169, phi/n=-0.00008103
2026-03-04 19:10:16 | INFO | src.tmc_shapley_islands |   Southern 3: phi=-0.152387, phi/n=-0.00026138
2026-03-04 19:10:16 | INFO | src.tmc_shapley_islands |   Southern 4: phi=0.018263, phi/n=0.00003758
2026-03-04 19:10:16 | INFO | src.tmc_shapley_islands |   Southern 5: phi=0.004477, phi/n=0.00002216
2026-03-04 19:10:16 | INFO | src.tmc_shapley_islands | Curve retraining early stopping: enabled=True, patience=20
2026-03-04 19:10:16 | INFO | src.tmc_shapley_islands | Computing add-islands curve (evaluated on test set)...
2026-03-04 19:10:16 | INFO | src.tmc_shapley_islands | Add-curve (mean): 1 islands, n=256 -> corr=0.1322
2026-03-04 19:10:16 | INFO | src.tmc_shapley_islands | Add-curve (mean): 2 islands, n=416 -> corr=0.1261
2026-03-04 19:10:16 | INFO | src.tmc_shapley_islands | Add-curve (mean): 3 islands, n=765 -> corr=0.1501
2026-03-04 19:10:17 | INFO | src.tmc_shapley_islands | Add-curve (mean): 4 islands, n=1318 -> corr=0.1401
2026-03-04 19:10:17 | INFO | src.tmc_shapley_islands | Add-curve (mean): 5 islands, n=1604 -> corr=0.1513
2026-03-04 19:10:18 | INFO | src.tmc_shapley_islands | Add-curve (mean): 6 islands, n=2090 -> corr=0.1603
2026-03-04 19:10:19 | INFO | src.tmc_shapley_islands | Add-curve (mean): 7 islands, n=2292 -> corr=0.1594
2026-03-04 19:10:22 | INFO | src.tmc_shapley_islands | Add-curve (mean): 8 islands, n=2689 -> corr=0.1566
2026-03-04 19:10:24 | INFO | src.tmc_shapley_islands | Add-curve (mean): 9 islands, n=2807 -> corr=0.1634
2026-03-04 19:10:25 | INFO | src.tmc_shapley_islands | Add-curve (mean): 10 islands, n=3388 -> corr=0.1655
2026-03-04 19:10:26 | INFO | src.tmc_shapley_islands | Add-curve (mean): 11 islands, n=3971 -> corr=0.1481
2026-03-04 19:10:28 | INFO | src.tmc_shapley_islands | Add-curve (mean): 12 islands, n=4122 -> corr=0.1479
2026-03-04 19:10:30 | INFO | src.tmc_shapley_islands | Add-curve (mean): 13 islands, n=4295 -> corr=0.1531
2026-03-04 19:10:31 | INFO | src.tmc_shapley_islands | Add-curve (mean): 14 islands, n=4486 -> corr=0.1556
2026-03-04 19:10:33 | INFO | src.tmc_shapley_islands | Add-curve (mean): 15 islands, n=4578 -> corr=0.1531
2026-03-04 19:10:53 | INFO | src.tmc_shapley_islands | Random individual add-curve (seed=0) complete
2026-03-04 19:11:06 | INFO | src.tmc_shapley_islands | Random individual add-curve (seed=1) complete
2026-03-04 19:11:18 | INFO | src.tmc_shapley_islands | Random individual add-curve (seed=2) complete
2026-03-04 19:11:35 | INFO | src.tmc_shapley_islands | Random individual add-curve (seed=3) complete
2026-03-04 19:11:52 | INFO | src.tmc_shapley_islands | Random individual add-curve (seed=4) complete
2026-03-04 19:11:52 | INFO | src.tmc_shapley_islands | Building mirrored remove-islands curve from add-islands curve...
2026-03-04 19:11:52 | INFO | src.tmc_shapley_islands | Saved Shapley values to outputs/tmc_shapley_sweep_all_traits/shards/shard_011/wing/tmp/shapley_island_values_target_5.csv
2026-03-04 19:11:52 | INFO | src.tmc_shapley_islands | Saved summary to outputs/tmc_shapley_sweep_all_traits/shards/shard_011/wing/tmp/tmc_summary_target_5.json
2026-03-04 19:11:52 | INFO | src.tmc_shapley_islands | Saved intermediate ranking trace to outputs/tmc_shapley_sweep_all_traits/shards/shard_011/wing/tmp/tmc_intermediate_rankings_target_5.csv
2026-03-04 19:11:52 | INFO | src.tmc_shapley_islands | Saved add-curve to outputs/tmc_shapley_sweep_all_traits/shards/shard_011/wing/tmp/add_curve_target_5.csv
2026-03-04 19:11:52 | INFO | src.tmc_shapley_islands | Saved remove-curve to outputs/tmc_shapley_sweep_all_traits/shards/shard_011/wing/tmp/remove_curve_target_5.csv
2026-03-04 19:11:52 | INFO | src.tmc_shapley_islands | Saved bar plot to outputs/tmc_shapley_sweep_all_traits/shards/shard_011/wing/tmp/shapley_bar_target_5.png
2026-03-04 19:11:53 | INFO | src.tmc_shapley_islands | Saved add-curve plot to outputs/tmc_shapley_sweep_all_traits/shards/shard_011/wing/tmp/add_curve_target_5.png
2026-03-04 19:11:53 | INFO | src.tmc_shapley_islands | Saved remove-curve plot to outputs/tmc_shapley_sweep_all_traits/shards/shard_011/wing/tmp/remove_curve_target_5.png
2026-03-04 19:11:53 | INFO | __main__ | Shard 11/30 trait=wing progress 35/75 | target=5 n_cal_samples=20 perm=150 repeat=3
2026-03-04 19:11:53 | INFO | src.tmc_shapley_islands | [Shapley] Target island: 5 (Hestmannøy), source islands: 15
2026-03-04 19:11:54 | INFO | src.tmc_shapley_islands | Data: source=4578 (across 15 islands), cal=20, test=905
2026-03-04 19:11:54 | INFO | src.tmc_shapley_islands | SNP selection: using fixed precomputed subset (n=20000)
2026-03-04 19:11:54 | INFO | src.tmc_shapley_islands | Island counts (capped to None in training):
  Nesøy: n=118
  Myken: n=92
  Træna: n=286
  Selvær: n=191
  Gjerøy: n=553
  Indre Kvarøy: n=349
  Onøy og Lurøy: n=256
  Lovund: n=151
  Sleneset: n=160
  Aldra: n=173
  Southern 1: n=581
  Southern 2: n=397
  Southern 3: n=583
  Southern 4: n=486
  Southern 5: n=202
2026-03-04 19:11:54 | INFO | src.tmc_shapley_islands | Loaded 918 cached utilities from outputs/tmc_shapley_sweep_all_traits/cache/wing/utility_cache_target_5_seed_856947514.json
2026-03-04 19:11:54 | INFO | src.tmc_shapley_islands | Running TMC-Shapley with 150 permutations (utility on cal set)...
2026-03-04 19:11:54 | INFO | src.tmc_shapley_islands | Computing V_full over all 15 source islands...
2026-03-04 19:11:54 | INFO | src.tmc_shapley_islands | V_full = 0.0368
2026-03-04 19:11:54 | INFO | src.tmc_shapley_islands | TMC head-start: loaded 80 completed permutations from state outputs/tmc_shapley_sweep_all_traits/cache/wing/tmc_perm_state_target_5_seed_856947514.json
2026-03-04 19:13:20 | INFO | src.tmc_shapley_islands | TMC progress: 90/150 permutations done, cache hit rate: 33.8%, n_evals: 100
2026-03-04 19:18:21 | INFO | src.tmc_shapley_islands | TMC progress: 120/150 permutations done, cache hit rate: 33.1%, n_evals: 402
2026-03-04 19:23:15 | INFO | src.tmc_shapley_islands | TMC progress: 150/150 permutations done, cache hit rate: 34.3%, n_evals: 690
2026-03-04 19:23:15 | INFO | src.tmc_shapley_islands | TMC complete: 150 permutations, 0 truncated, 690 utility evals, cache hit rate: 34.3%
2026-03-04 19:23:15 | INFO | src.tmc_shapley_islands | Shapley values (phi, computed on cal set):
2026-03-04 19:23:15 | INFO | src.tmc_shapley_islands |   Nesøy: phi=-0.013910, phi/n=-0.00011788
2026-03-04 19:23:15 | INFO | src.tmc_shapley_islands |   Myken: phi=-0.054922, phi/n=-0.00059698
2026-03-04 19:23:15 | INFO | src.tmc_shapley_islands |   Træna: phi=0.022867, phi/n=0.00007995
2026-03-04 19:23:15 | INFO | src.tmc_shapley_islands |   Selvær: phi=-0.086342, phi/n=-0.00045205
2026-03-04 19:23:15 | INFO | src.tmc_shapley_islands |   Gjerøy: phi=0.151724, phi/n=0.00027437
2026-03-04 19:23:15 | INFO | src.tmc_shapley_islands |   Indre Kvarøy: phi=0.116962, phi/n=0.00033514
2026-03-04 19:23:15 | INFO | src.tmc_shapley_islands |   Onøy og Lurøy: phi=0.156036, phi/n=0.00060951
2026-03-04 19:23:15 | INFO | src.tmc_shapley_islands |   Lovund: phi=-0.042136, phi/n=-0.00027904
2026-03-04 19:23:15 | INFO | src.tmc_shapley_islands |   Sleneset: phi=0.079942, phi/n=0.00049964
2026-03-04 19:23:15 | INFO | src.tmc_shapley_islands |   Aldra: phi=-0.060050, phi/n=-0.00034711
2026-03-04 19:23:15 | INFO | src.tmc_shapley_islands |   Southern 1: phi=-0.064862, phi/n=-0.00011164
2026-03-04 19:23:15 | INFO | src.tmc_shapley_islands |   Southern 2: phi=-0.030473, phi/n=-0.00007676
2026-03-04 19:23:15 | INFO | src.tmc_shapley_islands |   Southern 3: phi=-0.157916, phi/n=-0.00027087
2026-03-04 19:23:15 | INFO | src.tmc_shapley_islands |   Southern 4: phi=0.016976, phi/n=0.00003493
2026-03-04 19:23:15 | INFO | src.tmc_shapley_islands |   Southern 5: phi=0.002927, phi/n=0.00001449
2026-03-04 19:23:15 | INFO | src.tmc_shapley_islands | Curve retraining early stopping: enabled=True, patience=20
2026-03-04 19:23:15 | INFO | src.tmc_shapley_islands | Computing add-islands curve (evaluated on test set)...
2026-03-04 19:23:15 | INFO | src.tmc_shapley_islands | Add-curve (mean): 1 islands, n=256 -> corr=0.1322
2026-03-04 19:23:16 | INFO | src.tmc_shapley_islands | Add-curve (mean): 2 islands, n=416 -> corr=0.1261
2026-03-04 19:23:16 | INFO | src.tmc_shapley_islands | Add-curve (mean): 3 islands, n=765 -> corr=0.1501
2026-03-04 19:23:16 | INFO | src.tmc_shapley_islands | Add-curve (mean): 4 islands, n=1318 -> corr=0.1401
2026-03-04 19:23:17 | INFO | src.tmc_shapley_islands | Add-curve (mean): 5 islands, n=1604 -> corr=0.1513
2026-03-04 19:23:18 | INFO | src.tmc_shapley_islands | Add-curve (mean): 6 islands, n=2090 -> corr=0.1603
2026-03-04 19:23:19 | INFO | src.tmc_shapley_islands | Add-curve (mean): 7 islands, n=2292 -> corr=0.1594
2026-03-04 19:23:20 | INFO | src.tmc_shapley_islands | Add-curve (mean): 8 islands, n=2689 -> corr=0.1566
2026-03-04 19:23:22 | INFO | src.tmc_shapley_islands | Add-curve (mean): 9 islands, n=3270 -> corr=0.1593
2026-03-04 19:23:23 | INFO | src.tmc_shapley_islands | Add-curve (mean): 10 islands, n=3388 -> corr=0.1655
2026-03-04 19:23:25 | INFO | src.tmc_shapley_islands | Add-curve (mean): 11 islands, n=3971 -> corr=0.1481
2026-03-04 19:23:26 | INFO | src.tmc_shapley_islands | Add-curve (mean): 12 islands, n=4122 -> corr=0.1479
2026-03-04 19:23:28 | INFO | src.tmc_shapley_islands | Add-curve (mean): 13 islands, n=4295 -> corr=0.1531
2026-03-04 19:23:30 | INFO | src.tmc_shapley_islands | Add-curve (mean): 14 islands, n=4486 -> corr=0.1556
2026-03-04 19:23:32 | INFO | src.tmc_shapley_islands | Add-curve (mean): 15 islands, n=4578 -> corr=0.1531
2026-03-04 19:23:46 | INFO | src.tmc_shapley_islands | Random individual add-curve (seed=0) complete
2026-03-04 19:23:57 | INFO | src.tmc_shapley_islands | Random individual add-curve (seed=1) complete
2026-03-04 19:24:13 | INFO | src.tmc_shapley_islands | Random individual add-curve (seed=2) complete
2026-03-04 19:24:27 | INFO | src.tmc_shapley_islands | Random individual add-curve (seed=3) complete
2026-03-04 19:24:39 | INFO | src.tmc_shapley_islands | Random individual add-curve (seed=4) complete
2026-03-04 19:24:39 | INFO | src.tmc_shapley_islands | Building mirrored remove-islands curve from add-islands curve...
2026-03-04 19:24:39 | INFO | src.tmc_shapley_islands | Saved Shapley values to outputs/tmc_shapley_sweep_all_traits/shards/shard_011/wing/tmp/shapley_island_values_target_5.csv
2026-03-04 19:24:39 | INFO | src.tmc_shapley_islands | Saved summary to outputs/tmc_shapley_sweep_all_traits/shards/shard_011/wing/tmp/tmc_summary_target_5.json
2026-03-04 19:24:39 | INFO | src.tmc_shapley_islands | Saved intermediate ranking trace to outputs/tmc_shapley_sweep_all_traits/shards/shard_011/wing/tmp/tmc_intermediate_rankings_target_5.csv
2026-03-04 19:24:39 | INFO | src.tmc_shapley_islands | Saved add-curve to outputs/tmc_shapley_sweep_all_traits/shards/shard_011/wing/tmp/add_curve_target_5.csv
2026-03-04 19:24:39 | INFO | src.tmc_shapley_islands | Saved remove-curve to outputs/tmc_shapley_sweep_all_traits/shards/shard_011/wing/tmp/remove_curve_target_5.csv
2026-03-04 19:24:39 | INFO | src.tmc_shapley_islands | Saved bar plot to outputs/tmc_shapley_sweep_all_traits/shards/shard_011/wing/tmp/shapley_bar_target_5.png
2026-03-04 19:24:40 | INFO | src.tmc_shapley_islands | Saved add-curve plot to outputs/tmc_shapley_sweep_all_traits/shards/shard_011/wing/tmp/add_curve_target_5.png
2026-03-04 19:24:40 | INFO | src.tmc_shapley_islands | Saved remove-curve plot to outputs/tmc_shapley_sweep_all_traits/shards/shard_011/wing/tmp/remove_curve_target_5.png
2026-03-04 19:24:40 | INFO | __main__ | Shard 11/30 trait=wing progress 36/75 | target=5 n_cal_samples=40 perm=10 repeat=3
2026-03-04 19:24:40 | INFO | src.tmc_shapley_islands | [Shapley] Target island: 5 (Hestmannøy), source islands: 15
2026-03-04 19:24:41 | INFO | src.tmc_shapley_islands | Data: source=4578 (across 15 islands), cal=40, test=905
2026-03-04 19:24:41 | INFO | src.tmc_shapley_islands | SNP selection: using fixed precomputed subset (n=20000)
2026-03-04 19:24:41 | INFO | src.tmc_shapley_islands | Island counts (capped to None in training):
  Nesøy: n=118
  Myken: n=92
  Træna: n=286
  Selvær: n=191
  Gjerøy: n=553
  Indre Kvarøy: n=349
  Onøy og Lurøy: n=256
  Lovund: n=151
  Sleneset: n=160
  Aldra: n=173
  Southern 1: n=581
  Southern 2: n=397
  Southern 3: n=583
  Southern 4: n=486
  Southern 5: n=202
2026-03-04 19:24:41 | INFO | src.tmc_shapley_islands | Running TMC-Shapley with 10 permutations (utility on cal set)...
2026-03-04 19:24:41 | INFO | src.tmc_shapley_islands | Computing V_full over all 15 source islands...
2026-03-04 19:24:43 | INFO | src.tmc_shapley_islands | V_full = 0.0262
2026-03-04 19:25:06 | INFO | src.tmc_shapley_islands | TMC progress: 2/10 permutations done, cache hit rate: 6.5%, n_evals: 29
2026-03-04 19:25:28 | INFO | src.tmc_shapley_islands | TMC progress: 4/10 permutations done, cache hit rate: 11.5%, n_evals: 54
2026-03-04 19:25:55 | INFO | src.tmc_shapley_islands | TMC progress: 6/10 permutations done, cache hit rate: 11.0%, n_evals: 81
2026-03-04 19:26:20 | INFO | src.tmc_shapley_islands | TMC progress: 8/10 permutations done, cache hit rate: 11.6%, n_evals: 107
2026-03-04 19:26:49 | INFO | src.tmc_shapley_islands | TMC progress: 10/10 permutations done, cache hit rate: 11.9%, n_evals: 133
2026-03-04 19:26:49 | INFO | src.tmc_shapley_islands | TMC complete: 10 permutations, 0 truncated, 133 utility evals, cache hit rate: 11.9%
2026-03-04 19:26:49 | INFO | src.tmc_shapley_islands | Shapley values (phi, computed on cal set):
2026-03-04 19:26:49 | INFO | src.tmc_shapley_islands |   Nesøy: phi=-0.004365, phi/n=-0.00003699
2026-03-04 19:26:49 | INFO | src.tmc_shapley_islands |   Myken: phi=-0.013428, phi/n=-0.00014596
2026-03-04 19:26:49 | INFO | src.tmc_shapley_islands |   Træna: phi=0.080751, phi/n=0.00028234
2026-03-04 19:26:49 | INFO | src.tmc_shapley_islands |   Selvær: phi=0.053638, phi/n=0.00028083
2026-03-04 19:26:49 | INFO | src.tmc_shapley_islands |   Gjerøy: phi=-0.060470, phi/n=-0.00010935
2026-03-04 19:26:49 | INFO | src.tmc_shapley_islands |   Indre Kvarøy: phi=0.036570, phi/n=0.00010479
2026-03-04 19:26:49 | INFO | src.tmc_shapley_islands |   Onøy og Lurøy: phi=0.046712, phi/n=0.00018247
2026-03-04 19:26:49 | INFO | src.tmc_shapley_islands |   Lovund: phi=0.009430, phi/n=0.00006245
2026-03-04 19:26:49 | INFO | src.tmc_shapley_islands |   Sleneset: phi=0.020222, phi/n=0.00012639
2026-03-04 19:26:49 | INFO | src.tmc_shapley_islands |   Aldra: phi=-0.111841, phi/n=-0.00064648
2026-03-04 19:26:49 | INFO | src.tmc_shapley_islands |   Southern 1: phi=-0.042649, phi/n=-0.00007341
2026-03-04 19:26:49 | INFO | src.tmc_shapley_islands |   Southern 2: phi=0.045050, phi/n=0.00011348
2026-03-04 19:26:49 | INFO | src.tmc_shapley_islands |   Southern 3: phi=-0.068724, phi/n=-0.00011788
2026-03-04 19:26:49 | INFO | src.tmc_shapley_islands |   Southern 4: phi=0.042181, phi/n=0.00008679
2026-03-04 19:26:49 | INFO | src.tmc_shapley_islands |   Southern 5: phi=-0.006919, phi/n=-0.00003425
2026-03-04 19:26:49 | INFO | src.tmc_shapley_islands | Curve retraining early stopping: enabled=True, patience=20
2026-03-04 19:26:49 | INFO | src.tmc_shapley_islands | Computing add-islands curve (evaluated on test set)...
2026-03-04 19:26:49 | INFO | src.tmc_shapley_islands | Add-curve (mean): 1 islands, n=286 -> corr=0.0726
2026-03-04 19:26:50 | INFO | src.tmc_shapley_islands | Add-curve (mean): 2 islands, n=477 -> corr=0.0821
2026-03-04 19:26:50 | INFO | src.tmc_shapley_islands | Add-curve (mean): 3 islands, n=733 -> corr=0.1553
2026-03-04 19:26:50 | INFO | src.tmc_shapley_islands | Add-curve (mean): 4 islands, n=893 -> corr=0.1492
2026-03-04 19:26:51 | INFO | src.tmc_shapley_islands | Add-curve (mean): 5 islands, n=1290 -> corr=0.1395
2026-03-04 19:26:52 | INFO | src.tmc_shapley_islands | Add-curve (mean): 6 islands, n=1639 -> corr=0.1598
2026-03-04 19:26:52 | INFO | src.tmc_shapley_islands | Add-curve (mean): 7 islands, n=2125 -> corr=0.1691
2026-03-04 19:26:53 | INFO | src.tmc_shapley_islands | Add-curve (mean): 8 islands, n=2276 -> corr=0.1650
2026-03-04 19:26:54 | INFO | src.tmc_shapley_islands | Add-curve (mean): 9 islands, n=2478 -> corr=0.1614
2026-03-04 19:26:55 | INFO | src.tmc_shapley_islands | Add-curve (mean): 10 islands, n=2596 -> corr=0.1679
2026-03-04 19:26:57 | INFO | src.tmc_shapley_islands | Add-curve (mean): 11 islands, n=3177 -> corr=0.1686
2026-03-04 19:26:58 | INFO | src.tmc_shapley_islands | Add-curve (mean): 12 islands, n=3730 -> corr=0.1664
2026-03-04 19:27:00 | INFO | src.tmc_shapley_islands | Add-curve (mean): 13 islands, n=4313 -> corr=0.1545
2026-03-04 19:27:01 | INFO | src.tmc_shapley_islands | Add-curve (mean): 14 islands, n=4405 -> corr=0.1550
2026-03-04 19:27:03 | INFO | src.tmc_shapley_islands | Add-curve (mean): 15 islands, n=4578 -> corr=0.1599
2026-03-04 19:27:21 | INFO | src.tmc_shapley_islands | Random individual add-curve (seed=0) complete
2026-03-04 19:27:31 | INFO | src.tmc_shapley_islands | Random individual add-curve (seed=1) complete
2026-03-04 19:27:46 | INFO | src.tmc_shapley_islands | Random individual add-curve (seed=2) complete
2026-03-04 19:27:59 | INFO | src.tmc_shapley_islands | Random individual add-curve (seed=3) complete
2026-03-04 19:28:10 | INFO | src.tmc_shapley_islands | Random individual add-curve (seed=4) complete
2026-03-04 19:28:10 | INFO | src.tmc_shapley_islands | Building mirrored remove-islands curve from add-islands curve...
2026-03-04 19:28:10 | INFO | src.tmc_shapley_islands | Saved Shapley values to outputs/tmc_shapley_sweep_all_traits/shards/shard_011/wing/tmp/shapley_island_values_target_5.csv
2026-03-04 19:28:10 | INFO | src.tmc_shapley_islands | Saved summary to outputs/tmc_shapley_sweep_all_traits/shards/shard_011/wing/tmp/tmc_summary_target_5.json
2026-03-04 19:28:10 | INFO | src.tmc_shapley_islands | Saved intermediate ranking trace to outputs/tmc_shapley_sweep_all_traits/shards/shard_011/wing/tmp/tmc_intermediate_rankings_target_5.csv
2026-03-04 19:28:10 | INFO | src.tmc_shapley_islands | Saved add-curve to outputs/tmc_shapley_sweep_all_traits/shards/shard_011/wing/tmp/add_curve_target_5.csv
2026-03-04 19:28:10 | INFO | src.tmc_shapley_islands | Saved remove-curve to outputs/tmc_shapley_sweep_all_traits/shards/shard_011/wing/tmp/remove_curve_target_5.csv
2026-03-04 19:28:10 | INFO | src.tmc_shapley_islands | Saved bar plot to outputs/tmc_shapley_sweep_all_traits/shards/shard_011/wing/tmp/shapley_bar_target_5.png
2026-03-04 19:28:11 | INFO | src.tmc_shapley_islands | Saved add-curve plot to outputs/tmc_shapley_sweep_all_traits/shards/shard_011/wing/tmp/add_curve_target_5.png
2026-03-04 19:28:11 | INFO | src.tmc_shapley_islands | Saved remove-curve plot to outputs/tmc_shapley_sweep_all_traits/shards/shard_011/wing/tmp/remove_curve_target_5.png
2026-03-04 19:28:11 | INFO | __main__ | Shard 11/30 trait=wing progress 37/75 | target=5 n_cal_samples=40 perm=20 repeat=3
2026-03-04 19:28:11 | INFO | src.tmc_shapley_islands | [Shapley] Target island: 5 (Hestmannøy), source islands: 15
2026-03-04 19:28:12 | INFO | src.tmc_shapley_islands | Data: source=4578 (across 15 islands), cal=40, test=905
2026-03-04 19:28:12 | INFO | src.tmc_shapley_islands | SNP selection: using fixed precomputed subset (n=20000)
2026-03-04 19:28:12 | INFO | src.tmc_shapley_islands | Island counts (capped to None in training):
  Nesøy: n=118
  Myken: n=92
  Træna: n=286
  Selvær: n=191
  Gjerøy: n=553
  Indre Kvarøy: n=349
  Onøy og Lurøy: n=256
  Lovund: n=151
  Sleneset: n=160
  Aldra: n=173
  Southern 1: n=581
  Southern 2: n=397
  Southern 3: n=583
  Southern 4: n=486
  Southern 5: n=202
2026-03-04 19:28:12 | INFO | src.tmc_shapley_islands | Loaded 133 cached utilities from outputs/tmc_shapley_sweep_all_traits/cache/wing/utility_cache_target_5_seed_1274764345.json
2026-03-04 19:28:12 | INFO | src.tmc_shapley_islands | Running TMC-Shapley with 20 permutations (utility on cal set)...
2026-03-04 19:28:12 | INFO | src.tmc_shapley_islands | Computing V_full over all 15 source islands...
2026-03-04 19:28:12 | INFO | src.tmc_shapley_islands | V_full = 0.0262
2026-03-04 19:28:12 | INFO | src.tmc_shapley_islands | TMC head-start: loaded 10 completed permutations from state outputs/tmc_shapley_sweep_all_traits/cache/wing/tmc_perm_state_target_5_seed_1274764345.json
2026-03-04 19:28:34 | INFO | src.tmc_shapley_islands | TMC progress: 12/20 permutations done, cache hit rate: 19.4%, n_evals: 25
2026-03-04 19:29:32 | INFO | src.tmc_shapley_islands | TMC progress: 16/20 permutations done, cache hit rate: 15.4%, n_evals: 77
2026-03-04 19:30:16 | INFO | src.tmc_shapley_islands | TMC progress: 20/20 permutations done, cache hit rate: 18.5%, n_evals: 123
2026-03-04 19:30:16 | INFO | src.tmc_shapley_islands | TMC complete: 20 permutations, 0 truncated, 123 utility evals, cache hit rate: 18.5%
2026-03-04 19:30:16 | INFO | src.tmc_shapley_islands | Shapley values (phi, computed on cal set):
2026-03-04 19:30:16 | INFO | src.tmc_shapley_islands |   Nesøy: phi=-0.012733, phi/n=-0.00010791
2026-03-04 19:30:16 | INFO | src.tmc_shapley_islands |   Myken: phi=-0.014919, phi/n=-0.00016217
2026-03-04 19:30:16 | INFO | src.tmc_shapley_islands |   Træna: phi=0.098572, phi/n=0.00034466
2026-03-04 19:30:16 | INFO | src.tmc_shapley_islands |   Selvær: phi=0.064066, phi/n=0.00033542
2026-03-04 19:30:16 | INFO | src.tmc_shapley_islands |   Gjerøy: phi=-0.073393, phi/n=-0.00013272
2026-03-04 19:30:16 | INFO | src.tmc_shapley_islands |   Indre Kvarøy: phi=0.036264, phi/n=0.00010391
2026-03-04 19:30:16 | INFO | src.tmc_shapley_islands |   Onøy og Lurøy: phi=0.019644, phi/n=0.00007674
2026-03-04 19:30:16 | INFO | src.tmc_shapley_islands |   Lovund: phi=0.021520, phi/n=0.00014252
2026-03-04 19:30:16 | INFO | src.tmc_shapley_islands |   Sleneset: phi=0.009623, phi/n=0.00006015
2026-03-04 19:30:16 | INFO | src.tmc_shapley_islands |   Aldra: phi=-0.083749, phi/n=-0.00048410
2026-03-04 19:30:16 | INFO | src.tmc_shapley_islands |   Southern 1: phi=-0.052283, phi/n=-0.00008999
2026-03-04 19:30:16 | INFO | src.tmc_shapley_islands |   Southern 2: phi=0.048322, phi/n=0.00012172
2026-03-04 19:30:16 | INFO | src.tmc_shapley_islands |   Southern 3: phi=-0.067359, phi/n=-0.00011554
2026-03-04 19:30:16 | INFO | src.tmc_shapley_islands |   Southern 4: phi=0.040173, phi/n=0.00008266
2026-03-04 19:30:16 | INFO | src.tmc_shapley_islands |   Southern 5: phi=-0.007591, phi/n=-0.00003758
2026-03-04 19:30:16 | INFO | src.tmc_shapley_islands | Curve retraining early stopping: enabled=True, patience=20
2026-03-04 19:30:16 | INFO | src.tmc_shapley_islands | Computing add-islands curve (evaluated on test set)...
2026-03-04 19:30:16 | INFO | src.tmc_shapley_islands | Add-curve (mean): 1 islands, n=286 -> corr=0.0726
2026-03-04 19:30:16 | INFO | src.tmc_shapley_islands | Add-curve (mean): 2 islands, n=477 -> corr=0.0821
2026-03-04 19:30:17 | INFO | src.tmc_shapley_islands | Add-curve (mean): 3 islands, n=628 -> corr=0.0701
2026-03-04 19:30:17 | INFO | src.tmc_shapley_islands | Add-curve (mean): 4 islands, n=1025 -> corr=0.0580
2026-03-04 19:30:18 | INFO | src.tmc_shapley_islands | Add-curve (mean): 5 islands, n=1374 -> corr=0.1070
2026-03-04 19:30:18 | INFO | src.tmc_shapley_islands | Add-curve (mean): 6 islands, n=1860 -> corr=0.1184
2026-03-04 19:30:19 | INFO | src.tmc_shapley_islands | Add-curve (mean): 7 islands, n=2116 -> corr=0.1665
2026-03-04 19:30:20 | INFO | src.tmc_shapley_islands | Add-curve (mean): 8 islands, n=2276 -> corr=0.1650
2026-03-04 19:30:21 | INFO | src.tmc_shapley_islands | Add-curve (mean): 9 islands, n=2478 -> corr=0.1614
2026-03-04 19:30:22 | INFO | src.tmc_shapley_islands | Add-curve (mean): 10 islands, n=3059 -> corr=0.1624
2026-03-04 19:30:24 | INFO | src.tmc_shapley_islands | Add-curve (mean): 11 islands, n=3177 -> corr=0.1686
2026-03-04 19:30:25 | INFO | src.tmc_shapley_islands | Add-curve (mean): 12 islands, n=3760 -> corr=0.1530
2026-03-04 19:30:27 | INFO | src.tmc_shapley_islands | Add-curve (mean): 13 islands, n=4313 -> corr=0.1545
2026-03-04 19:30:34 | INFO | src.tmc_shapley_islands | Add-curve (mean): 14 islands, n=4405 -> corr=0.1550
2026-03-04 19:30:41 | INFO | src.tmc_shapley_islands | Add-curve (mean): 15 islands, n=4578 -> corr=0.1599
2026-03-04 19:31:04 | INFO | src.tmc_shapley_islands | Random individual add-curve (seed=0) complete
2026-03-04 19:31:18 | INFO | src.tmc_shapley_islands | Random individual add-curve (seed=1) complete
2026-03-04 19:31:34 | INFO | src.tmc_shapley_islands | Random individual add-curve (seed=2) complete
2026-03-04 19:31:46 | INFO | src.tmc_shapley_islands | Random individual add-curve (seed=3) complete
2026-03-04 19:32:03 | INFO | src.tmc_shapley_islands | Random individual add-curve (seed=4) complete
2026-03-04 19:32:03 | INFO | src.tmc_shapley_islands | Building mirrored remove-islands curve from add-islands curve...
2026-03-04 19:32:03 | INFO | src.tmc_shapley_islands | Saved Shapley values to outputs/tmc_shapley_sweep_all_traits/shards/shard_011/wing/tmp/shapley_island_values_target_5.csv
2026-03-04 19:32:03 | INFO | src.tmc_shapley_islands | Saved summary to outputs/tmc_shapley_sweep_all_traits/shards/shard_011/wing/tmp/tmc_summary_target_5.json
2026-03-04 19:32:03 | INFO | src.tmc_shapley_islands | Saved intermediate ranking trace to outputs/tmc_shapley_sweep_all_traits/shards/shard_011/wing/tmp/tmc_intermediate_rankings_target_5.csv
2026-03-04 19:32:03 | INFO | src.tmc_shapley_islands | Saved add-curve to outputs/tmc_shapley_sweep_all_traits/shards/shard_011/wing/tmp/add_curve_target_5.csv
2026-03-04 19:32:03 | INFO | src.tmc_shapley_islands | Saved remove-curve to outputs/tmc_shapley_sweep_all_traits/shards/shard_011/wing/tmp/remove_curve_target_5.csv
2026-03-04 19:32:03 | INFO | src.tmc_shapley_islands | Saved bar plot to outputs/tmc_shapley_sweep_all_traits/shards/shard_011/wing/tmp/shapley_bar_target_5.png
2026-03-04 19:32:04 | INFO | src.tmc_shapley_islands | Saved add-curve plot to outputs/tmc_shapley_sweep_all_traits/shards/shard_011/wing/tmp/add_curve_target_5.png
2026-03-04 19:32:04 | INFO | src.tmc_shapley_islands | Saved remove-curve plot to outputs/tmc_shapley_sweep_all_traits/shards/shard_011/wing/tmp/remove_curve_target_5.png
2026-03-04 19:32:04 | INFO | __main__ | Shard 11/30 trait=wing progress 38/75 | target=5 n_cal_samples=40 perm=40 repeat=3
2026-03-04 19:32:04 | INFO | src.tmc_shapley_islands | [Shapley] Target island: 5 (Hestmannøy), source islands: 15
2026-03-04 19:32:05 | INFO | src.tmc_shapley_islands | Data: source=4578 (across 15 islands), cal=40, test=905
2026-03-04 19:32:05 | INFO | src.tmc_shapley_islands | SNP selection: using fixed precomputed subset (n=20000)
2026-03-04 19:32:05 | INFO | src.tmc_shapley_islands | Island counts (capped to None in training):
  Nesøy: n=118
  Myken: n=92
  Træna: n=286
  Selvær: n=191
  Gjerøy: n=553
  Indre Kvarøy: n=349
  Onøy og Lurøy: n=256
  Lovund: n=151
  Sleneset: n=160
  Aldra: n=173
  Southern 1: n=581
  Southern 2: n=397
  Southern 3: n=583
  Southern 4: n=486
  Southern 5: n=202
2026-03-04 19:32:05 | INFO | src.tmc_shapley_islands | Loaded 256 cached utilities from outputs/tmc_shapley_sweep_all_traits/cache/wing/utility_cache_target_5_seed_1274764345.json
2026-03-04 19:32:05 | INFO | src.tmc_shapley_islands | Running TMC-Shapley with 40 permutations (utility on cal set)...
2026-03-04 19:32:05 | INFO | src.tmc_shapley_islands | Computing V_full over all 15 source islands...
2026-03-04 19:32:05 | INFO | src.tmc_shapley_islands | V_full = 0.0262
2026-03-04 19:32:05 | INFO | src.tmc_shapley_islands | TMC head-start: loaded 20 completed permutations from state outputs/tmc_shapley_sweep_all_traits/cache/wing/tmc_perm_state_target_5_seed_1274764345.json
2026-03-04 19:33:04 | INFO | src.tmc_shapley_islands | TMC progress: 24/40 permutations done, cache hit rate: 21.3%, n_evals: 48
2026-03-04 19:34:49 | INFO | src.tmc_shapley_islands | TMC progress: 32/40 permutations done, cache hit rate: 21.5%, n_evals: 142
2026-03-04 19:36:28 | INFO | src.tmc_shapley_islands | TMC progress: 40/40 permutations done, cache hit rate: 20.6%, n_evals: 239
2026-03-04 19:36:28 | INFO | src.tmc_shapley_islands | TMC complete: 40 permutations, 0 truncated, 239 utility evals, cache hit rate: 20.6%
2026-03-04 19:36:28 | INFO | src.tmc_shapley_islands | Shapley values (phi, computed on cal set):
2026-03-04 19:36:28 | INFO | src.tmc_shapley_islands |   Nesøy: phi=-0.014969, phi/n=-0.00012685
2026-03-04 19:36:28 | INFO | src.tmc_shapley_islands |   Myken: phi=-0.020147, phi/n=-0.00021899
2026-03-04 19:36:28 | INFO | src.tmc_shapley_islands |   Træna: phi=0.098278, phi/n=0.00034363
2026-03-04 19:36:28 | INFO | src.tmc_shapley_islands |   Selvær: phi=0.071870, phi/n=0.00037629
2026-03-04 19:36:28 | INFO | src.tmc_shapley_islands |   Gjerøy: phi=-0.073337, phi/n=-0.00013262
2026-03-04 19:36:28 | INFO | src.tmc_shapley_islands |   Indre Kvarøy: phi=0.032478, phi/n=0.00009306
2026-03-04 19:36:28 | INFO | src.tmc_shapley_islands |   Onøy og Lurøy: phi=0.017333, phi/n=0.00006771
2026-03-04 19:36:28 | INFO | src.tmc_shapley_islands |   Lovund: phi=0.020337, phi/n=0.00013468
2026-03-04 19:36:28 | INFO | src.tmc_shapley_islands |   Sleneset: phi=0.010608, phi/n=0.00006630
2026-03-04 19:36:28 | INFO | src.tmc_shapley_islands |   Aldra: phi=-0.074333, phi/n=-0.00042967
2026-03-04 19:36:28 | INFO | src.tmc_shapley_islands |   Southern 1: phi=-0.050035, phi/n=-0.00008612
2026-03-04 19:36:28 | INFO | src.tmc_shapley_islands |   Southern 2: phi=0.048515, phi/n=0.00012220
2026-03-04 19:36:28 | INFO | src.tmc_shapley_islands |   Southern 3: phi=-0.075341, phi/n=-0.00012923
2026-03-04 19:36:28 | INFO | src.tmc_shapley_islands |   Southern 4: phi=0.042271, phi/n=0.00008698
2026-03-04 19:36:28 | INFO | src.tmc_shapley_islands |   Southern 5: phi=-0.007372, phi/n=-0.00003649
2026-03-04 19:36:28 | INFO | src.tmc_shapley_islands | Curve retraining early stopping: enabled=True, patience=20
2026-03-04 19:36:28 | INFO | src.tmc_shapley_islands | Computing add-islands curve (evaluated on test set)...
2026-03-04 19:36:28 | INFO | src.tmc_shapley_islands | Add-curve (mean): 1 islands, n=191 -> corr=0.0457
2026-03-04 19:36:28 | INFO | src.tmc_shapley_islands | Add-curve (mean): 2 islands, n=477 -> corr=0.0821
2026-03-04 19:36:28 | INFO | src.tmc_shapley_islands | Add-curve (mean): 3 islands, n=628 -> corr=0.0701
2026-03-04 19:36:29 | INFO | src.tmc_shapley_islands | Add-curve (mean): 4 islands, n=1025 -> corr=0.0580
2026-03-04 19:36:29 | INFO | src.tmc_shapley_islands | Add-curve (mean): 5 islands, n=1374 -> corr=0.1070
2026-03-04 19:36:30 | INFO | src.tmc_shapley_islands | Add-curve (mean): 6 islands, n=1860 -> corr=0.1184
2026-03-04 19:36:31 | INFO | src.tmc_shapley_islands | Add-curve (mean): 7 islands, n=2116 -> corr=0.1665
2026-03-04 19:36:32 | INFO | src.tmc_shapley_islands | Add-curve (mean): 8 islands, n=2276 -> corr=0.1650
2026-03-04 19:36:33 | INFO | src.tmc_shapley_islands | Add-curve (mean): 9 islands, n=2478 -> corr=0.1614
2026-03-04 19:36:34 | INFO | src.tmc_shapley_islands | Add-curve (mean): 10 islands, n=3059 -> corr=0.1624
2026-03-04 19:36:36 | INFO | src.tmc_shapley_islands | Add-curve (mean): 11 islands, n=3177 -> corr=0.1686
2026-03-04 19:36:41 | INFO | src.tmc_shapley_islands | Add-curve (mean): 12 islands, n=3760 -> corr=0.1530
2026-03-04 19:36:42 | INFO | src.tmc_shapley_islands | Add-curve (mean): 13 islands, n=4313 -> corr=0.1545
2026-03-04 19:36:44 | INFO | src.tmc_shapley_islands | Add-curve (mean): 14 islands, n=4405 -> corr=0.1550
2026-03-04 19:36:46 | INFO | src.tmc_shapley_islands | Add-curve (mean): 15 islands, n=4578 -> corr=0.1599
2026-03-04 19:36:58 | INFO | src.tmc_shapley_islands | Random individual add-curve (seed=0) complete
2026-03-04 19:37:10 | INFO | src.tmc_shapley_islands | Random individual add-curve (seed=1) complete
2026-03-04 19:37:27 | INFO | src.tmc_shapley_islands | Random individual add-curve (seed=2) complete
2026-03-04 19:37:38 | INFO | src.tmc_shapley_islands | Random individual add-curve (seed=3) complete
2026-03-04 19:37:51 | INFO | src.tmc_shapley_islands | Random individual add-curve (seed=4) complete
2026-03-04 19:37:51 | INFO | src.tmc_shapley_islands | Building mirrored remove-islands curve from add-islands curve...
2026-03-04 19:37:51 | INFO | src.tmc_shapley_islands | Saved Shapley values to outputs/tmc_shapley_sweep_all_traits/shards/shard_011/wing/tmp/shapley_island_values_target_5.csv
2026-03-04 19:37:51 | INFO | src.tmc_shapley_islands | Saved summary to outputs/tmc_shapley_sweep_all_traits/shards/shard_011/wing/tmp/tmc_summary_target_5.json
2026-03-04 19:37:51 | INFO | src.tmc_shapley_islands | Saved intermediate ranking trace to outputs/tmc_shapley_sweep_all_traits/shards/shard_011/wing/tmp/tmc_intermediate_rankings_target_5.csv
2026-03-04 19:37:51 | INFO | src.tmc_shapley_islands | Saved add-curve to outputs/tmc_shapley_sweep_all_traits/shards/shard_011/wing/tmp/add_curve_target_5.csv
2026-03-04 19:37:51 | INFO | src.tmc_shapley_islands | Saved remove-curve to outputs/tmc_shapley_sweep_all_traits/shards/shard_011/wing/tmp/remove_curve_target_5.csv
2026-03-04 19:37:51 | INFO | src.tmc_shapley_islands | Saved bar plot to outputs/tmc_shapley_sweep_all_traits/shards/shard_011/wing/tmp/shapley_bar_target_5.png
2026-03-04 19:37:52 | INFO | src.tmc_shapley_islands | Saved add-curve plot to outputs/tmc_shapley_sweep_all_traits/shards/shard_011/wing/tmp/add_curve_target_5.png
2026-03-04 19:37:52 | INFO | src.tmc_shapley_islands | Saved remove-curve plot to outputs/tmc_shapley_sweep_all_traits/shards/shard_011/wing/tmp/remove_curve_target_5.png
2026-03-04 19:37:52 | INFO | __main__ | Shard 11/30 trait=wing progress 39/75 | target=5 n_cal_samples=40 perm=80 repeat=3
2026-03-04 19:37:52 | INFO | src.tmc_shapley_islands | [Shapley] Target island: 5 (Hestmannøy), source islands: 15
2026-03-04 19:37:53 | INFO | src.tmc_shapley_islands | Data: source=4578 (across 15 islands), cal=40, test=905
2026-03-04 19:37:53 | INFO | src.tmc_shapley_islands | SNP selection: using fixed precomputed subset (n=20000)
2026-03-04 19:37:53 | INFO | src.tmc_shapley_islands | Island counts (capped to None in training):
  Nesøy: n=118
  Myken: n=92
  Træna: n=286
  Selvær: n=191
  Gjerøy: n=553
  Indre Kvarøy: n=349
  Onøy og Lurøy: n=256
  Lovund: n=151
  Sleneset: n=160
  Aldra: n=173
  Southern 1: n=581
  Southern 2: n=397
  Southern 3: n=583
  Southern 4: n=486
  Southern 5: n=202
2026-03-04 19:37:53 | INFO | src.tmc_shapley_islands | Loaded 495 cached utilities from outputs/tmc_shapley_sweep_all_traits/cache/wing/utility_cache_target_5_seed_1274764345.json
2026-03-04 19:37:53 | INFO | src.tmc_shapley_islands | Running TMC-Shapley with 80 permutations (utility on cal set)...
2026-03-04 19:37:53 | INFO | src.tmc_shapley_islands | Computing V_full over all 15 source islands...
2026-03-04 19:37:53 | INFO | src.tmc_shapley_islands | V_full = 0.0262
2026-03-04 19:37:53 | INFO | src.tmc_shapley_islands | TMC head-start: loaded 40 completed permutations from state outputs/tmc_shapley_sweep_all_traits/cache/wing/tmc_perm_state_target_5_seed_1274764345.json
2026-03-04 19:39:26 | INFO | src.tmc_shapley_islands | TMC progress: 48/80 permutations done, cache hit rate: 25.6%, n_evals: 90
2026-03-04 19:42:30 | INFO | src.tmc_shapley_islands | TMC progress: 64/80 permutations done, cache hit rate: 29.6%, n_evals: 254
2026-03-04 19:45:23 | INFO | src.tmc_shapley_islands | TMC progress: 80/80 permutations done, cache hit rate: 29.6%, n_evals: 423
2026-03-04 19:45:23 | INFO | src.tmc_shapley_islands | TMC complete: 80 permutations, 0 truncated, 423 utility evals, cache hit rate: 29.6%
2026-03-04 19:45:23 | INFO | src.tmc_shapley_islands | Shapley values (phi, computed on cal set):
2026-03-04 19:45:23 | INFO | src.tmc_shapley_islands |   Nesøy: phi=-0.013611, phi/n=-0.00011534
2026-03-04 19:45:23 | INFO | src.tmc_shapley_islands |   Myken: phi=-0.018199, phi/n=-0.00019782
2026-03-04 19:45:23 | INFO | src.tmc_shapley_islands |   Træna: phi=0.102356, phi/n=0.00035789
2026-03-04 19:45:23 | INFO | src.tmc_shapley_islands |   Selvær: phi=0.070112, phi/n=0.00036708
2026-03-04 19:45:23 | INFO | src.tmc_shapley_islands |   Gjerøy: phi=-0.072640, phi/n=-0.00013136
2026-03-04 19:45:23 | INFO | src.tmc_shapley_islands |   Indre Kvarøy: phi=0.029339, phi/n=0.00008407
2026-03-04 19:45:23 | INFO | src.tmc_shapley_islands |   Onøy og Lurøy: phi=0.006102, phi/n=0.00002384
2026-03-04 19:45:23 | INFO | src.tmc_shapley_islands |   Lovund: phi=0.019965, phi/n=0.00013222
2026-03-04 19:45:23 | INFO | src.tmc_shapley_islands |   Sleneset: phi=0.014285, phi/n=0.00008928
2026-03-04 19:45:23 | INFO | src.tmc_shapley_islands |   Aldra: phi=-0.073311, phi/n=-0.00042376
2026-03-04 19:45:23 | INFO | src.tmc_shapley_islands |   Southern 1: phi=-0.053033, phi/n=-0.00009128
2026-03-04 19:45:23 | INFO | src.tmc_shapley_islands |   Southern 2: phi=0.053833, phi/n=0.00013560
2026-03-04 19:45:23 | INFO | src.tmc_shapley_islands |   Southern 3: phi=-0.078803, phi/n=-0.00013517
2026-03-04 19:45:23 | INFO | src.tmc_shapley_islands |   Southern 4: phi=0.048180, phi/n=0.00009914
2026-03-04 19:45:23 | INFO | src.tmc_shapley_islands |   Southern 5: phi=-0.008417, phi/n=-0.00004167
2026-03-04 19:45:23 | INFO | src.tmc_shapley_islands | Curve retraining early stopping: enabled=True, patience=20
2026-03-04 19:45:23 | INFO | src.tmc_shapley_islands | Computing add-islands curve (evaluated on test set)...
2026-03-04 19:45:23 | INFO | src.tmc_shapley_islands | Add-curve (mean): 1 islands, n=191 -> corr=0.0457
2026-03-04 19:45:23 | INFO | src.tmc_shapley_islands | Add-curve (mean): 2 islands, n=477 -> corr=0.0821
2026-03-04 19:45:23 | INFO | src.tmc_shapley_islands | Add-curve (mean): 3 islands, n=874 -> corr=0.0653
2026-03-04 19:45:24 | INFO | src.tmc_shapley_islands | Add-curve (mean): 4 islands, n=1025 -> corr=0.0580
2026-03-04 19:45:25 | INFO | src.tmc_shapley_islands | Add-curve (mean): 5 islands, n=1511 -> corr=0.0813
2026-03-04 19:45:25 | INFO | src.tmc_shapley_islands | Add-curve (mean): 6 islands, n=1671 -> corr=0.0856
2026-03-04 19:45:26 | INFO | src.tmc_shapley_islands | Add-curve (mean): 7 islands, n=2020 -> corr=0.1208
2026-03-04 19:45:27 | INFO | src.tmc_shapley_islands | Add-curve (mean): 8 islands, n=2276 -> corr=0.1650
2026-03-04 19:45:28 | INFO | src.tmc_shapley_islands | Add-curve (mean): 9 islands, n=2478 -> corr=0.1614
2026-03-04 19:45:29 | INFO | src.tmc_shapley_islands | Add-curve (mean): 10 islands, n=3059 -> corr=0.1624
2026-03-04 19:45:31 | INFO | src.tmc_shapley_islands | Add-curve (mean): 11 islands, n=3177 -> corr=0.1686
2026-03-04 19:45:32 | INFO | src.tmc_shapley_islands | Add-curve (mean): 12 islands, n=3730 -> corr=0.1664
2026-03-04 19:45:34 | INFO | src.tmc_shapley_islands | Add-curve (mean): 13 islands, n=4313 -> corr=0.1545
2026-03-04 19:45:36 | INFO | src.tmc_shapley_islands | Add-curve (mean): 14 islands, n=4405 -> corr=0.1550
2026-03-04 19:45:38 | INFO | src.tmc_shapley_islands | Add-curve (mean): 15 islands, n=4578 -> corr=0.1599
2026-03-04 19:45:50 | INFO | src.tmc_shapley_islands | Random individual add-curve (seed=0) complete
2026-03-04 19:46:02 | INFO | src.tmc_shapley_islands | Random individual add-curve (seed=1) complete
2026-03-04 19:46:13 | INFO | src.tmc_shapley_islands | Random individual add-curve (seed=2) complete
2026-03-04 19:46:26 | INFO | src.tmc_shapley_islands | Random individual add-curve (seed=3) complete
2026-03-04 19:46:36 | INFO | src.tmc_shapley_islands | Random individual add-curve (seed=4) complete
2026-03-04 19:46:36 | INFO | src.tmc_shapley_islands | Building mirrored remove-islands curve from add-islands curve...
2026-03-04 19:46:36 | INFO | src.tmc_shapley_islands | Saved Shapley values to outputs/tmc_shapley_sweep_all_traits/shards/shard_011/wing/tmp/shapley_island_values_target_5.csv
2026-03-04 19:46:36 | INFO | src.tmc_shapley_islands | Saved summary to outputs/tmc_shapley_sweep_all_traits/shards/shard_011/wing/tmp/tmc_summary_target_5.json
2026-03-04 19:46:36 | INFO | src.tmc_shapley_islands | Saved intermediate ranking trace to outputs/tmc_shapley_sweep_all_traits/shards/shard_011/wing/tmp/tmc_intermediate_rankings_target_5.csv
2026-03-04 19:46:36 | INFO | src.tmc_shapley_islands | Saved add-curve to outputs/tmc_shapley_sweep_all_traits/shards/shard_011/wing/tmp/add_curve_target_5.csv
2026-03-04 19:46:36 | INFO | src.tmc_shapley_islands | Saved remove-curve to outputs/tmc_shapley_sweep_all_traits/shards/shard_011/wing/tmp/remove_curve_target_5.csv
2026-03-04 19:46:36 | INFO | src.tmc_shapley_islands | Saved bar plot to outputs/tmc_shapley_sweep_all_traits/shards/shard_011/wing/tmp/shapley_bar_target_5.png
2026-03-04 19:46:37 | INFO | src.tmc_shapley_islands | Saved add-curve plot to outputs/tmc_shapley_sweep_all_traits/shards/shard_011/wing/tmp/add_curve_target_5.png
2026-03-04 19:46:37 | INFO | src.tmc_shapley_islands | Saved remove-curve plot to outputs/tmc_shapley_sweep_all_traits/shards/shard_011/wing/tmp/remove_curve_target_5.png
2026-03-04 19:46:37 | INFO | __main__ | Shard 11/30 trait=wing progress 40/75 | target=5 n_cal_samples=40 perm=150 repeat=3
2026-03-04 19:46:37 | INFO | src.tmc_shapley_islands | [Shapley] Target island: 5 (Hestmannøy), source islands: 15
2026-03-04 19:46:38 | INFO | src.tmc_shapley_islands | Data: source=4578 (across 15 islands), cal=40, test=905
2026-03-04 19:46:38 | INFO | src.tmc_shapley_islands | SNP selection: using fixed precomputed subset (n=20000)
2026-03-04 19:46:38 | INFO | src.tmc_shapley_islands | Island counts (capped to None in training):
  Nesøy: n=118
  Myken: n=92
  Træna: n=286
  Selvær: n=191
  Gjerøy: n=553
  Indre Kvarøy: n=349
  Onøy og Lurøy: n=256
  Lovund: n=151
  Sleneset: n=160
  Aldra: n=173
  Southern 1: n=581
  Southern 2: n=397
  Southern 3: n=583
  Southern 4: n=486
  Southern 5: n=202
2026-03-04 19:46:38 | INFO | src.tmc_shapley_islands | Loaded 918 cached utilities from outputs/tmc_shapley_sweep_all_traits/cache/wing/utility_cache_target_5_seed_1274764345.json
2026-03-04 19:46:38 | INFO | src.tmc_shapley_islands | Running TMC-Shapley with 150 permutations (utility on cal set)...
2026-03-04 19:46:38 | INFO | src.tmc_shapley_islands | Computing V_full over all 15 source islands...
2026-03-04 19:46:38 | INFO | src.tmc_shapley_islands | V_full = 0.0262
2026-03-04 19:46:38 | INFO | src.tmc_shapley_islands | TMC head-start: loaded 80 completed permutations from state outputs/tmc_shapley_sweep_all_traits/cache/wing/tmc_perm_state_target_5_seed_1274764345.json
2026-03-04 19:48:38 | INFO | src.tmc_shapley_islands | TMC progress: 90/150 permutations done, cache hit rate: 33.8%, n_evals: 100
2026-03-04 19:54:14 | INFO | src.tmc_shapley_islands | TMC progress: 120/150 permutations done, cache hit rate: 33.4%, n_evals: 400
2026-03-04 19:59:17 | INFO | src.tmc_shapley_islands | TMC progress: 150/150 permutations done, cache hit rate: 34.3%, n_evals: 690
2026-03-04 19:59:17 | INFO | src.tmc_shapley_islands | TMC complete: 150 permutations, 0 truncated, 690 utility evals, cache hit rate: 34.3%
2026-03-04 19:59:17 | INFO | src.tmc_shapley_islands | Shapley values (phi, computed on cal set):
2026-03-04 19:59:17 | INFO | src.tmc_shapley_islands |   Nesøy: phi=-0.014089, phi/n=-0.00011940
2026-03-04 19:59:17 | INFO | src.tmc_shapley_islands |   Myken: phi=-0.019825, phi/n=-0.00021549
2026-03-04 19:59:17 | INFO | src.tmc_shapley_islands |   Træna: phi=0.100353, phi/n=0.00035088
2026-03-04 19:59:17 | INFO | src.tmc_shapley_islands |   Selvær: phi=0.065712, phi/n=0.00034404
2026-03-04 19:59:17 | INFO | src.tmc_shapley_islands |   Gjerøy: phi=-0.075235, phi/n=-0.00013605
2026-03-04 19:59:17 | INFO | src.tmc_shapley_islands |   Indre Kvarøy: phi=0.028814, phi/n=0.00008256
2026-03-04 19:59:17 | INFO | src.tmc_shapley_islands |   Onøy og Lurøy: phi=0.005826, phi/n=0.00002276
2026-03-04 19:59:17 | INFO | src.tmc_shapley_islands |   Lovund: phi=0.022354, phi/n=0.00014804
2026-03-04 19:59:17 | INFO | src.tmc_shapley_islands |   Sleneset: phi=0.014969, phi/n=0.00009356
2026-03-04 19:59:17 | INFO | src.tmc_shapley_islands |   Aldra: phi=-0.070663, phi/n=-0.00040846
2026-03-04 19:59:17 | INFO | src.tmc_shapley_islands |   Southern 1: phi=-0.050664, phi/n=-0.00008720
2026-03-04 19:59:17 | INFO | src.tmc_shapley_islands |   Southern 2: phi=0.058435, phi/n=0.00014719
2026-03-04 19:59:17 | INFO | src.tmc_shapley_islands |   Southern 3: phi=-0.078592, phi/n=-0.00013481
2026-03-04 19:59:17 | INFO | src.tmc_shapley_islands |   Southern 4: phi=0.047037, phi/n=0.00009678
2026-03-04 19:59:17 | INFO | src.tmc_shapley_islands |   Southern 5: phi=-0.008274, phi/n=-0.00004096
2026-03-04 19:59:17 | INFO | src.tmc_shapley_islands | Curve retraining early stopping: enabled=True, patience=20
2026-03-04 19:59:17 | INFO | src.tmc_shapley_islands | Computing add-islands curve (evaluated on test set)...
2026-03-04 19:59:17 | INFO | src.tmc_shapley_islands | Add-curve (mean): 1 islands, n=286 -> corr=0.0726
2026-03-04 19:59:17 | INFO | src.tmc_shapley_islands | Add-curve (mean): 2 islands, n=477 -> corr=0.0821
2026-03-04 19:59:18 | INFO | src.tmc_shapley_islands | Add-curve (mean): 3 islands, n=628 -> corr=0.0701
2026-03-04 19:59:18 | INFO | src.tmc_shapley_islands | Add-curve (mean): 4 islands, n=1025 -> corr=0.0580
2026-03-04 19:59:19 | INFO | src.tmc_shapley_islands | Add-curve (mean): 5 islands, n=1511 -> corr=0.0813
2026-03-04 19:59:19 | INFO | src.tmc_shapley_islands | Add-curve (mean): 6 islands, n=1671 -> corr=0.0856
2026-03-04 19:59:20 | INFO | src.tmc_shapley_islands | Add-curve (mean): 7 islands, n=2020 -> corr=0.1208
2026-03-04 19:59:21 | INFO | src.tmc_shapley_islands | Add-curve (mean): 8 islands, n=2276 -> corr=0.1650
2026-03-04 19:59:22 | INFO | src.tmc_shapley_islands | Add-curve (mean): 9 islands, n=2478 -> corr=0.1614
2026-03-04 19:59:23 | INFO | src.tmc_shapley_islands | Add-curve (mean): 10 islands, n=3059 -> corr=0.1624
2026-03-04 19:59:25 | INFO | src.tmc_shapley_islands | Add-curve (mean): 11 islands, n=3177 -> corr=0.1686
2026-03-04 19:59:26 | INFO | src.tmc_shapley_islands | Add-curve (mean): 12 islands, n=3760 -> corr=0.1530
2026-03-04 19:59:28 | INFO | src.tmc_shapley_islands | Add-curve (mean): 13 islands, n=4313 -> corr=0.1545
2026-03-04 19:59:30 | INFO | src.tmc_shapley_islands | Add-curve (mean): 14 islands, n=4405 -> corr=0.1550
2026-03-04 19:59:32 | INFO | src.tmc_shapley_islands | Add-curve (mean): 15 islands, n=4578 -> corr=0.1599
2026-03-04 19:59:46 | INFO | src.tmc_shapley_islands | Random individual add-curve (seed=0) complete
2026-03-04 19:59:57 | INFO | src.tmc_shapley_islands | Random individual add-curve (seed=1) complete
2026-03-04 20:00:11 | INFO | src.tmc_shapley_islands | Random individual add-curve (seed=2) complete
2026-03-04 20:00:25 | INFO | src.tmc_shapley_islands | Random individual add-curve (seed=3) complete
2026-03-04 20:00:39 | INFO | src.tmc_shapley_islands | Random individual add-curve (seed=4) complete
2026-03-04 20:00:39 | INFO | src.tmc_shapley_islands | Building mirrored remove-islands curve from add-islands curve...
2026-03-04 20:00:39 | INFO | src.tmc_shapley_islands | Saved Shapley values to outputs/tmc_shapley_sweep_all_traits/shards/shard_011/wing/tmp/shapley_island_values_target_5.csv
2026-03-04 20:00:39 | INFO | src.tmc_shapley_islands | Saved summary to outputs/tmc_shapley_sweep_all_traits/shards/shard_011/wing/tmp/tmc_summary_target_5.json
2026-03-04 20:00:39 | INFO | src.tmc_shapley_islands | Saved intermediate ranking trace to outputs/tmc_shapley_sweep_all_traits/shards/shard_011/wing/tmp/tmc_intermediate_rankings_target_5.csv
2026-03-04 20:00:39 | INFO | src.tmc_shapley_islands | Saved add-curve to outputs/tmc_shapley_sweep_all_traits/shards/shard_011/wing/tmp/add_curve_target_5.csv
2026-03-04 20:00:39 | INFO | src.tmc_shapley_islands | Saved remove-curve to outputs/tmc_shapley_sweep_all_traits/shards/shard_011/wing/tmp/remove_curve_target_5.csv
2026-03-04 20:00:40 | INFO | src.tmc_shapley_islands | Saved bar plot to outputs/tmc_shapley_sweep_all_traits/shards/shard_011/wing/tmp/shapley_bar_target_5.png
2026-03-04 20:00:40 | INFO | src.tmc_shapley_islands | Saved add-curve plot to outputs/tmc_shapley_sweep_all_traits/shards/shard_011/wing/tmp/add_curve_target_5.png
2026-03-04 20:00:41 | INFO | src.tmc_shapley_islands | Saved remove-curve plot to outputs/tmc_shapley_sweep_all_traits/shards/shard_011/wing/tmp/remove_curve_target_5.png
2026-03-04 20:00:41 | INFO | __main__ | Shard 11/30 trait=wing progress 41/75 | target=5 n_cal_samples=80 perm=10 repeat=3
2026-03-04 20:00:41 | INFO | src.tmc_shapley_islands | [Shapley] Target island: 5 (Hestmannøy), source islands: 15
2026-03-04 20:00:41 | INFO | src.tmc_shapley_islands | Data: source=4578 (across 15 islands), cal=80, test=905
2026-03-04 20:00:41 | INFO | src.tmc_shapley_islands | SNP selection: using fixed precomputed subset (n=20000)
2026-03-04 20:00:41 | INFO | src.tmc_shapley_islands | Island counts (capped to None in training):
  Nesøy: n=118
  Myken: n=92
  Træna: n=286
  Selvær: n=191
  Gjerøy: n=553
  Indre Kvarøy: n=349
  Onøy og Lurøy: n=256
  Lovund: n=151
  Sleneset: n=160
  Aldra: n=173
  Southern 1: n=581
  Southern 2: n=397
  Southern 3: n=583
  Southern 4: n=486
  Southern 5: n=202
2026-03-04 20:00:41 | INFO | src.tmc_shapley_islands | Running TMC-Shapley with 10 permutations (utility on cal set)...
2026-03-04 20:00:41 | INFO | src.tmc_shapley_islands | Computing V_full over all 15 source islands...
2026-03-04 20:00:43 | INFO | src.tmc_shapley_islands | V_full = 0.1222
2026-03-04 20:01:10 | INFO | src.tmc_shapley_islands | TMC progress: 2/10 permutations done, cache hit rate: 6.5%, n_evals: 29
2026-03-04 20:01:33 | INFO | src.tmc_shapley_islands | TMC progress: 4/10 permutations done, cache hit rate: 6.6%, n_evals: 57
2026-03-04 20:01:56 | INFO | src.tmc_shapley_islands | TMC progress: 6/10 permutations done, cache hit rate: 7.7%, n_evals: 84
2026-03-04 20:02:19 | INFO | src.tmc_shapley_islands | TMC progress: 8/10 permutations done, cache hit rate: 11.6%, n_evals: 107
2026-03-04 20:02:56 | INFO | src.tmc_shapley_islands | TMC progress: 10/10 permutations done, cache hit rate: 11.9%, n_evals: 133
2026-03-04 20:02:56 | INFO | src.tmc_shapley_islands | TMC complete: 10 permutations, 0 truncated, 133 utility evals, cache hit rate: 11.9%
2026-03-04 20:02:56 | INFO | src.tmc_shapley_islands | Shapley values (phi, computed on cal set):
2026-03-04 20:02:56 | INFO | src.tmc_shapley_islands |   Nesøy: phi=0.036544, phi/n=0.00030969
2026-03-04 20:02:56 | INFO | src.tmc_shapley_islands |   Myken: phi=-0.006598, phi/n=-0.00007172
2026-03-04 20:02:56 | INFO | src.tmc_shapley_islands |   Træna: phi=0.043840, phi/n=0.00015329
2026-03-04 20:02:56 | INFO | src.tmc_shapley_islands |   Selvær: phi=0.086908, phi/n=0.00045502
2026-03-04 20:02:56 | INFO | src.tmc_shapley_islands |   Gjerøy: phi=0.036263, phi/n=0.00006558
2026-03-04 20:02:56 | INFO | src.tmc_shapley_islands |   Indre Kvarøy: phi=-0.037953, phi/n=-0.00010875
2026-03-04 20:02:56 | INFO | src.tmc_shapley_islands |   Onøy og Lurøy: phi=0.127882, phi/n=0.00049954
2026-03-04 20:02:56 | INFO | src.tmc_shapley_islands |   Lovund: phi=-0.057804, phi/n=-0.00038280
2026-03-04 20:02:56 | INFO | src.tmc_shapley_islands |   Sleneset: phi=-0.025250, phi/n=-0.00015781
2026-03-04 20:02:56 | INFO | src.tmc_shapley_islands |   Aldra: phi=0.016939, phi/n=0.00009791
2026-03-04 20:02:56 | INFO | src.tmc_shapley_islands |   Southern 1: phi=-0.010556, phi/n=-0.00001817
2026-03-04 20:02:56 | INFO | src.tmc_shapley_islands |   Southern 2: phi=-0.034538, phi/n=-0.00008700
2026-03-04 20:02:56 | INFO | src.tmc_shapley_islands |   Southern 3: phi=-0.027292, phi/n=-0.00004681
2026-03-04 20:02:56 | INFO | src.tmc_shapley_islands |   Southern 4: phi=0.011126, phi/n=0.00002289
2026-03-04 20:02:56 | INFO | src.tmc_shapley_islands |   Southern 5: phi=-0.037266, phi/n=-0.00018449
2026-03-04 20:02:56 | INFO | src.tmc_shapley_islands | Curve retraining early stopping: enabled=True, patience=20
2026-03-04 20:02:56 | INFO | src.tmc_shapley_islands | Computing add-islands curve (evaluated on test set)...
2026-03-04 20:02:57 | INFO | src.tmc_shapley_islands | Add-curve (mean): 1 islands, n=256 -> corr=0.0985
2026-03-04 20:02:57 | INFO | src.tmc_shapley_islands | Add-curve (mean): 2 islands, n=447 -> corr=0.0816
2026-03-04 20:02:57 | INFO | src.tmc_shapley_islands | Add-curve (mean): 3 islands, n=565 -> corr=0.0909
2026-03-04 20:02:57 | INFO | src.tmc_shapley_islands | Add-curve (mean): 4 islands, n=851 -> corr=0.1071
2026-03-04 20:02:58 | INFO | src.tmc_shapley_islands | Add-curve (mean): 5 islands, n=1024 -> corr=0.1056
2026-03-04 20:02:58 | INFO | src.tmc_shapley_islands | Add-curve (mean): 6 islands, n=1577 -> corr=0.1094
2026-03-04 20:02:59 | INFO | src.tmc_shapley_islands | Add-curve (mean): 7 islands, n=2063 -> corr=0.1189
2026-03-04 20:03:00 | INFO | src.tmc_shapley_islands | Add-curve (mean): 8 islands, n=2644 -> corr=0.1240
2026-03-04 20:03:01 | INFO | src.tmc_shapley_islands | Add-curve (mean): 9 islands, n=3227 -> corr=0.1046
2026-03-04 20:03:02 | INFO | src.tmc_shapley_islands | Add-curve (mean): 10 islands, n=3319 -> corr=0.1022
2026-03-04 20:03:04 | INFO | src.tmc_shapley_islands | Add-curve (mean): 11 islands, n=3716 -> corr=0.1028
2026-03-04 20:03:06 | INFO | src.tmc_shapley_islands | Add-curve (mean): 12 islands, n=4065 -> corr=0.1273
2026-03-04 20:03:07 | INFO | src.tmc_shapley_islands | Add-curve (mean): 13 islands, n=4225 -> corr=0.1322
2026-03-04 20:03:09 | INFO | src.tmc_shapley_islands | Add-curve (mean): 14 islands, n=4427 -> corr=0.1334
2026-03-04 20:03:11 | INFO | src.tmc_shapley_islands | Add-curve (mean): 15 islands, n=4578 -> corr=0.1357
2026-03-04 20:03:22 | INFO | src.tmc_shapley_islands | Random individual add-curve (seed=0) complete
2026-03-04 20:03:33 | INFO | src.tmc_shapley_islands | Random individual add-curve (seed=1) complete
2026-03-04 20:03:44 | INFO | src.tmc_shapley_islands | Random individual add-curve (seed=2) complete
2026-03-04 20:04:02 | INFO | src.tmc_shapley_islands | Random individual add-curve (seed=3) complete
2026-03-04 20:04:14 | INFO | src.tmc_shapley_islands | Random individual add-curve (seed=4) complete
2026-03-04 20:04:14 | INFO | src.tmc_shapley_islands | Building mirrored remove-islands curve from add-islands curve...
2026-03-04 20:04:14 | INFO | src.tmc_shapley_islands | Saved Shapley values to outputs/tmc_shapley_sweep_all_traits/shards/shard_011/wing/tmp/shapley_island_values_target_5.csv
2026-03-04 20:04:14 | INFO | src.tmc_shapley_islands | Saved summary to outputs/tmc_shapley_sweep_all_traits/shards/shard_011/wing/tmp/tmc_summary_target_5.json
2026-03-04 20:04:14 | INFO | src.tmc_shapley_islands | Saved intermediate ranking trace to outputs/tmc_shapley_sweep_all_traits/shards/shard_011/wing/tmp/tmc_intermediate_rankings_target_5.csv
2026-03-04 20:04:14 | INFO | src.tmc_shapley_islands | Saved add-curve to outputs/tmc_shapley_sweep_all_traits/shards/shard_011/wing/tmp/add_curve_target_5.csv
2026-03-04 20:04:14 | INFO | src.tmc_shapley_islands | Saved remove-curve to outputs/tmc_shapley_sweep_all_traits/shards/shard_011/wing/tmp/remove_curve_target_5.csv
2026-03-04 20:04:14 | INFO | src.tmc_shapley_islands | Saved bar plot to outputs/tmc_shapley_sweep_all_traits/shards/shard_011/wing/tmp/shapley_bar_target_5.png
2026-03-04 20:04:15 | INFO | src.tmc_shapley_islands | Saved add-curve plot to outputs/tmc_shapley_sweep_all_traits/shards/shard_011/wing/tmp/add_curve_target_5.png
2026-03-04 20:04:15 | INFO | src.tmc_shapley_islands | Saved remove-curve plot to outputs/tmc_shapley_sweep_all_traits/shards/shard_011/wing/tmp/remove_curve_target_5.png
2026-03-04 20:04:15 | INFO | __main__ | Shard 11/30 trait=wing progress 42/75 | target=5 n_cal_samples=80 perm=20 repeat=3
2026-03-04 20:04:15 | INFO | src.tmc_shapley_islands | [Shapley] Target island: 5 (Hestmannøy), source islands: 15
2026-03-04 20:04:16 | INFO | src.tmc_shapley_islands | Data: source=4578 (across 15 islands), cal=80, test=905
2026-03-04 20:04:16 | INFO | src.tmc_shapley_islands | SNP selection: using fixed precomputed subset (n=20000)
2026-03-04 20:04:16 | INFO | src.tmc_shapley_islands | Island counts (capped to None in training):
  Nesøy: n=118
  Myken: n=92
  Træna: n=286
  Selvær: n=191
  Gjerøy: n=553
  Indre Kvarøy: n=349
  Onøy og Lurøy: n=256
  Lovund: n=151
  Sleneset: n=160
  Aldra: n=173
  Southern 1: n=581
  Southern 2: n=397
  Southern 3: n=583
  Southern 4: n=486
  Southern 5: n=202
2026-03-04 20:04:16 | INFO | src.tmc_shapley_islands | Loaded 133 cached utilities from outputs/tmc_shapley_sweep_all_traits/cache/wing/utility_cache_target_5_seed_1057847981.json
2026-03-04 20:04:16 | INFO | src.tmc_shapley_islands | Running TMC-Shapley with 20 permutations (utility on cal set)...
2026-03-04 20:04:16 | INFO | src.tmc_shapley_islands | Computing V_full over all 15 source islands...
2026-03-04 20:04:16 | INFO | src.tmc_shapley_islands | V_full = 0.1222
2026-03-04 20:04:16 | INFO | src.tmc_shapley_islands | TMC head-start: loaded 10 completed permutations from state outputs/tmc_shapley_sweep_all_traits/cache/wing/tmc_perm_state_target_5_seed_1057847981.json
2026-03-04 20:04:38 | INFO | src.tmc_shapley_islands | TMC progress: 12/20 permutations done, cache hit rate: 19.4%, n_evals: 25
2026-03-04 20:05:27 | INFO | src.tmc_shapley_islands | TMC progress: 16/20 permutations done, cache hit rate: 19.8%, n_evals: 73
2026-03-04 20:06:18 | INFO | src.tmc_shapley_islands | TMC progress: 20/20 permutations done, cache hit rate: 17.9%, n_evals: 124
2026-03-04 20:06:18 | INFO | src.tmc_shapley_islands | TMC complete: 20 permutations, 0 truncated, 124 utility evals, cache hit rate: 17.9%
2026-03-04 20:06:18 | INFO | src.tmc_shapley_islands | Shapley values (phi, computed on cal set):
2026-03-04 20:06:18 | INFO | src.tmc_shapley_islands |   Nesøy: phi=0.037411, phi/n=0.00031704
2026-03-04 20:06:18 | INFO | src.tmc_shapley_islands |   Myken: phi=-0.008905, phi/n=-0.00009679
2026-03-04 20:06:18 | INFO | src.tmc_shapley_islands |   Træna: phi=0.048048, phi/n=0.00016800
2026-03-04 20:06:18 | INFO | src.tmc_shapley_islands |   Selvær: phi=0.078363, phi/n=0.00041028
2026-03-04 20:06:18 | INFO | src.tmc_shapley_islands |   Gjerøy: phi=0.037596, phi/n=0.00006799
2026-03-04 20:06:18 | INFO | src.tmc_shapley_islands |   Indre Kvarøy: phi=-0.041946, phi/n=-0.00012019
2026-03-04 20:06:18 | INFO | src.tmc_shapley_islands |   Onøy og Lurøy: phi=0.132655, phi/n=0.00051818
2026-03-04 20:06:18 | INFO | src.tmc_shapley_islands |   Lovund: phi=-0.074263, phi/n=-0.00049181
2026-03-04 20:06:18 | INFO | src.tmc_shapley_islands |   Sleneset: phi=-0.026082, phi/n=-0.00016301
2026-03-04 20:06:18 | INFO | src.tmc_shapley_islands |   Aldra: phi=0.015125, phi/n=0.00008743
2026-03-04 20:06:18 | INFO | src.tmc_shapley_islands |   Southern 1: phi=-0.006984, phi/n=-0.00001202
2026-03-04 20:06:18 | INFO | src.tmc_shapley_islands |   Southern 2: phi=-0.031133, phi/n=-0.00007842
2026-03-04 20:06:18 | INFO | src.tmc_shapley_islands |   Southern 3: phi=-0.025358, phi/n=-0.00004350
2026-03-04 20:06:18 | INFO | src.tmc_shapley_islands |   Southern 4: phi=0.015910, phi/n=0.00003274
2026-03-04 20:06:18 | INFO | src.tmc_shapley_islands |   Southern 5: phi=-0.028192, phi/n=-0.00013956
2026-03-04 20:06:18 | INFO | src.tmc_shapley_islands | Curve retraining early stopping: enabled=True, patience=20
2026-03-04 20:06:18 | INFO | src.tmc_shapley_islands | Computing add-islands curve (evaluated on test set)...
2026-03-04 20:06:18 | INFO | src.tmc_shapley_islands | Add-curve (mean): 1 islands, n=256 -> corr=0.0985
2026-03-04 20:06:18 | INFO | src.tmc_shapley_islands | Add-curve (mean): 2 islands, n=447 -> corr=0.0816
2026-03-04 20:06:19 | INFO | src.tmc_shapley_islands | Add-curve (mean): 3 islands, n=565 -> corr=0.0909
2026-03-04 20:06:19 | INFO | src.tmc_shapley_islands | Add-curve (mean): 4 islands, n=851 -> corr=0.1071
2026-03-04 20:06:19 | INFO | src.tmc_shapley_islands | Add-curve (mean): 5 islands, n=1024 -> corr=0.1056
2026-03-04 20:06:20 | INFO | src.tmc_shapley_islands | Add-curve (mean): 6 islands, n=1577 -> corr=0.1094
2026-03-04 20:06:21 | INFO | src.tmc_shapley_islands | Add-curve (mean): 7 islands, n=2063 -> corr=0.1189
2026-03-04 20:06:22 | INFO | src.tmc_shapley_islands | Add-curve (mean): 8 islands, n=2644 -> corr=0.1240
2026-03-04 20:06:23 | INFO | src.tmc_shapley_islands | Add-curve (mean): 9 islands, n=3227 -> corr=0.1046
2026-03-04 20:06:25 | INFO | src.tmc_shapley_islands | Add-curve (mean): 10 islands, n=3624 -> corr=0.1054
2026-03-04 20:06:29 | INFO | src.tmc_shapley_islands | Add-curve (mean): 11 islands, n=3716 -> corr=0.1028
2026-03-04 20:06:34 | INFO | src.tmc_shapley_islands | Add-curve (mean): 12 islands, n=4065 -> corr=0.1273
2026-03-04 20:06:36 | INFO | src.tmc_shapley_islands | Add-curve (mean): 13 islands, n=4267 -> corr=0.1285
2026-03-04 20:06:38 | INFO | src.tmc_shapley_islands | Add-curve (mean): 14 islands, n=4427 -> corr=0.1334
2026-03-04 20:06:39 | INFO | src.tmc_shapley_islands | Add-curve (mean): 15 islands, n=4578 -> corr=0.1357
2026-03-04 20:06:53 | INFO | src.tmc_shapley_islands | Random individual add-curve (seed=0) complete
2026-03-04 20:07:09 | INFO | src.tmc_shapley_islands | Random individual add-curve (seed=1) complete
2026-03-04 20:07:20 | INFO | src.tmc_shapley_islands | Random individual add-curve (seed=2) complete
2026-03-04 20:07:32 | INFO | src.tmc_shapley_islands | Random individual add-curve (seed=3) complete
2026-03-04 20:07:55 | INFO | src.tmc_shapley_islands | Random individual add-curve (seed=4) complete
2026-03-04 20:07:55 | INFO | src.tmc_shapley_islands | Building mirrored remove-islands curve from add-islands curve...
2026-03-04 20:07:55 | INFO | src.tmc_shapley_islands | Saved Shapley values to outputs/tmc_shapley_sweep_all_traits/shards/shard_011/wing/tmp/shapley_island_values_target_5.csv
2026-03-04 20:07:55 | INFO | src.tmc_shapley_islands | Saved summary to outputs/tmc_shapley_sweep_all_traits/shards/shard_011/wing/tmp/tmc_summary_target_5.json
2026-03-04 20:07:55 | INFO | src.tmc_shapley_islands | Saved intermediate ranking trace to outputs/tmc_shapley_sweep_all_traits/shards/shard_011/wing/tmp/tmc_intermediate_rankings_target_5.csv
2026-03-04 20:07:55 | INFO | src.tmc_shapley_islands | Saved add-curve to outputs/tmc_shapley_sweep_all_traits/shards/shard_011/wing/tmp/add_curve_target_5.csv
2026-03-04 20:07:55 | INFO | src.tmc_shapley_islands | Saved remove-curve to outputs/tmc_shapley_sweep_all_traits/shards/shard_011/wing/tmp/remove_curve_target_5.csv
2026-03-04 20:07:56 | INFO | src.tmc_shapley_islands | Saved bar plot to outputs/tmc_shapley_sweep_all_traits/shards/shard_011/wing/tmp/shapley_bar_target_5.png
2026-03-04 20:07:56 | INFO | src.tmc_shapley_islands | Saved add-curve plot to outputs/tmc_shapley_sweep_all_traits/shards/shard_011/wing/tmp/add_curve_target_5.png
2026-03-04 20:07:56 | INFO | src.tmc_shapley_islands | Saved remove-curve plot to outputs/tmc_shapley_sweep_all_traits/shards/shard_011/wing/tmp/remove_curve_target_5.png
2026-03-04 20:07:56 | INFO | __main__ | Shard 11/30 trait=wing progress 43/75 | target=5 n_cal_samples=80 perm=40 repeat=3
2026-03-04 20:07:56 | INFO | src.tmc_shapley_islands | [Shapley] Target island: 5 (Hestmannøy), source islands: 15
2026-03-04 20:07:57 | INFO | src.tmc_shapley_islands | Data: source=4578 (across 15 islands), cal=80, test=905
2026-03-04 20:07:57 | INFO | src.tmc_shapley_islands | SNP selection: using fixed precomputed subset (n=20000)
2026-03-04 20:07:57 | INFO | src.tmc_shapley_islands | Island counts (capped to None in training):
  Nesøy: n=118
  Myken: n=92
  Træna: n=286
  Selvær: n=191
  Gjerøy: n=553
  Indre Kvarøy: n=349
  Onøy og Lurøy: n=256
  Lovund: n=151
  Sleneset: n=160
  Aldra: n=173
  Southern 1: n=581
  Southern 2: n=397
  Southern 3: n=583
  Southern 4: n=486
  Southern 5: n=202
2026-03-04 20:07:57 | INFO | src.tmc_shapley_islands | Loaded 257 cached utilities from outputs/tmc_shapley_sweep_all_traits/cache/wing/utility_cache_target_5_seed_1057847981.json
2026-03-04 20:07:57 | INFO | src.tmc_shapley_islands | Running TMC-Shapley with 40 permutations (utility on cal set)...
2026-03-04 20:07:57 | INFO | src.tmc_shapley_islands | Computing V_full over all 15 source islands...
2026-03-04 20:07:57 | INFO | src.tmc_shapley_islands | V_full = 0.1222
2026-03-04 20:07:57 | INFO | src.tmc_shapley_islands | TMC head-start: loaded 20 completed permutations from state outputs/tmc_shapley_sweep_all_traits/cache/wing/tmc_perm_state_target_5_seed_1057847981.json
2026-03-04 20:08:50 | INFO | src.tmc_shapley_islands | TMC progress: 24/40 permutations done, cache hit rate: 23.0%, n_evals: 47
2026-03-04 20:10:22 | INFO | src.tmc_shapley_islands | TMC progress: 32/40 permutations done, cache hit rate: 23.8%, n_evals: 138
2026-03-04 20:12:08 | INFO | src.tmc_shapley_islands | TMC progress: 40/40 permutations done, cache hit rate: 23.3%, n_evals: 231
2026-03-04 20:12:08 | INFO | src.tmc_shapley_islands | TMC complete: 40 permutations, 0 truncated, 231 utility evals, cache hit rate: 23.3%
2026-03-04 20:12:08 | INFO | src.tmc_shapley_islands | Shapley values (phi, computed on cal set):
2026-03-04 20:12:08 | INFO | src.tmc_shapley_islands |   Nesøy: phi=0.036576, phi/n=0.00030997
2026-03-04 20:12:08 | INFO | src.tmc_shapley_islands |   Myken: phi=-0.011370, phi/n=-0.00012359
2026-03-04 20:12:08 | INFO | src.tmc_shapley_islands |   Træna: phi=0.049877, phi/n=0.00017439
2026-03-04 20:12:08 | INFO | src.tmc_shapley_islands |   Selvær: phi=0.080087, phi/n=0.00041931
2026-03-04 20:12:08 | INFO | src.tmc_shapley_islands |   Gjerøy: phi=0.036618, phi/n=0.00006622
2026-03-04 20:12:08 | INFO | src.tmc_shapley_islands |   Indre Kvarøy: phi=-0.049921, phi/n=-0.00014304
2026-03-04 20:12:08 | INFO | src.tmc_shapley_islands |   Onøy og Lurøy: phi=0.140939, phi/n=0.00055054
2026-03-04 20:12:08 | INFO | src.tmc_shapley_islands |   Lovund: phi=-0.063752, phi/n=-0.00042220
2026-03-04 20:12:08 | INFO | src.tmc_shapley_islands |   Sleneset: phi=-0.026984, phi/n=-0.00016865
2026-03-04 20:12:08 | INFO | src.tmc_shapley_islands |   Aldra: phi=0.016716, phi/n=0.00009662
2026-03-04 20:12:08 | INFO | src.tmc_shapley_islands |   Southern 1: phi=-0.006674, phi/n=-0.00001149
2026-03-04 20:12:08 | INFO | src.tmc_shapley_islands |   Southern 2: phi=-0.030901, phi/n=-0.00007784
2026-03-04 20:12:08 | INFO | src.tmc_shapley_islands |   Southern 3: phi=-0.034573, phi/n=-0.00005930
2026-03-04 20:12:08 | INFO | src.tmc_shapley_islands |   Southern 4: phi=0.012352, phi/n=0.00002542
2026-03-04 20:12:08 | INFO | src.tmc_shapley_islands |   Southern 5: phi=-0.026748, phi/n=-0.00013241
2026-03-04 20:12:08 | INFO | src.tmc_shapley_islands | Curve retraining early stopping: enabled=True, patience=20
2026-03-04 20:12:08 | INFO | src.tmc_shapley_islands | Computing add-islands curve (evaluated on test set)...
2026-03-04 20:12:08 | INFO | src.tmc_shapley_islands | Add-curve (mean): 1 islands, n=256 -> corr=0.0985
2026-03-04 20:12:09 | INFO | src.tmc_shapley_islands | Add-curve (mean): 2 islands, n=447 -> corr=0.0816
2026-03-04 20:12:09 | INFO | src.tmc_shapley_islands | Add-curve (mean): 3 islands, n=565 -> corr=0.0909
2026-03-04 20:12:09 | INFO | src.tmc_shapley_islands | Add-curve (mean): 4 islands, n=851 -> corr=0.1071
2026-03-04 20:12:10 | INFO | src.tmc_shapley_islands | Add-curve (mean): 5 islands, n=1024 -> corr=0.1056
2026-03-04 20:12:11 | INFO | src.tmc_shapley_islands | Add-curve (mean): 6 islands, n=1577 -> corr=0.1094
2026-03-04 20:12:12 | INFO | src.tmc_shapley_islands | Add-curve (mean): 7 islands, n=2063 -> corr=0.1189
2026-03-04 20:12:13 | INFO | src.tmc_shapley_islands | Add-curve (mean): 8 islands, n=2644 -> corr=0.1240
2026-03-04 20:12:14 | INFO | src.tmc_shapley_islands | Add-curve (mean): 9 islands, n=3227 -> corr=0.1046
2026-03-04 20:12:19 | INFO | src.tmc_shapley_islands | Add-curve (mean): 10 islands, n=3624 -> corr=0.1054
2026-03-04 20:12:21 | INFO | src.tmc_shapley_islands | Add-curve (mean): 11 islands, n=3716 -> corr=0.1028
2026-03-04 20:12:25 | INFO | src.tmc_shapley_islands | Add-curve (mean): 12 islands, n=3918 -> corr=0.1043
2026-03-04 20:12:26 | INFO | src.tmc_shapley_islands | Add-curve (mean): 13 islands, n=4267 -> corr=0.1285
2026-03-04 20:12:28 | INFO | src.tmc_shapley_islands | Add-curve (mean): 14 islands, n=4427 -> corr=0.1334
2026-03-04 20:12:30 | INFO | src.tmc_shapley_islands | Add-curve (mean): 15 islands, n=4578 -> corr=0.1357
2026-03-04 20:12:53 | INFO | src.tmc_shapley_islands | Random individual add-curve (seed=0) complete
2026-03-04 20:13:13 | INFO | src.tmc_shapley_islands | Random individual add-curve (seed=1) complete
2026-03-04 20:13:38 | INFO | src.tmc_shapley_islands | Random individual add-curve (seed=2) complete
2026-03-04 20:13:50 | INFO | src.tmc_shapley_islands | Random individual add-curve (seed=3) complete
2026-03-04 20:14:01 | INFO | src.tmc_shapley_islands | Random individual add-curve (seed=4) complete
2026-03-04 20:14:01 | INFO | src.tmc_shapley_islands | Building mirrored remove-islands curve from add-islands curve...
2026-03-04 20:14:01 | INFO | src.tmc_shapley_islands | Saved Shapley values to outputs/tmc_shapley_sweep_all_traits/shards/shard_011/wing/tmp/shapley_island_values_target_5.csv
2026-03-04 20:14:01 | INFO | src.tmc_shapley_islands | Saved summary to outputs/tmc_shapley_sweep_all_traits/shards/shard_011/wing/tmp/tmc_summary_target_5.json
2026-03-04 20:14:01 | INFO | src.tmc_shapley_islands | Saved intermediate ranking trace to outputs/tmc_shapley_sweep_all_traits/shards/shard_011/wing/tmp/tmc_intermediate_rankings_target_5.csv
2026-03-04 20:14:01 | INFO | src.tmc_shapley_islands | Saved add-curve to outputs/tmc_shapley_sweep_all_traits/shards/shard_011/wing/tmp/add_curve_target_5.csv
2026-03-04 20:14:01 | INFO | src.tmc_shapley_islands | Saved remove-curve to outputs/tmc_shapley_sweep_all_traits/shards/shard_011/wing/tmp/remove_curve_target_5.csv
2026-03-04 20:14:02 | INFO | src.tmc_shapley_islands | Saved bar plot to outputs/tmc_shapley_sweep_all_traits/shards/shard_011/wing/tmp/shapley_bar_target_5.png
2026-03-04 20:14:02 | INFO | src.tmc_shapley_islands | Saved add-curve plot to outputs/tmc_shapley_sweep_all_traits/shards/shard_011/wing/tmp/add_curve_target_5.png
2026-03-04 20:14:03 | INFO | src.tmc_shapley_islands | Saved remove-curve plot to outputs/tmc_shapley_sweep_all_traits/shards/shard_011/wing/tmp/remove_curve_target_5.png
2026-03-04 20:14:03 | INFO | __main__ | Shard 11/30 trait=wing progress 44/75 | target=5 n_cal_samples=80 perm=80 repeat=3
2026-03-04 20:14:03 | INFO | src.tmc_shapley_islands | [Shapley] Target island: 5 (Hestmannøy), source islands: 15
2026-03-04 20:14:03 | INFO | src.tmc_shapley_islands | Data: source=4578 (across 15 islands), cal=80, test=905
2026-03-04 20:14:03 | INFO | src.tmc_shapley_islands | SNP selection: using fixed precomputed subset (n=20000)
2026-03-04 20:14:03 | INFO | src.tmc_shapley_islands | Island counts (capped to None in training):
  Nesøy: n=118
  Myken: n=92
  Træna: n=286
  Selvær: n=191
  Gjerøy: n=553
  Indre Kvarøy: n=349
  Onøy og Lurøy: n=256
  Lovund: n=151
  Sleneset: n=160
  Aldra: n=173
  Southern 1: n=581
  Southern 2: n=397
  Southern 3: n=583
  Southern 4: n=486
  Southern 5: n=202
2026-03-04 20:14:03 | INFO | src.tmc_shapley_islands | Loaded 488 cached utilities from outputs/tmc_shapley_sweep_all_traits/cache/wing/utility_cache_target_5_seed_1057847981.json
2026-03-04 20:14:03 | INFO | src.tmc_shapley_islands | Running TMC-Shapley with 80 permutations (utility on cal set)...
2026-03-04 20:14:03 | INFO | src.tmc_shapley_islands | Computing V_full over all 15 source islands...
2026-03-04 20:14:03 | INFO | src.tmc_shapley_islands | V_full = 0.1222
2026-03-04 20:14:03 | INFO | src.tmc_shapley_islands | TMC head-start: loaded 40 completed permutations from state outputs/tmc_shapley_sweep_all_traits/cache/wing/tmc_perm_state_target_5_seed_1057847981.json
2026-03-04 20:15:41 | INFO | src.tmc_shapley_islands | TMC progress: 48/80 permutations done, cache hit rate: 24.0%, n_evals: 92
2026-03-04 20:18:51 | INFO | src.tmc_shapley_islands | TMC progress: 64/80 permutations done, cache hit rate: 26.3%, n_evals: 266
2026-03-04 20:21:39 | INFO | src.tmc_shapley_islands | TMC progress: 80/80 permutations done, cache hit rate: 29.5%, n_evals: 424
2026-03-04 20:21:39 | INFO | src.tmc_shapley_islands | TMC complete: 80 permutations, 0 truncated, 424 utility evals, cache hit rate: 29.5%
2026-03-04 20:21:39 | INFO | src.tmc_shapley_islands | Shapley values (phi, computed on cal set):
2026-03-04 20:21:39 | INFO | src.tmc_shapley_islands |   Nesøy: phi=0.039785, phi/n=0.00033716
2026-03-04 20:21:39 | INFO | src.tmc_shapley_islands |   Myken: phi=-0.013862, phi/n=-0.00015067
2026-03-04 20:21:39 | INFO | src.tmc_shapley_islands |   Træna: phi=0.051919, phi/n=0.00018154
2026-03-04 20:21:39 | INFO | src.tmc_shapley_islands |   Selvær: phi=0.094369, phi/n=0.00049408
2026-03-04 20:21:39 | INFO | src.tmc_shapley_islands |   Gjerøy: phi=0.033622, phi/n=0.00006080
2026-03-04 20:21:39 | INFO | src.tmc_shapley_islands |   Indre Kvarøy: phi=-0.054737, phi/n=-0.00015684
2026-03-04 20:21:39 | INFO | src.tmc_shapley_islands |   Onøy og Lurøy: phi=0.143262, phi/n=0.00055962
2026-03-04 20:21:39 | INFO | src.tmc_shapley_islands |   Lovund: phi=-0.067699, phi/n=-0.00044834
2026-03-04 20:21:39 | INFO | src.tmc_shapley_islands |   Sleneset: phi=-0.028960, phi/n=-0.00018100
2026-03-04 20:21:39 | INFO | src.tmc_shapley_islands |   Aldra: phi=0.018777, phi/n=0.00010854
2026-03-04 20:21:39 | INFO | src.tmc_shapley_islands |   Southern 1: phi=-0.007981, phi/n=-0.00001374
2026-03-04 20:21:39 | INFO | src.tmc_shapley_islands |   Southern 2: phi=-0.028500, phi/n=-0.00007179
2026-03-04 20:21:39 | INFO | src.tmc_shapley_islands |   Southern 3: phi=-0.036243, phi/n=-0.00006217
2026-03-04 20:21:39 | INFO | src.tmc_shapley_islands |   Southern 4: phi=0.010603, phi/n=0.00002182
2026-03-04 20:21:39 | INFO | src.tmc_shapley_islands |   Southern 5: phi=-0.032110, phi/n=-0.00015896
2026-03-04 20:21:39 | INFO | src.tmc_shapley_islands | Curve retraining early stopping: enabled=True, patience=20
2026-03-04 20:21:39 | INFO | src.tmc_shapley_islands | Computing add-islands curve (evaluated on test set)...
2026-03-04 20:21:39 | INFO | src.tmc_shapley_islands | Add-curve (mean): 1 islands, n=256 -> corr=0.0985
2026-03-04 20:21:39 | INFO | src.tmc_shapley_islands | Add-curve (mean): 2 islands, n=447 -> corr=0.0816
2026-03-04 20:21:40 | INFO | src.tmc_shapley_islands | Add-curve (mean): 3 islands, n=565 -> corr=0.0909
2026-03-04 20:21:40 | INFO | src.tmc_shapley_islands | Add-curve (mean): 4 islands, n=851 -> corr=0.1071
2026-03-04 20:21:41 | INFO | src.tmc_shapley_islands | Add-curve (mean): 5 islands, n=1024 -> corr=0.1056
2026-03-04 20:21:41 | INFO | src.tmc_shapley_islands | Add-curve (mean): 6 islands, n=1577 -> corr=0.1094
2026-03-04 20:21:42 | INFO | src.tmc_shapley_islands | Add-curve (mean): 7 islands, n=2063 -> corr=0.1189
2026-03-04 20:21:44 | INFO | src.tmc_shapley_islands | Add-curve (mean): 8 islands, n=2644 -> corr=0.1240
2026-03-04 20:21:45 | INFO | src.tmc_shapley_islands | Add-curve (mean): 9 islands, n=3227 -> corr=0.1046
2026-03-04 20:21:46 | INFO | src.tmc_shapley_islands | Add-curve (mean): 10 islands, n=3624 -> corr=0.1054
2026-03-04 20:21:48 | INFO | src.tmc_shapley_islands | Add-curve (mean): 11 islands, n=3716 -> corr=0.1028
2026-03-04 20:21:49 | INFO | src.tmc_shapley_islands | Add-curve (mean): 12 islands, n=4065 -> corr=0.1273
2026-03-04 20:21:51 | INFO | src.tmc_shapley_islands | Add-curve (mean): 13 islands, n=4267 -> corr=0.1285
2026-03-04 20:21:53 | INFO | src.tmc_shapley_islands | Add-curve (mean): 14 islands, n=4427 -> corr=0.1334
2026-03-04 20:21:54 | INFO | src.tmc_shapley_islands | Add-curve (mean): 15 islands, n=4578 -> corr=0.1357
2026-03-04 20:22:06 | INFO | src.tmc_shapley_islands | Random individual add-curve (seed=0) complete
2026-03-04 20:22:18 | INFO | src.tmc_shapley_islands | Random individual add-curve (seed=1) complete
2026-03-04 20:22:36 | INFO | src.tmc_shapley_islands | Random individual add-curve (seed=2) complete
2026-03-04 20:22:49 | INFO | src.tmc_shapley_islands | Random individual add-curve (seed=3) complete
2026-03-04 20:23:02 | INFO | src.tmc_shapley_islands | Random individual add-curve (seed=4) complete
2026-03-04 20:23:02 | INFO | src.tmc_shapley_islands | Building mirrored remove-islands curve from add-islands curve...
2026-03-04 20:23:02 | INFO | src.tmc_shapley_islands | Saved Shapley values to outputs/tmc_shapley_sweep_all_traits/shards/shard_011/wing/tmp/shapley_island_values_target_5.csv
2026-03-04 20:23:02 | INFO | src.tmc_shapley_islands | Saved summary to outputs/tmc_shapley_sweep_all_traits/shards/shard_011/wing/tmp/tmc_summary_target_5.json
2026-03-04 20:23:02 | INFO | src.tmc_shapley_islands | Saved intermediate ranking trace to outputs/tmc_shapley_sweep_all_traits/shards/shard_011/wing/tmp/tmc_intermediate_rankings_target_5.csv
2026-03-04 20:23:02 | INFO | src.tmc_shapley_islands | Saved add-curve to outputs/tmc_shapley_sweep_all_traits/shards/shard_011/wing/tmp/add_curve_target_5.csv
2026-03-04 20:23:02 | INFO | src.tmc_shapley_islands | Saved remove-curve to outputs/tmc_shapley_sweep_all_traits/shards/shard_011/wing/tmp/remove_curve_target_5.csv
2026-03-04 20:23:03 | INFO | src.tmc_shapley_islands | Saved bar plot to outputs/tmc_shapley_sweep_all_traits/shards/shard_011/wing/tmp/shapley_bar_target_5.png
2026-03-04 20:23:03 | INFO | src.tmc_shapley_islands | Saved add-curve plot to outputs/tmc_shapley_sweep_all_traits/shards/shard_011/wing/tmp/add_curve_target_5.png
2026-03-04 20:23:03 | INFO | src.tmc_shapley_islands | Saved remove-curve plot to outputs/tmc_shapley_sweep_all_traits/shards/shard_011/wing/tmp/remove_curve_target_5.png
2026-03-04 20:23:03 | INFO | __main__ | Shard 11/30 trait=wing progress 45/75 | target=5 n_cal_samples=80 perm=150 repeat=3
2026-03-04 20:23:03 | INFO | src.tmc_shapley_islands | [Shapley] Target island: 5 (Hestmannøy), source islands: 15
2026-03-04 20:23:04 | INFO | src.tmc_shapley_islands | Data: source=4578 (across 15 islands), cal=80, test=905
2026-03-04 20:23:04 | INFO | src.tmc_shapley_islands | SNP selection: using fixed precomputed subset (n=20000)
2026-03-04 20:23:04 | INFO | src.tmc_shapley_islands | Island counts (capped to None in training):
  Nesøy: n=118
  Myken: n=92
  Træna: n=286
  Selvær: n=191
  Gjerøy: n=553
  Indre Kvarøy: n=349
  Onøy og Lurøy: n=256
  Lovund: n=151
  Sleneset: n=160
  Aldra: n=173
  Southern 1: n=581
  Southern 2: n=397
  Southern 3: n=583
  Southern 4: n=486
  Southern 5: n=202
2026-03-04 20:23:04 | INFO | src.tmc_shapley_islands | Loaded 912 cached utilities from outputs/tmc_shapley_sweep_all_traits/cache/wing/utility_cache_target_5_seed_1057847981.json
2026-03-04 20:23:04 | INFO | src.tmc_shapley_islands | Running TMC-Shapley with 150 permutations (utility on cal set)...
2026-03-04 20:23:04 | INFO | src.tmc_shapley_islands | Computing V_full over all 15 source islands...
2026-03-04 20:23:04 | INFO | src.tmc_shapley_islands | V_full = 0.1222
2026-03-04 20:23:04 | INFO | src.tmc_shapley_islands | TMC head-start: loaded 80 completed permutations from state outputs/tmc_shapley_sweep_all_traits/cache/wing/tmc_perm_state_target_5_seed_1057847981.json
2026-03-04 20:24:41 | INFO | src.tmc_shapley_islands | TMC progress: 90/150 permutations done, cache hit rate: 31.1%, n_evals: 104
2026-03-04 20:29:39 | INFO | src.tmc_shapley_islands | TMC progress: 120/150 permutations done, cache hit rate: 32.6%, n_evals: 405
2026-03-04 20:34:37 | INFO | src.tmc_shapley_islands | TMC progress: 150/150 permutations done, cache hit rate: 33.4%, n_evals: 700
2026-03-04 20:34:37 | INFO | src.tmc_shapley_islands | TMC complete: 150 permutations, 0 truncated, 700 utility evals, cache hit rate: 33.4%
2026-03-04 20:34:37 | INFO | src.tmc_shapley_islands | Shapley values (phi, computed on cal set):
2026-03-04 20:34:37 | INFO | src.tmc_shapley_islands |   Nesøy: phi=0.037895, phi/n=0.00032114
2026-03-04 20:34:37 | INFO | src.tmc_shapley_islands |   Myken: phi=-0.013433, phi/n=-0.00014601
2026-03-04 20:34:37 | INFO | src.tmc_shapley_islands |   Træna: phi=0.054130, phi/n=0.00018927
2026-03-04 20:34:37 | INFO | src.tmc_shapley_islands |   Selvær: phi=0.095138, phi/n=0.00049810
2026-03-04 20:34:37 | INFO | src.tmc_shapley_islands |   Gjerøy: phi=0.035253, phi/n=0.00006375
2026-03-04 20:34:37 | INFO | src.tmc_shapley_islands |   Indre Kvarøy: phi=-0.060015, phi/n=-0.00017196
2026-03-04 20:34:37 | INFO | src.tmc_shapley_islands |   Onøy og Lurøy: phi=0.145834, phi/n=0.00056966
2026-03-04 20:34:37 | INFO | src.tmc_shapley_islands |   Lovund: phi=-0.067712, phi/n=-0.00044842
2026-03-04 20:34:37 | INFO | src.tmc_shapley_islands |   Sleneset: phi=-0.029256, phi/n=-0.00018285
2026-03-04 20:34:37 | INFO | src.tmc_shapley_islands |   Aldra: phi=0.019513, phi/n=0.00011279
2026-03-04 20:34:37 | INFO | src.tmc_shapley_islands |   Southern 1: phi=-0.008562, phi/n=-0.00001474
2026-03-04 20:34:37 | INFO | src.tmc_shapley_islands |   Southern 2: phi=-0.027651, phi/n=-0.00006965
2026-03-04 20:34:37 | INFO | src.tmc_shapley_islands |   Southern 3: phi=-0.037485, phi/n=-0.00006430
2026-03-04 20:34:37 | INFO | src.tmc_shapley_islands |   Southern 4: phi=0.011090, phi/n=0.00002282
2026-03-04 20:34:37 | INFO | src.tmc_shapley_islands |   Southern 5: phi=-0.032494, phi/n=-0.00016086
2026-03-04 20:34:37 | INFO | src.tmc_shapley_islands | Curve retraining early stopping: enabled=True, patience=20
2026-03-04 20:34:37 | INFO | src.tmc_shapley_islands | Computing add-islands curve (evaluated on test set)...
2026-03-04 20:34:37 | INFO | src.tmc_shapley_islands | Add-curve (mean): 1 islands, n=256 -> corr=0.0985
2026-03-04 20:34:37 | INFO | src.tmc_shapley_islands | Add-curve (mean): 2 islands, n=447 -> corr=0.0816
2026-03-04 20:34:38 | INFO | src.tmc_shapley_islands | Add-curve (mean): 3 islands, n=565 -> corr=0.0909
2026-03-04 20:34:38 | INFO | src.tmc_shapley_islands | Add-curve (mean): 4 islands, n=851 -> corr=0.1071
2026-03-04 20:34:39 | INFO | src.tmc_shapley_islands | Add-curve (mean): 5 islands, n=1024 -> corr=0.1056
2026-03-04 20:34:39 | INFO | src.tmc_shapley_islands | Add-curve (mean): 6 islands, n=1577 -> corr=0.1094
2026-03-04 20:34:40 | INFO | src.tmc_shapley_islands | Add-curve (mean): 7 islands, n=2063 -> corr=0.1189
2026-03-04 20:34:44 | INFO | src.tmc_shapley_islands | Add-curve (mean): 8 islands, n=2644 -> corr=0.1240
2026-03-04 20:34:48 | INFO | src.tmc_shapley_islands | Add-curve (mean): 9 islands, n=3227 -> corr=0.1046
2026-03-04 20:34:50 | INFO | src.tmc_shapley_islands | Add-curve (mean): 10 islands, n=3624 -> corr=0.1054
2026-03-04 20:34:51 | INFO | src.tmc_shapley_islands | Add-curve (mean): 11 islands, n=3716 -> corr=0.1028
2026-03-04 20:34:53 | INFO | src.tmc_shapley_islands | Add-curve (mean): 12 islands, n=3918 -> corr=0.1043
2026-03-04 20:34:54 | INFO | src.tmc_shapley_islands | Add-curve (mean): 13 islands, n=4267 -> corr=0.1285
2026-03-04 20:34:56 | INFO | src.tmc_shapley_islands | Add-curve (mean): 14 islands, n=4427 -> corr=0.1334
2026-03-04 20:34:58 | INFO | src.tmc_shapley_islands | Add-curve (mean): 15 islands, n=4578 -> corr=0.1357
2026-03-04 20:35:10 | INFO | src.tmc_shapley_islands | Random individual add-curve (seed=0) complete
2026-03-04 20:35:22 | INFO | src.tmc_shapley_islands | Random individual add-curve (seed=1) complete
2026-03-04 20:35:37 | INFO | src.tmc_shapley_islands | Random individual add-curve (seed=2) complete
2026-03-04 20:35:49 | INFO | src.tmc_shapley_islands | Random individual add-curve (seed=3) complete
2026-03-04 20:36:01 | INFO | src.tmc_shapley_islands | Random individual add-curve (seed=4) complete
2026-03-04 20:36:01 | INFO | src.tmc_shapley_islands | Building mirrored remove-islands curve from add-islands curve...
2026-03-04 20:36:01 | INFO | src.tmc_shapley_islands | Saved Shapley values to outputs/tmc_shapley_sweep_all_traits/shards/shard_011/wing/tmp/shapley_island_values_target_5.csv
2026-03-04 20:36:01 | INFO | src.tmc_shapley_islands | Saved summary to outputs/tmc_shapley_sweep_all_traits/shards/shard_011/wing/tmp/tmc_summary_target_5.json
2026-03-04 20:36:01 | INFO | src.tmc_shapley_islands | Saved intermediate ranking trace to outputs/tmc_shapley_sweep_all_traits/shards/shard_011/wing/tmp/tmc_intermediate_rankings_target_5.csv
2026-03-04 20:36:01 | INFO | src.tmc_shapley_islands | Saved add-curve to outputs/tmc_shapley_sweep_all_traits/shards/shard_011/wing/tmp/add_curve_target_5.csv
2026-03-04 20:36:01 | INFO | src.tmc_shapley_islands | Saved remove-curve to outputs/tmc_shapley_sweep_all_traits/shards/shard_011/wing/tmp/remove_curve_target_5.csv
2026-03-04 20:36:02 | INFO | src.tmc_shapley_islands | Saved bar plot to outputs/tmc_shapley_sweep_all_traits/shards/shard_011/wing/tmp/shapley_bar_target_5.png
2026-03-04 20:36:02 | INFO | src.tmc_shapley_islands | Saved add-curve plot to outputs/tmc_shapley_sweep_all_traits/shards/shard_011/wing/tmp/add_curve_target_5.png
2026-03-04 20:36:03 | INFO | src.tmc_shapley_islands | Saved remove-curve plot to outputs/tmc_shapley_sweep_all_traits/shards/shard_011/wing/tmp/remove_curve_target_5.png
2026-03-04 20:36:03 | INFO | __main__ | Shard 11/30 trait=wing progress 46/75 | target=5 n_cal_samples=150 perm=10 repeat=3
2026-03-04 20:36:03 | INFO | src.tmc_shapley_islands | [Shapley] Target island: 5 (Hestmannøy), source islands: 15
2026-03-04 20:36:03 | INFO | src.tmc_shapley_islands | Data: source=4578 (across 15 islands), cal=150, test=905
2026-03-04 20:36:03 | INFO | src.tmc_shapley_islands | SNP selection: using fixed precomputed subset (n=20000)
2026-03-04 20:36:03 | INFO | src.tmc_shapley_islands | Island counts (capped to None in training):
  Nesøy: n=118
  Myken: n=92
  Træna: n=286
  Selvær: n=191
  Gjerøy: n=553
  Indre Kvarøy: n=349
  Onøy og Lurøy: n=256
  Lovund: n=151
  Sleneset: n=160
  Aldra: n=173
  Southern 1: n=581
  Southern 2: n=397
  Southern 3: n=583
  Southern 4: n=486
  Southern 5: n=202
2026-03-04 20:36:03 | INFO | src.tmc_shapley_islands | Running TMC-Shapley with 10 permutations (utility on cal set)...
2026-03-04 20:36:03 | INFO | src.tmc_shapley_islands | Computing V_full over all 15 source islands...
2026-03-04 20:36:05 | INFO | src.tmc_shapley_islands | V_full = 0.1405
2026-03-04 20:36:32 | INFO | src.tmc_shapley_islands | TMC progress: 2/10 permutations done, cache hit rate: 6.5%, n_evals: 29
2026-03-04 20:37:00 | INFO | src.tmc_shapley_islands | TMC progress: 4/10 permutations done, cache hit rate: 9.8%, n_evals: 55
2026-03-04 20:37:24 | INFO | src.tmc_shapley_islands | TMC progress: 6/10 permutations done, cache hit rate: 8.8%, n_evals: 83
2026-03-04 20:37:45 | INFO | src.tmc_shapley_islands | TMC progress: 8/10 permutations done, cache hit rate: 9.1%, n_evals: 110
2026-03-04 20:38:12 | INFO | src.tmc_shapley_islands | TMC progress: 10/10 permutations done, cache hit rate: 10.6%, n_evals: 135
2026-03-04 20:38:12 | INFO | src.tmc_shapley_islands | TMC complete: 10 permutations, 0 truncated, 135 utility evals, cache hit rate: 10.6%
2026-03-04 20:38:12 | INFO | src.tmc_shapley_islands | Shapley values (phi, computed on cal set):
2026-03-04 20:38:12 | INFO | src.tmc_shapley_islands |   Nesøy: phi=0.021101, phi/n=0.00017883
2026-03-04 20:38:12 | INFO | src.tmc_shapley_islands |   Myken: phi=-0.004116, phi/n=-0.00004474
2026-03-04 20:38:12 | INFO | src.tmc_shapley_islands |   Træna: phi=0.019236, phi/n=0.00006726
2026-03-04 20:38:12 | INFO | src.tmc_shapley_islands |   Selvær: phi=0.004275, phi/n=0.00002238
2026-03-04 20:38:12 | INFO | src.tmc_shapley_islands |   Gjerøy: phi=0.032443, phi/n=0.00005867
2026-03-04 20:38:12 | INFO | src.tmc_shapley_islands |   Indre Kvarøy: phi=0.066891, phi/n=0.00019166
2026-03-04 20:38:12 | INFO | src.tmc_shapley_islands |   Onøy og Lurøy: phi=0.048835, phi/n=0.00019076
2026-03-04 20:38:12 | INFO | src.tmc_shapley_islands |   Lovund: phi=-0.042578, phi/n=-0.00028197
2026-03-04 20:38:12 | INFO | src.tmc_shapley_islands |   Sleneset: phi=-0.017238, phi/n=-0.00010774
2026-03-04 20:38:12 | INFO | src.tmc_shapley_islands |   Aldra: phi=0.000281, phi/n=0.00000162
2026-03-04 20:38:12 | INFO | src.tmc_shapley_islands |   Southern 1: phi=-0.012917, phi/n=-0.00002223
2026-03-04 20:38:12 | INFO | src.tmc_shapley_islands |   Southern 2: phi=-0.009972, phi/n=-0.00002512
2026-03-04 20:38:12 | INFO | src.tmc_shapley_islands |   Southern 3: phi=-0.007089, phi/n=-0.00001216
2026-03-04 20:38:12 | INFO | src.tmc_shapley_islands |   Southern 4: phi=0.029431, phi/n=0.00006056
2026-03-04 20:38:12 | INFO | src.tmc_shapley_islands |   Southern 5: phi=0.011900, phi/n=0.00005891
2026-03-04 20:38:12 | INFO | src.tmc_shapley_islands | Curve retraining early stopping: enabled=True, patience=20
2026-03-04 20:38:12 | INFO | src.tmc_shapley_islands | Computing add-islands curve (evaluated on test set)...
2026-03-04 20:38:13 | INFO | src.tmc_shapley_islands | Add-curve (mean): 1 islands, n=349 -> corr=0.0912
2026-03-04 20:38:13 | INFO | src.tmc_shapley_islands | Add-curve (mean): 2 islands, n=605 -> corr=0.1450
2026-03-04 20:38:13 | INFO | src.tmc_shapley_islands | Add-curve (mean): 3 islands, n=723 -> corr=0.1558
2026-03-04 20:38:14 | INFO | src.tmc_shapley_islands | Add-curve (mean): 4 islands, n=1009 -> corr=0.1685
2026-03-04 20:38:14 | INFO | src.tmc_shapley_islands | Add-curve (mean): 5 islands, n=1495 -> corr=0.1710
2026-03-04 20:38:15 | INFO | src.tmc_shapley_islands | Add-curve (mean): 6 islands, n=1697 -> corr=0.1690
2026-03-04 20:38:16 | INFO | src.tmc_shapley_islands | Add-curve (mean): 7 islands, n=2250 -> corr=0.1572
2026-03-04 20:38:17 | INFO | src.tmc_shapley_islands | Add-curve (mean): 8 islands, n=2441 -> corr=0.1602
2026-03-04 20:38:18 | INFO | src.tmc_shapley_islands | Add-curve (mean): 9 islands, n=2614 -> corr=0.1642
2026-03-04 20:38:23 | INFO | src.tmc_shapley_islands | Add-curve (mean): 10 islands, n=3197 -> corr=0.1488
2026-03-04 20:38:24 | INFO | src.tmc_shapley_islands | Add-curve (mean): 11 islands, n=3778 -> corr=0.1534
2026-03-04 20:38:26 | INFO | src.tmc_shapley_islands | Add-curve (mean): 12 islands, n=4175 -> corr=0.1508
2026-03-04 20:38:28 | INFO | src.tmc_shapley_islands | Add-curve (mean): 13 islands, n=4267 -> corr=0.1502
2026-03-04 20:38:30 | INFO | src.tmc_shapley_islands | Add-curve (mean): 14 islands, n=4427 -> corr=0.1527
2026-03-04 20:38:32 | INFO | src.tmc_shapley_islands | Add-curve (mean): 15 islands, n=4578 -> corr=0.1544
2026-03-04 20:38:51 | INFO | src.tmc_shapley_islands | Random individual add-curve (seed=0) complete
2026-03-04 20:39:13 | INFO | src.tmc_shapley_islands | Random individual add-curve (seed=1) complete
2026-03-04 20:39:26 | INFO | src.tmc_shapley_islands | Random individual add-curve (seed=2) complete
2026-03-04 20:39:38 | INFO | src.tmc_shapley_islands | Random individual add-curve (seed=3) complete
2026-03-04 20:39:50 | INFO | src.tmc_shapley_islands | Random individual add-curve (seed=4) complete
2026-03-04 20:39:50 | INFO | src.tmc_shapley_islands | Building mirrored remove-islands curve from add-islands curve...
2026-03-04 20:39:50 | INFO | src.tmc_shapley_islands | Saved Shapley values to outputs/tmc_shapley_sweep_all_traits/shards/shard_011/wing/tmp/shapley_island_values_target_5.csv
2026-03-04 20:39:50 | INFO | src.tmc_shapley_islands | Saved summary to outputs/tmc_shapley_sweep_all_traits/shards/shard_011/wing/tmp/tmc_summary_target_5.json
2026-03-04 20:39:50 | INFO | src.tmc_shapley_islands | Saved intermediate ranking trace to outputs/tmc_shapley_sweep_all_traits/shards/shard_011/wing/tmp/tmc_intermediate_rankings_target_5.csv
2026-03-04 20:39:50 | INFO | src.tmc_shapley_islands | Saved add-curve to outputs/tmc_shapley_sweep_all_traits/shards/shard_011/wing/tmp/add_curve_target_5.csv
2026-03-04 20:39:50 | INFO | src.tmc_shapley_islands | Saved remove-curve to outputs/tmc_shapley_sweep_all_traits/shards/shard_011/wing/tmp/remove_curve_target_5.csv
2026-03-04 20:39:50 | INFO | src.tmc_shapley_islands | Saved bar plot to outputs/tmc_shapley_sweep_all_traits/shards/shard_011/wing/tmp/shapley_bar_target_5.png
2026-03-04 20:39:51 | INFO | src.tmc_shapley_islands | Saved add-curve plot to outputs/tmc_shapley_sweep_all_traits/shards/shard_011/wing/tmp/add_curve_target_5.png
2026-03-04 20:39:51 | INFO | src.tmc_shapley_islands | Saved remove-curve plot to outputs/tmc_shapley_sweep_all_traits/shards/shard_011/wing/tmp/remove_curve_target_5.png
2026-03-04 20:39:51 | INFO | __main__ | Shard 11/30 trait=wing progress 47/75 | target=5 n_cal_samples=150 perm=20 repeat=3
2026-03-04 20:39:51 | INFO | src.tmc_shapley_islands | [Shapley] Target island: 5 (Hestmannøy), source islands: 15
2026-03-04 20:39:52 | INFO | src.tmc_shapley_islands | Data: source=4578 (across 15 islands), cal=150, test=905
2026-03-04 20:39:52 | INFO | src.tmc_shapley_islands | SNP selection: using fixed precomputed subset (n=20000)
2026-03-04 20:39:52 | INFO | src.tmc_shapley_islands | Island counts (capped to None in training):
  Nesøy: n=118
  Myken: n=92
  Træna: n=286
  Selvær: n=191
  Gjerøy: n=553
  Indre Kvarøy: n=349
  Onøy og Lurøy: n=256
  Lovund: n=151
  Sleneset: n=160
  Aldra: n=173
  Southern 1: n=581
  Southern 2: n=397
  Southern 3: n=583
  Southern 4: n=486
  Southern 5: n=202
2026-03-04 20:39:52 | INFO | src.tmc_shapley_islands | Loaded 135 cached utilities from outputs/tmc_shapley_sweep_all_traits/cache/wing/utility_cache_target_5_seed_1992139094.json
2026-03-04 20:39:52 | INFO | src.tmc_shapley_islands | Running TMC-Shapley with 20 permutations (utility on cal set)...
2026-03-04 20:39:52 | INFO | src.tmc_shapley_islands | Computing V_full over all 15 source islands...
2026-03-04 20:39:52 | INFO | src.tmc_shapley_islands | V_full = 0.1405
2026-03-04 20:39:52 | INFO | src.tmc_shapley_islands | TMC head-start: loaded 10 completed permutations from state outputs/tmc_shapley_sweep_all_traits/cache/wing/tmc_perm_state_target_5_seed_1992139094.json
2026-03-04 20:40:16 | INFO | src.tmc_shapley_islands | TMC progress: 12/20 permutations done, cache hit rate: 19.4%, n_evals: 25
2026-03-04 20:41:16 | INFO | src.tmc_shapley_islands | TMC progress: 16/20 permutations done, cache hit rate: 16.5%, n_evals: 76
2026-03-04 20:42:05 | INFO | src.tmc_shapley_islands | TMC progress: 20/20 permutations done, cache hit rate: 14.6%, n_evals: 129
2026-03-04 20:42:05 | INFO | src.tmc_shapley_islands | TMC complete: 20 permutations, 0 truncated, 129 utility evals, cache hit rate: 14.6%
2026-03-04 20:42:05 | INFO | src.tmc_shapley_islands | Shapley values (phi, computed on cal set):
2026-03-04 20:42:05 | INFO | src.tmc_shapley_islands |   Nesøy: phi=0.016570, phi/n=0.00014043
2026-03-04 20:42:05 | INFO | src.tmc_shapley_islands |   Myken: phi=-0.001949, phi/n=-0.00002119
2026-03-04 20:42:05 | INFO | src.tmc_shapley_islands |   Træna: phi=0.017101, phi/n=0.00005979
2026-03-04 20:42:05 | INFO | src.tmc_shapley_islands |   Selvær: phi=0.002535, phi/n=0.00001327
2026-03-04 20:42:05 | INFO | src.tmc_shapley_islands |   Gjerøy: phi=0.038707, phi/n=0.00006999
2026-03-04 20:42:05 | INFO | src.tmc_shapley_islands |   Indre Kvarøy: phi=0.053536, phi/n=0.00015340
2026-03-04 20:42:05 | INFO | src.tmc_shapley_islands |   Onøy og Lurøy: phi=0.057339, phi/n=0.00022398
2026-03-04 20:42:05 | INFO | src.tmc_shapley_islands |   Lovund: phi=-0.036604, phi/n=-0.00024241
2026-03-04 20:42:05 | INFO | src.tmc_shapley_islands |   Sleneset: phi=-0.017784, phi/n=-0.00011115
2026-03-04 20:42:05 | INFO | src.tmc_shapley_islands |   Aldra: phi=-0.002411, phi/n=-0.00001394
2026-03-04 20:42:05 | INFO | src.tmc_shapley_islands |   Southern 1: phi=-0.014609, phi/n=-0.00002514
2026-03-04 20:42:05 | INFO | src.tmc_shapley_islands |   Southern 2: phi=-0.011235, phi/n=-0.00002830
2026-03-04 20:42:05 | INFO | src.tmc_shapley_islands |   Southern 3: phi=-0.008175, phi/n=-0.00001402
2026-03-04 20:42:05 | INFO | src.tmc_shapley_islands |   Southern 4: phi=0.036194, phi/n=0.00007447
2026-03-04 20:42:05 | INFO | src.tmc_shapley_islands |   Southern 5: phi=0.011267, phi/n=0.00005578
2026-03-04 20:42:05 | INFO | src.tmc_shapley_islands | Curve retraining early stopping: enabled=True, patience=20
2026-03-04 20:42:05 | INFO | src.tmc_shapley_islands | Computing add-islands curve (evaluated on test set)...
2026-03-04 20:42:05 | INFO | src.tmc_shapley_islands | Add-curve (mean): 1 islands, n=256 -> corr=0.1220
2026-03-04 20:42:05 | INFO | src.tmc_shapley_islands | Add-curve (mean): 2 islands, n=605 -> corr=0.1450
2026-03-04 20:42:06 | INFO | src.tmc_shapley_islands | Add-curve (mean): 3 islands, n=723 -> corr=0.1558
2026-03-04 20:42:06 | INFO | src.tmc_shapley_islands | Add-curve (mean): 4 islands, n=1209 -> corr=0.1602
2026-03-04 20:42:07 | INFO | src.tmc_shapley_islands | Add-curve (mean): 5 islands, n=1762 -> corr=0.1494
2026-03-04 20:42:08 | INFO | src.tmc_shapley_islands | Add-curve (mean): 6 islands, n=2048 -> corr=0.1602
2026-03-04 20:42:09 | INFO | src.tmc_shapley_islands | Add-curve (mean): 7 islands, n=2250 -> corr=0.1572
2026-03-04 20:42:13 | INFO | src.tmc_shapley_islands | Add-curve (mean): 8 islands, n=2441 -> corr=0.1602
2026-03-04 20:42:15 | INFO | src.tmc_shapley_islands | Add-curve (mean): 9 islands, n=2614 -> corr=0.1642
2026-03-04 20:42:16 | INFO | src.tmc_shapley_islands | Add-curve (mean): 10 islands, n=3197 -> corr=0.1488
2026-03-04 20:42:17 | INFO | src.tmc_shapley_islands | Add-curve (mean): 11 islands, n=3289 -> corr=0.1484
2026-03-04 20:42:19 | INFO | src.tmc_shapley_islands | Add-curve (mean): 12 islands, n=3870 -> corr=0.1528
2026-03-04 20:42:20 | INFO | src.tmc_shapley_islands | Add-curve (mean): 13 islands, n=4267 -> corr=0.1502
2026-03-04 20:42:22 | INFO | src.tmc_shapley_islands | Add-curve (mean): 14 islands, n=4427 -> corr=0.1527
2026-03-04 20:42:24 | INFO | src.tmc_shapley_islands | Add-curve (mean): 15 islands, n=4578 -> corr=0.1544
2026-03-04 20:42:38 | INFO | src.tmc_shapley_islands | Random individual add-curve (seed=0) complete
2026-03-04 20:42:50 | INFO | src.tmc_shapley_islands | Random individual add-curve (seed=1) complete
2026-03-04 20:43:01 | INFO | src.tmc_shapley_islands | Random individual add-curve (seed=2) complete
2026-03-04 20:43:13 | INFO | src.tmc_shapley_islands | Random individual add-curve (seed=3) complete
2026-03-04 20:43:25 | INFO | src.tmc_shapley_islands | Random individual add-curve (seed=4) complete
2026-03-04 20:43:25 | INFO | src.tmc_shapley_islands | Building mirrored remove-islands curve from add-islands curve...
2026-03-04 20:43:25 | INFO | src.tmc_shapley_islands | Saved Shapley values to outputs/tmc_shapley_sweep_all_traits/shards/shard_011/wing/tmp/shapley_island_values_target_5.csv
2026-03-04 20:43:25 | INFO | src.tmc_shapley_islands | Saved summary to outputs/tmc_shapley_sweep_all_traits/shards/shard_011/wing/tmp/tmc_summary_target_5.json
2026-03-04 20:43:25 | INFO | src.tmc_shapley_islands | Saved intermediate ranking trace to outputs/tmc_shapley_sweep_all_traits/shards/shard_011/wing/tmp/tmc_intermediate_rankings_target_5.csv
2026-03-04 20:43:25 | INFO | src.tmc_shapley_islands | Saved add-curve to outputs/tmc_shapley_sweep_all_traits/shards/shard_011/wing/tmp/add_curve_target_5.csv
2026-03-04 20:43:25 | INFO | src.tmc_shapley_islands | Saved remove-curve to outputs/tmc_shapley_sweep_all_traits/shards/shard_011/wing/tmp/remove_curve_target_5.csv
2026-03-04 20:43:25 | INFO | src.tmc_shapley_islands | Saved bar plot to outputs/tmc_shapley_sweep_all_traits/shards/shard_011/wing/tmp/shapley_bar_target_5.png
2026-03-04 20:43:26 | INFO | src.tmc_shapley_islands | Saved add-curve plot to outputs/tmc_shapley_sweep_all_traits/shards/shard_011/wing/tmp/add_curve_target_5.png
2026-03-04 20:43:26 | INFO | src.tmc_shapley_islands | Saved remove-curve plot to outputs/tmc_shapley_sweep_all_traits/shards/shard_011/wing/tmp/remove_curve_target_5.png
2026-03-04 20:43:26 | INFO | __main__ | Shard 11/30 trait=wing progress 48/75 | target=5 n_cal_samples=150 perm=40 repeat=3
2026-03-04 20:43:26 | INFO | src.tmc_shapley_islands | [Shapley] Target island: 5 (Hestmannøy), source islands: 15
2026-03-04 20:43:27 | INFO | src.tmc_shapley_islands | Data: source=4578 (across 15 islands), cal=150, test=905
2026-03-04 20:43:27 | INFO | src.tmc_shapley_islands | SNP selection: using fixed precomputed subset (n=20000)
2026-03-04 20:43:27 | INFO | src.tmc_shapley_islands | Island counts (capped to None in training):
  Nesøy: n=118
  Myken: n=92
  Træna: n=286
  Selvær: n=191
  Gjerøy: n=553
  Indre Kvarøy: n=349
  Onøy og Lurøy: n=256
  Lovund: n=151
  Sleneset: n=160
  Aldra: n=173
  Southern 1: n=581
  Southern 2: n=397
  Southern 3: n=583
  Southern 4: n=486
  Southern 5: n=202
2026-03-04 20:43:27 | INFO | src.tmc_shapley_islands | Loaded 264 cached utilities from outputs/tmc_shapley_sweep_all_traits/cache/wing/utility_cache_target_5_seed_1992139094.json
2026-03-04 20:43:27 | INFO | src.tmc_shapley_islands | Running TMC-Shapley with 40 permutations (utility on cal set)...
2026-03-04 20:43:27 | INFO | src.tmc_shapley_islands | Computing V_full over all 15 source islands...
2026-03-04 20:43:27 | INFO | src.tmc_shapley_islands | V_full = 0.1405
2026-03-04 20:43:27 | INFO | src.tmc_shapley_islands | TMC head-start: loaded 20 completed permutations from state outputs/tmc_shapley_sweep_all_traits/cache/wing/tmc_perm_state_target_5_seed_1992139094.json
2026-03-04 20:44:11 | INFO | src.tmc_shapley_islands | TMC progress: 24/40 permutations done, cache hit rate: 21.3%, n_evals: 48
2026-03-04 20:45:41 | INFO | src.tmc_shapley_islands | TMC progress: 32/40 permutations done, cache hit rate: 23.8%, n_evals: 138
2026-03-04 20:47:27 | INFO | src.tmc_shapley_islands | TMC progress: 40/40 permutations done, cache hit rate: 23.6%, n_evals: 230
2026-03-04 20:47:27 | INFO | src.tmc_shapley_islands | TMC complete: 40 permutations, 0 truncated, 230 utility evals, cache hit rate: 23.6%
2026-03-04 20:47:27 | INFO | src.tmc_shapley_islands | Shapley values (phi, computed on cal set):
2026-03-04 20:47:27 | INFO | src.tmc_shapley_islands |   Nesøy: phi=0.018221, phi/n=0.00015441
2026-03-04 20:47:27 | INFO | src.tmc_shapley_islands |   Myken: phi=-0.002567, phi/n=-0.00002790
2026-03-04 20:47:27 | INFO | src.tmc_shapley_islands |   Træna: phi=0.018279, phi/n=0.00006391
2026-03-04 20:47:27 | INFO | src.tmc_shapley_islands |   Selvær: phi=0.001739, phi/n=0.00000911
2026-03-04 20:47:27 | INFO | src.tmc_shapley_islands |   Gjerøy: phi=0.038541, phi/n=0.00006969
2026-03-04 20:47:27 | INFO | src.tmc_shapley_islands |   Indre Kvarøy: phi=0.051407, phi/n=0.00014730
2026-03-04 20:47:27 | INFO | src.tmc_shapley_islands |   Onøy og Lurøy: phi=0.051695, phi/n=0.00020193
2026-03-04 20:47:27 | INFO | src.tmc_shapley_islands |   Lovund: phi=-0.034772, phi/n=-0.00023028
2026-03-04 20:47:27 | INFO | src.tmc_shapley_islands |   Sleneset: phi=-0.015211, phi/n=-0.00009507
2026-03-04 20:47:27 | INFO | src.tmc_shapley_islands |   Aldra: phi=-0.003500, phi/n=-0.00002023
2026-03-04 20:47:27 | INFO | src.tmc_shapley_islands |   Southern 1: phi=-0.013241, phi/n=-0.00002279
2026-03-04 20:47:27 | INFO | src.tmc_shapley_islands |   Southern 2: phi=-0.012280, phi/n=-0.00003093
2026-03-04 20:47:27 | INFO | src.tmc_shapley_islands |   Southern 3: phi=-0.008106, phi/n=-0.00001390
2026-03-04 20:47:27 | INFO | src.tmc_shapley_islands |   Southern 4: phi=0.035248, phi/n=0.00007253
2026-03-04 20:47:27 | INFO | src.tmc_shapley_islands |   Southern 5: phi=0.015028, phi/n=0.00007440
2026-03-04 20:47:27 | INFO | src.tmc_shapley_islands | Curve retraining early stopping: enabled=True, patience=20
2026-03-04 20:47:27 | INFO | src.tmc_shapley_islands | Computing add-islands curve (evaluated on test set)...
2026-03-04 20:47:27 | INFO | src.tmc_shapley_islands | Add-curve (mean): 1 islands, n=256 -> corr=0.1220
2026-03-04 20:47:28 | INFO | src.tmc_shapley_islands | Add-curve (mean): 2 islands, n=374 -> corr=0.1320
2026-03-04 20:47:28 | INFO | src.tmc_shapley_islands | Add-curve (mean): 3 islands, n=723 -> corr=0.1558
2026-03-04 20:47:28 | INFO | src.tmc_shapley_islands | Add-curve (mean): 4 islands, n=925 -> corr=0.1516
2026-03-04 20:47:29 | INFO | src.tmc_shapley_islands | Add-curve (mean): 5 islands, n=1411 -> corr=0.1578
2026-03-04 20:47:30 | INFO | src.tmc_shapley_islands | Add-curve (mean): 6 islands, n=1964 -> corr=0.1461
2026-03-04 20:47:30 | INFO | src.tmc_shapley_islands | Add-curve (mean): 7 islands, n=2250 -> corr=0.1572
2026-03-04 20:47:32 | INFO | src.tmc_shapley_islands | Add-curve (mean): 8 islands, n=2441 -> corr=0.1602
2026-03-04 20:47:33 | INFO | src.tmc_shapley_islands | Add-curve (mean): 9 islands, n=3024 -> corr=0.1449
2026-03-04 20:47:34 | INFO | src.tmc_shapley_islands | Add-curve (mean): 10 islands, n=3197 -> corr=0.1488
2026-03-04 20:47:36 | INFO | src.tmc_shapley_islands | Add-curve (mean): 11 islands, n=3778 -> corr=0.1534
2026-03-04 20:47:37 | INFO | src.tmc_shapley_islands | Add-curve (mean): 12 islands, n=3870 -> corr=0.1528
2026-03-04 20:47:39 | INFO | src.tmc_shapley_islands | Add-curve (mean): 13 islands, n=4267 -> corr=0.1502
2026-03-04 20:47:43 | INFO | src.tmc_shapley_islands | Add-curve (mean): 14 islands, n=4427 -> corr=0.1527
2026-03-04 20:47:45 | INFO | src.tmc_shapley_islands | Add-curve (mean): 15 islands, n=4578 -> corr=0.1544
2026-03-04 20:48:00 | INFO | src.tmc_shapley_islands | Random individual add-curve (seed=0) complete
2026-03-04 20:48:12 | INFO | src.tmc_shapley_islands | Random individual add-curve (seed=1) complete
2026-03-04 20:48:23 | INFO | src.tmc_shapley_islands | Random individual add-curve (seed=2) complete
2026-03-04 20:48:34 | INFO | src.tmc_shapley_islands | Random individual add-curve (seed=3) complete
2026-03-04 20:48:47 | INFO | src.tmc_shapley_islands | Random individual add-curve (seed=4) complete
2026-03-04 20:48:47 | INFO | src.tmc_shapley_islands | Building mirrored remove-islands curve from add-islands curve...
2026-03-04 20:48:47 | INFO | src.tmc_shapley_islands | Saved Shapley values to outputs/tmc_shapley_sweep_all_traits/shards/shard_011/wing/tmp/shapley_island_values_target_5.csv
2026-03-04 20:48:47 | INFO | src.tmc_shapley_islands | Saved summary to outputs/tmc_shapley_sweep_all_traits/shards/shard_011/wing/tmp/tmc_summary_target_5.json
2026-03-04 20:48:47 | INFO | src.tmc_shapley_islands | Saved intermediate ranking trace to outputs/tmc_shapley_sweep_all_traits/shards/shard_011/wing/tmp/tmc_intermediate_rankings_target_5.csv
2026-03-04 20:48:47 | INFO | src.tmc_shapley_islands | Saved add-curve to outputs/tmc_shapley_sweep_all_traits/shards/shard_011/wing/tmp/add_curve_target_5.csv
2026-03-04 20:48:47 | INFO | src.tmc_shapley_islands | Saved remove-curve to outputs/tmc_shapley_sweep_all_traits/shards/shard_011/wing/tmp/remove_curve_target_5.csv
2026-03-04 20:48:48 | INFO | src.tmc_shapley_islands | Saved bar plot to outputs/tmc_shapley_sweep_all_traits/shards/shard_011/wing/tmp/shapley_bar_target_5.png
2026-03-04 20:48:48 | INFO | src.tmc_shapley_islands | Saved add-curve plot to outputs/tmc_shapley_sweep_all_traits/shards/shard_011/wing/tmp/add_curve_target_5.png
2026-03-04 20:48:49 | INFO | src.tmc_shapley_islands | Saved remove-curve plot to outputs/tmc_shapley_sweep_all_traits/shards/shard_011/wing/tmp/remove_curve_target_5.png
2026-03-04 20:48:49 | INFO | __main__ | Shard 11/30 trait=wing progress 49/75 | target=5 n_cal_samples=150 perm=80 repeat=3
2026-03-04 20:48:49 | INFO | src.tmc_shapley_islands | [Shapley] Target island: 5 (Hestmannøy), source islands: 15
2026-03-04 20:48:49 | INFO | src.tmc_shapley_islands | Data: source=4578 (across 15 islands), cal=150, test=905
2026-03-04 20:48:49 | INFO | src.tmc_shapley_islands | SNP selection: using fixed precomputed subset (n=20000)
2026-03-04 20:48:49 | INFO | src.tmc_shapley_islands | Island counts (capped to None in training):
  Nesøy: n=118
  Myken: n=92
  Træna: n=286
  Selvær: n=191
  Gjerøy: n=553
  Indre Kvarøy: n=349
  Onøy og Lurøy: n=256
  Lovund: n=151
  Sleneset: n=160
  Aldra: n=173
  Southern 1: n=581
  Southern 2: n=397
  Southern 3: n=583
  Southern 4: n=486
  Southern 5: n=202
2026-03-04 20:48:49 | INFO | src.tmc_shapley_islands | Loaded 494 cached utilities from outputs/tmc_shapley_sweep_all_traits/cache/wing/utility_cache_target_5_seed_1992139094.json
2026-03-04 20:48:49 | INFO | src.tmc_shapley_islands | Running TMC-Shapley with 80 permutations (utility on cal set)...
2026-03-04 20:48:49 | INFO | src.tmc_shapley_islands | Computing V_full over all 15 source islands...
2026-03-04 20:48:49 | INFO | src.tmc_shapley_islands | V_full = 0.1405
2026-03-04 20:48:49 | INFO | src.tmc_shapley_islands | TMC head-start: loaded 40 completed permutations from state outputs/tmc_shapley_sweep_all_traits/cache/wing/tmc_perm_state_target_5_seed_1992139094.json
2026-03-04 20:50:04 | INFO | src.tmc_shapley_islands | TMC progress: 48/80 permutations done, cache hit rate: 28.9%, n_evals: 86
2026-03-04 20:53:08 | INFO | src.tmc_shapley_islands | TMC progress: 64/80 permutations done, cache hit rate: 27.1%, n_evals: 263
2026-03-04 20:55:41 | INFO | src.tmc_shapley_islands | TMC progress: 80/80 permutations done, cache hit rate: 30.3%, n_evals: 419
2026-03-04 20:55:41 | INFO | src.tmc_shapley_islands | TMC complete: 80 permutations, 0 truncated, 419 utility evals, cache hit rate: 30.3%
2026-03-04 20:55:41 | INFO | src.tmc_shapley_islands | Shapley values (phi, computed on cal set):
2026-03-04 20:55:41 | INFO | src.tmc_shapley_islands |   Nesøy: phi=0.016122, phi/n=0.00013662
2026-03-04 20:55:41 | INFO | src.tmc_shapley_islands |   Myken: phi=-0.002375, phi/n=-0.00002582
2026-03-04 20:55:41 | INFO | src.tmc_shapley_islands |   Træna: phi=0.017380, phi/n=0.00006077
2026-03-04 20:55:41 | INFO | src.tmc_shapley_islands |   Selvær: phi=0.001324, phi/n=0.00000693
2026-03-04 20:55:41 | INFO | src.tmc_shapley_islands |   Gjerøy: phi=0.031667, phi/n=0.00005726
2026-03-04 20:55:41 | INFO | src.tmc_shapley_islands |   Indre Kvarøy: phi=0.045567, phi/n=0.00013057
2026-03-04 20:55:41 | INFO | src.tmc_shapley_islands |   Onøy og Lurøy: phi=0.055960, phi/n=0.00021860
2026-03-04 20:55:41 | INFO | src.tmc_shapley_islands |   Lovund: phi=-0.030853, phi/n=-0.00020432
2026-03-04 20:55:41 | INFO | src.tmc_shapley_islands |   Sleneset: phi=-0.014130, phi/n=-0.00008831
2026-03-04 20:55:41 | INFO | src.tmc_shapley_islands |   Aldra: phi=-0.002176, phi/n=-0.00001258
2026-03-04 20:55:41 | INFO | src.tmc_shapley_islands |   Southern 1: phi=-0.012061, phi/n=-0.00002076
2026-03-04 20:55:41 | INFO | src.tmc_shapley_islands |   Southern 2: phi=-0.013675, phi/n=-0.00003444
2026-03-04 20:55:41 | INFO | src.tmc_shapley_islands |   Southern 3: phi=-0.008591, phi/n=-0.00001474
2026-03-04 20:55:41 | INFO | src.tmc_shapley_islands |   Southern 4: phi=0.043288, phi/n=0.00008907
2026-03-04 20:55:41 | INFO | src.tmc_shapley_islands |   Southern 5: phi=0.013035, phi/n=0.00006453
2026-03-04 20:55:41 | INFO | src.tmc_shapley_islands | Curve retraining early stopping: enabled=True, patience=20
2026-03-04 20:55:41 | INFO | src.tmc_shapley_islands | Computing add-islands curve (evaluated on test set)...
2026-03-04 20:55:41 | INFO | src.tmc_shapley_islands | Add-curve (mean): 1 islands, n=256 -> corr=0.1220
2026-03-04 20:55:41 | INFO | src.tmc_shapley_islands | Add-curve (mean): 2 islands, n=374 -> corr=0.1320
2026-03-04 20:55:42 | INFO | src.tmc_shapley_islands | Add-curve (mean): 3 islands, n=723 -> corr=0.1558
2026-03-04 20:55:42 | INFO | src.tmc_shapley_islands | Add-curve (mean): 4 islands, n=1209 -> corr=0.1602
2026-03-04 20:55:43 | INFO | src.tmc_shapley_islands | Add-curve (mean): 5 islands, n=1411 -> corr=0.1578
2026-03-04 20:55:44 | INFO | src.tmc_shapley_islands | Add-curve (mean): 6 islands, n=1697 -> corr=0.1690
2026-03-04 20:55:45 | INFO | src.tmc_shapley_islands | Add-curve (mean): 7 islands, n=2250 -> corr=0.1572
2026-03-04 20:55:46 | INFO | src.tmc_shapley_islands | Add-curve (mean): 8 islands, n=2441 -> corr=0.1602
2026-03-04 20:55:47 | INFO | src.tmc_shapley_islands | Add-curve (mean): 9 islands, n=2614 -> corr=0.1642
2026-03-04 20:55:49 | INFO | src.tmc_shapley_islands | Add-curve (mean): 10 islands, n=3197 -> corr=0.1488
2026-03-04 20:55:50 | INFO | src.tmc_shapley_islands | Add-curve (mean): 11 islands, n=3778 -> corr=0.1534
2026-03-04 20:55:52 | INFO | src.tmc_shapley_islands | Add-curve (mean): 12 islands, n=3870 -> corr=0.1528
2026-03-04 20:55:54 | INFO | src.tmc_shapley_islands | Add-curve (mean): 13 islands, n=4267 -> corr=0.1502
2026-03-04 20:55:56 | INFO | src.tmc_shapley_islands | Add-curve (mean): 14 islands, n=4427 -> corr=0.1527
2026-03-04 20:55:58 | INFO | src.tmc_shapley_islands | Add-curve (mean): 15 islands, n=4578 -> corr=0.1544
2026-03-04 20:56:09 | INFO | src.tmc_shapley_islands | Random individual add-curve (seed=0) complete
2026-03-04 20:56:21 | INFO | src.tmc_shapley_islands | Random individual add-curve (seed=1) complete
2026-03-04 20:56:37 | INFO | src.tmc_shapley_islands | Random individual add-curve (seed=2) complete
2026-03-04 20:56:48 | INFO | src.tmc_shapley_islands | Random individual add-curve (seed=3) complete
2026-03-04 20:57:00 | INFO | src.tmc_shapley_islands | Random individual add-curve (seed=4) complete
2026-03-04 20:57:00 | INFO | src.tmc_shapley_islands | Building mirrored remove-islands curve from add-islands curve...
2026-03-04 20:57:00 | INFO | src.tmc_shapley_islands | Saved Shapley values to outputs/tmc_shapley_sweep_all_traits/shards/shard_011/wing/tmp/shapley_island_values_target_5.csv
2026-03-04 20:57:00 | INFO | src.tmc_shapley_islands | Saved summary to outputs/tmc_shapley_sweep_all_traits/shards/shard_011/wing/tmp/tmc_summary_target_5.json
2026-03-04 20:57:00 | INFO | src.tmc_shapley_islands | Saved intermediate ranking trace to outputs/tmc_shapley_sweep_all_traits/shards/shard_011/wing/tmp/tmc_intermediate_rankings_target_5.csv
2026-03-04 20:57:00 | INFO | src.tmc_shapley_islands | Saved add-curve to outputs/tmc_shapley_sweep_all_traits/shards/shard_011/wing/tmp/add_curve_target_5.csv
2026-03-04 20:57:00 | INFO | src.tmc_shapley_islands | Saved remove-curve to outputs/tmc_shapley_sweep_all_traits/shards/shard_011/wing/tmp/remove_curve_target_5.csv
2026-03-04 20:57:00 | INFO | src.tmc_shapley_islands | Saved bar plot to outputs/tmc_shapley_sweep_all_traits/shards/shard_011/wing/tmp/shapley_bar_target_5.png
2026-03-04 20:57:00 | INFO | src.tmc_shapley_islands | Saved add-curve plot to outputs/tmc_shapley_sweep_all_traits/shards/shard_011/wing/tmp/add_curve_target_5.png
2026-03-04 20:57:01 | INFO | src.tmc_shapley_islands | Saved remove-curve plot to outputs/tmc_shapley_sweep_all_traits/shards/shard_011/wing/tmp/remove_curve_target_5.png
2026-03-04 20:57:01 | INFO | __main__ | Shard 11/30 trait=wing progress 50/75 | target=5 n_cal_samples=150 perm=150 repeat=3
2026-03-04 20:57:01 | INFO | src.tmc_shapley_islands | [Shapley] Target island: 5 (Hestmannøy), source islands: 15
2026-03-04 20:57:02 | INFO | src.tmc_shapley_islands | Data: source=4578 (across 15 islands), cal=150, test=905
2026-03-04 20:57:02 | INFO | src.tmc_shapley_islands | SNP selection: using fixed precomputed subset (n=20000)
2026-03-04 20:57:02 | INFO | src.tmc_shapley_islands | Island counts (capped to None in training):
  Nesøy: n=118
  Myken: n=92
  Træna: n=286
  Selvær: n=191
  Gjerøy: n=553
  Indre Kvarøy: n=349
  Onøy og Lurøy: n=256
  Lovund: n=151
  Sleneset: n=160
  Aldra: n=173
  Southern 1: n=581
  Southern 2: n=397
  Southern 3: n=583
  Southern 4: n=486
  Southern 5: n=202
2026-03-04 20:57:02 | INFO | src.tmc_shapley_islands | Loaded 913 cached utilities from outputs/tmc_shapley_sweep_all_traits/cache/wing/utility_cache_target_5_seed_1992139094.json
2026-03-04 20:57:02 | INFO | src.tmc_shapley_islands | Running TMC-Shapley with 150 permutations (utility on cal set)...
2026-03-04 20:57:02 | INFO | src.tmc_shapley_islands | Computing V_full over all 15 source islands...
2026-03-04 20:57:02 | INFO | src.tmc_shapley_islands | V_full = 0.1405
2026-03-04 20:57:02 | INFO | src.tmc_shapley_islands | TMC head-start: loaded 80 completed permutations from state outputs/tmc_shapley_sweep_all_traits/cache/wing/tmc_perm_state_target_5_seed_1992139094.json
2026-03-04 20:58:45 | INFO | src.tmc_shapley_islands | TMC progress: 90/150 permutations done, cache hit rate: 30.5%, n_evals: 105
2026-03-04 21:04:06 | INFO | src.tmc_shapley_islands | TMC progress: 120/150 permutations done, cache hit rate: 31.6%, n_evals: 411
2026-03-04 21:08:50 | INFO | src.tmc_shapley_islands | TMC progress: 150/150 permutations done, cache hit rate: 33.2%, n_evals: 702
2026-03-04 21:08:50 | INFO | src.tmc_shapley_islands | TMC complete: 150 permutations, 0 truncated, 702 utility evals, cache hit rate: 33.2%
2026-03-04 21:08:50 | INFO | src.tmc_shapley_islands | Shapley values (phi, computed on cal set):
2026-03-04 21:08:50 | INFO | src.tmc_shapley_islands |   Nesøy: phi=0.015304, phi/n=0.00012969
2026-03-04 21:08:50 | INFO | src.tmc_shapley_islands |   Myken: phi=-0.001879, phi/n=-0.00002043
2026-03-04 21:08:50 | INFO | src.tmc_shapley_islands |   Træna: phi=0.017758, phi/n=0.00006209
2026-03-04 21:08:50 | INFO | src.tmc_shapley_islands |   Selvær: phi=0.001145, phi/n=0.00000599
2026-03-04 21:08:50 | INFO | src.tmc_shapley_islands |   Gjerøy: phi=0.031259, phi/n=0.00005653
2026-03-04 21:08:50 | INFO | src.tmc_shapley_islands |   Indre Kvarøy: phi=0.043838, phi/n=0.00012561
2026-03-04 21:08:50 | INFO | src.tmc_shapley_islands |   Onøy og Lurøy: phi=0.054122, phi/n=0.00021141
2026-03-04 21:08:50 | INFO | src.tmc_shapley_islands |   Lovund: phi=-0.028543, phi/n=-0.00018903
2026-03-04 21:08:50 | INFO | src.tmc_shapley_islands |   Sleneset: phi=-0.013686, phi/n=-0.00008554
2026-03-04 21:08:50 | INFO | src.tmc_shapley_islands |   Aldra: phi=-0.001534, phi/n=-0.00000887
2026-03-04 21:08:50 | INFO | src.tmc_shapley_islands |   Southern 1: phi=-0.011386, phi/n=-0.00001960
2026-03-04 21:08:50 | INFO | src.tmc_shapley_islands |   Southern 2: phi=-0.013513, phi/n=-0.00003404
2026-03-04 21:08:50 | INFO | src.tmc_shapley_islands |   Southern 3: phi=-0.008126, phi/n=-0.00001394
2026-03-04 21:08:50 | INFO | src.tmc_shapley_islands |   Southern 4: phi=0.043810, phi/n=0.00009014
2026-03-04 21:08:50 | INFO | src.tmc_shapley_islands |   Southern 5: phi=0.011916, phi/n=0.00005899
2026-03-04 21:08:50 | INFO | src.tmc_shapley_islands | Curve retraining early stopping: enabled=True, patience=20
2026-03-04 21:08:50 | INFO | src.tmc_shapley_islands | Computing add-islands curve (evaluated on test set)...
2026-03-04 21:08:50 | INFO | src.tmc_shapley_islands | Add-curve (mean): 1 islands, n=256 -> corr=0.1220
2026-03-04 21:08:50 | INFO | src.tmc_shapley_islands | Add-curve (mean): 2 islands, n=374 -> corr=0.1320
2026-03-04 21:08:50 | INFO | src.tmc_shapley_islands | Add-curve (mean): 3 islands, n=723 -> corr=0.1558
2026-03-04 21:08:51 | INFO | src.tmc_shapley_islands | Add-curve (mean): 4 islands, n=1209 -> corr=0.1602
2026-03-04 21:08:52 | INFO | src.tmc_shapley_islands | Add-curve (mean): 5 islands, n=1495 -> corr=0.1710
2026-03-04 21:08:53 | INFO | src.tmc_shapley_islands | Add-curve (mean): 6 islands, n=1697 -> corr=0.1690
2026-03-04 21:08:54 | INFO | src.tmc_shapley_islands | Add-curve (mean): 7 islands, n=2250 -> corr=0.1572
2026-03-04 21:08:55 | INFO | src.tmc_shapley_islands | Add-curve (mean): 8 islands, n=2441 -> corr=0.1602
2026-03-04 21:08:57 | INFO | src.tmc_shapley_islands | Add-curve (mean): 9 islands, n=2614 -> corr=0.1642
2026-03-04 21:09:01 | INFO | src.tmc_shapley_islands | Add-curve (mean): 10 islands, n=3197 -> corr=0.1488
2026-03-04 21:09:02 | INFO | src.tmc_shapley_islands | Add-curve (mean): 11 islands, n=3778 -> corr=0.1534
2026-03-04 21:09:04 | INFO | src.tmc_shapley_islands | Add-curve (mean): 12 islands, n=3870 -> corr=0.1528
2026-03-04 21:09:09 | INFO | src.tmc_shapley_islands | Add-curve (mean): 13 islands, n=4267 -> corr=0.1502
2026-03-04 21:09:11 | INFO | src.tmc_shapley_islands | Add-curve (mean): 14 islands, n=4427 -> corr=0.1527
2026-03-04 21:09:13 | INFO | src.tmc_shapley_islands | Add-curve (mean): 15 islands, n=4578 -> corr=0.1544
2026-03-04 21:09:24 | INFO | src.tmc_shapley_islands | Random individual add-curve (seed=0) complete
2026-03-04 21:09:36 | INFO | src.tmc_shapley_islands | Random individual add-curve (seed=1) complete
2026-03-04 21:09:47 | INFO | src.tmc_shapley_islands | Random individual add-curve (seed=2) complete
2026-03-04 21:09:59 | INFO | src.tmc_shapley_islands | Random individual add-curve (seed=3) complete
2026-03-04 21:10:17 | INFO | src.tmc_shapley_islands | Random individual add-curve (seed=4) complete
2026-03-04 21:10:17 | INFO | src.tmc_shapley_islands | Building mirrored remove-islands curve from add-islands curve...
2026-03-04 21:10:17 | INFO | src.tmc_shapley_islands | Saved Shapley values to outputs/tmc_shapley_sweep_all_traits/shards/shard_011/wing/tmp/shapley_island_values_target_5.csv
2026-03-04 21:10:17 | INFO | src.tmc_shapley_islands | Saved summary to outputs/tmc_shapley_sweep_all_traits/shards/shard_011/wing/tmp/tmc_summary_target_5.json
2026-03-04 21:10:17 | INFO | src.tmc_shapley_islands | Saved intermediate ranking trace to outputs/tmc_shapley_sweep_all_traits/shards/shard_011/wing/tmp/tmc_intermediate_rankings_target_5.csv
2026-03-04 21:10:17 | INFO | src.tmc_shapley_islands | Saved add-curve to outputs/tmc_shapley_sweep_all_traits/shards/shard_011/wing/tmp/add_curve_target_5.csv
2026-03-04 21:10:17 | INFO | src.tmc_shapley_islands | Saved remove-curve to outputs/tmc_shapley_sweep_all_traits/shards/shard_011/wing/tmp/remove_curve_target_5.csv
2026-03-04 21:10:17 | INFO | src.tmc_shapley_islands | Saved bar plot to outputs/tmc_shapley_sweep_all_traits/shards/shard_011/wing/tmp/shapley_bar_target_5.png
2026-03-04 21:10:18 | INFO | src.tmc_shapley_islands | Saved add-curve plot to outputs/tmc_shapley_sweep_all_traits/shards/shard_011/wing/tmp/add_curve_target_5.png
2026-03-04 21:10:18 | INFO | src.tmc_shapley_islands | Saved remove-curve plot to outputs/tmc_shapley_sweep_all_traits/shards/shard_011/wing/tmp/remove_curve_target_5.png
2026-03-04 21:10:18 | INFO | __main__ | Shard 11/30 trait=wing progress 51/75 | target=14 n_cal_samples=10 perm=10 repeat=3
2026-03-04 21:10:18 | INFO | src.tmc_shapley_islands | [Shapley] Target island: 14 (Southern 4), source islands: 15
2026-03-04 21:10:19 | INFO | src.tmc_shapley_islands | Data: source=5147 (across 15 islands), cal=10, test=336
2026-03-04 21:10:19 | INFO | src.tmc_shapley_islands | SNP selection: using fixed precomputed subset (n=20000)
2026-03-04 21:10:19 | INFO | src.tmc_shapley_islands | Island counts (capped to None in training):
  Nesøy: n=118
  Myken: n=92
  Træna: n=286
  Selvær: n=191
  Gjerøy: n=553
  Hestmannøy: n=1055
  Indre Kvarøy: n=349
  Onøy og Lurøy: n=256
  Lovund: n=151
  Sleneset: n=160
  Aldra: n=173
  Southern 1: n=581
  Southern 2: n=397
  Southern 3: n=583
  Southern 5: n=202
2026-03-04 21:10:19 | INFO | src.tmc_shapley_islands | Running TMC-Shapley with 10 permutations (utility on cal set)...
2026-03-04 21:10:19 | INFO | src.tmc_shapley_islands | Computing V_full over all 15 source islands...
2026-03-04 21:10:26 | INFO | src.tmc_shapley_islands | V_full = 0.3194
2026-03-04 21:10:52 | INFO | src.tmc_shapley_islands | TMC progress: 2/10 permutations done, cache hit rate: 6.5%, n_evals: 29
2026-03-04 21:11:27 | INFO | src.tmc_shapley_islands | TMC progress: 4/10 permutations done, cache hit rate: 6.6%, n_evals: 57
2026-03-04 21:11:51 | INFO | src.tmc_shapley_islands | TMC progress: 6/10 permutations done, cache hit rate: 8.8%, n_evals: 83
2026-03-04 21:12:14 | INFO | src.tmc_shapley_islands | TMC progress: 8/10 permutations done, cache hit rate: 11.6%, n_evals: 107
2026-03-04 21:12:41 | INFO | src.tmc_shapley_islands | TMC progress: 10/10 permutations done, cache hit rate: 13.9%, n_evals: 130
2026-03-04 21:12:41 | INFO | src.tmc_shapley_islands | TMC complete: 10 permutations, 0 truncated, 130 utility evals, cache hit rate: 13.9%
2026-03-04 21:12:41 | INFO | src.tmc_shapley_islands | Shapley values (phi, computed on cal set):
2026-03-04 21:12:41 | INFO | src.tmc_shapley_islands |   Nesøy: phi=-0.097961, phi/n=-0.00083017
2026-03-04 21:12:41 | INFO | src.tmc_shapley_islands |   Myken: phi=0.081816, phi/n=0.00088930
2026-03-04 21:12:41 | INFO | src.tmc_shapley_islands |   Træna: phi=-0.098668, phi/n=-0.00034499
2026-03-04 21:12:41 | INFO | src.tmc_shapley_islands |   Selvær: phi=-0.008949, phi/n=-0.00004685
2026-03-04 21:12:41 | INFO | src.tmc_shapley_islands |   Gjerøy: phi=-0.020143, phi/n=-0.00003642
2026-03-04 21:12:41 | INFO | src.tmc_shapley_islands |   Hestmannøy: phi=-0.022305, phi/n=-0.00002114
2026-03-04 21:12:41 | INFO | src.tmc_shapley_islands |   Indre Kvarøy: phi=-0.000888, phi/n=-0.00000254
2026-03-04 21:12:41 | INFO | src.tmc_shapley_islands |   Onøy og Lurøy: phi=0.048735, phi/n=0.00019037
2026-03-04 21:12:41 | INFO | src.tmc_shapley_islands |   Lovund: phi=0.071050, phi/n=0.00047053
2026-03-04 21:12:41 | INFO | src.tmc_shapley_islands |   Sleneset: phi=0.167202, phi/n=0.00104501
2026-03-04 21:12:41 | INFO | src.tmc_shapley_islands |   Aldra: phi=0.048335, phi/n=0.00027939
2026-03-04 21:12:41 | INFO | src.tmc_shapley_islands |   Southern 1: phi=-0.051746, phi/n=-0.00008906
2026-03-04 21:12:41 | INFO | src.tmc_shapley_islands |   Southern 2: phi=0.028031, phi/n=0.00007061
2026-03-04 21:12:41 | INFO | src.tmc_shapley_islands |   Southern 3: phi=0.241445, phi/n=0.00041414
2026-03-04 21:12:41 | INFO | src.tmc_shapley_islands |   Southern 5: phi=-0.066586, phi/n=-0.00032963
2026-03-04 21:12:41 | INFO | src.tmc_shapley_islands | Curve retraining early stopping: enabled=True, patience=20
2026-03-04 21:12:41 | INFO | src.tmc_shapley_islands | Computing add-islands curve (evaluated on test set)...
2026-03-04 21:12:42 | INFO | src.tmc_shapley_islands | Add-curve (mean): 1 islands, n=160 -> corr=0.0458
2026-03-04 21:12:42 | INFO | src.tmc_shapley_islands | Add-curve (mean): 2 islands, n=252 -> corr=0.0220
2026-03-04 21:12:42 | INFO | src.tmc_shapley_islands | Add-curve (mean): 3 islands, n=403 -> corr=0.0100
2026-03-04 21:12:42 | INFO | src.tmc_shapley_islands | Add-curve (mean): 4 islands, n=986 -> corr=-0.0323
2026-03-04 21:12:43 | INFO | src.tmc_shapley_islands | Add-curve (mean): 5 islands, n=1159 -> corr=-0.0136
2026-03-04 21:12:43 | INFO | src.tmc_shapley_islands | Add-curve (mean): 6 islands, n=1415 -> corr=0.0168
2026-03-04 21:12:44 | INFO | src.tmc_shapley_islands | Add-curve (mean): 7 islands, n=1812 -> corr=0.0470
2026-03-04 21:12:45 | INFO | src.tmc_shapley_islands | Add-curve (mean): 8 islands, n=2161 -> corr=0.0493
2026-03-04 21:12:46 | INFO | src.tmc_shapley_islands | Add-curve (mean): 9 islands, n=3216 -> corr=0.0957
2026-03-04 21:12:47 | INFO | src.tmc_shapley_islands | Add-curve (mean): 10 islands, n=3769 -> corr=0.0829
2026-03-04 21:12:49 | INFO | src.tmc_shapley_islands | Add-curve (mean): 11 islands, n=3960 -> corr=0.0751
2026-03-04 21:12:50 | INFO | src.tmc_shapley_islands | Add-curve (mean): 12 islands, n=4541 -> corr=0.1117
2026-03-04 21:12:52 | INFO | src.tmc_shapley_islands | Add-curve (mean): 13 islands, n=4743 -> corr=0.1205
2026-03-04 21:12:59 | INFO | src.tmc_shapley_islands | Add-curve (mean): 14 islands, n=5029 -> corr=0.1120
2026-03-04 21:13:03 | INFO | src.tmc_shapley_islands | Add-curve (mean): 15 islands, n=5147 -> corr=0.1197
2026-03-04 21:13:22 | INFO | src.tmc_shapley_islands | Random individual add-curve (seed=0) complete
2026-03-04 21:13:34 | INFO | src.tmc_shapley_islands | Random individual add-curve (seed=1) complete
2026-03-04 21:13:46 | INFO | src.tmc_shapley_islands | Random individual add-curve (seed=2) complete
2026-03-04 21:13:58 | INFO | src.tmc_shapley_islands | Random individual add-curve (seed=3) complete
2026-03-04 21:14:15 | INFO | src.tmc_shapley_islands | Random individual add-curve (seed=4) complete
2026-03-04 21:14:15 | INFO | src.tmc_shapley_islands | Building mirrored remove-islands curve from add-islands curve...
2026-03-04 21:14:15 | INFO | src.tmc_shapley_islands | Saved Shapley values to outputs/tmc_shapley_sweep_all_traits/shards/shard_011/wing/tmp/shapley_island_values_target_14.csv
2026-03-04 21:14:15 | INFO | src.tmc_shapley_islands | Saved summary to outputs/tmc_shapley_sweep_all_traits/shards/shard_011/wing/tmp/tmc_summary_target_14.json
2026-03-04 21:14:15 | INFO | src.tmc_shapley_islands | Saved intermediate ranking trace to outputs/tmc_shapley_sweep_all_traits/shards/shard_011/wing/tmp/tmc_intermediate_rankings_target_14.csv
2026-03-04 21:14:15 | INFO | src.tmc_shapley_islands | Saved add-curve to outputs/tmc_shapley_sweep_all_traits/shards/shard_011/wing/tmp/add_curve_target_14.csv
2026-03-04 21:14:15 | INFO | src.tmc_shapley_islands | Saved remove-curve to outputs/tmc_shapley_sweep_all_traits/shards/shard_011/wing/tmp/remove_curve_target_14.csv
2026-03-04 21:14:15 | INFO | src.tmc_shapley_islands | Saved bar plot to outputs/tmc_shapley_sweep_all_traits/shards/shard_011/wing/tmp/shapley_bar_target_14.png
2026-03-04 21:14:16 | INFO | src.tmc_shapley_islands | Saved add-curve plot to outputs/tmc_shapley_sweep_all_traits/shards/shard_011/wing/tmp/add_curve_target_14.png
2026-03-04 21:14:16 | INFO | src.tmc_shapley_islands | Saved remove-curve plot to outputs/tmc_shapley_sweep_all_traits/shards/shard_011/wing/tmp/remove_curve_target_14.png
2026-03-04 21:14:16 | INFO | __main__ | Shard 11/30 trait=wing progress 52/75 | target=14 n_cal_samples=10 perm=20 repeat=3
2026-03-04 21:14:16 | INFO | src.tmc_shapley_islands | [Shapley] Target island: 14 (Southern 4), source islands: 15
2026-03-04 21:14:17 | INFO | src.tmc_shapley_islands | Data: source=5147 (across 15 islands), cal=10, test=336
2026-03-04 21:14:17 | INFO | src.tmc_shapley_islands | SNP selection: using fixed precomputed subset (n=20000)
2026-03-04 21:14:17 | INFO | src.tmc_shapley_islands | Island counts (capped to None in training):
  Nesøy: n=118
  Myken: n=92
  Træna: n=286
  Selvær: n=191
  Gjerøy: n=553
  Hestmannøy: n=1055
  Indre Kvarøy: n=349
  Onøy og Lurøy: n=256
  Lovund: n=151
  Sleneset: n=160
  Aldra: n=173
  Southern 1: n=581
  Southern 2: n=397
  Southern 3: n=583
  Southern 5: n=202
2026-03-04 21:14:17 | INFO | src.tmc_shapley_islands | Loaded 130 cached utilities from outputs/tmc_shapley_sweep_all_traits/cache/wing/utility_cache_target_14_seed_439894126.json
2026-03-04 21:14:17 | INFO | src.tmc_shapley_islands | Running TMC-Shapley with 20 permutations (utility on cal set)...
2026-03-04 21:14:17 | INFO | src.tmc_shapley_islands | Computing V_full over all 15 source islands...
2026-03-04 21:14:17 | INFO | src.tmc_shapley_islands | V_full = 0.3194
2026-03-04 21:14:17 | INFO | src.tmc_shapley_islands | TMC head-start: loaded 10 completed permutations from state outputs/tmc_shapley_sweep_all_traits/cache/wing/tmc_perm_state_target_14_seed_439894126.json
2026-03-04 21:14:54 | INFO | src.tmc_shapley_islands | TMC progress: 12/20 permutations done, cache hit rate: 16.1%, n_evals: 26
2026-03-04 21:15:47 | INFO | src.tmc_shapley_islands | TMC progress: 16/20 permutations done, cache hit rate: 16.5%, n_evals: 76
2026-03-04 21:16:36 | INFO | src.tmc_shapley_islands | TMC progress: 20/20 permutations done, cache hit rate: 19.9%, n_evals: 121
2026-03-04 21:16:36 | INFO | src.tmc_shapley_islands | TMC complete: 20 permutations, 0 truncated, 121 utility evals, cache hit rate: 19.9%
2026-03-04 21:16:36 | INFO | src.tmc_shapley_islands | Shapley values (phi, computed on cal set):
2026-03-04 21:16:36 | INFO | src.tmc_shapley_islands |   Nesøy: phi=-0.078191, phi/n=-0.00066263
2026-03-04 21:16:36 | INFO | src.tmc_shapley_islands |   Myken: phi=0.058088, phi/n=0.00063139
2026-03-04 21:16:36 | INFO | src.tmc_shapley_islands |   Træna: phi=-0.106168, phi/n=-0.00037122
2026-03-04 21:16:36 | INFO | src.tmc_shapley_islands |   Selvær: phi=-0.011159, phi/n=-0.00005843
2026-03-04 21:16:36 | INFO | src.tmc_shapley_islands |   Gjerøy: phi=-0.022415, phi/n=-0.00004053
2026-03-04 21:16:36 | INFO | src.tmc_shapley_islands |   Hestmannøy: phi=0.037336, phi/n=0.00003539
2026-03-04 21:16:36 | INFO | src.tmc_shapley_islands |   Indre Kvarøy: phi=0.009120, phi/n=0.00002613
2026-03-04 21:16:36 | INFO | src.tmc_shapley_islands |   Onøy og Lurøy: phi=0.029532, phi/n=0.00011536
2026-03-04 21:16:36 | INFO | src.tmc_shapley_islands |   Lovund: phi=0.071147, phi/n=0.00047117
2026-03-04 21:16:36 | INFO | src.tmc_shapley_islands |   Sleneset: phi=0.166220, phi/n=0.00103888
2026-03-04 21:16:36 | INFO | src.tmc_shapley_islands |   Aldra: phi=0.041925, phi/n=0.00024234
2026-03-04 21:16:36 | INFO | src.tmc_shapley_islands |   Southern 1: phi=-0.061514, phi/n=-0.00010588
2026-03-04 21:16:36 | INFO | src.tmc_shapley_islands |   Southern 2: phi=0.045693, phi/n=0.00011510
2026-03-04 21:16:36 | INFO | src.tmc_shapley_islands |   Southern 3: phi=0.203097, phi/n=0.00034837
2026-03-04 21:16:36 | INFO | src.tmc_shapley_islands |   Southern 5: phi=-0.063344, phi/n=-0.00031358
2026-03-04 21:16:36 | INFO | src.tmc_shapley_islands | Curve retraining early stopping: enabled=True, patience=20
2026-03-04 21:16:36 | INFO | src.tmc_shapley_islands | Computing add-islands curve (evaluated on test set)...
2026-03-04 21:16:36 | INFO | src.tmc_shapley_islands | Add-curve (mean): 1 islands, n=160 -> corr=0.0458
2026-03-04 21:16:36 | INFO | src.tmc_shapley_islands | Add-curve (mean): 2 islands, n=252 -> corr=0.0220
2026-03-04 21:16:36 | INFO | src.tmc_shapley_islands | Add-curve (mean): 3 islands, n=403 -> corr=0.0100
2026-03-04 21:16:37 | INFO | src.tmc_shapley_islands | Add-curve (mean): 4 islands, n=986 -> corr=-0.0323
2026-03-04 21:16:37 | INFO | src.tmc_shapley_islands | Add-curve (mean): 5 islands, n=1159 -> corr=-0.0136
2026-03-04 21:16:38 | INFO | src.tmc_shapley_islands | Add-curve (mean): 6 islands, n=1415 -> corr=0.0168
2026-03-04 21:16:39 | INFO | src.tmc_shapley_islands | Add-curve (mean): 7 islands, n=1812 -> corr=0.0470
2026-03-04 21:16:40 | INFO | src.tmc_shapley_islands | Add-curve (mean): 8 islands, n=2867 -> corr=0.0962
2026-03-04 21:16:41 | INFO | src.tmc_shapley_islands | Add-curve (mean): 9 islands, n=3216 -> corr=0.0957
2026-03-04 21:16:43 | INFO | src.tmc_shapley_islands | Add-curve (mean): 10 islands, n=3769 -> corr=0.0829
2026-03-04 21:16:44 | INFO | src.tmc_shapley_islands | Add-curve (mean): 11 islands, n=3960 -> corr=0.0751
2026-03-04 21:16:46 | INFO | src.tmc_shapley_islands | Add-curve (mean): 12 islands, n=4541 -> corr=0.1117
2026-03-04 21:16:48 | INFO | src.tmc_shapley_islands | Add-curve (mean): 13 islands, n=4743 -> corr=0.1205
2026-03-04 21:16:50 | INFO | src.tmc_shapley_islands | Add-curve (mean): 14 islands, n=5029 -> corr=0.1120
2026-03-04 21:16:52 | INFO | src.tmc_shapley_islands | Add-curve (mean): 15 islands, n=5147 -> corr=0.1197
2026-03-04 21:17:04 | INFO | src.tmc_shapley_islands | Random individual add-curve (seed=0) complete
2026-03-04 21:17:16 | INFO | src.tmc_shapley_islands | Random individual add-curve (seed=1) complete
2026-03-04 21:17:28 | INFO | src.tmc_shapley_islands | Random individual add-curve (seed=2) complete
2026-03-04 21:17:40 | INFO | src.tmc_shapley_islands | Random individual add-curve (seed=3) complete
2026-03-04 21:17:52 | INFO | src.tmc_shapley_islands | Random individual add-curve (seed=4) complete
2026-03-04 21:17:52 | INFO | src.tmc_shapley_islands | Building mirrored remove-islands curve from add-islands curve...
2026-03-04 21:17:52 | INFO | src.tmc_shapley_islands | Saved Shapley values to outputs/tmc_shapley_sweep_all_traits/shards/shard_011/wing/tmp/shapley_island_values_target_14.csv
2026-03-04 21:17:52 | INFO | src.tmc_shapley_islands | Saved summary to outputs/tmc_shapley_sweep_all_traits/shards/shard_011/wing/tmp/tmc_summary_target_14.json
2026-03-04 21:17:52 | INFO | src.tmc_shapley_islands | Saved intermediate ranking trace to outputs/tmc_shapley_sweep_all_traits/shards/shard_011/wing/tmp/tmc_intermediate_rankings_target_14.csv
2026-03-04 21:17:52 | INFO | src.tmc_shapley_islands | Saved add-curve to outputs/tmc_shapley_sweep_all_traits/shards/shard_011/wing/tmp/add_curve_target_14.csv
2026-03-04 21:17:52 | INFO | src.tmc_shapley_islands | Saved remove-curve to outputs/tmc_shapley_sweep_all_traits/shards/shard_011/wing/tmp/remove_curve_target_14.csv
2026-03-04 21:17:52 | INFO | src.tmc_shapley_islands | Saved bar plot to outputs/tmc_shapley_sweep_all_traits/shards/shard_011/wing/tmp/shapley_bar_target_14.png
2026-03-04 21:17:53 | INFO | src.tmc_shapley_islands | Saved add-curve plot to outputs/tmc_shapley_sweep_all_traits/shards/shard_011/wing/tmp/add_curve_target_14.png
2026-03-04 21:17:54 | INFO | src.tmc_shapley_islands | Saved remove-curve plot to outputs/tmc_shapley_sweep_all_traits/shards/shard_011/wing/tmp/remove_curve_target_14.png
2026-03-04 21:17:54 | INFO | __main__ | Shard 11/30 trait=wing progress 53/75 | target=14 n_cal_samples=10 perm=40 repeat=3
2026-03-04 21:17:54 | INFO | src.tmc_shapley_islands | [Shapley] Target island: 14 (Southern 4), source islands: 15
2026-03-04 21:17:54 | INFO | src.tmc_shapley_islands | Data: source=5147 (across 15 islands), cal=10, test=336
2026-03-04 21:17:54 | INFO | src.tmc_shapley_islands | SNP selection: using fixed precomputed subset (n=20000)
2026-03-04 21:17:54 | INFO | src.tmc_shapley_islands | Island counts (capped to None in training):
  Nesøy: n=118
  Myken: n=92
  Træna: n=286
  Selvær: n=191
  Gjerøy: n=553
  Hestmannøy: n=1055
  Indre Kvarøy: n=349
  Onøy og Lurøy: n=256
  Lovund: n=151
  Sleneset: n=160
  Aldra: n=173
  Southern 1: n=581
  Southern 2: n=397
  Southern 3: n=583
  Southern 5: n=202
2026-03-04 21:17:54 | INFO | src.tmc_shapley_islands | Loaded 251 cached utilities from outputs/tmc_shapley_sweep_all_traits/cache/wing/utility_cache_target_14_seed_439894126.json
2026-03-04 21:17:54 | INFO | src.tmc_shapley_islands | Running TMC-Shapley with 40 permutations (utility on cal set)...
2026-03-04 21:17:54 | INFO | src.tmc_shapley_islands | Computing V_full over all 15 source islands...
2026-03-04 21:17:54 | INFO | src.tmc_shapley_islands | V_full = 0.3194
2026-03-04 21:17:54 | INFO | src.tmc_shapley_islands | TMC head-start: loaded 20 completed permutations from state outputs/tmc_shapley_sweep_all_traits/cache/wing/tmc_perm_state_target_14_seed_439894126.json
2026-03-04 21:18:52 | INFO | src.tmc_shapley_islands | TMC progress: 24/40 permutations done, cache hit rate: 16.4%, n_evals: 51
2026-03-04 21:20:25 | INFO | src.tmc_shapley_islands | TMC progress: 32/40 permutations done, cache hit rate: 18.8%, n_evals: 147
2026-03-04 21:22:31 | INFO | src.tmc_shapley_islands | TMC progress: 40/40 permutations done, cache hit rate: 21.3%, n_evals: 237
2026-03-04 21:22:32 | INFO | src.tmc_shapley_islands | TMC complete: 40 permutations, 0 truncated, 237 utility evals, cache hit rate: 21.3%
2026-03-04 21:22:32 | INFO | src.tmc_shapley_islands | Shapley values (phi, computed on cal set):
2026-03-04 21:22:32 | INFO | src.tmc_shapley_islands |   Nesøy: phi=-0.067375, phi/n=-0.00057098
2026-03-04 21:22:32 | INFO | src.tmc_shapley_islands |   Myken: phi=0.030606, phi/n=0.00033267
2026-03-04 21:22:32 | INFO | src.tmc_shapley_islands |   Træna: phi=-0.095957, phi/n=-0.00033551
2026-03-04 21:22:32 | INFO | src.tmc_shapley_islands |   Selvær: phi=-0.010131, phi/n=-0.00005304
2026-03-04 21:22:32 | INFO | src.tmc_shapley_islands |   Gjerøy: phi=-0.023349, phi/n=-0.00004222
2026-03-04 21:22:32 | INFO | src.tmc_shapley_islands |   Hestmannøy: phi=0.014051, phi/n=0.00001332
2026-03-04 21:22:32 | INFO | src.tmc_shapley_islands |   Indre Kvarøy: phi=-0.009215, phi/n=-0.00002640
2026-03-04 21:22:32 | INFO | src.tmc_shapley_islands |   Onøy og Lurøy: phi=0.017407, phi/n=0.00006800
2026-03-04 21:22:32 | INFO | src.tmc_shapley_islands |   Lovund: phi=0.101520, phi/n=0.00067232
2026-03-04 21:22:32 | INFO | src.tmc_shapley_islands |   Sleneset: phi=0.176495, phi/n=0.00110309
2026-03-04 21:22:32 | INFO | src.tmc_shapley_islands |   Aldra: phi=0.055179, phi/n=0.00031895
2026-03-04 21:22:32 | INFO | src.tmc_shapley_islands |   Southern 1: phi=-0.058689, phi/n=-0.00010101
2026-03-04 21:22:32 | INFO | src.tmc_shapley_islands |   Southern 2: phi=0.044628, phi/n=0.00011241
2026-03-04 21:22:32 | INFO | src.tmc_shapley_islands |   Southern 3: phi=0.233505, phi/n=0.00040052
2026-03-04 21:22:32 | INFO | src.tmc_shapley_islands |   Southern 5: phi=-0.089307, phi/n=-0.00044212
2026-03-04 21:22:32 | INFO | src.tmc_shapley_islands | Curve retraining early stopping: enabled=True, patience=20
2026-03-04 21:22:32 | INFO | src.tmc_shapley_islands | Computing add-islands curve (evaluated on test set)...
2026-03-04 21:22:32 | INFO | src.tmc_shapley_islands | Add-curve (mean): 1 islands, n=160 -> corr=0.0458
2026-03-04 21:22:32 | INFO | src.tmc_shapley_islands | Add-curve (mean): 2 islands, n=311 -> corr=0.0222
2026-03-04 21:22:32 | INFO | src.tmc_shapley_islands | Add-curve (mean): 3 islands, n=894 -> corr=-0.0304
2026-03-04 21:22:32 | INFO | src.tmc_shapley_islands | Add-curve (mean): 4 islands, n=986 -> corr=-0.0323
2026-03-04 21:22:33 | INFO | src.tmc_shapley_islands | Add-curve (mean): 5 islands, n=1159 -> corr=-0.0136
2026-03-04 21:22:34 | INFO | src.tmc_shapley_islands | Add-curve (mean): 6 islands, n=1556 -> corr=0.0295
2026-03-04 21:22:34 | INFO | src.tmc_shapley_islands | Add-curve (mean): 7 islands, n=1812 -> corr=0.0470
2026-03-04 21:22:36 | INFO | src.tmc_shapley_islands | Add-curve (mean): 8 islands, n=2867 -> corr=0.0962
2026-03-04 21:22:37 | INFO | src.tmc_shapley_islands | Add-curve (mean): 9 islands, n=3216 -> corr=0.0957
2026-03-04 21:22:38 | INFO | src.tmc_shapley_islands | Add-curve (mean): 10 islands, n=3769 -> corr=0.0829
2026-03-04 21:22:40 | INFO | src.tmc_shapley_islands | Add-curve (mean): 11 islands, n=3960 -> corr=0.0751
2026-03-04 21:22:42 | INFO | src.tmc_shapley_islands | Add-curve (mean): 12 islands, n=4541 -> corr=0.1117
2026-03-04 21:22:44 | INFO | src.tmc_shapley_islands | Add-curve (mean): 13 islands, n=4827 -> corr=0.1048
2026-03-04 21:22:46 | INFO | src.tmc_shapley_islands | Add-curve (mean): 14 islands, n=5029 -> corr=0.1120
2026-03-04 21:22:48 | INFO | src.tmc_shapley_islands | Add-curve (mean): 15 islands, n=5147 -> corr=0.1197
2026-03-04 21:23:01 | INFO | src.tmc_shapley_islands | Random individual add-curve (seed=0) complete
2026-03-04 21:23:14 | INFO | src.tmc_shapley_islands | Random individual add-curve (seed=1) complete
2026-03-04 21:23:30 | INFO | src.tmc_shapley_islands | Random individual add-curve (seed=2) complete
2026-03-04 21:23:49 | INFO | src.tmc_shapley_islands | Random individual add-curve (seed=3) complete
2026-03-04 21:24:02 | INFO | src.tmc_shapley_islands | Random individual add-curve (seed=4) complete
2026-03-04 21:24:02 | INFO | src.tmc_shapley_islands | Building mirrored remove-islands curve from add-islands curve...
2026-03-04 21:24:02 | INFO | src.tmc_shapley_islands | Saved Shapley values to outputs/tmc_shapley_sweep_all_traits/shards/shard_011/wing/tmp/shapley_island_values_target_14.csv
2026-03-04 21:24:02 | INFO | src.tmc_shapley_islands | Saved summary to outputs/tmc_shapley_sweep_all_traits/shards/shard_011/wing/tmp/tmc_summary_target_14.json
2026-03-04 21:24:02 | INFO | src.tmc_shapley_islands | Saved intermediate ranking trace to outputs/tmc_shapley_sweep_all_traits/shards/shard_011/wing/tmp/tmc_intermediate_rankings_target_14.csv
2026-03-04 21:24:02 | INFO | src.tmc_shapley_islands | Saved add-curve to outputs/tmc_shapley_sweep_all_traits/shards/shard_011/wing/tmp/add_curve_target_14.csv
2026-03-04 21:24:02 | INFO | src.tmc_shapley_islands | Saved remove-curve to outputs/tmc_shapley_sweep_all_traits/shards/shard_011/wing/tmp/remove_curve_target_14.csv
2026-03-04 21:24:02 | INFO | src.tmc_shapley_islands | Saved bar plot to outputs/tmc_shapley_sweep_all_traits/shards/shard_011/wing/tmp/shapley_bar_target_14.png
2026-03-04 21:24:03 | INFO | src.tmc_shapley_islands | Saved add-curve plot to outputs/tmc_shapley_sweep_all_traits/shards/shard_011/wing/tmp/add_curve_target_14.png
2026-03-04 21:24:03 | INFO | src.tmc_shapley_islands | Saved remove-curve plot to outputs/tmc_shapley_sweep_all_traits/shards/shard_011/wing/tmp/remove_curve_target_14.png
2026-03-04 21:24:03 | INFO | __main__ | Shard 11/30 trait=wing progress 54/75 | target=14 n_cal_samples=10 perm=80 repeat=3
2026-03-04 21:24:03 | INFO | src.tmc_shapley_islands | [Shapley] Target island: 14 (Southern 4), source islands: 15
2026-03-04 21:24:04 | INFO | src.tmc_shapley_islands | Data: source=5147 (across 15 islands), cal=10, test=336
2026-03-04 21:24:04 | INFO | src.tmc_shapley_islands | SNP selection: using fixed precomputed subset (n=20000)
2026-03-04 21:24:04 | INFO | src.tmc_shapley_islands | Island counts (capped to None in training):
  Nesøy: n=118
  Myken: n=92
  Træna: n=286
  Selvær: n=191
  Gjerøy: n=553
  Hestmannøy: n=1055
  Indre Kvarøy: n=349
  Onøy og Lurøy: n=256
  Lovund: n=151
  Sleneset: n=160
  Aldra: n=173
  Southern 1: n=581
  Southern 2: n=397
  Southern 3: n=583
  Southern 5: n=202
2026-03-04 21:24:04 | INFO | src.tmc_shapley_islands | Loaded 488 cached utilities from outputs/tmc_shapley_sweep_all_traits/cache/wing/utility_cache_target_14_seed_439894126.json
2026-03-04 21:24:04 | INFO | src.tmc_shapley_islands | Running TMC-Shapley with 80 permutations (utility on cal set)...
2026-03-04 21:24:04 | INFO | src.tmc_shapley_islands | Computing V_full over all 15 source islands...
2026-03-04 21:24:04 | INFO | src.tmc_shapley_islands | V_full = 0.3194
2026-03-04 21:24:04 | INFO | src.tmc_shapley_islands | TMC head-start: loaded 40 completed permutations from state outputs/tmc_shapley_sweep_all_traits/cache/wing/tmc_perm_state_target_14_seed_439894126.json
2026-03-04 21:26:08 | INFO | src.tmc_shapley_islands | TMC progress: 48/80 permutations done, cache hit rate: 23.1%, n_evals: 93
2026-03-04 21:29:18 | INFO | src.tmc_shapley_islands | TMC progress: 64/80 permutations done, cache hit rate: 28.3%, n_evals: 259
2026-03-04 21:32:14 | INFO | src.tmc_shapley_islands | TMC progress: 80/80 permutations done, cache hit rate: 28.6%, n_evals: 429
2026-03-04 21:32:14 | INFO | src.tmc_shapley_islands | TMC complete: 80 permutations, 0 truncated, 429 utility evals, cache hit rate: 28.6%
2026-03-04 21:32:14 | INFO | src.tmc_shapley_islands | Shapley values (phi, computed on cal set):
2026-03-04 21:32:14 | INFO | src.tmc_shapley_islands |   Nesøy: phi=-0.074120, phi/n=-0.00062814
2026-03-04 21:32:14 | INFO | src.tmc_shapley_islands |   Myken: phi=0.021758, phi/n=0.00023650
2026-03-04 21:32:14 | INFO | src.tmc_shapley_islands |   Træna: phi=-0.094420, phi/n=-0.00033014
2026-03-04 21:32:14 | INFO | src.tmc_shapley_islands |   Selvær: phi=-0.014343, phi/n=-0.00007510
2026-03-04 21:32:14 | INFO | src.tmc_shapley_islands |   Gjerøy: phi=-0.024042, phi/n=-0.00004348
2026-03-04 21:32:14 | INFO | src.tmc_shapley_islands |   Hestmannøy: phi=0.027449, phi/n=0.00002602
2026-03-04 21:32:14 | INFO | src.tmc_shapley_islands |   Indre Kvarøy: phi=0.001970, phi/n=0.00000565
2026-03-04 21:32:14 | INFO | src.tmc_shapley_islands |   Onøy og Lurøy: phi=0.020222, phi/n=0.00007899
2026-03-04 21:32:14 | INFO | src.tmc_shapley_islands |   Lovund: phi=0.102239, phi/n=0.00067708
2026-03-04 21:32:14 | INFO | src.tmc_shapley_islands |   Sleneset: phi=0.175590, phi/n=0.00109744
2026-03-04 21:32:14 | INFO | src.tmc_shapley_islands |   Aldra: phi=0.046467, phi/n=0.00026859
2026-03-04 21:32:14 | INFO | src.tmc_shapley_islands |   Southern 1: phi=-0.052182, phi/n=-0.00008981
2026-03-04 21:32:14 | INFO | src.tmc_shapley_islands |   Southern 2: phi=0.048886, phi/n=0.00012314
2026-03-04 21:32:14 | INFO | src.tmc_shapley_islands |   Southern 3: phi=0.214826, phi/n=0.00036848
2026-03-04 21:32:14 | INFO | src.tmc_shapley_islands |   Southern 5: phi=-0.080933, phi/n=-0.00040066
2026-03-04 21:32:14 | INFO | src.tmc_shapley_islands | Curve retraining early stopping: enabled=True, patience=20
2026-03-04 21:32:14 | INFO | src.tmc_shapley_islands | Computing add-islands curve (evaluated on test set)...
2026-03-04 21:32:14 | INFO | src.tmc_shapley_islands | Add-curve (mean): 1 islands, n=160 -> corr=0.0458
2026-03-04 21:32:14 | INFO | src.tmc_shapley_islands | Add-curve (mean): 2 islands, n=311 -> corr=0.0222
2026-03-04 21:32:15 | INFO | src.tmc_shapley_islands | Add-curve (mean): 3 islands, n=894 -> corr=-0.0304
2026-03-04 21:32:15 | INFO | src.tmc_shapley_islands | Add-curve (mean): 4 islands, n=1067 -> corr=-0.0106
2026-03-04 21:32:15 | INFO | src.tmc_shapley_islands | Add-curve (mean): 5 islands, n=1159 -> corr=-0.0136
2026-03-04 21:32:16 | INFO | src.tmc_shapley_islands | Add-curve (mean): 6 islands, n=1556 -> corr=0.0295
2026-03-04 21:32:17 | INFO | src.tmc_shapley_islands | Add-curve (mean): 7 islands, n=1812 -> corr=0.0470
2026-03-04 21:32:18 | INFO | src.tmc_shapley_islands | Add-curve (mean): 8 islands, n=2867 -> corr=0.0962
2026-03-04 21:32:19 | INFO | src.tmc_shapley_islands | Add-curve (mean): 9 islands, n=3216 -> corr=0.0957
2026-03-04 21:32:21 | INFO | src.tmc_shapley_islands | Add-curve (mean): 10 islands, n=3769 -> corr=0.0829
2026-03-04 21:32:22 | INFO | src.tmc_shapley_islands | Add-curve (mean): 11 islands, n=3960 -> corr=0.0751
2026-03-04 21:32:24 | INFO | src.tmc_shapley_islands | Add-curve (mean): 12 islands, n=4541 -> corr=0.1117
2026-03-04 21:32:27 | INFO | src.tmc_shapley_islands | Add-curve (mean): 13 islands, n=4827 -> corr=0.1048
2026-03-04 21:32:29 | INFO | src.tmc_shapley_islands | Add-curve (mean): 14 islands, n=5029 -> corr=0.1120
2026-03-04 21:32:31 | INFO | src.tmc_shapley_islands | Add-curve (mean): 15 islands, n=5147 -> corr=0.1197
2026-03-04 21:32:49 | INFO | src.tmc_shapley_islands | Random individual add-curve (seed=0) complete
2026-03-04 21:33:00 | INFO | src.tmc_shapley_islands | Random individual add-curve (seed=1) complete
2026-03-04 21:33:13 | INFO | src.tmc_shapley_islands | Random individual add-curve (seed=2) complete
2026-03-04 21:33:33 | INFO | src.tmc_shapley_islands | Random individual add-curve (seed=3) complete
2026-03-04 21:33:44 | INFO | src.tmc_shapley_islands | Random individual add-curve (seed=4) complete
2026-03-04 21:33:44 | INFO | src.tmc_shapley_islands | Building mirrored remove-islands curve from add-islands curve...
2026-03-04 21:33:44 | INFO | src.tmc_shapley_islands | Saved Shapley values to outputs/tmc_shapley_sweep_all_traits/shards/shard_011/wing/tmp/shapley_island_values_target_14.csv
2026-03-04 21:33:44 | INFO | src.tmc_shapley_islands | Saved summary to outputs/tmc_shapley_sweep_all_traits/shards/shard_011/wing/tmp/tmc_summary_target_14.json
2026-03-04 21:33:44 | INFO | src.tmc_shapley_islands | Saved intermediate ranking trace to outputs/tmc_shapley_sweep_all_traits/shards/shard_011/wing/tmp/tmc_intermediate_rankings_target_14.csv
2026-03-04 21:33:44 | INFO | src.tmc_shapley_islands | Saved add-curve to outputs/tmc_shapley_sweep_all_traits/shards/shard_011/wing/tmp/add_curve_target_14.csv
2026-03-04 21:33:44 | INFO | src.tmc_shapley_islands | Saved remove-curve to outputs/tmc_shapley_sweep_all_traits/shards/shard_011/wing/tmp/remove_curve_target_14.csv
2026-03-04 21:33:45 | INFO | src.tmc_shapley_islands | Saved bar plot to outputs/tmc_shapley_sweep_all_traits/shards/shard_011/wing/tmp/shapley_bar_target_14.png
2026-03-04 21:33:45 | INFO | src.tmc_shapley_islands | Saved add-curve plot to outputs/tmc_shapley_sweep_all_traits/shards/shard_011/wing/tmp/add_curve_target_14.png
2026-03-04 21:33:46 | INFO | src.tmc_shapley_islands | Saved remove-curve plot to outputs/tmc_shapley_sweep_all_traits/shards/shard_011/wing/tmp/remove_curve_target_14.png
2026-03-04 21:33:46 | INFO | __main__ | Shard 11/30 trait=wing progress 55/75 | target=14 n_cal_samples=10 perm=150 repeat=3
2026-03-04 21:33:46 | INFO | src.tmc_shapley_islands | [Shapley] Target island: 14 (Southern 4), source islands: 15
2026-03-04 21:33:46 | INFO | src.tmc_shapley_islands | Data: source=5147 (across 15 islands), cal=10, test=336
2026-03-04 21:33:46 | INFO | src.tmc_shapley_islands | SNP selection: using fixed precomputed subset (n=20000)
2026-03-04 21:33:46 | INFO | src.tmc_shapley_islands | Island counts (capped to None in training):
  Nesøy: n=118
  Myken: n=92
  Træna: n=286
  Selvær: n=191
  Gjerøy: n=553
  Hestmannøy: n=1055
  Indre Kvarøy: n=349
  Onøy og Lurøy: n=256
  Lovund: n=151
  Sleneset: n=160
  Aldra: n=173
  Southern 1: n=581
  Southern 2: n=397
  Southern 3: n=583
  Southern 5: n=202
2026-03-04 21:33:46 | INFO | src.tmc_shapley_islands | Loaded 917 cached utilities from outputs/tmc_shapley_sweep_all_traits/cache/wing/utility_cache_target_14_seed_439894126.json
2026-03-04 21:33:46 | INFO | src.tmc_shapley_islands | Running TMC-Shapley with 150 permutations (utility on cal set)...
2026-03-04 21:33:46 | INFO | src.tmc_shapley_islands | Computing V_full over all 15 source islands...
2026-03-04 21:33:46 | INFO | src.tmc_shapley_islands | V_full = 0.3194
2026-03-04 21:33:46 | INFO | src.tmc_shapley_islands | TMC head-start: loaded 80 completed permutations from state outputs/tmc_shapley_sweep_all_traits/cache/wing/tmc_perm_state_target_14_seed_439894126.json
2026-03-04 21:35:51 | INFO | src.tmc_shapley_islands | TMC progress: 90/150 permutations done, cache hit rate: 29.8%, n_evals: 106
2026-03-04 21:41:33 | INFO | src.tmc_shapley_islands | TMC progress: 120/150 permutations done, cache hit rate: 32.3%, n_evals: 407
2026-03-04 21:47:13 | INFO | src.tmc_shapley_islands | TMC progress: 150/150 permutations done, cache hit rate: 32.8%, n_evals: 706
2026-03-04 21:47:14 | INFO | src.tmc_shapley_islands | TMC complete: 150 permutations, 0 truncated, 706 utility evals, cache hit rate: 32.8%
2026-03-04 21:47:14 | INFO | src.tmc_shapley_islands | Shapley values (phi, computed on cal set):
2026-03-04 21:47:14 | INFO | src.tmc_shapley_islands |   Nesøy: phi=-0.073092, phi/n=-0.00061942
2026-03-04 21:47:14 | INFO | src.tmc_shapley_islands |   Myken: phi=0.021613, phi/n=0.00023492
2026-03-04 21:47:14 | INFO | src.tmc_shapley_islands |   Træna: phi=-0.091388, phi/n=-0.00031954
2026-03-04 21:47:14 | INFO | src.tmc_shapley_islands |   Selvær: phi=-0.014801, phi/n=-0.00007749
2026-03-04 21:47:14 | INFO | src.tmc_shapley_islands |   Gjerøy: phi=-0.023055, phi/n=-0.00004169
2026-03-04 21:47:14 | INFO | src.tmc_shapley_islands |   Hestmannøy: phi=0.024145, phi/n=0.00002289
2026-03-04 21:47:14 | INFO | src.tmc_shapley_islands |   Indre Kvarøy: phi=0.001936, phi/n=0.00000555
2026-03-04 21:47:14 | INFO | src.tmc_shapley_islands |   Onøy og Lurøy: phi=0.019085, phi/n=0.00007455
2026-03-04 21:47:14 | INFO | src.tmc_shapley_islands |   Lovund: phi=0.102625, phi/n=0.00067964
2026-03-04 21:47:14 | INFO | src.tmc_shapley_islands |   Sleneset: phi=0.172857, phi/n=0.00108036
2026-03-04 21:47:14 | INFO | src.tmc_shapley_islands |   Aldra: phi=0.041838, phi/n=0.00024184
2026-03-04 21:47:14 | INFO | src.tmc_shapley_islands |   Southern 1: phi=-0.040241, phi/n=-0.00006926
2026-03-04 21:47:14 | INFO | src.tmc_shapley_islands |   Southern 2: phi=0.048033, phi/n=0.00012099
2026-03-04 21:47:14 | INFO | src.tmc_shapley_islands |   Southern 3: phi=0.214913, phi/n=0.00036863
2026-03-04 21:47:14 | INFO | src.tmc_shapley_islands |   Southern 5: phi=-0.085101, phi/n=-0.00042129
2026-03-04 21:47:14 | INFO | src.tmc_shapley_islands | Curve retraining early stopping: enabled=True, patience=20
2026-03-04 21:47:14 | INFO | src.tmc_shapley_islands | Computing add-islands curve (evaluated on test set)...
2026-03-04 21:47:14 | INFO | src.tmc_shapley_islands | Add-curve (mean): 1 islands, n=160 -> corr=0.0458
2026-03-04 21:47:14 | INFO | src.tmc_shapley_islands | Add-curve (mean): 2 islands, n=311 -> corr=0.0222
2026-03-04 21:47:14 | INFO | src.tmc_shapley_islands | Add-curve (mean): 3 islands, n=894 -> corr=-0.0304
2026-03-04 21:47:14 | INFO | src.tmc_shapley_islands | Add-curve (mean): 4 islands, n=1067 -> corr=-0.0106
2026-03-04 21:47:15 | INFO | src.tmc_shapley_islands | Add-curve (mean): 5 islands, n=1159 -> corr=-0.0136
2026-03-04 21:47:16 | INFO | src.tmc_shapley_islands | Add-curve (mean): 6 islands, n=1556 -> corr=0.0295
2026-03-04 21:47:16 | INFO | src.tmc_shapley_islands | Add-curve (mean): 7 islands, n=1812 -> corr=0.0470
2026-03-04 21:47:18 | INFO | src.tmc_shapley_islands | Add-curve (mean): 8 islands, n=2867 -> corr=0.0962
2026-03-04 21:47:19 | INFO | src.tmc_shapley_islands | Add-curve (mean): 9 islands, n=3216 -> corr=0.0957
2026-03-04 21:47:20 | INFO | src.tmc_shapley_islands | Add-curve (mean): 10 islands, n=3769 -> corr=0.0829
2026-03-04 21:47:24 | INFO | src.tmc_shapley_islands | Add-curve (mean): 11 islands, n=4350 -> corr=0.1196
2026-03-04 21:47:28 | INFO | src.tmc_shapley_islands | Add-curve (mean): 12 islands, n=4541 -> corr=0.1117
2026-03-04 21:47:30 | INFO | src.tmc_shapley_islands | Add-curve (mean): 13 islands, n=4827 -> corr=0.1048
2026-03-04 21:47:32 | INFO | src.tmc_shapley_islands | Add-curve (mean): 14 islands, n=5029 -> corr=0.1120
2026-03-04 21:47:34 | INFO | src.tmc_shapley_islands | Add-curve (mean): 15 islands, n=5147 -> corr=0.1197
2026-03-04 21:47:46 | INFO | src.tmc_shapley_islands | Random individual add-curve (seed=0) complete
2026-03-04 21:48:02 | INFO | src.tmc_shapley_islands | Random individual add-curve (seed=1) complete
2026-03-04 21:48:15 | INFO | src.tmc_shapley_islands | Random individual add-curve (seed=2) complete
2026-03-04 21:48:31 | INFO | src.tmc_shapley_islands | Random individual add-curve (seed=3) complete
2026-03-04 21:48:42 | INFO | src.tmc_shapley_islands | Random individual add-curve (seed=4) complete
2026-03-04 21:48:42 | INFO | src.tmc_shapley_islands | Building mirrored remove-islands curve from add-islands curve...
2026-03-04 21:48:42 | INFO | src.tmc_shapley_islands | Saved Shapley values to outputs/tmc_shapley_sweep_all_traits/shards/shard_011/wing/tmp/shapley_island_values_target_14.csv
2026-03-04 21:48:42 | INFO | src.tmc_shapley_islands | Saved summary to outputs/tmc_shapley_sweep_all_traits/shards/shard_011/wing/tmp/tmc_summary_target_14.json
2026-03-04 21:48:42 | INFO | src.tmc_shapley_islands | Saved intermediate ranking trace to outputs/tmc_shapley_sweep_all_traits/shards/shard_011/wing/tmp/tmc_intermediate_rankings_target_14.csv
2026-03-04 21:48:42 | INFO | src.tmc_shapley_islands | Saved add-curve to outputs/tmc_shapley_sweep_all_traits/shards/shard_011/wing/tmp/add_curve_target_14.csv
2026-03-04 21:48:42 | INFO | src.tmc_shapley_islands | Saved remove-curve to outputs/tmc_shapley_sweep_all_traits/shards/shard_011/wing/tmp/remove_curve_target_14.csv
2026-03-04 21:48:43 | INFO | src.tmc_shapley_islands | Saved bar plot to outputs/tmc_shapley_sweep_all_traits/shards/shard_011/wing/tmp/shapley_bar_target_14.png
2026-03-04 21:48:43 | INFO | src.tmc_shapley_islands | Saved add-curve plot to outputs/tmc_shapley_sweep_all_traits/shards/shard_011/wing/tmp/add_curve_target_14.png
2026-03-04 21:48:44 | INFO | src.tmc_shapley_islands | Saved remove-curve plot to outputs/tmc_shapley_sweep_all_traits/shards/shard_011/wing/tmp/remove_curve_target_14.png
2026-03-04 21:48:44 | INFO | __main__ | Shard 11/30 trait=wing progress 56/75 | target=14 n_cal_samples=20 perm=10 repeat=3
2026-03-04 21:48:44 | INFO | src.tmc_shapley_islands | [Shapley] Target island: 14 (Southern 4), source islands: 15
2026-03-04 21:48:44 | INFO | src.tmc_shapley_islands | Data: source=5147 (across 15 islands), cal=20, test=336
2026-03-04 21:48:44 | INFO | src.tmc_shapley_islands | SNP selection: using fixed precomputed subset (n=20000)
2026-03-04 21:48:44 | INFO | src.tmc_shapley_islands | Island counts (capped to None in training):
  Nesøy: n=118
  Myken: n=92
  Træna: n=286
  Selvær: n=191
  Gjerøy: n=553
  Hestmannøy: n=1055
  Indre Kvarøy: n=349
  Onøy og Lurøy: n=256
  Lovund: n=151
  Sleneset: n=160
  Aldra: n=173
  Southern 1: n=581
  Southern 2: n=397
  Southern 3: n=583
  Southern 5: n=202
2026-03-04 21:48:44 | INFO | src.tmc_shapley_islands | Running TMC-Shapley with 10 permutations (utility on cal set)...
2026-03-04 21:48:44 | INFO | src.tmc_shapley_islands | Computing V_full over all 15 source islands...
2026-03-04 21:48:47 | INFO | src.tmc_shapley_islands | V_full = -0.0678
2026-03-04 21:49:17 | INFO | src.tmc_shapley_islands | TMC progress: 2/10 permutations done, cache hit rate: 6.5%, n_evals: 29
2026-03-04 21:49:44 | INFO | src.tmc_shapley_islands | TMC progress: 4/10 permutations done, cache hit rate: 8.2%, n_evals: 56
2026-03-04 21:50:13 | INFO | src.tmc_shapley_islands | TMC progress: 6/10 permutations done, cache hit rate: 9.9%, n_evals: 82
2026-03-04 21:50:47 | INFO | src.tmc_shapley_islands | TMC progress: 8/10 permutations done, cache hit rate: 9.9%, n_evals: 109
2026-03-04 21:51:12 | INFO | src.tmc_shapley_islands | TMC progress: 10/10 permutations done, cache hit rate: 13.2%, n_evals: 131
2026-03-04 21:51:12 | INFO | src.tmc_shapley_islands | TMC complete: 10 permutations, 0 truncated, 131 utility evals, cache hit rate: 13.2%
2026-03-04 21:51:12 | INFO | src.tmc_shapley_islands | Shapley values (phi, computed on cal set):
2026-03-04 21:51:12 | INFO | src.tmc_shapley_islands |   Nesøy: phi=-0.029498, phi/n=-0.00024999
2026-03-04 21:51:12 | INFO | src.tmc_shapley_islands |   Myken: phi=0.047357, phi/n=0.00051475
2026-03-04 21:51:12 | INFO | src.tmc_shapley_islands |   Træna: phi=-0.084216, phi/n=-0.00029446
2026-03-04 21:51:12 | INFO | src.tmc_shapley_islands |   Selvær: phi=-0.077042, phi/n=-0.00040336
2026-03-04 21:51:12 | INFO | src.tmc_shapley_islands |   Gjerøy: phi=0.000542, phi/n=0.00000098
2026-03-04 21:51:12 | INFO | src.tmc_shapley_islands |   Hestmannøy: phi=-0.036889, phi/n=-0.00003497
2026-03-04 21:51:12 | INFO | src.tmc_shapley_islands |   Indre Kvarøy: phi=-0.049463, phi/n=-0.00014173
2026-03-04 21:51:12 | INFO | src.tmc_shapley_islands |   Onøy og Lurøy: phi=0.049682, phi/n=0.00019407
2026-03-04 21:51:12 | INFO | src.tmc_shapley_islands |   Lovund: phi=0.042862, phi/n=0.00028385
2026-03-04 21:51:12 | INFO | src.tmc_shapley_islands |   Sleneset: phi=0.012043, phi/n=0.00007527
2026-03-04 21:51:12 | INFO | src.tmc_shapley_islands |   Aldra: phi=0.045187, phi/n=0.00026119
2026-03-04 21:51:12 | INFO | src.tmc_shapley_islands |   Southern 1: phi=0.009054, phi/n=0.00001558
2026-03-04 21:51:12 | INFO | src.tmc_shapley_islands |   Southern 2: phi=-0.003352, phi/n=-0.00000844
2026-03-04 21:51:12 | INFO | src.tmc_shapley_islands |   Southern 3: phi=-0.125129, phi/n=-0.00021463
2026-03-04 21:51:12 | INFO | src.tmc_shapley_islands |   Southern 5: phi=0.131096, phi/n=0.00064899
2026-03-04 21:51:12 | INFO | src.tmc_shapley_islands | Curve retraining early stopping: enabled=True, patience=20
2026-03-04 21:51:12 | INFO | src.tmc_shapley_islands | Computing add-islands curve (evaluated on test set)...
2026-03-04 21:51:12 | INFO | src.tmc_shapley_islands | Add-curve (mean): 1 islands, n=202 -> corr=0.0695
2026-03-04 21:51:12 | INFO | src.tmc_shapley_islands | Add-curve (mean): 2 islands, n=294 -> corr=0.0433
2026-03-04 21:51:12 | INFO | src.tmc_shapley_islands | Add-curve (mean): 3 islands, n=445 -> corr=0.0473
2026-03-04 21:51:12 | INFO | src.tmc_shapley_islands | Add-curve (mean): 4 islands, n=618 -> corr=0.0703
2026-03-04 21:51:13 | INFO | src.tmc_shapley_islands | Add-curve (mean): 5 islands, n=874 -> corr=0.1156
2026-03-04 21:51:13 | INFO | src.tmc_shapley_islands | Add-curve (mean): 6 islands, n=1034 -> corr=0.1324
2026-03-04 21:51:14 | INFO | src.tmc_shapley_islands | Add-curve (mean): 7 islands, n=1615 -> corr=0.1934
2026-03-04 21:51:15 | INFO | src.tmc_shapley_islands | Add-curve (mean): 8 islands, n=2168 -> corr=0.1526
2026-03-04 21:51:16 | INFO | src.tmc_shapley_islands | Add-curve (mean): 9 islands, n=2565 -> corr=0.1464
2026-03-04 21:51:17 | INFO | src.tmc_shapley_islands | Add-curve (mean): 10 islands, n=3620 -> corr=0.1758
2026-03-04 21:51:19 | INFO | src.tmc_shapley_islands | Add-curve (mean): 11 islands, n=3969 -> corr=0.1717
2026-03-04 21:51:21 | INFO | src.tmc_shapley_islands | Add-curve (mean): 12 islands, n=4552 -> corr=0.1732
2026-03-04 21:51:22 | INFO | src.tmc_shapley_islands | Add-curve (mean): 13 islands, n=4670 -> corr=0.1736
2026-03-04 21:51:24 | INFO | src.tmc_shapley_islands | Add-curve (mean): 14 islands, n=4956 -> corr=0.1701
2026-03-04 21:51:26 | INFO | src.tmc_shapley_islands | Add-curve (mean): 15 islands, n=5147 -> corr=0.1567
2026-03-04 21:51:36 | INFO | src.tmc_shapley_islands | Random individual add-curve (seed=0) complete
2026-03-04 21:51:47 | INFO | src.tmc_shapley_islands | Random individual add-curve (seed=1) complete
2026-03-04 21:51:58 | INFO | src.tmc_shapley_islands | Random individual add-curve (seed=2) complete
2026-03-04 21:52:09 | INFO | src.tmc_shapley_islands | Random individual add-curve (seed=3) complete
2026-03-04 21:52:19 | INFO | src.tmc_shapley_islands | Random individual add-curve (seed=4) complete
2026-03-04 21:52:19 | INFO | src.tmc_shapley_islands | Building mirrored remove-islands curve from add-islands curve...
2026-03-04 21:52:19 | INFO | src.tmc_shapley_islands | Saved Shapley values to outputs/tmc_shapley_sweep_all_traits/shards/shard_011/wing/tmp/shapley_island_values_target_14.csv
2026-03-04 21:52:19 | INFO | src.tmc_shapley_islands | Saved summary to outputs/tmc_shapley_sweep_all_traits/shards/shard_011/wing/tmp/tmc_summary_target_14.json
2026-03-04 21:52:19 | INFO | src.tmc_shapley_islands | Saved intermediate ranking trace to outputs/tmc_shapley_sweep_all_traits/shards/shard_011/wing/tmp/tmc_intermediate_rankings_target_14.csv
2026-03-04 21:52:19 | INFO | src.tmc_shapley_islands | Saved add-curve to outputs/tmc_shapley_sweep_all_traits/shards/shard_011/wing/tmp/add_curve_target_14.csv
2026-03-04 21:52:19 | INFO | src.tmc_shapley_islands | Saved remove-curve to outputs/tmc_shapley_sweep_all_traits/shards/shard_011/wing/tmp/remove_curve_target_14.csv
2026-03-04 21:52:20 | INFO | src.tmc_shapley_islands | Saved bar plot to outputs/tmc_shapley_sweep_all_traits/shards/shard_011/wing/tmp/shapley_bar_target_14.png
2026-03-04 21:52:20 | INFO | src.tmc_shapley_islands | Saved add-curve plot to outputs/tmc_shapley_sweep_all_traits/shards/shard_011/wing/tmp/add_curve_target_14.png
2026-03-04 21:52:21 | INFO | src.tmc_shapley_islands | Saved remove-curve plot to outputs/tmc_shapley_sweep_all_traits/shards/shard_011/wing/tmp/remove_curve_target_14.png
2026-03-04 21:52:21 | INFO | __main__ | Shard 11/30 trait=wing progress 57/75 | target=14 n_cal_samples=20 perm=20 repeat=3
2026-03-04 21:52:21 | INFO | src.tmc_shapley_islands | [Shapley] Target island: 14 (Southern 4), source islands: 15
2026-03-04 21:52:21 | INFO | src.tmc_shapley_islands | Data: source=5147 (across 15 islands), cal=20, test=336
2026-03-04 21:52:21 | INFO | src.tmc_shapley_islands | SNP selection: using fixed precomputed subset (n=20000)
2026-03-04 21:52:21 | INFO | src.tmc_shapley_islands | Island counts (capped to None in training):
  Nesøy: n=118
  Myken: n=92
  Træna: n=286
  Selvær: n=191
  Gjerøy: n=553
  Hestmannøy: n=1055
  Indre Kvarøy: n=349
  Onøy og Lurøy: n=256
  Lovund: n=151
  Sleneset: n=160
  Aldra: n=173
  Southern 1: n=581
  Southern 2: n=397
  Southern 3: n=583
  Southern 5: n=202
2026-03-04 21:52:21 | INFO | src.tmc_shapley_islands | Loaded 131 cached utilities from outputs/tmc_shapley_sweep_all_traits/cache/wing/utility_cache_target_14_seed_962543063.json
2026-03-04 21:52:21 | INFO | src.tmc_shapley_islands | Running TMC-Shapley with 20 permutations (utility on cal set)...
2026-03-04 21:52:21 | INFO | src.tmc_shapley_islands | Computing V_full over all 15 source islands...
2026-03-04 21:52:21 | INFO | src.tmc_shapley_islands | V_full = -0.0678
2026-03-04 21:52:21 | INFO | src.tmc_shapley_islands | TMC head-start: loaded 10 completed permutations from state outputs/tmc_shapley_sweep_all_traits/cache/wing/tmc_perm_state_target_14_seed_962543063.json
2026-03-04 21:52:49 | INFO | src.tmc_shapley_islands | TMC progress: 12/20 permutations done, cache hit rate: 22.6%, n_evals: 24
2026-03-04 21:53:37 | INFO | src.tmc_shapley_islands | TMC progress: 16/20 permutations done, cache hit rate: 19.8%, n_evals: 73
2026-03-04 21:54:45 | INFO | src.tmc_shapley_islands | TMC progress: 20/20 permutations done, cache hit rate: 17.2%, n_evals: 125
2026-03-04 21:54:45 | INFO | src.tmc_shapley_islands | TMC complete: 20 permutations, 0 truncated, 125 utility evals, cache hit rate: 17.2%
2026-03-04 21:54:45 | INFO | src.tmc_shapley_islands | Shapley values (phi, computed on cal set):
2026-03-04 21:54:45 | INFO | src.tmc_shapley_islands |   Nesøy: phi=-0.029354, phi/n=-0.00024876
2026-03-04 21:54:45 | INFO | src.tmc_shapley_islands |   Myken: phi=0.052980, phi/n=0.00057587
2026-03-04 21:54:45 | INFO | src.tmc_shapley_islands |   Træna: phi=-0.082390, phi/n=-0.00028808
2026-03-04 21:54:45 | INFO | src.tmc_shapley_islands |   Selvær: phi=-0.089423, phi/n=-0.00046818
2026-03-04 21:54:45 | INFO | src.tmc_shapley_islands |   Gjerøy: phi=-0.004542, phi/n=-0.00000821
2026-03-04 21:54:45 | INFO | src.tmc_shapley_islands |   Hestmannøy: phi=-0.035376, phi/n=-0.00003353
2026-03-04 21:54:45 | INFO | src.tmc_shapley_islands |   Indre Kvarøy: phi=-0.048450, phi/n=-0.00013883
2026-03-04 21:54:45 | INFO | src.tmc_shapley_islands |   Onøy og Lurøy: phi=0.058814, phi/n=0.00022974
2026-03-04 21:54:45 | INFO | src.tmc_shapley_islands |   Lovund: phi=0.051496, phi/n=0.00034103
2026-03-04 21:54:45 | INFO | src.tmc_shapley_islands |   Sleneset: phi=0.013032, phi/n=0.00008145
2026-03-04 21:54:45 | INFO | src.tmc_shapley_islands |   Aldra: phi=0.033187, phi/n=0.00019183
2026-03-04 21:54:45 | INFO | src.tmc_shapley_islands |   Southern 1: phi=0.017504, phi/n=0.00003013
2026-03-04 21:54:45 | INFO | src.tmc_shapley_islands |   Southern 2: phi=-0.008269, phi/n=-0.00002083
2026-03-04 21:54:45 | INFO | src.tmc_shapley_islands |   Southern 3: phi=-0.129185, phi/n=-0.00022159
2026-03-04 21:54:45 | INFO | src.tmc_shapley_islands |   Southern 5: phi=0.132207, phi/n=0.00065449
2026-03-04 21:54:45 | INFO | src.tmc_shapley_islands | Curve retraining early stopping: enabled=True, patience=20
2026-03-04 21:54:45 | INFO | src.tmc_shapley_islands | Computing add-islands curve (evaluated on test set)...
2026-03-04 21:54:45 | INFO | src.tmc_shapley_islands | Add-curve (mean): 1 islands, n=202 -> corr=0.0695
2026-03-04 21:54:45 | INFO | src.tmc_shapley_islands | Add-curve (mean): 2 islands, n=294 -> corr=0.0433
2026-03-04 21:54:45 | INFO | src.tmc_shapley_islands | Add-curve (mean): 3 islands, n=445 -> corr=0.0473
2026-03-04 21:54:45 | INFO | src.tmc_shapley_islands | Add-curve (mean): 4 islands, n=701 -> corr=0.0992
2026-03-04 21:54:46 | INFO | src.tmc_shapley_islands | Add-curve (mean): 5 islands, n=874 -> corr=0.1156
2026-03-04 21:54:46 | INFO | src.tmc_shapley_islands | Add-curve (mean): 6 islands, n=1034 -> corr=0.1324
2026-03-04 21:54:47 | INFO | src.tmc_shapley_islands | Add-curve (mean): 7 islands, n=1615 -> corr=0.1934
2026-03-04 21:54:47 | INFO | src.tmc_shapley_islands | Add-curve (mean): 8 islands, n=2168 -> corr=0.1526
2026-03-04 21:54:48 | INFO | src.tmc_shapley_islands | Add-curve (mean): 9 islands, n=2565 -> corr=0.1464
2026-03-04 21:54:50 | INFO | src.tmc_shapley_islands | Add-curve (mean): 10 islands, n=3620 -> corr=0.1758
2026-03-04 21:54:51 | INFO | src.tmc_shapley_islands | Add-curve (mean): 11 islands, n=3969 -> corr=0.1717
2026-03-04 21:54:53 | INFO | src.tmc_shapley_islands | Add-curve (mean): 12 islands, n=4552 -> corr=0.1732
2026-03-04 21:54:54 | INFO | src.tmc_shapley_islands | Add-curve (mean): 13 islands, n=4670 -> corr=0.1736
2026-03-04 21:55:01 | INFO | src.tmc_shapley_islands | Add-curve (mean): 14 islands, n=4956 -> corr=0.1701
2026-03-04 21:55:04 | INFO | src.tmc_shapley_islands | Add-curve (mean): 15 islands, n=5147 -> corr=0.1567
2026-03-04 21:55:24 | INFO | src.tmc_shapley_islands | Random individual add-curve (seed=0) complete
2026-03-04 21:55:53 | INFO | src.tmc_shapley_islands | Random individual add-curve (seed=1) complete
2026-03-04 21:56:11 | INFO | src.tmc_shapley_islands | Random individual add-curve (seed=2) complete
2026-03-04 21:56:22 | INFO | src.tmc_shapley_islands | Random individual add-curve (seed=3) complete
2026-03-04 21:56:32 | INFO | src.tmc_shapley_islands | Random individual add-curve (seed=4) complete
2026-03-04 21:56:32 | INFO | src.tmc_shapley_islands | Building mirrored remove-islands curve from add-islands curve...
2026-03-04 21:56:32 | INFO | src.tmc_shapley_islands | Saved Shapley values to outputs/tmc_shapley_sweep_all_traits/shards/shard_011/wing/tmp/shapley_island_values_target_14.csv
2026-03-04 21:56:32 | INFO | src.tmc_shapley_islands | Saved summary to outputs/tmc_shapley_sweep_all_traits/shards/shard_011/wing/tmp/tmc_summary_target_14.json
2026-03-04 21:56:32 | INFO | src.tmc_shapley_islands | Saved intermediate ranking trace to outputs/tmc_shapley_sweep_all_traits/shards/shard_011/wing/tmp/tmc_intermediate_rankings_target_14.csv
2026-03-04 21:56:32 | INFO | src.tmc_shapley_islands | Saved add-curve to outputs/tmc_shapley_sweep_all_traits/shards/shard_011/wing/tmp/add_curve_target_14.csv
2026-03-04 21:56:32 | INFO | src.tmc_shapley_islands | Saved remove-curve to outputs/tmc_shapley_sweep_all_traits/shards/shard_011/wing/tmp/remove_curve_target_14.csv
2026-03-04 21:56:33 | INFO | src.tmc_shapley_islands | Saved bar plot to outputs/tmc_shapley_sweep_all_traits/shards/shard_011/wing/tmp/shapley_bar_target_14.png
2026-03-04 21:56:33 | INFO | src.tmc_shapley_islands | Saved add-curve plot to outputs/tmc_shapley_sweep_all_traits/shards/shard_011/wing/tmp/add_curve_target_14.png
2026-03-04 21:56:34 | INFO | src.tmc_shapley_islands | Saved remove-curve plot to outputs/tmc_shapley_sweep_all_traits/shards/shard_011/wing/tmp/remove_curve_target_14.png
2026-03-04 21:56:34 | INFO | __main__ | Shard 11/30 trait=wing progress 58/75 | target=14 n_cal_samples=20 perm=40 repeat=3
2026-03-04 21:56:34 | INFO | src.tmc_shapley_islands | [Shapley] Target island: 14 (Southern 4), source islands: 15
2026-03-04 21:56:34 | INFO | src.tmc_shapley_islands | Data: source=5147 (across 15 islands), cal=20, test=336
2026-03-04 21:56:34 | INFO | src.tmc_shapley_islands | SNP selection: using fixed precomputed subset (n=20000)
2026-03-04 21:56:34 | INFO | src.tmc_shapley_islands | Island counts (capped to None in training):
  Nesøy: n=118
  Myken: n=92
  Træna: n=286
  Selvær: n=191
  Gjerøy: n=553
  Hestmannøy: n=1055
  Indre Kvarøy: n=349
  Onøy og Lurøy: n=256
  Lovund: n=151
  Sleneset: n=160
  Aldra: n=173
  Southern 1: n=581
  Southern 2: n=397
  Southern 3: n=583
  Southern 5: n=202
2026-03-04 21:56:34 | INFO | src.tmc_shapley_islands | Loaded 256 cached utilities from outputs/tmc_shapley_sweep_all_traits/cache/wing/utility_cache_target_14_seed_962543063.json
2026-03-04 21:56:34 | INFO | src.tmc_shapley_islands | Running TMC-Shapley with 40 permutations (utility on cal set)...
2026-03-04 21:56:34 | INFO | src.tmc_shapley_islands | Computing V_full over all 15 source islands...
2026-03-04 21:56:34 | INFO | src.tmc_shapley_islands | V_full = -0.0678
2026-03-04 21:56:34 | INFO | src.tmc_shapley_islands | TMC head-start: loaded 20 completed permutations from state outputs/tmc_shapley_sweep_all_traits/cache/wing/tmc_perm_state_target_14_seed_962543063.json
2026-03-04 21:57:41 | INFO | src.tmc_shapley_islands | TMC progress: 24/40 permutations done, cache hit rate: 24.6%, n_evals: 46
2026-03-04 21:59:38 | INFO | src.tmc_shapley_islands | TMC progress: 32/40 permutations done, cache hit rate: 22.1%, n_evals: 141
2026-03-04 22:01:25 | INFO | src.tmc_shapley_islands | TMC progress: 40/40 permutations done, cache hit rate: 23.3%, n_evals: 231
2026-03-04 22:01:25 | INFO | src.tmc_shapley_islands | TMC complete: 40 permutations, 0 truncated, 231 utility evals, cache hit rate: 23.3%
2026-03-04 22:01:25 | INFO | src.tmc_shapley_islands | Shapley values (phi, computed on cal set):
2026-03-04 22:01:25 | INFO | src.tmc_shapley_islands |   Nesøy: phi=-0.030000, phi/n=-0.00025424
2026-03-04 22:01:25 | INFO | src.tmc_shapley_islands |   Myken: phi=0.062124, phi/n=0.00067526
2026-03-04 22:01:25 | INFO | src.tmc_shapley_islands |   Træna: phi=-0.083336, phi/n=-0.00029138
2026-03-04 22:01:25 | INFO | src.tmc_shapley_islands |   Selvær: phi=-0.066513, phi/n=-0.00034824
2026-03-04 22:01:25 | INFO | src.tmc_shapley_islands |   Gjerøy: phi=-0.010199, phi/n=-0.00001844
2026-03-04 22:01:25 | INFO | src.tmc_shapley_islands |   Hestmannøy: phi=-0.039851, phi/n=-0.00003777
2026-03-04 22:01:25 | INFO | src.tmc_shapley_islands |   Indre Kvarøy: phi=-0.050822, phi/n=-0.00014562
2026-03-04 22:01:25 | INFO | src.tmc_shapley_islands |   Onøy og Lurøy: phi=0.051184, phi/n=0.00019994
2026-03-04 22:01:25 | INFO | src.tmc_shapley_islands |   Lovund: phi=0.070614, phi/n=0.00046764
2026-03-04 22:01:25 | INFO | src.tmc_shapley_islands |   Sleneset: phi=0.010071, phi/n=0.00006294
2026-03-04 22:01:25 | INFO | src.tmc_shapley_islands |   Aldra: phi=0.041665, phi/n=0.00024084
2026-03-04 22:01:25 | INFO | src.tmc_shapley_islands |   Southern 1: phi=0.015857, phi/n=0.00002729
2026-03-04 22:01:25 | INFO | src.tmc_shapley_islands |   Southern 2: phi=-0.012681, phi/n=-0.00003194
2026-03-04 22:01:25 | INFO | src.tmc_shapley_islands |   Southern 3: phi=-0.144550, phi/n=-0.00024794
2026-03-04 22:01:25 | INFO | src.tmc_shapley_islands |   Southern 5: phi=0.118670, phi/n=0.00058748
2026-03-04 22:01:25 | INFO | src.tmc_shapley_islands | Curve retraining early stopping: enabled=True, patience=20
2026-03-04 22:01:25 | INFO | src.tmc_shapley_islands | Computing add-islands curve (evaluated on test set)...
2026-03-04 22:01:25 | INFO | src.tmc_shapley_islands | Add-curve (mean): 1 islands, n=92 -> corr=-0.0843
2026-03-04 22:01:25 | INFO | src.tmc_shapley_islands | Add-curve (mean): 2 islands, n=294 -> corr=0.0433
2026-03-04 22:01:25 | INFO | src.tmc_shapley_islands | Add-curve (mean): 3 islands, n=445 -> corr=0.0473
2026-03-04 22:01:25 | INFO | src.tmc_shapley_islands | Add-curve (mean): 4 islands, n=618 -> corr=0.0703
2026-03-04 22:01:26 | INFO | src.tmc_shapley_islands | Add-curve (mean): 5 islands, n=874 -> corr=0.1156
2026-03-04 22:01:26 | INFO | src.tmc_shapley_islands | Add-curve (mean): 6 islands, n=1034 -> corr=0.1324
2026-03-04 22:01:27 | INFO | src.tmc_shapley_islands | Add-curve (mean): 7 islands, n=1615 -> corr=0.1934
2026-03-04 22:01:28 | INFO | src.tmc_shapley_islands | Add-curve (mean): 8 islands, n=2168 -> corr=0.1526
2026-03-04 22:01:29 | INFO | src.tmc_shapley_islands | Add-curve (mean): 9 islands, n=2565 -> corr=0.1464
2026-03-04 22:01:31 | INFO | src.tmc_shapley_islands | Add-curve (mean): 10 islands, n=3620 -> corr=0.1758
2026-03-04 22:01:32 | INFO | src.tmc_shapley_islands | Add-curve (mean): 11 islands, n=3969 -> corr=0.1717
2026-03-04 22:01:34 | INFO | src.tmc_shapley_islands | Add-curve (mean): 12 islands, n=4552 -> corr=0.1732
2026-03-04 22:01:36 | INFO | src.tmc_shapley_islands | Add-curve (mean): 13 islands, n=4670 -> corr=0.1736
2026-03-04 22:01:38 | INFO | src.tmc_shapley_islands | Add-curve (mean): 14 islands, n=4956 -> corr=0.1701
2026-03-04 22:01:40 | INFO | src.tmc_shapley_islands | Add-curve (mean): 15 islands, n=5147 -> corr=0.1567
2026-03-04 22:01:53 | INFO | src.tmc_shapley_islands | Random individual add-curve (seed=0) complete
2026-03-04 22:02:04 | INFO | src.tmc_shapley_islands | Random individual add-curve (seed=1) complete
2026-03-04 22:02:15 | INFO | src.tmc_shapley_islands | Random individual add-curve (seed=2) complete
2026-03-04 22:02:26 | INFO | src.tmc_shapley_islands | Random individual add-curve (seed=3) complete
2026-03-04 22:02:43 | INFO | src.tmc_shapley_islands | Random individual add-curve (seed=4) complete
2026-03-04 22:02:43 | INFO | src.tmc_shapley_islands | Building mirrored remove-islands curve from add-islands curve...
2026-03-04 22:02:43 | INFO | src.tmc_shapley_islands | Saved Shapley values to outputs/tmc_shapley_sweep_all_traits/shards/shard_011/wing/tmp/shapley_island_values_target_14.csv
2026-03-04 22:02:43 | INFO | src.tmc_shapley_islands | Saved summary to outputs/tmc_shapley_sweep_all_traits/shards/shard_011/wing/tmp/tmc_summary_target_14.json
2026-03-04 22:02:43 | INFO | src.tmc_shapley_islands | Saved intermediate ranking trace to outputs/tmc_shapley_sweep_all_traits/shards/shard_011/wing/tmp/tmc_intermediate_rankings_target_14.csv
2026-03-04 22:02:43 | INFO | src.tmc_shapley_islands | Saved add-curve to outputs/tmc_shapley_sweep_all_traits/shards/shard_011/wing/tmp/add_curve_target_14.csv
2026-03-04 22:02:43 | INFO | src.tmc_shapley_islands | Saved remove-curve to outputs/tmc_shapley_sweep_all_traits/shards/shard_011/wing/tmp/remove_curve_target_14.csv
2026-03-04 22:02:44 | INFO | src.tmc_shapley_islands | Saved bar plot to outputs/tmc_shapley_sweep_all_traits/shards/shard_011/wing/tmp/shapley_bar_target_14.png
2026-03-04 22:02:44 | INFO | src.tmc_shapley_islands | Saved add-curve plot to outputs/tmc_shapley_sweep_all_traits/shards/shard_011/wing/tmp/add_curve_target_14.png
2026-03-04 22:02:45 | INFO | src.tmc_shapley_islands | Saved remove-curve plot to outputs/tmc_shapley_sweep_all_traits/shards/shard_011/wing/tmp/remove_curve_target_14.png
2026-03-04 22:02:45 | INFO | __main__ | Shard 11/30 trait=wing progress 59/75 | target=14 n_cal_samples=20 perm=80 repeat=3
2026-03-04 22:02:45 | INFO | src.tmc_shapley_islands | [Shapley] Target island: 14 (Southern 4), source islands: 15
2026-03-04 22:02:46 | INFO | src.tmc_shapley_islands | Data: source=5147 (across 15 islands), cal=20, test=336
2026-03-04 22:02:46 | INFO | src.tmc_shapley_islands | SNP selection: using fixed precomputed subset (n=20000)
2026-03-04 22:02:46 | INFO | src.tmc_shapley_islands | Island counts (capped to None in training):
  Nesøy: n=118
  Myken: n=92
  Træna: n=286
  Selvær: n=191
  Gjerøy: n=553
  Hestmannøy: n=1055
  Indre Kvarøy: n=349
  Onøy og Lurøy: n=256
  Lovund: n=151
  Sleneset: n=160
  Aldra: n=173
  Southern 1: n=581
  Southern 2: n=397
  Southern 3: n=583
  Southern 5: n=202
2026-03-04 22:02:46 | INFO | src.tmc_shapley_islands | Loaded 487 cached utilities from outputs/tmc_shapley_sweep_all_traits/cache/wing/utility_cache_target_14_seed_962543063.json
2026-03-04 22:02:46 | INFO | src.tmc_shapley_islands | Running TMC-Shapley with 80 permutations (utility on cal set)...
2026-03-04 22:02:46 | INFO | src.tmc_shapley_islands | Computing V_full over all 15 source islands...
2026-03-04 22:02:46 | INFO | src.tmc_shapley_islands | V_full = -0.0678
2026-03-04 22:02:46 | INFO | src.tmc_shapley_islands | TMC head-start: loaded 40 completed permutations from state outputs/tmc_shapley_sweep_all_traits/cache/wing/tmc_perm_state_target_14_seed_962543063.json
2026-03-04 22:04:43 | INFO | src.tmc_shapley_islands | TMC progress: 48/80 permutations done, cache hit rate: 24.8%, n_evals: 91
2026-03-04 22:08:00 | INFO | src.tmc_shapley_islands | TMC progress: 64/80 permutations done, cache hit rate: 26.9%, n_evals: 264
2026-03-04 22:11:33 | INFO | src.tmc_shapley_islands | TMC progress: 80/80 permutations done, cache hit rate: 29.3%, n_evals: 425
2026-03-04 22:11:33 | INFO | src.tmc_shapley_islands | TMC complete: 80 permutations, 0 truncated, 425 utility evals, cache hit rate: 29.3%
2026-03-04 22:11:33 | INFO | src.tmc_shapley_islands | Shapley values (phi, computed on cal set):
2026-03-04 22:11:33 | INFO | src.tmc_shapley_islands |   Nesøy: phi=-0.030122, phi/n=-0.00025527
2026-03-04 22:11:33 | INFO | src.tmc_shapley_islands |   Myken: phi=0.064010, phi/n=0.00069576
2026-03-04 22:11:33 | INFO | src.tmc_shapley_islands |   Træna: phi=-0.094123, phi/n=-0.00032910
2026-03-04 22:11:33 | INFO | src.tmc_shapley_islands |   Selvær: phi=-0.062291, phi/n=-0.00032613
2026-03-04 22:11:33 | INFO | src.tmc_shapley_islands |   Gjerøy: phi=-0.006058, phi/n=-0.00001095
2026-03-04 22:11:33 | INFO | src.tmc_shapley_islands |   Hestmannøy: phi=-0.041070, phi/n=-0.00003893
2026-03-04 22:11:33 | INFO | src.tmc_shapley_islands |   Indre Kvarøy: phi=-0.046655, phi/n=-0.00013368
2026-03-04 22:11:33 | INFO | src.tmc_shapley_islands |   Onøy og Lurøy: phi=0.047299, phi/n=0.00018476
2026-03-04 22:11:33 | INFO | src.tmc_shapley_islands |   Lovund: phi=0.067376, phi/n=0.00044620
2026-03-04 22:11:33 | INFO | src.tmc_shapley_islands |   Sleneset: phi=0.012454, phi/n=0.00007784
2026-03-04 22:11:33 | INFO | src.tmc_shapley_islands |   Aldra: phi=0.044947, phi/n=0.00025981
2026-03-04 22:11:33 | INFO | src.tmc_shapley_islands |   Southern 1: phi=0.013822, phi/n=0.00002379
2026-03-04 22:11:33 | INFO | src.tmc_shapley_islands |   Southern 2: phi=-0.008233, phi/n=-0.00002074
2026-03-04 22:11:33 | INFO | src.tmc_shapley_islands |   Southern 3: phi=-0.147757, phi/n=-0.00025344
2026-03-04 22:11:33 | INFO | src.tmc_shapley_islands |   Southern 5: phi=0.118634, phi/n=0.00058730
2026-03-04 22:11:33 | INFO | src.tmc_shapley_islands | Curve retraining early stopping: enabled=True, patience=20
2026-03-04 22:11:33 | INFO | src.tmc_shapley_islands | Computing add-islands curve (evaluated on test set)...
2026-03-04 22:11:33 | INFO | src.tmc_shapley_islands | Add-curve (mean): 1 islands, n=92 -> corr=-0.0843
2026-03-04 22:11:33 | INFO | src.tmc_shapley_islands | Add-curve (mean): 2 islands, n=294 -> corr=0.0433
2026-03-04 22:11:33 | INFO | src.tmc_shapley_islands | Add-curve (mean): 3 islands, n=445 -> corr=0.0473
2026-03-04 22:11:34 | INFO | src.tmc_shapley_islands | Add-curve (mean): 4 islands, n=618 -> corr=0.0703
2026-03-04 22:11:34 | INFO | src.tmc_shapley_islands | Add-curve (mean): 5 islands, n=874 -> corr=0.1156
2026-03-04 22:11:34 | INFO | src.tmc_shapley_islands | Add-curve (mean): 6 islands, n=1034 -> corr=0.1324
2026-03-04 22:11:35 | INFO | src.tmc_shapley_islands | Add-curve (mean): 7 islands, n=1615 -> corr=0.1934
2026-03-04 22:11:36 | INFO | src.tmc_shapley_islands | Add-curve (mean): 8 islands, n=2168 -> corr=0.1526
2026-03-04 22:11:39 | INFO | src.tmc_shapley_islands | Add-curve (mean): 9 islands, n=2565 -> corr=0.1464
2026-03-04 22:11:41 | INFO | src.tmc_shapley_islands | Add-curve (mean): 10 islands, n=3620 -> corr=0.1758
2026-03-04 22:11:43 | INFO | src.tmc_shapley_islands | Add-curve (mean): 11 islands, n=3969 -> corr=0.1717
2026-03-04 22:11:45 | INFO | src.tmc_shapley_islands | Add-curve (mean): 12 islands, n=4552 -> corr=0.1732
2026-03-04 22:11:47 | INFO | src.tmc_shapley_islands | Add-curve (mean): 13 islands, n=4670 -> corr=0.1736
2026-03-04 22:11:48 | INFO | src.tmc_shapley_islands | Add-curve (mean): 14 islands, n=4861 -> corr=0.1594
2026-03-04 22:11:50 | INFO | src.tmc_shapley_islands | Add-curve (mean): 15 islands, n=5147 -> corr=0.1567
2026-03-04 22:12:05 | INFO | src.tmc_shapley_islands | Random individual add-curve (seed=0) complete
2026-03-04 22:12:16 | INFO | src.tmc_shapley_islands | Random individual add-curve (seed=1) complete
2026-03-04 22:12:26 | INFO | src.tmc_shapley_islands | Random individual add-curve (seed=2) complete
2026-03-04 22:12:36 | INFO | src.tmc_shapley_islands | Random individual add-curve (seed=3) complete
2026-03-04 22:12:47 | INFO | src.tmc_shapley_islands | Random individual add-curve (seed=4) complete
2026-03-04 22:12:47 | INFO | src.tmc_shapley_islands | Building mirrored remove-islands curve from add-islands curve...
2026-03-04 22:12:47 | INFO | src.tmc_shapley_islands | Saved Shapley values to outputs/tmc_shapley_sweep_all_traits/shards/shard_011/wing/tmp/shapley_island_values_target_14.csv
2026-03-04 22:12:47 | INFO | src.tmc_shapley_islands | Saved summary to outputs/tmc_shapley_sweep_all_traits/shards/shard_011/wing/tmp/tmc_summary_target_14.json
2026-03-04 22:12:47 | INFO | src.tmc_shapley_islands | Saved intermediate ranking trace to outputs/tmc_shapley_sweep_all_traits/shards/shard_011/wing/tmp/tmc_intermediate_rankings_target_14.csv
2026-03-04 22:12:47 | INFO | src.tmc_shapley_islands | Saved add-curve to outputs/tmc_shapley_sweep_all_traits/shards/shard_011/wing/tmp/add_curve_target_14.csv
2026-03-04 22:12:47 | INFO | src.tmc_shapley_islands | Saved remove-curve to outputs/tmc_shapley_sweep_all_traits/shards/shard_011/wing/tmp/remove_curve_target_14.csv
2026-03-04 22:12:48 | INFO | src.tmc_shapley_islands | Saved bar plot to outputs/tmc_shapley_sweep_all_traits/shards/shard_011/wing/tmp/shapley_bar_target_14.png
2026-03-04 22:12:48 | INFO | src.tmc_shapley_islands | Saved add-curve plot to outputs/tmc_shapley_sweep_all_traits/shards/shard_011/wing/tmp/add_curve_target_14.png
2026-03-04 22:12:48 | INFO | src.tmc_shapley_islands | Saved remove-curve plot to outputs/tmc_shapley_sweep_all_traits/shards/shard_011/wing/tmp/remove_curve_target_14.png
2026-03-04 22:12:48 | INFO | __main__ | Shard 11/30 trait=wing progress 60/75 | target=14 n_cal_samples=20 perm=150 repeat=3
2026-03-04 22:12:48 | INFO | src.tmc_shapley_islands | [Shapley] Target island: 14 (Southern 4), source islands: 15
2026-03-04 22:12:49 | INFO | src.tmc_shapley_islands | Data: source=5147 (across 15 islands), cal=20, test=336
2026-03-04 22:12:49 | INFO | src.tmc_shapley_islands | SNP selection: using fixed precomputed subset (n=20000)
2026-03-04 22:12:49 | INFO | src.tmc_shapley_islands | Island counts (capped to None in training):
  Nesøy: n=118
  Myken: n=92
  Træna: n=286
  Selvær: n=191
  Gjerøy: n=553
  Hestmannøy: n=1055
  Indre Kvarøy: n=349
  Onøy og Lurøy: n=256
  Lovund: n=151
  Sleneset: n=160
  Aldra: n=173
  Southern 1: n=581
  Southern 2: n=397
  Southern 3: n=583
  Southern 5: n=202
2026-03-04 22:12:49 | INFO | src.tmc_shapley_islands | Loaded 912 cached utilities from outputs/tmc_shapley_sweep_all_traits/cache/wing/utility_cache_target_14_seed_962543063.json
2026-03-04 22:12:49 | INFO | src.tmc_shapley_islands | Running TMC-Shapley with 150 permutations (utility on cal set)...
2026-03-04 22:12:49 | INFO | src.tmc_shapley_islands | Computing V_full over all 15 source islands...
2026-03-04 22:12:49 | INFO | src.tmc_shapley_islands | V_full = -0.0678
2026-03-04 22:12:49 | INFO | src.tmc_shapley_islands | TMC head-start: loaded 80 completed permutations from state outputs/tmc_shapley_sweep_all_traits/cache/wing/tmc_perm_state_target_14_seed_962543063.json
2026-03-04 22:14:44 | INFO | src.tmc_shapley_islands | TMC progress: 90/150 permutations done, cache hit rate: 34.4%, n_evals: 99
2026-03-04 22:21:27 | INFO | src.tmc_shapley_islands | TMC progress: 120/150 permutations done, cache hit rate: 32.6%, n_evals: 405
2026-03-04 22:27:24 | INFO | src.tmc_shapley_islands | TMC progress: 150/150 permutations done, cache hit rate: 33.9%, n_evals: 695
2026-03-04 22:27:24 | INFO | src.tmc_shapley_islands | TMC complete: 150 permutations, 0 truncated, 695 utility evals, cache hit rate: 33.9%
2026-03-04 22:27:24 | INFO | src.tmc_shapley_islands | Shapley values (phi, computed on cal set):
2026-03-04 22:27:24 | INFO | src.tmc_shapley_islands |   Nesøy: phi=-0.030124, phi/n=-0.00025529
2026-03-04 22:27:24 | INFO | src.tmc_shapley_islands |   Myken: phi=0.071999, phi/n=0.00078260
2026-03-04 22:27:24 | INFO | src.tmc_shapley_islands |   Træna: phi=-0.085535, phi/n=-0.00029907
2026-03-04 22:27:24 | INFO | src.tmc_shapley_islands |   Selvær: phi=-0.069066, phi/n=-0.00036160
2026-03-04 22:27:24 | INFO | src.tmc_shapley_islands |   Gjerøy: phi=-0.004808, phi/n=-0.00000869
2026-03-04 22:27:24 | INFO | src.tmc_shapley_islands |   Hestmannøy: phi=-0.039682, phi/n=-0.00003761
2026-03-04 22:27:24 | INFO | src.tmc_shapley_islands |   Indre Kvarøy: phi=-0.045400, phi/n=-0.00013009
2026-03-04 22:27:24 | INFO | src.tmc_shapley_islands |   Onøy og Lurøy: phi=0.049167, phi/n=0.00019206
2026-03-04 22:27:24 | INFO | src.tmc_shapley_islands |   Lovund: phi=0.066862, phi/n=0.00044279
2026-03-04 22:27:24 | INFO | src.tmc_shapley_islands |   Sleneset: phi=0.011453, phi/n=0.00007158
2026-03-04 22:27:24 | INFO | src.tmc_shapley_islands |   Aldra: phi=0.038783, phi/n=0.00022418
2026-03-04 22:27:24 | INFO | src.tmc_shapley_islands |   Southern 1: phi=0.010222, phi/n=0.00001759
2026-03-04 22:27:24 | INFO | src.tmc_shapley_islands |   Southern 2: phi=-0.009363, phi/n=-0.00002358
2026-03-04 22:27:24 | INFO | src.tmc_shapley_islands |   Southern 3: phi=-0.149528, phi/n=-0.00025648
2026-03-04 22:27:24 | INFO | src.tmc_shapley_islands |   Southern 5: phi=0.117252, phi/n=0.00058046
2026-03-04 22:27:24 | INFO | src.tmc_shapley_islands | Curve retraining early stopping: enabled=True, patience=20
2026-03-04 22:27:24 | INFO | src.tmc_shapley_islands | Computing add-islands curve (evaluated on test set)...
2026-03-04 22:27:24 | INFO | src.tmc_shapley_islands | Add-curve (mean): 1 islands, n=92 -> corr=-0.0843
2026-03-04 22:27:24 | INFO | src.tmc_shapley_islands | Add-curve (mean): 2 islands, n=294 -> corr=0.0433
2026-03-04 22:27:24 | INFO | src.tmc_shapley_islands | Add-curve (mean): 3 islands, n=445 -> corr=0.0473
2026-03-04 22:27:24 | INFO | src.tmc_shapley_islands | Add-curve (mean): 4 islands, n=618 -> corr=0.0703
2026-03-04 22:27:25 | INFO | src.tmc_shapley_islands | Add-curve (mean): 5 islands, n=874 -> corr=0.1156
2026-03-04 22:27:25 | INFO | src.tmc_shapley_islands | Add-curve (mean): 6 islands, n=1034 -> corr=0.1324
2026-03-04 22:27:26 | INFO | src.tmc_shapley_islands | Add-curve (mean): 7 islands, n=1615 -> corr=0.1934
2026-03-04 22:27:27 | INFO | src.tmc_shapley_islands | Add-curve (mean): 8 islands, n=2168 -> corr=0.1526
2026-03-04 22:27:28 | INFO | src.tmc_shapley_islands | Add-curve (mean): 9 islands, n=2565 -> corr=0.1464
2026-03-04 22:27:30 | INFO | src.tmc_shapley_islands | Add-curve (mean): 10 islands, n=3620 -> corr=0.1758
2026-03-04 22:27:31 | INFO | src.tmc_shapley_islands | Add-curve (mean): 11 islands, n=3969 -> corr=0.1717
2026-03-04 22:27:33 | INFO | src.tmc_shapley_islands | Add-curve (mean): 12 islands, n=4087 -> corr=0.1713
2026-03-04 22:27:35 | INFO | src.tmc_shapley_islands | Add-curve (mean): 13 islands, n=4670 -> corr=0.1736
2026-03-04 22:27:37 | INFO | src.tmc_shapley_islands | Add-curve (mean): 14 islands, n=4956 -> corr=0.1701
2026-03-04 22:27:44 | INFO | src.tmc_shapley_islands | Add-curve (mean): 15 islands, n=5147 -> corr=0.1567
2026-03-04 22:27:57 | INFO | src.tmc_shapley_islands | Random individual add-curve (seed=0) complete
2026-03-04 22:28:06 | INFO | src.tmc_shapley_islands | Random individual add-curve (seed=1) complete
2026-03-04 22:28:16 | INFO | src.tmc_shapley_islands | Random individual add-curve (seed=2) complete
2026-03-04 22:28:27 | INFO | src.tmc_shapley_islands | Random individual add-curve (seed=3) complete
2026-03-04 22:28:38 | INFO | src.tmc_shapley_islands | Random individual add-curve (seed=4) complete
2026-03-04 22:28:38 | INFO | src.tmc_shapley_islands | Building mirrored remove-islands curve from add-islands curve...
2026-03-04 22:28:38 | INFO | src.tmc_shapley_islands | Saved Shapley values to outputs/tmc_shapley_sweep_all_traits/shards/shard_011/wing/tmp/shapley_island_values_target_14.csv
2026-03-04 22:28:38 | INFO | src.tmc_shapley_islands | Saved summary to outputs/tmc_shapley_sweep_all_traits/shards/shard_011/wing/tmp/tmc_summary_target_14.json
2026-03-04 22:28:38 | INFO | src.tmc_shapley_islands | Saved intermediate ranking trace to outputs/tmc_shapley_sweep_all_traits/shards/shard_011/wing/tmp/tmc_intermediate_rankings_target_14.csv
2026-03-04 22:28:38 | INFO | src.tmc_shapley_islands | Saved add-curve to outputs/tmc_shapley_sweep_all_traits/shards/shard_011/wing/tmp/add_curve_target_14.csv
2026-03-04 22:28:38 | INFO | src.tmc_shapley_islands | Saved remove-curve to outputs/tmc_shapley_sweep_all_traits/shards/shard_011/wing/tmp/remove_curve_target_14.csv
2026-03-04 22:28:39 | INFO | src.tmc_shapley_islands | Saved bar plot to outputs/tmc_shapley_sweep_all_traits/shards/shard_011/wing/tmp/shapley_bar_target_14.png
2026-03-04 22:28:39 | INFO | src.tmc_shapley_islands | Saved add-curve plot to outputs/tmc_shapley_sweep_all_traits/shards/shard_011/wing/tmp/add_curve_target_14.png
2026-03-04 22:28:39 | INFO | src.tmc_shapley_islands | Saved remove-curve plot to outputs/tmc_shapley_sweep_all_traits/shards/shard_011/wing/tmp/remove_curve_target_14.png
2026-03-04 22:28:39 | INFO | __main__ | Shard 11/30 trait=wing progress 61/75 | target=14 n_cal_samples=40 perm=10 repeat=3
2026-03-04 22:28:39 | INFO | src.tmc_shapley_islands | [Shapley] Target island: 14 (Southern 4), source islands: 15
2026-03-04 22:28:40 | INFO | src.tmc_shapley_islands | Data: source=5147 (across 15 islands), cal=40, test=336
2026-03-04 22:28:40 | INFO | src.tmc_shapley_islands | SNP selection: using fixed precomputed subset (n=20000)
2026-03-04 22:28:40 | INFO | src.tmc_shapley_islands | Island counts (capped to None in training):
  Nesøy: n=118
  Myken: n=92
  Træna: n=286
  Selvær: n=191
  Gjerøy: n=553
  Hestmannøy: n=1055
  Indre Kvarøy: n=349
  Onøy og Lurøy: n=256
  Lovund: n=151
  Sleneset: n=160
  Aldra: n=173
  Southern 1: n=581
  Southern 2: n=397
  Southern 3: n=583
  Southern 5: n=202
2026-03-04 22:28:40 | INFO | src.tmc_shapley_islands | Running TMC-Shapley with 10 permutations (utility on cal set)...
2026-03-04 22:28:40 | INFO | src.tmc_shapley_islands | Computing V_full over all 15 source islands...
2026-03-04 22:28:42 | INFO | src.tmc_shapley_islands | V_full = -0.0502
2026-03-04 22:29:09 | INFO | src.tmc_shapley_islands | TMC progress: 2/10 permutations done, cache hit rate: 6.5%, n_evals: 29
2026-03-04 22:29:40 | INFO | src.tmc_shapley_islands | TMC progress: 4/10 permutations done, cache hit rate: 6.6%, n_evals: 57
2026-03-04 22:30:07 | INFO | src.tmc_shapley_islands | TMC progress: 6/10 permutations done, cache hit rate: 7.7%, n_evals: 84
2026-03-04 22:30:48 | INFO | src.tmc_shapley_islands | TMC progress: 8/10 permutations done, cache hit rate: 7.4%, n_evals: 112
2026-03-04 22:31:32 | INFO | src.tmc_shapley_islands | TMC progress: 10/10 permutations done, cache hit rate: 7.3%, n_evals: 140
2026-03-04 22:31:32 | INFO | src.tmc_shapley_islands | TMC complete: 10 permutations, 0 truncated, 140 utility evals, cache hit rate: 7.3%
2026-03-04 22:31:32 | INFO | src.tmc_shapley_islands | Shapley values (phi, computed on cal set):
2026-03-04 22:31:32 | INFO | src.tmc_shapley_islands |   Nesøy: phi=-0.011588, phi/n=-0.00009820
2026-03-04 22:31:32 | INFO | src.tmc_shapley_islands |   Myken: phi=-0.036494, phi/n=-0.00039668
2026-03-04 22:31:32 | INFO | src.tmc_shapley_islands |   Træna: phi=-0.085322, phi/n=-0.00029833
2026-03-04 22:31:32 | INFO | src.tmc_shapley_islands |   Selvær: phi=-0.103021, phi/n=-0.00053938
2026-03-04 22:31:32 | INFO | src.tmc_shapley_islands |   Gjerøy: phi=-0.046819, phi/n=-0.00008466
2026-03-04 22:31:32 | INFO | src.tmc_shapley_islands |   Hestmannøy: phi=-0.046740, phi/n=-0.00004430
2026-03-04 22:31:32 | INFO | src.tmc_shapley_islands |   Indre Kvarøy: phi=0.021847, phi/n=0.00006260
2026-03-04 22:31:32 | INFO | src.tmc_shapley_islands |   Onøy og Lurøy: phi=0.043440, phi/n=0.00016969
2026-03-04 22:31:32 | INFO | src.tmc_shapley_islands |   Lovund: phi=0.070963, phi/n=0.00046995
2026-03-04 22:31:32 | INFO | src.tmc_shapley_islands |   Sleneset: phi=-0.025714, phi/n=-0.00016072
2026-03-04 22:31:32 | INFO | src.tmc_shapley_islands |   Aldra: phi=0.004564, phi/n=0.00002638
2026-03-04 22:31:32 | INFO | src.tmc_shapley_islands |   Southern 1: phi=0.102891, phi/n=0.00017709
2026-03-04 22:31:32 | INFO | src.tmc_shapley_islands |   Southern 2: phi=-0.007902, phi/n=-0.00001991
2026-03-04 22:31:32 | INFO | src.tmc_shapley_islands |   Southern 3: phi=0.049055, phi/n=0.00008414
2026-03-04 22:31:32 | INFO | src.tmc_shapley_islands |   Southern 5: phi=0.020652, phi/n=0.00010224
2026-03-04 22:31:32 | INFO | src.tmc_shapley_islands | Curve retraining early stopping: enabled=True, patience=20
2026-03-04 22:31:32 | INFO | src.tmc_shapley_islands | Computing add-islands curve (evaluated on test set)...
2026-03-04 22:31:32 | INFO | src.tmc_shapley_islands | Add-curve (mean): 1 islands, n=151 -> corr=0.0006
2026-03-04 22:31:32 | INFO | src.tmc_shapley_islands | Add-curve (mean): 2 islands, n=732 -> corr=0.1664
2026-03-04 22:31:33 | INFO | src.tmc_shapley_islands | Add-curve (mean): 3 islands, n=988 -> corr=0.1716
2026-03-04 22:31:33 | INFO | src.tmc_shapley_islands | Add-curve (mean): 4 islands, n=1190 -> corr=0.2141
2026-03-04 22:31:33 | INFO | src.tmc_shapley_islands | Add-curve (mean): 5 islands, n=1773 -> corr=0.1859
2026-03-04 22:31:34 | INFO | src.tmc_shapley_islands | Add-curve (mean): 6 islands, n=2122 -> corr=0.1676
2026-03-04 22:31:35 | INFO | src.tmc_shapley_islands | Add-curve (mean): 7 islands, n=2295 -> corr=0.1675
2026-03-04 22:31:36 | INFO | src.tmc_shapley_islands | Add-curve (mean): 8 islands, n=2692 -> corr=0.2019
2026-03-04 22:31:37 | INFO | src.tmc_shapley_islands | Add-curve (mean): 9 islands, n=3747 -> corr=0.2360
2026-03-04 22:31:39 | INFO | src.tmc_shapley_islands | Add-curve (mean): 10 islands, n=4300 -> corr=0.2249
2026-03-04 22:31:40 | INFO | src.tmc_shapley_islands | Add-curve (mean): 11 islands, n=4418 -> corr=0.2195
2026-03-04 22:31:43 | INFO | src.tmc_shapley_islands | Add-curve (mean): 12 islands, n=4578 -> corr=0.2264
2026-03-04 22:31:45 | INFO | src.tmc_shapley_islands | Add-curve (mean): 13 islands, n=4864 -> corr=0.2143
2026-03-04 22:31:47 | INFO | src.tmc_shapley_islands | Add-curve (mean): 14 islands, n=4956 -> corr=0.2098
2026-03-04 22:31:49 | INFO | src.tmc_shapley_islands | Add-curve (mean): 15 islands, n=5147 -> corr=0.2053
2026-03-04 22:32:13 | INFO | src.tmc_shapley_islands | Random individual add-curve (seed=0) complete
2026-03-04 22:32:25 | INFO | src.tmc_shapley_islands | Random individual add-curve (seed=1) complete
2026-03-04 22:32:39 | INFO | src.tmc_shapley_islands | Random individual add-curve (seed=2) complete
2026-03-04 22:32:52 | INFO | src.tmc_shapley_islands | Random individual add-curve (seed=3) complete
2026-03-04 22:33:03 | INFO | src.tmc_shapley_islands | Random individual add-curve (seed=4) complete
2026-03-04 22:33:03 | INFO | src.tmc_shapley_islands | Building mirrored remove-islands curve from add-islands curve...
2026-03-04 22:33:03 | INFO | src.tmc_shapley_islands | Saved Shapley values to outputs/tmc_shapley_sweep_all_traits/shards/shard_011/wing/tmp/shapley_island_values_target_14.csv
2026-03-04 22:33:03 | INFO | src.tmc_shapley_islands | Saved summary to outputs/tmc_shapley_sweep_all_traits/shards/shard_011/wing/tmp/tmc_summary_target_14.json
2026-03-04 22:33:03 | INFO | src.tmc_shapley_islands | Saved intermediate ranking trace to outputs/tmc_shapley_sweep_all_traits/shards/shard_011/wing/tmp/tmc_intermediate_rankings_target_14.csv
2026-03-04 22:33:03 | INFO | src.tmc_shapley_islands | Saved add-curve to outputs/tmc_shapley_sweep_all_traits/shards/shard_011/wing/tmp/add_curve_target_14.csv
2026-03-04 22:33:03 | INFO | src.tmc_shapley_islands | Saved remove-curve to outputs/tmc_shapley_sweep_all_traits/shards/shard_011/wing/tmp/remove_curve_target_14.csv
2026-03-04 22:33:04 | INFO | src.tmc_shapley_islands | Saved bar plot to outputs/tmc_shapley_sweep_all_traits/shards/shard_011/wing/tmp/shapley_bar_target_14.png
2026-03-04 22:33:04 | INFO | src.tmc_shapley_islands | Saved add-curve plot to outputs/tmc_shapley_sweep_all_traits/shards/shard_011/wing/tmp/add_curve_target_14.png
2026-03-04 22:33:05 | INFO | src.tmc_shapley_islands | Saved remove-curve plot to outputs/tmc_shapley_sweep_all_traits/shards/shard_011/wing/tmp/remove_curve_target_14.png
2026-03-04 22:33:05 | INFO | __main__ | Shard 11/30 trait=wing progress 62/75 | target=14 n_cal_samples=40 perm=20 repeat=3
2026-03-04 22:33:05 | INFO | src.tmc_shapley_islands | [Shapley] Target island: 14 (Southern 4), source islands: 15
2026-03-04 22:33:05 | INFO | src.tmc_shapley_islands | Data: source=5147 (across 15 islands), cal=40, test=336
2026-03-04 22:33:05 | INFO | src.tmc_shapley_islands | SNP selection: using fixed precomputed subset (n=20000)
2026-03-04 22:33:05 | INFO | src.tmc_shapley_islands | Island counts (capped to None in training):
  Nesøy: n=118
  Myken: n=92
  Træna: n=286
  Selvær: n=191
  Gjerøy: n=553
  Hestmannøy: n=1055
  Indre Kvarøy: n=349
  Onøy og Lurøy: n=256
  Lovund: n=151
  Sleneset: n=160
  Aldra: n=173
  Southern 1: n=581
  Southern 2: n=397
  Southern 3: n=583
  Southern 5: n=202
2026-03-04 22:33:05 | INFO | src.tmc_shapley_islands | Loaded 140 cached utilities from outputs/tmc_shapley_sweep_all_traits/cache/wing/utility_cache_target_14_seed_1036864140.json
2026-03-04 22:33:05 | INFO | src.tmc_shapley_islands | Running TMC-Shapley with 20 permutations (utility on cal set)...
2026-03-04 22:33:05 | INFO | src.tmc_shapley_islands | Computing V_full over all 15 source islands...
2026-03-04 22:33:05 | INFO | src.tmc_shapley_islands | V_full = -0.0502
2026-03-04 22:33:05 | INFO | src.tmc_shapley_islands | TMC head-start: loaded 10 completed permutations from state outputs/tmc_shapley_sweep_all_traits/cache/wing/tmc_perm_state_target_14_seed_1036864140.json
2026-03-04 22:33:32 | INFO | src.tmc_shapley_islands | TMC progress: 12/20 permutations done, cache hit rate: 16.1%, n_evals: 26
2026-03-04 22:34:32 | INFO | src.tmc_shapley_islands | TMC progress: 16/20 permutations done, cache hit rate: 15.4%, n_evals: 77
2026-03-04 22:35:32 | INFO | src.tmc_shapley_islands | TMC progress: 20/20 permutations done, cache hit rate: 17.9%, n_evals: 124
2026-03-04 22:35:32 | INFO | src.tmc_shapley_islands | TMC complete: 20 permutations, 0 truncated, 124 utility evals, cache hit rate: 17.9%
2026-03-04 22:35:32 | INFO | src.tmc_shapley_islands | Shapley values (phi, computed on cal set):
2026-03-04 22:35:32 | INFO | src.tmc_shapley_islands |   Nesøy: phi=-0.013585, phi/n=-0.00011513
2026-03-04 22:35:32 | INFO | src.tmc_shapley_islands |   Myken: phi=-0.036701, phi/n=-0.00039892
2026-03-04 22:35:32 | INFO | src.tmc_shapley_islands |   Træna: phi=-0.080755, phi/n=-0.00028236
2026-03-04 22:35:32 | INFO | src.tmc_shapley_islands |   Selvær: phi=-0.108971, phi/n=-0.00057053
2026-03-04 22:35:32 | INFO | src.tmc_shapley_islands |   Gjerøy: phi=-0.048778, phi/n=-0.00008821
2026-03-04 22:35:32 | INFO | src.tmc_shapley_islands |   Hestmannøy: phi=-0.054747, phi/n=-0.00005189
2026-03-04 22:35:32 | INFO | src.tmc_shapley_islands |   Indre Kvarøy: phi=0.030957, phi/n=0.00008870
2026-03-04 22:35:32 | INFO | src.tmc_shapley_islands |   Onøy og Lurøy: phi=0.044318, phi/n=0.00017312
2026-03-04 22:35:32 | INFO | src.tmc_shapley_islands |   Lovund: phi=0.057104, phi/n=0.00037817
2026-03-04 22:35:32 | INFO | src.tmc_shapley_islands |   Sleneset: phi=-0.023695, phi/n=-0.00014810
2026-03-04 22:35:32 | INFO | src.tmc_shapley_islands |   Aldra: phi=-0.000289, phi/n=-0.00000167
2026-03-04 22:35:32 | INFO | src.tmc_shapley_islands |   Southern 1: phi=0.110560, phi/n=0.00019029
2026-03-04 22:35:32 | INFO | src.tmc_shapley_islands |   Southern 2: phi=-0.003861, phi/n=-0.00000973
2026-03-04 22:35:32 | INFO | src.tmc_shapley_islands |   Southern 3: phi=0.054044, phi/n=0.00009270
2026-03-04 22:35:32 | INFO | src.tmc_shapley_islands |   Southern 5: phi=0.024211, phi/n=0.00011986
2026-03-04 22:35:32 | INFO | src.tmc_shapley_islands | Curve retraining early stopping: enabled=True, patience=20
2026-03-04 22:35:32 | INFO | src.tmc_shapley_islands | Computing add-islands curve (evaluated on test set)...
2026-03-04 22:35:32 | INFO | src.tmc_shapley_islands | Add-curve (mean): 1 islands, n=151 -> corr=0.0006
2026-03-04 22:35:32 | INFO | src.tmc_shapley_islands | Add-curve (mean): 2 islands, n=732 -> corr=0.1664
2026-03-04 22:35:33 | INFO | src.tmc_shapley_islands | Add-curve (mean): 3 islands, n=988 -> corr=0.1716
2026-03-04 22:35:33 | INFO | src.tmc_shapley_islands | Add-curve (mean): 4 islands, n=1190 -> corr=0.2141
2026-03-04 22:35:34 | INFO | src.tmc_shapley_islands | Add-curve (mean): 5 islands, n=1773 -> corr=0.1859
2026-03-04 22:35:35 | INFO | src.tmc_shapley_islands | Add-curve (mean): 6 islands, n=2122 -> corr=0.1676
2026-03-04 22:35:36 | INFO | src.tmc_shapley_islands | Add-curve (mean): 7 islands, n=2295 -> corr=0.1675
2026-03-04 22:35:37 | INFO | src.tmc_shapley_islands | Add-curve (mean): 8 islands, n=2692 -> corr=0.2019
2026-03-04 22:35:39 | INFO | src.tmc_shapley_islands | Add-curve (mean): 9 islands, n=3747 -> corr=0.2360
2026-03-04 22:35:41 | INFO | src.tmc_shapley_islands | Add-curve (mean): 10 islands, n=4300 -> corr=0.2249
2026-03-04 22:35:43 | INFO | src.tmc_shapley_islands | Add-curve (mean): 11 islands, n=4418 -> corr=0.2195
2026-03-04 22:35:44 | INFO | src.tmc_shapley_islands | Add-curve (mean): 12 islands, n=4578 -> corr=0.2264
2026-03-04 22:35:46 | INFO | src.tmc_shapley_islands | Add-curve (mean): 13 islands, n=4864 -> corr=0.2143
2026-03-04 22:35:48 | INFO | src.tmc_shapley_islands | Add-curve (mean): 14 islands, n=4956 -> corr=0.2098
2026-03-04 22:35:50 | INFO | src.tmc_shapley_islands | Add-curve (mean): 15 islands, n=5147 -> corr=0.2053
2026-03-04 22:36:06 | INFO | src.tmc_shapley_islands | Random individual add-curve (seed=0) complete
2026-03-04 22:36:29 | INFO | src.tmc_shapley_islands | Random individual add-curve (seed=1) complete
2026-03-04 22:36:42 | INFO | src.tmc_shapley_islands | Random individual add-curve (seed=2) complete
2026-03-04 22:36:56 | INFO | src.tmc_shapley_islands | Random individual add-curve (seed=3) complete
2026-03-04 22:37:08 | INFO | src.tmc_shapley_islands | Random individual add-curve (seed=4) complete
2026-03-04 22:37:08 | INFO | src.tmc_shapley_islands | Building mirrored remove-islands curve from add-islands curve...
2026-03-04 22:37:08 | INFO | src.tmc_shapley_islands | Saved Shapley values to outputs/tmc_shapley_sweep_all_traits/shards/shard_011/wing/tmp/shapley_island_values_target_14.csv
2026-03-04 22:37:08 | INFO | src.tmc_shapley_islands | Saved summary to outputs/tmc_shapley_sweep_all_traits/shards/shard_011/wing/tmp/tmc_summary_target_14.json
2026-03-04 22:37:08 | INFO | src.tmc_shapley_islands | Saved intermediate ranking trace to outputs/tmc_shapley_sweep_all_traits/shards/shard_011/wing/tmp/tmc_intermediate_rankings_target_14.csv
2026-03-04 22:37:08 | INFO | src.tmc_shapley_islands | Saved add-curve to outputs/tmc_shapley_sweep_all_traits/shards/shard_011/wing/tmp/add_curve_target_14.csv
2026-03-04 22:37:08 | INFO | src.tmc_shapley_islands | Saved remove-curve to outputs/tmc_shapley_sweep_all_traits/shards/shard_011/wing/tmp/remove_curve_target_14.csv
2026-03-04 22:37:08 | INFO | src.tmc_shapley_islands | Saved bar plot to outputs/tmc_shapley_sweep_all_traits/shards/shard_011/wing/tmp/shapley_bar_target_14.png
2026-03-04 22:37:08 | INFO | src.tmc_shapley_islands | Saved add-curve plot to outputs/tmc_shapley_sweep_all_traits/shards/shard_011/wing/tmp/add_curve_target_14.png
2026-03-04 22:37:09 | INFO | src.tmc_shapley_islands | Saved remove-curve plot to outputs/tmc_shapley_sweep_all_traits/shards/shard_011/wing/tmp/remove_curve_target_14.png
2026-03-04 22:37:09 | INFO | __main__ | Shard 11/30 trait=wing progress 63/75 | target=14 n_cal_samples=40 perm=40 repeat=3
2026-03-04 22:37:09 | INFO | src.tmc_shapley_islands | [Shapley] Target island: 14 (Southern 4), source islands: 15
2026-03-04 22:37:10 | INFO | src.tmc_shapley_islands | Data: source=5147 (across 15 islands), cal=40, test=336
2026-03-04 22:37:10 | INFO | src.tmc_shapley_islands | SNP selection: using fixed precomputed subset (n=20000)
2026-03-04 22:37:10 | INFO | src.tmc_shapley_islands | Island counts (capped to None in training):
  Nesøy: n=118
  Myken: n=92
  Træna: n=286
  Selvær: n=191
  Gjerøy: n=553
  Hestmannøy: n=1055
  Indre Kvarøy: n=349
  Onøy og Lurøy: n=256
  Lovund: n=151
  Sleneset: n=160
  Aldra: n=173
  Southern 1: n=581
  Southern 2: n=397
  Southern 3: n=583
  Southern 5: n=202
2026-03-04 22:37:10 | INFO | src.tmc_shapley_islands | Loaded 264 cached utilities from outputs/tmc_shapley_sweep_all_traits/cache/wing/utility_cache_target_14_seed_1036864140.json
2026-03-04 22:37:10 | INFO | src.tmc_shapley_islands | Running TMC-Shapley with 40 permutations (utility on cal set)...
2026-03-04 22:37:10 | INFO | src.tmc_shapley_islands | Computing V_full over all 15 source islands...
2026-03-04 22:37:10 | INFO | src.tmc_shapley_islands | V_full = -0.0502
2026-03-04 22:37:10 | INFO | src.tmc_shapley_islands | TMC head-start: loaded 20 completed permutations from state outputs/tmc_shapley_sweep_all_traits/cache/wing/tmc_perm_state_target_14_seed_1036864140.json
2026-03-04 22:38:04 | INFO | src.tmc_shapley_islands | TMC progress: 24/40 permutations done, cache hit rate: 24.6%, n_evals: 46
2026-03-04 22:40:02 | INFO | src.tmc_shapley_islands | TMC progress: 32/40 permutations done, cache hit rate: 21.0%, n_evals: 143
2026-03-04 22:41:50 | INFO | src.tmc_shapley_islands | TMC progress: 40/40 permutations done, cache hit rate: 22.6%, n_evals: 233
2026-03-04 22:41:50 | INFO | src.tmc_shapley_islands | TMC complete: 40 permutations, 0 truncated, 233 utility evals, cache hit rate: 22.6%
2026-03-04 22:41:50 | INFO | src.tmc_shapley_islands | Shapley values (phi, computed on cal set):
2026-03-04 22:41:50 | INFO | src.tmc_shapley_islands |   Nesøy: phi=-0.011318, phi/n=-0.00009592
2026-03-04 22:41:50 | INFO | src.tmc_shapley_islands |   Myken: phi=-0.040071, phi/n=-0.00043555
2026-03-04 22:41:50 | INFO | src.tmc_shapley_islands |   Træna: phi=-0.083204, phi/n=-0.00029092
2026-03-04 22:41:50 | INFO | src.tmc_shapley_islands |   Selvær: phi=-0.104773, phi/n=-0.00054855
2026-03-04 22:41:50 | INFO | src.tmc_shapley_islands |   Gjerøy: phi=-0.048361, phi/n=-0.00008745
2026-03-04 22:41:50 | INFO | src.tmc_shapley_islands |   Hestmannøy: phi=-0.053588, phi/n=-0.00005079
2026-03-04 22:41:50 | INFO | src.tmc_shapley_islands |   Indre Kvarøy: phi=0.047569, phi/n=0.00013630
2026-03-04 22:41:50 | INFO | src.tmc_shapley_islands |   Onøy og Lurøy: phi=0.044502, phi/n=0.00017384
2026-03-04 22:41:50 | INFO | src.tmc_shapley_islands |   Lovund: phi=0.051362, phi/n=0.00034014
2026-03-04 22:41:50 | INFO | src.tmc_shapley_islands |   Sleneset: phi=-0.029779, phi/n=-0.00018612
2026-03-04 22:41:50 | INFO | src.tmc_shapley_islands |   Aldra: phi=-0.002327, phi/n=-0.00001345
2026-03-04 22:41:50 | INFO | src.tmc_shapley_islands |   Southern 1: phi=0.116798, phi/n=0.00020103
2026-03-04 22:41:50 | INFO | src.tmc_shapley_islands |   Southern 2: phi=-0.006853, phi/n=-0.00001726
2026-03-04 22:41:50 | INFO | src.tmc_shapley_islands |   Southern 3: phi=0.048006, phi/n=0.00008234
2026-03-04 22:41:50 | INFO | src.tmc_shapley_islands |   Southern 5: phi=0.021848, phi/n=0.00010816
2026-03-04 22:41:50 | INFO | src.tmc_shapley_islands | Curve retraining early stopping: enabled=True, patience=20
2026-03-04 22:41:50 | INFO | src.tmc_shapley_islands | Computing add-islands curve (evaluated on test set)...
2026-03-04 22:41:50 | INFO | src.tmc_shapley_islands | Add-curve (mean): 1 islands, n=151 -> corr=0.0006
2026-03-04 22:41:51 | INFO | src.tmc_shapley_islands | Add-curve (mean): 2 islands, n=732 -> corr=0.1664
2026-03-04 22:41:51 | INFO | src.tmc_shapley_islands | Add-curve (mean): 3 islands, n=988 -> corr=0.1716
2026-03-04 22:41:51 | INFO | src.tmc_shapley_islands | Add-curve (mean): 4 islands, n=1337 -> corr=0.1412
2026-03-04 22:41:52 | INFO | src.tmc_shapley_islands | Add-curve (mean): 5 islands, n=1539 -> corr=0.1938
2026-03-04 22:41:53 | INFO | src.tmc_shapley_islands | Add-curve (mean): 6 islands, n=2122 -> corr=0.1676
2026-03-04 22:41:54 | INFO | src.tmc_shapley_islands | Add-curve (mean): 7 islands, n=2295 -> corr=0.1675
2026-03-04 22:41:55 | INFO | src.tmc_shapley_islands | Add-curve (mean): 8 islands, n=2692 -> corr=0.2019
2026-03-04 22:42:00 | INFO | src.tmc_shapley_islands | Add-curve (mean): 9 islands, n=3747 -> corr=0.2360
2026-03-04 22:42:06 | INFO | src.tmc_shapley_islands | Add-curve (mean): 10 islands, n=4300 -> corr=0.2249
2026-03-04 22:42:11 | INFO | src.tmc_shapley_islands | Add-curve (mean): 11 islands, n=4418 -> corr=0.2195
2026-03-04 22:42:15 | INFO | src.tmc_shapley_islands | Add-curve (mean): 12 islands, n=4578 -> corr=0.2264
2026-03-04 22:42:21 | INFO | src.tmc_shapley_islands | Add-curve (mean): 13 islands, n=4864 -> corr=0.2143
2026-03-04 22:42:23 | INFO | src.tmc_shapley_islands | Add-curve (mean): 14 islands, n=4956 -> corr=0.2098
2026-03-04 22:42:25 | INFO | src.tmc_shapley_islands | Add-curve (mean): 15 islands, n=5147 -> corr=0.2053
2026-03-04 22:42:39 | INFO | src.tmc_shapley_islands | Random individual add-curve (seed=0) complete
2026-03-04 22:42:52 | INFO | src.tmc_shapley_islands | Random individual add-curve (seed=1) complete
2026-03-04 22:43:05 | INFO | src.tmc_shapley_islands | Random individual add-curve (seed=2) complete
2026-03-04 22:43:23 | INFO | src.tmc_shapley_islands | Random individual add-curve (seed=3) complete
2026-03-04 22:43:36 | INFO | src.tmc_shapley_islands | Random individual add-curve (seed=4) complete
2026-03-04 22:43:36 | INFO | src.tmc_shapley_islands | Building mirrored remove-islands curve from add-islands curve...
2026-03-04 22:43:36 | INFO | src.tmc_shapley_islands | Saved Shapley values to outputs/tmc_shapley_sweep_all_traits/shards/shard_011/wing/tmp/shapley_island_values_target_14.csv
2026-03-04 22:43:36 | INFO | src.tmc_shapley_islands | Saved summary to outputs/tmc_shapley_sweep_all_traits/shards/shard_011/wing/tmp/tmc_summary_target_14.json
2026-03-04 22:43:36 | INFO | src.tmc_shapley_islands | Saved intermediate ranking trace to outputs/tmc_shapley_sweep_all_traits/shards/shard_011/wing/tmp/tmc_intermediate_rankings_target_14.csv
2026-03-04 22:43:36 | INFO | src.tmc_shapley_islands | Saved add-curve to outputs/tmc_shapley_sweep_all_traits/shards/shard_011/wing/tmp/add_curve_target_14.csv
2026-03-04 22:43:36 | INFO | src.tmc_shapley_islands | Saved remove-curve to outputs/tmc_shapley_sweep_all_traits/shards/shard_011/wing/tmp/remove_curve_target_14.csv
2026-03-04 22:43:36 | INFO | src.tmc_shapley_islands | Saved bar plot to outputs/tmc_shapley_sweep_all_traits/shards/shard_011/wing/tmp/shapley_bar_target_14.png
2026-03-04 22:43:37 | INFO | src.tmc_shapley_islands | Saved add-curve plot to outputs/tmc_shapley_sweep_all_traits/shards/shard_011/wing/tmp/add_curve_target_14.png
2026-03-04 22:43:37 | INFO | src.tmc_shapley_islands | Saved remove-curve plot to outputs/tmc_shapley_sweep_all_traits/shards/shard_011/wing/tmp/remove_curve_target_14.png
2026-03-04 22:43:37 | INFO | __main__ | Shard 11/30 trait=wing progress 64/75 | target=14 n_cal_samples=40 perm=80 repeat=3
2026-03-04 22:43:37 | INFO | src.tmc_shapley_islands | [Shapley] Target island: 14 (Southern 4), source islands: 15
2026-03-04 22:43:38 | INFO | src.tmc_shapley_islands | Data: source=5147 (across 15 islands), cal=40, test=336
2026-03-04 22:43:38 | INFO | src.tmc_shapley_islands | SNP selection: using fixed precomputed subset (n=20000)
2026-03-04 22:43:38 | INFO | src.tmc_shapley_islands | Island counts (capped to None in training):
  Nesøy: n=118
  Myken: n=92
  Træna: n=286
  Selvær: n=191
  Gjerøy: n=553
  Hestmannøy: n=1055
  Indre Kvarøy: n=349
  Onøy og Lurøy: n=256
  Lovund: n=151
  Sleneset: n=160
  Aldra: n=173
  Southern 1: n=581
  Southern 2: n=397
  Southern 3: n=583
  Southern 5: n=202
2026-03-04 22:43:38 | INFO | src.tmc_shapley_islands | Loaded 497 cached utilities from outputs/tmc_shapley_sweep_all_traits/cache/wing/utility_cache_target_14_seed_1036864140.json
2026-03-04 22:43:38 | INFO | src.tmc_shapley_islands | Running TMC-Shapley with 80 permutations (utility on cal set)...
2026-03-04 22:43:38 | INFO | src.tmc_shapley_islands | Computing V_full over all 15 source islands...
2026-03-04 22:43:38 | INFO | src.tmc_shapley_islands | V_full = -0.0502
2026-03-04 22:43:38 | INFO | src.tmc_shapley_islands | TMC head-start: loaded 40 completed permutations from state outputs/tmc_shapley_sweep_all_traits/cache/wing/tmc_perm_state_target_14_seed_1036864140.json
2026-03-04 22:45:10 | INFO | src.tmc_shapley_islands | TMC progress: 48/80 permutations done, cache hit rate: 29.8%, n_evals: 85
2026-03-04 22:48:40 | INFO | src.tmc_shapley_islands | TMC progress: 64/80 permutations done, cache hit rate: 26.9%, n_evals: 264
2026-03-04 22:52:24 | INFO | src.tmc_shapley_islands | TMC progress: 80/80 permutations done, cache hit rate: 28.0%, n_evals: 433
2026-03-04 22:52:24 | INFO | src.tmc_shapley_islands | TMC complete: 80 permutations, 0 truncated, 433 utility evals, cache hit rate: 28.0%
2026-03-04 22:52:24 | INFO | src.tmc_shapley_islands | Shapley values (phi, computed on cal set):
2026-03-04 22:52:24 | INFO | src.tmc_shapley_islands |   Nesøy: phi=-0.010426, phi/n=-0.00008836
2026-03-04 22:52:24 | INFO | src.tmc_shapley_islands |   Myken: phi=-0.043144, phi/n=-0.00046895
2026-03-04 22:52:24 | INFO | src.tmc_shapley_islands |   Træna: phi=-0.078286, phi/n=-0.00027373
2026-03-04 22:52:24 | INFO | src.tmc_shapley_islands |   Selvær: phi=-0.106355, phi/n=-0.00055683
2026-03-04 22:52:24 | INFO | src.tmc_shapley_islands |   Gjerøy: phi=-0.051367, phi/n=-0.00009289
2026-03-04 22:52:24 | INFO | src.tmc_shapley_islands |   Hestmannøy: phi=-0.051167, phi/n=-0.00004850
2026-03-04 22:52:24 | INFO | src.tmc_shapley_islands |   Indre Kvarøy: phi=0.046772, phi/n=0.00013402
2026-03-04 22:52:24 | INFO | src.tmc_shapley_islands |   Onøy og Lurøy: phi=0.043086, phi/n=0.00016830
2026-03-04 22:52:24 | INFO | src.tmc_shapley_islands |   Lovund: phi=0.052815, phi/n=0.00034977
2026-03-04 22:52:24 | INFO | src.tmc_shapley_islands |   Sleneset: phi=-0.025725, phi/n=-0.00016078
2026-03-04 22:52:24 | INFO | src.tmc_shapley_islands |   Aldra: phi=-0.003605, phi/n=-0.00002084
2026-03-04 22:52:24 | INFO | src.tmc_shapley_islands |   Southern 1: phi=0.108066, phi/n=0.00018600
2026-03-04 22:52:24 | INFO | src.tmc_shapley_islands |   Southern 2: phi=-0.009611, phi/n=-0.00002421
2026-03-04 22:52:24 | INFO | src.tmc_shapley_islands |   Southern 3: phi=0.053844, phi/n=0.00009236
2026-03-04 22:52:24 | INFO | src.tmc_shapley_islands |   Southern 5: phi=0.024913, phi/n=0.00012333
2026-03-04 22:52:24 | INFO | src.tmc_shapley_islands | Curve retraining early stopping: enabled=True, patience=20
2026-03-04 22:52:24 | INFO | src.tmc_shapley_islands | Computing add-islands curve (evaluated on test set)...
2026-03-04 22:52:24 | INFO | src.tmc_shapley_islands | Add-curve (mean): 1 islands, n=151 -> corr=0.0006
2026-03-04 22:52:24 | INFO | src.tmc_shapley_islands | Add-curve (mean): 2 islands, n=732 -> corr=0.1664
2026-03-04 22:52:25 | INFO | src.tmc_shapley_islands | Add-curve (mean): 3 islands, n=988 -> corr=0.1716
2026-03-04 22:52:25 | INFO | src.tmc_shapley_islands | Add-curve (mean): 4 islands, n=1337 -> corr=0.1412
2026-03-04 22:52:26 | INFO | src.tmc_shapley_islands | Add-curve (mean): 5 islands, n=1539 -> corr=0.1938
2026-03-04 22:52:27 | INFO | src.tmc_shapley_islands | Add-curve (mean): 6 islands, n=2122 -> corr=0.1676
2026-03-04 22:52:28 | INFO | src.tmc_shapley_islands | Add-curve (mean): 7 islands, n=2295 -> corr=0.1675
2026-03-04 22:52:29 | INFO | src.tmc_shapley_islands | Add-curve (mean): 8 islands, n=2692 -> corr=0.2019
2026-03-04 22:52:31 | INFO | src.tmc_shapley_islands | Add-curve (mean): 9 islands, n=3747 -> corr=0.2360
2026-03-04 22:52:33 | INFO | src.tmc_shapley_islands | Add-curve (mean): 10 islands, n=3865 -> corr=0.2314
2026-03-04 22:52:39 | INFO | src.tmc_shapley_islands | Add-curve (mean): 11 islands, n=4418 -> corr=0.2195
2026-03-04 22:52:41 | INFO | src.tmc_shapley_islands | Add-curve (mean): 12 islands, n=4578 -> corr=0.2264
2026-03-04 22:52:43 | INFO | src.tmc_shapley_islands | Add-curve (mean): 13 islands, n=4864 -> corr=0.2143
2026-03-04 22:52:45 | INFO | src.tmc_shapley_islands | Add-curve (mean): 14 islands, n=4956 -> corr=0.2098
2026-03-04 22:52:47 | INFO | src.tmc_shapley_islands | Add-curve (mean): 15 islands, n=5147 -> corr=0.2053
2026-03-04 22:53:00 | INFO | src.tmc_shapley_islands | Random individual add-curve (seed=0) complete
2026-03-04 22:53:13 | INFO | src.tmc_shapley_islands | Random individual add-curve (seed=1) complete
2026-03-04 22:53:29 | INFO | src.tmc_shapley_islands | Random individual add-curve (seed=2) complete
2026-03-04 22:53:47 | INFO | src.tmc_shapley_islands | Random individual add-curve (seed=3) complete
2026-03-04 22:54:01 | INFO | src.tmc_shapley_islands | Random individual add-curve (seed=4) complete
2026-03-04 22:54:01 | INFO | src.tmc_shapley_islands | Building mirrored remove-islands curve from add-islands curve...
2026-03-04 22:54:01 | INFO | src.tmc_shapley_islands | Saved Shapley values to outputs/tmc_shapley_sweep_all_traits/shards/shard_011/wing/tmp/shapley_island_values_target_14.csv
2026-03-04 22:54:01 | INFO | src.tmc_shapley_islands | Saved summary to outputs/tmc_shapley_sweep_all_traits/shards/shard_011/wing/tmp/tmc_summary_target_14.json
2026-03-04 22:54:01 | INFO | src.tmc_shapley_islands | Saved intermediate ranking trace to outputs/tmc_shapley_sweep_all_traits/shards/shard_011/wing/tmp/tmc_intermediate_rankings_target_14.csv
2026-03-04 22:54:01 | INFO | src.tmc_shapley_islands | Saved add-curve to outputs/tmc_shapley_sweep_all_traits/shards/shard_011/wing/tmp/add_curve_target_14.csv
2026-03-04 22:54:01 | INFO | src.tmc_shapley_islands | Saved remove-curve to outputs/tmc_shapley_sweep_all_traits/shards/shard_011/wing/tmp/remove_curve_target_14.csv
2026-03-04 22:54:01 | INFO | src.tmc_shapley_islands | Saved bar plot to outputs/tmc_shapley_sweep_all_traits/shards/shard_011/wing/tmp/shapley_bar_target_14.png
2026-03-04 22:54:02 | INFO | src.tmc_shapley_islands | Saved add-curve plot to outputs/tmc_shapley_sweep_all_traits/shards/shard_011/wing/tmp/add_curve_target_14.png
2026-03-04 22:54:02 | INFO | src.tmc_shapley_islands | Saved remove-curve plot to outputs/tmc_shapley_sweep_all_traits/shards/shard_011/wing/tmp/remove_curve_target_14.png
2026-03-04 22:54:02 | INFO | __main__ | Shard 11/30 trait=wing progress 65/75 | target=14 n_cal_samples=40 perm=150 repeat=3
2026-03-04 22:54:02 | INFO | src.tmc_shapley_islands | [Shapley] Target island: 14 (Southern 4), source islands: 15
2026-03-04 22:54:03 | INFO | src.tmc_shapley_islands | Data: source=5147 (across 15 islands), cal=40, test=336
2026-03-04 22:54:03 | INFO | src.tmc_shapley_islands | SNP selection: using fixed precomputed subset (n=20000)
2026-03-04 22:54:03 | INFO | src.tmc_shapley_islands | Island counts (capped to None in training):
  Nesøy: n=118
  Myken: n=92
  Træna: n=286
  Selvær: n=191
  Gjerøy: n=553
  Hestmannøy: n=1055
  Indre Kvarøy: n=349
  Onøy og Lurøy: n=256
  Lovund: n=151
  Sleneset: n=160
  Aldra: n=173
  Southern 1: n=581
  Southern 2: n=397
  Southern 3: n=583
  Southern 5: n=202
2026-03-04 22:54:03 | INFO | src.tmc_shapley_islands | Loaded 930 cached utilities from outputs/tmc_shapley_sweep_all_traits/cache/wing/utility_cache_target_14_seed_1036864140.json
2026-03-04 22:54:03 | INFO | src.tmc_shapley_islands | Running TMC-Shapley with 150 permutations (utility on cal set)...
2026-03-04 22:54:03 | INFO | src.tmc_shapley_islands | Computing V_full over all 15 source islands...
2026-03-04 22:54:03 | INFO | src.tmc_shapley_islands | V_full = -0.0502
2026-03-04 22:54:03 | INFO | src.tmc_shapley_islands | TMC head-start: loaded 80 completed permutations from state outputs/tmc_shapley_sweep_all_traits/cache/wing/tmc_perm_state_target_14_seed_1036864140.json
2026-03-04 22:56:13 | INFO | src.tmc_shapley_islands | TMC progress: 90/150 permutations done, cache hit rate: 30.5%, n_evals: 105
2026-03-04 23:01:47 | INFO | src.tmc_shapley_islands | TMC progress: 120/150 permutations done, cache hit rate: 33.6%, n_evals: 399
2026-03-04 23:07:54 | INFO | src.tmc_shapley_islands | TMC progress: 150/150 permutations done, cache hit rate: 33.7%, n_evals: 697
2026-03-04 23:07:54 | INFO | src.tmc_shapley_islands | TMC complete: 150 permutations, 0 truncated, 697 utility evals, cache hit rate: 33.7%
2026-03-04 23:07:54 | INFO | src.tmc_shapley_islands | Shapley values (phi, computed on cal set):
2026-03-04 23:07:54 | INFO | src.tmc_shapley_islands |   Nesøy: phi=-0.011750, phi/n=-0.00009957
2026-03-04 23:07:54 | INFO | src.tmc_shapley_islands |   Myken: phi=-0.040201, phi/n=-0.00043697
2026-03-04 23:07:54 | INFO | src.tmc_shapley_islands |   Træna: phi=-0.070211, phi/n=-0.00024549
2026-03-04 23:07:54 | INFO | src.tmc_shapley_islands |   Selvær: phi=-0.116435, phi/n=-0.00060961
2026-03-04 23:07:54 | INFO | src.tmc_shapley_islands |   Gjerøy: phi=-0.053092, phi/n=-0.00009601
2026-03-04 23:07:54 | INFO | src.tmc_shapley_islands |   Hestmannøy: phi=-0.052087, phi/n=-0.00004937
2026-03-04 23:07:54 | INFO | src.tmc_shapley_islands |   Indre Kvarøy: phi=0.043101, phi/n=0.00012350
2026-03-04 23:07:54 | INFO | src.tmc_shapley_islands |   Onøy og Lurøy: phi=0.039357, phi/n=0.00015374
2026-03-04 23:07:54 | INFO | src.tmc_shapley_islands |   Lovund: phi=0.065921, phi/n=0.00043656
2026-03-04 23:07:54 | INFO | src.tmc_shapley_islands |   Sleneset: phi=-0.026520, phi/n=-0.00016575
2026-03-04 23:07:54 | INFO | src.tmc_shapley_islands |   Aldra: phi=-0.003271, phi/n=-0.00001891
2026-03-04 23:07:54 | INFO | src.tmc_shapley_islands |   Southern 1: phi=0.107182, phi/n=0.00018448
2026-03-04 23:07:54 | INFO | src.tmc_shapley_islands |   Southern 2: phi=-0.009236, phi/n=-0.00002326
2026-03-04 23:07:54 | INFO | src.tmc_shapley_islands |   Southern 3: phi=0.051484, phi/n=0.00008831
2026-03-04 23:07:54 | INFO | src.tmc_shapley_islands |   Southern 5: phi=0.025569, phi/n=0.00012658
2026-03-04 23:07:54 | INFO | src.tmc_shapley_islands | Curve retraining early stopping: enabled=True, patience=20
2026-03-04 23:07:54 | INFO | src.tmc_shapley_islands | Computing add-islands curve (evaluated on test set)...
2026-03-04 23:07:54 | INFO | src.tmc_shapley_islands | Add-curve (mean): 1 islands, n=151 -> corr=0.0006
2026-03-04 23:07:55 | INFO | src.tmc_shapley_islands | Add-curve (mean): 2 islands, n=732 -> corr=0.1664
2026-03-04 23:07:55 | INFO | src.tmc_shapley_islands | Add-curve (mean): 3 islands, n=988 -> corr=0.1716
2026-03-04 23:07:56 | INFO | src.tmc_shapley_islands | Add-curve (mean): 4 islands, n=1190 -> corr=0.2141
2026-03-04 23:07:56 | INFO | src.tmc_shapley_islands | Add-curve (mean): 5 islands, n=1539 -> corr=0.1938
2026-03-04 23:07:57 | INFO | src.tmc_shapley_islands | Add-curve (mean): 6 islands, n=2122 -> corr=0.1676
2026-03-04 23:07:58 | INFO | src.tmc_shapley_islands | Add-curve (mean): 7 islands, n=2295 -> corr=0.1675
2026-03-04 23:07:59 | INFO | src.tmc_shapley_islands | Add-curve (mean): 8 islands, n=2692 -> corr=0.2019
2026-03-04 23:08:00 | INFO | src.tmc_shapley_islands | Add-curve (mean): 9 islands, n=3747 -> corr=0.2360
2026-03-04 23:08:02 | INFO | src.tmc_shapley_islands | Add-curve (mean): 10 islands, n=4300 -> corr=0.2249
2026-03-04 23:08:04 | INFO | src.tmc_shapley_islands | Add-curve (mean): 11 islands, n=4418 -> corr=0.2195
2026-03-04 23:08:06 | INFO | src.tmc_shapley_islands | Add-curve (mean): 12 islands, n=4578 -> corr=0.2264
2026-03-04 23:08:08 | INFO | src.tmc_shapley_islands | Add-curve (mean): 13 islands, n=4864 -> corr=0.2143
2026-03-04 23:08:10 | INFO | src.tmc_shapley_islands | Add-curve (mean): 14 islands, n=4956 -> corr=0.2098
2026-03-04 23:08:12 | INFO | src.tmc_shapley_islands | Add-curve (mean): 15 islands, n=5147 -> corr=0.2053
2026-03-04 23:08:25 | INFO | src.tmc_shapley_islands | Random individual add-curve (seed=0) complete
2026-03-04 23:08:39 | INFO | src.tmc_shapley_islands | Random individual add-curve (seed=1) complete
2026-03-04 23:08:56 | INFO | src.tmc_shapley_islands | Random individual add-curve (seed=2) complete
2026-03-04 23:09:11 | INFO | src.tmc_shapley_islands | Random individual add-curve (seed=3) complete
2026-03-04 23:09:27 | INFO | src.tmc_shapley_islands | Random individual add-curve (seed=4) complete
2026-03-04 23:09:27 | INFO | src.tmc_shapley_islands | Building mirrored remove-islands curve from add-islands curve...
2026-03-04 23:09:27 | INFO | src.tmc_shapley_islands | Saved Shapley values to outputs/tmc_shapley_sweep_all_traits/shards/shard_011/wing/tmp/shapley_island_values_target_14.csv
2026-03-04 23:09:27 | INFO | src.tmc_shapley_islands | Saved summary to outputs/tmc_shapley_sweep_all_traits/shards/shard_011/wing/tmp/tmc_summary_target_14.json
2026-03-04 23:09:27 | INFO | src.tmc_shapley_islands | Saved intermediate ranking trace to outputs/tmc_shapley_sweep_all_traits/shards/shard_011/wing/tmp/tmc_intermediate_rankings_target_14.csv
2026-03-04 23:09:27 | INFO | src.tmc_shapley_islands | Saved add-curve to outputs/tmc_shapley_sweep_all_traits/shards/shard_011/wing/tmp/add_curve_target_14.csv
2026-03-04 23:09:27 | INFO | src.tmc_shapley_islands | Saved remove-curve to outputs/tmc_shapley_sweep_all_traits/shards/shard_011/wing/tmp/remove_curve_target_14.csv
2026-03-04 23:09:27 | INFO | src.tmc_shapley_islands | Saved bar plot to outputs/tmc_shapley_sweep_all_traits/shards/shard_011/wing/tmp/shapley_bar_target_14.png
2026-03-04 23:09:28 | INFO | src.tmc_shapley_islands | Saved add-curve plot to outputs/tmc_shapley_sweep_all_traits/shards/shard_011/wing/tmp/add_curve_target_14.png
2026-03-04 23:09:28 | INFO | src.tmc_shapley_islands | Saved remove-curve plot to outputs/tmc_shapley_sweep_all_traits/shards/shard_011/wing/tmp/remove_curve_target_14.png
2026-03-04 23:09:28 | INFO | __main__ | Shard 11/30 trait=wing progress 66/75 | target=14 n_cal_samples=80 perm=10 repeat=3
2026-03-04 23:09:28 | INFO | src.tmc_shapley_islands | [Shapley] Target island: 14 (Southern 4), source islands: 15
2026-03-04 23:09:29 | INFO | src.tmc_shapley_islands | Data: source=5147 (across 15 islands), cal=80, test=336
2026-03-04 23:09:29 | INFO | src.tmc_shapley_islands | SNP selection: using fixed precomputed subset (n=20000)
2026-03-04 23:09:29 | INFO | src.tmc_shapley_islands | Island counts (capped to None in training):
  Nesøy: n=118
  Myken: n=92
  Træna: n=286
  Selvær: n=191
  Gjerøy: n=553
  Hestmannøy: n=1055
  Indre Kvarøy: n=349
  Onøy og Lurøy: n=256
  Lovund: n=151
  Sleneset: n=160
  Aldra: n=173
  Southern 1: n=581
  Southern 2: n=397
  Southern 3: n=583
  Southern 5: n=202
2026-03-04 23:09:29 | INFO | src.tmc_shapley_islands | Running TMC-Shapley with 10 permutations (utility on cal set)...
2026-03-04 23:09:29 | INFO | src.tmc_shapley_islands | Computing V_full over all 15 source islands...
2026-03-04 23:09:31 | INFO | src.tmc_shapley_islands | V_full = 0.2040
2026-03-04 23:10:24 | INFO | src.tmc_shapley_islands | TMC progress: 2/10 permutations done, cache hit rate: 6.5%, n_evals: 29
2026-03-04 23:10:51 | INFO | src.tmc_shapley_islands | TMC progress: 4/10 permutations done, cache hit rate: 6.6%, n_evals: 57
2026-03-04 23:11:25 | INFO | src.tmc_shapley_islands | TMC progress: 6/10 permutations done, cache hit rate: 8.8%, n_evals: 83
2026-03-04 23:11:46 | INFO | src.tmc_shapley_islands | TMC progress: 8/10 permutations done, cache hit rate: 10.7%, n_evals: 108
2026-03-04 23:12:19 | INFO | src.tmc_shapley_islands | TMC progress: 10/10 permutations done, cache hit rate: 10.6%, n_evals: 135
2026-03-04 23:12:19 | INFO | src.tmc_shapley_islands | TMC complete: 10 permutations, 0 truncated, 135 utility evals, cache hit rate: 10.6%
2026-03-04 23:12:19 | INFO | src.tmc_shapley_islands | Shapley values (phi, computed on cal set):
2026-03-04 23:12:19 | INFO | src.tmc_shapley_islands |   Nesøy: phi=-0.018837, phi/n=-0.00015963
2026-03-04 23:12:19 | INFO | src.tmc_shapley_islands |   Myken: phi=0.010601, phi/n=0.00011523
2026-03-04 23:12:19 | INFO | src.tmc_shapley_islands |   Træna: phi=-0.021959, phi/n=-0.00007678
2026-03-04 23:12:19 | INFO | src.tmc_shapley_islands |   Selvær: phi=-0.028750, phi/n=-0.00015052
2026-03-04 23:12:19 | INFO | src.tmc_shapley_islands |   Gjerøy: phi=0.012454, phi/n=0.00002252
2026-03-04 23:12:19 | INFO | src.tmc_shapley_islands |   Hestmannøy: phi=0.212909, phi/n=0.00020181
2026-03-04 23:12:19 | INFO | src.tmc_shapley_islands |   Indre Kvarøy: phi=0.013587, phi/n=0.00003893
2026-03-04 23:12:19 | INFO | src.tmc_shapley_islands |   Onøy og Lurøy: phi=0.028897, phi/n=0.00011288
2026-03-04 23:12:19 | INFO | src.tmc_shapley_islands |   Lovund: phi=-0.000360, phi/n=-0.00000238
2026-03-04 23:12:19 | INFO | src.tmc_shapley_islands |   Sleneset: phi=0.037354, phi/n=0.00023346
2026-03-04 23:12:19 | INFO | src.tmc_shapley_islands |   Aldra: phi=0.000005, phi/n=0.00000003
2026-03-04 23:12:19 | INFO | src.tmc_shapley_islands |   Southern 1: phi=0.063342, phi/n=0.00010902
2026-03-04 23:12:19 | INFO | src.tmc_shapley_islands |   Southern 2: phi=0.025483, phi/n=0.00006419
2026-03-04 23:12:19 | INFO | src.tmc_shapley_islands |   Southern 3: phi=-0.049349, phi/n=-0.00008465
2026-03-04 23:12:19 | INFO | src.tmc_shapley_islands |   Southern 5: phi=-0.081341, phi/n=-0.00040268
2026-03-04 23:12:19 | INFO | src.tmc_shapley_islands | Curve retraining early stopping: enabled=True, patience=20
2026-03-04 23:12:19 | INFO | src.tmc_shapley_islands | Computing add-islands curve (evaluated on test set)...
2026-03-04 23:12:19 | INFO | src.tmc_shapley_islands | Add-curve (mean): 1 islands, n=160 -> corr=0.0601
2026-03-04 23:12:19 | INFO | src.tmc_shapley_islands | Add-curve (mean): 2 islands, n=1215 -> corr=0.0761
2026-03-04 23:12:20 | INFO | src.tmc_shapley_islands | Add-curve (mean): 3 islands, n=1307 -> corr=0.0635
2026-03-04 23:12:21 | INFO | src.tmc_shapley_islands | Add-curve (mean): 4 islands, n=1563 -> corr=0.0713
2026-03-04 23:12:21 | INFO | src.tmc_shapley_islands | Add-curve (mean): 5 islands, n=2144 -> corr=0.1226
2026-03-04 23:12:24 | INFO | src.tmc_shapley_islands | Add-curve (mean): 6 islands, n=2541 -> corr=0.1354
2026-03-04 23:12:25 | INFO | src.tmc_shapley_islands | Add-curve (mean): 7 islands, n=2890 -> corr=0.1215
2026-03-04 23:12:27 | INFO | src.tmc_shapley_islands | Add-curve (mean): 8 islands, n=3443 -> corr=0.1023
2026-03-04 23:12:28 | INFO | src.tmc_shapley_islands | Add-curve (mean): 9 islands, n=3616 -> corr=0.1112
2026-03-04 23:12:30 | INFO | src.tmc_shapley_islands | Add-curve (mean): 10 islands, n=3767 -> corr=0.1120
2026-03-04 23:12:33 | INFO | src.tmc_shapley_islands | Add-curve (mean): 11 islands, n=4053 -> corr=0.1048
2026-03-04 23:12:36 | INFO | src.tmc_shapley_islands | Add-curve (mean): 12 islands, n=4636 -> corr=0.0861
2026-03-04 23:12:38 | INFO | src.tmc_shapley_islands | Add-curve (mean): 13 islands, n=4827 -> corr=0.0772
2026-03-04 23:12:40 | INFO | src.tmc_shapley_islands | Add-curve (mean): 14 islands, n=4945 -> corr=0.0829
2026-03-04 23:12:44 | INFO | src.tmc_shapley_islands | Add-curve (mean): 15 islands, n=5147 -> corr=0.1132
2026-03-04 23:13:02 | INFO | src.tmc_shapley_islands | Random individual add-curve (seed=0) complete
2026-03-04 23:13:16 | INFO | src.tmc_shapley_islands | Random individual add-curve (seed=1) complete
2026-03-04 23:13:32 | INFO | src.tmc_shapley_islands | Random individual add-curve (seed=2) complete
2026-03-04 23:13:46 | INFO | src.tmc_shapley_islands | Random individual add-curve (seed=3) complete
2026-03-04 23:14:02 | INFO | src.tmc_shapley_islands | Random individual add-curve (seed=4) complete
2026-03-04 23:14:02 | INFO | src.tmc_shapley_islands | Building mirrored remove-islands curve from add-islands curve...
2026-03-04 23:14:02 | INFO | src.tmc_shapley_islands | Saved Shapley values to outputs/tmc_shapley_sweep_all_traits/shards/shard_011/wing/tmp/shapley_island_values_target_14.csv
2026-03-04 23:14:02 | INFO | src.tmc_shapley_islands | Saved summary to outputs/tmc_shapley_sweep_all_traits/shards/shard_011/wing/tmp/tmc_summary_target_14.json
2026-03-04 23:14:02 | INFO | src.tmc_shapley_islands | Saved intermediate ranking trace to outputs/tmc_shapley_sweep_all_traits/shards/shard_011/wing/tmp/tmc_intermediate_rankings_target_14.csv
2026-03-04 23:14:02 | INFO | src.tmc_shapley_islands | Saved add-curve to outputs/tmc_shapley_sweep_all_traits/shards/shard_011/wing/tmp/add_curve_target_14.csv
2026-03-04 23:14:02 | INFO | src.tmc_shapley_islands | Saved remove-curve to outputs/tmc_shapley_sweep_all_traits/shards/shard_011/wing/tmp/remove_curve_target_14.csv
2026-03-04 23:14:02 | INFO | src.tmc_shapley_islands | Saved bar plot to outputs/tmc_shapley_sweep_all_traits/shards/shard_011/wing/tmp/shapley_bar_target_14.png
2026-03-04 23:14:03 | INFO | src.tmc_shapley_islands | Saved add-curve plot to outputs/tmc_shapley_sweep_all_traits/shards/shard_011/wing/tmp/add_curve_target_14.png
2026-03-04 23:14:03 | INFO | src.tmc_shapley_islands | Saved remove-curve plot to outputs/tmc_shapley_sweep_all_traits/shards/shard_011/wing/tmp/remove_curve_target_14.png
2026-03-04 23:14:03 | INFO | __main__ | Shard 11/30 trait=wing progress 67/75 | target=14 n_cal_samples=80 perm=20 repeat=3
2026-03-04 23:14:03 | INFO | src.tmc_shapley_islands | [Shapley] Target island: 14 (Southern 4), source islands: 15
2026-03-04 23:14:04 | INFO | src.tmc_shapley_islands | Data: source=5147 (across 15 islands), cal=80, test=336
2026-03-04 23:14:04 | INFO | src.tmc_shapley_islands | SNP selection: using fixed precomputed subset (n=20000)
2026-03-04 23:14:04 | INFO | src.tmc_shapley_islands | Island counts (capped to None in training):
  Nesøy: n=118
  Myken: n=92
  Træna: n=286
  Selvær: n=191
  Gjerøy: n=553
  Hestmannøy: n=1055
  Indre Kvarøy: n=349
  Onøy og Lurøy: n=256
  Lovund: n=151
  Sleneset: n=160
  Aldra: n=173
  Southern 1: n=581
  Southern 2: n=397
  Southern 3: n=583
  Southern 5: n=202
2026-03-04 23:14:04 | INFO | src.tmc_shapley_islands | Loaded 135 cached utilities from outputs/tmc_shapley_sweep_all_traits/cache/wing/utility_cache_target_14_seed_842114296.json
2026-03-04 23:14:04 | INFO | src.tmc_shapley_islands | Running TMC-Shapley with 20 permutations (utility on cal set)...
2026-03-04 23:14:04 | INFO | src.tmc_shapley_islands | Computing V_full over all 15 source islands...
2026-03-04 23:14:04 | INFO | src.tmc_shapley_islands | V_full = 0.2040
2026-03-04 23:14:04 | INFO | src.tmc_shapley_islands | TMC head-start: loaded 10 completed permutations from state outputs/tmc_shapley_sweep_all_traits/cache/wing/tmc_perm_state_target_14_seed_842114296.json
2026-03-04 23:14:35 | INFO | src.tmc_shapley_islands | TMC progress: 12/20 permutations done, cache hit rate: 22.6%, n_evals: 24
2026-03-04 23:15:36 | INFO | src.tmc_shapley_islands | TMC progress: 16/20 permutations done, cache hit rate: 18.7%, n_evals: 74
2026-03-04 23:16:48 | INFO | src.tmc_shapley_islands | TMC progress: 20/20 permutations done, cache hit rate: 20.5%, n_evals: 120
2026-03-04 23:16:48 | INFO | src.tmc_shapley_islands | TMC complete: 20 permutations, 0 truncated, 120 utility evals, cache hit rate: 20.5%
2026-03-04 23:16:48 | INFO | src.tmc_shapley_islands | Shapley values (phi, computed on cal set):
2026-03-04 23:16:48 | INFO | src.tmc_shapley_islands |   Nesøy: phi=-0.017715, phi/n=-0.00015013
2026-03-04 23:16:48 | INFO | src.tmc_shapley_islands |   Myken: phi=0.007430, phi/n=0.00008076
2026-03-04 23:16:48 | INFO | src.tmc_shapley_islands |   Træna: phi=-0.019515, phi/n=-0.00006823
2026-03-04 23:16:48 | INFO | src.tmc_shapley_islands |   Selvær: phi=-0.031668, phi/n=-0.00016580
2026-03-04 23:16:48 | INFO | src.tmc_shapley_islands |   Gjerøy: phi=0.014090, phi/n=0.00002548
2026-03-04 23:16:48 | INFO | src.tmc_shapley_islands |   Hestmannøy: phi=0.210741, phi/n=0.00019975
2026-03-04 23:16:48 | INFO | src.tmc_shapley_islands |   Indre Kvarøy: phi=0.017380, phi/n=0.00004980
2026-03-04 23:16:48 | INFO | src.tmc_shapley_islands |   Onøy og Lurøy: phi=0.028031, phi/n=0.00010950
2026-03-04 23:16:48 | INFO | src.tmc_shapley_islands |   Lovund: phi=-0.001606, phi/n=-0.00001064
2026-03-04 23:16:48 | INFO | src.tmc_shapley_islands |   Sleneset: phi=0.028117, phi/n=0.00017573
2026-03-04 23:16:48 | INFO | src.tmc_shapley_islands |   Aldra: phi=0.002670, phi/n=0.00001543
2026-03-04 23:16:48 | INFO | src.tmc_shapley_islands |   Southern 1: phi=0.069021, phi/n=0.00011880
2026-03-04 23:16:48 | INFO | src.tmc_shapley_islands |   Southern 2: phi=0.025323, phi/n=0.00006379
2026-03-04 23:16:48 | INFO | src.tmc_shapley_islands |   Southern 3: phi=-0.051778, phi/n=-0.00008881
2026-03-04 23:16:48 | INFO | src.tmc_shapley_islands |   Southern 5: phi=-0.076482, phi/n=-0.00037862
2026-03-04 23:16:48 | INFO | src.tmc_shapley_islands | Curve retraining early stopping: enabled=True, patience=20
2026-03-04 23:16:48 | INFO | src.tmc_shapley_islands | Computing add-islands curve (evaluated on test set)...
2026-03-04 23:16:49 | INFO | src.tmc_shapley_islands | Add-curve (mean): 1 islands, n=1055 -> corr=0.0595
2026-03-04 23:16:49 | INFO | src.tmc_shapley_islands | Add-curve (mean): 2 islands, n=1215 -> corr=0.0761
2026-03-04 23:16:50 | INFO | src.tmc_shapley_islands | Add-curve (mean): 3 islands, n=1796 -> corr=0.1255
2026-03-04 23:16:51 | INFO | src.tmc_shapley_islands | Add-curve (mean): 4 islands, n=2052 -> corr=0.1276
2026-03-04 23:16:52 | INFO | src.tmc_shapley_islands | Add-curve (mean): 5 islands, n=2144 -> corr=0.1226
2026-03-04 23:16:53 | INFO | src.tmc_shapley_islands | Add-curve (mean): 6 islands, n=2541 -> corr=0.1354
2026-03-04 23:16:54 | INFO | src.tmc_shapley_islands | Add-curve (mean): 7 islands, n=2890 -> corr=0.1215
2026-03-04 23:16:55 | INFO | src.tmc_shapley_islands | Add-curve (mean): 8 islands, n=3443 -> corr=0.1023
2026-03-04 23:16:57 | INFO | src.tmc_shapley_islands | Add-curve (mean): 9 islands, n=3616 -> corr=0.1112
2026-03-04 23:16:58 | INFO | src.tmc_shapley_islands | Add-curve (mean): 10 islands, n=3767 -> corr=0.1120
2026-03-04 23:17:00 | INFO | src.tmc_shapley_islands | Add-curve (mean): 11 islands, n=4053 -> corr=0.1048
2026-03-04 23:17:02 | INFO | src.tmc_shapley_islands | Add-curve (mean): 12 islands, n=4636 -> corr=0.0861
2026-03-04 23:17:03 | INFO | src.tmc_shapley_islands | Add-curve (mean): 13 islands, n=4754 -> corr=0.0920
2026-03-04 23:17:05 | INFO | src.tmc_shapley_islands | Add-curve (mean): 14 islands, n=4945 -> corr=0.0829
2026-03-04 23:17:07 | INFO | src.tmc_shapley_islands | Add-curve (mean): 15 islands, n=5147 -> corr=0.1132
2026-03-04 23:17:21 | INFO | src.tmc_shapley_islands | Random individual add-curve (seed=0) complete
2026-03-04 23:17:42 | INFO | src.tmc_shapley_islands | Random individual add-curve (seed=1) complete
2026-03-04 23:18:10 | INFO | src.tmc_shapley_islands | Random individual add-curve (seed=2) complete
2026-03-04 23:18:25 | INFO | src.tmc_shapley_islands | Random individual add-curve (seed=3) complete
2026-03-04 23:18:40 | INFO | src.tmc_shapley_islands | Random individual add-curve (seed=4) complete
2026-03-04 23:18:40 | INFO | src.tmc_shapley_islands | Building mirrored remove-islands curve from add-islands curve...
2026-03-04 23:18:40 | INFO | src.tmc_shapley_islands | Saved Shapley values to outputs/tmc_shapley_sweep_all_traits/shards/shard_011/wing/tmp/shapley_island_values_target_14.csv
2026-03-04 23:18:40 | INFO | src.tmc_shapley_islands | Saved summary to outputs/tmc_shapley_sweep_all_traits/shards/shard_011/wing/tmp/tmc_summary_target_14.json
2026-03-04 23:18:40 | INFO | src.tmc_shapley_islands | Saved intermediate ranking trace to outputs/tmc_shapley_sweep_all_traits/shards/shard_011/wing/tmp/tmc_intermediate_rankings_target_14.csv
2026-03-04 23:18:40 | INFO | src.tmc_shapley_islands | Saved add-curve to outputs/tmc_shapley_sweep_all_traits/shards/shard_011/wing/tmp/add_curve_target_14.csv
2026-03-04 23:18:40 | INFO | src.tmc_shapley_islands | Saved remove-curve to outputs/tmc_shapley_sweep_all_traits/shards/shard_011/wing/tmp/remove_curve_target_14.csv
2026-03-04 23:18:40 | INFO | src.tmc_shapley_islands | Saved bar plot to outputs/tmc_shapley_sweep_all_traits/shards/shard_011/wing/tmp/shapley_bar_target_14.png
2026-03-04 23:18:40 | INFO | src.tmc_shapley_islands | Saved add-curve plot to outputs/tmc_shapley_sweep_all_traits/shards/shard_011/wing/tmp/add_curve_target_14.png
2026-03-04 23:18:41 | INFO | src.tmc_shapley_islands | Saved remove-curve plot to outputs/tmc_shapley_sweep_all_traits/shards/shard_011/wing/tmp/remove_curve_target_14.png
2026-03-04 23:18:41 | INFO | __main__ | Shard 11/30 trait=wing progress 68/75 | target=14 n_cal_samples=80 perm=40 repeat=3
2026-03-04 23:18:41 | INFO | src.tmc_shapley_islands | [Shapley] Target island: 14 (Southern 4), source islands: 15
2026-03-04 23:18:41 | INFO | src.tmc_shapley_islands | Data: source=5147 (across 15 islands), cal=80, test=336
2026-03-04 23:18:41 | INFO | src.tmc_shapley_islands | SNP selection: using fixed precomputed subset (n=20000)
2026-03-04 23:18:41 | INFO | src.tmc_shapley_islands | Island counts (capped to None in training):
  Nesøy: n=118
  Myken: n=92
  Træna: n=286
  Selvær: n=191
  Gjerøy: n=553
  Hestmannøy: n=1055
  Indre Kvarøy: n=349
  Onøy og Lurøy: n=256
  Lovund: n=151
  Sleneset: n=160
  Aldra: n=173
  Southern 1: n=581
  Southern 2: n=397
  Southern 3: n=583
  Southern 5: n=202
2026-03-04 23:18:41 | INFO | src.tmc_shapley_islands | Loaded 255 cached utilities from outputs/tmc_shapley_sweep_all_traits/cache/wing/utility_cache_target_14_seed_842114296.json
2026-03-04 23:18:41 | INFO | src.tmc_shapley_islands | Running TMC-Shapley with 40 permutations (utility on cal set)...
2026-03-04 23:18:41 | INFO | src.tmc_shapley_islands | Computing V_full over all 15 source islands...
2026-03-04 23:18:41 | INFO | src.tmc_shapley_islands | V_full = 0.2040
2026-03-04 23:18:41 | INFO | src.tmc_shapley_islands | TMC head-start: loaded 20 completed permutations from state outputs/tmc_shapley_sweep_all_traits/cache/wing/tmc_perm_state_target_14_seed_842114296.json
2026-03-04 23:19:54 | INFO | src.tmc_shapley_islands | TMC progress: 24/40 permutations done, cache hit rate: 21.3%, n_evals: 48
2026-03-04 23:21:34 | INFO | src.tmc_shapley_islands | TMC progress: 32/40 permutations done, cache hit rate: 21.0%, n_evals: 143
2026-03-04 23:23:10 | INFO | src.tmc_shapley_islands | TMC progress: 40/40 permutations done, cache hit rate: 22.6%, n_evals: 233
2026-03-04 23:23:10 | INFO | src.tmc_shapley_islands | TMC complete: 40 permutations, 0 truncated, 233 utility evals, cache hit rate: 22.6%
2026-03-04 23:23:10 | INFO | src.tmc_shapley_islands | Shapley values (phi, computed on cal set):
2026-03-04 23:23:10 | INFO | src.tmc_shapley_islands |   Nesøy: phi=-0.016158, phi/n=-0.00013693
2026-03-04 23:23:10 | INFO | src.tmc_shapley_islands |   Myken: phi=0.007476, phi/n=0.00008126
2026-03-04 23:23:10 | INFO | src.tmc_shapley_islands |   Træna: phi=-0.019740, phi/n=-0.00006902
2026-03-04 23:23:10 | INFO | src.tmc_shapley_islands |   Selvær: phi=-0.032964, phi/n=-0.00017259
2026-03-04 23:23:10 | INFO | src.tmc_shapley_islands |   Gjerøy: phi=0.016326, phi/n=0.00002952
2026-03-04 23:23:10 | INFO | src.tmc_shapley_islands |   Hestmannøy: phi=0.185269, phi/n=0.00017561
2026-03-04 23:23:10 | INFO | src.tmc_shapley_islands |   Indre Kvarøy: phi=0.022707, phi/n=0.00006506
2026-03-04 23:23:10 | INFO | src.tmc_shapley_islands |   Onøy og Lurøy: phi=0.035552, phi/n=0.00013888
2026-03-04 23:23:10 | INFO | src.tmc_shapley_islands |   Lovund: phi=0.001295, phi/n=0.00000858
2026-03-04 23:23:10 | INFO | src.tmc_shapley_islands |   Sleneset: phi=0.029118, phi/n=0.00018199
2026-03-04 23:23:10 | INFO | src.tmc_shapley_islands |   Aldra: phi=0.001739, phi/n=0.00001005
2026-03-04 23:23:10 | INFO | src.tmc_shapley_islands |   Southern 1: phi=0.070166, phi/n=0.00012077
2026-03-04 23:23:10 | INFO | src.tmc_shapley_islands |   Southern 2: phi=0.031580, phi/n=0.00007955
2026-03-04 23:23:10 | INFO | src.tmc_shapley_islands |   Southern 3: phi=-0.053929, phi/n=-0.00009250
2026-03-04 23:23:10 | INFO | src.tmc_shapley_islands |   Southern 5: phi=-0.074400, phi/n=-0.00036832
2026-03-04 23:23:10 | INFO | src.tmc_shapley_islands | Curve retraining early stopping: enabled=True, patience=20
2026-03-04 23:23:10 | INFO | src.tmc_shapley_islands | Computing add-islands curve (evaluated on test set)...
2026-03-04 23:23:10 | INFO | src.tmc_shapley_islands | Add-curve (mean): 1 islands, n=160 -> corr=0.0601
2026-03-04 23:23:11 | INFO | src.tmc_shapley_islands | Add-curve (mean): 2 islands, n=1215 -> corr=0.0761
2026-03-04 23:23:11 | INFO | src.tmc_shapley_islands | Add-curve (mean): 3 islands, n=1471 -> corr=0.0814
2026-03-04 23:23:12 | INFO | src.tmc_shapley_islands | Add-curve (mean): 4 islands, n=2052 -> corr=0.1276
2026-03-04 23:23:13 | INFO | src.tmc_shapley_islands | Add-curve (mean): 5 islands, n=2144 -> corr=0.1226
2026-03-04 23:23:14 | INFO | src.tmc_shapley_islands | Add-curve (mean): 6 islands, n=2541 -> corr=0.1354
2026-03-04 23:23:15 | INFO | src.tmc_shapley_islands | Add-curve (mean): 7 islands, n=2890 -> corr=0.1215
2026-03-04 23:23:17 | INFO | src.tmc_shapley_islands | Add-curve (mean): 8 islands, n=3443 -> corr=0.1023
2026-03-04 23:23:18 | INFO | src.tmc_shapley_islands | Add-curve (mean): 9 islands, n=3616 -> corr=0.1112
2026-03-04 23:23:20 | INFO | src.tmc_shapley_islands | Add-curve (mean): 10 islands, n=3767 -> corr=0.1120
2026-03-04 23:23:22 | INFO | src.tmc_shapley_islands | Add-curve (mean): 11 islands, n=4053 -> corr=0.1048
2026-03-04 23:23:23 | INFO | src.tmc_shapley_islands | Add-curve (mean): 12 islands, n=4636 -> corr=0.0861
2026-03-04 23:23:26 | INFO | src.tmc_shapley_islands | Add-curve (mean): 13 islands, n=4754 -> corr=0.0920
2026-03-04 23:23:28 | INFO | src.tmc_shapley_islands | Add-curve (mean): 14 islands, n=4945 -> corr=0.0829
2026-03-04 23:23:30 | INFO | src.tmc_shapley_islands | Add-curve (mean): 15 islands, n=5147 -> corr=0.1132
2026-03-04 23:23:44 | INFO | src.tmc_shapley_islands | Random individual add-curve (seed=0) complete
2026-03-04 23:24:01 | INFO | src.tmc_shapley_islands | Random individual add-curve (seed=1) complete
2026-03-04 23:24:15 | INFO | src.tmc_shapley_islands | Random individual add-curve (seed=2) complete
2026-03-04 23:24:29 | INFO | src.tmc_shapley_islands | Random individual add-curve (seed=3) complete
2026-03-04 23:24:48 | INFO | src.tmc_shapley_islands | Random individual add-curve (seed=4) complete
2026-03-04 23:24:48 | INFO | src.tmc_shapley_islands | Building mirrored remove-islands curve from add-islands curve...
2026-03-04 23:24:48 | INFO | src.tmc_shapley_islands | Saved Shapley values to outputs/tmc_shapley_sweep_all_traits/shards/shard_011/wing/tmp/shapley_island_values_target_14.csv
2026-03-04 23:24:48 | INFO | src.tmc_shapley_islands | Saved summary to outputs/tmc_shapley_sweep_all_traits/shards/shard_011/wing/tmp/tmc_summary_target_14.json
2026-03-04 23:24:48 | INFO | src.tmc_shapley_islands | Saved intermediate ranking trace to outputs/tmc_shapley_sweep_all_traits/shards/shard_011/wing/tmp/tmc_intermediate_rankings_target_14.csv
2026-03-04 23:24:48 | INFO | src.tmc_shapley_islands | Saved add-curve to outputs/tmc_shapley_sweep_all_traits/shards/shard_011/wing/tmp/add_curve_target_14.csv
2026-03-04 23:24:48 | INFO | src.tmc_shapley_islands | Saved remove-curve to outputs/tmc_shapley_sweep_all_traits/shards/shard_011/wing/tmp/remove_curve_target_14.csv
2026-03-04 23:24:48 | INFO | src.tmc_shapley_islands | Saved bar plot to outputs/tmc_shapley_sweep_all_traits/shards/shard_011/wing/tmp/shapley_bar_target_14.png
2026-03-04 23:24:49 | INFO | src.tmc_shapley_islands | Saved add-curve plot to outputs/tmc_shapley_sweep_all_traits/shards/shard_011/wing/tmp/add_curve_target_14.png
2026-03-04 23:24:49 | INFO | src.tmc_shapley_islands | Saved remove-curve plot to outputs/tmc_shapley_sweep_all_traits/shards/shard_011/wing/tmp/remove_curve_target_14.png
2026-03-04 23:24:49 | INFO | __main__ | Shard 11/30 trait=wing progress 69/75 | target=14 n_cal_samples=80 perm=80 repeat=3
2026-03-04 23:24:49 | INFO | src.tmc_shapley_islands | [Shapley] Target island: 14 (Southern 4), source islands: 15
2026-03-04 23:24:50 | INFO | src.tmc_shapley_islands | Data: source=5147 (across 15 islands), cal=80, test=336
2026-03-04 23:24:50 | INFO | src.tmc_shapley_islands | SNP selection: using fixed precomputed subset (n=20000)
2026-03-04 23:24:50 | INFO | src.tmc_shapley_islands | Island counts (capped to None in training):
  Nesøy: n=118
  Myken: n=92
  Træna: n=286
  Selvær: n=191
  Gjerøy: n=553
  Hestmannøy: n=1055
  Indre Kvarøy: n=349
  Onøy og Lurøy: n=256
  Lovund: n=151
  Sleneset: n=160
  Aldra: n=173
  Southern 1: n=581
  Southern 2: n=397
  Southern 3: n=583
  Southern 5: n=202
2026-03-04 23:24:50 | INFO | src.tmc_shapley_islands | Loaded 488 cached utilities from outputs/tmc_shapley_sweep_all_traits/cache/wing/utility_cache_target_14_seed_842114296.json
2026-03-04 23:24:50 | INFO | src.tmc_shapley_islands | Running TMC-Shapley with 80 permutations (utility on cal set)...
2026-03-04 23:24:50 | INFO | src.tmc_shapley_islands | Computing V_full over all 15 source islands...
2026-03-04 23:24:50 | INFO | src.tmc_shapley_islands | V_full = 0.2040
2026-03-04 23:24:50 | INFO | src.tmc_shapley_islands | TMC head-start: loaded 40 completed permutations from state outputs/tmc_shapley_sweep_all_traits/cache/wing/tmc_perm_state_target_14_seed_842114296.json
2026-03-04 23:27:01 | INFO | src.tmc_shapley_islands | TMC progress: 48/80 permutations done, cache hit rate: 24.0%, n_evals: 92
2026-03-04 23:31:01 | INFO | src.tmc_shapley_islands | TMC progress: 64/80 permutations done, cache hit rate: 25.2%, n_evals: 270
2026-03-04 23:34:33 | INFO | src.tmc_shapley_islands | TMC progress: 80/80 permutations done, cache hit rate: 27.0%, n_evals: 439
2026-03-04 23:34:33 | INFO | src.tmc_shapley_islands | TMC complete: 80 permutations, 0 truncated, 439 utility evals, cache hit rate: 27.0%
2026-03-04 23:34:33 | INFO | src.tmc_shapley_islands | Shapley values (phi, computed on cal set):
2026-03-04 23:34:33 | INFO | src.tmc_shapley_islands |   Nesøy: phi=-0.017538, phi/n=-0.00014863
2026-03-04 23:34:33 | INFO | src.tmc_shapley_islands |   Myken: phi=0.008719, phi/n=0.00009477
2026-03-04 23:34:33 | INFO | src.tmc_shapley_islands |   Træna: phi=-0.019403, phi/n=-0.00006784
2026-03-04 23:34:33 | INFO | src.tmc_shapley_islands |   Selvær: phi=-0.030823, phi/n=-0.00016137
2026-03-04 23:34:33 | INFO | src.tmc_shapley_islands |   Gjerøy: phi=0.015997, phi/n=0.00002893
2026-03-04 23:34:33 | INFO | src.tmc_shapley_islands |   Hestmannøy: phi=0.199629, phi/n=0.00018922
2026-03-04 23:34:33 | INFO | src.tmc_shapley_islands |   Indre Kvarøy: phi=0.020875, phi/n=0.00005981
2026-03-04 23:34:33 | INFO | src.tmc_shapley_islands |   Onøy og Lurøy: phi=0.037541, phi/n=0.00014664
2026-03-04 23:34:33 | INFO | src.tmc_shapley_islands |   Lovund: phi=0.001620, phi/n=0.00001073
2026-03-04 23:34:33 | INFO | src.tmc_shapley_islands |   Sleneset: phi=0.023088, phi/n=0.00014430
2026-03-04 23:34:33 | INFO | src.tmc_shapley_islands |   Aldra: phi=0.000787, phi/n=0.00000455
2026-03-04 23:34:33 | INFO | src.tmc_shapley_islands |   Southern 1: phi=0.064124, phi/n=0.00011037
2026-03-04 23:34:33 | INFO | src.tmc_shapley_islands |   Southern 2: phi=0.029541, phi/n=0.00007441
2026-03-04 23:34:33 | INFO | src.tmc_shapley_islands |   Southern 3: phi=-0.051051, phi/n=-0.00008757
2026-03-04 23:34:33 | INFO | src.tmc_shapley_islands |   Southern 5: phi=-0.079069, phi/n=-0.00039143
2026-03-04 23:34:33 | INFO | src.tmc_shapley_islands | Curve retraining early stopping: enabled=True, patience=20
2026-03-04 23:34:33 | INFO | src.tmc_shapley_islands | Computing add-islands curve (evaluated on test set)...
2026-03-04 23:34:33 | INFO | src.tmc_shapley_islands | Add-curve (mean): 1 islands, n=1055 -> corr=0.0595
2026-03-04 23:34:34 | INFO | src.tmc_shapley_islands | Add-curve (mean): 2 islands, n=1311 -> corr=0.0702
2026-03-04 23:34:34 | INFO | src.tmc_shapley_islands | Add-curve (mean): 3 islands, n=1471 -> corr=0.0814
2026-03-04 23:34:35 | INFO | src.tmc_shapley_islands | Add-curve (mean): 4 islands, n=2052 -> corr=0.1276
2026-03-04 23:34:36 | INFO | src.tmc_shapley_islands | Add-curve (mean): 5 islands, n=2144 -> corr=0.1226
2026-03-04 23:34:37 | INFO | src.tmc_shapley_islands | Add-curve (mean): 6 islands, n=2541 -> corr=0.1354
2026-03-04 23:34:38 | INFO | src.tmc_shapley_islands | Add-curve (mean): 7 islands, n=2890 -> corr=0.1215
2026-03-04 23:34:39 | INFO | src.tmc_shapley_islands | Add-curve (mean): 8 islands, n=3443 -> corr=0.1023
2026-03-04 23:34:40 | INFO | src.tmc_shapley_islands | Add-curve (mean): 9 islands, n=3594 -> corr=0.1035
2026-03-04 23:34:42 | INFO | src.tmc_shapley_islands | Add-curve (mean): 10 islands, n=3767 -> corr=0.1120
2026-03-04 23:34:43 | INFO | src.tmc_shapley_islands | Add-curve (mean): 11 islands, n=4053 -> corr=0.1048
2026-03-04 23:34:46 | INFO | src.tmc_shapley_islands | Add-curve (mean): 12 islands, n=4636 -> corr=0.0861
2026-03-04 23:34:47 | INFO | src.tmc_shapley_islands | Add-curve (mean): 13 islands, n=4754 -> corr=0.0920
2026-03-04 23:34:49 | INFO | src.tmc_shapley_islands | Add-curve (mean): 14 islands, n=4945 -> corr=0.0829
2026-03-04 23:34:51 | INFO | src.tmc_shapley_islands | Add-curve (mean): 15 islands, n=5147 -> corr=0.1132
2026-03-04 23:35:07 | INFO | src.tmc_shapley_islands | Random individual add-curve (seed=0) complete
2026-03-04 23:35:22 | INFO | src.tmc_shapley_islands | Random individual add-curve (seed=1) complete
2026-03-04 23:35:40 | INFO | src.tmc_shapley_islands | Random individual add-curve (seed=2) complete
2026-03-04 23:35:57 | INFO | src.tmc_shapley_islands | Random individual add-curve (seed=3) complete
2026-03-04 23:36:15 | INFO | src.tmc_shapley_islands | Random individual add-curve (seed=4) complete
2026-03-04 23:36:15 | INFO | src.tmc_shapley_islands | Building mirrored remove-islands curve from add-islands curve...
2026-03-04 23:36:15 | INFO | src.tmc_shapley_islands | Saved Shapley values to outputs/tmc_shapley_sweep_all_traits/shards/shard_011/wing/tmp/shapley_island_values_target_14.csv
2026-03-04 23:36:15 | INFO | src.tmc_shapley_islands | Saved summary to outputs/tmc_shapley_sweep_all_traits/shards/shard_011/wing/tmp/tmc_summary_target_14.json
2026-03-04 23:36:15 | INFO | src.tmc_shapley_islands | Saved intermediate ranking trace to outputs/tmc_shapley_sweep_all_traits/shards/shard_011/wing/tmp/tmc_intermediate_rankings_target_14.csv
2026-03-04 23:36:15 | INFO | src.tmc_shapley_islands | Saved add-curve to outputs/tmc_shapley_sweep_all_traits/shards/shard_011/wing/tmp/add_curve_target_14.csv
2026-03-04 23:36:15 | INFO | src.tmc_shapley_islands | Saved remove-curve to outputs/tmc_shapley_sweep_all_traits/shards/shard_011/wing/tmp/remove_curve_target_14.csv
2026-03-04 23:36:15 | INFO | src.tmc_shapley_islands | Saved bar plot to outputs/tmc_shapley_sweep_all_traits/shards/shard_011/wing/tmp/shapley_bar_target_14.png
2026-03-04 23:36:16 | INFO | src.tmc_shapley_islands | Saved add-curve plot to outputs/tmc_shapley_sweep_all_traits/shards/shard_011/wing/tmp/add_curve_target_14.png
2026-03-04 23:36:16 | INFO | src.tmc_shapley_islands | Saved remove-curve plot to outputs/tmc_shapley_sweep_all_traits/shards/shard_011/wing/tmp/remove_curve_target_14.png
2026-03-04 23:36:16 | INFO | __main__ | Shard 11/30 trait=wing progress 70/75 | target=14 n_cal_samples=80 perm=150 repeat=3
2026-03-04 23:36:16 | INFO | src.tmc_shapley_islands | [Shapley] Target island: 14 (Southern 4), source islands: 15
2026-03-04 23:36:17 | INFO | src.tmc_shapley_islands | Data: source=5147 (across 15 islands), cal=80, test=336
2026-03-04 23:36:17 | INFO | src.tmc_shapley_islands | SNP selection: using fixed precomputed subset (n=20000)
2026-03-04 23:36:17 | INFO | src.tmc_shapley_islands | Island counts (capped to None in training):
  Nesøy: n=118
  Myken: n=92
  Træna: n=286
  Selvær: n=191
  Gjerøy: n=553
  Hestmannøy: n=1055
  Indre Kvarøy: n=349
  Onøy og Lurøy: n=256
  Lovund: n=151
  Sleneset: n=160
  Aldra: n=173
  Southern 1: n=581
  Southern 2: n=397
  Southern 3: n=583
  Southern 5: n=202
2026-03-04 23:36:17 | INFO | src.tmc_shapley_islands | Loaded 927 cached utilities from outputs/tmc_shapley_sweep_all_traits/cache/wing/utility_cache_target_14_seed_842114296.json
2026-03-04 23:36:17 | INFO | src.tmc_shapley_islands | Running TMC-Shapley with 150 permutations (utility on cal set)...
2026-03-04 23:36:17 | INFO | src.tmc_shapley_islands | Computing V_full over all 15 source islands...
2026-03-04 23:36:17 | INFO | src.tmc_shapley_islands | V_full = 0.2040
2026-03-04 23:36:17 | INFO | src.tmc_shapley_islands | TMC head-start: loaded 80 completed permutations from state outputs/tmc_shapley_sweep_all_traits/cache/wing/tmc_perm_state_target_14_seed_842114296.json
2026-03-04 23:38:15 | INFO | src.tmc_shapley_islands | TMC progress: 90/150 permutations done, cache hit rate: 26.5%, n_evals: 111
2026-03-04 23:44:30 | INFO | src.tmc_shapley_islands | TMC progress: 120/150 permutations done, cache hit rate: 30.6%, n_evals: 417
2026-03-04 23:50:24 | INFO | src.tmc_shapley_islands | TMC progress: 150/150 permutations done, cache hit rate: 32.9%, n_evals: 705
2026-03-04 23:50:24 | INFO | src.tmc_shapley_islands | TMC complete: 150 permutations, 0 truncated, 705 utility evals, cache hit rate: 32.9%
2026-03-04 23:50:24 | INFO | src.tmc_shapley_islands | Shapley values (phi, computed on cal set):
2026-03-04 23:50:24 | INFO | src.tmc_shapley_islands |   Nesøy: phi=-0.018654, phi/n=-0.00015809
2026-03-04 23:50:24 | INFO | src.tmc_shapley_islands |   Myken: phi=0.007650, phi/n=0.00008316
2026-03-04 23:50:24 | INFO | src.tmc_shapley_islands |   Træna: phi=-0.019214, phi/n=-0.00006718
2026-03-04 23:50:24 | INFO | src.tmc_shapley_islands |   Selvær: phi=-0.031830, phi/n=-0.00016665
2026-03-04 23:50:24 | INFO | src.tmc_shapley_islands |   Gjerøy: phi=0.016627, phi/n=0.00003007
2026-03-04 23:50:24 | INFO | src.tmc_shapley_islands |   Hestmannøy: phi=0.196635, phi/n=0.00018638
2026-03-04 23:50:24 | INFO | src.tmc_shapley_islands |   Indre Kvarøy: phi=0.027489, phi/n=0.00007876
2026-03-04 23:50:24 | INFO | src.tmc_shapley_islands |   Onøy og Lurøy: phi=0.039491, phi/n=0.00015426
2026-03-04 23:50:24 | INFO | src.tmc_shapley_islands |   Lovund: phi=0.000987, phi/n=0.00000654
2026-03-04 23:50:24 | INFO | src.tmc_shapley_islands |   Sleneset: phi=0.023191, phi/n=0.00014495
2026-03-04 23:50:24 | INFO | src.tmc_shapley_islands |   Aldra: phi=0.000359, phi/n=0.00000208
2026-03-04 23:50:24 | INFO | src.tmc_shapley_islands |   Southern 1: phi=0.064783, phi/n=0.00011150
2026-03-04 23:50:24 | INFO | src.tmc_shapley_islands |   Southern 2: phi=0.028193, phi/n=0.00007102
2026-03-04 23:50:24 | INFO | src.tmc_shapley_islands |   Southern 3: phi=-0.051123, phi/n=-0.00008769
2026-03-04 23:50:24 | INFO | src.tmc_shapley_islands |   Southern 5: phi=-0.080546, phi/n=-0.00039874
2026-03-04 23:50:24 | INFO | src.tmc_shapley_islands | Curve retraining early stopping: enabled=True, patience=20
2026-03-04 23:50:24 | INFO | src.tmc_shapley_islands | Computing add-islands curve (evaluated on test set)...
2026-03-04 23:50:25 | INFO | src.tmc_shapley_islands | Add-curve (mean): 1 islands, n=1055 -> corr=0.0595
2026-03-04 23:50:25 | INFO | src.tmc_shapley_islands | Add-curve (mean): 2 islands, n=1311 -> corr=0.0702
2026-03-04 23:50:26 | INFO | src.tmc_shapley_islands | Add-curve (mean): 3 islands, n=1471 -> corr=0.0814
2026-03-04 23:50:27 | INFO | src.tmc_shapley_islands | Add-curve (mean): 4 islands, n=2052 -> corr=0.1276
2026-03-04 23:50:28 | INFO | src.tmc_shapley_islands | Add-curve (mean): 5 islands, n=2144 -> corr=0.1226
2026-03-04 23:50:30 | INFO | src.tmc_shapley_islands | Add-curve (mean): 6 islands, n=2493 -> corr=0.1062
2026-03-04 23:50:34 | INFO | src.tmc_shapley_islands | Add-curve (mean): 7 islands, n=2890 -> corr=0.1215
2026-03-04 23:50:39 | INFO | src.tmc_shapley_islands | Add-curve (mean): 8 islands, n=3443 -> corr=0.1023
2026-03-04 23:50:40 | INFO | src.tmc_shapley_islands | Add-curve (mean): 9 islands, n=3594 -> corr=0.1035
2026-03-04 23:50:42 | INFO | src.tmc_shapley_islands | Add-curve (mean): 10 islands, n=3767 -> corr=0.1120
2026-03-04 23:50:44 | INFO | src.tmc_shapley_islands | Add-curve (mean): 11 islands, n=4053 -> corr=0.1048
2026-03-04 23:50:46 | INFO | src.tmc_shapley_islands | Add-curve (mean): 12 islands, n=4636 -> corr=0.0861
2026-03-04 23:50:48 | INFO | src.tmc_shapley_islands | Add-curve (mean): 13 islands, n=4754 -> corr=0.0920
2026-03-04 23:50:50 | INFO | src.tmc_shapley_islands | Add-curve (mean): 14 islands, n=4945 -> corr=0.0829
2026-03-04 23:50:52 | INFO | src.tmc_shapley_islands | Add-curve (mean): 15 islands, n=5147 -> corr=0.1132
2026-03-04 23:51:11 | INFO | src.tmc_shapley_islands | Random individual add-curve (seed=0) complete
2026-03-04 23:51:36 | INFO | src.tmc_shapley_islands | Random individual add-curve (seed=1) complete
2026-03-04 23:52:02 | INFO | src.tmc_shapley_islands | Random individual add-curve (seed=2) complete
2026-03-04 23:52:26 | INFO | src.tmc_shapley_islands | Random individual add-curve (seed=3) complete
2026-03-04 23:52:51 | INFO | src.tmc_shapley_islands | Random individual add-curve (seed=4) complete
2026-03-04 23:52:51 | INFO | src.tmc_shapley_islands | Building mirrored remove-islands curve from add-islands curve...
2026-03-04 23:52:51 | INFO | src.tmc_shapley_islands | Saved Shapley values to outputs/tmc_shapley_sweep_all_traits/shards/shard_011/wing/tmp/shapley_island_values_target_14.csv
2026-03-04 23:52:51 | INFO | src.tmc_shapley_islands | Saved summary to outputs/tmc_shapley_sweep_all_traits/shards/shard_011/wing/tmp/tmc_summary_target_14.json
2026-03-04 23:52:51 | INFO | src.tmc_shapley_islands | Saved intermediate ranking trace to outputs/tmc_shapley_sweep_all_traits/shards/shard_011/wing/tmp/tmc_intermediate_rankings_target_14.csv
2026-03-04 23:52:51 | INFO | src.tmc_shapley_islands | Saved add-curve to outputs/tmc_shapley_sweep_all_traits/shards/shard_011/wing/tmp/add_curve_target_14.csv
2026-03-04 23:52:51 | INFO | src.tmc_shapley_islands | Saved remove-curve to outputs/tmc_shapley_sweep_all_traits/shards/shard_011/wing/tmp/remove_curve_target_14.csv
2026-03-04 23:52:51 | INFO | src.tmc_shapley_islands | Saved bar plot to outputs/tmc_shapley_sweep_all_traits/shards/shard_011/wing/tmp/shapley_bar_target_14.png
2026-03-04 23:52:52 | INFO | src.tmc_shapley_islands | Saved add-curve plot to outputs/tmc_shapley_sweep_all_traits/shards/shard_011/wing/tmp/add_curve_target_14.png
2026-03-04 23:52:52 | INFO | src.tmc_shapley_islands | Saved remove-curve plot to outputs/tmc_shapley_sweep_all_traits/shards/shard_011/wing/tmp/remove_curve_target_14.png
2026-03-04 23:52:52 | INFO | __main__ | Shard 11/30 trait=wing progress 71/75 | target=14 n_cal_samples=150 perm=10 repeat=3
2026-03-04 23:52:52 | INFO | src.tmc_shapley_islands | [Shapley] Target island: 14 (Southern 4), source islands: 15
2026-03-04 23:52:53 | INFO | src.tmc_shapley_islands | Data: source=5147 (across 15 islands), cal=150, test=336
2026-03-04 23:52:53 | INFO | src.tmc_shapley_islands | SNP selection: using fixed precomputed subset (n=20000)
2026-03-04 23:52:53 | INFO | src.tmc_shapley_islands | Island counts (capped to None in training):
  Nesøy: n=118
  Myken: n=92
  Træna: n=286
  Selvær: n=191
  Gjerøy: n=553
  Hestmannøy: n=1055
  Indre Kvarøy: n=349
  Onøy og Lurøy: n=256
  Lovund: n=151
  Sleneset: n=160
  Aldra: n=173
  Southern 1: n=581
  Southern 2: n=397
  Southern 3: n=583
  Southern 5: n=202
2026-03-04 23:52:53 | INFO | src.tmc_shapley_islands | Running TMC-Shapley with 10 permutations (utility on cal set)...
2026-03-04 23:52:53 | INFO | src.tmc_shapley_islands | Computing V_full over all 15 source islands...
2026-03-04 23:52:55 | INFO | src.tmc_shapley_islands | V_full = 0.1526
2026-03-04 23:53:22 | INFO | src.tmc_shapley_islands | TMC progress: 2/10 permutations done, cache hit rate: 9.7%, n_evals: 28
2026-03-04 23:53:51 | INFO | src.tmc_shapley_islands | TMC progress: 4/10 permutations done, cache hit rate: 8.2%, n_evals: 56
2026-03-04 23:54:26 | INFO | src.tmc_shapley_islands | TMC progress: 6/10 permutations done, cache hit rate: 7.7%, n_evals: 84
2026-03-04 23:54:51 | INFO | src.tmc_shapley_islands | TMC progress: 8/10 permutations done, cache hit rate: 9.1%, n_evals: 110
2026-03-04 23:55:40 | INFO | src.tmc_shapley_islands | TMC progress: 10/10 permutations done, cache hit rate: 9.3%, n_evals: 137
2026-03-04 23:55:40 | INFO | src.tmc_shapley_islands | TMC complete: 10 permutations, 0 truncated, 137 utility evals, cache hit rate: 9.3%
2026-03-04 23:55:40 | INFO | src.tmc_shapley_islands | Shapley values (phi, computed on cal set):
2026-03-04 23:55:40 | INFO | src.tmc_shapley_islands |   Nesøy: phi=0.002682, phi/n=0.00002273
2026-03-04 23:55:40 | INFO | src.tmc_shapley_islands |   Myken: phi=-0.036519, phi/n=-0.00039694
2026-03-04 23:55:40 | INFO | src.tmc_shapley_islands |   Træna: phi=-0.013846, phi/n=-0.00004841
2026-03-04 23:55:40 | INFO | src.tmc_shapley_islands |   Selvær: phi=-0.023676, phi/n=-0.00012396
2026-03-04 23:55:40 | INFO | src.tmc_shapley_islands |   Gjerøy: phi=-0.027951, phi/n=-0.00005055
2026-03-04 23:55:40 | INFO | src.tmc_shapley_islands |   Hestmannøy: phi=0.046299, phi/n=0.00004388
2026-03-04 23:55:40 | INFO | src.tmc_shapley_islands |   Indre Kvarøy: phi=-0.005779, phi/n=-0.00001656
2026-03-04 23:55:40 | INFO | src.tmc_shapley_islands |   Onøy og Lurøy: phi=0.030858, phi/n=0.00012054
2026-03-04 23:55:40 | INFO | src.tmc_shapley_islands |   Lovund: phi=0.024760, phi/n=0.00016397
2026-03-04 23:55:40 | INFO | src.tmc_shapley_islands |   Sleneset: phi=-0.004702, phi/n=-0.00002939
2026-03-04 23:55:40 | INFO | src.tmc_shapley_islands |   Aldra: phi=0.055194, phi/n=0.00031904
2026-03-04 23:55:40 | INFO | src.tmc_shapley_islands |   Southern 1: phi=0.100927, phi/n=0.00017371
2026-03-04 23:55:40 | INFO | src.tmc_shapley_islands |   Southern 2: phi=-0.015626, phi/n=-0.00003936
2026-03-04 23:55:40 | INFO | src.tmc_shapley_islands |   Southern 3: phi=0.024009, phi/n=0.00004118
2026-03-04 23:55:40 | INFO | src.tmc_shapley_islands |   Southern 5: phi=-0.003987, phi/n=-0.00001974
2026-03-04 23:55:40 | INFO | src.tmc_shapley_islands | Curve retraining early stopping: enabled=True, patience=20
2026-03-04 23:55:40 | INFO | src.tmc_shapley_islands | Computing add-islands curve (evaluated on test set)...
2026-03-04 23:55:40 | INFO | src.tmc_shapley_islands | Add-curve (mean): 1 islands, n=173 -> corr=-0.0239
2026-03-04 23:55:41 | INFO | src.tmc_shapley_islands | Add-curve (mean): 2 islands, n=754 -> corr=0.0650
2026-03-04 23:55:41 | INFO | src.tmc_shapley_islands | Add-curve (mean): 3 islands, n=905 -> corr=0.0559
2026-03-04 23:55:41 | INFO | src.tmc_shapley_islands | Add-curve (mean): 4 islands, n=1161 -> corr=0.0679
2026-03-04 23:55:42 | INFO | src.tmc_shapley_islands | Add-curve (mean): 5 islands, n=2216 -> corr=0.1297
2026-03-04 23:55:43 | INFO | src.tmc_shapley_islands | Add-curve (mean): 6 islands, n=2799 -> corr=0.0890
2026-03-04 23:55:47 | INFO | src.tmc_shapley_islands | Add-curve (mean): 7 islands, n=2917 -> corr=0.0970
2026-03-04 23:55:48 | INFO | src.tmc_shapley_islands | Add-curve (mean): 8 islands, n=3266 -> corr=0.0820
2026-03-04 23:55:50 | INFO | src.tmc_shapley_islands | Add-curve (mean): 9 islands, n=3468 -> corr=0.1307
2026-03-04 23:55:53 | INFO | src.tmc_shapley_islands | Add-curve (mean): 10 islands, n=3628 -> corr=0.1425
2026-03-04 23:55:56 | INFO | src.tmc_shapley_islands | Add-curve (mean): 11 islands, n=4025 -> corr=0.1742
2026-03-04 23:55:58 | INFO | src.tmc_shapley_islands | Add-curve (mean): 12 islands, n=4311 -> corr=0.1689
2026-03-04 23:56:00 | INFO | src.tmc_shapley_islands | Add-curve (mean): 13 islands, n=4864 -> corr=0.1495
2026-03-04 23:56:02 | INFO | src.tmc_shapley_islands | Add-curve (mean): 14 islands, n=5055 -> corr=0.1391
2026-03-04 23:56:04 | INFO | src.tmc_shapley_islands | Add-curve (mean): 15 islands, n=5147 -> corr=0.1376
2026-03-04 23:56:24 | INFO | src.tmc_shapley_islands | Random individual add-curve (seed=0) complete
2026-03-04 23:56:41 | INFO | src.tmc_shapley_islands | Random individual add-curve (seed=1) complete
2026-03-04 23:56:55 | INFO | src.tmc_shapley_islands | Random individual add-curve (seed=2) complete
2026-03-04 23:57:11 | INFO | src.tmc_shapley_islands | Random individual add-curve (seed=3) complete
2026-03-04 23:57:29 | INFO | src.tmc_shapley_islands | Random individual add-curve (seed=4) complete
2026-03-04 23:57:29 | INFO | src.tmc_shapley_islands | Building mirrored remove-islands curve from add-islands curve...
2026-03-04 23:57:30 | INFO | src.tmc_shapley_islands | Saved Shapley values to outputs/tmc_shapley_sweep_all_traits/shards/shard_011/wing/tmp/shapley_island_values_target_14.csv
2026-03-04 23:57:30 | INFO | src.tmc_shapley_islands | Saved summary to outputs/tmc_shapley_sweep_all_traits/shards/shard_011/wing/tmp/tmc_summary_target_14.json
2026-03-04 23:57:30 | INFO | src.tmc_shapley_islands | Saved intermediate ranking trace to outputs/tmc_shapley_sweep_all_traits/shards/shard_011/wing/tmp/tmc_intermediate_rankings_target_14.csv
2026-03-04 23:57:30 | INFO | src.tmc_shapley_islands | Saved add-curve to outputs/tmc_shapley_sweep_all_traits/shards/shard_011/wing/tmp/add_curve_target_14.csv
2026-03-04 23:57:30 | INFO | src.tmc_shapley_islands | Saved remove-curve to outputs/tmc_shapley_sweep_all_traits/shards/shard_011/wing/tmp/remove_curve_target_14.csv
2026-03-04 23:57:30 | INFO | src.tmc_shapley_islands | Saved bar plot to outputs/tmc_shapley_sweep_all_traits/shards/shard_011/wing/tmp/shapley_bar_target_14.png
2026-03-04 23:57:30 | INFO | src.tmc_shapley_islands | Saved add-curve plot to outputs/tmc_shapley_sweep_all_traits/shards/shard_011/wing/tmp/add_curve_target_14.png
2026-03-04 23:57:31 | INFO | src.tmc_shapley_islands | Saved remove-curve plot to outputs/tmc_shapley_sweep_all_traits/shards/shard_011/wing/tmp/remove_curve_target_14.png
2026-03-04 23:57:31 | INFO | __main__ | Shard 11/30 trait=wing progress 72/75 | target=14 n_cal_samples=150 perm=20 repeat=3
2026-03-04 23:57:31 | INFO | src.tmc_shapley_islands | [Shapley] Target island: 14 (Southern 4), source islands: 15
2026-03-04 23:57:32 | INFO | src.tmc_shapley_islands | Data: source=5147 (across 15 islands), cal=150, test=336
2026-03-04 23:57:32 | INFO | src.tmc_shapley_islands | SNP selection: using fixed precomputed subset (n=20000)
2026-03-04 23:57:32 | INFO | src.tmc_shapley_islands | Island counts (capped to None in training):
  Nesøy: n=118
  Myken: n=92
  Træna: n=286
  Selvær: n=191
  Gjerøy: n=553
  Hestmannøy: n=1055
  Indre Kvarøy: n=349
  Onøy og Lurøy: n=256
  Lovund: n=151
  Sleneset: n=160
  Aldra: n=173
  Southern 1: n=581
  Southern 2: n=397
  Southern 3: n=583
  Southern 5: n=202
2026-03-04 23:57:32 | INFO | src.tmc_shapley_islands | Loaded 137 cached utilities from outputs/tmc_shapley_sweep_all_traits/cache/wing/utility_cache_target_14_seed_940857554.json
2026-03-04 23:57:32 | INFO | src.tmc_shapley_islands | Running TMC-Shapley with 20 permutations (utility on cal set)...
2026-03-04 23:57:32 | INFO | src.tmc_shapley_islands | Computing V_full over all 15 source islands...
2026-03-04 23:57:32 | INFO | src.tmc_shapley_islands | V_full = 0.1526
2026-03-04 23:57:32 | INFO | src.tmc_shapley_islands | TMC head-start: loaded 10 completed permutations from state outputs/tmc_shapley_sweep_all_traits/cache/wing/tmc_perm_state_target_14_seed_940857554.json
2026-03-04 23:57:58 | INFO | src.tmc_shapley_islands | TMC progress: 12/20 permutations done, cache hit rate: 22.6%, n_evals: 24
2026-03-04 23:59:12 | INFO | src.tmc_shapley_islands | TMC progress: 16/20 permutations done, cache hit rate: 18.7%, n_evals: 74
2026-03-05 00:00:21 | INFO | src.tmc_shapley_islands | TMC progress: 20/20 permutations done, cache hit rate: 17.9%, n_evals: 124
2026-03-05 00:00:21 | INFO | src.tmc_shapley_islands | TMC complete: 20 permutations, 0 truncated, 124 utility evals, cache hit rate: 17.9%
2026-03-05 00:00:21 | INFO | src.tmc_shapley_islands | Shapley values (phi, computed on cal set):
2026-03-05 00:00:21 | INFO | src.tmc_shapley_islands |   Nesøy: phi=0.001293, phi/n=0.00001096
2026-03-05 00:00:21 | INFO | src.tmc_shapley_islands |   Myken: phi=-0.024372, phi/n=-0.00026491
2026-03-05 00:00:21 | INFO | src.tmc_shapley_islands |   Træna: phi=-0.017517, phi/n=-0.00006125
2026-03-05 00:00:21 | INFO | src.tmc_shapley_islands |   Selvær: phi=-0.019032, phi/n=-0.00009964
2026-03-05 00:00:21 | INFO | src.tmc_shapley_islands |   Gjerøy: phi=-0.030995, phi/n=-0.00005605
2026-03-05 00:00:21 | INFO | src.tmc_shapley_islands |   Hestmannøy: phi=0.048846, phi/n=0.00004630
2026-03-05 00:00:21 | INFO | src.tmc_shapley_islands |   Indre Kvarøy: phi=-0.006898, phi/n=-0.00001976
2026-03-05 00:00:21 | INFO | src.tmc_shapley_islands |   Onøy og Lurøy: phi=0.035195, phi/n=0.00013748
2026-03-05 00:00:21 | INFO | src.tmc_shapley_islands |   Lovund: phi=0.020379, phi/n=0.00013496
2026-03-05 00:00:21 | INFO | src.tmc_shapley_islands |   Sleneset: phi=-0.001483, phi/n=-0.00000927
2026-03-05 00:00:21 | INFO | src.tmc_shapley_islands |   Aldra: phi=0.050033, phi/n=0.00028921
2026-03-05 00:00:21 | INFO | src.tmc_shapley_islands |   Southern 1: phi=0.099894, phi/n=0.00017194
2026-03-05 00:00:21 | INFO | src.tmc_shapley_islands |   Southern 2: phi=-0.022227, phi/n=-0.00005599
2026-03-05 00:00:21 | INFO | src.tmc_shapley_islands |   Southern 3: phi=0.018013, phi/n=0.00003090
2026-03-05 00:00:21 | INFO | src.tmc_shapley_islands |   Southern 5: phi=0.001512, phi/n=0.00000749
2026-03-05 00:00:21 | INFO | src.tmc_shapley_islands | Curve retraining early stopping: enabled=True, patience=20
2026-03-05 00:00:21 | INFO | src.tmc_shapley_islands | Computing add-islands curve (evaluated on test set)...
2026-03-05 00:00:21 | INFO | src.tmc_shapley_islands | Add-curve (mean): 1 islands, n=173 -> corr=-0.0239
2026-03-05 00:00:22 | INFO | src.tmc_shapley_islands | Add-curve (mean): 2 islands, n=754 -> corr=0.0650
2026-03-05 00:00:22 | INFO | src.tmc_shapley_islands | Add-curve (mean): 3 islands, n=1010 -> corr=0.0758
2026-03-05 00:00:23 | INFO | src.tmc_shapley_islands | Add-curve (mean): 4 islands, n=1161 -> corr=0.0679
2026-03-05 00:00:25 | INFO | src.tmc_shapley_islands | Add-curve (mean): 5 islands, n=2216 -> corr=0.1297
2026-03-05 00:00:26 | INFO | src.tmc_shapley_islands | Add-curve (mean): 6 islands, n=2799 -> corr=0.0890
2026-03-05 00:00:27 | INFO | src.tmc_shapley_islands | Add-curve (mean): 7 islands, n=2917 -> corr=0.0970
2026-03-05 00:00:28 | INFO | src.tmc_shapley_islands | Add-curve (mean): 8 islands, n=3119 -> corr=0.1447
2026-03-05 00:00:30 | INFO | src.tmc_shapley_islands | Add-curve (mean): 9 islands, n=3279 -> corr=0.1569
2026-03-05 00:00:31 | INFO | src.tmc_shapley_islands | Add-curve (mean): 10 islands, n=3628 -> corr=0.1425
2026-03-05 00:00:33 | INFO | src.tmc_shapley_islands | Add-curve (mean): 11 islands, n=4025 -> corr=0.1742
2026-03-05 00:00:34 | INFO | src.tmc_shapley_islands | Add-curve (mean): 12 islands, n=4578 -> corr=0.1545
2026-03-05 00:00:36 | INFO | src.tmc_shapley_islands | Add-curve (mean): 13 islands, n=4864 -> corr=0.1495
2026-03-05 00:00:38 | INFO | src.tmc_shapley_islands | Add-curve (mean): 14 islands, n=5055 -> corr=0.1391
2026-03-05 00:00:40 | INFO | src.tmc_shapley_islands | Add-curve (mean): 15 islands, n=5147 -> corr=0.1376
2026-03-05 00:00:53 | INFO | src.tmc_shapley_islands | Random individual add-curve (seed=0) complete
2026-03-05 00:01:08 | INFO | src.tmc_shapley_islands | Random individual add-curve (seed=1) complete
2026-03-05 00:01:22 | INFO | src.tmc_shapley_islands | Random individual add-curve (seed=2) complete
2026-03-05 00:01:44 | INFO | src.tmc_shapley_islands | Random individual add-curve (seed=3) complete
2026-03-05 00:02:02 | INFO | src.tmc_shapley_islands | Random individual add-curve (seed=4) complete
2026-03-05 00:02:02 | INFO | src.tmc_shapley_islands | Building mirrored remove-islands curve from add-islands curve...
2026-03-05 00:02:02 | INFO | src.tmc_shapley_islands | Saved Shapley values to outputs/tmc_shapley_sweep_all_traits/shards/shard_011/wing/tmp/shapley_island_values_target_14.csv
2026-03-05 00:02:02 | INFO | src.tmc_shapley_islands | Saved summary to outputs/tmc_shapley_sweep_all_traits/shards/shard_011/wing/tmp/tmc_summary_target_14.json
2026-03-05 00:02:02 | INFO | src.tmc_shapley_islands | Saved intermediate ranking trace to outputs/tmc_shapley_sweep_all_traits/shards/shard_011/wing/tmp/tmc_intermediate_rankings_target_14.csv
2026-03-05 00:02:02 | INFO | src.tmc_shapley_islands | Saved add-curve to outputs/tmc_shapley_sweep_all_traits/shards/shard_011/wing/tmp/add_curve_target_14.csv
2026-03-05 00:02:02 | INFO | src.tmc_shapley_islands | Saved remove-curve to outputs/tmc_shapley_sweep_all_traits/shards/shard_011/wing/tmp/remove_curve_target_14.csv
2026-03-05 00:02:03 | INFO | src.tmc_shapley_islands | Saved bar plot to outputs/tmc_shapley_sweep_all_traits/shards/shard_011/wing/tmp/shapley_bar_target_14.png
2026-03-05 00:02:03 | INFO | src.tmc_shapley_islands | Saved add-curve plot to outputs/tmc_shapley_sweep_all_traits/shards/shard_011/wing/tmp/add_curve_target_14.png
2026-03-05 00:02:04 | INFO | src.tmc_shapley_islands | Saved remove-curve plot to outputs/tmc_shapley_sweep_all_traits/shards/shard_011/wing/tmp/remove_curve_target_14.png
2026-03-05 00:02:04 | INFO | __main__ | Shard 11/30 trait=wing progress 73/75 | target=14 n_cal_samples=150 perm=40 repeat=3
2026-03-05 00:02:04 | INFO | src.tmc_shapley_islands | [Shapley] Target island: 14 (Southern 4), source islands: 15
2026-03-05 00:02:05 | INFO | src.tmc_shapley_islands | Data: source=5147 (across 15 islands), cal=150, test=336
2026-03-05 00:02:05 | INFO | src.tmc_shapley_islands | SNP selection: using fixed precomputed subset (n=20000)
2026-03-05 00:02:05 | INFO | src.tmc_shapley_islands | Island counts (capped to None in training):
  Nesøy: n=118
  Myken: n=92
  Træna: n=286
  Selvær: n=191
  Gjerøy: n=553
  Hestmannøy: n=1055
  Indre Kvarøy: n=349
  Onøy og Lurøy: n=256
  Lovund: n=151
  Sleneset: n=160
  Aldra: n=173
  Southern 1: n=581
  Southern 2: n=397
  Southern 3: n=583
  Southern 5: n=202
2026-03-05 00:02:05 | INFO | src.tmc_shapley_islands | Loaded 261 cached utilities from outputs/tmc_shapley_sweep_all_traits/cache/wing/utility_cache_target_14_seed_940857554.json
2026-03-05 00:02:05 | INFO | src.tmc_shapley_islands | Running TMC-Shapley with 40 permutations (utility on cal set)...
2026-03-05 00:02:05 | INFO | src.tmc_shapley_islands | Computing V_full over all 15 source islands...
2026-03-05 00:02:05 | INFO | src.tmc_shapley_islands | V_full = 0.1526
2026-03-05 00:02:05 | INFO | src.tmc_shapley_islands | TMC head-start: loaded 20 completed permutations from state outputs/tmc_shapley_sweep_all_traits/cache/wing/tmc_perm_state_target_14_seed_940857554.json
2026-03-05 00:03:02 | INFO | src.tmc_shapley_islands | TMC progress: 24/40 permutations done, cache hit rate: 24.6%, n_evals: 46
2026-03-05 00:04:38 | INFO | src.tmc_shapley_islands | TMC progress: 32/40 permutations done, cache hit rate: 24.3%, n_evals: 137
2026-03-05 00:06:14 | INFO | src.tmc_shapley_islands | TMC progress: 40/40 permutations done, cache hit rate: 23.3%, n_evals: 231
2026-03-05 00:06:14 | INFO | src.tmc_shapley_islands | TMC complete: 40 permutations, 0 truncated, 231 utility evals, cache hit rate: 23.3%
2026-03-05 00:06:14 | INFO | src.tmc_shapley_islands | Shapley values (phi, computed on cal set):
2026-03-05 00:06:14 | INFO | src.tmc_shapley_islands |   Nesøy: phi=0.000983, phi/n=0.00000833
2026-03-05 00:06:14 | INFO | src.tmc_shapley_islands |   Myken: phi=-0.028717, phi/n=-0.00031214
2026-03-05 00:06:14 | INFO | src.tmc_shapley_islands |   Træna: phi=-0.016009, phi/n=-0.00005597
2026-03-05 00:06:14 | INFO | src.tmc_shapley_islands |   Selvær: phi=-0.018125, phi/n=-0.00009490
2026-03-05 00:06:14 | INFO | src.tmc_shapley_islands |   Gjerøy: phi=-0.030438, phi/n=-0.00005504
2026-03-05 00:06:14 | INFO | src.tmc_shapley_islands |   Hestmannøy: phi=0.040140, phi/n=0.00003805
2026-03-05 00:06:14 | INFO | src.tmc_shapley_islands |   Indre Kvarøy: phi=-0.007734, phi/n=-0.00002216
2026-03-05 00:06:14 | INFO | src.tmc_shapley_islands |   Onøy og Lurøy: phi=0.031077, phi/n=0.00012140
2026-03-05 00:06:14 | INFO | src.tmc_shapley_islands |   Lovund: phi=0.018244, phi/n=0.00012082
2026-03-05 00:06:14 | INFO | src.tmc_shapley_islands |   Sleneset: phi=-0.001243, phi/n=-0.00000777
2026-03-05 00:06:14 | INFO | src.tmc_shapley_islands |   Aldra: phi=0.047862, phi/n=0.00027666
2026-03-05 00:06:14 | INFO | src.tmc_shapley_islands |   Southern 1: phi=0.119357, phi/n=0.00020543
2026-03-05 00:06:14 | INFO | src.tmc_shapley_islands |   Southern 2: phi=-0.020269, phi/n=-0.00005106
2026-03-05 00:06:14 | INFO | src.tmc_shapley_islands |   Southern 3: phi=0.016818, phi/n=0.00002885
2026-03-05 00:06:14 | INFO | src.tmc_shapley_islands |   Southern 5: phi=0.000696, phi/n=0.00000345
2026-03-05 00:06:14 | INFO | src.tmc_shapley_islands | Curve retraining early stopping: enabled=True, patience=20
2026-03-05 00:06:14 | INFO | src.tmc_shapley_islands | Computing add-islands curve (evaluated on test set)...
2026-03-05 00:06:15 | INFO | src.tmc_shapley_islands | Add-curve (mean): 1 islands, n=173 -> corr=-0.0239
2026-03-05 00:06:15 | INFO | src.tmc_shapley_islands | Add-curve (mean): 2 islands, n=754 -> corr=0.0650
2026-03-05 00:06:15 | INFO | src.tmc_shapley_islands | Add-curve (mean): 3 islands, n=1010 -> corr=0.0758
2026-03-05 00:06:16 | INFO | src.tmc_shapley_islands | Add-curve (mean): 4 islands, n=1161 -> corr=0.0679
2026-03-05 00:06:16 | INFO | src.tmc_shapley_islands | Add-curve (mean): 5 islands, n=2216 -> corr=0.1297
2026-03-05 00:06:17 | INFO | src.tmc_shapley_islands | Add-curve (mean): 6 islands, n=2799 -> corr=0.0890
2026-03-05 00:06:21 | INFO | src.tmc_shapley_islands | Add-curve (mean): 7 islands, n=2917 -> corr=0.0970
2026-03-05 00:06:22 | INFO | src.tmc_shapley_islands | Add-curve (mean): 8 islands, n=3119 -> corr=0.1447
2026-03-05 00:06:23 | INFO | src.tmc_shapley_islands | Add-curve (mean): 9 islands, n=3279 -> corr=0.1569
2026-03-05 00:06:25 | INFO | src.tmc_shapley_islands | Add-curve (mean): 10 islands, n=3628 -> corr=0.1425
2026-03-05 00:06:26 | INFO | src.tmc_shapley_islands | Add-curve (mean): 11 islands, n=4025 -> corr=0.1742
2026-03-05 00:06:28 | INFO | src.tmc_shapley_islands | Add-curve (mean): 12 islands, n=4578 -> corr=0.1545
2026-03-05 00:06:30 | INFO | src.tmc_shapley_islands | Add-curve (mean): 13 islands, n=4864 -> corr=0.1495
2026-03-05 00:06:32 | INFO | src.tmc_shapley_islands | Add-curve (mean): 14 islands, n=5055 -> corr=0.1391
2026-03-05 00:06:34 | INFO | src.tmc_shapley_islands | Add-curve (mean): 15 islands, n=5147 -> corr=0.1376
2026-03-05 00:06:48 | INFO | src.tmc_shapley_islands | Random individual add-curve (seed=0) complete
2026-03-05 00:07:05 | INFO | src.tmc_shapley_islands | Random individual add-curve (seed=1) complete
2026-03-05 00:07:19 | INFO | src.tmc_shapley_islands | Random individual add-curve (seed=2) complete
2026-03-05 00:07:37 | INFO | src.tmc_shapley_islands | Random individual add-curve (seed=3) complete
2026-03-05 00:07:55 | INFO | src.tmc_shapley_islands | Random individual add-curve (seed=4) complete
2026-03-05 00:07:55 | INFO | src.tmc_shapley_islands | Building mirrored remove-islands curve from add-islands curve...
2026-03-05 00:07:55 | INFO | src.tmc_shapley_islands | Saved Shapley values to outputs/tmc_shapley_sweep_all_traits/shards/shard_011/wing/tmp/shapley_island_values_target_14.csv
2026-03-05 00:07:55 | INFO | src.tmc_shapley_islands | Saved summary to outputs/tmc_shapley_sweep_all_traits/shards/shard_011/wing/tmp/tmc_summary_target_14.json
2026-03-05 00:07:55 | INFO | src.tmc_shapley_islands | Saved intermediate ranking trace to outputs/tmc_shapley_sweep_all_traits/shards/shard_011/wing/tmp/tmc_intermediate_rankings_target_14.csv
2026-03-05 00:07:55 | INFO | src.tmc_shapley_islands | Saved add-curve to outputs/tmc_shapley_sweep_all_traits/shards/shard_011/wing/tmp/add_curve_target_14.csv
2026-03-05 00:07:55 | INFO | src.tmc_shapley_islands | Saved remove-curve to outputs/tmc_shapley_sweep_all_traits/shards/shard_011/wing/tmp/remove_curve_target_14.csv
2026-03-05 00:07:55 | INFO | src.tmc_shapley_islands | Saved bar plot to outputs/tmc_shapley_sweep_all_traits/shards/shard_011/wing/tmp/shapley_bar_target_14.png
2026-03-05 00:07:55 | INFO | src.tmc_shapley_islands | Saved add-curve plot to outputs/tmc_shapley_sweep_all_traits/shards/shard_011/wing/tmp/add_curve_target_14.png
2026-03-05 00:07:56 | INFO | src.tmc_shapley_islands | Saved remove-curve plot to outputs/tmc_shapley_sweep_all_traits/shards/shard_011/wing/tmp/remove_curve_target_14.png
2026-03-05 00:07:56 | INFO | __main__ | Shard 11/30 trait=wing progress 74/75 | target=14 n_cal_samples=150 perm=80 repeat=3
2026-03-05 00:07:56 | INFO | src.tmc_shapley_islands | [Shapley] Target island: 14 (Southern 4), source islands: 15
2026-03-05 00:07:56 | INFO | src.tmc_shapley_islands | Data: source=5147 (across 15 islands), cal=150, test=336
2026-03-05 00:07:56 | INFO | src.tmc_shapley_islands | SNP selection: using fixed precomputed subset (n=20000)
2026-03-05 00:07:56 | INFO | src.tmc_shapley_islands | Island counts (capped to None in training):
  Nesøy: n=118
  Myken: n=92
  Træna: n=286
  Selvær: n=191
  Gjerøy: n=553
  Hestmannøy: n=1055
  Indre Kvarøy: n=349
  Onøy og Lurøy: n=256
  Lovund: n=151
  Sleneset: n=160
  Aldra: n=173
  Southern 1: n=581
  Southern 2: n=397
  Southern 3: n=583
  Southern 5: n=202
2026-03-05 00:07:57 | INFO | src.tmc_shapley_islands | Loaded 492 cached utilities from outputs/tmc_shapley_sweep_all_traits/cache/wing/utility_cache_target_14_seed_940857554.json
2026-03-05 00:07:57 | INFO | src.tmc_shapley_islands | Running TMC-Shapley with 80 permutations (utility on cal set)...
2026-03-05 00:07:57 | INFO | src.tmc_shapley_islands | Computing V_full over all 15 source islands...
2026-03-05 00:07:57 | INFO | src.tmc_shapley_islands | V_full = 0.1526
2026-03-05 00:07:57 | INFO | src.tmc_shapley_islands | TMC head-start: loaded 40 completed permutations from state outputs/tmc_shapley_sweep_all_traits/cache/wing/tmc_perm_state_target_14_seed_940857554.json
2026-03-05 00:10:04 | INFO | src.tmc_shapley_islands | TMC progress: 48/80 permutations done, cache hit rate: 24.8%, n_evals: 91
2026-03-05 00:13:26 | INFO | src.tmc_shapley_islands | TMC progress: 64/80 permutations done, cache hit rate: 25.5%, n_evals: 269
2026-03-05 00:16:44 | INFO | src.tmc_shapley_islands | TMC progress: 80/80 permutations done, cache hit rate: 26.8%, n_evals: 440
2026-03-05 00:16:44 | INFO | src.tmc_shapley_islands | TMC complete: 80 permutations, 0 truncated, 440 utility evals, cache hit rate: 26.8%
2026-03-05 00:16:44 | INFO | src.tmc_shapley_islands | Shapley values (phi, computed on cal set):
2026-03-05 00:16:44 | INFO | src.tmc_shapley_islands |   Nesøy: phi=0.000621, phi/n=0.00000527
2026-03-05 00:16:44 | INFO | src.tmc_shapley_islands |   Myken: phi=-0.024312, phi/n=-0.00026426
2026-03-05 00:16:44 | INFO | src.tmc_shapley_islands |   Træna: phi=-0.017465, phi/n=-0.00006107
2026-03-05 00:16:44 | INFO | src.tmc_shapley_islands |   Selvær: phi=-0.015790, phi/n=-0.00008267
2026-03-05 00:16:44 | INFO | src.tmc_shapley_islands |   Gjerøy: phi=-0.029785, phi/n=-0.00005386
2026-03-05 00:16:44 | INFO | src.tmc_shapley_islands |   Hestmannøy: phi=0.042924, phi/n=0.00004069
2026-03-05 00:16:44 | INFO | src.tmc_shapley_islands |   Indre Kvarøy: phi=-0.006537, phi/n=-0.00001873
2026-03-05 00:16:44 | INFO | src.tmc_shapley_islands |   Onøy og Lurøy: phi=0.031424, phi/n=0.00012275
2026-03-05 00:16:44 | INFO | src.tmc_shapley_islands |   Lovund: phi=0.019564, phi/n=0.00012956
2026-03-05 00:16:44 | INFO | src.tmc_shapley_islands |   Sleneset: phi=-0.001037, phi/n=-0.00000648
2026-03-05 00:16:44 | INFO | src.tmc_shapley_islands |   Aldra: phi=0.045315, phi/n=0.00026194
2026-03-05 00:16:44 | INFO | src.tmc_shapley_islands |   Southern 1: phi=0.113889, phi/n=0.00019602
2026-03-05 00:16:44 | INFO | src.tmc_shapley_islands |   Southern 2: phi=-0.023692, phi/n=-0.00005968
2026-03-05 00:16:44 | INFO | src.tmc_shapley_islands |   Southern 3: phi=0.018990, phi/n=0.00003257
2026-03-05 00:16:44 | INFO | src.tmc_shapley_islands |   Southern 5: phi=-0.001468, phi/n=-0.00000727
2026-03-05 00:16:44 | INFO | src.tmc_shapley_islands | Curve retraining early stopping: enabled=True, patience=20
2026-03-05 00:16:44 | INFO | src.tmc_shapley_islands | Computing add-islands curve (evaluated on test set)...
2026-03-05 00:16:44 | INFO | src.tmc_shapley_islands | Add-curve (mean): 1 islands, n=173 -> corr=-0.0239
2026-03-05 00:16:44 | INFO | src.tmc_shapley_islands | Add-curve (mean): 2 islands, n=754 -> corr=0.0650
2026-03-05 00:16:45 | INFO | src.tmc_shapley_islands | Add-curve (mean): 3 islands, n=905 -> corr=0.0559
2026-03-05 00:16:45 | INFO | src.tmc_shapley_islands | Add-curve (mean): 4 islands, n=1161 -> corr=0.0679
2026-03-05 00:16:46 | INFO | src.tmc_shapley_islands | Add-curve (mean): 5 islands, n=2216 -> corr=0.1297
2026-03-05 00:16:47 | INFO | src.tmc_shapley_islands | Add-curve (mean): 6 islands, n=2799 -> corr=0.0890
2026-03-05 00:16:48 | INFO | src.tmc_shapley_islands | Add-curve (mean): 7 islands, n=2917 -> corr=0.0970
2026-03-05 00:16:50 | INFO | src.tmc_shapley_islands | Add-curve (mean): 8 islands, n=3077 -> corr=0.1094
2026-03-05 00:16:51 | INFO | src.tmc_shapley_islands | Add-curve (mean): 9 islands, n=3279 -> corr=0.1569
2026-03-05 00:16:52 | INFO | src.tmc_shapley_islands | Add-curve (mean): 10 islands, n=3628 -> corr=0.1425
2026-03-05 00:16:54 | INFO | src.tmc_shapley_islands | Add-curve (mean): 11 islands, n=4181 -> corr=0.1232
2026-03-05 00:16:55 | INFO | src.tmc_shapley_islands | Add-curve (mean): 12 islands, n=4578 -> corr=0.1545
2026-03-05 00:16:57 | INFO | src.tmc_shapley_islands | Add-curve (mean): 13 islands, n=4864 -> corr=0.1495
2026-03-05 00:16:59 | INFO | src.tmc_shapley_islands | Add-curve (mean): 14 islands, n=5055 -> corr=0.1391
2026-03-05 00:17:02 | INFO | src.tmc_shapley_islands | Add-curve (mean): 15 islands, n=5147 -> corr=0.1376
2026-03-05 00:17:20 | INFO | src.tmc_shapley_islands | Random individual add-curve (seed=0) complete
2026-03-05 00:17:35 | INFO | src.tmc_shapley_islands | Random individual add-curve (seed=1) complete
2026-03-05 00:17:49 | INFO | src.tmc_shapley_islands | Random individual add-curve (seed=2) complete
2026-03-05 00:18:04 | INFO | src.tmc_shapley_islands | Random individual add-curve (seed=3) complete
2026-03-05 00:18:19 | INFO | src.tmc_shapley_islands | Random individual add-curve (seed=4) complete
2026-03-05 00:18:19 | INFO | src.tmc_shapley_islands | Building mirrored remove-islands curve from add-islands curve...
2026-03-05 00:18:19 | INFO | src.tmc_shapley_islands | Saved Shapley values to outputs/tmc_shapley_sweep_all_traits/shards/shard_011/wing/tmp/shapley_island_values_target_14.csv
2026-03-05 00:18:19 | INFO | src.tmc_shapley_islands | Saved summary to outputs/tmc_shapley_sweep_all_traits/shards/shard_011/wing/tmp/tmc_summary_target_14.json
2026-03-05 00:18:19 | INFO | src.tmc_shapley_islands | Saved intermediate ranking trace to outputs/tmc_shapley_sweep_all_traits/shards/shard_011/wing/tmp/tmc_intermediate_rankings_target_14.csv
2026-03-05 00:18:19 | INFO | src.tmc_shapley_islands | Saved add-curve to outputs/tmc_shapley_sweep_all_traits/shards/shard_011/wing/tmp/add_curve_target_14.csv
2026-03-05 00:18:19 | INFO | src.tmc_shapley_islands | Saved remove-curve to outputs/tmc_shapley_sweep_all_traits/shards/shard_011/wing/tmp/remove_curve_target_14.csv
2026-03-05 00:18:19 | INFO | src.tmc_shapley_islands | Saved bar plot to outputs/tmc_shapley_sweep_all_traits/shards/shard_011/wing/tmp/shapley_bar_target_14.png
2026-03-05 00:18:20 | INFO | src.tmc_shapley_islands | Saved add-curve plot to outputs/tmc_shapley_sweep_all_traits/shards/shard_011/wing/tmp/add_curve_target_14.png
2026-03-05 00:18:20 | INFO | src.tmc_shapley_islands | Saved remove-curve plot to outputs/tmc_shapley_sweep_all_traits/shards/shard_011/wing/tmp/remove_curve_target_14.png
2026-03-05 00:18:20 | INFO | __main__ | Shard 11/30 trait=wing progress 75/75 | target=14 n_cal_samples=150 perm=150 repeat=3
2026-03-05 00:18:20 | INFO | src.tmc_shapley_islands | [Shapley] Target island: 14 (Southern 4), source islands: 15
2026-03-05 00:18:21 | INFO | src.tmc_shapley_islands | Data: source=5147 (across 15 islands), cal=150, test=336
2026-03-05 00:18:21 | INFO | src.tmc_shapley_islands | SNP selection: using fixed precomputed subset (n=20000)
2026-03-05 00:18:21 | INFO | src.tmc_shapley_islands | Island counts (capped to None in training):
  Nesøy: n=118
  Myken: n=92
  Træna: n=286
  Selvær: n=191
  Gjerøy: n=553
  Hestmannøy: n=1055
  Indre Kvarøy: n=349
  Onøy og Lurøy: n=256
  Lovund: n=151
  Sleneset: n=160
  Aldra: n=173
  Southern 1: n=581
  Southern 2: n=397
  Southern 3: n=583
  Southern 5: n=202
2026-03-05 00:18:21 | INFO | src.tmc_shapley_islands | Loaded 932 cached utilities from outputs/tmc_shapley_sweep_all_traits/cache/wing/utility_cache_target_14_seed_940857554.json
2026-03-05 00:18:21 | INFO | src.tmc_shapley_islands | Running TMC-Shapley with 150 permutations (utility on cal set)...
2026-03-05 00:18:21 | INFO | src.tmc_shapley_islands | Computing V_full over all 15 source islands...
2026-03-05 00:18:21 | INFO | src.tmc_shapley_islands | V_full = 0.1526
2026-03-05 00:18:21 | INFO | src.tmc_shapley_islands | TMC head-start: loaded 80 completed permutations from state outputs/tmc_shapley_sweep_all_traits/cache/wing/tmc_perm_state_target_14_seed_940857554.json
2026-03-05 00:20:33 | INFO | src.tmc_shapley_islands | TMC progress: 90/150 permutations done, cache hit rate: 32.5%, n_evals: 102
2026-03-05 00:26:34 | INFO | src.tmc_shapley_islands | TMC progress: 120/150 permutations done, cache hit rate: 31.8%, n_evals: 410
2026-03-05 00:32:01 | INFO | src.tmc_shapley_islands | TMC progress: 150/150 permutations done, cache hit rate: 33.6%, n_evals: 698
2026-03-05 00:32:01 | INFO | src.tmc_shapley_islands | TMC complete: 150 permutations, 0 truncated, 698 utility evals, cache hit rate: 33.6%
2026-03-05 00:32:01 | INFO | src.tmc_shapley_islands | Shapley values (phi, computed on cal set):
2026-03-05 00:32:01 | INFO | src.tmc_shapley_islands |   Nesøy: phi=-0.000040, phi/n=-0.00000034
2026-03-05 00:32:01 | INFO | src.tmc_shapley_islands |   Myken: phi=-0.023492, phi/n=-0.00025535
2026-03-05 00:32:01 | INFO | src.tmc_shapley_islands |   Træna: phi=-0.016019, phi/n=-0.00005601
2026-03-05 00:32:01 | INFO | src.tmc_shapley_islands |   Selvær: phi=-0.016636, phi/n=-0.00008710
2026-03-05 00:32:01 | INFO | src.tmc_shapley_islands |   Gjerøy: phi=-0.030142, phi/n=-0.00005451
2026-03-05 00:32:01 | INFO | src.tmc_shapley_islands |   Hestmannøy: phi=0.041434, phi/n=0.00003927
2026-03-05 00:32:01 | INFO | src.tmc_shapley_islands |   Indre Kvarøy: phi=-0.006409, phi/n=-0.00001836
2026-03-05 00:32:01 | INFO | src.tmc_shapley_islands |   Onøy og Lurøy: phi=0.031670, phi/n=0.00012371
2026-03-05 00:32:01 | INFO | src.tmc_shapley_islands |   Lovund: phi=0.020586, phi/n=0.00013633
2026-03-05 00:32:01 | INFO | src.tmc_shapley_islands |   Sleneset: phi=-0.000982, phi/n=-0.00000614
2026-03-05 00:32:01 | INFO | src.tmc_shapley_islands |   Aldra: phi=0.046348, phi/n=0.00026791
2026-03-05 00:32:01 | INFO | src.tmc_shapley_islands |   Southern 1: phi=0.113667, phi/n=0.00019564
2026-03-05 00:32:01 | INFO | src.tmc_shapley_islands |   Southern 2: phi=-0.025597, phi/n=-0.00006448
2026-03-05 00:32:01 | INFO | src.tmc_shapley_islands |   Southern 3: phi=0.019851, phi/n=0.00003405
2026-03-05 00:32:01 | INFO | src.tmc_shapley_islands |   Southern 5: phi=-0.001597, phi/n=-0.00000791
2026-03-05 00:32:01 | INFO | src.tmc_shapley_islands | Curve retraining early stopping: enabled=True, patience=20
2026-03-05 00:32:01 | INFO | src.tmc_shapley_islands | Computing add-islands curve (evaluated on test set)...
2026-03-05 00:32:01 | INFO | src.tmc_shapley_islands | Add-curve (mean): 1 islands, n=173 -> corr=-0.0239
2026-03-05 00:32:01 | INFO | src.tmc_shapley_islands | Add-curve (mean): 2 islands, n=754 -> corr=0.0650
2026-03-05 00:32:02 | INFO | src.tmc_shapley_islands | Add-curve (mean): 3 islands, n=905 -> corr=0.0559
2026-03-05 00:32:02 | INFO | src.tmc_shapley_islands | Add-curve (mean): 4 islands, n=1161 -> corr=0.0679
2026-03-05 00:32:03 | INFO | src.tmc_shapley_islands | Add-curve (mean): 5 islands, n=2216 -> corr=0.1297
2026-03-05 00:32:04 | INFO | src.tmc_shapley_islands | Add-curve (mean): 6 islands, n=2799 -> corr=0.0890
2026-03-05 00:32:06 | INFO | src.tmc_shapley_islands | Add-curve (mean): 7 islands, n=2917 -> corr=0.0970
2026-03-05 00:32:07 | INFO | src.tmc_shapley_islands | Add-curve (mean): 8 islands, n=3077 -> corr=0.1094
2026-03-05 00:32:08 | INFO | src.tmc_shapley_islands | Add-curve (mean): 9 islands, n=3279 -> corr=0.1569
2026-03-05 00:32:10 | INFO | src.tmc_shapley_islands | Add-curve (mean): 10 islands, n=3628 -> corr=0.1425
2026-03-05 00:32:12 | INFO | src.tmc_shapley_islands | Add-curve (mean): 11 islands, n=4181 -> corr=0.1232
2026-03-05 00:32:14 | INFO | src.tmc_shapley_islands | Add-curve (mean): 12 islands, n=4467 -> corr=0.1190
2026-03-05 00:32:16 | INFO | src.tmc_shapley_islands | Add-curve (mean): 13 islands, n=4864 -> corr=0.1495
2026-03-05 00:32:18 | INFO | src.tmc_shapley_islands | Add-curve (mean): 14 islands, n=5055 -> corr=0.1391
2026-03-05 00:32:20 | INFO | src.tmc_shapley_islands | Add-curve (mean): 15 islands, n=5147 -> corr=0.1376
2026-03-05 00:32:33 | INFO | src.tmc_shapley_islands | Random individual add-curve (seed=0) complete
2026-03-05 00:32:49 | INFO | src.tmc_shapley_islands | Random individual add-curve (seed=1) complete
2026-03-05 00:33:04 | INFO | src.tmc_shapley_islands | Random individual add-curve (seed=2) complete
2026-03-05 00:33:18 | INFO | src.tmc_shapley_islands | Random individual add-curve (seed=3) complete
2026-03-05 00:33:35 | INFO | src.tmc_shapley_islands | Random individual add-curve (seed=4) complete
2026-03-05 00:33:35 | INFO | src.tmc_shapley_islands | Building mirrored remove-islands curve from add-islands curve...
2026-03-05 00:33:35 | INFO | src.tmc_shapley_islands | Saved Shapley values to outputs/tmc_shapley_sweep_all_traits/shards/shard_011/wing/tmp/shapley_island_values_target_14.csv
2026-03-05 00:33:35 | INFO | src.tmc_shapley_islands | Saved summary to outputs/tmc_shapley_sweep_all_traits/shards/shard_011/wing/tmp/tmc_summary_target_14.json
2026-03-05 00:33:35 | INFO | src.tmc_shapley_islands | Saved intermediate ranking trace to outputs/tmc_shapley_sweep_all_traits/shards/shard_011/wing/tmp/tmc_intermediate_rankings_target_14.csv
2026-03-05 00:33:35 | INFO | src.tmc_shapley_islands | Saved add-curve to outputs/tmc_shapley_sweep_all_traits/shards/shard_011/wing/tmp/add_curve_target_14.csv
2026-03-05 00:33:35 | INFO | src.tmc_shapley_islands | Saved remove-curve to outputs/tmc_shapley_sweep_all_traits/shards/shard_011/wing/tmp/remove_curve_target_14.csv
2026-03-05 00:33:36 | INFO | src.tmc_shapley_islands | Saved bar plot to outputs/tmc_shapley_sweep_all_traits/shards/shard_011/wing/tmp/shapley_bar_target_14.png
2026-03-05 00:33:36 | INFO | src.tmc_shapley_islands | Saved add-curve plot to outputs/tmc_shapley_sweep_all_traits/shards/shard_011/wing/tmp/add_curve_target_14.png
2026-03-05 00:33:37 | INFO | src.tmc_shapley_islands | Saved remove-curve plot to outputs/tmc_shapley_sweep_all_traits/shards/shard_011/wing/tmp/remove_curve_target_14.png
2026-03-05 00:33:37 | INFO | __main__ | Shard 11 complete. Output: outputs/tmc_shapley_sweep_all_traits/shards/shard_011
