2026-03-04 14:41:38 | INFO | __main__ | Trait-level sharding enabled: 30 shards = 10 repeats x 3 trait groups (1 traits per group).
2026-03-04 14:41:38 | INFO | __main__ | Using device: cpu
2026-03-04 14:41:38 | INFO | __main__ | Sharding mode: repeat+trait (num_shards=30, n_repeats=10, trait_multiplier=3). This shard handles repeats=[5], traits=['body_mass'].
2026-03-04 14:41:38 | INFO | __main__ | Loading data for trait 'body_mass'...
2026-03-04 14:41:38 | INFO | src.data | Loading data from NPZ: Data/npz/snp_body_mass_ALL.npz
2026-03-04 14:41:49 | INFO | __main__ | Trait 'body_mass': 5697 samples, 65344 SNPs, 16 islands
2026-03-04 14:41:49 | INFO | __main__ | Worker shard=15/30 trait=body_mass | repeats=[5] | perms=[10, 20, 40, 80, 150] | n_cal_samples=[10, 20, 40, 80, 150] | targets=[3, 5, 14]
2026-03-04 14:41:49 | INFO | __main__ | Shard 15/30 trait=body_mass progress 1/75 | target=3 n_cal_samples=10 perm=10 repeat=5
2026-03-04 14:41:49 | INFO | src.tmc_shapley_islands | [Shapley] Target island: 3 (Selvær), source islands: 15
2026-03-04 14:41:50 | INFO | src.tmc_shapley_islands | Data: source=5503 (across 15 islands), cal=10, test=44
2026-03-04 14:41:50 | INFO | src.tmc_shapley_islands | SNP selection: using fixed precomputed subset (n=20000)
2026-03-04 14:41:50 | INFO | src.tmc_shapley_islands | Island counts (capped to None in training):
  Nesøy: n=119
  Myken: n=92
  Træna: n=292
  Gjerøy: n=558
  Hestmannøy: n=1078
  Indre Kvarøy: n=356
  Onøy og Lurøy: n=259
  Lovund: n=158
  Sleneset: n=166
  Aldra: n=173
  Southern 1: n=583
  Southern 2: n=397
  Southern 3: n=584
  Southern 4: n=486
  Southern 5: n=202
2026-03-04 14:41:50 | INFO | src.tmc_shapley_islands | Running TMC-Shapley with 10 permutations (utility on cal set)...
2026-03-04 14:41:50 | INFO | src.tmc_shapley_islands | Computing V_full over all 15 source islands...
2026-03-04 14:41:53 | INFO | src.tmc_shapley_islands | V_full = 0.4073
2026-03-04 14:42:26 | INFO | src.tmc_shapley_islands | TMC progress: 2/10 permutations done, cache hit rate: 9.7%, n_evals: 28
2026-03-04 14:43:02 | INFO | src.tmc_shapley_islands | TMC progress: 4/10 permutations done, cache hit rate: 8.2%, n_evals: 56
2026-03-04 14:43:36 | INFO | src.tmc_shapley_islands | TMC progress: 6/10 permutations done, cache hit rate: 9.9%, n_evals: 82
2026-03-04 14:44:07 | INFO | src.tmc_shapley_islands | TMC progress: 8/10 permutations done, cache hit rate: 9.1%, n_evals: 110
2026-03-04 14:44:39 | INFO | src.tmc_shapley_islands | TMC progress: 10/10 permutations done, cache hit rate: 10.6%, n_evals: 135
2026-03-04 14:44:39 | INFO | src.tmc_shapley_islands | TMC complete: 10 permutations, 0 truncated, 135 utility evals, cache hit rate: 10.6%
2026-03-04 14:44:39 | INFO | src.tmc_shapley_islands | Shapley values (phi, computed on cal set):
2026-03-04 14:44:39 | INFO | src.tmc_shapley_islands |   Nesøy: phi=-0.107973, phi/n=-0.00090734
2026-03-04 14:44:39 | INFO | src.tmc_shapley_islands |   Myken: phi=-0.050131, phi/n=-0.00054490
2026-03-04 14:44:39 | INFO | src.tmc_shapley_islands |   Træna: phi=0.045161, phi/n=0.00015466
2026-03-04 14:44:39 | INFO | src.tmc_shapley_islands |   Gjerøy: phi=-0.079997, phi/n=-0.00014336
2026-03-04 14:44:39 | INFO | src.tmc_shapley_islands |   Hestmannøy: phi=-0.167429, phi/n=-0.00015531
2026-03-04 14:44:39 | INFO | src.tmc_shapley_islands |   Indre Kvarøy: phi=-0.062359, phi/n=-0.00017516
2026-03-04 14:44:39 | INFO | src.tmc_shapley_islands |   Onøy og Lurøy: phi=0.071226, phi/n=0.00027500
2026-03-04 14:44:39 | INFO | src.tmc_shapley_islands |   Lovund: phi=0.388179, phi/n=0.00245683
2026-03-04 14:44:39 | INFO | src.tmc_shapley_islands |   Sleneset: phi=0.281346, phi/n=0.00169486
2026-03-04 14:44:39 | INFO | src.tmc_shapley_islands |   Aldra: phi=0.015711, phi/n=0.00009081
2026-03-04 14:44:39 | INFO | src.tmc_shapley_islands |   Southern 1: phi=0.054042, phi/n=0.00009270
2026-03-04 14:44:39 | INFO | src.tmc_shapley_islands |   Southern 2: phi=-0.070388, phi/n=-0.00017730
2026-03-04 14:44:39 | INFO | src.tmc_shapley_islands |   Southern 3: phi=0.186497, phi/n=0.00031934
2026-03-04 14:44:39 | INFO | src.tmc_shapley_islands |   Southern 4: phi=-0.089027, phi/n=-0.00018318
2026-03-04 14:44:39 | INFO | src.tmc_shapley_islands |   Southern 5: phi=-0.007603, phi/n=-0.00003764
2026-03-04 14:44:39 | INFO | src.tmc_shapley_islands | Curve retraining early stopping: enabled=True, patience=20
2026-03-04 14:44:39 | INFO | src.tmc_shapley_islands | Computing add-islands curve (evaluated on test set)...
2026-03-04 14:44:39 | INFO | src.tmc_shapley_islands | Add-curve (mean): 1 islands, n=158 -> corr=0.3317
2026-03-04 14:44:39 | INFO | src.tmc_shapley_islands | Add-curve (mean): 2 islands, n=324 -> corr=0.3214
2026-03-04 14:44:40 | INFO | src.tmc_shapley_islands | Add-curve (mean): 3 islands, n=908 -> corr=0.2936
2026-03-04 14:44:40 | INFO | src.tmc_shapley_islands | Add-curve (mean): 4 islands, n=1167 -> corr=0.2350
2026-03-04 14:44:41 | INFO | src.tmc_shapley_islands | Add-curve (mean): 5 islands, n=1459 -> corr=0.2538
2026-03-04 14:44:42 | INFO | src.tmc_shapley_islands | Add-curve (mean): 6 islands, n=2042 -> corr=0.2660
2026-03-04 14:44:43 | INFO | src.tmc_shapley_islands | Add-curve (mean): 7 islands, n=2215 -> corr=0.2786
2026-03-04 14:44:44 | INFO | src.tmc_shapley_islands | Add-curve (mean): 8 islands, n=2417 -> corr=0.2800
2026-03-04 14:44:45 | INFO | src.tmc_shapley_islands | Add-curve (mean): 9 islands, n=2975 -> corr=0.1979
2026-03-04 14:44:47 | INFO | src.tmc_shapley_islands | Add-curve (mean): 10 islands, n=4053 -> corr=0.2950
2026-03-04 14:44:49 | INFO | src.tmc_shapley_islands | Add-curve (mean): 11 islands, n=4409 -> corr=0.3376
2026-03-04 14:44:51 | INFO | src.tmc_shapley_islands | Add-curve (mean): 12 islands, n=4806 -> corr=0.2845
2026-03-04 14:44:54 | INFO | src.tmc_shapley_islands | Add-curve (mean): 13 islands, n=5292 -> corr=0.2805
2026-03-04 14:44:57 | INFO | src.tmc_shapley_islands | Add-curve (mean): 14 islands, n=5384 -> corr=0.3205
2026-03-04 14:44:59 | INFO | src.tmc_shapley_islands | Add-curve (mean): 15 islands, n=5503 -> corr=0.3316
2026-03-04 14:45:13 | INFO | src.tmc_shapley_islands | Random individual add-curve (seed=0) complete
2026-03-04 14:45:27 | INFO | src.tmc_shapley_islands | Random individual add-curve (seed=1) complete
2026-03-04 14:45:41 | INFO | src.tmc_shapley_islands | Random individual add-curve (seed=2) complete
2026-03-04 14:45:55 | INFO | src.tmc_shapley_islands | Random individual add-curve (seed=3) complete
2026-03-04 14:46:09 | INFO | src.tmc_shapley_islands | Random individual add-curve (seed=4) complete
2026-03-04 14:46:09 | INFO | src.tmc_shapley_islands | Building mirrored remove-islands curve from add-islands curve...
2026-03-04 14:46:09 | INFO | src.tmc_shapley_islands | Saved Shapley values to outputs/tmc_shapley_sweep_all_traits/shards/shard_015/body_mass/tmp/shapley_island_values_target_3.csv
2026-03-04 14:46:09 | INFO | src.tmc_shapley_islands | Saved summary to outputs/tmc_shapley_sweep_all_traits/shards/shard_015/body_mass/tmp/tmc_summary_target_3.json
2026-03-04 14:46:09 | INFO | src.tmc_shapley_islands | Saved intermediate ranking trace to outputs/tmc_shapley_sweep_all_traits/shards/shard_015/body_mass/tmp/tmc_intermediate_rankings_target_3.csv
2026-03-04 14:46:09 | INFO | src.tmc_shapley_islands | Saved add-curve to outputs/tmc_shapley_sweep_all_traits/shards/shard_015/body_mass/tmp/add_curve_target_3.csv
2026-03-04 14:46:09 | INFO | src.tmc_shapley_islands | Saved remove-curve to outputs/tmc_shapley_sweep_all_traits/shards/shard_015/body_mass/tmp/remove_curve_target_3.csv
2026-03-04 14:46:10 | INFO | src.tmc_shapley_islands | Saved bar plot to outputs/tmc_shapley_sweep_all_traits/shards/shard_015/body_mass/tmp/shapley_bar_target_3.png
2026-03-04 14:46:11 | INFO | src.tmc_shapley_islands | Saved add-curve plot to outputs/tmc_shapley_sweep_all_traits/shards/shard_015/body_mass/tmp/add_curve_target_3.png
2026-03-04 14:46:12 | INFO | src.tmc_shapley_islands | Saved remove-curve plot to outputs/tmc_shapley_sweep_all_traits/shards/shard_015/body_mass/tmp/remove_curve_target_3.png
2026-03-04 14:46:12 | INFO | __main__ | Shard 15/30 trait=body_mass progress 2/75 | target=3 n_cal_samples=10 perm=20 repeat=5
2026-03-04 14:46:12 | INFO | src.tmc_shapley_islands | [Shapley] Target island: 3 (Selvær), source islands: 15
2026-03-04 14:46:12 | INFO | src.tmc_shapley_islands | Data: source=5503 (across 15 islands), cal=10, test=44
2026-03-04 14:46:12 | INFO | src.tmc_shapley_islands | SNP selection: using fixed precomputed subset (n=20000)
2026-03-04 14:46:12 | INFO | src.tmc_shapley_islands | Island counts (capped to None in training):
  Nesøy: n=119
  Myken: n=92
  Træna: n=292
  Gjerøy: n=558
  Hestmannøy: n=1078
  Indre Kvarøy: n=356
  Onøy og Lurøy: n=259
  Lovund: n=158
  Sleneset: n=166
  Aldra: n=173
  Southern 1: n=583
  Southern 2: n=397
  Southern 3: n=584
  Southern 4: n=486
  Southern 5: n=202
2026-03-04 14:46:12 | INFO | src.tmc_shapley_islands | Loaded 135 cached utilities from outputs/tmc_shapley_sweep_all_traits/cache/body_mass/utility_cache_target_3_seed_382347360.json
2026-03-04 14:46:12 | INFO | src.tmc_shapley_islands | Running TMC-Shapley with 20 permutations (utility on cal set)...
2026-03-04 14:46:12 | INFO | src.tmc_shapley_islands | Computing V_full over all 15 source islands...
2026-03-04 14:46:12 | INFO | src.tmc_shapley_islands | V_full = 0.4073
2026-03-04 14:46:12 | INFO | src.tmc_shapley_islands | TMC head-start: loaded 10 completed permutations from state outputs/tmc_shapley_sweep_all_traits/cache/body_mass/tmc_perm_state_target_3_seed_382347360.json
2026-03-04 14:46:44 | INFO | src.tmc_shapley_islands | TMC progress: 12/20 permutations done, cache hit rate: 19.4%, n_evals: 25
2026-03-04 14:47:47 | INFO | src.tmc_shapley_islands | TMC progress: 16/20 permutations done, cache hit rate: 15.4%, n_evals: 77
2026-03-04 14:48:47 | INFO | src.tmc_shapley_islands | TMC progress: 20/20 permutations done, cache hit rate: 16.6%, n_evals: 126
2026-03-04 14:48:47 | INFO | src.tmc_shapley_islands | TMC complete: 20 permutations, 0 truncated, 126 utility evals, cache hit rate: 16.6%
2026-03-04 14:48:47 | INFO | src.tmc_shapley_islands | Shapley values (phi, computed on cal set):
2026-03-04 14:48:47 | INFO | src.tmc_shapley_islands |   Nesøy: phi=-0.107974, phi/n=-0.00090735
2026-03-04 14:48:47 | INFO | src.tmc_shapley_islands |   Myken: phi=-0.035464, phi/n=-0.00038548
2026-03-04 14:48:47 | INFO | src.tmc_shapley_islands |   Træna: phi=0.042808, phi/n=0.00014660
2026-03-04 14:48:47 | INFO | src.tmc_shapley_islands |   Gjerøy: phi=-0.108760, phi/n=-0.00019491
2026-03-04 14:48:47 | INFO | src.tmc_shapley_islands |   Hestmannøy: phi=-0.191056, phi/n=-0.00017723
2026-03-04 14:48:47 | INFO | src.tmc_shapley_islands |   Indre Kvarøy: phi=-0.044493, phi/n=-0.00012498
2026-03-04 14:48:47 | INFO | src.tmc_shapley_islands |   Onøy og Lurøy: phi=0.063055, phi/n=0.00024346
2026-03-04 14:48:47 | INFO | src.tmc_shapley_islands |   Lovund: phi=0.416876, phi/n=0.00263845
2026-03-04 14:48:47 | INFO | src.tmc_shapley_islands |   Sleneset: phi=0.280961, phi/n=0.00169254
2026-03-04 14:48:47 | INFO | src.tmc_shapley_islands |   Aldra: phi=0.029889, phi/n=0.00017277
2026-03-04 14:48:47 | INFO | src.tmc_shapley_islands |   Southern 1: phi=0.041785, phi/n=0.00007167
2026-03-04 14:48:47 | INFO | src.tmc_shapley_islands |   Southern 2: phi=-0.088634, phi/n=-0.00022326
2026-03-04 14:48:47 | INFO | src.tmc_shapley_islands |   Southern 3: phi=0.214848, phi/n=0.00036789
2026-03-04 14:48:47 | INFO | src.tmc_shapley_islands |   Southern 4: phi=-0.095490, phi/n=-0.00019648
2026-03-04 14:48:47 | INFO | src.tmc_shapley_islands |   Southern 5: phi=-0.011097, phi/n=-0.00005494
2026-03-04 14:48:47 | INFO | src.tmc_shapley_islands | Curve retraining early stopping: enabled=True, patience=20
2026-03-04 14:48:47 | INFO | src.tmc_shapley_islands | Computing add-islands curve (evaluated on test set)...
2026-03-04 14:48:47 | INFO | src.tmc_shapley_islands | Add-curve (mean): 1 islands, n=158 -> corr=0.3317
2026-03-04 14:48:47 | INFO | src.tmc_shapley_islands | Add-curve (mean): 2 islands, n=324 -> corr=0.3214
2026-03-04 14:48:48 | INFO | src.tmc_shapley_islands | Add-curve (mean): 3 islands, n=908 -> corr=0.2936
2026-03-04 14:48:48 | INFO | src.tmc_shapley_islands | Add-curve (mean): 4 islands, n=1167 -> corr=0.2350
2026-03-04 14:48:49 | INFO | src.tmc_shapley_islands | Add-curve (mean): 5 islands, n=1340 -> corr=0.2403
2026-03-04 14:48:50 | INFO | src.tmc_shapley_islands | Add-curve (mean): 6 islands, n=1632 -> corr=0.2638
2026-03-04 14:48:51 | INFO | src.tmc_shapley_islands | Add-curve (mean): 7 islands, n=2215 -> corr=0.2786
2026-03-04 14:48:52 | INFO | src.tmc_shapley_islands | Add-curve (mean): 8 islands, n=2417 -> corr=0.2800
2026-03-04 14:48:53 | INFO | src.tmc_shapley_islands | Add-curve (mean): 9 islands, n=2773 -> corr=0.3310
2026-03-04 14:48:54 | INFO | src.tmc_shapley_islands | Add-curve (mean): 10 islands, n=3851 -> corr=0.3799
2026-03-04 14:48:56 | INFO | src.tmc_shapley_islands | Add-curve (mean): 11 islands, n=4409 -> corr=0.3376
2026-03-04 14:48:59 | INFO | src.tmc_shapley_islands | Add-curve (mean): 12 islands, n=4895 -> corr=0.3312
2026-03-04 14:49:01 | INFO | src.tmc_shapley_islands | Add-curve (mean): 13 islands, n=5292 -> corr=0.2805
2026-03-04 14:49:04 | INFO | src.tmc_shapley_islands | Add-curve (mean): 14 islands, n=5384 -> corr=0.3205
2026-03-04 14:49:07 | INFO | src.tmc_shapley_islands | Add-curve (mean): 15 islands, n=5503 -> corr=0.3316
2026-03-04 14:49:21 | INFO | src.tmc_shapley_islands | Random individual add-curve (seed=0) complete
2026-03-04 14:49:34 | INFO | src.tmc_shapley_islands | Random individual add-curve (seed=1) complete
2026-03-04 14:49:48 | INFO | src.tmc_shapley_islands | Random individual add-curve (seed=2) complete
2026-03-04 14:50:02 | INFO | src.tmc_shapley_islands | Random individual add-curve (seed=3) complete
2026-03-04 14:50:16 | INFO | src.tmc_shapley_islands | Random individual add-curve (seed=4) complete
2026-03-04 14:50:16 | INFO | src.tmc_shapley_islands | Building mirrored remove-islands curve from add-islands curve...
2026-03-04 14:50:16 | INFO | src.tmc_shapley_islands | Saved Shapley values to outputs/tmc_shapley_sweep_all_traits/shards/shard_015/body_mass/tmp/shapley_island_values_target_3.csv
2026-03-04 14:50:16 | INFO | src.tmc_shapley_islands | Saved summary to outputs/tmc_shapley_sweep_all_traits/shards/shard_015/body_mass/tmp/tmc_summary_target_3.json
2026-03-04 14:50:16 | INFO | src.tmc_shapley_islands | Saved intermediate ranking trace to outputs/tmc_shapley_sweep_all_traits/shards/shard_015/body_mass/tmp/tmc_intermediate_rankings_target_3.csv
2026-03-04 14:50:16 | INFO | src.tmc_shapley_islands | Saved add-curve to outputs/tmc_shapley_sweep_all_traits/shards/shard_015/body_mass/tmp/add_curve_target_3.csv
2026-03-04 14:50:16 | INFO | src.tmc_shapley_islands | Saved remove-curve to outputs/tmc_shapley_sweep_all_traits/shards/shard_015/body_mass/tmp/remove_curve_target_3.csv
2026-03-04 14:50:16 | INFO | src.tmc_shapley_islands | Saved bar plot to outputs/tmc_shapley_sweep_all_traits/shards/shard_015/body_mass/tmp/shapley_bar_target_3.png
2026-03-04 14:50:17 | INFO | src.tmc_shapley_islands | Saved add-curve plot to outputs/tmc_shapley_sweep_all_traits/shards/shard_015/body_mass/tmp/add_curve_target_3.png
2026-03-04 14:50:18 | INFO | src.tmc_shapley_islands | Saved remove-curve plot to outputs/tmc_shapley_sweep_all_traits/shards/shard_015/body_mass/tmp/remove_curve_target_3.png
2026-03-04 14:50:18 | INFO | __main__ | Shard 15/30 trait=body_mass progress 3/75 | target=3 n_cal_samples=10 perm=40 repeat=5
2026-03-04 14:50:18 | INFO | src.tmc_shapley_islands | [Shapley] Target island: 3 (Selvær), source islands: 15
2026-03-04 14:50:18 | INFO | src.tmc_shapley_islands | Data: source=5503 (across 15 islands), cal=10, test=44
2026-03-04 14:50:18 | INFO | src.tmc_shapley_islands | SNP selection: using fixed precomputed subset (n=20000)
2026-03-04 14:50:18 | INFO | src.tmc_shapley_islands | Island counts (capped to None in training):
  Nesøy: n=119
  Myken: n=92
  Træna: n=292
  Gjerøy: n=558
  Hestmannøy: n=1078
  Indre Kvarøy: n=356
  Onøy og Lurøy: n=259
  Lovund: n=158
  Sleneset: n=166
  Aldra: n=173
  Southern 1: n=583
  Southern 2: n=397
  Southern 3: n=584
  Southern 4: n=486
  Southern 5: n=202
2026-03-04 14:50:18 | INFO | src.tmc_shapley_islands | Loaded 261 cached utilities from outputs/tmc_shapley_sweep_all_traits/cache/body_mass/utility_cache_target_3_seed_382347360.json
2026-03-04 14:50:18 | INFO | src.tmc_shapley_islands | Running TMC-Shapley with 40 permutations (utility on cal set)...
2026-03-04 14:50:18 | INFO | src.tmc_shapley_islands | Computing V_full over all 15 source islands...
2026-03-04 14:50:18 | INFO | src.tmc_shapley_islands | V_full = 0.4073
2026-03-04 14:50:18 | INFO | src.tmc_shapley_islands | TMC head-start: loaded 20 completed permutations from state outputs/tmc_shapley_sweep_all_traits/cache/body_mass/tmc_perm_state_target_3_seed_382347360.json
2026-03-04 14:51:20 | INFO | src.tmc_shapley_islands | TMC progress: 24/40 permutations done, cache hit rate: 19.7%, n_evals: 49
2026-03-04 14:53:21 | INFO | src.tmc_shapley_islands | TMC progress: 32/40 permutations done, cache hit rate: 19.3%, n_evals: 146
2026-03-04 14:55:18 | INFO | src.tmc_shapley_islands | TMC progress: 40/40 permutations done, cache hit rate: 20.9%, n_evals: 238
2026-03-04 14:55:18 | INFO | src.tmc_shapley_islands | TMC complete: 40 permutations, 0 truncated, 238 utility evals, cache hit rate: 20.9%
2026-03-04 14:55:18 | INFO | src.tmc_shapley_islands | Shapley values (phi, computed on cal set):
2026-03-04 14:55:18 | INFO | src.tmc_shapley_islands |   Nesøy: phi=-0.104759, phi/n=-0.00088033
2026-03-04 14:55:18 | INFO | src.tmc_shapley_islands |   Myken: phi=-0.040945, phi/n=-0.00044505
2026-03-04 14:55:18 | INFO | src.tmc_shapley_islands |   Træna: phi=0.029573, phi/n=0.00010128
2026-03-04 14:55:18 | INFO | src.tmc_shapley_islands |   Gjerøy: phi=-0.101480, phi/n=-0.00018186
2026-03-04 14:55:18 | INFO | src.tmc_shapley_islands |   Hestmannøy: phi=-0.192422, phi/n=-0.00017850
2026-03-04 14:55:18 | INFO | src.tmc_shapley_islands |   Indre Kvarøy: phi=-0.043243, phi/n=-0.00012147
2026-03-04 14:55:18 | INFO | src.tmc_shapley_islands |   Onøy og Lurøy: phi=0.094253, phi/n=0.00036391
2026-03-04 14:55:18 | INFO | src.tmc_shapley_islands |   Lovund: phi=0.430487, phi/n=0.00272460
2026-03-04 14:55:18 | INFO | src.tmc_shapley_islands |   Sleneset: phi=0.236638, phi/n=0.00142553
2026-03-04 14:55:18 | INFO | src.tmc_shapley_islands |   Aldra: phi=0.022196, phi/n=0.00012830
2026-03-04 14:55:18 | INFO | src.tmc_shapley_islands |   Southern 1: phi=0.044922, phi/n=0.00007705
2026-03-04 14:55:18 | INFO | src.tmc_shapley_islands |   Southern 2: phi=-0.094594, phi/n=-0.00023827
2026-03-04 14:55:18 | INFO | src.tmc_shapley_islands |   Southern 3: phi=0.238509, phi/n=0.00040841
2026-03-04 14:55:18 | INFO | src.tmc_shapley_islands |   Southern 4: phi=-0.102291, phi/n=-0.00021047
2026-03-04 14:55:18 | INFO | src.tmc_shapley_islands |   Southern 5: phi=-0.009589, phi/n=-0.00004747
2026-03-04 14:55:18 | INFO | src.tmc_shapley_islands | Curve retraining early stopping: enabled=True, patience=20
2026-03-04 14:55:18 | INFO | src.tmc_shapley_islands | Computing add-islands curve (evaluated on test set)...
2026-03-04 14:55:18 | INFO | src.tmc_shapley_islands | Add-curve (mean): 1 islands, n=158 -> corr=0.3317
2026-03-04 14:55:18 | INFO | src.tmc_shapley_islands | Add-curve (mean): 2 islands, n=324 -> corr=0.3214
2026-03-04 14:55:18 | INFO | src.tmc_shapley_islands | Add-curve (mean): 3 islands, n=908 -> corr=0.2936
2026-03-04 14:55:19 | INFO | src.tmc_shapley_islands | Add-curve (mean): 4 islands, n=1167 -> corr=0.2350
2026-03-04 14:55:19 | INFO | src.tmc_shapley_islands | Add-curve (mean): 5 islands, n=1340 -> corr=0.2403
2026-03-04 14:55:20 | INFO | src.tmc_shapley_islands | Add-curve (mean): 6 islands, n=1632 -> corr=0.2638
2026-03-04 14:55:21 | INFO | src.tmc_shapley_islands | Add-curve (mean): 7 islands, n=2215 -> corr=0.2786
2026-03-04 14:55:22 | INFO | src.tmc_shapley_islands | Add-curve (mean): 8 islands, n=2417 -> corr=0.2800
2026-03-04 14:55:23 | INFO | src.tmc_shapley_islands | Add-curve (mean): 9 islands, n=2773 -> corr=0.3310
2026-03-04 14:55:25 | INFO | src.tmc_shapley_islands | Add-curve (mean): 10 islands, n=3851 -> corr=0.3799
2026-03-04 14:55:27 | INFO | src.tmc_shapley_islands | Add-curve (mean): 11 islands, n=4409 -> corr=0.3376
2026-03-04 14:55:30 | INFO | src.tmc_shapley_islands | Add-curve (mean): 12 islands, n=4895 -> corr=0.3312
2026-03-04 14:55:32 | INFO | src.tmc_shapley_islands | Add-curve (mean): 13 islands, n=5292 -> corr=0.2805
2026-03-04 14:55:35 | INFO | src.tmc_shapley_islands | Add-curve (mean): 14 islands, n=5384 -> corr=0.3205
2026-03-04 14:55:38 | INFO | src.tmc_shapley_islands | Add-curve (mean): 15 islands, n=5503 -> corr=0.3316
2026-03-04 14:55:51 | INFO | src.tmc_shapley_islands | Random individual add-curve (seed=0) complete
2026-03-04 14:56:04 | INFO | src.tmc_shapley_islands | Random individual add-curve (seed=1) complete
2026-03-04 14:56:18 | INFO | src.tmc_shapley_islands | Random individual add-curve (seed=2) complete
2026-03-04 14:56:32 | INFO | src.tmc_shapley_islands | Random individual add-curve (seed=3) complete
2026-03-04 14:56:46 | INFO | src.tmc_shapley_islands | Random individual add-curve (seed=4) complete
2026-03-04 14:56:46 | INFO | src.tmc_shapley_islands | Building mirrored remove-islands curve from add-islands curve...
2026-03-04 14:56:46 | INFO | src.tmc_shapley_islands | Saved Shapley values to outputs/tmc_shapley_sweep_all_traits/shards/shard_015/body_mass/tmp/shapley_island_values_target_3.csv
2026-03-04 14:56:46 | INFO | src.tmc_shapley_islands | Saved summary to outputs/tmc_shapley_sweep_all_traits/shards/shard_015/body_mass/tmp/tmc_summary_target_3.json
2026-03-04 14:56:46 | INFO | src.tmc_shapley_islands | Saved intermediate ranking trace to outputs/tmc_shapley_sweep_all_traits/shards/shard_015/body_mass/tmp/tmc_intermediate_rankings_target_3.csv
2026-03-04 14:56:46 | INFO | src.tmc_shapley_islands | Saved add-curve to outputs/tmc_shapley_sweep_all_traits/shards/shard_015/body_mass/tmp/add_curve_target_3.csv
2026-03-04 14:56:46 | INFO | src.tmc_shapley_islands | Saved remove-curve to outputs/tmc_shapley_sweep_all_traits/shards/shard_015/body_mass/tmp/remove_curve_target_3.csv
2026-03-04 14:56:46 | INFO | src.tmc_shapley_islands | Saved bar plot to outputs/tmc_shapley_sweep_all_traits/shards/shard_015/body_mass/tmp/shapley_bar_target_3.png
2026-03-04 14:56:47 | INFO | src.tmc_shapley_islands | Saved add-curve plot to outputs/tmc_shapley_sweep_all_traits/shards/shard_015/body_mass/tmp/add_curve_target_3.png
2026-03-04 14:56:48 | INFO | src.tmc_shapley_islands | Saved remove-curve plot to outputs/tmc_shapley_sweep_all_traits/shards/shard_015/body_mass/tmp/remove_curve_target_3.png
2026-03-04 14:56:48 | INFO | __main__ | Shard 15/30 trait=body_mass progress 4/75 | target=3 n_cal_samples=10 perm=80 repeat=5
2026-03-04 14:56:48 | INFO | src.tmc_shapley_islands | [Shapley] Target island: 3 (Selvær), source islands: 15
2026-03-04 14:56:49 | INFO | src.tmc_shapley_islands | Data: source=5503 (across 15 islands), cal=10, test=44
2026-03-04 14:56:49 | INFO | src.tmc_shapley_islands | SNP selection: using fixed precomputed subset (n=20000)
2026-03-04 14:56:49 | INFO | src.tmc_shapley_islands | Island counts (capped to None in training):
  Nesøy: n=119
  Myken: n=92
  Træna: n=292
  Gjerøy: n=558
  Hestmannøy: n=1078
  Indre Kvarøy: n=356
  Onøy og Lurøy: n=259
  Lovund: n=158
  Sleneset: n=166
  Aldra: n=173
  Southern 1: n=583
  Southern 2: n=397
  Southern 3: n=584
  Southern 4: n=486
  Southern 5: n=202
2026-03-04 14:56:49 | INFO | src.tmc_shapley_islands | Loaded 499 cached utilities from outputs/tmc_shapley_sweep_all_traits/cache/body_mass/utility_cache_target_3_seed_382347360.json
2026-03-04 14:56:49 | INFO | src.tmc_shapley_islands | Running TMC-Shapley with 80 permutations (utility on cal set)...
2026-03-04 14:56:49 | INFO | src.tmc_shapley_islands | Computing V_full over all 15 source islands...
2026-03-04 14:56:49 | INFO | src.tmc_shapley_islands | V_full = 0.4073
2026-03-04 14:56:49 | INFO | src.tmc_shapley_islands | TMC head-start: loaded 40 completed permutations from state outputs/tmc_shapley_sweep_all_traits/cache/body_mass/tmc_perm_state_target_3_seed_382347360.json
2026-03-04 14:58:33 | INFO | src.tmc_shapley_islands | TMC progress: 48/80 permutations done, cache hit rate: 28.1%, n_evals: 87
2026-03-04 15:02:17 | INFO | src.tmc_shapley_islands | TMC progress: 64/80 permutations done, cache hit rate: 26.9%, n_evals: 264
2026-03-04 15:05:42 | INFO | src.tmc_shapley_islands | TMC progress: 80/80 permutations done, cache hit rate: 28.3%, n_evals: 431
2026-03-04 15:05:42 | INFO | src.tmc_shapley_islands | TMC complete: 80 permutations, 0 truncated, 431 utility evals, cache hit rate: 28.3%
2026-03-04 15:05:42 | INFO | src.tmc_shapley_islands | Shapley values (phi, computed on cal set):
2026-03-04 15:05:42 | INFO | src.tmc_shapley_islands |   Nesøy: phi=-0.102429, phi/n=-0.00086074
2026-03-04 15:05:42 | INFO | src.tmc_shapley_islands |   Myken: phi=-0.041221, phi/n=-0.00044805
2026-03-04 15:05:42 | INFO | src.tmc_shapley_islands |   Træna: phi=0.020206, phi/n=0.00006920
2026-03-04 15:05:42 | INFO | src.tmc_shapley_islands |   Gjerøy: phi=-0.097979, phi/n=-0.00017559
2026-03-04 15:05:42 | INFO | src.tmc_shapley_islands |   Hestmannøy: phi=-0.213682, phi/n=-0.00019822
2026-03-04 15:05:42 | INFO | src.tmc_shapley_islands |   Indre Kvarøy: phi=-0.054092, phi/n=-0.00015195
2026-03-04 15:05:42 | INFO | src.tmc_shapley_islands |   Onøy og Lurøy: phi=0.123807, phi/n=0.00047802
2026-03-04 15:05:42 | INFO | src.tmc_shapley_islands |   Lovund: phi=0.416982, phi/n=0.00263913
2026-03-04 15:05:42 | INFO | src.tmc_shapley_islands |   Sleneset: phi=0.254320, phi/n=0.00153205
2026-03-04 15:05:42 | INFO | src.tmc_shapley_islands |   Aldra: phi=0.020353, phi/n=0.00011765
2026-03-04 15:05:42 | INFO | src.tmc_shapley_islands |   Southern 1: phi=0.070706, phi/n=0.00012128
2026-03-04 15:05:42 | INFO | src.tmc_shapley_islands |   Southern 2: phi=-0.099059, phi/n=-0.00024952
2026-03-04 15:05:42 | INFO | src.tmc_shapley_islands |   Southern 3: phi=0.220687, phi/n=0.00037789
2026-03-04 15:05:42 | INFO | src.tmc_shapley_islands |   Southern 4: phi=-0.100101, phi/n=-0.00020597
2026-03-04 15:05:42 | INFO | src.tmc_shapley_islands |   Southern 5: phi=-0.011243, phi/n=-0.00005566
2026-03-04 15:05:42 | INFO | src.tmc_shapley_islands | Curve retraining early stopping: enabled=True, patience=20
2026-03-04 15:05:42 | INFO | src.tmc_shapley_islands | Computing add-islands curve (evaluated on test set)...
2026-03-04 15:05:42 | INFO | src.tmc_shapley_islands | Add-curve (mean): 1 islands, n=158 -> corr=0.3317
2026-03-04 15:05:42 | INFO | src.tmc_shapley_islands | Add-curve (mean): 2 islands, n=324 -> corr=0.3214
2026-03-04 15:05:42 | INFO | src.tmc_shapley_islands | Add-curve (mean): 3 islands, n=583 -> corr=0.2583
2026-03-04 15:05:43 | INFO | src.tmc_shapley_islands | Add-curve (mean): 4 islands, n=1167 -> corr=0.2350
2026-03-04 15:05:44 | INFO | src.tmc_shapley_islands | Add-curve (mean): 5 islands, n=1750 -> corr=0.2404
2026-03-04 15:05:45 | INFO | src.tmc_shapley_islands | Add-curve (mean): 6 islands, n=1923 -> corr=0.2483
2026-03-04 15:05:46 | INFO | src.tmc_shapley_islands | Add-curve (mean): 7 islands, n=2215 -> corr=0.2786
2026-03-04 15:05:47 | INFO | src.tmc_shapley_islands | Add-curve (mean): 8 islands, n=2417 -> corr=0.2800
2026-03-04 15:05:48 | INFO | src.tmc_shapley_islands | Add-curve (mean): 9 islands, n=2773 -> corr=0.3310
2026-03-04 15:05:49 | INFO | src.tmc_shapley_islands | Add-curve (mean): 10 islands, n=3331 -> corr=0.2592
2026-03-04 15:05:51 | INFO | src.tmc_shapley_islands | Add-curve (mean): 11 islands, n=4409 -> corr=0.3376
2026-03-04 15:05:54 | INFO | src.tmc_shapley_islands | Add-curve (mean): 12 islands, n=4895 -> corr=0.3312
2026-03-04 15:05:56 | INFO | src.tmc_shapley_islands | Add-curve (mean): 13 islands, n=5292 -> corr=0.2805
2026-03-04 15:05:59 | INFO | src.tmc_shapley_islands | Add-curve (mean): 14 islands, n=5384 -> corr=0.3205
2026-03-04 15:06:02 | INFO | src.tmc_shapley_islands | Add-curve (mean): 15 islands, n=5503 -> corr=0.3316
2026-03-04 15:06:15 | INFO | src.tmc_shapley_islands | Random individual add-curve (seed=0) complete
2026-03-04 15:06:29 | INFO | src.tmc_shapley_islands | Random individual add-curve (seed=1) complete
2026-03-04 15:06:42 | INFO | src.tmc_shapley_islands | Random individual add-curve (seed=2) complete
2026-03-04 15:06:56 | INFO | src.tmc_shapley_islands | Random individual add-curve (seed=3) complete
2026-03-04 15:07:09 | INFO | src.tmc_shapley_islands | Random individual add-curve (seed=4) complete
2026-03-04 15:07:09 | INFO | src.tmc_shapley_islands | Building mirrored remove-islands curve from add-islands curve...
2026-03-04 15:07:09 | INFO | src.tmc_shapley_islands | Saved Shapley values to outputs/tmc_shapley_sweep_all_traits/shards/shard_015/body_mass/tmp/shapley_island_values_target_3.csv
2026-03-04 15:07:09 | INFO | src.tmc_shapley_islands | Saved summary to outputs/tmc_shapley_sweep_all_traits/shards/shard_015/body_mass/tmp/tmc_summary_target_3.json
2026-03-04 15:07:09 | INFO | src.tmc_shapley_islands | Saved intermediate ranking trace to outputs/tmc_shapley_sweep_all_traits/shards/shard_015/body_mass/tmp/tmc_intermediate_rankings_target_3.csv
2026-03-04 15:07:09 | INFO | src.tmc_shapley_islands | Saved add-curve to outputs/tmc_shapley_sweep_all_traits/shards/shard_015/body_mass/tmp/add_curve_target_3.csv
2026-03-04 15:07:09 | INFO | src.tmc_shapley_islands | Saved remove-curve to outputs/tmc_shapley_sweep_all_traits/shards/shard_015/body_mass/tmp/remove_curve_target_3.csv
2026-03-04 15:07:10 | INFO | src.tmc_shapley_islands | Saved bar plot to outputs/tmc_shapley_sweep_all_traits/shards/shard_015/body_mass/tmp/shapley_bar_target_3.png
2026-03-04 15:07:10 | INFO | src.tmc_shapley_islands | Saved add-curve plot to outputs/tmc_shapley_sweep_all_traits/shards/shard_015/body_mass/tmp/add_curve_target_3.png
2026-03-04 15:07:11 | INFO | src.tmc_shapley_islands | Saved remove-curve plot to outputs/tmc_shapley_sweep_all_traits/shards/shard_015/body_mass/tmp/remove_curve_target_3.png
2026-03-04 15:07:11 | INFO | __main__ | Shard 15/30 trait=body_mass progress 5/75 | target=3 n_cal_samples=10 perm=150 repeat=5
2026-03-04 15:07:11 | INFO | src.tmc_shapley_islands | [Shapley] Target island: 3 (Selvær), source islands: 15
2026-03-04 15:07:12 | INFO | src.tmc_shapley_islands | Data: source=5503 (across 15 islands), cal=10, test=44
2026-03-04 15:07:12 | INFO | src.tmc_shapley_islands | SNP selection: using fixed precomputed subset (n=20000)
2026-03-04 15:07:12 | INFO | src.tmc_shapley_islands | Island counts (capped to None in training):
  Nesøy: n=119
  Myken: n=92
  Træna: n=292
  Gjerøy: n=558
  Hestmannøy: n=1078
  Indre Kvarøy: n=356
  Onøy og Lurøy: n=259
  Lovund: n=158
  Sleneset: n=166
  Aldra: n=173
  Southern 1: n=583
  Southern 2: n=397
  Southern 3: n=584
  Southern 4: n=486
  Southern 5: n=202
2026-03-04 15:07:12 | INFO | src.tmc_shapley_islands | Loaded 930 cached utilities from outputs/tmc_shapley_sweep_all_traits/cache/body_mass/utility_cache_target_3_seed_382347360.json
2026-03-04 15:07:12 | INFO | src.tmc_shapley_islands | Running TMC-Shapley with 150 permutations (utility on cal set)...
2026-03-04 15:07:12 | INFO | src.tmc_shapley_islands | Computing V_full over all 15 source islands...
2026-03-04 15:07:12 | INFO | src.tmc_shapley_islands | V_full = 0.4073
2026-03-04 15:07:12 | INFO | src.tmc_shapley_islands | TMC head-start: loaded 80 completed permutations from state outputs/tmc_shapley_sweep_all_traits/cache/body_mass/tmc_perm_state_target_3_seed_382347360.json
2026-03-04 15:09:21 | INFO | src.tmc_shapley_islands | TMC progress: 90/150 permutations done, cache hit rate: 27.2%, n_evals: 110
2026-03-04 15:15:04 | INFO | src.tmc_shapley_islands | TMC progress: 120/150 permutations done, cache hit rate: 33.6%, n_evals: 399
2026-03-04 15:20:39 | INFO | src.tmc_shapley_islands | TMC progress: 150/150 permutations done, cache hit rate: 35.8%, n_evals: 675
2026-03-04 15:20:39 | INFO | src.tmc_shapley_islands | TMC complete: 150 permutations, 0 truncated, 675 utility evals, cache hit rate: 35.8%
2026-03-04 15:20:39 | INFO | src.tmc_shapley_islands | Shapley values (phi, computed on cal set):
2026-03-04 15:20:39 | INFO | src.tmc_shapley_islands |   Nesøy: phi=-0.102329, phi/n=-0.00085991
2026-03-04 15:20:39 | INFO | src.tmc_shapley_islands |   Myken: phi=-0.040937, phi/n=-0.00044497
2026-03-04 15:20:39 | INFO | src.tmc_shapley_islands |   Træna: phi=0.019314, phi/n=0.00006614
2026-03-04 15:20:39 | INFO | src.tmc_shapley_islands |   Gjerøy: phi=-0.088485, phi/n=-0.00015857
2026-03-04 15:20:39 | INFO | src.tmc_shapley_islands |   Hestmannøy: phi=-0.209863, phi/n=-0.00019468
2026-03-04 15:20:39 | INFO | src.tmc_shapley_islands |   Indre Kvarøy: phi=-0.051702, phi/n=-0.00014523
2026-03-04 15:20:39 | INFO | src.tmc_shapley_islands |   Onøy og Lurøy: phi=0.131297, phi/n=0.00050694
2026-03-04 15:20:39 | INFO | src.tmc_shapley_islands |   Lovund: phi=0.402152, phi/n=0.00254527
2026-03-04 15:20:39 | INFO | src.tmc_shapley_islands |   Sleneset: phi=0.238221, phi/n=0.00143506
2026-03-04 15:20:39 | INFO | src.tmc_shapley_islands |   Aldra: phi=0.019868, phi/n=0.00011484
2026-03-04 15:20:39 | INFO | src.tmc_shapley_islands |   Southern 1: phi=0.079514, phi/n=0.00013639
2026-03-04 15:20:39 | INFO | src.tmc_shapley_islands |   Southern 2: phi=-0.100065, phi/n=-0.00025205
2026-03-04 15:20:39 | INFO | src.tmc_shapley_islands |   Southern 3: phi=0.218333, phi/n=0.00037386
2026-03-04 15:20:39 | INFO | src.tmc_shapley_islands |   Southern 4: phi=-0.093658, phi/n=-0.00019271
2026-03-04 15:20:39 | INFO | src.tmc_shapley_islands |   Southern 5: phi=-0.014405, phi/n=-0.00007131
2026-03-04 15:20:39 | INFO | src.tmc_shapley_islands | Curve retraining early stopping: enabled=True, patience=20
2026-03-04 15:20:39 | INFO | src.tmc_shapley_islands | Computing add-islands curve (evaluated on test set)...
2026-03-04 15:20:39 | INFO | src.tmc_shapley_islands | Add-curve (mean): 1 islands, n=158 -> corr=0.3317
2026-03-04 15:20:39 | INFO | src.tmc_shapley_islands | Add-curve (mean): 2 islands, n=324 -> corr=0.3214
2026-03-04 15:20:39 | INFO | src.tmc_shapley_islands | Add-curve (mean): 3 islands, n=583 -> corr=0.2583
2026-03-04 15:20:40 | INFO | src.tmc_shapley_islands | Add-curve (mean): 4 islands, n=1167 -> corr=0.2350
2026-03-04 15:20:40 | INFO | src.tmc_shapley_islands | Add-curve (mean): 5 islands, n=1750 -> corr=0.2404
2026-03-04 15:20:41 | INFO | src.tmc_shapley_islands | Add-curve (mean): 6 islands, n=1923 -> corr=0.2483
2026-03-04 15:20:42 | INFO | src.tmc_shapley_islands | Add-curve (mean): 7 islands, n=2215 -> corr=0.2786
2026-03-04 15:20:43 | INFO | src.tmc_shapley_islands | Add-curve (mean): 8 islands, n=2417 -> corr=0.2800
2026-03-04 15:20:45 | INFO | src.tmc_shapley_islands | Add-curve (mean): 9 islands, n=2773 -> corr=0.3310
2026-03-04 15:20:46 | INFO | src.tmc_shapley_islands | Add-curve (mean): 10 islands, n=3331 -> corr=0.2592
2026-03-04 15:20:48 | INFO | src.tmc_shapley_islands | Add-curve (mean): 11 islands, n=3817 -> corr=0.2549
2026-03-04 15:20:50 | INFO | src.tmc_shapley_islands | Add-curve (mean): 12 islands, n=4895 -> corr=0.3312
2026-03-04 15:20:52 | INFO | src.tmc_shapley_islands | Add-curve (mean): 13 islands, n=5292 -> corr=0.2805
2026-03-04 15:20:55 | INFO | src.tmc_shapley_islands | Add-curve (mean): 14 islands, n=5384 -> corr=0.3205
2026-03-04 15:20:58 | INFO | src.tmc_shapley_islands | Add-curve (mean): 15 islands, n=5503 -> corr=0.3316
2026-03-04 15:21:11 | INFO | src.tmc_shapley_islands | Random individual add-curve (seed=0) complete
2026-03-04 15:21:24 | INFO | src.tmc_shapley_islands | Random individual add-curve (seed=1) complete
2026-03-04 15:21:37 | INFO | src.tmc_shapley_islands | Random individual add-curve (seed=2) complete
2026-03-04 15:21:49 | INFO | src.tmc_shapley_islands | Random individual add-curve (seed=3) complete
2026-03-04 15:22:02 | INFO | src.tmc_shapley_islands | Random individual add-curve (seed=4) complete
2026-03-04 15:22:02 | INFO | src.tmc_shapley_islands | Building mirrored remove-islands curve from add-islands curve...
2026-03-04 15:22:02 | INFO | src.tmc_shapley_islands | Saved Shapley values to outputs/tmc_shapley_sweep_all_traits/shards/shard_015/body_mass/tmp/shapley_island_values_target_3.csv
2026-03-04 15:22:02 | INFO | src.tmc_shapley_islands | Saved summary to outputs/tmc_shapley_sweep_all_traits/shards/shard_015/body_mass/tmp/tmc_summary_target_3.json
2026-03-04 15:22:02 | INFO | src.tmc_shapley_islands | Saved intermediate ranking trace to outputs/tmc_shapley_sweep_all_traits/shards/shard_015/body_mass/tmp/tmc_intermediate_rankings_target_3.csv
2026-03-04 15:22:02 | INFO | src.tmc_shapley_islands | Saved add-curve to outputs/tmc_shapley_sweep_all_traits/shards/shard_015/body_mass/tmp/add_curve_target_3.csv
2026-03-04 15:22:02 | INFO | src.tmc_shapley_islands | Saved remove-curve to outputs/tmc_shapley_sweep_all_traits/shards/shard_015/body_mass/tmp/remove_curve_target_3.csv
2026-03-04 15:22:02 | INFO | src.tmc_shapley_islands | Saved bar plot to outputs/tmc_shapley_sweep_all_traits/shards/shard_015/body_mass/tmp/shapley_bar_target_3.png
2026-03-04 15:22:03 | INFO | src.tmc_shapley_islands | Saved add-curve plot to outputs/tmc_shapley_sweep_all_traits/shards/shard_015/body_mass/tmp/add_curve_target_3.png
2026-03-04 15:22:04 | INFO | src.tmc_shapley_islands | Saved remove-curve plot to outputs/tmc_shapley_sweep_all_traits/shards/shard_015/body_mass/tmp/remove_curve_target_3.png
2026-03-04 15:22:04 | INFO | __main__ | Shard 15/30 trait=body_mass progress 6/75 | target=3 n_cal_samples=20 perm=10 repeat=5
2026-03-04 15:22:04 | INFO | src.tmc_shapley_islands | [Shapley] Target island: 3 (Selvær), source islands: 15
2026-03-04 15:22:05 | INFO | src.tmc_shapley_islands | Data: source=5503 (across 15 islands), cal=20, test=44
2026-03-04 15:22:05 | INFO | src.tmc_shapley_islands | SNP selection: using fixed precomputed subset (n=20000)
2026-03-04 15:22:05 | INFO | src.tmc_shapley_islands | Island counts (capped to None in training):
  Nesøy: n=119
  Myken: n=92
  Træna: n=292
  Gjerøy: n=558
  Hestmannøy: n=1078
  Indre Kvarøy: n=356
  Onøy og Lurøy: n=259
  Lovund: n=158
  Sleneset: n=166
  Aldra: n=173
  Southern 1: n=583
  Southern 2: n=397
  Southern 3: n=584
  Southern 4: n=486
  Southern 5: n=202
2026-03-04 15:22:05 | INFO | src.tmc_shapley_islands | Running TMC-Shapley with 10 permutations (utility on cal set)...
2026-03-04 15:22:05 | INFO | src.tmc_shapley_islands | Computing V_full over all 15 source islands...
2026-03-04 15:22:07 | INFO | src.tmc_shapley_islands | V_full = 0.1022
2026-03-04 15:22:42 | INFO | src.tmc_shapley_islands | TMC progress: 2/10 permutations done, cache hit rate: 6.5%, n_evals: 29
2026-03-04 15:23:15 | INFO | src.tmc_shapley_islands | TMC progress: 4/10 permutations done, cache hit rate: 6.6%, n_evals: 57
2026-03-04 15:23:51 | INFO | src.tmc_shapley_islands | TMC progress: 6/10 permutations done, cache hit rate: 7.7%, n_evals: 84
2026-03-04 15:24:21 | INFO | src.tmc_shapley_islands | TMC progress: 8/10 permutations done, cache hit rate: 10.7%, n_evals: 108
2026-03-04 15:24:54 | INFO | src.tmc_shapley_islands | TMC progress: 10/10 permutations done, cache hit rate: 11.3%, n_evals: 134
2026-03-04 15:24:54 | INFO | src.tmc_shapley_islands | TMC complete: 10 permutations, 0 truncated, 134 utility evals, cache hit rate: 11.3%
2026-03-04 15:24:54 | INFO | src.tmc_shapley_islands | Shapley values (phi, computed on cal set):
2026-03-04 15:24:54 | INFO | src.tmc_shapley_islands |   Nesøy: phi=-0.038472, phi/n=-0.00032330
2026-03-04 15:24:54 | INFO | src.tmc_shapley_islands |   Myken: phi=0.043396, phi/n=0.00047169
2026-03-04 15:24:54 | INFO | src.tmc_shapley_islands |   Træna: phi=0.163651, phi/n=0.00056045
2026-03-04 15:24:54 | INFO | src.tmc_shapley_islands |   Gjerøy: phi=-0.139668, phi/n=-0.00025030
2026-03-04 15:24:54 | INFO | src.tmc_shapley_islands |   Hestmannøy: phi=-0.227356, phi/n=-0.00021090
2026-03-04 15:24:54 | INFO | src.tmc_shapley_islands |   Indre Kvarøy: phi=0.083347, phi/n=0.00023412
2026-03-04 15:24:54 | INFO | src.tmc_shapley_islands |   Onøy og Lurøy: phi=0.031351, phi/n=0.00012105
2026-03-04 15:24:54 | INFO | src.tmc_shapley_islands |   Lovund: phi=0.164661, phi/n=0.00104216
2026-03-04 15:24:54 | INFO | src.tmc_shapley_islands |   Sleneset: phi=-0.041465, phi/n=-0.00024979
2026-03-04 15:24:54 | INFO | src.tmc_shapley_islands |   Aldra: phi=0.022307, phi/n=0.00012894
2026-03-04 15:24:54 | INFO | src.tmc_shapley_islands |   Southern 1: phi=0.100635, phi/n=0.00017262
2026-03-04 15:24:54 | INFO | src.tmc_shapley_islands |   Southern 2: phi=-0.023470, phi/n=-0.00005912
2026-03-04 15:24:54 | INFO | src.tmc_shapley_islands |   Southern 3: phi=0.016596, phi/n=0.00002842
2026-03-04 15:24:54 | INFO | src.tmc_shapley_islands |   Southern 4: phi=0.017992, phi/n=0.00003702
2026-03-04 15:24:54 | INFO | src.tmc_shapley_islands |   Southern 5: phi=-0.071291, phi/n=-0.00035293
2026-03-04 15:24:54 | INFO | src.tmc_shapley_islands | Curve retraining early stopping: enabled=True, patience=20
2026-03-04 15:24:54 | INFO | src.tmc_shapley_islands | Computing add-islands curve (evaluated on test set)...
2026-03-04 15:24:54 | INFO | src.tmc_shapley_islands | Add-curve (mean): 1 islands, n=158 -> corr=0.2347
2026-03-04 15:24:55 | INFO | src.tmc_shapley_islands | Add-curve (mean): 2 islands, n=450 -> corr=0.1897
2026-03-04 15:24:55 | INFO | src.tmc_shapley_islands | Add-curve (mean): 3 islands, n=542 -> corr=0.1541
2026-03-04 15:24:55 | INFO | src.tmc_shapley_islands | Add-curve (mean): 4 islands, n=898 -> corr=0.2115
2026-03-04 15:24:57 | INFO | src.tmc_shapley_islands | Add-curve (mean): 5 islands, n=1481 -> corr=0.2254
2026-03-04 15:24:57 | INFO | src.tmc_shapley_islands | Add-curve (mean): 6 islands, n=1654 -> corr=0.2470
2026-03-04 15:24:58 | INFO | src.tmc_shapley_islands | Add-curve (mean): 7 islands, n=1913 -> corr=0.3055
2026-03-04 15:24:59 | INFO | src.tmc_shapley_islands | Add-curve (mean): 8 islands, n=2399 -> corr=0.2991
2026-03-04 15:25:01 | INFO | src.tmc_shapley_islands | Add-curve (mean): 9 islands, n=2983 -> corr=0.3000
2026-03-04 15:25:02 | INFO | src.tmc_shapley_islands | Add-curve (mean): 10 islands, n=3380 -> corr=0.2709
2026-03-04 15:25:04 | INFO | src.tmc_shapley_islands | Add-curve (mean): 11 islands, n=4458 -> corr=0.2627
2026-03-04 15:25:06 | INFO | src.tmc_shapley_islands | Add-curve (mean): 12 islands, n=4624 -> corr=0.2613
2026-03-04 15:25:09 | INFO | src.tmc_shapley_islands | Add-curve (mean): 13 islands, n=5182 -> corr=0.2318
2026-03-04 15:25:11 | INFO | src.tmc_shapley_islands | Add-curve (mean): 14 islands, n=5301 -> corr=0.2459
2026-03-04 15:25:14 | INFO | src.tmc_shapley_islands | Add-curve (mean): 15 islands, n=5503 -> corr=0.2489
2026-03-04 15:25:27 | INFO | src.tmc_shapley_islands | Random individual add-curve (seed=0) complete
2026-03-04 15:25:40 | INFO | src.tmc_shapley_islands | Random individual add-curve (seed=1) complete
2026-03-04 15:25:53 | INFO | src.tmc_shapley_islands | Random individual add-curve (seed=2) complete
2026-03-04 15:26:06 | INFO | src.tmc_shapley_islands | Random individual add-curve (seed=3) complete
2026-03-04 15:26:19 | INFO | src.tmc_shapley_islands | Random individual add-curve (seed=4) complete
2026-03-04 15:26:19 | INFO | src.tmc_shapley_islands | Building mirrored remove-islands curve from add-islands curve...
2026-03-04 15:26:19 | INFO | src.tmc_shapley_islands | Saved Shapley values to outputs/tmc_shapley_sweep_all_traits/shards/shard_015/body_mass/tmp/shapley_island_values_target_3.csv
2026-03-04 15:26:19 | INFO | src.tmc_shapley_islands | Saved summary to outputs/tmc_shapley_sweep_all_traits/shards/shard_015/body_mass/tmp/tmc_summary_target_3.json
2026-03-04 15:26:19 | INFO | src.tmc_shapley_islands | Saved intermediate ranking trace to outputs/tmc_shapley_sweep_all_traits/shards/shard_015/body_mass/tmp/tmc_intermediate_rankings_target_3.csv
2026-03-04 15:26:19 | INFO | src.tmc_shapley_islands | Saved add-curve to outputs/tmc_shapley_sweep_all_traits/shards/shard_015/body_mass/tmp/add_curve_target_3.csv
2026-03-04 15:26:19 | INFO | src.tmc_shapley_islands | Saved remove-curve to outputs/tmc_shapley_sweep_all_traits/shards/shard_015/body_mass/tmp/remove_curve_target_3.csv
2026-03-04 15:26:19 | INFO | src.tmc_shapley_islands | Saved bar plot to outputs/tmc_shapley_sweep_all_traits/shards/shard_015/body_mass/tmp/shapley_bar_target_3.png
2026-03-04 15:26:20 | INFO | src.tmc_shapley_islands | Saved add-curve plot to outputs/tmc_shapley_sweep_all_traits/shards/shard_015/body_mass/tmp/add_curve_target_3.png
2026-03-04 15:26:21 | INFO | src.tmc_shapley_islands | Saved remove-curve plot to outputs/tmc_shapley_sweep_all_traits/shards/shard_015/body_mass/tmp/remove_curve_target_3.png
2026-03-04 15:26:21 | INFO | __main__ | Shard 15/30 trait=body_mass progress 7/75 | target=3 n_cal_samples=20 perm=20 repeat=5
2026-03-04 15:26:21 | INFO | src.tmc_shapley_islands | [Shapley] Target island: 3 (Selvær), source islands: 15
2026-03-04 15:26:22 | INFO | src.tmc_shapley_islands | Data: source=5503 (across 15 islands), cal=20, test=44
2026-03-04 15:26:22 | INFO | src.tmc_shapley_islands | SNP selection: using fixed precomputed subset (n=20000)
2026-03-04 15:26:22 | INFO | src.tmc_shapley_islands | Island counts (capped to None in training):
  Nesøy: n=119
  Myken: n=92
  Træna: n=292
  Gjerøy: n=558
  Hestmannøy: n=1078
  Indre Kvarøy: n=356
  Onøy og Lurøy: n=259
  Lovund: n=158
  Sleneset: n=166
  Aldra: n=173
  Southern 1: n=583
  Southern 2: n=397
  Southern 3: n=584
  Southern 4: n=486
  Southern 5: n=202
2026-03-04 15:26:22 | INFO | src.tmc_shapley_islands | Loaded 134 cached utilities from outputs/tmc_shapley_sweep_all_traits/cache/body_mass/utility_cache_target_3_seed_1115965396.json
2026-03-04 15:26:22 | INFO | src.tmc_shapley_islands | Running TMC-Shapley with 20 permutations (utility on cal set)...
2026-03-04 15:26:22 | INFO | src.tmc_shapley_islands | Computing V_full over all 15 source islands...
2026-03-04 15:26:22 | INFO | src.tmc_shapley_islands | V_full = 0.1022
2026-03-04 15:26:22 | INFO | src.tmc_shapley_islands | TMC head-start: loaded 10 completed permutations from state outputs/tmc_shapley_sweep_all_traits/cache/body_mass/tmc_perm_state_target_3_seed_1115965396.json
2026-03-04 15:26:58 | INFO | src.tmc_shapley_islands | TMC progress: 12/20 permutations done, cache hit rate: 16.1%, n_evals: 26
2026-03-04 15:28:00 | INFO | src.tmc_shapley_islands | TMC progress: 16/20 permutations done, cache hit rate: 18.7%, n_evals: 74
2026-03-04 15:29:05 | INFO | src.tmc_shapley_islands | TMC progress: 20/20 permutations done, cache hit rate: 17.9%, n_evals: 124
2026-03-04 15:29:06 | INFO | src.tmc_shapley_islands | TMC complete: 20 permutations, 0 truncated, 124 utility evals, cache hit rate: 17.9%
2026-03-04 15:29:06 | INFO | src.tmc_shapley_islands | Shapley values (phi, computed on cal set):
2026-03-04 15:29:06 | INFO | src.tmc_shapley_islands |   Nesøy: phi=-0.042263, phi/n=-0.00035515
2026-03-04 15:29:06 | INFO | src.tmc_shapley_islands |   Myken: phi=0.044055, phi/n=0.00047886
2026-03-04 15:29:06 | INFO | src.tmc_shapley_islands |   Træna: phi=0.146299, phi/n=0.00050102
2026-03-04 15:29:06 | INFO | src.tmc_shapley_islands |   Gjerøy: phi=-0.127559, phi/n=-0.00022860
2026-03-04 15:29:06 | INFO | src.tmc_shapley_islands |   Hestmannøy: phi=-0.258626, phi/n=-0.00023991
2026-03-04 15:29:06 | INFO | src.tmc_shapley_islands |   Indre Kvarøy: phi=0.071612, phi/n=0.00020116
2026-03-04 15:29:06 | INFO | src.tmc_shapley_islands |   Onøy og Lurøy: phi=0.038812, phi/n=0.00014985
2026-03-04 15:29:06 | INFO | src.tmc_shapley_islands |   Lovund: phi=0.162253, phi/n=0.00102692
2026-03-04 15:29:06 | INFO | src.tmc_shapley_islands |   Sleneset: phi=-0.046492, phi/n=-0.00028007
2026-03-04 15:29:06 | INFO | src.tmc_shapley_islands |   Aldra: phi=0.025035, phi/n=0.00014471
2026-03-04 15:29:06 | INFO | src.tmc_shapley_islands |   Southern 1: phi=0.140801, phi/n=0.00024151
2026-03-04 15:29:06 | INFO | src.tmc_shapley_islands |   Southern 2: phi=-0.024487, phi/n=-0.00006168
2026-03-04 15:29:06 | INFO | src.tmc_shapley_islands |   Southern 3: phi=0.020846, phi/n=0.00003569
2026-03-04 15:29:06 | INFO | src.tmc_shapley_islands |   Southern 4: phi=0.020490, phi/n=0.00004216
2026-03-04 15:29:06 | INFO | src.tmc_shapley_islands |   Southern 5: phi=-0.068563, phi/n=-0.00033942
2026-03-04 15:29:06 | INFO | src.tmc_shapley_islands | Curve retraining early stopping: enabled=True, patience=20
2026-03-04 15:29:06 | INFO | src.tmc_shapley_islands | Computing add-islands curve (evaluated on test set)...
2026-03-04 15:29:06 | INFO | src.tmc_shapley_islands | Add-curve (mean): 1 islands, n=158 -> corr=0.2347
2026-03-04 15:29:06 | INFO | src.tmc_shapley_islands | Add-curve (mean): 2 islands, n=450 -> corr=0.1897
2026-03-04 15:29:06 | INFO | src.tmc_shapley_islands | Add-curve (mean): 3 islands, n=542 -> corr=0.1541
2026-03-04 15:29:06 | INFO | src.tmc_shapley_islands | Add-curve (mean): 4 islands, n=1125 -> corr=0.1732
2026-03-04 15:29:07 | INFO | src.tmc_shapley_islands | Add-curve (mean): 5 islands, n=1481 -> corr=0.2254
2026-03-04 15:29:08 | INFO | src.tmc_shapley_islands | Add-curve (mean): 6 islands, n=1740 -> corr=0.2860
2026-03-04 15:29:09 | INFO | src.tmc_shapley_islands | Add-curve (mean): 7 islands, n=1913 -> corr=0.3055
2026-03-04 15:29:10 | INFO | src.tmc_shapley_islands | Add-curve (mean): 8 islands, n=2399 -> corr=0.2991
2026-03-04 15:29:11 | INFO | src.tmc_shapley_islands | Add-curve (mean): 9 islands, n=2983 -> corr=0.3000
2026-03-04 15:29:13 | INFO | src.tmc_shapley_islands | Add-curve (mean): 10 islands, n=3380 -> corr=0.2709
2026-03-04 15:29:14 | INFO | src.tmc_shapley_islands | Add-curve (mean): 11 islands, n=3938 -> corr=0.2369
2026-03-04 15:29:17 | INFO | src.tmc_shapley_islands | Add-curve (mean): 12 islands, n=5016 -> corr=0.2346
2026-03-04 15:29:19 | INFO | src.tmc_shapley_islands | Add-curve (mean): 13 islands, n=5182 -> corr=0.2318
2026-03-04 15:29:22 | INFO | src.tmc_shapley_islands | Add-curve (mean): 14 islands, n=5384 -> corr=0.2348
2026-03-04 15:29:25 | INFO | src.tmc_shapley_islands | Add-curve (mean): 15 islands, n=5503 -> corr=0.2489
2026-03-04 15:29:38 | INFO | src.tmc_shapley_islands | Random individual add-curve (seed=0) complete
2026-03-04 15:29:51 | INFO | src.tmc_shapley_islands | Random individual add-curve (seed=1) complete
2026-03-04 15:30:04 | INFO | src.tmc_shapley_islands | Random individual add-curve (seed=2) complete
2026-03-04 15:30:17 | INFO | src.tmc_shapley_islands | Random individual add-curve (seed=3) complete
2026-03-04 15:30:30 | INFO | src.tmc_shapley_islands | Random individual add-curve (seed=4) complete
2026-03-04 15:30:30 | INFO | src.tmc_shapley_islands | Building mirrored remove-islands curve from add-islands curve...
2026-03-04 15:30:30 | INFO | src.tmc_shapley_islands | Saved Shapley values to outputs/tmc_shapley_sweep_all_traits/shards/shard_015/body_mass/tmp/shapley_island_values_target_3.csv
2026-03-04 15:30:30 | INFO | src.tmc_shapley_islands | Saved summary to outputs/tmc_shapley_sweep_all_traits/shards/shard_015/body_mass/tmp/tmc_summary_target_3.json
2026-03-04 15:30:30 | INFO | src.tmc_shapley_islands | Saved intermediate ranking trace to outputs/tmc_shapley_sweep_all_traits/shards/shard_015/body_mass/tmp/tmc_intermediate_rankings_target_3.csv
2026-03-04 15:30:30 | INFO | src.tmc_shapley_islands | Saved add-curve to outputs/tmc_shapley_sweep_all_traits/shards/shard_015/body_mass/tmp/add_curve_target_3.csv
2026-03-04 15:30:30 | INFO | src.tmc_shapley_islands | Saved remove-curve to outputs/tmc_shapley_sweep_all_traits/shards/shard_015/body_mass/tmp/remove_curve_target_3.csv
2026-03-04 15:30:30 | INFO | src.tmc_shapley_islands | Saved bar plot to outputs/tmc_shapley_sweep_all_traits/shards/shard_015/body_mass/tmp/shapley_bar_target_3.png
2026-03-04 15:30:31 | INFO | src.tmc_shapley_islands | Saved add-curve plot to outputs/tmc_shapley_sweep_all_traits/shards/shard_015/body_mass/tmp/add_curve_target_3.png
2026-03-04 15:30:31 | INFO | src.tmc_shapley_islands | Saved remove-curve plot to outputs/tmc_shapley_sweep_all_traits/shards/shard_015/body_mass/tmp/remove_curve_target_3.png
2026-03-04 15:30:31 | INFO | __main__ | Shard 15/30 trait=body_mass progress 8/75 | target=3 n_cal_samples=20 perm=40 repeat=5
2026-03-04 15:30:31 | INFO | src.tmc_shapley_islands | [Shapley] Target island: 3 (Selvær), source islands: 15
2026-03-04 15:30:32 | INFO | src.tmc_shapley_islands | Data: source=5503 (across 15 islands), cal=20, test=44
2026-03-04 15:30:32 | INFO | src.tmc_shapley_islands | SNP selection: using fixed precomputed subset (n=20000)
2026-03-04 15:30:32 | INFO | src.tmc_shapley_islands | Island counts (capped to None in training):
  Nesøy: n=119
  Myken: n=92
  Træna: n=292
  Gjerøy: n=558
  Hestmannøy: n=1078
  Indre Kvarøy: n=356
  Onøy og Lurøy: n=259
  Lovund: n=158
  Sleneset: n=166
  Aldra: n=173
  Southern 1: n=583
  Southern 2: n=397
  Southern 3: n=584
  Southern 4: n=486
  Southern 5: n=202
2026-03-04 15:30:32 | INFO | src.tmc_shapley_islands | Loaded 258 cached utilities from outputs/tmc_shapley_sweep_all_traits/cache/body_mass/utility_cache_target_3_seed_1115965396.json
2026-03-04 15:30:32 | INFO | src.tmc_shapley_islands | Running TMC-Shapley with 40 permutations (utility on cal set)...
2026-03-04 15:30:32 | INFO | src.tmc_shapley_islands | Computing V_full over all 15 source islands...
2026-03-04 15:30:32 | INFO | src.tmc_shapley_islands | V_full = 0.1022
2026-03-04 15:30:32 | INFO | src.tmc_shapley_islands | TMC head-start: loaded 20 completed permutations from state outputs/tmc_shapley_sweep_all_traits/cache/body_mass/tmc_perm_state_target_3_seed_1115965396.json
2026-03-04 15:31:32 | INFO | src.tmc_shapley_islands | TMC progress: 24/40 permutations done, cache hit rate: 18.0%, n_evals: 50
2026-03-04 15:33:17 | INFO | src.tmc_shapley_islands | TMC progress: 32/40 permutations done, cache hit rate: 21.5%, n_evals: 142
2026-03-04 15:35:02 | INFO | src.tmc_shapley_islands | TMC progress: 40/40 permutations done, cache hit rate: 24.6%, n_evals: 227
2026-03-04 15:35:02 | INFO | src.tmc_shapley_islands | TMC complete: 40 permutations, 0 truncated, 227 utility evals, cache hit rate: 24.6%
2026-03-04 15:35:02 | INFO | src.tmc_shapley_islands | Shapley values (phi, computed on cal set):
2026-03-04 15:35:02 | INFO | src.tmc_shapley_islands |   Nesøy: phi=-0.048415, phi/n=-0.00040685
2026-03-04 15:35:02 | INFO | src.tmc_shapley_islands |   Myken: phi=0.059242, phi/n=0.00064393
2026-03-04 15:35:02 | INFO | src.tmc_shapley_islands |   Træna: phi=0.144400, phi/n=0.00049452
2026-03-04 15:35:02 | INFO | src.tmc_shapley_islands |   Gjerøy: phi=-0.116118, phi/n=-0.00020810
2026-03-04 15:35:02 | INFO | src.tmc_shapley_islands |   Hestmannøy: phi=-0.249444, phi/n=-0.00023140
2026-03-04 15:35:02 | INFO | src.tmc_shapley_islands |   Indre Kvarøy: phi=0.066974, phi/n=0.00018813
2026-03-04 15:35:02 | INFO | src.tmc_shapley_islands |   Onøy og Lurøy: phi=0.036386, phi/n=0.00014049
2026-03-04 15:35:02 | INFO | src.tmc_shapley_islands |   Lovund: phi=0.161781, phi/n=0.00102393
2026-03-04 15:35:02 | INFO | src.tmc_shapley_islands |   Sleneset: phi=-0.044605, phi/n=-0.00026871
2026-03-04 15:35:02 | INFO | src.tmc_shapley_islands |   Aldra: phi=0.028487, phi/n=0.00016466
2026-03-04 15:35:02 | INFO | src.tmc_shapley_islands |   Southern 1: phi=0.138009, phi/n=0.00023672
2026-03-04 15:35:02 | INFO | src.tmc_shapley_islands |   Southern 2: phi=-0.026221, phi/n=-0.00006605
2026-03-04 15:35:02 | INFO | src.tmc_shapley_islands |   Southern 3: phi=0.016085, phi/n=0.00002754
2026-03-04 15:35:02 | INFO | src.tmc_shapley_islands |   Southern 4: phi=0.021148, phi/n=0.00004351
2026-03-04 15:35:02 | INFO | src.tmc_shapley_islands |   Southern 5: phi=-0.085494, phi/n=-0.00042324
2026-03-04 15:35:02 | INFO | src.tmc_shapley_islands | Curve retraining early stopping: enabled=True, patience=20
2026-03-04 15:35:02 | INFO | src.tmc_shapley_islands | Computing add-islands curve (evaluated on test set)...
2026-03-04 15:35:02 | INFO | src.tmc_shapley_islands | Add-curve (mean): 1 islands, n=158 -> corr=0.2347
2026-03-04 15:35:02 | INFO | src.tmc_shapley_islands | Add-curve (mean): 2 islands, n=250 -> corr=0.1395
2026-03-04 15:35:02 | INFO | src.tmc_shapley_islands | Add-curve (mean): 3 islands, n=542 -> corr=0.1541
2026-03-04 15:35:03 | INFO | src.tmc_shapley_islands | Add-curve (mean): 4 islands, n=1125 -> corr=0.1732
2026-03-04 15:35:03 | INFO | src.tmc_shapley_islands | Add-curve (mean): 5 islands, n=1481 -> corr=0.2254
2026-03-04 15:35:04 | INFO | src.tmc_shapley_islands | Add-curve (mean): 6 islands, n=1654 -> corr=0.2470
2026-03-04 15:35:05 | INFO | src.tmc_shapley_islands | Add-curve (mean): 7 islands, n=1913 -> corr=0.3055
2026-03-04 15:35:06 | INFO | src.tmc_shapley_islands | Add-curve (mean): 8 islands, n=2399 -> corr=0.2991
2026-03-04 15:35:07 | INFO | src.tmc_shapley_islands | Add-curve (mean): 9 islands, n=2983 -> corr=0.3000
2026-03-04 15:35:09 | INFO | src.tmc_shapley_islands | Add-curve (mean): 10 islands, n=3380 -> corr=0.2709
2026-03-04 15:35:10 | INFO | src.tmc_shapley_islands | Add-curve (mean): 11 islands, n=3938 -> corr=0.2369
2026-03-04 15:35:13 | INFO | src.tmc_shapley_islands | Add-curve (mean): 12 islands, n=5016 -> corr=0.2346
2026-03-04 15:35:15 | INFO | src.tmc_shapley_islands | Add-curve (mean): 13 islands, n=5182 -> corr=0.2318
2026-03-04 15:35:18 | INFO | src.tmc_shapley_islands | Add-curve (mean): 14 islands, n=5301 -> corr=0.2459
2026-03-04 15:35:21 | INFO | src.tmc_shapley_islands | Add-curve (mean): 15 islands, n=5503 -> corr=0.2489
2026-03-04 15:35:34 | INFO | src.tmc_shapley_islands | Random individual add-curve (seed=0) complete
2026-03-04 15:35:47 | INFO | src.tmc_shapley_islands | Random individual add-curve (seed=1) complete
2026-03-04 15:36:00 | INFO | src.tmc_shapley_islands | Random individual add-curve (seed=2) complete
2026-03-04 15:36:12 | INFO | src.tmc_shapley_islands | Random individual add-curve (seed=3) complete
2026-03-04 15:36:25 | INFO | src.tmc_shapley_islands | Random individual add-curve (seed=4) complete
2026-03-04 15:36:25 | INFO | src.tmc_shapley_islands | Building mirrored remove-islands curve from add-islands curve...
2026-03-04 15:36:25 | INFO | src.tmc_shapley_islands | Saved Shapley values to outputs/tmc_shapley_sweep_all_traits/shards/shard_015/body_mass/tmp/shapley_island_values_target_3.csv
2026-03-04 15:36:25 | INFO | src.tmc_shapley_islands | Saved summary to outputs/tmc_shapley_sweep_all_traits/shards/shard_015/body_mass/tmp/tmc_summary_target_3.json
2026-03-04 15:36:25 | INFO | src.tmc_shapley_islands | Saved intermediate ranking trace to outputs/tmc_shapley_sweep_all_traits/shards/shard_015/body_mass/tmp/tmc_intermediate_rankings_target_3.csv
2026-03-04 15:36:25 | INFO | src.tmc_shapley_islands | Saved add-curve to outputs/tmc_shapley_sweep_all_traits/shards/shard_015/body_mass/tmp/add_curve_target_3.csv
2026-03-04 15:36:25 | INFO | src.tmc_shapley_islands | Saved remove-curve to outputs/tmc_shapley_sweep_all_traits/shards/shard_015/body_mass/tmp/remove_curve_target_3.csv
2026-03-04 15:36:26 | INFO | src.tmc_shapley_islands | Saved bar plot to outputs/tmc_shapley_sweep_all_traits/shards/shard_015/body_mass/tmp/shapley_bar_target_3.png
2026-03-04 15:36:26 | INFO | src.tmc_shapley_islands | Saved add-curve plot to outputs/tmc_shapley_sweep_all_traits/shards/shard_015/body_mass/tmp/add_curve_target_3.png
2026-03-04 15:36:27 | INFO | src.tmc_shapley_islands | Saved remove-curve plot to outputs/tmc_shapley_sweep_all_traits/shards/shard_015/body_mass/tmp/remove_curve_target_3.png
2026-03-04 15:36:27 | INFO | __main__ | Shard 15/30 trait=body_mass progress 9/75 | target=3 n_cal_samples=20 perm=80 repeat=5
2026-03-04 15:36:27 | INFO | src.tmc_shapley_islands | [Shapley] Target island: 3 (Selvær), source islands: 15
2026-03-04 15:36:28 | INFO | src.tmc_shapley_islands | Data: source=5503 (across 15 islands), cal=20, test=44
2026-03-04 15:36:28 | INFO | src.tmc_shapley_islands | SNP selection: using fixed precomputed subset (n=20000)
2026-03-04 15:36:28 | INFO | src.tmc_shapley_islands | Island counts (capped to None in training):
  Nesøy: n=119
  Myken: n=92
  Træna: n=292
  Gjerøy: n=558
  Hestmannøy: n=1078
  Indre Kvarøy: n=356
  Onøy og Lurøy: n=259
  Lovund: n=158
  Sleneset: n=166
  Aldra: n=173
  Southern 1: n=583
  Southern 2: n=397
  Southern 3: n=584
  Southern 4: n=486
  Southern 5: n=202
2026-03-04 15:36:28 | INFO | src.tmc_shapley_islands | Loaded 485 cached utilities from outputs/tmc_shapley_sweep_all_traits/cache/body_mass/utility_cache_target_3_seed_1115965396.json
2026-03-04 15:36:28 | INFO | src.tmc_shapley_islands | Running TMC-Shapley with 80 permutations (utility on cal set)...
2026-03-04 15:36:28 | INFO | src.tmc_shapley_islands | Computing V_full over all 15 source islands...
2026-03-04 15:36:28 | INFO | src.tmc_shapley_islands | V_full = 0.1022
2026-03-04 15:36:28 | INFO | src.tmc_shapley_islands | TMC head-start: loaded 40 completed permutations from state outputs/tmc_shapley_sweep_all_traits/cache/body_mass/tmc_perm_state_target_3_seed_1115965396.json
2026-03-04 15:38:18 | INFO | src.tmc_shapley_islands | TMC progress: 48/80 permutations done, cache hit rate: 31.4%, n_evals: 83
2026-03-04 15:41:59 | INFO | src.tmc_shapley_islands | TMC progress: 64/80 permutations done, cache hit rate: 26.9%, n_evals: 264
2026-03-04 15:45:26 | INFO | src.tmc_shapley_islands | TMC progress: 80/80 permutations done, cache hit rate: 28.0%, n_evals: 433
2026-03-04 15:45:26 | INFO | src.tmc_shapley_islands | TMC complete: 80 permutations, 0 truncated, 433 utility evals, cache hit rate: 28.0%
2026-03-04 15:45:26 | INFO | src.tmc_shapley_islands | Shapley values (phi, computed on cal set):
2026-03-04 15:45:26 | INFO | src.tmc_shapley_islands |   Nesøy: phi=-0.053341, phi/n=-0.00044824
2026-03-04 15:45:26 | INFO | src.tmc_shapley_islands |   Myken: phi=0.054468, phi/n=0.00059204
2026-03-04 15:45:26 | INFO | src.tmc_shapley_islands |   Træna: phi=0.153721, phi/n=0.00052644
2026-03-04 15:45:26 | INFO | src.tmc_shapley_islands |   Gjerøy: phi=-0.129014, phi/n=-0.00023121
2026-03-04 15:45:26 | INFO | src.tmc_shapley_islands |   Hestmannøy: phi=-0.235835, phi/n=-0.00021877
2026-03-04 15:45:26 | INFO | src.tmc_shapley_islands |   Indre Kvarøy: phi=0.062987, phi/n=0.00017693
2026-03-04 15:45:26 | INFO | src.tmc_shapley_islands |   Onøy og Lurøy: phi=0.030621, phi/n=0.00011823
2026-03-04 15:45:26 | INFO | src.tmc_shapley_islands |   Lovund: phi=0.161503, phi/n=0.00102217
2026-03-04 15:45:26 | INFO | src.tmc_shapley_islands |   Sleneset: phi=-0.047796, phi/n=-0.00028793
2026-03-04 15:45:26 | INFO | src.tmc_shapley_islands |   Aldra: phi=0.027117, phi/n=0.00015675
2026-03-04 15:45:26 | INFO | src.tmc_shapley_islands |   Southern 1: phi=0.141699, phi/n=0.00024305
2026-03-04 15:45:26 | INFO | src.tmc_shapley_islands |   Southern 2: phi=-0.022180, phi/n=-0.00005587
2026-03-04 15:45:26 | INFO | src.tmc_shapley_islands |   Southern 3: phi=0.014261, phi/n=0.00002442
2026-03-04 15:45:26 | INFO | src.tmc_shapley_islands |   Southern 4: phi=0.020391, phi/n=0.00004196
2026-03-04 15:45:26 | INFO | src.tmc_shapley_islands |   Southern 5: phi=-0.076388, phi/n=-0.00037816
2026-03-04 15:45:26 | INFO | src.tmc_shapley_islands | Curve retraining early stopping: enabled=True, patience=20
2026-03-04 15:45:26 | INFO | src.tmc_shapley_islands | Computing add-islands curve (evaluated on test set)...
2026-03-04 15:45:26 | INFO | src.tmc_shapley_islands | Add-curve (mean): 1 islands, n=158 -> corr=0.2347
2026-03-04 15:45:26 | INFO | src.tmc_shapley_islands | Add-curve (mean): 2 islands, n=250 -> corr=0.1395
2026-03-04 15:45:26 | INFO | src.tmc_shapley_islands | Add-curve (mean): 3 islands, n=542 -> corr=0.1541
2026-03-04 15:45:26 | INFO | src.tmc_shapley_islands | Add-curve (mean): 4 islands, n=1125 -> corr=0.1732
2026-03-04 15:45:27 | INFO | src.tmc_shapley_islands | Add-curve (mean): 5 islands, n=1481 -> corr=0.2254
2026-03-04 15:45:28 | INFO | src.tmc_shapley_islands | Add-curve (mean): 6 islands, n=1654 -> corr=0.2470
2026-03-04 15:45:29 | INFO | src.tmc_shapley_islands | Add-curve (mean): 7 islands, n=1913 -> corr=0.3055
2026-03-04 15:45:30 | INFO | src.tmc_shapley_islands | Add-curve (mean): 8 islands, n=2399 -> corr=0.2991
2026-03-04 15:45:31 | INFO | src.tmc_shapley_islands | Add-curve (mean): 9 islands, n=2983 -> corr=0.3000
2026-03-04 15:45:32 | INFO | src.tmc_shapley_islands | Add-curve (mean): 10 islands, n=3380 -> corr=0.2709
2026-03-04 15:45:34 | INFO | src.tmc_shapley_islands | Add-curve (mean): 11 islands, n=4458 -> corr=0.2627
2026-03-04 15:45:37 | INFO | src.tmc_shapley_islands | Add-curve (mean): 12 islands, n=5016 -> corr=0.2346
2026-03-04 15:45:39 | INFO | src.tmc_shapley_islands | Add-curve (mean): 13 islands, n=5182 -> corr=0.2318
2026-03-04 15:45:42 | INFO | src.tmc_shapley_islands | Add-curve (mean): 14 islands, n=5384 -> corr=0.2348
2026-03-04 15:45:44 | INFO | src.tmc_shapley_islands | Add-curve (mean): 15 islands, n=5503 -> corr=0.2489
2026-03-04 15:45:57 | INFO | src.tmc_shapley_islands | Random individual add-curve (seed=0) complete
2026-03-04 15:46:11 | INFO | src.tmc_shapley_islands | Random individual add-curve (seed=1) complete
2026-03-04 15:46:24 | INFO | src.tmc_shapley_islands | Random individual add-curve (seed=2) complete
2026-03-04 15:46:37 | INFO | src.tmc_shapley_islands | Random individual add-curve (seed=3) complete
2026-03-04 15:46:50 | INFO | src.tmc_shapley_islands | Random individual add-curve (seed=4) complete
2026-03-04 15:46:50 | INFO | src.tmc_shapley_islands | Building mirrored remove-islands curve from add-islands curve...
2026-03-04 15:46:50 | INFO | src.tmc_shapley_islands | Saved Shapley values to outputs/tmc_shapley_sweep_all_traits/shards/shard_015/body_mass/tmp/shapley_island_values_target_3.csv
2026-03-04 15:46:50 | INFO | src.tmc_shapley_islands | Saved summary to outputs/tmc_shapley_sweep_all_traits/shards/shard_015/body_mass/tmp/tmc_summary_target_3.json
2026-03-04 15:46:50 | INFO | src.tmc_shapley_islands | Saved intermediate ranking trace to outputs/tmc_shapley_sweep_all_traits/shards/shard_015/body_mass/tmp/tmc_intermediate_rankings_target_3.csv
2026-03-04 15:46:50 | INFO | src.tmc_shapley_islands | Saved add-curve to outputs/tmc_shapley_sweep_all_traits/shards/shard_015/body_mass/tmp/add_curve_target_3.csv
2026-03-04 15:46:50 | INFO | src.tmc_shapley_islands | Saved remove-curve to outputs/tmc_shapley_sweep_all_traits/shards/shard_015/body_mass/tmp/remove_curve_target_3.csv
2026-03-04 15:46:52 | INFO | src.tmc_shapley_islands | Saved bar plot to outputs/tmc_shapley_sweep_all_traits/shards/shard_015/body_mass/tmp/shapley_bar_target_3.png
2026-03-04 15:46:52 | INFO | src.tmc_shapley_islands | Saved add-curve plot to outputs/tmc_shapley_sweep_all_traits/shards/shard_015/body_mass/tmp/add_curve_target_3.png
2026-03-04 15:46:53 | INFO | src.tmc_shapley_islands | Saved remove-curve plot to outputs/tmc_shapley_sweep_all_traits/shards/shard_015/body_mass/tmp/remove_curve_target_3.png
2026-03-04 15:46:53 | INFO | __main__ | Shard 15/30 trait=body_mass progress 10/75 | target=3 n_cal_samples=20 perm=150 repeat=5
2026-03-04 15:46:53 | INFO | src.tmc_shapley_islands | [Shapley] Target island: 3 (Selvær), source islands: 15
2026-03-04 15:46:54 | INFO | src.tmc_shapley_islands | Data: source=5503 (across 15 islands), cal=20, test=44
2026-03-04 15:46:54 | INFO | src.tmc_shapley_islands | SNP selection: using fixed precomputed subset (n=20000)
2026-03-04 15:46:54 | INFO | src.tmc_shapley_islands | Island counts (capped to None in training):
  Nesøy: n=119
  Myken: n=92
  Træna: n=292
  Gjerøy: n=558
  Hestmannøy: n=1078
  Indre Kvarøy: n=356
  Onøy og Lurøy: n=259
  Lovund: n=158
  Sleneset: n=166
  Aldra: n=173
  Southern 1: n=583
  Southern 2: n=397
  Southern 3: n=584
  Southern 4: n=486
  Southern 5: n=202
2026-03-04 15:46:54 | INFO | src.tmc_shapley_islands | Loaded 918 cached utilities from outputs/tmc_shapley_sweep_all_traits/cache/body_mass/utility_cache_target_3_seed_1115965396.json
2026-03-04 15:46:54 | INFO | src.tmc_shapley_islands | Running TMC-Shapley with 150 permutations (utility on cal set)...
2026-03-04 15:46:54 | INFO | src.tmc_shapley_islands | Computing V_full over all 15 source islands...
2026-03-04 15:46:54 | INFO | src.tmc_shapley_islands | V_full = 0.1022
2026-03-04 15:46:54 | INFO | src.tmc_shapley_islands | TMC head-start: loaded 80 completed permutations from state outputs/tmc_shapley_sweep_all_traits/cache/body_mass/tmc_perm_state_target_3_seed_1115965396.json
2026-03-04 15:48:58 | INFO | src.tmc_shapley_islands | TMC progress: 90/150 permutations done, cache hit rate: 30.5%, n_evals: 105
2026-03-04 15:54:36 | INFO | src.tmc_shapley_islands | TMC progress: 120/150 permutations done, cache hit rate: 32.8%, n_evals: 404
2026-03-04 16:00:42 | INFO | src.tmc_shapley_islands | TMC progress: 150/150 permutations done, cache hit rate: 34.1%, n_evals: 693
2026-03-04 16:00:42 | INFO | src.tmc_shapley_islands | TMC complete: 150 permutations, 0 truncated, 693 utility evals, cache hit rate: 34.1%
2026-03-04 16:00:42 | INFO | src.tmc_shapley_islands | Shapley values (phi, computed on cal set):
2026-03-04 16:00:42 | INFO | src.tmc_shapley_islands |   Nesøy: phi=-0.053901, phi/n=-0.00045295
2026-03-04 16:00:42 | INFO | src.tmc_shapley_islands |   Myken: phi=0.050382, phi/n=0.00054763
2026-03-04 16:00:42 | INFO | src.tmc_shapley_islands |   Træna: phi=0.156078, phi/n=0.00053451
2026-03-04 16:00:42 | INFO | src.tmc_shapley_islands |   Gjerøy: phi=-0.133311, phi/n=-0.00023891
2026-03-04 16:00:42 | INFO | src.tmc_shapley_islands |   Hestmannøy: phi=-0.231852, phi/n=-0.00021508
2026-03-04 16:00:42 | INFO | src.tmc_shapley_islands |   Indre Kvarøy: phi=0.063521, phi/n=0.00017843
2026-03-04 16:00:42 | INFO | src.tmc_shapley_islands |   Onøy og Lurøy: phi=0.037932, phi/n=0.00014645
2026-03-04 16:00:42 | INFO | src.tmc_shapley_islands |   Lovund: phi=0.171662, phi/n=0.00108647
2026-03-04 16:00:42 | INFO | src.tmc_shapley_islands |   Sleneset: phi=-0.055393, phi/n=-0.00033369
2026-03-04 16:00:42 | INFO | src.tmc_shapley_islands |   Aldra: phi=0.027902, phi/n=0.00016129
2026-03-04 16:00:42 | INFO | src.tmc_shapley_islands |   Southern 1: phi=0.140452, phi/n=0.00024091
2026-03-04 16:00:42 | INFO | src.tmc_shapley_islands |   Southern 2: phi=-0.024258, phi/n=-0.00006110
2026-03-04 16:00:42 | INFO | src.tmc_shapley_islands |   Southern 3: phi=0.013058, phi/n=0.00002236
2026-03-04 16:00:42 | INFO | src.tmc_shapley_islands |   Southern 4: phi=0.022793, phi/n=0.00004690
2026-03-04 16:00:42 | INFO | src.tmc_shapley_islands |   Southern 5: phi=-0.082851, phi/n=-0.00041015
2026-03-04 16:00:42 | INFO | src.tmc_shapley_islands | Curve retraining early stopping: enabled=True, patience=20
2026-03-04 16:00:42 | INFO | src.tmc_shapley_islands | Computing add-islands curve (evaluated on test set)...
2026-03-04 16:00:42 | INFO | src.tmc_shapley_islands | Add-curve (mean): 1 islands, n=158 -> corr=0.2347
2026-03-04 16:00:42 | INFO | src.tmc_shapley_islands | Add-curve (mean): 2 islands, n=250 -> corr=0.1395
2026-03-04 16:00:43 | INFO | src.tmc_shapley_islands | Add-curve (mean): 3 islands, n=542 -> corr=0.1541
2026-03-04 16:00:43 | INFO | src.tmc_shapley_islands | Add-curve (mean): 4 islands, n=1125 -> corr=0.1732
2026-03-04 16:00:44 | INFO | src.tmc_shapley_islands | Add-curve (mean): 5 islands, n=1481 -> corr=0.2254
2026-03-04 16:00:45 | INFO | src.tmc_shapley_islands | Add-curve (mean): 6 islands, n=1654 -> corr=0.2470
2026-03-04 16:00:45 | INFO | src.tmc_shapley_islands | Add-curve (mean): 7 islands, n=1913 -> corr=0.3055
2026-03-04 16:00:46 | INFO | src.tmc_shapley_islands | Add-curve (mean): 8 islands, n=2399 -> corr=0.2991
2026-03-04 16:00:48 | INFO | src.tmc_shapley_islands | Add-curve (mean): 9 islands, n=2983 -> corr=0.3000
2026-03-04 16:00:49 | INFO | src.tmc_shapley_islands | Add-curve (mean): 10 islands, n=3380 -> corr=0.2709
2026-03-04 16:00:51 | INFO | src.tmc_shapley_islands | Add-curve (mean): 11 islands, n=4458 -> corr=0.2627
2026-03-04 16:00:54 | INFO | src.tmc_shapley_islands | Add-curve (mean): 12 islands, n=5016 -> corr=0.2346
2026-03-04 16:00:56 | INFO | src.tmc_shapley_islands | Add-curve (mean): 13 islands, n=5182 -> corr=0.2318
2026-03-04 16:00:59 | INFO | src.tmc_shapley_islands | Add-curve (mean): 14 islands, n=5384 -> corr=0.2348
2026-03-04 16:01:01 | INFO | src.tmc_shapley_islands | Add-curve (mean): 15 islands, n=5503 -> corr=0.2489
2026-03-04 16:01:15 | INFO | src.tmc_shapley_islands | Random individual add-curve (seed=0) complete
2026-03-04 16:01:28 | INFO | src.tmc_shapley_islands | Random individual add-curve (seed=1) complete
2026-03-04 16:01:41 | INFO | src.tmc_shapley_islands | Random individual add-curve (seed=2) complete
2026-03-04 16:01:54 | INFO | src.tmc_shapley_islands | Random individual add-curve (seed=3) complete
2026-03-04 16:02:08 | INFO | src.tmc_shapley_islands | Random individual add-curve (seed=4) complete
2026-03-04 16:02:08 | INFO | src.tmc_shapley_islands | Building mirrored remove-islands curve from add-islands curve...
2026-03-04 16:02:08 | INFO | src.tmc_shapley_islands | Saved Shapley values to outputs/tmc_shapley_sweep_all_traits/shards/shard_015/body_mass/tmp/shapley_island_values_target_3.csv
2026-03-04 16:02:08 | INFO | src.tmc_shapley_islands | Saved summary to outputs/tmc_shapley_sweep_all_traits/shards/shard_015/body_mass/tmp/tmc_summary_target_3.json
2026-03-04 16:02:08 | INFO | src.tmc_shapley_islands | Saved intermediate ranking trace to outputs/tmc_shapley_sweep_all_traits/shards/shard_015/body_mass/tmp/tmc_intermediate_rankings_target_3.csv
2026-03-04 16:02:08 | INFO | src.tmc_shapley_islands | Saved add-curve to outputs/tmc_shapley_sweep_all_traits/shards/shard_015/body_mass/tmp/add_curve_target_3.csv
2026-03-04 16:02:08 | INFO | src.tmc_shapley_islands | Saved remove-curve to outputs/tmc_shapley_sweep_all_traits/shards/shard_015/body_mass/tmp/remove_curve_target_3.csv
2026-03-04 16:02:08 | INFO | src.tmc_shapley_islands | Saved bar plot to outputs/tmc_shapley_sweep_all_traits/shards/shard_015/body_mass/tmp/shapley_bar_target_3.png
2026-03-04 16:02:09 | INFO | src.tmc_shapley_islands | Saved add-curve plot to outputs/tmc_shapley_sweep_all_traits/shards/shard_015/body_mass/tmp/add_curve_target_3.png
2026-03-04 16:02:09 | INFO | src.tmc_shapley_islands | Saved remove-curve plot to outputs/tmc_shapley_sweep_all_traits/shards/shard_015/body_mass/tmp/remove_curve_target_3.png
2026-03-04 16:02:10 | INFO | __main__ | Shard 15/30 trait=body_mass progress 11/75 | target=3 n_cal_samples=40 perm=10 repeat=5
2026-03-04 16:02:10 | INFO | src.tmc_shapley_islands | [Shapley] Target island: 3 (Selvær), source islands: 15
2026-03-04 16:02:10 | INFO | src.tmc_shapley_islands | Data: source=5503 (across 15 islands), cal=40, test=44
2026-03-04 16:02:10 | INFO | src.tmc_shapley_islands | SNP selection: using fixed precomputed subset (n=20000)
2026-03-04 16:02:10 | INFO | src.tmc_shapley_islands | Island counts (capped to None in training):
  Nesøy: n=119
  Myken: n=92
  Træna: n=292
  Gjerøy: n=558
  Hestmannøy: n=1078
  Indre Kvarøy: n=356
  Onøy og Lurøy: n=259
  Lovund: n=158
  Sleneset: n=166
  Aldra: n=173
  Southern 1: n=583
  Southern 2: n=397
  Southern 3: n=584
  Southern 4: n=486
  Southern 5: n=202
2026-03-04 16:02:10 | INFO | src.tmc_shapley_islands | Running TMC-Shapley with 10 permutations (utility on cal set)...
2026-03-04 16:02:10 | INFO | src.tmc_shapley_islands | Computing V_full over all 15 source islands...
2026-03-04 16:02:13 | INFO | src.tmc_shapley_islands | V_full = 0.0181
2026-03-04 16:02:47 | INFO | src.tmc_shapley_islands | TMC progress: 2/10 permutations done, cache hit rate: 6.5%, n_evals: 29
2026-03-04 16:03:14 | INFO | src.tmc_shapley_islands | TMC progress: 4/10 permutations done, cache hit rate: 8.2%, n_evals: 56
2026-03-04 16:03:44 | INFO | src.tmc_shapley_islands | TMC progress: 6/10 permutations done, cache hit rate: 9.9%, n_evals: 82
2026-03-04 16:04:15 | INFO | src.tmc_shapley_islands | TMC progress: 8/10 permutations done, cache hit rate: 9.9%, n_evals: 109
2026-03-04 16:04:51 | INFO | src.tmc_shapley_islands | TMC progress: 10/10 permutations done, cache hit rate: 10.6%, n_evals: 135
2026-03-04 16:04:51 | INFO | src.tmc_shapley_islands | TMC complete: 10 permutations, 0 truncated, 135 utility evals, cache hit rate: 10.6%
2026-03-04 16:04:51 | INFO | src.tmc_shapley_islands | Shapley values (phi, computed on cal set):
2026-03-04 16:04:51 | INFO | src.tmc_shapley_islands |   Nesøy: phi=0.018994, phi/n=0.00015962
2026-03-04 16:04:51 | INFO | src.tmc_shapley_islands |   Myken: phi=-0.029806, phi/n=-0.00032398
2026-03-04 16:04:51 | INFO | src.tmc_shapley_islands |   Træna: phi=0.158549, phi/n=0.00054298
2026-03-04 16:04:51 | INFO | src.tmc_shapley_islands |   Gjerøy: phi=-0.058133, phi/n=-0.00010418
2026-03-04 16:04:51 | INFO | src.tmc_shapley_islands |   Hestmannøy: phi=0.120431, phi/n=0.00011172
2026-03-04 16:04:51 | INFO | src.tmc_shapley_islands |   Indre Kvarøy: phi=0.030201, phi/n=0.00008483
2026-03-04 16:04:51 | INFO | src.tmc_shapley_islands |   Onøy og Lurøy: phi=-0.048390, phi/n=-0.00018683
2026-03-04 16:04:51 | INFO | src.tmc_shapley_islands |   Lovund: phi=0.079640, phi/n=0.00050405
2026-03-04 16:04:51 | INFO | src.tmc_shapley_islands |   Sleneset: phi=0.050122, phi/n=0.00030194
2026-03-04 16:04:51 | INFO | src.tmc_shapley_islands |   Aldra: phi=0.034526, phi/n=0.00019957
2026-03-04 16:04:51 | INFO | src.tmc_shapley_islands |   Southern 1: phi=-0.108007, phi/n=-0.00018526
2026-03-04 16:04:51 | INFO | src.tmc_shapley_islands |   Southern 2: phi=-0.050011, phi/n=-0.00012597
2026-03-04 16:04:51 | INFO | src.tmc_shapley_islands |   Southern 3: phi=-0.107745, phi/n=-0.00018449
2026-03-04 16:04:51 | INFO | src.tmc_shapley_islands |   Southern 4: phi=-0.037365, phi/n=-0.00007688
2026-03-04 16:04:51 | INFO | src.tmc_shapley_islands |   Southern 5: phi=-0.034937, phi/n=-0.00017296
2026-03-04 16:04:51 | INFO | src.tmc_shapley_islands | Curve retraining early stopping: enabled=True, patience=20
2026-03-04 16:04:51 | INFO | src.tmc_shapley_islands | Computing add-islands curve (evaluated on test set)...
2026-03-04 16:04:51 | INFO | src.tmc_shapley_islands | Add-curve (mean): 1 islands, n=292 -> corr=0.3860
2026-03-04 16:04:51 | INFO | src.tmc_shapley_islands | Add-curve (mean): 2 islands, n=450 -> corr=0.3745
2026-03-04 16:04:51 | INFO | src.tmc_shapley_islands | Add-curve (mean): 3 islands, n=616 -> corr=0.3436
2026-03-04 16:04:52 | INFO | src.tmc_shapley_islands | Add-curve (mean): 4 islands, n=789 -> corr=0.3964
2026-03-04 16:04:52 | INFO | src.tmc_shapley_islands | Add-curve (mean): 5 islands, n=908 -> corr=0.4009
2026-03-04 16:04:53 | INFO | src.tmc_shapley_islands | Add-curve (mean): 6 islands, n=1986 -> corr=0.3833
2026-03-04 16:04:54 | INFO | src.tmc_shapley_islands | Add-curve (mean): 7 islands, n=2342 -> corr=0.3677
2026-03-04 16:04:55 | INFO | src.tmc_shapley_islands | Add-curve (mean): 8 islands, n=2828 -> corr=0.3350
2026-03-04 16:04:57 | INFO | src.tmc_shapley_islands | Add-curve (mean): 9 islands, n=3386 -> corr=0.2974
2026-03-04 16:04:59 | INFO | src.tmc_shapley_islands | Add-curve (mean): 10 islands, n=3783 -> corr=0.2799
2026-03-04 16:05:00 | INFO | src.tmc_shapley_islands | Add-curve (mean): 11 islands, n=3985 -> corr=0.2941
2026-03-04 16:05:02 | INFO | src.tmc_shapley_islands | Add-curve (mean): 12 islands, n=4569 -> corr=0.3088
2026-03-04 16:05:05 | INFO | src.tmc_shapley_islands | Add-curve (mean): 13 islands, n=5152 -> corr=0.3091
2026-03-04 16:05:08 | INFO | src.tmc_shapley_islands | Add-curve (mean): 14 islands, n=5411 -> corr=0.2846
2026-03-04 16:05:11 | INFO | src.tmc_shapley_islands | Add-curve (mean): 15 islands, n=5503 -> corr=0.2824
2026-03-04 16:05:24 | INFO | src.tmc_shapley_islands | Random individual add-curve (seed=0) complete
2026-03-04 16:05:37 | INFO | src.tmc_shapley_islands | Random individual add-curve (seed=1) complete
2026-03-04 16:05:51 | INFO | src.tmc_shapley_islands | Random individual add-curve (seed=2) complete
2026-03-04 16:06:03 | INFO | src.tmc_shapley_islands | Random individual add-curve (seed=3) complete
2026-03-04 16:06:18 | INFO | src.tmc_shapley_islands | Random individual add-curve (seed=4) complete
2026-03-04 16:06:18 | INFO | src.tmc_shapley_islands | Building mirrored remove-islands curve from add-islands curve...
2026-03-04 16:06:18 | INFO | src.tmc_shapley_islands | Saved Shapley values to outputs/tmc_shapley_sweep_all_traits/shards/shard_015/body_mass/tmp/shapley_island_values_target_3.csv
2026-03-04 16:06:18 | INFO | src.tmc_shapley_islands | Saved summary to outputs/tmc_shapley_sweep_all_traits/shards/shard_015/body_mass/tmp/tmc_summary_target_3.json
2026-03-04 16:06:18 | INFO | src.tmc_shapley_islands | Saved intermediate ranking trace to outputs/tmc_shapley_sweep_all_traits/shards/shard_015/body_mass/tmp/tmc_intermediate_rankings_target_3.csv
2026-03-04 16:06:18 | INFO | src.tmc_shapley_islands | Saved add-curve to outputs/tmc_shapley_sweep_all_traits/shards/shard_015/body_mass/tmp/add_curve_target_3.csv
2026-03-04 16:06:18 | INFO | src.tmc_shapley_islands | Saved remove-curve to outputs/tmc_shapley_sweep_all_traits/shards/shard_015/body_mass/tmp/remove_curve_target_3.csv
2026-03-04 16:06:18 | INFO | src.tmc_shapley_islands | Saved bar plot to outputs/tmc_shapley_sweep_all_traits/shards/shard_015/body_mass/tmp/shapley_bar_target_3.png
2026-03-04 16:06:19 | INFO | src.tmc_shapley_islands | Saved add-curve plot to outputs/tmc_shapley_sweep_all_traits/shards/shard_015/body_mass/tmp/add_curve_target_3.png
2026-03-04 16:06:20 | INFO | src.tmc_shapley_islands | Saved remove-curve plot to outputs/tmc_shapley_sweep_all_traits/shards/shard_015/body_mass/tmp/remove_curve_target_3.png
2026-03-04 16:06:20 | INFO | __main__ | Shard 15/30 trait=body_mass progress 12/75 | target=3 n_cal_samples=40 perm=20 repeat=5
2026-03-04 16:06:20 | INFO | src.tmc_shapley_islands | [Shapley] Target island: 3 (Selvær), source islands: 15
2026-03-04 16:06:20 | INFO | src.tmc_shapley_islands | Data: source=5503 (across 15 islands), cal=40, test=44
2026-03-04 16:06:20 | INFO | src.tmc_shapley_islands | SNP selection: using fixed precomputed subset (n=20000)
2026-03-04 16:06:20 | INFO | src.tmc_shapley_islands | Island counts (capped to None in training):
  Nesøy: n=119
  Myken: n=92
  Træna: n=292
  Gjerøy: n=558
  Hestmannøy: n=1078
  Indre Kvarøy: n=356
  Onøy og Lurøy: n=259
  Lovund: n=158
  Sleneset: n=166
  Aldra: n=173
  Southern 1: n=583
  Southern 2: n=397
  Southern 3: n=584
  Southern 4: n=486
  Southern 5: n=202
2026-03-04 16:06:20 | INFO | src.tmc_shapley_islands | Loaded 135 cached utilities from outputs/tmc_shapley_sweep_all_traits/cache/body_mass/utility_cache_target_3_seed_1962987321.json
2026-03-04 16:06:20 | INFO | src.tmc_shapley_islands | Running TMC-Shapley with 20 permutations (utility on cal set)...
2026-03-04 16:06:20 | INFO | src.tmc_shapley_islands | Computing V_full over all 15 source islands...
2026-03-04 16:06:20 | INFO | src.tmc_shapley_islands | V_full = 0.0181
2026-03-04 16:06:20 | INFO | src.tmc_shapley_islands | TMC head-start: loaded 10 completed permutations from state outputs/tmc_shapley_sweep_all_traits/cache/body_mass/tmc_perm_state_target_3_seed_1962987321.json
2026-03-04 16:06:47 | INFO | src.tmc_shapley_islands | TMC progress: 12/20 permutations done, cache hit rate: 22.6%, n_evals: 24
2026-03-04 16:07:38 | INFO | src.tmc_shapley_islands | TMC progress: 16/20 permutations done, cache hit rate: 20.9%, n_evals: 72
2026-03-04 16:08:43 | INFO | src.tmc_shapley_islands | TMC progress: 20/20 permutations done, cache hit rate: 20.5%, n_evals: 120
2026-03-04 16:08:43 | INFO | src.tmc_shapley_islands | TMC complete: 20 permutations, 0 truncated, 120 utility evals, cache hit rate: 20.5%
2026-03-04 16:08:43 | INFO | src.tmc_shapley_islands | Shapley values (phi, computed on cal set):
2026-03-04 16:08:43 | INFO | src.tmc_shapley_islands |   Nesøy: phi=0.019780, phi/n=0.00016622
2026-03-04 16:08:43 | INFO | src.tmc_shapley_islands |   Myken: phi=-0.022204, phi/n=-0.00024135
2026-03-04 16:08:43 | INFO | src.tmc_shapley_islands |   Træna: phi=0.144700, phi/n=0.00049555
2026-03-04 16:08:43 | INFO | src.tmc_shapley_islands |   Gjerøy: phi=-0.056715, phi/n=-0.00010164
2026-03-04 16:08:43 | INFO | src.tmc_shapley_islands |   Hestmannøy: phi=0.123181, phi/n=0.00011427
2026-03-04 16:08:43 | INFO | src.tmc_shapley_islands |   Indre Kvarøy: phi=0.028418, phi/n=0.00007983
2026-03-04 16:08:43 | INFO | src.tmc_shapley_islands |   Onøy og Lurøy: phi=-0.051468, phi/n=-0.00019872
2026-03-04 16:08:43 | INFO | src.tmc_shapley_islands |   Lovund: phi=0.093465, phi/n=0.00059155
2026-03-04 16:08:43 | INFO | src.tmc_shapley_islands |   Sleneset: phi=0.055063, phi/n=0.00033171
2026-03-04 16:08:43 | INFO | src.tmc_shapley_islands |   Aldra: phi=0.029772, phi/n=0.00017209
2026-03-04 16:08:43 | INFO | src.tmc_shapley_islands |   Southern 1: phi=-0.096116, phi/n=-0.00016486
2026-03-04 16:08:43 | INFO | src.tmc_shapley_islands |   Southern 2: phi=-0.043336, phi/n=-0.00010916
2026-03-04 16:08:43 | INFO | src.tmc_shapley_islands |   Southern 3: phi=-0.109574, phi/n=-0.00018763
2026-03-04 16:08:43 | INFO | src.tmc_shapley_islands |   Southern 4: phi=-0.045318, phi/n=-0.00009325
2026-03-04 16:08:43 | INFO | src.tmc_shapley_islands |   Southern 5: phi=-0.051580, phi/n=-0.00025535
2026-03-04 16:08:43 | INFO | src.tmc_shapley_islands | Curve retraining early stopping: enabled=True, patience=20
2026-03-04 16:08:43 | INFO | src.tmc_shapley_islands | Computing add-islands curve (evaluated on test set)...
2026-03-04 16:08:43 | INFO | src.tmc_shapley_islands | Add-curve (mean): 1 islands, n=158 -> corr=0.0476
2026-03-04 16:08:43 | INFO | src.tmc_shapley_islands | Add-curve (mean): 2 islands, n=450 -> corr=0.3745
2026-03-04 16:08:44 | INFO | src.tmc_shapley_islands | Add-curve (mean): 3 islands, n=616 -> corr=0.3436
2026-03-04 16:08:44 | INFO | src.tmc_shapley_islands | Add-curve (mean): 4 islands, n=789 -> corr=0.3964
2026-03-04 16:08:44 | INFO | src.tmc_shapley_islands | Add-curve (mean): 5 islands, n=908 -> corr=0.4009
2026-03-04 16:08:45 | INFO | src.tmc_shapley_islands | Add-curve (mean): 6 islands, n=1986 -> corr=0.3833
2026-03-04 16:08:46 | INFO | src.tmc_shapley_islands | Add-curve (mean): 7 islands, n=2342 -> corr=0.3677
2026-03-04 16:08:47 | INFO | src.tmc_shapley_islands | Add-curve (mean): 8 islands, n=2828 -> corr=0.3350
2026-03-04 16:08:49 | INFO | src.tmc_shapley_islands | Add-curve (mean): 9 islands, n=3386 -> corr=0.2974
2026-03-04 16:08:51 | INFO | src.tmc_shapley_islands | Add-curve (mean): 10 islands, n=3783 -> corr=0.2799
2026-03-04 16:08:53 | INFO | src.tmc_shapley_islands | Add-curve (mean): 11 islands, n=4366 -> corr=0.2801
2026-03-04 16:08:55 | INFO | src.tmc_shapley_islands | Add-curve (mean): 12 islands, n=4950 -> corr=0.2950
2026-03-04 16:08:57 | INFO | src.tmc_shapley_islands | Add-curve (mean): 13 islands, n=5209 -> corr=0.2703
2026-03-04 16:09:00 | INFO | src.tmc_shapley_islands | Add-curve (mean): 14 islands, n=5301 -> corr=0.2691
2026-03-04 16:09:03 | INFO | src.tmc_shapley_islands | Add-curve (mean): 15 islands, n=5503 -> corr=0.2824
2026-03-04 16:09:16 | INFO | src.tmc_shapley_islands | Random individual add-curve (seed=0) complete
2026-03-04 16:09:30 | INFO | src.tmc_shapley_islands | Random individual add-curve (seed=1) complete
2026-03-04 16:09:44 | INFO | src.tmc_shapley_islands | Random individual add-curve (seed=2) complete
2026-03-04 16:09:57 | INFO | src.tmc_shapley_islands | Random individual add-curve (seed=3) complete
2026-03-04 16:10:10 | INFO | src.tmc_shapley_islands | Random individual add-curve (seed=4) complete
2026-03-04 16:10:10 | INFO | src.tmc_shapley_islands | Building mirrored remove-islands curve from add-islands curve...
2026-03-04 16:10:10 | INFO | src.tmc_shapley_islands | Saved Shapley values to outputs/tmc_shapley_sweep_all_traits/shards/shard_015/body_mass/tmp/shapley_island_values_target_3.csv
2026-03-04 16:10:10 | INFO | src.tmc_shapley_islands | Saved summary to outputs/tmc_shapley_sweep_all_traits/shards/shard_015/body_mass/tmp/tmc_summary_target_3.json
2026-03-04 16:10:10 | INFO | src.tmc_shapley_islands | Saved intermediate ranking trace to outputs/tmc_shapley_sweep_all_traits/shards/shard_015/body_mass/tmp/tmc_intermediate_rankings_target_3.csv
2026-03-04 16:10:10 | INFO | src.tmc_shapley_islands | Saved add-curve to outputs/tmc_shapley_sweep_all_traits/shards/shard_015/body_mass/tmp/add_curve_target_3.csv
2026-03-04 16:10:10 | INFO | src.tmc_shapley_islands | Saved remove-curve to outputs/tmc_shapley_sweep_all_traits/shards/shard_015/body_mass/tmp/remove_curve_target_3.csv
2026-03-04 16:10:11 | INFO | src.tmc_shapley_islands | Saved bar plot to outputs/tmc_shapley_sweep_all_traits/shards/shard_015/body_mass/tmp/shapley_bar_target_3.png
2026-03-04 16:10:12 | INFO | src.tmc_shapley_islands | Saved add-curve plot to outputs/tmc_shapley_sweep_all_traits/shards/shard_015/body_mass/tmp/add_curve_target_3.png
2026-03-04 16:10:12 | INFO | src.tmc_shapley_islands | Saved remove-curve plot to outputs/tmc_shapley_sweep_all_traits/shards/shard_015/body_mass/tmp/remove_curve_target_3.png
2026-03-04 16:10:12 | INFO | __main__ | Shard 15/30 trait=body_mass progress 13/75 | target=3 n_cal_samples=40 perm=40 repeat=5
2026-03-04 16:10:12 | INFO | src.tmc_shapley_islands | [Shapley] Target island: 3 (Selvær), source islands: 15
2026-03-04 16:10:13 | INFO | src.tmc_shapley_islands | Data: source=5503 (across 15 islands), cal=40, test=44
2026-03-04 16:10:13 | INFO | src.tmc_shapley_islands | SNP selection: using fixed precomputed subset (n=20000)
2026-03-04 16:10:13 | INFO | src.tmc_shapley_islands | Island counts (capped to None in training):
  Nesøy: n=119
  Myken: n=92
  Træna: n=292
  Gjerøy: n=558
  Hestmannøy: n=1078
  Indre Kvarøy: n=356
  Onøy og Lurøy: n=259
  Lovund: n=158
  Sleneset: n=166
  Aldra: n=173
  Southern 1: n=583
  Southern 2: n=397
  Southern 3: n=584
  Southern 4: n=486
  Southern 5: n=202
2026-03-04 16:10:13 | INFO | src.tmc_shapley_islands | Loaded 255 cached utilities from outputs/tmc_shapley_sweep_all_traits/cache/body_mass/utility_cache_target_3_seed_1962987321.json
2026-03-04 16:10:13 | INFO | src.tmc_shapley_islands | Running TMC-Shapley with 40 permutations (utility on cal set)...
2026-03-04 16:10:13 | INFO | src.tmc_shapley_islands | Computing V_full over all 15 source islands...
2026-03-04 16:10:13 | INFO | src.tmc_shapley_islands | V_full = 0.0181
2026-03-04 16:10:13 | INFO | src.tmc_shapley_islands | TMC head-start: loaded 20 completed permutations from state outputs/tmc_shapley_sweep_all_traits/cache/body_mass/tmc_perm_state_target_3_seed_1962987321.json
2026-03-04 16:11:00 | INFO | src.tmc_shapley_islands | TMC progress: 24/40 permutations done, cache hit rate: 19.7%, n_evals: 49
2026-03-04 16:12:46 | INFO | src.tmc_shapley_islands | TMC progress: 32/40 permutations done, cache hit rate: 23.8%, n_evals: 138
2026-03-04 16:14:50 | INFO | src.tmc_shapley_islands | TMC progress: 40/40 permutations done, cache hit rate: 23.9%, n_evals: 229
2026-03-04 16:14:50 | INFO | src.tmc_shapley_islands | TMC complete: 40 permutations, 0 truncated, 229 utility evals, cache hit rate: 23.9%
2026-03-04 16:14:50 | INFO | src.tmc_shapley_islands | Shapley values (phi, computed on cal set):
2026-03-04 16:14:50 | INFO | src.tmc_shapley_islands |   Nesøy: phi=0.016641, phi/n=0.00013984
2026-03-04 16:14:50 | INFO | src.tmc_shapley_islands |   Myken: phi=-0.024481, phi/n=-0.00026610
2026-03-04 16:14:50 | INFO | src.tmc_shapley_islands |   Træna: phi=0.122585, phi/n=0.00041981
2026-03-04 16:14:50 | INFO | src.tmc_shapley_islands |   Gjerøy: phi=-0.053334, phi/n=-0.00009558
2026-03-04 16:14:50 | INFO | src.tmc_shapley_islands |   Hestmannøy: phi=0.132472, phi/n=0.00012289
2026-03-04 16:14:50 | INFO | src.tmc_shapley_islands |   Indre Kvarøy: phi=0.022959, phi/n=0.00006449
2026-03-04 16:14:50 | INFO | src.tmc_shapley_islands |   Onøy og Lurøy: phi=-0.048769, phi/n=-0.00018830
2026-03-04 16:14:50 | INFO | src.tmc_shapley_islands |   Lovund: phi=0.085208, phi/n=0.00053929
2026-03-04 16:14:50 | INFO | src.tmc_shapley_islands |   Sleneset: phi=0.054431, phi/n=0.00032790
2026-03-04 16:14:50 | INFO | src.tmc_shapley_islands |   Aldra: phi=0.030026, phi/n=0.00017356
2026-03-04 16:14:50 | INFO | src.tmc_shapley_islands |   Southern 1: phi=-0.093925, phi/n=-0.00016111
2026-03-04 16:14:50 | INFO | src.tmc_shapley_islands |   Southern 2: phi=-0.049480, phi/n=-0.00012464
2026-03-04 16:14:50 | INFO | src.tmc_shapley_islands |   Southern 3: phi=-0.101194, phi/n=-0.00017328
2026-03-04 16:14:50 | INFO | src.tmc_shapley_islands |   Southern 4: phi=-0.041751, phi/n=-0.00008591
2026-03-04 16:14:50 | INFO | src.tmc_shapley_islands |   Southern 5: phi=-0.033320, phi/n=-0.00016495
2026-03-04 16:14:50 | INFO | src.tmc_shapley_islands | Curve retraining early stopping: enabled=True, patience=20
2026-03-04 16:14:50 | INFO | src.tmc_shapley_islands | Computing add-islands curve (evaluated on test set)...
2026-03-04 16:14:50 | INFO | src.tmc_shapley_islands | Add-curve (mean): 1 islands, n=158 -> corr=0.0476
2026-03-04 16:14:51 | INFO | src.tmc_shapley_islands | Add-curve (mean): 2 islands, n=450 -> corr=0.3745
2026-03-04 16:14:51 | INFO | src.tmc_shapley_islands | Add-curve (mean): 3 islands, n=616 -> corr=0.3436
2026-03-04 16:14:51 | INFO | src.tmc_shapley_islands | Add-curve (mean): 4 islands, n=789 -> corr=0.3964
2026-03-04 16:14:52 | INFO | src.tmc_shapley_islands | Add-curve (mean): 5 islands, n=908 -> corr=0.4009
2026-03-04 16:14:52 | INFO | src.tmc_shapley_islands | Add-curve (mean): 6 islands, n=1986 -> corr=0.3833
2026-03-04 16:14:53 | INFO | src.tmc_shapley_islands | Add-curve (mean): 7 islands, n=2342 -> corr=0.3677
2026-03-04 16:14:55 | INFO | src.tmc_shapley_islands | Add-curve (mean): 8 islands, n=2828 -> corr=0.3350
2026-03-04 16:14:56 | INFO | src.tmc_shapley_islands | Add-curve (mean): 9 islands, n=3386 -> corr=0.2974
2026-03-04 16:14:58 | INFO | src.tmc_shapley_islands | Add-curve (mean): 10 islands, n=3783 -> corr=0.2799
2026-03-04 16:15:00 | INFO | src.tmc_shapley_islands | Add-curve (mean): 11 islands, n=4366 -> corr=0.2801
2026-03-04 16:15:02 | INFO | src.tmc_shapley_islands | Add-curve (mean): 12 islands, n=4568 -> corr=0.2946
2026-03-04 16:15:04 | INFO | src.tmc_shapley_islands | Add-curve (mean): 13 islands, n=5152 -> corr=0.3091
2026-03-04 16:15:07 | INFO | src.tmc_shapley_islands | Add-curve (mean): 14 islands, n=5411 -> corr=0.2846
2026-03-04 16:15:10 | INFO | src.tmc_shapley_islands | Add-curve (mean): 15 islands, n=5503 -> corr=0.2824
2026-03-04 16:15:23 | INFO | src.tmc_shapley_islands | Random individual add-curve (seed=0) complete
2026-03-04 16:15:36 | INFO | src.tmc_shapley_islands | Random individual add-curve (seed=1) complete
2026-03-04 16:15:49 | INFO | src.tmc_shapley_islands | Random individual add-curve (seed=2) complete
2026-03-04 16:16:01 | INFO | src.tmc_shapley_islands | Random individual add-curve (seed=3) complete
2026-03-04 16:16:15 | INFO | src.tmc_shapley_islands | Random individual add-curve (seed=4) complete
2026-03-04 16:16:15 | INFO | src.tmc_shapley_islands | Building mirrored remove-islands curve from add-islands curve...
2026-03-04 16:16:15 | INFO | src.tmc_shapley_islands | Saved Shapley values to outputs/tmc_shapley_sweep_all_traits/shards/shard_015/body_mass/tmp/shapley_island_values_target_3.csv
2026-03-04 16:16:15 | INFO | src.tmc_shapley_islands | Saved summary to outputs/tmc_shapley_sweep_all_traits/shards/shard_015/body_mass/tmp/tmc_summary_target_3.json
2026-03-04 16:16:15 | INFO | src.tmc_shapley_islands | Saved intermediate ranking trace to outputs/tmc_shapley_sweep_all_traits/shards/shard_015/body_mass/tmp/tmc_intermediate_rankings_target_3.csv
2026-03-04 16:16:15 | INFO | src.tmc_shapley_islands | Saved add-curve to outputs/tmc_shapley_sweep_all_traits/shards/shard_015/body_mass/tmp/add_curve_target_3.csv
2026-03-04 16:16:15 | INFO | src.tmc_shapley_islands | Saved remove-curve to outputs/tmc_shapley_sweep_all_traits/shards/shard_015/body_mass/tmp/remove_curve_target_3.csv
2026-03-04 16:16:15 | INFO | src.tmc_shapley_islands | Saved bar plot to outputs/tmc_shapley_sweep_all_traits/shards/shard_015/body_mass/tmp/shapley_bar_target_3.png
2026-03-04 16:16:16 | INFO | src.tmc_shapley_islands | Saved add-curve plot to outputs/tmc_shapley_sweep_all_traits/shards/shard_015/body_mass/tmp/add_curve_target_3.png
2026-03-04 16:16:16 | INFO | src.tmc_shapley_islands | Saved remove-curve plot to outputs/tmc_shapley_sweep_all_traits/shards/shard_015/body_mass/tmp/remove_curve_target_3.png
2026-03-04 16:16:16 | INFO | __main__ | Shard 15/30 trait=body_mass progress 14/75 | target=3 n_cal_samples=40 perm=80 repeat=5
2026-03-04 16:16:16 | INFO | src.tmc_shapley_islands | [Shapley] Target island: 3 (Selvær), source islands: 15
2026-03-04 16:16:17 | INFO | src.tmc_shapley_islands | Data: source=5503 (across 15 islands), cal=40, test=44
2026-03-04 16:16:17 | INFO | src.tmc_shapley_islands | SNP selection: using fixed precomputed subset (n=20000)
2026-03-04 16:16:17 | INFO | src.tmc_shapley_islands | Island counts (capped to None in training):
  Nesøy: n=119
  Myken: n=92
  Træna: n=292
  Gjerøy: n=558
  Hestmannøy: n=1078
  Indre Kvarøy: n=356
  Onøy og Lurøy: n=259
  Lovund: n=158
  Sleneset: n=166
  Aldra: n=173
  Southern 1: n=583
  Southern 2: n=397
  Southern 3: n=584
  Southern 4: n=486
  Southern 5: n=202
2026-03-04 16:16:17 | INFO | src.tmc_shapley_islands | Loaded 484 cached utilities from outputs/tmc_shapley_sweep_all_traits/cache/body_mass/utility_cache_target_3_seed_1962987321.json
2026-03-04 16:16:17 | INFO | src.tmc_shapley_islands | Running TMC-Shapley with 80 permutations (utility on cal set)...
2026-03-04 16:16:17 | INFO | src.tmc_shapley_islands | Computing V_full over all 15 source islands...
2026-03-04 16:16:17 | INFO | src.tmc_shapley_islands | V_full = 0.0181
2026-03-04 16:16:17 | INFO | src.tmc_shapley_islands | TMC head-start: loaded 40 completed permutations from state outputs/tmc_shapley_sweep_all_traits/cache/body_mass/tmc_perm_state_target_3_seed_1962987321.json
2026-03-04 16:18:07 | INFO | src.tmc_shapley_islands | TMC progress: 48/80 permutations done, cache hit rate: 25.6%, n_evals: 90
2026-03-04 16:21:44 | INFO | src.tmc_shapley_islands | TMC progress: 64/80 permutations done, cache hit rate: 25.8%, n_evals: 268
2026-03-04 16:25:17 | INFO | src.tmc_shapley_islands | TMC progress: 80/80 permutations done, cache hit rate: 28.1%, n_evals: 432
2026-03-04 16:25:17 | INFO | src.tmc_shapley_islands | TMC complete: 80 permutations, 0 truncated, 432 utility evals, cache hit rate: 28.1%
2026-03-04 16:25:17 | INFO | src.tmc_shapley_islands | Shapley values (phi, computed on cal set):
2026-03-04 16:25:17 | INFO | src.tmc_shapley_islands |   Nesøy: phi=0.015215, phi/n=0.00012786
2026-03-04 16:25:17 | INFO | src.tmc_shapley_islands |   Myken: phi=-0.026265, phi/n=-0.00028549
2026-03-04 16:25:17 | INFO | src.tmc_shapley_islands |   Træna: phi=0.102053, phi/n=0.00034950
2026-03-04 16:25:17 | INFO | src.tmc_shapley_islands |   Gjerøy: phi=-0.058290, phi/n=-0.00010446
2026-03-04 16:25:17 | INFO | src.tmc_shapley_islands |   Hestmannøy: phi=0.141978, phi/n=0.00013170
2026-03-04 16:25:17 | INFO | src.tmc_shapley_islands |   Indre Kvarøy: phi=0.021693, phi/n=0.00006093
2026-03-04 16:25:17 | INFO | src.tmc_shapley_islands |   Onøy og Lurøy: phi=-0.052940, phi/n=-0.00020440
2026-03-04 16:25:17 | INFO | src.tmc_shapley_islands |   Lovund: phi=0.089365, phi/n=0.00056560
2026-03-04 16:25:17 | INFO | src.tmc_shapley_islands |   Sleneset: phi=0.062066, phi/n=0.00037389
2026-03-04 16:25:17 | INFO | src.tmc_shapley_islands |   Aldra: phi=0.034578, phi/n=0.00019987
2026-03-04 16:25:17 | INFO | src.tmc_shapley_islands |   Southern 1: phi=-0.087941, phi/n=-0.00015084
2026-03-04 16:25:17 | INFO | src.tmc_shapley_islands |   Southern 2: phi=-0.058426, phi/n=-0.00014717
2026-03-04 16:25:17 | INFO | src.tmc_shapley_islands |   Southern 3: phi=-0.097159, phi/n=-0.00016637
2026-03-04 16:25:17 | INFO | src.tmc_shapley_islands |   Southern 4: phi=-0.040619, phi/n=-0.00008358
2026-03-04 16:25:17 | INFO | src.tmc_shapley_islands |   Southern 5: phi=-0.027240, phi/n=-0.00013485
2026-03-04 16:25:17 | INFO | src.tmc_shapley_islands | Curve retraining early stopping: enabled=True, patience=20
2026-03-04 16:25:17 | INFO | src.tmc_shapley_islands | Computing add-islands curve (evaluated on test set)...
2026-03-04 16:25:17 | INFO | src.tmc_shapley_islands | Add-curve (mean): 1 islands, n=158 -> corr=0.0476
2026-03-04 16:25:18 | INFO | src.tmc_shapley_islands | Add-curve (mean): 2 islands, n=324 -> corr=0.0459
2026-03-04 16:25:18 | INFO | src.tmc_shapley_islands | Add-curve (mean): 3 islands, n=616 -> corr=0.3436
2026-03-04 16:25:18 | INFO | src.tmc_shapley_islands | Add-curve (mean): 4 islands, n=789 -> corr=0.3964
2026-03-04 16:25:19 | INFO | src.tmc_shapley_islands | Add-curve (mean): 5 islands, n=1867 -> corr=0.3732
2026-03-04 16:25:20 | INFO | src.tmc_shapley_islands | Add-curve (mean): 6 islands, n=1986 -> corr=0.3833
2026-03-04 16:25:21 | INFO | src.tmc_shapley_islands | Add-curve (mean): 7 islands, n=2342 -> corr=0.3677
2026-03-04 16:25:22 | INFO | src.tmc_shapley_islands | Add-curve (mean): 8 islands, n=2828 -> corr=0.3350
2026-03-04 16:25:24 | INFO | src.tmc_shapley_islands | Add-curve (mean): 9 islands, n=3386 -> corr=0.2974
2026-03-04 16:25:25 | INFO | src.tmc_shapley_islands | Add-curve (mean): 10 islands, n=3588 -> corr=0.3127
2026-03-04 16:25:27 | INFO | src.tmc_shapley_islands | Add-curve (mean): 11 islands, n=3985 -> corr=0.2941
2026-03-04 16:25:29 | INFO | src.tmc_shapley_islands | Add-curve (mean): 12 islands, n=4568 -> corr=0.2946
2026-03-04 16:25:32 | INFO | src.tmc_shapley_islands | Add-curve (mean): 13 islands, n=5152 -> corr=0.3091
2026-03-04 16:25:34 | INFO | src.tmc_shapley_islands | Add-curve (mean): 14 islands, n=5411 -> corr=0.2846
2026-03-04 16:25:37 | INFO | src.tmc_shapley_islands | Add-curve (mean): 15 islands, n=5503 -> corr=0.2824
2026-03-04 16:25:51 | INFO | src.tmc_shapley_islands | Random individual add-curve (seed=0) complete
2026-03-04 16:26:04 | INFO | src.tmc_shapley_islands | Random individual add-curve (seed=1) complete
2026-03-04 16:26:17 | INFO | src.tmc_shapley_islands | Random individual add-curve (seed=2) complete
2026-03-04 16:26:31 | INFO | src.tmc_shapley_islands | Random individual add-curve (seed=3) complete
2026-03-04 16:26:44 | INFO | src.tmc_shapley_islands | Random individual add-curve (seed=4) complete
2026-03-04 16:26:44 | INFO | src.tmc_shapley_islands | Building mirrored remove-islands curve from add-islands curve...
2026-03-04 16:26:44 | INFO | src.tmc_shapley_islands | Saved Shapley values to outputs/tmc_shapley_sweep_all_traits/shards/shard_015/body_mass/tmp/shapley_island_values_target_3.csv
2026-03-04 16:26:44 | INFO | src.tmc_shapley_islands | Saved summary to outputs/tmc_shapley_sweep_all_traits/shards/shard_015/body_mass/tmp/tmc_summary_target_3.json
2026-03-04 16:26:44 | INFO | src.tmc_shapley_islands | Saved intermediate ranking trace to outputs/tmc_shapley_sweep_all_traits/shards/shard_015/body_mass/tmp/tmc_intermediate_rankings_target_3.csv
2026-03-04 16:26:44 | INFO | src.tmc_shapley_islands | Saved add-curve to outputs/tmc_shapley_sweep_all_traits/shards/shard_015/body_mass/tmp/add_curve_target_3.csv
2026-03-04 16:26:44 | INFO | src.tmc_shapley_islands | Saved remove-curve to outputs/tmc_shapley_sweep_all_traits/shards/shard_015/body_mass/tmp/remove_curve_target_3.csv
2026-03-04 16:26:45 | INFO | src.tmc_shapley_islands | Saved bar plot to outputs/tmc_shapley_sweep_all_traits/shards/shard_015/body_mass/tmp/shapley_bar_target_3.png
2026-03-04 16:26:45 | INFO | src.tmc_shapley_islands | Saved add-curve plot to outputs/tmc_shapley_sweep_all_traits/shards/shard_015/body_mass/tmp/add_curve_target_3.png
2026-03-04 16:26:46 | INFO | src.tmc_shapley_islands | Saved remove-curve plot to outputs/tmc_shapley_sweep_all_traits/shards/shard_015/body_mass/tmp/remove_curve_target_3.png
2026-03-04 16:26:46 | INFO | __main__ | Shard 15/30 trait=body_mass progress 15/75 | target=3 n_cal_samples=40 perm=150 repeat=5
2026-03-04 16:26:46 | INFO | src.tmc_shapley_islands | [Shapley] Target island: 3 (Selvær), source islands: 15
2026-03-04 16:26:47 | INFO | src.tmc_shapley_islands | Data: source=5503 (across 15 islands), cal=40, test=44
2026-03-04 16:26:47 | INFO | src.tmc_shapley_islands | SNP selection: using fixed precomputed subset (n=20000)
2026-03-04 16:26:47 | INFO | src.tmc_shapley_islands | Island counts (capped to None in training):
  Nesøy: n=119
  Myken: n=92
  Træna: n=292
  Gjerøy: n=558
  Hestmannøy: n=1078
  Indre Kvarøy: n=356
  Onøy og Lurøy: n=259
  Lovund: n=158
  Sleneset: n=166
  Aldra: n=173
  Southern 1: n=583
  Southern 2: n=397
  Southern 3: n=584
  Southern 4: n=486
  Southern 5: n=202
2026-03-04 16:26:47 | INFO | src.tmc_shapley_islands | Loaded 916 cached utilities from outputs/tmc_shapley_sweep_all_traits/cache/body_mass/utility_cache_target_3_seed_1962987321.json
2026-03-04 16:26:47 | INFO | src.tmc_shapley_islands | Running TMC-Shapley with 150 permutations (utility on cal set)...
2026-03-04 16:26:47 | INFO | src.tmc_shapley_islands | Computing V_full over all 15 source islands...
2026-03-04 16:26:47 | INFO | src.tmc_shapley_islands | V_full = 0.0181
2026-03-04 16:26:47 | INFO | src.tmc_shapley_islands | TMC head-start: loaded 80 completed permutations from state outputs/tmc_shapley_sweep_all_traits/cache/body_mass/tmc_perm_state_target_3_seed_1962987321.json
2026-03-04 16:28:56 | INFO | src.tmc_shapley_islands | TMC progress: 90/150 permutations done, cache hit rate: 29.8%, n_evals: 106
2026-03-04 16:35:16 | INFO | src.tmc_shapley_islands | TMC progress: 120/150 permutations done, cache hit rate: 31.9%, n_evals: 409
2026-03-04 16:41:19 | INFO | src.tmc_shapley_islands | TMC progress: 150/150 permutations done, cache hit rate: 33.5%, n_evals: 699
2026-03-04 16:41:19 | INFO | src.tmc_shapley_islands | TMC complete: 150 permutations, 0 truncated, 699 utility evals, cache hit rate: 33.5%
2026-03-04 16:41:19 | INFO | src.tmc_shapley_islands | Shapley values (phi, computed on cal set):
2026-03-04 16:41:19 | INFO | src.tmc_shapley_islands |   Nesøy: phi=0.013617, phi/n=0.00011443
2026-03-04 16:41:19 | INFO | src.tmc_shapley_islands |   Myken: phi=-0.030026, phi/n=-0.00032637
2026-03-04 16:41:19 | INFO | src.tmc_shapley_islands |   Træna: phi=0.100473, phi/n=0.00034409
2026-03-04 16:41:19 | INFO | src.tmc_shapley_islands |   Gjerøy: phi=-0.061124, phi/n=-0.00010954
2026-03-04 16:41:19 | INFO | src.tmc_shapley_islands |   Hestmannøy: phi=0.149892, phi/n=0.00013905
2026-03-04 16:41:19 | INFO | src.tmc_shapley_islands |   Indre Kvarøy: phi=0.025261, phi/n=0.00007096
2026-03-04 16:41:19 | INFO | src.tmc_shapley_islands |   Onøy og Lurøy: phi=-0.049616, phi/n=-0.00019157
2026-03-04 16:41:19 | INFO | src.tmc_shapley_islands |   Lovund: phi=0.086495, phi/n=0.00054744
2026-03-04 16:41:19 | INFO | src.tmc_shapley_islands |   Sleneset: phi=0.064542, phi/n=0.00038881
2026-03-04 16:41:19 | INFO | src.tmc_shapley_islands |   Aldra: phi=0.029592, phi/n=0.00017105
2026-03-04 16:41:19 | INFO | src.tmc_shapley_islands |   Southern 1: phi=-0.085116, phi/n=-0.00014600
2026-03-04 16:41:19 | INFO | src.tmc_shapley_islands |   Southern 2: phi=-0.058612, phi/n=-0.00014764
2026-03-04 16:41:19 | INFO | src.tmc_shapley_islands |   Southern 3: phi=-0.101297, phi/n=-0.00017345
2026-03-04 16:41:19 | INFO | src.tmc_shapley_islands |   Southern 4: phi=-0.037861, phi/n=-0.00007790
2026-03-04 16:41:19 | INFO | src.tmc_shapley_islands |   Southern 5: phi=-0.028154, phi/n=-0.00013938
2026-03-04 16:41:19 | INFO | src.tmc_shapley_islands | Curve retraining early stopping: enabled=True, patience=20
2026-03-04 16:41:19 | INFO | src.tmc_shapley_islands | Computing add-islands curve (evaluated on test set)...
2026-03-04 16:41:19 | INFO | src.tmc_shapley_islands | Add-curve (mean): 1 islands, n=158 -> corr=0.0476
2026-03-04 16:41:19 | INFO | src.tmc_shapley_islands | Add-curve (mean): 2 islands, n=324 -> corr=0.0459
2026-03-04 16:41:20 | INFO | src.tmc_shapley_islands | Add-curve (mean): 3 islands, n=616 -> corr=0.3436
2026-03-04 16:41:20 | INFO | src.tmc_shapley_islands | Add-curve (mean): 4 islands, n=789 -> corr=0.3964
2026-03-04 16:41:21 | INFO | src.tmc_shapley_islands | Add-curve (mean): 5 islands, n=1867 -> corr=0.3732
2026-03-04 16:41:22 | INFO | src.tmc_shapley_islands | Add-curve (mean): 6 islands, n=1986 -> corr=0.3833
2026-03-04 16:41:22 | INFO | src.tmc_shapley_islands | Add-curve (mean): 7 islands, n=2342 -> corr=0.3677
2026-03-04 16:41:24 | INFO | src.tmc_shapley_islands | Add-curve (mean): 8 islands, n=2828 -> corr=0.3350
2026-03-04 16:41:25 | INFO | src.tmc_shapley_islands | Add-curve (mean): 9 islands, n=3386 -> corr=0.2974
2026-03-04 16:41:27 | INFO | src.tmc_shapley_islands | Add-curve (mean): 10 islands, n=3588 -> corr=0.3127
2026-03-04 16:41:29 | INFO | src.tmc_shapley_islands | Add-curve (mean): 11 islands, n=4171 -> corr=0.3141
2026-03-04 16:41:31 | INFO | src.tmc_shapley_islands | Add-curve (mean): 12 islands, n=4568 -> corr=0.2946
2026-03-04 16:41:34 | INFO | src.tmc_shapley_islands | Add-curve (mean): 13 islands, n=5152 -> corr=0.3091
2026-03-04 16:41:36 | INFO | src.tmc_shapley_islands | Add-curve (mean): 14 islands, n=5411 -> corr=0.2846
2026-03-04 16:41:39 | INFO | src.tmc_shapley_islands | Add-curve (mean): 15 islands, n=5503 -> corr=0.2824
2026-03-04 16:41:53 | INFO | src.tmc_shapley_islands | Random individual add-curve (seed=0) complete
2026-03-04 16:42:06 | INFO | src.tmc_shapley_islands | Random individual add-curve (seed=1) complete
2026-03-04 16:42:19 | INFO | src.tmc_shapley_islands | Random individual add-curve (seed=2) complete
2026-03-04 16:42:33 | INFO | src.tmc_shapley_islands | Random individual add-curve (seed=3) complete
2026-03-04 16:42:46 | INFO | src.tmc_shapley_islands | Random individual add-curve (seed=4) complete
2026-03-04 16:42:46 | INFO | src.tmc_shapley_islands | Building mirrored remove-islands curve from add-islands curve...
2026-03-04 16:42:46 | INFO | src.tmc_shapley_islands | Saved Shapley values to outputs/tmc_shapley_sweep_all_traits/shards/shard_015/body_mass/tmp/shapley_island_values_target_3.csv
2026-03-04 16:42:46 | INFO | src.tmc_shapley_islands | Saved summary to outputs/tmc_shapley_sweep_all_traits/shards/shard_015/body_mass/tmp/tmc_summary_target_3.json
2026-03-04 16:42:46 | INFO | src.tmc_shapley_islands | Saved intermediate ranking trace to outputs/tmc_shapley_sweep_all_traits/shards/shard_015/body_mass/tmp/tmc_intermediate_rankings_target_3.csv
2026-03-04 16:42:46 | INFO | src.tmc_shapley_islands | Saved add-curve to outputs/tmc_shapley_sweep_all_traits/shards/shard_015/body_mass/tmp/add_curve_target_3.csv
2026-03-04 16:42:46 | INFO | src.tmc_shapley_islands | Saved remove-curve to outputs/tmc_shapley_sweep_all_traits/shards/shard_015/body_mass/tmp/remove_curve_target_3.csv
2026-03-04 16:42:47 | INFO | src.tmc_shapley_islands | Saved bar plot to outputs/tmc_shapley_sweep_all_traits/shards/shard_015/body_mass/tmp/shapley_bar_target_3.png
2026-03-04 16:42:48 | INFO | src.tmc_shapley_islands | Saved add-curve plot to outputs/tmc_shapley_sweep_all_traits/shards/shard_015/body_mass/tmp/add_curve_target_3.png
2026-03-04 16:42:48 | INFO | src.tmc_shapley_islands | Saved remove-curve plot to outputs/tmc_shapley_sweep_all_traits/shards/shard_015/body_mass/tmp/remove_curve_target_3.png
2026-03-04 16:42:48 | INFO | __main__ | Shard 15/30 trait=body_mass progress 16/75 | target=3 n_cal_samples=80 perm=10 repeat=5
2026-03-04 16:42:48 | INFO | src.tmc_shapley_islands | [Shapley] Target island: 3 (Selvær), source islands: 15
2026-03-04 16:42:49 | INFO | src.tmc_shapley_islands | Data: source=5503 (across 15 islands), cal=80, test=44
2026-03-04 16:42:49 | INFO | src.tmc_shapley_islands | SNP selection: using fixed precomputed subset (n=20000)
2026-03-04 16:42:49 | INFO | src.tmc_shapley_islands | Island counts (capped to None in training):
  Nesøy: n=119
  Myken: n=92
  Træna: n=292
  Gjerøy: n=558
  Hestmannøy: n=1078
  Indre Kvarøy: n=356
  Onøy og Lurøy: n=259
  Lovund: n=158
  Sleneset: n=166
  Aldra: n=173
  Southern 1: n=583
  Southern 2: n=397
  Southern 3: n=584
  Southern 4: n=486
  Southern 5: n=202
2026-03-04 16:42:49 | INFO | src.tmc_shapley_islands | Running TMC-Shapley with 10 permutations (utility on cal set)...
2026-03-04 16:42:49 | INFO | src.tmc_shapley_islands | Computing V_full over all 15 source islands...
2026-03-04 16:42:52 | INFO | src.tmc_shapley_islands | V_full = 0.1938
2026-03-04 16:43:23 | INFO | src.tmc_shapley_islands | TMC progress: 2/10 permutations done, cache hit rate: 6.5%, n_evals: 29
2026-03-04 16:44:00 | INFO | src.tmc_shapley_islands | TMC progress: 4/10 permutations done, cache hit rate: 8.2%, n_evals: 56
2026-03-04 16:44:31 | INFO | src.tmc_shapley_islands | TMC progress: 6/10 permutations done, cache hit rate: 8.8%, n_evals: 83
2026-03-04 16:45:02 | INFO | src.tmc_shapley_islands | TMC progress: 8/10 permutations done, cache hit rate: 8.3%, n_evals: 111
2026-03-04 16:45:34 | INFO | src.tmc_shapley_islands | TMC progress: 10/10 permutations done, cache hit rate: 10.6%, n_evals: 135
2026-03-04 16:45:34 | INFO | src.tmc_shapley_islands | TMC complete: 10 permutations, 0 truncated, 135 utility evals, cache hit rate: 10.6%
2026-03-04 16:45:34 | INFO | src.tmc_shapley_islands | Shapley values (phi, computed on cal set):
2026-03-04 16:45:34 | INFO | src.tmc_shapley_islands |   Nesøy: phi=0.014431, phi/n=0.00012127
2026-03-04 16:45:34 | INFO | src.tmc_shapley_islands |   Myken: phi=-0.034840, phi/n=-0.00037870
2026-03-04 16:45:34 | INFO | src.tmc_shapley_islands |   Træna: phi=0.020940, phi/n=0.00007171
2026-03-04 16:45:34 | INFO | src.tmc_shapley_islands |   Gjerøy: phi=-0.089997, phi/n=-0.00016129
2026-03-04 16:45:34 | INFO | src.tmc_shapley_islands |   Hestmannøy: phi=0.032491, phi/n=0.00003014
2026-03-04 16:45:34 | INFO | src.tmc_shapley_islands |   Indre Kvarøy: phi=0.038229, phi/n=0.00010738
2026-03-04 16:45:34 | INFO | src.tmc_shapley_islands |   Onøy og Lurøy: phi=0.086189, phi/n=0.00033278
2026-03-04 16:45:34 | INFO | src.tmc_shapley_islands |   Lovund: phi=0.040235, phi/n=0.00025465
2026-03-04 16:45:34 | INFO | src.tmc_shapley_islands |   Sleneset: phi=-0.022264, phi/n=-0.00013412
2026-03-04 16:45:34 | INFO | src.tmc_shapley_islands |   Aldra: phi=0.024206, phi/n=0.00013992
2026-03-04 16:45:34 | INFO | src.tmc_shapley_islands |   Southern 1: phi=-0.004587, phi/n=-0.00000787
2026-03-04 16:45:34 | INFO | src.tmc_shapley_islands |   Southern 2: phi=-0.022418, phi/n=-0.00005647
2026-03-04 16:45:34 | INFO | src.tmc_shapley_islands |   Southern 3: phi=0.062268, phi/n=0.00010662
2026-03-04 16:45:34 | INFO | src.tmc_shapley_islands |   Southern 4: phi=0.041972, phi/n=0.00008636
2026-03-04 16:45:34 | INFO | src.tmc_shapley_islands |   Southern 5: phi=0.006951, phi/n=0.00003441
2026-03-04 16:45:34 | INFO | src.tmc_shapley_islands | Curve retraining early stopping: enabled=True, patience=20
2026-03-04 16:45:34 | INFO | src.tmc_shapley_islands | Computing add-islands curve (evaluated on test set)...
2026-03-04 16:45:34 | INFO | src.tmc_shapley_islands | Add-curve (mean): 1 islands, n=259 -> corr=-0.2417
2026-03-04 16:45:34 | INFO | src.tmc_shapley_islands | Add-curve (mean): 2 islands, n=417 -> corr=-0.0332
2026-03-04 16:45:34 | INFO | src.tmc_shapley_islands | Add-curve (mean): 3 islands, n=590 -> corr=-0.0307
2026-03-04 16:45:34 | INFO | src.tmc_shapley_islands | Add-curve (mean): 4 islands, n=709 -> corr=0.0509
2026-03-04 16:45:35 | INFO | src.tmc_shapley_islands | Add-curve (mean): 5 islands, n=1065 -> corr=0.0161
2026-03-04 16:45:36 | INFO | src.tmc_shapley_islands | Add-curve (mean): 6 islands, n=1649 -> corr=0.0574
2026-03-04 16:45:37 | INFO | src.tmc_shapley_islands | Add-curve (mean): 7 islands, n=2135 -> corr=0.0585
2026-03-04 16:45:38 | INFO | src.tmc_shapley_islands | Add-curve (mean): 8 islands, n=2427 -> corr=0.2783
2026-03-04 16:45:39 | INFO | src.tmc_shapley_islands | Add-curve (mean): 9 islands, n=2629 -> corr=0.2917
2026-03-04 16:45:41 | INFO | src.tmc_shapley_islands | Add-curve (mean): 10 islands, n=3707 -> corr=0.2399
2026-03-04 16:45:43 | INFO | src.tmc_shapley_islands | Add-curve (mean): 11 islands, n=4290 -> corr=0.2374
2026-03-04 16:45:45 | INFO | src.tmc_shapley_islands | Add-curve (mean): 12 islands, n=4687 -> corr=0.2176
2026-03-04 16:45:47 | INFO | src.tmc_shapley_islands | Add-curve (mean): 13 islands, n=4853 -> corr=0.2158
2026-03-04 16:45:50 | INFO | src.tmc_shapley_islands | Add-curve (mean): 14 islands, n=5411 -> corr=0.1843
2026-03-04 16:45:53 | INFO | src.tmc_shapley_islands | Add-curve (mean): 15 islands, n=5503 -> corr=0.2085
2026-03-04 16:46:06 | INFO | src.tmc_shapley_islands | Random individual add-curve (seed=0) complete
2026-03-04 16:46:19 | INFO | src.tmc_shapley_islands | Random individual add-curve (seed=1) complete
2026-03-04 16:46:31 | INFO | src.tmc_shapley_islands | Random individual add-curve (seed=2) complete
2026-03-04 16:46:44 | INFO | src.tmc_shapley_islands | Random individual add-curve (seed=3) complete
2026-03-04 16:46:57 | INFO | src.tmc_shapley_islands | Random individual add-curve (seed=4) complete
2026-03-04 16:46:57 | INFO | src.tmc_shapley_islands | Building mirrored remove-islands curve from add-islands curve...
2026-03-04 16:46:57 | INFO | src.tmc_shapley_islands | Saved Shapley values to outputs/tmc_shapley_sweep_all_traits/shards/shard_015/body_mass/tmp/shapley_island_values_target_3.csv
2026-03-04 16:46:57 | INFO | src.tmc_shapley_islands | Saved summary to outputs/tmc_shapley_sweep_all_traits/shards/shard_015/body_mass/tmp/tmc_summary_target_3.json
2026-03-04 16:46:57 | INFO | src.tmc_shapley_islands | Saved intermediate ranking trace to outputs/tmc_shapley_sweep_all_traits/shards/shard_015/body_mass/tmp/tmc_intermediate_rankings_target_3.csv
2026-03-04 16:46:57 | INFO | src.tmc_shapley_islands | Saved add-curve to outputs/tmc_shapley_sweep_all_traits/shards/shard_015/body_mass/tmp/add_curve_target_3.csv
2026-03-04 16:46:57 | INFO | src.tmc_shapley_islands | Saved remove-curve to outputs/tmc_shapley_sweep_all_traits/shards/shard_015/body_mass/tmp/remove_curve_target_3.csv
2026-03-04 16:46:58 | INFO | src.tmc_shapley_islands | Saved bar plot to outputs/tmc_shapley_sweep_all_traits/shards/shard_015/body_mass/tmp/shapley_bar_target_3.png
2026-03-04 16:46:58 | INFO | src.tmc_shapley_islands | Saved add-curve plot to outputs/tmc_shapley_sweep_all_traits/shards/shard_015/body_mass/tmp/add_curve_target_3.png
2026-03-04 16:46:59 | INFO | src.tmc_shapley_islands | Saved remove-curve plot to outputs/tmc_shapley_sweep_all_traits/shards/shard_015/body_mass/tmp/remove_curve_target_3.png
2026-03-04 16:46:59 | INFO | __main__ | Shard 15/30 trait=body_mass progress 17/75 | target=3 n_cal_samples=80 perm=20 repeat=5
2026-03-04 16:46:59 | INFO | src.tmc_shapley_islands | [Shapley] Target island: 3 (Selvær), source islands: 15
2026-03-04 16:47:00 | INFO | src.tmc_shapley_islands | Data: source=5503 (across 15 islands), cal=80, test=44
2026-03-04 16:47:00 | INFO | src.tmc_shapley_islands | SNP selection: using fixed precomputed subset (n=20000)
2026-03-04 16:47:00 | INFO | src.tmc_shapley_islands | Island counts (capped to None in training):
  Nesøy: n=119
  Myken: n=92
  Træna: n=292
  Gjerøy: n=558
  Hestmannøy: n=1078
  Indre Kvarøy: n=356
  Onøy og Lurøy: n=259
  Lovund: n=158
  Sleneset: n=166
  Aldra: n=173
  Southern 1: n=583
  Southern 2: n=397
  Southern 3: n=584
  Southern 4: n=486
  Southern 5: n=202
2026-03-04 16:47:00 | INFO | src.tmc_shapley_islands | Loaded 135 cached utilities from outputs/tmc_shapley_sweep_all_traits/cache/body_mass/utility_cache_target_3_seed_1703470880.json
2026-03-04 16:47:00 | INFO | src.tmc_shapley_islands | Running TMC-Shapley with 20 permutations (utility on cal set)...
2026-03-04 16:47:00 | INFO | src.tmc_shapley_islands | Computing V_full over all 15 source islands...
2026-03-04 16:47:00 | INFO | src.tmc_shapley_islands | V_full = 0.1938
2026-03-04 16:47:00 | INFO | src.tmc_shapley_islands | TMC head-start: loaded 10 completed permutations from state outputs/tmc_shapley_sweep_all_traits/cache/body_mass/tmc_perm_state_target_3_seed_1703470880.json
2026-03-04 16:47:29 | INFO | src.tmc_shapley_islands | TMC progress: 12/20 permutations done, cache hit rate: 19.4%, n_evals: 25
2026-03-04 16:48:32 | INFO | src.tmc_shapley_islands | TMC progress: 16/20 permutations done, cache hit rate: 15.4%, n_evals: 77
2026-03-04 16:49:25 | INFO | src.tmc_shapley_islands | TMC progress: 20/20 permutations done, cache hit rate: 18.5%, n_evals: 123
2026-03-04 16:49:25 | INFO | src.tmc_shapley_islands | TMC complete: 20 permutations, 0 truncated, 123 utility evals, cache hit rate: 18.5%
2026-03-04 16:49:25 | INFO | src.tmc_shapley_islands | Shapley values (phi, computed on cal set):
2026-03-04 16:49:25 | INFO | src.tmc_shapley_islands |   Nesøy: phi=0.017285, phi/n=0.00014525
2026-03-04 16:49:25 | INFO | src.tmc_shapley_islands |   Myken: phi=-0.034983, phi/n=-0.00038025
2026-03-04 16:49:25 | INFO | src.tmc_shapley_islands |   Træna: phi=0.045885, phi/n=0.00015714
2026-03-04 16:49:25 | INFO | src.tmc_shapley_islands |   Gjerøy: phi=-0.091887, phi/n=-0.00016467
2026-03-04 16:49:25 | INFO | src.tmc_shapley_islands |   Hestmannøy: phi=0.035946, phi/n=0.00003335
2026-03-04 16:49:25 | INFO | src.tmc_shapley_islands |   Indre Kvarøy: phi=0.042168, phi/n=0.00011845
2026-03-04 16:49:25 | INFO | src.tmc_shapley_islands |   Onøy og Lurøy: phi=0.070622, phi/n=0.00027267
2026-03-04 16:49:25 | INFO | src.tmc_shapley_islands |   Lovund: phi=0.027177, phi/n=0.00017201
2026-03-04 16:49:25 | INFO | src.tmc_shapley_islands |   Sleneset: phi=-0.015711, phi/n=-0.00009464
2026-03-04 16:49:25 | INFO | src.tmc_shapley_islands |   Aldra: phi=0.018726, phi/n=0.00010824
2026-03-04 16:49:25 | INFO | src.tmc_shapley_islands |   Southern 1: phi=-0.004583, phi/n=-0.00000786
2026-03-04 16:49:25 | INFO | src.tmc_shapley_islands |   Southern 2: phi=-0.024569, phi/n=-0.00006189
2026-03-04 16:49:25 | INFO | src.tmc_shapley_islands |   Southern 3: phi=0.056631, phi/n=0.00009697
2026-03-04 16:49:25 | INFO | src.tmc_shapley_islands |   Southern 4: phi=0.045272, phi/n=0.00009315
2026-03-04 16:49:25 | INFO | src.tmc_shapley_islands |   Southern 5: phi=0.005827, phi/n=0.00002885
2026-03-04 16:49:25 | INFO | src.tmc_shapley_islands | Curve retraining early stopping: enabled=True, patience=20
2026-03-04 16:49:25 | INFO | src.tmc_shapley_islands | Computing add-islands curve (evaluated on test set)...
2026-03-04 16:49:25 | INFO | src.tmc_shapley_islands | Add-curve (mean): 1 islands, n=259 -> corr=-0.2417
2026-03-04 16:49:25 | INFO | src.tmc_shapley_islands | Add-curve (mean): 2 islands, n=417 -> corr=-0.0332
2026-03-04 16:49:25 | INFO | src.tmc_shapley_islands | Add-curve (mean): 3 islands, n=709 -> corr=0.2869
2026-03-04 16:49:26 | INFO | src.tmc_shapley_islands | Add-curve (mean): 4 islands, n=828 -> corr=0.3219
2026-03-04 16:49:26 | INFO | src.tmc_shapley_islands | Add-curve (mean): 5 islands, n=1184 -> corr=0.2897
2026-03-04 16:49:27 | INFO | src.tmc_shapley_islands | Add-curve (mean): 6 islands, n=1357 -> corr=0.2953
2026-03-04 16:49:28 | INFO | src.tmc_shapley_islands | Add-curve (mean): 7 islands, n=1941 -> corr=0.2931
2026-03-04 16:49:29 | INFO | src.tmc_shapley_islands | Add-curve (mean): 8 islands, n=2427 -> corr=0.2783
2026-03-04 16:49:30 | INFO | src.tmc_shapley_islands | Add-curve (mean): 9 islands, n=3505 -> corr=0.2290
2026-03-04 16:49:32 | INFO | src.tmc_shapley_islands | Add-curve (mean): 10 islands, n=3707 -> corr=0.2399
2026-03-04 16:49:34 | INFO | src.tmc_shapley_islands | Add-curve (mean): 11 islands, n=4290 -> corr=0.2374
2026-03-04 16:49:36 | INFO | src.tmc_shapley_islands | Add-curve (mean): 12 islands, n=4687 -> corr=0.2176
2026-03-04 16:49:38 | INFO | src.tmc_shapley_islands | Add-curve (mean): 13 islands, n=4853 -> corr=0.2158
2026-03-04 16:49:41 | INFO | src.tmc_shapley_islands | Add-curve (mean): 14 islands, n=5411 -> corr=0.1843
2026-03-04 16:49:44 | INFO | src.tmc_shapley_islands | Add-curve (mean): 15 islands, n=5503 -> corr=0.2085
2026-03-04 16:49:57 | INFO | src.tmc_shapley_islands | Random individual add-curve (seed=0) complete
2026-03-04 16:50:10 | INFO | src.tmc_shapley_islands | Random individual add-curve (seed=1) complete
2026-03-04 16:50:22 | INFO | src.tmc_shapley_islands | Random individual add-curve (seed=2) complete
2026-03-04 16:50:35 | INFO | src.tmc_shapley_islands | Random individual add-curve (seed=3) complete
2026-03-04 16:50:48 | INFO | src.tmc_shapley_islands | Random individual add-curve (seed=4) complete
2026-03-04 16:50:48 | INFO | src.tmc_shapley_islands | Building mirrored remove-islands curve from add-islands curve...
2026-03-04 16:50:48 | INFO | src.tmc_shapley_islands | Saved Shapley values to outputs/tmc_shapley_sweep_all_traits/shards/shard_015/body_mass/tmp/shapley_island_values_target_3.csv
2026-03-04 16:50:48 | INFO | src.tmc_shapley_islands | Saved summary to outputs/tmc_shapley_sweep_all_traits/shards/shard_015/body_mass/tmp/tmc_summary_target_3.json
2026-03-04 16:50:48 | INFO | src.tmc_shapley_islands | Saved intermediate ranking trace to outputs/tmc_shapley_sweep_all_traits/shards/shard_015/body_mass/tmp/tmc_intermediate_rankings_target_3.csv
2026-03-04 16:50:48 | INFO | src.tmc_shapley_islands | Saved add-curve to outputs/tmc_shapley_sweep_all_traits/shards/shard_015/body_mass/tmp/add_curve_target_3.csv
2026-03-04 16:50:48 | INFO | src.tmc_shapley_islands | Saved remove-curve to outputs/tmc_shapley_sweep_all_traits/shards/shard_015/body_mass/tmp/remove_curve_target_3.csv
2026-03-04 16:50:49 | INFO | src.tmc_shapley_islands | Saved bar plot to outputs/tmc_shapley_sweep_all_traits/shards/shard_015/body_mass/tmp/shapley_bar_target_3.png
2026-03-04 16:50:50 | INFO | src.tmc_shapley_islands | Saved add-curve plot to outputs/tmc_shapley_sweep_all_traits/shards/shard_015/body_mass/tmp/add_curve_target_3.png
2026-03-04 16:50:50 | INFO | src.tmc_shapley_islands | Saved remove-curve plot to outputs/tmc_shapley_sweep_all_traits/shards/shard_015/body_mass/tmp/remove_curve_target_3.png
2026-03-04 16:50:50 | INFO | __main__ | Shard 15/30 trait=body_mass progress 18/75 | target=3 n_cal_samples=80 perm=40 repeat=5
2026-03-04 16:50:50 | INFO | src.tmc_shapley_islands | [Shapley] Target island: 3 (Selvær), source islands: 15
2026-03-04 16:50:51 | INFO | src.tmc_shapley_islands | Data: source=5503 (across 15 islands), cal=80, test=44
2026-03-04 16:50:51 | INFO | src.tmc_shapley_islands | SNP selection: using fixed precomputed subset (n=20000)
2026-03-04 16:50:51 | INFO | src.tmc_shapley_islands | Island counts (capped to None in training):
  Nesøy: n=119
  Myken: n=92
  Træna: n=292
  Gjerøy: n=558
  Hestmannøy: n=1078
  Indre Kvarøy: n=356
  Onøy og Lurøy: n=259
  Lovund: n=158
  Sleneset: n=166
  Aldra: n=173
  Southern 1: n=583
  Southern 2: n=397
  Southern 3: n=584
  Southern 4: n=486
  Southern 5: n=202
2026-03-04 16:50:51 | INFO | src.tmc_shapley_islands | Loaded 258 cached utilities from outputs/tmc_shapley_sweep_all_traits/cache/body_mass/utility_cache_target_3_seed_1703470880.json
2026-03-04 16:50:51 | INFO | src.tmc_shapley_islands | Running TMC-Shapley with 40 permutations (utility on cal set)...
2026-03-04 16:50:51 | INFO | src.tmc_shapley_islands | Computing V_full over all 15 source islands...
2026-03-04 16:50:51 | INFO | src.tmc_shapley_islands | V_full = 0.1938
2026-03-04 16:50:51 | INFO | src.tmc_shapley_islands | TMC head-start: loaded 20 completed permutations from state outputs/tmc_shapley_sweep_all_traits/cache/body_mass/tmc_perm_state_target_3_seed_1703470880.json
2026-03-04 16:51:42 | INFO | src.tmc_shapley_islands | TMC progress: 24/40 permutations done, cache hit rate: 26.2%, n_evals: 45
2026-03-04 16:53:20 | INFO | src.tmc_shapley_islands | TMC progress: 32/40 permutations done, cache hit rate: 24.9%, n_evals: 136
2026-03-04 16:55:11 | INFO | src.tmc_shapley_islands | TMC progress: 40/40 permutations done, cache hit rate: 24.9%, n_evals: 226
2026-03-04 16:55:11 | INFO | src.tmc_shapley_islands | TMC complete: 40 permutations, 0 truncated, 226 utility evals, cache hit rate: 24.9%
2026-03-04 16:55:11 | INFO | src.tmc_shapley_islands | Shapley values (phi, computed on cal set):
2026-03-04 16:55:11 | INFO | src.tmc_shapley_islands |   Nesøy: phi=0.014603, phi/n=0.00012272
2026-03-04 16:55:11 | INFO | src.tmc_shapley_islands |   Myken: phi=-0.040499, phi/n=-0.00044021
2026-03-04 16:55:11 | INFO | src.tmc_shapley_islands |   Træna: phi=0.042969, phi/n=0.00014715
2026-03-04 16:55:11 | INFO | src.tmc_shapley_islands |   Gjerøy: phi=-0.088564, phi/n=-0.00015872
2026-03-04 16:55:11 | INFO | src.tmc_shapley_islands |   Hestmannøy: phi=0.038351, phi/n=0.00003558
2026-03-04 16:55:11 | INFO | src.tmc_shapley_islands |   Indre Kvarøy: phi=0.043708, phi/n=0.00012277
2026-03-04 16:55:11 | INFO | src.tmc_shapley_islands |   Onøy og Lurøy: phi=0.065522, phi/n=0.00025298
2026-03-04 16:55:11 | INFO | src.tmc_shapley_islands |   Lovund: phi=0.031752, phi/n=0.00020096
2026-03-04 16:55:11 | INFO | src.tmc_shapley_islands |   Sleneset: phi=-0.016249, phi/n=-0.00009788
2026-03-04 16:55:11 | INFO | src.tmc_shapley_islands |   Aldra: phi=0.023136, phi/n=0.00013373
2026-03-04 16:55:11 | INFO | src.tmc_shapley_islands |   Southern 1: phi=-0.004791, phi/n=-0.00000822
2026-03-04 16:55:11 | INFO | src.tmc_shapley_islands |   Southern 2: phi=-0.025937, phi/n=-0.00006533
2026-03-04 16:55:11 | INFO | src.tmc_shapley_islands |   Southern 3: phi=0.064153, phi/n=0.00010985
2026-03-04 16:55:11 | INFO | src.tmc_shapley_islands |   Southern 4: phi=0.038977, phi/n=0.00008020
2026-03-04 16:55:11 | INFO | src.tmc_shapley_islands |   Southern 5: phi=0.006676, phi/n=0.00003305
2026-03-04 16:55:11 | INFO | src.tmc_shapley_islands | Curve retraining early stopping: enabled=True, patience=20
2026-03-04 16:55:11 | INFO | src.tmc_shapley_islands | Computing add-islands curve (evaluated on test set)...
2026-03-04 16:55:12 | INFO | src.tmc_shapley_islands | Add-curve (mean): 1 islands, n=259 -> corr=-0.2417
2026-03-04 16:55:12 | INFO | src.tmc_shapley_islands | Add-curve (mean): 2 islands, n=417 -> corr=-0.0332
2026-03-04 16:55:12 | INFO | src.tmc_shapley_islands | Add-curve (mean): 3 islands, n=709 -> corr=0.2869
2026-03-04 16:55:12 | INFO | src.tmc_shapley_islands | Add-curve (mean): 4 islands, n=882 -> corr=0.2969
2026-03-04 16:55:13 | INFO | src.tmc_shapley_islands | Add-curve (mean): 5 islands, n=1238 -> corr=0.2647
2026-03-04 16:55:14 | INFO | src.tmc_shapley_islands | Add-curve (mean): 6 islands, n=1357 -> corr=0.2953
2026-03-04 16:55:14 | INFO | src.tmc_shapley_islands | Add-curve (mean): 7 islands, n=1941 -> corr=0.2931
2026-03-04 16:55:15 | INFO | src.tmc_shapley_islands | Add-curve (mean): 8 islands, n=2427 -> corr=0.2783
2026-03-04 16:55:17 | INFO | src.tmc_shapley_islands | Add-curve (mean): 9 islands, n=3505 -> corr=0.2290
2026-03-04 16:55:19 | INFO | src.tmc_shapley_islands | Add-curve (mean): 10 islands, n=3707 -> corr=0.2399
2026-03-04 16:55:21 | INFO | src.tmc_shapley_islands | Add-curve (mean): 11 islands, n=4290 -> corr=0.2374
2026-03-04 16:55:23 | INFO | src.tmc_shapley_islands | Add-curve (mean): 12 islands, n=4687 -> corr=0.2176
2026-03-04 16:55:25 | INFO | src.tmc_shapley_islands | Add-curve (mean): 13 islands, n=4853 -> corr=0.2158
2026-03-04 16:55:28 | INFO | src.tmc_shapley_islands | Add-curve (mean): 14 islands, n=5411 -> corr=0.1843
2026-03-04 16:55:31 | INFO | src.tmc_shapley_islands | Add-curve (mean): 15 islands, n=5503 -> corr=0.2085
2026-03-04 16:55:44 | INFO | src.tmc_shapley_islands | Random individual add-curve (seed=0) complete
2026-03-04 16:55:57 | INFO | src.tmc_shapley_islands | Random individual add-curve (seed=1) complete
2026-03-04 16:56:10 | INFO | src.tmc_shapley_islands | Random individual add-curve (seed=2) complete
2026-03-04 16:56:24 | INFO | src.tmc_shapley_islands | Random individual add-curve (seed=3) complete
2026-03-04 16:56:37 | INFO | src.tmc_shapley_islands | Random individual add-curve (seed=4) complete
2026-03-04 16:56:37 | INFO | src.tmc_shapley_islands | Building mirrored remove-islands curve from add-islands curve...
2026-03-04 16:56:37 | INFO | src.tmc_shapley_islands | Saved Shapley values to outputs/tmc_shapley_sweep_all_traits/shards/shard_015/body_mass/tmp/shapley_island_values_target_3.csv
2026-03-04 16:56:37 | INFO | src.tmc_shapley_islands | Saved summary to outputs/tmc_shapley_sweep_all_traits/shards/shard_015/body_mass/tmp/tmc_summary_target_3.json
2026-03-04 16:56:37 | INFO | src.tmc_shapley_islands | Saved intermediate ranking trace to outputs/tmc_shapley_sweep_all_traits/shards/shard_015/body_mass/tmp/tmc_intermediate_rankings_target_3.csv
2026-03-04 16:56:37 | INFO | src.tmc_shapley_islands | Saved add-curve to outputs/tmc_shapley_sweep_all_traits/shards/shard_015/body_mass/tmp/add_curve_target_3.csv
2026-03-04 16:56:37 | INFO | src.tmc_shapley_islands | Saved remove-curve to outputs/tmc_shapley_sweep_all_traits/shards/shard_015/body_mass/tmp/remove_curve_target_3.csv
2026-03-04 16:56:37 | INFO | src.tmc_shapley_islands | Saved bar plot to outputs/tmc_shapley_sweep_all_traits/shards/shard_015/body_mass/tmp/shapley_bar_target_3.png
2026-03-04 16:56:38 | INFO | src.tmc_shapley_islands | Saved add-curve plot to outputs/tmc_shapley_sweep_all_traits/shards/shard_015/body_mass/tmp/add_curve_target_3.png
2026-03-04 16:56:39 | INFO | src.tmc_shapley_islands | Saved remove-curve plot to outputs/tmc_shapley_sweep_all_traits/shards/shard_015/body_mass/tmp/remove_curve_target_3.png
2026-03-04 16:56:39 | INFO | __main__ | Shard 15/30 trait=body_mass progress 19/75 | target=3 n_cal_samples=80 perm=80 repeat=5
2026-03-04 16:56:39 | INFO | src.tmc_shapley_islands | [Shapley] Target island: 3 (Selvær), source islands: 15
2026-03-04 16:56:40 | INFO | src.tmc_shapley_islands | Data: source=5503 (across 15 islands), cal=80, test=44
2026-03-04 16:56:40 | INFO | src.tmc_shapley_islands | SNP selection: using fixed precomputed subset (n=20000)
2026-03-04 16:56:40 | INFO | src.tmc_shapley_islands | Island counts (capped to None in training):
  Nesøy: n=119
  Myken: n=92
  Træna: n=292
  Gjerøy: n=558
  Hestmannøy: n=1078
  Indre Kvarøy: n=356
  Onøy og Lurøy: n=259
  Lovund: n=158
  Sleneset: n=166
  Aldra: n=173
  Southern 1: n=583
  Southern 2: n=397
  Southern 3: n=584
  Southern 4: n=486
  Southern 5: n=202
2026-03-04 16:56:40 | INFO | src.tmc_shapley_islands | Loaded 484 cached utilities from outputs/tmc_shapley_sweep_all_traits/cache/body_mass/utility_cache_target_3_seed_1703470880.json
2026-03-04 16:56:40 | INFO | src.tmc_shapley_islands | Running TMC-Shapley with 80 permutations (utility on cal set)...
2026-03-04 16:56:40 | INFO | src.tmc_shapley_islands | Computing V_full over all 15 source islands...
2026-03-04 16:56:40 | INFO | src.tmc_shapley_islands | V_full = 0.1938
2026-03-04 16:56:40 | INFO | src.tmc_shapley_islands | TMC head-start: loaded 40 completed permutations from state outputs/tmc_shapley_sweep_all_traits/cache/body_mass/tmc_perm_state_target_3_seed_1703470880.json
2026-03-04 16:58:19 | INFO | src.tmc_shapley_islands | TMC progress: 48/80 permutations done, cache hit rate: 24.0%, n_evals: 92
2026-03-04 17:01:45 | INFO | src.tmc_shapley_islands | TMC progress: 64/80 permutations done, cache hit rate: 26.3%, n_evals: 266
2026-03-04 17:04:57 | INFO | src.tmc_shapley_islands | TMC progress: 80/80 permutations done, cache hit rate: 27.0%, n_evals: 439
2026-03-04 17:04:57 | INFO | src.tmc_shapley_islands | TMC complete: 80 permutations, 0 truncated, 439 utility evals, cache hit rate: 27.0%
2026-03-04 17:04:57 | INFO | src.tmc_shapley_islands | Shapley values (phi, computed on cal set):
2026-03-04 17:04:57 | INFO | src.tmc_shapley_islands |   Nesøy: phi=0.014105, phi/n=0.00011853
2026-03-04 17:04:57 | INFO | src.tmc_shapley_islands |   Myken: phi=-0.038304, phi/n=-0.00041635
2026-03-04 17:04:57 | INFO | src.tmc_shapley_islands |   Træna: phi=0.041988, phi/n=0.00014380
2026-03-04 17:04:57 | INFO | src.tmc_shapley_islands |   Gjerøy: phi=-0.092374, phi/n=-0.00016554
2026-03-04 17:04:57 | INFO | src.tmc_shapley_islands |   Hestmannøy: phi=0.039178, phi/n=0.00003634
2026-03-04 17:04:57 | INFO | src.tmc_shapley_islands |   Indre Kvarøy: phi=0.042560, phi/n=0.00011955
2026-03-04 17:04:57 | INFO | src.tmc_shapley_islands |   Onøy og Lurøy: phi=0.057185, phi/n=0.00022079
2026-03-04 17:04:57 | INFO | src.tmc_shapley_islands |   Lovund: phi=0.035978, phi/n=0.00022771
2026-03-04 17:04:57 | INFO | src.tmc_shapley_islands |   Sleneset: phi=-0.015739, phi/n=-0.00009481
2026-03-04 17:04:57 | INFO | src.tmc_shapley_islands |   Aldra: phi=0.021664, phi/n=0.00012523
2026-03-04 17:04:57 | INFO | src.tmc_shapley_islands |   Southern 1: phi=-0.003765, phi/n=-0.00000646
2026-03-04 17:04:57 | INFO | src.tmc_shapley_islands |   Southern 2: phi=-0.024281, phi/n=-0.00006116
2026-03-04 17:04:57 | INFO | src.tmc_shapley_islands |   Southern 3: phi=0.066472, phi/n=0.00011382
2026-03-04 17:04:57 | INFO | src.tmc_shapley_islands |   Southern 4: phi=0.043283, phi/n=0.00008906
2026-03-04 17:04:57 | INFO | src.tmc_shapley_islands |   Southern 5: phi=0.005856, phi/n=0.00002899
2026-03-04 17:04:57 | INFO | src.tmc_shapley_islands | Curve retraining early stopping: enabled=True, patience=20
2026-03-04 17:04:57 | INFO | src.tmc_shapley_islands | Computing add-islands curve (evaluated on test set)...
2026-03-04 17:04:57 | INFO | src.tmc_shapley_islands | Add-curve (mean): 1 islands, n=158 -> corr=0.2067
2026-03-04 17:04:57 | INFO | src.tmc_shapley_islands | Add-curve (mean): 2 islands, n=417 -> corr=-0.0332
2026-03-04 17:04:57 | INFO | src.tmc_shapley_islands | Add-curve (mean): 3 islands, n=709 -> corr=0.2869
2026-03-04 17:04:58 | INFO | src.tmc_shapley_islands | Add-curve (mean): 4 islands, n=882 -> corr=0.2969
2026-03-04 17:04:58 | INFO | src.tmc_shapley_islands | Add-curve (mean): 5 islands, n=1238 -> corr=0.2647
2026-03-04 17:04:59 | INFO | src.tmc_shapley_islands | Add-curve (mean): 6 islands, n=1357 -> corr=0.2953
2026-03-04 17:05:00 | INFO | src.tmc_shapley_islands | Add-curve (mean): 7 islands, n=1941 -> corr=0.2931
2026-03-04 17:05:01 | INFO | src.tmc_shapley_islands | Add-curve (mean): 8 islands, n=2427 -> corr=0.2783
2026-03-04 17:05:02 | INFO | src.tmc_shapley_islands | Add-curve (mean): 9 islands, n=3505 -> corr=0.2290
2026-03-04 17:05:04 | INFO | src.tmc_shapley_islands | Add-curve (mean): 10 islands, n=3707 -> corr=0.2399
2026-03-04 17:05:06 | INFO | src.tmc_shapley_islands | Add-curve (mean): 11 islands, n=4290 -> corr=0.2374
2026-03-04 17:05:08 | INFO | src.tmc_shapley_islands | Add-curve (mean): 12 islands, n=4687 -> corr=0.2176
2026-03-04 17:05:11 | INFO | src.tmc_shapley_islands | Add-curve (mean): 13 islands, n=4853 -> corr=0.2158
2026-03-04 17:05:13 | INFO | src.tmc_shapley_islands | Add-curve (mean): 14 islands, n=5411 -> corr=0.1843
2026-03-04 17:05:16 | INFO | src.tmc_shapley_islands | Add-curve (mean): 15 islands, n=5503 -> corr=0.2085
2026-03-04 17:05:29 | INFO | src.tmc_shapley_islands | Random individual add-curve (seed=0) complete
2026-03-04 17:05:43 | INFO | src.tmc_shapley_islands | Random individual add-curve (seed=1) complete
2026-03-04 17:05:56 | INFO | src.tmc_shapley_islands | Random individual add-curve (seed=2) complete
2026-03-04 17:06:09 | INFO | src.tmc_shapley_islands | Random individual add-curve (seed=3) complete
2026-03-04 17:06:23 | INFO | src.tmc_shapley_islands | Random individual add-curve (seed=4) complete
2026-03-04 17:06:23 | INFO | src.tmc_shapley_islands | Building mirrored remove-islands curve from add-islands curve...
2026-03-04 17:06:23 | INFO | src.tmc_shapley_islands | Saved Shapley values to outputs/tmc_shapley_sweep_all_traits/shards/shard_015/body_mass/tmp/shapley_island_values_target_3.csv
2026-03-04 17:06:23 | INFO | src.tmc_shapley_islands | Saved summary to outputs/tmc_shapley_sweep_all_traits/shards/shard_015/body_mass/tmp/tmc_summary_target_3.json
2026-03-04 17:06:23 | INFO | src.tmc_shapley_islands | Saved intermediate ranking trace to outputs/tmc_shapley_sweep_all_traits/shards/shard_015/body_mass/tmp/tmc_intermediate_rankings_target_3.csv
2026-03-04 17:06:23 | INFO | src.tmc_shapley_islands | Saved add-curve to outputs/tmc_shapley_sweep_all_traits/shards/shard_015/body_mass/tmp/add_curve_target_3.csv
2026-03-04 17:06:23 | INFO | src.tmc_shapley_islands | Saved remove-curve to outputs/tmc_shapley_sweep_all_traits/shards/shard_015/body_mass/tmp/remove_curve_target_3.csv
2026-03-04 17:06:23 | INFO | src.tmc_shapley_islands | Saved bar plot to outputs/tmc_shapley_sweep_all_traits/shards/shard_015/body_mass/tmp/shapley_bar_target_3.png
2026-03-04 17:06:24 | INFO | src.tmc_shapley_islands | Saved add-curve plot to outputs/tmc_shapley_sweep_all_traits/shards/shard_015/body_mass/tmp/add_curve_target_3.png
2026-03-04 17:06:24 | INFO | src.tmc_shapley_islands | Saved remove-curve plot to outputs/tmc_shapley_sweep_all_traits/shards/shard_015/body_mass/tmp/remove_curve_target_3.png
2026-03-04 17:06:25 | INFO | __main__ | Shard 15/30 trait=body_mass progress 20/75 | target=3 n_cal_samples=80 perm=150 repeat=5
2026-03-04 17:06:25 | INFO | src.tmc_shapley_islands | [Shapley] Target island: 3 (Selvær), source islands: 15
2026-03-04 17:06:25 | INFO | src.tmc_shapley_islands | Data: source=5503 (across 15 islands), cal=80, test=44
2026-03-04 17:06:25 | INFO | src.tmc_shapley_islands | SNP selection: using fixed precomputed subset (n=20000)
2026-03-04 17:06:25 | INFO | src.tmc_shapley_islands | Island counts (capped to None in training):
  Nesøy: n=119
  Myken: n=92
  Træna: n=292
  Gjerøy: n=558
  Hestmannøy: n=1078
  Indre Kvarøy: n=356
  Onøy og Lurøy: n=259
  Lovund: n=158
  Sleneset: n=166
  Aldra: n=173
  Southern 1: n=583
  Southern 2: n=397
  Southern 3: n=584
  Southern 4: n=486
  Southern 5: n=202
2026-03-04 17:06:25 | INFO | src.tmc_shapley_islands | Loaded 923 cached utilities from outputs/tmc_shapley_sweep_all_traits/cache/body_mass/utility_cache_target_3_seed_1703470880.json
2026-03-04 17:06:25 | INFO | src.tmc_shapley_islands | Running TMC-Shapley with 150 permutations (utility on cal set)...
2026-03-04 17:06:25 | INFO | src.tmc_shapley_islands | Computing V_full over all 15 source islands...
2026-03-04 17:06:25 | INFO | src.tmc_shapley_islands | V_full = 0.1938
2026-03-04 17:06:25 | INFO | src.tmc_shapley_islands | TMC head-start: loaded 80 completed permutations from state outputs/tmc_shapley_sweep_all_traits/cache/body_mass/tmc_perm_state_target_3_seed_1703470880.json
2026-03-04 17:08:39 | INFO | src.tmc_shapley_islands | TMC progress: 90/150 permutations done, cache hit rate: 29.1%, n_evals: 107
2026-03-04 17:14:55 | INFO | src.tmc_shapley_islands | TMC progress: 120/150 permutations done, cache hit rate: 30.0%, n_evals: 421
2026-03-04 17:20:55 | INFO | src.tmc_shapley_islands | TMC progress: 150/150 permutations done, cache hit rate: 31.7%, n_evals: 718
2026-03-04 17:20:55 | INFO | src.tmc_shapley_islands | TMC complete: 150 permutations, 0 truncated, 718 utility evals, cache hit rate: 31.7%
2026-03-04 17:20:55 | INFO | src.tmc_shapley_islands | Shapley values (phi, computed on cal set):
2026-03-04 17:20:55 | INFO | src.tmc_shapley_islands |   Nesøy: phi=0.014094, phi/n=0.00011844
2026-03-04 17:20:55 | INFO | src.tmc_shapley_islands |   Myken: phi=-0.035141, phi/n=-0.00038197
2026-03-04 17:20:55 | INFO | src.tmc_shapley_islands |   Træna: phi=0.040349, phi/n=0.00013818
2026-03-04 17:20:55 | INFO | src.tmc_shapley_islands |   Gjerøy: phi=-0.097217, phi/n=-0.00017422
2026-03-04 17:20:55 | INFO | src.tmc_shapley_islands |   Hestmannøy: phi=0.042145, phi/n=0.00003910
2026-03-04 17:20:55 | INFO | src.tmc_shapley_islands |   Indre Kvarøy: phi=0.045390, phi/n=0.00012750
2026-03-04 17:20:55 | INFO | src.tmc_shapley_islands |   Onøy og Lurøy: phi=0.054152, phi/n=0.00020908
2026-03-04 17:20:55 | INFO | src.tmc_shapley_islands |   Lovund: phi=0.037653, phi/n=0.00023831
2026-03-04 17:20:55 | INFO | src.tmc_shapley_islands |   Sleneset: phi=-0.016794, phi/n=-0.00010117
2026-03-04 17:20:55 | INFO | src.tmc_shapley_islands |   Aldra: phi=0.022120, phi/n=0.00012786
2026-03-04 17:20:55 | INFO | src.tmc_shapley_islands |   Southern 1: phi=-0.002783, phi/n=-0.00000477
2026-03-04 17:20:55 | INFO | src.tmc_shapley_islands |   Southern 2: phi=-0.026236, phi/n=-0.00006609
2026-03-04 17:20:55 | INFO | src.tmc_shapley_islands |   Southern 3: phi=0.069047, phi/n=0.00011823
2026-03-04 17:20:55 | INFO | src.tmc_shapley_islands |   Southern 4: phi=0.041271, phi/n=0.00008492
2026-03-04 17:20:55 | INFO | src.tmc_shapley_islands |   Southern 5: phi=0.005758, phi/n=0.00002851
2026-03-04 17:20:55 | INFO | src.tmc_shapley_islands | Curve retraining early stopping: enabled=True, patience=20
2026-03-04 17:20:55 | INFO | src.tmc_shapley_islands | Computing add-islands curve (evaluated on test set)...
2026-03-04 17:20:55 | INFO | src.tmc_shapley_islands | Add-curve (mean): 1 islands, n=158 -> corr=0.2067
2026-03-04 17:20:56 | INFO | src.tmc_shapley_islands | Add-curve (mean): 2 islands, n=417 -> corr=-0.0332
2026-03-04 17:20:56 | INFO | src.tmc_shapley_islands | Add-curve (mean): 3 islands, n=709 -> corr=0.2869
2026-03-04 17:20:56 | INFO | src.tmc_shapley_islands | Add-curve (mean): 4 islands, n=882 -> corr=0.2969
2026-03-04 17:20:57 | INFO | src.tmc_shapley_islands | Add-curve (mean): 5 islands, n=1238 -> corr=0.2647
2026-03-04 17:20:57 | INFO | src.tmc_shapley_islands | Add-curve (mean): 6 islands, n=1357 -> corr=0.2953
2026-03-04 17:20:58 | INFO | src.tmc_shapley_islands | Add-curve (mean): 7 islands, n=1941 -> corr=0.2931
2026-03-04 17:20:59 | INFO | src.tmc_shapley_islands | Add-curve (mean): 8 islands, n=2427 -> corr=0.2783
2026-03-04 17:21:01 | INFO | src.tmc_shapley_islands | Add-curve (mean): 9 islands, n=3505 -> corr=0.2290
2026-03-04 17:21:02 | INFO | src.tmc_shapley_islands | Add-curve (mean): 10 islands, n=3707 -> corr=0.2399
2026-03-04 17:21:04 | INFO | src.tmc_shapley_islands | Add-curve (mean): 11 islands, n=4290 -> corr=0.2374
2026-03-04 17:21:06 | INFO | src.tmc_shapley_islands | Add-curve (mean): 12 islands, n=4687 -> corr=0.2176
2026-03-04 17:21:09 | INFO | src.tmc_shapley_islands | Add-curve (mean): 13 islands, n=4853 -> corr=0.2158
2026-03-04 17:21:11 | INFO | src.tmc_shapley_islands | Add-curve (mean): 14 islands, n=5411 -> corr=0.1843
2026-03-04 17:21:14 | INFO | src.tmc_shapley_islands | Add-curve (mean): 15 islands, n=5503 -> corr=0.2085
2026-03-04 17:21:27 | INFO | src.tmc_shapley_islands | Random individual add-curve (seed=0) complete
2026-03-04 17:21:40 | INFO | src.tmc_shapley_islands | Random individual add-curve (seed=1) complete
2026-03-04 17:21:54 | INFO | src.tmc_shapley_islands | Random individual add-curve (seed=2) complete
2026-03-04 17:22:07 | INFO | src.tmc_shapley_islands | Random individual add-curve (seed=3) complete
2026-03-04 17:22:20 | INFO | src.tmc_shapley_islands | Random individual add-curve (seed=4) complete
2026-03-04 17:22:20 | INFO | src.tmc_shapley_islands | Building mirrored remove-islands curve from add-islands curve...
2026-03-04 17:22:20 | INFO | src.tmc_shapley_islands | Saved Shapley values to outputs/tmc_shapley_sweep_all_traits/shards/shard_015/body_mass/tmp/shapley_island_values_target_3.csv
2026-03-04 17:22:20 | INFO | src.tmc_shapley_islands | Saved summary to outputs/tmc_shapley_sweep_all_traits/shards/shard_015/body_mass/tmp/tmc_summary_target_3.json
2026-03-04 17:22:20 | INFO | src.tmc_shapley_islands | Saved intermediate ranking trace to outputs/tmc_shapley_sweep_all_traits/shards/shard_015/body_mass/tmp/tmc_intermediate_rankings_target_3.csv
2026-03-04 17:22:20 | INFO | src.tmc_shapley_islands | Saved add-curve to outputs/tmc_shapley_sweep_all_traits/shards/shard_015/body_mass/tmp/add_curve_target_3.csv
2026-03-04 17:22:20 | INFO | src.tmc_shapley_islands | Saved remove-curve to outputs/tmc_shapley_sweep_all_traits/shards/shard_015/body_mass/tmp/remove_curve_target_3.csv
2026-03-04 17:22:20 | INFO | src.tmc_shapley_islands | Saved bar plot to outputs/tmc_shapley_sweep_all_traits/shards/shard_015/body_mass/tmp/shapley_bar_target_3.png
2026-03-04 17:22:21 | INFO | src.tmc_shapley_islands | Saved add-curve plot to outputs/tmc_shapley_sweep_all_traits/shards/shard_015/body_mass/tmp/add_curve_target_3.png
2026-03-04 17:22:21 | INFO | src.tmc_shapley_islands | Saved remove-curve plot to outputs/tmc_shapley_sweep_all_traits/shards/shard_015/body_mass/tmp/remove_curve_target_3.png
2026-03-04 17:22:22 | INFO | __main__ | Shard 15/30 trait=body_mass progress 21/75 | target=3 n_cal_samples=150 perm=10 repeat=5
2026-03-04 17:22:22 | INFO | src.tmc_shapley_islands | [Shapley] Target island: 3 (Selvær), source islands: 15
2026-03-04 17:22:22 | INFO | src.tmc_shapley_islands | Data: source=5503 (across 15 islands), cal=150, test=44
2026-03-04 17:22:22 | INFO | src.tmc_shapley_islands | SNP selection: using fixed precomputed subset (n=20000)
2026-03-04 17:22:22 | INFO | src.tmc_shapley_islands | Island counts (capped to None in training):
  Nesøy: n=119
  Myken: n=92
  Træna: n=292
  Gjerøy: n=558
  Hestmannøy: n=1078
  Indre Kvarøy: n=356
  Onøy og Lurøy: n=259
  Lovund: n=158
  Sleneset: n=166
  Aldra: n=173
  Southern 1: n=583
  Southern 2: n=397
  Southern 3: n=584
  Southern 4: n=486
  Southern 5: n=202
2026-03-04 17:22:22 | INFO | src.tmc_shapley_islands | Running TMC-Shapley with 10 permutations (utility on cal set)...
2026-03-04 17:22:22 | INFO | src.tmc_shapley_islands | Computing V_full over all 15 source islands...
2026-03-04 17:22:25 | INFO | src.tmc_shapley_islands | V_full = 0.2116
2026-03-04 17:22:59 | INFO | src.tmc_shapley_islands | TMC progress: 2/10 permutations done, cache hit rate: 6.5%, n_evals: 29
2026-03-04 17:23:30 | INFO | src.tmc_shapley_islands | TMC progress: 4/10 permutations done, cache hit rate: 8.2%, n_evals: 56
2026-03-04 17:23:59 | INFO | src.tmc_shapley_islands | TMC progress: 6/10 permutations done, cache hit rate: 9.9%, n_evals: 82
2026-03-04 17:24:29 | INFO | src.tmc_shapley_islands | TMC progress: 8/10 permutations done, cache hit rate: 11.6%, n_evals: 107
2026-03-04 17:24:58 | INFO | src.tmc_shapley_islands | TMC progress: 10/10 permutations done, cache hit rate: 11.3%, n_evals: 134
2026-03-04 17:24:58 | INFO | src.tmc_shapley_islands | TMC complete: 10 permutations, 0 truncated, 134 utility evals, cache hit rate: 11.3%
2026-03-04 17:24:58 | INFO | src.tmc_shapley_islands | Shapley values (phi, computed on cal set):
2026-03-04 17:24:58 | INFO | src.tmc_shapley_islands |   Nesøy: phi=0.007151, phi/n=0.00006009
2026-03-04 17:24:58 | INFO | src.tmc_shapley_islands |   Myken: phi=0.026074, phi/n=0.00028341
2026-03-04 17:24:58 | INFO | src.tmc_shapley_islands |   Træna: phi=0.087685, phi/n=0.00030029
2026-03-04 17:24:58 | INFO | src.tmc_shapley_islands |   Gjerøy: phi=-0.104792, phi/n=-0.00018780
2026-03-04 17:24:58 | INFO | src.tmc_shapley_islands |   Hestmannøy: phi=0.016866, phi/n=0.00001565
2026-03-04 17:24:58 | INFO | src.tmc_shapley_islands |   Indre Kvarøy: phi=0.031512, phi/n=0.00008852
2026-03-04 17:24:58 | INFO | src.tmc_shapley_islands |   Onøy og Lurøy: phi=0.011372, phi/n=0.00004391
2026-03-04 17:24:58 | INFO | src.tmc_shapley_islands |   Lovund: phi=0.092368, phi/n=0.00058461
2026-03-04 17:24:58 | INFO | src.tmc_shapley_islands |   Sleneset: phi=0.005669, phi/n=0.00003415
2026-03-04 17:24:58 | INFO | src.tmc_shapley_islands |   Aldra: phi=0.021178, phi/n=0.00012242
2026-03-04 17:24:58 | INFO | src.tmc_shapley_islands |   Southern 1: phi=-0.005687, phi/n=-0.00000976
2026-03-04 17:24:58 | INFO | src.tmc_shapley_islands |   Southern 2: phi=-0.028193, phi/n=-0.00007101
2026-03-04 17:24:58 | INFO | src.tmc_shapley_islands |   Southern 3: phi=0.036336, phi/n=0.00006222
2026-03-04 17:24:58 | INFO | src.tmc_shapley_islands |   Southern 4: phi=-0.001267, phi/n=-0.00000261
2026-03-04 17:24:58 | INFO | src.tmc_shapley_islands |   Southern 5: phi=0.015371, phi/n=0.00007609
2026-03-04 17:24:58 | INFO | src.tmc_shapley_islands | Curve retraining early stopping: enabled=True, patience=20
2026-03-04 17:24:58 | INFO | src.tmc_shapley_islands | Computing add-islands curve (evaluated on test set)...
2026-03-04 17:24:58 | INFO | src.tmc_shapley_islands | Add-curve (mean): 1 islands, n=158 -> corr=0.5189
2026-03-04 17:24:58 | INFO | src.tmc_shapley_islands | Add-curve (mean): 2 islands, n=450 -> corr=0.3282
2026-03-04 17:24:58 | INFO | src.tmc_shapley_islands | Add-curve (mean): 3 islands, n=542 -> corr=0.2882
2026-03-04 17:24:59 | INFO | src.tmc_shapley_islands | Add-curve (mean): 4 islands, n=715 -> corr=0.2968
2026-03-04 17:24:59 | INFO | src.tmc_shapley_islands | Add-curve (mean): 5 islands, n=1071 -> corr=0.3299
2026-03-04 17:25:00 | INFO | src.tmc_shapley_islands | Add-curve (mean): 6 islands, n=1273 -> corr=0.3372
2026-03-04 17:25:01 | INFO | src.tmc_shapley_islands | Add-curve (mean): 7 islands, n=1857 -> corr=0.3609
2026-03-04 17:25:01 | INFO | src.tmc_shapley_islands | Add-curve (mean): 8 islands, n=1976 -> corr=0.3677
2026-03-04 17:25:03 | INFO | src.tmc_shapley_islands | Add-curve (mean): 9 islands, n=2235 -> corr=0.2943
2026-03-04 17:25:04 | INFO | src.tmc_shapley_islands | Add-curve (mean): 10 islands, n=2401 -> corr=0.3330
2026-03-04 17:25:05 | INFO | src.tmc_shapley_islands | Add-curve (mean): 11 islands, n=3479 -> corr=0.2504
2026-03-04 17:25:07 | INFO | src.tmc_shapley_islands | Add-curve (mean): 12 islands, n=3965 -> corr=0.2667
2026-03-04 17:25:09 | INFO | src.tmc_shapley_islands | Add-curve (mean): 13 islands, n=4548 -> corr=0.2932
2026-03-04 17:25:11 | INFO | src.tmc_shapley_islands | Add-curve (mean): 14 islands, n=4945 -> corr=0.2727
2026-03-04 17:25:14 | INFO | src.tmc_shapley_islands | Add-curve (mean): 15 islands, n=5503 -> corr=0.2537
2026-03-04 17:25:25 | INFO | src.tmc_shapley_islands | Random individual add-curve (seed=0) complete
2026-03-04 17:25:35 | INFO | src.tmc_shapley_islands | Random individual add-curve (seed=1) complete
2026-03-04 17:25:46 | INFO | src.tmc_shapley_islands | Random individual add-curve (seed=2) complete
2026-03-04 17:25:57 | INFO | src.tmc_shapley_islands | Random individual add-curve (seed=3) complete
2026-03-04 17:26:07 | INFO | src.tmc_shapley_islands | Random individual add-curve (seed=4) complete
2026-03-04 17:26:07 | INFO | src.tmc_shapley_islands | Building mirrored remove-islands curve from add-islands curve...
2026-03-04 17:26:07 | INFO | src.tmc_shapley_islands | Saved Shapley values to outputs/tmc_shapley_sweep_all_traits/shards/shard_015/body_mass/tmp/shapley_island_values_target_3.csv
2026-03-04 17:26:07 | INFO | src.tmc_shapley_islands | Saved summary to outputs/tmc_shapley_sweep_all_traits/shards/shard_015/body_mass/tmp/tmc_summary_target_3.json
2026-03-04 17:26:07 | INFO | src.tmc_shapley_islands | Saved intermediate ranking trace to outputs/tmc_shapley_sweep_all_traits/shards/shard_015/body_mass/tmp/tmc_intermediate_rankings_target_3.csv
2026-03-04 17:26:07 | INFO | src.tmc_shapley_islands | Saved add-curve to outputs/tmc_shapley_sweep_all_traits/shards/shard_015/body_mass/tmp/add_curve_target_3.csv
2026-03-04 17:26:08 | INFO | src.tmc_shapley_islands | Saved remove-curve to outputs/tmc_shapley_sweep_all_traits/shards/shard_015/body_mass/tmp/remove_curve_target_3.csv
2026-03-04 17:26:08 | INFO | src.tmc_shapley_islands | Saved bar plot to outputs/tmc_shapley_sweep_all_traits/shards/shard_015/body_mass/tmp/shapley_bar_target_3.png
2026-03-04 17:26:09 | INFO | src.tmc_shapley_islands | Saved add-curve plot to outputs/tmc_shapley_sweep_all_traits/shards/shard_015/body_mass/tmp/add_curve_target_3.png
2026-03-04 17:26:09 | INFO | src.tmc_shapley_islands | Saved remove-curve plot to outputs/tmc_shapley_sweep_all_traits/shards/shard_015/body_mass/tmp/remove_curve_target_3.png
2026-03-04 17:26:09 | INFO | __main__ | Shard 15/30 trait=body_mass progress 22/75 | target=3 n_cal_samples=150 perm=20 repeat=5
2026-03-04 17:26:09 | INFO | src.tmc_shapley_islands | [Shapley] Target island: 3 (Selvær), source islands: 15
2026-03-04 17:26:10 | INFO | src.tmc_shapley_islands | Data: source=5503 (across 15 islands), cal=150, test=44
2026-03-04 17:26:10 | INFO | src.tmc_shapley_islands | SNP selection: using fixed precomputed subset (n=20000)
2026-03-04 17:26:10 | INFO | src.tmc_shapley_islands | Island counts (capped to None in training):
  Nesøy: n=119
  Myken: n=92
  Træna: n=292
  Gjerøy: n=558
  Hestmannøy: n=1078
  Indre Kvarøy: n=356
  Onøy og Lurøy: n=259
  Lovund: n=158
  Sleneset: n=166
  Aldra: n=173
  Southern 1: n=583
  Southern 2: n=397
  Southern 3: n=584
  Southern 4: n=486
  Southern 5: n=202
2026-03-04 17:26:10 | INFO | src.tmc_shapley_islands | Loaded 134 cached utilities from outputs/tmc_shapley_sweep_all_traits/cache/body_mass/utility_cache_target_3_seed_1219776830.json
2026-03-04 17:26:10 | INFO | src.tmc_shapley_islands | Running TMC-Shapley with 20 permutations (utility on cal set)...
2026-03-04 17:26:10 | INFO | src.tmc_shapley_islands | Computing V_full over all 15 source islands...
2026-03-04 17:26:10 | INFO | src.tmc_shapley_islands | V_full = 0.2116
2026-03-04 17:26:10 | INFO | src.tmc_shapley_islands | TMC head-start: loaded 10 completed permutations from state outputs/tmc_shapley_sweep_all_traits/cache/body_mass/tmc_perm_state_target_3_seed_1219776830.json
2026-03-04 17:26:43 | INFO | src.tmc_shapley_islands | TMC progress: 12/20 permutations done, cache hit rate: 16.1%, n_evals: 26
2026-03-04 17:27:47 | INFO | src.tmc_shapley_islands | TMC progress: 16/20 permutations done, cache hit rate: 16.5%, n_evals: 76
2026-03-04 17:28:41 | INFO | src.tmc_shapley_islands | TMC progress: 20/20 permutations done, cache hit rate: 18.5%, n_evals: 123
2026-03-04 17:28:41 | INFO | src.tmc_shapley_islands | TMC complete: 20 permutations, 0 truncated, 123 utility evals, cache hit rate: 18.5%
2026-03-04 17:28:41 | INFO | src.tmc_shapley_islands | Shapley values (phi, computed on cal set):
2026-03-04 17:28:41 | INFO | src.tmc_shapley_islands |   Nesøy: phi=0.010387, phi/n=0.00008728
2026-03-04 17:28:41 | INFO | src.tmc_shapley_islands |   Myken: phi=0.028444, phi/n=0.00030918
2026-03-04 17:28:41 | INFO | src.tmc_shapley_islands |   Træna: phi=0.089522, phi/n=0.00030658
2026-03-04 17:28:41 | INFO | src.tmc_shapley_islands |   Gjerøy: phi=-0.109501, phi/n=-0.00019624
2026-03-04 17:28:41 | INFO | src.tmc_shapley_islands |   Hestmannøy: phi=0.019630, phi/n=0.00001821
2026-03-04 17:28:41 | INFO | src.tmc_shapley_islands |   Indre Kvarøy: phi=0.043194, phi/n=0.00012133
2026-03-04 17:28:41 | INFO | src.tmc_shapley_islands |   Onøy og Lurøy: phi=0.011181, phi/n=0.00004317
2026-03-04 17:28:41 | INFO | src.tmc_shapley_islands |   Lovund: phi=0.066079, phi/n=0.00041822
2026-03-04 17:28:41 | INFO | src.tmc_shapley_islands |   Sleneset: phi=0.010249, phi/n=0.00006174
2026-03-04 17:28:41 | INFO | src.tmc_shapley_islands |   Aldra: phi=0.019146, phi/n=0.00011067
2026-03-04 17:28:41 | INFO | src.tmc_shapley_islands |   Southern 1: phi=-0.006664, phi/n=-0.00001143
2026-03-04 17:28:41 | INFO | src.tmc_shapley_islands |   Southern 2: phi=-0.026632, phi/n=-0.00006708
2026-03-04 17:28:41 | INFO | src.tmc_shapley_islands |   Southern 3: phi=0.039746, phi/n=0.00006806
2026-03-04 17:28:41 | INFO | src.tmc_shapley_islands |   Southern 4: phi=0.004233, phi/n=0.00000871
2026-03-04 17:28:41 | INFO | src.tmc_shapley_islands |   Southern 5: phi=0.012632, phi/n=0.00006254
2026-03-04 17:28:41 | INFO | src.tmc_shapley_islands | Curve retraining early stopping: enabled=True, patience=20
2026-03-04 17:28:41 | INFO | src.tmc_shapley_islands | Computing add-islands curve (evaluated on test set)...
2026-03-04 17:28:41 | INFO | src.tmc_shapley_islands | Add-curve (mean): 1 islands, n=158 -> corr=0.5189
2026-03-04 17:28:41 | INFO | src.tmc_shapley_islands | Add-curve (mean): 2 islands, n=250 -> corr=0.3586
2026-03-04 17:28:41 | INFO | src.tmc_shapley_islands | Add-curve (mean): 3 islands, n=542 -> corr=0.2882
2026-03-04 17:28:42 | INFO | src.tmc_shapley_islands | Add-curve (mean): 4 islands, n=898 -> corr=0.3159
2026-03-04 17:28:42 | INFO | src.tmc_shapley_islands | Add-curve (mean): 5 islands, n=1071 -> corr=0.3299
2026-03-04 17:28:43 | INFO | src.tmc_shapley_islands | Add-curve (mean): 6 islands, n=1190 -> corr=0.3336
2026-03-04 17:28:43 | INFO | src.tmc_shapley_islands | Add-curve (mean): 7 islands, n=1774 -> corr=0.3667
2026-03-04 17:28:44 | INFO | src.tmc_shapley_islands | Add-curve (mean): 8 islands, n=1976 -> corr=0.3677
2026-03-04 17:28:45 | INFO | src.tmc_shapley_islands | Add-curve (mean): 9 islands, n=2142 -> corr=0.4035
2026-03-04 17:28:46 | INFO | src.tmc_shapley_islands | Add-curve (mean): 10 islands, n=2401 -> corr=0.3330
2026-03-04 17:28:48 | INFO | src.tmc_shapley_islands | Add-curve (mean): 11 islands, n=3479 -> corr=0.2504
2026-03-04 17:28:50 | INFO | src.tmc_shapley_islands | Add-curve (mean): 12 islands, n=3965 -> corr=0.2667
2026-03-04 17:28:52 | INFO | src.tmc_shapley_islands | Add-curve (mean): 13 islands, n=4548 -> corr=0.2932
2026-03-04 17:28:54 | INFO | src.tmc_shapley_islands | Add-curve (mean): 14 islands, n=4945 -> corr=0.2727
2026-03-04 17:28:57 | INFO | src.tmc_shapley_islands | Add-curve (mean): 15 islands, n=5503 -> corr=0.2537
2026-03-04 17:29:08 | INFO | src.tmc_shapley_islands | Random individual add-curve (seed=0) complete
2026-03-04 17:29:18 | INFO | src.tmc_shapley_islands | Random individual add-curve (seed=1) complete
2026-03-04 17:29:29 | INFO | src.tmc_shapley_islands | Random individual add-curve (seed=2) complete
2026-03-04 17:29:39 | INFO | src.tmc_shapley_islands | Random individual add-curve (seed=3) complete
2026-03-04 17:29:50 | INFO | src.tmc_shapley_islands | Random individual add-curve (seed=4) complete
2026-03-04 17:29:50 | INFO | src.tmc_shapley_islands | Building mirrored remove-islands curve from add-islands curve...
2026-03-04 17:29:50 | INFO | src.tmc_shapley_islands | Saved Shapley values to outputs/tmc_shapley_sweep_all_traits/shards/shard_015/body_mass/tmp/shapley_island_values_target_3.csv
2026-03-04 17:29:50 | INFO | src.tmc_shapley_islands | Saved summary to outputs/tmc_shapley_sweep_all_traits/shards/shard_015/body_mass/tmp/tmc_summary_target_3.json
2026-03-04 17:29:50 | INFO | src.tmc_shapley_islands | Saved intermediate ranking trace to outputs/tmc_shapley_sweep_all_traits/shards/shard_015/body_mass/tmp/tmc_intermediate_rankings_target_3.csv
2026-03-04 17:29:50 | INFO | src.tmc_shapley_islands | Saved add-curve to outputs/tmc_shapley_sweep_all_traits/shards/shard_015/body_mass/tmp/add_curve_target_3.csv
2026-03-04 17:29:50 | INFO | src.tmc_shapley_islands | Saved remove-curve to outputs/tmc_shapley_sweep_all_traits/shards/shard_015/body_mass/tmp/remove_curve_target_3.csv
2026-03-04 17:29:51 | INFO | src.tmc_shapley_islands | Saved bar plot to outputs/tmc_shapley_sweep_all_traits/shards/shard_015/body_mass/tmp/shapley_bar_target_3.png
2026-03-04 17:29:51 | INFO | src.tmc_shapley_islands | Saved add-curve plot to outputs/tmc_shapley_sweep_all_traits/shards/shard_015/body_mass/tmp/add_curve_target_3.png
2026-03-04 17:29:52 | INFO | src.tmc_shapley_islands | Saved remove-curve plot to outputs/tmc_shapley_sweep_all_traits/shards/shard_015/body_mass/tmp/remove_curve_target_3.png
2026-03-04 17:29:52 | INFO | __main__ | Shard 15/30 trait=body_mass progress 23/75 | target=3 n_cal_samples=150 perm=40 repeat=5
2026-03-04 17:29:52 | INFO | src.tmc_shapley_islands | [Shapley] Target island: 3 (Selvær), source islands: 15
2026-03-04 17:29:53 | INFO | src.tmc_shapley_islands | Data: source=5503 (across 15 islands), cal=150, test=44
2026-03-04 17:29:53 | INFO | src.tmc_shapley_islands | SNP selection: using fixed precomputed subset (n=20000)
2026-03-04 17:29:53 | INFO | src.tmc_shapley_islands | Island counts (capped to None in training):
  Nesøy: n=119
  Myken: n=92
  Træna: n=292
  Gjerøy: n=558
  Hestmannøy: n=1078
  Indre Kvarøy: n=356
  Onøy og Lurøy: n=259
  Lovund: n=158
  Sleneset: n=166
  Aldra: n=173
  Southern 1: n=583
  Southern 2: n=397
  Southern 3: n=584
  Southern 4: n=486
  Southern 5: n=202
2026-03-04 17:29:53 | INFO | src.tmc_shapley_islands | Loaded 257 cached utilities from outputs/tmc_shapley_sweep_all_traits/cache/body_mass/utility_cache_target_3_seed_1219776830.json
2026-03-04 17:29:53 | INFO | src.tmc_shapley_islands | Running TMC-Shapley with 40 permutations (utility on cal set)...
2026-03-04 17:29:53 | INFO | src.tmc_shapley_islands | Computing V_full over all 15 source islands...
2026-03-04 17:29:53 | INFO | src.tmc_shapley_islands | V_full = 0.2116
2026-03-04 17:29:53 | INFO | src.tmc_shapley_islands | TMC head-start: loaded 20 completed permutations from state outputs/tmc_shapley_sweep_all_traits/cache/body_mass/tmc_perm_state_target_3_seed_1219776830.json
2026-03-04 17:30:53 | INFO | src.tmc_shapley_islands | TMC progress: 24/40 permutations done, cache hit rate: 18.0%, n_evals: 50
2026-03-04 17:32:42 | INFO | src.tmc_shapley_islands | TMC progress: 32/40 permutations done, cache hit rate: 23.2%, n_evals: 139
2026-03-04 17:34:34 | INFO | src.tmc_shapley_islands | TMC progress: 40/40 permutations done, cache hit rate: 23.9%, n_evals: 229
2026-03-04 17:34:34 | INFO | src.tmc_shapley_islands | TMC complete: 40 permutations, 0 truncated, 229 utility evals, cache hit rate: 23.9%
2026-03-04 17:34:34 | INFO | src.tmc_shapley_islands | Shapley values (phi, computed on cal set):
2026-03-04 17:34:34 | INFO | src.tmc_shapley_islands |   Nesøy: phi=0.011078, phi/n=0.00009309
2026-03-04 17:34:34 | INFO | src.tmc_shapley_islands |   Myken: phi=0.016209, phi/n=0.00017618
2026-03-04 17:34:34 | INFO | src.tmc_shapley_islands |   Træna: phi=0.089901, phi/n=0.00030788
2026-03-04 17:34:34 | INFO | src.tmc_shapley_islands |   Gjerøy: phi=-0.090561, phi/n=-0.00016230
2026-03-04 17:34:34 | INFO | src.tmc_shapley_islands |   Hestmannøy: phi=0.021113, phi/n=0.00001959
2026-03-04 17:34:34 | INFO | src.tmc_shapley_islands |   Indre Kvarøy: phi=0.049178, phi/n=0.00013814
2026-03-04 17:34:34 | INFO | src.tmc_shapley_islands |   Onøy og Lurøy: phi=0.011509, phi/n=0.00004444
2026-03-04 17:34:34 | INFO | src.tmc_shapley_islands |   Lovund: phi=0.057990, phi/n=0.00036703
2026-03-04 17:34:34 | INFO | src.tmc_shapley_islands |   Sleneset: phi=0.011126, phi/n=0.00006702
2026-03-04 17:34:34 | INFO | src.tmc_shapley_islands |   Aldra: phi=0.017807, phi/n=0.00010293
2026-03-04 17:34:34 | INFO | src.tmc_shapley_islands |   Southern 1: phi=-0.007327, phi/n=-0.00001257
2026-03-04 17:34:34 | INFO | src.tmc_shapley_islands |   Southern 2: phi=-0.030006, phi/n=-0.00007558
2026-03-04 17:34:34 | INFO | src.tmc_shapley_islands |   Southern 3: phi=0.032745, phi/n=0.00005607
2026-03-04 17:34:34 | INFO | src.tmc_shapley_islands |   Southern 4: phi=0.004948, phi/n=0.00001018
2026-03-04 17:34:34 | INFO | src.tmc_shapley_islands |   Southern 5: phi=0.015934, phi/n=0.00007888
2026-03-04 17:34:34 | INFO | src.tmc_shapley_islands | Curve retraining early stopping: enabled=True, patience=20
2026-03-04 17:34:34 | INFO | src.tmc_shapley_islands | Computing add-islands curve (evaluated on test set)...
2026-03-04 17:34:34 | INFO | src.tmc_shapley_islands | Add-curve (mean): 1 islands, n=158 -> corr=0.5189
2026-03-04 17:34:34 | INFO | src.tmc_shapley_islands | Add-curve (mean): 2 islands, n=450 -> corr=0.3282
2026-03-04 17:34:35 | INFO | src.tmc_shapley_islands | Add-curve (mean): 3 islands, n=542 -> corr=0.2882
2026-03-04 17:34:35 | INFO | src.tmc_shapley_islands | Add-curve (mean): 4 islands, n=898 -> corr=0.3159
2026-03-04 17:34:36 | INFO | src.tmc_shapley_islands | Add-curve (mean): 5 islands, n=1071 -> corr=0.3299
2026-03-04 17:34:36 | INFO | src.tmc_shapley_islands | Add-curve (mean): 6 islands, n=1190 -> corr=0.3336
2026-03-04 17:34:37 | INFO | src.tmc_shapley_islands | Add-curve (mean): 7 islands, n=1392 -> corr=0.3419
2026-03-04 17:34:37 | INFO | src.tmc_shapley_islands | Add-curve (mean): 8 islands, n=1558 -> corr=0.3771
2026-03-04 17:34:38 | INFO | src.tmc_shapley_islands | Add-curve (mean): 9 islands, n=2142 -> corr=0.4035
2026-03-04 17:34:39 | INFO | src.tmc_shapley_islands | Add-curve (mean): 10 islands, n=2401 -> corr=0.3330
2026-03-04 17:34:41 | INFO | src.tmc_shapley_islands | Add-curve (mean): 11 islands, n=3479 -> corr=0.2504
2026-03-04 17:34:43 | INFO | src.tmc_shapley_islands | Add-curve (mean): 12 islands, n=3965 -> corr=0.2667
2026-03-04 17:34:45 | INFO | src.tmc_shapley_islands | Add-curve (mean): 13 islands, n=4548 -> corr=0.2932
2026-03-04 17:34:47 | INFO | src.tmc_shapley_islands | Add-curve (mean): 14 islands, n=4945 -> corr=0.2727
2026-03-04 17:34:50 | INFO | src.tmc_shapley_islands | Add-curve (mean): 15 islands, n=5503 -> corr=0.2537
2026-03-04 17:35:01 | INFO | src.tmc_shapley_islands | Random individual add-curve (seed=0) complete
2026-03-04 17:35:11 | INFO | src.tmc_shapley_islands | Random individual add-curve (seed=1) complete
2026-03-04 17:35:21 | INFO | src.tmc_shapley_islands | Random individual add-curve (seed=2) complete
2026-03-04 17:35:32 | INFO | src.tmc_shapley_islands | Random individual add-curve (seed=3) complete
2026-03-04 17:35:43 | INFO | src.tmc_shapley_islands | Random individual add-curve (seed=4) complete
2026-03-04 17:35:43 | INFO | src.tmc_shapley_islands | Building mirrored remove-islands curve from add-islands curve...
2026-03-04 17:35:43 | INFO | src.tmc_shapley_islands | Saved Shapley values to outputs/tmc_shapley_sweep_all_traits/shards/shard_015/body_mass/tmp/shapley_island_values_target_3.csv
2026-03-04 17:35:43 | INFO | src.tmc_shapley_islands | Saved summary to outputs/tmc_shapley_sweep_all_traits/shards/shard_015/body_mass/tmp/tmc_summary_target_3.json
2026-03-04 17:35:43 | INFO | src.tmc_shapley_islands | Saved intermediate ranking trace to outputs/tmc_shapley_sweep_all_traits/shards/shard_015/body_mass/tmp/tmc_intermediate_rankings_target_3.csv
2026-03-04 17:35:43 | INFO | src.tmc_shapley_islands | Saved add-curve to outputs/tmc_shapley_sweep_all_traits/shards/shard_015/body_mass/tmp/add_curve_target_3.csv
2026-03-04 17:35:43 | INFO | src.tmc_shapley_islands | Saved remove-curve to outputs/tmc_shapley_sweep_all_traits/shards/shard_015/body_mass/tmp/remove_curve_target_3.csv
2026-03-04 17:35:43 | INFO | src.tmc_shapley_islands | Saved bar plot to outputs/tmc_shapley_sweep_all_traits/shards/shard_015/body_mass/tmp/shapley_bar_target_3.png
2026-03-04 17:35:44 | INFO | src.tmc_shapley_islands | Saved add-curve plot to outputs/tmc_shapley_sweep_all_traits/shards/shard_015/body_mass/tmp/add_curve_target_3.png
2026-03-04 17:35:44 | INFO | src.tmc_shapley_islands | Saved remove-curve plot to outputs/tmc_shapley_sweep_all_traits/shards/shard_015/body_mass/tmp/remove_curve_target_3.png
2026-03-04 17:35:45 | INFO | __main__ | Shard 15/30 trait=body_mass progress 24/75 | target=3 n_cal_samples=150 perm=80 repeat=5
2026-03-04 17:35:45 | INFO | src.tmc_shapley_islands | [Shapley] Target island: 3 (Selvær), source islands: 15
2026-03-04 17:35:45 | INFO | src.tmc_shapley_islands | Data: source=5503 (across 15 islands), cal=150, test=44
2026-03-04 17:35:45 | INFO | src.tmc_shapley_islands | SNP selection: using fixed precomputed subset (n=20000)
2026-03-04 17:35:45 | INFO | src.tmc_shapley_islands | Island counts (capped to None in training):
  Nesøy: n=119
  Myken: n=92
  Træna: n=292
  Gjerøy: n=558
  Hestmannøy: n=1078
  Indre Kvarøy: n=356
  Onøy og Lurøy: n=259
  Lovund: n=158
  Sleneset: n=166
  Aldra: n=173
  Southern 1: n=583
  Southern 2: n=397
  Southern 3: n=584
  Southern 4: n=486
  Southern 5: n=202
2026-03-04 17:35:45 | INFO | src.tmc_shapley_islands | Loaded 486 cached utilities from outputs/tmc_shapley_sweep_all_traits/cache/body_mass/utility_cache_target_3_seed_1219776830.json
2026-03-04 17:35:45 | INFO | src.tmc_shapley_islands | Running TMC-Shapley with 80 permutations (utility on cal set)...
2026-03-04 17:35:45 | INFO | src.tmc_shapley_islands | Computing V_full over all 15 source islands...
2026-03-04 17:35:45 | INFO | src.tmc_shapley_islands | V_full = 0.2116
2026-03-04 17:35:45 | INFO | src.tmc_shapley_islands | TMC head-start: loaded 40 completed permutations from state outputs/tmc_shapley_sweep_all_traits/cache/body_mass/tmc_perm_state_target_3_seed_1219776830.json
2026-03-04 17:37:45 | INFO | src.tmc_shapley_islands | TMC progress: 48/80 permutations done, cache hit rate: 25.6%, n_evals: 90
2026-03-04 17:41:05 | INFO | src.tmc_shapley_islands | TMC progress: 64/80 permutations done, cache hit rate: 26.6%, n_evals: 265
2026-03-04 17:44:46 | INFO | src.tmc_shapley_islands | TMC progress: 80/80 permutations done, cache hit rate: 26.3%, n_evals: 443
2026-03-04 17:44:46 | INFO | src.tmc_shapley_islands | TMC complete: 80 permutations, 0 truncated, 443 utility evals, cache hit rate: 26.3%
2026-03-04 17:44:46 | INFO | src.tmc_shapley_islands | Shapley values (phi, computed on cal set):
2026-03-04 17:44:46 | INFO | src.tmc_shapley_islands |   Nesøy: phi=0.011866, phi/n=0.00009971
2026-03-04 17:44:46 | INFO | src.tmc_shapley_islands |   Myken: phi=0.010146, phi/n=0.00011028
2026-03-04 17:44:46 | INFO | src.tmc_shapley_islands |   Træna: phi=0.103908, phi/n=0.00035585
2026-03-04 17:44:46 | INFO | src.tmc_shapley_islands |   Gjerøy: phi=-0.092211, phi/n=-0.00016525
2026-03-04 17:44:46 | INFO | src.tmc_shapley_islands |   Hestmannøy: phi=0.017384, phi/n=0.00001613
2026-03-04 17:44:46 | INFO | src.tmc_shapley_islands |   Indre Kvarøy: phi=0.051867, phi/n=0.00014569
2026-03-04 17:44:46 | INFO | src.tmc_shapley_islands |   Onøy og Lurøy: phi=0.012070, phi/n=0.00004660
2026-03-04 17:44:46 | INFO | src.tmc_shapley_islands |   Lovund: phi=0.052382, phi/n=0.00033153
2026-03-04 17:44:46 | INFO | src.tmc_shapley_islands |   Sleneset: phi=0.010264, phi/n=0.00006183
2026-03-04 17:44:46 | INFO | src.tmc_shapley_islands |   Aldra: phi=0.021203, phi/n=0.00012256
2026-03-04 17:44:46 | INFO | src.tmc_shapley_islands |   Southern 1: phi=-0.006710, phi/n=-0.00001151
2026-03-04 17:44:46 | INFO | src.tmc_shapley_islands |   Southern 2: phi=-0.029327, phi/n=-0.00007387
2026-03-04 17:44:46 | INFO | src.tmc_shapley_islands |   Southern 3: phi=0.030007, phi/n=0.00005138
2026-03-04 17:44:46 | INFO | src.tmc_shapley_islands |   Southern 4: phi=0.004872, phi/n=0.00001003
2026-03-04 17:44:46 | INFO | src.tmc_shapley_islands |   Southern 5: phi=0.013921, phi/n=0.00006892
2026-03-04 17:44:46 | INFO | src.tmc_shapley_islands | Curve retraining early stopping: enabled=True, patience=20
2026-03-04 17:44:46 | INFO | src.tmc_shapley_islands | Computing add-islands curve (evaluated on test set)...
2026-03-04 17:44:46 | INFO | src.tmc_shapley_islands | Add-curve (mean): 1 islands, n=292 -> corr=0.1859
2026-03-04 17:44:46 | INFO | src.tmc_shapley_islands | Add-curve (mean): 2 islands, n=450 -> corr=0.3282
2026-03-04 17:44:47 | INFO | src.tmc_shapley_islands | Add-curve (mean): 3 islands, n=806 -> corr=0.3521
2026-03-04 17:44:47 | INFO | src.tmc_shapley_islands | Add-curve (mean): 4 islands, n=979 -> corr=0.3642
2026-03-04 17:44:48 | INFO | src.tmc_shapley_islands | Add-curve (mean): 5 islands, n=1071 -> corr=0.3299
2026-03-04 17:44:48 | INFO | src.tmc_shapley_islands | Add-curve (mean): 6 islands, n=1190 -> corr=0.3336
2026-03-04 17:44:49 | INFO | src.tmc_shapley_islands | Add-curve (mean): 7 islands, n=1392 -> corr=0.3419
2026-03-04 17:44:50 | INFO | src.tmc_shapley_islands | Add-curve (mean): 8 islands, n=1558 -> corr=0.3771
2026-03-04 17:44:51 | INFO | src.tmc_shapley_islands | Add-curve (mean): 9 islands, n=2142 -> corr=0.4035
2026-03-04 17:44:52 | INFO | src.tmc_shapley_islands | Add-curve (mean): 10 islands, n=2401 -> corr=0.3330
2026-03-04 17:44:53 | INFO | src.tmc_shapley_islands | Add-curve (mean): 11 islands, n=3479 -> corr=0.2504
2026-03-04 17:44:55 | INFO | src.tmc_shapley_islands | Add-curve (mean): 12 islands, n=3965 -> corr=0.2667
2026-03-04 17:44:57 | INFO | src.tmc_shapley_islands | Add-curve (mean): 13 islands, n=4548 -> corr=0.2932
2026-03-04 17:44:59 | INFO | src.tmc_shapley_islands | Add-curve (mean): 14 islands, n=4945 -> corr=0.2727
2026-03-04 17:45:02 | INFO | src.tmc_shapley_islands | Add-curve (mean): 15 islands, n=5503 -> corr=0.2537
2026-03-04 17:45:12 | INFO | src.tmc_shapley_islands | Random individual add-curve (seed=0) complete
2026-03-04 17:45:23 | INFO | src.tmc_shapley_islands | Random individual add-curve (seed=1) complete
2026-03-04 17:45:34 | INFO | src.tmc_shapley_islands | Random individual add-curve (seed=2) complete
2026-03-04 17:45:44 | INFO | src.tmc_shapley_islands | Random individual add-curve (seed=3) complete
2026-03-04 17:45:55 | INFO | src.tmc_shapley_islands | Random individual add-curve (seed=4) complete
2026-03-04 17:45:55 | INFO | src.tmc_shapley_islands | Building mirrored remove-islands curve from add-islands curve...
2026-03-04 17:45:55 | INFO | src.tmc_shapley_islands | Saved Shapley values to outputs/tmc_shapley_sweep_all_traits/shards/shard_015/body_mass/tmp/shapley_island_values_target_3.csv
2026-03-04 17:45:55 | INFO | src.tmc_shapley_islands | Saved summary to outputs/tmc_shapley_sweep_all_traits/shards/shard_015/body_mass/tmp/tmc_summary_target_3.json
2026-03-04 17:45:55 | INFO | src.tmc_shapley_islands | Saved intermediate ranking trace to outputs/tmc_shapley_sweep_all_traits/shards/shard_015/body_mass/tmp/tmc_intermediate_rankings_target_3.csv
2026-03-04 17:45:55 | INFO | src.tmc_shapley_islands | Saved add-curve to outputs/tmc_shapley_sweep_all_traits/shards/shard_015/body_mass/tmp/add_curve_target_3.csv
2026-03-04 17:45:55 | INFO | src.tmc_shapley_islands | Saved remove-curve to outputs/tmc_shapley_sweep_all_traits/shards/shard_015/body_mass/tmp/remove_curve_target_3.csv
2026-03-04 17:45:55 | INFO | src.tmc_shapley_islands | Saved bar plot to outputs/tmc_shapley_sweep_all_traits/shards/shard_015/body_mass/tmp/shapley_bar_target_3.png
2026-03-04 17:45:56 | INFO | src.tmc_shapley_islands | Saved add-curve plot to outputs/tmc_shapley_sweep_all_traits/shards/shard_015/body_mass/tmp/add_curve_target_3.png
2026-03-04 17:45:56 | INFO | src.tmc_shapley_islands | Saved remove-curve plot to outputs/tmc_shapley_sweep_all_traits/shards/shard_015/body_mass/tmp/remove_curve_target_3.png
2026-03-04 17:45:56 | INFO | __main__ | Shard 15/30 trait=body_mass progress 25/75 | target=3 n_cal_samples=150 perm=150 repeat=5
2026-03-04 17:45:56 | INFO | src.tmc_shapley_islands | [Shapley] Target island: 3 (Selvær), source islands: 15
2026-03-04 17:45:57 | INFO | src.tmc_shapley_islands | Data: source=5503 (across 15 islands), cal=150, test=44
2026-03-04 17:45:57 | INFO | src.tmc_shapley_islands | SNP selection: using fixed precomputed subset (n=20000)
2026-03-04 17:45:57 | INFO | src.tmc_shapley_islands | Island counts (capped to None in training):
  Nesøy: n=119
  Myken: n=92
  Træna: n=292
  Gjerøy: n=558
  Hestmannøy: n=1078
  Indre Kvarøy: n=356
  Onøy og Lurøy: n=259
  Lovund: n=158
  Sleneset: n=166
  Aldra: n=173
  Southern 1: n=583
  Southern 2: n=397
  Southern 3: n=584
  Southern 4: n=486
  Southern 5: n=202
2026-03-04 17:45:57 | INFO | src.tmc_shapley_islands | Loaded 929 cached utilities from outputs/tmc_shapley_sweep_all_traits/cache/body_mass/utility_cache_target_3_seed_1219776830.json
2026-03-04 17:45:57 | INFO | src.tmc_shapley_islands | Running TMC-Shapley with 150 permutations (utility on cal set)...
2026-03-04 17:45:57 | INFO | src.tmc_shapley_islands | Computing V_full over all 15 source islands...
2026-03-04 17:45:57 | INFO | src.tmc_shapley_islands | V_full = 0.2116
2026-03-04 17:45:57 | INFO | src.tmc_shapley_islands | TMC head-start: loaded 80 completed permutations from state outputs/tmc_shapley_sweep_all_traits/cache/body_mass/tmc_perm_state_target_3_seed_1219776830.json
2026-03-04 17:47:48 | INFO | src.tmc_shapley_islands | TMC progress: 90/150 permutations done, cache hit rate: 32.5%, n_evals: 102
2026-03-04 17:53:30 | INFO | src.tmc_shapley_islands | TMC progress: 120/150 permutations done, cache hit rate: 33.1%, n_evals: 402
2026-03-04 17:59:04 | INFO | src.tmc_shapley_islands | TMC progress: 150/150 permutations done, cache hit rate: 34.9%, n_evals: 684
2026-03-04 17:59:04 | INFO | src.tmc_shapley_islands | TMC complete: 150 permutations, 0 truncated, 684 utility evals, cache hit rate: 34.9%
2026-03-04 17:59:04 | INFO | src.tmc_shapley_islands | Shapley values (phi, computed on cal set):
2026-03-04 17:59:04 | INFO | src.tmc_shapley_islands |   Nesøy: phi=0.012376, phi/n=0.00010400
2026-03-04 17:59:04 | INFO | src.tmc_shapley_islands |   Myken: phi=0.013475, phi/n=0.00014647
2026-03-04 17:59:04 | INFO | src.tmc_shapley_islands |   Træna: phi=0.103406, phi/n=0.00035413
2026-03-04 17:59:04 | INFO | src.tmc_shapley_islands |   Gjerøy: phi=-0.094272, phi/n=-0.00016895
2026-03-04 17:59:04 | INFO | src.tmc_shapley_islands |   Hestmannøy: phi=0.016657, phi/n=0.00001545
2026-03-04 17:59:04 | INFO | src.tmc_shapley_islands |   Indre Kvarøy: phi=0.050431, phi/n=0.00014166
2026-03-04 17:59:04 | INFO | src.tmc_shapley_islands |   Onøy og Lurøy: phi=0.012598, phi/n=0.00004864
2026-03-04 17:59:04 | INFO | src.tmc_shapley_islands |   Lovund: phi=0.052942, phi/n=0.00033508
2026-03-04 17:59:04 | INFO | src.tmc_shapley_islands |   Sleneset: phi=0.010612, phi/n=0.00006393
2026-03-04 17:59:04 | INFO | src.tmc_shapley_islands |   Aldra: phi=0.020728, phi/n=0.00011982
2026-03-04 17:59:04 | INFO | src.tmc_shapley_islands |   Southern 1: phi=-0.006556, phi/n=-0.00001124
2026-03-04 17:59:04 | INFO | src.tmc_shapley_islands |   Southern 2: phi=-0.029603, phi/n=-0.00007457
2026-03-04 17:59:04 | INFO | src.tmc_shapley_islands |   Southern 3: phi=0.029079, phi/n=0.00004979
2026-03-04 17:59:04 | INFO | src.tmc_shapley_islands |   Southern 4: phi=0.003470, phi/n=0.00000714
2026-03-04 17:59:04 | INFO | src.tmc_shapley_islands |   Southern 5: phi=0.016299, phi/n=0.00008069
2026-03-04 17:59:04 | INFO | src.tmc_shapley_islands | Curve retraining early stopping: enabled=True, patience=20
2026-03-04 17:59:04 | INFO | src.tmc_shapley_islands | Computing add-islands curve (evaluated on test set)...
2026-03-04 17:59:05 | INFO | src.tmc_shapley_islands | Add-curve (mean): 1 islands, n=292 -> corr=0.1859
2026-03-04 17:59:05 | INFO | src.tmc_shapley_islands | Add-curve (mean): 2 islands, n=450 -> corr=0.3282
2026-03-04 17:59:05 | INFO | src.tmc_shapley_islands | Add-curve (mean): 3 islands, n=542 -> corr=0.2882
2026-03-04 17:59:05 | INFO | src.tmc_shapley_islands | Add-curve (mean): 4 islands, n=898 -> corr=0.3159
2026-03-04 17:59:06 | INFO | src.tmc_shapley_islands | Add-curve (mean): 5 islands, n=1071 -> corr=0.3299
2026-03-04 17:59:07 | INFO | src.tmc_shapley_islands | Add-curve (mean): 6 islands, n=1190 -> corr=0.3336
2026-03-04 17:59:07 | INFO | src.tmc_shapley_islands | Add-curve (mean): 7 islands, n=1392 -> corr=0.3419
2026-03-04 17:59:08 | INFO | src.tmc_shapley_islands | Add-curve (mean): 8 islands, n=1558 -> corr=0.3771
2026-03-04 17:59:09 | INFO | src.tmc_shapley_islands | Add-curve (mean): 9 islands, n=2142 -> corr=0.4035
2026-03-04 17:59:10 | INFO | src.tmc_shapley_islands | Add-curve (mean): 10 islands, n=2401 -> corr=0.3330
2026-03-04 17:59:11 | INFO | src.tmc_shapley_islands | Add-curve (mean): 11 islands, n=3479 -> corr=0.2504
2026-03-04 17:59:13 | INFO | src.tmc_shapley_islands | Add-curve (mean): 12 islands, n=3965 -> corr=0.2667
2026-03-04 17:59:15 | INFO | src.tmc_shapley_islands | Add-curve (mean): 13 islands, n=4548 -> corr=0.2932
2026-03-04 17:59:18 | INFO | src.tmc_shapley_islands | Add-curve (mean): 14 islands, n=4945 -> corr=0.2727
2026-03-04 17:59:20 | INFO | src.tmc_shapley_islands | Add-curve (mean): 15 islands, n=5503 -> corr=0.2537
2026-03-04 17:59:31 | INFO | src.tmc_shapley_islands | Random individual add-curve (seed=0) complete
2026-03-04 17:59:42 | INFO | src.tmc_shapley_islands | Random individual add-curve (seed=1) complete
2026-03-04 17:59:52 | INFO | src.tmc_shapley_islands | Random individual add-curve (seed=2) complete
2026-03-04 18:00:03 | INFO | src.tmc_shapley_islands | Random individual add-curve (seed=3) complete
2026-03-04 18:00:13 | INFO | src.tmc_shapley_islands | Random individual add-curve (seed=4) complete
2026-03-04 18:00:13 | INFO | src.tmc_shapley_islands | Building mirrored remove-islands curve from add-islands curve...
2026-03-04 18:00:13 | INFO | src.tmc_shapley_islands | Saved Shapley values to outputs/tmc_shapley_sweep_all_traits/shards/shard_015/body_mass/tmp/shapley_island_values_target_3.csv
2026-03-04 18:00:13 | INFO | src.tmc_shapley_islands | Saved summary to outputs/tmc_shapley_sweep_all_traits/shards/shard_015/body_mass/tmp/tmc_summary_target_3.json
2026-03-04 18:00:13 | INFO | src.tmc_shapley_islands | Saved intermediate ranking trace to outputs/tmc_shapley_sweep_all_traits/shards/shard_015/body_mass/tmp/tmc_intermediate_rankings_target_3.csv
2026-03-04 18:00:13 | INFO | src.tmc_shapley_islands | Saved add-curve to outputs/tmc_shapley_sweep_all_traits/shards/shard_015/body_mass/tmp/add_curve_target_3.csv
2026-03-04 18:00:13 | INFO | src.tmc_shapley_islands | Saved remove-curve to outputs/tmc_shapley_sweep_all_traits/shards/shard_015/body_mass/tmp/remove_curve_target_3.csv
2026-03-04 18:00:14 | INFO | src.tmc_shapley_islands | Saved bar plot to outputs/tmc_shapley_sweep_all_traits/shards/shard_015/body_mass/tmp/shapley_bar_target_3.png
2026-03-04 18:00:15 | INFO | src.tmc_shapley_islands | Saved add-curve plot to outputs/tmc_shapley_sweep_all_traits/shards/shard_015/body_mass/tmp/add_curve_target_3.png
2026-03-04 18:00:15 | INFO | src.tmc_shapley_islands | Saved remove-curve plot to outputs/tmc_shapley_sweep_all_traits/shards/shard_015/body_mass/tmp/remove_curve_target_3.png
2026-03-04 18:00:15 | INFO | __main__ | Shard 15/30 trait=body_mass progress 26/75 | target=5 n_cal_samples=10 perm=10 repeat=5
2026-03-04 18:00:15 | INFO | src.tmc_shapley_islands | [Shapley] Target island: 5 (Hestmannøy), source islands: 15
2026-03-04 18:00:16 | INFO | src.tmc_shapley_islands | Data: source=4619 (across 15 islands), cal=10, test=928
2026-03-04 18:00:16 | INFO | src.tmc_shapley_islands | SNP selection: using fixed precomputed subset (n=20000)
2026-03-04 18:00:16 | INFO | src.tmc_shapley_islands | Island counts (capped to None in training):
  Nesøy: n=119
  Myken: n=92
  Træna: n=292
  Selvær: n=194
  Gjerøy: n=558
  Indre Kvarøy: n=356
  Onøy og Lurøy: n=259
  Lovund: n=158
  Sleneset: n=166
  Aldra: n=173
  Southern 1: n=583
  Southern 2: n=397
  Southern 3: n=584
  Southern 4: n=486
  Southern 5: n=202
2026-03-04 18:00:16 | INFO | src.tmc_shapley_islands | Running TMC-Shapley with 10 permutations (utility on cal set)...
2026-03-04 18:00:16 | INFO | src.tmc_shapley_islands | Computing V_full over all 15 source islands...
2026-03-04 18:00:18 | INFO | src.tmc_shapley_islands | V_full = 0.0617
2026-03-04 18:00:47 | INFO | src.tmc_shapley_islands | TMC progress: 2/10 permutations done, cache hit rate: 9.7%, n_evals: 28
2026-03-04 18:01:17 | INFO | src.tmc_shapley_islands | TMC progress: 4/10 permutations done, cache hit rate: 8.2%, n_evals: 56
2026-03-04 18:01:44 | INFO | src.tmc_shapley_islands | TMC progress: 6/10 permutations done, cache hit rate: 8.8%, n_evals: 83
2026-03-04 18:02:10 | INFO | src.tmc_shapley_islands | TMC progress: 8/10 permutations done, cache hit rate: 10.7%, n_evals: 108
2026-03-04 18:02:35 | INFO | src.tmc_shapley_islands | TMC progress: 10/10 permutations done, cache hit rate: 11.9%, n_evals: 133
2026-03-04 18:02:35 | INFO | src.tmc_shapley_islands | TMC complete: 10 permutations, 0 truncated, 133 utility evals, cache hit rate: 11.9%
2026-03-04 18:02:35 | INFO | src.tmc_shapley_islands | Shapley values (phi, computed on cal set):
2026-03-04 18:02:35 | INFO | src.tmc_shapley_islands |   Nesøy: phi=-0.057088, phi/n=-0.00047973
2026-03-04 18:02:35 | INFO | src.tmc_shapley_islands |   Myken: phi=-0.066156, phi/n=-0.00071908
2026-03-04 18:02:35 | INFO | src.tmc_shapley_islands |   Træna: phi=0.012662, phi/n=0.00004336
2026-03-04 18:02:35 | INFO | src.tmc_shapley_islands |   Selvær: phi=-0.028770, phi/n=-0.00014830
2026-03-04 18:02:35 | INFO | src.tmc_shapley_islands |   Gjerøy: phi=0.239298, phi/n=0.00042885
2026-03-04 18:02:35 | INFO | src.tmc_shapley_islands |   Indre Kvarøy: phi=0.120121, phi/n=0.00033742
2026-03-04 18:02:35 | INFO | src.tmc_shapley_islands |   Onøy og Lurøy: phi=-0.045866, phi/n=-0.00017709
2026-03-04 18:02:35 | INFO | src.tmc_shapley_islands |   Lovund: phi=-0.011188, phi/n=-0.00007081
2026-03-04 18:02:35 | INFO | src.tmc_shapley_islands |   Sleneset: phi=-0.022719, phi/n=-0.00013686
2026-03-04 18:02:35 | INFO | src.tmc_shapley_islands |   Aldra: phi=0.000207, phi/n=0.00000120
2026-03-04 18:02:35 | INFO | src.tmc_shapley_islands |   Southern 1: phi=0.079955, phi/n=0.00013714
2026-03-04 18:02:35 | INFO | src.tmc_shapley_islands |   Southern 2: phi=-0.264561, phi/n=-0.00066640
2026-03-04 18:02:35 | INFO | src.tmc_shapley_islands |   Southern 3: phi=0.126987, phi/n=0.00021744
2026-03-04 18:02:35 | INFO | src.tmc_shapley_islands |   Southern 4: phi=-0.016779, phi/n=-0.00003452
2026-03-04 18:02:35 | INFO | src.tmc_shapley_islands |   Southern 5: phi=-0.004420, phi/n=-0.00002188
2026-03-04 18:02:35 | INFO | src.tmc_shapley_islands | Curve retraining early stopping: enabled=True, patience=20
2026-03-04 18:02:35 | INFO | src.tmc_shapley_islands | Computing add-islands curve (evaluated on test set)...
2026-03-04 18:02:36 | INFO | src.tmc_shapley_islands | Add-curve (mean): 1 islands, n=558 -> corr=0.0645
2026-03-04 18:02:36 | INFO | src.tmc_shapley_islands | Add-curve (mean): 2 islands, n=914 -> corr=0.1299
2026-03-04 18:02:37 | INFO | src.tmc_shapley_islands | Add-curve (mean): 3 islands, n=1498 -> corr=0.1236
2026-03-04 18:02:38 | INFO | src.tmc_shapley_islands | Add-curve (mean): 4 islands, n=2081 -> corr=0.1210
2026-03-04 18:02:39 | INFO | src.tmc_shapley_islands | Add-curve (mean): 5 islands, n=2373 -> corr=0.1249
2026-03-04 18:02:40 | INFO | src.tmc_shapley_islands | Add-curve (mean): 6 islands, n=2546 -> corr=0.1394
2026-03-04 18:02:42 | INFO | src.tmc_shapley_islands | Add-curve (mean): 7 islands, n=2748 -> corr=0.1316
2026-03-04 18:02:43 | INFO | src.tmc_shapley_islands | Add-curve (mean): 8 islands, n=3234 -> corr=0.1319
2026-03-04 18:02:45 | INFO | src.tmc_shapley_islands | Add-curve (mean): 9 islands, n=3392 -> corr=0.1370
2026-03-04 18:02:46 | INFO | src.tmc_shapley_islands | Add-curve (mean): 10 islands, n=3558 -> corr=0.1351
2026-03-04 18:02:48 | INFO | src.tmc_shapley_islands | Add-curve (mean): 11 islands, n=3752 -> corr=0.1285
2026-03-04 18:02:50 | INFO | src.tmc_shapley_islands | Add-curve (mean): 12 islands, n=4011 -> corr=0.1112
2026-03-04 18:02:52 | INFO | src.tmc_shapley_islands | Add-curve (mean): 13 islands, n=4130 -> corr=0.1064
2026-03-04 18:02:54 | INFO | src.tmc_shapley_islands | Add-curve (mean): 14 islands, n=4527 -> corr=0.1093
2026-03-04 18:02:56 | INFO | src.tmc_shapley_islands | Add-curve (mean): 15 islands, n=4619 -> corr=0.1179
2026-03-04 18:03:10 | INFO | src.tmc_shapley_islands | Random individual add-curve (seed=0) complete
2026-03-04 18:03:25 | INFO | src.tmc_shapley_islands | Random individual add-curve (seed=1) complete
2026-03-04 18:03:39 | INFO | src.tmc_shapley_islands | Random individual add-curve (seed=2) complete
2026-03-04 18:03:54 | INFO | src.tmc_shapley_islands | Random individual add-curve (seed=3) complete
2026-03-04 18:04:08 | INFO | src.tmc_shapley_islands | Random individual add-curve (seed=4) complete
2026-03-04 18:04:08 | INFO | src.tmc_shapley_islands | Building mirrored remove-islands curve from add-islands curve...
2026-03-04 18:04:08 | INFO | src.tmc_shapley_islands | Saved Shapley values to outputs/tmc_shapley_sweep_all_traits/shards/shard_015/body_mass/tmp/shapley_island_values_target_5.csv
2026-03-04 18:04:08 | INFO | src.tmc_shapley_islands | Saved summary to outputs/tmc_shapley_sweep_all_traits/shards/shard_015/body_mass/tmp/tmc_summary_target_5.json
2026-03-04 18:04:08 | INFO | src.tmc_shapley_islands | Saved intermediate ranking trace to outputs/tmc_shapley_sweep_all_traits/shards/shard_015/body_mass/tmp/tmc_intermediate_rankings_target_5.csv
2026-03-04 18:04:08 | INFO | src.tmc_shapley_islands | Saved add-curve to outputs/tmc_shapley_sweep_all_traits/shards/shard_015/body_mass/tmp/add_curve_target_5.csv
2026-03-04 18:04:08 | INFO | src.tmc_shapley_islands | Saved remove-curve to outputs/tmc_shapley_sweep_all_traits/shards/shard_015/body_mass/tmp/remove_curve_target_5.csv
2026-03-04 18:04:08 | INFO | src.tmc_shapley_islands | Saved bar plot to outputs/tmc_shapley_sweep_all_traits/shards/shard_015/body_mass/tmp/shapley_bar_target_5.png
2026-03-04 18:04:09 | INFO | src.tmc_shapley_islands | Saved add-curve plot to outputs/tmc_shapley_sweep_all_traits/shards/shard_015/body_mass/tmp/add_curve_target_5.png
2026-03-04 18:04:10 | INFO | src.tmc_shapley_islands | Saved remove-curve plot to outputs/tmc_shapley_sweep_all_traits/shards/shard_015/body_mass/tmp/remove_curve_target_5.png
2026-03-04 18:04:10 | INFO | __main__ | Shard 15/30 trait=body_mass progress 27/75 | target=5 n_cal_samples=10 perm=20 repeat=5
2026-03-04 18:04:10 | INFO | src.tmc_shapley_islands | [Shapley] Target island: 5 (Hestmannøy), source islands: 15
2026-03-04 18:04:10 | INFO | src.tmc_shapley_islands | Data: source=4619 (across 15 islands), cal=10, test=928
2026-03-04 18:04:10 | INFO | src.tmc_shapley_islands | SNP selection: using fixed precomputed subset (n=20000)
2026-03-04 18:04:10 | INFO | src.tmc_shapley_islands | Island counts (capped to None in training):
  Nesøy: n=119
  Myken: n=92
  Træna: n=292
  Selvær: n=194
  Gjerøy: n=558
  Indre Kvarøy: n=356
  Onøy og Lurøy: n=259
  Lovund: n=158
  Sleneset: n=166
  Aldra: n=173
  Southern 1: n=583
  Southern 2: n=397
  Southern 3: n=584
  Southern 4: n=486
  Southern 5: n=202
2026-03-04 18:04:10 | INFO | src.tmc_shapley_islands | Loaded 133 cached utilities from outputs/tmc_shapley_sweep_all_traits/cache/body_mass/utility_cache_target_5_seed_1894302138.json
2026-03-04 18:04:10 | INFO | src.tmc_shapley_islands | Running TMC-Shapley with 20 permutations (utility on cal set)...
2026-03-04 18:04:10 | INFO | src.tmc_shapley_islands | Computing V_full over all 15 source islands...
2026-03-04 18:04:10 | INFO | src.tmc_shapley_islands | V_full = 0.0617
2026-03-04 18:04:10 | INFO | src.tmc_shapley_islands | TMC head-start: loaded 10 completed permutations from state outputs/tmc_shapley_sweep_all_traits/cache/body_mass/tmc_perm_state_target_5_seed_1894302138.json
2026-03-04 18:04:37 | INFO | src.tmc_shapley_islands | TMC progress: 12/20 permutations done, cache hit rate: 19.4%, n_evals: 25
2026-03-04 18:05:29 | INFO | src.tmc_shapley_islands | TMC progress: 16/20 permutations done, cache hit rate: 19.8%, n_evals: 73
2026-03-04 18:06:25 | INFO | src.tmc_shapley_islands | TMC progress: 20/20 permutations done, cache hit rate: 17.2%, n_evals: 125
2026-03-04 18:06:25 | INFO | src.tmc_shapley_islands | TMC complete: 20 permutations, 0 truncated, 125 utility evals, cache hit rate: 17.2%
2026-03-04 18:06:25 | INFO | src.tmc_shapley_islands | Shapley values (phi, computed on cal set):
2026-03-04 18:06:25 | INFO | src.tmc_shapley_islands |   Nesøy: phi=-0.049396, phi/n=-0.00041509
2026-03-04 18:06:25 | INFO | src.tmc_shapley_islands |   Myken: phi=-0.043357, phi/n=-0.00047127
2026-03-04 18:06:25 | INFO | src.tmc_shapley_islands |   Træna: phi=0.010346, phi/n=0.00003543
2026-03-04 18:06:25 | INFO | src.tmc_shapley_islands |   Selvær: phi=-0.029403, phi/n=-0.00015156
2026-03-04 18:06:25 | INFO | src.tmc_shapley_islands |   Gjerøy: phi=0.239335, phi/n=0.00042892
2026-03-04 18:06:25 | INFO | src.tmc_shapley_islands |   Indre Kvarøy: phi=0.103718, phi/n=0.00029134
2026-03-04 18:06:25 | INFO | src.tmc_shapley_islands |   Onøy og Lurøy: phi=-0.072185, phi/n=-0.00027871
2026-03-04 18:06:25 | INFO | src.tmc_shapley_islands |   Lovund: phi=0.002280, phi/n=0.00001443
2026-03-04 18:06:25 | INFO | src.tmc_shapley_islands |   Sleneset: phi=-0.016554, phi/n=-0.00009972
2026-03-04 18:06:25 | INFO | src.tmc_shapley_islands |   Aldra: phi=0.002022, phi/n=0.00001169
2026-03-04 18:06:25 | INFO | src.tmc_shapley_islands |   Southern 1: phi=0.085680, phi/n=0.00014696
2026-03-04 18:06:25 | INFO | src.tmc_shapley_islands |   Southern 2: phi=-0.293602, phi/n=-0.00073955
2026-03-04 18:06:25 | INFO | src.tmc_shapley_islands |   Southern 3: phi=0.140642, phi/n=0.00024082
2026-03-04 18:06:25 | INFO | src.tmc_shapley_islands |   Southern 4: phi=-0.016968, phi/n=-0.00003491
2026-03-04 18:06:25 | INFO | src.tmc_shapley_islands |   Southern 5: phi=-0.000874, phi/n=-0.00000433
2026-03-04 18:06:25 | INFO | src.tmc_shapley_islands | Curve retraining early stopping: enabled=True, patience=20
2026-03-04 18:06:25 | INFO | src.tmc_shapley_islands | Computing add-islands curve (evaluated on test set)...
2026-03-04 18:06:25 | INFO | src.tmc_shapley_islands | Add-curve (mean): 1 islands, n=558 -> corr=0.0645
2026-03-04 18:06:26 | INFO | src.tmc_shapley_islands | Add-curve (mean): 2 islands, n=914 -> corr=0.1299
2026-03-04 18:06:26 | INFO | src.tmc_shapley_islands | Add-curve (mean): 3 islands, n=1498 -> corr=0.1236
2026-03-04 18:06:27 | INFO | src.tmc_shapley_islands | Add-curve (mean): 4 islands, n=2081 -> corr=0.1210
2026-03-04 18:06:29 | INFO | src.tmc_shapley_islands | Add-curve (mean): 5 islands, n=2373 -> corr=0.1249
2026-03-04 18:06:30 | INFO | src.tmc_shapley_islands | Add-curve (mean): 6 islands, n=2531 -> corr=0.1303
2026-03-04 18:06:31 | INFO | src.tmc_shapley_islands | Add-curve (mean): 7 islands, n=2704 -> corr=0.1446
2026-03-04 18:06:32 | INFO | src.tmc_shapley_islands | Add-curve (mean): 8 islands, n=2906 -> corr=0.1369
2026-03-04 18:06:34 | INFO | src.tmc_shapley_islands | Add-curve (mean): 9 islands, n=3392 -> corr=0.1370
2026-03-04 18:06:35 | INFO | src.tmc_shapley_islands | Add-curve (mean): 10 islands, n=3558 -> corr=0.1351
2026-03-04 18:06:37 | INFO | src.tmc_shapley_islands | Add-curve (mean): 11 islands, n=3752 -> corr=0.1285
2026-03-04 18:06:39 | INFO | src.tmc_shapley_islands | Add-curve (mean): 12 islands, n=4011 -> corr=0.1112
2026-03-04 18:06:41 | INFO | src.tmc_shapley_islands | Add-curve (mean): 13 islands, n=4130 -> corr=0.1064
2026-03-04 18:06:43 | INFO | src.tmc_shapley_islands | Add-curve (mean): 14 islands, n=4222 -> corr=0.1152
2026-03-04 18:06:45 | INFO | src.tmc_shapley_islands | Add-curve (mean): 15 islands, n=4619 -> corr=0.1179
2026-03-04 18:06:59 | INFO | src.tmc_shapley_islands | Random individual add-curve (seed=0) complete
2026-03-04 18:07:13 | INFO | src.tmc_shapley_islands | Random individual add-curve (seed=1) complete
2026-03-04 18:07:27 | INFO | src.tmc_shapley_islands | Random individual add-curve (seed=2) complete
2026-03-04 18:07:42 | INFO | src.tmc_shapley_islands | Random individual add-curve (seed=3) complete
2026-03-04 18:07:56 | INFO | src.tmc_shapley_islands | Random individual add-curve (seed=4) complete
2026-03-04 18:07:56 | INFO | src.tmc_shapley_islands | Building mirrored remove-islands curve from add-islands curve...
2026-03-04 18:07:56 | INFO | src.tmc_shapley_islands | Saved Shapley values to outputs/tmc_shapley_sweep_all_traits/shards/shard_015/body_mass/tmp/shapley_island_values_target_5.csv
2026-03-04 18:07:56 | INFO | src.tmc_shapley_islands | Saved summary to outputs/tmc_shapley_sweep_all_traits/shards/shard_015/body_mass/tmp/tmc_summary_target_5.json
2026-03-04 18:07:56 | INFO | src.tmc_shapley_islands | Saved intermediate ranking trace to outputs/tmc_shapley_sweep_all_traits/shards/shard_015/body_mass/tmp/tmc_intermediate_rankings_target_5.csv
2026-03-04 18:07:56 | INFO | src.tmc_shapley_islands | Saved add-curve to outputs/tmc_shapley_sweep_all_traits/shards/shard_015/body_mass/tmp/add_curve_target_5.csv
2026-03-04 18:07:56 | INFO | src.tmc_shapley_islands | Saved remove-curve to outputs/tmc_shapley_sweep_all_traits/shards/shard_015/body_mass/tmp/remove_curve_target_5.csv
2026-03-04 18:07:57 | INFO | src.tmc_shapley_islands | Saved bar plot to outputs/tmc_shapley_sweep_all_traits/shards/shard_015/body_mass/tmp/shapley_bar_target_5.png
2026-03-04 18:07:57 | INFO | src.tmc_shapley_islands | Saved add-curve plot to outputs/tmc_shapley_sweep_all_traits/shards/shard_015/body_mass/tmp/add_curve_target_5.png
2026-03-04 18:07:58 | INFO | src.tmc_shapley_islands | Saved remove-curve plot to outputs/tmc_shapley_sweep_all_traits/shards/shard_015/body_mass/tmp/remove_curve_target_5.png
2026-03-04 18:07:58 | INFO | __main__ | Shard 15/30 trait=body_mass progress 28/75 | target=5 n_cal_samples=10 perm=40 repeat=5
2026-03-04 18:07:58 | INFO | src.tmc_shapley_islands | [Shapley] Target island: 5 (Hestmannøy), source islands: 15
2026-03-04 18:07:59 | INFO | src.tmc_shapley_islands | Data: source=4619 (across 15 islands), cal=10, test=928
2026-03-04 18:07:59 | INFO | src.tmc_shapley_islands | SNP selection: using fixed precomputed subset (n=20000)
2026-03-04 18:07:59 | INFO | src.tmc_shapley_islands | Island counts (capped to None in training):
  Nesøy: n=119
  Myken: n=92
  Træna: n=292
  Selvær: n=194
  Gjerøy: n=558
  Indre Kvarøy: n=356
  Onøy og Lurøy: n=259
  Lovund: n=158
  Sleneset: n=166
  Aldra: n=173
  Southern 1: n=583
  Southern 2: n=397
  Southern 3: n=584
  Southern 4: n=486
  Southern 5: n=202
2026-03-04 18:07:59 | INFO | src.tmc_shapley_islands | Loaded 258 cached utilities from outputs/tmc_shapley_sweep_all_traits/cache/body_mass/utility_cache_target_5_seed_1894302138.json
2026-03-04 18:07:59 | INFO | src.tmc_shapley_islands | Running TMC-Shapley with 40 permutations (utility on cal set)...
2026-03-04 18:07:59 | INFO | src.tmc_shapley_islands | Computing V_full over all 15 source islands...
2026-03-04 18:07:59 | INFO | src.tmc_shapley_islands | V_full = 0.0617
2026-03-04 18:07:59 | INFO | src.tmc_shapley_islands | TMC head-start: loaded 20 completed permutations from state outputs/tmc_shapley_sweep_all_traits/cache/body_mass/tmc_perm_state_target_5_seed_1894302138.json
2026-03-04 18:08:46 | INFO | src.tmc_shapley_islands | TMC progress: 24/40 permutations done, cache hit rate: 21.3%, n_evals: 48
2026-03-04 18:10:20 | INFO | src.tmc_shapley_islands | TMC progress: 32/40 permutations done, cache hit rate: 19.3%, n_evals: 146
2026-03-04 18:11:52 | INFO | src.tmc_shapley_islands | TMC progress: 40/40 permutations done, cache hit rate: 20.6%, n_evals: 239
2026-03-04 18:11:52 | INFO | src.tmc_shapley_islands | TMC complete: 40 permutations, 0 truncated, 239 utility evals, cache hit rate: 20.6%
2026-03-04 18:11:52 | INFO | src.tmc_shapley_islands | Shapley values (phi, computed on cal set):
2026-03-04 18:11:52 | INFO | src.tmc_shapley_islands |   Nesøy: phi=-0.039695, phi/n=-0.00033357
2026-03-04 18:11:52 | INFO | src.tmc_shapley_islands |   Myken: phi=-0.049167, phi/n=-0.00053442
2026-03-04 18:11:52 | INFO | src.tmc_shapley_islands |   Træna: phi=0.006737, phi/n=0.00002307
2026-03-04 18:11:52 | INFO | src.tmc_shapley_islands |   Selvær: phi=-0.032501, phi/n=-0.00016753
2026-03-04 18:11:52 | INFO | src.tmc_shapley_islands |   Gjerøy: phi=0.232852, phi/n=0.00041730
2026-03-04 18:11:52 | INFO | src.tmc_shapley_islands |   Indre Kvarøy: phi=0.123225, phi/n=0.00034614
2026-03-04 18:11:52 | INFO | src.tmc_shapley_islands |   Onøy og Lurøy: phi=-0.072420, phi/n=-0.00027962
2026-03-04 18:11:52 | INFO | src.tmc_shapley_islands |   Lovund: phi=0.007175, phi/n=0.00004541
2026-03-04 18:11:52 | INFO | src.tmc_shapley_islands |   Sleneset: phi=-0.029049, phi/n=-0.00017499
2026-03-04 18:11:52 | INFO | src.tmc_shapley_islands |   Aldra: phi=0.009524, phi/n=0.00005505
2026-03-04 18:11:52 | INFO | src.tmc_shapley_islands |   Southern 1: phi=0.077436, phi/n=0.00013282
2026-03-04 18:11:52 | INFO | src.tmc_shapley_islands |   Southern 2: phi=-0.284325, phi/n=-0.00071618
2026-03-04 18:11:52 | INFO | src.tmc_shapley_islands |   Southern 3: phi=0.125689, phi/n=0.00021522
2026-03-04 18:11:52 | INFO | src.tmc_shapley_islands |   Southern 4: phi=-0.018686, phi/n=-0.00003845
2026-03-04 18:11:52 | INFO | src.tmc_shapley_islands |   Southern 5: phi=0.004889, phi/n=0.00002420
2026-03-04 18:11:52 | INFO | src.tmc_shapley_islands | Curve retraining early stopping: enabled=True, patience=20
2026-03-04 18:11:52 | INFO | src.tmc_shapley_islands | Computing add-islands curve (evaluated on test set)...
2026-03-04 18:11:53 | INFO | src.tmc_shapley_islands | Add-curve (mean): 1 islands, n=558 -> corr=0.0645
2026-03-04 18:11:53 | INFO | src.tmc_shapley_islands | Add-curve (mean): 2 islands, n=914 -> corr=0.1299
2026-03-04 18:11:54 | INFO | src.tmc_shapley_islands | Add-curve (mean): 3 islands, n=1498 -> corr=0.1236
2026-03-04 18:11:55 | INFO | src.tmc_shapley_islands | Add-curve (mean): 4 islands, n=2081 -> corr=0.1210
2026-03-04 18:11:56 | INFO | src.tmc_shapley_islands | Add-curve (mean): 5 islands, n=2254 -> corr=0.1350
2026-03-04 18:11:57 | INFO | src.tmc_shapley_islands | Add-curve (mean): 6 islands, n=2412 -> corr=0.1430
2026-03-04 18:11:58 | INFO | src.tmc_shapley_islands | Add-curve (mean): 7 islands, n=2614 -> corr=0.1349
2026-03-04 18:12:00 | INFO | src.tmc_shapley_islands | Add-curve (mean): 8 islands, n=2906 -> corr=0.1369
2026-03-04 18:12:01 | INFO | src.tmc_shapley_islands | Add-curve (mean): 9 islands, n=3392 -> corr=0.1370
2026-03-04 18:12:03 | INFO | src.tmc_shapley_islands | Add-curve (mean): 10 islands, n=3586 -> corr=0.1298
2026-03-04 18:12:04 | INFO | src.tmc_shapley_islands | Add-curve (mean): 11 islands, n=3752 -> corr=0.1285
2026-03-04 18:12:06 | INFO | src.tmc_shapley_islands | Add-curve (mean): 12 islands, n=4011 -> corr=0.1112
2026-03-04 18:12:08 | INFO | src.tmc_shapley_islands | Add-curve (mean): 13 islands, n=4130 -> corr=0.1064
2026-03-04 18:12:10 | INFO | src.tmc_shapley_islands | Add-curve (mean): 14 islands, n=4222 -> corr=0.1152
2026-03-04 18:12:12 | INFO | src.tmc_shapley_islands | Add-curve (mean): 15 islands, n=4619 -> corr=0.1179
2026-03-04 18:12:27 | INFO | src.tmc_shapley_islands | Random individual add-curve (seed=0) complete
2026-03-04 18:12:40 | INFO | src.tmc_shapley_islands | Random individual add-curve (seed=1) complete
2026-03-04 18:12:54 | INFO | src.tmc_shapley_islands | Random individual add-curve (seed=2) complete
2026-03-04 18:13:07 | INFO | src.tmc_shapley_islands | Random individual add-curve (seed=3) complete
2026-03-04 18:13:21 | INFO | src.tmc_shapley_islands | Random individual add-curve (seed=4) complete
2026-03-04 18:13:21 | INFO | src.tmc_shapley_islands | Building mirrored remove-islands curve from add-islands curve...
2026-03-04 18:13:21 | INFO | src.tmc_shapley_islands | Saved Shapley values to outputs/tmc_shapley_sweep_all_traits/shards/shard_015/body_mass/tmp/shapley_island_values_target_5.csv
2026-03-04 18:13:21 | INFO | src.tmc_shapley_islands | Saved summary to outputs/tmc_shapley_sweep_all_traits/shards/shard_015/body_mass/tmp/tmc_summary_target_5.json
2026-03-04 18:13:21 | INFO | src.tmc_shapley_islands | Saved intermediate ranking trace to outputs/tmc_shapley_sweep_all_traits/shards/shard_015/body_mass/tmp/tmc_intermediate_rankings_target_5.csv
2026-03-04 18:13:21 | INFO | src.tmc_shapley_islands | Saved add-curve to outputs/tmc_shapley_sweep_all_traits/shards/shard_015/body_mass/tmp/add_curve_target_5.csv
2026-03-04 18:13:21 | INFO | src.tmc_shapley_islands | Saved remove-curve to outputs/tmc_shapley_sweep_all_traits/shards/shard_015/body_mass/tmp/remove_curve_target_5.csv
2026-03-04 18:13:22 | INFO | src.tmc_shapley_islands | Saved bar plot to outputs/tmc_shapley_sweep_all_traits/shards/shard_015/body_mass/tmp/shapley_bar_target_5.png
2026-03-04 18:13:23 | INFO | src.tmc_shapley_islands | Saved add-curve plot to outputs/tmc_shapley_sweep_all_traits/shards/shard_015/body_mass/tmp/add_curve_target_5.png
2026-03-04 18:13:23 | INFO | src.tmc_shapley_islands | Saved remove-curve plot to outputs/tmc_shapley_sweep_all_traits/shards/shard_015/body_mass/tmp/remove_curve_target_5.png
2026-03-04 18:13:23 | INFO | __main__ | Shard 15/30 trait=body_mass progress 29/75 | target=5 n_cal_samples=10 perm=80 repeat=5
2026-03-04 18:13:23 | INFO | src.tmc_shapley_islands | [Shapley] Target island: 5 (Hestmannøy), source islands: 15
2026-03-04 18:13:24 | INFO | src.tmc_shapley_islands | Data: source=4619 (across 15 islands), cal=10, test=928
2026-03-04 18:13:24 | INFO | src.tmc_shapley_islands | SNP selection: using fixed precomputed subset (n=20000)
2026-03-04 18:13:24 | INFO | src.tmc_shapley_islands | Island counts (capped to None in training):
  Nesøy: n=119
  Myken: n=92
  Træna: n=292
  Selvær: n=194
  Gjerøy: n=558
  Indre Kvarøy: n=356
  Onøy og Lurøy: n=259
  Lovund: n=158
  Sleneset: n=166
  Aldra: n=173
  Southern 1: n=583
  Southern 2: n=397
  Southern 3: n=584
  Southern 4: n=486
  Southern 5: n=202
2026-03-04 18:13:24 | INFO | src.tmc_shapley_islands | Loaded 497 cached utilities from outputs/tmc_shapley_sweep_all_traits/cache/body_mass/utility_cache_target_5_seed_1894302138.json
2026-03-04 18:13:24 | INFO | src.tmc_shapley_islands | Running TMC-Shapley with 80 permutations (utility on cal set)...
2026-03-04 18:13:24 | INFO | src.tmc_shapley_islands | Computing V_full over all 15 source islands...
2026-03-04 18:13:24 | INFO | src.tmc_shapley_islands | V_full = 0.0617
2026-03-04 18:13:24 | INFO | src.tmc_shapley_islands | TMC head-start: loaded 40 completed permutations from state outputs/tmc_shapley_sweep_all_traits/cache/body_mass/tmc_perm_state_target_5_seed_1894302138.json
2026-03-04 18:14:51 | INFO | src.tmc_shapley_islands | TMC progress: 48/80 permutations done, cache hit rate: 25.6%, n_evals: 90
2026-03-04 18:17:40 | INFO | src.tmc_shapley_islands | TMC progress: 64/80 permutations done, cache hit rate: 28.0%, n_evals: 260
2026-03-04 18:20:34 | INFO | src.tmc_shapley_islands | TMC progress: 80/80 permutations done, cache hit rate: 28.5%, n_evals: 430
2026-03-04 18:20:34 | INFO | src.tmc_shapley_islands | TMC complete: 80 permutations, 0 truncated, 430 utility evals, cache hit rate: 28.5%
2026-03-04 18:20:34 | INFO | src.tmc_shapley_islands | Shapley values (phi, computed on cal set):
2026-03-04 18:20:34 | INFO | src.tmc_shapley_islands |   Nesøy: phi=-0.043650, phi/n=-0.00036680
2026-03-04 18:20:34 | INFO | src.tmc_shapley_islands |   Myken: phi=-0.054153, phi/n=-0.00058862
2026-03-04 18:20:34 | INFO | src.tmc_shapley_islands |   Træna: phi=0.005762, phi/n=0.00001973
2026-03-04 18:20:34 | INFO | src.tmc_shapley_islands |   Selvær: phi=-0.036384, phi/n=-0.00018755
2026-03-04 18:20:34 | INFO | src.tmc_shapley_islands |   Gjerøy: phi=0.229027, phi/n=0.00041044
2026-03-04 18:20:34 | INFO | src.tmc_shapley_islands |   Indre Kvarøy: phi=0.123030, phi/n=0.00034559
2026-03-04 18:20:34 | INFO | src.tmc_shapley_islands |   Onøy og Lurøy: phi=-0.065897, phi/n=-0.00025443
2026-03-04 18:20:34 | INFO | src.tmc_shapley_islands |   Lovund: phi=0.003107, phi/n=0.00001967
2026-03-04 18:20:34 | INFO | src.tmc_shapley_islands |   Sleneset: phi=-0.027962, phi/n=-0.00016844
2026-03-04 18:20:34 | INFO | src.tmc_shapley_islands |   Aldra: phi=0.009418, phi/n=0.00005444
2026-03-04 18:20:34 | INFO | src.tmc_shapley_islands |   Southern 1: phi=0.087752, phi/n=0.00015052
2026-03-04 18:20:34 | INFO | src.tmc_shapley_islands |   Southern 2: phi=-0.281975, phi/n=-0.00071026
2026-03-04 18:20:34 | INFO | src.tmc_shapley_islands |   Southern 3: phi=0.123663, phi/n=0.00021175
2026-03-04 18:20:34 | INFO | src.tmc_shapley_islands |   Southern 4: phi=-0.018795, phi/n=-0.00003867
2026-03-04 18:20:34 | INFO | src.tmc_shapley_islands |   Southern 5: phi=0.008740, phi/n=0.00004327
2026-03-04 18:20:34 | INFO | src.tmc_shapley_islands | Curve retraining early stopping: enabled=True, patience=20
2026-03-04 18:20:34 | INFO | src.tmc_shapley_islands | Computing add-islands curve (evaluated on test set)...
2026-03-04 18:20:34 | INFO | src.tmc_shapley_islands | Add-curve (mean): 1 islands, n=558 -> corr=0.0645
2026-03-04 18:20:35 | INFO | src.tmc_shapley_islands | Add-curve (mean): 2 islands, n=914 -> corr=0.1299
2026-03-04 18:20:35 | INFO | src.tmc_shapley_islands | Add-curve (mean): 3 islands, n=1498 -> corr=0.1236
2026-03-04 18:20:37 | INFO | src.tmc_shapley_islands | Add-curve (mean): 4 islands, n=2081 -> corr=0.1210
2026-03-04 18:20:38 | INFO | src.tmc_shapley_islands | Add-curve (mean): 5 islands, n=2254 -> corr=0.1350
2026-03-04 18:20:39 | INFO | src.tmc_shapley_islands | Add-curve (mean): 6 islands, n=2456 -> corr=0.1271
2026-03-04 18:20:40 | INFO | src.tmc_shapley_islands | Add-curve (mean): 7 islands, n=2748 -> corr=0.1316
2026-03-04 18:20:41 | INFO | src.tmc_shapley_islands | Add-curve (mean): 8 islands, n=2906 -> corr=0.1369
2026-03-04 18:20:43 | INFO | src.tmc_shapley_islands | Add-curve (mean): 9 islands, n=3392 -> corr=0.1370
2026-03-04 18:20:45 | INFO | src.tmc_shapley_islands | Add-curve (mean): 10 islands, n=3558 -> corr=0.1351
2026-03-04 18:20:47 | INFO | src.tmc_shapley_islands | Add-curve (mean): 11 islands, n=3752 -> corr=0.1285
2026-03-04 18:20:48 | INFO | src.tmc_shapley_islands | Add-curve (mean): 12 islands, n=4011 -> corr=0.1112
2026-03-04 18:20:50 | INFO | src.tmc_shapley_islands | Add-curve (mean): 13 islands, n=4130 -> corr=0.1064
2026-03-04 18:20:52 | INFO | src.tmc_shapley_islands | Add-curve (mean): 14 islands, n=4222 -> corr=0.1152
2026-03-04 18:20:55 | INFO | src.tmc_shapley_islands | Add-curve (mean): 15 islands, n=4619 -> corr=0.1179
2026-03-04 18:21:09 | INFO | src.tmc_shapley_islands | Random individual add-curve (seed=0) complete
2026-03-04 18:21:23 | INFO | src.tmc_shapley_islands | Random individual add-curve (seed=1) complete
2026-03-04 18:21:37 | INFO | src.tmc_shapley_islands | Random individual add-curve (seed=2) complete
2026-03-04 18:21:51 | INFO | src.tmc_shapley_islands | Random individual add-curve (seed=3) complete
2026-03-04 18:22:06 | INFO | src.tmc_shapley_islands | Random individual add-curve (seed=4) complete
2026-03-04 18:22:06 | INFO | src.tmc_shapley_islands | Building mirrored remove-islands curve from add-islands curve...
2026-03-04 18:22:06 | INFO | src.tmc_shapley_islands | Saved Shapley values to outputs/tmc_shapley_sweep_all_traits/shards/shard_015/body_mass/tmp/shapley_island_values_target_5.csv
2026-03-04 18:22:06 | INFO | src.tmc_shapley_islands | Saved summary to outputs/tmc_shapley_sweep_all_traits/shards/shard_015/body_mass/tmp/tmc_summary_target_5.json
2026-03-04 18:22:06 | INFO | src.tmc_shapley_islands | Saved intermediate ranking trace to outputs/tmc_shapley_sweep_all_traits/shards/shard_015/body_mass/tmp/tmc_intermediate_rankings_target_5.csv
2026-03-04 18:22:06 | INFO | src.tmc_shapley_islands | Saved add-curve to outputs/tmc_shapley_sweep_all_traits/shards/shard_015/body_mass/tmp/add_curve_target_5.csv
2026-03-04 18:22:06 | INFO | src.tmc_shapley_islands | Saved remove-curve to outputs/tmc_shapley_sweep_all_traits/shards/shard_015/body_mass/tmp/remove_curve_target_5.csv
2026-03-04 18:22:06 | INFO | src.tmc_shapley_islands | Saved bar plot to outputs/tmc_shapley_sweep_all_traits/shards/shard_015/body_mass/tmp/shapley_bar_target_5.png
2026-03-04 18:22:07 | INFO | src.tmc_shapley_islands | Saved add-curve plot to outputs/tmc_shapley_sweep_all_traits/shards/shard_015/body_mass/tmp/add_curve_target_5.png
2026-03-04 18:22:07 | INFO | src.tmc_shapley_islands | Saved remove-curve plot to outputs/tmc_shapley_sweep_all_traits/shards/shard_015/body_mass/tmp/remove_curve_target_5.png
2026-03-04 18:22:07 | INFO | __main__ | Shard 15/30 trait=body_mass progress 30/75 | target=5 n_cal_samples=10 perm=150 repeat=5
2026-03-04 18:22:07 | INFO | src.tmc_shapley_islands | [Shapley] Target island: 5 (Hestmannøy), source islands: 15
2026-03-04 18:22:08 | INFO | src.tmc_shapley_islands | Data: source=4619 (across 15 islands), cal=10, test=928
2026-03-04 18:22:08 | INFO | src.tmc_shapley_islands | SNP selection: using fixed precomputed subset (n=20000)
2026-03-04 18:22:08 | INFO | src.tmc_shapley_islands | Island counts (capped to None in training):
  Nesøy: n=119
  Myken: n=92
  Træna: n=292
  Selvær: n=194
  Gjerøy: n=558
  Indre Kvarøy: n=356
  Onøy og Lurøy: n=259
  Lovund: n=158
  Sleneset: n=166
  Aldra: n=173
  Southern 1: n=583
  Southern 2: n=397
  Southern 3: n=584
  Southern 4: n=486
  Southern 5: n=202
2026-03-04 18:22:08 | INFO | src.tmc_shapley_islands | Loaded 927 cached utilities from outputs/tmc_shapley_sweep_all_traits/cache/body_mass/utility_cache_target_5_seed_1894302138.json
2026-03-04 18:22:08 | INFO | src.tmc_shapley_islands | Running TMC-Shapley with 150 permutations (utility on cal set)...
2026-03-04 18:22:08 | INFO | src.tmc_shapley_islands | Computing V_full over all 15 source islands...
2026-03-04 18:22:08 | INFO | src.tmc_shapley_islands | V_full = 0.0617
2026-03-04 18:22:08 | INFO | src.tmc_shapley_islands | TMC head-start: loaded 80 completed permutations from state outputs/tmc_shapley_sweep_all_traits/cache/body_mass/tmc_perm_state_target_5_seed_1894302138.json
2026-03-04 18:23:46 | INFO | src.tmc_shapley_islands | TMC progress: 90/150 permutations done, cache hit rate: 32.5%, n_evals: 102
2026-03-04 18:28:36 | INFO | src.tmc_shapley_islands | TMC progress: 120/150 permutations done, cache hit rate: 32.4%, n_evals: 406
2026-03-04 18:33:34 | INFO | src.tmc_shapley_islands | TMC progress: 150/150 permutations done, cache hit rate: 33.9%, n_evals: 695
2026-03-04 18:33:34 | INFO | src.tmc_shapley_islands | TMC complete: 150 permutations, 0 truncated, 695 utility evals, cache hit rate: 33.9%
2026-03-04 18:33:34 | INFO | src.tmc_shapley_islands | Shapley values (phi, computed on cal set):
2026-03-04 18:33:34 | INFO | src.tmc_shapley_islands |   Nesøy: phi=-0.046835, phi/n=-0.00039357
2026-03-04 18:33:34 | INFO | src.tmc_shapley_islands |   Myken: phi=-0.055611, phi/n=-0.00060446
2026-03-04 18:33:34 | INFO | src.tmc_shapley_islands |   Træna: phi=0.001680, phi/n=0.00000575
2026-03-04 18:33:34 | INFO | src.tmc_shapley_islands |   Selvær: phi=-0.036314, phi/n=-0.00018718
2026-03-04 18:33:34 | INFO | src.tmc_shapley_islands |   Gjerøy: phi=0.223320, phi/n=0.00040021
2026-03-04 18:33:34 | INFO | src.tmc_shapley_islands |   Indre Kvarøy: phi=0.132146, phi/n=0.00037120
2026-03-04 18:33:34 | INFO | src.tmc_shapley_islands |   Onøy og Lurøy: phi=-0.056406, phi/n=-0.00021779
2026-03-04 18:33:34 | INFO | src.tmc_shapley_islands |   Lovund: phi=0.006114, phi/n=0.00003869
2026-03-04 18:33:34 | INFO | src.tmc_shapley_islands |   Sleneset: phi=-0.026355, phi/n=-0.00015877
2026-03-04 18:33:34 | INFO | src.tmc_shapley_islands |   Aldra: phi=0.012160, phi/n=0.00007029
2026-03-04 18:33:34 | INFO | src.tmc_shapley_islands |   Southern 1: phi=0.095871, phi/n=0.00016445
2026-03-04 18:33:34 | INFO | src.tmc_shapley_islands |   Southern 2: phi=-0.283787, phi/n=-0.00071483
2026-03-04 18:33:34 | INFO | src.tmc_shapley_islands |   Southern 3: phi=0.105594, phi/n=0.00018081
2026-03-04 18:33:34 | INFO | src.tmc_shapley_islands |   Southern 4: phi=-0.018196, phi/n=-0.00003744
2026-03-04 18:33:34 | INFO | src.tmc_shapley_islands |   Southern 5: phi=0.008302, phi/n=0.00004110
2026-03-04 18:33:34 | INFO | src.tmc_shapley_islands | Curve retraining early stopping: enabled=True, patience=20
2026-03-04 18:33:34 | INFO | src.tmc_shapley_islands | Computing add-islands curve (evaluated on test set)...
2026-03-04 18:33:34 | INFO | src.tmc_shapley_islands | Add-curve (mean): 1 islands, n=558 -> corr=0.0645
2026-03-04 18:33:35 | INFO | src.tmc_shapley_islands | Add-curve (mean): 2 islands, n=914 -> corr=0.1299
2026-03-04 18:33:35 | INFO | src.tmc_shapley_islands | Add-curve (mean): 3 islands, n=1498 -> corr=0.1236
2026-03-04 18:33:36 | INFO | src.tmc_shapley_islands | Add-curve (mean): 4 islands, n=2081 -> corr=0.1210
2026-03-04 18:33:37 | INFO | src.tmc_shapley_islands | Add-curve (mean): 5 islands, n=2254 -> corr=0.1350
2026-03-04 18:33:39 | INFO | src.tmc_shapley_islands | Add-curve (mean): 6 islands, n=2456 -> corr=0.1271
2026-03-04 18:33:40 | INFO | src.tmc_shapley_islands | Add-curve (mean): 7 islands, n=2614 -> corr=0.1349
2026-03-04 18:33:41 | INFO | src.tmc_shapley_islands | Add-curve (mean): 8 islands, n=2906 -> corr=0.1369
2026-03-04 18:33:43 | INFO | src.tmc_shapley_islands | Add-curve (mean): 9 islands, n=3392 -> corr=0.1370
2026-03-04 18:33:44 | INFO | src.tmc_shapley_islands | Add-curve (mean): 10 islands, n=3558 -> corr=0.1351
2026-03-04 18:33:46 | INFO | src.tmc_shapley_islands | Add-curve (mean): 11 islands, n=3752 -> corr=0.1285
2026-03-04 18:33:48 | INFO | src.tmc_shapley_islands | Add-curve (mean): 12 islands, n=4011 -> corr=0.1112
2026-03-04 18:33:50 | INFO | src.tmc_shapley_islands | Add-curve (mean): 13 islands, n=4130 -> corr=0.1064
2026-03-04 18:33:52 | INFO | src.tmc_shapley_islands | Add-curve (mean): 14 islands, n=4222 -> corr=0.1152
2026-03-04 18:33:54 | INFO | src.tmc_shapley_islands | Add-curve (mean): 15 islands, n=4619 -> corr=0.1179
2026-03-04 18:34:08 | INFO | src.tmc_shapley_islands | Random individual add-curve (seed=0) complete
2026-03-04 18:34:22 | INFO | src.tmc_shapley_islands | Random individual add-curve (seed=1) complete
2026-03-04 18:34:36 | INFO | src.tmc_shapley_islands | Random individual add-curve (seed=2) complete
2026-03-04 18:34:50 | INFO | src.tmc_shapley_islands | Random individual add-curve (seed=3) complete
2026-03-04 18:35:04 | INFO | src.tmc_shapley_islands | Random individual add-curve (seed=4) complete
2026-03-04 18:35:04 | INFO | src.tmc_shapley_islands | Building mirrored remove-islands curve from add-islands curve...
2026-03-04 18:35:04 | INFO | src.tmc_shapley_islands | Saved Shapley values to outputs/tmc_shapley_sweep_all_traits/shards/shard_015/body_mass/tmp/shapley_island_values_target_5.csv
2026-03-04 18:35:04 | INFO | src.tmc_shapley_islands | Saved summary to outputs/tmc_shapley_sweep_all_traits/shards/shard_015/body_mass/tmp/tmc_summary_target_5.json
2026-03-04 18:35:04 | INFO | src.tmc_shapley_islands | Saved intermediate ranking trace to outputs/tmc_shapley_sweep_all_traits/shards/shard_015/body_mass/tmp/tmc_intermediate_rankings_target_5.csv
2026-03-04 18:35:04 | INFO | src.tmc_shapley_islands | Saved add-curve to outputs/tmc_shapley_sweep_all_traits/shards/shard_015/body_mass/tmp/add_curve_target_5.csv
2026-03-04 18:35:04 | INFO | src.tmc_shapley_islands | Saved remove-curve to outputs/tmc_shapley_sweep_all_traits/shards/shard_015/body_mass/tmp/remove_curve_target_5.csv
2026-03-04 18:35:05 | INFO | src.tmc_shapley_islands | Saved bar plot to outputs/tmc_shapley_sweep_all_traits/shards/shard_015/body_mass/tmp/shapley_bar_target_5.png
2026-03-04 18:35:05 | INFO | src.tmc_shapley_islands | Saved add-curve plot to outputs/tmc_shapley_sweep_all_traits/shards/shard_015/body_mass/tmp/add_curve_target_5.png
2026-03-04 18:35:06 | INFO | src.tmc_shapley_islands | Saved remove-curve plot to outputs/tmc_shapley_sweep_all_traits/shards/shard_015/body_mass/tmp/remove_curve_target_5.png
2026-03-04 18:35:06 | INFO | __main__ | Shard 15/30 trait=body_mass progress 31/75 | target=5 n_cal_samples=20 perm=10 repeat=5
2026-03-04 18:35:06 | INFO | src.tmc_shapley_islands | [Shapley] Target island: 5 (Hestmannøy), source islands: 15
2026-03-04 18:35:07 | INFO | src.tmc_shapley_islands | Data: source=4619 (across 15 islands), cal=20, test=928
2026-03-04 18:35:07 | INFO | src.tmc_shapley_islands | SNP selection: using fixed precomputed subset (n=20000)
2026-03-04 18:35:07 | INFO | src.tmc_shapley_islands | Island counts (capped to None in training):
  Nesøy: n=119
  Myken: n=92
  Træna: n=292
  Selvær: n=194
  Gjerøy: n=558
  Indre Kvarøy: n=356
  Onøy og Lurøy: n=259
  Lovund: n=158
  Sleneset: n=166
  Aldra: n=173
  Southern 1: n=583
  Southern 2: n=397
  Southern 3: n=584
  Southern 4: n=486
  Southern 5: n=202
2026-03-04 18:35:07 | INFO | src.tmc_shapley_islands | Running TMC-Shapley with 10 permutations (utility on cal set)...
2026-03-04 18:35:07 | INFO | src.tmc_shapley_islands | Computing V_full over all 15 source islands...
2026-03-04 18:35:09 | INFO | src.tmc_shapley_islands | V_full = -0.0968
2026-03-04 18:35:35 | INFO | src.tmc_shapley_islands | TMC progress: 2/10 permutations done, cache hit rate: 6.5%, n_evals: 29
2026-03-04 18:36:04 | INFO | src.tmc_shapley_islands | TMC progress: 4/10 permutations done, cache hit rate: 8.2%, n_evals: 56
2026-03-04 18:36:29 | INFO | src.tmc_shapley_islands | TMC progress: 6/10 permutations done, cache hit rate: 7.7%, n_evals: 84
2026-03-04 18:36:53 | INFO | src.tmc_shapley_islands | TMC progress: 8/10 permutations done, cache hit rate: 9.1%, n_evals: 110
2026-03-04 18:37:14 | INFO | src.tmc_shapley_islands | TMC progress: 10/10 permutations done, cache hit rate: 10.6%, n_evals: 135
2026-03-04 18:37:14 | INFO | src.tmc_shapley_islands | TMC complete: 10 permutations, 0 truncated, 135 utility evals, cache hit rate: 10.6%
2026-03-04 18:37:14 | INFO | src.tmc_shapley_islands | Shapley values (phi, computed on cal set):
2026-03-04 18:37:14 | INFO | src.tmc_shapley_islands |   Nesøy: phi=-0.213114, phi/n=-0.00179087
2026-03-04 18:37:14 | INFO | src.tmc_shapley_islands |   Myken: phi=-0.047175, phi/n=-0.00051277
2026-03-04 18:37:14 | INFO | src.tmc_shapley_islands |   Træna: phi=0.016658, phi/n=0.00005705
2026-03-04 18:37:14 | INFO | src.tmc_shapley_islands |   Selvær: phi=0.025697, phi/n=0.00013246
2026-03-04 18:37:14 | INFO | src.tmc_shapley_islands |   Gjerøy: phi=-0.050534, phi/n=-0.00009056
2026-03-04 18:37:14 | INFO | src.tmc_shapley_islands |   Indre Kvarøy: phi=0.049509, phi/n=0.00013907
2026-03-04 18:37:14 | INFO | src.tmc_shapley_islands |   Onøy og Lurøy: phi=0.022973, phi/n=0.00008870
2026-03-04 18:37:14 | INFO | src.tmc_shapley_islands |   Lovund: phi=0.117434, phi/n=0.00074325
2026-03-04 18:37:14 | INFO | src.tmc_shapley_islands |   Sleneset: phi=-0.024244, phi/n=-0.00014605
2026-03-04 18:37:14 | INFO | src.tmc_shapley_islands |   Aldra: phi=0.003977, phi/n=0.00002299
2026-03-04 18:37:14 | INFO | src.tmc_shapley_islands |   Southern 1: phi=-0.033668, phi/n=-0.00005775
2026-03-04 18:37:14 | INFO | src.tmc_shapley_islands |   Southern 2: phi=0.098399, phi/n=0.00024786
2026-03-04 18:37:14 | INFO | src.tmc_shapley_islands |   Southern 3: phi=-0.021090, phi/n=-0.00003611
2026-03-04 18:37:14 | INFO | src.tmc_shapley_islands |   Southern 4: phi=-0.060205, phi/n=-0.00012388
2026-03-04 18:37:14 | INFO | src.tmc_shapley_islands |   Southern 5: phi=0.018609, phi/n=0.00009212
2026-03-04 18:37:14 | INFO | src.tmc_shapley_islands | Curve retraining early stopping: enabled=True, patience=20
2026-03-04 18:37:14 | INFO | src.tmc_shapley_islands | Computing add-islands curve (evaluated on test set)...
2026-03-04 18:37:14 | INFO | src.tmc_shapley_islands | Add-curve (mean): 1 islands, n=158 -> corr=0.0832
2026-03-04 18:37:14 | INFO | src.tmc_shapley_islands | Add-curve (mean): 2 islands, n=555 -> corr=0.0616
2026-03-04 18:37:15 | INFO | src.tmc_shapley_islands | Add-curve (mean): 3 islands, n=911 -> corr=0.1303
2026-03-04 18:37:15 | INFO | src.tmc_shapley_islands | Add-curve (mean): 4 islands, n=1105 -> corr=0.1253
2026-03-04 18:37:16 | INFO | src.tmc_shapley_islands | Add-curve (mean): 5 islands, n=1307 -> corr=0.1190
2026-03-04 18:37:17 | INFO | src.tmc_shapley_islands | Add-curve (mean): 6 islands, n=1566 -> corr=0.0946
2026-03-04 18:37:18 | INFO | src.tmc_shapley_islands | Add-curve (mean): 7 islands, n=1858 -> corr=0.0916
2026-03-04 18:37:19 | INFO | src.tmc_shapley_islands | Add-curve (mean): 8 islands, n=2031 -> corr=0.1076
2026-03-04 18:37:20 | INFO | src.tmc_shapley_islands | Add-curve (mean): 9 islands, n=2615 -> corr=0.0997
2026-03-04 18:37:21 | INFO | src.tmc_shapley_islands | Add-curve (mean): 10 islands, n=3198 -> corr=0.1056
2026-03-04 18:37:23 | INFO | src.tmc_shapley_islands | Add-curve (mean): 11 islands, n=3756 -> corr=0.1278
2026-03-04 18:37:25 | INFO | src.tmc_shapley_islands | Add-curve (mean): 12 islands, n=4242 -> corr=0.1301
2026-03-04 18:37:27 | INFO | src.tmc_shapley_islands | Add-curve (mean): 13 islands, n=4408 -> corr=0.1298
2026-03-04 18:37:29 | INFO | src.tmc_shapley_islands | Add-curve (mean): 14 islands, n=4500 -> corr=0.1360
2026-03-04 18:37:31 | INFO | src.tmc_shapley_islands | Add-curve (mean): 15 islands, n=4619 -> corr=0.1303
2026-03-04 18:37:44 | INFO | src.tmc_shapley_islands | Random individual add-curve (seed=0) complete
2026-03-04 18:37:56 | INFO | src.tmc_shapley_islands | Random individual add-curve (seed=1) complete
2026-03-04 18:38:08 | INFO | src.tmc_shapley_islands | Random individual add-curve (seed=2) complete
2026-03-04 18:38:20 | INFO | src.tmc_shapley_islands | Random individual add-curve (seed=3) complete
2026-03-04 18:38:33 | INFO | src.tmc_shapley_islands | Random individual add-curve (seed=4) complete
2026-03-04 18:38:33 | INFO | src.tmc_shapley_islands | Building mirrored remove-islands curve from add-islands curve...
2026-03-04 18:38:33 | INFO | src.tmc_shapley_islands | Saved Shapley values to outputs/tmc_shapley_sweep_all_traits/shards/shard_015/body_mass/tmp/shapley_island_values_target_5.csv
2026-03-04 18:38:33 | INFO | src.tmc_shapley_islands | Saved summary to outputs/tmc_shapley_sweep_all_traits/shards/shard_015/body_mass/tmp/tmc_summary_target_5.json
2026-03-04 18:38:33 | INFO | src.tmc_shapley_islands | Saved intermediate ranking trace to outputs/tmc_shapley_sweep_all_traits/shards/shard_015/body_mass/tmp/tmc_intermediate_rankings_target_5.csv
2026-03-04 18:38:33 | INFO | src.tmc_shapley_islands | Saved add-curve to outputs/tmc_shapley_sweep_all_traits/shards/shard_015/body_mass/tmp/add_curve_target_5.csv
2026-03-04 18:38:33 | INFO | src.tmc_shapley_islands | Saved remove-curve to outputs/tmc_shapley_sweep_all_traits/shards/shard_015/body_mass/tmp/remove_curve_target_5.csv
2026-03-04 18:38:34 | INFO | src.tmc_shapley_islands | Saved bar plot to outputs/tmc_shapley_sweep_all_traits/shards/shard_015/body_mass/tmp/shapley_bar_target_5.png
2026-03-04 18:38:34 | INFO | src.tmc_shapley_islands | Saved add-curve plot to outputs/tmc_shapley_sweep_all_traits/shards/shard_015/body_mass/tmp/add_curve_target_5.png
2026-03-04 18:38:35 | INFO | src.tmc_shapley_islands | Saved remove-curve plot to outputs/tmc_shapley_sweep_all_traits/shards/shard_015/body_mass/tmp/remove_curve_target_5.png
2026-03-04 18:38:35 | INFO | __main__ | Shard 15/30 trait=body_mass progress 32/75 | target=5 n_cal_samples=20 perm=20 repeat=5
2026-03-04 18:38:35 | INFO | src.tmc_shapley_islands | [Shapley] Target island: 5 (Hestmannøy), source islands: 15
2026-03-04 18:38:36 | INFO | src.tmc_shapley_islands | Data: source=4619 (across 15 islands), cal=20, test=928
2026-03-04 18:38:36 | INFO | src.tmc_shapley_islands | SNP selection: using fixed precomputed subset (n=20000)
2026-03-04 18:38:36 | INFO | src.tmc_shapley_islands | Island counts (capped to None in training):
  Nesøy: n=119
  Myken: n=92
  Træna: n=292
  Selvær: n=194
  Gjerøy: n=558
  Indre Kvarøy: n=356
  Onøy og Lurøy: n=259
  Lovund: n=158
  Sleneset: n=166
  Aldra: n=173
  Southern 1: n=583
  Southern 2: n=397
  Southern 3: n=584
  Southern 4: n=486
  Southern 5: n=202
2026-03-04 18:38:36 | INFO | src.tmc_shapley_islands | Loaded 135 cached utilities from outputs/tmc_shapley_sweep_all_traits/cache/body_mass/utility_cache_target_5_seed_1699461829.json
2026-03-04 18:38:36 | INFO | src.tmc_shapley_islands | Running TMC-Shapley with 20 permutations (utility on cal set)...
2026-03-04 18:38:36 | INFO | src.tmc_shapley_islands | Computing V_full over all 15 source islands...
2026-03-04 18:38:36 | INFO | src.tmc_shapley_islands | V_full = -0.0968
2026-03-04 18:38:36 | INFO | src.tmc_shapley_islands | TMC head-start: loaded 10 completed permutations from state outputs/tmc_shapley_sweep_all_traits/cache/body_mass/tmc_perm_state_target_5_seed_1699461829.json
2026-03-04 18:39:03 | INFO | src.tmc_shapley_islands | TMC progress: 12/20 permutations done, cache hit rate: 16.1%, n_evals: 26
2026-03-04 18:39:58 | INFO | src.tmc_shapley_islands | TMC progress: 16/20 permutations done, cache hit rate: 13.2%, n_evals: 79
2026-03-04 18:40:45 | INFO | src.tmc_shapley_islands | TMC progress: 20/20 permutations done, cache hit rate: 15.9%, n_evals: 127
2026-03-04 18:40:45 | INFO | src.tmc_shapley_islands | TMC complete: 20 permutations, 0 truncated, 127 utility evals, cache hit rate: 15.9%
2026-03-04 18:40:45 | INFO | src.tmc_shapley_islands | Shapley values (phi, computed on cal set):
2026-03-04 18:40:45 | INFO | src.tmc_shapley_islands |   Nesøy: phi=-0.174467, phi/n=-0.00146611
2026-03-04 18:40:45 | INFO | src.tmc_shapley_islands |   Myken: phi=-0.043421, phi/n=-0.00047196
2026-03-04 18:40:45 | INFO | src.tmc_shapley_islands |   Træna: phi=0.014181, phi/n=0.00004857
2026-03-04 18:40:45 | INFO | src.tmc_shapley_islands |   Selvær: phi=0.027723, phi/n=0.00014290
2026-03-04 18:40:45 | INFO | src.tmc_shapley_islands |   Gjerøy: phi=-0.054029, phi/n=-0.00009683
2026-03-04 18:40:45 | INFO | src.tmc_shapley_islands |   Indre Kvarøy: phi=0.052172, phi/n=0.00014655
2026-03-04 18:40:45 | INFO | src.tmc_shapley_islands |   Onøy og Lurøy: phi=0.014702, phi/n=0.00005677
2026-03-04 18:40:45 | INFO | src.tmc_shapley_islands |   Lovund: phi=0.121274, phi/n=0.00076756
2026-03-04 18:40:45 | INFO | src.tmc_shapley_islands |   Sleneset: phi=-0.020102, phi/n=-0.00012109
2026-03-04 18:40:45 | INFO | src.tmc_shapley_islands |   Aldra: phi=0.001493, phi/n=0.00000863
2026-03-04 18:40:45 | INFO | src.tmc_shapley_islands |   Southern 1: phi=-0.047511, phi/n=-0.00008149
2026-03-04 18:40:45 | INFO | src.tmc_shapley_islands |   Southern 2: phi=0.082820, phi/n=0.00020862
2026-03-04 18:40:45 | INFO | src.tmc_shapley_islands |   Southern 3: phi=-0.021744, phi/n=-0.00003723
2026-03-04 18:40:45 | INFO | src.tmc_shapley_islands |   Southern 4: phi=-0.072535, phi/n=-0.00014925
2026-03-04 18:40:45 | INFO | src.tmc_shapley_islands |   Southern 5: phi=0.022669, phi/n=0.00011222
2026-03-04 18:40:45 | INFO | src.tmc_shapley_islands | Curve retraining early stopping: enabled=True, patience=20
2026-03-04 18:40:45 | INFO | src.tmc_shapley_islands | Computing add-islands curve (evaluated on test set)...
2026-03-04 18:40:46 | INFO | src.tmc_shapley_islands | Add-curve (mean): 1 islands, n=158 -> corr=0.0832
2026-03-04 18:40:46 | INFO | src.tmc_shapley_islands | Add-curve (mean): 2 islands, n=555 -> corr=0.0616
2026-03-04 18:40:46 | INFO | src.tmc_shapley_islands | Add-curve (mean): 3 islands, n=911 -> corr=0.1303
2026-03-04 18:40:47 | INFO | src.tmc_shapley_islands | Add-curve (mean): 4 islands, n=1105 -> corr=0.1253
2026-03-04 18:40:47 | INFO | src.tmc_shapley_islands | Add-curve (mean): 5 islands, n=1307 -> corr=0.1190
2026-03-04 18:40:48 | INFO | src.tmc_shapley_islands | Add-curve (mean): 6 islands, n=1566 -> corr=0.0946
2026-03-04 18:40:49 | INFO | src.tmc_shapley_islands | Add-curve (mean): 7 islands, n=1858 -> corr=0.0916
2026-03-04 18:40:50 | INFO | src.tmc_shapley_islands | Add-curve (mean): 8 islands, n=2031 -> corr=0.1076
2026-03-04 18:40:51 | INFO | src.tmc_shapley_islands | Add-curve (mean): 9 islands, n=2615 -> corr=0.0997
2026-03-04 18:40:52 | INFO | src.tmc_shapley_islands | Add-curve (mean): 10 islands, n=3198 -> corr=0.1056
2026-03-04 18:40:54 | INFO | src.tmc_shapley_islands | Add-curve (mean): 11 islands, n=3756 -> corr=0.1278
2026-03-04 18:40:56 | INFO | src.tmc_shapley_islands | Add-curve (mean): 12 islands, n=3922 -> corr=0.1281
2026-03-04 18:40:58 | INFO | src.tmc_shapley_islands | Add-curve (mean): 13 islands, n=4408 -> corr=0.1298
2026-03-04 18:41:00 | INFO | src.tmc_shapley_islands | Add-curve (mean): 14 islands, n=4500 -> corr=0.1360
2026-03-04 18:41:02 | INFO | src.tmc_shapley_islands | Add-curve (mean): 15 islands, n=4619 -> corr=0.1303
2026-03-04 18:41:14 | INFO | src.tmc_shapley_islands | Random individual add-curve (seed=0) complete
2026-03-04 18:41:26 | INFO | src.tmc_shapley_islands | Random individual add-curve (seed=1) complete
2026-03-04 18:41:38 | INFO | src.tmc_shapley_islands | Random individual add-curve (seed=2) complete
2026-03-04 18:41:50 | INFO | src.tmc_shapley_islands | Random individual add-curve (seed=3) complete
2026-03-04 18:42:01 | INFO | src.tmc_shapley_islands | Random individual add-curve (seed=4) complete
2026-03-04 18:42:01 | INFO | src.tmc_shapley_islands | Building mirrored remove-islands curve from add-islands curve...
2026-03-04 18:42:01 | INFO | src.tmc_shapley_islands | Saved Shapley values to outputs/tmc_shapley_sweep_all_traits/shards/shard_015/body_mass/tmp/shapley_island_values_target_5.csv
2026-03-04 18:42:01 | INFO | src.tmc_shapley_islands | Saved summary to outputs/tmc_shapley_sweep_all_traits/shards/shard_015/body_mass/tmp/tmc_summary_target_5.json
2026-03-04 18:42:01 | INFO | src.tmc_shapley_islands | Saved intermediate ranking trace to outputs/tmc_shapley_sweep_all_traits/shards/shard_015/body_mass/tmp/tmc_intermediate_rankings_target_5.csv
2026-03-04 18:42:01 | INFO | src.tmc_shapley_islands | Saved add-curve to outputs/tmc_shapley_sweep_all_traits/shards/shard_015/body_mass/tmp/add_curve_target_5.csv
2026-03-04 18:42:01 | INFO | src.tmc_shapley_islands | Saved remove-curve to outputs/tmc_shapley_sweep_all_traits/shards/shard_015/body_mass/tmp/remove_curve_target_5.csv
2026-03-04 18:42:02 | INFO | src.tmc_shapley_islands | Saved bar plot to outputs/tmc_shapley_sweep_all_traits/shards/shard_015/body_mass/tmp/shapley_bar_target_5.png
2026-03-04 18:42:02 | INFO | src.tmc_shapley_islands | Saved add-curve plot to outputs/tmc_shapley_sweep_all_traits/shards/shard_015/body_mass/tmp/add_curve_target_5.png
2026-03-04 18:42:03 | INFO | src.tmc_shapley_islands | Saved remove-curve plot to outputs/tmc_shapley_sweep_all_traits/shards/shard_015/body_mass/tmp/remove_curve_target_5.png
2026-03-04 18:42:03 | INFO | __main__ | Shard 15/30 trait=body_mass progress 33/75 | target=5 n_cal_samples=20 perm=40 repeat=5
2026-03-04 18:42:03 | INFO | src.tmc_shapley_islands | [Shapley] Target island: 5 (Hestmannøy), source islands: 15
2026-03-04 18:42:04 | INFO | src.tmc_shapley_islands | Data: source=4619 (across 15 islands), cal=20, test=928
2026-03-04 18:42:04 | INFO | src.tmc_shapley_islands | SNP selection: using fixed precomputed subset (n=20000)
2026-03-04 18:42:04 | INFO | src.tmc_shapley_islands | Island counts (capped to None in training):
  Nesøy: n=119
  Myken: n=92
  Træna: n=292
  Selvær: n=194
  Gjerøy: n=558
  Indre Kvarøy: n=356
  Onøy og Lurøy: n=259
  Lovund: n=158
  Sleneset: n=166
  Aldra: n=173
  Southern 1: n=583
  Southern 2: n=397
  Southern 3: n=584
  Southern 4: n=486
  Southern 5: n=202
2026-03-04 18:42:04 | INFO | src.tmc_shapley_islands | Loaded 262 cached utilities from outputs/tmc_shapley_sweep_all_traits/cache/body_mass/utility_cache_target_5_seed_1699461829.json
2026-03-04 18:42:04 | INFO | src.tmc_shapley_islands | Running TMC-Shapley with 40 permutations (utility on cal set)...
2026-03-04 18:42:04 | INFO | src.tmc_shapley_islands | Computing V_full over all 15 source islands...
2026-03-04 18:42:04 | INFO | src.tmc_shapley_islands | V_full = -0.0968
2026-03-04 18:42:04 | INFO | src.tmc_shapley_islands | TMC head-start: loaded 20 completed permutations from state outputs/tmc_shapley_sweep_all_traits/cache/body_mass/tmc_perm_state_target_5_seed_1699461829.json
2026-03-04 18:42:52 | INFO | src.tmc_shapley_islands | TMC progress: 24/40 permutations done, cache hit rate: 21.3%, n_evals: 48
2026-03-04 18:44:27 | INFO | src.tmc_shapley_islands | TMC progress: 32/40 permutations done, cache hit rate: 23.8%, n_evals: 138
2026-03-04 18:45:54 | INFO | src.tmc_shapley_islands | TMC progress: 40/40 permutations done, cache hit rate: 24.6%, n_evals: 227
2026-03-04 18:45:54 | INFO | src.tmc_shapley_islands | TMC complete: 40 permutations, 0 truncated, 227 utility evals, cache hit rate: 24.6%
2026-03-04 18:45:54 | INFO | src.tmc_shapley_islands | Shapley values (phi, computed on cal set):
2026-03-04 18:45:54 | INFO | src.tmc_shapley_islands |   Nesøy: phi=-0.170219, phi/n=-0.00143041
2026-03-04 18:45:54 | INFO | src.tmc_shapley_islands |   Myken: phi=-0.032541, phi/n=-0.00035371
2026-03-04 18:45:54 | INFO | src.tmc_shapley_islands |   Træna: phi=0.008724, phi/n=0.00002988
2026-03-04 18:45:54 | INFO | src.tmc_shapley_islands |   Selvær: phi=0.031594, phi/n=0.00016286
2026-03-04 18:45:54 | INFO | src.tmc_shapley_islands |   Gjerøy: phi=-0.051520, phi/n=-0.00009233
2026-03-04 18:45:54 | INFO | src.tmc_shapley_islands |   Indre Kvarøy: phi=0.055601, phi/n=0.00015618
2026-03-04 18:45:54 | INFO | src.tmc_shapley_islands |   Onøy og Lurøy: phi=0.018093, phi/n=0.00006986
2026-03-04 18:45:54 | INFO | src.tmc_shapley_islands |   Lovund: phi=0.101610, phi/n=0.00064310
2026-03-04 18:45:54 | INFO | src.tmc_shapley_islands |   Sleneset: phi=-0.019190, phi/n=-0.00011560
2026-03-04 18:45:54 | INFO | src.tmc_shapley_islands |   Aldra: phi=0.002610, phi/n=0.00001509
2026-03-04 18:45:54 | INFO | src.tmc_shapley_islands |   Southern 1: phi=-0.055169, phi/n=-0.00009463
2026-03-04 18:45:54 | INFO | src.tmc_shapley_islands |   Southern 2: phi=0.073898, phi/n=0.00018614
2026-03-04 18:45:54 | INFO | src.tmc_shapley_islands |   Southern 3: phi=-0.018516, phi/n=-0.00003171
2026-03-04 18:45:54 | INFO | src.tmc_shapley_islands |   Southern 4: phi=-0.063368, phi/n=-0.00013039
2026-03-04 18:45:54 | INFO | src.tmc_shapley_islands |   Southern 5: phi=0.021621, phi/n=0.00010703
2026-03-04 18:45:54 | INFO | src.tmc_shapley_islands | Curve retraining early stopping: enabled=True, patience=20
2026-03-04 18:45:54 | INFO | src.tmc_shapley_islands | Computing add-islands curve (evaluated on test set)...
2026-03-04 18:45:54 | INFO | src.tmc_shapley_islands | Add-curve (mean): 1 islands, n=158 -> corr=0.0832
2026-03-04 18:45:54 | INFO | src.tmc_shapley_islands | Add-curve (mean): 2 islands, n=555 -> corr=0.0616
2026-03-04 18:45:54 | INFO | src.tmc_shapley_islands | Add-curve (mean): 3 islands, n=749 -> corr=0.0512
2026-03-04 18:45:55 | INFO | src.tmc_shapley_islands | Add-curve (mean): 4 islands, n=1105 -> corr=0.1253
2026-03-04 18:45:56 | INFO | src.tmc_shapley_islands | Add-curve (mean): 5 islands, n=1307 -> corr=0.1190
2026-03-04 18:45:56 | INFO | src.tmc_shapley_islands | Add-curve (mean): 6 islands, n=1566 -> corr=0.0946
2026-03-04 18:45:57 | INFO | src.tmc_shapley_islands | Add-curve (mean): 7 islands, n=1858 -> corr=0.0916
2026-03-04 18:45:58 | INFO | src.tmc_shapley_islands | Add-curve (mean): 8 islands, n=2031 -> corr=0.1076
2026-03-04 18:45:59 | INFO | src.tmc_shapley_islands | Add-curve (mean): 9 islands, n=2615 -> corr=0.0997
2026-03-04 18:46:01 | INFO | src.tmc_shapley_islands | Add-curve (mean): 10 islands, n=3173 -> corr=0.1238
2026-03-04 18:46:03 | INFO | src.tmc_shapley_islands | Add-curve (mean): 11 islands, n=3756 -> corr=0.1278
2026-03-04 18:46:04 | INFO | src.tmc_shapley_islands | Add-curve (mean): 12 islands, n=3922 -> corr=0.1281
2026-03-04 18:46:06 | INFO | src.tmc_shapley_islands | Add-curve (mean): 13 islands, n=4408 -> corr=0.1298
2026-03-04 18:46:08 | INFO | src.tmc_shapley_islands | Add-curve (mean): 14 islands, n=4500 -> corr=0.1360
2026-03-04 18:46:11 | INFO | src.tmc_shapley_islands | Add-curve (mean): 15 islands, n=4619 -> corr=0.1303
2026-03-04 18:46:23 | INFO | src.tmc_shapley_islands | Random individual add-curve (seed=0) complete
2026-03-04 18:46:35 | INFO | src.tmc_shapley_islands | Random individual add-curve (seed=1) complete
2026-03-04 18:46:46 | INFO | src.tmc_shapley_islands | Random individual add-curve (seed=2) complete
2026-03-04 18:46:59 | INFO | src.tmc_shapley_islands | Random individual add-curve (seed=3) complete
2026-03-04 18:47:11 | INFO | src.tmc_shapley_islands | Random individual add-curve (seed=4) complete
2026-03-04 18:47:11 | INFO | src.tmc_shapley_islands | Building mirrored remove-islands curve from add-islands curve...
2026-03-04 18:47:11 | INFO | src.tmc_shapley_islands | Saved Shapley values to outputs/tmc_shapley_sweep_all_traits/shards/shard_015/body_mass/tmp/shapley_island_values_target_5.csv
2026-03-04 18:47:11 | INFO | src.tmc_shapley_islands | Saved summary to outputs/tmc_shapley_sweep_all_traits/shards/shard_015/body_mass/tmp/tmc_summary_target_5.json
2026-03-04 18:47:11 | INFO | src.tmc_shapley_islands | Saved intermediate ranking trace to outputs/tmc_shapley_sweep_all_traits/shards/shard_015/body_mass/tmp/tmc_intermediate_rankings_target_5.csv
2026-03-04 18:47:11 | INFO | src.tmc_shapley_islands | Saved add-curve to outputs/tmc_shapley_sweep_all_traits/shards/shard_015/body_mass/tmp/add_curve_target_5.csv
2026-03-04 18:47:11 | INFO | src.tmc_shapley_islands | Saved remove-curve to outputs/tmc_shapley_sweep_all_traits/shards/shard_015/body_mass/tmp/remove_curve_target_5.csv
2026-03-04 18:47:12 | INFO | src.tmc_shapley_islands | Saved bar plot to outputs/tmc_shapley_sweep_all_traits/shards/shard_015/body_mass/tmp/shapley_bar_target_5.png
2026-03-04 18:47:12 | INFO | src.tmc_shapley_islands | Saved add-curve plot to outputs/tmc_shapley_sweep_all_traits/shards/shard_015/body_mass/tmp/add_curve_target_5.png
2026-03-04 18:47:13 | INFO | src.tmc_shapley_islands | Saved remove-curve plot to outputs/tmc_shapley_sweep_all_traits/shards/shard_015/body_mass/tmp/remove_curve_target_5.png
2026-03-04 18:47:13 | INFO | __main__ | Shard 15/30 trait=body_mass progress 34/75 | target=5 n_cal_samples=20 perm=80 repeat=5
2026-03-04 18:47:13 | INFO | src.tmc_shapley_islands | [Shapley] Target island: 5 (Hestmannøy), source islands: 15
2026-03-04 18:47:14 | INFO | src.tmc_shapley_islands | Data: source=4619 (across 15 islands), cal=20, test=928
2026-03-04 18:47:14 | INFO | src.tmc_shapley_islands | SNP selection: using fixed precomputed subset (n=20000)
2026-03-04 18:47:14 | INFO | src.tmc_shapley_islands | Island counts (capped to None in training):
  Nesøy: n=119
  Myken: n=92
  Træna: n=292
  Selvær: n=194
  Gjerøy: n=558
  Indre Kvarøy: n=356
  Onøy og Lurøy: n=259
  Lovund: n=158
  Sleneset: n=166
  Aldra: n=173
  Southern 1: n=583
  Southern 2: n=397
  Southern 3: n=584
  Southern 4: n=486
  Southern 5: n=202
2026-03-04 18:47:14 | INFO | src.tmc_shapley_islands | Loaded 489 cached utilities from outputs/tmc_shapley_sweep_all_traits/cache/body_mass/utility_cache_target_5_seed_1699461829.json
2026-03-04 18:47:14 | INFO | src.tmc_shapley_islands | Running TMC-Shapley with 80 permutations (utility on cal set)...
2026-03-04 18:47:14 | INFO | src.tmc_shapley_islands | Computing V_full over all 15 source islands...
2026-03-04 18:47:14 | INFO | src.tmc_shapley_islands | V_full = -0.0968
2026-03-04 18:47:14 | INFO | src.tmc_shapley_islands | TMC head-start: loaded 40 completed permutations from state outputs/tmc_shapley_sweep_all_traits/cache/body_mass/tmc_perm_state_target_5_seed_1699461829.json
2026-03-04 18:48:44 | INFO | src.tmc_shapley_islands | TMC progress: 48/80 permutations done, cache hit rate: 24.0%, n_evals: 92
2026-03-04 18:51:33 | INFO | src.tmc_shapley_islands | TMC progress: 64/80 permutations done, cache hit rate: 27.7%, n_evals: 261
2026-03-04 18:54:17 | INFO | src.tmc_shapley_islands | TMC progress: 80/80 permutations done, cache hit rate: 29.6%, n_evals: 423
2026-03-04 18:54:17 | INFO | src.tmc_shapley_islands | TMC complete: 80 permutations, 0 truncated, 423 utility evals, cache hit rate: 29.6%
2026-03-04 18:54:17 | INFO | src.tmc_shapley_islands | Shapley values (phi, computed on cal set):
2026-03-04 18:54:17 | INFO | src.tmc_shapley_islands |   Nesøy: phi=-0.173104, phi/n=-0.00145466
2026-03-04 18:54:17 | INFO | src.tmc_shapley_islands |   Myken: phi=-0.025962, phi/n=-0.00028220
2026-03-04 18:54:17 | INFO | src.tmc_shapley_islands |   Træna: phi=0.006943, phi/n=0.00002378
2026-03-04 18:54:17 | INFO | src.tmc_shapley_islands |   Selvær: phi=0.030776, phi/n=0.00015864
2026-03-04 18:54:17 | INFO | src.tmc_shapley_islands |   Gjerøy: phi=-0.068413, phi/n=-0.00012260
2026-03-04 18:54:17 | INFO | src.tmc_shapley_islands |   Indre Kvarøy: phi=0.059604, phi/n=0.00016743
2026-03-04 18:54:17 | INFO | src.tmc_shapley_islands |   Onøy og Lurøy: phi=0.021721, phi/n=0.00008386
2026-03-04 18:54:17 | INFO | src.tmc_shapley_islands |   Lovund: phi=0.113452, phi/n=0.00071805
2026-03-04 18:54:17 | INFO | src.tmc_shapley_islands |   Sleneset: phi=-0.019056, phi/n=-0.00011480
2026-03-04 18:54:17 | INFO | src.tmc_shapley_islands |   Aldra: phi=0.002652, phi/n=0.00001533
2026-03-04 18:54:17 | INFO | src.tmc_shapley_islands |   Southern 1: phi=-0.060775, phi/n=-0.00010425
2026-03-04 18:54:17 | INFO | src.tmc_shapley_islands |   Southern 2: phi=0.073103, phi/n=0.00018414
2026-03-04 18:54:17 | INFO | src.tmc_shapley_islands |   Southern 3: phi=-0.016634, phi/n=-0.00002848
2026-03-04 18:54:17 | INFO | src.tmc_shapley_islands |   Southern 4: phi=-0.064392, phi/n=-0.00013249
2026-03-04 18:54:17 | INFO | src.tmc_shapley_islands |   Southern 5: phi=0.023314, phi/n=0.00011541
2026-03-04 18:54:17 | INFO | src.tmc_shapley_islands | Curve retraining early stopping: enabled=True, patience=20
2026-03-04 18:54:17 | INFO | src.tmc_shapley_islands | Computing add-islands curve (evaluated on test set)...
2026-03-04 18:54:17 | INFO | src.tmc_shapley_islands | Add-curve (mean): 1 islands, n=158 -> corr=0.0832
2026-03-04 18:54:17 | INFO | src.tmc_shapley_islands | Add-curve (mean): 2 islands, n=555 -> corr=0.0616
2026-03-04 18:54:18 | INFO | src.tmc_shapley_islands | Add-curve (mean): 3 islands, n=911 -> corr=0.1303
2026-03-04 18:54:19 | INFO | src.tmc_shapley_islands | Add-curve (mean): 4 islands, n=1105 -> corr=0.1253
2026-03-04 18:54:19 | INFO | src.tmc_shapley_islands | Add-curve (mean): 5 islands, n=1307 -> corr=0.1190
2026-03-04 18:54:20 | INFO | src.tmc_shapley_islands | Add-curve (mean): 6 islands, n=1566 -> corr=0.0946
2026-03-04 18:54:21 | INFO | src.tmc_shapley_islands | Add-curve (mean): 7 islands, n=1858 -> corr=0.0916
2026-03-04 18:54:22 | INFO | src.tmc_shapley_islands | Add-curve (mean): 8 islands, n=2031 -> corr=0.1076
2026-03-04 18:54:23 | INFO | src.tmc_shapley_islands | Add-curve (mean): 9 islands, n=2615 -> corr=0.0997
2026-03-04 18:54:25 | INFO | src.tmc_shapley_islands | Add-curve (mean): 10 islands, n=3198 -> corr=0.1056
2026-03-04 18:54:26 | INFO | src.tmc_shapley_islands | Add-curve (mean): 11 islands, n=3364 -> corr=0.1043
2026-03-04 18:54:28 | INFO | src.tmc_shapley_islands | Add-curve (mean): 12 islands, n=3922 -> corr=0.1281
2026-03-04 18:54:30 | INFO | src.tmc_shapley_islands | Add-curve (mean): 13 islands, n=4408 -> corr=0.1298
2026-03-04 18:54:32 | INFO | src.tmc_shapley_islands | Add-curve (mean): 14 islands, n=4500 -> corr=0.1360
2026-03-04 18:54:34 | INFO | src.tmc_shapley_islands | Add-curve (mean): 15 islands, n=4619 -> corr=0.1303
2026-03-04 18:54:46 | INFO | src.tmc_shapley_islands | Random individual add-curve (seed=0) complete
2026-03-04 18:54:58 | INFO | src.tmc_shapley_islands | Random individual add-curve (seed=1) complete
2026-03-04 18:55:10 | INFO | src.tmc_shapley_islands | Random individual add-curve (seed=2) complete
2026-03-04 18:55:22 | INFO | src.tmc_shapley_islands | Random individual add-curve (seed=3) complete
2026-03-04 18:55:34 | INFO | src.tmc_shapley_islands | Random individual add-curve (seed=4) complete
2026-03-04 18:55:34 | INFO | src.tmc_shapley_islands | Building mirrored remove-islands curve from add-islands curve...
2026-03-04 18:55:34 | INFO | src.tmc_shapley_islands | Saved Shapley values to outputs/tmc_shapley_sweep_all_traits/shards/shard_015/body_mass/tmp/shapley_island_values_target_5.csv
2026-03-04 18:55:34 | INFO | src.tmc_shapley_islands | Saved summary to outputs/tmc_shapley_sweep_all_traits/shards/shard_015/body_mass/tmp/tmc_summary_target_5.json
2026-03-04 18:55:34 | INFO | src.tmc_shapley_islands | Saved intermediate ranking trace to outputs/tmc_shapley_sweep_all_traits/shards/shard_015/body_mass/tmp/tmc_intermediate_rankings_target_5.csv
2026-03-04 18:55:34 | INFO | src.tmc_shapley_islands | Saved add-curve to outputs/tmc_shapley_sweep_all_traits/shards/shard_015/body_mass/tmp/add_curve_target_5.csv
2026-03-04 18:55:34 | INFO | src.tmc_shapley_islands | Saved remove-curve to outputs/tmc_shapley_sweep_all_traits/shards/shard_015/body_mass/tmp/remove_curve_target_5.csv
2026-03-04 18:55:34 | INFO | src.tmc_shapley_islands | Saved bar plot to outputs/tmc_shapley_sweep_all_traits/shards/shard_015/body_mass/tmp/shapley_bar_target_5.png
2026-03-04 18:55:35 | INFO | src.tmc_shapley_islands | Saved add-curve plot to outputs/tmc_shapley_sweep_all_traits/shards/shard_015/body_mass/tmp/add_curve_target_5.png
2026-03-04 18:55:35 | INFO | src.tmc_shapley_islands | Saved remove-curve plot to outputs/tmc_shapley_sweep_all_traits/shards/shard_015/body_mass/tmp/remove_curve_target_5.png
2026-03-04 18:55:35 | INFO | __main__ | Shard 15/30 trait=body_mass progress 35/75 | target=5 n_cal_samples=20 perm=150 repeat=5
2026-03-04 18:55:35 | INFO | src.tmc_shapley_islands | [Shapley] Target island: 5 (Hestmannøy), source islands: 15
2026-03-04 18:55:36 | INFO | src.tmc_shapley_islands | Data: source=4619 (across 15 islands), cal=20, test=928
2026-03-04 18:55:36 | INFO | src.tmc_shapley_islands | SNP selection: using fixed precomputed subset (n=20000)
2026-03-04 18:55:36 | INFO | src.tmc_shapley_islands | Island counts (capped to None in training):
  Nesøy: n=119
  Myken: n=92
  Træna: n=292
  Selvær: n=194
  Gjerøy: n=558
  Indre Kvarøy: n=356
  Onøy og Lurøy: n=259
  Lovund: n=158
  Sleneset: n=166
  Aldra: n=173
  Southern 1: n=583
  Southern 2: n=397
  Southern 3: n=584
  Southern 4: n=486
  Southern 5: n=202
2026-03-04 18:55:36 | INFO | src.tmc_shapley_islands | Loaded 912 cached utilities from outputs/tmc_shapley_sweep_all_traits/cache/body_mass/utility_cache_target_5_seed_1699461829.json
2026-03-04 18:55:36 | INFO | src.tmc_shapley_islands | Running TMC-Shapley with 150 permutations (utility on cal set)...
2026-03-04 18:55:36 | INFO | src.tmc_shapley_islands | Computing V_full over all 15 source islands...
2026-03-04 18:55:36 | INFO | src.tmc_shapley_islands | V_full = -0.0968
2026-03-04 18:55:36 | INFO | src.tmc_shapley_islands | TMC head-start: loaded 80 completed permutations from state outputs/tmc_shapley_sweep_all_traits/cache/body_mass/tmc_perm_state_target_5_seed_1699461829.json
2026-03-04 18:57:20 | INFO | src.tmc_shapley_islands | TMC progress: 90/150 permutations done, cache hit rate: 30.5%, n_evals: 105
2026-03-04 19:01:58 | INFO | src.tmc_shapley_islands | TMC progress: 120/150 permutations done, cache hit rate: 34.6%, n_evals: 393
2026-03-04 19:06:43 | INFO | src.tmc_shapley_islands | TMC progress: 150/150 permutations done, cache hit rate: 35.8%, n_evals: 675
2026-03-04 19:06:43 | INFO | src.tmc_shapley_islands | TMC complete: 150 permutations, 0 truncated, 675 utility evals, cache hit rate: 35.8%
2026-03-04 19:06:43 | INFO | src.tmc_shapley_islands | Shapley values (phi, computed on cal set):
2026-03-04 19:06:43 | INFO | src.tmc_shapley_islands |   Nesøy: phi=-0.172659, phi/n=-0.00145092
2026-03-04 19:06:43 | INFO | src.tmc_shapley_islands |   Myken: phi=-0.023865, phi/n=-0.00025941
2026-03-04 19:06:43 | INFO | src.tmc_shapley_islands |   Træna: phi=0.004987, phi/n=0.00001708
2026-03-04 19:06:43 | INFO | src.tmc_shapley_islands |   Selvær: phi=0.029340, phi/n=0.00015124
2026-03-04 19:06:43 | INFO | src.tmc_shapley_islands |   Gjerøy: phi=-0.073661, phi/n=-0.00013201
2026-03-04 19:06:43 | INFO | src.tmc_shapley_islands |   Indre Kvarøy: phi=0.057867, phi/n=0.00016255
2026-03-04 19:06:43 | INFO | src.tmc_shapley_islands |   Onøy og Lurøy: phi=0.020528, phi/n=0.00007926
2026-03-04 19:06:43 | INFO | src.tmc_shapley_islands |   Lovund: phi=0.109823, phi/n=0.00069508
2026-03-04 19:06:43 | INFO | src.tmc_shapley_islands |   Sleneset: phi=-0.021487, phi/n=-0.00012944
2026-03-04 19:06:43 | INFO | src.tmc_shapley_islands |   Aldra: phi=0.002538, phi/n=0.00001467
2026-03-04 19:06:43 | INFO | src.tmc_shapley_islands |   Southern 1: phi=-0.055007, phi/n=-0.00009435
2026-03-04 19:06:43 | INFO | src.tmc_shapley_islands |   Southern 2: phi=0.078034, phi/n=0.00019656
2026-03-04 19:06:43 | INFO | src.tmc_shapley_islands |   Southern 3: phi=-0.017577, phi/n=-0.00003010
2026-03-04 19:06:43 | INFO | src.tmc_shapley_islands |   Southern 4: phi=-0.060331, phi/n=-0.00012414
2026-03-04 19:06:43 | INFO | src.tmc_shapley_islands |   Southern 5: phi=0.024699, phi/n=0.00012227
2026-03-04 19:06:43 | INFO | src.tmc_shapley_islands | Curve retraining early stopping: enabled=True, patience=20
2026-03-04 19:06:43 | INFO | src.tmc_shapley_islands | Computing add-islands curve (evaluated on test set)...
2026-03-04 19:06:43 | INFO | src.tmc_shapley_islands | Add-curve (mean): 1 islands, n=158 -> corr=0.0832
2026-03-04 19:06:44 | INFO | src.tmc_shapley_islands | Add-curve (mean): 2 islands, n=555 -> corr=0.0616
2026-03-04 19:06:44 | INFO | src.tmc_shapley_islands | Add-curve (mean): 3 islands, n=911 -> corr=0.1303
2026-03-04 19:06:45 | INFO | src.tmc_shapley_islands | Add-curve (mean): 4 islands, n=1105 -> corr=0.1253
2026-03-04 19:06:45 | INFO | src.tmc_shapley_islands | Add-curve (mean): 5 islands, n=1307 -> corr=0.1190
2026-03-04 19:06:46 | INFO | src.tmc_shapley_islands | Add-curve (mean): 6 islands, n=1566 -> corr=0.0946
2026-03-04 19:06:47 | INFO | src.tmc_shapley_islands | Add-curve (mean): 7 islands, n=1858 -> corr=0.0916
2026-03-04 19:06:48 | INFO | src.tmc_shapley_islands | Add-curve (mean): 8 islands, n=2031 -> corr=0.1076
2026-03-04 19:06:49 | INFO | src.tmc_shapley_islands | Add-curve (mean): 9 islands, n=2615 -> corr=0.0997
2026-03-04 19:06:51 | INFO | src.tmc_shapley_islands | Add-curve (mean): 10 islands, n=3198 -> corr=0.1056
2026-03-04 19:06:52 | INFO | src.tmc_shapley_islands | Add-curve (mean): 11 islands, n=3684 -> corr=0.1092
2026-03-04 19:06:54 | INFO | src.tmc_shapley_islands | Add-curve (mean): 12 islands, n=3850 -> corr=0.1074
2026-03-04 19:06:56 | INFO | src.tmc_shapley_islands | Add-curve (mean): 13 islands, n=4408 -> corr=0.1298
2026-03-04 19:06:58 | INFO | src.tmc_shapley_islands | Add-curve (mean): 14 islands, n=4500 -> corr=0.1360
2026-03-04 19:07:00 | INFO | src.tmc_shapley_islands | Add-curve (mean): 15 islands, n=4619 -> corr=0.1303
2026-03-04 19:07:12 | INFO | src.tmc_shapley_islands | Random individual add-curve (seed=0) complete
2026-03-04 19:07:24 | INFO | src.tmc_shapley_islands | Random individual add-curve (seed=1) complete
2026-03-04 19:07:36 | INFO | src.tmc_shapley_islands | Random individual add-curve (seed=2) complete
2026-03-04 19:07:48 | INFO | src.tmc_shapley_islands | Random individual add-curve (seed=3) complete
2026-03-04 19:08:00 | INFO | src.tmc_shapley_islands | Random individual add-curve (seed=4) complete
2026-03-04 19:08:00 | INFO | src.tmc_shapley_islands | Building mirrored remove-islands curve from add-islands curve...
2026-03-04 19:08:00 | INFO | src.tmc_shapley_islands | Saved Shapley values to outputs/tmc_shapley_sweep_all_traits/shards/shard_015/body_mass/tmp/shapley_island_values_target_5.csv
2026-03-04 19:08:00 | INFO | src.tmc_shapley_islands | Saved summary to outputs/tmc_shapley_sweep_all_traits/shards/shard_015/body_mass/tmp/tmc_summary_target_5.json
2026-03-04 19:08:00 | INFO | src.tmc_shapley_islands | Saved intermediate ranking trace to outputs/tmc_shapley_sweep_all_traits/shards/shard_015/body_mass/tmp/tmc_intermediate_rankings_target_5.csv
2026-03-04 19:08:00 | INFO | src.tmc_shapley_islands | Saved add-curve to outputs/tmc_shapley_sweep_all_traits/shards/shard_015/body_mass/tmp/add_curve_target_5.csv
2026-03-04 19:08:00 | INFO | src.tmc_shapley_islands | Saved remove-curve to outputs/tmc_shapley_sweep_all_traits/shards/shard_015/body_mass/tmp/remove_curve_target_5.csv
2026-03-04 19:08:01 | INFO | src.tmc_shapley_islands | Saved bar plot to outputs/tmc_shapley_sweep_all_traits/shards/shard_015/body_mass/tmp/shapley_bar_target_5.png
2026-03-04 19:08:01 | INFO | src.tmc_shapley_islands | Saved add-curve plot to outputs/tmc_shapley_sweep_all_traits/shards/shard_015/body_mass/tmp/add_curve_target_5.png
2026-03-04 19:08:02 | INFO | src.tmc_shapley_islands | Saved remove-curve plot to outputs/tmc_shapley_sweep_all_traits/shards/shard_015/body_mass/tmp/remove_curve_target_5.png
2026-03-04 19:08:02 | INFO | __main__ | Shard 15/30 trait=body_mass progress 36/75 | target=5 n_cal_samples=40 perm=10 repeat=5
2026-03-04 19:08:02 | INFO | src.tmc_shapley_islands | [Shapley] Target island: 5 (Hestmannøy), source islands: 15
2026-03-04 19:08:03 | INFO | src.tmc_shapley_islands | Data: source=4619 (across 15 islands), cal=40, test=928
2026-03-04 19:08:03 | INFO | src.tmc_shapley_islands | SNP selection: using fixed precomputed subset (n=20000)
2026-03-04 19:08:03 | INFO | src.tmc_shapley_islands | Island counts (capped to None in training):
  Nesøy: n=119
  Myken: n=92
  Træna: n=292
  Selvær: n=194
  Gjerøy: n=558
  Indre Kvarøy: n=356
  Onøy og Lurøy: n=259
  Lovund: n=158
  Sleneset: n=166
  Aldra: n=173
  Southern 1: n=583
  Southern 2: n=397
  Southern 3: n=584
  Southern 4: n=486
  Southern 5: n=202
2026-03-04 19:08:03 | INFO | src.tmc_shapley_islands | Running TMC-Shapley with 10 permutations (utility on cal set)...
2026-03-04 19:08:03 | INFO | src.tmc_shapley_islands | Computing V_full over all 15 source islands...
2026-03-04 19:08:05 | INFO | src.tmc_shapley_islands | V_full = 0.1059
2026-03-04 19:08:33 | INFO | src.tmc_shapley_islands | TMC progress: 2/10 permutations done, cache hit rate: 6.5%, n_evals: 29
2026-03-04 19:09:02 | INFO | src.tmc_shapley_islands | TMC progress: 4/10 permutations done, cache hit rate: 8.2%, n_evals: 56
2026-03-04 19:09:33 | INFO | src.tmc_shapley_islands | TMC progress: 6/10 permutations done, cache hit rate: 8.8%, n_evals: 83
2026-03-04 19:10:00 | INFO | src.tmc_shapley_islands | TMC progress: 8/10 permutations done, cache hit rate: 9.1%, n_evals: 110
2026-03-04 19:10:25 | INFO | src.tmc_shapley_islands | TMC progress: 10/10 permutations done, cache hit rate: 11.3%, n_evals: 134
2026-03-04 19:10:25 | INFO | src.tmc_shapley_islands | TMC complete: 10 permutations, 0 truncated, 134 utility evals, cache hit rate: 11.3%
2026-03-04 19:10:25 | INFO | src.tmc_shapley_islands | Shapley values (phi, computed on cal set):
2026-03-04 19:10:25 | INFO | src.tmc_shapley_islands |   Nesøy: phi=-0.019609, phi/n=-0.00016478
2026-03-04 19:10:25 | INFO | src.tmc_shapley_islands |   Myken: phi=0.149111, phi/n=0.00162077
2026-03-04 19:10:25 | INFO | src.tmc_shapley_islands |   Træna: phi=-0.113762, phi/n=-0.00038960
2026-03-04 19:10:25 | INFO | src.tmc_shapley_islands |   Selvær: phi=-0.051392, phi/n=-0.00026491
2026-03-04 19:10:25 | INFO | src.tmc_shapley_islands |   Gjerøy: phi=0.157492, phi/n=0.00028224
2026-03-04 19:10:25 | INFO | src.tmc_shapley_islands |   Indre Kvarøy: phi=0.048861, phi/n=0.00013725
2026-03-04 19:10:25 | INFO | src.tmc_shapley_islands |   Onøy og Lurøy: phi=-0.126009, phi/n=-0.00048652
2026-03-04 19:10:25 | INFO | src.tmc_shapley_islands |   Lovund: phi=0.103748, phi/n=0.00065664
2026-03-04 19:10:25 | INFO | src.tmc_shapley_islands |   Sleneset: phi=0.024406, phi/n=0.00014702
2026-03-04 19:10:25 | INFO | src.tmc_shapley_islands |   Aldra: phi=0.026447, phi/n=0.00015287
2026-03-04 19:10:25 | INFO | src.tmc_shapley_islands |   Southern 1: phi=-0.001543, phi/n=-0.00000265
2026-03-04 19:10:25 | INFO | src.tmc_shapley_islands |   Southern 2: phi=-0.049733, phi/n=-0.00012527
2026-03-04 19:10:25 | INFO | src.tmc_shapley_islands |   Southern 3: phi=-0.021599, phi/n=-0.00003698
2026-03-04 19:10:25 | INFO | src.tmc_shapley_islands |   Southern 4: phi=-0.070362, phi/n=-0.00014478
2026-03-04 19:10:25 | INFO | src.tmc_shapley_islands |   Southern 5: phi=0.049873, phi/n=0.00024689
2026-03-04 19:10:25 | INFO | src.tmc_shapley_islands | Curve retraining early stopping: enabled=True, patience=20
2026-03-04 19:10:25 | INFO | src.tmc_shapley_islands | Computing add-islands curve (evaluated on test set)...
2026-03-04 19:10:25 | INFO | src.tmc_shapley_islands | Add-curve (mean): 1 islands, n=92 -> corr=0.0689
2026-03-04 19:10:25 | INFO | src.tmc_shapley_islands | Add-curve (mean): 2 islands, n=250 -> corr=0.0730
2026-03-04 19:10:26 | INFO | src.tmc_shapley_islands | Add-curve (mean): 3 islands, n=808 -> corr=0.1014
2026-03-04 19:10:26 | INFO | src.tmc_shapley_islands | Add-curve (mean): 4 islands, n=1010 -> corr=0.0942
2026-03-04 19:10:27 | INFO | src.tmc_shapley_islands | Add-curve (mean): 5 islands, n=1183 -> corr=0.1105
2026-03-04 19:10:28 | INFO | src.tmc_shapley_islands | Add-curve (mean): 6 islands, n=1349 -> corr=0.1067
2026-03-04 19:10:29 | INFO | src.tmc_shapley_islands | Add-curve (mean): 7 islands, n=1705 -> corr=0.1501
2026-03-04 19:10:30 | INFO | src.tmc_shapley_islands | Add-curve (mean): 8 islands, n=2288 -> corr=0.1502
2026-03-04 19:10:31 | INFO | src.tmc_shapley_islands | Add-curve (mean): 9 islands, n=2872 -> corr=0.1443
2026-03-04 19:10:33 | INFO | src.tmc_shapley_islands | Add-curve (mean): 10 islands, n=3269 -> corr=0.1475
2026-03-04 19:10:34 | INFO | src.tmc_shapley_islands | Add-curve (mean): 11 islands, n=3755 -> corr=0.1450
2026-03-04 19:10:36 | INFO | src.tmc_shapley_islands | Add-curve (mean): 12 islands, n=3874 -> corr=0.1346
2026-03-04 19:10:38 | INFO | src.tmc_shapley_islands | Add-curve (mean): 13 islands, n=4068 -> corr=0.1341
2026-03-04 19:10:40 | INFO | src.tmc_shapley_islands | Add-curve (mean): 14 islands, n=4360 -> corr=0.1333
2026-03-04 19:10:43 | INFO | src.tmc_shapley_islands | Add-curve (mean): 15 islands, n=4619 -> corr=0.1260
2026-03-04 19:10:54 | INFO | src.tmc_shapley_islands | Random individual add-curve (seed=0) complete
2026-03-04 19:11:06 | INFO | src.tmc_shapley_islands | Random individual add-curve (seed=1) complete
2026-03-04 19:11:18 | INFO | src.tmc_shapley_islands | Random individual add-curve (seed=2) complete
2026-03-04 19:11:29 | INFO | src.tmc_shapley_islands | Random individual add-curve (seed=3) complete
2026-03-04 19:11:40 | INFO | src.tmc_shapley_islands | Random individual add-curve (seed=4) complete
2026-03-04 19:11:40 | INFO | src.tmc_shapley_islands | Building mirrored remove-islands curve from add-islands curve...
2026-03-04 19:11:40 | INFO | src.tmc_shapley_islands | Saved Shapley values to outputs/tmc_shapley_sweep_all_traits/shards/shard_015/body_mass/tmp/shapley_island_values_target_5.csv
2026-03-04 19:11:40 | INFO | src.tmc_shapley_islands | Saved summary to outputs/tmc_shapley_sweep_all_traits/shards/shard_015/body_mass/tmp/tmc_summary_target_5.json
2026-03-04 19:11:40 | INFO | src.tmc_shapley_islands | Saved intermediate ranking trace to outputs/tmc_shapley_sweep_all_traits/shards/shard_015/body_mass/tmp/tmc_intermediate_rankings_target_5.csv
2026-03-04 19:11:40 | INFO | src.tmc_shapley_islands | Saved add-curve to outputs/tmc_shapley_sweep_all_traits/shards/shard_015/body_mass/tmp/add_curve_target_5.csv
2026-03-04 19:11:40 | INFO | src.tmc_shapley_islands | Saved remove-curve to outputs/tmc_shapley_sweep_all_traits/shards/shard_015/body_mass/tmp/remove_curve_target_5.csv
2026-03-04 19:11:41 | INFO | src.tmc_shapley_islands | Saved bar plot to outputs/tmc_shapley_sweep_all_traits/shards/shard_015/body_mass/tmp/shapley_bar_target_5.png
2026-03-04 19:11:41 | INFO | src.tmc_shapley_islands | Saved add-curve plot to outputs/tmc_shapley_sweep_all_traits/shards/shard_015/body_mass/tmp/add_curve_target_5.png
2026-03-04 19:11:42 | INFO | src.tmc_shapley_islands | Saved remove-curve plot to outputs/tmc_shapley_sweep_all_traits/shards/shard_015/body_mass/tmp/remove_curve_target_5.png
2026-03-04 19:11:42 | INFO | __main__ | Shard 15/30 trait=body_mass progress 37/75 | target=5 n_cal_samples=40 perm=20 repeat=5
2026-03-04 19:11:42 | INFO | src.tmc_shapley_islands | [Shapley] Target island: 5 (Hestmannøy), source islands: 15
2026-03-04 19:11:43 | INFO | src.tmc_shapley_islands | Data: source=4619 (across 15 islands), cal=40, test=928
2026-03-04 19:11:43 | INFO | src.tmc_shapley_islands | SNP selection: using fixed precomputed subset (n=20000)
2026-03-04 19:11:43 | INFO | src.tmc_shapley_islands | Island counts (capped to None in training):
  Nesøy: n=119
  Myken: n=92
  Træna: n=292
  Selvær: n=194
  Gjerøy: n=558
  Indre Kvarøy: n=356
  Onøy og Lurøy: n=259
  Lovund: n=158
  Sleneset: n=166
  Aldra: n=173
  Southern 1: n=583
  Southern 2: n=397
  Southern 3: n=584
  Southern 4: n=486
  Southern 5: n=202
2026-03-04 19:11:43 | INFO | src.tmc_shapley_islands | Loaded 134 cached utilities from outputs/tmc_shapley_sweep_all_traits/cache/body_mass/utility_cache_target_5_seed_209436356.json
2026-03-04 19:11:43 | INFO | src.tmc_shapley_islands | Running TMC-Shapley with 20 permutations (utility on cal set)...
2026-03-04 19:11:43 | INFO | src.tmc_shapley_islands | Computing V_full over all 15 source islands...
2026-03-04 19:11:43 | INFO | src.tmc_shapley_islands | V_full = 0.1059
2026-03-04 19:11:43 | INFO | src.tmc_shapley_islands | TMC head-start: loaded 10 completed permutations from state outputs/tmc_shapley_sweep_all_traits/cache/body_mass/tmc_perm_state_target_5_seed_209436356.json
2026-03-04 19:12:06 | INFO | src.tmc_shapley_islands | TMC progress: 12/20 permutations done, cache hit rate: 19.4%, n_evals: 25
2026-03-04 19:12:53 | INFO | src.tmc_shapley_islands | TMC progress: 16/20 permutations done, cache hit rate: 15.4%, n_evals: 77
2026-03-04 19:13:46 | INFO | src.tmc_shapley_islands | TMC progress: 20/20 permutations done, cache hit rate: 17.2%, n_evals: 125
2026-03-04 19:13:46 | INFO | src.tmc_shapley_islands | TMC complete: 20 permutations, 0 truncated, 125 utility evals, cache hit rate: 17.2%
2026-03-04 19:13:46 | INFO | src.tmc_shapley_islands | Shapley values (phi, computed on cal set):
2026-03-04 19:13:46 | INFO | src.tmc_shapley_islands |   Nesøy: phi=-0.023842, phi/n=-0.00020035
2026-03-04 19:13:46 | INFO | src.tmc_shapley_islands |   Myken: phi=0.123312, phi/n=0.00134035
2026-03-04 19:13:46 | INFO | src.tmc_shapley_islands |   Træna: phi=-0.119734, phi/n=-0.00041005
2026-03-04 19:13:46 | INFO | src.tmc_shapley_islands |   Selvær: phi=-0.088681, phi/n=-0.00045712
2026-03-04 19:13:46 | INFO | src.tmc_shapley_islands |   Gjerøy: phi=0.166736, phi/n=0.00029881
2026-03-04 19:13:46 | INFO | src.tmc_shapley_islands |   Indre Kvarøy: phi=0.088736, phi/n=0.00024926
2026-03-04 19:13:46 | INFO | src.tmc_shapley_islands |   Onøy og Lurøy: phi=-0.120958, phi/n=-0.00046702
2026-03-04 19:13:46 | INFO | src.tmc_shapley_islands |   Lovund: phi=0.087917, phi/n=0.00055644
2026-03-04 19:13:46 | INFO | src.tmc_shapley_islands |   Sleneset: phi=0.021412, phi/n=0.00012899
2026-03-04 19:13:46 | INFO | src.tmc_shapley_islands |   Aldra: phi=0.027298, phi/n=0.00015779
2026-03-04 19:13:46 | INFO | src.tmc_shapley_islands |   Southern 1: phi=0.004647, phi/n=0.00000797
2026-03-04 19:13:46 | INFO | src.tmc_shapley_islands |   Southern 2: phi=-0.039627, phi/n=-0.00009982
2026-03-04 19:13:46 | INFO | src.tmc_shapley_islands |   Southern 3: phi=-0.020571, phi/n=-0.00003522
2026-03-04 19:13:46 | INFO | src.tmc_shapley_islands |   Southern 4: phi=-0.060748, phi/n=-0.00012500
2026-03-04 19:13:46 | INFO | src.tmc_shapley_islands |   Southern 5: phi=0.060034, phi/n=0.00029720
2026-03-04 19:13:46 | INFO | src.tmc_shapley_islands | Curve retraining early stopping: enabled=True, patience=20
2026-03-04 19:13:46 | INFO | src.tmc_shapley_islands | Computing add-islands curve (evaluated on test set)...
2026-03-04 19:13:46 | INFO | src.tmc_shapley_islands | Add-curve (mean): 1 islands, n=92 -> corr=0.0689
2026-03-04 19:13:46 | INFO | src.tmc_shapley_islands | Add-curve (mean): 2 islands, n=250 -> corr=0.0730
2026-03-04 19:13:47 | INFO | src.tmc_shapley_islands | Add-curve (mean): 3 islands, n=808 -> corr=0.1014
2026-03-04 19:13:47 | INFO | src.tmc_shapley_islands | Add-curve (mean): 4 islands, n=1010 -> corr=0.0942
2026-03-04 19:13:48 | INFO | src.tmc_shapley_islands | Add-curve (mean): 5 islands, n=1366 -> corr=0.1411
2026-03-04 19:13:49 | INFO | src.tmc_shapley_islands | Add-curve (mean): 6 islands, n=1539 -> corr=0.1530
2026-03-04 19:13:49 | INFO | src.tmc_shapley_islands | Add-curve (mean): 7 islands, n=1705 -> corr=0.1501
2026-03-04 19:13:51 | INFO | src.tmc_shapley_islands | Add-curve (mean): 8 islands, n=2288 -> corr=0.1502
2026-03-04 19:13:52 | INFO | src.tmc_shapley_islands | Add-curve (mean): 9 islands, n=2872 -> corr=0.1443
2026-03-04 19:13:53 | INFO | src.tmc_shapley_islands | Add-curve (mean): 10 islands, n=3269 -> corr=0.1475
2026-03-04 19:13:55 | INFO | src.tmc_shapley_islands | Add-curve (mean): 11 islands, n=3755 -> corr=0.1450
2026-03-04 19:13:57 | INFO | src.tmc_shapley_islands | Add-curve (mean): 12 islands, n=3874 -> corr=0.1346
2026-03-04 19:13:59 | INFO | src.tmc_shapley_islands | Add-curve (mean): 13 islands, n=4166 -> corr=0.1350
2026-03-04 19:14:01 | INFO | src.tmc_shapley_islands | Add-curve (mean): 14 islands, n=4360 -> corr=0.1333
2026-03-04 19:14:03 | INFO | src.tmc_shapley_islands | Add-curve (mean): 15 islands, n=4619 -> corr=0.1260
2026-03-04 19:14:14 | INFO | src.tmc_shapley_islands | Random individual add-curve (seed=0) complete
2026-03-04 19:14:26 | INFO | src.tmc_shapley_islands | Random individual add-curve (seed=1) complete
2026-03-04 19:14:38 | INFO | src.tmc_shapley_islands | Random individual add-curve (seed=2) complete
2026-03-04 19:14:49 | INFO | src.tmc_shapley_islands | Random individual add-curve (seed=3) complete
2026-03-04 19:15:01 | INFO | src.tmc_shapley_islands | Random individual add-curve (seed=4) complete
2026-03-04 19:15:01 | INFO | src.tmc_shapley_islands | Building mirrored remove-islands curve from add-islands curve...
2026-03-04 19:15:01 | INFO | src.tmc_shapley_islands | Saved Shapley values to outputs/tmc_shapley_sweep_all_traits/shards/shard_015/body_mass/tmp/shapley_island_values_target_5.csv
2026-03-04 19:15:01 | INFO | src.tmc_shapley_islands | Saved summary to outputs/tmc_shapley_sweep_all_traits/shards/shard_015/body_mass/tmp/tmc_summary_target_5.json
2026-03-04 19:15:01 | INFO | src.tmc_shapley_islands | Saved intermediate ranking trace to outputs/tmc_shapley_sweep_all_traits/shards/shard_015/body_mass/tmp/tmc_intermediate_rankings_target_5.csv
2026-03-04 19:15:01 | INFO | src.tmc_shapley_islands | Saved add-curve to outputs/tmc_shapley_sweep_all_traits/shards/shard_015/body_mass/tmp/add_curve_target_5.csv
2026-03-04 19:15:01 | INFO | src.tmc_shapley_islands | Saved remove-curve to outputs/tmc_shapley_sweep_all_traits/shards/shard_015/body_mass/tmp/remove_curve_target_5.csv
2026-03-04 19:15:02 | INFO | src.tmc_shapley_islands | Saved bar plot to outputs/tmc_shapley_sweep_all_traits/shards/shard_015/body_mass/tmp/shapley_bar_target_5.png
2026-03-04 19:15:02 | INFO | src.tmc_shapley_islands | Saved add-curve plot to outputs/tmc_shapley_sweep_all_traits/shards/shard_015/body_mass/tmp/add_curve_target_5.png
2026-03-04 19:15:03 | INFO | src.tmc_shapley_islands | Saved remove-curve plot to outputs/tmc_shapley_sweep_all_traits/shards/shard_015/body_mass/tmp/remove_curve_target_5.png
2026-03-04 19:15:03 | INFO | __main__ | Shard 15/30 trait=body_mass progress 38/75 | target=5 n_cal_samples=40 perm=40 repeat=5
2026-03-04 19:15:03 | INFO | src.tmc_shapley_islands | [Shapley] Target island: 5 (Hestmannøy), source islands: 15
2026-03-04 19:15:04 | INFO | src.tmc_shapley_islands | Data: source=4619 (across 15 islands), cal=40, test=928
2026-03-04 19:15:04 | INFO | src.tmc_shapley_islands | SNP selection: using fixed precomputed subset (n=20000)
2026-03-04 19:15:04 | INFO | src.tmc_shapley_islands | Island counts (capped to None in training):
  Nesøy: n=119
  Myken: n=92
  Træna: n=292
  Selvær: n=194
  Gjerøy: n=558
  Indre Kvarøy: n=356
  Onøy og Lurøy: n=259
  Lovund: n=158
  Sleneset: n=166
  Aldra: n=173
  Southern 1: n=583
  Southern 2: n=397
  Southern 3: n=584
  Southern 4: n=486
  Southern 5: n=202
2026-03-04 19:15:04 | INFO | src.tmc_shapley_islands | Loaded 259 cached utilities from outputs/tmc_shapley_sweep_all_traits/cache/body_mass/utility_cache_target_5_seed_209436356.json
2026-03-04 19:15:04 | INFO | src.tmc_shapley_islands | Running TMC-Shapley with 40 permutations (utility on cal set)...
2026-03-04 19:15:04 | INFO | src.tmc_shapley_islands | Computing V_full over all 15 source islands...
2026-03-04 19:15:04 | INFO | src.tmc_shapley_islands | V_full = 0.1059
2026-03-04 19:15:04 | INFO | src.tmc_shapley_islands | TMC head-start: loaded 20 completed permutations from state outputs/tmc_shapley_sweep_all_traits/cache/body_mass/tmc_perm_state_target_5_seed_209436356.json
2026-03-04 19:15:49 | INFO | src.tmc_shapley_islands | TMC progress: 24/40 permutations done, cache hit rate: 21.3%, n_evals: 48
2026-03-04 19:17:34 | INFO | src.tmc_shapley_islands | TMC progress: 32/40 permutations done, cache hit rate: 20.4%, n_evals: 144
2026-03-04 19:19:07 | INFO | src.tmc_shapley_islands | TMC progress: 40/40 permutations done, cache hit rate: 21.9%, n_evals: 235
2026-03-04 19:19:07 | INFO | src.tmc_shapley_islands | TMC complete: 40 permutations, 0 truncated, 235 utility evals, cache hit rate: 21.9%
2026-03-04 19:19:07 | INFO | src.tmc_shapley_islands | Shapley values (phi, computed on cal set):
2026-03-04 19:19:07 | INFO | src.tmc_shapley_islands |   Nesøy: phi=-0.022824, phi/n=-0.00019180
2026-03-04 19:19:07 | INFO | src.tmc_shapley_islands |   Myken: phi=0.098210, phi/n=0.00106750
2026-03-04 19:19:07 | INFO | src.tmc_shapley_islands |   Træna: phi=-0.115178, phi/n=-0.00039445
2026-03-04 19:19:07 | INFO | src.tmc_shapley_islands |   Selvær: phi=-0.098202, phi/n=-0.00050620
2026-03-04 19:19:07 | INFO | src.tmc_shapley_islands |   Gjerøy: phi=0.177863, phi/n=0.00031875
2026-03-04 19:19:07 | INFO | src.tmc_shapley_islands |   Indre Kvarøy: phi=0.095818, phi/n=0.00026915
2026-03-04 19:19:07 | INFO | src.tmc_shapley_islands |   Onøy og Lurøy: phi=-0.124936, phi/n=-0.00048238
2026-03-04 19:19:07 | INFO | src.tmc_shapley_islands |   Lovund: phi=0.087970, phi/n=0.00055677
2026-03-04 19:19:07 | INFO | src.tmc_shapley_islands |   Sleneset: phi=0.023144, phi/n=0.00013942
2026-03-04 19:19:07 | INFO | src.tmc_shapley_islands |   Aldra: phi=0.030214, phi/n=0.00017465
2026-03-04 19:19:07 | INFO | src.tmc_shapley_islands |   Southern 1: phi=-0.006390, phi/n=-0.00001096
2026-03-04 19:19:07 | INFO | src.tmc_shapley_islands |   Southern 2: phi=-0.038108, phi/n=-0.00009599
2026-03-04 19:19:07 | INFO | src.tmc_shapley_islands |   Southern 3: phi=-0.011967, phi/n=-0.00002049
2026-03-04 19:19:07 | INFO | src.tmc_shapley_islands |   Southern 4: phi=-0.051050, phi/n=-0.00010504
2026-03-04 19:19:07 | INFO | src.tmc_shapley_islands |   Southern 5: phi=0.061365, phi/n=0.00030379
2026-03-04 19:19:07 | INFO | src.tmc_shapley_islands | Curve retraining early stopping: enabled=True, patience=20
2026-03-04 19:19:07 | INFO | src.tmc_shapley_islands | Computing add-islands curve (evaluated on test set)...
2026-03-04 19:19:08 | INFO | src.tmc_shapley_islands | Add-curve (mean): 1 islands, n=92 -> corr=0.0689
2026-03-04 19:19:08 | INFO | src.tmc_shapley_islands | Add-curve (mean): 2 islands, n=250 -> corr=0.0730
2026-03-04 19:19:08 | INFO | src.tmc_shapley_islands | Add-curve (mean): 3 islands, n=808 -> corr=0.1014
2026-03-04 19:19:09 | INFO | src.tmc_shapley_islands | Add-curve (mean): 4 islands, n=1010 -> corr=0.0942
2026-03-04 19:19:09 | INFO | src.tmc_shapley_islands | Add-curve (mean): 5 islands, n=1366 -> corr=0.1411
2026-03-04 19:19:10 | INFO | src.tmc_shapley_islands | Add-curve (mean): 6 islands, n=1539 -> corr=0.1530
2026-03-04 19:19:11 | INFO | src.tmc_shapley_islands | Add-curve (mean): 7 islands, n=1705 -> corr=0.1501
2026-03-04 19:19:12 | INFO | src.tmc_shapley_islands | Add-curve (mean): 8 islands, n=2288 -> corr=0.1502
2026-03-04 19:19:13 | INFO | src.tmc_shapley_islands | Add-curve (mean): 9 islands, n=2872 -> corr=0.1443
2026-03-04 19:19:14 | INFO | src.tmc_shapley_islands | Add-curve (mean): 10 islands, n=3269 -> corr=0.1475
2026-03-04 19:19:16 | INFO | src.tmc_shapley_islands | Add-curve (mean): 11 islands, n=3755 -> corr=0.1450
2026-03-04 19:19:18 | INFO | src.tmc_shapley_islands | Add-curve (mean): 12 islands, n=3874 -> corr=0.1346
2026-03-04 19:19:20 | INFO | src.tmc_shapley_islands | Add-curve (mean): 13 islands, n=4166 -> corr=0.1350
2026-03-04 19:19:22 | INFO | src.tmc_shapley_islands | Add-curve (mean): 14 islands, n=4425 -> corr=0.1277
2026-03-04 19:19:24 | INFO | src.tmc_shapley_islands | Add-curve (mean): 15 islands, n=4619 -> corr=0.1260
2026-03-04 19:19:35 | INFO | src.tmc_shapley_islands | Random individual add-curve (seed=0) complete
2026-03-04 19:19:47 | INFO | src.tmc_shapley_islands | Random individual add-curve (seed=1) complete
2026-03-04 19:19:59 | INFO | src.tmc_shapley_islands | Random individual add-curve (seed=2) complete
2026-03-04 19:20:12 | INFO | src.tmc_shapley_islands | Random individual add-curve (seed=3) complete
2026-03-04 19:20:23 | INFO | src.tmc_shapley_islands | Random individual add-curve (seed=4) complete
2026-03-04 19:20:23 | INFO | src.tmc_shapley_islands | Building mirrored remove-islands curve from add-islands curve...
2026-03-04 19:20:23 | INFO | src.tmc_shapley_islands | Saved Shapley values to outputs/tmc_shapley_sweep_all_traits/shards/shard_015/body_mass/tmp/shapley_island_values_target_5.csv
2026-03-04 19:20:23 | INFO | src.tmc_shapley_islands | Saved summary to outputs/tmc_shapley_sweep_all_traits/shards/shard_015/body_mass/tmp/tmc_summary_target_5.json
2026-03-04 19:20:23 | INFO | src.tmc_shapley_islands | Saved intermediate ranking trace to outputs/tmc_shapley_sweep_all_traits/shards/shard_015/body_mass/tmp/tmc_intermediate_rankings_target_5.csv
2026-03-04 19:20:23 | INFO | src.tmc_shapley_islands | Saved add-curve to outputs/tmc_shapley_sweep_all_traits/shards/shard_015/body_mass/tmp/add_curve_target_5.csv
2026-03-04 19:20:23 | INFO | src.tmc_shapley_islands | Saved remove-curve to outputs/tmc_shapley_sweep_all_traits/shards/shard_015/body_mass/tmp/remove_curve_target_5.csv
2026-03-04 19:20:24 | INFO | src.tmc_shapley_islands | Saved bar plot to outputs/tmc_shapley_sweep_all_traits/shards/shard_015/body_mass/tmp/shapley_bar_target_5.png
2026-03-04 19:20:25 | INFO | src.tmc_shapley_islands | Saved add-curve plot to outputs/tmc_shapley_sweep_all_traits/shards/shard_015/body_mass/tmp/add_curve_target_5.png
2026-03-04 19:20:25 | INFO | src.tmc_shapley_islands | Saved remove-curve plot to outputs/tmc_shapley_sweep_all_traits/shards/shard_015/body_mass/tmp/remove_curve_target_5.png
2026-03-04 19:20:25 | INFO | __main__ | Shard 15/30 trait=body_mass progress 39/75 | target=5 n_cal_samples=40 perm=80 repeat=5
2026-03-04 19:20:25 | INFO | src.tmc_shapley_islands | [Shapley] Target island: 5 (Hestmannøy), source islands: 15
2026-03-04 19:20:26 | INFO | src.tmc_shapley_islands | Data: source=4619 (across 15 islands), cal=40, test=928
2026-03-04 19:20:26 | INFO | src.tmc_shapley_islands | SNP selection: using fixed precomputed subset (n=20000)
2026-03-04 19:20:26 | INFO | src.tmc_shapley_islands | Island counts (capped to None in training):
  Nesøy: n=119
  Myken: n=92
  Træna: n=292
  Selvær: n=194
  Gjerøy: n=558
  Indre Kvarøy: n=356
  Onøy og Lurøy: n=259
  Lovund: n=158
  Sleneset: n=166
  Aldra: n=173
  Southern 1: n=583
  Southern 2: n=397
  Southern 3: n=584
  Southern 4: n=486
  Southern 5: n=202
2026-03-04 19:20:26 | INFO | src.tmc_shapley_islands | Loaded 494 cached utilities from outputs/tmc_shapley_sweep_all_traits/cache/body_mass/utility_cache_target_5_seed_209436356.json
2026-03-04 19:20:26 | INFO | src.tmc_shapley_islands | Running TMC-Shapley with 80 permutations (utility on cal set)...
2026-03-04 19:20:26 | INFO | src.tmc_shapley_islands | Computing V_full over all 15 source islands...
2026-03-04 19:20:26 | INFO | src.tmc_shapley_islands | V_full = 0.1059
2026-03-04 19:20:26 | INFO | src.tmc_shapley_islands | TMC head-start: loaded 40 completed permutations from state outputs/tmc_shapley_sweep_all_traits/cache/body_mass/tmc_perm_state_target_5_seed_209436356.json
2026-03-04 19:21:53 | INFO | src.tmc_shapley_islands | TMC progress: 48/80 permutations done, cache hit rate: 28.9%, n_evals: 86
2026-03-04 19:24:50 | INFO | src.tmc_shapley_islands | TMC progress: 64/80 permutations done, cache hit rate: 27.1%, n_evals: 263
2026-03-04 19:27:53 | INFO | src.tmc_shapley_islands | TMC progress: 80/80 permutations done, cache hit rate: 27.1%, n_evals: 438
2026-03-04 19:27:53 | INFO | src.tmc_shapley_islands | TMC complete: 80 permutations, 0 truncated, 438 utility evals, cache hit rate: 27.1%
2026-03-04 19:27:53 | INFO | src.tmc_shapley_islands | Shapley values (phi, computed on cal set):
2026-03-04 19:27:53 | INFO | src.tmc_shapley_islands |   Nesøy: phi=-0.023076, phi/n=-0.00019391
2026-03-04 19:27:53 | INFO | src.tmc_shapley_islands |   Myken: phi=0.102815, phi/n=0.00111755
2026-03-04 19:27:53 | INFO | src.tmc_shapley_islands |   Træna: phi=-0.100967, phi/n=-0.00034578
2026-03-04 19:27:53 | INFO | src.tmc_shapley_islands |   Selvær: phi=-0.093686, phi/n=-0.00048292
2026-03-04 19:27:53 | INFO | src.tmc_shapley_islands |   Gjerøy: phi=0.173206, phi/n=0.00031041
2026-03-04 19:27:53 | INFO | src.tmc_shapley_islands |   Indre Kvarøy: phi=0.096146, phi/n=0.00027007
2026-03-04 19:27:53 | INFO | src.tmc_shapley_islands |   Onøy og Lurøy: phi=-0.135307, phi/n=-0.00052242
2026-03-04 19:27:53 | INFO | src.tmc_shapley_islands |   Lovund: phi=0.090826, phi/n=0.00057485
2026-03-04 19:27:53 | INFO | src.tmc_shapley_islands |   Sleneset: phi=0.022567, phi/n=0.00013595
2026-03-04 19:27:53 | INFO | src.tmc_shapley_islands |   Aldra: phi=0.037173, phi/n=0.00021488
2026-03-04 19:27:53 | INFO | src.tmc_shapley_islands |   Southern 1: phi=-0.006801, phi/n=-0.00001167
2026-03-04 19:27:53 | INFO | src.tmc_shapley_islands |   Southern 2: phi=-0.033950, phi/n=-0.00008552
2026-03-04 19:27:53 | INFO | src.tmc_shapley_islands |   Southern 3: phi=-0.014303, phi/n=-0.00002449
2026-03-04 19:27:53 | INFO | src.tmc_shapley_islands |   Southern 4: phi=-0.056521, phi/n=-0.00011630
2026-03-04 19:27:53 | INFO | src.tmc_shapley_islands |   Southern 5: phi=0.047806, phi/n=0.00023666
2026-03-04 19:27:53 | INFO | src.tmc_shapley_islands | Curve retraining early stopping: enabled=True, patience=20
2026-03-04 19:27:53 | INFO | src.tmc_shapley_islands | Computing add-islands curve (evaluated on test set)...
2026-03-04 19:27:53 | INFO | src.tmc_shapley_islands | Add-curve (mean): 1 islands, n=92 -> corr=0.0689
2026-03-04 19:27:53 | INFO | src.tmc_shapley_islands | Add-curve (mean): 2 islands, n=250 -> corr=0.0730
2026-03-04 19:27:53 | INFO | src.tmc_shapley_islands | Add-curve (mean): 3 islands, n=808 -> corr=0.1014
2026-03-04 19:27:54 | INFO | src.tmc_shapley_islands | Add-curve (mean): 4 islands, n=1164 -> corr=0.1466
2026-03-04 19:27:54 | INFO | src.tmc_shapley_islands | Add-curve (mean): 5 islands, n=1366 -> corr=0.1411
2026-03-04 19:27:55 | INFO | src.tmc_shapley_islands | Add-curve (mean): 6 islands, n=1539 -> corr=0.1530
2026-03-04 19:27:56 | INFO | src.tmc_shapley_islands | Add-curve (mean): 7 islands, n=1705 -> corr=0.1501
2026-03-04 19:27:57 | INFO | src.tmc_shapley_islands | Add-curve (mean): 8 islands, n=2288 -> corr=0.1502
2026-03-04 19:27:58 | INFO | src.tmc_shapley_islands | Add-curve (mean): 9 islands, n=2872 -> corr=0.1443
2026-03-04 19:28:00 | INFO | src.tmc_shapley_islands | Add-curve (mean): 10 islands, n=3269 -> corr=0.1475
2026-03-04 19:28:01 | INFO | src.tmc_shapley_islands | Add-curve (mean): 11 islands, n=3755 -> corr=0.1450
2026-03-04 19:28:03 | INFO | src.tmc_shapley_islands | Add-curve (mean): 12 islands, n=3874 -> corr=0.1346
2026-03-04 19:28:05 | INFO | src.tmc_shapley_islands | Add-curve (mean): 13 islands, n=4166 -> corr=0.1350
2026-03-04 19:28:07 | INFO | src.tmc_shapley_islands | Add-curve (mean): 14 islands, n=4360 -> corr=0.1333
2026-03-04 19:28:09 | INFO | src.tmc_shapley_islands | Add-curve (mean): 15 islands, n=4619 -> corr=0.1260
2026-03-04 19:28:21 | INFO | src.tmc_shapley_islands | Random individual add-curve (seed=0) complete
2026-03-04 19:28:33 | INFO | src.tmc_shapley_islands | Random individual add-curve (seed=1) complete
2026-03-04 19:28:45 | INFO | src.tmc_shapley_islands | Random individual add-curve (seed=2) complete
2026-03-04 19:28:57 | INFO | src.tmc_shapley_islands | Random individual add-curve (seed=3) complete
2026-03-04 19:29:09 | INFO | src.tmc_shapley_islands | Random individual add-curve (seed=4) complete
2026-03-04 19:29:09 | INFO | src.tmc_shapley_islands | Building mirrored remove-islands curve from add-islands curve...
2026-03-04 19:29:09 | INFO | src.tmc_shapley_islands | Saved Shapley values to outputs/tmc_shapley_sweep_all_traits/shards/shard_015/body_mass/tmp/shapley_island_values_target_5.csv
2026-03-04 19:29:09 | INFO | src.tmc_shapley_islands | Saved summary to outputs/tmc_shapley_sweep_all_traits/shards/shard_015/body_mass/tmp/tmc_summary_target_5.json
2026-03-04 19:29:09 | INFO | src.tmc_shapley_islands | Saved intermediate ranking trace to outputs/tmc_shapley_sweep_all_traits/shards/shard_015/body_mass/tmp/tmc_intermediate_rankings_target_5.csv
2026-03-04 19:29:09 | INFO | src.tmc_shapley_islands | Saved add-curve to outputs/tmc_shapley_sweep_all_traits/shards/shard_015/body_mass/tmp/add_curve_target_5.csv
2026-03-04 19:29:09 | INFO | src.tmc_shapley_islands | Saved remove-curve to outputs/tmc_shapley_sweep_all_traits/shards/shard_015/body_mass/tmp/remove_curve_target_5.csv
2026-03-04 19:29:10 | INFO | src.tmc_shapley_islands | Saved bar plot to outputs/tmc_shapley_sweep_all_traits/shards/shard_015/body_mass/tmp/shapley_bar_target_5.png
2026-03-04 19:29:10 | INFO | src.tmc_shapley_islands | Saved add-curve plot to outputs/tmc_shapley_sweep_all_traits/shards/shard_015/body_mass/tmp/add_curve_target_5.png
2026-03-04 19:29:11 | INFO | src.tmc_shapley_islands | Saved remove-curve plot to outputs/tmc_shapley_sweep_all_traits/shards/shard_015/body_mass/tmp/remove_curve_target_5.png
2026-03-04 19:29:11 | INFO | __main__ | Shard 15/30 trait=body_mass progress 40/75 | target=5 n_cal_samples=40 perm=150 repeat=5
2026-03-04 19:29:11 | INFO | src.tmc_shapley_islands | [Shapley] Target island: 5 (Hestmannøy), source islands: 15
2026-03-04 19:29:12 | INFO | src.tmc_shapley_islands | Data: source=4619 (across 15 islands), cal=40, test=928
2026-03-04 19:29:12 | INFO | src.tmc_shapley_islands | SNP selection: using fixed precomputed subset (n=20000)
2026-03-04 19:29:12 | INFO | src.tmc_shapley_islands | Island counts (capped to None in training):
  Nesøy: n=119
  Myken: n=92
  Træna: n=292
  Selvær: n=194
  Gjerøy: n=558
  Indre Kvarøy: n=356
  Onøy og Lurøy: n=259
  Lovund: n=158
  Sleneset: n=166
  Aldra: n=173
  Southern 1: n=583
  Southern 2: n=397
  Southern 3: n=584
  Southern 4: n=486
  Southern 5: n=202
2026-03-04 19:29:12 | INFO | src.tmc_shapley_islands | Loaded 932 cached utilities from outputs/tmc_shapley_sweep_all_traits/cache/body_mass/utility_cache_target_5_seed_209436356.json
2026-03-04 19:29:12 | INFO | src.tmc_shapley_islands | Running TMC-Shapley with 150 permutations (utility on cal set)...
2026-03-04 19:29:12 | INFO | src.tmc_shapley_islands | Computing V_full over all 15 source islands...
2026-03-04 19:29:12 | INFO | src.tmc_shapley_islands | V_full = 0.1059
2026-03-04 19:29:12 | INFO | src.tmc_shapley_islands | TMC head-start: loaded 80 completed permutations from state outputs/tmc_shapley_sweep_all_traits/cache/body_mass/tmc_perm_state_target_5_seed_209436356.json
2026-03-04 19:30:53 | INFO | src.tmc_shapley_islands | TMC progress: 90/150 permutations done, cache hit rate: 31.8%, n_evals: 103
2026-03-04 19:35:46 | INFO | src.tmc_shapley_islands | TMC progress: 120/150 permutations done, cache hit rate: 33.1%, n_evals: 402
2026-03-04 19:40:42 | INFO | src.tmc_shapley_islands | TMC progress: 150/150 permutations done, cache hit rate: 34.7%, n_evals: 686
2026-03-04 19:40:42 | INFO | src.tmc_shapley_islands | TMC complete: 150 permutations, 0 truncated, 686 utility evals, cache hit rate: 34.7%
2026-03-04 19:40:42 | INFO | src.tmc_shapley_islands | Shapley values (phi, computed on cal set):
2026-03-04 19:40:42 | INFO | src.tmc_shapley_islands |   Nesøy: phi=-0.023719, phi/n=-0.00019932
2026-03-04 19:40:42 | INFO | src.tmc_shapley_islands |   Myken: phi=0.106065, phi/n=0.00115288
2026-03-04 19:40:42 | INFO | src.tmc_shapley_islands |   Træna: phi=-0.098636, phi/n=-0.00033779
2026-03-04 19:40:42 | INFO | src.tmc_shapley_islands |   Selvær: phi=-0.088697, phi/n=-0.00045720
2026-03-04 19:40:42 | INFO | src.tmc_shapley_islands |   Gjerøy: phi=0.172138, phi/n=0.00030849
2026-03-04 19:40:42 | INFO | src.tmc_shapley_islands |   Indre Kvarøy: phi=0.089024, phi/n=0.00025007
2026-03-04 19:40:42 | INFO | src.tmc_shapley_islands |   Onøy og Lurøy: phi=-0.145270, phi/n=-0.00056089
2026-03-04 19:40:42 | INFO | src.tmc_shapley_islands |   Lovund: phi=0.090182, phi/n=0.00057077
2026-03-04 19:40:42 | INFO | src.tmc_shapley_islands |   Sleneset: phi=0.030213, phi/n=0.00018201
2026-03-04 19:40:42 | INFO | src.tmc_shapley_islands |   Aldra: phi=0.036133, phi/n=0.00020886
2026-03-04 19:40:42 | INFO | src.tmc_shapley_islands |   Southern 1: phi=-0.007756, phi/n=-0.00001330
2026-03-04 19:40:42 | INFO | src.tmc_shapley_islands |   Southern 2: phi=-0.033707, phi/n=-0.00008490
2026-03-04 19:40:42 | INFO | src.tmc_shapley_islands |   Southern 3: phi=-0.011959, phi/n=-0.00002048
2026-03-04 19:40:42 | INFO | src.tmc_shapley_islands |   Southern 4: phi=-0.054611, phi/n=-0.00011237
2026-03-04 19:40:42 | INFO | src.tmc_shapley_islands |   Southern 5: phi=0.046529, phi/n=0.00023034
2026-03-04 19:40:42 | INFO | src.tmc_shapley_islands | Curve retraining early stopping: enabled=True, patience=20
2026-03-04 19:40:42 | INFO | src.tmc_shapley_islands | Computing add-islands curve (evaluated on test set)...
2026-03-04 19:40:42 | INFO | src.tmc_shapley_islands | Add-curve (mean): 1 islands, n=92 -> corr=0.0689
2026-03-04 19:40:43 | INFO | src.tmc_shapley_islands | Add-curve (mean): 2 islands, n=250 -> corr=0.0730
2026-03-04 19:40:43 | INFO | src.tmc_shapley_islands | Add-curve (mean): 3 islands, n=808 -> corr=0.1014
2026-03-04 19:40:43 | INFO | src.tmc_shapley_islands | Add-curve (mean): 4 islands, n=1164 -> corr=0.1466
2026-03-04 19:40:44 | INFO | src.tmc_shapley_islands | Add-curve (mean): 5 islands, n=1366 -> corr=0.1411
2026-03-04 19:40:45 | INFO | src.tmc_shapley_islands | Add-curve (mean): 6 islands, n=1539 -> corr=0.1530
2026-03-04 19:40:46 | INFO | src.tmc_shapley_islands | Add-curve (mean): 7 islands, n=1705 -> corr=0.1501
2026-03-04 19:40:47 | INFO | src.tmc_shapley_islands | Add-curve (mean): 8 islands, n=2288 -> corr=0.1502
2026-03-04 19:40:48 | INFO | src.tmc_shapley_islands | Add-curve (mean): 9 islands, n=2872 -> corr=0.1443
2026-03-04 19:40:49 | INFO | src.tmc_shapley_islands | Add-curve (mean): 10 islands, n=3269 -> corr=0.1475
2026-03-04 19:40:51 | INFO | src.tmc_shapley_islands | Add-curve (mean): 11 islands, n=3755 -> corr=0.1450
2026-03-04 19:40:53 | INFO | src.tmc_shapley_islands | Add-curve (mean): 12 islands, n=3874 -> corr=0.1346
2026-03-04 19:40:55 | INFO | src.tmc_shapley_islands | Add-curve (mean): 13 islands, n=4166 -> corr=0.1350
2026-03-04 19:40:57 | INFO | src.tmc_shapley_islands | Add-curve (mean): 14 islands, n=4360 -> corr=0.1333
2026-03-04 19:40:59 | INFO | src.tmc_shapley_islands | Add-curve (mean): 15 islands, n=4619 -> corr=0.1260
2026-03-04 19:41:11 | INFO | src.tmc_shapley_islands | Random individual add-curve (seed=0) complete
2026-03-04 19:41:24 | INFO | src.tmc_shapley_islands | Random individual add-curve (seed=1) complete
2026-03-04 19:41:35 | INFO | src.tmc_shapley_islands | Random individual add-curve (seed=2) complete
2026-03-04 19:41:47 | INFO | src.tmc_shapley_islands | Random individual add-curve (seed=3) complete
2026-03-04 19:41:59 | INFO | src.tmc_shapley_islands | Random individual add-curve (seed=4) complete
2026-03-04 19:41:59 | INFO | src.tmc_shapley_islands | Building mirrored remove-islands curve from add-islands curve...
2026-03-04 19:41:59 | INFO | src.tmc_shapley_islands | Saved Shapley values to outputs/tmc_shapley_sweep_all_traits/shards/shard_015/body_mass/tmp/shapley_island_values_target_5.csv
2026-03-04 19:41:59 | INFO | src.tmc_shapley_islands | Saved summary to outputs/tmc_shapley_sweep_all_traits/shards/shard_015/body_mass/tmp/tmc_summary_target_5.json
2026-03-04 19:41:59 | INFO | src.tmc_shapley_islands | Saved intermediate ranking trace to outputs/tmc_shapley_sweep_all_traits/shards/shard_015/body_mass/tmp/tmc_intermediate_rankings_target_5.csv
2026-03-04 19:41:59 | INFO | src.tmc_shapley_islands | Saved add-curve to outputs/tmc_shapley_sweep_all_traits/shards/shard_015/body_mass/tmp/add_curve_target_5.csv
2026-03-04 19:41:59 | INFO | src.tmc_shapley_islands | Saved remove-curve to outputs/tmc_shapley_sweep_all_traits/shards/shard_015/body_mass/tmp/remove_curve_target_5.csv
2026-03-04 19:42:00 | INFO | src.tmc_shapley_islands | Saved bar plot to outputs/tmc_shapley_sweep_all_traits/shards/shard_015/body_mass/tmp/shapley_bar_target_5.png
2026-03-04 19:42:00 | INFO | src.tmc_shapley_islands | Saved add-curve plot to outputs/tmc_shapley_sweep_all_traits/shards/shard_015/body_mass/tmp/add_curve_target_5.png
2026-03-04 19:42:01 | INFO | src.tmc_shapley_islands | Saved remove-curve plot to outputs/tmc_shapley_sweep_all_traits/shards/shard_015/body_mass/tmp/remove_curve_target_5.png
2026-03-04 19:42:01 | INFO | __main__ | Shard 15/30 trait=body_mass progress 41/75 | target=5 n_cal_samples=80 perm=10 repeat=5
2026-03-04 19:42:01 | INFO | src.tmc_shapley_islands | [Shapley] Target island: 5 (Hestmannøy), source islands: 15
2026-03-04 19:42:02 | INFO | src.tmc_shapley_islands | Data: source=4619 (across 15 islands), cal=80, test=928
2026-03-04 19:42:02 | INFO | src.tmc_shapley_islands | SNP selection: using fixed precomputed subset (n=20000)
2026-03-04 19:42:02 | INFO | src.tmc_shapley_islands | Island counts (capped to None in training):
  Nesøy: n=119
  Myken: n=92
  Træna: n=292
  Selvær: n=194
  Gjerøy: n=558
  Indre Kvarøy: n=356
  Onøy og Lurøy: n=259
  Lovund: n=158
  Sleneset: n=166
  Aldra: n=173
  Southern 1: n=583
  Southern 2: n=397
  Southern 3: n=584
  Southern 4: n=486
  Southern 5: n=202
2026-03-04 19:42:02 | INFO | src.tmc_shapley_islands | Running TMC-Shapley with 10 permutations (utility on cal set)...
2026-03-04 19:42:02 | INFO | src.tmc_shapley_islands | Computing V_full over all 15 source islands...
2026-03-04 19:42:04 | INFO | src.tmc_shapley_islands | V_full = 0.0871
2026-03-04 19:42:30 | INFO | src.tmc_shapley_islands | TMC progress: 2/10 permutations done, cache hit rate: 12.9%, n_evals: 27
2026-03-04 19:42:57 | INFO | src.tmc_shapley_islands | TMC progress: 4/10 permutations done, cache hit rate: 9.8%, n_evals: 55
2026-03-04 19:43:23 | INFO | src.tmc_shapley_islands | TMC progress: 6/10 permutations done, cache hit rate: 8.8%, n_evals: 83
2026-03-04 19:43:48 | INFO | src.tmc_shapley_islands | TMC progress: 8/10 permutations done, cache hit rate: 8.3%, n_evals: 111
2026-03-04 19:44:12 | INFO | src.tmc_shapley_islands | TMC progress: 10/10 permutations done, cache hit rate: 10.6%, n_evals: 135
2026-03-04 19:44:12 | INFO | src.tmc_shapley_islands | TMC complete: 10 permutations, 0 truncated, 135 utility evals, cache hit rate: 10.6%
2026-03-04 19:44:12 | INFO | src.tmc_shapley_islands | Shapley values (phi, computed on cal set):
2026-03-04 19:44:12 | INFO | src.tmc_shapley_islands |   Nesøy: phi=0.055609, phi/n=0.00046730
2026-03-04 19:44:12 | INFO | src.tmc_shapley_islands |   Myken: phi=0.007518, phi/n=0.00008171
2026-03-04 19:44:12 | INFO | src.tmc_shapley_islands |   Træna: phi=0.009911, phi/n=0.00003394
2026-03-04 19:44:12 | INFO | src.tmc_shapley_islands |   Selvær: phi=-0.062710, phi/n=-0.00032325
2026-03-04 19:44:12 | INFO | src.tmc_shapley_islands |   Gjerøy: phi=0.031071, phi/n=0.00005568
2026-03-04 19:44:12 | INFO | src.tmc_shapley_islands |   Indre Kvarøy: phi=0.077314, phi/n=0.00021717
2026-03-04 19:44:12 | INFO | src.tmc_shapley_islands |   Onøy og Lurøy: phi=0.003085, phi/n=0.00001191
2026-03-04 19:44:12 | INFO | src.tmc_shapley_islands |   Lovund: phi=0.001613, phi/n=0.00001021
2026-03-04 19:44:12 | INFO | src.tmc_shapley_islands |   Sleneset: phi=0.004055, phi/n=0.00002443
2026-03-04 19:44:12 | INFO | src.tmc_shapley_islands |   Aldra: phi=0.001120, phi/n=0.00000647
2026-03-04 19:44:12 | INFO | src.tmc_shapley_islands |   Southern 1: phi=-0.004851, phi/n=-0.00000832
2026-03-04 19:44:12 | INFO | src.tmc_shapley_islands |   Southern 2: phi=-0.057613, phi/n=-0.00014512
2026-03-04 19:44:12 | INFO | src.tmc_shapley_islands |   Southern 3: phi=0.004409, phi/n=0.00000755
2026-03-04 19:44:12 | INFO | src.tmc_shapley_islands |   Southern 4: phi=0.033482, phi/n=0.00006889
2026-03-04 19:44:12 | INFO | src.tmc_shapley_islands |   Southern 5: phi=-0.016895, phi/n=-0.00008364
2026-03-04 19:44:12 | INFO | src.tmc_shapley_islands | Curve retraining early stopping: enabled=True, patience=20
2026-03-04 19:44:12 | INFO | src.tmc_shapley_islands | Computing add-islands curve (evaluated on test set)...
2026-03-04 19:44:12 | INFO | src.tmc_shapley_islands | Add-curve (mean): 1 islands, n=119 -> corr=-0.0135
2026-03-04 19:44:13 | INFO | src.tmc_shapley_islands | Add-curve (mean): 2 islands, n=475 -> corr=0.0991
2026-03-04 19:44:13 | INFO | src.tmc_shapley_islands | Add-curve (mean): 3 islands, n=567 -> corr=0.1115
2026-03-04 19:44:14 | INFO | src.tmc_shapley_islands | Add-curve (mean): 4 islands, n=1053 -> corr=0.1103
2026-03-04 19:44:14 | INFO | src.tmc_shapley_islands | Add-curve (mean): 5 islands, n=1611 -> corr=0.1281
2026-03-04 19:44:15 | INFO | src.tmc_shapley_islands | Add-curve (mean): 6 islands, n=1903 -> corr=0.1298
2026-03-04 19:44:16 | INFO | src.tmc_shapley_islands | Add-curve (mean): 7 islands, n=2069 -> corr=0.1300
2026-03-04 19:44:17 | INFO | src.tmc_shapley_islands | Add-curve (mean): 8 islands, n=2328 -> corr=0.1227
2026-03-04 19:44:18 | INFO | src.tmc_shapley_islands | Add-curve (mean): 9 islands, n=2486 -> corr=0.1281
2026-03-04 19:44:20 | INFO | src.tmc_shapley_islands | Add-curve (mean): 10 islands, n=3070 -> corr=0.1256
2026-03-04 19:44:21 | INFO | src.tmc_shapley_islands | Add-curve (mean): 11 islands, n=3243 -> corr=0.1357
2026-03-04 19:44:23 | INFO | src.tmc_shapley_islands | Add-curve (mean): 12 islands, n=3826 -> corr=0.1384
2026-03-04 19:44:24 | INFO | src.tmc_shapley_islands | Add-curve (mean): 13 islands, n=4028 -> corr=0.1351
2026-03-04 19:44:27 | INFO | src.tmc_shapley_islands | Add-curve (mean): 14 islands, n=4425 -> corr=0.1416
2026-03-04 19:44:29 | INFO | src.tmc_shapley_islands | Add-curve (mean): 15 islands, n=4619 -> corr=0.1404
2026-03-04 19:44:40 | INFO | src.tmc_shapley_islands | Random individual add-curve (seed=0) complete
2026-03-04 19:44:52 | INFO | src.tmc_shapley_islands | Random individual add-curve (seed=1) complete
2026-03-04 19:45:04 | INFO | src.tmc_shapley_islands | Random individual add-curve (seed=2) complete
2026-03-04 19:45:16 | INFO | src.tmc_shapley_islands | Random individual add-curve (seed=3) complete
2026-03-04 19:45:28 | INFO | src.tmc_shapley_islands | Random individual add-curve (seed=4) complete
2026-03-04 19:45:28 | INFO | src.tmc_shapley_islands | Building mirrored remove-islands curve from add-islands curve...
2026-03-04 19:45:28 | INFO | src.tmc_shapley_islands | Saved Shapley values to outputs/tmc_shapley_sweep_all_traits/shards/shard_015/body_mass/tmp/shapley_island_values_target_5.csv
2026-03-04 19:45:28 | INFO | src.tmc_shapley_islands | Saved summary to outputs/tmc_shapley_sweep_all_traits/shards/shard_015/body_mass/tmp/tmc_summary_target_5.json
2026-03-04 19:45:28 | INFO | src.tmc_shapley_islands | Saved intermediate ranking trace to outputs/tmc_shapley_sweep_all_traits/shards/shard_015/body_mass/tmp/tmc_intermediate_rankings_target_5.csv
2026-03-04 19:45:28 | INFO | src.tmc_shapley_islands | Saved add-curve to outputs/tmc_shapley_sweep_all_traits/shards/shard_015/body_mass/tmp/add_curve_target_5.csv
2026-03-04 19:45:28 | INFO | src.tmc_shapley_islands | Saved remove-curve to outputs/tmc_shapley_sweep_all_traits/shards/shard_015/body_mass/tmp/remove_curve_target_5.csv
2026-03-04 19:45:29 | INFO | src.tmc_shapley_islands | Saved bar plot to outputs/tmc_shapley_sweep_all_traits/shards/shard_015/body_mass/tmp/shapley_bar_target_5.png
2026-03-04 19:45:29 | INFO | src.tmc_shapley_islands | Saved add-curve plot to outputs/tmc_shapley_sweep_all_traits/shards/shard_015/body_mass/tmp/add_curve_target_5.png
2026-03-04 19:45:30 | INFO | src.tmc_shapley_islands | Saved remove-curve plot to outputs/tmc_shapley_sweep_all_traits/shards/shard_015/body_mass/tmp/remove_curve_target_5.png
2026-03-04 19:45:30 | INFO | __main__ | Shard 15/30 trait=body_mass progress 42/75 | target=5 n_cal_samples=80 perm=20 repeat=5
2026-03-04 19:45:30 | INFO | src.tmc_shapley_islands | [Shapley] Target island: 5 (Hestmannøy), source islands: 15
2026-03-04 19:45:31 | INFO | src.tmc_shapley_islands | Data: source=4619 (across 15 islands), cal=80, test=928
2026-03-04 19:45:31 | INFO | src.tmc_shapley_islands | SNP selection: using fixed precomputed subset (n=20000)
2026-03-04 19:45:31 | INFO | src.tmc_shapley_islands | Island counts (capped to None in training):
  Nesøy: n=119
  Myken: n=92
  Træna: n=292
  Selvær: n=194
  Gjerøy: n=558
  Indre Kvarøy: n=356
  Onøy og Lurøy: n=259
  Lovund: n=158
  Sleneset: n=166
  Aldra: n=173
  Southern 1: n=583
  Southern 2: n=397
  Southern 3: n=584
  Southern 4: n=486
  Southern 5: n=202
2026-03-04 19:45:31 | INFO | src.tmc_shapley_islands | Loaded 135 cached utilities from outputs/tmc_shapley_sweep_all_traits/cache/body_mass/utility_cache_target_5_seed_1504761063.json
2026-03-04 19:45:31 | INFO | src.tmc_shapley_islands | Running TMC-Shapley with 20 permutations (utility on cal set)...
2026-03-04 19:45:31 | INFO | src.tmc_shapley_islands | Computing V_full over all 15 source islands...
2026-03-04 19:45:31 | INFO | src.tmc_shapley_islands | V_full = 0.0871
2026-03-04 19:45:31 | INFO | src.tmc_shapley_islands | TMC head-start: loaded 10 completed permutations from state outputs/tmc_shapley_sweep_all_traits/cache/body_mass/tmc_perm_state_target_5_seed_1504761063.json
2026-03-04 19:45:57 | INFO | src.tmc_shapley_islands | TMC progress: 12/20 permutations done, cache hit rate: 16.1%, n_evals: 26
2026-03-04 19:46:48 | INFO | src.tmc_shapley_islands | TMC progress: 16/20 permutations done, cache hit rate: 14.3%, n_evals: 78
2026-03-04 19:47:33 | INFO | src.tmc_shapley_islands | TMC progress: 20/20 permutations done, cache hit rate: 17.9%, n_evals: 124
2026-03-04 19:47:33 | INFO | src.tmc_shapley_islands | TMC complete: 20 permutations, 0 truncated, 124 utility evals, cache hit rate: 17.9%
2026-03-04 19:47:33 | INFO | src.tmc_shapley_islands | Shapley values (phi, computed on cal set):
2026-03-04 19:47:33 | INFO | src.tmc_shapley_islands |   Nesøy: phi=0.054043, phi/n=0.00045414
2026-03-04 19:47:33 | INFO | src.tmc_shapley_islands |   Myken: phi=0.005348, phi/n=0.00005813
2026-03-04 19:47:33 | INFO | src.tmc_shapley_islands |   Træna: phi=0.020772, phi/n=0.00007114
2026-03-04 19:47:33 | INFO | src.tmc_shapley_islands |   Selvær: phi=-0.067544, phi/n=-0.00034817
2026-03-04 19:47:33 | INFO | src.tmc_shapley_islands |   Gjerøy: phi=0.031658, phi/n=0.00005673
2026-03-04 19:47:33 | INFO | src.tmc_shapley_islands |   Indre Kvarøy: phi=0.075295, phi/n=0.00021150
2026-03-04 19:47:33 | INFO | src.tmc_shapley_islands |   Onøy og Lurøy: phi=0.007623, phi/n=0.00002943
2026-03-04 19:47:33 | INFO | src.tmc_shapley_islands |   Lovund: phi=0.002183, phi/n=0.00001382
2026-03-04 19:47:33 | INFO | src.tmc_shapley_islands |   Sleneset: phi=0.000020, phi/n=0.00000012
2026-03-04 19:47:33 | INFO | src.tmc_shapley_islands |   Aldra: phi=0.002430, phi/n=0.00001405
2026-03-04 19:47:33 | INFO | src.tmc_shapley_islands |   Southern 1: phi=-0.005053, phi/n=-0.00000867
2026-03-04 19:47:33 | INFO | src.tmc_shapley_islands |   Southern 2: phi=-0.069696, phi/n=-0.00017556
2026-03-04 19:47:33 | INFO | src.tmc_shapley_islands |   Southern 3: phi=0.003749, phi/n=0.00000642
2026-03-04 19:47:33 | INFO | src.tmc_shapley_islands |   Southern 4: phi=0.041254, phi/n=0.00008489
2026-03-04 19:47:33 | INFO | src.tmc_shapley_islands |   Southern 5: phi=-0.014966, phi/n=-0.00007409
2026-03-04 19:47:33 | INFO | src.tmc_shapley_islands | Curve retraining early stopping: enabled=True, patience=20
2026-03-04 19:47:33 | INFO | src.tmc_shapley_islands | Computing add-islands curve (evaluated on test set)...
2026-03-04 19:47:33 | INFO | src.tmc_shapley_islands | Add-curve (mean): 1 islands, n=119 -> corr=-0.0135
2026-03-04 19:47:33 | INFO | src.tmc_shapley_islands | Add-curve (mean): 2 islands, n=475 -> corr=0.0991
2026-03-04 19:47:34 | INFO | src.tmc_shapley_islands | Add-curve (mean): 3 islands, n=961 -> corr=0.1003
2026-03-04 19:47:35 | INFO | src.tmc_shapley_islands | Add-curve (mean): 4 islands, n=1253 -> corr=0.1091
2026-03-04 19:47:35 | INFO | src.tmc_shapley_islands | Add-curve (mean): 5 islands, n=1345 -> corr=0.1134
2026-03-04 19:47:36 | INFO | src.tmc_shapley_islands | Add-curve (mean): 6 islands, n=1903 -> corr=0.1298
2026-03-04 19:47:37 | INFO | src.tmc_shapley_islands | Add-curve (mean): 7 islands, n=2162 -> corr=0.1220
2026-03-04 19:47:38 | INFO | src.tmc_shapley_islands | Add-curve (mean): 8 islands, n=2335 -> corr=0.1329
2026-03-04 19:47:40 | INFO | src.tmc_shapley_islands | Add-curve (mean): 9 islands, n=2493 -> corr=0.1397
2026-03-04 19:47:41 | INFO | src.tmc_shapley_islands | Add-curve (mean): 10 islands, n=3077 -> corr=0.1367
2026-03-04 19:47:42 | INFO | src.tmc_shapley_islands | Add-curve (mean): 11 islands, n=3243 -> corr=0.1357
2026-03-04 19:47:44 | INFO | src.tmc_shapley_islands | Add-curve (mean): 12 islands, n=3826 -> corr=0.1384
2026-03-04 19:47:46 | INFO | src.tmc_shapley_islands | Add-curve (mean): 13 islands, n=4028 -> corr=0.1351
2026-03-04 19:47:48 | INFO | src.tmc_shapley_islands | Add-curve (mean): 14 islands, n=4425 -> corr=0.1416
2026-03-04 19:47:51 | INFO | src.tmc_shapley_islands | Add-curve (mean): 15 islands, n=4619 -> corr=0.1404
2026-03-04 19:48:03 | INFO | src.tmc_shapley_islands | Random individual add-curve (seed=0) complete
2026-03-04 19:48:15 | INFO | src.tmc_shapley_islands | Random individual add-curve (seed=1) complete
2026-03-04 19:48:26 | INFO | src.tmc_shapley_islands | Random individual add-curve (seed=2) complete
2026-03-04 19:48:38 | INFO | src.tmc_shapley_islands | Random individual add-curve (seed=3) complete
2026-03-04 19:48:50 | INFO | src.tmc_shapley_islands | Random individual add-curve (seed=4) complete
2026-03-04 19:48:50 | INFO | src.tmc_shapley_islands | Building mirrored remove-islands curve from add-islands curve...
2026-03-04 19:48:50 | INFO | src.tmc_shapley_islands | Saved Shapley values to outputs/tmc_shapley_sweep_all_traits/shards/shard_015/body_mass/tmp/shapley_island_values_target_5.csv
2026-03-04 19:48:50 | INFO | src.tmc_shapley_islands | Saved summary to outputs/tmc_shapley_sweep_all_traits/shards/shard_015/body_mass/tmp/tmc_summary_target_5.json
2026-03-04 19:48:50 | INFO | src.tmc_shapley_islands | Saved intermediate ranking trace to outputs/tmc_shapley_sweep_all_traits/shards/shard_015/body_mass/tmp/tmc_intermediate_rankings_target_5.csv
2026-03-04 19:48:50 | INFO | src.tmc_shapley_islands | Saved add-curve to outputs/tmc_shapley_sweep_all_traits/shards/shard_015/body_mass/tmp/add_curve_target_5.csv
2026-03-04 19:48:50 | INFO | src.tmc_shapley_islands | Saved remove-curve to outputs/tmc_shapley_sweep_all_traits/shards/shard_015/body_mass/tmp/remove_curve_target_5.csv
2026-03-04 19:48:51 | INFO | src.tmc_shapley_islands | Saved bar plot to outputs/tmc_shapley_sweep_all_traits/shards/shard_015/body_mass/tmp/shapley_bar_target_5.png
2026-03-04 19:48:52 | INFO | src.tmc_shapley_islands | Saved add-curve plot to outputs/tmc_shapley_sweep_all_traits/shards/shard_015/body_mass/tmp/add_curve_target_5.png
2026-03-04 19:48:52 | INFO | src.tmc_shapley_islands | Saved remove-curve plot to outputs/tmc_shapley_sweep_all_traits/shards/shard_015/body_mass/tmp/remove_curve_target_5.png
2026-03-04 19:48:52 | INFO | __main__ | Shard 15/30 trait=body_mass progress 43/75 | target=5 n_cal_samples=80 perm=40 repeat=5
2026-03-04 19:48:52 | INFO | src.tmc_shapley_islands | [Shapley] Target island: 5 (Hestmannøy), source islands: 15
2026-03-04 19:48:53 | INFO | src.tmc_shapley_islands | Data: source=4619 (across 15 islands), cal=80, test=928
2026-03-04 19:48:53 | INFO | src.tmc_shapley_islands | SNP selection: using fixed precomputed subset (n=20000)
2026-03-04 19:48:53 | INFO | src.tmc_shapley_islands | Island counts (capped to None in training):
  Nesøy: n=119
  Myken: n=92
  Træna: n=292
  Selvær: n=194
  Gjerøy: n=558
  Indre Kvarøy: n=356
  Onøy og Lurøy: n=259
  Lovund: n=158
  Sleneset: n=166
  Aldra: n=173
  Southern 1: n=583
  Southern 2: n=397
  Southern 3: n=584
  Southern 4: n=486
  Southern 5: n=202
2026-03-04 19:48:53 | INFO | src.tmc_shapley_islands | Loaded 259 cached utilities from outputs/tmc_shapley_sweep_all_traits/cache/body_mass/utility_cache_target_5_seed_1504761063.json
2026-03-04 19:48:53 | INFO | src.tmc_shapley_islands | Running TMC-Shapley with 40 permutations (utility on cal set)...
2026-03-04 19:48:53 | INFO | src.tmc_shapley_islands | Computing V_full over all 15 source islands...
2026-03-04 19:48:53 | INFO | src.tmc_shapley_islands | V_full = 0.0871
2026-03-04 19:48:53 | INFO | src.tmc_shapley_islands | TMC head-start: loaded 20 completed permutations from state outputs/tmc_shapley_sweep_all_traits/cache/body_mass/tmc_perm_state_target_5_seed_1504761063.json
2026-03-04 19:49:44 | INFO | src.tmc_shapley_islands | TMC progress: 24/40 permutations done, cache hit rate: 21.3%, n_evals: 48
2026-03-04 19:51:11 | INFO | src.tmc_shapley_islands | TMC progress: 32/40 permutations done, cache hit rate: 24.3%, n_evals: 137
2026-03-04 19:52:40 | INFO | src.tmc_shapley_islands | TMC progress: 40/40 permutations done, cache hit rate: 24.3%, n_evals: 228
2026-03-04 19:52:40 | INFO | src.tmc_shapley_islands | TMC complete: 40 permutations, 0 truncated, 228 utility evals, cache hit rate: 24.3%
2026-03-04 19:52:40 | INFO | src.tmc_shapley_islands | Shapley values (phi, computed on cal set):
2026-03-04 19:52:40 | INFO | src.tmc_shapley_islands |   Nesøy: phi=0.055392, phi/n=0.00046548
2026-03-04 19:52:40 | INFO | src.tmc_shapley_islands |   Myken: phi=0.009620, phi/n=0.00010456
2026-03-04 19:52:40 | INFO | src.tmc_shapley_islands |   Træna: phi=0.011705, phi/n=0.00004009
2026-03-04 19:52:40 | INFO | src.tmc_shapley_islands |   Selvær: phi=-0.065886, phi/n=-0.00033962
2026-03-04 19:52:40 | INFO | src.tmc_shapley_islands |   Gjerøy: phi=0.029919, phi/n=0.00005362
2026-03-04 19:52:40 | INFO | src.tmc_shapley_islands |   Indre Kvarøy: phi=0.075598, phi/n=0.00021235
2026-03-04 19:52:40 | INFO | src.tmc_shapley_islands |   Onøy og Lurøy: phi=0.009281, phi/n=0.00003583
2026-03-04 19:52:40 | INFO | src.tmc_shapley_islands |   Lovund: phi=0.004037, phi/n=0.00002555
2026-03-04 19:52:40 | INFO | src.tmc_shapley_islands |   Sleneset: phi=0.003256, phi/n=0.00001962
2026-03-04 19:52:40 | INFO | src.tmc_shapley_islands |   Aldra: phi=-0.000072, phi/n=-0.00000041
2026-03-04 19:52:40 | INFO | src.tmc_shapley_islands |   Southern 1: phi=-0.006667, phi/n=-0.00001143
2026-03-04 19:52:40 | INFO | src.tmc_shapley_islands |   Southern 2: phi=-0.070995, phi/n=-0.00017883
2026-03-04 19:52:40 | INFO | src.tmc_shapley_islands |   Southern 3: phi=0.004647, phi/n=0.00000796
2026-03-04 19:52:40 | INFO | src.tmc_shapley_islands |   Southern 4: phi=0.041345, phi/n=0.00008507
2026-03-04 19:52:40 | INFO | src.tmc_shapley_islands |   Southern 5: phi=-0.014065, phi/n=-0.00006963
2026-03-04 19:52:40 | INFO | src.tmc_shapley_islands | Curve retraining early stopping: enabled=True, patience=20
2026-03-04 19:52:40 | INFO | src.tmc_shapley_islands | Computing add-islands curve (evaluated on test set)...
2026-03-04 19:52:40 | INFO | src.tmc_shapley_islands | Add-curve (mean): 1 islands, n=119 -> corr=-0.0135
2026-03-04 19:52:40 | INFO | src.tmc_shapley_islands | Add-curve (mean): 2 islands, n=475 -> corr=0.0991
2026-03-04 19:52:41 | INFO | src.tmc_shapley_islands | Add-curve (mean): 3 islands, n=567 -> corr=0.1115
2026-03-04 19:52:41 | INFO | src.tmc_shapley_islands | Add-curve (mean): 4 islands, n=1053 -> corr=0.1103
2026-03-04 19:52:42 | INFO | src.tmc_shapley_islands | Add-curve (mean): 5 islands, n=1611 -> corr=0.1281
2026-03-04 19:52:43 | INFO | src.tmc_shapley_islands | Add-curve (mean): 6 islands, n=1903 -> corr=0.1298
2026-03-04 19:52:44 | INFO | src.tmc_shapley_islands | Add-curve (mean): 7 islands, n=2162 -> corr=0.1220
2026-03-04 19:52:45 | INFO | src.tmc_shapley_islands | Add-curve (mean): 8 islands, n=2320 -> corr=0.1287
2026-03-04 19:52:46 | INFO | src.tmc_shapley_islands | Add-curve (mean): 9 islands, n=2486 -> corr=0.1281
2026-03-04 19:52:47 | INFO | src.tmc_shapley_islands | Add-curve (mean): 10 islands, n=3070 -> corr=0.1256
2026-03-04 19:52:49 | INFO | src.tmc_shapley_islands | Add-curve (mean): 11 islands, n=3243 -> corr=0.1357
2026-03-04 19:52:50 | INFO | src.tmc_shapley_islands | Add-curve (mean): 12 islands, n=3826 -> corr=0.1384
2026-03-04 19:52:52 | INFO | src.tmc_shapley_islands | Add-curve (mean): 13 islands, n=4028 -> corr=0.1351
2026-03-04 19:52:54 | INFO | src.tmc_shapley_islands | Add-curve (mean): 14 islands, n=4425 -> corr=0.1416
2026-03-04 19:52:57 | INFO | src.tmc_shapley_islands | Add-curve (mean): 15 islands, n=4619 -> corr=0.1404
2026-03-04 19:53:08 | INFO | src.tmc_shapley_islands | Random individual add-curve (seed=0) complete
2026-03-04 19:53:20 | INFO | src.tmc_shapley_islands | Random individual add-curve (seed=1) complete
2026-03-04 19:53:32 | INFO | src.tmc_shapley_islands | Random individual add-curve (seed=2) complete
2026-03-04 19:53:44 | INFO | src.tmc_shapley_islands | Random individual add-curve (seed=3) complete
2026-03-04 19:53:55 | INFO | src.tmc_shapley_islands | Random individual add-curve (seed=4) complete
2026-03-04 19:53:55 | INFO | src.tmc_shapley_islands | Building mirrored remove-islands curve from add-islands curve...
2026-03-04 19:53:55 | INFO | src.tmc_shapley_islands | Saved Shapley values to outputs/tmc_shapley_sweep_all_traits/shards/shard_015/body_mass/tmp/shapley_island_values_target_5.csv
2026-03-04 19:53:55 | INFO | src.tmc_shapley_islands | Saved summary to outputs/tmc_shapley_sweep_all_traits/shards/shard_015/body_mass/tmp/tmc_summary_target_5.json
2026-03-04 19:53:55 | INFO | src.tmc_shapley_islands | Saved intermediate ranking trace to outputs/tmc_shapley_sweep_all_traits/shards/shard_015/body_mass/tmp/tmc_intermediate_rankings_target_5.csv
2026-03-04 19:53:55 | INFO | src.tmc_shapley_islands | Saved add-curve to outputs/tmc_shapley_sweep_all_traits/shards/shard_015/body_mass/tmp/add_curve_target_5.csv
2026-03-04 19:53:55 | INFO | src.tmc_shapley_islands | Saved remove-curve to outputs/tmc_shapley_sweep_all_traits/shards/shard_015/body_mass/tmp/remove_curve_target_5.csv
2026-03-04 19:53:56 | INFO | src.tmc_shapley_islands | Saved bar plot to outputs/tmc_shapley_sweep_all_traits/shards/shard_015/body_mass/tmp/shapley_bar_target_5.png
2026-03-04 19:53:57 | INFO | src.tmc_shapley_islands | Saved add-curve plot to outputs/tmc_shapley_sweep_all_traits/shards/shard_015/body_mass/tmp/add_curve_target_5.png
2026-03-04 19:53:57 | INFO | src.tmc_shapley_islands | Saved remove-curve plot to outputs/tmc_shapley_sweep_all_traits/shards/shard_015/body_mass/tmp/remove_curve_target_5.png
2026-03-04 19:53:57 | INFO | __main__ | Shard 15/30 trait=body_mass progress 44/75 | target=5 n_cal_samples=80 perm=80 repeat=5
2026-03-04 19:53:57 | INFO | src.tmc_shapley_islands | [Shapley] Target island: 5 (Hestmannøy), source islands: 15
2026-03-04 19:53:58 | INFO | src.tmc_shapley_islands | Data: source=4619 (across 15 islands), cal=80, test=928
2026-03-04 19:53:58 | INFO | src.tmc_shapley_islands | SNP selection: using fixed precomputed subset (n=20000)
2026-03-04 19:53:58 | INFO | src.tmc_shapley_islands | Island counts (capped to None in training):
  Nesøy: n=119
  Myken: n=92
  Træna: n=292
  Selvær: n=194
  Gjerøy: n=558
  Indre Kvarøy: n=356
  Onøy og Lurøy: n=259
  Lovund: n=158
  Sleneset: n=166
  Aldra: n=173
  Southern 1: n=583
  Southern 2: n=397
  Southern 3: n=584
  Southern 4: n=486
  Southern 5: n=202
2026-03-04 19:53:58 | INFO | src.tmc_shapley_islands | Loaded 487 cached utilities from outputs/tmc_shapley_sweep_all_traits/cache/body_mass/utility_cache_target_5_seed_1504761063.json
2026-03-04 19:53:58 | INFO | src.tmc_shapley_islands | Running TMC-Shapley with 80 permutations (utility on cal set)...
2026-03-04 19:53:58 | INFO | src.tmc_shapley_islands | Computing V_full over all 15 source islands...
2026-03-04 19:53:58 | INFO | src.tmc_shapley_islands | V_full = 0.0871
2026-03-04 19:53:58 | INFO | src.tmc_shapley_islands | TMC head-start: loaded 40 completed permutations from state outputs/tmc_shapley_sweep_all_traits/cache/body_mass/tmc_perm_state_target_5_seed_1504761063.json
2026-03-04 19:55:26 | INFO | src.tmc_shapley_islands | TMC progress: 48/80 permutations done, cache hit rate: 24.8%, n_evals: 91
2026-03-04 19:58:13 | INFO | src.tmc_shapley_islands | TMC progress: 64/80 permutations done, cache hit rate: 27.1%, n_evals: 263
2026-03-04 20:00:58 | INFO | src.tmc_shapley_islands | TMC progress: 80/80 permutations done, cache hit rate: 28.6%, n_evals: 429
2026-03-04 20:00:58 | INFO | src.tmc_shapley_islands | TMC complete: 80 permutations, 0 truncated, 429 utility evals, cache hit rate: 28.6%
2026-03-04 20:00:58 | INFO | src.tmc_shapley_islands | Shapley values (phi, computed on cal set):
2026-03-04 20:00:58 | INFO | src.tmc_shapley_islands |   Nesøy: phi=0.060643, phi/n=0.00050961
2026-03-04 20:00:58 | INFO | src.tmc_shapley_islands |   Myken: phi=0.008532, phi/n=0.00009274
2026-03-04 20:00:58 | INFO | src.tmc_shapley_islands |   Træna: phi=0.009089, phi/n=0.00003113
2026-03-04 20:00:58 | INFO | src.tmc_shapley_islands |   Selvær: phi=-0.065977, phi/n=-0.00034009
2026-03-04 20:00:58 | INFO | src.tmc_shapley_islands |   Gjerøy: phi=0.029286, phi/n=0.00005248
2026-03-04 20:00:58 | INFO | src.tmc_shapley_islands |   Indre Kvarøy: phi=0.073266, phi/n=0.00020580
2026-03-04 20:00:58 | INFO | src.tmc_shapley_islands |   Onøy og Lurøy: phi=0.009604, phi/n=0.00003708
2026-03-04 20:00:58 | INFO | src.tmc_shapley_islands |   Lovund: phi=0.005972, phi/n=0.00003780
2026-03-04 20:00:58 | INFO | src.tmc_shapley_islands |   Sleneset: phi=0.003584, phi/n=0.00002159
2026-03-04 20:00:58 | INFO | src.tmc_shapley_islands |   Aldra: phi=-0.000747, phi/n=-0.00000432
2026-03-04 20:00:58 | INFO | src.tmc_shapley_islands |   Southern 1: phi=-0.005919, phi/n=-0.00001015
2026-03-04 20:00:58 | INFO | src.tmc_shapley_islands |   Southern 2: phi=-0.069228, phi/n=-0.00017438
2026-03-04 20:00:58 | INFO | src.tmc_shapley_islands |   Southern 3: phi=0.005017, phi/n=0.00000859
2026-03-04 20:00:58 | INFO | src.tmc_shapley_islands |   Southern 4: phi=0.038868, phi/n=0.00007998
2026-03-04 20:00:58 | INFO | src.tmc_shapley_islands |   Southern 5: phi=-0.014873, phi/n=-0.00007363
2026-03-04 20:00:58 | INFO | src.tmc_shapley_islands | Curve retraining early stopping: enabled=True, patience=20
2026-03-04 20:00:58 | INFO | src.tmc_shapley_islands | Computing add-islands curve (evaluated on test set)...
2026-03-04 20:00:58 | INFO | src.tmc_shapley_islands | Add-curve (mean): 1 islands, n=119 -> corr=-0.0135
2026-03-04 20:00:58 | INFO | src.tmc_shapley_islands | Add-curve (mean): 2 islands, n=475 -> corr=0.0991
2026-03-04 20:00:59 | INFO | src.tmc_shapley_islands | Add-curve (mean): 3 islands, n=567 -> corr=0.1115
2026-03-04 20:00:59 | INFO | src.tmc_shapley_islands | Add-curve (mean): 4 islands, n=1053 -> corr=0.1103
2026-03-04 20:01:00 | INFO | src.tmc_shapley_islands | Add-curve (mean): 5 islands, n=1611 -> corr=0.1281
2026-03-04 20:01:01 | INFO | src.tmc_shapley_islands | Add-curve (mean): 6 islands, n=1769 -> corr=0.1366
2026-03-04 20:01:02 | INFO | src.tmc_shapley_islands | Add-curve (mean): 7 islands, n=2028 -> corr=0.1289
2026-03-04 20:01:03 | INFO | src.tmc_shapley_islands | Add-curve (mean): 8 islands, n=2320 -> corr=0.1287
2026-03-04 20:01:04 | INFO | src.tmc_shapley_islands | Add-curve (mean): 9 islands, n=2486 -> corr=0.1281
2026-03-04 20:01:05 | INFO | src.tmc_shapley_islands | Add-curve (mean): 10 islands, n=3070 -> corr=0.1256
2026-03-04 20:01:07 | INFO | src.tmc_shapley_islands | Add-curve (mean): 11 islands, n=3243 -> corr=0.1357
2026-03-04 20:01:08 | INFO | src.tmc_shapley_islands | Add-curve (mean): 12 islands, n=3826 -> corr=0.1384
2026-03-04 20:01:10 | INFO | src.tmc_shapley_islands | Add-curve (mean): 13 islands, n=4028 -> corr=0.1351
2026-03-04 20:01:12 | INFO | src.tmc_shapley_islands | Add-curve (mean): 14 islands, n=4425 -> corr=0.1416
2026-03-04 20:01:15 | INFO | src.tmc_shapley_islands | Add-curve (mean): 15 islands, n=4619 -> corr=0.1404
2026-03-04 20:01:26 | INFO | src.tmc_shapley_islands | Random individual add-curve (seed=0) complete
2026-03-04 20:01:39 | INFO | src.tmc_shapley_islands | Random individual add-curve (seed=1) complete
2026-03-04 20:01:50 | INFO | src.tmc_shapley_islands | Random individual add-curve (seed=2) complete
2026-03-04 20:02:02 | INFO | src.tmc_shapley_islands | Random individual add-curve (seed=3) complete
2026-03-04 20:02:13 | INFO | src.tmc_shapley_islands | Random individual add-curve (seed=4) complete
2026-03-04 20:02:13 | INFO | src.tmc_shapley_islands | Building mirrored remove-islands curve from add-islands curve...
2026-03-04 20:02:13 | INFO | src.tmc_shapley_islands | Saved Shapley values to outputs/tmc_shapley_sweep_all_traits/shards/shard_015/body_mass/tmp/shapley_island_values_target_5.csv
2026-03-04 20:02:13 | INFO | src.tmc_shapley_islands | Saved summary to outputs/tmc_shapley_sweep_all_traits/shards/shard_015/body_mass/tmp/tmc_summary_target_5.json
2026-03-04 20:02:14 | INFO | src.tmc_shapley_islands | Saved intermediate ranking trace to outputs/tmc_shapley_sweep_all_traits/shards/shard_015/body_mass/tmp/tmc_intermediate_rankings_target_5.csv
2026-03-04 20:02:14 | INFO | src.tmc_shapley_islands | Saved add-curve to outputs/tmc_shapley_sweep_all_traits/shards/shard_015/body_mass/tmp/add_curve_target_5.csv
2026-03-04 20:02:14 | INFO | src.tmc_shapley_islands | Saved remove-curve to outputs/tmc_shapley_sweep_all_traits/shards/shard_015/body_mass/tmp/remove_curve_target_5.csv
2026-03-04 20:02:14 | INFO | src.tmc_shapley_islands | Saved bar plot to outputs/tmc_shapley_sweep_all_traits/shards/shard_015/body_mass/tmp/shapley_bar_target_5.png
2026-03-04 20:02:15 | INFO | src.tmc_shapley_islands | Saved add-curve plot to outputs/tmc_shapley_sweep_all_traits/shards/shard_015/body_mass/tmp/add_curve_target_5.png
2026-03-04 20:02:16 | INFO | src.tmc_shapley_islands | Saved remove-curve plot to outputs/tmc_shapley_sweep_all_traits/shards/shard_015/body_mass/tmp/remove_curve_target_5.png
2026-03-04 20:02:16 | INFO | __main__ | Shard 15/30 trait=body_mass progress 45/75 | target=5 n_cal_samples=80 perm=150 repeat=5
2026-03-04 20:02:16 | INFO | src.tmc_shapley_islands | [Shapley] Target island: 5 (Hestmannøy), source islands: 15
2026-03-04 20:02:16 | INFO | src.tmc_shapley_islands | Data: source=4619 (across 15 islands), cal=80, test=928
2026-03-04 20:02:16 | INFO | src.tmc_shapley_islands | SNP selection: using fixed precomputed subset (n=20000)
2026-03-04 20:02:16 | INFO | src.tmc_shapley_islands | Island counts (capped to None in training):
  Nesøy: n=119
  Myken: n=92
  Træna: n=292
  Selvær: n=194
  Gjerøy: n=558
  Indre Kvarøy: n=356
  Onøy og Lurøy: n=259
  Lovund: n=158
  Sleneset: n=166
  Aldra: n=173
  Southern 1: n=583
  Southern 2: n=397
  Southern 3: n=584
  Southern 4: n=486
  Southern 5: n=202
2026-03-04 20:02:16 | INFO | src.tmc_shapley_islands | Loaded 916 cached utilities from outputs/tmc_shapley_sweep_all_traits/cache/body_mass/utility_cache_target_5_seed_1504761063.json
2026-03-04 20:02:16 | INFO | src.tmc_shapley_islands | Running TMC-Shapley with 150 permutations (utility on cal set)...
2026-03-04 20:02:16 | INFO | src.tmc_shapley_islands | Computing V_full over all 15 source islands...
2026-03-04 20:02:16 | INFO | src.tmc_shapley_islands | V_full = 0.0871
2026-03-04 20:02:16 | INFO | src.tmc_shapley_islands | TMC head-start: loaded 80 completed permutations from state outputs/tmc_shapley_sweep_all_traits/cache/body_mass/tmc_perm_state_target_5_seed_1504761063.json
2026-03-04 20:04:01 | INFO | src.tmc_shapley_islands | TMC progress: 90/150 permutations done, cache hit rate: 30.5%, n_evals: 105
2026-03-04 20:08:55 | INFO | src.tmc_shapley_islands | TMC progress: 120/150 permutations done, cache hit rate: 33.4%, n_evals: 400
2026-03-04 20:14:03 | INFO | src.tmc_shapley_islands | TMC progress: 150/150 permutations done, cache hit rate: 33.9%, n_evals: 695
2026-03-04 20:14:03 | INFO | src.tmc_shapley_islands | TMC complete: 150 permutations, 0 truncated, 695 utility evals, cache hit rate: 33.9%
2026-03-04 20:14:03 | INFO | src.tmc_shapley_islands | Shapley values (phi, computed on cal set):
2026-03-04 20:14:03 | INFO | src.tmc_shapley_islands |   Nesøy: phi=0.057248, phi/n=0.00048108
2026-03-04 20:14:03 | INFO | src.tmc_shapley_islands |   Myken: phi=0.006800, phi/n=0.00007392
2026-03-04 20:14:03 | INFO | src.tmc_shapley_islands |   Træna: phi=0.009184, phi/n=0.00003145
2026-03-04 20:14:03 | INFO | src.tmc_shapley_islands |   Selvær: phi=-0.065932, phi/n=-0.00033985
2026-03-04 20:14:03 | INFO | src.tmc_shapley_islands |   Gjerøy: phi=0.030708, phi/n=0.00005503
2026-03-04 20:14:03 | INFO | src.tmc_shapley_islands |   Indre Kvarøy: phi=0.076191, phi/n=0.00021402
2026-03-04 20:14:03 | INFO | src.tmc_shapley_islands |   Onøy og Lurøy: phi=0.009090, phi/n=0.00003510
2026-03-04 20:14:03 | INFO | src.tmc_shapley_islands |   Lovund: phi=0.005021, phi/n=0.00003178
2026-03-04 20:14:03 | INFO | src.tmc_shapley_islands |   Sleneset: phi=0.003811, phi/n=0.00002296
2026-03-04 20:14:03 | INFO | src.tmc_shapley_islands |   Aldra: phi=-0.001064, phi/n=-0.00000615
2026-03-04 20:14:03 | INFO | src.tmc_shapley_islands |   Southern 1: phi=-0.006233, phi/n=-0.00001069
2026-03-04 20:14:03 | INFO | src.tmc_shapley_islands |   Southern 2: phi=-0.065494, phi/n=-0.00016497
2026-03-04 20:14:03 | INFO | src.tmc_shapley_islands |   Southern 3: phi=0.005240, phi/n=0.00000897
2026-03-04 20:14:03 | INFO | src.tmc_shapley_islands |   Southern 4: phi=0.038525, phi/n=0.00007927
2026-03-04 20:14:03 | INFO | src.tmc_shapley_islands |   Southern 5: phi=-0.015979, phi/n=-0.00007911
2026-03-04 20:14:03 | INFO | src.tmc_shapley_islands | Curve retraining early stopping: enabled=True, patience=20
2026-03-04 20:14:03 | INFO | src.tmc_shapley_islands | Computing add-islands curve (evaluated on test set)...
2026-03-04 20:14:03 | INFO | src.tmc_shapley_islands | Add-curve (mean): 1 islands, n=119 -> corr=-0.0135
2026-03-04 20:14:03 | INFO | src.tmc_shapley_islands | Add-curve (mean): 2 islands, n=475 -> corr=0.0991
2026-03-04 20:14:04 | INFO | src.tmc_shapley_islands | Add-curve (mean): 3 islands, n=961 -> corr=0.1003
2026-03-04 20:14:04 | INFO | src.tmc_shapley_islands | Add-curve (mean): 4 islands, n=1053 -> corr=0.1103
2026-03-04 20:14:05 | INFO | src.tmc_shapley_islands | Add-curve (mean): 5 islands, n=1611 -> corr=0.1281
2026-03-04 20:14:06 | INFO | src.tmc_shapley_islands | Add-curve (mean): 6 islands, n=1870 -> corr=0.1210
2026-03-04 20:14:07 | INFO | src.tmc_shapley_islands | Add-curve (mean): 7 islands, n=2028 -> corr=0.1289
2026-03-04 20:14:08 | INFO | src.tmc_shapley_islands | Add-curve (mean): 8 islands, n=2320 -> corr=0.1287
2026-03-04 20:14:09 | INFO | src.tmc_shapley_islands | Add-curve (mean): 9 islands, n=2486 -> corr=0.1281
2026-03-04 20:14:11 | INFO | src.tmc_shapley_islands | Add-curve (mean): 10 islands, n=3070 -> corr=0.1256
2026-03-04 20:14:12 | INFO | src.tmc_shapley_islands | Add-curve (mean): 11 islands, n=3243 -> corr=0.1357
2026-03-04 20:14:14 | INFO | src.tmc_shapley_islands | Add-curve (mean): 12 islands, n=3826 -> corr=0.1384
2026-03-04 20:14:16 | INFO | src.tmc_shapley_islands | Add-curve (mean): 13 islands, n=4028 -> corr=0.1351
2026-03-04 20:14:18 | INFO | src.tmc_shapley_islands | Add-curve (mean): 14 islands, n=4425 -> corr=0.1416
2026-03-04 20:14:20 | INFO | src.tmc_shapley_islands | Add-curve (mean): 15 islands, n=4619 -> corr=0.1404
2026-03-04 20:14:32 | INFO | src.tmc_shapley_islands | Random individual add-curve (seed=0) complete
2026-03-04 20:14:44 | INFO | src.tmc_shapley_islands | Random individual add-curve (seed=1) complete
2026-03-04 20:14:56 | INFO | src.tmc_shapley_islands | Random individual add-curve (seed=2) complete
2026-03-04 20:15:08 | INFO | src.tmc_shapley_islands | Random individual add-curve (seed=3) complete
2026-03-04 20:15:20 | INFO | src.tmc_shapley_islands | Random individual add-curve (seed=4) complete
2026-03-04 20:15:20 | INFO | src.tmc_shapley_islands | Building mirrored remove-islands curve from add-islands curve...
2026-03-04 20:15:20 | INFO | src.tmc_shapley_islands | Saved Shapley values to outputs/tmc_shapley_sweep_all_traits/shards/shard_015/body_mass/tmp/shapley_island_values_target_5.csv
2026-03-04 20:15:20 | INFO | src.tmc_shapley_islands | Saved summary to outputs/tmc_shapley_sweep_all_traits/shards/shard_015/body_mass/tmp/tmc_summary_target_5.json
2026-03-04 20:15:20 | INFO | src.tmc_shapley_islands | Saved intermediate ranking trace to outputs/tmc_shapley_sweep_all_traits/shards/shard_015/body_mass/tmp/tmc_intermediate_rankings_target_5.csv
2026-03-04 20:15:20 | INFO | src.tmc_shapley_islands | Saved add-curve to outputs/tmc_shapley_sweep_all_traits/shards/shard_015/body_mass/tmp/add_curve_target_5.csv
2026-03-04 20:15:20 | INFO | src.tmc_shapley_islands | Saved remove-curve to outputs/tmc_shapley_sweep_all_traits/shards/shard_015/body_mass/tmp/remove_curve_target_5.csv
2026-03-04 20:15:21 | INFO | src.tmc_shapley_islands | Saved bar plot to outputs/tmc_shapley_sweep_all_traits/shards/shard_015/body_mass/tmp/shapley_bar_target_5.png
2026-03-04 20:15:21 | INFO | src.tmc_shapley_islands | Saved add-curve plot to outputs/tmc_shapley_sweep_all_traits/shards/shard_015/body_mass/tmp/add_curve_target_5.png
2026-03-04 20:15:22 | INFO | src.tmc_shapley_islands | Saved remove-curve plot to outputs/tmc_shapley_sweep_all_traits/shards/shard_015/body_mass/tmp/remove_curve_target_5.png
2026-03-04 20:15:22 | INFO | __main__ | Shard 15/30 trait=body_mass progress 46/75 | target=5 n_cal_samples=150 perm=10 repeat=5
2026-03-04 20:15:22 | INFO | src.tmc_shapley_islands | [Shapley] Target island: 5 (Hestmannøy), source islands: 15
2026-03-04 20:15:23 | INFO | src.tmc_shapley_islands | Data: source=4619 (across 15 islands), cal=150, test=928
2026-03-04 20:15:23 | INFO | src.tmc_shapley_islands | SNP selection: using fixed precomputed subset (n=20000)
2026-03-04 20:15:23 | INFO | src.tmc_shapley_islands | Island counts (capped to None in training):
  Nesøy: n=119
  Myken: n=92
  Træna: n=292
  Selvær: n=194
  Gjerøy: n=558
  Indre Kvarøy: n=356
  Onøy og Lurøy: n=259
  Lovund: n=158
  Sleneset: n=166
  Aldra: n=173
  Southern 1: n=583
  Southern 2: n=397
  Southern 3: n=584
  Southern 4: n=486
  Southern 5: n=202
2026-03-04 20:15:23 | INFO | src.tmc_shapley_islands | Running TMC-Shapley with 10 permutations (utility on cal set)...
2026-03-04 20:15:23 | INFO | src.tmc_shapley_islands | Computing V_full over all 15 source islands...
2026-03-04 20:15:25 | INFO | src.tmc_shapley_islands | V_full = 0.1935
2026-03-04 20:15:53 | INFO | src.tmc_shapley_islands | TMC progress: 2/10 permutations done, cache hit rate: 6.5%, n_evals: 29
2026-03-04 20:16:16 | INFO | src.tmc_shapley_islands | TMC progress: 4/10 permutations done, cache hit rate: 8.2%, n_evals: 56
2026-03-04 20:16:42 | INFO | src.tmc_shapley_islands | TMC progress: 6/10 permutations done, cache hit rate: 9.9%, n_evals: 82
2026-03-04 20:17:10 | INFO | src.tmc_shapley_islands | TMC progress: 8/10 permutations done, cache hit rate: 9.1%, n_evals: 110
2026-03-04 20:17:35 | INFO | src.tmc_shapley_islands | TMC progress: 10/10 permutations done, cache hit rate: 9.3%, n_evals: 137
2026-03-04 20:17:35 | INFO | src.tmc_shapley_islands | TMC complete: 10 permutations, 0 truncated, 137 utility evals, cache hit rate: 9.3%
2026-03-04 20:17:35 | INFO | src.tmc_shapley_islands | Shapley values (phi, computed on cal set):
2026-03-04 20:17:35 | INFO | src.tmc_shapley_islands |   Nesøy: phi=-0.042505, phi/n=-0.00035718
2026-03-04 20:17:35 | INFO | src.tmc_shapley_islands |   Myken: phi=0.028919, phi/n=0.00031434
2026-03-04 20:17:35 | INFO | src.tmc_shapley_islands |   Træna: phi=-0.004951, phi/n=-0.00001696
2026-03-04 20:17:35 | INFO | src.tmc_shapley_islands |   Selvær: phi=-0.013427, phi/n=-0.00006921
2026-03-04 20:17:35 | INFO | src.tmc_shapley_islands |   Gjerøy: phi=0.004309, phi/n=0.00000772
2026-03-04 20:17:35 | INFO | src.tmc_shapley_islands |   Indre Kvarøy: phi=0.061173, phi/n=0.00017184
2026-03-04 20:17:35 | INFO | src.tmc_shapley_islands |   Onøy og Lurøy: phi=0.026746, phi/n=0.00010327
2026-03-04 20:17:35 | INFO | src.tmc_shapley_islands |   Lovund: phi=-0.000556, phi/n=-0.00000352
2026-03-04 20:17:35 | INFO | src.tmc_shapley_islands |   Sleneset: phi=-0.014394, phi/n=-0.00008671
2026-03-04 20:17:35 | INFO | src.tmc_shapley_islands |   Aldra: phi=0.046649, phi/n=0.00026965
2026-03-04 20:17:35 | INFO | src.tmc_shapley_islands |   Southern 1: phi=-0.017762, phi/n=-0.00003047
2026-03-04 20:17:35 | INFO | src.tmc_shapley_islands |   Southern 2: phi=0.071947, phi/n=0.00018123
2026-03-04 20:17:35 | INFO | src.tmc_shapley_islands |   Southern 3: phi=0.026965, phi/n=0.00004617
2026-03-04 20:17:35 | INFO | src.tmc_shapley_islands |   Southern 4: phi=0.028695, phi/n=0.00005904
2026-03-04 20:17:35 | INFO | src.tmc_shapley_islands |   Southern 5: phi=-0.008275, phi/n=-0.00004097
2026-03-04 20:17:35 | INFO | src.tmc_shapley_islands | Curve retraining early stopping: enabled=True, patience=20
2026-03-04 20:17:35 | INFO | src.tmc_shapley_islands | Computing add-islands curve (evaluated on test set)...
2026-03-04 20:17:36 | INFO | src.tmc_shapley_islands | Add-curve (mean): 1 islands, n=92 -> corr=0.0861
2026-03-04 20:17:36 | INFO | src.tmc_shapley_islands | Add-curve (mean): 2 islands, n=265 -> corr=0.1020
2026-03-04 20:17:36 | INFO | src.tmc_shapley_islands | Add-curve (mean): 3 islands, n=662 -> corr=0.0575
2026-03-04 20:17:37 | INFO | src.tmc_shapley_islands | Add-curve (mean): 4 islands, n=1018 -> corr=0.1349
2026-03-04 20:17:37 | INFO | src.tmc_shapley_islands | Add-curve (mean): 5 islands, n=1277 -> corr=0.1108
2026-03-04 20:17:38 | INFO | src.tmc_shapley_islands | Add-curve (mean): 6 islands, n=1763 -> corr=0.1101
2026-03-04 20:17:39 | INFO | src.tmc_shapley_islands | Add-curve (mean): 7 islands, n=2347 -> corr=0.1002
2026-03-04 20:17:40 | INFO | src.tmc_shapley_islands | Add-curve (mean): 8 islands, n=2905 -> corr=0.1327
2026-03-04 20:17:42 | INFO | src.tmc_shapley_islands | Add-curve (mean): 9 islands, n=3063 -> corr=0.1399
2026-03-04 20:17:43 | INFO | src.tmc_shapley_islands | Add-curve (mean): 10 islands, n=3355 -> corr=0.1410
2026-03-04 20:17:46 | INFO | src.tmc_shapley_islands | Add-curve (mean): 11 islands, n=3938 -> corr=0.1446
2026-03-04 20:17:47 | INFO | src.tmc_shapley_islands | Add-curve (mean): 12 islands, n=4140 -> corr=0.1398
2026-03-04 20:17:49 | INFO | src.tmc_shapley_islands | Add-curve (mean): 13 islands, n=4334 -> corr=0.1346
2026-03-04 20:17:52 | INFO | src.tmc_shapley_islands | Add-curve (mean): 14 islands, n=4500 -> corr=0.1355
2026-03-04 20:17:54 | INFO | src.tmc_shapley_islands | Add-curve (mean): 15 islands, n=4619 -> corr=0.1313
2026-03-04 20:18:06 | INFO | src.tmc_shapley_islands | Random individual add-curve (seed=0) complete
2026-03-04 20:18:19 | INFO | src.tmc_shapley_islands | Random individual add-curve (seed=1) complete
2026-03-04 20:18:31 | INFO | src.tmc_shapley_islands | Random individual add-curve (seed=2) complete
2026-03-04 20:18:44 | INFO | src.tmc_shapley_islands | Random individual add-curve (seed=3) complete
2026-03-04 20:18:57 | INFO | src.tmc_shapley_islands | Random individual add-curve (seed=4) complete
2026-03-04 20:18:57 | INFO | src.tmc_shapley_islands | Building mirrored remove-islands curve from add-islands curve...
2026-03-04 20:18:57 | INFO | src.tmc_shapley_islands | Saved Shapley values to outputs/tmc_shapley_sweep_all_traits/shards/shard_015/body_mass/tmp/shapley_island_values_target_5.csv
2026-03-04 20:18:57 | INFO | src.tmc_shapley_islands | Saved summary to outputs/tmc_shapley_sweep_all_traits/shards/shard_015/body_mass/tmp/tmc_summary_target_5.json
2026-03-04 20:18:57 | INFO | src.tmc_shapley_islands | Saved intermediate ranking trace to outputs/tmc_shapley_sweep_all_traits/shards/shard_015/body_mass/tmp/tmc_intermediate_rankings_target_5.csv
2026-03-04 20:18:57 | INFO | src.tmc_shapley_islands | Saved add-curve to outputs/tmc_shapley_sweep_all_traits/shards/shard_015/body_mass/tmp/add_curve_target_5.csv
2026-03-04 20:18:57 | INFO | src.tmc_shapley_islands | Saved remove-curve to outputs/tmc_shapley_sweep_all_traits/shards/shard_015/body_mass/tmp/remove_curve_target_5.csv
2026-03-04 20:18:58 | INFO | src.tmc_shapley_islands | Saved bar plot to outputs/tmc_shapley_sweep_all_traits/shards/shard_015/body_mass/tmp/shapley_bar_target_5.png
2026-03-04 20:18:58 | INFO | src.tmc_shapley_islands | Saved add-curve plot to outputs/tmc_shapley_sweep_all_traits/shards/shard_015/body_mass/tmp/add_curve_target_5.png
2026-03-04 20:18:59 | INFO | src.tmc_shapley_islands | Saved remove-curve plot to outputs/tmc_shapley_sweep_all_traits/shards/shard_015/body_mass/tmp/remove_curve_target_5.png
2026-03-04 20:18:59 | INFO | __main__ | Shard 15/30 trait=body_mass progress 47/75 | target=5 n_cal_samples=150 perm=20 repeat=5
2026-03-04 20:18:59 | INFO | src.tmc_shapley_islands | [Shapley] Target island: 5 (Hestmannøy), source islands: 15
2026-03-04 20:19:00 | INFO | src.tmc_shapley_islands | Data: source=4619 (across 15 islands), cal=150, test=928
2026-03-04 20:19:00 | INFO | src.tmc_shapley_islands | SNP selection: using fixed precomputed subset (n=20000)
2026-03-04 20:19:00 | INFO | src.tmc_shapley_islands | Island counts (capped to None in training):
  Nesøy: n=119
  Myken: n=92
  Træna: n=292
  Selvær: n=194
  Gjerøy: n=558
  Indre Kvarøy: n=356
  Onøy og Lurøy: n=259
  Lovund: n=158
  Sleneset: n=166
  Aldra: n=173
  Southern 1: n=583
  Southern 2: n=397
  Southern 3: n=584
  Southern 4: n=486
  Southern 5: n=202
2026-03-04 20:19:00 | INFO | src.tmc_shapley_islands | Loaded 137 cached utilities from outputs/tmc_shapley_sweep_all_traits/cache/body_mass/utility_cache_target_5_seed_1811537050.json
2026-03-04 20:19:00 | INFO | src.tmc_shapley_islands | Running TMC-Shapley with 20 permutations (utility on cal set)...
2026-03-04 20:19:00 | INFO | src.tmc_shapley_islands | Computing V_full over all 15 source islands...
2026-03-04 20:19:00 | INFO | src.tmc_shapley_islands | V_full = 0.1935
2026-03-04 20:19:00 | INFO | src.tmc_shapley_islands | TMC head-start: loaded 10 completed permutations from state outputs/tmc_shapley_sweep_all_traits/cache/body_mass/tmc_perm_state_target_5_seed_1811537050.json
2026-03-04 20:19:22 | INFO | src.tmc_shapley_islands | TMC progress: 12/20 permutations done, cache hit rate: 19.4%, n_evals: 25
2026-03-04 20:20:12 | INFO | src.tmc_shapley_islands | TMC progress: 16/20 permutations done, cache hit rate: 18.7%, n_evals: 74
2026-03-04 20:21:00 | INFO | src.tmc_shapley_islands | TMC progress: 20/20 permutations done, cache hit rate: 19.2%, n_evals: 122
2026-03-04 20:21:00 | INFO | src.tmc_shapley_islands | TMC complete: 20 permutations, 0 truncated, 122 utility evals, cache hit rate: 19.2%
2026-03-04 20:21:00 | INFO | src.tmc_shapley_islands | Shapley values (phi, computed on cal set):
2026-03-04 20:21:00 | INFO | src.tmc_shapley_islands |   Nesøy: phi=-0.044560, phi/n=-0.00037445
2026-03-04 20:21:00 | INFO | src.tmc_shapley_islands |   Myken: phi=0.029376, phi/n=0.00031930
2026-03-04 20:21:00 | INFO | src.tmc_shapley_islands |   Træna: phi=-0.004749, phi/n=-0.00001626
2026-03-04 20:21:00 | INFO | src.tmc_shapley_islands |   Selvær: phi=-0.015418, phi/n=-0.00007948
2026-03-04 20:21:00 | INFO | src.tmc_shapley_islands |   Gjerøy: phi=0.003847, phi/n=0.00000689
2026-03-04 20:21:00 | INFO | src.tmc_shapley_islands |   Indre Kvarøy: phi=0.068672, phi/n=0.00019290
2026-03-04 20:21:00 | INFO | src.tmc_shapley_islands |   Onøy og Lurøy: phi=0.022178, phi/n=0.00008563
2026-03-04 20:21:00 | INFO | src.tmc_shapley_islands |   Lovund: phi=0.000488, phi/n=0.00000309
2026-03-04 20:21:00 | INFO | src.tmc_shapley_islands |   Sleneset: phi=-0.018850, phi/n=-0.00011356
2026-03-04 20:21:00 | INFO | src.tmc_shapley_islands |   Aldra: phi=0.046764, phi/n=0.00027031
2026-03-04 20:21:00 | INFO | src.tmc_shapley_islands |   Southern 1: phi=-0.021024, phi/n=-0.00003606
2026-03-04 20:21:00 | INFO | src.tmc_shapley_islands |   Southern 2: phi=0.078996, phi/n=0.00019898
2026-03-04 20:21:00 | INFO | src.tmc_shapley_islands |   Southern 3: phi=0.024223, phi/n=0.00004148
2026-03-04 20:21:00 | INFO | src.tmc_shapley_islands |   Southern 4: phi=0.030743, phi/n=0.00006326
2026-03-04 20:21:00 | INFO | src.tmc_shapley_islands |   Southern 5: phi=-0.007151, phi/n=-0.00003540
2026-03-04 20:21:00 | INFO | src.tmc_shapley_islands | Curve retraining early stopping: enabled=True, patience=20
2026-03-04 20:21:00 | INFO | src.tmc_shapley_islands | Computing add-islands curve (evaluated on test set)...
2026-03-04 20:21:00 | INFO | src.tmc_shapley_islands | Add-curve (mean): 1 islands, n=92 -> corr=0.0861
2026-03-04 20:21:00 | INFO | src.tmc_shapley_islands | Add-curve (mean): 2 islands, n=265 -> corr=0.1020
2026-03-04 20:21:01 | INFO | src.tmc_shapley_islands | Add-curve (mean): 3 islands, n=662 -> corr=0.0575
2026-03-04 20:21:01 | INFO | src.tmc_shapley_islands | Add-curve (mean): 4 islands, n=1018 -> corr=0.1349
2026-03-04 20:21:02 | INFO | src.tmc_shapley_islands | Add-curve (mean): 5 islands, n=1277 -> corr=0.1108
2026-03-04 20:21:03 | INFO | src.tmc_shapley_islands | Add-curve (mean): 6 islands, n=1763 -> corr=0.1101
2026-03-04 20:21:04 | INFO | src.tmc_shapley_islands | Add-curve (mean): 7 islands, n=2347 -> corr=0.1002
2026-03-04 20:21:05 | INFO | src.tmc_shapley_islands | Add-curve (mean): 8 islands, n=2905 -> corr=0.1327
2026-03-04 20:21:07 | INFO | src.tmc_shapley_islands | Add-curve (mean): 9 islands, n=3063 -> corr=0.1399
2026-03-04 20:21:08 | INFO | src.tmc_shapley_islands | Add-curve (mean): 10 islands, n=3355 -> corr=0.1410
2026-03-04 20:21:10 | INFO | src.tmc_shapley_islands | Add-curve (mean): 11 islands, n=3557 -> corr=0.1358
2026-03-04 20:21:12 | INFO | src.tmc_shapley_islands | Add-curve (mean): 12 islands, n=4140 -> corr=0.1398
2026-03-04 20:21:14 | INFO | src.tmc_shapley_islands | Add-curve (mean): 13 islands, n=4334 -> corr=0.1346
2026-03-04 20:21:16 | INFO | src.tmc_shapley_islands | Add-curve (mean): 14 islands, n=4500 -> corr=0.1355
2026-03-04 20:21:18 | INFO | src.tmc_shapley_islands | Add-curve (mean): 15 islands, n=4619 -> corr=0.1313
2026-03-04 20:21:31 | INFO | src.tmc_shapley_islands | Random individual add-curve (seed=0) complete
2026-03-04 20:21:44 | INFO | src.tmc_shapley_islands | Random individual add-curve (seed=1) complete
2026-03-04 20:21:57 | INFO | src.tmc_shapley_islands | Random individual add-curve (seed=2) complete
2026-03-04 20:22:09 | INFO | src.tmc_shapley_islands | Random individual add-curve (seed=3) complete
2026-03-04 20:22:21 | INFO | src.tmc_shapley_islands | Random individual add-curve (seed=4) complete
2026-03-04 20:22:21 | INFO | src.tmc_shapley_islands | Building mirrored remove-islands curve from add-islands curve...
2026-03-04 20:22:21 | INFO | src.tmc_shapley_islands | Saved Shapley values to outputs/tmc_shapley_sweep_all_traits/shards/shard_015/body_mass/tmp/shapley_island_values_target_5.csv
2026-03-04 20:22:21 | INFO | src.tmc_shapley_islands | Saved summary to outputs/tmc_shapley_sweep_all_traits/shards/shard_015/body_mass/tmp/tmc_summary_target_5.json
2026-03-04 20:22:21 | INFO | src.tmc_shapley_islands | Saved intermediate ranking trace to outputs/tmc_shapley_sweep_all_traits/shards/shard_015/body_mass/tmp/tmc_intermediate_rankings_target_5.csv
2026-03-04 20:22:21 | INFO | src.tmc_shapley_islands | Saved add-curve to outputs/tmc_shapley_sweep_all_traits/shards/shard_015/body_mass/tmp/add_curve_target_5.csv
2026-03-04 20:22:21 | INFO | src.tmc_shapley_islands | Saved remove-curve to outputs/tmc_shapley_sweep_all_traits/shards/shard_015/body_mass/tmp/remove_curve_target_5.csv
2026-03-04 20:22:22 | INFO | src.tmc_shapley_islands | Saved bar plot to outputs/tmc_shapley_sweep_all_traits/shards/shard_015/body_mass/tmp/shapley_bar_target_5.png
2026-03-04 20:22:23 | INFO | src.tmc_shapley_islands | Saved add-curve plot to outputs/tmc_shapley_sweep_all_traits/shards/shard_015/body_mass/tmp/add_curve_target_5.png
2026-03-04 20:22:23 | INFO | src.tmc_shapley_islands | Saved remove-curve plot to outputs/tmc_shapley_sweep_all_traits/shards/shard_015/body_mass/tmp/remove_curve_target_5.png
2026-03-04 20:22:23 | INFO | __main__ | Shard 15/30 trait=body_mass progress 48/75 | target=5 n_cal_samples=150 perm=40 repeat=5
2026-03-04 20:22:23 | INFO | src.tmc_shapley_islands | [Shapley] Target island: 5 (Hestmannøy), source islands: 15
2026-03-04 20:22:24 | INFO | src.tmc_shapley_islands | Data: source=4619 (across 15 islands), cal=150, test=928
2026-03-04 20:22:24 | INFO | src.tmc_shapley_islands | SNP selection: using fixed precomputed subset (n=20000)
2026-03-04 20:22:24 | INFO | src.tmc_shapley_islands | Island counts (capped to None in training):
  Nesøy: n=119
  Myken: n=92
  Træna: n=292
  Selvær: n=194
  Gjerøy: n=558
  Indre Kvarøy: n=356
  Onøy og Lurøy: n=259
  Lovund: n=158
  Sleneset: n=166
  Aldra: n=173
  Southern 1: n=583
  Southern 2: n=397
  Southern 3: n=584
  Southern 4: n=486
  Southern 5: n=202
2026-03-04 20:22:24 | INFO | src.tmc_shapley_islands | Loaded 259 cached utilities from outputs/tmc_shapley_sweep_all_traits/cache/body_mass/utility_cache_target_5_seed_1811537050.json
2026-03-04 20:22:24 | INFO | src.tmc_shapley_islands | Running TMC-Shapley with 40 permutations (utility on cal set)...
2026-03-04 20:22:24 | INFO | src.tmc_shapley_islands | Computing V_full over all 15 source islands...
2026-03-04 20:22:24 | INFO | src.tmc_shapley_islands | V_full = 0.1935
2026-03-04 20:22:24 | INFO | src.tmc_shapley_islands | TMC head-start: loaded 20 completed permutations from state outputs/tmc_shapley_sweep_all_traits/cache/body_mass/tmc_perm_state_target_5_seed_1811537050.json
2026-03-04 20:23:07 | INFO | src.tmc_shapley_islands | TMC progress: 24/40 permutations done, cache hit rate: 26.2%, n_evals: 45
2026-03-04 20:24:43 | INFO | src.tmc_shapley_islands | TMC progress: 32/40 permutations done, cache hit rate: 20.4%, n_evals: 144
2026-03-04 20:26:02 | INFO | src.tmc_shapley_islands | TMC progress: 40/40 permutations done, cache hit rate: 23.3%, n_evals: 231
2026-03-04 20:26:02 | INFO | src.tmc_shapley_islands | TMC complete: 40 permutations, 0 truncated, 231 utility evals, cache hit rate: 23.3%
2026-03-04 20:26:02 | INFO | src.tmc_shapley_islands | Shapley values (phi, computed on cal set):
2026-03-04 20:26:02 | INFO | src.tmc_shapley_islands |   Nesøy: phi=-0.049434, phi/n=-0.00041541
2026-03-04 20:26:02 | INFO | src.tmc_shapley_islands |   Myken: phi=0.031988, phi/n=0.00034769
2026-03-04 20:26:02 | INFO | src.tmc_shapley_islands |   Træna: phi=-0.002875, phi/n=-0.00000984
2026-03-04 20:26:02 | INFO | src.tmc_shapley_islands |   Selvær: phi=-0.015489, phi/n=-0.00007984
2026-03-04 20:26:02 | INFO | src.tmc_shapley_islands |   Gjerøy: phi=0.000238, phi/n=0.00000043
2026-03-04 20:26:02 | INFO | src.tmc_shapley_islands |   Indre Kvarøy: phi=0.068097, phi/n=0.00019128
2026-03-04 20:26:02 | INFO | src.tmc_shapley_islands |   Onøy og Lurøy: phi=0.021300, phi/n=0.00008224
2026-03-04 20:26:02 | INFO | src.tmc_shapley_islands |   Lovund: phi=-0.001085, phi/n=-0.00000686
2026-03-04 20:26:02 | INFO | src.tmc_shapley_islands |   Sleneset: phi=-0.018374, phi/n=-0.00011069
2026-03-04 20:26:02 | INFO | src.tmc_shapley_islands |   Aldra: phi=0.044641, phi/n=0.00025804
2026-03-04 20:26:02 | INFO | src.tmc_shapley_islands |   Southern 1: phi=-0.023326, phi/n=-0.00004001
2026-03-04 20:26:02 | INFO | src.tmc_shapley_islands |   Southern 2: phi=0.089673, phi/n=0.00022588
2026-03-04 20:26:02 | INFO | src.tmc_shapley_islands |   Southern 3: phi=0.027768, phi/n=0.00004755
2026-03-04 20:26:02 | INFO | src.tmc_shapley_islands |   Southern 4: phi=0.028838, phi/n=0.00005934
2026-03-04 20:26:02 | INFO | src.tmc_shapley_islands |   Southern 5: phi=-0.008427, phi/n=-0.00004172
2026-03-04 20:26:02 | INFO | src.tmc_shapley_islands | Curve retraining early stopping: enabled=True, patience=20
2026-03-04 20:26:02 | INFO | src.tmc_shapley_islands | Computing add-islands curve (evaluated on test set)...
2026-03-04 20:26:02 | INFO | src.tmc_shapley_islands | Add-curve (mean): 1 islands, n=92 -> corr=0.0861
2026-03-04 20:26:02 | INFO | src.tmc_shapley_islands | Add-curve (mean): 2 islands, n=265 -> corr=0.1020
2026-03-04 20:26:02 | INFO | src.tmc_shapley_islands | Add-curve (mean): 3 islands, n=662 -> corr=0.0575
2026-03-04 20:26:03 | INFO | src.tmc_shapley_islands | Add-curve (mean): 4 islands, n=1018 -> corr=0.1349
2026-03-04 20:26:04 | INFO | src.tmc_shapley_islands | Add-curve (mean): 5 islands, n=1277 -> corr=0.1108
2026-03-04 20:26:04 | INFO | src.tmc_shapley_islands | Add-curve (mean): 6 islands, n=1763 -> corr=0.1101
2026-03-04 20:26:05 | INFO | src.tmc_shapley_islands | Add-curve (mean): 7 islands, n=2347 -> corr=0.1002
2026-03-04 20:26:07 | INFO | src.tmc_shapley_islands | Add-curve (mean): 8 islands, n=2905 -> corr=0.1327
2026-03-04 20:26:08 | INFO | src.tmc_shapley_islands | Add-curve (mean): 9 islands, n=3063 -> corr=0.1399
2026-03-04 20:26:10 | INFO | src.tmc_shapley_islands | Add-curve (mean): 10 islands, n=3355 -> corr=0.1410
2026-03-04 20:26:11 | INFO | src.tmc_shapley_islands | Add-curve (mean): 11 islands, n=3938 -> corr=0.1446
2026-03-04 20:26:13 | INFO | src.tmc_shapley_islands | Add-curve (mean): 12 islands, n=4140 -> corr=0.1398
2026-03-04 20:26:15 | INFO | src.tmc_shapley_islands | Add-curve (mean): 13 islands, n=4334 -> corr=0.1346
2026-03-04 20:26:17 | INFO | src.tmc_shapley_islands | Add-curve (mean): 14 islands, n=4500 -> corr=0.1355
2026-03-04 20:26:20 | INFO | src.tmc_shapley_islands | Add-curve (mean): 15 islands, n=4619 -> corr=0.1313
2026-03-04 20:26:33 | INFO | src.tmc_shapley_islands | Random individual add-curve (seed=0) complete
2026-03-04 20:26:46 | INFO | src.tmc_shapley_islands | Random individual add-curve (seed=1) complete
2026-03-04 20:26:59 | INFO | src.tmc_shapley_islands | Random individual add-curve (seed=2) complete
2026-03-04 20:27:11 | INFO | src.tmc_shapley_islands | Random individual add-curve (seed=3) complete
2026-03-04 20:27:25 | INFO | src.tmc_shapley_islands | Random individual add-curve (seed=4) complete
2026-03-04 20:27:25 | INFO | src.tmc_shapley_islands | Building mirrored remove-islands curve from add-islands curve...
2026-03-04 20:27:25 | INFO | src.tmc_shapley_islands | Saved Shapley values to outputs/tmc_shapley_sweep_all_traits/shards/shard_015/body_mass/tmp/shapley_island_values_target_5.csv
2026-03-04 20:27:25 | INFO | src.tmc_shapley_islands | Saved summary to outputs/tmc_shapley_sweep_all_traits/shards/shard_015/body_mass/tmp/tmc_summary_target_5.json
2026-03-04 20:27:25 | INFO | src.tmc_shapley_islands | Saved intermediate ranking trace to outputs/tmc_shapley_sweep_all_traits/shards/shard_015/body_mass/tmp/tmc_intermediate_rankings_target_5.csv
2026-03-04 20:27:25 | INFO | src.tmc_shapley_islands | Saved add-curve to outputs/tmc_shapley_sweep_all_traits/shards/shard_015/body_mass/tmp/add_curve_target_5.csv
2026-03-04 20:27:25 | INFO | src.tmc_shapley_islands | Saved remove-curve to outputs/tmc_shapley_sweep_all_traits/shards/shard_015/body_mass/tmp/remove_curve_target_5.csv
2026-03-04 20:27:25 | INFO | src.tmc_shapley_islands | Saved bar plot to outputs/tmc_shapley_sweep_all_traits/shards/shard_015/body_mass/tmp/shapley_bar_target_5.png
2026-03-04 20:27:26 | INFO | src.tmc_shapley_islands | Saved add-curve plot to outputs/tmc_shapley_sweep_all_traits/shards/shard_015/body_mass/tmp/add_curve_target_5.png
2026-03-04 20:27:26 | INFO | src.tmc_shapley_islands | Saved remove-curve plot to outputs/tmc_shapley_sweep_all_traits/shards/shard_015/body_mass/tmp/remove_curve_target_5.png
2026-03-04 20:27:26 | INFO | __main__ | Shard 15/30 trait=body_mass progress 49/75 | target=5 n_cal_samples=150 perm=80 repeat=5
2026-03-04 20:27:26 | INFO | src.tmc_shapley_islands | [Shapley] Target island: 5 (Hestmannøy), source islands: 15
2026-03-04 20:27:27 | INFO | src.tmc_shapley_islands | Data: source=4619 (across 15 islands), cal=150, test=928
2026-03-04 20:27:27 | INFO | src.tmc_shapley_islands | SNP selection: using fixed precomputed subset (n=20000)
2026-03-04 20:27:27 | INFO | src.tmc_shapley_islands | Island counts (capped to None in training):
  Nesøy: n=119
  Myken: n=92
  Træna: n=292
  Selvær: n=194
  Gjerøy: n=558
  Indre Kvarøy: n=356
  Onøy og Lurøy: n=259
  Lovund: n=158
  Sleneset: n=166
  Aldra: n=173
  Southern 1: n=583
  Southern 2: n=397
  Southern 3: n=584
  Southern 4: n=486
  Southern 5: n=202
2026-03-04 20:27:27 | INFO | src.tmc_shapley_islands | Loaded 490 cached utilities from outputs/tmc_shapley_sweep_all_traits/cache/body_mass/utility_cache_target_5_seed_1811537050.json
2026-03-04 20:27:27 | INFO | src.tmc_shapley_islands | Running TMC-Shapley with 80 permutations (utility on cal set)...
2026-03-04 20:27:27 | INFO | src.tmc_shapley_islands | Computing V_full over all 15 source islands...
2026-03-04 20:27:27 | INFO | src.tmc_shapley_islands | V_full = 0.1935
2026-03-04 20:27:27 | INFO | src.tmc_shapley_islands | TMC head-start: loaded 40 completed permutations from state outputs/tmc_shapley_sweep_all_traits/cache/body_mass/tmc_perm_state_target_5_seed_1811537050.json
2026-03-04 20:28:57 | INFO | src.tmc_shapley_islands | TMC progress: 48/80 permutations done, cache hit rate: 26.4%, n_evals: 89
2026-03-04 20:31:56 | INFO | src.tmc_shapley_islands | TMC progress: 64/80 permutations done, cache hit rate: 27.1%, n_evals: 263
2026-03-04 20:34:38 | INFO | src.tmc_shapley_islands | TMC progress: 80/80 permutations done, cache hit rate: 28.8%, n_evals: 428
2026-03-04 20:34:38 | INFO | src.tmc_shapley_islands | TMC complete: 80 permutations, 0 truncated, 428 utility evals, cache hit rate: 28.8%
2026-03-04 20:34:38 | INFO | src.tmc_shapley_islands | Shapley values (phi, computed on cal set):
2026-03-04 20:34:38 | INFO | src.tmc_shapley_islands |   Nesøy: phi=-0.047253, phi/n=-0.00039709
2026-03-04 20:34:38 | INFO | src.tmc_shapley_islands |   Myken: phi=0.028539, phi/n=0.00031021
2026-03-04 20:34:38 | INFO | src.tmc_shapley_islands |   Træna: phi=-0.003399, phi/n=-0.00001164
2026-03-04 20:34:38 | INFO | src.tmc_shapley_islands |   Selvær: phi=-0.013174, phi/n=-0.00006791
2026-03-04 20:34:38 | INFO | src.tmc_shapley_islands |   Gjerøy: phi=-0.000427, phi/n=-0.00000076
2026-03-04 20:34:38 | INFO | src.tmc_shapley_islands |   Indre Kvarøy: phi=0.076635, phi/n=0.00021527
2026-03-04 20:34:38 | INFO | src.tmc_shapley_islands |   Onøy og Lurøy: phi=0.021688, phi/n=0.00008374
2026-03-04 20:34:38 | INFO | src.tmc_shapley_islands |   Lovund: phi=-0.001999, phi/n=-0.00001265
2026-03-04 20:34:38 | INFO | src.tmc_shapley_islands |   Sleneset: phi=-0.017782, phi/n=-0.00010712
2026-03-04 20:34:38 | INFO | src.tmc_shapley_islands |   Aldra: phi=0.040057, phi/n=0.00023154
2026-03-04 20:34:38 | INFO | src.tmc_shapley_islands |   Southern 1: phi=-0.022692, phi/n=-0.00003892
2026-03-04 20:34:38 | INFO | src.tmc_shapley_islands |   Southern 2: phi=0.085962, phi/n=0.00021653
2026-03-04 20:34:38 | INFO | src.tmc_shapley_islands |   Southern 3: phi=0.026970, phi/n=0.00004618
2026-03-04 20:34:38 | INFO | src.tmc_shapley_islands |   Southern 4: phi=0.027945, phi/n=0.00005750
2026-03-04 20:34:38 | INFO | src.tmc_shapley_islands |   Southern 5: phi=-0.007537, phi/n=-0.00003731
2026-03-04 20:34:38 | INFO | src.tmc_shapley_islands | Curve retraining early stopping: enabled=True, patience=20
2026-03-04 20:34:38 | INFO | src.tmc_shapley_islands | Computing add-islands curve (evaluated on test set)...
2026-03-04 20:34:39 | INFO | src.tmc_shapley_islands | Add-curve (mean): 1 islands, n=92 -> corr=0.0861
2026-03-04 20:34:39 | INFO | src.tmc_shapley_islands | Add-curve (mean): 2 islands, n=265 -> corr=0.1020
2026-03-04 20:34:39 | INFO | src.tmc_shapley_islands | Add-curve (mean): 3 islands, n=662 -> corr=0.0575
2026-03-04 20:34:40 | INFO | src.tmc_shapley_islands | Add-curve (mean): 4 islands, n=1018 -> corr=0.1349
2026-03-04 20:34:40 | INFO | src.tmc_shapley_islands | Add-curve (mean): 5 islands, n=1277 -> corr=0.1108
2026-03-04 20:34:41 | INFO | src.tmc_shapley_islands | Add-curve (mean): 6 islands, n=1763 -> corr=0.1101
2026-03-04 20:34:42 | INFO | src.tmc_shapley_islands | Add-curve (mean): 7 islands, n=2347 -> corr=0.1002
2026-03-04 20:34:44 | INFO | src.tmc_shapley_islands | Add-curve (mean): 8 islands, n=2905 -> corr=0.1327
2026-03-04 20:34:45 | INFO | src.tmc_shapley_islands | Add-curve (mean): 9 islands, n=3197 -> corr=0.1344
2026-03-04 20:34:47 | INFO | src.tmc_shapley_islands | Add-curve (mean): 10 islands, n=3355 -> corr=0.1410
2026-03-04 20:34:48 | INFO | src.tmc_shapley_islands | Add-curve (mean): 11 islands, n=3557 -> corr=0.1358
2026-03-04 20:34:50 | INFO | src.tmc_shapley_islands | Add-curve (mean): 12 islands, n=4140 -> corr=0.1398
2026-03-04 20:34:52 | INFO | src.tmc_shapley_islands | Add-curve (mean): 13 islands, n=4334 -> corr=0.1346
2026-03-04 20:34:54 | INFO | src.tmc_shapley_islands | Add-curve (mean): 14 islands, n=4500 -> corr=0.1355
2026-03-04 20:34:57 | INFO | src.tmc_shapley_islands | Add-curve (mean): 15 islands, n=4619 -> corr=0.1313
2026-03-04 20:35:10 | INFO | src.tmc_shapley_islands | Random individual add-curve (seed=0) complete
2026-03-04 20:35:22 | INFO | src.tmc_shapley_islands | Random individual add-curve (seed=1) complete
2026-03-04 20:35:34 | INFO | src.tmc_shapley_islands | Random individual add-curve (seed=2) complete
2026-03-04 20:35:47 | INFO | src.tmc_shapley_islands | Random individual add-curve (seed=3) complete
2026-03-04 20:36:00 | INFO | src.tmc_shapley_islands | Random individual add-curve (seed=4) complete
2026-03-04 20:36:00 | INFO | src.tmc_shapley_islands | Building mirrored remove-islands curve from add-islands curve...
2026-03-04 20:36:00 | INFO | src.tmc_shapley_islands | Saved Shapley values to outputs/tmc_shapley_sweep_all_traits/shards/shard_015/body_mass/tmp/shapley_island_values_target_5.csv
2026-03-04 20:36:00 | INFO | src.tmc_shapley_islands | Saved summary to outputs/tmc_shapley_sweep_all_traits/shards/shard_015/body_mass/tmp/tmc_summary_target_5.json
2026-03-04 20:36:00 | INFO | src.tmc_shapley_islands | Saved intermediate ranking trace to outputs/tmc_shapley_sweep_all_traits/shards/shard_015/body_mass/tmp/tmc_intermediate_rankings_target_5.csv
2026-03-04 20:36:00 | INFO | src.tmc_shapley_islands | Saved add-curve to outputs/tmc_shapley_sweep_all_traits/shards/shard_015/body_mass/tmp/add_curve_target_5.csv
2026-03-04 20:36:00 | INFO | src.tmc_shapley_islands | Saved remove-curve to outputs/tmc_shapley_sweep_all_traits/shards/shard_015/body_mass/tmp/remove_curve_target_5.csv
2026-03-04 20:36:00 | INFO | src.tmc_shapley_islands | Saved bar plot to outputs/tmc_shapley_sweep_all_traits/shards/shard_015/body_mass/tmp/shapley_bar_target_5.png
2026-03-04 20:36:01 | INFO | src.tmc_shapley_islands | Saved add-curve plot to outputs/tmc_shapley_sweep_all_traits/shards/shard_015/body_mass/tmp/add_curve_target_5.png
2026-03-04 20:36:02 | INFO | src.tmc_shapley_islands | Saved remove-curve plot to outputs/tmc_shapley_sweep_all_traits/shards/shard_015/body_mass/tmp/remove_curve_target_5.png
2026-03-04 20:36:02 | INFO | __main__ | Shard 15/30 trait=body_mass progress 50/75 | target=5 n_cal_samples=150 perm=150 repeat=5
2026-03-04 20:36:02 | INFO | src.tmc_shapley_islands | [Shapley] Target island: 5 (Hestmannøy), source islands: 15
2026-03-04 20:36:03 | INFO | src.tmc_shapley_islands | Data: source=4619 (across 15 islands), cal=150, test=928
2026-03-04 20:36:03 | INFO | src.tmc_shapley_islands | SNP selection: using fixed precomputed subset (n=20000)
2026-03-04 20:36:03 | INFO | src.tmc_shapley_islands | Island counts (capped to None in training):
  Nesøy: n=119
  Myken: n=92
  Træna: n=292
  Selvær: n=194
  Gjerøy: n=558
  Indre Kvarøy: n=356
  Onøy og Lurøy: n=259
  Lovund: n=158
  Sleneset: n=166
  Aldra: n=173
  Southern 1: n=583
  Southern 2: n=397
  Southern 3: n=584
  Southern 4: n=486
  Southern 5: n=202
2026-03-04 20:36:03 | INFO | src.tmc_shapley_islands | Loaded 918 cached utilities from outputs/tmc_shapley_sweep_all_traits/cache/body_mass/utility_cache_target_5_seed_1811537050.json
2026-03-04 20:36:03 | INFO | src.tmc_shapley_islands | Running TMC-Shapley with 150 permutations (utility on cal set)...
2026-03-04 20:36:03 | INFO | src.tmc_shapley_islands | Computing V_full over all 15 source islands...
2026-03-04 20:36:03 | INFO | src.tmc_shapley_islands | V_full = 0.1935
2026-03-04 20:36:03 | INFO | src.tmc_shapley_islands | TMC head-start: loaded 80 completed permutations from state outputs/tmc_shapley_sweep_all_traits/cache/body_mass/tmc_perm_state_target_5_seed_1811537050.json
2026-03-04 20:37:48 | INFO | src.tmc_shapley_islands | TMC progress: 90/150 permutations done, cache hit rate: 33.8%, n_evals: 100
2026-03-04 20:43:07 | INFO | src.tmc_shapley_islands | TMC progress: 120/150 permutations done, cache hit rate: 31.3%, n_evals: 413
2026-03-04 20:47:57 | INFO | src.tmc_shapley_islands | TMC progress: 150/150 permutations done, cache hit rate: 33.0%, n_evals: 704
2026-03-04 20:47:57 | INFO | src.tmc_shapley_islands | TMC complete: 150 permutations, 0 truncated, 704 utility evals, cache hit rate: 33.0%
2026-03-04 20:47:57 | INFO | src.tmc_shapley_islands | Shapley values (phi, computed on cal set):
2026-03-04 20:47:57 | INFO | src.tmc_shapley_islands |   Nesøy: phi=-0.043735, phi/n=-0.00036752
2026-03-04 20:47:57 | INFO | src.tmc_shapley_islands |   Myken: phi=0.030705, phi/n=0.00033375
2026-03-04 20:47:57 | INFO | src.tmc_shapley_islands |   Træna: phi=-0.003958, phi/n=-0.00001356
2026-03-04 20:47:57 | INFO | src.tmc_shapley_islands |   Selvær: phi=-0.013763, phi/n=-0.00007094
2026-03-04 20:47:57 | INFO | src.tmc_shapley_islands |   Gjerøy: phi=-0.000981, phi/n=-0.00000176
2026-03-04 20:47:57 | INFO | src.tmc_shapley_islands |   Indre Kvarøy: phi=0.078480, phi/n=0.00022045
2026-03-04 20:47:57 | INFO | src.tmc_shapley_islands |   Onøy og Lurøy: phi=0.022594, phi/n=0.00008724
2026-03-04 20:47:57 | INFO | src.tmc_shapley_islands |   Lovund: phi=-0.002838, phi/n=-0.00001796
2026-03-04 20:47:57 | INFO | src.tmc_shapley_islands |   Sleneset: phi=-0.018644, phi/n=-0.00011232
2026-03-04 20:47:57 | INFO | src.tmc_shapley_islands |   Aldra: phi=0.038236, phi/n=0.00022101
2026-03-04 20:47:57 | INFO | src.tmc_shapley_islands |   Southern 1: phi=-0.021724, phi/n=-0.00003726
2026-03-04 20:47:57 | INFO | src.tmc_shapley_islands |   Southern 2: phi=0.081668, phi/n=0.00020571
2026-03-04 20:47:57 | INFO | src.tmc_shapley_islands |   Southern 3: phi=0.027670, phi/n=0.00004738
2026-03-04 20:47:57 | INFO | src.tmc_shapley_islands |   Southern 4: phi=0.028420, phi/n=0.00005848
2026-03-04 20:47:57 | INFO | src.tmc_shapley_islands |   Southern 5: phi=-0.008598, phi/n=-0.00004256
2026-03-04 20:47:57 | INFO | src.tmc_shapley_islands | Curve retraining early stopping: enabled=True, patience=20
2026-03-04 20:47:57 | INFO | src.tmc_shapley_islands | Computing add-islands curve (evaluated on test set)...
2026-03-04 20:47:58 | INFO | src.tmc_shapley_islands | Add-curve (mean): 1 islands, n=92 -> corr=0.0861
2026-03-04 20:47:58 | INFO | src.tmc_shapley_islands | Add-curve (mean): 2 islands, n=265 -> corr=0.1020
2026-03-04 20:47:58 | INFO | src.tmc_shapley_islands | Add-curve (mean): 3 islands, n=621 -> corr=0.1519
2026-03-04 20:47:58 | INFO | src.tmc_shapley_islands | Add-curve (mean): 4 islands, n=1018 -> corr=0.1349
2026-03-04 20:47:59 | INFO | src.tmc_shapley_islands | Add-curve (mean): 5 islands, n=1277 -> corr=0.1108
2026-03-04 20:48:00 | INFO | src.tmc_shapley_islands | Add-curve (mean): 6 islands, n=1763 -> corr=0.1101
2026-03-04 20:48:01 | INFO | src.tmc_shapley_islands | Add-curve (mean): 7 islands, n=2347 -> corr=0.1002
2026-03-04 20:48:02 | INFO | src.tmc_shapley_islands | Add-curve (mean): 8 islands, n=2905 -> corr=0.1327
2026-03-04 20:48:04 | INFO | src.tmc_shapley_islands | Add-curve (mean): 9 islands, n=3197 -> corr=0.1344
2026-03-04 20:48:05 | INFO | src.tmc_shapley_islands | Add-curve (mean): 10 islands, n=3355 -> corr=0.1410
2026-03-04 20:48:07 | INFO | src.tmc_shapley_islands | Add-curve (mean): 11 islands, n=3938 -> corr=0.1446
2026-03-04 20:48:09 | INFO | src.tmc_shapley_islands | Add-curve (mean): 12 islands, n=4140 -> corr=0.1398
2026-03-04 20:48:11 | INFO | src.tmc_shapley_islands | Add-curve (mean): 13 islands, n=4334 -> corr=0.1346
2026-03-04 20:48:13 | INFO | src.tmc_shapley_islands | Add-curve (mean): 14 islands, n=4500 -> corr=0.1355
2026-03-04 20:48:15 | INFO | src.tmc_shapley_islands | Add-curve (mean): 15 islands, n=4619 -> corr=0.1313
2026-03-04 20:48:28 | INFO | src.tmc_shapley_islands | Random individual add-curve (seed=0) complete
2026-03-04 20:48:41 | INFO | src.tmc_shapley_islands | Random individual add-curve (seed=1) complete
2026-03-04 20:48:53 | INFO | src.tmc_shapley_islands | Random individual add-curve (seed=2) complete
2026-03-04 20:49:06 | INFO | src.tmc_shapley_islands | Random individual add-curve (seed=3) complete
2026-03-04 20:49:18 | INFO | src.tmc_shapley_islands | Random individual add-curve (seed=4) complete
2026-03-04 20:49:18 | INFO | src.tmc_shapley_islands | Building mirrored remove-islands curve from add-islands curve...
2026-03-04 20:49:18 | INFO | src.tmc_shapley_islands | Saved Shapley values to outputs/tmc_shapley_sweep_all_traits/shards/shard_015/body_mass/tmp/shapley_island_values_target_5.csv
2026-03-04 20:49:18 | INFO | src.tmc_shapley_islands | Saved summary to outputs/tmc_shapley_sweep_all_traits/shards/shard_015/body_mass/tmp/tmc_summary_target_5.json
2026-03-04 20:49:18 | INFO | src.tmc_shapley_islands | Saved intermediate ranking trace to outputs/tmc_shapley_sweep_all_traits/shards/shard_015/body_mass/tmp/tmc_intermediate_rankings_target_5.csv
2026-03-04 20:49:18 | INFO | src.tmc_shapley_islands | Saved add-curve to outputs/tmc_shapley_sweep_all_traits/shards/shard_015/body_mass/tmp/add_curve_target_5.csv
2026-03-04 20:49:19 | INFO | src.tmc_shapley_islands | Saved remove-curve to outputs/tmc_shapley_sweep_all_traits/shards/shard_015/body_mass/tmp/remove_curve_target_5.csv
2026-03-04 20:49:19 | INFO | src.tmc_shapley_islands | Saved bar plot to outputs/tmc_shapley_sweep_all_traits/shards/shard_015/body_mass/tmp/shapley_bar_target_5.png
2026-03-04 20:49:20 | INFO | src.tmc_shapley_islands | Saved add-curve plot to outputs/tmc_shapley_sweep_all_traits/shards/shard_015/body_mass/tmp/add_curve_target_5.png
2026-03-04 20:49:20 | INFO | src.tmc_shapley_islands | Saved remove-curve plot to outputs/tmc_shapley_sweep_all_traits/shards/shard_015/body_mass/tmp/remove_curve_target_5.png
2026-03-04 20:49:20 | INFO | __main__ | Shard 15/30 trait=body_mass progress 51/75 | target=14 n_cal_samples=10 perm=10 repeat=5
2026-03-04 20:49:20 | INFO | src.tmc_shapley_islands | [Shapley] Target island: 14 (Southern 4), source islands: 15
2026-03-04 20:49:21 | INFO | src.tmc_shapley_islands | Data: source=5211 (across 15 islands), cal=10, test=336
2026-03-04 20:49:21 | INFO | src.tmc_shapley_islands | SNP selection: using fixed precomputed subset (n=20000)
2026-03-04 20:49:21 | INFO | src.tmc_shapley_islands | Island counts (capped to None in training):
  Nesøy: n=119
  Myken: n=92
  Træna: n=292
  Selvær: n=194
  Gjerøy: n=558
  Hestmannøy: n=1078
  Indre Kvarøy: n=356
  Onøy og Lurøy: n=259
  Lovund: n=158
  Sleneset: n=166
  Aldra: n=173
  Southern 1: n=583
  Southern 2: n=397
  Southern 3: n=584
  Southern 5: n=202
2026-03-04 20:49:21 | INFO | src.tmc_shapley_islands | Running TMC-Shapley with 10 permutations (utility on cal set)...
2026-03-04 20:49:21 | INFO | src.tmc_shapley_islands | Computing V_full over all 15 source islands...
2026-03-04 20:49:24 | INFO | src.tmc_shapley_islands | V_full = 0.6311
2026-03-04 20:49:59 | INFO | src.tmc_shapley_islands | TMC progress: 2/10 permutations done, cache hit rate: 9.7%, n_evals: 28
2026-03-04 20:50:27 | INFO | src.tmc_shapley_islands | TMC progress: 4/10 permutations done, cache hit rate: 8.2%, n_evals: 56
2026-03-04 20:50:53 | INFO | src.tmc_shapley_islands | TMC progress: 6/10 permutations done, cache hit rate: 11.0%, n_evals: 81
2026-03-04 20:51:24 | INFO | src.tmc_shapley_islands | TMC progress: 8/10 permutations done, cache hit rate: 11.6%, n_evals: 107
2026-03-04 20:51:55 | INFO | src.tmc_shapley_islands | TMC progress: 10/10 permutations done, cache hit rate: 10.6%, n_evals: 135
2026-03-04 20:51:55 | INFO | src.tmc_shapley_islands | TMC complete: 10 permutations, 0 truncated, 135 utility evals, cache hit rate: 10.6%
2026-03-04 20:51:55 | INFO | src.tmc_shapley_islands | Shapley values (phi, computed on cal set):
2026-03-04 20:51:55 | INFO | src.tmc_shapley_islands |   Nesøy: phi=-0.036414, phi/n=-0.00030600
2026-03-04 20:51:55 | INFO | src.tmc_shapley_islands |   Myken: phi=-0.074657, phi/n=-0.00081149
2026-03-04 20:51:55 | INFO | src.tmc_shapley_islands |   Træna: phi=-0.245198, phi/n=-0.00083972
2026-03-04 20:51:55 | INFO | src.tmc_shapley_islands |   Selvær: phi=0.025441, phi/n=0.00013114
2026-03-04 20:51:55 | INFO | src.tmc_shapley_islands |   Gjerøy: phi=-0.151406, phi/n=-0.00027134
2026-03-04 20:51:55 | INFO | src.tmc_shapley_islands |   Hestmannøy: phi=0.271345, phi/n=0.00025171
2026-03-04 20:51:55 | INFO | src.tmc_shapley_islands |   Indre Kvarøy: phi=0.296465, phi/n=0.00083277
2026-03-04 20:51:55 | INFO | src.tmc_shapley_islands |   Onøy og Lurøy: phi=0.267217, phi/n=0.00103173
2026-03-04 20:51:55 | INFO | src.tmc_shapley_islands |   Lovund: phi=0.070478, phi/n=0.00044607
2026-03-04 20:51:55 | INFO | src.tmc_shapley_islands |   Sleneset: phi=0.137511, phi/n=0.00082838
2026-03-04 20:51:55 | INFO | src.tmc_shapley_islands |   Aldra: phi=0.108431, phi/n=0.00062677
2026-03-04 20:51:55 | INFO | src.tmc_shapley_islands |   Southern 1: phi=-0.306583, phi/n=-0.00052587
2026-03-04 20:51:55 | INFO | src.tmc_shapley_islands |   Southern 2: phi=-0.193455, phi/n=-0.00048729
2026-03-04 20:51:55 | INFO | src.tmc_shapley_islands |   Southern 3: phi=0.365118, phi/n=0.00062520
2026-03-04 20:51:55 | INFO | src.tmc_shapley_islands |   Southern 5: phi=0.096777, phi/n=0.00047909
2026-03-04 20:51:55 | INFO | src.tmc_shapley_islands | Curve retraining early stopping: enabled=True, patience=20
2026-03-04 20:51:55 | INFO | src.tmc_shapley_islands | Computing add-islands curve (evaluated on test set)...
2026-03-04 20:51:55 | INFO | src.tmc_shapley_islands | Add-curve (mean): 1 islands, n=259 -> corr=0.0449
2026-03-04 20:51:56 | INFO | src.tmc_shapley_islands | Add-curve (mean): 2 islands, n=615 -> corr=-0.0158
2026-03-04 20:51:56 | INFO | src.tmc_shapley_islands | Add-curve (mean): 3 islands, n=781 -> corr=-0.0002
2026-03-04 20:51:56 | INFO | src.tmc_shapley_islands | Add-curve (mean): 4 islands, n=954 -> corr=-0.0242
2026-03-04 20:51:57 | INFO | src.tmc_shapley_islands | Add-curve (mean): 5 islands, n=1538 -> corr=0.0383
2026-03-04 20:51:58 | INFO | src.tmc_shapley_islands | Add-curve (mean): 6 islands, n=1740 -> corr=0.0471
2026-03-04 20:51:59 | INFO | src.tmc_shapley_islands | Add-curve (mean): 7 islands, n=1898 -> corr=0.0562
2026-03-04 20:52:00 | INFO | src.tmc_shapley_islands | Add-curve (mean): 8 islands, n=2976 -> corr=0.0428
2026-03-04 20:52:01 | INFO | src.tmc_shapley_islands | Add-curve (mean): 9 islands, n=3170 -> corr=0.0440
2026-03-04 20:52:03 | INFO | src.tmc_shapley_islands | Add-curve (mean): 10 islands, n=3728 -> corr=0.0433
2026-03-04 20:52:05 | INFO | src.tmc_shapley_islands | Add-curve (mean): 11 islands, n=3847 -> corr=0.0451
2026-03-04 20:52:06 | INFO | src.tmc_shapley_islands | Add-curve (mean): 12 islands, n=4244 -> corr=0.0754
2026-03-04 20:52:09 | INFO | src.tmc_shapley_islands | Add-curve (mean): 13 islands, n=4827 -> corr=0.1059
2026-03-04 20:52:11 | INFO | src.tmc_shapley_islands | Add-curve (mean): 14 islands, n=4919 -> corr=0.1015
2026-03-04 20:52:14 | INFO | src.tmc_shapley_islands | Add-curve (mean): 15 islands, n=5211 -> corr=0.1049
2026-03-04 20:52:27 | INFO | src.tmc_shapley_islands | Random individual add-curve (seed=0) complete
2026-03-04 20:52:40 | INFO | src.tmc_shapley_islands | Random individual add-curve (seed=1) complete
2026-03-04 20:52:53 | INFO | src.tmc_shapley_islands | Random individual add-curve (seed=2) complete
2026-03-04 20:53:06 | INFO | src.tmc_shapley_islands | Random individual add-curve (seed=3) complete
2026-03-04 20:53:19 | INFO | src.tmc_shapley_islands | Random individual add-curve (seed=4) complete
2026-03-04 20:53:19 | INFO | src.tmc_shapley_islands | Building mirrored remove-islands curve from add-islands curve...
2026-03-04 20:53:19 | INFO | src.tmc_shapley_islands | Saved Shapley values to outputs/tmc_shapley_sweep_all_traits/shards/shard_015/body_mass/tmp/shapley_island_values_target_14.csv
2026-03-04 20:53:19 | INFO | src.tmc_shapley_islands | Saved summary to outputs/tmc_shapley_sweep_all_traits/shards/shard_015/body_mass/tmp/tmc_summary_target_14.json
2026-03-04 20:53:19 | INFO | src.tmc_shapley_islands | Saved intermediate ranking trace to outputs/tmc_shapley_sweep_all_traits/shards/shard_015/body_mass/tmp/tmc_intermediate_rankings_target_14.csv
2026-03-04 20:53:19 | INFO | src.tmc_shapley_islands | Saved add-curve to outputs/tmc_shapley_sweep_all_traits/shards/shard_015/body_mass/tmp/add_curve_target_14.csv
2026-03-04 20:53:19 | INFO | src.tmc_shapley_islands | Saved remove-curve to outputs/tmc_shapley_sweep_all_traits/shards/shard_015/body_mass/tmp/remove_curve_target_14.csv
2026-03-04 20:53:20 | INFO | src.tmc_shapley_islands | Saved bar plot to outputs/tmc_shapley_sweep_all_traits/shards/shard_015/body_mass/tmp/shapley_bar_target_14.png
2026-03-04 20:53:20 | INFO | src.tmc_shapley_islands | Saved add-curve plot to outputs/tmc_shapley_sweep_all_traits/shards/shard_015/body_mass/tmp/add_curve_target_14.png
2026-03-04 20:53:21 | INFO | src.tmc_shapley_islands | Saved remove-curve plot to outputs/tmc_shapley_sweep_all_traits/shards/shard_015/body_mass/tmp/remove_curve_target_14.png
2026-03-04 20:53:21 | INFO | __main__ | Shard 15/30 trait=body_mass progress 52/75 | target=14 n_cal_samples=10 perm=20 repeat=5
2026-03-04 20:53:21 | INFO | src.tmc_shapley_islands | [Shapley] Target island: 14 (Southern 4), source islands: 15
2026-03-04 20:53:22 | INFO | src.tmc_shapley_islands | Data: source=5211 (across 15 islands), cal=10, test=336
2026-03-04 20:53:22 | INFO | src.tmc_shapley_islands | SNP selection: using fixed precomputed subset (n=20000)
2026-03-04 20:53:22 | INFO | src.tmc_shapley_islands | Island counts (capped to None in training):
  Nesøy: n=119
  Myken: n=92
  Træna: n=292
  Selvær: n=194
  Gjerøy: n=558
  Hestmannøy: n=1078
  Indre Kvarøy: n=356
  Onøy og Lurøy: n=259
  Lovund: n=158
  Sleneset: n=166
  Aldra: n=173
  Southern 1: n=583
  Southern 2: n=397
  Southern 3: n=584
  Southern 5: n=202
2026-03-04 20:53:22 | INFO | src.tmc_shapley_islands | Loaded 135 cached utilities from outputs/tmc_shapley_sweep_all_traits/cache/body_mass/utility_cache_target_14_seed_989715419.json
2026-03-04 20:53:22 | INFO | src.tmc_shapley_islands | Running TMC-Shapley with 20 permutations (utility on cal set)...
2026-03-04 20:53:22 | INFO | src.tmc_shapley_islands | Computing V_full over all 15 source islands...
2026-03-04 20:53:22 | INFO | src.tmc_shapley_islands | V_full = 0.6311
2026-03-04 20:53:22 | INFO | src.tmc_shapley_islands | TMC head-start: loaded 10 completed permutations from state outputs/tmc_shapley_sweep_all_traits/cache/body_mass/tmc_perm_state_target_14_seed_989715419.json
2026-03-04 20:53:49 | INFO | src.tmc_shapley_islands | TMC progress: 12/20 permutations done, cache hit rate: 22.6%, n_evals: 24
2026-03-04 20:54:50 | INFO | src.tmc_shapley_islands | TMC progress: 16/20 permutations done, cache hit rate: 22.0%, n_evals: 71
2026-03-04 20:55:50 | INFO | src.tmc_shapley_islands | TMC progress: 20/20 permutations done, cache hit rate: 20.5%, n_evals: 120
2026-03-04 20:55:50 | INFO | src.tmc_shapley_islands | TMC complete: 20 permutations, 0 truncated, 120 utility evals, cache hit rate: 20.5%
2026-03-04 20:55:50 | INFO | src.tmc_shapley_islands | Shapley values (phi, computed on cal set):
2026-03-04 20:55:50 | INFO | src.tmc_shapley_islands |   Nesøy: phi=-0.039685, phi/n=-0.00033349
2026-03-04 20:55:50 | INFO | src.tmc_shapley_islands |   Myken: phi=-0.062566, phi/n=-0.00068007
2026-03-04 20:55:50 | INFO | src.tmc_shapley_islands |   Træna: phi=-0.200175, phi/n=-0.00068553
2026-03-04 20:55:50 | INFO | src.tmc_shapley_islands |   Selvær: phi=0.022144, phi/n=0.00011415
2026-03-04 20:55:50 | INFO | src.tmc_shapley_islands |   Gjerøy: phi=-0.120766, phi/n=-0.00021643
2026-03-04 20:55:50 | INFO | src.tmc_shapley_islands |   Hestmannøy: phi=0.253386, phi/n=0.00023505
2026-03-04 20:55:50 | INFO | src.tmc_shapley_islands |   Indre Kvarøy: phi=0.314981, phi/n=0.00088478
2026-03-04 20:55:50 | INFO | src.tmc_shapley_islands |   Onøy og Lurøy: phi=0.245402, phi/n=0.00094750
2026-03-04 20:55:50 | INFO | src.tmc_shapley_islands |   Lovund: phi=0.056270, phi/n=0.00035614
2026-03-04 20:55:50 | INFO | src.tmc_shapley_islands |   Sleneset: phi=0.129587, phi/n=0.00078064
2026-03-04 20:55:50 | INFO | src.tmc_shapley_islands |   Aldra: phi=0.092051, phi/n=0.00053209
2026-03-04 20:55:50 | INFO | src.tmc_shapley_islands |   Southern 1: phi=-0.283922, phi/n=-0.00048700
2026-03-04 20:55:50 | INFO | src.tmc_shapley_islands |   Southern 2: phi=-0.204394, phi/n=-0.00051485
2026-03-04 20:55:50 | INFO | src.tmc_shapley_islands |   Southern 3: phi=0.341512, phi/n=0.00058478
2026-03-04 20:55:50 | INFO | src.tmc_shapley_islands |   Southern 5: phi=0.087245, phi/n=0.00043190
2026-03-04 20:55:50 | INFO | src.tmc_shapley_islands | Curve retraining early stopping: enabled=True, patience=20
2026-03-04 20:55:50 | INFO | src.tmc_shapley_islands | Computing add-islands curve (evaluated on test set)...
2026-03-04 20:55:50 | INFO | src.tmc_shapley_islands | Add-curve (mean): 1 islands, n=259 -> corr=0.0449
2026-03-04 20:55:51 | INFO | src.tmc_shapley_islands | Add-curve (mean): 2 islands, n=615 -> corr=-0.0158
2026-03-04 20:55:51 | INFO | src.tmc_shapley_islands | Add-curve (mean): 3 islands, n=781 -> corr=-0.0002
2026-03-04 20:55:52 | INFO | src.tmc_shapley_islands | Add-curve (mean): 4 islands, n=1365 -> corr=0.0584
2026-03-04 20:55:52 | INFO | src.tmc_shapley_islands | Add-curve (mean): 5 islands, n=1538 -> corr=0.0383
2026-03-04 20:55:53 | INFO | src.tmc_shapley_islands | Add-curve (mean): 6 islands, n=1740 -> corr=0.0471
2026-03-04 20:55:54 | INFO | src.tmc_shapley_islands | Add-curve (mean): 7 islands, n=1898 -> corr=0.0562
2026-03-04 20:55:55 | INFO | src.tmc_shapley_islands | Add-curve (mean): 8 islands, n=2976 -> corr=0.0428
2026-03-04 20:55:57 | INFO | src.tmc_shapley_islands | Add-curve (mean): 9 islands, n=3170 -> corr=0.0440
2026-03-04 20:55:58 | INFO | src.tmc_shapley_islands | Add-curve (mean): 10 islands, n=3728 -> corr=0.0433
2026-03-04 20:56:00 | INFO | src.tmc_shapley_islands | Add-curve (mean): 11 islands, n=3847 -> corr=0.0451
2026-03-04 20:56:02 | INFO | src.tmc_shapley_islands | Add-curve (mean): 12 islands, n=4430 -> corr=0.0815
2026-03-04 20:56:04 | INFO | src.tmc_shapley_islands | Add-curve (mean): 13 islands, n=4827 -> corr=0.1059
2026-03-04 20:56:07 | INFO | src.tmc_shapley_islands | Add-curve (mean): 14 islands, n=4919 -> corr=0.1015
2026-03-04 20:56:09 | INFO | src.tmc_shapley_islands | Add-curve (mean): 15 islands, n=5211 -> corr=0.1049
2026-03-04 20:56:22 | INFO | src.tmc_shapley_islands | Random individual add-curve (seed=0) complete
2026-03-04 20:56:35 | INFO | src.tmc_shapley_islands | Random individual add-curve (seed=1) complete
2026-03-04 20:56:47 | INFO | src.tmc_shapley_islands | Random individual add-curve (seed=2) complete
2026-03-04 20:57:00 | INFO | src.tmc_shapley_islands | Random individual add-curve (seed=3) complete
2026-03-04 20:57:13 | INFO | src.tmc_shapley_islands | Random individual add-curve (seed=4) complete
2026-03-04 20:57:13 | INFO | src.tmc_shapley_islands | Building mirrored remove-islands curve from add-islands curve...
2026-03-04 20:57:13 | INFO | src.tmc_shapley_islands | Saved Shapley values to outputs/tmc_shapley_sweep_all_traits/shards/shard_015/body_mass/tmp/shapley_island_values_target_14.csv
2026-03-04 20:57:13 | INFO | src.tmc_shapley_islands | Saved summary to outputs/tmc_shapley_sweep_all_traits/shards/shard_015/body_mass/tmp/tmc_summary_target_14.json
2026-03-04 20:57:13 | INFO | src.tmc_shapley_islands | Saved intermediate ranking trace to outputs/tmc_shapley_sweep_all_traits/shards/shard_015/body_mass/tmp/tmc_intermediate_rankings_target_14.csv
2026-03-04 20:57:13 | INFO | src.tmc_shapley_islands | Saved add-curve to outputs/tmc_shapley_sweep_all_traits/shards/shard_015/body_mass/tmp/add_curve_target_14.csv
2026-03-04 20:57:13 | INFO | src.tmc_shapley_islands | Saved remove-curve to outputs/tmc_shapley_sweep_all_traits/shards/shard_015/body_mass/tmp/remove_curve_target_14.csv
2026-03-04 20:57:14 | INFO | src.tmc_shapley_islands | Saved bar plot to outputs/tmc_shapley_sweep_all_traits/shards/shard_015/body_mass/tmp/shapley_bar_target_14.png
2026-03-04 20:57:15 | INFO | src.tmc_shapley_islands | Saved add-curve plot to outputs/tmc_shapley_sweep_all_traits/shards/shard_015/body_mass/tmp/add_curve_target_14.png
2026-03-04 20:57:15 | INFO | src.tmc_shapley_islands | Saved remove-curve plot to outputs/tmc_shapley_sweep_all_traits/shards/shard_015/body_mass/tmp/remove_curve_target_14.png
2026-03-04 20:57:15 | INFO | __main__ | Shard 15/30 trait=body_mass progress 53/75 | target=14 n_cal_samples=10 perm=40 repeat=5
2026-03-04 20:57:15 | INFO | src.tmc_shapley_islands | [Shapley] Target island: 14 (Southern 4), source islands: 15
2026-03-04 20:57:16 | INFO | src.tmc_shapley_islands | Data: source=5211 (across 15 islands), cal=10, test=336
2026-03-04 20:57:16 | INFO | src.tmc_shapley_islands | SNP selection: using fixed precomputed subset (n=20000)
2026-03-04 20:57:16 | INFO | src.tmc_shapley_islands | Island counts (capped to None in training):
  Nesøy: n=119
  Myken: n=92
  Træna: n=292
  Selvær: n=194
  Gjerøy: n=558
  Hestmannøy: n=1078
  Indre Kvarøy: n=356
  Onøy og Lurøy: n=259
  Lovund: n=158
  Sleneset: n=166
  Aldra: n=173
  Southern 1: n=583
  Southern 2: n=397
  Southern 3: n=584
  Southern 5: n=202
2026-03-04 20:57:16 | INFO | src.tmc_shapley_islands | Loaded 255 cached utilities from outputs/tmc_shapley_sweep_all_traits/cache/body_mass/utility_cache_target_14_seed_989715419.json
2026-03-04 20:57:16 | INFO | src.tmc_shapley_islands | Running TMC-Shapley with 40 permutations (utility on cal set)...
2026-03-04 20:57:16 | INFO | src.tmc_shapley_islands | Computing V_full over all 15 source islands...
2026-03-04 20:57:16 | INFO | src.tmc_shapley_islands | V_full = 0.6311
2026-03-04 20:57:16 | INFO | src.tmc_shapley_islands | TMC head-start: loaded 20 completed permutations from state outputs/tmc_shapley_sweep_all_traits/cache/body_mass/tmc_perm_state_target_14_seed_989715419.json
2026-03-04 20:58:15 | INFO | src.tmc_shapley_islands | TMC progress: 24/40 permutations done, cache hit rate: 19.7%, n_evals: 49
2026-03-04 21:00:01 | INFO | src.tmc_shapley_islands | TMC progress: 32/40 permutations done, cache hit rate: 21.0%, n_evals: 143
2026-03-04 21:01:37 | INFO | src.tmc_shapley_islands | TMC progress: 40/40 permutations done, cache hit rate: 21.6%, n_evals: 236
2026-03-04 21:01:37 | INFO | src.tmc_shapley_islands | TMC complete: 40 permutations, 0 truncated, 236 utility evals, cache hit rate: 21.6%
2026-03-04 21:01:37 | INFO | src.tmc_shapley_islands | Shapley values (phi, computed on cal set):
2026-03-04 21:01:37 | INFO | src.tmc_shapley_islands |   Nesøy: phi=-0.038908, phi/n=-0.00032696
2026-03-04 21:01:37 | INFO | src.tmc_shapley_islands |   Myken: phi=-0.072802, phi/n=-0.00079132
2026-03-04 21:01:37 | INFO | src.tmc_shapley_islands |   Træna: phi=-0.224754, phi/n=-0.00076970
2026-03-04 21:01:37 | INFO | src.tmc_shapley_islands |   Selvær: phi=0.023196, phi/n=0.00011957
2026-03-04 21:01:37 | INFO | src.tmc_shapley_islands |   Gjerøy: phi=-0.149200, phi/n=-0.00026738
2026-03-04 21:01:37 | INFO | src.tmc_shapley_islands |   Hestmannøy: phi=0.242423, phi/n=0.00022488
2026-03-04 21:01:37 | INFO | src.tmc_shapley_islands |   Indre Kvarøy: phi=0.307613, phi/n=0.00086408
2026-03-04 21:01:37 | INFO | src.tmc_shapley_islands |   Onøy og Lurøy: phi=0.288118, phi/n=0.00111243
2026-03-04 21:01:37 | INFO | src.tmc_shapley_islands |   Lovund: phi=0.073056, phi/n=0.00046238
2026-03-04 21:01:37 | INFO | src.tmc_shapley_islands |   Sleneset: phi=0.126029, phi/n=0.00075921
2026-03-04 21:01:37 | INFO | src.tmc_shapley_islands |   Aldra: phi=0.094262, phi/n=0.00054486
2026-03-04 21:01:37 | INFO | src.tmc_shapley_islands |   Southern 1: phi=-0.265461, phi/n=-0.00045534
2026-03-04 21:01:37 | INFO | src.tmc_shapley_islands |   Southern 2: phi=-0.155827, phi/n=-0.00039251
2026-03-04 21:01:37 | INFO | src.tmc_shapley_islands |   Southern 3: phi=0.315206, phi/n=0.00053974
2026-03-04 21:01:37 | INFO | src.tmc_shapley_islands |   Southern 5: phi=0.068119, phi/n=0.00033722
2026-03-04 21:01:37 | INFO | src.tmc_shapley_islands | Curve retraining early stopping: enabled=True, patience=20
2026-03-04 21:01:37 | INFO | src.tmc_shapley_islands | Computing add-islands curve (evaluated on test set)...
2026-03-04 21:01:37 | INFO | src.tmc_shapley_islands | Add-curve (mean): 1 islands, n=259 -> corr=0.0449
2026-03-04 21:01:37 | INFO | src.tmc_shapley_islands | Add-curve (mean): 2 islands, n=615 -> corr=-0.0158
2026-03-04 21:01:38 | INFO | src.tmc_shapley_islands | Add-curve (mean): 3 islands, n=781 -> corr=-0.0002
2026-03-04 21:01:38 | INFO | src.tmc_shapley_islands | Add-curve (mean): 4 islands, n=954 -> corr=-0.0242
2026-03-04 21:01:39 | INFO | src.tmc_shapley_islands | Add-curve (mean): 5 islands, n=1538 -> corr=0.0383
2026-03-04 21:01:40 | INFO | src.tmc_shapley_islands | Add-curve (mean): 6 islands, n=1696 -> corr=0.0506
2026-03-04 21:01:40 | INFO | src.tmc_shapley_islands | Add-curve (mean): 7 islands, n=1898 -> corr=0.0562
2026-03-04 21:01:42 | INFO | src.tmc_shapley_islands | Add-curve (mean): 8 islands, n=2976 -> corr=0.0428
2026-03-04 21:01:43 | INFO | src.tmc_shapley_islands | Add-curve (mean): 9 islands, n=3170 -> corr=0.0440
2026-03-04 21:01:45 | INFO | src.tmc_shapley_islands | Add-curve (mean): 10 islands, n=3728 -> corr=0.0433
2026-03-04 21:01:46 | INFO | src.tmc_shapley_islands | Add-curve (mean): 11 islands, n=3847 -> corr=0.0451
2026-03-04 21:01:48 | INFO | src.tmc_shapley_islands | Add-curve (mean): 12 islands, n=4244 -> corr=0.0754
2026-03-04 21:01:50 | INFO | src.tmc_shapley_islands | Add-curve (mean): 13 islands, n=4827 -> corr=0.1059
2026-03-04 21:01:53 | INFO | src.tmc_shapley_islands | Add-curve (mean): 14 islands, n=5119 -> corr=0.1094
2026-03-04 21:01:56 | INFO | src.tmc_shapley_islands | Add-curve (mean): 15 islands, n=5211 -> corr=0.1049
2026-03-04 21:02:08 | INFO | src.tmc_shapley_islands | Random individual add-curve (seed=0) complete
2026-03-04 21:02:22 | INFO | src.tmc_shapley_islands | Random individual add-curve (seed=1) complete
2026-03-04 21:02:34 | INFO | src.tmc_shapley_islands | Random individual add-curve (seed=2) complete
2026-03-04 21:02:47 | INFO | src.tmc_shapley_islands | Random individual add-curve (seed=3) complete
2026-03-04 21:03:00 | INFO | src.tmc_shapley_islands | Random individual add-curve (seed=4) complete
2026-03-04 21:03:00 | INFO | src.tmc_shapley_islands | Building mirrored remove-islands curve from add-islands curve...
2026-03-04 21:03:00 | INFO | src.tmc_shapley_islands | Saved Shapley values to outputs/tmc_shapley_sweep_all_traits/shards/shard_015/body_mass/tmp/shapley_island_values_target_14.csv
2026-03-04 21:03:00 | INFO | src.tmc_shapley_islands | Saved summary to outputs/tmc_shapley_sweep_all_traits/shards/shard_015/body_mass/tmp/tmc_summary_target_14.json
2026-03-04 21:03:00 | INFO | src.tmc_shapley_islands | Saved intermediate ranking trace to outputs/tmc_shapley_sweep_all_traits/shards/shard_015/body_mass/tmp/tmc_intermediate_rankings_target_14.csv
2026-03-04 21:03:00 | INFO | src.tmc_shapley_islands | Saved add-curve to outputs/tmc_shapley_sweep_all_traits/shards/shard_015/body_mass/tmp/add_curve_target_14.csv
2026-03-04 21:03:00 | INFO | src.tmc_shapley_islands | Saved remove-curve to outputs/tmc_shapley_sweep_all_traits/shards/shard_015/body_mass/tmp/remove_curve_target_14.csv
2026-03-04 21:03:01 | INFO | src.tmc_shapley_islands | Saved bar plot to outputs/tmc_shapley_sweep_all_traits/shards/shard_015/body_mass/tmp/shapley_bar_target_14.png
2026-03-04 21:03:02 | INFO | src.tmc_shapley_islands | Saved add-curve plot to outputs/tmc_shapley_sweep_all_traits/shards/shard_015/body_mass/tmp/add_curve_target_14.png
2026-03-04 21:03:02 | INFO | src.tmc_shapley_islands | Saved remove-curve plot to outputs/tmc_shapley_sweep_all_traits/shards/shard_015/body_mass/tmp/remove_curve_target_14.png
2026-03-04 21:03:02 | INFO | __main__ | Shard 15/30 trait=body_mass progress 54/75 | target=14 n_cal_samples=10 perm=80 repeat=5
2026-03-04 21:03:02 | INFO | src.tmc_shapley_islands | [Shapley] Target island: 14 (Southern 4), source islands: 15
2026-03-04 21:03:03 | INFO | src.tmc_shapley_islands | Data: source=5211 (across 15 islands), cal=10, test=336
2026-03-04 21:03:03 | INFO | src.tmc_shapley_islands | SNP selection: using fixed precomputed subset (n=20000)
2026-03-04 21:03:03 | INFO | src.tmc_shapley_islands | Island counts (capped to None in training):
  Nesøy: n=119
  Myken: n=92
  Træna: n=292
  Selvær: n=194
  Gjerøy: n=558
  Hestmannøy: n=1078
  Indre Kvarøy: n=356
  Onøy og Lurøy: n=259
  Lovund: n=158
  Sleneset: n=166
  Aldra: n=173
  Southern 1: n=583
  Southern 2: n=397
  Southern 3: n=584
  Southern 5: n=202
2026-03-04 21:03:03 | INFO | src.tmc_shapley_islands | Loaded 491 cached utilities from outputs/tmc_shapley_sweep_all_traits/cache/body_mass/utility_cache_target_14_seed_989715419.json
2026-03-04 21:03:03 | INFO | src.tmc_shapley_islands | Running TMC-Shapley with 80 permutations (utility on cal set)...
2026-03-04 21:03:03 | INFO | src.tmc_shapley_islands | Computing V_full over all 15 source islands...
2026-03-04 21:03:03 | INFO | src.tmc_shapley_islands | V_full = 0.6311
2026-03-04 21:03:03 | INFO | src.tmc_shapley_islands | TMC head-start: loaded 40 completed permutations from state outputs/tmc_shapley_sweep_all_traits/cache/body_mass/tmc_perm_state_target_14_seed_989715419.json
2026-03-04 21:04:40 | INFO | src.tmc_shapley_islands | TMC progress: 48/80 permutations done, cache hit rate: 26.4%, n_evals: 89
2026-03-04 21:07:55 | INFO | src.tmc_shapley_islands | TMC progress: 64/80 permutations done, cache hit rate: 26.9%, n_evals: 264
2026-03-04 21:11:16 | INFO | src.tmc_shapley_islands | TMC progress: 80/80 permutations done, cache hit rate: 28.1%, n_evals: 432
2026-03-04 21:11:16 | INFO | src.tmc_shapley_islands | TMC complete: 80 permutations, 0 truncated, 432 utility evals, cache hit rate: 28.1%
2026-03-04 21:11:16 | INFO | src.tmc_shapley_islands | Shapley values (phi, computed on cal set):
2026-03-04 21:11:16 | INFO | src.tmc_shapley_islands |   Nesøy: phi=-0.033674, phi/n=-0.00028298
2026-03-04 21:11:16 | INFO | src.tmc_shapley_islands |   Myken: phi=-0.064589, phi/n=-0.00070205
2026-03-04 21:11:16 | INFO | src.tmc_shapley_islands |   Træna: phi=-0.205557, phi/n=-0.00070396
2026-03-04 21:11:16 | INFO | src.tmc_shapley_islands |   Selvær: phi=0.024284, phi/n=0.00012518
2026-03-04 21:11:16 | INFO | src.tmc_shapley_islands |   Gjerøy: phi=-0.150614, phi/n=-0.00026992
2026-03-04 21:11:16 | INFO | src.tmc_shapley_islands |   Hestmannøy: phi=0.228947, phi/n=0.00021238
2026-03-04 21:11:16 | INFO | src.tmc_shapley_islands |   Indre Kvarøy: phi=0.257837, phi/n=0.00072426
2026-03-04 21:11:16 | INFO | src.tmc_shapley_islands |   Onøy og Lurøy: phi=0.329681, phi/n=0.00127290
2026-03-04 21:11:16 | INFO | src.tmc_shapley_islands |   Lovund: phi=0.070985, phi/n=0.00044927
2026-03-04 21:11:16 | INFO | src.tmc_shapley_islands |   Sleneset: phi=0.125301, phi/n=0.00075482
2026-03-04 21:11:16 | INFO | src.tmc_shapley_islands |   Aldra: phi=0.092140, phi/n=0.00053260
2026-03-04 21:11:16 | INFO | src.tmc_shapley_islands |   Southern 1: phi=-0.237348, phi/n=-0.00040711
2026-03-04 21:11:16 | INFO | src.tmc_shapley_islands |   Southern 2: phi=-0.129476, phi/n=-0.00032614
2026-03-04 21:11:16 | INFO | src.tmc_shapley_islands |   Southern 3: phi=0.275073, phi/n=0.00047101
2026-03-04 21:11:16 | INFO | src.tmc_shapley_islands |   Southern 5: phi=0.048079, phi/n=0.00023802
2026-03-04 21:11:16 | INFO | src.tmc_shapley_islands | Curve retraining early stopping: enabled=True, patience=20
2026-03-04 21:11:16 | INFO | src.tmc_shapley_islands | Computing add-islands curve (evaluated on test set)...
2026-03-04 21:11:16 | INFO | src.tmc_shapley_islands | Add-curve (mean): 1 islands, n=259 -> corr=0.0449
2026-03-04 21:11:16 | INFO | src.tmc_shapley_islands | Add-curve (mean): 2 islands, n=425 -> corr=0.0566
2026-03-04 21:11:17 | INFO | src.tmc_shapley_islands | Add-curve (mean): 3 islands, n=781 -> corr=-0.0002
2026-03-04 21:11:17 | INFO | src.tmc_shapley_islands | Add-curve (mean): 4 islands, n=954 -> corr=-0.0242
2026-03-04 21:11:18 | INFO | src.tmc_shapley_islands | Add-curve (mean): 5 islands, n=1538 -> corr=0.0383
2026-03-04 21:11:18 | INFO | src.tmc_shapley_islands | Add-curve (mean): 6 islands, n=1696 -> corr=0.0506
2026-03-04 21:11:19 | INFO | src.tmc_shapley_islands | Add-curve (mean): 7 islands, n=1898 -> corr=0.0562
2026-03-04 21:11:21 | INFO | src.tmc_shapley_islands | Add-curve (mean): 8 islands, n=2976 -> corr=0.0428
2026-03-04 21:11:22 | INFO | src.tmc_shapley_islands | Add-curve (mean): 9 islands, n=3170 -> corr=0.0440
2026-03-04 21:11:24 | INFO | src.tmc_shapley_islands | Add-curve (mean): 10 islands, n=3728 -> corr=0.0433
2026-03-04 21:11:25 | INFO | src.tmc_shapley_islands | Add-curve (mean): 11 islands, n=3847 -> corr=0.0451
2026-03-04 21:11:27 | INFO | src.tmc_shapley_islands | Add-curve (mean): 12 islands, n=4244 -> corr=0.0754
2026-03-04 21:11:29 | INFO | src.tmc_shapley_islands | Add-curve (mean): 13 islands, n=4827 -> corr=0.1059
2026-03-04 21:11:32 | INFO | src.tmc_shapley_islands | Add-curve (mean): 14 islands, n=4919 -> corr=0.1015
2026-03-04 21:11:34 | INFO | src.tmc_shapley_islands | Add-curve (mean): 15 islands, n=5211 -> corr=0.1049
2026-03-04 21:11:47 | INFO | src.tmc_shapley_islands | Random individual add-curve (seed=0) complete
2026-03-04 21:12:00 | INFO | src.tmc_shapley_islands | Random individual add-curve (seed=1) complete
2026-03-04 21:12:13 | INFO | src.tmc_shapley_islands | Random individual add-curve (seed=2) complete
2026-03-04 21:12:26 | INFO | src.tmc_shapley_islands | Random individual add-curve (seed=3) complete
2026-03-04 21:12:39 | INFO | src.tmc_shapley_islands | Random individual add-curve (seed=4) complete
2026-03-04 21:12:39 | INFO | src.tmc_shapley_islands | Building mirrored remove-islands curve from add-islands curve...
2026-03-04 21:12:39 | INFO | src.tmc_shapley_islands | Saved Shapley values to outputs/tmc_shapley_sweep_all_traits/shards/shard_015/body_mass/tmp/shapley_island_values_target_14.csv
2026-03-04 21:12:39 | INFO | src.tmc_shapley_islands | Saved summary to outputs/tmc_shapley_sweep_all_traits/shards/shard_015/body_mass/tmp/tmc_summary_target_14.json
2026-03-04 21:12:39 | INFO | src.tmc_shapley_islands | Saved intermediate ranking trace to outputs/tmc_shapley_sweep_all_traits/shards/shard_015/body_mass/tmp/tmc_intermediate_rankings_target_14.csv
2026-03-04 21:12:39 | INFO | src.tmc_shapley_islands | Saved add-curve to outputs/tmc_shapley_sweep_all_traits/shards/shard_015/body_mass/tmp/add_curve_target_14.csv
2026-03-04 21:12:39 | INFO | src.tmc_shapley_islands | Saved remove-curve to outputs/tmc_shapley_sweep_all_traits/shards/shard_015/body_mass/tmp/remove_curve_target_14.csv
2026-03-04 21:12:39 | INFO | src.tmc_shapley_islands | Saved bar plot to outputs/tmc_shapley_sweep_all_traits/shards/shard_015/body_mass/tmp/shapley_bar_target_14.png
2026-03-04 21:12:40 | INFO | src.tmc_shapley_islands | Saved add-curve plot to outputs/tmc_shapley_sweep_all_traits/shards/shard_015/body_mass/tmp/add_curve_target_14.png
2026-03-04 21:12:41 | INFO | src.tmc_shapley_islands | Saved remove-curve plot to outputs/tmc_shapley_sweep_all_traits/shards/shard_015/body_mass/tmp/remove_curve_target_14.png
2026-03-04 21:12:41 | INFO | __main__ | Shard 15/30 trait=body_mass progress 55/75 | target=14 n_cal_samples=10 perm=150 repeat=5
2026-03-04 21:12:41 | INFO | src.tmc_shapley_islands | [Shapley] Target island: 14 (Southern 4), source islands: 15
2026-03-04 21:12:41 | INFO | src.tmc_shapley_islands | Data: source=5211 (across 15 islands), cal=10, test=336
2026-03-04 21:12:41 | INFO | src.tmc_shapley_islands | SNP selection: using fixed precomputed subset (n=20000)
2026-03-04 21:12:41 | INFO | src.tmc_shapley_islands | Island counts (capped to None in training):
  Nesøy: n=119
  Myken: n=92
  Træna: n=292
  Selvær: n=194
  Gjerøy: n=558
  Hestmannøy: n=1078
  Indre Kvarøy: n=356
  Onøy og Lurøy: n=259
  Lovund: n=158
  Sleneset: n=166
  Aldra: n=173
  Southern 1: n=583
  Southern 2: n=397
  Southern 3: n=584
  Southern 5: n=202
2026-03-04 21:12:41 | INFO | src.tmc_shapley_islands | Loaded 923 cached utilities from outputs/tmc_shapley_sweep_all_traits/cache/body_mass/utility_cache_target_14_seed_989715419.json
2026-03-04 21:12:41 | INFO | src.tmc_shapley_islands | Running TMC-Shapley with 150 permutations (utility on cal set)...
2026-03-04 21:12:41 | INFO | src.tmc_shapley_islands | Computing V_full over all 15 source islands...
2026-03-04 21:12:41 | INFO | src.tmc_shapley_islands | V_full = 0.6311
2026-03-04 21:12:41 | INFO | src.tmc_shapley_islands | TMC head-start: loaded 80 completed permutations from state outputs/tmc_shapley_sweep_all_traits/cache/body_mass/tmc_perm_state_target_14_seed_989715419.json
2026-03-04 21:14:40 | INFO | src.tmc_shapley_islands | TMC progress: 90/150 permutations done, cache hit rate: 29.1%, n_evals: 107
2026-03-04 21:20:05 | INFO | src.tmc_shapley_islands | TMC progress: 120/150 permutations done, cache hit rate: 32.4%, n_evals: 406
2026-03-04 21:25:16 | INFO | src.tmc_shapley_islands | TMC progress: 150/150 permutations done, cache hit rate: 34.9%, n_evals: 684
2026-03-04 21:25:16 | INFO | src.tmc_shapley_islands | TMC complete: 150 permutations, 0 truncated, 684 utility evals, cache hit rate: 34.9%
2026-03-04 21:25:16 | INFO | src.tmc_shapley_islands | Shapley values (phi, computed on cal set):
2026-03-04 21:25:16 | INFO | src.tmc_shapley_islands |   Nesøy: phi=-0.037424, phi/n=-0.00031449
2026-03-04 21:25:16 | INFO | src.tmc_shapley_islands |   Myken: phi=-0.069723, phi/n=-0.00075786
2026-03-04 21:25:16 | INFO | src.tmc_shapley_islands |   Træna: phi=-0.211930, phi/n=-0.00072579
2026-03-04 21:25:16 | INFO | src.tmc_shapley_islands |   Selvær: phi=0.026939, phi/n=0.00013886
2026-03-04 21:25:16 | INFO | src.tmc_shapley_islands |   Gjerøy: phi=-0.152599, phi/n=-0.00027348
2026-03-04 21:25:16 | INFO | src.tmc_shapley_islands |   Hestmannøy: phi=0.204781, phi/n=0.00018996
2026-03-04 21:25:16 | INFO | src.tmc_shapley_islands |   Indre Kvarøy: phi=0.259215, phi/n=0.00072813
2026-03-04 21:25:16 | INFO | src.tmc_shapley_islands |   Onøy og Lurøy: phi=0.318680, phi/n=0.00123043
2026-03-04 21:25:16 | INFO | src.tmc_shapley_islands |   Lovund: phi=0.069166, phi/n=0.00043776
2026-03-04 21:25:16 | INFO | src.tmc_shapley_islands |   Sleneset: phi=0.130224, phi/n=0.00078448
2026-03-04 21:25:16 | INFO | src.tmc_shapley_islands |   Aldra: phi=0.094347, phi/n=0.00054536
2026-03-04 21:25:16 | INFO | src.tmc_shapley_islands |   Southern 1: phi=-0.218574, phi/n=-0.00037491
2026-03-04 21:25:16 | INFO | src.tmc_shapley_islands |   Southern 2: phi=-0.123073, phi/n=-0.00031001
2026-03-04 21:25:16 | INFO | src.tmc_shapley_islands |   Southern 3: phi=0.295004, phi/n=0.00050514
2026-03-04 21:25:16 | INFO | src.tmc_shapley_islands |   Southern 5: phi=0.046038, phi/n=0.00022791
2026-03-04 21:25:16 | INFO | src.tmc_shapley_islands | Curve retraining early stopping: enabled=True, patience=20
2026-03-04 21:25:16 | INFO | src.tmc_shapley_islands | Computing add-islands curve (evaluated on test set)...
2026-03-04 21:25:16 | INFO | src.tmc_shapley_islands | Add-curve (mean): 1 islands, n=259 -> corr=0.0449
2026-03-04 21:25:16 | INFO | src.tmc_shapley_islands | Add-curve (mean): 2 islands, n=425 -> corr=0.0566
2026-03-04 21:25:17 | INFO | src.tmc_shapley_islands | Add-curve (mean): 3 islands, n=781 -> corr=-0.0002
2026-03-04 21:25:17 | INFO | src.tmc_shapley_islands | Add-curve (mean): 4 islands, n=954 -> corr=-0.0242
2026-03-04 21:25:18 | INFO | src.tmc_shapley_islands | Add-curve (mean): 5 islands, n=1538 -> corr=0.0383
2026-03-04 21:25:19 | INFO | src.tmc_shapley_islands | Add-curve (mean): 6 islands, n=1696 -> corr=0.0506
2026-03-04 21:25:20 | INFO | src.tmc_shapley_islands | Add-curve (mean): 7 islands, n=1898 -> corr=0.0562
2026-03-04 21:25:21 | INFO | src.tmc_shapley_islands | Add-curve (mean): 8 islands, n=2976 -> corr=0.0428
2026-03-04 21:25:22 | INFO | src.tmc_shapley_islands | Add-curve (mean): 9 islands, n=3170 -> corr=0.0440
2026-03-04 21:25:24 | INFO | src.tmc_shapley_islands | Add-curve (mean): 10 islands, n=3728 -> corr=0.0433
2026-03-04 21:25:26 | INFO | src.tmc_shapley_islands | Add-curve (mean): 11 islands, n=4125 -> corr=0.0727
2026-03-04 21:25:28 | INFO | src.tmc_shapley_islands | Add-curve (mean): 12 islands, n=4244 -> corr=0.0754
2026-03-04 21:25:30 | INFO | src.tmc_shapley_islands | Add-curve (mean): 13 islands, n=4827 -> corr=0.1059
2026-03-04 21:25:33 | INFO | src.tmc_shapley_islands | Add-curve (mean): 14 islands, n=5119 -> corr=0.1094
2026-03-04 21:25:35 | INFO | src.tmc_shapley_islands | Add-curve (mean): 15 islands, n=5211 -> corr=0.1049
2026-03-04 21:25:49 | INFO | src.tmc_shapley_islands | Random individual add-curve (seed=0) complete
2026-03-04 21:26:02 | INFO | src.tmc_shapley_islands | Random individual add-curve (seed=1) complete
2026-03-04 21:26:15 | INFO | src.tmc_shapley_islands | Random individual add-curve (seed=2) complete
2026-03-04 21:26:28 | INFO | src.tmc_shapley_islands | Random individual add-curve (seed=3) complete
2026-03-04 21:26:41 | INFO | src.tmc_shapley_islands | Random individual add-curve (seed=4) complete
2026-03-04 21:26:41 | INFO | src.tmc_shapley_islands | Building mirrored remove-islands curve from add-islands curve...
2026-03-04 21:26:41 | INFO | src.tmc_shapley_islands | Saved Shapley values to outputs/tmc_shapley_sweep_all_traits/shards/shard_015/body_mass/tmp/shapley_island_values_target_14.csv
2026-03-04 21:26:41 | INFO | src.tmc_shapley_islands | Saved summary to outputs/tmc_shapley_sweep_all_traits/shards/shard_015/body_mass/tmp/tmc_summary_target_14.json
2026-03-04 21:26:41 | INFO | src.tmc_shapley_islands | Saved intermediate ranking trace to outputs/tmc_shapley_sweep_all_traits/shards/shard_015/body_mass/tmp/tmc_intermediate_rankings_target_14.csv
2026-03-04 21:26:41 | INFO | src.tmc_shapley_islands | Saved add-curve to outputs/tmc_shapley_sweep_all_traits/shards/shard_015/body_mass/tmp/add_curve_target_14.csv
2026-03-04 21:26:41 | INFO | src.tmc_shapley_islands | Saved remove-curve to outputs/tmc_shapley_sweep_all_traits/shards/shard_015/body_mass/tmp/remove_curve_target_14.csv
2026-03-04 21:26:42 | INFO | src.tmc_shapley_islands | Saved bar plot to outputs/tmc_shapley_sweep_all_traits/shards/shard_015/body_mass/tmp/shapley_bar_target_14.png
2026-03-04 21:26:43 | INFO | src.tmc_shapley_islands | Saved add-curve plot to outputs/tmc_shapley_sweep_all_traits/shards/shard_015/body_mass/tmp/add_curve_target_14.png
2026-03-04 21:26:43 | INFO | src.tmc_shapley_islands | Saved remove-curve plot to outputs/tmc_shapley_sweep_all_traits/shards/shard_015/body_mass/tmp/remove_curve_target_14.png
2026-03-04 21:26:43 | INFO | __main__ | Shard 15/30 trait=body_mass progress 56/75 | target=14 n_cal_samples=20 perm=10 repeat=5
2026-03-04 21:26:43 | INFO | src.tmc_shapley_islands | [Shapley] Target island: 14 (Southern 4), source islands: 15
2026-03-04 21:26:44 | INFO | src.tmc_shapley_islands | Data: source=5211 (across 15 islands), cal=20, test=336
2026-03-04 21:26:44 | INFO | src.tmc_shapley_islands | SNP selection: using fixed precomputed subset (n=20000)
2026-03-04 21:26:44 | INFO | src.tmc_shapley_islands | Island counts (capped to None in training):
  Nesøy: n=119
  Myken: n=92
  Træna: n=292
  Selvær: n=194
  Gjerøy: n=558
  Hestmannøy: n=1078
  Indre Kvarøy: n=356
  Onøy og Lurøy: n=259
  Lovund: n=158
  Sleneset: n=166
  Aldra: n=173
  Southern 1: n=583
  Southern 2: n=397
  Southern 3: n=584
  Southern 5: n=202
2026-03-04 21:26:44 | INFO | src.tmc_shapley_islands | Running TMC-Shapley with 10 permutations (utility on cal set)...
2026-03-04 21:26:44 | INFO | src.tmc_shapley_islands | Computing V_full over all 15 source islands...
2026-03-04 21:26:47 | INFO | src.tmc_shapley_islands | V_full = -0.0108
2026-03-04 21:27:20 | INFO | src.tmc_shapley_islands | TMC progress: 2/10 permutations done, cache hit rate: 6.5%, n_evals: 29
2026-03-04 21:27:46 | INFO | src.tmc_shapley_islands | TMC progress: 4/10 permutations done, cache hit rate: 8.2%, n_evals: 56
2026-03-04 21:28:15 | INFO | src.tmc_shapley_islands | TMC progress: 6/10 permutations done, cache hit rate: 8.8%, n_evals: 83
2026-03-04 21:28:43 | INFO | src.tmc_shapley_islands | TMC progress: 8/10 permutations done, cache hit rate: 9.1%, n_evals: 110
2026-03-04 21:29:05 | INFO | src.tmc_shapley_islands | TMC progress: 10/10 permutations done, cache hit rate: 11.9%, n_evals: 133
2026-03-04 21:29:05 | INFO | src.tmc_shapley_islands | TMC complete: 10 permutations, 0 truncated, 133 utility evals, cache hit rate: 11.9%
2026-03-04 21:29:05 | INFO | src.tmc_shapley_islands | Shapley values (phi, computed on cal set):
2026-03-04 21:29:05 | INFO | src.tmc_shapley_islands |   Nesøy: phi=-0.020918, phi/n=-0.00017578
2026-03-04 21:29:05 | INFO | src.tmc_shapley_islands |   Myken: phi=-0.138687, phi/n=-0.00150747
2026-03-04 21:29:05 | INFO | src.tmc_shapley_islands |   Træna: phi=-0.112027, phi/n=-0.00038365
2026-03-04 21:29:05 | INFO | src.tmc_shapley_islands |   Selvær: phi=0.107789, phi/n=0.00055561
2026-03-04 21:29:05 | INFO | src.tmc_shapley_islands |   Gjerøy: phi=0.083079, phi/n=0.00014889
2026-03-04 21:29:05 | INFO | src.tmc_shapley_islands |   Hestmannøy: phi=-0.067255, phi/n=-0.00006239
2026-03-04 21:29:05 | INFO | src.tmc_shapley_islands |   Indre Kvarøy: phi=-0.096083, phi/n=-0.00026990
2026-03-04 21:29:05 | INFO | src.tmc_shapley_islands |   Onøy og Lurøy: phi=0.050795, phi/n=0.00019612
2026-03-04 21:29:05 | INFO | src.tmc_shapley_islands |   Lovund: phi=0.036699, phi/n=0.00023228
2026-03-04 21:29:05 | INFO | src.tmc_shapley_islands |   Sleneset: phi=0.027978, phi/n=0.00016854
2026-03-04 21:29:05 | INFO | src.tmc_shapley_islands |   Aldra: phi=-0.014830, phi/n=-0.00008572
2026-03-04 21:29:05 | INFO | src.tmc_shapley_islands |   Southern 1: phi=0.150751, phi/n=0.00025858
2026-03-04 21:29:05 | INFO | src.tmc_shapley_islands |   Southern 2: phi=-0.101287, phi/n=-0.00025513
2026-03-04 21:29:05 | INFO | src.tmc_shapley_islands |   Southern 3: phi=-0.039049, phi/n=-0.00006686
2026-03-04 21:29:05 | INFO | src.tmc_shapley_islands |   Southern 5: phi=0.122292, phi/n=0.00060541
2026-03-04 21:29:05 | INFO | src.tmc_shapley_islands | Curve retraining early stopping: enabled=True, patience=20
2026-03-04 21:29:05 | INFO | src.tmc_shapley_islands | Computing add-islands curve (evaluated on test set)...
2026-03-04 21:29:05 | INFO | src.tmc_shapley_islands | Add-curve (mean): 1 islands, n=202 -> corr=0.0662
2026-03-04 21:29:05 | INFO | src.tmc_shapley_islands | Add-curve (mean): 2 islands, n=396 -> corr=0.0730
2026-03-04 21:29:06 | INFO | src.tmc_shapley_islands | Add-curve (mean): 3 islands, n=979 -> corr=0.1005
2026-03-04 21:29:06 | INFO | src.tmc_shapley_islands | Add-curve (mean): 4 islands, n=1137 -> corr=0.1057
2026-03-04 21:29:07 | INFO | src.tmc_shapley_islands | Add-curve (mean): 5 islands, n=1396 -> corr=0.1130
2026-03-04 21:29:07 | INFO | src.tmc_shapley_islands | Add-curve (mean): 6 islands, n=1562 -> corr=0.1122
2026-03-04 21:29:08 | INFO | src.tmc_shapley_islands | Add-curve (mean): 7 islands, n=2120 -> corr=0.1048
2026-03-04 21:29:10 | INFO | src.tmc_shapley_islands | Add-curve (mean): 8 islands, n=3198 -> corr=0.1180
2026-03-04 21:29:12 | INFO | src.tmc_shapley_islands | Add-curve (mean): 9 islands, n=3782 -> corr=0.1272
2026-03-04 21:29:13 | INFO | src.tmc_shapley_islands | Add-curve (mean): 10 islands, n=3955 -> corr=0.1148
2026-03-04 21:29:15 | INFO | src.tmc_shapley_islands | Add-curve (mean): 11 islands, n=4074 -> corr=0.1137
2026-03-04 21:29:17 | INFO | src.tmc_shapley_islands | Add-curve (mean): 12 islands, n=4471 -> corr=0.1093
2026-03-04 21:29:20 | INFO | src.tmc_shapley_islands | Add-curve (mean): 13 islands, n=4827 -> corr=0.1046
2026-03-04 21:29:22 | INFO | src.tmc_shapley_islands | Add-curve (mean): 14 islands, n=5119 -> corr=0.1057
2026-03-04 21:29:25 | INFO | src.tmc_shapley_islands | Add-curve (mean): 15 islands, n=5211 -> corr=0.1035
2026-03-04 21:29:39 | INFO | src.tmc_shapley_islands | Random individual add-curve (seed=0) complete
2026-03-04 21:29:53 | INFO | src.tmc_shapley_islands | Random individual add-curve (seed=1) complete
2026-03-04 21:30:06 | INFO | src.tmc_shapley_islands | Random individual add-curve (seed=2) complete
2026-03-04 21:30:20 | INFO | src.tmc_shapley_islands | Random individual add-curve (seed=3) complete
2026-03-04 21:30:33 | INFO | src.tmc_shapley_islands | Random individual add-curve (seed=4) complete
2026-03-04 21:30:33 | INFO | src.tmc_shapley_islands | Building mirrored remove-islands curve from add-islands curve...
2026-03-04 21:30:33 | INFO | src.tmc_shapley_islands | Saved Shapley values to outputs/tmc_shapley_sweep_all_traits/shards/shard_015/body_mass/tmp/shapley_island_values_target_14.csv
2026-03-04 21:30:33 | INFO | src.tmc_shapley_islands | Saved summary to outputs/tmc_shapley_sweep_all_traits/shards/shard_015/body_mass/tmp/tmc_summary_target_14.json
2026-03-04 21:30:33 | INFO | src.tmc_shapley_islands | Saved intermediate ranking trace to outputs/tmc_shapley_sweep_all_traits/shards/shard_015/body_mass/tmp/tmc_intermediate_rankings_target_14.csv
2026-03-04 21:30:33 | INFO | src.tmc_shapley_islands | Saved add-curve to outputs/tmc_shapley_sweep_all_traits/shards/shard_015/body_mass/tmp/add_curve_target_14.csv
2026-03-04 21:30:33 | INFO | src.tmc_shapley_islands | Saved remove-curve to outputs/tmc_shapley_sweep_all_traits/shards/shard_015/body_mass/tmp/remove_curve_target_14.csv
2026-03-04 21:30:34 | INFO | src.tmc_shapley_islands | Saved bar plot to outputs/tmc_shapley_sweep_all_traits/shards/shard_015/body_mass/tmp/shapley_bar_target_14.png
2026-03-04 21:30:34 | INFO | src.tmc_shapley_islands | Saved add-curve plot to outputs/tmc_shapley_sweep_all_traits/shards/shard_015/body_mass/tmp/add_curve_target_14.png
2026-03-04 21:30:35 | INFO | src.tmc_shapley_islands | Saved remove-curve plot to outputs/tmc_shapley_sweep_all_traits/shards/shard_015/body_mass/tmp/remove_curve_target_14.png
2026-03-04 21:30:35 | INFO | __main__ | Shard 15/30 trait=body_mass progress 57/75 | target=14 n_cal_samples=20 perm=20 repeat=5
2026-03-04 21:30:35 | INFO | src.tmc_shapley_islands | [Shapley] Target island: 14 (Southern 4), source islands: 15
2026-03-04 21:30:36 | INFO | src.tmc_shapley_islands | Data: source=5211 (across 15 islands), cal=20, test=336
2026-03-04 21:30:36 | INFO | src.tmc_shapley_islands | SNP selection: using fixed precomputed subset (n=20000)
2026-03-04 21:30:36 | INFO | src.tmc_shapley_islands | Island counts (capped to None in training):
  Nesøy: n=119
  Myken: n=92
  Træna: n=292
  Selvær: n=194
  Gjerøy: n=558
  Hestmannøy: n=1078
  Indre Kvarøy: n=356
  Onøy og Lurøy: n=259
  Lovund: n=158
  Sleneset: n=166
  Aldra: n=173
  Southern 1: n=583
  Southern 2: n=397
  Southern 3: n=584
  Southern 5: n=202
2026-03-04 21:30:36 | INFO | src.tmc_shapley_islands | Loaded 133 cached utilities from outputs/tmc_shapley_sweep_all_traits/cache/body_mass/utility_cache_target_14_seed_1778879212.json
2026-03-04 21:30:36 | INFO | src.tmc_shapley_islands | Running TMC-Shapley with 20 permutations (utility on cal set)...
2026-03-04 21:30:36 | INFO | src.tmc_shapley_islands | Computing V_full over all 15 source islands...
2026-03-04 21:30:36 | INFO | src.tmc_shapley_islands | V_full = -0.0108
2026-03-04 21:30:36 | INFO | src.tmc_shapley_islands | TMC head-start: loaded 10 completed permutations from state outputs/tmc_shapley_sweep_all_traits/cache/body_mass/tmc_perm_state_target_14_seed_1778879212.json
2026-03-04 21:31:02 | INFO | src.tmc_shapley_islands | TMC progress: 12/20 permutations done, cache hit rate: 19.4%, n_evals: 25
2026-03-04 21:32:01 | INFO | src.tmc_shapley_islands | TMC progress: 16/20 permutations done, cache hit rate: 19.8%, n_evals: 73
2026-03-04 21:32:59 | INFO | src.tmc_shapley_islands | TMC progress: 20/20 permutations done, cache hit rate: 20.5%, n_evals: 120
2026-03-04 21:32:59 | INFO | src.tmc_shapley_islands | TMC complete: 20 permutations, 0 truncated, 120 utility evals, cache hit rate: 20.5%
2026-03-04 21:32:59 | INFO | src.tmc_shapley_islands | Shapley values (phi, computed on cal set):
2026-03-04 21:32:59 | INFO | src.tmc_shapley_islands |   Nesøy: phi=-0.027571, phi/n=-0.00023169
2026-03-04 21:32:59 | INFO | src.tmc_shapley_islands |   Myken: phi=-0.096206, phi/n=-0.00104572
2026-03-04 21:32:59 | INFO | src.tmc_shapley_islands |   Træna: phi=-0.115630, phi/n=-0.00039599
2026-03-04 21:32:59 | INFO | src.tmc_shapley_islands |   Selvær: phi=0.104629, phi/n=0.00053932
2026-03-04 21:32:59 | INFO | src.tmc_shapley_islands |   Gjerøy: phi=0.079658, phi/n=0.00014276
2026-03-04 21:32:59 | INFO | src.tmc_shapley_islands |   Hestmannøy: phi=-0.062300, phi/n=-0.00005779
2026-03-04 21:32:59 | INFO | src.tmc_shapley_islands |   Indre Kvarøy: phi=-0.096066, phi/n=-0.00026985
2026-03-04 21:32:59 | INFO | src.tmc_shapley_islands |   Onøy og Lurøy: phi=0.046289, phi/n=0.00017872
2026-03-04 21:32:59 | INFO | src.tmc_shapley_islands |   Lovund: phi=0.022512, phi/n=0.00014248
2026-03-04 21:32:59 | INFO | src.tmc_shapley_islands |   Sleneset: phi=0.022749, phi/n=0.00013704
2026-03-04 21:32:59 | INFO | src.tmc_shapley_islands |   Aldra: phi=-0.013325, phi/n=-0.00007702
2026-03-04 21:32:59 | INFO | src.tmc_shapley_islands |   Southern 1: phi=0.149647, phi/n=0.00025668
2026-03-04 21:32:59 | INFO | src.tmc_shapley_islands |   Southern 2: phi=-0.097841, phi/n=-0.00024645
2026-03-04 21:32:59 | INFO | src.tmc_shapley_islands |   Southern 3: phi=-0.037572, phi/n=-0.00006434
2026-03-04 21:32:59 | INFO | src.tmc_shapley_islands |   Southern 5: phi=0.110278, phi/n=0.00054593
2026-03-04 21:32:59 | INFO | src.tmc_shapley_islands | Curve retraining early stopping: enabled=True, patience=20
2026-03-04 21:32:59 | INFO | src.tmc_shapley_islands | Computing add-islands curve (evaluated on test set)...
2026-03-04 21:32:59 | INFO | src.tmc_shapley_islands | Add-curve (mean): 1 islands, n=202 -> corr=0.0662
2026-03-04 21:32:59 | INFO | src.tmc_shapley_islands | Add-curve (mean): 2 islands, n=396 -> corr=0.0730
2026-03-04 21:33:00 | INFO | src.tmc_shapley_islands | Add-curve (mean): 3 islands, n=979 -> corr=0.1005
2026-03-04 21:33:00 | INFO | src.tmc_shapley_islands | Add-curve (mean): 4 islands, n=1238 -> corr=0.1100
2026-03-04 21:33:01 | INFO | src.tmc_shapley_islands | Add-curve (mean): 5 islands, n=1796 -> corr=0.1053
2026-03-04 21:33:02 | INFO | src.tmc_shapley_islands | Add-curve (mean): 6 islands, n=1954 -> corr=0.1077
2026-03-04 21:33:03 | INFO | src.tmc_shapley_islands | Add-curve (mean): 7 islands, n=2120 -> corr=0.1048
2026-03-04 21:33:04 | INFO | src.tmc_shapley_islands | Add-curve (mean): 8 islands, n=3198 -> corr=0.1180
2026-03-04 21:33:06 | INFO | src.tmc_shapley_islands | Add-curve (mean): 9 islands, n=3782 -> corr=0.1272
2026-03-04 21:33:08 | INFO | src.tmc_shapley_islands | Add-curve (mean): 10 islands, n=3955 -> corr=0.1148
2026-03-04 21:33:09 | INFO | src.tmc_shapley_islands | Add-curve (mean): 11 islands, n=4074 -> corr=0.1137
2026-03-04 21:33:12 | INFO | src.tmc_shapley_islands | Add-curve (mean): 12 islands, n=4471 -> corr=0.1093
2026-03-04 21:33:14 | INFO | src.tmc_shapley_islands | Add-curve (mean): 13 islands, n=4827 -> corr=0.1046
2026-03-04 21:33:16 | INFO | src.tmc_shapley_islands | Add-curve (mean): 14 islands, n=5119 -> corr=0.1057
2026-03-04 21:33:19 | INFO | src.tmc_shapley_islands | Add-curve (mean): 15 islands, n=5211 -> corr=0.1035
2026-03-04 21:33:33 | INFO | src.tmc_shapley_islands | Random individual add-curve (seed=0) complete
2026-03-04 21:33:48 | INFO | src.tmc_shapley_islands | Random individual add-curve (seed=1) complete
2026-03-04 21:34:02 | INFO | src.tmc_shapley_islands | Random individual add-curve (seed=2) complete
2026-03-04 21:34:16 | INFO | src.tmc_shapley_islands | Random individual add-curve (seed=3) complete
2026-03-04 21:34:30 | INFO | src.tmc_shapley_islands | Random individual add-curve (seed=4) complete
2026-03-04 21:34:30 | INFO | src.tmc_shapley_islands | Building mirrored remove-islands curve from add-islands curve...
2026-03-04 21:34:30 | INFO | src.tmc_shapley_islands | Saved Shapley values to outputs/tmc_shapley_sweep_all_traits/shards/shard_015/body_mass/tmp/shapley_island_values_target_14.csv
2026-03-04 21:34:30 | INFO | src.tmc_shapley_islands | Saved summary to outputs/tmc_shapley_sweep_all_traits/shards/shard_015/body_mass/tmp/tmc_summary_target_14.json
2026-03-04 21:34:30 | INFO | src.tmc_shapley_islands | Saved intermediate ranking trace to outputs/tmc_shapley_sweep_all_traits/shards/shard_015/body_mass/tmp/tmc_intermediate_rankings_target_14.csv
2026-03-04 21:34:30 | INFO | src.tmc_shapley_islands | Saved add-curve to outputs/tmc_shapley_sweep_all_traits/shards/shard_015/body_mass/tmp/add_curve_target_14.csv
2026-03-04 21:34:30 | INFO | src.tmc_shapley_islands | Saved remove-curve to outputs/tmc_shapley_sweep_all_traits/shards/shard_015/body_mass/tmp/remove_curve_target_14.csv
2026-03-04 21:34:31 | INFO | src.tmc_shapley_islands | Saved bar plot to outputs/tmc_shapley_sweep_all_traits/shards/shard_015/body_mass/tmp/shapley_bar_target_14.png
2026-03-04 21:34:32 | INFO | src.tmc_shapley_islands | Saved add-curve plot to outputs/tmc_shapley_sweep_all_traits/shards/shard_015/body_mass/tmp/add_curve_target_14.png
2026-03-04 21:34:32 | INFO | src.tmc_shapley_islands | Saved remove-curve plot to outputs/tmc_shapley_sweep_all_traits/shards/shard_015/body_mass/tmp/remove_curve_target_14.png
2026-03-04 21:34:32 | INFO | __main__ | Shard 15/30 trait=body_mass progress 58/75 | target=14 n_cal_samples=20 perm=40 repeat=5
2026-03-04 21:34:32 | INFO | src.tmc_shapley_islands | [Shapley] Target island: 14 (Southern 4), source islands: 15
2026-03-04 21:34:33 | INFO | src.tmc_shapley_islands | Data: source=5211 (across 15 islands), cal=20, test=336
2026-03-04 21:34:33 | INFO | src.tmc_shapley_islands | SNP selection: using fixed precomputed subset (n=20000)
2026-03-04 21:34:33 | INFO | src.tmc_shapley_islands | Island counts (capped to None in training):
  Nesøy: n=119
  Myken: n=92
  Træna: n=292
  Selvær: n=194
  Gjerøy: n=558
  Hestmannøy: n=1078
  Indre Kvarøy: n=356
  Onøy og Lurøy: n=259
  Lovund: n=158
  Sleneset: n=166
  Aldra: n=173
  Southern 1: n=583
  Southern 2: n=397
  Southern 3: n=584
  Southern 5: n=202
2026-03-04 21:34:33 | INFO | src.tmc_shapley_islands | Loaded 253 cached utilities from outputs/tmc_shapley_sweep_all_traits/cache/body_mass/utility_cache_target_14_seed_1778879212.json
2026-03-04 21:34:33 | INFO | src.tmc_shapley_islands | Running TMC-Shapley with 40 permutations (utility on cal set)...
2026-03-04 21:34:33 | INFO | src.tmc_shapley_islands | Computing V_full over all 15 source islands...
2026-03-04 21:34:33 | INFO | src.tmc_shapley_islands | V_full = -0.0108
2026-03-04 21:34:33 | INFO | src.tmc_shapley_islands | TMC head-start: loaded 20 completed permutations from state outputs/tmc_shapley_sweep_all_traits/cache/body_mass/tmc_perm_state_target_14_seed_1778879212.json
2026-03-04 21:35:32 | INFO | src.tmc_shapley_islands | TMC progress: 24/40 permutations done, cache hit rate: 18.0%, n_evals: 50
2026-03-04 21:37:11 | INFO | src.tmc_shapley_islands | TMC progress: 32/40 permutations done, cache hit rate: 21.5%, n_evals: 142
2026-03-04 21:38:56 | INFO | src.tmc_shapley_islands | TMC progress: 40/40 permutations done, cache hit rate: 21.9%, n_evals: 235
2026-03-04 21:38:56 | INFO | src.tmc_shapley_islands | TMC complete: 40 permutations, 0 truncated, 235 utility evals, cache hit rate: 21.9%
2026-03-04 21:38:56 | INFO | src.tmc_shapley_islands | Shapley values (phi, computed on cal set):
2026-03-04 21:38:56 | INFO | src.tmc_shapley_islands |   Nesøy: phi=-0.026405, phi/n=-0.00022189
2026-03-04 21:38:56 | INFO | src.tmc_shapley_islands |   Myken: phi=-0.104503, phi/n=-0.00113590
2026-03-04 21:38:56 | INFO | src.tmc_shapley_islands |   Træna: phi=-0.115325, phi/n=-0.00039495
2026-03-04 21:38:56 | INFO | src.tmc_shapley_islands |   Selvær: phi=0.120531, phi/n=0.00062129
2026-03-04 21:38:56 | INFO | src.tmc_shapley_islands |   Gjerøy: phi=0.077213, phi/n=0.00013838
2026-03-04 21:38:56 | INFO | src.tmc_shapley_islands |   Hestmannøy: phi=-0.066352, phi/n=-0.00006155
2026-03-04 21:38:56 | INFO | src.tmc_shapley_islands |   Indre Kvarøy: phi=-0.084682, phi/n=-0.00023787
2026-03-04 21:38:56 | INFO | src.tmc_shapley_islands |   Onøy og Lurøy: phi=0.054767, phi/n=0.00021146
2026-03-04 21:38:56 | INFO | src.tmc_shapley_islands |   Lovund: phi=0.021309, phi/n=0.00013487
2026-03-04 21:38:56 | INFO | src.tmc_shapley_islands |   Sleneset: phi=0.019934, phi/n=0.00012008
2026-03-04 21:38:56 | INFO | src.tmc_shapley_islands |   Aldra: phi=-0.008874, phi/n=-0.00005129
2026-03-04 21:38:56 | INFO | src.tmc_shapley_islands |   Southern 1: phi=0.137945, phi/n=0.00023661
2026-03-04 21:38:56 | INFO | src.tmc_shapley_islands |   Southern 2: phi=-0.101219, phi/n=-0.00025496
2026-03-04 21:38:56 | INFO | src.tmc_shapley_islands |   Southern 3: phi=-0.035816, phi/n=-0.00006133
2026-03-04 21:38:56 | INFO | src.tmc_shapley_islands |   Southern 5: phi=0.100727, phi/n=0.00049865
2026-03-04 21:38:56 | INFO | src.tmc_shapley_islands | Curve retraining early stopping: enabled=True, patience=20
2026-03-04 21:38:56 | INFO | src.tmc_shapley_islands | Computing add-islands curve (evaluated on test set)...
2026-03-04 21:38:56 | INFO | src.tmc_shapley_islands | Add-curve (mean): 1 islands, n=194 -> corr=0.0122
2026-03-04 21:38:56 | INFO | src.tmc_shapley_islands | Add-curve (mean): 2 islands, n=396 -> corr=0.0730
2026-03-04 21:38:57 | INFO | src.tmc_shapley_islands | Add-curve (mean): 3 islands, n=979 -> corr=0.1005
2026-03-04 21:38:57 | INFO | src.tmc_shapley_islands | Add-curve (mean): 4 islands, n=1238 -> corr=0.1100
2026-03-04 21:38:58 | INFO | src.tmc_shapley_islands | Add-curve (mean): 5 islands, n=1796 -> corr=0.1053
2026-03-04 21:38:59 | INFO | src.tmc_shapley_islands | Add-curve (mean): 6 islands, n=1954 -> corr=0.1077
2026-03-04 21:39:00 | INFO | src.tmc_shapley_islands | Add-curve (mean): 7 islands, n=2120 -> corr=0.1048
2026-03-04 21:39:01 | INFO | src.tmc_shapley_islands | Add-curve (mean): 8 islands, n=2293 -> corr=0.0886
2026-03-04 21:39:02 | INFO | src.tmc_shapley_islands | Add-curve (mean): 9 islands, n=2877 -> corr=0.1028
2026-03-04 21:39:04 | INFO | src.tmc_shapley_islands | Add-curve (mean): 10 islands, n=3955 -> corr=0.1148
2026-03-04 21:39:06 | INFO | src.tmc_shapley_islands | Add-curve (mean): 11 islands, n=4074 -> corr=0.1137
2026-03-04 21:39:08 | INFO | src.tmc_shapley_islands | Add-curve (mean): 12 islands, n=4430 -> corr=0.1100
2026-03-04 21:39:10 | INFO | src.tmc_shapley_islands | Add-curve (mean): 13 islands, n=4827 -> corr=0.1046
2026-03-04 21:39:13 | INFO | src.tmc_shapley_islands | Add-curve (mean): 14 islands, n=5119 -> corr=0.1057
2026-03-04 21:39:16 | INFO | src.tmc_shapley_islands | Add-curve (mean): 15 islands, n=5211 -> corr=0.1035
2026-03-04 21:39:29 | INFO | src.tmc_shapley_islands | Random individual add-curve (seed=0) complete
2026-03-04 21:39:43 | INFO | src.tmc_shapley_islands | Random individual add-curve (seed=1) complete
2026-03-04 21:39:56 | INFO | src.tmc_shapley_islands | Random individual add-curve (seed=2) complete
2026-03-04 21:40:09 | INFO | src.tmc_shapley_islands | Random individual add-curve (seed=3) complete
2026-03-04 21:40:23 | INFO | src.tmc_shapley_islands | Random individual add-curve (seed=4) complete
2026-03-04 21:40:23 | INFO | src.tmc_shapley_islands | Building mirrored remove-islands curve from add-islands curve...
2026-03-04 21:40:23 | INFO | src.tmc_shapley_islands | Saved Shapley values to outputs/tmc_shapley_sweep_all_traits/shards/shard_015/body_mass/tmp/shapley_island_values_target_14.csv
2026-03-04 21:40:23 | INFO | src.tmc_shapley_islands | Saved summary to outputs/tmc_shapley_sweep_all_traits/shards/shard_015/body_mass/tmp/tmc_summary_target_14.json
2026-03-04 21:40:23 | INFO | src.tmc_shapley_islands | Saved intermediate ranking trace to outputs/tmc_shapley_sweep_all_traits/shards/shard_015/body_mass/tmp/tmc_intermediate_rankings_target_14.csv
2026-03-04 21:40:23 | INFO | src.tmc_shapley_islands | Saved add-curve to outputs/tmc_shapley_sweep_all_traits/shards/shard_015/body_mass/tmp/add_curve_target_14.csv
2026-03-04 21:40:23 | INFO | src.tmc_shapley_islands | Saved remove-curve to outputs/tmc_shapley_sweep_all_traits/shards/shard_015/body_mass/tmp/remove_curve_target_14.csv
2026-03-04 21:40:23 | INFO | src.tmc_shapley_islands | Saved bar plot to outputs/tmc_shapley_sweep_all_traits/shards/shard_015/body_mass/tmp/shapley_bar_target_14.png
2026-03-04 21:40:24 | INFO | src.tmc_shapley_islands | Saved add-curve plot to outputs/tmc_shapley_sweep_all_traits/shards/shard_015/body_mass/tmp/add_curve_target_14.png
2026-03-04 21:40:25 | INFO | src.tmc_shapley_islands | Saved remove-curve plot to outputs/tmc_shapley_sweep_all_traits/shards/shard_015/body_mass/tmp/remove_curve_target_14.png
2026-03-04 21:40:25 | INFO | __main__ | Shard 15/30 trait=body_mass progress 59/75 | target=14 n_cal_samples=20 perm=80 repeat=5
2026-03-04 21:40:25 | INFO | src.tmc_shapley_islands | [Shapley] Target island: 14 (Southern 4), source islands: 15
2026-03-04 21:40:25 | INFO | src.tmc_shapley_islands | Data: source=5211 (across 15 islands), cal=20, test=336
2026-03-04 21:40:25 | INFO | src.tmc_shapley_islands | SNP selection: using fixed precomputed subset (n=20000)
2026-03-04 21:40:25 | INFO | src.tmc_shapley_islands | Island counts (capped to None in training):
  Nesøy: n=119
  Myken: n=92
  Træna: n=292
  Selvær: n=194
  Gjerøy: n=558
  Hestmannøy: n=1078
  Indre Kvarøy: n=356
  Onøy og Lurøy: n=259
  Lovund: n=158
  Sleneset: n=166
  Aldra: n=173
  Southern 1: n=583
  Southern 2: n=397
  Southern 3: n=584
  Southern 5: n=202
2026-03-04 21:40:25 | INFO | src.tmc_shapley_islands | Loaded 488 cached utilities from outputs/tmc_shapley_sweep_all_traits/cache/body_mass/utility_cache_target_14_seed_1778879212.json
2026-03-04 21:40:25 | INFO | src.tmc_shapley_islands | Running TMC-Shapley with 80 permutations (utility on cal set)...
2026-03-04 21:40:25 | INFO | src.tmc_shapley_islands | Computing V_full over all 15 source islands...
2026-03-04 21:40:25 | INFO | src.tmc_shapley_islands | V_full = -0.0108
2026-03-04 21:40:25 | INFO | src.tmc_shapley_islands | TMC head-start: loaded 40 completed permutations from state outputs/tmc_shapley_sweep_all_traits/cache/body_mass/tmc_perm_state_target_14_seed_1778879212.json
2026-03-04 21:42:01 | INFO | src.tmc_shapley_islands | TMC progress: 48/80 permutations done, cache hit rate: 28.9%, n_evals: 86
2026-03-04 21:45:17 | INFO | src.tmc_shapley_islands | TMC progress: 64/80 permutations done, cache hit rate: 26.0%, n_evals: 267
2026-03-04 21:48:18 | INFO | src.tmc_shapley_islands | TMC progress: 80/80 permutations done, cache hit rate: 27.3%, n_evals: 437
2026-03-04 21:48:18 | INFO | src.tmc_shapley_islands | TMC complete: 80 permutations, 0 truncated, 437 utility evals, cache hit rate: 27.3%
2026-03-04 21:48:18 | INFO | src.tmc_shapley_islands | Shapley values (phi, computed on cal set):
2026-03-04 21:48:18 | INFO | src.tmc_shapley_islands |   Nesøy: phi=-0.026926, phi/n=-0.00022627
2026-03-04 21:48:18 | INFO | src.tmc_shapley_islands |   Myken: phi=-0.101527, phi/n=-0.00110355
2026-03-04 21:48:18 | INFO | src.tmc_shapley_islands |   Træna: phi=-0.126370, phi/n=-0.00043277
2026-03-04 21:48:18 | INFO | src.tmc_shapley_islands |   Selvær: phi=0.128796, phi/n=0.00066390
2026-03-04 21:48:18 | INFO | src.tmc_shapley_islands |   Gjerøy: phi=0.087361, phi/n=0.00015656
2026-03-04 21:48:18 | INFO | src.tmc_shapley_islands |   Hestmannøy: phi=-0.057839, phi/n=-0.00005365
2026-03-04 21:48:18 | INFO | src.tmc_shapley_islands |   Indre Kvarøy: phi=-0.089436, phi/n=-0.00025122
2026-03-04 21:48:18 | INFO | src.tmc_shapley_islands |   Onøy og Lurøy: phi=0.054428, phi/n=0.00021015
2026-03-04 21:48:18 | INFO | src.tmc_shapley_islands |   Lovund: phi=0.022981, phi/n=0.00014545
2026-03-04 21:48:18 | INFO | src.tmc_shapley_islands |   Sleneset: phi=0.023922, phi/n=0.00014411
2026-03-04 21:48:18 | INFO | src.tmc_shapley_islands |   Aldra: phi=-0.007989, phi/n=-0.00004618
2026-03-04 21:48:18 | INFO | src.tmc_shapley_islands |   Southern 1: phi=0.130866, phi/n=0.00022447
2026-03-04 21:48:18 | INFO | src.tmc_shapley_islands |   Southern 2: phi=-0.112529, phi/n=-0.00028345
2026-03-04 21:48:18 | INFO | src.tmc_shapley_islands |   Southern 3: phi=-0.030629, phi/n=-0.00005245
2026-03-04 21:48:18 | INFO | src.tmc_shapley_islands |   Southern 5: phi=0.094141, phi/n=0.00046604
2026-03-04 21:48:18 | INFO | src.tmc_shapley_islands | Curve retraining early stopping: enabled=True, patience=20
2026-03-04 21:48:18 | INFO | src.tmc_shapley_islands | Computing add-islands curve (evaluated on test set)...
2026-03-04 21:48:18 | INFO | src.tmc_shapley_islands | Add-curve (mean): 1 islands, n=194 -> corr=0.0122
2026-03-04 21:48:18 | INFO | src.tmc_shapley_islands | Add-curve (mean): 2 islands, n=396 -> corr=0.0730
2026-03-04 21:48:19 | INFO | src.tmc_shapley_islands | Add-curve (mean): 3 islands, n=979 -> corr=0.1005
2026-03-04 21:48:19 | INFO | src.tmc_shapley_islands | Add-curve (mean): 4 islands, n=1238 -> corr=0.1100
2026-03-04 21:48:20 | INFO | src.tmc_shapley_islands | Add-curve (mean): 5 islands, n=1796 -> corr=0.1053
2026-03-04 21:48:21 | INFO | src.tmc_shapley_islands | Add-curve (mean): 6 islands, n=1954 -> corr=0.1077
2026-03-04 21:48:22 | INFO | src.tmc_shapley_islands | Add-curve (mean): 7 islands, n=2120 -> corr=0.1048
2026-03-04 21:48:23 | INFO | src.tmc_shapley_islands | Add-curve (mean): 8 islands, n=2293 -> corr=0.0886
2026-03-04 21:48:24 | INFO | src.tmc_shapley_islands | Add-curve (mean): 9 islands, n=2877 -> corr=0.1028
2026-03-04 21:48:26 | INFO | src.tmc_shapley_islands | Add-curve (mean): 10 islands, n=3955 -> corr=0.1148
2026-03-04 21:48:28 | INFO | src.tmc_shapley_islands | Add-curve (mean): 11 islands, n=4074 -> corr=0.1137
2026-03-04 21:48:30 | INFO | src.tmc_shapley_islands | Add-curve (mean): 12 islands, n=4430 -> corr=0.1100
2026-03-04 21:48:32 | INFO | src.tmc_shapley_islands | Add-curve (mean): 13 islands, n=4827 -> corr=0.1046
2026-03-04 21:48:35 | INFO | src.tmc_shapley_islands | Add-curve (mean): 14 islands, n=5119 -> corr=0.1057
2026-03-04 21:48:37 | INFO | src.tmc_shapley_islands | Add-curve (mean): 15 islands, n=5211 -> corr=0.1035
2026-03-04 21:48:50 | INFO | src.tmc_shapley_islands | Random individual add-curve (seed=0) complete
2026-03-04 21:49:04 | INFO | src.tmc_shapley_islands | Random individual add-curve (seed=1) complete
2026-03-04 21:49:17 | INFO | src.tmc_shapley_islands | Random individual add-curve (seed=2) complete
2026-03-04 21:49:31 | INFO | src.tmc_shapley_islands | Random individual add-curve (seed=3) complete
2026-03-04 21:49:44 | INFO | src.tmc_shapley_islands | Random individual add-curve (seed=4) complete
2026-03-04 21:49:44 | INFO | src.tmc_shapley_islands | Building mirrored remove-islands curve from add-islands curve...
2026-03-04 21:49:44 | INFO | src.tmc_shapley_islands | Saved Shapley values to outputs/tmc_shapley_sweep_all_traits/shards/shard_015/body_mass/tmp/shapley_island_values_target_14.csv
2026-03-04 21:49:44 | INFO | src.tmc_shapley_islands | Saved summary to outputs/tmc_shapley_sweep_all_traits/shards/shard_015/body_mass/tmp/tmc_summary_target_14.json
2026-03-04 21:49:44 | INFO | src.tmc_shapley_islands | Saved intermediate ranking trace to outputs/tmc_shapley_sweep_all_traits/shards/shard_015/body_mass/tmp/tmc_intermediate_rankings_target_14.csv
2026-03-04 21:49:44 | INFO | src.tmc_shapley_islands | Saved add-curve to outputs/tmc_shapley_sweep_all_traits/shards/shard_015/body_mass/tmp/add_curve_target_14.csv
2026-03-04 21:49:44 | INFO | src.tmc_shapley_islands | Saved remove-curve to outputs/tmc_shapley_sweep_all_traits/shards/shard_015/body_mass/tmp/remove_curve_target_14.csv
2026-03-04 21:49:45 | INFO | src.tmc_shapley_islands | Saved bar plot to outputs/tmc_shapley_sweep_all_traits/shards/shard_015/body_mass/tmp/shapley_bar_target_14.png
2026-03-04 21:49:45 | INFO | src.tmc_shapley_islands | Saved add-curve plot to outputs/tmc_shapley_sweep_all_traits/shards/shard_015/body_mass/tmp/add_curve_target_14.png
2026-03-04 21:49:46 | INFO | src.tmc_shapley_islands | Saved remove-curve plot to outputs/tmc_shapley_sweep_all_traits/shards/shard_015/body_mass/tmp/remove_curve_target_14.png
2026-03-04 21:49:46 | INFO | __main__ | Shard 15/30 trait=body_mass progress 60/75 | target=14 n_cal_samples=20 perm=150 repeat=5
2026-03-04 21:49:46 | INFO | src.tmc_shapley_islands | [Shapley] Target island: 14 (Southern 4), source islands: 15
2026-03-04 21:49:47 | INFO | src.tmc_shapley_islands | Data: source=5211 (across 15 islands), cal=20, test=336
2026-03-04 21:49:47 | INFO | src.tmc_shapley_islands | SNP selection: using fixed precomputed subset (n=20000)
2026-03-04 21:49:47 | INFO | src.tmc_shapley_islands | Island counts (capped to None in training):
  Nesøy: n=119
  Myken: n=92
  Træna: n=292
  Selvær: n=194
  Gjerøy: n=558
  Hestmannøy: n=1078
  Indre Kvarøy: n=356
  Onøy og Lurøy: n=259
  Lovund: n=158
  Sleneset: n=166
  Aldra: n=173
  Southern 1: n=583
  Southern 2: n=397
  Southern 3: n=584
  Southern 5: n=202
2026-03-04 21:49:47 | INFO | src.tmc_shapley_islands | Loaded 925 cached utilities from outputs/tmc_shapley_sweep_all_traits/cache/body_mass/utility_cache_target_14_seed_1778879212.json
2026-03-04 21:49:47 | INFO | src.tmc_shapley_islands | Running TMC-Shapley with 150 permutations (utility on cal set)...
2026-03-04 21:49:47 | INFO | src.tmc_shapley_islands | Computing V_full over all 15 source islands...
2026-03-04 21:49:47 | INFO | src.tmc_shapley_islands | V_full = -0.0108
2026-03-04 21:49:47 | INFO | src.tmc_shapley_islands | TMC head-start: loaded 80 completed permutations from state outputs/tmc_shapley_sweep_all_traits/cache/body_mass/tmc_perm_state_target_14_seed_1778879212.json
2026-03-04 21:51:53 | INFO | src.tmc_shapley_islands | TMC progress: 90/150 permutations done, cache hit rate: 28.5%, n_evals: 108
2026-03-04 21:57:22 | INFO | src.tmc_shapley_islands | TMC progress: 120/150 permutations done, cache hit rate: 31.6%, n_evals: 411
2026-03-04 22:03:01 | INFO | src.tmc_shapley_islands | TMC progress: 150/150 permutations done, cache hit rate: 34.0%, n_evals: 694
2026-03-04 22:03:01 | INFO | src.tmc_shapley_islands | TMC complete: 150 permutations, 0 truncated, 694 utility evals, cache hit rate: 34.0%
2026-03-04 22:03:01 | INFO | src.tmc_shapley_islands | Shapley values (phi, computed on cal set):
2026-03-04 22:03:01 | INFO | src.tmc_shapley_islands |   Nesøy: phi=-0.025300, phi/n=-0.00021260
2026-03-04 22:03:01 | INFO | src.tmc_shapley_islands |   Myken: phi=-0.094204, phi/n=-0.00102395
2026-03-04 22:03:01 | INFO | src.tmc_shapley_islands |   Træna: phi=-0.131806, phi/n=-0.00045139
2026-03-04 22:03:01 | INFO | src.tmc_shapley_islands |   Selvær: phi=0.121483, phi/n=0.00062620
2026-03-04 22:03:01 | INFO | src.tmc_shapley_islands |   Gjerøy: phi=0.083825, phi/n=0.00015022
2026-03-04 22:03:01 | INFO | src.tmc_shapley_islands |   Hestmannøy: phi=-0.053730, phi/n=-0.00004984
2026-03-04 22:03:01 | INFO | src.tmc_shapley_islands |   Indre Kvarøy: phi=-0.087146, phi/n=-0.00024479
2026-03-04 22:03:01 | INFO | src.tmc_shapley_islands |   Onøy og Lurøy: phi=0.054866, phi/n=0.00021184
2026-03-04 22:03:01 | INFO | src.tmc_shapley_islands |   Lovund: phi=0.022734, phi/n=0.00014389
2026-03-04 22:03:01 | INFO | src.tmc_shapley_islands |   Sleneset: phi=0.025962, phi/n=0.00015640
2026-03-04 22:03:01 | INFO | src.tmc_shapley_islands |   Aldra: phi=-0.008391, phi/n=-0.00004850
2026-03-04 22:03:01 | INFO | src.tmc_shapley_islands |   Southern 1: phi=0.126295, phi/n=0.00021663
2026-03-04 22:03:01 | INFO | src.tmc_shapley_islands |   Southern 2: phi=-0.112113, phi/n=-0.00028240
2026-03-04 22:03:01 | INFO | src.tmc_shapley_islands |   Southern 3: phi=-0.030445, phi/n=-0.00005213
2026-03-04 22:03:01 | INFO | src.tmc_shapley_islands |   Southern 5: phi=0.097217, phi/n=0.00048127
2026-03-04 22:03:01 | INFO | src.tmc_shapley_islands | Curve retraining early stopping: enabled=True, patience=20
2026-03-04 22:03:01 | INFO | src.tmc_shapley_islands | Computing add-islands curve (evaluated on test set)...
2026-03-04 22:03:01 | INFO | src.tmc_shapley_islands | Add-curve (mean): 1 islands, n=194 -> corr=0.0122
2026-03-04 22:03:01 | INFO | src.tmc_shapley_islands | Add-curve (mean): 2 islands, n=396 -> corr=0.0730
2026-03-04 22:03:02 | INFO | src.tmc_shapley_islands | Add-curve (mean): 3 islands, n=979 -> corr=0.1005
2026-03-04 22:03:03 | INFO | src.tmc_shapley_islands | Add-curve (mean): 4 islands, n=1238 -> corr=0.1100
2026-03-04 22:03:03 | INFO | src.tmc_shapley_islands | Add-curve (mean): 5 islands, n=1404 -> corr=0.1106
2026-03-04 22:03:04 | INFO | src.tmc_shapley_islands | Add-curve (mean): 6 islands, n=1962 -> corr=0.1034
2026-03-04 22:03:05 | INFO | src.tmc_shapley_islands | Add-curve (mean): 7 islands, n=2120 -> corr=0.1048
2026-03-04 22:03:06 | INFO | src.tmc_shapley_islands | Add-curve (mean): 8 islands, n=2293 -> corr=0.0886
2026-03-04 22:03:07 | INFO | src.tmc_shapley_islands | Add-curve (mean): 9 islands, n=3371 -> corr=0.1041
2026-03-04 22:03:09 | INFO | src.tmc_shapley_islands | Add-curve (mean): 10 islands, n=3955 -> corr=0.1148
2026-03-04 22:03:11 | INFO | src.tmc_shapley_islands | Add-curve (mean): 11 islands, n=4074 -> corr=0.1137
2026-03-04 22:03:13 | INFO | src.tmc_shapley_islands | Add-curve (mean): 12 islands, n=4430 -> corr=0.1100
2026-03-04 22:03:15 | INFO | src.tmc_shapley_islands | Add-curve (mean): 13 islands, n=4827 -> corr=0.1046
2026-03-04 22:03:18 | INFO | src.tmc_shapley_islands | Add-curve (mean): 14 islands, n=5119 -> corr=0.1057
2026-03-04 22:03:20 | INFO | src.tmc_shapley_islands | Add-curve (mean): 15 islands, n=5211 -> corr=0.1035
2026-03-04 22:03:34 | INFO | src.tmc_shapley_islands | Random individual add-curve (seed=0) complete
2026-03-04 22:03:47 | INFO | src.tmc_shapley_islands | Random individual add-curve (seed=1) complete
2026-03-04 22:04:02 | INFO | src.tmc_shapley_islands | Random individual add-curve (seed=2) complete
2026-03-04 22:04:15 | INFO | src.tmc_shapley_islands | Random individual add-curve (seed=3) complete
2026-03-04 22:04:28 | INFO | src.tmc_shapley_islands | Random individual add-curve (seed=4) complete
2026-03-04 22:04:28 | INFO | src.tmc_shapley_islands | Building mirrored remove-islands curve from add-islands curve...
2026-03-04 22:04:28 | INFO | src.tmc_shapley_islands | Saved Shapley values to outputs/tmc_shapley_sweep_all_traits/shards/shard_015/body_mass/tmp/shapley_island_values_target_14.csv
2026-03-04 22:04:28 | INFO | src.tmc_shapley_islands | Saved summary to outputs/tmc_shapley_sweep_all_traits/shards/shard_015/body_mass/tmp/tmc_summary_target_14.json
2026-03-04 22:04:28 | INFO | src.tmc_shapley_islands | Saved intermediate ranking trace to outputs/tmc_shapley_sweep_all_traits/shards/shard_015/body_mass/tmp/tmc_intermediate_rankings_target_14.csv
2026-03-04 22:04:28 | INFO | src.tmc_shapley_islands | Saved add-curve to outputs/tmc_shapley_sweep_all_traits/shards/shard_015/body_mass/tmp/add_curve_target_14.csv
2026-03-04 22:04:28 | INFO | src.tmc_shapley_islands | Saved remove-curve to outputs/tmc_shapley_sweep_all_traits/shards/shard_015/body_mass/tmp/remove_curve_target_14.csv
2026-03-04 22:04:29 | INFO | src.tmc_shapley_islands | Saved bar plot to outputs/tmc_shapley_sweep_all_traits/shards/shard_015/body_mass/tmp/shapley_bar_target_14.png
2026-03-04 22:04:29 | INFO | src.tmc_shapley_islands | Saved add-curve plot to outputs/tmc_shapley_sweep_all_traits/shards/shard_015/body_mass/tmp/add_curve_target_14.png
2026-03-04 22:04:30 | INFO | src.tmc_shapley_islands | Saved remove-curve plot to outputs/tmc_shapley_sweep_all_traits/shards/shard_015/body_mass/tmp/remove_curve_target_14.png
2026-03-04 22:04:30 | INFO | __main__ | Shard 15/30 trait=body_mass progress 61/75 | target=14 n_cal_samples=40 perm=10 repeat=5
2026-03-04 22:04:30 | INFO | src.tmc_shapley_islands | [Shapley] Target island: 14 (Southern 4), source islands: 15
2026-03-04 22:04:31 | INFO | src.tmc_shapley_islands | Data: source=5211 (across 15 islands), cal=40, test=336
2026-03-04 22:04:31 | INFO | src.tmc_shapley_islands | SNP selection: using fixed precomputed subset (n=20000)
2026-03-04 22:04:31 | INFO | src.tmc_shapley_islands | Island counts (capped to None in training):
  Nesøy: n=119
  Myken: n=92
  Træna: n=292
  Selvær: n=194
  Gjerøy: n=558
  Hestmannøy: n=1078
  Indre Kvarøy: n=356
  Onøy og Lurøy: n=259
  Lovund: n=158
  Sleneset: n=166
  Aldra: n=173
  Southern 1: n=583
  Southern 2: n=397
  Southern 3: n=584
  Southern 5: n=202
2026-03-04 22:04:31 | INFO | src.tmc_shapley_islands | Running TMC-Shapley with 10 permutations (utility on cal set)...
2026-03-04 22:04:31 | INFO | src.tmc_shapley_islands | Computing V_full over all 15 source islands...
2026-03-04 22:04:34 | INFO | src.tmc_shapley_islands | V_full = 0.3088
2026-03-04 22:05:11 | INFO | src.tmc_shapley_islands | TMC progress: 2/10 permutations done, cache hit rate: 6.5%, n_evals: 29
2026-03-04 22:05:45 | INFO | src.tmc_shapley_islands | TMC progress: 4/10 permutations done, cache hit rate: 6.6%, n_evals: 57
2026-03-04 22:06:15 | INFO | src.tmc_shapley_islands | TMC progress: 6/10 permutations done, cache hit rate: 8.8%, n_evals: 83
2026-03-04 22:06:52 | INFO | src.tmc_shapley_islands | TMC progress: 8/10 permutations done, cache hit rate: 9.1%, n_evals: 110
2026-03-04 22:07:19 | INFO | src.tmc_shapley_islands | TMC progress: 10/10 permutations done, cache hit rate: 10.6%, n_evals: 135
2026-03-04 22:07:19 | INFO | src.tmc_shapley_islands | TMC complete: 10 permutations, 0 truncated, 135 utility evals, cache hit rate: 10.6%
2026-03-04 22:07:19 | INFO | src.tmc_shapley_islands | Shapley values (phi, computed on cal set):
2026-03-04 22:07:19 | INFO | src.tmc_shapley_islands |   Nesøy: phi=-0.022929, phi/n=-0.00019268
2026-03-04 22:07:19 | INFO | src.tmc_shapley_islands |   Myken: phi=-0.022309, phi/n=-0.00024249
2026-03-04 22:07:19 | INFO | src.tmc_shapley_islands |   Træna: phi=-0.044605, phi/n=-0.00015276
2026-03-04 22:07:19 | INFO | src.tmc_shapley_islands |   Selvær: phi=0.032428, phi/n=0.00016716
2026-03-04 22:07:19 | INFO | src.tmc_shapley_islands |   Gjerøy: phi=0.047187, phi/n=0.00008456
2026-03-04 22:07:19 | INFO | src.tmc_shapley_islands |   Hestmannøy: phi=-0.162360, phi/n=-0.00015061
2026-03-04 22:07:19 | INFO | src.tmc_shapley_islands |   Indre Kvarøy: phi=-0.013317, phi/n=-0.00003741
2026-03-04 22:07:19 | INFO | src.tmc_shapley_islands |   Onøy og Lurøy: phi=0.095852, phi/n=0.00037008
2026-03-04 22:07:19 | INFO | src.tmc_shapley_islands |   Lovund: phi=0.052715, phi/n=0.00033364
2026-03-04 22:07:19 | INFO | src.tmc_shapley_islands |   Sleneset: phi=0.049199, phi/n=0.00029638
2026-03-04 22:07:19 | INFO | src.tmc_shapley_islands |   Aldra: phi=-0.044142, phi/n=-0.00025516
2026-03-04 22:07:19 | INFO | src.tmc_shapley_islands |   Southern 1: phi=-0.012705, phi/n=-0.00002179
2026-03-04 22:07:19 | INFO | src.tmc_shapley_islands |   Southern 2: phi=0.074226, phi/n=0.00018697
2026-03-04 22:07:19 | INFO | src.tmc_shapley_islands |   Southern 3: phi=0.196015, phi/n=0.00033564
2026-03-04 22:07:19 | INFO | src.tmc_shapley_islands |   Southern 5: phi=0.083592, phi/n=0.00041382
2026-03-04 22:07:19 | INFO | src.tmc_shapley_islands | Curve retraining early stopping: enabled=True, patience=20
2026-03-04 22:07:19 | INFO | src.tmc_shapley_islands | Computing add-islands curve (evaluated on test set)...
2026-03-04 22:07:19 | INFO | src.tmc_shapley_islands | Add-curve (mean): 1 islands, n=202 -> corr=0.0645
2026-03-04 22:07:19 | INFO | src.tmc_shapley_islands | Add-curve (mean): 2 islands, n=461 -> corr=0.0857
2026-03-04 22:07:19 | INFO | src.tmc_shapley_islands | Add-curve (mean): 3 islands, n=1045 -> corr=0.1045
2026-03-04 22:07:20 | INFO | src.tmc_shapley_islands | Add-curve (mean): 4 islands, n=1203 -> corr=0.0946
2026-03-04 22:07:21 | INFO | src.tmc_shapley_islands | Add-curve (mean): 5 islands, n=1369 -> corr=0.1000
2026-03-04 22:07:21 | INFO | src.tmc_shapley_islands | Add-curve (mean): 6 islands, n=1766 -> corr=0.1092
2026-03-04 22:07:22 | INFO | src.tmc_shapley_islands | Add-curve (mean): 7 islands, n=1960 -> corr=0.1198
2026-03-04 22:07:24 | INFO | src.tmc_shapley_islands | Add-curve (mean): 8 islands, n=2518 -> corr=0.1203
2026-03-04 22:07:25 | INFO | src.tmc_shapley_islands | Add-curve (mean): 9 islands, n=3101 -> corr=0.1449
2026-03-04 22:07:26 | INFO | src.tmc_shapley_islands | Add-curve (mean): 10 islands, n=3457 -> corr=0.1486
2026-03-04 22:07:29 | INFO | src.tmc_shapley_islands | Add-curve (mean): 11 islands, n=4535 -> corr=0.1239
2026-03-04 22:07:31 | INFO | src.tmc_shapley_islands | Add-curve (mean): 12 islands, n=4827 -> corr=0.1200
2026-03-04 22:07:33 | INFO | src.tmc_shapley_islands | Add-curve (mean): 13 islands, n=4946 -> corr=0.1251
2026-03-04 22:07:36 | INFO | src.tmc_shapley_islands | Add-curve (mean): 14 islands, n=5038 -> corr=0.1251
2026-03-04 22:07:38 | INFO | src.tmc_shapley_islands | Add-curve (mean): 15 islands, n=5211 -> corr=0.1172
2026-03-04 22:07:52 | INFO | src.tmc_shapley_islands | Random individual add-curve (seed=0) complete
2026-03-04 22:08:06 | INFO | src.tmc_shapley_islands | Random individual add-curve (seed=1) complete
2026-03-04 22:08:19 | INFO | src.tmc_shapley_islands | Random individual add-curve (seed=2) complete
2026-03-04 22:08:34 | INFO | src.tmc_shapley_islands | Random individual add-curve (seed=3) complete
2026-03-04 22:08:47 | INFO | src.tmc_shapley_islands | Random individual add-curve (seed=4) complete
2026-03-04 22:08:47 | INFO | src.tmc_shapley_islands | Building mirrored remove-islands curve from add-islands curve...
2026-03-04 22:08:47 | INFO | src.tmc_shapley_islands | Saved Shapley values to outputs/tmc_shapley_sweep_all_traits/shards/shard_015/body_mass/tmp/shapley_island_values_target_14.csv
2026-03-04 22:08:47 | INFO | src.tmc_shapley_islands | Saved summary to outputs/tmc_shapley_sweep_all_traits/shards/shard_015/body_mass/tmp/tmc_summary_target_14.json
2026-03-04 22:08:47 | INFO | src.tmc_shapley_islands | Saved intermediate ranking trace to outputs/tmc_shapley_sweep_all_traits/shards/shard_015/body_mass/tmp/tmc_intermediate_rankings_target_14.csv
2026-03-04 22:08:47 | INFO | src.tmc_shapley_islands | Saved add-curve to outputs/tmc_shapley_sweep_all_traits/shards/shard_015/body_mass/tmp/add_curve_target_14.csv
2026-03-04 22:08:47 | INFO | src.tmc_shapley_islands | Saved remove-curve to outputs/tmc_shapley_sweep_all_traits/shards/shard_015/body_mass/tmp/remove_curve_target_14.csv
2026-03-04 22:08:48 | INFO | src.tmc_shapley_islands | Saved bar plot to outputs/tmc_shapley_sweep_all_traits/shards/shard_015/body_mass/tmp/shapley_bar_target_14.png
2026-03-04 22:08:49 | INFO | src.tmc_shapley_islands | Saved add-curve plot to outputs/tmc_shapley_sweep_all_traits/shards/shard_015/body_mass/tmp/add_curve_target_14.png
2026-03-04 22:08:50 | INFO | src.tmc_shapley_islands | Saved remove-curve plot to outputs/tmc_shapley_sweep_all_traits/shards/shard_015/body_mass/tmp/remove_curve_target_14.png
2026-03-04 22:08:50 | INFO | __main__ | Shard 15/30 trait=body_mass progress 62/75 | target=14 n_cal_samples=40 perm=20 repeat=5
2026-03-04 22:08:50 | INFO | src.tmc_shapley_islands | [Shapley] Target island: 14 (Southern 4), source islands: 15
2026-03-04 22:08:50 | INFO | src.tmc_shapley_islands | Data: source=5211 (across 15 islands), cal=40, test=336
2026-03-04 22:08:50 | INFO | src.tmc_shapley_islands | SNP selection: using fixed precomputed subset (n=20000)
2026-03-04 22:08:50 | INFO | src.tmc_shapley_islands | Island counts (capped to None in training):
  Nesøy: n=119
  Myken: n=92
  Træna: n=292
  Selvær: n=194
  Gjerøy: n=558
  Hestmannøy: n=1078
  Indre Kvarøy: n=356
  Onøy og Lurøy: n=259
  Lovund: n=158
  Sleneset: n=166
  Aldra: n=173
  Southern 1: n=583
  Southern 2: n=397
  Southern 3: n=584
  Southern 5: n=202
2026-03-04 22:08:50 | INFO | src.tmc_shapley_islands | Loaded 135 cached utilities from outputs/tmc_shapley_sweep_all_traits/cache/body_mass/utility_cache_target_14_seed_831554052.json
2026-03-04 22:08:50 | INFO | src.tmc_shapley_islands | Running TMC-Shapley with 20 permutations (utility on cal set)...
2026-03-04 22:08:50 | INFO | src.tmc_shapley_islands | Computing V_full over all 15 source islands...
2026-03-04 22:08:50 | INFO | src.tmc_shapley_islands | V_full = 0.3088
2026-03-04 22:08:50 | INFO | src.tmc_shapley_islands | TMC head-start: loaded 10 completed permutations from state outputs/tmc_shapley_sweep_all_traits/cache/body_mass/tmc_perm_state_target_14_seed_831554052.json
2026-03-04 22:09:25 | INFO | src.tmc_shapley_islands | TMC progress: 12/20 permutations done, cache hit rate: 12.9%, n_evals: 27
2026-03-04 22:10:23 | INFO | src.tmc_shapley_islands | TMC progress: 16/20 permutations done, cache hit rate: 15.4%, n_evals: 77
2026-03-04 22:11:18 | INFO | src.tmc_shapley_islands | TMC progress: 20/20 permutations done, cache hit rate: 18.5%, n_evals: 123
2026-03-04 22:11:18 | INFO | src.tmc_shapley_islands | TMC complete: 20 permutations, 0 truncated, 123 utility evals, cache hit rate: 18.5%
2026-03-04 22:11:18 | INFO | src.tmc_shapley_islands | Shapley values (phi, computed on cal set):
2026-03-04 22:11:18 | INFO | src.tmc_shapley_islands |   Nesøy: phi=-0.023334, phi/n=-0.00019608
2026-03-04 22:11:18 | INFO | src.tmc_shapley_islands |   Myken: phi=-0.021158, phi/n=-0.00022997
2026-03-04 22:11:18 | INFO | src.tmc_shapley_islands |   Træna: phi=-0.042064, phi/n=-0.00014405
2026-03-04 22:11:18 | INFO | src.tmc_shapley_islands |   Selvær: phi=0.038280, phi/n=0.00019732
2026-03-04 22:11:18 | INFO | src.tmc_shapley_islands |   Gjerøy: phi=0.048826, phi/n=0.00008750
2026-03-04 22:11:18 | INFO | src.tmc_shapley_islands |   Hestmannøy: phi=-0.149126, phi/n=-0.00013834
2026-03-04 22:11:18 | INFO | src.tmc_shapley_islands |   Indre Kvarøy: phi=-0.008421, phi/n=-0.00002366
2026-03-04 22:11:18 | INFO | src.tmc_shapley_islands |   Onøy og Lurøy: phi=0.080999, phi/n=0.00031274
2026-03-04 22:11:18 | INFO | src.tmc_shapley_islands |   Lovund: phi=0.049129, phi/n=0.00031094
2026-03-04 22:11:18 | INFO | src.tmc_shapley_islands |   Sleneset: phi=0.045408, phi/n=0.00027354
2026-03-04 22:11:18 | INFO | src.tmc_shapley_islands |   Aldra: phi=-0.054692, phi/n=-0.00031614
2026-03-04 22:11:18 | INFO | src.tmc_shapley_islands |   Southern 1: phi=-0.009106, phi/n=-0.00001562
2026-03-04 22:11:18 | INFO | src.tmc_shapley_islands |   Southern 2: phi=0.061340, phi/n=0.00015451
2026-03-04 22:11:18 | INFO | src.tmc_shapley_islands |   Southern 3: phi=0.213373, phi/n=0.00036536
2026-03-04 22:11:18 | INFO | src.tmc_shapley_islands |   Southern 5: phi=0.079393, phi/n=0.00039303
2026-03-04 22:11:18 | INFO | src.tmc_shapley_islands | Curve retraining early stopping: enabled=True, patience=20
2026-03-04 22:11:18 | INFO | src.tmc_shapley_islands | Computing add-islands curve (evaluated on test set)...
2026-03-04 22:11:18 | INFO | src.tmc_shapley_islands | Add-curve (mean): 1 islands, n=202 -> corr=0.0645
2026-03-04 22:11:19 | INFO | src.tmc_shapley_islands | Add-curve (mean): 2 islands, n=786 -> corr=0.0946
2026-03-04 22:11:19 | INFO | src.tmc_shapley_islands | Add-curve (mean): 3 islands, n=1045 -> corr=0.1045
2026-03-04 22:11:20 | INFO | src.tmc_shapley_islands | Add-curve (mean): 4 islands, n=1203 -> corr=0.0946
2026-03-04 22:11:21 | INFO | src.tmc_shapley_islands | Add-curve (mean): 5 islands, n=1369 -> corr=0.1000
2026-03-04 22:11:22 | INFO | src.tmc_shapley_islands | Add-curve (mean): 6 islands, n=1563 -> corr=0.1117
2026-03-04 22:11:22 | INFO | src.tmc_shapley_islands | Add-curve (mean): 7 islands, n=1960 -> corr=0.1198
2026-03-04 22:11:24 | INFO | src.tmc_shapley_islands | Add-curve (mean): 8 islands, n=2518 -> corr=0.1203
2026-03-04 22:11:25 | INFO | src.tmc_shapley_islands | Add-curve (mean): 9 islands, n=3101 -> corr=0.1449
2026-03-04 22:11:26 | INFO | src.tmc_shapley_islands | Add-curve (mean): 10 islands, n=3457 -> corr=0.1486
2026-03-04 22:11:28 | INFO | src.tmc_shapley_islands | Add-curve (mean): 11 islands, n=4535 -> corr=0.1239
2026-03-04 22:11:31 | INFO | src.tmc_shapley_islands | Add-curve (mean): 12 islands, n=4827 -> corr=0.1200
2026-03-04 22:11:33 | INFO | src.tmc_shapley_islands | Add-curve (mean): 13 islands, n=4946 -> corr=0.1251
2026-03-04 22:11:36 | INFO | src.tmc_shapley_islands | Add-curve (mean): 14 islands, n=5038 -> corr=0.1251
2026-03-04 22:11:38 | INFO | src.tmc_shapley_islands | Add-curve (mean): 15 islands, n=5211 -> corr=0.1172
2026-03-04 22:11:52 | INFO | src.tmc_shapley_islands | Random individual add-curve (seed=0) complete
2026-03-04 22:12:06 | INFO | src.tmc_shapley_islands | Random individual add-curve (seed=1) complete
2026-03-04 22:12:20 | INFO | src.tmc_shapley_islands | Random individual add-curve (seed=2) complete
2026-03-04 22:12:33 | INFO | src.tmc_shapley_islands | Random individual add-curve (seed=3) complete
2026-03-04 22:12:47 | INFO | src.tmc_shapley_islands | Random individual add-curve (seed=4) complete
2026-03-04 22:12:47 | INFO | src.tmc_shapley_islands | Building mirrored remove-islands curve from add-islands curve...
2026-03-04 22:12:47 | INFO | src.tmc_shapley_islands | Saved Shapley values to outputs/tmc_shapley_sweep_all_traits/shards/shard_015/body_mass/tmp/shapley_island_values_target_14.csv
2026-03-04 22:12:47 | INFO | src.tmc_shapley_islands | Saved summary to outputs/tmc_shapley_sweep_all_traits/shards/shard_015/body_mass/tmp/tmc_summary_target_14.json
2026-03-04 22:12:47 | INFO | src.tmc_shapley_islands | Saved intermediate ranking trace to outputs/tmc_shapley_sweep_all_traits/shards/shard_015/body_mass/tmp/tmc_intermediate_rankings_target_14.csv
2026-03-04 22:12:47 | INFO | src.tmc_shapley_islands | Saved add-curve to outputs/tmc_shapley_sweep_all_traits/shards/shard_015/body_mass/tmp/add_curve_target_14.csv
2026-03-04 22:12:47 | INFO | src.tmc_shapley_islands | Saved remove-curve to outputs/tmc_shapley_sweep_all_traits/shards/shard_015/body_mass/tmp/remove_curve_target_14.csv
2026-03-04 22:12:48 | INFO | src.tmc_shapley_islands | Saved bar plot to outputs/tmc_shapley_sweep_all_traits/shards/shard_015/body_mass/tmp/shapley_bar_target_14.png
2026-03-04 22:12:48 | INFO | src.tmc_shapley_islands | Saved add-curve plot to outputs/tmc_shapley_sweep_all_traits/shards/shard_015/body_mass/tmp/add_curve_target_14.png
2026-03-04 22:12:49 | INFO | src.tmc_shapley_islands | Saved remove-curve plot to outputs/tmc_shapley_sweep_all_traits/shards/shard_015/body_mass/tmp/remove_curve_target_14.png
2026-03-04 22:12:49 | INFO | __main__ | Shard 15/30 trait=body_mass progress 63/75 | target=14 n_cal_samples=40 perm=40 repeat=5
2026-03-04 22:12:49 | INFO | src.tmc_shapley_islands | [Shapley] Target island: 14 (Southern 4), source islands: 15
2026-03-04 22:12:50 | INFO | src.tmc_shapley_islands | Data: source=5211 (across 15 islands), cal=40, test=336
2026-03-04 22:12:50 | INFO | src.tmc_shapley_islands | SNP selection: using fixed precomputed subset (n=20000)
2026-03-04 22:12:50 | INFO | src.tmc_shapley_islands | Island counts (capped to None in training):
  Nesøy: n=119
  Myken: n=92
  Træna: n=292
  Selvær: n=194
  Gjerøy: n=558
  Hestmannøy: n=1078
  Indre Kvarøy: n=356
  Onøy og Lurøy: n=259
  Lovund: n=158
  Sleneset: n=166
  Aldra: n=173
  Southern 1: n=583
  Southern 2: n=397
  Southern 3: n=584
  Southern 5: n=202
2026-03-04 22:12:50 | INFO | src.tmc_shapley_islands | Loaded 258 cached utilities from outputs/tmc_shapley_sweep_all_traits/cache/body_mass/utility_cache_target_14_seed_831554052.json
2026-03-04 22:12:50 | INFO | src.tmc_shapley_islands | Running TMC-Shapley with 40 permutations (utility on cal set)...
2026-03-04 22:12:50 | INFO | src.tmc_shapley_islands | Computing V_full over all 15 source islands...
2026-03-04 22:12:50 | INFO | src.tmc_shapley_islands | V_full = 0.3088
2026-03-04 22:12:50 | INFO | src.tmc_shapley_islands | TMC head-start: loaded 20 completed permutations from state outputs/tmc_shapley_sweep_all_traits/cache/body_mass/tmc_perm_state_target_14_seed_831554052.json
2026-03-04 22:13:48 | INFO | src.tmc_shapley_islands | TMC progress: 24/40 permutations done, cache hit rate: 18.0%, n_evals: 50
2026-03-04 22:15:41 | INFO | src.tmc_shapley_islands | TMC progress: 32/40 permutations done, cache hit rate: 17.7%, n_evals: 149
2026-03-04 22:17:25 | INFO | src.tmc_shapley_islands | TMC progress: 40/40 permutations done, cache hit rate: 21.6%, n_evals: 236
2026-03-04 22:17:25 | INFO | src.tmc_shapley_islands | TMC complete: 40 permutations, 0 truncated, 236 utility evals, cache hit rate: 21.6%
2026-03-04 22:17:25 | INFO | src.tmc_shapley_islands | Shapley values (phi, computed on cal set):
2026-03-04 22:17:25 | INFO | src.tmc_shapley_islands |   Nesøy: phi=-0.034211, phi/n=-0.00028749
2026-03-04 22:17:25 | INFO | src.tmc_shapley_islands |   Myken: phi=-0.020324, phi/n=-0.00022092
2026-03-04 22:17:25 | INFO | src.tmc_shapley_islands |   Træna: phi=-0.039407, phi/n=-0.00013495
2026-03-04 22:17:25 | INFO | src.tmc_shapley_islands |   Selvær: phi=0.056485, phi/n=0.00029116
2026-03-04 22:17:25 | INFO | src.tmc_shapley_islands |   Gjerøy: phi=0.054484, phi/n=0.00009764
2026-03-04 22:17:25 | INFO | src.tmc_shapley_islands |   Hestmannøy: phi=-0.165094, phi/n=-0.00015315
2026-03-04 22:17:25 | INFO | src.tmc_shapley_islands |   Indre Kvarøy: phi=-0.011648, phi/n=-0.00003272
2026-03-04 22:17:25 | INFO | src.tmc_shapley_islands |   Onøy og Lurøy: phi=0.091802, phi/n=0.00035445
2026-03-04 22:17:25 | INFO | src.tmc_shapley_islands |   Lovund: phi=0.045542, phi/n=0.00028824
2026-03-04 22:17:25 | INFO | src.tmc_shapley_islands |   Sleneset: phi=0.040664, phi/n=0.00024496
2026-03-04 22:17:25 | INFO | src.tmc_shapley_islands |   Aldra: phi=-0.045622, phi/n=-0.00026371
2026-03-04 22:17:25 | INFO | src.tmc_shapley_islands |   Southern 1: phi=-0.005919, phi/n=-0.00001015
2026-03-04 22:17:25 | INFO | src.tmc_shapley_islands |   Southern 2: phi=0.086064, phi/n=0.00021679
2026-03-04 22:17:25 | INFO | src.tmc_shapley_islands |   Southern 3: phi=0.168617, phi/n=0.00028873
2026-03-04 22:17:25 | INFO | src.tmc_shapley_islands |   Southern 5: phi=0.087416, phi/n=0.00043275
2026-03-04 22:17:25 | INFO | src.tmc_shapley_islands | Curve retraining early stopping: enabled=True, patience=20
2026-03-04 22:17:25 | INFO | src.tmc_shapley_islands | Computing add-islands curve (evaluated on test set)...
2026-03-04 22:17:25 | INFO | src.tmc_shapley_islands | Add-curve (mean): 1 islands, n=202 -> corr=0.0645
2026-03-04 22:17:25 | INFO | src.tmc_shapley_islands | Add-curve (mean): 2 islands, n=461 -> corr=0.0857
2026-03-04 22:17:26 | INFO | src.tmc_shapley_islands | Add-curve (mean): 3 islands, n=655 -> corr=0.1043
2026-03-04 22:17:26 | INFO | src.tmc_shapley_islands | Add-curve (mean): 4 islands, n=1239 -> corr=0.1160
2026-03-04 22:17:27 | INFO | src.tmc_shapley_islands | Add-curve (mean): 5 islands, n=1397 -> corr=0.1063
2026-03-04 22:17:28 | INFO | src.tmc_shapley_islands | Add-curve (mean): 6 islands, n=1563 -> corr=0.1117
2026-03-04 22:17:29 | INFO | src.tmc_shapley_islands | Add-curve (mean): 7 islands, n=1960 -> corr=0.1198
2026-03-04 22:17:30 | INFO | src.tmc_shapley_islands | Add-curve (mean): 8 islands, n=2518 -> corr=0.1203
2026-03-04 22:17:31 | INFO | src.tmc_shapley_islands | Add-curve (mean): 9 islands, n=3101 -> corr=0.1449
2026-03-04 22:17:32 | INFO | src.tmc_shapley_islands | Add-curve (mean): 10 islands, n=3457 -> corr=0.1486
2026-03-04 22:17:34 | INFO | src.tmc_shapley_islands | Add-curve (mean): 11 islands, n=3749 -> corr=0.1454
2026-03-04 22:17:36 | INFO | src.tmc_shapley_islands | Add-curve (mean): 12 islands, n=4827 -> corr=0.1200
2026-03-04 22:17:39 | INFO | src.tmc_shapley_islands | Add-curve (mean): 13 islands, n=4919 -> corr=0.1200
2026-03-04 22:17:41 | INFO | src.tmc_shapley_islands | Add-curve (mean): 14 islands, n=5092 -> corr=0.1127
2026-03-04 22:17:44 | INFO | src.tmc_shapley_islands | Add-curve (mean): 15 islands, n=5211 -> corr=0.1172
2026-03-04 22:17:57 | INFO | src.tmc_shapley_islands | Random individual add-curve (seed=0) complete
2026-03-04 22:18:10 | INFO | src.tmc_shapley_islands | Random individual add-curve (seed=1) complete
2026-03-04 22:18:23 | INFO | src.tmc_shapley_islands | Random individual add-curve (seed=2) complete
2026-03-04 22:18:36 | INFO | src.tmc_shapley_islands | Random individual add-curve (seed=3) complete
2026-03-04 22:18:49 | INFO | src.tmc_shapley_islands | Random individual add-curve (seed=4) complete
2026-03-04 22:18:49 | INFO | src.tmc_shapley_islands | Building mirrored remove-islands curve from add-islands curve...
2026-03-04 22:18:49 | INFO | src.tmc_shapley_islands | Saved Shapley values to outputs/tmc_shapley_sweep_all_traits/shards/shard_015/body_mass/tmp/shapley_island_values_target_14.csv
2026-03-04 22:18:49 | INFO | src.tmc_shapley_islands | Saved summary to outputs/tmc_shapley_sweep_all_traits/shards/shard_015/body_mass/tmp/tmc_summary_target_14.json
2026-03-04 22:18:49 | INFO | src.tmc_shapley_islands | Saved intermediate ranking trace to outputs/tmc_shapley_sweep_all_traits/shards/shard_015/body_mass/tmp/tmc_intermediate_rankings_target_14.csv
2026-03-04 22:18:49 | INFO | src.tmc_shapley_islands | Saved add-curve to outputs/tmc_shapley_sweep_all_traits/shards/shard_015/body_mass/tmp/add_curve_target_14.csv
2026-03-04 22:18:49 | INFO | src.tmc_shapley_islands | Saved remove-curve to outputs/tmc_shapley_sweep_all_traits/shards/shard_015/body_mass/tmp/remove_curve_target_14.csv
2026-03-04 22:18:50 | INFO | src.tmc_shapley_islands | Saved bar plot to outputs/tmc_shapley_sweep_all_traits/shards/shard_015/body_mass/tmp/shapley_bar_target_14.png
2026-03-04 22:18:51 | INFO | src.tmc_shapley_islands | Saved add-curve plot to outputs/tmc_shapley_sweep_all_traits/shards/shard_015/body_mass/tmp/add_curve_target_14.png
2026-03-04 22:18:51 | INFO | src.tmc_shapley_islands | Saved remove-curve plot to outputs/tmc_shapley_sweep_all_traits/shards/shard_015/body_mass/tmp/remove_curve_target_14.png
2026-03-04 22:18:51 | INFO | __main__ | Shard 15/30 trait=body_mass progress 64/75 | target=14 n_cal_samples=40 perm=80 repeat=5
2026-03-04 22:18:51 | INFO | src.tmc_shapley_islands | [Shapley] Target island: 14 (Southern 4), source islands: 15
2026-03-04 22:18:52 | INFO | src.tmc_shapley_islands | Data: source=5211 (across 15 islands), cal=40, test=336
2026-03-04 22:18:52 | INFO | src.tmc_shapley_islands | SNP selection: using fixed precomputed subset (n=20000)
2026-03-04 22:18:52 | INFO | src.tmc_shapley_islands | Island counts (capped to None in training):
  Nesøy: n=119
  Myken: n=92
  Træna: n=292
  Selvær: n=194
  Gjerøy: n=558
  Hestmannøy: n=1078
  Indre Kvarøy: n=356
  Onøy og Lurøy: n=259
  Lovund: n=158
  Sleneset: n=166
  Aldra: n=173
  Southern 1: n=583
  Southern 2: n=397
  Southern 3: n=584
  Southern 5: n=202
2026-03-04 22:18:52 | INFO | src.tmc_shapley_islands | Loaded 494 cached utilities from outputs/tmc_shapley_sweep_all_traits/cache/body_mass/utility_cache_target_14_seed_831554052.json
2026-03-04 22:18:52 | INFO | src.tmc_shapley_islands | Running TMC-Shapley with 80 permutations (utility on cal set)...
2026-03-04 22:18:52 | INFO | src.tmc_shapley_islands | Computing V_full over all 15 source islands...
2026-03-04 22:18:52 | INFO | src.tmc_shapley_islands | V_full = 0.3088
2026-03-04 22:18:52 | INFO | src.tmc_shapley_islands | TMC head-start: loaded 40 completed permutations from state outputs/tmc_shapley_sweep_all_traits/cache/body_mass/tmc_perm_state_target_14_seed_831554052.json
2026-03-04 22:20:32 | INFO | src.tmc_shapley_islands | TMC progress: 48/80 permutations done, cache hit rate: 28.1%, n_evals: 87
2026-03-04 22:23:29 | INFO | src.tmc_shapley_islands | TMC progress: 64/80 permutations done, cache hit rate: 28.3%, n_evals: 259
2026-03-04 22:26:57 | INFO | src.tmc_shapley_islands | TMC progress: 80/80 permutations done, cache hit rate: 28.1%, n_evals: 432
2026-03-04 22:26:57 | INFO | src.tmc_shapley_islands | TMC complete: 80 permutations, 0 truncated, 432 utility evals, cache hit rate: 28.1%
2026-03-04 22:26:57 | INFO | src.tmc_shapley_islands | Shapley values (phi, computed on cal set):
2026-03-04 22:26:57 | INFO | src.tmc_shapley_islands |   Nesøy: phi=-0.034402, phi/n=-0.00028910
2026-03-04 22:26:57 | INFO | src.tmc_shapley_islands |   Myken: phi=-0.019480, phi/n=-0.00021173
2026-03-04 22:26:57 | INFO | src.tmc_shapley_islands |   Træna: phi=-0.039764, phi/n=-0.00013618
2026-03-04 22:26:57 | INFO | src.tmc_shapley_islands |   Selvær: phi=0.054623, phi/n=0.00028156
2026-03-04 22:26:57 | INFO | src.tmc_shapley_islands |   Gjerøy: phi=0.054622, phi/n=0.00009789
2026-03-04 22:26:57 | INFO | src.tmc_shapley_islands |   Hestmannøy: phi=-0.158112, phi/n=-0.00014667
2026-03-04 22:26:57 | INFO | src.tmc_shapley_islands |   Indre Kvarøy: phi=-0.012324, phi/n=-0.00003462
2026-03-04 22:26:57 | INFO | src.tmc_shapley_islands |   Onøy og Lurøy: phi=0.085342, phi/n=0.00032951
2026-03-04 22:26:57 | INFO | src.tmc_shapley_islands |   Lovund: phi=0.054951, phi/n=0.00034779
2026-03-04 22:26:57 | INFO | src.tmc_shapley_islands |   Sleneset: phi=0.047872, phi/n=0.00028839
2026-03-04 22:26:57 | INFO | src.tmc_shapley_islands |   Aldra: phi=-0.043935, phi/n=-0.00025396
2026-03-04 22:26:57 | INFO | src.tmc_shapley_islands |   Southern 1: phi=-0.006722, phi/n=-0.00001153
2026-03-04 22:26:57 | INFO | src.tmc_shapley_islands |   Southern 2: phi=0.082773, phi/n=0.00020850
2026-03-04 22:26:57 | INFO | src.tmc_shapley_islands |   Southern 3: phi=0.152177, phi/n=0.00026058
2026-03-04 22:26:57 | INFO | src.tmc_shapley_islands |   Southern 5: phi=0.091226, phi/n=0.00045161
2026-03-04 22:26:57 | INFO | src.tmc_shapley_islands | Curve retraining early stopping: enabled=True, patience=20
2026-03-04 22:26:57 | INFO | src.tmc_shapley_islands | Computing add-islands curve (evaluated on test set)...
2026-03-04 22:26:57 | INFO | src.tmc_shapley_islands | Add-curve (mean): 1 islands, n=202 -> corr=0.0645
2026-03-04 22:26:58 | INFO | src.tmc_shapley_islands | Add-curve (mean): 2 islands, n=360 -> corr=0.0614
2026-03-04 22:26:58 | INFO | src.tmc_shapley_islands | Add-curve (mean): 3 islands, n=619 -> corr=0.0759
2026-03-04 22:26:58 | INFO | src.tmc_shapley_islands | Add-curve (mean): 4 islands, n=785 -> corr=0.0805
2026-03-04 22:26:59 | INFO | src.tmc_shapley_islands | Add-curve (mean): 5 islands, n=979 -> corr=0.0979
2026-03-04 22:26:59 | INFO | src.tmc_shapley_islands | Add-curve (mean): 6 islands, n=1563 -> corr=0.1117
2026-03-04 22:27:00 | INFO | src.tmc_shapley_islands | Add-curve (mean): 7 islands, n=1960 -> corr=0.1198
2026-03-04 22:27:02 | INFO | src.tmc_shapley_islands | Add-curve (mean): 8 islands, n=2518 -> corr=0.1203
2026-03-04 22:27:03 | INFO | src.tmc_shapley_islands | Add-curve (mean): 9 islands, n=3101 -> corr=0.1449
2026-03-04 22:27:04 | INFO | src.tmc_shapley_islands | Add-curve (mean): 10 islands, n=3457 -> corr=0.1486
2026-03-04 22:27:06 | INFO | src.tmc_shapley_islands | Add-curve (mean): 11 islands, n=3749 -> corr=0.1454
2026-03-04 22:27:08 | INFO | src.tmc_shapley_islands | Add-curve (mean): 12 islands, n=4827 -> corr=0.1200
2026-03-04 22:27:10 | INFO | src.tmc_shapley_islands | Add-curve (mean): 13 islands, n=4919 -> corr=0.1200
2026-03-04 22:27:13 | INFO | src.tmc_shapley_islands | Add-curve (mean): 14 islands, n=5092 -> corr=0.1127
2026-03-04 22:27:15 | INFO | src.tmc_shapley_islands | Add-curve (mean): 15 islands, n=5211 -> corr=0.1172
2026-03-04 22:27:28 | INFO | src.tmc_shapley_islands | Random individual add-curve (seed=0) complete
2026-03-04 22:27:40 | INFO | src.tmc_shapley_islands | Random individual add-curve (seed=1) complete
2026-03-04 22:27:53 | INFO | src.tmc_shapley_islands | Random individual add-curve (seed=2) complete
2026-03-04 22:28:06 | INFO | src.tmc_shapley_islands | Random individual add-curve (seed=3) complete
2026-03-04 22:28:18 | INFO | src.tmc_shapley_islands | Random individual add-curve (seed=4) complete
2026-03-04 22:28:18 | INFO | src.tmc_shapley_islands | Building mirrored remove-islands curve from add-islands curve...
2026-03-04 22:28:18 | INFO | src.tmc_shapley_islands | Saved Shapley values to outputs/tmc_shapley_sweep_all_traits/shards/shard_015/body_mass/tmp/shapley_island_values_target_14.csv
2026-03-04 22:28:18 | INFO | src.tmc_shapley_islands | Saved summary to outputs/tmc_shapley_sweep_all_traits/shards/shard_015/body_mass/tmp/tmc_summary_target_14.json
2026-03-04 22:28:18 | INFO | src.tmc_shapley_islands | Saved intermediate ranking trace to outputs/tmc_shapley_sweep_all_traits/shards/shard_015/body_mass/tmp/tmc_intermediate_rankings_target_14.csv
2026-03-04 22:28:18 | INFO | src.tmc_shapley_islands | Saved add-curve to outputs/tmc_shapley_sweep_all_traits/shards/shard_015/body_mass/tmp/add_curve_target_14.csv
2026-03-04 22:28:18 | INFO | src.tmc_shapley_islands | Saved remove-curve to outputs/tmc_shapley_sweep_all_traits/shards/shard_015/body_mass/tmp/remove_curve_target_14.csv
2026-03-04 22:28:19 | INFO | src.tmc_shapley_islands | Saved bar plot to outputs/tmc_shapley_sweep_all_traits/shards/shard_015/body_mass/tmp/shapley_bar_target_14.png
2026-03-04 22:28:19 | INFO | src.tmc_shapley_islands | Saved add-curve plot to outputs/tmc_shapley_sweep_all_traits/shards/shard_015/body_mass/tmp/add_curve_target_14.png
2026-03-04 22:28:20 | INFO | src.tmc_shapley_islands | Saved remove-curve plot to outputs/tmc_shapley_sweep_all_traits/shards/shard_015/body_mass/tmp/remove_curve_target_14.png
2026-03-04 22:28:20 | INFO | __main__ | Shard 15/30 trait=body_mass progress 65/75 | target=14 n_cal_samples=40 perm=150 repeat=5
2026-03-04 22:28:20 | INFO | src.tmc_shapley_islands | [Shapley] Target island: 14 (Southern 4), source islands: 15
2026-03-04 22:28:21 | INFO | src.tmc_shapley_islands | Data: source=5211 (across 15 islands), cal=40, test=336
2026-03-04 22:28:21 | INFO | src.tmc_shapley_islands | SNP selection: using fixed precomputed subset (n=20000)
2026-03-04 22:28:21 | INFO | src.tmc_shapley_islands | Island counts (capped to None in training):
  Nesøy: n=119
  Myken: n=92
  Træna: n=292
  Selvær: n=194
  Gjerøy: n=558
  Hestmannøy: n=1078
  Indre Kvarøy: n=356
  Onøy og Lurøy: n=259
  Lovund: n=158
  Sleneset: n=166
  Aldra: n=173
  Southern 1: n=583
  Southern 2: n=397
  Southern 3: n=584
  Southern 5: n=202
2026-03-04 22:28:21 | INFO | src.tmc_shapley_islands | Loaded 926 cached utilities from outputs/tmc_shapley_sweep_all_traits/cache/body_mass/utility_cache_target_14_seed_831554052.json
2026-03-04 22:28:21 | INFO | src.tmc_shapley_islands | Running TMC-Shapley with 150 permutations (utility on cal set)...
2026-03-04 22:28:21 | INFO | src.tmc_shapley_islands | Computing V_full over all 15 source islands...
2026-03-04 22:28:21 | INFO | src.tmc_shapley_islands | V_full = 0.3088
2026-03-04 22:28:21 | INFO | src.tmc_shapley_islands | TMC head-start: loaded 80 completed permutations from state outputs/tmc_shapley_sweep_all_traits/cache/body_mass/tmc_perm_state_target_14_seed_831554052.json
2026-03-04 22:30:23 | INFO | src.tmc_shapley_islands | TMC progress: 90/150 permutations done, cache hit rate: 31.8%, n_evals: 103
2026-03-04 22:36:00 | INFO | src.tmc_shapley_islands | TMC progress: 120/150 permutations done, cache hit rate: 33.9%, n_evals: 397
2026-03-04 22:41:31 | INFO | src.tmc_shapley_islands | TMC progress: 150/150 permutations done, cache hit rate: 34.0%, n_evals: 694
2026-03-04 22:41:31 | INFO | src.tmc_shapley_islands | TMC complete: 150 permutations, 0 truncated, 694 utility evals, cache hit rate: 34.0%
2026-03-04 22:41:31 | INFO | src.tmc_shapley_islands | Shapley values (phi, computed on cal set):
2026-03-04 22:41:31 | INFO | src.tmc_shapley_islands |   Nesøy: phi=-0.033639, phi/n=-0.00028268
2026-03-04 22:41:31 | INFO | src.tmc_shapley_islands |   Myken: phi=-0.020903, phi/n=-0.00022721
2026-03-04 22:41:31 | INFO | src.tmc_shapley_islands |   Træna: phi=-0.040995, phi/n=-0.00014039
2026-03-04 22:41:31 | INFO | src.tmc_shapley_islands |   Selvær: phi=0.047080, phi/n=0.00024268
2026-03-04 22:41:31 | INFO | src.tmc_shapley_islands |   Gjerøy: phi=0.046075, phi/n=0.00008257
2026-03-04 22:41:31 | INFO | src.tmc_shapley_islands |   Hestmannøy: phi=-0.151303, phi/n=-0.00014036
2026-03-04 22:41:31 | INFO | src.tmc_shapley_islands |   Indre Kvarøy: phi=-0.012966, phi/n=-0.00003642
2026-03-04 22:41:31 | INFO | src.tmc_shapley_islands |   Onøy og Lurøy: phi=0.086907, phi/n=0.00033555
2026-03-04 22:41:31 | INFO | src.tmc_shapley_islands |   Lovund: phi=0.054437, phi/n=0.00034454
2026-03-04 22:41:31 | INFO | src.tmc_shapley_islands |   Sleneset: phi=0.058137, phi/n=0.00035023
2026-03-04 22:41:31 | INFO | src.tmc_shapley_islands |   Aldra: phi=-0.045323, phi/n=-0.00026198
2026-03-04 22:41:31 | INFO | src.tmc_shapley_islands |   Southern 1: phi=-0.009244, phi/n=-0.00001586
2026-03-04 22:41:31 | INFO | src.tmc_shapley_islands |   Southern 2: phi=0.083115, phi/n=0.00020936
2026-03-04 22:41:31 | INFO | src.tmc_shapley_islands |   Southern 3: phi=0.154284, phi/n=0.00026418
2026-03-04 22:41:31 | INFO | src.tmc_shapley_islands |   Southern 5: phi=0.093185, phi/n=0.00046131
2026-03-04 22:41:31 | INFO | src.tmc_shapley_islands | Curve retraining early stopping: enabled=True, patience=20
2026-03-04 22:41:31 | INFO | src.tmc_shapley_islands | Computing add-islands curve (evaluated on test set)...
2026-03-04 22:41:31 | INFO | src.tmc_shapley_islands | Add-curve (mean): 1 islands, n=202 -> corr=0.0645
2026-03-04 22:41:31 | INFO | src.tmc_shapley_islands | Add-curve (mean): 2 islands, n=368 -> corr=0.0776
2026-03-04 22:41:32 | INFO | src.tmc_shapley_islands | Add-curve (mean): 3 islands, n=526 -> corr=0.0688
2026-03-04 22:41:32 | INFO | src.tmc_shapley_islands | Add-curve (mean): 4 islands, n=785 -> corr=0.0805
2026-03-04 22:41:32 | INFO | src.tmc_shapley_islands | Add-curve (mean): 5 islands, n=1369 -> corr=0.1000
2026-03-04 22:41:33 | INFO | src.tmc_shapley_islands | Add-curve (mean): 6 islands, n=1563 -> corr=0.1117
2026-03-04 22:41:34 | INFO | src.tmc_shapley_islands | Add-curve (mean): 7 islands, n=1960 -> corr=0.1198
2026-03-04 22:41:35 | INFO | src.tmc_shapley_islands | Add-curve (mean): 8 islands, n=2518 -> corr=0.1203
2026-03-04 22:41:37 | INFO | src.tmc_shapley_islands | Add-curve (mean): 9 islands, n=3101 -> corr=0.1449
2026-03-04 22:41:38 | INFO | src.tmc_shapley_islands | Add-curve (mean): 10 islands, n=3457 -> corr=0.1486
2026-03-04 22:41:40 | INFO | src.tmc_shapley_islands | Add-curve (mean): 11 islands, n=4535 -> corr=0.1239
2026-03-04 22:41:42 | INFO | src.tmc_shapley_islands | Add-curve (mean): 12 islands, n=4827 -> corr=0.1200
2026-03-04 22:41:45 | INFO | src.tmc_shapley_islands | Add-curve (mean): 13 islands, n=4919 -> corr=0.1200
2026-03-04 22:41:47 | INFO | src.tmc_shapley_islands | Add-curve (mean): 14 islands, n=5092 -> corr=0.1127
2026-03-04 22:41:50 | INFO | src.tmc_shapley_islands | Add-curve (mean): 15 islands, n=5211 -> corr=0.1172
2026-03-04 22:42:03 | INFO | src.tmc_shapley_islands | Random individual add-curve (seed=0) complete
2026-03-04 22:42:16 | INFO | src.tmc_shapley_islands | Random individual add-curve (seed=1) complete
2026-03-04 22:42:29 | INFO | src.tmc_shapley_islands | Random individual add-curve (seed=2) complete
2026-03-04 22:42:43 | INFO | src.tmc_shapley_islands | Random individual add-curve (seed=3) complete
2026-03-04 22:42:55 | INFO | src.tmc_shapley_islands | Random individual add-curve (seed=4) complete
2026-03-04 22:42:55 | INFO | src.tmc_shapley_islands | Building mirrored remove-islands curve from add-islands curve...
2026-03-04 22:42:55 | INFO | src.tmc_shapley_islands | Saved Shapley values to outputs/tmc_shapley_sweep_all_traits/shards/shard_015/body_mass/tmp/shapley_island_values_target_14.csv
2026-03-04 22:42:55 | INFO | src.tmc_shapley_islands | Saved summary to outputs/tmc_shapley_sweep_all_traits/shards/shard_015/body_mass/tmp/tmc_summary_target_14.json
2026-03-04 22:42:55 | INFO | src.tmc_shapley_islands | Saved intermediate ranking trace to outputs/tmc_shapley_sweep_all_traits/shards/shard_015/body_mass/tmp/tmc_intermediate_rankings_target_14.csv
2026-03-04 22:42:55 | INFO | src.tmc_shapley_islands | Saved add-curve to outputs/tmc_shapley_sweep_all_traits/shards/shard_015/body_mass/tmp/add_curve_target_14.csv
2026-03-04 22:42:55 | INFO | src.tmc_shapley_islands | Saved remove-curve to outputs/tmc_shapley_sweep_all_traits/shards/shard_015/body_mass/tmp/remove_curve_target_14.csv
2026-03-04 22:42:56 | INFO | src.tmc_shapley_islands | Saved bar plot to outputs/tmc_shapley_sweep_all_traits/shards/shard_015/body_mass/tmp/shapley_bar_target_14.png
2026-03-04 22:42:57 | INFO | src.tmc_shapley_islands | Saved add-curve plot to outputs/tmc_shapley_sweep_all_traits/shards/shard_015/body_mass/tmp/add_curve_target_14.png
2026-03-04 22:42:57 | INFO | src.tmc_shapley_islands | Saved remove-curve plot to outputs/tmc_shapley_sweep_all_traits/shards/shard_015/body_mass/tmp/remove_curve_target_14.png
2026-03-04 22:42:57 | INFO | __main__ | Shard 15/30 trait=body_mass progress 66/75 | target=14 n_cal_samples=80 perm=10 repeat=5
2026-03-04 22:42:57 | INFO | src.tmc_shapley_islands | [Shapley] Target island: 14 (Southern 4), source islands: 15
2026-03-04 22:42:58 | INFO | src.tmc_shapley_islands | Data: source=5211 (across 15 islands), cal=80, test=336
2026-03-04 22:42:58 | INFO | src.tmc_shapley_islands | SNP selection: using fixed precomputed subset (n=20000)
2026-03-04 22:42:58 | INFO | src.tmc_shapley_islands | Island counts (capped to None in training):
  Nesøy: n=119
  Myken: n=92
  Træna: n=292
  Selvær: n=194
  Gjerøy: n=558
  Hestmannøy: n=1078
  Indre Kvarøy: n=356
  Onøy og Lurøy: n=259
  Lovund: n=158
  Sleneset: n=166
  Aldra: n=173
  Southern 1: n=583
  Southern 2: n=397
  Southern 3: n=584
  Southern 5: n=202
2026-03-04 22:42:58 | INFO | src.tmc_shapley_islands | Running TMC-Shapley with 10 permutations (utility on cal set)...
2026-03-04 22:42:58 | INFO | src.tmc_shapley_islands | Computing V_full over all 15 source islands...
2026-03-04 22:43:01 | INFO | src.tmc_shapley_islands | V_full = 0.0939
2026-03-04 22:43:34 | INFO | src.tmc_shapley_islands | TMC progress: 2/10 permutations done, cache hit rate: 6.5%, n_evals: 29
2026-03-04 22:44:05 | INFO | src.tmc_shapley_islands | TMC progress: 4/10 permutations done, cache hit rate: 6.6%, n_evals: 57
2026-03-04 22:44:31 | INFO | src.tmc_shapley_islands | TMC progress: 6/10 permutations done, cache hit rate: 7.7%, n_evals: 84
2026-03-04 22:44:57 | INFO | src.tmc_shapley_islands | TMC progress: 8/10 permutations done, cache hit rate: 9.9%, n_evals: 109
2026-03-04 22:45:32 | INFO | src.tmc_shapley_islands | TMC progress: 10/10 permutations done, cache hit rate: 9.9%, n_evals: 136
2026-03-04 22:45:32 | INFO | src.tmc_shapley_islands | TMC complete: 10 permutations, 0 truncated, 136 utility evals, cache hit rate: 9.9%
2026-03-04 22:45:32 | INFO | src.tmc_shapley_islands | Shapley values (phi, computed on cal set):
2026-03-04 22:45:32 | INFO | src.tmc_shapley_islands |   Nesøy: phi=0.009064, phi/n=0.00007617
2026-03-04 22:45:32 | INFO | src.tmc_shapley_islands |   Myken: phi=-0.028647, phi/n=-0.00031138
2026-03-04 22:45:32 | INFO | src.tmc_shapley_islands |   Træna: phi=0.013130, phi/n=0.00004497
2026-03-04 22:45:32 | INFO | src.tmc_shapley_islands |   Selvær: phi=0.022791, phi/n=0.00011748
2026-03-04 22:45:32 | INFO | src.tmc_shapley_islands |   Gjerøy: phi=-0.077413, phi/n=-0.00013873
2026-03-04 22:45:32 | INFO | src.tmc_shapley_islands |   Hestmannøy: phi=0.021049, phi/n=0.00001953
2026-03-04 22:45:32 | INFO | src.tmc_shapley_islands |   Indre Kvarøy: phi=0.031936, phi/n=0.00008971
2026-03-04 22:45:32 | INFO | src.tmc_shapley_islands |   Onøy og Lurøy: phi=0.005241, phi/n=0.00002024
2026-03-04 22:45:32 | INFO | src.tmc_shapley_islands |   Lovund: phi=-0.023372, phi/n=-0.00014792
2026-03-04 22:45:32 | INFO | src.tmc_shapley_islands |   Sleneset: phi=0.010820, phi/n=0.00006518
2026-03-04 22:45:32 | INFO | src.tmc_shapley_islands |   Aldra: phi=-0.053284, phi/n=-0.00030800
2026-03-04 22:45:32 | INFO | src.tmc_shapley_islands |   Southern 1: phi=0.039556, phi/n=0.00006785
2026-03-04 22:45:32 | INFO | src.tmc_shapley_islands |   Southern 2: phi=0.108975, phi/n=0.00027450
2026-03-04 22:45:32 | INFO | src.tmc_shapley_islands |   Southern 3: phi=-0.010238, phi/n=-0.00001753
2026-03-04 22:45:32 | INFO | src.tmc_shapley_islands |   Southern 5: phi=0.024293, phi/n=0.00012026
2026-03-04 22:45:32 | INFO | src.tmc_shapley_islands | Curve retraining early stopping: enabled=True, patience=20
2026-03-04 22:45:32 | INFO | src.tmc_shapley_islands | Computing add-islands curve (evaluated on test set)...
2026-03-04 22:45:32 | INFO | src.tmc_shapley_islands | Add-curve (mean): 1 islands, n=397 -> corr=0.0490
2026-03-04 22:45:32 | INFO | src.tmc_shapley_islands | Add-curve (mean): 2 islands, n=599 -> corr=0.0826
2026-03-04 22:45:33 | INFO | src.tmc_shapley_islands | Add-curve (mean): 3 islands, n=793 -> corr=0.0780
2026-03-04 22:45:33 | INFO | src.tmc_shapley_islands | Add-curve (mean): 4 islands, n=1149 -> corr=0.0737
2026-03-04 22:45:33 | INFO | src.tmc_shapley_islands | Add-curve (mean): 5 islands, n=1268 -> corr=0.0649
2026-03-04 22:45:35 | INFO | src.tmc_shapley_islands | Add-curve (mean): 6 islands, n=1851 -> corr=0.0862
2026-03-04 22:45:35 | INFO | src.tmc_shapley_islands | Add-curve (mean): 7 islands, n=2017 -> corr=0.0881
2026-03-04 22:45:37 | INFO | src.tmc_shapley_islands | Add-curve (mean): 8 islands, n=2309 -> corr=0.0795
2026-03-04 22:45:38 | INFO | src.tmc_shapley_islands | Add-curve (mean): 9 islands, n=2568 -> corr=0.0934
2026-03-04 22:45:39 | INFO | src.tmc_shapley_islands | Add-curve (mean): 10 islands, n=3646 -> corr=0.0841
2026-03-04 22:45:41 | INFO | src.tmc_shapley_islands | Add-curve (mean): 11 islands, n=4230 -> corr=0.1050
2026-03-04 22:45:43 | INFO | src.tmc_shapley_islands | Add-curve (mean): 12 islands, n=4788 -> corr=0.1179
2026-03-04 22:45:46 | INFO | src.tmc_shapley_islands | Add-curve (mean): 13 islands, n=4946 -> corr=0.1159
2026-03-04 22:45:48 | INFO | src.tmc_shapley_islands | Add-curve (mean): 14 islands, n=5119 -> corr=0.1019
2026-03-04 22:45:51 | INFO | src.tmc_shapley_islands | Add-curve (mean): 15 islands, n=5211 -> corr=0.0995
2026-03-04 22:46:05 | INFO | src.tmc_shapley_islands | Random individual add-curve (seed=0) complete
2026-03-04 22:46:18 | INFO | src.tmc_shapley_islands | Random individual add-curve (seed=1) complete
2026-03-04 22:46:32 | INFO | src.tmc_shapley_islands | Random individual add-curve (seed=2) complete
2026-03-04 22:46:46 | INFO | src.tmc_shapley_islands | Random individual add-curve (seed=3) complete
2026-03-04 22:46:59 | INFO | src.tmc_shapley_islands | Random individual add-curve (seed=4) complete
2026-03-04 22:46:59 | INFO | src.tmc_shapley_islands | Building mirrored remove-islands curve from add-islands curve...
2026-03-04 22:46:59 | INFO | src.tmc_shapley_islands | Saved Shapley values to outputs/tmc_shapley_sweep_all_traits/shards/shard_015/body_mass/tmp/shapley_island_values_target_14.csv
2026-03-04 22:46:59 | INFO | src.tmc_shapley_islands | Saved summary to outputs/tmc_shapley_sweep_all_traits/shards/shard_015/body_mass/tmp/tmc_summary_target_14.json
2026-03-04 22:46:59 | INFO | src.tmc_shapley_islands | Saved intermediate ranking trace to outputs/tmc_shapley_sweep_all_traits/shards/shard_015/body_mass/tmp/tmc_intermediate_rankings_target_14.csv
2026-03-04 22:46:59 | INFO | src.tmc_shapley_islands | Saved add-curve to outputs/tmc_shapley_sweep_all_traits/shards/shard_015/body_mass/tmp/add_curve_target_14.csv
2026-03-04 22:46:59 | INFO | src.tmc_shapley_islands | Saved remove-curve to outputs/tmc_shapley_sweep_all_traits/shards/shard_015/body_mass/tmp/remove_curve_target_14.csv
2026-03-04 22:47:00 | INFO | src.tmc_shapley_islands | Saved bar plot to outputs/tmc_shapley_sweep_all_traits/shards/shard_015/body_mass/tmp/shapley_bar_target_14.png
2026-03-04 22:47:01 | INFO | src.tmc_shapley_islands | Saved add-curve plot to outputs/tmc_shapley_sweep_all_traits/shards/shard_015/body_mass/tmp/add_curve_target_14.png
2026-03-04 22:47:02 | INFO | src.tmc_shapley_islands | Saved remove-curve plot to outputs/tmc_shapley_sweep_all_traits/shards/shard_015/body_mass/tmp/remove_curve_target_14.png
2026-03-04 22:47:02 | INFO | __main__ | Shard 15/30 trait=body_mass progress 67/75 | target=14 n_cal_samples=80 perm=20 repeat=5
2026-03-04 22:47:02 | INFO | src.tmc_shapley_islands | [Shapley] Target island: 14 (Southern 4), source islands: 15
2026-03-04 22:47:02 | INFO | src.tmc_shapley_islands | Data: source=5211 (across 15 islands), cal=80, test=336
2026-03-04 22:47:02 | INFO | src.tmc_shapley_islands | SNP selection: using fixed precomputed subset (n=20000)
2026-03-04 22:47:02 | INFO | src.tmc_shapley_islands | Island counts (capped to None in training):
  Nesøy: n=119
  Myken: n=92
  Træna: n=292
  Selvær: n=194
  Gjerøy: n=558
  Hestmannøy: n=1078
  Indre Kvarøy: n=356
  Onøy og Lurøy: n=259
  Lovund: n=158
  Sleneset: n=166
  Aldra: n=173
  Southern 1: n=583
  Southern 2: n=397
  Southern 3: n=584
  Southern 5: n=202
2026-03-04 22:47:02 | INFO | src.tmc_shapley_islands | Loaded 136 cached utilities from outputs/tmc_shapley_sweep_all_traits/cache/body_mass/utility_cache_target_14_seed_420293676.json
2026-03-04 22:47:02 | INFO | src.tmc_shapley_islands | Running TMC-Shapley with 20 permutations (utility on cal set)...
2026-03-04 22:47:02 | INFO | src.tmc_shapley_islands | Computing V_full over all 15 source islands...
2026-03-04 22:47:02 | INFO | src.tmc_shapley_islands | V_full = 0.0939
2026-03-04 22:47:02 | INFO | src.tmc_shapley_islands | TMC head-start: loaded 10 completed permutations from state outputs/tmc_shapley_sweep_all_traits/cache/body_mass/tmc_perm_state_target_14_seed_420293676.json
2026-03-04 22:47:36 | INFO | src.tmc_shapley_islands | TMC progress: 12/20 permutations done, cache hit rate: 19.4%, n_evals: 25
2026-03-04 22:48:37 | INFO | src.tmc_shapley_islands | TMC progress: 16/20 permutations done, cache hit rate: 16.5%, n_evals: 76
2026-03-04 22:49:28 | INFO | src.tmc_shapley_islands | TMC progress: 20/20 permutations done, cache hit rate: 18.5%, n_evals: 123
2026-03-04 22:49:28 | INFO | src.tmc_shapley_islands | TMC complete: 20 permutations, 0 truncated, 123 utility evals, cache hit rate: 18.5%
2026-03-04 22:49:28 | INFO | src.tmc_shapley_islands | Shapley values (phi, computed on cal set):
2026-03-04 22:49:28 | INFO | src.tmc_shapley_islands |   Nesøy: phi=0.010157, phi/n=0.00008535
2026-03-04 22:49:28 | INFO | src.tmc_shapley_islands |   Myken: phi=-0.030892, phi/n=-0.00033578
2026-03-04 22:49:28 | INFO | src.tmc_shapley_islands |   Træna: phi=0.012266, phi/n=0.00004201
2026-03-04 22:49:28 | INFO | src.tmc_shapley_islands |   Selvær: phi=0.018688, phi/n=0.00009633
2026-03-04 22:49:28 | INFO | src.tmc_shapley_islands |   Gjerøy: phi=-0.093294, phi/n=-0.00016719
2026-03-04 22:49:28 | INFO | src.tmc_shapley_islands |   Hestmannøy: phi=0.020694, phi/n=0.00001920
2026-03-04 22:49:28 | INFO | src.tmc_shapley_islands |   Indre Kvarøy: phi=0.027826, phi/n=0.00007816
2026-03-04 22:49:28 | INFO | src.tmc_shapley_islands |   Onøy og Lurøy: phi=0.003690, phi/n=0.00001425
2026-03-04 22:49:28 | INFO | src.tmc_shapley_islands |   Lovund: phi=-0.014455, phi/n=-0.00009149
2026-03-04 22:49:28 | INFO | src.tmc_shapley_islands |   Sleneset: phi=0.006488, phi/n=0.00003908
2026-03-04 22:49:28 | INFO | src.tmc_shapley_islands |   Aldra: phi=-0.039406, phi/n=-0.00022778
2026-03-04 22:49:28 | INFO | src.tmc_shapley_islands |   Southern 1: phi=0.040364, phi/n=0.00006923
2026-03-04 22:49:28 | INFO | src.tmc_shapley_islands |   Southern 2: phi=0.106558, phi/n=0.00026841
2026-03-04 22:49:28 | INFO | src.tmc_shapley_islands |   Southern 3: phi=-0.007464, phi/n=-0.00001278
2026-03-04 22:49:28 | INFO | src.tmc_shapley_islands |   Southern 5: phi=0.032684, phi/n=0.00016180
2026-03-04 22:49:28 | INFO | src.tmc_shapley_islands | Curve retraining early stopping: enabled=True, patience=20
2026-03-04 22:49:28 | INFO | src.tmc_shapley_islands | Computing add-islands curve (evaluated on test set)...
2026-03-04 22:49:28 | INFO | src.tmc_shapley_islands | Add-curve (mean): 1 islands, n=397 -> corr=0.0490
2026-03-04 22:49:28 | INFO | src.tmc_shapley_islands | Add-curve (mean): 2 islands, n=599 -> corr=0.0826
2026-03-04 22:49:29 | INFO | src.tmc_shapley_islands | Add-curve (mean): 3 islands, n=793 -> corr=0.0780
2026-03-04 22:49:29 | INFO | src.tmc_shapley_islands | Add-curve (mean): 4 islands, n=912 -> corr=0.0703
2026-03-04 22:49:30 | INFO | src.tmc_shapley_islands | Add-curve (mean): 5 islands, n=1268 -> corr=0.0649
2026-03-04 22:49:31 | INFO | src.tmc_shapley_islands | Add-curve (mean): 6 islands, n=1851 -> corr=0.0862
2026-03-04 22:49:31 | INFO | src.tmc_shapley_islands | Add-curve (mean): 7 islands, n=2143 -> corr=0.0784
2026-03-04 22:49:33 | INFO | src.tmc_shapley_islands | Add-curve (mean): 8 islands, n=2309 -> corr=0.0795
2026-03-04 22:49:34 | INFO | src.tmc_shapley_islands | Add-curve (mean): 9 islands, n=3387 -> corr=0.0721
2026-03-04 22:49:36 | INFO | src.tmc_shapley_islands | Add-curve (mean): 10 islands, n=3646 -> corr=0.0841
2026-03-04 22:49:38 | INFO | src.tmc_shapley_islands | Add-curve (mean): 11 islands, n=4230 -> corr=0.1050
2026-03-04 22:49:40 | INFO | src.tmc_shapley_islands | Add-curve (mean): 12 islands, n=4388 -> corr=0.1027
2026-03-04 22:49:42 | INFO | src.tmc_shapley_islands | Add-curve (mean): 13 islands, n=4946 -> corr=0.1159
2026-03-04 22:49:45 | INFO | src.tmc_shapley_islands | Add-curve (mean): 14 islands, n=5119 -> corr=0.1019
2026-03-04 22:49:47 | INFO | src.tmc_shapley_islands | Add-curve (mean): 15 islands, n=5211 -> corr=0.0995
2026-03-04 22:50:01 | INFO | src.tmc_shapley_islands | Random individual add-curve (seed=0) complete
2026-03-04 22:50:15 | INFO | src.tmc_shapley_islands | Random individual add-curve (seed=1) complete
2026-03-04 22:50:28 | INFO | src.tmc_shapley_islands | Random individual add-curve (seed=2) complete
2026-03-04 22:50:41 | INFO | src.tmc_shapley_islands | Random individual add-curve (seed=3) complete
2026-03-04 22:50:55 | INFO | src.tmc_shapley_islands | Random individual add-curve (seed=4) complete
2026-03-04 22:50:55 | INFO | src.tmc_shapley_islands | Building mirrored remove-islands curve from add-islands curve...
2026-03-04 22:50:55 | INFO | src.tmc_shapley_islands | Saved Shapley values to outputs/tmc_shapley_sweep_all_traits/shards/shard_015/body_mass/tmp/shapley_island_values_target_14.csv
2026-03-04 22:50:55 | INFO | src.tmc_shapley_islands | Saved summary to outputs/tmc_shapley_sweep_all_traits/shards/shard_015/body_mass/tmp/tmc_summary_target_14.json
2026-03-04 22:50:55 | INFO | src.tmc_shapley_islands | Saved intermediate ranking trace to outputs/tmc_shapley_sweep_all_traits/shards/shard_015/body_mass/tmp/tmc_intermediate_rankings_target_14.csv
2026-03-04 22:50:55 | INFO | src.tmc_shapley_islands | Saved add-curve to outputs/tmc_shapley_sweep_all_traits/shards/shard_015/body_mass/tmp/add_curve_target_14.csv
2026-03-04 22:50:55 | INFO | src.tmc_shapley_islands | Saved remove-curve to outputs/tmc_shapley_sweep_all_traits/shards/shard_015/body_mass/tmp/remove_curve_target_14.csv
2026-03-04 22:50:55 | INFO | src.tmc_shapley_islands | Saved bar plot to outputs/tmc_shapley_sweep_all_traits/shards/shard_015/body_mass/tmp/shapley_bar_target_14.png
2026-03-04 22:50:56 | INFO | src.tmc_shapley_islands | Saved add-curve plot to outputs/tmc_shapley_sweep_all_traits/shards/shard_015/body_mass/tmp/add_curve_target_14.png
2026-03-04 22:50:56 | INFO | src.tmc_shapley_islands | Saved remove-curve plot to outputs/tmc_shapley_sweep_all_traits/shards/shard_015/body_mass/tmp/remove_curve_target_14.png
2026-03-04 22:50:56 | INFO | __main__ | Shard 15/30 trait=body_mass progress 68/75 | target=14 n_cal_samples=80 perm=40 repeat=5
2026-03-04 22:50:56 | INFO | src.tmc_shapley_islands | [Shapley] Target island: 14 (Southern 4), source islands: 15
2026-03-04 22:50:57 | INFO | src.tmc_shapley_islands | Data: source=5211 (across 15 islands), cal=80, test=336
2026-03-04 22:50:57 | INFO | src.tmc_shapley_islands | SNP selection: using fixed precomputed subset (n=20000)
2026-03-04 22:50:57 | INFO | src.tmc_shapley_islands | Island counts (capped to None in training):
  Nesøy: n=119
  Myken: n=92
  Træna: n=292
  Selvær: n=194
  Gjerøy: n=558
  Hestmannøy: n=1078
  Indre Kvarøy: n=356
  Onøy og Lurøy: n=259
  Lovund: n=158
  Sleneset: n=166
  Aldra: n=173
  Southern 1: n=583
  Southern 2: n=397
  Southern 3: n=584
  Southern 5: n=202
2026-03-04 22:50:57 | INFO | src.tmc_shapley_islands | Loaded 259 cached utilities from outputs/tmc_shapley_sweep_all_traits/cache/body_mass/utility_cache_target_14_seed_420293676.json
2026-03-04 22:50:57 | INFO | src.tmc_shapley_islands | Running TMC-Shapley with 40 permutations (utility on cal set)...
2026-03-04 22:50:57 | INFO | src.tmc_shapley_islands | Computing V_full over all 15 source islands...
2026-03-04 22:50:57 | INFO | src.tmc_shapley_islands | V_full = 0.0939
2026-03-04 22:50:57 | INFO | src.tmc_shapley_islands | TMC head-start: loaded 20 completed permutations from state outputs/tmc_shapley_sweep_all_traits/cache/body_mass/tmc_perm_state_target_14_seed_420293676.json
2026-03-04 22:51:45 | INFO | src.tmc_shapley_islands | TMC progress: 24/40 permutations done, cache hit rate: 23.0%, n_evals: 47
2026-03-04 22:53:20 | INFO | src.tmc_shapley_islands | TMC progress: 32/40 permutations done, cache hit rate: 24.3%, n_evals: 137
2026-03-04 22:54:56 | INFO | src.tmc_shapley_islands | TMC progress: 40/40 permutations done, cache hit rate: 24.3%, n_evals: 228
2026-03-04 22:54:56 | INFO | src.tmc_shapley_islands | TMC complete: 40 permutations, 0 truncated, 228 utility evals, cache hit rate: 24.3%
2026-03-04 22:54:56 | INFO | src.tmc_shapley_islands | Shapley values (phi, computed on cal set):
2026-03-04 22:54:56 | INFO | src.tmc_shapley_islands |   Nesøy: phi=0.013463, phi/n=0.00011313
2026-03-04 22:54:56 | INFO | src.tmc_shapley_islands |   Myken: phi=-0.034549, phi/n=-0.00037553
2026-03-04 22:54:56 | INFO | src.tmc_shapley_islands |   Træna: phi=0.011925, phi/n=0.00004084
2026-03-04 22:54:56 | INFO | src.tmc_shapley_islands |   Selvær: phi=0.018387, phi/n=0.00009478
2026-03-04 22:54:56 | INFO | src.tmc_shapley_islands |   Gjerøy: phi=-0.094520, phi/n=-0.00016939
2026-03-04 22:54:56 | INFO | src.tmc_shapley_islands |   Hestmannøy: phi=0.020354, phi/n=0.00001888
2026-03-04 22:54:56 | INFO | src.tmc_shapley_islands |   Indre Kvarøy: phi=0.029558, phi/n=0.00008303
2026-03-04 22:54:56 | INFO | src.tmc_shapley_islands |   Onøy og Lurøy: phi=0.003234, phi/n=0.00001249
2026-03-04 22:54:56 | INFO | src.tmc_shapley_islands |   Lovund: phi=-0.016035, phi/n=-0.00010149
2026-03-04 22:54:56 | INFO | src.tmc_shapley_islands |   Sleneset: phi=0.006561, phi/n=0.00003952
2026-03-04 22:54:56 | INFO | src.tmc_shapley_islands |   Aldra: phi=-0.036461, phi/n=-0.00021075
2026-03-04 22:54:56 | INFO | src.tmc_shapley_islands |   Southern 1: phi=0.041734, phi/n=0.00007159
2026-03-04 22:54:56 | INFO | src.tmc_shapley_islands |   Southern 2: phi=0.102401, phi/n=0.00025794
2026-03-04 22:54:56 | INFO | src.tmc_shapley_islands |   Southern 3: phi=-0.007967, phi/n=-0.00001364
2026-03-04 22:54:56 | INFO | src.tmc_shapley_islands |   Southern 5: phi=0.035814, phi/n=0.00017730
2026-03-04 22:54:56 | INFO | src.tmc_shapley_islands | Curve retraining early stopping: enabled=True, patience=20
2026-03-04 22:54:56 | INFO | src.tmc_shapley_islands | Computing add-islands curve (evaluated on test set)...
2026-03-04 22:54:56 | INFO | src.tmc_shapley_islands | Add-curve (mean): 1 islands, n=397 -> corr=0.0490
2026-03-04 22:54:56 | INFO | src.tmc_shapley_islands | Add-curve (mean): 2 islands, n=599 -> corr=0.0826
2026-03-04 22:54:57 | INFO | src.tmc_shapley_islands | Add-curve (mean): 3 islands, n=718 -> corr=0.0748
2026-03-04 22:54:57 | INFO | src.tmc_shapley_islands | Add-curve (mean): 4 islands, n=912 -> corr=0.0703
2026-03-04 22:54:58 | INFO | src.tmc_shapley_islands | Add-curve (mean): 5 islands, n=1268 -> corr=0.0649
2026-03-04 22:54:58 | INFO | src.tmc_shapley_islands | Add-curve (mean): 6 islands, n=1851 -> corr=0.0862
2026-03-04 22:54:59 | INFO | src.tmc_shapley_islands | Add-curve (mean): 7 islands, n=2143 -> corr=0.0784
2026-03-04 22:55:01 | INFO | src.tmc_shapley_islands | Add-curve (mean): 8 islands, n=2309 -> corr=0.0795
2026-03-04 22:55:02 | INFO | src.tmc_shapley_islands | Add-curve (mean): 9 islands, n=3387 -> corr=0.0721
2026-03-04 22:55:04 | INFO | src.tmc_shapley_islands | Add-curve (mean): 10 islands, n=3646 -> corr=0.0841
2026-03-04 22:55:06 | INFO | src.tmc_shapley_islands | Add-curve (mean): 11 islands, n=4230 -> corr=0.1050
2026-03-04 22:55:08 | INFO | src.tmc_shapley_islands | Add-curve (mean): 12 islands, n=4388 -> corr=0.1027
2026-03-04 22:55:10 | INFO | src.tmc_shapley_islands | Add-curve (mean): 13 islands, n=4946 -> corr=0.1159
2026-03-04 22:55:12 | INFO | src.tmc_shapley_islands | Add-curve (mean): 14 islands, n=5119 -> corr=0.1019
2026-03-04 22:55:15 | INFO | src.tmc_shapley_islands | Add-curve (mean): 15 islands, n=5211 -> corr=0.0995
2026-03-04 22:55:28 | INFO | src.tmc_shapley_islands | Random individual add-curve (seed=0) complete
2026-03-04 22:55:41 | INFO | src.tmc_shapley_islands | Random individual add-curve (seed=1) complete
2026-03-04 22:55:55 | INFO | src.tmc_shapley_islands | Random individual add-curve (seed=2) complete
2026-03-04 22:56:08 | INFO | src.tmc_shapley_islands | Random individual add-curve (seed=3) complete
2026-03-04 22:56:21 | INFO | src.tmc_shapley_islands | Random individual add-curve (seed=4) complete
2026-03-04 22:56:21 | INFO | src.tmc_shapley_islands | Building mirrored remove-islands curve from add-islands curve...
2026-03-04 22:56:21 | INFO | src.tmc_shapley_islands | Saved Shapley values to outputs/tmc_shapley_sweep_all_traits/shards/shard_015/body_mass/tmp/shapley_island_values_target_14.csv
2026-03-04 22:56:21 | INFO | src.tmc_shapley_islands | Saved summary to outputs/tmc_shapley_sweep_all_traits/shards/shard_015/body_mass/tmp/tmc_summary_target_14.json
2026-03-04 22:56:21 | INFO | src.tmc_shapley_islands | Saved intermediate ranking trace to outputs/tmc_shapley_sweep_all_traits/shards/shard_015/body_mass/tmp/tmc_intermediate_rankings_target_14.csv
2026-03-04 22:56:21 | INFO | src.tmc_shapley_islands | Saved add-curve to outputs/tmc_shapley_sweep_all_traits/shards/shard_015/body_mass/tmp/add_curve_target_14.csv
2026-03-04 22:56:21 | INFO | src.tmc_shapley_islands | Saved remove-curve to outputs/tmc_shapley_sweep_all_traits/shards/shard_015/body_mass/tmp/remove_curve_target_14.csv
2026-03-04 22:56:22 | INFO | src.tmc_shapley_islands | Saved bar plot to outputs/tmc_shapley_sweep_all_traits/shards/shard_015/body_mass/tmp/shapley_bar_target_14.png
2026-03-04 22:56:22 | INFO | src.tmc_shapley_islands | Saved add-curve plot to outputs/tmc_shapley_sweep_all_traits/shards/shard_015/body_mass/tmp/add_curve_target_14.png
2026-03-04 22:56:23 | INFO | src.tmc_shapley_islands | Saved remove-curve plot to outputs/tmc_shapley_sweep_all_traits/shards/shard_015/body_mass/tmp/remove_curve_target_14.png
2026-03-04 22:56:23 | INFO | __main__ | Shard 15/30 trait=body_mass progress 69/75 | target=14 n_cal_samples=80 perm=80 repeat=5
2026-03-04 22:56:23 | INFO | src.tmc_shapley_islands | [Shapley] Target island: 14 (Southern 4), source islands: 15
2026-03-04 22:56:24 | INFO | src.tmc_shapley_islands | Data: source=5211 (across 15 islands), cal=80, test=336
2026-03-04 22:56:24 | INFO | src.tmc_shapley_islands | SNP selection: using fixed precomputed subset (n=20000)
2026-03-04 22:56:24 | INFO | src.tmc_shapley_islands | Island counts (capped to None in training):
  Nesøy: n=119
  Myken: n=92
  Træna: n=292
  Selvær: n=194
  Gjerøy: n=558
  Hestmannøy: n=1078
  Indre Kvarøy: n=356
  Onøy og Lurøy: n=259
  Lovund: n=158
  Sleneset: n=166
  Aldra: n=173
  Southern 1: n=583
  Southern 2: n=397
  Southern 3: n=584
  Southern 5: n=202
2026-03-04 22:56:24 | INFO | src.tmc_shapley_islands | Loaded 487 cached utilities from outputs/tmc_shapley_sweep_all_traits/cache/body_mass/utility_cache_target_14_seed_420293676.json
2026-03-04 22:56:24 | INFO | src.tmc_shapley_islands | Running TMC-Shapley with 80 permutations (utility on cal set)...
2026-03-04 22:56:24 | INFO | src.tmc_shapley_islands | Computing V_full over all 15 source islands...
2026-03-04 22:56:24 | INFO | src.tmc_shapley_islands | V_full = 0.0939
2026-03-04 22:56:24 | INFO | src.tmc_shapley_islands | TMC head-start: loaded 40 completed permutations from state outputs/tmc_shapley_sweep_all_traits/cache/body_mass/tmc_perm_state_target_14_seed_420293676.json
2026-03-04 22:58:11 | INFO | src.tmc_shapley_islands | TMC progress: 48/80 permutations done, cache hit rate: 23.1%, n_evals: 93
2026-03-04 23:01:31 | INFO | src.tmc_shapley_islands | TMC progress: 64/80 permutations done, cache hit rate: 26.3%, n_evals: 266
2026-03-04 23:04:49 | INFO | src.tmc_shapley_islands | TMC progress: 80/80 permutations done, cache hit rate: 27.5%, n_evals: 436
2026-03-04 23:04:49 | INFO | src.tmc_shapley_islands | TMC complete: 80 permutations, 0 truncated, 436 utility evals, cache hit rate: 27.5%
2026-03-04 23:04:49 | INFO | src.tmc_shapley_islands | Shapley values (phi, computed on cal set):
2026-03-04 23:04:49 | INFO | src.tmc_shapley_islands |   Nesøy: phi=0.015197, phi/n=0.00012770
2026-03-04 23:04:49 | INFO | src.tmc_shapley_islands |   Myken: phi=-0.034647, phi/n=-0.00037660
2026-03-04 23:04:49 | INFO | src.tmc_shapley_islands |   Træna: phi=0.010705, phi/n=0.00003666
2026-03-04 23:04:49 | INFO | src.tmc_shapley_islands |   Selvær: phi=0.017252, phi/n=0.00008893
2026-03-04 23:04:49 | INFO | src.tmc_shapley_islands |   Gjerøy: phi=-0.096057, phi/n=-0.00017215
2026-03-04 23:04:49 | INFO | src.tmc_shapley_islands |   Hestmannøy: phi=0.021926, phi/n=0.00002034
2026-03-04 23:04:49 | INFO | src.tmc_shapley_islands |   Indre Kvarøy: phi=0.027466, phi/n=0.00007715
2026-03-04 23:04:49 | INFO | src.tmc_shapley_islands |   Onøy og Lurøy: phi=0.003693, phi/n=0.00001426
2026-03-04 23:04:49 | INFO | src.tmc_shapley_islands |   Lovund: phi=-0.013411, phi/n=-0.00008488
2026-03-04 23:04:49 | INFO | src.tmc_shapley_islands |   Sleneset: phi=0.005436, phi/n=0.00003275
2026-03-04 23:04:49 | INFO | src.tmc_shapley_islands |   Aldra: phi=-0.032669, phi/n=-0.00018884
2026-03-04 23:04:49 | INFO | src.tmc_shapley_islands |   Southern 1: phi=0.038934, phi/n=0.00006678
2026-03-04 23:04:49 | INFO | src.tmc_shapley_islands |   Southern 2: phi=0.099586, phi/n=0.00025085
2026-03-04 23:04:49 | INFO | src.tmc_shapley_islands |   Southern 3: phi=-0.007883, phi/n=-0.00001350
2026-03-04 23:04:49 | INFO | src.tmc_shapley_islands |   Southern 5: phi=0.038372, phi/n=0.00018996
2026-03-04 23:04:49 | INFO | src.tmc_shapley_islands | Curve retraining early stopping: enabled=True, patience=20
2026-03-04 23:04:49 | INFO | src.tmc_shapley_islands | Computing add-islands curve (evaluated on test set)...
2026-03-04 23:04:49 | INFO | src.tmc_shapley_islands | Add-curve (mean): 1 islands, n=397 -> corr=0.0490
2026-03-04 23:04:50 | INFO | src.tmc_shapley_islands | Add-curve (mean): 2 islands, n=599 -> corr=0.0826
2026-03-04 23:04:50 | INFO | src.tmc_shapley_islands | Add-curve (mean): 3 islands, n=718 -> corr=0.0748
2026-03-04 23:04:51 | INFO | src.tmc_shapley_islands | Add-curve (mean): 4 islands, n=912 -> corr=0.0703
2026-03-04 23:04:51 | INFO | src.tmc_shapley_islands | Add-curve (mean): 5 islands, n=1268 -> corr=0.0649
2026-03-04 23:04:52 | INFO | src.tmc_shapley_islands | Add-curve (mean): 6 islands, n=1851 -> corr=0.0862
2026-03-04 23:04:53 | INFO | src.tmc_shapley_islands | Add-curve (mean): 7 islands, n=2143 -> corr=0.0784
2026-03-04 23:04:54 | INFO | src.tmc_shapley_islands | Add-curve (mean): 8 islands, n=2309 -> corr=0.0795
2026-03-04 23:04:55 | INFO | src.tmc_shapley_islands | Add-curve (mean): 9 islands, n=3387 -> corr=0.0721
2026-03-04 23:04:57 | INFO | src.tmc_shapley_islands | Add-curve (mean): 10 islands, n=3646 -> corr=0.0841
2026-03-04 23:04:59 | INFO | src.tmc_shapley_islands | Add-curve (mean): 11 islands, n=4230 -> corr=0.1050
2026-03-04 23:05:01 | INFO | src.tmc_shapley_islands | Add-curve (mean): 12 islands, n=4388 -> corr=0.1027
2026-03-04 23:05:03 | INFO | src.tmc_shapley_islands | Add-curve (mean): 13 islands, n=4946 -> corr=0.1159
2026-03-04 23:05:06 | INFO | src.tmc_shapley_islands | Add-curve (mean): 14 islands, n=5119 -> corr=0.1019
2026-03-04 23:05:08 | INFO | src.tmc_shapley_islands | Add-curve (mean): 15 islands, n=5211 -> corr=0.0995
2026-03-04 23:05:21 | INFO | src.tmc_shapley_islands | Random individual add-curve (seed=0) complete
2026-03-04 23:05:35 | INFO | src.tmc_shapley_islands | Random individual add-curve (seed=1) complete
2026-03-04 23:05:48 | INFO | src.tmc_shapley_islands | Random individual add-curve (seed=2) complete
2026-03-04 23:06:01 | INFO | src.tmc_shapley_islands | Random individual add-curve (seed=3) complete
2026-03-04 23:06:14 | INFO | src.tmc_shapley_islands | Random individual add-curve (seed=4) complete
2026-03-04 23:06:14 | INFO | src.tmc_shapley_islands | Building mirrored remove-islands curve from add-islands curve...
2026-03-04 23:06:14 | INFO | src.tmc_shapley_islands | Saved Shapley values to outputs/tmc_shapley_sweep_all_traits/shards/shard_015/body_mass/tmp/shapley_island_values_target_14.csv
2026-03-04 23:06:14 | INFO | src.tmc_shapley_islands | Saved summary to outputs/tmc_shapley_sweep_all_traits/shards/shard_015/body_mass/tmp/tmc_summary_target_14.json
2026-03-04 23:06:14 | INFO | src.tmc_shapley_islands | Saved intermediate ranking trace to outputs/tmc_shapley_sweep_all_traits/shards/shard_015/body_mass/tmp/tmc_intermediate_rankings_target_14.csv
2026-03-04 23:06:14 | INFO | src.tmc_shapley_islands | Saved add-curve to outputs/tmc_shapley_sweep_all_traits/shards/shard_015/body_mass/tmp/add_curve_target_14.csv
2026-03-04 23:06:14 | INFO | src.tmc_shapley_islands | Saved remove-curve to outputs/tmc_shapley_sweep_all_traits/shards/shard_015/body_mass/tmp/remove_curve_target_14.csv
2026-03-04 23:06:15 | INFO | src.tmc_shapley_islands | Saved bar plot to outputs/tmc_shapley_sweep_all_traits/shards/shard_015/body_mass/tmp/shapley_bar_target_14.png
2026-03-04 23:06:16 | INFO | src.tmc_shapley_islands | Saved add-curve plot to outputs/tmc_shapley_sweep_all_traits/shards/shard_015/body_mass/tmp/add_curve_target_14.png
2026-03-04 23:06:16 | INFO | src.tmc_shapley_islands | Saved remove-curve plot to outputs/tmc_shapley_sweep_all_traits/shards/shard_015/body_mass/tmp/remove_curve_target_14.png
2026-03-04 23:06:16 | INFO | __main__ | Shard 15/30 trait=body_mass progress 70/75 | target=14 n_cal_samples=80 perm=150 repeat=5
2026-03-04 23:06:16 | INFO | src.tmc_shapley_islands | [Shapley] Target island: 14 (Southern 4), source islands: 15
2026-03-04 23:06:17 | INFO | src.tmc_shapley_islands | Data: source=5211 (across 15 islands), cal=80, test=336
2026-03-04 23:06:17 | INFO | src.tmc_shapley_islands | SNP selection: using fixed precomputed subset (n=20000)
2026-03-04 23:06:17 | INFO | src.tmc_shapley_islands | Island counts (capped to None in training):
  Nesøy: n=119
  Myken: n=92
  Træna: n=292
  Selvær: n=194
  Gjerøy: n=558
  Hestmannøy: n=1078
  Indre Kvarøy: n=356
  Onøy og Lurøy: n=259
  Lovund: n=158
  Sleneset: n=166
  Aldra: n=173
  Southern 1: n=583
  Southern 2: n=397
  Southern 3: n=584
  Southern 5: n=202
2026-03-04 23:06:17 | INFO | src.tmc_shapley_islands | Loaded 923 cached utilities from outputs/tmc_shapley_sweep_all_traits/cache/body_mass/utility_cache_target_14_seed_420293676.json
2026-03-04 23:06:17 | INFO | src.tmc_shapley_islands | Running TMC-Shapley with 150 permutations (utility on cal set)...
2026-03-04 23:06:17 | INFO | src.tmc_shapley_islands | Computing V_full over all 15 source islands...
2026-03-04 23:06:17 | INFO | src.tmc_shapley_islands | V_full = 0.0939
2026-03-04 23:06:17 | INFO | src.tmc_shapley_islands | TMC head-start: loaded 80 completed permutations from state outputs/tmc_shapley_sweep_all_traits/cache/body_mass/tmc_perm_state_target_14_seed_420293676.json
2026-03-04 23:08:08 | INFO | src.tmc_shapley_islands | TMC progress: 90/150 permutations done, cache hit rate: 31.8%, n_evals: 103
2026-03-04 23:13:23 | INFO | src.tmc_shapley_islands | TMC progress: 120/150 permutations done, cache hit rate: 35.1%, n_evals: 390
2026-03-04 23:18:56 | INFO | src.tmc_shapley_islands | TMC progress: 150/150 permutations done, cache hit rate: 35.5%, n_evals: 678
2026-03-04 23:18:56 | INFO | src.tmc_shapley_islands | TMC complete: 150 permutations, 0 truncated, 678 utility evals, cache hit rate: 35.5%
2026-03-04 23:18:56 | INFO | src.tmc_shapley_islands | Shapley values (phi, computed on cal set):
2026-03-04 23:18:56 | INFO | src.tmc_shapley_islands |   Nesøy: phi=0.014327, phi/n=0.00012039
2026-03-04 23:18:56 | INFO | src.tmc_shapley_islands |   Myken: phi=-0.034462, phi/n=-0.00037458
2026-03-04 23:18:56 | INFO | src.tmc_shapley_islands |   Træna: phi=0.009281, phi/n=0.00003178
2026-03-04 23:18:56 | INFO | src.tmc_shapley_islands |   Selvær: phi=0.016846, phi/n=0.00008683
2026-03-04 23:18:56 | INFO | src.tmc_shapley_islands |   Gjerøy: phi=-0.096043, phi/n=-0.00017212
2026-03-04 23:18:56 | INFO | src.tmc_shapley_islands |   Hestmannøy: phi=0.021744, phi/n=0.00002017
2026-03-04 23:18:56 | INFO | src.tmc_shapley_islands |   Indre Kvarøy: phi=0.026814, phi/n=0.00007532
2026-03-04 23:18:56 | INFO | src.tmc_shapley_islands |   Onøy og Lurøy: phi=0.004115, phi/n=0.00001589
2026-03-04 23:18:56 | INFO | src.tmc_shapley_islands |   Lovund: phi=-0.011108, phi/n=-0.00007030
2026-03-04 23:18:56 | INFO | src.tmc_shapley_islands |   Sleneset: phi=0.004699, phi/n=0.00002831
2026-03-04 23:18:56 | INFO | src.tmc_shapley_islands |   Aldra: phi=-0.033506, phi/n=-0.00019368
2026-03-04 23:18:56 | INFO | src.tmc_shapley_islands |   Southern 1: phi=0.039938, phi/n=0.00006850
2026-03-04 23:18:56 | INFO | src.tmc_shapley_islands |   Southern 2: phi=0.101243, phi/n=0.00025502
2026-03-04 23:18:56 | INFO | src.tmc_shapley_islands |   Southern 3: phi=-0.006856, phi/n=-0.00001174
2026-03-04 23:18:56 | INFO | src.tmc_shapley_islands |   Southern 5: phi=0.036870, phi/n=0.00018253
2026-03-04 23:18:56 | INFO | src.tmc_shapley_islands | Curve retraining early stopping: enabled=True, patience=20
2026-03-04 23:18:56 | INFO | src.tmc_shapley_islands | Computing add-islands curve (evaluated on test set)...
2026-03-04 23:18:56 | INFO | src.tmc_shapley_islands | Add-curve (mean): 1 islands, n=397 -> corr=0.0490
2026-03-04 23:18:56 | INFO | src.tmc_shapley_islands | Add-curve (mean): 2 islands, n=599 -> corr=0.0826
2026-03-04 23:18:56 | INFO | src.tmc_shapley_islands | Add-curve (mean): 3 islands, n=718 -> corr=0.0748
2026-03-04 23:18:57 | INFO | src.tmc_shapley_islands | Add-curve (mean): 4 islands, n=912 -> corr=0.0703
2026-03-04 23:18:57 | INFO | src.tmc_shapley_islands | Add-curve (mean): 5 islands, n=1268 -> corr=0.0649
2026-03-04 23:18:58 | INFO | src.tmc_shapley_islands | Add-curve (mean): 6 islands, n=1851 -> corr=0.0862
2026-03-04 23:18:59 | INFO | src.tmc_shapley_islands | Add-curve (mean): 7 islands, n=2143 -> corr=0.0784
2026-03-04 23:19:00 | INFO | src.tmc_shapley_islands | Add-curve (mean): 8 islands, n=2309 -> corr=0.0795
2026-03-04 23:19:02 | INFO | src.tmc_shapley_islands | Add-curve (mean): 9 islands, n=3387 -> corr=0.0721
2026-03-04 23:19:03 | INFO | src.tmc_shapley_islands | Add-curve (mean): 10 islands, n=3646 -> corr=0.0841
2026-03-04 23:19:05 | INFO | src.tmc_shapley_islands | Add-curve (mean): 11 islands, n=4230 -> corr=0.1050
2026-03-04 23:19:07 | INFO | src.tmc_shapley_islands | Add-curve (mean): 12 islands, n=4388 -> corr=0.1027
2026-03-04 23:19:10 | INFO | src.tmc_shapley_islands | Add-curve (mean): 13 islands, n=4946 -> corr=0.1159
2026-03-04 23:19:12 | INFO | src.tmc_shapley_islands | Add-curve (mean): 14 islands, n=5119 -> corr=0.1019
2026-03-04 23:19:15 | INFO | src.tmc_shapley_islands | Add-curve (mean): 15 islands, n=5211 -> corr=0.0995
2026-03-04 23:19:28 | INFO | src.tmc_shapley_islands | Random individual add-curve (seed=0) complete
2026-03-04 23:19:42 | INFO | src.tmc_shapley_islands | Random individual add-curve (seed=1) complete
2026-03-04 23:19:55 | INFO | src.tmc_shapley_islands | Random individual add-curve (seed=2) complete
2026-03-04 23:20:09 | INFO | src.tmc_shapley_islands | Random individual add-curve (seed=3) complete
2026-03-04 23:20:22 | INFO | src.tmc_shapley_islands | Random individual add-curve (seed=4) complete
2026-03-04 23:20:22 | INFO | src.tmc_shapley_islands | Building mirrored remove-islands curve from add-islands curve...
2026-03-04 23:20:22 | INFO | src.tmc_shapley_islands | Saved Shapley values to outputs/tmc_shapley_sweep_all_traits/shards/shard_015/body_mass/tmp/shapley_island_values_target_14.csv
2026-03-04 23:20:22 | INFO | src.tmc_shapley_islands | Saved summary to outputs/tmc_shapley_sweep_all_traits/shards/shard_015/body_mass/tmp/tmc_summary_target_14.json
2026-03-04 23:20:22 | INFO | src.tmc_shapley_islands | Saved intermediate ranking trace to outputs/tmc_shapley_sweep_all_traits/shards/shard_015/body_mass/tmp/tmc_intermediate_rankings_target_14.csv
2026-03-04 23:20:22 | INFO | src.tmc_shapley_islands | Saved add-curve to outputs/tmc_shapley_sweep_all_traits/shards/shard_015/body_mass/tmp/add_curve_target_14.csv
2026-03-04 23:20:22 | INFO | src.tmc_shapley_islands | Saved remove-curve to outputs/tmc_shapley_sweep_all_traits/shards/shard_015/body_mass/tmp/remove_curve_target_14.csv
2026-03-04 23:20:23 | INFO | src.tmc_shapley_islands | Saved bar plot to outputs/tmc_shapley_sweep_all_traits/shards/shard_015/body_mass/tmp/shapley_bar_target_14.png
2026-03-04 23:20:23 | INFO | src.tmc_shapley_islands | Saved add-curve plot to outputs/tmc_shapley_sweep_all_traits/shards/shard_015/body_mass/tmp/add_curve_target_14.png
2026-03-04 23:20:24 | INFO | src.tmc_shapley_islands | Saved remove-curve plot to outputs/tmc_shapley_sweep_all_traits/shards/shard_015/body_mass/tmp/remove_curve_target_14.png
2026-03-04 23:20:24 | INFO | __main__ | Shard 15/30 trait=body_mass progress 71/75 | target=14 n_cal_samples=150 perm=10 repeat=5
2026-03-04 23:20:24 | INFO | src.tmc_shapley_islands | [Shapley] Target island: 14 (Southern 4), source islands: 15
2026-03-04 23:20:25 | INFO | src.tmc_shapley_islands | Data: source=5211 (across 15 islands), cal=150, test=336
2026-03-04 23:20:25 | INFO | src.tmc_shapley_islands | SNP selection: using fixed precomputed subset (n=20000)
2026-03-04 23:20:25 | INFO | src.tmc_shapley_islands | Island counts (capped to None in training):
  Nesøy: n=119
  Myken: n=92
  Træna: n=292
  Selvær: n=194
  Gjerøy: n=558
  Hestmannøy: n=1078
  Indre Kvarøy: n=356
  Onøy og Lurøy: n=259
  Lovund: n=158
  Sleneset: n=166
  Aldra: n=173
  Southern 1: n=583
  Southern 2: n=397
  Southern 3: n=584
  Southern 5: n=202
2026-03-04 23:20:25 | INFO | src.tmc_shapley_islands | Running TMC-Shapley with 10 permutations (utility on cal set)...
2026-03-04 23:20:25 | INFO | src.tmc_shapley_islands | Computing V_full over all 15 source islands...
2026-03-04 23:20:28 | INFO | src.tmc_shapley_islands | V_full = 0.1037
2026-03-04 23:20:58 | INFO | src.tmc_shapley_islands | TMC progress: 2/10 permutations done, cache hit rate: 6.5%, n_evals: 29
2026-03-04 23:21:27 | INFO | src.tmc_shapley_islands | TMC progress: 4/10 permutations done, cache hit rate: 8.2%, n_evals: 56
2026-03-04 23:21:57 | INFO | src.tmc_shapley_islands | TMC progress: 6/10 permutations done, cache hit rate: 8.8%, n_evals: 83
2026-03-04 23:22:28 | INFO | src.tmc_shapley_islands | TMC progress: 8/10 permutations done, cache hit rate: 9.1%, n_evals: 110
2026-03-04 23:22:57 | INFO | src.tmc_shapley_islands | TMC progress: 10/10 permutations done, cache hit rate: 9.9%, n_evals: 136
2026-03-04 23:22:57 | INFO | src.tmc_shapley_islands | TMC complete: 10 permutations, 0 truncated, 136 utility evals, cache hit rate: 9.9%
2026-03-04 23:22:57 | INFO | src.tmc_shapley_islands | Shapley values (phi, computed on cal set):
2026-03-04 23:22:57 | INFO | src.tmc_shapley_islands |   Nesøy: phi=-0.007971, phi/n=-0.00006699
2026-03-04 23:22:57 | INFO | src.tmc_shapley_islands |   Myken: phi=-0.002415, phi/n=-0.00002625
2026-03-04 23:22:57 | INFO | src.tmc_shapley_islands |   Træna: phi=-0.045478, phi/n=-0.00015575
2026-03-04 23:22:57 | INFO | src.tmc_shapley_islands |   Selvær: phi=-0.010445, phi/n=-0.00005384
2026-03-04 23:22:57 | INFO | src.tmc_shapley_islands |   Gjerøy: phi=-0.003981, phi/n=-0.00000714
2026-03-04 23:22:57 | INFO | src.tmc_shapley_islands |   Hestmannøy: phi=-0.021616, phi/n=-0.00002005
2026-03-04 23:22:57 | INFO | src.tmc_shapley_islands |   Indre Kvarøy: phi=0.069320, phi/n=0.00019472
2026-03-04 23:22:57 | INFO | src.tmc_shapley_islands |   Onøy og Lurøy: phi=-0.017669, phi/n=-0.00006822
2026-03-04 23:22:57 | INFO | src.tmc_shapley_islands |   Lovund: phi=0.019890, phi/n=0.00012588
2026-03-04 23:22:57 | INFO | src.tmc_shapley_islands |   Sleneset: phi=0.000820, phi/n=0.00000494
2026-03-04 23:22:57 | INFO | src.tmc_shapley_islands |   Aldra: phi=-0.005637, phi/n=-0.00003259
2026-03-04 23:22:57 | INFO | src.tmc_shapley_islands |   Southern 1: phi=-0.005818, phi/n=-0.00000998
2026-03-04 23:22:57 | INFO | src.tmc_shapley_islands |   Southern 2: phi=0.014394, phi/n=0.00003626
2026-03-04 23:22:57 | INFO | src.tmc_shapley_islands |   Southern 3: phi=0.086970, phi/n=0.00014892
2026-03-04 23:22:57 | INFO | src.tmc_shapley_islands |   Southern 5: phi=0.033355, phi/n=0.00016512
2026-03-04 23:22:57 | INFO | src.tmc_shapley_islands | Curve retraining early stopping: enabled=True, patience=20
2026-03-04 23:22:57 | INFO | src.tmc_shapley_islands | Computing add-islands curve (evaluated on test set)...
2026-03-04 23:22:58 | INFO | src.tmc_shapley_islands | Add-curve (mean): 1 islands, n=356 -> corr=-0.0771
2026-03-04 23:22:58 | INFO | src.tmc_shapley_islands | Add-curve (mean): 2 islands, n=558 -> corr=0.0213
2026-03-04 23:22:58 | INFO | src.tmc_shapley_islands | Add-curve (mean): 3 islands, n=1142 -> corr=0.0216
2026-03-04 23:22:59 | INFO | src.tmc_shapley_islands | Add-curve (mean): 4 islands, n=1300 -> corr=0.0275
2026-03-04 23:23:00 | INFO | src.tmc_shapley_islands | Add-curve (mean): 5 islands, n=1697 -> corr=0.0742
2026-03-04 23:23:01 | INFO | src.tmc_shapley_islands | Add-curve (mean): 6 islands, n=1863 -> corr=0.0843
2026-03-04 23:23:02 | INFO | src.tmc_shapley_islands | Add-curve (mean): 7 islands, n=2421 -> corr=0.0868
2026-03-04 23:23:03 | INFO | src.tmc_shapley_islands | Add-curve (mean): 8 islands, n=3004 -> corr=0.1241
2026-03-04 23:23:05 | INFO | src.tmc_shapley_islands | Add-curve (mean): 9 islands, n=4082 -> corr=0.1167
2026-03-04 23:23:07 | INFO | src.tmc_shapley_islands | Add-curve (mean): 10 islands, n=4174 -> corr=0.1107
2026-03-04 23:23:09 | INFO | src.tmc_shapley_islands | Add-curve (mean): 11 islands, n=4347 -> corr=0.0994
2026-03-04 23:23:11 | INFO | src.tmc_shapley_islands | Add-curve (mean): 12 islands, n=4541 -> corr=0.1085
2026-03-04 23:23:14 | INFO | src.tmc_shapley_islands | Add-curve (mean): 13 islands, n=4660 -> corr=0.1068
2026-03-04 23:23:16 | INFO | src.tmc_shapley_islands | Add-curve (mean): 14 islands, n=4919 -> corr=0.1215
2026-03-04 23:23:19 | INFO | src.tmc_shapley_islands | Add-curve (mean): 15 islands, n=5211 -> corr=0.1293
2026-03-04 23:23:33 | INFO | src.tmc_shapley_islands | Random individual add-curve (seed=0) complete
2026-03-04 23:23:47 | INFO | src.tmc_shapley_islands | Random individual add-curve (seed=1) complete
2026-03-04 23:24:02 | INFO | src.tmc_shapley_islands | Random individual add-curve (seed=2) complete
2026-03-04 23:24:16 | INFO | src.tmc_shapley_islands | Random individual add-curve (seed=3) complete
2026-03-04 23:24:30 | INFO | src.tmc_shapley_islands | Random individual add-curve (seed=4) complete
2026-03-04 23:24:30 | INFO | src.tmc_shapley_islands | Building mirrored remove-islands curve from add-islands curve...
2026-03-04 23:24:30 | INFO | src.tmc_shapley_islands | Saved Shapley values to outputs/tmc_shapley_sweep_all_traits/shards/shard_015/body_mass/tmp/shapley_island_values_target_14.csv
2026-03-04 23:24:30 | INFO | src.tmc_shapley_islands | Saved summary to outputs/tmc_shapley_sweep_all_traits/shards/shard_015/body_mass/tmp/tmc_summary_target_14.json
2026-03-04 23:24:30 | INFO | src.tmc_shapley_islands | Saved intermediate ranking trace to outputs/tmc_shapley_sweep_all_traits/shards/shard_015/body_mass/tmp/tmc_intermediate_rankings_target_14.csv
2026-03-04 23:24:30 | INFO | src.tmc_shapley_islands | Saved add-curve to outputs/tmc_shapley_sweep_all_traits/shards/shard_015/body_mass/tmp/add_curve_target_14.csv
2026-03-04 23:24:30 | INFO | src.tmc_shapley_islands | Saved remove-curve to outputs/tmc_shapley_sweep_all_traits/shards/shard_015/body_mass/tmp/remove_curve_target_14.csv
2026-03-04 23:24:31 | INFO | src.tmc_shapley_islands | Saved bar plot to outputs/tmc_shapley_sweep_all_traits/shards/shard_015/body_mass/tmp/shapley_bar_target_14.png
2026-03-04 23:24:31 | INFO | src.tmc_shapley_islands | Saved add-curve plot to outputs/tmc_shapley_sweep_all_traits/shards/shard_015/body_mass/tmp/add_curve_target_14.png
2026-03-04 23:24:32 | INFO | src.tmc_shapley_islands | Saved remove-curve plot to outputs/tmc_shapley_sweep_all_traits/shards/shard_015/body_mass/tmp/remove_curve_target_14.png
2026-03-04 23:24:32 | INFO | __main__ | Shard 15/30 trait=body_mass progress 72/75 | target=14 n_cal_samples=150 perm=20 repeat=5
2026-03-04 23:24:32 | INFO | src.tmc_shapley_islands | [Shapley] Target island: 14 (Southern 4), source islands: 15
2026-03-04 23:24:33 | INFO | src.tmc_shapley_islands | Data: source=5211 (across 15 islands), cal=150, test=336
2026-03-04 23:24:33 | INFO | src.tmc_shapley_islands | SNP selection: using fixed precomputed subset (n=20000)
2026-03-04 23:24:33 | INFO | src.tmc_shapley_islands | Island counts (capped to None in training):
  Nesøy: n=119
  Myken: n=92
  Træna: n=292
  Selvær: n=194
  Gjerøy: n=558
  Hestmannøy: n=1078
  Indre Kvarøy: n=356
  Onøy og Lurøy: n=259
  Lovund: n=158
  Sleneset: n=166
  Aldra: n=173
  Southern 1: n=583
  Southern 2: n=397
  Southern 3: n=584
  Southern 5: n=202
2026-03-04 23:24:33 | INFO | src.tmc_shapley_islands | Loaded 136 cached utilities from outputs/tmc_shapley_sweep_all_traits/cache/body_mass/utility_cache_target_14_seed_1831275410.json
2026-03-04 23:24:33 | INFO | src.tmc_shapley_islands | Running TMC-Shapley with 20 permutations (utility on cal set)...
2026-03-04 23:24:33 | INFO | src.tmc_shapley_islands | Computing V_full over all 15 source islands...
2026-03-04 23:24:33 | INFO | src.tmc_shapley_islands | V_full = 0.1037
2026-03-04 23:24:33 | INFO | src.tmc_shapley_islands | TMC head-start: loaded 10 completed permutations from state outputs/tmc_shapley_sweep_all_traits/cache/body_mass/tmc_perm_state_target_14_seed_1831275410.json
2026-03-04 23:25:04 | INFO | src.tmc_shapley_islands | TMC progress: 12/20 permutations done, cache hit rate: 12.9%, n_evals: 27
2026-03-04 23:26:06 | INFO | src.tmc_shapley_islands | TMC progress: 16/20 permutations done, cache hit rate: 13.2%, n_evals: 79
2026-03-04 23:26:58 | INFO | src.tmc_shapley_islands | TMC progress: 20/20 permutations done, cache hit rate: 16.6%, n_evals: 126
2026-03-04 23:26:58 | INFO | src.tmc_shapley_islands | TMC complete: 20 permutations, 0 truncated, 126 utility evals, cache hit rate: 16.6%
2026-03-04 23:26:58 | INFO | src.tmc_shapley_islands | Shapley values (phi, computed on cal set):
2026-03-04 23:26:58 | INFO | src.tmc_shapley_islands |   Nesøy: phi=-0.005811, phi/n=-0.00004883
2026-03-04 23:26:58 | INFO | src.tmc_shapley_islands |   Myken: phi=-0.001983, phi/n=-0.00002155
2026-03-04 23:26:58 | INFO | src.tmc_shapley_islands |   Træna: phi=-0.045920, phi/n=-0.00015726
2026-03-04 23:26:58 | INFO | src.tmc_shapley_islands |   Selvær: phi=-0.011730, phi/n=-0.00006047
2026-03-04 23:26:58 | INFO | src.tmc_shapley_islands |   Gjerøy: phi=-0.003692, phi/n=-0.00000662
2026-03-04 23:26:58 | INFO | src.tmc_shapley_islands |   Hestmannøy: phi=-0.023385, phi/n=-0.00002169
2026-03-04 23:26:58 | INFO | src.tmc_shapley_islands |   Indre Kvarøy: phi=0.069195, phi/n=0.00019437
2026-03-04 23:26:58 | INFO | src.tmc_shapley_islands |   Onøy og Lurøy: phi=-0.018157, phi/n=-0.00007010
2026-03-04 23:26:58 | INFO | src.tmc_shapley_islands |   Lovund: phi=0.018746, phi/n=0.00011864
2026-03-04 23:26:58 | INFO | src.tmc_shapley_islands |   Sleneset: phi=0.001618, phi/n=0.00000975
2026-03-04 23:26:58 | INFO | src.tmc_shapley_islands |   Aldra: phi=-0.007858, phi/n=-0.00004542
2026-03-04 23:26:58 | INFO | src.tmc_shapley_islands |   Southern 1: phi=-0.000414, phi/n=-0.00000071
2026-03-04 23:26:58 | INFO | src.tmc_shapley_islands |   Southern 2: phi=0.021686, phi/n=0.00005462
2026-03-04 23:26:58 | INFO | src.tmc_shapley_islands |   Southern 3: phi=0.085844, phi/n=0.00014699
2026-03-04 23:26:58 | INFO | src.tmc_shapley_islands |   Southern 5: phi=0.025579, phi/n=0.00012663
2026-03-04 23:26:58 | INFO | src.tmc_shapley_islands | Curve retraining early stopping: enabled=True, patience=20
2026-03-04 23:26:58 | INFO | src.tmc_shapley_islands | Computing add-islands curve (evaluated on test set)...
2026-03-04 23:26:59 | INFO | src.tmc_shapley_islands | Add-curve (mean): 1 islands, n=356 -> corr=-0.0771
2026-03-04 23:26:59 | INFO | src.tmc_shapley_islands | Add-curve (mean): 2 islands, n=940 -> corr=-0.0370
2026-03-04 23:27:00 | INFO | src.tmc_shapley_islands | Add-curve (mean): 3 islands, n=1142 -> corr=0.0216
2026-03-04 23:27:00 | INFO | src.tmc_shapley_islands | Add-curve (mean): 4 islands, n=1300 -> corr=0.0275
2026-03-04 23:27:01 | INFO | src.tmc_shapley_islands | Add-curve (mean): 5 islands, n=1697 -> corr=0.0742
2026-03-04 23:27:02 | INFO | src.tmc_shapley_islands | Add-curve (mean): 6 islands, n=1863 -> corr=0.0843
2026-03-04 23:27:03 | INFO | src.tmc_shapley_islands | Add-curve (mean): 7 islands, n=2446 -> corr=0.1188
2026-03-04 23:27:04 | INFO | src.tmc_shapley_islands | Add-curve (mean): 8 islands, n=3004 -> corr=0.1241
2026-03-04 23:27:05 | INFO | src.tmc_shapley_islands | Add-curve (mean): 9 islands, n=3096 -> corr=0.1173
2026-03-04 23:27:07 | INFO | src.tmc_shapley_islands | Add-curve (mean): 10 islands, n=4174 -> corr=0.1107
2026-03-04 23:27:09 | INFO | src.tmc_shapley_islands | Add-curve (mean): 11 islands, n=4347 -> corr=0.0994
2026-03-04 23:27:12 | INFO | src.tmc_shapley_islands | Add-curve (mean): 12 islands, n=4466 -> corr=0.0978
2026-03-04 23:27:14 | INFO | src.tmc_shapley_islands | Add-curve (mean): 13 islands, n=4660 -> corr=0.1068
2026-03-04 23:27:16 | INFO | src.tmc_shapley_islands | Add-curve (mean): 14 islands, n=4919 -> corr=0.1215
2026-03-04 23:27:19 | INFO | src.tmc_shapley_islands | Add-curve (mean): 15 islands, n=5211 -> corr=0.1293
2026-03-04 23:27:33 | INFO | src.tmc_shapley_islands | Random individual add-curve (seed=0) complete
2026-03-04 23:27:48 | INFO | src.tmc_shapley_islands | Random individual add-curve (seed=1) complete
2026-03-04 23:28:02 | INFO | src.tmc_shapley_islands | Random individual add-curve (seed=2) complete
2026-03-04 23:28:17 | INFO | src.tmc_shapley_islands | Random individual add-curve (seed=3) complete
2026-03-04 23:28:31 | INFO | src.tmc_shapley_islands | Random individual add-curve (seed=4) complete
2026-03-04 23:28:31 | INFO | src.tmc_shapley_islands | Building mirrored remove-islands curve from add-islands curve...
2026-03-04 23:28:31 | INFO | src.tmc_shapley_islands | Saved Shapley values to outputs/tmc_shapley_sweep_all_traits/shards/shard_015/body_mass/tmp/shapley_island_values_target_14.csv
2026-03-04 23:28:31 | INFO | src.tmc_shapley_islands | Saved summary to outputs/tmc_shapley_sweep_all_traits/shards/shard_015/body_mass/tmp/tmc_summary_target_14.json
2026-03-04 23:28:31 | INFO | src.tmc_shapley_islands | Saved intermediate ranking trace to outputs/tmc_shapley_sweep_all_traits/shards/shard_015/body_mass/tmp/tmc_intermediate_rankings_target_14.csv
2026-03-04 23:28:31 | INFO | src.tmc_shapley_islands | Saved add-curve to outputs/tmc_shapley_sweep_all_traits/shards/shard_015/body_mass/tmp/add_curve_target_14.csv
2026-03-04 23:28:31 | INFO | src.tmc_shapley_islands | Saved remove-curve to outputs/tmc_shapley_sweep_all_traits/shards/shard_015/body_mass/tmp/remove_curve_target_14.csv
2026-03-04 23:28:31 | INFO | src.tmc_shapley_islands | Saved bar plot to outputs/tmc_shapley_sweep_all_traits/shards/shard_015/body_mass/tmp/shapley_bar_target_14.png
2026-03-04 23:28:32 | INFO | src.tmc_shapley_islands | Saved add-curve plot to outputs/tmc_shapley_sweep_all_traits/shards/shard_015/body_mass/tmp/add_curve_target_14.png
2026-03-04 23:28:33 | INFO | src.tmc_shapley_islands | Saved remove-curve plot to outputs/tmc_shapley_sweep_all_traits/shards/shard_015/body_mass/tmp/remove_curve_target_14.png
2026-03-04 23:28:33 | INFO | __main__ | Shard 15/30 trait=body_mass progress 73/75 | target=14 n_cal_samples=150 perm=40 repeat=5
2026-03-04 23:28:33 | INFO | src.tmc_shapley_islands | [Shapley] Target island: 14 (Southern 4), source islands: 15
2026-03-04 23:28:34 | INFO | src.tmc_shapley_islands | Data: source=5211 (across 15 islands), cal=150, test=336
2026-03-04 23:28:34 | INFO | src.tmc_shapley_islands | SNP selection: using fixed precomputed subset (n=20000)
2026-03-04 23:28:34 | INFO | src.tmc_shapley_islands | Island counts (capped to None in training):
  Nesøy: n=119
  Myken: n=92
  Træna: n=292
  Selvær: n=194
  Gjerøy: n=558
  Hestmannøy: n=1078
  Indre Kvarøy: n=356
  Onøy og Lurøy: n=259
  Lovund: n=158
  Sleneset: n=166
  Aldra: n=173
  Southern 1: n=583
  Southern 2: n=397
  Southern 3: n=584
  Southern 5: n=202
2026-03-04 23:28:34 | INFO | src.tmc_shapley_islands | Loaded 262 cached utilities from outputs/tmc_shapley_sweep_all_traits/cache/body_mass/utility_cache_target_14_seed_1831275410.json
2026-03-04 23:28:34 | INFO | src.tmc_shapley_islands | Running TMC-Shapley with 40 permutations (utility on cal set)...
2026-03-04 23:28:34 | INFO | src.tmc_shapley_islands | Computing V_full over all 15 source islands...
2026-03-04 23:28:34 | INFO | src.tmc_shapley_islands | V_full = 0.1037
2026-03-04 23:28:34 | INFO | src.tmc_shapley_islands | TMC head-start: loaded 20 completed permutations from state outputs/tmc_shapley_sweep_all_traits/cache/body_mass/tmc_perm_state_target_14_seed_1831275410.json
2026-03-04 23:29:21 | INFO | src.tmc_shapley_islands | TMC progress: 24/40 permutations done, cache hit rate: 24.6%, n_evals: 46
2026-03-04 23:31:22 | INFO | src.tmc_shapley_islands | TMC progress: 32/40 permutations done, cache hit rate: 21.5%, n_evals: 142
2026-03-04 23:33:07 | INFO | src.tmc_shapley_islands | TMC progress: 40/40 permutations done, cache hit rate: 23.3%, n_evals: 231
2026-03-04 23:33:07 | INFO | src.tmc_shapley_islands | TMC complete: 40 permutations, 0 truncated, 231 utility evals, cache hit rate: 23.3%
2026-03-04 23:33:07 | INFO | src.tmc_shapley_islands | Shapley values (phi, computed on cal set):
2026-03-04 23:33:07 | INFO | src.tmc_shapley_islands |   Nesøy: phi=-0.005377, phi/n=-0.00004518
2026-03-04 23:33:07 | INFO | src.tmc_shapley_islands |   Myken: phi=-0.002007, phi/n=-0.00002182
2026-03-04 23:33:07 | INFO | src.tmc_shapley_islands |   Træna: phi=-0.041791, phi/n=-0.00014312
2026-03-04 23:33:07 | INFO | src.tmc_shapley_islands |   Selvær: phi=-0.012223, phi/n=-0.00006301
2026-03-04 23:33:07 | INFO | src.tmc_shapley_islands |   Gjerøy: phi=-0.004134, phi/n=-0.00000741
2026-03-04 23:33:07 | INFO | src.tmc_shapley_islands |   Hestmannøy: phi=-0.025540, phi/n=-0.00002369
2026-03-04 23:33:07 | INFO | src.tmc_shapley_islands |   Indre Kvarøy: phi=0.071123, phi/n=0.00019979
2026-03-04 23:33:07 | INFO | src.tmc_shapley_islands |   Onøy og Lurøy: phi=-0.014931, phi/n=-0.00005765
2026-03-04 23:33:07 | INFO | src.tmc_shapley_islands |   Lovund: phi=0.014346, phi/n=0.00009080
2026-03-04 23:33:07 | INFO | src.tmc_shapley_islands |   Sleneset: phi=0.003440, phi/n=0.00002072
2026-03-04 23:33:07 | INFO | src.tmc_shapley_islands |   Aldra: phi=-0.008320, phi/n=-0.00004809
2026-03-04 23:33:07 | INFO | src.tmc_shapley_islands |   Southern 1: phi=-0.003426, phi/n=-0.00000588
2026-03-04 23:33:07 | INFO | src.tmc_shapley_islands |   Southern 2: phi=0.023835, phi/n=0.00006004
2026-03-04 23:33:07 | INFO | src.tmc_shapley_islands |   Southern 3: phi=0.088597, phi/n=0.00015171
2026-03-04 23:33:07 | INFO | src.tmc_shapley_islands |   Southern 5: phi=0.020122, phi/n=0.00009962
2026-03-04 23:33:07 | INFO | src.tmc_shapley_islands | Curve retraining early stopping: enabled=True, patience=20
2026-03-04 23:33:07 | INFO | src.tmc_shapley_islands | Computing add-islands curve (evaluated on test set)...
2026-03-04 23:33:07 | INFO | src.tmc_shapley_islands | Add-curve (mean): 1 islands, n=356 -> corr=-0.0771
2026-03-04 23:33:07 | INFO | src.tmc_shapley_islands | Add-curve (mean): 2 islands, n=940 -> corr=-0.0370
2026-03-04 23:33:08 | INFO | src.tmc_shapley_islands | Add-curve (mean): 3 islands, n=1142 -> corr=0.0216
2026-03-04 23:33:08 | INFO | src.tmc_shapley_islands | Add-curve (mean): 4 islands, n=1300 -> corr=0.0275
2026-03-04 23:33:09 | INFO | src.tmc_shapley_islands | Add-curve (mean): 5 islands, n=1697 -> corr=0.0742
2026-03-04 23:33:10 | INFO | src.tmc_shapley_islands | Add-curve (mean): 6 islands, n=1863 -> corr=0.0843
2026-03-04 23:33:11 | INFO | src.tmc_shapley_islands | Add-curve (mean): 7 islands, n=2446 -> corr=0.1188
2026-03-04 23:33:12 | INFO | src.tmc_shapley_islands | Add-curve (mean): 8 islands, n=3004 -> corr=0.1241
2026-03-04 23:33:14 | INFO | src.tmc_shapley_islands | Add-curve (mean): 9 islands, n=3096 -> corr=0.1173
2026-03-04 23:33:16 | INFO | src.tmc_shapley_islands | Add-curve (mean): 10 islands, n=4174 -> corr=0.1107
2026-03-04 23:33:18 | INFO | src.tmc_shapley_islands | Add-curve (mean): 11 islands, n=4293 -> corr=0.1092
2026-03-04 23:33:20 | INFO | src.tmc_shapley_islands | Add-curve (mean): 12 islands, n=4466 -> corr=0.0978
2026-03-04 23:33:22 | INFO | src.tmc_shapley_islands | Add-curve (mean): 13 islands, n=4725 -> corr=0.1120
2026-03-04 23:33:25 | INFO | src.tmc_shapley_islands | Add-curve (mean): 14 islands, n=4919 -> corr=0.1215
2026-03-04 23:33:27 | INFO | src.tmc_shapley_islands | Add-curve (mean): 15 islands, n=5211 -> corr=0.1293
2026-03-04 23:33:42 | INFO | src.tmc_shapley_islands | Random individual add-curve (seed=0) complete
2026-03-04 23:33:56 | INFO | src.tmc_shapley_islands | Random individual add-curve (seed=1) complete
2026-03-04 23:34:11 | INFO | src.tmc_shapley_islands | Random individual add-curve (seed=2) complete
2026-03-04 23:34:25 | INFO | src.tmc_shapley_islands | Random individual add-curve (seed=3) complete
2026-03-04 23:34:39 | INFO | src.tmc_shapley_islands | Random individual add-curve (seed=4) complete
2026-03-04 23:34:39 | INFO | src.tmc_shapley_islands | Building mirrored remove-islands curve from add-islands curve...
2026-03-04 23:34:39 | INFO | src.tmc_shapley_islands | Saved Shapley values to outputs/tmc_shapley_sweep_all_traits/shards/shard_015/body_mass/tmp/shapley_island_values_target_14.csv
2026-03-04 23:34:39 | INFO | src.tmc_shapley_islands | Saved summary to outputs/tmc_shapley_sweep_all_traits/shards/shard_015/body_mass/tmp/tmc_summary_target_14.json
2026-03-04 23:34:39 | INFO | src.tmc_shapley_islands | Saved intermediate ranking trace to outputs/tmc_shapley_sweep_all_traits/shards/shard_015/body_mass/tmp/tmc_intermediate_rankings_target_14.csv
2026-03-04 23:34:39 | INFO | src.tmc_shapley_islands | Saved add-curve to outputs/tmc_shapley_sweep_all_traits/shards/shard_015/body_mass/tmp/add_curve_target_14.csv
2026-03-04 23:34:39 | INFO | src.tmc_shapley_islands | Saved remove-curve to outputs/tmc_shapley_sweep_all_traits/shards/shard_015/body_mass/tmp/remove_curve_target_14.csv
2026-03-04 23:34:40 | INFO | src.tmc_shapley_islands | Saved bar plot to outputs/tmc_shapley_sweep_all_traits/shards/shard_015/body_mass/tmp/shapley_bar_target_14.png
2026-03-04 23:34:40 | INFO | src.tmc_shapley_islands | Saved add-curve plot to outputs/tmc_shapley_sweep_all_traits/shards/shard_015/body_mass/tmp/add_curve_target_14.png
2026-03-04 23:34:41 | INFO | src.tmc_shapley_islands | Saved remove-curve plot to outputs/tmc_shapley_sweep_all_traits/shards/shard_015/body_mass/tmp/remove_curve_target_14.png
2026-03-04 23:34:41 | INFO | __main__ | Shard 15/30 trait=body_mass progress 74/75 | target=14 n_cal_samples=150 perm=80 repeat=5
2026-03-04 23:34:41 | INFO | src.tmc_shapley_islands | [Shapley] Target island: 14 (Southern 4), source islands: 15
2026-03-04 23:34:42 | INFO | src.tmc_shapley_islands | Data: source=5211 (across 15 islands), cal=150, test=336
2026-03-04 23:34:42 | INFO | src.tmc_shapley_islands | SNP selection: using fixed precomputed subset (n=20000)
2026-03-04 23:34:42 | INFO | src.tmc_shapley_islands | Island counts (capped to None in training):
  Nesøy: n=119
  Myken: n=92
  Træna: n=292
  Selvær: n=194
  Gjerøy: n=558
  Hestmannøy: n=1078
  Indre Kvarøy: n=356
  Onøy og Lurøy: n=259
  Lovund: n=158
  Sleneset: n=166
  Aldra: n=173
  Southern 1: n=583
  Southern 2: n=397
  Southern 3: n=584
  Southern 5: n=202
2026-03-04 23:34:42 | INFO | src.tmc_shapley_islands | Loaded 493 cached utilities from outputs/tmc_shapley_sweep_all_traits/cache/body_mass/utility_cache_target_14_seed_1831275410.json
2026-03-04 23:34:42 | INFO | src.tmc_shapley_islands | Running TMC-Shapley with 80 permutations (utility on cal set)...
2026-03-04 23:34:42 | INFO | src.tmc_shapley_islands | Computing V_full over all 15 source islands...
2026-03-04 23:34:42 | INFO | src.tmc_shapley_islands | V_full = 0.1037
2026-03-04 23:34:42 | INFO | src.tmc_shapley_islands | TMC head-start: loaded 40 completed permutations from state outputs/tmc_shapley_sweep_all_traits/cache/body_mass/tmc_perm_state_target_14_seed_1831275410.json
2026-03-04 23:36:30 | INFO | src.tmc_shapley_islands | TMC progress: 48/80 permutations done, cache hit rate: 28.1%, n_evals: 87
2026-03-04 23:40:02 | INFO | src.tmc_shapley_islands | TMC progress: 64/80 permutations done, cache hit rate: 26.3%, n_evals: 266
2026-03-04 23:43:19 | INFO | src.tmc_shapley_islands | TMC progress: 80/80 permutations done, cache hit rate: 27.8%, n_evals: 434
2026-03-04 23:43:19 | INFO | src.tmc_shapley_islands | TMC complete: 80 permutations, 0 truncated, 434 utility evals, cache hit rate: 27.8%
2026-03-04 23:43:19 | INFO | src.tmc_shapley_islands | Shapley values (phi, computed on cal set):
2026-03-04 23:43:19 | INFO | src.tmc_shapley_islands |   Nesøy: phi=-0.004696, phi/n=-0.00003946
2026-03-04 23:43:19 | INFO | src.tmc_shapley_islands |   Myken: phi=-0.002042, phi/n=-0.00002219
2026-03-04 23:43:19 | INFO | src.tmc_shapley_islands |   Træna: phi=-0.042437, phi/n=-0.00014533
2026-03-04 23:43:19 | INFO | src.tmc_shapley_islands |   Selvær: phi=-0.012420, phi/n=-0.00006402
2026-03-04 23:43:19 | INFO | src.tmc_shapley_islands |   Gjerøy: phi=-0.003621, phi/n=-0.00000649
2026-03-04 23:43:19 | INFO | src.tmc_shapley_islands |   Hestmannøy: phi=-0.026571, phi/n=-0.00002465
2026-03-04 23:43:19 | INFO | src.tmc_shapley_islands |   Indre Kvarøy: phi=0.066427, phi/n=0.00018659
2026-03-04 23:43:19 | INFO | src.tmc_shapley_islands |   Onøy og Lurøy: phi=-0.013433, phi/n=-0.00005186
2026-03-04 23:43:19 | INFO | src.tmc_shapley_islands |   Lovund: phi=0.012786, phi/n=0.00008093
2026-03-04 23:43:19 | INFO | src.tmc_shapley_islands |   Sleneset: phi=0.002908, phi/n=0.00001752
2026-03-04 23:43:19 | INFO | src.tmc_shapley_islands |   Aldra: phi=-0.008083, phi/n=-0.00004672
2026-03-04 23:43:19 | INFO | src.tmc_shapley_islands |   Southern 1: phi=-0.001013, phi/n=-0.00000174
2026-03-04 23:43:19 | INFO | src.tmc_shapley_islands |   Southern 2: phi=0.020201, phi/n=0.00005089
2026-03-04 23:43:19 | INFO | src.tmc_shapley_islands |   Southern 3: phi=0.097011, phi/n=0.00016611
2026-03-04 23:43:19 | INFO | src.tmc_shapley_islands |   Southern 5: phi=0.018700, phi/n=0.00009257
2026-03-04 23:43:19 | INFO | src.tmc_shapley_islands | Curve retraining early stopping: enabled=True, patience=20
2026-03-04 23:43:19 | INFO | src.tmc_shapley_islands | Computing add-islands curve (evaluated on test set)...
2026-03-04 23:43:19 | INFO | src.tmc_shapley_islands | Add-curve (mean): 1 islands, n=356 -> corr=-0.0771
2026-03-04 23:43:20 | INFO | src.tmc_shapley_islands | Add-curve (mean): 2 islands, n=940 -> corr=-0.0370
2026-03-04 23:43:21 | INFO | src.tmc_shapley_islands | Add-curve (mean): 3 islands, n=1142 -> corr=0.0216
2026-03-04 23:43:21 | INFO | src.tmc_shapley_islands | Add-curve (mean): 4 islands, n=1300 -> corr=0.0275
2026-03-04 23:43:22 | INFO | src.tmc_shapley_islands | Add-curve (mean): 5 islands, n=1697 -> corr=0.0742
2026-03-04 23:43:23 | INFO | src.tmc_shapley_islands | Add-curve (mean): 6 islands, n=1863 -> corr=0.0843
2026-03-04 23:43:24 | INFO | src.tmc_shapley_islands | Add-curve (mean): 7 islands, n=2446 -> corr=0.1188
2026-03-04 23:43:25 | INFO | src.tmc_shapley_islands | Add-curve (mean): 8 islands, n=3004 -> corr=0.1241
2026-03-04 23:43:27 | INFO | src.tmc_shapley_islands | Add-curve (mean): 9 islands, n=3096 -> corr=0.1173
2026-03-04 23:43:29 | INFO | src.tmc_shapley_islands | Add-curve (mean): 10 islands, n=4174 -> corr=0.1107
2026-03-04 23:43:31 | INFO | src.tmc_shapley_islands | Add-curve (mean): 11 islands, n=4293 -> corr=0.1092
2026-03-04 23:43:33 | INFO | src.tmc_shapley_islands | Add-curve (mean): 12 islands, n=4466 -> corr=0.0978
2026-03-04 23:43:35 | INFO | src.tmc_shapley_islands | Add-curve (mean): 13 islands, n=4725 -> corr=0.1120
2026-03-04 23:43:38 | INFO | src.tmc_shapley_islands | Add-curve (mean): 14 islands, n=4919 -> corr=0.1215
2026-03-04 23:43:40 | INFO | src.tmc_shapley_islands | Add-curve (mean): 15 islands, n=5211 -> corr=0.1293
2026-03-04 23:43:55 | INFO | src.tmc_shapley_islands | Random individual add-curve (seed=0) complete
2026-03-04 23:44:09 | INFO | src.tmc_shapley_islands | Random individual add-curve (seed=1) complete
2026-03-04 23:44:23 | INFO | src.tmc_shapley_islands | Random individual add-curve (seed=2) complete
2026-03-04 23:44:37 | INFO | src.tmc_shapley_islands | Random individual add-curve (seed=3) complete
2026-03-04 23:44:51 | INFO | src.tmc_shapley_islands | Random individual add-curve (seed=4) complete
2026-03-04 23:44:51 | INFO | src.tmc_shapley_islands | Building mirrored remove-islands curve from add-islands curve...
2026-03-04 23:44:51 | INFO | src.tmc_shapley_islands | Saved Shapley values to outputs/tmc_shapley_sweep_all_traits/shards/shard_015/body_mass/tmp/shapley_island_values_target_14.csv
2026-03-04 23:44:51 | INFO | src.tmc_shapley_islands | Saved summary to outputs/tmc_shapley_sweep_all_traits/shards/shard_015/body_mass/tmp/tmc_summary_target_14.json
2026-03-04 23:44:51 | INFO | src.tmc_shapley_islands | Saved intermediate ranking trace to outputs/tmc_shapley_sweep_all_traits/shards/shard_015/body_mass/tmp/tmc_intermediate_rankings_target_14.csv
2026-03-04 23:44:51 | INFO | src.tmc_shapley_islands | Saved add-curve to outputs/tmc_shapley_sweep_all_traits/shards/shard_015/body_mass/tmp/add_curve_target_14.csv
2026-03-04 23:44:51 | INFO | src.tmc_shapley_islands | Saved remove-curve to outputs/tmc_shapley_sweep_all_traits/shards/shard_015/body_mass/tmp/remove_curve_target_14.csv
2026-03-04 23:44:51 | INFO | src.tmc_shapley_islands | Saved bar plot to outputs/tmc_shapley_sweep_all_traits/shards/shard_015/body_mass/tmp/shapley_bar_target_14.png
2026-03-04 23:44:52 | INFO | src.tmc_shapley_islands | Saved add-curve plot to outputs/tmc_shapley_sweep_all_traits/shards/shard_015/body_mass/tmp/add_curve_target_14.png
2026-03-04 23:44:52 | INFO | src.tmc_shapley_islands | Saved remove-curve plot to outputs/tmc_shapley_sweep_all_traits/shards/shard_015/body_mass/tmp/remove_curve_target_14.png
2026-03-04 23:44:53 | INFO | __main__ | Shard 15/30 trait=body_mass progress 75/75 | target=14 n_cal_samples=150 perm=150 repeat=5
2026-03-04 23:44:53 | INFO | src.tmc_shapley_islands | [Shapley] Target island: 14 (Southern 4), source islands: 15
2026-03-04 23:44:53 | INFO | src.tmc_shapley_islands | Data: source=5211 (across 15 islands), cal=150, test=336
2026-03-04 23:44:53 | INFO | src.tmc_shapley_islands | SNP selection: using fixed precomputed subset (n=20000)
2026-03-04 23:44:53 | INFO | src.tmc_shapley_islands | Island counts (capped to None in training):
  Nesøy: n=119
  Myken: n=92
  Træna: n=292
  Selvær: n=194
  Gjerøy: n=558
  Hestmannøy: n=1078
  Indre Kvarøy: n=356
  Onøy og Lurøy: n=259
  Lovund: n=158
  Sleneset: n=166
  Aldra: n=173
  Southern 1: n=583
  Southern 2: n=397
  Southern 3: n=584
  Southern 5: n=202
2026-03-04 23:44:53 | INFO | src.tmc_shapley_islands | Loaded 927 cached utilities from outputs/tmc_shapley_sweep_all_traits/cache/body_mass/utility_cache_target_14_seed_1831275410.json
2026-03-04 23:44:53 | INFO | src.tmc_shapley_islands | Running TMC-Shapley with 150 permutations (utility on cal set)...
2026-03-04 23:44:53 | INFO | src.tmc_shapley_islands | Computing V_full over all 15 source islands...
2026-03-04 23:44:53 | INFO | src.tmc_shapley_islands | V_full = 0.1037
2026-03-04 23:44:53 | INFO | src.tmc_shapley_islands | TMC head-start: loaded 80 completed permutations from state outputs/tmc_shapley_sweep_all_traits/cache/body_mass/tmc_perm_state_target_14_seed_1831275410.json
2026-03-04 23:46:44 | INFO | src.tmc_shapley_islands | TMC progress: 90/150 permutations done, cache hit rate: 33.8%, n_evals: 100
2026-03-04 23:52:31 | INFO | src.tmc_shapley_islands | TMC progress: 120/150 permutations done, cache hit rate: 34.6%, n_evals: 393
2026-03-04 23:58:14 | INFO | src.tmc_shapley_islands | TMC progress: 150/150 permutations done, cache hit rate: 35.4%, n_evals: 679
2026-03-04 23:58:14 | INFO | src.tmc_shapley_islands | TMC complete: 150 permutations, 0 truncated, 679 utility evals, cache hit rate: 35.4%
2026-03-04 23:58:14 | INFO | src.tmc_shapley_islands | Shapley values (phi, computed on cal set):
2026-03-04 23:58:14 | INFO | src.tmc_shapley_islands |   Nesøy: phi=-0.005141, phi/n=-0.00004321
2026-03-04 23:58:14 | INFO | src.tmc_shapley_islands |   Myken: phi=-0.002270, phi/n=-0.00002468
2026-03-04 23:58:14 | INFO | src.tmc_shapley_islands |   Træna: phi=-0.041798, phi/n=-0.00014314
2026-03-04 23:58:14 | INFO | src.tmc_shapley_islands |   Selvær: phi=-0.012599, phi/n=-0.00006494
2026-03-04 23:58:14 | INFO | src.tmc_shapley_islands |   Gjerøy: phi=-0.003578, phi/n=-0.00000641
2026-03-04 23:58:14 | INFO | src.tmc_shapley_islands |   Hestmannøy: phi=-0.028396, phi/n=-0.00002634
2026-03-04 23:58:14 | INFO | src.tmc_shapley_islands |   Indre Kvarøy: phi=0.070074, phi/n=0.00019684
2026-03-04 23:58:14 | INFO | src.tmc_shapley_islands |   Onøy og Lurøy: phi=-0.013549, phi/n=-0.00005231
2026-03-04 23:58:14 | INFO | src.tmc_shapley_islands |   Lovund: phi=0.012429, phi/n=0.00007866
2026-03-04 23:58:14 | INFO | src.tmc_shapley_islands |   Sleneset: phi=0.002260, phi/n=0.00001362
2026-03-04 23:58:14 | INFO | src.tmc_shapley_islands |   Aldra: phi=-0.008356, phi/n=-0.00004830
2026-03-04 23:58:14 | INFO | src.tmc_shapley_islands |   Southern 1: phi=-0.001999, phi/n=-0.00000343
2026-03-04 23:58:14 | INFO | src.tmc_shapley_islands |   Southern 2: phi=0.023284, phi/n=0.00005865
2026-03-04 23:58:14 | INFO | src.tmc_shapley_islands |   Southern 3: phi=0.095850, phi/n=0.00016413
2026-03-04 23:58:14 | INFO | src.tmc_shapley_islands |   Southern 5: phi=0.017508, phi/n=0.00008667
2026-03-04 23:58:14 | INFO | src.tmc_shapley_islands | Curve retraining early stopping: enabled=True, patience=20
2026-03-04 23:58:14 | INFO | src.tmc_shapley_islands | Computing add-islands curve (evaluated on test set)...
2026-03-04 23:58:15 | INFO | src.tmc_shapley_islands | Add-curve (mean): 1 islands, n=356 -> corr=-0.0771
2026-03-04 23:58:15 | INFO | src.tmc_shapley_islands | Add-curve (mean): 2 islands, n=940 -> corr=-0.0370
2026-03-04 23:58:15 | INFO | src.tmc_shapley_islands | Add-curve (mean): 3 islands, n=1142 -> corr=0.0216
2026-03-04 23:58:16 | INFO | src.tmc_shapley_islands | Add-curve (mean): 4 islands, n=1300 -> corr=0.0275
2026-03-04 23:58:17 | INFO | src.tmc_shapley_islands | Add-curve (mean): 5 islands, n=1697 -> corr=0.0742
2026-03-04 23:58:18 | INFO | src.tmc_shapley_islands | Add-curve (mean): 6 islands, n=1863 -> corr=0.0843
2026-03-04 23:58:19 | INFO | src.tmc_shapley_islands | Add-curve (mean): 7 islands, n=2446 -> corr=0.1188
2026-03-04 23:58:20 | INFO | src.tmc_shapley_islands | Add-curve (mean): 8 islands, n=3004 -> corr=0.1241
2026-03-04 23:58:21 | INFO | src.tmc_shapley_islands | Add-curve (mean): 9 islands, n=3096 -> corr=0.1173
2026-03-04 23:58:23 | INFO | src.tmc_shapley_islands | Add-curve (mean): 10 islands, n=4174 -> corr=0.1107
2026-03-04 23:58:25 | INFO | src.tmc_shapley_islands | Add-curve (mean): 11 islands, n=4293 -> corr=0.1092
2026-03-04 23:58:27 | INFO | src.tmc_shapley_islands | Add-curve (mean): 12 islands, n=4466 -> corr=0.0978
2026-03-04 23:58:29 | INFO | src.tmc_shapley_islands | Add-curve (mean): 13 islands, n=4725 -> corr=0.1120
2026-03-04 23:58:32 | INFO | src.tmc_shapley_islands | Add-curve (mean): 14 islands, n=4919 -> corr=0.1215
2026-03-04 23:58:34 | INFO | src.tmc_shapley_islands | Add-curve (mean): 15 islands, n=5211 -> corr=0.1293
2026-03-04 23:58:49 | INFO | src.tmc_shapley_islands | Random individual add-curve (seed=0) complete
2026-03-04 23:59:03 | INFO | src.tmc_shapley_islands | Random individual add-curve (seed=1) complete
2026-03-04 23:59:17 | INFO | src.tmc_shapley_islands | Random individual add-curve (seed=2) complete
2026-03-04 23:59:31 | INFO | src.tmc_shapley_islands | Random individual add-curve (seed=3) complete
2026-03-04 23:59:45 | INFO | src.tmc_shapley_islands | Random individual add-curve (seed=4) complete
2026-03-04 23:59:45 | INFO | src.tmc_shapley_islands | Building mirrored remove-islands curve from add-islands curve...
2026-03-04 23:59:45 | INFO | src.tmc_shapley_islands | Saved Shapley values to outputs/tmc_shapley_sweep_all_traits/shards/shard_015/body_mass/tmp/shapley_island_values_target_14.csv
2026-03-04 23:59:45 | INFO | src.tmc_shapley_islands | Saved summary to outputs/tmc_shapley_sweep_all_traits/shards/shard_015/body_mass/tmp/tmc_summary_target_14.json
2026-03-04 23:59:45 | INFO | src.tmc_shapley_islands | Saved intermediate ranking trace to outputs/tmc_shapley_sweep_all_traits/shards/shard_015/body_mass/tmp/tmc_intermediate_rankings_target_14.csv
2026-03-04 23:59:45 | INFO | src.tmc_shapley_islands | Saved add-curve to outputs/tmc_shapley_sweep_all_traits/shards/shard_015/body_mass/tmp/add_curve_target_14.csv
2026-03-04 23:59:45 | INFO | src.tmc_shapley_islands | Saved remove-curve to outputs/tmc_shapley_sweep_all_traits/shards/shard_015/body_mass/tmp/remove_curve_target_14.csv
2026-03-04 23:59:46 | INFO | src.tmc_shapley_islands | Saved bar plot to outputs/tmc_shapley_sweep_all_traits/shards/shard_015/body_mass/tmp/shapley_bar_target_14.png
2026-03-04 23:59:47 | INFO | src.tmc_shapley_islands | Saved add-curve plot to outputs/tmc_shapley_sweep_all_traits/shards/shard_015/body_mass/tmp/add_curve_target_14.png
2026-03-04 23:59:47 | INFO | src.tmc_shapley_islands | Saved remove-curve plot to outputs/tmc_shapley_sweep_all_traits/shards/shard_015/body_mass/tmp/remove_curve_target_14.png
2026-03-04 23:59:47 | INFO | __main__ | Shard 15 complete. Output: outputs/tmc_shapley_sweep_all_traits/shards/shard_015
