target_island,target_island_name,repeat,split_seed,player_index,source_pool_index,source_id,source_island,source_island_name,phi,rank_phi,v_full,n_permutations
0,Nesøy,3,3014,3212,3212,8N73533,5,Hestmannøy,0.03702032436863568,1,0.5018705090885726,50
0,Nesøy,3,3014,4726,4726,8747757,7,Onøy og Lurøy,0.035395495007475304,2,0.5018705090885726,50
0,Nesøy,3,3014,5550,5550,8981823,5,Hestmannøy,0.03172861142122954,3,0.5018705090885726,50
0,Nesøy,3,3014,2760,2760,8N42642,7,Onøy og Lurøy,0.029878660827254072,4,0.5018705090885726,50
0,Nesøy,3,3014,4953,4953,8857215,10,Aldra,0.028477446488040355,5,0.5018705090885726,50
0,Nesøy,3,3014,5135,5135,8934064,5,Hestmannøy,0.02705057112632447,6,0.5018705090885726,50
0,Nesøy,3,3014,1002,1002,8M71492,13,Southern 3,0.025172284029768295,7,0.5018705090885726,50
0,Nesøy,3,3014,643,643,8L89682,6,Indre Kvarøy,0.02283479007921487,8,0.5018705090885726,50
0,Nesøy,3,3014,4111,4111,8P14992,14,Southern 4,0.021828220514469462,9,0.5018705090885726,50
0,Nesøy,3,3014,5019,5019,8887210,4,Gjerøy,0.0213743521115366,10,0.5018705090885726,50
0,Nesøy,3,3014,600,600,8L89471,6,Indre Kvarøy,0.019924866443365902,11,0.5018705090885726,50
0,Nesøy,3,3014,879,879,8M71084,2,Træna,0.01774417228095705,12,0.5018705090885726,50
0,Nesøy,3,3014,4664,4664,8747529,6,Indre Kvarøy,0.017575624085352872,13,0.5018705090885726,50
0,Nesøy,3,3014,2742,2742,8N42520,5,Hestmannøy,0.017281489529175527,14,0.5018705090885726,50
0,Nesøy,3,3014,5020,5020,8887211,4,Gjerøy,0.017233563194326267,15,0.5018705090885726,50
0,Nesøy,3,3014,2081,2081,8N14115,5,Hestmannøy,0.017131125518378545,16,0.5018705090885726,50
0,Nesøy,3,3014,4462,4462,8730486,5,Hestmannøy,0.01674069485421009,17,0.5018705090885726,50
0,Nesøy,3,3014,4135,4135,8P26525,9,Sleneset,0.016532096263230857,18,0.5018705090885726,50
0,Nesøy,3,3014,5461,5461,8981147,11,Southern 1,0.015906406653199288,19,0.5018705090885726,50
0,Nesøy,3,3014,236,236,8L48609,6,Indre Kvarøy,0.01509002182485184,20,0.5018705090885726,50
0,Nesøy,3,3014,269,269,8L49910,5,Hestmannøy,0.014871316747118245,21,0.5018705090885726,50
0,Nesøy,3,3014,4994,4994,8866658,8,Lovund,0.014590185772726628,22,0.5018705090885726,50
0,Nesøy,3,3014,2810,2810,8N42952,4,Gjerøy,0.013870932718187188,23,0.5018705090885726,50
0,Nesøy,3,3014,1900,1900,8N13114,14,Southern 4,0.013606084360722312,24,0.5018705090885726,50
0,Nesøy,3,3014,5483,5483,8981267,5,Hestmannøy,0.013209908380023807,25,0.5018705090885726,50
0,Nesøy,3,3014,4811,4811,8800095,6,Indre Kvarøy,0.013202259206508481,26,0.5018705090885726,50
0,Nesøy,3,3014,603,603,8L89503,5,Hestmannøy,0.012761027835200582,27,0.5018705090885726,50
0,Nesøy,3,3014,5063,5063,8887370,5,Hestmannøy,0.012734051617447237,28,0.5018705090885726,50
0,Nesøy,3,3014,4101,4101,8N14980,6,Indre Kvarøy,0.01217698257269463,29,0.5018705090885726,50
0,Nesøy,3,3014,4237,4237,8309285,5,Hestmannøy,0.011927366345891454,30,0.5018705090885726,50
0,Nesøy,3,3014,5480,5480,8981264,5,Hestmannøy,0.011773506314635793,31,0.5018705090885726,50
0,Nesøy,3,3014,4809,4809,8800091,6,Indre Kvarøy,0.01175028326231343,32,0.5018705090885726,50
0,Nesøy,3,3014,5051,5051,8887342,5,Hestmannøy,0.011635463473547792,33,0.5018705090885726,50
0,Nesøy,3,3014,2525,2525,8N27951,4,Gjerøy,0.011617259541287417,34,0.5018705090885726,50
0,Nesøy,3,3014,516,516,8L64873,14,Southern 4,0.011137906439232861,35,0.5018705090885726,50
0,Nesøy,3,3014,1836,1836,8N06900,11,Southern 1,0.011135313383555133,36,0.5018705090885726,50
0,Nesøy,3,3014,1056,1056,8M72037,3,Selvær,0.011131204482116432,37,0.5018705090885726,50
0,Nesøy,3,3014,5532,5532,8981723,5,Hestmannøy,0.011055671316324574,38,0.5018705090885726,50
0,Nesøy,3,3014,730,730,8M31317,4,Gjerøy,0.010882683743240322,39,0.5018705090885726,50
0,Nesøy,3,3014,2953,2953,8N72913,13,Southern 3,0.01067719558494684,40,0.5018705090885726,50
0,Nesøy,3,3014,3129,3129,8N73439,11,Southern 1,0.010582594712108928,41,0.5018705090885726,50
0,Nesøy,3,3014,5024,5024,8887230,5,Hestmannøy,0.010212740490392811,42,0.5018705090885726,50
0,Nesøy,3,3014,4208,4208,8309146,4,Gjerøy,0.010139077312257232,43,0.5018705090885726,50
0,Nesøy,3,3014,1459,1459,8N05567,3,Selvær,0.010081017027461005,44,0.5018705090885726,50
0,Nesøy,3,3014,284,284,8L52210,4,Gjerøy,0.010073700123217733,45,0.5018705090885726,50
0,Nesøy,3,3014,4026,4026,8P14826,4,Gjerøy,0.010037083922501945,46,0.5018705090885726,50
0,Nesøy,3,3014,243,243,8L48695,6,Indre Kvarøy,0.009973371332129126,47,0.5018705090885726,50
0,Nesøy,3,3014,744,744,8M31370,5,Hestmannøy,0.009938072466564108,48,0.5018705090885726,50
0,Nesøy,3,3014,4758,4758,8747941,4,Gjerøy,0.00991231058436046,49,0.5018705090885726,50
0,Nesøy,3,3014,1397,1397,8N05275,13,Southern 3,0.009834857205903009,50,0.5018705090885726,50
0,Nesøy,3,3014,5265,5265,8939150,4,Gjerøy,0.009745340857371493,51,0.5018705090885726,50
0,Nesøy,3,3014,2319,2319,8N14808,5,Hestmannøy,0.009640914626741949,52,0.5018705090885726,50
0,Nesøy,3,3014,2795,2795,8N42771,10,Aldra,0.009633319183935285,53,0.5018705090885726,50
0,Nesøy,3,3014,2783,2783,8N42717,5,Hestmannøy,0.009399457631962175,54,0.5018705090885726,50
0,Nesøy,3,3014,1019,1019,8M71531,4,Gjerøy,0.009359354355141219,55,0.5018705090885726,50
0,Nesøy,3,3014,741,741,8M31356,5,Hestmannøy,0.009213060613111059,56,0.5018705090885726,50
0,Nesøy,3,3014,5525,5525,8981657,2,Træna,0.009202542308949353,57,0.5018705090885726,50
0,Nesøy,3,3014,2518,2518,8N27918,2,Træna,0.0091627245606922,58,0.5018705090885726,50
0,Nesøy,3,3014,5248,5248,8939052,5,Hestmannøy,0.00909291575855806,59,0.5018705090885726,50
0,Nesøy,3,3014,791,791,8M31634,4,Gjerøy,0.009042275207160548,60,0.5018705090885726,50
0,Nesøy,3,3014,2942,2942,8N72902,13,Southern 3,0.009026756000738404,61,0.5018705090885726,50
0,Nesøy,3,3014,4964,4964,8857252,4,Gjerøy,0.00900509222264919,62,0.5018705090885726,50
0,Nesøy,3,3014,156,156,8L30779,4,Gjerøy,0.008892087664219464,63,0.5018705090885726,50
0,Nesøy,3,3014,3015,3015,8N73057,4,Gjerøy,0.008875022660396456,64,0.5018705090885726,50
0,Nesøy,3,3014,2609,2609,8N28686,5,Hestmannøy,0.008750298977698556,65,0.5018705090885726,50
0,Nesøy,3,3014,4628,4628,8747223,5,Hestmannøy,0.008725258815979943,66,0.5018705090885726,50
0,Nesøy,3,3014,152,152,8L30771,12,Southern 2,0.008569354488444068,67,0.5018705090885726,50
0,Nesøy,3,3014,103,103,8L30396,2,Træna,0.008546271622172754,68,0.5018705090885726,50
0,Nesøy,3,3014,2527,2527,8N27959,5,Hestmannøy,0.008533892570974304,69,0.5018705090885726,50
0,Nesøy,3,3014,5028,5028,8887241,1,Myken,0.00847379938426429,70,0.5018705090885726,50
0,Nesøy,3,3014,712,712,8M31255,8,Lovund,0.008438839038632287,71,0.5018705090885726,50
0,Nesøy,3,3014,381,381,8L52619,3,Selvær,0.008438170382060819,72,0.5018705090885726,50
0,Nesøy,3,3014,2343,2343,8N14957,5,Hestmannøy,0.008426323075560618,73,0.5018705090885726,50
0,Nesøy,3,3014,1648,1648,8N06295,9,Sleneset,0.008419276274110587,74,0.5018705090885726,50
0,Nesøy,3,3014,940,940,8M71303,6,Indre Kvarøy,0.008264328257654208,75,0.5018705090885726,50
0,Nesøy,3,3014,4345,4345,8681038,5,Hestmannøy,0.008259574615902413,76,0.5018705090885726,50
0,Nesøy,3,3014,751,751,8M31433,4,Gjerøy,0.008242946087947017,77,0.5018705090885726,50
0,Nesøy,3,3014,4293,4293,8651701,5,Hestmannøy,0.008241076923738148,78,0.5018705090885726,50
0,Nesøy,3,3014,487,487,8M71324,11,Southern 1,0.008188286941100652,79,0.5018705090885726,50
0,Nesøy,3,3014,1650,1650,8N06298,8,Lovund,0.008158935928708174,80,0.5018705090885726,50
0,Nesøy,3,3014,3383,3383,8N73949,12,Southern 2,0.008141334384983427,81,0.5018705090885726,50
0,Nesøy,3,3014,659,659,8L89734,4,Gjerøy,0.008129118731769629,82,0.5018705090885726,50
0,Nesøy,3,3014,4509,4509,8730993,4,Gjerøy,0.008108015528651013,83,0.5018705090885726,50
0,Nesøy,3,3014,2803,2803,8N42858,5,Hestmannøy,0.00803419837012349,84,0.5018705090885726,50
0,Nesøy,3,3014,2625,2625,8N28756,5,Hestmannøy,0.008024274561333273,85,0.5018705090885726,50
0,Nesøy,3,3014,5393,5393,8943129,4,Gjerøy,0.008016721179377979,86,0.5018705090885726,50
0,Nesøy,3,3014,2704,2704,8N42262,4,Gjerøy,0.008015656235726022,87,0.5018705090885726,50
0,Nesøy,3,3014,1317,1317,8N05194,13,Southern 3,0.007914484857293956,88,0.5018705090885726,50
0,Nesøy,3,3014,2768,2768,8N42679,5,Hestmannøy,0.007861035740283993,89,0.5018705090885726,50
0,Nesøy,3,3014,5448,5448,8981026,5,Hestmannøy,0.0078559396506183,90,0.5018705090885726,50
0,Nesøy,3,3014,238,238,8L48651,5,Hestmannøy,0.007846976762395442,91,0.5018705090885726,50
0,Nesøy,3,3014,5132,5132,8934058,5,Hestmannøy,0.007817031132010956,92,0.5018705090885726,50
0,Nesøy,3,3014,2436,2436,8N27315,5,Hestmannøy,0.007767683702556043,93,0.5018705090885726,50
0,Nesøy,3,3014,949,949,8M71321,5,Hestmannøy,0.007743641915967679,94,0.5018705090885726,50
0,Nesøy,3,3014,3484,3484,8N87313,5,Hestmannøy,0.007727551269573905,95,0.5018705090885726,50
0,Nesøy,3,3014,5495,5495,8981284,5,Hestmannøy,0.0076943904095626795,96,0.5018705090885726,50
0,Nesøy,3,3014,4339,4339,8681028,5,Hestmannøy,0.007659570582109804,97,0.5018705090885726,50
0,Nesøy,3,3014,188,188,8L48314,5,Hestmannøy,0.007641947303048224,98,0.5018705090885726,50
0,Nesøy,3,3014,4417,4417,8681385,3,Selvær,0.007610600191426338,99,0.5018705090885726,50
0,Nesøy,3,3014,3960,3960,8P14196,5,Hestmannøy,0.00756403912918942,100,0.5018705090885726,50
0,Nesøy,3,3014,2207,2207,8N14588,11,Southern 1,0.00755177326408551,101,0.5018705090885726,50
0,Nesøy,3,3014,1752,1752,8N06781,4,Gjerøy,0.007453560141061483,102,0.5018705090885726,50
0,Nesøy,3,3014,5049,5049,8887324,6,Indre Kvarøy,0.007443591891906204,103,0.5018705090885726,50
0,Nesøy,3,3014,869,869,8M31995,1,Myken,0.007431435895535781,104,0.5018705090885726,50
0,Nesøy,3,3014,4570,4570,8732656,5,Hestmannøy,0.007424031968062434,105,0.5018705090885726,50
0,Nesøy,3,3014,5104,5104,8917812,8,Lovund,0.0073157609485493495,106,0.5018705090885726,50
0,Nesøy,3,3014,4650,4650,8747399,6,Indre Kvarøy,0.007256033578691764,107,0.5018705090885726,50
0,Nesøy,3,3014,4223,4223,8309231,13,Southern 3,0.007245286989119606,108,0.5018705090885726,50
0,Nesøy,3,3014,3967,3967,8P14278,4,Gjerøy,0.007214273505371549,109,0.5018705090885726,50
0,Nesøy,3,3014,194,194,8L48336,5,Hestmannøy,0.00717591407173444,110,0.5018705090885726,50
0,Nesøy,3,3014,2052,2052,8N14004,6,Indre Kvarøy,0.007101120902966825,111,0.5018705090885726,50
0,Nesøy,3,3014,3423,3423,8N73989,12,Southern 2,0.007094969403163903,112,0.5018705090885726,50
0,Nesøy,3,3014,5133,5133,8934059,5,Hestmannøy,0.006986831940289824,113,0.5018705090885726,50
0,Nesøy,3,3014,5391,5391,8943113,7,Onøy og Lurøy,0.006960694398128056,114,0.5018705090885726,50
0,Nesøy,3,3014,2899,2899,8N72675,11,Southern 1,0.006945748809262083,115,0.5018705090885726,50
0,Nesøy,3,3014,2339,2339,8N14953,6,Indre Kvarøy,0.006920107620260626,116,0.5018705090885726,50
0,Nesøy,3,3014,1165,1165,8M72752,1,Myken,0.006907831430269739,117,0.5018705090885726,50
0,Nesøy,3,3014,5239,5239,8934893,5,Hestmannøy,0.006904314236460182,118,0.5018705090885726,50
0,Nesøy,3,3014,4913,4913,8816428,1,Myken,0.00690203491372954,119,0.5018705090885726,50
0,Nesøy,3,3014,4560,4560,8732641,5,Hestmannøy,0.0068745875116644,120,0.5018705090885726,50
0,Nesøy,3,3014,5279,5279,8939293,12,Southern 2,0.006853124574122206,121,0.5018705090885726,50
0,Nesøy,3,3014,0,0,8L19505,3,Selvær,0.006846438158299638,122,0.5018705090885726,50
0,Nesøy,3,3014,4843,4843,8800340,7,Onøy og Lurøy,0.006843807766594576,123,0.5018705090885726,50
0,Nesøy,3,3014,5247,5247,8939038,4,Gjerøy,0.006831247238101068,124,0.5018705090885726,50
0,Nesøy,3,3014,4713,4713,8747732,7,Onøy og Lurøy,0.006828205542229515,125,0.5018705090885726,50
0,Nesøy,3,3014,3649,3649,8N87822,14,Southern 4,0.006823242571607775,126,0.5018705090885726,50
0,Nesøy,3,3014,448,448,8L64142,8,Lovund,0.00679853116563265,127,0.5018705090885726,50
0,Nesøy,3,3014,1963,1963,8N13665,13,Southern 3,0.0067206339292911026,128,0.5018705090885726,50
0,Nesøy,3,3014,4771,4771,8794309,2,Træna,0.006690071728746555,129,0.5018705090885726,50
0,Nesøy,3,3014,2869,2869,8N72496,2,Træna,0.006667893446562756,130,0.5018705090885726,50
0,Nesøy,3,3014,1610,1610,8N05879,11,Southern 1,0.006666662130325563,131,0.5018705090885726,50
0,Nesøy,3,3014,2524,2524,8N27941,6,Indre Kvarøy,0.0066556374389742864,132,0.5018705090885726,50
0,Nesøy,3,3014,4224,4224,8309251,5,Hestmannøy,0.0066522292216924786,133,0.5018705090885726,50
0,Nesøy,3,3014,1825,1825,8N06889,11,Southern 1,0.006649310721550727,134,0.5018705090885726,50
0,Nesøy,3,3014,3116,3116,8N73409,4,Gjerøy,0.006632638599066619,135,0.5018705090885726,50
0,Nesøy,3,3014,5354,5354,8939807,1,Myken,0.006617524545712506,136,0.5018705090885726,50
0,Nesøy,3,3014,4411,4411,8681356,5,Hestmannøy,0.00660603842141996,137,0.5018705090885726,50
0,Nesøy,3,3014,2652,2652,8N28813,5,Hestmannøy,0.006587178356863912,138,0.5018705090885726,50
0,Nesøy,3,3014,1110,1110,8M72566,11,Southern 1,0.006585232026530315,139,0.5018705090885726,50
0,Nesøy,3,3014,5363,5363,8939897,5,Hestmannøy,0.0065500605603725105,140,0.5018705090885726,50
0,Nesøy,3,3014,3385,3385,8N73951,12,Southern 2,0.006523119388305339,141,0.5018705090885726,50
0,Nesøy,3,3014,2534,2534,8N28003,2,Træna,0.006516682162763918,142,0.5018705090885726,50
0,Nesøy,3,3014,4928,4928,8816930,4,Gjerøy,0.006503209856474981,143,0.5018705090885726,50
0,Nesøy,3,3014,5554,5554,8981828,7,Onøy og Lurøy,0.006490940735425491,144,0.5018705090885726,50
0,Nesøy,3,3014,4830,4830,8800179,6,Indre Kvarøy,0.006481930374705858,145,0.5018705090885726,50
0,Nesøy,3,3014,1864,1864,8N05700,15,Southern 5,0.006469681755241944,146,0.5018705090885726,50
0,Nesøy,3,3014,3165,3165,8N73475,11,Southern 1,0.006463218597847546,147,0.5018705090885726,50
0,Nesøy,3,3014,446,446,8L64127,12,Southern 2,0.006460548864814089,148,0.5018705090885726,50
0,Nesøy,3,3014,4273,4273,8598602,6,Indre Kvarøy,0.006446736661184936,149,0.5018705090885726,50
0,Nesøy,3,3014,195,195,8L48365,5,Hestmannøy,0.006440642234001199,150,0.5018705090885726,50
0,Nesøy,3,3014,121,121,8L30599,5,Hestmannøy,0.006408744296330981,151,0.5018705090885726,50
0,Nesøy,3,3014,4394,4394,8681251,4,Gjerøy,0.006408593924384867,152,0.5018705090885726,50
0,Nesøy,3,3014,864,864,8M31968,5,Hestmannøy,0.006401034626345193,153,0.5018705090885726,50
0,Nesøy,3,3014,4927,4927,8816929,4,Gjerøy,0.006359921162129783,154,0.5018705090885726,50
0,Nesøy,3,3014,4284,4284,8651534,4,Gjerøy,0.0062917761897230765,155,0.5018705090885726,50
0,Nesøy,3,3014,1684,1684,8N06481,12,Southern 2,0.006274998137148583,156,0.5018705090885726,50
0,Nesøy,3,3014,5150,5150,8934227,10,Aldra,0.006211686582385103,157,0.5018705090885726,50
0,Nesøy,3,3014,5343,5343,8939745,5,Hestmannøy,0.006184609810123329,158,0.5018705090885726,50
0,Nesøy,3,3014,4441,4441,8730417,4,Gjerøy,0.006175158438043382,159,0.5018705090885726,50
0,Nesøy,3,3014,3487,3487,8N87339,4,Gjerøy,0.006162756342629008,160,0.5018705090885726,50
0,Nesøy,3,3014,401,401,8L52963,6,Indre Kvarøy,0.006128688356138435,161,0.5018705090885726,50
0,Nesøy,3,3014,3082,3082,8N73244,14,Southern 4,0.006096089933809239,162,0.5018705090885726,50
0,Nesøy,3,3014,3935,3935,8P14022,8,Lovund,0.006078206458446844,163,0.5018705090885726,50
0,Nesøy,3,3014,5079,5079,8887448,5,Hestmannøy,0.006066733651462564,164,0.5018705090885726,50
0,Nesøy,3,3014,4967,4967,8857261,9,Sleneset,0.0060559449865049955,165,0.5018705090885726,50
0,Nesøy,3,3014,5474,5474,8981214,12,Southern 2,0.006000246248288428,166,0.5018705090885726,50
0,Nesøy,3,3014,5067,5067,8887406,10,Aldra,0.005999029909473522,167,0.5018705090885726,50
0,Nesøy,3,3014,4548,4548,8732595,7,Onøy og Lurøy,0.0059552273826642375,168,0.5018705090885726,50
0,Nesøy,3,3014,2405,2405,8N27119,7,Onøy og Lurøy,0.005954936772878467,169,0.5018705090885726,50
0,Nesøy,3,3014,4977,4977,8857401,4,Gjerøy,0.005944512359958199,170,0.5018705090885726,50
0,Nesøy,3,3014,3955,3955,8P14144,5,Hestmannøy,0.005923971251205582,171,0.5018705090885726,50
0,Nesøy,3,3014,4720,4720,8747740,6,Indre Kvarøy,0.005903211158298848,172,0.5018705090885726,50
0,Nesøy,3,3014,3857,3857,8P11538,15,Southern 5,0.005847952124646188,173,0.5018705090885726,50
0,Nesøy,3,3014,917,917,8M71247,4,Gjerøy,0.005837505840215249,174,0.5018705090885726,50
0,Nesøy,3,3014,4331,4331,8681001,4,Gjerøy,0.005825818455956489,175,0.5018705090885726,50
0,Nesøy,3,3014,4091,4091,8P14970,14,Southern 4,0.005824137570228846,176,0.5018705090885726,50
0,Nesøy,3,3014,873,873,8M31438,4,Gjerøy,0.00577978668041654,177,0.5018705090885726,50
0,Nesøy,3,3014,1083,1083,8M72406,13,Southern 3,0.005726640010732766,178,0.5018705090885726,50
0,Nesøy,3,3014,1544,1544,8N05686,15,Southern 5,0.005704785575321283,179,0.5018705090885726,50
0,Nesøy,3,3014,2231,2231,8N14612,13,Southern 3,0.005659017348683911,180,0.5018705090885726,50
0,Nesøy,3,3014,3611,3611,8N87632,15,Southern 5,0.005622187536536158,181,0.5018705090885726,50
0,Nesøy,3,3014,182,182,8L30984,9,Sleneset,0.005564686699859183,182,0.5018705090885726,50
0,Nesøy,3,3014,2714,2714,8N42289,5,Hestmannøy,0.005554167896745962,183,0.5018705090885726,50
0,Nesøy,3,3014,5189,5189,8934401,7,Onøy og Lurøy,0.005542099141798053,184,0.5018705090885726,50
0,Nesøy,3,3014,1883,1883,8N13423,9,Sleneset,0.00551578453388299,185,0.5018705090885726,50
0,Nesøy,3,3014,1587,1587,8N05840,10,Aldra,0.005514580899319499,186,0.5018705090885726,50
0,Nesøy,3,3014,1653,1653,8N06359,5,Hestmannøy,0.0054816468127602555,187,0.5018705090885726,50
0,Nesøy,3,3014,4875,4875,8800489,10,Aldra,0.005439368809059086,188,0.5018705090885726,50
0,Nesøy,3,3014,587,587,8L89399,6,Indre Kvarøy,0.005395876004640171,189,0.5018705090885726,50
0,Nesøy,3,3014,5163,5163,8934283,7,Onøy og Lurøy,0.005392157946147987,190,0.5018705090885726,50
0,Nesøy,3,3014,2508,2508,8N27901,3,Selvær,0.005340598357857806,191,0.5018705090885726,50
0,Nesøy,3,3014,3660,3660,8N87833,14,Southern 4,0.0053351958407184714,192,0.5018705090885726,50
0,Nesøy,3,3014,2107,2107,8N14287,15,Southern 5,0.005332714305322158,193,0.5018705090885726,50
0,Nesøy,3,3014,5375,5375,8943023,5,Hestmannøy,0.005312836635384167,194,0.5018705090885726,50
0,Nesøy,3,3014,1346,1346,8N05223,12,Southern 2,0.0053075356650746554,195,0.5018705090885726,50
0,Nesøy,3,3014,4621,4621,8747234,10,Aldra,0.0052817421081184975,196,0.5018705090885726,50
0,Nesøy,3,3014,3780,3780,8N87957,13,Southern 3,0.0052626053434705455,197,0.5018705090885726,50
0,Nesøy,3,3014,3021,3021,8N73093,5,Hestmannøy,0.005260566523656596,198,0.5018705090885726,50
0,Nesøy,3,3014,2285,2285,8N14668,13,Southern 3,0.0052587763680262386,199,0.5018705090885726,50
0,Nesøy,3,3014,3633,3633,8N87806,14,Southern 4,0.005232119713699713,200,0.5018705090885726,50
0,Nesøy,3,3014,2694,2694,8N42154,9,Sleneset,0.005227505635393325,201,0.5018705090885726,50
0,Nesøy,3,3014,277,277,8L52202,5,Hestmannøy,0.0052187457286302094,202,0.5018705090885726,50
0,Nesøy,3,3014,5160,5160,8934274,7,Onøy og Lurøy,0.005214947728776478,203,0.5018705090885726,50
0,Nesøy,3,3014,2317,2317,8N14803,9,Sleneset,0.005192611898307878,204,0.5018705090885726,50
0,Nesøy,3,3014,797,797,8M31706,4,Gjerøy,0.005185447960854903,205,0.5018705090885726,50
0,Nesøy,3,3014,1586,1586,8N05831,4,Gjerøy,0.005138590092801674,206,0.5018705090885726,50
0,Nesøy,3,3014,93,93,8L30298,5,Hestmannøy,0.005138283407926008,207,0.5018705090885726,50
0,Nesøy,3,3014,3464,3464,8N87226,3,Selvær,0.005131743577405805,208,0.5018705090885726,50
0,Nesøy,3,3014,299,299,8L52305,5,Hestmannøy,0.005095449953002968,209,0.5018705090885726,50
0,Nesøy,3,3014,4826,4826,8800171,10,Aldra,0.00509539778930963,210,0.5018705090885726,50
0,Nesøy,3,3014,3405,3405,8N73971,12,Southern 2,0.005085815160607655,211,0.5018705090885726,50
0,Nesøy,3,3014,4691,4691,8747623,5,Hestmannøy,0.005081603310948508,212,0.5018705090885726,50
0,Nesøy,3,3014,5255,5255,8939095,10,Aldra,0.005080954377549571,213,0.5018705090885726,50
0,Nesøy,3,3014,3513,3513,8N87526,11,Southern 1,0.005049895759834098,214,0.5018705090885726,50
0,Nesøy,3,3014,1268,1268,8N05144,12,Southern 2,0.005039643730410952,215,0.5018705090885726,50
0,Nesøy,3,3014,4165,4165,8118425,6,Indre Kvarøy,0.0050106638599174014,216,0.5018705090885726,50
0,Nesøy,3,3014,157,157,8L30780,4,Gjerøy,0.005004969855534745,217,0.5018705090885726,50
0,Nesøy,3,3014,2113,2113,8N14293,15,Southern 5,0.0049818825078979485,218,0.5018705090885726,50
0,Nesøy,3,3014,1439,1439,8N05442,6,Indre Kvarøy,0.00498014212357059,219,0.5018705090885726,50
0,Nesøy,3,3014,5203,5203,8934472,3,Selvær,0.004962399855204022,220,0.5018705090885726,50
0,Nesøy,3,3014,912,912,8M71220,6,Indre Kvarøy,0.00492068777369497,221,0.5018705090885726,50
0,Nesøy,3,3014,2044,2044,8N13981,5,Hestmannøy,0.004909467787705464,222,0.5018705090885726,50
0,Nesøy,3,3014,167,167,8L30832,3,Selvær,0.004901373634442342,223,0.5018705090885726,50
0,Nesøy,3,3014,3148,3148,8N73458,11,Southern 1,0.004878487166727098,224,0.5018705090885726,50
0,Nesøy,3,3014,1558,1558,8N05706,4,Gjerøy,0.0048743727142768895,225,0.5018705090885726,50
0,Nesøy,3,3014,3817,3817,8P11051,9,Sleneset,0.004872707074056874,226,0.5018705090885726,50
0,Nesøy,3,3014,1865,1865,8N13132,14,Southern 4,0.004863504194171631,227,0.5018705090885726,50
0,Nesøy,3,3014,4745,4745,8747868,7,Onøy og Lurøy,0.004861757675624012,228,0.5018705090885726,50
0,Nesøy,3,3014,1291,1291,8N05167,12,Southern 2,0.0048601046041665645,229,0.5018705090885726,50
0,Nesøy,3,3014,1358,1358,8N05235,12,Southern 2,0.004858780406824439,230,0.5018705090885726,50
0,Nesøy,3,3014,3893,3893,8P11576,5,Hestmannøy,0.004855819486660417,231,0.5018705090885726,50
0,Nesøy,3,3014,1188,1188,8M72908,5,Hestmannøy,0.0048536085057103604,232,0.5018705090885726,50
0,Nesøy,3,3014,3353,3353,8N73919,11,Southern 1,0.00482905743919913,233,0.5018705090885726,50
0,Nesøy,3,3014,460,460,8L64202,4,Gjerøy,0.004792711372731761,234,0.5018705090885726,50
0,Nesøy,3,3014,1111,1111,8M72568,11,Southern 1,0.0047662660034136165,235,0.5018705090885726,50
0,Nesøy,3,3014,1876,1876,8N13360,1,Myken,0.004708090159881618,236,0.5018705090885726,50
0,Nesøy,3,3014,2558,2558,8N28223,9,Sleneset,0.004704453851832678,237,0.5018705090885726,50
0,Nesøy,3,3014,2974,2974,8N72935,13,Southern 3,0.0047006906583116695,238,0.5018705090885726,50
0,Nesøy,3,3014,4531,4531,8732300,8,Lovund,0.004679163878038939,239,0.5018705090885726,50
0,Nesøy,3,3014,5344,5344,8939746,5,Hestmannøy,0.004665300197859616,240,0.5018705090885726,50
0,Nesøy,3,3014,4340,4340,8681029,5,Hestmannøy,0.004651534645935485,241,0.5018705090885726,50
0,Nesøy,3,3014,4716,4716,8747736,7,Onøy og Lurøy,0.00463557040428709,242,0.5018705090885726,50
0,Nesøy,3,3014,3586,3586,8N87603,15,Southern 5,0.004626866919812933,243,0.5018705090885726,50
0,Nesøy,3,3014,5064,5064,8887373,4,Gjerøy,0.004623758918288743,244,0.5018705090885726,50
0,Nesøy,3,3014,4802,4802,8800063,4,Gjerøy,0.004617210037322945,245,0.5018705090885726,50
0,Nesøy,3,3014,5106,5106,8917830,2,Træna,0.004606058242556863,246,0.5018705090885726,50
0,Nesøy,3,3014,5489,5489,8981276,5,Hestmannøy,0.0045980667351777455,247,0.5018705090885726,50
0,Nesøy,3,3014,1755,1755,8N06786,5,Hestmannøy,0.00458752268164687,248,0.5018705090885726,50
0,Nesøy,3,3014,4813,4813,8800102,10,Aldra,0.0045781549178590605,249,0.5018705090885726,50
0,Nesøy,3,3014,375,375,8L52592,7,Onøy og Lurøy,0.004577811036529861,250,0.5018705090885726,50
0,Nesøy,3,3014,5266,5266,8939151,4,Gjerøy,0.004570372726728183,251,0.5018705090885726,50
0,Nesøy,3,3014,3670,3670,8N87844,14,Southern 4,0.00456294498045467,252,0.5018705090885726,50
0,Nesøy,3,3014,5409,5409,8943485,5,Hestmannøy,0.004535378059234676,253,0.5018705090885726,50
0,Nesøy,3,3014,909,909,8M71208,5,Hestmannøy,0.00452533826773273,254,0.5018705090885726,50
0,Nesøy,3,3014,5479,5479,8981253,5,Hestmannøy,0.004525229017120768,255,0.5018705090885726,50
0,Nesøy,3,3014,2024,2024,8N13931,5,Hestmannøy,0.0045179693518434955,256,0.5018705090885726,50
0,Nesøy,3,3014,4426,4426,8681454,5,Hestmannøy,0.004512873361120479,257,0.5018705090885726,50
0,Nesøy,3,3014,296,296,8L52249,2,Træna,0.0044846096505798535,258,0.5018705090885726,50
0,Nesøy,3,3014,2957,2957,8N72917,13,Southern 3,0.004431745574324166,259,0.5018705090885726,50
0,Nesøy,3,3014,4722,4722,8747742,9,Sleneset,0.004418971828045142,260,0.5018705090885726,50
0,Nesøy,3,3014,1575,1575,8N05750,4,Gjerøy,0.0044088086901364855,261,0.5018705090885726,50
0,Nesøy,3,3014,4071,4071,8P14936,14,Southern 4,0.004406047341038195,262,0.5018705090885726,50
0,Nesøy,3,3014,447,447,8L64134,5,Hestmannøy,0.0043861013118384395,263,0.5018705090885726,50
0,Nesøy,3,3014,772,772,8M31544,6,Indre Kvarøy,0.004376802681031919,264,0.5018705090885726,50
0,Nesøy,3,3014,2535,2535,8N28005,2,Træna,0.004369346370235605,265,0.5018705090885726,50
0,Nesøy,3,3014,541,541,8L89230,6,Indre Kvarøy,0.004358730783052636,266,0.5018705090885726,50
0,Nesøy,3,3014,1378,1378,8N05256,13,Southern 3,0.004352800744696093,267,0.5018705090885726,50
0,Nesøy,3,3014,1484,1484,8N05619,14,Southern 4,0.004318534155872281,268,0.5018705090885726,50
0,Nesøy,3,3014,4351,4351,8681053,4,Gjerøy,0.004307515436783606,269,0.5018705090885726,50
0,Nesøy,3,3014,4909,4909,8816408,5,Hestmannøy,0.00428001544101352,270,0.5018705090885726,50
0,Nesøy,3,3014,2073,2073,8N14057,6,Indre Kvarøy,0.004261404175266572,271,0.5018705090885726,50
0,Nesøy,3,3014,5325,5325,8939582,10,Aldra,0.004259554942122602,272,0.5018705090885726,50
0,Nesøy,3,3014,4316,4316,8651899,5,Hestmannøy,0.004251651028208373,273,0.5018705090885726,50
0,Nesøy,3,3014,1076,1076,8M72309,8,Lovund,0.004250461036180061,274,0.5018705090885726,50
0,Nesøy,3,3014,4787,4787,8800022,5,Hestmannøy,0.004233010590315663,275,0.5018705090885726,50
0,Nesøy,3,3014,4533,4533,8732503,8,Lovund,0.00420858033298716,276,0.5018705090885726,50
0,Nesøy,3,3014,632,632,8L89641,4,Gjerøy,0.004194194348083324,277,0.5018705090885726,50
0,Nesøy,3,3014,3848,3848,8P11529,15,Southern 5,0.004188272371280671,278,0.5018705090885726,50
0,Nesøy,3,3014,4660,4660,8747518,5,Hestmannøy,0.004182319088315912,279,0.5018705090885726,50
0,Nesøy,3,3014,3945,3945,8P14075,5,Hestmannøy,0.004174534843390373,280,0.5018705090885726,50
0,Nesøy,3,3014,2023,2023,8N13930,5,Hestmannøy,0.004174052521620045,281,0.5018705090885726,50
0,Nesøy,3,3014,749,749,8M31420,10,Aldra,0.004170957910815657,282,0.5018705090885726,50
0,Nesøy,3,3014,1393,1393,8N05271,13,Southern 3,0.00416959476456268,283,0.5018705090885726,50
0,Nesøy,3,3014,3242,3242,8N73623,13,Southern 3,0.004148059575569628,284,0.5018705090885726,50
0,Nesøy,3,3014,5576,5576,8981972,2,Træna,0.004145559787331924,285,0.5018705090885726,50
0,Nesøy,3,3014,1475,1475,8N05610,14,Southern 4,0.004131614303304436,286,0.5018705090885726,50
0,Nesøy,3,3014,2279,2279,8N14662,13,Southern 3,0.004118105140639464,287,0.5018705090885726,50
0,Nesøy,3,3014,22,22,8L19729,4,Gjerøy,0.0041052515182774365,288,0.5018705090885726,50
0,Nesøy,3,3014,3803,3803,8N87980,13,Southern 3,0.00410203832355014,289,0.5018705090885726,50
0,Nesøy,3,3014,561,561,8L89324,5,Hestmannøy,0.004084457663224234,290,0.5018705090885726,50
0,Nesøy,3,3014,3809,3809,8N87986,13,Southern 3,0.004068103834731174,291,0.5018705090885726,50
0,Nesøy,3,3014,5119,5119,8917954,2,Træna,0.004053037219141206,292,0.5018705090885726,50
0,Nesøy,3,3014,785,785,8M31602,5,Hestmannøy,0.004051859955529539,293,0.5018705090885726,50
0,Nesøy,3,3014,945,945,8M71310,5,Hestmannøy,0.004035069633934911,294,0.5018705090885726,50
0,Nesøy,3,3014,4891,4891,8800570,5,Hestmannøy,0.00401902245101483,295,0.5018705090885726,50
0,Nesøy,3,3014,1792,1792,8N06853,11,Southern 1,0.004014617706806967,296,0.5018705090885726,50
0,Nesøy,3,3014,5187,5187,8934380,4,Gjerøy,0.004001874639430859,297,0.5018705090885726,50
0,Nesøy,3,3014,5253,5253,8939086,5,Hestmannøy,0.003997289224364188,298,0.5018705090885726,50
0,Nesøy,3,3014,4924,4924,8816918,5,Hestmannøy,0.003966352379331641,299,0.5018705090885726,50
0,Nesøy,3,3014,702,702,8M31210,11,Southern 1,0.003952598876698279,300,0.5018705090885726,50
0,Nesøy,3,3014,2084,2084,8N14143,6,Indre Kvarøy,0.003945971960219694,301,0.5018705090885726,50
0,Nesøy,3,3014,2341,2341,8N14955,5,Hestmannøy,0.003935211673206495,302,0.5018705090885726,50
0,Nesøy,3,3014,249,249,8L48746,11,Southern 1,0.003908383829829335,303,0.5018705090885726,50
0,Nesøy,3,3014,4769,4769,8794306,4,Gjerøy,0.0038984024103451576,304,0.5018705090885726,50
0,Nesøy,3,3014,3775,3775,8N87952,13,Southern 3,0.003897869788141608,305,0.5018705090885726,50
0,Nesøy,3,3014,4253,4253,8573521,2,Træna,0.0038922207484000325,306,0.5018705090885726,50
0,Nesøy,3,3014,5025,5025,8887232,5,Hestmannøy,0.0038884639668241676,307,0.5018705090885726,50
0,Nesøy,3,3014,3971,3971,8P14312,14,Southern 4,0.003880204402467746,308,0.5018705090885726,50
0,Nesøy,3,3014,4666,4666,8747534,5,Hestmannøy,0.0038792394828015375,309,0.5018705090885726,50
0,Nesøy,3,3014,1029,1029,8M71705,8,Lovund,0.0038782929819901712,310,0.5018705090885726,50
0,Nesøy,3,3014,762,762,8M31507,4,Gjerøy,0.0038679731729668564,311,0.5018705090885726,50
0,Nesøy,3,3014,3446,3446,8N87067,5,Hestmannøy,0.0038646435387575686,312,0.5018705090885726,50
0,Nesøy,3,3014,1627,1627,8N05916,9,Sleneset,0.0038629013356090303,313,0.5018705090885726,50
0,Nesøy,3,3014,2179,2179,8N14559,11,Southern 1,0.0038554327695607088,314,0.5018705090885726,50
0,Nesøy,3,3014,387,387,8L52695,9,Sleneset,0.003848278266981233,315,0.5018705090885726,50
0,Nesøy,3,3014,1640,1640,8N05695,15,Southern 5,0.003848203741910342,316,0.5018705090885726,50
0,Nesøy,3,3014,3229,3229,8N73610,14,Southern 4,0.0038443322353620677,317,0.5018705090885726,50
0,Nesøy,3,3014,972,972,8M71372,12,Southern 2,0.0038383647860438385,318,0.5018705090885726,50
0,Nesøy,3,3014,5400,5400,8943345,11,Southern 1,0.0038337098358825904,319,0.5018705090885726,50
0,Nesøy,3,3014,4801,4801,8800060,4,Gjerøy,0.003827042899202261,320,0.5018705090885726,50
0,Nesøy,3,3014,5215,5215,8934531,1,Myken,0.003825814894238157,321,0.5018705090885726,50
0,Nesøy,3,3014,841,841,8M31873,5,Hestmannøy,0.003817333610970496,322,0.5018705090885726,50
0,Nesøy,3,3014,2313,2313,8N14758,2,Træna,0.003804296065673565,323,0.5018705090885726,50
0,Nesøy,3,3014,4605,4605,8747118,5,Hestmannøy,0.0037973800634023523,324,0.5018705090885726,50
0,Nesøy,3,3014,1420,1420,8N05299,13,Southern 3,0.003796089118373581,325,0.5018705090885726,50
0,Nesøy,3,3014,4022,4022,8P14815,14,Southern 4,0.0037896411560259563,326,0.5018705090885726,50
0,Nesøy,3,3014,1006,1006,8M71502,4,Gjerøy,0.0037821933810078725,327,0.5018705090885726,50
0,Nesøy,3,3014,1612,1612,8N05881,11,Southern 1,0.0037691202927586753,328,0.5018705090885726,50
0,Nesøy,3,3014,3878,3878,8P11560,14,Southern 4,0.0037657714931679503,329,0.5018705090885726,50
0,Nesøy,3,3014,3946,3946,8P14081,6,Indre Kvarøy,0.003759116649076229,330,0.5018705090885726,50
0,Nesøy,3,3014,4117,4117,8P14990,14,Southern 4,0.003753150691734238,331,0.5018705090885726,50
0,Nesøy,3,3014,4558,4558,8732626,9,Sleneset,0.003740331114801918,332,0.5018705090885726,50
0,Nesøy,3,3014,5519,5519,8981604,10,Aldra,0.0037294357614608958,333,0.5018705090885726,50
0,Nesøy,3,3014,2517,2517,8N27917,5,Hestmannøy,0.003726472858063,334,0.5018705090885726,50
0,Nesøy,3,3014,828,828,8M31820,12,Southern 2,0.003722672312447492,335,0.5018705090885726,50
0,Nesøy,3,3014,1831,1831,8N06895,14,Southern 4,0.0037223179322060274,336,0.5018705090885726,50
0,Nesøy,3,3014,36,36,8L19917,5,Hestmannøy,0.0037175439091942804,337,0.5018705090885726,50
0,Nesøy,3,3014,3877,3877,8P11559,14,Southern 4,0.0037172507002786763,338,0.5018705090885726,50
0,Nesøy,3,3014,2893,2893,8N72668,4,Gjerøy,0.003706393680771222,339,0.5018705090885726,50
0,Nesøy,3,3014,3356,3356,8N73922,11,Southern 1,0.0036958648461428868,340,0.5018705090885726,50
0,Nesøy,3,3014,4015,4015,8P14762,4,Gjerøy,0.0036925928414263624,341,0.5018705090885726,50
0,Nesøy,3,3014,2212,2212,8N14593,11,Southern 1,0.0036875713638221484,342,0.5018705090885726,50
0,Nesøy,3,3014,2672,2672,8N28914,2,Træna,0.0036872899394151813,343,0.5018705090885726,50
0,Nesøy,3,3014,941,941,8M71304,6,Indre Kvarøy,0.0036783654660440144,344,0.5018705090885726,50
0,Nesøy,3,3014,1685,1685,8N06482,12,Southern 2,0.0036678587055629557,345,0.5018705090885726,50
0,Nesøy,3,3014,5570,5570,8981945,2,Træna,0.0036677230866131007,346,0.5018705090885726,50
0,Nesøy,3,3014,428,428,8L57927,3,Selvær,0.003658679105542034,347,0.5018705090885726,50
0,Nesøy,3,3014,2820,2820,8N42992,14,Southern 4,0.0036524371074969694,348,0.5018705090885726,50
0,Nesøy,3,3014,756,756,8M31476,5,Hestmannøy,0.0036513656833176405,349,0.5018705090885726,50
0,Nesøy,3,3014,3386,3386,8N73952,12,Southern 2,0.003645470325067848,350,0.5018705090885726,50
0,Nesøy,3,3014,2761,2761,8N42645,7,Onøy og Lurøy,0.003644864754029217,351,0.5018705090885726,50
0,Nesøy,3,3014,5086,5086,8887477,4,Gjerøy,0.003636385483595317,352,0.5018705090885726,50
0,Nesøy,3,3014,4824,4824,8800168,10,Aldra,0.0036317012343688726,353,0.5018705090885726,50
0,Nesøy,3,3014,5144,5144,8934163,12,Southern 2,0.0036280005239235713,354,0.5018705090885726,50
0,Nesøy,3,3014,5487,5487,8981273,5,Hestmannøy,0.0036143551839600873,355,0.5018705090885726,50
0,Nesøy,3,3014,716,716,8M31278,4,Gjerøy,0.003609496373909359,356,0.5018705090885726,50
0,Nesøy,3,3014,4572,4572,8732660,5,Hestmannøy,0.003603959350628482,357,0.5018705090885726,50
0,Nesøy,3,3014,5117,5117,8917946,8,Lovund,0.003598854515017078,358,0.5018705090885726,50
0,Nesøy,3,3014,3072,3072,8N73234,12,Southern 2,0.003590472829074906,359,0.5018705090885726,50
0,Nesøy,3,3014,545,545,8L89256,4,Gjerøy,0.003587833591293666,360,0.5018705090885726,50
0,Nesøy,3,3014,4156,4156,8P26702,7,Onøy og Lurøy,0.003585289982482952,361,0.5018705090885726,50
0,Nesøy,3,3014,2514,2514,8N27907,6,Indre Kvarøy,0.003585118138985686,362,0.5018705090885726,50
0,Nesøy,3,3014,2843,2843,8N72330,4,Gjerøy,0.003578512024990306,363,0.5018705090885726,50
0,Nesøy,3,3014,2932,2932,8N72738,4,Gjerøy,0.0035751038723282717,364,0.5018705090885726,50
0,Nesøy,3,3014,2030,2030,8N13949,4,Gjerøy,0.003574743668637996,365,0.5018705090885726,50
0,Nesøy,3,3014,5298,5298,8939375,7,Onøy og Lurøy,0.003557897007665737,366,0.5018705090885726,50
0,Nesøy,3,3014,2383,2383,8N27078,14,Southern 4,0.003548910092519197,367,0.5018705090885726,50
0,Nesøy,3,3014,549,549,8L89268,5,Hestmannøy,0.003546767266404224,368,0.5018705090885726,50
0,Nesøy,3,3014,5286,5286,8939353,5,Hestmannøy,0.003535068721409138,369,0.5018705090885726,50
0,Nesøy,3,3014,3683,3683,8N87858,14,Southern 4,0.003513883294684861,370,0.5018705090885726,50
0,Nesøy,3,3014,5219,5219,8934577,8,Lovund,0.0035117060805766502,371,0.5018705090885726,50
0,Nesøy,3,3014,1924,1924,8N13623,14,Southern 4,0.0035087066010061284,372,0.5018705090885726,50
0,Nesøy,3,3014,2093,2093,8N14176,6,Indre Kvarøy,0.0034936637728831365,373,0.5018705090885726,50
0,Nesøy,3,3014,4400,4400,8681290,7,Onøy og Lurøy,0.003471315061313493,374,0.5018705090885726,50
0,Nesøy,3,3014,70,70,8L26579,5,Hestmannøy,0.003469697256972798,375,0.5018705090885726,50
0,Nesøy,3,3014,1565,1565,8N05713,6,Indre Kvarøy,0.0034538892437995694,376,0.5018705090885726,50
0,Nesøy,3,3014,4846,4846,8800353,5,Hestmannøy,0.0034525265329552256,377,0.5018705090885726,50
0,Nesøy,3,3014,3432,3432,8N73998,14,Southern 4,0.003439458194900566,378,0.5018705090885726,50
0,Nesøy,3,3014,2975,2975,8N72936,13,Southern 3,0.0034367038913097675,379,0.5018705090885726,50
0,Nesøy,3,3014,4629,4629,8747273,2,Træna,0.003435439138758224,380,0.5018705090885726,50
0,Nesøy,3,3014,860,860,8M31941,5,Hestmannøy,0.0034260077151961315,381,0.5018705090885726,50
0,Nesøy,3,3014,5517,5517,8981582,2,Træna,0.003416618653764519,382,0.5018705090885726,50
0,Nesøy,3,3014,1911,1911,8N13613,14,Southern 4,0.0034129689348182434,383,0.5018705090885726,50
0,Nesøy,3,3014,2853,2853,8N72369,4,Gjerøy,0.00340826490881718,384,0.5018705090885726,50
0,Nesøy,3,3014,4327,4327,8651998,5,Hestmannøy,0.0034068491166459967,385,0.5018705090885726,50
0,Nesøy,3,3014,695,695,8M31164,2,Træna,0.003392456133721368,386,0.5018705090885726,50
0,Nesøy,3,3014,2614,2614,8N28693,5,Hestmannøy,0.003392293848925198,387,0.5018705090885726,50
0,Nesøy,3,3014,2872,2872,8N72512,4,Gjerøy,0.0033907167383793314,388,0.5018705090885726,50
0,Nesøy,3,3014,4469,4469,8730509,5,Hestmannøy,0.003383095539130453,389,0.5018705090885726,50
0,Nesøy,3,3014,1839,1839,8N06920,5,Hestmannøy,0.0033824587167193606,390,0.5018705090885726,50
0,Nesøy,3,3014,5396,5396,8943164,3,Selvær,0.003381337235018575,391,0.5018705090885726,50
0,Nesøy,3,3014,3182,3182,8N73493,12,Southern 2,0.0033664518590555774,392,0.5018705090885726,50
0,Nesøy,3,3014,1597,1597,8N05864,11,Southern 1,0.003365527370700443,393,0.5018705090885726,50
0,Nesøy,3,3014,133,133,8L30712,12,Southern 2,0.003356894486722275,394,0.5018705090885726,50
0,Nesøy,3,3014,1555,1555,8N05703,5,Hestmannøy,0.0033564715120708044,395,0.5018705090885726,50
0,Nesøy,3,3014,5146,5146,8934217,4,Gjerøy,0.003354288586766111,396,0.5018705090885726,50
0,Nesøy,3,3014,1423,1423,8N05302,13,Southern 3,0.0033444959179373445,397,0.5018705090885726,50
0,Nesøy,3,3014,3770,3770,8N87947,13,Southern 3,0.0033441878615796915,398,0.5018705090885726,50
0,Nesøy,3,3014,1805,1805,8N06866,11,Southern 1,0.0033440577848980603,399,0.5018705090885726,50
0,Nesøy,3,3014,1941,1941,8N13642,14,Southern 4,0.0033391883083199463,400,0.5018705090885726,50
0,Nesøy,3,3014,2712,2712,8N42286,5,Hestmannøy,0.003334807153352928,401,0.5018705090885726,50
0,Nesøy,3,3014,3879,3879,8P11561,14,Southern 4,0.003329049320021932,402,0.5018705090885726,50
0,Nesøy,3,3014,441,441,8L64060,14,Southern 4,0.0033234070497385228,403,0.5018705090885726,50
0,Nesøy,3,3014,1476,1476,8N05611,14,Southern 4,0.0033205613777311117,404,0.5018705090885726,50
0,Nesøy,3,3014,783,783,8M31583,5,Hestmannøy,0.0033199138336176114,405,0.5018705090885726,50
0,Nesøy,3,3014,4786,4786,8800021,5,Hestmannøy,0.0033198407028359094,406,0.5018705090885726,50
0,Nesøy,3,3014,272,272,8L49938,5,Hestmannøy,0.0033185976556227765,407,0.5018705090885726,50
0,Nesøy,3,3014,4820,4820,8800160,9,Sleneset,0.00331289801017777,408,0.5018705090885726,50
0,Nesøy,3,3014,2687,2687,8N42114,8,Lovund,0.0033105645693182572,409,0.5018705090885726,50
0,Nesøy,3,3014,1233,1233,8N05109,12,Southern 2,0.0032918691017753484,410,0.5018705090885726,50
0,Nesøy,3,3014,1280,1280,8N05157,12,Southern 2,0.003289527681699668,411,0.5018705090885726,50
0,Nesøy,3,3014,1294,1294,8N05170,12,Southern 2,0.0032886678085633963,412,0.5018705090885726,50
0,Nesøy,3,3014,3108,3108,8N73357,15,Southern 5,0.0032780466864661285,413,0.5018705090885726,50
0,Nesøy,3,3014,3874,3874,8P11556,14,Southern 4,0.0032607232192596873,414,0.5018705090885726,50
0,Nesøy,3,3014,4160,4160,8P26746,7,Onøy og Lurøy,0.003258774674595732,415,0.5018705090885726,50
0,Nesøy,3,3014,657,657,8L89728,4,Gjerøy,0.0032581534152257836,416,0.5018705090885726,50
0,Nesøy,3,3014,5430,5430,8943805,1,Myken,0.0032556167469105874,417,0.5018705090885726,50
0,Nesøy,3,3014,3779,3779,8N87956,13,Southern 3,0.0032405049862752333,418,0.5018705090885726,50
0,Nesøy,3,3014,4079,4079,8P14957,14,Southern 4,0.0032402377638724913,419,0.5018705090885726,50
0,Nesøy,3,3014,5449,5449,8981031,4,Gjerøy,0.0032389582291900624,420,0.5018705090885726,50
0,Nesøy,3,3014,3202,3202,8N73514,7,Onøy og Lurøy,0.003231508777042572,421,0.5018705090885726,50
0,Nesøy,3,3014,2703,2703,8N42259,5,Hestmannøy,0.00322935442876986,422,0.5018705090885726,50
0,Nesøy,3,3014,5323,5323,8939574,6,Indre Kvarøy,0.0032290216345159644,423,0.5018705090885726,50
0,Nesøy,3,3014,1246,1246,8N05122,12,Southern 2,0.0032251124726125637,424,0.5018705090885726,50
0,Nesøy,3,3014,1609,1609,8N05878,11,Southern 1,0.0032224422044504967,425,0.5018705090885726,50
0,Nesøy,3,3014,5368,5368,8939916,11,Southern 1,0.003219626772683326,426,0.5018705090885726,50
0,Nesøy,3,3014,1548,1548,8N05690,15,Southern 5,0.0032143346855717614,427,0.5018705090885726,50
0,Nesøy,3,3014,5097,5097,8904640,7,Onøy og Lurøy,0.00321264980308512,428,0.5018705090885726,50
0,Nesøy,3,3014,1625,1625,8N05898,11,Southern 1,0.0032065909725522168,429,0.5018705090885726,50
0,Nesøy,3,3014,4296,4296,8651754,5,Hestmannøy,0.003201097159372488,430,0.5018705090885726,50
0,Nesøy,3,3014,4729,4729,8747760,5,Hestmannøy,0.0031962436445294074,431,0.5018705090885726,50
0,Nesøy,3,3014,137,137,8L30752,11,Southern 1,0.0031953991049011145,432,0.5018705090885726,50
0,Nesøy,3,3014,3489,3489,8N87351,5,Hestmannøy,0.003195275189236917,433,0.5018705090885726,50
0,Nesøy,3,3014,5429,5429,8800422,10,Aldra,0.0031827678068387087,434,0.5018705090885726,50
0,Nesøy,3,3014,197,197,8L48415,7,Onøy og Lurøy,0.003180312073147298,435,0.5018705090885726,50
0,Nesøy,3,3014,2433,2433,8N27299,5,Hestmannøy,0.0031761414954779204,436,0.5018705090885726,50
0,Nesøy,3,3014,4356,4356,8681059,6,Indre Kvarøy,0.0031654151425670306,437,0.5018705090885726,50
0,Nesøy,3,3014,3330,3330,8N73821,5,Hestmannøy,0.0031624919468108965,438,0.5018705090885726,50
0,Nesøy,3,3014,3311,3311,8N73693,13,Southern 3,0.003159996292931475,439,0.5018705090885726,50
0,Nesøy,3,3014,4652,4652,8747424,5,Hestmannøy,0.0031595912645194157,440,0.5018705090885726,50
0,Nesøy,3,3014,333,333,8L52375,11,Southern 1,0.003146384441891094,441,0.5018705090885726,50
0,Nesøy,3,3014,943,943,8M71306,6,Indre Kvarøy,0.0031343859522426497,442,0.5018705090885726,50
0,Nesøy,3,3014,1422,1422,8N05301,13,Southern 3,0.0031330591419757,443,0.5018705090885726,50
0,Nesøy,3,3014,107,107,8L30446,4,Gjerøy,0.0031317872188791956,444,0.5018705090885726,50
0,Nesøy,3,3014,4756,4756,8747936,4,Gjerøy,0.0031147636721035933,445,0.5018705090885726,50
0,Nesøy,3,3014,2295,2295,8N14678,13,Southern 3,0.0031145857882474448,446,0.5018705090885726,50
0,Nesøy,3,3014,2442,2442,8N27330,4,Gjerøy,0.0031145457688753642,447,0.5018705090885726,50
0,Nesøy,3,3014,4659,4659,8747517,5,Hestmannøy,0.0031131500039347005,448,0.5018705090885726,50
0,Nesøy,3,3014,5176,5176,8934343,10,Aldra,0.003111943290817284,449,0.5018705090885726,50
0,Nesøy,3,3014,4705,4705,8747713,7,Onøy og Lurøy,0.003110535840588886,450,0.5018705090885726,50
0,Nesøy,3,3014,993,993,8L57975,13,Southern 3,0.003096754956487908,451,0.5018705090885726,50
0,Nesøy,3,3014,3748,3748,8N87925,13,Southern 3,0.0030904154647355513,452,0.5018705090885726,50
0,Nesøy,3,3014,3135,3135,8N73445,11,Southern 1,0.0030765154173565657,453,0.5018705090885726,50
0,Nesøy,3,3014,191,191,8L48319,4,Gjerøy,0.003069064272915487,454,0.5018705090885726,50
0,Nesøy,3,3014,5402,5402,8943429,2,Træna,0.0030607606039276497,455,0.5018705090885726,50
0,Nesøy,3,3014,2008,2008,8N13854,15,Southern 5,0.0030585326336041857,456,0.5018705090885726,50
0,Nesøy,3,3014,2496,2496,8N27864,6,Indre Kvarøy,0.0030510032552222605,457,0.5018705090885726,50
0,Nesøy,3,3014,4124,4124,8P26195,5,Hestmannøy,0.003050777008184067,458,0.5018705090885726,50
0,Nesøy,3,3014,1790,1790,8N06851,11,Southern 1,0.0030433234197344006,459,0.5018705090885726,50
0,Nesøy,3,3014,2500,2500,8N27874,4,Gjerøy,0.0030426871622585196,460,0.5018705090885726,50
0,Nesøy,3,3014,5192,5192,8934404,8,Lovund,0.003032191092185008,461,0.5018705090885726,50
0,Nesøy,3,3014,2628,2628,8N28771,5,Hestmannøy,0.0030311438760863107,462,0.5018705090885726,50
0,Nesøy,3,3014,4061,4061,8P14872,14,Southern 4,0.003030716587507666,463,0.5018705090885726,50
0,Nesøy,3,3014,4963,4963,8857246,5,Hestmannøy,0.0030242251711659635,464,0.5018705090885726,50
0,Nesøy,3,3014,588,588,8L89412,5,Hestmannøy,0.0030215143166405223,465,0.5018705090885726,50
0,Nesøy,3,3014,466,466,8L64256,3,Selvær,0.003018759773685663,466,0.5018705090885726,50
0,Nesøy,3,3014,2797,2797,8N42786,5,Hestmannøy,0.0030166658975982774,467,0.5018705090885726,50
0,Nesøy,3,3014,4845,4845,8800352,5,Hestmannøy,0.003014623277027553,468,0.5018705090885726,50
0,Nesøy,3,3014,288,288,8L52223,8,Lovund,0.0030121562287873885,469,0.5018705090885726,50
0,Nesøy,3,3014,3811,3811,8N87988,13,Southern 3,0.0030115147904322148,470,0.5018705090885726,50
0,Nesøy,3,3014,737,737,8M31337,5,Hestmannøy,0.0030109153415569696,471,0.5018705090885726,50
0,Nesøy,3,3014,1302,1302,8N05178,13,Southern 3,0.0030106403787405955,472,0.5018705090885726,50
0,Nesøy,3,3014,4867,4867,8800441,4,Gjerøy,0.0030005571497489342,473,0.5018705090885726,50
0,Nesøy,3,3014,312,312,8L52335,12,Southern 2,0.0029967778880643416,474,0.5018705090885726,50
0,Nesøy,3,3014,502,502,8L64813,2,Træna,0.0029941995124108385,475,0.5018705090885726,50
0,Nesøy,3,3014,1858,1858,8N13098,14,Southern 4,0.0029913378527244806,476,0.5018705090885726,50
0,Nesøy,3,3014,4254,4254,8573572,4,Gjerøy,0.0029751335311231693,477,0.5018705090885726,50
0,Nesøy,3,3014,4952,4952,8857208,4,Gjerøy,0.0029672733002347436,478,0.5018705090885726,50
0,Nesøy,3,3014,4831,4831,8800181,6,Indre Kvarøy,0.0029620110228925256,479,0.5018705090885726,50
0,Nesøy,3,3014,2131,2131,8N14437,5,Hestmannøy,0.002955636121847646,480,0.5018705090885726,50
0,Nesøy,3,3014,5259,5259,8939119,10,Aldra,0.0029547508800442,481,0.5018705090885726,50
0,Nesøy,3,3014,2104,2104,8N14227,5,Hestmannøy,0.002951662300669182,482,0.5018705090885726,50
0,Nesøy,3,3014,214,214,8L48461,10,Aldra,0.0029501842587201766,483,0.5018705090885726,50
0,Nesøy,3,3014,5167,5167,8934301,5,Hestmannøy,0.0029441929963211866,484,0.5018705090885726,50
0,Nesøy,3,3014,3994,3994,8P14620,3,Selvær,0.002929139508642953,485,0.5018705090885726,50
0,Nesøy,3,3014,718,718,8M31282,10,Aldra,0.0029287125072622686,486,0.5018705090885726,50
0,Nesøy,3,3014,5542,5542,8981802,5,Hestmannøy,0.0029260111103455496,487,0.5018705090885726,50
0,Nesøy,3,3014,472,472,8L64280,5,Hestmannøy,0.0029222994704155127,488,0.5018705090885726,50
0,Nesøy,3,3014,1855,1855,8N13086,14,Southern 4,0.0029149856931370128,489,0.5018705090885726,50
0,Nesøy,3,3014,4172,4172,8168602,10,Aldra,0.0029118621920875575,490,0.5018705090885726,50
0,Nesøy,3,3014,3146,3146,8N73456,11,Southern 1,0.0029016298267019107,491,0.5018705090885726,50
0,Nesøy,3,3014,1861,1861,8N13113,14,Southern 4,0.002895891543261515,492,0.5018705090885726,50
0,Nesøy,3,3014,17,17,8L19666,7,Onøy og Lurøy,0.0028948226102572454,493,0.5018705090885726,50
0,Nesøy,3,3014,239,239,8L48661,5,Hestmannøy,0.0028912187381022105,494,0.5018705090885726,50
0,Nesøy,3,3014,328,328,8L52361,11,Southern 1,0.002887560393337182,495,0.5018705090885726,50
0,Nesøy,3,3014,414,414,8L57814,2,Træna,0.0028867453464222655,496,0.5018705090885726,50
0,Nesøy,3,3014,4193,4193,8168661,1,Myken,0.0028865996423644595,497,0.5018705090885726,50
0,Nesøy,3,3014,5115,5115,8917944,8,Lovund,0.00288462430605813,498,0.5018705090885726,50
0,Nesøy,3,3014,2648,2648,8N28799,1,Myken,0.002883654250656065,499,0.5018705090885726,50
0,Nesøy,3,3014,3358,3358,8N73924,11,Southern 1,0.0028827245452447514,500,0.5018705090885726,50
0,Nesøy,3,3014,4281,4281,8651512,3,Selvær,0.0028806828293825417,501,0.5018705090885726,50
0,Nesøy,3,3014,806,806,8M31758,5,Hestmannøy,0.0028690220198584813,502,0.5018705090885726,50
0,Nesøy,3,3014,1479,1479,8N05614,14,Southern 4,0.002862315025230957,503,0.5018705090885726,50
0,Nesøy,3,3014,402,402,8L52965,6,Indre Kvarøy,0.002857477595133476,504,0.5018705090885726,50
0,Nesøy,3,3014,1369,1369,8N05247,13,Southern 3,0.002854414117025792,505,0.5018705090885726,50
0,Nesøy,3,3014,5084,5084,8887472,4,Gjerøy,0.0028543700539699207,506,0.5018705090885726,50
0,Nesøy,3,3014,4557,4557,8732625,9,Sleneset,0.002849837993128657,507,0.5018705090885726,50
0,Nesøy,3,3014,3547,3547,8N87560,11,Southern 1,0.0028437509712106344,508,0.5018705090885726,50
0,Nesøy,3,3014,1048,1048,8M72013,3,Selvær,0.0028412823908951497,509,0.5018705090885726,50
0,Nesøy,3,3014,656,656,8L89725,4,Gjerøy,0.0028408818961856686,510,0.5018705090885726,50
0,Nesøy,3,3014,4280,4280,8651511,3,Selvær,0.0028361434620686886,511,0.5018705090885726,50
0,Nesøy,3,3014,4114,4114,8P14994,14,Southern 4,0.002826517096774045,512,0.5018705090885726,50
0,Nesøy,3,3014,2548,2548,8N28091,2,Træna,0.002822901136779299,513,0.5018705090885726,50
0,Nesøy,3,3014,3091,3091,8N73301,15,Southern 5,0.0028208893003715,514,0.5018705090885726,50
0,Nesøy,3,3014,3763,3763,8N87940,13,Southern 3,0.002820146829439374,515,0.5018705090885726,50
0,Nesøy,3,3014,5234,5234,8934884,2,Træna,0.0028186725355587024,516,0.5018705090885726,50
0,Nesøy,3,3014,5138,5138,8934071,5,Hestmannøy,0.0028152767671806036,517,0.5018705090885726,50
0,Nesøy,3,3014,1237,1237,8N05113,12,Southern 2,0.002811281115282849,518,0.5018705090885726,50
0,Nesøy,3,3014,3638,3638,8N87811,14,Southern 4,0.0028079414929131985,519,0.5018705090885726,50
0,Nesøy,3,3014,1978,1978,8N13680,13,Southern 3,0.0028069994203421926,520,0.5018705090885726,50
0,Nesøy,3,3014,2858,2858,8N72414,8,Lovund,0.0028024442378173915,521,0.5018705090885726,50
0,Nesøy,3,3014,529,529,8L64981,4,Gjerøy,0.00279766139872769,522,0.5018705090885726,50
0,Nesøy,3,3014,4699,4699,8747698,4,Gjerøy,0.0027965717246076576,523,0.5018705090885726,50
0,Nesøy,3,3014,1099,1099,8M72530,11,Southern 1,0.002789031192922438,524,0.5018705090885726,50
0,Nesøy,3,3014,4347,4347,8681041,5,Hestmannøy,0.0027861887143072676,525,0.5018705090885726,50
0,Nesøy,3,3014,3160,3160,8N73470,11,Southern 1,0.0027784318304062364,526,0.5018705090885726,50
0,Nesøy,3,3014,635,635,8L89645,6,Indre Kvarøy,0.002776628060712561,527,0.5018705090885726,50
0,Nesøy,3,3014,4687,4687,8747606,5,Hestmannøy,0.0027693537214829606,528,0.5018705090885726,50
0,Nesøy,3,3014,2878,2878,8N72554,6,Indre Kvarøy,0.0027691338789080757,529,0.5018705090885726,50
0,Nesøy,3,3014,2513,2513,8N27906,6,Indre Kvarøy,0.0027661882711310978,530,0.5018705090885726,50
0,Nesøy,3,3014,4586,4586,8732691,5,Hestmannøy,0.0027568146286025817,531,0.5018705090885726,50
0,Nesøy,3,3014,4870,4870,8800469,5,Hestmannøy,0.0027562391148788423,532,0.5018705090885726,50
0,Nesøy,3,3014,4564,4564,8732648,5,Hestmannøy,0.0027492740428520213,533,0.5018705090885726,50
0,Nesøy,3,3014,1605,1605,8N05874,11,Southern 1,0.0027450237537937224,534,0.5018705090885726,50
0,Nesøy,3,3014,936,936,8M71298,6,Indre Kvarøy,0.0027355759372675367,535,0.5018705090885726,50
0,Nesøy,3,3014,4503,4503,8730973,3,Selvær,0.002728152687815372,536,0.5018705090885726,50
0,Nesøy,3,3014,4269,4269,8598568,4,Gjerøy,0.002725101606723578,537,0.5018705090885726,50
0,Nesøy,3,3014,3925,3925,8P11899,14,Southern 4,0.0027225742457106395,538,0.5018705090885726,50
0,Nesøy,3,3014,477,477,8L64298,9,Sleneset,0.0027149717676207517,539,0.5018705090885726,50
0,Nesøy,3,3014,843,843,8M31875,5,Hestmannøy,0.0027047001331274934,540,0.5018705090885726,50
0,Nesøy,3,3014,3987,3987,8P14472,5,Hestmannøy,0.0027039823979572567,541,0.5018705090885726,50
0,Nesøy,3,3014,1232,1232,8N05108,12,Southern 2,0.002696239543472911,542,0.5018705090885726,50
0,Nesøy,3,3014,1219,1219,8N05030,5,Hestmannøy,0.002694472091317354,543,0.5018705090885726,50
0,Nesøy,3,3014,4680,4680,8747575,9,Sleneset,0.002692668518966909,544,0.5018705090885726,50
0,Nesøy,3,3014,1252,1252,8N05128,14,Southern 4,0.002691962347042048,545,0.5018705090885726,50
0,Nesøy,3,3014,2559,2559,8N28224,8,Lovund,0.0026919545780046796,546,0.5018705090885726,50
0,Nesøy,3,3014,234,234,8L48607,6,Indre Kvarøy,0.002688562573745553,547,0.5018705090885726,50
0,Nesøy,3,3014,1032,1032,8M71765,3,Selvær,0.0026825513550433476,548,0.5018705090885726,50
0,Nesøy,3,3014,4921,4921,8816496,1,Myken,0.00268189815462282,549,0.5018705090885726,50
0,Nesøy,3,3014,3320,3320,8N73724,14,Southern 4,0.002665952940050351,550,0.5018705090885726,50
0,Nesøy,3,3014,5492,5492,8981279,5,Hestmannøy,0.002661988817163151,551,0.5018705090885726,50
0,Nesøy,3,3014,2362,2362,8N14992,4,Gjerøy,0.0026528093943399005,552,0.5018705090885726,50
0,Nesøy,3,3014,3151,3151,8N73461,11,Southern 1,0.0026521414219796828,553,0.5018705090885726,50
0,Nesøy,3,3014,2336,2336,8N14939,4,Gjerøy,0.0026487435592634865,554,0.5018705090885726,50
0,Nesøy,3,3014,2147,2147,8N14526,11,Southern 1,0.0026450765632032858,555,0.5018705090885726,50
0,Nesøy,3,3014,5404,5404,8943470,2,Træna,0.0026376152507641094,556,0.5018705090885726,50
0,Nesøy,3,3014,4002,4002,8P14622,2,Træna,0.002632612459759518,557,0.5018705090885726,50
0,Nesøy,3,3014,4379,4379,8681175,4,Gjerøy,0.0026259644947700957,558,0.5018705090885726,50
0,Nesøy,3,3014,1199,1199,8M72935,5,Hestmannøy,0.002624234081424408,559,0.5018705090885726,50
0,Nesøy,3,3014,4763,4763,8747976,5,Hestmannøy,0.002620600346369359,560,0.5018705090885726,50
0,Nesøy,3,3014,3398,3398,8N73964,12,Southern 2,0.0026154522539039203,561,0.5018705090885726,50
0,Nesøy,3,3014,5145,5145,8934215,3,Selvær,0.002615389045133197,562,0.5018705090885726,50
0,Nesøy,3,3014,614,614,8L89525,4,Gjerøy,0.002614403325836519,563,0.5018705090885726,50
0,Nesøy,3,3014,5401,5401,8943402,5,Hestmannøy,0.0026073045164746213,564,0.5018705090885726,50
0,Nesøy,3,3014,2337,2337,8N14951,4,Gjerøy,0.0026010730232365747,565,0.5018705090885726,50
0,Nesøy,3,3014,25,25,8L19830,5,Hestmannøy,0.0026005771222227304,566,0.5018705090885726,50
0,Nesøy,3,3014,4496,4496,8730951,3,Selvær,0.0025931024201278708,567,0.5018705090885726,50
0,Nesøy,3,3014,610,610,8L89517,5,Hestmannøy,0.002586904162728211,568,0.5018705090885726,50
0,Nesøy,3,3014,3263,3263,8N73644,13,Southern 3,0.002583020407605431,569,0.5018705090885726,50
0,Nesøy,3,3014,3024,3024,8N73180,15,Southern 5,0.0025811458634323377,570,0.5018705090885726,50
0,Nesøy,3,3014,4121,4121,8P14999,15,Southern 5,0.002580101446823337,571,0.5018705090885726,50
0,Nesøy,3,3014,1379,1379,8N05257,13,Southern 3,0.0025759838887006114,572,0.5018705090885726,50
0,Nesøy,3,3014,4617,4617,8747222,5,Hestmannøy,0.0025752424234622064,573,0.5018705090885726,50
0,Nesøy,3,3014,1299,1299,8N05175,13,Southern 3,0.0025691196821803052,574,0.5018705090885726,50
0,Nesøy,3,3014,241,241,8L48691,10,Aldra,0.0025663950277286796,575,0.5018705090885726,50
0,Nesøy,3,3014,5340,5340,8939733,5,Hestmannøy,0.0025597308436673947,576,0.5018705090885726,50
0,Nesøy,3,3014,212,212,8L48457,10,Aldra,0.0025575263823469853,577,0.5018705090885726,50
0,Nesøy,3,3014,3144,3144,8N73454,11,Southern 1,0.0025545888019791857,578,0.5018705090885726,50
0,Nesøy,3,3014,3920,3920,8P11834,15,Southern 5,0.002547255609032077,579,0.5018705090885726,50
0,Nesøy,3,3014,5027,5027,8887238,1,Myken,0.0025467371258165827,580,0.5018705090885726,50
0,Nesøy,3,3014,4890,4890,8800567,6,Indre Kvarøy,0.0025455255049700214,581,0.5018705090885726,50
0,Nesøy,3,3014,4396,4396,8681258,4,Gjerøy,0.0025436708907350457,582,0.5018705090885726,50
0,Nesøy,3,3014,1560,1560,8N05708,4,Gjerøy,0.0025427382738476777,583,0.5018705090885726,50
0,Nesøy,3,3014,800,800,8M31716,6,Indre Kvarøy,0.0025404001976757386,584,0.5018705090885726,50
0,Nesøy,3,3014,558,558,8L89299,10,Aldra,0.002537284448325205,585,0.5018705090885726,50
0,Nesøy,3,3014,436,436,8M71448,13,Southern 3,0.002534394815428194,586,0.5018705090885726,50
0,Nesøy,3,3014,1137,1137,8M72638,6,Indre Kvarøy,0.0025289946558284654,587,0.5018705090885726,50
0,Nesøy,3,3014,3623,3623,8N87756,4,Gjerøy,0.0025170958726488213,588,0.5018705090885726,50
0,Nesøy,3,3014,2683,2683,8N42063,9,Sleneset,0.0025155674086403805,589,0.5018705090885726,50
0,Nesøy,3,3014,5047,5047,8887315,6,Indre Kvarøy,0.002512626708216291,590,0.5018705090885726,50
0,Nesøy,3,3014,3315,3315,8N73697,13,Southern 3,0.002512053517114036,591,0.5018705090885726,50
0,Nesøy,3,3014,1781,1781,8N06842,11,Southern 1,0.0025119498795562133,592,0.5018705090885726,50
0,Nesøy,3,3014,1225,1225,8N05101,14,Southern 4,0.002510216416790768,593,0.5018705090885726,50
0,Nesøy,3,3014,2197,2197,8N14578,11,Southern 1,0.002508731365295558,594,0.5018705090885726,50
0,Nesøy,3,3014,690,690,8M31109,12,Southern 2,0.002508437397176956,595,0.5018705090885726,50
0,Nesøy,3,3014,1595,1595,8N05861,11,Southern 1,0.0024997072370154545,596,0.5018705090885726,50
0,Nesøy,3,3014,3716,3716,8N87892,13,Southern 3,0.00249677304607388,597,0.5018705090885726,50
0,Nesøy,3,3014,2916,2916,8N72692,11,Southern 1,0.0024963134582585665,598,0.5018705090885726,50
0,Nesøy,3,3014,3250,3250,8N73631,13,Southern 3,0.00249237386486004,599,0.5018705090885726,50
0,Nesøy,3,3014,1502,1502,8N05644,14,Southern 4,0.0024906417078957286,600,0.5018705090885726,50
0,Nesøy,3,3014,1471,1471,8N05606,14,Southern 4,0.0024902393380846688,601,0.5018705090885726,50
0,Nesøy,3,3014,2762,2762,8N42647,7,Onøy og Lurøy,0.0024876891110564405,602,0.5018705090885726,50
0,Nesøy,3,3014,4460,4460,8730462,8,Lovund,0.002486815105168029,603,0.5018705090885726,50
0,Nesøy,3,3014,5276,5276,8939197,5,Hestmannøy,0.00247664928769708,604,0.5018705090885726,50
0,Nesøy,3,3014,3610,3610,8N87631,15,Southern 5,0.002475326702255436,605,0.5018705090885726,50
0,Nesøy,3,3014,4940,4940,8816954,4,Gjerøy,0.00247151633855269,606,0.5018705090885726,50
0,Nesøy,3,3014,3490,3490,8N87352,6,Indre Kvarøy,0.00246773328734419,607,0.5018705090885726,50
0,Nesøy,3,3014,799,799,8M31713,5,Hestmannøy,0.002466002218485255,608,0.5018705090885726,50
0,Nesøy,3,3014,2636,2636,8N28784,14,Southern 4,0.0024560248730599887,609,0.5018705090885726,50
0,Nesøy,3,3014,1969,1969,8N13671,13,Southern 3,0.0024555145178871184,610,0.5018705090885726,50
0,Nesøy,3,3014,2785,2785,8N42719,5,Hestmannøy,0.002454075853934719,611,0.5018705090885726,50
0,Nesøy,3,3014,932,932,8M71292,6,Indre Kvarøy,0.0024421286905681075,612,0.5018705090885726,50
0,Nesøy,3,3014,5559,5559,8981858,5,Hestmannøy,0.002438048742132002,613,0.5018705090885726,50
0,Nesøy,3,3014,1172,1172,8M72806,4,Gjerøy,0.0024320287364457517,614,0.5018705090885726,50
0,Nesøy,3,3014,3605,3605,8N87626,15,Southern 5,0.0024294605305236225,615,0.5018705090885726,50
0,Nesøy,3,3014,924,924,8M71269,5,Hestmannøy,0.0024286725730902643,616,0.5018705090885726,50
0,Nesøy,3,3014,2468,2468,8N27455,5,Hestmannøy,0.0024220574821283737,617,0.5018705090885726,50
0,Nesøy,3,3014,786,786,8M31605,4,Gjerøy,0.0024006350976416625,618,0.5018705090885726,50
0,Nesøy,3,3014,4011,4011,8P14658,2,Træna,0.0023946651412882257,619,0.5018705090885726,50
0,Nesøy,3,3014,3377,3377,8N73943,12,Southern 2,0.0023944406360467364,620,0.5018705090885726,50
0,Nesøy,3,3014,5508,5508,8981354,11,Southern 1,0.002393211107521631,621,0.5018705090885726,50
0,Nesøy,3,3014,2407,2407,8N27121,7,Onøy og Lurøy,0.0023874722608589775,622,0.5018705090885726,50
0,Nesøy,3,3014,556,556,8L89296,4,Gjerøy,0.0023845042780953874,623,0.5018705090885726,50
0,Nesøy,3,3014,2801,2801,8N42795,4,Gjerøy,0.0023816250279191935,624,0.5018705090885726,50
0,Nesøy,3,3014,4627,4627,8747263,5,Hestmannøy,0.0023709249361054054,625,0.5018705090885726,50
0,Nesøy,3,3014,1578,1578,8N05797,10,Aldra,0.0023677726915325476,626,0.5018705090885726,50
0,Nesøy,3,3014,4887,4887,8800547,5,Hestmannøy,0.002362887946013367,627,0.5018705090885726,50
0,Nesøy,3,3014,5149,5149,8934225,4,Gjerøy,0.002357418410467517,628,0.5018705090885726,50
0,Nesøy,3,3014,705,705,8M31216,11,Southern 1,0.0023517923578270992,629,0.5018705090885726,50
0,Nesøy,3,3014,2850,2850,8N72354,6,Indre Kvarøy,0.0023497088913330354,630,0.5018705090885726,50
0,Nesøy,3,3014,1421,1421,8N05300,13,Southern 3,0.002345385208020577,631,0.5018705090885726,50
0,Nesøy,3,3014,5188,5188,8934400,1,Myken,0.0023350791681376448,632,0.5018705090885726,50
0,Nesøy,3,3014,2865,2865,8N72483,2,Træna,0.002334786120907559,633,0.5018705090885726,50
0,Nesøy,3,3014,3526,3526,8N87539,11,Southern 1,0.002325227493370075,634,0.5018705090885726,50
0,Nesøy,3,3014,3616,3616,8N87709,6,Indre Kvarøy,0.0023241888927437913,635,0.5018705090885726,50
0,Nesøy,3,3014,1779,1779,8N06840,11,Southern 1,0.0023164435562408677,636,0.5018705090885726,50
0,Nesøy,3,3014,3092,3092,8N73302,15,Southern 5,0.002315578326188478,637,0.5018705090885726,50
0,Nesøy,3,3014,3650,3650,8N87823,14,Southern 4,0.0023105650559643977,638,0.5018705090885726,50
0,Nesøy,3,3014,4238,4238,8309287,5,Hestmannøy,0.0023071027638895754,639,0.5018705090885726,50
0,Nesøy,3,3014,4137,4137,8P26527,9,Sleneset,0.0022928169929445435,640,0.5018705090885726,50
0,Nesøy,3,3014,620,620,8M31789,11,Southern 1,0.002289479991434917,641,0.5018705090885726,50
0,Nesøy,3,3014,51,51,8L19952,7,Onøy og Lurøy,0.0022887224690613553,642,0.5018705090885726,50
0,Nesøy,3,3014,1561,1561,8N05709,5,Hestmannøy,0.002285642701663644,643,0.5018705090885726,50
0,Nesøy,3,3014,3459,3459,8N87160,10,Aldra,0.002284643821738728,644,0.5018705090885726,50
0,Nesøy,3,3014,1753,1753,8N06782,4,Gjerøy,0.002283719000621293,645,0.5018705090885726,50
0,Nesøy,3,3014,3561,3561,8N87574,11,Southern 1,0.0022812726066895757,646,0.5018705090885726,50
0,Nesøy,3,3014,3647,3647,8N87820,14,Southern 4,0.0022761054830920287,647,0.5018705090885726,50
0,Nesøy,3,3014,3055,3055,8N73217,12,Southern 2,0.0022681427030652066,648,0.5018705090885726,50
0,Nesøy,3,3014,4551,4551,8732600,7,Onøy og Lurøy,0.0022617147143810076,649,0.5018705090885726,50
0,Nesøy,3,3014,2759,2759,8N42637,5,Hestmannøy,0.002258816908056982,650,0.5018705090885726,50
0,Nesøy,3,3014,1922,1922,8N13621,14,Southern 4,0.0022499843868946743,651,0.5018705090885726,50
0,Nesøy,3,3014,1284,1284,8N05161,12,Southern 2,0.002248657664358593,652,0.5018705090885726,50
0,Nesøy,3,3014,2501,2501,8N27879,5,Hestmannøy,0.0022486404505134795,653,0.5018705090885726,50
0,Nesøy,3,3014,4925,4925,8816919,6,Indre Kvarøy,0.002246597682424747,654,0.5018705090885726,50
0,Nesøy,3,3014,2823,2823,8N43000,6,Indre Kvarøy,0.0022457976569372207,655,0.5018705090885726,50
0,Nesøy,3,3014,4300,4300,8651778,2,Træna,0.0022446455815595505,656,0.5018705090885726,50
0,Nesøy,3,3014,3614,3614,8N87701,5,Hestmannøy,0.0022273586953426836,657,0.5018705090885726,50
0,Nesøy,3,3014,184,184,8L48310,5,Hestmannøy,0.002226515632399707,658,0.5018705090885726,50
0,Nesøy,3,3014,1055,1055,8M72036,3,Selvær,0.0022251078004834734,659,0.5018705090885726,50
0,Nesøy,3,3014,4427,4427,8681462,5,Hestmannøy,0.0022203207914290135,660,0.5018705090885726,50
0,Nesøy,3,3014,3030,3030,8N73186,15,Southern 5,0.002216383270247244,661,0.5018705090885726,50
0,Nesøy,3,3014,4976,4976,8857285,10,Aldra,0.0022098833754736276,662,0.5018705090885726,50
0,Nesøy,3,3014,5070,5070,8887414,5,Hestmannøy,0.0022046346030006126,663,0.5018705090885726,50
0,Nesøy,3,3014,313,313,8L52338,12,Southern 2,0.0022043850422249723,664,0.5018705090885726,50
0,Nesøy,3,3014,1897,1897,8N13368,2,Træna,0.002200056438886155,665,0.5018705090885726,50
0,Nesøy,3,3014,4060,4060,8P14871,14,Southern 4,0.002199360947604472,666,0.5018705090885726,50
0,Nesøy,3,3014,362,362,8L52493,13,Southern 3,0.002189517917250845,667,0.5018705090885726,50
0,Nesøy,3,3014,3482,3482,8N87284,3,Selvær,0.0021880625564832624,668,0.5018705090885726,50
0,Nesøy,3,3014,2767,2767,8N42674,5,Hestmannøy,0.0021863591723406783,669,0.5018705090885726,50
0,Nesøy,3,3014,4429,4429,8681466,5,Hestmannøy,0.002183164419330359,670,0.5018705090885726,50
0,Nesøy,3,3014,853,853,8M31928,5,Hestmannøy,0.0021772115242979385,671,0.5018705090885726,50
0,Nesøy,3,3014,535,535,8M31826,12,Southern 2,0.002174604053454791,672,0.5018705090885726,50
0,Nesøy,3,3014,4001,4001,8P14717,5,Hestmannøy,0.002169703253394736,673,0.5018705090885726,50
0,Nesøy,3,3014,526,526,8L64923,10,Aldra,0.002165942965333871,674,0.5018705090885726,50
0,Nesøy,3,3014,5100,5100,8904661,2,Træna,0.0021656948503681254,675,0.5018705090885726,50
0,Nesøy,3,3014,1988,1988,8N13690,13,Southern 3,0.002163988028774709,676,0.5018705090885726,50
0,Nesøy,3,3014,2849,2849,8N72353,4,Gjerøy,0.002161337936058302,677,0.5018705090885726,50
0,Nesøy,3,3014,4198,4198,8168702,5,Hestmannøy,0.002160426778449487,678,0.5018705090885726,50
0,Nesøy,3,3014,1591,1591,8N05857,11,Southern 1,0.0021545685258046775,679,0.5018705090885726,50
0,Nesøy,3,3014,709,709,8M31224,11,Southern 1,0.002146927497055423,680,0.5018705090885726,50
0,Nesøy,3,3014,1126,1126,8M72600,12,Southern 2,0.002146400318153581,681,0.5018705090885726,50
0,Nesøy,3,3014,4393,4393,8681249,3,Selvær,0.0021372252510216913,682,0.5018705090885726,50
0,Nesøy,3,3014,2454,2454,8N27404,7,Onøy og Lurøy,0.0021308217894283037,683,0.5018705090885726,50
0,Nesøy,3,3014,1,1,8L19506,3,Selvær,0.002126984899531669,684,0.5018705090885726,50
0,Nesøy,3,3014,2728,2728,8N42499,14,Southern 4,0.002121609203237221,685,0.5018705090885726,50
0,Nesøy,3,3014,2904,2904,8N72680,11,Southern 1,0.002120156408914874,686,0.5018705090885726,50
0,Nesøy,3,3014,3369,3369,8N73935,12,Southern 2,0.0021058664634835945,687,0.5018705090885726,50
0,Nesøy,3,3014,4541,4541,8732552,6,Indre Kvarøy,0.0020957708280108732,688,0.5018705090885726,50
0,Nesøy,3,3014,1153,1153,8M72697,14,Southern 4,0.0020931226210043853,689,0.5018705090885726,50
0,Nesøy,3,3014,2584,2584,8N28432,2,Træna,0.002092982733073899,690,0.5018705090885726,50
0,Nesøy,3,3014,1231,1231,8N05107,12,Southern 2,0.0020915311303242373,691,0.5018705090885726,50
0,Nesøy,3,3014,5522,5522,8981607,10,Aldra,0.002090819703888866,692,0.5018705090885726,50
0,Nesøy,3,3014,1297,1297,8N05173,12,Southern 2,0.002090530174542639,693,0.5018705090885726,50
0,Nesøy,3,3014,1089,1089,8M72425,13,Southern 3,0.0020831254096154166,694,0.5018705090885726,50
0,Nesøy,3,3014,3060,3060,8N73222,12,Southern 2,0.002079999157979763,695,0.5018705090885726,50
0,Nesøy,3,3014,3216,3216,8N73573,6,Indre Kvarøy,0.0020781206131144526,696,0.5018705090885726,50
0,Nesøy,3,3014,4878,4878,8800497,4,Gjerøy,0.002069300138465882,697,0.5018705090885726,50
0,Nesøy,3,3014,2032,2032,8N13954,4,Gjerøy,0.0020659939015004844,698,0.5018705090885726,50
0,Nesøy,3,3014,4008,4008,8P14606,7,Onøy og Lurøy,0.0020644004007238227,699,0.5018705090885726,50
0,Nesøy,3,3014,3695,3695,8N87870,13,Southern 3,0.0020611151826560627,700,0.5018705090885726,50
0,Nesøy,3,3014,2896,2896,8N72672,11,Southern 1,0.0020555877451393966,701,0.5018705090885726,50
0,Nesøy,3,3014,2151,2151,8N14530,11,Southern 1,0.0020530225684376015,702,0.5018705090885726,50
0,Nesøy,3,3014,4571,4571,8732659,5,Hestmannøy,0.002052130579007231,703,0.5018705090885726,50
0,Nesøy,3,3014,3094,3094,8N73304,15,Southern 5,0.002050287558193398,704,0.5018705090885726,50
0,Nesøy,3,3014,3272,3272,8N73653,13,Southern 3,0.0020501368435197477,705,0.5018705090885726,50
0,Nesøy,3,3014,1889,1889,8N13479,8,Lovund,0.0020482145887295395,706,0.5018705090885726,50
0,Nesøy,3,3014,170,170,8L30851,2,Træna,0.002041572180851458,707,0.5018705090885726,50
0,Nesøy,3,3014,2463,2463,8N27413,5,Hestmannøy,0.002039209116247644,708,0.5018705090885726,50
0,Nesøy,3,3014,4734,4734,8747799,4,Gjerøy,0.0020355128649398825,709,0.5018705090885726,50
0,Nesøy,3,3014,649,649,8L89713,4,Gjerøy,0.0020337014399670057,710,0.5018705090885726,50
0,Nesøy,3,3014,1509,1509,8N05651,11,Southern 1,0.002030595975477693,711,0.5018705090885726,50
0,Nesøy,3,3014,3921,3921,8P11871,14,Southern 4,0.0020303834451634913,712,0.5018705090885726,50
0,Nesøy,3,3014,4968,4968,8857269,1,Myken,0.0020263648838879144,713,0.5018705090885726,50
0,Nesøy,3,3014,985,985,8L57990,13,Southern 3,0.0020244255517534917,714,0.5018705090885726,50
0,Nesøy,3,3014,224,224,8L48555,3,Selvær,0.00202164476639343,715,0.5018705090885726,50
0,Nesøy,3,3014,1190,1190,8M72913,5,Hestmannøy,0.0020213556593235375,716,0.5018705090885726,50
0,Nesøy,3,3014,738,738,8M31338,5,Hestmannøy,0.002021001630116542,717,0.5018705090885726,50
0,Nesøy,3,3014,673,673,8L89808,5,Hestmannøy,0.0020193018591852644,718,0.5018705090885726,50
0,Nesøy,3,3014,2556,2556,8N28218,2,Træna,0.0020092916060489774,719,0.5018705090885726,50
0,Nesøy,3,3014,515,515,8L64872,11,Southern 1,0.002005047468269909,720,0.5018705090885726,50
0,Nesøy,3,3014,4966,4966,8857260,9,Sleneset,0.0020006421069839273,721,0.5018705090885726,50
0,Nesøy,3,3014,35,35,8L19912,5,Hestmannøy,0.0019996999398260783,722,0.5018705090885726,50
0,Nesøy,3,3014,538,538,8L89197,12,Southern 2,0.001998674881800819,723,0.5018705090885726,50
0,Nesøy,3,3014,2618,2618,8N28706,6,Indre Kvarøy,0.001998525189280033,724,0.5018705090885726,50
0,Nesøy,3,3014,854,854,8M31935,4,Gjerøy,0.001997916008783452,725,0.5018705090885726,50
0,Nesøy,3,3014,57,57,8L19974,5,Hestmannøy,0.001995558685333199,726,0.5018705090885726,50
0,Nesøy,3,3014,4245,4245,8537761,1,Myken,0.0019918779761237478,727,0.5018705090885726,50
0,Nesøy,3,3014,3115,3115,8N73407,4,Gjerøy,0.0019876482261779642,728,0.5018705090885726,50
0,Nesøy,3,3014,81,81,8L30090,13,Southern 3,0.0019820164556662604,729,0.5018705090885726,50
0,Nesøy,3,3014,262,262,8L48767,11,Southern 1,0.001977986409811202,730,0.5018705090885726,50
0,Nesøy,3,3014,3756,3756,8N87933,13,Southern 3,0.001977742594691578,731,0.5018705090885726,50
0,Nesøy,3,3014,3889,3889,8P11571,14,Southern 4,0.0019775746904069132,732,0.5018705090885726,50
0,Nesøy,3,3014,2730,2730,8N42501,5,Hestmannøy,0.0019749297975417885,733,0.5018705090885726,50
0,Nesøy,3,3014,1523,1523,8N05360,15,Southern 5,0.001972320868067304,734,0.5018705090885726,50
0,Nesøy,3,3014,3379,3379,8N73945,12,Southern 2,0.0019679061554746568,735,0.5018705090885726,50
0,Nesøy,3,3014,1202,1202,8M72955,4,Gjerøy,0.0019678229621827633,736,0.5018705090885726,50
0,Nesøy,3,3014,2837,2837,8N72245,3,Selvær,0.0019660130074543604,737,0.5018705090885726,50
0,Nesøy,3,3014,5334,5334,8939619,5,Hestmannøy,0.001964793569319604,738,0.5018705090885726,50
0,Nesøy,3,3014,419,419,8L57859,2,Træna,0.001964015951797855,739,0.5018705090885726,50
0,Nesøy,3,3014,721,721,8M31288,5,Hestmannøy,0.001962105397863593,740,0.5018705090885726,50
0,Nesøy,3,3014,5256,5256,8939097,10,Aldra,0.0019596751950872776,741,0.5018705090885726,50
0,Nesøy,3,3014,1507,1507,8N05649,11,Southern 1,0.0019595629119636684,742,0.5018705090885726,50
0,Nesøy,3,3014,4437,4437,8681486,2,Træna,0.001954041819496724,743,0.5018705090885726,50
0,Nesøy,3,3014,2852,2852,8N72368,4,Gjerøy,0.0019521672585087213,744,0.5018705090885726,50
0,Nesøy,3,3014,1035,1035,8M71823,5,Hestmannøy,0.0019501811301983545,745,0.5018705090885726,50
0,Nesøy,3,3014,2792,2792,8N42735,4,Gjerøy,0.0019466201784629697,746,0.5018705090885726,50
0,Nesøy,3,3014,1547,1547,8N05689,15,Southern 5,0.0019440648492223404,747,0.5018705090885726,50
0,Nesøy,3,3014,1058,1058,8M72087,5,Hestmannøy,0.0019356314020746584,748,0.5018705090885726,50
0,Nesøy,3,3014,1758,1758,8N06808,6,Indre Kvarøy,0.001934784572343609,749,0.5018705090885726,50
0,Nesøy,3,3014,1375,1375,8N05253,13,Southern 3,0.0019249407130143112,750,0.5018705090885726,50
0,Nesøy,3,3014,200,200,8L48425,7,Onøy og Lurøy,0.0019229702096745507,751,0.5018705090885726,50
0,Nesøy,3,3014,898,898,8L64598,12,Southern 2,0.0019143398890404438,752,0.5018705090885726,50
0,Nesøy,3,3014,2756,2756,8N42548,5,Hestmannøy,0.001909372525984144,753,0.5018705090885726,50
0,Nesøy,3,3014,5390,5390,8943110,10,Aldra,0.001907838284729289,754,0.5018705090885726,50
0,Nesøy,3,3014,1329,1329,8N05206,12,Southern 2,0.0019059871832757189,755,0.5018705090885726,50
0,Nesøy,3,3014,4106,4106,8P14983,14,Southern 4,0.0019054483696834413,756,0.5018705090885726,50
0,Nesøy,3,3014,4211,4211,8309159,6,Indre Kvarøy,0.0019036749791703678,757,0.5018705090885726,50
0,Nesøy,3,3014,2156,2156,8N14535,11,Southern 1,0.0019033921866220243,758,0.5018705090885726,50
0,Nesøy,3,3014,4161,4161,8P26748,7,Onøy og Lurøy,0.0019029893008426085,759,0.5018705090885726,50
0,Nesøy,3,3014,2560,2560,8N28243,2,Træna,0.0018925931511432285,760,0.5018705090885726,50
0,Nesøy,3,3014,790,790,8M31632,5,Hestmannøy,0.0018922997193871601,761,0.5018705090885726,50
0,Nesøy,3,3014,5032,5032,8887264,10,Aldra,0.0018922547455580182,762,0.5018705090885726,50
0,Nesøy,3,3014,404,404,8L52973,4,Gjerøy,0.0018914917084337762,763,0.5018705090885726,50
0,Nesøy,3,3014,3481,3481,8N87274,8,Lovund,0.0018912485360724467,764,0.5018705090885726,50
0,Nesøy,3,3014,148,148,8L30766,12,Southern 2,0.001891024009396574,765,0.5018705090885726,50
0,Nesøy,3,3014,3571,3571,8N87585,11,Southern 1,0.0018909917949587224,766,0.5018705090885726,50
0,Nesøy,3,3014,5151,5151,8934228,10,Aldra,0.0018902714375269886,767,0.5018705090885726,50
0,Nesøy,3,3014,2791,2791,8N42734,4,Gjerøy,0.0018842271695428663,768,0.5018705090885726,50
0,Nesøy,3,3014,4607,4607,8747121,8,Lovund,0.0018833099696140988,769,0.5018705090885726,50
0,Nesøy,3,3014,2709,2709,8N42275,5,Hestmannøy,0.0018831120337009818,770,0.5018705090885726,50
0,Nesøy,3,3014,5035,5035,8887272,7,Onøy og Lurøy,0.0018818862547560103,771,0.5018705090885726,50
0,Nesøy,3,3014,2745,2745,8N42523,5,Hestmannøy,0.0018769290330092954,772,0.5018705090885726,50
0,Nesøy,3,3014,5426,5426,8943801,10,Aldra,0.0018757678909567788,773,0.5018705090885726,50
0,Nesøy,3,3014,1822,1822,8N06883,11,Southern 1,0.0018681208063525728,774,0.5018705090885726,50
0,Nesøy,3,3014,1742,1742,8N06696,14,Southern 4,0.0018618903982073273,775,0.5018705090885726,50
0,Nesøy,3,3014,5226,5226,8934820,8,Lovund,0.0018569910046870863,776,0.5018705090885726,50
0,Nesøy,3,3014,2268,2268,8N14651,13,Southern 3,0.0018522496050275951,777,0.5018705090885726,50
0,Nesøy,3,3014,2727,2727,8N42498,14,Southern 4,0.0018520430964051485,778,0.5018705090885726,50
0,Nesøy,3,3014,1820,1820,8N06881,11,Southern 1,0.0018499024155491865,779,0.5018705090885726,50
0,Nesøy,3,3014,456,456,8L64176,2,Træna,0.001847477696408806,780,0.5018705090885726,50
0,Nesøy,3,3014,1037,1037,8M71831,4,Gjerøy,0.001847272851576442,781,0.5018705090885726,50
0,Nesøy,3,3014,4513,4513,8732227,2,Træna,0.0018467529947900187,782,0.5018705090885726,50
0,Nesøy,3,3014,1234,1234,8N05110,12,Southern 2,0.0018458870618207532,783,0.5018705090885726,50
0,Nesøy,3,3014,2097,2097,8N14187,5,Hestmannøy,0.001842398885038912,784,0.5018705090885726,50
0,Nesøy,3,3014,396,396,8L52943,6,Indre Kvarøy,0.0018396707243484498,785,0.5018705090885726,50
0,Nesøy,3,3014,5229,5229,8934858,8,Lovund,0.001838484508784047,786,0.5018705090885726,50
0,Nesøy,3,3014,3826,3826,8P11325,4,Gjerøy,0.001837530308617008,787,0.5018705090885726,50
0,Nesøy,3,3014,1827,1827,8N06891,11,Southern 1,0.0018373258770868215,788,0.5018705090885726,50
0,Nesøy,3,3014,3103,3103,8N73313,15,Southern 5,0.0018370420669373136,789,0.5018705090885726,50
0,Nesøy,3,3014,1588,1588,8N05841,5,Hestmannøy,0.001832648750239101,790,0.5018705090885726,50
0,Nesøy,3,3014,4563,4563,8732647,5,Hestmannøy,0.0018323442183550145,791,0.5018705090885726,50
0,Nesøy,3,3014,3842,3842,8P11523,14,Southern 4,0.001827982148004565,792,0.5018705090885726,50
0,Nesøy,3,3014,2822,2822,8N42996,5,Hestmannøy,0.0018277157190539968,793,0.5018705090885726,50
0,Nesøy,3,3014,2176,2176,8N14556,11,Southern 1,0.0018200571123263107,794,0.5018705090885726,50
0,Nesøy,3,3014,5548,5548,8981820,5,Hestmannøy,0.0018183816054444808,795,0.5018705090885726,50
0,Nesøy,3,3014,3765,3765,8N87942,13,Southern 3,0.0018149401934969122,796,0.5018705090885726,50
0,Nesøy,3,3014,4646,4646,8747366,5,Hestmannøy,0.0018143822282925036,797,0.5018705090885726,50
0,Nesøy,3,3014,31,31,8L19862,6,Indre Kvarøy,0.0018125747405097132,798,0.5018705090885726,50
0,Nesøy,3,3014,4822,4822,8800164,7,Onøy og Lurøy,0.001808540434581003,799,0.5018705090885726,50
0,Nesøy,3,3014,602,602,8L89502,5,Hestmannøy,0.0018025559243807854,800,0.5018705090885726,50
0,Nesøy,3,3014,3214,3214,8N73564,6,Indre Kvarøy,0.0017964706988324176,801,0.5018705090885726,50
0,Nesøy,3,3014,2019,2019,8N13926,5,Hestmannøy,0.0017934210507689053,802,0.5018705090885726,50
0,Nesøy,3,3014,2790,2790,8N42733,4,Gjerøy,0.0017926169490953263,803,0.5018705090885726,50
0,Nesøy,3,3014,2949,2949,8N72909,13,Southern 3,0.0017915713795589505,804,0.5018705090885726,50
0,Nesøy,3,3014,740,740,8M31352,5,Hestmannøy,0.001789220646943336,805,0.5018705090885726,50
0,Nesøy,3,3014,629,629,8L89637,5,Hestmannøy,0.0017870329146508859,806,0.5018705090885726,50
0,Nesøy,3,3014,4043,4043,8P14854,14,Southern 4,0.001782106871772389,807,0.5018705090885726,50
0,Nesøy,3,3014,2300,2300,8N14683,13,Southern 3,0.001772169127381712,808,0.5018705090885726,50
0,Nesøy,3,3014,5573,5573,8981962,2,Træna,0.001771419952336922,809,0.5018705090885726,50
0,Nesøy,3,3014,3835,3835,8P11488,1,Myken,0.0017701415861882703,810,0.5018705090885726,50
0,Nesøy,3,3014,3285,3285,8N73666,13,Southern 3,0.0017696352529955565,811,0.5018705090885726,50
0,Nesøy,3,3014,1847,1847,8N06944,4,Gjerøy,0.0017675877928398146,812,0.5018705090885726,50
0,Nesøy,3,3014,2139,2139,8N14518,11,Southern 1,0.0017673254401734334,813,0.5018705090885726,50
0,Nesøy,3,3014,1505,1505,8N05647,11,Southern 1,0.0017672829848887066,814,0.5018705090885726,50
0,Nesøy,3,3014,3754,3754,8N87931,13,Southern 3,0.0017648018581228142,815,0.5018705090885726,50
0,Nesøy,3,3014,235,235,8L48608,6,Indre Kvarøy,0.0017637742109166115,816,0.5018705090885726,50
0,Nesøy,3,3014,3085,3085,8N73247,14,Southern 4,0.0017540800363263925,817,0.5018705090885726,50
0,Nesøy,3,3014,3268,3268,8N73649,13,Southern 3,0.0017517662821216222,818,0.5018705090885726,50
0,Nesøy,3,3014,1267,1267,8N05143,12,Southern 2,0.001751039106286012,819,0.5018705090885726,50
0,Nesøy,3,3014,2498,2498,8N27869,6,Indre Kvarøy,0.0017502945929855434,820,0.5018705090885726,50
0,Nesøy,3,3014,3031,3031,8N73187,15,Southern 5,0.0017474701276659252,821,0.5018705090885726,50
0,Nesøy,3,3014,824,824,8M31805,12,Southern 2,0.001747227646891791,822,0.5018705090885726,50
0,Nesøy,3,3014,359,359,8L52420,4,Gjerøy,0.001745386853344659,823,0.5018705090885726,50
0,Nesøy,3,3014,2280,2280,8N14663,13,Southern 3,0.001741453516463074,824,0.5018705090885726,50
0,Nesøy,3,3014,4792,4792,8800029,4,Gjerøy,0.0017383071245786084,825,0.5018705090885726,50
0,Nesøy,3,3014,3295,3295,8N73676,13,Southern 3,0.0017282454389126692,826,0.5018705090885726,50
0,Nesøy,3,3014,3602,3602,8N87622,15,Southern 5,0.0017208942574174497,827,0.5018705090885726,50
0,Nesøy,3,3014,3208,3208,8N73527,4,Gjerøy,0.0017202262572940852,828,0.5018705090885726,50
0,Nesøy,3,3014,1637,1637,8N06028,3,Selvær,0.0017160906968393716,829,0.5018705090885726,50
0,Nesøy,3,3014,4654,4654,8747492,3,Selvær,0.0017133494477633749,830,0.5018705090885726,50
0,Nesøy,3,3014,2345,2345,8N14959,5,Hestmannøy,0.0017042286871345868,831,0.5018705090885726,50
0,Nesøy,3,3014,3783,3783,8N87960,13,Southern 3,0.001704199616768371,832,0.5018705090885726,50
0,Nesøy,3,3014,1698,1698,8N06495,12,Southern 2,0.0017035779950980024,833,0.5018705090885726,50
0,Nesøy,3,3014,3403,3403,8N73969,12,Southern 2,0.001700823873575694,834,0.5018705090885726,50
0,Nesøy,3,3014,2996,2996,8N72958,13,Southern 3,0.0016987296984533893,835,0.5018705090885726,50
0,Nesøy,3,3014,1020,1020,8M71532,4,Gjerøy,0.0016932006589133594,836,0.5018705090885726,50
0,Nesøy,3,3014,3796,3796,8N87973,13,Southern 3,0.0016917546434117347,837,0.5018705090885726,50
0,Nesøy,3,3014,2169,2169,8N14548,11,Southern 1,0.0016889438571956012,838,0.5018705090885726,50
0,Nesøy,3,3014,1143,1143,8M72649,4,Gjerøy,0.001686400943675536,839,0.5018705090885726,50
0,Nesøy,3,3014,283,283,8L52209,4,Gjerøy,0.0016831965485073785,840,0.5018705090885726,50
0,Nesøy,3,3014,2165,2165,8N14544,11,Southern 1,0.0016796253887880503,841,0.5018705090885726,50
0,Nesøy,3,3014,4420,4420,8681397,5,Hestmannøy,0.0016781020185071196,842,0.5018705090885726,50
0,Nesøy,3,3014,4839,4839,8800331,9,Sleneset,0.0016732459060178817,843,0.5018705090885726,50
0,Nesøy,3,3014,2419,2419,8N27196,14,Southern 4,0.0016674415103738096,844,0.5018705090885726,50
0,Nesøy,3,3014,2199,2199,8N14580,11,Southern 1,0.0016672198766500286,845,0.5018705090885726,50
0,Nesøy,3,3014,3714,3714,8N87890,13,Southern 3,0.0016664960449737877,846,0.5018705090885726,50
0,Nesøy,3,3014,2581,2581,8N28418,4,Gjerøy,0.0016655031072602055,847,0.5018705090885726,50
0,Nesøy,3,3014,4453,4453,8730451,1,Myken,0.0016624485760215197,848,0.5018705090885726,50
0,Nesøy,3,3014,4997,4997,8866741,6,Indre Kvarøy,0.0016609307385424675,849,0.5018705090885726,50
0,Nesøy,3,3014,4349,4349,8681044,5,Hestmannøy,0.0016548640669344944,850,0.5018705090885726,50
0,Nesøy,3,3014,4838,4838,8800330,7,Onøy og Lurøy,0.0016516134583006111,851,0.5018705090885726,50
0,Nesøy,3,3014,4504,4504,8730974,3,Selvær,0.0016499739002358413,852,0.5018705090885726,50
0,Nesøy,3,3014,5237,5237,8934889,7,Onøy og Lurøy,0.0016459511452515706,853,0.5018705090885726,50
0,Nesøy,3,3014,4662,4662,8747520,5,Hestmannøy,0.0016433498948334533,854,0.5018705090885726,50
0,Nesøy,3,3014,1384,1384,8N05262,13,Southern 3,0.0016401452939507433,855,0.5018705090885726,50
0,Nesøy,3,3014,409,409,8L57742,12,Southern 2,0.0016361929886438446,856,0.5018705090885726,50
0,Nesøy,3,3014,1611,1611,8N05880,11,Southern 1,0.001629596182703163,857,0.5018705090885726,50
0,Nesøy,3,3014,4262,4262,8573872,6,Indre Kvarøy,0.0016279241408287952,858,0.5018705090885726,50
0,Nesøy,3,3014,4895,4895,8800606,8,Lovund,0.0016239134134887064,859,0.5018705090885726,50
0,Nesøy,3,3014,3585,3585,8N87600,11,Southern 1,0.0016134064216650995,860,0.5018705090885726,50
0,Nesøy,3,3014,856,856,8M31937,10,Aldra,0.0016127526237829295,861,0.5018705090885726,50
0,Nesøy,3,3014,1919,1919,8N13618,14,Southern 4,0.001610351296062138,862,0.5018705090885726,50
0,Nesøy,3,3014,3953,3953,8P14136,7,Onøy og Lurøy,0.0016075807575919566,863,0.5018705090885726,50
0,Nesøy,3,3014,2174,2174,8N14554,11,Southern 1,0.0016071021934370966,864,0.5018705090885726,50
0,Nesøy,3,3014,1708,1708,8N06528,4,Gjerøy,0.0016055703794292525,865,0.5018705090885726,50
0,Nesøy,3,3014,2457,2457,8N27407,7,Onøy og Lurøy,0.0016052444859580095,866,0.5018705090885726,50
0,Nesøy,3,3014,3902,3902,8P11635,2,Træna,0.0016005470462012992,867,0.5018705090885726,50
0,Nesøy,3,3014,585,585,8L89394,4,Gjerøy,0.00159710439624619,868,0.5018705090885726,50
0,Nesøy,3,3014,2271,2271,8N14654,13,Southern 3,0.0015958709233043168,869,0.5018705090885726,50
0,Nesøy,3,3014,1042,1042,8M71872,5,Hestmannøy,0.0015937442257942583,870,0.5018705090885726,50
0,Nesøy,3,3014,1838,1838,8N06917,5,Hestmannøy,0.0015933284785723595,871,0.5018705090885726,50
0,Nesøy,3,3014,5075,5075,8887429,8,Lovund,0.0015914501131193543,872,0.5018705090885726,50
0,Nesøy,3,3014,885,885,8M71098,5,Hestmannøy,0.0015905622726315755,873,0.5018705090885726,50
0,Nesøy,3,3014,3343,3343,8N73909,11,Southern 1,0.0015860865059431773,874,0.5018705090885726,50
0,Nesøy,3,3014,4304,4304,8651790,2,Træna,0.001584509793086013,875,0.5018705090885726,50
0,Nesøy,3,3014,4048,4048,8P14859,14,Southern 4,0.0015842826073482485,876,0.5018705090885726,50
0,Nesøy,3,3014,2411,2411,8N27140,7,Onøy og Lurøy,0.0015819994581924195,877,0.5018705090885726,50
0,Nesøy,3,3014,1340,1340,8N05217,12,Southern 2,0.0015740968148026174,878,0.5018705090885726,50
0,Nesøy,3,3014,820,820,8M31793,11,Southern 1,0.0015727718462264634,879,0.5018705090885726,50
0,Nesøy,3,3014,1994,1994,8N13696,13,Southern 3,0.0015723290913253407,880,0.5018705090885726,50
0,Nesøy,3,3014,3867,3867,8P11549,14,Southern 4,0.001572020198941855,881,0.5018705090885726,50
0,Nesøy,3,3014,2984,2984,8N72945,13,Southern 3,0.0015717660333396787,882,0.5018705090885726,50
0,Nesøy,3,3014,5513,5513,8981399,12,Southern 2,0.0015702718577749342,883,0.5018705090885726,50
0,Nesøy,3,3014,4598,4598,8747100,5,Hestmannøy,0.0015690818101154204,884,0.5018705090885726,50
0,Nesøy,3,3014,5083,5083,8887462,1,Myken,0.0015676946215313465,885,0.5018705090885726,50
0,Nesøy,3,3014,1465,1465,8N05588,8,Lovund,0.0015661755423021081,886,0.5018705090885726,50
0,Nesøy,3,3014,4325,4325,8651979,5,Hestmannøy,0.0015639478972438758,887,0.5018705090885726,50
0,Nesøy,3,3014,3270,3270,8N73651,13,Southern 3,0.0015604041058087776,888,0.5018705090885726,50
0,Nesøy,3,3014,5252,5252,8939085,5,Hestmannøy,0.0015593638429062,889,0.5018705090885726,50
0,Nesøy,3,3014,3449,3449,8N87070,5,Hestmannøy,0.0015580402119753317,890,0.5018705090885726,50
0,Nesøy,3,3014,4632,4632,8747280,3,Selvær,0.0015579924798611888,891,0.5018705090885726,50
0,Nesøy,3,3014,1639,1639,8N06037,2,Træna,0.0015574709179203472,892,0.5018705090885726,50
0,Nesøy,3,3014,3668,3668,8N87841,14,Southern 4,0.0015475682425597998,893,0.5018705090885726,50
0,Nesøy,3,3014,2806,2806,8N42923,4,Gjerøy,0.0015465613849831264,894,0.5018705090885726,50
0,Nesøy,3,3014,4100,4100,8P14980,14,Southern 4,0.0015461854782190454,895,0.5018705090885726,50
0,Nesøy,3,3014,544,544,8L89254,4,Gjerøy,0.0015435904252230628,896,0.5018705090885726,50
0,Nesøy,3,3014,1508,1508,8N05650,11,Southern 1,0.0015424380775425214,897,0.5018705090885726,50
0,Nesøy,3,3014,5050,5050,8887335,4,Gjerøy,0.0015315539246397458,898,0.5018705090885726,50
0,Nesøy,3,3014,1382,1382,8N05260,13,Southern 3,0.0015307976745799713,899,0.5018705090885726,50
0,Nesøy,3,3014,2616,2616,8N28695,5,Hestmannøy,0.0015285311752781133,900,0.5018705090885726,50
0,Nesøy,3,3014,3200,3200,8N73512,7,Onøy og Lurøy,0.001528520183731452,901,0.5018705090885726,50
0,Nesøy,3,3014,513,513,8L64862,9,Sleneset,0.0015272155567672375,902,0.5018705090885726,50
0,Nesøy,3,3014,3943,3943,8P14063,5,Hestmannøy,0.001524988395955073,903,0.5018705090885726,50
0,Nesøy,3,3014,3075,3075,8N73237,12,Southern 2,0.0015214301436796485,904,0.5018705090885726,50
0,Nesøy,3,3014,2753,2753,8N42536,4,Gjerøy,0.0015176088662433329,905,0.5018705090885726,50
0,Nesøy,3,3014,4104,4104,8P14982,14,Southern 4,0.0015169497341422841,906,0.5018705090885726,50
0,Nesøy,3,3014,523,523,8L64915,4,Gjerøy,0.0015148212045454556,907,0.5018705090885726,50
0,Nesøy,3,3014,5551,5551,8981824,5,Hestmannøy,0.0015147370094219423,908,0.5018705090885726,50
0,Nesøy,3,3014,4276,4276,8598728,4,Gjerøy,0.0015135510459196291,909,0.5018705090885726,50
0,Nesøy,3,3014,804,804,8M31747,5,Hestmannøy,0.0015115042526309738,910,0.5018705090885726,50
0,Nesøy,3,3014,109,109,8L30451,6,Indre Kvarøy,0.0015095904953958828,911,0.5018705090885726,50
0,Nesøy,3,3014,5143,5143,8934095,4,Gjerøy,0.001508212821657599,912,0.5018705090885726,50
0,Nesøy,3,3014,5415,5415,8943515,11,Southern 1,0.0015059335160220835,913,0.5018705090885726,50
0,Nesøy,3,3014,569,569,8L89358,4,Gjerøy,0.0015019494334584157,914,0.5018705090885726,50
0,Nesøy,3,3014,129,129,8L30696,12,Southern 2,0.0015018804371898212,915,0.5018705090885726,50
0,Nesøy,3,3014,3827,3827,8P11326,4,Gjerøy,0.0015008577894852217,916,0.5018705090885726,50
0,Nesøy,3,3014,2886,2886,8N72633,4,Gjerøy,0.001496985396670919,917,0.5018705090885726,50
0,Nesøy,3,3014,482,482,8L64398,3,Selvær,0.0014957062085788175,918,0.5018705090885726,50
0,Nesøy,3,3014,1064,1064,8M72179,2,Træna,0.0014920065606949956,919,0.5018705090885726,50
0,Nesøy,3,3014,5055,5055,8887349,5,Hestmannøy,0.0014917379087353822,920,0.5018705090885726,50
0,Nesøy,3,3014,4295,4295,8651743,5,Hestmannøy,0.0014914481872886727,921,0.5018705090885726,50
0,Nesøy,3,3014,3316,3316,8N73698,13,Southern 3,0.0014890174229833025,922,0.5018705090885726,50
0,Nesøy,3,3014,5285,5285,8939352,5,Hestmannøy,0.0014884219787839146,923,0.5018705090885726,50
0,Nesøy,3,3014,4439,4439,8681500,2,Træna,0.001486513431267357,924,0.5018705090885726,50
0,Nesøy,3,3014,5309,5309,8939431,4,Gjerøy,0.0014857956694064797,925,0.5018705090885726,50
0,Nesøy,3,3014,919,919,8M71254,5,Hestmannøy,0.0014840854017671163,926,0.5018705090885726,50
0,Nesøy,3,3014,5528,5528,8981714,10,Aldra,0.0014830321332930643,927,0.5018705090885726,50
0,Nesøy,3,3014,1893,1893,8N13524,2,Træna,0.0014816115146960552,928,0.5018705090885726,50
0,Nesøy,3,3014,2937,2937,8N72804,14,Southern 4,0.0014814247029619975,929,0.5018705090885726,50
0,Nesøy,3,3014,3154,3154,8N73464,11,Southern 1,0.001480388440232525,930,0.5018705090885726,50
0,Nesøy,3,3014,4455,4455,8730454,5,Hestmannøy,0.0014757977004555209,931,0.5018705090885726,50
0,Nesøy,3,3014,1166,1166,8M72764,6,Indre Kvarøy,0.0014755008174761046,932,0.5018705090885726,50
0,Nesøy,3,3014,5270,5270,8939164,6,Indre Kvarøy,0.0014744635234472372,933,0.5018705090885726,50
0,Nesøy,3,3014,2955,2955,8N72915,13,Southern 3,0.0014719292274436905,934,0.5018705090885726,50
0,Nesøy,3,3014,4581,4581,8732680,4,Gjerøy,0.0014666761483023193,935,0.5018705090885726,50
0,Nesøy,3,3014,268,268,8L49909,10,Aldra,0.0014627164715819035,936,0.5018705090885726,50
0,Nesøy,3,3014,4307,4307,8651804,4,Gjerøy,0.0014595320260232037,937,0.5018705090885726,50
0,Nesøy,3,3014,4264,4264,8573896,5,Hestmannøy,0.0014584915371575208,938,0.5018705090885726,50
0,Nesøy,3,3014,5419,5419,8943597,8,Lovund,0.0014539481845760067,939,0.5018705090885726,50
0,Nesøy,3,3014,2043,2043,8N13977,5,Hestmannøy,0.0014516845531460558,940,0.5018705090885726,50
0,Nesøy,3,3014,2356,2356,8N14973,7,Onøy og Lurøy,0.0014505651774666427,941,0.5018705090885726,50
0,Nesøy,3,3014,961,961,8M71348,12,Southern 2,0.001448975158599341,942,0.5018705090885726,50
0,Nesøy,3,3014,2377,2377,8N27072,14,Southern 4,0.001448866930717277,943,0.5018705090885726,50
0,Nesøy,3,3014,475,475,8L64288,10,Aldra,0.0014461870145405715,944,0.5018705090885726,50
0,Nesøy,3,3014,1499,1499,8N05641,14,Southern 4,0.0014417900329713957,945,0.5018705090885726,50
0,Nesøy,3,3014,3485,3485,8N87325,6,Indre Kvarøy,0.00144128023573331,946,0.5018705090885726,50
0,Nesøy,3,3014,4937,4937,8816948,4,Gjerøy,0.0014404661901801228,947,0.5018705090885726,50
0,Nesøy,3,3014,4181,4181,8168635,5,Hestmannøy,0.0014369508004079168,948,0.5018705090885726,50
0,Nesøy,3,3014,2536,2536,8N28009,9,Sleneset,0.0014351293557331533,949,0.5018705090885726,50
0,Nesøy,3,3014,1460,1460,8N05569,8,Lovund,0.0014284889377880422,950,0.5018705090885726,50
0,Nesøy,3,3014,4365,4365,8681071,9,Sleneset,0.001427271938919341,951,0.5018705090885726,50
0,Nesøy,3,3014,4677,4677,8747569,9,Sleneset,0.0014269482987351867,952,0.5018705090885726,50
0,Nesøy,3,3014,5057,5057,8887356,10,Aldra,0.0014252811754630434,953,0.5018705090885726,50
0,Nesøy,3,3014,3409,3409,8N73975,12,Southern 2,0.0014247638948131436,954,0.5018705090885726,50
0,Nesøy,3,3014,1606,1606,8N05875,11,Southern 1,0.0014246035803032126,955,0.5018705090885726,50
0,Nesøy,3,3014,2724,2724,8N42463,14,Southern 4,0.0014221637388514435,956,0.5018705090885726,50
0,Nesøy,3,3014,1849,1849,8N06979,4,Gjerøy,0.0014205776987726842,957,0.5018705090885726,50
0,Nesøy,3,3014,4673,4673,8747554,5,Hestmannøy,0.0014201909958046427,958,0.5018705090885726,50
0,Nesøy,3,3014,2973,2973,8N72934,13,Southern 3,0.001419614995572198,959,0.5018705090885726,50
0,Nesøy,3,3014,5236,5236,8934888,7,Onøy og Lurøy,0.0014181045871529336,960,0.5018705090885726,50
0,Nesøy,3,3014,4585,4585,8732690,5,Hestmannøy,0.0014178191261953992,961,0.5018705090885726,50
0,Nesøy,3,3014,2258,2258,8N14640,13,Southern 3,0.0014172442274627936,962,0.5018705090885726,50
0,Nesøy,3,3014,4544,4544,8732577,7,Onøy og Lurøy,0.0014162739263472008,963,0.5018705090885726,50
0,Nesøy,3,3014,5125,5125,8917977,3,Selvær,0.0014142552314050441,964,0.5018705090885726,50
0,Nesøy,3,3014,4433,4433,8681476,1,Myken,0.0014113423624673976,965,0.5018705090885726,50
0,Nesøy,3,3014,3476,3476,8N87265,8,Lovund,0.0014111384955478657,966,0.5018705090885726,50
0,Nesøy,3,3014,2903,2903,8N72679,11,Southern 1,0.0014102377790481948,967,0.5018705090885726,50
0,Nesøy,3,3014,3919,3919,8P11833,15,Southern 5,0.0014076491270713421,968,0.5018705090885726,50
0,Nesøy,3,3014,183,183,8L48304,5,Hestmannøy,0.001407259844478807,969,0.5018705090885726,50
0,Nesøy,3,3014,4623,4623,8747256,6,Indre Kvarøy,0.0014069833784808802,970,0.5018705090885726,50
0,Nesøy,3,3014,2906,2906,8N72682,11,Southern 1,0.001406608374926434,971,0.5018705090885726,50
0,Nesøy,3,3014,3494,3494,8N87368,4,Gjerøy,0.0014043457854617692,972,0.5018705090885726,50
0,Nesøy,3,3014,5017,5017,8887205,4,Gjerøy,0.0014023959892814637,973,0.5018705090885726,50
0,Nesøy,3,3014,4178,4178,8168615,7,Onøy og Lurøy,0.00139582710952597,974,0.5018705090885726,50
0,Nesøy,3,3014,3254,3254,8N73635,13,Southern 3,0.0013921870246208746,975,0.5018705090885726,50
0,Nesøy,3,3014,920,920,8M71256,5,Hestmannøy,0.0013892556855575294,976,0.5018705090885726,50
0,Nesøy,3,3014,19,19,8L19693,2,Træna,0.001389055246104898,977,0.5018705090885726,50
0,Nesøy,3,3014,4077,4077,8P14955,14,Southern 4,0.0013890298950066553,978,0.5018705090885726,50
0,Nesøy,3,3014,1718,1718,8N06672,14,Southern 4,0.001386551307732009,979,0.5018705090885726,50
0,Nesøy,3,3014,4329,4329,8668482,4,Gjerøy,0.0013813591970825345,980,0.5018705090885726,50
0,Nesøy,3,3014,959,959,8M71344,12,Southern 2,0.0013808728083251865,981,0.5018705090885726,50
0,Nesøy,3,3014,4294,4294,8651717,9,Sleneset,0.0013805585011907805,982,0.5018705090885726,50
0,Nesøy,3,3014,3552,3552,8N87565,11,Southern 1,0.0013801984107109039,983,0.5018705090885726,50
0,Nesøy,3,3014,4251,4251,8573281,3,Selvær,0.0013773223657612273,984,0.5018705090885726,50
0,Nesøy,3,3014,4274,4274,8598614,6,Indre Kvarøy,0.0013769651490375915,985,0.5018705090885726,50
0,Nesøy,3,3014,4934,4934,8816942,4,Gjerøy,0.0013758731440398663,986,0.5018705090885726,50
0,Nesøy,3,3014,4118,4118,8P14991,14,Southern 4,0.0013734921150355256,987,0.5018705090885726,50
0,Nesøy,3,3014,4442,4442,8730418,5,Hestmannøy,0.0013722787480646155,988,0.5018705090885726,50
0,Nesøy,3,3014,2545,2545,8N28085,2,Træna,0.0013710138153223805,989,0.5018705090885726,50
0,Nesøy,3,3014,5196,5196,8934414,8,Lovund,0.0013680445174293926,990,0.5018705090885726,50
0,Nesøy,3,3014,2573,2573,8N28368,2,Træna,0.0013672692964789626,991,0.5018705090885726,50
0,Nesøy,3,3014,393,393,8L52931,4,Gjerøy,0.0013667667662428274,992,0.5018705090885726,50
0,Nesøy,3,3014,2671,2671,8N28913,2,Træna,0.0013616570130188547,993,0.5018705090885726,50
0,Nesøy,3,3014,175,175,8L30898,5,Hestmannøy,0.0013576965349563542,994,0.5018705090885726,50
0,Nesøy,3,3014,1961,1961,8N13663,13,Southern 3,0.0013560778727763514,995,0.5018705090885726,50
0,Nesøy,3,3014,763,763,8M31508,5,Hestmannøy,0.0013557381434575499,996,0.5018705090885726,50
0,Nesøy,3,3014,4949,4949,8857104,7,Onøy og Lurøy,0.00135297836099593,997,0.5018705090885726,50
0,Nesøy,3,3014,3591,3591,8N87608,15,Southern 5,0.001352673508966893,998,0.5018705090885726,50
0,Nesøy,3,3014,3645,3645,8N87818,14,Southern 4,0.0013492459027578125,999,0.5018705090885726,50
0,Nesøy,3,3014,2772,2772,8N42702,6,Indre Kvarøy,0.001347801413417501,1000,0.5018705090885726,50
0,Nesøy,3,3014,5326,5326,8939584,5,Hestmannøy,0.0013461719034255715,1001,0.5018705090885726,50
0,Nesøy,3,3014,1142,1142,8M72648,4,Gjerøy,0.0013378289445960217,1002,0.5018705090885726,50
0,Nesøy,3,3014,5246,5246,8939037,4,Gjerøy,0.0013355287653377301,1003,0.5018705090885726,50
0,Nesøy,3,3014,4027,4027,8P14829,5,Hestmannøy,0.001333926869218057,1004,0.5018705090885726,50
0,Nesøy,3,3014,124,124,8L30633,12,Southern 2,0.0013284993751745315,1005,0.5018705090885726,50
0,Nesøy,3,3014,386,386,8L52688,9,Sleneset,0.0013284606261114468,1006,0.5018705090885726,50
0,Nesøy,3,3014,2898,2898,8N72674,11,Southern 1,0.0013262961218722569,1007,0.5018705090885726,50
0,Nesøy,3,3014,2459,2459,8N27409,10,Aldra,0.001322147012751493,1008,0.5018705090885726,50
0,Nesøy,3,3014,4006,4006,8P14642,9,Sleneset,0.0013201081035362893,1009,0.5018705090885726,50
0,Nesøy,3,3014,719,719,8M31283,10,Aldra,0.0013192049998593705,1010,0.5018705090885726,50
0,Nesøy,3,3014,5200,5200,8934459,4,Gjerøy,0.0013186276824725962,1011,0.5018705090885726,50
0,Nesøy,3,3014,4857,4857,8800404,5,Hestmannøy,0.0013180218396651882,1012,0.5018705090885726,50
0,Nesøy,3,3014,2129,2129,8N14354,15,Southern 5,0.0013141734119881134,1013,0.5018705090885726,50
0,Nesøy,3,3014,2688,2688,8N42120,8,Lovund,0.0013140486873170437,1014,0.5018705090885726,50
0,Nesøy,3,3014,1315,1315,8N05192,13,Southern 3,0.0013111425180762257,1015,0.5018705090885726,50
0,Nesøy,3,3014,279,279,8L52204,8,Lovund,0.0013099094435006784,1016,0.5018705090885726,50
0,Nesøy,3,3014,5439,5439,8981005,5,Hestmannøy,0.0013093187266142758,1017,0.5018705090885726,50
0,Nesøy,3,3014,1253,1253,8N05129,12,Southern 2,0.001301890142725208,1018,0.5018705090885726,50
0,Nesøy,3,3014,452,452,8L64169,3,Selvær,0.0013011088919421129,1019,0.5018705090885726,50
0,Nesøy,3,3014,5339,5339,8939705,6,Indre Kvarøy,0.0012989389123523299,1020,0.5018705090885726,50
0,Nesøy,3,3014,2915,2915,8N72691,11,Southern 1,0.0012983203646243164,1021,0.5018705090885726,50
0,Nesøy,3,3014,5222,5222,8934801,6,Indre Kvarøy,0.0012977434705860155,1022,0.5018705090885726,50
0,Nesøy,3,3014,2902,2902,8N72678,11,Southern 1,0.001291253871511297,1023,0.5018705090885726,50
0,Nesøy,3,3014,5389,5389,8943109,10,Aldra,0.0012908591098634156,1024,0.5018705090885726,50
0,Nesøy,3,3014,906,906,8M71204,5,Hestmannøy,0.0012895347704828808,1025,0.5018705090885726,50
0,Nesøy,3,3014,2578,2578,8N28404,9,Sleneset,0.001282690972877818,1026,0.5018705090885726,50
0,Nesøy,3,3014,2736,2736,8N42510,5,Hestmannøy,0.0012824907912784074,1027,0.5018705090885726,50
0,Nesøy,3,3014,1081,1081,8M72327,3,Selvær,0.0012808107810507177,1028,0.5018705090885726,50
0,Nesøy,3,3014,2962,2962,8N72922,13,Southern 3,0.0012784383187336946,1029,0.5018705090885726,50
0,Nesøy,3,3014,622,622,8M31764,11,Southern 1,0.0012776228685396451,1030,0.5018705090885726,50
0,Nesøy,3,3014,3244,3244,8N73625,13,Southern 3,0.0012758797808293818,1031,0.5018705090885726,50
0,Nesøy,3,3014,613,613,8L89521,5,Hestmannøy,0.0012744793762722616,1032,0.5018705090885726,50
0,Nesøy,3,3014,3187,3187,8N73498,12,Southern 2,0.0012725604566924708,1033,0.5018705090885726,50
0,Nesøy,3,3014,3782,3782,8N87959,13,Southern 3,0.0012684142109003927,1034,0.5018705090885726,50
0,Nesøy,3,3014,1349,1349,8N05226,12,Southern 2,0.0012670737814365763,1035,0.5018705090885726,50
0,Nesøy,3,3014,3563,3563,8N87576,11,Southern 1,0.0012657807666148174,1036,0.5018705090885726,50
0,Nesøy,3,3014,3374,3374,8N73940,12,Southern 2,0.0012647955204576878,1037,0.5018705090885726,50
0,Nesøy,3,3014,593,593,8L89436,5,Hestmannøy,0.0012646118337422407,1038,0.5018705090885726,50
0,Nesøy,3,3014,4694,4694,8747657,1,Myken,0.0012626726719084003,1039,0.5018705090885726,50
0,Nesøy,3,3014,1842,1842,8N06930,4,Gjerøy,0.0012596365814795999,1040,0.5018705090885726,50
0,Nesøy,3,3014,1066,1066,8M72224,3,Selvær,0.0012575865483134782,1041,0.5018705090885726,50
0,Nesøy,3,3014,1743,1743,8N06697,14,Southern 4,0.0012565441773305242,1042,0.5018705090885726,50
0,Nesøy,3,3014,1133,1133,8M72618,4,Gjerøy,0.0012562670313670064,1043,0.5018705090885726,50
0,Nesøy,3,3014,77,77,8L26596,6,Indre Kvarøy,0.0012535694855700338,1044,0.5018705090885726,50
0,Nesøy,3,3014,3433,3433,8N73999,14,Southern 4,0.0012531253471681047,1045,0.5018705090885726,50
0,Nesøy,3,3014,4222,4222,8309218,13,Southern 3,0.0012527502680335387,1046,0.5018705090885726,50
0,Nesøy,3,3014,4599,4599,8747101,5,Hestmannøy,0.0012527005443197401,1047,0.5018705090885726,50
0,Nesøy,3,3014,1879,1879,8N13401,2,Træna,0.0012517063302531605,1048,0.5018705090885726,50
0,Nesøy,3,3014,1570,1570,8N05724,3,Selvær,0.0012501183467724386,1049,0.5018705090885726,50
0,Nesøy,3,3014,305,305,8L52321,12,Southern 2,0.001248117405494474,1050,0.5018705090885726,50
0,Nesøy,3,3014,3681,3681,8N87856,14,Southern 4,0.0012446223310465334,1051,0.5018705090885726,50
0,Nesøy,3,3014,469,469,8L64271,5,Hestmannøy,0.0012442412123847837,1052,0.5018705090885726,50
0,Nesøy,3,3014,3251,3251,8N73632,13,Southern 3,0.0012436795538707615,1053,0.5018705090885726,50
0,Nesøy,3,3014,2469,2469,8N27464,7,Onøy og Lurøy,0.0012407757915612572,1054,0.5018705090885726,50
0,Nesøy,3,3014,4020,4020,8P14810,15,Southern 5,0.0012390728457570368,1055,0.5018705090885726,50
0,Nesøy,3,3014,344,344,8L52390,11,Southern 1,0.0012389075591432968,1056,0.5018705090885726,50
0,Nesøy,3,3014,1873,1873,8N13347,2,Træna,0.0012381882699679199,1057,0.5018705090885726,50
0,Nesøy,3,3014,3033,3033,8N73189,15,Southern 5,0.001238063074023619,1058,0.5018705090885726,50
0,Nesøy,3,3014,462,462,8L64210,6,Indre Kvarøy,0.0012375925344772847,1059,0.5018705090885726,50
0,Nesøy,3,3014,4518,4518,8732256,1,Myken,0.0012364884638027711,1060,0.5018705090885726,50
0,Nesøy,3,3014,2542,2542,8N28060,7,Onøy og Lurøy,0.0012363777191940208,1061,0.5018705090885726,50
0,Nesøy,3,3014,2013,2013,8N13860,15,Southern 5,0.0012329464758831189,1062,0.5018705090885726,50
0,Nesøy,3,3014,4472,4472,8730535,5,Hestmannøy,0.0012313013118909367,1063,0.5018705090885726,50
0,Nesøy,3,3014,1727,1727,8N06681,14,Southern 4,0.0012278595301141665,1064,0.5018705090885726,50
0,Nesøy,3,3014,5216,5216,8934532,10,Aldra,0.001227424320103384,1065,0.5018705090885726,50
0,Nesøy,3,3014,2408,2408,8N27122,7,Onøy og Lurøy,0.001225627972988277,1066,0.5018705090885726,50
0,Nesøy,3,3014,1986,1986,8N13688,13,Southern 3,0.0012255510040413223,1067,0.5018705090885726,50
0,Nesøy,3,3014,5202,5202,8934471,3,Selvær,0.0012227475263188218,1068,0.5018705090885726,50
0,Nesøy,3,3014,307,307,8L52327,12,Southern 2,0.0012224831876916772,1069,0.5018705090885726,50
0,Nesøy,3,3014,2126,2126,8N14351,15,Southern 5,0.001215699331681209,1070,0.5018705090885726,50
0,Nesøy,3,3014,2905,2905,8N72681,11,Southern 1,0.0012152258116615152,1071,0.5018705090885726,50
0,Nesøy,3,3014,1370,1370,8N05248,13,Southern 3,0.001212187941193154,1072,0.5018705090885726,50
0,Nesøy,3,3014,1749,1749,8N06740,4,Gjerøy,0.0012077385776150223,1073,0.5018705090885726,50
0,Nesøy,3,3014,855,855,8M31936,4,Gjerøy,0.0012070617146720552,1074,0.5018705090885726,50
0,Nesøy,3,3014,5418,5418,8943587,2,Træna,0.0012065863140122174,1075,0.5018705090885726,50
0,Nesøy,3,3014,3347,3347,8N73913,11,Southern 1,0.0012058173301167376,1076,0.5018705090885726,50
0,Nesøy,3,3014,1699,1699,8N06496,12,Southern 2,0.0012000782545849677,1077,0.5018705090885726,50
0,Nesøy,3,3014,3666,3666,8N87839,14,Southern 4,0.0011973153272036392,1078,0.5018705090885726,50
0,Nesøy,3,3014,4404,4404,8681309,4,Gjerøy,0.0011973113584702781,1079,0.5018705090885726,50
0,Nesøy,3,3014,218,218,8L48474,4,Gjerøy,0.0011964550697498252,1080,0.5018705090885726,50
0,Nesøy,3,3014,2461,2461,8N27411,5,Hestmannøy,0.0011842337196155235,1081,0.5018705090885726,50
0,Nesøy,3,3014,2194,2194,8N14575,11,Southern 1,0.00118422690342237,1082,0.5018705090885726,50
0,Nesøy,3,3014,2604,2604,8N28679,4,Gjerøy,0.0011836907747508093,1083,0.5018705090885726,50
0,Nesøy,3,3014,435,435,8M71452,13,Southern 3,0.0011831130800040533,1084,0.5018705090885726,50
0,Nesøy,3,3014,522,522,8L64903,5,Hestmannøy,0.0011813211872224146,1085,0.5018705090885726,50
0,Nesøy,3,3014,1452,1452,8N05531,5,Hestmannøy,0.001180764857662071,1086,0.5018705090885726,50
0,Nesøy,3,3014,3700,3700,8N87876,13,Southern 3,0.0011753924558424978,1087,0.5018705090885726,50
0,Nesøy,3,3014,2485,2485,8N27717,9,Sleneset,0.0011719796872912739,1088,0.5018705090885726,50
0,Nesøy,3,3014,4209,4209,8309155,6,Indre Kvarøy,0.0011685384817790175,1089,0.5018705090885726,50
0,Nesøy,3,3014,4983,4983,8857612,9,Sleneset,0.00116617213434525,1090,0.5018705090885726,50
0,Nesøy,3,3014,3142,3142,8N73452,11,Southern 1,0.001165107201684121,1091,0.5018705090885726,50
0,Nesøy,3,3014,4901,4901,8800617,5,Hestmannøy,0.0011640870999587863,1092,0.5018705090885726,50
0,Nesøy,3,3014,1303,1303,8N05179,13,Southern 3,0.0011637676544052776,1093,0.5018705090885726,50
0,Nesøy,3,3014,5529,5529,8981715,10,Aldra,0.00116375628958894,1094,0.5018705090885726,50
0,Nesøy,3,3014,5091,5091,8887495,7,Onøy og Lurøy,0.0011637445325037527,1095,0.5018705090885726,50
0,Nesøy,3,3014,1807,1807,8N06868,11,Southern 1,0.001162185899941183,1096,0.5018705090885726,50
0,Nesøy,3,3014,54,54,8L19960,10,Aldra,0.0011595586579221532,1097,0.5018705090885726,50
0,Nesøy,3,3014,2360,2360,8N14977,7,Onøy og Lurøy,0.001159343839123546,1098,0.5018705090885726,50
0,Nesøy,3,3014,973,973,8M71374,12,Southern 2,0.001157345124551018,1099,0.5018705090885726,50
0,Nesøy,3,3014,1906,1906,8N13608,14,Southern 4,0.0011571090233209126,1100,0.5018705090885726,50
0,Nesøy,3,3014,3241,3241,8N73622,13,Southern 3,0.0011559146836462439,1101,0.5018705090885726,50
0,Nesøy,3,3014,4194,4194,8168662,1,Myken,0.0011553144339281694,1102,0.5018705090885726,50
0,Nesøy,3,3014,1337,1337,8N05214,12,Southern 2,0.001154895495102672,1103,0.5018705090885726,50
0,Nesøy,3,3014,4642,4642,8747308,8,Lovund,0.0011541360118236452,1104,0.5018705090885726,50
0,Nesøy,3,3014,2099,2099,8N14189,5,Hestmannøy,0.0011536684103167888,1105,0.5018705090885726,50
0,Nesøy,3,3014,2697,2697,8N42209,2,Træna,0.0011534928458210344,1106,0.5018705090885726,50
0,Nesøy,3,3014,2676,2676,8N28940,8,Lovund,0.0011523773568425722,1107,0.5018705090885726,50
0,Nesøy,3,3014,4634,4634,8747286,3,Selvær,0.001151214144303109,1108,0.5018705090885726,50
0,Nesøy,3,3014,2389,2389,8N27084,14,Southern 4,0.0011511638442924432,1109,0.5018705090885726,50
0,Nesøy,3,3014,892,892,8L64755,13,Southern 3,0.0011492783007136962,1110,0.5018705090885726,50
0,Nesøy,3,3014,4648,4648,8747374,3,Selvær,0.0011488339835947798,1111,0.5018705090885726,50
0,Nesøy,3,3014,2466,2466,8N27424,4,Gjerøy,0.0011482760661687024,1112,0.5018705090885726,50
0,Nesøy,3,3014,439,439,8L64055,11,Southern 1,0.0011476779700075907,1113,0.5018705090885726,50
0,Nesøy,3,3014,3173,3173,8N73484,11,Southern 1,0.0011440437322070313,1114,0.5018705090885726,50
0,Nesøy,3,3014,3654,3654,8N87827,14,Southern 4,0.0011439060972538062,1115,0.5018705090885726,50
0,Nesøy,3,3014,5054,5054,8887346,5,Hestmannøy,0.001141858145844836,1116,0.5018705090885726,50
0,Nesøy,3,3014,2015,2015,8N13862,15,Southern 5,0.0011413829264645878,1117,0.5018705090885726,50
0,Nesøy,3,3014,1538,1538,8N05680,15,Southern 5,0.001140627378807653,1118,0.5018705090885726,50
0,Nesøy,3,3014,1425,1425,8N05304,13,Southern 3,0.0011377614920021052,1119,0.5018705090885726,50
0,Nesøy,3,3014,604,604,8L89507,5,Hestmannøy,0.00113751502993094,1120,0.5018705090885726,50
0,Nesøy,3,3014,4263,4263,8573874,6,Indre Kvarøy,0.0011355176208022613,1121,0.5018705090885726,50
0,Nesøy,3,3014,5378,5378,8943043,5,Hestmannøy,0.001134388853210381,1122,0.5018705090885726,50
0,Nesøy,3,3014,5006,5006,8866790,5,Hestmannøy,0.0011294328668985279,1123,0.5018705090885726,50
0,Nesøy,3,3014,4497,4497,8730952,3,Selvær,0.001128204454632131,1124,0.5018705090885726,50
0,Nesøy,3,3014,1195,1195,8M72929,5,Hestmannøy,0.0011249157683775137,1125,0.5018705090885726,50
0,Nesøy,3,3014,2118,2118,8N14298,15,Southern 5,0.0011247859412681627,1126,0.5018705090885726,50
0,Nesøy,3,3014,5038,5038,8887279,5,Hestmannøy,0.001124392245067702,1127,0.5018705090885726,50
0,Nesøy,3,3014,5303,5303,8939381,7,Onøy og Lurøy,0.0011215174228781986,1128,0.5018705090885726,50
0,Nesøy,3,3014,450,450,8L64148,2,Træna,0.0011212437013942344,1129,0.5018705090885726,50
0,Nesøy,3,3014,3814,3814,8N87999,13,Southern 3,0.0011199143130650442,1130,0.5018705090885726,50
0,Nesøy,3,3014,918,918,8M71250,4,Gjerøy,0.0011175981847428794,1131,0.5018705090885726,50
0,Nesøy,3,3014,2444,2444,8N27339,4,Gjerøy,0.0011172746918251735,1132,0.5018705090885726,50
0,Nesøy,3,3014,3408,3408,8N73974,12,Southern 2,0.0011150151069831509,1133,0.5018705090885726,50
0,Nesøy,3,3014,252,252,8L48754,11,Southern 1,0.0011115578848659498,1134,0.5018705090885726,50
0,Nesøy,3,3014,4036,4036,8P14847,14,Southern 4,0.0011107898835383673,1135,0.5018705090885726,50
0,Nesøy,3,3014,2072,2072,8N14052,4,Gjerøy,0.0011102993529004562,1136,0.5018705090885726,50
0,Nesøy,3,3014,5081,5081,8887450,5,Hestmannøy,0.0011073835034158463,1137,0.5018705090885726,50
0,Nesøy,3,3014,2193,2193,8N14574,11,Southern 1,0.0011044355883598218,1138,0.5018705090885726,50
0,Nesøy,3,3014,1711,1711,8N06559,4,Gjerøy,0.0011031100258478584,1139,0.5018705090885726,50
0,Nesøy,3,3014,2649,2649,8N28807,6,Indre Kvarøy,0.0011023945514150634,1140,0.5018705090885726,50
0,Nesøy,3,3014,574,574,8L89374,5,Hestmannøy,0.0010996821195584758,1141,0.5018705090885726,50
0,Nesøy,3,3014,5294,5294,8939371,7,Onøy og Lurøy,0.0010977772885101135,1142,0.5018705090885726,50
0,Nesøy,3,3014,97,97,8L30352,7,Onøy og Lurøy,0.0010970803034913755,1143,0.5018705090885726,50
0,Nesøy,3,3014,3095,3095,8N73305,15,Southern 5,0.0010966039224239135,1144,0.5018705090885726,50
0,Nesøy,3,3014,1968,1968,8N13670,13,Southern 3,0.0010961430928642822,1145,0.5018705090885726,50
0,Nesøy,3,3014,2754,2754,8N42544,5,Hestmannøy,0.00109238295885438,1146,0.5018705090885726,50
0,Nesøy,3,3014,1080,1080,8M72326,3,Selvær,0.001091922742916521,1147,0.5018705090885726,50
0,Nesøy,3,3014,1135,1135,8M71276,4,Gjerøy,0.0010915417784888996,1148,0.5018705090885726,50
0,Nesøy,3,3014,1998,1998,8N13700,13,Southern 3,0.0010902328927635623,1149,0.5018705090885726,50
0,Nesøy,3,3014,432,432,8L57967,13,Southern 3,0.0010897015758649356,1150,0.5018705090885726,50
0,Nesøy,3,3014,4684,4684,8747599,8,Lovund,0.001088497940900937,1151,0.5018705090885726,50
0,Nesøy,3,3014,2868,2868,8N72490,3,Selvær,0.0010869520081683024,1152,0.5018705090885726,50
0,Nesøy,3,3014,2053,2053,8N14005,6,Indre Kvarøy,0.001084871810702542,1153,0.5018705090885726,50
0,Nesøy,3,3014,3134,3134,8N73444,11,Southern 1,0.001082907876003521,1154,0.5018705090885726,50
0,Nesøy,3,3014,4753,4753,8747900,5,Hestmannøy,0.001082518261623484,1155,0.5018705090885726,50
0,Nesøy,3,3014,2050,2050,8N14002,6,Indre Kvarøy,0.0010794676697998236,1156,0.5018705090885726,50
0,Nesøy,3,3014,4119,4119,8P14997,15,Southern 5,0.0010789190327279133,1157,0.5018705090885726,50
0,Nesøy,3,3014,5174,5174,8934338,10,Aldra,0.001076601955294385,1158,0.5018705090885726,50
0,Nesøy,3,3014,3166,3166,8N73476,11,Southern 1,0.0010757100413990887,1159,0.5018705090885726,50
0,Nesøy,3,3014,2365,2365,8N27031,14,Southern 4,0.001073151811264848,1160,0.5018705090885726,50
0,Nesøy,3,3014,2864,2864,8N72472,9,Sleneset,0.0010702592619114945,1161,0.5018705090885726,50
0,Nesøy,3,3014,3205,3205,8N73521,5,Hestmannøy,0.001065937787296987,1162,0.5018705090885726,50
0,Nesøy,3,3014,2124,2124,8N14348,15,Southern 5,0.0010654639889479595,1163,0.5018705090885726,50
0,Nesøy,3,3014,5136,5136,8934066,5,Hestmannøy,0.001065440684746056,1164,0.5018705090885726,50
0,Nesøy,3,3014,694,694,8M31147,11,Southern 1,0.001060582246123432,1165,0.5018705090885726,50
0,Nesøy,3,3014,1238,1238,8N05114,14,Southern 4,0.0010593951446578912,1166,0.5018705090885726,50
0,Nesøy,3,3014,1339,1339,8N05216,12,Southern 2,0.0010575795859508125,1167,0.5018705090885726,50
0,Nesøy,3,3014,3502,3502,8N87515,11,Southern 1,0.0010572490273091561,1168,0.5018705090885726,50
0,Nesøy,3,3014,2695,2695,8N42186,2,Træna,0.0010567840326110853,1169,0.5018705090885726,50
0,Nesøy,3,3014,2733,2733,8N42505,5,Hestmannøy,0.0010550375475978768,1170,0.5018705090885726,50
0,Nesøy,3,3014,3524,3524,8N87537,11,Southern 1,0.0010539130146659215,1171,0.5018705090885726,50
0,Nesøy,3,3014,837,837,8M31863,6,Indre Kvarøy,0.0010536802823027359,1172,0.5018705090885726,50
0,Nesøy,3,3014,90,90,8L30260,5,Hestmannøy,0.0010527073010616263,1173,0.5018705090885726,50
0,Nesøy,3,3014,5224,5224,8934808,3,Selvær,0.0010480130409802695,1174,0.5018705090885726,50
0,Nesøy,3,3014,2522,2522,8N27934,5,Hestmannøy,0.0010443126960672832,1175,0.5018705090885726,50
0,Nesøy,3,3014,3583,3583,8N87598,11,Southern 1,0.0010408349282301477,1176,0.5018705090885726,50
0,Nesøy,3,3014,125,125,8L30634,12,Southern 2,0.0010403542740818198,1177,0.5018705090885726,50
0,Nesøy,3,3014,2658,2658,8N28847,5,Hestmannøy,0.0010328303857229388,1178,0.5018705090885726,50
0,Nesøy,3,3014,3652,3652,8N87825,14,Southern 4,0.0010327423657813834,1179,0.5018705090885726,50
0,Nesøy,3,3014,2473,2473,8N27487,10,Aldra,0.0010323408750118061,1180,0.5018705090885726,50
0,Nesøy,3,3014,63,63,8L19992,4,Gjerøy,0.0010311461888371444,1181,0.5018705090885726,50
0,Nesøy,3,3014,3126,3126,8N73436,11,Southern 1,0.0010281515043304614,1182,0.5018705090885726,50
0,Nesøy,3,3014,3798,3798,8N87975,13,Southern 3,0.0010277965745270205,1183,0.5018705090885726,50
0,Nesøy,3,3014,780,780,8M31562,5,Hestmannøy,0.0010273789440406289,1184,0.5018705090885726,50
0,Nesøy,3,3014,4669,4669,8747549,10,Aldra,0.001023614087862699,1185,0.5018705090885726,50
0,Nesøy,3,3014,3152,3152,8N73462,11,Southern 1,0.0010206682058757984,1186,0.5018705090885726,50
0,Nesøy,3,3014,1248,1248,8N05124,12,Southern 2,0.0010179757460315058,1187,0.5018705090885726,50
0,Nesøy,3,3014,3977,3977,8N14341,15,Southern 5,0.001017057201908486,1188,0.5018705090885726,50
0,Nesøy,3,3014,1706,1706,8N06519,4,Gjerøy,0.0010165629977263529,1189,0.5018705090885726,50
0,Nesøy,3,3014,2568,2568,8N28288,7,Onøy og Lurøy,0.0010163984067832175,1190,0.5018705090885726,50
0,Nesøy,3,3014,2931,2931,8N72737,4,Gjerøy,0.001015656063653133,1191,0.5018705090885726,50
0,Nesøy,3,3014,168,168,8L30847,5,Hestmannøy,0.001009569722249166,1192,0.5018705090885726,50
0,Nesøy,3,3014,5394,5394,8943144,9,Sleneset,0.0010084490122632785,1193,0.5018705090885726,50
0,Nesøy,3,3014,437,437,8L64011,11,Southern 1,0.0010057787911163215,1194,0.5018705090885726,50
0,Nesøy,3,3014,2284,2284,8N14667,13,Southern 3,0.001004264211163162,1195,0.5018705090885726,50
0,Nesøy,3,3014,679,679,8L89896,4,Gjerøy,0.0010037488115464297,1196,0.5018705090885726,50
0,Nesøy,3,3014,2462,2462,8N27412,5,Hestmannøy,0.0010027542294864327,1197,0.5018705090885726,50
0,Nesøy,3,3014,426,426,8L57916,2,Træna,0.001002527113363477,1198,0.5018705090885726,50
0,Nesøy,3,3014,1197,1197,8M72933,5,Hestmannøy,0.0009997245468926822,1199,0.5018705090885726,50
0,Nesøy,3,3014,4508,4508,8730987,4,Gjerøy,0.0009984478634010646,1200,0.5018705090885726,50
0,Nesøy,3,3014,3728,3728,8N87904,13,Southern 3,0.0009955336077129007,1201,0.5018705090885726,50
0,Nesøy,3,3014,5003,5003,8866779,1,Myken,0.0009942950284284034,1202,0.5018705090885726,50
0,Nesøy,3,3014,2907,2907,8N72683,11,Southern 1,0.0009930298108699687,1203,0.5018705090885726,50
0,Nesøy,3,3014,2069,2069,8N14041,4,Gjerøy,0.0009925271536743447,1204,0.5018705090885726,50
0,Nesøy,3,3014,3512,3512,8N87525,11,Southern 1,0.0009916267539669987,1205,0.5018705090885726,50
0,Nesøy,3,3014,2355,2355,8N14972,7,Onøy og Lurøy,0.00098993042870268,1206,0.5018705090885726,50
0,Nesøy,3,3014,292,292,8L52230,9,Sleneset,0.0009898758570528856,1207,0.5018705090885726,50
0,Nesøy,3,3014,3682,3682,8N87857,14,Southern 4,0.0009858280358454928,1208,0.5018705090885726,50
0,Nesøy,3,3014,2825,2825,8N72040,3,Selvær,0.000984682942819545,1209,0.5018705090885726,50
0,Nesøy,3,3014,5365,5365,8939899,5,Hestmannøy,0.0009842191037538043,1210,0.5018705090885726,50
0,Nesøy,3,3014,884,884,8M71097,5,Hestmannøy,0.0009834376795462751,1211,0.5018705090885726,50
0,Nesøy,3,3014,2413,2413,8N27142,7,Onøy og Lurøy,0.0009830796302008446,1212,0.5018705090885726,50
0,Nesøy,3,3014,3574,3574,8N87588,11,Southern 1,0.0009806129100132766,1213,0.5018705090885726,50
0,Nesøy,3,3014,4682,4682,8747588,2,Træna,0.0009797872073153931,1214,0.5018705090885726,50
0,Nesøy,3,3014,991,991,8M71457,13,Southern 3,0.0009781996628820465,1215,0.5018705090885726,50
0,Nesøy,3,3014,4377,4377,8681069,9,Sleneset,0.0009779474956576677,1216,0.5018705090885726,50
0,Nesøy,3,3014,319,319,8L52347,11,Southern 1,0.00097781992284741,1217,0.5018705090885726,50
0,Nesøy,3,3014,2438,2438,8N27320,6,Indre Kvarøy,0.0009767996441999794,1218,0.5018705090885726,50
0,Nesøy,3,3014,2842,2842,8N72269,6,Indre Kvarøy,0.0009764755776384406,1219,0.5018705090885726,50
0,Nesøy,3,3014,1964,1964,8N13666,13,Southern 3,0.0009717494003508698,1220,0.5018705090885726,50
0,Nesøy,3,3014,3131,3131,8N73441,11,Southern 1,0.000971721339700279,1221,0.5018705090885726,50
0,Nesøy,3,3014,2881,2881,8N72577,4,Gjerøy,0.0009678184378898172,1222,0.5018705090885726,50
0,Nesøy,3,3014,4510,4510,8732211,5,Hestmannøy,0.0009654002855815928,1223,0.5018705090885726,50
0,Nesøy,3,3014,2382,2382,8N27077,14,Southern 4,0.0009644240571001737,1224,0.5018705090885726,50
0,Nesøy,3,3014,3554,3554,8N87567,11,Southern 1,0.0009605593413716102,1225,0.5018705090885726,50
0,Nesøy,3,3014,4747,4747,8747875,1,Myken,0.0009592759520638768,1226,0.5018705090885726,50
0,Nesøy,3,3014,1045,1045,8M72001,2,Træna,0.0009592532908781579,1227,0.5018705090885726,50
0,Nesøy,3,3014,4382,4382,8681184,4,Gjerøy,0.0009559782646636316,1228,0.5018705090885726,50
0,Nesøy,3,3014,4596,4596,8747064,9,Sleneset,0.0009545566846298517,1229,0.5018705090885726,50
0,Nesøy,3,3014,4896,4896,8800612,5,Hestmannøy,0.0009488845999605155,1230,0.5018705090885726,50
0,Nesøy,3,3014,1645,1645,8N06292,2,Træna,0.0009481375040617371,1231,0.5018705090885726,50
0,Nesøy,3,3014,2398,2398,8N27093,2,Træna,0.0009470388650011577,1232,0.5018705090885726,50
0,Nesøy,3,3014,1734,1734,8N06688,14,Southern 4,0.0009446958489880846,1233,0.5018705090885726,50
0,Nesøy,3,3014,3189,3189,8N73500,12,Southern 2,0.0009440641106667047,1234,0.5018705090885726,50
0,Nesøy,3,3014,2058,2058,8N14010,4,Gjerøy,0.0009427725863457789,1235,0.5018705090885726,50
0,Nesøy,3,3014,1770,1770,8N06831,11,Southern 1,0.0009384281948935921,1236,0.5018705090885726,50
0,Nesøy,3,3014,3436,3436,8N87048,5,Hestmannøy,0.0009378936717706807,1237,0.5018705090885726,50
0,Nesøy,3,3014,196,196,8L48410,5,Hestmannøy,0.0009378666285473894,1238,0.5018705090885726,50
0,Nesøy,3,3014,1388,1388,8N05266,13,Southern 3,0.0009376396154533583,1239,0.5018705090885726,50
0,Nesøy,3,3014,5295,5295,8939372,7,Onøy og Lurøy,0.0009376200526016812,1240,0.5018705090885726,50
0,Nesøy,3,3014,2770,2770,8N42697,5,Hestmannøy,0.0009367974854708705,1241,0.5018705090885726,50
0,Nesøy,3,3014,490,490,8L64501,12,Southern 2,0.0009360026508366117,1242,0.5018705090885726,50
0,Nesøy,3,3014,1196,1196,8M72931,5,Hestmannøy,0.0009345439156786231,1243,0.5018705090885726,50
0,Nesøy,3,3014,931,931,8M71290,6,Indre Kvarøy,0.0009301039459297717,1244,0.5018705090885726,50
0,Nesøy,3,3014,747,747,8M31382,5,Hestmannøy,0.0009292511564145436,1245,0.5018705090885726,50
0,Nesøy,3,3014,4129,4129,8P26412,5,Hestmannøy,0.0009287872454661083,1246,0.5018705090885726,50
0,Nesøy,3,3014,3460,3460,8N87162,10,Aldra,0.0009266074302373502,1247,0.5018705090885726,50
0,Nesøy,3,3014,5161,5161,8934276,7,Onøy og Lurøy,0.000924578253997138,1248,0.5018705090885726,50
0,Nesøy,3,3014,2619,2619,8N28708,6,Indre Kvarøy,0.0009241015171075137,1249,0.5018705090885726,50
0,Nesøy,3,3014,3791,3791,8N87968,13,Southern 3,0.0009234901966794168,1250,0.5018705090885726,50
0,Nesøy,3,3014,3745,3745,8N87922,13,Southern 3,0.0009215735073432713,1251,0.5018705090885726,50
0,Nesøy,3,3014,300,300,8L52308,5,Hestmannøy,0.0009197406135658012,1252,0.5018705090885726,50
0,Nesøy,3,3014,2198,2198,8N14579,11,Southern 1,0.000919699173153654,1253,0.5018705090885726,50
0,Nesøy,3,3014,3724,3724,8N87900,13,Southern 3,0.0009195217245989141,1254,0.5018705090885726,50
0,Nesøy,3,3014,4973,4973,8857278,10,Aldra,0.0009177759456841606,1255,0.5018705090885726,50
0,Nesøy,3,3014,1853,1853,8N13073,14,Southern 4,0.0009174488253409214,1256,0.5018705090885726,50
0,Nesøy,3,3014,2233,2233,8N14614,13,Southern 3,0.0009149368422702221,1257,0.5018705090885726,50
0,Nesøy,3,3014,2222,2222,8N14603,13,Southern 3,0.0009138354364147846,1258,0.5018705090885726,50
0,Nesøy,3,3014,3203,3203,8N73515,7,Onøy og Lurøy,0.0009136872947952013,1259,0.5018705090885726,50
0,Nesøy,3,3014,4285,4285,8651539,4,Gjerøy,0.0009119121965349002,1260,0.5018705090885726,50
0,Nesøy,3,3014,3064,3064,8N73226,12,Southern 2,0.000906409639638551,1261,0.5018705090885726,50
0,Nesøy,3,3014,4151,4151,8P26692,7,Onøy og Lurøy,0.0009061635799513434,1262,0.5018705090885726,50
0,Nesøy,3,3014,3525,3525,8N87538,11,Southern 1,0.0009058529477496211,1263,0.5018705090885726,50
0,Nesøy,3,3014,1529,1529,8N05671,15,Southern 5,0.0009051825263102506,1264,0.5018705090885726,50
0,Nesøy,3,3014,3327,3327,8N73800,15,Southern 5,0.0009036482999041966,1265,0.5018705090885726,50
0,Nesøy,3,3014,4170,4170,8118433,4,Gjerøy,0.0009002931859563063,1266,0.5018705090885726,50
0,Nesøy,3,3014,2080,2080,8N14113,5,Hestmannøy,0.0009000261584302374,1267,0.5018705090885726,50
0,Nesøy,3,3014,865,865,8M31969,5,Hestmannøy,0.0008999804558671106,1268,0.5018705090885726,50
0,Nesøy,3,3014,4383,4383,8681190,4,Gjerøy,0.0008971532430296375,1269,0.5018705090885726,50
0,Nesøy,3,3014,3541,3541,8N87554,11,Southern 1,0.0008969818007939675,1270,0.5018705090885726,50
0,Nesøy,3,3014,4630,4630,8747274,2,Træna,0.0008965973839464582,1271,0.5018705090885726,50
0,Nesøy,3,3014,935,935,8M71296,5,Hestmannøy,0.0008964670788346329,1272,0.5018705090885726,50
0,Nesøy,3,3014,1210,1210,8M72990,4,Gjerøy,0.0008948408117160114,1273,0.5018705090885726,50
0,Nesøy,3,3014,478,478,8L64327,2,Træna,0.0008947563236779956,1274,0.5018705090885726,50
0,Nesøy,3,3014,1398,1398,8N05276,13,Southern 3,0.0008937429906036208,1275,0.5018705090885726,50
0,Nesøy,3,3014,2455,2455,8N27405,7,Onøy og Lurøy,0.0008932094123089943,1276,0.5018705090885726,50
0,Nesøy,3,3014,3706,3706,8N87882,13,Southern 3,0.0008925998876066244,1277,0.5018705090885726,50
0,Nesøy,3,3014,3081,3081,8N73243,14,Southern 4,0.0008924656277173413,1278,0.5018705090885726,50
0,Nesøy,3,3014,2249,2249,8N14630,13,Southern 3,0.0008924446671044925,1279,0.5018705090885726,50
0,Nesøy,3,3014,4305,4305,8651795,2,Træna,0.0008918420325130311,1280,0.5018705090885726,50
0,Nesøy,3,3014,1330,1330,8N05207,12,Southern 2,0.0008900048551046715,1281,0.5018705090885726,50
0,Nesøy,3,3014,1655,1655,8N06371,5,Hestmannøy,0.000889942497467613,1282,0.5018705090885726,50
0,Nesøy,3,3014,413,413,8L57803,9,Sleneset,0.0008891352722949156,1283,0.5018705090885726,50
0,Nesøy,3,3014,5170,5170,8934311,5,Hestmannøy,0.0008871038659100283,1284,0.5018705090885726,50
0,Nesøy,3,3014,2184,2184,8N14565,11,Southern 1,0.000886469563370094,1285,0.5018705090885726,50
0,Nesøy,3,3014,623,623,8L89613,4,Gjerøy,0.0008834230157289909,1286,0.5018705090885726,50
0,Nesøy,3,3014,4912,4912,8816427,1,Myken,0.0008808966784072847,1287,0.5018705090885726,50
0,Nesøy,3,3014,342,342,8L52388,11,Southern 1,0.0008808646010842012,1288,0.5018705090885726,50
0,Nesøy,3,3014,1005,1005,8M71501,4,Gjerøy,0.0008799263788823784,1289,0.5018705090885726,50
0,Nesøy,3,3014,4871,4871,8800470,5,Hestmannøy,0.0008793558730600733,1290,0.5018705090885726,50
0,Nesøy,3,3014,3447,3447,8N87068,5,Hestmannøy,0.0008790324889079336,1291,0.5018705090885726,50
0,Nesøy,3,3014,1104,1104,8M72544,11,Southern 1,0.0008784326965965456,1292,0.5018705090885726,50
0,Nesøy,3,3014,479,479,8L64372,3,Selvær,0.0008762994994001463,1293,0.5018705090885726,50
0,Nesøy,3,3014,896,896,8L64600,12,Southern 2,0.0008721613701175865,1294,0.5018705090885726,50
0,Nesøy,3,3014,2315,2315,8N14792,6,Indre Kvarøy,0.0008709622134220315,1295,0.5018705090885726,50
0,Nesøy,3,3014,3303,3303,8N73684,13,Southern 3,0.0008701313930180581,1296,0.5018705090885726,50
0,Nesøy,3,3014,5220,5220,8934596,10,Aldra,0.0008694157784158571,1297,0.5018705090885726,50
0,Nesøy,3,3014,4126,4126,8P26401,5,Hestmannøy,0.0008680532833046467,1298,0.5018705090885726,50
0,Nesøy,3,3014,440,440,8L64058,11,Southern 1,0.0008656437359675534,1299,0.5018705090885726,50
0,Nesøy,3,3014,3958,3958,8P14190,5,Hestmannøy,0.0008643939486719651,1300,0.5018705090885726,50
0,Nesøy,3,3014,1235,1235,8N05111,12,Southern 2,0.0008641305788267182,1301,0.5018705090885726,50
0,Nesøy,3,3014,3911,3911,8P11768,8,Lovund,0.0008617594196391421,1302,0.5018705090885726,50
0,Nesøy,3,3014,1596,1596,8N05863,11,Southern 1,0.0008605709829294913,1303,0.5018705090885726,50
0,Nesøy,3,3014,267,267,8L48789,11,Southern 1,0.000857873256833378,1304,0.5018705090885726,50
0,Nesøy,3,3014,410,410,8L57758,2,Træna,0.0008576042042006117,1305,0.5018705090885726,50
0,Nesøy,3,3014,141,141,8L30759,11,Southern 1,0.0008552241717479122,1306,0.5018705090885726,50
0,Nesøy,3,3014,3354,3354,8N73920,11,Southern 1,0.0008544413692573572,1307,0.5018705090885726,50
0,Nesøy,3,3014,2946,2946,8N72906,13,Southern 3,0.0008534182874869542,1308,0.5018705090885726,50
0,Nesøy,3,3014,3097,3097,8N73307,15,Southern 5,0.0008530469869083287,1309,0.5018705090885726,50
0,Nesøy,3,3014,4444,4444,8730436,5,Hestmannøy,0.0008524380295799947,1310,0.5018705090885726,50
0,Nesøy,3,3014,4829,4829,8800178,6,Indre Kvarøy,0.0008508118339322279,1311,0.5018705090885726,50
0,Nesøy,3,3014,3170,3170,8N73480,11,Southern 1,0.0008506935756384912,1312,0.5018705090885726,50
0,Nesøy,3,3014,1907,1907,8N13609,14,Southern 4,0.0008500609470185816,1313,0.5018705090885726,50
0,Nesøy,3,3014,4319,4319,8651911,7,Onøy og Lurøy,0.0008496403693132381,1314,0.5018705090885726,50
0,Nesøy,3,3014,3530,3530,8N87543,11,Southern 1,0.0008495214758324284,1315,0.5018705090885726,50
0,Nesøy,3,3014,4593,4593,8747026,2,Træna,0.0008485555896667885,1316,0.5018705090885726,50
0,Nesøy,3,3014,2437,2437,8N27316,5,Hestmannøy,0.0008457477426764157,1317,0.5018705090885726,50
0,Nesøy,3,3014,4078,4078,8P14956,14,Southern 4,0.0008447458618497429,1318,0.5018705090885726,50
0,Nesøy,3,3014,4065,4065,8P14900,14,Southern 4,0.0008436840130700868,1319,0.5018705090885726,50
0,Nesøy,3,3014,2743,2743,8N42521,5,Hestmannøy,0.0008414773772445672,1320,0.5018705090885726,50
0,Nesøy,3,3014,1306,1306,8N05182,13,Southern 3,0.0008411569358142257,1321,0.5018705090885726,50
0,Nesøy,3,3014,5506,5506,8981346,11,Southern 1,0.0008392137646541028,1322,0.5018705090885726,50
0,Nesøy,3,3014,335,335,8L52378,11,Southern 1,0.0008390761329139834,1323,0.5018705090885726,50
0,Nesøy,3,3014,2425,2425,8N27241,5,Hestmannøy,0.0008362338766488594,1324,0.5018705090885726,50
0,Nesøy,3,3014,3404,3404,8N73970,12,Southern 2,0.0008351222844243082,1325,0.5018705090885726,50
0,Nesøy,3,3014,4739,4739,8747813,10,Aldra,0.0008348828276529957,1326,0.5018705090885726,50
0,Nesøy,3,3014,4757,4757,8747940,4,Gjerøy,0.0008347038679313784,1327,0.5018705090885726,50
0,Nesøy,3,3014,3174,3174,8N73485,11,Southern 1,0.0008330050917379042,1328,0.5018705090885726,50
0,Nesøy,3,3014,3262,3262,8N73643,13,Southern 3,0.0008304180308291042,1329,0.5018705090885726,50
0,Nesøy,3,3014,777,777,8M31551,6,Indre Kvarøy,0.000829950724927625,1330,0.5018705090885726,50
0,Nesøy,3,3014,1285,1285,8M72694,14,Southern 4,0.0008284965107615374,1331,0.5018705090885726,50
0,Nesøy,3,3014,1449,1449,8N05494,6,Indre Kvarøy,0.0008269717308119119,1332,0.5018705090885726,50
0,Nesøy,3,3014,5406,5406,8943474,3,Selvær,0.000825435798985904,1333,0.5018705090885726,50
0,Nesøy,3,3014,560,560,8L89314,9,Sleneset,0.0008249835261643871,1334,0.5018705090885726,50
0,Nesøy,3,3014,4796,4796,8800042,4,Gjerøy,0.000823826618521245,1335,0.5018705090885726,50
0,Nesøy,3,3014,2799,2799,8N42791,4,Gjerøy,0.0008236222722188386,1336,0.5018705090885726,50
0,Nesøy,3,3014,3293,3293,8N73674,13,Southern 3,0.0008235181556591118,1337,0.5018705090885726,50
0,Nesøy,3,3014,3980,3980,8N14342,15,Southern 5,0.0008229630124423692,1338,0.5018705090885726,50
0,Nesøy,3,3014,3226,3226,8N73607,14,Southern 4,0.0008216738397016316,1339,0.5018705090885726,50
0,Nesøy,3,3014,2158,2158,8N14537,11,Southern 1,0.0008200598263978739,1340,0.5018705090885726,50
0,Nesøy,3,3014,1353,1353,8N05230,12,Southern 2,0.0008195275495188484,1341,0.5018705090885726,50
0,Nesøy,3,3014,4515,4515,8732237,2,Træna,0.0008177714481866894,1342,0.5018705090885726,50
0,Nesøy,3,3014,3271,3271,8N73652,13,Southern 3,0.0008171947575533953,1343,0.5018705090885726,50
0,Nesøy,3,3014,753,753,8M31445,5,Hestmannøy,0.000816881586120648,1344,0.5018705090885726,50
0,Nesøy,3,3014,2775,2775,8N42705,5,Hestmannøy,0.0008156169104185246,1345,0.5018705090885726,50
0,Nesøy,3,3014,204,204,8L48443,5,Hestmannøy,0.0008156105102572611,1346,0.5018705090885726,50
0,Nesøy,3,3014,2814,2814,8N42987,14,Southern 4,0.0008147133283174172,1347,0.5018705090885726,50
0,Nesøy,3,3014,546,546,8L89259,4,Gjerøy,0.0008145792162443154,1348,0.5018705090885726,50
0,Nesøy,3,3014,2633,2633,8N28780,5,Hestmannøy,0.0008140324768503918,1349,0.5018705090885726,50
0,Nesøy,3,3014,2316,2316,8N14801,2,Træna,0.0008133746932174079,1350,0.5018705090885726,50
0,Nesøy,3,3014,4073,4073,8N14938,4,Gjerøy,0.0008127199780469227,1351,0.5018705090885726,50
0,Nesøy,3,3014,451,451,8L64157,2,Træna,0.000812236979284047,1352,0.5018705090885726,50
0,Nesøy,3,3014,1182,1182,8M72878,5,Hestmannøy,0.0008122099075776615,1353,0.5018705090885726,50
0,Nesøy,3,3014,1582,1582,8N05820,7,Onøy og Lurøy,0.000811489614678533,1354,0.5018705090885726,50
0,Nesøy,3,3014,4341,4341,8681032,5,Hestmannøy,0.0008104762462264656,1355,0.5018705090885726,50
0,Nesøy,3,3014,2924,2924,8N72700,11,Southern 1,0.0008102843015398494,1356,0.5018705090885726,50
0,Nesøy,3,3014,5053,5053,8887345,5,Hestmannøy,0.0008098628790187277,1357,0.5018705090885726,50
0,Nesøy,3,3014,209,209,8L48452,5,Hestmannøy,0.0008094316788068939,1358,0.5018705090885726,50
0,Nesøy,3,3014,2401,2401,8N27096,8,Lovund,0.000809383854767843,1359,0.5018705090885726,50
0,Nesøy,3,3014,4982,4982,8857609,9,Sleneset,0.0008070955199818919,1360,0.5018705090885726,50
0,Nesøy,3,3014,881,881,8M71086,5,Hestmannøy,0.0008069079980238705,1361,0.5018705090885726,50
0,Nesøy,3,3014,640,640,8L89663,4,Gjerøy,0.0008044427373732998,1362,0.5018705090885726,50
0,Nesøy,3,3014,4289,4289,8651658,6,Indre Kvarøy,0.0008039837233841629,1363,0.5018705090885726,50
0,Nesøy,3,3014,5422,5422,8943737,5,Hestmannøy,0.0008024575725263412,1364,0.5018705090885726,50
0,Nesøy,3,3014,4360,4360,8681065,9,Sleneset,0.0008023467415031526,1365,0.5018705090885726,50
0,Nesøy,3,3014,1129,1129,8M72609,5,Hestmannøy,0.00080170480919996,1366,0.5018705090885726,50
0,Nesøy,3,3014,2804,2804,8N42911,6,Indre Kvarøy,0.0008011885719348016,1367,0.5018705090885726,50
0,Nesøy,3,3014,1511,1511,8N05653,11,Southern 1,0.0008010012606305148,1368,0.5018705090885726,50
0,Nesøy,3,3014,2610,2610,8N28687,5,Hestmannøy,0.0008002725009708517,1369,0.5018705090885726,50
0,Nesøy,3,3014,4386,4386,8681213,9,Sleneset,0.000798769630230732,1370,0.5018705090885726,50
0,Nesøy,3,3014,4655,4655,8747497,3,Selvær,0.000797937645052241,1371,0.5018705090885726,50
0,Nesøy,3,3014,3894,3894,8P11577,5,Hestmannøy,0.0007972729127865074,1372,0.5018705090885726,50
0,Nesøy,3,3014,2443,2443,8N27333,4,Gjerøy,0.0007960496755319274,1373,0.5018705090885726,50
0,Nesøy,3,3014,5442,5442,8981012,5,Hestmannøy,0.0007956409051506982,1374,0.5018705090885726,50
0,Nesøy,3,3014,1321,1321,8N05198,13,Southern 3,0.0007952367566065179,1375,0.5018705090885726,50
0,Nesøy,3,3014,3123,3123,8N73433,11,Southern 1,0.000791010245573515,1376,0.5018705090885726,50
0,Nesøy,3,3014,608,608,8L89514,5,Hestmannøy,0.000789013191229453,1377,0.5018705090885726,50
0,Nesøy,3,3014,5379,5379,8943053,9,Sleneset,0.0007877608814330071,1378,0.5018705090885726,50
0,Nesøy,3,3014,3685,3685,8N87860,14,Southern 4,0.0007875841885894275,1379,0.5018705090885726,50
0,Nesøy,3,3014,4192,4192,8168660,1,Myken,0.0007867782971754053,1380,0.5018705090885726,50
0,Nesøy,3,3014,4302,4302,8651784,3,Selvær,0.0007862249907474385,1381,0.5018705090885726,50
0,Nesøy,3,3014,1360,1360,8N05237,13,Southern 3,0.0007856715867094938,1382,0.5018705090885726,50
0,Nesøy,3,3014,3288,3288,8N73669,13,Southern 3,0.0007852752196076705,1383,0.5018705090885726,50
0,Nesøy,3,3014,1990,1990,8N13692,13,Southern 3,0.0007842006512079669,1384,0.5018705090885726,50
0,Nesøy,3,3014,4701,4701,8747701,8,Lovund,0.000783340779766121,1385,0.5018705090885726,50
0,Nesøy,3,3014,998,998,8M71485,13,Southern 3,0.0007815727938710962,1386,0.5018705090885726,50
0,Nesøy,3,3014,1400,1400,8N05278,13,Southern 3,0.0007807898565314403,1387,0.5018705090885726,50
0,Nesøy,3,3014,5122,5122,8917965,8,Lovund,0.0007804053268596756,1388,0.5018705090885726,50
0,Nesøy,3,3014,3863,3863,8P11545,14,Southern 4,0.0007801862730953293,1389,0.5018705090885726,50
0,Nesøy,3,3014,1697,1697,8N06494,12,Southern 2,0.0007791941886171772,1390,0.5018705090885726,50
0,Nesøy,3,3014,3309,3309,8N73691,13,Southern 3,0.0007738357587293404,1391,0.5018705090885726,50
0,Nesøy,3,3014,1763,1763,8N06824,11,Southern 1,0.0007733731357289151,1392,0.5018705090885726,50
0,Nesøy,3,3014,2256,2256,8N14638,13,Southern 3,0.0007721987009951794,1393,0.5018705090885726,50
0,Nesøy,3,3014,1881,1881,8N13418,2,Træna,0.0007711362755683804,1394,0.5018705090885726,50
0,Nesøy,3,3014,3895,3895,8P11578,5,Hestmannøy,0.0007704098229533115,1395,0.5018705090885726,50
0,Nesøy,3,3014,3313,3313,8N73695,13,Southern 3,0.0007696739281382975,1396,0.5018705090885726,50
0,Nesøy,3,3014,1960,1960,8N13661,13,Southern 3,0.0007685266860132829,1397,0.5018705090885726,50
0,Nesøy,3,3014,3693,3693,8N87868,13,Southern 3,0.000766604790624568,1398,0.5018705090885726,50
0,Nesøy,3,3014,994,994,8M71463,13,Southern 3,0.0007664413022743658,1399,0.5018705090885726,50
0,Nesøy,3,3014,5120,5120,8917961,8,Lovund,0.000765041866028491,1400,0.5018705090885726,50
0,Nesøy,3,3014,2281,2281,8N14664,13,Southern 3,0.0007646196660720656,1401,0.5018705090885726,50
0,Nesøy,3,3014,674,674,8L89836,5,Hestmannøy,0.0007639952763059305,1402,0.5018705090885726,50
0,Nesøy,3,3014,5399,5399,8943339,11,Southern 1,0.000762121274545382,1403,0.5018705090885726,50
0,Nesøy,3,3014,5166,5166,8934287,7,Onøy og Lurøy,0.0007618582255871759,1404,0.5018705090885726,50
0,Nesøy,3,3014,3355,3355,8N73921,11,Southern 1,0.000760902787007518,1405,0.5018705090885726,50
0,Nesøy,3,3014,4275,4275,8598631,2,Træna,0.0007590942059644882,1406,0.5018705090885726,50
0,Nesøy,3,3014,144,144,8L30762,12,Southern 2,0.0007588729826215038,1407,0.5018705090885726,50
0,Nesøy,3,3014,398,398,8L52954,5,Hestmannøy,0.0007576820709052298,1408,0.5018705090885726,50
0,Nesøy,3,3014,1970,1970,8N13672,13,Southern 3,0.0007565168323032557,1409,0.5018705090885726,50
0,Nesøy,3,3014,5296,5296,8939373,7,Onøy og Lurøy,0.00075523934347485,1410,0.5018705090885726,50
0,Nesøy,3,3014,3132,3132,8N73442,11,Southern 1,0.000754979778010867,1411,0.5018705090885726,50
0,Nesøy,3,3014,2390,2390,8N27085,14,Southern 4,0.000753939819586727,1412,0.5018705090885726,50
0,Nesøy,3,3014,3942,3942,8P14061,4,Gjerøy,0.0007537772682775456,1413,0.5018705090885726,50
0,Nesøy,3,3014,5068,5068,8887408,6,Indre Kvarøy,0.0007533654618303478,1414,0.5018705090885726,50
0,Nesøy,3,3014,5357,5357,8939836,8,Lovund,0.0007532021779253861,1415,0.5018705090885726,50
0,Nesøy,3,3014,3908,3908,8P11750,7,Onøy og Lurøy,0.0007517028943686224,1416,0.5018705090885726,50
0,Nesøy,3,3014,4874,4874,8800488,10,Aldra,0.000750507723822888,1417,0.5018705090885726,50
0,Nesøy,3,3014,3032,3032,8N73188,15,Southern 5,0.0007486694163380954,1418,0.5018705090885726,50
0,Nesøy,3,3014,3127,3127,8N73437,11,Southern 1,0.0007486660597581016,1419,0.5018705090885726,50
0,Nesøy,3,3014,2950,2950,8N72910,13,Southern 3,0.0007445580188891746,1420,0.5018705090885726,50
0,Nesøy,3,3014,1084,1084,8M72413,13,Southern 3,0.0007441763173365737,1421,0.5018705090885726,50
0,Nesøy,3,3014,1355,1355,8N05232,12,Southern 2,0.0007436664284206701,1422,0.5018705090885726,50
0,Nesøy,3,3014,1686,1686,8N06483,12,Southern 2,0.0007427610156208208,1423,0.5018705090885726,50
0,Nesøy,3,3014,2392,2392,8N27087,14,Southern 4,0.0007415129094589145,1424,0.5018705090885726,50
0,Nesøy,3,3014,1016,1016,8M71520,5,Hestmannøy,0.0007380183486381663,1425,0.5018705090885726,50
0,Nesøy,3,3014,2681,2681,8N42061,8,Lovund,0.0007378008076881765,1426,0.5018705090885726,50
0,Nesøy,3,3014,4697,4697,8747675,9,Sleneset,0.0007376488590006004,1427,0.5018705090885726,50
0,Nesøy,3,3014,2504,2504,8N27886,2,Træna,0.0007347677778728423,1428,0.5018705090885726,50
0,Nesøy,3,3014,1801,1801,8N06862,11,Southern 1,0.0007346701964844212,1429,0.5018705090885726,50
0,Nesøy,3,3014,3873,3873,8P11555,14,Southern 4,0.0007333703361327575,1430,0.5018705090885726,50
0,Nesøy,3,3014,2716,2716,8N42397,5,Hestmannøy,0.0007329552946888549,1431,0.5018705090885726,50
0,Nesøy,3,3014,5353,5353,8939796,12,Southern 2,0.0007325935592979478,1432,0.5018705090885726,50
0,Nesøy,3,3014,4667,4667,8747544,10,Aldra,0.0007319864708195261,1433,0.5018705090885726,50
0,Nesøy,3,3014,5263,5263,8939125,4,Gjerøy,0.0007301702925120754,1434,0.5018705090885726,50
0,Nesøy,3,3014,4122,4122,8P15000,15,Southern 5,0.0007273037414100397,1435,0.5018705090885726,50
0,Nesøy,3,3014,981,981,8M71398,12,Southern 2,0.0007255680563852743,1436,0.5018705090885726,50
0,Nesøy,3,3014,1950,1950,8N13651,14,Southern 4,0.0007253492877207044,1437,0.5018705090885726,50
0,Nesøy,3,3014,2862,2862,8N72448,3,Selvær,0.0007249450390483281,1438,0.5018705090885726,50
0,Nesøy,3,3014,504,504,8L64825,2,Træna,0.000720794989920119,1439,0.5018705090885726,50
0,Nesøy,3,3014,4534,4534,8732505,8,Lovund,0.000719978360853678,1440,0.5018705090885726,50
0,Nesøy,3,3014,4833,4833,8800196,6,Indre Kvarøy,0.0007193808082662661,1441,0.5018705090885726,50
0,Nesøy,3,3014,2977,2977,8N72938,13,Southern 3,0.0007152588706651662,1442,0.5018705090885726,50
0,Nesøy,3,3014,4798,4798,8800046,5,Hestmannøy,0.0007140587897368949,1443,0.5018705090885726,50
0,Nesøy,3,3014,2642,2642,8N28790,15,Southern 5,0.0007140283419240778,1444,0.5018705090885726,50
0,Nesøy,3,3014,520,520,8L64901,5,Hestmannøy,0.000713650542138432,1445,0.5018705090885726,50
0,Nesøy,3,3014,5208,5208,8934497,4,Gjerøy,0.0007135837763556711,1446,0.5018705090885726,50
0,Nesøy,3,3014,1082,1082,8M72405,13,Southern 3,0.0007118930550136237,1447,0.5018705090885726,50
0,Nesøy,3,3014,3002,3002,8N72964,13,Southern 3,0.0007118107918883551,1448,0.5018705090885726,50
0,Nesøy,3,3014,3662,3662,8N87835,14,Southern 4,0.0007108781206033193,1449,0.5018705090885726,50
0,Nesøy,3,3014,1607,1607,8N05876,11,Southern 1,0.0007104742071937702,1450,0.5018705090885726,50
0,Nesøy,3,3014,4064,4064,8P14875,14,Southern 4,0.000708964550345187,1451,0.5018705090885726,50
0,Nesøy,3,3014,1347,1347,8N05224,12,Southern 2,0.000708903175792591,1452,0.5018705090885726,50
0,Nesøy,3,3014,1603,1603,8N05870,11,Southern 1,0.000708258389283606,1453,0.5018705090885726,50
0,Nesøy,3,3014,5549,5549,8981822,5,Hestmannøy,0.0007082049708741267,1454,0.5018705090885726,50
0,Nesøy,3,3014,3038,3038,8N73194,15,Southern 5,0.000707319900956378,1455,0.5018705090885726,50
0,Nesøy,3,3014,1765,1765,8N06826,11,Southern 1,0.0007060044646753996,1456,0.5018705090885726,50
0,Nesøy,3,3014,3883,3883,8P11565,14,Southern 4,0.0007059920583359253,1457,0.5018705090885726,50
0,Nesøy,3,3014,3830,3830,8P11393,14,Southern 4,0.0007055794014693384,1458,0.5018705090885726,50
0,Nesøy,3,3014,3372,3372,8N73938,12,Southern 2,0.0007055489009891139,1459,0.5018705090885726,50
0,Nesøy,3,3014,743,743,8M31365,4,Gjerøy,0.0007053119312047757,1460,0.5018705090885726,50
0,Nesøy,3,3014,3836,3836,8P11517,14,Southern 4,0.0007052786218032728,1461,0.5018705090885726,50
0,Nesøy,3,3014,3477,3477,8N87267,8,Lovund,0.0007051633004781218,1462,0.5018705090885726,50
0,Nesøy,3,3014,900,900,8L64587,12,Southern 2,0.0007045660046783714,1463,0.5018705090885726,50
0,Nesøy,3,3014,4929,4929,8816931,4,Gjerøy,0.0007028165666833133,1464,0.5018705090885726,50
0,Nesøy,3,3014,4547,4547,8732591,2,Træna,0.0007021655565888754,1465,0.5018705090885726,50
0,Nesøy,3,3014,1772,1772,8N06833,11,Southern 1,0.0007014305846884095,1466,0.5018705090885726,50
0,Nesøy,3,3014,3258,3258,8N73639,13,Southern 3,0.0007008540362344085,1467,0.5018705090885726,50
0,Nesøy,3,3014,3105,3105,8N73318,15,Southern 5,0.0006989058176356899,1468,0.5018705090885726,50
0,Nesøy,3,3014,2232,2232,8N14613,13,Southern 3,0.000698862082205361,1469,0.5018705090885726,50
0,Nesøy,3,3014,1828,1828,8N06892,11,Southern 1,0.0006986625151341898,1470,0.5018705090885726,50
0,Nesøy,3,3014,211,211,8L48455,5,Hestmannøy,0.000698185266650933,1471,0.5018705090885726,50
0,Nesøy,3,3014,4595,4595,8747062,9,Sleneset,0.0006952696084038032,1472,0.5018705090885726,50
0,Nesøy,3,3014,2275,2275,8N14658,13,Southern 3,0.0006944521726315158,1473,0.5018705090885726,50
0,Nesøy,3,3014,661,661,8L89741,5,Hestmannøy,0.0006941209107947091,1474,0.5018705090885726,50
0,Nesøy,3,3014,2766,2766,8N42664,4,Gjerøy,0.0006924335853542214,1475,0.5018705090885726,50
0,Nesøy,3,3014,2077,2077,8N14106,4,Gjerøy,0.0006922987364890879,1476,0.5018705090885726,50
0,Nesøy,3,3014,1636,1636,8N06020,3,Selvær,0.0006910380458119097,1477,0.5018705090885726,50
0,Nesøy,3,3014,4268,4268,8598501,6,Indre Kvarøy,0.0006905496210797196,1478,0.5018705090885726,50
0,Nesøy,3,3014,5533,5533,8981725,7,Onøy og Lurøy,0.0006900265826996979,1479,0.5018705090885726,50
0,Nesøy,3,3014,5431,5431,8943836,6,Indre Kvarøy,0.0006892478220840609,1480,0.5018705090885726,50
0,Nesøy,3,3014,3066,3066,8N73228,12,Southern 2,0.0006891047495145497,1481,0.5018705090885726,50
0,Nesøy,3,3014,1336,1336,8N05213,12,Southern 2,0.0006888267804906564,1482,0.5018705090885726,50
0,Nesøy,3,3014,2873,2873,8N72516,4,Gjerøy,0.0006859813330478717,1483,0.5018705090885726,50
0,Nesøy,3,3014,2499,2499,8N27873,5,Hestmannøy,0.0006859607831452924,1484,0.5018705090885726,50
0,Nesøy,3,3014,2979,2979,8N72940,13,Southern 3,0.000683773065965629,1485,0.5018705090885726,50
0,Nesøy,3,3014,2181,2181,8N14562,11,Southern 1,0.0006836639537751686,1486,0.5018705090885726,50
0,Nesøy,3,3014,1409,1409,8N05287,13,Southern 3,0.0006836505802986039,1487,0.5018705090885726,50
0,Nesøy,3,3014,2665,2665,8N28873,5,Hestmannøy,0.0006834735818048687,1488,0.5018705090885726,50
0,Nesøy,3,3014,4221,4221,8309197,5,Hestmannøy,0.0006833765373129818,1489,0.5018705090885726,50
0,Nesøy,3,3014,293,293,8L52231,3,Selvær,0.0006832465543156345,1490,0.5018705090885726,50
0,Nesøy,3,3014,2491,2491,8N27825,6,Indre Kvarøy,0.000683122337808628,1491,0.5018705090885726,50
0,Nesøy,3,3014,5073,5073,8887421,6,Indre Kvarøy,0.0006815820802479986,1492,0.5018705090885726,50
0,Nesøy,3,3014,3711,3711,8N87887,13,Southern 3,0.0006803750147576917,1493,0.5018705090885726,50
0,Nesøy,3,3014,481,481,8L64397,3,Selvær,0.0006799654455168969,1494,0.5018705090885726,50
0,Nesøy,3,3014,3302,3302,8N73683,13,Southern 3,0.0006789155691635383,1495,0.5018705090885726,50
0,Nesøy,3,3014,5327,5327,8939602,5,Hestmannøy,0.0006769198668668632,1496,0.5018705090885726,50
0,Nesøy,3,3014,3109,3109,8N73358,15,Southern 5,0.000676777096647778,1497,0.5018705090885726,50
0,Nesøy,3,3014,975,975,8L64113,12,Southern 2,0.0006695060128935724,1498,0.5018705090885726,50
0,Nesøy,3,3014,819,819,8L89550,12,Southern 2,0.0006692425843154451,1499,0.5018705090885726,50
0,Nesøy,3,3014,3721,3721,8N87897,13,Southern 3,0.0006690930541781753,1500,0.5018705090885726,50
0,Nesøy,3,3014,3233,3233,8N73614,14,Southern 4,0.0006679439063521116,1501,0.5018705090885726,50
0,Nesøy,3,3014,4793,4793,8800031,5,Hestmannøy,0.000665777963083509,1502,0.5018705090885726,50
0,Nesøy,3,3014,4190,4190,8168655,5,Hestmannøy,0.0006649350883794758,1503,0.5018705090885726,50
0,Nesøy,3,3014,4556,4556,8732621,2,Træna,0.0006648769575881254,1504,0.5018705090885726,50
0,Nesøy,3,3014,3689,3689,8N87864,14,Southern 4,0.0006647734306705918,1505,0.5018705090885726,50
0,Nesøy,3,3014,297,297,8L52284,2,Træna,0.0006643980156275574,1506,0.5018705090885726,50
0,Nesøy,3,3014,760,760,8M31485,5,Hestmannøy,0.0006641678311547702,1507,0.5018705090885726,50
0,Nesøy,3,3014,2884,2884,8N72603,4,Gjerøy,0.0006636077704900317,1508,0.5018705090885726,50
0,Nesøy,3,3014,4639,4639,8747294,9,Sleneset,0.0006623663583386407,1509,0.5018705090885726,50
0,Nesøy,3,3014,754,754,8M31452,5,Hestmannøy,0.0006615895857900788,1510,0.5018705090885726,50
0,Nesøy,3,3014,2164,2164,8N14543,11,Southern 1,0.0006615396396590034,1511,0.5018705090885726,50
0,Nesøy,3,3014,5209,5209,8934499,4,Gjerøy,0.0006612219137862363,1512,0.5018705090885726,50
0,Nesøy,3,3014,3562,3562,8N87575,11,Southern 1,0.0006606457138328543,1513,0.5018705090885726,50
0,Nesøy,3,3014,1723,1723,8N06677,14,Southern 4,0.0006603830810995187,1514,0.5018705090885726,50
0,Nesøy,3,3014,3301,3301,8N73682,13,Southern 3,0.0006599514091503619,1515,0.5018705090885726,50
0,Nesøy,3,3014,788,788,8M31625,4,Gjerøy,0.0006599259885858792,1516,0.5018705090885726,50
0,Nesøy,3,3014,2079,2079,8N14111,5,Hestmannøy,0.0006598105664301638,1517,0.5018705090885726,50
0,Nesøy,3,3014,2771,2771,8N42701,6,Indre Kvarøy,0.0006593718722595157,1518,0.5018705090885726,50
0,Nesøy,3,3014,2691,2691,8N42139,2,Træna,0.0006593469406334581,1519,0.5018705090885726,50
0,Nesøy,3,3014,192,192,8L48323,4,Gjerøy,0.0006577465562688096,1520,0.5018705090885726,50
0,Nesøy,3,3014,2029,2029,8N13948,4,Gjerøy,0.0006572035973116413,1521,0.5018705090885726,50
0,Nesøy,3,3014,814,814,8M31778,11,Southern 1,0.000656902700798358,1522,0.5018705090885726,50
0,Nesøy,3,3014,746,746,8M31374,5,Hestmannøy,0.0006565712780096986,1523,0.5018705090885726,50
0,Nesøy,3,3014,3778,3778,8N87955,13,Southern 3,0.0006539900533240607,1524,0.5018705090885726,50
0,Nesøy,3,3014,4573,4573,8732666,2,Træna,0.0006539180070903414,1525,0.5018705090885726,50
0,Nesøy,3,3014,4367,4367,8681074,5,Hestmannøy,0.0006536535659259077,1526,0.5018705090885726,50
0,Nesøy,3,3014,2920,2920,8N72696,11,Southern 1,0.0006525426718504565,1527,0.5018705090885726,50
0,Nesøy,3,3014,1473,1473,8N05608,14,Southern 4,0.0006524839750625439,1528,0.5018705090885726,50
0,Nesøy,3,3014,956,956,8L64441,13,Southern 3,0.0006520358190593775,1529,0.5018705090885726,50
0,Nesøy,3,3014,5374,5374,8943014,10,Aldra,0.000649899353221014,1530,0.5018705090885726,50
0,Nesøy,3,3014,2811,2811,8N42970,5,Hestmannøy,0.0006496478339619632,1531,0.5018705090885726,50
0,Nesøy,3,3014,3119,3119,8N73425,6,Indre Kvarøy,0.0006469402452450941,1532,0.5018705090885726,50
0,Nesøy,3,3014,2350,2350,8N14967,7,Onøy og Lurøy,0.00064630925247009,1533,0.5018705090885726,50
0,Nesøy,3,3014,169,169,8L30848,3,Selvær,0.0006462401331631559,1534,0.5018705090885726,50
0,Nesøy,3,3014,3061,3061,8N73223,12,Southern 2,0.0006458664128054419,1535,0.5018705090885726,50
0,Nesøy,3,3014,1995,1995,8N13697,13,Southern 3,0.0006450213624069536,1536,0.5018705090885726,50
0,Nesøy,3,3014,4505,4505,8732220,9,Sleneset,0.000644103134678037,1537,0.5018705090885726,50
0,Nesøy,3,3014,2386,2386,8N27081,14,Southern 4,0.000643525676259235,1538,0.5018705090885726,50
0,Nesøy,3,3014,1716,1716,8N06581,4,Gjerøy,0.0006432176260125358,1539,0.5018705090885726,50
0,Nesøy,3,3014,1229,1229,8N05105,12,Southern 2,0.000642754969048514,1540,0.5018705090885726,50
0,Nesøy,3,3014,5447,5447,8981025,5,Hestmannøy,0.0006411236185921709,1541,0.5018705090885726,50
0,Nesøy,3,3014,2699,2699,8N42214,9,Sleneset,0.000636949632073473,1542,0.5018705090885726,50
0,Nesøy,3,3014,5008,5008,8866792,5,Hestmannøy,0.0006359904959442059,1543,0.5018705090885726,50
0,Nesøy,3,3014,1771,1771,8N06832,11,Southern 1,0.0006345409788762176,1544,0.5018705090885726,50
0,Nesøy,3,3014,4946,4946,8857101,7,Onøy og Lurøy,0.0006344030141181303,1545,0.5018705090885726,50
0,Nesøy,3,3014,3741,3741,8N87918,13,Southern 3,0.0006341259308192447,1546,0.5018705090885726,50
0,Nesøy,3,3014,3859,3859,8P11540,15,Southern 5,0.0006339741867416733,1547,0.5018705090885726,50
0,Nesøy,3,3014,4625,4625,8747259,6,Indre Kvarøy,0.0006328787696595531,1548,0.5018705090885726,50
0,Nesøy,3,3014,3020,3020,8N73087,6,Indre Kvarøy,0.0006317512807162448,1549,0.5018705090885726,50
0,Nesøy,3,3014,41,41,8L19928,10,Aldra,0.0006310847647545107,1550,0.5018705090885726,50
0,Nesøy,3,3014,3043,3043,8N73199,15,Southern 5,0.0006305666213473238,1551,0.5018705090885726,50
0,Nesøy,3,3014,844,844,8M31908,12,Southern 2,0.0006267479045812243,1552,0.5018705090885726,50
0,Nesøy,3,3014,1092,1092,8M72444,13,Southern 3,0.0006266209069055259,1553,0.5018705090885726,50
0,Nesøy,3,3014,4491,4491,8730931,3,Selvær,0.000626244907981629,1554,0.5018705090885726,50
0,Nesøy,3,3014,5108,5108,8917841,3,Selvær,0.0006253888969772739,1555,0.5018705090885726,50
0,Nesøy,3,3014,1551,1551,8N05693,15,Southern 5,0.0006248957640919795,1556,0.5018705090885726,50
0,Nesøy,3,3014,5231,5231,8934875,3,Selvær,0.0006247013639217072,1557,0.5018705090885726,50
0,Nesøy,3,3014,4252,4252,8573515,6,Indre Kvarøy,0.0006246948638720603,1558,0.5018705090885726,50
0,Nesøy,3,3014,3225,3225,8N73606,14,Southern 4,0.0006243939786069971,1559,0.5018705090885726,50
0,Nesøy,3,3014,3634,3634,8N87807,14,Southern 4,0.0006242671329464536,1560,0.5018705090885726,50
0,Nesøy,3,3014,40,40,8L19922,10,Aldra,0.0006216316509185412,1561,0.5018705090885726,50
0,Nesøy,3,3014,366,366,8L52535,5,Hestmannøy,0.0006212788668607386,1562,0.5018705090885726,50
0,Nesøy,3,3014,4910,4910,8816409,5,Hestmannøy,0.000620802691628594,1563,0.5018705090885726,50
0,Nesøy,3,3014,2940,2940,8N72826,14,Southern 4,0.0006204562084892529,1564,0.5018705090885726,50
0,Nesøy,3,3014,2306,2306,8N14689,13,Southern 3,0.0006203237420431243,1565,0.5018705090885726,50
0,Nesøy,3,3014,1072,1072,8M72272,2,Træna,0.0006190658079632706,1566,0.5018705090885726,50
0,Nesøy,3,3014,5407,5407,8943475,2,Træna,0.0006160982719239642,1567,0.5018705090885726,50
0,Nesøy,3,3014,5306,5306,8939392,6,Indre Kvarøy,0.0006160629957189287,1568,0.5018705090885726,50
0,Nesøy,3,3014,651,651,8L89718,4,Gjerøy,0.0006136641287042573,1569,0.5018705090885726,50
0,Nesøy,3,3014,3581,3581,8N87595,11,Southern 1,0.0006131201194703509,1570,0.5018705090885726,50
0,Nesøy,3,3014,2718,2718,8N42431,14,Southern 4,0.0006126029994126331,1571,0.5018705090885726,50
0,Nesøy,3,3014,2763,2763,8N42649,7,Onøy og Lurøy,0.0006119235182364642,1572,0.5018705090885726,50
0,Nesøy,3,3014,1401,1401,8N05279,13,Southern 3,0.0006111139690254507,1573,0.5018705090885726,50
0,Nesøy,3,3014,1665,1665,8N06462,12,Southern 2,0.0006102209238147679,1574,0.5018705090885726,50
0,Nesøy,3,3014,802,802,8M31737,3,Selvær,0.0006094370842755898,1575,0.5018705090885726,50
0,Nesøy,3,3014,3546,3546,8N87559,11,Southern 1,0.0006093972079489348,1576,0.5018705090885726,50
0,Nesøy,3,3014,5221,5221,8934600,4,Gjerøy,0.0006055668785107928,1577,0.5018705090885726,50
0,Nesøy,3,3014,3665,3665,8N87838,14,Southern 4,0.0006050279237035988,1578,0.5018705090885726,50
0,Nesøy,3,3014,4357,4357,8681060,6,Indre Kvarøy,0.0006040105141007953,1579,0.5018705090885726,50
0,Nesøy,3,3014,3674,3674,8N87849,14,Southern 4,0.0006025843851561551,1580,0.5018705090885726,50
0,Nesøy,3,3014,295,295,8L52243,5,Hestmannøy,0.0005990376872072392,1581,0.5018705090885726,50
0,Nesøy,3,3014,4800,4800,8800059,4,Gjerøy,0.0005963417042019126,1582,0.5018705090885726,50
0,Nesøy,3,3014,392,392,8L52922,6,Indre Kvarøy,0.0005947701582360692,1583,0.5018705090885726,50
0,Nesøy,3,3014,938,938,8M71301,6,Indre Kvarøy,0.0005934953857808148,1584,0.5018705090885726,50
0,Nesøy,3,3014,4991,4991,8857778,5,Hestmannøy,0.0005918158013788459,1585,0.5018705090885726,50
0,Nesøy,3,3014,1274,1274,8N05150,12,Southern 2,0.0005917955432972669,1586,0.5018705090885726,50
0,Nesøy,3,3014,4301,4301,8651783,3,Selvær,0.0005916780428991579,1587,0.5018705090885726,50
0,Nesøy,3,3014,5328,5328,8939603,5,Hestmannøy,0.0005890078278521361,1588,0.5018705090885726,50
0,Nesøy,3,3014,3278,3278,8N73659,13,Southern 3,0.0005889442834135887,1589,0.5018705090885726,50
0,Nesøy,3,3014,704,704,8M31212,11,Southern 1,0.0005888115279400538,1590,0.5018705090885726,50
0,Nesøy,3,3014,2215,2215,8N14596,11,Southern 1,0.0005861859182872554,1591,0.5018705090885726,50
0,Nesøy,3,3014,1886,1886,8N13437,2,Træna,0.0005858932205579087,1592,0.5018705090885726,50
0,Nesøy,3,3014,5569,5569,8981944,2,Træna,0.0005836128705865975,1593,0.5018705090885726,50
0,Nesøy,3,3014,1757,1757,8N06800,5,Hestmannøy,0.000582551485674995,1594,0.5018705090885726,50
0,Nesøy,3,3014,494,494,8L64529,14,Southern 4,0.0005817317047716417,1595,0.5018705090885726,50
0,Nesøy,3,3014,612,612,8L89519,5,Hestmannøy,0.000580866097314768,1596,0.5018705090885726,50
0,Nesøy,3,3014,3538,3538,8N87551,11,Southern 1,0.0005807483781845911,1597,0.5018705090885726,50
0,Nesøy,3,3014,1012,1012,8M71511,1,Myken,0.0005786328163712806,1598,0.5018705090885726,50
0,Nesøy,3,3014,3966,3966,8P14264,5,Hestmannøy,0.0005771599075783402,1599,0.5018705090885726,50
0,Nesøy,3,3014,3410,3410,8N73976,12,Southern 2,0.0005768986345628263,1600,0.5018705090885726,50
0,Nesøy,3,3014,1124,1124,8M72597,14,Southern 4,0.0005766679280968256,1601,0.5018705090885726,50
0,Nesøy,3,3014,1871,1871,8N13333,3,Selvær,0.0005766141935456321,1602,0.5018705090885726,50
0,Nesøy,3,3014,2171,2171,8N14551,11,Southern 1,0.0005765885482021482,1603,0.5018705090885726,50
0,Nesøy,3,3014,689,689,8M31084,2,Træna,0.000576030392544348,1604,0.5018705090885726,50
0,Nesøy,3,3014,4539,4539,8732541,8,Lovund,0.0005756319866207436,1605,0.5018705090885726,50
0,Nesøy,3,3014,4298,4298,8651765,7,Onøy og Lurøy,0.0005738660143647897,1606,0.5018705090885726,50
0,Nesøy,3,3014,354,354,8L52404,6,Indre Kvarøy,0.0005726634215516315,1607,0.5018705090885726,50
0,Nesøy,3,3014,821,821,8M31798,11,Southern 1,0.0005725846392889745,1608,0.5018705090885726,50
0,Nesøy,3,3014,3402,3402,8N73968,12,Southern 2,0.0005717584335027814,1609,0.5018705090885726,50
0,Nesøy,3,3014,832,832,8L89143,13,Southern 3,0.0005714967485577527,1610,0.5018705090885726,50
0,Nesøy,3,3014,1666,1666,8N06463,12,Southern 2,0.0005710922705306,1611,0.5018705090885726,50
0,Nesøy,3,3014,3321,3321,8N73740,14,Southern 4,0.0005707943008433236,1612,0.5018705090885726,50
0,Nesøy,3,3014,813,813,8M31774,11,Southern 1,0.0005706402584601968,1613,0.5018705090885726,50
0,Nesøy,3,3014,1835,1835,8N06899,11,Southern 1,0.0005698004391083809,1614,0.5018705090885726,50
0,Nesøy,3,3014,1860,1860,8N13105,14,Southern 4,0.0005688371891881495,1615,0.5018705090885726,50
0,Nesøy,3,3014,1290,1290,8N05166,12,Southern 2,0.0005684862305531917,1616,0.5018705090885726,50
0,Nesøy,3,3014,4868,4868,8800467,5,Hestmannøy,0.0005682467985434147,1617,0.5018705090885726,50
0,Nesøy,3,3014,2427,2427,8N27249,5,Hestmannøy,0.0005676966839881851,1618,0.5018705090885726,50
0,Nesøy,3,3014,3819,3819,8P11064,2,Træna,0.0005676411556592633,1619,0.5018705090885726,50
0,Nesøy,3,3014,5137,5137,8934069,5,Hestmannøy,0.0005668165987138534,1620,0.5018705090885726,50
0,Nesøy,3,3014,1263,1263,8N05139,12,Southern 2,0.0005647057188222414,1621,0.5018705090885726,50
0,Nesøy,3,3014,2935,2935,8N72795,4,Gjerøy,0.0005640172577934547,1622,0.5018705090885726,50
0,Nesøy,3,3014,3624,3624,8N87759,4,Gjerøy,0.0005639765218184354,1623,0.5018705090885726,50
0,Nesøy,3,3014,4923,4923,8816901,10,Aldra,0.0005622783861335154,1624,0.5018705090885726,50
0,Nesøy,3,3014,759,759,8M31484,5,Hestmannøy,0.0005621904295300456,1625,0.5018705090885726,50
0,Nesøy,3,3014,3360,3360,8N73926,11,Southern 1,0.0005617920591892426,1626,0.5018705090885726,50
0,Nesøy,3,3014,720,720,8M31285,10,Aldra,0.0005595432770064479,1627,0.5018705090885726,50
0,Nesøy,3,3014,2406,2406,8N27120,7,Onøy og Lurøy,0.0005588066255967855,1628,0.5018705090885726,50
0,Nesøy,3,3014,2661,2661,8N28851,5,Hestmannøy,0.0005559542361052974,1629,0.5018705090885726,50
0,Nesøy,3,3014,266,266,8L48785,11,Southern 1,0.0005544924554584688,1630,0.5018705090885726,50
0,Nesøy,3,3014,5034,5034,8887267,6,Indre Kvarøy,0.0005542252383189217,1631,0.5018705090885726,50
0,Nesøy,3,3014,4717,4717,8747737,9,Sleneset,0.0005535278082052456,1632,0.5018705090885726,50
0,Nesøy,3,3014,2264,2264,8N14647,13,Southern 3,0.0005531064515241636,1633,0.5018705090885726,50
0,Nesøy,3,3014,5441,5441,8981009,5,Hestmannøy,0.0005527834534625188,1634,0.5018705090885726,50
0,Nesøy,3,3014,434,434,8M71460,13,Southern 3,0.0005525082530776526,1635,0.5018705090885726,50
0,Nesøy,3,3014,5274,5274,8939195,5,Hestmannøy,0.0005522392700192956,1636,0.5018705090885726,50
0,Nesøy,3,3014,4522,4522,8732258,1,Myken,0.0005506079351268787,1637,0.5018705090885726,50
0,Nesøy,3,3014,160,160,8L30783,5,Hestmannøy,0.0005502644602680889,1638,0.5018705090885726,50
0,Nesøy,3,3014,1535,1535,8N05677,15,Southern 5,0.0005499581187020468,1639,0.5018705090885726,50
0,Nesøy,3,3014,3597,3597,8N87616,15,Southern 5,0.0005494933190844548,1640,0.5018705090885726,50
0,Nesøy,3,3014,3795,3795,8N87972,13,Southern 3,0.0005483581523806616,1641,0.5018705090885726,50
0,Nesøy,3,3014,5546,5546,8981806,5,Hestmannøy,0.0005478636527314852,1642,0.5018705090885726,50
0,Nesøy,3,3014,1127,1127,8M72602,5,Hestmannøy,0.0005462871306570849,1643,0.5018705090885726,50
0,Nesøy,3,3014,2251,2251,8N14632,13,Southern 3,0.0005460682542268103,1644,0.5018705090885726,50
0,Nesøy,3,3014,948,948,8M71317,5,Hestmannøy,0.0005455293632614838,1645,0.5018705090885726,50
0,Nesøy,3,3014,1338,1338,8N05215,12,Southern 2,0.0005422202511466988,1646,0.5018705090885726,50
0,Nesøy,3,3014,1559,1559,8N05707,4,Gjerøy,0.0005418077725856746,1647,0.5018705090885726,50
0,Nesøy,3,3014,30,30,8L19860,10,Aldra,0.0005413949385024677,1648,0.5018705090885726,50
0,Nesøy,3,3014,411,411,8L57789,3,Selvær,0.0005401984135360291,1649,0.5018705090885726,50
0,Nesøy,3,3014,2310,2310,8N14699,14,Southern 4,0.0005398112719225434,1650,0.5018705090885726,50
0,Nesøy,3,3014,2530,2530,8N27981,10,Aldra,0.0005394115844199915,1651,0.5018705090885726,50
0,Nesøy,3,3014,5436,5436,8943894,5,Hestmannøy,0.000538526927514625,1652,0.5018705090885726,50
0,Nesøy,3,3014,1884,1884,8N13425,9,Sleneset,0.0005380364494896459,1653,0.5018705090885726,50
0,Nesøy,3,3014,3875,3875,8P11557,14,Southern 4,0.0005378853789291121,1654,0.5018705090885726,50
0,Nesøy,3,3014,4911,4911,8816418,4,Gjerøy,0.0005362188728482104,1655,0.5018705090885726,50
0,Nesøy,3,3014,2978,2978,8N72939,13,Southern 3,0.0005352747848990886,1656,0.5018705090885726,50
0,Nesøy,3,3014,2010,2010,8N13856,15,Southern 5,0.0005352571185245422,1657,0.5018705090885726,50
0,Nesøy,3,3014,4145,4145,8P26580,8,Lovund,0.0005352052299123975,1658,0.5018705090885726,50
0,Nesøy,3,3014,2456,2456,8N27406,7,Onøy og Lurøy,0.0005341162594875076,1659,0.5018705090885726,50
0,Nesøy,3,3014,4062,4062,8P14873,14,Southern 4,0.0005339990051762697,1660,0.5018705090885726,50
0,Nesøy,3,3014,5360,5360,8L57872,8,Lovund,0.0005322566071078869,1661,0.5018705090885726,50
0,Nesøy,3,3014,1125,1125,8M72598,11,Southern 1,0.000531532877871309,1662,0.5018705090885726,50
0,Nesøy,3,3014,1829,1829,8N06893,11,Southern 1,0.0005305766423462043,1663,0.5018705090885726,50
0,Nesøy,3,3014,1044,1044,8M71881,5,Hestmannøy,0.0005300438981366806,1664,0.5018705090885726,50
0,Nesøy,3,3014,3667,3667,8N87840,14,Southern 4,0.000529123573287744,1665,0.5018705090885726,50
0,Nesøy,3,3014,4795,4795,8800038,5,Hestmannøy,0.0005288961341194629,1666,0.5018705090885726,50
0,Nesøy,3,3014,2460,2460,8N27410,10,Aldra,0.0005285560629144543,1667,0.5018705090885726,50
0,Nesøy,3,3014,3057,3057,8N73219,12,Southern 2,0.0005276003607040179,1668,0.5018705090885726,50
0,Nesøy,3,3014,4866,4866,8800439,4,Gjerøy,0.00052738854792063,1669,0.5018705090885726,50
0,Nesøy,3,3014,3969,3969,8P14310,14,Southern 4,0.0005271921746735722,1670,0.5018705090885726,50
0,Nesøy,3,3014,79,79,8L30001,10,Aldra,0.000526941376549225,1671,0.5018705090885726,50
0,Nesøy,3,3014,5377,5377,8943039,4,Gjerøy,0.0005262865782971903,1672,0.5018705090885726,50
0,Nesøy,3,3014,3631,3631,8N87804,14,Southern 4,0.000525491836615731,1673,0.5018705090885726,50
0,Nesøy,3,3014,397,397,8L52950,5,Hestmannøy,0.0005247004811170157,1674,0.5018705090885726,50
0,Nesøy,3,3014,4438,4438,8681496,2,Træna,0.0005244972126329017,1675,0.5018705090885726,50
0,Nesøy,3,3014,4954,4954,8857220,5,Hestmannøy,0.00052365952334367,1676,0.5018705090885726,50
0,Nesøy,3,3014,1085,1085,8M72416,13,Southern 3,0.0005223174995078458,1677,0.5018705090885726,50
0,Nesøy,3,3014,2948,2948,8N72908,13,Southern 3,0.0005213256565316718,1678,0.5018705090885726,50
0,Nesøy,3,3014,2755,2755,8N42545,7,Onøy og Lurøy,0.0005211168140351094,1679,0.5018705090885726,50
0,Nesøy,3,3014,2532,2532,8N28001,2,Træna,0.0005206664270212991,1680,0.5018705090885726,50
0,Nesøy,3,3014,4651,4651,8747417,1,Myken,0.0005202339462410249,1681,0.5018705090885726,50
0,Nesøy,3,3014,4589,4589,8732698,4,Gjerøy,0.0005202258273053845,1682,0.5018705090885726,50
0,Nesøy,3,3014,145,145,8L30763,12,Southern 2,0.0005189522427253502,1683,0.5018705090885726,50
0,Nesøy,3,3014,3089,3089,8N73291,2,Træna,0.0005173341889387187,1684,0.5018705090885726,50
0,Nesøy,3,3014,1938,1938,8N13637,14,Southern 4,0.0005170469245459776,1685,0.5018705090885726,50
0,Nesøy,3,3014,3147,3147,8N73457,11,Southern 1,0.0005158975980729466,1686,0.5018705090885726,50
0,Nesøy,3,3014,4131,4131,8P26450,6,Indre Kvarøy,0.0005158541945030065,1687,0.5018705090885726,50
0,Nesøy,3,3014,4398,4398,8681283,7,Onøy og Lurøy,0.0005142449005318521,1688,0.5018705090885726,50
0,Nesøy,3,3014,916,916,8M71238,6,Indre Kvarøy,0.000514109637965398,1689,0.5018705090885726,50
0,Nesøy,3,3014,4359,4359,8681063,9,Sleneset,0.0005133154383356051,1690,0.5018705090885726,50
0,Nesøy,3,3014,1247,1247,8N05123,12,Southern 2,0.0005128707667568487,1691,0.5018705090885726,50
0,Nesøy,3,3014,3914,3914,8P11788,2,Træna,0.0005126627870631482,1692,0.5018705090885726,50
0,Nesøy,3,3014,833,833,8L89119,13,Southern 3,0.0005111444941750158,1693,0.5018705090885726,50
0,Nesøy,3,3014,2031,2031,8N13951,4,Gjerøy,0.0005107317573360286,1694,0.5018705090885726,50
0,Nesøy,3,3014,166,166,8L30829,3,Selvær,0.0005102168272081201,1695,0.5018705090885726,50
0,Nesøy,3,3014,5251,5251,8939076,5,Hestmannøy,0.0005101087602891697,1696,0.5018705090885726,50
0,Nesøy,3,3014,5352,5352,8939768,5,Hestmannøy,0.0005097719417501136,1697,0.5018705090885726,50
0,Nesøy,3,3014,3310,3310,8N73692,13,Southern 3,0.0005093253977286412,1698,0.5018705090885726,50
0,Nesøy,3,3014,3324,3324,8N73794,15,Southern 5,0.0005090722452330074,1699,0.5018705090885726,50
0,Nesøy,3,3014,2112,2112,8N14292,15,Southern 5,0.0005089769782240374,1700,0.5018705090885726,50
0,Nesøy,3,3014,2106,2106,8N14286,15,Southern 5,0.0005089408655740235,1701,0.5018705090885726,50
0,Nesøy,3,3014,3734,3734,8N87910,13,Southern 3,0.0005077603102358285,1702,0.5018705090885726,50
0,Nesøy,3,3014,4033,4033,8P14844,14,Southern 4,0.0005070670802863215,1703,0.5018705090885726,50
0,Nesøy,3,3014,1557,1557,8N05705,5,Hestmannøy,0.0005061112509620414,1704,0.5018705090885726,50
0,Nesøy,3,3014,3608,3608,8N87629,15,Southern 5,0.0005057319601622264,1705,0.5018705090885726,50
0,Nesøy,3,3014,817,817,8M31784,11,Southern 1,0.0005051697593749502,1706,0.5018705090885726,50
0,Nesøy,3,3014,2239,2239,8N14620,13,Southern 3,0.0005045970248704766,1707,0.5018705090885726,50
0,Nesøy,3,3014,4575,4575,8732670,7,Onøy og Lurøy,0.0005031042751823991,1708,0.5018705090885726,50
0,Nesøy,3,3014,1310,1310,8N05187,13,Southern 3,0.0005023361222331772,1709,0.5018705090885726,50
0,Nesøy,3,3014,1123,1123,8M72594,11,Southern 1,0.0005023306220349492,1710,0.5018705090885726,50
0,Nesøy,3,3014,3901,3901,8P11634,2,Træna,0.0005018775414720802,1711,0.5018705090885726,50
0,Nesøy,3,3014,1712,1712,8N06560,4,Gjerøy,0.0005017439056168371,1712,0.5018705090885726,50
0,Nesøy,3,3014,2057,2057,8N14009,10,Aldra,0.0005013306249540675,1713,0.5018705090885726,50
0,Nesøy,3,3014,4751,4751,8747884,1,Myken,0.0005012355002758334,1714,0.5018705090885726,50
0,Nesøy,3,3014,2918,2918,8N72694,11,Southern 1,0.0005005466306123376,1715,0.5018705090885726,50
0,Nesøy,3,3014,2921,2921,8N72697,11,Southern 1,0.0004992640141265276,1716,0.5018705090885726,50
0,Nesøy,3,3014,3961,3961,8P14220,5,Hestmannøy,0.0004990901394886684,1717,0.5018705090885726,50
0,Nesøy,3,3014,542,542,8L89244,6,Indre Kvarøy,0.0004989799952832164,1718,0.5018705090885726,50
0,Nesøy,3,3014,2272,2272,8N14655,13,Southern 3,0.0004976659833970095,1719,0.5018705090885726,50
0,Nesøy,3,3014,531,531,8L88307,3,Selvær,0.0004975779131764729,1720,0.5018705090885726,50
0,Nesøy,3,3014,5514,5514,8981536,3,Selvær,0.0004964278692360386,1721,0.5018705090885726,50
0,Nesøy,3,3014,878,878,8L64880,11,Southern 1,0.0004962200124726308,1722,0.5018705090885726,50
0,Nesøy,3,3014,2245,2245,8N14626,13,Southern 3,0.0004950460486657191,1723,0.5018705090885726,50
0,Nesøy,3,3014,5373,5373,8943013,10,Aldra,0.0004948203816314123,1724,0.5018705090885726,50
0,Nesøy,3,3014,1428,1428,8N05307,13,Southern 3,0.000494468896798144,1725,0.5018705090885726,50
0,Nesøy,3,3014,4403,4403,8681308,4,Gjerøy,0.0004938011977308254,1726,0.5018705090885726,50
0,Nesøy,3,3014,890,890,8L64770,13,Southern 3,0.000493785706588396,1727,0.5018705090885726,50
0,Nesøy,3,3014,1261,1261,8N05137,12,Southern 2,0.0004927267294406254,1728,0.5018705090885726,50
0,Nesøy,3,3014,484,484,8M71353,12,Southern 2,0.0004923469181534023,1729,0.5018705090885726,50
0,Nesøy,3,3014,4507,4507,8730981,6,Indre Kvarøy,0.0004922699315218945,1730,0.5018705090885726,50
0,Nesøy,3,3014,4676,4676,8747564,5,Hestmannøy,0.0004917212826249432,1731,0.5018705090885726,50
0,Nesøy,3,3014,501,501,8L64812,3,Selvær,0.0004899086886106332,1732,0.5018705090885726,50
0,Nesøy,3,3014,923,923,8M71268,5,Hestmannøy,0.0004894151186032407,1733,0.5018705090885726,50
0,Nesøy,3,3014,1632,1632,8N05953,14,Southern 4,0.0004891806378556071,1734,0.5018705090885726,50
0,Nesøy,3,3014,4506,4506,8730979,6,Indre Kvarøy,0.0004891246763872448,1735,0.5018705090885726,50
0,Nesøy,3,3014,2036,2036,8N13967,6,Indre Kvarøy,0.00048762528868708215,1736,0.5018705090885726,50
0,Nesøy,3,3014,951,951,8M71323,11,Southern 1,0.0004862151473114898,1737,0.5018705090885726,50
0,Nesøy,3,3014,2595,2595,8N28538,9,Sleneset,0.00048619445456617047,1738,0.5018705090885726,50
0,Nesøy,3,3014,3726,3726,8N87902,13,Southern 3,0.00048566397301787466,1739,0.5018705090885726,50
0,Nesøy,3,3014,1745,1745,8N06699,14,Southern 4,0.000484585607086197,1740,0.5018705090885726,50
0,Nesøy,3,3014,3632,3632,8N87805,14,Southern 4,0.0004827409678151545,1741,0.5018705090885726,50
0,Nesøy,3,3014,3397,3397,8N73963,12,Southern 2,0.000481477578749545,1742,0.5018705090885726,50
0,Nesøy,3,3014,525,525,8L64922,10,Aldra,0.00048009366217147435,1743,0.5018705090885726,50
0,Nesøy,3,3014,670,670,8M31211,11,Southern 1,0.00047924743509551634,1744,0.5018705090885726,50
0,Nesøy,3,3014,4645,4645,8747365,5,Hestmannøy,0.00047558735080233046,1745,0.5018705090885726,50
0,Nesøy,3,3014,2366,2366,8N27053,14,Southern 4,0.0004754749274184161,1746,0.5018705090885726,50
0,Nesøy,3,3014,4732,4732,8747781,4,Gjerøy,0.0004754283757445564,1747,0.5018705090885726,50
0,Nesøy,3,3014,1230,1230,8N05106,12,Southern 2,0.00047379934591172375,1748,0.5018705090885726,50
0,Nesøy,3,3014,5103,5103,8917801,2,Træna,0.0004735035802763851,1749,0.5018705090885726,50
0,Nesøy,3,3014,3862,3862,8P11544,14,Southern 4,0.0004731703400789182,1750,0.5018705090885726,50
0,Nesøy,3,3014,5235,5235,8934887,7,Onøy og Lurøy,0.000472693250797267,1751,0.5018705090885726,50
0,Nesøy,3,3014,771,771,8M31543,6,Indre Kvarøy,0.0004719117561909024,1752,0.5018705090885726,50
0,Nesøy,3,3014,2576,2576,8N28402,2,Træna,0.00047174284712506176,1753,0.5018705090885726,50
0,Nesøy,3,3014,957,957,8M71335,12,Southern 2,0.00047132246124900523,1754,0.5018705090885726,50
0,Nesøy,3,3014,2135,2135,8N14446,4,Gjerøy,0.0004695813957238221,1755,0.5018705090885726,50
0,Nesøy,3,3014,1163,1163,8M72745,1,Myken,0.00046908324331412896,1756,0.5018705090885726,50
0,Nesøy,3,3014,2278,2278,8N14661,13,Southern 3,0.00046435137029639224,1757,0.5018705090885726,50
0,Nesøy,3,3014,202,202,8L48438,5,Hestmannøy,0.0004639221922570665,1758,0.5018705090885726,50
0,Nesøy,3,3014,692,692,8M31115,8,Lovund,0.00046313125136027437,1759,0.5018705090885726,50
0,Nesøy,3,3014,1657,1657,8N06394,4,Gjerøy,0.00046258839023114855,1760,0.5018705090885726,50
0,Nesøy,3,3014,4454,4454,8730453,5,Hestmannøy,0.0004610637455542274,1761,0.5018705090885726,50
0,Nesøy,3,3014,4785,4785,8800012,7,Onøy og Lurøy,0.00045885038358338377,1762,0.5018705090885726,50
0,Nesøy,3,3014,2136,2136,8N14515,11,Southern 1,0.00045803984834205474,1763,0.5018705090885726,50
0,Nesøy,3,3014,5277,5277,8939199,5,Hestmannøy,0.0004578893516347199,1764,0.5018705090885726,50
0,Nesøy,3,3014,1973,1973,8N13675,13,Southern 3,0.0004568998816961117,1765,0.5018705090885726,50
0,Nesøy,3,3014,4762,4762,8747974,5,Hestmannøy,0.00045656873662006906,1766,0.5018705090885726,50
0,Nesøy,3,3014,4574,4574,8732667,2,Træna,0.0004524297839245597,1767,0.5018705090885726,50
0,Nesøy,3,3014,2641,2641,8N28789,15,Southern 5,0.0004519402895889666,1768,0.5018705090885726,50
0,Nesøy,3,3014,3376,3376,8N73942,12,Southern 2,0.0004517486060216999,1769,0.5018705090885726,50
0,Nesøy,3,3014,5190,5190,8934402,8,Lovund,0.00045120232244976204,1770,0.5018705090885726,50
0,Nesøy,3,3014,1846,1846,8N06943,4,Gjerøy,0.0004508137917117144,1771,0.5018705090885726,50
0,Nesøy,3,3014,1345,1345,8N05222,12,Southern 2,0.0004506906678115892,1772,0.5018705090885726,50
0,Nesøy,3,3014,752,752,8M31435,4,Gjerøy,0.0004498584656885321,1773,0.5018705090885726,50
0,Nesøy,3,3014,5153,5153,8934236,2,Træna,0.0004490986418223214,1774,0.5018705090885726,50
0,Nesøy,3,3014,159,159,8L30782,4,Gjerøy,0.00044905146752563963,1775,0.5018705090885726,50
0,Nesøy,3,3014,3124,3124,8N73434,11,Southern 1,0.0004462692183680668,1776,0.5018705090885726,50
0,Nesøy,3,3014,1683,1683,8N06480,12,Southern 2,0.0004461023332639194,1777,0.5018705090885726,50
0,Nesøy,3,3014,4658,4658,8747515,7,Onøy og Lurøy,0.0004457677946011425,1778,0.5018705090885726,50
0,Nesøy,3,3014,3820,3820,8P11070,2,Træna,0.0004390235510851782,1779,0.5018705090885726,50
0,Nesøy,3,3014,4517,4517,8732239,7,Onøy og Lurøy,0.00043815789464203764,1780,0.5018705090885726,50
0,Nesøy,3,3014,4841,4841,8800338,7,Onøy og Lurøy,0.0004373765512920849,1781,0.5018705090885726,50
0,Nesøy,3,3014,289,289,8L52224,3,Selvær,0.00043644352831427965,1782,0.5018705090885726,50
0,Nesøy,3,3014,605,605,8L89508,5,Hestmannøy,0.0004362464199716925,1783,0.5018705090885726,50
0,Nesøy,3,3014,2167,2167,8N14546,11,Southern 1,0.0004350750852889123,1784,0.5018705090885726,50
0,Nesøy,3,3014,4922,4922,8816497,5,Hestmannøy,0.0004346212649326736,1785,0.5018705090885726,50
0,Nesøy,3,3014,4421,4421,8681403,5,Hestmannøy,0.0004338639872665068,1786,0.5018705090885726,50
0,Nesøy,3,3014,3407,3407,8N73973,12,Southern 2,0.0004334938266016838,1787,0.5018705090885726,50
0,Nesøy,3,3014,2478,2478,8N27618,14,Southern 4,0.0004326211233885156,1788,0.5018705090885726,50
0,Nesøy,3,3014,1675,1675,8N06472,12,Southern 2,0.0004324356417317626,1789,0.5018705090885726,50
0,Nesøy,3,3014,7,7,8L19569,3,Selvær,0.000432111587362227,1790,0.5018705090885726,50
0,Nesøy,3,3014,729,729,8M31305,4,Gjerøy,0.0004313157341288844,1791,0.5018705090885726,50
0,Nesøy,3,3014,1178,1178,8M72863,4,Gjerøy,0.0004301048904010346,1792,0.5018705090885726,50
0,Nesøy,3,3014,1170,1170,8M72797,6,Indre Kvarøy,0.000426754020079903,1793,0.5018705090885726,50
0,Nesøy,3,3014,711,711,8M31253,8,Lovund,0.0004262984225998128,1794,0.5018705090885726,50
0,Nesøy,3,3014,2449,2449,8N27356,5,Hestmannøy,0.00042569015481230626,1795,0.5018705090885726,50
0,Nesøy,3,3014,365,365,8L52534,5,Hestmannøy,0.000425501371177579,1796,0.5018705090885726,50
0,Nesøy,3,3014,4428,4428,8681464,5,Hestmannøy,0.0004249073000529538,1797,0.5018705090885726,50
0,Nesøy,3,3014,3113,3113,8N73404,4,Gjerøy,0.0004246973175837118,1798,0.5018705090885726,50
0,Nesøy,3,3014,4323,4323,8651952,5,Hestmannøy,0.0004237078273362334,1799,0.5018705090885726,50
0,Nesøy,3,3014,1539,1539,8N05681,15,Southern 5,0.00042333742033915213,1800,0.5018705090885726,50
0,Nesøy,3,3014,2384,2384,8N27079,14,Southern 4,0.0004223545623606316,1801,0.5018705090885726,50
0,Nesøy,3,3014,1693,1693,8N06490,12,Southern 2,0.000420211758457293,1802,0.5018705090885726,50
0,Nesøy,3,3014,4197,4197,8168698,5,Hestmannøy,0.0004200036975079868,1803,0.5018705090885726,50
0,Nesøy,3,3014,3560,3560,8N87573,11,Southern 1,0.00041999006764681824,1804,0.5018705090885726,50
0,Nesøy,3,3014,5212,5212,8934526,1,Myken,0.0004190644676057487,1805,0.5018705090885726,50
0,Nesøy,3,3014,4754,4754,8747905,6,Indre Kvarøy,0.0004141684771160453,1806,0.5018705090885726,50
0,Nesøy,3,3014,1928,1928,8N13627,14,Southern 4,0.00041405664656622867,1807,0.5018705090885726,50
0,Nesøy,3,3014,2370,2370,8N27065,14,Southern 4,0.00041405012412091516,1808,0.5018705090885726,50
0,Nesøy,3,3014,1726,1726,8N06680,14,Southern 4,0.0004132559476990599,1809,0.5018705090885726,50
0,Nesøy,3,3014,3627,3627,8N87774,5,Hestmannøy,0.000413119861875023,1810,0.5018705090885726,50
0,Nesøy,3,3014,1513,1513,8N05655,14,Southern 4,0.00041131278921266364,1811,0.5018705090885726,50
0,Nesøy,3,3014,4578,4578,8732674,7,Onøy og Lurøy,0.00041070310707668254,1812,0.5018705090885726,50
0,Nesøy,3,3014,4987,4987,8857739,4,Gjerøy,0.00041023252085306495,1813,0.5018705090885726,50
0,Nesøy,3,3014,56,56,8L19969,5,Hestmannøy,0.00041002782069933237,1814,0.5018705090885726,50
0,Nesøy,3,3014,1457,1457,8N05536,5,Hestmannøy,0.00040978286901010766,1815,0.5018705090885726,50
0,Nesøy,3,3014,3959,3959,8P14191,5,Hestmannøy,0.00040884349415414316,1816,0.5018705090885726,50
0,Nesøy,3,3014,2815,2815,8N42988,14,Southern 4,0.00040703770776255035,1817,0.5018705090885726,50
0,Nesøy,3,3014,3725,3725,8N87901,13,Southern 3,0.0004069298064235413,1818,0.5018705090885726,50
0,Nesøy,3,3014,1710,1710,8N06554,4,Gjerøy,0.0004056684882082625,1819,0.5018705090885726,50
0,Nesøy,3,3014,3840,3840,8P11521,14,Southern 4,0.00040561408708685243,1820,0.5018705090885726,50
0,Nesøy,3,3014,4199,4199,8168709,4,Gjerøy,0.0004050539513909648,1821,0.5018705090885726,50
0,Nesøy,3,3014,4147,4147,8P26650,8,Lovund,0.00040469056123374923,1822,0.5018705090885726,50
0,Nesøy,3,3014,179,179,8L30947,2,Træna,0.0004045411982576913,1823,0.5018705090885726,50
0,Nesøy,3,3014,3550,3550,8N87563,11,Southern 1,0.00040402632493012847,1824,0.5018705090885726,50
0,Nesøy,3,3014,3259,3259,8N73640,13,Southern 3,0.00040351987262175537,1825,0.5018705090885726,50
0,Nesøy,3,3014,5445,5445,8981021,4,Gjerøy,0.0004008018404297221,1826,0.5018705090885726,50
0,Nesøy,3,3014,3328,3328,8N73818,5,Hestmannøy,0.00039813596974797803,1827,0.5018705090885726,50
0,Nesøy,3,3014,647,647,8L89704,4,Gjerøy,0.0003974229805199177,1828,0.5018705090885726,50
0,Nesøy,3,3014,4446,4446,8730439,5,Hestmannøy,0.0003971753227526541,1829,0.5018705090885726,50
0,Nesøy,3,3014,5031,5031,8887249,5,Hestmannøy,0.00039688915290816875,1830,0.5018705090885726,50
0,Nesøy,3,3014,1875,1875,8N13357,2,Træna,0.00039620195424215523,1831,0.5018705090885726,50
0,Nesøy,3,3014,310,310,8L52330,12,Southern 2,0.00039429005047683077,1832,0.5018705090885726,50
0,Nesøy,3,3014,4410,4410,8681355,5,Hestmannøy,0.0003937895476172621,1833,0.5018705090885726,50
0,Nesøy,3,3014,2068,2068,8N14031,5,Hestmannøy,0.0003930459668247657,1834,0.5018705090885726,50
0,Nesøy,3,3014,1151,1151,8M72695,14,Southern 4,0.0003930111926003007,1835,0.5018705090885726,50
0,Nesøy,3,3014,1554,1554,8N05702,5,Hestmannøy,0.00039280690105034625,1836,0.5018705090885726,50
0,Nesøy,3,3014,2302,2302,8N14685,13,Southern 3,0.000392421573456531,1837,0.5018705090885726,50
0,Nesøy,3,3014,1007,1007,8M71503,4,Gjerøy,0.0003912870978957197,1838,0.5018705090885726,50
0,Nesøy,3,3014,4488,4488,8730922,3,Selvær,0.0003910528450041273,1839,0.5018705090885726,50
0,Nesøy,3,3014,2659,2659,8N28848,5,Hestmannøy,0.00038981938548752,1840,0.5018705090885726,50
0,Nesøy,3,3014,2966,2966,8N72927,13,Southern 3,0.0003894876247298707,1841,0.5018705090885726,50
0,Nesøy,3,3014,2577,2577,8N28403,9,Sleneset,0.00038882269998446025,1842,0.5018705090885726,50
0,Nesøy,3,3014,1332,1332,8N05209,12,Southern 2,0.000387906911439519,1843,0.5018705090885726,50
0,Nesøy,3,3014,3051,3051,8N73213,12,Southern 2,0.00038770732532452995,1844,0.5018705090885726,50
0,Nesøy,3,3014,4389,4389,8681237,3,Selvær,0.00038500233279968653,1845,0.5018705090885726,50
0,Nesøy,3,3014,4249,4249,8573187,4,Gjerøy,0.0003846068922828083,1846,0.5018705090885726,50
0,Nesøy,3,3014,3228,3228,8N73609,14,Southern 4,0.000384526299031909,1847,0.5018705090885726,50
0,Nesøy,3,3014,3023,3023,8N73097,5,Hestmannøy,0.0003839717894717014,1848,0.5018705090885726,50
0,Nesøy,3,3014,5310,5310,8939442,3,Selvær,0.00038221441973384005,1849,0.5018705090885726,50
0,Nesøy,3,3014,5141,5141,8934089,5,Hestmannøy,0.00038217319334573696,1850,0.5018705090885726,50
0,Nesøy,3,3014,3990,3990,8P14574,2,Træna,0.0003820495185838818,1851,0.5018705090885726,50
0,Nesøy,3,3014,4057,4057,8P14868,14,Southern 4,0.0003813770872084404,1852,0.5018705090885726,50
0,Nesøy,3,3014,161,161,8L30784,5,Hestmannøy,0.00037980945639981014,1853,0.5018705090885726,50
0,Nesøy,3,3014,1541,1541,8N05683,15,Southern 5,0.00037912780521477104,1854,0.5018705090885726,50
0,Nesøy,3,3014,5134,5134,8934062,5,Hestmannøy,0.00037639831252887654,1855,0.5018705090885726,50
0,Nesøy,3,3014,2911,2911,8N72687,11,Southern 1,0.0003763982487487993,1856,0.5018705090885726,50
0,Nesøy,3,3014,1913,1913,8N13604,14,Southern 4,0.00037575462515270023,1857,0.5018705090885726,50
0,Nesøy,3,3014,3707,3707,8N87883,13,Southern 3,0.00037552157547836307,1858,0.5018705090885726,50
0,Nesøy,3,3014,3907,3907,8P11749,7,Onøy og Lurøy,0.0003748517990234342,1859,0.5018705090885726,50
0,Nesøy,3,3014,946,946,8M71313,5,Hestmannøy,0.00037483200372257717,1860,0.5018705090885726,50
0,Nesøy,3,3014,2773,2773,8N42703,6,Indre Kvarøy,0.00037478306150693394,1861,0.5018705090885726,50
0,Nesøy,3,3014,1283,1283,8N05160,12,Southern 2,0.0003743028096074255,1862,0.5018705090885726,50
0,Nesøy,3,3014,5347,5347,8939750,5,Hestmannøy,0.0003740934244816135,1863,0.5018705090885726,50
0,Nesøy,3,3014,2061,2061,8N14014,7,Onøy og Lurøy,0.000373857507272745,1864,0.5018705090885726,50
0,Nesøy,3,3014,2927,2927,8N72719,4,Gjerøy,0.0003736255110476805,1865,0.5018705090885726,50
0,Nesøy,3,3014,5425,5425,8943766,2,Træna,0.0003733739981479202,1866,0.5018705090885726,50
0,Nesøy,3,3014,4395,4395,8681254,4,Gjerøy,0.00037326097507532115,1867,0.5018705090885726,50
0,Nesøy,3,3014,750,750,8M31426,4,Gjerøy,0.000373142486196864,1868,0.5018705090885726,50
0,Nesøy,3,3014,2203,2203,8N14584,11,Southern 1,0.00037214181389806254,1869,0.5018705090885726,50
0,Nesøy,3,3014,385,385,8L52680,9,Sleneset,0.00037141643815927813,1870,0.5018705090885726,50
0,Nesøy,3,3014,1156,1156,8M72700,14,Southern 4,0.00036893509394336804,1871,0.5018705090885726,50
0,Nesøy,3,3014,3028,3028,8N73184,15,Southern 5,0.0003683503678431736,1872,0.5018705090885726,50
0,Nesøy,3,3014,3903,3903,8P11641,2,Træna,0.0003683407709465003,1873,0.5018705090885726,50
0,Nesøy,3,3014,92,92,8L30289,5,Hestmannøy,0.00036667667101623875,1874,0.5018705090885726,50
0,Nesøy,3,3014,4363,4363,8681068,9,Sleneset,0.00036594566834873677,1875,0.5018705090885726,50
0,Nesøy,3,3014,1574,1574,8N05749,4,Gjerøy,0.00036586483353103606,1876,0.5018705090885726,50
0,Nesøy,3,3014,474,474,8L64286,10,Aldra,0.0003651283869554892,1877,0.5018705090885726,50
0,Nesøy,3,3014,2162,2162,8N14541,11,Southern 1,0.00036412801815155965,1878,0.5018705090885726,50
0,Nesøy,3,3014,810,810,8L89552,12,Southern 2,0.0003628042614815316,1879,0.5018705090885726,50
0,Nesøy,3,3014,3168,3168,8N73478,11,Southern 1,0.0003619203088848292,1880,0.5018705090885726,50
0,Nesøy,3,3014,2913,2913,8N72689,11,Southern 1,0.00036090345617160996,1881,0.5018705090885726,50
0,Nesøy,3,3014,958,958,8M71336,12,Southern 2,0.0003592206861792698,1882,0.5018705090885726,50
0,Nesøy,3,3014,1348,1348,8N05225,12,Southern 2,0.0003591084675051134,1883,0.5018705090885726,50
0,Nesøy,3,3014,3458,3458,8N87141,2,Træna,0.00035862400514747537,1884,0.5018705090885726,50
0,Nesøy,3,3014,5467,5467,8981195,12,Southern 2,0.0003578924481519293,1885,0.5018705090885726,50
0,Nesøy,3,3014,5197,5197,8934426,8,Lovund,0.00035779397500076027,1886,0.5018705090885726,50
0,Nesøy,3,3014,3120,3120,8N73430,11,Southern 1,0.0003569979305913017,1887,0.5018705090885726,50
0,Nesøy,3,3014,970,970,8M71363,14,Southern 4,0.0003553676138704171,1888,0.5018705090885726,50
0,Nesøy,3,3014,4501,4501,8730969,1,Myken,0.0003531908082282487,1889,0.5018705090885726,50
0,Nesøy,3,3014,4760,4760,8747955,9,Sleneset,0.0003521805823177851,1890,0.5018705090885726,50
0,Nesøy,3,3014,2274,2274,8N14657,13,Southern 3,0.0003520387026641941,1891,0.5018705090885726,50
0,Nesøy,3,3014,4993,4993,8857946,3,Selvær,0.0003510386803795931,1892,0.5018705090885726,50
0,Nesøy,3,3014,3349,3349,8N73915,11,Southern 1,0.0003510038997204791,1893,0.5018705090885726,50
0,Nesøy,3,3014,519,519,8M71079,7,Onøy og Lurøy,0.00035046843619322644,1894,0.5018705090885726,50
0,Nesøy,3,3014,1660,1660,8N06432,9,Sleneset,0.0003504610290573898,1895,0.5018705090885726,50
0,Nesøy,3,3014,3194,3194,8N73505,5,Hestmannøy,0.0003500307392406362,1896,0.5018705090885726,50
0,Nesøy,3,3014,5560,5560,8981860,8,Lovund,0.0003496883779582818,1897,0.5018705090885726,50
0,Nesøy,3,3014,2819,2819,8N42991,14,Southern 4,0.0003491096577375202,1898,0.5018705090885726,50
0,Nesøy,3,3014,688,688,8M31041,3,Selvær,0.00034744367756094183,1899,0.5018705090885726,50
0,Nesøy,3,3014,2600,2600,8N28578,9,Sleneset,0.00034689368350653173,1900,0.5018705090885726,50
0,Nesøy,3,3014,4228,4228,8309260,5,Hestmannøy,0.0003461457152460592,1901,0.5018705090885726,50
0,Nesøy,3,3014,3939,3939,8P14053,5,Hestmannøy,0.00034606467503514094,1902,0.5018705090885726,50
0,Nesøy,3,3014,5397,5397,8943168,6,Indre Kvarøy,0.000345697837337775,1903,0.5018705090885726,50
0,Nesøy,3,3014,3107,3107,8N73320,15,Southern 5,0.0003455545204192373,1904,0.5018705090885726,50
0,Nesøy,3,3014,3128,3128,8N73438,11,Southern 1,0.00034529356159539377,1905,0.5018705090885726,50
0,Nesøy,3,3014,1882,1882,8N13419,2,Træna,0.0003452887918108839,1906,0.5018705090885726,50
0,Nesøy,3,3014,1175,1175,8M72832,6,Indre Kvarøy,0.00034435963188771416,1907,0.5018705090885726,50
0,Nesøy,3,3014,3334,3334,8N73876,5,Hestmannøy,0.000344083502600464,1908,0.5018705090885726,50
0,Nesøy,3,3014,3927,3927,8P11947,5,Hestmannøy,0.0003438959628508001,1909,0.5018705090885726,50
0,Nesøy,3,3014,3815,3815,8N88000,13,Southern 3,0.0003436680025271103,1910,0.5018705090885726,50
0,Nesøy,3,3014,980,980,8M71396,12,Southern 2,0.00034318455685493723,1911,0.5018705090885726,50
0,Nesøy,3,3014,4195,4195,8168665,5,Hestmannøy,0.00034310335536413437,1912,0.5018705090885726,50
0,Nesøy,3,3014,1100,1100,8M72532,11,Southern 1,0.00034237287644907203,1913,0.5018705090885726,50
0,Nesøy,3,3014,3445,3445,8N87066,5,Hestmannøy,0.00034203007266878695,1914,0.5018705090885726,50
0,Nesøy,3,3014,4090,4090,8P14969,14,Southern 4,0.00034153875855038153,1915,0.5018705090885726,50
0,Nesøy,3,3014,3098,3098,8N73308,15,Southern 5,0.00034121908050165767,1916,0.5018705090885726,50
0,Nesøy,3,3014,3157,3157,8N73467,11,Southern 1,0.0003380697182054219,1917,0.5018705090885726,50
0,Nesøy,3,3014,2014,2014,8N13861,15,Southern 5,0.00033527050440011725,1918,0.5018705090885726,50
0,Nesøy,3,3014,2426,2426,8N27248,6,Indre Kvarøy,0.00033479558937479217,1919,0.5018705090885726,50
0,Nesøy,3,3014,1953,1953,8N13654,14,Southern 4,0.00033458228227839504,1920,0.5018705090885726,50
0,Nesøy,3,3014,1569,1569,8N05717,6,Indre Kvarøy,0.00033435624867610494,1921,0.5018705090885726,50
0,Nesøy,3,3014,4897,4897,8800613,5,Hestmannøy,0.00033349515444520435,1922,0.5018705090885726,50
0,Nesøy,3,3014,4309,4309,8651869,5,Hestmannøy,0.00033341638235653696,1923,0.5018705090885726,50
0,Nesøy,3,3014,3340,3340,8N73906,11,Southern 1,0.0003328878867552909,1924,0.5018705090885726,50
0,Nesøy,3,3014,374,374,8L52591,7,Onøy og Lurøy,0.0003320273740400877,1925,0.5018705090885726,50
0,Nesøy,3,3014,2710,2710,8N42276,5,Hestmannøy,0.0003319218097833096,1926,0.5018705090885726,50
0,Nesøy,3,3014,3940,3940,8P14057,10,Aldra,0.00033187387399633407,1927,0.5018705090885726,50
0,Nesøy,3,3014,3443,3443,8N87062,5,Hestmannøy,0.0003316877335795572,1928,0.5018705090885726,50
0,Nesøy,3,3014,199,199,8L48421,7,Onøy og Lurøy,0.0003308480582843186,1929,0.5018705090885726,50
0,Nesøy,3,3014,3909,3909,8P11751,7,Onøy og Lurøy,0.00033024074669129195,1930,0.5018705090885726,50
0,Nesøy,3,3014,3630,3630,8N87803,14,Southern 4,0.00033023811356372614,1931,0.5018705090885726,50
0,Nesøy,3,3014,2034,2034,8N13956,6,Indre Kvarøy,0.0003292774080773277,1932,0.5018705090885726,50
0,Nesøy,3,3014,5087,5087,8887481,6,Indre Kvarøy,0.00032894086872047533,1933,0.5018705090885726,50
0,Nesøy,3,3014,2415,2415,8N27177,5,Hestmannøy,0.0003278444281031842,1934,0.5018705090885726,50
0,Nesøy,3,3014,2894,2894,8N72669,4,Gjerøy,0.000327798316347213,1935,0.5018705090885726,50
0,Nesøy,3,3014,1800,1800,8N06861,11,Southern 1,0.00032764298288658235,1936,0.5018705090885726,50
0,Nesøy,3,3014,2376,2376,8N27071,14,Southern 4,0.0003275599378378502,1937,0.5018705090885726,50
0,Nesøy,3,3014,336,336,8L52379,11,Southern 1,0.00032744609821461337,1938,0.5018705090885726,50
0,Nesøy,3,3014,5121,5121,8917962,8,Lovund,0.00032723756409253014,1939,0.5018705090885726,50
0,Nesøy,3,3014,4388,4388,8681236,3,Selvær,0.0003245209448459002,1940,0.5018705090885726,50
0,Nesøy,3,3014,3178,3178,8N73489,12,Southern 2,0.000323907271729951,1941,0.5018705090885726,50
0,Nesøy,3,3014,5001,5001,8866754,5,Hestmannøy,0.0003207005713649724,1942,0.5018705090885726,50
0,Nesøy,3,3014,3351,3351,8N73917,11,Southern 1,0.0003198253361925431,1943,0.5018705090885726,50
0,Nesøy,3,3014,2103,2103,8N14225,5,Hestmannøy,0.00031973732417207607,1944,0.5018705090885726,50
0,Nesøy,3,3014,3629,3629,8N87802,14,Southern 4,0.00031966526235601415,1945,0.5018705090885726,50
0,Nesøy,3,3014,172,172,8L30876,1,Myken,0.0003193518918795012,1946,0.5018705090885726,50
0,Nesøy,3,3014,1549,1549,8N05691,15,Southern 5,0.0003191016704114036,1947,0.5018705090885726,50
0,Nesøy,3,3014,2353,2353,8N14970,7,Onøy og Lurøy,0.0003188669521949301,1948,0.5018705090885726,50
0,Nesøy,3,3014,4914,4914,8816452,6,Indre Kvarøy,0.00031875745162049135,1949,0.5018705090885726,50
0,Nesøy,3,3014,4776,4776,8794342,9,Sleneset,0.00031755753760861566,1950,0.5018705090885726,50
0,Nesøy,3,3014,4569,4569,8732654,5,Hestmannøy,0.0003172618447097076,1951,0.5018705090885726,50
0,Nesøy,3,3014,1036,1036,8M71828,10,Aldra,0.0003155586504014726,1952,0.5018705090885726,50
0,Nesøy,3,3014,2863,2863,8N72466,9,Sleneset,0.0003150036811123213,1953,0.5018705090885726,50
0,Nesøy,3,3014,2832,2832,8N72114,3,Selvær,0.0003144552879557175,1954,0.5018705090885726,50
0,Nesøy,3,3014,4971,4971,8857276,10,Aldra,0.0003141522139998297,1955,0.5018705090885726,50
0,Nesøy,3,3014,2270,2270,8N14653,13,Southern 3,0.00031393653969937467,1956,0.5018705090885726,50
0,Nesøy,3,3014,5269,5269,8939163,6,Indre Kvarøy,0.0003136133452251001,1957,0.5018705090885726,50
0,Nesøy,3,3014,3318,3318,8N73700,13,Southern 3,0.00031242468754374075,1958,0.5018705090885726,50
0,Nesøy,3,3014,1542,1542,8N05684,15,Southern 5,0.00031212510084610345,1959,0.5018705090885726,50
0,Nesøy,3,3014,2673,2673,8N28915,2,Træna,0.0003119998937798968,1960,0.5018705090885726,50
0,Nesøy,3,3014,2237,2237,8N14618,13,Southern 3,0.00031162239695882573,1961,0.5018705090885726,50
0,Nesøy,3,3014,2866,2866,8N72487,3,Selvær,0.0003104222582215349,1962,0.5018705090885726,50
0,Nesøy,3,3014,3978,3978,8P14341,15,Southern 5,0.0003100043527160004,1963,0.5018705090885726,50
0,Nesøy,3,3014,2065,2065,8N14018,5,Hestmannøy,0.00030936721443882575,1964,0.5018705090885726,50
0,Nesøy,3,3014,4277,4277,8598790,3,Selvær,0.0003083349093033269,1965,0.5018705090885726,50
0,Nesøy,3,3014,4562,4562,8732646,5,Hestmannøy,0.0003072653389158766,1966,0.5018705090885726,50
0,Nesøy,3,3014,3149,3149,8N73459,11,Southern 1,0.0003070964305476596,1967,0.5018705090885726,50
0,Nesøy,3,3014,5358,5358,8939858,8,Lovund,0.00030550083143962694,1968,0.5018705090885726,50
0,Nesøy,3,3014,1504,1504,8N05646,14,Southern 4,0.00030521008860751763,1969,0.5018705090885726,50
0,Nesøy,3,3014,3915,3915,8P11789,2,Træna,0.0003050428249622594,1970,0.5018705090885726,50
0,Nesøy,3,3014,2298,2298,8N14681,13,Southern 3,0.000304701851667348,1971,0.5018705090885726,50
0,Nesøy,3,3014,60,60,8L19986,6,Indre Kvarøy,0.00030436916662902923,1972,0.5018705090885726,50
0,Nesøy,3,3014,1516,1516,8N05658,13,Southern 3,0.00030328645218563393,1973,0.5018705090885726,50
0,Nesøy,3,3014,2040,2040,8N13974,5,Hestmannøy,0.00030325840658922354,1974,0.5018705090885726,50
0,Nesøy,3,3014,5527,5527,8981708,5,Hestmannøy,0.0003032099067306876,1975,0.5018705090885726,50
0,Nesøy,3,3014,5240,5240,8934895,5,Hestmannøy,0.00030302342295854436,1976,0.5018705090885726,50
0,Nesøy,3,3014,2338,2338,8N14952,6,Indre Kvarøy,0.0003029232254841517,1977,0.5018705090885726,50
0,Nesøy,3,3014,1818,1818,8N06879,11,Southern 1,0.0003023671586287845,1978,0.5018705090885726,50
0,Nesøy,3,3014,5036,5036,8887277,5,Hestmannøy,0.0003018652911462538,1979,0.5018705090885726,50
0,Nesøy,3,3014,1626,1626,8N05900,11,Southern 1,0.00030177461635854633,1980,0.5018705090885726,50
0,Nesøy,3,3014,3785,3785,8N87962,13,Southern 3,0.00030166169077611187,1981,0.5018705090885726,50
0,Nesøy,3,3014,4370,4370,8681077,5,Hestmannøy,0.00030165867534261197,1982,0.5018705090885726,50
0,Nesøy,3,3014,2289,2289,8N14672,13,Southern 3,0.0003014822507561426,1983,0.5018705090885726,50
0,Nesøy,3,3014,363,363,8L52504,5,Hestmannøy,0.00030127422032122695,1984,0.5018705090885726,50
0,Nesøy,3,3014,3832,3832,8P11400,14,Southern 4,0.00029972997693664073,1985,0.5018705090885726,50
0,Nesøy,3,3014,4392,4392,8681248,3,Selvær,0.0002992605267717191,1986,0.5018705090885726,50
0,Nesøy,3,3014,2286,2286,8N14669,13,Southern 3,0.0002988440538046154,1987,0.5018705090885726,50
0,Nesøy,3,3014,2483,2483,8N27697,4,Gjerøy,0.0002987649753911681,1988,0.5018705090885726,50
0,Nesøy,3,3014,1615,1615,8N05885,11,Southern 1,0.00029829533738007187,1989,0.5018705090885726,50
0,Nesøy,3,3014,4738,4738,8747809,4,Gjerøy,0.0002974403355981148,1990,0.5018705090885726,50
0,Nesøy,3,3014,2758,2758,8N42634,5,Hestmannøy,0.00029523624995068,1991,0.5018705090885726,50
0,Nesøy,3,3014,1623,1623,8N05896,11,Southern 1,0.0002935722926977952,1992,0.5018705090885726,50
0,Nesøy,3,3014,2183,2183,8N14564,11,Southern 1,0.00029326460107003153,1993,0.5018705090885726,50
0,Nesøy,3,3014,5147,5147,8934219,4,Gjerøy,0.0002928156952434873,1994,0.5018705090885726,50
0,Nesøy,3,3014,1462,1462,8N05574,8,Lovund,0.00029229119288344123,1995,0.5018705090885726,50
0,Nesøy,3,3014,2111,2111,8N14291,15,Southern 5,0.00029137676031730313,1996,0.5018705090885726,50
0,Nesøy,3,3014,5033,5033,8887266,10,Aldra,0.000290494512577118,1997,0.5018705090885726,50
0,Nesøy,3,3014,2637,2637,8N28785,15,Southern 5,0.00028967811612922947,1998,0.5018705090885726,50
0,Nesøy,3,3014,5092,5092,8887496,7,Onøy og Lurøy,0.00028934693117112887,1999,0.5018705090885726,50
0,Nesøy,3,3014,905,905,8M71201,6,Indre Kvarøy,0.00028783654956300337,2000,0.5018705090885726,50
0,Nesøy,3,3014,4436,4436,8681485,2,Træna,0.00028722927223833166,2001,0.5018705090885726,50
0,Nesøy,3,3014,770,770,8M31542,6,Indre Kvarøy,0.00028717490942438564,2002,0.5018705090885726,50
0,Nesøy,3,3014,1191,1191,8M72914,5,Hestmannøy,0.00028628776966930727,2003,0.5018705090885726,50
0,Nesøy,3,3014,4322,4322,8651948,5,Hestmannøy,0.0002862100921439483,2004,0.5018705090885726,50
0,Nesøy,3,3014,5547,5547,8981807,5,Hestmannøy,0.00028613334067615156,2005,0.5018705090885726,50
0,Nesøy,3,3014,539,539,8L89202,5,Hestmannøy,0.00028600089929349407,2006,0.5018705090885726,50
0,Nesøy,3,3014,4346,4346,8681040,4,Gjerøy,0.00028546025638528883,2007,0.5018705090885726,50
0,Nesøy,3,3014,1311,1311,8N05188,13,Southern 3,0.00028449284756511104,2008,0.5018705090885726,50
0,Nesøy,3,3014,1891,1891,8N13496,3,Selvær,0.0002844219555604591,2009,0.5018705090885726,50
0,Nesøy,3,3014,2101,2101,8N14212,7,Onøy og Lurøy,0.00028296929747628275,2010,0.5018705090885726,50
0,Nesøy,3,3014,1854,1854,8N13081,14,Southern 4,0.0002826436028389348,2011,0.5018705090885726,50
0,Nesøy,3,3014,636,636,8L89646,6,Indre Kvarøy,0.0002823267717830425,2012,0.5018705090885726,50
0,Nesøy,3,3014,2219,2219,8N14600,11,Southern 1,0.00028219879942614767,2013,0.5018705090885726,50
0,Nesøy,3,3014,2071,2071,8N14051,6,Indre Kvarøy,0.0002807726814924114,2014,0.5018705090885726,50
0,Nesøy,3,3014,2434,2434,8N27307,5,Hestmannøy,0.0002804790893762866,2015,0.5018705090885726,50
0,Nesøy,3,3014,2480,2480,8N27624,14,Southern 4,0.000279242217704976,2016,0.5018705090885726,50
0,Nesøy,3,3014,1981,1981,8N13683,13,Southern 3,0.00027896870926352827,2017,0.5018705090885726,50
0,Nesøy,3,3014,1764,1764,8N06825,11,Southern 1,0.0002785989121993806,2018,0.5018705090885726,50
0,Nesøy,3,3014,1004,1004,8M71494,13,Southern 3,0.0002780699232466177,2019,0.5018705090885726,50
0,Nesøy,3,3014,270,270,8L49930,1,Myken,0.00027775195744406264,2020,0.5018705090885726,50
0,Nesøy,3,3014,3755,3755,8N87932,13,Southern 3,0.00027727179669123826,2021,0.5018705090885726,50
0,Nesøy,3,3014,3307,3307,8N73689,13,Southern 3,0.00027714158887793964,2022,0.5018705090885726,50
0,Nesøy,3,3014,327,327,8L52360,11,Southern 1,0.0002766151263376463,2023,0.5018705090885726,50
0,Nesøy,3,3014,383,383,8L52624,2,Træna,0.000275729609432855,2024,0.5018705090885726,50
0,Nesøy,3,3014,2001,2001,8N13745,3,Selvær,0.00027543807233999465,2025,0.5018705090885726,50
0,Nesøy,3,3014,2472,2472,8N27476,2,Træna,0.0002746856745463806,2026,0.5018705090885726,50
0,Nesøy,3,3014,3042,3042,8N73198,15,Southern 5,0.0002739160376297127,2027,0.5018705090885726,50
0,Nesøy,3,3014,2148,2148,8N14527,11,Southern 1,0.00027224424894704016,2028,0.5018705090885726,50
0,Nesøy,3,3014,4464,4464,8730496,5,Hestmannøy,0.00027223057922091547,2029,0.5018705090885726,50
0,Nesøy,3,3014,407,407,8L57701,3,Selvær,0.0002717587868023348,2030,0.5018705090885726,50
0,Nesøy,3,3014,3504,3504,8N87517,11,Southern 1,0.0002716838680573458,2031,0.5018705090885726,50
0,Nesøy,3,3014,4696,4696,8747672,9,Sleneset,0.00027142751725204824,2032,0.5018705090885726,50
0,Nesøy,3,3014,2033,2033,8N13955,4,Gjerøy,0.0002709748123183367,2033,0.5018705090885726,50
0,Nesøy,3,3014,2464,2464,8N27414,5,Hestmannøy,0.00027081749874531454,2034,0.5018705090885726,50
0,Nesøy,3,3014,423,423,8L57906,2,Træna,0.0002707430438667338,2035,0.5018705090885726,50
0,Nesøy,3,3014,3917,3917,8P11800,2,Træna,0.0002705728838849967,2036,0.5018705090885726,50
0,Nesøy,3,3014,3636,3636,8N87809,14,Southern 4,0.00027002503015773977,2037,0.5018705090885726,50
0,Nesøy,3,3014,1413,1413,8N05292,13,Southern 3,0.00026990678595990636,2038,0.5018705090885726,50
0,Nesøy,3,3014,4502,4502,8730972,3,Selvær,0.0002692704153313168,2039,0.5018705090885726,50
0,Nesøy,3,3014,2538,2538,8N28024,9,Sleneset,0.000268668286830154,2040,0.5018705090885726,50
0,Nesøy,3,3014,2261,2261,8N14644,13,Southern 3,0.00026767058674375316,2041,0.5018705090885726,50
0,Nesøy,3,3014,5322,5322,8939551,1,Myken,0.0002662164560060229,2042,0.5018705090885726,50
0,Nesøy,3,3014,3434,3434,8N74000,14,Southern 4,0.0002660840428535644,2043,0.5018705090885726,50
0,Nesøy,3,3014,511,511,8L64856,3,Selvær,0.0002658936068863549,2044,0.5018705090885726,50
0,Nesøy,3,3014,3224,3224,8N73605,14,Southern 4,0.00026586482040025087,2045,0.5018705090885726,50
0,Nesøy,3,3014,5496,5496,8981289,5,Hestmannøy,0.00026403804463185124,2046,0.5018705090885726,50
0,Nesøy,3,3014,4675,4675,8747563,5,Hestmannøy,0.0002624853331164484,2047,0.5018705090885726,50
0,Nesøy,3,3014,5552,5552,8981825,7,Onøy og Lurøy,0.00026092489247669866,2048,0.5018705090885726,50
0,Nesøy,3,3014,1528,1528,8N05669,15,Southern 5,0.00025950529167147684,2049,0.5018705090885726,50
0,Nesøy,3,3014,1908,1908,8N13611,14,Southern 4,0.0002592829951384251,2050,0.5018705090885726,50
0,Nesøy,3,3014,5511,5511,8981381,12,Southern 2,0.000258793274802407,2051,0.5018705090885726,50
0,Nesøy,3,3014,3286,3286,8N73667,13,Southern 3,0.0002580059892522381,2052,0.5018705090885726,50
0,Nesøy,3,3014,3567,3567,8N87580,11,Southern 1,0.0002570299210655902,2053,0.5018705090885726,50
0,Nesøy,3,3014,1985,1985,8N13687,13,Southern 3,0.0002564282433948915,2054,0.5018705090885726,50
0,Nesøy,3,3014,1987,1987,8N13689,13,Southern 3,0.0002560413061875248,2055,0.5018705090885726,50
0,Nesøy,3,3014,4958,4958,8857231,5,Hestmannøy,0.000255978647721293,2056,0.5018705090885726,50
0,Nesøy,3,3014,3185,3185,8N73496,12,Southern 2,0.00025594459850653326,2057,0.5018705090885726,50
0,Nesøy,3,3014,4514,4514,8732235,2,Træna,0.0002556081071779554,2058,0.5018705090885726,50
0,Nesøy,3,3014,4408,4408,8681335,7,Onøy og Lurøy,0.00025505347443270833,2059,0.5018705090885726,50
0,Nesøy,3,3014,5213,5213,8934527,1,Myken,0.0002547549305676509,2060,0.5018705090885726,50
0,Nesøy,3,3014,3719,3719,8N87895,13,Southern 3,0.0002547438825433151,2061,0.5018705090885726,50
0,Nesøy,3,3014,181,181,8L30972,9,Sleneset,0.00025443318405682787,2062,0.5018705090885726,50
0,Nesøy,3,3014,3579,3579,8N87593,11,Southern 1,0.0002534276673703051,2063,0.5018705090885726,50
0,Nesøy,3,3014,4894,4894,8800592,5,Hestmannøy,0.00025238804342290366,2064,0.5018705090885726,50
0,Nesøy,3,3014,707,707,8M31220,11,Southern 1,0.00025227051857926034,2065,0.5018705090885726,50
0,Nesøy,3,3014,4046,4046,8P14857,14,Southern 4,0.0002522263441001714,2066,0.5018705090885726,50
0,Nesøy,3,3014,4948,4948,8857103,7,Onøy og Lurøy,0.0002519792947777302,2067,0.5018705090885726,50
0,Nesøy,3,3014,4018,4018,8P14806,14,Southern 4,0.0002512344954896842,2068,0.5018705090885726,50
0,Nesøy,3,3014,2594,2594,8N28530,9,Sleneset,0.0002506831894916955,2069,0.5018705090885726,50
0,Nesøy,3,3014,4825,4825,8800170,10,Aldra,0.00024879347711755524,2070,0.5018705090885726,50
0,Nesøy,3,3014,2608,2608,8N28684,5,Hestmannøy,0.00024825352529776523,2071,0.5018705090885726,50
0,Nesøy,3,3014,2876,2876,8N72544,6,Indre Kvarøy,0.000247597185793205,2072,0.5018705090885726,50
0,Nesøy,3,3014,3804,3804,8N87981,13,Southern 3,0.00024624197128580104,2073,0.5018705090885726,50
0,Nesøy,3,3014,4308,4308,8651860,5,Hestmannøy,0.00024614414833874635,2074,0.5018705090885726,50
0,Nesøy,3,3014,989,989,8M71453,13,Southern 3,0.0002460102150845986,2075,0.5018705090885726,50
0,Nesøy,3,3014,4168,4168,8118430,6,Indre Kvarøy,0.00024568362513497754,2076,0.5018705090885726,50
0,Nesøy,3,3014,901,901,8M71157,13,Southern 3,0.00024532762680383566,2077,0.5018705090885726,50
0,Nesøy,3,3014,4243,4243,8537612,4,Gjerøy,0.00024494926949792344,2078,0.5018705090885726,50
0,Nesøy,3,3014,5558,5558,8981857,5,Hestmannøy,0.00024280694120536712,2079,0.5018705090885726,50
0,Nesøy,3,3014,2410,2410,8N27139,7,Onøy og Lurøy,0.00024131204406666385,2080,0.5018705090885726,50
0,Nesøy,3,3014,4440,4440,8730413,4,Gjerøy,0.00024099173415606312,2081,0.5018705090885726,50
0,Nesøy,3,3014,2582,2582,8N28428,2,Træna,0.00024064968600095112,2082,0.5018705090885726,50
0,Nesøy,3,3014,4123,4123,8P26193,5,Hestmannøy,0.00024048640493361028,2083,0.5018705090885726,50
0,Nesøy,3,3014,1313,1313,8N05190,13,Southern 3,0.00023953818744240296,2084,0.5018705090885726,50
0,Nesøy,3,3014,2229,2229,8N14610,13,Southern 3,0.00023944678609157577,2085,0.5018705090885726,50
0,Nesøy,3,3014,4013,4013,8P14736,2,Træna,0.00023853442862719522,2086,0.5018705090885726,50
0,Nesøy,3,3014,4313,4313,8651878,4,Gjerøy,0.00023841445607851425,2087,0.5018705090885726,50
0,Nesøy,3,3014,3509,3509,8N87522,11,Southern 1,0.00023761217945510684,2088,0.5018705090885726,50
0,Nesøy,3,3014,3279,3279,8N73660,13,Southern 3,0.00023689681361518396,2089,0.5018705090885726,50
0,Nesøy,3,3014,5413,5413,8943489,7,Onøy og Lurøy,0.00023685046054384678,2090,0.5018705090885726,50
0,Nesøy,3,3014,2221,2221,8N14602,13,Southern 3,0.00023673140076452257,2091,0.5018705090885726,50
0,Nesøy,3,3014,3419,3419,8N73985,12,Southern 2,0.0002363807041201381,2092,0.5018705090885726,50
0,Nesøy,3,3014,2506,2506,8N27892,6,Indre Kvarøy,0.0002358874216295123,2093,0.5018705090885726,50
0,Nesøy,3,3014,4943,4943,8816957,4,Gjerøy,0.0002339513286065162,2094,0.5018705090885726,50
0,Nesøy,3,3014,5074,5074,8887422,3,Selvær,0.00023384341897111032,2095,0.5018705090885726,50
0,Nesøy,3,3014,352,352,8L52398,12,Southern 2,0.00023236719014309667,2096,0.5018705090885726,50
0,Nesøy,3,3014,4668,4668,8747548,10,Aldra,0.00023124662324354824,2097,0.5018705090885726,50
0,Nesøy,3,3014,4484,4484,8730564,3,Selvær,0.00023024736630528563,2098,0.5018705090885726,50
0,Nesøy,3,3014,1751,1751,8N06776,10,Aldra,0.00023009203555105314,2099,0.5018705090885726,50
0,Nesøy,3,3014,1307,1307,8N05184,13,Southern 3,0.00022988082841043082,2100,0.5018705090885726,50
0,Nesøy,3,3014,5398,5398,8943263,11,Southern 1,0.00022975798498027776,2101,0.5018705090885726,50
0,Nesøy,3,3014,3427,3427,8N73993,12,Southern 2,0.0002283669757462059,2102,0.5018705090885726,50
0,Nesøy,3,3014,1694,1694,8N06491,12,Southern 2,0.00022601049780505714,2103,0.5018705090885726,50
0,Nesøy,3,3014,2391,2391,8N27086,14,Southern 4,0.00022599456060688638,2104,0.5018705090885726,50
0,Nesøy,3,3014,2379,2379,8N27074,14,Southern 4,0.00022539155869032406,2105,0.5018705090885726,50
0,Nesøy,3,3014,1814,1814,8N06875,11,Southern 1,0.00022497680804939424,2106,0.5018705090885726,50
0,Nesøy,3,3014,1832,1832,8N06896,11,Southern 1,0.0002242862545554343,2107,0.5018705090885726,50
0,Nesøy,3,3014,4788,4788,8800023,5,Hestmannøy,0.0002240304723320001,2108,0.5018705090885726,50
0,Nesøy,3,3014,3266,3266,8N73647,13,Southern 3,0.00022365840460220583,2109,0.5018705090885726,50
0,Nesøy,3,3014,1939,1939,8N13640,14,Southern 4,0.00022285256756055219,2110,0.5018705090885726,50
0,Nesøy,3,3014,3984,3984,8P14402,1,Myken,0.0002225707814307451,2111,0.5018705090885726,50
0,Nesøy,3,3014,1682,1682,8N06479,12,Southern 2,0.00022218863283148232,2112,0.5018705090885726,50
0,Nesøy,3,3014,3384,3384,8N73950,12,Southern 2,0.00022198003996459927,2113,0.5018705090885726,50
0,Nesøy,3,3014,5039,5039,8887283,5,Hestmannøy,0.0002217270432525348,2114,0.5018705090885726,50
0,Nesøy,3,3014,4162,4162,8P26749,7,Onøy og Lurøy,0.0002198555795094949,2115,0.5018705090885726,50
0,Nesøy,3,3014,1725,1725,8N06679,14,Southern 4,0.00021912626486665047,2116,0.5018705090885726,50
0,Nesøy,3,3014,1410,1410,8N05288,13,Southern 3,0.0002188730946998524,2117,0.5018705090885726,50
0,Nesøy,3,3014,5201,5201,8934460,4,Gjerøy,0.00021868516283710484,2118,0.5018705090885726,50
0,Nesøy,3,3014,153,153,8L30772,12,Southern 2,0.00021865399099480542,2119,0.5018705090885726,50
0,Nesøy,3,3014,1464,1464,8N05359,15,Southern 5,0.0002171450303694683,2120,0.5018705090885726,50
0,Nesøy,3,3014,2429,2429,8N27259,5,Hestmannøy,0.0002170220582870619,2121,0.5018705090885726,50
0,Nesøy,3,3014,1324,1324,8N05201,12,Southern 2,0.0002164742490532215,2122,0.5018705090885726,50
0,Nesøy,3,3014,2830,2830,8N72066,2,Træna,0.00021630594055862596,2123,0.5018705090885726,50
0,Nesøy,3,3014,2003,2003,8N13849,15,Southern 5,0.0002162014994110928,2124,0.5018705090885726,50
0,Nesøy,3,3014,3036,3036,8N73192,15,Southern 5,0.00021598176780513595,2125,0.5018705090885726,50
0,Nesøy,3,3014,4032,4032,8P14843,14,Southern 4,0.00021564168304291761,2126,0.5018705090885726,50
0,Nesøy,3,3014,291,291,8L52229,9,Sleneset,0.0002150030399625568,2127,0.5018705090885726,50
0,Nesøy,3,3014,3527,3527,8N87540,11,Southern 1,0.000214513537639484,2128,0.5018705090885726,50
0,Nesøy,3,3014,3892,3892,8P11574,14,Southern 4,0.00021431523531770136,2129,0.5018705090885726,50
0,Nesøy,3,3014,213,213,8L48459,10,Aldra,0.0002142821337378881,2130,0.5018705090885726,50
0,Nesøy,3,3014,1352,1352,8N05229,12,Southern 2,0.00021394941662170275,2131,0.5018705090885726,50
0,Nesøy,3,3014,3777,3777,8N87954,13,Southern 3,0.00021388140760199222,2132,0.5018705090885726,50
0,Nesøy,3,3014,1700,1700,8N06497,12,Southern 2,0.00021364374472514325,2133,0.5018705090885726,50
0,Nesøy,3,3014,3972,3972,8P14315,14,Southern 4,0.00021206619141601678,2134,0.5018705090885726,50
0,Nesøy,3,3014,1368,1368,8N05246,13,Southern 3,0.00021186891203171725,2135,0.5018705090885726,50
0,Nesøy,3,3014,3292,3292,8N73673,13,Southern 3,0.00021065195413592946,2136,0.5018705090885726,50
0,Nesøy,3,3014,4475,4475,8730545,8,Lovund,0.00020982937408599355,2137,0.5018705090885726,50
0,Nesøy,3,3014,1777,1777,8N06838,11,Southern 1,0.00020815032357480689,2138,0.5018705090885726,50
0,Nesøy,3,3014,4219,4219,8309191,4,Gjerøy,0.0002080954016169021,2139,0.5018705090885726,50
0,Nesøy,3,3014,2025,2025,8N13932,5,Hestmannøy,0.00020768857095143908,2140,0.5018705090885726,50
0,Nesøy,3,3014,2960,2960,8N72920,13,Southern 3,0.00020767350177362297,2141,0.5018705090885726,50
0,Nesøy,3,3014,5085,5085,8887475,4,Gjerøy,0.00020731006221986565,2142,0.5018705090885726,50
0,Nesøy,3,3014,1902,1902,8N13603,14,Southern 4,0.00020713812795027626,2143,0.5018705090885726,50
0,Nesøy,3,3014,3937,3937,8P14050,7,Onøy og Lurøy,0.00020685842885078895,2144,0.5018705090885726,50
0,Nesøy,3,3014,2989,2989,8N72951,13,Southern 3,0.00020682307124634077,2145,0.5018705090885726,50
0,Nesøy,3,3014,3598,3598,8N87617,15,Southern 5,0.00020483292426943633,2146,0.5018705090885726,50
0,Nesøy,3,3014,3022,3022,8N73094,5,Hestmannøy,0.00020464930830299657,2147,0.5018705090885726,50
0,Nesøy,3,3014,2867,2867,8N72488,3,Selvær,0.0002041967857687775,2148,0.5018705090885726,50
0,Nesøy,3,3014,2236,2236,8N14617,13,Southern 3,0.0002038153284427381,2149,0.5018705090885726,50
0,Nesøy,3,3014,5102,5102,8904733,12,Southern 2,0.00020340834081970682,2150,0.5018705090885726,50
0,Nesøy,3,3014,357,357,8L52418,4,Gjerøy,0.00020325845239323653,2151,0.5018705090885726,50
0,Nesøy,3,3014,4227,4227,8309158,6,Indre Kvarøy,0.0002027516178173755,2152,0.5018705090885726,50
0,Nesøy,3,3014,3391,3391,8N73957,12,Southern 2,0.0002025846271105658,2153,0.5018705090885726,50
0,Nesøy,3,3014,4108,4108,8P14985,14,Southern 4,0.00020195120630760302,2154,0.5018705090885726,50
0,Nesøy,3,3014,1543,1543,8N05685,15,Southern 5,0.00020193339816513024,2155,0.5018705090885726,50
0,Nesøy,3,3014,3976,3976,8N14340,15,Southern 5,0.0002016758912753447,2156,0.5018705090885726,50
0,Nesøy,3,3014,631,631,8L89640,5,Hestmannøy,0.00020121295069212397,2157,0.5018705090885726,50
0,Nesøy,3,3014,4999,4999,8866751,5,Hestmannøy,0.00020120404947985795,2158,0.5018705090885726,50
0,Nesøy,3,3014,96,96,8L30340,6,Indre Kvarøy,0.00020082894805818318,2159,0.5018705090885726,50
0,Nesøy,3,3014,4256,4256,8573606,5,Hestmannøy,0.0002007310061674983,2160,0.5018705090885726,50
0,Nesøy,3,3014,4068,4068,8P14916,14,Southern 4,0.00019962759548017823,2161,0.5018705090885726,50
0,Nesøy,3,3014,2446,2446,8N27344,4,Gjerøy,0.00019926118900716994,2162,0.5018705090885726,50
0,Nesøy,3,3014,5181,5181,8934368,5,Hestmannøy,0.0001992325159033856,2163,0.5018705090885726,50
0,Nesøy,3,3014,4007,4007,8P14605,7,Onøy og Lurøy,0.00019918955872720134,2164,0.5018705090885726,50
0,Nesøy,3,3014,4905,4905,8800935,10,Aldra,0.00019898742041531635,2165,0.5018705090885726,50
0,Nesøy,3,3014,3308,3308,8N73690,13,Southern 3,0.0001987516948299517,2166,0.5018705090885726,50
0,Nesøy,3,3014,1533,1533,8N05675,15,Southern 5,0.00019853750467844656,2167,0.5018705090885726,50
0,Nesøy,3,3014,3442,3442,8N87058,5,Hestmannøy,0.00019851606453374665,2168,0.5018705090885726,50
0,Nesøy,3,3014,2963,2963,8N72923,13,Southern 3,0.0001985005757308497,2169,0.5018705090885726,50
0,Nesøy,3,3014,1023,1023,8M71587,1,Myken,0.00019805958390975306,2170,0.5018705090885726,50
0,Nesøy,3,3014,1714,1714,8N06570,4,Gjerøy,0.00019799486524684883,2171,0.5018705090885726,50
0,Nesøy,3,3014,2324,2324,8N14904,4,Gjerøy,0.00019732070784569123,2172,0.5018705090885726,50
0,Nesøy,3,3014,2787,2787,8N42730,5,Hestmannøy,0.00019670342331476215,2173,0.5018705090885726,50
0,Nesøy,3,3014,4299,4299,8651772,3,Selvær,0.0001963981423874879,2174,0.5018705090885726,50
0,Nesøy,3,3014,164,164,8L30813,9,Sleneset,0.00019631692664518364,2175,0.5018705090885726,50
0,Nesøy,3,3014,4044,4044,8P14855,14,Southern 4,0.00019630826708885788,2176,0.5018705090885726,50
0,Nesøy,3,3014,3319,3319,8N73722,14,Southern 4,0.00019602130565778876,2177,0.5018705090885726,50
0,Nesøy,3,3014,2552,2552,8N28149,2,Træna,0.00019553683204368998,2178,0.5018705090885726,50
0,Nesøy,3,3014,1351,1351,8N05228,12,Southern 2,0.00019529226468765836,2179,0.5018705090885726,50
0,Nesøy,3,3014,3363,3363,8N73929,11,Southern 1,0.00019463889420359023,2180,0.5018705090885726,50
0,Nesøy,3,3014,2140,2140,8N14519,11,Southern 1,0.00019418254068494028,2181,0.5018705090885726,50
0,Nesøy,3,3014,4425,4425,8681436,6,Indre Kvarøy,0.0001938269878775417,2182,0.5018705090885726,50
0,Nesøy,3,3014,3954,3954,8P14137,7,Onøy og Lurøy,0.00019325773161376432,2183,0.5018705090885726,50
0,Nesøy,3,3014,4087,4087,8P14965,14,Southern 4,0.00019293308283819616,2184,0.5018705090885726,50
0,Nesøy,3,3014,1342,1342,8N05219,12,Southern 2,0.00019253248882453514,2185,0.5018705090885726,50
0,Nesøy,3,3014,2326,2326,8N14910,5,Hestmannøy,0.00019184647406135042,2186,0.5018705090885726,50
0,Nesøy,3,3014,3837,3837,8P11518,14,Southern 4,0.00019096656192041185,2187,0.5018705090885726,50
0,Nesøy,3,3014,1467,1467,8N05602,14,Southern 4,0.00019076275430513322,2188,0.5018705090885726,50
0,Nesøy,3,3014,314,314,8L52340,12,Southern 2,0.00019076220703460235,2189,0.5018705090885726,50
0,Nesøy,3,3014,2132,2132,8N14439,5,Hestmannøy,0.00019029348160357702,2190,0.5018705090885726,50
0,Nesøy,3,3014,796,796,8M31704,4,Gjerøy,0.00018939836398525954,2191,0.5018705090885726,50
0,Nesøy,3,3014,3850,3850,8P11531,15,Southern 5,0.00018819313020808747,2192,0.5018705090885726,50
0,Nesøy,3,3014,1079,1079,8M72323,3,Selvær,0.00018744132112405985,2193,0.5018705090885726,50
0,Nesøy,3,3014,3761,3761,8N87938,13,Southern 3,0.00018689373441612548,2194,0.5018705090885726,50
0,Nesøy,3,3014,2146,2146,8N14525,11,Southern 1,0.00018645680887976874,2195,0.5018705090885726,50
0,Nesøy,3,3014,5210,5210,8934514,2,Træna,0.00018615303818862768,2196,0.5018705090885726,50
0,Nesøy,3,3014,1789,1789,8N06850,11,Southern 1,0.00018448226707646305,2197,0.5018705090885726,50
0,Nesøy,3,3014,1118,1118,8M72580,11,Southern 1,0.00018414212413340737,2198,0.5018705090885726,50
0,Nesøy,3,3014,2713,2713,8N42287,5,Hestmannøy,0.00018313267403198343,2199,0.5018705090885726,50
0,Nesøy,3,3014,1794,1794,8N06855,11,Southern 1,0.0001830903514231505,2200,0.5018705090885726,50
0,Nesøy,3,3014,1735,1735,8N06689,14,Southern 4,0.00018298810835733065,2201,0.5018705090885726,50
0,Nesøy,3,3014,3008,3008,8N73012,4,Gjerøy,0.00018287787610070868,2202,0.5018705090885726,50
0,Nesøy,3,3014,4401,4401,8681291,7,Onøy og Lurøy,0.00018233877729285724,2203,0.5018705090885726,50
0,Nesøy,3,3014,4176,4176,8168613,5,Hestmannøy,0.0001822335471628271,2204,0.5018705090885726,50
0,Nesøy,3,3014,1105,1105,8M72545,11,Southern 1,0.00018194779350234918,2205,0.5018705090885726,50
0,Nesøy,3,3014,3735,3735,8N87911,13,Southern 3,0.0001815461340543373,2206,0.5018705090885726,50
0,Nesøy,3,3014,5421,5421,8943735,5,Hestmannøy,0.00018013781860459988,2207,0.5018705090885726,50
0,Nesøy,3,3014,3887,3887,8P11569,14,Southern 4,0.00017992013122441363,2208,0.5018705090885726,50
0,Nesøy,3,3014,619,619,8L89548,12,Southern 2,0.0001798144149019428,2209,0.5018705090885726,50
0,Nesøy,3,3014,926,926,8M71277,4,Gjerøy,0.00017920470607913638,2210,0.5018705090885726,50
0,Nesøy,3,3014,3466,3466,8N87241,5,Hestmannøy,0.000179064714274855,2211,0.5018705090885726,50
0,Nesøy,3,3014,2385,2385,8N27080,14,Southern 4,0.0001789977897086268,2212,0.5018705090885726,50
0,Nesøy,3,3014,3337,3337,8N73902,11,Southern 1,0.0001786456081117909,2213,0.5018705090885726,50
0,Nesøy,3,3014,3784,3784,8N87961,13,Southern 3,0.00017821227746314783,2214,0.5018705090885726,50
0,Nesøy,3,3014,3970,3970,8P14311,14,Southern 4,0.00017761304813832757,2215,0.5018705090885726,50
0,Nesøy,3,3014,134,134,8L30724,12,Southern 2,0.00017733656628694485,2216,0.5018705090885726,50
0,Nesøy,3,3014,1491,1491,8N05626,14,Southern 4,0.00017677244791389476,2217,0.5018705090885726,50
0,Nesøy,3,3014,2607,2607,8N28683,5,Hestmannøy,0.00017589352670901586,2218,0.5018705090885726,50
0,Nesøy,3,3014,1536,1536,8N05678,15,Southern 5,0.0001756569138900639,2219,0.5018705090885726,50
0,Nesøy,3,3014,606,606,8L89509,5,Hestmannøy,0.00017543729903624143,2220,0.5018705090885726,50
0,Nesøy,3,3014,2260,2260,8N14642,13,Southern 3,0.00017515075923343039,2221,0.5018705090885726,50
0,Nesøy,3,3014,1766,1766,8N06827,11,Southern 1,0.0001750667723650856,2222,0.5018705090885726,50
0,Nesøy,3,3014,1215,1215,8N05008,4,Gjerøy,0.0001750504612334703,2223,0.5018705090885726,50
0,Nesøy,3,3014,1954,1954,8N13655,13,Southern 3,0.00017504952925586896,2224,0.5018705090885726,50
0,Nesøy,3,3014,377,377,8L52596,5,Hestmannøy,0.00017350544298484427,2225,0.5018705090885726,50
0,Nesøy,3,3014,2675,2675,8N28926,9,Sleneset,0.00017321865020054325,2226,0.5018705090885726,50
0,Nesøy,3,3014,5435,5435,8943892,5,Hestmannøy,0.00017259639031882824,2227,0.5018705090885726,50
0,Nesøy,3,3014,4588,4588,8732697,4,Gjerøy,0.00017251635688664721,2228,0.5018705090885726,50
0,Nesøy,3,3014,3869,3869,8P11551,14,Southern 4,0.0001719868461081739,2229,0.5018705090885726,50
0,Nesøy,3,3014,2305,2305,8N14688,13,Southern 3,0.00017084517622649329,2230,0.5018705090885726,50
0,Nesøy,3,3014,3747,3747,8N87924,13,Southern 3,0.00017072059987568333,2231,0.5018705090885726,50
0,Nesøy,3,3014,3584,3584,8N87599,11,Southern 1,0.0001702779786404974,2232,0.5018705090885726,50
0,Nesøy,3,3014,3312,3312,8N73694,13,Southern 3,0.0001697924324227859,2233,0.5018705090885726,50
0,Nesøy,3,3014,3808,3808,8N87985,13,Southern 3,0.00016967455717719514,2234,0.5018705090885726,50
0,Nesøy,3,3014,2320,2320,8N14829,2,Træna,0.00016947212135522027,2235,0.5018705090885726,50
0,Nesøy,3,3014,4700,4700,8747699,5,Hestmannøy,0.00016915956588989478,2236,0.5018705090885726,50
0,Nesøy,3,3014,626,626,8L89622,4,Gjerøy,0.00016783561691736373,2237,0.5018705090885726,50
0,Nesøy,3,3014,1022,1022,8M71585,2,Træna,0.00016739645753452776,2238,0.5018705090885726,50
0,Nesøy,3,3014,4766,4766,8794301,5,Hestmannøy,0.00016674855351718725,2239,0.5018705090885726,50
0,Nesøy,3,3014,2467,2467,8N27449,6,Indre Kvarøy,0.00016653543885980973,2240,0.5018705090885726,50
0,Nesøy,3,3014,3299,3299,8N73680,13,Southern 3,0.0001660054684845583,2241,0.5018705090885726,50
0,Nesøy,3,3014,3493,3493,8N87362,5,Hestmannøy,0.00016495555021153852,2242,0.5018705090885726,50
0,Nesøy,3,3014,4239,4239,8309288,5,Hestmannøy,0.00016492983775865332,2243,0.5018705090885726,50
0,Nesøy,3,3014,1269,1269,8N05145,12,Southern 2,0.00016477053915870066,2244,0.5018705090885726,50
0,Nesøy,3,3014,348,348,8L52394,12,Southern 2,0.00016450952999768584,2245,0.5018705090885726,50
0,Nesøy,3,3014,4794,4794,8800035,5,Hestmannøy,0.00016352939985908138,2246,0.5018705090885726,50
0,Nesøy,3,3014,3696,3696,8N87871,13,Southern 3,0.00016275494091449517,2247,0.5018705090885726,50
0,Nesøy,3,3014,1691,1691,8N06488,12,Southern 2,0.00016175090415957764,2248,0.5018705090885726,50
0,Nesøy,3,3014,3474,3474,8N87258,8,Lovund,0.00016160606168380415,2249,0.5018705090885726,50
0,Nesøy,3,3014,4332,4332,8681002,4,Gjerøy,0.00016121927894222301,2250,0.5018705090885726,50
0,Nesøy,3,3014,598,598,8L89467,6,Indre Kvarøy,0.00016079686212921323,2251,0.5018705090885726,50
0,Nesøy,3,3014,4095,4095,8P14974,14,Southern 4,0.00016068828731488432,2252,0.5018705090885726,50
0,Nesøy,3,3014,4955,4955,8857223,6,Indre Kvarøy,0.00015970718943950134,2253,0.5018705090885726,50
0,Nesøy,3,3014,4056,4056,8P14867,15,Southern 5,0.00015914189437232662,2254,0.5018705090885726,50
0,Nesøy,3,3014,83,83,8L30162,12,Southern 2,0.00015853162745468294,2255,0.5018705090885726,50
0,Nesøy,3,3014,3580,3580,8N87594,11,Southern 1,0.00015810677250106085,2256,0.5018705090885726,50
0,Nesøy,3,3014,349,349,8L52395,12,Southern 2,0.00015744573552635283,2257,0.5018705090885726,50
0,Nesøy,3,3014,3828,3828,8P11355,5,Hestmannøy,0.00015732866330595382,2258,0.5018705090885726,50
0,Nesøy,3,3014,2143,2143,8N14522,11,Southern 1,0.00015721162251242232,2259,0.5018705090885726,50
0,Nesøy,3,3014,4212,4212,8309164,10,Aldra,0.000157151187723676,2260,0.5018705090885726,50
0,Nesøy,3,3014,5515,5515,8981538,3,Selvær,0.0001570258136753999,2261,0.5018705090885726,50
0,Nesøy,3,3014,2340,2340,8N14954,10,Aldra,0.00015689299584178057,2262,0.5018705090885726,50
0,Nesøy,3,3014,3717,3717,8N87893,13,Southern 3,0.00015640787693665828,2263,0.5018705090885726,50
0,Nesøy,3,3014,5023,5023,8887226,5,Hestmannøy,0.0001560828137924454,2264,0.5018705090885726,50
0,Nesøy,3,3014,5380,5380,8943064,6,Indre Kvarøy,0.00015405384110360077,2265,0.5018705090885726,50
0,Nesøy,3,3014,4088,4088,8P14966,14,Southern 4,0.000153708099468782,2266,0.5018705090885726,50
0,Nesøy,3,3014,1320,1320,8N05197,13,Southern 3,0.00015306170980819173,2267,0.5018705090885726,50
0,Nesøy,3,3014,3944,3944,8P14064,5,Hestmannøy,0.00015249433137875647,2268,0.5018705090885726,50
0,Nesøy,3,3014,1585,1585,8N05827,4,Gjerøy,0.00015078495961705156,2269,0.5018705090885726,50
0,Nesøy,3,3014,5011,5011,8866889,11,Southern 1,0.00015074508872869993,2270,0.5018705090885726,50
0,Nesøy,3,3014,1430,1430,8M71514,1,Myken,0.00014869035145314812,2271,0.5018705090885726,50
0,Nesøy,3,3014,3007,3007,8N73003,4,Gjerøy,0.00014825227951068148,2272,0.5018705090885726,50
0,Nesøy,3,3014,5088,5088,8887488,5,Hestmannøy,0.00014802887319611573,2273,0.5018705090885726,50
0,Nesøy,3,3014,2887,2887,8N72639,2,Træna,0.00014796059002127133,2274,0.5018705090885726,50
0,Nesøy,3,3014,2808,2808,8N42931,5,Hestmannøy,0.00014793353715903692,2275,0.5018705090885726,50
0,Nesøy,3,3014,4457,4457,8730459,8,Lovund,0.00014764573457093616,2276,0.5018705090885726,50
0,Nesøy,3,3014,4889,4889,8800550,5,Hestmannøy,0.00014682478935453377,2277,0.5018705090885726,50
0,Nesøy,3,3014,4996,4996,8866718,4,Gjerøy,0.00014676149304943128,2278,0.5018705090885726,50
0,Nesøy,3,3014,1427,1427,8N05306,13,Southern 3,0.00014663208383501245,2279,0.5018705090885726,50
0,Nesøy,3,3014,3497,3497,8N87372,4,Gjerøy,0.000146406848472019,2280,0.5018705090885726,50
0,Nesøy,3,3014,1468,1468,8N05603,14,Southern 4,0.0001461539073934407,2281,0.5018705090885726,50
0,Nesøy,3,3014,1140,1140,8M72644,4,Gjerøy,0.00014555532917218838,2282,0.5018705090885726,50
0,Nesøy,3,3014,173,173,8L30882,4,Gjerøy,0.00014508544859210686,2283,0.5018705090885726,50
0,Nesøy,3,3014,5341,5341,8939736,7,Onøy og Lurøy,0.00014439311830249935,2284,0.5018705090885726,50
0,Nesøy,3,3014,3221,3221,8N73602,14,Southern 4,0.0001442085568135662,2285,0.5018705090885726,50
0,Nesøy,3,3014,5304,5304,8939383,7,Onøy og Lurøy,0.0001438108445608942,2286,0.5018705090885726,50
0,Nesøy,3,3014,2242,2242,8N14623,13,Southern 3,0.00014365028739015632,2287,0.5018705090885726,50
0,Nesøy,3,3014,373,373,8L52590,7,Onøy og Lurøy,0.0001434238433758668,2288,0.5018705090885726,50
0,Nesøy,3,3014,2570,2570,8N28339,2,Træna,0.0001432792359760937,2289,0.5018705090885726,50
0,Nesøy,3,3014,5254,5254,8939093,10,Aldra,0.00014306348193924513,2290,0.5018705090885726,50
0,Nesøy,3,3014,3604,3604,8N87625,15,Southern 5,0.00014212198928211794,2291,0.5018705090885726,50
0,Nesøy,3,3014,3521,3521,8N87534,11,Southern 1,0.00014197906955294755,2292,0.5018705090885726,50
0,Nesøy,3,3014,223,223,8L48501,10,Aldra,0.00014180886198888296,2293,0.5018705090885726,50
0,Nesøy,3,3014,3545,3545,8N87558,11,Southern 1,0.00014125075504809972,2294,0.5018705090885726,50
0,Nesøy,3,3014,1077,1077,8M72317,7,Onøy og Lurøy,0.00014037513856431842,2295,0.5018705090885726,50
0,Nesøy,3,3014,3846,3846,8P11527,15,Southern 5,0.00014017720815886328,2296,0.5018705090885726,50
0,Nesøy,3,3014,1488,1488,8N05623,14,Southern 4,0.0001396585354385621,2297,0.5018705090885726,50
0,Nesøy,3,3014,4590,4590,8732699,4,Gjerøy,0.00013950652417759918,2298,0.5018705090885726,50
0,Nesøy,3,3014,1442,1442,8N05446,6,Indre Kvarøy,0.00013939321162052124,2299,0.5018705090885726,50
0,Nesøy,3,3014,5457,5457,8981092,11,Southern 1,0.00013895432789761037,2300,0.5018705090885726,50
0,Nesøy,3,3014,326,326,8L52358,11,Southern 1,0.0001388735630214203,2301,0.5018705090885726,50
0,Nesøy,3,3014,3886,3886,8P11568,14,Southern 4,0.00013880105693512155,2302,0.5018705090885726,50
0,Nesøy,3,3014,3722,3722,8N87898,13,Southern 3,0.00013873565267702489,2303,0.5018705090885726,50
0,Nesøy,3,3014,3040,3040,8N73196,15,Southern 5,0.00013841746612741388,2304,0.5018705090885726,50
0,Nesøy,3,3014,4565,4565,8732649,5,Hestmannøy,0.00013795714224829224,2305,0.5018705090885726,50
0,Nesøy,3,3014,2612,2612,8N28689,5,Hestmannøy,0.0001375672248478567,2306,0.5018705090885726,50
0,Nesøy,3,3014,3184,3184,8N73495,12,Southern 2,0.00013733841245019084,2307,0.5018705090885726,50
0,Nesøy,3,3014,3794,3794,8N87971,13,Southern 3,0.00013729974975899395,2308,0.5018705090885726,50
0,Nesøy,3,3014,2539,2539,8N28026,9,Sleneset,0.00013704921595446146,2309,0.5018705090885726,50
0,Nesøy,3,3014,1243,1243,8N05119,12,Southern 2,0.00013663019107082854,2310,0.5018705090885726,50
0,Nesøy,3,3014,1051,1051,8M72017,2,Træna,0.0001365469967603805,2311,0.5018705090885726,50
0,Nesøy,3,3014,330,330,8L52364,11,Southern 1,0.00013653229192423232,2312,0.5018705090885726,50
0,Nesøy,3,3014,3145,3145,8N73455,11,Southern 1,0.00013622884384523247,2313,0.5018705090885726,50
0,Nesøy,3,3014,507,507,8L64838,2,Træna,0.00013607027702977544,2314,0.5018705090885726,50
0,Nesøy,3,3014,3188,3188,8N73499,12,Southern 2,0.0001358186105503964,2315,0.5018705090885726,50
0,Nesøy,3,3014,2347,2347,8N14961,5,Hestmannøy,0.00013577169613868096,2316,0.5018705090885726,50
0,Nesøy,3,3014,1226,1226,8N05102,12,Southern 2,0.00013513805369179955,2317,0.5018705090885726,50
0,Nesøy,3,3014,1295,1295,8N05171,12,Southern 2,0.0001348402869133997,2318,0.5018705090885726,50
0,Nesøy,3,3014,1323,1323,8N05200,13,Southern 3,0.00013471269575264408,2319,0.5018705090885726,50
0,Nesøy,3,3014,1915,1915,8N13616,14,Southern 4,0.00013451504154119096,2320,0.5018705090885726,50
0,Nesøy,3,3014,55,55,8L19961,10,Aldra,0.00013442170655324326,2321,0.5018705090885726,50
0,Nesøy,3,3014,530,530,8L64996,10,Aldra,0.00013407125433238004,2322,0.5018705090885726,50
0,Nesøy,3,3014,4030,4030,8P14838,5,Hestmannøy,0.00013303269412751295,2323,0.5018705090885726,50
0,Nesøy,3,3014,4961,4961,8857237,5,Hestmannøy,0.00013239261774042893,2324,0.5018705090885726,50
0,Nesøy,3,3014,2650,2650,8N28809,6,Indre Kvarøy,0.00013219094429084546,2325,0.5018705090885726,50
0,Nesøy,3,3014,4592,4592,8747010,8,Lovund,0.0001320149097158263,2326,0.5018705090885726,50
0,Nesøy,3,3014,403,403,8L52967,6,Indre Kvarøy,0.0001318453297667871,2327,0.5018705090885726,50
0,Nesøy,3,3014,485,485,8M71345,12,Southern 2,0.0001316585027608029,2328,0.5018705090885726,50
0,Nesøy,3,3014,3087,3087,8N73250,14,Southern 4,0.000130152084750979,2329,0.5018705090885726,50
0,Nesøy,3,3014,254,254,8L48756,11,Southern 1,0.00012985706752361575,2330,0.5018705090885726,50
0,Nesøy,3,3014,1761,1761,8N06821,11,Southern 1,0.00012973657498854178,2331,0.5018705090885726,50
0,Nesøy,3,3014,2569,2569,8N28316,9,Sleneset,0.00012944838057711114,2332,0.5018705090885726,50
0,Nesøy,3,3014,3559,3559,8N87572,11,Southern 1,0.00012936207607011806,2333,0.5018705090885726,50
0,Nesøy,3,3014,4283,4283,8651522,6,Indre Kvarøy,0.0001292138345030225,2334,0.5018705090885726,50
0,Nesøy,3,3014,4196,4196,8168693,6,Indre Kvarøy,0.00012883508474432605,2335,0.5018705090885726,50
0,Nesøy,3,3014,1768,1768,8N06829,11,Southern 1,0.00012836649244920965,2336,0.5018705090885726,50
0,Nesøy,3,3014,700,700,8L89981,7,Onøy og Lurøy,0.0001273799030246439,2337,0.5018705090885726,50
0,Nesøy,3,3014,2749,2749,8N42532,4,Gjerøy,0.00012680967558204302,2338,0.5018705090885726,50
0,Nesøy,3,3014,789,789,8M31627,4,Gjerøy,0.00012634056252694244,2339,0.5018705090885726,50
0,Nesøy,3,3014,111,111,8L30467,12,Southern 2,0.00012592396784039282,2340,0.5018705090885726,50
0,Nesøy,3,3014,787,787,8M31622,4,Gjerøy,0.0001255648885779148,2341,0.5018705090885726,50
0,Nesøy,3,3014,4770,4770,8794307,5,Hestmannøy,0.0001246200806242438,2342,0.5018705090885726,50
0,Nesøy,3,3014,4962,4962,8857243,5,Hestmannøy,0.00012435457912412967,2343,0.5018705090885726,50
0,Nesøy,3,3014,2038,2038,8N13970,5,Hestmannøy,0.00012428470324679059,2344,0.5018705090885726,50
0,Nesøy,3,3014,1090,1090,8M72429,13,Southern 3,0.0001235843199876565,2345,0.5018705090885726,50
0,Nesøy,3,3014,3235,3235,8N73616,14,Southern 4,0.00012357164336772536,2346,0.5018705090885726,50
0,Nesøy,3,3014,3424,3424,8N73990,12,Southern 2,0.0001235147496447215,2347,0.5018705090885726,50
0,Nesøy,3,3014,4730,4730,8747764,5,Hestmannøy,0.00012264407120580009,2348,0.5018705090885726,50
0,Nesøy,3,3014,4076,4076,8P14948,14,Southern 4,0.00012168119912555216,2349,0.5018705090885726,50
0,Nesøy,3,3014,997,997,8M71484,13,Southern 3,0.00012165934999887787,2350,0.5018705090885726,50
0,Nesøy,3,3014,1221,1221,8N05057,4,Gjerøy,0.00012150206124982993,2351,0.5018705090885726,50
0,Nesøy,3,3014,1774,1774,8N06835,11,Southern 1,0.00012128937021812586,2352,0.5018705090885726,50
0,Nesøy,3,3014,5267,5267,8939157,5,Hestmannøy,0.00012116162051269669,2353,0.5018705090885726,50
0,Nesøy,3,3014,4984,4984,8857620,1,Myken,0.0001208654775582399,2354,0.5018705090885726,50
0,Nesøy,3,3014,1138,1138,8M72640,6,Indre Kvarøy,0.0001202794824096709,2355,0.5018705090885726,50
0,Nesøy,3,3014,5195,5195,8934413,8,Lovund,0.00011969084898619156,2356,0.5018705090885726,50
0,Nesøy,3,3014,418,418,8L57858,9,Sleneset,0.00011945785617808888,2357,0.5018705090885726,50
0,Nesøy,3,3014,1608,1608,8N05877,11,Southern 1,0.00011909693521870512,2358,0.5018705090885726,50
0,Nesøy,3,3014,1989,1989,8N13691,13,Southern 3,0.00011906389599947807,2359,0.5018705090885726,50
0,Nesøy,3,3014,3156,3156,8N73466,11,Southern 1,0.00011841061618750804,2360,0.5018705090885726,50
0,Nesøy,3,3014,1975,1975,8N13677,13,Southern 3,0.00011840842897999894,2361,0.5018705090885726,50
0,Nesøy,3,3014,1402,1402,8N05280,13,Southern 3,0.00011815691578079046,2362,0.5018705090885726,50
0,Nesøy,3,3014,965,965,8M71355,12,Southern 2,0.00011809420037612483,2363,0.5018705090885726,50
0,Nesøy,3,3014,3011,3011,8N73048,4,Gjerøy,0.00011782127609668735,2364,0.5018705090885726,50
0,Nesøy,3,3014,98,98,8L30354,7,Onøy og Lurøy,0.00011774906884448263,2365,0.5018705090885726,50
0,Nesøy,3,3014,3694,3694,8N87869,13,Southern 3,0.00011700547736948882,2366,0.5018705090885726,50
0,Nesøy,3,3014,870,870,8M31997,1,Myken,0.00011653615132173307,2367,0.5018705090885726,50
0,Nesøy,3,3014,5069,5069,8887411,6,Indre Kvarøy,0.00011570564536570516,2368,0.5018705090885726,50
0,Nesøy,3,3014,3884,3884,8P11566,14,Southern 4,0.0001153807699774126,2369,0.5018705090885726,50
0,Nesøy,3,3014,4415,4415,8681374,4,Gjerøy,0.00011534029222089133,2370,0.5018705090885726,50
0,Nesøy,3,3014,2622,2622,8N28737,2,Træna,0.00011516836625109855,2371,0.5018705090885726,50
0,Nesøy,3,3014,1631,1631,8N05946,3,Selvær,0.00011328751457863217,2372,0.5018705090885726,50
0,Nesøy,3,3014,3822,3822,8P11257,9,Sleneset,0.00011216257046253828,2373,0.5018705090885726,50
0,Nesøy,3,3014,1437,1437,8N05437,6,Indre Kvarøy,0.00011215632447421197,2374,0.5018705090885726,50
0,Nesøy,3,3014,3855,3855,8P11536,15,Southern 5,0.00011184115474734031,2375,0.5018705090885726,50
0,Nesøy,3,3014,3240,3240,8N73621,13,Southern 3,0.00011126523466783077,2376,0.5018705090885726,50
0,Nesøy,3,3014,897,897,8M71152,13,Southern 3,0.00011125623400498937,2377,0.5018705090885726,50
0,Nesøy,3,3014,974,974,8M71377,12,Southern 2,0.0001105441300139208,2378,0.5018705090885726,50
0,Nesøy,3,3014,2327,2327,8N14921,4,Gjerøy,0.00010954206434897126,2379,0.5018705090885726,50
0,Nesøy,3,3014,5178,5178,8934354,6,Indre Kvarøy,0.00010884178629279124,2380,0.5018705090885726,50
0,Nesøy,3,3014,3222,3222,8N73603,14,Southern 4,0.00010858477500836905,2381,0.5018705090885726,50
0,Nesøy,3,3014,2185,2185,8N14566,11,Southern 1,0.0001084591523597871,2382,0.5018705090885726,50
0,Nesøy,3,3014,1634,1634,8N05983,14,Southern 4,0.0001069431575612434,2383,0.5018705090885726,50
0,Nesøy,3,3014,1478,1478,8N05613,14,Southern 4,0.0001064429186334409,2384,0.5018705090885726,50
0,Nesøy,3,3014,2972,2972,8N72933,13,Southern 3,0.00010613864638623626,2385,0.5018705090885726,50
0,Nesøy,3,3014,5392,5392,8943121,5,Hestmannøy,0.00010592203745269507,2386,0.5018705090885726,50
0,Nesøy,3,3014,3593,3593,8N87612,15,Southern 5,0.00010558216431717268,2387,0.5018705090885726,50
0,Nesøy,3,3014,2292,2292,8N14675,13,Southern 3,0.00010549283522375885,2388,0.5018705090885726,50
0,Nesøy,3,3014,1562,1562,8N05710,5,Hestmannøy,0.00010505740159360094,2389,0.5018705090885726,50
0,Nesøy,3,3014,4764,4764,8747979,5,Hestmannøy,0.00010495233442478435,2390,0.5018705090885726,50
0,Nesøy,3,3014,1843,1843,8N06931,4,Gjerøy,0.00010431245083516284,2391,0.5018705090885726,50
0,Nesøy,3,3014,1921,1921,8N13620,14,Southern 4,0.00010417623107909619,2392,0.5018705090885726,50
0,Nesøy,3,3014,1798,1798,8N06859,11,Southern 1,0.00010310977128797638,2393,0.5018705090885726,50
0,Nesøy,3,3014,4740,4740,8747817,7,Onøy og Lurøy,0.00010305770254417645,2394,0.5018705090885726,50
0,Nesøy,3,3014,2954,2954,8N72914,13,Southern 3,0.00010273309242123719,2395,0.5018705090885726,50
0,Nesøy,3,3014,3171,3171,8N73482,11,Southern 1,0.00010252295296075773,2396,0.5018705090885726,50
0,Nesøy,3,3014,5014,5014,8887130,3,Selvær,0.00010203932640263203,2397,0.5018705090885726,50
0,Nesøy,3,3014,4490,4490,8730928,2,Træna,0.00010159041776697848,2398,0.5018705090885726,50
0,Nesøy,3,3014,1049,1049,8M72014,3,Selvær,0.00010145048064391593,2399,0.5018705090885726,50
0,Nesøy,3,3014,914,914,8M71231,6,Indre Kvarøy,0.00010124690221344212,2400,0.5018705090885726,50
0,Nesøy,3,3014,5022,5022,8887221,4,Gjerøy,0.00010118933938776345,2401,0.5018705090885726,50
0,Nesøy,3,3014,4083,4083,8P14961,14,Southern 4,0.00010063524898749718,2402,0.5018705090885726,50
0,Nesøy,3,3014,264,264,8L48780,11,Southern 1,0.00010011116541594829,2403,0.5018705090885726,50
0,Nesøy,3,3014,1180,1180,8M72867,6,Indre Kvarøy,0.00010003447169965778,2404,0.5018705090885726,50
0,Nesøy,3,3014,3079,3079,8N73241,12,Southern 2,9.979408774454579e-05,2405,0.5018705090885726,50
0,Nesøy,3,3014,1009,1009,8M71505,10,Aldra,9.961608264365249e-05,2406,0.5018705090885726,50
0,Nesøy,3,3014,2225,2225,8N14606,13,Southern 3,9.956373742953738e-05,2407,0.5018705090885726,50
0,Nesøy,3,3014,2297,2297,8N14680,13,Southern 3,9.920337566917542e-05,2408,0.5018705090885726,50
0,Nesøy,3,3014,4985,4985,8732262,1,Myken,9.914593953308528e-05,2409,0.5018705090885726,50
0,Nesøy,3,3014,4241,4241,8414527,2,Træna,9.879309732441068e-05,2410,0.5018705090885726,50
0,Nesøy,3,3014,2035,2035,8N13962,6,Indre Kvarøy,9.763842537980682e-05,2411,0.5018705090885726,50
0,Nesøy,3,3014,4532,4532,8732502,8,Lovund,9.748222046070495e-05,2412,0.5018705090885726,50
0,Nesøy,3,3014,2021,2021,8N13928,5,Hestmannøy,9.73252741767381e-05,2413,0.5018705090885726,50
0,Nesøy,3,3014,3381,3381,8N73947,12,Southern 2,9.72514212543918e-05,2414,0.5018705090885726,50
0,Nesøy,3,3014,4528,4528,8732288,5,Hestmannøy,9.705646761529433e-05,2415,0.5018705090885726,50
0,Nesøy,3,3014,2677,2677,8N28945,2,Træna,9.653540934883464e-05,2416,0.5018705090885726,50
0,Nesøy,3,3014,2805,2805,8N42915,6,Indre Kvarøy,9.571436635762348e-05,2417,0.5018705090885726,50
0,Nesøy,3,3014,1713,1713,8N06563,4,Gjerøy,9.474656747313771e-05,2418,0.5018705090885726,50
0,Nesøy,3,3014,3112,3112,8N73402,4,Gjerøy,9.432513380214558e-05,2419,0.5018705090885726,50
0,Nesøy,3,3014,1971,1971,8N13673,13,Southern 3,9.376956360142588e-05,2420,0.5018705090885726,50
0,Nesøy,3,3014,5417,5417,8943578,2,Træna,9.348993426503152e-05,2421,0.5018705090885726,50
0,Nesøy,3,3014,1011,1011,8M71507,10,Aldra,9.266420392839176e-05,2422,0.5018705090885726,50
0,Nesøy,3,3014,2159,2159,8N14538,11,Southern 1,9.22340569599633e-05,2423,0.5018705090885726,50
0,Nesøy,3,3014,1786,1786,8N06847,11,Southern 1,9.138855483986685e-05,2424,0.5018705090885726,50
0,Nesøy,3,3014,5173,5173,8934333,6,Indre Kvarøy,9.136528547727785e-05,2425,0.5018705090885726,50
0,Nesøy,3,3014,1662,1662,8N06439,2,Træna,9.055697303246194e-05,2426,0.5018705090885726,50
0,Nesøy,3,3014,1526,1526,8N05363,15,Southern 5,9.040091494222817e-05,2427,0.5018705090885726,50
0,Nesøy,3,3014,3422,3422,8N73988,12,Southern 2,8.972229882638766e-05,2428,0.5018705090885726,50
0,Nesøy,3,3014,251,251,8L48752,11,Southern 1,8.948435628171367e-05,2429,0.5018705090885726,50
0,Nesøy,3,3014,1489,1489,8N05624,14,Southern 4,8.943856365002896e-05,2430,0.5018705090885726,50
0,Nesøy,3,3014,3731,3731,8N87907,13,Southern 3,8.922785743681189e-05,2431,0.5018705090885726,50
0,Nesøy,3,3014,185,185,8L48311,5,Hestmannøy,8.92259603649815e-05,2432,0.5018705090885726,50
0,Nesøy,3,3014,5403,5403,8943469,2,Træna,8.89312279777196e-05,2433,0.5018705090885726,50
0,Nesøy,3,3014,2381,2381,8N27076,14,Southern 4,8.889243278272563e-05,2434,0.5018705090885726,50
0,Nesøy,3,3014,876,876,8M71077,4,Gjerøy,8.845070216266015e-05,2435,0.5018705090885726,50
0,Nesøy,3,3014,5372,5372,8943012,10,Aldra,8.838624757991908e-05,2436,0.5018705090885726,50
0,Nesøy,3,3014,1910,1910,8N13612,14,Southern 4,8.829063248500218e-05,2437,0.5018705090885726,50
0,Nesøy,3,3014,3644,3644,8N87817,14,Southern 4,8.825876578907571e-05,2438,0.5018705090885726,50
0,Nesøy,3,3014,4880,4880,8800515,5,Hestmannøy,8.792236315045269e-05,2439,0.5018705090885726,50
0,Nesøy,3,3014,3462,3462,8N87211,6,Indre Kvarøy,8.75763824580119e-05,2440,0.5018705090885726,50
0,Nesøy,3,3014,811,811,8M31769,11,Southern 1,8.743786901933572e-05,2441,0.5018705090885726,50
0,Nesøy,3,3014,1262,1262,8N05138,12,Southern 2,8.740405771095749e-05,2442,0.5018705090885726,50
0,Nesøy,3,3014,1633,1633,8N05957,14,Southern 4,8.706622094731511e-05,2443,0.5018705090885726,50
0,Nesøy,3,3014,3441,3441,8N87057,5,Hestmannøy,8.70606363545015e-05,2444,0.5018705090885726,50
0,Nesøy,3,3014,2182,2182,8N14563,11,Southern 1,8.695889390779206e-05,2445,0.5018705090885726,50
0,Nesøy,3,3014,250,250,8L48750,11,Southern 1,8.685749816328636e-05,2446,0.5018705090885726,50
0,Nesøy,3,3014,4956,4956,8857226,6,Indre Kvarøy,8.680861572710339e-05,2447,0.5018705090885726,50
0,Nesøy,3,3014,5162,5162,8934278,7,Onøy og Lurøy,8.658787115055556e-05,2448,0.5018705090885726,50
0,Nesøy,3,3014,230,230,8L48578,8,Lovund,8.529404695992531e-05,2449,0.5018705090885726,50
0,Nesøy,3,3014,147,147,8L30765,12,Southern 2,8.517347788703721e-05,2450,0.5018705090885726,50
0,Nesøy,3,3014,4553,4553,8732610,9,Sleneset,8.481767473216329e-05,2451,0.5018705090885726,50
0,Nesøy,3,3014,840,840,8M31872,5,Hestmannøy,8.400467325045943e-05,2452,0.5018705090885726,50
0,Nesøy,3,3014,3284,3284,8N73665,13,Southern 3,8.364306423226608e-05,2453,0.5018705090885726,50
0,Nesøy,3,3014,2367,2367,8N27054,14,Southern 4,8.346469063728185e-05,2454,0.5018705090885726,50
0,Nesøy,3,3014,1584,1584,8N05825,4,Gjerøy,8.313078839396536e-05,2455,0.5018705090885726,50
0,Nesøy,3,3014,4723,4723,8747744,9,Sleneset,8.224431688455346e-05,2456,0.5018705090885726,50
0,Nesøy,3,3014,1482,1482,8N05617,14,Southern 4,8.211701237576377e-05,2457,0.5018705090885726,50
0,Nesøy,3,3014,2817,2817,8N28892,5,Hestmannøy,8.199010828795095e-05,2458,0.5018705090885726,50
0,Nesøy,3,3014,1298,1298,8N05174,12,Southern 2,8.188251399543711e-05,2459,0.5018705090885726,50
0,Nesøy,3,3014,2707,2707,8N42272,5,Hestmannøy,8.097868993803256e-05,2460,0.5018705090885726,50
0,Nesøy,3,3014,3818,3818,8P11058,3,Selvær,8.084410051039847e-05,2461,0.5018705090885726,50
0,Nesøy,3,3014,2537,2537,8N28016,9,Sleneset,8.070607098524258e-05,2462,0.5018705090885726,50
0,Nesøy,3,3014,5411,5411,8943487,7,Onøy og Lurøy,8.035388739054574e-05,2463,0.5018705090885726,50
0,Nesøy,3,3014,5098,5098,8904643,7,Onøy og Lurøy,8.034838577179446e-05,2464,0.5018705090885726,50
0,Nesøy,3,3014,838,838,8M31865,6,Indre Kvarøy,8.026244299254132e-05,2465,0.5018705090885726,50
0,Nesøy,3,3014,3056,3056,8N73218,12,Southern 2,8.022623250717821e-05,2466,0.5018705090885726,50
0,Nesøy,3,3014,458,458,8M71362,12,Southern 2,7.970143891857961e-05,2467,0.5018705090885726,50
0,Nesøy,3,3014,2564,2564,8N28250,7,Onøy og Lurøy,7.969461851713197e-05,2468,0.5018705090885726,50
0,Nesøy,3,3014,5090,5090,8887494,7,Onøy og Lurøy,7.964672420794683e-05,2469,0.5018705090885726,50
0,Nesøy,3,3014,2329,2329,8N14923,5,Hestmannøy,7.932958580300548e-05,2470,0.5018705090885726,50
0,Nesøy,3,3014,4579,4579,8732676,4,Gjerøy,7.870479348401349e-05,2471,0.5018705090885726,50
0,Nesøy,3,3014,3807,3807,8N87984,13,Southern 3,7.818133235449956e-05,2472,0.5018705090885726,50
0,Nesøy,3,3014,3938,3938,8P14052,5,Hestmannøy,7.773095707168887e-05,2473,0.5018705090885726,50
0,Nesøy,3,3014,4672,4672,8747553,10,Aldra,7.758272113515173e-05,2474,0.5018705090885726,50
0,Nesøy,3,3014,5463,5463,8981163,12,Southern 2,7.745868763080287e-05,2475,0.5018705090885726,50
0,Nesøy,3,3014,930,930,8M71289,5,Hestmannøy,7.73613841860585e-05,2476,0.5018705090885726,50
0,Nesøy,3,3014,384,384,8L52640,8,Lovund,7.713911166680854e-05,2477,0.5018705090885726,50
0,Nesøy,3,3014,2022,2022,8N13929,5,Hestmannøy,7.709128054516284e-05,2478,0.5018705090885726,50
0,Nesøy,3,3014,829,829,8L89157,13,Southern 3,7.692144801835506e-05,2479,0.5018705090885726,50
0,Nesøy,3,3014,1162,1162,8M72739,4,Gjerøy,7.661358252411432e-05,2480,0.5018705090885726,50
0,Nesøy,3,3014,2543,2543,8N28061,7,Onøy og Lurøy,7.636178575959423e-05,2481,0.5018705090885726,50
0,Nesøy,3,3014,5531,5531,8981722,6,Indre Kvarøy,7.60674296799313e-05,2482,0.5018705090885726,50
0,Nesøy,3,3014,4619,4619,8747227,5,Hestmannøy,7.57980732905919e-05,2483,0.5018705090885726,50
0,Nesøy,3,3014,1550,1550,8N05692,15,Southern 5,7.575876648077386e-05,2484,0.5018705090885726,50
0,Nesøy,3,3014,2926,2926,8N72717,4,Gjerøy,7.517135424185668e-05,2485,0.5018705090885726,50
0,Nesøy,3,3014,4112,4112,8P14988,14,Southern 4,7.402872384748793e-05,2486,0.5018705090885726,50
0,Nesøy,3,3014,3847,3847,8P11528,15,Southern 5,7.39566865766541e-05,2487,0.5018705090885726,50
0,Nesøy,3,3014,1380,1380,8N05258,13,Southern 3,7.388228537225871e-05,2488,0.5018705090885726,50
0,Nesøy,3,3014,3100,3100,8N73310,15,Southern 5,7.326246483593292e-05,2489,0.5018705090885726,50
0,Nesøy,3,3014,886,886,8M71100,5,Hestmannøy,7.324085642566008e-05,2490,0.5018705090885726,50
0,Nesøy,3,3014,1773,1773,8N06834,11,Southern 1,7.294533920085084e-05,2491,0.5018705090885726,50
0,Nesøy,3,3014,2108,2108,8N14288,15,Southern 5,7.252756528542258e-05,2492,0.5018705090885726,50
0,Nesøy,3,3014,142,142,8L30760,11,Southern 1,7.250171726766299e-05,2493,0.5018705090885726,50
0,Nesøy,3,3014,2529,2529,8N27965,8,Lovund,7.222609937638521e-05,2494,0.5018705090885726,50
0,Nesøy,3,3014,2412,2412,8N27141,7,Onøy og Lurøy,7.20694173233133e-05,2495,0.5018705090885726,50
0,Nesøy,3,3014,1643,1643,8N06285,2,Træna,7.197419356858026e-05,2496,0.5018705090885726,50
0,Nesøy,3,3014,4342,4342,8681033,5,Hestmannøy,7.111018835728997e-05,2497,0.5018705090885726,50
0,Nesøy,3,3014,3968,3968,8P14300,8,Lovund,7.095140424064831e-05,2498,0.5018705090885726,50
0,Nesøy,3,3014,1432,1432,8N05358,15,Southern 5,7.093673727769048e-05,2499,0.5018705090885726,50
0,Nesøy,3,3014,1192,1192,8M72916,6,Indre Kvarøy,7.073390126908774e-05,2500,0.5018705090885726,50
0,Nesøy,3,3014,86,86,8L30168,12,Southern 2,6.959243828737859e-05,2501,0.5018705090885726,50
0,Nesøy,3,3014,28,28,8L19856,4,Gjerøy,6.953379484490262e-05,2502,0.5018705090885726,50
0,Nesøy,3,3014,2451,2451,8N27362,5,Hestmannøy,6.848811306798218e-05,2503,0.5018705090885726,50
0,Nesøy,3,3014,1117,1117,8M72577,11,Southern 1,6.840308474773903e-05,2504,0.5018705090885726,50
0,Nesøy,3,3014,5225,5225,8934811,8,Lovund,6.810662694158848e-05,2505,0.5018705090885726,50
0,Nesøy,3,3014,4529,4529,8732293,5,Hestmannøy,6.792576527999362e-05,2506,0.5018705090885726,50
0,Nesøy,3,3014,2839,2839,8N72260,2,Træna,6.792463020537181e-05,2507,0.5018705090885726,50
0,Nesøy,3,3014,1614,1614,8N05884,11,Southern 1,6.777517946322889e-05,2508,0.5018705090885726,50
0,Nesøy,3,3014,3843,3843,8P11524,15,Southern 5,6.760478708474071e-05,2509,0.5018705090885726,50
0,Nesøy,3,3014,2359,2359,8N14976,7,Onøy og Lurøy,6.734546824066628e-05,2510,0.5018705090885726,50
0,Nesøy,3,3014,2192,2192,8N14573,11,Southern 1,6.717035732948892e-05,2511,0.5018705090885726,50
0,Nesøy,3,3014,5130,5130,8934046,9,Sleneset,6.70236978771091e-05,2512,0.5018705090885726,50
0,Nesøy,3,3014,1999,1999,8N13706,6,Indre Kvarøy,6.676690901256416e-05,2513,0.5018705090885726,50
0,Nesøy,3,3014,5516,5516,8981545,5,Hestmannøy,6.674399606489384e-05,2514,0.5018705090885726,50
0,Nesøy,3,3014,4376,4376,8681138,1,Myken,6.645220423624381e-05,2515,0.5018705090885726,50
0,Nesøy,3,3014,3047,3047,8N73209,12,Southern 2,6.610423793491818e-05,2516,0.5018705090885726,50
0,Nesøy,3,3014,3099,3099,8N73309,15,Southern 5,6.598060374881357e-05,2517,0.5018705090885726,50
0,Nesøy,3,3014,1113,1113,8M72571,11,Southern 1,6.591458895629413e-05,2518,0.5018705090885726,50
0,Nesøy,3,3014,1239,1239,8N05115,12,Southern 2,6.587546355131257e-05,2519,0.5018705090885726,50
0,Nesøy,3,3014,2374,2374,8N27069,14,Southern 4,6.585832820281468e-05,2520,0.5018705090885726,50
0,Nesøy,3,3014,4385,4385,8681201,9,Sleneset,6.560508566601938e-05,2521,0.5018705090885726,50
0,Nesøy,3,3014,338,338,8L52383,11,Southern 1,6.553000533278314e-05,2522,0.5018705090885726,50
0,Nesøy,3,3014,2646,2646,8N28794,14,Southern 4,6.517957312069198e-05,2523,0.5018705090885726,50
0,Nesøy,3,3014,3086,3086,8N73249,14,Southern 4,6.514556391191917e-05,2524,0.5018705090885726,50
0,Nesøy,3,3014,3511,3511,8N87524,11,Southern 1,6.496134396509423e-05,2525,0.5018705090885726,50
0,Nesøy,3,3014,862,862,8M31953,4,Gjerøy,6.49409393494921e-05,2526,0.5018705090885726,50
0,Nesøy,3,3014,2170,2170,8N14550,11,Southern 1,6.48114512277547e-05,2527,0.5018705090885726,50
0,Nesøy,3,3014,4915,4915,8816455,6,Indre Kvarøy,6.473214017671425e-05,2528,0.5018705090885726,50
0,Nesøy,3,3014,445,445,8M71378,12,Southern 2,6.43015296902473e-05,2529,0.5018705090885726,50
0,Nesøy,3,3014,2634,2634,8N28781,5,Hestmannøy,6.428122044623305e-05,2530,0.5018705090885726,50
0,Nesøy,3,3014,1010,1010,8M71506,10,Aldra,6.399452315464876e-05,2531,0.5018705090885726,50
0,Nesøy,3,3014,5205,5205,8934474,3,Selvær,6.391745990069253e-05,2532,0.5018705090885726,50
0,Nesøy,3,3014,1926,1926,8N13625,14,Southern 4,6.385758943336715e-05,2533,0.5018705090885726,50
0,Nesøy,3,3014,5351,5351,8939764,5,Hestmannøy,6.372538074719602e-05,2534,0.5018705090885726,50
0,Nesøy,3,3014,1602,1602,8N05869,11,Southern 1,6.316716698178834e-05,2535,0.5018705090885726,50
0,Nesøy,3,3014,3985,3985,8P14454,6,Indre Kvarøy,6.293899203667672e-05,2536,0.5018705090885726,50
0,Nesøy,3,3014,2417,2417,8N27194,14,Southern 4,6.284437249576585e-05,2537,0.5018705090885726,50
0,Nesøy,3,3014,5444,5444,8981020,4,Gjerøy,6.274170450469623e-05,2538,0.5018705090885726,50
0,Nesøy,3,3014,1601,1601,8N05868,11,Southern 1,6.26508007851636e-05,2539,0.5018705090885726,50
0,Nesøy,3,3014,2312,2312,8N14733,3,Selvær,6.257945173277233e-05,2540,0.5018705090885726,50
0,Nesøy,3,3014,2090,2090,8N14164,5,Hestmannøy,6.239198974386569e-05,2541,0.5018705090885726,50
0,Nesøy,3,3014,5537,5537,8981742,9,Sleneset,6.238185493875698e-05,2542,0.5018705090885726,50
0,Nesøy,3,3014,4092,4092,8P14971,14,Southern 4,6.224405994190815e-05,2543,0.5018705090885726,50
0,Nesøy,3,3014,3607,3607,8N87628,15,Southern 5,6.194592600093995e-05,2544,0.5018705090885726,50
0,Nesøy,3,3014,3992,3992,8P14607,7,Onøy og Lurøy,6.190831036487168e-05,2545,0.5018705090885726,50
0,Nesøy,3,3014,2566,2566,8N28281,2,Træna,6.181350244044919e-05,2546,0.5018705090885726,50
0,Nesøy,3,3014,4203,4203,8168772,5,Hestmannøy,6.158891819545043e-05,2547,0.5018705090885726,50
0,Nesøy,3,3014,2844,2844,8N72332,4,Gjerøy,6.10903632533856e-05,2548,0.5018705090885726,50
0,Nesøy,3,3014,2855,2855,8N72389,6,Indre Kvarøy,6.069732756615487e-05,2549,0.5018705090885726,50
0,Nesøy,3,3014,2632,2632,8N28777,5,Hestmannøy,6.068284215958536e-05,2550,0.5018705090885726,50
0,Nesøy,3,3014,1412,1412,8N05291,13,Southern 3,6.032899873971237e-05,2551,0.5018705090885726,50
0,Nesøy,3,3014,271,271,8L49934,1,Myken,5.939571538169153e-05,2552,0.5018705090885726,50
0,Nesøy,3,3014,847,847,8M31922,5,Hestmannøy,5.9090275025831805e-05,2553,0.5018705090885726,50
0,Nesøy,3,3014,1923,1923,8N13622,14,Southern 4,5.901837282236921e-05,2554,0.5018705090885726,50
0,Nesøy,3,3014,316,316,8L52343,11,Southern 1,5.830757042674349e-05,2555,0.5018705090885726,50
0,Nesøy,3,3014,101,101,8L30372,2,Træna,5.804513817666112e-05,2556,0.5018705090885726,50
0,Nesøy,3,3014,4080,4080,8P14958,14,Southern 4,5.7882877464318984e-05,2557,0.5018705090885726,50
0,Nesøy,3,3014,4884,4884,8800535,10,Aldra,5.736732676732081e-05,2558,0.5018705090885726,50
0,Nesøy,3,3014,1062,1062,8M72136,2,Træna,5.734148666907385e-05,2559,0.5018705090885726,50
0,Nesøy,3,3014,116,116,8L30499,2,Træna,5.724298955769855e-05,2560,0.5018705090885726,50
0,Nesøy,3,3014,3594,3594,8N87613,15,Southern 5,5.699138416431589e-05,2561,0.5018705090885726,50
0,Nesøy,3,3014,15,15,8L19661,2,Træna,5.6833516058012285e-05,2562,0.5018705090885726,50
0,Nesøy,3,3014,1354,1354,8N05231,12,Southern 2,5.672406114325228e-05,2563,0.5018705090885726,50
0,Nesøy,3,3014,4520,4520,8732249,5,Hestmannøy,5.6670791542726e-05,2564,0.5018705090885726,50
0,Nesøy,3,3014,4311,4311,8651875,5,Hestmannøy,5.6630781727344815e-05,2565,0.5018705090885726,50
0,Nesøy,3,3014,4034,4034,8P14845,14,Southern 4,5.6515834568541814e-05,2566,0.5018705090885726,50
0,Nesøy,3,3014,1874,1874,8N13355,2,Træna,5.638524070999178e-05,2567,0.5018705090885726,50
0,Nesøy,3,3014,2528,2528,8N27964,1,Myken,5.619381981859919e-05,2568,0.5018705090885726,50
0,Nesøy,3,3014,3736,3736,8N87913,13,Southern 3,5.607509895936419e-05,2569,0.5018705090885726,50
0,Nesøy,3,3014,836,836,8M31862,4,Gjerøy,5.5791227423740154e-05,2570,0.5018705090885726,50
0,Nesøy,3,3014,2947,2947,8N72907,13,Southern 3,5.5573071667747235e-05,2571,0.5018705090885726,50
0,Nesøy,3,3014,1183,1183,8M72879,6,Indre Kvarøy,5.463168405418543e-05,2572,0.5018705090885726,50
0,Nesøy,3,3014,1207,1207,8M72969,5,Hestmannøy,5.439442914909158e-05,2573,0.5018705090885726,50
0,Nesøy,3,3014,2144,2144,8N14523,11,Southern 1,5.428150653175159e-05,2574,0.5018705090885726,50
0,Nesøy,3,3014,1331,1331,8N05208,12,Southern 2,5.348073170189413e-05,2575,0.5018705090885726,50
0,Nesøy,3,3014,4671,4671,8747552,10,Aldra,5.3440302502640175e-05,2576,0.5018705090885726,50
0,Nesøy,3,3014,3411,3411,8N73977,12,Southern 2,5.3060514171832664e-05,2577,0.5018705090885726,50
0,Nesøy,3,3014,1371,1371,8N05249,13,Southern 3,5.302927396399822e-05,2578,0.5018705090885726,50
0,Nesøy,3,3014,4935,4935,8816943,4,Gjerøy,5.2676211197079934e-05,2579,0.5018705090885726,50
0,Nesøy,3,3014,1497,1497,8N05639,14,Southern 4,5.224156412420855e-05,2580,0.5018705090885726,50
0,Nesøy,3,3014,1357,1357,8N05234,12,Southern 2,5.2166198705819175e-05,2581,0.5018705090885726,50
0,Nesøy,3,3014,5382,5382,8943067,10,Aldra,5.194339257739322e-05,2582,0.5018705090885726,50
0,Nesøy,3,3014,1731,1731,8N06685,14,Southern 4,5.186578461013447e-05,2583,0.5018705090885726,50
0,Nesøy,3,3014,4850,4850,8800368,1,Myken,5.160350122809507e-05,2584,0.5018705090885726,50
0,Nesøy,3,3014,563,563,8L89334,6,Indre Kvarøy,5.108975560286878e-05,2585,0.5018705090885726,50
0,Nesøy,3,3014,1319,1319,8N05196,13,Southern 3,5.093111078777114e-05,2586,0.5018705090885726,50
0,Nesøy,3,3014,2246,2246,8N14627,13,Southern 3,5.0847045401393734e-05,2587,0.5018705090885726,50
0,Nesøy,3,3014,2752,2752,8N42535,4,Gjerøy,5.051863110987931e-05,2588,0.5018705090885726,50
0,Nesøy,3,3014,82,82,8L30154,11,Southern 1,5.051181326606618e-05,2589,0.5018705090885726,50
0,Nesøy,3,3014,2705,2705,8N42263,4,Gjerøy,4.9923579419243125e-05,2590,0.5018705090885726,50
0,Nesøy,3,3014,1799,1799,8N06860,11,Southern 1,4.9830300050684727e-05,2591,0.5018705090885726,50
0,Nesøy,3,3014,1525,1525,8N05362,15,Southern 5,4.972282749448838e-05,2592,0.5018705090885726,50
0,Nesøy,3,3014,2959,2959,8N72919,13,Southern 3,4.9344796508531474e-05,2593,0.5018705090885726,50
0,Nesøy,3,3014,1721,1721,8N06675,14,Southern 4,4.9297593752622575e-05,2594,0.5018705090885726,50
0,Nesøy,3,3014,4292,4292,8651695,5,Hestmannøy,4.9219292824272674e-05,2595,0.5018705090885726,50
0,Nesøy,3,3014,1722,1722,8N06676,14,Southern 4,4.9126570953824946e-05,2596,0.5018705090885726,50
0,Nesøy,3,3014,1017,1017,8M71521,1,Myken,4.9045248272276966e-05,2597,0.5018705090885726,50
0,Nesøy,3,3014,207,207,8L48450,5,Hestmannøy,4.883049047335858e-05,2598,0.5018705090885726,50
0,Nesøy,3,3014,2307,2307,8N14690,13,Southern 3,4.881875999525123e-05,2599,0.5018705090885726,50
0,Nesøy,3,3014,4053,4053,8P14864,15,Southern 5,4.870778853045543e-05,2600,0.5018705090885726,50
0,Nesøy,3,3014,5509,5509,8981359,11,Southern 1,4.808227577772342e-05,2601,0.5018705090885726,50
0,Nesøy,3,3014,2740,2740,8N42518,5,Hestmannøy,4.7360328114769215e-05,2602,0.5018705090885726,50
0,Nesøy,3,3014,3548,3548,8N87561,11,Southern 1,4.7225085917046436e-05,2603,0.5018705090885726,50
0,Nesøy,3,3014,3746,3746,8N87923,13,Southern 3,4.7219658764540635e-05,2604,0.5018705090885726,50
0,Nesøy,3,3014,1078,1078,8M72319,7,Onøy og Lurøy,4.693192911986166e-05,2605,0.5018705090885726,50
0,Nesøy,3,3014,3495,3495,8N87369,4,Gjerøy,4.6682183800554717e-05,2606,0.5018705090885726,50
0,Nesøy,3,3014,146,146,8L30764,12,Southern 2,4.646423839899133e-05,2607,0.5018705090885726,50
0,Nesøy,3,3014,2941,2941,8N72901,13,Southern 3,4.628044507118414e-05,2608,0.5018705090885726,50
0,Nesøy,3,3014,3514,3514,8N87527,11,Southern 1,4.609468238066378e-05,2609,0.5018705090885726,50
0,Nesøy,3,3014,4860,4860,8800424,10,Aldra,4.600215928355689e-05,2610,0.5018705090885726,50
0,Nesøy,3,3014,4742,4742,8747862,9,Sleneset,4.5954199525191366e-05,2611,0.5018705090885726,50
0,Nesøy,3,3014,2860,2860,8N72438,8,Lovund,4.500543566488935e-05,2612,0.5018705090885726,50
0,Nesøy,3,3014,5021,5021,8887220,4,Gjerøy,4.482929643526562e-05,2613,0.5018705090885726,50
0,Nesøy,3,3014,4167,4167,8118429,6,Indre Kvarøy,4.447103245050159e-05,2614,0.5018705090885726,50
0,Nesøy,3,3014,2711,2711,8N42285,5,Hestmannøy,4.353753130800178e-05,2615,0.5018705090885726,50
0,Nesøy,3,3014,3169,3169,8N73479,11,Southern 1,4.3484415216175074e-05,2616,0.5018705090885726,50
0,Nesøy,3,3014,2505,2505,8N27891,6,Indre Kvarøy,4.313350155316475e-05,2617,0.5018705090885726,50
0,Nesøy,3,3014,3,3,8L19549,8,Lovund,4.124801632279837e-05,2618,0.5018705090885726,50
0,Nesøy,3,3014,3412,3412,8N73978,12,Southern 2,4.1240571725863624e-05,2619,0.5018705090885726,50
0,Nesøy,3,3014,3697,3697,8N87873,13,Southern 3,4.099165889921319e-05,2620,0.5018705090885726,50
0,Nesøy,3,3014,4047,4047,8P14858,14,Southern 4,4.094979580151259e-05,2621,0.5018705090885726,50
0,Nesøy,3,3014,123,123,8L30631,12,Southern 2,4.066202658003573e-05,2622,0.5018705090885726,50
0,Nesøy,3,3014,2986,2986,8N72947,13,Southern 3,4.0497566239657276e-05,2623,0.5018705090885726,50
0,Nesøy,3,3014,5504,5504,8981336,11,Southern 1,3.992716766910001e-05,2624,0.5018705090885726,50
0,Nesøy,3,3014,3702,3702,8N87878,13,Southern 3,3.9840678011524025e-05,2625,0.5018705090885726,50
0,Nesøy,3,3014,634,634,8L89644,6,Indre Kvarøy,3.98057408595931e-05,2626,0.5018705090885726,50
0,Nesøy,3,3014,3265,3265,8N73646,13,Southern 3,3.961266577312599e-05,2627,0.5018705090885726,50
0,Nesøy,3,3014,3930,3930,8P14001,2,Træna,3.8933609526789076e-05,2628,0.5018705090885726,50
0,Nesøy,3,3014,5111,5111,8917929,3,Selvær,3.852223643538894e-05,2629,0.5018705090885726,50
0,Nesøy,3,3014,5563,5563,8981891,8,Lovund,3.8495776429277856e-05,2630,0.5018705090885726,50
0,Nesøy,3,3014,2048,2048,8N13986,5,Hestmannøy,3.7968403406239416e-05,2631,0.5018705090885726,50
0,Nesøy,3,3014,13,13,8L19633,2,Træna,3.740930533421366e-05,2632,0.5018705090885726,50
0,Nesøy,3,3014,1128,1128,8M72606,5,Hestmannøy,3.7051159211204524e-05,2633,0.5018705090885726,50
0,Nesøy,3,3014,2240,2240,8N14621,13,Southern 3,3.664756719907444e-05,2634,0.5018705090885726,50
0,Nesøy,3,3014,2414,2414,8N27143,7,Onøy og Lurøy,3.64964696927611e-05,2635,0.5018705090885726,50
0,Nesøy,3,3014,4402,4402,8681292,7,Onøy og Lurøy,3.644367361153506e-05,2636,0.5018705090885726,50
0,Nesøy,3,3014,2719,2719,8N42438,14,Southern 4,3.628675834772513e-05,2637,0.5018705090885726,50
0,Nesøy,3,3014,4288,4288,8651600,3,Selvær,3.5978450983340096e-05,2638,0.5018705090885726,50
0,Nesøy,3,3014,108,108,8L30449,4,Gjerøy,3.551150881643608e-05,2639,0.5018705090885726,50
0,Nesøy,3,3014,3246,3246,8N73627,13,Southern 3,3.549540119723554e-05,2640,0.5018705090885726,50
0,Nesøy,3,3014,801,801,8M31717,6,Indre Kvarøy,3.5245739924965325e-05,2641,0.5018705090885726,50
0,Nesøy,3,3014,3183,3183,8N73494,12,Southern 2,3.520543442047677e-05,2642,0.5018705090885726,50
0,Nesøy,3,3014,3983,3983,8P14401,5,Hestmannøy,3.5066153954537615e-05,2643,0.5018705090885726,50
0,Nesøy,3,3014,736,736,8M31334,5,Hestmannøy,3.4836590681477095e-05,2644,0.5018705090885726,50
0,Nesøy,3,3014,2441,2441,8N27328,4,Gjerøy,3.48283880184995e-05,2645,0.5018705090885726,50
0,Nesøy,3,3014,4844,4844,8800341,7,Onøy og Lurøy,3.481419467705124e-05,2646,0.5018705090885726,50
0,Nesøy,3,3014,4919,4919,8816491,5,Hestmannøy,3.4624639807154034e-05,2647,0.5018705090885726,50
0,Nesøy,3,3014,1114,1114,8M72574,11,Southern 1,3.438385985283721e-05,2648,0.5018705090885726,50
0,Nesøy,3,3014,1896,1896,8N13567,2,Træna,3.435969660236904e-05,2649,0.5018705090885726,50
0,Nesøy,3,3014,1991,1991,8N13693,13,Southern 3,3.429985331400473e-05,2650,0.5018705090885726,50
0,Nesøy,3,3014,5186,5186,8934376,5,Hestmannøy,3.39375077797195e-05,2651,0.5018705090885726,50
0,Nesøy,3,3014,1816,1816,8N06877,11,Southern 1,3.1687652521758675e-05,2652,0.5018705090885726,50
0,Nesøy,3,3014,1407,1407,8N05285,13,Southern 3,3.154441482349321e-05,2653,0.5018705090885726,50
0,Nesøy,3,3014,3776,3776,8N87953,13,Southern 3,3.0766060440623084e-05,2654,0.5018705090885726,50
0,Nesøy,3,3014,5507,5507,8981352,11,Southern 1,3.0412241615102864e-05,2655,0.5018705090885726,50
0,Nesøy,3,3014,4260,4260,8573815,3,Selvær,3.0408861090285983e-05,2656,0.5018705090885726,50
0,Nesøy,3,3014,1456,1456,8N05535,7,Onøy og Lurøy,3.0318597246316026e-05,2657,0.5018705090885726,50
0,Nesøy,3,3014,2357,2357,8N14974,7,Onøy og Lurøy,2.9926389592430102e-05,2658,0.5018705090885726,50
0,Nesøy,3,3014,2780,2780,8N42710,10,Aldra,2.953159487963708e-05,2659,0.5018705090885726,50
0,Nesøy,3,3014,5571,5571,8981955,3,Selvær,2.871636940756733e-05,2660,0.5018705090885726,50
0,Nesøy,3,3014,4259,4259,8573752,7,Onøy og Lurøy,2.865597019278368e-05,2661,0.5018705090885726,50
0,Nesøy,3,3014,1935,1935,8N13634,14,Southern 4,2.8643427895273244e-05,2662,0.5018705090885726,50
0,Nesøy,3,3014,3821,3821,8P11187,2,Træna,2.862255413197602e-05,2663,0.5018705090885726,50
0,Nesøy,3,3014,2005,2005,8N13851,15,Southern 5,2.8471575086944922e-05,2664,0.5018705090885726,50
0,Nesøy,3,3014,512,512,8L64858,2,Træna,2.8306664759121525e-05,2665,0.5018705090885726,50
0,Nesøy,3,3014,1629,1629,8N05939,2,Træna,2.8255708996271987e-05,2666,0.5018705090885726,50
0,Nesøy,3,3014,1015,1015,8M31640,10,Aldra,2.791633206470861e-05,2667,0.5018705090885726,50
0,Nesøy,3,3014,4456,4456,8730458,9,Sleneset,2.7852653762487495e-05,2668,0.5018705090885726,50
0,Nesøy,3,3014,3110,3110,8N73370,2,Træna,2.7712775528338785e-05,2669,0.5018705090885726,50
0,Nesøy,3,3014,343,343,8L52389,11,Southern 1,2.7617278777669897e-05,2670,0.5018705090885726,50
0,Nesøy,3,3014,3612,3612,8N87633,15,Southern 5,2.7514189656765442e-05,2671,0.5018705090885726,50
0,Nesøy,3,3014,1917,1917,8N13617,14,Southern 4,2.7500556513379085e-05,2672,0.5018705090885726,50
0,Nesøy,3,3014,4812,4812,8800101,10,Aldra,2.74490821649645e-05,2673,0.5018705090885726,50
0,Nesøy,3,3014,87,87,8L30180,12,Southern 2,2.7243461292017266e-05,2674,0.5018705090885726,50
0,Nesøy,3,3014,4877,4877,8800495,10,Aldra,2.7171087560928232e-05,2675,0.5018705090885726,50
0,Nesøy,3,3014,408,408,8L57729,3,Selvær,2.7107398643717168e-05,2676,0.5018705090885726,50
0,Nesøy,3,3014,4608,4608,8747135,3,Selvær,2.7025672116399167e-05,2677,0.5018705090885726,50
0,Nesøy,3,3014,596,596,8L89460,10,Aldra,2.697884578449536e-05,2678,0.5018705090885726,50
0,Nesøy,3,3014,1512,1512,8N05654,11,Southern 1,2.6959535183847726e-05,2679,0.5018705090885726,50
0,Nesøy,3,3014,699,699,8M31206,6,Indre Kvarøy,2.6938625916252678e-05,2680,0.5018705090885726,50
0,Nesøy,3,3014,1167,1167,8M72766,6,Indre Kvarøy,2.664016548892957e-05,2681,0.5018705090885726,50
0,Nesøy,3,3014,5359,5359,8939860,8,Lovund,2.648794847446404e-05,2682,0.5018705090885726,50
0,Nesøy,3,3014,4132,4132,8P26518,9,Sleneset,2.5964401338741396e-05,2683,0.5018705090885726,50
0,Nesøy,3,3014,3344,3344,8N73910,11,Southern 1,2.592800865227174e-05,2684,0.5018705090885726,50
0,Nesøy,3,3014,1108,1108,8M72562,11,Southern 1,2.584815727336029e-05,2685,0.5018705090885726,50
0,Nesøy,3,3014,2557,2557,8N28220,2,Træna,2.580117088783765e-05,2686,0.5018705090885726,50
0,Nesøy,3,3014,2178,2178,8N14558,11,Southern 1,2.570255307118685e-05,2687,0.5018705090885726,50
0,Nesøy,3,3014,5346,5346,8939749,5,Hestmannøy,2.5577888160173285e-05,2688,0.5018705090885726,50
0,Nesøy,3,3014,3913,3913,8P11786,2,Træna,2.5472091346565585e-05,2689,0.5018705090885726,50
0,Nesøy,3,3014,1341,1341,8N05218,12,Southern 2,2.524368726196772e-05,2690,0.5018705090885726,50
0,Nesøy,3,3014,3590,3590,8N87607,15,Southern 5,2.5022911614415305e-05,2691,0.5018705090885726,50
0,Nesøy,3,3014,2592,2592,8N28511,2,Træna,2.4854107477639364e-05,2692,0.5018705090885726,50
0,Nesøy,3,3014,4618,4618,8747225,5,Hestmannøy,2.483192177018096e-05,2693,0.5018705090885726,50
0,Nesøy,3,3014,2349,2349,8N14966,7,Onøy og Lurøy,2.4149705656290598e-05,2694,0.5018705090885726,50
0,Nesøy,3,3014,2651,2651,8N28812,5,Hestmannøy,2.402891274448371e-05,2695,0.5018705090885726,50
0,Nesøy,3,3014,248,248,8L48745,11,Southern 1,2.3572366908058973e-05,2696,0.5018705090885726,50
0,Nesøy,3,3014,2380,2380,8N27075,14,Southern 4,2.2906253530699595e-05,2697,0.5018705090885726,50
0,Nesøy,3,3014,2123,2123,8N14347,15,Southern 5,2.246116105172849e-05,2698,0.5018705090885726,50
0,Nesøy,3,3014,4127,4127,8P26403,5,Hestmannøy,2.1937590252224942e-05,2699,0.5018705090885726,50
0,Nesøy,3,3014,908,908,8M71206,5,Hestmannøy,2.1923453025349727e-05,2700,0.5018705090885726,50
0,Nesøy,3,3014,4482,4482,8730558,3,Selvær,2.1718596985062094e-05,2701,0.5018705090885726,50
0,Nesøy,3,3014,1918,1918,8N13610,14,Southern 4,2.1625554711154903e-05,2702,0.5018705090885726,50
0,Nesøy,3,3014,4210,4210,8309156,6,Indre Kvarøy,2.159408104316876e-05,2703,0.5018705090885726,50
0,Nesøy,3,3014,1314,1314,8N05191,13,Southern 3,2.128842524991348e-05,2704,0.5018705090885726,50
0,Nesøy,3,3014,5370,5370,8939933,11,Southern 1,2.1204188391829164e-05,2705,0.5018705090885726,50
0,Nesøy,3,3014,5227,5227,8934854,4,Gjerøy,2.116700748858308e-05,2706,0.5018705090885726,50
0,Nesøy,3,3014,1729,1729,8N06683,14,Southern 4,2.1161753809289236e-05,2707,0.5018705090885726,50
0,Nesøy,3,3014,1013,1013,8M71512,1,Myken,2.102069762265152e-05,2708,0.5018705090885726,50
0,Nesøy,3,3014,23,23,8L19813,5,Hestmannøy,2.0921934681157327e-05,2709,0.5018705090885726,50
0,Nesøy,3,3014,1837,1837,8N06916,5,Hestmannøy,2.0910504752368887e-05,2710,0.5018705090885726,50
0,Nesøy,3,3014,2944,2944,8N72904,13,Southern 3,2.0816945060297687e-05,2711,0.5018705090885726,50
0,Nesøy,3,3014,4069,4069,8P14927,14,Southern 4,2.0556533606208882e-05,2712,0.5018705090885726,50
0,Nesøy,3,3014,4916,4916,8816456,6,Indre Kvarøy,2.0515846794978558e-05,2713,0.5018705090885726,50
0,Nesøy,3,3014,732,732,8M31327,5,Hestmannøy,2.027285190040112e-05,2714,0.5018705090885726,50
0,Nesøy,3,3014,3522,3522,8N87535,11,Southern 1,2.0076866434050183e-05,2715,0.5018705090885726,50
0,Nesøy,3,3014,1552,1552,8N05694,15,Southern 5,1.9830605470642222e-05,2716,0.5018705090885726,50
0,Nesøy,3,3014,1363,1363,8N05240,13,Southern 3,1.9477234371260423e-05,2717,0.5018705090885726,50
0,Nesøy,3,3014,1433,1433,8N05365,8,Lovund,1.941251234269581e-05,2718,0.5018705090885726,50
0,Nesøy,3,3014,1746,1746,8N06700,14,Southern 4,1.9362155045839837e-05,2719,0.5018705090885726,50
0,Nesøy,3,3014,4719,4719,8747739,7,Onøy og Lurøy,1.9045094204004076e-05,2720,0.5018705090885726,50
0,Nesøy,3,3014,2750,2750,8N42533,4,Gjerøy,1.8711318140284815e-05,2721,0.5018705090885726,50
0,Nesøy,3,3014,4471,4471,8730518,5,Hestmannøy,1.7913900402187765e-05,2722,0.5018705090885726,50
0,Nesøy,3,3014,1649,1649,8N06296,9,Sleneset,1.777100662343059e-05,2723,0.5018705090885726,50
0,Nesøy,3,3014,3289,3289,8N73670,13,Southern 3,1.732820006068253e-05,2724,0.5018705090885726,50
0,Nesøy,3,3014,1254,1254,8N05130,12,Southern 2,1.7086236469408198e-05,2725,0.5018705090885726,50
0,Nesøy,3,3014,3440,3440,8N87056,5,Hestmannøy,1.6561439444392272e-05,2726,0.5018705090885726,50
0,Nesøy,3,3014,4495,4495,8730945,3,Selvær,1.611561875785747e-05,2727,0.5018705090885726,50
0,Nesøy,3,3014,4855,4855,8800390,6,Indre Kvarøy,1.6071164582538433e-05,2728,0.5018705090885726,50
0,Nesøy,3,3014,3528,3528,8N87541,11,Southern 1,1.6017186114913787e-05,2729,0.5018705090885726,50
0,Nesøy,3,3014,255,255,8L48757,11,Southern 1,1.5797506890287693e-05,2730,0.5018705090885726,50
0,Nesøy,3,3014,2502,2502,8N27880,6,Indre Kvarøy,1.5567630363082992e-05,2731,0.5018705090885726,50
0,Nesøy,3,3014,4906,4906,8800936,10,Aldra,1.549076681337358e-05,2732,0.5018705090885726,50
0,Nesøy,3,3014,3529,3529,8N87542,11,Southern 1,1.520251025174578e-05,2733,0.5018705090885726,50
0,Nesøy,3,3014,591,591,8L89432,5,Hestmannøy,1.511245716554449e-05,2734,0.5018705090885726,50
0,Nesøy,3,3014,1909,1909,8N13601,14,Southern 4,1.5040183285565112e-05,2735,0.5018705090885726,50
0,Nesøy,3,3014,1103,1103,8M72540,11,Southern 1,1.494973491027618e-05,2736,0.5018705090885726,50
0,Nesøy,3,3014,1361,1361,8N05238,13,Southern 3,1.4846793089084987e-05,2737,0.5018705090885726,50
0,Nesøy,3,3014,1788,1788,8N06849,11,Southern 1,1.4769897050746356e-05,2738,0.5018705090885726,50
0,Nesøy,3,3014,978,978,8M71389,12,Southern 2,1.4736169462837776e-05,2739,0.5018705090885726,50
0,Nesøy,3,3014,2009,2009,8N13855,15,Southern 5,1.4556606747595513e-05,2740,0.5018705090885726,50
0,Nesøy,3,3014,3617,3617,8N87711,5,Hestmannøy,1.439128379934252e-05,2741,0.5018705090885726,50
0,Nesøy,3,3014,3759,3759,8N87936,13,Southern 3,1.4284539180143622e-05,2742,0.5018705090885726,50
0,Nesøy,3,3014,5338,5338,8939704,6,Indre Kvarøy,1.4257455906490566e-05,2743,0.5018705090885726,50
0,Nesøy,3,3014,2589,2589,8N28483,2,Træna,1.4140186986673492e-05,2744,0.5018705090885726,50
0,Nesøy,3,3014,430,430,8L57955,13,Southern 3,1.411652266476826e-05,2745,0.5018705090885726,50
0,Nesøy,3,3014,648,648,8L89709,4,Gjerøy,1.4094308577605463e-05,2746,0.5018705090885726,50
0,Nesøy,3,3014,3322,3322,8N73763,14,Southern 4,1.386836070345579e-05,2747,0.5018705090885726,50
0,Nesøy,3,3014,1604,1604,8N05872,11,Southern 1,1.3416343400154963e-05,2748,0.5018705090885726,50
0,Nesøy,3,3014,4847,4847,8800354,5,Hestmannøy,1.3300172509095736e-05,2749,0.5018705090885726,50
0,Nesøy,3,3014,1335,1335,8N05212,12,Southern 2,1.2886064157368315e-05,2750,0.5018705090885726,50
0,Nesøy,3,3014,1809,1809,8N06870,11,Southern 1,1.2865923804254998e-05,2751,0.5018705090885726,50
0,Nesøy,3,3014,937,937,8M71299,6,Indre Kvarøy,1.2189704809704021e-05,2752,0.5018705090885726,50
0,Nesøy,3,3014,1168,1168,8M72786,10,Aldra,1.2179148585016591e-05,2753,0.5018705090885726,50
0,Nesøy,3,3014,871,871,8M71060,5,Hestmannøy,1.2074733001423698e-05,2754,0.5018705090885726,50
0,Nesøy,3,3014,731,731,8M31325,4,Gjerøy,1.1692853562065478e-05,2755,0.5018705090885726,50
0,Nesøy,3,3014,4947,4947,8857102,7,Onøy og Lurøy,1.1651286352355462e-05,2756,0.5018705090885726,50
0,Nesøy,3,3014,891,891,8M71120,13,Southern 3,1.1381901614942042e-05,2757,0.5018705090885726,50
0,Nesøy,3,3014,4552,4552,8732605,9,Sleneset,1.1206396408917074e-05,2758,0.5018705090885726,50
0,Nesøy,3,3014,2027,2027,8N13934,5,Hestmannøy,1.1187963211930809e-05,2759,0.5018705090885726,50
0,Nesøy,3,3014,4125,4125,8P26200,5,Hestmannøy,1.078952178741696e-05,2760,0.5018705090885726,50
0,Nesøy,3,3014,913,913,8M71227,6,Indre Kvarøy,1.0765158381529777e-05,2761,0.5018705090885726,50
0,Nesøy,3,3014,1957,1957,8N13658,13,Southern 3,1.0500128629382239e-05,2762,0.5018705090885726,50
0,Nesøy,3,3014,5156,5156,8934267,7,Onøy og Lurøy,1.0361658895958747e-05,2763,0.5018705090885726,50
0,Nesøy,3,3014,5191,5191,8934403,8,Lovund,1.0283645769069427e-05,2764,0.5018705090885726,50
0,Nesøy,3,3014,3444,3444,8N87065,5,Hestmannøy,1.0165079689707646e-05,2765,0.5018705090885726,50
0,Nesøy,3,3014,73,73,8L26586,5,Hestmannøy,1.0108732293353032e-05,2766,0.5018705090885726,50
0,Nesøy,3,3014,2287,2287,8N14670,13,Southern 3,9.966027981163084e-06,2767,0.5018705090885726,50
0,Nesøy,3,3014,514,514,8L64869,11,Southern 1,9.914473807081658e-06,2768,0.5018705090885726,50
0,Nesøy,3,3014,5478,5478,8981248,5,Hestmannøy,9.751280431316844e-06,2769,0.5018705090885726,50
0,Nesøy,3,3014,4525,4525,8732279,1,Myken,9.606818297726028e-06,2770,0.5018705090885726,50
0,Nesøy,3,3014,5433,5433,8943880,5,Hestmannøy,9.606618744856243e-06,2771,0.5018705090885726,50
0,Nesøy,3,3014,5366,5366,8939906,11,Southern 1,9.606238310536988e-06,2772,0.5018705090885726,50
0,Nesøy,3,3014,1364,1364,8N05241,13,Southern 3,9.426792840931744e-06,2773,0.5018705090885726,50
0,Nesøy,3,3014,3518,3518,8N87531,11,Southern 1,9.31843440775737e-06,2774,0.5018705090885726,50
0,Nesøy,3,3014,5539,5539,8981774,4,Gjerøy,9.088654271661722e-06,2775,0.5018705090885726,50
0,Nesøy,3,3014,683,683,8L89992,2,Træna,8.816196677655097e-06,2776,0.5018705090885726,50
0,Nesøy,3,3014,5577,5577,8L49911,4,Gjerøy,8.72466416318489e-06,2777,0.5018705090885726,50
0,Nesøy,3,3014,1097,1097,8M72528,11,Southern 1,8.595475138935427e-06,2778,0.5018705090885726,50
0,Nesøy,3,3014,1155,1155,8M72699,14,Southern 4,8.33203880933879e-06,2779,0.5018705090885726,50
0,Nesøy,3,3014,4109,4109,8P14986,14,Southern 4,8.291533560923492e-06,2780,0.5018705090885726,50
0,Nesøy,3,3014,677,677,8L89847,5,Hestmannøy,7.998000752692801e-06,2781,0.5018705090885726,50
0,Nesøy,3,3014,4344,4344,8681037,5,Hestmannøy,7.294287924994036e-06,2782,0.5018705090885726,50
0,Nesøy,3,3014,4615,4615,8747216,6,Indre Kvarøy,7.2040944631675305e-06,2783,0.5018705090885726,50
0,Nesøy,3,3014,849,849,8M31924,5,Hestmannøy,7.112287050333177e-06,2784,0.5018705090885726,50
0,Nesøy,3,3014,2891,2891,8N72663,5,Hestmannøy,7.044731512010211e-06,2785,0.5018705090885726,50
0,Nesøy,3,3014,590,590,8L89430,5,Hestmannøy,6.9618944773428006e-06,2786,0.5018705090885726,50
0,Nesøy,3,3014,680,680,8L89915,12,Southern 2,6.8755757694344275e-06,2787,0.5018705090885726,50
0,Nesøy,3,3014,5566,5566,8981923,2,Træna,6.84074068849929e-06,2788,0.5018705090885726,50
0,Nesøy,3,3014,5,5,8L19559,8,Lovund,6.715098885902299e-06,2789,0.5018705090885726,50
0,Nesøy,3,3014,2387,2387,8N27082,14,Southern 4,6.408183231248373e-06,2790,0.5018705090885726,50
0,Nesøy,3,3014,2007,2007,8N13853,15,Southern 5,6.3672867878262e-06,2791,0.5018705090885726,50
0,Nesøy,3,3014,5262,5262,8939124,4,Gjerøy,6.060779551946283e-06,2792,0.5018705090885726,50
0,Nesøy,3,3014,1122,1122,8M72593,11,Southern 1,5.8361566530884534e-06,2793,0.5018705090885726,50
0,Nesøy,3,3014,5362,5362,8939890,9,Sleneset,5.818355091856061e-06,2794,0.5018705090885726,50
0,Nesøy,3,3014,2141,2141,8N14520,11,Southern 1,5.543267401688923e-06,2795,0.5018705090885726,50
0,Nesøy,3,3014,1782,1782,8N06843,11,Southern 1,5.541370031206319e-06,2796,0.5018705090885726,50
0,Nesøy,3,3014,2177,2177,8N14557,11,Southern 1,5.194077783586999e-06,2797,0.5018705090885726,50
0,Nesøy,3,3014,3280,3280,8N73661,13,Southern 3,4.872192576227119e-06,2798,0.5018705090885726,50
0,Nesøy,3,3014,220,220,8L48478,4,Gjerøy,4.485164251726917e-06,2799,0.5018705090885726,50
0,Nesøy,3,3014,444,444,8L64093,12,Southern 2,4.4473209316595045e-06,2800,0.5018705090885726,50
0,Nesøy,3,3014,1025,1025,8M71672,3,Selvær,4.410878644932328e-06,2801,0.5018705090885726,50
0,Nesøy,3,3014,3239,3239,8N73620,13,Southern 3,4.3938956205798535e-06,2802,0.5018705090885726,50
0,Nesøy,3,3014,1257,1257,8N05133,12,Southern 2,4.2595592963942316e-06,2803,0.5018705090885726,50
0,Nesøy,3,3014,47,47,8L19936,5,Hestmannøy,4.090408602131432e-06,2804,0.5018705090885726,50
0,Nesøy,3,3014,1148,1148,8M72678,5,Hestmannøy,3.311120402418946e-06,2805,0.5018705090885726,50
0,Nesøy,3,3014,360,360,8L52426,5,Hestmannøy,3.132160974623939e-06,2806,0.5018705090885726,50
0,Nesøy,3,3014,1619,1619,8N05892,11,Southern 1,3.0184810105843286e-06,2807,0.5018705090885726,50
0,Nesøy,3,3014,2424,2424,8N27216,14,Southern 4,2.9569411285127257e-06,2808,0.5018705090885726,50
0,Nesøy,3,3014,2428,2428,8N27250,1,Myken,2.8412286720493065e-06,2809,0.5018705090885726,50
0,Nesøy,3,3014,1477,1477,8N05612,14,Southern 4,2.7731575412057176e-06,2810,0.5018705090885726,50
0,Nesøy,3,3014,1362,1362,8N05239,13,Southern 3,2.7338682276257382e-06,2811,0.5018705090885726,50
0,Nesøy,3,3014,4120,4120,8P14998,15,Southern 5,2.7181553189825624e-06,2812,0.5018705090885726,50
0,Nesøy,3,3014,5503,5503,8981331,11,Southern 1,2.37696960680045e-06,2813,0.5018705090885726,50
0,Nesøy,3,3014,3806,3806,8N87983,13,Southern 3,2.3203530408441587e-06,2814,0.5018705090885726,50
0,Nesøy,3,3014,1673,1673,8N06470,12,Southern 2,2.3106767655381442e-06,2815,0.5018705090885726,50
0,Nesøy,3,3014,1236,1236,8N05112,14,Southern 4,1.892787897606052e-06,2816,0.5018705090885726,50
0,Nesøy,3,3014,1690,1690,8N06487,12,Southern 2,1.7927115670392235e-06,2817,0.5018705090885726,50
0,Nesøy,3,3014,1147,1147,8M72675,5,Hestmannøy,1.660363957463884e-06,2818,0.5018705090885726,50
0,Nesøy,3,3014,3542,3542,8N87555,11,Southern 1,1.2300132003557895e-06,2819,0.5018705090885726,50
0,Nesøy,3,3014,427,427,8L57918,2,Træna,1.0451426115529184e-06,2820,0.5018705090885726,50
0,Nesøy,3,3014,329,329,8L52362,11,Southern 1,9.925831163890702e-07,2821,0.5018705090885726,50
0,Nesøy,3,3014,1305,1305,8N05181,13,Southern 3,9.648686213938052e-07,2822,0.5018705090885726,50
0,Nesøy,3,3014,5574,5574,8981965,2,Træna,5.716483669973571e-07,2823,0.5018705090885726,50
0,Nesøy,3,3014,2314,2314,8N14784,6,Indre Kvarøy,5.420427360525171e-07,2824,0.5018705090885726,50
0,Nesøy,3,3014,2202,2202,8N14583,11,Southern 1,5.254882831632127e-07,2825,0.5018705090885726,50
0,Nesøy,3,3014,3062,3062,8N73224,12,Southern 2,4.0607086018717986e-07,2826,0.5018705090885726,50
0,Nesøy,3,3014,4772,4772,8794313,8,Lovund,2.7290646118895495e-07,2827,0.5018705090885726,50
0,Nesøy,3,3014,2765,2765,8N42654,7,Onøy og Lurøy,-2.184426195487449e-08,2828,0.5018705090885726,50
0,Nesøy,3,3014,1940,1940,8N13641,14,Southern 4,-5.547012012634133e-07,2829,0.5018705090885726,50
0,Nesøy,3,3014,822,822,8L89497,11,Southern 1,-5.888908975263187e-07,2830,0.5018705090885726,50
0,Nesøy,3,3014,3256,3256,8N73637,13,Southern 3,-6.769933906808704e-07,2831,0.5018705090885726,50
0,Nesøy,3,3014,5289,5289,8939364,7,Onøy og Lurøy,-7.563465393269075e-07,2832,0.5018705090885726,50
0,Nesøy,3,3014,4805,4805,8800074,5,Hestmannøy,-9.300514158966378e-07,2833,0.5018705090885726,50
0,Nesøy,3,3014,1992,1992,8N13694,13,Southern 3,-1.3989796558394608e-06,2834,0.5018705090885726,50
0,Nesøy,3,3014,3429,3429,8N73995,12,Southern 2,-1.4425063452491727e-06,2835,0.5018705090885726,50
0,Nesøy,3,3014,5268,5268,8939158,5,Hestmannøy,-1.8058715047963858e-06,2836,0.5018705090885726,50
0,Nesøy,3,3014,2191,2191,8N14572,11,Southern 1,-2.1340493024447903e-06,2837,0.5018705090885726,50
0,Nesøy,3,3014,3508,3508,8N87521,11,Southern 1,-2.277427476524707e-06,2838,0.5018705090885726,50
0,Nesøy,3,3014,1892,1892,8N13097,14,Southern 4,-3.131496515815513e-06,2839,0.5018705090885726,50
0,Nesøy,3,3014,5282,5282,8939341,7,Onøy og Lurøy,-3.5368547097322163e-06,2840,0.5018705090885726,50
0,Nesøy,3,3014,5127,5127,8934028,6,Indre Kvarøy,-3.5528221967218166e-06,2841,0.5018705090885726,50
0,Nesøy,3,3014,1070,1070,8M72263,8,Lovund,-3.6322045852613115e-06,2842,0.5018705090885726,50
0,Nesøy,3,3014,4084,4084,8P14962,14,Southern 4,-4.141064689730384e-06,2843,0.5018705090885726,50
0,Nesøy,3,3014,2555,2555,8N28209,2,Træna,-4.201349421903977e-06,2844,0.5018705090885726,50
0,Nesøy,3,3014,2195,2195,8N14576,11,Southern 1,-4.2240354864994664e-06,2845,0.5018705090885726,50
0,Nesøy,3,3014,566,566,8L89352,5,Hestmannøy,-4.574127244437454e-06,2846,0.5018705090885726,50
0,Nesøy,3,3014,3699,3699,8N87875,13,Southern 3,-4.796616768529549e-06,2847,0.5018705090885726,50
0,Nesøy,3,3014,2276,2276,8N14659,13,Southern 3,-4.832514379928266e-06,2848,0.5018705090885726,50
0,Nesøy,3,3014,3813,3813,8N87995,3,Selvær,-5.159697639281471e-06,2849,0.5018705090885726,50
0,Nesøy,3,3014,1194,1194,8M72928,5,Hestmannøy,-5.171951890705906e-06,2850,0.5018705090885726,50
0,Nesøy,3,3014,429,429,8L57950,13,Southern 3,-5.366693942291944e-06,2851,0.5018705090885726,50
0,Nesøy,3,3014,2421,2421,8N27198,14,Southern 4,-5.6579276835971856e-06,2852,0.5018705090885726,50
0,Nesøy,3,3014,2318,2318,8N14806,3,Selvær,-5.9204597076026326e-06,2853,0.5018705090885726,50
0,Nesøy,3,3014,4917,4917,8816467,4,Gjerøy,-6.17149343040399e-06,2854,0.5018705090885726,50
0,Nesøy,3,3014,2011,2011,8N13857,15,Southern 5,-6.5453891701765246e-06,2855,0.5018705090885726,50
0,Nesøy,3,3014,4107,4107,8P14984,14,Southern 4,-6.724433686455117e-06,2856,0.5018705090885726,50
0,Nesøy,3,3014,693,693,8M31126,2,Træna,-6.810623858490572e-06,2857,0.5018705090885726,50
0,Nesøy,3,3014,4250,4250,8573221,4,Gjerøy,-6.843565427989279e-06,2858,0.5018705090885726,50
0,Nesøy,3,3014,4568,4568,8732653,5,Hestmannøy,-7.073988929216356e-06,2859,0.5018705090885726,50
0,Nesøy,3,3014,4783,4783,8794375,4,Gjerøy,-7.438002193958203e-06,2860,0.5018705090885726,50
0,Nesøy,3,3014,3136,3136,8N73446,11,Southern 1,-7.590167172491606e-06,2861,0.5018705090885726,50
0,Nesøy,3,3014,4236,4236,8309283,5,Hestmannøy,-7.676213024718077e-06,2862,0.5018705090885726,50
0,Nesøy,3,3014,4005,4005,8P14641,9,Sleneset,-7.788614650954895e-06,2863,0.5018705090885726,50
0,Nesøy,3,3014,1179,1179,8M72864,4,Gjerøy,-7.819158479712984e-06,2864,0.5018705090885726,50
0,Nesøy,3,3014,1448,1448,8N05472,6,Indre Kvarøy,-7.843946948301595e-06,2865,0.5018705090885726,50
0,Nesøy,3,3014,2563,2563,8N28248,7,Onøy og Lurøy,-8.099422913302317e-06,2866,0.5018705090885726,50
0,Nesøy,3,3014,371,371,8L52574,10,Aldra,-8.20022960721721e-06,2867,0.5018705090885726,50
0,Nesøy,3,3014,3139,3139,8N73449,11,Southern 1,-8.476453307294448e-06,2868,0.5018705090885726,50
0,Nesøy,3,3014,1759,1759,8N06813,6,Indre Kvarøy,-8.871958298338478e-06,2869,0.5018705090885726,50
0,Nesøy,3,3014,4233,4233,8309272,5,Hestmannøy,-9.219329421950099e-06,2870,0.5018705090885726,50
0,Nesøy,3,3014,4182,4182,8168636,5,Hestmannøy,-9.459175187361558e-06,2871,0.5018705090885726,50
0,Nesøy,3,3014,2997,2997,8N72959,13,Southern 3,-9.803982397141864e-06,2872,0.5018705090885726,50
0,Nesøy,3,3014,72,72,8L26582,6,Indre Kvarøy,-1.0143766485433692e-05,2873,0.5018705090885726,50
0,Nesøy,3,3014,739,739,8M31342,1,Myken,-1.0452689752715877e-05,2874,0.5018705090885726,50
0,Nesøy,3,3014,1925,1925,8N13624,14,Southern 4,-1.0489782092899802e-05,2875,0.5018705090885726,50
0,Nesøy,3,3014,1119,1119,8M72581,14,Southern 4,-1.0645133586429101e-05,2876,0.5018705090885726,50
0,Nesøy,3,3014,4201,4201,8168769,5,Hestmannøy,-1.0908593576908765e-05,2877,0.5018705090885726,50
0,Nesøy,3,3014,5381,5381,8943066,10,Aldra,-1.1540175596079921e-05,2878,0.5018705090885726,50
0,Nesøy,3,3014,3281,3281,8N73662,13,Southern 3,-1.1854842201242526e-05,2879,0.5018705090885726,50
0,Nesøy,3,3014,2234,2234,8N14615,13,Southern 3,-1.1906288180110191e-05,2880,0.5018705090885726,50
0,Nesøy,3,3014,3220,3220,8N73601,14,Southern 4,-1.198511656963136e-05,2881,0.5018705090885726,50
0,Nesøy,3,3014,399,399,8L52956,5,Hestmannøy,-1.2025183611374112e-05,2882,0.5018705090885726,50
0,Nesøy,3,3014,4686,4686,8747604,4,Gjerøy,-1.2168718416177126e-05,2883,0.5018705090885726,50
0,Nesøy,3,3014,3439,3439,8N87054,5,Hestmannøy,-1.2416293367326792e-05,2884,0.5018705090885726,50
0,Nesøy,3,3014,4097,4097,8P14976,14,Southern 4,-1.2460347414962117e-05,2885,0.5018705090885726,50
0,Nesøy,3,3014,3053,3053,8N73215,12,Southern 2,-1.2612460431421363e-05,2886,0.5018705090885726,50
0,Nesøy,3,3014,2474,2474,8N27551,5,Hestmannøy,-1.2636368114363194e-05,2887,0.5018705090885726,50
0,Nesøy,3,3014,2626,2626,8N28761,4,Gjerøy,-1.2768558899409026e-05,2888,0.5018705090885726,50
0,Nesøy,3,3014,4050,4050,8P14861,14,Southern 4,-1.2976192402792685e-05,2889,0.5018705090885726,50
0,Nesøy,3,3014,3382,3382,8N73948,12,Southern 2,-1.321587204535707e-05,2890,0.5018705090885726,50
0,Nesøy,3,3014,3544,3544,8N87557,11,Southern 1,-1.3354521711523849e-05,2891,0.5018705090885726,50
0,Nesøy,3,3014,2914,2914,8N72690,11,Southern 1,-1.3401294878513103e-05,2892,0.5018705090885726,50
0,Nesøy,3,3014,2654,2654,8N28818,5,Hestmannøy,-1.355742801587595e-05,2893,0.5018705090885726,50
0,Nesøy,3,3014,3737,3737,8N87914,13,Southern 3,-1.3669131092194919e-05,2894,0.5018705090885726,50
0,Nesøy,3,3014,1027,1027,8M71674,3,Selvær,-1.4024113699810658e-05,2895,0.5018705090885726,50
0,Nesøy,3,3014,2723,2723,8N42457,14,Southern 4,-1.412052886520479e-05,2896,0.5018705090885726,50
0,Nesøy,3,3014,2606,2606,8N28682,5,Hestmannøy,-1.4548598785908972e-05,2897,0.5018705090885726,50
0,Nesøy,3,3014,1186,1186,8M72884,4,Gjerøy,-1.471736443485444e-05,2898,0.5018705090885726,50
0,Nesøy,3,3014,3936,3936,8P14029,5,Hestmannøy,-1.4860888516598018e-05,2899,0.5018705090885726,50
0,Nesøy,3,3014,4059,4059,8P14870,14,Southern 4,-1.5015705970134048e-05,2900,0.5018705090885726,50
0,Nesøy,3,3014,3543,3543,8N87556,11,Southern 1,-1.535522246160104e-05,2901,0.5018705090885726,50
0,Nesøy,3,3014,858,858,8M31939,5,Hestmannøy,-1.549864980395582e-05,2902,0.5018705090885726,50
0,Nesøy,3,3014,1736,1736,8N06690,14,Southern 4,-1.596996757398477e-05,2903,0.5018705090885726,50
0,Nesøy,3,3014,641,641,8L89665,5,Hestmannøy,-1.6026121115334733e-05,2904,0.5018705090885726,50
0,Nesøy,3,3014,1783,1783,8N06844,11,Southern 1,-1.6537846046535965e-05,2905,0.5018705090885726,50
0,Nesøy,3,3014,3661,3661,8N87834,14,Southern 4,-1.6662759366078695e-05,2906,0.5018705090885726,50
0,Nesøy,3,3014,889,889,8M71107,13,Southern 3,-1.6795040409314615e-05,2907,0.5018705090885726,50
0,Nesøy,3,3014,942,942,8M71305,6,Indre Kvarøy,-1.716630332920039e-05,2908,0.5018705090885726,50
0,Nesøy,3,3014,2519,2519,8N27921,4,Gjerøy,-1.848064990095044e-05,2909,0.5018705090885726,50
0,Nesøy,3,3014,3473,3473,8N87255,8,Lovund,-1.8514724344664e-05,2910,0.5018705090885726,50
0,Nesøy,3,3014,3395,3395,8N73961,12,Southern 2,-1.8636446880413576e-05,2911,0.5018705090885726,50
0,Nesøy,3,3014,1672,1672,8N05696,15,Southern 5,-1.929898889902498e-05,2912,0.5018705090885726,50
0,Nesøy,3,3014,71,71,8L26581,6,Indre Kvarøy,-1.9393556257688154e-05,2913,0.5018705090885726,50
0,Nesøy,3,3014,3232,3232,8N73613,14,Southern 4,-1.9414735295526093e-05,2914,0.5018705090885726,50
0,Nesøy,3,3014,3841,3841,8P11522,14,Southern 4,-1.9442411145502715e-05,2915,0.5018705090885726,50
0,Nesøy,3,3014,4516,4516,8732240,7,Onøy og Lurøy,-1.9632248577111654e-05,2916,0.5018705090885726,50
0,Nesøy,3,3014,3176,3176,8N73487,11,Southern 1,-1.968527982498136e-05,2917,0.5018705090885726,50
0,Nesøy,3,3014,2992,2992,8N72954,13,Southern 3,-1.9958576466447414e-05,2918,0.5018705090885726,50
0,Nesøy,3,3014,2585,2585,8N28440,8,Lovund,-2.007025326880095e-05,2919,0.5018705090885726,50
0,Nesøy,3,3014,2241,2241,8N14622,13,Southern 3,-2.0149020726399068e-05,2920,0.5018705090885726,50
0,Nesøy,3,3014,1748,1748,8N06736,5,Hestmannøy,-2.0200059150745215e-05,2921,0.5018705090885726,50
0,Nesøy,3,3014,2293,2293,8N14676,13,Southern 3,-2.0375435293615017e-05,2922,0.5018705090885726,50
0,Nesøy,3,3014,5490,5490,8981277,5,Hestmannøy,-2.0560606292558127e-05,2923,0.5018705090885726,50
0,Nesøy,3,3014,971,971,8M71367,12,Southern 2,-2.065092908437677e-05,2924,0.5018705090885726,50
0,Nesøy,3,3014,4998,4998,8866745,4,Gjerøy,-2.0991445259842708e-05,2925,0.5018705090885726,50
0,Nesøy,3,3014,1038,1038,8M71835,4,Gjerøy,-2.1069910310150265e-05,2926,0.5018705090885726,50
0,Nesøy,3,3014,3492,3492,8N87358,4,Gjerøy,-2.126150115194708e-05,2927,0.5018705090885726,50
0,Nesøy,3,3014,5165,5165,8934285,7,Onøy og Lurøy,-2.130148051766201e-05,2928,0.5018705090885726,50
0,Nesøy,3,3014,1387,1387,8N05265,13,Southern 3,-2.164995203906367e-05,2929,0.5018705090885726,50
0,Nesøy,3,3014,3253,3253,8N73634,13,Southern 3,-2.18347862786486e-05,2930,0.5018705090885726,50
0,Nesøy,3,3014,2934,2934,8N72785,5,Hestmannøy,-2.2053192079725115e-05,2931,0.5018705090885726,50
0,Nesøy,3,3014,1203,1203,8M72956,4,Gjerøy,-2.2317694525320827e-05,2932,0.5018705090885726,50
0,Nesøy,3,3014,3037,3037,8N73193,15,Southern 5,-2.236001151355964e-05,2933,0.5018705090885726,50
0,Nesøy,3,3014,355,355,8L52411,6,Indre Kvarøy,-2.239665970258764e-05,2934,0.5018705090885726,50
0,Nesøy,3,3014,1947,1947,8N13648,14,Southern 4,-2.2696640580297385e-05,2935,0.5018705090885726,50
0,Nesøy,3,3014,543,543,8L89245,6,Indre Kvarøy,-2.2832752879184995e-05,2936,0.5018705090885726,50
0,Nesøy,3,3014,4049,4049,8P14860,14,Southern 4,-2.286412183257834e-05,2937,0.5018705090885726,50
0,Nesøy,3,3014,1098,1098,8M72529,11,Southern 1,-2.3125318646328754e-05,2938,0.5018705090885726,50
0,Nesøy,3,3014,2328,2328,8N14922,5,Hestmannøy,-2.3646589007434992e-05,2939,0.5018705090885726,50
0,Nesøy,3,3014,532,532,8L89003,14,Southern 4,-2.375145591339771e-05,2940,0.5018705090885726,50
0,Nesøy,3,3014,1212,1212,8N05003,4,Gjerøy,-2.3835969682119358e-05,2941,0.5018705090885726,50
0,Nesøy,3,3014,1903,1903,8N13141,14,Southern 4,-2.388124925302451e-05,2942,0.5018705090885726,50
0,Nesøy,3,3014,2371,2371,8N27066,14,Southern 4,-2.4163855535965367e-05,2943,0.5018705090885726,50
0,Nesøy,3,3014,1107,1107,8M72557,11,Southern 1,-2.4260406389280952e-05,2944,0.5018705090885726,50
0,Nesøy,3,3014,2248,2248,8N14629,13,Southern 3,-2.4325311097175285e-05,2945,0.5018705090885726,50
0,Nesøy,3,3014,5466,5466,8981185,12,Southern 2,-2.4374688553137068e-05,2946,0.5018705090885726,50
0,Nesøy,3,3014,1624,1624,8N05897,11,Southern 1,-2.4422527413534013e-05,2947,0.5018705090885726,50
0,Nesøy,3,3014,3065,3065,8N73227,12,Southern 2,-2.4473332822189734e-05,2948,0.5018705090885726,50
0,Nesøy,3,3014,925,925,8M31503,4,Gjerøy,-2.45972705730926e-05,2949,0.5018705090885726,50
0,Nesøy,3,3014,1732,1732,8N06686,14,Southern 4,-2.5058350275541373e-05,2950,0.5018705090885726,50
0,Nesøy,3,3014,2653,2653,8N28815,5,Hestmannøy,-2.5112221157946868e-05,2951,0.5018705090885726,50
0,Nesøy,3,3014,1703,1703,8N06500,12,Southern 2,-2.5410055903462014e-05,2952,0.5018705090885726,50
0,Nesøy,3,3014,1373,1373,8N05251,13,Southern 3,-2.5597819685875476e-05,2953,0.5018705090885726,50
0,Nesøy,3,3014,4959,4959,8857232,5,Hestmannøy,-2.5985059030259606e-05,2954,0.5018705090885726,50
0,Nesøy,3,3014,4823,4823,8800166,10,Aldra,-2.6294709529914168e-05,2955,0.5018705090885726,50
0,Nesøy,3,3014,3656,3656,8N87829,14,Southern 4,-2.6355084231348134e-05,2956,0.5018705090885726,50
0,Nesøy,3,3014,325,325,8L52357,11,Southern 1,-2.646183493578813e-05,2957,0.5018705090885726,50
0,Nesøy,3,3014,4451,4451,8730447,1,Myken,-2.6564582240110463e-05,2958,0.5018705090885726,50
0,Nesøy,3,3014,3296,3296,8N73677,13,Southern 3,-2.657935766680025e-05,2959,0.5018705090885726,50
0,Nesøy,3,3014,571,571,8L89366,5,Hestmannøy,-2.709029421573382e-05,2960,0.5018705090885726,50
0,Nesøy,3,3014,4177,4177,8168614,6,Indre Kvarøy,-2.7577653701732658e-05,2961,0.5018705090885726,50
0,Nesøy,3,3014,3570,3570,8N87584,11,Southern 1,-2.7756363092890647e-05,2962,0.5018705090885726,50
0,Nesøy,3,3014,2299,2299,8N14682,13,Southern 3,-2.7845934247555103e-05,2963,0.5018705090885726,50
0,Nesøy,3,3014,1621,1621,8N05894,11,Southern 1,-2.8094054208814625e-05,2964,0.5018705090885726,50
0,Nesøy,3,3014,2378,2378,8N27073,14,Southern 4,-2.8364505559046668e-05,2965,0.5018705090885726,50
0,Nesøy,3,3014,5015,5015,8887134,9,Sleneset,-2.84948434961102e-05,2966,0.5018705090885726,50
0,Nesøy,3,3014,5198,5198,8934451,1,Myken,-2.884999990854259e-05,2967,0.5018705090885726,50
0,Nesøy,3,3014,2669,2669,8N28900,15,Southern 5,-2.8861400104912143e-05,2968,0.5018705090885726,50
0,Nesøy,3,3014,4431,4431,8681472,3,Selvær,-3.0159835253425473e-05,2969,0.5018705090885726,50
0,Nesøy,3,3014,3172,3172,8N73483,11,Southern 1,-3.0646618888207214e-05,2970,0.5018705090885726,50
0,Nesøy,3,3014,412,412,8L57791,8,Lovund,-3.0901878416535726e-05,2971,0.5018705090885726,50
0,Nesøy,3,3014,550,550,8L89269,5,Hestmannøy,-3.112249873513471e-05,2972,0.5018705090885726,50
0,Nesøy,3,3014,2516,2516,8N27916,5,Hestmannøy,-3.113345144672902e-05,2973,0.5018705090885726,50
0,Nesøy,3,3014,798,798,8M31711,4,Gjerøy,-3.123895060481608e-05,2974,0.5018705090885726,50
0,Nesøy,3,3014,1754,1754,8N06783,5,Hestmannøy,-3.18738774788372e-05,2975,0.5018705090885726,50
0,Nesøy,3,3014,5099,5099,8904654,2,Træna,-3.220987400482267e-05,2976,0.5018705090885726,50
0,Nesøy,3,3014,1895,1895,8N13558,2,Træna,-3.250274096417129e-05,2977,0.5018705090885726,50
0,Nesøy,3,3014,3532,3532,8N87545,11,Southern 1,-3.3094678902172576e-05,2978,0.5018705090885726,50
0,Nesøy,3,3014,3133,3133,8N73443,11,Southern 1,-3.309879547337413e-05,2979,0.5018705090885726,50
0,Nesøy,3,3014,302,302,8L52313,12,Southern 2,-3.324456060546807e-05,2980,0.5018705090885726,50
0,Nesøy,3,3014,4904,4904,8800698,9,Sleneset,-3.334077243511778e-05,2981,0.5018705090885726,50
0,Nesøy,3,3014,5307,5307,8939395,12,Southern 2,-3.348356622751111e-05,2982,0.5018705090885726,50
0,Nesøy,3,3014,4561,4561,8732644,5,Hestmannøy,-3.37651250477182e-05,2983,0.5018705090885726,50
0,Nesøy,3,3014,5214,5214,8934529,1,Myken,-3.3774577929510663e-05,2984,0.5018705090885726,50
0,Nesøy,3,3014,3854,3854,8P11535,15,Southern 5,-3.382367398578147e-05,2985,0.5018705090885726,50
0,Nesøy,3,3014,2623,2623,8N28738,2,Træna,-3.4121549705915174e-05,2986,0.5018705090885726,50
0,Nesøy,3,3014,1594,1594,8N05860,11,Southern 1,-3.423897353129202e-05,2987,0.5018705090885726,50
0,Nesøy,3,3014,3515,3515,8N87528,11,Southern 1,-3.427024500000014e-05,2988,0.5018705090885726,50
0,Nesøy,3,3014,2678,2678,8N28947,9,Sleneset,-3.494677078438459e-05,2989,0.5018705090885726,50
0,Nesøy,3,3014,5058,5058,8887357,10,Aldra,-3.555666747717047e-05,2990,0.5018705090885726,50
0,Nesøy,3,3014,2368,2368,8N27059,14,Southern 4,-3.68970405449659e-05,2991,0.5018705090885726,50
0,Nesøy,3,3014,3989,3989,8P14561,8,Lovund,-3.699857542812518e-05,2992,0.5018705090885726,50
0,Nesøy,3,3014,1131,1131,8M72611,6,Indre Kvarøy,-3.751752468470287e-05,2993,0.5018705090885726,50
0,Nesøy,3,3014,3000,3000,8N72962,13,Southern 3,-3.771613370806837e-05,2994,0.5018705090885726,50
0,Nesøy,3,3014,2565,2565,8N28254,7,Onøy og Lurøy,-3.800339713753181e-05,2995,0.5018705090885726,50
0,Nesøy,3,3014,2686,2686,8N42093,2,Træna,-3.824571631596621e-05,2996,0.5018705090885726,50
0,Nesøy,3,3014,2793,2793,8N42751,1,Myken,-3.8461136564930666e-05,2997,0.5018705090885726,50
0,Nesøy,3,3014,1592,1592,8N05858,11,Southern 1,-3.860855683375686e-05,2998,0.5018705090885726,50
0,Nesøy,3,3014,1802,1802,8N06863,11,Southern 1,-3.990833977683163e-05,2999,0.5018705090885726,50
0,Nesøy,3,3014,3898,3898,8P11584,4,Gjerøy,-4.000880908100774e-05,3000,0.5018705090885726,50
0,Nesøy,3,3014,49,49,8L19944,7,Onøy og Lurøy,-4.007336952541282e-05,3001,0.5018705090885726,50
0,Nesøy,3,3014,1223,1223,8N05083,6,Indre Kvarøy,-4.013829558392329e-05,3002,0.5018705090885726,50
0,Nesøy,3,3014,1530,1530,8N05672,15,Southern 5,-4.028292617569665e-05,3003,0.5018705090885726,50
0,Nesøy,3,3014,2226,2226,8N14607,13,Southern 3,-4.034874938671856e-05,3004,0.5018705090885726,50
0,Nesøy,3,3014,3839,3839,8P11520,14,Southern 4,-4.075287401677766e-05,3005,0.5018705090885726,50
0,Nesøy,3,3014,904,904,8L64466,13,Southern 3,-4.102614199447942e-05,3006,0.5018705090885726,50
0,Nesøy,3,3014,1376,1376,8N05254,13,Southern 3,-4.114996600527193e-05,3007,0.5018705090885726,50
0,Nesøy,3,3014,4641,4641,8747300,8,Lovund,-4.117326707658894e-05,3008,0.5018705090885726,50
0,Nesøy,3,3014,3698,3698,8N87874,13,Southern 3,-4.1294521636503904e-05,3009,0.5018705090885726,50
0,Nesøy,3,3014,3519,3519,8N87532,11,Southern 1,-4.134260097657869e-05,3010,0.5018705090885726,50
0,Nesøy,3,3014,967,967,8M71360,12,Southern 2,-4.134854576043574e-05,3011,0.5018705090885726,50
0,Nesøy,3,3014,4945,4945,8816963,2,Træna,-4.155648340496268e-05,3012,0.5018705090885726,50
0,Nesøy,3,3014,276,276,8L49991,6,Indre Kvarøy,-4.1809318624259076e-05,3013,0.5018705090885726,50
0,Nesøy,3,3014,2086,2086,8N14152,6,Indre Kvarøy,-4.2668182156304565e-05,3014,0.5018705090885726,50
0,Nesøy,3,3014,2138,2138,8N14517,11,Southern 1,-4.2830116077353616e-05,3015,0.5018705090885726,50
0,Nesøy,3,3014,1958,1958,8N13659,13,Southern 3,-4.287785274417255e-05,3016,0.5018705090885726,50
0,Nesøy,3,3014,568,568,8L89355,5,Hestmannøy,-4.313957499311377e-05,3017,0.5018705090885726,50
0,Nesøy,3,3014,3141,3141,8N73451,11,Southern 1,-4.324746209866385e-05,3018,0.5018705090885726,50
0,Nesøy,3,3014,5211,5211,8934525,1,Myken,-4.348836788724539e-05,3019,0.5018705090885726,50
0,Nesøy,3,3014,617,617,8L89538,5,Hestmannøy,-4.368837664490338e-05,3020,0.5018705090885726,50
0,Nesøy,3,3014,3506,3506,8N87519,11,Southern 1,-4.374479351839993e-05,3021,0.5018705090885726,50
0,Nesøy,3,3014,2994,2994,8N72956,13,Southern 3,-4.4188258143859625e-05,3022,0.5018705090885726,50
0,Nesøy,3,3014,1514,1514,8N05656,13,Southern 3,-4.4553492584223084e-05,3023,0.5018705090885726,50
0,Nesøy,3,3014,2951,2951,8N72911,13,Southern 3,-4.5408876439362176e-05,3024,0.5018705090885726,50
0,Nesøy,3,3014,4920,4920,8816495,5,Hestmannøy,-4.5844040955842074e-05,3025,0.5018705090885726,50
0,Nesøy,3,3014,4748,4748,8747878,1,Myken,-4.621861537297253e-05,3026,0.5018705090885726,50
0,Nesøy,3,3014,768,768,8M31526,4,Gjerøy,-4.730315996072515e-05,3027,0.5018705090885726,50
0,Nesøy,3,3014,2214,2214,8N14595,11,Southern 1,-4.749021164502348e-05,3028,0.5018705090885726,50
0,Nesøy,3,3014,834,834,8M31838,1,Myken,-4.781750425933623e-05,3029,0.5018705090885726,50
0,Nesøy,3,3014,3870,3870,8P11552,14,Southern 4,-4.8008832372579484e-05,3030,0.5018705090885726,50
0,Nesøy,3,3014,256,256,8L48759,11,Southern 1,-4.807175397765652e-05,3031,0.5018705090885726,50
0,Nesøy,3,3014,4653,4653,8747487,9,Sleneset,-4.8472164577177955e-05,3032,0.5018705090885726,50
0,Nesøy,3,3014,2121,2121,8N14339,15,Southern 5,-4.916843760456507e-05,3033,0.5018705090885726,50
0,Nesøy,3,3014,3801,3801,8N87978,13,Southern 3,-4.959911884671337e-05,3034,0.5018705090885726,50
0,Nesøy,3,3014,1086,1086,8M72419,13,Southern 3,-5.003163333425119e-05,3035,0.5018705090885726,50
0,Nesøy,3,3014,781,781,8L89650,4,Gjerøy,-5.008967275099655e-05,3036,0.5018705090885726,50
0,Nesøy,3,3014,1568,1568,8N05716,6,Indre Kvarøy,-5.0215203576540465e-05,3037,0.5018705090885726,50
0,Nesøy,3,3014,4035,4035,8P14846,14,Southern 4,-5.110002066823896e-05,3038,0.5018705090885726,50
0,Nesøy,3,3014,3009,3009,8N73013,4,Gjerøy,-5.157207802895442e-05,3039,0.5018705090885726,50
0,Nesøy,3,3014,5093,5093,8M71461,13,Southern 3,-5.161298558080377e-05,3040,0.5018705090885726,50
0,Nesøy,3,3014,3781,3781,8N87958,13,Southern 3,-5.180429429950185e-05,3041,0.5018705090885726,50
0,Nesøy,3,3014,4555,4555,8732620,7,Onøy og Lurøy,-5.1822930675982026e-05,3042,0.5018705090885726,50
0,Nesøy,3,3014,1282,1282,8N05159,12,Southern 2,-5.19183109081648e-05,3043,0.5018705090885726,50
0,Nesøy,3,3014,710,710,8L89784,13,Southern 3,-5.258686559689821e-05,3044,0.5018705090885726,50
0,Nesøy,3,3014,2547,2547,8N28089,2,Træna,-5.2755624807526435e-05,3045,0.5018705090885726,50
0,Nesøy,3,3014,4636,4636,8747288,3,Selvær,-5.3026707870001686e-05,3046,0.5018705090885726,50
0,Nesøy,3,3014,5555,5555,8981831,7,Onøy og Lurøy,-5.314909572159132e-05,3047,0.5018705090885726,50
0,Nesøy,3,3014,5458,5458,8981095,11,Southern 1,-5.346189776641391e-05,3048,0.5018705090885726,50
0,Nesøy,3,3014,5244,5244,8939031,7,Onøy og Lurøy,-5.355856946248475e-05,3049,0.5018705090885726,50
0,Nesøy,3,3014,3352,3352,8N73918,11,Southern 1,-5.355911107487676e-05,3050,0.5018705090885726,50
0,Nesøy,3,3014,4028,4028,8P14834,5,Hestmannøy,-5.406242291366908e-05,3051,0.5018705090885726,50
0,Nesøy,3,3014,1242,1242,8N05118,12,Southern 2,-5.4649032088255614e-05,3052,0.5018705090885726,50
0,Nesøy,3,3014,2859,2859,8N72428,8,Lovund,-5.540037553939767e-05,3053,0.5018705090885726,50
0,Nesøy,3,3014,4494,4494,8730943,3,Selvær,-5.5461544677102015e-05,3054,0.5018705090885726,50
0,Nesøy,3,3014,395,395,8L52934,4,Gjerøy,-5.5883849847009335e-05,3055,0.5018705090885726,50
0,Nesøy,3,3014,2965,2965,8N72926,13,Southern 3,-5.59373082620002e-05,3056,0.5018705090885726,50
0,Nesøy,3,3014,3472,3472,8N87253,8,Lovund,-5.614727685334317e-05,3057,0.5018705090885726,50
0,Nesøy,3,3014,5107,5107,8917840,3,Selvær,-5.650711477414694e-05,3058,0.5018705090885726,50
0,Nesøy,3,3014,2105,2105,8N14231,4,Gjerøy,-5.655814543840086e-05,3059,0.5018705090885726,50
0,Nesøy,3,3014,3812,3812,8N87989,13,Southern 3,-5.672475816520639e-05,3060,0.5018705090885726,50
0,Nesøy,3,3014,5230,5230,8934860,8,Lovund,-5.748098720209947e-05,3061,0.5018705090885726,50
0,Nesøy,3,3014,2848,2848,8N72351,4,Gjerøy,-5.802752342855211e-05,3062,0.5018705090885726,50
0,Nesøy,3,3014,88,88,8L30185,12,Southern 2,-5.859607602935593e-05,3063,0.5018705090885726,50
0,Nesøy,3,3014,3720,3720,8N87896,13,Southern 3,-5.87584870876931e-05,3064,0.5018705090885726,50
0,Nesøy,3,3014,1952,1952,8N13653,14,Southern 4,-5.888189685833349e-05,3065,0.5018705090885726,50
0,Nesøy,3,3014,3368,3368,8N73934,12,Southern 2,-5.8911342777074986e-05,3066,0.5018705090885726,50
0,Nesøy,3,3014,2235,2235,8N14616,13,Southern 3,-5.944150332919958e-05,3067,0.5018705090885726,50
0,Nesøy,3,3014,2660,2660,8N28849,5,Hestmannøy,-5.965398837840585e-05,3068,0.5018705090885726,50
0,Nesøy,3,3014,3400,3400,8N73966,12,Southern 2,-6.0508908034889715e-05,3069,0.5018705090885726,50
0,Nesøy,3,3014,2952,2952,8N72912,13,Southern 3,-6.074612570152571e-05,3070,0.5018705090885726,50
0,Nesøy,3,3014,3637,3637,8N87810,14,Southern 4,-6.074739511024968e-05,3071,0.5018705090885726,50
0,Nesøy,3,3014,3414,3414,8N73980,12,Southern 2,-6.086092022149811e-05,3072,0.5018705090885726,50
0,Nesøy,3,3014,4175,4175,8168606,10,Aldra,-6.113252148669937e-05,3073,0.5018705090885726,50
0,Nesøy,3,3014,1169,1169,8M72792,6,Indre Kvarøy,-6.120379231851734e-05,3074,0.5018705090885726,50
0,Nesøy,3,3014,12,12,8L19624,9,Sleneset,-6.137701757031127e-05,3075,0.5018705090885726,50
0,Nesøy,3,3014,3891,3891,8P11573,14,Southern 4,-6.186456042890386e-05,3076,0.5018705090885726,50
0,Nesøy,3,3014,1014,1014,8M71513,1,Myken,-6.208169778749036e-05,3077,0.5018705090885726,50
0,Nesøy,3,3014,3448,3448,8N87069,4,Gjerøy,-6.20939162957021e-05,3078,0.5018705090885726,50
0,Nesøy,3,3014,1579,1579,8N05798,10,Aldra,-6.237787221137797e-05,3079,0.5018705090885726,50
0,Nesøy,3,3014,3701,3701,8N87877,13,Southern 3,-6.244400929609192e-05,3080,0.5018705090885726,50
0,Nesøy,3,3014,5562,5562,8981873,2,Træna,-6.260190697479996e-05,3081,0.5018705090885726,50
0,Nesøy,3,3014,5112,5112,8917939,8,Lovund,-6.293162939683475e-05,3082,0.5018705090885726,50
0,Nesøy,3,3014,347,347,8L52393,12,Southern 2,-6.331063487399133e-05,3083,0.5018705090885726,50
0,Nesøy,3,3014,5469,5469,8981198,11,Southern 1,-6.331916519925706e-05,3084,0.5018705090885726,50
0,Nesøy,3,3014,3111,3111,8N73383,6,Indre Kvarøy,-6.353377157338823e-05,3085,0.5018705090885726,50
0,Nesøy,3,3014,244,244,8L48735,11,Southern 1,-6.388167716860627e-05,3086,0.5018705090885726,50
0,Nesøy,3,3014,4483,4483,8730563,3,Selvær,-6.421774475102392e-05,3087,0.5018705090885726,50
0,Nesøy,3,3014,2486,2486,8N27748,2,Træna,-6.439438940697595e-05,3088,0.5018705090885726,50
0,Nesøy,3,3014,130,130,8L30697,12,Southern 2,-6.457848673908991e-05,3089,0.5018705090885726,50
0,Nesøy,3,3014,3786,3786,8N87963,13,Southern 3,-6.47093519490427e-05,3090,0.5018705090885726,50
0,Nesøy,3,3014,2216,2216,8N14597,11,Southern 1,-6.479164771264449e-05,3091,0.5018705090885726,50
0,Nesøy,3,3014,4526,4526,8732286,8,Lovund,-6.543920126591079e-05,3092,0.5018705090885726,50
0,Nesøy,3,3014,3361,3361,8N73927,11,Southern 1,-6.552230026168699e-05,3093,0.5018705090885726,50
0,Nesøy,3,3014,1120,1120,8M72584,11,Southern 1,-6.5946315640412e-05,3094,0.5018705090885726,50
0,Nesøy,3,3014,4215,4215,8309173,5,Hestmannøy,-6.664079331827479e-05,3095,0.5018705090885726,50
0,Nesøy,3,3014,4378,4378,8681169,4,Gjerøy,-6.672375919987872e-05,3096,0.5018705090885726,50
0,Nesøy,3,3014,2587,2587,8N28469,2,Træna,-6.746326162929253e-05,3097,0.5018705090885726,50
0,Nesøy,3,3014,3428,3428,8N73994,12,Southern 2,-6.775649989427438e-05,3098,0.5018705090885726,50
0,Nesøy,3,3014,3727,3727,8N87903,13,Southern 3,-6.876725588985153e-05,3099,0.5018705090885726,50
0,Nesøy,3,3014,4566,4566,8732650,5,Hestmannøy,-6.904602125159608e-05,3100,0.5018705090885726,50
0,Nesøy,3,3014,857,857,8M31938,5,Hestmannøy,-6.939582067974035e-05,3101,0.5018705090885726,50
0,Nesøy,3,3014,3025,3025,8N73181,15,Southern 5,-6.962864016183669e-05,3102,0.5018705090885726,50
0,Nesøy,3,3014,2420,2420,8N27197,14,Southern 4,-6.970189484081665e-05,3103,0.5018705090885726,50
0,Nesøy,3,3014,3536,3536,8N87549,11,Southern 1,-6.977606298157676e-05,3104,0.5018705090885726,50
0,Nesøy,3,3014,1567,1567,8N05715,6,Indre Kvarøy,-6.989454540495391e-05,3105,0.5018705090885726,50
0,Nesøy,3,3014,2012,2012,8N13859,15,Southern 5,-7.01876028766972e-05,3106,0.5018705090885726,50
0,Nesøy,3,3014,4458,4458,8730460,8,Lovund,-7.041716789468717e-05,3107,0.5018705090885726,50
0,Nesøy,3,3014,4130,4130,8P26430,5,Hestmannøy,-7.105743612190768e-05,3108,0.5018705090885726,50
0,Nesøy,3,3014,2188,2188,8N14569,11,Southern 1,-7.164256911632639e-05,3109,0.5018705090885726,50
0,Nesøy,3,3014,1948,1948,8N13649,14,Southern 4,-7.167282877144827e-05,3110,0.5018705090885726,50
0,Nesøy,3,3014,5536,5536,8981741,4,Gjerøy,-7.168167522275032e-05,3111,0.5018705090885726,50
0,Nesøy,3,3014,4235,4235,8309277,5,Hestmannøy,-7.221881818443972e-05,3112,0.5018705090885726,50
0,Nesøy,3,3014,3191,3191,8N73502,5,Hestmannøy,-7.271084157469188e-05,3113,0.5018705090885726,50
0,Nesøy,3,3014,290,290,8L52228,8,Lovund,-7.279639665908513e-05,3114,0.5018705090885726,50
0,Nesøy,3,3014,2422,2422,8N27199,14,Southern 4,-7.320769404045357e-05,3115,0.5018705090885726,50
0,Nesøy,3,3014,3876,3876,8P11558,14,Southern 4,-7.345080096110324e-05,3116,0.5018705090885726,50
0,Nesøy,3,3014,875,875,8M71074,4,Gjerøy,-7.356037131948142e-05,3117,0.5018705090885726,50
0,Nesøy,3,3014,3769,3769,8N87946,13,Southern 3,-7.377593238330495e-05,3118,0.5018705090885726,50
0,Nesøy,3,3014,4972,4972,8857277,10,Aldra,-7.457942635191034e-05,3119,0.5018705090885726,50
0,Nesøy,3,3014,45,45,8L19932,10,Aldra,-7.46268572285691e-05,3120,0.5018705090885726,50
0,Nesøy,3,3014,3934,3934,8P14014,9,Sleneset,-7.497604312701056e-05,3121,0.5018705090885726,50
0,Nesøy,3,3014,2706,2706,8N42264,6,Indre Kvarøy,-7.52331587311459e-05,3122,0.5018705090885726,50
0,Nesøy,3,3014,2168,2168,8N14547,11,Southern 1,-7.576708871279147e-05,3123,0.5018705090885726,50
0,Nesøy,3,3014,3499,3499,8N87483,14,Southern 4,-7.587394420216988e-05,3124,0.5018705090885726,50
0,Nesøy,3,3014,5037,5037,8887278,5,Hestmannøy,-7.59277466344241e-05,3125,0.5018705090885726,50
0,Nesøy,3,3014,506,506,8L64836,8,Lovund,-7.604891067935327e-05,3126,0.5018705090885726,50
0,Nesøy,3,3014,4609,4609,8747144,2,Træna,-7.626337717972803e-05,3127,0.5018705090885726,50
0,Nesøy,3,3014,1250,1250,8N05126,12,Southern 2,-7.640924953284105e-05,3128,0.5018705090885726,50
0,Nesøy,3,3014,4936,4936,8816947,4,Gjerøy,-7.678363342317363e-05,3129,0.5018705090885726,50
0,Nesøy,3,3014,1583,1583,8N05824,7,Onøy og Lurøy,-7.693938221826929e-05,3130,0.5018705090885726,50
0,Nesøy,3,3014,389,389,8L52909,2,Træna,-7.715428159774718e-05,3131,0.5018705090885726,50
0,Nesøy,3,3014,2657,2657,8N28845,5,Hestmannøy,-7.79241991738172e-05,3132,0.5018705090885726,50
0,Nesøy,3,3014,809,809,8L89553,12,Southern 2,-7.88315491409343e-05,3133,0.5018705090885726,50
0,Nesøy,3,3014,3469,3469,8N87246,2,Træna,-7.93242917178557e-05,3134,0.5018705090885726,50
0,Nesøy,3,3014,3705,3705,8N87881,13,Southern 3,-7.946535265124607e-05,3135,0.5018705090885726,50
0,Nesøy,3,3014,2936,2936,8N72802,14,Southern 4,-7.958738070624444e-05,3136,0.5018705090885726,50
0,Nesøy,3,3014,1679,1679,8N06476,12,Southern 2,-7.966233866597367e-05,3137,0.5018705090885726,50
0,Nesøy,3,3014,5116,5116,8917945,8,Lovund,-8.058456171022785e-05,3138,0.5018705090885726,50
0,Nesøy,3,3014,4082,4082,8P14960,14,Southern 4,-8.062917983911608e-05,3139,0.5018705090885726,50
0,Nesøy,3,3014,2263,2263,8N14646,13,Southern 3,-8.069317313144797e-05,3140,0.5018705090885726,50
0,Nesøy,3,3014,150,150,8L30768,12,Southern 2,-8.071042960041921e-05,3141,0.5018705090885726,50
0,Nesøy,3,3014,1668,1668,8N06466,12,Southern 2,-8.204768834661785e-05,3142,0.5018705090885726,50
0,Nesøy,3,3014,3613,3613,8N87692,9,Sleneset,-8.210060876146146e-05,3143,0.5018705090885726,50
0,Nesøy,3,3014,5446,5446,8981024,5,Hestmannøy,-8.226117991655873e-05,3144,0.5018705090885726,50
0,Nesøy,3,3014,3159,3159,8N73469,11,Southern 1,-8.232995666626746e-05,3145,0.5018705090885726,50
0,Nesøy,3,3014,261,261,8L48766,11,Southern 1,-8.284795527526644e-05,3146,0.5018705090885726,50
0,Nesøy,3,3014,3413,3413,8N73979,12,Southern 2,-8.290355329157312e-05,3147,0.5018705090885726,50
0,Nesøy,3,3014,3929,3929,8P11997,6,Indre Kvarøy,-8.340950605409194e-05,3148,0.5018705090885726,50
0,Nesøy,3,3014,378,378,8L52597,6,Indre Kvarøy,-8.402893554209306e-05,3149,0.5018705090885726,50
0,Nesøy,3,3014,18,18,8L19688,3,Selvær,-8.408791379725222e-05,3150,0.5018705090885726,50
0,Nesøy,3,3014,3143,3143,8N73453,11,Southern 1,-8.443603017169052e-05,3151,0.5018705090885726,50
0,Nesøy,3,3014,1546,1546,8N05688,15,Southern 5,-8.44705092266168e-05,3152,0.5018705090885726,50
0,Nesøy,3,3014,1806,1806,8N06867,11,Southern 1,-8.453377684010055e-05,3153,0.5018705090885726,50
0,Nesøy,3,3014,5319,5319,8939539,5,Hestmannøy,-8.480640934637281e-05,3154,0.5018705090885726,50
0,Nesøy,3,3014,1817,1817,8N06878,11,Southern 1,-8.565167175389036e-05,3155,0.5018705090885726,50
0,Nesøy,3,3014,4343,4343,8681034,5,Hestmannøy,-8.578305219057302e-05,3156,0.5018705090885726,50
0,Nesøy,3,3014,5456,5456,8981090,11,Southern 1,-8.579946713277144e-05,3157,0.5018705090885726,50
0,Nesøy,3,3014,3230,3230,8N73611,14,Southern 4,-8.610840175422349e-05,3158,0.5018705090885726,50
0,Nesøy,3,3014,2303,2303,8N14686,13,Southern 3,-8.61637211088765e-05,3159,0.5018705090885726,50
0,Nesøy,3,3014,2273,2273,8N14656,13,Southern 3,-8.629735113929935e-05,3160,0.5018705090885726,50
0,Nesøy,3,3014,776,776,8M31550,6,Indre Kvarøy,-8.648468612254836e-05,3161,0.5018705090885726,50
0,Nesøy,3,3014,2593,2593,8N28528,9,Sleneset,-8.671078430583179e-05,3162,0.5018705090885726,50
0,Nesøy,3,3014,576,576,8L89377,5,Hestmannøy,-8.717926048783909e-05,3163,0.5018705090885726,50
0,Nesøy,3,3014,2943,2943,8N72903,13,Southern 3,-8.756365905676188e-05,3164,0.5018705090885726,50
0,Nesøy,3,3014,4397,4397,8681268,5,Hestmannøy,-8.762719567786736e-05,3165,0.5018705090885726,50
0,Nesøy,3,3014,1996,1996,8N13698,13,Southern 3,-8.764207918989645e-05,3166,0.5018705090885726,50
0,Nesøy,3,3014,3287,3287,8N73668,13,Southern 3,-8.803187244169453e-05,3167,0.5018705090885726,50
0,Nesøy,3,3014,4835,4835,8800303,5,Hestmannøy,-8.919432890152429e-05,3168,0.5018705090885726,50
0,Nesøy,3,3014,4315,4315,8651883,4,Gjerøy,-8.944565090806308e-05,3169,0.5018705090885726,50
0,Nesøy,3,3014,3350,3350,8N73916,11,Southern 1,-8.957341355462126e-05,3170,0.5018705090885726,50
0,Nesøy,3,3014,5109,5109,8917923,9,Sleneset,-9.00458856030309e-05,3171,0.5018705090885726,50
0,Nesøy,3,3014,4540,4540,8732570,7,Onøy og Lurøy,-9.064350139088052e-05,3172,0.5018705090885726,50
0,Nesøy,3,3014,425,425,8L57913,8,Lovund,-9.073196294174107e-05,3173,0.5018705090885726,50
0,Nesøy,3,3014,4858,4858,8800405,5,Hestmannøy,-9.159217663719937e-05,3174,0.5018705090885726,50
0,Nesøy,3,3014,5387,5387,8943105,10,Aldra,-9.173093897533187e-05,3175,0.5018705090885726,50
0,Nesøy,3,3014,5521,5521,8981606,10,Aldra,-9.188606813525512e-05,3176,0.5018705090885726,50
0,Nesøy,3,3014,331,331,8L52366,11,Southern 1,-9.2085248968427e-05,3177,0.5018705090885726,50
0,Nesøy,3,3014,323,323,8L52353,11,Southern 1,-9.236142846618666e-05,3178,0.5018705090885726,50
0,Nesøy,3,3014,4051,4051,8P14862,14,Southern 4,-9.349059289622458e-05,3179,0.5018705090885726,50
0,Nesøy,3,3014,3339,3339,8N73905,11,Southern 1,-9.355735048982808e-05,3180,0.5018705090885726,50
0,Nesøy,3,3014,1453,1453,8N05532,5,Hestmannøy,-9.452919753909655e-05,3181,0.5018705090885726,50
0,Nesøy,3,3014,5078,5078,8887445,8,Lovund,-9.578224882323524e-05,3182,0.5018705090885726,50
0,Nesøy,3,3014,2970,2970,8N72931,13,Southern 3,-9.603839140958442e-05,3183,0.5018705090885726,50
0,Nesøy,3,3014,3510,3510,8N87523,11,Southern 1,-9.625368273791373e-05,3184,0.5018705090885726,50
0,Nesøy,3,3014,4663,4663,8747526,6,Indre Kvarøy,-9.633226445878739e-05,3185,0.5018705090885726,50
0,Nesøy,3,3014,5171,5171,8934313,5,Hestmannøy,-9.661950094243677e-05,3186,0.5018705090885726,50
0,Nesøy,3,3014,4499,4499,8730957,3,Selvær,-9.771891211659375e-05,3187,0.5018705090885726,50
0,Nesøy,3,3014,5428,5428,8943803,10,Aldra,-9.822281424687663e-05,3188,0.5018705090885726,50
0,Nesøy,3,3014,140,140,8L30758,11,Southern 1,-9.823056286880308e-05,3189,0.5018705090885726,50
0,Nesøy,3,3014,2452,2452,8N27364,5,Hestmannøy,-9.848993377245568e-05,3190,0.5018705090885726,50
0,Nesøy,3,3014,1333,1333,8N05210,12,Southern 2,-9.86496758324841e-05,3191,0.5018705090885726,50
0,Nesøy,3,3014,2721,2721,8N42442,14,Southern 4,-9.896335384530699e-05,3192,0.5018705090885726,50
0,Nesøy,3,3014,4326,4326,8651997,5,Hestmannøy,-9.933289930120271e-05,3193,0.5018705090885726,50
0,Nesøy,3,3014,3963,3963,8P14241,5,Hestmannøy,-9.950541870706882e-05,3194,0.5018705090885726,50
0,Nesøy,3,3014,3912,3912,8P11783,2,Træna,-0.00010065005538966034,3195,0.5018705090885726,50
0,Nesøy,3,3014,4602,4602,8747104,5,Hestmannøy,-0.00010074932872750124,3196,0.5018705090885726,50
0,Nesøy,3,3014,205,205,8L48446,5,Hestmannøy,-0.00010149758694703192,3197,0.5018705090885726,50
0,Nesøy,3,3014,551,551,8L89271,5,Hestmannøy,-0.00010173347414795309,3198,0.5018705090885726,50
0,Nesøy,3,3014,350,350,8L52396,12,Southern 2,-0.00010179960452432687,3199,0.5018705090885726,50
0,Nesøy,3,3014,294,294,8L52241,3,Selvær,-0.0001018360486948338,3200,0.5018705090885726,50
0,Nesøy,3,3014,2075,2075,8N14089,5,Hestmannøy,-0.00010302961952978861,3201,0.5018705090885726,50
0,Nesøy,3,3014,3596,3596,8N87615,15,Southern 5,-0.00010331346518129003,3202,0.5018705090885726,50
0,Nesøy,3,3014,4474,4474,8730543,8,Lovund,-0.0001033399442790988,3203,0.5018705090885726,50
0,Nesøy,3,3014,3599,3599,8N87619,15,Southern 5,-0.00010337735417375219,3204,0.5018705090885726,50
0,Nesøy,3,3014,1240,1240,8N05116,12,Southern 2,-0.00010368551765600379,3205,0.5018705090885726,50
0,Nesøy,3,3014,4362,4362,8681067,9,Sleneset,-0.00010389391841816288,3206,0.5018705090885726,50
0,Nesøy,3,3014,341,341,8L52387,11,Southern 1,-0.00010393210143627615,3207,0.5018705090885726,50
0,Nesøy,3,3014,2544,2544,8N28082,2,Træna,-0.00010410658461031993,3208,0.5018705090885726,50
0,Nesøy,3,3014,3052,3052,8N73214,12,Southern 2,-0.00010450669536621389,3209,0.5018705090885726,50
0,Nesøy,3,3014,899,899,8M71153,13,Southern 3,-0.0001050393167840677,3210,0.5018705090885726,50
0,Nesøy,3,3014,4816,4816,8800134,9,Sleneset,-0.00010514982848510184,3211,0.5018705090885726,50
0,Nesøy,3,3014,3416,3416,8N73982,12,Southern 2,-0.0001058597004606467,3212,0.5018705090885726,50
0,Nesøy,3,3014,3799,3799,8N87976,13,Southern 3,-0.00010652551212558683,3213,0.5018705090885726,50
0,Nesøy,3,3014,4430,4430,8681469,5,Hestmannøy,-0.00010720935693119612,3214,0.5018705090885726,50
0,Nesøy,3,3014,540,540,8L89211,5,Hestmannøy,-0.0001072607407584407,3215,0.5018705090885726,50
0,Nesøy,3,3014,2574,2574,8N28375,8,Lovund,-0.00010748947108114394,3216,0.5018705090885726,50
0,Nesøy,3,3014,4737,4737,8747808,4,Gjerøy,-0.0001076987289262722,3217,0.5018705090885726,50
0,Nesøy,3,3014,3732,3732,8N87908,13,Southern 3,-0.00010771233259577514,3218,0.5018705090885726,50
0,Nesøy,3,3014,2439,2439,8N27324,6,Indre Kvarøy,-0.00010779379652594803,3219,0.5018705090885726,50
0,Nesøy,3,3014,5345,5345,8939747,5,Hestmannøy,-0.00010782319466790029,3220,0.5018705090885726,50
0,Nesøy,3,3014,5185,5185,8934375,5,Hestmannøy,-0.00010793487134569429,3221,0.5018705090885726,50
0,Nesøy,3,3014,3900,3900,8P11606,9,Sleneset,-0.00010818710745255506,3222,0.5018705090885726,50
0,Nesøy,3,3014,1408,1408,8N05286,13,Southern 3,-0.00010835383959543893,3223,0.5018705090885726,50
0,Nesøy,3,3014,2484,2484,8N27707,2,Træna,-0.00011017905830844555,3224,0.5018705090885726,50
0,Nesøy,3,3014,4093,4093,8P14972,14,Southern 4,-0.00011050342100418442,3225,0.5018705090885726,50
0,Nesøy,3,3014,138,138,8L30753,11,Southern 1,-0.0001108739799186259,3226,0.5018705090885726,50
0,Nesøy,3,3014,5408,5408,8943484,2,Træna,-0.00011119426468942858,3227,0.5018705090885726,50
0,Nesøy,3,3014,953,953,8M71325,11,Southern 1,-0.00011161758407539104,3228,0.5018705090885726,50
0,Nesøy,3,3014,3190,3190,8N73501,5,Hestmannøy,-0.00011166367406070965,3229,0.5018705090885726,50
0,Nesøy,3,3014,1184,1184,8M72881,5,Hestmannøy,-0.00011223838295847333,3230,0.5018705090885726,50
0,Nesøy,3,3014,3642,3642,8N87815,14,Southern 4,-0.00011231343069436927,3231,0.5018705090885726,50
0,Nesøy,3,3014,2910,2910,8N72686,11,Southern 1,-0.00011284401821092943,3232,0.5018705090885726,50
0,Nesøy,3,3014,3366,3366,8N73932,12,Southern 2,-0.00011301882729108398,3233,0.5018705090885726,50
0,Nesøy,3,3014,1859,1859,8N13100,14,Southern 4,-0.00011310208161468164,3234,0.5018705090885726,50
0,Nesøy,3,3014,2493,2493,8N27834,6,Indre Kvarøy,-0.00011409861684737482,3235,0.5018705090885726,50
0,Nesøy,3,3014,999,999,8M71486,13,Southern 3,-0.00011435883730783275,3236,0.5018705090885726,50
0,Nesøy,3,3014,2731,2731,8N42502,5,Hestmannøy,-0.00011451244760611961,3237,0.5018705090885726,50
0,Nesøy,3,3014,2929,2929,8N72734,6,Indre Kvarøy,-0.00011548048116602259,3238,0.5018705090885726,50
0,Nesøy,3,3014,29,29,8L19858,10,Aldra,-0.00011570461351823338,3239,0.5018705090885726,50
0,Nesøy,3,3014,717,717,8M31281,10,Aldra,-0.00011595231254632285,3240,0.5018705090885726,50
0,Nesøy,3,3014,2968,2968,8N72929,13,Southern 3,-0.0001161544296539474,3241,0.5018705090885726,50
0,Nesøy,3,3014,431,431,8L57966,13,Southern 3,-0.00011686582052698479,3242,0.5018705090885726,50
0,Nesøy,3,3014,1073,1073,8M72292,2,Træna,-0.00011734847962168123,3243,0.5018705090885726,50
0,Nesøy,3,3014,2471,2471,8N27474,2,Træna,-0.00011757919263270439,3244,0.5018705090885726,50
0,Nesøy,3,3014,1521,1521,8N05663,13,Southern 3,-0.00011761608549875388,3245,0.5018705090885726,50
0,Nesøy,3,3014,2294,2294,8N14677,13,Southern 3,-0.00011762052164670064,3246,0.5018705090885726,50
0,Nesøy,3,3014,4152,4152,8P26693,7,Onøy og Lurøy,-0.00011808532630212309,3247,0.5018705090885726,50
0,Nesøy,3,3014,1372,1372,8N05250,13,Southern 3,-0.0001181850246321578,3248,0.5018705090885726,50
0,Nesøy,3,3014,5180,5180,8934364,5,Hestmannøy,-0.00011846514118116866,3249,0.5018705090885726,50
0,Nesøy,3,3014,3291,3291,8N73672,13,Southern 3,-0.00011945670160914767,3250,0.5018705090885726,50
0,Nesøy,3,3014,1414,1414,8N05293,13,Southern 3,-0.0001200792057483624,3251,0.5018705090885726,50
0,Nesøy,3,3014,3556,3556,8N87569,11,Southern 1,-0.00012037810782312592,3252,0.5018705090885726,50
0,Nesøy,3,3014,122,122,8L30604,11,Southern 1,-0.00012039565729558492,3253,0.5018705090885726,50
0,Nesøy,3,3014,1415,1415,8N05294,13,Southern 3,-0.00012233105308206594,3254,0.5018705090885726,50
0,Nesøy,3,3014,201,201,8L48435,2,Træna,-0.00012246163999162326,3255,0.5018705090885726,50
0,Nesøy,3,3014,4873,4873,8800478,4,Gjerøy,-0.00012250808462629535,3256,0.5018705090885726,50
0,Nesøy,3,3014,1813,1813,8N06874,11,Southern 1,-0.00012256593991204657,3257,0.5018705090885726,50
0,Nesøy,3,3014,345,345,8L52391,12,Southern 2,-0.00012280181877673662,3258,0.5018705090885726,50
0,Nesøy,3,3014,1429,1429,8N05308,13,Southern 3,-0.00012280569479719664,3259,0.5018705090885726,50
0,Nesøy,3,3014,1213,1213,8N05004,4,Gjerøy,-0.00012287454103563605,3260,0.5018705090885726,50
0,Nesøy,3,3014,1912,1912,8N13602,14,Southern 4,-0.00012373697348430995,3261,0.5018705090885726,50
0,Nesøy,3,3014,5182,5182,8934369,5,Hestmannøy,-0.00012423448415947142,3262,0.5018705090885726,50
0,Nesøy,3,3014,5308,5308,8939419,3,Selvær,-0.0001242645363603835,3263,0.5018705090885726,50
0,Nesøy,3,3014,177,177,8L30900,11,Southern 1,-0.00012430978442915186,3264,0.5018705090885726,50
0,Nesøy,3,3014,4085,4085,8P14963,14,Southern 4,-0.00012441583748266122,3265,0.5018705090885726,50
0,Nesøy,3,3014,5473,5473,8981209,12,Southern 2,-0.0001247919099767328,3266,0.5018705090885726,50
0,Nesøy,3,3014,1572,1572,8N05747,4,Gjerøy,-0.00012500551921167756,3267,0.5018705090885726,50
0,Nesøy,3,3014,3317,3317,8N73699,13,Southern 3,-0.000125620830782541,3268,0.5018705090885726,50
0,Nesøy,3,3014,2423,2423,8N27200,14,Southern 4,-0.0001258709823319636,3269,0.5018705090885726,50
0,Nesøy,3,3014,2698,2698,8N42210,2,Træna,-0.00012629260115393475,3270,0.5018705090885726,50
0,Nesøy,3,3014,3531,3531,8N87544,11,Southern 1,-0.00012679511300589085,3271,0.5018705090885726,50
0,Nesøy,3,3014,928,928,8M71281,4,Gjerøy,-0.00012699267265364208,3272,0.5018705090885726,50
0,Nesøy,3,3014,2045,2045,8N13983,5,Hestmannøy,-0.00012770409454922345,3273,0.5018705090885726,50
0,Nesøy,3,3014,1164,1164,8M72749,1,Myken,-0.00012779095153633846,3274,0.5018705090885726,50
0,Nesøy,3,3014,174,174,8L30890,5,Hestmannøy,-0.00012854435957702651,3275,0.5018705090885726,50
0,Nesøy,3,3014,2228,2228,8N14609,13,Southern 3,-0.0001296534579471802,3276,0.5018705090885726,50
0,Nesøy,3,3014,1841,1841,8N06928,4,Gjerøy,-0.00012973473620699755,3277,0.5018705090885726,50
0,Nesøy,3,3014,1396,1396,8N05274,13,Southern 3,-0.00013062053682862896,3278,0.5018705090885726,50
0,Nesøy,3,3014,1942,1942,8N13643,14,Southern 4,-0.00013064143953960382,3279,0.5018705090885726,50
0,Nesøy,3,3014,5491,5491,8981278,5,Hestmannøy,-0.0001311590850876243,3280,0.5018705090885726,50
0,Nesøy,3,3014,835,835,8M31839,1,Myken,-0.0001316441667943427,3281,0.5018705090885726,50
0,Nesøy,3,3014,4324,4324,8651975,5,Hestmannøy,-0.00013169940276918244,3282,0.5018705090885726,50
0,Nesøy,3,3014,3758,3758,8N87935,13,Southern 3,-0.0001318201318573059,3283,0.5018705090885726,50
0,Nesøy,3,3014,110,110,8L30459,12,Southern 2,-0.00013198441862698445,3284,0.5018705090885726,50
0,Nesøy,3,3014,2645,2645,8N28793,15,Southern 5,-0.00013231091186287054,3285,0.5018705090885726,50
0,Nesøy,3,3014,3751,3751,8N87928,13,Southern 3,-0.00013254192880422292,3286,0.5018705090885726,50
0,Nesøy,3,3014,4303,4303,8651786,3,Selvær,-0.0001329285973355851,3287,0.5018705090885726,50
0,Nesøy,3,3014,5440,5440,8981007,5,Hestmannøy,-0.00013309301635771028,3288,0.5018705090885726,50
0,Nesøy,3,3014,3774,3774,8N87951,13,Southern 3,-0.00013330699357483016,3289,0.5018705090885726,50
0,Nesøy,3,3014,782,782,8M31581,5,Hestmannøy,-0.00013360690973680478,3290,0.5018705090885726,50
0,Nesøy,3,3014,4900,4900,8800616,5,Hestmannøy,-0.00013383581115242475,3291,0.5018705090885726,50
0,Nesøy,3,3014,4733,4733,8747796,9,Sleneset,-0.00013461031451336494,3292,0.5018705090885726,50
0,Nesøy,3,3014,5438,5438,8981002,5,Hestmannøy,-0.00013473087355480226,3293,0.5018705090885726,50
0,Nesøy,3,3014,3708,3708,8N87884,13,Southern 3,-0.0001349199390729077,3294,0.5018705090885726,50
0,Nesøy,3,3014,987,987,8M71451,13,Southern 3,-0.00013563599971079255,3295,0.5018705090885726,50
0,Nesøy,3,3014,3715,3715,8N87891,13,Southern 3,-0.0001356776047454568,3296,0.5018705090885726,50
0,Nesøy,3,3014,755,755,8M31468,5,Hestmannøy,-0.00013584063459707064,3297,0.5018705090885726,50
0,Nesøy,3,3014,3896,3896,8P11579,5,Hestmannøy,-0.00013619966238194133,3298,0.5018705090885726,50
0,Nesøy,3,3014,3620,3620,8N87732,4,Gjerøy,-0.00013658770293216722,3299,0.5018705090885726,50
0,Nesøy,3,3014,2431,2431,8N27297,10,Aldra,-0.0001370975987796716,3300,0.5018705090885726,50
0,Nesøy,3,3014,615,615,8L89526,4,Gjerøy,-0.00013713674964336452,3301,0.5018705090885726,50
0,Nesøy,3,3014,4597,4597,8747088,3,Selvær,-0.00013838806841427075,3302,0.5018705090885726,50
0,Nesøy,3,3014,4468,4468,8730506,5,Hestmannøy,-0.00013874175338118966,3303,0.5018705090885726,50
0,Nesøy,3,3014,2265,2265,8N14648,13,Southern 3,-0.0001388678487566454,3304,0.5018705090885726,50
0,Nesøy,3,3014,3996,3996,8P14665,3,Selvær,-0.00013926833509360326,3305,0.5018705090885726,50
0,Nesøy,3,3014,424,424,8L57907,8,Lovund,-0.0001396971584399323,3306,0.5018705090885726,50
0,Nesøy,3,3014,1406,1406,8N05284,13,Southern 3,-0.00013975674031434904,3307,0.5018705090885726,50
0,Nesøy,3,3014,633,633,8L89642,10,Aldra,-0.00014000457360999975,3308,0.5018705090885726,50
0,Nesøy,3,3014,1821,1821,8N06882,14,Southern 4,-0.0001402653881748228,3309,0.5018705090885726,50
0,Nesøy,3,3014,455,455,8L64175,3,Selvær,-0.0001403588791649226,3310,0.5018705090885726,50
0,Nesøy,3,3014,2841,2841,8N72268,7,Onøy og Lurøy,-0.00014080831428096122,3311,0.5018705090885726,50
0,Nesøy,3,3014,872,872,8M71061,5,Hestmannøy,-0.00014094272329401414,3312,0.5018705090885726,50
0,Nesøy,3,3014,779,779,8M31554,6,Indre Kvarøy,-0.00014095995209601614,3313,0.5018705090885726,50
0,Nesøy,3,3014,3342,3342,8N73908,11,Southern 1,-0.00014112477244630355,3314,0.5018705090885726,50
0,Nesøy,3,3014,1599,1599,8N05866,11,Southern 1,-0.00014226208730900393,3315,0.5018705090885726,50
0,Nesøy,3,3014,4611,4611,8747158,3,Selvær,-0.00014231112102224526,3316,0.5018705090885726,50
0,Nesøy,3,3014,1177,1177,8M72859,10,Aldra,-0.0001423280160373796,3317,0.5018705090885726,50
0,Nesøy,3,3014,99,99,8L30355,7,Onøy og Lurøy,-0.00014274163425855607,3318,0.5018705090885726,50
0,Nesøy,3,3014,3406,3406,8N73972,12,Southern 2,-0.00014319787987994242,3319,0.5018705090885726,50
0,Nesøy,3,3014,2450,2450,8N27361,5,Hestmannøy,-0.00014337137200130746,3320,0.5018705090885726,50
0,Nesøy,3,3014,5405,5405,8943473,3,Selvær,-0.00014465393860880194,3321,0.5018705090885726,50
0,Nesøy,3,3014,4424,4424,8681415,5,Hestmannøy,-0.00014466278122588356,3322,0.5018705090885726,50
0,Nesøy,3,3014,2575,2575,8N28401,8,Lovund,-0.00014486862969195934,3323,0.5018705090885726,50
0,Nesøy,3,3014,5520,5520,8981605,10,Aldra,-0.0001449413351674314,3324,0.5018705090885726,50
0,Nesøy,3,3014,5159,5159,8934273,7,Onøy og Lurøy,-0.00014514161566841314,3325,0.5018705090885726,50
0,Nesøy,3,3014,2046,2046,8N13984,5,Hestmannøy,-0.00014608280787174245,3326,0.5018705090885726,50
0,Nesøy,3,3014,2037,2037,8N13968,6,Indre Kvarøy,-0.00014678285288615895,3327,0.5018705090885726,50
0,Nesøy,3,3014,1061,1061,8M72120,3,Selvær,-0.0001471333593932561,3328,0.5018705090885726,50
0,Nesøy,3,3014,2055,2055,8N14007,6,Indre Kvarøy,-0.00014725424164874042,3329,0.5018705090885726,50
0,Nesøy,3,3014,3845,3845,8P11526,15,Southern 5,-0.00014742629723624444,3330,0.5018705090885726,50
0,Nesøy,3,3014,4320,4320,8651929,7,Onøy og Lurøy,-0.00014755470309505192,3331,0.5018705090885726,50
0,Nesøy,3,3014,2888,2888,8N72642,2,Træna,-0.0001478159499903589,3332,0.5018705090885726,50
0,Nesøy,3,3014,5218,5218,8934559,4,Gjerøy,-0.0001491780948878433,3333,0.5018705090885726,50
0,Nesøy,3,3014,4113,4113,8P14996,14,Southern 4,-0.00014982064090288187,3334,0.5018705090885726,50
0,Nesøy,3,3014,3933,3933,8P14012,8,Lovund,-0.00015004134338167475,3335,0.5018705090885726,50
0,Nesøy,3,3014,3234,3234,8N73615,14,Southern 4,-0.0001506552119868132,3336,0.5018705090885726,50
0,Nesøy,3,3014,3378,3378,8N73944,12,Southern 2,-0.00015154748338406049,3337,0.5018705090885726,50
0,Nesøy,3,3014,4330,4330,8668490,5,Hestmannøy,-0.0001515570304571782,3338,0.5018705090885726,50
0,Nesøy,3,3014,4418,4418,8681393,7,Onøy og Lurøy,-0.00015170167616103264,3339,0.5018705090885726,50
0,Nesøy,3,3014,715,715,8M31269,8,Lovund,-0.00015219050952252537,3340,0.5018705090885726,50
0,Nesøy,3,3014,3926,3926,8P11932,5,Hestmannøy,-0.00015243396547521388,3341,0.5018705090885726,50
0,Nesøy,3,3014,1308,1308,8N05185,13,Southern 3,-0.00015329255339865592,3342,0.5018705090885726,50
0,Nesøy,3,3014,2788,2788,8N42731,4,Gjerøy,-0.00015399922911878792,3343,0.5018705090885726,50
0,Nesøy,3,3014,1956,1956,8N13657,13,Southern 3,-0.00015407351412331517,3344,0.5018705090885726,50
0,Nesøy,3,3014,3198,3198,8N73509,5,Hestmannøy,-0.0001541346365770658,3345,0.5018705090885726,50
0,Nesøy,3,3014,2821,2821,8N42994,5,Hestmannøy,-0.0001547890994019411,3346,0.5018705090885726,50
0,Nesøy,3,3014,3373,3373,8N73939,12,Southern 2,-0.00015479577452082754,3347,0.5018705090885726,50
0,Nesøy,3,3014,2720,2720,8N42441,14,Southern 4,-0.0001551924399566372,3348,0.5018705090885726,50
0,Nesøy,3,3014,3290,3290,8N73671,13,Southern 3,-0.00015536045317775943,3349,0.5018705090885726,50
0,Nesøy,3,3014,470,470,8L64272,5,Hestmannøy,-0.00015541844620456518,3350,0.5018705090885726,50
0,Nesøy,3,3014,4840,4840,8800336,7,Onøy og Lurøy,-0.00015552323462778974,3351,0.5018705090885726,50
0,Nesøy,3,3014,2475,2475,8N27558,5,Hestmannøy,-0.00015573524549945068,3352,0.5018705090885726,50
0,Nesøy,3,3014,4986,4986,8857730,5,Hestmannøy,-0.00015587202334846621,3353,0.5018705090885726,50
0,Nesøy,3,3014,4003,4003,8P14632,2,Træna,-0.00015588706788342412,3354,0.5018705090885726,50
0,Nesøy,3,3014,883,883,8M71092,5,Hestmannøy,-0.00015597645973458135,3355,0.5018705090885726,50
0,Nesøy,3,3014,1785,1785,8N06846,11,Southern 1,-0.00015633217383645765,3356,0.5018705090885726,50
0,Nesøy,3,3014,3390,3390,8N73956,12,Southern 2,-0.00015664262274331402,3357,0.5018705090885726,50
0,Nesøy,3,3014,5464,5464,8981178,11,Southern 1,-0.00015711224310727912,3358,0.5018705090885726,50
0,Nesøy,3,3014,443,443,8L64092,12,Southern 2,-0.00015725697146512396,3359,0.5018705090885726,50
0,Nesøy,3,3014,1661,1661,8N06435,2,Træna,-0.00015748905688603733,3360,0.5018705090885726,50
0,Nesøy,3,3014,2002,2002,8N13848,15,Southern 5,-0.00015847232213124008,3361,0.5018705090885726,50
0,Nesøy,3,3014,4042,4042,8P14853,14,Southern 4,-0.00015849582562350888,3362,0.5018705090885726,50
0,Nesøy,3,3014,3601,3601,8N87621,15,Southern 5,-0.00015909879692530964,3363,0.5018705090885726,50
0,Nesøy,3,3014,2546,2546,8N28086,2,Træna,-0.00015943086458291566,3364,0.5018705090885726,50
0,Nesøy,3,3014,3058,3058,8N73220,12,Southern 2,-0.00015949276352801716,3365,0.5018705090885726,50
0,Nesøy,3,3014,4374,4374,8681132,5,Hestmannøy,-0.00015953876592830486,3366,0.5018705090885726,50
0,Nesøy,3,3014,5545,5545,8981805,4,Gjerøy,-0.00015962337179109762,3367,0.5018705090885726,50
0,Nesøy,3,3014,4023,4023,8P14817,15,Southern 5,-0.0001596462505661668,3368,0.5018705090885726,50
0,Nesøy,3,3014,463,463,8L64212,5,Hestmannøy,-0.00016016604702710492,3369,0.5018705090885726,50
0,Nesøy,3,3014,3950,3950,8P14112,5,Hestmannøy,-0.0001605883764556448,3370,0.5018705090885726,50
0,Nesøy,3,3014,2571,2571,8N28349,2,Træna,-0.00016196007161761492,3371,0.5018705090885726,50
0,Nesøy,3,3014,4978,4978,8857405,5,Hestmannøy,-0.00016249385867899883,3372,0.5018705090885726,50
0,Nesøy,3,3014,773,773,8M31546,6,Indre Kvarøy,-0.0001648401748699342,3373,0.5018705090885726,50
0,Nesøy,3,3014,4969,4969,8857274,10,Aldra,-0.00016484652160192486,3374,0.5018705090885726,50
0,Nesøy,3,3014,3471,3471,8N87251,8,Lovund,-0.00016592871315215127,3375,0.5018705090885726,50
0,Nesøy,3,3014,850,850,8M31925,5,Hestmannøy,-0.00016619379408827766,3376,0.5018705090885726,50
0,Nesøy,3,3014,2262,2262,8N14645,13,Southern 3,-0.000166222533872029,3377,0.5018705090885726,50
0,Nesøy,3,3014,2663,2663,8N28862,4,Gjerøy,-0.00016635625057275408,3378,0.5018705090885726,50
0,Nesøy,3,3014,1405,1405,8N05283,13,Southern 3,-0.0001669841192009059,3379,0.5018705090885726,50
0,Nesøy,3,3014,1258,1258,8N05134,12,Southern 2,-0.00016711888381336026,3380,0.5018705090885726,50
0,Nesøy,3,3014,1094,1094,8M72524,11,Southern 1,-0.00016736380670082888,3381,0.5018705090885726,50
0,Nesøy,3,3014,4931,4931,8816936,4,Gjerøy,-0.00016785404959172758,3382,0.5018705090885726,50
0,Nesøy,3,3014,3810,3810,8N87987,13,Southern 3,-0.00016876050017235273,3383,0.5018705090885726,50
0,Nesøy,3,3014,4414,4414,8681371,5,Hestmannøy,-0.00016897749580493498,3384,0.5018705090885726,50
0,Nesøy,3,3014,1106,1106,8M72551,11,Southern 1,-0.0001698718289793234,3385,0.5018705090885726,50
0,Nesøy,3,3014,2476,2476,8N27577,5,Hestmannøy,-0.00017025335634120425,3386,0.5018705090885726,50
0,Nesøy,3,3014,5350,5350,8939763,5,Hestmannøy,-0.0001707451224207522,3387,0.5018705090885726,50
0,Nesøy,3,3014,4498,4498,8730953,3,Selvær,-0.00017107687761039713,3388,0.5018705090885726,50
0,Nesøy,3,3014,240,240,8L48662,5,Hestmannøy,-0.0001719752206137537,3389,0.5018705090885726,50
0,Nesøy,3,3014,3941,3941,8P14060,4,Gjerøy,-0.00017208884065852026,3390,0.5018705090885726,50
0,Nesøy,3,3014,5424,5424,8943761,3,Selvær,-0.00017251479464995694,3391,0.5018705090885726,50
0,Nesøy,3,3014,902,902,8L64572,12,Southern 2,-0.00017433663697006126,3392,0.5018705090885726,50
0,Nesøy,3,3014,3881,3881,8P11563,14,Southern 4,-0.00017442105731443696,3393,0.5018705090885726,50
0,Nesøy,3,3014,4055,4055,8P14866,15,Southern 5,-0.00017450908686494882,3394,0.5018705090885726,50
0,Nesøy,3,3014,3628,3628,8N87801,14,Southern 4,-0.00017507964761033292,3395,0.5018705090885726,50
0,Nesøy,3,3014,2601,2601,8N28603,2,Træna,-0.0001762083057323674,3396,0.5018705090885726,50
0,Nesøy,3,3014,4405,4405,8681317,5,Hestmannøy,-0.00017657636931049965,3397,0.5018705090885726,50
0,Nesøy,3,3014,5497,5497,8981290,5,Hestmannøy,-0.00017661269088376806,3398,0.5018705090885726,50
0,Nesøy,3,3014,537,537,8M31815,12,Southern 2,-0.00017685210560561742,3399,0.5018705090885726,50
0,Nesøy,3,3014,2230,2230,8N14611,13,Southern 3,-0.00017704613864362502,3400,0.5018705090885726,50
0,Nesøy,3,3014,3090,3090,8N73299,2,Træna,-0.0001773009528714846,3401,0.5018705090885726,50
0,Nesøy,3,3014,1264,1264,8N05140,12,Southern 2,-0.00017770843402148073,3402,0.5018705090885726,50
0,Nesøy,3,3014,1112,1112,8M72570,11,Southern 1,-0.00017865384384979337,3403,0.5018705090885726,50
0,Nesøy,3,3014,861,861,8M31945,5,Hestmannøy,-0.00018007907695537936,3404,0.5018705090885726,50
0,Nesøy,3,3014,2908,2908,8N72684,11,Southern 1,-0.00018037589845388018,3405,0.5018705090885726,50
0,Nesøy,3,3014,1593,1593,8N05859,11,Southern 1,-0.00018095956163548393,3406,0.5018705090885726,50
0,Nesøy,3,3014,1663,1663,8N06460,8,Lovund,-0.00018099474837455338,3407,0.5018705090885726,50
0,Nesøy,3,3014,589,589,8L89423,6,Indre Kvarøy,-0.00018136474966696847,3408,0.5018705090885726,50
0,Nesøy,3,3014,4039,4039,8P14850,14,Southern 4,-0.00018225836045568044,3409,0.5018705090885726,50
0,Nesøy,3,3014,4990,4990,8857767,5,Hestmannøy,-0.00018282099542408088,3410,0.5018705090885726,50
0,Nesøy,3,3014,4784,4784,8800005,9,Sleneset,-0.0001830425675408036,3411,0.5018705090885726,50
0,Nesøy,3,3014,16,16,8L19663,7,Onøy og Lurøy,-0.00018400483531919552,3412,0.5018705090885726,50
0,Nesøy,3,3014,664,664,8L89751,5,Hestmannøy,-0.0001841500428009525,3413,0.5018705090885726,50
0,Nesøy,3,3014,151,151,8L30770,12,Southern 2,-0.00018473875154197825,3414,0.5018705090885726,50
0,Nesøy,3,3014,4974,4974,8857279,10,Aldra,-0.0001855814583195553,3415,0.5018705090885726,50
0,Nesøy,3,3014,4681,4681,8747583,2,Træna,-0.00018664236739924115,3416,0.5018705090885726,50
0,Nesøy,3,3014,50,50,8L19951,7,Onøy og Lurøy,-0.00018763854130503368,3417,0.5018705090885726,50
0,Nesøy,3,3014,3017,3017,8N73083,6,Indre Kvarøy,-0.00018785502445694998,3418,0.5018705090885726,50
0,Nesøy,3,3014,2624,2624,8N28754,5,Hestmannøy,-0.00018812578714022643,3419,0.5018705090885726,50
0,Nesøy,3,3014,1220,1220,8N05032,5,Hestmannøy,-0.00018868527102424036,3420,0.5018705090885726,50
0,Nesøy,3,3014,2204,2204,8N14585,11,Southern 1,-0.00018954585458885314,3421,0.5018705090885726,50
0,Nesøy,3,3014,887,887,8L64879,11,Southern 1,-0.00019041331493372033,3422,0.5018705090885726,50
0,Nesøy,3,3014,4981,4981,8857467,11,Southern 1,-0.00019056794902649443,3423,0.5018705090885726,50
0,Nesøy,3,3014,3304,3304,8N73685,13,Southern 3,-0.0001908395654517839,3424,0.5018705090885726,50
0,Nesøy,3,3014,954,954,8M71327,11,Southern 1,-0.00019168378549651126,3425,0.5018705090885726,50
0,Nesøy,3,3014,2995,2995,8N72957,13,Southern 3,-0.0001917582461796033,3426,0.5018705090885726,50
0,Nesøy,3,3014,5523,5523,8981608,10,Aldra,-0.00019198435852437398,3427,0.5018705090885726,50
0,Nesøy,3,3014,1496,1496,8N05638,14,Southern 4,-0.00019207105602603276,3428,0.5018705090885726,50
0,Nesøy,3,3014,3063,3063,8N73225,12,Southern 2,-0.0001935023528062625,3429,0.5018705090885726,50
0,Nesøy,3,3014,2917,2917,8N72693,11,Southern 1,-0.00019386984355688257,3430,0.5018705090885726,50
0,Nesøy,3,3014,1115,1115,8M72575,11,Southern 1,-0.00019526994164800597,3431,0.5018705090885726,50
0,Nesøy,3,3014,2958,2958,8N72918,13,Southern 3,-0.0001957731430760453,3432,0.5018705090885726,50
0,Nesøy,3,3014,4893,4893,8800580,7,Onøy og Lurøy,-0.00019624517886533853,3433,0.5018705090885726,50
0,Nesøy,3,3014,4435,4435,8681479,3,Selvær,-0.00019654184729023277,3434,0.5018705090885726,50
0,Nesøy,3,3014,3712,3712,8N87888,13,Southern 3,-0.0001982232293371279,3435,0.5018705090885726,50
0,Nesøy,3,3014,5567,5567,8981928,2,Træna,-0.00019830764227536657,3436,0.5018705090885726,50
0,Nesøy,3,3014,3824,3824,8P11320,4,Gjerøy,-0.0001985520776620786,3437,0.5018705090885726,50
0,Nesøy,3,3014,2028,2028,8N13937,5,Hestmannøy,-0.00019953270082598493,3438,0.5018705090885726,50
0,Nesøy,3,3014,126,126,8L30641,11,Southern 1,-0.00020136845155275537,3439,0.5018705090885726,50
0,Nesøy,3,3014,1185,1185,8M72882,4,Gjerøy,-0.00020248948565433078,3440,0.5018705090885726,50
0,Nesøy,3,3014,2831,2831,8N72067,9,Sleneset,-0.00020334187384685057,3441,0.5018705090885726,50
0,Nesøy,3,3014,2588,2588,8N28470,2,Træna,-0.0002036966101228177,3442,0.5018705090885726,50
0,Nesøy,3,3014,1522,1522,8N05664,13,Southern 3,-0.00020377996997933634,3443,0.5018705090885726,50
0,Nesøy,3,3014,3664,3664,8N87837,14,Southern 4,-0.00020417453835651703,3444,0.5018705090885726,50
0,Nesøy,3,3014,3679,3679,8N87854,14,Southern 4,-0.0002045106797073376,3445,0.5018705090885726,50
0,Nesøy,3,3014,3793,3793,8N87970,13,Southern 3,-0.00020633922123054128,3446,0.5018705090885726,50
0,Nesøy,3,3014,1201,1201,8M72954,4,Gjerøy,-0.00020664720012678303,3447,0.5018705090885726,50
0,Nesøy,3,3014,38,38,8L19920,5,Hestmannøy,-0.00020721166121590514,3448,0.5018705090885726,50
0,Nesøy,3,3014,3932,3932,8P14007,2,Træna,-0.00020744912851641839,3449,0.5018705090885726,50
0,Nesøy,3,3014,4213,4213,8309165,10,Aldra,-0.00020747129808097508,3450,0.5018705090885726,50
0,Nesøy,3,3014,4644,4644,8747310,8,Lovund,-0.00020779269033744857,3451,0.5018705090885726,50
0,Nesøy,3,3014,654,654,8L89723,4,Gjerøy,-0.00020803185718920993,3452,0.5018705090885726,50
0,Nesøy,3,3014,4633,4633,8747281,3,Selvær,-0.0002080661190375005,3453,0.5018705090885726,50
0,Nesøy,3,3014,5364,5364,8939898,5,Hestmannøy,-0.0002092044549942864,3454,0.5018705090885726,50
0,Nesøy,3,3014,4054,4054,8P14865,15,Southern 5,-0.00020957485720531383,3455,0.5018705090885726,50
0,Nesøy,3,3014,2549,2549,8N28115,6,Indre Kvarøy,-0.00021066336236357313,3456,0.5018705090885726,50
0,Nesøy,3,3014,2715,2715,8N42293,4,Gjerøy,-0.00021131901009029556,3457,0.5018705090885726,50
0,Nesøy,3,3014,27,27,8L19839,5,Hestmannøy,-0.00021186613846068902,3458,0.5018705090885726,50
0,Nesøy,3,3014,2039,2039,8N13971,5,Hestmannøy,-0.0002120381177862786,3459,0.5018705090885726,50
0,Nesøy,3,3014,340,340,8L52386,11,Southern 1,-0.00021215348017151691,3460,0.5018705090885726,50
0,Nesøy,3,3014,3852,3852,8P11533,15,Southern 5,-0.00021234257625841563,3461,0.5018705090885726,50
0,Nesøy,3,3014,4649,4649,8747375,3,Selvær,-0.00021358456913893653,3462,0.5018705090885726,50
0,Nesøy,3,3014,1187,1187,8M72897,6,Indre Kvarøy,-0.0002141190754106223,3463,0.5018705090885726,50
0,Nesøy,3,3014,4478,4478,8730551,3,Selvær,-0.00021527456869853732,3464,0.5018705090885726,50
0,Nesøy,3,3014,4146,4146,8P26622,2,Træna,-0.00021530298549464241,3465,0.5018705090885726,50
0,Nesøy,3,3014,5321,5321,8939544,3,Selvær,-0.00021595935015932016,3466,0.5018705090885726,50
0,Nesøy,3,3014,5241,5241,8939020,12,Southern 2,-0.00021602425704058295,3467,0.5018705090885726,50
0,Nesøy,3,3014,1241,1241,8N05117,12,Southern 2,-0.00021607605383172252,3468,0.5018705090885726,50
0,Nesøy,3,3014,332,332,8L52372,11,Southern 1,-0.00021654070621177806,3469,0.5018705090885726,50
0,Nesøy,3,3014,1487,1487,8N05622,14,Southern 4,-0.00021717611223537187,3470,0.5018705090885726,50
0,Nesøy,3,3014,3269,3269,8N73650,13,Southern 3,-0.00021748052090688863,3471,0.5018705090885726,50
0,Nesøy,3,3014,3557,3557,8N87570,11,Southern 1,-0.00021758664901794776,3472,0.5018705090885726,50
0,Nesøy,3,3014,642,642,8L89669,5,Hestmannøy,-0.000218120637377279,3473,0.5018705090885726,50
0,Nesøy,3,3014,3006,3006,8N73001,4,Gjerøy,-0.00021917595889398372,3474,0.5018705090885726,50
0,Nesøy,3,3014,1071,1071,8M72265,8,Lovund,-0.00021952476159674383,3475,0.5018705090885726,50
0,Nesøy,3,3014,2789,2789,8N42732,4,Gjerøy,-0.00022028979914574885,3476,0.5018705090885726,50
0,Nesøy,3,3014,3080,3080,8N73242,12,Southern 2,-0.00022085909458407395,3477,0.5018705090885726,50
0,Nesøy,3,3014,2186,2186,8N14567,11,Southern 1,-0.0002218419293496085,3478,0.5018705090885726,50
0,Nesøy,3,3014,2875,2875,8N72531,6,Indre Kvarøy,-0.00022297076699799467,3479,0.5018705090885726,50
0,Nesøy,3,3014,2971,2971,8N72932,13,Southern 3,-0.0002241646238053524,3480,0.5018705090885726,50
0,Nesøy,3,3014,390,390,8L52913,10,Aldra,-0.00022416806798674957,3481,0.5018705090885726,50
0,Nesøy,3,3014,4744,4744,8747866,8,Lovund,-0.00022460527500508805,3482,0.5018705090885726,50
0,Nesøy,3,3014,767,767,8M31524,4,Gjerøy,-0.00022521673455259443,3483,0.5018705090885726,50
0,Nesøy,3,3014,2961,2961,8N72921,13,Southern 3,-0.00022561778229113455,3484,0.5018705090885726,50
0,Nesøy,3,3014,2988,2988,8N72949,13,Southern 3,-0.00022567885586614644,3485,0.5018705090885726,50
0,Nesøy,3,3014,1121,1121,8M72591,11,Southern 1,-0.00022651450847154843,3486,0.5018705090885726,50
0,Nesøy,3,3014,4932,4932,8816937,4,Gjerøy,-0.00022740627137594226,3487,0.5018705090885726,50
0,Nesøy,3,3014,1984,1984,8N13686,13,Southern 3,-0.00022745531965681702,3488,0.5018705090885726,50
0,Nesøy,3,3014,3341,3341,8N73907,11,Southern 1,-0.00022773721988605223,3489,0.5018705090885726,50
0,Nesøy,3,3014,1791,1791,8N06852,11,Southern 1,-0.00022811275935966698,3490,0.5018705090885726,50
0,Nesøy,3,3014,2109,2109,8N14289,15,Southern 5,-0.00022824465623161845,3491,0.5018705090885726,50
0,Nesøy,3,3014,3906,3906,8P11748,7,Onøy og Lurøy,-0.00022833767619913765,3492,0.5018705090885726,50
0,Nesøy,3,3014,4706,4706,8747720,5,Hestmannøy,-0.00022925723023962786,3493,0.5018705090885726,50
0,Nesøy,3,3014,3618,3618,8N87728,5,Hestmannøy,-0.00023070942443123736,3494,0.5018705090885726,50
0,Nesøy,3,3014,1281,1281,8N05158,12,Southern 2,-0.00023081989385039886,3495,0.5018705090885726,50
0,Nesøy,3,3014,672,672,8L89804,10,Aldra,-0.00023088259830404855,3496,0.5018705090885726,50
0,Nesøy,3,3014,2779,2779,8N42709,4,Gjerøy,-0.00023133866232125672,3497,0.5018705090885726,50
0,Nesøy,3,3014,2764,2764,8N42652,7,Onøy og Lurøy,-0.00023187340462279686,3498,0.5018705090885726,50
0,Nesøy,3,3014,1278,1278,8N05155,12,Southern 2,-0.00023225019193937955,3499,0.5018705090885726,50
0,Nesøy,3,3014,3771,3771,8N87948,13,Southern 3,-0.0002322507579878657,3500,0.5018705090885726,50
0,Nesøy,3,3014,3500,3500,8N87513,11,Southern 1,-0.00023348447667214333,3501,0.5018705090885726,50
0,Nesøy,3,3014,4683,4683,8747590,2,Træna,-0.00023359250928713202,3502,0.5018705090885726,50
0,Nesøy,3,3014,2259,2259,8N14641,13,Southern 3,-0.00023371000718787365,3503,0.5018705090885726,50
0,Nesøy,3,3014,1823,1823,8N06885,11,Southern 1,-0.0002343860512818928,3504,0.5018705090885726,50
0,Nesøy,3,3014,2116,2116,8N14296,15,Southern 5,-0.0002346609883892903,3505,0.5018705090885726,50
0,Nesøy,3,3014,5329,5329,8939607,5,Hestmannøy,-0.0002349094225254017,3506,0.5018705090885726,50
0,Nesøy,3,3014,2838,2838,8N72257,2,Træna,-0.0002360676327931828,3507,0.5018705090885726,50
0,Nesøy,3,3014,1993,1993,8N13695,13,Southern 3,-0.00023607529008309647,3508,0.5018705090885726,50
0,Nesøy,3,3014,1490,1490,8N05625,14,Southern 4,-0.00023648815984779622,3509,0.5018705090885726,50
0,Nesøy,3,3014,2308,2308,8N14691,13,Southern 3,-0.00023679242818637938,3510,0.5018705090885726,50
0,Nesøy,3,3014,2301,2301,8N14684,13,Southern 3,-0.00023724433636488102,3511,0.5018705090885726,50
0,Nesøy,3,3014,1217,1217,8N05012,4,Gjerøy,-0.00023726469253629214,3512,0.5018705090885726,50
0,Nesøy,3,3014,4695,4695,8747663,1,Myken,-0.00023739102739047172,3513,0.5018705090885726,50
0,Nesøy,3,3014,1616,1616,8N05887,11,Southern 1,-0.00023871756412682584,3514,0.5018705090885726,50
0,Nesøy,3,3014,3931,3931,8P14006,2,Træna,-0.0002388900601680412,3515,0.5018705090885726,50
0,Nesøy,3,3014,5154,5154,8934241,9,Sleneset,-0.0002397026738076919,3516,0.5018705090885726,50
0,Nesøy,3,3014,1205,1205,8M72960,4,Gjerøy,-0.00023993331144265217,3517,0.5018705090885726,50
0,Nesøy,3,3014,3872,3872,8P11554,14,Southern 4,-0.0002403491543871808,3518,0.5018705090885726,50
0,Nesøy,3,3014,625,625,8L89615,4,Gjerøy,-0.00024049792378785204,3519,0.5018705090885726,50
0,Nesøy,3,3014,2647,2647,8N28795,14,Southern 4,-0.00024229855562075798,3520,0.5018705090885726,50
0,Nesøy,3,3014,3488,3488,8N87342,5,Hestmannøy,-0.00024364015330694252,3521,0.5018705090885726,50
0,Nesøy,3,3014,4856,4856,8800391,5,Hestmannøy,-0.0002437234325981752,3522,0.5018705090885726,50
0,Nesøy,3,3014,3137,3137,8N73447,11,Southern 1,-0.0002438294817041603,3523,0.5018705090885726,50
0,Nesøy,3,3014,253,253,8L48755,11,Southern 1,-0.00024411944627439176,3524,0.5018705090885726,50
0,Nesøy,3,3014,1446,1446,8N05462,5,Hestmannøy,-0.0002448980433549175,3525,0.5018705090885726,50
0,Nesøy,3,3014,4157,4157,8P26704,7,Onøy og Lurøy,-0.00024542392748537256,3526,0.5018705090885726,50
0,Nesøy,3,3014,95,95,8L30320,5,Hestmannøy,-0.00024642040198653956,3527,0.5018705090885726,50
0,Nesøy,3,3014,2689,2689,8N42126,6,Indre Kvarøy,-0.00024681187804372463,3528,0.5018705090885726,50
0,Nesøy,3,3014,609,609,8L89516,5,Hestmannøy,-0.00024735402096032964,3529,0.5018705090885726,50
0,Nesøy,3,3014,4070,4070,8P14932,14,Southern 4,-0.0002474053449126568,3530,0.5018705090885726,50
0,Nesøy,3,3014,2939,2939,8N72825,14,Southern 4,-0.000247866451472219,3531,0.5018705090885726,50
0,Nesøy,3,3014,4752,4752,8747897,7,Onøy og Lurøy,-0.0002488462392362556,3532,0.5018705090885726,50
0,Nesøy,3,3014,1687,1687,8N06484,12,Southern 2,-0.0002492518323240605,3533,0.5018705090885726,50
0,Nesøy,3,3014,171,171,8L30859,9,Sleneset,-0.0002503198712968832,3534,0.5018705090885726,50
0,Nesøy,3,3014,877,877,8L64895,11,Southern 1,-0.0002507690415644939,3535,0.5018705090885726,50
0,Nesøy,3,3014,3723,3723,8N87899,13,Southern 3,-0.0002512022363227062,3536,0.5018705090885726,50
0,Nesøy,3,3014,728,728,8M31304,4,Gjerøy,-0.0002512426105860566,3537,0.5018705090885726,50
0,Nesøy,3,3014,2826,2826,8N72043,2,Træna,-0.00025151685243266457,3538,0.5018705090885726,50
0,Nesøy,3,3014,915,915,8M71237,6,Indre Kvarøy,-0.00025153254601606873,3539,0.5018705090885726,50
0,Nesøy,3,3014,4848,4848,8800355,5,Hestmannøy,-0.0002515644497554462,3540,0.5018705090885726,50
0,Nesøy,3,3014,3179,3179,8N73490,12,Southern 2,-0.00025198658858317476,3541,0.5018705090885726,50
0,Nesøy,3,3014,4725,4725,8747756,5,Hestmannøy,-0.00025230310133200165,3542,0.5018705090885726,50
0,Nesøy,3,3014,665,665,8L89752,5,Hestmannøy,-0.0002523228811785216,3543,0.5018705090885726,50
0,Nesøy,3,3014,4031,4031,8P14842,14,Southern 4,-0.0002541524784930731,3544,0.5018705090885726,50
0,Nesøy,3,3014,3121,3121,8N73431,11,Southern 1,-0.0002549162884278644,3545,0.5018705090885726,50
0,Nesøy,3,3014,4024,4024,8P14821,15,Southern 5,-0.0002558571425201876,3546,0.5018705090885726,50
0,Nesøy,3,3014,1966,1966,8N13668,13,Southern 3,-0.000257436418318566,3547,0.5018705090885726,50
0,Nesøy,3,3014,1431,1431,8M71867,5,Hestmannøy,-0.000258240132090652,3548,0.5018705090885726,50
0,Nesøy,3,3014,48,48,8L19937,5,Hestmannøy,-0.00025828214387217473,3549,0.5018705090885726,50
0,Nesøy,3,3014,1730,1730,8N06684,14,Southern 4,-0.0002584099048879723,3550,0.5018705090885726,50
0,Nesøy,3,3014,4898,4898,8800614,5,Hestmannøy,-0.000258610852541461,3551,0.5018705090885726,50
0,Nesøy,3,3014,2666,2666,8N28897,14,Southern 4,-0.00025878998524261996,3552,0.5018705090885726,50
0,Nesøy,3,3014,1674,1674,8N06471,12,Southern 2,-0.0002589478827708801,3553,0.5018705090885726,50
0,Nesøy,3,3014,68,68,8L26576,6,Indre Kvarøy,-0.00025954252700019736,3554,0.5018705090885726,50
0,Nesøy,3,3014,678,678,8L89894,4,Gjerøy,-0.00026154365913920344,3555,0.5018705090885726,50
0,Nesøy,3,3014,4164,4164,8118424,6,Indre Kvarøy,-0.000261730956407321,3556,0.5018705090885726,50
0,Nesøy,3,3014,3619,3619,8N87730,5,Hestmannøy,-0.00026234618223191174,3557,0.5018705090885726,50
0,Nesøy,3,3014,5129,5129,8934042,9,Sleneset,-0.0002626661811289047,3558,0.5018705090885726,50
0,Nesøy,3,3014,1564,1564,8N05712,5,Hestmannøy,-0.0002629626016269405,3559,0.5018705090885726,50
0,Nesøy,3,3014,4265,4265,8573915,2,Træna,-0.00026322663235257143,3560,0.5018705090885726,50
0,Nesøy,3,3014,1466,1466,8N05601,14,Southern 4,-0.0002635089581726453,3561,0.5018705090885726,50
0,Nesøy,3,3014,5043,5043,8887304,7,Onøy og Lurøy,-0.0002637546574036685,3562,0.5018705090885726,50
0,Nesøy,3,3014,3018,3018,8N73084,6,Indre Kvarøy,-0.00026434634462066983,3563,0.5018705090885726,50
0,Nesøy,3,3014,346,346,8L52392,12,Southern 2,-0.0002652600760133973,3564,0.5018705090885726,50
0,Nesøy,3,3014,5561,5561,8981861,4,Gjerøy,-0.0002659137001190249,3565,0.5018705090885726,50
0,Nesøy,3,3014,1181,1181,8M72877,5,Hestmannøy,-0.00026678311977264865,3566,0.5018705090885726,50
0,Nesøy,3,3014,4970,4970,8857275,10,Aldra,-0.0002679775597445744,3567,0.5018705090885726,50
0,Nesøy,3,3014,5385,5385,8943083,4,Gjerøy,-0.0002679920453859275,3568,0.5018705090885726,50
0,Nesøy,3,3014,628,628,8L89634,5,Hestmannøy,-0.0002681499957341192,3569,0.5018705090885726,50
0,Nesøy,3,3014,3019,3019,8N73086,6,Indre Kvarøy,-0.00026848890994107414,3570,0.5018705090885726,50
0,Nesøy,3,3014,3267,3267,8N73648,13,Southern 3,-0.000269677660246552,3571,0.5018705090885726,50
0,Nesøy,3,3014,2432,2432,8N27298,10,Aldra,-0.00026995451899715584,3572,0.5018705090885726,50
0,Nesøy,3,3014,3283,3283,8N73664,13,Southern 3,-0.0002700439658593054,3573,0.5018705090885726,50
0,Nesøy,3,3014,2784,2784,8N42718,5,Hestmannøy,-0.00027086301876284033,3574,0.5018705090885726,50
0,Nesøy,3,3014,1840,1840,8N06922,5,Hestmannøy,-0.000271783136687766,3575,0.5018705090885726,50
0,Nesøy,3,3014,2680,2680,8N42051,2,Træna,-0.0002726621532144388,3576,0.5018705090885726,50
0,Nesøy,3,3014,1553,1553,8N05701,6,Indre Kvarøy,-0.0002734379962886185,3577,0.5018705090885726,50
0,Nesøy,3,3014,3744,3744,8N87921,13,Southern 3,-0.0002740811873670437,3578,0.5018705090885726,50
0,Nesøy,3,3014,5427,5427,8943802,10,Aldra,-0.00027534083560775747,3579,0.5018705090885726,50
0,Nesøy,3,3014,3367,3367,8N73933,12,Southern 2,-0.0002757165570343584,3580,0.5018705090885726,50
0,Nesøy,3,3014,2088,2088,8N14161,5,Hestmannøy,-0.00027589503553127005,3581,0.5018705090885726,50
0,Nesøy,3,3014,3981,3981,8P14343,15,Southern 5,-0.0002766672670282685,3582,0.5018705090885726,50
0,Nesøy,3,3014,1154,1154,8M72698,14,Southern 4,-0.0002774771239007521,3583,0.5018705090885726,50
0,Nesøy,3,3014,621,621,8M31766,11,Southern 1,-0.0002774817480864927,3584,0.5018705090885726,50
0,Nesøy,3,3014,1944,1944,8N13645,14,Southern 4,-0.00027756160991135087,3585,0.5018705090885726,50
0,Nesøy,3,3014,5238,5238,8934890,7,Onøy og Lurøy,-0.0002779799248105988,3586,0.5018705090885726,50
0,Nesøy,3,3014,2511,2511,8N27904,6,Indre Kvarøy,-0.0002784360948012844,3587,0.5018705090885726,50
0,Nesøy,3,3014,1769,1769,8N06830,11,Southern 1,-0.0002785267168404315,3588,0.5018705090885726,50
0,Nesøy,3,3014,1808,1808,8N06869,11,Southern 1,-0.00027994415397014183,3589,0.5018705090885726,50
0,Nesøy,3,3014,1517,1517,8N05659,13,Southern 3,-0.0002804396304102391,3590,0.5018705090885726,50
0,Nesøy,3,3014,206,206,8L48448,5,Hestmannøy,-0.0002812362492629557,3591,0.5018705090885726,50
0,Nesøy,3,3014,3465,3465,8N87228,3,Selvær,-0.000282192192393336,3592,0.5018705090885726,50
0,Nesøy,3,3014,3084,3084,8N73246,14,Southern 4,-0.00028303139968396496,3593,0.5018705090885726,50
0,Nesøy,3,3014,1628,1628,8N05933,2,Træna,-0.0002847494276176894,3594,0.5018705090885726,50
0,Nesøy,3,3014,3752,3752,8N87929,13,Southern 3,-0.00028568868763965304,3595,0.5018705090885726,50
0,Nesøy,3,3014,4550,4550,8732602,7,Onøy og Lurøy,-0.0002860478632234072,3596,0.5018705090885726,50
0,Nesøy,3,3014,337,337,8L52381,11,Southern 1,-0.00028639856470003455,3597,0.5018705090885726,50
0,Nesøy,3,3014,992,992,8L57976,13,Southern 3,-0.00028685632261388303,3598,0.5018705090885726,50
0,Nesøy,3,3014,3659,3659,8N87832,14,Southern 4,-0.0002880179577041693,3599,0.5018705090885726,50
0,Nesøy,3,3014,1927,1927,8N13626,14,Southern 4,-0.0002885488083536647,3600,0.5018705090885726,50
0,Nesøy,3,3014,607,607,8L89512,5,Hestmannøy,-0.0002887025835470847,3601,0.5018705090885726,50
0,Nesøy,3,3014,3243,3243,8N73624,13,Southern 3,-0.00028992938156274616,3602,0.5018705090885726,50
0,Nesøy,3,3014,1741,1741,8N06695,14,Southern 4,-0.0002919674874321185,3603,0.5018705090885726,50
0,Nesøy,3,3014,3589,3589,8N87606,15,Southern 5,-0.0002919676163994427,3604,0.5018705090885726,50
0,Nesøy,3,3014,2290,2290,8N14673,13,Southern 3,-0.00029208344684496555,3605,0.5018705090885726,50
0,Nesøy,3,3014,2523,2523,8N27937,6,Indre Kvarøy,-0.00029223957679826553,3606,0.5018705090885726,50
0,Nesøy,3,3014,2861,2861,8N72447,2,Træna,-0.00029255604728323865,3607,0.5018705090885726,50
0,Nesøy,3,3014,3026,3026,8N73182,15,Southern 5,-0.00029349524982073106,3608,0.5018705090885726,50
0,Nesøy,3,3014,2621,2621,8N28714,9,Sleneset,-0.0002940518401397507,3609,0.5018705090885726,50
0,Nesøy,3,3014,3247,3247,8N73628,13,Southern 3,-0.00029414814466044393,3610,0.5018705090885726,50
0,Nesøy,3,3014,2296,2296,8N14679,13,Southern 3,-0.00029483346327590645,3611,0.5018705090885726,50
0,Nesøy,3,3014,155,155,8L30778,12,Southern 2,-0.0002960072365296043,3612,0.5018705090885726,50
0,Nesøy,3,3014,273,273,8L49957,4,Gjerøy,-0.0002963527263129237,3613,0.5018705090885726,50
0,Nesøy,3,3014,3041,3041,8N73197,15,Southern 5,-0.00029731592316725145,3614,0.5018705090885726,50
0,Nesøy,3,3014,237,237,8L48610,5,Hestmannøy,-0.00029770675791041575,3615,0.5018705090885726,50
0,Nesøy,3,3014,685,685,8L89995,3,Selvær,-0.00029783599213012034,3616,0.5018705090885726,50
0,Nesøy,3,3014,1224,1224,8N05087,6,Indre Kvarøy,-0.0002983980339773311,3617,0.5018705090885726,50
0,Nesøy,3,3014,1434,1434,8N05402,10,Aldra,-0.0002991873700160849,3618,0.5018705090885726,50
0,Nesøy,3,3014,1447,1447,8N05464,5,Hestmannøy,-0.0002992338682142525,3619,0.5018705090885726,50
0,Nesøy,3,3014,52,52,8L19953,7,Onøy og Lurøy,-0.0002997428900392446,3620,0.5018705090885726,50
0,Nesøy,3,3014,3740,3740,8N87917,13,Southern 3,-0.00029988461698498057,3621,0.5018705090885726,50
0,Nesøy,3,3014,1266,1266,8N05142,12,Southern 2,-0.00030079560878441185,3622,0.5018705090885726,50
0,Nesøy,3,3014,1787,1787,8N06848,11,Southern 1,-0.0003018210564043994,3623,0.5018705090885726,50
0,Nesøy,3,3014,222,222,8L48480,4,Gjerøy,-0.00030192454205100626,3624,0.5018705090885726,50
0,Nesøy,3,3014,2580,2580,8N28406,8,Lovund,-0.0003026127650737312,3625,0.5018705090885726,50
0,Nesøy,3,3014,5337,5337,8939684,11,Southern 1,-0.0003036492631828513,3626,0.5018705090885726,50
0,Nesøy,3,3014,5482,5482,8981266,5,Hestmannøy,-0.0003044723925450198,3627,0.5018705090885726,50
0,Nesøy,3,3014,983,983,8M71442,12,Southern 2,-0.0003054734511287266,3628,0.5018705090885726,50
0,Nesøy,3,3014,2562,2562,8N28246,7,Onøy og Lurøy,-0.00030573969931957384,3629,0.5018705090885726,50
0,Nesøy,3,3014,3572,3572,8N87586,11,Southern 1,-0.00030650814357927037,3630,0.5018705090885726,50
0,Nesøy,3,3014,2871,2871,8N72510,6,Indre Kvarøy,-0.0003065766025253224,3631,0.5018705090885726,50
0,Nesøy,3,3014,3209,3209,8N73528,4,Gjerøy,-0.00030711869365561764,3632,0.5018705090885726,50
0,Nesøy,3,3014,2117,2117,8N14297,15,Southern 5,-0.0003080294854161687,3633,0.5018705090885726,50
0,Nesøy,3,3014,1688,1688,8N06485,12,Southern 2,-0.00030840405680074355,3634,0.5018705090885726,50
0,Nesøy,3,3014,3323,3323,8N73793,15,Southern 5,-0.00030862952858561385,3635,0.5018705090885726,50
0,Nesøy,3,3014,3264,3264,8N73645,13,Southern 3,-0.0003089928743046433,3636,0.5018705090885726,50
0,Nesøy,3,3014,3014,3014,8N73055,5,Hestmannøy,-0.00030958296694029593,3637,0.5018705090885726,50
0,Nesøy,3,3014,228,228,8L48568,7,Onøy og Lurøy,-0.0003103777252175036,3638,0.5018705090885726,50
0,Nesøy,3,3014,2503,2503,8N27881,5,Hestmannøy,-0.0003107467724064611,3639,0.5018705090885726,50
0,Nesøy,3,3014,1867,1867,8N13139,14,Southern 4,-0.0003108492349412397,3640,0.5018705090885726,50
0,Nesøy,3,3014,4728,4728,8747759,4,Gjerøy,-0.0003111338148979109,3641,0.5018705090885726,50
0,Nesøy,3,3014,5494,5494,8981281,5,Hestmannøy,-0.0003113067737913023,3642,0.5018705090885726,50
0,Nesøy,3,3014,1249,1249,8N05125,12,Southern 2,-0.00031180974487171067,3643,0.5018705090885726,50
0,Nesøy,3,3014,1403,1403,8N05281,13,Southern 3,-0.0003121836782596013,3644,0.5018705090885726,50
0,Nesøy,3,3014,2912,2912,8N72688,11,Southern 1,-0.00031262990215434714,3645,0.5018705090885726,50
0,Nesøy,3,3014,3890,3890,8P11572,14,Southern 4,-0.0003129475828294755,3646,0.5018705090885726,50
0,Nesøy,3,3014,5030,5030,8887245,1,Myken,-0.0003137003224255895,3647,0.5018705090885726,50
0,Nesøy,3,3014,3834,3834,8P11471,2,Træna,-0.0003143422713873506,3648,0.5018705090885726,50
0,Nesøy,3,3014,4731,4731,8747777,5,Hestmannøy,-0.00031475174547445554,3649,0.5018705090885726,50
0,Nesøy,3,3014,4643,4643,8747309,8,Lovund,-0.0003150094559780925,3650,0.5018705090885726,50
0,Nesøy,3,3014,818,818,8M31785,11,Southern 1,-0.0003150231354620826,3651,0.5018705090885726,50
0,Nesøy,3,3014,1245,1245,8N05121,14,Southern 4,-0.00031596586900592557,3652,0.5018705090885726,50
0,Nesøy,3,3014,1600,1600,8N05867,11,Southern 1,-0.0003164673513255112,3653,0.5018705090885726,50
0,Nesøy,3,3014,4902,4902,8800643,12,Southern 2,-0.00031658567704512085,3654,0.5018705090885726,50
0,Nesøy,3,3014,3569,3569,8N87583,11,Southern 1,-0.00031753122588462087,3655,0.5018705090885726,50
0,Nesøy,3,3014,5175,5175,8934339,10,Aldra,-0.00031756287443173234,3656,0.5018705090885726,50
0,Nesøy,3,3014,4173,4173,8168603,10,Aldra,-0.0003176611964321975,3657,0.5018705090885726,50
0,Nesøy,3,3014,4371,4371,8681081,5,Hestmannøy,-0.0003180135809268609,3658,0.5018705090885726,50
0,Nesøy,3,3014,2834,2834,8N72132,9,Sleneset,-0.000318601097494209,3659,0.5018705090885726,50
0,Nesøy,3,3014,2064,2064,8N14017,7,Onøy og Lurøy,-0.0003192172045109826,3660,0.5018705090885726,50
0,Nesøy,3,3014,2497,2497,8N27865,6,Indre Kvarøy,-0.0003195656847009418,3661,0.5018705090885726,50
0,Nesøy,3,3014,1740,1740,8N06694,14,Southern 4,-0.0003196868671391509,3662,0.5018705090885726,50
0,Nesøy,3,3014,2991,2991,8N72953,13,Southern 3,-0.000320651573119911,3663,0.5018705090885726,50
0,Nesøy,3,3014,2153,2153,8N14532,11,Southern 1,-0.00032263183790659766,3664,0.5018705090885726,50
0,Nesøy,3,3014,1778,1778,8N06839,11,Southern 1,-0.0003231272759828782,3665,0.5018705090885726,50
0,Nesøy,3,3014,2217,2217,8N14598,11,Southern 1,-0.0003249129514771826,3666,0.5018705090885726,50
0,Nesøy,3,3014,2128,2128,8N14353,15,Southern 5,-0.00032498267895697346,3667,0.5018705090885726,50
0,Nesøy,3,3014,775,775,8M31548,6,Indre Kvarøy,-0.0003252039863138645,3668,0.5018705090885726,50
0,Nesøy,3,3014,3738,3738,8N87915,13,Southern 3,-0.00032525414912938535,3669,0.5018705090885726,50
0,Nesøy,3,3014,5510,5510,8981379,12,Southern 2,-0.00032616908428274876,3670,0.5018705090885726,50
0,Nesøy,3,3014,1096,1096,8M72527,11,Southern 1,-0.00032761704861346817,3671,0.5018705090885726,50
0,Nesøy,3,3014,4052,4052,8P14863,14,Southern 4,-0.00032768112489182016,3672,0.5018705090885726,50
0,Nesøy,3,3014,2735,2735,8N42509,5,Hestmannøy,-0.00032842533877973866,3673,0.5018705090885726,50
0,Nesøy,3,3014,1934,1934,8N13633,14,Southern 4,-0.00032997395184411026,3674,0.5018705090885726,50
0,Nesøy,3,3014,465,465,8L64241,6,Indre Kvarøy,-0.00033012168557347674,3675,0.5018705090885726,50
0,Nesøy,3,3014,415,415,8L57821,9,Sleneset,-0.0003301688531145995,3676,0.5018705090885726,50
0,Nesøy,3,3014,2540,2540,8N28030,7,Onøy og Lurøy,-0.0003302030072196892,3677,0.5018705090885726,50
0,Nesøy,3,3014,5243,5243,8939029,7,Onøy og Lurøy,-0.00033117877483605096,3678,0.5018705090885726,50
0,Nesøy,3,3014,2119,2119,8N14299,15,Southern 5,-0.00033185364555616187,3679,0.5018705090885726,50
0,Nesøy,3,3014,5376,5376,8943025,5,Hestmannøy,-0.0003318636101489933,3680,0.5018705090885726,50
0,Nesøy,3,3014,2435,2435,8N27308,5,Hestmannøy,-0.00033216651121162935,3681,0.5018705090885726,50
0,Nesøy,3,3014,3858,3858,8P11539,15,Southern 5,-0.00033333751570340756,3682,0.5018705090885726,50
0,Nesøy,3,3014,3396,3396,8N73962,12,Southern 2,-0.0003334445479359818,3683,0.5018705090885726,50
0,Nesøy,3,3014,5410,5410,8943486,5,Hestmannøy,-0.00033480493004532874,3684,0.5018705090885726,50
0,Nesøy,3,3014,866,866,8M31970,5,Hestmannøy,-0.0003350498523686268,3685,0.5018705090885726,50
0,Nesøy,3,3014,758,758,8M31483,5,Hestmannøy,-0.000335464720646864,3686,0.5018705090885726,50
0,Nesøy,3,3014,4797,4797,8800045,5,Hestmannøy,-0.00033554947529934126,3687,0.5018705090885726,50
0,Nesøy,3,3014,2247,2247,8N14628,13,Southern 3,-0.00033722688579213434,3688,0.5018705090885726,50
0,Nesøy,3,3014,3558,3558,8N87571,11,Southern 1,-0.0003385247496662556,3689,0.5018705090885726,50
0,Nesøy,3,3014,9,9,8L19595,3,Selvær,-0.000339615262784375,3690,0.5018705090885726,50
0,Nesøy,3,3014,5534,5534,8981733,5,Hestmannøy,-0.0003398476512551335,3691,0.5018705090885726,50
0,Nesøy,3,3014,2489,2489,8N27803,5,Hestmannøy,-0.00034001481779254465,3692,0.5018705090885726,50
0,Nesøy,3,3014,5179,5179,8934355,6,Indre Kvarøy,-0.0003411084027629159,3693,0.5018705090885726,50
0,Nesøy,3,3014,1318,1318,8N05195,13,Southern 3,-0.00034127357661733126,3694,0.5018705090885726,50
0,Nesøy,3,3014,3625,3625,8N87762,4,Gjerøy,-0.0003415459464616008,3695,0.5018705090885726,50
0,Nesøy,3,3014,1289,1289,8N05165,12,Southern 2,-0.00034212625432825106,3696,0.5018705090885726,50
0,Nesøy,3,3014,317,317,8L52344,11,Southern 1,-0.0003455092005947495,3697,0.5018705090885726,50
0,Nesøy,3,3014,827,827,8L89179,12,Southern 2,-0.00034551753408896104,3698,0.5018705090885726,50
0,Nesøy,3,3014,113,113,8L30473,12,Southern 2,-0.0003460179979410699,3699,0.5018705090885726,50
0,Nesøy,3,3014,4009,4009,8P14648,2,Træna,-0.00034644788402662664,3700,0.5018705090885726,50
0,Nesøy,3,3014,4481,4481,8730554,3,Selvær,-0.0003465474060043749,3701,0.5018705090885726,50
0,Nesøy,3,3014,2982,2982,8N72943,13,Southern 3,-0.0003481210619129557,3702,0.5018705090885726,50
0,Nesøy,3,3014,3688,3688,8N87863,14,Southern 4,-0.0003482153441553054,3703,0.5018705090885726,50
0,Nesøy,3,3014,1325,1325,8N05202,12,Southern 2,-0.0003489511459471761,3704,0.5018705090885726,50
0,Nesøy,3,3014,988,988,8L57981,13,Southern 3,-0.0003490571470679957,3705,0.5018705090885726,50
0,Nesøy,3,3014,2643,2643,8N28791,15,Southern 5,-0.0003496260607923107,3706,0.5018705090885726,50
0,Nesøy,3,3014,575,575,8L89376,5,Hestmannøy,-0.0003496717672776234,3707,0.5018705090885726,50
0,Nesøy,3,3014,5152,5152,8934231,3,Selvær,-0.0003510786028630414,3708,0.5018705090885726,50
0,Nesøy,3,3014,1617,1617,8N05889,11,Southern 1,-0.00035255214570137486,3709,0.5018705090885726,50
0,Nesøy,3,3014,3338,3338,8N73904,11,Southern 1,-0.00035310465963323765,3710,0.5018705090885726,50
0,Nesøy,3,3014,982,982,8M71414,5,Hestmannøy,-0.00035393893334091956,3711,0.5018705090885726,50
0,Nesøy,3,3014,851,851,8M31926,5,Hestmannøy,-0.00035537891656326094,3712,0.5018705090885726,50
0,Nesøy,3,3014,5096,5096,8904575,11,Southern 1,-0.0003561744851656126,3713,0.5018705090885726,50
0,Nesøy,3,3014,778,778,8M31552,6,Indre Kvarøy,-0.00035643362616257445,3714,0.5018705090885726,50
0,Nesøy,3,3014,26,26,8L19835,5,Hestmannøy,-0.0003572407621315746,3715,0.5018705090885726,50
0,Nesøy,3,3014,823,823,8M31804,12,Southern 2,-0.0003587399704648858,3716,0.5018705090885726,50
0,Nesøy,3,3014,727,727,8L89770,13,Southern 3,-0.0003593985181355998,3717,0.5018705090885726,50
0,Nesøy,3,3014,3588,3588,8N87605,15,Southern 5,-0.00035955939112870843,3718,0.5018705090885726,50
0,Nesøy,3,3014,2017,2017,8N13915,8,Lovund,-0.00035990805704119694,3719,0.5018705090885726,50
0,Nesøy,3,3014,1374,1374,8N05252,13,Southern 3,-0.00035996859389242244,3720,0.5018705090885726,50
0,Nesøy,3,3014,2166,2166,8N14545,11,Southern 1,-0.0003605311332646366,3721,0.5018705090885726,50
0,Nesøy,3,3014,4750,4750,8747882,1,Myken,-0.00036162495569375743,3722,0.5018705090885726,50
0,Nesøy,3,3014,3463,3463,8N87216,2,Træna,-0.000361877983839637,3723,0.5018705090885726,50
0,Nesøy,3,3014,2304,2304,8N14687,13,Southern 3,-0.00036242345214811074,3724,0.5018705090885726,50
0,Nesøy,3,3014,4819,4819,8800151,9,Sleneset,-0.0003628712150956992,3725,0.5018705090885726,50
0,Nesøy,3,3014,2964,2964,8N72924,13,Southern 3,-0.0003629400281004102,3726,0.5018705090885726,50
0,Nesøy,3,3014,4765,4765,8747993,8,Lovund,-0.0003631265325087821,3727,0.5018705090885726,50
0,Nesøy,3,3014,100,100,8L30363,10,Aldra,-0.00036470140266758075,3728,0.5018705090885726,50
0,Nesøy,3,3014,4134,4134,8P26524,9,Sleneset,-0.00036470658078384676,3729,0.5018705090885726,50
0,Nesøy,3,3014,1977,1977,8N13679,13,Southern 3,-0.0003649963745300769,3730,0.5018705090885726,50
0,Nesøy,3,3014,2586,2586,8N28460,2,Træna,-0.0003667495171434651,3731,0.5018705090885726,50
0,Nesøy,3,3014,1796,1796,8N06857,11,Southern 1,-0.0003667650783386911,3732,0.5018705090885726,50
0,Nesøy,3,3014,1767,1767,8N06828,11,Southern 1,-0.0003668025025740955,3733,0.5018705090885726,50
0,Nesøy,3,3014,232,232,8L48598,2,Træna,-0.0003669461458858842,3734,0.5018705090885726,50
0,Nesøy,3,3014,4576,4576,8732671,7,Onøy og Lurøy,-0.00036708184631271886,3735,0.5018705090885726,50
0,Nesøy,3,3014,4334,4334,8681005,4,Gjerøy,-0.0003683029141184049,3736,0.5018705090885726,50
0,Nesøy,3,3014,691,691,8M31112,3,Selvær,-0.00036940921544285465,3737,0.5018705090885726,50
0,Nesøy,3,3014,2778,2778,8N42708,4,Gjerøy,-0.0003697813555810456,3738,0.5018705090885726,50
0,Nesøy,3,3014,3587,3587,8N87604,15,Southern 5,-0.00037026096138656885,3739,0.5018705090885726,50
0,Nesøy,3,3014,4187,4187,8168648,4,Gjerøy,-0.00037065960733965385,3740,0.5018705090885726,50
0,Nesøy,3,3014,2554,2554,8N28190,6,Indre Kvarøy,-0.00037091797893444426,3741,0.5018705090885726,50
0,Nesøy,3,3014,3467,3467,8N87243,2,Træna,-0.00037160059352597666,3742,0.5018705090885726,50
0,Nesøy,3,3014,1256,1256,8N05132,12,Southern 2,-0.0003721006511971091,3743,0.5018705090885726,50
0,Nesøy,3,3014,2060,2060,8N14012,7,Onøy og Lurøy,-0.0003725245789333752,3744,0.5018705090885726,50
0,Nesøy,3,3014,1667,1667,8N06464,12,Southern 2,-0.0003735144102086797,3745,0.5018705090885726,50
0,Nesøy,3,3014,1780,1780,8N06841,11,Southern 1,-0.0003736713091612437,3746,0.5018705090885726,50
0,Nesøy,3,3014,2026,2026,8N13933,5,Hestmannøy,-0.000374124059767412,3747,0.5018705090885726,50
0,Nesøy,3,3014,1063,1063,8M72168,2,Træna,-0.00037447191550075087,3748,0.5018705090885726,50
0,Nesøy,3,3014,1416,1416,8N05295,13,Southern 3,-0.00037542227521453143,3749,0.5018705090885726,50
0,Nesøy,3,3014,4979,4979,8857407,5,Hestmannøy,-0.0003754673120041961,3750,0.5018705090885726,50
0,Nesøy,3,3014,599,599,8L89470,6,Indre Kvarøy,-0.00037638619632956587,3751,0.5018705090885726,50
0,Nesøy,3,3014,1271,1271,8N05147,12,Southern 2,-0.0003772162826577659,3752,0.5018705090885726,50
0,Nesøy,3,3014,793,793,8M31641,10,Aldra,-0.0003775408654475909,3753,0.5018705090885726,50
0,Nesøy,3,3014,3260,3260,8N73641,13,Southern 3,-0.0003776876375256016,3754,0.5018705090885726,50
0,Nesøy,3,3014,2880,2880,8N72575,4,Gjerøy,-0.0003779895880645847,3755,0.5018705090885726,50
0,Nesøy,3,3014,748,748,8M31398,5,Hestmannøy,-0.00037828529640909726,3756,0.5018705090885726,50
0,Nesøy,3,3014,2150,2150,8N14529,11,Southern 1,-0.00037865935573419123,3757,0.5018705090885726,50
0,Nesøy,3,3014,1216,1216,8N05009,4,Gjerøy,-0.0003806926310712513,3758,0.5018705090885726,50
0,Nesøy,3,3014,3362,3362,8N73928,11,Southern 1,-0.00038095065359852157,3759,0.5018705090885726,50
0,Nesøy,3,3014,4714,4714,8747734,7,Onøy og Lurøy,-0.00038119251359452393,3760,0.5018705090885726,50
0,Nesøy,3,3014,3204,3204,8N73519,5,Hestmannøy,-0.00038164275057442603,3761,0.5018705090885726,50
0,Nesøy,3,3014,3370,3370,8N73936,12,Southern 2,-0.0003823560572118068,3762,0.5018705090885726,50
0,Nesøy,3,3014,968,968,8M71361,12,Southern 2,-0.00038374100255506445,3763,0.5018705090885726,50
0,Nesøy,3,3014,4407,4407,8681331,7,Onøy og Lurøy,-0.00038377108064327134,3764,0.5018705090885726,50
0,Nesøy,3,3014,3153,3153,8N73463,11,Southern 1,-0.0003838415182649289,3765,0.5018705090885726,50
0,Nesøy,3,3014,5416,5416,8943534,11,Southern 1,-0.0003838674134042493,3766,0.5018705090885726,50
0,Nesøy,3,3014,1046,1046,8M72002,8,Lovund,-0.00038426889007995375,3767,0.5018705090885726,50
0,Nesøy,3,3014,3070,3070,8N73232,12,Southern 2,-0.00038511382793364983,3768,0.5018705090885726,50
0,Nesøy,3,3014,1214,1214,8N05006,4,Gjerøy,-0.00038664139102406633,3769,0.5018705090885726,50
0,Nesøy,3,3014,666,666,8L89753,5,Hestmannøy,-0.00038681484902693857,3770,0.5018705090885726,50
0,Nesøy,3,3014,3986,3986,8P14457,6,Indre Kvarøy,-0.00038768405509958983,3771,0.5018705090885726,50
0,Nesøy,3,3014,1760,1760,8N06820,11,Southern 1,-0.0003878069680164824,3772,0.5018705090885726,50
0,Nesøy,3,3014,977,977,8M71384,14,Southern 4,-0.0003886751271557809,3773,0.5018705090885726,50
0,Nesøy,3,3014,4443,4443,8730421,4,Gjerøy,-0.00038877108471532974,3774,0.5018705090885726,50
0,Nesøy,3,3014,5139,5139,8934072,5,Hestmannøy,-0.00039011212738215736,3775,0.5018705090885726,50
0,Nesøy,3,3014,4851,4851,8800371,4,Gjerøy,-0.00039033155473661797,3776,0.5018705090885726,50
0,Nesøy,3,3014,5250,5250,8939070,7,Onøy og Lurøy,-0.00039074186633218113,3777,0.5018705090885726,50
0,Nesøy,3,3014,2016,2016,8N13863,15,Southern 5,-0.0003926833926346193,3778,0.5018705090885726,50
0,Nesøy,3,3014,3865,3865,8P11547,14,Southern 4,-0.00039335986003095696,3779,0.5018705090885726,50
0,Nesøy,3,3014,662,662,8L89742,5,Hestmannøy,-0.0003940158791670043,3780,0.5018705090885726,50
0,Nesøy,3,3014,5114,5114,8917941,8,Lovund,-0.0003954702978722513,3781,0.5018705090885726,50
0,Nesøy,3,3014,4806,4806,8800075,5,Hestmannøy,-0.0003957643306938967,3782,0.5018705090885726,50
0,Nesøy,3,3014,1367,1367,8N05245,13,Southern 3,-0.00039763597806492064,3783,0.5018705090885726,50
0,Nesøy,3,3014,3757,3757,8N87934,13,Southern 3,-0.00039793075310672223,3784,0.5018705090885726,50
0,Nesøy,3,3014,488,488,8M71167,13,Southern 3,-0.00039803434567024093,3785,0.5018705090885726,50
0,Nesøy,3,3014,216,216,8L48467,10,Aldra,-0.0003991633940908247,3786,0.5018705090885726,50
0,Nesøy,3,3014,3691,3691,8N87866,13,Southern 3,-0.00040020151969913267,3787,0.5018705090885726,50
0,Nesøy,3,3014,4789,4789,8800025,5,Hestmannøy,-0.0004005398841304478,3788,0.5018705090885726,50
0,Nesøy,3,3014,616,616,8L89537,5,Hestmannøy,-0.0004041351953793338,3789,0.5018705090885726,50
0,Nesøy,3,3014,3789,3789,8N87966,13,Southern 3,-0.00040467529156253053,3790,0.5018705090885726,50
0,Nesøy,3,3014,2981,2981,8N72942,13,Southern 3,-0.0004052785755122161,3791,0.5018705090885726,50
0,Nesøy,3,3014,4369,4369,8681076,5,Hestmannøy,-0.00040601008259418453,3792,0.5018705090885726,50
0,Nesøy,3,3014,714,714,8M31266,4,Gjerøy,-0.0004061291076973547,3793,0.5018705090885726,50
0,Nesøy,3,3014,2722,2722,8N42451,14,Southern 4,-0.0004063824907904756,3794,0.5018705090885726,50
0,Nesøy,3,3014,391,391,8L52920,6,Indre Kvarøy,-0.0004074384755707186,3795,0.5018705090885726,50
0,Nesøy,3,3014,4951,4951,8857205,5,Hestmannøy,-0.00041000564176808254,3796,0.5018705090885726,50
0,Nesøy,3,3014,1438,1438,8N05438,6,Indre Kvarøy,-0.0004111055136542106,3797,0.5018705090885726,50
0,Nesøy,3,3014,104,104,8L30416,8,Lovund,-0.00041110692913682087,3798,0.5018705090885726,50
0,Nesøy,3,3014,1053,1053,8M72019,2,Træna,-0.00041132182734110093,3799,0.5018705090885726,50
0,Nesøy,3,3014,557,557,8L89298,10,Aldra,-0.0004120528868465053,3800,0.5018705090885726,50
0,Nesøy,3,3014,53,53,8L19958,10,Aldra,-0.000412539695909149,3801,0.5018705090885726,50
0,Nesøy,3,3014,2252,2252,8N14633,13,Southern 3,-0.00041261558664536403,3802,0.5018705090885726,50
0,Nesøy,3,3014,3332,3332,8N73824,6,Indre Kvarøy,-0.0004129129061640469,3803,0.5018705090885726,50
0,Nesøy,3,3014,5342,5342,8939737,7,Onøy og Lurøy,-0.00041317143572650934,3804,0.5018705090885726,50
0,Nesøy,3,3014,4587,4587,8732696,4,Gjerøy,-0.00041428486639130625,3805,0.5018705090885726,50
0,Nesøy,3,3014,4707,4707,8747722,5,Hestmannøy,-0.00041446936516617295,3806,0.5018705090885726,50
0,Nesøy,3,3014,3730,3730,8N87906,13,Southern 3,-0.0004158088147007204,3807,0.5018705090885726,50
0,Nesøy,3,3014,1377,1377,8N05255,13,Southern 3,-0.0004159215349553651,3808,0.5018705090885726,50
0,Nesøy,3,3014,4616,4616,8747218,5,Hestmannøy,-0.0004164180336036312,3809,0.5018705090885726,50
0,Nesøy,3,3014,5012,5012,8887035,2,Træna,-0.0004168797771978473,3810,0.5018705090885726,50
0,Nesøy,3,3014,4140,4140,8P26540,2,Træna,-0.00041751739397658265,3811,0.5018705090885726,50
0,Nesøy,3,3014,1277,1277,8N05154,12,Southern 2,-0.0004178578678490188,3812,0.5018705090885726,50
0,Nesøy,3,3014,1894,1894,8N13526,2,Træna,-0.0004183755788905147,3813,0.5018705090885726,50
0,Nesøy,3,3014,3675,3675,8N87850,14,Southern 4,-0.00041842472204528476,3814,0.5018705090885726,50
0,Nesøy,3,3014,3816,3816,8P11037,2,Træna,-0.0004206429568875837,3815,0.5018705090885726,50
0,Nesøy,3,3014,3346,3346,8N73912,11,Southern 1,-0.0004209362092703902,3816,0.5018705090885726,50
0,Nesøy,3,3014,3102,3102,8N73312,15,Southern 5,-0.00042132902887829794,3817,0.5018705090885726,50
0,Nesøy,3,3014,1532,1532,8N05674,15,Southern 5,-0.0004214546798937621,3818,0.5018705090885726,50
0,Nesøy,3,3014,2617,2617,8N28696,5,Hestmannøy,-0.0004226874307378251,3819,0.5018705090885726,50
0,Nesøy,3,3014,3470,3470,8N87248,8,Lovund,-0.0004231998271032598,3820,0.5018705090885726,50
0,Nesøy,3,3014,225,225,8L48565,2,Træna,-0.00042394542713666036,3821,0.5018705090885726,50
0,Nesøy,3,3014,895,895,8L64681,12,Southern 2,-0.0004240532331736289,3822,0.5018705090885726,50
0,Nesøy,3,3014,2,2,8L19540,3,Selvær,-0.0004241568273034395,3823,0.5018705090885726,50
0,Nesøy,3,3014,2157,2157,8N14536,11,Southern 1,-0.00042420758146263283,3824,0.5018705090885726,50
0,Nesøy,3,3014,4512,4512,8732225,7,Onøy og Lurøy,-0.0004242660599388401,3825,0.5018705090885726,50
0,Nesøy,3,3014,5264,5264,8939139,10,Aldra,-0.00042452828836719246,3826,0.5018705090885726,50
0,Nesøy,3,3014,3651,3651,8N87824,14,Southern 4,-0.000424717533354982,3827,0.5018705090885726,50
0,Nesøy,3,3014,4461,4461,8730465,2,Træna,-0.00042513684600974577,3828,0.5018705090885726,50
0,Nesøy,3,3014,5313,5313,8939475,3,Selvær,-0.0004263114236384162,3829,0.5018705090885726,50
0,Nesøy,3,3014,646,646,8L89692,5,Hestmannøy,-0.00042743985971221586,3830,0.5018705090885726,50
0,Nesøy,3,3014,4815,4815,8800127,9,Sleneset,-0.00042789185656640126,3831,0.5018705090885726,50
0,Nesøy,3,3014,3420,3420,8N73986,12,Southern 2,-0.0004280669076717791,3832,0.5018705090885726,50
0,Nesøy,3,3014,2602,2602,8N28644,8,Lovund,-0.00043069537364654435,3833,0.5018705090885726,50
0,Nesøy,3,3014,1962,1962,8N13664,13,Southern 3,-0.0004311685767358908,3834,0.5018705090885726,50
0,Nesøy,3,3014,4837,4837,8800321,10,Aldra,-0.0004320537654742142,3835,0.5018705090885726,50
0,Nesøy,3,3014,1519,1519,8N05661,13,Southern 3,-0.0004322270975934153,3836,0.5018705090885726,50
0,Nesøy,3,3014,4500,4500,8730970,2,Træna,-0.0004333139541108932,3837,0.5018705090885726,50
0,Nesøy,3,3014,1641,1641,8N06178,9,Sleneset,-0.000433469951702138,3838,0.5018705090885726,50
0,Nesøy,3,3014,1472,1472,8N05607,14,Southern 4,-0.00043403153741266854,3839,0.5018705090885726,50
0,Nesøy,3,3014,162,162,8L30807,2,Træna,-0.00043436477836994767,3840,0.5018705090885726,50
0,Nesøy,3,3014,5383,5383,8943080,4,Gjerøy,-0.00043497370986339003,3841,0.5018705090885726,50
0,Nesøy,3,3014,2161,2161,8N14540,11,Southern 1,-0.000435882258017295,3842,0.5018705090885726,50
0,Nesøy,3,3014,5524,5524,8981609,5,Hestmannøy,-0.00043611566997589393,3843,0.5018705090885726,50
0,Nesøy,3,3014,5089,5089,8887490,10,Aldra,-0.0004368324749148592,3844,0.5018705090885726,50
0,Nesøy,3,3014,1815,1815,8N06876,11,Southern 1,-0.00043694310715522433,3845,0.5018705090885726,50
0,Nesøy,3,3014,3415,3415,8N73981,12,Southern 2,-0.00043895260480189546,3846,0.5018705090885726,50
0,Nesøy,3,3014,5318,5318,8939538,5,Hestmannøy,-0.0004399929388203044,3847,0.5018705090885726,50
0,Nesøy,3,3014,2205,2205,8N14586,11,Southern 1,-0.00044014892803478597,3848,0.5018705090885726,50
0,Nesøy,3,3014,3457,3457,8N87136,9,Sleneset,-0.0004405461656714835,3849,0.5018705090885726,50
0,Nesøy,3,3014,5369,5369,8939932,11,Southern 1,-0.0004412745251737607,3850,0.5018705090885726,50
0,Nesøy,3,3014,2976,2976,8N72937,13,Southern 3,-0.0004420331879152423,3851,0.5018705090885726,50
0,Nesøy,3,3014,3034,3034,8N73190,15,Southern 5,-0.00044229172353394726,3852,0.5018705090885726,50
0,Nesøy,3,3014,2243,2243,8N14624,13,Southern 3,-0.00044229526318888143,3853,0.5018705090885726,50
0,Nesøy,3,3014,3923,3923,8P11884,14,Southern 4,-0.000442542138499355,3854,0.5018705090885726,50
0,Nesøy,3,3014,1905,1905,8N13607,14,Southern 4,-0.00044310259098987863,3855,0.5018705090885726,50
0,Nesøy,3,3014,5062,5062,8887368,5,Hestmannøy,-0.0004438950500730421,3856,0.5018705090885726,50
0,Nesøy,3,3014,4266,4266,8573966,5,Hestmannøy,-0.000444613455788102,3857,0.5018705090885726,50
0,Nesøy,3,3014,3995,3995,8P14664,2,Træna,-0.0004447468155937806,3858,0.5018705090885726,50
0,Nesøy,3,3014,5272,5272,8939181,5,Hestmannøy,-0.00044538341722297995,3859,0.5018705090885726,50
0,Nesøy,3,3014,281,281,8L52206,8,Lovund,-0.0004459494890773308,3860,0.5018705090885726,50
0,Nesøy,3,3014,1654,1654,8N06360,5,Hestmannøy,-0.0004460266220586592,3861,0.5018705090885726,50
0,Nesøy,3,3014,339,339,8L52384,11,Southern 1,-0.0004467617667997584,3862,0.5018705090885726,50
0,Nesøy,3,3014,3012,3012,8N73050,4,Gjerøy,-0.0004473626918077947,3863,0.5018705090885726,50
0,Nesøy,3,3014,3451,3451,8N87072,5,Hestmannøy,-0.00044756680148199773,3864,0.5018705090885726,50
0,Nesøy,3,3014,2137,2137,8N14516,11,Southern 1,-0.0004491712355144707,3865,0.5018705090885726,50
0,Nesøy,3,3014,1130,1130,8M72610,6,Indre Kvarøy,-0.00044932719972162386,3866,0.5018705090885726,50
0,Nesøy,3,3014,3535,3535,8N87548,11,Southern 1,-0.00045126188477496873,3867,0.5018705090885726,50
0,Nesøy,3,3014,3975,3975,8P14337,14,Southern 4,-0.0004518001349508315,3868,0.5018705090885726,50
0,Nesøy,3,3014,3864,3864,8P11546,14,Southern 4,-0.000452089714348539,3869,0.5018705090885726,50
0,Nesøy,3,3014,1676,1676,8N06473,12,Southern 2,-0.0004521243775374638,3870,0.5018705090885726,50
0,Nesøy,3,3014,4148,4148,8P26682,7,Onøy og Lurøy,-0.00045274609884583665,3871,0.5018705090885726,50
0,Nesøy,3,3014,3871,3871,8P11553,14,Southern 4,-0.00045375285288291824,3872,0.5018705090885726,50
0,Nesøy,3,3014,944,944,8M71307,6,Indre Kvarøy,-0.00045423067534196726,3873,0.5018705090885726,50
0,Nesøy,3,3014,3999,3999,8P14696,2,Træna,-0.00045480136840321013,3874,0.5018705090885726,50
0,Nesøy,3,3014,3196,3196,8N73507,4,Gjerøy,-0.00045614820963787257,3875,0.5018705090885726,50
0,Nesøy,3,3014,3501,3501,8N87514,11,Southern 1,-0.00045647609098313946,3876,0.5018705090885726,50
0,Nesøy,3,3014,3768,3768,8N87945,13,Southern 3,-0.00045686152187287437,3877,0.5018705090885726,50
0,Nesøy,3,3014,911,911,8M71212,5,Hestmannøy,-0.0004568759171572179,3878,0.5018705090885726,50
0,Nesøy,3,3014,863,863,8M31954,4,Gjerøy,-0.0004573032328474417,3879,0.5018705090885726,50
0,Nesøy,3,3014,524,524,8L64916,4,Gjerøy,-0.00045853378353954364,3880,0.5018705090885726,50
0,Nesøy,3,3014,2363,2363,8N27010,14,Southern 4,-0.00045861560833860936,3881,0.5018705090885726,50
0,Nesøy,3,3014,3505,3505,8N87518,11,Southern 1,-0.000459027620565426,3882,0.5018705090885726,50
0,Nesøy,3,3014,43,43,8L19930,10,Aldra,-0.00045929517772151163,3883,0.5018705090885726,50
0,Nesøy,3,3014,2000,2000,8N13717,8,Lovund,-0.00046000592014617544,3884,0.5018705090885726,50
0,Nesøy,3,3014,676,676,8L89845,5,Hestmannøy,-0.0004601255234774364,3885,0.5018705090885726,50
0,Nesøy,3,3014,433,433,8L57974,13,Southern 3,-0.0004602905103017807,3886,0.5018705090885726,50
0,Nesøy,3,3014,1134,1134,8M72621,4,Gjerøy,-0.0004602926929468529,3887,0.5018705090885726,50
0,Nesøy,3,3014,533,533,8L89030,8,Lovund,-0.0004613760008087404,3888,0.5018705090885726,50
0,Nesøy,3,3014,3686,3686,8N87861,14,Southern 4,-0.0004615824535625165,3889,0.5018705090885726,50
0,Nesøy,3,3014,1059,1059,8M72112,5,Hestmannøy,-0.00046275171878992847,3890,0.5018705090885726,50
0,Nesøy,3,3014,1870,1870,8N13286,9,Sleneset,-0.00046313283318398957,3891,0.5018705090885726,50
0,Nesøy,3,3014,3772,3772,8N87949,13,Southern 3,-0.0004641938235878848,3892,0.5018705090885726,50
0,Nesøy,3,3014,2945,2945,8N72905,13,Southern 3,-0.0004655420884328844,3893,0.5018705090885726,50
0,Nesøy,3,3014,2076,2076,8N14105,4,Gjerøy,-0.00046573423206641506,3894,0.5018705090885726,50
0,Nesøy,3,3014,4010,4010,8P14652,2,Træna,-0.0004661320340292988,3895,0.5018705090885726,50
0,Nesøy,3,3014,1359,1359,8N05236,12,Southern 2,-0.00046622200874336565,3896,0.5018705090885726,50
0,Nesøy,3,3014,3982,3982,8N14343,15,Southern 5,-0.000466944669366747,3897,0.5018705090885726,50
0,Nesøy,3,3014,4247,4247,8537774,7,Onøy og Lurøy,-0.000468260641155507,3898,0.5018705090885726,50
0,Nesøy,3,3014,2418,2418,8N27195,14,Southern 4,-0.0004712557349681619,3899,0.5018705090885726,50
0,Nesøy,3,3014,2835,2835,8N72206,2,Træna,-0.000473114040672393,3900,0.5018705090885726,50
0,Nesøy,3,3014,1381,1381,8N05259,13,Southern 3,-0.00047401422021692063,3901,0.5018705090885726,50
0,Nesøy,3,3014,950,950,8M71322,5,Hestmannøy,-0.0004765136766186645,3902,0.5018705090885726,50
0,Nesøy,3,3014,1159,1159,8M72722,5,Hestmannøy,-0.00047704773930784663,3903,0.5018705090885726,50
0,Nesøy,3,3014,3195,3195,8N73506,5,Hestmannøy,-0.0004773818250731771,3904,0.5018705090885726,50
0,Nesøy,3,3014,3054,3054,8N73216,12,Southern 2,-0.0004780952986495593,3905,0.5018705090885726,50
0,Nesøy,3,3014,3549,3549,8N87562,11,Southern 1,-0.0004792548297581001,3906,0.5018705090885726,50
0,Nesøy,3,3014,1856,1856,8N13090,14,Southern 4,-0.00047984352961111905,3907,0.5018705090885726,50
0,Nesøy,3,3014,1419,1419,8N05298,13,Southern 3,-0.0004798526363718433,3908,0.5018705090885726,50
0,Nesøy,3,3014,4214,4214,8309171,5,Hestmannøy,-0.0004800987159185416,3909,0.5018705090885726,50
0,Nesøy,3,3014,1033,1033,8M71810,7,Onøy og Lurøy,-0.00048020762396562387,3910,0.5018705090885726,50
0,Nesøy,3,3014,1494,1494,8N05630,14,Southern 4,-0.00048163734527114683,3911,0.5018705090885726,50
0,Nesøy,3,3014,2369,2369,8N27061,14,Southern 4,-0.00048218531687869824,3912,0.5018705090885726,50
0,Nesøy,3,3014,3710,3710,8N87886,13,Southern 3,-0.0004825410279023404,3913,0.5018705090885726,50
0,Nesøy,3,3014,3658,3658,8N87831,14,Southern 4,-0.00048299675665244493,3914,0.5018705090885726,50
0,Nesøy,3,3014,4519,4519,8732247,4,Gjerøy,-0.0004833143276922881,3915,0.5018705090885726,50
0,Nesøy,3,3014,2879,2879,8N72574,4,Gjerøy,-0.00048349086229413767,3916,0.5018705090885726,50
0,Nesøy,3,3014,4637,4637,8747290,9,Sleneset,-0.00048419972169875674,3917,0.5018705090885726,50
0,Nesøy,3,3014,61,61,8L19987,4,Gjerøy,-0.00048481885642926434,3918,0.5018705090885726,50
0,Nesøy,3,3014,3282,3282,8N73663,13,Southern 3,-0.00048491676160987874,3919,0.5018705090885726,50
0,Nesøy,3,3014,4933,4933,8816940,4,Gjerøy,-0.0004852312295744399,3920,0.5018705090885726,50
0,Nesøy,3,3014,3742,3742,8N87919,13,Southern 3,-0.0004857439104516953,3921,0.5018705090885726,50
0,Nesøy,3,3014,2509,2509,8N27902,1,Myken,-0.00048631860322188527,3922,0.5018705090885726,50
0,Nesøy,3,3014,5553,5553,8981826,7,Onøy og Lurøy,-0.00048695077668536006,3923,0.5018705090885726,50
0,Nesøy,3,3014,1737,1737,8N06691,14,Southern 4,-0.000487080654492624,3924,0.5018705090885726,50
0,Nesøy,3,3014,282,282,8L52207,9,Sleneset,-0.00048761384537790247,3925,0.5018705090885726,50
0,Nesøy,3,3014,1470,1470,8N05605,14,Southern 4,-0.00048771068308900683,3926,0.5018705090885726,50
0,Nesøy,3,3014,4229,4229,8309263,5,Hestmannøy,-0.00048820589152135134,3927,0.5018705090885726,50
0,Nesøy,3,3014,1933,1933,8N13632,14,Southern 4,-0.0004886387037099951,3928,0.5018705090885726,50
0,Nesøy,3,3014,1762,1762,8N06823,11,Southern 1,-0.0004895879880395071,3929,0.5018705090885726,50
0,Nesøy,3,3014,3787,3787,8N87964,13,Southern 3,-0.0004905483285880523,3930,0.5018705090885726,50
0,Nesøy,3,3014,2531,2531,8N27983,6,Indre Kvarøy,-0.000490761030768469,3931,0.5018705090885726,50
0,Nesøy,3,3014,601,601,8L89487,11,Southern 1,-0.0004908900828355889,3932,0.5018705090885726,50
0,Nesøy,3,3014,1980,1980,8N13682,13,Southern 3,-0.0004913821152032444,3933,0.5018705090885726,50
0,Nesøy,3,3014,5502,5502,8981325,6,Indre Kvarøy,-0.0004917562264089198,3934,0.5018705090885726,50
0,Nesøy,3,3014,1965,1965,8N13667,13,Southern 3,-0.0004922302864613293,3935,0.5018705090885726,50
0,Nesøy,3,3014,2802,2802,8N42801,2,Træna,-0.0004928280664641239,3936,0.5018705090885726,50
0,Nesøy,3,3014,2990,2990,8N72952,13,Southern 3,-0.0004940847275236529,3937,0.5018705090885726,50
0,Nesøy,3,3014,5330,5330,8939608,5,Hestmannøy,-0.0004964875803040305,3938,0.5018705090885726,50
0,Nesøy,3,3014,4836,4836,8800314,5,Hestmannøy,-0.0004978810478458758,3939,0.5018705090885726,50
0,Nesøy,3,3014,1389,1389,8N05267,13,Southern 3,-0.0004979182890546288,3940,0.5018705090885726,50
0,Nesøy,3,3014,1028,1028,8M71700,3,Selvær,-0.0004980062153837938,3941,0.5018705090885726,50
0,Nesøy,3,3014,3046,3046,8N73208,12,Southern 2,-0.0004992874448222331,3942,0.5018705090885726,50
0,Nesøy,3,3014,5004,5004,8866786,5,Hestmannøy,-0.0004993751001929798,3943,0.5018705090885726,50
0,Nesøy,3,3014,1689,1689,8N06486,14,Southern 4,-0.0005000692223772117,3944,0.5018705090885726,50
0,Nesøy,3,3014,1301,1301,8N05177,13,Southern 3,-0.0005010127155057952,3945,0.5018705090885726,50
0,Nesøy,3,3014,315,315,8L52342,12,Southern 2,-0.0005012039171561443,3946,0.5018705090885726,50
0,Nesøy,3,3014,246,246,8L48742,11,Southern 1,-0.0005028079054576972,3947,0.5018705090885726,50
0,Nesøy,3,3014,5568,5568,8981929,3,Selvær,-0.0005037158912106041,3948,0.5018705090885726,50
0,Nesøy,3,3014,2639,2639,8N28787,15,Southern 5,-0.0005048312309780934,3949,0.5018705090885726,50
0,Nesøy,3,3014,3335,3335,8N73885,5,Hestmannøy,-0.0005048975991462644,3950,0.5018705090885726,50
0,Nesøy,3,3014,4594,4594,8747038,8,Lovund,-0.0005060895601839688,3951,0.5018705090885726,50
0,Nesøy,3,3014,4206,4206,8309141,5,Hestmannøy,-0.0005082305035669902,3952,0.5018705090885726,50
0,Nesøy,3,3014,189,189,8L48315,5,Hestmannøy,-0.0005102050647636042,3953,0.5018705090885726,50
0,Nesøy,3,3014,58,58,8L19977,5,Hestmannøy,-0.00051102685170914,3954,0.5018705090885726,50
0,Nesøy,3,3014,1495,1495,8N05636,14,Southern 4,-0.0005121571045425411,3955,0.5018705090885726,50
0,Nesøy,3,3014,4624,4624,8747258,6,Indre Kvarøy,-0.0005124891680729051,3956,0.5018705090885726,50
0,Nesøy,3,3014,3704,3704,8N87880,13,Southern 3,-0.0005135875983869462,3957,0.5018705090885726,50
0,Nesøy,3,3014,3331,3331,8N73823,6,Indre Kvarøy,-0.0005137115529798747,3958,0.5018705090885726,50
0,Nesøy,3,3014,3389,3389,8N73955,12,Southern 2,-0.0005145327177528266,3959,0.5018705090885726,50
0,Nesøy,3,3014,483,483,8L64399,2,Træna,-0.0005157097865256449,3960,0.5018705090885726,50
0,Nesøy,3,3014,1227,1227,8N05103,12,Southern 2,-0.0005168465416568552,3961,0.5018705090885726,50
0,Nesøy,3,3014,493,493,8M71158,13,Southern 3,-0.0005171325358847955,3962,0.5018705090885726,50
0,Nesøy,3,3014,2737,2737,8N42513,5,Hestmannøy,-0.0005173521517065125,3963,0.5018705090885726,50
0,Nesøy,3,3014,2175,2175,8N14555,11,Southern 1,-0.0005175734770999099,3964,0.5018705090885726,50
0,Nesøy,3,3014,3643,3643,8N87816,14,Southern 4,-0.0005184351055233342,3965,0.5018705090885726,50
0,Nesøy,3,3014,2059,2059,8N14011,7,Onøy og Lurøy,-0.0005184659083219463,3966,0.5018705090885726,50
0,Nesøy,3,3014,4869,4869,8800468,5,Hestmannøy,-0.0005184733938188494,3967,0.5018705090885726,50
0,Nesøy,3,3014,5500,5500,8981310,3,Selvær,-0.00051927188510288,3968,0.5018705090885726,50
0,Nesøy,3,3014,135,135,8L30748,11,Southern 1,-0.0005198488069506209,3969,0.5018705090885726,50
0,Nesøy,3,3014,2836,2836,8N72208,3,Selvær,-0.0005213996387337536,3970,0.5018705090885726,50
0,Nesøy,3,3014,1265,1265,8N05141,12,Southern 2,-0.0005216789025056605,3971,0.5018705090885726,50
0,Nesøy,3,3014,3219,3219,8N73589,5,Hestmannøy,-0.0005219430270938404,3972,0.5018705090885726,50
0,Nesøy,3,3014,3866,3866,8P11548,14,Southern 4,-0.0005220591557004196,3973,0.5018705090885726,50
0,Nesøy,3,3014,4390,4390,8681240,3,Selvær,-0.0005224881808239886,3974,0.5018705090885726,50
0,Nesøy,3,3014,2255,2255,8N14637,13,Southern 3,-0.0005233659930650826,3975,0.5018705090885726,50
0,Nesøy,3,3014,131,131,8L30698,12,Southern 2,-0.0005240680628390189,3976,0.5018705090885726,50
0,Nesøy,3,3014,4778,4778,8794346,9,Sleneset,-0.0005245415861325403,3977,0.5018705090885726,50
0,Nesøy,3,3014,2748,2748,8N42531,4,Gjerøy,-0.0005258715370075542,3978,0.5018705090885726,50
0,Nesøy,3,3014,1288,1288,8N05164,12,Southern 2,-0.0005259011199666104,3979,0.5018705090885726,50
0,Nesøy,3,3014,4267,4267,8573989,3,Selvær,-0.0005261471919949703,3980,0.5018705090885726,50
0,Nesøy,3,3014,5169,5169,8934304,5,Hestmannøy,-0.0005262746498759105,3981,0.5018705090885726,50
0,Nesøy,3,3014,3218,3218,8N73586,5,Hestmannøy,-0.0005287585318059973,3982,0.5018705090885726,50
0,Nesøy,3,3014,1658,1658,8N06395,4,Gjerøy,-0.0005290702482425684,3983,0.5018705090885726,50
0,Nesøy,3,3014,1728,1728,8N06682,14,Southern 4,-0.0005294910327215887,3984,0.5018705090885726,50
0,Nesøy,3,3014,2477,2477,8N27581,5,Hestmannøy,-0.0005297246796689559,3985,0.5018705090885726,50
0,Nesøy,3,3014,20,20,8L19722,6,Indre Kvarøy,-0.0005297813630851631,3986,0.5018705090885726,50
0,Nesøy,3,3014,1093,1093,8M72446,13,Southern 3,-0.000529815596189285,3987,0.5018705090885726,50
0,Nesøy,3,3014,4960,4960,8857233,6,Indre Kvarøy,-0.0005302097308641124,3988,0.5018705090885726,50
0,Nesøy,3,3014,586,586,8L89395,4,Gjerøy,-0.0005302886261671523,3989,0.5018705090885726,50
0,Nesøy,3,3014,2334,2334,8N14935,5,Hestmannøy,-0.0005324992178135684,3990,0.5018705090885726,50
0,Nesøy,3,3014,668,668,8L89755,5,Hestmannøy,-0.0005326201505504488,3991,0.5018705090885726,50
0,Nesøy,3,3014,627,627,8L89626,4,Gjerøy,-0.0005332881645953449,3992,0.5018705090885726,50
0,Nesøy,3,3014,364,364,8L52533,5,Hestmannøy,-0.000533398780664407,3993,0.5018705090885726,50
0,Nesøy,3,3014,3435,3435,8N87047,5,Hestmannøy,-0.00053354338563198,3994,0.5018705090885726,50
0,Nesøy,3,3014,3956,3956,8P14171,5,Hestmannøy,-0.0005339138905370264,3995,0.5018705090885726,50
0,Nesøy,3,3014,4240,4240,8309298,4,Gjerøy,-0.0005349793057648635,3996,0.5018705090885726,50
0,Nesøy,3,3014,2824,2824,8N72036,2,Træna,-0.0005349804211510035,3997,0.5018705090885726,50
0,Nesøy,3,3014,960,960,8L64433,13,Southern 3,-0.0005355854127654421,3998,0.5018705090885726,50
0,Nesøy,3,3014,304,304,8L52320,12,Southern 2,-0.0005356936183350239,3999,0.5018705090885726,50
0,Nesøy,3,3014,3186,3186,8N73497,12,Southern 2,-0.0005357312813146492,4000,0.5018705090885726,50
0,Nesøy,3,3014,3325,3325,8N73795,15,Southern 5,-0.0005382109772917275,4001,0.5018705090885726,50
0,Nesøy,3,3014,706,706,8M31219,11,Southern 1,-0.0005390562012784101,4002,0.5018705090885726,50
0,Nesøy,3,3014,2482,2482,8N27691,5,Hestmannøy,-0.0005391877221300198,4003,0.5018705090885726,50
0,Nesøy,3,3014,1670,1670,8N06468,12,Southern 2,-0.0005396694602053378,4004,0.5018705090885726,50
0,Nesøy,3,3014,1287,1287,8N05163,12,Southern 2,-0.000539929027533152,4005,0.5018705090885726,50
0,Nesøy,3,3014,1797,1797,8N06858,11,Southern 1,-0.0005413400847890417,4006,0.5018705090885726,50
0,Nesøy,3,3014,947,947,8M71314,5,Hestmannøy,-0.0005417807167767251,4007,0.5018705090885726,50
0,Nesøy,3,3014,2889,2889,8N72655,5,Hestmannøy,-0.0005428055420946419,4008,0.5018705090885726,50
0,Nesøy,3,3014,1573,1573,8N05748,4,Gjerøy,-0.0005430989733568938,4009,0.5018705090885726,50
0,Nesøy,3,3014,995,995,8M71479,13,Southern 3,-0.0005437657047181625,4010,0.5018705090885726,50
0,Nesøy,3,3014,5526,5526,8981707,5,Hestmannøy,-0.0005441047696648423,4011,0.5018705090885726,50
0,Nesøy,3,3014,2145,2145,8N14524,11,Southern 1,-0.000548625577146275,4012,0.5018705090885726,50
0,Nesøy,3,3014,3703,3703,8N87879,13,Southern 3,-0.0005494714286410607,4013,0.5018705090885726,50
0,Nesøy,3,3014,933,933,8M71294,6,Indre Kvarøy,-0.0005518940745537617,4014,0.5018705090885726,50
0,Nesøy,3,3014,5468,5468,8981196,12,Southern 2,-0.0005532294789460133,4015,0.5018705090885726,50
0,Nesøy,3,3014,3175,3175,8N73486,11,Southern 1,-0.0005533694295122165,4016,0.5018705090885726,50
0,Nesøy,3,3014,1659,1659,8N06398,10,Aldra,-0.0005535860693644483,4017,0.5018705090885726,50
0,Nesøy,3,3014,382,382,8L52623,1,Myken,-0.0005536096780125691,4018,0.5018705090885726,50
0,Nesøy,3,3014,684,684,8L89994,3,Selvær,-0.0005536950841187361,4019,0.5018705090885726,50
0,Nesøy,3,3014,565,565,8L89337,5,Hestmannøy,-0.0005539950341332217,4020,0.5018705090885726,50
0,Nesøy,3,3014,4808,4808,8800090,6,Indre Kvarøy,-0.0005545391421780499,4021,0.5018705090885726,50
0,Nesøy,3,3014,2083,2083,8N14119,4,Gjerøy,-0.0005546147467596838,4022,0.5018705090885726,50
0,Nesøy,3,3014,2266,2266,8N14649,13,Southern 3,-0.0005548829053635427,4023,0.5018705090885726,50
0,Nesøy,3,3014,1116,1116,8M72576,11,Southern 1,-0.0005561149719527003,4024,0.5018705090885726,50
0,Nesøy,3,3014,3797,3797,8N87974,13,Southern 3,-0.0005566869036720234,4025,0.5018705090885726,50
0,Nesøy,3,3014,3016,3016,8N73082,6,Indre Kvarøy,-0.0005575840385625122,4026,0.5018705090885726,50
0,Nesøy,3,3014,708,708,8M31221,11,Southern 1,-0.0005576316208241538,4027,0.5018705090885726,50
0,Nesøy,3,3014,4075,4075,8P14947,14,Southern 4,-0.0005577292032668929,4028,0.5018705090885726,50
0,Nesøy,3,3014,5481,5481,8981265,5,Hestmannøy,-0.000560838772779643,4029,0.5018705090885726,50
0,Nesøy,3,3014,1074,1074,8M72297,9,Sleneset,-0.0005613511765078773,4030,0.5018705090885726,50
0,Nesøy,3,3014,2089,2089,8N14162,5,Hestmannøy,-0.0005618154566072894,4031,0.5018705090885726,50
0,Nesøy,3,3014,2598,2598,8N28554,2,Træna,-0.0005618584589560527,4032,0.5018705090885726,50
0,Nesøy,3,3014,3753,3753,8N87930,13,Southern 3,-0.0005637895159252784,4033,0.5018705090885726,50
0,Nesøy,3,3014,421,421,8L57880,5,Hestmannøy,-0.0005652259137703502,4034,0.5018705090885726,50
0,Nesøy,3,3014,1705,1705,8N06510,4,Gjerøy,-0.0005668432880620236,4035,0.5018705090885726,50
0,Nesøy,3,3014,3860,3860,8P11542,15,Southern 5,-0.0005692982235654439,4036,0.5018705090885726,50
0,Nesøy,3,3014,4690,4690,8730959,3,Selvær,-0.0005699896118426613,4037,0.5018705090885726,50
0,Nesøy,3,3014,3568,3568,8N87582,11,Southern 1,-0.0005707609709034245,4038,0.5018705090885726,50
0,Nesøy,3,3014,3201,3201,8N73513,7,Onøy og Lurøy,-0.0005717085561091377,4039,0.5018705090885726,50
0,Nesøy,3,3014,2590,2590,8N28499,2,Træna,-0.0005722867440197911,4040,0.5018705090885726,50
0,Nesøy,3,3014,1390,1390,8N05268,13,Southern 3,-0.0005728384325376359,4041,0.5018705090885726,50
0,Nesøy,3,3014,1647,1647,8N06294,9,Sleneset,-0.0005733728851382998,4042,0.5018705090885726,50
0,Nesøy,3,3014,3606,3606,8N87627,15,Southern 5,-0.0005739593691545691,4043,0.5018705090885726,50
0,Nesøy,3,3014,5530,5530,8981720,4,Gjerøy,-0.0005766713214417306,4044,0.5018705090885726,50
0,Nesøy,3,3014,3252,3252,8N73633,13,Southern 3,-0.0005767278819037197,4045,0.5018705090885726,50
0,Nesøy,3,3014,2846,2846,8N72347,5,Hestmannøy,-0.0005770754546913015,4046,0.5018705090885726,50
0,Nesøy,3,3014,582,582,8L89388,5,Hestmannøy,-0.0005782545611998428,4047,0.5018705090885726,50
0,Nesøy,3,3014,2070,2070,8N14050,6,Indre Kvarøy,-0.0005788039038782136,4048,0.5018705090885726,50
0,Nesøy,3,3014,1200,1200,8M72951,4,Gjerøy,-0.0005788351769920692,4049,0.5018705090885726,50
0,Nesøy,3,3014,2394,2394,8N27089,14,Southern 4,-0.0005794453216345691,4050,0.5018705090885726,50
0,Nesøy,3,3014,4944,4944,8816959,4,Gjerøy,-0.0005799312400273813,4051,0.5018705090885726,50
0,Nesøy,3,3014,2134,2134,8N14445,4,Gjerøy,-0.0005806690548340926,4052,0.5018705090885726,50
0,Nesøy,3,3014,2074,2074,8N14064,6,Indre Kvarøy,-0.0005837844973382517,4053,0.5018705090885726,50
0,Nesøy,3,3014,5026,5026,8887233,5,Hestmannøy,-0.0005846706036322174,4054,0.5018705090885726,50
0,Nesøy,3,3014,74,74,8L26587,5,Hestmannøy,-0.000586053292304925,4055,0.5018705090885726,50
0,Nesøy,3,3014,2180,2180,8N14560,11,Southern 1,-0.0005861426870970541,4056,0.5018705090885726,50
0,Nesøy,3,3014,1982,1982,8N13684,13,Southern 3,-0.0005866747208225231,4057,0.5018705090885726,50
0,Nesøy,3,3014,3294,3294,8N73675,13,Southern 3,-0.0005870400475663326,4058,0.5018705090885726,50
0,Nesøy,3,3014,2828,2828,8N72064,2,Træna,-0.0005870767156615985,4059,0.5018705090885726,50
0,Nesøy,3,3014,517,517,8M71105,13,Southern 3,-0.0005871038824847313,4060,0.5018705090885726,50
0,Nesøy,3,3014,4477,4477,8730548,3,Selvær,-0.0005890528222251709,4061,0.5018705090885726,50
0,Nesøy,3,3014,1146,1146,8M72673,4,Gjerøy,-0.0005890920912414599,4062,0.5018705090885726,50
0,Nesøy,3,3014,3766,3766,8N87943,13,Southern 3,-0.000589498995853178,4063,0.5018705090885726,50
0,Nesøy,3,3014,2833,2833,8N72130,9,Sleneset,-0.0005901129187651336,4064,0.5018705090885726,50
0,Nesøy,3,3014,1635,1635,8N06011,2,Træna,-0.0005922395406818869,4065,0.5018705090885726,50
0,Nesøy,3,3014,4679,4679,8747574,9,Sleneset,-0.0005942485659923599,4066,0.5018705090885726,50
0,Nesøy,3,3014,3005,3005,8N72989,2,Træna,-0.0005946238106850003,4067,0.5018705090885726,50
0,Nesøy,3,3014,675,675,8L89844,5,Hestmannøy,-0.0005960131696175157,4068,0.5018705090885726,50
0,Nesøy,3,3014,165,165,8L30819,3,Selvær,-0.0005967003334368384,4069,0.5018705090885726,50
0,Nesøy,3,3014,219,219,8L48476,4,Gjerøy,-0.0005967247904641556,4070,0.5018705090885726,50
0,Nesøy,3,3014,4810,4810,8800094,6,Indre Kvarøy,-0.0005976136724370717,4071,0.5018705090885726,50
0,Nesøy,3,3014,4116,4116,8P14995,14,Southern 4,-0.0005981874621935529,4072,0.5018705090885726,50
0,Nesøy,3,3014,5361,5361,8939874,2,Træna,-0.0005992536691079094,4073,0.5018705090885726,50
0,Nesøy,3,3014,4204,4204,8309128,5,Hestmannøy,-0.0005996158276034819,4074,0.5018705090885726,50
0,Nesøy,3,3014,2845,2845,8N72333,4,Gjerøy,-0.0006003311124917228,4075,0.5018705090885726,50
0,Nesøy,3,3014,4380,4380,8681181,5,Hestmannøy,-0.000600821991490535,4076,0.5018705090885726,50
0,Nesøy,3,3014,2054,2054,8N14006,6,Indre Kvarøy,-0.0006008505990009739,4077,0.5018705090885726,50
0,Nesøy,3,3014,2409,2409,8N27123,7,Onøy og Lurøy,-0.0006009766196557406,4078,0.5018705090885726,50
0,Nesøy,3,3014,1136,1136,8M72633,6,Indre Kvarøy,-0.0006010855509172445,4079,0.5018705090885726,50
0,Nesøy,3,3014,1160,1160,8M72736,4,Gjerøy,-0.0006016993976876836,4080,0.5018705090885726,50
0,Nesøy,3,3014,5155,5155,8934266,7,Onøy og Lurøy,-0.0006020265064023949,4081,0.5018705090885726,50
0,Nesøy,3,3014,815,815,8M31780,11,Southern 1,-0.00060210220229906,4082,0.5018705090885726,50
0,Nesøy,3,3014,3993,3993,8P14616,2,Træna,-0.0006021501979190661,4083,0.5018705090885726,50
0,Nesøy,3,3014,4549,4549,8732598,7,Onøy og Lurøy,-0.0006028573286490968,4084,0.5018705090885726,50
0,Nesøy,3,3014,1286,1286,8N05162,12,Southern 2,-0.0006034321950007225,4085,0.5018705090885726,50
0,Nesøy,3,3014,2751,2751,8N42534,4,Gjerøy,-0.0006044448141699697,4086,0.5018705090885726,50
0,Nesøy,3,3014,4040,4040,8P14851,14,Southern 4,-0.0006051745546102289,4087,0.5018705090885726,50
0,Nesøy,3,3014,4230,4230,8309266,5,Hestmannøy,-0.0006052283909570675,4088,0.5018705090885726,50
0,Nesøy,3,3014,1932,1932,8N13631,14,Southern 4,-0.0006061197968346234,4089,0.5018705090885726,50
0,Nesøy,3,3014,438,438,8M71447,13,Southern 3,-0.0006069897763090606,4090,0.5018705090885726,50
0,Nesøy,3,3014,5301,5301,8939378,7,Onøy og Lurøy,-0.000607786380178362,4091,0.5018705090885726,50
0,Nesøy,3,3014,2561,2561,8N28244,7,Onøy og Lurøy,-0.0006080648120653617,4092,0.5018705090885726,50
0,Nesøy,3,3014,3456,3456,8N87116,4,Gjerøy,-0.0006096283031888232,4093,0.5018705090885726,50
0,Nesøy,3,3014,2630,2630,8N28774,5,Hestmannøy,-0.0006126661851305085,4094,0.5018705090885726,50
0,Nesøy,3,3014,5501,5501,8981318,6,Indre Kvarøy,-0.0006130577239381406,4095,0.5018705090885726,50
0,Nesøy,3,3014,3646,3646,8N87819,14,Southern 4,-0.000613440240748918,4096,0.5018705090885726,50
0,Nesøy,3,3014,1830,1830,8N06894,11,Southern 1,-0.0006145953155654735,4097,0.5018705090885726,50
0,Nesøy,3,3014,3592,3592,8N87611,15,Southern 5,-0.0006162287302025373,4098,0.5018705090885726,50
0,Nesøy,3,3014,3676,3676,8N87851,14,Southern 4,-0.0006163405788207097,4099,0.5018705090885726,50
0,Nesøy,3,3014,2041,2041,8N13975,5,Hestmannøy,-0.000616976093036159,4100,0.5018705090885726,50
0,Nesøy,3,3014,24,24,8L19825,4,Gjerøy,-0.0006171225258357041,4101,0.5018705090885726,50
0,Nesøy,3,3014,1218,1218,8N05018,4,Gjerøy,-0.0006172344626830354,4102,0.5018705090885726,50
0,Nesøy,3,3014,2640,2640,8N28788,15,Southern 5,-0.0006172423359224019,4103,0.5018705090885726,50
0,Nesøy,3,3014,1161,1161,8M72737,4,Gjerøy,-0.0006180037960697427,4104,0.5018705090885726,50
0,Nesøy,3,3014,5572,5572,8981956,3,Selvær,-0.0006187133710868748,4105,0.5018705090885726,50
0,Nesøy,3,3014,4038,4038,8P14849,14,Southern 4,-0.0006193190666031969,4106,0.5018705090885726,50
0,Nesøy,3,3014,4317,4317,8651903,2,Træna,-0.0006210473713646128,4107,0.5018705090885726,50
0,Nesøy,3,3014,3792,3792,8N87969,13,Southern 3,-0.0006218871839591771,4108,0.5018705090885726,50
0,Nesøy,3,3014,114,114,8L30485,12,Southern 2,-0.0006223422437060182,4109,0.5018705090885726,50
0,Nesøy,3,3014,4012,4012,8P14724,5,Hestmannøy,-0.0006231455871853804,4110,0.5018705090885726,50
0,Nesøy,3,3014,1211,1211,8M72996,10,Aldra,-0.000623680336015806,4111,0.5018705090885726,50
0,Nesøy,3,3014,4207,4207,8309143,4,Gjerøy,-0.0006256566003460137,4112,0.5018705090885726,50
0,Nesøy,3,3014,1034,1034,8M71819,6,Indre Kvarøy,-0.0006266332832335002,4113,0.5018705090885726,50
0,Nesøy,3,3014,1152,1152,8M72696,14,Southern 4,-0.0006268060517957832,4114,0.5018705090885726,50
0,Nesøy,3,3014,2572,2572,8N28358,2,Træna,-0.0006269970817521573,4115,0.5018705090885726,50
0,Nesøy,3,3014,5302,5302,8939379,7,Onøy og Lurøy,-0.0006274318500943721,4116,0.5018705090885726,50
0,Nesøy,3,3014,4174,4174,8168605,10,Aldra,-0.000629259055210655,4117,0.5018705090885726,50
0,Nesøy,3,3014,4406,4406,8681324,7,Onøy og Lurøy,-0.0006296813893603872,4118,0.5018705090885726,50
0,Nesøy,3,3014,367,367,8L52550,5,Hestmannøy,-0.0006298898878993629,4119,0.5018705090885726,50
0,Nesøy,3,3014,3856,3856,8P11537,15,Southern 5,-0.0006304267489078591,4120,0.5018705090885726,50
0,Nesøy,3,3014,2440,2440,8N27325,4,Gjerøy,-0.0006306482470735883,4121,0.5018705090885726,50
0,Nesøy,3,3014,3713,3713,8N87889,13,Southern 3,-0.000630729345991659,4122,0.5018705090885726,50
0,Nesøy,3,3014,4883,4883,8800533,10,Aldra,-0.0006327546786762305,4123,0.5018705090885726,50
0,Nesøy,3,3014,2282,2282,8N14665,13,Southern 3,-0.0006328413349481368,4124,0.5018705090885726,50
0,Nesøy,3,3014,3074,3074,8N73236,12,Southern 2,-0.0006328968802868616,4125,0.5018705090885726,50
0,Nesøy,3,3014,4019,4019,8P14808,14,Southern 4,-0.0006344306505662447,4126,0.5018705090885726,50
0,Nesøy,3,3014,4387,4387,8681218,9,Sleneset,-0.0006346229218615573,4127,0.5018705090885726,50
0,Nesøy,3,3014,1481,1481,8N05616,14,Southern 4,-0.000635975267339895,4128,0.5018705090885726,50
0,Nesøy,3,3014,5280,5280,8939339,7,Onøy og Lurøy,-0.0006365878622079081,4129,0.5018705090885726,50
0,Nesøy,3,3014,1620,1620,8N05893,11,Southern 1,-0.0006379726122004531,4130,0.5018705090885726,50
0,Nesøy,3,3014,4419,4419,8681396,7,Onøy og Lurøy,-0.0006380703209334714,4131,0.5018705090885726,50
0,Nesøy,3,3014,2541,2541,8N28041,6,Indre Kvarøy,-0.0006399095588109399,4132,0.5018705090885726,50
0,Nesøy,3,3014,1556,1556,8N05704,5,Hestmannøy,-0.0006425120878746418,4133,0.5018705090885726,50
0,Nesøy,3,3014,4859,4859,8800417,5,Hestmannøy,-0.000643986905711568,4134,0.5018705090885726,50
0,Nesøy,3,3014,2744,2744,8N42522,5,Hestmannøy,-0.0006445764988468928,4135,0.5018705090885726,50
0,Nesøy,3,3014,2042,2042,8N13976,5,Hestmannøy,-0.0006453313009861809,4136,0.5018705090885726,50
0,Nesøy,3,3014,4348,4348,8681042,5,Hestmannøy,-0.0006460962624023277,4137,0.5018705090885726,50
0,Nesøy,3,3014,4094,4094,8P14973,14,Southern 4,-0.0006466702771238269,4138,0.5018705090885726,50
0,Nesøy,3,3014,927,927,8M31504,4,Gjerøy,-0.0006483794911232191,4139,0.5018705090885726,50
0,Nesøy,3,3014,2847,2847,8N72348,6,Indre Kvarøy,-0.0006485188836607922,4140,0.5018705090885726,50
0,Nesøy,3,3014,3790,3790,8N87967,13,Southern 3,-0.0006487998886070442,4141,0.5018705090885726,50
0,Nesøy,3,3014,812,812,8M31771,11,Southern 1,-0.0006497929761123136,4142,0.5018705090885726,50
0,Nesøy,3,3014,2470,2470,8N27472,2,Træna,-0.0006500956021314343,4143,0.5018705090885726,50
0,Nesøy,3,3014,489,489,8L64499,11,Southern 1,-0.0006508904000217767,4144,0.5018705090885726,50
0,Nesøy,3,3014,44,44,8L19931,10,Aldra,-0.0006513914569925238,4145,0.5018705090885726,50
0,Nesøy,3,3014,4136,4136,8P26526,9,Sleneset,-0.0006530528719598573,4146,0.5018705090885726,50
0,Nesøy,3,3014,1784,1784,8N06845,11,Southern 1,-0.0006537150757233187,4147,0.5018705090885726,50
0,Nesøy,3,3014,4817,4817,8800146,9,Sleneset,-0.0006539876434329131,4148,0.5018705090885726,50
0,Nesøy,3,3014,1945,1945,8N13646,14,Southern 4,-0.0006545846408974285,4149,0.5018705090885726,50
0,Nesøy,3,3014,499,499,8L64791,13,Southern 3,-0.000656045390081177,4150,0.5018705090885726,50
0,Nesøy,3,3014,5412,5412,8943488,7,Onøy og Lurøy,-0.0006563719369303378,4151,0.5018705090885726,50
0,Nesøy,3,3014,5157,5157,8934271,7,Onøy og Lurøy,-0.0006574888551502328,4152,0.5018705090885726,50
0,Nesøy,3,3014,4282,4282,8651514,2,Træna,-0.0006577817417849202,4153,0.5018705090885726,50
0,Nesøy,3,3014,4622,4622,8747239,4,Gjerøy,-0.0006580489578505841,4154,0.5018705090885726,50
0,Nesøy,3,3014,221,221,8L48479,4,Gjerøy,-0.0006582022874608712,4155,0.5018705090885726,50
0,Nesøy,3,3014,559,559,8L89312,9,Sleneset,-0.0006601976215622821,4156,0.5018705090885726,50
0,Nesøy,3,3014,2521,2521,8N27932,5,Hestmannøy,-0.0006605144659765516,4157,0.5018705090885726,50
0,Nesøy,3,3014,4355,4355,8681057,6,Indre Kvarøy,-0.0006607059947772665,4158,0.5018705090885726,50
0,Nesøy,3,3014,120,120,8L30598,5,Hestmannøy,-0.000662654834613319,4159,0.5018705090885726,50
0,Nesøy,3,3014,3622,3622,8N87754,4,Gjerøy,-0.0006628020668129004,4160,0.5018705090885726,50
0,Nesøy,3,3014,2354,2354,8N14971,7,Onøy og Lurøy,-0.0006632763288984093,4161,0.5018705090885726,50
0,Nesøy,3,3014,1069,1069,8M72259,3,Selvær,-0.0006650158190369852,4162,0.5018705090885726,50
0,Nesøy,3,3014,4828,4828,8800177,6,Indre Kvarøy,-0.0006671906244964115,4163,0.5018705090885726,50
0,Nesøy,3,3014,3673,3673,8N87848,14,Southern 4,-0.000667939694372244,4164,0.5018705090885726,50
0,Nesøy,3,3014,4017,4017,8P14793,4,Gjerøy,-0.0006681377864943965,4165,0.5018705090885726,50
0,Nesøy,3,3014,1887,1887,8N13440,2,Træna,-0.0006687616960547182,4166,0.5018705090885726,50
0,Nesøy,3,3014,1717,1717,8N06671,14,Southern 4,-0.0006702695092555577,4167,0.5018705090885726,50
0,Nesøy,3,3014,745,745,8M31372,5,Hestmannøy,-0.0006703074880852317,4168,0.5018705090885726,50
0,Nesøy,3,3014,368,368,8L52551,4,Gjerøy,-0.00067046456290858,4169,0.5018705090885726,50
0,Nesøy,3,3014,2796,2796,8N42783,5,Hestmannøy,-0.0006712997862141018,4170,0.5018705090885726,50
0,Nesøy,3,3014,4768,4768,8794305,4,Gjerøy,-0.0006721775936372134,4171,0.5018705090885726,50
0,Nesøy,3,3014,3718,3718,8N87894,13,Southern 3,-0.0006728799069358782,4172,0.5018705090885726,50
0,Nesøy,3,3014,725,725,8M31294,5,Hestmannøy,-0.0006737475543904875,4173,0.5018705090885726,50
0,Nesøy,3,3014,3600,3600,8N87620,15,Southern 5,-0.000674905403427643,4174,0.5018705090885726,50
0,Nesøy,3,3014,1293,1293,8N05169,14,Southern 4,-0.0006758924448078429,4175,0.5018705090885726,50
0,Nesøy,3,3014,5434,5434,8943882,5,Hestmannøy,-0.000676171170182469,4176,0.5018705090885726,50
0,Nesøy,3,3014,1566,1566,8N05714,6,Indre Kvarøy,-0.000676327885834491,4177,0.5018705090885726,50
0,Nesøy,3,3014,2311,2311,8N14718,3,Selvær,-0.0006766884963998188,4178,0.5018705090885726,50
0,Nesøy,3,3014,4188,4188,8168649,4,Gjerøy,-0.0006795902371183635,4179,0.5018705090885726,50
0,Nesøy,3,3014,1848,1848,8N06976,4,Gjerøy,-0.0006825883669575799,4180,0.5018705090885726,50
0,Nesøy,3,3014,1590,1590,8N05856,11,Southern 1,-0.000683087571266775,4181,0.5018705090885726,50
0,Nesøy,3,3014,1139,1139,8M72643,4,Gjerøy,-0.000683693782681737,4182,0.5018705090885726,50
0,Nesøy,3,3014,1983,1983,8N13685,13,Southern 3,-0.0006837335677576042,4183,0.5018705090885726,50
0,Nesøy,3,3014,3426,3426,8N73992,12,Southern 2,-0.0006858860198568731,4184,0.5018705090885726,50
0,Nesøy,3,3014,503,503,8L64824,2,Træna,-0.000686291325026713,4185,0.5018705090885726,50
0,Nesøy,3,3014,2254,2254,8N14635,13,Southern 3,-0.0006878166632284406,4186,0.5018705090885726,50
0,Nesøy,3,3014,5540,5540,8981792,6,Indre Kvarøy,-0.0006879274927984432,4187,0.5018705090885726,50
0,Nesøy,3,3014,2526,2526,8N27956,5,Hestmannøy,-0.0006889952690678729,4188,0.5018705090885726,50
0,Nesøy,3,3014,4279,4279,8598907,6,Indre Kvarøy,-0.0006895278561983456,4189,0.5018705090885726,50
0,Nesøy,3,3014,2909,2909,8N72685,11,Southern 1,-0.0006899962656900884,4190,0.5018705090885726,50
0,Nesøy,3,3014,3641,3641,8N87814,14,Southern 4,-0.0006907934150642742,4191,0.5018705090885726,50
0,Nesøy,3,3014,32,32,8L19877,5,Hestmannøy,-0.0006908371115980558,4192,0.5018705090885726,50
0,Nesøy,3,3014,984,984,8L64015,11,Southern 1,-0.0006928328783346329,4193,0.5018705090885726,50
0,Nesøy,3,3014,2388,2388,8N27083,14,Southern 4,-0.0006940251877623466,4194,0.5018705090885726,50
0,Nesøy,3,3014,5324,5324,8939578,5,Hestmannøy,-0.0006941185841582916,4195,0.5018705090885726,50
0,Nesøy,3,3014,5414,5414,8943496,3,Selvær,-0.0006954339397017719,4196,0.5018705090885726,50
0,Nesøy,3,3014,4246,4246,8537770,7,Onøy og Lurøy,-0.0006955679422141199,4197,0.5018705090885726,50
0,Nesøy,3,3014,3888,3888,8P11570,14,Southern 4,-0.0006968186288473653,4198,0.5018705090885726,50
0,Nesøy,3,3014,2130,2130,8N14355,15,Southern 5,-0.0006970422595149531,4199,0.5018705090885726,50
0,Nesøy,3,3014,3897,3897,8P11581,5,Hestmannøy,-0.0006993743306655334,4200,0.5018705090885726,50
0,Nesøy,3,3014,3831,3831,8P11395,14,Southern 4,-0.0007000630267970087,4201,0.5018705090885726,50
0,Nesøy,3,3014,4063,4063,8P14874,14,Southern 4,-0.0007018993443115979,4202,0.5018705090885726,50
0,Nesøy,3,3014,1039,1039,8M71864,5,Hestmannøy,-0.0007021405009825426,4203,0.5018705090885726,50
0,Nesøy,3,3014,1669,1669,8N06467,12,Southern 2,-0.0007030206682922427,4204,0.5018705090885726,50
0,Nesøy,3,3014,5333,5333,8939617,6,Indre Kvarøy,-0.0007034200355899999,4205,0.5018705090885726,50
0,Nesøy,3,3014,2732,2732,8N42503,5,Hestmannøy,-0.0007040848422045815,4206,0.5018705090885726,50
0,Nesøy,3,3014,2189,2189,8N14570,11,Southern 1,-0.0007049345434739022,4207,0.5018705090885726,50
0,Nesøy,3,3014,3851,3851,8P11532,15,Southern 5,-0.0007060533198507751,4208,0.5018705090885726,50
0,Nesøy,3,3014,1344,1344,8N05221,12,Southern 2,-0.0007064657921841372,4209,0.5018705090885726,50
0,Nesøy,3,3014,2729,2729,8N42500,14,Southern 4,-0.000707108393510098,4210,0.5018705090885726,50
0,Nesøy,3,3014,3709,3709,8N87885,13,Southern 3,-0.0007084929561245659,4211,0.5018705090885726,50
0,Nesøy,3,3014,464,464,8L64215,5,Hestmannøy,-0.0007085173946907716,4212,0.5018705090885726,50
0,Nesøy,3,3014,163,163,8L30809,3,Selvær,-0.0007091445714986891,4213,0.5018705090885726,50
0,Nesøy,3,3014,2726,2726,8N42497,14,Southern 4,-0.0007093346976822953,4214,0.5018705090885726,50
0,Nesøy,3,3014,3739,3739,8N87916,13,Southern 3,-0.0007098751052562143,4215,0.5018705090885726,50
0,Nesøy,3,3014,2344,2344,8N14958,5,Hestmannøy,-0.0007159428538368415,4216,0.5018705090885726,50
0,Nesøy,3,3014,1901,1901,8N13119,14,Southern 4,-0.0007161793480322823,4217,0.5018705090885726,50
0,Nesøy,3,3014,2395,2395,8N27090,14,Southern 4,-0.0007162153015539632,4218,0.5018705090885726,50
0,Nesøy,3,3014,1463,1463,8N05576,2,Træna,-0.0007162648722698448,4219,0.5018705090885726,50
0,Nesøy,3,3014,2870,2870,8N72499,2,Træna,-0.0007164412849067142,4220,0.5018705090885726,50
0,Nesøy,3,3014,4862,4862,8800427,5,Hestmannøy,-0.0007170149051309735,4221,0.5018705090885726,50
0,Nesøy,3,3014,2638,2638,8N28786,15,Southern 5,-0.0007174941318810721,4222,0.5018705090885726,50
0,Nesøy,3,3014,4409,4409,8681336,7,Onøy og Lurøy,-0.0007186371780707548,4223,0.5018705090885726,50
0,Nesøy,3,3014,2196,2196,8N14577,11,Southern 1,-0.0007187663735402377,4224,0.5018705090885726,50
0,Nesøy,3,3014,4169,4169,8118432,4,Gjerøy,-0.0007188974979527725,4225,0.5018705090885726,50
0,Nesøy,3,3014,4688,4688,8747608,5,Hestmannøy,-0.0007196563495000143,4226,0.5018705090885726,50
0,Nesøy,3,3014,1997,1997,8N13699,13,Southern 3,-0.0007222791724184965,4227,0.5018705090885726,50
0,Nesøy,3,3014,4614,4614,8747182,2,Træna,-0.0007238527703770123,4228,0.5018705090885726,50
0,Nesøy,3,3014,1500,1500,8N05642,14,Southern 4,-0.000723973722750168,4229,0.5018705090885726,50
0,Nesøy,3,3014,480,480,8L64373,2,Træna,-0.0007248690153752466,4230,0.5018705090885726,50
0,Nesøy,3,3014,5348,5348,8939759,9,Sleneset,-0.0007251782311347738,4231,0.5018705090885726,50
0,Nesøy,3,3014,5395,5395,8943159,9,Sleneset,-0.0007254372183971622,4232,0.5018705090885726,50
0,Nesøy,3,3014,3952,3952,8P14128,7,Onøy og Lurøy,-0.0007263028562925549,4233,0.5018705090885726,50
0,Nesøy,3,3014,5223,5223,8934805,6,Indre Kvarøy,-0.0007295962748505133,4234,0.5018705090885726,50
0,Nesøy,3,3014,4470,4470,8730517,5,Hestmannøy,-0.0007301748769573482,4235,0.5018705090885726,50
0,Nesøy,3,3014,3904,3904,8P11646,8,Lovund,-0.0007314442077733899,4236,0.5018705090885726,50
0,Nesøy,3,3014,2211,2211,8N14592,11,Southern 1,-0.0007333138771367065,4237,0.5018705090885726,50
0,Nesøy,3,3014,2331,2331,8N14930,6,Indre Kvarøy,-0.0007350539770769589,4238,0.5018705090885726,50
0,Nesøy,3,3014,1959,1959,8N13660,13,Southern 3,-0.0007354573632430661,4239,0.5018705090885726,50
0,Nesøy,3,3014,1443,1443,8N05447,6,Indre Kvarøy,-0.0007356739061246671,4240,0.5018705090885726,50
0,Nesøy,3,3014,4142,4142,8P26542,2,Træna,-0.0007369903068137735,4241,0.5018705090885726,50
0,Nesøy,3,3014,3555,3555,8N87568,11,Southern 1,-0.0007373317170835586,4242,0.5018705090885726,50
0,Nesøy,3,3014,1750,1750,8N06749,5,Hestmannøy,-0.0007415941300133025,4243,0.5018705090885726,50
0,Nesøy,3,3014,2533,2533,8N28002,2,Træna,-0.0007433958977144442,4244,0.5018705090885726,50
0,Nesøy,3,3014,5123,5123,8917967,8,Lovund,-0.0007448673324871543,4245,0.5018705090885726,50
0,Nesøy,3,3014,5061,5061,8887364,9,Sleneset,-0.0007450334313047838,4246,0.5018705090885726,50
0,Nesøy,3,3014,4205,4205,8309135,5,Hestmannøy,-0.0007451003964059637,4247,0.5018705090885726,50
0,Nesøy,3,3014,3277,3277,8N73658,13,Southern 3,-0.0007462613015959782,4248,0.5018705090885726,50
0,Nesøy,3,3014,2092,2092,8N14167,5,Hestmannøy,-0.0007467916636221075,4249,0.5018705090885726,50
0,Nesøy,3,3014,1067,1067,8M72243,3,Selvær,-0.0007508736494415013,4250,0.5018705090885726,50
0,Nesøy,3,3014,4336,4336,8681017,4,Gjerøy,-0.0007532012577989103,4251,0.5018705090885726,50
0,Nesøy,3,3014,894,894,8M71125,13,Southern 3,-0.0007535170479162039,4252,0.5018705090885726,50
0,Nesøy,3,3014,5040,5040,8887286,5,Hestmannøy,-0.0007542201634111033,4253,0.5018705090885726,50
0,Nesøy,3,3014,3577,3577,8N87591,11,Southern 1,-0.00075564546436252,4254,0.5018705090885726,50
0,Nesøy,3,3014,2125,2125,8N14350,15,Southern 5,-0.000756182154264852,4255,0.5018705090885726,50
0,Nesøy,3,3014,5110,5110,8917927,2,Træna,-0.0007567411544173036,4256,0.5018705090885726,50
0,Nesøy,3,3014,3345,3345,8N73911,11,Southern 1,-0.0007576968467830289,4257,0.5018705090885726,50
0,Nesøy,3,3014,2901,2901,8N72677,11,Southern 1,-0.0007591631657320191,4258,0.5018705090885726,50
0,Nesøy,3,3014,298,298,8L52303,5,Hestmannøy,-0.000762046364530864,4259,0.5018705090885726,50
0,Nesøy,3,3014,4939,4939,8816953,4,Gjerøy,-0.0007629846075262353,4260,0.5018705090885726,50
0,Nesøy,3,3014,1483,1483,8N05618,14,Southern 4,-0.0007646726067207075,4261,0.5018705090885726,50
0,Nesøy,3,3014,3180,3180,8N73491,12,Southern 2,-0.0007648474722170464,4262,0.5018705090885726,50
0,Nesøy,3,3014,229,229,8L48574,3,Selvær,-0.0007651317112143591,4263,0.5018705090885726,50
0,Nesøy,3,3014,4583,4583,8732685,5,Hestmannøy,-0.0007651688575653898,4264,0.5018705090885726,50
0,Nesøy,3,3014,3899,3899,8P11585,4,Gjerøy,-0.0007669848353291972,4265,0.5018705090885726,50
0,Nesøy,3,3014,3973,3973,8P14329,14,Southern 4,-0.0007669973495936749,4266,0.5018705090885726,50
0,Nesøy,3,3014,1206,1206,8M72961,4,Gjerøy,-0.0007671664748834982,4267,0.5018705090885726,50
0,Nesøy,3,3014,2244,2244,8N14625,13,Southern 3,-0.0007678610722449172,4268,0.5018705090885726,50
0,Nesøy,3,3014,258,258,8L48763,11,Southern 1,-0.0007684469854210642,4269,0.5018705090885726,50
0,Nesøy,3,3014,3164,3164,8N73474,11,Southern 1,-0.0007689587361456303,4270,0.5018705090885726,50
0,Nesøy,3,3014,2800,2800,8N42794,4,Gjerøy,-0.0007690374092304464,4271,0.5018705090885726,50
0,Nesøy,3,3014,2890,2890,8N72660,5,Hestmannøy,-0.000771617212665034,4272,0.5018705090885726,50
0,Nesøy,3,3014,3452,3452,8N87080,5,Hestmannøy,-0.0007719883802990252,4273,0.5018705090885726,50
0,Nesøy,3,3014,686,686,8L89998,3,Selvær,-0.0007740634959328822,4274,0.5018705090885726,50
0,Nesøy,3,3014,4886,4886,8800538,5,Hestmannøy,-0.0007742052737236539,4275,0.5018705090885726,50
0,Nesøy,3,3014,1101,1101,8M72535,11,Southern 1,-0.0007748814725972269,4276,0.5018705090885726,50
0,Nesøy,3,3014,4746,4746,8747872,6,Indre Kvarøy,-0.0007761666284805269,4277,0.5018705090885726,50
0,Nesøy,3,3014,1366,1366,8N05243,13,Southern 3,-0.0007762801448654612,4278,0.5018705090885726,50
0,Nesøy,3,3014,1276,1276,8N05153,12,Southern 2,-0.0007783380994779982,4279,0.5018705090885726,50
0,Nesøy,3,3014,2361,2361,8N14984,6,Indre Kvarøy,-0.000778822788371569,4280,0.5018705090885726,50
0,Nesøy,3,3014,2662,2662,8N28853,5,Hestmannøy,-0.0007803681001934447,4281,0.5018705090885726,50
0,Nesøy,3,3014,2122,2122,8N14344,15,Southern 5,-0.0007806387625441307,4282,0.5018705090885726,50
0,Nesøy,3,3014,4930,4930,8816932,4,Gjerøy,-0.0007807145183668074,4283,0.5018705090885726,50
0,Nesøy,3,3014,102,102,8L30388,3,Selvær,-0.0007807956012320677,4284,0.5018705090885726,50
0,Nesøy,3,3014,3104,3104,8N73314,15,Southern 5,-0.0007814172116882284,4285,0.5018705090885726,50
0,Nesøy,3,3014,4638,4638,8747293,9,Sleneset,-0.0007827911196915633,4286,0.5018705090885726,50
0,Nesøy,3,3014,4852,4852,8800372,4,Gjerøy,-0.0007850902198787463,4287,0.5018705090885726,50
0,Nesøy,3,3014,5275,5275,8939196,5,Hestmannøy,-0.0007864935812965906,4288,0.5018705090885726,50
0,Nesøy,3,3014,653,653,8L89722,4,Gjerøy,-0.0007869189301114354,4289,0.5018705090885726,50
0,Nesøy,3,3014,3206,3206,8N73524,5,Hestmannøy,-0.0007879065072647992,4290,0.5018705090885726,50
0,Nesøy,3,3014,5228,5228,8934855,4,Gjerøy,-0.0007890287810644582,4291,0.5018705090885726,50
0,Nesøy,3,3014,4258,4258,8573682,4,Gjerøy,-0.0007925101623061861,4292,0.5018705090885726,50
0,Nesøy,3,3014,734,734,8M31329,5,Hestmannøy,-0.000796065415976649,4293,0.5018705090885726,50
0,Nesøy,3,3014,2332,2332,8N14931,5,Hestmannøy,-0.0007965071137334049,4294,0.5018705090885726,50
0,Nesøy,3,3014,553,553,8L89274,5,Hestmannøy,-0.0007971887193772031,4295,0.5018705090885726,50
0,Nesøy,3,3014,3300,3300,8N73681,13,Southern 3,-0.0007984706364419878,4296,0.5018705090885726,50
0,Nesøy,3,3014,3231,3231,8N73612,14,Southern 4,-0.0007990650702705565,4297,0.5018705090885726,50
0,Nesøy,3,3014,3573,3573,8N87587,11,Southern 1,-0.0008006148378676678,4298,0.5018705090885726,50
0,Nesøy,3,3014,4543,4543,8732576,7,Onøy og Lurøy,-0.0008029677493662102,4299,0.5018705090885726,50
0,Nesøy,3,3014,4391,4391,8681247,3,Selvær,-0.0008031305812699346,4300,0.5018705090885726,50
0,Nesøy,3,3014,527,527,8L64933,5,Hestmannøy,-0.0008032474350014424,4301,0.5018705090885726,50
0,Nesøy,3,3014,2599,2599,8N28557,2,Træna,-0.0008040714423427741,4302,0.5018705090885726,50
0,Nesøy,3,3014,3533,3533,8N87546,11,Southern 1,-0.000804693546297405,4303,0.5018705090885726,50
0,Nesøy,3,3014,4218,4218,8309190,4,Gjerøy,-0.0008054291931674407,4304,0.5018705090885726,50
0,Nesøy,3,3014,4025,4025,8P14822,15,Southern 5,-0.0008077328288758267,4305,0.5018705090885726,50
0,Nesøy,3,3014,1937,1937,8N13636,14,Southern 4,-0.0008078113049404136,4306,0.5018705090885726,50
0,Nesøy,3,3014,1677,1677,8N06474,12,Southern 2,-0.0008087260649506327,4307,0.5018705090885726,50
0,Nesøy,3,3014,1458,1458,8N05538,5,Hestmannøy,-0.000811499374855689,4308,0.5018705090885726,50
0,Nesøy,3,3014,3609,3609,8N87630,15,Southern 5,-0.0008118055000159941,4309,0.5018705090885726,50
0,Nesøy,3,3014,321,321,8L52351,11,Southern 1,-0.0008119179464901748,4310,0.5018705090885726,50
0,Nesøy,3,3014,3539,3539,8N87552,11,Southern 1,-0.0008132277395562343,4311,0.5018705090885726,50
0,Nesøy,3,3014,4191,4191,8168658,1,Myken,-0.0008133335147722579,4312,0.5018705090885726,50
0,Nesøy,3,3014,5471,5471,8981207,12,Southern 2,-0.0008137267727643935,4313,0.5018705090885726,50
0,Nesøy,3,3014,3059,3059,8N73221,12,Southern 2,-0.0008146911740326469,4314,0.5018705090885726,50
0,Nesøy,3,3014,4447,4447,8730442,5,Hestmannøy,-0.0008147275900962972,4315,0.5018705090885726,50
0,Nesøy,3,3014,3305,3305,8N73686,13,Southern 3,-0.0008158249354034657,4316,0.5018705090885726,50
0,Nesøy,3,3014,4141,4141,8P26541,2,Træna,-0.0008165188548722343,4317,0.5018705090885726,50
0,Nesøy,3,3014,2115,2115,8N14295,15,Southern 5,-0.0008167347133637315,4318,0.5018705090885726,50
0,Nesøy,3,3014,3885,3885,8P11567,14,Southern 4,-0.000817329691733415,4319,0.5018705090885726,50
0,Nesøy,3,3014,10,10,8L19596,2,Træna,-0.0008206055603764873,4320,0.5018705090885726,50
0,Nesøy,3,3014,4950,4950,8857202,4,Gjerøy,-0.0008222690695010082,4321,0.5018705090885726,50
0,Nesøy,3,3014,2321,2321,8N14900,2,Træna,-0.0008251127866834501,4322,0.5018705090885726,50
0,Nesøy,3,3014,1972,1972,8N13674,13,Southern 3,-0.000825893976960371,4323,0.5018705090885726,50
0,Nesøy,3,3014,3979,3979,8P14342,15,Southern 5,-0.0008267122056447736,4324,0.5018705090885726,50
0,Nesøy,3,3014,186,186,8L48312,5,Hestmannøy,-0.0008297355206470974,4325,0.5018705090885726,50
0,Nesøy,3,3014,4975,4975,8857284,10,Aldra,-0.0008298468650414093,4326,0.5018705090885726,50
0,Nesøy,3,3014,880,880,8M71085,5,Hestmannøy,-0.0008321528544355616,4327,0.5018705090885726,50
0,Nesøy,3,3014,2746,2746,8N42525,5,Hestmannøy,-0.0008323567500004475,4328,0.5018705090885726,50
0,Nesøy,3,3014,907,907,8M71205,5,Hestmannøy,-0.0008340387024361512,4329,0.5018705090885726,50
0,Nesøy,3,3014,1272,1272,8N05148,12,Southern 2,-0.0008343170522829039,4330,0.5018705090885726,50
0,Nesøy,3,3014,4708,4708,8747725,5,Hestmannøy,-0.0008368719075368838,4331,0.5018705090885726,50
0,Nesøy,3,3014,5336,5336,8939630,5,Hestmannøy,-0.0008377952204242678,4332,0.5018705090885726,50
0,Nesøy,3,3014,4255,4255,8573603,5,Hestmannøy,-0.000837845209070773,4333,0.5018705090885726,50
0,Nesøy,3,3014,663,663,8L89748,4,Gjerøy,-0.0008405822048383048,4334,0.5018705090885726,50
0,Nesøy,3,3014,498,498,8M71108,13,Southern 3,-0.0008422197306040259,4335,0.5018705090885726,50
0,Nesøy,3,3014,2062,2062,8N14015,7,Onøy og Lurøy,-0.0008436447150440774,4336,0.5018705090885726,50
0,Nesøy,3,3014,4459,4459,8730461,8,Lovund,-0.0008483200797323179,4337,0.5018705090885726,50
0,Nesøy,3,3014,986,986,8L57988,13,Southern 3,-0.0008483467450684054,4338,0.5018705090885726,50
0,Nesøy,3,3014,5002,5002,8866773,10,Aldra,-0.000849507508447011,4339,0.5018705090885726,50
0,Nesøy,3,3014,3788,3788,8N87965,13,Southern 3,-0.0008510591840458618,4340,0.5018705090885726,50
0,Nesøy,3,3014,2373,2373,8N27068,14,Southern 4,-0.0008513970101343693,4341,0.5018705090885726,50
0,Nesøy,3,3014,939,939,8M71302,6,Indre Kvarøy,-0.0008527795845184966,4342,0.5018705090885726,50
0,Nesøy,3,3014,136,136,8L30750,11,Southern 1,-0.0008539576578731697,4343,0.5018705090885726,50
0,Nesøy,3,3014,4521,4521,8732255,10,Aldra,-0.0008553129067260933,4344,0.5018705090885726,50
0,Nesøy,3,3014,1702,1702,8N06499,12,Southern 2,-0.000855344023493137,4345,0.5018705090885726,50
0,Nesøy,3,3014,4290,4290,8651664,2,Træna,-0.0008555604154441556,4346,0.5018705090885726,50
0,Nesøy,3,3014,3684,3684,8N87859,14,Southern 4,-0.0008559562051641678,4347,0.5018705090885726,50
0,Nesøy,3,3014,3073,3073,8N73235,12,Southern 2,-0.000855992704925038,4348,0.5018705090885726,50
0,Nesøy,3,3014,1445,1445,8N05460,5,Hestmannøy,-0.0008570982486983109,4349,0.5018705090885726,50
0,Nesøy,3,3014,1259,1259,8N05135,12,Southern 2,-0.000863399731473237,4350,0.5018705090885726,50
0,Nesøy,3,3014,3227,3227,8N73608,14,Southern 4,-0.0008642021095671584,4351,0.5018705090885726,50
0,Nesøy,3,3014,417,417,8L57857,9,Sleneset,-0.0008644435733198161,4352,0.5018705090885726,50
0,Nesøy,3,3014,3077,3077,8N73239,12,Southern 2,-0.0008645701335760163,4353,0.5018705090885726,50
0,Nesøy,3,3014,4527,4527,8732298,8,Lovund,-0.0008660871981854864,4354,0.5018705090885726,50
0,Nesøy,3,3014,3387,3387,8N73953,12,Southern 2,-0.00086799100205289,4355,0.5018705090885726,50
0,Nesøy,3,3014,3603,3603,8N87623,15,Southern 5,-0.000868147692931271,4356,0.5018705090885726,50
0,Nesøy,3,3014,3162,3162,8N73472,11,Southern 1,-0.0008681742361395489,4357,0.5018705090885726,50
0,Nesøy,3,3014,369,369,8L52552,4,Gjerøy,-0.0008681761688793288,4358,0.5018705090885726,50
0,Nesøy,3,3014,473,473,8L64283,5,Hestmannøy,-0.000869117805233045,4359,0.5018705090885726,50
0,Nesøy,3,3014,1878,1878,8N13064,14,Southern 4,-0.0008700197209890024,4360,0.5018705090885726,50
0,Nesøy,3,3014,4535,4535,8732506,8,Lovund,-0.0008716103667579756,4361,0.5018705090885726,50
0,Nesøy,3,3014,5284,5284,8939344,5,Hestmannøy,-0.0008734278817608832,4362,0.5018705090885726,50
0,Nesøy,3,3014,3067,3067,8N73229,12,Southern 2,-0.0008738461194942002,4363,0.5018705090885726,50
0,Nesøy,3,3014,1474,1474,8N05609,14,Southern 4,-0.0008741042282438213,4364,0.5018705090885726,50
0,Nesøy,3,3014,4434,4434,8681477,3,Selvær,-0.000874691781062431,4365,0.5018705090885726,50
0,Nesøy,3,3014,2082,2082,8N14116,5,Hestmannøy,-0.0008757261716460606,4366,0.5018705090885726,50
0,Nesøy,3,3014,2668,2668,8N28899,14,Southern 4,-0.0008825710538718182,4367,0.5018705090885726,50
0,Nesøy,3,3014,3762,3762,8N87939,13,Southern 3,-0.000883371548558117,4368,0.5018705090885726,50
0,Nesøy,3,3014,5095,5095,8904440,11,Southern 1,-0.000883388550811737,4369,0.5018705090885726,50
0,Nesøy,3,3014,4366,4366,8681073,5,Hestmannøy,-0.0008848947965790856,4370,0.5018705090885726,50
0,Nesøy,3,3014,2269,2269,8N14652,13,Southern 3,-0.0008864578885896059,4371,0.5018705090885726,50
0,Nesøy,3,3014,5499,5499,8981296,5,Hestmannøy,-0.0008867867239240377,4372,0.5018705090885726,50
0,Nesøy,3,3014,1914,1914,8N13615,14,Southern 4,-0.0008868992467152787,4373,0.5018705090885726,50
0,Nesøy,3,3014,955,955,8M71328,11,Southern 1,-0.0008870949007899332,4374,0.5018705090885726,50
0,Nesøy,3,3014,4834,4834,8800199,5,Hestmannøy,-0.0008875389102555293,4375,0.5018705090885726,50
0,Nesøy,3,3014,3181,3181,8N73492,12,Southern 2,-0.0008908084260339872,4376,0.5018705090885726,50
0,Nesøy,3,3014,420,420,8L57876,5,Hestmannøy,-0.0008927408873952639,4377,0.5018705090885726,50
0,Nesøy,3,3014,4000,4000,8P14715,5,Hestmannøy,-0.0008951585186269315,4378,0.5018705090885726,50
0,Nesøy,3,3014,964,964,8L64400,7,Onøy og Lurøy,-0.0008962215266163165,4379,0.5018705090885726,50
0,Nesøy,3,3014,3371,3371,8N73937,12,Southern 2,-0.0008962408893220452,4380,0.5018705090885726,50
0,Nesøy,3,3014,2227,2227,8N14608,13,Southern 3,-0.0008974124690599014,4381,0.5018705090885726,50
0,Nesøy,3,3014,257,257,8L48761,11,Southern 1,-0.0008986373411644052,4382,0.5018705090885726,50
0,Nesøy,3,3014,1485,1485,8N05620,14,Southern 4,-0.0009042729071514658,4383,0.5018705090885726,50
0,Nesøy,3,3014,1537,1537,8N05679,15,Southern 5,-0.0009055337856849739,4384,0.5018705090885726,50
0,Nesøy,3,3014,46,46,8L19934,5,Hestmannøy,-0.0009060088812125309,4385,0.5018705090885726,50
0,Nesøy,3,3014,5207,5207,8934484,2,Træna,-0.0009061981053561356,4386,0.5018705090885726,50
0,Nesøy,3,3014,3678,3678,8N87853,14,Southern 4,-0.000907798587178302,4387,0.5018705090885726,50
0,Nesøy,3,3014,1793,1793,8N06854,11,Southern 1,-0.0009081924577879094,4388,0.5018705090885726,50
0,Nesøy,3,3014,2481,2481,8N27630,14,Southern 4,-0.0009119955713065905,4389,0.5018705090885726,50
0,Nesøy,3,3014,2692,2692,8N42143,2,Træna,-0.000914225441982311,4390,0.5018705090885726,50
0,Nesøy,3,3014,5140,5140,8934077,5,Hestmannøy,-0.0009142325801731644,4391,0.5018705090885726,50
0,Nesøy,3,3014,637,637,8L89652,5,Hestmannøy,-0.0009151596805201057,4392,0.5018705090885726,50
0,Nesøy,3,3014,4029,4029,8P14835,4,Gjerøy,-0.0009153996755135462,4393,0.5018705090885726,50
0,Nesøy,3,3014,1872,1872,8N13345,2,Træna,-0.000915580703563876,4394,0.5018705090885726,50
0,Nesøy,3,3014,1929,1929,8N13628,14,Southern 4,-0.0009177236218751287,4395,0.5018705090885726,50
0,Nesøy,3,3014,5331,5331,8939611,4,Gjerøy,-0.0009195836149755661,4396,0.5018705090885726,50
0,Nesøy,3,3014,2739,2739,8N42517,5,Hestmannøy,-0.0009226809240031679,4397,0.5018705090885726,50
0,Nesøy,3,3014,5460,5460,8981120,12,Southern 2,-0.0009229860967421166,4398,0.5018705090885726,50
0,Nesøy,3,3014,5314,5314,8939519,4,Gjerøy,-0.0009248758169033497,4399,0.5018705090885726,50
0,Nesøy,3,3014,361,361,8L52428,5,Hestmannøy,-0.0009257061920886511,4400,0.5018705090885726,50
0,Nesøy,3,3014,2777,2777,8N42707,4,Gjerøy,-0.0009257551178712626,4401,0.5018705090885726,50
0,Nesøy,3,3014,1198,1198,8M72934,5,Hestmannøy,-0.0009258445389281838,4402,0.5018705090885726,50
0,Nesøy,3,3014,687,687,8M31035,3,Selvær,-0.0009264309400059442,4403,0.5018705090885726,50
0,Nesøy,3,3014,1208,1208,8M72972,5,Hestmannøy,-0.0009271123720728591,4404,0.5018705090885726,50
0,Nesøy,3,3014,356,356,8L52415,4,Gjerøy,-0.0009277857693746899,4405,0.5018705090885726,50
0,Nesøy,3,3014,4412,4412,8681361,4,Gjerøy,-0.0009297566365297608,4406,0.5018705090885726,50
0,Nesøy,3,3014,3161,3161,8N73471,11,Southern 1,-0.0009304028975462201,4407,0.5018705090885726,50
0,Nesøy,3,3014,3348,3348,8N73914,11,Southern 1,-0.0009325275164673133,4408,0.5018705090885726,50
0,Nesøy,3,3014,143,143,8L30761,10,Aldra,-0.0009336155236831259,4409,0.5018705090885726,50
0,Nesøy,3,3014,4861,4861,8800426,5,Hestmannøy,-0.0009340617139236848,4410,0.5018705090885726,50
0,Nesøy,3,3014,1775,1775,8N06836,11,Southern 1,-0.0009345277294203298,4411,0.5018705090885726,50
0,Nesøy,3,3014,4777,4777,8794343,9,Sleneset,-0.0009356483402867691,4412,0.5018705090885726,50
0,Nesøy,3,3014,2056,2056,8N14008,6,Indre Kvarøy,-0.0009361565057043547,4413,0.5018705090885726,50
0,Nesøy,3,3014,766,766,8M31522,1,Myken,-0.0009367219831702086,4414,0.5018705090885726,50
0,Nesøy,3,3014,2006,2006,8N13852,15,Southern 5,-0.0009367920251150644,4415,0.5018705090885726,50
0,Nesøy,3,3014,3069,3069,8N73231,12,Southern 2,-0.0009369927317769799,4416,0.5018705090885726,50
0,Nesøy,3,3014,2085,2085,8N14149,6,Indre Kvarøy,-0.0009378086000472556,4417,0.5018705090885726,50
0,Nesøy,3,3014,2993,2993,8N72955,13,Southern 3,-0.0009382127988942461,4418,0.5018705090885726,50
0,Nesøy,3,3014,2004,2004,8N13850,15,Southern 5,-0.0009389527252132657,4419,0.5018705090885726,50
0,Nesøy,3,3014,5423,5423,8943743,5,Hestmannøy,-0.0009391501133522856,4420,0.5018705090885726,50
0,Nesøy,3,3014,3922,3922,8P11874,14,Southern 4,-0.0009404267655218862,4421,0.5018705090885726,50
0,Nesøy,3,3014,5249,5249,8939067,7,Onøy og Lurøy,-0.0009434444129999487,4422,0.5018705090885726,50
0,Nesøy,3,3014,2999,2999,8N72961,13,Southern 3,-0.0009471501574007085,4423,0.5018705090885726,50
0,Nesøy,3,3014,5193,5193,8934405,8,Lovund,-0.0009472154599190984,4424,0.5018705090885726,50
0,Nesøy,3,3014,4089,4089,8P14968,14,Southern 4,-0.0009481317387509991,4425,0.5018705090885726,50
0,Nesøy,3,3014,3306,3306,8N73687,13,Southern 3,-0.0009495370652098643,4426,0.5018705090885726,50
0,Nesøy,3,3014,3044,3044,8N73200,15,Southern 5,-0.0009499593531837108,4427,0.5018705090885726,50
0,Nesøy,3,3014,4995,4995,8866710,6,Indre Kvarøy,-0.0009529710415896047,4428,0.5018705090885726,50
0,Nesøy,3,3014,2102,2102,8N14220,5,Hestmannøy,-0.0009530662663036612,4429,0.5018705090885726,50
0,Nesøy,3,3014,2635,2635,8N28783,5,Hestmannøy,-0.0009546349986217497,4430,0.5018705090885726,50
0,Nesøy,3,3014,3692,3692,8N87867,13,Southern 3,-0.0009553833440092809,4431,0.5018705090885726,50
0,Nesøy,3,3014,4448,4448,8730443,5,Hestmannøy,-0.0009554238803614631,4432,0.5018705090885726,50
0,Nesøy,3,3014,4225,4225,8309252,5,Hestmannøy,-0.0009571457139746933,4433,0.5018705090885726,50
0,Nesøy,3,3014,4710,4710,8747728,5,Hestmannøy,-0.000957171219666853,4434,0.5018705090885726,50
0,Nesøy,3,3014,2253,2253,8N14634,13,Southern 3,-0.0009583672104949737,4435,0.5018705090885726,50
0,Nesøy,3,3014,2985,2985,8N72946,13,Southern 3,-0.0009591457413383142,4436,0.5018705090885726,50
0,Nesøy,3,3014,4704,4704,8747711,7,Onøy og Lurøy,-0.0009612366455903865,4437,0.5018705090885726,50
0,Nesøy,3,3014,528,528,8L64970,5,Hestmannøy,-0.0009617211496405289,4438,0.5018705090885726,50
0,Nesøy,3,3014,3425,3425,8N73991,12,Southern 2,-0.0009625579514009664,4439,0.5018705090885726,50
0,Nesøy,3,3014,1356,1356,8N05233,12,Southern 2,-0.0009640309288299052,4440,0.5018705090885726,50
0,Nesøy,3,3014,5044,5044,8887305,7,Onøy og Lurøy,-0.0009644259517766282,4441,0.5018705090885726,50
0,Nesøy,3,3014,4604,4604,8747117,6,Indre Kvarøy,-0.0009667480886016676,4442,0.5018705090885726,50
0,Nesøy,3,3014,1411,1411,8N05289,13,Southern 3,-0.000969703635575422,4443,0.5018705090885726,50
0,Nesøy,3,3014,1050,1050,8M72016,2,Træna,-0.0009705280857541737,4444,0.5018705090885726,50
0,Nesøy,3,3014,5278,5278,8939278,12,Southern 2,-0.0009773289730591426,4445,0.5018705090885726,50
0,Nesøy,3,3014,4703,4703,8747705,5,Hestmannøy,-0.0009796058023468113,4446,0.5018705090885726,50
0,Nesøy,3,3014,2173,2173,8N14553,11,Southern 1,-0.0009799402782207612,4447,0.5018705090885726,50
0,Nesøy,3,3014,4988,4988,8857752,6,Indre Kvarøy,-0.0009800840555858493,4448,0.5018705090885726,50
0,Nesøy,3,3014,324,324,8L52355,11,Southern 1,-0.0009801104653240625,4449,0.5018705090885726,50
0,Nesøy,3,3014,3210,3210,8N73529,4,Gjerøy,-0.0009851741470279223,4450,0.5018705090885726,50
0,Nesøy,3,3014,3949,3949,8P14111,5,Hestmannøy,-0.0009858065303358693,4451,0.5018705090885726,50
0,Nesøy,3,3014,3155,3155,8N73465,11,Southern 1,-0.0009872849495843768,4452,0.5018705090885726,50
0,Nesøy,3,3014,457,457,8L64178,9,Sleneset,-0.0009893805313579143,4453,0.5018705090885726,50
0,Nesøy,3,3014,2208,2208,8N14589,11,Southern 1,-0.0009942805236287983,4454,0.5018705090885726,50
0,Nesøy,3,3014,4297,4297,8651761,6,Indre Kvarøy,-0.0009944086370849274,4455,0.5018705090885726,50
0,Nesøy,3,3014,4941,4941,8816955,4,Gjerøy,-0.0009951807223507996,4456,0.5018705090885726,50
0,Nesøy,3,3014,1795,1795,8N06856,11,Southern 1,-0.0009961765915981276,4457,0.5018705090885726,50
0,Nesøy,3,3014,703,703,8L89786,13,Southern 3,-0.0010019822779705426,4458,0.5018705090885726,50
0,Nesøy,3,3014,5148,5148,8934224,4,Gjerøy,-0.00100228277291832,4459,0.5018705090885726,50
0,Nesøy,3,3014,4310,4310,8651870,5,Hestmannøy,-0.0010055748150493277,4460,0.5018705090885726,50
0,Nesøy,3,3014,4450,4450,8730445,1,Myken,-0.00100563397415468,4461,0.5018705090885726,50
0,Nesøy,3,3014,1150,1150,8M72693,14,Southern 4,-0.0010061382245410775,4462,0.5018705090885726,50
0,Nesøy,3,3014,1888,1888,8N13455,11,Southern 1,-0.001006239929700042,4463,0.5018705090885726,50
0,Nesøy,3,3014,669,669,8M31247,12,Southern 2,-0.001009735691856131,4464,0.5018705090885726,50
0,Nesøy,3,3014,5484,5484,8981268,5,Hestmannøy,-0.001011036426334798,4465,0.5018705090885726,50
0,Nesøy,3,3014,2987,2987,8N72948,13,Southern 3,-0.0010128340793606123,4466,0.5018705090885726,50
0,Nesøy,3,3014,567,567,8L89354,5,Hestmannøy,-0.0010176991873928837,4467,0.5018705090885726,50
0,Nesøy,3,3014,3626,3626,8N87772,4,Gjerøy,-0.0010180017937401488,4468,0.5018705090885726,50
0,Nesøy,3,3014,4270,4270,8598579,3,Selvær,-0.0010195410972371356,4469,0.5018705090885726,50
0,Nesøy,3,3014,2098,2098,8N14188,5,Hestmannøy,-0.0010196180836158262,4470,0.5018705090885726,50
0,Nesøy,3,3014,3001,3001,8N72963,13,Southern 3,-0.001021132454135031,4471,0.5018705090885726,50
0,Nesøy,3,3014,2142,2142,8N14521,11,Southern 1,-0.0010221020240531386,4472,0.5018705090885726,50
0,Nesøy,3,3014,4989,4989,8857754,5,Hestmannøy,-0.001025021723337854,4473,0.5018705090885726,50
0,Nesøy,3,3014,3910,3910,8P11752,7,Onøy og Lurøy,-0.0010260134680633837,4474,0.5018705090885726,50
0,Nesøy,3,3014,4803,4803,8800066,4,Gjerøy,-0.0010268837102671562,4475,0.5018705090885726,50
0,Nesøy,3,3014,2674,2674,8N28925,9,Sleneset,-0.0010282572319350004,4476,0.5018705090885726,50
0,Nesøy,3,3014,4767,4767,8794302,5,Hestmannøy,-0.001028664055817943,4477,0.5018705090885726,50
0,Nesøy,3,3014,3861,3861,8P11543,15,Southern 5,-0.0010293424701044145,4478,0.5018705090885726,50
0,Nesøy,3,3014,227,227,8L48567,7,Onøy og Lurøy,-0.0010296953463660953,4479,0.5018705090885726,50
0,Nesøy,3,3014,3635,3635,8N87808,14,Southern 4,-0.0010309627667080528,4480,0.5018705090885726,50
0,Nesøy,3,3014,2267,2267,8N14650,13,Southern 3,-0.0010327041927448094,4481,0.5018705090885726,50
0,Nesøy,3,3014,5556,5556,8981850,6,Indre Kvarøy,-0.0010360170543817426,4482,0.5018705090885726,50
0,Nesøy,3,3014,4128,4128,8P26405,5,Hestmannøy,-0.0010374167917974674,4483,0.5018705090885726,50
0,Nesøy,3,3014,4712,4712,8747730,2,Træna,-0.0010388621481549926,4484,0.5018705090885726,50
0,Nesøy,3,3014,3880,3880,8P11562,14,Southern 4,-0.0010394222990487939,4485,0.5018705090885726,50
0,Nesøy,3,3014,287,287,8L52221,8,Lovund,-0.0010401994646419795,4486,0.5018705090885726,50
0,Nesøy,3,3014,4278,4278,8598887,4,Gjerøy,-0.0010433401714249957,4487,0.5018705090885726,50
0,Nesøy,3,3014,5260,5260,8939121,4,Gjerøy,-0.001043389982130936,4488,0.5018705090885726,50
0,Nesøy,3,3014,3158,3158,8N73468,11,Southern 1,-0.0010467079796875145,4489,0.5018705090885726,50
0,Nesøy,3,3014,5493,5493,8981280,5,Hestmannøy,-0.0010471953261643257,4490,0.5018705090885726,50
0,Nesøy,3,3014,4807,4807,8800077,5,Hestmannøy,-0.0010484540993707522,4491,0.5018705090885726,50
0,Nesøy,3,3014,4665,4665,8747532,5,Hestmannøy,-0.0010489399420502206,4492,0.5018705090885726,50
0,Nesøy,3,3014,4,4,8L19556,8,Lovund,-0.0010498954656840774,4493,0.5018705090885726,50
0,Nesøy,3,3014,2291,2291,8N14674,13,Southern 3,-0.0010526575357437036,4494,0.5018705090885726,50
0,Nesøy,3,3014,1638,1638,8N06029,3,Selvær,-0.0010539746390830153,4495,0.5018705090885726,50
0,Nesøy,3,3014,4876,4876,8800490,10,Aldra,-0.0010541095229767141,4496,0.5018705090885726,50
0,Nesøy,3,3014,5013,5013,8887036,9,Sleneset,-0.0010555333824217841,4497,0.5018705090885726,50
0,Nesøy,3,3014,2447,2447,8N27348,8,Lovund,-0.0010559370514810725,4498,0.5018705090885726,50
0,Nesøy,3,3014,416,416,8L57826,9,Sleneset,-0.0010565059605981782,4499,0.5018705090885726,50
0,Nesøy,3,3014,4372,4372,8681095,5,Hestmannøy,-0.001057619433327762,4500,0.5018705090885726,50
0,Nesøy,3,3014,4153,4153,8P26697,7,Onøy og Lurøy,-0.0010582607154104532,4501,0.5018705090885726,50
0,Nesøy,3,3014,3417,3417,8N73983,12,Southern 2,-0.0010585890216097326,4502,0.5018705090885726,50
0,Nesøy,3,3014,2372,2372,8N27067,14,Southern 4,-0.0010598380154956647,4503,0.5018705090885726,50
0,Nesøy,3,3014,353,353,8L52401,5,Hestmannøy,-0.0010617164894317212,4504,0.5018705090885726,50
0,Nesøy,3,3014,2402,2402,8N27097,8,Lovund,-0.001062216576488761,4505,0.5018705090885726,50
0,Nesøy,3,3014,3991,3991,8P14585,8,Lovund,-0.0010632243936712655,4506,0.5018705090885726,50
0,Nesøy,3,3014,4647,4647,8747373,5,Hestmannøy,-0.0010639781634953255,4507,0.5018705090885726,50
0,Nesøy,3,3014,132,132,8L30709,12,Southern 2,-0.001065838263122655,4508,0.5018705090885726,50
0,Nesøy,3,3014,4492,4492,8730932,3,Selvær,-0.0010668521844117236,4509,0.5018705090885726,50
0,Nesøy,3,3014,2067,2067,8N14023,5,Hestmannøy,-0.0010710553923448823,4510,0.5018705090885726,50
0,Nesøy,3,3014,2983,2983,8N72944,13,Southern 3,-0.001071475129649353,4511,0.5018705090885726,50
0,Nesøy,3,3014,139,139,8L30757,11,Southern 1,-0.0010715287090620603,4512,0.5018705090885726,50
0,Nesøy,3,3014,320,320,8L52349,11,Southern 1,-0.0010726507081677086,4513,0.5018705090885726,50
0,Nesøy,3,3014,3236,3236,8N73617,14,Southern 4,-0.0010760387692178809,4514,0.5018705090885726,50
0,Nesøy,3,3014,2283,2283,8N14666,13,Southern 3,-0.001076692916123146,4515,0.5018705090885726,50
0,Nesøy,3,3014,3523,3523,8N87536,11,Southern 1,-0.0010771293166311918,4516,0.5018705090885726,50
0,Nesøy,3,3014,2969,2969,8N72930,13,Southern 3,-0.0010771516395579933,4517,0.5018705090885726,50
0,Nesøy,3,3014,1068,1068,8M72245,2,Træna,-0.0010807698576505622,4518,0.5018705090885726,50
0,Nesøy,3,3014,5094,5094,8904411,11,Southern 1,-0.0010849927447298623,4519,0.5018705090885726,50
0,Nesøy,3,3014,4957,4957,8857230,5,Hestmannøy,-0.0010869011986085874,4520,0.5018705090885726,50
0,Nesøy,3,3014,5486,5486,8981272,5,Hestmannøy,-0.0010877142156642903,4521,0.5018705090885726,50
0,Nesøy,3,3014,2840,2840,8N72266,2,Træna,-0.00109194743897118,4522,0.5018705090885726,50
0,Nesøy,3,3014,4479,4479,8730552,3,Selvær,-0.0010923931947832333,4523,0.5018705090885726,50
0,Nesøy,3,3014,1819,1819,8N06880,11,Southern 1,-0.0010926494679452065,4524,0.5018705090885726,50
0,Nesøy,3,3014,5059,5059,8887358,10,Aldra,-0.0010934783460777153,4525,0.5018705090885726,50
0,Nesøy,3,3014,3394,3394,8N73960,12,Southern 2,-0.0010936740529092787,4526,0.5018705090885726,50
0,Nesøy,3,3014,4244,4244,8537728,5,Hestmannøy,-0.0010943449696896002,4527,0.5018705090885726,50
0,Nesøy,3,3014,3640,3640,8N87813,14,Southern 4,-0.0010955058949879528,4528,0.5018705090885726,50
0,Nesøy,3,3014,3498,3498,8N87387,5,Hestmannøy,-0.001096155132236167,4529,0.5018705090885726,50
0,Nesøy,3,3014,4476,4476,8730547,3,Selvær,-0.001100583203589528,4530,0.5018705090885726,50
0,Nesøy,3,3014,2620,2620,8N28713,7,Onøy og Lurøy,-0.0011012570691748497,4531,0.5018705090885726,50
0,Nesøy,3,3014,3760,3760,8N87937,13,Southern 3,-0.001101571980358114,4532,0.5018705090885726,50
0,Nesøy,3,3014,4601,4601,8747103,5,Hestmannøy,-0.0011016523912518938,4533,0.5018705090885726,50
0,Nesøy,3,3014,4612,4612,8747161,3,Selvær,-0.0011017891206109482,4534,0.5018705090885726,50
0,Nesøy,3,3014,5283,5283,8939342,7,Onøy og Lurøy,-0.001102150382127221,4535,0.5018705090885726,50
0,Nesøy,3,3014,4144,4144,8P26578,9,Sleneset,-0.0011027075181718866,4536,0.5018705090885726,50
0,Nesøy,3,3014,1811,1811,8N06872,11,Southern 1,-0.001102722066229304,4537,0.5018705090885726,50
0,Nesøy,3,3014,3359,3359,8N73925,11,Southern 1,-0.0011042216904501283,4538,0.5018705090885726,50
0,Nesøy,3,3014,2738,2738,8N42514,5,Hestmannøy,-0.0011099891652515525,4539,0.5018705090885726,50
0,Nesøy,3,3014,3483,3483,8N87307,5,Hestmannøy,-0.0011102466904063953,4540,0.5018705090885726,50
0,Nesøy,3,3014,3418,3418,8N73984,12,Southern 2,-0.0011104480144060013,4541,0.5018705090885726,50
0,Nesøy,3,3014,3274,3274,8N73655,13,Southern 3,-0.0011104923812705753,4542,0.5018705090885726,50
0,Nesøy,3,3014,868,868,8M31993,1,Myken,-0.0011110445981992803,4543,0.5018705090885726,50
0,Nesøy,3,3014,1692,1692,8N06489,12,Southern 2,-0.001111729950050574,4544,0.5018705090885726,50
0,Nesøy,3,3014,4863,4863,8800428,5,Hestmannøy,-0.0011127009672925615,4545,0.5018705090885726,50
0,Nesøy,3,3014,5271,5271,8939180,5,Hestmannøy,-0.001114343583822428,4546,0.5018705090885726,50
0,Nesøy,3,3014,3478,3478,8N87270,8,Lovund,-0.0011157693667255427,4547,0.5018705090885726,50
0,Nesøy,3,3014,2684,2684,8N42083,8,Lovund,-0.00111620850423631,4548,0.5018705090885726,50
0,Nesøy,3,3014,2487,2487,8N27773,9,Sleneset,-0.00111651080903997,4549,0.5018705090885726,50
0,Nesøy,3,3014,3767,3767,8N87944,13,Southern 3,-0.001116834747296009,4550,0.5018705090885726,50
0,Nesøy,3,3014,2238,2238,8N14619,13,Southern 3,-0.0011180363268818152,4551,0.5018705090885726,50
0,Nesøy,3,3014,3773,3773,8N87950,13,Southern 3,-0.001119837060762143,4552,0.5018705090885726,50
0,Nesøy,3,3014,921,921,8M71257,5,Hestmannøy,-0.0011202269492198193,4553,0.5018705090885726,50
0,Nesøy,3,3014,3125,3125,8N73435,11,Southern 1,-0.0011230122202791377,4554,0.5018705090885726,50
0,Nesøy,3,3014,4231,4231,8309267,5,Hestmannøy,-0.00112322904092292,4555,0.5018705090885726,50
0,Nesøy,3,3014,4486,4486,8730584,5,Hestmannøy,-0.0011256940356542016,4556,0.5018705090885726,50
0,Nesøy,3,3014,5158,5158,8934272,7,Onøy og Lurøy,-0.001128744463501412,4557,0.5018705090885726,50
0,Nesøy,3,3014,3537,3537,8N87550,11,Southern 1,-0.001134042900083007,4558,0.5018705090885726,50
0,Nesøy,3,3014,5217,5217,8934547,5,Hestmannøy,-0.00113877207853809,4559,0.5018705090885726,50
0,Nesøy,3,3014,1391,1391,8N05269,13,Southern 3,-0.0011406449564468903,4560,0.5018705090885726,50
0,Nesøy,3,3014,1804,1804,8N06865,11,Southern 1,-0.0011406684552599234,4561,0.5018705090885726,50
0,Nesøy,3,3014,4538,4538,8732531,9,Sleneset,-0.00114175847132161,4562,0.5018705090885726,50
0,Nesøy,3,3014,4004,4004,8P14604,7,Onøy og Lurøy,-0.0011431771233366098,4563,0.5018705090885726,50
0,Nesøy,3,3014,5000,5000,8866752,5,Hestmannøy,-0.0011500580740669045,4564,0.5018705090885726,50
0,Nesøy,3,3014,4489,4489,8730927,3,Selvær,-0.0011509227926918286,4565,0.5018705090885726,50
0,Nesøy,3,3014,2127,2127,8N14352,15,Southern 5,-0.001151214992765874,4566,0.5018705090885726,50
0,Nesøy,3,3014,3802,3802,8N87979,13,Southern 3,-0.0011515388893997699,4567,0.5018705090885726,50
0,Nesøy,3,3014,4368,4368,8681075,5,Hestmannøy,-0.0011524436740018764,4568,0.5018705090885726,50
0,Nesøy,3,3014,311,311,8L52334,12,Southern 2,-0.0011534014296358112,4569,0.5018705090885726,50
0,Nesøy,3,3014,453,453,8L64171,8,Lovund,-0.0011536249387255814,4570,0.5018705090885726,50
0,Nesøy,3,3014,1671,1671,8N06469,12,Southern 2,-0.001154019564508178,4571,0.5018705090885726,50
0,Nesøy,3,3014,963,963,8M71352,12,Southern 2,-0.0011541845574799335,4572,0.5018705090885726,50
0,Nesøy,3,3014,8,8,8L19578,8,Lovund,-0.0011585188493503978,4573,0.5018705090885726,50
0,Nesøy,3,3014,3733,3733,8N87909,13,Southern 3,-0.0011586384394719428,4574,0.5018705090885726,50
0,Nesøy,3,3014,318,318,8L52345,11,Southern 1,-0.0011587519738252244,4575,0.5018705090885726,50
0,Nesøy,3,3014,2018,2018,8N13923,5,Hestmannøy,-0.0011598390786428598,4576,0.5018705090885726,50
0,Nesøy,3,3014,2781,2781,8N42715,4,Gjerøy,-0.0011612020357826525,4577,0.5018705090885726,50
0,Nesøy,3,3014,1866,1866,8N13135,14,Southern 4,-0.001162574443041268,4578,0.5018705090885726,50
0,Nesøy,3,3014,178,178,8L30917,2,Træna,-0.0011664328309674394,4579,0.5018705090885726,50
0,Nesøy,3,3014,5072,5072,8887319,6,Indre Kvarøy,-0.0011685641396307173,4580,0.5018705090885726,50
0,Nesøy,3,3014,5232,5232,8934880,8,Lovund,-0.0011698199461007408,4581,0.5018705090885726,50
0,Nesøy,3,3014,4536,4536,8732511,2,Træna,-0.00117219151711185,4582,0.5018705090885726,50
0,Nesøy,3,3014,4693,4693,8747654,1,Myken,-0.001173950961888219,4583,0.5018705090885726,50
0,Nesøy,3,3014,3393,3393,8N73959,12,Southern 2,-0.0011804325393326054,4584,0.5018705090885726,50
0,Nesøy,3,3014,2100,2100,8N14201,5,Hestmannøy,-0.001182364675497062,4585,0.5018705090885726,50
0,Nesøy,3,3014,1826,1826,8N06890,11,Southern 1,-0.0011828637573195475,4586,0.5018705090885726,50
0,Nesøy,3,3014,3118,3118,8N73423,6,Indre Kvarøy,-0.0011846580057805626,4587,0.5018705090885726,50
0,Nesøy,3,3014,21,21,8L19728,4,Gjerøy,-0.0011851571051974112,4588,0.5018705090885726,50
0,Nesøy,3,3014,580,580,8L89386,5,Hestmannøy,-0.0011852324373837631,4589,0.5018705090885726,50
0,Nesøy,3,3014,4423,4423,8681414,5,Hestmannøy,-0.0011855950858909994,4590,0.5018705090885726,50
0,Nesøy,3,3014,1719,1719,8N06673,14,Southern 4,-0.0011888196014391355,4591,0.5018705090885726,50
0,Nesøy,3,3014,5046,5046,8887314,7,Onøy og Lurøy,-0.0011889440966767668,4592,0.5018705090885726,50
0,Nesøy,3,3014,1088,1088,8M72422,13,Southern 3,-0.0011918069155594233,4593,0.5018705090885726,50
0,Nesøy,3,3014,1951,1951,8N13652,14,Southern 4,-0.0011931251644041764,4594,0.5018705090885726,50
0,Nesøy,3,3014,3392,3392,8N73958,12,Southern 2,-0.001198038889723934,4595,0.5018705090885726,50
0,Nesøy,3,3014,5164,5164,8934284,7,Onøy og Lurøy,-0.0011980981510785853,4596,0.5018705090885726,50
0,Nesøy,3,3014,5010,5010,8866799,6,Indre Kvarøy,-0.0012009601767094802,4597,0.5018705090885726,50
0,Nesøy,3,3014,2551,2551,8N28148,2,Træna,-0.0012039940945828577,4598,0.5018705090885726,50
0,Nesøy,3,3014,4189,4189,8168650,5,Hestmannøy,-0.0012045479367341827,4599,0.5018705090885726,50
0,Nesøy,3,3014,4354,4354,8681056,6,Indre Kvarøy,-0.0012051296816263804,4600,0.5018705090885726,50
0,Nesøy,3,3014,3516,3516,8N87529,11,Southern 1,-0.0012055373168009152,4601,0.5018705090885726,50
0,Nesøy,3,3014,508,508,8L64839,3,Selvær,-0.0012062978994791288,4602,0.5018705090885726,50
0,Nesøy,3,3014,2757,2757,8N42633,5,Hestmannøy,-0.0012065623183450263,4603,0.5018705090885726,50
0,Nesøy,3,3014,1890,1890,8N13490,8,Lovund,-0.0012113381196194582,4604,0.5018705090885726,50
0,Nesøy,3,3014,203,203,8L48440,5,Hestmannøy,-0.0012129978027543363,4605,0.5018705090885726,50
0,Nesøy,3,3014,3924,3924,8P11894,14,Southern 4,-0.0012197539037857891,4606,0.5018705090885726,50
0,Nesøy,3,3014,3010,3010,8N73031,10,Aldra,-0.0012197610595108279,4607,0.5018705090885726,50
0,Nesøy,3,3014,2187,2187,8N14568,11,Southern 1,-0.001220099303214338,4608,0.5018705090885726,50
0,Nesøy,3,3014,573,573,8L89372,5,Hestmannøy,-0.0012223552135862267,4609,0.5018705090885726,50
0,Nesøy,3,3014,5131,5131,8934055,11,Southern 1,-0.0012232365538880012,4610,0.5018705090885726,50
0,Nesøy,3,3014,1943,1943,8N13644,14,Southern 4,-0.0012237815835717993,4611,0.5018705090885726,50
0,Nesøy,3,3014,1102,1102,8M72539,11,Southern 1,-0.0012245870872854806,4612,0.5018705090885726,50
0,Nesøy,3,3014,795,795,8M31653,11,Southern 1,-0.001225396702729274,4613,0.5018705090885726,50
0,Nesøy,3,3014,2110,2110,8N14290,15,Southern 5,-0.0012285581796325174,4614,0.5018705090885726,50
0,Nesøy,3,3014,4545,4545,8732579,7,Onøy og Lurøy,-0.001229992709163632,4615,0.5018705090885726,50
0,Nesøy,3,3014,2479,2479,8N27621,14,Southern 4,-0.0012357130448830012,4616,0.5018705090885726,50
0,Nesøy,3,3014,1095,1095,8M72525,11,Southern 1,-0.001236628185457722,4617,0.5018705090885726,50
0,Nesøy,3,3014,1916,1916,8N13606,14,Southern 4,-0.0012424520491730357,4618,0.5018705090885726,50
0,Nesøy,3,3014,4724,4724,8747749,5,Hestmannøy,-0.001243920118874958,4619,0.5018705090885726,50
0,Nesøy,3,3014,1149,1149,8M72679,5,Hestmannøy,-0.0012441656798698965,4620,0.5018705090885726,50
0,Nesøy,3,3014,3122,3122,8N73432,11,Southern 1,-0.0012448767447954924,4621,0.5018705090885726,50
0,Nesøy,3,3014,5388,5388,8943106,10,Aldra,-0.0012449677084690972,4622,0.5018705090885726,50
0,Nesøy,3,3014,2938,2938,8N72823,14,Southern 4,-0.0012481752092418563,4623,0.5018705090885726,50
0,Nesøy,3,3014,1173,1173,8M72811,4,Gjerøy,-0.0012484101910337558,4624,0.5018705090885726,50
0,Nesøy,3,3014,990,990,8L57980,13,Southern 3,-0.0012492927476371511,4625,0.5018705090885726,50
0,Nesøy,3,3014,2741,2741,8N42519,5,Hestmannøy,-0.0012503834089129262,4626,0.5018705090885726,50
0,Nesøy,3,3014,2220,2220,8N14601,13,Southern 3,-0.0012544748049937728,4627,0.5018705090885726,50
0,Nesøy,3,3014,1001,1001,8M71490,13,Southern 3,-0.0012550803540653799,4628,0.5018705090885726,50
0,Nesøy,3,3014,1810,1810,8N06871,11,Southern 1,-0.0012582764243705118,4629,0.5018705090885726,50
0,Nesøy,3,3014,1060,1060,8M72113,9,Sleneset,-0.0012585728785790644,4630,0.5018705090885726,50
0,Nesøy,3,3014,3049,3049,8N73211,12,Southern 2,-0.0012586188982544764,4631,0.5018705090885726,50
0,Nesøy,3,3014,4466,4466,8730498,4,Gjerøy,-0.0012606782918240802,4632,0.5018705090885726,50
0,Nesøy,3,3014,1132,1132,8M72617,4,Gjerøy,-0.0012625715380462656,4633,0.5018705090885726,50
0,Nesøy,3,3014,2919,2919,8N72695,11,Southern 1,-0.0012653116623543839,4634,0.5018705090885726,50
0,Nesøy,3,3014,4559,4559,8732637,5,Hestmannøy,-0.0012661602246675865,4635,0.5018705090885726,50
0,Nesøy,3,3014,4166,4166,8118426,6,Indre Kvarøy,-0.0012691807593319436,4636,0.5018705090885726,50
0,Nesøy,3,3014,3576,3576,8N87590,11,Southern 1,-0.0012692881297873223,4637,0.5018705090885726,50
0,Nesøy,3,3014,1707,1707,8N06527,5,Hestmannøy,-0.0012695558303990285,4638,0.5018705090885726,50
0,Nesøy,3,3014,4413,4413,8681370,5,Hestmannøy,-0.0012698384582353094,4639,0.5018705090885726,50
0,Nesøy,3,3014,5450,5450,8981033,4,Gjerøy,-0.0012702086197645273,4640,0.5018705090885726,50
0,Nesøy,3,3014,4554,4554,8732615,9,Sleneset,-0.0012702409156701683,4641,0.5018705090885726,50
0,Nesøy,3,3014,803,803,8M31739,3,Selvær,-0.0012704082234001658,4642,0.5018705090885726,50
0,Nesøy,3,3014,2895,2895,8N72670,4,Gjerøy,-0.0012716690400973107,4643,0.5018705090885726,50
0,Nesøy,3,3014,1733,1733,8N06687,14,Southern 4,-0.0012724124868269619,4644,0.5018705090885726,50
0,Nesøy,3,3014,3039,3039,8N73195,15,Southern 5,-0.0012735911758855278,4645,0.5018705090885726,50
0,Nesøy,3,3014,3882,3882,8P11564,14,Southern 4,-0.0012749264264575622,4646,0.5018705090885726,50
0,Nesøy,3,3014,792,792,8M31637,10,Aldra,-0.0012751694937881953,4647,0.5018705090885726,50
0,Nesøy,3,3014,3078,3078,8N73240,12,Southern 2,-0.0012760950535853056,4648,0.5018705090885726,50
0,Nesøy,3,3014,3595,3595,8N87614,15,Southern 5,-0.001276709415485704,4649,0.5018705090885726,50
0,Nesøy,3,3014,846,846,8L89118,13,Southern 3,-0.001278253249000564,4650,0.5018705090885726,50
0,Nesøy,3,3014,496,496,8L64560,12,Southern 2,-0.0012797251162475713,4651,0.5018705090885726,50
0,Nesøy,3,3014,2224,2224,8N14605,13,Southern 3,-0.0012803700769832976,4652,0.5018705090885726,50
0,Nesøy,3,3014,149,149,8L30767,12,Southern 2,-0.001280746800398031,4653,0.5018705090885726,50
0,Nesøy,3,3014,3690,3690,8N87865,13,Southern 3,-0.0012814717326951797,4654,0.5018705090885726,50
0,Nesøy,3,3014,3582,3582,8N87597,11,Southern 1,-0.0012857276469730322,4655,0.5018705090885726,50
0,Nesøy,3,3014,1946,1946,8N13647,14,Southern 4,-0.0012857609331316491,4656,0.5018705090885726,50
0,Nesøy,3,3014,3029,3029,8N73185,15,Southern 5,-0.0012872568774679144,4657,0.5018705090885726,50
0,Nesøy,3,3014,903,903,8L64503,12,Southern 2,-0.0012873658701906719,4658,0.5018705090885726,50
0,Nesøy,3,3014,2725,2725,8N42476,14,Southern 4,-0.0012911174243406347,4659,0.5018705090885726,50
0,Nesøy,3,3014,5317,5317,8939535,5,Hestmannøy,-0.001292546296696011,4660,0.5018705090885726,50
0,Nesøy,3,3014,1833,1833,8N06897,11,Southern 1,-0.0012967167653847081,4661,0.5018705090885726,50
0,Nesøy,3,3014,1255,1255,8N05131,12,Southern 2,-0.0012994803792830579,4662,0.5018705090885726,50
0,Nesøy,3,3014,2702,2702,8N42256,5,Hestmannøy,-0.0012998269475484484,4663,0.5018705090885726,50
0,Nesøy,3,3014,1365,1365,8N05242,13,Southern 3,-0.0013006594301623812,4664,0.5018705090885726,50
0,Nesøy,3,3014,4657,4657,8747504,7,Onøy og Lurøy,-0.0013028002474785006,4665,0.5018705090885726,50
0,Nesøy,3,3014,807,807,8L89562,12,Southern 2,-0.0013029524250765332,4666,0.5018705090885726,50
0,Nesøy,3,3014,3486,3486,8N87338,4,Gjerøy,-0.0013062876252264155,4667,0.5018705090885726,50
0,Nesøy,3,3014,198,198,8L48418,5,Hestmannøy,-0.0013073454272170618,4668,0.5018705090885726,50
0,Nesøy,3,3014,5543,5543,8981803,6,Indre Kvarøy,-0.0013084856747547125,4669,0.5018705090885726,50
0,Nesøy,3,3014,3399,3399,8N73965,12,Southern 2,-0.0013093388448781774,4670,0.5018705090885726,50
0,Nesøy,3,3014,4832,4832,8800185,6,Indre Kvarøy,-0.0013129301456253264,4671,0.5018705090885726,50
0,Nesøy,3,3014,5113,5113,8917940,8,Lovund,-0.0013133657383842506,4672,0.5018705090885726,50
0,Nesøy,3,3014,4102,4102,8P14981,14,Southern 4,-0.0013136056429918022,4673,0.5018705090885726,50
0,Nesøy,3,3014,2399,2399,8N27094,2,Træna,-0.0013139819747354723,4674,0.5018705090885726,50
0,Nesøy,3,3014,697,697,8M31192,8,Lovund,-0.0013171961151669184,4675,0.5018705090885726,50
0,Nesøy,3,3014,5305,5305,8939391,5,Hestmannøy,-0.0013174867915353705,4676,0.5018705090885726,50
0,Nesøy,3,3014,1844,1844,8N06941,4,Gjerøy,-0.0013184513119856658,4677,0.5018705090885726,50
0,Nesøy,3,3014,882,882,8M71089,5,Hestmannøy,-0.0013198557336513556,4678,0.5018705090885726,50
0,Nesøy,3,3014,3199,3199,8N73510,5,Hestmannøy,-0.0013208678359832343,4679,0.5018705090885726,50
0,Nesøy,3,3014,764,764,8M31509,4,Gjerøy,-0.0013266900033815194,4680,0.5018705090885726,50
0,Nesøy,3,3014,4179,4179,8168617,8,Lovund,-0.0013285808400900238,4681,0.5018705090885726,50
0,Nesøy,3,3014,742,742,8M31360,5,Hestmannøy,-0.001329147152672404,4682,0.5018705090885726,50
0,Nesøy,3,3014,2277,2277,8N14660,13,Southern 3,-0.001329459534161325,4683,0.5018705090885726,50
0,Nesøy,3,3014,4473,4473,8730537,5,Hestmannøy,-0.001329819672161478,4684,0.5018705090885726,50
0,Nesøy,3,3014,4286,4286,8651543,4,Gjerøy,-0.0013325261487882214,4685,0.5018705090885726,50
0,Nesøy,3,3014,2213,2213,8N14594,11,Southern 1,-0.0013390183489328086,4686,0.5018705090885726,50
0,Nesøy,3,3014,1503,1503,8N05645,14,Southern 4,-0.0013465270844933374,4687,0.5018705090885726,50
0,Nesøy,3,3014,581,581,8L89387,5,Hestmannøy,-0.0013470823631181856,4688,0.5018705090885726,50
0,Nesøy,3,3014,3823,3823,8P11319,4,Gjerøy,-0.0013486414635121699,4689,0.5018705090885726,50
0,Nesøy,3,3014,2708,2708,8N42273,5,Hestmannøy,-0.0013487472084333246,4690,0.5018705090885726,50
0,Nesøy,3,3014,5194,5194,8934406,8,Lovund,-0.0013495134047664223,4691,0.5018705090885726,50
0,Nesøy,3,3014,278,278,8L52203,8,Lovund,-0.0013522996446308274,4692,0.5018705090885726,50
0,Nesøy,3,3014,1527,1527,8N05364,15,Southern 5,-0.001352731919676548,4693,0.5018705090885726,50
0,Nesøy,3,3014,4635,4635,8747287,3,Selvær,-0.0013538848651218876,4694,0.5018705090885726,50
0,Nesøy,3,3014,2579,2579,8N28405,9,Sleneset,-0.0013549769109804527,4695,0.5018705090885726,50
0,Nesøy,3,3014,4523,4523,8732266,1,Myken,-0.0013591974346369156,4696,0.5018705090885726,50
0,Nesøy,3,3014,2404,2404,8N27118,7,Onøy og Lurøy,-0.0013595399949869308,4697,0.5018705090885726,50
0,Nesøy,3,3014,1904,1904,8N13605,14,Southern 4,-0.001360078932760883,4698,0.5018705090885726,50
0,Nesøy,3,3014,1577,1577,8N05796,10,Aldra,-0.0013611052832191684,4699,0.5018705090885726,50
0,Nesøy,3,3014,4202,4202,8168771,5,Hestmannøy,-0.0013622893277869246,4700,0.5018705090885726,50
0,Nesøy,3,3014,379,379,8L52598,10,Aldra,-0.0013723569826236581,4701,0.5018705090885726,50
0,Nesøy,3,3014,4761,4761,8747958,9,Sleneset,-0.0013737757871621259,4702,0.5018705090885726,50
0,Nesøy,3,3014,4899,4899,8800615,5,Hestmannøy,-0.0013738209689495276,4703,0.5018705090885726,50
0,Nesøy,3,3014,2856,2856,8N72391,6,Indre Kvarøy,-0.0013791492388321564,4704,0.5018705090885726,50
0,Nesøy,3,3014,1744,1744,8N06698,14,Southern 4,-0.0013795576631260747,4705,0.5018705090885726,50
0,Nesøy,3,3014,4872,4872,8800477,4,Gjerøy,-0.001383887664277409,4706,0.5018705090885726,50
0,Nesøy,3,3014,2325,2325,8N14905,6,Indre Kvarøy,-0.0013852532549057878,4707,0.5018705090885726,50
0,Nesøy,3,3014,4885,4885,8800537,10,Aldra,-0.0013862456145666844,4708,0.5018705090885726,50
0,Nesøy,3,3014,2201,2201,8N14582,11,Southern 1,-0.0013873584541991412,4709,0.5018705090885726,50
0,Nesøy,3,3014,3114,3114,8N73406,4,Gjerøy,-0.0013891413279278656,4710,0.5018705090885726,50
0,Nesøy,3,3014,5048,5048,8887316,6,Indre Kvarøy,-0.0013894855335651218,4711,0.5018705090885726,50
0,Nesøy,3,3014,2922,2922,8N72698,11,Southern 1,-0.0013907157459386406,4712,0.5018705090885726,50
0,Nesøy,3,3014,158,158,8L30781,4,Gjerøy,-0.0013919395978704745,4713,0.5018705090885726,50
0,Nesøy,3,3014,698,698,8M31197,8,Lovund,-0.001392095351408636,4714,0.5018705090885726,50
0,Nesøy,3,3014,2812,2812,8N42985,14,Southern 4,-0.0013944526625902503,4715,0.5018705090885726,50
0,Nesøy,3,3014,69,69,8L26578,6,Indre Kvarøy,-0.0013952902918447957,4716,0.5018705090885726,50
0,Nesøy,3,3014,2597,2597,8N28550,3,Selvær,-0.001398781089916101,4717,0.5018705090885726,50
0,Nesøy,3,3014,4072,4072,8P14937,14,Southern 4,-0.001400084574329013,4718,0.5018705090885726,50
0,Nesøy,3,3014,1656,1656,8N06387,5,Hestmannøy,-0.0014046100461695993,4719,0.5018705090885726,50
0,Nesøy,3,3014,922,922,8M71258,5,Hestmannøy,-0.0014051600784928048,4720,0.5018705090885726,50
0,Nesøy,3,3014,3997,3997,8P14675,8,Lovund,-0.0014058304356872626,4721,0.5018705090885726,50
0,Nesøy,3,3014,322,322,8L52352,11,Southern 1,-0.001406891944272566,4722,0.5018705090885726,50
0,Nesøy,3,3014,4865,4865,8800437,6,Indre Kvarøy,-0.0014084484700149196,4723,0.5018705090885726,50
0,Nesøy,3,3014,839,839,8M31869,5,Hestmannøy,-0.001408684123332075,4724,0.5018705090885726,50
0,Nesøy,3,3014,2928,2928,8N72724,5,Hestmannøy,-0.0014094285423548614,4725,0.5018705090885726,50
0,Nesøy,3,3014,3671,3671,8N87846,14,Southern 4,-0.0014125225293529933,4726,0.5018705090885726,50
0,Nesøy,3,3014,2416,2416,8N27193,14,Southern 4,-0.0014141533160782172,4727,0.5018705090885726,50
0,Nesøy,3,3014,358,358,8L52419,4,Gjerøy,-0.001415139191669185,4728,0.5018705090885726,50
0,Nesøy,3,3014,1385,1385,8N05263,13,Southern 3,-0.0014248273628846735,4729,0.5018705090885726,50
0,Nesøy,3,3014,3163,3163,8N73473,11,Southern 1,-0.0014255245596160198,4730,0.5018705090885726,50
0,Nesøy,3,3014,2794,2794,8N42752,1,Myken,-0.0014266026197173648,4731,0.5018705090885726,50
0,Nesøy,3,3014,2967,2967,8N72928,13,Southern 3,-0.0014272302446951726,4732,0.5018705090885726,50
0,Nesøy,3,3014,2816,2816,8N42989,14,Southern 4,-0.001429883291084777,4733,0.5018705090885726,50
0,Nesøy,3,3014,1244,1244,8N05120,14,Southern 4,-0.0014303209340628396,4734,0.5018705090885726,50
0,Nesøy,3,3014,2051,2051,8N14003,6,Indre Kvarøy,-0.0014305666139979429,4735,0.5018705090885726,50
0,Nesøy,3,3014,5128,5128,8934039,3,Selvær,-0.0014315361989736385,4736,0.5018705090885726,50
0,Nesøy,3,3014,119,119,8L30596,4,Gjerøy,-0.0014330005902414128,4737,0.5018705090885726,50
0,Nesøy,3,3014,5485,5485,8981270,5,Hestmannøy,-0.0014334844375864725,4738,0.5018705090885726,50
0,Nesøy,3,3014,3045,3045,8N73201,2,Træna,-0.0014363048153487772,4739,0.5018705090885726,50
0,Nesøy,3,3014,5016,5016,8887202,4,Gjerøy,-0.00143851174375004,4740,0.5018705090885726,50
0,Nesøy,3,3014,4261,4261,8573856,4,Gjerøy,-0.0014415820458421897,4741,0.5018705090885726,50
0,Nesøy,3,3014,1052,1052,8M72018,2,Træna,-0.0014432511781231005,4742,0.5018705090885726,50
0,Nesøy,3,3014,5065,5065,8887379,4,Gjerøy,-0.001443273731382062,4743,0.5018705090885726,50
0,Nesøy,3,3014,4081,4081,8P14959,14,Southern 4,-0.0014477681146074575,4744,0.5018705090885726,50
0,Nesøy,3,3014,1724,1724,8N06678,14,Southern 4,-0.0014480820435460746,4745,0.5018705090885726,50
0,Nesøy,3,3014,1501,1501,8N05643,14,Southern 4,-0.0014487360173095416,4746,0.5018705090885726,50
0,Nesøy,3,3014,1312,1312,8N05189,13,Southern 3,-0.0014513554445350818,4747,0.5018705090885726,50
0,Nesøy,3,3014,1739,1739,8N06693,14,Southern 4,-0.0014516188393802205,4748,0.5018705090885726,50
0,Nesøy,3,3014,3167,3167,8N73477,11,Southern 1,-0.0014518703888769195,4749,0.5018705090885726,50
0,Nesøy,3,3014,4849,4849,8800356,5,Hestmannøy,-0.0014566111150248694,4750,0.5018705090885726,50
0,Nesøy,3,3014,127,127,8L30667,13,Southern 3,-0.001456837602863112,4751,0.5018705090885726,50
0,Nesøy,3,3014,1862,1862,8N05699,15,Southern 5,-0.0014576668577886333,4752,0.5018705090885726,50
0,Nesøy,3,3014,4485,4485,8730565,3,Selvær,-0.0014581263724971333,4753,0.5018705090885726,50
0,Nesøy,3,3014,5386,5386,8943103,10,Aldra,-0.001461280745862418,4754,0.5018705090885726,50
0,Nesøy,3,3014,555,555,8L89277,5,Hestmannøy,-0.0014614095321937445,4755,0.5018705090885726,50
0,Nesøy,3,3014,1845,1845,8N06942,4,Gjerøy,-0.0014616150032531186,4756,0.5018705090885726,50
0,Nesøy,3,3014,1576,1576,8N05795,10,Aldra,-0.0014672426877474676,4757,0.5018705090885726,50
0,Nesøy,3,3014,1461,1461,8N05572,2,Træna,-0.0014678273537751844,4758,0.5018705090885726,50
0,Nesøy,3,3014,929,929,8M71283,4,Gjerøy,-0.001473190282233542,4759,0.5018705090885726,50
0,Nesøy,3,3014,1395,1395,8N05273,13,Southern 3,-0.00147452922651027,4760,0.5018705090885726,50
0,Nesøy,3,3014,5356,5356,8939824,3,Selvær,-0.001475200003105009,4761,0.5018705090885726,50
0,Nesøy,3,3014,400,400,8L52961,6,Indre Kvarøy,-0.0014770586457766221,4762,0.5018705090885726,50
0,Nesøy,3,3014,1424,1424,8N05303,13,Southern 3,-0.001480432485341845,4763,0.5018705090885726,50
0,Nesøy,3,3014,3117,3117,8N73420,5,Hestmannøy,-0.0014811332363527101,4764,0.5018705090885726,50
0,Nesøy,3,3014,208,208,8L48451,5,Hestmannøy,-0.0014840819827807257,4765,0.5018705090885726,50
0,Nesøy,3,3014,3998,3998,8P14680,9,Sleneset,-0.0014866005635054635,4766,0.5018705090885726,50
0,Nesøy,3,3014,3217,3217,8N73580,1,Myken,-0.0014872644731857192,4767,0.5018705090885726,50
0,Nesøy,3,3014,979,979,8M71391,12,Southern 2,-0.0014875119094683608,4768,0.5018705090885726,50
0,Nesøy,3,3014,5443,5443,8981018,4,Gjerøy,-0.0014890396339135256,4769,0.5018705090885726,50
0,Nesøy,3,3014,3431,3431,8N73997,14,Southern 4,-0.001490013993722555,4770,0.5018705090885726,50
0,Nesøy,3,3014,1852,1852,8N05697,15,Southern 5,-0.001496904769577212,4771,0.5018705090885726,50
0,Nesøy,3,3014,4606,4606,8747120,8,Lovund,-0.001499017662092327,4772,0.5018705090885726,50
0,Nesøy,3,3014,4133,4133,8P26523,9,Sleneset,-0.0015022256814907406,4773,0.5018705090885726,50
0,Nesøy,3,3014,3298,3298,8N73679,13,Southern 3,-0.0015061833456923835,4774,0.5018705090885726,50
0,Nesøy,3,3014,5199,5199,8934458,4,Gjerøy,-0.001511964939486513,4775,0.5018705090885726,50
0,Nesøy,3,3014,4670,4670,8747551,10,Aldra,-0.0015190745576249838,4776,0.5018705090885726,50
0,Nesøy,3,3014,5118,5118,8917953,2,Træna,-0.0015194205393222946,4777,0.5018705090885726,50
0,Nesøy,3,3014,4216,4216,8309175,4,Gjerøy,-0.0015259702636459737,4778,0.5018705090885726,50
0,Nesøy,3,3014,4041,4041,8P14852,14,Southern 4,-0.0015292424196754484,4779,0.5018705090885726,50
0,Nesøy,3,3014,75,75,8L26591,5,Hestmannøy,-0.0015330701056845528,4780,0.5018705090885726,50
0,Nesøy,3,3014,5476,5476,8981224,11,Southern 1,-0.0015331245581758262,4781,0.5018705090885726,50
0,Nesøy,3,3014,2611,2611,8N28688,5,Hestmannøy,-0.0015349163951585579,4782,0.5018705090885726,50
0,Nesøy,3,3014,4818,4818,8800147,9,Sleneset,-0.0015437684475740226,4783,0.5018705090885726,50
0,Nesøy,3,3014,4530,4530,8732294,5,Hestmannøy,-0.0015461469973495471,4784,0.5018705090885726,50
0,Nesøy,3,3014,3076,3076,8N73238,12,Southern 2,-0.0015473813509908928,4785,0.5018705090885726,50
0,Nesøy,3,3014,3027,3027,8N73183,15,Southern 5,-0.0015511087801126572,4786,0.5018705090885726,50
0,Nesøy,3,3014,4791,4791,8800028,4,Gjerøy,-0.0015512190521687547,4787,0.5018705090885726,50
0,Nesøy,3,3014,660,660,8L89739,10,Aldra,-0.0015560243542667943,4788,0.5018705090885726,50
0,Nesøy,3,3014,1967,1967,8N13669,13,Southern 3,-0.0015577060608663671,4789,0.5018705090885726,50
0,Nesøy,3,3014,4980,4980,8857415,5,Hestmannøy,-0.001558428910382962,4790,0.5018705090885726,50
0,Nesøy,3,3014,5287,5287,8939359,5,Hestmannøy,-0.0015588521951405748,4791,0.5018705090885726,50
0,Nesøy,3,3014,3050,3050,8N73212,12,Southern 2,-0.0015594195391565352,4792,0.5018705090885726,50
0,Nesøy,3,3014,226,226,8L48566,7,Onøy og Lurøy,-0.001559649501692777,4793,0.5018705090885726,50
0,Nesøy,3,3014,3672,3672,8N87847,14,Southern 4,-0.0015651725746510796,4794,0.5018705090885726,50
0,Nesøy,3,3014,5142,5142,8934090,5,Hestmannøy,-0.0015689991343224008,4795,0.5018705090885726,50
0,Nesøy,3,3014,4321,4321,8651942,7,Onøy og Lurøy,-0.0015707250763832303,4796,0.5018705090885726,50
0,Nesøy,3,3014,1613,1613,8N05883,11,Southern 1,-0.0015712310358958236,4797,0.5018705090885726,50
0,Nesøy,3,3014,1681,1681,8N06478,12,Southern 2,-0.0015713919607739575,4798,0.5018705090885726,50
0,Nesøy,3,3014,765,765,8M31516,1,Myken,-0.0015719547076525622,4799,0.5018705090885726,50
0,Nesøy,3,3014,4854,4854,8800376,4,Gjerøy,-0.0015736330230923228,4800,0.5018705090885726,50
0,Nesøy,3,3014,1812,1812,8N06873,11,Southern 1,-0.0015756930370927067,4801,0.5018705090885726,50
0,Nesøy,3,3014,274,274,8L49963,4,Gjerøy,-0.001580072238620156,4802,0.5018705090885726,50
0,Nesøy,3,3014,3507,3507,8N87520,11,Southern 1,-0.0015818700556751058,4803,0.5018705090885726,50
0,Nesøy,3,3014,4306,4306,8651799,2,Træna,-0.0015828606989066274,4804,0.5018705090885726,50
0,Nesøy,3,3014,2956,2956,8N72916,13,Southern 3,-0.0015874046714333557,4805,0.5018705090885726,50
0,Nesøy,3,3014,5060,5060,8887360,10,Aldra,-0.0015916526212214415,4806,0.5018705090885726,50
0,Nesøy,3,3014,3035,3035,8N73191,15,Southern 5,-0.0015958723772159173,4807,0.5018705090885726,50
0,Nesøy,3,3014,80,80,8L30059,13,Southern 3,-0.0015959352370588174,4808,0.5018705090885726,50
0,Nesøy,3,3014,2774,2774,8N42704,6,Indre Kvarøy,-0.0015967010246530245,4809,0.5018705090885726,50
0,Nesøy,3,3014,3540,3540,8N87553,11,Southern 1,-0.0015975046906493518,4810,0.5018705090885726,50
0,Nesøy,3,3014,2998,2998,8N72960,13,Southern 3,-0.0015994232475620368,4811,0.5018705090885726,50
0,Nesøy,3,3014,4364,4364,8681070,9,Sleneset,-0.0016007090516398758,4812,0.5018705090885726,50
0,Nesøy,3,3014,2798,2798,8N42787,5,Hestmannøy,-0.001608926283284025,4813,0.5018705090885726,50
0,Nesøy,3,3014,3238,3238,8N73619,13,Southern 3,-0.0016112203837043712,4814,0.5018705090885726,50
0,Nesøy,3,3014,1327,1327,8N05204,12,Southern 2,-0.0016127012364066987,4815,0.5018705090885726,50
0,Nesøy,3,3014,5042,5042,8887303,7,Onøy og Lurøy,-0.0016174078174519275,4816,0.5018705090885726,50
0,Nesøy,3,3014,518,518,8L64893,11,Southern 1,-0.001622091563263271,4817,0.5018705090885726,50
0,Nesøy,3,3014,247,247,8L48744,11,Southern 1,-0.0016228030498881265,4818,0.5018705090885726,50
0,Nesøy,3,3014,4154,4154,8P26700,7,Onøy og Lurøy,-0.0016260002697666314,4819,0.5018705090885726,50
0,Nesøy,3,3014,1518,1518,8N05660,13,Southern 3,-0.0016272859295742394,4820,0.5018705090885726,50
0,Nesøy,3,3014,2250,2250,8N14631,13,Southern 3,-0.0016338830602305582,4821,0.5018705090885726,50
0,Nesøy,3,3014,3517,3517,8N87530,11,Southern 1,-0.0016398455106807742,4822,0.5018705090885726,50
0,Nesøy,3,3014,1899,1899,8N13590,2,Træna,-0.0016411264543080206,4823,0.5018705090885726,50
0,Nesøy,3,3014,3430,3430,8N73996,14,Southern 4,-0.001644405375940259,4824,0.5018705090885726,50
0,Nesøy,3,3014,2734,2734,8N42507,5,Hestmannøy,-0.0016478605774471594,4825,0.5018705090885726,50
0,Nesøy,3,3014,394,394,8L52932,4,Gjerøy,-0.001648339385319042,4826,0.5018705090885726,50
0,Nesøy,3,3014,1486,1486,8N05621,14,Southern 4,-0.0016504460422055054,4827,0.5018705090885726,50
0,Nesøy,3,3014,215,215,8L48463,10,Aldra,-0.0016538329678534428,4828,0.5018705090885726,50
0,Nesøy,3,3014,934,934,8M71295,6,Indre Kvarøy,-0.001655362482584361,4829,0.5018705090885726,50
0,Nesøy,3,3014,1824,1824,8N06887,14,Southern 4,-0.0016570558807762598,4830,0.5018705090885726,50
0,Nesøy,3,3014,372,372,8L52588,7,Onøy og Lurøy,-0.0016592952645489189,4831,0.5018705090885726,50
0,Nesøy,3,3014,3333,3333,8N73831,5,Hestmannøy,-0.001660635651770207,4832,0.5018705090885726,50
0,Nesøy,3,3014,2453,2453,8N27402,7,Onøy og Lurøy,-0.0016622591475712045,4833,0.5018705090885726,50
0,Nesøy,3,3014,2629,2629,8N28773,5,Hestmannøy,-0.0016626244527811163,4834,0.5018705090885726,50
0,Nesøy,3,3014,595,595,8L89457,10,Aldra,-0.0016636892612502258,4835,0.5018705090885726,50
0,Nesøy,3,3014,1334,1334,8N05211,12,Southern 2,-0.0016643277612662635,4836,0.5018705090885726,50
0,Nesøy,3,3014,4584,4584,8732687,5,Hestmannøy,-0.0016645719821318456,4837,0.5018705090885726,50
0,Nesøy,3,3014,4312,4312,8651876,5,Hestmannøy,-0.0016681390554036102,4838,0.5018705090885726,50
0,Nesøy,3,3014,4799,4799,8800051,7,Onøy og Lurøy,-0.0016687602058927636,4839,0.5018705090885726,50
0,Nesøy,3,3014,1054,1054,8M72021,3,Selvær,-0.0016722926892767456,4840,0.5018705090885726,50
0,Nesøy,3,3014,5257,5257,8939101,5,Hestmannøy,-0.0016730831766419145,4841,0.5018705090885726,50
0,Nesøy,3,3014,154,154,8L30777,12,Southern 2,-0.0016745425059359754,4842,0.5018705090885726,50
0,Nesøy,3,3014,4149,4149,8P26683,7,Onøy og Lurøy,-0.001675972611776277,4843,0.5018705090885726,50
0,Nesøy,3,3014,1469,1469,8N05604,14,Southern 4,-0.0016785502750846987,4844,0.5018705090885726,50
0,Nesøy,3,3014,5472,5472,8981208,12,Southern 2,-0.0016794427283699199,4845,0.5018705090885726,50
0,Nesøy,3,3014,303,303,8L52315,12,Southern 2,-0.001683134061747032,4846,0.5018705090885726,50
0,Nesøy,3,3014,66,66,8L26528,6,Indre Kvarøy,-0.0016849389427658374,4847,0.5018705090885726,50
0,Nesøy,3,3014,3962,3962,8P14221,5,Hestmannøy,-0.0016881312860488914,4848,0.5018705090885726,50
0,Nesøy,3,3014,1979,1979,8N13681,13,Southern 3,-0.0016922156066413424,4849,0.5018705090885726,50
0,Nesøy,3,3014,180,180,8L30963,2,Træna,-0.0016944276716771192,4850,0.5018705090885726,50
0,Nesøy,3,3014,5005,5005,8866789,5,Hestmannøy,-0.001701933275415719,4851,0.5018705090885726,50
0,Nesøy,3,3014,263,263,8L48768,11,Southern 1,-0.0017087465076670993,4852,0.5018705090885726,50
0,Nesøy,3,3014,5512,5512,8981393,12,Southern 2,-0.0017108457136981857,4853,0.5018705090885726,50
0,Nesøy,3,3014,1018,1018,8M71530,4,Gjerøy,-0.0017110966503964867,4854,0.5018705090885726,50
0,Nesøy,3,3014,2445,2445,8N27343,4,Gjerøy,-0.0017154801812629106,4855,0.5018705090885726,50
0,Nesøy,3,3014,2403,2403,8N27117,7,Onøy og Lurøy,-0.0017177058367859196,4856,0.5018705090885726,50
0,Nesøy,3,3014,3615,3615,8N87707,6,Indre Kvarøy,-0.0017194208484974161,4857,0.5018705090885726,50
0,Nesøy,3,3014,2209,2209,8N14590,11,Southern 1,-0.0017226376543880261,4858,0.5018705090885726,50
0,Nesøy,3,3014,5470,5470,8981199,11,Southern 1,-0.001728516777302791,4859,0.5018705090885726,50
0,Nesøy,3,3014,1109,1109,8M72565,11,Southern 1,-0.001729159123919667,4860,0.5018705090885726,50
0,Nesøy,3,3014,1204,1204,8M72957,4,Gjerøy,-0.0017332202442590944,4861,0.5018705090885726,50
0,Nesøy,3,3014,650,650,8L89714,4,Gjerøy,-0.001735635022269949,4862,0.5018705090885726,50
0,Nesøy,3,3014,2351,2351,8N14968,7,Onøy og Lurøy,-0.0017363257726448842,4863,0.5018705090885726,50
0,Nesøy,3,3014,454,454,8L64173,6,Indre Kvarøy,-0.0017424591668238727,4864,0.5018705090885726,50
0,Nesøy,3,3014,3564,3564,8N87577,11,Southern 1,-0.0017465979508561559,4865,0.5018705090885726,50
0,Nesøy,3,3014,4773,4773,8794325,9,Sleneset,-0.001749886894592885,4866,0.5018705090885726,50
0,Nesøy,3,3014,3553,3553,8N87566,11,Southern 1,-0.0017527565329420421,4867,0.5018705090885726,50
0,Nesøy,3,3014,4242,4242,8414806,5,Hestmannøy,-0.0017536091973808642,4868,0.5018705090885726,50
0,Nesøy,3,3014,4685,4685,8747603,4,Gjerøy,-0.0017542773744452572,4869,0.5018705090885726,50
0,Nesøy,3,3014,65,65,8L26526,9,Sleneset,-0.001754891984874601,4870,0.5018705090885726,50
0,Nesøy,3,3014,564,564,8L89335,6,Indre Kvarøy,-0.0017554871745685582,4871,0.5018705090885726,50
0,Nesøy,3,3014,495,495,8L64540,12,Southern 2,-0.001758333967968049,4872,0.5018705090885726,50
0,Nesøy,3,3014,492,492,8L64513,12,Southern 2,-0.0017595915874582656,4873,0.5018705090885726,50
0,Nesøy,3,3014,3106,3106,8N73319,15,Southern 5,-0.0017603742942328404,4874,0.5018705090885726,50
0,Nesøy,3,3014,3249,3249,8N73630,13,Southern 3,-0.0017631686825780304,4875,0.5018705090885726,50
0,Nesøy,3,3014,548,548,8L89266,5,Hestmannøy,-0.0017640666497658873,4876,0.5018705090885726,50
0,Nesøy,3,3014,4711,4711,8747729,5,Hestmannøy,-0.0017715972476595337,4877,0.5018705090885726,50
0,Nesøy,3,3014,826,826,8M31812,12,Southern 2,-0.0017789409152650056,4878,0.5018705090885726,50
0,Nesøy,3,3014,5242,5242,8939024,5,Hestmannøy,-0.001782974120707866,4879,0.5018705090885726,50
0,Nesøy,3,3014,1756,1756,8N06787,5,Hestmannøy,-0.0017857151088159098,4880,0.5018705090885726,50
0,Nesøy,3,3014,4661,4661,8747519,5,Hestmannøy,-0.0017857241034909496,4881,0.5018705090885726,50
0,Nesøy,3,3014,1515,1515,8N05657,13,Southern 3,-0.0017884190635131605,4882,0.5018705090885726,50
0,Nesøy,3,3014,2667,2667,8N28898,14,Southern 4,-0.0017909181681274526,4883,0.5018705090885726,50
0,Nesøy,3,3014,1920,1920,8N13619,14,Southern 4,-0.0017916005145772569,4884,0.5018705090885726,50
0,Nesøy,3,3014,867,867,8M31973,5,Hestmannøy,-0.0017967592822910915,4885,0.5018705090885726,50
0,Nesøy,3,3014,4864,4864,8800436,6,Indre Kvarøy,-0.0018003377806734796,4886,0.5018705090885726,50
0,Nesøy,3,3014,1309,1309,8N05186,13,Southern 3,-0.0018004001142524323,4887,0.5018705090885726,50
0,Nesøy,3,3014,4037,4037,8P14848,14,Southern 4,-0.0018067995537437405,4888,0.5018705090885726,50
0,Nesøy,3,3014,1144,1144,8M72664,5,Hestmannøy,-0.0018103748468313791,4889,0.5018705090885726,50
0,Nesøy,3,3014,33,33,8L19899,6,Indre Kvarøy,-0.0018114336602624364,4890,0.5018705090885726,50
0,Nesøy,3,3014,4350,4350,8681052,4,Gjerøy,-0.0018129255228801044,4891,0.5018705090885726,50
0,Nesøy,3,3014,624,624,8L89614,4,Gjerøy,-0.0018148909313957504,4892,0.5018705090885726,50
0,Nesøy,3,3014,2567,2567,8N28285,2,Træna,-0.0018149347811526942,4893,0.5018705090885726,50
0,Nesøy,3,3014,722,722,8M31290,5,Hestmannøy,-0.0018154900986758554,4894,0.5018705090885726,50
0,Nesøy,3,3014,4689,4689,8747610,7,Onøy og Lurøy,-0.0018164974453460914,4895,0.5018705090885726,50
0,Nesøy,3,3014,4487,4487,8730902,6,Indre Kvarøy,-0.0018200961259140496,4896,0.5018705090885726,50
0,Nesøy,3,3014,1704,1704,8N06508,4,Gjerøy,-0.0018243002547833904,4897,0.5018705090885726,50
0,Nesøy,3,3014,2615,2615,8N28694,5,Hestmannøy,-0.0018289129237346758,4898,0.5018705090885726,50
0,Nesøy,3,3014,4735,4735,8747805,6,Indre Kvarøy,-0.001831765889144653,4899,0.5018705090885726,50
0,Nesøy,3,3014,5505,5505,8981345,11,Southern 1,-0.0018330644166539994,4900,0.5018705090885726,50
0,Nesøy,3,3014,4361,4361,8681066,9,Sleneset,-0.0018406303594000312,4901,0.5018705090885726,50
0,Nesøy,3,3014,3003,3003,8N72965,2,Træna,-0.0018407877770548905,4902,0.5018705090885726,50
0,Nesøy,3,3014,5538,5538,8981773,4,Gjerøy,-0.0018459289981018713,4903,0.5018705090885726,50
0,Nesøy,3,3014,334,334,8L52377,11,Southern 1,-0.0018512535135777393,4904,0.5018705090885726,50
0,Nesøy,3,3014,4888,4888,8800548,9,Sleneset,-0.001851884668040561,4905,0.5018705090885726,50
0,Nesøy,3,3014,966,966,8L64184,11,Southern 1,-0.0018581187746534516,4906,0.5018705090885726,50
0,Nesøy,3,3014,3138,3138,8N73448,11,Southern 1,-0.0018593005570812493,4907,0.5018705090885726,50
0,Nesøy,3,3014,1534,1534,8N05676,15,Southern 5,-0.0018603751007840528,4908,0.5018705090885726,50
0,Nesøy,3,3014,3520,3520,8N87533,11,Southern 1,-0.0018620927969447755,4909,0.5018705090885726,50
0,Nesøy,3,3014,1436,1436,8N05423,4,Gjerøy,-0.0018644822199308348,4910,0.5018705090885726,50
0,Nesøy,3,3014,1024,1024,8M71596,4,Gjerøy,-0.0018773412972576309,4911,0.5018705090885726,50
0,Nesøy,3,3014,845,845,8M31921,12,Southern 2,-0.001878282282825594,4912,0.5018705090885726,50
0,Nesøy,3,3014,3215,3215,8N73568,6,Indre Kvarøy,-0.0018807438639580005,4913,0.5018705090885726,50
0,Nesøy,3,3014,5258,5258,8939118,10,Aldra,-0.0018817672290687587,4914,0.5018705090885726,50
0,Nesøy,3,3014,4804,4804,8800073,6,Indre Kvarøy,-0.0018856881015822864,4915,0.5018705090885726,50
0,Nesøy,3,3014,351,351,8L52397,12,Southern 2,-0.0018861395368323592,4916,0.5018705090885726,50
0,Nesøy,3,3014,3048,3048,8N73210,12,Southern 2,-0.0018903948780354869,4917,0.5018705090885726,50
0,Nesøy,3,3014,1228,1228,8N05104,12,Southern 2,-0.0018907629440783882,4918,0.5018705090885726,50
0,Nesøy,3,3014,2631,2631,8N28776,5,Hestmannøy,-0.0018930324904343886,4919,0.5018705090885726,50
0,Nesøy,3,3014,3503,3503,8N87516,11,Southern 1,-0.0018931818516291757,4920,0.5018705090885726,50
0,Nesøy,3,3014,3844,3844,8P11525,15,Southern 5,-0.0018949345487437664,4921,0.5018705090885726,50
0,Nesøy,3,3014,584,584,8L89391,4,Gjerøy,-0.0018975329168503135,4922,0.5018705090885726,50
0,Nesøy,3,3014,5105,5105,8917814,3,Selvær,-0.0018980139170490223,4923,0.5018705090885726,50
0,Nesøy,3,3014,4416,4416,8681384,3,Selvær,-0.0018982669602978482,4924,0.5018705090885726,50
0,Nesøy,3,3014,5052,5052,8887344,5,Hestmannøy,-0.0019005241764120065,4925,0.5018705090885726,50
0,Nesøy,3,3014,1949,1949,8N13650,14,Southern 4,-0.0019010464720615402,4926,0.5018705090885726,50
0,Nesøy,3,3014,784,784,8M31591,5,Hestmannøy,-0.001901626736082572,4927,0.5018705090885726,50
0,Nesøy,3,3014,2364,2364,8N27030,14,Southern 4,-0.0019053041120281771,4928,0.5018705090885726,50
0,Nesøy,3,3014,1091,1091,8M72437,13,Southern 3,-0.0019059998528011186,4929,0.5018705090885726,50
0,Nesøy,3,3014,3248,3248,8N73629,13,Southern 3,-0.0019125502532643729,4930,0.5018705090885726,50
0,Nesøy,3,3014,816,816,8M31781,11,Southern 1,-0.0019125943549655573,4931,0.5018705090885726,50
0,Nesøy,3,3014,3297,3297,8N73678,13,Southern 3,-0.001915723539306584,4932,0.5018705090885726,50
0,Nesøy,3,3014,5281,5281,8939340,7,Onøy og Lurøy,-0.0019223479630186753,4933,0.5018705090885726,50
0,Nesøy,3,3014,658,658,8L89731,4,Gjerøy,-0.001926968371759276,4934,0.5018705090885726,50
0,Nesøy,3,3014,2897,2897,8N72673,11,Southern 1,-0.001931103255934115,4935,0.5018705090885726,50
0,Nesøy,3,3014,461,461,8L64206,6,Indre Kvarøy,-0.0019374144535610508,4936,0.5018705090885726,50
0,Nesøy,3,3014,5452,5452,8981038,10,Aldra,-0.001954825190333632,4937,0.5018705090885726,50
0,Nesøy,3,3014,4603,4603,8747114,6,Indre Kvarøy,-0.0019563630825077953,4938,0.5018705090885726,50
0,Nesøy,3,3014,3140,3140,8N73450,11,Southern 1,-0.001956447569191609,4939,0.5018705090885726,50
0,Nesøy,3,3014,5077,5077,8887440,5,Hestmannøy,-0.0019571711328576877,4940,0.5018705090885726,50
0,Nesøy,3,3014,1618,1618,8N05890,11,Southern 1,-0.001958869406004577,4941,0.5018705090885726,50
0,Nesøy,3,3014,4709,4709,8747726,5,Hestmannøy,-0.00196065828503745,4942,0.5018705090885726,50
0,Nesøy,3,3014,4908,4908,8800967,12,Southern 2,-0.0019641943676575175,4943,0.5018705090885726,50
0,Nesøy,3,3014,2591,2591,8N28510,2,Træna,-0.0019642934012216585,4944,0.5018705090885726,50
0,Nesøy,3,3014,2685,2685,8N42086,2,Træna,-0.0019644426514198203,4945,0.5018705090885726,50
0,Nesøy,3,3014,4567,4567,8732651,5,Hestmannøy,-0.001965228560897407,4946,0.5018705090885726,50
0,Nesøy,3,3014,2348,2348,8N14962,5,Hestmannøy,-0.001970762512517163,4947,0.5018705090885726,50
0,Nesøy,3,3014,245,245,8L48738,11,Southern 1,-0.001974459739487072,4948,0.5018705090885726,50
0,Nesøy,3,3014,4287,4287,8651548,4,Gjerøy,-0.0019800036878356146,4949,0.5018705090885726,50
0,Nesøy,3,3014,4217,4217,8309182,5,Hestmannøy,-0.0019859572465563543,4950,0.5018705090885726,50
0,Nesøy,3,3014,5315,5315,8939521,4,Gjerøy,-0.0019877933557245707,4951,0.5018705090885726,50
0,Nesøy,3,3014,3013,3013,8N73052,5,Hestmannøy,-0.0019890076423942104,4952,0.5018705090885726,50
0,Nesøy,3,3014,4907,4907,8800937,10,Aldra,-0.001989213861680733,4953,0.5018705090885726,50
0,Nesøy,3,3014,3261,3261,8N73642,13,Southern 3,-0.0019921224649956815,4954,0.5018705090885726,50
0,Nesøy,3,3014,1031,1031,8M71750,7,Onøy og Lurøy,-0.0019927211566331043,4955,0.5018705090885726,50
0,Nesøy,3,3014,5535,5535,8981734,10,Aldra,-0.001995830641942084,4956,0.5018705090885726,50
0,Nesøy,3,3014,4220,4220,8309195,4,Gjerøy,-0.0020034910032964695,4957,0.5018705090885726,50
0,Nesøy,3,3014,4232,4232,8309269,5,Hestmannøy,-0.0020047048071694315,4958,0.5018705090885726,50
0,Nesøy,3,3014,1292,1292,8N05168,12,Southern 2,-0.00200538283402989,4959,0.5018705090885726,50
0,Nesøy,3,3014,1506,1506,8N05648,11,Southern 1,-0.0020073165490924966,4960,0.5018705090885726,50
0,Nesøy,3,3014,2288,2288,8N14671,13,Southern 3,-0.002009655816317469,4961,0.5018705090885726,50
0,Nesøy,3,3014,2930,2930,8N72736,4,Gjerøy,-0.0020112834311231628,4962,0.5018705090885726,50
0,Nesøy,3,3014,2682,2682,8N42062,5,Hestmannøy,-0.002012448860861424,4963,0.5018705090885726,50
0,Nesøy,3,3014,4992,4992,8857780,6,Indre Kvarøy,-0.0020131785084838262,4964,0.5018705090885726,50
0,Nesøy,3,3014,3964,3964,8P14256,6,Indre Kvarøy,-0.002014758827205485,4965,0.5018705090885726,50
0,Nesøy,3,3014,1435,1435,8N05418,1,Myken,-0.0020184235778082115,4966,0.5018705090885726,50
0,Nesøy,3,3014,3326,3326,8N73797,15,Southern 5,-0.00201869310008469,4967,0.5018705090885726,50
0,Nesøy,3,3014,1863,1863,8N13116,14,Southern 4,-0.0020195137045160376,4968,0.5018705090885726,50
0,Nesøy,3,3014,805,805,8M31756,6,Indre Kvarøy,-0.002022940046816353,4969,0.5018705090885726,50
0,Nesøy,3,3014,449,449,8L64144,8,Lovund,-0.0020335555001874538,4970,0.5018705090885726,50
0,Nesøy,3,3014,1715,1715,8N06580,4,Gjerøy,-0.002038248400833896,4971,0.5018705090885726,50
0,Nesøy,3,3014,4774,4774,8794326,9,Sleneset,-0.002042018144368895,4972,0.5018705090885726,50
0,Nesøy,3,3014,259,259,8L48764,11,Southern 1,-0.0020434740225146607,4973,0.5018705090885726,50
0,Nesøy,3,3014,242,242,8L48694,6,Indre Kvarøy,-0.0020466646829912036,4974,0.5018705090885726,50
0,Nesøy,3,3014,280,280,8L52205,8,Lovund,-0.002048344848917471,4975,0.5018705090885726,50
0,Nesøy,3,3014,4099,4099,8P14979,14,Southern 4,-0.002049623173678217,4976,0.5018705090885726,50
0,Nesøy,3,3014,2776,2776,8N42706,4,Gjerøy,-0.002049678679781407,4977,0.5018705090885726,50
0,Nesøy,3,3014,176,176,8L30899,11,Southern 1,-0.0020499514708201406,4978,0.5018705090885726,50
0,Nesøy,3,3014,4781,4781,8794367,4,Gjerøy,-0.0020533305378537987,4979,0.5018705090885726,50
0,Nesøy,3,3014,3197,3197,8N73508,4,Gjerøy,-0.0020563942053456667,4980,0.5018705090885726,50
0,Nesøy,3,3014,5206,5206,8934475,3,Selvær,-0.0020617665220763128,4981,0.5018705090885726,50
0,Nesøy,3,3014,4775,4775,8794339,9,Sleneset,-0.002062233189877916,4982,0.5018705090885726,50
0,Nesøy,3,3014,376,376,8L52595,5,Hestmannøy,-0.0020800745772135416,4983,0.5018705090885726,50
0,Nesøy,3,3014,592,592,8L89434,5,Hestmannøy,-0.0020828585869282035,4984,0.5018705090885726,50
0,Nesøy,3,3014,1171,1171,8M72805,4,Gjerøy,-0.0020850393591536724,4985,0.5018705090885726,50
0,Nesøy,3,3014,1598,1598,8N05865,11,Southern 1,-0.0020865833115192513,4986,0.5018705090885726,50
0,Nesøy,3,3014,5172,5172,8934329,5,Hestmannøy,-0.0020914287337398902,4987,0.5018705090885726,50
0,Nesøy,3,3014,187,187,8L48313,5,Hestmannøy,-0.0020970524821107943,4988,0.5018705090885726,50
0,Nesøy,3,3014,2330,2330,8N14924,5,Hestmannøy,-0.002097156470032614,4989,0.5018705090885726,50
0,Nesøy,3,3014,4105,4105,8N72983,2,Træna,-0.002099697545838292,4990,0.5018705090885726,50
0,Nesøy,3,3014,2488,2488,8N27800,2,Træna,-0.002104453399502788,4991,0.5018705090885726,50
0,Nesøy,3,3014,91,91,8L30286,5,Hestmannøy,-0.0021099395096420602,4992,0.5018705090885726,50
0,Nesøy,3,3014,1850,1850,8N06989,6,Indre Kvarøy,-0.002112422383646789,4993,0.5018705090885726,50
0,Nesøy,3,3014,1545,1545,8N05687,15,Southern 5,-0.0021130821576997444,4994,0.5018705090885726,50
0,Nesøy,3,3014,2877,2877,8N72551,6,Indre Kvarøy,-0.0021167948579043972,4995,0.5018705090885726,50
0,Nesøy,3,3014,3663,3663,8N87836,14,Southern 4,-0.0021178316674599733,4996,0.5018705090885726,50
0,Nesøy,3,3014,3130,3130,8N73440,11,Southern 1,-0.002120908041475032,4997,0.5018705090885726,50
0,Nesøy,3,3014,2829,2829,8N72065,2,Træna,-0.0021218807878997732,4998,0.5018705090885726,50
0,Nesøy,3,3014,2094,2094,8N14178,6,Indre Kvarøy,-0.002122191074941167,4999,0.5018705090885726,50
0,Nesøy,3,3014,3004,3004,8N72986,2,Træna,-0.002126985117329801,5000,0.5018705090885726,50
0,Nesøy,3,3014,1260,1260,8N05136,12,Southern 2,-0.0021325089323000115,5001,0.5018705090885726,50
0,Nesøy,3,3014,308,308,8L52328,12,Southern 2,-0.002135405416142825,5002,0.5018705090885726,50
0,Nesøy,3,3014,3213,3213,8N73546,5,Hestmannøy,-0.0021370276533733143,5003,0.5018705090885726,50
0,Nesøy,3,3014,2257,2257,8N14639,13,Southern 3,-0.0021375857470087305,5004,0.5018705090885726,50
0,Nesøy,3,3014,5018,5018,8887206,4,Gjerøy,-0.002138256398286912,5005,0.5018705090885726,50
0,Nesøy,3,3014,2851,2851,8N72359,4,Gjerøy,-0.002146848960226421,5006,0.5018705090885726,50
0,Nesøy,3,3014,1581,1581,8N05818,7,Onøy og Lurøy,-0.002149995977137277,5007,0.5018705090885726,50
0,Nesøy,3,3014,3669,3669,8N87843,14,Southern 4,-0.0021552745933763754,5008,0.5018705090885726,50
0,Nesøy,3,3014,4358,4358,8681062,9,Sleneset,-0.0021599385953330434,5009,0.5018705090885726,50
0,Nesøy,3,3014,3829,3829,8P11385,14,Southern 4,-0.002176085786927046,5010,0.5018705090885726,50
0,Nesøy,3,3014,3687,3687,8N87862,14,Southern 4,-0.0021817136143823233,5011,0.5018705090885726,50
0,Nesøy,3,3014,5453,5453,8981046,12,Southern 2,-0.0021828602716080204,5012,0.5018705090885726,50
0,Nesøy,3,3014,1776,1776,8N06837,11,Southern 1,-0.002183503971482325,5013,0.5018705090885726,50
0,Nesøy,3,3014,5462,5462,8981156,12,Southern 2,-0.0021874957416262216,5014,0.5018705090885726,50
0,Nesøy,3,3014,306,306,8L52324,12,Southern 2,-0.00218956228921254,5015,0.5018705090885726,50
0,Nesøy,3,3014,4463,4463,8730493,4,Gjerøy,-0.0021907091247980624,5016,0.5018705090885726,50
0,Nesøy,3,3014,2510,2510,8N27903,6,Indre Kvarøy,-0.0021963827817031907,5017,0.5018705090885726,50
0,Nesøy,3,3014,3918,3918,8P11803,14,Southern 4,-0.002197673098350876,5018,0.5018705090885726,50
0,Nesøy,3,3014,2603,2603,8N28650,2,Træna,-0.002202391054862845,5019,0.5018705090885726,50
0,Nesøy,3,3014,2520,2520,8N27927,5,Hestmannøy,-0.0022122442585326744,5020,0.5018705090885726,50
0,Nesøy,3,3014,5245,5245,8939034,5,Hestmannøy,-0.002212817893024406,5021,0.5018705090885726,50
0,Nesøy,3,3014,681,681,8M31207,7,Onøy og Lurøy,-0.002213082246483987,5022,0.5018705090885726,50
0,Nesøy,3,3014,2670,2670,8N28909,8,Lovund,-0.0022139165798170397,5023,0.5018705090885726,50
0,Nesøy,3,3014,1880,1880,8N13408,2,Træna,-0.002219393591232383,5024,0.5018705090885726,50
0,Nesøy,3,3014,4613,4613,8747167,8,Lovund,-0.002226596488443049,5025,0.5018705090885726,50
0,Nesøy,3,3014,536,536,8M31823,12,Southern 2,-0.0022278418578888562,5026,0.5018705090885726,50
0,Nesøy,3,3014,2342,2342,8N14956,5,Hestmannøy,-0.0022350199294107658,5027,0.5018705090885726,50
0,Nesøy,3,3014,497,497,8M71141,13,Southern 3,-0.002239268836479697,5028,0.5018705090885726,50
0,Nesøy,3,3014,3421,3421,8N73987,12,Southern 2,-0.0022420227283088305,5029,0.5018705090885726,50
0,Nesøy,3,3014,1531,1531,8N05673,15,Southern 5,-0.0022426368610308474,5030,0.5018705090885726,50
0,Nesøy,3,3014,265,265,8L48781,11,Southern 1,-0.0022444696707082734,5031,0.5018705090885726,50
0,Nesøy,3,3014,5311,5311,8939451,9,Sleneset,-0.0022445594009313733,5032,0.5018705090885726,50
0,Nesøy,3,3014,4183,4183,8168638,5,Hestmannøy,-0.002255972762283934,5033,0.5018705090885726,50
0,Nesøy,3,3014,5066,5066,8887399,10,Aldra,-0.002258192697484568,5034,0.5018705090885726,50
0,Nesøy,3,3014,1630,1630,8N05942,2,Træna,-0.0022606505688460747,5035,0.5018705090885726,50
0,Nesøy,3,3014,4582,4582,8732681,4,Gjerøy,-0.0022657747469855584,5036,0.5018705090885726,50
0,Nesøy,3,3014,3639,3639,8N87812,14,Southern 4,-0.002268783255726615,5037,0.5018705090885726,50
0,Nesøy,3,3014,2346,2346,8N14960,5,Hestmannøy,-0.002271976922618242,5038,0.5018705090885726,50
0,Nesøy,3,3014,1275,1275,8N05152,12,Southern 2,-0.0022759495871870986,5039,0.5018705090885726,50
0,Nesøy,3,3014,1304,1304,8N05180,13,Southern 3,-0.0022784477655802492,5040,0.5018705090885726,50
0,Nesøy,3,3014,5293,5293,8939370,7,Onøy og Lurøy,-0.002283583563310905,5041,0.5018705090885726,50
0,Nesøy,3,3014,3211,3211,8N73530,4,Gjerøy,-0.0022878832513506288,5042,0.5018705090885726,50
0,Nesøy,3,3014,594,594,8L89441,4,Gjerøy,-0.002298740368326626,5043,0.5018705090885726,50
0,Nesøy,3,3014,774,774,8M31547,5,Hestmannøy,-0.002300520817266758,5044,0.5018705090885726,50
0,Nesøy,3,3014,701,701,8M31208,7,Onøy og Lurøy,-0.002304536112064645,5045,0.5018705090885726,50
0,Nesøy,3,3014,733,733,8M31328,5,Hestmannøy,-0.002314026636227684,5046,0.5018705090885726,50
0,Nesøy,3,3014,3475,3475,8N87264,8,Lovund,-0.0023155409821347915,5047,0.5018705090885726,50
0,Nesøy,3,3014,682,682,8L89988,2,Træna,-0.002316779044223912,5048,0.5018705090885726,50
0,Nesøy,3,3014,2490,2490,8N27813,1,Myken,-0.0023256924376937726,5049,0.5018705090885726,50
0,Nesøy,3,3014,1350,1350,8N05227,12,Southern 2,-0.002331682866094758,5050,0.5018705090885726,50
0,Nesøy,3,3014,118,118,8L30591,5,Hestmannøy,-0.0023407982157248614,5051,0.5018705090885726,50
0,Nesøy,3,3014,2309,2309,8N14692,13,Southern 3,-0.002341075163399686,5052,0.5018705090885726,50
0,Nesøy,3,3014,2152,2152,8N14531,11,Southern 1,-0.0023436387990742763,5053,0.5018705090885726,50
0,Nesøy,3,3014,4600,4600,8747102,5,Hestmannøy,-0.0023445084628633595,5054,0.5018705090885726,50
0,Nesøy,3,3014,1580,1580,8N05810,5,Hestmannøy,-0.0023567596567424394,5055,0.5018705090885726,50
0,Nesøy,3,3014,2400,2400,8N27095,2,Træna,-0.0023614768329085645,5056,0.5018705090885726,50
0,Nesøy,3,3014,422,422,8L57882,5,Hestmannøy,-0.002363258047926275,5057,0.5018705090885726,50
0,Nesøy,3,3014,2352,2352,8N14969,7,Onøy og Lurøy,-0.0023650280954045657,5058,0.5018705090885726,50
0,Nesøy,3,3014,4755,4755,8747935,4,Gjerøy,-0.0023653883050446544,5059,0.5018705090885726,50
0,Nesøy,3,3014,534,534,8M31828,12,Southern 2,-0.0023679378481172644,5060,0.5018705090885726,50
0,Nesøy,3,3014,1417,1417,8N05296,13,Southern 3,-0.0023744690379923915,5061,0.5018705090885726,50
0,Nesøy,3,3014,5183,5183,8934373,5,Hestmannøy,-0.0023774256613069812,5062,0.5018705090885726,50
0,Nesøy,3,3014,4335,4335,8681012,5,Hestmannøy,-0.0023864757849568923,5063,0.5018705090885726,50
0,Nesøy,3,3014,500,500,8M71106,13,Southern 3,-0.0023915750606928474,5064,0.5018705090885726,50
0,Nesøy,3,3014,1392,1392,8N05270,13,Southern 3,-0.002395882032214855,5065,0.5018705090885726,50
0,Nesøy,3,3014,1057,1057,8M31944,6,Indre Kvarøy,-0.002404939282150505,5066,0.5018705090885726,50
0,Nesøy,3,3014,874,874,8M71073,4,Gjerøy,-0.002404996694376666,5067,0.5018705090885726,50
0,Nesøy,3,3014,4138,4138,8P26528,9,Sleneset,-0.0024057840860783287,5068,0.5018705090885726,50
0,Nesøy,3,3014,5498,5498,8981293,5,Hestmannøy,-0.002408362160493976,5069,0.5018705090885726,50
0,Nesøy,3,3014,3083,3083,8N73245,14,Southern 4,-0.0024147730134233213,5070,0.5018705090885726,50
0,Nesøy,3,3014,3357,3357,8N73923,11,Southern 1,-0.002418427015134102,5071,0.5018705090885726,50
0,Nesøy,3,3014,2218,2218,8N14599,11,Southern 1,-0.002420907502699769,5072,0.5018705090885726,50
0,Nesøy,3,3014,1857,1857,8N05698,15,Southern 5,-0.002432774192749081,5073,0.5018705090885726,50
0,Nesøy,3,3014,1399,1399,8N05277,13,Southern 3,-0.0024363289716627322,5074,0.5018705090885726,50
0,Nesøy,3,3014,1642,1642,8N06186,3,Selvær,-0.0024412697623472563,5075,0.5018705090885726,50
0,Nesøy,3,3014,1394,1394,8N05272,13,Southern 3,-0.0024487731256342647,5076,0.5018705090885726,50
0,Nesøy,3,3014,5312,5312,8939460,3,Selvær,-0.0024503341570928667,5077,0.5018705090885726,50
0,Nesøy,3,3014,3336,3336,8N73901,11,Southern 1,-0.00245342240799117,5078,0.5018705090885726,50
0,Nesøy,3,3014,3928,3928,8P11964,5,Hestmannøy,-0.0024554986277798615,5079,0.5018705090885726,50
0,Nesøy,3,3014,5292,5292,8939369,7,Onøy og Lurøy,-0.002458526803044859,5080,0.5018705090885726,50
0,Nesøy,3,3014,1176,1176,8M72848,6,Indre Kvarøy,-0.0024588122616103036,5081,0.5018705090885726,50
0,Nesøy,3,3014,5124,5124,8917968,8,Lovund,-0.0024592119625916854,5082,0.5018705090885726,50
0,Nesøy,3,3014,5261,5261,8939122,4,Gjerøy,-0.0024645660631394816,5083,0.5018705090885726,50
0,Nesøy,3,3014,84,84,8L30164,12,Southern 2,-0.0024687852651203513,5084,0.5018705090885726,50
0,Nesøy,3,3014,1296,1296,8N05172,14,Southern 4,-0.002471640138886387,5085,0.5018705090885726,50
0,Nesøy,3,3014,667,667,8L89754,5,Hestmannøy,-0.002496896713620368,5086,0.5018705090885726,50
0,Nesøy,3,3014,723,723,8M31291,5,Hestmannøy,-0.002520164129649951,5087,0.5018705090885726,50
0,Nesøy,3,3014,976,976,8M71380,12,Southern 2,-0.002530323465338386,5088,0.5018705090885726,50
0,Nesøy,3,3014,2818,2818,8N42990,14,Southern 4,-0.002540084808631789,5089,0.5018705090885726,50
0,Nesøy,3,3014,2923,2923,8N72699,11,Southern 1,-0.002544389191264062,5090,0.5018705090885726,50
0,Nesøy,3,3014,4184,4184,8168639,4,Gjerøy,-0.0025467539818318937,5091,0.5018705090885726,50
0,Nesøy,3,3014,2430,2430,8N27275,5,Hestmannøy,-0.0025479837354793807,5092,0.5018705090885726,50
0,Nesøy,3,3014,5320,5320,8939542,6,Indre Kvarøy,-0.0025497556025033496,5093,0.5018705090885726,50
0,Nesøy,3,3014,4678,4678,8747573,9,Sleneset,-0.002550979664092706,5094,0.5018705090885726,50
0,Nesøy,3,3014,5544,5544,8981804,5,Hestmannøy,-0.002558261685222366,5095,0.5018705090885726,50
0,Nesøy,3,3014,3988,3988,8P14514,2,Træna,-0.0025702858539760833,5096,0.5018705090885726,50
0,Nesøy,3,3014,4631,4631,8747224,5,Hestmannøy,-0.0025766991095654227,5097,0.5018705090885726,50
0,Nesøy,3,3014,3677,3677,8N87852,14,Southern 4,-0.0025789075668200927,5098,0.5018705090885726,50
0,Nesøy,3,3014,2322,2322,8N14901,5,Hestmannøy,-0.0025842097957965104,5099,0.5018705090885726,50
0,Nesøy,3,3014,59,59,8L19979,5,Hestmannøy,-0.0025923421142431523,5100,0.5018705090885726,50
0,Nesøy,3,3014,4373,4373,8681098,6,Indre Kvarøy,-0.002595223710066913,5101,0.5018705090885726,50
0,Nesøy,3,3014,645,645,8L89691,5,Hestmannøy,-0.0026012535276337735,5102,0.5018705090885726,50
0,Nesøy,3,3014,3453,3453,8N87085,5,Hestmannøy,-0.002605671736328839,5103,0.5018705090885726,50
0,Nesøy,3,3014,3093,3093,8N73303,15,Southern 5,-0.002607087027899218,5104,0.5018705090885726,50
0,Nesøy,3,3014,831,831,8M31825,12,Southern 2,-0.00261225213573903,5105,0.5018705090885726,50
0,Nesøy,3,3014,471,471,8L64278,5,Hestmannøy,-0.002614417438255269,5106,0.5018705090885726,50
0,Nesøy,3,3014,388,388,8L52905,7,Onøy og Lurøy,-0.002619001869607784,5107,0.5018705090885726,50
0,Nesøy,3,3014,1680,1680,8N06477,12,Southern 2,-0.002626531799513462,5108,0.5018705090885726,50
0,Nesøy,3,3014,1316,1316,8N05193,13,Southern 3,-0.002626845047971786,5109,0.5018705090885726,50
0,Nesøy,3,3014,1041,1041,8M71866,5,Hestmannøy,-0.002638806912828179,5110,0.5018705090885726,50
0,Nesøy,3,3014,4086,4086,8P14964,14,Southern 4,-0.002643747451852575,5111,0.5018705090885726,50
0,Nesøy,3,3014,1520,1520,8N05662,13,Southern 3,-0.0026565203577130912,5112,0.5018705090885726,50
0,Nesøy,3,3014,4066,4066,8N14907,4,Gjerøy,-0.0026742829434269373,5113,0.5018705090885726,50
0,Nesøy,3,3014,2656,2656,8N28833,5,Hestmannøy,-0.002675623283285329,5114,0.5018705090885726,50
0,Nesøy,3,3014,1851,1851,8N06999,6,Indre Kvarøy,-0.0026829435364516064,5115,0.5018705090885726,50
0,Nesøy,3,3014,3071,3071,8N73233,12,Southern 2,-0.0026830604985214617,5116,0.5018705090885726,50
0,Nesøy,3,3014,4248,4248,8573156,4,Gjerøy,-0.0026850971392520196,5117,0.5018705090885726,50
0,Nesøy,3,3014,4938,4938,8816949,4,Gjerøy,-0.0026895139473107578,5118,0.5018705090885726,50
0,Nesøy,3,3014,128,128,8L30695,12,Southern 2,-0.002690401250450661,5119,0.5018705090885726,50
0,Nesøy,3,3014,1701,1701,8N06498,12,Southern 2,-0.002693269035835152,5120,0.5018705090885726,50
0,Nesøy,3,3014,2458,2458,8N27408,7,Onøy og Lurøy,-0.002695638125969693,5121,0.5018705090885726,50
0,Nesøy,3,3014,1563,1563,8N05711,5,Hestmannøy,-0.0026985760101052537,5122,0.5018705090885726,50
0,Nesøy,3,3014,2696,2696,8N42191,2,Træna,-0.0027018296411892634,5123,0.5018705090885726,50
0,Nesøy,3,3014,1047,1047,8M72009,6,Indre Kvarøy,-0.0027222017892501492,5124,0.5018705090885726,50
0,Nesøy,3,3014,962,962,8M71351,12,Southern 2,-0.002723368989134709,5125,0.5018705090885726,50
0,Nesøy,3,3014,4432,4432,8681473,3,Selvær,-0.0027292861531387647,5126,0.5018705090885726,50
0,Nesøy,3,3014,4537,4537,8732525,9,Sleneset,-0.0027295111424920928,5127,0.5018705090885726,50
0,Nesøy,3,3014,1524,1524,8N05361,15,Southern 5,-0.00272958966479087,5128,0.5018705090885726,50
0,Nesøy,3,3014,4115,4115,8P14993,14,Southern 4,-0.0027330720172667523,5129,0.5018705090885726,50
0,Nesøy,3,3014,848,848,8M31923,5,Hestmannøy,-0.0027388633007919185,5130,0.5018705090885726,50
0,Nesøy,3,3014,34,34,8L19900,6,Indre Kvarøy,-0.0027395288349694497,5131,0.5018705090885726,50
0,Nesøy,3,3014,4965,4965,8857257,9,Sleneset,-0.002748257280919928,5132,0.5018705090885726,50
0,Nesøy,3,3014,1930,1930,8N13629,14,Southern 4,-0.0027544556708537647,5133,0.5018705090885726,50
0,Nesøy,3,3014,552,552,8L89273,5,Hestmannøy,-0.0027603492063599817,5134,0.5018705090885726,50
0,Nesøy,3,3014,2892,2892,8N72664,5,Hestmannøy,-0.0027621586617083095,5135,0.5018705090885726,50
0,Nesøy,3,3014,1328,1328,8N05205,12,Southern 2,-0.00276461375759092,5136,0.5018705090885726,50
0,Nesøy,3,3014,3314,3314,8N73696,13,Southern 3,-0.0027684479792405635,5137,0.5018705090885726,50
0,Nesøy,3,3014,2448,2448,8N27352,6,Indre Kvarøy,-0.0027707019676336308,5138,0.5018705090885726,50
0,Nesøy,3,3014,2495,2495,8N27854,1,Myken,-0.002771728344638741,5139,0.5018705090885726,50
0,Nesøy,3,3014,1695,1695,8N06492,12,Southern 2,-0.002774471248387954,5140,0.5018705090885726,50
0,Nesøy,3,3014,3825,3825,8P11321,4,Gjerøy,-0.002776781301228437,5141,0.5018705090885726,50
0,Nesøy,3,3014,1043,1043,8M71873,5,Hestmannøy,-0.0027774904091586484,5142,0.5018705090885726,50
0,Nesøy,3,3014,4110,4110,8P14987,14,Southern 4,-0.0027862253696947837,5143,0.5018705090885726,50
0,Nesøy,3,3014,2747,2747,8N42527,5,Hestmannøy,-0.0027864606167516,5144,0.5018705090885726,50
0,Nesøy,3,3014,5299,5299,8939376,7,Onøy og Lurøy,-0.0027941834836300544,5145,0.5018705090885726,50
0,Nesøy,3,3014,4656,4656,8747498,3,Selvær,-0.0027988758160623073,5146,0.5018705090885726,50
0,Nesøy,3,3014,3450,3450,8N87071,5,Hestmannøy,-0.0028031174756152823,5147,0.5018705090885726,50
0,Nesøy,3,3014,4257,4257,8573608,7,Onøy og Lurøy,-0.0028087414726513595,5148,0.5018705090885726,50
0,Nesøy,3,3014,2396,2396,8N27091,14,Southern 4,-0.0028115769421344626,5149,0.5018705090885726,50
0,Nesøy,3,3014,1193,1193,8M72924,5,Hestmannøy,-0.0028228904603372464,5150,0.5018705090885726,50
0,Nesøy,3,3014,4718,4718,8747738,7,Onøy og Lurøy,-0.0028244438271930756,5151,0.5018705090885726,50
0,Nesøy,3,3014,5082,5082,8887451,5,Hestmannøy,-0.002843992542393667,5152,0.5018705090885726,50
0,Nesøy,3,3014,3273,3273,8N73654,13,Southern 3,-0.0028502358574461458,5153,0.5018705090885726,50
0,Nesøy,3,3014,4074,4074,8P14938,14,Southern 4,-0.0028617613545154257,5154,0.5018705090885726,50
0,Nesøy,3,3014,286,286,8L52212,5,Hestmannøy,-0.002866261736806071,5155,0.5018705090885726,50
0,Nesøy,3,3014,2049,2049,8N14001,6,Indre Kvarøy,-0.0028707414907378943,5156,0.5018705090885726,50
0,Nesøy,3,3014,3648,3648,8N87821,14,Southern 4,-0.0028725432755877687,5157,0.5018705090885726,50
0,Nesøy,3,3014,3276,3276,8N73656,13,Southern 3,-0.0028974782354892347,5158,0.5018705090885726,50
0,Nesøy,3,3014,5557,5557,8981856,5,Hestmannøy,-0.0029002031925611893,5159,0.5018705090885726,50
0,Nesøy,3,3014,4715,4715,8747735,7,Onøy og Lurøy,-0.0029003529000112475,5160,0.5018705090885726,50
0,Nesøy,3,3014,3974,3974,8P14333,14,Southern 4,-0.0029041611622734973,5161,0.5018705090885726,50
0,Nesøy,3,3014,4098,4098,8P14977,14,Southern 4,-0.002906600889090216,5162,0.5018705090885726,50
0,Nesøy,3,3014,2160,2160,8N14539,11,Southern 1,-0.0029133989525553655,5163,0.5018705090885726,50
0,Nesøy,3,3014,1868,1868,8N13149,14,Southern 4,-0.002921013981360905,5164,0.5018705090885726,50
0,Nesøy,3,3014,4016,4016,8P14769,1,Myken,-0.002921721355717858,5165,0.5018705090885726,50
0,Nesøy,3,3014,583,583,8L89389,5,Hestmannøy,-0.002924220919587314,5166,0.5018705090885726,50
0,Nesøy,3,3014,2854,2854,8N72376,4,Gjerøy,-0.002925628553605183,5167,0.5018705090885726,50
0,Nesøy,3,3014,1026,1026,8M71673,3,Selvær,-0.002927366355856505,5168,0.5018705090885726,50
0,Nesøy,3,3014,1869,1869,8N13216,9,Sleneset,-0.002933200953116551,5169,0.5018705090885726,50
0,Nesøy,3,3014,5297,5297,8939374,7,Onøy og Lurøy,-0.002941919330394766,5170,0.5018705090885726,50
0,Nesøy,3,3014,2087,2087,8N14157,6,Indre Kvarøy,-0.002949696926724702,5171,0.5018705090885726,50
0,Nesøy,3,3014,210,210,8L48454,5,Hestmannøy,-0.002955884190250899,5172,0.5018705090885726,50
0,Nesøy,3,3014,4318,4318,8651907,2,Træna,-0.00296376333850928,5173,0.5018705090885726,50
0,Nesøy,3,3014,1450,1450,8N05513,8,Lovund,-0.0029717996251959465,5174,0.5018705090885726,50
0,Nesøy,3,3014,1936,1936,8N13635,14,Southern 4,-0.00297245035000705,5175,0.5018705090885726,50
0,Nesøy,3,3014,3833,3833,8P11429,1,Myken,-0.0029764794625717008,5176,0.5018705090885726,50
0,Nesøy,3,3014,193,193,8L48334,6,Indre Kvarøy,-0.002982443694573335,5177,0.5018705090885726,50
0,Nesøy,3,3014,2200,2200,8N14581,11,Southern 1,-0.00298594278433287,5178,0.5018705090885726,50
0,Nesøy,3,3014,4640,4640,8747295,9,Sleneset,-0.0029898537061943337,5179,0.5018705090885726,50
0,Nesøy,3,3014,5518,5518,8981601,10,Aldra,-0.0029902830669971308,5180,0.5018705090885726,50
0,Nesøy,3,3014,4736,4736,8747807,6,Indre Kvarøy,-0.0029914605033229684,5181,0.5018705090885726,50
0,Nesøy,3,3014,4271,4271,8598591,1,Myken,-0.0029955873243243413,5182,0.5018705090885726,50
0,Nesøy,3,3014,3329,3329,8N73819,5,Hestmannøy,-0.0029970105482944533,5183,0.5018705090885726,50
0,Nesøy,3,3014,505,505,8L64829,9,Sleneset,-0.0030114026185412784,5184,0.5018705090885726,50
0,Nesøy,3,3014,2133,2133,8N14443,4,Gjerøy,-0.0030127785233928263,5185,0.5018705090885726,50
0,Nesøy,3,3014,112,112,8L30468,12,Southern 2,-0.0030145642891539395,5186,0.5018705090885726,50
0,Nesøy,3,3014,1075,1075,8M72304,8,Lovund,-0.0030159443713213756,5187,0.5018705090885726,50
0,Nesøy,3,3014,3364,3364,8N73930,12,Southern 2,-0.0030170659057167965,5188,0.5018705090885726,50
0,Nesøy,3,3014,761,761,8M31497,4,Gjerøy,-0.0030230548119380986,5189,0.5018705090885726,50
0,Nesøy,3,3014,3749,3749,8N87926,13,Southern 3,-0.0030293927931420283,5190,0.5018705090885726,50
0,Nesøy,3,3014,4827,4827,8800175,6,Indre Kvarøy,-0.0030454358945034283,5191,0.5018705090885726,50
0,Nesøy,3,3014,301,301,8L52310,5,Hestmannøy,-0.0030531052947881335,5192,0.5018705090885726,50
0,Nesøy,3,3014,1974,1974,8N13676,13,Southern 3,-0.003071926217883949,5193,0.5018705090885726,50
0,Nesøy,3,3014,1189,1189,8M72909,5,Hestmannøy,-0.003080033681089104,5194,0.5018705090885726,50
0,Nesøy,3,3014,2717,2717,8N42424,14,Southern 4,-0.003085576402975898,5195,0.5018705090885726,50
0,Nesøy,3,3014,4749,4749,8747879,1,Myken,-0.003090582389107875,5196,0.5018705090885726,50
0,Nesøy,3,3014,825,825,8L89486,11,Southern 1,-0.003095231973577236,5197,0.5018705090885726,50
0,Nesøy,3,3014,62,62,8L19988,4,Gjerøy,-0.0031004065416271463,5198,0.5018705090885726,50
0,Nesøy,3,3014,106,106,8L30445,4,Gjerøy,-0.003103544063243646,5199,0.5018705090885726,50
0,Nesøy,3,3014,4352,4352,8681054,4,Gjerøy,-0.0031142376675319,5200,0.5018705090885726,50
0,Nesøy,3,3014,2154,2154,8N14533,11,Southern 1,-0.0031208692417256344,5201,0.5018705090885726,50
0,Nesøy,3,3014,5454,5454,8981047,12,Southern 2,-0.0031312168390060804,5202,0.5018705090885726,50
0,Nesøy,3,3014,2114,2114,8N14294,15,Southern 5,-0.003139532455314093,5203,0.5018705090885726,50
0,Nesøy,3,3014,952,952,8L64459,13,Southern 3,-0.003144139704712998,5204,0.5018705090885726,50
0,Nesøy,3,3014,309,309,8L52329,12,Southern 2,-0.003145278988955726,5205,0.5018705090885726,50
0,Nesøy,3,3014,3438,3438,8N87053,5,Hestmannøy,-0.0031492682297314402,5206,0.5018705090885726,50
0,Nesøy,3,3014,671,671,8L89793,5,Hestmannøy,-0.0031500872337008124,5207,0.5018705090885726,50
0,Nesøy,3,3014,4381,4381,8681183,4,Gjerøy,-0.0031612670294356017,5208,0.5018705090885726,50
0,Nesøy,3,3014,491,491,8M71162,13,Southern 3,-0.0031721464871227673,5209,0.5018705090885726,50
0,Nesøy,3,3014,2701,2701,8N42249,2,Træna,-0.0031744042651605108,5210,0.5018705090885726,50
0,Nesøy,3,3014,3948,3948,8P14103,4,Gjerøy,-0.0031962378226621964,5211,0.5018705090885726,50
0,Nesøy,3,3014,5367,5367,8939915,11,Southern 1,-0.0031971722957252237,5212,0.5018705090885726,50
0,Nesøy,3,3014,3764,3764,8N87941,13,Southern 3,-0.0032029362954221208,5213,0.5018705090885726,50
0,Nesøy,3,3014,1955,1955,8N13656,13,Southern 3,-0.0032030545680290213,5214,0.5018705090885726,50
0,Nesøy,3,3014,2605,2605,8N28681,5,Hestmannøy,-0.0032050513297117223,5215,0.5018705090885726,50
0,Nesøy,3,3014,4879,4879,8800512,5,Hestmannøy,-0.0032069513088042213,5216,0.5018705090885726,50
0,Nesøy,3,3014,64,64,8L19998,5,Hestmannøy,-0.0032176211311263775,5217,0.5018705090885726,50
0,Nesøy,3,3014,76,76,8L26595,6,Indre Kvarøy,-0.0032244925968876103,5218,0.5018705090885726,50
0,Nesøy,3,3014,4782,4782,8794368,4,Gjerøy,-0.003226844662545979,5219,0.5018705090885726,50
0,Nesøy,3,3014,3255,3255,8N73636,13,Southern 3,-0.003235490859081486,5220,0.5018705090885726,50
0,Nesøy,3,3014,2980,2980,8N72941,13,Southern 3,-0.0032361898675840593,5221,0.5018705090885726,50
0,Nesøy,3,3014,726,726,8M31297,6,Indre Kvarøy,-0.003240321832988332,5222,0.5018705090885726,50
0,Nesøy,3,3014,1644,1644,8N06290,2,Træna,-0.003240905394954926,5223,0.5018705090885726,50
0,Nesøy,3,3014,5288,5288,8939360,5,Hestmannøy,-0.003243714694976777,5224,0.5018705090885726,50
0,Nesøy,3,3014,115,115,8L30487,12,Southern 2,-0.003250034061694826,5225,0.5018705090885726,50
0,Nesøy,3,3014,4610,4610,8747145,2,Træna,-0.003263607166531106,5226,0.5018705090885726,50
0,Nesøy,3,3014,4272,4272,8598592,3,Selvær,-0.003265888932877038,5227,0.5018705090885726,50
0,Nesøy,3,3014,3551,3551,8N87564,11,Southern 1,-0.00327160373513868,5228,0.5018705090885726,50
0,Nesøy,3,3014,3455,3455,8N87115,4,Gjerøy,-0.0033167670296871104,5229,0.5018705090885726,50
0,Nesøy,3,3014,3565,3565,8N87578,11,Southern 1,-0.003318873909485683,5230,0.5018705090885726,50
0,Nesøy,3,3014,2066,2066,8N14022,4,Gjerøy,-0.0033259120757624184,5231,0.5018705090885726,50
0,Nesøy,3,3014,2874,2874,8N72519,4,Gjerøy,-0.0033263208437352377,5232,0.5018705090885726,50
0,Nesøy,3,3014,652,652,8L89720,4,Gjerøy,-0.0033406846855779217,5233,0.5018705090885726,50
0,Nesøy,3,3014,117,117,8L30500,2,Træna,-0.0033519927941170068,5234,0.5018705090885726,50
0,Nesøy,3,3014,5184,5184,8934374,5,Hestmannøy,-0.0033533107066529007,5235,0.5018705090885726,50
0,Nesøy,3,3014,3468,3468,8N87245,2,Træna,-0.0033542504852868554,5236,0.5018705090885726,50
0,Nesøy,3,3014,4449,4449,8730444,1,Myken,-0.0033672676829272397,5237,0.5018705090885726,50
0,Nesøy,3,3014,1652,1652,8N06347,4,Gjerøy,-0.0033765464511017387,5238,0.5018705090885726,50
0,Nesøy,3,3014,4743,4743,8747865,9,Sleneset,-0.003380555077712574,5239,0.5018705090885726,50
0,Nesøy,3,3014,3800,3800,8N87977,13,Southern 3,-0.0033826163129834015,5240,0.5018705090885726,50
0,Nesøy,3,3014,4337,4337,8681024,5,Hestmannøy,-0.0033839191077965026,5241,0.5018705090885726,50
0,Nesøy,3,3014,893,893,8L64754,13,Southern 3,-0.0033951065885524257,5242,0.5018705090885726,50
0,Nesøy,3,3014,2553,2553,8N28177,3,Selvær,-0.003424445002798825,5243,0.5018705090885726,50
0,Nesøy,3,3014,4234,4234,8309274,5,Hestmannøy,-0.003424654351825929,5244,0.5018705090885726,50
0,Nesøy,3,3014,3257,3257,8N73638,13,Southern 3,-0.0034305789597288082,5245,0.5018705090885726,50
0,Nesøy,3,3014,3461,3461,8N87168,4,Gjerøy,-0.0034827664568271004,5246,0.5018705090885726,50
0,Nesøy,3,3014,42,42,8L19926,10,Aldra,-0.0035022798144523273,5247,0.5018705090885726,50
0,Nesøy,3,3014,3957,3957,8P14173,1,Myken,-0.003509980799554645,5248,0.5018705090885726,50
0,Nesøy,3,3014,4620,4620,8747229,5,Hestmannøy,-0.003518713979383047,5249,0.5018705090885726,50
0,Nesøy,3,3014,1646,1646,8N06293,2,Træna,-0.0035202681375948253,5250,0.5018705090885726,50
0,Nesøy,3,3014,1087,1087,8M72420,13,Southern 3,-0.0035241312800650846,5251,0.5018705090885726,50
0,Nesøy,3,3014,2333,2333,8N14933,5,Hestmannøy,-0.0035489354247701253,5252,0.5018705090885726,50
0,Nesøy,3,3014,5290,5290,8939366,7,Onøy og Lurøy,-0.0035562442012827267,5253,0.5018705090885726,50
0,Nesøy,3,3014,4480,4480,8730553,3,Selvær,-0.003570757564214332,5254,0.5018705090885726,50
0,Nesøy,3,3014,5420,5420,8943704,11,Southern 1,-0.0035789373144262593,5255,0.5018705090885726,50
0,Nesøy,3,3014,5177,5177,8934353,7,Onøy og Lurøy,-0.0035803274871346897,5256,0.5018705090885726,50
0,Nesøy,3,3014,655,655,8L89724,4,Gjerøy,-0.0035843134156967917,5257,0.5018705090885726,50
0,Nesøy,3,3014,3401,3401,8N73967,12,Southern 2,-0.0035867930213777815,5258,0.5018705090885726,50
0,Nesøy,3,3014,577,577,8L89379,5,Hestmannøy,-0.003598022188054768,5259,0.5018705090885726,50
0,Nesøy,3,3014,578,578,8L89380,5,Hestmannøy,-0.0036036907036511917,5260,0.5018705090885726,50
0,Nesøy,3,3014,459,459,8M71358,12,Southern 2,-0.003605785323665507,5261,0.5018705090885726,50
0,Nesøy,3,3014,4674,4674,8747555,5,Hestmannøy,-0.003606506300654763,5262,0.5018705090885726,50
0,Nesøy,3,3014,630,630,8L89639,5,Hestmannøy,-0.0036164243110865983,5263,0.5018705090885726,50
0,Nesøy,3,3014,1383,1383,8N05261,13,Southern 3,-0.0036223451365338263,5264,0.5018705090885726,50
0,Nesøy,3,3014,597,597,8L89466,6,Indre Kvarøy,-0.0036244162296889225,5265,0.5018705090885726,50
0,Nesøy,3,3014,4185,4185,8168642,5,Hestmannøy,-0.0036718396305592035,5266,0.5018705090885726,50
0,Nesøy,3,3014,2190,2190,8N14571,11,Southern 1,-0.0036750274879554247,5267,0.5018705090885726,50
0,Nesøy,3,3014,1426,1426,8N05305,13,Southern 3,-0.0036889765868593975,5268,0.5018705090885726,50
0,Nesøy,3,3014,4353,4353,8681055,6,Indre Kvarøy,-0.003693295614238955,5269,0.5018705090885726,50
0,Nesøy,3,3014,190,190,8L48318,5,Hestmannøy,-0.003700937890400562,5270,0.5018705090885726,50
0,Nesøy,3,3014,1300,1300,8N05176,13,Southern 3,-0.0037010639908925894,5271,0.5018705090885726,50
0,Nesøy,3,3014,713,713,8M31262,5,Hestmannøy,-0.0037076007764637654,5272,0.5018705090885726,50
0,Nesøy,3,3014,1158,1158,8M72708,6,Indre Kvarøy,-0.003740316441375642,5273,0.5018705090885726,50
0,Nesøy,3,3014,5009,5009,8866795,6,Indre Kvarøy,-0.0037404897930300553,5274,0.5018705090885726,50
0,Nesøy,3,3014,4226,4226,8309254,5,Hestmannøy,-0.003742451109541764,5275,0.5018705090885726,50
0,Nesøy,3,3014,5371,5371,8943009,5,Hestmannøy,-0.003774357680123595,5276,0.5018705090885726,50
0,Nesøy,3,3014,724,724,8M31293,5,Hestmannøy,-0.003784452413627024,5277,0.5018705090885726,50
0,Nesøy,3,3014,4698,4698,8747689,2,Træna,-0.0037902543885632435,5278,0.5018705090885726,50
0,Nesøy,3,3014,1343,1343,8N05220,12,Southern 2,-0.003796715920944268,5279,0.5018705090885726,50
0,Nesøy,3,3014,808,808,8M31765,11,Southern 1,-0.0038048936921925825,5280,0.5018705090885726,50
0,Nesøy,3,3014,2091,2091,8N14166,5,Hestmannøy,-0.0038077878574899545,5281,0.5018705090885726,50
0,Nesøy,3,3014,2883,2883,8N72592,10,Aldra,-0.0038140247770771674,5282,0.5018705090885726,50
0,Nesøy,3,3014,3965,3965,8P14262,5,Hestmannøy,-0.0038592505750240707,5283,0.5018705090885726,50
0,Nesøy,3,3014,4881,4881,8800519,5,Hestmannøy,-0.0038701570969836697,5284,0.5018705090885726,50
0,Nesøy,3,3014,1008,1008,8M71504,4,Gjerøy,-0.0038719617966060603,5285,0.5018705090885726,50
0,Nesøy,3,3014,3480,3480,8N87273,8,Lovund,-0.0038914019472481042,5286,0.5018705090885726,50
0,Nesøy,3,3014,5432,5432,8943837,6,Indre Kvarøy,-0.00389968395858981,5287,0.5018705090885726,50
0,Nesøy,3,3014,3868,3868,8P11550,14,Southern 4,-0.003901491792090123,5288,0.5018705090885726,50
0,Nesøy,3,3014,2933,2933,8N72746,5,Hestmannøy,-0.0039041237008507978,5289,0.5018705090885726,50
0,Nesøy,3,3014,2613,2613,8N28690,6,Indre Kvarøy,-0.003935384092580909,5290,0.5018705090885726,50
0,Nesøy,3,3014,521,521,8L64902,5,Hestmannøy,-0.003938031000997776,5291,0.5018705090885726,50
0,Nesøy,3,3014,547,547,8L89265,5,Hestmannøy,-0.003946317720044667,5292,0.5018705090885726,50
0,Nesøy,3,3014,3437,3437,8N87052,5,Hestmannøy,-0.003952684603996153,5293,0.5018705090885726,50
0,Nesøy,3,3014,509,509,8L64840,3,Selvær,-0.003964457015044376,5294,0.5018705090885726,50
0,Nesøy,3,3014,3657,3657,8N87830,14,Southern 4,-0.00398437245475452,5295,0.5018705090885726,50
0,Nesøy,3,3014,4155,4155,8P26701,7,Onøy og Lurøy,-0.0039849231130802375,5296,0.5018705090885726,50
0,Nesøy,3,3014,4021,4021,8P14811,15,Southern 5,-0.003996015664629041,5297,0.5018705090885726,50
0,Nesøy,3,3014,2782,2782,8N42716,4,Gjerøy,-0.004001693047777637,5298,0.5018705090885726,50
0,Nesøy,3,3014,2807,2807,8N42928,5,Hestmannøy,-0.0040157051573045085,5299,0.5018705090885726,50
0,Nesøy,3,3014,4158,4158,8P26739,7,Onøy og Lurøy,-0.00402013400467852,5300,0.5018705090885726,50
0,Nesøy,3,3014,3496,3496,8N87371,4,Gjerøy,-0.004040646719220569,5301,0.5018705090885726,50
0,Nesøy,3,3014,5459,5459,8981096,11,Southern 1,-0.004044055150832928,5302,0.5018705090885726,50
0,Nesøy,3,3014,1030,1030,8M71735,3,Selvær,-0.004044444059943529,5303,0.5018705090885726,50
0,Nesøy,3,3014,830,830,8M31824,12,Southern 2,-0.0040576850844630495,5304,0.5018705090885726,50
0,Nesøy,3,3014,2690,2690,8N42130,9,Sleneset,-0.00406397753037493,5305,0.5018705090885726,50
0,Nesøy,3,3014,4903,4903,8800663,12,Southern 2,-0.004068655862792754,5306,0.5018705090885726,50
0,Nesøy,3,3014,4067,4067,8P14907,14,Southern 4,-0.004069315556493894,5307,0.5018705090885726,50
0,Nesøy,3,3014,3750,3750,8N87927,13,Southern 3,-0.004077439978319231,5308,0.5018705090885726,50
0,Nesøy,3,3014,2172,2172,8N14552,11,Southern 1,-0.004098373991328142,5309,0.5018705090885726,50
0,Nesøy,3,3014,1877,1877,8N13373,2,Træna,-0.004123875401221029,5310,0.5018705090885726,50
0,Nesøy,3,3014,2149,2149,8N14528,11,Southern 1,-0.004129136124382402,5311,0.5018705090885726,50
0,Nesøy,3,3014,85,85,8L30167,12,Southern 2,-0.004175897095293725,5312,0.5018705090885726,50
0,Nesøy,3,3014,3729,3729,8N87905,13,Southern 3,-0.004190107402941506,5313,0.5018705090885726,50
0,Nesøy,3,3014,2397,2397,8N27092,14,Southern 4,-0.004197684209575508,5314,0.5018705090885726,50
0,Nesøy,3,3014,852,852,8M31927,5,Hestmannøy,-0.004218327296414013,5315,0.5018705090885726,50
0,Nesøy,3,3014,2323,2323,8N14902,6,Indre Kvarøy,-0.004234469161669834,5316,0.5018705090885726,50
0,Nesøy,3,3014,1480,1480,8N05615,14,Southern 4,-0.00424843746161324,5317,0.5018705090885726,50
0,Nesøy,3,3014,4200,4200,8168768,5,Hestmannøy,-0.004248797466883969,5318,0.5018705090885726,50
0,Nesøy,3,3014,4926,4926,8816921,6,Indre Kvarøy,-0.004268016047961739,5319,0.5018705090885726,50
0,Nesøy,3,3014,3575,3575,8N87589,11,Southern 1,-0.004269531089852707,5320,0.5018705090885726,50
0,Nesøy,3,3014,1540,1540,8N05682,15,Southern 5,-0.00427178537868679,5321,0.5018705090885726,50
0,Nesøy,3,3014,1492,1492,8N05627,14,Southern 4,-0.0042886409568802355,5322,0.5018705090885726,50
0,Nesøy,3,3014,1720,1720,8N06674,14,Southern 4,-0.004299040029132829,5323,0.5018705090885726,50
0,Nesøy,3,3014,2063,2063,8N14016,7,Onøy og Lurøy,-0.004300628572270943,5324,0.5018705090885726,50
0,Nesøy,3,3014,4058,4058,8P14869,14,Southern 4,-0.004300913610233832,5325,0.5018705090885726,50
0,Nesøy,3,3014,1803,1803,8N06864,11,Southern 1,-0.004316784293708469,5326,0.5018705090885726,50
0,Nesøy,3,3014,5291,5291,8939368,7,Onøy og Lurøy,-0.004317438660663721,5327,0.5018705090885726,50
0,Nesøy,3,3014,468,468,8L64266,3,Selvær,-0.004326358402661958,5328,0.5018705090885726,50
0,Nesøy,3,3014,5045,5045,8887310,5,Hestmannøy,-0.00432804419760454,5329,0.5018705090885726,50
0,Nesøy,3,3014,2679,2679,8N42033,8,Lovund,-0.004368732776575673,5330,0.5018705090885726,50
0,Nesøy,3,3014,5056,5056,8887352,5,Hestmannøy,-0.0043873482373498,5331,0.5018705090885726,50
0,Nesøy,3,3014,611,611,8L89518,5,Hestmannøy,-0.004400758369597547,5332,0.5018705090885726,50
0,Nesøy,3,3014,5071,5071,8887416,6,Indre Kvarøy,-0.004402568428461166,5333,0.5018705090885726,50
0,Nesøy,3,3014,5076,5076,8887439,5,Hestmannøy,-0.004425247532827367,5334,0.5018705090885726,50
0,Nesøy,3,3014,78,78,8L26597,6,Indre Kvarøy,-0.004432647963137357,5335,0.5018705090885726,50
0,Nesøy,3,3014,3101,3101,8N73311,15,Southern 5,-0.004436034591780295,5336,0.5018705090885726,50
0,Nesøy,3,3014,4314,4314,8651882,4,Gjerøy,-0.004452849535612819,5337,0.5018705090885726,50
0,Nesøy,3,3014,4384,4384,8681200,4,Gjerøy,-0.00445597369631525,5338,0.5018705090885726,50
0,Nesøy,3,3014,3578,3578,8N87592,11,Southern 1,-0.004474928462023433,5339,0.5018705090885726,50
0,Nesøy,3,3014,696,696,8M31165,2,Træna,-0.0045097435344163975,5340,0.5018705090885726,50
0,Nesøy,3,3014,3653,3653,8N87826,14,Southern 4,-0.0045254560938229795,5341,0.5018705090885726,50
0,Nesøy,3,3014,5101,5101,8904676,9,Sleneset,-0.004525456642721241,5342,0.5018705090885726,50
0,Nesøy,3,3014,2925,2925,8N72716,4,Gjerøy,-0.004530124482212334,5343,0.5018705090885726,50
0,Nesøy,3,3014,888,888,8L64795,13,Southern 3,-0.004537498810060289,5344,0.5018705090885726,50
0,Nesøy,3,3014,2223,2223,8N14604,13,Southern 3,-0.004575460114095154,5345,0.5018705090885726,50
0,Nesøy,3,3014,3743,3743,8N87920,13,Southern 3,-0.004592478218382945,5346,0.5018705090885726,50
0,Nesøy,3,3014,4882,4882,8800529,10,Aldra,-0.004615330040082338,5347,0.5018705090885726,50
0,Nesøy,3,3014,1174,1174,8M72818,5,Hestmannøy,-0.004641134796107732,5348,0.5018705090885726,50
0,Nesøy,3,3014,5007,5007,8866791,5,Hestmannøy,-0.004667545687436975,5349,0.5018705090885726,50
0,Nesøy,3,3014,4790,4790,8800027,4,Gjerøy,-0.004669771297520411,5350,0.5018705090885726,50
0,Nesøy,3,3014,4445,4445,8730437,5,Hestmannøy,-0.004675089063587186,5351,0.5018705090885726,50
0,Nesøy,3,3014,4779,4779,8794352,1,Myken,-0.004678343062000822,5352,0.5018705090885726,50
0,Nesøy,3,3014,67,67,8L26538,10,Aldra,-0.004681560590380707,5353,0.5018705090885726,50
0,Nesøy,3,3014,5204,5204,8934473,3,Selvær,-0.004685711187651652,5354,0.5018705090885726,50
0,Nesøy,3,3014,2095,2095,8N14181,6,Indre Kvarøy,-0.00468598901187498,5355,0.5018705090885726,50
0,Nesøy,3,3014,1455,1455,8N05534,5,Hestmannøy,-0.004692394181737661,5356,0.5018705090885726,50
0,Nesøy,3,3014,2494,2494,8N27835,6,Indre Kvarøy,-0.004697753508695804,5357,0.5018705090885726,50
0,Nesøy,3,3014,2358,2358,8N14975,7,Onøy og Lurøy,-0.0047093058864177756,5358,0.5018705090885726,50
0,Nesøy,3,3014,3245,3245,8N73626,11,Southern 1,-0.00472645058847239,5359,0.5018705090885726,50
0,Nesøy,3,3014,2882,2882,8N72578,4,Gjerøy,-0.0047309329426539785,5360,0.5018705090885726,50
0,Nesøy,3,3014,2813,2813,8N42986,14,Southern 4,-0.004755840435868853,5361,0.5018705090885726,50
0,Nesøy,3,3014,3380,3380,8N73946,12,Southern 2,-0.00477753824900968,5362,0.5018705090885726,50
0,Nesøy,3,3014,1251,1251,8N05127,14,Southern 4,-0.004803878493929569,5363,0.5018705090885726,50
0,Nesøy,3,3014,94,94,8L30300,5,Hestmannøy,-0.00481933755605277,5364,0.5018705090885726,50
0,Nesøy,3,3014,1273,1273,8N05149,12,Southern 2,-0.00486746224525077,5365,0.5018705090885726,50
0,Nesøy,3,3014,4399,4399,8681287,7,Onøy og Lurøy,-0.004880612996058769,5366,0.5018705090885726,50
0,Nesøy,3,3014,3491,3491,8N87353,4,Gjerøy,-0.004891905036215192,5367,0.5018705090885726,50
0,Nesøy,3,3014,14,14,8L19656,3,Selvær,-0.004901613487874465,5368,0.5018705090885726,50
0,Nesøy,3,3014,4702,4702,8747703,5,Hestmannøy,-0.00490539042951312,5369,0.5018705090885726,50
0,Nesøy,3,3014,3275,3275,8N73657,13,Southern 3,-0.004907023755946704,5370,0.5018705090885726,50
0,Nesøy,3,3014,638,638,8L89654,5,Hestmannøy,-0.004907661905503108,5371,0.5018705090885726,50
0,Nesøy,3,3014,1493,1493,8N05628,14,Southern 4,-0.004920497304611863,5372,0.5018705090885726,50
0,Nesøy,3,3014,1145,1145,8M72666,5,Hestmannøy,-0.004924292186271631,5373,0.5018705090885726,50
0,Nesøy,3,3014,1444,1444,8N05457,4,Gjerøy,-0.0049285759908329115,5374,0.5018705090885726,50
0,Nesøy,3,3014,910,910,8M71210,5,Hestmannøy,-0.004932435314248722,5375,0.5018705090885726,50
0,Nesøy,3,3014,5080,5080,8887449,5,Hestmannøy,-0.004939915543639833,5376,0.5018705090885726,50
0,Nesøy,3,3014,233,233,8L48602,5,Hestmannøy,-0.004950246866125264,5377,0.5018705090885726,50
0,Nesøy,3,3014,2550,2550,8N28142,8,Lovund,-0.004976332631237713,5378,0.5018705090885726,50
0,Nesøy,3,3014,570,570,8L89365,5,Hestmannøy,-0.005009469507650219,5379,0.5018705090885726,50
0,Nesøy,3,3014,2465,2465,8N27415,5,Hestmannøy,-0.005023077358569997,5380,0.5018705090885726,50
0,Nesøy,3,3014,1885,1885,8N13426,2,Træna,-0.0050354044938926935,5381,0.5018705090885726,50
0,Nesøy,3,3014,1931,1931,8N13630,14,Southern 4,-0.005057159201213998,5382,0.5018705090885726,50
0,Nesøy,3,3014,3947,3947,8P14086,9,Sleneset,-0.0050765682267430974,5383,0.5018705090885726,50
0,Nesøy,3,3014,5384,5384,8943082,4,Gjerøy,-0.005089333779562103,5384,0.5018705090885726,50
0,Nesøy,3,3014,2700,2700,8N42229,3,Selvær,-0.005120343710678737,5385,0.5018705090885726,50
0,Nesøy,3,3014,4821,4821,8800163,7,Onøy og Lurøy,-0.005127276370808648,5386,0.5018705090885726,50
0,Nesøy,3,3014,3375,3375,8N73941,12,Southern 2,-0.005134236690324775,5387,0.5018705090885726,50
0,Nesøy,3,3014,5300,5300,8939377,7,Onøy og Lurøy,-0.005139231721077548,5388,0.5018705090885726,50
0,Nesøy,3,3014,969,969,8L64182,7,Onøy og Lurøy,-0.005142332735385961,5389,0.5018705090885726,50
0,Nesøy,3,3014,486,486,8M71332,12,Southern 2,-0.005156263440149178,5390,0.5018705090885726,50
0,Nesøy,3,3014,5041,5041,8887290,5,Hestmannøy,-0.005174805789532695,5391,0.5018705090885726,50
0,Nesøy,3,3014,5437,5437,8943897,5,Hestmannøy,-0.005207614742297244,5392,0.5018705090885726,50
0,Nesøy,3,3014,4741,4741,8747829,7,Onøy og Lurøy,-0.00521536632212679,5393,0.5018705090885726,50
0,Nesøy,3,3014,5564,5564,8981919,6,Indre Kvarøy,-0.0052334545499521925,5394,0.5018705090885726,50
0,Nesøy,3,3014,2206,2206,8N14587,11,Southern 1,-0.005260836353301168,5395,0.5018705090885726,50
0,Nesøy,3,3014,735,735,8M31331,5,Hestmannøy,-0.00528703689503223,5396,0.5018705090885726,50
0,Nesøy,3,3014,5355,5355,8939819,2,Træna,-0.005292743655155985,5397,0.5018705090885726,50
0,Nesøy,3,3014,4918,4918,8816486,5,Hestmannøy,-0.005298075536541241,5398,0.5018705090885726,50
0,Nesøy,3,3014,5168,5168,8934302,5,Hestmannøy,-0.005323966117860488,5399,0.5018705090885726,50
0,Nesøy,3,3014,4103,4103,8N14981,6,Indre Kvarøy,-0.005360546174711579,5400,0.5018705090885726,50
0,Nesøy,3,3014,3566,3566,8N87579,11,Southern 1,-0.005366816337359146,5401,0.5018705090885726,50
0,Nesøy,3,3014,4333,4333,8681003,4,Gjerøy,-0.005377608800796006,5402,0.5018705090885726,50
0,Nesøy,3,3014,3193,3193,8N73504,5,Hestmannøy,-0.005392006919895169,5403,0.5018705090885726,50
0,Nesøy,3,3014,3454,3454,8N87114,4,Gjerøy,-0.0054140291169266575,5404,0.5018705090885726,50
0,Nesøy,3,3014,3805,3805,8N87982,13,Southern 3,-0.005421489694097708,5405,0.5018705090885726,50
0,Nesøy,3,3014,11,11,8L19610,9,Sleneset,-0.005447162932965561,5406,0.5018705090885726,50
0,Nesøy,3,3014,5451,5451,8981036,4,Gjerøy,-0.005450758887687093,5407,0.5018705090885726,50
0,Nesøy,3,3014,4163,4163,8P26917,15,Southern 5,-0.005463880773698266,5408,0.5018705090885726,50
0,Nesøy,3,3014,4452,4452,8730448,1,Myken,-0.005516891613832129,5409,0.5018705090885726,50
0,Nesøy,3,3014,4626,4626,8747260,6,Indre Kvarøy,-0.0055371899155603555,5410,0.5018705090885726,50
0,Nesøy,3,3014,3388,3388,8N73954,12,Southern 2,-0.005554324358935126,5411,0.5018705090885726,50
0,Nesøy,3,3014,5029,5029,8887243,1,Myken,-0.0055553233078412916,5412,0.5018705090885726,50
0,Nesøy,3,3014,2769,2769,8N42681,5,Hestmannøy,-0.0055584343245956465,5413,0.5018705090885726,50
0,Nesøy,3,3014,2393,2393,8N27088,14,Southern 4,-0.005569048204502075,5414,0.5018705090885726,50
0,Nesøy,3,3014,2644,2644,8N28792,15,Southern 5,-0.005570169579563027,5415,0.5018705090885726,50
0,Nesøy,3,3014,5465,5465,8981180,11,Southern 1,-0.005579824165706784,5416,0.5018705090885726,50
0,Nesøy,3,3014,2693,2693,8N42144,2,Træna,-0.005614468330018648,5417,0.5018705090885726,50
0,Nesøy,3,3014,1000,1000,8M71489,13,Southern 3,-0.005617418010390519,5418,0.5018705090885726,50
0,Nesøy,3,3014,842,842,8M31874,5,Hestmannøy,-0.005635071509977231,5419,0.5018705090885726,50
0,Nesøy,3,3014,4780,4780,8794353,1,Myken,-0.005639119258713858,5420,0.5018705090885726,50
0,Nesøy,3,3014,2664,2664,8N28864,4,Gjerøy,-0.005696966709111364,5421,0.5018705090885726,50
0,Nesøy,3,3014,5575,5575,8981971,2,Træna,-0.005710958479605488,5422,0.5018705090885726,50
0,Nesøy,3,3014,769,769,8M31532,5,Hestmannøy,-0.005800307334596129,5423,0.5018705090885726,50
0,Nesøy,3,3014,1571,1571,8N05726,5,Hestmannøy,-0.005807135191485795,5424,0.5018705090885726,50
0,Nesøy,3,3014,1976,1976,8N13678,13,Southern 3,-0.005810905379795929,5425,0.5018705090885726,50
0,Nesøy,3,3014,510,510,8L64849,9,Sleneset,-0.005815323956916297,5426,0.5018705090885726,50
0,Nesøy,3,3014,5475,5475,8981220,11,Southern 1,-0.005818124480646964,5427,0.5018705090885726,50
0,Nesøy,3,3014,1279,1279,8N05156,12,Southern 2,-0.005849622220576254,5428,0.5018705090885726,50
0,Nesøy,3,3014,5126,5126,8934027,4,Gjerøy,-0.005881529101884512,5429,0.5018705090885726,50
0,Nesøy,3,3014,996,996,8M71480,13,Southern 3,-0.005899205660361977,5430,0.5018705090885726,50
0,Nesøy,3,3014,618,618,8L89547,12,Southern 2,-0.005908647980182069,5431,0.5018705090885726,50
0,Nesøy,3,3014,1404,1404,8N05282,13,Southern 3,-0.005909998014857263,5432,0.5018705090885726,50
0,Nesøy,3,3014,2120,2120,8N14300,15,Southern 5,-0.005923814420517838,5433,0.5018705090885726,50
0,Nesøy,3,3014,4139,4139,8P26537,9,Sleneset,-0.005955547341964251,5434,0.5018705090885726,50
0,Nesøy,3,3014,4045,4045,8P14856,14,Southern 4,-0.005992861919819913,5435,0.5018705090885726,50
0,Nesøy,3,3014,4942,4942,8816956,4,Gjerøy,-0.006002583973801708,5436,0.5018705090885726,50
0,Nesøy,3,3014,4150,4150,8P26688,7,Onøy og Lurøy,-0.006051807238359486,5437,0.5018705090885726,50
0,Nesøy,3,3014,1222,1222,8N05063,4,Gjerøy,-0.0060580059954275615,5438,0.5018705090885726,50
0,Nesøy,3,3014,3207,3207,8N73526,4,Gjerøy,-0.0060619742211736475,5439,0.5018705090885726,50
0,Nesøy,3,3014,3365,3365,8N73931,12,Southern 2,-0.0060822751454161226,5440,0.5018705090885726,50
0,Nesøy,3,3014,2786,2786,8N42729,5,Hestmannøy,-0.006102101379159463,5441,0.5018705090885726,50
0,Nesøy,3,3014,1157,1157,8M72707,6,Indre Kvarøy,-0.006127853584696067,5442,0.5018705090885726,50
0,Nesøy,3,3014,4524,4524,8732273,1,Myken,-0.0061556638209808445,5443,0.5018705090885726,50
0,Nesøy,3,3014,1418,1418,8N05297,13,Southern 3,-0.00619719424628073,5444,0.5018705090885726,50
0,Nesøy,3,3014,4465,4465,8730497,4,Gjerøy,-0.006215858905857601,5445,0.5018705090885726,50
0,Nesøy,3,3014,3680,3680,8N87855,14,Southern 4,-0.00622608011618565,5446,0.5018705090885726,50
0,Nesøy,3,3014,2857,2857,8N72394,6,Indre Kvarøy,-0.00634248731921409,5447,0.5018705090885726,50
0,Nesøy,3,3014,3177,3177,8N73488,11,Southern 1,-0.00634988247064033,5448,0.5018705090885726,50
0,Nesøy,3,3014,4591,4591,8732700,4,Gjerøy,-0.006362817024569241,5449,0.5018705090885726,50
0,Nesøy,3,3014,1209,1209,8M72987,4,Gjerøy,-0.006368947066112122,5450,0.5018705090885726,50
0,Nesøy,3,3014,5477,5477,8981243,7,Onøy og Lurøy,-0.006452066850891241,5451,0.5018705090885726,50
0,Nesøy,3,3014,1651,1651,8N06311,5,Hestmannøy,-0.006461798753490879,5452,0.5018705090885726,50
0,Nesøy,3,3014,4014,4014,8P14741,8,Lovund,-0.00646666333821315,5453,0.5018705090885726,50
0,Nesøy,3,3014,2163,2163,8N14542,11,Southern 1,-0.0064797767052807344,5454,0.5018705090885726,50
0,Nesøy,3,3014,794,794,8M31651,14,Southern 4,-0.006497461361271114,5455,0.5018705090885726,50
0,Nesøy,3,3014,2809,2809,8N42942,6,Indre Kvarøy,-0.006504954836248771,5456,0.5018705090885726,50
0,Nesøy,3,3014,859,859,8M31940,5,Hestmannøy,-0.0065283465966163925,5457,0.5018705090885726,50
0,Nesøy,3,3014,260,260,8L48765,11,Southern 1,-0.00656234339403589,5458,0.5018705090885726,50
0,Nesøy,3,3014,1003,1003,8M71493,13,Southern 3,-0.006571546494538706,5459,0.5018705090885726,50
0,Nesøy,3,3014,3237,3237,8N73618,13,Southern 3,-0.006572422930138069,5460,0.5018705090885726,50
0,Nesøy,3,3014,4511,4511,8732223,7,Onøy og Lurøy,-0.006579269459704047,5461,0.5018705090885726,50
0,Nesøy,3,3014,442,442,8L64075,11,Southern 1,-0.0065833965026055,5462,0.5018705090885726,50
0,Nesøy,3,3014,1898,1898,8N13587,2,Træna,-0.006590169934270052,5463,0.5018705090885726,50
0,Nesøy,3,3014,1678,1678,8N06475,12,Southern 2,-0.006607045510145936,5464,0.5018705090885726,50
0,Nesøy,3,3014,1454,1454,8N05533,5,Hestmannøy,-0.0066594767612782125,5465,0.5018705090885726,50
0,Nesøy,3,3014,4375,4375,8681135,1,Myken,-0.0066789698704637435,5466,0.5018705090885726,50
0,Nesøy,3,3014,4853,4853,8800375,4,Gjerøy,-0.0067485918204688725,5467,0.5018705090885726,50
0,Nesøy,3,3014,405,405,8L52974,4,Gjerøy,-0.006796076755857475,5468,0.5018705090885726,50
0,Nesøy,3,3014,4291,4291,8651665,6,Indre Kvarøy,-0.006803629948239097,5469,0.5018705090885726,50
0,Nesøy,3,3014,5332,5332,8939615,6,Indre Kvarøy,-0.006838347093502245,5470,0.5018705090885726,50
0,Nesøy,3,3014,1834,1834,8N06898,11,Southern 1,-0.006857710370044533,5471,0.5018705090885726,50
0,Nesøy,3,3014,2583,2583,8N28429,2,Træna,-0.006895171577098153,5472,0.5018705090885726,50
0,Nesøy,3,3014,4580,4580,8732678,4,Gjerøy,-0.006962024099918453,5473,0.5018705090885726,50
0,Nesøy,3,3014,4096,4096,8P14975,14,Southern 4,-0.0070152242552006,5474,0.5018705090885726,50
0,Nesøy,3,3014,275,275,8L49974,5,Hestmannøy,-0.00702971777298923,5475,0.5018705090885726,50
0,Nesøy,3,3014,3150,3150,8N73460,11,Southern 1,-0.007039429948913314,5476,0.5018705090885726,50
0,Nesøy,3,3014,1021,1021,8M71552,4,Gjerøy,-0.0070609472596407695,5477,0.5018705090885726,50
0,Nesøy,3,3014,5565,5565,8981920,6,Indre Kvarøy,-0.0071135794766045216,5478,0.5018705090885726,50
0,Nesøy,3,3014,3621,3621,8N87749,4,Gjerøy,-0.007162512175394193,5479,0.5018705090885726,50
0,Nesøy,3,3014,3088,3088,8N73252,7,Onøy og Lurøy,-0.00721808056567201,5480,0.5018705090885726,50
0,Nesøy,3,3014,3905,3905,8P11747,7,Onøy og Lurøy,-0.007308161055722862,5481,0.5018705090885726,50
0,Nesøy,3,3014,105,105,8L30444,4,Gjerøy,-0.007314377702650955,5482,0.5018705090885726,50
0,Nesøy,3,3014,3655,3655,8N87828,14,Southern 4,-0.007422989100844172,5483,0.5018705090885726,50
0,Nesøy,3,3014,1510,1510,8N05652,11,Southern 1,-0.007468677492489,5484,0.5018705090885726,50
0,Nesøy,3,3014,39,39,8L19921,5,Hestmannøy,-0.007469425228153873,5485,0.5018705090885726,50
0,Nesøy,3,3014,2155,2155,8N14534,11,Southern 1,-0.0075704186836625595,5486,0.5018705090885726,50
0,Nesøy,3,3014,4577,4577,8732672,7,Onøy og Lurøy,-0.007605640620008892,5487,0.5018705090885726,50
0,Nesøy,3,3014,3849,3849,8P11530,15,Southern 5,-0.007606939882883737,5488,0.5018705090885726,50
0,Nesøy,3,3014,1386,1386,8N05264,13,Southern 3,-0.0076246269208552556,5489,0.5018705090885726,50
0,Nesøy,3,3014,3853,3853,8P11534,15,Southern 5,-0.007654841709156724,5490,0.5018705090885726,50
0,Nesøy,3,3014,89,89,8L30249,10,Aldra,-0.007721489548963452,5491,0.5018705090885726,50
0,Nesøy,3,3014,285,285,8L52211,5,Hestmannøy,-0.0077344675480512555,5492,0.5018705090885726,50
0,Nesøy,3,3014,1065,1065,8M72218,8,Lovund,-0.007774728173524493,5493,0.5018705090885726,50
0,Nesøy,3,3014,4692,4692,8747636,4,Gjerøy,-0.007847855264209176,5494,0.5018705090885726,50
0,Nesøy,3,3014,1747,1747,8N06727,4,Gjerøy,-0.007937328489507523,5495,0.5018705090885726,50
0,Nesøy,3,3014,1451,1451,8N05526,4,Gjerøy,-0.00796338186322155,5496,0.5018705090885726,50
0,Nesøy,3,3014,3838,3838,8P11519,14,Southern 4,-0.00801441188076124,5497,0.5018705090885726,50
0,Nesøy,3,3014,5335,5335,8939629,5,Hestmannøy,-0.008061617756368997,5498,0.5018705090885726,50
0,Nesøy,3,3014,2375,2375,8N27070,14,Southern 4,-0.008106903113069126,5499,0.5018705090885726,50
0,Nesøy,3,3014,5488,5488,8981274,5,Hestmannøy,-0.008238202693516695,5500,0.5018705090885726,50
0,Nesøy,3,3014,2078,2078,8N14109,6,Indre Kvarøy,-0.00826316052038361,5501,0.5018705090885726,50
0,Nesøy,3,3014,562,562,8L89326,10,Aldra,-0.008316656280256683,5502,0.5018705090885726,50
0,Nesøy,3,3014,2515,2515,8N27908,4,Gjerøy,-0.008414584913744203,5503,0.5018705090885726,50
0,Nesøy,3,3014,1622,1622,8N05895,11,Southern 1,-0.008423440431628973,5504,0.5018705090885726,50
0,Nesøy,3,3014,644,644,8L89689,4,Gjerøy,-0.008480828561985718,5505,0.5018705090885726,50
0,Nesøy,3,3014,639,639,8L89655,5,Hestmannøy,-0.008501496564868267,5506,0.5018705090885726,50
0,Nesøy,3,3014,4180,4180,8168632,7,Onøy og Lurøy,-0.008564908621337517,5507,0.5018705090885726,50
0,Nesøy,3,3014,3534,3534,8N87547,11,Southern 1,-0.00860097592340602,5508,0.5018705090885726,50
0,Nesøy,3,3014,5541,5541,8981801,5,Hestmannøy,-0.008616094329333277,5509,0.5018705090885726,50
0,Nesøy,3,3014,4892,4892,8800574,5,Hestmannøy,-0.008641115053142473,5510,0.5018705090885726,50
0,Nesøy,3,3014,1709,1709,8N06532,4,Gjerøy,-0.008738329393386724,5511,0.5018705090885726,50
0,Nesøy,3,3014,476,476,8L64291,10,Aldra,-0.00879026315045514,5512,0.5018705090885726,50
0,Nesøy,3,3014,554,554,8L89276,5,Hestmannøy,-0.008822874057474004,5513,0.5018705090885726,50
0,Nesøy,3,3014,3951,3951,8P14126,7,Onøy og Lurøy,-0.008917010652775274,5514,0.5018705090885726,50
0,Nesøy,3,3014,5455,5455,8981050,12,Southern 2,-0.009029459221227887,5515,0.5018705090885726,50
0,Nesøy,3,3014,4143,4143,8P26560,8,Lovund,-0.009043378096792024,5516,0.5018705090885726,50
0,Nesøy,3,3014,4814,4814,8800104,10,Aldra,-0.009059177915712712,5517,0.5018705090885726,50
0,Nesøy,3,3014,4186,4186,8168644,5,Hestmannøy,-0.0091277499344952,5518,0.5018705090885726,50
0,Nesøy,3,3014,3916,3916,8P11794,2,Træna,-0.009149509145070603,5519,0.5018705090885726,50
0,Nesøy,3,3014,1441,1441,8N05445,6,Indre Kvarøy,-0.009256193539108446,5520,0.5018705090885726,50
0,Nesøy,3,3014,6,6,8L19568,3,Selvær,-0.009362905234863758,5521,0.5018705090885726,50
0,Nesøy,3,3014,1270,1270,8N05146,12,Southern 2,-0.009413720033853934,5522,0.5018705090885726,50
0,Nesøy,3,3014,4842,4842,8800339,7,Onøy og Lurøy,-0.009420088255616958,5523,0.5018705090885726,50
0,Nesøy,3,3014,1141,1141,8M72646,4,Gjerøy,-0.009429095918830045,5524,0.5018705090885726,50
0,Nesøy,3,3014,4727,4727,8747758,5,Hestmannøy,-0.009486494021082105,5525,0.5018705090885726,50
0,Nesøy,3,3014,1738,1738,8N06692,14,Southern 4,-0.009494264486981905,5526,0.5018705090885726,50
0,Nesøy,3,3014,4759,4759,8747948,4,Gjerøy,-0.009538617194863114,5527,0.5018705090885726,50
0,Nesøy,3,3014,406,406,8L52978,5,Hestmannøy,-0.009551184309304442,5528,0.5018705090885726,50
0,Nesøy,3,3014,3479,3479,8N87271,8,Lovund,-0.009655621553234522,5529,0.5018705090885726,50
0,Nesøy,3,3014,4338,4338,8681025,5,Hestmannøy,-0.009692524835049881,5530,0.5018705090885726,50
0,Nesøy,3,3014,1326,1326,8N05203,12,Southern 2,-0.00969871195383578,5531,0.5018705090885726,50
0,Nesøy,3,3014,1498,1498,8N05640,14,Southern 4,-0.009703519104229182,5532,0.5018705090885726,50
0,Nesøy,3,3014,1696,1696,8N06493,12,Southern 2,-0.009774634738210324,5533,0.5018705090885726,50
0,Nesøy,3,3014,4467,4467,8730503,5,Hestmannøy,-0.009802296166333498,5534,0.5018705090885726,50
0,Nesøy,3,3014,370,370,8L52555,4,Gjerøy,-0.009933736973378007,5535,0.5018705090885726,50
0,Nesøy,3,3014,4721,4721,8747741,6,Indre Kvarøy,-0.009998696558501692,5536,0.5018705090885726,50
0,Nesøy,3,3014,1440,1440,8N05444,6,Indre Kvarøy,-0.01002506278621273,5537,0.5018705090885726,50
0,Nesøy,3,3014,4159,4159,8P26743,7,Onøy og Lurøy,-0.01033688348911665,5538,0.5018705090885726,50
0,Nesøy,3,3014,4542,4542,8732565,4,Gjerøy,-0.010385012672911198,5539,0.5018705090885726,50
0,Nesøy,3,3014,4422,4422,8681409,5,Hestmannøy,-0.010425324397405995,5540,0.5018705090885726,50
0,Nesøy,3,3014,2335,2335,8N14937,4,Gjerøy,-0.010493906434285915,5541,0.5018705090885726,50
0,Nesøy,3,3014,2210,2210,8N14591,11,Southern 1,-0.010600798186388977,5542,0.5018705090885726,50
0,Nesøy,3,3014,2885,2885,8N72616,5,Hestmannøy,-0.010692032185708522,5543,0.5018705090885726,50
0,Nesøy,3,3014,3192,3192,8N73503,5,Hestmannøy,-0.010776520741706737,5544,0.5018705090885726,50
0,Nesøy,3,3014,2047,2047,8N13985,5,Hestmannøy,-0.01093874406048598,5545,0.5018705090885726,50
0,Nesøy,3,3014,1664,1664,8N06461,8,Lovund,-0.011055724597595249,5546,0.5018705090885726,50
0,Nesøy,3,3014,4493,4493,8730938,3,Selvær,-0.011405049328529647,5547,0.5018705090885726,50
0,Nesøy,3,3014,2507,2507,8N27894,6,Indre Kvarøy,-0.011468338101773756,5548,0.5018705090885726,50
0,Nesøy,3,3014,217,217,8L48473,4,Gjerøy,-0.011474834446283808,5549,0.5018705090885726,50
0,Nesøy,3,3014,572,572,8L89371,5,Hestmannøy,-0.011539014227696764,5550,0.5018705090885726,50
0,Nesøy,3,3014,5233,5233,8934883,3,Selvær,-0.011829460085908612,5551,0.5018705090885726,50
0,Nesøy,3,3014,2827,2827,8N72045,2,Træna,-0.011884709941608158,5552,0.5018705090885726,50
0,Nesøy,3,3014,2096,2096,8N14186,5,Hestmannøy,-0.012032778976602584,5553,0.5018705090885726,50
0,Nesøy,3,3014,2900,2900,8N72676,11,Southern 1,-0.012139770296702703,5554,0.5018705090885726,50
0,Nesøy,3,3014,1589,1589,8N05846,5,Hestmannøy,-0.012479291111027331,5555,0.5018705090885726,50
0,Nesøy,3,3014,231,231,8L48592,5,Hestmannøy,-0.012500477375410752,5556,0.5018705090885726,50
0,Nesøy,3,3014,2627,2627,8N28767,4,Gjerøy,-0.012974361446261663,5557,0.5018705090885726,50
0,Nesøy,3,3014,5316,5316,8939534,5,Hestmannøy,-0.013035320756792866,5558,0.5018705090885726,50
0,Nesøy,3,3014,5273,5273,8939184,1,Myken,-0.013075901681927245,5559,0.5018705090885726,50
0,Nesøy,3,3014,2512,2512,8N27905,6,Indre Kvarøy,-0.013372373680776222,5560,0.5018705090885726,50
0,Nesøy,3,3014,2596,2596,8N28541,9,Sleneset,-0.013570891231333069,5561,0.5018705090885726,50
0,Nesøy,3,3014,757,757,8M31480,5,Hestmannøy,-0.013732657818649732,5562,0.5018705090885726,50
0,Nesøy,3,3014,4328,4328,8668476,5,Hestmannøy,-0.01398548129044125,5563,0.5018705090885726,50
0,Nesøy,3,3014,5349,5349,8939762,5,Hestmannøy,-0.014453355646481527,5564,0.5018705090885726,50
0,Nesøy,3,3014,2492,2492,8N27830,6,Indre Kvarøy,-0.015071741510147153,5565,0.5018705090885726,50
0,Nesøy,3,3014,2020,2020,8N13927,5,Hestmannøy,-0.015130328894535229,5566,0.5018705090885726,50
0,Nesøy,3,3014,4546,4546,8732588,7,Onøy og Lurøy,-0.015248370022880415,5567,0.5018705090885726,50
0,Nesøy,3,3014,467,467,8L64265,2,Træna,-0.01541960322910585,5568,0.5018705090885726,50
0,Nesøy,3,3014,2655,2655,8N28832,5,Hestmannøy,-0.01583449470298124,5569,0.5018705090885726,50
0,Nesøy,3,3014,4171,4171,8118435,4,Gjerøy,-0.015936362988230566,5570,0.5018705090885726,50
0,Nesøy,3,3014,579,579,8L89384,5,Hestmannøy,-0.0180411829214728,5571,0.5018705090885726,50
0,Nesøy,3,3014,3223,3223,8N73604,14,Southern 4,-0.018200405786098547,5572,0.5018705090885726,50
0,Nesøy,3,3014,1040,1040,8M71865,5,Hestmannøy,-0.01846511776021408,5573,0.5018705090885726,50
0,Nesøy,3,3014,3096,3096,8N73306,15,Southern 5,-0.018679759372429845,5574,0.5018705090885726,50
0,Nesøy,3,3014,3068,3068,8N73230,12,Southern 2,-0.019353704484125843,5575,0.5018705090885726,50
0,Nesøy,3,3014,380,380,8L52603,9,Sleneset,-0.01947183539164222,5576,0.5018705090885726,50
0,Nesøy,3,3014,1322,1322,8N05199,13,Southern 3,-0.02015281423264377,5577,0.5018705090885726,50
0,Nesøy,3,3014,37,37,8L19919,5,Hestmannøy,-0.020210927115382398,5578,0.5018705090885726,50
