trait,method,target_island,target_island_name,repeat,repeat_seed,n_train_size,n_train,n_pcs,n_pcs_requested,alpha,pearson_r,mse_adj,fit_time_seconds,n_test
thr_tarsus,random_pc_ridge,0,Nesøy,0,744452614,500,500,3500,3500,156026.34,-0.17596818639443998,379.3650207519531,0.03715973500220571,117
thr_tarsus,random_pc_ridge,0,Nesøy,1,154263954,500,500,3500,3500,156026.34,-0.0796806264512632,376.9232482910156,0.11778266499823076,117
thr_tarsus,random_pc_ridge,0,Nesøy,2,1378078444,500,500,3500,3500,156026.34,0.36936466491201964,378.8474426269531,0.018354263000219362,117
thr_tarsus,random_pc_ridge,0,Nesøy,3,1181729346,500,500,3500,3500,156026.34,0.23675980483419398,376.6668701171875,0.019589167000958696,117
thr_tarsus,random_pc_ridge,0,Nesøy,4,555131593,500,500,3500,3500,156026.34,0.16274237575837125,375.45050048828125,0.01917496299938648,117
thr_tarsus,random_pc_ridge,0,Nesøy,5,19,500,500,3500,3500,156026.34,0.1423595059707212,380.2831726074219,0.01885716600008891,117
thr_tarsus,random_pc_ridge,0,Nesøy,6,20,500,500,3500,3500,156026.34,-0.013861583418247022,376.3043518066406,0.019897191999916686,117
thr_tarsus,random_pc_ridge,0,Nesøy,7,21,500,500,3500,3500,156026.34,0.06693580422949828,377.212158203125,0.01910076499916613,117
thr_tarsus,random_pc_ridge,0,Nesøy,8,22,500,500,3500,3500,156026.34,0.3844199714904024,379.0740051269531,0.019692804999067448,117
thr_tarsus,random_pc_ridge,0,Nesøy,9,23,500,500,3500,3500,156026.34,0.1911400837387697,377.3208923339844,0.019228953002311755,117
thr_tarsus,random_pc_ridge,0,Nesøy,0,744452614,1000,1000,3500,3500,156026.34,0.2129588031216286,377.6371154785156,0.06447327900241362,117
thr_tarsus,random_pc_ridge,0,Nesøy,1,154263954,1000,1000,3500,3500,156026.34,0.42553336805249176,380.0292053222656,0.07700556999770924,117
thr_tarsus,random_pc_ridge,0,Nesøy,2,1378078444,1000,1000,3500,3500,156026.34,0.16135240733565426,377.72552490234375,0.06319805000021006,117
thr_tarsus,random_pc_ridge,0,Nesøy,3,1181729346,1000,1000,3500,3500,156026.34,0.26435292728988397,379.2502136230469,0.06125911100025405,117
thr_tarsus,random_pc_ridge,0,Nesøy,4,555131593,1000,1000,3500,3500,156026.34,0.25567848483640204,377.28814697265625,0.06300127700160374,117
thr_tarsus,random_pc_ridge,0,Nesøy,5,19,1000,1000,3500,3500,156026.34,0.3295765096412229,377.678466796875,0.06109414399907109,117
thr_tarsus,random_pc_ridge,0,Nesøy,6,20,1000,1000,3500,3500,156026.34,0.18288516652994513,377.10205078125,0.06440903299881029,117
thr_tarsus,random_pc_ridge,0,Nesøy,7,21,1000,1000,3500,3500,156026.34,0.19212016089444725,378.08544921875,0.07630865600003744,117
thr_tarsus,random_pc_ridge,0,Nesøy,8,22,1000,1000,3500,3500,156026.34,0.29337770927901774,377.27069091796875,0.08543438000197057,117
thr_tarsus,random_pc_ridge,0,Nesøy,9,23,1000,1000,3500,3500,156026.34,0.25622252533489887,376.78912353515625,0.059292574998835335,117
thr_tarsus,random_pc_ridge,0,Nesøy,0,744452614,1500,1500,3500,3500,156026.34,0.27364395319289564,378.5089111328125,0.1221965699987777,117
thr_tarsus,random_pc_ridge,0,Nesøy,1,154263954,1500,1500,3500,3500,156026.34,0.11894457476270487,377.1251220703125,0.2088727789996483,117
thr_tarsus,random_pc_ridge,0,Nesøy,2,1378078444,1500,1500,3500,3500,156026.34,0.15238688296524724,378.244873046875,0.21857780200298293,117
thr_tarsus,random_pc_ridge,0,Nesøy,3,1181729346,1500,1500,3500,3500,156026.34,0.21368103174733052,378.92681884765625,0.2091631490002328,117
thr_tarsus,random_pc_ridge,0,Nesøy,4,555131593,1500,1500,3500,3500,156026.34,0.18254234201628167,378.39666748046875,0.20992607400330598,117
thr_tarsus,random_pc_ridge,0,Nesøy,5,19,1500,1500,3500,3500,156026.34,0.3453353928884408,377.0201110839844,0.21575601600125083,117
thr_tarsus,random_pc_ridge,0,Nesøy,6,20,1500,1500,3500,3500,156026.34,0.1303441667217555,377.08770751953125,0.21586903200295637,117
thr_tarsus,random_pc_ridge,0,Nesøy,7,21,1500,1500,3500,3500,156026.34,0.26127272487257835,377.243896484375,0.22181000899945502,117
thr_tarsus,random_pc_ridge,0,Nesøy,8,22,1500,1500,3500,3500,156026.34,0.035283571456080354,376.18695068359375,0.2076544669980649,117
thr_tarsus,random_pc_ridge,0,Nesøy,9,23,1500,1500,3500,3500,156026.34,0.33337179756108637,378.4791259765625,0.2083443459996488,117
thr_tarsus,random_pc_ridge,0,Nesøy,0,744452614,2000,2000,3500,3500,156026.34,0.29197862743055175,378.81719970703125,0.2462961719975283,117
thr_tarsus,random_pc_ridge,0,Nesøy,1,154263954,2000,2000,3500,3500,156026.34,0.26623876916586,378.0425720214844,0.12782678700023098,117
thr_tarsus,random_pc_ridge,0,Nesøy,2,1378078444,2000,2000,3500,3500,156026.34,0.28338224871087103,377.9490661621094,0.2084431580005912,117
thr_tarsus,random_pc_ridge,0,Nesøy,3,1181729346,2000,2000,3500,3500,156026.34,0.26921641255837375,377.1253356933594,0.13299900399943,117
thr_tarsus,random_pc_ridge,0,Nesøy,4,555131593,2000,2000,3500,3500,156026.34,0.2519198078136219,377.8819885253906,0.11781407600210514,117
thr_tarsus,random_pc_ridge,0,Nesøy,5,19,2000,2000,3500,3500,156026.34,0.34883513513456604,380.3221130371094,0.11242078900249908,117
thr_tarsus,random_pc_ridge,0,Nesøy,6,20,2000,2000,3500,3500,156026.34,0.33006564234995356,378.5419921875,0.11285795299772872,117
thr_tarsus,random_pc_ridge,0,Nesøy,7,21,2000,2000,3500,3500,156026.34,0.020295799705835674,376.5059814453125,0.11482970999713871,117
thr_tarsus,random_pc_ridge,0,Nesøy,8,22,2000,2000,3500,3500,156026.34,-0.05770341860742768,377.7887878417969,0.11132997300228453,117
thr_tarsus,random_pc_ridge,0,Nesøy,9,23,2000,2000,3500,3500,156026.34,0.45422571875507856,378.82220458984375,0.1597897669998929,117
thr_tarsus,random_pc_ridge,0,Nesøy,0,744452614,2500,2500,3500,3500,156026.34,0.24260159065539608,378.2207336425781,0.14894644599917228,117
thr_tarsus,random_pc_ridge,0,Nesøy,1,154263954,2500,2500,3500,3500,156026.34,0.28188424776691073,378.4054870605469,0.2586216540003079,117
thr_tarsus,random_pc_ridge,0,Nesøy,2,1378078444,2500,2500,3500,3500,156026.34,0.3032485688744143,378.7347106933594,0.2379306090006139,117
thr_tarsus,random_pc_ridge,0,Nesøy,3,1181729346,2500,2500,3500,3500,156026.34,0.2844868203881805,378.7315673828125,0.14757560399812064,117
thr_tarsus,random_pc_ridge,0,Nesøy,4,555131593,2500,2500,3500,3500,156026.34,0.32407052965013156,378.30859375,0.15343885100082844,117
thr_tarsus,random_pc_ridge,0,Nesøy,5,19,2500,2500,3500,3500,156026.34,0.3229978827711149,378.30706787109375,0.14897455900063505,117
thr_tarsus,random_pc_ridge,0,Nesøy,6,20,2500,2500,3500,3500,156026.34,0.3072796226912319,378.7259521484375,0.1578229629994894,117
thr_tarsus,random_pc_ridge,0,Nesøy,7,21,2500,2500,3500,3500,156026.34,0.3063477082732942,379.0510559082031,0.15060066699879826,117
thr_tarsus,random_pc_ridge,0,Nesøy,8,22,2500,2500,3500,3500,156026.34,0.16800663011113756,378.30645751953125,0.15256575899911695,117
thr_tarsus,random_pc_ridge,0,Nesøy,9,23,2500,2500,3500,3500,156026.34,0.14522820583776067,377.7683410644531,0.14722011100093368,117
thr_tarsus,random_pc_ridge,0,Nesøy,0,744452614,3000,3000,3500,3500,156026.34,0.20359467246844368,378.4702453613281,0.19492929699845263,117
thr_tarsus,random_pc_ridge,0,Nesøy,1,154263954,3000,3000,3500,3500,156026.34,0.3248379302157233,378.0288391113281,0.2584889789977751,117
thr_tarsus,random_pc_ridge,0,Nesøy,2,1378078444,3000,3000,3500,3500,156026.34,0.3006021588955847,378.0901184082031,0.20437395200133324,117
thr_tarsus,random_pc_ridge,0,Nesøy,3,1181729346,3000,3000,3500,3500,156026.34,0.39335488788635886,377.6639404296875,0.18772635600180365,117
thr_tarsus,random_pc_ridge,0,Nesøy,4,555131593,3000,3000,3500,3500,156026.34,0.33755878082119417,377.5812072753906,0.1961774740011606,117
thr_tarsus,random_pc_ridge,0,Nesøy,5,19,3000,3000,3500,3500,156026.34,0.21813140300929187,377.5962829589844,0.1954714690000401,117
thr_tarsus,random_pc_ridge,0,Nesøy,6,20,3000,3000,3500,3500,156026.34,0.32928382858999466,377.13214111328125,0.1893663650007511,117
thr_tarsus,random_pc_ridge,0,Nesøy,7,21,3000,3000,3500,3500,156026.34,0.296948653991846,378.28118896484375,0.20353606900243904,117
thr_tarsus,random_pc_ridge,0,Nesøy,8,22,3000,3000,3500,3500,156026.34,0.291082797109926,377.96734619140625,0.18707133600037196,117
thr_tarsus,random_pc_ridge,0,Nesøy,9,23,3000,3000,3500,3500,156026.34,0.2943775038796492,378.11376953125,0.1938793320005061,117
thr_tarsus,random_pc_ridge,0,Nesøy,0,744452614,3500,3500,3500,3500,156026.34,0.3493997666898525,378.47528076171875,0.2551315849996172,117
thr_tarsus,random_pc_ridge,0,Nesøy,1,154263954,3500,3500,3500,3500,156026.34,0.34931237588863284,377.778076171875,0.32639270100116846,117
thr_tarsus,random_pc_ridge,0,Nesøy,2,1378078444,3500,3500,3500,3500,156026.34,0.3155865140512363,378.7857360839844,0.32131018200016115,117
thr_tarsus,random_pc_ridge,0,Nesøy,3,1181729346,3500,3500,3500,3500,156026.34,0.31396974355240864,378.1620788574219,0.312941194002633,117
thr_tarsus,random_pc_ridge,0,Nesøy,4,555131593,3500,3500,3500,3500,156026.34,0.4169684816425502,379.2472229003906,0.2617736030006199,117
thr_tarsus,random_pc_ridge,0,Nesøy,5,19,3500,3500,3500,3500,156026.34,0.30861228000293933,378.0388488769531,0.25993697900048574,117
thr_tarsus,random_pc_ridge,0,Nesøy,6,20,3500,3500,3500,3500,156026.34,0.28508449454469087,379.07196044921875,0.2677049110025109,117
thr_tarsus,random_pc_ridge,0,Nesøy,7,21,3500,3500,3500,3500,156026.34,0.2249045668505903,378.91802978515625,0.32045297199874767,117
thr_tarsus,random_pc_ridge,0,Nesøy,8,22,3500,3500,3500,3500,156026.34,0.2638027364928006,378.7577209472656,0.3184304870010237,117
thr_tarsus,random_pc_ridge,0,Nesøy,9,23,3500,3500,3500,3500,156026.34,0.267983925474415,377.7426452636719,0.3080605050017766,117
thr_tarsus,random_pc_ridge,0,Nesøy,0,744452614,4000,4000,3500,3500,156026.34,0.26346731862352235,376.6408996582031,0.26471396700071637,117
thr_tarsus,random_pc_ridge,0,Nesøy,1,154263954,4000,4000,3500,3500,156026.34,0.2589218974836836,377.53338623046875,0.3284314410011575,117
thr_tarsus,random_pc_ridge,0,Nesøy,2,1378078444,4000,4000,3500,3500,156026.34,0.39840144183707576,378.415283203125,0.2630567970008997,117
thr_tarsus,random_pc_ridge,0,Nesøy,3,1181729346,4000,4000,3500,3500,156026.34,0.2775680040627285,377.50140380859375,0.25695099199947435,117
thr_tarsus,random_pc_ridge,0,Nesøy,4,555131593,4000,4000,3500,3500,156026.34,0.2815566829752349,377.5597839355469,0.25927600099748815,117
thr_tarsus,random_pc_ridge,0,Nesøy,5,19,4000,4000,3500,3500,156026.34,0.3405203675461497,377.6278991699219,0.25561942200147314,117
thr_tarsus,random_pc_ridge,0,Nesøy,6,20,4000,4000,3500,3500,156026.34,0.26426289846541057,378.0827331542969,0.2622457140023471,117
thr_tarsus,random_pc_ridge,0,Nesøy,7,21,4000,4000,3500,3500,156026.34,0.3128734360245119,379.19049072265625,0.2577042649973009,117
thr_tarsus,random_pc_ridge,0,Nesøy,8,22,4000,4000,3500,3500,156026.34,0.29592841213688775,378.3017578125,0.2624709880001319,117
thr_tarsus,random_pc_ridge,0,Nesøy,9,23,4000,4000,3500,3500,156026.34,0.3511002574820223,378.09375,0.2556804039995768,117
thr_tarsus,random_pc_ridge,0,Nesøy,0,744452614,4500,4500,3500,3500,156026.34,0.34057069036299087,378.066162109375,0.2654593229999591,117
thr_tarsus,random_pc_ridge,0,Nesøy,1,154263954,4500,4500,3500,3500,156026.34,0.25619605880984647,378.6357727050781,0.3315181959987967,117
thr_tarsus,random_pc_ridge,0,Nesøy,2,1378078444,4500,4500,3500,3500,156026.34,0.33000889032996683,378.15032958984375,0.2696145529989735,117
thr_tarsus,random_pc_ridge,0,Nesøy,3,1181729346,4500,4500,3500,3500,156026.34,0.31256703955258885,378.0837707519531,0.26576927799760597,117
thr_tarsus,random_pc_ridge,0,Nesøy,4,555131593,4500,4500,3500,3500,156026.34,0.29441739715849646,378.1086730957031,0.2655588679990615,117
thr_tarsus,random_pc_ridge,0,Nesøy,5,19,4500,4500,3500,3500,156026.34,0.30347081733268577,378.5057678222656,0.2834643230016809,117
thr_tarsus,random_pc_ridge,0,Nesøy,6,20,4500,4500,3500,3500,156026.34,0.30007002384560916,378.7726745605469,0.2977660430005926,117
thr_tarsus,random_pc_ridge,0,Nesøy,7,21,4500,4500,3500,3500,156026.34,0.33568240165512025,377.9447326660156,0.2807088299996394,117
thr_tarsus,random_pc_ridge,0,Nesøy,8,22,4500,4500,3500,3500,156026.34,0.305543287085542,379.0946960449219,0.28460373200141476,117
thr_tarsus,random_pc_ridge,0,Nesøy,9,23,4500,4500,3500,3500,156026.34,0.23735218584534598,379.3305358886719,0.27819993600132875,117
thr_tarsus,random_pc_ridge,1,Myken,0,1714262082,500,500,3500,3500,156026.34,0.34096282675525363,384.1585998535156,0.0197362869985227,92
thr_tarsus,random_pc_ridge,1,Myken,1,2085454949,500,500,3500,3500,156026.34,0.10333638656795298,386.08734130859375,0.014993630000390112,92
thr_tarsus,random_pc_ridge,1,Myken,2,2060266791,500,500,3500,3500,156026.34,0.0944538767229316,384.3525695800781,0.03205329399861512,92
thr_tarsus,random_pc_ridge,1,Myken,3,464011987,500,500,3500,3500,156026.34,0.2013339246398229,385.954345703125,0.03211980299965944,92
thr_tarsus,random_pc_ridge,1,Myken,4,131593733,500,500,3500,3500,156026.34,0.056528084007646806,383.73309326171875,0.032127161997777876,92
thr_tarsus,random_pc_ridge,1,Myken,5,100019,500,500,3500,3500,156026.34,0.2050520782981132,380.5382995605469,0.015173712999967393,92
thr_tarsus,random_pc_ridge,1,Myken,6,100020,500,500,3500,3500,156026.34,0.2891923036444072,383.1133117675781,0.008211577998736175,92
thr_tarsus,random_pc_ridge,1,Myken,7,100021,500,500,3500,3500,156026.34,0.07774628689372914,383.70703125,0.025135963998764055,92
thr_tarsus,random_pc_ridge,1,Myken,8,100022,500,500,3500,3500,156026.34,0.1891940592054907,383.0741271972656,0.015191468002740294,92
thr_tarsus,random_pc_ridge,1,Myken,9,100023,500,500,3500,3500,156026.34,0.2972363303890915,380.82421875,0.015181280999968294,92
thr_tarsus,random_pc_ridge,1,Myken,0,1714262082,1000,1000,3500,3500,156026.34,0.302457790507054,384.75323486328125,0.1466586219976307,92
thr_tarsus,random_pc_ridge,1,Myken,1,2085454949,1000,1000,3500,3500,156026.34,0.26095509488541585,384.5264892578125,0.11990542599960463,92
thr_tarsus,random_pc_ridge,1,Myken,2,2060266791,1000,1000,3500,3500,156026.34,0.34759543507556123,383.294921875,0.08176358999844524,92
thr_tarsus,random_pc_ridge,1,Myken,3,464011987,1000,1000,3500,3500,156026.34,0.2836715293713467,383.5954895019531,0.14090597099857405,92
thr_tarsus,random_pc_ridge,1,Myken,4,131593733,1000,1000,3500,3500,156026.34,0.07468555662100297,385.0599670410156,0.08134404199881828,92
thr_tarsus,random_pc_ridge,1,Myken,5,100019,1000,1000,3500,3500,156026.34,0.232319244751824,384.0729064941406,0.08150875999854179,92
thr_tarsus,random_pc_ridge,1,Myken,6,100020,1000,1000,3500,3500,156026.34,0.305214840809338,382.8962707519531,0.0900753120004083,92
thr_tarsus,random_pc_ridge,1,Myken,7,100021,1000,1000,3500,3500,156026.34,0.22600774008688468,382.78082275390625,0.14097781400050735,92
thr_tarsus,random_pc_ridge,1,Myken,8,100022,1000,1000,3500,3500,156026.34,0.17317831497155373,383.77325439453125,0.07555894699908094,92
thr_tarsus,random_pc_ridge,1,Myken,9,100023,1000,1000,3500,3500,156026.34,0.2023621476126212,382.26702880859375,0.1665194689994678,92
thr_tarsus,random_pc_ridge,1,Myken,0,1714262082,1500,1500,3500,3500,156026.34,0.14905165646581714,385.0418701171875,0.19829604800179368,92
thr_tarsus,random_pc_ridge,1,Myken,1,2085454949,1500,1500,3500,3500,156026.34,0.4318281695825053,382.94647216796875,0.21212459100206615,92
thr_tarsus,random_pc_ridge,1,Myken,2,2060266791,1500,1500,3500,3500,156026.34,0.325133070449626,383.3731384277344,0.20993847199861193,92
thr_tarsus,random_pc_ridge,1,Myken,3,464011987,1500,1500,3500,3500,156026.34,0.2194001487202179,383.2772216796875,0.20393952199810883,92
thr_tarsus,random_pc_ridge,1,Myken,4,131593733,1500,1500,3500,3500,156026.34,0.2972025939875859,382.36578369140625,0.20896500299932086,92
thr_tarsus,random_pc_ridge,1,Myken,5,100019,1500,1500,3500,3500,156026.34,0.1677519363639567,382.1346740722656,0.21613819999765838,92
thr_tarsus,random_pc_ridge,1,Myken,6,100020,1500,1500,3500,3500,156026.34,0.07931449094215035,384.0226745605469,0.11677783999766689,92
thr_tarsus,random_pc_ridge,1,Myken,7,100021,1500,1500,3500,3500,156026.34,0.20512211138410627,384.5059814453125,0.21503057700101635,92
thr_tarsus,random_pc_ridge,1,Myken,8,100022,1500,1500,3500,3500,156026.34,0.1401321068179097,385.1121826171875,0.2046285610013001,92
thr_tarsus,random_pc_ridge,1,Myken,9,100023,1500,1500,3500,3500,156026.34,0.4002200372274511,383.6102294921875,0.1937835159988026,92
thr_tarsus,random_pc_ridge,1,Myken,0,1714262082,2000,2000,3500,3500,156026.34,0.3298563564861031,383.3926086425781,0.22915830700003426,92
thr_tarsus,random_pc_ridge,1,Myken,1,2085454949,2000,2000,3500,3500,156026.34,0.3590479007726976,383.9693298339844,0.2311521579977125,92
thr_tarsus,random_pc_ridge,1,Myken,2,2060266791,2000,2000,3500,3500,156026.34,0.35524310784999574,383.5686950683594,0.1283313569983875,92
thr_tarsus,random_pc_ridge,1,Myken,3,464011987,2000,2000,3500,3500,156026.34,0.35300373534833596,383.7874450683594,0.12300703900109511,92
thr_tarsus,random_pc_ridge,1,Myken,4,131593733,2000,2000,3500,3500,156026.34,0.3395911251845956,383.6908874511719,0.14399893399968278,92
thr_tarsus,random_pc_ridge,1,Myken,5,100019,2000,2000,3500,3500,156026.34,0.29443062581357304,384.741943359375,0.11432862400033628,92
thr_tarsus,random_pc_ridge,1,Myken,6,100020,2000,2000,3500,3500,156026.34,0.32607514170883584,382.4039001464844,0.114280776000669,92
thr_tarsus,random_pc_ridge,1,Myken,7,100021,2000,2000,3500,3500,156026.34,0.4103389554709041,382.1756896972656,0.11493398700258695,92
thr_tarsus,random_pc_ridge,1,Myken,8,100022,2000,2000,3500,3500,156026.34,0.3650805332705987,383.50079345703125,0.11947669599976507,92
thr_tarsus,random_pc_ridge,1,Myken,9,100023,2000,2000,3500,3500,156026.34,0.2629776384291063,383.8013000488281,0.11766071300007752,92
thr_tarsus,random_pc_ridge,1,Myken,0,1714262082,2500,2500,3500,3500,156026.34,0.21661320706823486,383.8828125,0.1452127960001235,92
thr_tarsus,random_pc_ridge,1,Myken,1,2085454949,2500,2500,3500,3500,156026.34,0.08085563441719024,382.8636169433594,0.1399405800002569,92
thr_tarsus,random_pc_ridge,1,Myken,2,2060266791,2500,2500,3500,3500,156026.34,0.1773047383031068,383.0092468261719,0.140982831002475,92
thr_tarsus,random_pc_ridge,1,Myken,3,464011987,2500,2500,3500,3500,156026.34,0.24338629916215224,382.38214111328125,0.14380575800169026,92
thr_tarsus,random_pc_ridge,1,Myken,4,131593733,2500,2500,3500,3500,156026.34,0.1597547144407419,383.6834716796875,0.14092601299853413,92
thr_tarsus,random_pc_ridge,1,Myken,5,100019,2500,2500,3500,3500,156026.34,0.39121659515581503,383.4087219238281,0.14608617599878926,92
thr_tarsus,random_pc_ridge,1,Myken,6,100020,2500,2500,3500,3500,156026.34,0.2978120351914797,382.9819641113281,0.14218518000052427,92
thr_tarsus,random_pc_ridge,1,Myken,7,100021,2500,2500,3500,3500,156026.34,0.30207777414781833,383.81768798828125,0.1439460660003533,92
thr_tarsus,random_pc_ridge,1,Myken,8,100022,2500,2500,3500,3500,156026.34,0.39567695693020094,382.48602294921875,0.14245826600017608,92
thr_tarsus,random_pc_ridge,1,Myken,9,100023,2500,2500,3500,3500,156026.34,0.2872561842688245,383.6075134277344,0.14519229999859817,92
thr_tarsus,random_pc_ridge,1,Myken,0,1714262082,3000,3000,3500,3500,156026.34,0.29856790511700176,383.7108459472656,0.20932587399875047,92
thr_tarsus,random_pc_ridge,1,Myken,1,2085454949,3000,3000,3500,3500,156026.34,0.37932132397397417,382.83465576171875,0.2043086339981528,92
thr_tarsus,random_pc_ridge,1,Myken,2,2060266791,3000,3000,3500,3500,156026.34,0.23857169382781374,383.62567138671875,0.2006262209979468,92
thr_tarsus,random_pc_ridge,1,Myken,3,464011987,3000,3000,3500,3500,156026.34,0.3412209729594217,384.356689453125,0.18757596900104545,92
thr_tarsus,random_pc_ridge,1,Myken,4,131593733,3000,3000,3500,3500,156026.34,0.27223156698612816,382.9441223144531,0.20419821099858382,92
thr_tarsus,random_pc_ridge,1,Myken,5,100019,3000,3000,3500,3500,156026.34,0.2868906192685716,382.7734375,0.19673322099697543,92
thr_tarsus,random_pc_ridge,1,Myken,6,100020,3000,3000,3500,3500,156026.34,0.2896691574256411,384.22515869140625,0.18066976399859414,92
thr_tarsus,random_pc_ridge,1,Myken,7,100021,3000,3000,3500,3500,156026.34,0.1898361239627084,384.7896423339844,0.18944108499999857,92
thr_tarsus,random_pc_ridge,1,Myken,8,100022,3000,3000,3500,3500,156026.34,0.2784219562979154,384.0312194824219,0.19138488699900336,92
thr_tarsus,random_pc_ridge,1,Myken,9,100023,3000,3000,3500,3500,156026.34,0.3950475992133912,383.1479797363281,0.19244087300103274,92
thr_tarsus,random_pc_ridge,1,Myken,0,1714262082,3500,3500,3500,3500,156026.34,0.31908674065031206,383.8122863769531,0.31477655799972126,92
thr_tarsus,random_pc_ridge,1,Myken,1,2085454949,3500,3500,3500,3500,156026.34,0.3224063172653663,384.146240234375,0.2622998890001327,92
thr_tarsus,random_pc_ridge,1,Myken,2,2060266791,3500,3500,3500,3500,156026.34,0.2879260937667957,383.9819641113281,0.30310888700114447,92
thr_tarsus,random_pc_ridge,1,Myken,3,464011987,3500,3500,3500,3500,156026.34,0.31150279632018674,383.7750549316406,0.2497778799988737,92
thr_tarsus,random_pc_ridge,1,Myken,4,131593733,3500,3500,3500,3500,156026.34,0.2865944289563694,384.5292053222656,0.25441500400120276,92
thr_tarsus,random_pc_ridge,1,Myken,5,100019,3500,3500,3500,3500,156026.34,0.2585334772280709,384.375244140625,0.25531613700150046,92
thr_tarsus,random_pc_ridge,1,Myken,6,100020,3500,3500,3500,3500,156026.34,0.36482387578769787,383.4126281738281,0.25524992200007546,92
thr_tarsus,random_pc_ridge,1,Myken,7,100021,3500,3500,3500,3500,156026.34,0.3104140915051978,383.68304443359375,0.27142879700113554,92
thr_tarsus,random_pc_ridge,1,Myken,8,100022,3500,3500,3500,3500,156026.34,0.2652320334860435,384.3800048828125,0.2584496239978762,92
thr_tarsus,random_pc_ridge,1,Myken,9,100023,3500,3500,3500,3500,156026.34,0.2939154683301104,384.4522705078125,0.260636009999871,92
thr_tarsus,random_pc_ridge,1,Myken,0,1714262082,4000,4000,3500,3500,156026.34,0.3383139622071984,384.4311828613281,0.26183380899965414,92
thr_tarsus,random_pc_ridge,1,Myken,1,2085454949,4000,4000,3500,3500,156026.34,0.36286537667250435,383.0335388183594,0.26110301399967284,92
thr_tarsus,random_pc_ridge,1,Myken,2,2060266791,4000,4000,3500,3500,156026.34,0.3074011580933876,384.55242919921875,0.2590295270019851,92
thr_tarsus,random_pc_ridge,1,Myken,3,464011987,4000,4000,3500,3500,156026.34,0.374292173343359,383.4831848144531,0.2612028880030266,92
thr_tarsus,random_pc_ridge,1,Myken,4,131593733,4000,4000,3500,3500,156026.34,0.3324392172884416,383.52032470703125,0.2827459619984438,92
thr_tarsus,random_pc_ridge,1,Myken,5,100019,4000,4000,3500,3500,156026.34,0.17440626425244027,384.447021484375,0.2862056539997866,92
thr_tarsus,random_pc_ridge,1,Myken,6,100020,4000,4000,3500,3500,156026.34,0.3707176555350553,384.0262756347656,0.26913527400029125,92
thr_tarsus,random_pc_ridge,1,Myken,7,100021,4000,4000,3500,3500,156026.34,0.28249088443510334,383.0104064941406,0.2600734340012423,92
thr_tarsus,random_pc_ridge,1,Myken,8,100022,4000,4000,3500,3500,156026.34,0.3487990226628639,383.193359375,0.2817595579981571,92
thr_tarsus,random_pc_ridge,1,Myken,9,100023,4000,4000,3500,3500,156026.34,0.22885612201114244,383.8363342285156,0.2690967919988907,92
thr_tarsus,random_pc_ridge,1,Myken,0,1714262082,4500,4500,3500,3500,156026.34,0.33028657703962866,383.2497863769531,0.2789255179995962,92
thr_tarsus,random_pc_ridge,1,Myken,1,2085454949,4500,4500,3500,3500,156026.34,0.39882062569584226,383.4443664550781,0.28062415499880444,92
thr_tarsus,random_pc_ridge,1,Myken,2,2060266791,4500,4500,3500,3500,156026.34,0.32436801830925027,383.8252868652344,0.2775332669989439,92
thr_tarsus,random_pc_ridge,1,Myken,3,464011987,4500,4500,3500,3500,156026.34,0.3587560090474157,382.19696044921875,0.2811844050011132,92
thr_tarsus,random_pc_ridge,1,Myken,4,131593733,4500,4500,3500,3500,156026.34,0.28621783478434265,383.9181823730469,0.3340494170006423,92
thr_tarsus,random_pc_ridge,1,Myken,5,100019,4500,4500,3500,3500,156026.34,0.3312912903762014,383.3615417480469,0.2823413439982687,92
thr_tarsus,random_pc_ridge,1,Myken,6,100020,4500,4500,3500,3500,156026.34,0.3401203706882461,383.6578674316406,0.2805222099996172,92
thr_tarsus,random_pc_ridge,1,Myken,7,100021,4500,4500,3500,3500,156026.34,0.3115764303774062,383.40936279296875,0.27839827299976605,92
thr_tarsus,random_pc_ridge,1,Myken,8,100022,4500,4500,3500,3500,156026.34,0.2868134786716276,384.05902099609375,0.2820348710010876,92
thr_tarsus,random_pc_ridge,1,Myken,9,100023,4500,4500,3500,3500,156026.34,0.25576963234100153,384.572998046875,0.29012620499997865,92
thr_tarsus,random_pc_ridge,2,Træna,0,405385771,500,500,3500,3500,156026.34,0.08308442212847872,381.924072265625,0.02539607799917576,286
thr_tarsus,random_pc_ridge,2,Træna,1,1256116569,500,500,3500,3500,156026.34,0.03219818582719522,382.6845397949219,0.024471319000440417,286
thr_tarsus,random_pc_ridge,2,Træna,2,803481440,500,500,3500,3500,156026.34,0.0569781297263983,380.99957275390625,0.03186918199935462,286
thr_tarsus,random_pc_ridge,2,Træna,3,1705764116,500,500,3500,3500,156026.34,0.14232656291452564,379.3844909667969,0.03209875700122211,286
thr_tarsus,random_pc_ridge,2,Træna,4,2026676072,500,500,3500,3500,156026.34,0.13896983080899894,378.7329406738281,0.03209398500257521,286
thr_tarsus,random_pc_ridge,2,Træna,5,200019,500,500,3500,3500,156026.34,0.0733452836917435,380.67279052734375,0.032117934999405406,286
thr_tarsus,random_pc_ridge,2,Træna,6,200020,500,500,3500,3500,156026.34,-0.008552901514206018,381.2210388183594,0.03219647600053577,286
thr_tarsus,random_pc_ridge,2,Træna,7,200021,500,500,3500,3500,156026.34,0.07588821270879179,380.71881103515625,0.03224362599939923,286
thr_tarsus,random_pc_ridge,2,Træna,8,200022,500,500,3500,3500,156026.34,0.060274956488649195,379.6639404296875,0.03204815100252745,286
thr_tarsus,random_pc_ridge,2,Træna,9,200023,500,500,3500,3500,156026.34,0.05068563257152952,380.8847961425781,0.03214378399934503,286
thr_tarsus,random_pc_ridge,2,Træna,0,405385771,1000,1000,3500,3500,156026.34,0.18002051969014657,379.9704284667969,0.17462812099984149,286
thr_tarsus,random_pc_ridge,2,Træna,1,1256116569,1000,1000,3500,3500,156026.34,0.18275342155145582,380.8481750488281,0.07848498800012749,286
thr_tarsus,random_pc_ridge,2,Træna,2,803481440,1000,1000,3500,3500,156026.34,0.09453898351434868,381.044921875,0.05567389800125966,286
thr_tarsus,random_pc_ridge,2,Træna,3,1705764116,1000,1000,3500,3500,156026.34,0.09700367578214585,379.2469482421875,0.07428045499909786,286
thr_tarsus,random_pc_ridge,2,Træna,4,2026676072,1000,1000,3500,3500,156026.34,0.04581583552313888,381.7525939941406,0.05412174899902311,286
thr_tarsus,random_pc_ridge,2,Træna,5,200019,1000,1000,3500,3500,156026.34,0.11091427748879677,381.9378662109375,0.08218468400082202,286
thr_tarsus,random_pc_ridge,2,Træna,6,200020,1000,1000,3500,3500,156026.34,0.17691146548713013,380.4461364746094,0.08159753899963107,286
thr_tarsus,random_pc_ridge,2,Træna,7,200021,1000,1000,3500,3500,156026.34,0.15945498482896306,378.32183837890625,0.08083471499776351,286
thr_tarsus,random_pc_ridge,2,Træna,8,200022,1000,1000,3500,3500,156026.34,0.17055826533362378,379.93841552734375,0.11682953700073995,286
thr_tarsus,random_pc_ridge,2,Træna,9,200023,1000,1000,3500,3500,156026.34,0.18845055978980085,381.8686218261719,0.0815974310025922,286
thr_tarsus,random_pc_ridge,2,Træna,0,405385771,1500,1500,3500,3500,156026.34,0.18235110967339044,380.7775573730469,0.19419960400045966,286
thr_tarsus,random_pc_ridge,2,Træna,1,1256116569,1500,1500,3500,3500,156026.34,0.20478508045870147,379.936767578125,0.21153946699996595,286
thr_tarsus,random_pc_ridge,2,Træna,2,803481440,1500,1500,3500,3500,156026.34,0.13858420724521622,381.8451843261719,0.21581197799969232,286
thr_tarsus,random_pc_ridge,2,Træna,3,1705764116,1500,1500,3500,3500,156026.34,0.23955513603009987,380.0020751953125,0.21489001199734048,286
thr_tarsus,random_pc_ridge,2,Træna,4,2026676072,1500,1500,3500,3500,156026.34,0.19163247227321795,380.95458984375,0.21621028600202408,286
thr_tarsus,random_pc_ridge,2,Træna,5,200019,1500,1500,3500,3500,156026.34,0.13161934320025748,380.1014404296875,0.2021836979984073,286
thr_tarsus,random_pc_ridge,2,Træna,6,200020,1500,1500,3500,3500,156026.34,0.19220606013652372,380.6549377441406,0.08236231699993368,286
thr_tarsus,random_pc_ridge,2,Træna,7,200021,1500,1500,3500,3500,156026.34,0.1636977870884648,382.6177978515625,0.06439870699978201,286
thr_tarsus,random_pc_ridge,2,Træna,8,200022,1500,1500,3500,3500,156026.34,0.21572276895895356,380.4066467285156,0.06370011200124281,286
thr_tarsus,random_pc_ridge,2,Træna,9,200023,1500,1500,3500,3500,156026.34,0.06096886923662355,381.7332763671875,0.06358805700074299,286
thr_tarsus,random_pc_ridge,2,Træna,0,405385771,2000,2000,3500,3500,156026.34,0.25436733818681795,380.7489013671875,0.18003130800207146,286
thr_tarsus,random_pc_ridge,2,Træna,1,1256116569,2000,2000,3500,3500,156026.34,0.27445458653048116,380.12457275390625,0.11856680599885294,286
thr_tarsus,random_pc_ridge,2,Træna,2,803481440,2000,2000,3500,3500,156026.34,0.17277345171048308,380.1335754394531,0.11626129500291427,286
thr_tarsus,random_pc_ridge,2,Træna,3,1705764116,2000,2000,3500,3500,156026.34,0.15341696730666596,382.4236755371094,0.14400697699966258,286
thr_tarsus,random_pc_ridge,2,Træna,4,2026676072,2000,2000,3500,3500,156026.34,0.1678513268396685,381.3336486816406,0.13630004700098652,286
thr_tarsus,random_pc_ridge,2,Træna,5,200019,2000,2000,3500,3500,156026.34,0.25292167614324434,380.6104736328125,0.11841818399989279,286
thr_tarsus,random_pc_ridge,2,Træna,6,200020,2000,2000,3500,3500,156026.34,0.169476652386845,380.0740051269531,0.21611656100139953,286
thr_tarsus,random_pc_ridge,2,Træna,7,200021,2000,2000,3500,3500,156026.34,0.10676616409006683,380.2781982421875,0.22502526599782868,286
thr_tarsus,random_pc_ridge,2,Træna,8,200022,2000,2000,3500,3500,156026.34,0.2177238798549675,380.56903076171875,0.13123417899987544,286
thr_tarsus,random_pc_ridge,2,Træna,9,200023,2000,2000,3500,3500,156026.34,0.1882905255240466,381.3815002441406,0.15824630199858802,286
thr_tarsus,random_pc_ridge,2,Træna,0,405385771,2500,2500,3500,3500,156026.34,0.09097827727216845,380.0397644042969,0.24102181900161668,286
thr_tarsus,random_pc_ridge,2,Træna,1,1256116569,2500,2500,3500,3500,156026.34,0.11598861091303886,380.32611083984375,0.14625749599872506,286
thr_tarsus,random_pc_ridge,2,Træna,2,803481440,2500,2500,3500,3500,156026.34,0.1223833122923097,380.66192626953125,0.13911768199977814,286
thr_tarsus,random_pc_ridge,2,Træna,3,1705764116,2500,2500,3500,3500,156026.34,0.1758748196759305,382.1263732910156,0.14554824600054417,286
thr_tarsus,random_pc_ridge,2,Træna,4,2026676072,2500,2500,3500,3500,156026.34,0.19758155115348133,380.6110534667969,0.25461987300150213,286
thr_tarsus,random_pc_ridge,2,Træna,5,200019,2500,2500,3500,3500,156026.34,0.20085059390701906,380.2539978027344,0.24980010999934166,286
thr_tarsus,random_pc_ridge,2,Træna,6,200020,2500,2500,3500,3500,156026.34,0.1337115364425199,381.142333984375,0.156530501000816,286
thr_tarsus,random_pc_ridge,2,Træna,7,200021,2500,2500,3500,3500,156026.34,0.1952061458137933,379.0169677734375,0.14018157299869927,286
thr_tarsus,random_pc_ridge,2,Træna,8,200022,2500,2500,3500,3500,156026.34,0.24016807828288814,380.0269775390625,0.14026033199843368,286
thr_tarsus,random_pc_ridge,2,Træna,9,200023,2500,2500,3500,3500,156026.34,0.11616763946468893,380.8226318359375,0.14663909099908778,286
thr_tarsus,random_pc_ridge,2,Træna,0,405385771,3000,3000,3500,3500,156026.34,0.22371655310222402,379.99420166015625,0.20670315399911487,286
thr_tarsus,random_pc_ridge,2,Træna,1,1256116569,3000,3000,3500,3500,156026.34,0.20528653091457608,380.9195251464844,0.20323593400098616,286
thr_tarsus,random_pc_ridge,2,Træna,2,803481440,3000,3000,3500,3500,156026.34,0.18830791344824066,380.4144592285156,0.2019894100012607,286
thr_tarsus,random_pc_ridge,2,Træna,3,1705764116,3000,3000,3500,3500,156026.34,0.2657305115319054,379.8409118652344,0.20107012700100313,286
thr_tarsus,random_pc_ridge,2,Træna,4,2026676072,3000,3000,3500,3500,156026.34,0.17661307553811367,380.0261535644531,0.2030487379997794,286
thr_tarsus,random_pc_ridge,2,Træna,5,200019,3000,3000,3500,3500,156026.34,0.20953983091997816,379.7581481933594,0.2071915269989404,286
thr_tarsus,random_pc_ridge,2,Træna,6,200020,3000,3000,3500,3500,156026.34,0.18381580255861704,380.13134765625,0.20299070799956098,286
thr_tarsus,random_pc_ridge,2,Træna,7,200021,3000,3000,3500,3500,156026.34,0.21189537281973894,380.130615234375,0.1906331019999925,286
thr_tarsus,random_pc_ridge,2,Træna,8,200022,3000,3000,3500,3500,156026.34,0.20093874619349525,380.2543029785156,0.20391896100045415,286
thr_tarsus,random_pc_ridge,2,Træna,9,200023,3000,3000,3500,3500,156026.34,0.236458634917614,381.0124816894531,0.20313706700108014,286
thr_tarsus,random_pc_ridge,2,Træna,0,405385771,3500,3500,3500,3500,156026.34,0.19330695233962517,380.63397216796875,0.26643675199738936,286
thr_tarsus,random_pc_ridge,2,Træna,1,1256116569,3500,3500,3500,3500,156026.34,0.2684671535018314,380.1598815917969,0.2638496559993655,286
thr_tarsus,random_pc_ridge,2,Træna,2,803481440,3500,3500,3500,3500,156026.34,0.21413265579621063,381.04388427734375,0.25686879200293333,286
thr_tarsus,random_pc_ridge,2,Træna,3,1705764116,3500,3500,3500,3500,156026.34,0.21229142372039583,379.7796630859375,0.261978688002273,286
thr_tarsus,random_pc_ridge,2,Træna,4,2026676072,3500,3500,3500,3500,156026.34,0.20563834510961004,380.3373718261719,0.2634425890028069,286
thr_tarsus,random_pc_ridge,2,Træna,5,200019,3500,3500,3500,3500,156026.34,0.19107741080563612,380.6120300292969,0.2617591190028179,286
thr_tarsus,random_pc_ridge,2,Træna,6,200020,3500,3500,3500,3500,156026.34,0.22637190817399228,380.94805908203125,0.2622800739991362,286
thr_tarsus,random_pc_ridge,2,Træna,7,200021,3500,3500,3500,3500,156026.34,0.1735893612348457,380.7207946777344,0.25051321199862286,286
thr_tarsus,random_pc_ridge,2,Træna,8,200022,3500,3500,3500,3500,156026.34,0.2283312036148839,381.1761779785156,0.257465429000149,286
thr_tarsus,random_pc_ridge,2,Træna,9,200023,3500,3500,3500,3500,156026.34,0.2278112369583598,380.4793701171875,0.30466528000033577,286
thr_tarsus,random_pc_ridge,2,Træna,0,405385771,4000,4000,3500,3500,156026.34,0.19322151999813753,380.3858947753906,0.26015539699801593,286
thr_tarsus,random_pc_ridge,2,Træna,1,1256116569,4000,4000,3500,3500,156026.34,0.23647627317041753,380.5470886230469,0.2582191019973834,286
thr_tarsus,random_pc_ridge,2,Træna,2,803481440,4000,4000,3500,3500,156026.34,0.22407246739549838,380.3920593261719,0.31216022000080557,286
thr_tarsus,random_pc_ridge,2,Træna,3,1705764116,4000,4000,3500,3500,156026.34,0.23379230573285728,380.7524108886719,0.2585664309990534,286
thr_tarsus,random_pc_ridge,2,Træna,4,2026676072,4000,4000,3500,3500,156026.34,0.18399256113802015,380.114501953125,0.2585813160003454,286
thr_tarsus,random_pc_ridge,2,Træna,5,200019,4000,4000,3500,3500,156026.34,0.22068762070592976,380.39398193359375,0.2604648439992161,286
thr_tarsus,random_pc_ridge,2,Træna,6,200020,4000,4000,3500,3500,156026.34,0.21684756836803015,380.5300598144531,0.2605808590014931,286
thr_tarsus,random_pc_ridge,2,Træna,7,200021,4000,4000,3500,3500,156026.34,0.23046350357040352,380.07537841796875,0.2602269029994204,286
thr_tarsus,random_pc_ridge,2,Træna,8,200022,4000,4000,3500,3500,156026.34,0.24295430688424896,380.9170837402344,0.25957215300149983,286
thr_tarsus,random_pc_ridge,2,Træna,9,200023,4000,4000,3500,3500,156026.34,0.19864093756290502,380.53277587890625,0.2612500520008325,286
thr_tarsus,random_pc_ridge,2,Træna,0,405385771,4500,4500,3500,3500,156026.34,0.21444150309373658,380.2289123535156,0.28169928699935554,286
thr_tarsus,random_pc_ridge,2,Træna,1,1256116569,4500,4500,3500,3500,156026.34,0.21450877318412434,380.37811279296875,0.28407765999872936,286
thr_tarsus,random_pc_ridge,2,Træna,2,803481440,4500,4500,3500,3500,156026.34,0.19472397501257216,380.1485595703125,0.2792841570008022,286
thr_tarsus,random_pc_ridge,2,Træna,3,1705764116,4500,4500,3500,3500,156026.34,0.2606324891953231,380.44305419921875,0.2841807449985936,286
thr_tarsus,random_pc_ridge,2,Træna,4,2026676072,4500,4500,3500,3500,156026.34,0.21553505770736694,380.82574462890625,0.28459109899995383,286
thr_tarsus,random_pc_ridge,2,Træna,5,200019,4500,4500,3500,3500,156026.34,0.24417548859807575,380.1767883300781,0.28496665300190216,286
thr_tarsus,random_pc_ridge,2,Træna,6,200020,4500,4500,3500,3500,156026.34,0.19208801751338933,380.67608642578125,0.2833576249977341,286
thr_tarsus,random_pc_ridge,2,Træna,7,200021,4500,4500,3500,3500,156026.34,0.23735172782372843,380.136962890625,0.28456500000174856,286
thr_tarsus,random_pc_ridge,2,Træna,8,200022,4500,4500,3500,3500,156026.34,0.1945768841179292,380.5304260253906,0.2947176779998699,286
thr_tarsus,random_pc_ridge,2,Træna,9,200023,4500,4500,3500,3500,156026.34,0.22891526650911667,380.40032958984375,0.28287839599943254,286
thr_tarsus,random_pc_ridge,3,Selvær,0,261820732,500,500,3500,3500,156026.34,0.1463695390331288,377.3726501464844,0.02070986999751767,194
thr_tarsus,random_pc_ridge,3,Selvær,1,1117512274,500,500,3500,3500,156026.34,0.1754326488222848,379.2522888183594,0.025781078002182767,194
thr_tarsus,random_pc_ridge,3,Selvær,2,1562338001,500,500,3500,3500,156026.34,0.09645181795376849,377.0741271972656,0.03189572300107102,194
thr_tarsus,random_pc_ridge,3,Selvær,3,980813718,500,500,3500,3500,156026.34,0.0160677834402033,380.8853759765625,0.015014855001936667,194
thr_tarsus,random_pc_ridge,3,Selvær,4,1849893988,500,500,3500,3500,156026.34,0.07785529034895858,381.4328308105469,0.015096369999810122,194
thr_tarsus,random_pc_ridge,3,Selvær,5,300019,500,500,3500,3500,156026.34,0.04813092046365836,378.86907958984375,0.01507297499847482,194
thr_tarsus,random_pc_ridge,3,Selvær,6,300020,500,500,3500,3500,156026.34,0.0017424764111860886,378.26666259765625,0.015179612000792986,194
thr_tarsus,random_pc_ridge,3,Selvær,7,300021,500,500,3500,3500,156026.34,0.1396896551106811,380.4764709472656,0.01515981299962732,194
thr_tarsus,random_pc_ridge,3,Selvær,8,300022,500,500,3500,3500,156026.34,-0.018834104829991444,379.50933837890625,0.015144372002396267,194
thr_tarsus,random_pc_ridge,3,Selvær,9,300023,500,500,3500,3500,156026.34,0.12268174740922086,379.4683532714844,0.015112483997654635,194
thr_tarsus,random_pc_ridge,3,Selvær,0,261820732,1000,1000,3500,3500,156026.34,0.21235866884402352,379.7603454589844,0.05155418499998632,194
thr_tarsus,random_pc_ridge,3,Selvær,1,1117512274,1000,1000,3500,3500,156026.34,0.19638880833493585,380.2110900878906,0.0482904470009089,194
thr_tarsus,random_pc_ridge,3,Selvær,2,1562338001,1000,1000,3500,3500,156026.34,0.10492063041411441,379.3996887207031,0.047501760000159265,194
thr_tarsus,random_pc_ridge,3,Selvær,3,980813718,1000,1000,3500,3500,156026.34,0.16716045478831026,380.0130615234375,0.04758089499955531,194
thr_tarsus,random_pc_ridge,3,Selvær,4,1849893988,1000,1000,3500,3500,156026.34,0.08888073528877571,380.4240417480469,0.04757958100162796,194
thr_tarsus,random_pc_ridge,3,Selvær,5,300019,1000,1000,3500,3500,156026.34,0.10209260960595115,380.20489501953125,0.047691796000435716,194
thr_tarsus,random_pc_ridge,3,Selvær,6,300020,1000,1000,3500,3500,156026.34,0.22955190259010078,378.6561584472656,0.04747938899890869,194
thr_tarsus,random_pc_ridge,3,Selvær,7,300021,1000,1000,3500,3500,156026.34,0.11339690578541485,379.79986572265625,0.0475231390009867,194
thr_tarsus,random_pc_ridge,3,Selvær,8,300022,1000,1000,3500,3500,156026.34,0.1641930906486015,379.5530090332031,0.04756787400037865,194
thr_tarsus,random_pc_ridge,3,Selvær,9,300023,1000,1000,3500,3500,156026.34,0.06656271155648351,380.42059326171875,0.04863037399991299,194
thr_tarsus,random_pc_ridge,3,Selvær,0,261820732,1500,1500,3500,3500,156026.34,0.1923087688888802,378.64642333984375,0.06745169500209158,194
thr_tarsus,random_pc_ridge,3,Selvær,1,1117512274,1500,1500,3500,3500,156026.34,0.28872270165946035,378.3454284667969,0.07958112800042727,194
thr_tarsus,random_pc_ridge,3,Selvær,2,1562338001,1500,1500,3500,3500,156026.34,0.11687717929570188,381.89593505859375,0.07998809699711273,194
thr_tarsus,random_pc_ridge,3,Selvær,3,980813718,1500,1500,3500,3500,156026.34,0.1416475624680384,378.1403503417969,0.07977287999892724,194
thr_tarsus,random_pc_ridge,3,Selvær,4,1849893988,1500,1500,3500,3500,156026.34,0.05395934766665194,379.3236083984375,0.07997491099740728,194
thr_tarsus,random_pc_ridge,3,Selvær,5,300019,1500,1500,3500,3500,156026.34,0.1028841210854481,379.45184326171875,0.07994403300108388,194
thr_tarsus,random_pc_ridge,3,Selvær,6,300020,1500,1500,3500,3500,156026.34,0.2080833210871547,379.88433837890625,0.06295553599920822,194
thr_tarsus,random_pc_ridge,3,Selvær,7,300021,1500,1500,3500,3500,156026.34,0.14118622114708154,378.6475830078125,0.06303805399875273,194
thr_tarsus,random_pc_ridge,3,Selvær,8,300022,1500,1500,3500,3500,156026.34,0.1133265890401505,377.687744140625,0.06316942700141226,194
thr_tarsus,random_pc_ridge,3,Selvær,9,300023,1500,1500,3500,3500,156026.34,0.04976617256319185,379.1240234375,0.08201354600168997,194
thr_tarsus,random_pc_ridge,3,Selvær,0,261820732,2000,2000,3500,3500,156026.34,0.19572309282051245,379.38427734375,0.22490257900062716,194
thr_tarsus,random_pc_ridge,3,Selvær,1,1117512274,2000,2000,3500,3500,156026.34,0.21308309229625647,379.97198486328125,0.1299953909983742,194
thr_tarsus,random_pc_ridge,3,Selvær,2,1562338001,2000,2000,3500,3500,156026.34,0.2121213473090869,380.2703857421875,0.1193999659990368,194
thr_tarsus,random_pc_ridge,3,Selvær,3,980813718,2000,2000,3500,3500,156026.34,0.1892226013452068,379.38482666015625,0.1409623580002517,194
thr_tarsus,random_pc_ridge,3,Selvær,4,1849893988,2000,2000,3500,3500,156026.34,0.036702242603023474,377.7224426269531,0.12009101500007091,194
thr_tarsus,random_pc_ridge,3,Selvær,5,300019,2000,2000,3500,3500,156026.34,0.28376515749255193,380.26763916015625,0.12871001299936324,194
thr_tarsus,random_pc_ridge,3,Selvær,6,300020,2000,2000,3500,3500,156026.34,0.22476548939183272,378.1817932128906,0.22584706999987247,194
thr_tarsus,random_pc_ridge,3,Selvær,7,300021,2000,2000,3500,3500,156026.34,0.22427068033788028,381.3472900390625,0.1335265720008465,194
thr_tarsus,random_pc_ridge,3,Selvær,8,300022,2000,2000,3500,3500,156026.34,0.25346198382929064,379.1964416503906,0.11933994200080633,194
thr_tarsus,random_pc_ridge,3,Selvær,9,300023,2000,2000,3500,3500,156026.34,0.1978709243036955,378.4877624511719,0.13015215300038108,194
thr_tarsus,random_pc_ridge,3,Selvær,0,261820732,2500,2500,3500,3500,156026.34,0.22327743552112106,380.03338623046875,0.1428514629988058,194
thr_tarsus,random_pc_ridge,3,Selvær,1,1117512274,2500,2500,3500,3500,156026.34,0.31028995239752893,379.8429870605469,0.14461143699736567,194
thr_tarsus,random_pc_ridge,3,Selvær,2,1562338001,2500,2500,3500,3500,156026.34,0.1997417675920839,380.9633483886719,0.13911836499755736,194
thr_tarsus,random_pc_ridge,3,Selvær,3,980813718,2500,2500,3500,3500,156026.34,0.2750008710469789,380.9433898925781,0.142269017000217,194
thr_tarsus,random_pc_ridge,3,Selvær,4,1849893988,2500,2500,3500,3500,156026.34,0.23260497542726027,379.5937194824219,0.1435792330012191,194
thr_tarsus,random_pc_ridge,3,Selvær,5,300019,2500,2500,3500,3500,156026.34,0.18758473316461863,378.59228515625,0.13823004599908018,194
thr_tarsus,random_pc_ridge,3,Selvær,6,300020,2500,2500,3500,3500,156026.34,0.2429773836564922,380.0444641113281,0.1402621769993857,194
thr_tarsus,random_pc_ridge,3,Selvær,7,300021,2500,2500,3500,3500,156026.34,0.18484988869551872,378.9302062988281,0.14179251099994872,194
thr_tarsus,random_pc_ridge,3,Selvær,8,300022,2500,2500,3500,3500,156026.34,0.29396965792673563,379.157470703125,0.14220965200001956,194
thr_tarsus,random_pc_ridge,3,Selvær,9,300023,2500,2500,3500,3500,156026.34,0.19576628010881475,380.817626953125,0.13898179399984656,194
thr_tarsus,random_pc_ridge,3,Selvær,0,261820732,3000,3000,3500,3500,156026.34,0.237533584032243,379.5913391113281,0.20398903000022983,194
thr_tarsus,random_pc_ridge,3,Selvær,1,1117512274,3000,3000,3500,3500,156026.34,0.22127867210439423,380.15899658203125,0.19784454500040738,194
thr_tarsus,random_pc_ridge,3,Selvær,2,1562338001,3000,3000,3500,3500,156026.34,0.26899184420031186,379.43035888671875,0.20419396500074072,194
thr_tarsus,random_pc_ridge,3,Selvær,3,980813718,3000,3000,3500,3500,156026.34,0.2639665858683295,379.3927307128906,0.20006840000132797,194
thr_tarsus,random_pc_ridge,3,Selvær,4,1849893988,3000,3000,3500,3500,156026.34,0.2782383710083733,378.633544921875,0.1999154430013732,194
thr_tarsus,random_pc_ridge,3,Selvær,5,300019,3000,3000,3500,3500,156026.34,0.1948276859188698,380.0693359375,0.1899548670007789,194
thr_tarsus,random_pc_ridge,3,Selvær,6,300020,3000,3000,3500,3500,156026.34,0.20179475065888164,380.0935974121094,0.19412472600015462,194
thr_tarsus,random_pc_ridge,3,Selvær,7,300021,3000,3000,3500,3500,156026.34,0.24984739528120403,379.7353820800781,0.20436424799845554,194
thr_tarsus,random_pc_ridge,3,Selvær,8,300022,3000,3000,3500,3500,156026.34,0.20753750428668444,379.3287658691406,0.1995015100001183,194
thr_tarsus,random_pc_ridge,3,Selvær,9,300023,3000,3000,3500,3500,156026.34,0.16022467965695517,379.2140808105469,0.19738931400206639,194
thr_tarsus,random_pc_ridge,3,Selvær,0,261820732,3500,3500,3500,3500,156026.34,0.1570369391257924,379.7764587402344,0.256504015000246,194
thr_tarsus,random_pc_ridge,3,Selvær,1,1117512274,3500,3500,3500,3500,156026.34,0.23430818009026586,380.62396240234375,0.26039010699969367,194
thr_tarsus,random_pc_ridge,3,Selvær,2,1562338001,3500,3500,3500,3500,156026.34,0.25645336658538437,379.1293640136719,0.2608879989966226,194
thr_tarsus,random_pc_ridge,3,Selvær,3,980813718,3500,3500,3500,3500,156026.34,0.23340803700146429,379.80615234375,0.2585019629987073,194
thr_tarsus,random_pc_ridge,3,Selvær,4,1849893988,3500,3500,3500,3500,156026.34,0.2822338692845969,380.4706115722656,0.2583515130027081,194
thr_tarsus,random_pc_ridge,3,Selvær,5,300019,3500,3500,3500,3500,156026.34,0.245972729403684,380.03607177734375,0.26045452000107616,194
thr_tarsus,random_pc_ridge,3,Selvær,6,300020,3500,3500,3500,3500,156026.34,0.2758791768948383,380.2074890136719,0.261318503999064,194
thr_tarsus,random_pc_ridge,3,Selvær,7,300021,3500,3500,3500,3500,156026.34,0.1825689453565834,379.8305358886719,0.2607433339981071,194
thr_tarsus,random_pc_ridge,3,Selvær,8,300022,3500,3500,3500,3500,156026.34,0.19781019061834937,379.3620300292969,0.262775237999449,194
thr_tarsus,random_pc_ridge,3,Selvær,9,300023,3500,3500,3500,3500,156026.34,0.28512341274343744,379.33087158203125,0.25864381800056435,194
thr_tarsus,random_pc_ridge,3,Selvær,0,261820732,4000,4000,3500,3500,156026.34,0.23941404702989186,379.7901916503906,0.26682979199904366,194
thr_tarsus,random_pc_ridge,3,Selvær,1,1117512274,4000,4000,3500,3500,156026.34,0.2678012152943915,379.8516540527344,0.2699698750002426,194
thr_tarsus,random_pc_ridge,3,Selvær,2,1562338001,4000,4000,3500,3500,156026.34,0.25826120011038156,379.92864990234375,0.265080532997672,194
thr_tarsus,random_pc_ridge,3,Selvær,3,980813718,4000,4000,3500,3500,156026.34,0.2558230268372342,379.64404296875,0.2661759960028576,194
thr_tarsus,random_pc_ridge,3,Selvær,4,1849893988,4000,4000,3500,3500,156026.34,0.2813168557975987,379.9793395996094,0.2687400430004345,194
thr_tarsus,random_pc_ridge,3,Selvær,5,300019,4000,4000,3500,3500,156026.34,0.3074908299082034,378.907470703125,0.2660271919994557,194
thr_tarsus,random_pc_ridge,3,Selvær,6,300020,4000,4000,3500,3500,156026.34,0.22734321913307515,379.56011962890625,0.27066624199869693,194
thr_tarsus,random_pc_ridge,3,Selvær,7,300021,4000,4000,3500,3500,156026.34,0.25562177538791075,379.46148681640625,0.2648033529985696,194
thr_tarsus,random_pc_ridge,3,Selvær,8,300022,4000,4000,3500,3500,156026.34,0.24743147550250183,380.69049072265625,0.27295109200349543,194
thr_tarsus,random_pc_ridge,3,Selvær,9,300023,4000,4000,3500,3500,156026.34,0.2623213920727878,380.6749267578125,0.26610946800064994,194
thr_tarsus,random_pc_ridge,3,Selvær,0,261820732,4500,4500,3500,3500,156026.34,0.31177401254554976,379.3397216796875,0.28307897000195226,194
thr_tarsus,random_pc_ridge,3,Selvær,1,1117512274,4500,4500,3500,3500,156026.34,0.2777130159931714,380.2056884765625,0.27695184600088396,194
thr_tarsus,random_pc_ridge,3,Selvær,2,1562338001,4500,4500,3500,3500,156026.34,0.2572751191366472,379.4237365722656,0.2763372459994571,194
thr_tarsus,random_pc_ridge,3,Selvær,3,980813718,4500,4500,3500,3500,156026.34,0.2614275416563657,379.91522216796875,0.2724211610002385,194
thr_tarsus,random_pc_ridge,3,Selvær,4,1849893988,4500,4500,3500,3500,156026.34,0.2990626943351925,380.2009582519531,0.28239234699867666,194
thr_tarsus,random_pc_ridge,3,Selvær,5,300019,4500,4500,3500,3500,156026.34,0.2647009547502776,380.3282775878906,0.2753528989996994,194
thr_tarsus,random_pc_ridge,3,Selvær,6,300020,4500,4500,3500,3500,156026.34,0.22305108836867038,379.17742919921875,0.26696489099776954,194
thr_tarsus,random_pc_ridge,3,Selvær,7,300021,4500,4500,3500,3500,156026.34,0.29420556265067704,380.053466796875,0.27307791199928033,194
thr_tarsus,random_pc_ridge,3,Selvær,8,300022,4500,4500,3500,3500,156026.34,0.25761515231238186,379.7777099609375,0.27942329999859794,194
thr_tarsus,random_pc_ridge,3,Selvær,9,300023,4500,4500,3500,3500,156026.34,0.27825759644325426,379.73968505859375,0.2793223279986705,194
thr_tarsus,random_pc_ridge,4,Gjerøy,0,1623418790,500,500,3500,3500,156026.34,0.11873672961510034,375.7705383300781,0.0239418890014349,555
thr_tarsus,random_pc_ridge,4,Gjerøy,1,1639125088,500,500,3500,3500,156026.34,0.07851923513890344,375.22479248046875,0.03195401300035883,555
thr_tarsus,random_pc_ridge,4,Gjerøy,2,1056172817,500,500,3500,3500,156026.34,0.07228802924499281,375.8955383300781,0.03185988200129941,555
thr_tarsus,random_pc_ridge,4,Gjerøy,3,215651242,500,500,3500,3500,156026.34,0.16780987941446307,376.5624084472656,0.032054953000624664,555
thr_tarsus,random_pc_ridge,4,Gjerøy,4,172047015,500,500,3500,3500,156026.34,0.03973178881566858,375.61395263671875,0.034144156001275405,555
thr_tarsus,random_pc_ridge,4,Gjerøy,5,400019,500,500,3500,3500,156026.34,0.05336370169977124,373.383056640625,0.03411914400203386,555
thr_tarsus,random_pc_ridge,4,Gjerøy,6,400020,500,500,3500,3500,156026.34,0.1252802486833455,376.7426452636719,0.03415234600106487,555
thr_tarsus,random_pc_ridge,4,Gjerøy,7,400021,500,500,3500,3500,156026.34,0.017217467306175124,376.0715026855469,0.04296019600224099,555
thr_tarsus,random_pc_ridge,4,Gjerøy,8,400022,500,500,3500,3500,156026.34,0.0813813725657195,375.4175720214844,0.06842149599833647,555
thr_tarsus,random_pc_ridge,4,Gjerøy,9,400023,500,500,3500,3500,156026.34,0.11163150108089526,374.89459228515625,0.03210835000209045,555
thr_tarsus,random_pc_ridge,4,Gjerøy,0,1623418790,1000,1000,3500,3500,156026.34,0.10646880384020461,377.4917907714844,0.06192986500172992,555
thr_tarsus,random_pc_ridge,4,Gjerøy,1,1639125088,1000,1000,3500,3500,156026.34,0.22893703764429466,377.158935546875,0.05181643600008101,555
thr_tarsus,random_pc_ridge,4,Gjerøy,2,1056172817,1000,1000,3500,3500,156026.34,0.20790327923179233,376.6370849609375,0.05050370900062262,555
thr_tarsus,random_pc_ridge,4,Gjerøy,3,215651242,1000,1000,3500,3500,156026.34,0.18390904911260586,374.3893127441406,0.05057473800115986,555
thr_tarsus,random_pc_ridge,4,Gjerøy,4,172047015,1000,1000,3500,3500,156026.34,0.19703161969852956,375.0183410644531,0.04755408100027125,555
thr_tarsus,random_pc_ridge,4,Gjerøy,5,400019,1000,1000,3500,3500,156026.34,0.08713184961153987,375.2403259277344,0.049516668001160724,555
thr_tarsus,random_pc_ridge,4,Gjerøy,6,400020,1000,1000,3500,3500,156026.34,0.10295295689546478,376.6549987792969,0.05063359199994011,555
thr_tarsus,random_pc_ridge,4,Gjerøy,7,400021,1000,1000,3500,3500,156026.34,0.20368138184847667,376.32427978515625,0.1096593660004146,555
thr_tarsus,random_pc_ridge,4,Gjerøy,8,400022,1000,1000,3500,3500,156026.34,0.19066616281993048,376.23468017578125,0.08350725200216402,555
thr_tarsus,random_pc_ridge,4,Gjerøy,9,400023,1000,1000,3500,3500,156026.34,0.16686161144860032,375.2073669433594,0.04763546899994253,555
thr_tarsus,random_pc_ridge,4,Gjerøy,0,1623418790,1500,1500,3500,3500,156026.34,0.17531579818433887,374.57879638671875,0.06650252100007492,555
thr_tarsus,random_pc_ridge,4,Gjerøy,1,1639125088,1500,1500,3500,3500,156026.34,0.16124812839812552,375.2178955078125,0.06300328400175204,555
thr_tarsus,random_pc_ridge,4,Gjerøy,2,1056172817,1500,1500,3500,3500,156026.34,0.21354648433594892,375.789794921875,0.06278383500102791,555
thr_tarsus,random_pc_ridge,4,Gjerøy,3,215651242,1500,1500,3500,3500,156026.34,0.147803701809713,374.8052673339844,0.06338158099970315,555
thr_tarsus,random_pc_ridge,4,Gjerøy,4,172047015,1500,1500,3500,3500,156026.34,0.14802649712166865,374.9117126464844,0.08810717199958162,555
thr_tarsus,random_pc_ridge,4,Gjerøy,5,400019,1500,1500,3500,3500,156026.34,0.20887692903297914,376.31182861328125,0.06311645499954466,555
thr_tarsus,random_pc_ridge,4,Gjerøy,6,400020,1500,1500,3500,3500,156026.34,0.13111076249011794,376.9087219238281,0.06288787800076534,555
thr_tarsus,random_pc_ridge,4,Gjerøy,7,400021,1500,1500,3500,3500,156026.34,0.20366713275068005,374.8847961425781,0.06587537999803317,555
thr_tarsus,random_pc_ridge,4,Gjerøy,8,400022,1500,1500,3500,3500,156026.34,0.1854212275457273,374.4663391113281,0.10970838399953209,555
thr_tarsus,random_pc_ridge,4,Gjerøy,9,400023,1500,1500,3500,3500,156026.34,0.23502061839094185,375.8135070800781,0.12007738800093648,555
thr_tarsus,random_pc_ridge,4,Gjerøy,0,1623418790,2000,2000,3500,3500,156026.34,0.22090451036880562,376.36834716796875,0.21219511099843658,555
thr_tarsus,random_pc_ridge,4,Gjerøy,1,1639125088,2000,2000,3500,3500,156026.34,0.18948857305576314,376.1020202636719,0.22257884799910244,555
thr_tarsus,random_pc_ridge,4,Gjerøy,2,1056172817,2000,2000,3500,3500,156026.34,0.22314496641324708,375.92315673828125,0.12701033700068365,555
thr_tarsus,random_pc_ridge,4,Gjerøy,3,215651242,2000,2000,3500,3500,156026.34,0.16545799972980627,375.3475036621094,0.20780922900303267,555
thr_tarsus,random_pc_ridge,4,Gjerøy,4,172047015,2000,2000,3500,3500,156026.34,0.15458697728601903,376.32452392578125,0.11974774799818988,555
thr_tarsus,random_pc_ridge,4,Gjerøy,5,400019,2000,2000,3500,3500,156026.34,0.17982082850306333,375.9673156738281,0.11552603200107114,555
thr_tarsus,random_pc_ridge,4,Gjerøy,6,400020,2000,2000,3500,3500,156026.34,0.20902163718606684,375.4582824707031,0.13957904199924087,555
thr_tarsus,random_pc_ridge,4,Gjerøy,7,400021,2000,2000,3500,3500,156026.34,0.17899758921996095,376.9700927734375,0.11806980700202985,555
thr_tarsus,random_pc_ridge,4,Gjerøy,8,400022,2000,2000,3500,3500,156026.34,0.18560193427432065,375.3951110839844,0.11391947799711488,555
thr_tarsus,random_pc_ridge,4,Gjerøy,9,400023,2000,2000,3500,3500,156026.34,0.19238007436503002,374.0514221191406,0.11793444499926409,555
thr_tarsus,random_pc_ridge,4,Gjerøy,0,1623418790,2500,2500,3500,3500,156026.34,0.1994426571927932,375.781982421875,0.15617407500030822,555
thr_tarsus,random_pc_ridge,4,Gjerøy,1,1639125088,2500,2500,3500,3500,156026.34,0.20752368703425758,374.6775207519531,0.14033903699964867,555
thr_tarsus,random_pc_ridge,4,Gjerøy,2,1056172817,2500,2500,3500,3500,156026.34,0.20027675059479025,375.82513427734375,0.1383630229975097,555
thr_tarsus,random_pc_ridge,4,Gjerøy,3,215651242,2500,2500,3500,3500,156026.34,0.1978384289072694,375.1255187988281,0.13997583300078986,555
thr_tarsus,random_pc_ridge,4,Gjerøy,4,172047015,2500,2500,3500,3500,156026.34,0.23439137373510316,375.3323974609375,0.14371948199914186,555
thr_tarsus,random_pc_ridge,4,Gjerøy,5,400019,2500,2500,3500,3500,156026.34,0.09311344185300563,374.8172607421875,0.139776639000047,555
thr_tarsus,random_pc_ridge,4,Gjerøy,6,400020,2500,2500,3500,3500,156026.34,0.1843382522294495,374.95562744140625,0.1387145500011684,555
thr_tarsus,random_pc_ridge,4,Gjerøy,7,400021,2500,2500,3500,3500,156026.34,0.2425435073228407,375.4118957519531,0.13797632600108045,555
thr_tarsus,random_pc_ridge,4,Gjerøy,8,400022,2500,2500,3500,3500,156026.34,0.13837890636830427,375.7767028808594,0.13657625599807943,555
thr_tarsus,random_pc_ridge,4,Gjerøy,9,400023,2500,2500,3500,3500,156026.34,0.217261959646101,375.20648193359375,0.14175565199911944,555
thr_tarsus,random_pc_ridge,4,Gjerøy,0,1623418790,3000,3000,3500,3500,156026.34,0.26730358479914007,375.78936767578125,0.2000754959990445,555
thr_tarsus,random_pc_ridge,4,Gjerøy,1,1639125088,3000,3000,3500,3500,156026.34,0.21040316065447576,375.23345947265625,0.1981275270009064,555
thr_tarsus,random_pc_ridge,4,Gjerøy,2,1056172817,3000,3000,3500,3500,156026.34,0.25128675521638255,375.658447265625,0.19770379300098284,555
thr_tarsus,random_pc_ridge,4,Gjerøy,3,215651242,3000,3000,3500,3500,156026.34,0.23721604377890546,375.9174499511719,0.19699512100123684,555
thr_tarsus,random_pc_ridge,4,Gjerøy,4,172047015,3000,3000,3500,3500,156026.34,0.16699156601649204,375.2601013183594,0.19700611699954607,555
thr_tarsus,random_pc_ridge,4,Gjerøy,5,400019,3000,3000,3500,3500,156026.34,0.18975319665028592,374.9482116699219,0.19782810700053233,555
thr_tarsus,random_pc_ridge,4,Gjerøy,6,400020,3000,3000,3500,3500,156026.34,0.26444323556568533,375.9347839355469,0.19837432900021668,555
thr_tarsus,random_pc_ridge,4,Gjerøy,7,400021,3000,3000,3500,3500,156026.34,0.18536508019283893,375.8289489746094,0.19926002800275455,555
thr_tarsus,random_pc_ridge,4,Gjerøy,8,400022,3000,3000,3500,3500,156026.34,0.24346118294646749,375.0772399902344,0.19835996300025727,555
thr_tarsus,random_pc_ridge,4,Gjerøy,9,400023,3000,3000,3500,3500,156026.34,0.21368778371156505,375.5516357421875,0.1887679579995165,555
thr_tarsus,random_pc_ridge,4,Gjerøy,0,1623418790,3500,3500,3500,3500,156026.34,0.2357110078484406,376.31134033203125,0.25615586999992956,555
thr_tarsus,random_pc_ridge,4,Gjerøy,1,1639125088,3500,3500,3500,3500,156026.34,0.19977885370906398,375.46484375,0.2584935710001446,555
thr_tarsus,random_pc_ridge,4,Gjerøy,2,1056172817,3500,3500,3500,3500,156026.34,0.23008117675127548,375.6639099121094,0.26109454900142737,555
thr_tarsus,random_pc_ridge,4,Gjerøy,3,215651242,3500,3500,3500,3500,156026.34,0.2634985626488332,375.4209289550781,0.2590193719988747,555
thr_tarsus,random_pc_ridge,4,Gjerøy,4,172047015,3500,3500,3500,3500,156026.34,0.27258028727154426,375.3402404785156,0.2584154540018062,555
thr_tarsus,random_pc_ridge,4,Gjerøy,5,400019,3500,3500,3500,3500,156026.34,0.25990184974233843,376.4136962890625,0.25745058600296034,555
thr_tarsus,random_pc_ridge,4,Gjerøy,6,400020,3500,3500,3500,3500,156026.34,0.21555772729582995,375.8773193359375,0.2587647760010441,555
thr_tarsus,random_pc_ridge,4,Gjerøy,7,400021,3500,3500,3500,3500,156026.34,0.24978042261457165,375.2141418457031,0.2631007329982822,555
thr_tarsus,random_pc_ridge,4,Gjerøy,8,400022,3500,3500,3500,3500,156026.34,0.2750395977051724,374.8127136230469,0.2622677860017575,555
thr_tarsus,random_pc_ridge,4,Gjerøy,9,400023,3500,3500,3500,3500,156026.34,0.1787891852598557,375.7962951660156,0.2582105949986726,555
thr_tarsus,random_pc_ridge,4,Gjerøy,0,1623418790,4000,4000,3500,3500,156026.34,0.24600239011039066,375.69110107421875,0.272335634999763,555
thr_tarsus,random_pc_ridge,4,Gjerøy,1,1639125088,4000,4000,3500,3500,156026.34,0.2635638370027048,375.67974853515625,0.27156511299835984,555
thr_tarsus,random_pc_ridge,4,Gjerøy,2,1056172817,4000,4000,3500,3500,156026.34,0.21025191694106507,375.5339050292969,0.26255934400251135,555
thr_tarsus,random_pc_ridge,4,Gjerøy,3,215651242,4000,4000,3500,3500,156026.34,0.23561794627278854,375.31524658203125,0.26583949899941217,555
thr_tarsus,random_pc_ridge,4,Gjerøy,4,172047015,4000,4000,3500,3500,156026.34,0.21051728269665732,375.2829895019531,0.28646664199914085,555
thr_tarsus,random_pc_ridge,4,Gjerøy,5,400019,4000,4000,3500,3500,156026.34,0.20072592176491993,375.1303405761719,0.2651647189995856,555
thr_tarsus,random_pc_ridge,4,Gjerøy,6,400020,4000,4000,3500,3500,156026.34,0.19494233537924868,375.53912353515625,0.2775414399984584,555
thr_tarsus,random_pc_ridge,4,Gjerøy,7,400021,4000,4000,3500,3500,156026.34,0.22182905243787263,375.1757507324219,0.27878127800067887,555
thr_tarsus,random_pc_ridge,4,Gjerøy,8,400022,4000,4000,3500,3500,156026.34,0.24503753777751414,375.59600830078125,0.2644172100008291,555
thr_tarsus,random_pc_ridge,4,Gjerøy,9,400023,4000,4000,3500,3500,156026.34,0.22718233812079006,374.8465576171875,0.26953857999978936,555
thr_tarsus,random_pc_ridge,4,Gjerøy,0,1623418790,4500,4500,3500,3500,156026.34,0.2449104153480006,375.86395263671875,0.28089103599995724,555
thr_tarsus,random_pc_ridge,4,Gjerøy,1,1639125088,4500,4500,3500,3500,156026.34,0.2424261128745788,375.5106201171875,0.2850743639974098,555
thr_tarsus,random_pc_ridge,4,Gjerøy,2,1056172817,4500,4500,3500,3500,156026.34,0.2461306293613835,375.1114196777344,0.3020204399981594,555
thr_tarsus,random_pc_ridge,4,Gjerøy,3,215651242,4500,4500,3500,3500,156026.34,0.2342254534750499,374.9504699707031,0.28461767000044347,555
thr_tarsus,random_pc_ridge,4,Gjerøy,4,172047015,4500,4500,3500,3500,156026.34,0.21444637125470173,375.1391906738281,0.28960807800103794,555
thr_tarsus,random_pc_ridge,4,Gjerøy,5,400019,4500,4500,3500,3500,156026.34,0.2519299977362353,374.66448974609375,0.28749292000065907,555
thr_tarsus,random_pc_ridge,4,Gjerøy,6,400020,4500,4500,3500,3500,156026.34,0.26962638852463283,376.052490234375,0.2850233500030299,555
thr_tarsus,random_pc_ridge,4,Gjerøy,7,400021,4500,4500,3500,3500,156026.34,0.2441482038533577,375.6275939941406,0.2849453859998903,555
thr_tarsus,random_pc_ridge,4,Gjerøy,8,400022,4500,4500,3500,3500,156026.34,0.24848207291266092,375.51727294921875,0.28233044600347057,555
thr_tarsus,random_pc_ridge,4,Gjerøy,9,400023,4500,4500,3500,3500,156026.34,0.23676910895735231,375.3719177246094,0.2848031620014808,555
thr_tarsus,random_pc_ridge,5,Hestmannøy,0,713757009,500,500,3500,3500,156026.34,0.10414296458001215,381.3978271484375,0.02279957700011437,1063
thr_tarsus,random_pc_ridge,5,Hestmannøy,1,492972063,500,500,3500,3500,156026.34,0.1698691411444627,380.0920715332031,0.031438172998605296,1063
thr_tarsus,random_pc_ridge,5,Hestmannøy,2,1445232612,500,500,3500,3500,156026.34,0.12148070184493577,380.4140930175781,0.03155466199677903,1063
thr_tarsus,random_pc_ridge,5,Hestmannøy,3,1177755176,500,500,3500,3500,156026.34,0.17767095639593192,381.7384033203125,0.033969702999456786,1063
thr_tarsus,random_pc_ridge,5,Hestmannøy,4,1251151673,500,500,3500,3500,156026.34,0.11575195341126966,381.24755859375,0.03402194999944186,1063
thr_tarsus,random_pc_ridge,5,Hestmannøy,5,500019,500,500,3500,3500,156026.34,0.13706272751281537,380.50885009765625,0.03428010999778053,1063
thr_tarsus,random_pc_ridge,5,Hestmannøy,6,500020,500,500,3500,3500,156026.34,0.09742537447841221,381.17822265625,0.08566185300151119,1063
thr_tarsus,random_pc_ridge,5,Hestmannøy,7,500021,500,500,3500,3500,156026.34,0.09732024324386093,383.96331787109375,0.02324301300177467,1063
thr_tarsus,random_pc_ridge,5,Hestmannøy,8,500022,500,500,3500,3500,156026.34,0.1132903043775739,379.9977111816406,0.03204424100113101,1063
thr_tarsus,random_pc_ridge,5,Hestmannøy,9,500023,500,500,3500,3500,156026.34,0.11659503249156294,381.14447021484375,0.03236354500040761,1063
thr_tarsus,random_pc_ridge,5,Hestmannøy,0,713757009,1000,1000,3500,3500,156026.34,0.11532936087375564,381.98541259765625,0.06366602400157717,1063
thr_tarsus,random_pc_ridge,5,Hestmannøy,1,492972063,1000,1000,3500,3500,156026.34,0.12402767662149083,381.1126403808594,0.09771996899871738,1063
thr_tarsus,random_pc_ridge,5,Hestmannøy,2,1445232612,1000,1000,3500,3500,156026.34,0.11247905755476731,380.4441223144531,0.030199042997992365,1063
thr_tarsus,random_pc_ridge,5,Hestmannøy,3,1177755176,1000,1000,3500,3500,156026.34,0.09078383787943446,381.6828918457031,0.030480475001240848,1063
thr_tarsus,random_pc_ridge,5,Hestmannøy,4,1251151673,1000,1000,3500,3500,156026.34,0.1737075460848059,381.6368408203125,0.030473175000224728,1063
thr_tarsus,random_pc_ridge,5,Hestmannøy,5,500019,1000,1000,3500,3500,156026.34,0.1705484227633869,380.7921142578125,0.03050007699857815,1063
thr_tarsus,random_pc_ridge,5,Hestmannøy,6,500020,1000,1000,3500,3500,156026.34,0.07862648724322088,383.658447265625,0.03041804399981629,1063
thr_tarsus,random_pc_ridge,5,Hestmannøy,7,500021,1000,1000,3500,3500,156026.34,0.15171925262727678,382.2740478515625,0.03055419299926143,1063
thr_tarsus,random_pc_ridge,5,Hestmannøy,8,500022,1000,1000,3500,3500,156026.34,0.13405485345380008,381.0663757324219,0.14759234699886292,1063
thr_tarsus,random_pc_ridge,5,Hestmannøy,9,500023,1000,1000,3500,3500,156026.34,0.1222791917745955,382.10443115234375,0.17310687200006214,1063
thr_tarsus,random_pc_ridge,5,Hestmannøy,0,713757009,1500,1500,3500,3500,156026.34,0.165915092238477,381.1644592285156,0.19877477399859345,1063
thr_tarsus,random_pc_ridge,5,Hestmannøy,1,492972063,1500,1500,3500,3500,156026.34,0.1493142970136767,380.9326171875,0.12353888899815502,1063
thr_tarsus,random_pc_ridge,5,Hestmannøy,2,1445232612,1500,1500,3500,3500,156026.34,0.20211112260729558,380.6624755859375,0.1965848929976346,1063
thr_tarsus,random_pc_ridge,5,Hestmannøy,3,1177755176,1500,1500,3500,3500,156026.34,0.13583057930644718,381.911865234375,0.15630541299833567,1063
thr_tarsus,random_pc_ridge,5,Hestmannøy,4,1251151673,1500,1500,3500,3500,156026.34,0.17156857857158483,380.3098449707031,0.20475039599841693,1063
thr_tarsus,random_pc_ridge,5,Hestmannøy,5,500019,1500,1500,3500,3500,156026.34,0.18541023622006117,381.16961669921875,0.22624179900230956,1063
thr_tarsus,random_pc_ridge,5,Hestmannøy,6,500020,1500,1500,3500,3500,156026.34,0.10217816269784168,382.3890075683594,0.13966968000022462,1063
thr_tarsus,random_pc_ridge,5,Hestmannøy,7,500021,1500,1500,3500,3500,156026.34,0.1549959542227723,382.3675537109375,0.09781094200297957,1063
thr_tarsus,random_pc_ridge,5,Hestmannøy,8,500022,1500,1500,3500,3500,156026.34,0.159351193831368,381.2109375,0.06434496599831618,1063
thr_tarsus,random_pc_ridge,5,Hestmannøy,9,500023,1500,1500,3500,3500,156026.34,0.18644289425763527,382.8995666503906,0.06536480599970673,1063
thr_tarsus,random_pc_ridge,5,Hestmannøy,0,713757009,2000,2000,3500,3500,156026.34,0.19307208058863876,381.3302307128906,0.12428281199754565,1063
thr_tarsus,random_pc_ridge,5,Hestmannøy,1,492972063,2000,2000,3500,3500,156026.34,0.17287548073244147,381.5425720214844,0.13038917099765968,1063
thr_tarsus,random_pc_ridge,5,Hestmannøy,2,1445232612,2000,2000,3500,3500,156026.34,0.16975372892252102,381.77392578125,0.16528584699699422,1063
thr_tarsus,random_pc_ridge,5,Hestmannøy,3,1177755176,2000,2000,3500,3500,156026.34,0.21703988805016575,381.6392822265625,0.1244107000020449,1063
thr_tarsus,random_pc_ridge,5,Hestmannøy,4,1251151673,2000,2000,3500,3500,156026.34,0.1938886991919742,380.1344909667969,0.11947197599874926,1063
thr_tarsus,random_pc_ridge,5,Hestmannøy,5,500019,2000,2000,3500,3500,156026.34,0.18187262475617608,380.66162109375,0.11345912700198824,1063
thr_tarsus,random_pc_ridge,5,Hestmannøy,6,500020,2000,2000,3500,3500,156026.34,0.17524107103187114,382.7936706542969,0.13087215599807678,1063
thr_tarsus,random_pc_ridge,5,Hestmannøy,7,500021,2000,2000,3500,3500,156026.34,0.17659385977945707,381.1354675292969,0.11528014100258588,1063
thr_tarsus,random_pc_ridge,5,Hestmannøy,8,500022,2000,2000,3500,3500,156026.34,0.14283077321428372,382.1804504394531,0.11065694200078724,1063
thr_tarsus,random_pc_ridge,5,Hestmannøy,9,500023,2000,2000,3500,3500,156026.34,0.20699844724899588,382.9373779296875,0.1373506339987216,1063
thr_tarsus,random_pc_ridge,5,Hestmannøy,0,713757009,2500,2500,3500,3500,156026.34,0.19954967737711196,381.2711181640625,0.1427104850008618,1063
thr_tarsus,random_pc_ridge,5,Hestmannøy,1,492972063,2500,2500,3500,3500,156026.34,0.1863092131228957,381.69384765625,0.13753910399827873,1063
thr_tarsus,random_pc_ridge,5,Hestmannøy,2,1445232612,2500,2500,3500,3500,156026.34,0.20298856269860735,381.07183837890625,0.13662738800121588,1063
thr_tarsus,random_pc_ridge,5,Hestmannøy,3,1177755176,2500,2500,3500,3500,156026.34,0.20074076543750444,382.0767517089844,0.14491185400038376,1063
thr_tarsus,random_pc_ridge,5,Hestmannøy,4,1251151673,2500,2500,3500,3500,156026.34,0.1903200223791086,381.171142578125,0.13611502399726305,1063
thr_tarsus,random_pc_ridge,5,Hestmannøy,5,500019,2500,2500,3500,3500,156026.34,0.21062465053066753,381.94775390625,0.14058107099845074,1063
thr_tarsus,random_pc_ridge,5,Hestmannøy,6,500020,2500,2500,3500,3500,156026.34,0.1775813180157303,380.85382080078125,0.13906919900182402,1063
thr_tarsus,random_pc_ridge,5,Hestmannøy,7,500021,2500,2500,3500,3500,156026.34,0.19005948463080588,381.1181640625,0.14259275199947297,1063
thr_tarsus,random_pc_ridge,5,Hestmannøy,8,500022,2500,2500,3500,3500,156026.34,0.18420048647522025,380.8502502441406,0.13705373099946883,1063
thr_tarsus,random_pc_ridge,5,Hestmannøy,9,500023,2500,2500,3500,3500,156026.34,0.19766633580497645,381.0377502441406,0.1413196629982849,1063
thr_tarsus,random_pc_ridge,5,Hestmannøy,0,713757009,3000,3000,3500,3500,156026.34,0.2155087259916177,381.0064697265625,0.2652586430012889,1063
thr_tarsus,random_pc_ridge,5,Hestmannøy,1,492972063,3000,3000,3500,3500,156026.34,0.21859119687677747,381.21966552734375,0.20740090400067857,1063
thr_tarsus,random_pc_ridge,5,Hestmannøy,2,1445232612,3000,3000,3500,3500,156026.34,0.19811649309481352,381.1836242675781,0.19760837799913133,1063
thr_tarsus,random_pc_ridge,5,Hestmannøy,3,1177755176,3000,3000,3500,3500,156026.34,0.18872705873450826,380.83807373046875,0.19785701599903405,1063
thr_tarsus,random_pc_ridge,5,Hestmannøy,4,1251151673,3000,3000,3500,3500,156026.34,0.19468564465412028,380.65472412109375,0.20102270300048986,1063
thr_tarsus,random_pc_ridge,5,Hestmannøy,5,500019,3000,3000,3500,3500,156026.34,0.17468691575079195,381.7267761230469,0.20431138700223528,1063
thr_tarsus,random_pc_ridge,5,Hestmannøy,6,500020,3000,3000,3500,3500,156026.34,0.2095561650842963,380.8761291503906,0.2058004210011859,1063
thr_tarsus,random_pc_ridge,5,Hestmannøy,7,500021,3000,3000,3500,3500,156026.34,0.1966676657005048,381.1918029785156,0.2010718370001996,1063
thr_tarsus,random_pc_ridge,5,Hestmannøy,8,500022,3000,3000,3500,3500,156026.34,0.20159914682483498,381.2504577636719,0.19861049099927186,1063
thr_tarsus,random_pc_ridge,5,Hestmannøy,9,500023,3000,3000,3500,3500,156026.34,0.17620701027407001,380.4775085449219,0.19937541100080125,1063
thr_tarsus,random_pc_ridge,5,Hestmannøy,0,713757009,3500,3500,3500,3500,156026.34,0.18963339708602206,381.4370422363281,0.2743084280009498,1063
thr_tarsus,random_pc_ridge,5,Hestmannøy,1,492972063,3500,3500,3500,3500,156026.34,0.19012578729606114,381.2925109863281,0.2520403199996508,1063
thr_tarsus,random_pc_ridge,5,Hestmannøy,2,1445232612,3500,3500,3500,3500,156026.34,0.21773014072192795,381.15814208984375,0.276338999003201,1063
thr_tarsus,random_pc_ridge,5,Hestmannøy,3,1177755176,3500,3500,3500,3500,156026.34,0.22061624950981967,381.0228271484375,0.26663631499832263,1063
thr_tarsus,random_pc_ridge,5,Hestmannøy,4,1251151673,3500,3500,3500,3500,156026.34,0.2157145422745003,380.5126037597656,0.2675585159995535,1063
thr_tarsus,random_pc_ridge,5,Hestmannøy,5,500019,3500,3500,3500,3500,156026.34,0.19695018977115092,381.76971435546875,0.2645098550019611,1063
thr_tarsus,random_pc_ridge,5,Hestmannøy,6,500020,3500,3500,3500,3500,156026.34,0.19517164987203722,381.5931701660156,0.26607838200288825,1063
thr_tarsus,random_pc_ridge,5,Hestmannøy,7,500021,3500,3500,3500,3500,156026.34,0.21671321209525557,381.036865234375,0.2671896639985789,1063
thr_tarsus,random_pc_ridge,5,Hestmannøy,8,500022,3500,3500,3500,3500,156026.34,0.22371892143748848,381.06243896484375,0.2675017580004351,1063
thr_tarsus,random_pc_ridge,5,Hestmannøy,9,500023,3500,3500,3500,3500,156026.34,0.2404940114362395,380.8065490722656,0.2630121920010424,1063
thr_tarsus,random_pc_ridge,5,Hestmannøy,0,713757009,4000,4000,3500,3500,156026.34,0.20171421502240322,380.4989929199219,0.2717320939991623,1063
thr_tarsus,random_pc_ridge,5,Hestmannøy,1,492972063,4000,4000,3500,3500,156026.34,0.2063405693655802,381.1783142089844,0.2721228409973264,1063
thr_tarsus,random_pc_ridge,5,Hestmannøy,2,1445232612,4000,4000,3500,3500,156026.34,0.2100861629705086,381.2057189941406,0.2722649640018062,1063
thr_tarsus,random_pc_ridge,5,Hestmannøy,3,1177755176,4000,4000,3500,3500,156026.34,0.2131586040692839,381.2043151855469,0.28361163799854694,1063
thr_tarsus,random_pc_ridge,5,Hestmannøy,4,1251151673,4000,4000,3500,3500,156026.34,0.22060937928307903,380.8414306640625,0.2715966910000134,1063
thr_tarsus,random_pc_ridge,5,Hestmannøy,5,500019,4000,4000,3500,3500,156026.34,0.22692414081650827,381.0010070800781,0.2784057520002534,1063
thr_tarsus,random_pc_ridge,5,Hestmannøy,6,500020,4000,4000,3500,3500,156026.34,0.22251163039642374,380.8423767089844,0.27582777499992517,1063
thr_tarsus,random_pc_ridge,5,Hestmannøy,7,500021,4000,4000,3500,3500,156026.34,0.225029612272365,380.97894287109375,0.2749301599978935,1063
thr_tarsus,random_pc_ridge,5,Hestmannøy,8,500022,4000,4000,3500,3500,156026.34,0.23035867046373784,380.6881408691406,0.2778738249980961,1063
thr_tarsus,random_pc_ridge,5,Hestmannøy,9,500023,4000,4000,3500,3500,156026.34,0.24233176870605644,380.7073974609375,0.2741129259993613,1063
thr_tarsus,random_pc_ridge,5,Hestmannøy,0,713757009,4500,4500,3500,3500,156026.34,0.22460987643170624,380.9524841308594,0.2845425539999269,1063
thr_tarsus,random_pc_ridge,5,Hestmannøy,1,492972063,4500,4500,3500,3500,156026.34,0.23408854054485417,380.9071350097656,0.3020062700015842,1063
thr_tarsus,random_pc_ridge,5,Hestmannøy,2,1445232612,4500,4500,3500,3500,156026.34,0.227974846992481,381.0042724609375,0.27846744699854753,1063
thr_tarsus,random_pc_ridge,5,Hestmannøy,3,1177755176,4500,4500,3500,3500,156026.34,0.2217680848275723,380.9515380859375,0.28835389199957717,1063
thr_tarsus,random_pc_ridge,5,Hestmannøy,4,1251151673,4500,4500,3500,3500,156026.34,0.2264833230595175,381.081787109375,0.28599623599802726,1063
thr_tarsus,random_pc_ridge,5,Hestmannøy,5,500019,4500,4500,3500,3500,156026.34,0.23214058743719035,380.9708251953125,0.2889503490005154,1063
thr_tarsus,random_pc_ridge,5,Hestmannøy,6,500020,4500,4500,3500,3500,156026.34,0.2191710718189222,381.1847229003906,0.29079236699908506,1063
thr_tarsus,random_pc_ridge,5,Hestmannøy,7,500021,4500,4500,3500,3500,156026.34,0.22099373039846018,381.0228576660156,0.289558575997944,1063
thr_tarsus,random_pc_ridge,5,Hestmannøy,8,500022,4500,4500,3500,3500,156026.34,0.22957771829256773,381.1080017089844,0.2863502599975618,1063
thr_tarsus,random_pc_ridge,5,Hestmannøy,9,500023,4500,4500,3500,3500,156026.34,0.22800917555795652,380.9064636230469,0.2892733419976139,1063
thr_tarsus,random_pc_ridge,6,Indre Kvarøy,0,2036077539,500,500,3500,3500,156026.34,0.2548542434056863,376.3227844238281,0.020514020998234628,348
thr_tarsus,random_pc_ridge,6,Indre Kvarøy,1,672890309,500,500,3500,3500,156026.34,0.2592344352154472,374.4223937988281,0.03178763300093124,348
thr_tarsus,random_pc_ridge,6,Indre Kvarøy,2,441296936,500,500,3500,3500,156026.34,0.1907553831210853,375.3423156738281,0.031901637001283234,348
thr_tarsus,random_pc_ridge,6,Indre Kvarøy,3,1125825237,500,500,3500,3500,156026.34,0.16178847718453065,373.5640563964844,0.03202167600102257,348
thr_tarsus,random_pc_ridge,6,Indre Kvarøy,4,395063024,500,500,3500,3500,156026.34,0.081876344006021,376.1261901855469,0.03209808199972031,348
thr_tarsus,random_pc_ridge,6,Indre Kvarøy,5,600019,500,500,3500,3500,156026.34,0.3350817699477702,373.2843322753906,0.03216116299881833,348
thr_tarsus,random_pc_ridge,6,Indre Kvarøy,6,600020,500,500,3500,3500,156026.34,0.04205798869027979,375.8759460449219,0.03194794099908904,348
thr_tarsus,random_pc_ridge,6,Indre Kvarøy,7,600021,500,500,3500,3500,156026.34,-0.025573477213725375,373.6454772949219,0.03203256000051624,348
thr_tarsus,random_pc_ridge,6,Indre Kvarøy,8,600022,500,500,3500,3500,156026.34,0.27333129084163144,375.3614501953125,0.03208376600014162,348
thr_tarsus,random_pc_ridge,6,Indre Kvarøy,9,600023,500,500,3500,3500,156026.34,0.13882671427015952,374.66094970703125,0.032084955000755144,348
thr_tarsus,random_pc_ridge,6,Indre Kvarøy,0,2036077539,1000,1000,3500,3500,156026.34,0.27903758043589816,376.252685546875,0.0631943449989194,348
thr_tarsus,random_pc_ridge,6,Indre Kvarøy,1,672890309,1000,1000,3500,3500,156026.34,0.22676855318201186,377.3804016113281,0.051465304000885226,348
thr_tarsus,random_pc_ridge,6,Indre Kvarøy,2,441296936,1000,1000,3500,3500,156026.34,0.32047380291611055,375.7456970214844,0.04736045000026934,348
thr_tarsus,random_pc_ridge,6,Indre Kvarøy,3,1125825237,1000,1000,3500,3500,156026.34,0.26585828808350426,375.8255310058594,0.04735580899796332,348
thr_tarsus,random_pc_ridge,6,Indre Kvarøy,4,395063024,1000,1000,3500,3500,156026.34,0.20116362420904801,375.4039611816406,0.0475474459999532,348
thr_tarsus,random_pc_ridge,6,Indre Kvarøy,5,600019,1000,1000,3500,3500,156026.34,0.29228224475962283,376.1963806152344,0.04745230399930733,348
thr_tarsus,random_pc_ridge,6,Indre Kvarøy,6,600020,1000,1000,3500,3500,156026.34,0.256099841261384,375.79327392578125,0.04741147899767384,348
thr_tarsus,random_pc_ridge,6,Indre Kvarøy,7,600021,1000,1000,3500,3500,156026.34,0.2009480886717553,376.01287841796875,0.04743005899945274,348
thr_tarsus,random_pc_ridge,6,Indre Kvarøy,8,600022,1000,1000,3500,3500,156026.34,0.3063019225145245,375.68133544921875,0.0475429920006718,348
thr_tarsus,random_pc_ridge,6,Indre Kvarøy,9,600023,1000,1000,3500,3500,156026.34,0.2639629538857189,375.76568603515625,0.04745585300042876,348
thr_tarsus,random_pc_ridge,6,Indre Kvarøy,0,2036077539,1500,1500,3500,3500,156026.34,0.1731232249015472,376.69085693359375,0.06742896900323103,348
thr_tarsus,random_pc_ridge,6,Indre Kvarøy,1,672890309,1500,1500,3500,3500,156026.34,0.2985180594771733,377.03497314453125,0.07854523500282085,348
thr_tarsus,random_pc_ridge,6,Indre Kvarøy,2,441296936,1500,1500,3500,3500,156026.34,0.28392137900110953,376.7096252441406,0.08069998900100472,348
thr_tarsus,random_pc_ridge,6,Indre Kvarøy,3,1125825237,1500,1500,3500,3500,156026.34,0.28409601886598834,375.63690185546875,0.06344351699954132,348
thr_tarsus,random_pc_ridge,6,Indre Kvarøy,4,395063024,1500,1500,3500,3500,156026.34,0.2752279082672769,374.6494140625,0.06410896300076274,348
thr_tarsus,random_pc_ridge,6,Indre Kvarøy,5,600019,1500,1500,3500,3500,156026.34,0.24375866502500693,375.41546630859375,0.06509956400259398,348
thr_tarsus,random_pc_ridge,6,Indre Kvarøy,6,600020,1500,1500,3500,3500,156026.34,0.23797660098863843,376.24468994140625,0.07942034100051387,348
thr_tarsus,random_pc_ridge,6,Indre Kvarøy,7,600021,1500,1500,3500,3500,156026.34,0.31354689500312594,375.92901611328125,0.06585579700185917,348
thr_tarsus,random_pc_ridge,6,Indre Kvarøy,8,600022,1500,1500,3500,3500,156026.34,0.3374717193889524,376.18109130859375,0.07802903399715433,348
thr_tarsus,random_pc_ridge,6,Indre Kvarøy,9,600023,1500,1500,3500,3500,156026.34,0.24430562341619064,376.17120361328125,0.11388973000066471,348
thr_tarsus,random_pc_ridge,6,Indre Kvarøy,0,2036077539,2000,2000,3500,3500,156026.34,0.27622990451268536,376.040283203125,0.1462054010007705,348
thr_tarsus,random_pc_ridge,6,Indre Kvarøy,1,672890309,2000,2000,3500,3500,156026.34,0.3237521935795085,377.08758544921875,0.11920932100110804,348
thr_tarsus,random_pc_ridge,6,Indre Kvarøy,2,441296936,2000,2000,3500,3500,156026.34,0.34507272526758076,376.49017333984375,0.11309796600107802,348
thr_tarsus,random_pc_ridge,6,Indre Kvarøy,3,1125825237,2000,2000,3500,3500,156026.34,0.30455037417781333,376.11602783203125,0.11149010299777729,348
thr_tarsus,random_pc_ridge,6,Indre Kvarøy,4,395063024,2000,2000,3500,3500,156026.34,0.2629290881264754,376.44903564453125,0.1270563170000969,348
thr_tarsus,random_pc_ridge,6,Indre Kvarøy,5,600019,2000,2000,3500,3500,156026.34,0.23348954490123178,377.70538330078125,0.1264216320014384,348
thr_tarsus,random_pc_ridge,6,Indre Kvarøy,6,600020,2000,2000,3500,3500,156026.34,0.24547971982839917,375.85833740234375,0.11887867000041297,348
thr_tarsus,random_pc_ridge,6,Indre Kvarøy,7,600021,2000,2000,3500,3500,156026.34,0.27688961586267946,376.4562683105469,0.14007020499775535,348
thr_tarsus,random_pc_ridge,6,Indre Kvarøy,8,600022,2000,2000,3500,3500,156026.34,0.27993558790818013,376.2013854980469,0.12356060200181673,348
thr_tarsus,random_pc_ridge,6,Indre Kvarøy,9,600023,2000,2000,3500,3500,156026.34,0.2287293448714236,375.94647216796875,0.1168997059976391,348
thr_tarsus,random_pc_ridge,6,Indre Kvarøy,0,2036077539,2500,2500,3500,3500,156026.34,0.34089556882374605,377.06201171875,0.14176920799945947,348
thr_tarsus,random_pc_ridge,6,Indre Kvarøy,1,672890309,2500,2500,3500,3500,156026.34,0.24840025927928808,376.4706726074219,0.1392368599990732,348
thr_tarsus,random_pc_ridge,6,Indre Kvarøy,2,441296936,2500,2500,3500,3500,156026.34,0.3119096423092783,376.5255432128906,0.1427225229999749,348
thr_tarsus,random_pc_ridge,6,Indre Kvarøy,3,1125825237,2500,2500,3500,3500,156026.34,0.344025894939958,376.7209167480469,0.13974870099991676,348
thr_tarsus,random_pc_ridge,6,Indre Kvarøy,4,395063024,2500,2500,3500,3500,156026.34,0.30746473052352186,376.3759460449219,0.14444364399969345,348
thr_tarsus,random_pc_ridge,6,Indre Kvarøy,5,600019,2500,2500,3500,3500,156026.34,0.24839507891005913,375.2343444824219,0.14440564200049266,348
thr_tarsus,random_pc_ridge,6,Indre Kvarøy,6,600020,2500,2500,3500,3500,156026.34,0.38295369563558496,376.0397033691406,0.13975722100076382,348
thr_tarsus,random_pc_ridge,6,Indre Kvarøy,7,600021,2500,2500,3500,3500,156026.34,0.3006436977201762,376.3887023925781,0.1427299610004411,348
thr_tarsus,random_pc_ridge,6,Indre Kvarøy,8,600022,2500,2500,3500,3500,156026.34,0.30702745736299636,377.0885314941406,0.13765809499818715,348
thr_tarsus,random_pc_ridge,6,Indre Kvarøy,9,600023,2500,2500,3500,3500,156026.34,0.29227916981194196,376.6908264160156,0.13458986199839273,348
thr_tarsus,random_pc_ridge,6,Indre Kvarøy,0,2036077539,3000,3000,3500,3500,156026.34,0.3653062972910858,376.49249267578125,0.20761593600036576,348
thr_tarsus,random_pc_ridge,6,Indre Kvarøy,1,672890309,3000,3000,3500,3500,156026.34,0.2945723880933608,377.4448547363281,0.20096554499832564,348
thr_tarsus,random_pc_ridge,6,Indre Kvarøy,2,441296936,3000,3000,3500,3500,156026.34,0.33024530789861745,376.80572509765625,0.18508469099833746,348
thr_tarsus,random_pc_ridge,6,Indre Kvarøy,3,1125825237,3000,3000,3500,3500,156026.34,0.349922525788178,376.48968505859375,0.20083122800133424,348
thr_tarsus,random_pc_ridge,6,Indre Kvarøy,4,395063024,3000,3000,3500,3500,156026.34,0.28807034964027084,376.5691223144531,0.20109662599861622,348
thr_tarsus,random_pc_ridge,6,Indre Kvarøy,5,600019,3000,3000,3500,3500,156026.34,0.32255240807095037,375.95147705078125,0.20146323600056348,348
thr_tarsus,random_pc_ridge,6,Indre Kvarøy,6,600020,3000,3000,3500,3500,156026.34,0.3171372908415302,375.9127502441406,0.19901280400154064,348
thr_tarsus,random_pc_ridge,6,Indre Kvarøy,7,600021,3000,3000,3500,3500,156026.34,0.3060786864674389,377.059814453125,0.19704085800185567,348
thr_tarsus,random_pc_ridge,6,Indre Kvarøy,8,600022,3000,3000,3500,3500,156026.34,0.363206219138091,375.91241455078125,0.19205033100297442,348
thr_tarsus,random_pc_ridge,6,Indre Kvarøy,9,600023,3000,3000,3500,3500,156026.34,0.2630308750695621,376.3382263183594,0.19214228100099717,348
thr_tarsus,random_pc_ridge,6,Indre Kvarøy,0,2036077539,3500,3500,3500,3500,156026.34,0.28595941795606994,376.88641357421875,0.3096174419988529,348
thr_tarsus,random_pc_ridge,6,Indre Kvarøy,1,672890309,3500,3500,3500,3500,156026.34,0.2690611279432713,376.9999694824219,0.2542037169987452,348
thr_tarsus,random_pc_ridge,6,Indre Kvarøy,2,441296936,3500,3500,3500,3500,156026.34,0.35320290016133393,376.4657287597656,0.2526579720033624,348
thr_tarsus,random_pc_ridge,6,Indre Kvarøy,3,1125825237,3500,3500,3500,3500,156026.34,0.27550201028496885,377.3189697265625,0.25688997900215327,348
thr_tarsus,random_pc_ridge,6,Indre Kvarøy,4,395063024,3500,3500,3500,3500,156026.34,0.24627667228746736,376.42047119140625,0.25627561999863246,348
thr_tarsus,random_pc_ridge,6,Indre Kvarøy,5,600019,3500,3500,3500,3500,156026.34,0.31311137980363474,376.7611389160156,0.2697736700029054,348
thr_tarsus,random_pc_ridge,6,Indre Kvarøy,6,600020,3500,3500,3500,3500,156026.34,0.26384838938496935,377.1748352050781,0.255153366997547,348
thr_tarsus,random_pc_ridge,6,Indre Kvarøy,7,600021,3500,3500,3500,3500,156026.34,0.2765921978946919,376.29180908203125,0.2712183139992703,348
thr_tarsus,random_pc_ridge,6,Indre Kvarøy,8,600022,3500,3500,3500,3500,156026.34,0.30893977350726215,376.8572082519531,0.25525078300051973,348
thr_tarsus,random_pc_ridge,6,Indre Kvarøy,9,600023,3500,3500,3500,3500,156026.34,0.3569042121537122,377.3020935058594,0.2524056210022536,348
thr_tarsus,random_pc_ridge,6,Indre Kvarøy,0,2036077539,4000,4000,3500,3500,156026.34,0.3068924074684531,377.6236572265625,0.2649009130000195,348
thr_tarsus,random_pc_ridge,6,Indre Kvarøy,1,672890309,4000,4000,3500,3500,156026.34,0.33975650405545055,377.59326171875,0.2637670359981712,348
thr_tarsus,random_pc_ridge,6,Indre Kvarøy,2,441296936,4000,4000,3500,3500,156026.34,0.35484418491649167,377.0966796875,0.2663582579989452,348
thr_tarsus,random_pc_ridge,6,Indre Kvarøy,3,1125825237,4000,4000,3500,3500,156026.34,0.3604716680077322,376.6167907714844,0.2615340890006337,348
thr_tarsus,random_pc_ridge,6,Indre Kvarøy,4,395063024,4000,4000,3500,3500,156026.34,0.3107722434041495,377.3147888183594,0.2652345839996997,348
thr_tarsus,random_pc_ridge,6,Indre Kvarøy,5,600019,4000,4000,3500,3500,156026.34,0.3146870781314536,377.4339599609375,0.2679722100001527,348
thr_tarsus,random_pc_ridge,6,Indre Kvarøy,6,600020,4000,4000,3500,3500,156026.34,0.34538373223477853,377.4946594238281,0.26675290699859033,348
thr_tarsus,random_pc_ridge,6,Indre Kvarøy,7,600021,4000,4000,3500,3500,156026.34,0.3393016049622684,376.743896484375,0.26519257000109064,348
thr_tarsus,random_pc_ridge,6,Indre Kvarøy,8,600022,4000,4000,3500,3500,156026.34,0.3854156890075496,376.3812561035156,0.2626213019975694,348
thr_tarsus,random_pc_ridge,6,Indre Kvarøy,9,600023,4000,4000,3500,3500,156026.34,0.3465009008156141,376.384033203125,0.26046704899999895,348
thr_tarsus,random_pc_ridge,6,Indre Kvarøy,0,2036077539,4500,4500,3500,3500,156026.34,0.3370346145828158,377.13946533203125,0.2842001650024031,348
thr_tarsus,random_pc_ridge,6,Indre Kvarøy,1,672890309,4500,4500,3500,3500,156026.34,0.319500192163733,377.2307434082031,0.2850976490008179,348
thr_tarsus,random_pc_ridge,6,Indre Kvarøy,2,441296936,4500,4500,3500,3500,156026.34,0.33636136284304363,377.199951171875,0.2834653530007927,348
thr_tarsus,random_pc_ridge,6,Indre Kvarøy,3,1125825237,4500,4500,3500,3500,156026.34,0.36038680842466986,377.0634765625,0.28158112399978563,348
thr_tarsus,random_pc_ridge,6,Indre Kvarøy,4,395063024,4500,4500,3500,3500,156026.34,0.35212835689943345,377.0137023925781,0.2819059739995282,348
thr_tarsus,random_pc_ridge,6,Indre Kvarøy,5,600019,4500,4500,3500,3500,156026.34,0.35887148012641684,377.2723693847656,0.2846858609991614,348
thr_tarsus,random_pc_ridge,6,Indre Kvarøy,6,600020,4500,4500,3500,3500,156026.34,0.33409283718541827,376.5634460449219,0.29948458899889374,348
thr_tarsus,random_pc_ridge,6,Indre Kvarøy,7,600021,4500,4500,3500,3500,156026.34,0.3768549228501254,376.78326416015625,0.2863338399984059,348
thr_tarsus,random_pc_ridge,6,Indre Kvarøy,8,600022,4500,4500,3500,3500,156026.34,0.36460301960601416,376.94891357421875,0.28509400300026755,348
thr_tarsus,random_pc_ridge,6,Indre Kvarøy,9,600023,4500,4500,3500,3500,156026.34,0.3063969545393853,377.0085754394531,0.2871053250019031,348
thr_tarsus,random_pc_ridge,7,Onøy og Lurøy,0,546911525,500,500,3500,3500,156026.34,0.25296357614991205,374.84991455078125,0.01995640599852777,257
thr_tarsus,random_pc_ridge,7,Onøy og Lurøy,1,474736456,500,500,3500,3500,156026.34,0.009329707804376345,376.60272216796875,0.031950114000210306,257
thr_tarsus,random_pc_ridge,7,Onøy og Lurøy,2,657790576,500,500,3500,3500,156026.34,0.17453387559614422,377.5923156738281,0.03195133700137376,257
thr_tarsus,random_pc_ridge,7,Onøy og Lurøy,3,86106131,500,500,3500,3500,156026.34,0.14046004647194538,374.68646240234375,0.033848291997855995,257
thr_tarsus,random_pc_ridge,7,Onøy og Lurøy,4,1471991796,500,500,3500,3500,156026.34,0.20887195914146767,374.3868103027344,0.03397511200091685,257
thr_tarsus,random_pc_ridge,7,Onøy og Lurøy,5,700019,500,500,3500,3500,156026.34,0.08398568926230635,375.81353759765625,0.034032974999718135,257
thr_tarsus,random_pc_ridge,7,Onøy og Lurøy,6,700020,500,500,3500,3500,156026.34,0.1428048785367928,375.31768798828125,0.06015879099868471,257
thr_tarsus,random_pc_ridge,7,Onøy og Lurøy,7,700021,500,500,3500,3500,156026.34,0.06206720786742436,377.1357116699219,0.048960260002786526,257
thr_tarsus,random_pc_ridge,7,Onøy og Lurøy,8,700022,500,500,3500,3500,156026.34,0.20475319096358868,375.61932373046875,0.032063646998722106,257
thr_tarsus,random_pc_ridge,7,Onøy og Lurøy,9,700023,500,500,3500,3500,156026.34,0.2506425572756666,374.2635498046875,0.03208865899796365,257
thr_tarsus,random_pc_ridge,7,Onøy og Lurøy,0,546911525,1000,1000,3500,3500,156026.34,0.2769309330000464,375.57769775390625,0.07834317599917995,257
thr_tarsus,random_pc_ridge,7,Onøy og Lurøy,1,474736456,1000,1000,3500,3500,156026.34,0.14840734415119233,375.4341125488281,0.052250826000090456,257
thr_tarsus,random_pc_ridge,7,Onøy og Lurøy,2,657790576,1000,1000,3500,3500,156026.34,0.20825717218732107,376.5281982421875,0.04747542000040994,257
thr_tarsus,random_pc_ridge,7,Onøy og Lurøy,3,86106131,1000,1000,3500,3500,156026.34,0.09762698613170459,375.094970703125,0.04738300999815692,257
thr_tarsus,random_pc_ridge,7,Onøy og Lurøy,4,1471991796,1000,1000,3500,3500,156026.34,0.09977333758633644,375.1367492675781,0.047491864002950024,257
thr_tarsus,random_pc_ridge,7,Onøy og Lurøy,5,700019,1000,1000,3500,3500,156026.34,0.2120919381400411,374.3377685546875,0.047491588000411866,257
thr_tarsus,random_pc_ridge,7,Onøy og Lurøy,6,700020,1000,1000,3500,3500,156026.34,0.19823798936671813,375.13726806640625,0.047700058999907924,257
thr_tarsus,random_pc_ridge,7,Onøy og Lurøy,7,700021,1000,1000,3500,3500,156026.34,0.241256568799438,375.8704528808594,0.047241995998774655,257
thr_tarsus,random_pc_ridge,7,Onøy og Lurøy,8,700022,1000,1000,3500,3500,156026.34,0.17794391606711618,375.9136047363281,0.04743557899928419,257
thr_tarsus,random_pc_ridge,7,Onøy og Lurøy,9,700023,1000,1000,3500,3500,156026.34,0.11974118701201085,374.5245056152344,0.04743844800032093,257
thr_tarsus,random_pc_ridge,7,Onøy og Lurøy,0,546911525,1500,1500,3500,3500,156026.34,0.133612090783812,376.1352233886719,0.08289544100261992,257
thr_tarsus,random_pc_ridge,7,Onøy og Lurøy,1,474736456,1500,1500,3500,3500,156026.34,0.21482634116187835,374.5298156738281,0.1789106760006689,257
thr_tarsus,random_pc_ridge,7,Onøy og Lurøy,2,657790576,1500,1500,3500,3500,156026.34,0.09409156019052244,375.21832275390625,0.06622006199904718,257
thr_tarsus,random_pc_ridge,7,Onøy og Lurøy,3,86106131,1500,1500,3500,3500,156026.34,0.1913273343795565,375.6054382324219,0.06557730499844183,257
thr_tarsus,random_pc_ridge,7,Onøy og Lurøy,4,1471991796,1500,1500,3500,3500,156026.34,0.1434745762507043,376.17242431640625,0.12691192500278703,257
thr_tarsus,random_pc_ridge,7,Onøy og Lurøy,5,700019,1500,1500,3500,3500,156026.34,0.17184243508275496,373.8756103515625,0.12060883400044986,257
thr_tarsus,random_pc_ridge,7,Onøy og Lurøy,6,700020,1500,1500,3500,3500,156026.34,0.21963809224627592,375.0388488769531,0.08269142399876728,257
thr_tarsus,random_pc_ridge,7,Onøy og Lurøy,7,700021,1500,1500,3500,3500,156026.34,0.11211609388868264,375.21282958984375,0.06379949099937221,257
thr_tarsus,random_pc_ridge,7,Onøy og Lurøy,8,700022,1500,1500,3500,3500,156026.34,0.23319900934847698,376.5899353027344,0.08175624400246306,257
thr_tarsus,random_pc_ridge,7,Onøy og Lurøy,9,700023,1500,1500,3500,3500,156026.34,0.07480607768101213,374.7684020996094,0.18297426199933398,257
thr_tarsus,random_pc_ridge,7,Onøy og Lurøy,0,546911525,2000,2000,3500,3500,156026.34,0.2131353567093642,374.775146484375,0.11966349699650891,257
thr_tarsus,random_pc_ridge,7,Onøy og Lurøy,1,474736456,2000,2000,3500,3500,156026.34,0.14979413919718945,375.1788635253906,0.2129571789992042,257
thr_tarsus,random_pc_ridge,7,Onøy og Lurøy,2,657790576,2000,2000,3500,3500,156026.34,0.18749411517082576,376.7003173828125,0.21568234699952882,257
thr_tarsus,random_pc_ridge,7,Onøy og Lurøy,3,86106131,2000,2000,3500,3500,156026.34,0.17751349290674,374.1166687011719,0.12948016800146434,257
thr_tarsus,random_pc_ridge,7,Onøy og Lurøy,4,1471991796,2000,2000,3500,3500,156026.34,0.1930602879481263,375.0417175292969,0.12535331999970367,257
thr_tarsus,random_pc_ridge,7,Onøy og Lurøy,5,700019,2000,2000,3500,3500,156026.34,0.240969530577825,374.6169738769531,0.1206528389993764,257
thr_tarsus,random_pc_ridge,7,Onøy og Lurøy,6,700020,2000,2000,3500,3500,156026.34,0.20247042628592798,375.7544250488281,0.12502253600177937,257
thr_tarsus,random_pc_ridge,7,Onøy og Lurøy,7,700021,2000,2000,3500,3500,156026.34,0.16551843262248211,375.4232177734375,0.11178522000045632,257
thr_tarsus,random_pc_ridge,7,Onøy og Lurøy,8,700022,2000,2000,3500,3500,156026.34,0.18675882627355242,375.86602783203125,0.11128843700134894,257
thr_tarsus,random_pc_ridge,7,Onøy og Lurøy,9,700023,2000,2000,3500,3500,156026.34,0.18479931459966142,375.70703125,0.13392354100142256,257
thr_tarsus,random_pc_ridge,7,Onøy og Lurøy,0,546911525,2500,2500,3500,3500,156026.34,0.21622513952309097,375.6590270996094,0.14573802200175123,257
thr_tarsus,random_pc_ridge,7,Onøy og Lurøy,1,474736456,2500,2500,3500,3500,156026.34,0.22074980303735398,375.034912109375,0.14389957000094,257
thr_tarsus,random_pc_ridge,7,Onøy og Lurøy,2,657790576,2500,2500,3500,3500,156026.34,0.23807503967090407,375.5552673339844,0.1377232590020867,257
thr_tarsus,random_pc_ridge,7,Onøy og Lurøy,3,86106131,2500,2500,3500,3500,156026.34,0.0796982238972784,376.1792907714844,0.14017437000075006,257
thr_tarsus,random_pc_ridge,7,Onøy og Lurøy,4,1471991796,2500,2500,3500,3500,156026.34,0.21924954872627592,375.42315673828125,0.14553535699815257,257
thr_tarsus,random_pc_ridge,7,Onøy og Lurøy,5,700019,2500,2500,3500,3500,156026.34,0.19458939909874318,375.8662414550781,0.14370729800066329,257
thr_tarsus,random_pc_ridge,7,Onøy og Lurøy,6,700020,2500,2500,3500,3500,156026.34,0.23689957029874043,375.65869140625,0.13997434799966868,257
thr_tarsus,random_pc_ridge,7,Onøy og Lurøy,7,700021,2500,2500,3500,3500,156026.34,0.2419078688319382,375.7405700683594,0.14232979000007617,257
thr_tarsus,random_pc_ridge,7,Onøy og Lurøy,8,700022,2500,2500,3500,3500,156026.34,0.22961968051815923,374.7723083496094,0.14012421900042682,257
thr_tarsus,random_pc_ridge,7,Onøy og Lurøy,9,700023,2500,2500,3500,3500,156026.34,0.1821631449443861,375.1603698730469,0.14236036899819737,257
thr_tarsus,random_pc_ridge,7,Onøy og Lurøy,0,546911525,3000,3000,3500,3500,156026.34,0.22489151957661438,375.16009521484375,0.20647694199942634,257
thr_tarsus,random_pc_ridge,7,Onøy og Lurøy,1,474736456,3000,3000,3500,3500,156026.34,0.11394528628253327,375.5438537597656,0.19987499000126263,257
thr_tarsus,random_pc_ridge,7,Onøy og Lurøy,2,657790576,3000,3000,3500,3500,156026.34,0.1965705059414351,376.4095153808594,0.2079286480002338,257
thr_tarsus,random_pc_ridge,7,Onøy og Lurøy,3,86106131,3000,3000,3500,3500,156026.34,0.2703040118889051,375.8197326660156,0.20345202699900256,257
thr_tarsus,random_pc_ridge,7,Onøy og Lurøy,4,1471991796,3000,3000,3500,3500,156026.34,0.23544337726622525,375.7720642089844,0.2018106319992512,257
thr_tarsus,random_pc_ridge,7,Onøy og Lurøy,5,700019,3000,3000,3500,3500,156026.34,0.1993109925595653,375.9375,0.20074124000166194,257
thr_tarsus,random_pc_ridge,7,Onøy og Lurøy,6,700020,3000,3000,3500,3500,156026.34,0.2301190050576263,376.14111328125,0.19252812699778588,257
thr_tarsus,random_pc_ridge,7,Onøy og Lurøy,7,700021,3000,3000,3500,3500,156026.34,0.1904910396140789,375.5378723144531,0.2023353840013442,257
thr_tarsus,random_pc_ridge,7,Onøy og Lurøy,8,700022,3000,3000,3500,3500,156026.34,0.17773577960238734,375.7887268066406,0.18488740799875814,257
thr_tarsus,random_pc_ridge,7,Onøy og Lurøy,9,700023,3000,3000,3500,3500,156026.34,0.23448798238894814,376.4748840332031,0.22577851599999121,257
thr_tarsus,random_pc_ridge,7,Onøy og Lurøy,0,546911525,3500,3500,3500,3500,156026.34,0.24283788867937486,375.041259765625,0.25644389299850445,257
thr_tarsus,random_pc_ridge,7,Onøy og Lurøy,1,474736456,3500,3500,3500,3500,156026.34,0.258715553796703,374.79193115234375,0.25654116999794496,257
thr_tarsus,random_pc_ridge,7,Onøy og Lurøy,2,657790576,3500,3500,3500,3500,156026.34,0.23044187594208496,376.03643798828125,0.2556428820025758,257
thr_tarsus,random_pc_ridge,7,Onøy og Lurøy,3,86106131,3500,3500,3500,3500,156026.34,0.18448668976962548,375.0771789550781,0.25670441200054483,257
thr_tarsus,random_pc_ridge,7,Onøy og Lurøy,4,1471991796,3500,3500,3500,3500,156026.34,0.23063489919124264,374.4853820800781,0.2649669839993294,257
thr_tarsus,random_pc_ridge,7,Onøy og Lurøy,5,700019,3500,3500,3500,3500,156026.34,0.2131811155655787,375.0111083984375,0.2509063950019481,257
thr_tarsus,random_pc_ridge,7,Onøy og Lurøy,6,700020,3500,3500,3500,3500,156026.34,0.17561092084163654,374.16802978515625,0.2501837239979068,257
thr_tarsus,random_pc_ridge,7,Onøy og Lurøy,7,700021,3500,3500,3500,3500,156026.34,0.20752795781445282,374.7389221191406,0.25929170599920326,257
thr_tarsus,random_pc_ridge,7,Onøy og Lurøy,8,700022,3500,3500,3500,3500,156026.34,0.21178616303027473,375.0164489746094,0.25591526800053543,257
thr_tarsus,random_pc_ridge,7,Onøy og Lurøy,9,700023,3500,3500,3500,3500,156026.34,0.196939207194564,374.4431457519531,0.2502571849981905,257
thr_tarsus,random_pc_ridge,7,Onøy og Lurøy,0,546911525,4000,4000,3500,3500,156026.34,0.2158101938036151,375.04461669921875,0.28369761100111646,257
thr_tarsus,random_pc_ridge,7,Onøy og Lurøy,1,474736456,4000,4000,3500,3500,156026.34,0.17997170530304848,374.2369079589844,0.2636373059976904,257
thr_tarsus,random_pc_ridge,7,Onøy og Lurøy,2,657790576,4000,4000,3500,3500,156026.34,0.25948787040558174,375.0804138183594,0.2694541160017252,257
thr_tarsus,random_pc_ridge,7,Onøy og Lurøy,3,86106131,4000,4000,3500,3500,156026.34,0.22163967065358814,374.959716796875,0.261205205002625,257
thr_tarsus,random_pc_ridge,7,Onøy og Lurøy,4,1471991796,4000,4000,3500,3500,156026.34,0.241763575886652,374.87274169921875,0.2645164860005025,257
thr_tarsus,random_pc_ridge,7,Onøy og Lurøy,5,700019,4000,4000,3500,3500,156026.34,0.21407679691765075,375.746337890625,0.2692557059999672,257
thr_tarsus,random_pc_ridge,7,Onøy og Lurøy,6,700020,4000,4000,3500,3500,156026.34,0.24391550890352387,375.0203552246094,0.2617337800002133,257
thr_tarsus,random_pc_ridge,7,Onøy og Lurøy,7,700021,4000,4000,3500,3500,156026.34,0.2185015048256341,375.3946228027344,0.2769048170011956,257
thr_tarsus,random_pc_ridge,7,Onøy og Lurøy,8,700022,4000,4000,3500,3500,156026.34,0.19349777474243285,374.810791015625,0.2628567270003259,257
thr_tarsus,random_pc_ridge,7,Onøy og Lurøy,9,700023,4000,4000,3500,3500,156026.34,0.2194455563690351,374.8327331542969,0.26468099700286984,257
thr_tarsus,random_pc_ridge,7,Onøy og Lurøy,0,546911525,4500,4500,3500,3500,156026.34,0.22097542463127984,374.8577880859375,0.28488472499884665,257
thr_tarsus,random_pc_ridge,7,Onøy og Lurøy,1,474736456,4500,4500,3500,3500,156026.34,0.19549904771023008,375.3885803222656,0.2853218290001678,257
thr_tarsus,random_pc_ridge,7,Onøy og Lurøy,2,657790576,4500,4500,3500,3500,156026.34,0.2526811794304002,375.05242919921875,0.2805722640005115,257
thr_tarsus,random_pc_ridge,7,Onøy og Lurøy,3,86106131,4500,4500,3500,3500,156026.34,0.23930114116225684,375.1368408203125,0.2859208760019101,257
thr_tarsus,random_pc_ridge,7,Onøy og Lurøy,4,1471991796,4500,4500,3500,3500,156026.34,0.21404242142255245,374.9850769042969,0.2813799109972024,257
thr_tarsus,random_pc_ridge,7,Onøy og Lurøy,5,700019,4500,4500,3500,3500,156026.34,0.25184397852786555,375.47601318359375,0.28392462199917645,257
thr_tarsus,random_pc_ridge,7,Onøy og Lurøy,6,700020,4500,4500,3500,3500,156026.34,0.21945443998548242,374.3675537109375,0.28290479100178345,257
thr_tarsus,random_pc_ridge,7,Onøy og Lurøy,7,700021,4500,4500,3500,3500,156026.34,0.2029299924803225,375.23199462890625,0.2871029020025162,257
thr_tarsus,random_pc_ridge,7,Onøy og Lurøy,8,700022,4500,4500,3500,3500,156026.34,0.21533430395720685,375.25372314453125,0.28623840599902906,257
thr_tarsus,random_pc_ridge,7,Onøy og Lurøy,9,700023,4500,4500,3500,3500,156026.34,0.20197967296379218,375.42523193359375,0.2852286710003682,257
thr_tarsus,random_pc_ridge,8,Lovund,0,1690148911,500,500,3500,3500,156026.34,0.36455510759529314,385.0473937988281,0.019627621997642564,152
thr_tarsus,random_pc_ridge,8,Lovund,1,1276499927,500,500,3500,3500,156026.34,0.295992945771769,384.86065673828125,0.03193035799995414,152
thr_tarsus,random_pc_ridge,8,Lovund,2,454522896,500,500,3500,3500,156026.34,0.21834743940544438,385.35638427734375,0.014978429000620963,152
thr_tarsus,random_pc_ridge,8,Lovund,3,1603208544,500,500,3500,3500,156026.34,0.2236680665943064,384.8856506347656,0.03207297100016149,152
thr_tarsus,random_pc_ridge,8,Lovund,4,853280976,500,500,3500,3500,156026.34,0.17237813157497542,384.9503479003906,0.03202210899689817,152
thr_tarsus,random_pc_ridge,8,Lovund,5,800019,500,500,3500,3500,156026.34,0.22647717169596254,382.15863037109375,0.032095480997668346,152
thr_tarsus,random_pc_ridge,8,Lovund,6,800020,500,500,3500,3500,156026.34,0.25159434641365364,385.710205078125,0.015146403999096947,152
thr_tarsus,random_pc_ridge,8,Lovund,7,800021,500,500,3500,3500,156026.34,0.23037159568181922,382.8653259277344,0.015176575998339104,152
thr_tarsus,random_pc_ridge,8,Lovund,8,800022,500,500,3500,3500,156026.34,0.26424924601603916,383.4928894042969,0.015136736001295503,152
thr_tarsus,random_pc_ridge,8,Lovund,9,800023,500,500,3500,3500,156026.34,0.19332663393696378,384.82183837890625,0.015162414998485474,152
thr_tarsus,random_pc_ridge,8,Lovund,0,1690148911,1000,1000,3500,3500,156026.34,0.4066538158440798,385.7377014160156,0.05156950199670973,152
thr_tarsus,random_pc_ridge,8,Lovund,1,1276499927,1000,1000,3500,3500,156026.34,0.3286661847517756,387.2472839355469,0.04832033999991836,152
thr_tarsus,random_pc_ridge,8,Lovund,2,454522896,1000,1000,3500,3500,156026.34,0.27265413304411196,384.7707214355469,0.047494039998127846,152
thr_tarsus,random_pc_ridge,8,Lovund,3,1603208544,1000,1000,3500,3500,156026.34,0.2191764431989346,385.1023864746094,0.030511624998325715,152
thr_tarsus,random_pc_ridge,8,Lovund,4,853280976,1000,1000,3500,3500,156026.34,0.2555170183462944,385.2768249511719,0.030583237999962876,152
thr_tarsus,random_pc_ridge,8,Lovund,5,800019,1000,1000,3500,3500,156026.34,0.40125126360118163,386.57489013671875,0.030652991001261398,152
thr_tarsus,random_pc_ridge,8,Lovund,6,800020,1000,1000,3500,3500,156026.34,0.24622314455196337,385.22357177734375,0.030568580001272494,152
thr_tarsus,random_pc_ridge,8,Lovund,7,800021,1000,1000,3500,3500,156026.34,0.3301292311315196,386.8167419433594,0.030619696000940166,152
thr_tarsus,random_pc_ridge,8,Lovund,8,800022,1000,1000,3500,3500,156026.34,0.43719074774614863,385.9643859863281,0.030707415997312637,152
thr_tarsus,random_pc_ridge,8,Lovund,9,800023,1000,1000,3500,3500,156026.34,0.1471912314969658,384.9328308105469,0.030648122999991756,152
thr_tarsus,random_pc_ridge,8,Lovund,0,1690148911,1500,1500,3500,3500,156026.34,0.29767841815365786,385.9379577636719,0.06653649700092501,152
thr_tarsus,random_pc_ridge,8,Lovund,1,1276499927,1500,1500,3500,3500,156026.34,0.22758664374953735,384.8572082519531,0.06334935500126448,152
thr_tarsus,random_pc_ridge,8,Lovund,2,454522896,1500,1500,3500,3500,156026.34,0.37134425206193317,385.79833984375,0.08023856399813667,152
thr_tarsus,random_pc_ridge,8,Lovund,3,1603208544,1500,1500,3500,3500,156026.34,0.40279922801633933,384.5934753417969,0.08020596300048055,152
thr_tarsus,random_pc_ridge,8,Lovund,4,853280976,1500,1500,3500,3500,156026.34,0.3521538358667461,385.2001037597656,0.06440513599955011,152
thr_tarsus,random_pc_ridge,8,Lovund,5,800019,1500,1500,3500,3500,156026.34,0.36668368179168565,385.3150329589844,0.063202891000401,152
thr_tarsus,random_pc_ridge,8,Lovund,6,800020,1500,1500,3500,3500,156026.34,0.23975299998499944,385.28924560546875,0.06379672399998526,152
thr_tarsus,random_pc_ridge,8,Lovund,7,800021,1500,1500,3500,3500,156026.34,0.3266351037368188,385.8143615722656,0.063511999000184,152
thr_tarsus,random_pc_ridge,8,Lovund,8,800022,1500,1500,3500,3500,156026.34,0.36704654266390385,384.9134826660156,0.06262616499952856,152
thr_tarsus,random_pc_ridge,8,Lovund,9,800023,1500,1500,3500,3500,156026.34,0.2629378809658978,384.6021423339844,0.06347167599960812,152
thr_tarsus,random_pc_ridge,8,Lovund,0,1690148911,2000,2000,3500,3500,156026.34,0.3631579410175106,383.7274475097656,0.1332933480007341,152
thr_tarsus,random_pc_ridge,8,Lovund,1,1276499927,2000,2000,3500,3500,156026.34,0.3530231597712319,385.16302490234375,0.12115170199831482,152
thr_tarsus,random_pc_ridge,8,Lovund,2,454522896,2000,2000,3500,3500,156026.34,0.3643041791525684,385.34246826171875,0.11572075499861967,152
thr_tarsus,random_pc_ridge,8,Lovund,3,1603208544,2000,2000,3500,3500,156026.34,0.31200064495024804,385.1038513183594,0.1888786719973723,152
thr_tarsus,random_pc_ridge,8,Lovund,4,853280976,2000,2000,3500,3500,156026.34,0.25140291542797166,386.2100524902344,0.1354256019985769,152
thr_tarsus,random_pc_ridge,8,Lovund,5,800019,2000,2000,3500,3500,156026.34,0.37228107470645533,386.3251037597656,0.13994746599928476,152
thr_tarsus,random_pc_ridge,8,Lovund,6,800020,2000,2000,3500,3500,156026.34,0.4112444122846075,384.93121337890625,0.11972718100150814,152
thr_tarsus,random_pc_ridge,8,Lovund,7,800021,2000,2000,3500,3500,156026.34,0.3157926365053936,384.188720703125,0.11305067200009944,152
thr_tarsus,random_pc_ridge,8,Lovund,8,800022,2000,2000,3500,3500,156026.34,0.3784395211271827,384.5832214355469,0.18810128699988127,152
thr_tarsus,random_pc_ridge,8,Lovund,9,800023,2000,2000,3500,3500,156026.34,0.3773370076891209,385.3833923339844,0.11912332599968067,152
thr_tarsus,random_pc_ridge,8,Lovund,0,1690148911,2500,2500,3500,3500,156026.34,0.34685480216377,384.2371520996094,0.15961406499991426,152
thr_tarsus,random_pc_ridge,8,Lovund,1,1276499927,2500,2500,3500,3500,156026.34,0.33021480638540557,384.9673767089844,0.14090256199779105,152
thr_tarsus,random_pc_ridge,8,Lovund,2,454522896,2500,2500,3500,3500,156026.34,0.3808521763042947,385.2921447753906,0.14170860100057325,152
thr_tarsus,random_pc_ridge,8,Lovund,3,1603208544,2500,2500,3500,3500,156026.34,0.40876147044950706,384.6977844238281,0.14513268000155222,152
thr_tarsus,random_pc_ridge,8,Lovund,4,853280976,2500,2500,3500,3500,156026.34,0.3685646626842757,385.49322509765625,0.1394174840024789,152
thr_tarsus,random_pc_ridge,8,Lovund,5,800019,2500,2500,3500,3500,156026.34,0.37426849895512787,385.2908630371094,0.14193194699691958,152
thr_tarsus,random_pc_ridge,8,Lovund,6,800020,2500,2500,3500,3500,156026.34,0.4007426686305529,384.4838562011719,0.14912116000050446,152
thr_tarsus,random_pc_ridge,8,Lovund,7,800021,2500,2500,3500,3500,156026.34,0.28852146894502134,385.1571350097656,0.14583484099784982,152
thr_tarsus,random_pc_ridge,8,Lovund,8,800022,2500,2500,3500,3500,156026.34,0.38011894544406366,385.684814453125,0.14116783599820337,152
thr_tarsus,random_pc_ridge,8,Lovund,9,800023,2500,2500,3500,3500,156026.34,0.3165544357623784,384.3984375,0.14380091500061098,152
thr_tarsus,random_pc_ridge,8,Lovund,0,1690148911,3000,3000,3500,3500,156026.34,0.39182395961681127,384.9477233886719,0.21331306099818903,152
thr_tarsus,random_pc_ridge,8,Lovund,1,1276499927,3000,3000,3500,3500,156026.34,0.44475839068369044,385.00634765625,0.19561610899836523,152
thr_tarsus,random_pc_ridge,8,Lovund,2,454522896,3000,3000,3500,3500,156026.34,0.34855038691071516,384.37451171875,0.19156036699860124,152
thr_tarsus,random_pc_ridge,8,Lovund,3,1603208544,3000,3000,3500,3500,156026.34,0.3540462362364837,384.618408203125,0.20510552599807852,152
thr_tarsus,random_pc_ridge,8,Lovund,4,853280976,3000,3000,3500,3500,156026.34,0.32239694696056853,385.232666015625,0.2011460089997854,152
thr_tarsus,random_pc_ridge,8,Lovund,5,800019,3000,3000,3500,3500,156026.34,0.3549880240390958,385.4703674316406,0.1891092160003609,152
thr_tarsus,random_pc_ridge,8,Lovund,6,800020,3000,3000,3500,3500,156026.34,0.41543297841500504,384.580810546875,0.20038306200149236,152
thr_tarsus,random_pc_ridge,8,Lovund,7,800021,3000,3000,3500,3500,156026.34,0.34578962686753023,385.4607849121094,0.19294676500066998,152
thr_tarsus,random_pc_ridge,8,Lovund,8,800022,3000,3000,3500,3500,156026.34,0.3882742692395028,384.9622497558594,0.19833770000332152,152
thr_tarsus,random_pc_ridge,8,Lovund,9,800023,3000,3000,3500,3500,156026.34,0.42398786650217835,383.8150329589844,0.2055155369998829,152
thr_tarsus,random_pc_ridge,8,Lovund,0,1690148911,3500,3500,3500,3500,156026.34,0.36720806420924534,385.1959228515625,0.2611710499986657,152
thr_tarsus,random_pc_ridge,8,Lovund,1,1276499927,3500,3500,3500,3500,156026.34,0.3620648897105604,384.1561584472656,0.25909540900102,152
thr_tarsus,random_pc_ridge,8,Lovund,2,454522896,3500,3500,3500,3500,156026.34,0.34252868969548694,384.4209289550781,0.26322993700159714,152
thr_tarsus,random_pc_ridge,8,Lovund,3,1603208544,3500,3500,3500,3500,156026.34,0.3376431046906299,386.1517333984375,0.2643187770008808,152
thr_tarsus,random_pc_ridge,8,Lovund,4,853280976,3500,3500,3500,3500,156026.34,0.42785939771369924,385.01190185546875,0.26098848699984956,152
thr_tarsus,random_pc_ridge,8,Lovund,5,800019,3500,3500,3500,3500,156026.34,0.3627431613191034,385.0548400878906,0.26482585899793776,152
thr_tarsus,random_pc_ridge,8,Lovund,6,800020,3500,3500,3500,3500,156026.34,0.37843457768353606,383.9081115722656,0.2614475680020405,152
thr_tarsus,random_pc_ridge,8,Lovund,7,800021,3500,3500,3500,3500,156026.34,0.38574422181228585,385.0323791503906,0.26076465000005555,152
thr_tarsus,random_pc_ridge,8,Lovund,8,800022,3500,3500,3500,3500,156026.34,0.4257346027142549,385.24462890625,0.275576962998457,152
thr_tarsus,random_pc_ridge,8,Lovund,9,800023,3500,3500,3500,3500,156026.34,0.4262210798930188,384.98529052734375,0.2632930689978821,152
thr_tarsus,random_pc_ridge,8,Lovund,0,1690148911,4000,4000,3500,3500,156026.34,0.44952675547165116,384.9324645996094,0.26713531800123747,152
thr_tarsus,random_pc_ridge,8,Lovund,1,1276499927,4000,4000,3500,3500,156026.34,0.3859646959090045,384.5600891113281,0.2567829369982064,152
thr_tarsus,random_pc_ridge,8,Lovund,2,454522896,4000,4000,3500,3500,156026.34,0.43884452386953393,384.82659912109375,0.257323361998715,152
thr_tarsus,random_pc_ridge,8,Lovund,3,1603208544,4000,4000,3500,3500,156026.34,0.3942028644565802,384.85882568359375,0.2628851530025713,152
thr_tarsus,random_pc_ridge,8,Lovund,4,853280976,4000,4000,3500,3500,156026.34,0.4175937517574572,384.4230041503906,0.2580997689983633,152
thr_tarsus,random_pc_ridge,8,Lovund,5,800019,4000,4000,3500,3500,156026.34,0.3912155564362375,384.79437255859375,0.25653035700088367,152
thr_tarsus,random_pc_ridge,8,Lovund,6,800020,4000,4000,3500,3500,156026.34,0.3741850579452408,384.38702392578125,0.2612677659999463,152
thr_tarsus,random_pc_ridge,8,Lovund,7,800021,4000,4000,3500,3500,156026.34,0.4009430886466991,384.3916015625,0.2581961340001726,152
thr_tarsus,random_pc_ridge,8,Lovund,8,800022,4000,4000,3500,3500,156026.34,0.35186952807889266,384.03887939453125,0.2621295629978704,152
thr_tarsus,random_pc_ridge,8,Lovund,9,800023,4000,4000,3500,3500,156026.34,0.37709554994013617,384.75579833984375,0.2586214820003079,152
thr_tarsus,random_pc_ridge,8,Lovund,0,1690148911,4500,4500,3500,3500,156026.34,0.41171035672891915,385.1763916015625,0.33238278099815943,152
thr_tarsus,random_pc_ridge,8,Lovund,1,1276499927,4500,4500,3500,3500,156026.34,0.4230869007163484,385.08575439453125,0.284196131000499,152
thr_tarsus,random_pc_ridge,8,Lovund,2,454522896,4500,4500,3500,3500,156026.34,0.3789181695209925,384.8966369628906,0.2824834450002527,152
thr_tarsus,random_pc_ridge,8,Lovund,3,1603208544,4500,4500,3500,3500,156026.34,0.3921643885931784,384.681396484375,0.2780642479992821,152
thr_tarsus,random_pc_ridge,8,Lovund,4,853280976,4500,4500,3500,3500,156026.34,0.42058424861842714,385.0387878417969,0.28411008799957926,152
thr_tarsus,random_pc_ridge,8,Lovund,5,800019,4500,4500,3500,3500,156026.34,0.37941892197673327,385.06756591796875,0.2819787799999176,152
thr_tarsus,random_pc_ridge,8,Lovund,6,800020,4500,4500,3500,3500,156026.34,0.39099257072172605,385.3076171875,0.29548756899748696,152
thr_tarsus,random_pc_ridge,8,Lovund,7,800021,4500,4500,3500,3500,156026.34,0.42572241062945826,385.0633239746094,0.28138836799917044,152
thr_tarsus,random_pc_ridge,8,Lovund,8,800022,4500,4500,3500,3500,156026.34,0.37597845490764303,384.5790100097656,0.282672213998012,152
thr_tarsus,random_pc_ridge,8,Lovund,9,800023,4500,4500,3500,3500,156026.34,0.3916920951908043,384.4306335449219,0.2792595840001013,152
thr_tarsus,random_pc_ridge,9,Sleneset,0,201727611,500,500,3500,3500,156026.34,0.189081427856683,381.67010498046875,0.020767729001818225,163
thr_tarsus,random_pc_ridge,9,Sleneset,1,272273300,500,500,3500,3500,156026.34,0.1222527608193005,379.6994934082031,0.03193854699929943,163
thr_tarsus,random_pc_ridge,9,Sleneset,2,2058959408,500,500,3500,3500,156026.34,0.12111014951495035,381.0014953613281,0.032022875999246025,163
thr_tarsus,random_pc_ridge,9,Sleneset,3,2010177890,500,500,3500,3500,156026.34,0.1863143776628009,381.0678405761719,0.03208865100168623,163
thr_tarsus,random_pc_ridge,9,Sleneset,4,34284155,500,500,3500,3500,156026.34,0.10014629141573804,381.9234924316406,0.015082101999723818,163
thr_tarsus,random_pc_ridge,9,Sleneset,5,900019,500,500,3500,3500,156026.34,0.07511373336463424,379.7293395996094,0.015107432001968846,163
thr_tarsus,random_pc_ridge,9,Sleneset,6,900020,500,500,3500,3500,156026.34,0.2810027235267437,380.246826171875,0.015117640999960713,163
thr_tarsus,random_pc_ridge,9,Sleneset,7,900021,500,500,3500,3500,156026.34,0.28341632123812266,381.1152648925781,0.015137651997065404,163
thr_tarsus,random_pc_ridge,9,Sleneset,8,900022,500,500,3500,3500,156026.34,0.2617504555696794,380.6616516113281,0.015136336998693878,163
thr_tarsus,random_pc_ridge,9,Sleneset,9,900023,500,500,3500,3500,156026.34,0.11954803600032583,384.7073974609375,0.01513904400053434,163
thr_tarsus,random_pc_ridge,9,Sleneset,0,201727611,1000,1000,3500,3500,156026.34,0.13773657469553638,381.16265869140625,0.05156513399924734,163
thr_tarsus,random_pc_ridge,9,Sleneset,1,272273300,1000,1000,3500,3500,156026.34,0.20194240433276298,381.08319091796875,0.0482943709976098,163
thr_tarsus,random_pc_ridge,9,Sleneset,2,2058959408,1000,1000,3500,3500,156026.34,0.17619434498595776,379.14959716796875,0.047531762000289746,163
thr_tarsus,random_pc_ridge,9,Sleneset,3,2010177890,1000,1000,3500,3500,156026.34,0.26275417303078763,380.3712158203125,0.04756452299989178,163
thr_tarsus,random_pc_ridge,9,Sleneset,4,34284155,1000,1000,3500,3500,156026.34,0.06699394529250427,378.2862243652344,0.04751899699840578,163
thr_tarsus,random_pc_ridge,9,Sleneset,5,900019,1000,1000,3500,3500,156026.34,0.24662946885078763,382.0954895019531,0.04554869099956704,163
thr_tarsus,random_pc_ridge,9,Sleneset,6,900020,1000,1000,3500,3500,156026.34,0.2509999574249804,380.1293640136719,0.04754783900352777,163
thr_tarsus,random_pc_ridge,9,Sleneset,7,900021,1000,1000,3500,3500,156026.34,0.2728222579100599,380.9884338378906,0.04772313099965686,163
thr_tarsus,random_pc_ridge,9,Sleneset,8,900022,1000,1000,3500,3500,156026.34,0.14756562491184957,380.8374938964844,0.047565509001287865,163
thr_tarsus,random_pc_ridge,9,Sleneset,9,900023,1000,1000,3500,3500,156026.34,0.0614914967189743,382.7867736816406,0.050557458998810034,163
thr_tarsus,random_pc_ridge,9,Sleneset,0,201727611,1500,1500,3500,3500,156026.34,0.1900847595672612,381.73699951171875,0.1675896439992357,163
thr_tarsus,random_pc_ridge,9,Sleneset,1,272273300,1500,1500,3500,3500,156026.34,0.15410200942094937,381.6329650878906,0.1292595570012054,163
thr_tarsus,random_pc_ridge,9,Sleneset,2,2058959408,1500,1500,3500,3500,156026.34,0.15842932269259724,380.28662109375,0.0688356050013681,163
thr_tarsus,random_pc_ridge,9,Sleneset,3,2010177890,1500,1500,3500,3500,156026.34,0.22336536695476658,380.09857177734375,0.0640945790000842,163
thr_tarsus,random_pc_ridge,9,Sleneset,4,34284155,1500,1500,3500,3500,156026.34,0.14486362203685463,380.7478942871094,0.11078889000054915,163
thr_tarsus,random_pc_ridge,9,Sleneset,5,900019,1500,1500,3500,3500,156026.34,0.27548158669227846,380.3621520996094,0.10905747699871426,163
thr_tarsus,random_pc_ridge,9,Sleneset,6,900020,1500,1500,3500,3500,156026.34,0.2799273678541964,380.16729736328125,0.07992524500150466,163
thr_tarsus,random_pc_ridge,9,Sleneset,7,900021,1500,1500,3500,3500,156026.34,0.11908377049118153,382.1744689941406,0.06308029099818668,163
thr_tarsus,random_pc_ridge,9,Sleneset,8,900022,1500,1500,3500,3500,156026.34,0.11636404274072905,383.153564453125,0.06593003099987982,163
thr_tarsus,random_pc_ridge,9,Sleneset,9,900023,1500,1500,3500,3500,156026.34,0.1277135175223009,381.7256164550781,0.08506033700177795,163
thr_tarsus,random_pc_ridge,9,Sleneset,0,201727611,2000,2000,3500,3500,156026.34,0.22109760748428825,380.2619934082031,0.14087052600007155,163
thr_tarsus,random_pc_ridge,9,Sleneset,1,272273300,2000,2000,3500,3500,156026.34,0.20298176701502546,380.4479064941406,0.12168617899806122,163
thr_tarsus,random_pc_ridge,9,Sleneset,2,2058959408,2000,2000,3500,3500,156026.34,0.1447291379657625,380.2581481933594,0.1182627140005934,163
thr_tarsus,random_pc_ridge,9,Sleneset,3,2010177890,2000,2000,3500,3500,156026.34,0.21824660927949288,381.3833312988281,0.1187604980004835,163
thr_tarsus,random_pc_ridge,9,Sleneset,4,34284155,2000,2000,3500,3500,156026.34,0.2651402142909266,380.1955871582031,0.11325998499887646,163
thr_tarsus,random_pc_ridge,9,Sleneset,5,900019,2000,2000,3500,3500,156026.34,0.3277070751788874,381.097900390625,0.11426045899861492,163
thr_tarsus,random_pc_ridge,9,Sleneset,6,900020,2000,2000,3500,3500,156026.34,0.2953379539747986,380.8707580566406,0.12709791399902315,163
thr_tarsus,random_pc_ridge,9,Sleneset,7,900021,2000,2000,3500,3500,156026.34,0.121948598358769,380.0902404785156,0.11737343599816086,163
thr_tarsus,random_pc_ridge,9,Sleneset,8,900022,2000,2000,3500,3500,156026.34,0.21295250983764577,380.71807861328125,0.18700762200023746,163
thr_tarsus,random_pc_ridge,9,Sleneset,9,900023,2000,2000,3500,3500,156026.34,0.2146035045578303,381.7463073730469,0.1674407800019253,163
thr_tarsus,random_pc_ridge,9,Sleneset,0,201727611,2500,2500,3500,3500,156026.34,0.23313585830837866,380.3634033203125,0.15338731699739583,163
thr_tarsus,random_pc_ridge,9,Sleneset,1,272273300,2500,2500,3500,3500,156026.34,0.19380769248116198,384.2352294921875,0.13795855200078222,163
thr_tarsus,random_pc_ridge,9,Sleneset,2,2058959408,2500,2500,3500,3500,156026.34,0.24741194335558103,379.5075378417969,0.14559155099777854,163
thr_tarsus,random_pc_ridge,9,Sleneset,3,2010177890,2500,2500,3500,3500,156026.34,0.2089381474477638,380.6639099121094,0.13887454799987609,163
thr_tarsus,random_pc_ridge,9,Sleneset,4,34284155,2500,2500,3500,3500,156026.34,0.2136151249049754,380.4748840332031,0.14712655899711535,163
thr_tarsus,random_pc_ridge,9,Sleneset,5,900019,2500,2500,3500,3500,156026.34,0.1701697038767805,380.0943908691406,0.14921187200161512,163
thr_tarsus,random_pc_ridge,9,Sleneset,6,900020,2500,2500,3500,3500,156026.34,0.24254820475160202,380.3704528808594,0.1376981080029509,163
thr_tarsus,random_pc_ridge,9,Sleneset,7,900021,2500,2500,3500,3500,156026.34,0.17679657845973143,381.4931945800781,0.1429554440001084,163
thr_tarsus,random_pc_ridge,9,Sleneset,8,900022,2500,2500,3500,3500,156026.34,0.17702672158062505,381.5132141113281,0.14610351599912974,163
thr_tarsus,random_pc_ridge,9,Sleneset,9,900023,2500,2500,3500,3500,156026.34,0.24749775980804187,380.39202880859375,0.1402001679998648,163
thr_tarsus,random_pc_ridge,9,Sleneset,0,201727611,3000,3000,3500,3500,156026.34,0.24391465228581136,381.4055480957031,0.20345482799893944,163
thr_tarsus,random_pc_ridge,9,Sleneset,1,272273300,3000,3000,3500,3500,156026.34,0.24501068212278534,381.3985290527344,0.19188028100325027,163
thr_tarsus,random_pc_ridge,9,Sleneset,2,2058959408,3000,3000,3500,3500,156026.34,0.28480798196307866,380.9547424316406,0.1953395670025202,163
thr_tarsus,random_pc_ridge,9,Sleneset,3,2010177890,3000,3000,3500,3500,156026.34,0.20815791487922977,381.14727783203125,0.1898030039992591,163
thr_tarsus,random_pc_ridge,9,Sleneset,4,34284155,3000,3000,3500,3500,156026.34,0.24639958443119186,380.1771545410156,0.19928786099990248,163
thr_tarsus,random_pc_ridge,9,Sleneset,5,900019,3000,3000,3500,3500,156026.34,0.2756224086180363,380.4266052246094,0.2008230329993239,163
thr_tarsus,random_pc_ridge,9,Sleneset,6,900020,3000,3000,3500,3500,156026.34,0.20106208721806565,382.4034729003906,0.19553304800137994,163
thr_tarsus,random_pc_ridge,9,Sleneset,7,900021,3000,3000,3500,3500,156026.34,0.2667683164502361,381.2522277832031,0.20287107200056198,163
thr_tarsus,random_pc_ridge,9,Sleneset,8,900022,3000,3000,3500,3500,156026.34,0.3032080999095256,380.49615478515625,0.20011460799651104,163
thr_tarsus,random_pc_ridge,9,Sleneset,9,900023,3000,3000,3500,3500,156026.34,0.21692366423388768,382.9183044433594,0.19143776900091325,163
thr_tarsus,random_pc_ridge,9,Sleneset,0,201727611,3500,3500,3500,3500,156026.34,0.20559413006939983,380.2860412597656,0.27711033500236226,163
thr_tarsus,random_pc_ridge,9,Sleneset,1,272273300,3500,3500,3500,3500,156026.34,0.23650391575435387,380.9884948730469,0.25745342899972457,163
thr_tarsus,random_pc_ridge,9,Sleneset,2,2058959408,3500,3500,3500,3500,156026.34,0.2908845401481039,379.7923583984375,0.26104870500057586,163
thr_tarsus,random_pc_ridge,9,Sleneset,3,2010177890,3500,3500,3500,3500,156026.34,0.28183819722594655,381.00665283203125,0.2606341600003361,163
thr_tarsus,random_pc_ridge,9,Sleneset,4,34284155,3500,3500,3500,3500,156026.34,0.23010484082849458,379.4744873046875,0.25584282699855976,163
thr_tarsus,random_pc_ridge,9,Sleneset,5,900019,3500,3500,3500,3500,156026.34,0.30825780485003346,381.5807189941406,0.2582291079997958,163
thr_tarsus,random_pc_ridge,9,Sleneset,6,900020,3500,3500,3500,3500,156026.34,0.2269458118197706,381.07843017578125,0.26012857999739936,163
thr_tarsus,random_pc_ridge,9,Sleneset,7,900021,3500,3500,3500,3500,156026.34,0.23160658900963207,380.575439453125,0.26033180200101924,163
thr_tarsus,random_pc_ridge,9,Sleneset,8,900022,3500,3500,3500,3500,156026.34,0.20000036059161613,380.7679138183594,0.26085965300080716,163
thr_tarsus,random_pc_ridge,9,Sleneset,9,900023,3500,3500,3500,3500,156026.34,0.20453882843167884,381.4927978515625,0.2612615520010877,163
thr_tarsus,random_pc_ridge,9,Sleneset,0,201727611,4000,4000,3500,3500,156026.34,0.250450320039017,381.1174621582031,0.26609568200001377,163
thr_tarsus,random_pc_ridge,9,Sleneset,1,272273300,4000,4000,3500,3500,156026.34,0.2075896224157337,381.66790771484375,0.2653014500028803,163
thr_tarsus,random_pc_ridge,9,Sleneset,2,2058959408,4000,4000,3500,3500,156026.34,0.24960896812136316,381.1210632324219,0.2629066569970746,163
thr_tarsus,random_pc_ridge,9,Sleneset,3,2010177890,4000,4000,3500,3500,156026.34,0.22254217972052426,381.4516296386719,0.27494320000187145,163
thr_tarsus,random_pc_ridge,9,Sleneset,4,34284155,4000,4000,3500,3500,156026.34,0.24095443569382408,380.0375061035156,0.2683538839992252,163
thr_tarsus,random_pc_ridge,9,Sleneset,5,900019,4000,4000,3500,3500,156026.34,0.23115377403264797,380.4295959472656,0.2926610700014862,163
thr_tarsus,random_pc_ridge,9,Sleneset,6,900020,4000,4000,3500,3500,156026.34,0.20541463077668326,380.2582702636719,0.26271154999994906,163
thr_tarsus,random_pc_ridge,9,Sleneset,7,900021,4000,4000,3500,3500,156026.34,0.2838346933528804,381.068359375,0.2628588999978092,163
thr_tarsus,random_pc_ridge,9,Sleneset,8,900022,4000,4000,3500,3500,156026.34,0.2452380333595114,381.626953125,0.2626205879969348,163
thr_tarsus,random_pc_ridge,9,Sleneset,9,900023,4000,4000,3500,3500,156026.34,0.2565495737926233,380.71826171875,0.25903068399929907,163
thr_tarsus,random_pc_ridge,9,Sleneset,0,201727611,4500,4500,3500,3500,156026.34,0.26312223205172797,381.4501037597656,0.26566500199987786,163
thr_tarsus,random_pc_ridge,9,Sleneset,1,272273300,4500,4500,3500,3500,156026.34,0.2834699303359454,381.4383239746094,0.27081389899831265,163
thr_tarsus,random_pc_ridge,9,Sleneset,2,2058959408,4500,4500,3500,3500,156026.34,0.27101264067866054,380.2455749511719,0.27719712300313404,163
thr_tarsus,random_pc_ridge,9,Sleneset,3,2010177890,4500,4500,3500,3500,156026.34,0.27848080357494137,381.7848815917969,0.27864830699763843,163
thr_tarsus,random_pc_ridge,9,Sleneset,4,34284155,4500,4500,3500,3500,156026.34,0.2785126793720317,381.1252746582031,0.2754102149992832,163
thr_tarsus,random_pc_ridge,9,Sleneset,5,900019,4500,4500,3500,3500,156026.34,0.2526755225292409,380.4136047363281,0.30122963699977845,163
thr_tarsus,random_pc_ridge,9,Sleneset,6,900020,4500,4500,3500,3500,156026.34,0.2797147946736007,381.050537109375,0.28211336599997594,163
thr_tarsus,random_pc_ridge,9,Sleneset,7,900021,4500,4500,3500,3500,156026.34,0.22963026223566252,381.4887390136719,0.2800535050009785,163
thr_tarsus,random_pc_ridge,9,Sleneset,8,900022,4500,4500,3500,3500,156026.34,0.2450140704610961,381.28814697265625,0.2815300760012178,163
thr_tarsus,random_pc_ridge,9,Sleneset,9,900023,4500,4500,3500,3500,156026.34,0.26061995886090794,380.85040283203125,0.28073982700152555,163
thr_tarsus,random_pc_ridge,10,Aldra,0,2138453555,500,500,3500,3500,156026.34,0.08909694034470884,385.7908630371094,0.03360943000006955,173
thr_tarsus,random_pc_ridge,10,Aldra,1,1317260418,500,500,3500,3500,156026.34,0.08203481830757392,386.8610534667969,0.03186690000075032,173
thr_tarsus,random_pc_ridge,10,Aldra,2,384616272,500,500,3500,3500,156026.34,-0.07223583220413789,385.0586242675781,0.03199359700010973,173
thr_tarsus,random_pc_ridge,10,Aldra,3,675535670,500,500,3500,3500,156026.34,-0.1927412751270982,385.6138000488281,0.0320869719980692,173
thr_tarsus,random_pc_ridge,10,Aldra,4,318666808,500,500,3500,3500,156026.34,0.14446029490060175,387.7737121582031,0.03210645199942519,173
thr_tarsus,random_pc_ridge,10,Aldra,5,1000019,500,500,3500,3500,156026.34,0.1392532863567737,384.9959716796875,0.032148026999493595,173
thr_tarsus,random_pc_ridge,10,Aldra,6,1000020,500,500,3500,3500,156026.34,0.1372478534642297,385.3193664550781,0.03218685200045002,173
thr_tarsus,random_pc_ridge,10,Aldra,7,1000021,500,500,3500,3500,156026.34,0.14611321406706299,388.8464050292969,0.032080273998872144,173
thr_tarsus,random_pc_ridge,10,Aldra,8,1000022,500,500,3500,3500,156026.34,-0.07443844894429039,386.63873291015625,0.03215377000014996,173
thr_tarsus,random_pc_ridge,10,Aldra,9,1000023,500,500,3500,3500,156026.34,0.09009364008683272,388.7257385253906,0.03220613099983893,173
thr_tarsus,random_pc_ridge,10,Aldra,0,2138453555,1000,1000,3500,3500,156026.34,-0.1007499195529887,385.0962829589844,0.08627785300268442,173
thr_tarsus,random_pc_ridge,10,Aldra,1,1317260418,1000,1000,3500,3500,156026.34,0.09431973217193322,387.4300537109375,0.06572480099930544,173
thr_tarsus,random_pc_ridge,10,Aldra,2,384616272,1000,1000,3500,3500,156026.34,0.14994107700264744,387.0725402832031,0.0644965579995187,173
thr_tarsus,random_pc_ridge,10,Aldra,3,675535670,1000,1000,3500,3500,156026.34,0.12466674005085747,386.5087585449219,0.06456440200054203,173
thr_tarsus,random_pc_ridge,10,Aldra,4,318666808,1000,1000,3500,3500,156026.34,0.09082737105894835,386.71636962890625,0.06465486899833195,173
thr_tarsus,random_pc_ridge,10,Aldra,5,1000019,1000,1000,3500,3500,156026.34,0.1324499882812406,388.77618408203125,0.06515276200298104,173
thr_tarsus,random_pc_ridge,10,Aldra,6,1000020,1000,1000,3500,3500,156026.34,0.24108214417846013,387.0008544921875,0.06466187999831163,173
thr_tarsus,random_pc_ridge,10,Aldra,7,1000021,1000,1000,3500,3500,156026.34,0.11910149755239521,386.37738037109375,0.06453577499996754,173
thr_tarsus,random_pc_ridge,10,Aldra,8,1000022,1000,1000,3500,3500,156026.34,0.07012773554559117,386.9222412109375,0.06454083700009505,173
thr_tarsus,random_pc_ridge,10,Aldra,9,1000023,1000,1000,3500,3500,156026.34,0.12646108317543878,386.8385925292969,0.06475605699961307,173
thr_tarsus,random_pc_ridge,10,Aldra,0,2138453555,1500,1500,3500,3500,156026.34,0.3375553627215352,386.785400390625,0.11262175099909655,173
thr_tarsus,random_pc_ridge,10,Aldra,1,1317260418,1500,1500,3500,3500,156026.34,0.2593775287341388,387.67999267578125,0.24297931299952324,173
thr_tarsus,random_pc_ridge,10,Aldra,2,384616272,1500,1500,3500,3500,156026.34,0.15309599226547893,386.5194091796875,0.1962175449989445,173
thr_tarsus,random_pc_ridge,10,Aldra,3,675535670,1500,1500,3500,3500,156026.34,0.1270270782592397,387.5097961425781,0.19390100500095286,173
thr_tarsus,random_pc_ridge,10,Aldra,4,318666808,1500,1500,3500,3500,156026.34,0.10153367699369403,386.4144592285156,0.20271394600058557,173
thr_tarsus,random_pc_ridge,10,Aldra,5,1000019,1500,1500,3500,3500,156026.34,-0.03493426260064122,386.2712097167969,0.10224630900120246,173
thr_tarsus,random_pc_ridge,10,Aldra,6,1000020,1500,1500,3500,3500,156026.34,0.22591323511068992,385.5813903808594,0.061958435999258654,173
thr_tarsus,random_pc_ridge,10,Aldra,7,1000021,1500,1500,3500,3500,156026.34,0.1619907938150032,389.2108154296875,0.0640911420014163,173
thr_tarsus,random_pc_ridge,10,Aldra,8,1000022,1500,1500,3500,3500,156026.34,-0.007958371555352195,385.9263000488281,0.06498894600008498,173
thr_tarsus,random_pc_ridge,10,Aldra,9,1000023,1500,1500,3500,3500,156026.34,0.2581077529137041,386.6743469238281,0.11092510099842912,173
thr_tarsus,random_pc_ridge,10,Aldra,0,2138453555,2000,2000,3500,3500,156026.34,0.16573641072878303,385.59466552734375,0.13248262000342947,173
thr_tarsus,random_pc_ridge,10,Aldra,1,1317260418,2000,2000,3500,3500,156026.34,0.26747002932751596,387.7994079589844,0.11968257899934542,173
thr_tarsus,random_pc_ridge,10,Aldra,2,384616272,2000,2000,3500,3500,156026.34,0.31031190125274954,386.4100341796875,0.11914552999951411,173
thr_tarsus,random_pc_ridge,10,Aldra,3,675535670,2000,2000,3500,3500,156026.34,0.229760957853986,387.5045471191406,0.12884403000134625,173
thr_tarsus,random_pc_ridge,10,Aldra,4,318666808,2000,2000,3500,3500,156026.34,0.02906961744753147,386.541015625,0.12988395700085675,173
thr_tarsus,random_pc_ridge,10,Aldra,5,1000019,2000,2000,3500,3500,156026.34,0.09239177000119819,387.0653076171875,0.1285961480025435,173
thr_tarsus,random_pc_ridge,10,Aldra,6,1000020,2000,2000,3500,3500,156026.34,0.08283394758132,386.1742248535156,0.12129654599993955,173
thr_tarsus,random_pc_ridge,10,Aldra,7,1000021,2000,2000,3500,3500,156026.34,0.018630592938727968,387.74737548828125,0.1452832920003857,173
thr_tarsus,random_pc_ridge,10,Aldra,8,1000022,2000,2000,3500,3500,156026.34,0.19246721511046816,386.24603271484375,0.11511868199886521,173
thr_tarsus,random_pc_ridge,10,Aldra,9,1000023,2000,2000,3500,3500,156026.34,0.2422254730312174,388.5193176269531,0.11397592700086534,173
thr_tarsus,random_pc_ridge,10,Aldra,0,2138453555,2500,2500,3500,3500,156026.34,0.14498577082606046,385.856201171875,0.14072499399844673,173
thr_tarsus,random_pc_ridge,10,Aldra,1,1317260418,2500,2500,3500,3500,156026.34,0.13136605913714225,387.81719970703125,0.14069476700024097,173
thr_tarsus,random_pc_ridge,10,Aldra,2,384616272,2500,2500,3500,3500,156026.34,0.17108271131425812,387.6417541503906,0.14175512200017693,173
thr_tarsus,random_pc_ridge,10,Aldra,3,675535670,2500,2500,3500,3500,156026.34,0.08353303294928761,387.0135498046875,0.1434284690003551,173
thr_tarsus,random_pc_ridge,10,Aldra,4,318666808,2500,2500,3500,3500,156026.34,0.21272494044136164,387.0907287597656,0.14160584099954576,173
thr_tarsus,random_pc_ridge,10,Aldra,5,1000019,2500,2500,3500,3500,156026.34,0.11407068970787473,386.3288879394531,0.1419048629977624,173
thr_tarsus,random_pc_ridge,10,Aldra,6,1000020,2500,2500,3500,3500,156026.34,0.16769700409158841,387.3202209472656,0.14208110499748727,173
thr_tarsus,random_pc_ridge,10,Aldra,7,1000021,2500,2500,3500,3500,156026.34,0.13267292741809394,386.39984130859375,0.13914256499992916,173
thr_tarsus,random_pc_ridge,10,Aldra,8,1000022,2500,2500,3500,3500,156026.34,0.12592447958964356,387.4916076660156,0.13900112800183706,173
thr_tarsus,random_pc_ridge,10,Aldra,9,1000023,2500,2500,3500,3500,156026.34,0.23438226172161378,385.91754150390625,0.13991560799695435,173
thr_tarsus,random_pc_ridge,10,Aldra,0,2138453555,3000,3000,3500,3500,156026.34,0.29643602304984745,387.57415771484375,0.19416205199740943,173
thr_tarsus,random_pc_ridge,10,Aldra,1,1317260418,3000,3000,3500,3500,156026.34,0.23940780132078865,388.1260070800781,0.19276466800147318,173
thr_tarsus,random_pc_ridge,10,Aldra,2,384616272,3000,3000,3500,3500,156026.34,0.2965416557055057,386.92364501953125,0.2020203309984936,173
thr_tarsus,random_pc_ridge,10,Aldra,3,675535670,3000,3000,3500,3500,156026.34,0.1886345761364688,387.6134338378906,0.19007253299787408,173
thr_tarsus,random_pc_ridge,10,Aldra,4,318666808,3000,3000,3500,3500,156026.34,0.13889998524278524,387.0849304199219,0.20531760199810378,173
thr_tarsus,random_pc_ridge,10,Aldra,5,1000019,3000,3000,3500,3500,156026.34,0.2056097280547043,387.4820861816406,0.20106438999937382,173
thr_tarsus,random_pc_ridge,10,Aldra,6,1000020,3000,3000,3500,3500,156026.34,0.15278044546502098,387.1599426269531,0.19012303099952987,173
thr_tarsus,random_pc_ridge,10,Aldra,7,1000021,3000,3000,3500,3500,156026.34,0.18031022262618537,386.4359130859375,0.19387089899828425,173
thr_tarsus,random_pc_ridge,10,Aldra,8,1000022,3000,3000,3500,3500,156026.34,0.11996969909223103,388.2093505859375,0.2026894659975369,173
thr_tarsus,random_pc_ridge,10,Aldra,9,1000023,3000,3000,3500,3500,156026.34,0.17613464187223213,388.1157531738281,0.2013355720009713,173
thr_tarsus,random_pc_ridge,10,Aldra,0,2138453555,3500,3500,3500,3500,156026.34,0.21701439214378612,387.08197021484375,0.2600781569999526,173
thr_tarsus,random_pc_ridge,10,Aldra,1,1317260418,3500,3500,3500,3500,156026.34,0.17712694970312826,387.6103210449219,0.2604270420015382,173
thr_tarsus,random_pc_ridge,10,Aldra,2,384616272,3500,3500,3500,3500,156026.34,0.24801851594009336,386.8254699707031,0.2586486779982806,173
thr_tarsus,random_pc_ridge,10,Aldra,3,675535670,3500,3500,3500,3500,156026.34,0.21081838372668882,387.8017883300781,0.26113564199840766,173
thr_tarsus,random_pc_ridge,10,Aldra,4,318666808,3500,3500,3500,3500,156026.34,0.15072872692262082,385.6211242675781,0.260802736000187,173
thr_tarsus,random_pc_ridge,10,Aldra,5,1000019,3500,3500,3500,3500,156026.34,0.19214798270278372,387.5077819824219,0.2599968290014658,173
thr_tarsus,random_pc_ridge,10,Aldra,6,1000020,3500,3500,3500,3500,156026.34,0.22558942017440878,386.02191162109375,0.2614629729978333,173
thr_tarsus,random_pc_ridge,10,Aldra,7,1000021,3500,3500,3500,3500,156026.34,0.1705628705675674,386.67486572265625,0.26482572600070853,173
thr_tarsus,random_pc_ridge,10,Aldra,8,1000022,3500,3500,3500,3500,156026.34,0.15918795272722078,386.6443786621094,0.26226570699873264,173
thr_tarsus,random_pc_ridge,10,Aldra,9,1000023,3500,3500,3500,3500,156026.34,0.18445308434428728,387.17047119140625,0.26081105599951115,173
thr_tarsus,random_pc_ridge,10,Aldra,0,2138453555,4000,4000,3500,3500,156026.34,0.07579085767575018,387.5110168457031,0.2647889590007253,173
thr_tarsus,random_pc_ridge,10,Aldra,1,1317260418,4000,4000,3500,3500,156026.34,0.18675124596501175,387.6629333496094,0.26337572500051465,173
thr_tarsus,random_pc_ridge,10,Aldra,2,384616272,4000,4000,3500,3500,156026.34,0.16196513801771656,387.45294189453125,0.26446757899975637,173
thr_tarsus,random_pc_ridge,10,Aldra,3,675535670,4000,4000,3500,3500,156026.34,0.2658910168153361,386.654541015625,0.2626943510003912,173
thr_tarsus,random_pc_ridge,10,Aldra,4,318666808,4000,4000,3500,3500,156026.34,0.2133502377082873,387.832275390625,0.2640044109975861,173
thr_tarsus,random_pc_ridge,10,Aldra,5,1000019,4000,4000,3500,3500,156026.34,0.20002448314954746,387.64178466796875,0.26332975100012845,173
thr_tarsus,random_pc_ridge,10,Aldra,6,1000020,4000,4000,3500,3500,156026.34,0.20939743752950987,387.2356262207031,0.2640287900030671,173
thr_tarsus,random_pc_ridge,10,Aldra,7,1000021,4000,4000,3500,3500,156026.34,0.13024337445803455,386.7317199707031,0.2634404939999513,173
thr_tarsus,random_pc_ridge,10,Aldra,8,1000022,4000,4000,3500,3500,156026.34,0.19926656351720765,386.8224792480469,0.27087735399982193,173
thr_tarsus,random_pc_ridge,10,Aldra,9,1000023,4000,4000,3500,3500,156026.34,0.256684821975916,387.5469970703125,0.26319093399797566,173
thr_tarsus,random_pc_ridge,10,Aldra,0,2138453555,4500,4500,3500,3500,156026.34,0.17654874137744958,386.94146728515625,0.28339611000046716,173
thr_tarsus,random_pc_ridge,10,Aldra,1,1317260418,4500,4500,3500,3500,156026.34,0.14966713703720505,387.40966796875,0.28261531500174897,173
thr_tarsus,random_pc_ridge,10,Aldra,2,384616272,4500,4500,3500,3500,156026.34,0.19369125536733356,387.8041076660156,0.2798025640004198,173
thr_tarsus,random_pc_ridge,10,Aldra,3,675535670,4500,4500,3500,3500,156026.34,0.23194338208749166,388.0824279785156,0.28586031300073955,173
thr_tarsus,random_pc_ridge,10,Aldra,4,318666808,4500,4500,3500,3500,156026.34,0.22697304305408567,387.39495849609375,0.28421696099758265,173
thr_tarsus,random_pc_ridge,10,Aldra,5,1000019,4500,4500,3500,3500,156026.34,0.20380548226753462,387.8330993652344,0.2799075830007496,173
thr_tarsus,random_pc_ridge,10,Aldra,6,1000020,4500,4500,3500,3500,156026.34,0.14508191032984197,387.0697326660156,0.2732981169974664,173
thr_tarsus,random_pc_ridge,10,Aldra,7,1000021,4500,4500,3500,3500,156026.34,0.2095212790611436,387.3599548339844,0.2801827740004228,173
thr_tarsus,random_pc_ridge,10,Aldra,8,1000022,4500,4500,3500,3500,156026.34,0.1968598894977134,387.22442626953125,0.27759752400015714,173
thr_tarsus,random_pc_ridge,10,Aldra,9,1000023,4500,4500,3500,3500,156026.34,0.2297100810044771,388.3375549316406,0.28166875099850586,173
thr_tarsus,random_pc_ridge,11,Leka,0,707858893,500,500,3500,3500,156026.34,0.0590293355456949,392.37030029296875,0.021334507000574376,583
thr_tarsus,random_pc_ridge,11,Leka,1,1546471740,500,500,3500,3500,156026.34,0.13448764799619348,392.4734191894531,0.03178180699978839,583
thr_tarsus,random_pc_ridge,11,Leka,2,1116023779,500,500,3500,3500,156026.34,0.134427396301503,393.4138488769531,0.03458971999862115,583
thr_tarsus,random_pc_ridge,11,Leka,3,120389708,500,500,3500,3500,156026.34,0.12180753187590168,392.48907470703125,0.01840302499840618,583
thr_tarsus,random_pc_ridge,11,Leka,4,1716943757,500,500,3500,3500,156026.34,0.21488606220005219,391.0793151855469,0.03215377400192665,583
thr_tarsus,random_pc_ridge,11,Leka,5,1100019,500,500,3500,3500,156026.34,0.11703278322349543,393.8614807128906,0.032090838001749944,583
thr_tarsus,random_pc_ridge,11,Leka,6,1100020,500,500,3500,3500,156026.34,0.03864938301808776,393.0128173828125,0.12526798299950315,583
thr_tarsus,random_pc_ridge,11,Leka,7,1100021,500,500,3500,3500,156026.34,0.12659703179313103,392.7991943359375,0.028190455999720143,583
thr_tarsus,random_pc_ridge,11,Leka,8,1100022,500,500,3500,3500,156026.34,0.01714561323764193,391.396484375,0.032149416001630016,583
thr_tarsus,random_pc_ridge,11,Leka,9,1100023,500,500,3500,3500,156026.34,0.11064191581798882,392.6930236816406,0.03214746699813986,583
thr_tarsus,random_pc_ridge,11,Leka,0,707858893,1000,1000,3500,3500,156026.34,0.15728450598240748,392.70294189453125,0.162371409998741,583
thr_tarsus,random_pc_ridge,11,Leka,1,1546471740,1000,1000,3500,3500,156026.34,0.17701159857789114,393.17608642578125,0.08373588399990695,583
thr_tarsus,random_pc_ridge,11,Leka,2,1116023779,1000,1000,3500,3500,156026.34,0.08251873914617493,392.1888427734375,0.074098203000176,583
thr_tarsus,random_pc_ridge,11,Leka,3,120389708,1000,1000,3500,3500,156026.34,0.05609230862198238,393.0650939941406,0.0551714749999519,583
thr_tarsus,random_pc_ridge,11,Leka,4,1716943757,1000,1000,3500,3500,156026.34,0.11091634584794272,392.9505310058594,0.0638531279982999,583
thr_tarsus,random_pc_ridge,11,Leka,5,1100019,1000,1000,3500,3500,156026.34,0.13903779528622617,393.896484375,0.07539384499978041,583
thr_tarsus,random_pc_ridge,11,Leka,6,1100020,1000,1000,3500,3500,156026.34,0.1843471299925424,391.8714599609375,0.10757888599982834,583
thr_tarsus,random_pc_ridge,11,Leka,7,1100021,1000,1000,3500,3500,156026.34,0.12290879887941986,391.6209716796875,0.0986366450015339,583
thr_tarsus,random_pc_ridge,11,Leka,8,1100022,1000,1000,3500,3500,156026.34,0.12440547170870866,393.16583251953125,0.09868028100027004,583
thr_tarsus,random_pc_ridge,11,Leka,9,1100023,1000,1000,3500,3500,156026.34,0.04549921462340796,392.8020324707031,0.09862423599770409,583
thr_tarsus,random_pc_ridge,11,Leka,0,707858893,1500,1500,3500,3500,156026.34,0.13048976819202293,392.8105163574219,0.2016806829997222,583
thr_tarsus,random_pc_ridge,11,Leka,1,1546471740,1500,1500,3500,3500,156026.34,0.02948369322588824,392.52496337890625,0.11426425199897494,583
thr_tarsus,random_pc_ridge,11,Leka,2,1116023779,1500,1500,3500,3500,156026.34,0.15419011244763398,390.9389343261719,0.2048356019986386,583
thr_tarsus,random_pc_ridge,11,Leka,3,120389708,1500,1500,3500,3500,156026.34,0.1581745532180366,392.3836669921875,0.20458179799970821,583
thr_tarsus,random_pc_ridge,11,Leka,4,1716943757,1500,1500,3500,3500,156026.34,0.22733295327004097,390.70855712890625,0.10041530799935572,583
thr_tarsus,random_pc_ridge,11,Leka,5,1100019,1500,1500,3500,3500,156026.34,0.2127892141848015,391.80596923828125,0.06435577000229387,583
thr_tarsus,random_pc_ridge,11,Leka,6,1100020,1500,1500,3500,3500,156026.34,0.14673497090107462,391.9294128417969,0.06325292499968782,583
thr_tarsus,random_pc_ridge,11,Leka,7,1100021,1500,1500,3500,3500,156026.34,0.1281357780980812,392.2643737792969,0.06304185900080483,583
thr_tarsus,random_pc_ridge,11,Leka,8,1100022,1500,1500,3500,3500,156026.34,0.1874566689200197,391.2625427246094,0.06515391399807413,583
thr_tarsus,random_pc_ridge,11,Leka,9,1100023,1500,1500,3500,3500,156026.34,0.16869752875946425,392.100341796875,0.07953580799949123,583
thr_tarsus,random_pc_ridge,11,Leka,0,707858893,2000,2000,3500,3500,156026.34,0.15352677792206018,391.4668884277344,0.1417558339999232,583
thr_tarsus,random_pc_ridge,11,Leka,1,1546471740,2000,2000,3500,3500,156026.34,0.20179658941772738,391.0361328125,0.14003920300092432,583
thr_tarsus,random_pc_ridge,11,Leka,2,1116023779,2000,2000,3500,3500,156026.34,0.20106830340296483,391.3701171875,0.1194719979976071,583
thr_tarsus,random_pc_ridge,11,Leka,3,120389708,2000,2000,3500,3500,156026.34,0.16998106953661044,391.3730773925781,0.1289017459966999,583
thr_tarsus,random_pc_ridge,11,Leka,4,1716943757,2000,2000,3500,3500,156026.34,0.15470477104452857,391.9591979980469,0.137058373002219,583
thr_tarsus,random_pc_ridge,11,Leka,5,1100019,2000,2000,3500,3500,156026.34,0.12252972133172345,392.87060546875,0.18236582600002293,583
thr_tarsus,random_pc_ridge,11,Leka,6,1100020,2000,2000,3500,3500,156026.34,0.20665332158123148,393.5986328125,0.11923658100204193,583
thr_tarsus,random_pc_ridge,11,Leka,7,1100021,2000,2000,3500,3500,156026.34,0.1739722259205802,392.8434143066406,0.11144728399813175,583
thr_tarsus,random_pc_ridge,11,Leka,8,1100022,2000,2000,3500,3500,156026.34,0.16689229127961133,391.8492736816406,0.11654172499765991,583
thr_tarsus,random_pc_ridge,11,Leka,9,1100023,2000,2000,3500,3500,156026.34,0.20567519114593874,391.50604248046875,0.13671475299997837,583
thr_tarsus,random_pc_ridge,11,Leka,0,707858893,2500,2500,3500,3500,156026.34,0.23628218614497826,391.7699890136719,0.15330166599960648,583
thr_tarsus,random_pc_ridge,11,Leka,1,1546471740,2500,2500,3500,3500,156026.34,0.16382717192179788,391.7771911621094,0.1422834650002187,583
thr_tarsus,random_pc_ridge,11,Leka,2,1116023779,2500,2500,3500,3500,156026.34,0.19657891970123575,391.0888671875,0.14130467700306326,583
thr_tarsus,random_pc_ridge,11,Leka,3,120389708,2500,2500,3500,3500,156026.34,0.1777428581849263,391.56427001953125,0.14301410600091913,583
thr_tarsus,random_pc_ridge,11,Leka,4,1716943757,2500,2500,3500,3500,156026.34,0.16163043832135585,391.52337646484375,0.1370607930002734,583
thr_tarsus,random_pc_ridge,11,Leka,5,1100019,2500,2500,3500,3500,156026.34,0.20506446498720263,391.05194091796875,0.14058466699862038,583
thr_tarsus,random_pc_ridge,11,Leka,6,1100020,2500,2500,3500,3500,156026.34,0.08544940534578743,392.6676330566406,0.1452053259999957,583
thr_tarsus,random_pc_ridge,11,Leka,7,1100021,2500,2500,3500,3500,156026.34,0.23324836436050536,391.3115234375,0.14058935399953043,583
thr_tarsus,random_pc_ridge,11,Leka,8,1100022,2500,2500,3500,3500,156026.34,0.15346689703163205,391.7687683105469,0.14047063200268894,583
thr_tarsus,random_pc_ridge,11,Leka,9,1100023,2500,2500,3500,3500,156026.34,0.17275728354356606,392.12640380859375,0.14038068699665018,583
thr_tarsus,random_pc_ridge,11,Leka,0,707858893,3000,3000,3500,3500,156026.34,0.22109016808377308,392.3588562011719,0.20857243499995093,583
thr_tarsus,random_pc_ridge,11,Leka,1,1546471740,3000,3000,3500,3500,156026.34,0.19049172541944448,391.3888244628906,0.19922478700027568,583
thr_tarsus,random_pc_ridge,11,Leka,2,1116023779,3000,3000,3500,3500,156026.34,0.22668419916391536,391.0555725097656,0.2000252219986578,583
thr_tarsus,random_pc_ridge,11,Leka,3,120389708,3000,3000,3500,3500,156026.34,0.1281331360723483,391.6575927734375,0.19092334800006938,583
thr_tarsus,random_pc_ridge,11,Leka,4,1716943757,3000,3000,3500,3500,156026.34,0.18490595468317098,392.33062744140625,0.1918215000005148,583
thr_tarsus,random_pc_ridge,11,Leka,5,1100019,3000,3000,3500,3500,156026.34,0.2395769974625157,391.9508361816406,0.2054659499990521,583
thr_tarsus,random_pc_ridge,11,Leka,6,1100020,3000,3000,3500,3500,156026.34,0.20258669782470853,392.18316650390625,0.20232248599859304,583
thr_tarsus,random_pc_ridge,11,Leka,7,1100021,3000,3000,3500,3500,156026.34,0.19724464426422983,391.3025817871094,0.20139310900049168,583
thr_tarsus,random_pc_ridge,11,Leka,8,1100022,3000,3000,3500,3500,156026.34,0.23534550587733444,391.2388916015625,0.20009324299826403,583
thr_tarsus,random_pc_ridge,11,Leka,9,1100023,3000,3000,3500,3500,156026.34,0.2270014199419019,391.8021545410156,0.19934511899919016,583
thr_tarsus,random_pc_ridge,11,Leka,0,707858893,3500,3500,3500,3500,156026.34,0.17357710968777895,392.17864990234375,0.25782073799928185,583
thr_tarsus,random_pc_ridge,11,Leka,1,1546471740,3500,3500,3500,3500,156026.34,0.26895833915059675,390.8819580078125,0.27356490999954985,583
thr_tarsus,random_pc_ridge,11,Leka,2,1116023779,3500,3500,3500,3500,156026.34,0.2596928378725482,391.0128173828125,0.26075933199899737,583
thr_tarsus,random_pc_ridge,11,Leka,3,120389708,3500,3500,3500,3500,156026.34,0.2808092831477074,390.8891906738281,0.2590151900003548,583
thr_tarsus,random_pc_ridge,11,Leka,4,1716943757,3500,3500,3500,3500,156026.34,0.1879599658233622,391.9748840332031,0.2553810509998584,583
thr_tarsus,random_pc_ridge,11,Leka,5,1100019,3500,3500,3500,3500,156026.34,0.18689797348979956,391.9922180175781,0.26550253499954124,583
thr_tarsus,random_pc_ridge,11,Leka,6,1100020,3500,3500,3500,3500,156026.34,0.23135388342550842,391.47589111328125,0.2631138680008007,583
thr_tarsus,random_pc_ridge,11,Leka,7,1100021,3500,3500,3500,3500,156026.34,0.25696767746703925,391.7469482421875,0.259601013000065,583
thr_tarsus,random_pc_ridge,11,Leka,8,1100022,3500,3500,3500,3500,156026.34,0.2236237880140662,391.108154296875,0.25955192299807095,583
thr_tarsus,random_pc_ridge,11,Leka,9,1100023,3500,3500,3500,3500,156026.34,0.19783786263568587,391.73553466796875,0.25960408199898666,583
thr_tarsus,random_pc_ridge,11,Leka,0,707858893,4000,4000,3500,3500,156026.34,0.2593646007063053,391.131103515625,0.26487356800134876,583
thr_tarsus,random_pc_ridge,11,Leka,1,1546471740,4000,4000,3500,3500,156026.34,0.25124225080850887,391.4841003417969,0.2644644630017865,583
thr_tarsus,random_pc_ridge,11,Leka,2,1116023779,4000,4000,3500,3500,156026.34,0.21772778369333898,391.6731262207031,0.26543804299944895,583
thr_tarsus,random_pc_ridge,11,Leka,3,120389708,4000,4000,3500,3500,156026.34,0.24658860894467696,391.1006164550781,0.26472886499686865,583
thr_tarsus,random_pc_ridge,11,Leka,4,1716943757,4000,4000,3500,3500,156026.34,0.2149902328004588,390.9703369140625,0.27124851799817407,583
thr_tarsus,random_pc_ridge,11,Leka,5,1100019,4000,4000,3500,3500,156026.34,0.2266408250498107,391.59075927734375,0.26826539499961655,583
thr_tarsus,random_pc_ridge,11,Leka,6,1100020,4000,4000,3500,3500,156026.34,0.2116578988501143,391.1702880859375,0.2629684499988798,583
thr_tarsus,random_pc_ridge,11,Leka,7,1100021,4000,4000,3500,3500,156026.34,0.25265825142000653,391.4629821777344,0.2631277399996179,583
thr_tarsus,random_pc_ridge,11,Leka,8,1100022,4000,4000,3500,3500,156026.34,0.2585777836380974,391.77801513671875,0.26859591599713895,583
thr_tarsus,random_pc_ridge,11,Leka,9,1100023,4000,4000,3500,3500,156026.34,0.25942166282313334,391.4093322753906,0.26471573800154147,583
thr_tarsus,random_pc_ridge,11,Leka,0,707858893,4500,4500,3500,3500,156026.34,0.23519764295769843,391.4276428222656,0.28331267700195895,583
thr_tarsus,random_pc_ridge,11,Leka,1,1546471740,4500,4500,3500,3500,156026.34,0.2554120227291566,391.1142883300781,0.28548119900005986,583
thr_tarsus,random_pc_ridge,11,Leka,2,1116023779,4500,4500,3500,3500,156026.34,0.2297836113848682,391.210205078125,0.284655894000025,583
thr_tarsus,random_pc_ridge,11,Leka,3,120389708,4500,4500,3500,3500,156026.34,0.22431293425523832,391.49554443359375,0.28418760700151324,583
thr_tarsus,random_pc_ridge,11,Leka,4,1716943757,4500,4500,3500,3500,156026.34,0.2563205038438878,390.9728088378906,0.28057977999924333,583
thr_tarsus,random_pc_ridge,11,Leka,5,1100019,4500,4500,3500,3500,156026.34,0.2319738325372764,391.03997802734375,0.28394535099869245,583
thr_tarsus,random_pc_ridge,11,Leka,6,1100020,4500,4500,3500,3500,156026.34,0.18854085712579077,391.0727233886719,0.2877944390020275,583
thr_tarsus,random_pc_ridge,11,Leka,7,1100021,4500,4500,3500,3500,156026.34,0.24043324752687859,391.52557373046875,0.2833558130005258,583
thr_tarsus,random_pc_ridge,11,Leka,8,1100022,4500,4500,3500,3500,156026.34,0.25763506380313217,391.4386901855469,0.2889343979986734,583
thr_tarsus,random_pc_ridge,11,Leka,9,1100023,4500,4500,3500,3500,156026.34,0.25848789631605146,390.3960266113281,0.2866534549975768,583
thr_tarsus,random_pc_ridge,12,Vega,0,1717623462,500,500,3500,3500,156026.34,0.06141718075515257,368.6860046386719,0.020518342000286793,396
thr_tarsus,random_pc_ridge,12,Vega,1,1484484775,500,500,3500,3500,156026.34,0.03959087957694247,368.7430419921875,0.0319733329997689,396
thr_tarsus,random_pc_ridge,12,Vega,2,1841682891,500,500,3500,3500,156026.34,0.003385282992906035,368.75360107421875,0.032945353999821236,396
thr_tarsus,random_pc_ridge,12,Vega,3,534724965,500,500,3500,3500,156026.34,0.03629464104205148,369.90838623046875,0.03214749999824562,396
thr_tarsus,random_pc_ridge,12,Vega,4,1509915007,500,500,3500,3500,156026.34,0.06268001459779914,368.5785217285156,0.032018529000197304,396
thr_tarsus,random_pc_ridge,12,Vega,5,1200019,500,500,3500,3500,156026.34,-0.008089556881260502,368.5324401855469,0.03210199099703459,396
thr_tarsus,random_pc_ridge,12,Vega,6,1200020,500,500,3500,3500,156026.34,-0.020454365863444714,368.3587341308594,0.03214360600031796,396
thr_tarsus,random_pc_ridge,12,Vega,7,1200021,500,500,3500,3500,156026.34,0.01556304683462253,366.19366455078125,0.03211692399781896,396
thr_tarsus,random_pc_ridge,12,Vega,8,1200022,500,500,3500,3500,156026.34,0.04269266497803815,366.9154052734375,0.03217921900068177,396
thr_tarsus,random_pc_ridge,12,Vega,9,1200023,500,500,3500,3500,156026.34,0.09603658576804884,368.94097900390625,0.03220180499920389,396
thr_tarsus,random_pc_ridge,12,Vega,0,1717623462,1000,1000,3500,3500,156026.34,0.08369600412163687,370.2239685058594,0.051179745998524595,396
thr_tarsus,random_pc_ridge,12,Vega,1,1484484775,1000,1000,3500,3500,156026.34,0.1372054106615018,367.6143493652344,0.054549792999750935,396
thr_tarsus,random_pc_ridge,12,Vega,2,1841682891,1000,1000,3500,3500,156026.34,-0.008284455964472713,368.6680908203125,0.04760758400152554,396
thr_tarsus,random_pc_ridge,12,Vega,3,534724965,1000,1000,3500,3500,156026.34,0.10901515523465147,371.49249267578125,0.04758437199780019,396
thr_tarsus,random_pc_ridge,12,Vega,4,1509915007,1000,1000,3500,3500,156026.34,0.019654975794942017,368.786376953125,0.047685602999990806,396
thr_tarsus,random_pc_ridge,12,Vega,5,1200019,1000,1000,3500,3500,156026.34,0.12185002044186846,368.7225341796875,0.04760002699913457,396
thr_tarsus,random_pc_ridge,12,Vega,6,1200020,1000,1000,3500,3500,156026.34,0.05811878239274043,368.588134765625,0.04763330599962501,396
thr_tarsus,random_pc_ridge,12,Vega,7,1200021,1000,1000,3500,3500,156026.34,0.014664526586231543,371.2076110839844,0.04766794500028482,396
thr_tarsus,random_pc_ridge,12,Vega,8,1200022,1000,1000,3500,3500,156026.34,0.02502694085933452,368.32318115234375,0.04662586999984342,396
thr_tarsus,random_pc_ridge,12,Vega,9,1200023,1000,1000,3500,3500,156026.34,0.06325474355106392,368.82275390625,0.08163798100213171,396
thr_tarsus,random_pc_ridge,12,Vega,0,1717623462,1500,1500,3500,3500,156026.34,0.07272343445098652,369.07666015625,0.18161060700003873,396
thr_tarsus,random_pc_ridge,12,Vega,1,1484484775,1500,1500,3500,3500,156026.34,0.04293001657818143,368.8812255859375,0.06255786299880128,396
thr_tarsus,random_pc_ridge,12,Vega,2,1841682891,1500,1500,3500,3500,156026.34,0.025397436748088524,369.5818786621094,0.06692697499966016,396
thr_tarsus,random_pc_ridge,12,Vega,3,534724965,1500,1500,3500,3500,156026.34,0.09273149964735226,367.9417724609375,0.1430393369992089,396
thr_tarsus,random_pc_ridge,12,Vega,4,1509915007,1500,1500,3500,3500,156026.34,0.08154569412608725,369.38092041015625,0.10921039799723076,396
thr_tarsus,random_pc_ridge,12,Vega,5,1200019,1500,1500,3500,3500,156026.34,0.08415377215029567,370.4158020019531,0.07910827899831929,396
thr_tarsus,random_pc_ridge,12,Vega,6,1200020,1500,1500,3500,3500,156026.34,0.10185271740739148,369.18585205078125,0.08215974300037487,396
thr_tarsus,random_pc_ridge,12,Vega,7,1200021,1500,1500,3500,3500,156026.34,0.07078189965634792,371.5960693359375,0.16320160500254133,396
thr_tarsus,random_pc_ridge,12,Vega,8,1200022,1500,1500,3500,3500,156026.34,0.1007234244695042,367.98883056640625,0.0800584999997227,396
thr_tarsus,random_pc_ridge,12,Vega,9,1200023,1500,1500,3500,3500,156026.34,0.10646614466626486,369.4194641113281,0.06331048699939856,396
thr_tarsus,random_pc_ridge,12,Vega,0,1717623462,2000,2000,3500,3500,156026.34,0.10425318477486756,368.5812072753906,0.118524081997748,396
thr_tarsus,random_pc_ridge,12,Vega,1,1484484775,2000,2000,3500,3500,156026.34,0.06568564337906001,369.79327392578125,0.1628323110016936,396
thr_tarsus,random_pc_ridge,12,Vega,2,1841682891,2000,2000,3500,3500,156026.34,0.10742118431836967,369.06549072265625,0.12046954699690104,396
thr_tarsus,random_pc_ridge,12,Vega,3,534724965,2000,2000,3500,3500,156026.34,0.08402953149527585,368.8780822753906,0.1194332420018327,396
thr_tarsus,random_pc_ridge,12,Vega,4,1509915007,2000,2000,3500,3500,156026.34,0.10197631479548032,368.7695007324219,0.16765968999970937,396
thr_tarsus,random_pc_ridge,12,Vega,5,1200019,2000,2000,3500,3500,156026.34,0.1002922678697161,370.2120666503906,0.12843676500051515,396
thr_tarsus,random_pc_ridge,12,Vega,6,1200020,2000,2000,3500,3500,156026.34,0.15566556801445033,369.2198486328125,0.12748718299917527,396
thr_tarsus,random_pc_ridge,12,Vega,7,1200021,2000,2000,3500,3500,156026.34,0.07185761606400239,368.78814697265625,0.12035108400232275,396
thr_tarsus,random_pc_ridge,12,Vega,8,1200022,2000,2000,3500,3500,156026.34,0.14564729975298768,369.820068359375,0.14187887799926102,396
thr_tarsus,random_pc_ridge,12,Vega,9,1200023,2000,2000,3500,3500,156026.34,0.11515504187911699,370.2218933105469,0.11921086999791441,396
thr_tarsus,random_pc_ridge,12,Vega,0,1717623462,2500,2500,3500,3500,156026.34,0.0911470097630672,369.1308288574219,0.1463896659988677,396
thr_tarsus,random_pc_ridge,12,Vega,1,1484484775,2500,2500,3500,3500,156026.34,0.07191736203362677,369.68817138671875,0.14041229400027078,396
thr_tarsus,random_pc_ridge,12,Vega,2,1841682891,2500,2500,3500,3500,156026.34,0.06583137611862461,369.3549499511719,0.13963319499816862,396
thr_tarsus,random_pc_ridge,12,Vega,3,534724965,2500,2500,3500,3500,156026.34,0.051127751895496475,369.29510498046875,0.14041413300219574,396
thr_tarsus,random_pc_ridge,12,Vega,4,1509915007,2500,2500,3500,3500,156026.34,0.11443313465850215,370.14996337890625,0.13825672299935832,396
thr_tarsus,random_pc_ridge,12,Vega,5,1200019,2500,2500,3500,3500,156026.34,0.12934632142969907,369.4267578125,0.13929608300168184,396
thr_tarsus,random_pc_ridge,12,Vega,6,1200020,2500,2500,3500,3500,156026.34,0.07599046157817062,368.54052734375,0.13902813599997899,396
thr_tarsus,random_pc_ridge,12,Vega,7,1200021,2500,2500,3500,3500,156026.34,0.1217658400711709,370.3714904785156,0.13660561600045185,396
thr_tarsus,random_pc_ridge,12,Vega,8,1200022,2500,2500,3500,3500,156026.34,0.0620418677667727,369.4202575683594,0.13824968100016122,396
thr_tarsus,random_pc_ridge,12,Vega,9,1200023,2500,2500,3500,3500,156026.34,0.12891771769060748,369.71502685546875,0.1388333889990463,396
thr_tarsus,random_pc_ridge,12,Vega,0,1717623462,3000,3000,3500,3500,156026.34,0.16221546449174598,368.9006042480469,0.20342972399885184,396
thr_tarsus,random_pc_ridge,12,Vega,1,1484484775,3000,3000,3500,3500,156026.34,0.09307309479379645,368.80902099609375,0.195241163000901,396
thr_tarsus,random_pc_ridge,12,Vega,2,1841682891,3000,3000,3500,3500,156026.34,0.08244683650965201,368.7083435058594,0.1917362790009065,396
thr_tarsus,random_pc_ridge,12,Vega,3,534724965,3000,3000,3500,3500,156026.34,0.09333213298710077,369.6669006347656,0.19868108199807466,396
thr_tarsus,random_pc_ridge,12,Vega,4,1509915007,3000,3000,3500,3500,156026.34,0.07421851747725765,369.6846618652344,0.19145348199890577,396
thr_tarsus,random_pc_ridge,12,Vega,5,1200019,3000,3000,3500,3500,156026.34,0.10442209192773129,371.00030517578125,0.20188296800188255,396
thr_tarsus,random_pc_ridge,12,Vega,6,1200020,3000,3000,3500,3500,156026.34,0.0948929169770447,369.3888244628906,0.19751987699783058,396
thr_tarsus,random_pc_ridge,12,Vega,7,1200021,3000,3000,3500,3500,156026.34,0.09623031658246813,369.7682800292969,0.1896711259978474,396
thr_tarsus,random_pc_ridge,12,Vega,8,1200022,3000,3000,3500,3500,156026.34,0.1253619716692586,371.1031799316406,0.203061455002171,396
thr_tarsus,random_pc_ridge,12,Vega,9,1200023,3000,3000,3500,3500,156026.34,0.12138679527704221,370.0147705078125,0.19837902499784832,396
thr_tarsus,random_pc_ridge,12,Vega,0,1717623462,3500,3500,3500,3500,156026.34,0.09334971981810719,369.72808837890625,0.2549345680017723,396
thr_tarsus,random_pc_ridge,12,Vega,1,1484484775,3500,3500,3500,3500,156026.34,0.10685015271663431,369.94830322265625,0.2567481260011846,396
thr_tarsus,random_pc_ridge,12,Vega,2,1841682891,3500,3500,3500,3500,156026.34,0.138664584299701,370.3156433105469,0.25883922099819756,396
thr_tarsus,random_pc_ridge,12,Vega,3,534724965,3500,3500,3500,3500,156026.34,0.09666158515262468,369.5260314941406,0.26179138099905686,396
thr_tarsus,random_pc_ridge,12,Vega,4,1509915007,3500,3500,3500,3500,156026.34,0.10248692498819072,369.140869140625,0.26526607499909005,396
thr_tarsus,random_pc_ridge,12,Vega,5,1200019,3500,3500,3500,3500,156026.34,0.09796920396295947,369.8720703125,0.2609026019999874,396
thr_tarsus,random_pc_ridge,12,Vega,6,1200020,3500,3500,3500,3500,156026.34,0.06084895927941994,369.3167724609375,0.26262939300067956,396
thr_tarsus,random_pc_ridge,12,Vega,7,1200021,3500,3500,3500,3500,156026.34,0.15922052870747688,369.46258544921875,0.2616284790019563,396
thr_tarsus,random_pc_ridge,12,Vega,8,1200022,3500,3500,3500,3500,156026.34,0.08717656754985423,369.77392578125,0.2621872009985964,396
thr_tarsus,random_pc_ridge,12,Vega,9,1200023,3500,3500,3500,3500,156026.34,0.048220225141535976,368.23291015625,0.2586370739991253,396
thr_tarsus,random_pc_ridge,12,Vega,0,1717623462,4000,4000,3500,3500,156026.34,0.158204792436388,370.4683532714844,0.26909858399812947,396
thr_tarsus,random_pc_ridge,12,Vega,1,1484484775,4000,4000,3500,3500,156026.34,0.15549626691920307,370.3339538574219,0.268157844999223,396
thr_tarsus,random_pc_ridge,12,Vega,2,1841682891,4000,4000,3500,3500,156026.34,0.15015183698180423,369.4602355957031,0.2672558099984599,396
thr_tarsus,random_pc_ridge,12,Vega,3,534724965,4000,4000,3500,3500,156026.34,0.12664876688604798,369.2242431640625,0.2687065360005363,396
thr_tarsus,random_pc_ridge,12,Vega,4,1509915007,4000,4000,3500,3500,156026.34,0.09355714531514672,370.0561218261719,0.26766677900013747,396
thr_tarsus,random_pc_ridge,12,Vega,5,1200019,4000,4000,3500,3500,156026.34,0.12089034969418894,370.5363464355469,0.26404509600251913,396
thr_tarsus,random_pc_ridge,12,Vega,6,1200020,4000,4000,3500,3500,156026.34,0.1071763953533174,369.5402526855469,0.26295446199947037,396
thr_tarsus,random_pc_ridge,12,Vega,7,1200021,4000,4000,3500,3500,156026.34,0.11299583614677856,370.1283874511719,0.26278034600181854,396
thr_tarsus,random_pc_ridge,12,Vega,8,1200022,4000,4000,3500,3500,156026.34,0.10922826822858224,369.92633056640625,0.2703732959998888,396
thr_tarsus,random_pc_ridge,12,Vega,9,1200023,4000,4000,3500,3500,156026.34,0.10838520749713329,369.8371276855469,0.2762429269969289,396
thr_tarsus,random_pc_ridge,12,Vega,0,1717623462,4500,4500,3500,3500,156026.34,0.12191990156062049,370.0743103027344,0.2858545930030232,396
thr_tarsus,random_pc_ridge,12,Vega,1,1484484775,4500,4500,3500,3500,156026.34,0.12696855593478928,370.0701599121094,0.28312202199958847,396
thr_tarsus,random_pc_ridge,12,Vega,2,1841682891,4500,4500,3500,3500,156026.34,0.1130357896684687,370.2806091308594,0.28531995299999835,396
thr_tarsus,random_pc_ridge,12,Vega,3,534724965,4500,4500,3500,3500,156026.34,0.1315796229982585,370.1319580078125,0.287988095999026,396
thr_tarsus,random_pc_ridge,12,Vega,4,1509915007,4500,4500,3500,3500,156026.34,0.1533592157969216,370.61700439453125,0.28693264599860413,396
thr_tarsus,random_pc_ridge,12,Vega,5,1200019,4500,4500,3500,3500,156026.34,0.12498407558682409,369.9236145019531,0.28421389200229896,396
thr_tarsus,random_pc_ridge,12,Vega,6,1200020,4500,4500,3500,3500,156026.34,0.12992240556084325,369.7745666503906,0.2874806139989232,396
thr_tarsus,random_pc_ridge,12,Vega,7,1200021,4500,4500,3500,3500,156026.34,0.09848181822240627,370.4101867675781,0.28380127499985974,396
thr_tarsus,random_pc_ridge,12,Vega,8,1200022,4500,4500,3500,3500,156026.34,0.15130459620843634,370.6883239746094,0.2835053360031452,396
thr_tarsus,random_pc_ridge,12,Vega,9,1200023,4500,4500,3500,3500,156026.34,0.12211819735609554,370.248779296875,0.284123098001146,396
thr_tarsus,random_pc_ridge,13,Vikna,0,343987298,500,500,3500,3500,156026.34,0.09221010223745933,383.86077880859375,0.021330128001864068,583
thr_tarsus,random_pc_ridge,13,Vikna,1,881208126,500,500,3500,3500,156026.34,0.03877049511760512,383.8685302734375,0.03187104099924909,583
thr_tarsus,random_pc_ridge,13,Vikna,2,1075204606,500,500,3500,3500,156026.34,0.024931971551217763,384.0876159667969,0.03186230799838086,583
thr_tarsus,random_pc_ridge,13,Vikna,3,378460770,500,500,3500,3500,156026.34,0.025464276732702226,381.7424621582031,0.032089183001517085,583
thr_tarsus,random_pc_ridge,13,Vikna,4,1932616507,500,500,3500,3500,156026.34,0.036802904192719164,383.5520324707031,0.03208538800026872,583
thr_tarsus,random_pc_ridge,13,Vikna,5,1300019,500,500,3500,3500,156026.34,-0.04444471864508827,382.7238464355469,0.03212799899847596,583
thr_tarsus,random_pc_ridge,13,Vikna,6,1300020,500,500,3500,3500,156026.34,0.05837354992803224,381.7626953125,0.03312201399967307,583
thr_tarsus,random_pc_ridge,13,Vikna,7,1300021,500,500,3500,3500,156026.34,0.047499526869756586,383.00054931640625,0.03205540899944026,583
thr_tarsus,random_pc_ridge,13,Vikna,8,1300022,500,500,3500,3500,156026.34,0.05469630269250539,382.0466003417969,0.033122002001618966,583
thr_tarsus,random_pc_ridge,13,Vikna,9,1300023,500,500,3500,3500,156026.34,0.09143467720599731,384.8919372558594,0.034114830999897094,583
thr_tarsus,random_pc_ridge,13,Vikna,0,343987298,1000,1000,3500,3500,156026.34,0.09356072649129644,384.88934326171875,0.06383639200066682,583
thr_tarsus,random_pc_ridge,13,Vikna,1,881208126,1000,1000,3500,3500,156026.34,0.04576530901375184,382.0113525390625,0.05210366800019983,583
thr_tarsus,random_pc_ridge,13,Vikna,2,1075204606,1000,1000,3500,3500,156026.34,0.1166842708340453,382.34814453125,0.047243342000001576,583
thr_tarsus,random_pc_ridge,13,Vikna,3,378460770,1000,1000,3500,3500,156026.34,0.09487031202743426,383.1325988769531,0.047466629002883565,583
thr_tarsus,random_pc_ridge,13,Vikna,4,1932616507,1000,1000,3500,3500,156026.34,0.06494231032298568,381.8098449707031,0.04764501200043014,583
thr_tarsus,random_pc_ridge,13,Vikna,5,1300019,1000,1000,3500,3500,156026.34,0.04599574412204838,383.2606201171875,0.0475140199996531,583
thr_tarsus,random_pc_ridge,13,Vikna,6,1300020,1000,1000,3500,3500,156026.34,0.05798553950441109,382.9677734375,0.04749863400138565,583
thr_tarsus,random_pc_ridge,13,Vikna,7,1300021,1000,1000,3500,3500,156026.34,0.0859674193743324,382.5578308105469,0.04763179099973058,583
thr_tarsus,random_pc_ridge,13,Vikna,8,1300022,1000,1000,3500,3500,156026.34,0.0809033698120769,384.6021728515625,0.04786735200104886,583
thr_tarsus,random_pc_ridge,13,Vikna,9,1300023,1000,1000,3500,3500,156026.34,0.05922566007944162,383.8466491699219,0.047492512996541336,583
thr_tarsus,random_pc_ridge,13,Vikna,0,343987298,1500,1500,3500,3500,156026.34,0.02890842761504248,382.4773864746094,0.08315950899850577,583
thr_tarsus,random_pc_ridge,13,Vikna,1,881208126,1500,1500,3500,3500,156026.34,0.08551677091773933,382.4897766113281,0.06341848300144193,583
thr_tarsus,random_pc_ridge,13,Vikna,2,1075204606,1500,1500,3500,3500,156026.34,0.017263361719259886,382.9161682128906,0.06369919200005825,583
thr_tarsus,random_pc_ridge,13,Vikna,3,378460770,1500,1500,3500,3500,156026.34,0.00985742140827375,382.9674072265625,0.06319902899849694,583
thr_tarsus,random_pc_ridge,13,Vikna,4,1932616507,1500,1500,3500,3500,156026.34,0.06046226487044277,382.3713073730469,0.06297115400229814,583
thr_tarsus,random_pc_ridge,13,Vikna,5,1300019,1500,1500,3500,3500,156026.34,0.10619693445115798,382.9138488769531,0.06465459099854343,583
thr_tarsus,random_pc_ridge,13,Vikna,6,1300020,1500,1500,3500,3500,156026.34,0.005511490936760343,383.1492614746094,0.06338517900076113,583
thr_tarsus,random_pc_ridge,13,Vikna,7,1300021,1500,1500,3500,3500,156026.34,0.05662421851461573,382.15106201171875,0.10143982500085258,583
thr_tarsus,random_pc_ridge,13,Vikna,8,1300022,1500,1500,3500,3500,156026.34,0.0837425442581924,381.29193115234375,0.079755718998058,583
thr_tarsus,random_pc_ridge,13,Vikna,9,1300023,1500,1500,3500,3500,156026.34,0.10557834106287467,383.8138427734375,0.06390029300018796,583
thr_tarsus,random_pc_ridge,13,Vikna,0,343987298,2000,2000,3500,3500,156026.34,0.12435256300254338,383.7268371582031,0.24466958300035913,583
thr_tarsus,random_pc_ridge,13,Vikna,1,881208126,2000,2000,3500,3500,156026.34,0.09576197821923493,383.9020080566406,0.23085929700027918,583
thr_tarsus,random_pc_ridge,13,Vikna,2,1075204606,2000,2000,3500,3500,156026.34,0.05474885757966262,383.8266906738281,0.22016887000063434,583
thr_tarsus,random_pc_ridge,13,Vikna,3,378460770,2000,2000,3500,3500,156026.34,0.06524604088945733,384.0395812988281,0.1342749969990109,583
thr_tarsus,random_pc_ridge,13,Vikna,4,1932616507,2000,2000,3500,3500,156026.34,0.06962679045523762,382.3592834472656,0.11893343599876971,583
thr_tarsus,random_pc_ridge,13,Vikna,5,1300019,2000,2000,3500,3500,156026.34,0.08494073916231733,382.991943359375,0.11648820499976864,583
thr_tarsus,random_pc_ridge,13,Vikna,6,1300020,2000,2000,3500,3500,156026.34,0.08359466984229784,383.18035888671875,0.11490397699890309,583
thr_tarsus,random_pc_ridge,13,Vikna,7,1300021,2000,2000,3500,3500,156026.34,0.1558356451368789,381.3040771484375,0.11249407099967357,583
thr_tarsus,random_pc_ridge,13,Vikna,8,1300022,2000,2000,3500,3500,156026.34,0.0777188615713622,382.68084716796875,0.11541861099976813,583
thr_tarsus,random_pc_ridge,13,Vikna,9,1300023,2000,2000,3500,3500,156026.34,0.04737434749329965,383.02520751953125,0.11572238699955051,583
thr_tarsus,random_pc_ridge,13,Vikna,0,343987298,2500,2500,3500,3500,156026.34,0.1273162333869593,382.616943359375,0.15092438899955596,583
thr_tarsus,random_pc_ridge,13,Vikna,1,881208126,2500,2500,3500,3500,156026.34,0.1108442341892528,384.0289306640625,0.14589731500018388,583
thr_tarsus,random_pc_ridge,13,Vikna,2,1075204606,2500,2500,3500,3500,156026.34,0.1349756382937946,383.6898498535156,0.13632651999796508,583
thr_tarsus,random_pc_ridge,13,Vikna,3,378460770,2500,2500,3500,3500,156026.34,0.04113556440273221,383.7162170410156,0.14536183800009894,583
thr_tarsus,random_pc_ridge,13,Vikna,4,1932616507,2500,2500,3500,3500,156026.34,0.13866161005301048,383.1207580566406,0.1370544070014148,583
thr_tarsus,random_pc_ridge,13,Vikna,5,1300019,2500,2500,3500,3500,156026.34,0.08846181269264733,382.8957824707031,0.14077879000251414,583
thr_tarsus,random_pc_ridge,13,Vikna,6,1300020,2500,2500,3500,3500,156026.34,0.06198418681321964,383.7515563964844,0.13629467399732675,583
thr_tarsus,random_pc_ridge,13,Vikna,7,1300021,2500,2500,3500,3500,156026.34,0.11857312556836493,383.16424560546875,0.15253719999964233,583
thr_tarsus,random_pc_ridge,13,Vikna,8,1300022,2500,2500,3500,3500,156026.34,0.09077987472252243,384.1632385253906,0.14504037000006065,583
thr_tarsus,random_pc_ridge,13,Vikna,9,1300023,2500,2500,3500,3500,156026.34,0.10322579139237698,384.393310546875,0.13855977300045197,583
thr_tarsus,random_pc_ridge,13,Vikna,0,343987298,3000,3000,3500,3500,156026.34,0.049911816849901675,383.88720703125,0.20226378000006662,583
thr_tarsus,random_pc_ridge,13,Vikna,1,881208126,3000,3000,3500,3500,156026.34,0.10549348864760234,383.34747314453125,0.20127052799944067,583
thr_tarsus,random_pc_ridge,13,Vikna,2,1075204606,3000,3000,3500,3500,156026.34,0.0722483565567368,382.9557800292969,0.19912746000045445,583
thr_tarsus,random_pc_ridge,13,Vikna,3,378460770,3000,3000,3500,3500,156026.34,0.0636398994137698,383.07672119140625,0.2002243129973067,583
thr_tarsus,random_pc_ridge,13,Vikna,4,1932616507,3000,3000,3500,3500,156026.34,0.0759721370637358,383.5995788574219,0.19878768700073124,583
thr_tarsus,random_pc_ridge,13,Vikna,5,1300019,3000,3000,3500,3500,156026.34,0.12586994014711217,384.3847961425781,0.1989937030011788,583
thr_tarsus,random_pc_ridge,13,Vikna,6,1300020,3000,3000,3500,3500,156026.34,0.08486940142771474,384.27520751953125,0.20035414100129856,583
thr_tarsus,random_pc_ridge,13,Vikna,7,1300021,3000,3000,3500,3500,156026.34,0.05354837251378836,383.2619323730469,0.22159712500069872,583
thr_tarsus,random_pc_ridge,13,Vikna,8,1300022,3000,3000,3500,3500,156026.34,0.05009434419207223,383.3616027832031,0.2048531379987253,583
thr_tarsus,random_pc_ridge,13,Vikna,9,1300023,3000,3000,3500,3500,156026.34,0.12020290326985417,382.9708557128906,0.19930539900087751,583
thr_tarsus,random_pc_ridge,13,Vikna,0,343987298,3500,3500,3500,3500,156026.34,0.11090630941736825,384.5893249511719,0.2598208600029466,583
thr_tarsus,random_pc_ridge,13,Vikna,1,881208126,3500,3500,3500,3500,156026.34,0.07436810566260316,384.0675354003906,0.2606873299992003,583
thr_tarsus,random_pc_ridge,13,Vikna,2,1075204606,3500,3500,3500,3500,156026.34,0.09105352879768415,383.7239074707031,0.25676085500163026,583
thr_tarsus,random_pc_ridge,13,Vikna,3,378460770,3500,3500,3500,3500,156026.34,0.10722549263395374,383.70867919921875,0.2670888009997725,583
thr_tarsus,random_pc_ridge,13,Vikna,4,1932616507,3500,3500,3500,3500,156026.34,0.08668479039459479,383.46966552734375,0.2627194980013883,583
thr_tarsus,random_pc_ridge,13,Vikna,5,1300019,3500,3500,3500,3500,156026.34,0.05652763086914877,383.3418273925781,0.2637398509978084,583
thr_tarsus,random_pc_ridge,13,Vikna,6,1300020,3500,3500,3500,3500,156026.34,0.12541366497931525,383.87646484375,0.26293077299851575,583
thr_tarsus,random_pc_ridge,13,Vikna,7,1300021,3500,3500,3500,3500,156026.34,0.07446548313178444,383.04058837890625,0.2566588910012797,583
thr_tarsus,random_pc_ridge,13,Vikna,8,1300022,3500,3500,3500,3500,156026.34,0.07448320989623443,384.0931091308594,0.264135729001282,583
thr_tarsus,random_pc_ridge,13,Vikna,9,1300023,3500,3500,3500,3500,156026.34,0.1368035977613163,384.13214111328125,0.26441911500296555,583
thr_tarsus,random_pc_ridge,13,Vikna,0,343987298,4000,4000,3500,3500,156026.34,0.08334159480620086,383.34417724609375,0.264973250003095,583
thr_tarsus,random_pc_ridge,13,Vikna,1,881208126,4000,4000,3500,3500,156026.34,0.09053303487936193,383.7762756347656,0.27029181300167693,583
thr_tarsus,random_pc_ridge,13,Vikna,2,1075204606,4000,4000,3500,3500,156026.34,0.09823521663132838,384.3067626953125,0.2854679499978374,583
thr_tarsus,random_pc_ridge,13,Vikna,3,378460770,4000,4000,3500,3500,156026.34,0.11140986693048496,383.6248779296875,0.262911637997604,583
thr_tarsus,random_pc_ridge,13,Vikna,4,1932616507,4000,4000,3500,3500,156026.34,0.10089547063804365,383.7501220703125,0.2656710049996036,583
thr_tarsus,random_pc_ridge,13,Vikna,5,1300019,4000,4000,3500,3500,156026.34,0.09860373866711371,383.47100830078125,0.26652100999854156,583
thr_tarsus,random_pc_ridge,13,Vikna,6,1300020,4000,4000,3500,3500,156026.34,0.06483291886362699,384.0903015136719,0.26603155200064066,583
thr_tarsus,random_pc_ridge,13,Vikna,7,1300021,4000,4000,3500,3500,156026.34,0.1025390123321415,384.1050109863281,0.26691694400142296,583
thr_tarsus,random_pc_ridge,13,Vikna,8,1300022,4000,4000,3500,3500,156026.34,0.11796702440421553,384.0845947265625,0.2611620240022603,583
thr_tarsus,random_pc_ridge,13,Vikna,9,1300023,4000,4000,3500,3500,156026.34,0.1331285270198935,383.9940185546875,0.26741127999775927,583
thr_tarsus,random_pc_ridge,13,Vikna,0,343987298,4500,4500,3500,3500,156026.34,0.10466220971891015,383.0896911621094,0.2846715679988847,583
thr_tarsus,random_pc_ridge,13,Vikna,1,881208126,4500,4500,3500,3500,156026.34,0.14053099981969533,383.42034912109375,0.2817363499998464,583
thr_tarsus,random_pc_ridge,13,Vikna,2,1075204606,4500,4500,3500,3500,156026.34,0.12475761194195119,384.0937194824219,0.2844756619997497,583
thr_tarsus,random_pc_ridge,13,Vikna,3,378460770,4500,4500,3500,3500,156026.34,0.10251838707337037,384.0289611816406,0.2868237099974067,583
thr_tarsus,random_pc_ridge,13,Vikna,4,1932616507,4500,4500,3500,3500,156026.34,0.06079169347094787,383.793701171875,0.28832773300018744,583
thr_tarsus,random_pc_ridge,13,Vikna,5,1300019,4500,4500,3500,3500,156026.34,0.10787988763431063,383.7528381347656,0.28892691200235276,583
thr_tarsus,random_pc_ridge,13,Vikna,6,1300020,4500,4500,3500,3500,156026.34,0.08994648706119332,384.001708984375,0.28617913499692804,583
thr_tarsus,random_pc_ridge,13,Vikna,7,1300021,4500,4500,3500,3500,156026.34,0.1125218464340197,383.951416015625,0.2853011039987905,583
thr_tarsus,random_pc_ridge,13,Vikna,8,1300022,4500,4500,3500,3500,156026.34,0.08159583922272955,383.771240234375,0.2896986129999277,583
thr_tarsus,random_pc_ridge,13,Vikna,9,1300023,4500,4500,3500,3500,156026.34,0.1281594746121659,383.6343688964844,0.2905755669999053,583
thr_tarsus,random_pc_ridge,14,Lauvøya,0,1319110456,500,500,3500,3500,156026.34,0.08096201216820342,373.2826232910156,0.019397896001464687,688
thr_tarsus,random_pc_ridge,14,Lauvøya,1,1995458380,500,500,3500,3500,156026.34,0.054557177181510444,375.7410888671875,0.03179216600256041,688
thr_tarsus,random_pc_ridge,14,Lauvøya,2,875031619,500,500,3500,3500,156026.34,0.10463862660467933,375.9501647949219,0.03185339400079101,688
thr_tarsus,random_pc_ridge,14,Lauvøya,3,1340497558,500,500,3500,3500,156026.34,0.05333379233122776,373.5852966308594,0.03208209099830128,688
thr_tarsus,random_pc_ridge,14,Lauvøya,4,130234660,500,500,3500,3500,156026.34,0.057681037905076046,376.5353698730469,0.03210695799862151,688
thr_tarsus,random_pc_ridge,14,Lauvøya,5,1400019,500,500,3500,3500,156026.34,0.09538649357431499,375.1187438964844,0.03206695600238163,688
thr_tarsus,random_pc_ridge,14,Lauvøya,6,1400020,500,500,3500,3500,156026.34,0.15220907934703265,374.93389892578125,0.03204684299998917,688
thr_tarsus,random_pc_ridge,14,Lauvøya,7,1400021,500,500,3500,3500,156026.34,0.10743530358325663,374.3702697753906,0.032107084000017494,688
thr_tarsus,random_pc_ridge,14,Lauvøya,8,1400022,500,500,3500,3500,156026.34,0.0027730255166975607,371.9752197265625,0.032195371997659095,688
thr_tarsus,random_pc_ridge,14,Lauvøya,9,1400023,500,500,3500,3500,156026.34,0.11059769816973061,374.4066162109375,0.03215933400133508,688
thr_tarsus,random_pc_ridge,14,Lauvøya,0,1319110456,1000,1000,3500,3500,156026.34,0.08076563915951417,374.5397033691406,0.0504385709973576,688
thr_tarsus,random_pc_ridge,14,Lauvøya,1,1995458380,1000,1000,3500,3500,156026.34,0.1545570285902176,374.7003479003906,0.04903380099858623,688
thr_tarsus,random_pc_ridge,14,Lauvøya,2,875031619,1000,1000,3500,3500,156026.34,0.09580203021833546,373.9776611328125,0.04972441300196806,688
thr_tarsus,random_pc_ridge,14,Lauvøya,3,1340497558,1000,1000,3500,3500,156026.34,0.1125068936245162,376.39031982421875,0.062358609997318126,688
thr_tarsus,random_pc_ridge,14,Lauvøya,4,130234660,1000,1000,3500,3500,156026.34,0.1296315628021616,374.36578369140625,0.04734408000149415,688
thr_tarsus,random_pc_ridge,14,Lauvøya,5,1400019,1000,1000,3500,3500,156026.34,0.12390451902442828,374.34820556640625,0.04788933400050155,688
thr_tarsus,random_pc_ridge,14,Lauvøya,6,1400020,1000,1000,3500,3500,156026.34,0.0860868372981573,373.80224609375,0.030216695999115473,688
thr_tarsus,random_pc_ridge,14,Lauvøya,7,1400021,1000,1000,3500,3500,156026.34,0.10013904500261989,372.4333190917969,0.030347513002197957,688
thr_tarsus,random_pc_ridge,14,Lauvøya,8,1400022,1000,1000,3500,3500,156026.34,0.1643716236343615,374.7921447753906,0.049546879999979865,688
thr_tarsus,random_pc_ridge,14,Lauvøya,9,1400023,1000,1000,3500,3500,156026.34,0.13891648817731483,374.044921875,0.04939465400093468,688
thr_tarsus,random_pc_ridge,14,Lauvøya,0,1319110456,1500,1500,3500,3500,156026.34,0.14871709007306436,373.1546936035156,0.0959939280000981,688
thr_tarsus,random_pc_ridge,14,Lauvøya,1,1995458380,1500,1500,3500,3500,156026.34,0.16227487544819785,374.6929931640625,0.10690687900205376,688
thr_tarsus,random_pc_ridge,14,Lauvøya,2,875031619,1500,1500,3500,3500,156026.34,0.05463852780981788,374.8321228027344,0.08418852700197021,688
thr_tarsus,random_pc_ridge,14,Lauvøya,3,1340497558,1500,1500,3500,3500,156026.34,0.15737752723587473,375.5342102050781,0.06641901400143979,688
thr_tarsus,random_pc_ridge,14,Lauvøya,4,130234660,1500,1500,3500,3500,156026.34,0.16564499241674965,375.5537109375,0.1641449829985504,688
thr_tarsus,random_pc_ridge,14,Lauvøya,5,1400019,1500,1500,3500,3500,156026.34,0.13347203568602622,374.56854248046875,0.08038832099919091,688
thr_tarsus,random_pc_ridge,14,Lauvøya,6,1400020,1500,1500,3500,3500,156026.34,0.12855119828090636,374.8206787109375,0.06658213199989405,688
thr_tarsus,random_pc_ridge,14,Lauvøya,7,1400021,1500,1500,3500,3500,156026.34,0.07816842077024712,373.88629150390625,0.07818895899981726,688
thr_tarsus,random_pc_ridge,14,Lauvøya,8,1400022,1500,1500,3500,3500,156026.34,0.10829225712723149,374.5419616699219,0.06397986600131844,688
thr_tarsus,random_pc_ridge,14,Lauvøya,9,1400023,1500,1500,3500,3500,156026.34,0.14277695863146392,374.6859130859375,0.06568750800215639,688
thr_tarsus,random_pc_ridge,14,Lauvøya,0,1319110456,2000,2000,3500,3500,156026.34,0.10690723938221323,373.9503479003906,0.11732611700062989,688
thr_tarsus,random_pc_ridge,14,Lauvøya,1,1995458380,2000,2000,3500,3500,156026.34,0.1511420453176803,373.991455078125,0.13927276300091762,688
thr_tarsus,random_pc_ridge,14,Lauvøya,2,875031619,2000,2000,3500,3500,156026.34,0.11313123082077162,375.0759582519531,0.1275028359996213,688
thr_tarsus,random_pc_ridge,14,Lauvøya,3,1340497558,2000,2000,3500,3500,156026.34,0.11468367266917151,374.9066467285156,0.11891472800198244,688
thr_tarsus,random_pc_ridge,14,Lauvøya,4,130234660,2000,2000,3500,3500,156026.34,0.10892214343348415,375.968017578125,0.12830956499965396,688
thr_tarsus,random_pc_ridge,14,Lauvøya,5,1400019,2000,2000,3500,3500,156026.34,0.12558486144011444,374.4126281738281,0.15815409399874625,688
thr_tarsus,random_pc_ridge,14,Lauvøya,6,1400020,2000,2000,3500,3500,156026.34,0.15365547438764865,373.61865234375,0.11641384500035201,688
thr_tarsus,random_pc_ridge,14,Lauvøya,7,1400021,2000,2000,3500,3500,156026.34,0.11276105006441664,372.9111633300781,0.1133511610023561,688
thr_tarsus,random_pc_ridge,14,Lauvøya,8,1400022,2000,2000,3500,3500,156026.34,0.11332121122374268,373.692138671875,0.11071026900026482,688
thr_tarsus,random_pc_ridge,14,Lauvøya,9,1400023,2000,2000,3500,3500,156026.34,0.1577745706945821,373.2718811035156,0.13925721899795462,688
thr_tarsus,random_pc_ridge,14,Lauvøya,0,1319110456,2500,2500,3500,3500,156026.34,0.1969763481457745,374.22998046875,0.14373765300115338,688
thr_tarsus,random_pc_ridge,14,Lauvøya,1,1995458380,2500,2500,3500,3500,156026.34,0.12164094883239585,374.9888000488281,0.14365288699991652,688
thr_tarsus,random_pc_ridge,14,Lauvøya,2,875031619,2500,2500,3500,3500,156026.34,0.13882523926693624,374.2388610839844,0.14211539199823164,688
thr_tarsus,random_pc_ridge,14,Lauvøya,3,1340497558,2500,2500,3500,3500,156026.34,0.1621071538706274,374.38641357421875,0.13984043099844712,688
thr_tarsus,random_pc_ridge,14,Lauvøya,4,130234660,2500,2500,3500,3500,156026.34,0.14826489633018625,374.3113098144531,0.13898077600242686,688
thr_tarsus,random_pc_ridge,14,Lauvøya,5,1400019,2500,2500,3500,3500,156026.34,0.1595387354995953,374.1962585449219,0.15385559200149146,688
thr_tarsus,random_pc_ridge,14,Lauvøya,6,1400020,2500,2500,3500,3500,156026.34,0.1200995253766309,375.049560546875,0.14515205100178719,688
thr_tarsus,random_pc_ridge,14,Lauvøya,7,1400021,2500,2500,3500,3500,156026.34,0.12398844978526981,374.6370849609375,0.1394623970008979,688
thr_tarsus,random_pc_ridge,14,Lauvøya,8,1400022,2500,2500,3500,3500,156026.34,0.1618121119091768,374.0634765625,0.13799795399972936,688
thr_tarsus,random_pc_ridge,14,Lauvøya,9,1400023,2500,2500,3500,3500,156026.34,0.17052246419835002,374.1331481933594,0.14138163600000553,688
thr_tarsus,random_pc_ridge,14,Lauvøya,0,1319110456,3000,3000,3500,3500,156026.34,0.1490684770975919,374.65557861328125,0.2025645279973105,688
thr_tarsus,random_pc_ridge,14,Lauvøya,1,1995458380,3000,3000,3500,3500,156026.34,0.14380180056912986,375.0621032714844,0.22753207699861377,688
thr_tarsus,random_pc_ridge,14,Lauvøya,2,875031619,3000,3000,3500,3500,156026.34,0.14016603389295268,373.9007873535156,0.19465172899799654,688
thr_tarsus,random_pc_ridge,14,Lauvøya,3,1340497558,3000,3000,3500,3500,156026.34,0.17173057814302636,374.64208984375,0.19125211500067962,688
thr_tarsus,random_pc_ridge,14,Lauvøya,4,130234660,3000,3000,3500,3500,156026.34,0.1283385368773892,374.0554504394531,0.19216315499943448,688
thr_tarsus,random_pc_ridge,14,Lauvøya,5,1400019,3000,3000,3500,3500,156026.34,0.1517649509911911,374.4853515625,0.18910303699885844,688
thr_tarsus,random_pc_ridge,14,Lauvøya,6,1400020,3000,3000,3500,3500,156026.34,0.1537664157601904,373.7854309082031,0.1826296050021483,688
thr_tarsus,random_pc_ridge,14,Lauvøya,7,1400021,3000,3000,3500,3500,156026.34,0.13169142007734722,374.3648681640625,0.2031805569968128,688
thr_tarsus,random_pc_ridge,14,Lauvøya,8,1400022,3000,3000,3500,3500,156026.34,0.15403873985565422,374.1418151855469,0.19330576699940138,688
thr_tarsus,random_pc_ridge,14,Lauvøya,9,1400023,3000,3000,3500,3500,156026.34,0.1375915725403283,373.7433776855469,0.19835687199883978,688
thr_tarsus,random_pc_ridge,14,Lauvøya,0,1319110456,3500,3500,3500,3500,156026.34,0.12950011394474512,374.9291076660156,0.26745045200004824,688
thr_tarsus,random_pc_ridge,14,Lauvøya,1,1995458380,3500,3500,3500,3500,156026.34,0.1598559239787817,375.23602294921875,0.250957518001087,688
thr_tarsus,random_pc_ridge,14,Lauvøya,2,875031619,3500,3500,3500,3500,156026.34,0.14024556986651995,375.1384582519531,0.2575776470002893,688
thr_tarsus,random_pc_ridge,14,Lauvøya,3,1340497558,3500,3500,3500,3500,156026.34,0.14590689006600824,374.2396545410156,0.25157368399959523,688
thr_tarsus,random_pc_ridge,14,Lauvøya,4,130234660,3500,3500,3500,3500,156026.34,0.15994721568934997,375.3788757324219,0.28015083400168805,688
thr_tarsus,random_pc_ridge,14,Lauvøya,5,1400019,3500,3500,3500,3500,156026.34,0.14931660433749297,374.7471923828125,0.25745727100002114,688
thr_tarsus,random_pc_ridge,14,Lauvøya,6,1400020,3500,3500,3500,3500,156026.34,0.14611826977656936,373.9153747558594,0.2644833889971778,688
thr_tarsus,random_pc_ridge,14,Lauvøya,7,1400021,3500,3500,3500,3500,156026.34,0.1281462326784434,374.98455810546875,0.2477552909986116,688
thr_tarsus,random_pc_ridge,14,Lauvøya,8,1400022,3500,3500,3500,3500,156026.34,0.14670329955345832,374.5976867675781,0.25771286899907864,688
thr_tarsus,random_pc_ridge,14,Lauvøya,9,1400023,3500,3500,3500,3500,156026.34,0.16963847678532132,374.9852294921875,0.25824872000157484,688
thr_tarsus,random_pc_ridge,14,Lauvøya,0,1319110456,4000,4000,3500,3500,156026.34,0.1496474990433175,374.6028747558594,0.2565962219996436,688
thr_tarsus,random_pc_ridge,14,Lauvøya,1,1995458380,4000,4000,3500,3500,156026.34,0.17113832409471771,374.47998046875,0.26184091299728607,688
thr_tarsus,random_pc_ridge,14,Lauvøya,2,875031619,4000,4000,3500,3500,156026.34,0.16285184807073597,374.8733215332031,0.26920520900239353,688
thr_tarsus,random_pc_ridge,14,Lauvøya,3,1340497558,4000,4000,3500,3500,156026.34,0.12367610260548041,375.15625,0.2680721190008626,688
thr_tarsus,random_pc_ridge,14,Lauvøya,4,130234660,4000,4000,3500,3500,156026.34,0.1526696011177763,374.7933044433594,0.2735211420003907,688
thr_tarsus,random_pc_ridge,14,Lauvøya,5,1400019,4000,4000,3500,3500,156026.34,0.15408733366218147,374.2740478515625,0.26925895100066555,688
thr_tarsus,random_pc_ridge,14,Lauvøya,6,1400020,4000,4000,3500,3500,156026.34,0.14992687768952867,375.04638671875,0.27159671600020374,688
thr_tarsus,random_pc_ridge,14,Lauvøya,7,1400021,4000,4000,3500,3500,156026.34,0.14169654103801707,375.00714111328125,0.2696786800006521,688
thr_tarsus,random_pc_ridge,14,Lauvøya,8,1400022,4000,4000,3500,3500,156026.34,0.1425373593527393,374.4125671386719,0.2622599579990492,688
thr_tarsus,random_pc_ridge,14,Lauvøya,9,1400023,4000,4000,3500,3500,156026.34,0.14342623745833355,374.4953308105469,0.2641750119983044,688
thr_tarsus,random_pc_ridge,14,Lauvøya,0,1319110456,4500,4500,3500,3500,156026.34,0.16219084480038573,374.1792297363281,0.28455497700269916,688
thr_tarsus,random_pc_ridge,14,Lauvøya,1,1995458380,4500,4500,3500,3500,156026.34,0.14206356173710669,374.7558898925781,0.28130649000013364,688
thr_tarsus,random_pc_ridge,14,Lauvøya,2,875031619,4500,4500,3500,3500,156026.34,0.1582799974518555,374.3431701660156,0.28470049499810557,688
thr_tarsus,random_pc_ridge,14,Lauvøya,3,1340497558,4500,4500,3500,3500,156026.34,0.16203271443552425,374.9340515136719,0.28552998599843704,688
thr_tarsus,random_pc_ridge,14,Lauvøya,4,130234660,4500,4500,3500,3500,156026.34,0.1579533885724765,374.504638671875,0.28382301199962967,688
thr_tarsus,random_pc_ridge,14,Lauvøya,5,1400019,4500,4500,3500,3500,156026.34,0.15120558703675005,374.6242370605469,0.28564151599857723,688
thr_tarsus,random_pc_ridge,14,Lauvøya,6,1400020,4500,4500,3500,3500,156026.34,0.15168542033829616,374.6737365722656,0.28865281400067033,688
thr_tarsus,random_pc_ridge,14,Lauvøya,7,1400021,4500,4500,3500,3500,156026.34,0.16333598511511815,374.74774169921875,0.2842984429989883,688
thr_tarsus,random_pc_ridge,14,Lauvøya,8,1400022,4500,4500,3500,3500,156026.34,0.15973070198746891,374.58477783203125,0.2856795680017967,688
thr_tarsus,random_pc_ridge,14,Lauvøya,9,1400023,4500,4500,3500,3500,156026.34,0.165438872887602,374.6789245605469,0.2843653900017671,688
