target_island,target_island_name,repeat,split_seed,player_index,source_pool_index,source_id,source_island,source_island_name,phi,rank_phi,v_full,n_permutations,n_evals
0,Nesøy,5,5014,791,791,8M31634,4,Gjerøy,0.0064062158062816255,1,0.2086613123807251,300,170
0,Nesøy,5,5014,238,238,8L48651,5,Hestmannøy,0.0059372935983446635,2,0.2086613123807251,300,166
0,Nesøy,5,5014,1019,1019,8M71531,4,Gjerøy,0.005706571898960636,3,0.2086613123807251,300,173
0,Nesøy,5,5014,945,945,8M71310,5,Hestmannøy,0.005706057335455786,4,0.2086613123807251,300,172
0,Nesøy,5,5014,1436,1436,8N05423,4,Gjerøy,0.003730672266611505,5,0.2086613123807251,300,159
0,Nesøy,5,5014,730,730,8M31317,4,Gjerøy,0.00336669396694595,6,0.2086613123807251,300,147
0,Nesøy,5,5014,3212,3212,8N73533,5,Hestmannøy,0.0031514261362171727,7,0.2086613123807251,300,160
0,Nesøy,5,5014,1653,1653,8N06359,5,Hestmannøy,0.00314528015944199,8,0.2086613123807251,300,152
0,Nesøy,5,5014,1651,1651,8N06311,5,Hestmannøy,0.0029465317430589846,9,0.2086613123807251,300,162
0,Nesøy,5,5014,1037,1037,8M71831,4,Gjerøy,0.002883014844385807,10,0.2086613123807251,300,157
0,Nesøy,5,5014,869,869,8M31995,1,Myken,0.0027095019147930256,11,0.2086613123807251,300,150
0,Nesøy,5,5014,640,640,8L89663,4,Gjerøy,0.002254824292530947,12,0.2086613123807251,300,149
0,Nesøy,5,5014,2768,2768,8N42679,5,Hestmannøy,0.0021304154502519742,13,0.2086613123807251,300,155
0,Nesøy,5,5014,5488,5488,8981274,5,Hestmannøy,0.002102155755656369,14,0.2086613123807251,300,160
0,Nesøy,5,5014,919,919,8M71254,5,Hestmannøy,0.0019072750802642665,15,0.2086613123807251,300,160
0,Nesøy,5,5014,885,885,8M71098,5,Hestmannøy,0.0018715131474065208,16,0.2086613123807251,300,144
0,Nesøy,5,5014,3015,3015,8N73057,4,Gjerøy,0.0018230370107013808,17,0.2086613123807251,300,163
0,Nesøy,5,5014,4692,4692,8747636,4,Gjerøy,0.001776586353772025,18,0.2086613123807251,300,154
0,Nesøy,5,5014,883,883,8M71092,5,Hestmannøy,0.0016946080674225831,19,0.2086613123807251,300,164
0,Nesøy,5,5014,2465,2465,8N27415,5,Hestmannøy,0.00163104145837461,20,0.2086613123807251,300,158
0,Nesøy,5,5014,4721,4721,8747741,6,Indre Kvarøy,0.001599319506889329,21,0.2086613123807251,300,153
0,Nesøy,5,5014,5316,5316,8939534,5,Hestmannøy,0.001590044077056164,22,0.2086613123807251,300,167
0,Nesøy,5,5014,4631,4631,8747224,5,Hestmannøy,0.0015791034291567823,23,0.2086613123807251,300,162
0,Nesøy,5,5014,5462,5462,8981156,12,Vega,0.0015122780260972471,24,0.2086613123807251,300,157
0,Nesøy,5,5014,2606,2606,8N28682,5,Hestmannøy,0.0015114768461830846,25,0.2086613123807251,300,163
0,Nesøy,5,5014,4183,4183,8168638,5,Hestmannøy,0.0015050348670123212,26,0.2086613123807251,300,160
0,Nesøy,5,5014,3908,3908,8P11750,7,Onøy og Lurøy,0.0014986786534278184,27,0.2086613123807251,300,159
0,Nesøy,5,5014,4306,4306,8651799,2,Træna,0.0014721703983838904,28,0.2086613123807251,300,160
0,Nesøy,5,5014,4838,4838,8800330,7,Onøy og Lurøy,0.0014221433110927326,29,0.2086613123807251,300,147
0,Nesøy,5,5014,2081,2081,8N14115,5,Hestmannøy,0.0014054490842811225,30,0.2086613123807251,300,160
0,Nesøy,5,5014,2490,2490,8N27813,1,Myken,0.0013616866799696832,31,0.2086613123807251,300,159
0,Nesøy,5,5014,2509,2509,8N27902,1,Myken,0.0013297592367972988,32,0.2086613123807251,300,157
0,Nesøy,5,5014,483,483,8L64399,2,Træna,0.001274940230327194,33,0.2086613123807251,300,150
0,Nesøy,5,5014,118,118,8L30591,5,Hestmannøy,0.0012664947629654735,34,0.2086613123807251,300,157
0,Nesøy,5,5014,690,690,8M31109,12,Vega,0.001250260748464933,35,0.2086613123807251,300,155
0,Nesøy,5,5014,4626,4626,8747260,6,Indre Kvarøy,0.0012428872141526707,36,0.2086613123807251,300,150
0,Nesøy,5,5014,4465,4465,8730497,4,Gjerøy,0.0012212894708780975,37,0.2086613123807251,300,140
0,Nesøy,5,5014,4878,4878,8800497,4,Gjerøy,0.001210454675424588,38,0.2086613123807251,300,154
0,Nesøy,5,5014,835,835,8M31839,1,Myken,0.001189312750281505,39,0.2086613123807251,300,153
0,Nesøy,5,5014,1570,1570,8N05724,3,Selvær,0.001182861186192406,40,0.2086613123807251,300,163
0,Nesøy,5,5014,372,372,8L52588,7,Onøy og Lurøy,0.0011637462856340366,41,0.2086613123807251,300,158
0,Nesøy,5,5014,4384,4384,8681200,4,Gjerøy,0.001159435397852032,42,0.2086613123807251,300,159
0,Nesøy,5,5014,2745,2745,8N42523,5,Hestmannøy,0.0011387801152312927,43,0.2086613123807251,300,159
0,Nesøy,5,5014,5499,5499,8981296,5,Hestmannøy,0.0011270696825109172,44,0.2086613123807251,300,160
0,Nesøy,5,5014,868,868,8M31993,1,Myken,0.001118249190943657,45,0.2086613123807251,300,152
0,Nesøy,5,5014,2434,2434,8N27307,5,Hestmannøy,0.001104561865464205,46,0.2086613123807251,300,161
0,Nesøy,5,5014,4228,4228,8309260,5,Hestmannøy,0.0011043867011064517,47,0.2086613123807251,300,159
0,Nesøy,5,5014,4305,4305,8651795,2,Træna,0.0011017929300689777,48,0.2086613123807251,300,146
0,Nesøy,5,5014,103,103,8L30396,2,Træna,0.0010967234573114838,49,0.2086613123807251,300,162
0,Nesøy,5,5014,2736,2736,8N42510,5,Hestmannøy,0.0010963660856483952,50,0.2086613123807251,300,160
0,Nesøy,5,5014,3383,3383,8N73949,12,Vega,0.0010912461844708584,51,0.2086613123807251,300,167
0,Nesøy,5,5014,4377,4377,8681069,9,Sleneset,0.0010886361488835286,52,0.2086613123807251,300,153
0,Nesøy,5,5014,5415,5415,8943515,11,Leka,0.0010661577668411681,53,0.2086613123807251,300,151
0,Nesøy,5,5014,5573,5573,8981962,2,Træna,0.0010409952646553621,54,0.2086613123807251,300,172
0,Nesøy,5,5014,2781,2781,8N42715,4,Gjerøy,0.0010354522023191847,55,0.2086613123807251,300,166
0,Nesøy,5,5014,5349,5349,8939762,5,Hestmannøy,0.001034527397500363,56,0.2086613123807251,300,169
0,Nesøy,5,5014,4708,4708,8747725,5,Hestmannøy,0.0010329704424044015,57,0.2086613123807251,300,157
0,Nesøy,5,5014,521,521,8L64902,5,Hestmannøy,0.0010263274977467848,58,0.2086613123807251,300,153
0,Nesøy,5,5014,4441,4441,8730417,4,Gjerøy,0.00102000936831005,59,0.2086613123807251,300,152
0,Nesøy,5,5014,93,93,8L30298,5,Hestmannøy,0.001018460357056093,60,0.2086613123807251,300,153
0,Nesøy,5,5014,2428,2428,8N27250,1,Myken,0.0010159953874539832,61,0.2086613123807251,300,155
0,Nesøy,5,5014,3300,3300,8N73681,13,Vikna,0.0010116142929932992,62,0.2086613123807251,300,175
0,Nesøy,5,5014,2535,2535,8N28005,2,Træna,0.0009992992557238368,63,0.2086613123807251,300,155
0,Nesøy,5,5014,4414,4414,8681371,5,Hestmannøy,0.0009991378078921126,64,0.2086613123807251,300,156
0,Nesøy,5,5014,4373,4373,8681098,6,Indre Kvarøy,0.0009910990823356457,65,0.2086613123807251,300,163
0,Nesøy,5,5014,4026,4026,8P14826,4,Gjerøy,0.0009780083396978712,66,0.2086613123807251,300,156
0,Nesøy,5,5014,2020,2020,8N13927,5,Hestmannøy,0.0009742864605670287,67,0.2086613123807251,300,161
0,Nesøy,5,5014,1842,1842,8N06930,4,Gjerøy,0.0009717808038446009,68,0.2086613123807251,300,158
0,Nesøy,5,5014,39,39,8L19921,5,Hestmannøy,0.0009602844045032747,69,0.2086613123807251,300,163
0,Nesøy,5,5014,2815,2815,8N42988,14,Lauvøya,0.0009578695197650419,70,0.2086613123807251,300,157
0,Nesøy,5,5014,473,473,8L64283,5,Hestmannøy,0.0009390443380530195,71,0.2086613123807251,300,150
0,Nesøy,5,5014,4248,4248,8573156,4,Gjerøy,0.0009344334112619137,72,0.2086613123807251,300,153
0,Nesøy,5,5014,4267,4267,8573989,3,Selvær,0.0009319639382326417,73,0.2086613123807251,300,163
0,Nesøy,5,5014,4412,4412,8681361,4,Gjerøy,0.0009099568746810253,74,0.2086613123807251,300,159
0,Nesøy,5,5014,4713,4713,8747732,7,Onøy og Lurøy,0.0009046722355401044,75,0.2086613123807251,300,154
0,Nesøy,5,5014,839,839,8M31869,5,Hestmannøy,0.0009007087090903297,76,0.2086613123807251,300,154
0,Nesøy,5,5014,2857,2857,8N72394,6,Indre Kvarøy,0.0008970829352162892,77,0.2086613123807251,300,144
0,Nesøy,5,5014,4154,4154,8P26700,7,Onøy og Lurøy,0.0008943914290925156,78,0.2086613123807251,300,158
0,Nesøy,5,5014,5192,5192,8934404,8,Lovund,0.0008887313240518922,79,0.2086613123807251,300,168
0,Nesøy,5,5014,2648,2648,8N28799,1,Myken,0.0008873004445396954,80,0.2086613123807251,300,155
0,Nesøy,5,5014,983,983,8M71442,12,Vega,0.0008806211084584494,81,0.2086613123807251,300,159
0,Nesøy,5,5014,4224,4224,8309251,5,Hestmannøy,0.0008727311043981393,82,0.2086613123807251,300,146
0,Nesøy,5,5014,4134,4134,8P26524,9,Sleneset,0.0008723762335062127,83,0.2086613123807251,300,154
0,Nesøy,5,5014,275,275,8L49974,5,Hestmannøy,0.0008669617442193628,84,0.2086613123807251,300,155
0,Nesøy,5,5014,4277,4277,8598790,3,Selvær,0.0008631679928266696,85,0.2086613123807251,300,151
0,Nesøy,5,5014,0,0,8L19505,3,Selvær,0.0008602733194547305,86,0.2086613123807251,300,156
0,Nesøy,5,5014,4231,4231,8309267,5,Hestmannøy,0.0008577990362567772,87,0.2086613123807251,300,162
0,Nesøy,5,5014,1540,1540,8N05682,14,Lauvøya,0.0008535497060349127,88,0.2086613123807251,300,153
0,Nesøy,5,5014,4759,4759,8747948,4,Gjerøy,0.0008404415985689014,89,0.2086613123807251,300,158
0,Nesøy,5,5014,924,924,8M71269,5,Hestmannøy,0.0008391017337113645,90,0.2086613123807251,300,146
0,Nesøy,5,5014,4603,4603,8747114,6,Indre Kvarøy,0.0008356591572817897,91,0.2086613123807251,300,158
0,Nesøy,5,5014,470,470,8L64272,5,Hestmannøy,0.0008353387432098569,92,0.2086613123807251,300,154
0,Nesøy,5,5014,4489,4489,8730927,3,Selvær,0.0008299517286568333,93,0.2086613123807251,300,163
0,Nesøy,5,5014,282,282,8L52207,9,Sleneset,0.0008270059436461122,94,0.2086613123807251,300,163
0,Nesøy,5,5014,761,761,8M31497,4,Gjerøy,0.0008166270781989443,95,0.2086613123807251,300,158
0,Nesøy,5,5014,410,410,8L57758,2,Træna,0.0008070461942670252,96,0.2086613123807251,300,154
0,Nesøy,5,5014,4968,4968,8857269,1,Myken,0.0008055618345082109,97,0.2086613123807251,300,158
0,Nesøy,5,5014,4310,4310,8651870,5,Hestmannøy,0.000791761214287729,98,0.2086613123807251,300,172
0,Nesøy,5,5014,4138,4138,8P26528,9,Sleneset,0.0007903166650258472,99,0.2086613123807251,300,174
0,Nesøy,5,5014,427,427,8L57918,2,Træna,0.0007886510557506954,100,0.2086613123807251,300,157
0,Nesøy,5,5014,5317,5317,8939535,5,Hestmannøy,0.000777842732859717,101,0.2086613123807251,300,159
0,Nesøy,5,5014,4467,4467,8730503,5,Hestmannøy,0.000773316168290078,102,0.2086613123807251,300,153
0,Nesøy,5,5014,4029,4029,8P14835,4,Gjerøy,0.000772915348383976,103,0.2086613123807251,300,145
0,Nesøy,5,5014,2475,2475,8N27558,5,Hestmannøy,0.0007711114479661929,104,0.2086613123807251,300,161
0,Nesøy,5,5014,4971,4971,8857276,10,Aldra,0.0007699940043616655,105,0.2086613123807251,300,167
0,Nesøy,5,5014,4238,4238,8309287,5,Hestmannøy,0.0007655876386641609,106,0.2086613123807251,300,156
0,Nesøy,5,5014,2554,2554,8N28190,6,Indre Kvarøy,0.0007627024157164277,107,0.2086613123807251,300,153
0,Nesøy,5,5014,279,279,8L52204,8,Lovund,0.0007593586461736024,108,0.2086613123807251,300,166
0,Nesøy,5,5014,2602,2602,8N28644,8,Lovund,0.0007579645959020704,109,0.2086613123807251,300,168
0,Nesøy,5,5014,4849,4849,8800356,5,Hestmannøy,0.0007495041847202039,110,0.2086613123807251,300,157
0,Nesøy,5,5014,1048,1048,8M72013,3,Selvær,0.0007477802471766745,111,0.2086613123807251,300,149
0,Nesøy,5,5014,106,106,8L30445,4,Gjerøy,0.0007474414907806008,112,0.2086613123807251,300,164
0,Nesøy,5,5014,4120,4120,8P14998,14,Lauvøya,0.0007458097096026576,113,0.2086613123807251,300,151
0,Nesøy,5,5014,5103,5103,8917801,2,Træna,0.0007446788625300175,114,0.2086613123807251,300,152
0,Nesøy,5,5014,1165,1165,8M72752,1,Myken,0.0007444696009999184,115,0.2086613123807251,300,165
0,Nesøy,5,5014,486,486,8M71332,12,Vega,0.0007435076843739851,116,0.2086613123807251,300,165
0,Nesøy,5,5014,4819,4819,8800151,9,Sleneset,0.0007429187291342481,117,0.2086613123807251,300,159
0,Nesøy,5,5014,2891,2891,8N72663,5,Hestmannøy,0.0007426641331202475,118,0.2086613123807251,300,155
0,Nesøy,5,5014,4286,4286,8651543,4,Gjerøy,0.0007383828772416018,119,0.2086613123807251,300,163
0,Nesøy,5,5014,5402,5402,8943429,2,Træna,0.0007349781919623248,120,0.2086613123807251,300,159
0,Nesøy,5,5014,632,632,8L89641,4,Gjerøy,0.0007278923397302691,121,0.2086613123807251,300,156
0,Nesøy,5,5014,830,830,8M31824,12,Vega,0.0007258720336693916,122,0.2086613123807251,300,159
0,Nesøy,5,5014,107,107,8L30446,4,Gjerøy,0.0007244943174455579,123,0.2086613123807251,300,148
0,Nesøy,5,5014,870,870,8M31997,1,Myken,0.0007223879800134144,124,0.2086613123807251,300,151
0,Nesøy,5,5014,2504,2504,8N27886,2,Træna,0.000721246869555839,125,0.2086613123807251,300,158
0,Nesøy,5,5014,3416,3416,8N73982,12,Vega,0.0007185734732986659,126,0.2086613123807251,300,156
0,Nesøy,5,5014,4778,4778,8794346,9,Sleneset,0.0007121509874940206,127,0.2086613123807251,300,160
0,Nesøy,5,5014,5233,5233,8934883,3,Selvær,0.0007091420773606484,128,0.2086613123807251,300,158
0,Nesøy,5,5014,901,901,8M71157,13,Vikna,0.0007089918346505621,129,0.2086613123807251,300,160
0,Nesøy,5,5014,2522,2522,8N27934,5,Hestmannøy,0.0006971223014772124,130,0.2086613123807251,300,149
0,Nesøy,5,5014,5302,5302,8939379,7,Onøy og Lurøy,0.0006922387433939704,131,0.2086613123807251,300,157
0,Nesøy,5,5014,3951,3951,8P14126,7,Onøy og Lurøy,0.000691063034953396,132,0.2086613123807251,300,161
0,Nesøy,5,5014,4779,4779,8794352,1,Myken,0.0006901018549323276,133,0.2086613123807251,300,153
0,Nesøy,5,5014,575,575,8L89376,5,Hestmannøy,0.0006867946132912255,134,0.2086613123807251,300,149
0,Nesøy,5,5014,2679,2679,8N42033,8,Lovund,0.0006858190262986269,135,0.2086613123807251,300,158
0,Nesøy,5,5014,1586,1586,8N05831,4,Gjerøy,0.0006857067754382323,136,0.2086613123807251,300,166
0,Nesøy,5,5014,4553,4553,8732610,9,Sleneset,0.0006852932732909538,137,0.2086613123807251,300,166
0,Nesøy,5,5014,2664,2664,8N28864,4,Gjerøy,0.0006832332943588214,138,0.2086613123807251,300,157
0,Nesøy,5,5014,1325,1325,8N05202,12,Vega,0.0006820789263122572,139,0.2086613123807251,300,163
0,Nesøy,5,5014,2692,2692,8N42143,2,Træna,0.0006796024188847167,140,0.2086613123807251,300,151
0,Nesøy,5,5014,1433,1433,8N05365,8,Lovund,0.0006781286082355423,141,0.2086613123807251,300,152
0,Nesøy,5,5014,74,74,8L26587,5,Hestmannøy,0.0006776138221649636,142,0.2086613123807251,300,150
0,Nesøy,5,5014,2449,2449,8N27356,5,Hestmannøy,0.0006732897816775037,143,0.2086613123807251,300,165
0,Nesøy,5,5014,4722,4722,8747742,9,Sleneset,0.0006732342761186913,144,0.2086613123807251,300,157
0,Nesøy,5,5014,2786,2786,8N42729,5,Hestmannøy,0.0006724875585799408,145,0.2086613123807251,300,157
0,Nesøy,5,5014,1440,1440,8N05444,6,Indre Kvarøy,0.0006717617976333847,146,0.2086613123807251,300,150
0,Nesøy,5,5014,4881,4881,8800519,5,Hestmannøy,0.0006693208341072509,147,0.2086613123807251,300,162
0,Nesøy,5,5014,2715,2715,8N42293,4,Gjerøy,0.0006656413746182784,148,0.2086613123807251,300,156
0,Nesøy,5,5014,3709,3709,8N87885,13,Vikna,0.0006630564260797785,149,0.2086613123807251,300,152
0,Nesøy,5,5014,1426,1426,8N05305,13,Vikna,0.000660704164574852,150,0.2086613123807251,300,161
0,Nesøy,5,5014,2440,2440,8N27325,4,Gjerøy,0.0006598208783671109,151,0.2086613123807251,300,162
0,Nesøy,5,5014,3071,3071,8N73233,12,Vega,0.0006586987405217781,152,0.2086613123807251,300,162
0,Nesøy,5,5014,3816,3816,8P11037,2,Træna,0.0006562919405763033,153,0.2086613123807251,300,159
0,Nesøy,5,5014,4188,4188,8168649,4,Gjerøy,0.0006519101559675823,154,0.2086613123807251,300,165
0,Nesøy,5,5014,4112,4112,8P14988,14,Lauvøya,0.0006509860840431108,155,0.2086613123807251,300,149
0,Nesøy,5,5014,5386,5386,8943103,10,Aldra,0.0006507365302982118,156,0.2086613123807251,300,162
0,Nesøy,5,5014,4449,4449,8730444,1,Myken,0.000650240089611893,157,0.2086613123807251,300,160
0,Nesøy,5,5014,4668,4668,8747548,10,Aldra,0.0006494477635122209,158,0.2086613123807251,300,161
0,Nesøy,5,5014,4611,4611,8747158,3,Selvær,0.0006430046201907795,159,0.2086613123807251,300,160
0,Nesøy,5,5014,4662,4662,8747520,5,Hestmannøy,0.0006409163677674332,160,0.2086613123807251,300,159
0,Nesøy,5,5014,471,471,8L64278,5,Hestmannøy,0.0006399966255061928,161,0.2086613123807251,300,156
0,Nesøy,5,5014,5347,5347,8939750,5,Hestmannøy,0.0006368497559258633,162,0.2086613123807251,300,156
0,Nesøy,5,5014,4659,4659,8747517,5,Hestmannøy,0.0006352112049723105,163,0.2086613123807251,300,159
0,Nesøy,5,5014,2766,2766,8N42664,4,Gjerøy,0.0006338203690291039,164,0.2086613123807251,300,163
0,Nesøy,5,5014,2084,2084,8N14143,6,Indre Kvarøy,0.000633802293681051,165,0.2086613123807251,300,158
0,Nesøy,5,5014,170,170,8L30851,2,Træna,0.0006331633515603598,166,0.2086613123807251,300,153
0,Nesøy,5,5014,2853,2853,8N72369,4,Gjerøy,0.0006302886942345024,167,0.2086613123807251,300,156
0,Nesøy,5,5014,3683,3683,8N87858,14,Lauvøya,0.0006302439150087112,168,0.2086613123807251,300,162
0,Nesøy,5,5014,3662,3662,8N87835,14,Lauvøya,0.0006296857703193471,169,0.2086613123807251,300,166
0,Nesøy,5,5014,3817,3817,8P11051,9,Sleneset,0.000628723030080507,170,0.2086613123807251,300,151
0,Nesøy,5,5014,3354,3354,8N73920,11,Leka,0.0006281793624747553,171,0.2086613123807251,300,162
0,Nesøy,5,5014,1750,1750,8N06749,5,Hestmannøy,0.0006246581012063996,172,0.2086613123807251,300,160
0,Nesøy,5,5014,1454,1454,8N05533,5,Hestmannøy,0.0006226708855716623,173,0.2086613123807251,300,152
0,Nesøy,5,5014,2816,2816,8N42989,14,Lauvøya,0.0006220316381966128,174,0.2086613123807251,300,166
0,Nesøy,5,5014,4548,4548,8732595,7,Onøy og Lurøy,0.0006201382847079712,175,0.2086613123807251,300,146
0,Nesøy,5,5014,3268,3268,8N73649,13,Vikna,0.0006198130313836702,176,0.2086613123807251,300,173
0,Nesøy,5,5014,573,573,8L89372,5,Hestmannøy,0.000614523124533,177,0.2086613123807251,300,161
0,Nesøy,5,5014,4583,4583,8732685,5,Hestmannøy,0.0006133306364334496,178,0.2086613123807251,300,160
0,Nesøy,5,5014,11,11,8L19610,9,Sleneset,0.0006057240829879183,179,0.2086613123807251,300,155
0,Nesøy,5,5014,5337,5337,8939684,11,Leka,0.000604293645430052,180,0.2086613123807251,300,153
0,Nesøy,5,5014,3957,3957,8P14173,1,Myken,0.0006004206137453806,181,0.2086613123807251,300,159
0,Nesøy,5,5014,2619,2619,8N28708,6,Indre Kvarøy,0.0005954430956279117,182,0.2086613123807251,300,155
0,Nesøy,5,5014,54,54,8L19960,10,Aldra,0.0005943994739901139,183,0.2086613123807251,300,151
0,Nesøy,5,5014,5236,5236,8934888,7,Onøy og Lurøy,0.0005916770893485937,184,0.2086613123807251,300,164
0,Nesøy,5,5014,380,380,8L52603,9,Sleneset,0.000590756344020547,185,0.2086613123807251,300,157
0,Nesøy,5,5014,3974,3974,8P14333,14,Lauvøya,0.00058938062553486,186,0.2086613123807251,300,150
0,Nesøy,5,5014,5498,5498,8981293,5,Hestmannøy,0.0005870672312714358,187,0.2086613123807251,300,159
0,Nesøy,5,5014,2968,2968,8N72929,13,Vikna,0.0005849609329031055,188,0.2086613123807251,300,155
0,Nesøy,5,5014,4574,4574,8732667,2,Træna,0.0005847289315991633,189,0.2086613123807251,300,160
0,Nesøy,5,5014,184,184,8L48310,5,Hestmannøy,0.0005845974077495467,190,0.2086613123807251,300,148
0,Nesøy,5,5014,162,162,8L30807,2,Træna,0.0005842483439647566,191,0.2086613123807251,300,155
0,Nesøy,5,5014,28,28,8L19856,4,Gjerøy,0.0005842021561994988,192,0.2086613123807251,300,164
0,Nesøy,5,5014,2396,2396,8N27091,14,Lauvøya,0.0005825223191047102,193,0.2086613123807251,300,152
0,Nesøy,5,5014,2201,2201,8N14582,11,Leka,0.0005812344607253857,194,0.2086613123807251,300,167
0,Nesøy,5,5014,5407,5407,8943475,2,Træna,0.0005775224613665524,195,0.2086613123807251,300,160
0,Nesøy,5,5014,4275,4275,8598631,2,Træna,0.000575125158787896,196,0.2086613123807251,300,159
0,Nesøy,5,5014,2558,2558,8N28223,9,Sleneset,0.0005737798618930636,197,0.2086613123807251,300,160
0,Nesøy,5,5014,3331,3331,8N73823,6,Indre Kvarøy,0.0005721067981485275,198,0.2086613123807251,300,163
0,Nesøy,5,5014,4435,4435,8681479,3,Selvær,0.0005704031458159627,199,0.2086613123807251,300,157
0,Nesøy,5,5014,1401,1401,8N05279,13,Vikna,0.0005664181987295202,200,0.2086613123807251,300,156
0,Nesøy,5,5014,200,200,8L48425,7,Onøy og Lurøy,0.0005662512699508475,201,0.2086613123807251,300,162
0,Nesøy,5,5014,4670,4670,8747551,10,Aldra,0.0005656759199902782,202,0.2086613123807251,300,153
0,Nesøy,5,5014,4600,4600,8747102,5,Hestmannøy,0.0005656227853982201,203,0.2086613123807251,300,158
0,Nesøy,5,5014,5079,5079,8887448,5,Hestmannøy,0.0005647526523634919,204,0.2086613123807251,300,167
0,Nesøy,5,5014,4756,4756,8747936,4,Gjerøy,0.0005645401356234533,205,0.2086613123807251,300,159
0,Nesøy,5,5014,4448,4448,8730443,5,Hestmannøy,0.0005631851520838715,206,0.2086613123807251,300,154
0,Nesøy,5,5014,31,31,8L19862,6,Indre Kvarøy,0.0005626209011147278,207,0.2086613123807251,300,158
0,Nesøy,5,5014,495,495,8L64540,12,Vega,0.0005622922671005132,208,0.2086613123807251,300,156
0,Nesøy,5,5014,4387,4387,8681218,9,Sleneset,0.0005620562675009824,209,0.2086613123807251,300,161
0,Nesøy,5,5014,3385,3385,8N73951,12,Vega,0.000561998619837173,210,0.2086613123807251,300,149
0,Nesøy,5,5014,2355,2355,8N14972,7,Onøy og Lurøy,0.0005599091453075239,211,0.2086613123807251,300,158
0,Nesøy,5,5014,4845,4845,8800352,5,Hestmannøy,0.0005574141139807796,212,0.2086613123807251,300,163
0,Nesøy,5,5014,2995,2995,8N72957,13,Vikna,0.0005573939874521497,213,0.2086613123807251,300,161
0,Nesøy,5,5014,3916,3916,8P11794,2,Træna,0.0005523979544636796,214,0.2086613123807251,300,161
0,Nesøy,5,5014,3924,3924,8P11894,14,Lauvøya,0.0005513531517472097,215,0.2086613123807251,300,160
0,Nesøy,5,5014,3452,3452,8N87080,5,Hestmannøy,0.0005512669482776472,216,0.2086613123807251,300,153
0,Nesøy,5,5014,855,855,8M31936,4,Gjerøy,0.0005509800179320455,217,0.2086613123807251,300,152
0,Nesøy,5,5014,668,668,8L89755,5,Hestmannøy,0.000550166293401585,218,0.2086613123807251,300,159
0,Nesøy,5,5014,3882,3882,8P11564,14,Lauvøya,0.000549787279230966,219,0.2086613123807251,300,165
0,Nesøy,5,5014,3072,3072,8N73234,12,Vega,0.0005459017372689303,220,0.2086613123807251,300,159
0,Nesøy,5,5014,5425,5425,8943766,2,Træna,0.0005450336216066044,221,0.2086613123807251,300,151
0,Nesøy,5,5014,999,999,8M71486,13,Vikna,0.0005449000422148492,222,0.2086613123807251,300,159
0,Nesøy,5,5014,682,682,8L89988,2,Træna,0.0005429333414020785,223,0.2086613123807251,300,169
0,Nesøy,5,5014,776,776,8M31550,6,Indre Kvarøy,0.0005418504783214165,224,0.2086613123807251,300,163
0,Nesøy,5,5014,4216,4216,8309175,4,Gjerøy,0.0005413650612258557,225,0.2086613123807251,300,148
0,Nesøy,5,5014,2774,2774,8N42704,6,Indre Kvarøy,0.0005395803249640588,226,0.2086613123807251,300,157
0,Nesøy,5,5014,457,457,8L64178,9,Sleneset,0.0005391208719802759,227,0.2086613123807251,300,160
0,Nesøy,5,5014,3773,3773,8N87950,13,Vikna,0.0005388576116619168,228,0.2086613123807251,300,160
0,Nesøy,5,5014,5045,5045,8887310,5,Hestmannøy,0.0005380554197343802,229,0.2086613123807251,300,152
0,Nesøy,5,5014,3003,3003,8N72965,2,Træna,0.0005379021336556562,230,0.2086613123807251,300,146
0,Nesøy,5,5014,4150,4150,8P26688,7,Onøy og Lurøy,0.000537681307422649,231,0.2086613123807251,300,157
0,Nesøy,5,5014,1792,1792,8N06853,11,Leka,0.0005354654445142447,232,0.2086613123807251,300,155
0,Nesøy,5,5014,1444,1444,8N05457,4,Gjerøy,0.000534441361517133,233,0.2086613123807251,300,148
0,Nesøy,5,5014,3616,3616,8N87709,6,Indre Kvarøy,0.0005342333584887615,234,0.2086613123807251,300,161
0,Nesøy,5,5014,4015,4015,8P14762,4,Gjerøy,0.0005309543153659621,235,0.2086613123807251,300,162
0,Nesøy,5,5014,3663,3663,8N87836,14,Lauvøya,0.0005298597381349173,236,0.2086613123807251,300,150
0,Nesøy,5,5014,5059,5059,8887358,10,Aldra,0.0005286165668148568,237,0.2086613123807251,300,145
0,Nesøy,5,5014,4685,4685,8747603,4,Gjerøy,0.0005286040911247533,238,0.2086613123807251,300,149
0,Nesøy,5,5014,4477,4477,8730548,3,Selvær,0.0005284230246951286,239,0.2086613123807251,300,158
0,Nesøy,5,5014,4771,4771,8794309,2,Træna,0.0005283383570203657,240,0.2086613123807251,300,153
0,Nesøy,5,5014,1422,1422,8N05301,13,Vikna,0.0005273691527391913,241,0.2086613123807251,300,164
0,Nesøy,5,5014,1326,1326,8N05203,12,Vega,0.0005266906066219568,242,0.2086613123807251,300,160
0,Nesøy,5,5014,5240,5240,8934895,5,Hestmannøy,0.0005266180530309606,243,0.2086613123807251,300,154
0,Nesøy,5,5014,4118,4118,8P14991,14,Lauvøya,0.0005254391724220926,244,0.2086613123807251,300,156
0,Nesøy,5,5014,2464,2464,8N27414,5,Hestmannøy,0.0005245570478715436,245,0.2086613123807251,300,173
0,Nesøy,5,5014,2218,2218,8N14599,11,Leka,0.0005236854081733145,246,0.2086613123807251,300,161
0,Nesøy,5,5014,62,62,8L19988,4,Gjerøy,0.0005210881374292309,247,0.2086613123807251,300,157
0,Nesøy,5,5014,2904,2904,8N72680,11,Leka,0.0005206969329928808,248,0.2086613123807251,300,154
0,Nesøy,5,5014,2755,2755,8N42545,7,Onøy og Lurøy,0.0005183298372953497,249,0.2086613123807251,300,158
0,Nesøy,5,5014,5449,5449,8981031,4,Gjerøy,0.0005182411288617193,250,0.2086613123807251,300,146
0,Nesøy,5,5014,3483,3483,8N87307,5,Hestmannøy,0.000517734504378027,251,0.2086613123807251,300,144
0,Nesøy,5,5014,2224,2224,8N14605,13,Vikna,0.0005157995256368926,252,0.2086613123807251,300,163
0,Nesøy,5,5014,1294,1294,8N05170,12,Vega,0.0005150902139046572,253,0.2086613123807251,300,154
0,Nesøy,5,5014,1127,1127,8M72602,5,Hestmannøy,0.0005131753110475809,254,0.2086613123807251,300,159
0,Nesøy,5,5014,5570,5570,8981945,2,Træna,0.0005126638631196302,255,0.2086613123807251,300,152
0,Nesøy,5,5014,2548,2548,8N28091,2,Træna,0.000510527303422543,256,0.2086613123807251,300,162
0,Nesøy,5,5014,4841,4841,8800338,7,Onøy og Lurøy,0.000507466302784398,257,0.2086613123807251,300,160
0,Nesøy,5,5014,1024,1024,8M71596,4,Gjerøy,0.0005067253071644498,258,0.2086613123807251,300,161
0,Nesøy,5,5014,3078,3078,8N73240,12,Vega,0.0005064841861172975,259,0.2086613123807251,300,157
0,Nesøy,5,5014,4171,4171,8118435,4,Gjerøy,0.0005029696469508316,260,0.2086613123807251,300,155
0,Nesøy,5,5014,707,707,8M31220,11,Leka,0.0005027889356616853,261,0.2086613123807251,300,155
0,Nesøy,5,5014,5332,5332,8939615,6,Indre Kvarøy,0.0005026051732056348,262,0.2086613123807251,300,164
0,Nesøy,5,5014,4242,4242,8414806,5,Hestmannøy,0.0005009845527640103,263,0.2086613123807251,300,150
0,Nesøy,5,5014,4004,4004,8P14604,7,Onøy og Lurøy,0.0004993627485737478,264,0.2086613123807251,300,168
0,Nesøy,5,5014,5479,5479,8981253,5,Hestmannøy,0.0004990045691060037,265,0.2086613123807251,300,166
0,Nesøy,5,5014,2489,2489,8N27803,5,Hestmannøy,0.0004988999482808819,266,0.2086613123807251,300,147
0,Nesøy,5,5014,1350,1350,8N05227,12,Vega,0.0004978624246887155,267,0.2086613123807251,300,159
0,Nesøy,5,5014,540,540,8L89211,5,Hestmannøy,0.0004966165826517542,268,0.2086613123807251,300,153
0,Nesøy,5,5014,432,432,8L57967,13,Vikna,0.0004936866079577641,269,0.2086613123807251,300,167
0,Nesøy,5,5014,69,69,8L26578,6,Indre Kvarøy,0.0004936314723549305,270,0.2086613123807251,300,170
0,Nesøy,5,5014,405,405,8L52974,4,Gjerøy,0.0004932287850904479,271,0.2086613123807251,300,161
0,Nesøy,5,5014,845,845,8M31921,12,Vega,0.0004920375030734949,272,0.2086613123807251,300,156
0,Nesøy,5,5014,388,388,8L52905,7,Onøy og Lurøy,0.000491731189972753,273,0.2086613123807251,300,156
0,Nesøy,5,5014,2704,2704,8N42262,4,Gjerøy,0.0004911833472807673,274,0.2086613123807251,300,161
0,Nesøy,5,5014,2461,2461,8N27411,5,Hestmannøy,0.0004905896082579403,275,0.2086613123807251,300,163
0,Nesøy,5,5014,4807,4807,8800077,5,Hestmannøy,0.0004900037336135259,276,0.2086613123807251,300,164
0,Nesøy,5,5014,593,593,8L89436,5,Hestmannøy,0.0004892726143658707,277,0.2086613123807251,300,158
0,Nesøy,5,5014,3045,3045,8N73201,2,Træna,0.0004883368013698188,278,0.2086613123807251,300,164
0,Nesøy,5,5014,2257,2257,8N14639,13,Vikna,0.0004879859068824379,279,0.2086613123807251,300,158
0,Nesøy,5,5014,655,655,8L89724,4,Gjerøy,0.0004878473299088833,280,0.2086613123807251,300,157
0,Nesøy,5,5014,4165,4165,8118425,6,Indre Kvarøy,0.00048691242099808317,281,0.2086613123807251,300,150
0,Nesøy,5,5014,353,353,8L52401,5,Hestmannøy,0.0004864193867176233,282,0.2086613123807251,300,167
0,Nesøy,5,5014,5295,5295,8939372,7,Onøy og Lurøy,0.0004858922609683864,283,0.2086613123807251,300,158
0,Nesøy,5,5014,5196,5196,8934414,8,Lovund,0.00048556938267763945,284,0.2086613123807251,300,152
0,Nesøy,5,5014,2430,2430,8N27275,5,Hestmannøy,0.00048517402182584793,285,0.2086613123807251,300,159
0,Nesøy,5,5014,5296,5296,8939373,7,Onøy og Lurøy,0.00048451237687798453,286,0.2086613123807251,300,150
0,Nesøy,5,5014,3125,3125,8N73435,11,Leka,0.00048408772937301225,287,0.2086613123807251,300,155
0,Nesøy,5,5014,2499,2499,8N27873,5,Hestmannøy,0.0004836900783875655,288,0.2086613123807251,300,164
0,Nesøy,5,5014,721,721,8M31288,5,Hestmannøy,0.00048337030356737377,289,0.2086613123807251,300,158
0,Nesøy,5,5014,1979,1979,8N13681,13,Vikna,0.00048271941564638764,290,0.2086613123807251,300,154
0,Nesøy,5,5014,3222,3222,8N73603,14,Lauvøya,0.00048209809406858585,291,0.2086613123807251,300,157
0,Nesøy,5,5014,796,796,8M31704,4,Gjerøy,0.00048193805932239856,292,0.2086613123807251,300,160
0,Nesøy,5,5014,1778,1778,8N06839,11,Leka,0.0004818684661678314,293,0.2086613123807251,300,158
0,Nesøy,5,5014,2644,2644,8N28792,14,Lauvøya,0.00047931664028819744,294,0.2086613123807251,300,158
0,Nesøy,5,5014,3168,3168,8N73478,11,Leka,0.00047833196007732984,295,0.2086613123807251,300,151
0,Nesøy,5,5014,4828,4828,8800177,6,Indre Kvarøy,0.00047784482807041416,296,0.2086613123807251,300,155
0,Nesøy,5,5014,4830,4830,8800179,6,Indre Kvarøy,0.0004777269266340004,297,0.2086613123807251,300,157
0,Nesøy,5,5014,2038,2038,8N13970,5,Hestmannøy,0.0004775058155741571,298,0.2086613123807251,300,155
0,Nesøy,5,5014,2782,2782,8N42716,4,Gjerøy,0.00047700241514729347,299,0.2086613123807251,300,151
0,Nesøy,5,5014,4426,4426,8681454,5,Hestmannøy,0.00047667751275787604,300,0.2086613123807251,300,150
0,Nesøy,5,5014,2133,2133,8N14443,4,Gjerøy,0.0004766722977883204,301,0.2086613123807251,300,169
0,Nesøy,5,5014,1012,1012,8M71511,1,Myken,0.0004755341562125981,302,0.2086613123807251,300,151
0,Nesøy,5,5014,5212,5212,8934526,1,Myken,0.00047521735449291945,303,0.2086613123807251,300,160
0,Nesøy,5,5014,3722,3722,8N87898,13,Vikna,0.0004743444002500608,304,0.2086613123807251,300,147
0,Nesøy,5,5014,1610,1610,8N05879,11,Leka,0.00047397086542845984,305,0.2086613123807251,300,154
0,Nesøy,5,5014,3016,3016,8N73082,6,Indre Kvarøy,0.0004739600955012452,306,0.2086613123807251,300,163
0,Nesøy,5,5014,1832,1832,8N06896,11,Leka,0.00047346391990845754,307,0.2086613123807251,300,162
0,Nesøy,5,5014,1000,1000,8M71489,13,Vikna,0.00047315649790016437,308,0.2086613123807251,300,168
0,Nesøy,5,5014,4787,4787,8800022,5,Hestmannøy,0.000473142238271386,309,0.2086613123807251,300,154
0,Nesøy,5,5014,1877,1877,8N13373,2,Træna,0.0004729368569151013,310,0.2086613123807251,300,148
0,Nesøy,5,5014,3620,3620,8N87732,4,Gjerøy,0.0004727629589643856,311,0.2086613123807251,300,159
0,Nesøy,5,5014,3884,3884,8P11566,14,Lauvøya,0.00047231252696935077,312,0.2086613123807251,300,149
0,Nesøy,5,5014,1836,1836,8N06900,11,Leka,0.0004717446745021302,313,0.2086613123807251,300,161
0,Nesøy,5,5014,771,771,8M31543,6,Indre Kvarøy,0.00047047039571070803,314,0.2086613123807251,300,151
0,Nesøy,5,5014,4543,4543,8732576,7,Onøy og Lurøy,0.0004700605346846831,315,0.2086613123807251,300,165
0,Nesøy,5,5014,1802,1802,8N06863,11,Leka,0.00046865442782246055,316,0.2086613123807251,300,160
0,Nesøy,5,5014,5564,5564,8981919,6,Indre Kvarøy,0.0004680482493563063,317,0.2086613123807251,300,166
0,Nesøy,5,5014,4338,4338,8681025,5,Hestmannøy,0.0004678181997422074,318,0.2086613123807251,300,154
0,Nesøy,5,5014,4538,4538,8732531,9,Sleneset,0.00046750046003248566,319,0.2086613123807251,300,160
0,Nesøy,5,5014,777,777,8M31551,6,Indre Kvarøy,0.00046682370269021407,320,0.2086613123807251,300,165
0,Nesøy,5,5014,5430,5430,8943805,1,Myken,0.00046567520430671177,321,0.2086613123807251,300,163
0,Nesøy,5,5014,3076,3076,8N73238,12,Vega,0.00046398688990905573,322,0.2086613123807251,300,148
0,Nesøy,5,5014,2437,2437,8N27316,5,Hestmannøy,0.0004621326448510665,323,0.2086613123807251,300,147
0,Nesøy,5,5014,2334,2334,8N14935,5,Hestmannøy,0.0004621289238775696,324,0.2086613123807251,300,158
0,Nesøy,5,5014,5041,5041,8887290,5,Hestmannøy,0.00046192588466926966,325,0.2086613123807251,300,163
0,Nesøy,5,5014,4234,4234,8309274,5,Hestmannøy,0.00046114871882789677,326,0.2086613123807251,300,158
0,Nesøy,5,5014,4683,4683,8747590,2,Træna,0.00046113501056176446,327,0.2086613123807251,300,159
0,Nesøy,5,5014,720,720,8M31285,10,Aldra,0.00046070690906542864,328,0.2086613123807251,300,146
0,Nesøy,5,5014,1278,1278,8N05155,12,Vega,0.0004584934781183267,329,0.2086613123807251,300,161
0,Nesøy,5,5014,1264,1264,8N05140,12,Vega,0.0004568288728502118,330,0.2086613123807251,300,160
0,Nesøy,5,5014,5542,5542,8981802,5,Hestmannøy,0.0004566264301603104,331,0.2086613123807251,300,168
0,Nesøy,5,5014,2073,2073,8N14057,6,Indre Kvarøy,0.00045611897012574285,332,0.2086613123807251,300,158
0,Nesøy,5,5014,2905,2905,8N72681,11,Leka,0.00045529211103582316,333,0.2086613123807251,300,163
0,Nesøy,5,5014,5481,5481,8981265,5,Hestmannøy,0.00045443477111089566,334,0.2086613123807251,300,154
0,Nesøy,5,5014,4287,4287,8651548,4,Gjerøy,0.0004520995607307481,335,0.2086613123807251,300,155
0,Nesøy,5,5014,5129,5129,8934042,9,Sleneset,0.00045207140263504327,336,0.2086613123807251,300,159
0,Nesøy,5,5014,595,595,8L89457,10,Aldra,0.00045027281255806824,337,0.2086613123807251,300,154
0,Nesøy,5,5014,2748,2748,8N42531,4,Gjerøy,0.00044935688545087835,338,0.2086613123807251,300,166
0,Nesøy,5,5014,212,212,8L48457,10,Aldra,0.0004491739324241187,339,0.2086613123807251,300,159
0,Nesøy,5,5014,815,815,8M31780,11,Leka,0.00044841396874214547,340,0.2086613123807251,300,154
0,Nesøy,5,5014,4334,4334,8681005,4,Gjerøy,0.0004483442373909163,341,0.2086613123807251,300,158
0,Nesøy,5,5014,2872,2872,8N72512,4,Gjerøy,0.0004468594787108615,342,0.2086613123807251,300,163
0,Nesøy,5,5014,61,61,8L19987,4,Gjerøy,0.00044653191304666254,343,0.2086613123807251,300,147
0,Nesøy,5,5014,1438,1438,8N05438,6,Indre Kvarøy,0.00044539351218153425,344,0.2086613123807251,300,152
0,Nesøy,5,5014,2541,2541,8N28041,6,Indre Kvarøy,0.00044519166357607283,345,0.2086613123807251,300,156
0,Nesøy,5,5014,3484,3484,8N87313,5,Hestmannøy,0.00044487959134616634,346,0.2086613123807251,300,160
0,Nesøy,5,5014,693,693,8M31126,2,Træna,0.0004442182518501898,347,0.2086613123807251,300,163
0,Nesøy,5,5014,1159,1159,8M72722,5,Hestmannøy,0.0004435295717311937,348,0.2086613123807251,300,153
0,Nesøy,5,5014,4957,4957,8857230,5,Hestmannøy,0.0004434783001175425,349,0.2086613123807251,300,165
0,Nesøy,5,5014,673,673,8L89808,5,Hestmannøy,0.000443255182542757,350,0.2086613123807251,300,161
0,Nesøy,5,5014,1384,1384,8N05262,13,Vikna,0.00044303332906536736,351,0.2086613123807251,300,160
0,Nesøy,5,5014,5083,5083,8887462,1,Myken,0.00044287659277037514,352,0.2086613123807251,300,144
0,Nesøy,5,5014,5572,5572,8981956,3,Selvær,0.0004424582140756437,353,0.2086613123807251,300,156
0,Nesøy,5,5014,466,466,8L64256,3,Selvær,0.0004423217569151465,354,0.2086613123807251,300,167
0,Nesøy,5,5014,5223,5223,8934805,6,Indre Kvarøy,0.00044215688490048245,355,0.2086613123807251,300,154
0,Nesøy,5,5014,2323,2323,8N14902,6,Indre Kvarøy,0.0004409776508911739,356,0.2086613123807251,300,156
0,Nesøy,5,5014,1142,1142,8M72648,4,Gjerøy,0.00044074562458675453,357,0.2086613123807251,300,157
0,Nesøy,5,5014,2577,2577,8N28403,9,Sleneset,0.000440696848783169,358,0.2086613123807251,300,173
0,Nesøy,5,5014,4791,4791,8800028,4,Gjerøy,0.000439537847880671,359,0.2086613123807251,300,157
0,Nesøy,5,5014,1968,1968,8N13670,13,Vikna,0.0004394430916545675,360,0.2086613123807251,300,154
0,Nesøy,5,5014,4385,4385,8681201,9,Sleneset,0.000439278452197396,361,0.2086613123807251,300,164
0,Nesøy,5,5014,1465,1465,8N05588,8,Lovund,0.0004383429878579287,362,0.2086613123807251,300,156
0,Nesøy,5,5014,509,509,8L64840,3,Selvær,0.0004377748447898753,363,0.2086613123807251,300,154
0,Nesøy,5,5014,5126,5126,8934027,4,Gjerøy,0.00043697581561297265,364,0.2086613123807251,300,160
0,Nesøy,5,5014,4890,4890,8800567,6,Indre Kvarøy,0.00043640322020081193,365,0.2086613123807251,300,163
0,Nesøy,5,5014,2336,2336,8N14939,4,Gjerøy,0.0004356616488275968,366,0.2086613123807251,300,162
0,Nesøy,5,5014,1606,1606,8N05875,11,Leka,0.00043461367035898765,367,0.2086613123807251,300,145
0,Nesøy,5,5014,1420,1420,8N05299,13,Vikna,0.0004344138126952756,368,0.2086613123807251,300,156
0,Nesøy,5,5014,3743,3743,8N87920,13,Vikna,0.0004336141972072118,369,0.2086613123807251,300,154
0,Nesøy,5,5014,1349,1349,8N05226,12,Vega,0.00043345349262543647,370,0.2086613123807251,300,161
0,Nesøy,5,5014,5238,5238,8934890,7,Onøy og Lurøy,0.0004328063699243127,371,0.2086613123807251,300,162
0,Nesøy,5,5014,788,788,8M31625,4,Gjerøy,0.00043213815832314695,372,0.2086613123807251,300,145
0,Nesøy,5,5014,4994,4994,8866658,8,Lovund,0.0004320700129384436,373,0.2086613123807251,300,169
0,Nesøy,5,5014,1064,1064,8M72179,2,Træna,0.0004305619825377314,374,0.2086613123807251,300,158
0,Nesøy,5,5014,5308,5308,8939419,3,Selvær,0.0004298082788744744,375,0.2086613123807251,300,159
0,Nesøy,5,5014,4031,4031,8P14842,14,Lauvøya,0.000428028157617287,376,0.2086613123807251,300,158
0,Nesøy,5,5014,3099,3099,8N73309,14,Lauvøya,0.0004274741653357697,377,0.2086613123807251,300,155
0,Nesøy,5,5014,3263,3263,8N73644,13,Vikna,0.00042725797231405274,378,0.2086613123807251,300,142
0,Nesøy,5,5014,1756,1756,8N06787,5,Hestmannøy,0.0004269596781835059,379,0.2086613123807251,300,159
0,Nesøy,5,5014,5493,5493,8981280,5,Hestmannøy,0.00042562931375703626,380,0.2086613123807251,300,155
0,Nesøy,5,5014,4682,4682,8747588,2,Træna,0.0004246245246353056,381,0.2086613123807251,300,158
0,Nesøy,5,5014,2217,2217,8N14598,11,Leka,0.0004242940305721805,382,0.2086613123807251,300,154
0,Nesøy,5,5014,917,917,8M71247,4,Gjerøy,0.0004241339428320897,383,0.2086613123807251,300,161
0,Nesøy,5,5014,133,133,8L30712,12,Vega,0.0004222998446387895,384,0.2086613123807251,300,163
0,Nesøy,5,5014,1507,1507,8N05649,11,Leka,0.0004215552932850409,385,0.2086613123807251,300,144
0,Nesøy,5,5014,5024,5024,8887230,5,Hestmannøy,0.0004208198702945502,386,0.2086613123807251,300,163
0,Nesøy,5,5014,3384,3384,8N73950,12,Vega,0.00041966700010448427,387,0.2086613123807251,300,149
0,Nesøy,5,5014,3891,3891,8P11573,14,Lauvøya,0.00041847473960926343,388,0.2086613123807251,300,160
0,Nesøy,5,5014,4781,4781,8794367,4,Gjerøy,0.00041831596988797505,389,0.2086613123807251,300,153
0,Nesøy,5,5014,3083,3083,8N73245,14,Lauvøya,0.00041796495682604813,390,0.2086613123807251,300,159
0,Nesøy,5,5014,2134,2134,8N14445,4,Gjerøy,0.00041727825735494913,391,0.2086613123807251,300,161
0,Nesøy,5,5014,4980,4980,8857415,5,Hestmannøy,0.0004171449195539349,392,0.2086613123807251,300,165
0,Nesøy,5,5014,4321,4321,8651942,7,Onøy og Lurøy,0.00041653894293030067,393,0.2086613123807251,300,154
0,Nesøy,5,5014,4212,4212,8309164,10,Aldra,0.0004165361390943909,394,0.2086613123807251,300,156
0,Nesøy,5,5014,4720,4720,8747740,6,Indre Kvarøy,0.00041650723460040495,395,0.2086613123807251,300,159
0,Nesøy,5,5014,1434,1434,8N05402,10,Aldra,0.00041598034952397144,396,0.2086613123807251,300,160
0,Nesøy,5,5014,244,244,8L48735,11,Leka,0.00041562569595082673,397,0.2086613123807251,300,166
0,Nesøy,5,5014,1646,1646,8N06293,2,Træna,0.0004143984802211056,398,0.2086613123807251,300,172
0,Nesøy,5,5014,2596,2596,8N28541,9,Sleneset,0.0004136332784541165,399,0.2086613123807251,300,163
0,Nesøy,5,5014,1727,1727,8N06681,14,Lauvøya,0.0004130975735843938,400,0.2086613123807251,300,155
0,Nesøy,5,5014,1546,1546,8N05688,14,Lauvøya,0.00041288996754373713,401,0.2086613123807251,300,145
0,Nesøy,5,5014,2150,2150,8N14529,11,Leka,0.00041240976539289373,402,0.2086613123807251,300,154
0,Nesøy,5,5014,2795,2795,8N42771,10,Aldra,0.0004123709564239345,403,0.2086613123807251,300,158
0,Nesøy,5,5014,4731,4731,8747777,5,Hestmannøy,0.00041183213115691486,404,0.2086613123807251,300,165
0,Nesøy,5,5014,4433,4433,8681476,1,Myken,0.0004115954100206374,405,0.2086613123807251,300,161
0,Nesøy,5,5014,1317,1317,8N05194,13,Vikna,0.0004104326965140147,406,0.2086613123807251,300,156
0,Nesøy,5,5014,1784,1784,8N06845,11,Leka,0.0004101893012483755,407,0.2086613123807251,300,151
0,Nesøy,5,5014,5023,5023,8887226,5,Hestmannøy,0.00040915690922978324,408,0.2086613123807251,300,156
0,Nesøy,5,5014,1871,1871,8N13333,3,Selvær,0.0004090749097955342,409,0.2086613123807251,300,168
0,Nesøy,5,5014,2751,2751,8N42534,4,Gjerøy,0.0004085998476934977,410,0.2086613123807251,300,147
0,Nesøy,5,5014,2212,2212,8N14593,11,Leka,0.0004083493197535721,411,0.2086613123807251,300,156
0,Nesøy,5,5014,2895,2895,8N72670,4,Gjerøy,0.0004075260932721586,412,0.2086613123807251,300,159
0,Nesøy,5,5014,488,488,8M71167,13,Vikna,0.00040725847760042776,413,0.2086613123807251,300,149
0,Nesøy,5,5014,2274,2274,8N14657,13,Vikna,0.00040713534354911964,414,0.2086613123807251,300,155
0,Nesøy,5,5014,3918,3918,8P11803,14,Lauvøya,0.0004070505628938129,415,0.2086613123807251,300,163
0,Nesøy,5,5014,5391,5391,8943113,7,Onøy og Lurøy,0.00040642981946744283,416,0.2086613123807251,300,155
0,Nesøy,5,5014,1178,1178,8M72863,4,Gjerøy,0.00040587016982272106,417,0.2086613123807251,300,158
0,Nesøy,5,5014,2397,2397,8N27092,14,Lauvøya,0.00040586265542503846,418,0.2086613123807251,300,162
0,Nesøy,5,5014,694,694,8M31147,11,Leka,0.00040494168822635413,419,0.2086613123807251,300,165
0,Nesøy,5,5014,4437,4437,8681486,2,Træna,0.00040322390744130875,420,0.2086613123807251,300,158
0,Nesøy,5,5014,4141,4141,8P26541,2,Træna,0.00040300980307818654,421,0.2086613123807251,300,158
0,Nesøy,5,5014,1713,1713,8N06563,4,Gjerøy,0.00040207920159628346,422,0.2086613123807251,300,161
0,Nesøy,5,5014,3464,3464,8N87226,3,Selvær,0.0004014437753924079,423,0.2086613123807251,300,159
0,Nesøy,5,5014,4848,4848,8800355,5,Hestmannøy,0.0004009255779618993,424,0.2086613123807251,300,157
0,Nesøy,5,5014,2982,2982,8N72943,13,Vikna,0.00040045466492323703,425,0.2086613123807251,300,157
0,Nesøy,5,5014,4422,4422,8681409,5,Hestmannøy,0.0004001359939817807,426,0.2086613123807251,300,164
0,Nesøy,5,5014,3274,3274,8N73655,13,Vikna,0.0003990746755128895,427,0.2086613123807251,300,151
0,Nesøy,5,5014,2903,2903,8N72679,11,Leka,0.0003989957973936774,428,0.2086613123807251,300,153
0,Nesøy,5,5014,5046,5046,8887314,7,Onøy og Lurøy,0.00039804609977667736,429,0.2086613123807251,300,156
0,Nesøy,5,5014,7,7,8L19569,3,Selvær,0.00039803491075209897,430,0.2086613123807251,300,157
0,Nesøy,5,5014,3140,3140,8N73450,11,Leka,0.00039788518074463687,431,0.2086613123807251,300,164
0,Nesøy,5,5014,2618,2618,8N28706,6,Indre Kvarøy,0.0003978686838359835,432,0.2086613123807251,300,154
0,Nesøy,5,5014,875,875,8M71074,4,Gjerøy,0.00039716417687344165,433,0.2086613123807251,300,174
0,Nesøy,5,5014,4831,4831,8800181,6,Indre Kvarøy,0.0003970717036390136,434,0.2086613123807251,300,158
0,Nesøy,5,5014,2086,2086,8N14152,6,Indre Kvarøy,0.0003967925271528516,435,0.2086613123807251,300,155
0,Nesøy,5,5014,5435,5435,8943892,5,Hestmannøy,0.0003964937320250181,436,0.2086613123807251,300,159
0,Nesøy,5,5014,255,255,8L48757,11,Leka,0.00039613469521309935,437,0.2086613123807251,300,163
0,Nesøy,5,5014,758,758,8M31483,5,Hestmannøy,0.0003961091644242812,438,0.2086613123807251,300,160
0,Nesøy,5,5014,541,541,8L89230,6,Indre Kvarøy,0.00039592507849491796,439,0.2086613123807251,300,163
0,Nesøy,5,5014,3834,3834,8P11471,2,Træna,0.00039561570554152975,440,0.2086613123807251,300,157
0,Nesøy,5,5014,2813,2813,8N42986,14,Lauvøya,0.0003955689996241427,441,0.2086613123807251,300,176
0,Nesøy,5,5014,2560,2560,8N28243,2,Træna,0.00039552845489963686,442,0.2086613123807251,300,152
0,Nesøy,5,5014,3829,3829,8P11385,14,Lauvøya,0.0003954411868912115,443,0.2086613123807251,300,153
0,Nesøy,5,5014,2174,2174,8N14554,11,Leka,0.00039449615126502133,444,0.2086613123807251,300,155
0,Nesøy,5,5014,954,954,8M71327,11,Leka,0.00039444003131906423,445,0.2086613123807251,300,158
0,Nesøy,5,5014,5535,5535,8981734,10,Aldra,0.00039433377087147686,446,0.2086613123807251,300,155
0,Nesøy,5,5014,2668,2668,8N28899,14,Lauvøya,0.00039412855672993406,447,0.2086613123807251,300,149
0,Nesøy,5,5014,1598,1598,8N05865,11,Leka,0.0003938608208938227,448,0.2086613123807251,300,147
0,Nesøy,5,5014,4038,4038,8P14849,14,Lauvøya,0.0003910123703576506,449,0.2086613123807251,300,152
0,Nesøy,5,5014,5174,5174,8934338,10,Aldra,0.00039073875940536223,450,0.2086613123807251,300,153
0,Nesøy,5,5014,706,706,8M31219,11,Leka,0.0003904072320040167,451,0.2086613123807251,300,153
0,Nesøy,5,5014,785,785,8M31602,5,Hestmannøy,0.00039023945202313546,452,0.2086613123807251,300,155
0,Nesøy,5,5014,1407,1407,8N05285,13,Vikna,0.0003898817396486014,453,0.2086613123807251,300,159
0,Nesøy,5,5014,4107,4107,8P14984,14,Lauvøya,0.0003897023701233529,454,0.2086613123807251,300,158
0,Nesøy,5,5014,4541,4541,8732552,6,Indre Kvarøy,0.0003893738947079405,455,0.2086613123807251,300,152
0,Nesøy,5,5014,2222,2222,8N14603,13,Vikna,0.0003893125336738731,456,0.2086613123807251,300,173
0,Nesøy,5,5014,649,649,8L89713,4,Gjerøy,0.00038902372610763827,457,0.2086613123807251,300,147
0,Nesøy,5,5014,5226,5226,8934820,8,Lovund,0.0003888349463955443,458,0.2086613123807251,300,149
0,Nesøy,5,5014,2682,2682,8N42062,5,Hestmannøy,0.0003877475193086031,459,0.2086613123807251,300,172
0,Nesøy,5,5014,365,365,8L52534,5,Hestmannøy,0.0003872757329198085,460,0.2086613123807251,300,149
0,Nesøy,5,5014,3550,3550,8N87563,11,Leka,0.00038719657093893174,461,0.2086613123807251,300,161
0,Nesøy,5,5014,2501,2501,8N27879,5,Hestmannøy,0.0003862365795057729,462,0.2086613123807251,300,166
0,Nesøy,5,5014,4102,4102,8P14981,14,Lauvøya,0.00038542428106962405,463,0.2086613123807251,300,152
0,Nesøy,5,5014,3190,3190,8N73501,5,Hestmannøy,0.00038470190955699574,464,0.2086613123807251,300,161
0,Nesøy,5,5014,1803,1803,8N06864,11,Leka,0.00038465391392313676,465,0.2086613123807251,300,149
0,Nesøy,5,5014,3143,3143,8N73453,11,Leka,0.00038458186679136817,466,0.2086613123807251,300,168
0,Nesøy,5,5014,2530,2530,8N27981,10,Aldra,0.00038408024720222383,467,0.2086613123807251,300,159
0,Nesøy,5,5014,1839,1839,8N06920,5,Hestmannøy,0.00038396235149597795,468,0.2086613123807251,300,160
0,Nesøy,5,5014,2941,2941,8N72901,13,Vikna,0.0003838343246510204,469,0.2086613123807251,300,168
0,Nesøy,5,5014,231,231,8L48592,5,Hestmannøy,0.0003832992422372788,470,0.2086613123807251,300,165
0,Nesøy,5,5014,4352,4352,8681054,4,Gjerøy,0.0003831671936157353,471,0.2086613123807251,300,161
0,Nesøy,5,5014,2052,2052,8N14004,6,Indre Kvarøy,0.0003818856282089381,472,0.2086613123807251,300,148
0,Nesøy,5,5014,3652,3652,8N87825,14,Lauvøya,0.00038182605793193105,473,0.2086613123807251,300,155
0,Nesøy,5,5014,4457,4457,8730459,8,Lovund,0.0003817471260435323,474,0.2086613123807251,300,155
0,Nesøy,5,5014,2581,2581,8N28418,4,Gjerøy,0.00038168137371517104,475,0.2086613123807251,300,151
0,Nesøy,5,5014,4255,4255,8573603,5,Hestmannøy,0.00038113550380360984,476,0.2086613123807251,300,153
0,Nesøy,5,5014,2549,2549,8N28115,6,Indre Kvarøy,0.00037783110253031895,477,0.2086613123807251,300,164
0,Nesøy,5,5014,3982,3982,8N14343,14,Lauvøya,0.00037778756635463797,478,0.2086613123807251,300,151
0,Nesøy,5,5014,1687,1687,8N06484,12,Vega,0.0003767515797684186,479,0.2086613123807251,300,154
0,Nesøy,5,5014,4470,4470,8730517,5,Hestmannøy,0.0003767317831913905,480,0.2086613123807251,300,167
0,Nesøy,5,5014,5494,5494,8981281,5,Hestmannøy,0.000376428005918307,481,0.2086613123807251,300,160
0,Nesøy,5,5014,4253,4253,8573521,2,Træna,0.00037555116441346614,482,0.2086613123807251,300,158
0,Nesøy,5,5014,5159,5159,8934273,7,Onøy og Lurøy,0.00037449663042397305,483,0.2086613123807251,300,157
0,Nesøy,5,5014,1066,1066,8M72224,3,Selvær,0.0003742136697816788,484,0.2086613123807251,300,160
0,Nesøy,5,5014,2993,2993,8N72955,13,Vikna,0.00037330945458887604,485,0.2086613123807251,300,153
0,Nesøy,5,5014,597,597,8L89466,6,Indre Kvarøy,0.0003724875734957271,486,0.2086613123807251,300,160
0,Nesøy,5,5014,1833,1833,8N06897,11,Leka,0.00037247444491816543,487,0.2086613123807251,300,158
0,Nesøy,5,5014,2280,2280,8N14663,13,Vikna,0.0003710648307597956,488,0.2086613123807251,300,169
0,Nesøy,5,5014,3257,3257,8N73638,13,Vikna,0.0003707195558688992,489,0.2086613123807251,300,151
0,Nesøy,5,5014,2507,2507,8N27894,6,Indre Kvarøy,0.00037024205742301644,490,0.2086613123807251,300,160
0,Nesøy,5,5014,3303,3303,8N73684,13,Vikna,0.0003699313381143165,491,0.2086613123807251,300,166
0,Nesøy,5,5014,4599,4599,8747101,5,Hestmannøy,0.0003698223770138609,492,0.2086613123807251,300,160
0,Nesøy,5,5014,712,712,8M31255,8,Lovund,0.0003694405462381045,493,0.2086613123807251,300,170
0,Nesøy,5,5014,2388,2388,8N27083,14,Lauvøya,0.00036864085261098994,494,0.2086613123807251,300,149
0,Nesøy,5,5014,464,464,8L64215,5,Hestmannøy,0.00036843897889920465,495,0.2086613123807251,300,166
0,Nesøy,5,5014,1751,1751,8N06776,10,Aldra,0.0003679814543819387,496,0.2086613123807251,300,158
0,Nesøy,5,5014,4742,4742,8747862,9,Sleneset,0.00036791146472316686,497,0.2086613123807251,300,155
0,Nesøy,5,5014,1677,1677,8N06474,12,Vega,0.0003674297599710799,498,0.2086613123807251,300,162
0,Nesøy,5,5014,4952,4952,8857208,4,Gjerøy,0.0003667414785788974,499,0.2086613123807251,300,158
0,Nesøy,5,5014,4628,4628,8747223,5,Hestmannøy,0.0003664900592952492,500,0.2086613123807251,300,150
0,Nesøy,5,5014,1381,1381,8N05259,13,Vikna,0.00036624092023287584,501,0.2086613123807251,300,160
0,Nesøy,5,5014,4093,4093,8P14972,14,Lauvøya,0.00036596878780025384,502,0.2086613123807251,300,149
0,Nesøy,5,5014,4397,4397,8681268,5,Hestmannøy,0.00036590349747275,503,0.2086613123807251,300,159
0,Nesøy,5,5014,3729,3729,8N87905,13,Vikna,0.00036519217446507566,504,0.2086613123807251,300,158
0,Nesøy,5,5014,469,469,8L64271,5,Hestmannøy,0.00036509410297216785,505,0.2086613123807251,300,156
0,Nesøy,5,5014,4098,4098,8P14977,14,Lauvøya,0.00036483970188493076,506,0.2086613123807251,300,148
0,Nesøy,5,5014,949,949,8M71321,5,Hestmannøy,0.00036475806286886134,507,0.2086613123807251,300,150
0,Nesøy,5,5014,1840,1840,8N06922,5,Hestmannøy,0.0003631385389822354,508,0.2086613123807251,300,155
0,Nesøy,5,5014,2730,2730,8N42501,5,Hestmannøy,0.0003630239378448597,509,0.2086613123807251,300,151
0,Nesøy,5,5014,5410,5410,8943486,5,Hestmannøy,0.0003628867768120685,510,0.2086613123807251,300,171
0,Nesøy,5,5014,4346,4346,8681040,4,Gjerøy,0.0003617754508876914,511,0.2086613123807251,300,160
0,Nesøy,5,5014,768,768,8M31526,4,Gjerøy,0.0003616703307065047,512,0.2086613123807251,300,155
0,Nesøy,5,5014,2613,2613,8N28690,6,Indre Kvarøy,0.00036138215067429177,513,0.2086613123807251,300,164
0,Nesøy,5,5014,996,996,8M71480,13,Vikna,0.00036054345828285964,514,0.2086613123807251,300,162
0,Nesøy,5,5014,1380,1380,8N05258,13,Vikna,0.0003603343709074555,515,0.2086613123807251,300,162
0,Nesøy,5,5014,3063,3063,8N73225,12,Vega,0.0003602874675034227,516,0.2086613123807251,300,160
0,Nesøy,5,5014,614,614,8L89525,4,Gjerøy,0.00035943165904813877,517,0.2086613123807251,300,165
0,Nesøy,5,5014,2849,2849,8N72353,4,Gjerøy,0.0003593697534720102,518,0.2086613123807251,300,156
0,Nesøy,5,5014,5142,5142,8934090,5,Hestmannøy,0.0003592466590024012,519,0.2086613123807251,300,144
0,Nesøy,5,5014,1385,1385,8N05263,13,Vikna,0.0003592270648732064,520,0.2086613123807251,300,152
0,Nesøy,5,5014,3486,3486,8N87338,4,Gjerøy,0.0003590475424227543,521,0.2086613123807251,300,153
0,Nesøy,5,5014,1228,1228,8N05104,12,Vega,0.0003588944587938641,522,0.2086613123807251,300,162
0,Nesøy,5,5014,1343,1343,8N05220,12,Vega,0.0003587651320642665,523,0.2086613123807251,300,153
0,Nesøy,5,5014,1951,1951,8N13652,14,Lauvøya,0.000358761716916592,524,0.2086613123807251,300,151
0,Nesøy,5,5014,2311,2311,8N14718,3,Selvær,0.00035865558058842883,525,0.2086613123807251,300,160
0,Nesøy,5,5014,406,406,8L52978,5,Hestmannøy,0.0003582216260012742,526,0.2086613123807251,300,154
0,Nesøy,5,5014,3713,3713,8N87889,13,Vikna,0.0003580518477308329,527,0.2086613123807251,300,151
0,Nesøy,5,5014,5472,5472,8981208,12,Vega,0.000357770378061768,528,0.2086613123807251,300,155
0,Nesøy,5,5014,2064,2064,8N14017,7,Onøy og Lurøy,0.00035690719323594136,529,0.2086613123807251,300,157
0,Nesøy,5,5014,4022,4022,8P14815,14,Lauvøya,0.00035675053254743434,530,0.2086613123807251,300,153
0,Nesøy,5,5014,561,561,8L89324,5,Hestmannøy,0.0003562086257034415,531,0.2086613123807251,300,156
0,Nesøy,5,5014,1468,1468,8N05603,14,Lauvøya,0.0003555993102428904,532,0.2086613123807251,300,161
0,Nesøy,5,5014,5010,5010,8866799,6,Indre Kvarøy,0.0003554739860935433,533,0.2086613123807251,300,155
0,Nesøy,5,5014,4711,4711,8747729,5,Hestmannøy,0.00035432356123204947,534,0.2086613123807251,300,165
0,Nesøy,5,5014,3536,3536,8N87549,11,Leka,0.0003542088151500631,535,0.2086613123807251,300,157
0,Nesøy,5,5014,5440,5440,8981007,5,Hestmannøy,0.0003541276668222628,536,0.2086613123807251,300,152
0,Nesøy,5,5014,2319,2319,8N14808,5,Hestmannøy,0.0003538435343688168,537,0.2086613123807251,300,160
0,Nesøy,5,5014,1541,1541,8N05683,14,Lauvøya,0.00035281457310733504,538,0.2086613123807251,300,163
0,Nesøy,5,5014,4312,4312,8651876,5,Hestmannøy,0.00035248625498853235,539,0.2086613123807251,300,163
0,Nesøy,5,5014,1534,1534,8N05676,14,Lauvøya,0.0003523726523297147,540,0.2086613123807251,300,163
0,Nesøy,5,5014,379,379,8L52598,10,Aldra,0.0003512649482451862,541,0.2086613123807251,300,156
0,Nesøy,5,5014,3207,3207,8N73526,4,Gjerøy,0.00035120079584337907,542,0.2086613123807251,300,160
0,Nesøy,5,5014,3374,3374,8N73940,12,Vega,0.0003505489826499342,543,0.2086613123807251,300,158
0,Nesøy,5,5014,58,58,8L19977,5,Hestmannøy,0.0003505145920088575,544,0.2086613123807251,300,149
0,Nesøy,5,5014,1987,1987,8N13689,13,Vikna,0.0003504878435132105,545,0.2086613123807251,300,146
0,Nesøy,5,5014,259,259,8L48764,11,Leka,0.0003499328235167291,546,0.2086613123807251,300,160
0,Nesøy,5,5014,5100,5100,8904661,2,Træna,0.0003498091929432718,547,0.2086613123807251,300,155
0,Nesøy,5,5014,1280,1280,8N05157,12,Vega,0.0003496637219151406,548,0.2086613123807251,300,158
0,Nesøy,5,5014,3408,3408,8N73974,12,Vega,0.00034908779043641347,549,0.2086613123807251,300,166
0,Nesøy,5,5014,1872,1872,8N13345,2,Træna,0.00034805991386045303,550,0.2086613123807251,300,166
0,Nesøy,5,5014,5460,5460,8981120,12,Vega,0.00034801020338677037,551,0.2086613123807251,300,173
0,Nesøy,5,5014,2382,2382,8N27077,14,Lauvøya,0.0003477442726436599,552,0.2086613123807251,300,155
0,Nesøy,5,5014,1888,1888,8N13455,11,Leka,0.00034768104110224506,553,0.2086613123807251,300,148
0,Nesøy,5,5014,348,348,8L52394,12,Vega,0.00034763342976131955,554,0.2086613123807251,300,153
0,Nesøy,5,5014,1270,1270,8N05146,12,Vega,0.000346324280510668,555,0.2086613123807251,300,156
0,Nesøy,5,5014,1822,1822,8N06883,11,Leka,0.00034618622354003453,556,0.2086613123807251,300,159
0,Nesøy,5,5014,4630,4630,8747274,2,Træna,0.00034616734223334326,557,0.2086613123807251,300,153
0,Nesøy,5,5014,257,257,8L48761,11,Leka,0.0003461052532796683,558,0.2086613123807251,300,154
0,Nesøy,5,5014,4445,4445,8730437,5,Hestmannøy,0.00034577859289486784,559,0.2086613123807251,300,157
0,Nesøy,5,5014,4344,4344,8681037,5,Hestmannøy,0.0003455453351059559,560,0.2086613123807251,300,148
0,Nesøy,5,5014,2065,2065,8N14018,5,Hestmannøy,0.00034497506415470013,561,0.2086613123807251,300,150
0,Nesøy,5,5014,2385,2385,8N27080,14,Lauvøya,0.00034490777122057523,562,0.2086613123807251,300,142
0,Nesøy,5,5014,450,450,8L64148,2,Træna,0.00034489877279047067,563,0.2086613123807251,300,156
0,Nesøy,5,5014,499,499,8L64791,13,Vikna,0.00034459337721241004,564,0.2086613123807251,300,154
0,Nesøy,5,5014,4265,4265,8573915,2,Træna,0.00034439448815361273,565,0.2086613123807251,300,160
0,Nesøy,5,5014,844,844,8M31908,12,Vega,0.0003443150903539518,566,0.2086613123807251,300,160
0,Nesøy,5,5014,474,474,8L64286,10,Aldra,0.0003439196408921564,567,0.2086613123807251,300,159
0,Nesøy,5,5014,317,317,8L52344,11,Leka,0.00034351363311589894,568,0.2086613123807251,300,156
0,Nesøy,5,5014,4233,4233,8309272,5,Hestmannøy,0.0003434080653639629,569,0.2086613123807251,300,153
0,Nesøy,5,5014,1244,1244,8N05120,14,Lauvøya,0.00034321614984061965,570,0.2086613123807251,300,160
0,Nesøy,5,5014,4176,4176,8168613,5,Hestmannøy,0.00034318043795543885,571,0.2086613123807251,300,153
0,Nesøy,5,5014,5452,5452,8981038,10,Aldra,0.00034277041877602574,572,0.2086613123807251,300,153
0,Nesøy,5,5014,2810,2810,8N42952,4,Gjerøy,0.00034271737428748233,573,0.2086613123807251,300,163
0,Nesøy,5,5014,3061,3061,8N73223,12,Vega,0.0003426742619708862,574,0.2086613123807251,300,161
0,Nesøy,5,5014,2818,2818,8N42990,14,Lauvøya,0.0003422067564080134,575,0.2086613123807251,300,149
0,Nesøy,5,5014,5009,5009,8866795,6,Indre Kvarøy,0.00034180249831110185,576,0.2086613123807251,300,156
0,Nesøy,5,5014,4235,4235,8309277,5,Hestmannøy,0.0003415392917980032,577,0.2086613123807251,300,155
0,Nesøy,5,5014,4933,4933,8816940,4,Gjerøy,0.0003404670882530634,578,0.2086613123807251,300,159
0,Nesøy,5,5014,2794,2794,8N42752,1,Myken,0.00034023810058688954,579,0.2086613123807251,300,154
0,Nesøy,5,5014,1576,1576,8N05795,10,Aldra,0.00034020125139274277,580,0.2086613123807251,300,160
0,Nesøy,5,5014,3070,3070,8N73232,12,Vega,0.00034009149026413815,581,0.2086613123807251,300,150
0,Nesøy,5,5014,4181,4181,8168635,5,Hestmannøy,0.000339855770077349,582,0.2086613123807251,300,156
0,Nesøy,5,5014,5248,5248,8939052,5,Hestmannøy,0.00033965549058394067,583,0.2086613123807251,300,169
0,Nesøy,5,5014,611,611,8L89518,5,Hestmannøy,0.00033935418010385267,584,0.2086613123807251,300,166
0,Nesøy,5,5014,1509,1509,8N05651,11,Leka,0.00033921195071845623,585,0.2086613123807251,300,153
0,Nesøy,5,5014,4217,4217,8309182,5,Hestmannøy,0.0003391437317973091,586,0.2086613123807251,300,153
0,Nesøy,5,5014,2497,2497,8N27865,6,Indre Kvarøy,0.0003386491388793822,587,0.2086613123807251,300,159
0,Nesøy,5,5014,5385,5385,8943083,4,Gjerøy,0.00033753789190335505,588,0.2086613123807251,300,160
0,Nesøy,5,5014,1805,1805,8N06866,11,Leka,0.00033747866207172665,589,0.2086613123807251,300,161
0,Nesøy,5,5014,4194,4194,8168662,1,Myken,0.0003372155664101495,590,0.2086613123807251,300,157
0,Nesøy,5,5014,4268,4268,8598501,6,Indre Kvarøy,0.0003371679326627971,591,0.2086613123807251,300,158
0,Nesøy,5,5014,3634,3634,8N87807,14,Lauvøya,0.0003371372897400382,592,0.2086613123807251,300,156
0,Nesøy,5,5014,530,530,8L64996,10,Aldra,0.0003369147257848244,593,0.2086613123807251,300,160
0,Nesøy,5,5014,3528,3528,8N87541,11,Leka,0.0003364605378954934,594,0.2086613123807251,300,162
0,Nesøy,5,5014,3019,3019,8N73086,6,Indre Kvarøy,0.00033633807644420447,595,0.2086613123807251,300,161
0,Nesøy,5,5014,5256,5256,8939097,10,Aldra,0.0003361758930622882,596,0.2086613123807251,300,155
0,Nesøy,5,5014,2567,2567,8N28285,2,Træna,0.00033613702775521644,597,0.2086613123807251,300,168
0,Nesøy,5,5014,4748,4748,8747878,1,Myken,0.00033587169481897277,598,0.2086613123807251,300,169
0,Nesøy,5,5014,4752,4752,8747897,7,Onøy og Lurøy,0.00033571617931289294,599,0.2086613123807251,300,148
0,Nesøy,5,5014,2486,2486,8N27748,2,Træna,0.0003355840701825164,600,0.2086613123807251,300,155
0,Nesøy,5,5014,3645,3645,8N87818,14,Lauvøya,0.0003350559341576412,601,0.2086613123807251,300,160
0,Nesøy,5,5014,318,318,8L52345,11,Leka,0.00033504784591540136,602,0.2086613123807251,300,151
0,Nesøy,5,5014,1974,1974,8N13676,13,Vikna,0.0003341710213004561,603,0.2086613123807251,300,166
0,Nesøy,5,5014,5087,5087,8887481,6,Indre Kvarøy,0.0003338135439139677,604,0.2086613123807251,300,148
0,Nesøy,5,5014,5289,5289,8939364,7,Onøy og Lurøy,0.00033357955140682425,605,0.2086613123807251,300,157
0,Nesøy,5,5014,3635,3635,8N87808,14,Lauvøya,0.00033301153698331705,606,0.2086613123807251,300,169
0,Nesøy,5,5014,185,185,8L48311,5,Hestmannøy,0.00033284175522811595,607,0.2086613123807251,300,155
0,Nesøy,5,5014,5336,5336,8939630,5,Hestmannøy,0.0003323601911954816,608,0.2086613123807251,300,154
0,Nesøy,5,5014,3148,3148,8N73458,11,Leka,0.00033157814117330017,609,0.2086613123807251,300,161
0,Nesøy,5,5014,2844,2844,8N72332,4,Gjerøy,0.00033154287767068964,610,0.2086613123807251,300,146
0,Nesøy,5,5014,4420,4420,8681397,5,Hestmannøy,0.00033137692437754595,611,0.2086613123807251,300,153
0,Nesøy,5,5014,2970,2970,8N72931,13,Vikna,0.0003311195305310304,612,0.2086613123807251,300,147
0,Nesøy,5,5014,898,898,8L64598,12,Vega,0.0003308450467180085,613,0.2086613123807251,300,163
0,Nesøy,5,5014,4356,4356,8681059,6,Indre Kvarøy,0.00033080447130057173,614,0.2086613123807251,300,156
0,Nesøy,5,5014,2326,2326,8N14910,5,Hestmannøy,0.0003305123503953877,615,0.2086613123807251,300,159
0,Nesøy,5,5014,1071,1071,8M72265,8,Lovund,0.0003304612157948647,616,0.2086613123807251,300,169
0,Nesøy,5,5014,5094,5094,8904411,11,Leka,0.00033025874793639863,617,0.2086613123807251,300,152
0,Nesøy,5,5014,1978,1978,8N13680,13,Vikna,0.00032979779956626536,618,0.2086613123807251,300,167
0,Nesøy,5,5014,414,414,8L57814,2,Træna,0.0003290873499388185,619,0.2086613123807251,300,161
0,Nesøy,5,5014,4989,4989,8857754,5,Hestmannøy,0.00032893911761859725,620,0.2086613123807251,300,165
0,Nesøy,5,5014,4274,4274,8598614,6,Indre Kvarøy,0.0003283453561094439,621,0.2086613123807251,300,161
0,Nesøy,5,5014,3898,3898,8P11584,4,Gjerøy,0.0003281574213161713,622,0.2086613123807251,300,149
0,Nesøy,5,5014,2343,2343,8N14957,5,Hestmannøy,0.000328076142238174,623,0.2086613123807251,300,162
0,Nesøy,5,5014,1067,1067,8M72243,3,Selvær,0.00032755049817306163,624,0.2086613123807251,300,158
0,Nesøy,5,5014,4515,4515,8732237,2,Træna,0.00032754899915628087,625,0.2086613123807251,300,154
0,Nesøy,5,5014,1535,1535,8N05677,14,Lauvøya,0.0003275402688410492,626,0.2086613123807251,300,162
0,Nesøy,5,5014,2739,2739,8N42517,5,Hestmannøy,0.0003274028265270512,627,0.2086613123807251,300,150
0,Nesøy,5,5014,3894,3894,8P11577,5,Hestmannøy,0.00032705232699718734,628,0.2086613123807251,300,172
0,Nesøy,5,5014,2917,2917,8N72693,11,Leka,0.0003265347395368782,629,0.2086613123807251,300,155
0,Nesøy,5,5014,4606,4606,8747120,8,Lovund,0.0003264811417878956,630,0.2086613123807251,300,155
0,Nesøy,5,5014,3538,3538,8N87551,11,Leka,0.00032621118762083036,631,0.2086613123807251,300,160
0,Nesøy,5,5014,642,642,8L89669,5,Hestmannøy,0.0003260171076210495,632,0.2086613123807251,300,157
0,Nesøy,5,5014,3765,3765,8N87942,13,Vikna,0.0003258572697213889,633,0.2086613123807251,300,166
0,Nesøy,5,5014,4763,4763,8747976,5,Hestmannøy,0.0003257064898005182,634,0.2086613123807251,300,154
0,Nesøy,5,5014,1282,1282,8N05159,12,Vega,0.00032562863252178463,635,0.2086613123807251,300,168
0,Nesøy,5,5014,3155,3155,8N73465,11,Leka,0.0003254048086601747,636,0.2086613123807251,300,155
0,Nesøy,5,5014,3494,3494,8N87368,4,Gjerøy,0.00032489574944394377,637,0.2086613123807251,300,169
0,Nesøy,5,5014,3453,3453,8N87085,5,Hestmannøy,0.0003237951838130656,638,0.2086613123807251,300,157
0,Nesøy,5,5014,2506,2506,8N27892,6,Indre Kvarøy,0.000323574126354174,639,0.2086613123807251,300,151
0,Nesøy,5,5014,3900,3900,8P11606,9,Sleneset,0.00032349512578618716,640,0.2086613123807251,300,155
0,Nesøy,5,5014,735,735,8M31331,5,Hestmannøy,0.00032343384340685345,641,0.2086613123807251,300,145
0,Nesøy,5,5014,2018,2018,8N13923,5,Hestmannøy,0.00032322116622248847,642,0.2086613123807251,300,154
0,Nesøy,5,5014,5547,5547,8981807,5,Hestmannøy,0.0003231887607040317,643,0.2086613123807251,300,166
0,Nesøy,5,5014,3238,3238,8N73619,13,Vikna,0.0003230989446372998,644,0.2086613123807251,300,155
0,Nesøy,5,5014,4363,4363,8681068,9,Sleneset,0.00032303802289553523,645,0.2086613123807251,300,165
0,Nesøy,5,5014,2187,2187,8N14568,11,Leka,0.0003230158733177822,646,0.2086613123807251,300,157
0,Nesøy,5,5014,5466,5466,8981185,12,Vega,0.0003226795493609705,647,0.2086613123807251,300,148
0,Nesøy,5,5014,4836,4836,8800314,5,Hestmannøy,0.00032267912784840214,648,0.2086613123807251,300,153
0,Nesøy,5,5014,2875,2875,8N72531,6,Indre Kvarøy,0.0003223947345855882,649,0.2086613123807251,300,151
0,Nesøy,5,5014,1702,1702,8N06499,12,Vega,0.0003223934056365111,650,0.2086613123807251,300,160
0,Nesøy,5,5014,5027,5027,8887238,1,Myken,0.0003221936224559985,651,0.2086613123807251,300,154
0,Nesøy,5,5014,391,391,8L52920,6,Indre Kvarøy,0.00032170380065668863,652,0.2086613123807251,300,148
0,Nesøy,5,5014,3227,3227,8N73608,14,Lauvøya,0.0003213686934693207,653,0.2086613123807251,300,154
0,Nesøy,5,5014,25,25,8L19830,5,Hestmannøy,0.0003210516158178221,654,0.2086613123807251,300,165
0,Nesøy,5,5014,3049,3049,8N73211,12,Vega,0.0003209591933046642,655,0.2086613123807251,300,157
0,Nesøy,5,5014,5456,5456,8981090,11,Leka,0.000320588335280146,656,0.2086613123807251,300,163
0,Nesøy,5,5014,2414,2414,8N27143,7,Onøy og Lurøy,0.0003204264147035173,657,0.2086613123807251,300,161
0,Nesøy,5,5014,3629,3629,8N87802,14,Lauvøya,0.00032028509903651045,658,0.2086613123807251,300,155
0,Nesøy,5,5014,3999,3999,8P14696,2,Træna,0.0003200659472436436,659,0.2086613123807251,300,156
0,Nesøy,5,5014,1853,1853,8N13073,14,Lauvøya,0.0003199575834887299,660,0.2086613123807251,300,155
0,Nesøy,5,5014,4653,4653,8747487,9,Sleneset,0.0003197937673104671,661,0.2086613123807251,300,160
0,Nesøy,5,5014,2421,2421,8N27198,14,Lauvøya,0.00031934851254414765,662,0.2086613123807251,300,153
0,Nesøy,5,5014,3943,3943,8P14063,5,Hestmannøy,0.0003192380710835635,663,0.2086613123807251,300,164
0,Nesøy,5,5014,2997,2997,8N72959,13,Vikna,0.0003190278674505785,664,0.2086613123807251,300,157
0,Nesøy,5,5014,1329,1329,8N05206,12,Vega,0.00031890561440081844,665,0.2086613123807251,300,156
0,Nesøy,5,5014,4875,4875,8800489,10,Aldra,0.0003185234834585473,666,0.2086613123807251,300,162
0,Nesøy,5,5014,3555,3555,8N87568,11,Leka,0.0003180214981571773,667,0.2086613123807251,300,166
0,Nesøy,5,5014,129,129,8L30696,12,Vega,0.0003179842500857254,668,0.2086613123807251,300,154
0,Nesøy,5,5014,3678,3678,8N87853,14,Lauvøya,0.0003179503545237272,669,0.2086613123807251,300,157
0,Nesøy,5,5014,4946,4946,8857101,7,Onøy og Lurøy,0.0003175183457930413,670,0.2086613123807251,300,156
0,Nesøy,5,5014,5411,5411,8943487,7,Onøy og Lurøy,0.00031739115546196447,671,0.2086613123807251,300,162
0,Nesøy,5,5014,3699,3699,8N87875,13,Vikna,0.0003168974886021329,672,0.2086613123807251,300,167
0,Nesøy,5,5014,1946,1946,8N13647,14,Lauvøya,0.00031642889473504853,673,0.2086613123807251,300,152
0,Nesøy,5,5014,1097,1097,8M72528,11,Leka,0.00031607702766533004,674,0.2086613123807251,300,155
0,Nesøy,5,5014,5532,5532,8981723,5,Hestmannøy,0.0003160220432673826,675,0.2086613123807251,300,152
0,Nesøy,5,5014,5306,5306,8939392,6,Indre Kvarøy,0.0003159885454232263,676,0.2086613123807251,300,165
0,Nesøy,5,5014,3825,3825,8P11321,4,Gjerøy,0.0003158848112973536,677,0.2086613123807251,300,165
0,Nesøy,5,5014,5576,5576,8981972,2,Træna,0.0003156755525579482,678,0.2086613123807251,300,150
0,Nesøy,5,5014,5377,5377,8943039,4,Gjerøy,0.0003156328328096548,679,0.2086613123807251,300,150
0,Nesøy,5,5014,5198,5198,8934451,1,Myken,0.0003153707335943211,680,0.2086613123807251,300,149
0,Nesøy,5,5014,5067,5067,8887406,10,Aldra,0.0003151463112062121,681,0.2086613123807251,300,153
0,Nesøy,5,5014,4895,4895,8800606,8,Lovund,0.0003151020906143519,682,0.2086613123807251,300,157
0,Nesøy,5,5014,2741,2741,8N42519,5,Hestmannøy,0.00031459553388527164,683,0.2086613123807251,300,159
0,Nesøy,5,5014,5554,5554,8981828,7,Onøy og Lurøy,0.00031453660507021797,684,0.2086613123807251,300,158
0,Nesøy,5,5014,2256,2256,8N14638,13,Vikna,0.0003143898294696659,685,0.2086613123807251,300,159
0,Nesøy,5,5014,3432,3432,8N73998,14,Lauvøya,0.0003143808873230591,686,0.2086613123807251,300,157
0,Nesøy,5,5014,3871,3871,8P11553,14,Lauvøya,0.00031369835482503,687,0.2086613123807251,300,154
0,Nesøy,5,5014,2040,2040,8N13974,5,Hestmannøy,0.0003135950467660571,688,0.2086613123807251,300,152
0,Nesøy,5,5014,4239,4239,8309288,5,Hestmannøy,0.00031281616427805567,689,0.2086613123807251,300,152
0,Nesøy,5,5014,1695,1695,8N06492,12,Vega,0.0003124148294441498,690,0.2086613123807251,300,161
0,Nesøy,5,5014,1161,1161,8M72737,4,Gjerøy,0.0003121327114657377,691,0.2086613123807251,300,152
0,Nesøy,5,5014,339,339,8L52384,11,Leka,0.000311896970939621,692,0.2086613123807251,300,154
0,Nesøy,5,5014,1040,1040,8M71865,5,Hestmannøy,0.0003117669894062324,693,0.2086613123807251,300,158
0,Nesøy,5,5014,2753,2753,8N42536,4,Gjerøy,0.0003116006559218759,694,0.2086613123807251,300,163
0,Nesøy,5,5014,1313,1313,8N05190,13,Vikna,0.0003108068978421782,695,0.2086613123807251,300,147
0,Nesøy,5,5014,3062,3062,8N73224,12,Vega,0.0003105924875601596,696,0.2086613123807251,300,152
0,Nesøy,5,5014,3806,3806,8N87983,13,Vikna,0.00031029536757714443,697,0.2086613123807251,300,160
0,Nesøy,5,5014,4077,4077,8P14955,14,Lauvøya,0.00031008349067100936,698,0.2086613123807251,300,168
0,Nesøy,5,5014,5200,5200,8934459,4,Gjerøy,0.0003094363092156137,699,0.2086613123807251,300,154
0,Nesøy,5,5014,1525,1525,8N05362,14,Lauvøya,0.0003092490958221891,700,0.2086613123807251,300,160
0,Nesøy,5,5014,2885,2885,8N72616,5,Hestmannøy,0.0003092442668757791,701,0.2086613123807251,300,162
0,Nesøy,5,5014,1092,1092,8M72444,13,Vikna,0.00030851276204323525,702,0.2086613123807251,300,163
0,Nesøy,5,5014,517,517,8M71105,13,Vikna,0.0003084117914126013,703,0.2086613123807251,300,154
0,Nesøy,5,5014,4505,4505,8732220,9,Sleneset,0.00030800705309803146,704,0.2086613123807251,300,161
0,Nesøy,5,5014,657,657,8L89728,4,Gjerøy,0.00030771437560099004,705,0.2086613123807251,300,153
0,Nesøy,5,5014,1531,1531,8N05673,14,Lauvøya,0.000306947856852766,706,0.2086613123807251,300,153
0,Nesøy,5,5014,3504,3504,8N87517,11,Leka,0.0003069154777155908,707,0.2086613123807251,300,162
0,Nesøy,5,5014,916,916,8M71238,6,Indre Kvarøy,0.0003067959170411847,708,0.2086613123807251,300,156
0,Nesøy,5,5014,782,782,8M31581,5,Hestmannøy,0.00030678915664053027,709,0.2086613123807251,300,159
0,Nesøy,5,5014,4499,4499,8730957,3,Selvær,0.00030616361784247377,710,0.2086613123807251,300,153
0,Nesøy,5,5014,5257,5257,8939101,5,Hestmannøy,0.0003055778497203154,711,0.2086613123807251,300,164
0,Nesøy,5,5014,3213,3213,8N73546,5,Hestmannøy,0.00030499671552851234,712,0.2086613123807251,300,159
0,Nesøy,5,5014,2400,2400,8N27095,2,Træna,0.00030478563835640877,713,0.2086613123807251,300,156
0,Nesøy,5,5014,1914,1914,8N13615,14,Lauvøya,0.0003040452435412157,714,0.2086613123807251,300,158
0,Nesøy,5,5014,4688,4688,8747608,5,Hestmannøy,0.0003038480563693248,715,0.2086613123807251,300,152
0,Nesøy,5,5014,5011,5011,8866889,11,Leka,0.0003033117752374394,716,0.2086613123807251,300,158
0,Nesøy,5,5014,1057,1057,8M31944,6,Indre Kvarøy,0.00030316885419097065,717,0.2086613123807251,300,171
0,Nesøy,5,5014,1907,1907,8N13609,14,Lauvøya,0.0003029145594490717,718,0.2086613123807251,300,151
0,Nesøy,5,5014,3861,3861,8P11543,14,Lauvøya,0.00030285941335274396,719,0.2086613123807251,300,166
0,Nesøy,5,5014,2708,2708,8N42273,5,Hestmannøy,0.00030244359092349254,720,0.2086613123807251,300,161
0,Nesøy,5,5014,1530,1530,8N05672,14,Lauvøya,0.0003024135388912575,721,0.2086613123807251,300,160
0,Nesøy,5,5014,766,766,8M31522,1,Myken,0.000301682819268296,722,0.2086613123807251,300,163
0,Nesøy,5,5014,4229,4229,8309263,5,Hestmannøy,0.00030146744235708285,723,0.2086613123807251,300,152
0,Nesøy,5,5014,1706,1706,8N06519,4,Gjerøy,0.00030111489361864247,724,0.2086613123807251,300,168
0,Nesøy,5,5014,2961,2961,8N72921,13,Vikna,0.00030095801658968865,725,0.2086613123807251,300,149
0,Nesøy,5,5014,3105,3105,8N73318,14,Lauvøya,0.0003000258861300021,726,0.2086613123807251,300,160
0,Nesøy,5,5014,204,204,8L48443,5,Hestmannøy,0.00029989530764557324,727,0.2086613123807251,300,159
0,Nesøy,5,5014,1428,1428,8N05307,13,Vikna,0.0002998768749276896,728,0.2086613123807251,300,160
0,Nesøy,5,5014,1046,1046,8M72002,8,Lovund,0.0002996995184238737,729,0.2086613123807251,300,163
0,Nesøy,5,5014,2593,2593,8N28528,9,Sleneset,0.0002995366306374393,730,0.2086613123807251,300,155
0,Nesøy,5,5014,2298,2298,8N14681,13,Vikna,0.0002992644963722938,731,0.2086613123807251,300,162
0,Nesøy,5,5014,5110,5110,8917927,2,Træna,0.0002986683765322922,732,0.2086613123807251,300,155
0,Nesøy,5,5014,1240,1240,8N05116,12,Vega,0.0002985804168456358,733,0.2086613123807251,300,157
0,Nesøy,5,5014,1184,1184,8M72881,5,Hestmannøy,0.0002982087692896581,734,0.2086613123807251,300,153
0,Nesøy,5,5014,5058,5058,8887357,10,Aldra,0.0002979753715174409,735,0.2086613123807251,300,154
0,Nesøy,5,5014,5484,5484,8981268,5,Hestmannøy,0.00029758650089871445,736,0.2086613123807251,300,154
0,Nesøy,5,5014,1154,1154,8M72698,14,Lauvøya,0.0002974810137357016,737,0.2086613123807251,300,167
0,Nesøy,5,5014,4834,4834,8800199,5,Hestmannøy,0.0002973552847211601,738,0.2086613123807251,300,149
0,Nesøy,5,5014,4488,4488,8730922,3,Selvær,0.0002971731617743881,739,0.2086613123807251,300,148
0,Nesøy,5,5014,587,587,8L89399,6,Indre Kvarøy,0.000296497340890225,740,0.2086613123807251,300,149
0,Nesøy,5,5014,2566,2566,8N28281,2,Træna,0.00029645947388524507,741,0.2086613123807251,300,150
0,Nesøy,5,5014,1260,1260,8N05136,12,Vega,0.0002962724949802237,742,0.2086613123807251,300,158
0,Nesøy,5,5014,792,792,8M31637,10,Aldra,0.00029583043233186835,743,0.2086613123807251,300,158
0,Nesøy,5,5014,3796,3796,8N87973,13,Vikna,0.00029522770484028554,744,0.2086613123807251,300,162
0,Nesøy,5,5014,2196,2196,8N14577,11,Leka,0.0002946891459226167,745,0.2086613123807251,300,151
0,Nesøy,5,5014,3158,3158,8N73468,11,Leka,0.0002941472027044917,746,0.2086613123807251,300,155
0,Nesøy,5,5014,2825,2825,8N72040,3,Selvær,0.00029346762642465184,747,0.2086613123807251,300,162
0,Nesøy,5,5014,1516,1516,8N05658,13,Vikna,0.000293352817402547,748,0.2086613123807251,300,159
0,Nesøy,5,5014,4337,4337,8681024,5,Hestmannøy,0.0002933041469141186,749,0.2086613123807251,300,169
0,Nesøy,5,5014,4789,4789,8800025,5,Hestmannøy,0.0002931638197380885,750,0.2086613123807251,300,162
0,Nesøy,5,5014,3466,3466,8N87241,5,Hestmannøy,0.00029310411676357833,751,0.2086613123807251,300,163
0,Nesøy,5,5014,1928,1928,8N13627,14,Lauvøya,0.00029268814398254235,752,0.2086613123807251,300,158
0,Nesøy,5,5014,741,741,8M31356,5,Hestmannøy,0.00029251717625816096,753,0.2086613123807251,300,160
0,Nesøy,5,5014,85,85,8L30167,12,Vega,0.000292133705121022,754,0.2086613123807251,300,153
0,Nesøy,5,5014,1094,1094,8M72524,11,Leka,0.00029206217410818365,755,0.2086613123807251,300,159
0,Nesøy,5,5014,1989,1989,8N13691,13,Vikna,0.0002920516399812738,756,0.2086613123807251,300,163
0,Nesøy,5,5014,674,674,8L89836,5,Hestmannøy,0.00029187966235141226,757,0.2086613123807251,300,152
0,Nesøy,5,5014,34,34,8L19900,6,Indre Kvarøy,0.0002917951510448529,758,0.2086613123807251,300,162
0,Nesøy,5,5014,2956,2956,8N72916,13,Vikna,0.000290686487521539,759,0.2086613123807251,300,158
0,Nesøy,5,5014,877,877,8L64895,11,Leka,0.0002904369808545038,760,0.2086613123807251,300,153
0,Nesøy,5,5014,2173,2173,8N14553,11,Leka,0.0002901988933839846,761,0.2086613123807251,300,159
0,Nesøy,5,5014,5473,5473,8981209,12,Vega,0.000290067558362829,762,0.2086613123807251,300,151
0,Nesøy,5,5014,4250,4250,8573221,4,Gjerøy,0.00028980026622366746,763,0.2086613123807251,300,169
0,Nesøy,5,5014,1408,1408,8N05286,13,Vikna,0.00028940615821887363,764,0.2086613123807251,300,159
0,Nesøy,5,5014,1710,1710,8N06554,4,Gjerøy,0.000289385786771025,765,0.2086613123807251,300,149
0,Nesøy,5,5014,3091,3091,8N73301,14,Lauvøya,0.0002888241462586172,766,0.2086613123807251,300,157
0,Nesøy,5,5014,3147,3147,8N73457,11,Leka,0.0002886970710273231,767,0.2086613123807251,300,158
0,Nesøy,5,5014,4351,4351,8681053,4,Gjerøy,0.00028845223279879334,768,0.2086613123807251,300,150
0,Nesøy,5,5014,2152,2152,8N14531,11,Leka,0.0002881868666711201,769,0.2086613123807251,300,157
0,Nesøy,5,5014,1565,1565,8N05713,6,Indre Kvarøy,0.00028818610805198187,770,0.2086613123807251,300,150
0,Nesøy,5,5014,5475,5475,8981220,11,Leka,0.0002871858827301222,771,0.2086613123807251,300,161
0,Nesøy,5,5014,3580,3580,8N87594,11,Leka,0.00028681415451632593,772,0.2086613123807251,300,156
0,Nesøy,5,5014,3623,3623,8N87756,4,Gjerøy,0.0002866070873040366,773,0.2086613123807251,300,151
0,Nesøy,5,5014,5429,5429,8800422,10,Aldra,0.00028657056801411143,774,0.2086613123807251,300,158
0,Nesøy,5,5014,263,263,8L48768,11,Leka,0.0002865321882981433,775,0.2086613123807251,300,168
0,Nesøy,5,5014,1667,1667,8N06464,12,Vega,0.0002860132384855617,776,0.2086613123807251,300,159
0,Nesøy,5,5014,1311,1311,8N05188,13,Vikna,0.0002858756173531772,777,0.2086613123807251,300,166
0,Nesøy,5,5014,4879,4879,8800512,5,Hestmannøy,0.0002857776361515754,778,0.2086613123807251,300,156
0,Nesøy,5,5014,2462,2462,8N27412,5,Hestmannøy,0.0002857685240043227,779,0.2086613123807251,300,152
0,Nesøy,5,5014,2709,2709,8N42275,5,Hestmannøy,0.0002853145263593657,780,0.2086613123807251,300,159
0,Nesøy,5,5014,4149,4149,8P26683,7,Onøy og Lurøy,0.0002852283200609032,781,0.2086613123807251,300,156
0,Nesøy,5,5014,976,976,8M71380,12,Vega,0.00028507031213809137,782,0.2086613123807251,300,162
0,Nesøy,5,5014,1827,1827,8N06891,11,Leka,0.00028496905940462894,783,0.2086613123807251,300,153
0,Nesøy,5,5014,2551,2551,8N28148,2,Træna,0.00028438596095216654,784,0.2086613123807251,300,156
0,Nesøy,5,5014,3819,3819,8P11064,2,Træna,0.0002837857867983474,785,0.2086613123807251,300,153
0,Nesøy,5,5014,3753,3753,8N87930,13,Vikna,0.00028374187032224044,786,0.2086613123807251,300,154
0,Nesøy,5,5014,3716,3716,8N87892,13,Vikna,0.00028306864503726317,787,0.2086613123807251,300,165
0,Nesøy,5,5014,1922,1922,8N13621,14,Lauvøya,0.00028296711753933104,788,0.2086613123807251,300,162
0,Nesøy,5,5014,3413,3413,8N73979,12,Vega,0.0002826414318965775,789,0.2086613123807251,300,153
0,Nesøy,5,5014,1577,1577,8N05796,10,Aldra,0.0002822069958203895,790,0.2086613123807251,300,158
0,Nesøy,5,5014,2939,2939,8N72825,14,Lauvøya,0.0002816962289042696,791,0.2086613123807251,300,161
0,Nesøy,5,5014,734,734,8M31329,5,Hestmannøy,0.0002816511756410084,792,0.2086613123807251,300,147
0,Nesøy,5,5014,2309,2309,8N14692,13,Vikna,0.0002814406851555077,793,0.2086613123807251,300,151
0,Nesøy,5,5014,2422,2422,8N27199,14,Lauvøya,0.00028125069261484106,794,0.2086613123807251,300,155
0,Nesøy,5,5014,4494,4494,8730943,3,Selvær,0.0002811764354155884,795,0.2086613123807251,300,162
0,Nesøy,5,5014,4871,4871,8800470,5,Hestmannøy,0.00028114597951879274,796,0.2086613123807251,300,167
0,Nesøy,5,5014,1486,1486,8N05621,14,Lauvøya,0.00028110862712326767,797,0.2086613123807251,300,155
0,Nesøy,5,5014,3881,3881,8P11563,14,Lauvøya,0.00028067101236514127,798,0.2086613123807251,300,150
0,Nesøy,5,5014,1658,1658,8N06395,4,Gjerøy,0.0002805347484676951,799,0.2086613123807251,300,149
0,Nesøy,5,5014,18,18,8L19688,3,Selvær,0.00028044377896676594,800,0.2086613123807251,300,147
0,Nesøy,5,5014,2139,2139,8N14518,11,Leka,0.0002803432446554817,801,0.2086613123807251,300,149
0,Nesøy,5,5014,3911,3911,8P11768,8,Lovund,0.00028019069896094895,802,0.2086613123807251,300,151
0,Nesøy,5,5014,4434,4434,8681477,3,Selvær,0.00028016963882010617,803,0.2086613123807251,300,153
0,Nesøy,5,5014,5274,5274,8939195,5,Hestmannøy,0.0002801582493938373,804,0.2086613123807251,300,161
0,Nesøy,5,5014,5568,5568,8981929,3,Selvær,0.0002794458108347846,805,0.2086613123807251,300,159
0,Nesøy,5,5014,3931,3931,8P14006,2,Træna,0.00027900424343817214,806,0.2086613123807251,300,153
0,Nesøy,5,5014,363,363,8L52504,5,Hestmannøy,0.0002789624321372159,807,0.2086613123807251,300,146
0,Nesøy,5,5014,504,504,8L64825,2,Træna,0.0002789558863545013,808,0.2086613123807251,300,161
0,Nesøy,5,5014,1866,1866,8N13135,14,Lauvøya,0.0002788680350792331,809,0.2086613123807251,300,159
0,Nesøy,5,5014,3021,3021,8N73093,5,Hestmannøy,0.00027864248328071835,810,0.2086613123807251,300,155
0,Nesøy,5,5014,217,217,8L48473,4,Gjerøy,0.0002779257225777808,811,0.2086613123807251,300,157
0,Nesøy,5,5014,2573,2573,8N28368,2,Træna,0.0002778783344441304,812,0.2086613123807251,300,169
0,Nesøy,5,5014,4281,4281,8651512,3,Selvær,0.00027747481147670863,813,0.2086613123807251,300,160
0,Nesøy,5,5014,2093,2093,8N14176,6,Indre Kvarøy,0.0002769856413950601,814,0.2086613123807251,300,155
0,Nesøy,5,5014,3537,3537,8N87550,11,Leka,0.00027697599141721747,815,0.2086613123807251,300,167
0,Nesøy,5,5014,306,306,8L52324,12,Vega,0.0002768064376067856,816,0.2086613123807251,300,157
0,Nesøy,5,5014,1367,1367,8N05245,13,Vikna,0.0002761580574530686,817,0.2086613123807251,300,174
0,Nesøy,5,5014,3469,3469,8N87246,2,Træna,0.00027572931184874296,818,0.2086613123807251,300,161
0,Nesøy,5,5014,961,961,8M71348,12,Vega,0.0002756568653776638,819,0.2086613123807251,300,156
0,Nesøy,5,5014,4908,4908,8800967,12,Vega,0.0002747508421148514,820,0.2086613123807251,300,165
0,Nesøy,5,5014,362,362,8L52493,13,Vikna,0.00027461539823663895,821,0.2086613123807251,300,154
0,Nesøy,5,5014,537,537,8M31815,12,Vega,0.00027450567623326895,822,0.2086613123807251,300,159
0,Nesøy,5,5014,3676,3676,8N87851,14,Lauvøya,0.0002744899980435176,823,0.2086613123807251,300,165
0,Nesøy,5,5014,4461,4461,8730465,2,Træna,0.00027433754289002524,824,0.2086613123807251,300,151
0,Nesøy,5,5014,4542,4542,8732565,4,Gjerøy,0.00027423113629979046,825,0.2086613123807251,300,164
0,Nesøy,5,5014,5422,5422,8943737,5,Hestmannøy,0.00027419672773970063,826,0.2086613123807251,300,153
0,Nesøy,5,5014,2262,2262,8N14645,13,Vikna,0.0002741680259835587,827,0.2086613123807251,300,157
0,Nesøy,5,5014,1547,1547,8N05689,14,Lauvøya,0.0002738327047879877,828,0.2086613123807251,300,147
0,Nesøy,5,5014,2496,2496,8N27864,6,Indre Kvarøy,0.000273725250986557,829,0.2086613123807251,300,160
0,Nesøy,5,5014,1703,1703,8N06500,12,Vega,0.00027352730385546973,830,0.2086613123807251,300,163
0,Nesøy,5,5014,2060,2060,8N14012,7,Onøy og Lurøy,0.0002734970692199637,831,0.2086613123807251,300,162
0,Nesøy,5,5014,3332,3332,8N73824,6,Indre Kvarøy,0.0002734547705550032,832,0.2086613123807251,300,160
0,Nesøy,5,5014,746,746,8M31374,5,Hestmannøy,0.00027342414578052337,833,0.2086613123807251,300,150
0,Nesøy,5,5014,117,117,8L30500,2,Træna,0.00027317860513870857,834,0.2086613123807251,300,154
0,Nesøy,5,5014,2996,2996,8N72958,13,Vikna,0.0002728028626255559,835,0.2086613123807251,300,159
0,Nesøy,5,5014,221,221,8L48479,4,Gjerøy,0.0002726943844740731,836,0.2086613123807251,300,159
0,Nesøy,5,5014,2922,2922,8N72698,11,Leka,0.00027261773596022664,837,0.2086613123807251,300,170
0,Nesøy,5,5014,1141,1141,8M72646,4,Gjerøy,0.00027253897506679414,838,0.2086613123807251,300,161
0,Nesøy,5,5014,2419,2419,8N27196,14,Lauvøya,0.0002721810300112606,839,0.2086613123807251,300,156
0,Nesøy,5,5014,1054,1054,8M72021,3,Selvær,0.00027188488577595347,840,0.2086613123807251,300,151
0,Nesøy,5,5014,4371,4371,8681081,5,Hestmannøy,0.0002718731812764661,841,0.2086613123807251,300,144
0,Nesøy,5,5014,929,929,8M71283,4,Gjerøy,0.000271460414414012,842,0.2086613123807251,300,154
0,Nesøy,5,5014,3308,3308,8N73690,13,Vikna,0.0002710772125231414,843,0.2086613123807251,300,149
0,Nesøy,5,5014,1469,1469,8N05604,14,Lauvøya,0.0002707037771016111,844,0.2086613123807251,300,158
0,Nesøy,5,5014,3225,3225,8N73606,14,Lauvøya,0.0002706734120209797,845,0.2086613123807251,300,154
0,Nesøy,5,5014,3530,3530,8N87543,11,Leka,0.0002701440161241289,846,0.2086613123807251,300,146
0,Nesøy,5,5014,807,807,8L89562,12,Vega,0.00026990353994193317,847,0.2086613123807251,300,169
0,Nesøy,5,5014,4648,4648,8747374,3,Selvær,0.00026940132674553254,848,0.2086613123807251,300,159
0,Nesøy,5,5014,4928,4928,8816930,4,Gjerøy,0.00026909026297740503,849,0.2086613123807251,300,160
0,Nesøy,5,5014,5438,5438,8981002,5,Hestmannøy,0.00026889020174798164,850,0.2086613123807251,300,156
0,Nesøy,5,5014,1553,1553,8N05701,6,Indre Kvarøy,0.00026867534033832524,851,0.2086613123807251,300,156
0,Nesøy,5,5014,32,32,8L19877,5,Hestmannøy,0.0002683078731982011,852,0.2086613123807251,300,161
0,Nesøy,5,5014,3543,3543,8N87556,11,Leka,0.0002682863543420617,853,0.2086613123807251,300,157
0,Nesøy,5,5014,4638,4638,8747293,9,Sleneset,0.0002681027776330033,854,0.2086613123807251,300,160
0,Nesøy,5,5014,2270,2270,8N14653,13,Vikna,0.00026792174901985787,855,0.2086613123807251,300,150
0,Nesøy,5,5014,5367,5367,8939915,11,Leka,0.00026762292684256203,856,0.2086613123807251,300,155
0,Nesøy,5,5014,4405,4405,8681317,5,Hestmannøy,0.00026758233336541106,857,0.2086613123807251,300,159
0,Nesøy,5,5014,3191,3191,8N73502,5,Hestmannøy,0.00026753758604357064,858,0.2086613123807251,300,153
0,Nesøy,5,5014,4706,4706,8747720,5,Hestmannøy,0.00026743063520384084,859,0.2086613123807251,300,164
0,Nesøy,5,5014,2063,2063,8N14016,7,Onøy og Lurøy,0.0002670942339664209,860,0.2086613123807251,300,145
0,Nesøy,5,5014,1504,1504,8N05646,14,Lauvøya,0.00026691125798892,861,0.2086613123807251,300,173
0,Nesøy,5,5014,409,409,8L57742,12,Vega,0.0002667485401553973,862,0.2086613123807251,300,154
0,Nesøy,5,5014,1762,1762,8N06823,11,Leka,0.0002665432786583046,863,0.2086613123807251,300,170
0,Nesøy,5,5014,570,570,8L89365,5,Hestmannøy,0.000266536818370594,864,0.2086613123807251,300,148
0,Nesøy,5,5014,226,226,8L48566,7,Onøy og Lurøy,0.0002664094686883061,865,0.2086613123807251,300,160
0,Nesøy,5,5014,1073,1073,8M72292,2,Træna,0.0002662809526797791,866,0.2086613123807251,300,155
0,Nesøy,5,5014,1569,1569,8N05717,6,Indre Kvarøy,0.0002661250242857359,867,0.2086613123807251,300,160
0,Nesøy,5,5014,3929,3929,8P11997,6,Indre Kvarøy,0.00026597975436402893,868,0.2086613123807251,300,161
0,Nesøy,5,5014,553,553,8L89274,5,Hestmannøy,0.00026585110464521345,869,0.2086613123807251,300,162
0,Nesøy,5,5014,2702,2702,8N42256,5,Hestmannøy,0.00026551080187384174,870,0.2086613123807251,300,148
0,Nesøy,5,5014,5318,5318,8939538,5,Hestmannøy,0.0002653233428504169,871,0.2086613123807251,300,154
0,Nesøy,5,5014,2026,2026,8N13933,5,Hestmannøy,0.00026523040889889606,872,0.2086613123807251,300,146
0,Nesøy,5,5014,4127,4127,8P26403,5,Hestmannøy,0.0002648746925331812,873,0.2086613123807251,300,161
0,Nesøy,5,5014,4950,4950,8857202,4,Gjerøy,0.0002648692288189981,874,0.2086613123807251,300,152
0,Nesøy,5,5014,5278,5278,8939278,12,Vega,0.0002645208535542657,875,0.2086613123807251,300,158
0,Nesøy,5,5014,2524,2524,8N27941,6,Indre Kvarøy,0.00026437539812944284,876,0.2086613123807251,300,164
0,Nesøy,5,5014,5369,5369,8939932,11,Leka,0.0002641835544895109,877,0.2086613123807251,300,154
0,Nesøy,5,5014,5458,5458,8981095,11,Leka,0.0002632506372063147,878,0.2086613123807251,300,145
0,Nesøy,5,5014,3044,3044,8N73200,14,Lauvøya,0.00026323558006009236,879,0.2086613123807251,300,153
0,Nesøy,5,5014,2169,2169,8N14548,11,Leka,0.00026218794240316705,880,0.2086613123807251,300,147
0,Nesøy,5,5014,5501,5501,8981318,6,Indre Kvarøy,0.0002621729303217266,881,0.2086613123807251,300,175
0,Nesøy,5,5014,5250,5250,8939070,7,Onøy og Lurøy,0.0002621201453012163,882,0.2086613123807251,300,155
0,Nesøy,5,5014,4564,4564,8732648,5,Hestmannøy,0.00026157657168130626,883,0.2086613123807251,300,158
0,Nesøy,5,5014,2067,2067,8N14023,5,Hestmannøy,0.0002611636857194318,884,0.2086613123807251,300,160
0,Nesøy,5,5014,3067,3067,8N73229,12,Vega,0.00026099564199281674,885,0.2086613123807251,300,157
0,Nesøy,5,5014,4561,4561,8732644,5,Hestmannøy,0.0002609602302406341,886,0.2086613123807251,300,152
0,Nesøy,5,5014,3477,3477,8N87267,8,Lovund,0.00026053306796887144,887,0.2086613123807251,300,154
0,Nesøy,5,5014,892,892,8L64755,13,Vikna,0.0002603236908767605,888,0.2086613123807251,300,153
0,Nesøy,5,5014,1676,1676,8N06473,12,Vega,0.00026026267753265865,889,0.2086613123807251,300,156
0,Nesøy,5,5014,1640,1640,8N05695,14,Lauvøya,0.00026026082833459206,890,0.2086613123807251,300,164
0,Nesøy,5,5014,3234,3234,8N73615,14,Lauvøya,0.0002602317850966602,891,0.2086613123807251,300,158
0,Nesøy,5,5014,3409,3409,8N73975,12,Vega,0.00026018477734906516,892,0.2086613123807251,300,154
0,Nesøy,5,5014,4540,4540,8732570,7,Onøy og Lurøy,0.000259744168284252,893,0.2086613123807251,300,155
0,Nesøy,5,5014,1314,1314,8N05191,13,Vikna,0.00025966924668796847,894,0.2086613123807251,300,149
0,Nesøy,5,5014,5359,5359,8939860,8,Lovund,0.00025940955160408597,895,0.2086613123807251,300,152
0,Nesøy,5,5014,4936,4936,8816947,4,Gjerøy,0.0002591074809459869,896,0.2086613123807251,300,161
0,Nesøy,5,5014,3969,3969,8P14310,14,Lauvøya,0.00025909331281065017,897,0.2086613123807251,300,150
0,Nesøy,5,5014,1404,1404,8N05282,13,Vikna,0.0002588003191835778,898,0.2086613123807251,300,159
0,Nesøy,5,5014,3120,3120,8N73430,11,Leka,0.00025796541516660723,899,0.2086613123807251,300,156
0,Nesøy,5,5014,5249,5249,8939067,7,Onøy og Lurøy,0.00025775385853761106,900,0.2086613123807251,300,172
0,Nesøy,5,5014,3195,3195,8N73506,5,Hestmannøy,0.0002576248309515719,901,0.2086613123807251,300,180
0,Nesøy,5,5014,3886,3886,8P11568,14,Lauvøya,0.00025759800579801305,902,0.2086613123807251,300,166
0,Nesøy,5,5014,390,390,8L52913,10,Aldra,0.00025740853596647843,903,0.2086613123807251,300,162
0,Nesøy,5,5014,1226,1226,8N05102,12,Vega,0.0002571547128767114,904,0.2086613123807251,300,157
0,Nesøy,5,5014,143,143,8L30761,10,Aldra,0.00025708752756841037,905,0.2086613123807251,300,157
0,Nesøy,5,5014,3410,3410,8N73976,12,Vega,0.00025700237663575193,906,0.2086613123807251,300,159
0,Nesøy,5,5014,1357,1357,8N05234,12,Vega,0.0002566492508953396,907,0.2086613123807251,300,154
0,Nesøy,5,5014,2008,2008,8N13854,14,Lauvøya,0.0002565352534037243,908,0.2086613123807251,300,160
0,Nesøy,5,5014,4410,4410,8681355,5,Hestmannøy,0.00025647236195387344,909,0.2086613123807251,300,162
0,Nesøy,5,5014,5355,5355,8939819,2,Træna,0.0002562332291001451,910,0.2086613123807251,300,158
0,Nesøy,5,5014,1522,1522,8N05664,13,Vikna,0.0002560270523870521,911,0.2086613123807251,300,155
0,Nesøy,5,5014,1697,1697,8N06494,12,Vega,0.00025527344441540447,912,0.2086613123807251,300,162
0,Nesøy,5,5014,3415,3415,8N73981,12,Vega,0.00025469575443792526,913,0.2086613123807251,300,168
0,Nesøy,5,5014,5284,5284,8939344,5,Hestmannøy,0.00025449838196608347,914,0.2086613123807251,300,161
0,Nesøy,5,5014,3010,3010,8N73031,10,Aldra,0.0002543844167568554,915,0.2086613123807251,300,160
0,Nesøy,5,5014,5113,5113,8917940,8,Lovund,0.0002539474019597874,916,0.2086613123807251,300,154
0,Nesøy,5,5014,4152,4152,8P26693,7,Onøy og Lurøy,0.0002537467721123332,917,0.2086613123807251,300,159
0,Nesøy,5,5014,1614,1614,8N05884,11,Leka,0.0002536237674674693,918,0.2086613123807251,300,150
0,Nesøy,5,5014,606,606,8L89509,5,Hestmannøy,0.00025356740039254785,919,0.2086613123807251,300,161
0,Nesøy,5,5014,2783,2783,8N42717,5,Hestmannøy,0.00025355584355479625,920,0.2086613123807251,300,154
0,Nesøy,5,5014,3194,3194,8N73505,5,Hestmannøy,0.0002531523725334488,921,0.2086613123807251,300,154
0,Nesøy,5,5014,2599,2599,8N28557,2,Træna,0.00025271542069545534,922,0.2086613123807251,300,155
0,Nesøy,5,5014,5206,5206,8934475,3,Selvær,0.00025253558276169347,923,0.2086613123807251,300,143
0,Nesøy,5,5014,802,802,8M31737,3,Selvær,0.00025244110383894174,924,0.2086613123807251,300,152
0,Nesøy,5,5014,4279,4279,8598907,6,Indre Kvarøy,0.00025234415780587714,925,0.2086613123807251,300,156
0,Nesøy,5,5014,4063,4063,8P14874,14,Lauvøya,0.0002521963376504651,926,0.2086613123807251,300,150
0,Nesøy,5,5014,4443,4443,8730421,4,Gjerøy,0.0002520831386769702,927,0.2086613123807251,300,162
0,Nesøy,5,5014,3433,3433,8N73999,14,Lauvøya,0.0002520688753912583,928,0.2086613123807251,300,154
0,Nesøy,5,5014,2840,2840,8N72266,2,Træna,0.0002520567026939971,929,0.2086613123807251,300,169
0,Nesøy,5,5014,2197,2197,8N14578,11,Leka,0.00025195932805584676,930,0.2086613123807251,300,148
0,Nesøy,5,5014,1446,1446,8N05462,5,Hestmannøy,0.0002515863529888458,931,0.2086613123807251,300,149
0,Nesøy,5,5014,4636,4636,8747288,3,Selvær,0.00025147394341505896,932,0.2086613123807251,300,152
0,Nesøy,5,5014,3171,3171,8N73482,11,Leka,0.00025128346618043945,933,0.2086613123807251,300,159
0,Nesøy,5,5014,2691,2691,8N42139,2,Træna,0.00025121801642276115,934,0.2086613123807251,300,159
0,Nesøy,5,5014,2503,2503,8N27881,5,Hestmannøy,0.00025109424538141505,935,0.2086613123807251,300,149
0,Nesøy,5,5014,3646,3646,8N87819,14,Lauvøya,0.00025045817445918045,936,0.2086613123807251,300,151
0,Nesøy,5,5014,2340,2340,8N14954,10,Aldra,0.00025044755417611813,937,0.2086613123807251,300,168
0,Nesøy,5,5014,2321,2321,8N14900,2,Træna,0.0002504401995000411,938,0.2086613123807251,300,153
0,Nesøy,5,5014,5354,5354,8939807,1,Myken,0.00025023478901490436,939,0.2086613123807251,300,151
0,Nesøy,5,5014,2610,2610,8N28687,5,Hestmannøy,0.0002500595478178951,940,0.2086613123807251,300,151
0,Nesøy,5,5014,2383,2383,8N27078,14,Lauvøya,0.00024996179304841165,941,0.2086613123807251,300,164
0,Nesøy,5,5014,404,404,8L52973,4,Gjerøy,0.0002499351567127128,942,0.2086613123807251,300,156
0,Nesøy,5,5014,4013,4013,8P14736,2,Træna,0.00024991372349643604,943,0.2086613123807251,300,156
0,Nesøy,5,5014,5379,5379,8943053,9,Sleneset,0.00024891717385018585,944,0.2086613123807251,300,151
0,Nesøy,5,5014,3203,3203,8N73515,7,Onøy og Lurøy,0.00024873913068764207,945,0.2086613123807251,300,146
0,Nesøy,5,5014,3959,3959,8P14191,5,Hestmannøy,0.00024871646490513225,946,0.2086613123807251,300,150
0,Nesøy,5,5014,3895,3895,8P11578,5,Hestmannøy,0.0002486490665854803,947,0.2086613123807251,300,158
0,Nesøy,5,5014,2889,2889,8N72655,5,Hestmannøy,0.00024853704121055993,948,0.2086613123807251,300,157
0,Nesøy,5,5014,1714,1714,8N06570,4,Gjerøy,0.0002484228827446123,949,0.2086613123807251,300,156
0,Nesøy,5,5014,1245,1245,8N05121,14,Lauvøya,0.000248045824213167,950,0.2086613123807251,300,157
0,Nesøy,5,5014,4856,4856,8800391,5,Hestmannøy,0.0002479469735826754,951,0.2086613123807251,300,153
0,Nesøy,5,5014,747,747,8M31382,5,Hestmannøy,0.00024792140429143357,952,0.2086613123807251,300,152
0,Nesøy,5,5014,225,225,8L48565,2,Træna,0.0002479087040251389,953,0.2086613123807251,300,153
0,Nesøy,5,5014,2863,2863,8N72466,9,Sleneset,0.0002473072576814918,954,0.2086613123807251,300,159
0,Nesøy,5,5014,4075,4075,8P14947,14,Lauvøya,0.0002469767824085847,955,0.2086613123807251,300,148
0,Nesøy,5,5014,171,171,8L30859,9,Sleneset,0.0002468378846315412,956,0.2086613123807251,300,152
0,Nesøy,5,5014,402,402,8L52965,6,Indre Kvarøy,0.00024674980232030063,957,0.2086613123807251,300,152
0,Nesøy,5,5014,938,938,8M71301,6,Indre Kvarøy,0.0002466577405137978,958,0.2086613123807251,300,163
0,Nesøy,5,5014,1,1,8L19506,3,Selvær,0.00024659886700697885,959,0.2086613123807251,300,161
0,Nesøy,5,5014,3554,3554,8N87567,11,Leka,0.0002462385882810842,960,0.2086613123807251,300,153
0,Nesøy,5,5014,1257,1257,8N05133,12,Vega,0.00024604613113142336,961,0.2086613123807251,300,153
0,Nesøy,5,5014,2607,2607,8N28683,5,Hestmannøy,0.00024574902791250447,962,0.2086613123807251,300,155
0,Nesøy,5,5014,172,172,8L30876,1,Myken,0.0002457459677404692,963,0.2086613123807251,300,160
0,Nesøy,5,5014,936,936,8M71298,6,Indre Kvarøy,0.0002455820338099703,964,0.2086613123807251,300,155
0,Nesøy,5,5014,2024,2024,8N13931,5,Hestmannøy,0.00024557752316073145,965,0.2086613123807251,300,159
0,Nesøy,5,5014,1096,1096,8M72527,11,Leka,0.0002455070746539819,966,0.2086613123807251,300,153
0,Nesøy,5,5014,4886,4886,8800538,5,Hestmannøy,0.00024491241728834273,967,0.2086613123807251,300,155
0,Nesøy,5,5014,1100,1100,8M72532,11,Leka,0.0002447483020764459,968,0.2086613123807251,300,157
0,Nesøy,5,5014,5092,5092,8887496,7,Onøy og Lurøy,0.00024455978379307286,969,0.2086613123807251,300,161
0,Nesøy,5,5014,52,52,8L19953,7,Onøy og Lurøy,0.000244159124169537,970,0.2086613123807251,300,166
0,Nesøy,5,5014,2360,2360,8N14977,7,Onøy og Lurøy,0.00024414543068351525,971,0.2086613123807251,300,144
0,Nesøy,5,5014,3301,3301,8N73682,13,Vikna,0.0002440344608569447,972,0.2086613123807251,300,158
0,Nesøy,5,5014,2078,2078,8N14109,6,Indre Kvarøy,0.00024400844685007825,973,0.2086613123807251,300,159
0,Nesøy,5,5014,3237,3237,8N73618,13,Vikna,0.00024392520321137788,974,0.2086613123807251,300,147
0,Nesøy,5,5014,3715,3715,8N87891,13,Vikna,0.0002435451590324123,975,0.2086613123807251,300,160
0,Nesøy,5,5014,3161,3161,8N73471,11,Leka,0.0002434939911844718,976,0.2086613123807251,300,143
0,Nesøy,5,5014,2513,2513,8N27906,6,Indre Kvarøy,0.000243381290152614,977,0.2086613123807251,300,161
0,Nesøy,5,5014,1838,1838,8N06917,5,Hestmannøy,0.00024298835117457973,978,0.2086613123807251,300,149
0,Nesøy,5,5014,1214,1214,8N05006,4,Gjerøy,0.00024291284589845203,979,0.2086613123807251,300,154
0,Nesøy,5,5014,3400,3400,8N73966,12,Vega,0.0002423414374749732,980,0.2086613123807251,300,159
0,Nesøy,5,5014,3434,3434,8N74000,14,Lauvøya,0.0002421147883285334,981,0.2086613123807251,300,160
0,Nesøy,5,5014,3776,3776,8N87953,13,Vikna,0.00024206279644420968,982,0.2086613123807251,300,162
0,Nesøy,5,5014,4354,4354,8681056,6,Indre Kvarøy,0.00024190963681061753,983,0.2086613123807251,300,151
0,Nesøy,5,5014,67,67,8L26538,10,Aldra,0.0002417733654065067,984,0.2086613123807251,300,156
0,Nesøy,5,5014,2651,2651,8N28812,5,Hestmannøy,0.00024137556082178357,985,0.2086613123807251,300,157
0,Nesøy,5,5014,4459,4459,8730461,8,Lovund,0.00024132225119576,986,0.2086613123807251,300,161
0,Nesøy,5,5014,267,267,8L48789,11,Leka,0.00024127462288134024,987,0.2086613123807251,300,160
0,Nesøy,5,5014,5409,5409,8943485,5,Hestmannøy,0.000241210710295536,988,0.2086613123807251,300,163
0,Nesøy,5,5014,2636,2636,8N28784,14,Lauvøya,0.00024073527279155367,989,0.2086613123807251,300,146
0,Nesøy,5,5014,1303,1303,8N05179,13,Vikna,0.00024050707262233555,990,0.2086613123807251,300,147
0,Nesøy,5,5014,733,733,8M31328,5,Hestmannøy,0.0002400378292991672,991,0.2086613123807251,300,154
0,Nesøy,5,5014,4614,4614,8747182,2,Træna,0.0002399316215550892,992,0.2086613123807251,300,156
0,Nesøy,5,5014,1429,1429,8N05308,13,Vikna,0.00023981724642445565,993,0.2086613123807251,300,165
0,Nesøy,5,5014,1316,1316,8N05193,13,Vikna,0.00023978340804069575,994,0.2086613123807251,300,163
0,Nesøy,5,5014,3428,3428,8N73994,12,Vega,0.00023972491221956285,995,0.2086613123807251,300,160
0,Nesøy,5,5014,2943,2943,8N72903,13,Vikna,0.00023969350446605844,996,0.2086613123807251,300,163
0,Nesøy,5,5014,918,918,8M71250,4,Gjerøy,0.00023961527236759475,997,0.2086613123807251,300,163
0,Nesøy,5,5014,994,994,8M71463,13,Vikna,0.00023948361895045913,998,0.2086613123807251,300,150
0,Nesøy,5,5014,3192,3192,8N73503,5,Hestmannøy,0.0002393289885808659,999,0.2086613123807251,300,163
0,Nesøy,5,5014,2328,2328,8N14922,5,Hestmannøy,0.00023928937857584418,1000,0.2086613123807251,300,148
0,Nesøy,5,5014,5109,5109,8917923,9,Sleneset,0.000239228944085861,1001,0.2086613123807251,300,162
0,Nesøy,5,5014,3170,3170,8N73480,11,Leka,0.00023905193223020435,1002,0.2086613123807251,300,152
0,Nesøy,5,5014,5004,5004,8866786,5,Hestmannøy,0.00023889556272124878,1003,0.2086613123807251,300,150
0,Nesøy,5,5014,83,83,8L30162,12,Vega,0.00023877766092458266,1004,0.2086613123807251,300,171
0,Nesøy,5,5014,4767,4767,8794302,5,Hestmannøy,0.00023869583067807944,1005,0.2086613123807251,300,155
0,Nesøy,5,5014,5080,5080,8887449,5,Hestmannøy,0.0002385130013225943,1006,0.2086613123807251,300,151
0,Nesøy,5,5014,256,256,8L48759,11,Leka,0.0002384766662728751,1007,0.2086613123807251,300,145
0,Nesøy,5,5014,476,476,8L64291,10,Aldra,0.00023841166226056383,1008,0.2086613123807251,300,145
0,Nesøy,5,5014,222,222,8L48480,4,Gjerøy,0.00023831628445291053,1009,0.2086613123807251,300,152
0,Nesøy,5,5014,3482,3482,8N87284,3,Selvær,0.0002383035349595232,1010,0.2086613123807251,300,158
0,Nesøy,5,5014,5560,5560,8981860,8,Lovund,0.00023787053637845996,1011,0.2086613123807251,300,155
0,Nesøy,5,5014,72,72,8L26582,6,Indre Kvarøy,0.00023784680855815064,1012,0.2086613123807251,300,152
0,Nesøy,5,5014,4546,4546,8732588,7,Onøy og Lurøy,0.00023781568938081713,1013,0.2086613123807251,300,150
0,Nesøy,5,5014,2104,2104,8N14227,5,Hestmannøy,0.00023763895541107703,1014,0.2086613123807251,300,148
0,Nesøy,5,5014,5382,5382,8943067,10,Aldra,0.00023739195134155926,1015,0.2086613123807251,300,158
0,Nesøy,5,5014,5365,5365,8939899,5,Hestmannøy,0.00023733700932867928,1016,0.2086613123807251,300,164
0,Nesøy,5,5014,3827,3827,8P11326,4,Gjerøy,0.0002372532550213946,1017,0.2086613123807251,300,169
0,Nesøy,5,5014,770,770,8M31542,6,Indre Kvarøy,0.00023721845134263726,1018,0.2086613123807251,300,158
0,Nesøy,5,5014,5118,5118,8917953,2,Træna,0.0002372054351071965,1019,0.2086613123807251,300,150
0,Nesøy,5,5014,5393,5393,8943129,4,Gjerøy,0.00023703952936984142,1020,0.2086613123807251,300,151
0,Nesøy,5,5014,5084,5084,8887472,4,Gjerøy,0.000236774460453729,1021,0.2086613123807251,300,160
0,Nesøy,5,5014,381,381,8L52619,3,Selvær,0.00023675586199555838,1022,0.2086613123807251,300,156
0,Nesøy,5,5014,5263,5263,8939125,4,Gjerøy,0.00023668191073776995,1023,0.2086613123807251,300,149
0,Nesøy,5,5014,1158,1158,8M72708,6,Indre Kvarøy,0.00023661985681665466,1024,0.2086613123807251,300,153
0,Nesøy,5,5014,699,699,8M31206,6,Indre Kvarøy,0.00023647437910967974,1025,0.2086613123807251,300,155
0,Nesøy,5,5014,4474,4474,8730543,8,Lovund,0.0002364309292783391,1026,0.2086613123807251,300,153
0,Nesøy,5,5014,3093,3093,8N73303,14,Lauvøya,0.00023622745384686353,1027,0.2086613123807251,300,164
0,Nesøy,5,5014,713,713,8M31262,5,Hestmannøy,0.00023618648228470286,1028,0.2086613123807251,300,152
0,Nesøy,5,5014,5120,5120,8917961,8,Lovund,0.00023617906423827422,1029,0.2086613123807251,300,147
0,Nesøy,5,5014,3561,3561,8N87574,11,Leka,0.00023612844805513802,1030,0.2086613123807251,300,160
0,Nesøy,5,5014,829,829,8L89157,13,Vikna,0.00023588262913370062,1031,0.2086613123807251,300,162
0,Nesøy,5,5014,4048,4048,8P14859,14,Lauvøya,0.0002357735113458643,1032,0.2086613123807251,300,153
0,Nesøy,5,5014,581,581,8L89387,5,Hestmannøy,0.00023572415186525928,1033,0.2086613123807251,300,156
0,Nesøy,5,5014,3680,3680,8N87855,14,Lauvøya,0.00023536661373459319,1034,0.2086613123807251,300,164
0,Nesøy,5,5014,4184,4184,8168639,4,Gjerøy,0.0002352964209816694,1035,0.2086613123807251,300,162
0,Nesøy,5,5014,1956,1956,8N13657,13,Vikna,0.00023517310908193297,1036,0.2086613123807251,300,158
0,Nesøy,5,5014,3059,3059,8N73221,12,Vega,0.000234875728669005,1037,0.2086613123807251,300,168
0,Nesøy,5,5014,3356,3356,8N73922,11,Leka,0.00023479128517631763,1038,0.2086613123807251,300,158
0,Nesøy,5,5014,865,865,8M31969,5,Hestmannøy,0.00023466379223993357,1039,0.2086613123807251,300,157
0,Nesøy,5,5014,2261,2261,8N14644,13,Vikna,0.00023458335443879379,1040,0.2086613123807251,300,161
0,Nesøy,5,5014,1837,1837,8N06916,5,Hestmannøy,0.0002343575400010394,1041,0.2086613123807251,300,150
0,Nesøy,5,5014,4249,4249,8573187,4,Gjerøy,0.00023418932750129314,1042,0.2086613123807251,300,154
0,Nesøy,5,5014,2473,2473,8N27487,10,Aldra,0.00023406771789771412,1043,0.2086613123807251,300,158
0,Nesøy,5,5014,2122,2122,8N14344,14,Lauvøya,0.0002337847834928206,1044,0.2086613123807251,300,164
0,Nesøy,5,5014,2585,2585,8N28440,8,Lovund,0.00023341625622891007,1045,0.2086613123807251,300,157
0,Nesøy,5,5014,4590,4590,8732699,4,Gjerøy,0.0002332919980079375,1046,0.2086613123807251,300,158
0,Nesøy,5,5014,2394,2394,8N27089,14,Lauvøya,0.00023327213182532737,1047,0.2086613123807251,300,150
0,Nesøy,5,5014,1996,1996,8N13698,13,Vikna,0.00023322644343486655,1048,0.2086613123807251,300,153
0,Nesøy,5,5014,3261,3261,8N73642,13,Vikna,0.00023322047195479585,1049,0.2086613123807251,300,159
0,Nesøy,5,5014,3979,3979,8P14342,14,Lauvøya,0.00023317962003154688,1050,0.2086613123807251,300,159
0,Nesøy,5,5014,5230,5230,8934860,8,Lovund,0.00023298391171917645,1051,0.2086613123807251,300,163
0,Nesøy,5,5014,4396,4396,8681258,4,Gjerøy,0.00023294006627056125,1052,0.2086613123807251,300,156
0,Nesøy,5,5014,4594,4594,8747038,8,Lovund,0.0002327924971586195,1053,0.2086613123807251,300,158
0,Nesøy,5,5014,1017,1017,8M71521,1,Myken,0.00023277879471258456,1054,0.2086613123807251,300,161
0,Nesøy,5,5014,2639,2639,8N28787,14,Lauvøya,0.00023236861233105126,1055,0.2086613123807251,300,156
0,Nesøy,5,5014,3798,3798,8N87975,13,Vikna,0.00023229148487835134,1056,0.2086613123807251,300,148
0,Nesøy,5,5014,1789,1789,8N06850,11,Leka,0.00023223027329632529,1057,0.2086613123807251,300,155
0,Nesøy,5,5014,1254,1254,8N05130,12,Vega,0.00023221446268361636,1058,0.2086613123807251,300,155
0,Nesøy,5,5014,4629,4629,8747273,2,Træna,0.00023202981048488453,1059,0.2086613123807251,300,155
0,Nesøy,5,5014,2458,2458,8N27408,7,Onøy og Lurøy,0.000231987357937699,1060,0.2086613123807251,300,145
0,Nesøy,5,5014,4775,4775,8794339,9,Sleneset,0.0002318418569766932,1061,0.2086613123807251,300,143
0,Nesøy,5,5014,1742,1742,8N06696,14,Lauvøya,0.0002318276342121992,1062,0.2086613123807251,300,168
0,Nesøy,5,5014,2228,2228,8N14609,13,Vikna,0.0002313195473121928,1063,0.2086613123807251,300,152
0,Nesøy,5,5014,5269,5269,8939163,6,Indre Kvarøy,0.0002311153234184329,1064,0.2086613123807251,300,147
0,Nesøy,5,5014,531,531,8L88307,3,Selvær,0.00023097835057880146,1065,0.2086613123807251,300,153
0,Nesøy,5,5014,442,442,8L64075,11,Leka,0.0002308436355605357,1066,0.2086613123807251,300,160
0,Nesøy,5,5014,2254,2254,8N14635,13,Vikna,0.00023064072191805298,1067,0.2086613123807251,300,165
0,Nesøy,5,5014,4116,4116,8P14995,14,Lauvøya,0.00023042472919530954,1068,0.2086613123807251,300,143
0,Nesøy,5,5014,1135,1135,8M71276,4,Gjerøy,0.00023024957230420825,1069,0.2086613123807251,300,164
0,Nesøy,5,5014,148,148,8L30766,12,Vega,0.00023014887805183714,1070,0.2086613123807251,300,159
0,Nesøy,5,5014,371,371,8L52574,10,Aldra,0.0002300441281489289,1071,0.2086613123807251,300,155
0,Nesøy,5,5014,1654,1654,8N06360,5,Hestmannøy,0.00022971189850727185,1072,0.2086613123807251,300,165
0,Nesøy,5,5014,3251,3251,8N73632,13,Vikna,0.00022970845764304682,1073,0.2086613123807251,300,148
0,Nesøy,5,5014,4403,4403,8681308,4,Gjerøy,0.00022965095242801796,1074,0.2086613123807251,300,166
0,Nesøy,5,5014,3605,3605,8N87626,14,Lauvøya,0.00022936176364888163,1075,0.2086613123807251,300,143
0,Nesøy,5,5014,119,119,8L30596,4,Gjerøy,0.00022929742423552496,1076,0.2086613123807251,300,150
0,Nesøy,5,5014,4244,4244,8537728,5,Hestmannøy,0.00022922439259513922,1077,0.2086613123807251,300,150
0,Nesøy,5,5014,2416,2416,8N27193,14,Lauvøya,0.00022919286975894474,1078,0.2086613123807251,300,157
0,Nesøy,5,5014,5139,5139,8934072,5,Hestmannøy,0.00022910007545638494,1079,0.2086613123807251,300,165
0,Nesøy,5,5014,1623,1623,8N05896,11,Leka,0.00022889379175342964,1080,0.2086613123807251,300,150
0,Nesøy,5,5014,441,441,8L64060,14,Lauvøya,0.00022866676332024822,1081,0.2086613123807251,300,159
0,Nesøy,5,5014,3835,3835,8P11488,1,Myken,0.00022829227978100848,1082,0.2086613123807251,300,158
0,Nesøy,5,5014,3778,3778,8N87955,13,Vikna,0.0002282389716481078,1083,0.2086613123807251,300,154
0,Nesøy,5,5014,4125,4125,8P26200,5,Hestmannøy,0.0002281307738364113,1084,0.2086613123807251,300,165
0,Nesøy,5,5014,2983,2983,8N72944,13,Vikna,0.00022812315040167971,1085,0.2086613123807251,300,152
0,Nesøy,5,5014,753,753,8M31445,5,Hestmannøy,0.00022809005985236392,1086,0.2086613123807251,300,163
0,Nesøy,5,5014,915,915,8M71237,6,Indre Kvarøy,0.0002278048063480111,1087,0.2086613123807251,300,146
0,Nesøy,5,5014,2438,2438,8N27320,6,Indre Kvarøy,0.0002276110561041952,1088,0.2086613123807251,300,152
0,Nesøy,5,5014,1347,1347,8N05224,12,Vega,0.00022735481066646048,1089,0.2086613123807251,300,147
0,Nesøy,5,5014,683,683,8L89992,2,Træna,0.00022710969304977287,1090,0.2086613123807251,300,151
0,Nesøy,5,5014,220,220,8L48478,4,Gjerøy,0.00022709881139235702,1091,0.2086613123807251,300,157
0,Nesøy,5,5014,5363,5363,8939897,5,Hestmannøy,0.00022615960130818106,1092,0.2086613123807251,300,156
0,Nesøy,5,5014,3197,3197,8N73508,4,Gjerøy,0.00022614261581803652,1093,0.2086613123807251,300,155
0,Nesøy,5,5014,963,963,8M71352,12,Vega,0.0002261288193172951,1094,0.2086613123807251,300,153
0,Nesøy,5,5014,658,658,8L89731,4,Gjerøy,0.00022551129259785197,1095,0.2086613123807251,300,158
0,Nesøy,5,5014,1368,1368,8N05246,13,Vikna,0.00022544007950647745,1096,0.2086613123807251,300,157
0,Nesøy,5,5014,2386,2386,8N27081,14,Lauvøya,0.00022537204076515272,1097,0.2086613123807251,300,151
0,Nesøy,5,5014,3185,3185,8N73496,12,Vega,0.00022519814471896424,1098,0.2086613123807251,300,161
0,Nesøy,5,5014,1582,1582,8N05820,7,Onøy og Lurøy,0.0002247883739818154,1099,0.2086613123807251,300,167
0,Nesøy,5,5014,3404,3404,8N73970,12,Vega,0.00022463314896411477,1100,0.2086613123807251,300,152
0,Nesøy,5,5014,5215,5215,8934531,1,Myken,0.0002240462207380812,1101,0.2086613123807251,300,155
0,Nesøy,5,5014,1655,1655,8N06371,5,Hestmannøy,0.0002239865929164768,1102,0.2086613123807251,300,149
0,Nesøy,5,5014,4082,4082,8P14960,14,Lauvøya,0.00022383867653031297,1103,0.2086613123807251,300,160
0,Nesøy,5,5014,2373,2373,8N27068,14,Lauvøya,0.00022361230103091684,1104,0.2086613123807251,300,154
0,Nesøy,5,5014,4325,4325,8651979,5,Hestmannøy,0.00022324127023735007,1105,0.2086613123807251,300,152
0,Nesøy,5,5014,1955,1955,8N13656,13,Vikna,0.00022293929859346786,1106,0.2086613123807251,300,165
0,Nesøy,5,5014,514,514,8L64869,11,Leka,0.00022284522973602038,1107,0.2086613123807251,300,157
0,Nesøy,5,5014,1302,1302,8N05178,13,Vikna,0.0002227979691741326,1108,0.2086613123807251,300,159
0,Nesøy,5,5014,1423,1423,8N05302,13,Vikna,0.00022270646972777686,1109,0.2086613123807251,300,154
0,Nesøy,5,5014,743,743,8M31365,4,Gjerøy,0.0002226176107034761,1110,0.2086613123807251,300,155
0,Nesøy,5,5014,4559,4559,8732637,5,Hestmannøy,0.00022248248319316511,1111,0.2086613123807251,300,158
0,Nesøy,5,5014,5356,5356,8939824,3,Selvær,0.00022225111018266195,1112,0.2086613123807251,300,158
0,Nesøy,5,5014,3241,3241,8N73622,13,Vikna,0.00022218256170880585,1113,0.2086613123807251,300,161
0,Nesøy,5,5014,4464,4464,8730496,5,Hestmannøy,0.00022194657167111284,1114,0.2086613123807251,300,160
0,Nesøy,5,5014,252,252,8L48754,11,Leka,0.00022180229880857972,1115,0.2086613123807251,300,153
0,Nesøy,5,5014,4288,4288,8651600,3,Selvær,0.00022172190830606223,1116,0.2086613123807251,300,152
0,Nesøy,5,5014,449,449,8L64144,8,Lovund,0.0002216313724627781,1117,0.2086613123807251,300,161
0,Nesøy,5,5014,1152,1152,8M72696,14,Lauvøya,0.00022137286119130092,1118,0.2086613123807251,300,164
0,Nesøy,5,5014,131,131,8L30698,12,Vega,0.00022127511868179627,1119,0.2086613123807251,300,151
0,Nesøy,5,5014,4302,4302,8651784,3,Selvær,0.0002211779873961132,1120,0.2086613123807251,300,157
0,Nesøy,5,5014,296,296,8L52249,2,Træna,0.0002210817342170185,1121,0.2086613123807251,300,151
0,Nesøy,5,5014,3795,3795,8N87972,13,Vikna,0.00022038023055546613,1122,0.2086613123807251,300,159
0,Nesøy,5,5014,1811,1811,8N06872,11,Leka,0.00022028827444608263,1123,0.2086613123807251,300,156
0,Nesøy,5,5014,2882,2882,8N72578,4,Gjerøy,0.00022022896551650956,1124,0.2086613123807251,300,161
0,Nesøy,5,5014,617,617,8L89538,5,Hestmannøy,0.0002201869150960665,1125,0.2086613123807251,300,161
0,Nesøy,5,5014,2879,2879,8N72574,4,Gjerøy,0.00022016312479695706,1126,0.2086613123807251,300,158
0,Nesøy,5,5014,101,101,8L30372,2,Træna,0.00021991251074212652,1127,0.2086613123807251,300,155
0,Nesøy,5,5014,1745,1745,8N06699,14,Lauvøya,0.00021964965580109297,1128,0.2086613123807251,300,169
0,Nesøy,5,5014,2100,2100,8N14201,5,Hestmannøy,0.00021955114578811122,1129,0.2086613123807251,300,156
0,Nesøy,5,5014,332,332,8L52372,11,Leka,0.000219377790133503,1130,0.2086613123807251,300,154
0,Nesøy,5,5014,5342,5342,8939737,7,Onøy og Lurøy,0.00021899225142596424,1131,0.2086613123807251,300,151
0,Nesøy,5,5014,216,216,8L48467,10,Aldra,0.00021896115844316957,1132,0.2086613123807251,300,156
0,Nesøy,5,5014,24,24,8L19825,4,Gjerøy,0.00021893755587504323,1133,0.2086613123807251,300,147
0,Nesøy,5,5014,290,290,8L52228,8,Lovund,0.00021872323648618565,1134,0.2086613123807251,300,147
0,Nesøy,5,5014,3277,3277,8N73658,13,Vikna,0.00021843375048803419,1135,0.2086613123807251,300,153
0,Nesøy,5,5014,4640,4640,8747295,9,Sleneset,0.0002182635163524649,1136,0.2086613123807251,300,148
0,Nesøy,5,5014,1731,1731,8N06685,14,Lauvøya,0.00021808527253374297,1137,0.2086613123807251,300,164
0,Nesøy,5,5014,610,610,8L89517,5,Hestmannøy,0.00021749691010258134,1138,0.2086613123807251,300,165
0,Nesøy,5,5014,3349,3349,8N73915,11,Leka,0.00021736423686242545,1139,0.2086613123807251,300,159
0,Nesøy,5,5014,4703,4703,8747705,5,Hestmannøy,0.00021732596145921152,1140,0.2086613123807251,300,148
0,Nesøy,5,5014,102,102,8L30388,3,Selvær,0.0002171708190377242,1141,0.2086613123807251,300,162
0,Nesøy,5,5014,3313,3313,8N73695,13,Vikna,0.00021712874384975225,1142,0.2086613123807251,300,153
0,Nesøy,5,5014,1941,1941,8N13642,14,Lauvøya,0.0002170691797280538,1143,0.2086613123807251,300,158
0,Nesøy,5,5014,1782,1782,8N06843,11,Leka,0.00021700641214156055,1144,0.2086613123807251,300,157
0,Nesøy,5,5014,1930,1930,8N13629,14,Lauvøya,0.00021699634108346023,1145,0.2086613123807251,300,162
0,Nesøy,5,5014,2614,2614,8N28693,5,Hestmannøy,0.00021688623768214676,1146,0.2086613123807251,300,148
0,Nesøy,5,5014,3007,3007,8N73003,4,Gjerøy,0.00021652058757194628,1147,0.2086613123807251,300,161
0,Nesøy,5,5014,2258,2258,8N14640,13,Vikna,0.00021648531595720786,1148,0.2086613123807251,300,170
0,Nesøy,5,5014,1693,1693,8N06490,12,Vega,0.00021621364139264826,1149,0.2086613123807251,300,163
0,Nesøy,5,5014,4939,4939,8816953,4,Gjerøy,0.0002159656911335008,1150,0.2086613123807251,300,158
0,Nesøy,5,5014,3545,3545,8N87558,11,Leka,0.0002158975462667279,1151,0.2086613123807251,300,157
0,Nesøy,5,5014,5428,5428,8943803,10,Aldra,0.0002158523452414476,1152,0.2086613123807251,300,154
0,Nesøy,5,5014,864,864,8M31968,5,Hestmannøy,0.00021571784306266962,1153,0.2086613123807251,300,166
0,Nesøy,5,5014,5314,5314,8939519,4,Gjerøy,0.00021548801578345382,1154,0.2086613123807251,300,138
0,Nesøy,5,5014,2069,2069,8N14041,4,Gjerøy,0.0002152457038842959,1155,0.2086613123807251,300,158
0,Nesøy,5,5014,560,560,8L89314,9,Sleneset,0.0002151870619162681,1156,0.2086613123807251,300,158
0,Nesøy,5,5014,2112,2112,8N14292,14,Lauvøya,0.00021517964642800064,1157,0.2086613123807251,300,158
0,Nesøy,5,5014,3407,3407,8N73973,12,Vega,0.00021508700390213988,1158,0.2086613123807251,300,169
0,Nesøy,5,5014,3920,3920,8P11834,14,Lauvøya,0.00021492072929483403,1159,0.2086613123807251,300,163
0,Nesøy,5,5014,2179,2179,8N14559,11,Leka,0.00021432802214312318,1160,0.2086613123807251,300,154
0,Nesøy,5,5014,5476,5476,8981224,11,Leka,0.00021406359802952487,1161,0.2086613123807251,300,164
0,Nesøy,5,5014,4370,4370,8681077,5,Hestmannøy,0.00021401374013921447,1162,0.2086613123807251,300,144
0,Nesøy,5,5014,5175,5175,8934339,10,Aldra,0.00021398149107065546,1163,0.2086613123807251,300,161
0,Nesøy,5,5014,66,66,8L26528,6,Indre Kvarøy,0.00021385160455491612,1164,0.2086613123807251,300,157
0,Nesøy,5,5014,4535,4535,8732506,8,Lovund,0.00021378016500340181,1165,0.2086613123807251,300,161
0,Nesøy,5,5014,1480,1480,8N05615,14,Lauvøya,0.00021370015701184636,1166,0.2086613123807251,300,150
0,Nesøy,5,5014,4948,4948,8857103,7,Onøy og Lurøy,0.00021337628292733072,1167,0.2086613123807251,300,168
0,Nesøy,5,5014,1231,1231,8N05107,12,Vega,0.00021336400721660612,1168,0.2086613123807251,300,163
0,Nesøy,5,5014,4872,4872,8800477,4,Gjerøy,0.00021336110317136123,1169,0.2086613123807251,300,161
0,Nesøy,5,5014,1810,1810,8N06871,11,Leka,0.00021334187778898354,1170,0.2086613123807251,300,159
0,Nesøy,5,5014,1393,1393,8N05271,13,Vikna,0.0002132509764475196,1171,0.2086613123807251,300,154
0,Nesøy,5,5014,1050,1050,8M72016,2,Træna,0.00021309012294686263,1172,0.2086613123807251,300,164
0,Nesøy,5,5014,3579,3579,8N87593,11,Leka,0.00021302184745565703,1173,0.2086613123807251,300,157
0,Nesøy,5,5014,5394,5394,8943144,9,Sleneset,0.00021247393303781573,1174,0.2086613123807251,300,160
0,Nesøy,5,5014,1224,1224,8N05087,6,Indre Kvarøy,0.000212324314480314,1175,0.2086613123807251,300,158
0,Nesøy,5,5014,3576,3576,8N87590,11,Leka,0.00021183460478443148,1176,0.2086613123807251,300,156
0,Nesøy,5,5014,1683,1683,8N06480,12,Vega,0.00021162516434324055,1177,0.2086613123807251,300,169
0,Nesøy,5,5014,5344,5344,8939746,5,Hestmannøy,0.0002114106655454795,1178,0.2086613123807251,300,158
0,Nesøy,5,5014,2361,2361,8N14984,6,Indre Kvarøy,0.00021129824753084536,1179,0.2086613123807251,300,153
0,Nesøy,5,5014,345,345,8L52391,12,Vega,0.0002112593291985243,1180,0.2086613123807251,300,153
0,Nesøy,5,5014,5204,5204,8934473,3,Selvær,0.00021115785304535618,1181,0.2086613123807251,300,161
0,Nesøy,5,5014,1597,1597,8N05864,11,Leka,0.00021113745181605622,1182,0.2086613123807251,300,136
0,Nesøy,5,5014,4857,4857,8800404,5,Hestmannøy,0.00021095578272497362,1183,0.2086613123807251,300,161
0,Nesøy,5,5014,3085,3085,8N73247,14,Lauvøya,0.00021092773886077337,1184,0.2086613123807251,300,156
0,Nesøy,5,5014,1400,1400,8N05278,13,Vikna,0.00021080145577388553,1185,0.2086613123807251,300,154
0,Nesøy,5,5014,4064,4064,8P14875,14,Lauvøya,0.0002106193163479301,1186,0.2086613123807251,300,163
0,Nesøy,5,5014,1365,1365,8N05242,13,Vikna,0.00021045553494493236,1187,0.2086613123807251,300,153
0,Nesøy,5,5014,1451,1451,8N05526,4,Gjerøy,0.00021013702919610373,1188,0.2086613123807251,300,160
0,Nesøy,5,5014,2693,2693,8N42144,2,Træna,0.00020996281118512646,1189,0.2086613123807251,300,145
0,Nesøy,5,5014,125,125,8L30634,12,Vega,0.00020996010331798468,1190,0.2086613123807251,300,167
0,Nesøy,5,5014,2384,2384,8N27079,14,Lauvøya,0.00020948409994224278,1191,0.2086613123807251,300,160
0,Nesøy,5,5014,3108,3108,8N73357,14,Lauvøya,0.00020928425024890567,1192,0.2086613123807251,300,159
0,Nesøy,5,5014,5351,5351,8939764,5,Hestmannøy,0.00020893078119353856,1193,0.2086613123807251,300,161
0,Nesøy,5,5014,3989,3989,8P14561,8,Lovund,0.00020848870127189974,1194,0.2086613123807251,300,158
0,Nesøy,5,5014,5511,5511,8981381,12,Vega,0.00020826098826536612,1195,0.2086613123807251,300,156
0,Nesøy,5,5014,2896,2896,8N72672,11,Leka,0.00020822613334920586,1196,0.2086613123807251,300,164
0,Nesøy,5,5014,37,37,8L19919,5,Hestmannøy,0.00020819455697616067,1197,0.2086613123807251,300,140
0,Nesøy,5,5014,3986,3986,8P14457,6,Indre Kvarøy,0.0002080888942883334,1198,0.2086613123807251,300,137
0,Nesøy,5,5014,3749,3749,8N87926,13,Vikna,0.0002076337476923442,1199,0.2086613123807251,300,143
0,Nesøy,5,5014,1602,1602,8N05869,11,Leka,0.0002076127083772454,1200,0.2086613123807251,300,161
0,Nesøy,5,5014,3142,3142,8N73452,11,Leka,0.00020758347672236136,1201,0.2086613123807251,300,157
0,Nesøy,5,5014,4423,4423,8681414,5,Hestmannøy,0.0002074210753326057,1202,0.2086613123807251,300,147
0,Nesøy,5,5014,158,158,8L30781,4,Gjerøy,0.00020736585170842237,1203,0.2086613123807251,300,152
0,Nesøy,5,5014,3577,3577,8N87591,11,Leka,0.00020728130621289428,1204,0.2086613123807251,300,151
0,Nesøy,5,5014,274,274,8L49963,4,Gjerøy,0.00020675446894099847,1205,0.2086613123807251,300,147
0,Nesøy,5,5014,3887,3887,8P11569,14,Lauvøya,0.00020671034962489558,1206,0.2086613123807251,300,143
0,Nesøy,5,5014,22,22,8L19729,4,Gjerøy,0.00020642825859774804,1207,0.2086613123807251,300,163
0,Nesøy,5,5014,580,580,8L89386,5,Hestmannøy,0.000206230318808518,1208,0.2086613123807251,300,170
0,Nesøy,5,5014,866,866,8M31970,5,Hestmannøy,0.00020609557384412133,1209,0.2086613123807251,300,162
0,Nesøy,5,5014,96,96,8L30340,6,Indre Kvarøy,0.0002059848509075787,1210,0.2086613123807251,300,157
0,Nesøy,5,5014,613,613,8L89521,5,Hestmannøy,0.00020598438309434348,1211,0.2086613123807251,300,153
0,Nesøy,5,5014,1083,1083,8M72406,13,Vikna,0.0002059650604944272,1212,0.2086613123807251,300,139
0,Nesøy,5,5014,3023,3023,8N73097,5,Hestmannøy,0.00020558488859487807,1213,0.2086613123807251,300,148
0,Nesøy,5,5014,1593,1593,8N05859,11,Leka,0.0002055434573218139,1214,0.2086613123807251,300,145
0,Nesøy,5,5014,2310,2310,8N14699,14,Lauvøya,0.0002055317110498481,1215,0.2086613123807251,300,160
0,Nesøy,5,5014,3611,3611,8N87632,14,Lauvøya,0.00020522031508615974,1216,0.2086613123807251,300,166
0,Nesøy,5,5014,3378,3378,8N73944,12,Vega,0.00020521849712137584,1217,0.2086613123807251,300,159
0,Nesøy,5,5014,988,988,8L57981,13,Vikna,0.0002042934581934388,1218,0.2086613123807251,300,164
0,Nesøy,5,5014,4623,4623,8747256,6,Indre Kvarøy,0.00020418066568587962,1219,0.2086613123807251,300,155
0,Nesøy,5,5014,2910,2910,8N72686,11,Leka,0.00020412935255162973,1220,0.2086613123807251,300,159
0,Nesøy,5,5014,1873,1873,8N13347,2,Træna,0.0002040393954824377,1221,0.2086613123807251,300,154
0,Nesøy,5,5014,1003,1003,8M71493,13,Vikna,0.0002040350654344922,1222,0.2086613123807251,300,154
0,Nesøy,5,5014,4418,4418,8681393,7,Onøy og Lurøy,0.0002036688450580275,1223,0.2086613123807251,300,147
0,Nesøy,5,5014,3478,3478,8N87270,8,Lovund,0.0002033574498549709,1224,0.2086613123807251,300,154
0,Nesøy,5,5014,343,343,8L52389,11,Leka,0.00020328934456912442,1225,0.2086613123807251,300,154
0,Nesøy,5,5014,3471,3471,8N87251,8,Lovund,0.00020324612113870491,1226,0.2086613123807251,300,157
0,Nesøy,5,5014,3038,3038,8N73194,14,Lauvøya,0.00020305108027747842,1227,0.2086613123807251,300,167
0,Nesøy,5,5014,2758,2758,8N42634,5,Hestmannøy,0.00020286047820640578,1228,0.2086613123807251,300,153
0,Nesøy,5,5014,4977,4977,8857401,4,Gjerøy,0.00020274566363103885,1229,0.2086613123807251,300,153
0,Nesøy,5,5014,3568,3568,8N87582,11,Leka,0.00020269734114076535,1230,0.2086613123807251,300,166
0,Nesøy,5,5014,2881,2881,8N72577,4,Gjerøy,0.00020267963320693463,1231,0.2086613123807251,300,167
0,Nesøy,5,5014,4289,4289,8651658,6,Indre Kvarøy,0.00020261609957146712,1232,0.2086613123807251,300,165
0,Nesøy,5,5014,209,209,8L48452,5,Hestmannøy,0.00020257218299015104,1233,0.2086613123807251,300,151
0,Nesøy,5,5014,5042,5042,8887303,7,Onøy og Lurøy,0.00020256994670874646,1234,0.2086613123807251,300,171
0,Nesøy,5,5014,4131,4131,8P26450,6,Indre Kvarøy,0.00020239458222918996,1235,0.2086613123807251,300,152
0,Nesøy,5,5014,303,303,8L52315,12,Vega,0.00020222489372167778,1236,0.2086613123807251,300,153
0,Nesøy,5,5014,1041,1041,8M71866,5,Hestmannøy,0.00020215793943774503,1237,0.2086613123807251,300,153
0,Nesøy,5,5014,21,21,8L19728,4,Gjerøy,0.00020214728513275924,1238,0.2086613123807251,300,141
0,Nesøy,5,5014,3570,3570,8N87584,11,Leka,0.00020203380602582934,1239,0.2086613123807251,300,158
0,Nesøy,5,5014,3447,3447,8N87068,5,Hestmannøy,0.00020202078560740332,1240,0.2086613123807251,300,159
0,Nesøy,5,5014,2128,2128,8N14353,14,Lauvøya,0.00020194628570717628,1241,0.2086613123807251,300,146
0,Nesøy,5,5014,3601,3601,8N87621,14,Lauvøya,0.00020164468145150756,1242,0.2086613123807251,300,155
0,Nesøy,5,5014,1787,1787,8N06848,11,Leka,0.0002015351160074044,1243,0.2086613123807251,300,153
0,Nesøy,5,5014,233,233,8L48602,5,Hestmannøy,0.00020152250166275546,1244,0.2086613123807251,300,166
0,Nesøy,5,5014,2623,2623,8N28738,2,Træna,0.0002014708436197143,1245,0.2086613123807251,300,169
0,Nesøy,5,5014,1528,1528,8N05669,14,Lauvøya,0.00020116410857154364,1246,0.2086613123807251,300,167
0,Nesøy,5,5014,4061,4061,8P14872,14,Lauvøya,0.00020087469578041291,1247,0.2086613123807251,300,159
0,Nesøy,5,5014,4471,4471,8730518,5,Hestmannøy,0.00020072658467434104,1248,0.2086613123807251,300,178
0,Nesøy,5,5014,5170,5170,8934311,5,Hestmannøy,0.00020062471618560558,1249,0.2086613123807251,300,167
0,Nesøy,5,5014,3324,3324,8N73794,14,Lauvøya,0.0002004406146177636,1250,0.2086613123807251,300,152
0,Nesøy,5,5014,2767,2767,8N42674,5,Hestmannøy,0.00020039791326299143,1251,0.2086613123807251,300,161
0,Nesøy,5,5014,5088,5088,8887488,5,Hestmannøy,0.0002002855998895973,1252,0.2086613123807251,300,159
0,Nesøy,5,5014,2511,2511,8N27904,6,Indre Kvarøy,0.00019994340445129627,1253,0.2086613123807251,300,156
0,Nesøy,5,5014,3581,3581,8N87595,11,Leka,0.0001997601356637654,1254,0.2086613123807251,300,170
0,Nesøy,5,5014,3242,3242,8N73623,13,Vikna,0.0001997335066950325,1255,0.2086613123807251,300,168
0,Nesøy,5,5014,1030,1030,8M71735,3,Selvær,0.00019966246943813306,1256,0.2086613123807251,300,160
0,Nesøy,5,5014,2005,2005,8N13851,14,Lauvøya,0.00019945111627904386,1257,0.2086613123807251,300,168
0,Nesøy,5,5014,2831,2831,8N72067,9,Sleneset,0.00019925488062982639,1258,0.2086613123807251,300,162
0,Nesøy,5,5014,1285,1285,8M72694,14,Lauvøya,0.000199155308707048,1259,0.2086613123807251,300,157
0,Nesøy,5,5014,543,543,8L89245,6,Indre Kvarøy,0.00019900301528976252,1260,0.2086613123807251,300,160
0,Nesøy,5,5014,2276,2276,8N14659,13,Vikna,0.00019867414810092004,1261,0.2086613123807251,300,154
0,Nesøy,5,5014,3247,3247,8N73628,13,Vikna,0.00019850255271530194,1262,0.2086613123807251,300,163
0,Nesøy,5,5014,4361,4361,8681066,9,Sleneset,0.00019790054666538802,1263,0.2086613123807251,300,144
0,Nesøy,5,5014,2977,2977,8N72938,13,Vikna,0.00019784924337367077,1264,0.2086613123807251,300,164
0,Nesøy,5,5014,3239,3239,8N73620,13,Vikna,0.00019769662726950652,1265,0.2086613123807251,300,160
0,Nesøy,5,5014,5305,5305,8939391,5,Hestmannøy,0.00019762527286210126,1266,0.2086613123807251,300,160
0,Nesøy,5,5014,2631,2631,8N28776,5,Hestmannøy,0.00019760765466357452,1267,0.2086613123807251,300,154
0,Nesøy,5,5014,312,312,8L52335,12,Vega,0.0001975104282759826,1268,0.2086613123807251,300,159
0,Nesøy,5,5014,4155,4155,8P26701,7,Onøy og Lurøy,0.00019744333264701012,1269,0.2086613123807251,300,162
0,Nesøy,5,5014,1502,1502,8N05644,14,Lauvøya,0.00019726153413505602,1270,0.2086613123807251,300,154
0,Nesøy,5,5014,993,993,8L57975,13,Vikna,0.00019726123869153296,1271,0.2086613123807251,300,151
0,Nesøy,5,5014,5303,5303,8939381,7,Onøy og Lurøy,0.00019718384586039532,1272,0.2086613123807251,300,164
0,Nesøy,5,5014,1515,1515,8N05657,13,Vikna,0.00019695443911747163,1273,0.2086613123807251,300,150
0,Nesøy,5,5014,677,677,8L89847,5,Hestmannøy,0.00019678542904444778,1274,0.2086613123807251,300,176
0,Nesøy,5,5014,4017,4017,8P14793,4,Gjerøy,0.00019658679008393657,1275,0.2086613123807251,300,142
0,Nesøy,5,5014,261,261,8L48766,11,Leka,0.00019648275579167804,1276,0.2086613123807251,300,155
0,Nesøy,5,5014,4563,4563,8732647,5,Hestmannøy,0.00019645223295318345,1277,0.2086613123807251,300,141
0,Nesøy,5,5014,2630,2630,8N28774,5,Hestmannøy,0.000196275333255784,1278,0.2086613123807251,300,164
0,Nesøy,5,5014,3553,3553,8N87566,11,Leka,0.00019622939101515157,1279,0.2086613123807251,300,156
0,Nesøy,5,5014,4820,4820,8800160,9,Sleneset,0.00019617176088482482,1280,0.2086613123807251,300,157
0,Nesøy,5,5014,1162,1162,8M72739,4,Gjerøy,0.00019612324888867687,1281,0.2086613123807251,300,159
0,Nesøy,5,5014,1499,1499,8N05641,14,Lauvøya,0.0001958430934302262,1282,0.2086613123807251,300,148
0,Nesøy,5,5014,4023,4023,8P14817,14,Lauvøya,0.00019579832436030008,1283,0.2086613123807251,300,157
0,Nesøy,5,5014,2926,2926,8N72717,4,Gjerøy,0.00019542695714242677,1284,0.2086613123807251,300,153
0,Nesøy,5,5014,5234,5234,8934884,2,Træna,0.00019511775051887057,1285,0.2086613123807251,300,164
0,Nesøy,5,5014,1660,1660,8N06432,9,Sleneset,0.00019504413270781336,1286,0.2086613123807251,300,147
0,Nesøy,5,5014,4694,4694,8747657,1,Myken,0.00019462433948448185,1287,0.2086613123807251,300,163
0,Nesøy,5,5014,1637,1637,8N06028,3,Selvær,0.00019429062817904823,1288,0.2086613123807251,300,154
0,Nesøy,5,5014,4419,4419,8681396,7,Onøy og Lurøy,0.00019389619432476016,1289,0.2086613123807251,300,147
0,Nesøy,5,5014,3686,3686,8N87861,14,Lauvøya,0.0001938778878054268,1290,0.2086613123807251,300,157
0,Nesøy,5,5014,1921,1921,8N13620,14,Lauvøya,0.00019366816308119336,1291,0.2086613123807251,300,153
0,Nesøy,5,5014,3030,3030,8N73186,14,Lauvøya,0.00019364788289588718,1292,0.2086613123807251,300,154
0,Nesøy,5,5014,5148,5148,8934224,4,Gjerøy,0.000193518695908265,1293,0.2086613123807251,300,160
0,Nesøy,5,5014,3069,3069,8N73231,12,Vega,0.00019351812792283386,1294,0.2086613123807251,300,165
0,Nesøy,5,5014,3551,3551,8N87564,11,Leka,0.00019343521612541544,1295,0.2086613123807251,300,153
0,Nesøy,5,5014,370,370,8L52555,4,Gjerøy,0.00019337952811898906,1296,0.2086613123807251,300,153
0,Nesøy,5,5014,3808,3808,8N87985,13,Vikna,0.00019332668233632637,1297,0.2086613123807251,300,160
0,Nesøy,5,5014,4674,4674,8747555,5,Hestmannøy,0.0001932079633440793,1298,0.2086613123807251,300,169
0,Nesøy,5,5014,2533,2533,8N28002,2,Træna,0.00019314411521556923,1299,0.2086613123807251,300,159
0,Nesøy,5,5014,4665,4665,8747532,5,Hestmannøy,0.00019313184613630607,1300,0.2086613123807251,300,143
0,Nesøy,5,5014,1970,1970,8N13672,13,Vikna,0.00019291861012405651,1301,0.2086613123807251,300,163
0,Nesøy,5,5014,2937,2937,8N72804,14,Lauvøya,0.00019278309155426962,1302,0.2086613123807251,300,152
0,Nesøy,5,5014,2866,2866,8N72487,3,Selvær,0.00019256160048649373,1303,0.2086613123807251,300,158
0,Nesøy,5,5014,4956,4956,8857226,6,Indre Kvarøy,0.00019217669659060078,1304,0.2086613123807251,300,161
0,Nesøy,5,5014,2923,2923,8N72699,11,Leka,0.00019211709561480845,1305,0.2086613123807251,300,161
0,Nesøy,5,5014,13,13,8L19633,2,Træna,0.00019190658624037156,1306,0.2086613123807251,300,160
0,Nesøy,5,5014,4837,4837,8800321,10,Aldra,0.00019180085500272248,1307,0.2086613123807251,300,159
0,Nesøy,5,5014,2272,2272,8N14655,13,Vikna,0.00019176498964759958,1308,0.2086613123807251,300,155
0,Nesøy,5,5014,4604,4604,8747117,6,Indre Kvarøy,0.00019176153177448245,1309,0.2086613123807251,300,156
0,Nesøy,5,5014,5056,5056,8887352,5,Hestmannøy,0.00019164208485318443,1310,0.2086613123807251,300,160
0,Nesøy,5,5014,523,523,8L64915,4,Gjerøy,0.00019163939973759688,1311,0.2086613123807251,300,157
0,Nesøy,5,5014,2531,2531,8N27983,6,Indre Kvarøy,0.0001916157243121898,1312,0.2086613123807251,300,158
0,Nesøy,5,5014,4785,4785,8800012,7,Onøy og Lurøy,0.0001916022892250178,1313,0.2086613123807251,300,147
0,Nesøy,5,5014,1674,1674,8N06471,12,Vega,0.00019140439894436365,1314,0.2086613123807251,300,158
0,Nesøy,5,5014,3856,3856,8P11537,14,Lauvøya,0.00019123987528123326,1315,0.2086613123807251,300,164
0,Nesøy,5,5014,790,790,8M31632,5,Hestmannøy,0.00019112026575024624,1316,0.2086613123807251,300,160
0,Nesøy,5,5014,3512,3512,8N87525,11,Leka,0.00019102131264897497,1317,0.2086613123807251,300,157
0,Nesøy,5,5014,656,656,8L89725,4,Gjerøy,0.0001909660827613992,1318,0.2086613123807251,300,146
0,Nesøy,5,5014,2780,2780,8N42710,10,Aldra,0.00019094574917782775,1319,0.2086613123807251,300,153
0,Nesøy,5,5014,2109,2109,8N14289,14,Lauvøya,0.00019051243495259902,1320,0.2086613123807251,300,160
0,Nesøy,5,5014,5244,5244,8939031,7,Onøy og Lurøy,0.00019047637376636207,1321,0.2086613123807251,300,162
0,Nesøy,5,5014,1328,1328,8N05205,12,Vega,0.00019024879274343279,1322,0.2086613123807251,300,160
0,Nesøy,5,5014,361,361,8L52428,5,Hestmannøy,0.00019020269430960118,1323,0.2086613123807251,300,150
0,Nesøy,5,5014,5447,5447,8981025,5,Hestmannøy,0.00019005229087214962,1324,0.2086613123807251,300,160
0,Nesøy,5,5014,3958,3958,8P14190,5,Hestmannøy,0.00018973159276997485,1325,0.2086613123807251,300,163
0,Nesøy,5,5014,352,352,8L52398,12,Vega,0.00018957278405545494,1326,0.2086613123807251,300,152
0,Nesøy,5,5014,249,249,8L48746,11,Leka,0.00018952246611953703,1327,0.2086613123807251,300,165
0,Nesøy,5,5014,2650,2650,8N28809,6,Indre Kvarøy,0.00018951135761401315,1328,0.2086613123807251,300,149
0,Nesøy,5,5014,168,168,8L30847,5,Hestmannøy,0.0001890755510605145,1329,0.2086613123807251,300,156
0,Nesøy,5,5014,2025,2025,8N13932,5,Hestmannøy,0.00018902858843072542,1330,0.2086613123807251,300,160
0,Nesøy,5,5014,1116,1116,8M72576,11,Leka,0.00018874555295492516,1331,0.2086613123807251,300,163
0,Nesøy,5,5014,3129,3129,8N73439,11,Leka,0.00018865412664668306,1332,0.2086613123807251,300,159
0,Nesøy,5,5014,1487,1487,8N05622,14,Lauvøya,0.00018848815897934236,1333,0.2086613123807251,300,156
0,Nesøy,5,5014,5124,5124,8917968,8,Lovund,0.00018805571794495966,1334,0.2086613123807251,300,142
0,Nesøy,5,5014,4185,4185,8168642,5,Hestmannøy,0.00018790440899448668,1335,0.2086613123807251,300,153
0,Nesøy,5,5014,4715,4715,8747735,7,Onøy og Lurøy,0.00018789415839644743,1336,0.2086613123807251,300,157
0,Nesøy,5,5014,1550,1550,8N05692,14,Lauvøya,0.0001878516603853055,1337,0.2086613123807251,300,162
0,Nesøy,5,5014,3418,3418,8N73984,12,Vega,0.0001875836642984306,1338,0.2086613123807251,300,148
0,Nesøy,5,5014,932,932,8M71292,6,Indre Kvarøy,0.00018749655208122657,1339,0.2086613123807251,300,155
0,Nesøy,5,5014,1353,1353,8N05230,12,Vega,0.00018747567912374947,1340,0.2086613123807251,300,155
0,Nesøy,5,5014,2955,2955,8N72915,13,Vikna,0.00018734146422720108,1341,0.2086613123807251,300,153
0,Nesøy,5,5014,3449,3449,8N87070,5,Hestmannøy,0.0001871190362848575,1342,0.2086613123807251,300,175
0,Nesøy,5,5014,5312,5312,8939460,3,Selvær,0.00018703233142655163,1343,0.2086613123807251,300,158
0,Nesøy,5,5014,3991,3991,8P14585,8,Lovund,0.0001868252656368886,1344,0.2086613123807251,300,167
0,Nesøy,5,5014,3211,3211,8N73530,4,Gjerøy,0.00018658202192198457,1345,0.2086613123807251,300,157
0,Nesøy,5,5014,1323,1323,8N05200,13,Vikna,0.0001863959913474495,1346,0.2086613123807251,300,151
0,Nesøy,5,5014,316,316,8L52343,11,Leka,0.0001863444900974279,1347,0.2086613123807251,300,153
0,Nesøy,5,5014,789,789,8M31627,4,Gjerøy,0.00018628375074474003,1348,0.2086613123807251,300,162
0,Nesøy,5,5014,123,123,8L30631,12,Vega,0.00018625803317839223,1349,0.2086613123807251,300,165
0,Nesøy,5,5014,4991,4991,8857778,5,Hestmannøy,0.0001862575707544728,1350,0.2086613123807251,300,161
0,Nesøy,5,5014,3732,3732,8N87908,13,Vikna,0.0001861553982673228,1351,0.2086613123807251,300,151
0,Nesøy,5,5014,5483,5483,8981267,5,Hestmannøy,0.00018605236436579844,1352,0.2086613123807251,300,160
0,Nesøy,5,5014,811,811,8M31769,11,Leka,0.00018597053767622853,1353,0.2086613123807251,300,163
0,Nesøy,5,5014,1650,1650,8N06298,8,Lovund,0.0001859221292469599,1354,0.2086613123807251,300,156
0,Nesøy,5,5014,1726,1726,8N06680,14,Lauvøya,0.00018523500733305925,1355,0.2086613123807251,300,157
0,Nesøy,5,5014,3619,3619,8N87730,5,Hestmannøy,0.00018518059784021962,1356,0.2086613123807251,300,167
0,Nesøy,5,5014,772,772,8M31544,6,Indre Kvarøy,0.00018500694653005205,1357,0.2086613123807251,300,157
0,Nesøy,5,5014,4893,4893,8800580,7,Onøy og Lurøy,0.0001849269613751145,1358,0.2086613123807251,300,164
0,Nesøy,5,5014,1661,1661,8N06435,2,Træna,0.00018470305991316081,1359,0.2086613123807251,300,151
0,Nesøy,5,5014,3116,3116,8N73409,4,Gjerøy,0.00018423547697757,1360,0.2086613123807251,300,153
0,Nesøy,5,5014,3640,3640,8N87813,14,Lauvøya,0.00018395867524445696,1361,0.2086613123807251,300,161
0,Nesøy,5,5014,2572,2572,8N28358,2,Træna,0.0001837852036869336,1362,0.2086613123807251,300,162
0,Nesøy,5,5014,4068,4068,8P14916,14,Lauvøya,0.00018370962161060682,1363,0.2086613123807251,300,158
0,Nesøy,5,5014,4408,4408,8681335,7,Onøy og Lurøy,0.00018351206838971982,1364,0.2086613123807251,300,166
0,Nesøy,5,5014,4555,4555,8732620,7,Onøy og Lurøy,0.00018323176793797393,1365,0.2086613123807251,300,152
0,Nesøy,5,5014,2470,2470,8N27472,2,Træna,0.00018306430794310638,1366,0.2086613123807251,300,159
0,Nesøy,5,5014,3841,3841,8P11522,14,Lauvøya,0.00018304739919589564,1367,0.2086613123807251,300,157
0,Nesøy,5,5014,2250,2250,8N14631,13,Vikna,0.00018280494082570636,1368,0.2086613123807251,300,151
0,Nesøy,5,5014,4460,4460,8730462,8,Lovund,0.0001824425687099825,1369,0.2086613123807251,300,154
0,Nesøy,5,5014,2157,2157,8N14536,11,Leka,0.0001824021257346642,1370,0.2086613123807251,300,155
0,Nesøy,5,5014,4521,4521,8732255,10,Aldra,0.00018228211579837783,1371,0.2086613123807251,300,170
0,Nesøy,5,5014,5063,5063,8887370,5,Hestmannøy,0.00018207012261606536,1372,0.2086613123807251,300,153
0,Nesøy,5,5014,685,685,8L89995,3,Selvær,0.0001820676803273134,1373,0.2086613123807251,300,161
0,Nesøy,5,5014,1913,1913,8N13604,14,Lauvøya,0.00018170686179327602,1374,0.2086613123807251,300,162
0,Nesøy,5,5014,1397,1397,8N05275,13,Vikna,0.0001816782308805441,1375,0.2086613123807251,300,166
0,Nesøy,5,5014,55,55,8L19961,10,Aldra,0.0001816384277768926,1376,0.2086613123807251,300,157
0,Nesøy,5,5014,2095,2095,8N14181,6,Indre Kvarøy,0.0001812200601396171,1377,0.2086613123807251,300,156
0,Nesøy,5,5014,3029,3029,8N73185,14,Lauvøya,0.00018113486231857674,1378,0.2086613123807251,300,149
0,Nesøy,5,5014,3334,3334,8N73876,5,Hestmannøy,0.00018109730091844225,1379,0.2086613123807251,300,145
0,Nesøy,5,5014,2665,2665,8N28873,5,Hestmannøy,0.00018109061700531144,1380,0.2086613123807251,300,150
0,Nesøy,5,5014,5171,5171,8934313,5,Hestmannøy,0.00018097307830055543,1381,0.2086613123807251,300,160
0,Nesøy,5,5014,4598,4598,8747100,5,Hestmannøy,0.00018063706898752827,1382,0.2086613123807251,300,162
0,Nesøy,5,5014,5432,5432,8943837,6,Indre Kvarøy,0.0001801695454554114,1383,0.2086613123807251,300,162
0,Nesøy,5,5014,3232,3232,8N73613,14,Lauvøya,0.00017999074872667207,1384,0.2086613123807251,300,148
0,Nesøy,5,5014,3679,3679,8N87854,14,Lauvøya,0.00017991714155563416,1385,0.2086613123807251,300,157
0,Nesøy,5,5014,833,833,8L89119,13,Vikna,0.00017980869315081813,1386,0.2086613123807251,300,162
0,Nesøy,5,5014,4750,4750,8747882,1,Myken,0.00017973335085605602,1387,0.2086613123807251,300,160
0,Nesøy,5,5014,5222,5222,8934801,6,Indre Kvarøy,0.00017945007742957574,1388,0.2086613123807251,300,153
0,Nesøy,5,5014,4115,4115,8P14993,14,Lauvøya,0.00017939985099847704,1389,0.2086613123807251,300,152
0,Nesøy,5,5014,8,8,8L19578,8,Lovund,0.00017930261791076482,1390,0.2086613123807251,300,155
0,Nesøy,5,5014,717,717,8M31281,10,Aldra,0.00017898149048617602,1391,0.2086613123807251,300,162
0,Nesøy,5,5014,46,46,8L19934,5,Hestmannøy,0.00017891852430953489,1392,0.2086613123807251,300,153
0,Nesøy,5,5014,2453,2453,8N27402,7,Onøy og Lurøy,0.00017880314972824527,1393,0.2086613123807251,300,162
0,Nesøy,5,5014,1980,1980,8N13682,13,Vikna,0.00017856980607535258,1394,0.2086613123807251,300,163
0,Nesøy,5,5014,4680,4680,8747575,9,Sleneset,0.00017806427044700926,1395,0.2086613123807251,300,159
0,Nesøy,5,5014,2350,2350,8N14967,7,Onøy og Lurøy,0.00017768205716342655,1396,0.2086613123807251,300,163
0,Nesøy,5,5014,3315,3315,8N73697,13,Vikna,0.0001776461214486386,1397,0.2086613123807251,300,165
0,Nesøy,5,5014,4979,4979,8857407,5,Hestmannøy,0.00017764330346550151,1398,0.2086613123807251,300,158
0,Nesøy,5,5014,966,966,8L64184,11,Leka,0.00017745788418024175,1399,0.2086613123807251,300,157
0,Nesøy,5,5014,4764,4764,8747979,5,Hestmannøy,0.0001773798056285142,1400,0.2086613123807251,300,160
0,Nesøy,5,5014,714,714,8M31266,4,Gjerøy,0.00017722099655352656,1401,0.2086613123807251,300,152
0,Nesøy,5,5014,298,298,8L52303,5,Hestmannøy,0.0001771515133863974,1402,0.2086613123807251,300,158
0,Nesøy,5,5014,716,716,8M31278,4,Gjerøy,0.00017711541979236156,1403,0.2086613123807251,300,151
0,Nesøy,5,5014,671,671,8L89793,5,Hestmannøy,0.0001767453191945865,1404,0.2086613123807251,300,165
0,Nesøy,5,5014,2710,2710,8N42276,5,Hestmannøy,0.0001767349483296468,1405,0.2086613123807251,300,152
0,Nesøy,5,5014,2799,2799,8N42791,4,Gjerøy,0.00017667650188774324,1406,0.2086613123807251,300,163
0,Nesøy,5,5014,5286,5286,8939353,5,Hestmannøy,0.00017667306959112854,1407,0.2086613123807251,300,160
0,Nesøy,5,5014,3248,3248,8N73629,13,Vikna,0.0001766546616326044,1408,0.2086613123807251,300,157
0,Nesøy,5,5014,2697,2697,8N42209,2,Træna,0.0001765412048772699,1409,0.2086613123807251,300,163
0,Nesøy,5,5014,750,750,8M31426,4,Gjerøy,0.00017651773742985948,1410,0.2086613123807251,300,165
0,Nesøy,5,5014,525,525,8L64922,10,Aldra,0.00017628887819181715,1411,0.2086613123807251,300,156
0,Nesøy,5,5014,2543,2543,8N28061,7,Onøy og Lurøy,0.00017611776393258686,1412,0.2086613123807251,300,159
0,Nesøy,5,5014,3397,3397,8N73963,12,Vega,0.0001760050229141124,1413,0.2086613123807251,300,155
0,Nesøy,5,5014,2171,2171,8N14551,11,Leka,0.00017588087078203662,1414,0.2086613123807251,300,158
0,Nesøy,5,5014,237,237,8L48610,5,Hestmannøy,0.0001758406352488867,1415,0.2086613123807251,300,158
0,Nesøy,5,5014,4195,4195,8168665,5,Hestmannøy,0.00017568901152187485,1416,0.2086613123807251,300,159
0,Nesøy,5,5014,1960,1960,8N13661,13,Vikna,0.00017540499342420736,1417,0.2086613123807251,300,158
0,Nesøy,5,5014,2485,2485,8N27717,9,Sleneset,0.00017528712678719795,1418,0.2086613123807251,300,161
0,Nesøy,5,5014,928,928,8M71281,4,Gjerøy,0.000174757224685697,1419,0.2086613123807251,300,159
0,Nesøy,5,5014,4122,4122,8P15000,14,Lauvøya,0.0001747391611993808,1420,0.2086613123807251,300,147
0,Nesøy,5,5014,3966,3966,8P14264,5,Hestmannøy,0.00017464174926219207,1421,0.2086613123807251,300,155
0,Nesøy,5,5014,2452,2452,8N27364,5,Hestmannøy,0.00017458170677546152,1422,0.2086613123807251,300,172
0,Nesøy,5,5014,5086,5086,8887477,4,Gjerøy,0.00017457800646896493,1423,0.2086613123807251,300,153
0,Nesøy,5,5014,271,271,8L49934,1,Myken,0.00017416950435169317,1424,0.2086613123807251,300,164
0,Nesøy,5,5014,1277,1277,8N05154,12,Vega,0.00017393859972915346,1425,0.2086613123807251,300,163
0,Nesøy,5,5014,2871,2871,8N72510,6,Indre Kvarøy,0.00017366054346177245,1426,0.2086613123807251,300,153
0,Nesøy,5,5014,307,307,8L52327,12,Vega,0.00017351760549545774,1427,0.2086613123807251,300,157
0,Nesøy,5,5014,1114,1114,8M72574,11,Leka,0.00017349925964009485,1428,0.2086613123807251,300,156
0,Nesøy,5,5014,2124,2124,8N14348,14,Lauvøya,0.00017341076267257568,1429,0.2086613123807251,300,152
0,Nesøy,5,5014,5442,5442,8981012,5,Hestmannøy,0.0001730179707438011,1430,0.2086613123807251,300,168
0,Nesøy,5,5014,1255,1255,8N05131,12,Vega,0.00017280379454928096,1431,0.2086613123807251,300,157
0,Nesøy,5,5014,5012,5012,8887035,2,Træna,0.00017270096680726825,1432,0.2086613123807251,300,148
0,Nesøy,5,5014,4859,4859,8800417,5,Hestmannøy,0.00017269207775874227,1433,0.2086613123807251,300,152
0,Nesøy,5,5014,3046,3046,8N73208,12,Vega,0.0001726238418297114,1434,0.2086613123807251,300,155
0,Nesøy,5,5014,2500,2500,8N27874,4,Gjerøy,0.00017255901221582313,1435,0.2086613123807251,300,163
0,Nesøy,5,5014,1405,1405,8N05283,13,Vikna,0.00017255594906547767,1436,0.2086613123807251,300,155
0,Nesøy,5,5014,4161,4161,8P26748,7,Onøy og Lurøy,0.00017247504253380027,1437,0.2086613123807251,300,148
0,Nesøy,5,5014,4018,4018,8P14806,14,Lauvøya,0.00017227187280184663,1438,0.2086613123807251,300,150
0,Nesøy,5,5014,3325,3325,8N73795,14,Lauvøya,0.00017223159218831172,1439,0.2086613123807251,300,162
0,Nesøy,5,5014,4689,4689,8747610,7,Onøy og Lurøy,0.00017219126120917504,1440,0.2086613123807251,300,159
0,Nesøy,5,5014,2409,2409,8N27123,7,Onøy og Lurøy,0.0001717071087092831,1441,0.2086613123807251,300,162
0,Nesøy,5,5014,2476,2476,8N27577,5,Hestmannøy,0.00017164762907794165,1442,0.2086613123807251,300,157
0,Nesøy,5,5014,2986,2986,8N72947,13,Vikna,0.0001712980072418676,1443,0.2086613123807251,300,161
0,Nesøy,5,5014,3186,3186,8N73497,12,Vega,0.0001711681456876759,1444,0.2086613123807251,300,144
0,Nesøy,5,5014,1042,1042,8M71872,5,Hestmannøy,0.00017109099962911683,1445,0.2086613123807251,300,155
0,Nesøy,5,5014,3041,3041,8N73197,14,Lauvøya,0.0001709338062985656,1446,0.2086613123807251,300,158
0,Nesøy,5,5014,1334,1334,8N05211,12,Vega,0.0001709098275580294,1447,0.2086613123807251,300,161
0,Nesøy,5,5014,1390,1390,8N05268,13,Vikna,0.00017072267929564127,1448,0.2086613123807251,300,150
0,Nesøy,5,5014,2571,2571,8N28349,2,Træna,0.00017053824288707303,1449,0.2086613123807251,300,156
0,Nesøy,5,5014,4597,4597,8747088,3,Selvær,0.0001704470447386922,1450,0.2086613123807251,300,148
0,Nesøy,5,5014,3790,3790,8N87967,13,Vikna,0.00017032053304566908,1451,0.2086613123807251,300,153
0,Nesøy,5,5014,4746,4746,8747872,6,Indre Kvarøy,0.00017026958992378353,1452,0.2086613123807251,300,154
0,Nesøy,5,5014,5426,5426,8943801,10,Aldra,0.00017013430686114016,1453,0.2086613123807251,300,151
0,Nesøy,5,5014,1246,1246,8N05122,12,Vega,0.0001699660981071968,1454,0.2086613123807251,300,161
0,Nesøy,5,5014,703,703,8L89786,13,Vikna,0.00016995783616321455,1455,0.2086613123807251,300,155
0,Nesøy,5,5014,5216,5216,8934532,10,Aldra,0.00016984300372503635,1456,0.2086613123807251,300,167
0,Nesøy,5,5014,1023,1023,8M71587,1,Myken,0.00016981801222540972,1457,0.2086613123807251,300,148
0,Nesøy,5,5014,3741,3741,8N87918,13,Vikna,0.00016962617718497644,1458,0.2086613123807251,300,154
0,Nesøy,5,5014,5360,5360,8L57872,8,Lovund,0.0001696174395648069,1459,0.2086613123807251,300,156
0,Nesøy,5,5014,1896,1896,8N13567,2,Træna,0.00016943550527856303,1460,0.2086613123807251,300,164
0,Nesøy,5,5014,1630,1630,8N05942,2,Træna,0.0001693600830956004,1461,0.2086613123807251,300,157
0,Nesøy,5,5014,4584,4584,8732687,5,Hestmannøy,0.0001693239309925924,1462,0.2086613123807251,300,164
0,Nesøy,5,5014,2582,2582,8N28428,2,Træna,0.00016910031112742424,1463,0.2086613123807251,300,154
0,Nesøy,5,5014,2632,2632,8N28777,5,Hestmannøy,0.00016908725086050747,1464,0.2086613123807251,300,161
0,Nesøy,5,5014,5266,5266,8939151,4,Gjerøy,0.0001689775750396223,1465,0.2086613123807251,300,152
0,Nesøy,5,5014,160,160,8L30783,5,Hestmannøy,0.00016893218977723933,1466,0.2086613123807251,300,164
0,Nesøy,5,5014,63,63,8L19992,4,Gjerøy,0.00016893122673838432,1467,0.2086613123807251,300,148
0,Nesøy,5,5014,1945,1945,8N13646,14,Lauvøya,0.00016891259613249928,1468,0.2086613123807251,300,163
0,Nesøy,5,5014,4037,4037,8P14848,14,Lauvøya,0.00016857466224897796,1469,0.2086613123807251,300,150
0,Nesøy,5,5014,4202,4202,8168771,5,Hestmannøy,0.0001684572282611401,1470,0.2086613123807251,300,164
0,Nesøy,5,5014,4699,4699,8747698,4,Gjerøy,0.00016829891518651706,1471,0.2086613123807251,300,161
0,Nesøy,5,5014,2009,2009,8N13855,14,Lauvøya,0.00016823723770386948,1472,0.2086613123807251,300,147
0,Nesøy,5,5014,2972,2972,8N72933,13,Vikna,0.0001680691143985021,1473,0.2086613123807251,300,157
0,Nesøy,5,5014,1269,1269,8N05145,12,Vega,0.00016805420982359616,1474,0.2086613123807251,300,150
0,Nesøy,5,5014,4847,4847,8800354,5,Hestmannøy,0.0001679743178389789,1475,0.2086613123807251,300,156
0,Nesøy,5,5014,2705,2705,8N42263,4,Gjerøy,0.00016774136915691994,1476,0.2086613123807251,300,160
0,Nesøy,5,5014,3647,3647,8N87820,14,Lauvøya,0.00016768707941923076,1477,0.2086613123807251,300,162
0,Nesøy,5,5014,4671,4671,8747552,10,Aldra,0.00016754580885399115,1478,0.2086613123807251,300,158
0,Nesøy,5,5014,1371,1371,8N05249,13,Vikna,0.0001675449677336424,1479,0.2086613123807251,300,166
0,Nesøy,5,5014,270,270,8L49930,1,Myken,0.00016705481006469352,1480,0.2086613123807251,300,153
0,Nesøy,5,5014,1361,1361,8N05238,13,Vikna,0.0001667382066400804,1481,0.2086613123807251,300,157
0,Nesøy,5,5014,1681,1681,8N06478,12,Vega,0.00016671254168697507,1482,0.2086613123807251,300,149
0,Nesøy,5,5014,5191,5191,8934403,8,Lovund,0.00016655806385367658,1483,0.2086613123807251,300,154
0,Nesøy,5,5014,529,529,8L64981,4,Gjerøy,0.0001664226524263591,1484,0.2086613123807251,300,144
0,Nesøy,5,5014,1180,1180,8M72867,6,Indre Kvarøy,0.00016635906006050012,1485,0.2086613123807251,300,137
0,Nesøy,5,5014,5507,5507,8981352,11,Leka,0.00016635602661691296,1486,0.2086613123807251,300,160
0,Nesøy,5,5014,3316,3316,8N73698,13,Vikna,0.00016629046666999012,1487,0.2086613123807251,300,149
0,Nesøy,5,5014,5551,5551,8981824,5,Hestmannøy,0.00016587328354327575,1488,0.2086613123807251,300,166
0,Nesøy,5,5014,5538,5538,8981773,4,Gjerøy,0.00016584843971954822,1489,0.2086613123807251,300,149
0,Nesøy,5,5014,2300,2300,8N14683,13,Vikna,0.0001658179580808626,1490,0.2086613123807251,300,160
0,Nesøy,5,5014,934,934,8M71295,6,Indre Kvarøy,0.00016573662216186176,1491,0.2086613123807251,300,151
0,Nesøy,5,5014,2723,2723,8N42457,14,Lauvøya,0.00016554840084014207,1492,0.2086613123807251,300,161
0,Nesøy,5,5014,1616,1616,8N05887,11,Leka,0.000165525036054908,1493,0.2086613123807251,300,157
0,Nesøy,5,5014,4113,4113,8P14996,14,Lauvøya,0.00016540786234903963,1494,0.2086613123807251,300,165
0,Nesøy,5,5014,922,922,8M71258,5,Hestmannøy,0.00016518477206140585,1495,0.2086613123807251,300,148
0,Nesøy,5,5014,4595,4595,8747062,9,Sleneset,0.00016512569788434942,1496,0.2086613123807251,300,150
0,Nesøy,5,5014,3284,3284,8N73665,13,Vikna,0.00016507688416076156,1497,0.2086613123807251,300,156
0,Nesøy,5,5014,951,951,8M71323,11,Leka,0.00016497631683427472,1498,0.2086613123807251,300,164
0,Nesøy,5,5014,1998,1998,8N13700,13,Vikna,0.00016478515100724623,1499,0.2086613123807251,300,158
0,Nesøy,5,5014,4707,4707,8747722,5,Hestmannøy,0.00016472637499875988,1500,0.2086613123807251,300,152
0,Nesøy,5,5014,2992,2992,8N72954,13,Vikna,0.00016468169514230588,1501,0.2086613123807251,300,151
0,Nesøy,5,5014,1273,1273,8N05149,12,Vega,0.0001645888547387993,1502,0.2086613123807251,300,156
0,Nesøy,5,5014,5155,5155,8934266,7,Onøy og Lurøy,0.00016456933730325373,1503,0.2086613123807251,300,153
0,Nesøy,5,5014,2867,2867,8N72488,3,Selvær,0.00016442005252228887,1504,0.2086613123807251,300,156
0,Nesøy,5,5014,2378,2378,8N27073,14,Lauvøya,0.0001643651419460881,1505,0.2086613123807251,300,152
0,Nesøy,5,5014,608,608,8L89514,5,Hestmannøy,0.0001636336347209901,1506,0.2086613123807251,300,159
0,Nesøy,5,5014,3915,3915,8P11789,2,Træna,0.00016358126743473372,1507,0.2086613123807251,300,160
0,Nesøy,5,5014,1099,1099,8M72530,11,Leka,0.00016350959515369143,1508,0.2086613123807251,300,161
0,Nesøy,5,5014,3791,3791,8N87968,13,Vikna,0.0001633699757736634,1509,0.2086613123807251,300,167
0,Nesøy,5,5014,3976,3976,8N14340,14,Lauvøya,0.00016330151844547327,1510,0.2086613123807251,300,138
0,Nesøy,5,5014,3375,3375,8N73941,12,Vega,0.0001632229432601711,1511,0.2086613123807251,300,152
0,Nesøy,5,5014,2255,2255,8N14637,13,Vikna,0.00016313073952499462,1512,0.2086613123807251,300,153
0,Nesøy,5,5014,451,451,8L64157,2,Træna,0.00016307739626046717,1513,0.2086613123807251,300,160
0,Nesøy,5,5014,2951,2951,8N72911,13,Vikna,0.00016305794994929347,1514,0.2086613123807251,300,160
0,Nesøy,5,5014,4055,4055,8P14866,14,Lauvøya,0.0001628526735205213,1515,0.2086613123807251,300,148
0,Nesøy,5,5014,3265,3265,8N73646,13,Vikna,0.00016267279623663808,1516,0.2086613123807251,300,156
0,Nesøy,5,5014,5064,5064,8887373,4,Gjerøy,0.00016257352430368465,1517,0.2086613123807251,300,157
0,Nesøy,5,5014,2146,2146,8N14525,11,Leka,0.00016254092298556512,1518,0.2086613123807251,300,166
0,Nesøy,5,5014,1121,1121,8M72591,11,Leka,0.00016238589089784646,1519,0.2086613123807251,300,157
0,Nesøy,5,5014,313,313,8L52338,12,Vega,0.0001623705977394516,1520,0.2086613123807251,300,148
0,Nesøy,5,5014,2597,2597,8N28550,3,Selvær,0.00016188254119462643,1521,0.2086613123807251,300,153
0,Nesøy,5,5014,505,505,8L64829,9,Sleneset,0.00016173438981511781,1522,0.2086613123807251,300,163
0,Nesøy,5,5014,1967,1967,8N13669,13,Vikna,0.0001615612546806265,1523,0.2086613123807251,300,165
0,Nesøy,5,5014,3042,3042,8N73198,14,Lauvøya,0.0001614676447414203,1524,0.2086613123807251,300,160
0,Nesøy,5,5014,5231,5231,8934875,3,Selvær,0.0001612566834744793,1525,0.2086613123807251,300,151
0,Nesøy,5,5014,5090,5090,8887494,7,Onøy og Lurøy,0.00016104706709802027,1526,0.2086613123807251,300,157
0,Nesøy,5,5014,4214,4214,8309171,5,Hestmannøy,0.0001608588970839624,1527,0.2086613123807251,300,161
0,Nesøy,5,5014,3198,3198,8N73509,5,Hestmannøy,0.00016079292741438594,1528,0.2086613123807251,300,159
0,Nesøy,5,5014,874,874,8M71073,4,Gjerøy,0.00016078448937090553,1529,0.2086613123807251,300,151
0,Nesøy,5,5014,4788,4788,8800023,5,Hestmannøy,0.0001603895766590389,1530,0.2086613123807251,300,158
0,Nesøy,5,5014,91,91,8L30286,5,Hestmannøy,0.00016025285119669695,1531,0.2086613123807251,300,160
0,Nesøy,5,5014,3987,3987,8P14472,5,Hestmannøy,0.00016014987887630374,1532,0.2086613123807251,300,154
0,Nesøy,5,5014,3299,3299,8N73680,13,Vikna,0.00016004131255769932,1533,0.2086613123807251,300,164
0,Nesøy,5,5014,5520,5520,8981605,10,Aldra,0.00015983774067566674,1534,0.2086613123807251,300,156
0,Nesøy,5,5014,3412,3412,8N73978,12,Vega,0.00015964708282055595,1535,0.2086613123807251,300,156
0,Nesøy,5,5014,1330,1330,8N05207,12,Vega,0.00015939260918794212,1536,0.2086613123807251,300,153
0,Nesøy,5,5014,5229,5229,8934858,8,Lovund,0.00015937253329227126,1537,0.2086613123807251,300,155
0,Nesøy,5,5014,1403,1403,8N05281,13,Vikna,0.00015936379115464956,1538,0.2086613123807251,300,163
0,Nesøy,5,5014,2980,2980,8N72941,13,Vikna,0.00015926213976672886,1539,0.2086613123807251,300,147
0,Nesøy,5,5014,4651,4651,8747417,1,Myken,0.00015910046560897896,1540,0.2086613123807251,300,156
0,Nesøy,5,5014,1905,1905,8N13607,14,Lauvøya,0.00015907460710430806,1541,0.2086613123807251,300,150
0,Nesøy,5,5014,4117,4117,8P14990,14,Lauvøya,0.00015905348239737282,1542,0.2086613123807251,300,151
0,Nesøy,5,5014,2894,2894,8N72669,4,Gjerøy,0.0001590306307220108,1543,0.2086613123807251,300,154
0,Nesøy,5,5014,3519,3519,8N87532,11,Leka,0.00015897890621254256,1544,0.2086613123807251,300,155
0,Nesøy,5,5014,982,982,8M71414,5,Hestmannøy,0.00015894626592309995,1545,0.2086613123807251,300,160
0,Nesøy,5,5014,4873,4873,8800478,4,Gjerøy,0.0001589139491883826,1546,0.2086613123807251,300,159
0,Nesøy,5,5014,2641,2641,8N28789,14,Lauvøya,0.00015883389258433345,1547,0.2086613123807251,300,154
0,Nesøy,5,5014,1489,1489,8N05624,14,Lauvøya,0.00015877182110986276,1548,0.2086613123807251,300,152
0,Nesøy,5,5014,5208,5208,8934497,4,Gjerøy,0.00015863895540949857,1549,0.2086613123807251,300,162
0,Nesøy,5,5014,5093,5093,8M71461,13,Vikna,0.00015840883220761688,1550,0.2086613123807251,300,152
0,Nesøy,5,5014,2803,2803,8N42858,5,Hestmannøy,0.00015838575002224555,1551,0.2086613123807251,300,160
0,Nesøy,5,5014,5522,5522,8981607,10,Aldra,0.00015834783517802,1552,0.2086613123807251,300,148
0,Nesøy,5,5014,798,798,8M31711,4,Gjerøy,0.00015834382235625,1553,0.2086613123807251,300,156
0,Nesøy,5,5014,311,311,8L52334,12,Vega,0.00015823954578844448,1554,0.2086613123807251,300,169
0,Nesøy,5,5014,2893,2893,8N72668,4,Gjerøy,0.0001582335879071793,1555,0.2086613123807251,300,152
0,Nesøy,5,5014,969,969,8L64182,7,Onøy og Lurøy,0.00015783467207306813,1556,0.2086613123807251,300,151
0,Nesøy,5,5014,4222,4222,8309218,13,Vikna,0.00015765601138432924,1557,0.2086613123807251,300,159
0,Nesøy,5,5014,1457,1457,8N05536,5,Hestmannøy,0.00015742750265206696,1558,0.2086613123807251,300,159
0,Nesøy,5,5014,1160,1160,8M72736,4,Gjerøy,0.00015717417284167584,1559,0.2086613123807251,300,161
0,Nesøy,5,5014,4643,4643,8747309,8,Lovund,0.00015716872074215496,1560,0.2086613123807251,300,141
0,Nesøy,5,5014,4522,4522,8732258,1,Myken,0.00015708714307088365,1561,0.2086613123807251,300,157
0,Nesøy,5,5014,1821,1821,8N06882,14,Lauvøya,0.00015698380110725377,1562,0.2086613123807251,300,156
0,Nesøy,5,5014,1620,1620,8N05893,11,Leka,0.00015697184927472582,1563,0.2086613123807251,300,155
0,Nesøy,5,5014,3770,3770,8N87947,13,Vikna,0.0001567156121042182,1564,0.2086613123807251,300,154
0,Nesøy,5,5014,20,20,8L19722,6,Indre Kvarøy,0.0001566167665301635,1565,0.2086613123807251,300,158
0,Nesøy,5,5014,4050,4050,8P14861,14,Lauvøya,0.00015647450589380792,1566,0.2086613123807251,300,154
0,Nesøy,5,5014,2366,2366,8N27053,14,Lauvøya,0.0001564117118189074,1567,0.2086613123807251,300,150
0,Nesøy,5,5014,3201,3201,8N73513,7,Onøy og Lurøy,0.00015637977333128952,1568,0.2086613123807251,300,151
0,Nesøy,5,5014,2245,2245,8N14626,13,Vikna,0.00015615751489231588,1569,0.2086613123807251,300,154
0,Nesøy,5,5014,4642,4642,8747308,8,Lovund,0.00015607310396871044,1570,0.2086613123807251,300,158
0,Nesøy,5,5014,2880,2880,8N72575,4,Gjerøy,0.00015606304877289492,1571,0.2086613123807251,300,157
0,Nesøy,5,5014,4784,4784,8800005,9,Sleneset,0.00015591558057057964,1572,0.2086613123807251,300,162
0,Nesøy,5,5014,4545,4545,8732579,7,Onøy og Lurøy,0.00015581682277953642,1573,0.2086613123807251,300,152
0,Nesøy,5,5014,2230,2230,8N14611,13,Vikna,0.00015528459455469936,1574,0.2086613123807251,300,154
0,Nesøy,5,5014,3177,3177,8N73488,11,Leka,0.0001551683913143329,1575,0.2086613123807251,300,163
0,Nesøy,5,5014,3312,3312,8N73694,13,Vikna,0.0001551362992473298,1576,0.2086613123807251,300,150
0,Nesøy,5,5014,1205,1205,8M72960,4,Gjerøy,0.00015505416052055863,1577,0.2086613123807251,300,158
0,Nesøy,5,5014,5558,5558,8981857,5,Hestmannøy,0.00015494287077010832,1578,0.2086613123807251,300,153
0,Nesøy,5,5014,3341,3341,8N73907,11,Leka,0.00015493944083102743,1579,0.2086613123807251,300,159
0,Nesøy,5,5014,878,878,8L64880,11,Leka,0.00015492624318729563,1580,0.2086613123807251,300,157
0,Nesøy,5,5014,5470,5470,8981199,11,Leka,0.0001547847452683749,1581,0.2086613123807251,300,163
0,Nesøy,5,5014,1551,1551,8N05693,14,Lauvøya,0.00015427669246697171,1582,0.2086613123807251,300,153
0,Nesøy,5,5014,1656,1656,8N06387,5,Hestmannøy,0.00015421746156538837,1583,0.2086613123807251,300,157
0,Nesøy,5,5014,3590,3590,8N87607,14,Lauvøya,0.00015404736285083636,1584,0.2086613123807251,300,156
0,Nesøy,5,5014,3921,3921,8P11871,14,Lauvøya,0.00015391917703376563,1585,0.2086613123807251,300,152
0,Nesøy,5,5014,860,860,8M31941,5,Hestmannøy,0.00015382263820174212,1586,0.2086613123807251,300,153
0,Nesøy,5,5014,5217,5217,8934547,5,Hestmannøy,0.0001538108195416925,1587,0.2086613123807251,300,166
0,Nesøy,5,5014,2320,2320,8N14829,2,Træna,0.00015373181279778914,1588,0.2086613123807251,300,162
0,Nesøy,5,5014,1820,1820,8N06881,11,Leka,0.0001533145785668904,1589,0.2086613123807251,300,164
0,Nesøy,5,5014,5489,5489,8981276,5,Hestmannøy,0.00015319295008202623,1590,0.2086613123807251,300,157
0,Nesøy,5,5014,1322,1322,8N05199,13,Vikna,0.00015286213233034864,1591,0.2086613123807251,300,160
0,Nesøy,5,5014,1512,1512,8N05654,11,Leka,0.00015279215112825608,1592,0.2086613123807251,300,161
0,Nesøy,5,5014,3922,3922,8P11874,14,Lauvøya,0.00015275721237694172,1593,0.2086613123807251,300,156
0,Nesøy,5,5014,240,240,8L48662,5,Hestmannøy,0.00015264069131806614,1594,0.2086613123807251,300,170
0,Nesøy,5,5014,3535,3535,8N87548,11,Leka,0.00015247256856034368,1595,0.2086613123807251,300,147
0,Nesøy,5,5014,2089,2089,8N14162,5,Hestmannøy,0.00015232353776744502,1596,0.2086613123807251,300,164
0,Nesøy,5,5014,568,568,8L89355,5,Hestmannøy,0.00015228856185037145,1597,0.2086613123807251,300,156
0,Nesøy,5,5014,4264,4264,8573896,5,Hestmannøy,0.00015214480318865613,1598,0.2086613123807251,300,156
0,Nesøy,5,5014,3380,3380,8N73946,12,Vega,0.00015211541728067058,1599,0.2086613123807251,300,165
0,Nesøy,5,5014,3040,3040,8N73196,14,Lauvøya,0.00015211013791999607,1600,0.2086613123807251,300,158
0,Nesøy,5,5014,3392,3392,8N73958,12,Vega,0.00015193170494912968,1601,0.2086613123807251,300,170
0,Nesøy,5,5014,2447,2447,8N27348,8,Lovund,0.000151840031170967,1602,0.2086613123807251,300,149
0,Nesøy,5,5014,1025,1025,8M71672,3,Selvær,0.0001516958983312908,1603,0.2086613123807251,300,152
0,Nesøy,5,5014,159,159,8L30782,4,Gjerøy,0.00015163951109903223,1604,0.2086613123807251,300,151
0,Nesøy,5,5014,959,959,8M71344,12,Vega,0.00015159123604050818,1605,0.2086613123807251,300,154
0,Nesøy,5,5014,1095,1095,8M72525,11,Leka,0.0001515039592955233,1606,0.2086613123807251,300,162
0,Nesøy,5,5014,3302,3302,8N73683,13,Vikna,0.00015147926325805554,1607,0.2086613123807251,300,159
0,Nesøy,5,5014,2989,2989,8N72951,13,Vikna,0.000151430779675722,1608,0.2086613123807251,300,149
0,Nesøy,5,5014,5119,5119,8917954,2,Træna,0.00015142686648718666,1609,0.2086613123807251,300,160
0,Nesøy,5,5014,3653,3653,8N87826,14,Lauvøya,0.00015140217432094242,1610,0.2086613123807251,300,160
0,Nesøy,5,5014,4447,4447,8730442,5,Hestmannøy,0.00015132871278609726,1611,0.2086613123807251,300,148
0,Nesøy,5,5014,1485,1485,8N05620,14,Lauvøya,0.00015070053515534528,1612,0.2086613123807251,300,165
0,Nesøy,5,5014,1056,1056,8M72037,3,Selvær,0.00015067710372779935,1613,0.2086613123807251,300,155
0,Nesøy,5,5014,5245,5245,8939034,5,Hestmannøy,0.00015009171919532914,1614,0.2086613123807251,300,152
0,Nesøy,5,5014,2062,2062,8N14015,7,Onøy og Lurøy,0.00015002123646661806,1615,0.2086613123807251,300,156
0,Nesøy,5,5014,828,828,8M31820,12,Vega,0.00014961318092679687,1616,0.2086613123807251,300,167
0,Nesøy,5,5014,330,330,8L52364,11,Leka,0.00014958481365689172,1617,0.2086613123807251,300,155
0,Nesøy,5,5014,3508,3508,8N87521,11,Leka,0.0001494936285855351,1618,0.2086613123807251,300,151
0,Nesøy,5,5014,2332,2332,8N14931,5,Hestmannøy,0.00014930977250043165,1619,0.2086613123807251,300,163
0,Nesøy,5,5014,3742,3742,8N87919,13,Vikna,0.00014923357383975696,1620,0.2086613123807251,300,152
0,Nesøy,5,5014,1854,1854,8N13081,14,Lauvøya,0.00014919764016753243,1621,0.2086613123807251,300,164
0,Nesøy,5,5014,174,174,8L30890,5,Hestmannøy,0.00014908807102479495,1622,0.2086613123807251,300,169
0,Nesøy,5,5014,2484,2484,8N27707,2,Træna,0.00014898459667477438,1623,0.2086613123807251,300,155
0,Nesøy,5,5014,3757,3757,8N87934,13,Vikna,0.0001488659797227487,1624,0.2086613123807251,300,157
0,Nesøy,5,5014,1604,1604,8N05872,11,Leka,0.00014848719483487373,1625,0.2086613123807251,300,164
0,Nesøy,5,5014,3572,3572,8N87586,11,Leka,0.00014842715907901168,1626,0.2086613123807251,300,151
0,Nesøy,5,5014,4128,4128,8P26405,5,Hestmannøy,0.00014823982198642488,1627,0.2086613123807251,300,160
0,Nesøy,5,5014,5540,5540,8981792,6,Indre Kvarøy,0.0001480123526991108,1628,0.2086613123807251,300,159
0,Nesøy,5,5014,882,882,8M71089,5,Hestmannøy,0.00014767885550647842,1629,0.2086613123807251,300,151
0,Nesøy,5,5014,2410,2410,8N27139,7,Onøy og Lurøy,0.00014749098263909952,1630,0.2086613123807251,300,162
0,Nesøy,5,5014,2988,2988,8N72949,13,Vikna,0.00014741689566873868,1631,0.2086613123807251,300,152
0,Nesøy,5,5014,105,105,8L30444,4,Gjerøy,0.0001471910217522166,1632,0.2086613123807251,300,153
0,Nesøy,5,5014,3048,3048,8N73210,12,Vega,0.0001471818293334196,1633,0.2086613123807251,300,155
0,Nesøy,5,5014,1511,1511,8N05653,11,Leka,0.0001471120771473901,1634,0.2086613123807251,300,163
0,Nesøy,5,5014,5291,5291,8939368,7,Onøy og Lurøy,0.00014697560710578807,1635,0.2086613123807251,300,157
0,Nesøy,5,5014,3317,3317,8N73699,13,Vikna,0.00014678471107592,1636,0.2086613123807251,300,152
0,Nesøy,5,5014,3541,3541,8N87554,11,Leka,0.00014660844165160795,1637,0.2086613123807251,300,157
0,Nesøy,5,5014,4777,4777,8794343,9,Sleneset,0.00014659920871906904,1638,0.2086613123807251,300,160
0,Nesøy,5,5014,1771,1771,8N06832,11,Leka,0.00014653200417591024,1639,0.2086613123807251,300,156
0,Nesøy,5,5014,1085,1085,8M72416,13,Vikna,0.0001464917385052146,1640,0.2086613123807251,300,163
0,Nesøy,5,5014,793,793,8M31641,10,Aldra,0.0001464318049421989,1641,0.2086613123807251,300,160
0,Nesøy,5,5014,3584,3584,8N87599,11,Leka,0.00014637992225867324,1642,0.2086613123807251,300,151
0,Nesøy,5,5014,2413,2413,8N27142,7,Onøy og Lurøy,0.00014619749295127538,1643,0.2086613123807251,300,150
0,Nesøy,5,5014,2178,2178,8N14558,11,Leka,0.00014618997840985776,1644,0.2086613123807251,300,165
0,Nesøy,5,5014,4740,4740,8747817,7,Onøy og Lurøy,0.00014608788107312268,1645,0.2086613123807251,300,153
0,Nesøy,5,5014,5328,5328,8939603,5,Hestmannøy,0.00014603163010464752,1646,0.2086613123807251,300,153
0,Nesøy,5,5014,3460,3460,8N87162,10,Aldra,0.00014598347163266963,1647,0.2086613123807251,300,164
0,Nesøy,5,5014,481,481,8L64397,3,Selvær,0.00014595597873440284,1648,0.2086613123807251,300,153
0,Nesøy,5,5014,1168,1168,8M72786,10,Aldra,0.00014584032092064333,1649,0.2086613123807251,300,153
0,Nesøy,5,5014,4842,4842,8800339,7,Onøy og Lurøy,0.00014582842757805684,1650,0.2086613123807251,300,156
0,Nesøy,5,5014,4829,4829,8800178,6,Indre Kvarøy,0.0001457693191058507,1651,0.2086613123807251,300,160
0,Nesøy,5,5014,4532,4532,8732502,8,Lovund,0.00014574660126688351,1652,0.2086613123807251,300,167
0,Nesøy,5,5014,816,816,8M31781,11,Leka,0.00014571980330191887,1653,0.2086613123807251,300,141
0,Nesøy,5,5014,3348,3348,8N73914,11,Leka,0.00014568371614248835,1654,0.2086613123807251,300,158
0,Nesøy,5,5014,1898,1898,8N13587,2,Træna,0.00014567587637492294,1655,0.2086613123807251,300,159
0,Nesøy,5,5014,3718,3718,8N87894,13,Vikna,0.00014555902318123365,1656,0.2086613123807251,300,154
0,Nesøy,5,5014,3389,3389,8N73955,12,Vega,0.000145442852635549,1657,0.2086613123807251,300,153
0,Nesøy,5,5014,1093,1093,8M72446,13,Vikna,0.00014537737642130892,1658,0.2086613123807251,300,151
0,Nesøy,5,5014,3064,3064,8N73226,12,Vega,0.00014526623447180394,1659,0.2086613123807251,300,162
0,Nesøy,5,5014,2375,2375,8N27070,14,Lauvøya,0.00014522478317954504,1660,0.2086613123807251,300,159
0,Nesøy,5,5014,705,705,8M31216,11,Leka,0.00014511809840847567,1661,0.2086613123807251,300,159
0,Nesøy,5,5014,3411,3411,8N73977,12,Vega,0.00014487383518243383,1662,0.2086613123807251,300,174
0,Nesøy,5,5014,3272,3272,8N73653,13,Vikna,0.00014481754715231642,1663,0.2086613123807251,300,167
0,Nesøy,5,5014,491,491,8M71162,13,Vikna,0.00014471327160396784,1664,0.2086613123807251,300,158
0,Nesøy,5,5014,1229,1229,8N05105,12,Vega,0.00014461587763716337,1665,0.2086613123807251,300,155
0,Nesøy,5,5014,4566,4566,8732650,5,Hestmannøy,0.00014448602654307854,1666,0.2086613123807251,300,157
0,Nesøy,5,5014,2502,2502,8N27880,6,Indre Kvarøy,0.00014445487378072805,1667,0.2086613123807251,300,146
0,Nesøy,5,5014,4492,4492,8730932,3,Selvær,0.00014445284034410948,1668,0.2086613123807251,300,164
0,Nesøy,5,5014,3971,3971,8P14312,14,Lauvøya,0.00014442188379895174,1669,0.2086613123807251,300,143
0,Nesøy,5,5014,2594,2594,8N28530,9,Sleneset,0.0001443429758119807,1670,0.2086613123807251,300,169
0,Nesøy,5,5014,1581,1581,8N05818,7,Onøy og Lurøy,0.00014413103833732028,1671,0.2086613123807251,300,156
0,Nesøy,5,5014,1767,1767,8N06828,11,Leka,0.0001441293173565251,1672,0.2086613123807251,300,153
0,Nesøy,5,5014,5362,5362,8939890,9,Sleneset,0.00014404073301599606,1673,0.2086613123807251,300,164
0,Nesøy,5,5014,2116,2116,8N14296,14,Lauvøya,0.0001440307104830109,1674,0.2086613123807251,300,161
0,Nesøy,5,5014,4869,4869,8800468,5,Hestmannøy,0.00014392136705864084,1675,0.2086613123807251,300,151
0,Nesøy,5,5014,4493,4493,8730938,3,Selvær,0.00014360889242853419,1676,0.2086613123807251,300,161
0,Nesøy,5,5014,692,692,8M31115,8,Lovund,0.0001433940648996435,1677,0.2086613123807251,300,161
0,Nesøy,5,5014,2004,2004,8N13850,14,Lauvøya,0.00014322068493376674,1678,0.2086613123807251,300,152
0,Nesøy,5,5014,3704,3704,8N87880,13,Vikna,0.0001431601885679816,1679,0.2086613123807251,300,146
0,Nesøy,5,5014,2833,2833,8N72130,9,Sleneset,0.0001431455312561594,1680,0.2086613123807251,300,152
0,Nesøy,5,5014,4232,4232,8309269,5,Hestmannøy,0.00014293162320817783,1681,0.2086613123807251,300,153
0,Nesøy,5,5014,3184,3184,8N73495,12,Vega,0.00014291371404745145,1682,0.2086613123807251,300,151
0,Nesøy,5,5014,1039,1039,8M71864,5,Hestmannøy,0.00014281359549516754,1683,0.2086613123807251,300,161
0,Nesøy,5,5014,3381,3381,8N73947,12,Vega,0.00014261729000761183,1684,0.2086613123807251,300,158
0,Nesøy,5,5014,4738,4738,8747809,4,Gjerøy,0.00014252464682403375,1685,0.2086613123807251,300,165
0,Nesøy,5,5014,3760,3760,8N87937,13,Vikna,0.00014246026720597495,1686,0.2086613123807251,300,156
0,Nesøy,5,5014,5201,5201,8934460,4,Gjerøy,0.0001424104255189518,1687,0.2086613123807251,300,153
0,Nesøy,5,5014,2944,2944,8N72904,13,Vikna,0.00014238339860494218,1688,0.2086613123807251,300,166
0,Nesøy,5,5014,3379,3379,8N73945,12,Vega,0.0001423444489315228,1689,0.2086613123807251,300,157
0,Nesøy,5,5014,1600,1600,8N05867,11,Leka,0.00014219967901291162,1690,0.2086613123807251,300,159
0,Nesøy,5,5014,5331,5331,8939611,4,Gjerøy,0.00014216368740892349,1691,0.2086613123807251,300,166
0,Nesøy,5,5014,1498,1498,8N05640,14,Lauvøya,0.00014213400938963914,1692,0.2086613123807251,300,155
0,Nesøy,5,5014,1804,1804,8N06865,11,Leka,0.00014199971174346272,1693,0.2086613123807251,300,161
0,Nesøy,5,5014,3844,3844,8P11525,14,Lauvøya,0.00014194791343872474,1694,0.2086613123807251,300,148
0,Nesøy,5,5014,5530,5530,8981720,4,Gjerøy,0.00014170885786988268,1695,0.2086613123807251,300,152
0,Nesøy,5,5014,1501,1501,8N05643,14,Lauvøya,0.0001416862705762103,1696,0.2086613123807251,300,164
0,Nesøy,5,5014,4175,4175,8168606,10,Aldra,0.0001410391165859852,1697,0.2086613123807251,300,157
0,Nesøy,5,5014,574,574,8L89374,5,Hestmannøy,0.00014079019891618434,1698,0.2086613123807251,300,162
0,Nesøy,5,5014,1799,1799,8N06860,11,Leka,0.00014065681152475174,1699,0.2086613123807251,300,157
0,Nesøy,5,5014,1975,1975,8N13677,13,Vikna,0.0001405576730754238,1700,0.2086613123807251,300,164
0,Nesøy,5,5014,5515,5515,8981538,3,Selvær,0.00014037860170674474,1701,0.2086613123807251,300,151
0,Nesøy,5,5014,1250,1250,8N05126,12,Vega,0.0001400399928933931,1702,0.2086613123807251,300,160
0,Nesøy,5,5014,1007,1007,8M71503,4,Gjerøy,0.00013997729525117903,1703,0.2086613123807251,300,159
0,Nesøy,5,5014,3626,3626,8N87772,4,Gjerøy,0.0001397751073645109,1704,0.2086613123807251,300,147
0,Nesøy,5,5014,2913,2913,8N72689,11,Leka,0.00013957826626914284,1705,0.2086613123807251,300,166
0,Nesøy,5,5014,947,947,8M71314,5,Hestmannøy,0.0001393684701602052,1706,0.2086613123807251,300,155
0,Nesøy,5,5014,817,817,8M31784,11,Leka,0.00013936825494800385,1707,0.2086613123807251,300,162
0,Nesøy,5,5014,827,827,8L89179,12,Vega,0.00013905996789698402,1708,0.2086613123807251,300,153
0,Nesøy,5,5014,1520,1520,8N05662,13,Vikna,0.00013874992104016544,1709,0.2086613123807251,300,136
0,Nesøy,5,5014,180,180,8L30963,2,Træna,0.00013844942230724578,1710,0.2086613123807251,300,161
0,Nesøy,5,5014,2042,2042,8N13976,5,Hestmannøy,0.00013842494474295162,1711,0.2086613123807251,300,150
0,Nesøy,5,5014,5152,5152,8934231,3,Selvær,0.00013839460044601538,1712,0.2086613123807251,300,155
0,Nesøy,5,5014,393,393,8L52931,4,Gjerøy,0.00013837484793823853,1713,0.2086613123807251,300,166
0,Nesøy,5,5014,5333,5333,8939617,6,Indre Kvarøy,0.00013816985545504596,1714,0.2086613123807251,300,148
0,Nesøy,5,5014,3431,3431,8N73997,14,Lauvøya,0.00013808658973300952,1715,0.2086613123807251,300,160
0,Nesøy,5,5014,4162,4162,8P26749,7,Onøy og Lurøy,0.00013787952129080649,1716,0.2086613123807251,300,158
0,Nesøy,5,5014,3600,3600,8N87620,14,Lauvøya,0.00013786848254465598,1717,0.2086613123807251,300,155
0,Nesøy,5,5014,3279,3279,8N73660,13,Vikna,0.0001378431085905122,1718,0.2086613123807251,300,151
0,Nesøy,5,5014,369,369,8L52552,4,Gjerøy,0.00013779697705919476,1719,0.2086613123807251,300,157
0,Nesøy,5,5014,4582,4582,8732681,4,Gjerøy,0.0001377266280179399,1720,0.2086613123807251,300,153
0,Nesøy,5,5014,4088,4088,8P14966,14,Lauvøya,0.00013747057491087137,1721,0.2086613123807251,300,150
0,Nesøy,5,5014,3320,3320,8N73724,14,Lauvøya,0.00013746573651205908,1722,0.2086613123807251,300,153
0,Nesøy,5,5014,2998,2998,8N72960,13,Vikna,0.00013732006830097143,1723,0.2086613123807251,300,156
0,Nesøy,5,5014,2855,2855,8N72389,6,Indre Kvarøy,0.00013722771839059576,1724,0.2086613123807251,300,150
0,Nesøy,5,5014,736,736,8M31334,5,Hestmannøy,0.00013721925050341378,1725,0.2086613123807251,300,162
0,Nesøy,5,5014,3361,3361,8N73927,11,Leka,0.00013659382534989228,1726,0.2086613123807251,300,162
0,Nesøy,5,5014,2671,2671,8N28913,2,Træna,0.0001364567709741747,1727,0.2086613123807251,300,161
0,Nesøy,5,5014,5264,5264,8939139,10,Aldra,0.00013633861514344758,1728,0.2086613123807251,300,165
0,Nesøy,5,5014,3470,3470,8N87248,8,Lovund,0.00013632103753918664,1729,0.2086613123807251,300,160
0,Nesøy,5,5014,4792,4792,8800029,4,Gjerøy,0.00013627341277605814,1730,0.2086613123807251,300,147
0,Nesøy,5,5014,5025,5025,8887232,5,Hestmannøy,0.0001361259205864221,1731,0.2086613123807251,300,151
0,Nesøy,5,5014,3075,3075,8N73237,12,Vega,0.0001360707686719456,1732,0.2086613123807251,300,154
0,Nesøy,5,5014,678,678,8L89894,4,Gjerøy,0.00013583787173734128,1733,0.2086613123807251,300,153
0,Nesøy,5,5014,843,843,8M31875,5,Hestmannøy,0.00013583675525674044,1734,0.2086613123807251,300,158
0,Nesøy,5,5014,1686,1686,8N06483,12,Vega,0.00013583117291989213,1735,0.2086613123807251,300,158
0,Nesøy,5,5014,3172,3172,8N73483,11,Leka,0.00013569889331983031,1736,0.2086613123807251,300,156
0,Nesøy,5,5014,3944,3944,8P14064,5,Hestmannøy,0.0001355494992108644,1737,0.2086613123807251,300,149
0,Nesøy,5,5014,3138,3138,8N73448,11,Leka,0.0001354308910099654,1738,0.2086613123807251,300,158
0,Nesøy,5,5014,2111,2111,8N14291,14,Lauvøya,0.0001352426455611027,1739,0.2086613123807251,300,148
0,Nesøy,5,5014,3005,3005,8N72989,2,Træna,0.0001351839144604786,1740,0.2086613123807251,300,165
0,Nesøy,5,5014,230,230,8L48578,8,Lovund,0.00013500161982184588,1741,0.2086613123807251,300,155
0,Nesøy,5,5014,2333,2333,8N14933,5,Hestmannøy,0.0001347889312792312,1742,0.2086613123807251,300,162
0,Nesøy,5,5014,4136,4136,8P26526,9,Sleneset,0.0001347505514674796,1743,0.2086613123807251,300,172
0,Nesøy,5,5014,4949,4949,8857104,7,Onøy og Lurøy,0.00013469289892902134,1744,0.2086613123807251,300,161
0,Nesøy,5,5014,4602,4602,8747104,5,Hestmannøy,0.00013450821904687646,1745,0.2086613123807251,300,162
0,Nesøy,5,5014,3947,3947,8P14086,9,Sleneset,0.00013450381946265657,1746,0.2086613123807251,300,149
0,Nesøy,5,5014,1377,1377,8N05255,13,Vikna,0.00013445533667911174,1747,0.2086613123807251,300,167
0,Nesøy,5,5014,2202,2202,8N14583,11,Leka,0.00013423784358478235,1748,0.2086613123807251,300,152
0,Nesøy,5,5014,2735,2735,8N42509,5,Hestmannøy,0.00013421466685891134,1749,0.2086613123807251,300,156
0,Nesøy,5,5014,5417,5417,8943578,2,Træna,0.0001342113480825872,1750,0.2086613123807251,300,150
0,Nesøy,5,5014,354,354,8L52404,6,Indre Kvarøy,0.00013406459830348405,1751,0.2086613123807251,300,161
0,Nesøy,5,5014,3282,3282,8N73663,13,Vikna,0.00013405665342187438,1752,0.2086613123807251,300,162
0,Nesøy,5,5014,4999,4999,8866751,5,Hestmannøy,0.00013384607923703492,1753,0.2086613123807251,300,149
0,Nesøy,5,5014,3533,3533,8N87546,11,Leka,0.00013379193459148173,1754,0.2086613123807251,300,157
0,Nesøy,5,5014,1863,1863,8N13116,14,Lauvøya,0.00013370547007911587,1755,0.2086613123807251,300,153
0,Nesøy,5,5014,3815,3815,8N88000,13,Vikna,0.00013356447530062486,1756,0.2086613123807251,300,147
0,Nesøy,5,5014,2140,2140,8N14519,11,Leka,0.0001334740203392115,1757,0.2086613123807251,300,159
0,Nesøy,5,5014,2883,2883,8N72592,10,Aldra,0.0001334277418151158,1758,0.2086613123807251,300,147
0,Nesøy,5,5014,4910,4910,8816409,5,Hestmannøy,0.0001333143815148921,1759,0.2086613123807251,300,153
0,Nesøy,5,5014,100,100,8L30363,10,Aldra,0.00013320303956194512,1760,0.2086613123807251,300,152
0,Nesøy,5,5014,45,45,8L19932,10,Aldra,0.0001329831453103872,1761,0.2086613123807251,300,157
0,Nesøy,5,5014,3080,3080,8N73242,12,Vega,0.00013295296293788306,1762,0.2086613123807251,300,152
0,Nesøy,5,5014,2929,2929,8N72734,6,Indre Kvarøy,0.0001329515135314763,1763,0.2086613123807251,300,149
0,Nesøy,5,5014,3919,3919,8P11833,14,Lauvøya,0.00013294181583014134,1764,0.2086613123807251,300,161
0,Nesøy,5,5014,4772,4772,8794313,8,Lovund,0.0001328526529862191,1765,0.2086613123807251,300,152
0,Nesøy,5,5014,4313,4313,8651878,4,Gjerøy,0.0001328468104489286,1766,0.2086613123807251,300,140
0,Nesøy,5,5014,2466,2466,8N27424,4,Gjerøy,0.00013262510475049998,1767,0.2086613123807251,300,159
0,Nesøy,5,5014,965,965,8M71355,12,Vega,0.00013246852137694876,1768,0.2086613123807251,300,150
0,Nesøy,5,5014,152,152,8L30771,12,Vega,0.00013209934702219732,1769,0.2086613123807251,300,154
0,Nesøy,5,5014,3643,3643,8N87816,14,Lauvøya,0.00013200952142577546,1770,0.2086613123807251,300,154
0,Nesøy,5,5014,5112,5112,8917939,8,Lovund,0.00013181131393153272,1771,0.2086613123807251,300,146
0,Nesøy,5,5014,3738,3738,8N87915,13,Vikna,0.00013170609853583652,1772,0.2086613123807251,300,160
0,Nesøy,5,5014,4965,4965,8857257,9,Sleneset,0.00013160292243656965,1773,0.2086613123807251,300,154
0,Nesøy,5,5014,2899,2899,8N72675,11,Leka,0.00013144329102954494,1774,0.2086613123807251,300,143
0,Nesøy,5,5014,5364,5364,8939898,5,Hestmannøy,0.00013094549226455671,1775,0.2086613123807251,300,160
0,Nesøy,5,5014,4861,4861,8800426,5,Hestmannøy,0.00013091638256284646,1776,0.2086613123807251,300,150
0,Nesøy,5,5014,2391,2391,8N27086,14,Lauvøya,0.00013090531838823554,1777,0.2086613123807251,300,154
0,Nesøy,5,5014,2030,2030,8N13949,4,Gjerøy,0.00013087084274792,1778,0.2086613123807251,300,165
0,Nesøy,5,5014,3289,3289,8N73670,13,Vikna,0.00013064295292323914,1779,0.2086613123807251,300,160
0,Nesøy,5,5014,4815,4815,8800127,9,Sleneset,0.00013056415977577234,1780,0.2086613123807251,300,160
0,Nesøy,5,5014,1631,1631,8N05946,3,Selvær,0.00013052152548720036,1781,0.2086613123807251,300,167
0,Nesøy,5,5014,2191,2191,8N14572,11,Leka,0.00013036847188900032,1782,0.2086613123807251,300,161
0,Nesøy,5,5014,4622,4622,8747239,4,Gjerøy,0.00013026336947853832,1783,0.2086613123807251,300,146
0,Nesøy,5,5014,2924,2924,8N72700,11,Leka,0.00013014315092928352,1784,0.2086613123807251,300,167
0,Nesøy,5,5014,2915,2915,8N72691,11,Leka,0.00013012088278056502,1785,0.2086613123807251,300,142
0,Nesøy,5,5014,3296,3296,8N73677,13,Vikna,0.0001299705727581824,1786,0.2086613123807251,300,162
0,Nesøy,5,5014,4705,4705,8747713,7,Onøy og Lurøy,0.00012975163945248928,1787,0.2086613123807251,300,155
0,Nesøy,5,5014,2015,2015,8N13862,14,Lauvøya,0.0001296428660465397,1788,0.2086613123807251,300,150
0,Nesøy,5,5014,453,453,8L64171,8,Lovund,0.00012958764583811274,1789,0.2086613123807251,300,154
0,Nesøy,5,5014,214,214,8L48461,10,Aldra,0.00012956202023372927,1790,0.2086613123807251,300,162
0,Nesøy,5,5014,337,337,8L52381,11,Leka,0.0001294611006374355,1791,0.2086613123807251,300,156
0,Nesøy,5,5014,5477,5477,8981243,7,Onøy og Lurøy,0.0001294223241000126,1792,0.2086613123807251,300,151
0,Nesøy,5,5014,4205,4205,8309135,5,Hestmannøy,0.00012906947765794203,1793,0.2086613123807251,300,158
0,Nesøy,5,5014,2349,2349,8N14966,7,Onøy og Lurøy,0.00012904009583938482,1794,0.2086613123807251,300,146
0,Nesøy,5,5014,5392,5392,8943121,5,Hestmannøy,0.0001289773809117454,1795,0.2086613123807251,300,167
0,Nesøy,5,5014,1690,1690,8N06487,12,Vega,0.0001288977435902053,1796,0.2086613123807251,300,148
0,Nesøy,5,5014,3909,3909,8P11751,7,Onøy og Lurøy,0.00012868901467520823,1797,0.2086613123807251,300,157
0,Nesøy,5,5014,1399,1399,8N05277,13,Vikna,0.0001283554093663495,1798,0.2086613123807251,300,155
0,Nesøy,5,5014,5434,5434,8943882,5,Hestmannøy,0.00012827754371476233,1799,0.2086613123807251,300,161
0,Nesøy,5,5014,4562,4562,8732646,5,Hestmannøy,0.00012816922029040424,1800,0.2086613123807251,300,155
0,Nesøy,5,5014,1813,1813,8N06874,11,Leka,0.0001281571524266375,1801,0.2086613123807251,300,160
0,Nesøy,5,5014,2716,2716,8N42397,5,Hestmannøy,0.00012812887373157914,1802,0.2086613123807251,300,156
0,Nesøy,5,5014,2963,2963,8N72923,13,Vikna,0.00012812410348309158,1803,0.2086613123807251,300,150
0,Nesøy,5,5014,5495,5495,8981284,5,Hestmannøy,0.00012811717615599717,1804,0.2086613123807251,300,161
0,Nesøy,5,5014,356,356,8L52415,4,Gjerøy,0.00012811362926606098,1805,0.2086613123807251,300,153
0,Nesøy,5,5014,3362,3362,8N73928,11,Leka,0.0001280058374724072,1806,0.2086613123807251,300,151
0,Nesøy,5,5014,4096,4096,8P14975,14,Lauvøya,0.0001279917251934645,1807,0.2086613123807251,300,151
0,Nesøy,5,5014,4178,4178,8168615,7,Onøy og Lurøy,0.00012797756830256203,1808,0.2086613123807251,300,155
0,Nesøy,5,5014,165,165,8L30819,3,Selvær,0.0001279745096657378,1809,0.2086613123807251,300,160
0,Nesøy,5,5014,3883,3883,8P11565,14,Lauvøya,0.0001279169399028118,1810,0.2086613123807251,300,157
0,Nesøy,5,5014,2611,2611,8N28688,5,Hestmannøy,0.00012774853020346784,1811,0.2086613123807251,300,161
0,Nesøy,5,5014,2785,2785,8N42719,5,Hestmannøy,0.00012741412082161122,1812,0.2086613123807251,300,162
0,Nesøy,5,5014,182,182,8L30984,9,Sleneset,0.00012735382993128954,1813,0.2086613123807251,300,159
0,Nesøy,5,5014,3556,3556,8N87569,11,Leka,0.00012701718137418717,1814,0.2086613123807251,300,159
0,Nesøy,5,5014,4153,4153,8P26697,7,Onøy og Lurøy,0.0001266094861097914,1815,0.2086613123807251,300,164
0,Nesøy,5,5014,4568,4568,8732653,5,Hestmannøy,0.00012656116065374765,1816,0.2086613123807251,300,156
0,Nesøy,5,5014,4355,4355,8681057,6,Indre Kvarøy,0.0001265069487612421,1817,0.2086613123807251,300,163
0,Nesøy,5,5014,1256,1256,8N05132,12,Vega,0.0001264850386684456,1818,0.2086613123807251,300,157
0,Nesøy,5,5014,3641,3641,8N87814,14,Lauvøya,0.00012640414181038144,1819,0.2086613123807251,300,148
0,Nesøy,5,5014,3596,3596,8N87615,14,Lauvøya,0.0001262383714915973,1820,0.2086613123807251,300,154
0,Nesøy,5,5014,5271,5271,8939180,5,Hestmannøy,0.00012622257927922978,1821,0.2086613123807251,300,159
0,Nesøy,5,5014,4677,4677,8747569,9,Sleneset,0.00012591118419330883,1822,0.2086613123807251,300,150
0,Nesøy,5,5014,4262,4262,8573872,6,Indre Kvarøy,0.00012584565827355638,1823,0.2086613123807251,300,164
0,Nesøy,5,5014,5008,5008,8866792,5,Hestmannøy,0.00012573558821155954,1824,0.2086613123807251,300,161
0,Nesøy,5,5014,246,246,8L48742,11,Leka,0.00012555316349248548,1825,0.2086613123807251,300,159
0,Nesøy,5,5014,4995,4995,8866710,6,Indre Kvarøy,0.00012549686184212445,1826,0.2086613123807251,300,152
0,Nesøy,5,5014,3217,3217,8N73580,1,Myken,0.00012539891916882252,1827,0.2086613123807251,300,162
0,Nesøy,5,5014,398,398,8L52954,5,Hestmannøy,0.00012532569371604522,1828,0.2086613123807251,300,155
0,Nesøy,5,5014,4014,4014,8P14741,8,Lovund,0.00012497306192386356,1829,0.2086613123807251,300,161
0,Nesøy,5,5014,5180,5180,8934364,5,Hestmannøy,0.00012488917762998157,1830,0.2086613123807251,300,157
0,Nesøy,5,5014,2022,2022,8N13929,5,Hestmannøy,0.00012488607547392084,1831,0.2086613123807251,300,159
0,Nesøy,5,5014,602,602,8L89502,5,Hestmannøy,0.00012476016719931664,1832,0.2086613123807251,300,155
0,Nesøy,5,5014,2433,2433,8N27299,5,Hestmannøy,0.00012466956521768371,1833,0.2086613123807251,300,164
0,Nesøy,5,5014,235,235,8L48608,6,Indre Kvarøy,0.0001246676041567134,1834,0.2086613123807251,300,161
0,Nesøy,5,5014,5506,5506,8981346,11,Leka,0.00012446465758689544,1835,0.2086613123807251,300,156
0,Nesøy,5,5014,1410,1410,8N05288,13,Vikna,0.00012431500707691173,1836,0.2086613123807251,300,156
0,Nesøy,5,5014,4679,4679,8747574,9,Sleneset,0.00012397098621991129,1837,0.2086613123807251,300,150
0,Nesøy,5,5014,2123,2123,8N14347,14,Lauvøya,0.0001238461444060912,1838,0.2086613123807251,300,162
0,Nesøy,5,5014,1370,1370,8N05248,13,Vikna,0.00012369123960811985,1839,0.2086613123807251,300,155
0,Nesøy,5,5014,1865,1865,8N13132,14,Lauvøya,0.00012355541107898145,1840,0.2086613123807251,300,156
0,Nesøy,5,5014,856,856,8M31937,10,Aldra,0.00012307950369363745,1841,0.2086613123807251,300,160
0,Nesøy,5,5014,1791,1791,8N06852,11,Leka,0.0001228090845337007,1842,0.2086613123807251,300,157
0,Nesøy,5,5014,1744,1744,8N06698,14,Lauvøya,0.00012264860509563475,1843,0.2086613123807251,300,164
0,Nesøy,5,5014,3199,3199,8N73510,5,Hestmannøy,0.0001226367571947806,1844,0.2086613123807251,300,155
0,Nesøy,5,5014,5399,5399,8943339,11,Leka,0.00012261789947446916,1845,0.2086613123807251,300,149
0,Nesøy,5,5014,5395,5395,8943159,9,Sleneset,0.00012255398943538659,1846,0.2086613123807251,300,152
0,Nesøy,5,5014,3948,3948,8P14103,4,Gjerøy,0.00012245939143537023,1847,0.2086613123807251,300,165
0,Nesøy,5,5014,2575,2575,8N28401,8,Lovund,0.000122320731798109,1848,0.2086613123807251,300,143
0,Nesøy,5,5014,2141,2141,8N14520,11,Leka,0.00012214841018984282,1849,0.2086613123807251,300,154
0,Nesøy,5,5014,1588,1588,8N05841,5,Hestmannøy,0.00012203342150489571,1850,0.2086613123807251,300,152
0,Nesøy,5,5014,794,794,8M31651,14,Lauvøya,0.00012164822371544882,1851,0.2086613123807251,300,155
0,Nesøy,5,5014,5412,5412,8943488,7,Onøy og Lurøy,0.00012163022462688927,1852,0.2086613123807251,300,170
0,Nesøy,5,5014,4227,4227,8309158,6,Indre Kvarøy,0.00012153933064868821,1853,0.2086613123807251,300,162
0,Nesøy,5,5014,5521,5521,8981606,10,Aldra,0.00012150364001249194,1854,0.2086613123807251,300,151
0,Nesøy,5,5014,1739,1739,8N06693,14,Lauvøya,0.00012147887345797674,1855,0.2086613123807251,300,158
0,Nesøy,5,5014,1743,1743,8N06697,14,Lauvøya,0.00012143441103364544,1856,0.2086613123807251,300,156
0,Nesøy,5,5014,4083,4083,8P14961,14,Lauvøya,0.00012128408274420186,1857,0.2086613123807251,300,148
0,Nesøy,5,5014,4170,4170,8118433,4,Gjerøy,0.00012120012023512191,1858,0.2086613123807251,300,148
0,Nesøy,5,5014,5463,5463,8981163,12,Vega,0.00012097298070752153,1859,0.2086613123807251,300,156
0,Nesøy,5,5014,2285,2285,8N14668,13,Vikna,0.00012095569458019801,1860,0.2086613123807251,300,152
0,Nesøy,5,5014,4362,4362,8681067,9,Sleneset,0.00012095530965568175,1861,0.2086613123807251,300,158
0,Nesøy,5,5014,12,12,8L19624,9,Sleneset,0.00012076404394020854,1862,0.2086613123807251,300,161
0,Nesøy,5,5014,1544,1544,8N05686,14,Lauvøya,0.0001207603108321971,1863,0.2086613123807251,300,159
0,Nesøy,5,5014,1638,1638,8N06029,3,Selvær,0.00012058448481378186,1864,0.2086613123807251,300,156
0,Nesøy,5,5014,4078,4078,8P14956,14,Lauvøya,0.00012056638071906615,1865,0.2086613123807251,300,155
0,Nesøy,5,5014,1704,1704,8N06508,4,Gjerøy,0.0001205390706432614,1866,0.2086613123807251,300,163
0,Nesøy,5,5014,1476,1476,8N05611,14,Lauvøya,0.00012045304619692228,1867,0.2086613123807251,300,152
0,Nesøy,5,5014,970,970,8M71363,14,Lauvøya,0.00012040375188507963,1868,0.2086613123807251,300,156
0,Nesøy,5,5014,5563,5563,8981891,8,Lovund,0.00012033725975654423,1869,0.2086613123807251,300,151
0,Nesøy,5,5014,3890,3890,8P11572,14,Lauvøya,0.00012030815197924276,1870,0.2086613123807251,300,153
0,Nesøy,5,5014,4402,4402,8681292,7,Onøy og Lurøy,0.00012028518655078073,1871,0.2086613123807251,300,153
0,Nesøy,5,5014,4687,4687,8747606,5,Hestmannøy,0.00011997520441087828,1872,0.2086613123807251,300,154
0,Nesøy,5,5014,4693,4693,8747654,1,Myken,0.00011984223471520965,1873,0.2086613123807251,300,153
0,Nesøy,5,5014,4360,4360,8681065,9,Sleneset,0.00011972051304552811,1874,0.2086613123807251,300,158
0,Nesøy,5,5014,547,547,8L89265,5,Hestmannøy,0.00011966765119589901,1875,0.2086613123807251,300,169
0,Nesøy,5,5014,2626,2626,8N28761,4,Gjerøy,0.0001195808111112393,1876,0.2086613123807251,300,162
0,Nesøy,5,5014,2331,2331,8N14930,6,Indre Kvarøy,0.00011947138948561762,1877,0.2086613123807251,300,154
0,Nesøy,5,5014,4308,4308,8651860,5,Hestmannøy,0.00011921589937018919,1878,0.2086613123807251,300,156
0,Nesøy,5,5014,3607,3607,8N87628,14,Lauvøya,0.00011903806921434825,1879,0.2086613123807251,300,163
0,Nesøy,5,5014,3961,3961,8P14220,5,Hestmannøy,0.00011899368496026257,1880,0.2086613123807251,300,144
0,Nesøy,5,5014,687,687,8M31035,3,Selvær,0.00011890712906274472,1881,0.2086613123807251,300,156
0,Nesøy,5,5014,998,998,8M71485,13,Vikna,0.0001186428418170268,1882,0.2086613123807251,300,160
0,Nesøy,5,5014,1904,1904,8N13605,14,Lauvøya,0.00011842029792378516,1883,0.2086613123807251,300,165
0,Nesøy,5,5014,4814,4814,8800104,10,Aldra,0.00011828989634552054,1884,0.2086613123807251,300,165
0,Nesøy,5,5014,3843,3843,8P11524,14,Lauvøya,0.00011811811500422741,1885,0.2086613123807251,300,152
0,Nesøy,5,5014,1173,1173,8M72811,4,Gjerøy,0.00011810298078981802,1886,0.2086613123807251,300,166
0,Nesøy,5,5014,4192,4192,8168660,1,Myken,0.00011801897445341373,1887,0.2086613123807251,300,158
0,Nesøy,5,5014,3037,3037,8N73193,14,Lauvøya,0.00011798477610455064,1888,0.2086613123807251,300,143
0,Nesøy,5,5014,2092,2092,8N14167,5,Hestmannøy,0.00011792866090907394,1889,0.2086613123807251,300,163
0,Nesøy,5,5014,2864,2864,8N72472,9,Sleneset,0.00011781514759761816,1890,0.2086613123807251,300,156
0,Nesøy,5,5014,762,762,8M31507,4,Gjerøy,0.00011768117838035316,1891,0.2086613123807251,300,159
0,Nesøy,5,5014,1053,1053,8M72019,2,Træna,0.00011747555829997149,1892,0.2086613123807251,300,165
0,Nesøy,5,5014,853,853,8M31928,5,Hestmannøy,0.00011739093777032353,1893,0.2086613123807251,300,160
0,Nesøy,5,5014,2027,2027,8N13934,5,Hestmannøy,0.00011698695722032855,1894,0.2086613123807251,300,163
0,Nesøy,5,5014,2643,2643,8N28791,14,Lauvøya,0.0001167794474657493,1895,0.2086613123807251,300,152
0,Nesøy,5,5014,3698,3698,8N87874,13,Vikna,0.00011673295931410859,1896,0.2086613123807251,300,164
0,Nesøy,5,5014,229,229,8L48574,3,Selvær,0.00011671586962924842,1897,0.2086613123807251,300,155
0,Nesøy,5,5014,1359,1359,8N05236,12,Vega,0.00011647246346078838,1898,0.2086613123807251,300,164
0,Nesøy,5,5014,4276,4276,8598728,4,Gjerøy,0.00011628327166139994,1899,0.2086613123807251,300,144
0,Nesøy,5,5014,5405,5405,8943473,3,Selvær,0.00011624999460992184,1900,0.2086613123807251,300,158
0,Nesøy,5,5014,2182,2182,8N14563,11,Leka,0.00011598374798827889,1901,0.2086613123807251,300,157
0,Nesøy,5,5014,550,550,8L89269,5,Hestmannøy,0.00011575428960244702,1902,0.2086613123807251,300,161
0,Nesøy,5,5014,211,211,8L48455,5,Hestmannøy,0.0001155390076157922,1903,0.2086613123807251,300,155
0,Nesøy,5,5014,1926,1926,8N13625,14,Lauvøya,0.00011553612755890297,1904,0.2086613123807251,300,158
0,Nesøy,5,5014,1952,1952,8N13653,14,Lauvøya,0.00011547567773834464,1905,0.2086613123807251,300,157
0,Nesøy,5,5014,2463,2463,8N27413,5,Hestmannøy,0.00011543705811898101,1906,0.2086613123807251,300,156
0,Nesøy,5,5014,2190,2190,8N14571,11,Leka,0.00011543307857493755,1907,0.2086613123807251,300,160
0,Nesøy,5,5014,578,578,8L89380,5,Hestmannøy,0.00011540003724162587,1908,0.2086613123807251,300,159
0,Nesøy,5,5014,3812,3812,8N87989,13,Vikna,0.0001153462202628174,1909,0.2086613123807251,300,158
0,Nesøy,5,5014,2175,2175,8N14555,11,Leka,0.00011520441899142961,1910,0.2086613123807251,300,148
0,Nesøy,5,5014,2960,2960,8N72920,13,Vikna,0.0001151215389501873,1911,0.2086613123807251,300,164
0,Nesøy,5,5014,5381,5381,8943066,10,Aldra,0.0001150820584280974,1912,0.2086613123807251,300,159
0,Nesøy,5,5014,2125,2125,8N14350,14,Lauvøya,0.00011506826658842552,1913,0.2086613123807251,300,157
0,Nesøy,5,5014,3446,3446,8N87067,5,Hestmannøy,0.00011504961727994148,1914,0.2086613123807251,300,149
0,Nesøy,5,5014,3609,3609,8N87630,14,Lauvøya,0.00011500225391338906,1915,0.2086613123807251,300,149
0,Nesøy,5,5014,1997,1997,8N13699,13,Vikna,0.00011486184933231216,1916,0.2086613123807251,300,160
0,Nesøy,5,5014,1449,1449,8N05494,6,Indre Kvarøy,0.00011480097341359674,1917,0.2086613123807251,300,144
0,Nesøy,5,5014,1261,1261,8N05137,12,Vega,0.00011470433010583002,1918,0.2086613123807251,300,152
0,Nesøy,5,5014,5218,5218,8934559,4,Gjerøy,0.0001146418554053782,1919,0.2086613123807251,300,144
0,Nesøy,5,5014,1669,1669,8N06467,12,Vega,0.00011430923379226461,1920,0.2086613123807251,300,156
0,Nesøy,5,5014,3503,3503,8N87516,11,Leka,0.00011425760661932073,1921,0.2086613123807251,300,152
0,Nesøy,5,5014,2637,2637,8N28785,14,Lauvøya,0.000114210080654188,1922,0.2086613123807251,300,160
0,Nesøy,5,5014,4378,4378,8681169,4,Gjerøy,0.00011406021970361319,1923,0.2086613123807251,300,158
0,Nesøy,5,5014,2628,2628,8N28771,5,Hestmannøy,0.00011392342886830982,1924,0.2086613123807251,300,165
0,Nesøy,5,5014,4932,4932,8816937,4,Gjerøy,0.00011376155481247268,1925,0.2086613123807251,300,156
0,Nesøy,5,5014,3661,3661,8N87834,14,Lauvøya,0.00011362998278561204,1926,0.2086613123807251,300,150
0,Nesøy,5,5014,2638,2638,8N28786,14,Lauvøya,0.00011357216944428287,1927,0.2086613123807251,300,153
0,Nesøy,5,5014,1062,1062,8M72136,2,Træna,0.00011328461761345277,1928,0.2086613123807251,300,155
0,Nesøy,5,5014,519,519,8M71079,7,Onøy og Lurøy,0.00011304682640030533,1929,0.2086613123807251,300,153
0,Nesøy,5,5014,1043,1043,8M71873,5,Hestmannøy,0.00011302872066341257,1930,0.2086613123807251,300,151
0,Nesøy,5,5014,5378,5378,8943043,5,Hestmannøy,0.00011295136600714047,1931,0.2086613123807251,300,161
0,Nesøy,5,5014,3691,3691,8N87866,13,Vikna,0.00011267846983873622,1932,0.2086613123807251,300,161
0,Nesøy,5,5014,3968,3968,8P14300,8,Lovund,0.00011257196593378996,1933,0.2086613123807251,300,158
0,Nesøy,5,5014,5163,5163,8934283,7,Onøy og Lurøy,0.0001125639934482955,1934,0.2086613123807251,300,158
0,Nesøy,5,5014,5096,5096,8904575,11,Leka,0.00011233288773914812,1935,0.2086613123807251,300,164
0,Nesøy,5,5014,814,814,8M31778,11,Leka,0.00011225332682521627,1936,0.2086613123807251,300,145
0,Nesøy,5,5014,2570,2570,8N28339,2,Træna,0.00011223609922343817,1937,0.2086613123807251,300,166
0,Nesøy,5,5014,596,596,8L89460,10,Aldra,0.000112124979569253,1938,0.2086613123807251,300,154
0,Nesøy,5,5014,3602,3602,8N87622,14,Lauvøya,0.00011210991219364784,1939,0.2086613123807251,300,156
0,Nesøy,5,5014,3549,3549,8N87562,11,Leka,0.00011186355304165405,1940,0.2086613123807251,300,159
0,Nesøy,5,5014,557,557,8L89298,10,Aldra,0.0001118409848002121,1941,0.2086613123807251,300,152
0,Nesøy,5,5014,5202,5202,8934471,3,Selvær,0.00011180471578979946,1942,0.2086613123807251,300,154
0,Nesøy,5,5014,1632,1632,8N05953,14,Lauvøya,0.00011166029724029788,1943,0.2086613123807251,300,150
0,Nesøy,5,5014,4981,4981,8857467,11,Leka,0.00011160716702843648,1944,0.2086613123807251,300,164
0,Nesøy,5,5014,4754,4754,8747905,6,Indre Kvarøy,0.00011139083775157215,1945,0.2086613123807251,300,161
0,Nesøy,5,5014,601,601,8L89487,11,Leka,0.00011120927061444027,1946,0.2086613123807251,300,149
0,Nesøy,5,5014,2130,2130,8N14355,14,Lauvøya,0.00011115551405026927,1947,0.2086613123807251,300,154
0,Nesøy,5,5014,228,228,8L48568,7,Onøy og Lurøy,0.00011114645596174209,1948,0.2086613123807251,300,153
0,Nesøy,5,5014,3818,3818,8P11058,3,Selvær,0.00011110336595560935,1949,0.2086613123807251,300,165
0,Nesøy,5,5014,4678,4678,8747573,9,Sleneset,0.00011105802839449973,1950,0.2086613123807251,300,158
0,Nesøy,5,5014,801,801,8M31717,6,Indre Kvarøy,0.00011082607041718944,1951,0.2086613123807251,300,158
0,Nesøy,5,5014,3352,3352,8N73918,11,Leka,0.00011077857007795846,1952,0.2086613123807251,300,148
0,Nesøy,5,5014,2762,2762,8N42647,7,Onøy og Lurøy,0.00011077620651283375,1953,0.2086613123807251,300,155
0,Nesøy,5,5014,1774,1774,8N06835,11,Leka,0.00011070884416907558,1954,0.2086613123807251,300,157
0,Nesøy,5,5014,328,328,8L52361,11,Leka,0.00011069250464041468,1955,0.2086613123807251,300,153
0,Nesøy,5,5014,1807,1807,8N06868,11,Leka,0.00011060548799779829,1956,0.2086613123807251,300,158
0,Nesøy,5,5014,5038,5038,8887279,5,Hestmannøy,0.00011056591850902957,1957,0.2086613123807251,300,168
0,Nesøy,5,5014,3368,3368,8N73934,12,Vega,0.00011041348284578126,1958,0.2086613123807251,300,162
0,Nesøy,5,5014,2547,2547,8N28089,2,Træna,0.00011035889964191442,1959,0.2086613123807251,300,154
0,Nesøy,5,5014,3077,3077,8N73239,12,Vega,0.00011024606427520453,1960,0.2086613123807251,300,164
0,Nesøy,5,5014,925,925,8M31503,4,Gjerøy,0.00011007052535273056,1961,0.2086613123807251,300,172
0,Nesøy,5,5014,3405,3405,8N73971,12,Vega,0.00010991736005704933,1962,0.2086613123807251,300,161
0,Nesøy,5,5014,2477,2477,8N27581,5,Hestmannøy,0.00010971492517507496,1963,0.2086613123807251,300,162
0,Nesøy,5,5014,2002,2002,8N13848,14,Lauvøya,0.00010967605865840474,1964,0.2086613123807251,300,154
0,Nesøy,5,5014,1647,1647,8N06294,9,Sleneset,0.00010956552019534161,1965,0.2086613123807251,300,139
0,Nesøy,5,5014,1882,1882,8N13419,2,Træna,0.00010950636776822884,1966,0.2086613123807251,300,142
0,Nesøy,5,5014,5373,5373,8943013,10,Aldra,0.00010937460763558451,1967,0.2086613123807251,300,170
0,Nesøy,5,5014,889,889,8M71107,13,Vikna,0.00010926038238232819,1968,0.2086613123807251,300,158
0,Nesøy,5,5014,3774,3774,8N87951,13,Vikna,0.00010894424789397184,1969,0.2086613123807251,300,149
0,Nesøy,5,5014,3319,3319,8N73722,14,Lauvøya,0.00010893996271406222,1970,0.2086613123807251,300,158
0,Nesøy,5,5014,2275,2275,8N14658,13,Vikna,0.00010889482714997412,1971,0.2086613123807251,300,155
0,Nesøy,5,5014,3860,3860,8P11542,14,Lauvøya,0.0001088449929173169,1972,0.2086613123807251,300,167
0,Nesøy,5,5014,1847,1847,8N06944,4,Gjerøy,0.00010883952592338947,1973,0.2086613123807251,300,152
0,Nesøy,5,5014,3618,3618,8N87728,5,Hestmannøy,0.00010856854821216195,1974,0.2086613123807251,300,153
0,Nesøy,5,5014,3736,3736,8N87913,13,Vikna,0.0001083433162937437,1975,0.2086613123807251,300,165
0,Nesøy,5,5014,1880,1880,8N13408,2,Træna,0.00010815874851846783,1976,0.2086613123807251,300,164
0,Nesøy,5,5014,463,463,8L64212,5,Hestmannøy,0.00010811594589986065,1977,0.2086613123807251,300,158
0,Nesøy,5,5014,114,114,8L30485,12,Vega,0.00010735025365632246,1978,0.2086613123807251,300,150
0,Nesøy,5,5014,2898,2898,8N72674,11,Leka,0.00010727727649485622,1979,0.2086613123807251,300,154
0,Nesøy,5,5014,1919,1919,8N13618,14,Lauvøya,0.00010708403451956741,1980,0.2086613123807251,300,156
0,Nesøy,5,5014,4800,4800,8800059,4,Gjerøy,0.00010694018515882248,1981,0.2086613123807251,300,167
0,Nesøy,5,5014,1939,1939,8N13640,14,Lauvøya,0.0001068983137060014,1982,0.2086613123807251,300,162
0,Nesøy,5,5014,1495,1495,8N05636,14,Lauvøya,0.00010684001145193304,1983,0.2086613123807251,300,154
0,Nesøy,5,5014,3027,3027,8N73183,14,Lauvøya,0.00010675261714595229,1984,0.2086613123807251,300,155
0,Nesøy,5,5014,2483,2483,8N27697,4,Gjerøy,0.00010665432120630728,1985,0.2086613123807251,300,157
0,Nesøy,5,5014,4782,4782,8794368,4,Gjerøy,0.0001066187938066312,1986,0.2086613123807251,300,154
0,Nesøy,5,5014,4669,4669,8747549,10,Aldra,0.00010648587230835618,1987,0.2086613123807251,300,162
0,Nesøy,5,5014,1506,1506,8N05648,11,Leka,0.0001064343184804441,1988,0.2086613123807251,300,154
0,Nesøy,5,5014,44,44,8L19931,10,Aldra,0.00010608173632983749,1989,0.2086613123807251,300,161
0,Nesøy,5,5014,1484,1484,8N05619,14,Lauvøya,0.00010594897575914648,1990,0.2086613123807251,300,141
0,Nesøy,5,5014,3655,3655,8N87828,14,Lauvøya,0.00010548552248370887,1991,0.2086613123807251,300,156
0,Nesøy,5,5014,3789,3789,8N87966,13,Vikna,0.00010545658392762963,1992,0.2086613123807251,300,167
0,Nesøy,5,5014,3772,3772,8N87949,13,Vikna,0.00010543382406562094,1993,0.2086613123807251,300,160
0,Nesøy,5,5014,1223,1223,8N05083,6,Indre Kvarøy,0.00010535210094373992,1994,0.2086613123807251,300,169
0,Nesøy,5,5014,3353,3353,8N73919,11,Leka,0.00010527487319645337,1995,0.2086613123807251,300,164
0,Nesøy,5,5014,4658,4658,8747515,7,Onøy og Lurøy,0.0001051035768935882,1996,0.2086613123807251,300,160
0,Nesøy,5,5014,1227,1227,8N05103,12,Vega,0.00010490110508149066,1997,0.2086613123807251,300,160
0,Nesøy,5,5014,1036,1036,8M71828,10,Aldra,0.00010486920516312996,1998,0.2086613123807251,300,160
0,Nesøy,5,5014,26,26,8L19835,5,Hestmannøy,0.0001047976299113255,1999,0.2086613123807251,300,159
0,Nesøy,5,5014,4527,4527,8732298,8,Lovund,0.00010463437110040411,2000,0.2086613123807251,300,145
0,Nesøy,5,5014,4476,4476,8730547,3,Selvær,0.0001046080364047057,2001,0.2086613123807251,300,149
0,Nesøy,5,5014,2007,2007,8N13853,14,Lauvøya,0.00010457373039647934,2002,0.2086613123807251,300,164
0,Nesøy,5,5014,189,189,8L48315,5,Hestmannøy,0.00010447736495344452,2003,0.2086613123807251,300,147
0,Nesøy,5,5014,710,710,8L89784,13,Vikna,0.00010428968067386824,2004,0.2086613123807251,300,150
0,Nesøy,5,5014,3473,3473,8N87255,8,Lovund,0.00010424044255140231,2005,0.2086613123807251,300,149
0,Nesøy,5,5014,4918,4918,8816486,5,Hestmannøy,0.00010410604051208538,2006,0.2086613123807251,300,155
0,Nesøy,5,5014,1510,1510,8N05652,11,Leka,0.0001040592119371762,2007,0.2086613123807251,300,171
0,Nesøy,5,5014,1942,1942,8N13643,14,Lauvøya,0.00010385433327718127,2008,0.2086613123807251,300,161
0,Nesøy,5,5014,4124,4124,8P26195,5,Hestmannøy,0.00010378572891913246,2009,0.2086613123807251,300,148
0,Nesøy,5,5014,3305,3305,8N73686,13,Vikna,0.00010372570417795848,2010,0.2086613123807251,300,157
0,Nesøy,5,5014,1999,1999,8N13706,6,Indre Kvarøy,0.00010343417021243471,2011,0.2086613123807251,300,159
0,Nesøy,5,5014,3327,3327,8N73800,14,Lauvøya,0.00010322526621086017,2012,0.2086613123807251,300,156
0,Nesøy,5,5014,4328,4328,8668476,5,Hestmannøy,0.00010321882246562699,2013,0.2086613123807251,300,152
0,Nesøy,5,5014,2330,2330,8N14924,5,Hestmannøy,0.00010314925898785656,2014,0.2086613123807251,300,155
0,Nesøy,5,5014,3157,3157,8N73467,11,Leka,0.00010311491655611798,2015,0.2086613123807251,300,148
0,Nesøy,5,5014,57,57,8L19974,5,Hestmannøy,0.00010298016197149601,2016,0.2086613123807251,300,166
0,Nesøy,5,5014,3649,3649,8N87822,14,Lauvøya,0.00010283424602226956,2017,0.2086613123807251,300,157
0,Nesøy,5,5014,946,946,8M71313,5,Hestmannøy,0.00010268290909327453,2018,0.2086613123807251,300,160
0,Nesøy,5,5014,2102,2102,8N14220,5,Hestmannøy,0.00010259901193150296,2019,0.2086613123807251,300,161
0,Nesøy,5,5014,3110,3110,8N73370,2,Træna,0.000102505265025384,2020,0.2086613123807251,300,157
0,Nesøy,5,5014,1845,1845,8N06942,4,Gjerøy,0.00010247893622502832,2021,0.2086613123807251,300,153
0,Nesøy,5,5014,2906,2906,8N72682,11,Leka,0.00010247319713846245,2022,0.2086613123807251,300,141
0,Nesøy,5,5014,1759,1759,8N06813,6,Indre Kvarøy,0.00010212646592804722,2023,0.2086613123807251,300,150
0,Nesøy,5,5014,3285,3285,8N73666,13,Vikna,0.00010203328671737204,2024,0.2086613123807251,300,149
0,Nesøy,5,5014,4923,4923,8816901,10,Aldra,0.00010199126007384482,2025,0.2086613123807251,300,151
0,Nesøy,5,5014,2576,2576,8N28402,2,Træna,0.0001019278806441316,2026,0.2086613123807251,300,157
0,Nesøy,5,5014,4867,4867,8800441,4,Gjerøy,0.00010175115543190049,2027,0.2086613123807251,300,156
0,Nesøy,5,5014,4177,4177,8168614,6,Indre Kvarøy,0.00010174335479292924,2028,0.2086613123807251,300,148
0,Nesøy,5,5014,3700,3700,8N87876,13,Vikna,0.00010157359030947155,2029,0.2086613123807251,300,155
0,Nesøy,5,5014,295,295,8L52243,5,Hestmannøy,0.00010151402708232568,2030,0.2086613123807251,300,151
0,Nesøy,5,5014,2459,2459,8N27409,10,Aldra,0.00010148721383058673,2031,0.2086613123807251,300,144
0,Nesøy,5,5014,1300,1300,8N05176,13,Vikna,0.00010147529799824244,2032,0.2086613123807251,300,153
0,Nesøy,5,5014,1648,1648,8N06295,9,Sleneset,0.00010142112775497205,2033,0.2086613123807251,300,156
0,Nesøy,5,5014,2677,2677,8N28945,2,Træna,0.00010116937440304622,2034,0.2086613123807251,300,147
0,Nesøy,5,5014,2754,2754,8N42544,5,Hestmannøy,0.00010112027722580922,2035,0.2086613123807251,300,161
0,Nesøy,5,5014,5121,5121,8917962,8,Lovund,0.00010101876352117973,2036,0.2086613123807251,300,158
0,Nesøy,5,5014,4495,4495,8730945,3,Selvær,0.00010101413945067778,2037,0.2086613123807251,300,144
0,Nesøy,5,5014,2324,2324,8N14904,4,Gjerøy,0.00010097897870961964,2038,0.2086613123807251,300,169
0,Nesøy,5,5014,759,759,8M31484,5,Hestmannøy,0.00010092622342278,2039,0.2086613123807251,300,160
0,Nesøy,5,5014,3514,3514,8N87527,11,Leka,0.00010092028031099402,2040,0.2086613123807251,300,151
0,Nesøy,5,5014,1020,1020,8M71532,4,Gjerøy,0.00010088797038310223,2041,0.2086613123807251,300,161
0,Nesøy,5,5014,4446,4446,8730439,5,Hestmannøy,0.00010086628983391271,2042,0.2086613123807251,300,157
0,Nesøy,5,5014,496,496,8L64560,12,Vega,0.00010085066982256403,2043,0.2086613123807251,300,149
0,Nesøy,5,5014,2227,2227,8N14608,13,Vikna,0.00010071201252012966,2044,0.2086613123807251,300,155
0,Nesøy,5,5014,1296,1296,8N05172,14,Lauvøya,0.00010044970495146381,2045,0.2086613123807251,300,152
0,Nesøy,5,5014,1351,1351,8N05228,12,Vega,0.00010035457440440706,2046,0.2086613123807251,300,158
0,Nesøy,5,5014,1700,1700,8N06497,12,Vega,0.00010029890668554891,2047,0.2086613123807251,300,152
0,Nesøy,5,5014,4827,4827,8800175,6,Indre Kvarøy,0.00010006626933912393,2048,0.2086613123807251,300,149
0,Nesøy,5,5014,991,991,8M71457,13,Vikna,9.98935680294464e-05,2049,0.2086613123807251,300,160
0,Nesøy,5,5014,2525,2525,8N27951,4,Gjerøy,9.980434144507222e-05,2050,0.2086613123807251,300,152
0,Nesøy,5,5014,1074,1074,8M72297,9,Sleneset,9.974519105769393e-05,2051,0.2086613123807251,300,147
0,Nesøy,5,5014,979,979,8M71391,12,Vega,9.973011311119932e-05,2052,0.2086613123807251,300,157
0,Nesøy,5,5014,497,497,8M71141,13,Vikna,9.94780138736604e-05,2053,0.2086613123807251,300,148
0,Nesøy,5,5014,2247,2247,8N14628,13,Vikna,9.92823452653448e-05,2054,0.2086613123807251,300,155
0,Nesøy,5,5014,4256,4256,8573606,5,Hestmannøy,9.927404427399381e-05,2055,0.2086613123807251,300,159
0,Nesøy,5,5014,2219,2219,8N14600,11,Leka,9.913863835819161e-05,2056,0.2086613123807251,300,167
0,Nesøy,5,5014,4911,4911,8816418,4,Gjerøy,9.913653104320253e-05,2057,0.2086613123807251,300,157
0,Nesøy,5,5014,2873,2873,8N72516,4,Gjerøy,9.913565615821964e-05,2058,0.2086613123807251,300,160
0,Nesøy,5,5014,3917,3917,8P11800,2,Træna,9.911534037310194e-05,2059,0.2086613123807251,300,155
0,Nesøy,5,5014,583,583,8L89389,5,Hestmannøy,9.904344133873397e-05,2060,0.2086613123807251,300,152
0,Nesøy,5,5014,2819,2819,8N42991,14,Lauvøya,9.900821673327233e-05,2061,0.2086613123807251,300,147
0,Nesøy,5,5014,2674,2674,8N28925,9,Sleneset,9.881260994447972e-05,2062,0.2086613123807251,300,160
0,Nesøy,5,5014,732,732,8M31327,5,Hestmannøy,9.8619936212073e-05,2063,0.2086613123807251,300,151
0,Nesøy,5,5014,1232,1232,8N05108,12,Vega,9.861021353931959e-05,2064,0.2086613123807251,300,156
0,Nesøy,5,5014,810,810,8L89552,12,Vega,9.856821668963512e-05,2065,0.2086613123807251,300,161
0,Nesøy,5,5014,1596,1596,8N05863,11,Leka,9.851037574312928e-05,2066,0.2086613123807251,300,156
0,Nesøy,5,5014,5414,5414,8943496,3,Selvær,9.840382439672072e-05,2067,0.2086613123807251,300,146
0,Nesøy,5,5014,3506,3506,8N87519,11,Leka,9.826665439776692e-05,2068,0.2086613123807251,300,139
0,Nesøy,5,5014,1981,1981,8N13683,13,Vikna,9.810390519617953e-05,2069,0.2086613123807251,300,161
0,Nesøy,5,5014,4941,4941,8816955,4,Gjerøy,9.801614227170061e-05,2070,0.2086613123807251,300,153
0,Nesøy,5,5014,3278,3278,8N73659,13,Vikna,9.799554769958143e-05,2071,0.2086613123807251,300,145
0,Nesøy,5,5014,27,27,8L19839,5,Hestmannøy,9.79827298908662e-05,2072,0.2086613123807251,300,159
0,Nesøy,5,5014,895,895,8L64681,12,Vega,9.793942059301414e-05,2073,0.2086613123807251,300,149
0,Nesøy,5,5014,322,322,8L52352,11,Leka,9.78930621751633e-05,2074,0.2086613123807251,300,148
0,Nesøy,5,5014,4816,4816,8800134,9,Sleneset,9.783580315691076e-05,2075,0.2086613123807251,300,152
0,Nesøy,5,5014,3256,3256,8N73637,13,Vikna,9.756654284483069e-05,2076,0.2086613123807251,300,162
0,Nesøy,5,5014,1753,1753,8N06782,4,Gjerøy,9.731559371987044e-05,2077,0.2086613123807251,300,152
0,Nesøy,5,5014,2646,2646,8N28794,14,Lauvøya,9.716414830767228e-05,2078,0.2086613123807251,300,149
0,Nesøy,5,5014,3574,3574,8N87588,11,Leka,9.716054292520361e-05,2079,0.2086613123807251,300,144
0,Nesøy,5,5014,3430,3430,8N73996,14,Lauvøya,9.699794754332022e-05,2080,0.2086613123807251,300,163
0,Nesøy,5,5014,1931,1931,8N13630,14,Lauvøya,9.693428774404722e-05,2081,0.2086613123807251,300,159
0,Nesøy,5,5014,2642,2642,8N28790,14,Lauvøya,9.677231873530067e-05,2082,0.2086613123807251,300,160
0,Nesøy,5,5014,387,387,8L52695,9,Sleneset,9.668457430468187e-05,2083,0.2086613123807251,300,156
0,Nesøy,5,5014,2398,2398,8N27093,2,Træna,9.653663322214217e-05,2084,0.2086613123807251,300,158
0,Nesøy,5,5014,4607,4607,8747121,8,Lovund,9.646970359642074e-05,2085,0.2086613123807251,300,149
0,Nesøy,5,5014,4556,4556,8732621,2,Træna,9.620161221310016e-05,2086,0.2086613123807251,300,147
0,Nesøy,5,5014,3266,3266,8N73647,13,Vikna,9.612908195025466e-05,2087,0.2086613123807251,300,161
0,Nesøy,5,5014,2448,2448,8N27352,6,Indre Kvarøy,9.60249295140303e-05,2088,0.2086613123807251,300,152
0,Nesøy,5,5014,2392,2392,8N27087,14,Lauvøya,9.599396005680253e-05,2089,0.2086613123807251,300,155
0,Nesøy,5,5014,3805,3805,8N87982,13,Vikna,9.576888774428802e-05,2090,0.2086613123807251,300,149
0,Nesøy,5,5014,3777,3777,8N87954,13,Vikna,9.567585891709644e-05,2091,0.2086613123807251,300,156
0,Nesøy,5,5014,1732,1732,8N06686,14,Lauvøya,9.548538456361485e-05,2092,0.2086613123807251,300,157
0,Nesøy,5,5014,2033,2033,8N13955,4,Gjerøy,9.542669113317019e-05,2093,0.2086613123807251,300,169
0,Nesøy,5,5014,1592,1592,8N05858,11,Leka,9.51889116977984e-05,2094,0.2086613123807251,300,152
0,Nesøy,5,5014,3932,3932,8P14007,2,Træna,9.516208766966158e-05,2095,0.2086613123807251,300,154
0,Nesøy,5,5014,5448,5448,8981026,5,Hestmannøy,9.512583311770358e-05,2096,0.2086613123807251,300,166
0,Nesøy,5,5014,2389,2389,8N27084,14,Lauvøya,9.510568983142643e-05,2097,0.2086613123807251,300,157
0,Nesøy,5,5014,4578,4578,8732674,7,Onøy og Lurøy,9.508527787208727e-05,2098,0.2086613123807251,300,165
0,Nesøy,5,5014,2542,2542,8N28060,7,Onøy og Lurøy,9.496755411140997e-05,2099,0.2086613123807251,300,149
0,Nesøy,5,5014,4261,4261,8573856,4,Gjerøy,9.491110075405832e-05,2100,0.2086613123807251,300,159
0,Nesøy,5,5014,4084,4084,8P14962,14,Lauvøya,9.488315324309198e-05,2101,0.2086613123807251,300,160
0,Nesøy,5,5014,49,49,8L19944,7,Onøy og Lurøy,9.485547572776878e-05,2102,0.2086613123807251,300,151
0,Nesøy,5,5014,4044,4044,8P14855,14,Lauvøya,9.479834518761555e-05,2103,0.2086613123807251,300,155
0,Nesøy,5,5014,399,399,8L52956,5,Hestmannøy,9.477578027228972e-05,2104,0.2086613123807251,300,155
0,Nesøy,5,5014,957,957,8M71335,12,Vega,9.477073096778751e-05,2105,0.2086613123807251,300,155
0,Nesøy,5,5014,2684,2684,8N42083,8,Lovund,9.477065693203965e-05,2106,0.2086613123807251,300,150
0,Nesøy,5,5014,2216,2216,8N14597,11,Leka,9.467295115758775e-05,2107,0.2086613123807251,300,153
0,Nesøy,5,5014,3910,3910,8P11752,7,Onøy og Lurøy,9.463494816661632e-05,2108,0.2086613123807251,300,165
0,Nesøy,5,5014,831,831,8M31825,12,Vega,9.4612226249815e-05,2109,0.2086613123807251,300,162
0,Nesøy,5,5014,5376,5376,8943025,5,Hestmannøy,9.44176943441515e-05,2110,0.2086613123807251,300,147
0,Nesøy,5,5014,4786,4786,8800021,5,Hestmannøy,9.438631892221095e-05,2111,0.2086613123807251,300,158
0,Nesøy,5,5014,5536,5536,8981741,4,Gjerøy,9.43768577283473e-05,2112,0.2086613123807251,300,148
0,Nesøy,5,5014,1657,1657,8N06394,4,Gjerøy,9.43470425538032e-05,2113,0.2086613123807251,300,151
0,Nesøy,5,5014,4300,4300,8651778,2,Træna,9.433016538241815e-05,2114,0.2086613123807251,300,158
0,Nesøy,5,5014,4335,4335,8681012,5,Hestmannøy,9.41811723948037e-05,2115,0.2086613123807251,300,154
0,Nesøy,5,5014,4218,4218,8309190,4,Gjerøy,9.398816103596073e-05,2116,0.2086613123807251,300,152
0,Nesøy,5,5014,3442,3442,8N87058,5,Hestmannøy,9.397413995424305e-05,2117,0.2086613123807251,300,152
0,Nesøy,5,5014,1113,1113,8M72571,11,Leka,9.3797844517036e-05,2118,0.2086613123807251,300,170
0,Nesøy,5,5014,645,645,8L89691,5,Hestmannøy,9.354772746393445e-05,2119,0.2086613123807251,300,160
0,Nesøy,5,5014,4596,4596,8747064,9,Sleneset,9.354094883226401e-05,2120,0.2086613123807251,300,149
0,Nesøy,5,5014,5329,5329,8939607,5,Hestmannøy,9.347228648999929e-05,2121,0.2086613123807251,300,153
0,Nesøy,5,5014,2127,2127,8N14352,14,Lauvøya,9.345356239008512e-05,2122,0.2086613123807251,300,160
0,Nesøy,5,5014,3490,3490,8N87352,6,Indre Kvarøy,9.34100646300395e-05,2123,0.2086613123807251,300,148
0,Nesøy,5,5014,812,812,8M31771,11,Leka,9.326175882909663e-05,2124,0.2086613123807251,300,156
0,Nesøy,5,5014,2527,2527,8N27959,5,Hestmannøy,9.320707364246877e-05,2125,0.2086613123807251,300,152
0,Nesøy,5,5014,2147,2147,8N14526,11,Leka,9.286447390425354e-05,2126,0.2086613123807251,300,154
0,Nesøy,5,5014,1059,1059,8M72112,5,Hestmannøy,9.275708881351684e-05,2127,0.2086613123807251,300,159
0,Nesøy,5,5014,5213,5213,8934527,1,Myken,9.253758322571197e-05,2128,0.2086613123807251,300,153
0,Nesøy,5,5014,3026,3026,8N73182,14,Lauvøya,9.237276927978594e-05,2129,0.2086613123807251,300,156
0,Nesøy,5,5014,3707,3707,8N87883,13,Vikna,9.234565703257185e-05,2130,0.2086613123807251,300,164
0,Nesøy,5,5014,1212,1212,8N05003,4,Gjerøy,9.230219030807949e-05,2131,0.2086613123807251,300,152
0,Nesøy,5,5014,1793,1793,8N06854,11,Leka,9.227096509926793e-05,2132,0.2086613123807251,300,160
0,Nesøy,5,5014,2966,2966,8N72927,13,Vikna,9.209284913670413e-05,2133,0.2086613123807251,300,156
0,Nesøy,5,5014,3339,3339,8N73905,11,Leka,9.195987436682853e-05,2134,0.2086613123807251,300,163
0,Nesøy,5,5014,2208,2208,8N14589,11,Leka,9.187304956188993e-05,2135,0.2086613123807251,300,160
0,Nesøy,5,5014,859,859,8M31940,5,Hestmannøy,9.18376961490012e-05,2136,0.2086613123807251,300,155
0,Nesøy,5,5014,5057,5057,8887356,10,Aldra,9.177833060575486e-05,2137,0.2086613123807251,300,153
0,Nesøy,5,5014,5076,5076,8887439,5,Hestmannøy,9.177466889710918e-05,2138,0.2086613123807251,300,158
0,Nesøy,5,5014,669,669,8M31247,12,Vega,9.140294509752118e-05,2139,0.2086613123807251,300,153
0,Nesøy,5,5014,5361,5361,8939874,2,Træna,9.127896525832419e-05,2140,0.2086613123807251,300,147
0,Nesøy,5,5014,1281,1281,8N05158,12,Vega,9.127824356347542e-05,2141,0.2086613123807251,300,158
0,Nesøy,5,5014,1118,1118,8M72580,11,Leka,9.12306439419074e-05,2142,0.2086613123807251,300,160
0,Nesøy,5,5014,584,584,8L89391,4,Gjerøy,9.120950056546512e-05,2143,0.2086613123807251,300,151
0,Nesøy,5,5014,3953,3953,8P14136,7,Onøy og Lurøy,9.117834101307917e-05,2144,0.2086613123807251,300,162
0,Nesøy,5,5014,1618,1618,8N05890,11,Leka,9.115275633124095e-05,2145,0.2086613123807251,300,166
0,Nesøy,5,5014,2793,2793,8N42751,1,Myken,9.115227052547883e-05,2146,0.2086613123807251,300,157
0,Nesøy,5,5014,3115,3115,8N73407,4,Gjerøy,9.109710569635569e-05,2147,0.2086613123807251,300,139
0,Nesøy,5,5014,2292,2292,8N14675,13,Vikna,9.107644340543949e-05,2148,0.2086613123807251,300,152
0,Nesøy,5,5014,2947,2947,8N72907,13,Vikna,9.0964803418308e-05,2149,0.2086613123807251,300,154
0,Nesøy,5,5014,1910,1910,8N13612,14,Lauvøya,9.094826478493632e-05,2150,0.2086613123807251,300,148
0,Nesøy,5,5014,4943,4943,8816957,4,Gjerøy,9.090095961109869e-05,2151,0.2086613123807251,300,156
0,Nesøy,5,5014,1549,1549,8N05691,14,Lauvøya,9.069354649285799e-05,2152,0.2086613123807251,300,161
0,Nesøy,5,5014,903,903,8L64503,12,Vega,9.052365290936092e-05,2153,0.2086613123807251,300,153
0,Nesøy,5,5014,1150,1150,8M72693,14,Lauvøya,9.031039497125414e-05,2154,0.2086613123807251,300,156
0,Nesøy,5,5014,5052,5052,8887344,5,Hestmannøy,9.026668524539102e-05,2155,0.2086613123807251,300,150
0,Nesøy,5,5014,5492,5492,8981279,5,Hestmannøy,9.019213144488663e-05,2156,0.2086613123807251,300,172
0,Nesøy,5,5014,2552,2552,8N28149,2,Træna,9.017461816999385e-05,2157,0.2086613123807251,300,163
0,Nesøy,5,5014,4565,4565,8732649,5,Hestmannøy,8.969907340052204e-05,2158,0.2086613123807251,300,153
0,Nesøy,5,5014,1376,1376,8N05254,13,Vikna,8.964586827887088e-05,2159,0.2086613123807251,300,164
0,Nesøy,5,5014,2495,2495,8N27854,1,Myken,8.963366746986332e-05,2160,0.2086613123807251,300,145
0,Nesøy,5,5014,2381,2381,8N27076,14,Lauvøya,8.950923619072568e-05,2161,0.2086613123807251,300,154
0,Nesøy,5,5014,2601,2601,8N28603,2,Træna,8.935727313603956e-05,2162,0.2086613123807251,300,154
0,Nesøy,5,5014,1396,1396,8N05274,13,Vikna,8.920424533119448e-05,2163,0.2086613123807251,300,151
0,Nesøy,5,5014,3842,3842,8P11523,14,Lauvøya,8.90808051821559e-05,2164,0.2086613123807251,300,153
0,Nesøy,5,5014,1559,1559,8N05707,4,Gjerøy,8.905866454561395e-05,2165,0.2086613123807251,300,146
0,Nesøy,5,5014,3425,3425,8N73991,12,Vega,8.903581067353724e-05,2166,0.2086613123807251,300,177
0,Nesøy,5,5014,280,280,8L52205,8,Lovund,8.891503424597696e-05,2167,0.2086613123807251,300,170
0,Nesøy,5,5014,5031,5031,8887249,5,Hestmannøy,8.889143405543275e-05,2168,0.2086613123807251,300,155
0,Nesøy,5,5014,2076,2076,8N14105,4,Gjerøy,8.886517466661041e-05,2169,0.2086613123807251,300,168
0,Nesøy,5,5014,974,974,8M71377,12,Vega,8.881061825021814e-05,2170,0.2086613123807251,300,157
0,Nesøy,5,5014,4411,4411,8681356,5,Hestmannøy,8.879894148888334e-05,2171,0.2086613123807251,300,156
0,Nesøy,5,5014,1503,1503,8N05645,14,Lauvøya,8.876238917566479e-05,2172,0.2086613123807251,300,161
0,Nesøy,5,5014,1166,1166,8M72764,6,Indre Kvarøy,8.863861058112638e-05,2173,0.2086613123807251,300,171
0,Nesøy,5,5014,3813,3813,8N87995,3,Selvær,8.858594134132366e-05,2174,0.2086613123807251,300,152
0,Nesøy,5,5014,4375,4375,8681135,1,Myken,8.853142926831203e-05,2175,0.2086613123807251,300,166
0,Nesøy,5,5014,3420,3420,8N73986,12,Vega,8.842149304133358e-05,2176,0.2086613123807251,300,167
0,Nesøy,5,5014,136,136,8L30750,11,Leka,8.838450704137008e-05,2177,0.2086613123807251,300,157
0,Nesøy,5,5014,1192,1192,8M72916,6,Indre Kvarøy,8.831441242571555e-05,2178,0.2086613123807251,300,145
0,Nesøy,5,5014,1306,1306,8N05182,13,Vikna,8.815810551634981e-05,2179,0.2086613123807251,300,162
0,Nesøy,5,5014,3627,3627,8N87774,5,Hestmannøy,8.807579373691151e-05,2180,0.2086613123807251,300,159
0,Nesøy,5,5014,3286,3286,8N73667,13,Vikna,8.803485122122787e-05,2181,0.2086613123807251,300,163
0,Nesøy,5,5014,289,289,8L52224,3,Selvær,8.774977829529907e-05,2182,0.2086613123807251,300,152
0,Nesøy,5,5014,3373,3373,8N73939,12,Vega,8.77403422083463e-05,2183,0.2086613123807251,300,155
0,Nesøy,5,5014,378,378,8L52597,6,Indre Kvarøy,8.769505473268024e-05,2184,0.2086613123807251,300,161
0,Nesøy,5,5014,5311,5311,8939451,9,Sleneset,8.762949485537117e-05,2185,0.2086613123807251,300,145
0,Nesøy,5,5014,1088,1088,8M72422,13,Vikna,8.746236941198751e-05,2186,0.2086613123807251,300,152
0,Nesøy,5,5014,3498,3498,8N87387,5,Hestmannøy,8.721482861831476e-05,2187,0.2086613123807251,300,155
0,Nesøy,5,5014,2376,2376,8N27071,14,Lauvøya,8.719529436448538e-05,2188,0.2086613123807251,300,155
0,Nesøy,5,5014,2680,2680,8N42051,2,Træna,8.71876379268647e-05,2189,0.2086613123807251,300,156
0,Nesøy,5,5014,2690,2690,8N42130,9,Sleneset,8.71707662191829e-05,2190,0.2086613123807251,300,148
0,Nesøy,5,5014,4401,4401,8681291,7,Onøy og Lurøy,8.71602359199506e-05,2191,0.2086613123807251,300,164
0,Nesøy,5,5014,3603,3603,8N87623,14,Lauvøya,8.712708417939297e-05,2192,0.2086613123807251,300,157
0,Nesøy,5,5014,4179,4179,8168617,8,Lovund,8.704551698804203e-05,2193,0.2086613123807251,300,153
0,Nesøy,5,5014,4821,4821,8800163,7,Onøy og Lurøy,8.700817999617208e-05,2194,0.2086613123807251,300,156
0,Nesøy,5,5014,167,167,8L30832,3,Selvær,8.694049286684349e-05,2195,0.2086613123807251,300,161
0,Nesøy,5,5014,5168,5168,8934302,5,Hestmannøy,8.68540798349195e-05,2196,0.2086613123807251,300,148
0,Nesøy,5,5014,3858,3858,8P11539,14,Lauvøya,8.68165781324535e-05,2197,0.2086613123807251,300,156
0,Nesøy,5,5014,4796,4796,8800042,4,Gjerøy,8.666450184503778e-05,2198,0.2086613123807251,300,157
0,Nesøy,5,5014,5531,5531,8981722,6,Indre Kvarøy,8.655359177958036e-05,2199,0.2086613123807251,300,156
0,Nesøy,5,5014,465,465,8L64241,6,Indre Kvarøy,8.638104891604656e-05,2200,0.2086613123807251,300,150
0,Nesøy,5,5014,5156,5156,8934267,7,Onøy og Lurøy,8.632099428010729e-05,2201,0.2086613123807251,300,149
0,Nesøy,5,5014,4025,4025,8P14822,14,Lauvøya,8.572564554020137e-05,2202,0.2086613123807251,300,156
0,Nesøy,5,5014,4993,4993,8857946,3,Selvær,8.554944611235458e-05,2203,0.2086613123807251,300,143
0,Nesøy,5,5014,3444,3444,8N87065,5,Hestmannøy,8.550931697708046e-05,2204,0.2086613123807251,300,162
0,Nesøy,5,5014,250,250,8L48750,11,Leka,8.543819739347153e-05,2205,0.2086613123807251,300,157
0,Nesøy,5,5014,4506,4506,8730979,6,Indre Kvarøy,8.525429933107904e-05,2206,0.2086613123807251,300,169
0,Nesøy,5,5014,1034,1034,8M71819,6,Indre Kvarøy,8.514808629632156e-05,2207,0.2086613123807251,300,155
0,Nesøy,5,5014,2848,2848,8N72351,4,Gjerøy,8.503046821143974e-05,2208,0.2086613123807251,300,166
0,Nesøy,5,5014,36,36,8L19917,5,Hestmannøy,8.500029855943297e-05,2209,0.2086613123807251,300,153
0,Nesøy,5,5014,2516,2516,8N27916,5,Hestmannøy,8.495943779558819e-05,2210,0.2086613123807251,300,155
0,Nesøy,5,5014,4169,4169,8118432,4,Gjerøy,8.47070569371426e-05,2211,0.2086613123807251,300,158
0,Nesøy,5,5014,2592,2592,8N28511,2,Træna,8.469963535727976e-05,2212,0.2086613123807251,300,160
0,Nesøy,5,5014,15,15,8L19661,2,Træna,8.467064546421116e-05,2213,0.2086613123807251,300,144
0,Nesøy,5,5014,1849,1849,8N06979,4,Gjerøy,8.443837124970308e-05,2214,0.2086613123807251,300,151
0,Nesøy,5,5014,964,964,8L64400,7,Onøy og Lurøy,8.442170147156578e-05,2215,0.2086613123807251,300,164
0,Nesøy,5,5014,5114,5114,8917941,8,Lovund,8.41742678195673e-05,2216,0.2086613123807251,300,167
0,Nesøy,5,5014,3965,3965,8P14262,5,Hestmannøy,8.370604710866991e-05,2217,0.2086613123807251,300,158
0,Nesøy,5,5014,1155,1155,8M72699,14,Lauvøya,8.369144148309079e-05,2218,0.2086613123807251,300,157
0,Nesøy,5,5014,3457,3457,8N87136,9,Sleneset,8.360222677126294e-05,2219,0.2086613123807251,300,152
0,Nesøy,5,5014,5480,5480,8981264,5,Hestmannøy,8.357396114956946e-05,2220,0.2086613123807251,300,159
0,Nesøy,5,5014,4780,4780,8794353,1,Myken,8.340391474705558e-05,2221,0.2086613123807251,300,158
0,Nesøy,5,5014,2010,2010,8N13856,14,Lauvøya,8.339473781740881e-05,2222,0.2086613123807251,300,165
0,Nesøy,5,5014,4735,4735,8747805,6,Indre Kvarøy,8.33584058625534e-05,2223,0.2086613123807251,300,150
0,Nesøy,5,5014,863,863,8M31954,4,Gjerøy,8.30716158838944e-05,2224,0.2086613123807251,300,154
0,Nesøy,5,5014,4641,4641,8747300,8,Lovund,8.301164324869606e-05,2225,0.2086613123807251,300,149
0,Nesøy,5,5014,906,906,8M71204,5,Hestmannøy,8.290158700703807e-05,2226,0.2086613123807251,300,163
0,Nesøy,5,5014,2661,2661,8N28851,5,Hestmannøy,8.284368131926459e-05,2227,0.2086613123807251,300,152
0,Nesøy,5,5014,4336,4336,8681017,4,Gjerøy,8.263586880664459e-05,2228,0.2086613123807251,300,151
0,Nesøy,5,5014,3606,3606,8N87627,14,Lauvøya,8.261426218632409e-05,2229,0.2086613123807251,300,162
0,Nesøy,5,5014,3427,3427,8N73993,12,Vega,8.241500692242512e-05,2230,0.2086613123807251,300,155
0,Nesøy,5,5014,4969,4969,8857274,10,Aldra,8.235144713284969e-05,2231,0.2086613123807251,300,162
0,Nesøy,5,5014,2338,2338,8N14952,6,Indre Kvarøy,8.21987804031406e-05,2232,0.2086613123807251,300,154
0,Nesøy,5,5014,4944,4944,8816959,4,Gjerøy,8.218815015882595e-05,2233,0.2086613123807251,300,159
0,Nesøy,5,5014,953,953,8M71325,11,Leka,8.21311033396103e-05,2234,0.2086613123807251,300,163
0,Nesøy,5,5014,1584,1584,8N05825,4,Gjerøy,8.209700240463152e-05,2235,0.2086613123807251,300,163
0,Nesøy,5,5014,1140,1140,8M72644,4,Gjerøy,8.20646667837938e-05,2236,0.2086613123807251,300,160
0,Nesøy,5,5014,2727,2727,8N42498,14,Lauvøya,8.20189107159282e-05,2237,0.2086613123807251,300,151
0,Nesøy,5,5014,1814,1814,8N06875,11,Leka,8.189981958370644e-05,2238,0.2086613123807251,300,149
0,Nesøy,5,5014,2046,2046,8N13984,5,Hestmannøy,8.187159173093476e-05,2239,0.2086613123807251,300,164
0,Nesøy,5,5014,5325,5325,8939582,10,Aldra,8.182017166553246e-05,2240,0.2086613123807251,300,158
0,Nesøy,5,5014,4294,4294,8651717,9,Sleneset,8.172158736986755e-05,2241,0.2086613123807251,300,156
0,Nesøy,5,5014,1335,1335,8N05212,12,Vega,8.158860675156534e-05,2242,0.2086613123807251,300,157
0,Nesøy,5,5014,1267,1267,8N05143,12,Vega,8.154648269991642e-05,2243,0.2086613123807251,300,156
0,Nesøy,5,5014,5490,5490,8981277,5,Hestmannøy,8.152035561042199e-05,2244,0.2086613123807251,300,159
0,Nesøy,5,5014,489,489,8L64499,11,Leka,8.1467952041188e-05,2245,0.2086613123807251,300,143
0,Nesøy,5,5014,3712,3712,8N87888,13,Vikna,8.145655215882893e-05,2246,0.2086613123807251,300,159
0,Nesøy,5,5014,3671,3671,8N87846,14,Lauvøya,8.136215956359522e-05,2247,0.2086613123807251,300,151
0,Nesøy,5,5014,3229,3229,8N73610,14,Lauvøya,8.121612107978252e-05,2248,0.2086613123807251,300,145
0,Nesøy,5,5014,2696,2696,8N42191,2,Træna,8.119236112957723e-05,2249,0.2086613123807251,300,159
0,Nesøy,5,5014,1151,1151,8M72695,14,Lauvøya,8.099444484362171e-05,2250,0.2086613123807251,300,159
0,Nesøy,5,5014,3847,3847,8P11528,14,Lauvøya,8.096675370724661e-05,2251,0.2086613123807251,300,152
0,Nesøy,5,5014,3260,3260,8N73641,13,Vikna,8.095351280987609e-05,2252,0.2086613123807251,300,166
0,Nesøy,5,5014,2544,2544,8N28082,2,Træna,8.076424071601547e-05,2253,0.2086613123807251,300,145
0,Nesøy,5,5014,5053,5053,8887345,5,Hestmannøy,7.99806280622887e-05,2254,0.2086613123807251,300,155
0,Nesøy,5,5014,2091,2091,8N14166,5,Hestmannøy,7.99278950942645e-05,2255,0.2086613123807251,300,166
0,Nesøy,5,5014,384,384,8L52640,8,Lovund,7.975197929540214e-05,2256,0.2086613123807251,300,150
0,Nesøy,5,5014,3552,3552,8N87565,11,Leka,7.974808279727514e-05,2257,0.2086613123807251,300,148
0,Nesøy,5,5014,3455,3455,8N87115,4,Gjerøy,7.97300499428739e-05,2258,0.2086613123807251,300,164
0,Nesøy,5,5014,5384,5384,8943082,4,Gjerøy,7.964714619765819e-05,2259,0.2086613123807251,300,156
0,Nesøy,5,5014,2143,2143,8N14522,11,Leka,7.961440347739407e-05,2260,0.2086613123807251,300,151
0,Nesøy,5,5014,247,247,8L48744,11,Leka,7.948416327258111e-05,2261,0.2086613123807251,300,151
0,Nesøy,5,5014,3737,3737,8N87914,13,Vikna,7.944991149013914e-05,2262,0.2086613123807251,300,164
0,Nesøy,5,5014,3515,3515,8N87528,11,Leka,7.933743189272956e-05,2263,0.2086613123807251,300,150
0,Nesøy,5,5014,3393,3393,8N73959,12,Vega,7.925133113088461e-05,2264,0.2086613123807251,300,161
0,Nesøy,5,5014,1841,1841,8N06928,4,Gjerøy,7.919709691813112e-05,2265,0.2086613123807251,300,164
0,Nesøy,5,5014,4675,4675,8747563,5,Hestmannøy,7.914026880194243e-05,2266,0.2086613123807251,300,152
0,Nesøy,5,5014,727,727,8L89770,13,Vikna,7.896989476732449e-05,2267,0.2086613123807251,300,158
0,Nesøy,5,5014,527,527,8L64933,5,Hestmannøy,7.894964427731049e-05,2268,0.2086613123807251,300,151
0,Nesøy,5,5014,1341,1341,8N05218,12,Vega,7.88483193652268e-05,2269,0.2086613123807251,300,150
0,Nesøy,5,5014,1452,1452,8N05531,5,Hestmannøy,7.860147984345748e-05,2270,0.2086613123807251,300,158
0,Nesøy,5,5014,4884,4884,8800535,10,Aldra,7.85676770586559e-05,2271,0.2086613123807251,300,157
0,Nesøy,5,5014,4357,4357,8681060,6,Indre Kvarøy,7.849745030051567e-05,2272,0.2086613123807251,300,169
0,Nesøy,5,5014,2251,2251,8N14632,13,Vikna,7.846778707181458e-05,2273,0.2086613123807251,300,159
0,Nesøy,5,5014,213,213,8L48459,10,Aldra,7.84066272751517e-05,2274,0.2086613123807251,300,168
0,Nesøy,5,5014,502,502,8L64813,2,Træna,7.832889547775159e-05,2275,0.2086613123807251,300,151
0,Nesøy,5,5014,4822,4822,8800164,7,Onøy og Lurøy,7.830886561219376e-05,2276,0.2086613123807251,300,164
0,Nesøy,5,5014,5524,5524,8981609,5,Hestmannøy,7.826584110583144e-05,2277,0.2086613123807251,300,146
0,Nesøy,5,5014,5338,5338,8939704,6,Indre Kvarøy,7.824970927476135e-05,2278,0.2086613123807251,300,163
0,Nesøy,5,5014,4204,4204,8309128,5,Hestmannøy,7.820624763501954e-05,2279,0.2086613123807251,300,154
0,Nesøy,5,5014,51,51,8L19952,7,Onøy og Lurøy,7.818819597362534e-05,2280,0.2086613123807251,300,138
0,Nesøy,5,5014,3002,3002,8N72964,13,Vikna,7.802436973273206e-05,2281,0.2086613123807251,300,152
0,Nesøy,5,5014,1563,1563,8N05711,5,Hestmannøy,7.794228839728378e-05,2282,0.2086613123807251,300,154
0,Nesøy,5,5014,728,728,8M31304,4,Gjerøy,7.791685790375928e-05,2283,0.2086613123807251,300,153
0,Nesøy,5,5014,2315,2315,8N14792,6,Indre Kvarøy,7.777736805309002e-05,2284,0.2086613123807251,300,148
0,Nesøy,5,5014,2909,2909,8N72685,11,Leka,7.773414302491405e-05,2285,0.2086613123807251,300,157
0,Nesøy,5,5014,5138,5138,8934071,5,Hestmannøy,7.760304001568912e-05,2286,0.2086613123807251,300,158
0,Nesøy,5,5014,5074,5074,8887422,3,Selvær,7.74293396159176e-05,2287,0.2086613123807251,300,160
0,Nesøy,5,5014,3436,3436,8N87048,5,Hestmannøy,7.706978243003908e-05,2288,0.2086613123807251,300,157
0,Nesøy,5,5014,1356,1356,8N05233,12,Vega,7.672300175118584e-05,2289,0.2086613123807251,300,155
0,Nesøy,5,5014,3231,3231,8N73612,14,Lauvøya,7.663452111465231e-05,2290,0.2086613123807251,300,157
0,Nesøy,5,5014,2460,2460,8N27410,10,Aldra,7.633447486630197e-05,2291,0.2086613123807251,300,166
0,Nesøy,5,5014,4270,4270,8598579,3,Selvær,7.630949196109959e-05,2292,0.2086613123807251,300,155
0,Nesøy,5,5014,3218,3218,8N73586,5,Hestmannøy,7.613023055051315e-05,2293,0.2086613123807251,300,166
0,Nesøy,5,5014,822,822,8L89497,11,Leka,7.608764858439689e-05,2294,0.2086613123807251,300,153
0,Nesøy,5,5014,3465,3465,8N87228,3,Selvær,7.60663367620864e-05,2295,0.2086613123807251,300,156
0,Nesøy,5,5014,2771,2771,8N42701,6,Indre Kvarøy,7.598742181541698e-05,2296,0.2086613123807251,300,154
0,Nesøy,5,5014,1187,1187,8M72897,6,Indre Kvarøy,7.578989895874814e-05,2297,0.2086613123807251,300,159
0,Nesøy,5,5014,179,179,8L30947,2,Træna,7.571130053773395e-05,2298,0.2086613123807251,300,158
0,Nesøy,5,5014,3846,3846,8P11527,14,Lauvøya,7.560532950729284e-05,2299,0.2086613123807251,300,155
0,Nesøy,5,5014,935,935,8M71296,5,Hestmannøy,7.556999379719853e-05,2300,0.2086613123807251,300,165
0,Nesøy,5,5014,4480,4480,8730553,3,Selvær,7.548375365034253e-05,2301,0.2086613123807251,300,148
0,Nesøy,5,5014,3925,3925,8P11899,14,Lauvøya,7.545355981140094e-05,2302,0.2086613123807251,300,152
0,Nesøy,5,5014,2001,2001,8N13745,3,Selvær,7.539742336858842e-05,2303,0.2086613123807251,300,154
0,Nesøy,5,5014,1308,1308,8N05185,13,Vikna,7.53807816259926e-05,2304,0.2086613123807251,300,162
0,Nesøy,5,5014,4039,4039,8P14850,14,Lauvøya,7.517186334145741e-05,2305,0.2086613123807251,300,159
0,Nesøy,5,5014,778,778,8M31552,6,Indre Kvarøy,7.516338944154946e-05,2306,0.2086613123807251,300,159
0,Nesøy,5,5014,1925,1925,8N13624,14,Lauvøya,7.51285161269422e-05,2307,0.2086613123807251,300,155
0,Nesøy,5,5014,4072,4072,8P14937,14,Lauvøya,7.511944115571197e-05,2308,0.2086613123807251,300,163
0,Nesøy,5,5014,1248,1248,8N05124,12,Vega,7.511326258040536e-05,2309,0.2086613123807251,300,167
0,Nesøy,5,5014,948,948,8M71317,5,Hestmannøy,7.496842806485104e-05,2310,0.2086613123807251,300,150
0,Nesøy,5,5014,1238,1238,8N05114,14,Lauvøya,7.480854852908558e-05,2311,0.2086613123807251,300,155
0,Nesøy,5,5014,4090,4090,8P14969,14,Lauvøya,7.457509936082874e-05,2312,0.2086613123807251,300,158
0,Nesøy,5,5014,4066,4066,8N14907,4,Gjerøy,7.439292474241036e-05,2313,0.2086613123807251,300,160
0,Nesøy,5,5014,857,857,8M31938,5,Hestmannøy,7.407196393708715e-05,2314,0.2086613123807251,300,166
0,Nesøy,5,5014,3510,3510,8N87523,11,Leka,7.403267335385828e-05,2315,0.2086613123807251,300,150
0,Nesøy,5,5014,1815,1815,8N06876,11,Leka,7.393647020702805e-05,2316,0.2086613123807251,300,171
0,Nesøy,5,5014,3990,3990,8P14574,2,Træna,7.388276300830193e-05,2317,0.2086613123807251,300,154
0,Nesøy,5,5014,5322,5322,8939551,1,Myken,7.383253348294256e-05,2318,0.2086613123807251,300,154
0,Nesøy,5,5014,5207,5207,8934484,2,Træna,7.37057512167792e-05,2319,0.2086613123807251,300,163
0,Nesøy,5,5014,3936,3936,8P14029,5,Hestmannøy,7.356819761123327e-05,2320,0.2086613123807251,300,158
0,Nesøy,5,5014,4652,4652,8747424,5,Hestmannøy,7.356735174312898e-05,2321,0.2086613123807251,300,155
0,Nesøy,5,5014,3255,3255,8N73636,13,Vikna,7.349811615873535e-05,2322,0.2086613123807251,300,156
0,Nesøy,5,5014,1467,1467,8N05602,14,Lauvøya,7.334301057732704e-05,2323,0.2086613123807251,300,161
0,Nesøy,5,5014,836,836,8M31862,4,Gjerøy,7.314575016480475e-05,2324,0.2086613123807251,300,160
0,Nesøy,5,5014,4846,4846,8800353,5,Hestmannøy,7.306859763733903e-05,2325,0.2086613123807251,300,153
0,Nesøy,5,5014,4717,4717,8747737,9,Sleneset,7.306109259240668e-05,2326,0.2086613123807251,300,159
0,Nesøy,5,5014,512,512,8L64858,2,Træna,7.30402552349477e-05,2327,0.2086613123807251,300,157
0,Nesøy,5,5014,1560,1560,8N05708,4,Gjerøy,7.300646572547476e-05,2328,0.2086613123807251,300,158
0,Nesøy,5,5014,3613,3613,8N87692,9,Sleneset,7.28287505961514e-05,2329,0.2086613123807251,300,146
0,Nesøy,5,5014,3565,3565,8N87578,11,Leka,7.26603988969878e-05,2330,0.2086613123807251,300,160
0,Nesøy,5,5014,2959,2959,8N72919,13,Vikna,7.264097309712433e-05,2331,0.2086613123807251,300,156
0,Nesøy,5,5014,1568,1568,8N05716,6,Indre Kvarøy,7.262418764316215e-05,2332,0.2086613123807251,300,152
0,Nesøy,5,5014,5137,5137,8934069,5,Hestmannøy,7.260886117410423e-05,2333,0.2086613123807251,300,150
0,Nesøy,5,5014,389,389,8L52909,2,Træna,7.259942369572614e-05,2334,0.2086613123807251,300,158
0,Nesøy,5,5014,4616,4616,8747218,5,Hestmannøy,7.256728589663662e-05,2335,0.2086613123807251,300,159
0,Nesøy,5,5014,651,651,8L89718,4,Gjerøy,7.253375262016044e-05,2336,0.2086613123807251,300,149
0,Nesøy,5,5014,3831,3831,8P11395,14,Lauvøya,7.243770561223732e-05,2337,0.2086613123807251,300,162
0,Nesøy,5,5014,1672,1672,8N05696,14,Lauvøya,7.243073390065594e-05,2338,0.2086613123807251,300,156
0,Nesøy,5,5014,977,977,8M71384,14,Lauvøya,7.241924771244856e-05,2339,0.2086613123807251,300,153
0,Nesøy,5,5014,5343,5343,8939745,5,Hestmannøy,7.221634488343762e-05,2340,0.2086613123807251,300,144
0,Nesøy,5,5014,4558,4558,8732626,9,Sleneset,7.220129117413042e-05,2341,0.2086613123807251,300,156
0,Nesøy,5,5014,4528,4528,8732288,5,Hestmannøy,7.219164467573679e-05,2342,0.2086613123807251,300,151
0,Nesøy,5,5014,2608,2608,8N28684,5,Hestmannøy,7.197741085339146e-05,2343,0.2086613123807251,300,158
0,Nesøy,5,5014,3746,3746,8N87923,13,Vikna,7.179622394426331e-05,2344,0.2086613123807251,300,158
0,Nesøy,5,5014,1891,1891,8N13496,3,Selvær,7.169803011117702e-05,2345,0.2086613123807251,300,155
0,Nesøy,5,5014,2712,2712,8N42286,5,Hestmannøy,7.141328128799155e-05,2346,0.2086613123807251,300,158
0,Nesøy,5,5014,1432,1432,8N05358,14,Lauvøya,7.139900926099095e-05,2347,0.2086613123807251,300,151
0,Nesøy,5,5014,1342,1342,8N05219,12,Vega,7.133127705546068e-05,2348,0.2086613123807251,300,147
0,Nesøy,5,5014,3573,3573,8N87587,11,Leka,7.110240660270838e-05,2349,0.2086613123807251,300,161
0,Nesøy,5,5014,1985,1985,8N13687,13,Vikna,7.095947258785956e-05,2350,0.2086613123807251,300,155
0,Nesøy,5,5014,3156,3156,8N73466,11,Leka,7.091243177921706e-05,2351,0.2086613123807251,300,154
0,Nesøy,5,5014,3632,3632,8N87805,14,Lauvøya,7.064991987384674e-05,2352,0.2086613123807251,300,158
0,Nesøy,5,5014,3345,3345,8N73911,11,Leka,7.055115411226068e-05,2353,0.2086613123807251,300,150
0,Nesøy,5,5014,3938,3938,8P14052,5,Hestmannøy,7.051105760632484e-05,2354,0.2086613123807251,300,150
0,Nesøy,5,5014,4863,4863,8800428,5,Hestmannøy,7.047918462748138e-05,2355,0.2086613123807251,300,149
0,Nesøy,5,5014,1765,1765,8N06826,11,Leka,7.044906974284337e-05,2356,0.2086613123807251,300,176
0,Nesøy,5,5014,5350,5350,8939763,5,Hestmannøy,7.044186789073095e-05,2357,0.2086613123807251,300,146
0,Nesøy,5,5014,4285,4285,8651539,4,Gjerøy,7.04036145875623e-05,2358,0.2086613123807251,300,158
0,Nesøy,5,5014,4945,4945,8816963,2,Træna,7.027886276507697e-05,2359,0.2086613123807251,300,155
0,Nesøy,5,5014,1622,1622,8N05895,11,Leka,7.010784890895658e-05,2360,0.2086613123807251,300,156
0,Nesøy,5,5014,1488,1488,8N05623,14,Lauvøya,7.008969233428262e-05,2361,0.2086613123807251,300,154
0,Nesøy,5,5014,1665,1665,8N06462,12,Vega,7.002534652949841e-05,2362,0.2086613123807251,300,156
0,Nesøy,5,5014,1243,1243,8N05119,12,Vega,6.990774716840972e-05,2363,0.2086613123807251,300,168
0,Nesøy,5,5014,3967,3967,8P14278,4,Gjerøy,6.989050618592565e-05,2364,0.2086613123807251,300,143
0,Nesøy,5,5014,1388,1388,8N05266,13,Vikna,6.987177161233499e-05,2365,0.2086613123807251,300,149
0,Nesøy,5,5014,4007,4007,8P14605,7,Onøy og Lurøy,6.98384087162903e-05,2366,0.2086613123807251,300,149
0,Nesøy,5,5014,2612,2612,8N28689,5,Hestmannøy,6.972849463320827e-05,2367,0.2086613123807251,300,161
0,Nesøy,5,5014,1615,1615,8N05885,11,Leka,6.96738812887356e-05,2368,0.2086613123807251,300,167
0,Nesøy,5,5014,3034,3034,8N73190,14,Lauvøya,6.941970576191413e-05,2369,0.2086613123807251,300,156
0,Nesøy,5,5014,2579,2579,8N28405,9,Sleneset,6.912630476958274e-05,2370,0.2086613123807251,300,152
0,Nesøy,5,5014,2838,2838,8N72257,2,Træna,6.90660527025514e-05,2371,0.2086613123807251,300,157
0,Nesøy,5,5014,2850,2850,8N72354,6,Indre Kvarøy,6.89654981438391e-05,2372,0.2086613123807251,300,161
0,Nesøy,5,5014,2374,2374,8N27069,14,Lauvøya,6.878451201478789e-05,2373,0.2086613123807251,300,152
0,Nesøy,5,5014,4057,4057,8P14868,14,Lauvøya,6.865544702745006e-05,2374,0.2086613123807251,300,155
0,Nesøy,5,5014,4491,4491,8730931,3,Selvær,6.856610254435462e-05,2375,0.2086613123807251,300,158
0,Nesøy,5,5014,4940,4940,8816954,4,Gjerøy,6.845679542760799e-05,2376,0.2086613123807251,300,151
0,Nesøy,5,5014,5404,5404,8943470,2,Træna,6.830220886522341e-05,2377,0.2086613123807251,300,151
0,Nesøy,5,5014,684,684,8L89994,3,Selvær,6.825802258567055e-05,2378,0.2086613123807251,300,162
0,Nesøy,5,5014,5030,5030,8887245,1,Myken,6.823049837776307e-05,2379,0.2086613123807251,300,158
0,Nesøy,5,5014,5183,5183,8934373,5,Hestmannøy,6.822126845284517e-05,2380,0.2086613123807251,300,147
0,Nesøy,5,5014,5270,5270,8939164,6,Indre Kvarøy,6.819263619022542e-05,2381,0.2086613123807251,300,160
0,Nesøy,5,5014,3414,3414,8N73980,12,Vega,6.816961942306546e-05,2382,0.2086613123807251,300,155
0,Nesøy,5,5014,4774,4774,8794326,9,Sleneset,6.807181207124863e-05,2383,0.2086613123807251,300,156
0,Nesøy,5,5014,2163,2163,8N14542,11,Leka,6.79472049674673e-05,2384,0.2086613123807251,300,152
0,Nesøy,5,5014,80,80,8L30059,13,Vikna,6.791376712721814e-05,2385,0.2086613123807251,300,168
0,Nesøy,5,5014,851,851,8M31926,5,Hestmannøy,6.790354284896511e-05,2386,0.2086613123807251,300,169
0,Nesøy,5,5014,2662,2662,8N28853,5,Hestmannøy,6.774448503674251e-05,2387,0.2086613123807251,300,158
0,Nesøy,5,5014,4042,4042,8P14853,14,Lauvøya,6.76819778529759e-05,2388,0.2086613123807251,300,156
0,Nesøy,5,5014,2732,2732,8N42503,5,Hestmannøy,6.747700938228965e-05,2389,0.2086613123807251,300,160
0,Nesøy,5,5014,2138,2138,8N14517,11,Leka,6.734481364555642e-05,2390,0.2086613123807251,300,157
0,Nesøy,5,5014,4409,4409,8681336,7,Onøy og Lurøy,6.712412801811334e-05,2391,0.2086613123807251,300,158
0,Nesøy,5,5014,5158,5158,8934272,7,Onøy og Lurøy,6.711917028295297e-05,2392,0.2086613123807251,300,153
0,Nesøy,5,5014,1443,1443,8N05447,6,Indre Kvarøy,6.703098018653703e-05,2393,0.2086613123807251,300,155
0,Nesøy,5,5014,1197,1197,8M72933,5,Hestmannøy,6.694965887098224e-05,2394,0.2086613123807251,300,163
0,Nesøy,5,5014,742,742,8M31360,5,Hestmannøy,6.688272915757152e-05,2395,0.2086613123807251,300,157
0,Nesøy,5,5014,2167,2167,8N14546,11,Leka,6.684414079457885e-05,2396,0.2086613123807251,300,166
0,Nesøy,5,5014,893,893,8L64754,13,Vikna,6.681269307614842e-05,2397,0.2086613123807251,300,159
0,Nesøy,5,5014,5370,5370,8939933,11,Leka,6.646940868676496e-05,2398,0.2086613123807251,300,163
0,Nesøy,5,5014,1354,1354,8N05231,12,Vega,6.589744290870751e-05,2399,0.2086613123807251,300,144
0,Nesøy,5,5014,4080,4080,8P14958,14,Lauvøya,6.588349322641787e-05,2400,0.2086613123807251,300,167
0,Nesøy,5,5014,4519,4519,8732247,4,Gjerøy,6.559222686293015e-05,2401,0.2086613123807251,300,163
0,Nesøy,5,5014,19,19,8L19693,2,Træna,6.558915996874453e-05,2402,0.2086613123807251,300,157
0,Nesøy,5,5014,3608,3608,8N87629,14,Lauvøya,6.558738903932912e-05,2403,0.2086613123807251,300,152
0,Nesøy,5,5014,2329,2329,8N14923,5,Hestmannøy,6.538724135823685e-05,2404,0.2086613123807251,300,143
0,Nesøy,5,5014,413,413,8L57803,9,Sleneset,6.535994796382461e-05,2405,0.2086613123807251,300,155
0,Nesøy,5,5014,17,17,8L19666,7,Onøy og Lurøy,6.53253771351821e-05,2406,0.2086613123807251,300,166
0,Nesøy,5,5014,97,97,8L30352,7,Onøy og Lurøy,6.525420580732731e-05,2407,0.2086613123807251,300,156
0,Nesøy,5,5014,30,30,8L19860,10,Aldra,6.497159364457608e-05,2408,0.2086613123807251,300,152
0,Nesøy,5,5014,2200,2200,8N14581,11,Leka,6.496380543582075e-05,2409,0.2086613123807251,300,152
0,Nesøy,5,5014,2865,2865,8N72483,2,Træna,6.489251914914979e-05,2410,0.2086613123807251,300,153
0,Nesøy,5,5014,1340,1340,8N05217,12,Vega,6.474994322406976e-05,2411,0.2086613123807251,300,149
0,Nesøy,5,5014,854,854,8M31935,4,Gjerøy,6.449169893448862e-05,2412,0.2086613123807251,300,147
0,Nesøy,5,5014,2694,2694,8N42154,9,Sleneset,6.403661777721087e-05,2413,0.2086613123807251,300,151
0,Nesøy,5,5014,2431,2431,8N27297,10,Aldra,6.392223799645326e-05,2414,0.2086613123807251,300,155
0,Nesøy,5,5014,4619,4619,8747227,5,Hestmannøy,6.389621560291592e-05,2415,0.2086613123807251,300,158
0,Nesøy,5,5014,5036,5036,8887277,5,Hestmannøy,6.382429894838531e-05,2416,0.2086613123807251,300,149
0,Nesøy,5,5014,1009,1009,8M71505,10,Aldra,6.379552237131607e-05,2417,0.2086613123807251,300,147
0,Nesøy,5,5014,1456,1456,8N05535,7,Onøy og Lurøy,6.372001828432614e-05,2418,0.2086613123807251,300,154
0,Nesøy,5,5014,4798,4798,8800046,5,Hestmannøy,6.362858862816472e-05,2419,0.2086613123807251,300,164
0,Nesøy,5,5014,911,911,8M71212,5,Hestmannøy,6.351830357554549e-05,2420,0.2086613123807251,300,161
0,Nesøy,5,5014,1200,1200,8M72951,4,Gjerøy,6.342833256891286e-05,2421,0.2086613123807251,300,164
0,Nesøy,5,5014,258,258,8L48763,11,Leka,6.332373304392531e-05,2422,0.2086613123807251,300,170
0,Nesøy,5,5014,5072,5072,8887319,6,Indre Kvarøy,6.291148019678012e-05,2423,0.2086613123807251,300,142
0,Nesøy,5,5014,3476,3476,8N87265,8,Lovund,6.290888424472571e-05,2424,0.2086613123807251,300,157
0,Nesøy,5,5014,1558,1558,8N05706,4,Gjerøy,6.244177275136442e-05,2425,0.2086613123807251,300,147
0,Nesøy,5,5014,909,909,8M71208,5,Hestmannøy,6.237025518949902e-05,2426,0.2086613123807251,300,155
0,Nesøy,5,5014,1106,1106,8M72551,11,Leka,6.232190311081605e-05,2427,0.2086613123807251,300,159
0,Nesøy,5,5014,3733,3733,8N87909,13,Vikna,6.219585169585655e-05,2428,0.2086613123807251,300,154
0,Nesøy,5,5014,4479,4479,8730552,3,Selvær,6.216962507533408e-05,2429,0.2086613123807251,300,158
0,Nesøy,5,5014,3675,3675,8N87850,14,Lauvøya,6.212566853130659e-05,2430,0.2086613123807251,300,168
0,Nesøy,5,5014,4500,4500,8730970,2,Træna,6.204253988659727e-05,2431,0.2086613123807251,300,153
0,Nesøy,5,5014,3769,3769,8N87946,13,Vikna,6.20283798071329e-05,2432,0.2086613123807251,300,167
0,Nesøy,5,5014,288,288,8L52223,8,Lovund,6.179227596177152e-05,2433,0.2086613123807251,300,157
0,Nesøy,5,5014,344,344,8L52390,11,Leka,6.178402228206879e-05,2434,0.2086613123807251,300,154
0,Nesøy,5,5014,3785,3785,8N87962,13,Vikna,6.172731478593054e-05,2435,0.2086613123807251,300,145
0,Nesøy,5,5014,1617,1617,8N05889,11,Leka,6.166142378427398e-05,2436,0.2086613123807251,300,155
0,Nesøy,5,5014,1051,1051,8M72017,2,Træna,6.14286272719594e-05,2437,0.2086613123807251,300,165
0,Nesøy,5,5014,127,127,8L30667,13,Vikna,6.109403635349348e-05,2438,0.2086613123807251,300,164
0,Nesøy,5,5014,664,664,8L89751,5,Hestmannøy,6.1027834659440884e-05,2439,0.2086613123807251,300,153
0,Nesøy,5,5014,633,633,8L89642,10,Aldra,6.081388283259598e-05,2440,0.2086613123807251,300,158
0,Nesøy,5,5014,3787,3787,8N87964,13,Vikna,6.07909682166301e-05,2441,0.2086613123807251,300,167
0,Nesøy,5,5014,5130,5130,8934046,9,Sleneset,6.077780820162622e-05,2442,0.2086613123807251,300,156
0,Nesøy,5,5014,913,913,8M71227,6,Indre Kvarøy,6.0704415707237026e-05,2443,0.2086613123807251,300,170
0,Nesøy,5,5014,1917,1917,8N13617,14,Lauvøya,6.05942335300712e-05,2444,0.2086613123807251,300,172
0,Nesøy,5,5014,2733,2733,8N42505,5,Hestmannøy,6.0555896512846794e-05,2445,0.2086613123807251,300,155
0,Nesøy,5,5014,1430,1430,8M71514,1,Myken,6.051100148640741e-05,2446,0.2086613123807251,300,157
0,Nesøy,5,5014,904,904,8L64466,13,Vikna,6.0423260611849464e-05,2447,0.2086613123807251,300,157
0,Nesøy,5,5014,937,937,8M71299,6,Indre Kvarøy,6.028694420904067e-05,2448,0.2086613123807251,300,153
0,Nesøy,5,5014,3946,3946,8P14081,6,Indre Kvarøy,6.027812299832511e-05,2449,0.2086613123807251,300,161
0,Nesøy,5,5014,3730,3730,8N87906,13,Vikna,6.026662138113039e-05,2450,0.2086613123807251,300,150
0,Nesøy,5,5014,331,331,8L52366,11,Leka,5.991401191653721e-05,2451,0.2086613123807251,300,146
0,Nesøy,5,5014,899,899,8M71153,13,Vikna,5.942256150253321e-05,2452,0.2086613123807251,300,159
0,Nesøy,5,5014,3998,3998,8P14680,9,Sleneset,5.940223113438589e-05,2453,0.2086613123807251,300,167
0,Nesøy,5,5014,484,484,8M71353,12,Vega,5.9221988528327535e-05,2454,0.2086613123807251,300,156
0,Nesøy,5,5014,1786,1786,8N06847,11,Leka,5.90719916227897e-05,2455,0.2086613123807251,300,164
0,Nesøy,5,5014,2307,2307,8N14690,13,Vikna,5.902423820313313e-05,2456,0.2086613123807251,300,158
0,Nesøy,5,5014,138,138,8L30753,11,Leka,5.898180433794726e-05,2457,0.2086613123807251,300,159
0,Nesøy,5,5014,367,367,8L52550,5,Hestmannøy,5.893854152965682e-05,2458,0.2086613123807251,300,158
0,Nesøy,5,5014,1337,1337,8N05214,12,Vega,5.869913209590542e-05,2459,0.2086613123807251,300,151
0,Nesøy,5,5014,2273,2273,8N14656,13,Vikna,5.826689189306505e-05,2460,0.2086613123807251,300,154
0,Nesøy,5,5014,1663,1663,8N06460,8,Lovund,5.815903513763168e-05,2461,0.2086613123807251,300,152
0,Nesøy,5,5014,3250,3250,8N73631,13,Vikna,5.8087419863560885e-05,2462,0.2086613123807251,300,149
0,Nesøy,5,5014,3028,3028,8N73184,14,Lauvøya,5.7963222058233394e-05,2463,0.2086613123807251,300,154
0,Nesøy,5,5014,2284,2284,8N14667,13,Vikna,5.752259568119235e-05,2464,0.2086613123807251,300,159
0,Nesøy,5,5014,304,304,8L52320,12,Vega,5.750842061573138e-05,2465,0.2086613123807251,300,149
0,Nesøy,5,5014,5324,5324,8939578,5,Hestmannøy,5.749705225060546e-05,2466,0.2086613123807251,300,156
0,Nesøy,5,5014,4601,4601,8747103,5,Hestmannøy,5.749145867600209e-05,2467,0.2086613123807251,300,150
0,Nesøy,5,5014,1331,1331,8N05208,12,Vega,5.7458587834379275e-05,2468,0.2086613123807251,300,157
0,Nesøy,5,5014,2757,2757,8N42633,5,Hestmannøy,5.7411508321936826e-05,2469,0.2086613123807251,300,153
0,Nesøy,5,5014,191,191,8L48319,4,Gjerøy,5.734010722567856e-05,2470,0.2086613123807251,300,153
0,Nesøy,5,5014,3546,3546,8N87559,11,Leka,5.726761247283337e-05,2471,0.2086613123807251,300,159
0,Nesøy,5,5014,2344,2344,8N14958,5,Hestmannøy,5.716078142910877e-05,2472,0.2086613123807251,300,150
0,Nesøy,5,5014,492,492,8L64513,12,Vega,5.715121762453217e-05,2473,0.2086613123807251,300,157
0,Nesøy,5,5014,897,897,8M71152,13,Vikna,5.71229352214563e-05,2474,0.2086613123807251,300,154
0,Nesøy,5,5014,1458,1458,8N05538,5,Hestmannøy,5.689719051174542e-05,2475,0.2086613123807251,300,148
0,Nesøy,5,5014,2519,2519,8N27921,4,Gjerøy,5.67807478043071e-05,2476,0.2086613123807251,300,147
0,Nesøy,5,5014,2214,2214,8N14595,11,Leka,5.653251054317968e-05,2477,0.2086613123807251,300,154
0,Nesøy,5,5014,3106,3106,8N73319,14,Lauvøya,5.643753868779296e-05,2478,0.2086613123807251,300,149
0,Nesøy,5,5014,2835,2835,8N72206,2,Træna,5.639796436611781e-05,2479,0.2086613123807251,300,151
0,Nesøy,5,5014,3794,3794,8N87971,13,Vikna,5.6362614065081525e-05,2480,0.2086613123807251,300,159
0,Nesøy,5,5014,1984,1984,8N13686,13,Vikna,5.635942933081005e-05,2481,0.2086613123807251,300,157
0,Nesøy,5,5014,2990,2990,8N72952,13,Vikna,5.632726629440568e-05,2482,0.2086613123807251,300,155
0,Nesøy,5,5014,408,408,8L57729,3,Selvær,5.612689182624343e-05,2483,0.2086613123807251,300,157
0,Nesøy,5,5014,894,894,8M71125,13,Vikna,5.6085824585818886e-05,2484,0.2086613123807251,300,155
0,Nesøy,5,5014,3057,3057,8N73219,12,Vega,5.604597180736542e-05,2485,0.2086613123807251,300,160
0,Nesøy,5,5014,1413,1413,8N05292,13,Vikna,5.585604224316358e-05,2486,0.2086613123807251,300,162
0,Nesøy,5,5014,5482,5482,8981266,5,Hestmannøy,5.5810874024487384e-05,2487,0.2086613123807251,300,162
0,Nesøy,5,5014,5068,5068,8887408,6,Indre Kvarøy,5.5516195619628794e-05,2488,0.2086613123807251,300,156
0,Nesøy,5,5014,2698,2698,8N42210,2,Træna,5.551157394311996e-05,2489,0.2086613123807251,300,158
0,Nesøy,5,5014,1101,1101,8M72535,11,Leka,5.5380393740738325e-05,2490,0.2086613123807251,300,166
0,Nesøy,5,5014,1439,1439,8N05442,6,Indre Kvarøy,5.5352079092445654e-05,2491,0.2086613123807251,300,157
0,Nesøy,5,5014,5293,5293,8939370,7,Onøy og Lurøy,5.531772028414303e-05,2492,0.2086613123807251,300,161
0,Nesøy,5,5014,1634,1634,8N05983,14,Lauvøya,5.5284072599140595e-05,2493,0.2086613123807251,300,150
0,Nesøy,5,5014,2528,2528,8N27964,1,Myken,5.527593551395372e-05,2494,0.2086613123807251,300,151
0,Nesøy,5,5014,1179,1179,8M72864,4,Gjerøy,5.525664289118952e-05,2495,0.2086613123807251,300,163
0,Nesøy,5,5014,513,513,8L64862,9,Sleneset,5.518492654350053e-05,2496,0.2086613123807251,300,157
0,Nesøy,5,5014,2814,2814,8N42987,14,Lauvøya,5.515632606783746e-05,2497,0.2086613123807251,300,153
0,Nesøy,5,5014,4736,4736,8747807,6,Indre Kvarøy,5.49480412550206e-05,2498,0.2086613123807251,300,163
0,Nesøy,5,5014,350,350,8L52396,12,Vega,5.4678926010752135e-05,2499,0.2086613123807251,300,163
0,Nesøy,5,5014,5108,5108,8917841,3,Selvær,5.4517104659148007e-05,2500,0.2086613123807251,300,152
0,Nesøy,5,5014,6,6,8L19568,3,Selvær,5.383637908745182e-05,2501,0.2086613123807251,300,164
0,Nesøy,5,5014,4034,4034,8P14845,14,Lauvøya,5.3773396632119836e-05,2502,0.2086613123807251,300,154
0,Nesøy,5,5014,5029,5029,8887243,1,Myken,5.3699545898740195e-05,2503,0.2086613123807251,300,154
0,Nesøy,5,5014,1773,1773,8N06834,11,Leka,5.348914304709725e-05,2504,0.2086613123807251,300,160
0,Nesøy,5,5014,482,482,8L64398,3,Selvær,5.341529052117552e-05,2505,0.2086613123807251,300,165
0,Nesøy,5,5014,4585,4585,8732690,5,Hestmannøy,5.32914318082644e-05,2506,0.2086613123807251,300,160
0,Nesøy,5,5014,516,516,8L64873,14,Lauvøya,5.3250942301666844e-05,2507,0.2086613123807251,300,151
0,Nesøy,5,5014,2958,2958,8N72918,13,Vikna,5.291865898987307e-05,2508,0.2086613123807251,300,166
0,Nesøy,5,5014,4530,4530,8732294,5,Hestmannøy,5.290292449640091e-05,2509,0.2086613123807251,300,160
0,Nesøy,5,5014,2517,2517,8N27917,5,Hestmannøy,5.275165397611072e-05,2510,0.2086613123807251,300,162
0,Nesøy,5,5014,4230,4230,8309266,5,Hestmannøy,5.269341372042414e-05,2511,0.2086613123807251,300,151
0,Nesøy,5,5014,4743,4743,8747865,9,Sleneset,5.266799887002379e-05,2512,0.2086613123807251,300,154
0,Nesøy,5,5014,2946,2946,8N72906,13,Vikna,5.261630664826926e-05,2513,0.2086613123807251,300,172
0,Nesøy,5,5014,3235,3235,8N73616,14,Lauvøya,5.23893002657963e-05,2514,0.2086613123807251,300,163
0,Nesøy,5,5014,324,324,8L52355,11,Leka,5.2253906875974106e-05,2515,0.2086613123807251,300,162
0,Nesøy,5,5014,876,876,8M71077,4,Gjerøy,5.222831043336731e-05,2516,0.2086613123807251,300,154
0,Nesøy,5,5014,1272,1272,8N05148,12,Vega,5.2185375186556684e-05,2517,0.2086613123807251,300,161
0,Nesøy,5,5014,2418,2418,8N27195,14,Lauvøya,5.21612017034886e-05,2518,0.2086613123807251,300,149
0,Nesøy,5,5014,196,196,8L48410,5,Hestmannøy,5.201781418596131e-05,2519,0.2086613123807251,300,153
0,Nesøy,5,5014,4525,4525,8732279,1,Myken,5.196847430865633e-05,2520,0.2086613123807251,300,154
0,Nesøy,5,5014,2772,2772,8N42702,6,Indre Kvarøy,5.1929310871447444e-05,2521,0.2086613123807251,300,152
0,Nesøy,5,5014,2832,2832,8N72114,3,Selvær,5.1756026380608564e-05,2522,0.2086613123807251,300,162
0,Nesøy,5,5014,1852,1852,8N05697,14,Lauvøya,5.163283539931994e-05,2523,0.2086613123807251,300,149
0,Nesøy,5,5014,2248,2248,8N14629,13,Vikna,5.1631054904701215e-05,2524,0.2086613123807251,300,148
0,Nesøy,5,5014,1906,1906,8N13608,14,Lauvøya,5.154397557460976e-05,2525,0.2086613123807251,300,153
0,Nesøy,5,5014,5165,5165,8934285,7,Onøy og Lurøy,5.1382081663273254e-05,2526,0.2086613123807251,300,160
0,Nesøy,5,5014,1307,1307,8N05184,13,Vikna,5.135558947665506e-05,2527,0.2086613123807251,300,160
0,Nesøy,5,5014,3013,3013,8N73052,5,Hestmannøy,5.134794100144627e-05,2528,0.2086613123807251,300,155
0,Nesøy,5,5014,4047,4047,8P14858,14,Lauvøya,5.1331483187624427e-05,2529,0.2086613123807251,300,156
0,Nesøy,5,5014,3501,3501,8N87514,11,Leka,5.119598012587223e-05,2530,0.2086613123807251,300,154
0,Nesøy,5,5014,2609,2609,8N28686,5,Hestmannøy,5.115572479307326e-05,2531,0.2086613123807251,300,149
0,Nesøy,5,5014,565,565,8L89337,5,Hestmannøy,5.0993686505702774e-05,2532,0.2086613123807251,300,159
0,Nesøy,5,5014,2669,2669,8N28900,14,Lauvøya,5.097563813894754e-05,2533,0.2086613123807251,300,158
0,Nesøy,5,5014,2369,2369,8N27061,14,Lauvøya,5.090124940870189e-05,2534,0.2086613123807251,300,154
0,Nesøy,5,5014,1312,1312,8N05189,13,Vikna,5.081096190006547e-05,2535,0.2086613123807251,300,145
0,Nesøy,5,5014,3828,3828,8P11355,5,Hestmannøy,5.050617123122029e-05,2536,0.2086613123807251,300,162
0,Nesøy,5,5014,137,137,8L30752,11,Leka,5.0495823040200856e-05,2537,0.2086613123807251,300,155
0,Nesøy,5,5014,2194,2194,8N14575,11,Leka,5.048960894223003e-05,2538,0.2086613123807251,300,165
0,Nesøy,5,5014,5527,5527,8981708,5,Hestmannøy,5.0319766095046495e-05,2539,0.2086613123807251,300,165
0,Nesøy,5,5014,4469,4469,8730509,5,Hestmannøy,5.0276342302632167e-05,2540,0.2086613123807251,300,167
0,Nesøy,5,5014,3954,3954,8P14137,7,Onøy og Lurøy,5.027359742872833e-05,2541,0.2086613123807251,300,154
0,Nesøy,5,5014,139,139,8L30757,11,Leka,5.014851786103234e-05,2542,0.2086613123807251,300,164
0,Nesøy,5,5014,5141,5141,8934089,5,Hestmannøy,5.008746193569464e-05,2543,0.2086613123807251,300,157
0,Nesøy,5,5014,132,132,8L30709,12,Vega,5.003789462773352e-05,2544,0.2086613123807251,300,151
0,Nesøy,5,5014,2467,2467,8N27449,6,Indre Kvarøy,4.98922419605064e-05,2545,0.2086613123807251,300,162
0,Nesøy,5,5014,400,400,8L52961,6,Indre Kvarøy,4.984180636711621e-05,2546,0.2086613123807251,300,157
0,Nesøy,5,5014,708,708,8M31221,11,Leka,4.9617143411858584e-05,2547,0.2086613123807251,300,152
0,Nesøy,5,5014,3658,3658,8N87831,14,Lauvøya,4.9559283099178415e-05,2548,0.2086613123807251,300,156
0,Nesøy,5,5014,4140,4140,8P26540,2,Træna,4.925946091558658e-05,2549,0.2086613123807251,300,153
0,Nesøy,5,5014,2308,2308,8N14691,13,Vikna,4.925423079407253e-05,2550,0.2086613123807251,300,167
0,Nesøy,5,5014,1963,1963,8N13665,13,Vikna,4.8929877751461126e-05,2551,0.2086613123807251,300,147
0,Nesøy,5,5014,1481,1481,8N05616,14,Lauvøya,4.889908152568878e-05,2552,0.2086613123807251,300,157
0,Nesøy,5,5014,2221,2221,8N14602,13,Vikna,4.879754617438524e-05,2553,0.2086613123807251,300,147
0,Nesøy,5,5014,576,576,8L89377,5,Hestmannøy,4.877499005181368e-05,2554,0.2086613123807251,300,157
0,Nesøy,5,5014,3781,3781,8N87958,13,Vikna,4.863455772437692e-05,2555,0.2086613123807251,300,158
0,Nesøy,5,5014,4067,4067,8P14907,14,Lauvøya,4.859136924983625e-05,2556,0.2086613123807251,300,156
0,Nesøy,5,5014,1455,1455,8N05534,5,Hestmannøy,4.847848092572655e-05,2557,0.2086613123807251,300,149
0,Nesøy,5,5014,3346,3346,8N73912,11,Leka,4.845838881721408e-05,2558,0.2086613123807251,300,156
0,Nesøy,5,5014,942,942,8M71305,6,Indre Kvarøy,4.837561090891152e-05,2559,0.2086613123807251,300,160
0,Nesøy,5,5014,2439,2439,8N27324,6,Indre Kvarøy,4.834876392521158e-05,2560,0.2086613123807251,300,161
0,Nesøy,5,5014,3877,3877,8P11559,14,Lauvøya,4.82441451179471e-05,2561,0.2086613123807251,300,150
0,Nesøy,5,5014,1108,1108,8M72562,11,Leka,4.820956133430088e-05,2562,0.2086613123807251,300,159
0,Nesøy,5,5014,745,745,8M31372,5,Hestmannøy,4.809325960424712e-05,2563,0.2086613123807251,300,156
0,Nesøy,5,5014,1901,1901,8N13119,14,Lauvøya,4.800657809613124e-05,2564,0.2086613123807251,300,157
0,Nesøy,5,5014,2291,2291,8N14674,13,Vikna,4.791938533775576e-05,2565,0.2086613123807251,300,152
0,Nesøy,5,5014,3139,3139,8N73449,11,Leka,4.787329574068043e-05,2566,0.2086613123807251,300,153
0,Nesøy,5,5014,4259,4259,8573752,7,Onøy og Lurøy,4.773120273677677e-05,2567,0.2086613123807251,300,157
0,Nesøy,5,5014,1761,1761,8N06821,11,Leka,4.75654417129713e-05,2568,0.2086613123807251,300,162
0,Nesøy,5,5014,3945,3945,8P14075,5,Hestmannøy,4.750977684801194e-05,2569,0.2086613123807251,300,163
0,Nesøy,5,5014,555,555,8L89277,5,Hestmannøy,4.740697570549771e-05,2570,0.2086613123807251,300,153
0,Nesøy,5,5014,2006,2006,8N13852,14,Lauvøya,4.698325442510561e-05,2571,0.2086613123807251,300,155
0,Nesøy,5,5014,1879,1879,8N13401,2,Træna,4.691863673933817e-05,2572,0.2086613123807251,300,152
0,Nesøy,5,5014,2808,2808,8N42931,5,Hestmannøy,4.685375344440439e-05,2573,0.2086613123807251,300,163
0,Nesøy,5,5014,3326,3326,8N73797,14,Lauvøya,4.67864123133428e-05,2574,0.2086613123807251,300,151
0,Nesøy,5,5014,4864,4864,8800436,6,Indre Kvarøy,4.67386276350462e-05,2575,0.2086613123807251,300,158
0,Nesøy,5,5014,5552,5552,8981825,7,Onøy og Lurøy,4.6706098656941804e-05,2576,0.2086613123807251,300,168
0,Nesøy,5,5014,3687,3687,8N87862,14,Lauvøya,4.667455098525052e-05,2577,0.2086613123807251,300,166
0,Nesøy,5,5014,1991,1991,8N13693,13,Vikna,4.663941966916928e-05,2578,0.2086613123807251,300,156
0,Nesøy,5,5014,2747,2747,8N42527,5,Hestmannøy,4.6536838777953746e-05,2579,0.2086613123807251,300,160
0,Nesøy,5,5014,1310,1310,8N05187,13,Vikna,4.6408943997095425e-05,2580,0.2086613123807251,300,153
0,Nesøy,5,5014,763,763,8M31508,5,Hestmannøy,4.636295627339839e-05,2581,0.2086613123807251,300,160
0,Nesøy,5,5014,1210,1210,8M72990,4,Gjerøy,4.6286475547936706e-05,2582,0.2086613123807251,300,161
0,Nesøy,5,5014,5339,5339,8939705,6,Indre Kvarøy,4.6055770744186707e-05,2583,0.2086613123807251,300,149
0,Nesøy,5,5014,2734,2734,8N42507,5,Hestmannøy,4.592513597371142e-05,2584,0.2086613123807251,300,151
0,Nesøy,5,5014,3292,3292,8N73673,13,Vikna,4.5835092255792345e-05,2585,0.2086613123807251,300,161
0,Nesøy,5,5014,5389,5389,8943109,10,Aldra,4.571521372983906e-05,2586,0.2086613123807251,300,162
0,Nesøy,5,5014,232,232,8L48598,2,Træna,4.563119506161056e-05,2587,0.2086613123807251,300,164
0,Nesøy,5,5014,562,562,8L89326,10,Aldra,4.561518128817241e-05,2588,0.2086613123807251,300,160
0,Nesøy,5,5014,3594,3594,8N87613,14,Lauvøya,4.560385610656666e-05,2589,0.2086613123807251,300,159
0,Nesøy,5,5014,3901,3901,8P11634,2,Træna,4.557600616574589e-05,2590,0.2086613123807251,300,170
0,Nesøy,5,5014,2446,2446,8N27344,4,Gjerøy,4.5329288958362106e-05,2591,0.2086613123807251,300,152
0,Nesøy,5,5014,1177,1177,8M72859,10,Aldra,4.52416059908821e-05,2592,0.2086613123807251,300,149
0,Nesøy,5,5014,1908,1908,8N13611,14,Lauvøya,4.511159394175701e-05,2593,0.2086613123807251,300,163
0,Nesøy,5,5014,87,87,8L30180,12,Vega,4.494081993010712e-05,2594,0.2086613123807251,300,154
0,Nesøy,5,5014,2550,2550,8N28142,8,Lovund,4.469428338012967e-05,2595,0.2086613123807251,300,152
0,Nesøy,5,5014,5366,5366,8939906,11,Leka,4.458974856349795e-05,2596,0.2086613123807251,300,150
0,Nesøy,5,5014,4053,4053,8P14864,14,Lauvøya,4.4569566011879605e-05,2597,0.2086613123807251,300,165
0,Nesøy,5,5014,2454,2454,8N27404,7,Onøy og Lurøy,4.456141573729484e-05,2598,0.2086613123807251,300,168
0,Nesøy,5,5014,1708,1708,8N06528,4,Gjerøy,4.448679207989849e-05,2599,0.2086613123807251,300,150
0,Nesøy,5,5014,355,355,8L52411,6,Indre Kvarøy,4.433458502437181e-05,2600,0.2086613123807251,300,163
0,Nesøy,5,5014,3985,3985,8P14454,6,Indre Kvarøy,4.423466191575296e-05,2601,0.2086613123807251,300,165
0,Nesøy,5,5014,110,110,8L30459,12,Vega,4.417435203118394e-05,2602,0.2086613123807251,300,153
0,Nesøy,5,5014,5486,5486,8981272,5,Hestmannøy,4.4154414822909534e-05,2603,0.2086613123807251,300,160
0,Nesøy,5,5014,5345,5345,8939747,5,Hestmannøy,4.408946270200273e-05,2604,0.2086613123807251,300,159
0,Nesøy,5,5014,4825,4825,8800170,10,Aldra,4.400642209430042e-05,2605,0.2086613123807251,300,153
0,Nesøy,5,5014,4644,4644,8747310,8,Lovund,4.3832231389811855e-05,2606,0.2086613123807251,300,152
0,Nesøy,5,5014,2640,2640,8N28788,14,Lauvøya,4.365076539485688e-05,2607,0.2086613123807251,300,158
0,Nesøy,5,5014,4123,4123,8P26193,5,Hestmannøy,4.355315662892137e-05,2608,0.2086613123807251,300,158
0,Nesøy,5,5014,5022,5022,8887221,4,Gjerøy,4.355232441659108e-05,2609,0.2086613123807251,300,162
0,Nesøy,5,5014,108,108,8L30449,4,Gjerøy,4.350671585747209e-05,2610,0.2086613123807251,300,157
0,Nesøy,5,5014,2451,2451,8N27362,5,Hestmannøy,4.329742278452102e-05,2611,0.2086613123807251,300,156
0,Nesøy,5,5014,421,421,8L57880,5,Hestmannøy,4.3284654711648476e-05,2612,0.2086613123807251,300,168
0,Nesøy,5,5014,1800,1800,8N06861,11,Leka,4.316336899113456e-05,2613,0.2086613123807251,300,161
0,Nesøy,5,5014,1649,1649,8N06296,9,Sleneset,4.314699566127874e-05,2614,0.2086613123807251,300,158
0,Nesøy,5,5014,4079,4079,8P14957,14,Lauvøya,4.3099673231875625e-05,2615,0.2086613123807251,300,149
0,Nesøy,5,5014,676,676,8L89845,5,Hestmannøy,4.304885241081984e-05,2616,0.2086613123807251,300,167
0,Nesøy,5,5014,1760,1760,8N06820,11,Leka,4.293648881760307e-05,2617,0.2086613123807251,300,157
0,Nesøy,5,5014,2590,2590,8N28499,2,Træna,4.290189648448576e-05,2618,0.2086613123807251,300,139
0,Nesøy,5,5014,819,819,8L89550,12,Vega,4.281380800400005e-05,2619,0.2086613123807251,300,169
0,Nesøy,5,5014,4998,4998,8866745,4,Gjerøy,4.2776047682371884e-05,2620,0.2086613123807251,300,155
0,Nesøy,5,5014,3672,3672,8N87847,14,Lauvøya,4.274074092775729e-05,2621,0.2086613123807251,300,163
0,Nesøy,5,5014,4207,4207,8309143,4,Gjerøy,4.271772455090048e-05,2622,0.2086613123807251,300,153
0,Nesøy,5,5014,5341,5341,8939736,7,Onøy og Lurøy,4.26668764160625e-05,2623,0.2086613123807251,300,157
0,Nesøy,5,5014,2137,2137,8N14516,11,Leka,4.260835038496152e-05,2624,0.2086613123807251,300,166
0,Nesøy,5,5014,3360,3360,8N73926,11,Leka,4.259276435799371e-05,2625,0.2086613123807251,300,161
0,Nesøy,5,5014,2563,2563,8N28248,7,Onøy og Lurøy,4.254414755281148e-05,2626,0.2086613123807251,300,158
0,Nesøy,5,5014,1153,1153,8M72697,14,Lauvøya,4.2452548768850477e-05,2627,0.2086613123807251,300,150
0,Nesøy,5,5014,1830,1830,8N06894,11,Leka,4.241480242734786e-05,2628,0.2086613123807251,300,149
0,Nesøy,5,5014,2874,2874,8N72519,4,Gjerøy,4.2299787235909364e-05,2629,0.2086613123807251,300,160
0,Nesøy,5,5014,2070,2070,8N14050,6,Indre Kvarøy,4.2261207786955964e-05,2630,0.2086613123807251,300,158
0,Nesøy,5,5014,2094,2094,8N14178,6,Indre Kvarøy,4.22438752902303e-05,2631,0.2086613123807251,300,148
0,Nesøy,5,5014,1268,1268,8N05144,12,Vega,4.221536857135942e-05,2632,0.2086613123807251,300,160
0,Nesøy,5,5014,1590,1590,8N05856,11,Leka,4.207363173256956e-05,2633,0.2086613123807251,300,155
0,Nesøy,5,5014,4272,4272,8598592,3,Selvær,4.204960975712613e-05,2634,0.2086613123807251,300,155
0,Nesøy,5,5014,1191,1191,8M72914,5,Hestmannøy,4.1963395466029726e-05,2635,0.2086613123807251,300,156
0,Nesøy,5,5014,5099,5099,8904654,2,Træna,4.1913484398291535e-05,2636,0.2086613123807251,300,163
0,Nesøy,5,5014,821,821,8M31798,11,Leka,4.182417504778043e-05,2637,0.2086613123807251,300,159
0,Nesøy,5,5014,3726,3726,8N87902,13,Vikna,4.1776520703673993e-05,2638,0.2086613123807251,300,154
0,Nesøy,5,5014,3644,3644,8N87817,14,Lauvøya,4.177049724523002e-05,2639,0.2086613123807251,300,164
0,Nesøy,5,5014,3803,3803,8N87980,13,Vikna,4.163708141786918e-05,2640,0.2086613123807251,300,164
0,Nesøy,5,5014,223,223,8L48501,10,Aldra,4.143215443584064e-05,2641,0.2086613123807251,300,164
0,Nesøy,5,5014,4220,4220,8309195,4,Gjerøy,4.141633592070693e-05,2642,0.2086613123807251,300,151
0,Nesøy,5,5014,3702,3702,8N87878,13,Vikna,4.123970165401543e-05,2643,0.2086613123807251,300,166
0,Nesøy,5,5014,787,787,8M31622,4,Gjerøy,4.123929940787261e-05,2644,0.2086613123807251,300,154
0,Nesøy,5,5014,1138,1138,8M72640,6,Indre Kvarøy,4.092635394057174e-05,2645,0.2086613123807251,300,152
0,Nesøy,5,5014,4906,4906,8800936,10,Aldra,4.0777967325947234e-05,2646,0.2086613123807251,300,150
0,Nesøy,5,5014,1028,1028,8M71700,3,Selvær,4.076746633069393e-05,2647,0.2086613123807251,300,159
0,Nesøy,5,5014,3823,3823,8P11319,4,Gjerøy,4.046902133873309e-05,2648,0.2086613123807251,300,156
0,Nesøy,5,5014,264,264,8L48780,11,Leka,4.035520798250854e-05,2649,0.2086613123807251,300,162
0,Nesøy,5,5014,2845,2845,8N72333,4,Gjerøy,4.0285201290475104e-05,2650,0.2086613123807251,300,154
0,Nesøy,5,5014,3166,3166,8N73476,11,Leka,4.022674085367989e-05,2651,0.2086613123807251,300,157
0,Nesøy,5,5014,600,600,8L89471,6,Indre Kvarøy,4.0221731722055844e-05,2652,0.2086613123807251,300,144
0,Nesøy,5,5014,248,248,8L48745,11,Leka,4.015605807656108e-05,2653,0.2086613123807251,300,162
0,Nesøy,5,5014,3204,3204,8N73519,5,Hestmannøy,4.0126476835320274e-05,2654,0.2086613123807251,300,156
0,Nesøy,5,5014,3630,3630,8N87803,14,Lauvøya,4.0125696682568256e-05,2655,0.2086613123807251,300,165
0,Nesøy,5,5014,1392,1392,8N05270,13,Vikna,4.008622771229954e-05,2656,0.2086613123807251,300,152
0,Nesøy,5,5014,4883,4883,8800533,10,Aldra,3.9962843784078024e-05,2657,0.2086613123807251,300,156
0,Nesøy,5,5014,2403,2403,8N27117,7,Onøy og Lurøy,3.9906182314986066e-05,2658,0.2086613123807251,300,155
0,Nesøy,5,5014,5,5,8L19559,8,Lovund,3.983577019480761e-05,2659,0.2086613123807251,300,152
0,Nesøy,5,5014,3246,3246,8N73627,13,Vikna,3.970930569639311e-05,2660,0.2086613123807251,300,166
0,Nesøy,5,5014,1131,1131,8M72611,6,Indre Kvarøy,3.969154811145301e-05,2661,0.2086613123807251,300,164
0,Nesøy,5,5014,5445,5445,8981021,4,Gjerøy,3.960539487858738e-05,2662,0.2086613123807251,300,158
0,Nesøy,5,5014,2784,2784,8N42718,5,Hestmannøy,3.954525594741289e-05,2663,0.2086613123807251,300,161
0,Nesøy,5,5014,1824,1824,8N06887,14,Lauvøya,3.953375849672938e-05,2664,0.2086613123807251,300,157
0,Nesøy,5,5014,1768,1768,8N06829,11,Leka,3.9354697833611354e-05,2665,0.2086613123807251,300,157
0,Nesøy,5,5014,1573,1573,8N05748,4,Gjerøy,3.932726949386913e-05,2666,0.2086613123807251,300,157
0,Nesøy,5,5014,1823,1823,8N06885,11,Leka,3.920040078246065e-05,2667,0.2086613123807251,300,168
0,Nesøy,5,5014,2555,2555,8N28209,2,Træna,3.89448500755312e-05,2668,0.2086613123807251,300,152
0,Nesøy,5,5014,4030,4030,8P14838,5,Hestmannøy,3.880105012259862e-05,2669,0.2086613123807251,300,159
0,Nesøy,5,5014,3850,3850,8P11531,14,Lauvøya,3.870387619451078e-05,2670,0.2086613123807251,300,143
0,Nesøy,5,5014,3169,3169,8N73479,11,Leka,3.8681117623989295e-05,2671,0.2086613123807251,300,158
0,Nesøy,5,5014,3589,3589,8N87606,14,Lauvøya,3.864919692354276e-05,2672,0.2086613123807251,300,159
0,Nesøy,5,5014,3714,3714,8N87890,13,Vikna,3.8604994700689294e-05,2673,0.2086613123807251,300,156
0,Nesøy,5,5014,4818,4818,8800147,9,Sleneset,3.821859746724763e-05,2674,0.2086613123807251,300,141
0,Nesøy,5,5014,2537,2537,8N28016,9,Sleneset,3.817449945198363e-05,2675,0.2086613123807251,300,165
0,Nesøy,5,5014,1518,1518,8N05660,13,Vikna,3.817262983308491e-05,2676,0.2086613123807251,300,155
0,Nesøy,5,5014,3539,3539,8N87552,11,Leka,3.793911017066942e-05,2677,0.2086613123807251,300,151
0,Nesøy,5,5014,3475,3475,8N87264,8,Lovund,3.7800466217435186e-05,2678,0.2086613123807251,300,142
0,Nesøy,5,5014,5243,5243,8939029,7,Onøy og Lurøy,3.773412703107295e-05,2679,0.2086613123807251,300,152
0,Nesøy,5,5014,838,838,8M31865,6,Indre Kvarøy,3.752671525864015e-05,2680,0.2086613123807251,300,157
0,Nesøy,5,5014,308,308,8L52328,12,Vega,3.7481399182673694e-05,2681,0.2086613123807251,300,155
0,Nesøy,5,5014,1936,1936,8N13635,14,Lauvøya,3.735884342205252e-05,2682,0.2086613123807251,300,148
0,Nesøy,5,5014,4073,4073,8N14938,4,Gjerøy,3.7264872841632156e-05,2683,0.2086613123807251,300,161
0,Nesøy,5,5014,2019,2019,8N13926,5,Hestmannøy,3.71439326162729e-05,2684,0.2086613123807251,300,155
0,Nesøy,5,5014,4741,4741,8747829,7,Onøy og Lurøy,3.7030624916232886e-05,2685,0.2086613123807251,300,159
0,Nesøy,5,5014,5539,5539,8981774,4,Gjerøy,3.6876350224884674e-05,2686,0.2086613123807251,300,161
0,Nesøy,5,5014,1828,1828,8N06892,11,Leka,3.682910657558051e-05,2687,0.2086613123807251,300,151
0,Nesøy,5,5014,3179,3179,8N73490,12,Vega,3.675422512069232e-05,2688,0.2086613123807251,300,145
0,Nesøy,5,5014,1491,1491,8N05626,14,Lauvøya,3.6742443395545196e-05,2689,0.2086613123807251,300,159
0,Nesøy,5,5014,201,201,8L48435,2,Træna,3.673284123509619e-05,2690,0.2086613123807251,300,149
0,Nesøy,5,5014,4054,4054,8P14865,14,Lauvøya,3.664380537461043e-05,2691,0.2086613123807251,300,158
0,Nesøy,5,5014,3055,3055,8N73217,12,Vega,3.6554721532515494e-05,2692,0.2086613123807251,300,167
0,Nesøy,5,5014,5225,5225,8934811,8,Lovund,3.6520226831197694e-05,2693,0.2086613123807251,300,156
0,Nesøy,5,5014,4516,4516,8732240,7,Onøy og Lurøy,3.652012742766368e-05,2694,0.2086613123807251,300,157
0,Nesøy,5,5014,4996,4996,8866718,4,Gjerøy,3.648978032817156e-05,2695,0.2086613123807251,300,163
0,Nesøy,5,5014,3323,3323,8N73793,14,Lauvøya,3.6478673013606236e-05,2696,0.2086613123807251,300,147
0,Nesøy,5,5014,3310,3310,8N73692,13,Vikna,3.6444808582e-05,2697,0.2086613123807251,300,156
0,Nesøy,5,5014,566,566,8L89352,5,Hestmannøy,3.6234448441957415e-05,2698,0.2086613123807251,300,156
0,Nesøy,5,5014,3711,3711,8N87887,13,Vikna,3.6182209884060334e-05,2699,0.2086613123807251,300,149
0,Nesøy,5,5014,1664,1664,8N06461,8,Lovund,3.616194757498973e-05,2700,0.2086613123807251,300,150
0,Nesøy,5,5014,647,647,8L89704,4,Gjerøy,3.6154126767475857e-05,2701,0.2086613123807251,300,156
0,Nesøy,5,5014,1493,1493,8N05628,14,Lauvøya,3.6126654830366146e-05,2702,0.2086613123807251,300,158
0,Nesøy,5,5014,461,461,8L64206,6,Indre Kvarøy,3.601279619074517e-05,2703,0.2086613123807251,300,163
0,Nesøy,5,5014,1527,1527,8N05364,14,Lauvøya,3.596916034391307e-05,2704,0.2086613123807251,300,155
0,Nesøy,5,5014,1219,1219,8N05030,5,Hestmannøy,3.589383649727334e-05,2705,0.2086613123807251,300,148
0,Nesøy,5,5014,1463,1463,8N05576,2,Træna,3.587819222907862e-05,2706,0.2086613123807251,300,144
0,Nesøy,5,5014,1029,1029,8M71705,8,Lovund,3.5777823489892385e-05,2707,0.2086613123807251,300,152
0,Nesøy,5,5014,1008,1008,8M71504,4,Gjerøy,3.577660204763688e-05,2708,0.2086613123807251,300,165
0,Nesøy,5,5014,2514,2514,8N27907,6,Indre Kvarøy,3.562831453047059e-05,2709,0.2086613123807251,300,155
0,Nesøy,5,5014,1374,1374,8N05252,13,Vikna,3.558251425853811e-05,2710,0.2086613123807251,300,170
0,Nesøy,5,5014,177,177,8L30900,11,Leka,3.5541030208195094e-05,2711,0.2086613123807251,300,156
0,Nesøy,5,5014,2156,2156,8N14535,11,Leka,3.552848817904819e-05,2712,0.2086613123807251,300,154
0,Nesøy,5,5014,3784,3784,8N87961,13,Vikna,3.5453984722103115e-05,2713,0.2086613123807251,300,167
0,Nesøy,5,5014,4182,4182,8168636,5,Hestmannøy,3.5330113331611716e-05,2714,0.2086613123807251,300,156
0,Nesøy,5,5014,4855,4855,8800390,6,Indre Kvarøy,3.532306434175022e-05,2715,0.2086613123807251,300,160
0,Nesøy,5,5014,3562,3562,8N87575,11,Leka,3.526609426246527e-05,2716,0.2086613123807251,300,147
0,Nesøy,5,5014,754,754,8M31452,5,Hestmannøy,3.517719563674034e-05,2717,0.2086613123807251,300,149
0,Nesøy,5,5014,3396,3396,8N73962,12,Vega,3.51542516780829e-05,2718,0.2086613123807251,300,160
0,Nesøy,5,5014,2635,2635,8N28783,5,Hestmannøy,3.498254000739473e-05,2719,0.2086613123807251,300,165
0,Nesøy,5,5014,3689,3689,8N87864,14,Lauvøya,3.494865271551566e-05,2720,0.2086613123807251,300,161
0,Nesøy,5,5014,629,629,8L89637,5,Hestmannøy,3.4899497171413406e-05,2721,0.2086613123807251,300,158
0,Nesøy,5,5014,2115,2115,8N14295,14,Lauvøya,3.4654112708081255e-05,2722,0.2086613123807251,300,156
0,Nesøy,5,5014,1835,1835,8N06899,11,Leka,3.4601831505309176e-05,2723,0.2086613123807251,300,164
0,Nesøy,5,5014,3438,3438,8N87053,5,Hestmannøy,3.4333780539393086e-05,2724,0.2086613123807251,300,151
0,Nesøy,5,5014,731,731,8M31325,4,Gjerøy,3.426343165559342e-05,2725,0.2086613123807251,300,153
0,Nesøy,5,5014,1125,1125,8M72598,11,Leka,3.421314059488381e-05,2726,0.2086613123807251,300,157
0,Nesøy,5,5014,1286,1286,8N05162,12,Vega,3.418025363653388e-05,2727,0.2086613123807251,300,152
0,Nesøy,5,5014,4922,4922,8816497,5,Hestmannøy,3.3942444345962295e-05,2728,0.2086613123807251,300,155
0,Nesøy,5,5014,2185,2185,8N14566,11,Leka,3.384075022775079e-05,2729,0.2086613123807251,300,161
0,Nesøy,5,5014,1897,1897,8N13368,2,Træna,3.375790933991768e-05,2730,0.2086613123807251,300,149
0,Nesøy,5,5014,4676,4676,8747564,5,Hestmannøy,3.349618511176023e-05,2731,0.2086613123807251,300,153
0,Nesøy,5,5014,1717,1717,8N06671,14,Lauvøya,3.347996646169714e-05,2732,0.2086613123807251,300,152
0,Nesøy,5,5014,1001,1001,8M71490,13,Vikna,3.342293809648856e-05,2733,0.2086613123807251,300,153
0,Nesøy,5,5014,5101,5101,8904676,9,Sleneset,3.3321960409391435e-05,2734,0.2086613123807251,300,161
0,Nesøy,5,5014,4147,4147,8P26650,8,Lovund,3.322559369530737e-05,2735,0.2086613123807251,300,147
0,Nesøy,5,5014,1271,1271,8N05147,12,Vega,3.3177242877930656e-05,2736,0.2086613123807251,300,152
0,Nesøy,5,5014,3367,3367,8N73933,12,Vega,3.313552222425438e-05,2737,0.2086613123807251,300,155
0,Nesøy,5,5014,627,627,8L89626,4,Gjerøy,3.304176337580652e-05,2738,0.2086613123807251,300,153
0,Nesøy,5,5014,2034,2034,8N13956,6,Indre Kvarøy,3.3013108439818266e-05,2739,0.2086613123807251,300,165
0,Nesøy,5,5014,5454,5454,8981047,12,Vega,3.291489651106724e-05,2740,0.2086613123807251,300,148
0,Nesøy,5,5014,4811,4811,8800095,6,Indre Kvarøy,3.2907774834165195e-05,2741,0.2086613123807251,300,157
0,Nesøy,5,5014,2237,2237,8N14618,13,Vikna,3.280137515999089e-05,2742,0.2086613123807251,300,164
0,Nesøy,5,5014,4554,4554,8732615,9,Sleneset,3.2568406847236535e-05,2743,0.2086613123807251,300,162
0,Nesøy,5,5014,3875,3875,8P11557,14,Lauvøya,3.252647251935091e-05,2744,0.2086613123807251,300,153
0,Nesøy,5,5014,907,907,8M71205,5,Hestmannøy,3.252096108531697e-05,2745,0.2086613123807251,300,160
0,Nesøy,5,5014,2056,2056,8N14008,6,Indre Kvarøy,3.249199659753619e-05,2746,0.2086613123807251,300,161
0,Nesøy,5,5014,3751,3751,8N87928,13,Vikna,3.246754182975514e-05,2747,0.2086613123807251,300,161
0,Nesøy,5,5014,1517,1517,8N05659,13,Vikna,3.242214487775322e-05,2748,0.2086613123807251,300,154
0,Nesøy,5,5014,589,589,8L89423,6,Indre Kvarøy,3.237563861165416e-05,2749,0.2086613123807251,300,153
0,Nesøy,5,5014,3500,3500,8N87513,11,Leka,3.234388283386881e-05,2750,0.2086613123807251,300,158
0,Nesøy,5,5014,1198,1198,8M72934,5,Hestmannøy,3.234185485444749e-05,2751,0.2086613123807251,300,160
0,Nesøy,5,5014,5516,5516,8981545,5,Hestmannøy,3.234092003646201e-05,2752,0.2086613123807251,300,148
0,Nesøy,5,5014,3771,3771,8N87948,13,Vikna,3.2338619853224644e-05,2753,0.2086613123807251,300,159
0,Nesøy,5,5014,3876,3876,8P11558,14,Lauvøya,3.230734227305572e-05,2754,0.2086613123807251,300,161
0,Nesøy,5,5014,2263,2263,8N14646,13,Vikna,3.228082581558711e-05,2755,0.2086613123807251,300,163
0,Nesøy,5,5014,548,548,8L89266,5,Hestmannøy,3.2238016409802606e-05,2756,0.2086613123807251,300,150
0,Nesøy,5,5014,3254,3254,8N73635,13,Vikna,3.197431782412154e-05,2757,0.2086613123807251,300,158
0,Nesøy,5,5014,3154,3154,8N73464,11,Leka,3.190328881597782e-05,2758,0.2086613123807251,300,165
0,Nesøy,5,5014,1077,1077,8M72317,7,Onøy og Lurøy,3.189276601320464e-05,2759,0.2086613123807251,300,144
0,Nesøy,5,5014,2347,2347,8N14961,5,Hestmannøy,3.18518745107764e-05,2760,0.2086613123807251,300,147
0,Nesøy,5,5014,2198,2198,8N14579,11,Leka,3.173293904043897e-05,2761,0.2086613123807251,300,158
0,Nesøy,5,5014,3624,3624,8N87759,4,Gjerøy,3.16903650672846e-05,2762,0.2086613123807251,300,154
0,Nesøy,5,5014,2085,2085,8N14149,6,Indre Kvarøy,3.165306286692193e-05,2763,0.2086613123807251,300,156
0,Nesøy,5,5014,1320,1320,8N05197,13,Vikna,3.152368455014892e-05,2764,0.2086613123807251,300,145
0,Nesøy,5,5014,5553,5553,8981826,7,Onøy og Lurøy,3.148402972406351e-05,2765,0.2086613123807251,300,161
0,Nesøy,5,5014,3529,3529,8N87542,11,Leka,3.138637859399264e-05,2766,0.2086613123807251,300,155
0,Nesøy,5,5014,1874,1874,8N13355,2,Træna,3.128266011067848e-05,2767,0.2086613123807251,300,158
0,Nesøy,5,5014,3208,3208,8N73527,4,Gjerøy,3.1251438515951744e-05,2768,0.2086613123807251,300,144
0,Nesøy,5,5014,5562,5562,8981873,2,Træna,3.106314545038002e-05,2769,0.2086613123807251,300,162
0,Nesøy,5,5014,3215,3215,8N73568,6,Indre Kvarøy,3.1043084217734756e-05,2770,0.2086613123807251,300,150
0,Nesøy,5,5014,2523,2523,8N27937,6,Indre Kvarøy,3.1022847578410894e-05,2771,0.2086613123807251,300,165
0,Nesøy,5,5014,1583,1583,8N05824,7,Onøy og Lurøy,3.0938332467488816e-05,2772,0.2086613123807251,300,162
0,Nesøy,5,5014,5197,5197,8934426,8,Lovund,3.075632127184454e-05,2773,0.2086613123807251,300,157
0,Nesøy,5,5014,2215,2215,8N14596,11,Leka,3.069878439242769e-05,2774,0.2086613123807251,300,149
0,Nesøy,5,5014,559,559,8L89312,9,Sleneset,3.066416608444326e-05,2775,0.2086613123807251,300,161
0,Nesøy,5,5014,1474,1474,8N05609,14,Lauvøya,3.04777523760119e-05,2776,0.2086613123807251,300,158
0,Nesøy,5,5014,2318,2318,8N14806,3,Selvær,3.034548698181187e-05,2777,0.2086613123807251,300,153
0,Nesøy,5,5014,887,887,8L64879,11,Leka,3.0326190615811554e-05,2778,0.2086613123807251,300,158
0,Nesøy,5,5014,2371,2371,8N27066,14,Lauvøya,3.0163633336191335e-05,2779,0.2086613123807251,300,154
0,Nesøy,5,5014,3744,3744,8N87921,13,Vikna,3.0047996136134725e-05,2780,0.2086613123807251,300,148
0,Nesøy,5,5014,64,64,8L19998,5,Hestmannøy,2.9986770218927236e-05,2781,0.2086613123807251,300,155
0,Nesøy,5,5014,2862,2862,8N72448,3,Selvær,2.9865621666273838e-05,2782,0.2086613123807251,300,157
0,Nesøy,5,5014,809,809,8L89553,12,Vega,2.9854312294759188e-05,2783,0.2086613123807251,300,164
0,Nesøy,5,5014,5214,5214,8934529,1,Myken,2.9809205329816076e-05,2784,0.2086613123807251,300,162
0,Nesøy,5,5014,3050,3050,8N73212,12,Vega,2.968104441776692e-05,2785,0.2086613123807251,300,154
0,Nesøy,5,5014,2037,2037,8N13968,6,Indre Kvarøy,2.967901358449105e-05,2786,0.2086613123807251,300,154
0,Nesøy,5,5014,1705,1705,8N06510,4,Gjerøy,2.9659850921954425e-05,2787,0.2086613123807251,300,157
0,Nesøy,5,5014,5219,5219,8934577,8,Lovund,2.9617877308272637e-05,2788,0.2086613123807251,300,168
0,Nesøy,5,5014,4868,4868,8800467,5,Hestmannøy,2.9391649199928838e-05,2789,0.2086613123807251,300,155
0,Nesøy,5,5014,3031,3031,8N73187,14,Lauvøya,2.931385484379422e-05,2790,0.2086613123807251,300,149
0,Nesøy,5,5014,1712,1712,8N06560,4,Gjerøy,2.9225016901930555e-05,2791,0.2086613123807251,300,151
0,Nesøy,5,5014,4730,4730,8747764,5,Hestmannøy,2.9186086906855384e-05,2792,0.2086613123807251,300,160
0,Nesøy,5,5014,1911,1911,8N13613,14,Lauvøya,2.916450901108365e-05,2793,0.2086613123807251,300,142
0,Nesøy,5,5014,4650,4650,8747399,6,Indre Kvarøy,2.9138950831208705e-05,2794,0.2086613123807251,300,159
0,Nesøy,5,5014,1427,1427,8N05306,13,Vikna,2.913385311238341e-05,2795,0.2086613123807251,300,170
0,Nesøy,5,5014,2967,2967,8N72928,13,Vikna,2.9061368258927925e-05,2796,0.2086613123807251,300,169
0,Nesøy,5,5014,2118,2118,8N14298,14,Lauvøya,2.901870736621956e-05,2797,0.2086613123807251,300,152
0,Nesøy,5,5014,4331,4331,8681001,4,Gjerøy,2.8978937652946097e-05,2798,0.2086613123807251,300,158
0,Nesøy,5,5014,2186,2186,8N14567,11,Leka,2.8944145045937832e-05,2799,0.2086613123807251,300,169
0,Nesøy,5,5014,1895,1895,8N13558,2,Træna,2.887119539527207e-05,2800,0.2086613123807251,300,162
0,Nesøy,5,5014,986,986,8L57988,13,Vikna,2.8606825555520586e-05,2801,0.2086613123807251,300,147
0,Nesøy,5,5014,2301,2301,8N14684,13,Vikna,2.8586915871028462e-05,2802,0.2086613123807251,300,147
0,Nesøy,5,5014,5178,5178,8934354,6,Indre Kvarøy,2.8473763114522677e-05,2803,0.2086613123807251,300,161
0,Nesøy,5,5014,329,329,8L52362,11,Leka,2.8464036045082677e-05,2804,0.2086613123807251,300,161
0,Nesøy,5,5014,1788,1788,8N06849,11,Leka,2.832584533036726e-05,2805,0.2086613123807251,300,164
0,Nesøy,5,5014,4783,4783,8794375,4,Gjerøy,2.827452843944132e-05,2806,0.2086613123807251,300,151
0,Nesøy,5,5014,4180,4180,8168632,7,Onøy og Lurøy,2.8196540956527798e-05,2807,0.2086613123807251,300,152
0,Nesøy,5,5014,691,691,8M31112,3,Selvær,2.8045627229522908e-05,2808,0.2086613123807251,300,160
0,Nesøy,5,5014,2645,2645,8N28793,14,Lauvøya,2.80152578900115e-05,2809,0.2086613123807251,300,164
0,Nesøy,5,5014,881,881,8M71086,5,Hestmannøy,2.796400493148566e-05,2810,0.2086613123807251,300,152
0,Nesøy,5,5014,4739,4739,8747813,10,Aldra,2.795121988606944e-05,2811,0.2086613123807251,300,157
0,Nesøy,5,5014,724,724,8M31293,5,Hestmannøy,2.769616877494764e-05,2812,0.2086613123807251,300,150
0,Nesøy,5,5014,2105,2105,8N14231,4,Gjerøy,2.7681063970822344e-05,2813,0.2086613123807251,300,157
0,Nesøy,5,5014,3205,3205,8N73521,5,Hestmannøy,2.759171916655146e-05,2814,0.2086613123807251,300,162
0,Nesøy,5,5014,510,510,8L64849,9,Sleneset,2.7550069303423723e-05,2815,0.2086613123807251,300,154
0,Nesøy,5,5014,3571,3571,8N87585,11,Leka,2.7443086737283817e-05,2816,0.2086613123807251,300,159
0,Nesøy,5,5014,1701,1701,8N06498,12,Vega,2.7378867247746108e-05,2817,0.2086613123807251,300,162
0,Nesøy,5,5014,2789,2789,8N42732,4,Gjerøy,2.729710726182076e-05,2818,0.2086613123807251,300,163
0,Nesøy,5,5014,126,126,8L30641,11,Leka,2.7182473119969805e-05,2819,0.2086613123807251,300,161
0,Nesøy,5,5014,3905,3905,8P11747,7,Onøy og Lurøy,2.7119613707080823e-05,2820,0.2086613123807251,300,163
0,Nesøy,5,5014,5383,5383,8943080,4,Gjerøy,2.6912616992071382e-05,2821,0.2086613123807251,300,153
0,Nesøy,5,5014,2856,2856,8N72391,6,Indre Kvarøy,2.6535637262732366e-05,2822,0.2086613123807251,300,149
0,Nesøy,5,5014,786,786,8M31605,4,Gjerøy,2.6389369962606558e-05,2823,0.2086613123807251,300,156
0,Nesøy,5,5014,1801,1801,8N06862,11,Leka,2.6374405177676304e-05,2824,0.2086613123807251,300,144
0,Nesøy,5,5014,1886,1886,8N13437,2,Træna,2.6356749316273163e-05,2825,0.2086613123807251,300,153
0,Nesøy,5,5014,641,641,8L89665,5,Hestmannøy,2.625720203236579e-05,2826,0.2086613123807251,300,155
0,Nesøy,5,5014,3081,3081,8N73243,14,Lauvøya,2.6038273951500333e-05,2827,0.2086613123807251,300,157
0,Nesøy,5,5014,4934,4934,8816942,4,Gjerøy,2.5944654996829477e-05,2828,0.2086613123807251,300,153
0,Nesøy,5,5014,4424,4424,8681415,5,Hestmannøy,2.5596479024668548e-05,2829,0.2086613123807251,300,149
0,Nesøy,5,5014,4973,4973,8857278,10,Aldra,2.556980304524036e-05,2830,0.2086613123807251,300,161
0,Nesøy,5,5014,1554,1554,8N05702,5,Hestmannøy,2.5563890603705806e-05,2831,0.2086613123807251,300,150
0,Nesøy,5,5014,1666,1666,8N06463,12,Vega,2.539056534848142e-05,2832,0.2086613123807251,300,161
0,Nesøy,5,5014,4618,4618,8747225,5,Hestmannøy,2.528952103324622e-05,2833,0.2086613123807251,300,147
0,Nesøy,5,5014,3000,3000,8N72962,13,Vikna,2.5179379817609283e-05,2834,0.2086613123807251,300,162
0,Nesøy,5,5014,166,166,8L30829,3,Selvær,2.507607333516007e-05,2835,0.2086613123807251,300,156
0,Nesøy,5,5014,5013,5013,8887036,9,Sleneset,2.486323311431486e-05,2836,0.2086613123807251,300,167
0,Nesøy,5,5014,2773,2773,8N42703,6,Indre Kvarøy,2.4809648203698354e-05,2837,0.2086613123807251,300,152
0,Nesøy,5,5014,4988,4988,8857752,6,Indre Kvarøy,2.4718126032801497e-05,2838,0.2086613123807251,300,153
0,Nesøy,5,5014,2877,2877,8N72551,6,Indre Kvarøy,2.46844224910758e-05,2839,0.2086613123807251,300,159
0,Nesøy,5,5014,4283,4283,8651522,6,Indre Kvarøy,2.4515594048321047e-05,2840,0.2086613123807251,300,161
0,Nesøy,5,5014,4060,4060,8P14871,14,Lauvøya,2.445859567371613e-05,2841,0.2086613123807251,300,154
0,Nesøy,5,5014,2387,2387,8N27082,14,Lauvøya,2.4430364171526222e-05,2842,0.2086613123807251,300,159
0,Nesøy,5,5014,3690,3690,8N87865,13,Vikna,2.4364485019765818e-05,2843,0.2086613123807251,300,155
0,Nesøy,5,5014,765,765,8M31516,1,Myken,2.4327804140148376e-05,2844,0.2086613123807251,300,158
0,Nesøy,5,5014,2107,2107,8N14287,14,Lauvøya,2.429264491203631e-05,2845,0.2086613123807251,300,165
0,Nesøy,5,5014,518,518,8L64893,11,Leka,2.4288352334728493e-05,2846,0.2086613123807251,300,147
0,Nesøy,5,5014,4985,4985,8732262,1,Myken,2.4146110714668477e-05,2847,0.2086613123807251,300,158
0,Nesøy,5,5014,68,68,8L26576,6,Indre Kvarøy,2.4127060577864774e-05,2848,0.2086613123807251,300,153
0,Nesøy,5,5014,2964,2964,8N72924,13,Vikna,2.4106543966127953e-05,2849,0.2086613123807251,300,154
0,Nesøy,5,5014,2166,2166,8N14545,11,Leka,2.3920480954938766e-05,2850,0.2086613123807251,300,146
0,Nesøy,5,5014,1973,1973,8N13675,13,Vikna,2.3846784023617457e-05,2851,0.2086613123807251,300,155
0,Nesøy,5,5014,2252,2252,8N14633,13,Vikna,2.3840064775539854e-05,2852,0.2086613123807251,300,156
0,Nesøy,5,5014,325,325,8L52357,11,Leka,2.379801035873801e-05,2853,0.2086613123807251,300,162
0,Nesøy,5,5014,4252,4252,8573515,6,Indre Kvarøy,2.3503467329932143e-05,2854,0.2086613123807251,300,157
0,Nesøy,5,5014,3694,3694,8N87869,13,Vikna,2.346342362548713e-05,2855,0.2086613123807251,300,162
0,Nesøy,5,5014,2493,2493,8N27834,6,Indre Kvarøy,2.3325079596107457e-05,2856,0.2086613123807251,300,155
0,Nesøy,5,5014,5210,5210,8934514,2,Træna,2.322938440216547e-05,2857,0.2086613123807251,300,163
0,Nesøy,5,5014,2954,2954,8N72914,13,Vikna,2.3229159442527704e-05,2858,0.2086613123807251,300,166
0,Nesøy,5,5014,5085,5085,8887475,4,Gjerøy,2.3226561528722345e-05,2859,0.2086613123807251,300,156
0,Nesøy,5,5014,2061,2061,8N14014,7,Onøy og Lurøy,2.3103889320212157e-05,2860,0.2086613123807251,300,156
0,Nesøy,5,5014,2994,2994,8N72956,13,Vikna,2.294810119413899e-05,2861,0.2086613123807251,300,160
0,Nesøy,5,5014,1031,1031,8M71750,7,Onøy og Lurøy,2.2903621614052327e-05,2862,0.2086613123807251,300,162
0,Nesøy,5,5014,5227,5227,8934854,4,Gjerøy,2.283215123772781e-05,2863,0.2086613123807251,300,161
0,Nesøy,5,5014,2117,2117,8N14297,14,Lauvøya,2.27333864850765e-05,2864,0.2086613123807251,300,166
0,Nesøy,5,5014,1391,1391,8N05269,13,Vikna,2.266091802277778e-05,2865,0.2086613123807251,300,157
0,Nesøy,5,5014,3451,3451,8N87072,5,Hestmannøy,2.2573229283656154e-05,2866,0.2086613123807251,300,154
0,Nesøy,5,5014,276,276,8L49991,6,Indre Kvarøy,2.2454614625048304e-05,2867,0.2086613123807251,300,158
0,Nesøy,5,5014,3695,3695,8N87870,13,Vikna,2.2447662916056965e-05,2868,0.2086613123807251,300,157
0,Nesøy,5,5014,4359,4359,8681063,9,Sleneset,2.239685069197036e-05,2869,0.2086613123807251,300,149
0,Nesøy,5,5014,2223,2223,8N14604,13,Vikna,2.238454475174023e-05,2870,0.2086613123807251,300,148
0,Nesøy,5,5014,3522,3522,8N87535,11,Leka,2.237931264537421e-05,2871,0.2086613123807251,300,156
0,Nesøy,5,5014,208,208,8L48451,5,Hestmannøy,2.217856783632383e-05,2872,0.2086613123807251,300,157
0,Nesøy,5,5014,2014,2014,8N13861,14,Lauvøya,2.2108873282604293e-05,2873,0.2086613123807251,300,151
0,Nesøy,5,5014,1360,1360,8N05237,13,Vikna,2.2050252639717934e-05,2874,0.2086613123807251,300,144
0,Nesøy,5,5014,2652,2652,8N28813,5,Hestmannøy,2.2004523830430927e-05,2875,0.2086613123807251,300,173
0,Nesøy,5,5014,3615,3615,8N87707,6,Indre Kvarøy,2.1988629972492768e-05,2876,0.2086613123807251,300,157
0,Nesøy,5,5014,3977,3977,8N14341,14,Lauvøya,2.1951813293125344e-05,2877,0.2086613123807251,300,161
0,Nesøy,5,5014,2345,2345,8N14959,5,Hestmannøy,2.191646373432215e-05,2878,0.2086613123807251,300,161
0,Nesøy,5,5014,2538,2538,8N28024,9,Sleneset,2.1773939602837975e-05,2879,0.2086613123807251,300,147
0,Nesøy,5,5014,2622,2622,8N28737,2,Træna,2.1694580997284384e-05,2880,0.2086613123807251,300,154
0,Nesøy,5,5014,5321,5321,8939544,3,Selvær,2.1621241050435185e-05,2881,0.2086613123807251,300,164
0,Nesøy,5,5014,1369,1369,8N05247,13,Vikna,2.1558013819454684e-05,2882,0.2086613123807251,300,163
0,Nesøy,5,5014,1668,1668,8N06466,12,Vega,2.1539473296324812e-05,2883,0.2086613123807251,300,168
0,Nesøy,5,5014,1779,1779,8N06840,11,Leka,2.149727909789417e-05,2884,0.2086613123807251,300,154
0,Nesøy,5,5014,4431,4431,8681472,3,Selvær,2.1487639133945478e-05,2885,0.2086613123807251,300,163
0,Nesøy,5,5014,1523,1523,8N05360,14,Lauvøya,2.1446925567592134e-05,2886,0.2086613123807251,300,158
0,Nesøy,5,5014,2126,2126,8N14351,14,Lauvøya,2.10884547414578e-05,2887,0.2086613123807251,300,157
0,Nesøy,5,5014,1659,1659,8N06398,10,Aldra,2.0911038047952755e-05,2888,0.2086613123807251,300,153
0,Nesøy,5,5014,2322,2322,8N14901,5,Hestmannøy,2.0907499096026424e-05,2889,0.2086613123807251,300,155
0,Nesøy,5,5014,968,968,8M71361,12,Vega,2.087106695706389e-05,2890,0.2086613123807251,300,161
0,Nesøy,5,5014,4087,4087,8P14965,14,Lauvøya,2.081599234912839e-05,2891,0.2086613123807251,300,147
0,Nesøy,5,5014,3017,3017,8N73083,6,Indre Kvarøy,2.0554543308085404e-05,2892,0.2086613123807251,300,162
0,Nesøy,5,5014,3767,3767,8N87944,13,Vikna,2.050511018985658e-05,2893,0.2086613123807251,300,155
0,Nesøy,5,5014,2287,2287,8N14670,13,Vikna,2.03967031197313e-05,2894,0.2086613123807251,300,162
0,Nesøy,5,5014,2278,2278,8N14661,13,Vikna,2.032463791944659e-05,2895,0.2086613123807251,300,162
0,Nesøy,5,5014,1412,1412,8N05291,13,Vikna,2.0179615381526902e-05,2896,0.2086613123807251,300,159
0,Nesøy,5,5014,3697,3697,8N87873,13,Vikna,2.0167394082341882e-05,2897,0.2086613123807251,300,141
0,Nesøy,5,5014,908,908,8M71206,5,Hestmannøy,2.0152968796324196e-05,2898,0.2086613123807251,300,146
0,Nesøy,5,5014,1032,1032,8M71765,3,Selvær,1.9887711302439652e-05,2899,0.2086613123807251,300,159
0,Nesøy,5,5014,4425,4425,8681436,6,Indre Kvarøy,1.9865650576523674e-05,2900,0.2086613123807251,300,155
0,Nesøy,5,5014,1902,1902,8N13603,14,Lauvøya,1.9763183707091684e-05,2901,0.2086613123807251,300,160
0,Nesøy,5,5014,281,281,8L52206,8,Lovund,1.9694598176425607e-05,2902,0.2086613123807251,300,158
0,Nesøy,5,5014,1861,1861,8N13113,14,Lauvøya,1.9523762011682824e-05,2903,0.2086613123807251,300,161
0,Nesøy,5,5014,4291,4291,8651665,6,Indre Kvarøy,1.9500172260036225e-05,2904,0.2086613123807251,300,158
0,Nesøy,5,5014,740,740,8M31352,5,Hestmannøy,1.934521147247027e-05,2905,0.2086613123807251,300,165
0,Nesøy,5,5014,3735,3735,8N87911,13,Vikna,1.9230934763995328e-05,2906,0.2086613123807251,300,166
0,Nesøy,5,5014,2080,2080,8N14113,5,Hestmannøy,1.9209984361440645e-05,2907,0.2086613123807251,300,150
0,Nesøy,5,5014,3666,3666,8N87839,14,Lauvøya,1.9192007495732427e-05,2908,0.2086613123807251,300,147
0,Nesøy,5,5014,975,975,8L64113,12,Vega,1.887035932882217e-05,2909,0.2086613123807251,300,166
0,Nesøy,5,5014,3440,3440,8N87056,5,Hestmannøy,1.8695971828279495e-05,2910,0.2086613123807251,300,158
0,Nesøy,5,5014,4076,4076,8P14948,14,Lauvøya,1.860146650073331e-05,2911,0.2086613123807251,300,152
0,Nesøy,5,5014,619,619,8L89548,12,Vega,1.8319168312174984e-05,2912,0.2086613123807251,300,148
0,Nesøy,5,5014,1851,1851,8N06999,6,Indre Kvarøy,1.8280413205115243e-05,2913,0.2086613123807251,300,157
0,Nesøy,5,5014,1011,1011,8M71507,10,Aldra,1.8250658382911293e-05,2914,0.2086613123807251,300,155
0,Nesøy,5,5014,4003,4003,8P14632,2,Træna,1.8155629939654884e-05,2915,0.2086613123807251,300,173
0,Nesøy,5,5014,92,92,8L30289,5,Hestmannøy,1.808001477162654e-05,2916,0.2086613123807251,300,157
0,Nesøy,5,5014,4085,4085,8P14963,14,Lauvøya,1.8021786195137844e-05,2917,0.2086613123807251,300,159
0,Nesøy,5,5014,3788,3788,8N87965,13,Vikna,1.7925352957228273e-05,2918,0.2086613123807251,300,163
0,Nesøy,5,5014,5277,5277,8939199,5,Hestmannøy,1.78960883149305e-05,2919,0.2086613123807251,300,159
0,Nesøy,5,5014,3665,3665,8N87838,14,Lauvøya,1.757796489124273e-05,2920,0.2086613123807251,300,158
0,Nesøy,5,5014,1201,1201,8M72954,4,Gjerøy,1.7390139512851542e-05,2921,0.2086613123807251,300,156
0,Nesøy,5,5014,4937,4937,8816948,4,Gjerøy,1.738680986548995e-05,2922,0.2086613123807251,300,160
0,Nesøy,5,5014,2546,2546,8N28086,2,Træna,1.7384113555157493e-05,2923,0.2086613123807251,300,152
0,Nesøy,5,5014,2411,2411,8N27140,7,Onøy og Lurøy,1.7261721533566706e-05,2924,0.2086613123807251,300,163
0,Nesøy,5,5014,2357,2357,8N14974,7,Onøy og Lurøy,1.7192760257677312e-05,2925,0.2086613123807251,300,158
0,Nesøy,5,5014,4591,4591,8732700,4,Gjerøy,1.7186749303114244e-05,2926,0.2086613123807251,300,154
0,Nesøy,5,5014,1004,1004,8M71494,13,Vikna,1.7164589263917016e-05,2927,0.2086613123807251,300,154
0,Nesøy,5,5014,2756,2756,8N42548,5,Hestmannøy,1.711199861140701e-05,2928,0.2086613123807251,300,150
0,Nesøy,5,5014,715,715,8M31269,8,Lovund,1.7046006963265155e-05,2929,0.2086613123807251,300,159
0,Nesøy,5,5014,799,799,8M31713,5,Hestmannøy,1.6810772729690686e-05,2930,0.2086613123807251,300,152
0,Nesøy,5,5014,5309,5309,8939431,4,Gjerøy,1.6630597098358006e-05,2931,0.2086613123807251,300,151
0,Nesøy,5,5014,1834,1834,8N06898,11,Leka,1.6433809190145022e-05,2932,0.2086613123807251,300,148
0,Nesøy,5,5014,1780,1780,8N06841,11,Leka,1.6408306608318334e-05,2933,0.2086613123807251,300,150
0,Nesøy,5,5014,1983,1983,8N13685,13,Vikna,1.623514350794575e-05,2934,0.2086613123807251,300,159
0,Nesøy,5,5014,73,73,8L26586,5,Hestmannøy,1.6221907678406554e-05,2935,0.2086613123807251,300,169
0,Nesøy,5,5014,3347,3347,8N73913,11,Leka,1.6178601374151536e-05,2936,0.2086613123807251,300,169
0,Nesøy,5,5014,4942,4942,8816956,4,Gjerøy,1.5831007137344506e-05,2937,0.2086613123807251,300,156
0,Nesøy,5,5014,3101,3101,8N73311,14,Lauvøya,1.582936364233438e-05,2938,0.2086613123807251,300,163
0,Nesøy,5,5014,3685,3685,8N87860,14,Lauvøya,1.5540402221023256e-05,2939,0.2086613123807251,300,153
0,Nesøy,5,5014,3391,3391,8N73957,12,Vega,1.5525596762373757e-05,2940,0.2086613123807251,300,153
0,Nesøy,5,5014,704,704,8M31212,11,Leka,1.5493641696978424e-05,2941,0.2086613123807251,300,157
0,Nesøy,5,5014,452,452,8L64169,3,Selvær,1.5433828406647373e-05,2942,0.2086613123807251,300,146
0,Nesøy,5,5014,1923,1923,8N13622,14,Lauvøya,1.5217710172430018e-05,2943,0.2086613123807251,300,154
0,Nesøy,5,5014,2253,2253,8N14634,13,Vikna,1.5155006342577242e-05,2944,0.2086613123807251,300,152
0,Nesøy,5,5014,4040,4040,8P14851,14,Lauvøya,1.5123015002356244e-05,2945,0.2086613123807251,300,159
0,Nesøy,5,5014,1752,1752,8N06781,4,Gjerøy,1.5063946469774023e-05,2946,0.2086613123807251,300,169
0,Nesøy,5,5014,120,120,8L30598,5,Hestmannøy,1.4991557395151058e-05,2947,0.2086613123807251,300,147
0,Nesøy,5,5014,4439,4439,8681500,2,Træna,1.4914917773222105e-05,2948,0.2086613123807251,300,148
0,Nesøy,5,5014,4210,4210,8309156,6,Indre Kvarøy,1.4789942931557344e-05,2949,0.2086613123807251,300,149
0,Nesøy,5,5014,5446,5446,8981024,5,Hestmannøy,1.4754502250687313e-05,2950,0.2086613123807251,300,167
0,Nesøy,5,5014,2965,2965,8N72926,13,Vikna,1.4697740528935171e-05,2951,0.2086613123807251,300,147
0,Nesøy,5,5014,1279,1279,8N05156,12,Vega,1.4599129048739794e-05,2952,0.2086613123807251,300,164
0,Nesøy,5,5014,4100,4100,8P14980,14,Lauvøya,1.4584165891185962e-05,2953,0.2086613123807251,300,153
0,Nesøy,5,5014,454,454,8L64173,6,Indre Kvarøy,1.4524390357622252e-05,2954,0.2086613123807251,300,153
0,Nesøy,5,5014,219,219,8L48476,4,Gjerøy,1.434607454008048e-05,2955,0.2086613123807251,300,159
0,Nesøy,5,5014,2290,2290,8N14673,13,Vikna,1.4307668315005513e-05,2956,0.2086613123807251,300,156
0,Nesøy,5,5014,2540,2540,8N28030,7,Onøy og Lurøy,1.4293829591879176e-05,2957,0.2086613123807251,300,145
0,Nesøy,5,5014,1414,1414,8N05293,13,Vikna,1.4069934587629653e-05,2958,0.2086613123807251,300,158
0,Nesøy,5,5014,4808,4808,8800090,6,Indre Kvarøy,1.40197246548585e-05,2959,0.2086613123807251,300,157
0,Nesøy,5,5014,3160,3160,8N73470,11,Leka,1.3885237955867892e-05,2960,0.2086613123807251,300,159
0,Nesøy,5,5014,3422,3422,8N73988,12,Vega,1.387925043927623e-05,2961,0.2086613123807251,300,157
0,Nesøy,5,5014,194,194,8L48336,5,Hestmannøy,1.3678461826490678e-05,2962,0.2086613123807251,300,163
0,Nesøy,5,5014,2809,2809,8N42942,6,Indre Kvarøy,1.3663518828419295e-05,2963,0.2086613123807251,300,151
0,Nesøy,5,5014,3588,3588,8N87605,14,Lauvøya,1.3650203023923578e-05,2964,0.2086613123807251,300,144
0,Nesøy,5,5014,4850,4850,8800368,1,Myken,1.3544381932281821e-05,2965,0.2086613123807251,300,156
0,Nesøy,5,5014,407,407,8L57701,3,Selvær,1.343949495334537e-05,2966,0.2086613123807251,300,153
0,Nesøy,5,5014,2265,2265,8N14648,13,Vikna,1.3385053913283502e-05,2967,0.2086613123807251,300,162
0,Nesøy,5,5014,1416,1416,8N05295,13,Vikna,1.3368414700115098e-05,2968,0.2086613123807251,300,152
0,Nesøy,5,5014,871,871,8M71060,5,Hestmannøy,1.3248709906640513e-05,2969,0.2086613123807251,300,152
0,Nesøy,5,5014,5533,5533,8981725,7,Onøy og Lurøy,1.3215865489273094e-05,2970,0.2086613123807251,300,154
0,Nesøy,5,5014,5380,5380,8943064,6,Indre Kvarøy,1.3167958527380347e-05,2971,0.2086613123807251,300,153
0,Nesøy,5,5014,5134,5134,8934062,5,Hestmannøy,1.2909946423712015e-05,2972,0.2086613123807251,300,165
0,Nesøy,5,5014,1675,1675,8N06472,12,Vega,1.2776393016387178e-05,2973,0.2086613123807251,300,164
0,Nesøy,5,5014,297,297,8L52284,2,Træna,1.2712789121197214e-05,2974,0.2086613123807251,300,152
0,Nesøy,5,5014,4440,4440,8730413,4,Gjerøy,1.2583921324663711e-05,2975,0.2086613123807251,300,159
0,Nesøy,5,5014,1734,1734,8N06688,14,Lauvøya,1.2555228827168345e-05,2976,0.2086613123807251,300,151
0,Nesøy,5,5014,3406,3406,8N73972,12,Vega,1.252377512048646e-05,2977,0.2086613123807251,300,163
0,Nesøy,5,5014,4696,4696,8747672,9,Sleneset,1.2434289107180497e-05,2978,0.2086613123807251,300,156
0,Nesøy,5,5014,3445,3445,8N87066,5,Hestmannøy,1.2370544137239056e-05,2979,0.2086613123807251,300,141
0,Nesøy,5,5014,1673,1673,8N06470,12,Vega,1.2320324246553587e-05,2980,0.2086613123807251,300,164
0,Nesøy,5,5014,4610,4610,8747145,2,Træna,1.230151469874703e-05,2981,0.2086613123807251,300,153
0,Nesøy,5,5014,4958,4958,8857231,5,Hestmannøy,1.2296052825036558e-05,2982,0.2086613123807251,300,156
0,Nesøy,5,5014,3548,3548,8N87561,11,Leka,1.2132082155363145e-05,2983,0.2086613123807251,300,154
0,Nesøy,5,5014,50,50,8L19951,7,Onøy og Lurøy,1.2016654106324745e-05,2984,0.2086613123807251,300,158
0,Nesøy,5,5014,1723,1723,8N06677,14,Lauvøya,1.1967717838507985e-05,2985,0.2086613123807251,300,150
0,Nesøy,5,5014,2876,2876,8N72544,6,Indre Kvarøy,1.1918572635133042e-05,2986,0.2086613123807251,300,162
0,Nesøy,5,5014,4609,4609,8747144,2,Træna,1.1770420223882278e-05,2987,0.2086613123807251,300,160
0,Nesøy,5,5014,10,10,8L19596,2,Træna,1.146981220677042e-05,2988,0.2086613123807251,300,153
0,Nesøy,5,5014,4765,4765,8747993,8,Lovund,1.1446702191454187e-05,2989,0.2086613123807251,300,159
0,Nesøy,5,5014,1603,1603,8N05870,11,Leka,1.1402134438038225e-05,2990,0.2086613123807251,300,163
0,Nesøy,5,5014,3668,3668,8N87841,14,Lauvøya,1.1315835168301572e-05,2991,0.2086613123807251,300,156
0,Nesøy,5,5014,990,990,8L57980,13,Vikna,1.1152304525830821e-05,2992,0.2086613123807251,300,158
0,Nesøy,5,5014,1508,1508,8N05650,11,Leka,1.1099898002843545e-05,2993,0.2086613123807251,300,158
0,Nesøy,5,5014,2195,2195,8N14576,11,Leka,1.1077732052023488e-05,2994,0.2086613123807251,300,158
0,Nesøy,5,5014,197,197,8L48415,7,Onøy og Lurøy,1.0966722408151707e-05,2995,0.2086613123807251,300,158
0,Nesøy,5,5014,3734,3734,8N87910,13,Vikna,1.0873300867216797e-05,2996,0.2086613123807251,300,151
0,Nesøy,5,5014,3892,3892,8P11574,14,Lauvøya,1.0794091043948905e-05,2997,0.2086613123807251,300,152
0,Nesøy,5,5014,3688,3688,8N87863,14,Lauvøya,1.064692463967471e-05,2998,0.2086613123807251,300,150
0,Nesøy,5,5014,3273,3273,8N73654,13,Vikna,1.0643648709843135e-05,2999,0.2086613123807251,300,161
0,Nesøy,5,5014,5246,5246,8939037,4,Gjerøy,1.0624088621269674e-05,3000,0.2086613123807251,300,146
0,Nesøy,5,5014,1022,1022,8M71585,2,Træna,1.0593288952814651e-05,3001,0.2086613123807251,300,147
0,Nesøy,5,5014,375,375,8L52592,7,Onøy og Lurøy,1.0576458671086626e-05,3002,0.2086613123807251,300,152
0,Nesøy,5,5014,3511,3511,8N87524,11,Leka,1.0527230908236795e-05,3003,0.2086613123807251,300,159
0,Nesøy,5,5014,1903,1903,8N13141,14,Lauvøya,1.0428785311475206e-05,3004,0.2086613123807251,300,142
0,Nesøy,5,5014,2681,2681,8N42061,8,Lovund,1.0399732855866488e-05,3005,0.2086613123807251,300,160
0,Nesøy,5,5014,1348,1348,8N05225,12,Vega,1.035096457230614e-05,3006,0.2086613123807251,300,161
0,Nesøy,5,5014,4484,4484,8730564,3,Selvær,1.029464628588204e-05,3007,0.2086613123807251,300,152
0,Nesøy,5,5014,2491,2491,8N27825,6,Indre Kvarøy,1.0261912143298707e-05,3008,0.2086613123807251,300,153
0,Nesøy,5,5014,5497,5497,8981290,5,Hestmannøy,1.0178295514690653e-05,3009,0.2086613123807251,300,161
0,Nesøy,5,5014,2892,2892,8N72664,5,Hestmannøy,1.0174448955199048e-05,3010,0.2086613123807251,300,155
0,Nesøy,5,5014,1327,1327,8N05204,12,Vega,1.017244582052427e-05,3011,0.2086613123807251,300,166
0,Nesøy,5,5014,1470,1470,8N05605,14,Lauvøya,9.975564567480273e-06,3012,0.2086613123807251,300,153
0,Nesøy,5,5014,3941,3941,8P14060,4,Gjerøy,9.94592731896384e-06,3013,0.2086613123807251,300,147
0,Nesøy,5,5014,2706,2706,8N42264,6,Indre Kvarøy,9.820674456836701e-06,3014,0.2086613123807251,300,151
0,Nesøy,5,5014,4972,4972,8857277,10,Aldra,9.809488588684177e-06,3015,0.2086613123807251,300,157
0,Nesøy,5,5014,2726,2726,8N42497,14,Lauvøya,9.767578219470662e-06,3016,0.2086613123807251,300,152
0,Nesøy,5,5014,1552,1552,8N05694,14,Lauvøya,9.704518145362337e-06,3017,0.2086613123807251,300,154
0,Nesøy,5,5014,4143,4143,8P26560,8,Lovund,9.42615476613792e-06,3018,0.2086613123807251,300,155
0,Nesøy,5,5014,2807,2807,8N42928,5,Hestmannøy,9.354525009206837e-06,3019,0.2086613123807251,300,158
0,Nesøy,5,5014,2580,2580,8N28406,8,Lovund,9.170433177900026e-06,3020,0.2086613123807251,300,165
0,Nesøy,5,5014,1049,1049,8M72014,3,Selvær,9.11961080894036e-06,3021,0.2086613123807251,300,151
0,Nesøy,5,5014,939,939,8M71302,6,Indre Kvarøy,8.858930593977127e-06,3022,0.2086613123807251,300,149
0,Nesøy,5,5014,2673,2673,8N28915,2,Træna,8.853480481798516e-06,3023,0.2086613123807251,300,156
0,Nesøy,5,5014,3837,3837,8P11518,14,Lauvøya,8.735430098965264e-06,3024,0.2086613123807251,300,158
0,Nesøy,5,5014,1699,1699,8N06496,12,Vega,8.691993660630025e-06,3025,0.2086613123807251,300,147
0,Nesøy,5,5014,5504,5504,8981336,11,Leka,8.68681847191159e-06,3026,0.2086613123807251,300,167
0,Nesøy,5,5014,3359,3359,8N73925,11,Leka,8.618976834906823e-06,3027,0.2086613123807251,300,155
0,Nesøy,5,5014,837,837,8M31863,6,Indre Kvarøy,8.597032187400573e-06,3028,0.2086613123807251,300,155
0,Nesøy,5,5014,3180,3180,8N73491,12,Vega,8.540503701444422e-06,3029,0.2086613123807251,300,160
0,Nesøy,5,5014,3854,3854,8P11535,14,Lauvøya,8.397246927127065e-06,3030,0.2086613123807251,300,153
0,Nesøy,5,5014,884,884,8M71097,5,Hestmannøy,8.192635153731507e-06,3031,0.2086613123807251,300,157
0,Nesøy,5,5014,4951,4951,8857205,5,Hestmannøy,8.137410765586252e-06,3032,0.2086613123807251,300,164
0,Nesøy,5,5014,3800,3800,8N87977,13,Vikna,7.92504517640145e-06,3033,0.2086613123807251,300,174
0,Nesøy,5,5014,5307,5307,8939395,12,Vega,7.897484698427947e-06,3034,0.2086613123807251,300,161
0,Nesøy,5,5014,2722,2722,8N42451,14,Lauvøya,7.76918490393628e-06,3035,0.2086613123807251,300,157
0,Nesøy,5,5014,896,896,8L64600,12,Vega,7.679807790616573e-06,3036,0.2086613123807251,300,156
0,Nesøy,5,5014,3631,3631,8N87804,14,Lauvøya,7.5727491999457925e-06,3037,0.2086613123807251,300,159
0,Nesøy,5,5014,840,840,8M31872,5,Hestmannøy,7.5487780300124e-06,3038,0.2086613123807251,300,177
0,Nesøy,5,5014,1934,1934,8N13633,14,Lauvøya,7.135999206162927e-06,3039,0.2086613123807251,300,152
0,Nesøy,5,5014,4581,4581,8732680,4,Gjerøy,7.057581315915336e-06,3040,0.2086613123807251,300,144
0,Nesøy,5,5014,4081,4081,8P14959,14,Lauvøya,7.021637084321291e-06,3041,0.2086613123807251,300,159
0,Nesøy,5,5014,2294,2294,8N14677,13,Vikna,6.963745585923829e-06,3042,0.2086613123807251,300,156
0,Nesøy,5,5014,1174,1174,8M72818,5,Hestmannøy,6.875686499591471e-06,3043,0.2086613123807251,300,160
0,Nesøy,5,5014,3424,3424,8N73990,12,Vega,6.3578840494048155e-06,3044,0.2086613123807251,300,157
0,Nesøy,5,5014,1072,1072,8M72272,2,Træna,6.27449636644103e-06,3045,0.2086613123807251,300,147
0,Nesøy,5,5014,5193,5193,8934405,8,Lovund,6.252405009530953e-06,3046,0.2086613123807251,300,150
0,Nesøy,5,5014,4701,4701,8747701,8,Lovund,6.247307165778797e-06,3047,0.2086613123807251,300,151
0,Nesøy,5,5014,4684,4684,8747599,8,Lovund,6.230911917581853e-06,3048,0.2086613123807251,300,158
0,Nesøy,5,5014,5327,5327,8939602,5,Hestmannøy,6.205930791145737e-06,3049,0.2086613123807251,300,148
0,Nesøy,5,5014,5241,5241,8939020,12,Vega,6.00286269530606e-06,3050,0.2086613123807251,300,156
0,Nesøy,5,5014,5172,5172,8934329,5,Hestmannøy,5.705353859485513e-06,3051,0.2086613123807251,300,166
0,Nesøy,5,5014,458,458,8M71362,12,Vega,5.688900285101517e-06,3052,0.2086613123807251,300,163
0,Nesøy,5,5014,1862,1862,8N05699,14,Lauvøya,5.481757222738052e-06,3053,0.2086613123807251,300,153
0,Nesøy,5,5014,1737,1737,8N06691,14,Lauvøya,5.455343788829927e-06,3054,0.2086613123807251,300,152
0,Nesøy,5,5014,3826,3826,8P11325,4,Gjerøy,5.224920337027979e-06,3055,0.2086613123807251,300,147
0,Nesøy,5,5014,150,150,8L30768,12,Vega,5.187079713034068e-06,3056,0.2086613123807251,300,168
0,Nesøy,5,5014,3872,3872,8P11554,14,Lauvøya,4.989956755004867e-06,3057,0.2086613123807251,300,159
0,Nesøy,5,5014,2520,2520,8N27927,5,Hestmannøy,4.720831423203945e-06,3058,0.2086613123807251,300,151
0,Nesøy,5,5014,2888,2888,8N72642,2,Træna,4.695448007782942e-06,3059,0.2086613123807251,300,142
0,Nesøy,5,5014,2861,2861,8N72447,2,Træna,4.623282492292132e-06,3060,0.2086613123807251,300,156
0,Nesøy,5,5014,1567,1567,8N05715,6,Indre Kvarøy,4.468880228133371e-06,3061,0.2086613123807251,300,142
0,Nesøy,5,5014,3283,3283,8N73664,13,Vikna,4.404491421879218e-06,3062,0.2086613123807251,300,147
0,Nesøy,5,5014,5149,5149,8934225,4,Gjerøy,4.3581382214905366e-06,3063,0.2086613123807251,300,152
0,Nesøy,5,5014,5098,5098,8904643,7,Onøy og Lurøy,4.342968771884507e-06,3064,0.2086613123807251,300,162
0,Nesøy,5,5014,434,434,8M71460,13,Vikna,4.185332334784111e-06,3065,0.2086613123807251,300,152
0,Nesøy,5,5014,1645,1645,8N06292,2,Træna,4.092089724374678e-06,3066,0.2086613123807251,300,151
0,Nesøy,5,5014,3066,3066,8N73228,12,Vega,4.063581294836726e-06,3067,0.2086613123807251,300,170
0,Nesøy,5,5014,5154,5154,8934241,9,Sleneset,4.056621646111339e-06,3068,0.2086613123807251,300,150
0,Nesøy,5,5014,2049,2049,8N14001,6,Indre Kvarøy,3.971447164286034e-06,3069,0.2086613123807251,300,159
0,Nesøy,5,5014,5044,5044,8887305,7,Onøy og Lurøy,3.931861845143092e-06,3070,0.2086613123807251,300,163
0,Nesøy,5,5014,3114,3114,8N73406,4,Gjerøy,3.890935179032564e-06,3071,0.2086613123807251,300,164
0,Nesøy,5,5014,3797,3797,8N87974,13,Vikna,3.8846603476137335e-06,3072,0.2086613123807251,300,151
0,Nesøy,5,5014,3340,3340,8N73906,11,Leka,3.807145292071067e-06,3073,0.2086613123807251,300,147
0,Nesøy,5,5014,5319,5319,8939539,5,Hestmannøy,3.7896757238559785e-06,3074,0.2086613123807251,300,146
0,Nesøy,5,5014,1846,1846,8N06943,4,Gjerøy,3.7533240260568874e-06,3075,0.2086613123807251,300,156
0,Nesøy,5,5014,1126,1126,8M72600,12,Vega,3.560494568269716e-06,3076,0.2086613123807251,300,157
0,Nesøy,5,5014,5054,5054,8887346,5,Hestmannøy,3.461522362779114e-06,3077,0.2086613123807251,300,149
0,Nesøy,5,5014,3513,3513,8N87526,11,Leka,3.266916329300917e-06,3078,0.2086613123807251,300,165
0,Nesøy,5,5014,3651,3651,8N87824,14,Lauvøya,3.1564713982889102e-06,3079,0.2086613123807251,300,155
0,Nesøy,5,5014,2987,2987,8N72948,13,Vikna,3.1413068264588745e-06,3080,0.2086613123807251,300,153
0,Nesøy,5,5014,4278,4278,8598887,4,Gjerøy,3.0623420199681514e-06,3081,0.2086613123807251,300,161
0,Nesøy,5,5014,3516,3516,8N87529,11,Leka,3.0215629352652843e-06,3082,0.2086613123807251,300,160
0,Nesøy,5,5014,5340,5340,8939733,5,Hestmannøy,2.9033065210547705e-06,3083,0.2086613123807251,300,149
0,Nesøy,5,5014,1671,1671,8N06469,12,Vega,2.8956261025568097e-06,3084,0.2086613123807251,300,157
0,Nesøy,5,5014,4364,4364,8681070,9,Sleneset,2.5635661834226696e-06,3085,0.2086613123807251,300,149
0,Nesøy,5,5014,302,302,8L52313,12,Vega,2.3458244164835983e-06,3086,0.2086613123807251,300,155
0,Nesøy,5,5014,4633,4633,8747281,3,Selvær,2.3060395436617123e-06,3087,0.2086613123807251,300,159
0,Nesøy,5,5014,3054,3054,8N73216,12,Vega,2.3008828526968895e-06,3088,0.2086613123807251,300,151
0,Nesøy,5,5014,850,850,8M31925,5,Hestmannøy,2.1329161586038882e-06,3089,0.2086613123807251,300,160
0,Nesøy,5,5014,634,634,8L89644,6,Indre Kvarøy,2.0834957219558247e-06,3090,0.2086613123807251,300,168
0,Nesøy,5,5014,1445,1445,8N05460,5,Hestmannøy,2.0765054466764007e-06,3091,0.2086613123807251,300,154
0,Nesøy,5,5014,5518,5518,8981601,10,Aldra,2.003791150080067e-06,3092,0.2086613123807251,300,150
0,Nesøy,5,5014,3270,3270,8N73651,13,Vikna,1.962306362579069e-06,3093,0.2086613123807251,300,156
0,Nesøy,5,5014,382,382,8L52623,1,Myken,1.8594564133174416e-06,3094,0.2086613123807251,300,158
0,Nesøy,5,5014,3862,3862,8P11544,14,Lauvøya,1.7371928685805816e-06,3095,0.2086613123807251,300,151
0,Nesøy,5,5014,4241,4241,8414527,2,Træna,1.6998513454651454e-06,3096,0.2086613123807251,300,155
0,Nesøy,5,5014,183,183,8L48304,5,Hestmannøy,1.6808858438372242e-06,3097,0.2086613123807251,300,157
0,Nesøy,5,5014,4271,4271,8598591,1,Myken,1.5970525748494525e-06,3098,0.2086613123807251,300,157
0,Nesøy,5,5014,3703,3703,8N87879,13,Vikna,1.5597072348464356e-06,3099,0.2086613123807251,300,161
0,Nesøy,5,5014,4773,4773,8794325,9,Sleneset,1.5477196714619575e-06,3100,0.2086613123807251,300,159
0,Nesøy,5,5014,3086,3086,8N73249,14,Lauvøya,1.5306170573427599e-06,3101,0.2086613123807251,300,156
0,Nesøy,5,5014,4539,4539,8732541,8,Lovund,1.3484011205903906e-06,3102,0.2086613123807251,300,150
0,Nesøy,5,5014,2887,2887,8N72639,2,Træna,1.3392538300576258e-06,3103,0.2086613123807251,300,158
0,Nesøy,5,5014,2306,2306,8N14689,13,Vikna,1.3238231170588887e-06,3104,0.2086613123807251,300,142
0,Nesøy,5,5014,2811,2811,8N42970,5,Hestmannøy,1.315085540884955e-06,3105,0.2086613123807251,300,155
0,Nesøy,5,5014,1628,1628,8N05933,2,Træna,1.1645483662157377e-06,3106,0.2086613123807251,300,152
0,Nesøy,5,5014,4690,4690,8730959,3,Selvær,1.0978381534021587e-06,3107,0.2086613123807251,300,152
0,Nesøy,5,5014,2621,2621,8N28714,9,Sleneset,9.198369221478202e-07,3108,0.2086613123807251,300,161
0,Nesøy,5,5014,5260,5260,8939121,4,Gjerøy,7.993676349418165e-07,3109,0.2086613123807251,300,151
0,Nesøy,5,5014,4213,4213,8309165,10,Aldra,7.813883910477257e-07,3110,0.2086613123807251,300,171
0,Nesøy,5,5014,2154,2154,8N14533,11,Leka,7.773240459217428e-07,3111,0.2086613123807251,300,165
0,Nesøy,5,5014,1783,1783,8N06844,11,Leka,6.605182976779927e-07,3112,0.2086613123807251,300,153
0,Nesøy,5,5014,3564,3564,8N87577,11,Leka,6.16550305009637e-07,3113,0.2086613123807251,300,159
0,Nesøy,5,5014,2176,2176,8N14556,11,Leka,6.009056400382803e-07,3114,0.2086613123807251,300,148
0,Nesøy,5,5014,1500,1500,8N05642,14,Lauvøya,5.201235213715626e-07,3115,0.2086613123807251,300,159
0,Nesøy,5,5014,4206,4206,8309141,5,Hestmannøy,3.7855226202158056e-07,3116,0.2086613123807251,300,152
0,Nesøy,5,5014,3417,3417,8N73983,12,Vega,3.402532581766498e-07,3117,0.2086613123807251,300,150
0,Nesøy,5,5014,3344,3344,8N73910,11,Leka,2.9894300951782085e-07,3118,0.2086613123807251,300,154
0,Nesøy,5,5014,2699,2699,8N42214,9,Sleneset,2.6836166305860203e-07,3119,0.2086613123807251,300,158
0,Nesøy,5,5014,4358,4358,8681062,9,Sleneset,2.0921032633031937e-07,3120,0.2086613123807251,300,156
0,Nesøy,5,5014,460,460,8L64202,4,Gjerøy,2.0135123236923207e-07,3121,0.2086613123807251,300,160
0,Nesøy,5,5014,429,429,8L57950,13,Vikna,1.1585039035140761e-07,3122,0.2086613123807251,300,150
0,Nesøy,5,5014,4523,4523,8732266,1,Myken,8.416172748634719e-08,3123,0.2086613123807251,300,145
0,Nesøy,5,5014,4761,4761,8747958,9,Sleneset,3.2298204026536095e-09,3124,0.2086613123807251,300,156
0,Nesøy,5,5014,1633,1633,8N05957,14,Lauvøya,-1.0513196803715431e-07,3125,0.2086613123807251,300,158
0,Nesøy,5,5014,1453,1453,8N05532,5,Hestmannøy,-1.7500995778930424e-07,3126,0.2086613123807251,300,158
0,Nesøy,5,5014,5418,5418,8943587,2,Træna,-2.2905622432250277e-07,3127,0.2086613123807251,300,165
0,Nesøy,5,5014,3388,3388,8N73954,12,Vega,-3.0061586208701217e-07,3128,0.2086613123807251,300,169
0,Nesøy,5,5014,757,757,8M31480,5,Hestmannøy,-3.7286280227468094e-07,3129,0.2086613123807251,300,155
0,Nesøy,5,5014,4710,4710,8747728,5,Hestmannøy,-4.2776525852334595e-07,3130,0.2086613123807251,300,152
0,Nesøy,5,5014,2821,2821,8N42994,5,Hestmannøy,-4.6888272439746395e-07,3131,0.2086613123807251,300,160
0,Nesøy,5,5014,3318,3318,8N73700,13,Vikna,-5.885526253206371e-07,3132,0.2086613123807251,300,152
0,Nesøy,5,5014,1266,1266,8N05142,12,Vega,-6.911256881800257e-07,3133,0.2086613123807251,300,154
0,Nesøy,5,5014,1864,1864,8N05700,14,Lauvøya,-7.367502197623218e-07,3134,0.2086613123807251,300,158
0,Nesøy,5,5014,1147,1147,8M72675,5,Hestmannøy,-7.638204751813904e-07,3135,0.2086613123807251,300,151
0,Nesøy,5,5014,5561,5561,8981861,4,Gjerøy,-9.281655753266769e-07,3136,0.2086613123807251,300,150
0,Nesøy,5,5014,956,956,8L64441,13,Vikna,-9.61776767574121e-07,3137,0.2086613123807251,300,158
0,Nesøy,5,5014,1539,1539,8N05681,14,Lauvøya,-1.1464651608623733e-06,3138,0.2086613123807251,300,146
0,Nesøy,5,5014,5529,5529,8981715,10,Aldra,-1.1519919394287092e-06,3139,0.2086613123807251,300,159
0,Nesøy,5,5014,4517,4517,8732239,7,Onøy og Lurøy,-1.3175863376694933e-06,3140,0.2086613123807251,300,162
0,Nesøy,5,5014,4844,4844,8800341,7,Onøy og Lurøy,-1.4982778980376705e-06,3141,0.2086613123807251,300,154
0,Nesøy,5,5014,436,436,8M71448,13,Vikna,-1.6082845941498907e-06,3142,0.2086613123807251,300,142
0,Nesøy,5,5014,2426,2426,8N27248,6,Indre Kvarøy,-1.7121533439090012e-06,3143,0.2086613123807251,300,141
0,Nesøy,5,5014,315,315,8L52342,12,Vega,-1.8079706385931635e-06,3144,0.2086613123807251,300,150
0,Nesøy,5,5014,4655,4655,8747497,3,Selvær,-1.9287196863161613e-06,3145,0.2086613123807251,300,138
0,Nesøy,5,5014,2226,2226,8N14607,13,Vikna,-1.950951842565036e-06,3146,0.2086613123807251,300,154
0,Nesøy,5,5014,3220,3220,8N73601,14,Lauvøya,-1.9540618705459682e-06,3147,0.2086613123807251,300,152
0,Nesøy,5,5014,1362,1362,8N05239,13,Vikna,-2.1236717307535017e-06,3148,0.2086613123807251,300,155
0,Nesøy,5,5014,2282,2282,8N14665,13,Vikna,-2.269462412256409e-06,3149,0.2086613123807251,300,167
0,Nesøy,5,5014,3109,3109,8N73358,14,Lauvøya,-2.495488778818943e-06,3150,0.2086613123807251,300,166
0,Nesøy,5,5014,1892,1892,8N13097,14,Lauvøya,-2.501813661730577e-06,3151,0.2086613123807251,300,136
0,Nesøy,5,5014,2515,2515,8N27908,4,Gjerøy,-2.5468954947350794e-06,3152,0.2086613123807251,300,155
0,Nesøy,5,5014,3682,3682,8N87857,14,Lauvøya,-2.770453331742097e-06,3153,0.2086613123807251,300,169
0,Nesøy,5,5014,2145,2145,8N14524,11,Leka,-2.7887729552007414e-06,3154,0.2086613123807251,300,156
0,Nesøy,5,5014,3012,3012,8N73050,4,Gjerøy,-2.9316514234459513e-06,3155,0.2086613123807251,300,170
0,Nesøy,5,5014,2969,2969,8N72930,13,Vikna,-2.9324415703457914e-06,3156,0.2086613123807251,300,152
0,Nesøy,5,5014,1548,1548,8N05690,14,Lauvøya,-2.973052479315824e-06,3157,0.2086613123807251,300,159
0,Nesøy,5,5014,2667,2667,8N28898,14,Lauvøya,-3.156595868184176e-06,3158,0.2086613123807251,300,160
0,Nesøy,5,5014,5160,5160,8934274,7,Onøy og Lurøy,-3.255411408643831e-06,3159,0.2086613123807251,300,152
0,Nesøy,5,5014,4812,4812,8800101,10,Aldra,-3.4031213572032764e-06,3160,0.2086613123807251,300,156
0,Nesøy,5,5014,479,479,8L64372,3,Selvær,-3.471359121204828e-06,3161,0.2086613123807251,300,152
0,Nesøy,5,5014,5105,5105,8917814,3,Selvær,-3.5404868714391905e-06,3162,0.2086613123807251,300,151
0,Nesøy,5,5014,1442,1442,8N05446,6,Indre Kvarøy,-3.740178782172466e-06,3163,0.2086613123807251,300,166
0,Nesøy,5,5014,1447,1447,8N05464,5,Hestmannøy,-3.7979306693677278e-06,3164,0.2086613123807251,300,152
0,Nesøy,5,5014,1591,1591,8N05857,11,Leka,-3.897685058269779e-06,3165,0.2086613123807251,300,169
0,Nesøy,5,5014,4569,4569,8732654,5,Hestmannøy,-3.908224993594868e-06,3166,0.2086613123807251,300,161
0,Nesøy,5,5014,4745,4745,8747868,7,Onøy og Lurøy,-3.98015662438421e-06,3167,0.2086613123807251,300,163
0,Nesøy,5,5014,3639,3639,8N87812,14,Lauvøya,-4.015178851174279e-06,3168,0.2086613123807251,300,162
0,Nesøy,5,5014,1136,1136,8M72633,6,Indre Kvarøy,-4.278420468864191e-06,3169,0.2086613123807251,300,159
0,Nesøy,5,5014,3956,3956,8P14171,5,Hestmannøy,-4.292540592926411e-06,3170,0.2086613123807251,300,153
0,Nesøy,5,5014,1857,1857,8N05698,14,Lauvøya,-4.361118756796913e-06,3171,0.2086613123807251,300,154
0,Nesøy,5,5014,2412,2412,8N27141,7,Onøy og Lurøy,-4.362234998014866e-06,3172,0.2086613123807251,300,150
0,Nesøy,5,5014,1473,1473,8N05608,14,Lauvøya,-4.395039612348373e-06,3173,0.2086613123807251,300,148
0,Nesøy,5,5014,203,203,8L48440,5,Hestmannøy,-4.395544909788149e-06,3174,0.2086613123807251,300,158
0,Nesøy,5,5014,2406,2406,8N27120,7,Onøy og Lurøy,-4.4011256865421785e-06,3175,0.2086613123807251,300,155
0,Nesøy,5,5014,48,48,8L19937,5,Hestmannøy,-4.627551115675611e-06,3176,0.2086613123807251,300,166
0,Nesøy,5,5014,3792,3792,8N87969,13,Vikna,-4.658379184314778e-06,3177,0.2086613123807251,300,162
0,Nesøy,5,5014,2068,2068,8N14031,5,Hestmannøy,-4.93449573926619e-06,3178,0.2086613123807251,300,149
0,Nesøy,5,5014,2377,2377,8N27072,14,Lauvøya,-5.000784318993658e-06,3179,0.2086613123807251,300,158
0,Nesøy,5,5014,3495,3495,8N87369,4,Gjerøy,-5.063941367387225e-06,3180,0.2086613123807251,300,168
0,Nesøy,5,5014,2220,2220,8N14601,13,Vikna,-5.5533527196929265e-06,3181,0.2086613123807251,300,150
0,Nesøy,5,5014,1014,1014,8M71513,1,Myken,-5.61381593042297e-06,3182,0.2086613123807251,300,156
0,Nesøy,5,5014,5459,5459,8981096,11,Leka,-5.654770973419321e-06,3183,0.2086613123807251,300,156
0,Nesøy,5,5014,501,501,8L64812,3,Selvær,-5.730357244150429e-06,3184,0.2086613123807251,300,169
0,Nesøy,5,5014,1181,1181,8M72877,5,Hestmannøy,-5.855260562402191e-06,3185,0.2086613123807251,300,151
0,Nesøy,5,5014,3135,3135,8N73445,11,Leka,-5.877624736936554e-06,3186,0.2086613123807251,300,167
0,Nesøy,5,5014,4451,4451,8730447,1,Myken,-5.899034819847092e-06,3187,0.2086613123807251,300,165
0,Nesøy,5,5014,3338,3338,8N73904,11,Leka,-5.924232537444506e-06,3188,0.2086613123807251,300,155
0,Nesøy,5,5014,1332,1332,8N05209,12,Vega,-6.1217546446788094e-06,3189,0.2086613123807251,300,150
0,Nesøy,5,5014,4963,4963,8857246,5,Hestmannøy,-6.332253387193178e-06,3190,0.2086613123807251,300,164
0,Nesøy,5,5014,1078,1078,8M72319,7,Onøy og Lurøy,-6.3677606921062946e-06,3191,0.2086613123807251,300,154
0,Nesøy,5,5014,3756,3756,8N87933,13,Vikna,-6.421627295921099e-06,3192,0.2086613123807251,300,163
0,Nesøy,5,5014,426,426,8L57916,2,Træna,-6.571117272764877e-06,3193,0.2086613123807251,300,155
0,Nesøy,5,5014,3304,3304,8N73685,13,Vikna,-6.751226461904317e-06,3194,0.2086613123807251,300,150
0,Nesøy,5,5014,2074,2074,8N14064,6,Indre Kvarøy,-6.761933765231864e-06,3195,0.2086613123807251,300,150
0,Nesøy,5,5014,1519,1519,8N05661,13,Vikna,-6.929969379564982e-06,3196,0.2086613123807251,300,166
0,Nesøy,5,5014,5048,5048,8887316,6,Indre Kvarøy,-7.066660914803755e-06,3197,0.2086613123807251,300,154
0,Nesøy,5,5014,5508,5508,8981354,11,Leka,-7.097707782321541e-06,3198,0.2086613123807251,300,155
0,Nesøy,5,5014,4697,4697,8747675,9,Sleneset,-7.230883989277403e-06,3199,0.2086613123807251,300,150
0,Nesøy,5,5014,1373,1373,8N05251,13,Vikna,-7.247631054793613e-06,3200,0.2086613123807251,300,155
0,Nesøy,5,5014,2974,2974,8N72935,13,Vikna,-7.259798309034484e-06,3201,0.2086613123807251,300,162
0,Nesøy,5,5014,538,538,8L89197,12,Vega,-7.31090830135074e-06,3202,0.2086613123807251,300,156
0,Nesøy,5,5014,5070,5070,8887414,5,Hestmannøy,-7.3493299400464325e-06,3203,0.2086613123807251,300,148
0,Nesøy,5,5014,5304,5304,8939383,7,Onøy og Lurøy,-7.372771021884082e-06,3204,0.2086613123807251,300,155
0,Nesøy,5,5014,5396,5396,8943164,3,Selvær,-7.442356400307534e-06,3205,0.2086613123807251,300,159
0,Nesøy,5,5014,3677,3677,8N87852,14,Lauvøya,-7.476621632918751e-06,3206,0.2086613123807251,300,157
0,Nesøy,5,5014,4129,4129,8P26412,5,Hestmannøy,-7.576047634225963e-06,3207,0.2086613123807251,300,161
0,Nesøy,5,5014,3102,3102,8N73312,14,Lauvøya,-7.636342913442382e-06,3208,0.2086613123807251,300,158
0,Nesøy,5,5014,1894,1894,8N13526,2,Træna,-7.668672995528399e-06,3209,0.2086613123807251,300,158
0,Nesøy,5,5014,1364,1364,8N05241,13,Vikna,-7.705351995186194e-06,3210,0.2086613123807251,300,158
0,Nesøy,5,5014,3764,3764,8N87941,13,Vikna,-7.741619688397551e-06,3211,0.2086613123807251,300,160
0,Nesøy,5,5014,2240,2240,8N14621,13,Vikna,-7.789020013440408e-06,3212,0.2086613123807251,300,167
0,Nesøy,5,5014,4316,4316,8651899,5,Hestmannøy,-7.82615848523768e-06,3213,0.2086613123807251,300,142
0,Nesøy,5,5014,2686,2686,8N42093,2,Træna,-7.885504538465653e-06,3214,0.2086613123807251,300,147
0,Nesøy,5,5014,3869,3869,8P11551,14,Lauvøya,-7.92725159038499e-06,3215,0.2086613123807251,300,158
0,Nesøy,5,5014,4071,4071,8P14936,14,Lauvøya,-7.935514395653784e-06,3216,0.2086613123807251,300,160
0,Nesøy,5,5014,563,563,8L89334,6,Indre Kvarøy,-8.012222621601365e-06,3217,0.2086613123807251,300,154
0,Nesøy,5,5014,2689,2689,8N42126,6,Indre Kvarøy,-8.045530850068954e-06,3218,0.2086613123807251,300,153
0,Nesøy,5,5014,2279,2279,8N14662,13,Vikna,-8.167690759040243e-06,3219,0.2086613123807251,300,151
0,Nesøy,5,5014,2036,2036,8N13967,6,Indre Kvarøy,-8.220791311432486e-06,3220,0.2086613123807251,300,145
0,Nesøy,5,5014,2802,2802,8N42801,2,Træna,-8.378219177730065e-06,3221,0.2086613123807251,300,150
0,Nesøy,5,5014,5500,5500,8981310,3,Selvær,-8.427856188603957e-06,3222,0.2086613123807251,300,157
0,Nesøy,5,5014,1185,1185,8M72882,4,Gjerøy,-8.591327579266187e-06,3223,0.2086613123807251,300,146
0,Nesøy,5,5014,849,849,8M31924,5,Hestmannøy,-8.595777320084054e-06,3224,0.2086613123807251,300,145
0,Nesøy,5,5014,4065,4065,8P14900,14,Lauvøya,-8.602919639990628e-06,3225,0.2086613123807251,300,167
0,Nesøy,5,5014,2907,2907,8N72683,11,Leka,-8.863125340498095e-06,3226,0.2086613123807251,300,153
0,Nesøy,5,5014,3439,3439,8N87054,5,Hestmannøy,-9.038979957161625e-06,3227,0.2086613123807251,300,160
0,Nesøy,5,5014,3717,3717,8N87893,13,Vikna,-9.245679291617668e-06,3228,0.2086613123807251,300,152
0,Nesøy,5,5014,2088,2088,8N14161,5,Hestmannøy,-9.288055550933252e-06,3229,0.2086613123807251,300,167
0,Nesøy,5,5014,4874,4874,8800488,10,Aldra,-9.297193578556013e-06,3230,0.2086613123807251,300,148
0,Nesøy,5,5014,3437,3437,8N87052,5,Hestmannøy,-9.342016927668468e-06,3231,0.2086613123807251,300,155
0,Nesøy,5,5014,599,599,8L89470,6,Indre Kvarøy,-9.489586561576383e-06,3232,0.2086613123807251,300,150
0,Nesøy,5,5014,4723,4723,8747744,9,Sleneset,-9.490004940596583e-06,3233,0.2086613123807251,300,154
0,Nesøy,5,5014,1769,1769,8N06830,11,Leka,-9.585000631742126e-06,3234,0.2086613123807251,300,161
0,Nesøy,5,5014,4909,4909,8816408,5,Hestmannøy,-9.631772045999938e-06,3235,0.2086613123807251,300,168
0,Nesøy,5,5014,5406,5406,8943474,3,Selvær,-9.655211585038645e-06,3236,0.2086613123807251,300,154
0,Nesøy,5,5014,1937,1937,8N13636,14,Lauvøya,-9.700813108747225e-06,3237,0.2086613123807251,300,158
0,Nesøy,5,5014,430,430,8L57955,13,Vikna,-9.907660324905859e-06,3238,0.2086613123807251,300,171
0,Nesøy,5,5014,5523,5523,8981608,10,Aldra,-9.926713099647016e-06,3239,0.2086613123807251,300,142
0,Nesøy,5,5014,2801,2801,8N42795,4,Gjerøy,-1.0001775445047936e-05,3240,0.2086613123807251,300,152
0,Nesøy,5,5014,3035,3035,8N73191,14,Lauvøya,-1.0066659962337067e-05,3241,0.2086613123807251,300,154
0,Nesøy,5,5014,2820,2820,8N42992,14,Lauvøya,-1.0818244616841762e-05,3242,0.2086613123807251,300,149
0,Nesøy,5,5014,4810,4810,8800094,6,Indre Kvarøy,-1.0842443851928836e-05,3243,0.2086613123807251,300,162
0,Nesøy,5,5014,711,711,8M31253,8,Lovund,-1.0928661590618304e-05,3244,0.2086613123807251,300,154
0,Nesøy,5,5014,5262,5262,8939124,4,Gjerøy,-1.106411817136122e-05,3245,0.2086613123807251,300,166
0,Nesøy,5,5014,5358,5358,8939858,8,Lovund,-1.1342531027207584e-05,3246,0.2086613123807251,300,161
0,Nesøy,5,5014,287,287,8L52221,8,Lovund,-1.1626261584790851e-05,3247,0.2086613123807251,300,152
0,Nesøy,5,5014,2293,2293,8N14676,13,Vikna,-1.175800090009101e-05,3248,0.2086613123807251,300,158
0,Nesøy,5,5014,1144,1144,8M72664,5,Hestmannøy,-1.2018691439900525e-05,3249,0.2086613123807251,300,162
0,Nesøy,5,5014,9,9,8L19595,3,Selvær,-1.2310090460805326e-05,3250,0.2086613123807251,300,160
0,Nesøy,5,5014,3124,3124,8N73434,11,Leka,-1.2380541502462248e-05,3251,0.2086613123807251,300,154
0,Nesøy,5,5014,1966,1966,8N13668,13,Vikna,-1.2649104439141223e-05,3252,0.2086613123807251,300,146
0,Nesøy,5,5014,4407,4407,8681331,7,Onøy og Lurøy,-1.2717765507737656e-05,3253,0.2086613123807251,300,164
0,Nesøy,5,5014,4512,4512,8732225,7,Onøy og Lurøy,-1.2760967352684262e-05,3254,0.2086613123807251,300,144
0,Nesøy,5,5014,2295,2295,8N14678,13,Vikna,-1.2796659140345054e-05,3255,0.2086613123807251,300,161
0,Nesøy,5,5014,3188,3188,8N73499,12,Vega,-1.2832382291795154e-05,3256,0.2086613123807251,300,152
0,Nesøy,5,5014,4797,4797,8800045,5,Hestmannøy,-1.286625695383371e-05,3257,0.2086613123807251,300,161
0,Nesøy,5,5014,2900,2900,8N72676,11,Leka,-1.2941072162632337e-05,3258,0.2086613123807251,300,154
0,Nesøy,5,5014,1986,1986,8N13688,13,Vikna,-1.3065405808416668e-05,3259,0.2086613123807251,300,158
0,Nesøy,5,5014,2918,2918,8N72694,11,Leka,-1.3224749526778954e-05,3260,0.2086613123807251,300,161
0,Nesøy,5,5014,3280,3280,8N73661,13,Vikna,-1.3399142837003034e-05,3261,0.2086613123807251,300,154
0,Nesøy,5,5014,3060,3060,8N73222,12,Vega,-1.3611637071951442e-05,3262,0.2086613123807251,300,160
0,Nesøy,5,5014,4624,4624,8747258,6,Indre Kvarøy,-1.364376427256347e-05,3263,0.2086613123807251,300,149
0,Nesøy,5,5014,3039,3039,8N73195,14,Lauvøya,-1.3672266878778505e-05,3264,0.2086613123807251,300,167
0,Nesøy,5,5014,5146,5146,8934217,4,Gjerøy,-1.3715348315219083e-05,3265,0.2086613123807251,300,152
0,Nesøy,5,5014,2372,2372,8N27067,14,Lauvøya,-1.3769603578488362e-05,3266,0.2086613123807251,300,156
0,Nesøy,5,5014,992,992,8L57976,13,Vikna,-1.388446202793486e-05,3267,0.2086613123807251,300,158
0,Nesøy,5,5014,1716,1716,8N06581,4,Gjerøy,-1.3973390249350648e-05,3268,0.2086613123807251,300,152
0,Nesøy,5,5014,5453,5453,8981046,12,Vega,-1.3973614102953354e-05,3269,0.2086613123807251,300,146
0,Nesøy,5,5014,71,71,8L26581,6,Indre Kvarøy,-1.4128708645461928e-05,3270,0.2086613123807251,300,152
0,Nesøy,5,5014,3723,3723,8N87899,13,Vikna,-1.4208900255894742e-05,3271,0.2086613123807251,300,147
0,Nesøy,5,5014,364,364,8L52533,5,Hestmannøy,-1.4281469340779082e-05,3272,0.2086613123807251,300,161
0,Nesøy,5,5014,5526,5526,8981707,5,Hestmannøy,-1.4409508130659977e-05,3273,0.2086613123807251,300,152
0,Nesøy,5,5014,4046,4046,8P14857,14,Lauvøya,-1.4748455155558495e-05,3274,0.2086613123807251,300,148
0,Nesøy,5,5014,4667,4667,8747544,10,Aldra,-1.4867940227081108e-05,3275,0.2086613123807251,300,145
0,Nesøy,5,5014,981,981,8M71398,12,Vega,-1.5238026837394935e-05,3276,0.2086613123807251,300,153
0,Nesøy,5,5014,1289,1289,8N05165,12,Vega,-1.529873488203843e-05,3277,0.2086613123807251,300,147
0,Nesøy,5,5014,4388,4388,8681236,3,Selvær,-1.5385277776975246e-05,3278,0.2086613123807251,300,146
0,Nesøy,5,5014,5167,5167,8934301,5,Hestmannøy,-1.5430981701848078e-05,3279,0.2086613123807251,300,155
0,Nesøy,5,5014,3637,3637,8N87810,14,Lauvøya,-1.547465835402188e-05,3280,0.2086613123807251,300,153
0,Nesøy,5,5014,4307,4307,8651804,4,Gjerøy,-1.5479093266408497e-05,3281,0.2086613123807251,300,164
0,Nesøy,5,5014,1324,1324,8N05201,12,Vega,-1.556070667994868e-05,3282,0.2086613123807251,300,153
0,Nesøy,5,5014,5000,5000,8866752,5,Hestmannøy,-1.556910673966959e-05,3283,0.2086613123807251,300,165
0,Nesøy,5,5014,5228,5228,8934855,4,Gjerøy,-1.5650933586662768e-05,3284,0.2086613123807251,300,155
0,Nesøy,5,5014,5419,5419,8943597,8,Lovund,-1.5713632983070876e-05,3285,0.2086613123807251,300,163
0,Nesøy,5,5014,2587,2587,8N28469,2,Træna,-1.586540186029619e-05,3286,0.2086613123807251,300,144
0,Nesøy,5,5014,4654,4654,8747492,3,Selvær,-1.5892305603674016e-05,3287,0.2086613123807251,300,155
0,Nesøy,5,5014,5541,5541,8981801,5,Hestmannøy,-1.592911884251396e-05,3288,0.2086613123807251,300,159
0,Nesøy,5,5014,1171,1171,8M72805,4,Gjerøy,-1.604480689088646e-05,3289,0.2086613123807251,300,145
0,Nesøy,5,5014,1948,1948,8N13649,14,Lauvøya,-1.6466155695959666e-05,3290,0.2086613123807251,300,153
0,Nesøy,5,5014,4698,4698,8747689,2,Træna,-1.648015468008819e-05,3291,0.2086613123807251,300,165
0,Nesøy,5,5014,2165,2165,8N14544,11,Leka,-1.663235699843809e-05,3292,0.2086613123807251,300,169
0,Nesøy,5,5014,4282,4282,8651514,2,Træna,-1.6969661152918024e-05,3293,0.2086613123807251,300,149
0,Nesøy,5,5014,47,47,8L19936,5,Hestmannøy,-1.725344180545333e-05,3294,0.2086613123807251,300,154
0,Nesøy,5,5014,2685,2685,8N42086,2,Træna,-1.7384796486066163e-05,3295,0.2086613123807251,300,157
0,Nesøy,5,5014,3472,3472,8N87253,8,Lovund,-1.7463837551013995e-05,3296,0.2086613123807251,300,157
0,Nesøy,5,5014,1183,1183,8M72879,6,Indre Kvarøy,-1.7573807695597826e-05,3297,0.2086613123807251,300,150
0,Nesøy,5,5014,1816,1816,8N06877,11,Leka,-1.7733250573549636e-05,3298,0.2086613123807251,300,147
0,Nesøy,5,5014,3371,3371,8N73937,12,Vega,-1.7933780919445614e-05,3299,0.2086613123807251,300,159
0,Nesøy,5,5014,4320,4320,8651929,7,Onøy og Lurøy,-1.794508170163613e-05,3300,0.2086613123807251,300,150
0,Nesøy,5,5014,5037,5037,8887278,5,Hestmannøy,-1.8360331223349014e-05,3301,0.2086613123807251,300,154
0,Nesøy,5,5014,3728,3728,8N87904,13,Vikna,-1.8369070115256642e-05,3302,0.2086613123807251,300,159
0,Nesøy,5,5014,2536,2536,8N28009,9,Sleneset,-1.841984591223435e-05,3303,0.2086613123807251,300,163
0,Nesøy,5,5014,858,858,8M31939,5,Hestmannøy,-1.8468078401625276e-05,3304,0.2086613123807251,300,149
0,Nesøy,5,5014,967,967,8M71360,12,Vega,-1.8727229362702068e-05,3305,0.2086613123807251,300,163
0,Nesøy,5,5014,4593,4593,8747026,2,Træna,-1.9129387095202703e-05,3306,0.2086613123807251,300,138
0,Nesøy,5,5014,147,147,8L30765,12,Vega,-1.934133988572454e-05,3307,0.2086613123807251,300,164
0,Nesøy,5,5014,5436,5436,8943894,5,Hestmannøy,-1.9466796893621237e-05,3308,0.2086613123807251,300,149
0,Nesøy,5,5014,2763,2763,8N42649,7,Onøy og Lurøy,-1.9691546576759562e-05,3309,0.2086613123807251,300,150
0,Nesøy,5,5014,4646,4646,8747366,5,Hestmannøy,-2.0299739002322298e-05,3310,0.2086613123807251,300,153
0,Nesøy,5,5014,1809,1809,8N06870,11,Leka,-2.0321210810905632e-05,3311,0.2086613123807251,300,158
0,Nesøy,5,5014,2839,2839,8N72260,2,Træna,-2.0454721140771526e-05,3312,0.2086613123807251,300,163
0,Nesøy,5,5014,3926,3926,8P11932,5,Hestmannøy,-2.0531758778840924e-05,3313,0.2086613123807251,300,151
0,Nesøy,5,5014,2271,2271,8N14654,13,Vikna,-2.058001942967147e-05,3314,0.2086613123807251,300,148
0,Nesøy,5,5014,4615,4615,8747216,6,Indre Kvarøy,-2.1096007563578574e-05,3315,0.2086613123807251,300,158
0,Nesøy,5,5014,4069,4069,8P14927,14,Lauvøya,-2.1148069632701214e-05,3316,0.2086613123807251,300,147
0,Nesøy,5,5014,2962,2962,8N72922,13,Vikna,-2.1201948721787717e-05,3317,0.2086613123807251,300,152
0,Nesøy,5,5014,3993,3993,8P14616,2,Træna,-2.1337378317799945e-05,3318,0.2086613123807251,300,152
0,Nesøy,5,5014,3928,3928,8P11964,5,Hestmannøy,-2.13502577741036e-05,3319,0.2086613123807251,300,149
0,Nesøy,5,5014,3121,3121,8N73431,11,Leka,-2.144571134069977e-05,3320,0.2086613123807251,300,161
0,Nesøy,5,5014,686,686,8L89998,3,Selvær,-2.1489024045096704e-05,3321,0.2086613123807251,300,160
0,Nesøy,5,5014,774,774,8M31547,5,Hestmannøy,-2.1645458196807163e-05,3322,0.2086613123807251,300,155
0,Nesøy,5,5014,2238,2238,8N14619,13,Vikna,-2.17588645710308e-05,3323,0.2086613123807251,300,160
0,Nesøy,5,5014,4801,4801,8800060,4,Gjerøy,-2.1828578416198024e-05,3324,0.2086613123807251,300,160
0,Nesøy,5,5014,2427,2427,8N27249,5,Hestmannøy,-2.1890527005663578e-05,3325,0.2086613123807251,300,146
0,Nesøy,5,5014,2765,2765,8N42654,7,Onøy og Lurøy,-2.1938369595193344e-05,3326,0.2086613123807251,300,161
0,Nesøy,5,5014,5280,5280,8939339,7,Onøy og Lurøy,-2.197725965288894e-05,3327,0.2086613123807251,300,157
0,Nesøy,5,5014,3032,3032,8N73188,14,Lauvøya,-2.2029449038210307e-05,3328,0.2086613123807251,300,148
0,Nesøy,5,5014,533,533,8L89030,8,Lovund,-2.2033523724485987e-05,3329,0.2086613123807251,300,151
0,Nesøy,5,5014,3337,3337,8N73902,11,Leka,-2.2045737719654936e-05,3330,0.2086613123807251,300,153
0,Nesøy,5,5014,1060,1060,8M72113,9,Sleneset,-2.2117333709522796e-05,3331,0.2086613123807251,300,163
0,Nesøy,5,5014,3087,3087,8N73250,14,Lauvøya,-2.2164328456517837e-05,3332,0.2086613123807251,300,160
0,Nesøy,5,5014,4860,4860,8800424,10,Aldra,-2.2167613767122687e-05,3333,0.2086613123807251,300,165
0,Nesøy,5,5014,5546,5546,8981806,5,Hestmannøy,-2.2190748866061324e-05,3334,0.2086613123807251,300,156
0,Nesøy,5,5014,592,592,8L89434,5,Hestmannøy,-2.227591574237442e-05,3335,0.2086613123807251,300,155
0,Nesøy,5,5014,4393,4393,8681249,3,Selvær,-2.2636398617950488e-05,3336,0.2086613123807251,300,157
0,Nesøy,5,5014,2975,2975,8N72936,13,Vikna,-2.272724829702021e-05,3337,0.2086613123807251,300,152
0,Nesøy,5,5014,176,176,8L30899,11,Leka,-2.2822878927929355e-05,3338,0.2086613123807251,300,156
0,Nesøy,5,5014,368,368,8L52551,4,Gjerøy,-2.2868697492077274e-05,3339,0.2086613123807251,300,164
0,Nesøy,5,5014,1964,1964,8N13666,13,Vikna,-2.2932644210353865e-05,3340,0.2086613123807251,300,160
0,Nesøy,5,5014,652,652,8L89720,4,Gjerøy,-2.3340960259153297e-05,3341,0.2086613123807251,300,153
0,Nesøy,5,5014,5372,5372,8943012,10,Aldra,-2.339681768423555e-05,3342,0.2086613123807251,300,157
0,Nesøy,5,5014,1611,1611,8N05880,11,Leka,-2.3433339324224607e-05,3343,0.2086613123807251,300,159
0,Nesøy,5,5014,155,155,8L30778,12,Vega,-2.3643015323109583e-05,3344,0.2086613123807251,300,151
0,Nesøy,5,5014,2529,2529,8N27965,8,Lovund,-2.3658493123934325e-05,3345,0.2086613123807251,300,161
0,Nesøy,5,5014,1619,1619,8N05892,11,Leka,-2.3696911584738922e-05,3346,0.2086613123807251,300,158
0,Nesøy,5,5014,1105,1105,8M72545,11,Leka,-2.376453213940192e-05,3347,0.2086613123807251,300,155
0,Nesøy,5,5014,5131,5131,8934055,11,Leka,-2.3850610664577543e-05,3348,0.2086613123807251,300,157
0,Nesøy,5,5014,5147,5147,8934219,4,Gjerøy,-2.3950860963474484e-05,3349,0.2086613123807251,300,156
0,Nesøy,5,5014,1746,1746,8N06700,14,Lauvøya,-2.4065277368596838e-05,3350,0.2086613123807251,300,163
0,Nesøy,5,5014,5444,5444,8981020,4,Gjerøy,-2.4074551682803576e-05,3351,0.2086613123807251,300,161
0,Nesøy,5,5014,1924,1924,8N13623,14,Lauvøya,-2.4076865757888592e-05,3352,0.2086613123807251,300,166
0,Nesøy,5,5014,2159,2159,8N14538,11,Leka,-2.416393616084487e-05,3353,0.2086613123807251,300,162
0,Nesøy,5,5014,933,933,8M71294,6,Indre Kvarøy,-2.4204383811180436e-05,3354,0.2086613123807251,300,150
0,Nesøy,5,5014,2189,2189,8N14570,11,Leka,-2.4264148690079977e-05,3355,0.2086613123807251,300,150
0,Nesøy,5,5014,2071,2071,8N14051,6,Indre Kvarøy,-2.4322100213451864e-05,3356,0.2086613123807251,300,156
0,Nesøy,5,5014,309,309,8L52329,12,Vega,-2.4331213243655316e-05,3357,0.2086613123807251,300,160
0,Nesøy,5,5014,1969,1969,8N13671,13,Vikna,-2.440702632942675e-05,3358,0.2086613123807251,300,155
0,Nesøy,5,5014,3100,3100,8N73310,14,Lauvøya,-2.4463844239693307e-05,3359,0.2086613123807251,300,156
0,Nesøy,5,5014,1526,1526,8N05363,14,Lauvøya,-2.454170584283118e-05,3360,0.2086613123807251,300,158
0,Nesøy,5,5014,2017,2017,8N13915,8,Lovund,-2.458622715411752e-05,3361,0.2086613123807251,300,151
0,Nesøy,5,5014,153,153,8L30772,12,Vega,-2.4596472112909377e-05,3362,0.2086613123807251,300,159
0,Nesøy,5,5014,4637,4637,8747290,9,Sleneset,-2.4759257310251127e-05,3363,0.2086613123807251,300,158
0,Nesøy,5,5014,2750,2750,8N42533,4,Gjerøy,-2.4994205598931196e-05,3364,0.2086613123807251,300,165
0,Nesøy,5,5014,3421,3421,8N73987,12,Vega,-2.509562415581541e-05,3365,0.2086613123807251,300,157
0,Nesøy,5,5014,1694,1694,8N06491,12,Vega,-2.523658082919121e-05,3366,0.2086613123807251,300,159
0,Nesøy,5,5014,2455,2455,8N27405,7,Onøy og Lurøy,-2.5254518340456402e-05,3367,0.2086613123807251,300,160
0,Nesøy,5,5014,2188,2188,8N14569,11,Leka,-2.5518352862260077e-05,3368,0.2086613123807251,300,152
0,Nesøy,5,5014,680,680,8L89915,12,Vega,-2.5560698031325276e-05,3369,0.2086613123807251,300,154
0,Nesøy,5,5014,3390,3390,8N73956,12,Vega,-2.569080036547817e-05,3370,0.2086613123807251,300,150
0,Nesøy,5,5014,2800,2800,8N42794,4,Gjerøy,-2.5703058908774042e-05,3371,0.2086613123807251,300,155
0,Nesøy,5,5014,2267,2267,8N14650,13,Vikna,-2.5807887366452144e-05,3372,0.2086613123807251,300,149
0,Nesøy,5,5014,3065,3065,8N73227,12,Vega,-2.5894113958068605e-05,3373,0.2086613123807251,300,161
0,Nesøy,5,5014,4657,4657,8747504,7,Onøy og Lurøy,-2.592784284330033e-05,3374,0.2086613123807251,300,155
0,Nesøy,5,5014,5545,5545,8981805,4,Gjerøy,-2.5930012936234228e-05,3375,0.2086613123807251,300,154
0,Nesøy,5,5014,4473,4473,8730537,5,Hestmannøy,-2.595883210415764e-05,3376,0.2086613123807251,300,154
0,Nesøy,5,5014,621,621,8M31766,11,Leka,-2.6031158969072103e-05,3377,0.2086613123807251,300,150
0,Nesøy,5,5014,1682,1682,8N06479,12,Vega,-2.6047416583596828e-05,3378,0.2086613123807251,300,164
0,Nesøy,5,5014,773,773,8M31546,6,Indre Kvarøy,-2.607504311171388e-05,3379,0.2086613123807251,300,149
0,Nesøy,5,5014,739,739,8M31342,1,Myken,-2.6182017997668505e-05,3380,0.2086613123807251,300,163
0,Nesøy,5,5014,1301,1301,8N05177,13,Vikna,-2.625675197525225e-05,3381,0.2086613123807251,300,157
0,Nesøy,5,5014,3873,3873,8P11555,14,Lauvøya,-2.632711388341118e-05,3382,0.2086613123807251,300,152
0,Nesøy,5,5014,1875,1875,8N13357,2,Træna,-2.6404043991383632e-05,3383,0.2086613123807251,300,157
0,Nesøy,5,5014,3253,3253,8N73634,13,Vikna,-2.6407829165293785e-05,3384,0.2086613123807251,300,151
0,Nesøy,5,5014,4020,4020,8P14810,14,Lauvøya,-2.655906346129354e-05,3385,0.2086613123807251,300,154
0,Nesøy,5,5014,804,804,8M31747,5,Hestmannøy,-2.6593702598618104e-05,3386,0.2086613123807251,300,155
0,Nesøy,5,5014,1607,1607,8N05876,11,Leka,-2.6813933937541902e-05,3387,0.2086613123807251,300,148
0,Nesøy,5,5014,161,161,8L30784,5,Hestmannøy,-2.6826714332684628e-05,3388,0.2086613123807251,300,155
0,Nesøy,5,5014,3236,3236,8N73617,14,Lauvøya,-2.685135734806591e-05,3389,0.2086613123807251,300,161
0,Nesøy,5,5014,5353,5353,8939796,12,Vega,-2.6856784572835165e-05,3390,0.2086613123807251,300,156
0,Nesøy,5,5014,5252,5252,8939085,5,Hestmannøy,-2.6864449578066167e-05,3391,0.2086613123807251,300,156
0,Nesøy,5,5014,4200,4200,8168768,5,Hestmannøy,-2.6914446022323306e-05,3392,0.2086613123807251,300,159
0,Nesøy,5,5014,1599,1599,8N05866,11,Leka,-2.711938490614698e-05,3393,0.2086613123807251,300,152
0,Nesøy,5,5014,3994,3994,8P14620,3,Selvær,-2.7217093382127413e-05,3394,0.2086613123807251,300,158
0,Nesøy,5,5014,2099,2099,8N14189,5,Hestmannøy,-2.7367858172259282e-05,3395,0.2086613123807251,300,153
0,Nesøy,5,5014,4482,4482,8730558,3,Selvær,-2.7403729655778535e-05,3396,0.2086613123807251,300,159
0,Nesøy,5,5014,923,923,8M71268,5,Hestmannøy,-2.7561753256072828e-05,3397,0.2086613123807251,300,154
0,Nesøy,5,5014,4243,4243,8537612,4,Gjerøy,-2.7568961917385088e-05,3398,0.2086613123807251,300,152
0,Nesøy,5,5014,5071,5071,8887416,6,Indre Kvarøy,-2.758310238827919e-05,3399,0.2086613123807251,300,157
0,Nesøy,5,5014,3807,3807,8N87984,13,Vikna,-2.7674545790205077e-05,3400,0.2086613123807251,300,160
0,Nesøy,5,5014,978,978,8M71389,12,Vega,-2.778721845933553e-05,3401,0.2086613123807251,300,169
0,Nesøy,5,5014,3497,3497,8N87372,4,Gjerøy,-2.7909930427860777e-05,3402,0.2086613123807251,300,160
0,Nesøy,5,5014,3223,3223,8N73604,14,Lauvøya,-2.8312555158725803e-05,3403,0.2086613123807251,300,158
0,Nesøy,5,5014,4718,4718,8747738,7,Onøy og Lurøy,-2.8365428427452017e-05,3404,0.2086613123807251,300,158
0,Nesøy,5,5014,2728,2728,8N42499,14,Lauvøya,-2.8430650489271233e-05,3405,0.2086613123807251,300,155
0,Nesøy,5,5014,4832,4832,8800185,6,Indre Kvarøy,-2.843135624498364e-05,3406,0.2086613123807251,300,163
0,Nesøy,5,5014,4776,4776,8794342,9,Sleneset,-2.8559087534804253e-05,3407,0.2086613123807251,300,159
0,Nesøy,5,5014,2921,2921,8N72697,11,Leka,-2.865402060635736e-05,3408,0.2086613123807251,300,158
0,Nesøy,5,5014,1372,1372,8N05250,13,Vikna,-2.866400166714562e-05,3409,0.2086613123807251,300,143
0,Nesøy,5,5014,3492,3492,8N87358,4,Gjerøy,-2.8762381884532972e-05,3410,0.2086613123807251,300,161
0,Nesøy,5,5014,1471,1471,8N05606,14,Lauvøya,-2.885637670324498e-05,3411,0.2086613123807251,300,156
0,Nesøy,5,5014,2860,2860,8N72438,8,Lovund,-2.903214440213775e-05,3412,0.2086613123807251,300,158
0,Nesøy,5,5014,3822,3822,8P11257,9,Sleneset,-2.9063157143986283e-05,3413,0.2086613123807251,300,162
0,Nesøy,5,5014,2054,2054,8N14006,6,Indre Kvarøy,-2.9122485144663785e-05,3414,0.2086613123807251,300,148
0,Nesøy,5,5014,2296,2296,8N14679,13,Vikna,-2.93986993563238e-05,3415,0.2086613123807251,300,157
0,Nesøy,5,5014,5443,5443,8981018,4,Gjerøy,-2.9415196459880935e-05,3416,0.2086613123807251,300,155
0,Nesøy,5,5014,4724,4724,8747749,5,Hestmannøy,-2.941818491938415e-05,3417,0.2086613123807251,300,153
0,Nesøy,5,5014,5566,5566,8981923,2,Træna,-2.9447898278081134e-05,3418,0.2086613123807251,300,155
0,Nesøy,5,5014,4592,4592,8747010,8,Lovund,-2.9550413704831362e-05,3419,0.2086613123807251,300,159
0,Nesøy,5,5014,4899,4899,8800615,5,Hestmannøy,-2.987605815422408e-05,3420,0.2086613123807251,300,155
0,Nesøy,5,5014,666,666,8L89753,5,Hestmannøy,-2.99729687552385e-05,3421,0.2086613123807251,300,163
0,Nesøy,5,5014,1935,1935,8N13634,14,Lauvøya,-3.0128636796272855e-05,3422,0.2086613123807251,300,148
0,Nesøy,5,5014,286,286,8L52212,5,Hestmannøy,-3.020779707292041e-05,3423,0.2086613123807251,300,161
0,Nesøy,5,5014,4392,4392,8681248,3,Selvær,-3.0208394573501737e-05,3424,0.2086613123807251,300,162
0,Nesøy,5,5014,615,615,8L89526,4,Gjerøy,-3.0211553499131974e-05,3425,0.2086613123807251,300,159
0,Nesøy,5,5014,1287,1287,8N05163,12,Vega,-3.029470519312527e-05,3426,0.2086613123807251,300,139
0,Nesøy,5,5014,3419,3419,8N73985,12,Vega,-3.048159856877814e-05,3427,0.2086613123807251,300,158
0,Nesøy,5,5014,718,718,8M31282,10,Aldra,-3.051060881702734e-05,3428,0.2086613123807251,300,160
0,Nesøy,5,5014,3145,3145,8N73455,11,Leka,-3.069883905030241e-05,3429,0.2086613123807251,300,167
0,Nesøy,5,5014,1464,1464,8N05359,14,Lauvøya,-3.0727752065357993e-05,3430,0.2086613123807251,300,161
0,Nesøy,5,5014,1363,1363,8N05240,13,Vikna,-3.0751116691897834e-05,3431,0.2086613123807251,300,154
0,Nesøy,5,5014,4032,4032,8P14843,14,Lauvøya,-3.0961359838390846e-05,3432,0.2086613123807251,300,156
0,Nesøy,5,5014,4130,4130,8P26430,5,Hestmannøy,-3.104969871816833e-05,3433,0.2086613123807251,300,151
0,Nesøy,5,5014,2481,2481,8N27630,14,Lauvøya,-3.106682441761659e-05,3434,0.2086613123807251,300,157
0,Nesøy,5,5014,1513,1513,8N05655,14,Lauvøya,-3.107601334193884e-05,3435,0.2086613123807251,300,157
0,Nesøy,5,5014,84,84,8L30164,12,Vega,-3.1369839963624565e-05,3436,0.2086613123807251,300,160
0,Nesøy,5,5014,2981,2981,8N72942,13,Vikna,-3.1407692449875745e-05,3437,0.2086613123807251,300,158
0,Nesøy,5,5014,2260,2260,8N14642,13,Vikna,-3.146363755927812e-05,3438,0.2086613123807251,300,151
0,Nesøy,5,5014,122,122,8L30604,11,Leka,-3.1521453749611884e-05,3439,0.2086613123807251,300,160
0,Nesøy,5,5014,4000,4000,8P14715,5,Hestmannøy,-3.213984762767068e-05,3440,0.2086613123807251,300,148
0,Nesøy,5,5014,2225,2225,8N14606,13,Vikna,-3.21579808218769e-05,3441,0.2086613123807251,300,155
0,Nesøy,5,5014,321,321,8L52351,11,Leka,-3.224126360556796e-05,3442,0.2086613123807251,300,149
0,Nesøy,5,5014,5082,5082,8887451,5,Hestmannøy,-3.2248536319239514e-05,3443,0.2086613123807251,300,150
0,Nesøy,5,5014,3276,3276,8N73656,13,Vikna,-3.248909747206183e-05,3444,0.2086613123807251,300,166
0,Nesøy,5,5014,1538,1538,8N05680,14,Lauvøya,-3.2573168862427e-05,3445,0.2086613123807251,300,158
0,Nesøy,5,5014,3981,3981,8P14343,14,Lauvøya,-3.2622410481523115e-05,3446,0.2086613123807251,300,154
0,Nesøy,5,5014,1018,1018,8M71530,4,Gjerøy,-3.2714070845394e-05,3447,0.2086613123807251,300,158
0,Nesøy,5,5014,443,443,8L64092,12,Vega,-3.273428892182203e-05,3448,0.2086613123807251,300,148
0,Nesøy,5,5014,1203,1203,8M72956,4,Gjerøy,-3.274590914631062e-05,3449,0.2086613123807251,300,155
0,Nesøy,5,5014,23,23,8L19813,5,Hestmannøy,-3.2905699596210354e-05,3450,0.2086613123807251,300,168
0,Nesøy,5,5014,4902,4902,8800643,12,Vega,-3.2935808704182426e-05,3451,0.2086613123807251,300,150
0,Nesøy,5,5014,4547,4547,8732591,2,Træna,-3.302369220257996e-05,3452,0.2086613123807251,300,157
0,Nesøy,5,5014,2232,2232,8N14613,13,Vikna,-3.3094341996226937e-05,3453,0.2086613123807251,300,150
0,Nesøy,5,5014,3443,3443,8N87062,5,Hestmannøy,-3.312767210393851e-05,3454,0.2086613123807251,300,149
0,Nesøy,5,5014,1965,1965,8N13667,13,Vikna,-3.323104382339215e-05,3455,0.2086613123807251,300,152
0,Nesøy,5,5014,1479,1479,8N05614,14,Lauvøya,-3.331789073522079e-05,3456,0.2086613123807251,300,154
0,Nesøy,5,5014,2770,2770,8N42697,5,Hestmannøy,-3.3452653445336365e-05,3457,0.2086613123807251,300,142
0,Nesøy,5,5014,3559,3559,8N87572,11,Leka,-3.371074346514915e-05,3458,0.2086613123807251,300,157
0,Nesøy,5,5014,643,643,8L89682,6,Indre Kvarøy,-3.386856467943688e-05,3459,0.2086613123807251,300,154
0,Nesøy,5,5014,1543,1543,8N05685,14,Lauvøya,-3.393812443827081e-05,3460,0.2086613123807251,300,177
0,Nesøy,5,5014,95,95,8L30320,5,Hestmannøy,-3.4093969436794966e-05,3461,0.2086613123807251,300,153
0,Nesøy,5,5014,3006,3006,8N73001,4,Gjerøy,-3.4111223733300034e-05,3462,0.2086613123807251,300,157
0,Nesøy,5,5014,416,416,8L57826,9,Sleneset,-3.4200224877390334e-05,3463,0.2086613123807251,300,161
0,Nesøy,5,5014,3103,3103,8N73313,14,Lauvøya,-3.4298816560874665e-05,3464,0.2086613123807251,300,156
0,Nesøy,5,5014,4366,4366,8681073,5,Hestmannøy,-3.434739541818566e-05,3465,0.2086613123807251,300,151
0,Nesøy,5,5014,1514,1514,8N05656,13,Vikna,-3.4361114216000066e-05,3466,0.2086613123807251,300,151
0,Nesøy,5,5014,1069,1069,8M72259,3,Selvær,-3.4395114073151544e-05,3467,0.2086613123807251,300,167
0,Nesøy,5,5014,1070,1070,8M72263,8,Lovund,-3.466880275205567e-05,3468,0.2086613123807251,300,153
0,Nesøy,5,5014,2890,2890,8N72660,5,Hestmannøy,-3.476230868061048e-05,3469,0.2086613123807251,300,161
0,Nesøy,5,5014,4533,4533,8732503,8,Lovund,-3.488839199329852e-05,3470,0.2086613123807251,300,153
0,Nesøy,5,5014,1730,1730,8N06684,14,Lauvøya,-3.48984264328251e-05,3471,0.2086613123807251,300,172
0,Nesøy,5,5014,520,520,8L64901,5,Hestmannøy,-3.500154815582287e-05,3472,0.2086613123807251,300,146
0,Nesøy,5,5014,1688,1688,8N06485,12,Vega,-3.505121711664839e-05,3473,0.2086613123807251,300,160
0,Nesøy,5,5014,206,206,8L48448,5,Hestmannøy,-3.510355732583787e-05,3474,0.2086613123807251,300,147
0,Nesøy,5,5014,1288,1288,8N05164,12,Vega,-3.513082748097357e-05,3475,0.2086613123807251,300,160
0,Nesøy,5,5014,3952,3952,8P14128,7,Onøy og Lurøy,-3.515615626925465e-05,3476,0.2086613123807251,300,165
0,Nesøy,5,5014,630,630,8L89639,5,Hestmannøy,-3.528785824348189e-05,3477,0.2086613123807251,300,164
0,Nesøy,5,5014,756,756,8M31476,5,Hestmannøy,-3.539271801498505e-05,3478,0.2086613123807251,300,160
0,Nesøy,5,5014,4712,4712,8747730,2,Træna,-3.550934195255263e-05,3479,0.2086613123807251,300,158
0,Nesøy,5,5014,3082,3082,8N73244,14,Lauvøya,-3.559158935744418e-05,3480,0.2086613123807251,300,162
0,Nesøy,5,5014,3830,3830,8P11393,14,Lauvøya,-3.600038578522079e-05,3481,0.2086613123807251,300,149
0,Nesøy,5,5014,1305,1305,8N05181,13,Vikna,-3.60249290984809e-05,3482,0.2086613123807251,300,155
0,Nesøy,5,5014,3126,3126,8N73436,11,Leka,-3.607938025203035e-05,3483,0.2086613123807251,300,150
0,Nesøy,5,5014,3036,3036,8N73192,14,Lauvøya,-3.617381996352672e-05,3484,0.2086613123807251,300,155
0,Nesøy,5,5014,1574,1574,8N05749,4,Gjerøy,-3.644412524520582e-05,3485,0.2086613123807251,300,151
0,Nesøy,5,5014,3962,3962,8P14221,5,Hestmannøy,-3.6555012219905045e-05,3486,0.2086613123807251,300,160
0,Nesøy,5,5014,2562,2562,8N28246,7,Onøy og Lurøy,-3.671058540298205e-05,3487,0.2086613123807251,300,159
0,Nesøy,5,5014,4858,4858,8800405,5,Hestmannøy,-3.671416054700043e-05,3488,0.2086613123807251,300,150
0,Nesøy,5,5014,808,808,8M31765,11,Leka,-3.6756533486429266e-05,3489,0.2086613123807251,300,166
0,Nesøy,5,5014,4257,4257,8573608,7,Onøy og Lurøy,-3.707313206525831e-05,3490,0.2086613123807251,300,160
0,Nesøy,5,5014,2129,2129,8N14354,14,Lauvøya,-3.719024102498423e-05,3491,0.2086613123807251,300,157
0,Nesøy,5,5014,4823,4823,8800166,10,Aldra,-3.732682427762894e-05,3492,0.2086613123807251,300,162
0,Nesøy,5,5014,2153,2153,8N14532,11,Leka,-3.7633590349439306e-05,3493,0.2086613123807251,300,157
0,Nesøy,5,5014,3163,3163,8N73473,11,Leka,-3.768395709122217e-05,3494,0.2086613123807251,300,162
0,Nesøy,5,5014,4380,4380,8681181,5,Hestmannøy,-3.787540102170048e-05,3495,0.2086613123807251,300,158
0,Nesøy,5,5014,5457,5457,8981092,11,Leka,-3.79570514323623e-05,3496,0.2086613123807251,300,164
0,Nesøy,5,5014,2264,2264,8N14647,13,Vikna,-3.807508901463046e-05,3497,0.2086613123807251,300,155
0,Nesøy,5,5014,2798,2798,8N42787,5,Hestmannøy,-3.8183820842147735e-05,3498,0.2086613123807251,300,151
0,Nesøy,5,5014,3997,3997,8P14675,8,Lovund,-3.860588217115334e-05,3499,0.2086613123807251,300,162
0,Nesøy,5,5014,5251,5251,8939076,5,Hestmannøy,-3.869607245462724e-05,3500,0.2086613123807251,300,151
0,Nesøy,5,5014,2713,2713,8N42287,5,Hestmannøy,-3.870434850542902e-05,3501,0.2086613123807251,300,154
0,Nesøy,5,5014,4483,4483,8730563,3,Selvær,-3.875718808669342e-05,3502,0.2086613123807251,300,155
0,Nesøy,5,5014,347,347,8L52393,12,Vega,-3.924491486781703e-05,3503,0.2086613123807251,300,152
0,Nesøy,5,5014,2985,2985,8N72946,13,Vikna,-3.926462231201651e-05,3504,0.2086613123807251,300,168
0,Nesøy,5,5014,4001,4001,8P14717,5,Hestmannøy,-3.941115766038512e-05,3505,0.2086613123807251,300,139
0,Nesøy,5,5014,3654,3654,8N87827,14,Lauvøya,-3.9502664903677854e-05,3506,0.2086613123807251,300,155
0,Nesøy,5,5014,2352,2352,8N14969,7,Onøy og Lurøy,-3.956625623550225e-05,3507,0.2086613123807251,300,157
0,Nesøy,5,5014,3056,3056,8N73218,12,Vega,-3.9713803796081483e-05,3508,0.2086613123807251,300,150
0,Nesøy,5,5014,625,625,8L89615,4,Gjerøy,-3.972249972525882e-05,3509,0.2086613123807251,300,152
0,Nesøy,5,5014,2561,2561,8N28244,7,Onøy og Lurøy,-3.9784199875801786e-05,3510,0.2086613123807251,300,151
0,Nesøy,5,5014,2663,2663,8N28862,4,Gjerøy,-3.9986872257804335e-05,3511,0.2086613123807251,300,154
0,Nesøy,5,5014,1190,1190,8M72913,5,Hestmannøy,-4.001549240969621e-05,3512,0.2086613123807251,300,147
0,Nesøy,5,5014,1137,1137,8M72638,6,Indre Kvarøy,-4.0305323375298105e-05,3513,0.2086613123807251,300,152
0,Nesøy,5,5014,4990,4990,8857767,5,Hestmannøy,-4.051124249586355e-05,3514,0.2086613123807251,300,155
0,Nesøy,5,5014,3095,3095,8N73305,14,Lauvøya,-4.058573344348849e-05,3515,0.2086613123807251,300,152
0,Nesøy,5,5014,5502,5502,8981325,6,Indre Kvarøy,-4.058577829917669e-05,3516,0.2086613123807251,300,166
0,Nesøy,5,5014,2837,2837,8N72245,3,Selvær,-4.0603476289431754e-05,3517,0.2086613123807251,300,174
0,Nesøy,5,5014,4367,4367,8681074,5,Hestmannøy,-4.074114957643972e-05,3518,0.2086613123807251,300,156
0,Nesøy,5,5014,86,86,8L30168,12,Vega,-4.0800170913170534e-05,3519,0.2086613123807251,300,157
0,Nesøy,5,5014,5173,5173,8934333,6,Indre Kvarøy,-4.0917701892408976e-05,3520,0.2086613123807251,300,151
0,Nesøy,5,5014,305,305,8L52321,12,Vega,-4.098153895449161e-05,3521,0.2086613123807251,300,165
0,Nesøy,5,5014,1209,1209,8M72987,4,Gjerøy,-4.1096198342203366e-05,3522,0.2086613123807251,300,162
0,Nesøy,5,5014,1061,1061,8M72120,3,Selvær,-4.126412618936017e-05,3523,0.2086613123807251,300,156
0,Nesøy,5,5014,989,989,8M71453,13,Vikna,-4.129020600225081e-05,3524,0.2086613123807251,300,150
0,Nesøy,5,5014,1462,1462,8N05574,8,Lovund,-4.138944127503644e-05,3525,0.2086613123807251,300,168
0,Nesøy,5,5014,696,696,8M31165,2,Træna,-4.1405871680641195e-05,3526,0.2086613123807251,300,170
0,Nesøy,5,5014,5413,5413,8943489,7,Onøy og Lurøy,-4.1529237710421986e-05,3527,0.2086613123807251,300,154
0,Nesøy,5,5014,4714,4714,8747734,7,Onøy og Lurøy,-4.184932564389859e-05,3528,0.2086613123807251,300,160
0,Nesøy,5,5014,3783,3783,8N87960,13,Vikna,-4.200441999016632e-05,3529,0.2086613123807251,300,162
0,Nesøy,5,5014,4197,4197,8168698,5,Hestmannøy,-4.209222234032639e-05,3530,0.2086613123807251,300,156
0,Nesøy,5,5014,1933,1933,8N13632,14,Lauvøya,-4.217472435755611e-05,3531,0.2086613123807251,300,157
0,Nesøy,5,5014,4035,4035,8P14846,14,Lauvøya,-4.2354587695730956e-05,3532,0.2086613123807251,300,159
0,Nesøy,5,5014,3382,3382,8N73948,12,Vega,-4.237734072275981e-05,3533,0.2086613123807251,300,162
0,Nesøy,5,5014,980,980,8M71396,12,Vega,-4.238593599127491e-05,3534,0.2086613123807251,300,162
0,Nesøy,5,5014,3673,3673,8N87848,14,Lauvøya,-4.239602771658885e-05,3535,0.2086613123807251,300,156
0,Nesøy,5,5014,2327,2327,8N14921,4,Gjerøy,-4.262513479302273e-05,3536,0.2086613123807251,300,148
0,Nesøy,5,5014,4885,4885,8800537,10,Aldra,-4.281827888528263e-05,3537,0.2086613123807251,300,155
0,Nesøy,5,5014,3779,3779,8N87956,13,Vikna,-4.2899159561267855e-05,3538,0.2086613123807251,300,161
0,Nesøy,5,5014,2868,2868,8N72490,3,Selvær,-4.318125004459804e-05,3539,0.2086613123807251,300,170
0,Nesøy,5,5014,99,99,8L30355,7,Onøy og Lurøy,-4.323039292569543e-05,3540,0.2086613123807251,300,151
0,Nesøy,5,5014,624,624,8L89614,4,Gjerøy,-4.3249403168075665e-05,3541,0.2086613123807251,300,157
0,Nesøy,5,5014,2559,2559,8N28224,8,Lovund,-4.360399640850375e-05,3542,0.2086613123807251,300,159
0,Nesøy,5,5014,800,800,8M31716,6,Indre Kvarøy,-4.362195502923904e-05,3543,0.2086613123807251,300,146
0,Nesøy,5,5014,3721,3721,8N87897,13,Vikna,-4.372084533186081e-05,3544,0.2086613123807251,300,165
0,Nesøy,5,5014,3768,3768,8N87945,13,Vikna,-4.3844604256277395e-05,3545,0.2086613123807251,300,162
0,Nesøy,5,5014,3595,3595,8N87614,14,Lauvøya,-4.384595010962096e-05,3546,0.2086613123807251,300,157
0,Nesøy,5,5014,902,902,8L64572,12,Vega,-4.4064036221542215e-05,3547,0.2086613123807251,300,162
0,Nesøy,5,5014,4199,4199,8168709,4,Gjerøy,-4.410239836382824e-05,3548,0.2086613123807251,300,162
0,Nesøy,5,5014,3933,3933,8P14012,8,Lovund,-4.4113629652606844e-05,3549,0.2086613123807251,300,154
0,Nesøy,5,5014,4398,4398,8681283,7,Onøy og Lurøy,-4.42551492680108e-05,3550,0.2086613123807251,300,150
0,Nesøy,5,5014,5543,5543,8981803,6,Indre Kvarøy,-4.430167425398797e-05,3551,0.2086613123807251,300,152
0,Nesøy,5,5014,2302,2302,8N14685,13,Vikna,-4.4406667493045294e-05,3552,0.2086613123807251,300,162
0,Nesøy,5,5014,1086,1086,8M72419,13,Vikna,-4.446373341157612e-05,3553,0.2086613123807251,300,151
0,Nesøy,5,5014,5300,5300,8939377,7,Onøy og Lurøy,-4.471790558283368e-05,3554,0.2086613123807251,300,164
0,Nesøy,5,5014,4983,4983,8857612,9,Sleneset,-4.483872372013472e-05,3555,0.2086613123807251,300,166
0,Nesøy,5,5014,338,338,8L52383,11,Leka,-4.495250913451581e-05,3556,0.2086613123807251,300,166
0,Nesøy,5,5014,3269,3269,8N73650,13,Vikna,-4.506064317585648e-05,3557,0.2086613123807251,300,157
0,Nesøy,5,5014,447,447,8L64134,5,Hestmannøy,-4.506926582841968e-05,3558,0.2086613123807251,300,153
0,Nesøy,5,5014,3228,3228,8N73609,14,Lauvøya,-4.523069250344534e-05,3559,0.2086613123807251,300,160
0,Nesøy,5,5014,4258,4258,8573682,4,Gjerøy,-4.539840396039798e-05,3560,0.2086613123807251,300,166
0,Nesøy,5,5014,3309,3309,8N73691,13,Vikna,-4.540002185939522e-05,3561,0.2086613123807251,300,159
0,Nesøy,5,5014,551,551,8L89271,5,Hestmannøy,-4.542669109918007e-05,3562,0.2086613123807251,300,150
0,Nesøy,5,5014,90,90,8L30260,5,Hestmannøy,-4.55346229138286e-05,3563,0.2086613123807251,300,160
0,Nesøy,5,5014,135,135,8L30748,11,Leka,-4.564528305158706e-05,3564,0.2086613123807251,300,148
0,Nesøy,5,5014,3937,3937,8P14050,7,Onøy og Lurøy,-4.567529375931055e-05,3565,0.2086613123807251,300,148
0,Nesøy,5,5014,2079,2079,8N14111,5,Hestmannøy,-4.573068388394202e-05,3566,0.2086613123807251,300,160
0,Nesøy,5,5014,5001,5001,8866754,5,Hestmannøy,-4.573916635571266e-05,3567,0.2086613123807251,300,158
0,Nesøy,5,5014,1120,1120,8M72584,11,Leka,-4.577637208429801e-05,3568,0.2086613123807251,300,154
0,Nesøy,5,5014,1944,1944,8N13645,14,Lauvøya,-4.5913545350358614e-05,3569,0.2086613123807251,300,152
0,Nesøy,5,5014,2678,2678,8N28947,9,Sleneset,-4.6057612286207476e-05,3570,0.2086613123807251,300,152
0,Nesøy,5,5014,4126,4126,8P26401,5,Hestmannøy,-4.6086470379473015e-05,3571,0.2086613123807251,300,150
0,Nesøy,5,5014,2016,2016,8N13863,14,Lauvøya,-4.609401510855629e-05,3572,0.2086613123807251,300,153
0,Nesøy,5,5014,5467,5467,8981195,12,Vega,-4.627095959019416e-05,3573,0.2086613123807251,300,164
0,Nesøy,5,5014,4421,4421,8681403,5,Hestmannøy,-4.636575551381392e-05,3574,0.2086613123807251,300,153
0,Nesøy,5,5014,1954,1954,8N13655,13,Vikna,-4.6477988963417434e-05,3575,0.2086613123807251,300,152
0,Nesøy,5,5014,3593,3593,8N87612,14,Lauvøya,-4.660192209579826e-05,3576,0.2086613123807251,300,162
0,Nesøy,5,5014,2066,2066,8N14022,4,Gjerøy,-4.663156128237022e-05,3577,0.2086613123807251,300,163
0,Nesøy,5,5014,2303,2303,8N14686,13,Vikna,-4.669159565607072e-05,3578,0.2086613123807251,300,162
0,Nesøy,5,5014,4892,4892,8800574,5,Hestmannøy,-4.6702226837615126e-05,3579,0.2086613123807251,300,170
0,Nesøy,5,5014,2478,2478,8N27618,14,Lauvøya,-4.6704624106946555e-05,3580,0.2086613123807251,300,153
0,Nesøy,5,5014,1775,1775,8N06836,11,Leka,-4.674659675516913e-05,3581,0.2086613123807251,300,158
0,Nesøy,5,5014,3018,3018,8N73084,6,Indre Kvarøy,-4.676809634117908e-05,3582,0.2086613123807251,300,161
0,Nesøy,5,5014,5273,5273,8939184,1,Myken,-4.684816685298256e-05,3583,0.2086613123807251,300,155
0,Nesøy,5,5014,3463,3463,8N87216,2,Træna,-4.691897969026239e-05,3584,0.2086613123807251,300,146
0,Nesøy,5,5014,591,591,8L89432,5,Hestmannøy,-4.6986432156978965e-05,3585,0.2086613123807251,300,146
0,Nesøy,5,5014,626,626,8L89622,4,Gjerøy,-4.708384409833674e-05,3586,0.2086613123807251,300,163
0,Nesøy,5,5014,3402,3402,8N73968,12,Vega,-4.722425173511868e-05,3587,0.2086613123807251,300,151
0,Nesøy,5,5014,41,41,8L19928,10,Aldra,-4.730515534270917e-05,3588,0.2086613123807251,300,146
0,Nesøy,5,5014,3174,3174,8N73485,11,Leka,-4.739277617456012e-05,3589,0.2086613123807251,300,150
0,Nesøy,5,5014,3448,3448,8N87069,4,Gjerøy,-4.7665696302028614e-05,3590,0.2086613123807251,300,150
0,Nesøy,5,5014,775,775,8M31548,6,Indre Kvarøy,-4.775641900214579e-05,3591,0.2086613123807251,300,171
0,Nesøy,5,5014,2445,2445,8N27343,4,Gjerøy,-4.7831398879545045e-05,3592,0.2086613123807251,300,159
0,Nesøy,5,5014,227,227,8L48567,7,Onøy og Lurøy,-4.7939762729591525e-05,3593,0.2086613123807251,300,152
0,Nesøy,5,5014,637,637,8L89652,5,Hestmannøy,-4.805296943992104e-05,3594,0.2086613123807251,300,157
0,Nesøy,5,5014,420,420,8L57876,5,Hestmannøy,-4.822164062952365e-05,3595,0.2086613123807251,300,152
0,Nesøy,5,5014,2160,2160,8N14539,11,Leka,-4.8284330347851315e-05,3596,0.2086613123807251,300,166
0,Nesøy,5,5014,667,667,8L89754,5,Hestmannøy,-4.8510024763748914e-05,3597,0.2086613123807251,300,155
0,Nesøy,5,5014,3173,3173,8N73484,11,Leka,-4.8595251569752895e-05,3598,0.2086613123807251,300,156
0,Nesøy,5,5014,351,351,8L52397,12,Vega,-4.863084350416716e-05,3599,0.2086613123807251,300,157
0,Nesøy,5,5014,1754,1754,8N06783,5,Hestmannøy,-4.8865502515356916e-05,3600,0.2086613123807251,300,166
0,Nesøy,5,5014,1295,1295,8N05171,12,Vega,-4.887680948425105e-05,3601,0.2086613123807251,300,167
0,Nesøy,5,5014,3865,3865,8P11547,14,Lauvøya,-4.9091908360670036e-05,3602,0.2086613123807251,300,164
0,Nesøy,5,5014,586,586,8L89395,4,Gjerøy,-4.910740619703196e-05,3603,0.2086613123807251,300,157
0,Nesøy,5,5014,2151,2151,8N14530,11,Leka,-4.942415218084589e-05,3604,0.2086613123807251,300,145
0,Nesøy,5,5014,4645,4645,8747365,5,Hestmannøy,-4.947174954623954e-05,3605,0.2086613123807251,300,158
0,Nesøy,5,5014,4925,4925,8816919,6,Indre Kvarøy,-4.9569130204386375e-05,3606,0.2086613123807251,300,158
0,Nesøy,5,5014,3363,3363,8N73929,11,Leka,-4.9583691085551445e-05,3607,0.2086613123807251,300,155
0,Nesøy,5,5014,326,326,8L52358,11,Leka,-4.9668238846124586e-05,3608,0.2086613123807251,300,165
0,Nesøy,5,5014,1529,1529,8N05671,14,Lauvøya,-4.988018868614159e-05,3609,0.2086613123807251,300,151
0,Nesøy,5,5014,3720,3720,8N87896,13,Vikna,-4.99716936500632e-05,3610,0.2086613123807251,300,159
0,Nesøy,5,5014,4430,4430,8681469,5,Hestmannøy,-5.001834993478211e-05,3611,0.2086613123807251,300,159
0,Nesøy,5,5014,1047,1047,8M72009,6,Indre Kvarøy,-5.00628397669649e-05,3612,0.2086613123807251,300,158
0,Nesøy,5,5014,1333,1333,8N05210,12,Vega,-5.007643715475977e-05,3613,0.2086613123807251,300,153
0,Nesøy,5,5014,2402,2402,8N27097,8,Lovund,-5.008212763092639e-05,3614,0.2086613123807251,300,157
0,Nesøy,5,5014,3599,3599,8N87619,14,Lauvøya,-5.009058303905025e-05,3615,0.2086613123807251,300,154
0,Nesøy,5,5014,2283,2283,8N14666,13,Vikna,-5.0141224280589536e-05,3616,0.2086613123807251,300,151
0,Nesøy,5,5014,5574,5574,8981965,2,Træna,-5.0262384799745766e-05,3617,0.2086613123807251,300,153
0,Nesøy,5,5014,3970,3970,8P14311,14,Lauvøya,-5.050460670660293e-05,3618,0.2086613123807251,300,160
0,Nesøy,5,5014,767,767,8M31524,4,Gjerøy,-5.053242478624698e-05,3619,0.2086613123807251,300,156
0,Nesøy,5,5014,3674,3674,8N87849,14,Lauvøya,-5.07034376069617e-05,3620,0.2086613123807251,300,149
0,Nesøy,5,5014,1867,1867,8N13139,14,Lauvøya,-5.079813573623902e-05,3621,0.2086613123807251,300,157
0,Nesøy,5,5014,2711,2711,8N42285,5,Hestmannøy,-5.080571549136141e-05,3622,0.2086613123807251,300,157
0,Nesøy,5,5014,3450,3450,8N87071,5,Hestmannøy,-5.104683633617153e-05,3623,0.2086613123807251,300,153
0,Nesøy,5,5014,2113,2113,8N14293,14,Lauvøya,-5.108483679045642e-05,3624,0.2086613123807251,300,158
0,Nesøy,5,5014,5468,5468,8981196,12,Vega,-5.1138814650550134e-05,3625,0.2086613123807251,300,151
0,Nesøy,5,5014,154,154,8L30777,12,Vega,-5.117379278590089e-05,3626,0.2086613123807251,300,163
0,Nesøy,5,5014,173,173,8L30882,4,Gjerøy,-5.121688255269084e-05,3627,0.2086613123807251,300,145
0,Nesøy,5,5014,3563,3563,8N87576,11,Leka,-5.1321872885556335e-05,3628,0.2086613123807251,300,164
0,Nesøy,5,5014,2595,2595,8N28538,9,Sleneset,-5.1445932163198017e-05,3629,0.2086613123807251,300,158
0,Nesøy,5,5014,3153,3153,8N73463,11,Leka,-5.167643190562131e-05,3630,0.2086613123807251,300,156
0,Nesøy,5,5014,5015,5015,8887134,9,Sleneset,-5.1686486062830284e-05,3631,0.2086613123807251,300,159
0,Nesøy,5,5014,3840,3840,8P11521,14,Lauvøya,-5.174158902722211e-05,3632,0.2086613123807251,300,165
0,Nesøy,5,5014,1082,1082,8M72405,13,Vikna,-5.20078924099759e-05,3633,0.2086613123807251,300,155
0,Nesøy,5,5014,3098,3098,8N73308,14,Lauvøya,-5.243211139852611e-05,3634,0.2086613123807251,300,158
0,Nesøy,5,5014,1263,1263,8N05139,12,Vega,-5.2729049430507494e-05,3635,0.2086613123807251,300,152
0,Nesøy,5,5014,2259,2259,8N14641,13,Vikna,-5.273919282189569e-05,3636,0.2086613123807251,300,154
0,Nesøy,5,5014,3752,3752,8N87929,13,Vikna,-5.279761209346615e-05,3637,0.2086613123807251,300,145
0,Nesøy,5,5014,2120,2120,8N14300,14,Lauvøya,-5.288044318119317e-05,3638,0.2086613123807251,300,149
0,Nesøy,5,5014,5496,5496,8981289,5,Hestmannøy,-5.331943516838773e-05,3639,0.2086613123807251,300,156
0,Nesøy,5,5014,2337,2337,8N14951,4,Gjerøy,-5.345998998118102e-05,3640,0.2086613123807251,300,154
0,Nesøy,5,5014,2468,2468,8N27455,5,Hestmannøy,-5.357760826255291e-05,3641,0.2086613123807251,300,168
0,Nesøy,5,5014,3684,3684,8N87859,14,Lauvøya,-5.358478294129806e-05,3642,0.2086613123807251,300,157
0,Nesøy,5,5014,1249,1249,8N05125,12,Vega,-5.399929213995155e-05,3643,0.2086613123807251,300,158
0,Nesøy,5,5014,3262,3262,8N73643,13,Vikna,-5.400656621470572e-05,3644,0.2086613123807251,300,159
0,Nesøy,5,5014,4173,4173,8168603,10,Aldra,-5.429463216273702e-05,3645,0.2086613123807251,300,156
0,Nesøy,5,5014,1818,1818,8N06879,11,Leka,-5.432113002199724e-05,3646,0.2086613123807251,300,167
0,Nesøy,5,5014,879,879,8M71084,2,Træna,-5.432734309713636e-05,3647,0.2086613123807251,300,156
0,Nesøy,5,5014,4852,4852,8800372,4,Gjerøy,-5.4498232755409936e-05,3648,0.2086613123807251,300,155
0,Nesøy,5,5014,3127,3127,8N73437,11,Leka,-5.462759787330555e-05,3649,0.2086613123807251,300,146
0,Nesøy,5,5014,2339,2339,8N14953,6,Indre Kvarøy,-5.4727901749851784e-05,3650,0.2086613123807251,300,155
0,Nesøy,5,5014,2365,2365,8N27031,14,Lauvøya,-5.472833404870201e-05,3651,0.2086613123807251,300,150
0,Nesøy,5,5014,2474,2474,8N27551,5,Hestmannøy,-5.475886012043595e-05,3652,0.2086613123807251,300,155
0,Nesøy,5,5014,4156,4156,8P26702,7,Onøy og Lurøy,-5.478379014478438e-05,3653,0.2086613123807251,300,162
0,Nesøy,5,5014,2205,2205,8N14586,11,Leka,-5.498980531295519e-05,3654,0.2086613123807251,300,153
0,Nesøy,5,5014,284,284,8L52210,4,Gjerøy,-5.508917535832769e-05,3655,0.2086613123807251,300,147
0,Nesøy,5,5014,3859,3859,8P11540,14,Lauvøya,-5.517173824057946e-05,3656,0.2086613123807251,300,161
0,Nesøy,5,5014,3176,3176,8N73487,11,Leka,-5.528949697425556e-05,3657,0.2086613123807251,300,154
0,Nesøy,5,5014,577,577,8L89379,5,Hestmannøy,-5.5405105473264605e-05,3658,0.2086613123807251,300,156
0,Nesøy,5,5014,3104,3104,8N73314,14,Lauvøya,-5.557715631124703e-05,3659,0.2086613123807251,300,167
0,Nesøy,5,5014,178,178,8L30917,2,Træna,-5.577776859949904e-05,3660,0.2086613123807251,300,162
0,Nesøy,5,5014,1132,1132,8M72617,4,Gjerøy,-5.584177823300541e-05,3661,0.2086613123807251,300,151
0,Nesøy,5,5014,3230,3230,8N73611,14,Lauvøya,-5.593050621435333e-05,3662,0.2086613123807251,300,150
0,Nesøy,5,5014,2233,2233,8N14614,13,Vikna,-5.601781700477737e-05,3663,0.2086613123807251,300,148
0,Nesøy,5,5014,2242,2242,8N14623,13,Vikna,-5.603141594372135e-05,3664,0.2086613123807251,300,158
0,Nesøy,5,5014,1164,1164,8M72749,1,Myken,-5.6081856252720014e-05,3665,0.2086613123807251,300,152
0,Nesøy,5,5014,5282,5282,8939341,7,Onøy og Lurøy,-5.6109107425226694e-05,3666,0.2086613123807251,300,166
0,Nesøy,5,5014,542,542,8L89244,6,Indre Kvarøy,-5.626420363981322e-05,3667,0.2086613123807251,300,156
0,Nesøy,5,5014,2087,2087,8N14157,6,Indre Kvarøy,-5.647092612436777e-05,3668,0.2086613123807251,300,157
0,Nesøy,5,5014,2920,2920,8N72696,11,Leka,-5.6518982227140846e-05,3669,0.2086613123807251,300,159
0,Nesøy,5,5014,4016,4016,8P14769,1,Myken,-5.663220189140711e-05,3670,0.2086613123807251,300,158
0,Nesøy,5,5014,5441,5441,8981009,5,Hestmannøy,-5.6880022892994464e-05,3671,0.2086613123807251,300,159
0,Nesøy,5,5014,3731,3731,8N87907,13,Vikna,-5.692082091645054e-05,3672,0.2086613123807251,300,158
0,Nesøy,5,5014,2796,2796,8N42783,5,Hestmannøy,-5.698599014222862e-05,3673,0.2086613123807251,300,145
0,Nesøy,5,5014,4005,4005,8P14641,9,Sleneset,-5.7096169459609455e-05,3674,0.2086613123807251,300,161
0,Nesøy,5,5014,3459,3459,8N87160,10,Aldra,-5.711324937641074e-05,3675,0.2086613123807251,300,151
0,Nesøy,5,5014,4043,4043,8P14854,14,Lauvøya,-5.719174347217126e-05,3676,0.2086613123807251,300,154
0,Nesøy,5,5014,494,494,8L64529,14,Lauvøya,-5.733515948801153e-05,3677,0.2086613123807251,300,152
0,Nesøy,5,5014,4661,4661,8747519,5,Hestmannøy,-5.7521611855589835e-05,3678,0.2086613123807251,300,154
0,Nesøy,5,5014,2634,2634,8N28781,5,Hestmannøy,-5.7550295775809304e-05,3679,0.2086613123807251,300,152
0,Nesøy,5,5014,1055,1055,8M72036,3,Selvær,-5.764930876259122e-05,3680,0.2086613123807251,300,159
0,Nesøy,5,5014,2342,2342,8N14956,5,Hestmannøy,-5.772368067610418e-05,3681,0.2086613123807251,300,153
0,Nesøy,5,5014,2380,2380,8N27075,14,Lauvøya,-5.794829604695951e-05,3682,0.2086613123807251,300,162
0,Nesøy,5,5014,4498,4498,8730953,3,Selvær,-5.807213945971207e-05,3683,0.2086613123807251,300,146
0,Nesøy,5,5014,2578,2578,8N28404,9,Sleneset,-5.812605138659967e-05,3684,0.2086613123807251,300,161
0,Nesøy,5,5014,3224,3224,8N73605,14,Lauvøya,-5.815041318986188e-05,3685,0.2086613123807251,300,160
0,Nesøy,5,5014,872,872,8M71061,5,Hestmannøy,-5.818325996752445e-05,3686,0.2086613123807251,300,163
0,Nesøy,5,5014,3578,3578,8N87592,11,Leka,-5.833575212953618e-05,3687,0.2086613123807251,300,153
0,Nesøy,5,5014,1122,1122,8M72593,11,Leka,-5.850891212460117e-05,3688,0.2086613123807251,300,166
0,Nesøy,5,5014,3727,3727,8N87903,13,Vikna,-5.85097682703169e-05,3689,0.2086613123807251,300,153
0,Nesøy,5,5014,5153,5153,8934236,2,Træna,-5.856050197077046e-05,3690,0.2086613123807251,300,155
0,Nesøy,5,5014,2557,2557,8N28220,2,Træna,-5.856248155251659e-05,3691,0.2086613123807251,300,160
0,Nesøy,5,5014,4146,4146,8P26622,2,Træna,-5.857951694877172e-05,3692,0.2086613123807251,300,163
0,Nesøy,5,5014,5060,5060,8887360,10,Aldra,-5.895013232587425e-05,3693,0.2086613123807251,300,156
0,Nesøy,5,5014,1450,1450,8N05513,8,Lovund,-5.8958000438625536e-05,3694,0.2086613123807251,300,164
0,Nesøy,5,5014,532,532,8L89003,14,Lauvøya,-5.9100241218594815e-05,3695,0.2086613123807251,300,147
0,Nesøy,5,5014,4132,4132,8P26518,9,Sleneset,-5.910450517242936e-05,3696,0.2086613123807251,300,154
0,Nesøy,5,5014,4997,4997,8866741,6,Indre Kvarøy,-5.9150580681116284e-05,3697,0.2086613123807251,300,160
0,Nesøy,5,5014,4091,4091,8P14970,14,Lauvøya,-5.919351125350379e-05,3698,0.2086613123807251,300,164
0,Nesøy,5,5014,1881,1881,8N13418,2,Træna,-5.9356645697198535e-05,3699,0.2086613123807251,300,162
0,Nesøy,5,5014,423,423,8L57906,2,Træna,-5.938450407601367e-05,3700,0.2086613123807251,300,148
0,Nesøy,5,5014,4472,4472,8730535,5,Hestmannøy,-5.9398371183595405e-05,3701,0.2086613123807251,300,152
0,Nesøy,5,5014,456,456,8L64176,2,Træna,-5.951933925948528e-05,3702,0.2086613123807251,300,158
0,Nesøy,5,5014,3151,3151,8N73461,11,Leka,-5.958357245213036e-05,3703,0.2086613123807251,300,151
0,Nesøy,5,5014,1953,1953,8N13654,14,Lauvøya,-5.968560635240173e-05,3704,0.2086613123807251,300,152
0,Nesøy,5,5014,1971,1971,8N13673,13,Vikna,-5.9838737485506907e-05,3705,0.2086613123807251,300,162
0,Nesøy,5,5014,3866,3866,8P11548,14,Lauvøya,-5.989119805632683e-05,3706,0.2086613123807251,300,153
0,Nesøy,5,5014,3992,3992,8P14607,7,Onøy og Lurøy,-5.992298252200654e-05,3707,0.2086613123807251,300,161
0,Nesøy,5,5014,467,467,8L64265,2,Træna,-6.007262716615637e-05,3708,0.2086613123807251,300,151
0,Nesøy,5,5014,2565,2565,8N28254,7,Onøy og Lurøy,-6.007451010983446e-05,3709,0.2086613123807251,300,147
0,Nesøy,5,5014,2393,2393,8N27088,14,Lauvøya,-6.019460722277676e-05,3710,0.2086613123807251,300,154
0,Nesøy,5,5014,1383,1383,8N05261,13,Vikna,-6.0252689860615923e-05,3711,0.2086613123807251,300,153
0,Nesøy,5,5014,3870,3870,8P11552,14,Lauvøya,-6.03793792129421e-05,3712,0.2086613123807251,300,154
0,Nesøy,5,5014,1556,1556,8N05704,5,Hestmannøy,-6.050570366226164e-05,3713,0.2086613123807251,300,154
0,Nesøy,5,5014,755,755,8M31468,5,Hestmannøy,-6.0590541246821085e-05,3714,0.2086613123807251,300,153
0,Nesøy,5,5014,4497,4497,8730952,3,Selvær,-6.0591445645422904e-05,3715,0.2086613123807251,300,162
0,Nesøy,5,5014,3403,3403,8N73969,12,Vega,-6.069588871703249e-05,3716,0.2086613123807251,300,159
0,Nesøy,5,5014,825,825,8L89486,11,Leka,-6.073025437692248e-05,3717,0.2086613123807251,300,155
0,Nesøy,5,5014,3612,3612,8N87633,14,Lauvøya,-6.0806623347994804e-05,3718,0.2086613123807251,300,167
0,Nesøy,5,5014,2035,2035,8N13962,6,Indre Kvarøy,-6.0962454623493626e-05,3719,0.2086613123807251,300,165
0,Nesøy,5,5014,905,905,8M71201,6,Indre Kvarøy,-6.112419705656823e-05,3720,0.2086613123807251,300,160
0,Nesøy,5,5014,1089,1089,8M72425,13,Vikna,-6.118257581614124e-05,3721,0.2086613123807251,300,150
0,Nesøy,5,5014,659,659,8L89734,4,Gjerøy,-6.128774904212131e-05,3722,0.2086613123807251,300,153
0,Nesøy,5,5014,1938,1938,8N13637,14,Lauvøya,-6.138701698810606e-05,3723,0.2086613123807251,300,171
0,Nesøy,5,5014,1711,1711,8N06559,4,Gjerøy,-6.145009662062745e-05,3724,0.2086613123807251,300,153
0,Nesøy,5,5014,2836,2836,8N72208,3,Selvær,-6.151069183175243e-05,3725,0.2086613123807251,300,152
0,Nesøy,5,5014,262,262,8L48767,11,Leka,-6.16997993435369e-05,3726,0.2086613123807251,300,163
0,Nesøy,5,5014,2236,2236,8N14617,13,Vikna,-6.182743201445782e-05,3727,0.2086613123807251,300,147
0,Nesøy,5,5014,1478,1478,8N05613,14,Lauvøya,-6.1973512290914e-05,3728,0.2086613123807251,300,164
0,Nesøy,5,5014,218,218,8L48474,4,Gjerøy,-6.200146458047235e-05,3729,0.2086613123807251,300,155
0,Nesøy,5,5014,4368,4368,8681075,5,Hestmannøy,-6.203816947246043e-05,3730,0.2086613123807251,300,162
0,Nesøy,5,5014,1283,1283,8N05160,12,Vega,-6.21661528105069e-05,3731,0.2086613123807251,300,164
0,Nesøy,5,5014,5224,5224,8934808,3,Selvær,-6.253783192340316e-05,3732,0.2086613123807251,300,161
0,Nesøy,5,5014,3885,3885,8P11567,14,Lauvøya,-6.284035177870164e-05,3733,0.2086613123807251,300,163
0,Nesøy,5,5014,2289,2289,8N14672,13,Vikna,-6.312321313549477e-05,3734,0.2086613123807251,300,144
0,Nesøy,5,5014,4725,4725,8747756,5,Hestmannøy,-6.31361544112734e-05,3735,0.2086613123807251,300,166
0,Nesøy,5,5014,3766,3766,8N87943,13,Vikna,-6.31693546771504e-05,3736,0.2086613123807251,300,157
0,Nesøy,5,5014,803,803,8M31739,3,Selvær,-6.318920530735583e-05,3737,0.2086613123807251,300,159
0,Nesøy,5,5014,40,40,8L19922,10,Aldra,-6.327254476636421e-05,3738,0.2086613123807251,300,164
0,Nesøy,5,5014,4187,4187,8168648,4,Gjerøy,-6.336496268947604e-05,3739,0.2086613123807251,300,156
0,Nesøy,5,5014,1641,1641,8N06178,9,Sleneset,-6.353733784611526e-05,3740,0.2086613123807251,300,146
0,Nesøy,5,5014,310,310,8L52330,12,Vega,-6.377966501007491e-05,3741,0.2086613123807251,300,143
0,Nesøy,5,5014,2725,2725,8N42476,14,Lauvøya,-6.38980232265208e-05,3742,0.2086613123807251,300,157
0,Nesøy,5,5014,5061,5061,8887364,9,Sleneset,-6.392310195879281e-05,3743,0.2086613123807251,300,154
0,Nesøy,5,5014,2505,2505,8N27891,6,Indre Kvarøy,-6.395445208519148e-05,3744,0.2086613123807251,300,152
0,Nesøy,5,5014,1601,1601,8N05868,11,Leka,-6.409558263536731e-05,3745,0.2086613123807251,300,156
0,Nesøy,5,5014,2683,2683,8N42063,9,Sleneset,-6.42691477639466e-05,3746,0.2086613123807251,300,166
0,Nesøy,5,5014,4315,4315,8651883,4,Gjerøy,-6.427696906154987e-05,3747,0.2086613123807251,300,149
0,Nesøy,5,5014,709,709,8M31224,11,Leka,-6.44366975040651e-05,3748,0.2086613123807251,300,148
0,Nesøy,5,5014,1808,1808,8N06869,11,Leka,-6.446787255566617e-05,3749,0.2086613123807251,300,158
0,Nesøy,5,5014,210,210,8L48454,5,Hestmannøy,-6.468234625727473e-05,3750,0.2086613123807251,300,155
0,Nesøy,5,5014,1777,1777,8N06838,11,Leka,-6.484174483762894e-05,3751,0.2086613123807251,300,164
0,Nesøy,5,5014,1860,1860,8N13105,14,Lauvøya,-6.493151917803482e-05,3752,0.2086613123807251,300,163
0,Nesøy,5,5014,2180,2180,8N14560,11,Leka,-6.5147697816659e-05,3753,0.2086613123807251,300,167
0,Nesøy,5,5014,1230,1230,8N05106,12,Vega,-6.5285885563727e-05,3754,0.2086613123807251,300,144
0,Nesøy,5,5014,2269,2269,8N14652,13,Vikna,-6.545607183795433e-05,3755,0.2086613123807251,300,158
0,Nesøy,5,5014,2,2,8L19540,3,Selvær,-6.559433775995855e-05,3756,0.2086613123807251,300,158
0,Nesøy,5,5014,1785,1785,8N06846,11,Leka,-6.579962913607e-05,3757,0.2086613123807251,300,150
0,Nesøy,5,5014,3759,3759,8N87936,13,Vikna,-6.580501243298751e-05,3758,0.2086613123807251,300,160
0,Nesøy,5,5014,3259,3259,8N73640,13,Vikna,-6.594055426669841e-05,3759,0.2086613123807251,300,155
0,Nesøy,5,5014,4432,4432,8681473,3,Selvær,-6.59509847762016e-05,3760,0.2086613123807251,300,157
0,Nesøy,5,5014,2390,2390,8N27085,14,Lauvøya,-6.596694533866611e-05,3761,0.2086613123807251,300,157
0,Nesøy,5,5014,164,164,8L30813,9,Sleneset,-6.615784302277528e-05,3762,0.2086613123807251,300,156
0,Nesøy,5,5014,4733,4733,8747796,9,Sleneset,-6.616717831684842e-05,3763,0.2086613123807251,300,157
0,Nesøy,5,5014,1104,1104,8M72544,11,Leka,-6.633234295441049e-05,3764,0.2086613123807251,300,157
0,Nesøy,5,5014,3786,3786,8N87963,13,Vikna,-6.652129510571942e-05,3765,0.2086613123807251,300,151
0,Nesøy,5,5014,3219,3219,8N73589,5,Hestmannøy,-6.665931999577991e-05,3766,0.2086613123807251,300,163
0,Nesøy,5,5014,3221,3221,8N73602,14,Lauvøya,-6.66992186190144e-05,3767,0.2086613123807251,300,156
0,Nesøy,5,5014,3914,3914,8P11788,2,Træna,-6.674017403976767e-05,3768,0.2086613123807251,300,160
0,Nesøy,5,5014,2184,2184,8N14565,11,Leka,-6.68997044192818e-05,3769,0.2086613123807251,300,163
0,Nesøy,5,5014,3912,3912,8P11783,2,Træna,-6.692441419241237e-05,3770,0.2086613123807251,300,161
0,Nesøy,5,5014,2935,2935,8N72795,4,Gjerøy,-6.71051612567259e-05,3771,0.2086613123807251,300,166
0,Nesøy,5,5014,3524,3524,8N87537,11,Leka,-6.713702767091339e-05,3772,0.2086613123807251,300,156
0,Nesøy,5,5014,5205,5205,8934474,3,Selvær,-6.730865558840645e-05,3773,0.2086613123807251,300,157
0,Nesøy,5,5014,2724,2724,8N42463,14,Lauvøya,-6.7331486037244e-05,3774,0.2086613123807251,300,161
0,Nesøy,5,5014,2817,2817,8N28892,5,Hestmannøy,-6.740576003688318e-05,3775,0.2086613123807251,300,151
0,Nesøy,5,5014,4536,4536,8732511,2,Træna,-6.755910245981051e-05,3776,0.2086613123807251,300,166
0,Nesøy,5,5014,4109,4109,8P14986,14,Lauvøya,-6.757196627006062e-05,3777,0.2086613123807251,300,149
0,Nesøy,5,5014,670,670,8M31211,11,Leka,-6.758795786125441e-05,3778,0.2086613123807251,300,156
0,Nesøy,5,5014,3111,3111,8N73383,6,Indre Kvarøy,-6.7663400907595e-05,3779,0.2086613123807251,300,154
0,Nesøy,5,5014,3146,3146,8N73456,11,Leka,-6.772346587440581e-05,3780,0.2086613123807251,300,157
0,Nesøy,5,5014,5095,5095,8904440,11,Leka,-6.790137953655202e-05,3781,0.2086613123807251,300,147
0,Nesøy,5,5014,1366,1366,8N05243,13,Vikna,-6.810215914750505e-05,3782,0.2086613123807251,300,145
0,Nesøy,5,5014,357,357,8L52418,4,Gjerøy,-6.81974828823669e-05,3783,0.2086613123807251,300,151
0,Nesøy,5,5014,508,508,8L64839,3,Selvær,-6.820368869282934e-05,3784,0.2086613123807251,300,150
0,Nesøy,5,5014,4353,4353,8681055,6,Indre Kvarøy,-6.824772394232133e-05,3785,0.2086613123807251,300,152
0,Nesøy,5,5014,202,202,8L48438,5,Hestmannøy,-6.826072512080108e-05,3786,0.2086613123807251,300,163
0,Nesøy,5,5014,725,725,8M31294,5,Hestmannøy,-6.827381987659274e-05,3787,0.2086613123807251,300,164
0,Nesøy,5,5014,661,661,8L89741,5,Hestmannøy,-6.831996788360046e-05,3788,0.2086613123807251,300,161
0,Nesøy,5,5014,2971,2971,8N72932,13,Vikna,-6.834313879100879e-05,3789,0.2086613123807251,300,162
0,Nesøy,5,5014,2778,2778,8N42708,4,Gjerøy,-6.845879059988307e-05,3790,0.2086613123807251,300,159
0,Nesøy,5,5014,737,737,8M31337,5,Hestmannøy,-6.85117016829704e-05,3791,0.2086613123807251,300,158
0,Nesøy,5,5014,4298,4298,8651765,7,Onøy og Lurøy,-6.853438067969712e-05,3792,0.2086613123807251,300,156
0,Nesøy,5,5014,3401,3401,8N73967,12,Vega,-6.868001809726426e-05,3793,0.2086613123807251,300,157
0,Nesøy,5,5014,3189,3189,8N73500,12,Vega,-6.870636668829907e-05,3794,0.2086613123807251,300,160
0,Nesøy,5,5014,2003,2003,8N13849,14,Lauvøya,-6.885522872971344e-05,3795,0.2086613123807251,300,163
0,Nesøy,5,5014,3357,3357,8N73923,11,Leka,-6.886764046632364e-05,3796,0.2086613123807251,300,154
0,Nesøy,5,5014,1885,1885,8N13426,2,Træna,-6.915421195913295e-05,3797,0.2086613123807251,300,150
0,Nesøy,5,5014,2948,2948,8N72908,13,Vikna,-6.923737642015754e-05,3798,0.2086613123807251,300,158
0,Nesøy,5,5014,3558,3558,8N87571,11,Leka,-6.935637296781904e-05,3799,0.2086613123807251,300,152
0,Nesøy,5,5014,4851,4851,8800371,4,Gjerøy,-6.958857765941158e-05,3800,0.2086613123807251,300,159
0,Nesøy,5,5014,3942,3942,8P14061,4,Gjerøy,-6.960198741453738e-05,3801,0.2086613123807251,300,163
0,Nesøy,5,5014,2177,2177,8N14557,11,Leka,-6.984884451933542e-05,3802,0.2086613123807251,300,159
0,Nesøy,5,5014,5140,5140,8934077,5,Hestmannøy,-6.994850634947163e-05,3803,0.2086613123807251,300,149
0,Nesøy,5,5014,3534,3534,8N87547,11,Leka,-7.022078583022865e-05,3804,0.2086613123807251,300,161
0,Nesøy,5,5014,2050,2050,8N14002,6,Indre Kvarøy,-7.050677076007945e-05,3805,0.2086613123807251,300,148
0,Nesøy,5,5014,1149,1149,8M72679,5,Hestmannøy,-7.054733686327687e-05,3806,0.2086613123807251,300,156
0,Nesøy,5,5014,4333,4333,8681003,4,Gjerøy,-7.07075133960738e-05,3807,0.2086613123807251,300,159
0,Nesøy,5,5014,4299,4299,8651772,3,Selvær,-7.076919408522601e-05,3808,0.2086613123807251,300,145
0,Nesøy,5,5014,1639,1639,8N06037,2,Træna,-7.099751528859897e-05,3809,0.2086613123807251,300,157
0,Nesøy,5,5014,2777,2777,8N42707,4,Gjerøy,-7.119912635284287e-05,3810,0.2086613123807251,300,157
0,Nesøy,5,5014,3851,3851,8P11532,14,Lauvøya,-7.120259375140504e-05,3811,0.2086613123807251,300,159
0,Nesøy,5,5014,320,320,8L52349,11,Leka,-7.137180904846157e-05,3812,0.2086613123807251,300,157
0,Nesøy,5,5014,3240,3240,8N73621,13,Vikna,-7.143717984499992e-05,3813,0.2086613123807251,300,157
0,Nesøy,5,5014,3068,3068,8N73230,12,Vega,-7.146031036459459e-05,3814,0.2086613123807251,300,159
0,Nesøy,5,5014,3521,3521,8N87534,11,Leka,-7.151024095205112e-05,3815,0.2086613123807251,300,157
0,Nesøy,5,5014,3053,3053,8N73215,12,Vega,-7.156431004428106e-05,3816,0.2086613123807251,300,158
0,Nesøy,5,5014,4770,4770,8794307,5,Hestmannøy,-7.159325476949831e-05,3817,0.2086613123807251,300,153
0,Nesøy,5,5014,1679,1679,8N06476,12,Vega,-7.165288132569212e-05,3818,0.2086613123807251,300,151
0,Nesøy,5,5014,1521,1521,8N05663,13,Vikna,-7.173947012251803e-05,3819,0.2086613123807251,300,154
0,Nesøy,5,5014,4891,4891,8800570,5,Hestmannøy,-7.193367541427874e-05,3820,0.2086613123807251,300,149
0,Nesøy,5,5014,3739,3739,8N87916,13,Vikna,-7.197737416687345e-05,3821,0.2086613123807251,300,163
0,Nesøy,5,5014,3264,3264,8N73645,13,Vikna,-7.235009817221891e-05,3822,0.2086613123807251,300,159
0,Nesøy,5,5014,2897,2897,8N72673,11,Leka,-7.243439179097699e-05,3823,0.2086613123807251,300,154
0,Nesøy,5,5014,1537,1537,8N05679,14,Lauvøya,-7.259991826194763e-05,3824,0.2086613123807251,300,163
0,Nesøy,5,5014,4304,4304,8651790,2,Træna,-7.271041482093495e-05,3825,0.2086613123807251,300,142
0,Nesøy,5,5014,2183,2183,8N14564,11,Leka,-7.273425142119282e-05,3826,0.2086613123807251,300,153
0,Nesøy,5,5014,2908,2908,8N72684,11,Leka,-7.281296292556451e-05,3827,0.2086613123807251,300,148
0,Nesøy,5,5014,2028,2028,8N13937,5,Hestmannøy,-7.295040457980228e-05,3828,0.2086613123807251,300,154
0,Nesøy,5,5014,4889,4889,8800550,5,Hestmannøy,-7.298904188341883e-05,3829,0.2086613123807251,300,158
0,Nesøy,5,5014,2498,2498,8N27869,6,Indre Kvarøy,-7.305764129699415e-05,3830,0.2086613123807251,300,167
0,Nesøy,5,5014,4350,4350,8681052,4,Gjerøy,-7.306628451914064e-05,3831,0.2086613123807251,300,147
0,Nesøy,5,5014,198,198,8L48418,5,Hestmannøy,-7.325928015183559e-05,3832,0.2086613123807251,300,162
0,Nesøy,5,5014,4894,4894,8800592,5,Hestmannøy,-7.349810658948327e-05,3833,0.2086613123807251,300,164
0,Nesøy,5,5014,1909,1909,8N13601,14,Lauvøya,-7.381037836590073e-05,3834,0.2086613123807251,300,146
0,Nesøy,5,5014,4978,4978,8857405,5,Hestmannøy,-7.388554918733035e-05,3835,0.2086613123807251,300,156
0,Nesøy,5,5014,3458,3458,8N87141,2,Træna,-7.406306981710191e-05,3836,0.2086613123807251,300,165
0,Nesøy,5,5014,2425,2425,8N27241,5,Hestmannøy,-7.410209445891529e-05,3837,0.2086613123807251,300,160
0,Nesøy,5,5014,2653,2653,8N28815,5,Hestmannøy,-7.423655497968189e-05,3838,0.2086613123807251,300,162
0,Nesøy,5,5014,1579,1579,8N05798,10,Aldra,-7.434398026623588e-05,3839,0.2086613123807251,300,151
0,Nesøy,5,5014,4148,4148,8P26682,7,Onøy og Lurøy,-7.434513392857126e-05,3840,0.2086613123807251,300,160
0,Nesøy,5,5014,1609,1609,8N05878,11,Leka,-7.43648126747863e-05,3841,0.2086613123807251,300,157
0,Nesøy,5,5014,3845,3845,8P11526,14,Lauvøya,-7.459453768784216e-05,3842,0.2086613123807251,300,156
0,Nesøy,5,5014,5145,5145,8934215,3,Selvær,-7.46863946902561e-05,3843,0.2086613123807251,300,150
0,Nesøy,5,5014,1992,1992,8N13694,13,Vikna,-7.489305611117601e-05,3844,0.2086613123807251,300,147
0,Nesøy,5,5014,65,65,8L26526,9,Sleneset,-7.503995566919628e-05,3845,0.2086613123807251,300,150
0,Nesøy,5,5014,1755,1755,8N06786,5,Hestmannøy,-7.523905570494245e-05,3846,0.2086613123807251,300,167
0,Nesøy,5,5014,4947,4947,8857102,7,Onøy og Lurøy,-7.535164610992742e-05,3847,0.2086613123807251,300,148
0,Nesøy,5,5014,3509,3509,8N87522,11,Leka,-7.540186425139729e-05,3848,0.2086613123807251,300,162
0,Nesøy,5,5014,4372,4372,8681095,5,Hestmannøy,-7.56320032302033e-05,3849,0.2086613123807251,300,154
0,Nesøy,5,5014,3939,3939,8P14053,5,Hestmannøy,-7.583783684448852e-05,3850,0.2086613123807251,300,147
0,Nesøy,5,5014,4865,4865,8800437,6,Indre Kvarøy,-7.609277640611483e-05,3851,0.2086613123807251,300,164
0,Nesøy,5,5014,2740,2740,8N42518,5,Hestmannøy,-7.61197616624879e-05,3852,0.2086613123807251,300,163
0,Nesøy,5,5014,3271,3271,8N73652,13,Vikna,-7.619181015025574e-05,3853,0.2086613123807251,300,158
0,Nesøy,5,5014,971,971,8M71367,12,Vega,-7.625797007164825e-05,3854,0.2086613123807251,300,159
0,Nesøy,5,5014,4059,4059,8P14870,14,Lauvøya,-7.630511967635198e-05,3855,0.2086613123807251,300,154
0,Nesøy,5,5014,3657,3657,8N87830,14,Lauvøya,-7.635965631460549e-05,3856,0.2086613123807251,300,155
0,Nesøy,5,5014,3088,3088,8N73252,7,Onøy og Lurøy,-7.696446393430352e-05,3857,0.2086613123807251,300,152
0,Nesøy,5,5014,79,79,8L30001,10,Aldra,-7.705141302540808e-05,3858,0.2086613123807251,300,156
0,Nesøy,5,5014,3022,3022,8N73094,5,Hestmannøy,-7.71171275643453e-05,3859,0.2086613123807251,300,164
0,Nesøy,5,5014,2149,2149,8N14528,11,Leka,-7.718533881562394e-05,3860,0.2086613123807251,300,157
0,Nesøy,5,5014,2244,2244,8N14625,13,Vikna,-7.73340456760036e-05,3861,0.2086613123807251,300,153
0,Nesøy,5,5014,2999,2999,8N72961,13,Vikna,-7.737736598248384e-05,3862,0.2086613123807251,300,150
0,Nesøy,5,5014,111,111,8L30467,12,Vega,-7.76995851227114e-05,3863,0.2086613123807251,300,158
0,Nesøy,5,5014,2199,2199,8N14580,11,Leka,-7.778582627262485e-05,3864,0.2086613123807251,300,158
0,Nesøy,5,5014,1856,1856,8N13090,14,Lauvøya,-7.799259468027789e-05,3865,0.2086613123807251,300,159
0,Nesøy,5,5014,2847,2847,8N72348,6,Indre Kvarøy,-7.810676327681174e-05,3866,0.2086613123807251,300,164
0,Nesøy,5,5014,1419,1419,8N05298,13,Vikna,-7.830143884562539e-05,3867,0.2086613123807251,300,154
0,Nesøy,5,5014,4332,4332,8681002,4,Gjerøy,-7.840958757052746e-05,3868,0.2086613123807251,300,155
0,Nesøy,5,5014,554,554,8L89276,5,Hestmannøy,-7.877021220475827e-05,3869,0.2086613123807251,300,159
0,Nesøy,5,5014,2048,2048,8N13986,5,Hestmannøy,-7.879386425656761e-05,3870,0.2086613123807251,300,170
0,Nesøy,5,5014,3569,3569,8N87583,11,Leka,-7.893481796737004e-05,3871,0.2086613123807251,300,153
0,Nesøy,5,5014,2978,2978,8N72939,13,Vikna,-7.905297047283572e-05,3872,0.2086613123807251,300,159
0,Nesøy,5,5014,4033,4033,8P14844,14,Lauvøya,-7.917199956272571e-05,3873,0.2086613123807251,300,160
0,Nesøy,5,5014,3294,3294,8N73675,13,Vikna,-7.922378554668172e-05,3874,0.2086613123807251,300,162
0,Nesøy,5,5014,4201,4201,8168769,5,Hestmannøy,-7.922883674667147e-05,3875,0.2086613123807251,300,166
0,Nesøy,5,5014,1038,1038,8M71835,4,Gjerøy,-7.933667894264309e-05,3876,0.2086613123807251,300,160
0,Nesøy,5,5014,2192,2192,8N14573,11,Leka,-7.933906406122638e-05,3877,0.2086613123807251,300,147
0,Nesøy,5,5014,2752,2752,8N42535,4,Gjerøy,-7.936890670704314e-05,3878,0.2086613123807251,300,153
0,Nesøy,5,5014,3328,3328,8N73818,5,Hestmannøy,-7.943454297287227e-05,3879,0.2086613123807251,300,157
0,Nesøy,5,5014,3531,3531,8N87544,11,Leka,-7.952316871936158e-05,3880,0.2086613123807251,300,165
0,Nesøy,5,5014,1336,1336,8N05213,12,Vega,-7.977232834455193e-05,3881,0.2086613123807251,300,155
0,Nesøy,5,5014,635,635,8L89645,6,Indre Kvarøy,-7.982070000473491e-05,3882,0.2086613123807251,300,155
0,Nesøy,5,5014,1915,1915,8N13616,14,Lauvøya,-7.984822933738911e-05,3883,0.2086613123807251,300,153
0,Nesøy,5,5014,5150,5150,8934227,10,Aldra,-8.000296119839667e-05,3884,0.2086613123807251,300,154
0,Nesøy,5,5014,2082,2082,8N14116,5,Hestmannøy,-8.000487855076736e-05,3885,0.2086613123807251,300,161
0,Nesøy,5,5014,1959,1959,8N13660,13,Vikna,-8.002659654104719e-05,3886,0.2086613123807251,300,158
0,Nesøy,5,5014,1859,1859,8N13100,14,Lauvøya,-8.013162460201283e-05,3887,0.2086613123807251,300,158
0,Nesøy,5,5014,4672,4672,8747553,10,Aldra,-8.016824488945341e-05,3888,0.2086613123807251,300,152
0,Nesøy,5,5014,2841,2841,8N72268,7,Onøy og Lurøy,-8.034899025068119e-05,3889,0.2086613123807251,300,166
0,Nesøy,5,5014,4036,4036,8P14847,14,Lauvøya,-8.043546692349666e-05,3890,0.2086613123807251,300,148
0,Nesøy,5,5014,5021,5021,8887220,4,Gjerøy,-8.04775750438576e-05,3891,0.2086613123807251,300,153
0,Nesøy,5,5014,163,163,8L30809,3,Selvær,-8.05007925350718e-05,3892,0.2086613123807251,300,152
0,Nesøy,5,5014,1595,1595,8N05861,11,Leka,-8.078885470891233e-05,3893,0.2086613123807251,300,157
0,Nesøy,5,5014,2155,2155,8N14534,11,Leka,-8.090222211282746e-05,3894,0.2086613123807251,300,170
0,Nesøy,5,5014,5075,5075,8887429,8,Lovund,-8.09585209527528e-05,3895,0.2086613123807251,300,149
0,Nesøy,5,5014,437,437,8L64011,11,Leka,-8.09759386186835e-05,3896,0.2086613123807251,300,152
0,Nesøy,5,5014,3133,3133,8N73443,11,Leka,-8.103581937274289e-05,3897,0.2086613123807251,300,151
0,Nesøy,5,5014,4108,4108,8P14985,14,Lauvøya,-8.104773623870313e-05,3898,0.2086613123807251,300,154
0,Nesøy,5,5014,3705,3705,8N87881,13,Vikna,-8.105933297010922e-05,3899,0.2086613123807251,300,154
0,Nesøy,5,5014,3855,3855,8P11536,14,Lauvøya,-8.118561508339626e-05,3900,0.2086613123807251,300,160
0,Nesøy,5,5014,5292,5292,8939369,7,Onøy og Lurøy,-8.121854325708094e-05,3901,0.2086613123807251,300,161
0,Nesøy,5,5014,2098,2098,8N14188,5,Hestmannøy,-8.123963230366945e-05,3902,0.2086613123807251,300,150
0,Nesøy,5,5014,5408,5408,8943484,2,Træna,-8.14307516098422e-05,3903,0.2086613123807251,300,156
0,Nesøy,5,5014,2824,2824,8N72036,2,Træna,-8.146364960057544e-05,3904,0.2086613123807251,300,161
0,Nesøy,5,5014,1276,1276,8N05153,12,Vega,-8.149523816894278e-05,3905,0.2086613123807251,300,147
0,Nesøy,5,5014,146,146,8L30764,12,Vega,-8.149843711542616e-05,3906,0.2086613123807251,300,148
0,Nesøy,5,5014,3617,3617,8N87711,5,Hestmannøy,-8.163229689138227e-05,3907,0.2086613123807251,300,162
0,Nesøy,5,5014,503,503,8L64824,2,Træna,-8.172004032083189e-05,3908,0.2086613123807251,300,155
0,Nesøy,5,5014,2170,2170,8N14550,11,Leka,-8.173958884036735e-05,3909,0.2086613123807251,300,156
0,Nesøy,5,5014,3243,3243,8N73624,13,Vikna,-8.174143569929915e-05,3910,0.2086613123807251,300,152
0,Nesøy,5,5014,2936,2936,8N72802,14,Lauvøya,-8.179684010859224e-05,3911,0.2086613123807251,300,158
0,Nesøy,5,5014,1107,1107,8M72557,11,Leka,-8.249797621424881e-05,3912,0.2086613123807251,300,160
0,Nesøy,5,5014,4215,4215,8309173,5,Hestmannøy,-8.301513611703689e-05,3913,0.2086613123807251,300,158
0,Nesøy,5,5014,2976,2976,8N72937,13,Vikna,-8.312686062592391e-05,3914,0.2086613123807251,300,147
0,Nesøy,5,5014,2011,2011,8N13857,14,Lauvøya,-8.313098892237328e-05,3915,0.2086613123807251,300,159
0,Nesøy,5,5014,2510,2510,8N27903,6,Indre Kvarøy,-8.313288258131047e-05,3916,0.2086613123807251,300,164
0,Nesøy,5,5014,3849,3849,8P11530,14,Lauvøya,-8.316625956878482e-05,3917,0.2086613123807251,300,166
0,Nesøy,5,5014,598,598,8L89467,6,Indre Kvarøy,-8.341977399247731e-05,3918,0.2086613123807251,300,158
0,Nesøy,5,5014,2346,2346,8N14960,5,Hestmannøy,-8.378834051250698e-05,3919,0.2086613123807251,300,153
0,Nesøy,5,5014,1013,1013,8M71512,1,Myken,-8.384665681893549e-05,3920,0.2086613123807251,300,164
0,Nesøy,5,5014,1448,1448,8N05472,6,Indre Kvarøy,-8.389384164154311e-05,3921,0.2086613123807251,300,152
0,Nesøy,5,5014,1740,1740,8N06694,14,Lauvøya,-8.427301431570643e-05,3922,0.2086613123807251,300,161
0,Nesøy,5,5014,3804,3804,8N87981,13,Vikna,-8.43265110321912e-05,3923,0.2086613123807251,300,166
0,Nesøy,5,5014,444,444,8L64093,12,Vega,-8.455719720182147e-05,3924,0.2086613123807251,300,160
0,Nesøy,5,5014,1258,1258,8N05134,12,Vega,-8.471962512174616e-05,3925,0.2086613123807251,300,152
0,Nesøy,5,5014,5275,5275,8939196,5,Hestmannøy,-8.483616226997727e-05,3926,0.2086613123807251,300,162
0,Nesøy,5,5014,4544,4544,8732577,7,Onøy og Lurøy,-8.486988490737732e-05,3927,0.2086613123807251,300,146
0,Nesøy,5,5014,1741,1741,8N06695,14,Lauvøya,-8.502793346522944e-05,3928,0.2086613123807251,300,164
0,Nesøy,5,5014,2312,2312,8N14733,3,Selvær,-8.52488755751753e-05,3929,0.2086613123807251,300,152
0,Nesøy,5,5014,2925,2925,8N72716,4,Gjerøy,-8.542706354739821e-05,3930,0.2086613123807251,300,157
0,Nesøy,5,5014,1781,1781,8N06842,11,Leka,-8.54685650174271e-05,3931,0.2086613123807251,300,166
0,Nesøy,5,5014,2934,2934,8N72785,5,Hestmannøy,-8.551750192086118e-05,3932,0.2086613123807251,300,165
0,Nesøy,5,5014,349,349,8L52395,12,Vega,-8.56193491160517e-05,3933,0.2086613123807251,300,154
0,Nesøy,5,5014,2031,2031,8N13951,4,Gjerøy,-8.577481104914308e-05,3934,0.2086613123807251,300,164
0,Nesøy,5,5014,3525,3525,8N87538,11,Leka,-8.579534965281557e-05,3935,0.2086613123807251,300,160
0,Nesøy,5,5014,2000,2000,8N13717,8,Lovund,-8.590643315700129e-05,3936,0.2086613123807251,300,147
0,Nesøy,5,5014,299,299,8L52305,5,Hestmannøy,-8.602236978946985e-05,3937,0.2086613123807251,300,161
0,Nesøy,5,5014,1398,1398,8N05276,13,Vikna,-8.605880221714227e-05,3938,0.2086613123807251,300,164
0,Nesøy,5,5014,1844,1844,8N06941,4,Gjerøy,-8.608441174235574e-05,3939,0.2086613123807251,300,159
0,Nesøy,5,5014,1218,1218,8N05018,4,Gjerøy,-8.611945817429993e-05,3940,0.2086613123807251,300,157
0,Nesøy,5,5014,1424,1424,8N05303,13,Vikna,-8.61723886455452e-05,3941,0.2086613123807251,300,160
0,Nesøy,5,5014,943,943,8M71306,6,Indre Kvarøy,-8.625156258170031e-05,3942,0.2086613123807251,300,160
0,Nesøy,5,5014,973,973,8M71374,12,Vega,-8.651141920254635e-05,3943,0.2086613123807251,300,153
0,Nesøy,5,5014,3366,3366,8N73932,12,Vega,-8.659307099070332e-05,3944,0.2086613123807251,300,146
0,Nesøy,5,5014,3043,3043,8N73199,14,Lauvøya,-8.664642924269724e-05,3945,0.2086613123807251,300,158
0,Nesøy,5,5014,4009,4009,8P14648,2,Træna,-8.706617251272329e-05,3946,0.2086613123807251,300,152
0,Nesøy,5,5014,4974,4974,8857279,10,Aldra,-8.712668979785377e-05,3947,0.2086613123807251,300,150
0,Nesøy,5,5014,2532,2532,8N28001,2,Træna,-8.71372962294075e-05,3948,0.2086613123807251,300,149
0,Nesøy,5,5014,1494,1494,8N05630,14,Lauvøya,-8.719445949697535e-05,3949,0.2086613123807251,300,163
0,Nesøy,5,5014,5014,5014,8887130,3,Selvær,-8.744547183800501e-05,3950,0.2086613123807251,300,149
0,Nesøy,5,5014,4400,4400,8681290,7,Onøy og Lurøy,-8.746091395703716e-05,3951,0.2086613123807251,300,166
0,Nesøy,5,5014,4254,4254,8573572,4,Gjerøy,-8.75027136881344e-05,3952,0.2086613123807251,300,141
0,Nesøy,5,5014,3097,3097,8N73307,14,Lauvøya,-8.750298623814489e-05,3953,0.2086613123807251,300,158
0,Nesøy,5,5014,2423,2423,8N27200,14,Lauvøya,-8.798000806095277e-05,3954,0.2086613123807251,300,165
0,Nesøy,5,5014,4382,4382,8681184,4,Gjerøy,-8.800568906241681e-05,3955,0.2086613123807251,300,158
0,Nesøy,5,5014,1379,1379,8N05257,13,Vikna,-8.817988749726384e-05,3956,0.2086613123807251,300,164
0,Nesøy,5,5014,2950,2950,8N72910,13,Vikna,-8.834593161790203e-05,3957,0.2086613123807251,300,161
0,Nesøy,5,5014,1848,1848,8N06976,4,Gjerøy,-8.837145170162056e-05,3958,0.2086613123807251,300,153
0,Nesøy,5,5014,1068,1068,8M72245,2,Træna,-8.849026968130562e-05,3959,0.2086613123807251,300,157
0,Nesøy,5,5014,1580,1580,8N05810,5,Hestmannøy,-8.862597018044056e-05,3960,0.2086613123807251,300,148
0,Nesøy,5,5014,2660,2660,8N28849,5,Hestmannøy,-8.86494545806786e-05,3961,0.2086613123807251,300,155
0,Nesøy,5,5014,5106,5106,8917830,2,Træna,-8.870139000799209e-05,3962,0.2086613123807251,300,164
0,Nesøy,5,5014,438,438,8M71447,13,Vikna,-8.886093521966563e-05,3963,0.2086613123807251,300,165
0,Nesøy,5,5014,1912,1912,8N13602,14,Lauvøya,-8.927181511719754e-05,3964,0.2086613123807251,300,146
0,Nesøy,5,5014,4575,4575,8732670,7,Onøy og Lurøy,-8.92907582477753e-05,3965,0.2086613123807251,300,162
0,Nesøy,5,5014,16,16,8L19663,7,Onøy og Lurøy,-8.953661296502851e-05,3966,0.2086613123807251,300,157
0,Nesøy,5,5014,3159,3159,8N73469,11,Leka,-8.959531369810877e-05,3967,0.2086613123807251,300,168
0,Nesøy,5,5014,5431,5431,8943836,6,Indre Kvarøy,-8.96512677697326e-05,3968,0.2086613123807251,300,151
0,Nesøy,5,5014,985,985,8L57990,13,Vikna,-9.018382969959385e-05,3969,0.2086613123807251,300,166
0,Nesøy,5,5014,94,94,8L30300,5,Hestmannøy,-9.020527698807867e-05,3970,0.2086613123807251,300,164
0,Nesøy,5,5014,962,962,8M71351,12,Vega,-9.026459112045582e-05,3971,0.2086613123807251,300,151
0,Nesøy,5,5014,4383,4383,8681190,4,Gjerøy,-9.027596890068664e-05,3972,0.2086613123807251,300,160
0,Nesøy,5,5014,1947,1947,8N13648,14,Lauvøya,-9.031783610962261e-05,3973,0.2086613123807251,300,162
0,Nesøy,5,5014,3290,3290,8N73671,13,Vikna,-9.093716927960573e-05,3974,0.2086613123807251,300,156
0,Nesøy,5,5014,5157,5157,8934271,7,Onøy og Lurøy,-9.096140863325673e-05,3975,0.2086613123807251,300,162
0,Nesøy,5,5014,2266,2266,8N14649,13,Vikna,-9.097010630039036e-05,3976,0.2086613123807251,300,153
0,Nesøy,5,5014,5017,5017,8887205,4,Gjerøy,-9.106280568677227e-05,3977,0.2086613123807251,300,159
0,Nesøy,5,5014,1893,1893,8N13524,2,Træna,-9.120047063656394e-05,3978,0.2086613123807251,300,159
0,Nesøy,5,5014,5125,5125,8917977,3,Selvær,-9.130244766496609e-05,3979,0.2086613123807251,300,162
0,Nesøy,5,5014,3014,3014,8N73055,5,Hestmannøy,-9.131992041470564e-05,3980,0.2086613123807251,300,158
0,Nesøy,5,5014,823,823,8M31804,12,Vega,-9.136112907642808e-05,3981,0.2086613123807251,300,153
0,Nesøy,5,5014,3395,3395,8N73961,12,Vega,-9.143316920938559e-05,3982,0.2086613123807251,300,163
0,Nesøy,5,5014,195,195,8L48365,5,Hestmannøy,-9.15306707703832e-05,3983,0.2086613123807251,300,156
0,Nesøy,5,5014,5450,5450,8981033,4,Gjerøy,-9.166905909180193e-05,3984,0.2086613123807251,300,145
0,Nesøy,5,5014,4866,4866,8800439,4,Gjerøy,-9.167743059086912e-05,3985,0.2086613123807251,300,140
0,Nesøy,5,5014,4634,4634,8747286,3,Selvær,-9.172957148055885e-05,3986,0.2086613123807251,300,153
0,Nesøy,5,5014,4700,4700,8747699,5,Hestmannøy,-9.180202966067962e-05,3987,0.2086613123807251,300,155
0,Nesøy,5,5014,4462,4462,8730486,5,Hestmannøy,-9.18660368200424e-05,3988,0.2086613123807251,300,152
0,Nesøy,5,5014,4984,4984,8857620,1,Myken,-9.19901479359554e-05,3989,0.2086613123807251,300,159
0,Nesøy,5,5014,1566,1566,8N05714,6,Indre Kvarøy,-9.210831102513382e-05,3990,0.2086613123807251,300,154
0,Nesøy,5,5014,265,265,8L48781,11,Leka,-9.228187551599888e-05,3991,0.2086613123807251,300,157
0,Nesøy,5,5014,4666,4666,8747534,5,Hestmannøy,-9.237929827956787e-05,3992,0.2086613123807251,300,151
0,Nesøy,5,5014,5136,5136,8934066,5,Hestmannøy,-9.2610898021901e-05,3993,0.2086613123807251,300,153
0,Nesøy,5,5014,3560,3560,8N87573,11,Leka,-9.266226433756119e-05,3994,0.2086613123807251,300,147
0,Nesøy,5,5014,1626,1626,8N05900,11,Leka,-9.278506638138978e-05,3995,0.2086613123807251,300,162
0,Nesøy,5,5014,569,569,8L89358,4,Gjerøy,-9.308386507174855e-05,3996,0.2086613123807251,300,148
0,Nesøy,5,5014,417,417,8L57857,9,Sleneset,-9.331249126375812e-05,3997,0.2086613123807251,300,154
0,Nesøy,5,5014,1292,1292,8N05168,12,Vega,-9.342734207467522e-05,3998,0.2086613123807251,300,143
0,Nesøy,5,5014,4887,4887,8800547,5,Hestmannøy,-9.354587563320825e-05,3999,0.2086613123807251,300,160
0,Nesøy,5,5014,536,536,8M31823,12,Vega,-9.367539901559333e-05,4000,0.2086613123807251,300,160
0,Nesøy,5,5014,653,653,8L89722,4,Gjerøy,-9.369758542546244e-05,4001,0.2086613123807251,300,160
0,Nesøy,5,5014,43,43,8L19930,10,Aldra,-9.39290190561493e-05,4002,0.2086613123807251,300,149
0,Nesøy,5,5014,2243,2243,8N14624,13,Vikna,-9.393878699655475e-05,4003,0.2086613123807251,300,151
0,Nesøy,5,5014,1437,1437,8N05437,6,Indre Kvarøy,-9.405335315977034e-05,4004,0.2086613123807251,300,154
0,Nesøy,5,5014,422,422,8L57882,5,Hestmannøy,-9.412291175566673e-05,4005,0.2086613123807251,300,167
0,Nesøy,5,5014,142,142,8L30760,11,Leka,-9.417657760986779e-05,4006,0.2086613123807251,300,161
0,Nesøy,5,5014,1982,1982,8N13684,13,Vikna,-9.420009800771472e-05,4007,0.2086613123807251,300,158
0,Nesøy,5,5014,4962,4962,8857243,5,Hestmannøy,-9.432034975525257e-05,4008,0.2086613123807251,300,157
0,Nesøy,5,5014,475,475,8L64288,10,Aldra,-9.434317420670142e-05,4009,0.2086613123807251,300,154
0,Nesøy,5,5014,1415,1415,8N05294,13,Vikna,-9.442696263272277e-05,4010,0.2086613123807251,300,150
0,Nesøy,5,5014,886,886,8M71100,5,Hestmannøy,-9.460841384987333e-05,4011,0.2086613123807251,300,170
0,Nesøy,5,5014,1806,1806,8N06867,11,Leka,-9.488774057914777e-05,4012,0.2086613123807251,300,150
0,Nesøy,5,5014,98,98,8L30354,7,Onøy og Lurøy,-9.493189439704609e-05,4013,0.2086613123807251,300,159
0,Nesøy,5,5014,2404,2404,8N27118,7,Onøy og Lurøy,-9.559422121908459e-05,4014,0.2086613123807251,300,153
0,Nesøy,5,5014,797,797,8M31706,4,Gjerøy,-9.56220136763333e-05,4015,0.2086613123807251,300,161
0,Nesøy,5,5014,5116,5116,8917945,8,Lovund,-9.565226974366626e-05,4016,0.2086613123807251,300,156
0,Nesøy,5,5014,1123,1123,8M72594,11,Leka,-9.56727124391521e-05,4017,0.2086613123807251,300,153
0,Nesøy,5,5014,616,616,8L89537,5,Hestmannøy,-9.571449074940975e-05,4018,0.2086613123807251,300,161
0,Nesøy,5,5014,5549,5549,8981822,5,Hestmannøy,-9.586005883948566e-05,4019,0.2086613123807251,300,146
0,Nesøy,5,5014,335,335,8L52378,11,Leka,-9.587327773481e-05,4020,0.2086613123807251,300,151
0,Nesøy,5,5014,333,333,8L52375,11,Leka,-9.596411912585201e-05,4021,0.2086613123807251,300,156
0,Nesøy,5,5014,4916,4916,8816456,6,Indre Kvarøy,-9.60136708806633e-05,4022,0.2086613123807251,300,166
0,Nesøy,5,5014,1304,1304,8N05180,13,Vikna,-9.615833147540059e-05,4023,0.2086613123807251,300,154
0,Nesøy,5,5014,552,552,8L89273,5,Hestmannøy,-9.637561298660582e-05,4024,0.2086613123807251,300,142
0,Nesøy,5,5014,3113,3113,8N73404,4,Gjerøy,-9.642430292772735e-05,4025,0.2086613123807251,300,157
0,Nesøy,5,5014,2039,2039,8N13971,5,Hestmannøy,-9.644368048959474e-05,4026,0.2086613123807251,300,163
0,Nesøy,5,5014,3336,3336,8N73901,11,Leka,-9.652445983189118e-05,4027,0.2086613123807251,300,168
0,Nesøy,5,5014,1589,1589,8N05846,5,Hestmannøy,-9.696168547752455e-05,4028,0.2086613123807251,300,151
0,Nesøy,5,5014,4190,4190,8168655,5,Hestmannøy,-9.707239740756457e-05,4029,0.2086613123807251,300,158
0,Nesøy,5,5014,1109,1109,8M72565,11,Leka,-9.714508807907521e-05,4030,0.2086613123807251,300,140
0,Nesøy,5,5014,2305,2305,8N14688,13,Vikna,-9.738447619823484e-05,4031,0.2086613123807251,300,163
0,Nesøy,5,5014,3638,3638,8N87811,14,Lauvøya,-9.778522091001543e-05,4032,0.2086613123807251,300,146
0,Nesøy,5,5014,549,549,8L89268,5,Hestmannøy,-9.778990498452435e-05,4033,0.2086613123807251,300,148
0,Nesøy,5,5014,2106,2106,8N14286,14,Lauvøya,-9.790800727522834e-05,4034,0.2086613123807251,300,160
0,Nesøy,5,5014,383,383,8L52624,2,Træna,-9.791227909674247e-05,4035,0.2086613123807251,300,159
0,Nesøy,5,5014,1819,1819,8N06880,11,Leka,-9.805801813765906e-05,4036,0.2086613123807251,300,158
0,Nesøy,5,5014,535,535,8M31826,12,Vega,-9.808269061876191e-05,4037,0.2086613123807251,300,147
0,Nesøy,5,5014,285,285,8L52211,5,Hestmannøy,-9.810864415686651e-05,4038,0.2086613123807251,300,149
0,Nesøy,5,5014,2456,2456,8N27406,7,Onøy og Lurøy,-9.814561863555206e-05,4039,0.2086613123807251,300,161
0,Nesøy,5,5014,4919,4919,8816491,5,Hestmannøy,-9.822059459547295e-05,4040,0.2086613123807251,300,152
0,Nesøy,5,5014,2949,2949,8N72909,13,Vikna,-9.826108983869509e-05,4041,0.2086613123807251,300,149
0,Nesøy,5,5014,1776,1776,8N06837,11,Leka,-9.884080945905803e-05,4042,0.2086613123807251,300,154
0,Nesøy,5,5014,5003,5003,8866779,1,Myken,-9.917315928965995e-05,4043,0.2086613123807251,300,158
0,Nesøy,5,5014,239,239,8L48661,5,Hestmannøy,-9.920993399468223e-05,4044,0.2086613123807251,300,152
0,Nesøy,5,5014,3811,3811,8N87988,13,Vikna,-9.933188432951809e-05,4045,0.2086613123807251,300,146
0,Nesøy,5,5014,5187,5187,8934380,4,Gjerøy,-9.93645404895303e-05,4046,0.2086613123807251,300,155
0,Nesøy,5,5014,1128,1128,8M72606,5,Hestmannøy,-9.952249646612972e-05,4047,0.2086613123807251,300,152
0,Nesøy,5,5014,2805,2805,8N42915,6,Indre Kvarøy,-9.955050362251306e-05,4048,0.2086613123807251,300,150
0,Nesøy,5,5014,4588,4588,8732697,4,Gjerøy,-9.964250680086566e-05,4049,0.2086613123807251,300,165
0,Nesøy,5,5014,1234,1234,8N05110,12,Vega,-9.985112966076826e-05,4050,0.2086613123807251,300,158
0,Nesøy,5,5014,1079,1079,8M72323,3,Selvær,-0.00010004727556224953,4051,0.2086613123807251,300,163
0,Nesøy,5,5014,1899,1899,8N13590,2,Træna,-0.00010012225529201488,4052,0.2086613123807251,300,151
0,Nesøy,5,5014,2828,2828,8N72064,2,Træna,-0.00010028696012247565,4053,0.2086613123807251,300,159
0,Nesøy,5,5014,169,169,8L30848,3,Selvær,-0.00010041046249075488,4054,0.2086613123807251,300,149
0,Nesøy,5,5014,2776,2776,8N42706,4,Gjerøy,-0.0001008447060563044,4055,0.2086613123807251,300,156
0,Nesøy,5,5014,1274,1274,8N05150,12,Vega,-0.00010090409949306322,4056,0.2086613123807251,300,155
0,Nesøy,5,5014,1536,1536,8N05678,14,Lauvøya,-0.0001010274414591149,4057,0.2086613123807251,300,167
0,Nesøy,5,5014,2670,2670,8N28909,8,Lovund,-0.00010106779620409857,4058,0.2086613123807251,300,167
0,Nesøy,5,5014,1624,1624,8N05897,11,Leka,-0.00010113213092569138,4059,0.2086613123807251,300,158
0,Nesøy,5,5014,1957,1957,8N13658,13,Vikna,-0.00010114303405217848,4060,0.2086613123807251,300,152
0,Nesøy,5,5014,2743,2743,8N42521,5,Hestmannøy,-0.0001011776652211836,4061,0.2086613123807251,300,161
0,Nesøy,5,5014,1315,1315,8N05192,13,Vikna,-0.00010154586181962138,4062,0.2086613123807251,300,156
0,Nesøy,5,5014,5387,5387,8943105,10,Aldra,-0.00010164872423945233,4063,0.2086613123807251,300,152
0,Nesøy,5,5014,2444,2444,8N27339,4,Gjerøy,-0.00010172632270934759,4064,0.2086613123807251,300,153
0,Nesøy,5,5014,5189,5189,8934401,7,Onøy og Lurøy,-0.00010209189354154281,4065,0.2086613123807251,300,153
0,Nesøy,5,5014,4625,4625,8747259,6,Indre Kvarøy,-0.00010223494334861583,4066,0.2086613123807251,300,141
0,Nesøy,5,5014,2721,2721,8N42442,14,Lauvøya,-0.00010224212789268655,4067,0.2086613123807251,300,154
0,Nesøy,5,5014,1241,1241,8N05117,12,Vega,-0.00010234414921862927,4068,0.2086613123807251,300,174
0,Nesøy,5,5014,2193,2193,8N14574,11,Leka,-0.0001024307670562946,4069,0.2086613123807251,300,157
0,Nesøy,5,5014,4292,4292,8651695,5,Hestmannøy,-0.0001024844094053488,4070,0.2086613123807251,300,160
0,Nesøy,5,5014,424,424,8L57907,8,Lovund,-0.00010262686993114902,4071,0.2086613123807251,300,157
0,Nesøy,5,5014,813,813,8M31774,11,Leka,-0.00010269279132735198,4072,0.2086613123807251,300,153
0,Nesøy,5,5014,3394,3394,8N73960,12,Vega,-0.0001028724350163808,4073,0.2086613123807251,300,164
0,Nesøy,5,5014,1293,1293,8N05169,14,Lauvøya,-0.00010300418057915649,4074,0.2086613123807251,300,169
0,Nesøy,5,5014,3291,3291,8N73672,13,Vikna,-0.00010301776195938532,4075,0.2086613123807251,300,158
0,Nesøy,5,5014,2395,2395,8N27090,14,Lauvøya,-0.00010313628553079662,4076,0.2086613123807251,300,162
0,Nesøy,5,5014,5235,5235,8934887,7,Onøy og Lurøy,-0.00010366691849006437,4077,0.2086613123807251,300,155
0,Nesøy,5,5014,5209,5209,8934499,4,Gjerøy,-0.00010399859368299642,4078,0.2086613123807251,300,157
0,Nesøy,5,5014,4914,4914,8816452,6,Indre Kvarøy,-0.00010405844048380691,4079,0.2086613123807251,300,146
0,Nesøy,5,5014,300,300,8L52308,5,Hestmannøy,-0.00010444144640914694,4080,0.2086613123807251,300,149
0,Nesøy,5,5014,2790,2790,8N42733,4,Gjerøy,-0.00010507112591213641,4081,0.2086613123807251,300,163
0,Nesøy,5,5014,3372,3372,8N73938,12,Vega,-0.00010507548513937662,4082,0.2086613123807251,300,157
0,Nesøy,5,5014,1318,1318,8N05195,13,Vikna,-0.00010520539658254567,4083,0.2086613123807251,300,168
0,Nesøy,5,5014,3322,3322,8N73763,14,Lauvøya,-0.00010527305536119107,4084,0.2086613123807251,300,159
0,Nesøy,5,5014,3604,3604,8N87625,14,Lauvøya,-0.00010536150295685747,4085,0.2086613123807251,300,161
0,Nesøy,5,5014,1172,1172,8M72806,4,Gjerøy,-0.00010586938845316666,4086,0.2086613123807251,300,167
0,Nesøy,5,5014,1766,1766,8N06827,11,Leka,-0.00010626418387198748,4087,0.2086613123807251,300,151
0,Nesøy,5,5014,1027,1027,8M71674,3,Selvær,-0.00010655591001980151,4088,0.2086613123807251,300,160
0,Nesøy,5,5014,2441,2441,8N27328,4,Gjerøy,-0.00010666880786737815,4089,0.2086613123807251,300,157
0,Nesøy,5,5014,3824,3824,8P11320,4,Gjerøy,-0.00010675883350144905,4090,0.2086613123807251,300,153
0,Nesøy,5,5014,4612,4612,8747161,3,Selvær,-0.00010681413122361726,4091,0.2086613123807251,300,150
0,Nesøy,5,5014,2480,2480,8N27624,14,Lauvøya,-0.00010688720652684121,4092,0.2086613123807251,300,149
0,Nesøy,5,5014,3330,3330,8N73821,5,Hestmannøy,-0.00010701228765443641,4093,0.2086613123807251,300,156
0,Nesøy,5,5014,5390,5390,8943110,10,Aldra,-0.00010719953114367586,4094,0.2086613123807251,300,158
0,Nesøy,5,5014,2286,2286,8N14669,13,Vikna,-0.00010776810346049286,4095,0.2086613123807251,300,154
0,Nesøy,5,5014,4324,4324,8651975,5,Hestmannøy,-0.00010790883613627626,4096,0.2086613123807251,300,173
0,Nesøy,5,5014,3809,3809,8N87986,13,Vikna,-0.00010792368474137865,4097,0.2086613123807251,300,154
0,Nesøy,5,5014,1532,1532,8N05674,14,Lauvøya,-0.00010812951855929264,4098,0.2086613123807251,300,148
0,Nesøy,5,5014,3196,3196,8N73507,4,Gjerøy,-0.00010844376513288082,4099,0.2086613123807251,300,159
0,Nesøy,5,5014,4348,4348,8681042,5,Hestmannøy,-0.00010890071672503008,4100,0.2086613123807251,300,156
0,Nesøy,5,5014,2703,2703,8N42259,5,Hestmannøy,-0.00010892687441141744,4101,0.2086613123807251,300,151
0,Nesøy,5,5014,1976,1976,8N13678,13,Vikna,-0.00010894722200214968,4102,0.2086613123807251,300,165
0,Nesøy,5,5014,3141,3141,8N73451,11,Leka,-0.00010895066348300173,4103,0.2086613123807251,300,146
0,Nesøy,5,5014,4649,4649,8747375,3,Selvær,-0.00010895557974171979,4104,0.2086613123807251,300,151
0,Nesøy,5,5014,425,425,8L57913,8,Lovund,-0.00010903346241818949,4105,0.2086613123807251,300,164
0,Nesøy,5,5014,1134,1134,8M72621,4,Gjerøy,-0.00010905564335546049,4106,0.2086613123807251,300,155
0,Nesøy,5,5014,1015,1015,8M31640,10,Aldra,-0.00010911998769592757,4107,0.2086613123807251,300,166
0,Nesøy,5,5014,5346,5346,8939749,5,Hestmannøy,-0.00010917838741202483,4108,0.2086613123807251,300,149
0,Nesøy,5,5014,5421,5421,8943735,5,Hestmannøy,-0.00010937355142896142,4109,0.2086613123807251,300,154
0,Nesøy,5,5014,3950,3950,8P14112,5,Hestmannøy,-0.00010945579905025028,4110,0.2086613123807251,300,159
0,Nesøy,5,5014,526,526,8L64923,10,Aldra,-0.00010959176615519947,4111,0.2086613123807251,300,154
0,Nesøy,5,5014,4580,4580,8732678,4,Gjerøy,-0.00010968850275748094,4112,0.2086613123807251,300,165
0,Nesøy,5,5014,4329,4329,8668482,4,Gjerøy,-0.00010972457801454681,4113,0.2086613123807251,300,162
0,Nesøy,5,5014,2589,2589,8N28483,2,Træna,-0.00010977564871492675,4114,0.2086613123807251,300,149
0,Nesøy,5,5014,3532,3532,8N87545,11,Leka,-0.00010996726424835573,4115,0.2086613123807251,300,156
0,Nesøy,5,5014,181,181,8L30972,9,Sleneset,-0.00011001124360891856,4116,0.2086613123807251,300,160
0,Nesøy,5,5014,342,342,8L52388,11,Leka,-0.00011019129369845125,4117,0.2086613123807251,300,152
0,Nesøy,5,5014,4686,4686,8747604,4,Gjerøy,-0.00011041759717706101,4118,0.2086613123807251,300,160
0,Nesøy,5,5014,2032,2032,8N13954,4,Gjerøy,-0.00011050687620540116,4119,0.2086613123807251,300,153
0,Nesøy,5,5014,1736,1736,8N06690,14,Lauvøya,-0.00011058248612169275,4120,0.2086613123807251,300,157
0,Nesøy,5,5014,5567,5567,8981928,2,Træna,-0.00011064512127801219,4121,0.2086613123807251,300,160
0,Nesøy,5,5014,1133,1133,8M72618,4,Gjerøy,-0.00011069572211100054,4122,0.2086613123807251,300,172
0,Nesøy,5,5014,3659,3659,8N87832,14,Lauvøya,-0.00011118936475917593,4123,0.2086613123807251,300,163
0,Nesøy,5,5014,607,607,8L89512,5,Hestmannøy,-0.0001112975641434541,4124,0.2086613123807251,300,166
0,Nesøy,5,5014,4986,4986,8857730,5,Hestmannøy,-0.00011141176692602985,4125,0.2086613123807251,300,160
0,Nesøy,5,5014,1299,1299,8N05175,13,Vikna,-0.00011144547493326324,4126,0.2086613123807251,300,154
0,Nesøy,5,5014,4438,4438,8681496,2,Træna,-0.00011174529543613444,4127,0.2086613123807251,300,166
0,Nesøy,5,5014,4386,4386,8681213,9,Sleneset,-0.00011180978930527434,4128,0.2086613123807251,300,160
0,Nesøy,5,5014,4236,4236,8309283,5,Hestmannøy,-0.00011199853631797252,4129,0.2086613123807251,300,141
0,Nesøy,5,5014,3329,3329,8N73819,5,Hestmannøy,-0.0001121872750230892,4130,0.2086613123807251,300,163
0,Nesøy,5,5014,1594,1594,8N05860,11,Leka,-0.00011222419355577727,4131,0.2086613123807251,300,160
0,Nesøy,5,5014,4930,4930,8816932,4,Gjerøy,-0.00011229197810999962,4132,0.2086613123807251,300,147
0,Nesøy,5,5014,880,880,8M71085,5,Hestmannøy,-0.00011245314013981681,4133,0.2086613123807251,300,159
0,Nesøy,5,5014,2666,2666,8N28897,14,Lauvøya,-0.00011256391864561952,4134,0.2086613123807251,300,160
0,Nesøy,5,5014,3245,3245,8N73626,11,Leka,-0.00011267191779209806,4135,0.2086613123807251,300,161
0,Nesøy,5,5014,480,480,8L64373,2,Træna,-0.00011276818094895238,4136,0.2086613123807251,300,157
0,Nesøy,5,5014,3182,3182,8N73493,12,Vega,-0.00011299747427009699,4137,0.2086613123807251,300,153
0,Nesøy,5,5014,192,192,8L48323,4,Gjerøy,-0.00011308676725916719,4138,0.2086613123807251,300,163
0,Nesøy,5,5014,2023,2023,8N13930,5,Hestmannøy,-0.00011325874333619558,4139,0.2086613123807251,300,157
0,Nesøy,5,5014,403,403,8L52967,6,Indre Kvarøy,-0.00011341223898367498,4140,0.2086613123807251,300,164
0,Nesøy,5,5014,419,419,8L57859,2,Træna,-0.0001135671980868664,4141,0.2086613123807251,300,148
0,Nesøy,5,5014,1796,1796,8N06857,11,Leka,-0.00011363287036157502,4142,0.2086613123807251,300,153
0,Nesøy,5,5014,1868,1868,8N13149,14,Lauvøya,-0.00011368023039724391,4143,0.2086613123807251,300,157
0,Nesøy,5,5014,2707,2707,8N42272,5,Hestmannøy,-0.00011397958741508905,4144,0.2086613123807251,300,154
0,Nesøy,5,5014,3701,3701,8N87877,13,Vikna,-0.00011399262529384009,4145,0.2086613123807251,300,159
0,Nesøy,5,5014,1950,1950,8N13651,14,Lauvøya,-0.00011426161494852348,4146,0.2086613123807251,300,162
0,Nesøy,5,5014,3527,3527,8N87540,11,Leka,-0.00011437946352478366,4147,0.2086613123807251,300,164
0,Nesøy,5,5014,3670,3670,8N87844,14,Lauvøya,-0.00011438318131575529,4148,0.2086613123807251,300,147
0,Nesøy,5,5014,751,751,8M31433,4,Gjerøy,-0.00011444061990203747,4149,0.2086613123807251,300,152
0,Nesøy,5,5014,5190,5190,8934402,8,Lovund,-0.00011462289621781661,4150,0.2086613123807251,300,156
0,Nesøy,5,5014,1735,1735,8N06689,14,Lauvøya,-0.000114633500403707,4151,0.2086613123807251,300,144
0,Nesøy,5,5014,1010,1010,8M71506,10,Aldra,-0.00011471864274444683,4152,0.2086613123807251,300,151
0,Nesøy,5,5014,2053,2053,8N14005,6,Indre Kvarøy,-0.0001150024406221304,4153,0.2086613123807251,300,154
0,Nesøy,5,5014,2059,2059,8N14011,7,Onøy og Lurøy,-0.00011556441689865399,4154,0.2086613123807251,300,161
0,Nesøy,5,5014,4,4,8L19556,8,Lovund,-0.00011582808056494297,4155,0.2086613123807251,300,166
0,Nesøy,5,5014,4247,4247,8537774,7,Onøy og Lurøy,-0.00011594989026984031,4156,0.2086613123807251,300,155
0,Nesøy,5,5014,2797,2797,8N42786,5,Hestmannøy,-0.00011599018073249508,4157,0.2086613123807251,300,160
0,Nesøy,5,5014,4920,4920,8816495,5,Hestmannøy,-0.00011606979772242967,4158,0.2086613123807251,300,155
0,Nesøy,5,5014,2826,2826,8N72043,2,Træna,-0.0001162963387695141,4159,0.2086613123807251,300,152
0,Nesøy,5,5014,2055,2055,8N14007,6,Indre Kvarøy,-0.00011637674592302709,4160,0.2086613123807251,300,156
0,Nesøy,5,5014,2591,2591,8N28510,2,Træna,-0.0001164631360489375,4161,0.2086613123807251,300,147
0,Nesøy,5,5014,269,269,8L49910,5,Hestmannøy,-0.00011665605146289501,4162,0.2086613123807251,300,158
0,Nesøy,5,5014,1505,1505,8N05647,11,Leka,-0.00011680958612910583,4163,0.2086613123807251,300,159
0,Nesøy,5,5014,485,485,8M71345,12,Vega,-0.00011693923560696514,4164,0.2086613123807251,300,161
0,Nesøy,5,5014,433,433,8L57974,13,Vikna,-0.00011697493002573475,4165,0.2086613123807251,300,164
0,Nesøy,5,5014,4266,4266,8573966,5,Hestmannøy,-0.00011705976069048728,4166,0.2086613123807251,300,155
0,Nesøy,5,5014,1130,1130,8M72610,6,Indre Kvarøy,-0.00011725091791399765,4167,0.2086613123807251,300,164
0,Nesøy,5,5014,594,594,8L89441,4,Gjerøy,-0.00011740399766035807,4168,0.2086613123807251,300,175
0,Nesøy,5,5014,4550,4550,8732602,7,Onøy og Lurøy,-0.0001175984184775765,4169,0.2086613123807251,300,159
0,Nesøy,5,5014,847,847,8M31922,5,Hestmannøy,-0.00011767957799721549,4170,0.2086613123807251,300,164
0,Nesøy,5,5014,2436,2436,8N27315,5,Hestmannøy,-0.00011802564756018159,4171,0.2086613123807251,300,151
0,Nesøy,5,5014,2633,2633,8N28780,5,Hestmannøy,-0.0001180284770717703,4172,0.2086613123807251,300,149
0,Nesøy,5,5014,987,987,8M71451,13,Vikna,-0.00011810983342174273,4173,0.2086613123807251,300,160
0,Nesøy,5,5014,1045,1045,8M72001,2,Træna,-0.00011822676474508516,4174,0.2086613123807251,300,162
0,Nesøy,5,5014,5451,5451,8981036,4,Gjerøy,-0.00011832609029192779,4175,0.2086613123807251,300,168
0,Nesøy,5,5014,4520,4520,8732249,5,Hestmannøy,-0.0001183930569706019,4176,0.2086613123807251,300,171
0,Nesøy,5,5014,77,77,8L26596,6,Indre Kvarøy,-0.0001184455560396007,4177,0.2086613123807251,300,160
0,Nesøy,5,5014,3978,3978,8P14341,14,Lauvøya,-0.00011856575137969708,4178,0.2086613123807251,300,156
0,Nesøy,5,5014,4737,4737,8747808,4,Gjerøy,-0.00011863730110932601,4179,0.2086613123807251,300,149
0,Nesøy,5,5014,4513,4513,8732227,2,Træna,-0.00011883112900163048,4180,0.2086613123807251,300,149
0,Nesøy,5,5014,2834,2834,8N72132,9,Sleneset,-0.00011886128409551351,4181,0.2086613123807251,300,155
0,Nesøy,5,5014,3575,3575,8N87589,11,Leka,-0.00011913018209212471,4182,0.2086613123807251,300,158
0,Nesøy,5,5014,1466,1466,8N05601,14,Lauvøya,-0.00011922452749408241,4183,0.2086613123807251,300,158
0,Nesøy,5,5014,2539,2539,8N28026,9,Sleneset,-0.00011930553876721266,4184,0.2086613123807251,300,145
0,Nesøy,5,5014,440,440,8L64058,11,Leka,-0.00011941757643520924,4185,0.2086613123807251,300,154
0,Nesøy,5,5014,4196,4196,8168693,6,Indre Kvarøy,-0.00011943711390262651,4186,0.2086613123807251,300,147
0,Nesøy,5,5014,749,749,8M31420,10,Aldra,-0.00011952619381559046,4187,0.2086613123807251,300,158
0,Nesøy,5,5014,2090,2090,8N14164,5,Hestmannøy,-0.00011970044963760793,4188,0.2086613123807251,300,153
0,Nesøy,5,5014,134,134,8L30724,12,Vega,-0.00011972779891249165,4189,0.2086613123807251,300,163
0,Nesøy,5,5014,1146,1146,8M72673,4,Gjerøy,-0.00011982330261436409,4190,0.2086613123807251,300,155
0,Nesøy,5,5014,1395,1395,8N05273,13,Vikna,-0.00011988112715881377,4191,0.2086613123807251,300,160
0,Nesøy,5,5014,2204,2204,8N14585,11,Leka,-0.00011994137759745214,4192,0.2086613123807251,300,155
0,Nesøy,5,5014,5195,5195,8934413,8,Lovund,-0.00012002847504395263,4193,0.2086613123807251,300,157
0,Nesøy,5,5014,4168,4168,8118430,6,Indre Kvarøy,-0.00012013687585629702,4194,0.2086613123807251,300,148
0,Nesøy,5,5014,1988,1988,8N13690,13,Vikna,-0.00012014034096459514,4195,0.2086613123807251,300,148
0,Nesøy,5,5014,4041,4041,8P14852,14,Lauvøya,-0.00012023029022481768,4196,0.2086613123807251,300,163
0,Nesøy,5,5014,4103,4103,8N14981,6,Indre Kvarøy,-0.00012024824605021238,4197,0.2086613123807251,300,156
0,Nesøy,5,5014,1026,1026,8M71673,3,Selvær,-0.00012028787632197254,4198,0.2086613123807251,300,154
0,Nesøy,5,5014,2649,2649,8N28807,6,Indre Kvarøy,-0.00012051065804314157,4199,0.2086613123807251,300,158
0,Nesøy,5,5014,29,29,8L19858,10,Aldra,-0.00012110364511340949,4200,0.2086613123807251,300,155
0,Nesøy,5,5014,5512,5512,8981393,12,Vega,-0.00012133270106942205,4201,0.2086613123807251,300,163
0,Nesøy,5,5014,3868,3868,8P11550,14,Lauvøya,-0.00012149054608444938,4202,0.2086613123807251,300,155
0,Nesøy,5,5014,1850,1850,8N06989,6,Indre Kvarøy,-0.00012151597139078619,4203,0.2086613123807251,300,167
0,Nesøy,5,5014,2738,2738,8N42514,5,Hestmannøy,-0.00012152675160425231,4204,0.2086613123807251,300,155
0,Nesøy,5,5014,729,729,8M31305,4,Gjerøy,-0.00012186214832528751,4205,0.2086613123807251,300,157
0,Nesøy,5,5014,4907,4907,8800937,10,Aldra,-0.00012193482931401753,4206,0.2086613123807251,300,153
0,Nesøy,5,5014,5034,5034,8887267,6,Indre Kvarøy,-0.00012215420595344126,4207,0.2086613123807251,300,162
0,Nesøy,5,5014,5133,5133,8934059,5,Hestmannøy,-0.00012218571259759318,4208,0.2086613123807251,300,158
0,Nesøy,5,5014,4133,4133,8P26523,9,Sleneset,-0.00012229978701229111,4209,0.2086613123807251,300,146
0,Nesøy,5,5014,4704,4704,8747711,7,Onøy og Lurøy,-0.0001224134119037293,4210,0.2086613123807251,300,164
0,Nesøy,5,5014,2144,2144,8N14523,11,Leka,-0.00012254266095476245,4211,0.2086613123807251,300,147
0,Nesøy,5,5014,1472,1472,8N05607,14,Lauvøya,-0.00012262145719825119,4212,0.2086613123807251,300,154
0,Nesøy,5,5014,1346,1346,8N05223,12,Vega,-0.00012324582638623778,4213,0.2086613123807251,300,144
0,Nesøy,5,5014,1402,1402,8N05280,13,Vikna,-0.0001234227593669002,4214,0.2086613123807251,300,157
0,Nesøy,5,5014,571,571,8L89366,5,Hestmannøy,-0.00012346236766770647,4215,0.2086613123807251,300,150
0,Nesøy,5,5014,2379,2379,8N27074,14,Lauvøya,-0.00012360277258024687,4216,0.2086613123807251,300,157
0,Nesøy,5,5014,3867,3867,8P11549,14,Lauvøya,-0.00012373023437975078,4217,0.2086613123807251,300,152
0,Nesøy,5,5014,4900,4900,8800616,5,Hestmannøy,-0.0001237553167081259,4218,0.2086613123807251,300,157
0,Nesøy,5,5014,2991,2991,8N72953,13,Vikna,-0.00012378722119534515,4219,0.2086613123807251,300,160
0,Nesøy,5,5014,1977,1977,8N13679,13,Vikna,-0.0001239360541906239,4220,0.2086613123807251,300,160
0,Nesøy,5,5014,1608,1608,8N05877,11,Leka,-0.00012407866751040363,4221,0.2086613123807251,300,145
0,Nesøy,5,5014,394,394,8L52932,4,Gjerøy,-0.00012440857759894264,4222,0.2086613123807251,300,160
0,Nesøy,5,5014,2348,2348,8N14962,5,Hestmannøy,-0.00012441870627793528,4223,0.2086613123807251,300,154
0,Nesøy,5,5014,5556,5556,8981850,6,Indre Kvarøy,-0.0001244302784471106,4224,0.2086613123807251,300,156
0,Nesøy,5,5014,455,455,8L64175,3,Selvær,-0.00012461075604242063,4225,0.2086613123807251,300,158
0,Nesøy,5,5014,4490,4490,8730928,2,Træna,-0.00012461946118048691,4226,0.2086613123807251,300,155
0,Nesøy,5,5014,675,675,8L89844,5,Hestmannøy,-0.00012476563846101105,4227,0.2086613123807251,300,142
0,Nesøy,5,5014,4751,4751,8747884,1,Myken,-0.00012479694111858138,4228,0.2086613123807251,300,166
0,Nesøy,5,5014,3499,3499,8N87483,14,Lauvøya,-0.00012481163051960596,4229,0.2086613123807251,300,164
0,Nesøy,5,5014,1338,1338,8N05215,12,Vega,-0.000124840882801078,4230,0.2086613123807251,300,163
0,Nesøy,5,5014,4319,4319,8651911,7,Onøy og Lurøy,-0.00012484450625159532,4231,0.2086613123807251,300,155
0,Nesøy,5,5014,3144,3144,8N73454,11,Leka,-0.00012499841857732915,4232,0.2086613123807251,300,158
0,Nesøy,5,5014,3857,3857,8P11538,14,Lauvøya,-0.00012518772822053996,4233,0.2086613123807251,300,157
0,Nesøy,5,5014,832,832,8L89143,13,Vikna,-0.00012518877918571148,4234,0.2086613123807251,300,157
0,Nesøy,5,5014,1242,1242,8N05118,12,Vega,-0.00012522815735781465,4235,0.2086613123807251,300,156
0,Nesøy,5,5014,462,462,8L64210,6,Indre Kvarøy,-0.00012535768308366197,4236,0.2086613123807251,300,156
0,Nesøy,5,5014,2168,2168,8N14547,11,Leka,-0.00012537231418790283,4237,0.2086613123807251,300,171
0,Nesøy,5,5014,1940,1940,8N13641,14,Lauvøya,-0.0001253724424473839,4238,0.2086613123807251,300,169
0,Nesøy,5,5014,336,336,8L52379,11,Leka,-0.00012555214861203855,4239,0.2086613123807251,300,156
0,Nesøy,5,5014,445,445,8M71378,12,Vega,-0.00012555536419407075,4240,0.2086613123807251,300,161
0,Nesøy,5,5014,3583,3583,8N87598,11,Leka,-0.00012566725819232997,4241,0.2086613123807251,300,151
0,Nesøy,5,5014,1524,1524,8N05361,14,Lauvøya,-0.00012576808293996895,4242,0.2086613123807251,300,155
0,Nesøy,5,5014,4167,4167,8118429,6,Indre Kvarøy,-0.00012582301168217078,4243,0.2086613123807251,300,157
0,Nesøy,5,5014,921,921,8M71257,5,Hestmannøy,-0.00012598436369276502,4244,0.2086613123807251,300,165
0,Nesøy,5,5014,2886,2886,8N72633,4,Gjerøy,-0.0001260960269025526,4245,0.2086613123807251,300,149
0,Nesøy,5,5014,723,723,8M31291,5,Hestmannøy,-0.0001261752558733427,4246,0.2086613123807251,300,163
0,Nesøy,5,5014,972,972,8M71372,12,Vega,-0.00012634536713198666,4247,0.2086613123807251,300,155
0,Nesøy,5,5014,4121,4121,8P14999,14,Lauvøya,-0.00012643703596576427,4248,0.2086613123807251,300,153
0,Nesøy,5,5014,418,418,8L57858,9,Sleneset,-0.0001266044725829277,4249,0.2086613123807251,300,168
0,Nesøy,5,5014,4458,4458,8730460,8,Lovund,-0.0001266724657702963,4250,0.2086613123807251,300,156
0,Nesøy,5,5014,334,334,8L52377,11,Leka,-0.00012669696881607696,4251,0.2086613123807251,300,161
0,Nesøy,5,5014,144,144,8L30762,12,Vega,-0.00012673380602203034,4252,0.2086613123807251,300,155
0,Nesøy,5,5014,3983,3983,8P14401,5,Hestmannøy,-0.00012694465949617464,4253,0.2086613123807251,300,143
0,Nesøy,5,5014,4766,4766,8794301,5,Hestmannøy,-0.00012700027835701956,4254,0.2086613123807251,300,158
0,Nesøy,5,5014,112,112,8L30468,12,Vega,-0.00012701008980376644,4255,0.2086613123807251,300,153
0,Nesøy,5,5014,5237,5237,8934889,7,Onøy og Lurøy,-0.00012723798537372458,4256,0.2086613123807251,300,157
0,Nesøy,5,5014,1749,1749,8N06740,4,Gjerøy,-0.0001273103242965469,4257,0.2086613123807251,300,155
0,Nesøy,5,5014,697,697,8M31192,8,Lovund,-0.0001274243371213514,4258,0.2086613123807251,300,165
0,Nesøy,5,5014,5323,5323,8939574,6,Indre Kvarøy,-0.0001274332097260643,4259,0.2086613123807251,300,155
0,Nesøy,5,5014,4028,4028,8P14834,5,Hestmannøy,-0.00012783095744993303,4260,0.2086613123807251,300,163
0,Nesøy,5,5014,1167,1167,8M72766,6,Indre Kvarøy,-0.00012783288625834905,4261,0.2086613123807251,300,152
0,Nesøy,5,5014,2569,2569,8N28316,9,Sleneset,-0.00012786188929247614,4262,0.2086613123807251,300,155
0,Nesøy,5,5014,2568,2568,8N28288,7,Onøy og Lurøy,-0.00012802672811518677,4263,0.2086613123807251,300,155
0,Nesøy,5,5014,4429,4429,8681466,5,Hestmannøy,-0.00012802693115104328,4264,0.2086613123807251,300,156
0,Nesøy,5,5014,1578,1578,8N05797,10,Aldra,-0.0001280715505347315,4265,0.2086613123807251,300,151
0,Nesøy,5,5014,3782,3782,8N87959,13,Vikna,-0.00012821332010211668,4266,0.2086613123807251,300,157
0,Nesøy,5,5014,582,582,8L89388,5,Hestmannøy,-0.00012822068152319233,4267,0.2086613123807251,300,152
0,Nesøy,5,5014,3084,3084,8N73246,14,Lauvøya,-0.0001284130508632833,4268,0.2086613123807251,300,154
0,Nesøy,5,5014,3,3,8L19549,8,Lovund,-0.00012852808000315562,4269,0.2086613123807251,300,168
0,Nesøy,5,5014,415,415,8L57821,9,Sleneset,-0.0001288364332181355,4270,0.2086613123807251,300,151
0,Nesøy,5,5014,4456,4456,8730458,9,Sleneset,-0.00012888844046057374,4271,0.2086613123807251,300,162
0,Nesøy,5,5014,4297,4297,8651761,6,Indre Kvarøy,-0.0001291335532958119,4272,0.2086613123807251,300,149
0,Nesøy,5,5014,53,53,8L19958,10,Aldra,-0.00012926385958176879,4273,0.2086613123807251,300,150
0,Nesøy,5,5014,4620,4620,8747229,5,Hestmannøy,-0.00012927769849614308,4274,0.2086613123807251,300,161
0,Nesøy,5,5014,3692,3692,8N87867,13,Vikna,-0.00012933034169892364,4275,0.2086613123807251,300,157
0,Nesøy,5,5014,4104,4104,8P14982,14,Lauvøya,-0.00012940075376494163,4276,0.2086613123807251,300,171
0,Nesøy,5,5014,199,199,8L48421,7,Onøy og Lurøy,-0.0001294051888567577,4277,0.2086613123807251,300,151
0,Nesøy,5,5014,319,319,8L52347,11,Leka,-0.00012947231513199547,4278,0.2086613123807251,300,155
0,Nesøy,5,5014,4119,4119,8P14997,14,Lauvøya,-0.0001295568011660057,4279,0.2086613123807251,300,156
0,Nesøy,5,5014,234,234,8L48607,6,Indre Kvarøy,-0.00012961054282517638,4280,0.2086613123807251,300,149
0,Nesøy,5,5014,3598,3598,8N87617,14,Lauvøya,-0.00012964326492578466,4281,0.2086613123807251,300,155
0,Nesøy,5,5014,1117,1117,8M72577,11,Leka,-0.00012965250155391733,4282,0.2086613123807251,300,159
0,Nesøy,5,5014,431,431,8L57966,13,Vikna,-0.0001296667810811967,4283,0.2086613123807251,300,158
0,Nesøy,5,5014,5199,5199,8934458,4,Gjerøy,-0.00012981670546390473,4284,0.2086613123807251,300,168
0,Nesøy,5,5014,1794,1794,8N06855,11,Leka,-0.0001300964235421349,4285,0.2086613123807251,300,155
0,Nesøy,5,5014,3209,3209,8N73528,4,Gjerøy,-0.00013025637386815332,4286,0.2086613123807251,300,161
0,Nesøy,5,5014,5182,5182,8934369,5,Hestmannøy,-0.00013027160452157906,4287,0.2086613123807251,300,153
0,Nesøy,5,5014,3311,3311,8N73693,13,Vikna,-0.00013029239107242277,4288,0.2086613123807251,300,167
0,Nesøy,5,5014,4263,4263,8573874,6,Indre Kvarøy,-0.00013070665457379753,4289,0.2086613123807251,300,163
0,Nesøy,5,5014,2647,2647,8N28795,14,Lauvøya,-0.0001307865340371641,4290,0.2086613123807251,300,155
0,Nesøy,5,5014,2852,2852,8N72368,4,Gjerøy,-0.0001309398508846552,4291,0.2086613123807251,300,146
0,Nesøy,5,5014,2203,2203,8N14584,11,Leka,-0.000131128569736654,4292,0.2086613123807251,300,159
0,Nesøy,5,5014,2268,2268,8N14651,13,Vikna,-0.00013155532625867925,4293,0.2086613123807251,300,159
0,Nesøy,5,5014,5503,5503,8981331,11,Leka,-0.00013161755657739802,4294,0.2086613123807251,300,146
0,Nesøy,5,5014,4835,4835,8800303,5,Hestmannøy,-0.00013163783986894272,4295,0.2086613123807251,300,153
0,Nesøy,5,5014,2229,2229,8N14610,13,Vikna,-0.00013169781291311888,4296,0.2086613123807251,300,154
0,Nesøy,5,5014,5439,5439,8981005,5,Hestmannøy,-0.00013181075860059646,4297,0.2086613123807251,300,161
0,Nesøy,5,5014,1207,1207,8M72969,5,Hestmannøy,-0.00013214926343395068,4298,0.2086613123807251,300,150
0,Nesøy,5,5014,1483,1483,8N05618,14,Lauvøya,-0.00013221475445250258,4299,0.2086613123807251,300,160
0,Nesøy,5,5014,323,323,8L52353,11,Leka,-0.0001322698385304785,4300,0.2086613123807251,300,153
0,Nesøy,5,5014,4840,4840,8800336,7,Onøy og Lurøy,-0.0001323186105660005,4301,0.2086613123807251,300,158
0,Nesøy,5,5014,277,277,8L52202,5,Hestmannøy,-0.0001323342276458524,4302,0.2086613123807251,300,145
0,Nesøy,5,5014,3708,3708,8N87884,13,Vikna,-0.00013247732372114168,4303,0.2086613123807251,300,159
0,Nesøy,5,5014,1208,1208,8M72972,5,Hestmannøy,-0.00013258742221556244,4304,0.2086613123807251,300,153
0,Nesøy,5,5014,3008,3008,8N73012,4,Gjerøy,-0.00013280229191691057,4305,0.2086613123807251,300,155
0,Nesøy,5,5014,5514,5514,8981536,3,Selvær,-0.00013281306293595803,4306,0.2086613123807251,300,167
0,Nesøy,5,5014,3587,3587,8N87604,14,Lauvøya,-0.00013289983166687335,4307,0.2086613123807251,300,165
0,Nesøy,5,5014,1005,1005,8M71501,4,Gjerøy,-0.00013293559801586994,4308,0.2086613123807251,300,163
0,Nesøy,5,5014,2353,2353,8N14970,7,Onøy og Lurøy,-0.00013321874699861276,4309,0.2086613123807251,300,159
0,Nesøy,5,5014,1387,1387,8N05265,13,Vikna,-0.00013340650534454592,4310,0.2086613123807251,300,153
0,Nesøy,5,5014,4092,4092,8P14971,14,Lauvøya,-0.00013347023137495645,4311,0.2086613123807251,300,159
0,Nesøy,5,5014,1417,1417,8N05296,13,Vikna,-0.00013351072699337456,4312,0.2086613123807251,300,147
0,Nesøy,5,5014,5509,5509,8981359,11,Leka,-0.000133554427640206,4313,0.2086613123807251,300,157
0,Nesøy,5,5014,719,719,8M31283,10,Aldra,-0.00013380752657972077,4314,0.2086613123807251,300,158
0,Nesøy,5,5014,4062,4062,8P14873,14,Lauvøya,-0.00013399222502951403,4315,0.2086613123807251,300,164
0,Nesøy,5,5014,3888,3888,8P11570,14,Lauvøya,-0.00013404154064757472,4316,0.2086613123807251,300,164
0,Nesøy,5,5014,2119,2119,8N14299,14,Lauvøya,-0.00013426003236216842,4317,0.2086613123807251,300,160
0,Nesøy,5,5014,873,873,8M31438,4,Gjerøy,-0.0001344136283090065,4318,0.2086613123807251,300,155
0,Nesøy,5,5014,4935,4935,8816943,4,Gjerøy,-0.00013444459372392124,4319,0.2086613123807251,300,148
0,Nesøy,5,5014,3750,3750,8N87927,13,Vikna,-0.00013451630885914965,4320,0.2086613123807251,300,158
0,Nesøy,5,5014,2617,2617,8N28696,5,Hestmannøy,-0.00013478781005970454,4321,0.2086613123807251,300,147
0,Nesøy,5,5014,1115,1115,8M72575,11,Leka,-0.0001348061178759293,4322,0.2086613123807251,300,154
0,Nesøy,5,5014,5544,5544,8981804,5,Hestmannøy,-0.00013483557999322194,4323,0.2086613123807251,300,167
0,Nesøy,5,5014,4992,4992,8857780,6,Indre Kvarøy,-0.000134930487473192,4324,0.2086613123807251,300,151
0,Nesøy,5,5014,3964,3964,8P14256,6,Indre Kvarøy,-0.00013494458504286985,4325,0.2086613123807251,300,147
0,Nesøy,5,5014,5397,5397,8943168,6,Indre Kvarøy,-0.00013494949253586765,4326,0.2086613123807251,300,157
0,Nesøy,5,5014,2749,2749,8N42532,4,Gjerøy,-0.0001353016682385038,4327,0.2086613123807251,300,160
0,Nesøy,5,5014,4504,4504,8730974,3,Selvær,-0.00013532957711337044,4328,0.2086613123807251,300,162
0,Nesøy,5,5014,4959,4959,8857232,5,Hestmannøy,-0.00013539577616458347,4329,0.2086613123807251,300,165
0,Nesøy,5,5014,5272,5272,8939181,5,Hestmannøy,-0.00013547024805336903,4330,0.2086613123807251,300,147
0,Nesøy,5,5014,1112,1112,8M72570,11,Leka,-0.00013556704212236802,4331,0.2086613123807251,300,146
0,Nesøy,5,5014,4225,4225,8309252,5,Hestmannøy,-0.00013563095939546647,4332,0.2086613123807251,300,165
0,Nesøy,5,5014,5330,5330,8939608,5,Hestmannøy,-0.0001360403688619002,4333,0.2086613123807251,300,157
0,Nesøy,5,5014,1927,1927,8N13626,14,Lauvøya,-0.00013611966846659968,4334,0.2086613123807251,300,159
0,Nesøy,5,5014,546,546,8L89259,4,Gjerøy,-0.00013615247428533996,4335,0.2086613123807251,300,164
0,Nesøy,5,5014,4695,4695,8747663,1,Myken,-0.0001361596755720004,4336,0.2086613123807251,300,175
0,Nesøy,5,5014,5221,5221,8934600,4,Gjerøy,-0.000136198665865239,4337,0.2086613123807251,300,149
0,Nesøy,5,5014,243,243,8L48695,6,Indre Kvarøy,-0.00013625321124372902,4338,0.2086613123807251,300,156
0,Nesøy,5,5014,2235,2235,8N14616,13,Vikna,-0.00013633034632479753,4339,0.2086613123807251,300,159
0,Nesøy,5,5014,3132,3132,8N73442,11,Leka,-0.00013639212152717997,4340,0.2086613123807251,300,163
0,Nesøy,5,5014,3481,3481,8N87274,8,Lovund,-0.00013641101469870354,4341,0.2086613123807251,300,156
0,Nesøy,5,5014,534,534,8M31828,12,Vega,-0.00013646607019389336,4342,0.2086613123807251,300,161
0,Nesøy,5,5014,268,268,8L49909,10,Aldra,-0.00013669367593522396,4343,0.2086613123807251,300,146
0,Nesøy,5,5014,4478,4478,8730551,3,Selvær,-0.00013707397265191635,4344,0.2086613123807251,300,147
0,Nesøy,5,5014,3725,3725,8N87901,13,Vikna,-0.00013726847533679937,4345,0.2086613123807251,300,160
0,Nesøy,5,5014,5571,5571,8981955,3,Selvær,-0.00013741180903555433,4346,0.2086613123807251,300,148
0,Nesøy,5,5014,1636,1636,8N06020,3,Selvær,-0.00013760528316114352,4347,0.2086613123807251,300,155
0,Nesøy,5,5014,511,511,8L64856,3,Selvær,-0.00013793640550398075,4348,0.2086613123807251,300,153
0,Nesøy,5,5014,4052,4052,8P14863,14,Lauvøya,-0.00013801101440843156,4349,0.2086613123807251,300,157
0,Nesøy,5,5014,605,605,8L89508,5,Hestmannøy,-0.0001380397951943519,4350,0.2086613123807251,300,168
0,Nesøy,5,5014,4931,4931,8816936,4,Gjerøy,-0.0001382778332610996,4351,0.2086613123807251,300,155
0,Nesøy,5,5014,412,412,8L57791,8,Lovund,-0.00013832638859537707,4352,0.2086613123807251,300,161
0,Nesøy,5,5014,700,700,8L89981,7,Onøy og Lurøy,-0.000138439378285203,4353,0.2086613123807251,300,157
0,Nesøy,5,5014,5151,5151,8934228,10,Aldra,-0.00013865195152164094,4354,0.2086613123807251,300,156
0,Nesøy,5,5014,3758,3758,8N87935,13,Vikna,-0.0001386687418799457,4355,0.2086613123807251,300,155
0,Nesøy,5,5014,3923,3923,8P11884,14,Lauvøya,-0.00013885735002179222,4356,0.2086613123807251,300,150
0,Nesøy,5,5014,4395,4395,8681254,4,Gjerøy,-0.00013897735387088556,4357,0.2086613123807251,300,164
0,Nesøy,5,5014,1352,1352,8N05229,12,Vega,-0.00013902907401254903,4358,0.2086613123807251,300,151
0,Nesøy,5,5014,628,628,8L89634,5,Hestmannøy,-0.000139742846390806,4359,0.2086613123807251,300,157
0,Nesøy,5,5014,931,931,8M71290,6,Indre Kvarøy,-0.00013978494165986936,4360,0.2086613123807251,300,159
0,Nesøy,5,5014,3544,3544,8N87557,11,Leka,-0.0001399104816357631,4361,0.2086613123807251,300,160
0,Nesøy,5,5014,2625,2625,8N28756,5,Hestmannøy,-0.0001399450936037217,4362,0.2086613123807251,300,155
0,Nesøy,5,5014,818,818,8M31785,11,Leka,-0.00013997964705409909,4363,0.2086613123807251,300,147
0,Nesøy,5,5014,2108,2108,8N14288,14,Lauvøya,-0.0001400718027466012,4364,0.2086613123807251,300,168
0,Nesøy,5,5014,1298,1298,8N05174,12,Vega,-0.00014030373315815521,4365,0.2086613123807251,300,151
0,Nesøy,5,5014,187,187,8L48313,5,Hestmannøy,-0.00014039430868192934,4366,0.2086613123807251,300,158
0,Nesøy,5,5014,4904,4904,8800698,9,Sleneset,-0.00014059688119894744,4367,0.2086613123807251,300,150
0,Nesøy,5,5014,4757,4757,8747940,4,Gjerøy,-0.00014070142457538117,4368,0.2086613123807251,300,146
0,Nesøy,5,5014,1309,1309,8N05186,13,Vikna,-0.00014072012624622248,4369,0.2086613123807251,300,158
0,Nesøy,5,5014,3073,3073,8N73235,12,Vega,-0.00014079573772358476,4370,0.2086613123807251,300,156
0,Nesøy,5,5014,1613,1613,8N05883,11,Leka,-0.00014080451701005563,4371,0.2086613123807251,300,153
0,Nesøy,5,5014,190,190,8L48318,5,Hestmannøy,-0.00014085253812256543,4372,0.2086613123807251,300,157
0,Nesøy,5,5014,920,920,8M71256,5,Hestmannøy,-0.000141151713849563,4373,0.2086613123807251,300,160
0,Nesøy,5,5014,3520,3520,8N87533,11,Leka,-0.00014134902646014547,4374,0.2086613123807251,300,150
0,Nesøy,5,5014,1355,1355,8N05232,12,Vega,-0.00014161492874939402,4375,0.2086613123807251,300,166
0,Nesøy,5,5014,4929,4929,8816931,4,Gjerøy,-0.00014174154318108775,4376,0.2086613123807251,300,159
0,Nesøy,5,5014,2469,2469,8N27464,7,Onøy og Lurøy,-0.0001420205956619985,4377,0.2086613123807251,300,161
0,Nesøy,5,5014,4049,4049,8P14860,14,Lauvøya,-0.0001421600856244132,4378,0.2086613123807251,300,153
0,Nesøy,5,5014,1961,1961,8N13663,13,Vikna,-0.00014221883412532363,4379,0.2086613123807251,300,154
0,Nesøy,5,5014,1103,1103,8M72540,11,Leka,-0.0001422957558760696,4380,0.2086613123807251,300,157
0,Nesøy,5,5014,588,588,8L89412,5,Hestmannøy,-0.00014240916638249738,4381,0.2086613123807251,300,154
0,Nesøy,5,5014,4089,4089,8P14968,14,Lauvøya,-0.0001426306225293914,4382,0.2086613123807251,300,155
0,Nesøy,5,5014,1812,1812,8N06873,11,Leka,-0.00014275206735408946,4383,0.2086613123807251,300,158
0,Nesøy,5,5014,56,56,8L19969,5,Hestmannøy,-0.00014291267430517257,4384,0.2086613123807251,300,162
0,Nesøy,5,5014,130,130,8L30697,12,Vega,-0.0001429449869778786,4385,0.2086613123807251,300,164
0,Nesøy,5,5014,1772,1772,8N06833,11,Leka,-0.00014313168368222117,4386,0.2086613123807251,300,164
0,Nesøy,5,5014,3972,3972,8P14315,14,Lauvøya,-0.0001431546313417978,4387,0.2086613123807251,300,163
0,Nesøy,5,5014,4905,4905,8800935,10,Aldra,-0.00014334087236959924,4388,0.2086613123807251,300,150
0,Nesøy,5,5014,435,435,8M71452,13,Vikna,-0.00014400445182892463,4389,0.2086613123807251,300,144
0,Nesøy,5,5014,4880,4880,8800515,5,Hestmannøy,-0.00014405426010395147,4390,0.2086613123807251,300,161
0,Nesøy,5,5014,2077,2077,8N14106,4,Gjerøy,-0.00014415986856842878,4391,0.2086613123807251,300,159
0,Nesøy,5,5014,5505,5505,8981345,11,Leka,-0.00014421526997730142,4392,0.2086613123807251,300,153
0,Nesøy,5,5014,490,490,8L64501,12,Vega,-0.00014443914569632252,4393,0.2086613123807251,300,162
0,Nesøy,5,5014,5352,5352,8939768,5,Hestmannøy,-0.00014458672248944342,4394,0.2086613123807251,300,149
0,Nesøy,5,5014,2688,2688,8N42120,8,Lovund,-0.00014489677165696672,4395,0.2086613123807251,300,149
0,Nesøy,5,5014,4639,4639,8747294,9,Sleneset,-0.00014531230064678986,4396,0.2086613123807251,300,152
0,Nesøy,5,5014,2984,2984,8N72945,13,Vikna,-0.00014558830053342263,4397,0.2086613123807251,300,146
0,Nesøy,5,5014,3128,3128,8N73438,11,Leka,-0.00014561368925271749,4398,0.2086613123807251,300,161
0,Nesøy,5,5014,806,806,8M31758,5,Hestmannøy,-0.00014562365240155013,4399,0.2086613123807251,300,161
0,Nesøy,5,5014,1195,1195,8M72929,5,Hestmannøy,-0.00014572096418579943,4400,0.2086613123807251,300,149
0,Nesøy,5,5014,3137,3137,8N73447,11,Leka,-0.00014583924389312844,4401,0.2086613123807251,300,153
0,Nesøy,5,5014,2804,2804,8N42911,6,Indre Kvarøy,-0.0001458589178885433,4402,0.2086613123807251,300,150
0,Nesøy,5,5014,82,82,8L30154,11,Leka,-0.0001461177491456907,4403,0.2086613123807251,300,155
0,Nesøy,5,5014,4663,4663,8747526,6,Indre Kvarøy,-0.0001461539078756933,4404,0.2086613123807251,300,148
0,Nesøy,5,5014,4010,4010,8P14652,2,Træna,-0.00014620744231332342,4405,0.2086613123807251,300,157
0,Nesøy,5,5014,930,930,8M71289,5,Hestmannøy,-0.00014645597586543664,4406,0.2086613123807251,300,148
0,Nesøy,5,5014,556,556,8L89296,4,Gjerøy,-0.00014646721962833424,4407,0.2086613123807251,300,156
0,Nesøy,5,5014,245,245,8L48738,11,Leka,-0.00014663636503673658,4408,0.2086613123807251,300,150
0,Nesøy,5,5014,2620,2620,8N28713,7,Onøy og Lurøy,-0.00014675728344755123,4409,0.2086613123807251,300,146
0,Nesøy,5,5014,1738,1738,8N06692,14,Lauvøya,-0.00014710026052179454,4410,0.2086613123807251,300,153
0,Nesøy,5,5014,3252,3252,8N73633,13,Vikna,-0.00014715323914064445,4411,0.2086613123807251,300,152
0,Nesøy,5,5014,1321,1321,8N05198,13,Vikna,-0.00014765786631214074,4412,0.2086613123807251,300,158
0,Nesøy,5,5014,5577,5577,8L49911,4,Gjerøy,-0.00014777904920133898,4413,0.2086613123807251,300,164
0,Nesøy,5,5014,2675,2675,8N28926,9,Sleneset,-0.00014794766333369654,4414,0.2086613123807251,300,157
0,Nesøy,5,5014,4966,4966,8857260,9,Sleneset,-0.0001479941324248798,4415,0.2086613123807251,300,161
0,Nesøy,5,5014,2075,2075,8N14089,5,Hestmannøy,-0.00014800058714838535,4416,0.2086613123807251,300,170
0,Nesøy,5,5014,3585,3585,8N87600,11,Leka,-0.0001482611787028818,4417,0.2086613123807251,300,158
0,Nesøy,5,5014,5007,5007,8866791,5,Hestmannøy,-0.00014833037666439573,4418,0.2086613123807251,300,173
0,Nesøy,5,5014,2933,2933,8N72746,5,Hestmannøy,-0.00014837625637441503,4419,0.2086613123807251,300,150
0,Nesøy,5,5014,3719,3719,8N87895,13,Vikna,-0.00014838638369842148,4420,0.2086613123807251,300,154
0,Nesøy,5,5014,3033,3033,8N73189,14,Lauvøya,-0.00014850647134039016,4421,0.2086613123807251,300,150
0,Nesøy,5,5014,1843,1843,8N06931,4,Gjerøy,-0.00014891726950427028,4422,0.2086613123807251,300,153
0,Nesøy,5,5014,3493,3493,8N87362,5,Hestmannøy,-0.00014911114002655698,4423,0.2086613123807251,300,158
0,Nesøy,5,5014,3020,3020,8N73087,6,Indre Kvarøy,-0.00014919271313393353,4424,0.2086613123807251,300,162
0,Nesøy,5,5014,3799,3799,8N87976,13,Vikna,-0.00014931226570736908,4425,0.2086613123807251,300,163
0,Nesøy,5,5014,2479,2479,8N27621,14,Lauvøya,-0.00014932214817002783,4426,0.2086613123807251,300,158
0,Nesøy,5,5014,2317,2317,8N14803,9,Sleneset,-0.00014940567770443144,4427,0.2086613123807251,300,157
0,Nesøy,5,5014,1421,1421,8N05300,13,Vikna,-0.00014942075499013428,4428,0.2086613123807251,300,152
0,Nesøy,5,5014,779,779,8M31554,6,Indre Kvarøy,-0.0001496384018105455,4429,0.2086613123807251,300,157
0,Nesøy,5,5014,3889,3889,8P11571,14,Lauvøya,-0.0001496467945683863,4430,0.2086613123807251,300,160
0,Nesøy,5,5014,1291,1291,8N05167,12,Vega,-0.0001498882367471289,4431,0.2086613123807251,300,152
0,Nesøy,5,5014,3350,3350,8N73916,11,Leka,-0.00014997024868602265,4432,0.2086613123807251,300,161
0,Nesøy,5,5014,5097,5097,8904640,7,Onøy og Lurøy,-0.0001499706321821159,4433,0.2086613123807251,300,149
0,Nesøy,5,5014,3710,3710,8N87886,13,Vikna,-0.0001501628282694565,4434,0.2086613123807251,300,163
0,Nesøy,5,5014,2142,2142,8N14521,11,Leka,-0.00015022198679466852,4435,0.2086613123807251,300,161
0,Nesøy,5,5014,5111,5111,8917929,3,Selvær,-0.0001502336668864343,4436,0.2086613123807251,300,168
0,Nesøy,5,5014,205,205,8L48446,5,Hestmannøy,-0.00015050371682652212,4437,0.2086613123807251,300,154
0,Nesøy,5,5014,3930,3930,8P14001,2,Træna,-0.00015084979657775685,4438,0.2086613123807251,300,155
0,Nesøy,5,5014,1884,1884,8N13425,9,Sleneset,-0.0001508782748815716,4439,0.2086613123807251,300,156
0,Nesøy,5,5014,4727,4727,8747758,5,Hestmannøy,-0.00015089879091527037,4440,0.2086613123807251,300,159
0,Nesøy,5,5014,701,701,8M31208,7,Onøy og Lurøy,-0.00015099609601214426,4441,0.2086613123807251,300,143
0,Nesøy,5,5014,2492,2492,8N27830,6,Indre Kvarøy,-0.00015112267909274136,4442,0.2086613123807251,300,161
0,Nesøy,5,5014,116,116,8L30499,2,Træna,-0.00015138924978034526,4443,0.2086613123807251,300,144
0,Nesøy,5,5014,4211,4211,8309159,6,Indre Kvarøy,-0.00015162468368060204,4444,0.2086613123807251,300,152
0,Nesøy,5,5014,4794,4794,8800035,5,Hestmannøy,-0.00015167946462311285,4445,0.2086613123807251,300,157
0,Nesøy,5,5014,4303,4303,8651786,3,Selvær,-0.00015168615298591546,4446,0.2086613123807251,300,161
0,Nesøy,5,5014,926,926,8M71277,4,Gjerøy,-0.00015224330517063528,4447,0.2086613123807251,300,167
0,Nesøy,5,5014,1102,1102,8M72539,11,Leka,-0.00015224734229305102,4448,0.2086613123807251,300,154
0,Nesøy,5,5014,1562,1562,8N05710,5,Hestmannøy,-0.00015225077733845417,4449,0.2086613123807251,300,163
0,Nesøy,5,5014,3364,3364,8N73930,12,Vega,-0.00015231225514764668,4450,0.2086613123807251,300,156
0,Nesøy,5,5014,4309,4309,8651869,5,Hestmannøy,-0.00015257359381043906,4451,0.2086613123807251,300,159
0,Nesøy,5,5014,1425,1425,8N05304,13,Vikna,-0.00015265835548489156,4452,0.2086613123807251,300,169
0,Nesøy,5,5014,81,81,8L30090,13,Vikna,-0.00015295938646097697,4453,0.2086613123807251,300,162
0,Nesøy,5,5014,3567,3567,8N87580,11,Leka,-0.0001530183454034786,4454,0.2086613123807251,300,145
0,Nesøy,5,5014,1715,1715,8N06580,4,Gjerøy,-0.00015333028376189178,4455,0.2086613123807251,300,176
0,Nesøy,5,5014,3134,3134,8N73444,11,Leka,-0.0001536249130619737,4456,0.2086613123807251,300,160
0,Nesøy,5,5014,748,748,8M31398,5,Hestmannøy,-0.00015366324853079846,4457,0.2086613123807251,300,153
0,Nesøy,5,5014,4295,4295,8651743,5,Hestmannøy,-0.00015376459950743198,4458,0.2086613123807251,300,153
0,Nesøy,5,5014,1721,1721,8N06675,14,Lauvøya,-0.00015381435997486223,4459,0.2086613123807251,300,167
0,Nesøy,5,5014,941,941,8M71304,6,Indre Kvarøy,-0.0001541276545451155,4460,0.2086613123807251,300,158
0,Nesøy,5,5014,890,890,8L64770,13,Vikna,-0.00015423770486321943,4461,0.2086613123807251,300,153
0,Nesøy,5,5014,3963,3963,8P14241,5,Hestmannøy,-0.00015424230263845178,4462,0.2086613123807251,300,151
0,Nesøy,5,5014,1236,1236,8N05112,14,Lauvøya,-0.0001542496974222591,4463,0.2086613123807251,300,149
0,Nesøy,5,5014,3754,3754,8N87931,13,Vikna,-0.00015442714336890906,4464,0.2086613123807251,300,150
0,Nesøy,5,5014,4111,4111,8P14992,14,Lauvøya,-0.00015444827625475573,4465,0.2086613123807251,300,168
0,Nesøy,5,5014,5006,5006,8866790,5,Hestmannøy,-0.00015457754817389688,4466,0.2086613123807251,300,155
0,Nesøy,5,5014,2942,2942,8N72902,13,Vikna,-0.0001547295253961919,4467,0.2086613123807251,300,149
0,Nesøy,5,5014,2472,2472,8N27476,2,Træna,-0.00015476161424443126,4468,0.2086613123807251,300,154
0,Nesøy,5,5014,3706,3706,8N87882,13,Vikna,-0.00015495087026093187,4469,0.2086613123807251,300,159
0,Nesøy,5,5014,1798,1798,8N06859,11,Leka,-0.000155249157335022,4470,0.2086613123807251,300,154
0,Nesøy,5,5014,2775,2775,8N42705,5,Hestmannøy,-0.00015532220738228282,4471,0.2086613123807251,300,169
0,Nesøy,5,5014,1725,1725,8N06679,14,Lauvøya,-0.0001553920335896247,4472,0.2086613123807251,300,161
0,Nesøy,5,5014,4507,4507,8730981,6,Indre Kvarøy,-0.00015551558175440277,4473,0.2086613123807251,300,160
0,Nesøy,5,5014,4314,4314,8651882,4,Gjerøy,-0.00015552474774227607,4474,0.2086613123807251,300,156
0,Nesøy,5,5014,4805,4805,8800074,5,Hestmannøy,-0.00015583066984809496,4475,0.2086613123807251,300,165
0,Nesøy,5,5014,1075,1075,8M72304,8,Lovund,-0.00015591516630253353,4476,0.2086613123807251,300,152
0,Nesøy,5,5014,2114,2114,8N14294,14,Lauvøya,-0.00015591688534516928,4477,0.2086613123807251,300,147
0,Nesøy,5,5014,2787,2787,8N42730,5,Hestmannøy,-0.00015615745944802062,4478,0.2086613123807251,300,160
0,Nesøy,5,5014,1993,1993,8N13695,13,Vikna,-0.00015618390686717573,4479,0.2086613123807251,300,147
0,Nesøy,5,5014,3267,3267,8N73648,13,Vikna,-0.00015619731254767544,4480,0.2086613123807251,300,154
0,Nesøy,5,5014,2729,2729,8N42500,14,Lauvøya,-0.00015627684780516698,4481,0.2086613123807251,300,168
0,Nesøy,5,5014,4330,4330,8668490,5,Hestmannøy,-0.00015643469992429265,4482,0.2086613123807251,300,160
0,Nesøy,5,5014,4976,4976,8857285,10,Aldra,-0.00015655170845960172,4483,0.2086613123807251,300,157
0,Nesøy,5,5014,688,688,8M31041,3,Selvær,-0.00015669120424518848,4484,0.2086613123807251,300,151
0,Nesøy,5,5014,1557,1557,8N05705,5,Hestmannøy,-0.0001567043096374789,4485,0.2086613123807251,300,163
0,Nesøy,5,5014,5035,5035,8887272,7,Onøy og Lurøy,-0.000156730773475871,4486,0.2086613123807251,300,164
0,Nesøy,5,5014,2158,2158,8N14537,11,Leka,-0.0001568135678473939,4487,0.2086613123807251,300,158
0,Nesøy,5,5014,2363,2363,8N27010,14,Lauvøya,-0.00015685538385597737,4488,0.2086613123807251,300,152
0,Nesøy,5,5014,2629,2629,8N28773,5,Hestmannøy,-0.00015689543830147448,4489,0.2086613123807251,300,154
0,Nesøy,5,5014,3094,3094,8N73304,14,Lauvøya,-0.00015699599579817257,4490,0.2086613123807251,300,159
0,Nesøy,5,5014,2812,2812,8N42985,14,Lauvøya,-0.00015703186608664234,4491,0.2086613123807251,300,159
0,Nesøy,5,5014,3358,3358,8N73924,11,Leka,-0.00015711321287225448,4492,0.2086613123807251,300,164
0,Nesøy,5,5014,5487,5487,8981273,5,Hestmannøy,-0.0001571223913762505,4493,0.2086613123807251,300,167
0,Nesøy,5,5014,2600,2600,8N28578,9,Sleneset,-0.00015748104435457595,4494,0.2086613123807251,300,156
0,Nesøy,5,5014,2878,2878,8N72554,6,Indre Kvarøy,-0.00015771268807496678,4495,0.2086613123807251,300,154
0,Nesøy,5,5014,1143,1143,8M72649,4,Gjerøy,-0.00015788987739393385,4496,0.2086613123807251,300,166
0,Nesøy,5,5014,4475,4475,8730545,8,Lovund,-0.0001583664658814284,4497,0.2086613123807251,300,150
0,Nesøy,5,5014,507,507,8L64838,2,Træna,-0.00015838786573306218,4498,0.2086613123807251,300,153
0,Nesøy,5,5014,4326,4326,8651997,5,Hestmannøy,-0.00015846918218815855,4499,0.2086613123807251,300,148
0,Nesøy,5,5014,3693,3693,8N87868,13,Vikna,-0.00015858184856454988,4500,0.2086613123807251,300,167
0,Nesøy,5,5014,5368,5368,8939916,11,Leka,-0.00015862541051147523,4501,0.2086613123807251,300,149
0,Nesøy,5,5014,2829,2829,8N72065,2,Træna,-0.00015897884884913792,4502,0.2086613123807251,300,156
0,Nesøy,5,5014,4159,4159,8P26743,7,Onøy og Lurøy,-0.00015905410417741496,4503,0.2086613123807251,300,144
0,Nesøy,5,5014,2249,2249,8N14630,13,Vikna,-0.00015917339675956585,4504,0.2086613123807251,300,153
0,Nesøy,5,5014,4557,4557,8732625,9,Sleneset,-0.00015922189842771569,4505,0.2086613123807251,300,167
0,Nesøy,5,5014,764,764,8M31509,4,Gjerøy,-0.00015929884123396266,4506,0.2086613123807251,300,166
0,Nesøy,5,5014,912,912,8M71220,6,Indre Kvarøy,-0.00015931258143852685,4507,0.2086613123807251,300,163
0,Nesøy,5,5014,2830,2830,8N72066,2,Træna,-0.00015953981945894335,4508,0.2086613123807251,300,158
0,Nesøy,5,5014,5281,5281,8939340,7,Onøy og Lurøy,-0.00015969953821674734,4509,0.2086613123807251,300,153
0,Nesøy,5,5014,4961,4961,8857237,5,Hestmannøy,-0.0001597981644621529,4510,0.2086613123807251,300,149
0,Nesøy,5,5014,1932,1932,8N13631,14,Lauvøya,-0.00016012447379968459,4511,0.2086613123807251,300,145
0,Nesøy,5,5014,5575,5575,8981971,2,Træna,-0.00016029602924394143,4512,0.2086613123807251,300,164
0,Nesøy,5,5014,2012,2012,8N13859,14,Lauvøya,-0.00016045281094744152,4513,0.2086613123807251,300,152
0,Nesøy,5,5014,1389,1389,8N05267,13,Vikna,-0.00016055951941933993,4514,0.2086613123807251,300,143
0,Nesøy,5,5014,3178,3178,8N73489,12,Vega,-0.00016069680062272021,4515,0.2086613123807251,300,173
0,Nesøy,5,5014,4970,4970,8857275,10,Aldra,-0.0001608010252457471,4516,0.2086613123807251,300,170
0,Nesøy,5,5014,646,646,8L89692,5,Hestmannøy,-0.00016088998083163943,4517,0.2086613123807251,300,164
0,Nesøy,5,5014,4251,4251,8573281,3,Selvær,-0.00016089693989254525,4518,0.2086613123807251,300,154
0,Nesøy,5,5014,2121,2121,8N14339,14,Lauvøya,-0.0001610913273912126,4519,0.2086613123807251,300,155
0,Nesøy,5,5014,3899,3899,8P11585,4,Gjerøy,-0.00016113249997609116,4520,0.2086613123807251,300,158
0,Nesøy,5,5014,4806,4806,8800075,5,Hestmannøy,-0.00016120759185447379,4521,0.2086613123807251,300,165
0,Nesøy,5,5014,984,984,8L64015,11,Leka,-0.00016131230840782897,4522,0.2086613123807251,300,152
0,Nesøy,5,5014,2859,2859,8N72428,8,Lovund,-0.00016145723473233144,4523,0.2086613123807251,300,156
0,Nesøy,5,5014,3488,3488,8N87342,5,Hestmannøy,-0.00016146074782172212,4524,0.2086613123807251,300,158
0,Nesøy,5,5014,4391,4391,8681247,3,Selvær,-0.00016164658762074204,4525,0.2086613123807251,300,167
0,Nesøy,5,5014,1729,1729,8N06683,14,Lauvøya,-0.00016179361533223826,4526,0.2086613123807251,300,147
0,Nesøy,5,5014,3454,3454,8N87114,4,Gjerøy,-0.00016206927574299212,4527,0.2086613123807251,300,155
0,Nesøy,5,5014,360,360,8L52426,5,Hestmannøy,-0.00016304360177196714,4528,0.2086613123807251,300,164
0,Nesøy,5,5014,5069,5069,8887411,6,Indre Kvarøy,-0.0001632519258227047,4529,0.2086613123807251,300,153
0,Nesøy,5,5014,528,528,8L64970,5,Hestmannøy,-0.00016346360993952565,4530,0.2086613123807251,300,148
0,Nesøy,5,5014,2901,2901,8N72677,11,Leka,-0.000163571446169389,4531,0.2086613123807251,300,158
0,Nesøy,5,5014,283,283,8L52209,4,Gjerøy,-0.00016361323649524999,4532,0.2086613123807251,300,155
0,Nesøy,5,5014,3628,3628,8N87801,14,Lauvøya,-0.00016364405419035135,4533,0.2086613123807251,300,150
0,Nesøy,5,5014,3351,3351,8N73917,11,Leka,-0.000163669690782158,4534,0.2086613123807251,300,148
0,Nesøy,5,5014,3051,3051,8N73213,12,Vega,-0.00016376746921675285,4535,0.2086613123807251,300,157
0,Nesøy,5,5014,2586,2586,8N28460,2,Træna,-0.00016394812009195455,4536,0.2086613123807251,300,159
0,Nesøy,5,5014,2719,2719,8N42438,14,Lauvøya,-0.00016396365481149988,4537,0.2086613123807251,300,164
0,Nesøy,5,5014,4221,4221,8309197,5,Hestmannøy,-0.0001640602127864456,4538,0.2086613123807251,300,141
0,Nesøy,5,5014,5032,5032,8887264,10,Aldra,-0.00016411784860672772,4539,0.2086613123807251,300,167
0,Nesøy,5,5014,4466,4466,8730498,4,Gjerøy,-0.00016451632909421582,4540,0.2086613123807251,300,139
0,Nesøy,5,5014,5184,5184,8934374,5,Hestmannøy,-0.00016475373168980828,4541,0.2086613123807251,300,158
0,Nesøy,5,5014,1870,1870,8N13286,9,Sleneset,-0.0001649891546728767,4542,0.2086613123807251,300,161
0,Nesøy,5,5014,3904,3904,8P11646,8,Lovund,-0.00016502240418831153,4543,0.2086613123807251,300,163
0,Nesøy,5,5014,3175,3175,8N73486,11,Leka,-0.00016551409907154384,4544,0.2086613123807251,300,159
0,Nesøy,5,5014,891,891,8M71120,13,Vikna,-0.00016553748086011843,4545,0.2086613123807251,300,154
0,Nesøy,5,5014,2932,2932,8N72738,4,Gjerøy,-0.0001656590647822285,4546,0.2086613123807251,300,157
0,Nesøy,5,5014,2827,2827,8N72045,2,Træna,-0.0001657068439824162,4547,0.2086613123807251,300,154
0,Nesøy,5,5014,145,145,8L30763,12,Vega,-0.00016574711469856062,4548,0.2086613123807251,300,142
0,Nesøy,5,5014,2657,2657,8N28845,5,Hestmannøy,-0.00016580018291817395,4549,0.2086613123807251,300,162
0,Nesøy,5,5014,3288,3288,8N73669,13,Vikna,-0.00016585158415394175,4550,0.2086613123807251,300,158
0,Nesøy,5,5014,3592,3592,8N87611,14,Lauvøya,-0.0001659401352997718,4551,0.2086613123807251,300,163
0,Nesøy,5,5014,1409,1409,8N05287,13,Vikna,-0.00016641514092382553,4552,0.2086613123807251,300,155
0,Nesøy,5,5014,2161,2161,8N14540,11,Leka,-0.00016647686076484098,4553,0.2086613123807251,300,161
0,Nesøy,5,5014,515,515,8L64872,11,Leka,-0.000166545397370931,4554,0.2086613123807251,300,159
0,Nesøy,5,5014,848,848,8M31923,5,Hestmannøy,-0.00016656764498206695,4555,0.2086613123807251,300,154
0,Nesøy,5,5014,2957,2957,8N72917,13,Vikna,-0.00016686338263030876,4556,0.2086613123807251,300,150
0,Nesøy,5,5014,958,958,8M71336,12,Vega,-0.00016743023589185034,4557,0.2086613123807251,300,152
0,Nesøy,5,5014,2181,2181,8N14562,11,Leka,-0.00016768742384994334,4558,0.2086613123807251,300,153
0,Nesøy,5,5014,3009,3009,8N73013,4,Gjerøy,-0.00016791900892802273,4559,0.2086613123807251,300,154
0,Nesøy,5,5014,1477,1477,8N05612,14,Lauvøya,-0.00016797602576887205,4560,0.2086613123807251,300,158
0,Nesøy,5,5014,4877,4877,8800495,10,Aldra,-0.00016804977875723996,4561,0.2086613123807251,300,153
0,Nesøy,5,5014,2162,2162,8N14541,11,Leka,-0.000168096426071156,4562,0.2086613123807251,300,164
0,Nesøy,5,5014,4502,4502,8730972,3,Selvær,-0.00016812273958002012,4563,0.2086613123807251,300,161
0,Nesøy,5,5014,4954,4954,8857220,5,Hestmannøy,-0.0001682051198712536,4564,0.2086613123807251,300,155
0,Nesøy,5,5014,2931,2931,8N72737,4,Gjerøy,-0.0001683628089616894,4565,0.2086613123807251,300,157
0,Nesøy,5,5014,3755,3755,8N87932,13,Vikna,-0.00016853097760436415,4566,0.2086613123807251,300,148
0,Nesøy,5,5014,1817,1817,8N06878,11,Leka,-0.00016872786891135685,4567,0.2086613123807251,300,144
0,Nesøy,5,5014,1621,1621,8N05894,11,Leka,-0.0001689809788728592,4568,0.2086613123807251,300,160
0,Nesøy,5,5014,3226,3226,8N73607,14,Lauvøya,-0.0001690077531587625,4569,0.2086613123807251,300,168
0,Nesøy,5,5014,3496,3496,8N87371,4,Gjerøy,-0.00016902413742698598,4570,0.2086613123807251,300,155
0,Nesøy,5,5014,2358,2358,8N14975,7,Onøy og Lurøy,-0.00016922848896538102,4571,0.2086613123807251,300,164
0,Nesøy,5,5014,944,944,8M71307,6,Indre Kvarøy,-0.00016934256262967227,4572,0.2086613123807251,300,162
0,Nesøy,5,5014,2417,2417,8N27194,14,Lauvøya,-0.00016946484212319206,4573,0.2086613123807251,300,159
0,Nesøy,5,5014,2420,2420,8N27197,14,Lauvøya,-0.00016967136786968755,4574,0.2086613123807251,300,155
0,Nesøy,5,5014,5211,5211,8934525,1,Myken,-0.00016974187466966908,4575,0.2086613123807251,300,152
0,Nesøy,5,5014,38,38,8L19920,5,Hestmannøy,-0.00016983643858815183,4576,0.2086613123807251,300,160
0,Nesøy,5,5014,4579,4579,8732676,4,Gjerøy,-0.0001699422414346572,4577,0.2086613123807251,300,158
0,Nesøy,5,5014,2720,2720,8N42441,14,Lauvøya,-0.00017032896499455125,4578,0.2086613123807251,300,161
0,Nesøy,5,5014,2792,2792,8N42735,4,Gjerøy,-0.00017115062620209637,4579,0.2086613123807251,300,148
0,Nesøy,5,5014,3131,3131,8N73441,11,Leka,-0.0001711821958322178,4580,0.2086613123807251,300,165
0,Nesøy,5,5014,997,997,8M71484,13,Vikna,-0.00017121840370870142,4581,0.2086613123807251,300,160
0,Nesøy,5,5014,5169,5169,8934304,5,Hestmannøy,-0.00017128007492691295,4582,0.2086613123807251,300,157
0,Nesøy,5,5014,113,113,8L30473,12,Vega,-0.00017129959063399056,4583,0.2086613123807251,300,162
0,Nesøy,5,5014,4938,4938,8816949,4,Gjerøy,-0.00017184072618871298,4584,0.2086613123807251,300,167
0,Nesøy,5,5014,4341,4341,8681032,5,Hestmannøy,-0.000171890525254398,4585,0.2086613123807251,300,160
0,Nesøy,5,5014,2148,2148,8N14527,11,Leka,-0.0001718932988329415,4586,0.2086613123807251,300,156
0,Nesøy,5,5014,3376,3376,8N73942,12,Vega,-0.0001719596705998943,4587,0.2086613123807251,300,156
0,Nesøy,5,5014,341,341,8L52387,11,Leka,-0.0001719768543296281,4588,0.2086613123807251,300,156
0,Nesøy,5,5014,3480,3480,8N87273,8,Lovund,-0.00017198289305530098,4589,0.2086613123807251,300,156
0,Nesøy,5,5014,636,636,8L89646,6,Indre Kvarøy,-0.00017198351787683583,4590,0.2086613123807251,300,146
0,Nesøy,5,5014,4450,4450,8730445,1,Myken,-0.00017217700294353287,4591,0.2086613123807251,300,151
0,Nesøy,5,5014,3906,3906,8P11748,7,Onøy og Lurøy,-0.00017221533326601548,4592,0.2086613123807251,300,153
0,Nesøy,5,5014,4621,4621,8747234,10,Aldra,-0.00017227608565215628,4593,0.2086613123807251,300,163
0,Nesøy,5,5014,3625,3625,8N87762,4,Gjerøy,-0.00017246132309247964,4594,0.2086613123807251,300,151
0,Nesøy,5,5014,1239,1239,8N05115,12,Vega,-0.0001724668807472152,4595,0.2086613123807251,300,150
0,Nesøy,5,5014,2779,2779,8N42709,4,Gjerøy,-0.00017247324945667588,4596,0.2086613123807251,300,163
0,Nesøy,5,5014,3681,3681,8N87856,14,Lauvøya,-0.00017247510246074752,4597,0.2086613123807251,300,161
0,Nesøy,5,5014,4074,4074,8P14938,14,Lauvøya,-0.0001729111541653615,4598,0.2086613123807251,300,147
0,Nesøy,5,5014,4613,4613,8747167,8,Lovund,-0.00017315938418791633,4599,0.2086613123807251,300,163
0,Nesøy,5,5014,4802,4802,8800063,4,Gjerøy,-0.00017336600430631192,4600,0.2086613123807251,300,165
0,Nesøy,5,5014,377,377,8L52596,5,Hestmannøy,-0.00017376547474541785,4601,0.2086613123807251,300,160
0,Nesøy,5,5014,995,995,8M71479,13,Vikna,-0.000173779313112861,4602,0.2086613123807251,300,148
0,Nesøy,5,5014,3355,3355,8N73921,11,Leka,-0.00017385692013791455,4603,0.2086613123807251,300,152
0,Nesøy,5,5014,4186,4186,8168644,5,Hestmannøy,-0.00017424450932391436,4604,0.2086613123807251,300,151
0,Nesøy,5,5014,2450,2450,8N27361,5,Hestmannøy,-0.00017473389074389777,4605,0.2086613123807251,300,154
0,Nesøy,5,5014,2973,2973,8N72934,13,Vikna,-0.0001750118135157755,4606,0.2086613123807251,300,161
0,Nesøy,5,5014,3118,3118,8N73423,6,Indre Kvarøy,-0.00017547377924085442,4607,0.2086613123807251,300,150
0,Nesøy,5,5014,327,327,8L52360,11,Leka,-0.00017556038922724978,4608,0.2086613123807251,300,157
0,Nesøy,5,5014,2432,2432,8N27298,10,Aldra,-0.00017593931546920746,4609,0.2086613123807251,300,151
0,Nesøy,5,5014,1790,1790,8N06851,11,Leka,-0.00017614755676328804,4610,0.2086613123807251,300,157
0,Nesøy,5,5014,3249,3249,8N73630,13,Vikna,-0.00017664612528397642,4611,0.2086613123807251,300,163
0,Nesøy,5,5014,3621,3621,8N87749,4,Gjerøy,-0.00017665899787454518,4612,0.2086613123807251,300,169
0,Nesøy,5,5014,358,358,8L52419,4,Gjerøy,-0.00017685083029575963,4613,0.2086613123807251,300,154
0,Nesøy,5,5014,1831,1831,8N06895,14,Lauvøya,-0.00017699579261692473,4614,0.2086613123807251,300,153
0,Nesøy,5,5014,3975,3975,8P14337,14,Lauvøya,-0.00017707946865382169,4615,0.2086613123807251,300,157
0,Nesøy,5,5014,1719,1719,8N06673,14,Lauvøya,-0.00017748834503838643,4616,0.2086613123807251,300,168
0,Nesøy,5,5014,215,215,8L48463,10,Aldra,-0.00017750019612613124,4617,0.2086613123807251,300,163
0,Nesøy,5,5014,5268,5268,8939158,5,Hestmannøy,-0.00017753066817146622,4618,0.2086613123807251,300,156
0,Nesøy,5,5014,927,927,8M31504,4,Gjerøy,-0.00017770102790829086,4619,0.2086613123807251,300,158
0,Nesøy,5,5014,2598,2598,8N28554,2,Træna,-0.00017776804452874413,4620,0.2086613123807251,300,162
0,Nesøy,5,5014,151,151,8L30770,12,Vega,-0.00017786399017479787,4621,0.2086613123807251,300,160
0,Nesøy,5,5014,4664,4664,8747529,6,Indre Kvarøy,-0.00017797103254400646,4622,0.2086613123807251,300,165
0,Nesøy,5,5014,4898,4898,8800614,5,Hestmannøy,-0.00017803378526838308,4623,0.2086613123807251,300,166
0,Nesøy,5,5014,88,88,8L30185,12,Vega,-0.0001783436375706755,4624,0.2086613123807251,300,168
0,Nesøy,5,5014,3810,3810,8N87987,13,Vikna,-0.00017848959457074365,4625,0.2086613123807251,300,162
0,Nesøy,5,5014,2627,2627,8N28767,4,Gjerøy,-0.00017859453520227659,4626,0.2086613123807251,300,148
0,Nesøy,5,5014,254,254,8L48756,11,Leka,-0.00017864608236777284,4627,0.2086613123807251,300,154
0,Nesøy,5,5014,4142,4142,8P26542,2,Træna,-0.0001799130233724902,4628,0.2086613123807251,300,152
0,Nesøy,5,5014,1605,1605,8N05874,11,Leka,-0.00018004339476720732,4629,0.2086613123807251,300,149
0,Nesøy,5,5014,478,478,8L64327,2,Træna,-0.0001803929041019861,4630,0.2086613123807251,300,164
0,Nesøy,5,5014,2687,2687,8N42114,8,Lovund,-0.00018061156852719663,4631,0.2086613123807251,300,157
0,Nesøy,5,5014,3399,3399,8N73965,12,Vega,-0.00018061459381215602,4632,0.2086613123807251,300,150
0,Nesøy,5,5014,3650,3650,8N87823,14,Lauvøya,-0.00018085598264702476,4633,0.2086613123807251,300,150
0,Nesøy,5,5014,609,609,8L89516,5,Hestmannøy,-0.0001808937470018797,4634,0.2086613123807251,300,157
0,Nesøy,5,5014,4617,4617,8747222,5,Hestmannøy,-0.00018096588053755625,4635,0.2086613123807251,300,156
0,Nesøy,5,5014,4795,4795,8800038,5,Hestmannøy,-0.00018109841695233099,4636,0.2086613123807251,300,154
0,Nesøy,5,5014,2717,2717,8N42424,14,Lauvøya,-0.0001814004059125883,4637,0.2086613123807251,300,156
0,Nesøy,5,5014,2132,2132,8N14439,5,Hestmannøy,-0.00018162842698621914,4638,0.2086613123807251,300,150
0,Nesøy,5,5014,3793,3793,8N87970,13,Vikna,-0.00018181667965878483,4639,0.2086613123807251,300,170
0,Nesøy,5,5014,1855,1855,8N13086,14,Lauvøya,-0.0001818745257482052,4640,0.2086613123807251,300,167
0,Nesøy,5,5014,5107,5107,8917840,3,Selvær,-0.00018200601980606978,4641,0.2086613123807251,300,164
0,Nesøy,5,5014,3879,3879,8P11561,14,Lauvøya,-0.00018207529233466358,4642,0.2086613123807251,300,154
0,Nesøy,5,5014,3696,3696,8N87871,13,Vikna,-0.00018234795000452353,4643,0.2086613123807251,300,164
0,Nesøy,5,5014,5398,5398,8943263,11,Leka,-0.00018234898303339108,4644,0.2086613123807251,300,154
0,Nesøy,5,5014,3864,3864,8P11546,14,Lauvøya,-0.00018248498399422454,4645,0.2086613123807251,300,151
0,Nesøy,5,5014,5203,5203,8934472,3,Selvær,-0.00018250950188895956,4646,0.2086613123807251,300,163
0,Nesøy,5,5014,3839,3839,8P11520,14,Lauvøya,-0.0001826476560558621,4647,0.2086613123807251,300,156
0,Nesøy,5,5014,5194,5194,8934406,8,Lovund,-0.0001830790579852863,4648,0.2086613123807251,300,156
0,Nesøy,5,5014,3507,3507,8N87520,11,Leka,-0.00018366700451663486,4649,0.2086613123807251,300,155
0,Nesøy,5,5014,5348,5348,8939759,9,Sleneset,-0.00018377325294709844,4650,0.2086613123807251,300,165
0,Nesøy,5,5014,2172,2172,8N14552,11,Leka,-0.00018379336633939864,4651,0.2086613123807251,300,152
0,Nesøy,5,5014,115,115,8L30487,12,Vega,-0.00018399621014095235,4652,0.2086613123807251,300,152
0,Nesøy,5,5014,2846,2846,8N72347,5,Hestmannøy,-0.00018405667796282145,4653,0.2086613123807251,300,163
0,Nesøy,5,5014,1124,1124,8M72597,14,Lauvøya,-0.00018424377563444448,4654,0.2086613123807251,300,152
0,Nesøy,5,5014,1475,1475,8N05610,14,Lauvøya,-0.0001844758256791041,4655,0.2086613123807251,300,152
0,Nesøy,5,5014,4760,4760,8747955,9,Sleneset,-0.00018447846472811666,4656,0.2086613123807251,300,154
0,Nesøy,5,5014,3540,3540,8N87553,11,Leka,-0.0001847200427881971,4657,0.2086613123807251,300,153
0,Nesøy,5,5014,1213,1213,8N05004,4,Gjerøy,-0.00018488914447173052,4658,0.2086613123807251,300,163
0,Nesøy,5,5014,1887,1887,8N13440,2,Træna,-0.00018519515187111427,4659,0.2086613123807251,300,146
0,Nesøy,5,5014,4056,4056,8P14867,14,Lauvøya,-0.00018535106678316618,4660,0.2086613123807251,300,161
0,Nesøy,5,5014,1215,1215,8N05008,4,Gjerøy,-0.00018560907429286718,4661,0.2086613123807251,300,148
0,Nesøy,5,5014,3474,3474,8N87258,8,Lovund,-0.0001856596402044719,4662,0.2086613123807251,300,149
0,Nesøy,5,5014,459,459,8M71358,12,Vega,-0.00018614997052958845,4663,0.2086613123807251,300,157
0,Nesøy,5,5014,5471,5471,8981207,12,Vega,-0.0001862801463499433,4664,0.2086613123807251,300,140
0,Nesøy,5,5014,3747,3747,8N87924,13,Vikna,-0.0001863156769245689,4665,0.2086613123807251,300,151
0,Nesøy,5,5014,1826,1826,8N06890,11,Leka,-0.0001863898173879563,4666,0.2086613123807251,300,156
0,Nesøy,5,5014,665,665,8L89752,5,Hestmannøy,-0.0001864475795244272,4667,0.2086613123807251,300,146
0,Nesøy,5,5014,104,104,8L30416,8,Lovund,-0.00018648208724672072,4668,0.2086613123807251,300,163
0,Nesøy,5,5014,1253,1253,8N05129,12,Vega,-0.00018665260417826093,4669,0.2086613123807251,300,160
0,Nesøy,5,5014,1949,1949,8N13650,14,Lauvøya,-0.00018674494345655116,4670,0.2086613123807251,300,148
0,Nesøy,5,5014,3152,3152,8N73462,11,Leka,-0.00018695286621081176,4671,0.2086613123807251,300,148
0,Nesøy,5,5014,2842,2842,8N72269,6,Indre Kvarøy,-0.00018700277328306228,4672,0.2086613123807251,300,148
0,Nesøy,5,5014,5166,5166,8934287,7,Onøy og Lurøy,-0.00018700962756686474,4673,0.2086613123807251,300,152
0,Nesøy,5,5014,3210,3210,8N73529,4,Gjerøy,-0.00018748047946049573,4674,0.2086613123807251,300,160
0,Nesøy,5,5014,42,42,8L19926,10,Aldra,-0.00018760017128571676,4675,0.2086613123807251,300,152
0,Nesøy,5,5014,585,585,8L89394,4,Gjerøy,-0.00018762698712363076,4676,0.2086613123807251,300,158
0,Nesøy,5,5014,3092,3092,8N73302,14,Lauvøya,-0.0001876598310570843,4677,0.2086613123807251,300,155
0,Nesøy,5,5014,1829,1829,8N06893,11,Leka,-0.00018786865168822156,4678,0.2086613123807251,300,161
0,Nesøy,5,5014,157,157,8L30780,4,Gjerøy,-0.00018792075536126066,4679,0.2086613123807251,300,162
0,Nesøy,5,5014,5164,5164,8934284,7,Onøy og Lurøy,-0.0001880379935903794,4680,0.2086613123807251,300,150
0,Nesøy,5,5014,5043,5043,8887304,7,Onøy og Lurøy,-0.00018805194403546127,4681,0.2086613123807251,300,155
0,Nesøy,5,5014,3429,3429,8N73995,12,Vega,-0.00018810308860629213,4682,0.2086613123807251,300,158
0,Nesøy,5,5014,4311,4311,8651875,5,Hestmannøy,-0.00018817047487517663,4683,0.2086613123807251,300,153
0,Nesøy,5,5014,1795,1795,8N06856,11,Leka,-0.00018821413280040804,4684,0.2086613123807251,300,156
0,Nesøy,5,5014,3745,3745,8N87922,13,Vikna,-0.0001883022258432644,4685,0.2086613123807251,300,153
0,Nesøy,5,5014,1251,1251,8N05127,14,Lauvøya,-0.00018843156858998675,4686,0.2086613123807251,300,150
0,Nesøy,5,5014,5026,5026,8887233,5,Hestmannøy,-0.00018850695685655643,4687,0.2086613123807251,300,164
0,Nesøy,5,5014,1689,1689,8N06486,14,Lauvøya,-0.00018865288817148233,4688,0.2086613123807251,300,151
0,Nesøy,5,5014,4987,4987,8857739,4,Gjerøy,-0.00018896187990057666,4689,0.2086613123807251,300,151
0,Nesøy,5,5014,3386,3386,8N73952,12,Vega,-0.0001890044473466332,4690,0.2086613123807251,300,161
0,Nesøy,5,5014,2021,2021,8N13928,5,Hestmannøy,-0.00018912536881407482,4691,0.2086613123807251,300,154
0,Nesøy,5,5014,1157,1157,8M72707,6,Indre Kvarøy,-0.00018921828518530674,4692,0.2086613123807251,300,158
0,Nesøy,5,5014,59,59,8L19979,5,Hestmannøy,-0.00018922531341144486,4693,0.2086613123807251,300,161
0,Nesøy,5,5014,4027,4027,8P14829,5,Hestmannøy,-0.0001892678223113237,4694,0.2086613123807251,300,159
0,Nesøy,5,5014,2487,2487,8N27773,9,Sleneset,-0.00018941695126581498,4695,0.2086613123807251,300,162
0,Nesøy,5,5014,3024,3024,8N73180,14,Lauvøya,-0.00018952126877481943,4696,0.2086613123807251,300,155
0,Nesøy,5,5014,3748,3748,8N87925,13,Vikna,-0.00018952874354896256,4697,0.2086613123807251,300,165
0,Nesøy,5,5014,5310,5310,8939442,3,Selvær,-0.00018978806688680537,4698,0.2086613123807251,300,165
0,Nesøy,5,5014,3200,3200,8N73512,7,Onøy og Lurøy,-0.00018995986716665683,4699,0.2086613123807251,300,159
0,Nesøy,5,5014,294,294,8L52241,3,Selvær,-0.00019007745135665634,4700,0.2086613123807251,300,157
0,Nesøy,5,5014,3233,3233,8N73614,14,Lauvøya,-0.0001910765885314106,4701,0.2086613123807251,300,165
0,Nesøy,5,5014,3307,3307,8N73689,13,Vikna,-0.00019138883320631356,4702,0.2086613123807251,300,158
0,Nesøy,5,5014,3295,3295,8N73676,13,Vikna,-0.00019139296912099903,4703,0.2086613123807251,300,165
0,Nesøy,5,5014,4160,4160,8P26746,7,Onøy og Lurøy,-0.0001914160007028414,4704,0.2086613123807251,300,154
0,Nesøy,5,5014,1119,1119,8M72581,14,Lauvøya,-0.00019144704289178105,4705,0.2086613123807251,300,163
0,Nesøy,5,5014,2429,2429,8N27259,5,Hestmannøy,-0.00019145667207460076,4706,0.2086613123807251,300,157
0,Nesøy,5,5014,3821,3821,8P11187,2,Træna,-0.00019152296581901657,4707,0.2086613123807251,300,153
0,Nesøy,5,5014,140,140,8L30758,11,Leka,-0.00019153085025397072,4708,0.2086613123807251,300,160
0,Nesøy,5,5014,3542,3542,8N87555,11,Leka,-0.00019162641986390113,4709,0.2086613123807251,300,166
0,Nesøy,5,5014,1585,1585,8N05827,4,Gjerøy,-0.00019169534246579232,4710,0.2086613123807251,300,155
0,Nesøy,5,5014,4719,4719,8747739,7,Onøy og Lurøy,-0.00019179877713281727,4711,0.2086613123807251,300,161
0,Nesøy,5,5014,784,784,8M31591,5,Hestmannøy,-0.00019205126258340632,4712,0.2086613123807251,300,167
0,Nesøy,5,5014,4019,4019,8P14808,14,Lauvøya,-0.0001923432325785431,4713,0.2086613123807251,300,153
0,Nesøy,5,5014,3149,3149,8N73459,11,Leka,-0.00019242861311990093,4714,0.2086613123807251,300,156
0,Nesøy,5,5014,2914,2914,8N72690,11,Leka,-0.00019251038842494763,4715,0.2086613123807251,300,150
0,Nesøy,5,5014,3244,3244,8N73625,13,Vikna,-0.0001925904756227883,4716,0.2086613123807251,300,166
0,Nesøy,5,5014,524,524,8L64916,4,Gjerøy,-0.00019288474711326274,4717,0.2086613123807251,300,162
0,Nesøy,5,5014,3636,3636,8N87809,14,Lauvøya,-0.0001929559257455014,4718,0.2086613123807251,300,170
0,Nesøy,5,5014,1758,1758,8N06808,6,Indre Kvarøy,-0.0001929878184838108,4719,0.2086613123807251,300,167
0,Nesøy,5,5014,4501,4501,8730969,1,Myken,-0.00019307048632302012,4720,0.2086613123807251,300,151
0,Nesøy,5,5014,4915,4915,8816455,6,Indre Kvarøy,-0.0001931826918819718,4721,0.2086613123807251,300,159
0,Nesøy,5,5014,2442,2442,8N27330,4,Gjerøy,-0.00019335203651944615,4722,0.2086613123807251,300,164
0,Nesøy,5,5014,631,631,8L89640,5,Hestmannøy,-0.00019343861288348082,4723,0.2086613123807251,300,157
0,Nesøy,5,5014,1319,1319,8N05196,13,Vikna,-0.00019367265983019763,4724,0.2086613123807251,300,160
0,Nesøy,5,5014,4002,4002,8P14622,2,Træna,-0.00019395735787180142,4725,0.2086613123807251,300,157
0,Nesøy,5,5014,1081,1081,8M72327,3,Selvær,-0.00019431825938943438,4726,0.2086613123807251,300,156
0,Nesøy,5,5014,3123,3123,8N73433,11,Leka,-0.00019435999001255925,4727,0.2086613123807251,300,155
0,Nesøy,5,5014,1016,1016,8M71520,5,Hestmannøy,-0.00019565207002789103,4728,0.2086613123807251,300,159
0,Nesøy,5,5014,1943,1943,8N13644,14,Lauvøya,-0.00019575178351195812,4729,0.2086613123807251,300,159
0,Nesøy,5,5014,2851,2851,8N72359,4,Gjerøy,-0.0001958249097240315,4730,0.2086613123807251,300,160
0,Nesøy,5,5014,1878,1878,8N13064,14,Lauvøya,-0.0001960172388858586,4731,0.2086613123807251,300,163
0,Nesøy,5,5014,3293,3293,8N73674,13,Vikna,-0.00019602371407024415,4732,0.2086613123807251,300,154
0,Nesøy,5,5014,618,618,8L89547,12,Vega,-0.00019638484569031592,4733,0.2086613123807251,300,159
0,Nesøy,5,5014,4632,4632,8747280,3,Selvær,-0.00019643752479547063,4734,0.2086613123807251,300,162
0,Nesøy,5,5014,4531,4531,8732300,8,Lovund,-0.00019653402530643736,4735,0.2086613123807251,300,153
0,Nesøy,5,5014,4853,4853,8800375,4,Gjerøy,-0.0001967063869751558,4736,0.2086613123807251,300,173
0,Nesøy,5,5014,3181,3181,8N73492,12,Vega,-0.00019672560112815262,4737,0.2086613123807251,300,168
0,Nesøy,5,5014,1482,1482,8N05617,14,Lauvøya,-0.00019696193773189195,4738,0.2086613123807251,300,170
0,Nesøy,5,5014,4481,4481,8730554,3,Selvær,-0.00019700634987810875,4739,0.2086613123807251,300,159
0,Nesøy,5,5014,1972,1972,8N13674,13,Vikna,-0.00019721297690567828,4740,0.2086613123807251,300,150
0,Nesøy,5,5014,623,623,8L89613,4,Gjerøy,-0.0001975685768875726,4741,0.2086613123807251,300,153
0,Nesøy,5,5014,242,242,8L48694,6,Indre Kvarøy,-0.000197685262574227,4742,0.2086613123807251,300,149
0,Nesøy,5,5014,4240,4240,8309298,4,Gjerøy,-0.00019772818409340495,4743,0.2086613123807251,300,159
0,Nesøy,5,5014,4503,4503,8730973,3,Selvær,-0.0001978884117655799,4744,0.2086613123807251,300,163
0,Nesøy,5,5014,4381,4381,8681183,4,Gjerøy,-0.0001982004131127515,4745,0.2086613123807251,300,158
0,Nesøy,5,5014,4529,4529,8732293,5,Hestmannøy,-0.00019849435564412042,4746,0.2086613123807251,300,166
0,Nesøy,5,5014,1698,1698,8N06495,12,Vega,-0.00019854778085111143,4747,0.2086613123807251,300,141
0,Nesøy,5,5014,4099,4099,8P14979,14,Lauvøya,-0.00019863762061880387,4748,0.2086613123807251,300,147
0,Nesøy,5,5014,273,273,8L49957,4,Gjerøy,-0.000198670508148331,4749,0.2086613123807251,300,154
0,Nesøy,5,5014,124,124,8L30633,12,Vega,-0.00019899943378642214,4750,0.2086613123807251,300,153
0,Nesøy,5,5014,2131,2131,8N14437,5,Hestmannøy,-0.0001990720212020182,4751,0.2086613123807251,300,152
0,Nesøy,5,5014,3275,3275,8N73657,13,Vikna,-0.00019915789239017919,4752,0.2086613123807251,300,160
0,Nesøy,5,5014,1262,1262,8N05138,12,Vega,-0.0001992067786496915,4753,0.2086613123807251,300,158
0,Nesøy,5,5014,3526,3526,8N87539,11,Leka,-0.00019930633669149302,4754,0.2086613123807251,300,155
0,Nesøy,5,5014,3167,3167,8N73477,11,Leka,-0.00019957779126317395,4755,0.2086613123807251,300,154
0,Nesøy,5,5014,4208,4208,8309146,4,Gjerøy,-0.00019972076015474237,4756,0.2086613123807251,300,166
0,Nesøy,5,5014,3369,3369,8N73935,12,Vega,-0.00019978985420059111,4757,0.2086613123807251,300,151
0,Nesøy,5,5014,2545,2545,8N28085,2,Træna,-0.00019990651330317174,4758,0.2086613123807251,300,159
0,Nesøy,5,5014,672,672,8L89804,10,Aldra,-0.00019997418596042645,4759,0.2086613123807251,300,154
0,Nesøy,5,5014,4293,4293,8651701,5,Hestmannøy,-0.00020020780444187446,4760,0.2086613123807251,300,154
0,Nesøy,5,5014,3893,3893,8P11576,5,Hestmannøy,-0.00020037322665584985,4761,0.2086613123807251,300,156
0,Nesøy,5,5014,3582,3582,8N87597,11,Leka,-0.0002005022703200621,4762,0.2086613123807251,300,160
0,Nesøy,5,5014,4094,4094,8P14973,14,Lauvøya,-0.00020065744616297449,4763,0.2086613123807251,300,156
0,Nesøy,5,5014,2435,2435,8N27308,5,Hestmannøy,-0.00020077032412602736,4764,0.2086613123807251,300,157
0,Nesøy,5,5014,1216,1216,8N05009,4,Gjerøy,-0.00020081778629804536,4765,0.2086613123807251,300,142
0,Nesøy,5,5014,2281,2281,8N14664,13,Vikna,-0.00020132934593547795,4766,0.2086613123807251,300,144
0,Nesøy,5,5014,1718,1718,8N06672,14,Lauvøya,-0.00020144954275533888,4767,0.2086613123807251,300,164
0,Nesøy,5,5014,3468,3468,8N87245,2,Træna,-0.00020145805500279673,4768,0.2086613123807251,300,154
0,Nesøy,5,5014,2731,2731,8N42502,5,Hestmannøy,-0.00020204920036156422,4769,0.2086613123807251,300,156
0,Nesøy,5,5014,3165,3165,8N73475,11,Leka,-0.00020224827396972392,4770,0.2086613123807251,300,156
0,Nesøy,5,5014,950,950,8M71322,5,Hestmannøy,-0.00020233447249028722,4771,0.2086613123807251,300,157
0,Nesøy,5,5014,1193,1193,8M72924,5,Hestmannøy,-0.00020238399099417812,4772,0.2086613123807251,300,158
0,Nesøy,5,5014,293,293,8L52231,3,Selvær,-0.00020242478819155148,4773,0.2086613123807251,300,154
0,Nesøy,5,5014,4245,4245,8537761,1,Myken,-0.00020246780374804423,4774,0.2086613123807251,300,153
0,Nesøy,5,5014,5557,5557,8981856,5,Hestmannøy,-0.00020286168827589505,4775,0.2086613123807251,300,161
0,Nesøy,5,5014,781,781,8L89650,4,Gjerøy,-0.00020301247710099253,4776,0.2086613123807251,300,151
0,Nesøy,5,5014,1188,1188,8M72908,5,Hestmannøy,-0.00020322053626469953,4777,0.2086613123807251,300,164
0,Nesøy,5,5014,1345,1345,8N05222,12,Vega,-0.0002032412371225081,4778,0.2086613123807251,300,169
0,Nesøy,5,5014,2044,2044,8N13981,5,Hestmannøy,-0.00020329867029814552,4779,0.2086613123807251,300,148
0,Nesøy,5,5014,820,820,8M31793,11,Leka,-0.00020352497252622552,4780,0.2086613123807251,300,158
0,Nesøy,5,5014,3462,3462,8N87211,6,Indre Kvarøy,-0.00020369019325435205,4781,0.2086613123807251,300,169
0,Nesøy,5,5014,2043,2043,8N13977,5,Hestmannøy,-0.0002037282246816184,4782,0.2086613123807251,300,160
0,Nesøy,5,5014,5161,5161,8934276,7,Onøy og Lurøy,-0.00020391470576545812,4783,0.2086613123807251,300,168
0,Nesøy,5,5014,4732,4732,8747781,4,Gjerøy,-0.00020399336764172844,4784,0.2086613123807251,300,156
0,Nesøy,5,5014,4144,4144,8P26578,9,Sleneset,-0.0002040119148252013,4785,0.2086613123807251,300,151
0,Nesøy,5,5014,3518,3518,8N87531,11,Leka,-0.00020416931015640173,4786,0.2086613123807251,300,156
0,Nesøy,5,5014,1186,1186,8M72884,4,Gjerøy,-0.00020430264989433053,4787,0.2086613123807251,300,163
0,Nesøy,5,5014,2354,2354,8N14971,7,Onøy og Lurøy,-0.000204662824838672,4788,0.2086613123807251,300,148
0,Nesøy,5,5014,544,544,8L89254,4,Gjerøy,-0.00020480082784412113,4789,0.2086613123807251,300,155
0,Nesøy,5,5014,5464,5464,8981178,11,Leka,-0.00020482483646997628,4790,0.2086613123807251,300,164
0,Nesøy,5,5014,4793,4793,8800031,5,Hestmannøy,-0.00020483797038447048,4791,0.2086613123807251,300,159
0,Nesøy,5,5014,4913,4913,8816428,1,Myken,-0.00020488877093619357,4792,0.2086613123807251,300,153
0,Nesøy,5,5014,272,272,8L49938,5,Hestmannøy,-0.00020490643093870663,4793,0.2086613123807251,300,157
0,Nesøy,5,5014,2952,2952,8N72912,13,Vikna,-0.0002050679225478411,4794,0.2086613123807251,300,155
0,Nesøy,5,5014,3387,3387,8N73953,12,Vega,-0.00020582964505489124,4795,0.2086613123807251,300,155
0,Nesøy,5,5014,2744,2744,8N42522,5,Hestmannøy,-0.00020583313908297966,4796,0.2086613123807251,300,158
0,Nesøy,5,5014,861,861,8M31945,5,Hestmannøy,-0.00020597067822325483,4797,0.2086613123807251,300,157
0,Nesøy,5,5014,3820,3820,8P11070,2,Træna,-0.00020642199295226862,4798,0.2086613123807251,300,159
0,Nesøy,5,5014,1418,1418,8N05297,13,Vikna,-0.00020683477711169388,4799,0.2086613123807251,300,154
0,Nesøy,5,5014,3597,3597,8N87616,14,Lauvøya,-0.00020702518646445564,4800,0.2086613123807251,300,164
0,Nesøy,5,5014,783,783,8M31583,5,Hestmannøy,-0.00020704300812010763,4801,0.2086613123807251,300,153
0,Nesøy,5,5014,2553,2553,8N28177,3,Selvær,-0.00020707939849208396,4802,0.2086613123807251,300,152
0,Nesøy,5,5014,5127,5127,8934028,6,Indre Kvarøy,-0.00020714632437776473,4803,0.2086613123807251,300,156
0,Nesøy,5,5014,477,477,8L64298,9,Sleneset,-0.00020715521851805458,4804,0.2086613123807251,300,155
0,Nesøy,5,5014,3980,3980,8N14342,14,Lauvøya,-0.00020743040131979224,4805,0.2086613123807251,300,146
0,Nesøy,5,5014,2239,2239,8N14620,13,Vikna,-0.00020747758850849646,4806,0.2086613123807251,300,154
0,Nesøy,5,5014,4097,4097,8P14976,14,Lauvøya,-0.00020767670689324477,4807,0.2086613123807251,300,169
0,Nesøy,5,5014,3656,3656,8N87829,14,Lauvøya,-0.0002076767711321668,4808,0.2086613123807251,300,160
0,Nesøy,5,5014,3614,3614,8N87701,5,Hestmannøy,-0.00020774483556418666,4809,0.2086613123807251,300,153
0,Nesøy,5,5014,3206,3206,8N73524,5,Hestmannøy,-0.00020780128012477589,4810,0.2086613123807251,300,166
0,Nesøy,5,5014,1900,1900,8N13114,14,Lauvøya,-0.00020791307267337022,4811,0.2086613123807251,300,158
0,Nesøy,5,5014,3423,3423,8N73989,12,Vega,-0.00020802832023549935,4812,0.2086613123807251,300,158
0,Nesøy,5,5014,3642,3642,8N87815,14,Lauvøya,-0.00020816096590886002,4813,0.2086613123807251,300,148
0,Nesøy,5,5014,4045,4045,8P14856,14,Lauvøya,-0.00020825335416807316,4814,0.2086613123807251,300,146
0,Nesøy,5,5014,2367,2367,8N27054,14,Lauvøya,-0.00020831802083582016,4815,0.2086613123807251,300,157
0,Nesøy,5,5014,2231,2231,8N14612,13,Vikna,-0.00020859296590015897,4816,0.2086613123807251,300,166
0,Nesøy,5,5014,4587,4587,8732696,4,Gjerøy,-0.00020900616168769708,4817,0.2086613123807251,300,142
0,Nesøy,5,5014,1044,1044,8M71881,5,Hestmannøy,-0.0002093782671923193,4818,0.2086613123807251,300,160
0,Nesøy,5,5014,2110,2110,8N14290,14,Lauvøya,-0.00020945921321345216,4819,0.2086613123807251,300,160
0,Nesøy,5,5014,3281,3281,8N73662,13,Vikna,-0.0002094761102797795,4820,0.2086613123807251,300,166
0,Nesøy,5,5014,3377,3377,8N73943,12,Vega,-0.00021014054410570262,4821,0.2086613123807251,300,164
0,Nesøy,5,5014,1148,1148,8M72678,5,Hestmannøy,-0.0002104159954166093,4822,0.2086613123807251,300,175
0,Nesøy,5,5014,4322,4322,8651948,5,Hestmannøy,-0.00021041631798645493,4823,0.2086613123807251,300,154
0,Nesøy,5,5014,5122,5122,8917965,8,Lovund,-0.0002105004688583421,4824,0.2086613123807251,300,160
0,Nesøy,5,5014,2207,2207,8N14588,11,Leka,-0.00021071729129333263,4825,0.2086613123807251,300,158
0,Nesøy,5,5014,2945,2945,8N72905,13,Vikna,-0.0002110253959597851,4826,0.2086613123807251,300,149
0,Nesøy,5,5014,4404,4404,8681309,4,Gjerøy,-0.00021128844526179736,4827,0.2086613123807251,300,167
0,Nesøy,5,5014,4573,4573,8732666,2,Træna,-0.00021130512913461707,4828,0.2086613123807251,300,153
0,Nesøy,5,5014,2843,2843,8N72330,4,Gjerøy,-0.00021134177329575182,4829,0.2086613123807251,300,158
0,Nesøy,5,5014,340,340,8L52386,11,Leka,-0.00021164355926613237,4830,0.2086613123807251,300,170
0,Nesøy,5,5014,3342,3342,8N73908,11,Leka,-0.0002118124932223763,4831,0.2086613123807251,300,159
0,Nesøy,5,5014,3489,3489,8N87351,5,Hestmannøy,-0.00021193179173300134,4832,0.2086613123807251,300,156
0,Nesøy,5,5014,1021,1021,8M71552,4,Gjerøy,-0.00021205735298682475,4833,0.2086613123807251,300,159
0,Nesøy,5,5014,4744,4744,8747866,8,Lovund,-0.00021212741074451397,4834,0.2086613123807251,300,148
0,Nesøy,5,5014,4389,4389,8681237,3,Selvær,-0.00021215362441181018,4835,0.2086613123807251,300,162
0,Nesøy,5,5014,5315,5315,8939521,4,Gjerøy,-0.00021271414348877606,4836,0.2086613123807251,300,163
0,Nesøy,5,5014,2314,2314,8N14784,6,Indre Kvarøy,-0.0002129168677254022,4837,0.2086613123807251,300,158
0,Nesøy,5,5014,5135,5135,8934064,5,Hestmannøy,-0.00021295265098375584,4838,0.2086613123807251,300,155
0,Nesøy,5,5014,374,374,8L52591,7,Onøy og Lurøy,-0.0002133166473464936,4839,0.2086613123807251,300,152
0,Nesøy,5,5014,5519,5519,8981604,10,Aldra,-0.00021408603934211553,4840,0.2086613123807251,300,161
0,Nesøy,5,5014,539,539,8L89202,5,Hestmannøy,-0.00021409694893043964,4841,0.2086613123807251,300,158
0,Nesøy,5,5014,2304,2304,8N14687,13,Vikna,-0.00021412305315170242,4842,0.2086613123807251,300,163
0,Nesøy,5,5014,5555,5555,8981831,7,Onøy og Lurøy,-0.00021438483892567228,4843,0.2086613123807251,300,163
0,Nesøy,5,5014,3398,3398,8N73964,12,Vega,-0.000214427035604081,4844,0.2086613123807251,300,162
0,Nesøy,5,5014,4416,4416,8681384,3,Selvær,-0.0002144428801402599,4845,0.2086613123807251,300,149
0,Nesøy,5,5014,2979,2979,8N72940,13,Vikna,-0.00021461615162820708,4846,0.2086613123807251,300,152
0,Nesøy,5,5014,5261,5261,8939122,4,Gjerøy,-0.00021464535161827257,4847,0.2086613123807251,300,161
0,Nesøy,5,5014,955,955,8M71328,11,Leka,-0.00021505405648479368,4848,0.2086613123807251,300,158
0,Nesøy,5,5014,193,193,8L48334,6,Indre Kvarøy,-0.00021518370639153557,4849,0.2086613123807251,300,155
0,Nesøy,5,5014,1252,1252,8N05128,14,Lauvøya,-0.00021532173966020177,4850,0.2086613123807251,300,154
0,Nesøy,5,5014,4105,4105,8N72983,2,Træna,-0.00021549567850318428,4851,0.2086613123807251,300,160
0,Nesøy,5,5014,4006,4006,8P14642,9,Sleneset,-0.00021579967373680528,4852,0.2086613123807251,300,156
0,Nesøy,5,5014,2234,2234,8N14615,13,Vikna,-0.00021596368056318112,4853,0.2086613123807251,300,163
0,Nesøy,5,5014,2508,2508,8N27901,3,Selvær,-0.00021646541619124154,4854,0.2086613123807251,300,148
0,Nesøy,5,5014,1929,1929,8N13628,14,Lauvøya,-0.0002165801724413178,4855,0.2086613123807251,300,150
0,Nesøy,5,5014,3343,3343,8N73909,11,Leka,-0.00021659744289802052,4856,0.2086613123807251,300,155
0,Nesøy,5,5014,128,128,8L30695,12,Vega,-0.00021696791474821732,4857,0.2086613123807251,300,152
0,Nesøy,5,5014,2135,2135,8N14446,4,Gjerøy,-0.00021758509916447525,4858,0.2086613123807251,300,153
0,Nesøy,5,5014,1958,1958,8N13659,13,Vikna,-0.00021761802708957038,4859,0.2086613123807251,300,165
0,Nesøy,5,5014,1290,1290,8N05166,12,Vega,-0.00021773825545501937,4860,0.2086613123807251,300,154
0,Nesøy,5,5014,2870,2870,8N72499,2,Træna,-0.00021803471597834143,4861,0.2086613123807251,300,155
0,Nesøy,5,5014,109,109,8L30451,6,Indre Kvarøy,-0.00021831293287227985,4862,0.2086613123807251,300,150
0,Nesøy,5,5014,4058,4058,8P14869,14,Lauvøya,-0.00021832600835884253,4863,0.2086613123807251,300,152
0,Nesøy,5,5014,3467,3467,8N87243,2,Træna,-0.00021849494662330956,4864,0.2086613123807251,300,157
0,Nesøy,5,5014,3622,3622,8N87754,4,Gjerøy,-0.0002185953165111543,4865,0.2086613123807251,300,154
0,Nesøy,5,5014,5267,5267,8939157,5,Hestmannøy,-0.00021881155559997826,4866,0.2086613123807251,300,146
0,Nesøy,5,5014,4193,4193,8168661,1,Myken,-0.00021883093045320942,4867,0.2086613123807251,300,151
0,Nesøy,5,5014,702,702,8M31210,11,Leka,-0.0002189005980199954,4868,0.2086613123807251,300,157
0,Nesøy,5,5014,2695,2695,8N42186,2,Træna,-0.0002191486780119715,4869,0.2086613123807251,300,157
0,Nesøy,5,5014,1063,1063,8M72168,2,Træna,-0.00021915567650553205,4870,0.2086613123807251,300,177
0,Nesøy,5,5014,3557,3557,8N87570,11,Leka,-0.0002198684564162523,4871,0.2086613123807251,300,159
0,Nesøy,5,5014,4762,4762,8747974,5,Hestmannøy,-0.00021996467812466692,4872,0.2086613123807251,300,154
0,Nesøy,5,5014,2299,2299,8N14682,13,Vikna,-0.00021996815348353688,4873,0.2086613123807251,300,166
0,Nesøy,5,5014,5055,5055,8887349,5,Hestmannøy,-0.00022063779827806982,4874,0.2086613123807251,300,158
0,Nesøy,5,5014,2370,2370,8N27065,14,Lauvøya,-0.00022067226055834334,4875,0.2086613123807251,300,159
0,Nesøy,5,5014,3321,3321,8N73740,14,Lauvøya,-0.00022107866513579826,4876,0.2086613123807251,300,165
0,Nesøy,5,5014,4912,4912,8816427,1,Myken,-0.0002211822330203117,4877,0.2086613123807251,300,143
0,Nesøy,5,5014,1196,1196,8M72931,5,Hestmannøy,-0.00022173583802766184,4878,0.2086613123807251,300,153
0,Nesøy,5,5014,4301,4301,8651783,3,Selvær,-0.00022175524152670198,4879,0.2086613123807251,300,154
0,Nesøy,5,5014,5128,5128,8934039,3,Selvær,-0.0002218544342159649,4880,0.2086613123807251,300,144
0,Nesøy,5,5014,395,395,8L52934,4,Gjerøy,-0.00022227039401582596,4881,0.2086613123807251,300,168
0,Nesøy,5,5014,186,186,8L48312,5,Hestmannøy,-0.0002224942005156308,4882,0.2086613123807251,300,159
0,Nesøy,5,5014,5455,5455,8981050,12,Vega,-0.00022252486650605868,4883,0.2086613123807251,300,160
0,Nesøy,5,5014,3832,3832,8P11400,14,Lauvøya,-0.00022259967487546693,4884,0.2086613123807251,300,156
0,Nesøy,5,5014,397,397,8L52950,5,Hestmannøy,-0.00022290477839809363,4885,0.2086613123807251,300,161
0,Nesøy,5,5014,1497,1497,8N05639,14,Lauvøya,-0.00022338582608854448,4886,0.2086613123807251,300,157
0,Nesøy,5,5014,4537,4537,8732525,9,Sleneset,-0.00022348195538422118,4887,0.2086613123807251,300,158
0,Nesøy,5,5014,3335,3335,8N73885,5,Hestmannøy,-0.00022350368948347067,4888,0.2086613123807251,300,155
0,Nesøy,5,5014,3664,3664,8N87837,14,Lauvøya,-0.00022351773738854802,4889,0.2086613123807251,300,153
0,Nesøy,5,5014,3306,3306,8N73687,13,Vikna,-0.0002237447574739195,4890,0.2086613123807251,300,156
0,Nesøy,5,5014,1627,1627,8N05916,9,Sleneset,-0.0002238450961376379,4891,0.2086613123807251,300,156
0,Nesøy,5,5014,4260,4260,8573815,3,Selvær,-0.00022398256926716505,4892,0.2086613123807251,300,161
0,Nesøy,5,5014,2823,2823,8N43000,6,Indre Kvarøy,-0.00022442377736766795,4893,0.2086613123807251,300,151
0,Nesøy,5,5014,4755,4755,8747935,4,Gjerøy,-0.00022500556520951685,4894,0.2086613123807251,300,159
0,Nesøy,5,5014,805,805,8M31756,6,Indre Kvarøy,-0.00022516281004529348,4895,0.2086613123807251,300,155
0,Nesøy,5,5014,5401,5401,8943402,5,Hestmannøy,-0.00022528509803051067,4896,0.2086613123807251,300,160
0,Nesøy,5,5014,3162,3162,8N73472,11,Leka,-0.0002253100830171148,4897,0.2086613123807251,300,157
0,Nesøy,5,5014,1994,1994,8N13696,13,Vikna,-0.00022545032698512306,4898,0.2086613123807251,300,162
0,Nesøy,5,5014,2057,2057,8N14009,10,Aldra,-0.0002254533253016468,4899,0.2086613123807251,300,156
0,Nesøy,5,5014,4406,4406,8681324,7,Onøy og Lurøy,-0.00022571244128906083,4900,0.2086613123807251,300,161
0,Nesøy,5,5014,2574,2574,8N28375,8,Lovund,-0.00022595926217810396,4901,0.2086613123807251,300,147
0,Nesøy,5,5014,5077,5077,8887440,5,Hestmannøy,-0.00022597236747876583,4902,0.2086613123807251,300,149
0,Nesøy,5,5014,1222,1222,8N05063,4,Gjerøy,-0.00022619243497888655,4903,0.2086613123807251,300,167
0,Nesøy,5,5014,841,841,8M31873,5,Hestmannøy,-0.0002263019617101634,4904,0.2086613123807251,300,161
0,Nesøy,5,5014,2368,2368,8N27059,14,Lauvøya,-0.00022631171725499792,4905,0.2086613123807251,300,158
0,Nesøy,5,5014,4369,4369,8681076,5,Hestmannøy,-0.00022649931663043402,4906,0.2086613123807251,300,158
0,Nesøy,5,5014,5313,5313,8939475,3,Selvær,-0.00022675503699324113,4907,0.2086613123807251,300,150
0,Nesøy,5,5014,4139,4139,8P26537,9,Sleneset,-0.00022679569435138237,4908,0.2086613123807251,300,153
0,Nesøy,5,5014,3547,3547,8N87560,11,Leka,-0.00022701123269404947,4909,0.2086613123807251,300,162
0,Nesøy,5,5014,1643,1643,8N06285,2,Træna,-0.00022733113848448912,4910,0.2086613123807251,300,160
0,Nesøy,5,5014,1770,1770,8N06831,11,Leka,-0.00022788382143050192,4911,0.2086613123807251,300,164
0,Nesøy,5,5014,2083,2083,8N14119,4,Gjerøy,-0.00022834640756350544,4912,0.2086613123807251,300,161
0,Nesøy,5,5014,1084,1084,8M72413,13,Vikna,-0.0002288761949467263,4913,0.2086613123807251,300,155
0,Nesøy,5,5014,3814,3814,8N87999,13,Vikna,-0.00022889615185913787,4914,0.2086613123807251,300,147
0,Nesøy,5,5014,4468,4468,8730506,5,Hestmannøy,-0.0002290146541748082,4915,0.2086613123807251,300,157
0,Nesøy,5,5014,4024,4024,8P14821,14,Lauvøya,-0.00022962436748824187,4916,0.2086613123807251,300,155
0,Nesøy,5,5014,2518,2518,8N27918,2,Træna,-0.00023004644274093845,4917,0.2086613123807251,300,152
0,Nesøy,5,5014,1797,1797,8N06858,11,Leka,-0.00023028775409415526,4918,0.2086613123807251,300,150
0,Nesøy,5,5014,5220,5220,8934596,10,Aldra,-0.00023085984486429043,4919,0.2086613123807251,300,174
0,Nesøy,5,5014,251,251,8L48752,11,Leka,-0.00023100122984571223,4920,0.2086613123807251,300,164
0,Nesøy,5,5014,1533,1533,8N05675,14,Lauvøya,-0.0002321911915358392,4921,0.2086613123807251,300,153
0,Nesøy,5,5014,4608,4608,8747135,3,Selvær,-0.00023295033393544426,4922,0.2086613123807251,300,159
0,Nesøy,5,5014,3001,3001,8N72963,13,Vikna,-0.00023394429808596336,4923,0.2086613123807251,300,153
0,Nesøy,5,5014,396,396,8L52943,6,Indre Kvarøy,-0.00023398785955514826,4924,0.2086613123807251,300,156
0,Nesøy,5,5014,70,70,8L26579,5,Hestmannøy,-0.00023421470679561903,4925,0.2086613123807251,300,153
0,Nesøy,5,5014,2788,2788,8N42731,4,Gjerøy,-0.00023449896272524444,4926,0.2086613123807251,300,156
0,Nesøy,5,5014,3214,3214,8N73564,6,Indre Kvarøy,-0.00023451273246459333,4927,0.2086613123807251,300,148
0,Nesøy,5,5014,4280,4280,8651511,3,Selvær,-0.00023454474672828952,4928,0.2086613123807251,300,160
0,Nesøy,5,5014,60,60,8L19986,6,Indre Kvarøy,-0.00023566441530501183,4929,0.2086613123807251,300,173
0,Nesøy,5,5014,3996,3996,8P14665,3,Selvær,-0.00023590135763895562,4930,0.2086613123807251,300,152
0,Nesøy,5,5014,4960,4960,8857233,6,Indre Kvarøy,-0.00023617986678833538,4931,0.2086613123807251,300,156
0,Nesøy,5,5014,5403,5403,8943469,2,Træna,-0.00023630682123628358,4932,0.2086613123807251,300,146
0,Nesøy,5,5014,567,567,8L89354,5,Hestmannøy,-0.00023676287043131124,4933,0.2086613123807251,300,156
0,Nesøy,5,5014,5040,5040,8887286,5,Hestmannøy,-0.0002369637349461849,4934,0.2086613123807251,300,159
0,Nesøy,5,5014,1175,1175,8M72832,6,Indre Kvarøy,-0.0002380417773968262,4935,0.2086613123807251,300,157
0,Nesøy,5,5014,5181,5181,8934368,5,Hestmannøy,-0.0002380854175913759,4936,0.2086613123807251,300,152
0,Nesøy,5,5014,2672,2672,8N28914,2,Træna,-0.00023820773736546,4937,0.2086613123807251,300,154
0,Nesøy,5,5014,2746,2746,8N42525,5,Hestmannøy,-0.00023844931427299498,4938,0.2086613123807251,300,164
0,Nesøy,5,5014,3025,3025,8N73181,14,Lauvøya,-0.0002384513466043258,4939,0.2086613123807251,300,167
0,Nesøy,5,5014,2277,2277,8N14660,13,Vikna,-0.0002388366462800363,4940,0.2086613123807251,300,154
0,Nesøy,5,5014,1441,1441,8N05445,6,Indre Kvarøy,-0.00023905691887366913,4941,0.2086613123807251,300,159
0,Nesøy,5,5014,5143,5143,8934095,4,Gjerøy,-0.00023922751237324865,4942,0.2086613123807251,300,150
0,Nesøy,5,5014,1724,1724,8N06678,14,Lauvøya,-0.0002395213707818847,4943,0.2086613123807251,300,159
0,Nesøy,5,5014,3660,3660,8N87833,14,Lauvøya,-0.0002399416955647649,4944,0.2086613123807251,300,151
0,Nesøy,5,5014,5005,5005,8866789,5,Hestmannøy,-0.00024077710518970736,4945,0.2086613123807251,300,151
0,Nesøy,5,5014,5416,5416,8943534,11,Leka,-0.00024136222334464322,4946,0.2086613123807251,300,161
0,Nesøy,5,5014,1199,1199,8M72935,5,Hestmannøy,-0.00024151559058139673,4947,0.2086613123807251,300,162
0,Nesøy,5,5014,3074,3074,8N73236,12,Vega,-0.00024176454995605525,4948,0.2086613123807251,300,169
0,Nesøy,5,5014,4114,4114,8P14994,14,Lauvøya,-0.0002418261744927028,4949,0.2086613123807251,300,155
0,Nesøy,5,5014,3314,3314,8N73696,13,Vikna,-0.00024188271527155443,4950,0.2086613123807251,300,143
0,Nesøy,5,5014,1764,1764,8N06825,11,Leka,-0.00024219100970352848,4951,0.2086613123807251,300,153
0,Nesøy,5,5014,558,558,8L89299,10,Aldra,-0.00024259057747546664,4952,0.2086613123807251,300,153
0,Nesøy,5,5014,1461,1461,8N05572,2,Træna,-0.00024280251842984555,4953,0.2086613123807251,300,155
0,Nesøy,5,5014,3802,3802,8N87979,13,Vikna,-0.0002428317155087031,4954,0.2086613123807251,300,158
0,Nesøy,5,5014,5078,5078,8887445,8,Lovund,-0.00024294983918157537,4955,0.2086613123807251,300,157
0,Nesøy,5,5014,4151,4151,8P26692,7,Onøy og Lurøy,-0.00024304115066028548,4956,0.2086613123807251,300,148
0,Nesøy,5,5014,4110,4110,8P14987,14,Lauvøya,-0.00024389412774952207,4957,0.2086613123807251,300,149
0,Nesøy,5,5014,5073,5073,8887421,6,Indre Kvarøy,-0.0002447736715617076,4958,0.2086613123807251,300,159
0,Nesøy,5,5014,2213,2213,8N14594,11,Leka,-0.00024508040610112615,4959,0.2086613123807251,300,158
0,Nesøy,5,5014,1382,1382,8N05260,13,Vikna,-0.00024554574258640676,4960,0.2086613123807251,300,154
0,Nesøy,5,5014,2912,2912,8N72688,11,Leka,-0.00024581354598200483,4961,0.2086613123807251,300,160
0,Nesøy,5,5014,4012,4012,8P14724,5,Hestmannøy,-0.0002459236069383411,4962,0.2086613123807251,300,162
0,Nesøy,5,5014,622,622,8M31764,11,Leka,-0.0002460966841405048,4963,0.2086613123807251,300,161
0,Nesøy,5,5014,4854,4854,8800376,4,Gjerøy,-0.0002463296286754157,4964,0.2086613123807251,300,151
0,Nesøy,5,5014,392,392,8L52922,6,Indre Kvarøy,-0.0002465844218161331,4965,0.2086613123807251,300,156
0,Nesøy,5,5014,1564,1564,8N05712,5,Hestmannøy,-0.00024678009220090375,4966,0.2086613123807251,300,160
0,Nesøy,5,5014,3724,3724,8N87900,13,Vikna,-0.0002471242320940329,4967,0.2086613123807251,300,152
0,Nesøy,5,5014,698,698,8M31197,8,Lovund,-0.0002474750820065349,4968,0.2086613123807251,300,147
0,Nesøy,5,5014,3880,3880,8P11562,14,Lauvøya,-0.0002475233720030399,4969,0.2086613123807251,300,161
0,Nesøy,5,5014,3949,3949,8P14111,5,Hestmannøy,-0.00024757517096516324,4970,0.2086613123807251,300,154
0,Nesøy,5,5014,2624,2624,8N28754,5,Hestmannøy,-0.00024807058072887447,4971,0.2086613123807251,300,153
0,Nesøy,5,5014,952,952,8L64459,13,Vikna,-0.00024835772783493804,4972,0.2086613123807251,300,158
0,Nesøy,5,5014,1202,1202,8M72955,4,Gjerøy,-0.0002485048430257448,4973,0.2086613123807251,300,155
0,Nesøy,5,5014,1233,1233,8N05109,12,Vega,-0.00024868843945901573,4974,0.2086613123807251,300,137
0,Nesøy,5,5014,4203,4203,8168772,5,Hestmannøy,-0.00024883568620873603,4975,0.2086613123807251,300,165
0,Nesøy,5,5014,301,301,8L52310,5,Hestmannøy,-0.00024884889366829374,4976,0.2086613123807251,300,158
0,Nesøy,5,5014,2654,2654,8N28818,5,Hestmannøy,-0.00024890232040447493,4977,0.2086613123807251,300,156
0,Nesøy,5,5014,5162,5162,8934278,7,Onøy og Lurøy,-0.00024940047979574154,4978,0.2086613123807251,300,154
0,Nesøy,5,5014,373,373,8L52590,7,Onøy og Lurøy,-0.00024941939234857184,4979,0.2086613123807251,300,149
0,Nesøy,5,5014,4219,4219,8309191,4,Gjerøy,-0.0002497445126327226,4980,0.2086613123807251,300,161
0,Nesøy,5,5014,722,722,8M31290,5,Hestmannøy,-0.000249835990347791,4981,0.2086613123807251,300,146
0,Nesøy,5,5014,650,650,8L89714,4,Gjerøy,-0.0002519477081775278,4982,0.2086613123807251,300,160
0,Nesøy,5,5014,5301,5301,8939378,7,Onøy og Lurøy,-0.000251995794082993,4983,0.2086613123807251,300,147
0,Nesøy,5,5014,4758,4758,8747941,4,Gjerøy,-0.0002526662755355742,4984,0.2086613123807251,300,155
0,Nesøy,5,5014,3107,3107,8N73320,14,Lauvøya,-0.0002529888751743711,4985,0.2086613123807251,300,160
0,Nesøy,5,5014,5018,5018,8887206,4,Gjerøy,-0.0002530758175484659,4986,0.2086613123807251,300,161
0,Nesøy,5,5014,3940,3940,8P14057,10,Aldra,-0.00025397344339359815,4987,0.2086613123807251,300,150
0,Nesøy,5,5014,4635,4635,8747287,3,Selvær,-0.0002540434334714696,4988,0.2086613123807251,300,161
0,Nesøy,5,5014,3096,3096,8N73306,14,Lauvøya,-0.0002541187296019553,4989,0.2086613123807251,300,146
0,Nesøy,5,5014,5298,5298,8939375,7,Onøy og Lurøy,-0.0002542490772563823,4990,0.2086613123807251,300,150
0,Nesøy,5,5014,4888,4888,8800548,9,Sleneset,-0.00025488232007675547,4991,0.2086613123807251,300,167
0,Nesøy,5,5014,3852,3852,8P11533,14,Lauvøya,-0.0002552564783140313,4992,0.2086613123807251,300,168
0,Nesøy,5,5014,1572,1572,8N05747,4,Gjerøy,-0.0002553219036319264,4993,0.2086613123807251,300,159
0,Nesøy,5,5014,1170,1170,8M72797,6,Indre Kvarøy,-0.00025537257976874464,4994,0.2086613123807251,300,156
0,Nesøy,5,5014,5020,5020,8887211,4,Gjerøy,-0.0002555023747028707,4995,0.2086613123807251,300,159
0,Nesøy,5,5014,4135,4135,8P26525,9,Sleneset,-0.0002559091244935468,4996,0.2086613123807251,300,159
0,Nesøy,5,5014,75,75,8L26591,5,Hestmannøy,-0.0002567423167023155,4997,0.2086613123807251,300,158
0,Nesøy,5,5014,2297,2297,8N14680,13,Vikna,-0.0002568709747550899,4998,0.2086613123807251,300,165
0,Nesøy,5,5014,2013,2013,8N13860,14,Lauvøya,-0.00025701146509972465,4999,0.2086613123807251,300,161
0,Nesøy,5,5014,5565,5565,8981920,6,Indre Kvarøy,-0.0002570481047103703,5000,0.2086613123807251,300,153
0,Nesøy,5,5014,1492,1492,8N05627,14,Lauvøya,-0.0002571409327820885,5001,0.2086613123807251,300,158
0,Nesøy,5,5014,4901,4901,8800617,5,Hestmannøy,-0.0002572229567594806,5002,0.2086613123807251,300,155
0,Nesøy,5,5014,5290,5290,8939366,7,Onøy og Lurøy,-0.00025819543549254645,5003,0.2086613123807251,300,156
0,Nesøy,5,5014,1265,1265,8N05141,12,Vega,-0.0002582703558751869,5004,0.2086613123807251,300,157
0,Nesøy,5,5014,689,689,8M31084,2,Træna,-0.000258965080558702,5005,0.2086613123807251,300,159
0,Nesøy,5,5014,2096,2096,8N14186,5,Hestmannøy,-0.0002589927764968341,5006,0.2086613123807251,300,155
0,Nesøy,5,5014,3610,3610,8N87631,14,Lauvøya,-0.0002597272749091468,5007,0.2086613123807251,300,154
0,Nesøy,5,5014,468,468,8L64266,3,Selvær,-0.00026048168953688507,5008,0.2086613123807251,300,160
0,Nesøy,5,5014,1490,1490,8N05625,14,Lauvøya,-0.0002609846730700239,5009,0.2086613123807251,300,147
0,Nesøy,5,5014,2916,2916,8N72692,11,Leka,-0.0002612215393705727,5010,0.2086613123807251,300,161
0,Nesøy,5,5014,3761,3761,8N87938,13,Vikna,-0.00026129506250519653,5011,0.2086613123807251,300,157
0,Nesøy,5,5014,1411,1411,8N05289,13,Vikna,-0.00026220122040075217,5012,0.2086613123807251,300,158
0,Nesøy,5,5014,3669,3669,8N87843,14,Lauvøya,-0.0002623540500812023,5013,0.2086613123807251,300,163
0,Nesøy,5,5014,2927,2927,8N72719,4,Gjerøy,-0.00026243215981361796,5014,0.2086613123807251,300,151
0,Nesøy,5,5014,1625,1625,8N05898,11,Leka,-0.000263101225425807,5015,0.2086613123807251,300,155
0,Nesøy,5,5014,648,648,8L89709,4,Gjerøy,-0.0002635014388724534,5016,0.2086613123807251,300,164
0,Nesøy,5,5014,5254,5254,8939093,10,Aldra,-0.00026464278207889556,5017,0.2086613123807251,300,158
0,Nesøy,5,5014,5002,5002,8866773,10,Aldra,-0.00026526746267642177,5018,0.2086613123807251,300,148
0,Nesøy,5,5014,5102,5102,8904733,12,Vega,-0.00026570686416955524,5019,0.2086613123807251,300,154
0,Nesøy,5,5014,2443,2443,8N27333,4,Gjerøy,-0.0002660875761786264,5020,0.2086613123807251,300,151
0,Nesøy,5,5014,4172,4172,8168602,10,Aldra,-0.0002662003302590398,5021,0.2086613123807251,300,168
0,Nesøy,5,5014,5089,5089,8887490,10,Aldra,-0.0002662952555530451,5022,0.2086613123807251,300,158
0,Nesøy,5,5014,572,572,8L89371,5,Hestmannøy,-0.0002665497637313413,5023,0.2086613123807251,300,149
0,Nesøy,5,5014,4876,4876,8800490,10,Aldra,-0.000266684732874532,5024,0.2086613123807251,300,148
0,Nesøy,5,5014,2858,2858,8N72414,8,Lovund,-0.0002673996523940186,5025,0.2086613123807251,300,164
0,Nesøy,5,5014,1962,1962,8N13664,13,Vikna,-0.00026746311272011087,5026,0.2086613123807251,300,154
0,Nesøy,5,5014,2822,2822,8N42996,5,Hestmannøy,-0.00026775505054867733,5027,0.2086613123807251,300,148
0,Nesøy,5,5014,752,752,8M31435,4,Gjerøy,-0.00026781516506346737,5028,0.2086613123807251,300,165
0,Nesøy,5,5014,4486,4486,8730584,5,Hestmannøy,-0.0002680716971426911,5029,0.2086613123807251,300,160
0,Nesøy,5,5014,590,590,8L89430,5,Hestmannøy,-0.00026868883592743513,5030,0.2086613123807251,300,159
0,Nesøy,5,5014,2341,2341,8N14955,5,Hestmannøy,-0.0002687932265903886,5031,0.2086613123807251,300,169
0,Nesøy,5,5014,3479,3479,8N87271,8,Lovund,-0.00026880742715951645,5032,0.2086613123807251,300,162
0,Nesøy,5,5014,5485,5485,8981270,5,Hestmannøy,-0.0002688797605971469,5033,0.2086613123807251,300,159
0,Nesøy,5,5014,3955,3955,8P14144,5,Hestmannøy,-0.00026891393234460556,5034,0.2086613123807251,300,157
0,Nesøy,5,5014,366,366,8L52535,5,Hestmannøy,-0.00026903463969457615,5035,0.2086613123807251,300,158
0,Nesøy,5,5014,1728,1728,8N06682,14,Lauvøya,-0.000270315084239808,5036,0.2086613123807251,300,166
0,Nesøy,5,5014,5528,5528,8981714,10,Aldra,-0.0002703674641913197,5037,0.2086613123807251,300,158
0,Nesøy,5,5014,2884,2884,8N72603,4,Gjerøy,-0.0002704932492089012,5038,0.2086613123807251,300,156
0,Nesøy,5,5014,2658,2658,8N28847,5,Hestmannøy,-0.00027080218192887133,5039,0.2086613123807251,300,162
0,Nesøy,5,5014,5287,5287,8939359,5,Hestmannøy,-0.000271171461287903,5040,0.2086613123807251,300,163
0,Nesøy,5,5014,411,411,8L57789,3,Selvær,-0.00027210917925753154,5041,0.2086613123807251,300,164
0,Nesøy,5,5014,1247,1247,8N05123,12,Vega,-0.00027393815020044273,5042,0.2086613123807251,300,151
0,Nesøy,5,5014,1182,1182,8M72878,5,Hestmannøy,-0.0002740129244357657,5043,0.2086613123807251,300,156
0,Nesøy,5,5014,3740,3740,8N87917,13,Vikna,-0.000274330179420301,5044,0.2086613123807251,300,157
0,Nesøy,5,5014,3848,3848,8P11529,14,Lauvøya,-0.00027440536586297216,5045,0.2086613123807251,300,144
0,Nesøy,5,5014,4716,4716,8747736,7,Onøy og Lurøy,-0.00027485494494457495,5046,0.2086613123807251,300,160
0,Nesøy,5,5014,654,654,8L89723,4,Gjerøy,-0.00027496076052215506,5047,0.2086613123807251,300,147
0,Nesøy,5,5014,2415,2415,8N27177,5,Hestmannøy,-0.00027503024002455535,5048,0.2086613123807251,300,165
0,Nesøy,5,5014,1920,1920,8N13619,14,Lauvøya,-0.00027531043253845055,5049,0.2086613123807251,300,158
0,Nesøy,5,5014,1629,1629,8N05939,2,Træna,-0.00027604040266831787,5050,0.2086613123807251,300,166
0,Nesøy,5,5014,3667,3667,8N87840,14,Lauvøya,-0.00027617928244206,5051,0.2086613123807251,300,153
0,Nesøy,5,5014,4390,4390,8681240,3,Selvær,-0.0002764985642149884,5052,0.2086613123807251,300,156
0,Nesøy,5,5014,5427,5427,8943802,10,Aldra,-0.00027655243341045884,5053,0.2086613123807251,300,158
0,Nesøy,5,5014,4839,4839,8800331,9,Sleneset,-0.0002767688633332505,5054,0.2086613123807251,300,159
0,Nesøy,5,5014,4496,4496,8730951,3,Selvær,-0.0002767754518422663,5055,0.2086613123807251,300,163
0,Nesøy,5,5014,4673,4673,8747554,5,Hestmannøy,-0.0002771435694540865,5056,0.2086613123807251,300,156
0,Nesøy,5,5014,3903,3903,8P11641,2,Træna,-0.0002776891733169372,5057,0.2086613123807251,300,158
0,Nesøy,5,5014,2424,2424,8N27216,14,Lauvøya,-0.0002779269397176174,5058,0.2086613123807251,300,157
0,Nesøy,5,5014,5117,5117,8917946,8,Lovund,-0.00027803535795940093,5059,0.2086613123807251,300,161
0,Nesøy,5,5014,4157,4157,8P26704,7,Onøy og Lurøy,-0.0002783163092590202,5060,0.2086613123807251,300,169
0,Nesøy,5,5014,1748,1748,8N06736,5,Hestmannøy,-0.0002783439778472217,5061,0.2086613123807251,300,154
0,Nesøy,5,5014,3517,3517,8N87530,11,Leka,-0.0002783906751903099,5062,0.2086613123807251,300,155
0,Nesøy,5,5014,2737,2737,8N42513,5,Hestmannøy,-0.00027850756801136613,5063,0.2086613123807251,300,145
0,Nesøy,5,5014,2288,2288,8N14671,13,Vikna,-0.00027878703850698857,5064,0.2086613123807251,300,150
0,Nesøy,5,5014,4747,4747,8747875,1,Myken,-0.0002790154270740936,5065,0.2086613123807251,300,156
0,Nesøy,5,5014,3202,3202,8N73514,7,Onøy og Lurøy,-0.0002795585104735866,5066,0.2086613123807251,300,147
0,Nesøy,5,5014,3370,3370,8N73936,12,Vega,-0.00028012152932914967,5067,0.2086613123807251,300,154
0,Nesøy,5,5014,506,506,8L64836,8,Lovund,-0.0002808614405001852,5068,0.2086613123807251,300,164
0,Nesøy,5,5014,4343,4343,8681034,5,Hestmannøy,-0.00028141886773428213,5069,0.2086613123807251,300,159
0,Nesøy,5,5014,4508,4508,8730987,4,Gjerøy,-0.00028167685909882026,5070,0.2086613123807251,300,147
0,Nesøy,5,5014,3853,3853,8P11534,14,Lauvøya,-0.0002819591922804018,5071,0.2086613123807251,300,150
0,Nesøy,5,5014,4728,4728,8747759,4,Gjerøy,-0.00028240252800787376,5072,0.2086613123807251,300,154
0,Nesøy,5,5014,660,660,8L89739,10,Aldra,-0.00028353430105915075,5073,0.2086613123807251,300,156
0,Nesøy,5,5014,5179,5179,8934355,6,Indre Kvarøy,-0.00028382834026135394,5074,0.2086613123807251,300,161
0,Nesøy,5,5014,4862,4862,8800427,5,Hestmannøy,-0.0002841138049102117,5075,0.2086613123807251,300,144
0,Nesøy,5,5014,5033,5033,8887266,10,Aldra,-0.0002844310368739779,5076,0.2086613123807251,300,162
0,Nesøy,5,5014,4070,4070,8P14932,14,Lauvøya,-0.0002847725358902111,5077,0.2086613123807251,300,162
0,Nesøy,5,5014,2136,2136,8N14515,11,Leka,-0.00028511263565260197,5078,0.2086613123807251,300,157
0,Nesøy,5,5014,1052,1052,8M72018,2,Træna,-0.00028526260781756797,5079,0.2086613123807251,300,161
0,Nesøy,5,5014,5242,5242,8939024,5,Hestmannøy,-0.0002858088066861177,5080,0.2086613123807251,300,158
0,Nesøy,5,5014,2615,2615,8N28694,5,Hestmannøy,-0.0002863546406580929,5081,0.2086613123807251,300,163
0,Nesøy,5,5014,4008,4008,8P14606,7,Onøy og Lurøy,-0.0002864944186223177,5082,0.2086613123807251,300,157
0,Nesøy,5,5014,5517,5517,8981582,2,Træna,-0.0002872820605238748,5083,0.2086613123807251,300,160
0,Nesøy,5,5014,5371,5371,8943009,5,Hestmannøy,-0.0002877593795585378,5084,0.2086613123807251,300,154
0,Nesøy,5,5014,253,253,8L48755,11,Leka,-0.0002888241818918165,5085,0.2086613123807251,300,166
0,Nesøy,5,5014,4734,4734,8747799,4,Gjerøy,-0.0002890802856527445,5086,0.2086613123807251,300,161
0,Nesøy,5,5014,2940,2940,8N72826,14,Lauvøya,-0.00028916698751673027,5087,0.2086613123807251,300,158
0,Nesøy,5,5014,292,292,8L52230,9,Sleneset,-0.000289248927843111,5088,0.2086613123807251,300,155
0,Nesøy,5,5014,1344,1344,8N05221,12,Vega,-0.0002903529641107134,5089,0.2086613123807251,300,175
0,Nesøy,5,5014,4975,4975,8857284,10,Aldra,-0.000290467084155026,5090,0.2086613123807251,300,168
0,Nesøy,5,5014,4284,4284,8651534,4,Gjerøy,-0.0002911056495433267,5091,0.2086613123807251,300,158
0,Nesøy,5,5014,2718,2718,8N42431,14,Lauvøya,-0.00029119690903281687,5092,0.2086613123807251,300,160
0,Nesøy,5,5014,2047,2047,8N13985,5,Hestmannøy,-0.0002916069185373561,5093,0.2086613123807251,300,153
0,Nesøy,5,5014,5081,5081,8887450,5,Hestmannøy,-0.00029274919255613697,5094,0.2086613123807251,300,156
0,Nesøy,5,5014,4917,4917,8816467,4,Gjerøy,-0.000292842848138691,5095,0.2086613123807251,300,144
0,Nesøy,5,5014,4164,4164,8118424,6,Indre Kvarøy,-0.00029361410368247036,5096,0.2086613123807251,300,156
0,Nesøy,5,5014,346,346,8L52392,12,Vega,-0.00029446047560250846,5097,0.2086613123807251,300,159
0,Nesøy,5,5014,1163,1163,8M72745,1,Myken,-0.0002948997101050591,5098,0.2086613123807251,300,160
0,Nesøy,5,5014,3150,3150,8N73460,11,Leka,-0.00029492639930615074,5099,0.2086613123807251,300,164
0,Nesøy,5,5014,359,359,8L52420,4,Gjerøy,-0.0002951562385854979,5100,0.2086613123807251,300,154
0,Nesøy,5,5014,5185,5185,8934375,5,Hestmannøy,-0.00029812505718651474,5101,0.2086613123807251,300,148
0,Nesøy,5,5014,3505,3505,8N87518,11,Leka,-0.000298641899074371,5102,0.2086613123807251,300,149
0,Nesøy,5,5014,522,522,8L64903,5,Hestmannøy,-0.0002990123808634623,5103,0.2086613123807251,300,161
0,Nesøy,5,5014,862,862,8M31953,4,Gjerøy,-0.00029991142990063883,5104,0.2086613123807251,300,161
0,Nesøy,5,5014,1194,1194,8M72928,5,Hestmannøy,-0.0003000287337756747,5105,0.2086613123807251,300,155
0,Nesøy,5,5014,1111,1111,8M72568,11,Leka,-0.0003003236025323709,5106,0.2086613123807251,300,164
0,Nesøy,5,5014,4174,4174,8168605,10,Aldra,-0.0003030427220724101,5107,0.2086613123807251,300,156
0,Nesøy,5,5014,1542,1542,8N05684,14,Lauvøya,-0.0003034411267720129,5108,0.2086613123807251,300,160
0,Nesøy,5,5014,5400,5400,8943345,11,Leka,-0.00030423953342586705,5109,0.2086613123807251,300,150
0,Nesøy,5,5014,3973,3973,8P14329,14,Lauvøya,-0.0003043260927825427,5110,0.2086613123807251,300,149
0,Nesøy,5,5014,5461,5461,8981147,11,Leka,-0.00030449245428861927,5111,0.2086613123807251,300,156
0,Nesøy,5,5014,3934,3934,8P14014,9,Sleneset,-0.00030465615050800644,5112,0.2086613123807251,300,161
0,Nesøy,5,5014,2512,2512,8N27905,6,Indre Kvarøy,-0.0003052189258322333,5113,0.2086613123807251,300,151
0,Nesøy,5,5014,4327,4327,8651998,5,Hestmannøy,-0.00030549156598518485,5114,0.2086613123807251,300,155
0,Nesøy,5,5014,4511,4511,8732223,7,Onøy og Lurøy,-0.0003054999151280879,5115,0.2086613123807251,300,161
0,Nesøy,5,5014,826,826,8M31812,12,Vega,-0.0003060498806379996,5116,0.2086613123807251,300,149
0,Nesøy,5,5014,1237,1237,8N05113,12,Vega,-0.0003062909226209484,5117,0.2086613123807251,300,161
0,Nesøy,5,5014,2564,2564,8N28250,7,Onøy og Lurøy,-0.00030810885133152597,5118,0.2086613123807251,300,167
0,Nesøy,5,5014,5186,5186,8934376,5,Hestmannøy,-0.0003083092126615054,5119,0.2086613123807251,300,163
0,Nesøy,5,5014,1684,1684,8N06481,12,Vega,-0.00030872149266313373,5120,0.2086613123807251,300,154
0,Nesøy,5,5014,1129,1129,8M72609,5,Hestmannøy,-0.00031115510812726975,5121,0.2086613123807251,300,153
0,Nesøy,5,5014,2029,2029,8N13948,4,Gjerøy,-0.0003111706264255358,5122,0.2086613123807251,300,152
0,Nesøy,5,5014,2700,2700,8N42229,3,Selvær,-0.00031175317425582977,5123,0.2086613123807251,300,144
0,Nesøy,5,5014,1220,1220,8N05032,5,Hestmannøy,-0.0003121592910600101,5124,0.2086613123807251,300,157
0,Nesøy,5,5014,3287,3287,8N73668,13,Vikna,-0.00031274706564725824,5125,0.2086613123807251,300,162
0,Nesøy,5,5014,3435,3435,8N87047,5,Hestmannøy,-0.00031287078672942795,5126,0.2086613123807251,300,150
0,Nesøy,5,5014,3333,3333,8N73831,5,Hestmannøy,-0.00031306123917222137,5127,0.2086613123807251,300,150
0,Nesøy,5,5014,4549,4549,8732598,7,Onøy og Lurøy,-0.00031391294305093683,5128,0.2086613123807251,300,162
0,Nesøy,5,5014,679,679,8L89896,4,Gjerøy,-0.00031420603746012407,5129,0.2086613123807251,300,161
0,Nesøy,5,5014,4551,4551,8732600,7,Onøy og Lurøy,-0.0003143230832688043,5130,0.2086613123807251,300,155
0,Nesøy,5,5014,888,888,8L64795,13,Vikna,-0.00031505621719317726,5131,0.2086613123807251,300,149
0,Nesøy,5,5014,1339,1339,8N05216,12,Vega,-0.000315776271804926,5132,0.2086613123807251,300,148
0,Nesøy,5,5014,842,842,8M31874,5,Hestmannøy,-0.0003158130884726362,5133,0.2086613123807251,300,148
0,Nesøy,5,5014,386,386,8L52688,9,Sleneset,-0.0003158237408277623,5134,0.2086613123807251,300,160
0,Nesøy,5,5014,1259,1259,8N05135,12,Vega,-0.00031589988533960145,5135,0.2086613123807251,300,163
0,Nesøy,5,5014,3456,3456,8N87116,4,Gjerøy,-0.000316014519893673,5136,0.2086613123807251,300,165
0,Nesøy,5,5014,4095,4095,8P14974,14,Lauvøya,-0.00031652363886007723,5137,0.2086613123807251,300,159
0,Nesøy,5,5014,3780,3780,8N87957,13,Vikna,-0.000318248843459996,5138,0.2086613123807251,300,169
0,Nesøy,5,5014,5050,5050,8887335,4,Gjerøy,-0.0003182728307312754,5139,0.2086613123807251,300,154
0,Nesøy,5,5014,3913,3913,8P11786,2,Træna,-0.0003183206071224307,5140,0.2086613123807251,300,158
0,Nesøy,5,5014,4158,4158,8P26739,7,Onøy og Lurøy,-0.0003183831486338081,5141,0.2086613123807251,300,155
0,Nesøy,5,5014,4145,4145,8P26580,8,Lovund,-0.0003198503676432224,5142,0.2086613123807251,300,160
0,Nesøy,5,5014,2246,2246,8N14627,13,Vikna,-0.0003207959270085762,5143,0.2086613123807251,300,147
0,Nesøy,5,5014,5255,5255,8939095,10,Aldra,-0.00032217921644011135,5144,0.2086613123807251,300,164
0,Nesøy,5,5014,5065,5065,8887379,4,Gjerøy,-0.0003222840471236353,5145,0.2086613123807251,300,158
0,Nesøy,5,5014,1235,1235,8N05111,12,Vega,-0.0003232198607689338,5146,0.2086613123807251,300,151
0,Nesøy,5,5014,5028,5028,8887241,1,Myken,-0.00032329678206604646,5147,0.2086613123807251,300,162
0,Nesøy,5,5014,5259,5259,8939119,10,Aldra,-0.0003235816905290914,5148,0.2086613123807251,300,162
0,Nesøy,5,5014,3485,3485,8N87325,6,Indre Kvarøy,-0.0003237314266724692,5149,0.2086613123807251,300,162
0,Nesøy,5,5014,4454,4454,8730453,5,Hestmannøy,-0.00032431829903199825,5150,0.2086613123807251,300,159
0,Nesøy,5,5014,2603,2603,8N28650,2,Træna,-0.00032437416787396147,5151,0.2086613123807251,300,145
0,Nesøy,5,5014,4809,4809,8800091,6,Indre Kvarøy,-0.0003245426925510523,5152,0.2086613123807251,300,152
0,Nesøy,5,5014,1757,1757,8N06800,5,Hestmannøy,-0.0003245683128137287,5153,0.2086613123807251,300,162
0,Nesøy,5,5014,780,780,8M31562,5,Hestmannøy,-0.0003248957506835075,5154,0.2086613123807251,300,159
0,Nesøy,5,5014,2356,2356,8N14973,7,Onøy og Lurøy,-0.0003252000891561936,5155,0.2086613123807251,300,165
0,Nesøy,5,5014,4729,4729,8747760,5,Hestmannøy,-0.0003254887526580836,5156,0.2086613123807251,300,166
0,Nesøy,5,5014,2241,2241,8N14622,13,Vikna,-0.00032554836208079356,5157,0.2086613123807251,300,156
0,Nesøy,5,5014,1876,1876,8N13360,1,Myken,-0.0003271918148062325,5158,0.2086613123807251,300,146
0,Nesøy,5,5014,3984,3984,8P14402,1,Myken,-0.00032849199943514145,5159,0.2086613123807251,300,155
0,Nesøy,5,5014,1156,1156,8M72700,14,Lauvøya,-0.0003286837774901379,5160,0.2086613123807251,300,165
0,Nesøy,5,5014,4656,4656,8747498,3,Selvær,-0.00032873324155185263,5161,0.2086613123807251,300,153
0,Nesøy,5,5014,2457,2457,8N27407,7,Onøy og Lurøy,-0.0003287975205935814,5162,0.2086613123807251,300,158
0,Nesøy,5,5014,3935,3935,8P14022,8,Lovund,-0.0003296429157052137,5163,0.2086613123807251,300,152
0,Nesøy,5,5014,1918,1918,8N13610,14,Lauvøya,-0.0003296457342599502,5164,0.2086613123807251,300,161
0,Nesøy,5,5014,1091,1091,8M72437,13,Vikna,-0.00032987055069398923,5165,0.2086613123807251,300,154
0,Nesøy,5,5014,3878,3878,8P11560,14,Lauvøya,-0.0003299305928295139,5166,0.2086613123807251,300,160
0,Nesøy,5,5014,2938,2938,8N72823,14,Lauvøya,-0.0003301163370695679,5167,0.2086613123807251,300,159
0,Nesøy,5,5014,644,644,8L89689,4,Gjerøy,-0.00033020924441786494,5168,0.2086613123807251,300,157
0,Nesøy,5,5014,2911,2911,8N72687,11,Leka,-0.0003308502834936311,5169,0.2086613123807251,300,156
0,Nesøy,5,5014,5357,5357,8939836,8,Lovund,-0.00033100759987797474,5170,0.2086613123807251,300,159
0,Nesøy,5,5014,76,76,8L26595,6,Indre Kvarøy,-0.00033102279901829043,5171,0.2086613123807251,300,156
0,Nesøy,5,5014,545,545,8L89256,4,Gjerøy,-0.00033105814893953357,5172,0.2086613123807251,300,166
0,Nesøy,5,5014,1098,1098,8M72529,11,Leka,-0.00033185507283764964,5173,0.2086613123807251,300,157
0,Nesøy,5,5014,2206,2206,8N14587,11,Leka,-0.0003318746810059003,5174,0.2086613123807251,300,167
0,Nesøy,5,5014,2764,2764,8N42652,7,Onøy og Lurøy,-0.0003322006644264783,5175,0.2086613123807251,300,156
0,Nesøy,5,5014,89,89,8L30249,10,Aldra,-0.000332703912746795,5176,0.2086613123807251,300,148
0,Nesøy,5,5014,2494,2494,8N27835,6,Indre Kvarøy,-0.0003328833627578643,5177,0.2086613123807251,300,150
0,Nesøy,5,5014,260,260,8L48765,11,Leka,-0.00033305599955515914,5178,0.2086613123807251,300,147
0,Nesøy,5,5014,1722,1722,8N06676,14,Lauvøya,-0.0003331776261499207,5179,0.2086613123807251,300,151
0,Nesøy,5,5014,4163,4163,8P26917,14,Lauvøya,-0.0003351332653186851,5180,0.2086613123807251,300,171
0,Nesøy,5,5014,5469,5469,8981198,11,Leka,-0.0003358176781987796,5181,0.2086613123807251,300,161
0,Nesøy,5,5014,5424,5424,8943761,3,Selvær,-0.00033610328104086303,5182,0.2086613123807251,300,151
0,Nesøy,5,5014,1221,1221,8N05057,4,Gjerøy,-0.000336548938158676,5183,0.2086613123807251,300,149
0,Nesøy,5,5014,1763,1763,8N06824,11,Leka,-0.00033659776866006664,5184,0.2086613123807251,300,158
0,Nesøy,5,5014,4813,4813,8800102,10,Aldra,-0.0003376508171285421,5185,0.2086613123807251,300,163
0,Nesøy,5,5014,4953,4953,8857215,10,Aldra,-0.00033824324605022165,5186,0.2086613123807251,300,160
0,Nesøy,5,5014,1169,1169,8M72792,6,Indre Kvarøy,-0.0003390227078382243,5187,0.2086613123807251,300,153
0,Nesøy,5,5014,2399,2399,8N27094,2,Træna,-0.0003391201517926033,5188,0.2086613123807251,300,154
0,Nesøy,5,5014,5066,5066,8887399,10,Aldra,-0.00033914989849656726,5189,0.2086613123807251,300,151
0,Nesøy,5,5014,1204,1204,8M72957,4,Gjerøy,-0.00033920572791908723,5190,0.2086613123807251,300,159
0,Nesøy,5,5014,3863,3863,8P11545,14,Lauvøya,-0.00034034404844770507,5191,0.2086613123807251,300,147
0,Nesøy,5,5014,3762,3762,8N87939,13,Vikna,-0.00034058097288502276,5192,0.2086613123807251,300,156
0,Nesøy,5,5014,2351,2351,8N14968,7,Onøy og Lurøy,-0.00034201650757064334,5193,0.2086613123807251,300,157
0,Nesøy,5,5014,4955,4955,8857223,6,Indre Kvarøy,-0.0003424241118374928,5194,0.2086613123807251,300,145
0,Nesøy,5,5014,1685,1685,8N06482,12,Vega,-0.00034245362314177055,5195,0.2086613123807251,300,157
0,Nesøy,5,5014,3897,3897,8P11581,5,Hestmannøy,-0.0003437170818404973,5196,0.2086613123807251,300,165
0,Nesøy,5,5014,4897,4897,8800613,5,Hestmannøy,-0.0003452786345482008,5197,0.2086613123807251,300,161
0,Nesøy,5,5014,4417,4417,8681385,3,Selvær,-0.00034545412393309526,5198,0.2086613123807251,300,152
0,Nesøy,5,5014,1916,1916,8N13606,14,Lauvøya,-0.0003458589889955738,5199,0.2086613123807251,300,158
0,Nesøy,5,5014,1496,1496,8N05638,14,Lauvøya,-0.00034594677099287655,5200,0.2086613123807251,300,153
0,Nesøy,5,5014,564,564,8L89335,6,Indre Kvarøy,-0.0003462220661214456,5201,0.2086613123807251,300,156
0,Nesøy,5,5014,266,266,8L48785,11,Leka,-0.0003466635803212216,5202,0.2086613123807251,300,171
0,Nesøy,5,5014,4436,4436,8681485,2,Træna,-0.0003471842880123359,5203,0.2086613123807251,300,152
0,Nesøy,5,5014,3874,3874,8P11556,14,Lauvøya,-0.00034725378418984154,5204,0.2086613123807251,300,152
0,Nesøy,5,5014,5115,5115,8917944,8,Lovund,-0.00034756373480736763,5205,0.2086613123807251,300,164
0,Nesøy,5,5014,1733,1733,8N06687,14,Lauvøya,-0.0003477692587166015,5206,0.2086613123807251,300,162
0,Nesøy,5,5014,4552,4552,8732605,9,Sleneset,-0.0003484771994911489,5207,0.2086613123807251,300,173
0,Nesøy,5,5014,1033,1033,8M71810,7,Onøy og Lurøy,-0.0003494143708714578,5208,0.2086613123807251,300,151
0,Nesøy,5,5014,5062,5062,8887368,5,Hestmannøy,-0.0003495650697055343,5209,0.2086613123807251,300,145
0,Nesøy,5,5014,3089,3089,8N73291,2,Træna,-0.0003495813000345663,5210,0.2086613123807251,300,149
0,Nesøy,5,5014,4967,4967,8857261,9,Sleneset,-0.0003497017733852748,5211,0.2086613123807251,300,152
0,Nesøy,5,5014,4223,4223,8309231,13,Vikna,-0.0003523574900018878,5212,0.2086613123807251,300,154
0,Nesøy,5,5014,1680,1680,8N06477,12,Vega,-0.0003529256449545098,5213,0.2086613123807251,300,158
0,Nesøy,5,5014,2072,2072,8N14052,4,Gjerøy,-0.000353361930602819,5214,0.2086613123807251,300,159
0,Nesøy,5,5014,5510,5510,8981379,12,Vega,-0.00035481917914701036,5215,0.2086613123807251,300,161
0,Nesøy,5,5014,4442,4442,8730418,5,Hestmannøy,-0.000355005798722987,5216,0.2086613123807251,300,164
0,Nesøy,5,5014,5559,5559,8981858,5,Hestmannøy,-0.0003550622099536424,5217,0.2086613123807251,300,167
0,Nesøy,5,5014,5550,5550,8981823,5,Hestmannøy,-0.00035581372200578466,5218,0.2086613123807251,300,155
0,Nesøy,5,5014,4589,4589,8732698,4,Gjerøy,-0.0003559163421693416,5219,0.2086613123807251,300,156
0,Nesøy,5,5014,241,241,8L48691,10,Aldra,-0.00035593358044116096,5220,0.2086613123807251,300,162
0,Nesøy,5,5014,2930,2930,8N72736,4,Gjerøy,-0.00035595385702476967,5221,0.2086613123807251,300,164
0,Nesøy,5,5014,695,695,8M31164,2,Træna,-0.0003568097024204169,5222,0.2086613123807251,300,163
0,Nesøy,5,5014,3523,3523,8N87536,11,Leka,-0.00035733383612998745,5223,0.2086613123807251,300,167
0,Nesøy,5,5014,2521,2521,8N27932,5,Hestmannøy,-0.0003575551563864007,5224,0.2086613123807251,300,163
0,Nesøy,5,5014,2316,2316,8N14801,2,Træna,-0.000357608132333021,5225,0.2086613123807251,300,160
0,Nesøy,5,5014,3090,3090,8N73299,2,Træna,-0.0003587455706550836,5226,0.2086613123807251,300,164
0,Nesøy,5,5014,662,662,8L89742,5,Hestmannøy,-0.0003587568475479127,5227,0.2086613123807251,300,163
0,Nesøy,5,5014,760,760,8M31485,5,Hestmannøy,-0.0003589222706671632,5228,0.2086613123807251,300,163
0,Nesøy,5,5014,4191,4191,8168658,1,Myken,-0.0003591667918996552,5229,0.2086613123807251,300,151
0,Nesøy,5,5014,5016,5016,8887202,4,Gjerøy,-0.0003594341902556886,5230,0.2086613123807251,300,157
0,Nesøy,5,5014,156,156,8L30779,4,Gjerøy,-0.0003598904200827527,5231,0.2086613123807251,300,159
0,Nesøy,5,5014,1217,1217,8N05012,4,Gjerøy,-0.0003615389154853704,5232,0.2086613123807251,300,157
0,Nesøy,5,5014,4021,4021,8P14811,14,Lauvøya,-0.000362106672556692,5233,0.2086613123807251,300,149
0,Nesøy,5,5014,2364,2364,8N27030,14,Lauvøya,-0.00036244376398164596,5234,0.2086613123807251,300,165
0,Nesøy,5,5014,4106,4106,8P14983,14,Lauvøya,-0.0003629847450392319,5235,0.2086613123807251,300,150
0,Nesøy,5,5014,2103,2103,8N14225,5,Hestmannøy,-0.000363732421048892,5236,0.2086613123807251,300,164
0,Nesøy,5,5014,4753,4753,8747900,5,Hestmannøy,-0.00036401989730711634,5237,0.2086613123807251,300,166
0,Nesøy,5,5014,5132,5132,8934058,5,Hestmannøy,-0.0003657686149335268,5238,0.2086613123807251,300,164
0,Nesøy,5,5014,4647,4647,8747373,5,Hestmannøy,-0.000365865526695156,5239,0.2086613123807251,300,162
0,Nesøy,5,5014,4576,4576,8732671,7,Onøy og Lurøy,-0.0003663312188753738,5240,0.2086613123807251,300,154
0,Nesøy,5,5014,5465,5465,8981180,11,Leka,-0.00036654901585393614,5241,0.2086613123807251,300,157
0,Nesøy,5,5014,2583,2583,8N28429,2,Træna,-0.0003668065956064925,5242,0.2086613123807251,300,156
0,Nesøy,5,5014,4709,4709,8747726,5,Hestmannøy,-0.0003669285254526537,5243,0.2086613123807251,300,164
0,Nesøy,5,5014,3183,3183,8N73494,12,Vega,-0.00036701127032175325,5244,0.2086613123807251,300,166
0,Nesøy,5,5014,439,439,8L64055,11,Leka,-0.00036828788511201983,5245,0.2086613123807251,300,145
0,Nesøy,5,5014,2760,2760,8N42642,7,Onøy og Lurøy,-0.0003688767691958547,5246,0.2086613123807251,300,156
0,Nesøy,5,5014,604,604,8L89507,5,Hestmannøy,-0.00036929036548376,5247,0.2086613123807251,300,144
0,Nesøy,5,5014,2588,2588,8N28470,2,Træna,-0.0003702345396177422,5248,0.2086613123807251,300,159
0,Nesøy,5,5014,5123,5123,8917967,8,Lovund,-0.00037091020711166214,5249,0.2086613123807251,300,158
0,Nesøy,5,5014,744,744,8M31370,5,Hestmannøy,-0.0003732787555347983,5250,0.2086613123807251,300,153
0,Nesøy,5,5014,940,940,8M71303,6,Indre Kvarøy,-0.0003733811770256233,5251,0.2086613123807251,300,157
0,Nesøy,5,5014,4347,4347,8681041,5,Hestmannøy,-0.00037464894408824475,5252,0.2086613123807251,300,142
0,Nesøy,5,5014,2471,2471,8N27474,2,Træna,-0.0003759408543016327,5253,0.2086613123807251,300,151
0,Nesøy,5,5014,603,603,8L89503,5,Hestmannøy,-0.0003770267482781412,5254,0.2086613123807251,300,156
0,Nesøy,5,5014,3775,3775,8N87952,13,Vikna,-0.00037812279099352746,5255,0.2086613123807251,300,171
0,Nesøy,5,5014,4226,4226,8309254,5,Hestmannøy,-0.0003784870922505395,5256,0.2086613123807251,300,156
0,Nesøy,5,5014,3566,3566,8N87579,11,Leka,-0.00037871023183451094,5257,0.2086613123807251,300,170
0,Nesøy,5,5014,428,428,8L57927,3,Selvær,-0.00037883689314140097,5258,0.2086613123807251,300,148
0,Nesøy,5,5014,5388,5388,8943106,10,Aldra,-0.0003829798899266204,5259,0.2086613123807251,300,156
0,Nesøy,5,5014,5569,5569,8981944,2,Træna,-0.00038308797338093293,5260,0.2086613123807251,300,152
0,Nesøy,5,5014,1642,1642,8N06186,3,Selvær,-0.00038472110576406426,5261,0.2086613123807251,300,158
0,Nesøy,5,5014,1297,1297,8N05173,12,Vega,-0.00038646850637408573,5262,0.2086613123807251,300,147
0,Nesøy,5,5014,4428,4428,8681464,5,Hestmannøy,-0.00038731662520732256,5263,0.2086613123807251,300,161
0,Nesøy,5,5014,278,278,8L52203,8,Lovund,-0.00038788768371572245,5264,0.2086613123807251,300,157
0,Nesøy,5,5014,5320,5320,8939542,6,Indre Kvarøy,-0.00038891306500120993,5265,0.2086613123807251,300,163
0,Nesøy,5,5014,498,498,8M71108,13,Vikna,-0.00038907162594462805,5266,0.2086613123807251,300,157
0,Nesøy,5,5014,1406,1406,8N05284,13,Vikna,-0.00039083211858056006,5267,0.2086613123807251,300,149
0,Nesøy,5,5014,4627,4627,8747263,5,Hestmannøy,-0.00039112051505425804,5268,0.2086613123807251,300,168
0,Nesøy,5,5014,4702,4702,8747703,5,Hestmannøy,-0.00039177428466176834,5269,0.2086613123807251,300,148
0,Nesøy,5,5014,4924,4924,8816918,5,Hestmannøy,-0.0003923875925049088,5270,0.2086613123807251,300,163
0,Nesøy,5,5014,446,446,8L64127,12,Vega,-0.000392503907272634,5271,0.2086613123807251,300,150
0,Nesøy,5,5014,824,824,8M31805,12,Vega,-0.00039286243852086595,5272,0.2086613123807251,300,151
0,Nesøy,5,5014,4510,4510,8732211,5,Hestmannøy,-0.0003929457388960591,5273,0.2086613123807251,300,163
0,Nesøy,5,5014,5478,5478,8981248,5,Hestmannøy,-0.00039309086494819176,5274,0.2086613123807251,300,160
0,Nesøy,5,5014,5537,5537,8981742,9,Sleneset,-0.0003930936502378079,5275,0.2086613123807251,300,156
0,Nesøy,5,5014,487,487,8M71324,11,Leka,-0.00039337622545799995,5276,0.2086613123807251,300,158
0,Nesøy,5,5014,4290,4290,8651664,2,Træna,-0.0003950703449679314,5277,0.2086613123807251,300,174
0,Nesøy,5,5014,3079,3079,8N73241,12,Vega,-0.00039585911887977737,5278,0.2086613123807251,300,170
0,Nesøy,5,5014,3117,3117,8N73420,5,Hestmannøy,-0.00039586011031348897,5279,0.2086613123807251,300,151
0,Nesøy,5,5014,3258,3258,8N73639,13,Vikna,-0.00039717053579767095,5280,0.2086613123807251,300,161
0,Nesøy,5,5014,4318,4318,8651907,2,Træna,-0.0003979126591189571,5281,0.2086613123807251,300,160
0,Nesøy,5,5014,3119,3119,8N73425,6,Indre Kvarøy,-0.00039875007837424694,5282,0.2086613123807251,300,153
0,Nesøy,5,5014,3586,3586,8N87603,14,Lauvøya,-0.0004000666446759935,5283,0.2086613123807251,300,167
0,Nesøy,5,5014,1110,1110,8M72566,11,Leka,-0.00040089154323455484,5284,0.2086613123807251,300,146
0,Nesøy,5,5014,5039,5039,8887283,5,Hestmannøy,-0.0004016347842044816,5285,0.2086613123807251,300,169
0,Nesøy,5,5014,5232,5232,8934880,8,Lovund,-0.00040222226300409803,5286,0.2086613123807251,300,156
0,Nesøy,5,5014,1995,1995,8N13697,13,Vikna,-0.00040312677942850396,5287,0.2086613123807251,300,155
0,Nesøy,5,5014,4399,4399,8681287,7,Onøy og Lurøy,-0.00040360414176902047,5288,0.2086613123807251,300,147
0,Nesøy,5,5014,4209,4209,8309155,6,Indre Kvarøy,-0.00040391618712770134,5289,0.2086613123807251,300,159
0,Nesøy,5,5014,4572,4572,8732660,5,Hestmannøy,-0.00040397970475741356,5290,0.2086613123807251,300,162
0,Nesøy,5,5014,2584,2584,8N28432,2,Træna,-0.00040564345639107355,5291,0.2086613123807251,300,156
0,Nesøy,5,5014,3164,3164,8N73474,11,Leka,-0.00040649190971254464,5292,0.2086613123807251,300,147
0,Nesøy,5,5014,1080,1080,8M72326,3,Selvær,-0.0004065036746111265,5293,0.2086613123807251,300,154
0,Nesøy,5,5014,3365,3365,8N73931,12,Vega,-0.0004069462861178968,5294,0.2086613123807251,300,162
0,Nesøy,5,5014,1571,1571,8N05726,5,Hestmannøy,-0.0004121464649832764,5295,0.2086613123807251,300,157
0,Nesøy,5,5014,3836,3836,8P11517,14,Lauvøya,-0.0004124094081572578,5296,0.2086613123807251,300,162
0,Nesøy,5,5014,4487,4487,8730902,6,Indre Kvarøy,-0.00041360163014771964,5297,0.2086613123807251,300,156
0,Nesøy,5,5014,4577,4577,8732672,7,Onøy og Lurøy,-0.00041488905408635946,5298,0.2086613123807251,300,149
0,Nesøy,5,5014,3648,3648,8N87821,14,Lauvøya,-0.0004179693685837189,5299,0.2086613123807251,300,155
0,Nesøy,5,5014,4246,4246,8537770,7,Onøy og Lurøy,-0.000420026767636807,5300,0.2086613123807251,300,156
0,Nesøy,5,5014,5144,5144,8934163,12,Vega,-0.0004204402224715458,5301,0.2086613123807251,300,156
0,Nesøy,5,5014,4524,4524,8732273,1,Myken,-0.0004209467525076922,5302,0.2086613123807251,300,150
0,Nesøy,5,5014,4051,4051,8P14862,14,Lauvøya,-0.0004247316282838374,5303,0.2086613123807251,300,153
0,Nesøy,5,5014,4086,4086,8P14964,14,Lauvøya,-0.00042501001339686985,5304,0.2086613123807251,300,159
0,Nesøy,5,5014,1058,1058,8M72087,5,Hestmannøy,-0.00042549577764921983,5305,0.2086613123807251,300,158
0,Nesøy,5,5014,846,846,8L89118,13,Vikna,-0.0004259070428494453,5306,0.2086613123807251,300,160
0,Nesøy,5,5014,3130,3130,8N73440,11,Leka,-0.0004284096443833012,5307,0.2086613123807251,300,155
0,Nesøy,5,5014,1386,1386,8N05264,13,Vikna,-0.000428532292915478,5308,0.2086613123807251,300,154
0,Nesøy,5,5014,681,681,8M31207,7,Onøy og Lurøy,-0.0004291243099351671,5309,0.2086613123807251,300,147
0,Nesøy,5,5014,4455,4455,8730454,5,Hestmannøy,-0.00042959213085416986,5310,0.2086613123807251,300,153
0,Nesøy,5,5014,1006,1006,8M71502,4,Gjerøy,-0.0004298105950940314,5311,0.2086613123807251,300,155
0,Nesøy,5,5014,1990,1990,8N13692,13,Vikna,-0.0004320796467937507,5312,0.2086613123807251,300,154
0,Nesøy,5,5014,1858,1858,8N13098,14,Lauvøya,-0.00043269477825398086,5313,0.2086613123807251,300,160
0,Nesøy,5,5014,5534,5534,8981733,5,Hestmannøy,-0.0004329712448050536,5314,0.2086613123807251,300,162
0,Nesøy,5,5014,5019,5019,8887210,4,Gjerøy,-0.0004340116291991933,5315,0.2086613123807251,300,151
0,Nesøy,5,5014,1176,1176,8M72848,6,Indre Kvarøy,-0.0004345130618845878,5316,0.2086613123807251,300,151
0,Nesøy,5,5014,2211,2211,8N14592,11,Leka,-0.0004345865772454255,5317,0.2086613123807251,300,162
0,Nesøy,5,5014,3838,3838,8P11519,14,Lauvøya,-0.0004359415988519879,5318,0.2086613123807251,300,163
0,Nesøy,5,5014,2051,2051,8N14003,6,Indre Kvarøy,-0.00043613429657819134,5319,0.2086613123807251,300,159
0,Nesøy,5,5014,2164,2164,8N14543,11,Leka,-0.0004363976183499673,5320,0.2086613123807251,300,149
0,Nesøy,5,5014,910,910,8M71210,5,Hestmannøy,-0.0004376276899616834,5321,0.2086613123807251,300,167
0,Nesøy,5,5014,3591,3591,8N87608,14,Lauvøya,-0.00043792121507367764,5322,0.2086613123807251,300,156
0,Nesøy,5,5014,500,500,8M71106,13,Vikna,-0.0004382374995328708,5323,0.2086613123807251,300,151
0,Nesøy,5,5014,2676,2676,8N28940,8,Lovund,-0.00043837781090663654,5324,0.2086613123807251,300,153
0,Nesøy,5,5014,4586,4586,8732691,5,Hestmannøy,-0.00043888282763818593,5325,0.2086613123807251,300,161
0,Nesøy,5,5014,2408,2408,8N27122,7,Onøy og Lurøy,-0.0004390043241539334,5326,0.2086613123807251,300,153
0,Nesøy,5,5014,4518,4518,8732256,1,Myken,-0.0004393567533246299,5327,0.2086613123807251,300,168
0,Nesøy,5,5014,401,401,8L52963,6,Indre Kvarøy,-0.0004406018285306818,5328,0.2086613123807251,300,158
0,Nesøy,5,5014,2359,2359,8N14976,7,Onøy og Lurøy,-0.0004415738325593761,5329,0.2086613123807251,300,155
0,Nesøy,5,5014,3122,3122,8N73432,11,Leka,-0.00044164266487807985,5330,0.2086613123807251,300,164
0,Nesøy,5,5014,2869,2869,8N72496,2,Træna,-0.0004420320146263033,5331,0.2086613123807251,300,153
0,Nesøy,5,5014,2101,2101,8N14212,7,Onøy og Lurøy,-0.0004428820641151863,5332,0.2086613123807251,300,144
0,Nesøy,5,5014,1076,1076,8M72309,8,Lovund,-0.0004433282335956799,5333,0.2086613123807251,300,154
0,Nesøy,5,5014,149,149,8L30767,12,Vega,-0.00044497770456145447,5334,0.2086613123807251,300,163
0,Nesøy,5,5014,4817,4817,8800146,9,Sleneset,-0.0004452473367771372,5335,0.2086613123807251,300,147
0,Nesøy,5,5014,4769,4769,8794306,4,Gjerøy,-0.0004467614642371723,5336,0.2086613123807251,300,156
0,Nesøy,5,5014,4790,4790,8800027,4,Gjerøy,-0.0004467632235996433,5337,0.2086613123807251,300,151
0,Nesøy,5,5014,4340,4340,8681029,5,Hestmannøy,-0.00044725125698882255,5338,0.2086613123807251,300,153
0,Nesøy,5,5014,1206,1206,8M72961,4,Gjerøy,-0.0004476676562391097,5339,0.2086613123807251,300,157
0,Nesøy,5,5014,2919,2919,8N72695,11,Leka,-0.0004516736613213012,5340,0.2086613123807251,300,154
0,Nesøy,5,5014,4660,4660,8747518,5,Hestmannøy,-0.0004529027849166728,5341,0.2086613123807251,300,160
0,Nesøy,5,5014,3633,3633,8N87806,14,Lauvøya,-0.0004537216745836279,5342,0.2086613123807251,300,159
0,Nesøy,5,5014,2045,2045,8N13983,5,Hestmannøy,-0.0004550727859990175,5343,0.2086613123807251,300,150
0,Nesøy,5,5014,3461,3461,8N87168,4,Gjerøy,-0.00045712118057673185,5344,0.2086613123807251,300,158
0,Nesøy,5,5014,2362,2362,8N14992,4,Gjerøy,-0.00045914004321379357,5345,0.2086613123807251,300,160
0,Nesøy,5,5014,4189,4189,8168650,5,Hestmannøy,-0.00046154080605873395,5346,0.2086613123807251,300,151
0,Nesøy,5,5014,5279,5279,8939293,12,Vega,-0.0004625801010504013,5347,0.2086613123807251,300,160
0,Nesøy,5,5014,4376,4376,8681138,1,Myken,-0.0004640157929199805,5348,0.2086613123807251,300,156
0,Nesøy,5,5014,2953,2953,8N72913,13,Vikna,-0.00046634087437554943,5349,0.2086613123807251,300,160
0,Nesøy,5,5014,3298,3298,8N73679,13,Vikna,-0.00047136169115407874,5350,0.2086613123807251,300,161
0,Nesøy,5,5014,3491,3491,8N87353,4,Gjerøy,-0.0004715659271442843,5351,0.2086613123807251,300,163
0,Nesøy,5,5014,4964,4964,8857252,4,Gjerøy,-0.0004717288397336621,5352,0.2086613123807251,300,157
0,Nesøy,5,5014,1670,1670,8N06468,12,Vega,-0.0004728968535320035,5353,0.2086613123807251,300,158
0,Nesøy,5,5014,314,314,8L52340,12,Vega,-0.00047372729533815954,5354,0.2086613123807251,300,157
0,Nesøy,5,5014,4982,4982,8857609,9,Sleneset,-0.00047380934474067736,5355,0.2086613123807251,300,161
0,Nesøy,5,5014,141,141,8L30759,11,Leka,-0.00047452288957429656,5356,0.2086613123807251,300,160
0,Nesøy,5,5014,5491,5491,8981278,5,Hestmannøy,-0.00047520521174338593,5357,0.2086613123807251,300,160
0,Nesøy,5,5014,5283,5283,8939342,7,Onøy og Lurøy,-0.0004756460690961929,5358,0.2086613123807251,300,160
0,Nesøy,5,5014,2604,2604,8N28679,4,Gjerøy,-0.00047571078462235977,5359,0.2086613123807251,300,158
0,Nesøy,5,5014,4374,4374,8681132,5,Hestmannøy,-0.0004758477853910739,5360,0.2086613123807251,300,148
0,Nesøy,5,5014,1890,1890,8N13490,8,Lovund,-0.0004761654337309721,5361,0.2086613123807251,300,167
0,Nesøy,5,5014,78,78,8L26597,6,Indre Kvarøy,-0.00047804004124786656,5362,0.2086613123807251,300,154
0,Nesøy,5,5014,224,224,8L48555,3,Selvær,-0.00047805801746551765,5363,0.2086613123807251,300,145
0,Nesøy,5,5014,2526,2526,8N27956,5,Hestmannøy,-0.00048215040541703185,5364,0.2086613123807251,300,148
0,Nesøy,5,5014,4882,4882,8800529,10,Aldra,-0.0004855561065472547,5365,0.2086613123807251,300,162
0,Nesøy,5,5014,4567,4567,8732651,5,Hestmannøy,-0.0004860363101046173,5366,0.2086613123807251,300,159
0,Nesøy,5,5014,726,726,8M31297,6,Indre Kvarøy,-0.00048635743875652485,5367,0.2086613123807251,300,156
0,Nesøy,5,5014,663,663,8L89748,4,Gjerøy,-0.0004868631298402262,5368,0.2086613123807251,300,149
0,Nesøy,5,5014,291,291,8L52229,9,Sleneset,-0.000489391812174552,5369,0.2086613123807251,300,150
0,Nesøy,5,5014,1720,1720,8N06674,14,Lauvøya,-0.0004895642065099017,5370,0.2086613123807251,300,154
0,Nesøy,5,5014,4804,4804,8800073,6,Indre Kvarøy,-0.0004897734755842247,5371,0.2086613123807251,300,160
0,Nesøy,5,5014,1358,1358,8N05235,12,Vega,-0.0004905613044454324,5372,0.2086613123807251,300,167
0,Nesøy,5,5014,2534,2534,8N28003,2,Træna,-0.0004918098484259114,5373,0.2086613123807251,300,164
0,Nesøy,5,5014,207,207,8L48450,5,Hestmannøy,-0.0004920758404317878,5374,0.2086613123807251,300,156
0,Nesøy,5,5014,2488,2488,8N27800,2,Træna,-0.000492696664672257,5375,0.2086613123807251,300,159
0,Nesøy,5,5014,4726,4726,8747757,7,Onøy og Lurøy,-0.0004969419318816315,5376,0.2086613123807251,300,160
0,Nesøy,5,5014,3763,3763,8N87940,13,Vikna,-0.0004969456577244879,5377,0.2086613123807251,300,160
0,Nesøy,5,5014,1692,1692,8N06489,12,Vega,-0.000499690416305374,5378,0.2086613123807251,300,159
0,Nesøy,5,5014,4317,4317,8651903,2,Træna,-0.0005001103477253704,5379,0.2086613123807251,300,154
0,Nesøy,5,5014,1691,1691,8N06488,12,Vega,-0.0005023860835347066,5380,0.2086613123807251,300,157
0,Nesøy,5,5014,1035,1035,8M71823,5,Hestmannøy,-0.0005052743751896199,5381,0.2086613123807251,300,156
0,Nesøy,5,5014,1275,1275,8N05152,12,Vega,-0.0005075133025399633,5382,0.2086613123807251,300,144
0,Nesøy,5,5014,448,448,8L64142,8,Lovund,-0.000507972094406124,5383,0.2086613123807251,300,160
0,Nesøy,5,5014,1612,1612,8N05881,11,Leka,-0.0005095237815105517,5384,0.2086613123807251,300,158
0,Nesøy,5,5014,3896,3896,8P11579,5,Hestmannøy,-0.0005106585687086263,5385,0.2086613123807251,300,152
0,Nesøy,5,5014,5104,5104,8917812,8,Lovund,-0.0005118968966336328,5386,0.2086613123807251,300,160
0,Nesøy,5,5014,1394,1394,8N05272,13,Vikna,-0.000512773293407737,5387,0.2086613123807251,300,148
0,Nesøy,5,5014,3011,3011,8N73048,4,Gjerøy,-0.0005182551465449306,5388,0.2086613123807251,300,162
0,Nesøy,5,5014,2556,2556,8N28218,2,Træna,-0.0005193177395042009,5389,0.2086613123807251,300,157
0,Nesøy,5,5014,121,121,8L30599,5,Hestmannøy,-0.000520254181572256,5390,0.2086613123807251,300,154
0,Nesøy,5,5014,3907,3907,8P11749,7,Onøy og Lurøy,-0.0005211933755186597,5391,0.2086613123807251,300,151
0,Nesøy,5,5014,4296,4296,8651754,5,Hestmannøy,-0.0005215795471916614,5392,0.2086613123807251,300,160
0,Nesøy,5,5014,2791,2791,8N42734,4,Gjerøy,-0.0005225967350123152,5393,0.2086613123807251,300,162
0,Nesøy,5,5014,2325,2325,8N14905,6,Indre Kvarøy,-0.0005243019859666057,5394,0.2086613123807251,300,158
0,Nesøy,5,5014,5247,5247,8939038,4,Gjerøy,-0.0005249634795538989,5395,0.2086613123807251,300,151
0,Nesøy,5,5014,2401,2401,8N27096,8,Lovund,-0.0005267809525725755,5396,0.2086613123807251,300,156
0,Nesøy,5,5014,2605,2605,8N28681,5,Hestmannøy,-0.0005291805225971236,5397,0.2086613123807251,300,159
0,Nesøy,5,5014,5513,5513,8981399,12,Vega,-0.0005291910720398215,5398,0.2086613123807251,300,153
0,Nesøy,5,5014,1869,1869,8N13216,9,Sleneset,-0.0005305830046449973,5399,0.2086613123807251,300,143
0,Nesøy,5,5014,1561,1561,8N05709,5,Hestmannøy,-0.0005311714258405957,5400,0.2086613123807251,300,152
0,Nesøy,5,5014,5420,5420,8943704,11,Leka,-0.0005317371367524629,5401,0.2086613123807251,300,154
0,Nesøy,5,5014,3902,3902,8P11635,2,Træna,-0.0005347647138791399,5402,0.2086613123807251,300,150
0,Nesøy,5,5014,1545,1545,8N05687,14,Lauvøya,-0.0005357276367859761,5403,0.2086613123807251,300,157
0,Nesøy,5,5014,4166,4166,8118426,6,Indre Kvarøy,-0.0005374170668648138,5404,0.2086613123807251,300,158
0,Nesøy,5,5014,5334,5334,8939619,5,Hestmannøy,-0.0005380181089572753,5405,0.2086613123807251,300,154
0,Nesøy,5,5014,1090,1090,8M72429,13,Vikna,-0.0005381923241724983,5406,0.2086613123807251,300,151
0,Nesøy,5,5014,4826,4826,8800171,10,Aldra,-0.0005414935607050718,5407,0.2086613123807251,300,164
0,Nesøy,5,5014,5294,5294,8939371,7,Onøy og Lurøy,-0.000542388808416455,5408,0.2086613123807251,300,159
0,Nesøy,5,5014,2761,2761,8N42645,7,Onøy og Lurøy,-0.0005443287582308414,5409,0.2086613123807251,300,168
0,Nesøy,5,5014,1696,1696,8N06493,12,Vega,-0.0005459537642788121,5410,0.2086613123807251,300,161
0,Nesøy,5,5014,5177,5177,8934353,7,Onøy og Lurøy,-0.0005518702906330958,5411,0.2086613123807251,300,166
0,Nesøy,5,5014,2209,2209,8N14590,11,Leka,-0.0005526182482770538,5412,0.2086613123807251,300,151
0,Nesøy,5,5014,1225,1225,8N05101,14,Lauvøya,-0.0005529140585783888,5413,0.2086613123807251,300,168
0,Nesøy,5,5014,5176,5176,8934343,10,Aldra,-0.0005542411314570089,5414,0.2086613123807251,300,156
0,Nesøy,5,5014,385,385,8L52680,9,Sleneset,-0.0005549773013907261,5415,0.2086613123807251,300,147
0,Nesøy,5,5014,1889,1889,8N13479,8,Lovund,-0.0005556371638436889,5416,0.2086613123807251,300,150
0,Nesøy,5,5014,5049,5049,8887324,6,Indre Kvarøy,-0.0005560830552528295,5417,0.2086613123807251,300,155
0,Nesøy,5,5014,5276,5276,8939197,5,Hestmannøy,-0.0005574977887217991,5418,0.2086613123807251,300,146
0,Nesøy,5,5014,2854,2854,8N72376,4,Gjerøy,-0.0005607042260606285,5419,0.2086613123807251,300,160
0,Nesøy,5,5014,4011,4011,8P14658,2,Træna,-0.0005633313761343227,5420,0.2086613123807251,300,156
0,Nesøy,5,5014,1284,1284,8N05161,12,Vega,-0.0005655503248014619,5421,0.2086613123807251,300,149
0,Nesøy,5,5014,3502,3502,8N87515,11,Leka,-0.0005672825831057148,5422,0.2086613123807251,300,156
0,Nesøy,5,5014,1883,1883,8N13423,9,Sleneset,-0.0005693873640956833,5423,0.2086613123807251,300,154
0,Nesøy,5,5014,960,960,8L64433,13,Vikna,-0.0005699925098101256,5424,0.2086613123807251,300,153
0,Nesøy,5,5014,4927,4927,8816929,4,Gjerøy,-0.0005710724250960833,5425,0.2086613123807251,300,156
0,Nesøy,5,5014,2407,2407,8N27121,7,Onøy og Lurøy,-0.0005712602557544453,5426,0.2086613123807251,300,148
0,Nesøy,5,5014,2902,2902,8N72678,11,Leka,-0.0005714177112860999,5427,0.2086613123807251,300,162
0,Nesøy,5,5014,900,900,8L64587,12,Vega,-0.0005720192886588812,5428,0.2086613123807251,300,154
0,Nesøy,5,5014,2769,2769,8N42681,5,Hestmannøy,-0.0005767051469282431,5429,0.2086613123807251,300,148
0,Nesøy,5,5014,4824,4824,8800168,10,Aldra,-0.0005779510692486596,5430,0.2086613123807251,300,153
0,Nesøy,5,5014,1555,1555,8N05703,5,Hestmannøy,-0.0005809601116391906,5431,0.2086613123807251,300,153
0,Nesøy,5,5014,3058,3058,8N73220,12,Vega,-0.0005819311463064308,5432,0.2086613123807251,300,157
0,Nesøy,5,5014,3004,3004,8N72986,2,Træna,-0.0005836965801779954,5433,0.2086613123807251,300,150
0,Nesøy,5,5014,5239,5239,8934893,5,Hestmannøy,-0.0005839562509950853,5434,0.2086613123807251,300,163
0,Nesøy,5,5014,1662,1662,8N06439,2,Træna,-0.000584730684188384,5435,0.2086613123807251,300,146
0,Nesøy,5,5014,4926,4926,8816921,6,Indre Kvarøy,-0.0005848116904329777,5436,0.2086613123807251,300,150
0,Nesøy,5,5014,2482,2482,8N27691,5,Hestmannøy,-0.0005868392320379506,5437,0.2086613123807251,300,149
0,Nesøy,5,5014,5433,5433,8943880,5,Hestmannøy,-0.0005879044629977094,5438,0.2086613123807251,300,163
0,Nesøy,5,5014,5285,5285,8939352,5,Hestmannøy,-0.0005975961892300989,5439,0.2086613123807251,300,146
0,Nesøy,5,5014,4427,4427,8681462,5,Hestmannøy,-0.000598690511178773,5440,0.2086613123807251,300,153
0,Nesøy,5,5014,1575,1575,8N05750,4,Gjerøy,-0.0005992649610890979,5441,0.2086613123807251,300,166
0,Nesøy,5,5014,33,33,8L19899,6,Indre Kvarøy,-0.000600074373908087,5442,0.2086613123807251,300,161
0,Nesøy,5,5014,2097,2097,8N14187,5,Hestmannøy,-0.0006007218763283275,5443,0.2086613123807251,300,145
0,Nesøy,5,5014,4394,4394,8681251,4,Gjerøy,-0.0006011186944905597,5444,0.2086613123807251,300,165
0,Nesøy,5,5014,3136,3136,8N73446,11,Leka,-0.0006026684764309781,5445,0.2086613123807251,300,152
0,Nesøy,5,5014,1002,1002,8M71492,13,Vikna,-0.0006030265758047663,5446,0.2086613123807251,300,157
0,Nesøy,5,5014,3193,3193,8N73504,5,Hestmannøy,-0.0006047430329634537,5447,0.2086613123807251,300,162
0,Nesøy,5,5014,3112,3112,8N73402,4,Gjerøy,-0.0006088113002538567,5448,0.2086613123807251,300,163
0,Nesøy,5,5014,5297,5297,8939374,7,Onøy og Lurøy,-0.0006100927889476841,5449,0.2086613123807251,300,166
0,Nesøy,5,5014,35,35,8L19912,5,Hestmannøy,-0.000613631566870081,5450,0.2086613123807251,300,169
0,Nesøy,5,5014,3297,3297,8N73678,13,Vikna,-0.0006209204714178242,5451,0.2086613123807251,300,153
0,Nesøy,5,5014,4453,4453,8730451,1,Myken,-0.0006209384555723197,5452,0.2086613123807251,300,157
0,Nesøy,5,5014,852,852,8M31927,5,Hestmannøy,-0.0006243073632489256,5453,0.2086613123807251,300,158
0,Nesøy,5,5014,2714,2714,8N42289,5,Hestmannøy,-0.0006275138911405405,5454,0.2086613123807251,300,160
0,Nesøy,5,5014,1375,1375,8N05253,13,Vikna,-0.0006285536901383192,5455,0.2086613123807251,300,148
0,Nesøy,5,5014,4509,4509,8730993,4,Gjerøy,-0.000628792618940163,5456,0.2086613123807251,300,163
0,Nesøy,5,5014,4342,4342,8681033,5,Hestmannøy,-0.0006326074376088094,5457,0.2086613123807251,300,159
0,Nesøy,5,5014,4269,4269,8598568,4,Gjerøy,-0.0006370918201232083,5458,0.2086613123807251,300,160
0,Nesøy,5,5014,4413,4413,8681370,5,Hestmannøy,-0.000638233583829604,5459,0.2086613123807251,300,168
0,Nesøy,5,5014,188,188,8L48314,5,Hestmannøy,-0.0006397280334566715,5460,0.2086613123807251,300,162
0,Nesøy,5,5014,3052,3052,8N73214,12,Vega,-0.0006409013257826846,5461,0.2086613123807251,300,148
0,Nesøy,5,5014,3047,3047,8N73209,12,Vega,-0.0006442926307576931,5462,0.2086613123807251,300,160
0,Nesøy,5,5014,1635,1635,8N06011,2,Træna,-0.0006463340450355906,5463,0.2086613123807251,300,158
0,Nesøy,5,5014,2058,2058,8N14010,4,Gjerøy,-0.0006477261504223402,5464,0.2086613123807251,300,151
0,Nesøy,5,5014,2759,2759,8N42637,5,Hestmannøy,-0.0006516804741938389,5465,0.2086613123807251,300,155
0,Nesøy,5,5014,493,493,8M71158,13,Vikna,-0.0006529286794468305,5466,0.2086613123807251,300,163
0,Nesøy,5,5014,1644,1644,8N06290,2,Træna,-0.0006599604428048365,5467,0.2086613123807251,300,150
0,Nesøy,5,5014,1678,1678,8N06475,12,Vega,-0.0006614867244541898,5468,0.2086613123807251,300,159
0,Nesøy,5,5014,639,639,8L89655,5,Hestmannøy,-0.0006688416593033101,5469,0.2086613123807251,300,151
0,Nesøy,5,5014,3187,3187,8N73498,12,Vega,-0.0006698907920240242,5470,0.2086613123807251,300,159
0,Nesøy,5,5014,1065,1065,8M72218,8,Lovund,-0.0006708932096131414,5471,0.2086613123807251,300,153
0,Nesøy,5,5014,1087,1087,8M72420,13,Vikna,-0.0006728109146280078,5472,0.2086613123807251,300,166
0,Nesøy,5,5014,2701,2701,8N42249,2,Træna,-0.0006737248019999698,5473,0.2086613123807251,300,154
0,Nesøy,5,5014,1211,1211,8M72996,10,Aldra,-0.0006778391959488192,5474,0.2086613123807251,300,147
0,Nesøy,5,5014,5288,5288,8939360,5,Hestmannøy,-0.0006799241626598704,5475,0.2086613123807251,300,154
0,Nesøy,5,5014,376,376,8L52595,5,Hestmannøy,-0.0006904997410386769,5476,0.2086613123807251,300,159
0,Nesøy,5,5014,1587,1587,8N05840,10,Aldra,-0.0006929128594193798,5477,0.2086613123807251,300,145
0,Nesøy,5,5014,4833,4833,8800196,6,Indre Kvarøy,-0.0006941527988948105,5478,0.2086613123807251,300,153
0,Nesøy,5,5014,5265,5265,8939150,4,Gjerøy,-0.0006969031775781131,5479,0.2086613123807251,300,165
0,Nesøy,5,5014,5423,5423,8943743,5,Hestmannøy,-0.0006985913552378152,5480,0.2086613123807251,300,161
0,Nesøy,5,5014,3988,3988,8P14514,2,Træna,-0.0007034608531249813,5481,0.2086613123807251,300,146
0,Nesøy,5,5014,1707,1707,8N06527,5,Hestmannøy,-0.0007073212471155853,5482,0.2086613123807251,300,152
0,Nesøy,5,5014,4452,4452,8730448,1,Myken,-0.0007082152390491844,5483,0.2086613123807251,300,147
0,Nesøy,5,5014,4415,4415,8681374,4,Gjerøy,-0.0007087919346620024,5484,0.2086613123807251,300,149
0,Nesøy,5,5014,3960,3960,8P14196,5,Hestmannøy,-0.0007105783630989139,5485,0.2086613123807251,300,150
0,Nesøy,5,5014,5326,5326,8939584,5,Hestmannøy,-0.0007136752444002523,5486,0.2086613123807251,300,163
0,Nesøy,5,5014,914,914,8M71231,6,Indre Kvarøy,-0.00071601735940924,5487,0.2086613123807251,300,153
0,Nesøy,5,5014,1460,1460,8N05569,8,Lovund,-0.0007207365622868195,5488,0.2086613123807251,300,148
0,Nesøy,5,5014,2806,2806,8N42923,4,Gjerøy,-0.0007224371630471203,5489,0.2086613123807251,300,149
0,Nesøy,5,5014,4349,4349,8681044,5,Hestmannøy,-0.0007247022142636612,5490,0.2086613123807251,300,158
0,Nesøy,5,5014,2928,2928,8N72724,5,Hestmannøy,-0.0007273889145582999,5491,0.2086613123807251,300,164
0,Nesøy,5,5014,1709,1709,8N06532,4,Gjerøy,-0.0007287014139949135,5492,0.2086613123807251,300,161
0,Nesøy,5,5014,175,175,8L30898,5,Hestmannøy,-0.0007293056582226633,5493,0.2086613123807251,300,162
0,Nesøy,5,5014,4799,4799,8800051,7,Onøy og Lurøy,-0.0007346493855420532,5494,0.2086613123807251,300,158
0,Nesøy,5,5014,2742,2742,8N42520,5,Hestmannøy,-0.0007405799757916925,5495,0.2086613123807251,300,157
0,Nesøy,5,5014,4681,4681,8747583,2,Træna,-0.0007453830432644793,5496,0.2086613123807251,300,160
0,Nesøy,5,5014,4339,4339,8681028,5,Hestmannøy,-0.0007567670583699217,5497,0.2086613123807251,300,159
0,Nesøy,5,5014,3216,3216,8N73573,6,Indre Kvarøy,-0.0007882528946126331,5498,0.2086613123807251,300,149
0,Nesøy,5,5014,4365,4365,8681071,9,Sleneset,-0.0007902125116244316,5499,0.2086613123807251,300,158
0,Nesøy,5,5014,4463,4463,8730493,4,Gjerøy,-0.0007920124270534382,5500,0.2086613123807251,300,149
0,Nesøy,5,5014,795,795,8M31653,11,Leka,-0.0007923526636468817,5501,0.2086613123807251,300,162
0,Nesøy,5,5014,638,638,8L89654,5,Hestmannøy,-0.0008050874094518691,5502,0.2086613123807251,300,172
0,Nesøy,5,5014,1459,1459,8N05567,3,Selvær,-0.0008118001125562179,5503,0.2086613123807251,300,154
0,Nesøy,5,5014,2405,2405,8N27119,7,Onøy og Lurøy,-0.0008219705036434692,5504,0.2086613123807251,300,153
0,Nesøy,5,5014,3426,3426,8N73992,12,Vega,-0.0008246930673578029,5505,0.2086613123807251,300,156
0,Nesøy,5,5014,867,867,8M31973,5,Hestmannøy,-0.0008254638515867681,5506,0.2086613123807251,300,161
0,Nesøy,5,5014,4870,4870,8800469,5,Hestmannøy,-0.0008346277420935844,5507,0.2086613123807251,300,163
0,Nesøy,5,5014,4570,4570,8732656,5,Hestmannøy,-0.0008445116918493588,5508,0.2086613123807251,300,164
0,Nesøy,5,5014,4896,4896,8800612,5,Hestmannøy,-0.000845006638649649,5509,0.2086613123807251,300,155
0,Nesøy,5,5014,2656,2656,8N28833,5,Hestmannøy,-0.0008492183263547322,5510,0.2086613123807251,300,153
0,Nesøy,5,5014,5474,5474,8981214,12,Vega,-0.0008493834282470358,5511,0.2086613123807251,300,155
0,Nesøy,5,5014,472,472,8L64280,5,Hestmannøy,-0.000853723669709478,5512,0.2086613123807251,300,152
0,Nesøy,5,5014,5548,5548,8981820,5,Hestmannøy,-0.0008538334948335776,5513,0.2086613123807251,300,168
0,Nesøy,5,5014,2210,2210,8N14591,11,Leka,-0.0008588641243233767,5514,0.2086613123807251,300,156
0,Nesøy,5,5014,4444,4444,8730436,5,Hestmannøy,-0.0008602009718492019,5515,0.2086613123807251,300,140
0,Nesøy,5,5014,3833,3833,8P11429,1,Myken,-0.0008648608112501048,5516,0.2086613123807251,300,155
0,Nesøy,5,5014,5188,5188,8934400,1,Myken,-0.0008661696956049261,5517,0.2086613123807251,300,155
0,Nesøy,5,5014,4273,4273,8598602,6,Indre Kvarøy,-0.0008709408383666809,5518,0.2086613123807251,300,147
0,Nesøy,5,5014,5091,5091,8887495,7,Onøy og Lurøy,-0.0008752720393636432,5519,0.2086613123807251,300,155
0,Nesøy,5,5014,4379,4379,8681175,4,Gjerøy,-0.0008875526848839355,5520,0.2086613123807251,300,155
0,Nesøy,5,5014,1189,1189,8M72909,5,Hestmannøy,-0.0008898622943399019,5521,0.2086613123807251,300,159
0,Nesøy,5,5014,5335,5335,8939629,5,Hestmannøy,-0.0008918575949345273,5522,0.2086613123807251,300,164
0,Nesøy,5,5014,3487,3487,8N87339,4,Gjerøy,-0.0009158026511509006,5523,0.2086613123807251,300,151
0,Nesøy,5,5014,5258,5258,8939118,10,Aldra,-0.0009168777437457724,5524,0.2086613123807251,300,154
0,Nesøy,5,5014,4534,4534,8732505,8,Lovund,-0.0009179977464432184,5525,0.2086613123807251,300,148
0,Nesøy,5,5014,620,620,8M31789,11,Leka,-0.0009321169186839503,5526,0.2086613123807251,300,156
0,Nesøy,5,5014,738,738,8M31338,5,Hestmannøy,-0.0009408706241833445,5527,0.2086613123807251,300,169
0,Nesøy,5,5014,4137,4137,8P26527,9,Sleneset,-0.0009478402326641205,5528,0.2086613123807251,300,154
0,Nesøy,5,5014,2659,2659,8N28848,5,Hestmannøy,-0.000955918379180616,5529,0.2086613123807251,300,149
0,Nesøy,5,5014,4605,4605,8747118,5,Hestmannøy,-0.0009569134989355173,5530,0.2086613123807251,300,162
0,Nesøy,5,5014,2041,2041,8N13975,5,Hestmannøy,-0.0009587050149209528,5531,0.2086613123807251,300,161
0,Nesøy,5,5014,4803,4803,8800066,4,Gjerøy,-0.0009774025670158423,5532,0.2086613123807251,300,152
0,Nesøy,5,5014,1145,1145,8M72666,5,Hestmannøy,-0.0009872753930463157,5533,0.2086613123807251,300,149
0,Nesøy,5,5014,2313,2313,8N14758,2,Træna,-0.0009894685870673622,5534,0.2086613123807251,300,158
0,Nesøy,5,5014,4571,4571,8732659,5,Hestmannøy,-0.0009897834350725675,5535,0.2086613123807251,300,150
0,Nesøy,5,5014,1378,1378,8N05256,13,Vikna,-0.0010282531385271854,5536,0.2086613123807251,300,154
0,Nesøy,5,5014,4768,4768,8794305,4,Gjerøy,-0.0010320746782713237,5537,0.2086613123807251,300,162
0,Nesøy,5,5014,14,14,8L19656,3,Selvær,-0.0010521937591828096,5538,0.2086613123807251,300,162
0,Nesøy,5,5014,3995,3995,8P14664,2,Træna,-0.0010565973229806278,5539,0.2086613123807251,300,161
0,Nesøy,5,5014,4749,4749,8747879,1,Myken,-0.0010617586091813292,5540,0.2086613123807251,300,154
0,Nesøy,5,5014,3441,3441,8N87057,5,Hestmannøy,-0.001091070632086512,5541,0.2086613123807251,300,150
0,Nesøy,5,5014,4903,4903,8800663,12,Vega,-0.001109452577988844,5542,0.2086613123807251,300,152
0,Nesøy,5,5014,4323,4323,8651952,5,Hestmannøy,-0.001134323894135543,5543,0.2086613123807251,300,160
0,Nesøy,5,5014,579,579,8L89384,5,Hestmannøy,-0.0011371123206420836,5544,0.2086613123807251,300,162
0,Nesøy,5,5014,1431,1431,8M71867,5,Hestmannøy,-0.0011485918736968683,5545,0.2086613123807251,300,165
0,Nesøy,5,5014,3927,3927,8P11947,5,Hestmannøy,-0.0011716943454260628,5546,0.2086613123807251,300,158
0,Nesøy,5,5014,612,612,8L89519,5,Hestmannøy,-0.0011763577098502806,5547,0.2086613123807251,300,158
0,Nesøy,5,5014,4921,4921,8816496,1,Myken,-0.0011867800751297606,5548,0.2086613123807251,300,165
0,Nesøy,5,5014,3801,3801,8N87978,13,Vikna,-0.001232550948038062,5549,0.2086613123807251,300,159
0,Nesøy,5,5014,4485,4485,8730565,3,Selvær,-0.0012381770750644243,5550,0.2086613123807251,300,150
0,Nesøy,5,5014,1435,1435,8N05418,1,Myken,-0.0012491507028403296,5551,0.2086613123807251,300,179
0,Nesøy,5,5014,2616,2616,8N28695,5,Hestmannøy,-0.001266942659491984,5552,0.2086613123807251,300,151
0,Nesøy,5,5014,1825,1825,8N06889,11,Leka,-0.0012931157845209437,5553,0.2086613123807251,300,161
0,Nesøy,5,5014,5299,5299,8939376,7,Onøy og Lurøy,-0.001317248964484797,5554,0.2086613123807251,300,160
0,Nesøy,5,5014,4560,4560,8732641,5,Hestmannøy,-0.001340324196360332,5555,0.2086613123807251,300,154
0,Nesøy,5,5014,5375,5375,8943023,5,Hestmannøy,-0.0013487660820097826,5556,0.2086613123807251,300,151
0,Nesøy,5,5014,4345,4345,8681038,5,Hestmannøy,-0.001392717226712113,5557,0.2086613123807251,300,161
0,Nesøy,5,5014,2335,2335,8N14937,4,Gjerøy,-0.0014452694122771839,5558,0.2086613123807251,300,167
0,Nesøy,5,5014,5374,5374,8943014,10,Aldra,-0.0014460429567532778,5559,0.2086613123807251,300,156
0,Nesøy,5,5014,4843,4843,8800340,7,Onøy og Lurøy,-0.0014769114354282668,5560,0.2086613123807251,300,152
0,Nesøy,5,5014,5437,5437,8943897,5,Hestmannøy,-0.0014854306458815865,5561,0.2086613123807251,300,157
0,Nesøy,5,5014,4691,4691,8747623,5,Hestmannøy,-0.0015159952792171483,5562,0.2086613123807251,300,161
0,Nesøy,5,5014,4237,4237,8309285,5,Hestmannøy,-0.0015692426982512238,5563,0.2086613123807251,300,153
0,Nesøy,5,5014,5253,5253,8939086,5,Hestmannøy,-0.001591582863824401,5564,0.2086613123807251,300,159
0,Nesøy,5,5014,4514,4514,8732235,2,Træna,-0.0016592743023133027,5565,0.2086613123807251,300,156
0,Nesøy,5,5014,5047,5047,8887315,6,Indre Kvarøy,-0.0018100298048991088,5566,0.2086613123807251,300,156
0,Nesøy,5,5014,4101,4101,8N14980,6,Indre Kvarøy,-0.001858368189993863,5567,0.2086613123807251,300,153
0,Nesøy,5,5014,4526,4526,8732286,8,Lovund,-0.0018846930778742422,5568,0.2086613123807251,300,156
0,Nesøy,5,5014,236,236,8L48609,6,Indre Kvarøy,-0.001919330201412137,5569,0.2086613123807251,300,160
0,Nesøy,5,5014,5051,5051,8887342,5,Hestmannøy,-0.0021068170627515106,5570,0.2086613123807251,300,143
0,Nesøy,5,5014,1652,1652,8N06347,4,Gjerøy,-0.0023769204922271018,5571,0.2086613123807251,300,150
0,Nesøy,5,5014,2655,2655,8N28832,5,Hestmannøy,-0.002548899098044615,5572,0.2086613123807251,300,158
0,Nesøy,5,5014,834,834,8M31838,1,Myken,-0.002822439127993183,5573,0.2086613123807251,300,156
0,Nesøy,5,5014,1139,1139,8M72643,4,Gjerøy,-0.0028584837491633865,5574,0.2086613123807251,300,159
0,Nesøy,5,5014,5525,5525,8981657,2,Træna,-0.0029588886354974097,5575,0.2086613123807251,300,141
0,Nesøy,5,5014,4198,4198,8168702,5,Hestmannøy,-0.0029845322348321796,5576,0.2086613123807251,300,142
0,Nesøy,5,5014,1747,1747,8N06727,4,Gjerøy,-0.003677484060612109,5577,0.2086613123807251,300,153
0,Nesøy,5,5014,769,769,8M31532,5,Hestmannøy,-0.0036866979116331033,5578,0.2086613123807251,300,156
