trait,fold,method,selection_method,lambda_label,lambda_div,repeat,repeat_seed,n_individuals,n_train_available,n_test,n_pcs,n_pcs_fit,alpha,pearson_r,mse_adj,avg_grm_target_obj,avg_grm_train_train_obj,objective_obj,selection_time_seconds,fit_time_seconds
thr_wing,1,full_train_pc_ridge,full_train,,,-1,-1,5069,5069,564,4500,4500,40673.818606964225,0.2953513467993177,0.8857983350753784,-0.00017864209540893064,2.5462848618705812e-05,,0.0,0.5307395048439503
thr_wing,1,random_pc_ridge,random,,,0,100014,500,5069,564,4500,4500,40673.818606964225,0.17773209683699362,1.0186715126037598,-0.00020463120447006996,,,0.0,0.036019991151988506
thr_wing,1,random_pc_ridge,random,,,0,100014,1000,5069,564,4500,4500,40673.818606964225,0.2295895058487105,1.0003852844238281,-0.00017720472018318737,,,0.0,0.06328981718979776
thr_wing,1,random_pc_ridge,random,,,0,100014,1500,5069,564,4500,4500,40673.818606964225,0.21083828658031586,0.9974676966667175,-0.00017551862420734642,,,0.0,0.09281851188279688
thr_wing,1,random_pc_ridge,random,,,0,100014,2000,5069,564,4500,4500,40673.818606964225,0.2644221052648473,0.9552527666091919,-0.00016587321007289807,,,0.0,0.1364933701697737
thr_wing,1,random_pc_ridge,random,,,0,100014,2500,5069,564,4500,4500,40673.818606964225,0.27017512875380967,0.9383118748664856,-0.00016882580359701898,,,0.0,0.19825681415386498
thr_wing,1,random_pc_ridge,random,,,0,100014,3000,5069,564,4500,4500,40673.818606964225,0.29962751510958413,0.9201614856719971,-0.00017575762650630042,,,0.0,0.2505016739014536
thr_wing,1,random_pc_ridge,random,,,0,100014,3500,5069,564,4500,4500,40673.818606964225,0.28387351382525033,0.9206910729408264,-0.00017058129110289507,,,0.0,0.3124840890523046
thr_wing,1,random_pc_ridge,random,,,0,100014,4000,5069,564,4500,4500,40673.818606964225,0.2841632079974087,0.9094982743263245,-0.00017358398822458893,,,0.0,0.3932461701333523
thr_wing,1,random_pc_ridge,random,,,0,100014,4500,5069,564,4500,4500,40673.818606964225,0.2987302138225201,0.8987215757369995,-0.00018178498826285875,,,0.0,0.49929915298707783
thr_wing,1,random_pc_ridge,random,,,1,100015,500,5069,564,4500,4500,40673.818606964225,0.1931391081724805,1.0068696737289429,-0.00011079368015223947,,,0.0,0.0358979138545692
thr_wing,1,random_pc_ridge,random,,,1,100015,1000,5069,564,4500,4500,40673.818606964225,0.20958915459280475,0.9755714535713196,-0.00014993435910433818,,,0.0,0.06249158992432058
thr_wing,1,random_pc_ridge,random,,,1,100015,1500,5069,564,4500,4500,40673.818606964225,0.27340566298275926,0.929089367389679,-0.00015913015515233738,,,0.0,0.10922816698439419
thr_wing,1,random_pc_ridge,random,,,1,100015,2000,5069,564,4500,4500,40673.818606964225,0.2577005645625061,0.9275200963020325,-0.0001689509649541388,,,0.0,0.13474177615717053
thr_wing,1,random_pc_ridge,random,,,1,100015,2500,5069,564,4500,4500,40673.818606964225,0.2759712941925255,0.8959452509880066,-0.00016488720342043713,,,0.0,0.192663756897673
thr_wing,1,random_pc_ridge,random,,,1,100015,3000,5069,564,4500,4500,40673.818606964225,0.27202646689208226,0.9002577066421509,-0.0001757244844145901,,,0.0,0.2485349380876869
thr_wing,1,random_pc_ridge,random,,,1,100015,3500,5069,564,4500,4500,40673.818606964225,0.28432243365710425,0.8897979855537415,-0.00017564647723372463,,,0.0,0.31602202891372144
thr_wing,1,random_pc_ridge,random,,,1,100015,4000,5069,564,4500,4500,40673.818606964225,0.27595276191071855,0.893364429473877,-0.00017201999566874174,,,0.0,0.39300033007748425
thr_wing,1,random_pc_ridge,random,,,1,100015,4500,5069,564,4500,4500,40673.818606964225,0.28859037794644643,0.884258508682251,-0.0001751198965568993,,,0.0,0.49950216617435217
thr_wing,1,random_pc_ridge,random,,,2,100016,500,5069,564,4500,4500,40673.818606964225,0.2591394043751722,0.9808709025382996,-0.0001752171438371712,,,0.0,0.03658759803511202
thr_wing,1,random_pc_ridge,random,,,2,100016,1000,5069,564,4500,4500,40673.818606964225,0.2531748890979371,0.9607208371162415,-0.00017008658677660965,,,0.0,0.06437111296691
thr_wing,1,random_pc_ridge,random,,,2,100016,1500,5069,564,4500,4500,40673.818606964225,0.25493405975392136,0.9333258271217346,-0.00016227747412429753,,,0.0,0.10839095688425004
thr_wing,1,random_pc_ridge,random,,,2,100016,2000,5069,564,4500,4500,40673.818606964225,0.25272227910985845,0.929746150970459,-0.00017636792847017287,,,0.0,0.13659723801538348
thr_wing,1,random_pc_ridge,random,,,2,100016,2500,5069,564,4500,4500,40673.818606964225,0.2457632240404769,0.9283780455589294,-0.00017375551774740253,,,0.0,0.1926123769953847
thr_wing,1,random_pc_ridge,random,,,2,100016,3000,5069,564,4500,4500,40673.818606964225,0.2544117196542521,0.9188113212585449,-0.00018154961964706384,,,0.0,0.2598349240142852
thr_wing,1,random_pc_ridge,random,,,2,100016,3500,5069,564,4500,4500,40673.818606964225,0.26726620803563883,0.9099613428115845,-0.00018034054487152366,,,0.0,0.3058612779714167
thr_wing,1,random_pc_ridge,random,,,2,100016,4000,5069,564,4500,4500,40673.818606964225,0.2950707728459586,0.8914563655853271,-0.00018138016917140998,,,0.0,0.39648632099851966
thr_wing,1,random_pc_ridge,random,,,2,100016,4500,5069,564,4500,4500,40673.818606964225,0.2910879797056764,0.8921815156936646,-0.00017621266773415177,,,0.0,0.4945030580274761
thr_wing,1,random_pc_ridge,random,,,3,100017,500,5069,564,4500,4500,40673.818606964225,0.13100569688474675,1.0418623685836792,-0.0001604744519621708,,,0.0,0.03589467820711434
thr_wing,1,random_pc_ridge,random,,,3,100017,1000,5069,564,4500,4500,40673.818606964225,0.19034451250855594,1.0192581415176392,-0.00016155979538924565,,,0.0,0.06341368611901999
thr_wing,1,random_pc_ridge,random,,,3,100017,1500,5069,564,4500,4500,40673.818606964225,0.2313034098599921,0.985721230506897,-0.00015906454584318035,,,0.0,0.1113695721141994
thr_wing,1,random_pc_ridge,random,,,3,100017,2000,5069,564,4500,4500,40673.818606964225,0.2468824289755126,0.9536585211753845,-0.00017813261849744869,,,0.0,0.13670287793502212
thr_wing,1,random_pc_ridge,random,,,3,100017,2500,5069,564,4500,4500,40673.818606964225,0.26001512519701103,0.9395933747291565,-0.00018130411708059977,,,0.0,0.1975353800226003
thr_wing,1,random_pc_ridge,random,,,3,100017,3000,5069,564,4500,4500,40673.818606964225,0.27995358568748835,0.9176298379898071,-0.00018488448400243854,,,0.0,0.2515345469582826
thr_wing,1,random_pc_ridge,random,,,3,100017,3500,5069,564,4500,4500,40673.818606964225,0.28353170308169284,0.9129976034164429,-0.00019123946439282444,,,0.0,0.314009846188128
thr_wing,1,random_pc_ridge,random,,,3,100017,4000,5069,564,4500,4500,40673.818606964225,0.2841813790353883,0.9013280868530273,-0.0001909884039476971,,,0.0,0.39295768504962325
thr_wing,1,random_pc_ridge,random,,,3,100017,4500,5069,564,4500,4500,40673.818606964225,0.2914539024924542,0.8926469087600708,-0.00018768379254387963,,,0.0,0.4964611928444356
thr_wing,1,random_pc_ridge,random,,,4,100018,500,5069,564,4500,4500,40673.818606964225,0.23740902804116562,0.9984797239303589,-0.0001467689939861177,,,0.0,0.03659454802982509
thr_wing,1,random_pc_ridge,random,,,4,100018,1000,5069,564,4500,4500,40673.818606964225,0.24469293439529077,0.9829755425453186,-0.00016937395901374204,,,0.0,0.06543100206181407
thr_wing,1,random_pc_ridge,random,,,4,100018,1500,5069,564,4500,4500,40673.818606964225,0.24348165937581903,0.9684352874755859,-0.00017639371025894167,,,0.0,0.10183914098888636
thr_wing,1,random_pc_ridge,random,,,4,100018,2000,5069,564,4500,4500,40673.818606964225,0.25518584485359336,0.962577223777771,-0.00017985794662538911,,,0.0,0.14017739612609148
thr_wing,1,random_pc_ridge,random,,,4,100018,2500,5069,564,4500,4500,40673.818606964225,0.25332382755847793,0.9528650641441345,-0.00019025239878731875,,,0.0,0.19753945199772716
thr_wing,1,random_pc_ridge,random,,,4,100018,3000,5069,564,4500,4500,40673.818606964225,0.262927830883302,0.9462389349937439,-0.00018035973638902043,,,0.0,0.25060192309319973
thr_wing,1,random_pc_ridge,random,,,4,100018,3500,5069,564,4500,4500,40673.818606964225,0.2648803866522415,0.9212731122970581,-0.00017112122631872566,,,0.0,0.3166471468284726
thr_wing,1,random_pc_ridge,random,,,4,100018,4000,5069,564,4500,4500,40673.818606964225,0.2556310614082346,0.9293972849845886,-0.00017511882773045063,,,0.0,0.39567201188765466
thr_wing,1,random_pc_ridge,random,,,4,100018,4500,5069,564,4500,4500,40673.818606964225,0.2759396512689034,0.9035570025444031,-0.00017748960647634318,,,0.0,0.5017406910192221
thr_wing,1,random_pc_ridge,random,,,5,100019,500,5069,564,4500,4500,40673.818606964225,0.1894826635179775,1.0050978660583496,-0.00020595832868993983,,,0.0,0.03596679912880063
thr_wing,1,random_pc_ridge,random,,,5,100019,1000,5069,564,4500,4500,40673.818606964225,0.22652036274449178,0.97386234998703,-0.00020271144552713464,,,0.0,0.063354407902807
thr_wing,1,random_pc_ridge,random,,,5,100019,1500,5069,564,4500,4500,40673.818606964225,0.2628008214972852,0.9384908676147461,-0.00017587027578145942,,,0.0,0.10932608298026025
thr_wing,1,random_pc_ridge,random,,,5,100019,2000,5069,564,4500,4500,40673.818606964225,0.26997471752938995,0.9350447654724121,-0.00018374307507705768,,,0.0,0.13269609306007624
thr_wing,1,random_pc_ridge,random,,,5,100019,2500,5069,564,4500,4500,40673.818606964225,0.27734978056708115,0.923515796661377,-0.00016737726283981328,,,0.0,0.19551532715559006
thr_wing,1,random_pc_ridge,random,,,5,100019,3000,5069,564,4500,4500,40673.818606964225,0.2753806081024987,0.9234316349029541,-0.00017635859862462203,,,0.0,0.25885242386721075
thr_wing,1,random_pc_ridge,random,,,5,100019,3500,5069,564,4500,4500,40673.818606964225,0.2768342645161448,0.9073754549026489,-0.00018091461246743352,,,0.0,0.3139563128352165
thr_wing,1,random_pc_ridge,random,,,5,100019,4000,5069,564,4500,4500,40673.818606964225,0.2865340340821144,0.9032835960388184,-0.00018248232403775562,,,0.0,0.3991675479337573
thr_wing,1,random_pc_ridge,random,,,5,100019,4500,5069,564,4500,4500,40673.818606964225,0.2887311876756727,0.8960638642311096,-0.00017879113213673694,,,0.0,0.49818361015059054
thr_wing,1,random_pc_ridge,random,,,6,100020,500,5069,564,4500,4500,40673.818606964225,0.16255983905389995,1.0176737308502197,-0.00011190323819076411,,,0.0,0.03632830921560526
thr_wing,1,random_pc_ridge,random,,,6,100020,1000,5069,564,4500,4500,40673.818606964225,0.18766872162927836,0.986282229423523,-0.00014442726177577592,,,0.0,0.06341726193204522
thr_wing,1,random_pc_ridge,random,,,6,100020,1500,5069,564,4500,4500,40673.818606964225,0.19976956559560957,0.9847231507301331,-0.00015730937486598402,,,0.0,0.11041080998256803
thr_wing,1,random_pc_ridge,random,,,6,100020,2000,5069,564,4500,4500,40673.818606964225,0.23667173245596432,0.963487982749939,-0.00016074732589410867,,,0.0,0.14064698689617217
thr_wing,1,random_pc_ridge,random,,,6,100020,2500,5069,564,4500,4500,40673.818606964225,0.2463143034216201,0.9464321136474609,-0.00017062648175755478,,,0.0,0.19556911499239504
thr_wing,1,random_pc_ridge,random,,,6,100020,3000,5069,564,4500,4500,40673.818606964225,0.24548095558802918,0.9476463198661804,-0.0001787846884003837,,,0.0,0.25160159007646143
thr_wing,1,random_pc_ridge,random,,,6,100020,3500,5069,564,4500,4500,40673.818606964225,0.2643855623257158,0.9248048067092896,-0.0001760271113517884,,,0.0,0.3191374628804624
thr_wing,1,random_pc_ridge,random,,,6,100020,4000,5069,564,4500,4500,40673.818606964225,0.2760159835426483,0.9067341089248657,-0.00017643871469017467,,,0.0,0.39164809696376324
thr_wing,1,random_pc_ridge,random,,,6,100020,4500,5069,564,4500,4500,40673.818606964225,0.29619225353476925,0.8882261514663696,-0.0001812231074182794,,,0.0,0.4978888710029423
thr_wing,1,random_pc_ridge,random,,,7,100021,500,5069,564,4500,4500,40673.818606964225,0.15131054593063167,0.9929431676864624,-8.71697496123033e-05,,,0.0,0.03745306981727481
thr_wing,1,random_pc_ridge,random,,,7,100021,1000,5069,564,4500,4500,40673.818606964225,0.19781047054482373,0.982720673084259,-0.00013970427635832304,,,0.0,0.06527296896092594
thr_wing,1,random_pc_ridge,random,,,7,100021,1500,5069,564,4500,4500,40673.818606964225,0.24467468707409504,0.9555231332778931,-0.00015397245484620562,,,0.0,0.10623617796227336
thr_wing,1,random_pc_ridge,random,,,7,100021,2000,5069,564,4500,4500,40673.818606964225,0.270793626517449,0.9248096942901611,-0.00015302264285363396,,,0.0,0.14082454983144999
thr_wing,1,random_pc_ridge,random,,,7,100021,2500,5069,564,4500,4500,40673.818606964225,0.28196908226566453,0.9198538064956665,-0.00016125912285019285,,,0.0,0.19352173013612628
thr_wing,1,random_pc_ridge,random,,,7,100021,3000,5069,564,4500,4500,40673.818606964225,0.29669946234306327,0.9012391567230225,-0.00017167896865458756,,,0.0,0.24823842500336468
thr_wing,1,random_pc_ridge,random,,,7,100021,3500,5069,564,4500,4500,40673.818606964225,0.305311068900501,0.8961679935455322,-0.00017590221613173902,,,0.0,0.31549609499052167
thr_wing,1,random_pc_ridge,random,,,7,100021,4000,5069,564,4500,4500,40673.818606964225,0.3190215571335235,0.8761789798736572,-0.0001717534130754611,,,0.0,0.397493147989735
thr_wing,1,random_pc_ridge,random,,,7,100021,4500,5069,564,4500,4500,40673.818606964225,0.3034881374114366,0.8821367025375366,-0.00017177937725321247,,,0.0,0.49854269810020924
thr_wing,1,random_pc_ridge,random,,,8,100022,500,5069,564,4500,4500,40673.818606964225,0.21475809277125987,1.0018842220306396,-0.00017153961947026711,,,0.0,0.0358530068770051
thr_wing,1,random_pc_ridge,random,,,8,100022,1000,5069,564,4500,4500,40673.818606964225,0.21068192873904762,0.9714933633804321,-0.00022116074395445317,,,0.0,0.06338970293290913
thr_wing,1,random_pc_ridge,random,,,8,100022,1500,5069,564,4500,4500,40673.818606964225,0.2399637184757123,0.9482525587081909,-0.00019052663772918307,,,0.0,0.10944764106534421
thr_wing,1,random_pc_ridge,random,,,8,100022,2000,5069,564,4500,4500,40673.818606964225,0.25734970617001973,0.9283462166786194,-0.00020488050674565732,,,0.0,0.1396555679384619
thr_wing,1,random_pc_ridge,random,,,8,100022,2500,5069,564,4500,4500,40673.818606964225,0.2642533584114053,0.9230111837387085,-0.00018925032797670468,,,0.0,0.1955072470009327
thr_wing,1,random_pc_ridge,random,,,8,100022,3000,5069,564,4500,4500,40673.818606964225,0.2832075123085608,0.9058975577354431,-0.00018408471731121265,,,0.0,0.2465985610615462
thr_wing,1,random_pc_ridge,random,,,8,100022,3500,5069,564,4500,4500,40673.818606964225,0.27854946236985784,0.9108244180679321,-0.00018378983178107225,,,0.0,0.3193944771774113
thr_wing,1,random_pc_ridge,random,,,8,100022,4000,5069,564,4500,4500,40673.818606964225,0.2815802086373803,0.9067168831825256,-0.00018156395644438738,,,0.0,0.3975460329093039
thr_wing,1,random_pc_ridge,random,,,8,100022,4500,5069,564,4500,4500,40673.818606964225,0.3036594229450825,0.8865417838096619,-0.0001778527991288019,,,0.0,0.49680582503788173
thr_wing,1,random_pc_ridge,random,,,9,100023,500,5069,564,4500,4500,40673.818606964225,0.08788328584435007,1.0470808744430542,-0.00020548583024001686,,,0.0,0.036166497971862555
thr_wing,1,random_pc_ridge,random,,,9,100023,1000,5069,564,4500,4500,40673.818606964225,0.18974171096691872,0.9838932156562805,-0.00019762935735539246,,,0.0,0.06350830383598804
thr_wing,1,random_pc_ridge,random,,,9,100023,1500,5069,564,4500,4500,40673.818606964225,0.2562577686864987,0.9503663778305054,-0.00019476235628719722,,,0.0,0.10969595308415592
thr_wing,1,random_pc_ridge,random,,,9,100023,2000,5069,564,4500,4500,40673.818606964225,0.24644517830342896,0.9419563412666321,-0.0001712075295070244,,,0.0,0.13434973289258778
thr_wing,1,random_pc_ridge,random,,,9,100023,2500,5069,564,4500,4500,40673.818606964225,0.26008058338982337,0.9297318458557129,-0.00017861167256215873,,,0.0,0.1965494309552014
thr_wing,1,random_pc_ridge,random,,,9,100023,3000,5069,564,4500,4500,40673.818606964225,0.26613161013760395,0.9096660017967224,-0.0001772957521260753,,,0.0,0.2484382651746273
thr_wing,1,random_pc_ridge,random,,,9,100023,3500,5069,564,4500,4500,40673.818606964225,0.2772360906453345,0.8985154032707214,-0.00018314205141836798,,,0.0,0.3176439539529383
thr_wing,1,random_pc_ridge,random,,,9,100023,4000,5069,564,4500,4500,40673.818606964225,0.28100194916797566,0.8930754065513611,-0.0001763879415450631,,,0.0,0.39505516085773706
thr_wing,1,random_pc_ridge,random,,,9,100023,4500,5069,564,4500,4500,40673.818606964225,0.2922854325571065,0.8937820792198181,-0.00018200497013894657,,,0.0,0.49657919397577643
thr_wing,1,avggrm_pc_ridge,avggrm,lambda_0,0.0,-1,-1,500,5069,564,4500,4500,40673.818606964225,0.19494812220465585,0.988438069820404,0.0015329148197353241,,0.0015329148197353241,0.00040288595482707024,0.035545255057513714
thr_wing,1,avggrm_pc_ridge,avggrm,lambda_0,0.0,-1,-1,1000,5069,564,4500,4500,40673.818606964225,0.18246396269240886,0.9823014140129089,0.0011391509623697416,,0.0011391509623697416,0.00040288595482707024,0.06339311599731445
thr_wing,1,avggrm_pc_ridge,avggrm,lambda_0,0.0,-1,-1,1500,5069,564,4500,4500,40673.818606964225,0.21626216947764498,0.9726681709289551,0.0008867013663879218,,0.0008867013663879218,0.00040288595482707024,0.11033933702856302
thr_wing,1,avggrm_pc_ridge,avggrm,lambda_0,0.0,-1,-1,2000,5069,564,4500,4500,40673.818606964225,0.2340904626555203,0.9565190672874451,0.0006967580155040702,,0.0006967580155040702,0.00040288595482707024,0.14075388899073005
thr_wing,1,avggrm_pc_ridge,avggrm,lambda_0,0.0,-1,-1,2500,5069,564,4500,4500,40673.818606964225,0.25359724278225637,0.9278581738471985,0.000540659120452327,,0.000540659120452327,0.00040288595482707024,0.1955429189838469
thr_wing,1,avggrm_pc_ridge,avggrm,lambda_0,0.0,-1,-1,3000,5069,564,4500,4500,40673.818606964225,0.25487320189946877,0.9271818399429321,0.0004011469473222487,,0.0004011469473222487,0.00040288595482707024,0.2598610520362854
thr_wing,1,avggrm_pc_ridge,avggrm,lambda_0,0.0,-1,-1,3500,5069,564,4500,4500,40673.818606964225,0.2645234070944438,0.9092769622802734,0.0002705334011740648,,0.0002705334011740648,0.00040288595482707024,0.3112163639161736
thr_wing,1,avggrm_pc_ridge,avggrm,lambda_0,0.0,-1,-1,4000,5069,564,4500,4500,40673.818606964225,0.2690417828865273,0.90160071849823,0.00014229260951206883,,0.00014229260951206883,0.00040288595482707024,0.4010861390270293
thr_wing,1,avggrm_pc_ridge,avggrm,lambda_0,0.0,-1,-1,4500,5069,564,4500,4500,40673.818606964225,0.2765591024765375,0.8955457210540771,8.173141017259252e-06,,8.173141017259252e-06,0.00040288595482707024,0.4976112940348685
thr_wing,1,avggrm_diversity_pc_ridge,avggrm_diversity,lambda_1,1.0,-1,-1,500,5069,564,4500,4500,40673.818606964225,0.1950603895138974,0.9891966581344604,0.00040316226552953904,0.0009525097803996607,-0.0005493475148701217,0.5197549471631646,0.03579931822605431
thr_wing,1,avggrm_diversity_pc_ridge,avggrm_diversity,lambda_1,1.0,-1,-1,1000,5069,564,4500,4500,40673.818606964225,0.22941107812769085,0.949323296546936,0.0003649231699619371,0.00045365743319060074,-8.873426322866362e-05,0.5197549471631646,0.06584456004202366
thr_wing,1,avggrm_diversity_pc_ridge,avggrm_diversity,lambda_1,1.0,-1,-1,1500,5069,564,4500,4500,40673.818606964225,0.2387812576412349,0.9477090835571289,0.0003456143895971134,0.0003156674607396066,2.9946928857506794e-05,0.5197549471631646,0.09568485291674733
thr_wing,1,avggrm_diversity_pc_ridge,avggrm_diversity,lambda_1,1.0,-1,-1,2000,5069,564,4500,4500,40673.818606964225,0.26220157114414266,0.9152331948280334,0.00029351824241411823,0.00022825357666432768,6.526466574979055e-05,0.5197549471631646,0.13126311800442636
thr_wing,1,avggrm_diversity_pc_ridge,avggrm_diversity,lambda_1,1.0,-1,-1,2500,5069,564,4500,4500,40673.818606964225,0.27438789894944593,0.9100914001464844,0.0002456111220519853,0.0001769247450134867,6.868637703849858e-05,0.5197549471631646,0.18502871808595955
thr_wing,1,avggrm_diversity_pc_ridge,avggrm_diversity,lambda_1,1.0,-1,-1,3000,5069,564,4500,4500,40673.818606964225,0.2836813279686607,0.8967759013175964,0.000190804404544455,0.0001350190934975268,5.5785311046928186e-05,0.5197549471631646,0.25125413411296904
thr_wing,1,avggrm_diversity_pc_ridge,avggrm_diversity,lambda_1,1.0,-1,-1,3500,5069,564,4500,4500,40673.818606964225,0.2822527301409158,0.8933329582214355,0.00012935855381441551,0.00010030438652517879,2.9054167289236727e-05,0.5197549471631646,0.3171788628678769
thr_wing,1,avggrm_diversity_pc_ridge,avggrm_diversity,lambda_1,1.0,-1,-1,4000,5069,564,4500,4500,40673.818606964225,0.28226525959496035,0.8876797556877136,5.685186569613483e-05,6.871009260727837e-05,-1.1858226911143542e-05,0.5197549471631646,0.39859387604519725
thr_wing,1,avggrm_diversity_pc_ridge,avggrm_diversity,lambda_1,1.0,-1,-1,4500,5069,564,4500,4500,40673.818606964225,0.2855639941593553,0.8914967775344849,-3.079045061155953e-05,4.1791201548784234e-05,-7.258165216034377e-05,0.5197549471631646,0.5008766921237111
thr_wing,2,full_train_pc_ridge,full_train,,,-1,-1,5069,5069,564,4500,4500,40673.818606964225,0.37734563563361617,0.7879049777984619,-0.00018162233191911125,2.5672818526745394e-05,,0.0,0.7270312178879976
thr_wing,2,random_pc_ridge,random,,,0,200014,500,5069,564,4500,4500,40673.818606964225,0.1701299017115111,0.9572805762290955,-0.0002142584070051849,,,0.0,0.18875108286738396
thr_wing,2,random_pc_ridge,random,,,0,200014,1000,5069,564,4500,4500,40673.818606964225,0.2587083854096889,0.918048620223999,-0.00019953431503911715,,,0.0,0.1785702749621123
thr_wing,2,random_pc_ridge,random,,,0,200014,1500,5069,564,4500,4500,40673.818606964225,0.2787960389479697,0.899364173412323,-0.00021098306674365244,,,0.0,0.2368482688907534
thr_wing,2,random_pc_ridge,random,,,0,200014,2000,5069,564,4500,4500,40673.818606964225,0.2987951800300252,0.8656482100486755,-0.0002077594703882502,,,0.0,0.24845589487813413
thr_wing,2,random_pc_ridge,random,,,0,200014,2500,5069,564,4500,4500,40673.818606964225,0.31819761106807015,0.844877302646637,-0.0001986893170847548,,,0.0,0.19830822618678212
thr_wing,2,random_pc_ridge,random,,,0,200014,3000,5069,564,4500,4500,40673.818606964225,0.34801140433108424,0.8237353563308716,-0.00018850926838967144,,,0.0,0.2515106440987438
thr_wing,2,random_pc_ridge,random,,,0,200014,3500,5069,564,4500,4500,40673.818606964225,0.35602620406676955,0.8177810907363892,-0.00017676751389569361,,,0.0,0.31221516407094896
thr_wing,2,random_pc_ridge,random,,,0,200014,4000,5069,564,4500,4500,40673.818606964225,0.3585711390116302,0.8063374161720276,-0.00017981532381934859,,,0.0,0.3967649049591273
thr_wing,2,random_pc_ridge,random,,,0,200014,4500,5069,564,4500,4500,40673.818606964225,0.35914341093031327,0.8021217584609985,-0.00018166786132870196,,,0.0,0.49761995510198176
thr_wing,2,random_pc_ridge,random,,,1,200015,500,5069,564,4500,4500,40673.818606964225,0.25189602537450745,0.9570202231407166,-0.0002161356300704403,,,0.0,0.036172557156533
thr_wing,2,random_pc_ridge,random,,,1,200015,1000,5069,564,4500,4500,40673.818606964225,0.24798836435176755,0.9442341923713684,-0.00020768746564121522,,,0.0,0.06270529213361442
thr_wing,2,random_pc_ridge,random,,,1,200015,1500,5069,564,4500,4500,40673.818606964225,0.2732493084647028,0.9234965443611145,-0.00019763272806417028,,,0.0,0.12083338294178247
thr_wing,2,random_pc_ridge,random,,,1,200015,2000,5069,564,4500,4500,40673.818606964225,0.2846231810716563,0.9081265330314636,-0.0001980381222995834,,,0.0,0.13921316503547132
thr_wing,2,random_pc_ridge,random,,,1,200015,2500,5069,564,4500,4500,40673.818606964225,0.3013197666242312,0.8719462752342224,-0.00019702858564536478,,,0.0,0.18954601418226957
thr_wing,2,random_pc_ridge,random,,,1,200015,3000,5069,564,4500,4500,40673.818606964225,0.32675602633767753,0.8406854867935181,-0.00020027012988003094,,,0.0,0.24947085208259523
thr_wing,2,random_pc_ridge,random,,,1,200015,3500,5069,564,4500,4500,40673.818606964225,0.3344720096425761,0.81820148229599,-0.00019259631892659643,,,0.0,0.3156367619521916
thr_wing,2,random_pc_ridge,random,,,1,200015,4000,5069,564,4500,4500,40673.818606964225,0.36151110537413544,0.7986446022987366,-0.00019101763726915664,,,0.0,0.39430146804079413
thr_wing,2,random_pc_ridge,random,,,1,200015,4500,5069,564,4500,4500,40673.818606964225,0.3602954576206087,0.7966675162315369,-0.00018751784078986772,,,0.0,0.49854811397381127
thr_wing,2,random_pc_ridge,random,,,2,200016,500,5069,564,4500,4500,40673.818606964225,0.18329302035038592,0.9560671448707581,-0.00012456671156556596,,,0.0,0.036490970058366656
thr_wing,2,random_pc_ridge,random,,,2,200016,1000,5069,564,4500,4500,40673.818606964225,0.2207050312390522,0.913384199142456,-0.0001620729237456175,,,0.0,0.06355607183650136
thr_wing,2,random_pc_ridge,random,,,2,200016,1500,5069,564,4500,4500,40673.818606964225,0.26073709719846555,0.8931415677070618,-0.00016497301482220356,,,0.0,0.1038600190076977
thr_wing,2,random_pc_ridge,random,,,2,200016,2000,5069,564,4500,4500,40673.818606964225,0.2832977600154094,0.8746885657310486,-0.0001704883525563652,,,0.0,0.13816606299951673
thr_wing,2,random_pc_ridge,random,,,2,200016,2500,5069,564,4500,4500,40673.818606964225,0.2875770527771999,0.8543893098831177,-0.00017258305301755283,,,0.0,0.19657654711045325
thr_wing,2,random_pc_ridge,random,,,2,200016,3000,5069,564,4500,4500,40673.818606964225,0.31963291854463727,0.8321788311004639,-0.00017134514840732616,,,0.0,0.2548544309101999
thr_wing,2,random_pc_ridge,random,,,2,200016,3500,5069,564,4500,4500,40673.818606964225,0.3300755830785599,0.8297814726829529,-0.00017877856582340084,,,0.0,0.3125075788702816
thr_wing,2,random_pc_ridge,random,,,2,200016,4000,5069,564,4500,4500,40673.818606964225,0.3464249331292592,0.822546124458313,-0.000181155418888723,,,0.0,0.39453611988574266
thr_wing,2,random_pc_ridge,random,,,2,200016,4500,5069,564,4500,4500,40673.818606964225,0.36580718928798905,0.7974938154220581,-0.00018193979990409627,,,0.0,0.49980882299132645
thr_wing,2,random_pc_ridge,random,,,3,200017,500,5069,564,4500,4500,40673.818606964225,0.15200506453054413,0.9719184041023254,-0.00018709173425611691,,,0.0,0.03596366802230477
thr_wing,2,random_pc_ridge,random,,,3,200017,1000,5069,564,4500,4500,40673.818606964225,0.20533719600629222,0.9377128481864929,-0.0001844532136002443,,,0.0,0.06332179298624396
thr_wing,2,random_pc_ridge,random,,,3,200017,1500,5069,564,4500,4500,40673.818606964225,0.23078519817728904,0.917326807975769,-0.000181346894291674,,,0.0,0.09437711513601243
thr_wing,2,random_pc_ridge,random,,,3,200017,2000,5069,564,4500,4500,40673.818606964225,0.25439314854827755,0.8959549069404602,-0.00018855346859307677,,,0.0,0.15372875006869435
thr_wing,2,random_pc_ridge,random,,,3,200017,2500,5069,564,4500,4500,40673.818606964225,0.2923993224049475,0.8715177178382874,-0.0001983015196194498,,,0.0,0.1885105341207236
thr_wing,2,random_pc_ridge,random,,,3,200017,3000,5069,564,4500,4500,40673.818606964225,0.316210101311996,0.8549055457115173,-0.00019489414513248836,,,0.0,0.257839327910915
thr_wing,2,random_pc_ridge,random,,,3,200017,3500,5069,564,4500,4500,40673.818606964225,0.34625416280245935,0.8354538679122925,-0.00019232380391190302,,,0.0,0.3120838578324765
thr_wing,2,random_pc_ridge,random,,,3,200017,4000,5069,564,4500,4500,40673.818606964225,0.36077849737758927,0.8296067714691162,-0.00018174562916995428,,,0.0,0.3981229590717703
thr_wing,2,random_pc_ridge,random,,,3,200017,4500,5069,564,4500,4500,40673.818606964225,0.36833143466944934,0.8070592284202576,-0.00017446885608775873,,,0.0,0.50034263683483
thr_wing,2,random_pc_ridge,random,,,4,200018,500,5069,564,4500,4500,40673.818606964225,0.2435140842159545,0.9389621615409851,-0.00018012103878034438,,,0.0,0.037160833831876516
thr_wing,2,random_pc_ridge,random,,,4,200018,1000,5069,564,4500,4500,40673.818606964225,0.25110910462199093,0.9122896790504456,-0.00013134708910431662,,,0.0,0.06643500085920095
thr_wing,2,random_pc_ridge,random,,,4,200018,1500,5069,564,4500,4500,40673.818606964225,0.30159278023295966,0.8781954646110535,-0.00014933605616001026,,,0.0,0.1218272689729929
thr_wing,2,random_pc_ridge,random,,,4,200018,2000,5069,564,4500,4500,40673.818606964225,0.3263059834462072,0.8504188060760498,-0.0001594830850664491,,,0.0,0.1392547539435327
thr_wing,2,random_pc_ridge,random,,,4,200018,2500,5069,564,4500,4500,40673.818606964225,0.31978464171492965,0.8431895971298218,-0.0001542697164144471,,,0.0,0.19350977381691337
thr_wing,2,random_pc_ridge,random,,,4,200018,3000,5069,564,4500,4500,40673.818606964225,0.3331647313091434,0.8255826830863953,-0.00015782701260697854,,,0.0,0.2464766709599644
thr_wing,2,random_pc_ridge,random,,,4,200018,3500,5069,564,4500,4500,40673.818606964225,0.36629049855527146,0.7989145517349243,-0.00016477978756202757,,,0.0,0.31626819213852286
thr_wing,2,random_pc_ridge,random,,,4,200018,4000,5069,564,4500,4500,40673.818606964225,0.36322989814549506,0.7967562675476074,-0.00016947954243613325,,,0.0,0.39787901006639004
thr_wing,2,random_pc_ridge,random,,,4,200018,4500,5069,564,4500,4500,40673.818606964225,0.37255319633046674,0.7869089245796204,-0.00017178435187512614,,,0.0,0.4980172892101109
thr_wing,2,random_pc_ridge,random,,,5,200019,500,5069,564,4500,4500,40673.818606964225,0.1764322468028986,0.9720134139060974,-0.00016783902087926655,,,0.0,0.03560043894685805
thr_wing,2,random_pc_ridge,random,,,5,200019,1000,5069,564,4500,4500,40673.818606964225,0.258375027171274,0.9081523418426514,-0.0001864381089396296,,,0.0,0.0637703558895737
thr_wing,2,random_pc_ridge,random,,,5,200019,1500,5069,564,4500,4500,40673.818606964225,0.26641278870583746,0.8888911008834839,-0.00018536328166263472,,,0.0,0.09362953202798963
thr_wing,2,random_pc_ridge,random,,,5,200019,2000,5069,564,4500,4500,40673.818606964225,0.3164994255896483,0.8664162158966064,-0.00018534525207240465,,,0.0,0.13528265594504774
thr_wing,2,random_pc_ridge,random,,,5,200019,2500,5069,564,4500,4500,40673.818606964225,0.33391716692005285,0.8475924134254456,-0.00018294785487003623,,,0.0,0.19572280906140804
thr_wing,2,random_pc_ridge,random,,,5,200019,3000,5069,564,4500,4500,40673.818606964225,0.36591336242153727,0.8320833444595337,-0.00017567215632613602,,,0.0,0.2516757999546826
thr_wing,2,random_pc_ridge,random,,,5,200019,3500,5069,564,4500,4500,40673.818606964225,0.3763558342954664,0.8158411383628845,-0.000178504691685809,,,0.0,0.3150764547754079
thr_wing,2,random_pc_ridge,random,,,5,200019,4000,5069,564,4500,4500,40673.818606964225,0.39309439565867094,0.804301381111145,-0.00017395700374377303,,,0.0,0.39524398697540164
thr_wing,2,random_pc_ridge,random,,,5,200019,4500,5069,564,4500,4500,40673.818606964225,0.3770525277303475,0.803483784198761,-0.0001784550206157431,,,0.0,0.4977174140512943
thr_wing,2,random_pc_ridge,random,,,6,200020,500,5069,564,4500,4500,40673.818606964225,0.2143928723212213,0.97288578748703,-0.00023131134050952525,,,0.0,0.03572372905910015
thr_wing,2,random_pc_ridge,random,,,6,200020,1000,5069,564,4500,4500,40673.818606964225,0.2900319307088169,0.9432834982872009,-0.00023586914993038006,,,0.0,0.06554395006969571
thr_wing,2,random_pc_ridge,random,,,6,200020,1500,5069,564,4500,4500,40673.818606964225,0.3077498658903818,0.8991696238517761,-0.00020728962113479314,,,0.0,0.09195829299278557
thr_wing,2,random_pc_ridge,random,,,6,200020,2000,5069,564,4500,4500,40673.818606964225,0.3366421919234033,0.8685058355331421,-0.0001927736956613211,,,0.0,0.14413625397719443
thr_wing,2,random_pc_ridge,random,,,6,200020,2500,5069,564,4500,4500,40673.818606964225,0.3381521734693653,0.8502219319343567,-0.00019051910912868807,,,0.0,0.19451563921757042
thr_wing,2,random_pc_ridge,random,,,6,200020,3000,5069,564,4500,4500,40673.818606964225,0.3611759675979776,0.8301289081573486,-0.00018417716395472956,,,0.0,0.2558268350549042
thr_wing,2,random_pc_ridge,random,,,6,200020,3500,5069,564,4500,4500,40673.818606964225,0.3539338922689658,0.8238193988800049,-0.00019159918902779622,,,0.0,0.31208177190274
thr_wing,2,random_pc_ridge,random,,,6,200020,4000,5069,564,4500,4500,40673.818606964225,0.3785318841266235,0.8033933043479919,-0.00018829169776791681,,,0.0,0.3925834291148931
thr_wing,2,random_pc_ridge,random,,,6,200020,4500,5069,564,4500,4500,40673.818606964225,0.3811016883112985,0.7972007989883423,-0.00018113302342356958,,,0.0,0.498687757877633
thr_wing,2,random_pc_ridge,random,,,7,200021,500,5069,564,4500,4500,40673.818606964225,0.19555816305498286,0.9604567885398865,-0.00018428226340013053,,,0.0,0.035413938807323575
thr_wing,2,random_pc_ridge,random,,,7,200021,1000,5069,564,4500,4500,40673.818606964225,0.22106654808902165,0.9223204255104065,-0.0001585945402598775,,,0.0,0.06538303312845528
thr_wing,2,random_pc_ridge,random,,,7,200021,1500,5069,564,4500,4500,40673.818606964225,0.24647952869768866,0.9080561399459839,-0.00016749979016490453,,,0.0,0.10184012399986386
thr_wing,2,random_pc_ridge,random,,,7,200021,2000,5069,564,4500,4500,40673.818606964225,0.24952625360026381,0.8913355469703674,-0.00016893278896800467,,,0.0,0.15321195218712091
thr_wing,2,random_pc_ridge,random,,,7,200021,2500,5069,564,4500,4500,40673.818606964225,0.2717990394575928,0.8742501139640808,-0.00016931630747464395,,,0.0,0.19654057687148452
thr_wing,2,random_pc_ridge,random,,,7,200021,3000,5069,564,4500,4500,40673.818606964225,0.2953586926160273,0.8555324673652649,-0.00017725551403422713,,,0.0,0.251444541150704
thr_wing,2,random_pc_ridge,random,,,7,200021,3500,5069,564,4500,4500,40673.818606964225,0.31894887616296524,0.8406680822372437,-0.00018213344986862858,,,0.0,0.3145680658053607
thr_wing,2,random_pc_ridge,random,,,7,200021,4000,5069,564,4500,4500,40673.818606964225,0.3574919102265657,0.8098127245903015,-0.00018251851122014185,,,0.0,0.39610635209828615
thr_wing,2,random_pc_ridge,random,,,7,200021,4500,5069,564,4500,4500,40673.818606964225,0.3578227924932473,0.8016965985298157,-0.00018024007047773527,,,0.0,0.5014356730971485
thr_wing,2,random_pc_ridge,random,,,8,200022,500,5069,564,4500,4500,40673.818606964225,0.2358044626202053,0.9443690776824951,-0.00018249300655040292,,,0.0,0.036141125950962305
thr_wing,2,random_pc_ridge,random,,,8,200022,1000,5069,564,4500,4500,40673.818606964225,0.2696074680026534,0.9136900305747986,-0.00017655818560608188,,,0.0,0.06332071195356548
thr_wing,2,random_pc_ridge,random,,,8,200022,1500,5069,564,4500,4500,40673.818606964225,0.26345495647232325,0.911446213722229,-0.00019004331342217836,,,0.0,0.09360367804765701
thr_wing,2,random_pc_ridge,random,,,8,200022,2000,5069,564,4500,4500,40673.818606964225,0.2778749307396199,0.8957678079605103,-0.0001948693369799111,,,0.0,0.13428328419104218
thr_wing,2,random_pc_ridge,random,,,8,200022,2500,5069,564,4500,4500,40673.818606964225,0.27591125392949634,0.8869863748550415,-0.00019045203092195448,,,0.0,0.18516621901653707
thr_wing,2,random_pc_ridge,random,,,8,200022,3000,5069,564,4500,4500,40673.818606964225,0.2955359860380726,0.867919385433197,-0.00018450301307940275,,,0.0,0.25008012098260224
thr_wing,2,random_pc_ridge,random,,,8,200022,3500,5069,564,4500,4500,40673.818606964225,0.30354149870208913,0.854223906993866,-0.00018125554099057304,,,0.0,0.3136697218287736
thr_wing,2,random_pc_ridge,random,,,8,200022,4000,5069,564,4500,4500,40673.818606964225,0.3516117274044823,0.819881021976471,-0.00018053854948228327,,,0.0,0.3999693738296628
thr_wing,2,random_pc_ridge,random,,,8,200022,4500,5069,564,4500,4500,40673.818606964225,0.36121138424783616,0.8016365766525269,-0.00017887924558012701,,,0.0,0.4977128079626709
thr_wing,2,random_pc_ridge,random,,,9,200023,500,5069,564,4500,4500,40673.818606964225,0.1665173585147755,0.9664934277534485,-0.00017140374249390274,,,0.0,0.0357221148442477
thr_wing,2,random_pc_ridge,random,,,9,200023,1000,5069,564,4500,4500,40673.818606964225,0.22115455461105424,0.9410620927810669,-0.00019599688535530308,,,0.0,0.0654321969486773
thr_wing,2,random_pc_ridge,random,,,9,200023,1500,5069,564,4500,4500,40673.818606964225,0.2594474480199087,0.8976878523826599,-0.00019619364504336152,,,0.0,0.09202057286165655
thr_wing,2,random_pc_ridge,random,,,9,200023,2000,5069,564,4500,4500,40673.818606964225,0.28330067424681493,0.8789812326431274,-0.00016728698187322067,,,0.0,0.14108727499842644
thr_wing,2,random_pc_ridge,random,,,9,200023,2500,5069,564,4500,4500,40673.818606964225,0.3022803419623888,0.862291157245636,-0.0001745790881880799,,,0.0,0.18850595108233392
thr_wing,2,random_pc_ridge,random,,,9,200023,3000,5069,564,4500,4500,40673.818606964225,0.33266602341952745,0.8331706523895264,-0.0001759213892343706,,,0.0,0.25162223586812615
thr_wing,2,random_pc_ridge,random,,,9,200023,3500,5069,564,4500,4500,40673.818606964225,0.34628188012276795,0.823826789855957,-0.00018125072639284067,,,0.0,0.31437444197945297
thr_wing,2,random_pc_ridge,random,,,9,200023,4000,5069,564,4500,4500,40673.818606964225,0.3553373437251437,0.8097654581069946,-0.000179896253314296,,,0.0,0.3942396040074527
thr_wing,2,random_pc_ridge,random,,,9,200023,4500,5069,564,4500,4500,40673.818606964225,0.36851158523091465,0.7980499267578125,-0.0001800750958200752,,,0.0,0.5011877580545843
thr_wing,2,avggrm_pc_ridge,avggrm,lambda_0,0.0,-1,-1,500,5069,564,4500,4500,40673.818606964225,0.2584144636441819,0.9346421957015991,0.0014396975057586483,,0.0014396975057586483,0.00032591819763183594,0.03603079495951533
thr_wing,2,avggrm_pc_ridge,avggrm,lambda_0,0.0,-1,-1,1000,5069,564,4500,4500,40673.818606964225,0.29443969700858397,0.8889287114143372,0.0010598748032931652,,0.0010598748032931652,0.00032591819763183594,0.06333057209849358
thr_wing,2,avggrm_pc_ridge,avggrm,lambda_0,0.0,-1,-1,1500,5069,564,4500,4500,40673.818606964225,0.30664075934463375,0.8607245087623596,0.0008192271713448444,,0.0008192271713448444,0.00032591819763183594,0.10946483700536191
thr_wing,2,avggrm_pc_ridge,avggrm,lambda_0,0.0,-1,-1,2000,5069,564,4500,4500,40673.818606964225,0.3267216214585702,0.8483704924583435,0.0006378831712996244,,0.0006378831712996244,0.00032591819763183594,0.14372619800269604
thr_wing,2,avggrm_pc_ridge,avggrm,lambda_0,0.0,-1,-1,2500,5069,564,4500,4500,40673.818606964225,0.34102477654910923,0.8337200880050659,0.000490403774013608,,0.000490403774013608,0.00032591819763183594,0.19343494111672044
thr_wing,2,avggrm_pc_ridge,avggrm,lambda_0,0.0,-1,-1,3000,5069,564,4500,4500,40673.818606964225,0.3425032614489484,0.8149851560592651,0.00036285327010548074,,0.00036285327010548074,0.00032591819763183594,0.24858558410778642
thr_wing,2,avggrm_pc_ridge,avggrm,lambda_0,0.0,-1,-1,3500,5069,564,4500,4500,40673.818606964225,0.3457278446713292,0.8102908134460449,0.00024480671471811117,,0.00024480671471811117,0.00032591819763183594,0.31513291015289724
thr_wing,2,avggrm_pc_ridge,avggrm,lambda_0,0.0,-1,-1,4000,5069,564,4500,4500,40673.818606964225,0.3719270144243909,0.7958466410636902,0.0001285859391277313,,0.0001285859391277313,0.00032591819763183594,0.3922812379896641
thr_wing,2,avggrm_pc_ridge,avggrm,lambda_0,0.0,-1,-1,4500,5069,564,4500,4500,40673.818606964225,0.37917624599948624,0.7878351807594299,3.7495447634604913e-06,,3.7495447634604913e-06,0.00032591819763183594,0.499740936094895
thr_wing,2,avggrm_diversity_pc_ridge,avggrm_diversity,lambda_1,1.0,-1,-1,500,5069,564,4500,4500,40673.818606964225,0.2514513835629992,0.920342743396759,0.00039926295015373266,0.0009466591788610461,-0.0005473962287073134,0.5259051378816366,0.03568835090845823
thr_wing,2,avggrm_diversity_pc_ridge,avggrm_diversity,lambda_1,1.0,-1,-1,1000,5069,564,4500,4500,40673.818606964225,0.28644777746503836,0.8764182925224304,0.0003668175877893603,0.0004496606533287225,-8.284306553936222e-05,0.5259051378816366,0.0658350819721818
thr_wing,2,avggrm_diversity_pc_ridge,avggrm_diversity,lambda_1,1.0,-1,-1,1500,5069,564,4500,4500,40673.818606964225,0.325624713561605,0.8529248833656311,0.00033665060426751214,0.0003060700403280144,3.058056393949774e-05,0.5259051378816366,0.11044811410829425
thr_wing,2,avggrm_diversity_pc_ridge,avggrm_diversity,lambda_1,1.0,-1,-1,2000,5069,564,4500,4500,40673.818606964225,0.34385495631848845,0.8267977833747864,0.00029482079617040044,0.0002314867595270283,6.333403664337213e-05,0.5259051378816366,0.1446363660506904
thr_wing,2,avggrm_diversity_pc_ridge,avggrm_diversity,lambda_1,1.0,-1,-1,2500,5069,564,4500,4500,40673.818606964225,0.3623705413647322,0.8191146850585938,0.00023843272603670535,0.00017209781199402176,6.633491404268359e-05,0.5259051378816366,0.19656713609583676
thr_wing,2,avggrm_diversity_pc_ridge,avggrm_diversity,lambda_1,1.0,-1,-1,3000,5069,564,4500,4500,40673.818606964225,0.3720562634231328,0.8057116270065308,0.000180930810845877,0.00012984228439193613,5.1088526453940876e-05,0.5259051378816366,0.26131288707256317
thr_wing,2,avggrm_diversity_pc_ridge,avggrm_diversity,lambda_1,1.0,-1,-1,3500,5069,564,4500,4500,40673.818606964225,0.37245820738508373,0.8022425174713135,0.00011920793429121889,9.646839709793242e-05,2.2739537193286477e-05,0.5259051378816366,0.3144656450022012
thr_wing,2,avggrm_diversity_pc_ridge,avggrm_diversity,lambda_1,1.0,-1,-1,4000,5069,564,4500,4500,40673.818606964225,0.3822355309354642,0.7970028519630432,4.7024494973944924e-05,6.609227689823906e-05,-1.906778192429413e-05,0.5259051378816366,0.3943004850298166
thr_wing,2,avggrm_diversity_pc_ridge,avggrm_diversity,lambda_1,1.0,-1,-1,4500,5069,564,4500,4500,40673.818606964225,0.38201836052424093,0.7916325330734253,-3.709995559488462e-05,4.150192999426015e-05,-7.860188558914477e-05,0.5259051378816366,0.49678765004500747
thr_wing,3,full_train_pc_ridge,full_train,,,-1,-1,5069,5069,564,4500,4500,40673.818606964225,0.3413402565305518,0.9206802845001221,-0.00016827441544216515,2.3754423190204007e-05,,0.0,0.5250679780729115
thr_wing,3,random_pc_ridge,random,,,0,300014,500,5069,564,4500,4500,40673.818606964225,0.20321425469915622,1.0941131114959717,-0.00020910016022434035,,,0.0,0.03641664609313011
thr_wing,3,random_pc_ridge,random,,,0,300014,1000,5069,564,4500,4500,40673.818606964225,0.1993830722295031,1.0896176099777222,-0.00018050358959600233,,,0.0,0.06464385008439422
thr_wing,3,random_pc_ridge,random,,,0,300014,1500,5069,564,4500,4500,40673.818606964225,0.2537409630261668,1.0438662767410278,-0.00018039069517319833,,,0.0,0.10866945795714855
thr_wing,3,random_pc_ridge,random,,,0,300014,2000,5069,564,4500,4500,40673.818606964225,0.2614910454145616,1.025674819946289,-0.00017622288869419988,,,0.0,0.13751258002594113
thr_wing,3,random_pc_ridge,random,,,0,300014,2500,5069,564,4500,4500,40673.818606964225,0.28318793797868186,1.0017458200454712,-0.0001782256255615855,,,0.0,0.19545226893387735
thr_wing,3,random_pc_ridge,random,,,0,300014,3000,5069,564,4500,4500,40673.818606964225,0.2871429570950461,0.983886182308197,-0.00018518643860721885,,,0.0,0.25056416913866997
thr_wing,3,random_pc_ridge,random,,,0,300014,3500,5069,564,4500,4500,40673.818606964225,0.29620462789836965,0.972540557384491,-0.00018191823997631116,,,0.0,0.3178629227913916
thr_wing,3,random_pc_ridge,random,,,0,300014,4000,5069,564,4500,4500,40673.818606964225,0.32046398752866245,0.9503846764564514,-0.00017379520386867685,,,0.0,0.3966514200437814
thr_wing,3,random_pc_ridge,random,,,0,300014,4500,5069,564,4500,4500,40673.818606964225,0.3340281960806637,0.9347622990608215,-0.00017653484929154416,,,0.0,0.49736869405023754
thr_wing,3,random_pc_ridge,random,,,1,300015,500,5069,564,4500,4500,40673.818606964225,0.20519162034264274,1.0804730653762817,-0.0001441564221877169,,,0.0,0.03618474001996219
thr_wing,3,random_pc_ridge,random,,,1,300015,1000,5069,564,4500,4500,40673.818606964225,0.23949133355872992,1.0447074174880981,-0.00015212935700399682,,,0.0,0.06233783601783216
thr_wing,3,random_pc_ridge,random,,,1,300015,1500,5069,564,4500,4500,40673.818606964225,0.24581690204131101,1.025935411453247,-0.000162733094669858,,,0.0,0.09250025707297027
thr_wing,3,random_pc_ridge,random,,,1,300015,2000,5069,564,4500,4500,40673.818606964225,0.23154337371726919,1.0154505968093872,-0.00015916715076191306,,,0.0,0.13558302586898208
thr_wing,3,random_pc_ridge,random,,,1,300015,2500,5069,564,4500,4500,40673.818606964225,0.22733693938761607,1.0010720491409302,-0.00016308930447195212,,,0.0,0.19551484799012542
thr_wing,3,random_pc_ridge,random,,,1,300015,3000,5069,564,4500,4500,40673.818606964225,0.27360229594402674,0.9715394377708435,-0.00016647706312525546,,,0.0,0.2454288329463452
thr_wing,3,random_pc_ridge,random,,,1,300015,3500,5069,564,4500,4500,40673.818606964225,0.29328930505330625,0.9559908509254456,-0.00017164816931539097,,,0.0,0.31759080314077437
thr_wing,3,random_pc_ridge,random,,,1,300015,4000,5069,564,4500,4500,40673.818606964225,0.3158556507281982,0.9379857778549194,-0.00016950504636851138,,,0.0,0.39386650593951344
thr_wing,3,random_pc_ridge,random,,,1,300015,4500,5069,564,4500,4500,40673.818606964225,0.33863447917532963,0.9255767464637756,-0.00017207380938627983,,,0.0,0.4980939931701869
thr_wing,3,random_pc_ridge,random,,,2,300016,500,5069,564,4500,4500,40673.818606964225,0.1165447566997596,1.1147675514221191,-0.0001705754146203986,,,0.0,0.03650429402478039
thr_wing,3,random_pc_ridge,random,,,2,300016,1000,5069,564,4500,4500,40673.818606964225,0.19499713291556575,1.0611141920089722,-0.00017605635789705627,,,0.0,0.06452249479480088
thr_wing,3,random_pc_ridge,random,,,2,300016,1500,5069,564,4500,4500,40673.818606964225,0.22544944737746878,1.0164636373519897,-0.00016172522103941842,,,0.0,0.10185198509134352
thr_wing,3,random_pc_ridge,random,,,2,300016,2000,5069,564,4500,4500,40673.818606964225,0.265035803688637,0.9773286581039429,-0.00016662118268161613,,,0.0,0.14325509686022997
thr_wing,3,random_pc_ridge,random,,,2,300016,2500,5069,564,4500,4500,40673.818606964225,0.30395876462552984,0.9533500075340271,-0.00017300697445614283,,,0.0,0.19649563683196902
thr_wing,3,random_pc_ridge,random,,,2,300016,3000,5069,564,4500,4500,40673.818606964225,0.3072016740591315,0.950907289981842,-0.00017345571189798987,,,0.0,0.24547747801989317
thr_wing,3,random_pc_ridge,random,,,2,300016,3500,5069,564,4500,4500,40673.818606964225,0.33143554018143456,0.9217100739479065,-0.00017333692590454995,,,0.0,0.3139662609901279
thr_wing,3,random_pc_ridge,random,,,2,300016,4000,5069,564,4500,4500,40673.818606964225,0.3446758248996436,0.9190285205841064,-0.00017573625009942138,,,0.0,0.39516678801737726
thr_wing,3,random_pc_ridge,random,,,2,300016,4500,5069,564,4500,4500,40673.818606964225,0.32914003293397803,0.9326772689819336,-0.0001728860684322818,,,0.0,0.4955597629304975
thr_wing,3,random_pc_ridge,random,,,3,300017,500,5069,564,4500,4500,40673.818606964225,0.11173675805027362,1.097519874572754,-0.0001787306413839842,,,0.0,0.03644464095123112
thr_wing,3,random_pc_ridge,random,,,3,300017,1000,5069,564,4500,4500,40673.818606964225,0.2170953875990005,1.0796573162078857,-0.00015918674864579425,,,0.0,0.06337793194688857
thr_wing,3,random_pc_ridge,random,,,3,300017,1500,5069,564,4500,4500,40673.818606964225,0.2607443300575549,1.03562593460083,-0.00017689019425678605,,,0.0,0.10942709189839661
thr_wing,3,random_pc_ridge,random,,,3,300017,2000,5069,564,4500,4500,40673.818606964225,0.2914870112778256,1.009210467338562,-0.00017175081038978696,,,0.0,0.1476667260285467
thr_wing,3,random_pc_ridge,random,,,3,300017,2500,5069,564,4500,4500,40673.818606964225,0.28499086445434224,0.9947842955589294,-0.00017300166512778512,,,0.0,0.19751313887536526
thr_wing,3,random_pc_ridge,random,,,3,300017,3000,5069,564,4500,4500,40673.818606964225,0.31804477545591725,0.9685225486755371,-0.00016975044084285902,,,0.0,0.25059066503308713
thr_wing,3,random_pc_ridge,random,,,3,300017,3500,5069,564,4500,4500,40673.818606964225,0.31606974508623076,0.9647654294967651,-0.00017197632127488095,,,0.0,0.31736619188450277
thr_wing,3,random_pc_ridge,random,,,3,300017,4000,5069,564,4500,4500,40673.818606964225,0.3284614051948867,0.949683666229248,-0.0001730842655073998,,,0.0,0.3956700910348445
thr_wing,3,random_pc_ridge,random,,,3,300017,4500,5069,564,4500,4500,40673.818606964225,0.3242314695737448,0.9333924651145935,-0.00017918538516559072,,,0.0,0.4947212119586766
thr_wing,3,random_pc_ridge,random,,,4,300018,500,5069,564,4500,4500,40673.818606964225,0.18780565177919017,1.1140798330307007,-0.00019967106815146766,,,0.0,0.03700904711149633
thr_wing,3,random_pc_ridge,random,,,4,300018,1000,5069,564,4500,4500,40673.818606964225,0.18473973867848387,1.0954153537750244,-0.0001731128693824557,,,0.0,0.06866472586989403
thr_wing,3,random_pc_ridge,random,,,4,300018,1500,5069,564,4500,4500,40673.818606964225,0.2254858229916877,1.0530567169189453,-0.00017460820573446853,,,0.0,0.10641489503905177
thr_wing,3,random_pc_ridge,random,,,4,300018,2000,5069,564,4500,4500,40673.818606964225,0.27094966512685714,1.0154085159301758,-0.00017119125409537672,,,0.0,0.13660275982692838
thr_wing,3,random_pc_ridge,random,,,4,300018,2500,5069,564,4500,4500,40673.818606964225,0.31501323699685235,0.9763088226318359,-0.00017615541257955152,,,0.0,0.19457394699566066
thr_wing,3,random_pc_ridge,random,,,4,300018,3000,5069,564,4500,4500,40673.818606964225,0.31394144296329024,0.9777191281318665,-0.00018279107320031185,,,0.0,0.2486729808151722
thr_wing,3,random_pc_ridge,random,,,4,300018,3500,5069,564,4500,4500,40673.818606964225,0.3209272072300135,0.9577169418334961,-0.00016785759278034116,,,0.0,0.31695475592277944
thr_wing,3,random_pc_ridge,random,,,4,300018,4000,5069,564,4500,4500,40673.818606964225,0.32892062333462324,0.9422921538352966,-0.00017694647272304754,,,0.0,0.39537524501793087
thr_wing,3,random_pc_ridge,random,,,4,300018,4500,5069,564,4500,4500,40673.818606964225,0.3312819532885097,0.9355020523071289,-0.00017399930531320428,,,0.0,0.49595756991766393
thr_wing,3,random_pc_ridge,random,,,5,300019,500,5069,564,4500,4500,40673.818606964225,0.10128738013395962,1.150880217552185,-0.0001846425691805044,,,0.0,0.036562224850058556
thr_wing,3,random_pc_ridge,random,,,5,300019,1000,5069,564,4500,4500,40673.818606964225,0.16136674094994635,1.1155047416687012,-0.00021392344853728745,,,0.0,0.06550294696353376
thr_wing,3,random_pc_ridge,random,,,5,300019,1500,5069,564,4500,4500,40673.818606964225,0.2032035541069019,1.0821064710617065,-0.00019772433412289402,,,0.0,0.10747778788208961
thr_wing,3,random_pc_ridge,random,,,5,300019,2000,5069,564,4500,4500,40673.818606964225,0.26544764687480876,1.0251449346542358,-0.00018360637001168517,,,0.0,0.13651187112554908
thr_wing,3,random_pc_ridge,random,,,5,300019,2500,5069,564,4500,4500,40673.818606964225,0.2856804206450266,0.9990206360816956,-0.00017243512661659286,,,0.0,0.19560353993438184
thr_wing,3,random_pc_ridge,random,,,5,300019,3000,5069,564,4500,4500,40673.818606964225,0.29176525355482064,0.9896820187568665,-0.00017504868341138897,,,0.0,0.25059082289226353
thr_wing,3,random_pc_ridge,random,,,5,300019,3500,5069,564,4500,4500,40673.818606964225,0.30188408964157026,0.9727175831794739,-0.00017054917337647895,,,0.0,0.3115470639895648
thr_wing,3,random_pc_ridge,random,,,5,300019,4000,5069,564,4500,4500,40673.818606964225,0.326595756485856,0.9587821960449219,-0.00016705991084893832,,,0.0,0.392298816004768
thr_wing,3,random_pc_ridge,random,,,5,300019,4500,5069,564,4500,4500,40673.818606964225,0.32849993106174963,0.9459601044654846,-0.00016484142497573095,,,0.0,0.4991042511537671
thr_wing,3,random_pc_ridge,random,,,6,300020,500,5069,564,4500,4500,40673.818606964225,0.12766752011111263,1.1373214721679688,-0.00016608700075288073,,,0.0,0.03613185393624008
thr_wing,3,random_pc_ridge,random,,,6,300020,1000,5069,564,4500,4500,40673.818606964225,0.22935170503760646,1.08173668384552,-0.00017360558571796454,,,0.0,0.06532253418117762
thr_wing,3,random_pc_ridge,random,,,6,300020,1500,5069,564,4500,4500,40673.818606964225,0.28666245124006184,1.0220907926559448,-0.00016703867014879366,,,0.0,0.11486918083392084
thr_wing,3,random_pc_ridge,random,,,6,300020,2000,5069,564,4500,4500,40673.818606964225,0.31548730618171583,1.0057754516601562,-0.0001701092970860261,,,0.0,0.1552098689135164
thr_wing,3,random_pc_ridge,random,,,6,300020,2500,5069,564,4500,4500,40673.818606964225,0.30683899302681733,0.9941244125366211,-0.0001567313770534844,,,0.0,0.19947967608459294
thr_wing,3,random_pc_ridge,random,,,6,300020,3000,5069,564,4500,4500,40673.818606964225,0.2983224786195725,0.9816811084747314,-0.00016002311384480405,,,0.0,0.2475184730719775
thr_wing,3,random_pc_ridge,random,,,6,300020,3500,5069,564,4500,4500,40673.818606964225,0.30912942547772937,0.966183066368103,-0.00016702039450685208,,,0.0,0.3138014159630984
thr_wing,3,random_pc_ridge,random,,,6,300020,4000,5069,564,4500,4500,40673.818606964225,0.32404641916787486,0.9453321695327759,-0.00016697245274358282,,,0.0,0.39336354518309236
thr_wing,3,random_pc_ridge,random,,,6,300020,4500,5069,564,4500,4500,40673.818606964225,0.33551619970229096,0.9384207129478455,-0.00016408665944127828,,,0.0,0.4985995879396796
thr_wing,3,random_pc_ridge,random,,,7,300021,500,5069,564,4500,4500,40673.818606964225,0.1244266371960955,1.1120564937591553,-0.0002106089187258276,,,0.0,0.03642363008111715
thr_wing,3,random_pc_ridge,random,,,7,300021,1000,5069,564,4500,4500,40673.818606964225,0.20249973477589597,1.0822358131408691,-0.00015849677475278845,,,0.0,0.06330406689085066
thr_wing,3,random_pc_ridge,random,,,7,300021,1500,5069,564,4500,4500,40673.818606964225,0.21064975290721832,1.0724879503250122,-0.00014188610854269925,,,0.0,0.10934540606103837
thr_wing,3,random_pc_ridge,random,,,7,300021,2000,5069,564,4500,4500,40673.818606964225,0.2487358400994252,1.047898292541504,-0.00014314063761535699,,,0.0,0.13874763785861433
thr_wing,3,random_pc_ridge,random,,,7,300021,2500,5069,564,4500,4500,40673.818606964225,0.2789916603564879,1.0221610069274902,-0.00015387176292167254,,,0.0,0.19753522402606905
thr_wing,3,random_pc_ridge,random,,,7,300021,3000,5069,564,4500,4500,40673.818606964225,0.3053816325677152,0.98905348777771,-0.00016232569056064168,,,0.0,0.2505162500310689
thr_wing,3,random_pc_ridge,random,,,7,300021,3500,5069,564,4500,4500,40673.818606964225,0.31311979341513235,0.9725934863090515,-0.0001615302403154185,,,0.0,0.3174137140158564
thr_wing,3,random_pc_ridge,random,,,7,300021,4000,5069,564,4500,4500,40673.818606964225,0.3325973814611472,0.9478791356086731,-0.00016422319548755566,,,0.0,0.3976488960906863
thr_wing,3,random_pc_ridge,random,,,7,300021,4500,5069,564,4500,4500,40673.818606964225,0.345236981187593,0.9301801323890686,-0.00017284286239156063,,,0.0,0.49960158206522465
thr_wing,3,random_pc_ridge,random,,,8,300022,500,5069,564,4500,4500,40673.818606964225,0.16921762625035475,1.0989384651184082,-0.00019582596613218066,,,0.0,0.03536071698181331
thr_wing,3,random_pc_ridge,random,,,8,300022,1000,5069,564,4500,4500,40673.818606964225,0.23869998430470132,1.0497009754180908,-0.00018759005054540763,,,0.0,0.06546193710528314
thr_wing,3,random_pc_ridge,random,,,8,300022,1500,5069,564,4500,4500,40673.818606964225,0.24435234641465378,1.0367463827133179,-0.00017996276657183008,,,0.0,0.10719630098901689
thr_wing,3,random_pc_ridge,random,,,8,300022,2000,5069,564,4500,4500,40673.818606964225,0.27591311836082655,1.013839602470398,-0.00017223188503372294,,,0.0,0.1389082078821957
thr_wing,3,random_pc_ridge,random,,,8,300022,2500,5069,564,4500,4500,40673.818606964225,0.2933624154736756,0.9953199028968811,-0.000170764099802091,,,0.0,0.1944765120279044
thr_wing,3,random_pc_ridge,random,,,8,300022,3000,5069,564,4500,4500,40673.818606964225,0.31041844347375874,0.9802907109260559,-0.0001706110652164079,,,0.0,0.24650980392470956
thr_wing,3,random_pc_ridge,random,,,8,300022,3500,5069,564,4500,4500,40673.818606964225,0.3392512547537912,0.9525860548019409,-0.0001617042974332584,,,0.0,0.31831928505562246
thr_wing,3,random_pc_ridge,random,,,8,300022,4000,5069,564,4500,4500,40673.818606964225,0.3421846850674406,0.9435479044914246,-0.00016587614755162906,,,0.0,0.3948225260246545
thr_wing,3,random_pc_ridge,random,,,8,300022,4500,5069,564,4500,4500,40673.818606964225,0.329068818247728,0.9468821287155151,-0.0001644599597692202,,,0.0,0.49891158705577254
thr_wing,3,random_pc_ridge,random,,,9,300023,500,5069,564,4500,4500,40673.818606964225,0.15260149537111625,1.0986132621765137,-0.0001558922423422327,,,0.0,0.03602973208762705
thr_wing,3,random_pc_ridge,random,,,9,300023,1000,5069,564,4500,4500,40673.818606964225,0.2496247234406235,1.0569838285446167,-0.00016669927837361333,,,0.0,0.06341145816259086
thr_wing,3,random_pc_ridge,random,,,9,300023,1500,5069,564,4500,4500,40673.818606964225,0.26791457888239373,1.0292631387710571,-0.000182299915448671,,,0.0,0.10931885684840381
thr_wing,3,random_pc_ridge,random,,,9,300023,2000,5069,564,4500,4500,40673.818606964225,0.29608661914480316,0.9946702718734741,-0.00017655680939584095,,,0.0,0.1386584979481995
thr_wing,3,random_pc_ridge,random,,,9,300023,2500,5069,564,4500,4500,40673.818606964225,0.3188238205107668,0.9804436564445496,-0.00018325708977934868,,,0.0,0.1996479609515518
thr_wing,3,random_pc_ridge,random,,,9,300023,3000,5069,564,4500,4500,40673.818606964225,0.32248217393881445,0.9618504047393799,-0.00018308277398060838,,,0.0,0.25457538897171617
thr_wing,3,random_pc_ridge,random,,,9,300023,3500,5069,564,4500,4500,40673.818606964225,0.3258311253923767,0.9511145353317261,-0.00018881790818232397,,,0.0,0.31676002708263695
thr_wing,3,random_pc_ridge,random,,,9,300023,4000,5069,564,4500,4500,40673.818606964225,0.32635740555328374,0.9422045946121216,-0.00017394519000884002,,,0.0,0.39778750599361956
thr_wing,3,random_pc_ridge,random,,,9,300023,4500,5069,564,4500,4500,40673.818606964225,0.3413189127278228,0.9299718737602234,-0.00016708881700177341,,,0.0,0.49116640305146575
thr_wing,3,avggrm_pc_ridge,avggrm,lambda_0,0.0,-1,-1,500,5069,564,4500,4500,40673.818606964225,0.2270750612529936,1.068814754486084,0.0014978935464606343,,0.0014978935464606343,0.0003657541237771511,0.03698855498805642
thr_wing,3,avggrm_pc_ridge,avggrm,lambda_0,0.0,-1,-1,1000,5069,564,4500,4500,40673.818606964225,0.2523499197386915,1.0197738409042358,0.001082603513169708,,0.001082603513169708,0.0003657541237771511,0.0654658570419997
thr_wing,3,avggrm_pc_ridge,avggrm,lambda_0,0.0,-1,-1,1500,5069,564,4500,4500,40673.818606964225,0.2985699914279207,0.9937912821769714,0.0008254597721776147,,0.0008254597721776147,0.0003657541237771511,0.10638806107454002
thr_wing,3,avggrm_pc_ridge,avggrm,lambda_0,0.0,-1,-1,2000,5069,564,4500,4500,40673.818606964225,0.2932222397052164,0.9776996374130249,0.0006384118518373994,,0.0006384118518373994,0.0003657541237771511,0.13764138822443783
thr_wing,3,avggrm_pc_ridge,avggrm,lambda_0,0.0,-1,-1,2500,5069,564,4500,4500,40673.818606964225,0.2985541399878332,0.959659218788147,0.0004884946225675614,,0.0004884946225675614,0.0003657541237771511,0.19658801588229835
thr_wing,3,avggrm_pc_ridge,avggrm,lambda_0,0.0,-1,-1,3000,5069,564,4500,4500,40673.818606964225,0.3163619497664538,0.9538587331771851,0.0003588521490247174,,0.0003588521490247174,0.0003657541237771511,0.2534853757824749
thr_wing,3,avggrm_pc_ridge,avggrm,lambda_0,0.0,-1,-1,3500,5069,564,4500,4500,40673.818606964225,0.3263768100907775,0.9412540793418884,0.0002398593741489385,,0.0002398593741489385,0.0003657541237771511,0.3204407610464841
thr_wing,3,avggrm_pc_ridge,avggrm,lambda_0,0.0,-1,-1,4000,5069,564,4500,4500,40673.818606964225,0.3274453164586405,0.9414549469947815,0.0001265586832596723,,0.0001265586832596723,0.0003657541237771511,0.39151215297169983
thr_wing,3,avggrm_pc_ridge,avggrm,lambda_0,0.0,-1,-1,4500,5069,564,4500,4500,40673.818606964225,0.34201342405579155,0.9228424429893494,9.822891976482298e-06,,9.822891976482298e-06,0.0003657541237771511,0.49274225695990026
thr_wing,3,avggrm_diversity_pc_ridge,avggrm_diversity,lambda_1,1.0,-1,-1,500,5069,564,4500,4500,40673.818606964225,0.22896659567936775,1.0543310642242432,0.0003566158137323907,0.0009345515210060495,-0.0005779357072736588,0.5225205970928073,0.03560523199848831
thr_wing,3,avggrm_diversity_pc_ridge,avggrm_diversity,lambda_1,1.0,-1,-1,1000,5069,564,4500,4500,40673.818606964225,0.27602861572066756,1.0050747394561768,0.0003553469975922894,0.00045759134181777046,-0.00010224434422548105,0.5225205970928073,0.065899807959795
thr_wing,3,avggrm_diversity_pc_ridge,avggrm_diversity,lambda_1,1.0,-1,-1,1500,5069,564,4500,4500,40673.818606964225,0.3177619349427381,0.9704991579055786,0.00032484004532794134,0.0003060589212265037,1.8781124101437618e-05,0.5225205970928073,0.10955188795924187
thr_wing,3,avggrm_diversity_pc_ridge,avggrm_diversity,lambda_1,1.0,-1,-1,2000,5069,564,4500,4500,40673.818606964225,0.328881218108734,0.95416659116745,0.00028551879814506416,0.00022645836544307326,5.9060432701990904e-05,0.5225205970928073,0.14456547098234296
thr_wing,3,avggrm_diversity_pc_ridge,avggrm_diversity,lambda_1,1.0,-1,-1,2500,5069,564,4500,4500,40673.818606964225,0.3199297605502096,0.9488670229911804,0.00023768764498968413,0.00017434805722007848,6.333958776960565e-05,0.5225205970928073,0.1935075109358877
thr_wing,3,avggrm_diversity_pc_ridge,avggrm_diversity,lambda_1,1.0,-1,-1,3000,5069,564,4500,4500,40673.818606964225,0.3340638711588384,0.933487057685852,0.00017976971967373977,0.00012922287004978053,5.054684962395924e-05,0.5225205970928073,0.246542725013569
thr_wing,3,avggrm_diversity_pc_ridge,avggrm_diversity,lambda_1,1.0,-1,-1,3500,5069,564,4500,4500,40673.818606964225,0.345429685049031,0.9197890758514404,0.00011955261574631086,9.493009236935331e-05,2.4622523376957546e-05,0.5225205970928073,0.31512132403440773
thr_wing,3,avggrm_diversity_pc_ridge,avggrm_diversity,lambda_1,1.0,-1,-1,4000,5069,564,4500,4500,40673.818606964225,0.33984537971596174,0.9241318702697754,4.825663545385511e-05,6.300714312464384e-05,-1.4750507670788728e-05,0.5225205970928073,0.3941108579747379
thr_wing,3,avggrm_diversity_pc_ridge,avggrm_diversity,lambda_1,1.0,-1,-1,4500,5069,564,4500,4500,40673.818606964225,0.3452472747062309,0.918599009513855,-3.247537224223116e-05,3.920288280996267e-05,-7.167825505219383e-05,0.5225205970928073,0.498034754069522
thr_wing,4,full_train_pc_ridge,full_train,,,-1,-1,5070,5070,563,4500,4500,40673.818606964225,0.3218527297535607,0.9630224704742432,-0.00017594765655657313,2.501234611214527e-05,,0.0,0.5276751301717013
thr_wing,4,random_pc_ridge,random,,,0,400014,500,5070,563,4500,4500,40673.818606964225,0.1446504960804062,1.1204288005828857,-0.00013558308212098345,,,0.0,0.035685001872479916
thr_wing,4,random_pc_ridge,random,,,0,400014,1000,5070,563,4500,4500,40673.818606964225,0.2216651528755874,1.083337426185608,-0.00013862204622005976,,,0.0,0.06540958397090435
thr_wing,4,random_pc_ridge,random,,,0,400014,1500,5070,563,4500,4500,40673.818606964225,0.2305310148697351,1.0657353401184082,-0.00016159454288203778,,,0.0,0.10740058706142008
thr_wing,4,random_pc_ridge,random,,,0,400014,2000,5070,563,4500,4500,40673.818606964225,0.24811283898147768,1.0531222820281982,-0.00014888847216813268,,,0.0,0.13866033195517957
thr_wing,4,random_pc_ridge,random,,,0,400014,2500,5070,563,4500,4500,40673.818606964225,0.2535746827901601,1.0396653413772583,-0.00016365666714950527,,,0.0,0.19153444794937968
thr_wing,4,random_pc_ridge,random,,,0,400014,3000,5070,563,4500,4500,40673.818606964225,0.25666823826105867,1.0244781970977783,-0.00017554283031852725,,,0.0,0.24481326597742736
thr_wing,4,random_pc_ridge,random,,,0,400014,3500,5070,563,4500,4500,40673.818606964225,0.26822540147887786,1.0056909322738647,-0.00017082277595432098,,,0.0,0.31911869207397103
thr_wing,4,random_pc_ridge,random,,,0,400014,4000,5070,563,4500,4500,40673.818606964225,0.282990006644159,0.9959964156150818,-0.00017389501919564608,,,0.0,0.3978989610914141
thr_wing,4,random_pc_ridge,random,,,0,400014,4500,5070,563,4500,4500,40673.818606964225,0.2960737771409626,0.9831506013870239,-0.0001769312808098364,,,0.0,0.49804187286645174
thr_wing,4,random_pc_ridge,random,,,1,400015,500,5070,563,4500,4500,40673.818606964225,0.12091728329596431,1.1082438230514526,-0.00015137261686171382,,,0.0,0.03561011794954538
thr_wing,4,random_pc_ridge,random,,,1,400015,1000,5070,563,4500,4500,40673.818606964225,0.19505861735020852,1.0734145641326904,-0.00012212224818193776,,,0.0,0.06352926604449749
thr_wing,4,random_pc_ridge,random,,,1,400015,1500,5070,563,4500,4500,40673.818606964225,0.21372589083370766,1.0527300834655762,-0.00015928378962226964,,,0.0,0.1028634428512305
thr_wing,4,random_pc_ridge,random,,,1,400015,2000,5070,563,4500,4500,40673.818606964225,0.26854920883379085,1.0333331823349,-0.00016255068849362975,,,0.0,0.13726224191486835
thr_wing,4,random_pc_ridge,random,,,1,400015,2500,5070,563,4500,4500,40673.818606964225,0.2821939889475429,1.020499348640442,-0.00017452128713656484,,,0.0,0.19648995716124773
thr_wing,4,random_pc_ridge,random,,,1,400015,3000,5070,563,4500,4500,40673.818606964225,0.31120779460225745,0.9948444366455078,-0.00017670754493327286,,,0.0,0.25151668884791434
thr_wing,4,random_pc_ridge,random,,,1,400015,3500,5070,563,4500,4500,40673.818606964225,0.3046545836652192,0.9817773699760437,-0.00017496856487746548,,,0.0,0.318101221928373
thr_wing,4,random_pc_ridge,random,,,1,400015,4000,5070,563,4500,4500,40673.818606964225,0.3087610422297795,0.9805075526237488,-0.00017352178782107915,,,0.0,0.3947509569115937
thr_wing,4,random_pc_ridge,random,,,1,400015,4500,5070,563,4500,4500,40673.818606964225,0.31147170064522184,0.9759831428527832,-0.00018029364258449635,,,0.0,0.4973542660009116
thr_wing,4,random_pc_ridge,random,,,2,400016,500,5070,563,4500,4500,40673.818606964225,0.17888912263099668,1.1348909139633179,-0.00018136823658940925,,,0.0,0.03571506403386593
thr_wing,4,random_pc_ridge,random,,,2,400016,1000,5070,563,4500,4500,40673.818606964225,0.21981132329925263,1.0997657775878906,-0.00015251915655135448,,,0.0,0.06357207801192999
thr_wing,4,random_pc_ridge,random,,,2,400016,1500,5070,563,4500,4500,40673.818606964225,0.24957798587951033,1.0646650791168213,-0.00016494941510745227,,,0.0,0.10942611913196743
thr_wing,4,random_pc_ridge,random,,,2,400016,2000,5070,563,4500,4500,40673.818606964225,0.25814913335394374,1.0429304838180542,-0.0001694818670448653,,,0.0,0.1346444021910429
thr_wing,4,random_pc_ridge,random,,,2,400016,2500,5070,563,4500,4500,40673.818606964225,0.25641875417050003,1.017943263053894,-0.0001660593987889552,,,0.0,0.19353100913576782
thr_wing,4,random_pc_ridge,random,,,2,400016,3000,5070,563,4500,4500,40673.818606964225,0.2761770394700981,0.9996922016143799,-0.00016746431826447321,,,0.0,0.2515507701318711
thr_wing,4,random_pc_ridge,random,,,2,400016,3500,5070,563,4500,4500,40673.818606964225,0.2975840898261235,0.9888246059417725,-0.0001783134984618835,,,0.0,0.31441637594252825
thr_wing,4,random_pc_ridge,random,,,2,400016,4000,5070,563,4500,4500,40673.818606964225,0.317066166324433,0.973943293094635,-0.00018316984859042965,,,0.0,0.3870244340505451
thr_wing,4,random_pc_ridge,random,,,2,400016,4500,5070,563,4500,4500,40673.818606964225,0.3229100503391625,0.965008020401001,-0.00018169251436075688,,,0.0,0.4941811130847782
thr_wing,4,random_pc_ridge,random,,,3,400017,500,5070,563,4500,4500,40673.818606964225,0.13968030261730482,1.1317955255508423,-0.00014379646282387543,,,0.0,0.037477989913895726
thr_wing,4,random_pc_ridge,random,,,3,400017,1000,5070,563,4500,4500,40673.818606964225,0.15778356896025084,1.0957887172698975,-0.00018146620076035729,,,0.0,0.0653738440014422
thr_wing,4,random_pc_ridge,random,,,3,400017,1500,5070,563,4500,4500,40673.818606964225,0.2101480460867859,1.0756949186325073,-0.0001780240646110776,,,0.0,0.10734237707220018
thr_wing,4,random_pc_ridge,random,,,3,400017,2000,5070,563,4500,4500,40673.818606964225,0.22438957421109623,1.0569697618484497,-0.0001897814289794351,,,0.0,0.13961980491876602
thr_wing,4,random_pc_ridge,random,,,3,400017,2500,5070,563,4500,4500,40673.818606964225,0.2665554820320097,1.0168323516845703,-0.00017542893496058895,,,0.0,0.19562338502146304
thr_wing,4,random_pc_ridge,random,,,3,400017,3000,5070,563,4500,4500,40673.818606964225,0.2785017273109108,1.0152630805969238,-0.00017801475353419969,,,0.0,0.248484015930444
thr_wing,4,random_pc_ridge,random,,,3,400017,3500,5070,563,4500,4500,40673.818606964225,0.2967748167452124,1.0025568008422852,-0.0001863683615366703,,,0.0,0.32089228508993983
thr_wing,4,random_pc_ridge,random,,,3,400017,4000,5070,563,4500,4500,40673.818606964225,0.29800495570248947,0.9901272654533386,-0.0001867909466893243,,,0.0,0.3902792891021818
thr_wing,4,random_pc_ridge,random,,,3,400017,4500,5070,563,4500,4500,40673.818606964225,0.3101788988963407,0.975400984287262,-0.0001791485766943084,,,0.0,0.49933100608177483
thr_wing,4,random_pc_ridge,random,,,4,400018,500,5070,563,4500,4500,40673.818606964225,0.15514547864206962,1.127447247505188,-0.0002628170525969963,,,0.0,0.035394508158788085
thr_wing,4,random_pc_ridge,random,,,4,400018,1000,5070,563,4500,4500,40673.818606964225,0.16386578387061312,1.1223206520080566,-0.00022596881016166286,,,0.0,0.06363582401536405
thr_wing,4,random_pc_ridge,random,,,4,400018,1500,5070,563,4500,4500,40673.818606964225,0.21657674797160306,1.0824265480041504,-0.0001882713558122966,,,0.0,0.0942548019811511
thr_wing,4,random_pc_ridge,random,,,4,400018,2000,5070,563,4500,4500,40673.818606964225,0.23483736998164098,1.0655144453048706,-0.0001868393244824661,,,0.0,0.13774017500691116
thr_wing,4,random_pc_ridge,random,,,4,400018,2500,5070,563,4500,4500,40673.818606964225,0.26602723054864036,1.030421495437622,-0.00019530392284438516,,,0.0,0.19664774602279067
thr_wing,4,random_pc_ridge,random,,,4,400018,3000,5070,563,4500,4500,40673.818606964225,0.29196621012492413,1.006348729133606,-0.00019296459090232954,,,0.0,0.24409798299893737
thr_wing,4,random_pc_ridge,random,,,4,400018,3500,5070,563,4500,4500,40673.818606964225,0.30383129548251125,0.9984911680221558,-0.00018501894346073248,,,0.0,0.3186041850131005
thr_wing,4,random_pc_ridge,random,,,4,400018,4000,5070,563,4500,4500,40673.818606964225,0.3048619478772821,0.9916971325874329,-0.00017631640605949718,,,0.0,0.39662611088715494
thr_wing,4,random_pc_ridge,random,,,4,400018,4500,5070,563,4500,4500,40673.818606964225,0.31342800688001304,0.9746575355529785,-0.000174118634719268,,,0.0,0.49837793107144535
thr_wing,4,random_pc_ridge,random,,,5,400019,500,5070,563,4500,4500,40673.818606964225,0.1503791761382828,1.1232134103775024,-0.00014213735881628227,,,0.0,0.035898657981306314
thr_wing,4,random_pc_ridge,random,,,5,400019,1000,5070,563,4500,4500,40673.818606964225,0.1930136027179877,1.0850579738616943,-0.00020617163112231758,,,0.0,0.06338491593487561
thr_wing,4,random_pc_ridge,random,,,5,400019,1500,5070,563,4500,4500,40673.818606964225,0.24365795201891619,1.0577595233917236,-0.00020139480372847682,,,0.0,0.10931944800540805
thr_wing,4,random_pc_ridge,random,,,5,400019,2000,5070,563,4500,4500,40673.818606964225,0.268180119100657,1.0458507537841797,-0.0002023486561113117,,,0.0,0.13280197279527783
thr_wing,4,random_pc_ridge,random,,,5,400019,2500,5070,563,4500,4500,40673.818606964225,0.27659449424257604,1.0317314863204956,-0.00020182889162506984,,,0.0,0.19951530499383807
thr_wing,4,random_pc_ridge,random,,,5,400019,3000,5070,563,4500,4500,40673.818606964225,0.28449997246251546,1.010835886001587,-0.0001936132145848096,,,0.0,0.2525111581198871
thr_wing,4,random_pc_ridge,random,,,5,400019,3500,5070,563,4500,4500,40673.818606964225,0.298937389916156,0.9955330491065979,-0.00020024509075783012,,,0.0,0.3187204550486058
thr_wing,4,random_pc_ridge,random,,,5,400019,4000,5070,563,4500,4500,40673.818606964225,0.3127043789607561,0.9831333756446838,-0.00018760361784032025,,,0.0,0.3990626309532672
thr_wing,4,random_pc_ridge,random,,,5,400019,4500,5070,563,4500,4500,40673.818606964225,0.3150540837705498,0.9715033173561096,-0.0001855095853722528,,,0.0,0.5014967038296163
thr_wing,4,random_pc_ridge,random,,,6,400020,500,5070,563,4500,4500,40673.818606964225,0.12245004408634626,1.1457678079605103,-0.00024206216641376,,,0.0,0.035869268933311105
thr_wing,4,random_pc_ridge,random,,,6,400020,1000,5070,563,4500,4500,40673.818606964225,0.12544450319593634,1.1161301136016846,-0.00018714119217030456,,,0.0,0.06331001594662666
thr_wing,4,random_pc_ridge,random,,,6,400020,1500,5070,563,4500,4500,40673.818606964225,0.1755224119763807,1.0837055444717407,-0.0001999858838725361,,,0.0,0.10285268002189696
thr_wing,4,random_pc_ridge,random,,,6,400020,2000,5070,563,4500,4500,40673.818606964225,0.21033448483143796,1.0625016689300537,-0.0001741759183044557,,,0.0,0.14021367602981627
thr_wing,4,random_pc_ridge,random,,,6,400020,2500,5070,563,4500,4500,40673.818606964225,0.24419855061638207,1.0371818542480469,-0.00016196897461591157,,,0.0,0.19354960997588933
thr_wing,4,random_pc_ridge,random,,,6,400020,3000,5070,563,4500,4500,40673.818606964225,0.267084043756602,1.0184129476547241,-0.0001672917055967801,,,0.0,0.2558418409898877
thr_wing,4,random_pc_ridge,random,,,6,400020,3500,5070,563,4500,4500,40673.818606964225,0.27472249883101624,1.015277624130249,-0.00016276943606898555,,,0.0,0.3121229731477797
thr_wing,4,random_pc_ridge,random,,,6,400020,4000,5070,563,4500,4500,40673.818606964225,0.30571457913397987,0.9896374940872192,-0.00016734297159465386,,,0.0,0.39146519312635064
thr_wing,4,random_pc_ridge,random,,,6,400020,4500,5070,563,4500,4500,40673.818606964225,0.316922257854385,0.9704739451408386,-0.00016974237753909535,,,0.0,0.49992858595214784
thr_wing,4,random_pc_ridge,random,,,7,400021,500,5070,563,4500,4500,40673.818606964225,0.1514052834246327,1.1372461318969727,-0.00012048940026527464,,,0.0,0.036110675893723965
thr_wing,4,random_pc_ridge,random,,,7,400021,1000,5070,563,4500,4500,40673.818606964225,0.22476823809807153,1.0852607488632202,-0.0001383980494039534,,,0.0,0.06454757088795304
thr_wing,4,random_pc_ridge,random,,,7,400021,1500,5070,563,4500,4500,40673.818606964225,0.2523375826996494,1.055308222770691,-0.0001689066481283152,,,0.0,0.11784379207529128
thr_wing,4,random_pc_ridge,random,,,7,400021,2000,5070,563,4500,4500,40673.818606964225,0.26035893983544817,1.0452193021774292,-0.0001830333118141519,,,0.0,0.14622370712459087
thr_wing,4,random_pc_ridge,random,,,7,400021,2500,5070,563,4500,4500,40673.818606964225,0.27850568069906817,1.0329786539077759,-0.00017657438778509137,,,0.0,0.19553111004643142
thr_wing,4,random_pc_ridge,random,,,7,400021,3000,5070,563,4500,4500,40673.818606964225,0.2884807152053894,1.0211703777313232,-0.00017132687430650728,,,0.0,0.2516735701356083
thr_wing,4,random_pc_ridge,random,,,7,400021,3500,5070,563,4500,4500,40673.818606964225,0.3053854859188567,1.0052484273910522,-0.000178091358451086,,,0.0,0.317047436023131
thr_wing,4,random_pc_ridge,random,,,7,400021,4000,5070,563,4500,4500,40673.818606964225,0.3007726373433404,1.0024616718292236,-0.00017162897800791028,,,0.0,0.39792375010438263
thr_wing,4,random_pc_ridge,random,,,7,400021,4500,5070,563,4500,4500,40673.818606964225,0.3120301509281506,0.9769306778907776,-0.00016728945836215806,,,0.0,0.4983704169280827
thr_wing,4,random_pc_ridge,random,,,8,400022,500,5070,563,4500,4500,40673.818606964225,0.1702669725451102,1.1103845834732056,-0.00019871086903784624,,,0.0,0.036535018123686314
thr_wing,4,random_pc_ridge,random,,,8,400022,1000,5070,563,4500,4500,40673.818606964225,0.16884426834065774,1.0908221006393433,-0.00016802327876830735,,,0.0,0.06443737307563424
thr_wing,4,random_pc_ridge,random,,,8,400022,1500,5070,563,4500,4500,40673.818606964225,0.20598275052642304,1.066760778427124,-0.00015528008563282642,,,0.0,0.09232130204327404
thr_wing,4,random_pc_ridge,random,,,8,400022,2000,5070,563,4500,4500,40673.818606964225,0.2618167414994005,1.0347299575805664,-0.00016499551520806276,,,0.0,0.14140998991206288
thr_wing,4,random_pc_ridge,random,,,8,400022,2500,5070,563,4500,4500,40673.818606964225,0.28266418881614924,1.0182968378067017,-0.00017014688009950508,,,0.0,0.19586761388927698
thr_wing,4,random_pc_ridge,random,,,8,400022,3000,5070,563,4500,4500,40673.818606964225,0.2947282043063897,1.0019782781600952,-0.00017704703496711254,,,0.0,0.2494837180711329
thr_wing,4,random_pc_ridge,random,,,8,400022,3500,5070,563,4500,4500,40673.818606964225,0.3017640911811987,0.9804429411888123,-0.0001751303193554386,,,0.0,0.3180692319292575
thr_wing,4,random_pc_ridge,random,,,8,400022,4000,5070,563,4500,4500,40673.818606964225,0.3181443377905682,0.9666414260864258,-0.00016980350384469562,,,0.0,0.3890843049157411
thr_wing,4,random_pc_ridge,random,,,8,400022,4500,5070,563,4500,4500,40673.818606964225,0.325785041481012,0.956736147403717,-0.00017483172562069544,,,0.0,0.4984606651123613
thr_wing,4,random_pc_ridge,random,,,9,400023,500,5070,563,4500,4500,40673.818606964225,0.2248672401063193,1.094893455505371,-0.00019551475579479221,,,0.0,0.03647997905500233
thr_wing,4,random_pc_ridge,random,,,9,400023,1000,5070,563,4500,4500,40673.818606964225,0.2074407681929432,1.1015381813049316,-0.00017642777810021726,,,0.0,0.06443359097465873
thr_wing,4,random_pc_ridge,random,,,9,400023,1500,5070,563,4500,4500,40673.818606964225,0.27025204169802036,1.0806119441986084,-0.00017499300568235825,,,0.0,0.09154443815350533
thr_wing,4,random_pc_ridge,random,,,9,400023,2000,5070,563,4500,4500,40673.818606964225,0.27224480757281594,1.0551857948303223,-0.00018901914885027928,,,0.0,0.13619767408818007
thr_wing,4,random_pc_ridge,random,,,9,400023,2500,5070,563,4500,4500,40673.818606964225,0.268714405755664,1.035151481628418,-0.0001769488310330372,,,0.0,0.18984749889932573
thr_wing,4,random_pc_ridge,random,,,9,400023,3000,5070,563,4500,4500,40673.818606964225,0.2747486145934502,1.0196325778961182,-0.000175881096680058,,,0.0,0.2502389589790255
thr_wing,4,random_pc_ridge,random,,,9,400023,3500,5070,563,4500,4500,40673.818606964225,0.2916881780827237,1.0006115436553955,-0.0001705039717289966,,,0.0,0.3173826960846782
thr_wing,4,random_pc_ridge,random,,,9,400023,4000,5070,563,4500,4500,40673.818606964225,0.299541843528663,0.985773503780365,-0.00016932107308277505,,,0.0,0.3965809321962297
thr_wing,4,random_pc_ridge,random,,,9,400023,4500,5070,563,4500,4500,40673.818606964225,0.3179314307579876,0.9610185623168945,-0.00017472904131321,,,0.0,0.49839001102373004
thr_wing,4,avggrm_pc_ridge,avggrm,lambda_0,0.0,-1,-1,500,5070,563,4500,4500,40673.818606964225,0.179234343953093,1.0972607135772705,0.0014410732801314393,,0.0014410732801314393,0.00032493402250111103,0.03578674187883735
thr_wing,4,avggrm_pc_ridge,avggrm,lambda_0,0.0,-1,-1,1000,5070,563,4500,4500,40673.818606964225,0.20120716965539992,1.0585919618606567,0.0010600215248213931,,0.0010600215248213931,0.00032493402250111103,0.06342378002591431
thr_wing,4,avggrm_pc_ridge,avggrm,lambda_0,0.0,-1,-1,1500,5070,563,4500,4500,40673.818606964225,0.2546378303103848,1.0281237363815308,0.0008221491547178525,,0.0008221491547178525,0.00032493402250111103,0.1104477581102401
thr_wing,4,avggrm_pc_ridge,avggrm,lambda_0,0.0,-1,-1,2000,5070,563,4500,4500,40673.818606964225,0.28357502604883367,1.005881667137146,0.0006426319134238268,,0.0006426319134238268,0.00032493402250111103,0.1396139559801668
thr_wing,4,avggrm_pc_ridge,avggrm,lambda_0,0.0,-1,-1,2500,5070,563,4500,4500,40673.818606964225,0.28918148071967253,0.9958288073539734,0.0004956131643167892,,0.0004956131643167892,0.00032493402250111103,0.19559763884171844
thr_wing,4,avggrm_pc_ridge,avggrm,lambda_0,0.0,-1,-1,3000,5070,563,4500,4500,40673.818606964225,0.3119102401713889,0.9726076722145081,0.00036796343352745814,,0.00036796343352745814,0.00032493402250111103,0.24762453697621822
thr_wing,4,avggrm_pc_ridge,avggrm,lambda_0,0.0,-1,-1,3500,5070,563,4500,4500,40673.818606964225,0.31740603547508106,0.9681686162948608,0.0002495928817607812,,0.0002495928817607812,0.00032493402250111103,0.3172142847906798
thr_wing,4,avggrm_pc_ridge,avggrm,lambda_0,0.0,-1,-1,4000,5070,563,4500,4500,40673.818606964225,0.3171332707454434,0.9657176733016968,0.00013274443014157263,,0.00013274443014157263,0.00032493402250111103,0.39744422608055174
thr_wing,4,avggrm_pc_ridge,avggrm,lambda_0,0.0,-1,-1,4500,5070,563,4500,4500,40673.818606964225,0.3176458538622178,0.9693876504898071,9.805314965640713e-06,,9.805314965640713e-06,0.00032493402250111103,0.4982210979796946
thr_wing,4,avggrm_diversity_pc_ridge,avggrm_diversity,lambda_1,1.0,-1,-1,500,5070,563,4500,4500,40673.818606964225,0.17299223553877968,1.0780607461929321,0.0003608838438825838,0.0009333069130230885,-0.0005724230691405047,0.515559630934149,0.03526276792399585
thr_wing,4,avggrm_diversity_pc_ridge,avggrm_diversity,lambda_1,1.0,-1,-1,1000,5070,563,4500,4500,40673.818606964225,0.2503664694629653,1.029679298400879,0.0003577014938192665,0.00045555356478337044,-9.785207096410395e-05,0.515559630934149,0.06587029481306672
thr_wing,4,avggrm_diversity_pc_ridge,avggrm_diversity,lambda_1,1.0,-1,-1,1500,5070,563,4500,4500,40673.818606964225,0.26786858896928817,1.0144166946411133,0.00032488264941044135,0.0003061230648655989,1.8759584544842463e-05,0.515559630934149,0.10950959310866892
thr_wing,4,avggrm_diversity_pc_ridge,avggrm_diversity,lambda_1,1.0,-1,-1,2000,5070,563,4500,4500,40673.818606964225,0.29413745833503,0.993415355682373,0.0002792017722920534,0.00022347974003391,5.5722032258143415e-05,0.515559630934149,0.13349753199145198
thr_wing,4,avggrm_diversity_pc_ridge,avggrm_diversity,lambda_1,1.0,-1,-1,2500,5070,563,4500,4500,40673.818606964225,0.3088948655693795,0.9778615832328796,0.00023590873349918837,0.00017364092776579615,6.226780573339222e-05,0.515559630934149,0.19861000101082027
thr_wing,4,avggrm_diversity_pc_ridge,avggrm_diversity,lambda_1,1.0,-1,-1,3000,5070,563,4500,4500,40673.818606964225,0.320908995196422,0.9614793658256531,0.0001839157286608644,0.00013305294505527185,5.0862783605592566e-05,0.515559630934149,0.24954877118580043
thr_wing,4,avggrm_diversity_pc_ridge,avggrm_diversity,lambda_1,1.0,-1,-1,3500,5070,563,4500,4500,40673.818606964225,0.3222478499422337,0.9619049429893494,0.00012716294374204239,0.00010050956198316782,2.665338175887457e-05,0.515559630934149,0.31516252108849585
thr_wing,4,avggrm_diversity_pc_ridge,avggrm_diversity,lambda_1,1.0,-1,-1,4000,5070,563,4500,4500,40673.818606964225,0.3169413113397034,0.9644181132316589,5.845679606117189e-05,6.96209561153885e-05,-1.1164160054216608e-05,0.515559630934149,0.3974159879144281
thr_wing,4,avggrm_diversity_pc_ridge,avggrm_diversity,lambda_1,1.0,-1,-1,4500,5070,563,4500,4500,40673.818606964225,0.31676425842618405,0.962999165058136,-2.6261206426130402e-05,4.242290280457881e-05,-6.868410923070922e-05,0.515559630934149,0.5019978010095656
thr_wing,5,full_train_pc_ridge,full_train,,,-1,-1,5070,5070,563,4500,4500,40673.818606964225,0.3574638628232829,0.9928430318832397,-0.00017633388965404329,2.5433991344631028e-05,,0.0,0.5156331118196249
thr_wing,5,random_pc_ridge,random,,,0,500014,500,5070,563,4500,4500,40673.818606964225,0.198217976934199,1.1796408891677856,-0.00014133383960457334,,,0.0,0.037052905885502696
thr_wing,5,random_pc_ridge,random,,,0,500014,1000,5070,563,4500,4500,40673.818606964225,0.28180823619204837,1.1350061893463135,-0.0001486643100731806,,,0.0,0.0679245600476861
thr_wing,5,random_pc_ridge,random,,,0,500014,1500,5070,563,4500,4500,40673.818606964225,0.30864309501140985,1.094947338104248,-0.00015945316891167416,,,0.0,0.10846717515960336
thr_wing,5,random_pc_ridge,random,,,0,500014,2000,5070,563,4500,4500,40673.818606964225,0.3157786019326511,1.0729929208755493,-0.00016350750401436366,,,0.0,0.1426281239837408
thr_wing,5,random_pc_ridge,random,,,0,500014,2500,5070,563,4500,4500,40673.818606964225,0.3373809513699558,1.0494979619979858,-0.00016499979871463651,,,0.0,0.19651642604731023
thr_wing,5,random_pc_ridge,random,,,0,500014,3000,5070,563,4500,4500,40673.818606964225,0.3274339748124667,1.0310847759246826,-0.00016668617834740332,,,0.0,0.24772257707081735
thr_wing,5,random_pc_ridge,random,,,0,500014,3500,5070,563,4500,4500,40673.818606964225,0.33289350125069017,1.0285972356796265,-0.00016560888252056962,,,0.0,0.31462416099384427
thr_wing,5,random_pc_ridge,random,,,0,500014,4000,5070,563,4500,4500,40673.818606964225,0.34457046828247095,1.0189013481140137,-0.00016932002474495612,,,0.0,0.3980575199238956
thr_wing,5,random_pc_ridge,random,,,0,500014,4500,5070,563,4500,4500,40673.818606964225,0.35393049951851996,1.0052889585494995,-0.00017541916749580982,,,0.0,0.49360784702003
thr_wing,5,random_pc_ridge,random,,,1,500015,500,5070,563,4500,4500,40673.818606964225,0.16398005691779668,1.175562858581543,-5.534427588731935e-05,,,0.0,0.03808180894702673
thr_wing,5,random_pc_ridge,random,,,1,500015,1000,5070,563,4500,4500,40673.818606964225,0.23177884918795438,1.1505730152130127,-0.0001235098009002868,,,0.0,0.08890532609075308
thr_wing,5,random_pc_ridge,random,,,1,500015,1500,5070,563,4500,4500,40673.818606964225,0.2547223881407235,1.122183918952942,-0.0001379230390036537,,,0.0,0.10740728699602187
thr_wing,5,random_pc_ridge,random,,,1,500015,2000,5070,563,4500,4500,40673.818606964225,0.27483927597342855,1.1078490018844604,-0.0001555322287037707,,,0.0,0.13657891610637307
thr_wing,5,random_pc_ridge,random,,,1,500015,2500,5070,563,4500,4500,40673.818606964225,0.30233042391713894,1.0649709701538086,-0.00016475984549157676,,,0.0,0.19660365907475352
thr_wing,5,random_pc_ridge,random,,,1,500015,3000,5070,563,4500,4500,40673.818606964225,0.31674203825118935,1.0513107776641846,-0.0001704778138837169,,,0.0,0.24743107613176107
thr_wing,5,random_pc_ridge,random,,,1,500015,3500,5070,563,4500,4500,40673.818606964225,0.3310536399138211,1.0332646369934082,-0.00017504859104653807,,,0.0,0.32019198103807867
thr_wing,5,random_pc_ridge,random,,,1,500015,4000,5070,563,4500,4500,40673.818606964225,0.3338985273238101,1.026005744934082,-0.00017084208291291057,,,0.0,0.3939547180198133
thr_wing,5,random_pc_ridge,random,,,1,500015,4500,5070,563,4500,4500,40673.818606964225,0.3491927723668629,1.0128873586654663,-0.00016889945437117848,,,0.0,0.4951209109276533
thr_wing,5,random_pc_ridge,random,,,2,500016,500,5070,563,4500,4500,40673.818606964225,0.21343017052969532,1.192234754562378,-0.00018254061977154552,,,0.0,0.03561017313040793
thr_wing,5,random_pc_ridge,random,,,2,500016,1000,5070,563,4500,4500,40673.818606964225,0.2503531620906114,1.143439769744873,-0.00019043286948698372,,,0.0,0.06370351510122418
thr_wing,5,random_pc_ridge,random,,,2,500016,1500,5070,563,4500,4500,40673.818606964225,0.28626286251793365,1.1043474674224854,-0.00017879076483517305,,,0.0,0.10939854197204113
thr_wing,5,random_pc_ridge,random,,,2,500016,2000,5070,563,4500,4500,40673.818606964225,0.30615455705542494,1.0879864692687988,-0.00019342373280222265,,,0.0,0.13965537399053574
thr_wing,5,random_pc_ridge,random,,,2,500016,2500,5070,563,4500,4500,40673.818606964225,0.32194682600934305,1.0517553091049194,-0.00017661623933849896,,,0.0,0.19558396679349244
thr_wing,5,random_pc_ridge,random,,,2,500016,3000,5070,563,4500,4500,40673.818606964225,0.34094158317856466,1.0191290378570557,-0.00017479509812034182,,,0.0,0.2517249649390578
thr_wing,5,random_pc_ridge,random,,,2,500016,3500,5070,563,4500,4500,40673.818606964225,0.33293086716876896,1.0128400325775146,-0.00017533711576030032,,,0.0,0.31844441988505423
thr_wing,5,random_pc_ridge,random,,,2,500016,4000,5070,563,4500,4500,40673.818606964225,0.3406893496575431,1.001015067100525,-0.0001719971154100824,,,0.0,0.3960930739995092
thr_wing,5,random_pc_ridge,random,,,2,500016,4500,5070,563,4500,4500,40673.818606964225,0.3568561173948764,0.989311933517456,-0.00017377092822224262,,,0.0,0.4956092101056129
thr_wing,5,random_pc_ridge,random,,,3,500017,500,5070,563,4500,4500,40673.818606964225,0.13854942993741096,1.2140668630599976,-0.00014905659737497485,,,0.0,0.04423568211495876
thr_wing,5,random_pc_ridge,random,,,3,500017,1000,5070,563,4500,4500,40673.818606964225,0.26465967495237663,1.1444123983383179,-0.00019975266826238036,,,0.0,0.08786810515448451
thr_wing,5,random_pc_ridge,random,,,3,500017,1500,5070,563,4500,4500,40673.818606964225,0.2817789043988906,1.1254111528396606,-0.00019652994222479585,,,0.0,0.10921863792464137
thr_wing,5,random_pc_ridge,random,,,3,500017,2000,5070,563,4500,4500,40673.818606964225,0.30738707410709265,1.0866997241973877,-0.00017721490405596545,,,0.0,0.13574771885760128
thr_wing,5,random_pc_ridge,random,,,3,500017,2500,5070,563,4500,4500,40673.818606964225,0.29935122451961443,1.0650255680084229,-0.00019992440578337923,,,0.0,0.19665840407833457
thr_wing,5,random_pc_ridge,random,,,3,500017,3000,5070,563,4500,4500,40673.818606964225,0.30954100079711383,1.0459685325622559,-0.00018736792629116123,,,0.0,0.2517652709502727
thr_wing,5,random_pc_ridge,random,,,3,500017,3500,5070,563,4500,4500,40673.818606964225,0.311863239076531,1.0433286428451538,-0.00019428479685174312,,,0.0,0.3149619789328426
thr_wing,5,random_pc_ridge,random,,,3,500017,4000,5070,563,4500,4500,40673.818606964225,0.3310251802023149,1.0260933637619019,-0.00018295331812339435,,,0.0,0.39740142598748207
thr_wing,5,random_pc_ridge,random,,,3,500017,4500,5070,563,4500,4500,40673.818606964225,0.3393317141345908,1.017005443572998,-0.0001821996051143378,,,0.0,0.4964067321270704
thr_wing,5,random_pc_ridge,random,,,4,500018,500,5070,563,4500,4500,40673.818606964225,0.20653489561977945,1.1671825647354126,-0.00019907221644265962,,,0.0,0.03610874991863966
thr_wing,5,random_pc_ridge,random,,,4,500018,1000,5070,563,4500,4500,40673.818606964225,0.22261385204837905,1.1336179971694946,-0.00020431593482634735,,,0.0,0.06333271297626197
thr_wing,5,random_pc_ridge,random,,,4,500018,1500,5070,563,4500,4500,40673.818606964225,0.2721005738483826,1.1009992361068726,-0.0001699544342287178,,,0.0,0.09431092510931194
thr_wing,5,random_pc_ridge,random,,,4,500018,2000,5070,563,4500,4500,40673.818606964225,0.31926145862296657,1.0676405429840088,-0.0001687270460649859,,,0.0,0.14375205291435122
thr_wing,5,random_pc_ridge,random,,,4,500018,2500,5070,563,4500,4500,40673.818606964225,0.3280390033350634,1.0592966079711914,-0.0001799733163849112,,,0.0,0.19753165100701153
thr_wing,5,random_pc_ridge,random,,,4,500018,3000,5070,563,4500,4500,40673.818606964225,0.3286829172644223,1.0451771020889282,-0.0001796161108486775,,,0.0,0.24557796213775873
thr_wing,5,random_pc_ridge,random,,,4,500018,3500,5070,563,4500,4500,40673.818606964225,0.34053843057650396,1.041977047920227,-0.00018079967497374458,,,0.0,0.3168754889629781
thr_wing,5,random_pc_ridge,random,,,4,500018,4000,5070,563,4500,4500,40673.818606964225,0.35271297990499184,1.0141651630401611,-0.00017689885595964356,,,0.0,0.3943083940539509
thr_wing,5,random_pc_ridge,random,,,4,500018,4500,5070,563,4500,4500,40673.818606964225,0.3487233651958781,1.013081669807434,-0.0001767496849709535,,,0.0,0.4984950281213969
thr_wing,5,random_pc_ridge,random,,,5,500019,500,5070,563,4500,4500,40673.818606964225,0.17595050533490064,1.2028980255126953,-0.00017563666906605086,,,0.0,0.03621162101626396
thr_wing,5,random_pc_ridge,random,,,5,500019,1000,5070,563,4500,4500,40673.818606964225,0.25945725965544336,1.1531813144683838,-0.00018337910478101997,,,0.0,0.06351947085931897
thr_wing,5,random_pc_ridge,random,,,5,500019,1500,5070,563,4500,4500,40673.818606964225,0.30013487269347555,1.1143290996551514,-0.00018556391706691725,,,0.0,0.10941373207606375
thr_wing,5,random_pc_ridge,random,,,5,500019,2000,5070,563,4500,4500,40673.818606964225,0.3210200761585565,1.080397367477417,-0.00018555369287559764,,,0.0,0.13252382981590927
thr_wing,5,random_pc_ridge,random,,,5,500019,2500,5070,563,4500,4500,40673.818606964225,0.3452076591378362,1.05870521068573,-0.00018997509794129822,,,0.0,0.19768305215984583
thr_wing,5,random_pc_ridge,random,,,5,500019,3000,5070,563,4500,4500,40673.818606964225,0.3358258196422457,1.0453559160232544,-0.00018152447111877685,,,0.0,0.2506113788112998
thr_wing,5,random_pc_ridge,random,,,5,500019,3500,5070,563,4500,4500,40673.818606964225,0.33292763931005914,1.036237120628357,-0.00018132039359575774,,,0.0,0.3176506068557501
thr_wing,5,random_pc_ridge,random,,,5,500019,4000,5070,563,4500,4500,40673.818606964225,0.3477104755327068,1.020366907119751,-0.00017700143334452206,,,0.0,0.39737241179682314
thr_wing,5,random_pc_ridge,random,,,5,500019,4500,5070,563,4500,4500,40673.818606964225,0.34982074338432734,1.011020541191101,-0.00017768284877090886,,,0.0,0.4953929749317467
thr_wing,5,random_pc_ridge,random,,,6,500020,500,5070,563,4500,4500,40673.818606964225,0.20270584112954493,1.1829650402069092,-0.0001983320457597219,,,0.0,0.035713890101760626
thr_wing,5,random_pc_ridge,random,,,6,500020,1000,5070,563,4500,4500,40673.818606964225,0.2633991300450639,1.13901948928833,-0.00019698759415496893,,,0.0,0.06326116505078971
thr_wing,5,random_pc_ridge,random,,,6,500020,1500,5070,563,4500,4500,40673.818606964225,0.27349814946911094,1.1134713888168335,-0.00020218118494038918,,,0.0,0.10287828696891665
thr_wing,5,random_pc_ridge,random,,,6,500020,2000,5070,563,4500,4500,40673.818606964225,0.28666445886523484,1.0873897075653076,-0.00019442353816496316,,,0.0,0.137199847958982
thr_wing,5,random_pc_ridge,random,,,6,500020,2500,5070,563,4500,4500,40673.818606964225,0.3012771235226827,1.0747555494308472,-0.00020104079104293362,,,0.0,0.1985266760457307
thr_wing,5,random_pc_ridge,random,,,6,500020,3000,5070,563,4500,4500,40673.818606964225,0.318920402786582,1.0600913763046265,-0.00018991573525545125,,,0.0,0.24523783288896084
thr_wing,5,random_pc_ridge,random,,,6,500020,3500,5070,563,4500,4500,40673.818606964225,0.3341571955468564,1.0342308282852173,-0.00019244639973108938,,,0.0,0.3199021571781486
thr_wing,5,random_pc_ridge,random,,,6,500020,4000,5070,563,4500,4500,40673.818606964225,0.34843241710057066,1.0178487300872803,-0.00018321527704205737,,,0.0,0.39301259303465486
thr_wing,5,random_pc_ridge,random,,,6,500020,4500,5070,563,4500,4500,40673.818606964225,0.3520785179766338,1.00462806224823,-0.00017982286795581708,,,0.0,0.4991468139924109
thr_wing,5,random_pc_ridge,random,,,7,500021,500,5070,563,4500,4500,40673.818606964225,0.23747950705229728,1.1809321641921997,-0.00015876156587001197,,,0.0,0.03626768314279616
thr_wing,5,random_pc_ridge,random,,,7,500021,1000,5070,563,4500,4500,40673.818606964225,0.23863295247280153,1.1594961881637573,-0.00015615428028865886,,,0.0,0.06339607504196465
thr_wing,5,random_pc_ridge,random,,,7,500021,1500,5070,563,4500,4500,40673.818606964225,0.2562488856474951,1.1159720420837402,-0.00017310375802146182,,,0.0,0.09329362399876118
thr_wing,5,random_pc_ridge,random,,,7,500021,2000,5070,563,4500,4500,40673.818606964225,0.27412027125906185,1.0966755151748657,-0.00015155752839862057,,,0.0,0.13471995294094086
thr_wing,5,random_pc_ridge,random,,,7,500021,2500,5070,563,4500,4500,40673.818606964225,0.3016843280763014,1.0709481239318848,-0.000164761635643933,,,0.0,0.1966064008884132
thr_wing,5,random_pc_ridge,random,,,7,500021,3000,5070,563,4500,4500,40673.818606964225,0.31403951700602045,1.0553864240646362,-0.0001666774296188617,,,0.0,0.2578516020439565
thr_wing,5,random_pc_ridge,random,,,7,500021,3500,5070,563,4500,4500,40673.818606964225,0.3367134547992835,1.0357955694198608,-0.00017405108372161017,,,0.0,0.30963118001818657
thr_wing,5,random_pc_ridge,random,,,7,500021,4000,5070,563,4500,4500,40673.818606964225,0.3353351258672507,1.028310775756836,-0.00017611284014033694,,,0.0,0.3979691150598228
thr_wing,5,random_pc_ridge,random,,,7,500021,4500,5070,563,4500,4500,40673.818606964225,0.34970995209481515,1.0139394998550415,-0.00018026650961473406,,,0.0,0.4985133840236813
thr_wing,5,random_pc_ridge,random,,,8,500022,500,5070,563,4500,4500,40673.818606964225,0.15410052091700133,1.1960991621017456,-0.00019795064214792296,,,0.0,0.03662407700903714
thr_wing,5,random_pc_ridge,random,,,8,500022,1000,5070,563,4500,4500,40673.818606964225,0.21945612294477718,1.1601123809814453,-0.00019012547680906407,,,0.0,0.06440010783262551
thr_wing,5,random_pc_ridge,random,,,8,500022,1500,5070,563,4500,4500,40673.818606964225,0.2359315723281433,1.121113657951355,-0.0001721749498246178,,,0.0,0.10938444803468883
thr_wing,5,random_pc_ridge,random,,,8,500022,2000,5070,563,4500,4500,40673.818606964225,0.2719831886988236,1.0856472253799438,-0.00016406432099834174,,,0.0,0.13773927092552185
thr_wing,5,random_pc_ridge,random,,,8,500022,2500,5070,563,4500,4500,40673.818606964225,0.3149831094193414,1.0631563663482666,-0.00016998204957122598,,,0.0,0.19447113992646337
thr_wing,5,random_pc_ridge,random,,,8,500022,3000,5070,563,4500,4500,40673.818606964225,0.3428973411432067,1.0408308506011963,-0.00016479781066389433,,,0.0,0.25383447390049696
thr_wing,5,random_pc_ridge,random,,,8,500022,3500,5070,563,4500,4500,40673.818606964225,0.36234811800399397,1.0156993865966797,-0.00016229484287057528,,,0.0,0.3109920381102711
thr_wing,5,random_pc_ridge,random,,,8,500022,4000,5070,563,4500,4500,40673.818606964225,0.364947600496212,1.0063062906265259,-0.00015723379096961606,,,0.0,0.3956684919539839
thr_wing,5,random_pc_ridge,random,,,8,500022,4500,5070,563,4500,4500,40673.818606964225,0.36150381956770283,0.9999810457229614,-0.00016447790072261014,,,0.0,0.49573966418392956
thr_wing,5,random_pc_ridge,random,,,9,500023,500,5070,563,4500,4500,40673.818606964225,0.1753198651751374,1.2039263248443604,-0.00017641251556301402,,,0.0,0.03632102394476533
thr_wing,5,random_pc_ridge,random,,,9,500023,1000,5070,563,4500,4500,40673.818606964225,0.20456584639808634,1.1784632205963135,-0.0001764447094695589,,,0.0,0.06341386586427689
thr_wing,5,random_pc_ridge,random,,,9,500023,1500,5070,563,4500,4500,40673.818606964225,0.26830177775756986,1.1406922340393066,-0.00016831938859010072,,,0.0,0.10607063514180481
thr_wing,5,random_pc_ridge,random,,,9,500023,2000,5070,563,4500,4500,40673.818606964225,0.29511968081883966,1.1038132905960083,-0.00015931510209713323,,,0.0,0.1420384361408651
thr_wing,5,random_pc_ridge,random,,,9,500023,2500,5070,563,4500,4500,40673.818606964225,0.31774706054877266,1.0771514177322388,-0.00017310730241003704,,,0.0,0.194532586960122
thr_wing,5,random_pc_ridge,random,,,9,500023,3000,5070,563,4500,4500,40673.818606964225,0.3229647877564439,1.0541856288909912,-0.00016900937225906943,,,0.0,0.25064378208480775
thr_wing,5,random_pc_ridge,random,,,9,500023,3500,5070,563,4500,4500,40673.818606964225,0.3266340499832952,1.0392868518829346,-0.0001757893602863452,,,0.0,0.31537310616113245
thr_wing,5,random_pc_ridge,random,,,9,500023,4000,5070,563,4500,4500,40673.818606964225,0.35571906338010856,1.0057965517044067,-0.00016906440892114255,,,0.0,0.39600805495865643
thr_wing,5,random_pc_ridge,random,,,9,500023,4500,5070,563,4500,4500,40673.818606964225,0.3560367642548403,1.0028468370437622,-0.00016919900902874848,,,0.0,0.48660585284233093
thr_wing,5,avggrm_pc_ridge,avggrm,lambda_0,0.0,-1,-1,500,5070,563,4500,4500,40673.818606964225,0.2226316752499847,1.1228777170181274,0.001395932005355014,,0.001395932005355014,0.00036673410795629025,0.03528165305033326
thr_wing,5,avggrm_pc_ridge,avggrm,lambda_0,0.0,-1,-1,1000,5070,563,4500,4500,40673.818606964225,0.27135043183333846,1.0679508447647095,0.0010266500110415685,,0.0010266500110415685,0.00036673410795629025,0.06282670609652996
thr_wing,5,avggrm_pc_ridge,avggrm,lambda_0,0.0,-1,-1,1500,5070,563,4500,4500,40673.818606964225,0.3219847270798289,1.0213662385940552,0.000786779429455969,,0.000786779429455969,0.00036673410795629025,0.11134931305423379
thr_wing,5,avggrm_pc_ridge,avggrm,lambda_0,0.0,-1,-1,2000,5070,563,4500,4500,40673.818606964225,0.3448453545930993,0.9989139437675476,0.0006066110141465484,,0.0006066110141465484,0.00036673410795629025,0.13676781998947263
thr_wing,5,avggrm_pc_ridge,avggrm,lambda_0,0.0,-1,-1,2500,5070,563,4500,4500,40673.818606964225,0.34313011278421657,1.0021260976791382,0.0004606972426620449,,0.0004606972426620449,0.00036673410795629025,0.18644864507950842
thr_wing,5,avggrm_pc_ridge,avggrm,lambda_0,0.0,-1,-1,3000,5070,563,4500,4500,40673.818606964225,0.36442634111718214,0.9902790188789368,0.00033441632715588087,,0.00033441632715588087,0.00036673410795629025,0.2497203799430281
thr_wing,5,avggrm_pc_ridge,avggrm,lambda_0,0.0,-1,-1,3500,5070,563,4500,4500,40673.818606964225,0.3671848570269488,0.9826154708862305,0.00021782894842394812,,0.00021782894842394812,0.00036673410795629025,0.3125219941139221
thr_wing,5,avggrm_pc_ridge,avggrm,lambda_0,0.0,-1,-1,4000,5070,563,4500,4500,40673.818606964225,0.358935410194336,0.9888015985488892,0.00010562253549234113,,0.00010562253549234113,0.00036673410795629025,0.40456608100794256
thr_wing,5,avggrm_pc_ridge,avggrm,lambda_0,0.0,-1,-1,4500,5070,563,4500,4500,40673.818606964225,0.3604000049528968,0.9881055951118469,-8.953229543789594e-06,,-8.953229543789594e-06,0.00036673410795629025,0.4925912758335471
thr_wing,5,avggrm_diversity_pc_ridge,avggrm_diversity,lambda_1,1.0,-1,-1,500,5070,563,4500,4500,40673.818606964225,0.22671787381227007,1.1339809894561768,0.0003659466576447593,0.0009500308828577104,-0.0005840842252129511,0.5181768971960992,0.036785871954634786
thr_wing,5,avggrm_diversity_pc_ridge,avggrm_diversity,lambda_1,1.0,-1,-1,1000,5070,563,4500,4500,40673.818606964225,0.2789565805675473,1.0773167610168457,0.0003599634034696194,0.00045616606953541533,-9.620266606579593e-05,0.5181768971960992,0.06791780795902014
thr_wing,5,avggrm_diversity_pc_ridge,avggrm_diversity,lambda_1,1.0,-1,-1,1500,5070,563,4500,4500,40673.818606964225,0.31355768241689114,1.040692925453186,0.00032624706240149624,0.0003072738093396312,1.897325306186501e-05,0.5181768971960992,0.11988024599850178
thr_wing,5,avggrm_diversity_pc_ridge,avggrm_diversity,lambda_1,1.0,-1,-1,2000,5070,563,4500,4500,40673.818606964225,0.33234875142588455,1.0098888874053955,0.0002861144190856901,0.00022732282659596406,5.879159248972605e-05,0.5181768971960992,0.15022837277501822
thr_wing,5,avggrm_diversity_pc_ridge,avggrm_diversity,lambda_1,1.0,-1,-1,2500,5070,563,4500,4500,40673.818606964225,0.3450739228171458,1.0017247200012207,0.00023900097297311417,0.00017459463397941029,6.440633899370388e-05,0.5181768971960992,0.19553449586965144
thr_wing,5,avggrm_diversity_pc_ridge,avggrm_diversity,lambda_1,1.0,-1,-1,3000,5070,563,4500,4500,40673.818606964225,0.3566654272162585,0.9931219816207886,0.00018422519203221036,0.00013201043381045347,5.221475822175689e-05,0.5181768971960992,0.2558643009979278
thr_wing,5,avggrm_diversity_pc_ridge,avggrm_diversity,lambda_1,1.0,-1,-1,3500,5070,563,4500,4500,40673.818606964225,0.3564996806323882,0.9896782040596008,0.00011969554545676481,9.373045199449856e-05,2.5965093462266246e-05,0.5181768971960992,0.3115267239045352
thr_wing,5,avggrm_diversity_pc_ridge,avggrm_diversity,lambda_1,1.0,-1,-1,4000,5070,563,4500,4500,40673.818606964225,0.36009646319354954,0.9892458915710449,4.959894158769498e-05,6.448149485280448e-05,-1.4882553265109498e-05,0.5181768971960992,0.39325610105879605
thr_wing,5,avggrm_diversity_pc_ridge,avggrm_diversity,lambda_1,1.0,-1,-1,4500,5070,563,4500,4500,40673.818606964225,0.35949991327992276,0.9913820028305054,-3.560929448259949e-05,3.7917010215861505e-05,-7.352630469846099e-05,0.5181768971960992,0.49801229406148195
thr_wing,6,full_train_pc_ridge,full_train,,,-1,-1,5070,5070,563,4500,4500,40673.818606964225,0.3115379066086658,0.9511538743972778,-0.00016823900606962369,2.3898287590650815e-05,,0.0,0.5273736009839922
thr_wing,6,random_pc_ridge,random,,,0,600014,500,5070,563,4500,4500,40673.818606964225,0.09033409851098696,1.1675373315811157,-0.00019929535278896522,,,0.0,0.03625623881816864
thr_wing,6,random_pc_ridge,random,,,0,600014,1000,5070,563,4500,4500,40673.818606964225,0.1739778217058118,1.1199818849563599,-0.0001904188331861364,,,0.0,0.06535772792994976
thr_wing,6,random_pc_ridge,random,,,0,600014,1500,5070,563,4500,4500,40673.818606964225,0.16996413541692162,1.0970218181610107,-0.0001918982097575679,,,0.0,0.09261549613438547
thr_wing,6,random_pc_ridge,random,,,0,600014,2000,5070,563,4500,4500,40673.818606964225,0.21801985167299193,1.0395904779434204,-0.00020747665628494317,,,0.0,0.14043416595086455
thr_wing,6,random_pc_ridge,random,,,0,600014,2500,5070,563,4500,4500,40673.818606964225,0.25575335111923914,0.9992453455924988,-0.00017791631996769383,,,0.0,0.192518746946007
thr_wing,6,random_pc_ridge,random,,,0,600014,3000,5070,563,4500,4500,40673.818606964225,0.2688070143575746,0.9917474389076233,-0.00017969322916349222,,,0.0,0.24654218088835478
thr_wing,6,random_pc_ridge,random,,,0,600014,3500,5070,563,4500,4500,40673.818606964225,0.25985574349224627,1.0002949237823486,-0.00017131091185091093,,,0.0,0.31338556483387947
thr_wing,6,random_pc_ridge,random,,,0,600014,4000,5070,563,4500,4500,40673.818606964225,0.28491487830656115,0.9827622771263123,-0.000169559384992305,,,0.0,0.3934046421200037
thr_wing,6,random_pc_ridge,random,,,0,600014,4500,5070,563,4500,4500,40673.818606964225,0.2965464068792002,0.9688796401023865,-0.00017058768355255265,,,0.0,0.49937532702460885
thr_wing,6,random_pc_ridge,random,,,1,600015,500,5070,563,4500,4500,40673.818606964225,0.15761210029618622,1.148282527923584,-0.00018740388621701204,,,0.0,0.03575901291333139
thr_wing,6,random_pc_ridge,random,,,1,600015,1000,5070,563,4500,4500,40673.818606964225,0.21334599036735563,1.0929136276245117,-0.00018709179608599068,,,0.0,0.06353034009225667
thr_wing,6,random_pc_ridge,random,,,1,600015,1500,5070,563,4500,4500,40673.818606964225,0.23502268652791375,1.0623215436935425,-0.00017334892067920094,,,0.0,0.10916084400378168
thr_wing,6,random_pc_ridge,random,,,1,600015,2000,5070,563,4500,4500,40673.818606964225,0.2731319237965707,1.0289629697799683,-0.00017452908571748837,,,0.0,0.13783125299960375
thr_wing,6,random_pc_ridge,random,,,1,600015,2500,5070,563,4500,4500,40673.818606964225,0.29839256503908745,0.9965258836746216,-0.0001824673386859437,,,0.0,0.1946326799225062
thr_wing,6,random_pc_ridge,random,,,1,600015,3000,5070,563,4500,4500,40673.818606964225,0.29664144131168385,1.0022048950195312,-0.00017610020143716686,,,0.0,0.2484410780016333
thr_wing,6,random_pc_ridge,random,,,1,600015,3500,5070,563,4500,4500,40673.818606964225,0.3056538637078663,0.99079430103302,-0.00017543985629269108,,,0.0,0.3179770780261606
thr_wing,6,random_pc_ridge,random,,,1,600015,4000,5070,563,4500,4500,40673.818606964225,0.3103695559765026,0.9750354290008545,-0.0001747003725391505,,,0.0,0.3962616678327322
thr_wing,6,random_pc_ridge,random,,,1,600015,4500,5070,563,4500,4500,40673.818606964225,0.3156564833524825,0.9597519040107727,-0.0001701053388192265,,,0.0,0.4970842110924423
thr_wing,6,random_pc_ridge,random,,,2,600016,500,5070,563,4500,4500,40673.818606964225,0.22020180467547398,1.129172921180725,-0.00023098650729626346,,,0.0,0.03574306098744273
thr_wing,6,random_pc_ridge,random,,,2,600016,1000,5070,563,4500,4500,40673.818606964225,0.2147273943457114,1.0935204029083252,-0.00018132360917021573,,,0.0,0.06350264302454889
thr_wing,6,random_pc_ridge,random,,,2,600016,1500,5070,563,4500,4500,40673.818606964225,0.2251701069589122,1.081803560256958,-0.00018685798073148503,,,0.0,0.10717400209978223
thr_wing,6,random_pc_ridge,random,,,2,600016,2000,5070,563,4500,4500,40673.818606964225,0.2235080095036372,1.0678845643997192,-0.0001756482582258976,,,0.0,0.13297904888167977
thr_wing,6,random_pc_ridge,random,,,2,600016,2500,5070,563,4500,4500,40673.818606964225,0.25628020888967307,1.0459476709365845,-0.00017121806204068712,,,0.0,0.20245804404839873
thr_wing,6,random_pc_ridge,random,,,2,600016,3000,5070,563,4500,4500,40673.818606964225,0.280019811778892,1.0160746574401855,-0.00016096501526854893,,,0.0,0.258847801014781
thr_wing,6,random_pc_ridge,random,,,2,600016,3500,5070,563,4500,4500,40673.818606964225,0.30600729793382464,0.9846835136413574,-0.00015873800356816213,,,0.0,0.31389639899134636
thr_wing,6,random_pc_ridge,random,,,2,600016,4000,5070,563,4500,4500,40673.818606964225,0.2991371442498338,0.9755087494850159,-0.00016195271966469577,,,0.0,0.3940529639367014
thr_wing,6,random_pc_ridge,random,,,2,600016,4500,5070,563,4500,4500,40673.818606964225,0.3134238166399547,0.9623115062713623,-0.00016932740663525697,,,0.0,0.49615722498856485
thr_wing,6,random_pc_ridge,random,,,3,600017,500,5070,563,4500,4500,40673.818606964225,0.16474220995358368,1.1437619924545288,-0.00021089113437637108,,,0.0,0.03600870608352125
thr_wing,6,random_pc_ridge,random,,,3,600017,1000,5070,563,4500,4500,40673.818606964225,0.1982654761657314,1.0994844436645508,-0.00017179005104244515,,,0.0,0.06603206600993872
thr_wing,6,random_pc_ridge,random,,,3,600017,1500,5070,563,4500,4500,40673.818606964225,0.23819185996317177,1.075380563735962,-0.00015987733532809025,,,0.0,0.10532755590975285
thr_wing,6,random_pc_ridge,random,,,3,600017,2000,5070,563,4500,4500,40673.818606964225,0.26014839208698504,1.0554141998291016,-0.00016460316653785028,,,0.0,0.13365068193525076
thr_wing,6,random_pc_ridge,random,,,3,600017,2500,5070,563,4500,4500,40673.818606964225,0.2519190068494707,1.0393962860107422,-0.000164186435315278,,,0.0,0.19759611412882805
thr_wing,6,random_pc_ridge,random,,,3,600017,3000,5070,563,4500,4500,40673.818606964225,0.28468018839900894,1.0052388906478882,-0.00016527242956797434,,,0.0,0.25984656903892756
thr_wing,6,random_pc_ridge,random,,,3,600017,3500,5070,563,4500,4500,40673.818606964225,0.2636124080412492,1.0111216306686401,-0.00017689615530781916,,,0.0,0.31156223407015204
thr_wing,6,random_pc_ridge,random,,,3,600017,4000,5070,563,4500,4500,40673.818606964225,0.27829363052007694,0.9915564656257629,-0.00017778396434864032,,,0.0,0.3948800389189273
thr_wing,6,random_pc_ridge,random,,,3,600017,4500,5070,563,4500,4500,40673.818606964225,0.300278754093874,0.9699386358261108,-0.00017207704902270262,,,0.0,0.49773113592527807
thr_wing,6,random_pc_ridge,random,,,4,600018,500,5070,563,4500,4500,40673.818606964225,0.2382650872974139,1.1234328746795654,-0.00021038250860587913,,,0.0,0.036495944019407034
thr_wing,6,random_pc_ridge,random,,,4,600018,1000,5070,563,4500,4500,40673.818606964225,0.23954028234935362,1.0938959121704102,-0.00019839775716254689,,,0.0,0.06446546502411366
thr_wing,6,random_pc_ridge,random,,,4,600018,1500,5070,563,4500,4500,40673.818606964225,0.24140747666376408,1.065011739730835,-0.0001613137696605655,,,0.0,0.09463230008259416
thr_wing,6,random_pc_ridge,random,,,4,600018,2000,5070,563,4500,4500,40673.818606964225,0.23527712103188914,1.0569064617156982,-0.0001755268446010553,,,0.0,0.1393765069078654
thr_wing,6,random_pc_ridge,random,,,4,600018,2500,5070,563,4500,4500,40673.818606964225,0.23490064977046388,1.0511173009872437,-0.0001805921216335499,,,0.0,0.19357412308454514
thr_wing,6,random_pc_ridge,random,,,4,600018,3000,5070,563,4500,4500,40673.818606964225,0.26577158229776104,1.0244921445846558,-0.0001796869985618237,,,0.0,0.2515308801084757
thr_wing,6,random_pc_ridge,random,,,4,600018,3500,5070,563,4500,4500,40673.818606964225,0.2922346474191551,0.9950122237205505,-0.00017587697504659053,,,0.0,0.31596058909781277
thr_wing,6,random_pc_ridge,random,,,4,600018,4000,5070,563,4500,4500,40673.818606964225,0.3049304832456999,0.9847625494003296,-0.0001737793393620103,,,0.0,0.3952563621569425
thr_wing,6,random_pc_ridge,random,,,4,600018,4500,5070,563,4500,4500,40673.818606964225,0.3014352831755041,0.976849377155304,-0.00017127297128364142,,,0.0,0.4993821370881051
thr_wing,6,random_pc_ridge,random,,,5,600019,500,5070,563,4500,4500,40673.818606964225,0.1734190716455102,1.1533094644546509,-0.00018560966895726989,,,0.0,0.03542884113267064
thr_wing,6,random_pc_ridge,random,,,5,600019,1000,5070,563,4500,4500,40673.818606964225,0.190391705209611,1.1251435279846191,-0.00017819851193443938,,,0.0,0.06546177691780031
thr_wing,6,random_pc_ridge,random,,,5,600019,1500,5070,563,4500,4500,40673.818606964225,0.23274210652366248,1.08114492893219,-0.00017828695550780438,,,0.0,0.10080622788518667
thr_wing,6,random_pc_ridge,random,,,5,600019,2000,5070,563,4500,4500,40673.818606964225,0.25021700714244455,1.0464555025100708,-0.00016770319489685582,,,0.0,0.13932227296754718
thr_wing,6,random_pc_ridge,random,,,5,600019,2500,5070,563,4500,4500,40673.818606964225,0.24815213463530159,1.0329806804656982,-0.00016484028992934887,,,0.0,0.1954651540145278
thr_wing,6,random_pc_ridge,random,,,5,600019,3000,5070,563,4500,4500,40673.818606964225,0.26743200962788194,1.0174155235290527,-0.00017059495673297083,,,0.0,0.2514728179667145
thr_wing,6,random_pc_ridge,random,,,5,600019,3500,5070,563,4500,4500,40673.818606964225,0.27951524146585643,0.9977110028266907,-0.00016950837085662673,,,0.0,0.3156321528367698
thr_wing,6,random_pc_ridge,random,,,5,600019,4000,5070,563,4500,4500,40673.818606964225,0.29876251842160906,0.9815181493759155,-0.00017326320758949824,,,0.0,0.3950907851103693
thr_wing,6,random_pc_ridge,random,,,5,600019,4500,5070,563,4500,4500,40673.818606964225,0.3090834145455652,0.9636712074279785,-0.00016942403701469174,,,0.0,0.4982324601151049
thr_wing,6,random_pc_ridge,random,,,6,600020,500,5070,563,4500,4500,40673.818606964225,0.14266138581647983,1.1483724117279053,-0.0002018869342878171,,,0.0,0.03627711907029152
thr_wing,6,random_pc_ridge,random,,,6,600020,1000,5070,563,4500,4500,40673.818606964225,0.17992567784732447,1.113179326057434,-0.0001643078070174913,,,0.0,0.06329273991286755
thr_wing,6,random_pc_ridge,random,,,6,600020,1500,5070,563,4500,4500,40673.818606964225,0.17835586382418184,1.0903794765472412,-0.00015824279241587796,,,0.0,0.1092863839585334
thr_wing,6,random_pc_ridge,random,,,6,600020,2000,5070,563,4500,4500,40673.818606964225,0.21415163836727502,1.0568641424179077,-0.00016939292533112507,,,0.0,0.13377630501054227
thr_wing,6,random_pc_ridge,random,,,6,600020,2500,5070,563,4500,4500,40673.818606964225,0.23167741503495215,1.0351701974868774,-0.00017778161937345298,,,0.0,0.19752428284846246
thr_wing,6,random_pc_ridge,random,,,6,600020,3000,5070,563,4500,4500,40673.818606964225,0.24637643251893399,1.019622564315796,-0.00017232493996778472,,,0.0,0.25158630684018135
thr_wing,6,random_pc_ridge,random,,,6,600020,3500,5070,563,4500,4500,40673.818606964225,0.2798586144367135,0.9880607724189758,-0.0001628997938173907,,,0.0,0.3146080041769892
thr_wing,6,random_pc_ridge,random,,,6,600020,4000,5070,563,4500,4500,40673.818606964225,0.29698778733207437,0.9632893800735474,-0.00016187137314339483,,,0.0,0.39423008006997406
thr_wing,6,random_pc_ridge,random,,,6,600020,4500,5070,563,4500,4500,40673.818606964225,0.29732919021583826,0.9635055065155029,-0.0001628474299087539,,,0.0,0.4969614609144628
thr_wing,6,random_pc_ridge,random,,,7,600021,500,5070,563,4500,4500,40673.818606964225,0.09148457950365775,1.1549968719482422,-0.00018089053369491927,,,0.0,0.03699453198350966
thr_wing,6,random_pc_ridge,random,,,7,600021,1000,5070,563,4500,4500,40673.818606964225,0.14960334370554784,1.106810212135315,-0.00015211476899824766,,,0.0,0.06461068405769765
thr_wing,6,random_pc_ridge,random,,,7,600021,1500,5070,563,4500,4500,40673.818606964225,0.23200015326382423,1.0619087219238281,-0.00016086919143582374,,,0.0,0.10734289302490652
thr_wing,6,random_pc_ridge,random,,,7,600021,2000,5070,563,4500,4500,40673.818606964225,0.24126662214226413,1.0416909456253052,-0.00016597605016903817,,,0.0,0.1337109599262476
thr_wing,6,random_pc_ridge,random,,,7,600021,2500,5070,563,4500,4500,40673.818606964225,0.25779663724481905,1.0229355096817017,-0.00016941889644794575,,,0.0,0.19252840406261384
thr_wing,6,random_pc_ridge,random,,,7,600021,3000,5070,563,4500,4500,40673.818606964225,0.2648840215583935,1.0144312381744385,-0.0001714091485900829,,,0.0,0.2489097930956632
thr_wing,6,random_pc_ridge,random,,,7,600021,3500,5070,563,4500,4500,40673.818606964225,0.28820874434926674,0.9969666600227356,-0.0001802530931296799,,,0.0,0.31007641088217497
thr_wing,6,random_pc_ridge,random,,,7,600021,4000,5070,563,4500,4500,40673.818606964225,0.29221716702500167,0.9860078692436218,-0.00018064212728992443,,,0.0,0.3919670239556581
thr_wing,6,random_pc_ridge,random,,,7,600021,4500,5070,563,4500,4500,40673.818606964225,0.30299756963808794,0.9672240018844604,-0.00017352720727160264,,,0.0,0.4990834908094257
thr_wing,6,random_pc_ridge,random,,,8,600022,500,5070,563,4500,4500,40673.818606964225,0.11688198809241494,1.153878092765808,-0.00013266085019362695,,,0.0,0.037563246209174395
thr_wing,6,random_pc_ridge,random,,,8,600022,1000,5070,563,4500,4500,40673.818606964225,0.2378218504809029,1.0809816122055054,-0.00012991144541262635,,,0.0,0.0663986480794847
thr_wing,6,random_pc_ridge,random,,,8,600022,1500,5070,563,4500,4500,40673.818606964225,0.23161571468657,1.079559087753296,-0.00015173473604398726,,,0.0,0.10430176299996674
thr_wing,6,random_pc_ridge,random,,,8,600022,2000,5070,563,4500,4500,40673.818606964225,0.2167294459715158,1.0636931657791138,-0.00015770275634570684,,,0.0,0.1336502938065678
thr_wing,6,random_pc_ridge,random,,,8,600022,2500,5070,563,4500,4500,40673.818606964225,0.23773991193052382,1.0403616428375244,-0.0001465926171246244,,,0.0,0.19763526879251003
thr_wing,6,random_pc_ridge,random,,,8,600022,3000,5070,563,4500,4500,40673.818606964225,0.23448694754325877,1.0244842767715454,-0.00014598936095105874,,,0.0,0.25883194198831916
thr_wing,6,random_pc_ridge,random,,,8,600022,3500,5070,563,4500,4500,40673.818606964225,0.2697409341509086,0.9945868253707886,-0.0001499463685016347,,,0.0,0.31033377395942807
thr_wing,6,random_pc_ridge,random,,,8,600022,4000,5070,563,4500,4500,40673.818606964225,0.280037109628579,0.9898625016212463,-0.00016317160107140281,,,0.0,0.39630777295678854
thr_wing,6,random_pc_ridge,random,,,8,600022,4500,5070,563,4500,4500,40673.818606964225,0.29869049051688307,0.9721419215202332,-0.0001603376817038308,,,0.0,0.49535882589407265
thr_wing,6,random_pc_ridge,random,,,9,600023,500,5070,563,4500,4500,40673.818606964225,0.08055918186486159,1.1584587097167969,-0.00012037383092859951,,,0.0,0.03558837785385549
thr_wing,6,random_pc_ridge,random,,,9,600023,1000,5070,563,4500,4500,40673.818606964225,0.14428784950135567,1.1276534795761108,-0.00014655904211573767,,,0.0,0.06359723792411387
thr_wing,6,random_pc_ridge,random,,,9,600023,1500,5070,563,4500,4500,40673.818606964225,0.19389250763386856,1.1002817153930664,-0.00014090691233396426,,,0.0,0.10946681210771203
thr_wing,6,random_pc_ridge,random,,,9,600023,2000,5070,563,4500,4500,40673.818606964225,0.24345409592578524,1.0572543144226074,-0.00014693961678276346,,,0.0,0.13760854792781174
thr_wing,6,random_pc_ridge,random,,,9,600023,2500,5070,563,4500,4500,40673.818606964225,0.2622951498232163,1.033815860748291,-0.00014426898105716147,,,0.0,0.1935187941417098
thr_wing,6,random_pc_ridge,random,,,9,600023,3000,5070,563,4500,4500,40673.818606964225,0.2651701517768802,1.0341596603393555,-0.00014787778285983344,,,0.0,0.25160838500596583
thr_wing,6,random_pc_ridge,random,,,9,600023,3500,5070,563,4500,4500,40673.818606964225,0.2750621428829167,1.014365315437317,-0.00016211748795362104,,,0.0,0.31375453900545835
thr_wing,6,random_pc_ridge,random,,,9,600023,4000,5070,563,4500,4500,40673.818606964225,0.3026630636257231,0.9859181046485901,-0.0001665637388771,,,0.0,0.39485063101164997
thr_wing,6,random_pc_ridge,random,,,9,600023,4500,5070,563,4500,4500,40673.818606964225,0.3009089868388903,0.9803309440612793,-0.0001688753867507681,,,0.0,0.4995411019772291
thr_wing,6,avggrm_pc_ridge,avggrm,lambda_0,0.0,-1,-1,500,5070,563,4500,4500,40673.818606964225,0.2582918320631556,1.073326587677002,0.0013932047497694996,,0.0013932047497694996,0.0003667611163109541,0.035520383855327964
thr_wing,6,avggrm_pc_ridge,avggrm,lambda_0,0.0,-1,-1,1000,5070,563,4500,4500,40673.818606964225,0.2969868466286753,1.030471920967102,0.0010260851985968453,,0.0010260851985968453,0.0003667611163109541,0.06347504095174372
thr_wing,6,avggrm_pc_ridge,avggrm,lambda_0,0.0,-1,-1,1500,5070,563,4500,4500,40673.818606964225,0.2927543300930464,1.0197216272354126,0.000794481768331416,,0.000794481768331416,0.0003667611163109541,0.10387138393707573
thr_wing,6,avggrm_pc_ridge,avggrm,lambda_0,0.0,-1,-1,2000,5070,563,4500,4500,40673.818606964225,0.27972914006475963,1.0082570314407349,0.0006176210153343172,,0.0006176210153343172,0.0003667611163109541,0.13927321694791317
thr_wing,6,avggrm_pc_ridge,avggrm,lambda_0,0.0,-1,-1,2500,5070,563,4500,4500,40673.818606964225,0.2995530765237294,0.9863811135292053,0.0004704895954857639,,0.0004704895954857639,0.0003667611163109541,0.19148783711716533
thr_wing,6,avggrm_pc_ridge,avggrm,lambda_0,0.0,-1,-1,3000,5070,563,4500,4500,40673.818606964225,0.30821253309224533,0.9764257073402405,0.0003441142100043144,,0.0003441142100043144,0.0003667611163109541,0.2524550319649279
thr_wing,6,avggrm_pc_ridge,avggrm,lambda_0,0.0,-1,-1,3500,5070,563,4500,4500,40673.818606964225,0.3015486320690136,0.9792602062225342,0.00022788479225462787,,0.00022788479225462787,0.0003667611163109541,0.31329053500667214
thr_wing,6,avggrm_pc_ridge,avggrm,lambda_0,0.0,-1,-1,4000,5070,563,4500,4500,40673.818606964225,0.3009868067046067,0.9702365398406982,0.0001158342859285681,,0.0001158342859285681,0.0003667611163109541,0.3957562579307705
thr_wing,6,avggrm_pc_ridge,avggrm,lambda_0,0.0,-1,-1,4500,5070,563,4500,4500,40673.818606964225,0.3076380393005502,0.957286536693573,7.1668636801633e-07,,7.1668636801633e-07,0.0003667611163109541,0.4975109410006553
thr_wing,6,avggrm_diversity_pc_ridge,avggrm_diversity,lambda_1,1.0,-1,-1,500,5070,563,4500,4500,40673.818606964225,0.22223574190698583,1.0894997119903564,0.0003687735583551904,0.0009275185182895573,-0.0005587449599343669,0.5231882950756699,0.035109530203044415
thr_wing,6,avggrm_diversity_pc_ridge,avggrm_diversity,lambda_1,1.0,-1,-1,1000,5070,563,4500,4500,40673.818606964225,0.2649356416594538,1.0434480905532837,0.00034492326360376383,0.00044243559646173143,-9.75123328579676e-05,0.5231882950756699,0.0658758960198611
thr_wing,6,avggrm_diversity_pc_ridge,avggrm_diversity,lambda_1,1.0,-1,-1,1500,5070,563,4500,4500,40673.818606964225,0.3025644623584633,0.9983043670654297,0.00032408365564213143,0.000303781419463038,2.030223617909341e-05,0.5231882950756699,0.10942048509605229
thr_wing,6,avggrm_diversity_pc_ridge,avggrm_diversity,lambda_1,1.0,-1,-1,2000,5070,563,4500,4500,40673.818606964225,0.30975748704563555,0.9687883853912354,0.0002817051630185209,0.0002236305086300022,5.8074654388518714e-05,0.5231882950756699,0.13767831702716649
thr_wing,6,avggrm_diversity_pc_ridge,avggrm_diversity,lambda_1,1.0,-1,-1,2500,5070,563,4500,4500,40673.818606964225,0.3190470344174636,0.9620190858840942,0.00023257508954235132,0.00017011320022725874,6.246188931509258e-05,0.5231882950756699,0.1975310759153217
thr_wing,6,avggrm_diversity_pc_ridge,avggrm_diversity,lambda_1,1.0,-1,-1,3000,5070,563,4500,4500,40673.818606964225,0.3154991588101655,0.9583538770675659,0.00017987092380210182,0.00012939930945306993,5.047161434903189e-05,0.5231882950756699,0.25050953798927367
thr_wing,6,avggrm_diversity_pc_ridge,avggrm_diversity,lambda_1,1.0,-1,-1,3500,5070,563,4500,4500,40673.818606964225,0.3095564600067349,0.954536497592926,0.00011899755209114677,9.476928874086313e-05,2.4228263350283637e-05,0.5231882950756699,0.31516315205954015
thr_wing,6,avggrm_diversity_pc_ridge,avggrm_diversity,lambda_1,1.0,-1,-1,4000,5070,563,4500,4500,40673.818606964225,0.312295235226859,0.9539905786514282,4.729824028319007e-05,6.312932708429122e-05,-1.5831086801101156e-05,0.5231882950756699,0.39695190312340856
thr_wing,6,avggrm_diversity_pc_ridge,avggrm_diversity,lambda_1,1.0,-1,-1,4500,5070,563,4500,4500,40673.818606964225,0.31247338449858136,0.9534304141998291,-3.371725441533799e-05,3.869188860079226e-05,-7.240914301613025e-05,0.5231882950756699,0.49697822984308004
thr_wing,7,full_train_pc_ridge,full_train,,,-1,-1,5070,5070,563,4500,4500,40673.818606964225,0.3364521122074414,1.0532996654510498,-0.00018230587480015772,2.5859427305322474e-05,,0.0,0.5536992498673499
thr_wing,7,random_pc_ridge,random,,,0,700014,500,5070,563,4500,4500,40673.818606964225,0.15165723949432017,1.2859090566635132,-0.0002041422464699093,,,0.0,0.0430757540743798
thr_wing,7,random_pc_ridge,random,,,0,700014,1000,5070,563,4500,4500,40673.818606964225,0.2050658161001326,1.2252888679504395,-0.0001998120905274997,,,0.0,0.22382112895138562
thr_wing,7,random_pc_ridge,random,,,0,700014,1500,5070,563,4500,4500,40673.818606964225,0.23245856024021,1.1905142068862915,-0.00020762577878822785,,,0.0,0.25013970700092614
thr_wing,7,random_pc_ridge,random,,,0,700014,2000,5070,563,4500,4500,40673.818606964225,0.24629633728617584,1.1792018413543701,-0.00019513450459561038,,,0.0,0.15188281401060522
thr_wing,7,random_pc_ridge,random,,,0,700014,2500,5070,563,4500,4500,40673.818606964225,0.27090363780710913,1.1517761945724487,-0.00018757176167404817,,,0.0,0.19446087488904595
thr_wing,7,random_pc_ridge,random,,,0,700014,3000,5070,563,4500,4500,40673.818606964225,0.2830728982128202,1.1349806785583496,-0.00018408710004546463,,,0.0,0.26732813008129597
thr_wing,7,random_pc_ridge,random,,,0,700014,3500,5070,563,4500,4500,40673.818606964225,0.30378660007618313,1.115828275680542,-0.00018963877719077116,,,0.0,0.3181965409312397
thr_wing,7,random_pc_ridge,random,,,0,700014,4000,5070,563,4500,4500,40673.818606964225,0.3087279753801444,1.0944265127182007,-0.00019118592363649166,,,0.0,0.3919985140673816
thr_wing,7,random_pc_ridge,random,,,0,700014,4500,5070,563,4500,4500,40673.818606964225,0.31650790235319853,1.0839972496032715,-0.0001817194505972965,,,0.0,0.49865926103666425
thr_wing,7,random_pc_ridge,random,,,1,700015,500,5070,563,4500,4500,40673.818606964225,0.17683506960483802,1.2797726392745972,-0.0001984084724136117,,,0.0,0.03744673193432391
thr_wing,7,random_pc_ridge,random,,,1,700015,1000,5070,563,4500,4500,40673.818606964225,0.2505356115363977,1.2220638990402222,-0.0001822518817440721,,,0.0,0.0693711619824171
thr_wing,7,random_pc_ridge,random,,,1,700015,1500,5070,563,4500,4500,40673.818606964225,0.2446138289142222,1.195061445236206,-0.00017486388364676433,,,0.0,0.10130660096183419
thr_wing,7,random_pc_ridge,random,,,1,700015,2000,5070,563,4500,4500,40673.818606964225,0.2770792686265521,1.1675013303756714,-0.00017464153399719765,,,0.0,0.13275428186170757
thr_wing,7,random_pc_ridge,random,,,1,700015,2500,5070,563,4500,4500,40673.818606964225,0.27244778100941036,1.1608210802078247,-0.00016796643237604564,,,0.0,0.1955507630482316
thr_wing,7,random_pc_ridge,random,,,1,700015,3000,5070,563,4500,4500,40673.818606964225,0.25867463005148955,1.1486916542053223,-0.00017580684481245882,,,0.0,0.2593642689753324
thr_wing,7,random_pc_ridge,random,,,1,700015,3500,5070,563,4500,4500,40673.818606964225,0.28597334958173154,1.1282778978347778,-0.00018030847334561946,,,0.0,0.31621833401732147
thr_wing,7,random_pc_ridge,random,,,1,700015,4000,5070,563,4500,4500,40673.818606964225,0.2977252171838458,1.1141890287399292,-0.0001918051105900501,,,0.0,0.3967868140898645
thr_wing,7,random_pc_ridge,random,,,1,700015,4500,5070,563,4500,4500,40673.818606964225,0.31322655993560283,1.0877982378005981,-0.00018484324241520777,,,0.0,0.49598126392811537
thr_wing,7,random_pc_ridge,random,,,2,700016,500,5070,563,4500,4500,40673.818606964225,0.17321260237850658,1.2886710166931152,-8.730098689121101e-05,,,0.0,0.03620066889561713
thr_wing,7,random_pc_ridge,random,,,2,700016,1000,5070,563,4500,4500,40673.818606964225,0.1611495467032013,1.2584627866744995,-0.00010264371939343396,,,0.0,0.06443229177966714
thr_wing,7,random_pc_ridge,random,,,2,700016,1500,5070,563,4500,4500,40673.818606964225,0.20696839385769739,1.2206265926361084,-0.0001388685180678777,,,0.0,0.0936014368198812
thr_wing,7,random_pc_ridge,random,,,2,700016,2000,5070,563,4500,4500,40673.818606964225,0.23735877476764988,1.1947500705718994,-0.000156106590017298,,,0.0,0.14540220005437732
thr_wing,7,random_pc_ridge,random,,,2,700016,2500,5070,563,4500,4500,40673.818606964225,0.269606380709966,1.1636031866073608,-0.00016225811600062672,,,0.0,0.1896022311411798
thr_wing,7,random_pc_ridge,random,,,2,700016,3000,5070,563,4500,4500,40673.818606964225,0.2836050279912625,1.1415504217147827,-0.0001691818825330751,,,0.0,0.24649354489520192
thr_wing,7,random_pc_ridge,random,,,2,700016,3500,5070,563,4500,4500,40673.818606964225,0.3120800754761307,1.0983856916427612,-0.00017274520970503022,,,0.0,0.31666170200333
thr_wing,7,random_pc_ridge,random,,,2,700016,4000,5070,563,4500,4500,40673.818606964225,0.3270222718127986,1.0808510780334473,-0.0001754868152512672,,,0.0,0.398360701976344
thr_wing,7,random_pc_ridge,random,,,2,700016,4500,5070,563,4500,4500,40673.818606964225,0.3326398995344168,1.065081238746643,-0.0001810107001876676,,,0.0,0.4962494629435241
thr_wing,7,random_pc_ridge,random,,,3,700017,500,5070,563,4500,4500,40673.818606964225,0.12842652973997393,1.277579426765442,-0.00021790577909239526,,,0.0,0.0358711329754442
thr_wing,7,random_pc_ridge,random,,,3,700017,1000,5070,563,4500,4500,40673.818606964225,0.22889339555114627,1.2271403074264526,-0.00018396224017896734,,,0.0,0.06339328293688595
thr_wing,7,random_pc_ridge,random,,,3,700017,1500,5070,563,4500,4500,40673.818606964225,0.239181621017488,1.2018465995788574,-0.00019177524245592056,,,0.0,0.10931594087742269
thr_wing,7,random_pc_ridge,random,,,3,700017,2000,5070,563,4500,4500,40673.818606964225,0.27656550425654114,1.1655298471450806,-0.00018887714528569727,,,0.0,0.13470597402192652
thr_wing,7,random_pc_ridge,random,,,3,700017,2500,5070,563,4500,4500,40673.818606964225,0.29406462571136355,1.1447819471359253,-0.00018683648750577152,,,0.0,0.18783002090640366
thr_wing,7,random_pc_ridge,random,,,3,700017,3000,5070,563,4500,4500,40673.818606964225,0.3131102031009475,1.1149640083312988,-0.000182278759083312,,,0.0,0.2661299991887063
thr_wing,7,random_pc_ridge,random,,,3,700017,3500,5070,563,4500,4500,40673.818606964225,0.3068783188625835,1.10675048828125,-0.00018718787584950887,,,0.0,0.3140893199015409
thr_wing,7,random_pc_ridge,random,,,3,700017,4000,5070,563,4500,4500,40673.818606964225,0.3269697025779469,1.0779310464859009,-0.00018767854167583476,,,0.0,0.3953874008730054
thr_wing,7,random_pc_ridge,random,,,3,700017,4500,5070,563,4500,4500,40673.818606964225,0.33287534737644997,1.0619139671325684,-0.00018500700528614609,,,0.0,0.49598461715504527
thr_wing,7,random_pc_ridge,random,,,4,700018,500,5070,563,4500,4500,40673.818606964225,0.1742976177497317,1.305178165435791,-0.00017137648418257532,,,0.0,0.035752902971580625
thr_wing,7,random_pc_ridge,random,,,4,700018,1000,5070,563,4500,4500,40673.818606964225,0.18714862420542808,1.2628778219223022,-0.00017671850733858325,,,0.0,0.0654877140186727
thr_wing,7,random_pc_ridge,random,,,4,700018,1500,5070,563,4500,4500,40673.818606964225,0.21521351349964146,1.227894902229309,-0.00018823495218771853,,,0.0,0.10739544103853405
thr_wing,7,random_pc_ridge,random,,,4,700018,2000,5070,563,4500,4500,40673.818606964225,0.24414617107160785,1.1925991773605347,-0.00019767719765898128,,,0.0,0.13764755008742213
thr_wing,7,random_pc_ridge,random,,,4,700018,2500,5070,563,4500,4500,40673.818606964225,0.27204914647426676,1.1629451513290405,-0.00018889270325678773,,,0.0,0.1975306859239936
thr_wing,7,random_pc_ridge,random,,,4,700018,3000,5070,563,4500,4500,40673.818606964225,0.27280917126361603,1.1426548957824707,-0.0001856824595200021,,,0.0,0.26318799098953605
thr_wing,7,random_pc_ridge,random,,,4,700018,3500,5070,563,4500,4500,40673.818606964225,0.2836097644216385,1.1200629472732544,-0.00018965698321248955,,,0.0,0.3120085478294641
thr_wing,7,random_pc_ridge,random,,,4,700018,4000,5070,563,4500,4500,40673.818606964225,0.3002805083425114,1.095740795135498,-0.00018479961492730559,,,0.0,0.3967733399476856
thr_wing,7,random_pc_ridge,random,,,4,700018,4500,5070,563,4500,4500,40673.818606964225,0.3041376255301738,1.0845457315444946,-0.00018471016018029672,,,0.0,0.4937879480421543
thr_wing,7,random_pc_ridge,random,,,5,700019,500,5070,563,4500,4500,40673.818606964225,0.14190547705234874,1.2809911966323853,-0.00019866418897194335,,,0.0,0.03592901909723878
thr_wing,7,random_pc_ridge,random,,,5,700019,1000,5070,563,4500,4500,40673.818606964225,0.20600158980332042,1.23086416721344,-0.00019052570131530456,,,0.0,0.0633468059822917
thr_wing,7,random_pc_ridge,random,,,5,700019,1500,5070,563,4500,4500,40673.818606964225,0.27478256620816693,1.2009402513504028,-0.00018907028139389257,,,0.0,0.11019453196786344
thr_wing,7,random_pc_ridge,random,,,5,700019,2000,5070,563,4500,4500,40673.818606964225,0.3188289628524341,1.1530791521072388,-0.00017899386648197177,,,0.0,0.13679250702261925
thr_wing,7,random_pc_ridge,random,,,5,700019,2500,5070,563,4500,4500,40673.818606964225,0.31505913113113077,1.128458857536316,-0.0001690179316111823,,,0.0,0.19263465097174048
thr_wing,7,random_pc_ridge,random,,,5,700019,3000,5070,563,4500,4500,40673.818606964225,0.32533191935086403,1.108767032623291,-0.0001781707419620977,,,0.0,0.24757864698767662
thr_wing,7,random_pc_ridge,random,,,5,700019,3500,5070,563,4500,4500,40673.818606964225,0.32775747224883167,1.0915882587432861,-0.00018162478408357652,,,0.0,0.3132324779871851
thr_wing,7,random_pc_ridge,random,,,5,700019,4000,5070,563,4500,4500,40673.818606964225,0.3343909464023562,1.076080322265625,-0.00018058332363546365,,,0.0,0.38931123190559447
thr_wing,7,random_pc_ridge,random,,,5,700019,4500,5070,563,4500,4500,40673.818606964225,0.3343716592718907,1.0601967573165894,-0.00018247204147053112,,,0.0,0.48055594600737095
thr_wing,7,random_pc_ridge,random,,,6,700020,500,5070,563,4500,4500,40673.818606964225,0.12445085663986787,1.2964074611663818,-0.0001763824938170374,,,0.0,0.03521613706834614
thr_wing,7,random_pc_ridge,random,,,6,700020,1000,5070,563,4500,4500,40673.818606964225,0.16975151769233435,1.249326467514038,-0.00015326675435152975,,,0.0,0.0620948220603168
thr_wing,7,random_pc_ridge,random,,,6,700020,1500,5070,563,4500,4500,40673.818606964225,0.193990195078812,1.2187656164169312,-0.0001733611576328122,,,0.0,0.13085569883696735
thr_wing,7,random_pc_ridge,random,,,6,700020,2000,5070,563,4500,4500,40673.818606964225,0.2332703774328672,1.1879708766937256,-0.00018091504563345516,,,0.0,0.13587271282449365
thr_wing,7,random_pc_ridge,random,,,6,700020,2500,5070,563,4500,4500,40673.818606964225,0.2544317890585207,1.1671528816223145,-0.00018144319498108373,,,0.0,0.1849050901364535
thr_wing,7,random_pc_ridge,random,,,6,700020,3000,5070,563,4500,4500,40673.818606964225,0.2750760258636962,1.1363507509231567,-0.0001822339596758682,,,0.0,0.24253366002812982
thr_wing,7,random_pc_ridge,random,,,6,700020,3500,5070,563,4500,4500,40673.818606964225,0.30101303904868465,1.1090497970581055,-0.00018242775266101745,,,0.0,0.30859862081706524
thr_wing,7,random_pc_ridge,random,,,6,700020,4000,5070,563,4500,4500,40673.818606964225,0.33049666265342026,1.086264967918396,-0.00017572312060719833,,,0.0,0.3865768271498382
thr_wing,7,random_pc_ridge,random,,,6,700020,4500,5070,563,4500,4500,40673.818606964225,0.32458754142349044,1.0711873769760132,-0.00018455624084808228,,,0.0,0.47942707501351833
thr_wing,7,random_pc_ridge,random,,,7,700021,500,5070,563,4500,4500,40673.818606964225,0.0959935412482339,1.3001738786697388,-0.0002105451327819948,,,0.0,0.03489791811443865
thr_wing,7,random_pc_ridge,random,,,7,700021,1000,5070,563,4500,4500,40673.818606964225,0.1791704572507192,1.2470359802246094,-0.0002064579938356922,,,0.0,0.06301125581376255
thr_wing,7,random_pc_ridge,random,,,7,700021,1500,5070,563,4500,4500,40673.818606964225,0.18790423494618738,1.2166236639022827,-0.00019285467391862406,,,0.0,0.10991862090304494
thr_wing,7,random_pc_ridge,random,,,7,700021,2000,5070,563,4500,4500,40673.818606964225,0.2632014981306205,1.1748301982879639,-0.0001756968981638906,,,0.0,0.13479554979130626
thr_wing,7,random_pc_ridge,random,,,7,700021,2500,5070,563,4500,4500,40673.818606964225,0.29437207219049677,1.1402934789657593,-0.00017006354516862764,,,0.0,0.19291468290612102
thr_wing,7,random_pc_ridge,random,,,7,700021,3000,5070,563,4500,4500,40673.818606964225,0.3210169823039127,1.1102261543273926,-0.0001631959053272735,,,0.0,0.24448165902867913
thr_wing,7,random_pc_ridge,random,,,7,700021,3500,5070,563,4500,4500,40673.818606964225,0.3131003135571435,1.098028540611267,-0.00017707788217242507,,,0.0,0.3070186199620366
thr_wing,7,random_pc_ridge,random,,,7,700021,4000,5070,563,4500,4500,40673.818606964225,0.31487729851724194,1.0882611274719238,-0.00018129391308363918,,,0.0,0.3857757318764925
thr_wing,7,random_pc_ridge,random,,,7,700021,4500,5070,563,4500,4500,40673.818606964225,0.32497634429941147,1.0650660991668701,-0.0001804128852620632,,,0.0,0.47786131082102656
thr_wing,7,random_pc_ridge,random,,,8,700022,500,5070,563,4500,4500,40673.818606964225,0.24008256499237046,1.2701910734176636,-0.00021284781402484398,,,0.0,0.03476407309062779
thr_wing,7,random_pc_ridge,random,,,8,700022,1000,5070,563,4500,4500,40673.818606964225,0.25051256044346776,1.2190767526626587,-0.00021475771462940935,,,0.0,0.06311565707437694
thr_wing,7,random_pc_ridge,random,,,8,700022,1500,5070,563,4500,4500,40673.818606964225,0.28445733757416436,1.1891348361968994,-0.00018819169159430286,,,0.0,0.11092456383630633
thr_wing,7,random_pc_ridge,random,,,8,700022,2000,5070,563,4500,4500,40673.818606964225,0.30493632828692196,1.1586394309997559,-0.00017725082179314937,,,0.0,0.1379199728835374
thr_wing,7,random_pc_ridge,random,,,8,700022,2500,5070,563,4500,4500,40673.818606964225,0.3020826232379539,1.1407073736190796,-0.00018164112733160424,,,0.0,0.17724422784522176
thr_wing,7,random_pc_ridge,random,,,8,700022,3000,5070,563,4500,4500,40673.818606964225,0.2936537974161143,1.1330868005752563,-0.00019696992383885033,,,0.0,0.25203579384833574
thr_wing,7,random_pc_ridge,random,,,8,700022,3500,5070,563,4500,4500,40673.818606964225,0.3051703976714091,1.1218068599700928,-0.00019859817920410506,,,0.0,0.30864475294947624
thr_wing,7,random_pc_ridge,random,,,8,700022,4000,5070,563,4500,4500,40673.818606964225,0.32830280541282214,1.0850181579589844,-0.00018965752086496417,,,0.0,0.3861440308392048
thr_wing,7,random_pc_ridge,random,,,8,700022,4500,5070,563,4500,4500,40673.818606964225,0.3289727487740758,1.0675890445709229,-0.00018448480758588332,,,0.0,0.47771269897930324
thr_wing,7,random_pc_ridge,random,,,9,700023,500,5070,563,4500,4500,40673.818606964225,0.2013613476581908,1.2787710428237915,-0.00019805231498350458,,,0.0,0.034956234972923994
thr_wing,7,random_pc_ridge,random,,,9,700023,1000,5070,563,4500,4500,40673.818606964225,0.2356778032974135,1.229373812675476,-0.0002286678571325718,,,0.0,0.06311898678541183
thr_wing,7,random_pc_ridge,random,,,9,700023,1500,5070,563,4500,4500,40673.818606964225,0.22960280340811282,1.2122987508773804,-0.0002156020895257284,,,0.0,0.11102025699801743
thr_wing,7,random_pc_ridge,random,,,9,700023,2000,5070,563,4500,4500,40673.818606964225,0.23189994250680102,1.174647569656372,-0.00020552058981952034,,,0.0,0.13782718102447689
thr_wing,7,random_pc_ridge,random,,,9,700023,2500,5070,563,4500,4500,40673.818606964225,0.2502211733589164,1.1445915699005127,-0.00020641998404319768,,,0.0,0.18579510995186865
thr_wing,7,random_pc_ridge,random,,,9,700023,3000,5070,563,4500,4500,40673.818606964225,0.2757028542714552,1.1232444047927856,-0.000199186785598209,,,0.0,0.2444991290103644
thr_wing,7,random_pc_ridge,random,,,9,700023,3500,5070,563,4500,4500,40673.818606964225,0.2859488557575228,1.1101248264312744,-0.0001899005807608172,,,0.0,0.3064579959027469
thr_wing,7,random_pc_ridge,random,,,9,700023,4000,5070,563,4500,4500,40673.818606964225,0.3115377219436538,1.0821658372879028,-0.00018523157592609103,,,0.0,0.3871977189555764
thr_wing,7,random_pc_ridge,random,,,9,700023,4500,5070,563,4500,4500,40673.818606964225,0.3214664851979282,1.0714881420135498,-0.0001887723136440547,,,0.0,0.4773509041406214
thr_wing,7,avggrm_pc_ridge,avggrm,lambda_0,0.0,-1,-1,500,5070,563,4500,4500,40673.818606964225,0.24461996623266677,1.2275947332382202,0.0017923505883178305,,0.0017923505883178305,0.00037476210854947567,0.035146193113178015
thr_wing,7,avggrm_pc_ridge,avggrm,lambda_0,0.0,-1,-1,1000,5070,563,4500,4500,40673.818606964225,0.2978990219194644,1.1567140817642212,0.0012544277275780857,,0.0012544277275780857,0.00037476210854947567,0.062120595946908
thr_wing,7,avggrm_pc_ridge,avggrm,lambda_0,0.0,-1,-1,1500,5070,563,4500,4500,40673.818606964225,0.29892528763952275,1.1126735210418701,0.0009417206757054061,,0.0009417206757054061,0.00037476210854947567,0.13586431997828186
thr_wing,7,avggrm_pc_ridge,avggrm,lambda_0,0.0,-1,-1,2000,5070,563,4500,4500,40673.818606964225,0.3228049805391405,1.0929311513900757,0.0007179570115054414,,0.0007179570115054414,0.00037476210854947567,0.13401427306234837
thr_wing,7,avggrm_pc_ridge,avggrm,lambda_0,0.0,-1,-1,2500,5070,563,4500,4500,40673.818606964225,0.3244558311510498,1.077040195465088,0.0005418804103556855,,0.0005418804103556855,0.00037476210854947567,0.18577975314110518
thr_wing,7,avggrm_pc_ridge,avggrm,lambda_0,0.0,-1,-1,3000,5070,563,4500,4500,40673.818606964225,0.33165127582158804,1.0729119777679443,0.000391713081142776,,0.000391713081142776,0.00037476210854947567,0.24417460290715098
thr_wing,7,avggrm_pc_ridge,avggrm,lambda_0,0.0,-1,-1,3500,5070,563,4500,4500,40673.818606964225,0.35052297476598576,1.0602656602859497,0.0002549425474056918,,0.0002549425474056918,0.00037476210854947567,0.30877495487220585
thr_wing,7,avggrm_pc_ridge,avggrm,lambda_0,0.0,-1,-1,4000,5070,563,4500,4500,40673.818606964225,0.3466964480902669,1.0582470893859863,0.00012646249237068322,,0.00012646249237068322,0.00037476210854947567,0.385987367015332
thr_wing,7,avggrm_pc_ridge,avggrm,lambda_0,0.0,-1,-1,4500,5070,563,4500,4500,40673.818606964225,0.3405439452795779,1.0547986030578613,-2.4949984894080375e-06,,-2.4949984894080375e-06,0.00037476210854947567,0.477674342924729
thr_wing,7,avggrm_diversity_pc_ridge,avggrm_diversity,lambda_1,1.0,-1,-1,500,5070,563,4500,4500,40673.818606964225,0.21991604438617904,1.2405476570129395,0.00040661893930025306,0.0009718250771980449,-0.0005652061378977919,0.5010734279640019,0.035641262074932456
thr_wing,7,avggrm_diversity_pc_ridge,avggrm_diversity,lambda_1,1.0,-1,-1,1000,5070,563,4500,4500,40673.818606964225,0.32347268832666354,1.1369476318359375,0.0003873016145790543,0.00047238362657487363,-8.508201199581932e-05,0.5010734279640019,0.06491411593742669
thr_wing,7,avggrm_diversity_pc_ridge,avggrm_diversity,lambda_1,1.0,-1,-1,1500,5070,563,4500,4500,40673.818606964225,0.34304891849214103,1.0976816415786743,0.0003558881214365497,0.0003226894315606132,3.3198689875936504e-05,0.5010734279640019,0.10919494298286736
thr_wing,7,avggrm_diversity_pc_ridge,avggrm_diversity,lambda_1,1.0,-1,-1,2000,5070,563,4500,4500,40673.818606964225,0.35093250698187306,1.0816867351531982,0.0003103748832733071,0.00023909057023779802,7.12843130355091e-05,0.5010734279640019,0.14366420404985547
thr_wing,7,avggrm_diversity_pc_ridge,avggrm_diversity,lambda_1,1.0,-1,-1,2500,5070,563,4500,4500,40673.818606964225,0.33550820237025586,1.0722298622131348,0.00026228683284908855,0.00018609465053274514,7.619218231634341e-05,0.5010734279640019,0.18480974296107888
thr_wing,7,avggrm_diversity_pc_ridge,avggrm_diversity,lambda_1,1.0,-1,-1,3000,5070,563,4500,4500,40673.818606964225,0.33888702946280974,1.068281888961792,0.00020335524632220973,0.0001407036672980127,6.265157902419705e-05,0.5010734279640019,0.24198716692626476
thr_wing,7,avggrm_diversity_pc_ridge,avggrm_diversity,lambda_1,1.0,-1,-1,3500,5070,563,4500,4500,40673.818606964225,0.3399615447012536,1.0657308101654053,0.0001349205624712957,0.00010096814762319149,3.395241484810422e-05,0.5010734279640019,0.3063323530368507
thr_wing,7,avggrm_diversity_pc_ridge,avggrm_diversity,lambda_1,1.0,-1,-1,4000,5070,563,4500,4500,40673.818606964225,0.34032743583455966,1.059777855873108,5.65169847569713e-05,6.761170775772627e-05,-1.1094723000754974e-05,0.5010734279640019,0.38568661105819046
thr_wing,7,avggrm_diversity_pc_ridge,avggrm_diversity,lambda_1,1.0,-1,-1,4500,5070,563,4500,4500,40673.818606964225,0.34191244341665544,1.0526149272918701,-3.555007597732567e-05,3.957468848868675e-05,-7.512476446601242e-05,0.5010734279640019,0.48093690793029964
thr_wing,8,full_train_pc_ridge,full_train,,,-1,-1,5070,5070,563,4500,4500,40673.818606964225,0.3128189487503902,0.9576041102409363,-0.00017749413740369863,2.4849024659343414e-05,,0.0,0.5035250920336694
thr_wing,8,random_pc_ridge,random,,,0,800014,500,5070,563,4500,4500,40673.818606964225,0.19238557845653034,1.1063400506973267,-0.00014086713646924186,,,0.0,0.035230329958721995
thr_wing,8,random_pc_ridge,random,,,0,800014,1000,5070,563,4500,4500,40673.818606964225,0.21186199691766025,1.0894111394882202,-0.000143174744439289,,,0.0,0.0630183971952647
thr_wing,8,random_pc_ridge,random,,,0,800014,1500,5070,563,4500,4500,40673.818606964225,0.2459798272394852,1.072286605834961,-0.00016145886369062297,,,0.0,0.09350837394595146
thr_wing,8,random_pc_ridge,random,,,0,800014,2000,5070,563,4500,4500,40673.818606964225,0.26739884941241787,1.0484079122543335,-0.00017576057738337425,,,0.0,0.13323368597775698
thr_wing,8,random_pc_ridge,random,,,0,800014,2500,5070,563,4500,4500,40673.818606964225,0.2863208589778332,1.027206540107727,-0.00017615400365359854,,,0.0,0.18589981109835207
thr_wing,8,random_pc_ridge,random,,,0,800014,3000,5070,563,4500,4500,40673.818606964225,0.3137003321854976,1.0070892572402954,-0.00018485070570105732,,,0.0,0.24454989098012447
thr_wing,8,random_pc_ridge,random,,,0,800014,3500,5070,563,4500,4500,40673.818606964225,0.31713852982029106,0.985245406627655,-0.0001794734284475055,,,0.0,0.304844310041517
thr_wing,8,random_pc_ridge,random,,,0,800014,4000,5070,563,4500,4500,40673.818606964225,0.31886411772776596,0.97454434633255,-0.00017614492304950403,,,0.0,0.38701046793721616
thr_wing,8,random_pc_ridge,random,,,0,800014,4500,5070,563,4500,4500,40673.818606964225,0.3227296453423699,0.9685843586921692,-0.00017452592521311776,,,0.0,0.4781810031272471
thr_wing,8,random_pc_ridge,random,,,1,800015,500,5070,563,4500,4500,40673.818606964225,0.14250755794947,1.1281946897506714,-0.0002618595142305459,,,0.0,0.03529303311370313
thr_wing,8,random_pc_ridge,random,,,1,800015,1000,5070,563,4500,4500,40673.818606964225,0.18627681247565514,1.0824549198150635,-0.0002231002736540768,,,0.0,0.06315089901909232
thr_wing,8,random_pc_ridge,random,,,1,800015,1500,5070,563,4500,4500,40673.818606964225,0.24189987916223618,1.0588438510894775,-0.0001890041953750278,,,0.0,0.11007424001581967
thr_wing,8,random_pc_ridge,random,,,1,800015,2000,5070,563,4500,4500,40673.818606964225,0.26502794824896364,1.0208202600479126,-0.00017866522814413002,,,0.0,0.13469089893624187
thr_wing,8,random_pc_ridge,random,,,1,800015,2500,5070,563,4500,4500,40673.818606964225,0.2772109066455414,1.0060299634933472,-0.00017884522980881327,,,0.0,0.191857815021649
thr_wing,8,random_pc_ridge,random,,,1,800015,3000,5070,563,4500,4500,40673.818606964225,0.2677622470419204,1.0060702562332153,-0.00018073047791717097,,,0.0,0.24456294812262058
thr_wing,8,random_pc_ridge,random,,,1,800015,3500,5070,563,4500,4500,40673.818606964225,0.2783789563786012,0.999981164932251,-0.00017961304719400545,,,0.0,0.30494818091392517
thr_wing,8,random_pc_ridge,random,,,1,800015,4000,5070,563,4500,4500,40673.818606964225,0.2883137625585171,0.9887086153030396,-0.00017223676283677398,,,0.0,0.3869865720625967
thr_wing,8,random_pc_ridge,random,,,1,800015,4500,5070,563,4500,4500,40673.818606964225,0.3037132651871915,0.9728156924247742,-0.00017002838825761992,,,0.0,0.4784362551290542
thr_wing,8,random_pc_ridge,random,,,2,800016,500,5070,563,4500,4500,40673.818606964225,0.14540520407833052,1.1346745491027832,-0.00017054535627414758,,,0.0,0.03510873904451728
thr_wing,8,random_pc_ridge,random,,,2,800016,1000,5070,563,4500,4500,40673.818606964225,0.19645266487216997,1.0999913215637207,-0.00018873284325887266,,,0.0,0.062029920052737
thr_wing,8,random_pc_ridge,random,,,2,800016,1500,5070,563,4500,4500,40673.818606964225,0.23252441292735726,1.076474666595459,-0.00020263456126117101,,,0.0,0.13585345400497317
thr_wing,8,random_pc_ridge,random,,,2,800016,2000,5070,563,4500,4500,40673.818606964225,0.23763231296897458,1.0397775173187256,-0.00019102598236241458,,,0.0,0.13400916405953467
thr_wing,8,random_pc_ridge,random,,,2,800016,2500,5070,563,4500,4500,40673.818606964225,0.27227948311792033,1.0065364837646484,-0.00018329609791060223,,,0.0,0.1847884738817811
thr_wing,8,random_pc_ridge,random,,,2,800016,3000,5070,563,4500,4500,40673.818606964225,0.2858088451735352,1.0092133283615112,-0.00018807003526534883,,,0.0,0.2435057309921831
thr_wing,8,random_pc_ridge,random,,,2,800016,3500,5070,563,4500,4500,40673.818606964225,0.28736453276230906,0.9957439303398132,-0.00018699332023885192,,,0.0,0.3050937030930072
thr_wing,8,random_pc_ridge,random,,,2,800016,4000,5070,563,4500,4500,40673.818606964225,0.2876382772741764,0.9841921925544739,-0.00019056181327159542,,,0.0,0.38682709890417755
thr_wing,8,random_pc_ridge,random,,,2,800016,4500,5070,563,4500,4500,40673.818606964225,0.3054500143053754,0.9778859615325928,-0.00018565044468494795,,,0.0,0.4787353309802711
thr_wing,8,random_pc_ridge,random,,,3,800017,500,5070,563,4500,4500,40673.818606964225,0.13642445221342564,1.1194348335266113,-0.0001650370918187988,,,0.0,0.036704768193885684
thr_wing,8,random_pc_ridge,random,,,3,800017,1000,5070,563,4500,4500,40673.818606964225,0.16277000574234188,1.0987670421600342,-0.00015151930570424943,,,0.0,0.06915210909210145
thr_wing,8,random_pc_ridge,random,,,3,800017,1500,5070,563,4500,4500,40673.818606964225,0.19823245222764815,1.061279535293579,-0.00016536838873840032,,,0.0,0.10604601982049644
thr_wing,8,random_pc_ridge,random,,,3,800017,2000,5070,563,4500,4500,40673.818606964225,0.20816138246339796,1.0677490234375,-0.0001753497485037699,,,0.0,0.13675943296402693
thr_wing,8,random_pc_ridge,random,,,3,800017,2500,5070,563,4500,4500,40673.818606964225,0.21130288624370672,1.06929612159729,-0.0001781072654869985,,,0.0,0.1918107138480991
thr_wing,8,random_pc_ridge,random,,,3,800017,3000,5070,563,4500,4500,40673.818606964225,0.222348402613756,1.0614733695983887,-0.0001826222217385075,,,0.0,0.24786340212449431
thr_wing,8,random_pc_ridge,random,,,3,800017,3500,5070,563,4500,4500,40673.818606964225,0.25483239358724524,1.0284969806671143,-0.00018757441235949318,,,0.0,0.30698573496192694
thr_wing,8,random_pc_ridge,random,,,3,800017,4000,5070,563,4500,4500,40673.818606964225,0.27480207892424424,1.010251760482788,-0.00018066129849083582,,,0.0,0.38721359008923173
thr_wing,8,random_pc_ridge,random,,,3,800017,4500,5070,563,4500,4500,40673.818606964225,0.2943156386633946,0.9798308610916138,-0.00018666421966903946,,,0.0,0.47914855903945863
thr_wing,8,random_pc_ridge,random,,,4,800018,500,5070,563,4500,4500,40673.818606964225,0.09223420249190284,1.1291861534118652,-0.00016601345144492009,,,0.0,0.03674553893506527
thr_wing,8,random_pc_ridge,random,,,4,800018,1000,5070,563,4500,4500,40673.818606964225,0.25286826845269234,1.0823578834533691,-0.0001782876266892499,,,0.0,0.06511507905088365
thr_wing,8,random_pc_ridge,random,,,4,800018,1500,5070,563,4500,4500,40673.818606964225,0.274264206803316,1.0594000816345215,-0.0001778415307979476,,,0.0,0.10913645406253636
thr_wing,8,random_pc_ridge,random,,,4,800018,2000,5070,563,4500,4500,40673.818606964225,0.28030179326182997,1.0261057615280151,-0.0001741622200449002,,,0.0,0.14675419894047081
thr_wing,8,random_pc_ridge,random,,,4,800018,2500,5070,563,4500,4500,40673.818606964225,0.30181801057686836,1.0031176805496216,-0.00018897382872886222,,,0.0,0.18575746193528175
thr_wing,8,random_pc_ridge,random,,,4,800018,3000,5070,563,4500,4500,40673.818606964225,0.28980488663489457,0.9930669069290161,-0.00017196493352088254,,,0.0,0.24352339701727033
thr_wing,8,random_pc_ridge,random,,,4,800018,3500,5070,563,4500,4500,40673.818606964225,0.28688784326883743,0.9782622456550598,-0.00018677795024945524,,,0.0,0.30731925112195313
thr_wing,8,random_pc_ridge,random,,,4,800018,4000,5070,563,4500,4500,40673.818606964225,0.2886858747022062,0.9729060530662537,-0.0001835650591709055,,,0.0,0.3886430240236223
thr_wing,8,random_pc_ridge,random,,,4,800018,4500,5070,563,4500,4500,40673.818606964225,0.300230628359614,0.9654831290245056,-0.00018074810658971245,,,0.0,0.4794099440332502
thr_wing,8,random_pc_ridge,random,,,5,800019,500,5070,563,4500,4500,40673.818606964225,0.19563368873230533,1.129224181175232,-0.00012359195350363688,,,0.0,0.03504025214351714
thr_wing,8,random_pc_ridge,random,,,5,800019,1000,5070,563,4500,4500,40673.818606964225,0.22347726738233653,1.0875588655471802,-0.00014352765703122338,,,0.0,0.06309718498960137
thr_wing,8,random_pc_ridge,random,,,5,800019,1500,5070,563,4500,4500,40673.818606964225,0.2718132844604862,1.0448325872421265,-0.00015820175425720128,,,0.0,0.0950540469493717
thr_wing,8,random_pc_ridge,random,,,5,800019,2000,5070,563,4500,4500,40673.818606964225,0.27958589336606465,1.031369924545288,-0.00016534774586581406,,,0.0,0.13168057310394943
thr_wing,8,random_pc_ridge,random,,,5,800019,2500,5070,563,4500,4500,40673.818606964225,0.29066808987182813,1.0146520137786865,-0.00015255381066502313,,,0.0,0.18644742108881474
thr_wing,8,random_pc_ridge,random,,,5,800019,3000,5070,563,4500,4500,40673.818606964225,0.3049886823775795,1.0008958578109741,-0.00016505705992106727,,,0.0,0.2470115888863802
thr_wing,8,random_pc_ridge,random,,,5,800019,3500,5070,563,4500,4500,40673.818606964225,0.3101544457516375,0.9956367015838623,-0.00016802108383774525,,,0.0,0.3053786209784448
thr_wing,8,random_pc_ridge,random,,,5,800019,4000,5070,563,4500,4500,40673.818606964225,0.3261304946149129,0.969182014465332,-0.00017568935834273976,,,0.0,0.38779918709769845
thr_wing,8,random_pc_ridge,random,,,5,800019,4500,5070,563,4500,4500,40673.818606964225,0.32282199022299823,0.9614996910095215,-0.0001788739518262471,,,0.0,0.47890036809258163
thr_wing,8,random_pc_ridge,random,,,6,800020,500,5070,563,4500,4500,40673.818606964225,0.08881260151731482,1.1387087106704712,-0.00019950168783778764,,,0.0,0.0352826330345124
thr_wing,8,random_pc_ridge,random,,,6,800020,1000,5070,563,4500,4500,40673.818606964225,0.16496302811107835,1.0967304706573486,-0.00020016472713172637,,,0.0,0.06311814393848181
thr_wing,8,random_pc_ridge,random,,,6,800020,1500,5070,563,4500,4500,40673.818606964225,0.1747166859266518,1.0952818393707275,-0.0002002253510066145,,,0.0,0.11004054802469909
thr_wing,8,random_pc_ridge,random,,,6,800020,2000,5070,563,4500,4500,40673.818606964225,0.19634848113541997,1.0747098922729492,-0.00018527006508716693,,,0.0,0.13272147998213768
thr_wing,8,random_pc_ridge,random,,,6,800020,2500,5070,563,4500,4500,40673.818606964225,0.19869504100978788,1.0676957368850708,-0.0001746224341243848,,,0.0,0.19387068692594767
thr_wing,8,random_pc_ridge,random,,,6,800020,3000,5070,563,4500,4500,40673.818606964225,0.23840089022659694,1.0300819873809814,-0.00017675487436493687,,,0.0,0.24457292119041085
thr_wing,8,random_pc_ridge,random,,,6,800020,3500,5070,563,4500,4500,40673.818606964225,0.2495904372418569,1.0147053003311157,-0.00016814926800600658,,,0.0,0.304689435986802
thr_wing,8,random_pc_ridge,random,,,6,800020,4000,5070,563,4500,4500,40673.818606964225,0.2676433352947213,0.9916103482246399,-0.00016661775556692032,,,0.0,0.38885215506888926
thr_wing,8,random_pc_ridge,random,,,6,800020,4500,5070,563,4500,4500,40673.818606964225,0.29408713534302966,0.9726595282554626,-0.000173306288424339,,,0.0,0.4791588019579649
thr_wing,8,random_pc_ridge,random,,,7,800021,500,5070,563,4500,4500,40673.818606964225,0.14285673099406188,1.1166119575500488,-0.00016892979975108793,,,0.0,0.036640475038439035
thr_wing,8,random_pc_ridge,random,,,7,800021,1000,5070,563,4500,4500,40673.818606964225,0.21350467627371064,1.0648833513259888,-0.00020260187112262595,,,0.0,0.06515915715135634
thr_wing,8,random_pc_ridge,random,,,7,800021,1500,5070,563,4500,4500,40673.818606964225,0.2752992816668972,1.0310362577438354,-0.00019983566110925844,,,0.0,0.13886549486778677
thr_wing,8,random_pc_ridge,random,,,7,800021,2000,5070,563,4500,4500,40673.818606964225,0.2728610920545064,1.0158207416534424,-0.00018566681787653323,,,0.0,0.14799163211137056
thr_wing,8,random_pc_ridge,random,,,7,800021,2500,5070,563,4500,4500,40673.818606964225,0.279701197268502,1.0013527870178223,-0.00017370953346735587,,,0.0,0.18478388618677855
thr_wing,8,random_pc_ridge,random,,,7,800021,3000,5070,563,4500,4500,40673.818606964225,0.29682710438547893,0.991206169128418,-0.00018276990510572222,,,0.0,0.24814692116342485
thr_wing,8,random_pc_ridge,random,,,7,800021,3500,5070,563,4500,4500,40673.818606964225,0.31369714541084687,0.9687913060188293,-0.00017395959408835488,,,0.0,0.3097359170205891
thr_wing,8,random_pc_ridge,random,,,7,800021,4000,5070,563,4500,4500,40673.818606964225,0.3065490673635191,0.9674306511878967,-0.00017964751454648806,,,0.0,0.38751220190897584
thr_wing,8,random_pc_ridge,random,,,7,800021,4500,5070,563,4500,4500,40673.818606964225,0.3048567625726733,0.9692708253860474,-0.00017793933459199813,,,0.0,0.47940893610939384
thr_wing,8,random_pc_ridge,random,,,8,800022,500,5070,563,4500,4500,40673.818606964225,0.17342290870460747,1.1201666593551636,-0.00020429209379098156,,,0.0,0.035198643105104566
thr_wing,8,random_pc_ridge,random,,,8,800022,1000,5070,563,4500,4500,40673.818606964225,0.18162269546035262,1.0814285278320312,-0.00019335604904989546,,,0.0,0.06303470791317523
thr_wing,8,random_pc_ridge,random,,,8,800022,1500,5070,563,4500,4500,40673.818606964225,0.21392327787158527,1.0560382604599,-0.00017155327179508873,,,0.0,0.09341372200287879
thr_wing,8,random_pc_ridge,random,,,8,800022,2000,5070,563,4500,4500,40673.818606964225,0.26955448137517046,1.0275044441223145,-0.00016808839298670507,,,0.0,0.1353413879405707
thr_wing,8,random_pc_ridge,random,,,8,800022,2500,5070,563,4500,4500,40673.818606964225,0.2876876033111785,1.0028772354125977,-0.000168785986681023,,,0.0,0.1928947949782014
thr_wing,8,random_pc_ridge,random,,,8,800022,3000,5070,563,4500,4500,40673.818606964225,0.3083716641762509,0.9809702634811401,-0.00018213353620152091,,,0.0,0.2435781960375607
thr_wing,8,random_pc_ridge,random,,,8,800022,3500,5070,563,4500,4500,40673.818606964225,0.30916063861120424,0.9719405174255371,-0.00018872675072197437,,,0.0,0.3052311511710286
thr_wing,8,random_pc_ridge,random,,,8,800022,4000,5070,563,4500,4500,40673.818606964225,0.3139842990697521,0.9702098369598389,-0.0001887362452023889,,,0.0,0.3868147968314588
thr_wing,8,random_pc_ridge,random,,,8,800022,4500,5070,563,4500,4500,40673.818606964225,0.31237871733000905,0.9593948125839233,-0.00018486074462776032,,,0.0,0.4785723101813346
thr_wing,8,random_pc_ridge,random,,,9,800023,500,5070,563,4500,4500,40673.818606964225,0.17995134021168138,1.1035009622573853,-0.00020205664923039863,,,0.0,0.04291232000105083
thr_wing,8,random_pc_ridge,random,,,9,800023,1000,5070,563,4500,4500,40673.818606964225,0.1984921329733048,1.074115514755249,-0.00015543684257048813,,,0.0,0.06392617896199226
thr_wing,8,random_pc_ridge,random,,,9,800023,1500,5070,563,4500,4500,40673.818606964225,0.26144257799455095,1.0532962083816528,-0.00018094731249375574,,,0.0,0.10699924407526851
thr_wing,8,random_pc_ridge,random,,,9,800023,2000,5070,563,4500,4500,40673.818606964225,0.2639458618488379,1.044402837753296,-0.000187832429576639,,,0.0,0.13080461486242712
thr_wing,8,random_pc_ridge,random,,,9,800023,2500,5070,563,4500,4500,40673.818606964225,0.259791441238479,1.0359419584274292,-0.00018095039085433092,,,0.0,0.18104971083812416
thr_wing,8,random_pc_ridge,random,,,9,800023,3000,5070,563,4500,4500,40673.818606964225,0.26673449022905493,1.018212080001831,-0.0001818788072756734,,,0.0,0.24835887481458485
thr_wing,8,random_pc_ridge,random,,,9,800023,3500,5070,563,4500,4500,40673.818606964225,0.2677396667569984,1.0049189329147339,-0.00017467915080886058,,,0.0,0.30519080301746726
thr_wing,8,random_pc_ridge,random,,,9,800023,4000,5070,563,4500,4500,40673.818606964225,0.28482957792412716,0.9889757037162781,-0.00016940546876783517,,,0.0,0.386727926786989
thr_wing,8,random_pc_ridge,random,,,9,800023,4500,5070,563,4500,4500,40673.818606964225,0.3011350364659864,0.9814956188201904,-0.00017048224541364878,,,0.0,0.47881977213546634
thr_wing,8,avggrm_pc_ridge,avggrm,lambda_0,0.0,-1,-1,500,5070,563,4500,4500,40673.818606964225,0.18973917900632462,1.0812106132507324,0.001508048525042283,,0.001508048525042283,0.0003721120301634073,0.03532451996579766
thr_wing,8,avggrm_pc_ridge,avggrm,lambda_0,0.0,-1,-1,1000,5070,563,4500,4500,40673.818606964225,0.22544867450402595,1.0507142543792725,0.001106996210536997,,0.001106996210536997,0.0003721120301634073,0.06619296199642122
thr_wing,8,avggrm_pc_ridge,avggrm,lambda_0,0.0,-1,-1,1500,5070,563,4500,4500,40673.818606964225,0.2111516151662239,1.0572378635406494,0.0008563948896323633,,0.0008563948896323633,0.0003721120301634073,0.12183913006447256
thr_wing,8,avggrm_pc_ridge,avggrm,lambda_0,0.0,-1,-1,2000,5070,563,4500,4500,40673.818606964225,0.23560736788014605,1.0423909425735474,0.0006736890671622532,,0.0006736890671622532,0.0003721120301634073,0.13498883415013552
thr_wing,8,avggrm_pc_ridge,avggrm,lambda_0,0.0,-1,-1,2500,5070,563,4500,4500,40673.818606964225,0.2615877344345281,1.0070247650146484,0.0005230153897481691,,0.0005230153897481691,0.0003721120301634073,0.18478863616473973
thr_wing,8,avggrm_pc_ridge,avggrm,lambda_0,0.0,-1,-1,3000,5070,563,4500,4500,40673.818606964225,0.2620388751004395,1.0002398490905762,0.00039190837629793856,,0.00039190837629793856,0.0003721120301634073,0.24354213499464095
thr_wing,8,avggrm_pc_ridge,avggrm,lambda_0,0.0,-1,-1,3500,5070,563,4500,4500,40673.818606964225,0.2753101562649521,0.9925242066383362,0.00027092433200453516,,0.00027092433200453516,0.0003721120301634073,0.3043882199563086
thr_wing,8,avggrm_pc_ridge,avggrm,lambda_0,0.0,-1,-1,4000,5070,563,4500,4500,40673.818606964225,0.2967913990820568,0.969305157661438,0.0001523127347025845,,0.0001523127347025845,0.0003721120301634073,0.3862482837866992
thr_wing,8,avggrm_pc_ridge,avggrm,lambda_0,0.0,-1,-1,4500,5070,563,4500,4500,40673.818606964225,0.30986481108939357,0.9637272357940674,2.5970035844590812e-05,,2.5970035844590812e-05,0.0003721120301634073,0.47831152798607945
thr_wing,8,avggrm_diversity_pc_ridge,avggrm_diversity,lambda_1,1.0,-1,-1,500,5070,563,4500,4500,40673.818606964225,0.17971677527742955,1.0800002813339233,0.000374077137493701,0.00094346769099666,-0.000569390553502959,0.5080524520017207,0.035768906120210886
thr_wing,8,avggrm_diversity_pc_ridge,avggrm_diversity,lambda_1,1.0,-1,-1,1000,5070,563,4500,4500,40673.818606964225,0.21271027998849767,1.0507049560546875,0.0003587679022008933,0.0004536448027507993,-9.4876900549906e-05,0.5080524520017207,0.06590576516464353
thr_wing,8,avggrm_diversity_pc_ridge,avggrm_diversity,lambda_1,1.0,-1,-1,1500,5070,563,4500,4500,40673.818606964225,0.23985653789401024,1.0230079889297485,0.00034284878089826086,0.00031523908406070586,2.7609696837554998e-05,0.5080524520017207,0.10912291379645467
thr_wing,8,avggrm_diversity_pc_ridge,avggrm_diversity,lambda_1,1.0,-1,-1,2000,5070,563,4500,4500,40673.818606964225,0.27117277127357536,0.9997816681861877,0.00030325516276197544,0.0002382649897393792,6.499017302259624e-05,0.5080524520017207,0.1356364309322089
thr_wing,8,avggrm_diversity_pc_ridge,avggrm_diversity,lambda_1,1.0,-1,-1,2500,5070,563,4500,4500,40673.818606964225,0.28288056863591204,0.9870631694793701,0.00025925567486063613,0.00018743326141520348,7.182241344543265e-05,0.5080524520017207,0.18990594195201993
thr_wing,8,avggrm_diversity_pc_ridge,avggrm_diversity,lambda_1,1.0,-1,-1,3000,5070,563,4500,4500,40673.818606964225,0.2939178298673878,0.976809024810791,0.00020765839539926836,0.0001454383462341011,6.222004916516726e-05,0.5080524520017207,0.24656005296856165
thr_wing,8,avggrm_diversity_pc_ridge,avggrm_diversity,lambda_1,1.0,-1,-1,3500,5070,563,4500,4500,40673.818606964225,0.28762814178490004,0.9789954423904419,0.00014555424526386696,0.00010814475342817426,3.7409491835692704e-05,0.5080524520017207,0.3053590371273458
thr_wing,8,avggrm_diversity_pc_ridge,avggrm_diversity,lambda_1,1.0,-1,-1,4000,5070,563,4500,4500,40673.818606964225,0.3061280998461583,0.9673710465431213,7.05905211112693e-05,7.270884071969018e-05,-2.1183196084208742e-06,0.5080524520017207,0.3864147278945893
thr_wing,8,avggrm_diversity_pc_ridge,avggrm_diversity,lambda_1,1.0,-1,-1,4500,5070,563,4500,4500,40673.818606964225,0.31141198572267714,0.9598770141601562,-1.7195090417608717e-05,4.521470251688026e-05,-6.240979293448898e-05,0.5080524520017207,0.4796237850096077
thr_wing,9,full_train_pc_ridge,full_train,,,-1,-1,5070,5070,563,4500,4500,40673.818606964225,0.35099020724227975,0.8673964142799377,-0.0001747546077326823,2.4603629211654254e-05,,0.0,0.5158738668542355
thr_wing,9,random_pc_ridge,random,,,0,900014,500,5070,563,4500,4500,40673.818606964225,0.2312766102111054,1.018695592880249,-0.00019961002023872952,,,0.0,0.03512953990139067
thr_wing,9,random_pc_ridge,random,,,0,900014,1000,5070,563,4500,4500,40673.818606964225,0.27812424369176125,0.9823945760726929,-0.00014630435317864737,,,0.0,0.06307353405281901
thr_wing,9,random_pc_ridge,random,,,0,900014,1500,5070,563,4500,4500,40673.818606964225,0.31185454359982584,0.9519797563552856,-0.00016415896128027104,,,0.0,0.09555415203794837
thr_wing,9,random_pc_ridge,random,,,0,900014,2000,5070,563,4500,4500,40673.818606964225,0.3089544767124057,0.9309231638908386,-0.00016295362538406327,,,0.0,0.13520183507353067
thr_wing,9,random_pc_ridge,random,,,0,900014,2500,5070,563,4500,4500,40673.818606964225,0.3161384398743266,0.9138275980949402,-0.0001637880871064851,,,0.0,0.18046726495958865
thr_wing,9,random_pc_ridge,random,,,0,900014,3000,5070,563,4500,4500,40673.818606964225,0.3119592351286206,0.9043086767196655,-0.00016076096039338008,,,0.0,0.25525768590159714
thr_wing,9,random_pc_ridge,random,,,0,900014,3500,5070,563,4500,4500,40673.818606964225,0.32498299283594273,0.88797926902771,-0.00016178657037254975,,,0.0,0.3055492560379207
thr_wing,9,random_pc_ridge,random,,,0,900014,4000,5070,563,4500,4500,40673.818606964225,0.3320374132455684,0.8898871541023254,-0.00016546019884680898,,,0.0,0.3871625871397555
thr_wing,9,random_pc_ridge,random,,,0,900014,4500,5070,563,4500,4500,40673.818606964225,0.35282318347966596,0.8790332674980164,-0.00016774895928975658,,,0.0,0.4771013748832047
thr_wing,9,random_pc_ridge,random,,,1,900015,500,5070,563,4500,4500,40673.818606964225,0.1896945175952715,1.0410064458847046,-0.00012146106220873348,,,0.0,0.03524550818838179
thr_wing,9,random_pc_ridge,random,,,1,900015,1000,5070,563,4500,4500,40673.818606964225,0.22153539514680556,1.0096055269241333,-0.0001504074221478801,,,0.0,0.06313303881324828
thr_wing,9,random_pc_ridge,random,,,1,900015,1500,5070,563,4500,4500,40673.818606964225,0.2813628209916643,0.9757866859436035,-0.0001580456245907628,,,0.0,0.09365706890821457
thr_wing,9,random_pc_ridge,random,,,1,900015,2000,5070,563,4500,4500,40673.818606964225,0.3093339598978253,0.935370683670044,-0.00017174964364154762,,,0.0,0.1372188739478588
thr_wing,9,random_pc_ridge,random,,,1,900015,2500,5070,563,4500,4500,40673.818606964225,0.30838284378191566,0.9194222092628479,-0.00016955310425386161,,,0.0,0.18775926111266017
thr_wing,9,random_pc_ridge,random,,,1,900015,3000,5070,563,4500,4500,40673.818606964225,0.3342140856315809,0.9016032218933105,-0.00017345092332908166,,,0.0,0.24755996093153954
thr_wing,9,random_pc_ridge,random,,,1,900015,3500,5070,563,4500,4500,40673.818606964225,0.32058363344761165,0.894912838935852,-0.00017616680237617874,,,0.0,0.3049065819941461
thr_wing,9,random_pc_ridge,random,,,1,900015,4000,5070,563,4500,4500,40673.818606964225,0.3346252002819258,0.8823920488357544,-0.00017396620696855173,,,0.0,0.3864815039560199
thr_wing,9,random_pc_ridge,random,,,1,900015,4500,5070,563,4500,4500,40673.818606964225,0.33035050300002927,0.8866691589355469,-0.0001760560081714579,,,0.0,0.47828337689861655
thr_wing,9,random_pc_ridge,random,,,2,900016,500,5070,563,4500,4500,40673.818606964225,0.14532815903962484,1.0412300825119019,-0.00023453947896661086,,,0.0,0.03563860710710287
thr_wing,9,random_pc_ridge,random,,,2,900016,1000,5070,563,4500,4500,40673.818606964225,0.24731392568956917,0.9745848774909973,-0.0002396639541528543,,,0.0,0.0661411581095308
thr_wing,9,random_pc_ridge,random,,,2,900016,1500,5070,563,4500,4500,40673.818606964225,0.28282133074940485,0.9486727714538574,-0.0002256357652887632,,,0.0,0.10701175592839718
thr_wing,9,random_pc_ridge,random,,,2,900016,2000,5070,563,4500,4500,40673.818606964225,0.2882358599422019,0.9396927356719971,-0.0002033029330338782,,,0.0,0.12985063018277287
thr_wing,9,random_pc_ridge,random,,,2,900016,2500,5070,563,4500,4500,40673.818606964225,0.3143792993295664,0.9243190884590149,-0.00018541780643962095,,,0.0,0.18876564200036228
thr_wing,9,random_pc_ridge,random,,,2,900016,3000,5070,563,4500,4500,40673.818606964225,0.3127835769705395,0.9026108384132385,-0.00017529260554374182,,,0.0,0.2474896269850433
thr_wing,9,random_pc_ridge,random,,,2,900016,3500,5070,563,4500,4500,40673.818606964225,0.3230980898191361,0.894257664680481,-0.00017279723265814026,,,0.0,0.30499175703153014
thr_wing,9,random_pc_ridge,random,,,2,900016,4000,5070,563,4500,4500,40673.818606964225,0.3299401900902202,0.8857243657112122,-0.00018029615702566982,,,0.0,0.3872584509663284
thr_wing,9,random_pc_ridge,random,,,2,900016,4500,5070,563,4500,4500,40673.818606964225,0.3375680262309529,0.8762272000312805,-0.0001765366760454747,,,0.0,0.4788408780004829
thr_wing,9,random_pc_ridge,random,,,3,900017,500,5070,563,4500,4500,40673.818606964225,0.24051479724140293,1.0381664037704468,-0.00013929621409415635,,,0.0,0.03533440409228206
thr_wing,9,random_pc_ridge,random,,,3,900017,1000,5070,563,4500,4500,40673.818606964225,0.29446786717734247,1.0059750080108643,-0.0001585666753926989,,,0.0,0.06310290517285466
thr_wing,9,random_pc_ridge,random,,,3,900017,1500,5070,563,4500,4500,40673.818606964225,0.34159892057468993,0.9467847347259521,-0.00016512413298302417,,,0.0,0.11002785596065223
thr_wing,9,random_pc_ridge,random,,,3,900017,2000,5070,563,4500,4500,40673.818606964225,0.3639169437472197,0.9167639017105103,-0.00016210091200647702,,,0.0,0.13268855190835893
thr_wing,9,random_pc_ridge,random,,,3,900017,2500,5070,563,4500,4500,40673.818606964225,0.362063898910007,0.914788544178009,-0.00016118085990362064,,,0.0,0.18428451986983418
thr_wing,9,random_pc_ridge,random,,,3,900017,3000,5070,563,4500,4500,40673.818606964225,0.3484114440410466,0.9120892286300659,-0.00016459175221765636,,,0.0,0.24817715398967266
thr_wing,9,random_pc_ridge,random,,,3,900017,3500,5070,563,4500,4500,40673.818606964225,0.3392470657898515,0.8961902856826782,-0.000164144493187143,,,0.0,0.3045716090127826
thr_wing,9,random_pc_ridge,random,,,3,900017,4000,5070,563,4500,4500,40673.818606964225,0.3463131500939503,0.88336580991745,-0.00017176969998234138,,,0.0,0.38624426885508
thr_wing,9,random_pc_ridge,random,,,3,900017,4500,5070,563,4500,4500,40673.818606964225,0.342295761301,0.879077672958374,-0.0001622976507489676,,,0.0,0.4795387350022793
thr_wing,9,random_pc_ridge,random,,,4,900018,500,5070,563,4500,4500,40673.818606964225,0.21624377413314816,1.0435899496078491,-0.00017018345182398938,,,0.0,0.03498708107508719
thr_wing,9,random_pc_ridge,random,,,4,900018,1000,5070,563,4500,4500,40673.818606964225,0.22336172009610264,1.0147560834884644,-0.00020519373273862306,,,0.0,0.06314357812516391
thr_wing,9,random_pc_ridge,random,,,4,900018,1500,5070,563,4500,4500,40673.818606964225,0.23356180681884503,0.9851872324943542,-0.0001751195530827684,,,0.0,0.11106550809927285
thr_wing,9,random_pc_ridge,random,,,4,900018,2000,5070,563,4500,4500,40673.818606964225,0.2727427281416881,0.9486499428749084,-0.00017861361387207009,,,0.0,0.13468063017353415
thr_wing,9,random_pc_ridge,random,,,4,900018,2500,5070,563,4500,4500,40673.818606964225,0.3040564554984738,0.9289075136184692,-0.00018754077454759916,,,0.0,0.19287388189695776
thr_wing,9,random_pc_ridge,random,,,4,900018,3000,5070,563,4500,4500,40673.818606964225,0.33345057451370563,0.9109023213386536,-0.0001832608869032779,,,0.0,0.24353012209758162
thr_wing,9,random_pc_ridge,random,,,4,900018,3500,5070,563,4500,4500,40673.818606964225,0.33348566031462956,0.8991999626159668,-0.00017550958059501322,,,0.0,0.3061929251998663
thr_wing,9,random_pc_ridge,random,,,4,900018,4000,5070,563,4500,4500,40673.818606964225,0.33580500573529415,0.8881210088729858,-0.00017430300557341714,,,0.0,0.3866247290279716
thr_wing,9,random_pc_ridge,random,,,4,900018,4500,5070,563,4500,4500,40673.818606964225,0.34190653504666346,0.8707494139671326,-0.00016613319007714782,,,0.0,0.47967985505238175
thr_wing,9,random_pc_ridge,random,,,5,900019,500,5070,563,4500,4500,40673.818606964225,0.2032773641143206,1.0298197269439697,-0.0002493961864088003,,,0.0,0.0348098948597908
thr_wing,9,random_pc_ridge,random,,,5,900019,1000,5070,563,4500,4500,40673.818606964225,0.22746585021116134,1.0170753002166748,-0.00024005932161808968,,,0.0,0.06313565513119102
thr_wing,9,random_pc_ridge,random,,,5,900019,1500,5070,563,4500,4500,40673.818606964225,0.2424235392791991,0.9818308353424072,-0.00021637273408782053,,,0.0,0.11008664593100548
thr_wing,9,random_pc_ridge,random,,,5,900019,2000,5070,563,4500,4500,40673.818606964225,0.2664443274517828,0.9587953090667725,-0.00019606723967002714,,,0.0,0.1336751040071249
thr_wing,9,random_pc_ridge,random,,,5,900019,2500,5070,563,4500,4500,40673.818606964225,0.29268387744502,0.9510233402252197,-0.0001995850819242262,,,0.0,0.18985834601335227
thr_wing,9,random_pc_ridge,random,,,5,900019,3000,5070,563,4500,4500,40673.818606964225,0.3162349114357135,0.9256368279457092,-0.00019336427748592387,,,0.0,0.2445434401743114
thr_wing,9,random_pc_ridge,random,,,5,900019,3500,5070,563,4500,4500,40673.818606964225,0.3465188401453745,0.901785671710968,-0.00018766805099766702,,,0.0,0.3082218000199646
thr_wing,9,random_pc_ridge,random,,,5,900019,4000,5070,563,4500,4500,40673.818606964225,0.35536189316642736,0.8839161992073059,-0.0001794095376262912,,,0.0,0.3866296289488673
thr_wing,9,random_pc_ridge,random,,,5,900019,4500,5070,563,4500,4500,40673.818606964225,0.3627466176835534,0.8637733459472656,-0.00017650882582084896,,,0.0,0.47915062215179205
thr_wing,9,random_pc_ridge,random,,,6,900020,500,5070,563,4500,4500,40673.818606964225,0.18038081049505308,1.031667947769165,-0.00017913096384414745,,,0.0,0.035383952083066106
thr_wing,9,random_pc_ridge,random,,,6,900020,1000,5070,563,4500,4500,40673.818606964225,0.2541772316496778,0.9939793348312378,-0.00023852555676109115,,,0.0,0.06111033004708588
thr_wing,9,random_pc_ridge,random,,,6,900020,1500,5070,563,4500,4500,40673.818606964225,0.3049578299628621,0.9513612389564514,-0.00019729843506445836,,,0.0,0.13585881399922073
thr_wing,9,random_pc_ridge,random,,,6,900020,2000,5070,563,4500,4500,40673.818606964225,0.3017050465342262,0.931171178817749,-0.0001842990921753784,,,0.0,0.13499569706618786
thr_wing,9,random_pc_ridge,random,,,6,900020,2500,5070,563,4500,4500,40673.818606964225,0.30761201861746773,0.9308891296386719,-0.00019257444878860018,,,0.0,0.1847703519742936
thr_wing,9,random_pc_ridge,random,,,6,900020,3000,5070,563,4500,4500,40673.818606964225,0.3310832731583984,0.9104611873626709,-0.00018495071729705798,,,0.0,0.2435421070549637
thr_wing,9,random_pc_ridge,random,,,6,900020,3500,5070,563,4500,4500,40673.818606964225,0.339317154462289,0.8905773162841797,-0.00017830448202369026,,,0.0,0.3042831849306822
thr_wing,9,random_pc_ridge,random,,,6,900020,4000,5070,563,4500,4500,40673.818606964225,0.3470557861965209,0.880192756652832,-0.00017977285286281065,,,0.0,0.3885456989519298
thr_wing,9,random_pc_ridge,random,,,6,900020,4500,5070,563,4500,4500,40673.818606964225,0.3443280405654144,0.8754482269287109,-0.00018417108507265049,,,0.0,0.4787714460399002
thr_wing,9,random_pc_ridge,random,,,7,900021,500,5070,563,4500,4500,40673.818606964225,0.17584227764774937,1.0329599380493164,-0.00016846986170490524,,,0.0,0.0357388430275023
thr_wing,9,random_pc_ridge,random,,,7,900021,1000,5070,563,4500,4500,40673.818606964225,0.2212916879324231,0.9802703857421875,-0.0001790692626936035,,,0.0,0.06614419305697083
thr_wing,9,random_pc_ridge,random,,,7,900021,1500,5070,563,4500,4500,40673.818606964225,0.29210612068378217,0.9422600865364075,-0.0001740214517346314,,,0.0,0.11985356314107776
thr_wing,9,random_pc_ridge,random,,,7,900021,2000,5070,563,4500,4500,40673.818606964225,0.28648891064212684,0.9272481799125671,-0.00016899938829736177,,,0.0,0.13701233407482505
thr_wing,9,random_pc_ridge,random,,,7,900021,2500,5070,563,4500,4500,40673.818606964225,0.30682209942664984,0.9085685610771179,-0.0001621762928416784,,,0.0,0.1857597059570253
thr_wing,9,random_pc_ridge,random,,,7,900021,3000,5070,563,4500,4500,40673.818606964225,0.31646839766785756,0.9016411304473877,-0.00015532306837778728,,,0.0,0.2435282850638032
thr_wing,9,random_pc_ridge,random,,,7,900021,3500,5070,563,4500,4500,40673.818606964225,0.34133732327399624,0.8846299052238464,-0.0001674321508335069,,,0.0,0.3066092380322516
thr_wing,9,random_pc_ridge,random,,,7,900021,4000,5070,563,4500,4500,40673.818606964225,0.34117070128587923,0.8798060417175293,-0.000171641928655484,,,0.0,0.38682871614582837
thr_wing,9,random_pc_ridge,random,,,7,900021,4500,5070,563,4500,4500,40673.818606964225,0.3327376936493999,0.8824816346168518,-0.00016879493168302698,,,0.0,0.47820521891117096
thr_wing,9,random_pc_ridge,random,,,8,900022,500,5070,563,4500,4500,40673.818606964225,0.18848234652784374,1.0407235622406006,-0.0002133011023530355,,,0.0,0.03571019391529262
thr_wing,9,random_pc_ridge,random,,,8,900022,1000,5070,563,4500,4500,40673.818606964225,0.20570121516658374,1.017439365386963,-0.0001874012784725073,,,0.0,0.06615394703112543
thr_wing,9,random_pc_ridge,random,,,8,900022,1500,5070,563,4500,4500,40673.818606964225,0.22593439769431786,0.9851904511451721,-0.00017209546663180764,,,0.0,0.10707595385611057
thr_wing,9,random_pc_ridge,random,,,8,900022,2000,5070,563,4500,4500,40673.818606964225,0.2739669890263566,0.9462480545043945,-0.00017904729907467526,,,0.0,0.1317050231155008
thr_wing,9,random_pc_ridge,random,,,8,900022,2500,5070,563,4500,4500,40673.818606964225,0.3144624050041075,0.9225984215736389,-0.00017993203838364625,,,0.0,0.17852180800400674
thr_wing,9,random_pc_ridge,random,,,8,900022,3000,5070,563,4500,4500,40673.818606964225,0.3209339818186491,0.9125146269798279,-0.00017085359972279313,,,0.0,0.2458752670791
thr_wing,9,random_pc_ridge,random,,,8,900022,3500,5070,563,4500,4500,40673.818606964225,0.31954459952735204,0.9084754586219788,-0.00017974196671723447,,,0.0,0.3052886170335114
thr_wing,9,random_pc_ridge,random,,,8,900022,4000,5070,563,4500,4500,40673.818606964225,0.33858829931484835,0.8945324420928955,-0.00018181675872023964,,,0.0,0.3876374780666083
thr_wing,9,random_pc_ridge,random,,,8,900022,4500,5070,563,4500,4500,40673.818606964225,0.34489594886209357,0.8755245208740234,-0.00017644538243653812,,,0.0,0.4780985407996923
thr_wing,9,random_pc_ridge,random,,,9,900023,500,5070,563,4500,4500,40673.818606964225,0.17748475783490592,1.0314278602600098,-0.00013950103163312905,,,0.0,0.0353225430008024
thr_wing,9,random_pc_ridge,random,,,9,900023,1000,5070,563,4500,4500,40673.818606964225,0.23939126548805187,1.0136981010437012,-0.00014836298743683927,,,0.0,0.06714308308437467
thr_wing,9,random_pc_ridge,random,,,9,900023,1500,5070,563,4500,4500,40673.818606964225,0.26290753892882085,0.9882389903068542,-0.00017752264123855162,,,0.0,0.09106238815002143
thr_wing,9,random_pc_ridge,random,,,9,900023,2000,5070,563,4500,4500,40673.818606964225,0.28504956405948795,0.9617353081703186,-0.00017519601490859703,,,0.0,0.13978861784562469
thr_wing,9,random_pc_ridge,random,,,9,900023,2500,5070,563,4500,4500,40673.818606964225,0.2999148412887809,0.9398777484893799,-0.0001719843203061929,,,0.0,0.18577820411883295
thr_wing,9,random_pc_ridge,random,,,9,900023,3000,5070,563,4500,4500,40673.818606964225,0.3085967988543266,0.9120414853096008,-0.000175619074718058,,,0.0,0.2435566489584744
thr_wing,9,random_pc_ridge,random,,,9,900023,3500,5070,563,4500,4500,40673.818606964225,0.32509139781021196,0.9053053259849548,-0.00017324395918673816,,,0.0,0.3076579128392041
thr_wing,9,random_pc_ridge,random,,,9,900023,4000,5070,563,4500,4500,40673.818606964225,0.34822197484392803,0.8772727847099304,-0.00016688592178021777,,,0.0,0.387745221843943
thr_wing,9,random_pc_ridge,random,,,9,900023,4500,5070,563,4500,4500,40673.818606964225,0.3385553822280402,0.8791043162345886,-0.0001670816814722374,,,0.0,0.47784943599253893
thr_wing,9,avggrm_pc_ridge,avggrm,lambda_0,0.0,-1,-1,500,5070,563,4500,4500,40673.818606964225,0.20418479177661644,1.0224871635437012,0.0014932327368862182,,0.0014932327368862182,0.00037293601781129837,0.034829708049073815
thr_wing,9,avggrm_pc_ridge,avggrm,lambda_0,0.0,-1,-1,1000,5070,563,4500,4500,40673.818606964225,0.2705746013542996,0.9692716598510742,0.0011119668494971428,,0.0011119668494971428,0.00037293601781129837,0.05641844496130943
thr_wing,9,avggrm_pc_ridge,avggrm,lambda_0,0.0,-1,-1,1500,5070,563,4500,4500,40673.818606964225,0.3251701419640362,0.9321854710578918,0.0008629706884778973,,0.0008629706884778973,0.00037293601781129837,0.10283585404977202
thr_wing,9,avggrm_pc_ridge,avggrm,lambda_0,0.0,-1,-1,2000,5070,563,4500,4500,40673.818606964225,0.3400935176605007,0.9159641265869141,0.0006770312950356934,,0.0006770312950356934,0.00037293601781129837,0.14074977696873248
thr_wing,9,avggrm_pc_ridge,avggrm,lambda_0,0.0,-1,-1,2500,5070,563,4500,4500,40673.818606964225,0.34429698196227193,0.9175516963005066,0.0005262212985549724,,0.0005262212985549724,0.00037293601781129837,0.17599383019842207
thr_wing,9,avggrm_pc_ridge,avggrm,lambda_0,0.0,-1,-1,3000,5070,563,4500,4500,40673.818606964225,0.3632270476126185,0.8972584009170532,0.0003954166468577327,,0.0003954166468577327,0.00037293601781129837,0.248374842107296
thr_wing,9,avggrm_pc_ridge,avggrm,lambda_0,0.0,-1,-1,3500,5070,563,4500,4500,40673.818606964225,0.34767025610811003,0.8912135362625122,0.0002759063863232653,,0.0002759063863232653,0.00037293601781129837,0.30553936096839607
thr_wing,9,avggrm_pc_ridge,avggrm,lambda_0,0.0,-1,-1,4000,5070,563,4500,4500,40673.818606964225,0.35804492543634897,0.8765529990196228,0.0001588851471295744,,0.0001588851471295744,0.00037293601781129837,0.3860381250269711
thr_wing,9,avggrm_pc_ridge,avggrm,lambda_0,0.0,-1,-1,4500,5070,563,4500,4500,40673.818606964225,0.34883003835303944,0.8726163506507874,3.5016728011181244e-05,,3.5016728011181244e-05,0.00037293601781129837,0.47813841491006315
thr_wing,9,avggrm_diversity_pc_ridge,avggrm_diversity,lambda_1,1.0,-1,-1,500,5070,563,4500,4500,40673.818606964225,0.19012963439245725,1.0109444856643677,0.00037689344023542553,0.0009346688869798304,-0.0005577754467444049,0.5031554589513689,0.034855661913752556
thr_wing,9,avggrm_diversity_pc_ridge,avggrm_diversity,lambda_1,1.0,-1,-1,1000,5070,563,4500,4500,40673.818606964225,0.28286442638389375,0.9480053186416626,0.000375596342844489,0.0004681191729366628,-9.252283009217381e-05,0.5031554589513689,0.06591169908642769
thr_wing,9,avggrm_diversity_pc_ridge,avggrm_diversity,lambda_1,1.0,-1,-1,1500,5070,563,4500,4500,40673.818606964225,0.3197106854403737,0.9078136086463928,0.0003375045458380283,0.00031322289500083635,2.428165083719194e-05,0.5031554589513689,0.10915201087482274
thr_wing,9,avggrm_diversity_pc_ridge,avggrm_diversity,lambda_1,1.0,-1,-1,2000,5070,563,4500,4500,40673.818606964225,0.32908624787919455,0.8941646218299866,0.000296131052555421,0.0002338361668182418,6.22948857371792e-05,0.5031554589513689,0.13357101590372622
thr_wing,9,avggrm_diversity_pc_ridge,avggrm_diversity,lambda_1,1.0,-1,-1,2500,5070,563,4500,4500,40673.818606964225,0.34621611481683795,0.8794465661048889,0.00024871880886492305,0.00017822526734718737,7.049354151773569e-05,0.5031554589513689,0.18693691585212946
thr_wing,9,avggrm_diversity_pc_ridge,avggrm_diversity,lambda_1,1.0,-1,-1,3000,5070,563,4500,4500,40673.818606964225,0.3528502536152384,0.8741039037704468,0.00019693691363899512,0.00013800598764483806,5.8930925994157065e-05,0.5031554589513689,0.24655104195699096
thr_wing,9,avggrm_diversity_pc_ridge,avggrm_diversity,lambda_1,1.0,-1,-1,3500,5070,563,4500,4500,40673.818606964225,0.35470881881662103,0.8759827613830566,0.00013647560672594457,0.00010345759966516055,3.301800706078402e-05,0.5031554589513689,0.30610155197791755
thr_wing,9,avggrm_diversity_pc_ridge,avggrm_diversity,lambda_1,1.0,-1,-1,4000,5070,563,4500,4500,40673.818606964225,0.3652316510789191,0.8683299422264099,6.494215916447018e-05,7.137232473257638e-05,-6.4301655681062e-06,0.5031554589513689,0.38901314209215343
thr_wing,9,avggrm_diversity_pc_ridge,avggrm_diversity,lambda_1,1.0,-1,-1,4500,5070,563,4500,4500,40673.818606964225,0.3583129505060557,0.8694611191749573,-2.1229114098032362e-05,4.402461854411119e-05,-6.525373264214355e-05,0.5031554589513689,0.4773205548990518
thr_wing,10,full_train_pc_ridge,full_train,,,-1,-1,5070,5070,563,4500,4500,40673.818606964225,0.3829410514644944,0.8456440567970276,-0.00016578947330313075,2.394799081016013e-05,,0.0,0.5212750360369682
thr_wing,10,random_pc_ridge,random,,,0,1000014,500,5070,563,4500,4500,40673.818606964225,0.17269577325789348,1.0556412935256958,-0.00023054961597134493,,,0.0,0.06484111282043159
thr_wing,10,random_pc_ridge,random,,,0,1000014,1000,5070,563,4500,4500,40673.818606964225,0.2301456672638978,1.0042877197265625,-0.0001840754656427418,,,0.0,0.08446749811992049
thr_wing,10,random_pc_ridge,random,,,0,1000014,1500,5070,563,4500,4500,40673.818606964225,0.2776432458847688,0.9796091914176941,-0.00015850001742757637,,,0.0,0.21486407704651356
thr_wing,10,random_pc_ridge,random,,,0,1000014,2000,5070,563,4500,4500,40673.818606964225,0.31659157904521557,0.941605269908905,-0.00016118755332273992,,,0.0,0.16389792691916227
thr_wing,10,random_pc_ridge,random,,,0,1000014,2500,5070,563,4500,4500,40673.818606964225,0.3151217108892919,0.9354536533355713,-0.00016478430851229743,,,0.0,0.1858777399174869
thr_wing,10,random_pc_ridge,random,,,0,1000014,3000,5070,563,4500,4500,40673.818606964225,0.34584699858837925,0.9072813987731934,-0.0001683566165487983,,,0.0,0.25235403794795275
thr_wing,10,random_pc_ridge,random,,,0,1000014,3500,5070,563,4500,4500,40673.818606964225,0.3778285458459549,0.875217080116272,-0.00016117542990659071,,,0.0,0.3085649029817432
thr_wing,10,random_pc_ridge,random,,,0,1000014,4000,5070,563,4500,4500,40673.818606964225,0.3750770709019038,0.863589882850647,-0.0001620721054616167,,,0.0,0.386523624882102
thr_wing,10,random_pc_ridge,random,,,0,1000014,4500,5070,563,4500,4500,40673.818606964225,0.37906031404465707,0.8551551103591919,-0.0001637869147388157,,,0.0,0.4769828680437058
thr_wing,10,random_pc_ridge,random,,,1,1000015,500,5070,563,4500,4500,40673.818606964225,0.1733568692754908,1.064305067062378,-0.00014260239894673126,,,0.0,0.03554561687633395
thr_wing,10,random_pc_ridge,random,,,1,1000015,1000,5070,563,4500,4500,40673.818606964225,0.24601657687065256,1.008684515953064,-0.00012441030820271913,,,0.0,0.06607438111677766
thr_wing,10,random_pc_ridge,random,,,1,1000015,1500,5070,563,4500,4500,40673.818606964225,0.25342098478460034,0.9791812896728516,-0.00016124969801260337,,,0.0,0.09098456194624305
thr_wing,10,random_pc_ridge,random,,,1,1000015,2000,5070,563,4500,4500,40673.818606964225,0.26599986652254454,0.9517388343811035,-0.00015166847443190382,,,0.0,0.13378202309831977
thr_wing,10,random_pc_ridge,random,,,1,1000015,2500,5070,563,4500,4500,40673.818606964225,0.3101143017146186,0.9214298725128174,-0.00016250154245098892,,,0.0,0.17874112399294972
thr_wing,10,random_pc_ridge,random,,,1,1000015,3000,5070,563,4500,4500,40673.818606964225,0.34393234648303744,0.8973063230514526,-0.00016210585203783943,,,0.0,0.24868138087913394
thr_wing,10,random_pc_ridge,random,,,1,1000015,3500,5070,563,4500,4500,40673.818606964225,0.35873744847513295,0.8721739649772644,-0.00015811919968573046,,,0.0,0.3039369210600853
thr_wing,10,random_pc_ridge,random,,,1,1000015,4000,5070,563,4500,4500,40673.818606964225,0.36784420557639086,0.8667224049568176,-0.00016084890935124773,,,0.0,0.3860020930878818
thr_wing,10,random_pc_ridge,random,,,1,1000015,4500,5070,563,4500,4500,40673.818606964225,0.3601785385933235,0.8614764213562012,-0.00016718508005617795,,,0.0,0.47652616491541266
thr_wing,10,random_pc_ridge,random,,,2,1000016,500,5070,563,4500,4500,40673.818606964225,0.13440335956985197,1.0737463235855103,-0.00017962220829893541,,,0.0,0.03580899001099169
thr_wing,10,random_pc_ridge,random,,,2,1000016,1000,5070,563,4500,4500,40673.818606964225,0.24788014998600635,1.0027576684951782,-0.00013973467587655074,,,0.0,0.06418731599114835
thr_wing,10,random_pc_ridge,random,,,2,1000016,1500,5070,563,4500,4500,40673.818606964225,0.2637959169602217,0.9783692955970764,-0.00014518915989137292,,,0.0,0.11986078997142613
thr_wing,10,random_pc_ridge,random,,,2,1000016,2000,5070,563,4500,4500,40673.818606964225,0.29730632307749194,0.9437243938446045,-0.00014050136282032523,,,0.0,0.135992051102221
thr_wing,10,random_pc_ridge,random,,,2,1000016,2500,5070,563,4500,4500,40673.818606964225,0.3193433741647935,0.9204808473587036,-0.00014400242412455162,,,0.0,0.17594303004443645
thr_wing,10,random_pc_ridge,random,,,2,1000016,3000,5070,563,4500,4500,40673.818606964225,0.33626752484248246,0.9031029939651489,-0.00014904209032189057,,,0.0,0.24838161608204246
thr_wing,10,random_pc_ridge,random,,,2,1000016,3500,5070,563,4500,4500,40673.818606964225,0.3520277657635354,0.8819416761398315,-0.00015707089610481254,,,0.0,0.30254372605122626
thr_wing,10,random_pc_ridge,random,,,2,1000016,4000,5070,563,4500,4500,40673.818606964225,0.3814162756332628,0.8592352867126465,-0.00017111472613900075,,,0.0,0.38597272196784616
thr_wing,10,random_pc_ridge,random,,,2,1000016,4500,5070,563,4500,4500,40673.818606964225,0.3805010633765699,0.8491966724395752,-0.00016837802080317183,,,0.0,0.47921883477829397
thr_wing,10,random_pc_ridge,random,,,3,1000017,500,5070,563,4500,4500,40673.818606964225,0.13914793470662487,1.0471069812774658,-0.00018766774908241866,,,0.0,0.03460864210501313
thr_wing,10,random_pc_ridge,random,,,3,1000017,1000,5070,563,4500,4500,40673.818606964225,0.21556838081269952,1.0294935703277588,-0.0001826022251524984,,,0.0,0.06313934084028006
thr_wing,10,random_pc_ridge,random,,,3,1000017,1500,5070,563,4500,4500,40673.818606964225,0.2548027830685383,1.0007003545761108,-0.0001779524877764382,,,0.0,0.11002467898651958
thr_wing,10,random_pc_ridge,random,,,3,1000017,2000,5070,563,4500,4500,40673.818606964225,0.27438975246421665,0.9788529872894287,-0.0001781365415591044,,,0.0,0.13178782793693244
thr_wing,10,random_pc_ridge,random,,,3,1000017,2500,5070,563,4500,4500,40673.818606964225,0.3131612732780296,0.9378439784049988,-0.00017577195060305018,,,0.0,0.1792738139629364
thr_wing,10,random_pc_ridge,random,,,3,1000017,3000,5070,563,4500,4500,40673.818606964225,0.33146512843719284,0.9120340347290039,-0.00017987314636898057,,,0.0,0.2480974500067532
thr_wing,10,random_pc_ridge,random,,,3,1000017,3500,5070,563,4500,4500,40673.818606964225,0.355079618989468,0.8814382553100586,-0.000176854223382167,,,0.0,0.30443353415466845
thr_wing,10,random_pc_ridge,random,,,3,1000017,4000,5070,563,4500,4500,40673.818606964225,0.35515958550198945,0.8701215386390686,-0.0001740562778151688,,,0.0,0.3852028548717499
thr_wing,10,random_pc_ridge,random,,,3,1000017,4500,5070,563,4500,4500,40673.818606964225,0.3714709603615097,0.851408839225769,-0.0001653698683853178,,,0.0,0.47594660404138267
thr_wing,10,random_pc_ridge,random,,,4,1000018,500,5070,563,4500,4500,40673.818606964225,0.16375566989368184,1.0742623805999756,-0.00018388381111628772,,,0.0,0.03475617500953376
thr_wing,10,random_pc_ridge,random,,,4,1000018,1000,5070,563,4500,4500,40673.818606964225,0.2649446936384263,1.012959599494934,-0.0001684570070779446,,,0.0,0.06317107286304235
thr_wing,10,random_pc_ridge,random,,,4,1000018,1500,5070,563,4500,4500,40673.818606964225,0.3150405184204066,0.9697985649108887,-0.00016657398331955652,,,0.0,0.11097323591820896
thr_wing,10,random_pc_ridge,random,,,4,1000018,2000,5070,563,4500,4500,40673.818606964225,0.309109390147871,0.9547553062438965,-0.00017512557236446796,,,0.0,0.13475162885151803
thr_wing,10,random_pc_ridge,random,,,4,1000018,2500,5070,563,4500,4500,40673.818606964225,0.32512526253798074,0.9224359393119812,-0.00017178874185250215,,,0.0,0.18407950294204056
thr_wing,10,random_pc_ridge,random,,,4,1000018,3000,5070,563,4500,4500,40673.818606964225,0.3485337442200892,0.897374153137207,-0.00017936074694871503,,,0.0,0.245299621950835
thr_wing,10,random_pc_ridge,random,,,4,1000018,3500,5070,563,4500,4500,40673.818606964225,0.3543903143915636,0.8936913013458252,-0.00017876673152685026,,,0.0,0.3076294558122754
thr_wing,10,random_pc_ridge,random,,,4,1000018,4000,5070,563,4500,4500,40673.818606964225,0.3686852714351157,0.8816776275634766,-0.00017401479428332987,,,0.0,0.3845600290223956
thr_wing,10,random_pc_ridge,random,,,4,1000018,4500,5070,563,4500,4500,40673.818606964225,0.3687556960930864,0.8645753860473633,-0.0001732548655280089,,,0.0,0.4775782630313188
thr_wing,10,random_pc_ridge,random,,,5,1000019,500,5070,563,4500,4500,40673.818606964225,0.19466461590709971,1.105609655380249,-0.00019778859687246466,,,0.0,0.034632066963240504
thr_wing,10,random_pc_ridge,random,,,5,1000019,1000,5070,563,4500,4500,40673.818606964225,0.19675426419698017,1.0390748977661133,-0.00018490350717680556,,,0.0,0.06318158796057105
thr_wing,10,random_pc_ridge,random,,,5,1000019,1500,5070,563,4500,4500,40673.818606964225,0.22628767251620743,1.014127492904663,-0.0001591928961509296,,,0.0,0.11004177411086857
thr_wing,10,random_pc_ridge,random,,,5,1000019,2000,5070,563,4500,4500,40673.818606964225,0.2503995508806989,0.9891557097434998,-0.0001527565600626684,,,0.0,0.1408104298170656
thr_wing,10,random_pc_ridge,random,,,5,1000019,2500,5070,563,4500,4500,40673.818606964225,0.29884234562892475,0.947615385055542,-0.00015425887635363864,,,0.0,0.17603020602837205
thr_wing,10,random_pc_ridge,random,,,5,1000019,3000,5070,563,4500,4500,40673.818606964225,0.32797401357038053,0.9152769446372986,-0.00015703925277885388,,,0.0,0.24827963602729142
thr_wing,10,random_pc_ridge,random,,,5,1000019,3500,5070,563,4500,4500,40673.818606964225,0.33852003767658023,0.8982558846473694,-0.00015970269712692678,,,0.0,0.30268546799197793
thr_wing,10,random_pc_ridge,random,,,5,1000019,4000,5070,563,4500,4500,40673.818606964225,0.34718722739016417,0.8803361058235168,-0.00016338426711837623,,,0.0,0.38635581196285784
thr_wing,10,random_pc_ridge,random,,,5,1000019,4500,5070,563,4500,4500,40673.818606964225,0.36405223076220766,0.8598841428756714,-0.00016248653964458717,,,0.0,0.4757862270344049
thr_wing,10,random_pc_ridge,random,,,6,1000020,500,5070,563,4500,4500,40673.818606964225,0.18169512677469304,1.056788444519043,-0.00016634350179062156,,,0.0,0.03550150105729699
thr_wing,10,random_pc_ridge,random,,,6,1000020,1000,5070,563,4500,4500,40673.818606964225,0.2032044467383628,1.024012804031372,-0.00017795292626248438,,,0.0,0.06620591902174056
thr_wing,10,random_pc_ridge,random,,,6,1000020,1500,5070,563,4500,4500,40673.818606964225,0.2652035339259231,0.9973409175872803,-0.00017263535806762238,,,0.0,0.11791868112049997
thr_wing,10,random_pc_ridge,random,,,6,1000020,2000,5070,563,4500,4500,40673.818606964225,0.29760783767329435,0.9529575109481812,-0.00018112960094651196,,,0.0,0.13886750699020922
thr_wing,10,random_pc_ridge,random,,,6,1000020,2500,5070,563,4500,4500,40673.818606964225,0.3251231625241012,0.9233287572860718,-0.0001752810214805283,,,0.0,0.17633412405848503
thr_wing,10,random_pc_ridge,random,,,6,1000020,3000,5070,563,4500,4500,40673.818606964225,0.3228326648558503,0.9169434309005737,-0.00017114943909593574,,,0.0,0.2480061708483845
thr_wing,10,random_pc_ridge,random,,,6,1000020,3500,5070,563,4500,4500,40673.818606964225,0.3372828756315718,0.8951495885848999,-0.000168101134822756,,,0.0,0.30369317904114723
thr_wing,10,random_pc_ridge,random,,,6,1000020,4000,5070,563,4500,4500,40673.818606964225,0.33127297923281734,0.8897945284843445,-0.00016557010372408558,,,0.0,0.384146269178018
thr_wing,10,random_pc_ridge,random,,,6,1000020,4500,5070,563,4500,4500,40673.818606964225,0.3535421108132065,0.8721268177032471,-0.00016741993982667444,,,0.0,0.47791578085161746
thr_wing,10,random_pc_ridge,random,,,7,1000021,500,5070,563,4500,4500,40673.818606964225,0.19666665130935826,1.0542789697647095,-0.00014479067556073683,,,0.0,0.034658492077142
thr_wing,10,random_pc_ridge,random,,,7,1000021,1000,5070,563,4500,4500,40673.818606964225,0.2744214364467134,0.9954591393470764,-0.0001628467319183013,,,0.0,0.06312632816843688
thr_wing,10,random_pc_ridge,random,,,7,1000021,1500,5070,563,4500,4500,40673.818606964225,0.2804480677251767,0.9838125705718994,-0.0001748628026729758,,,0.0,0.11300091003067791
thr_wing,10,random_pc_ridge,random,,,7,1000021,2000,5070,563,4500,4500,40673.818606964225,0.3103652601906101,0.9628199338912964,-0.00016468328216403283,,,0.0,0.13278067903593183
thr_wing,10,random_pc_ridge,random,,,7,1000021,2500,5070,563,4500,4500,40673.818606964225,0.33529333106080106,0.9422369003295898,-0.00015339703747476745,,,0.0,0.1779509640764445
thr_wing,10,random_pc_ridge,random,,,7,1000021,3000,5070,563,4500,4500,40673.818606964225,0.3599603465962058,0.903860867023468,-0.0001544028482322568,,,0.0,0.24843393894843757
thr_wing,10,random_pc_ridge,random,,,7,1000021,3500,5070,563,4500,4500,40673.818606964225,0.37540432411305075,0.8752362132072449,-0.00015020855269720285,,,0.0,0.30281807691790164
thr_wing,10,random_pc_ridge,random,,,7,1000021,4000,5070,563,4500,4500,40673.818606964225,0.36899860560116743,0.8734394907951355,-0.00015408253306822435,,,0.0,0.38519897987134755
thr_wing,10,random_pc_ridge,random,,,7,1000021,4500,5070,563,4500,4500,40673.818606964225,0.3776736179053744,0.8602807521820068,-0.00015971629532311832,,,0.0,0.476661155000329
thr_wing,10,random_pc_ridge,random,,,8,1000022,500,5070,563,4500,4500,40673.818606964225,0.1678421080778711,1.0531214475631714,-0.00020434594363463382,,,0.0,0.03470090008340776
thr_wing,10,random_pc_ridge,random,,,8,1000022,1000,5070,563,4500,4500,40673.818606964225,0.22830621427974523,1.0085588693618774,-0.0001761121012028988,,,0.0,0.06314113200642169
thr_wing,10,random_pc_ridge,random,,,8,1000022,1500,5070,563,4500,4500,40673.818606964225,0.24882299898864563,0.9968754053115845,-0.0001517585588467404,,,0.0,0.11108148703351617
thr_wing,10,random_pc_ridge,random,,,8,1000022,2000,5070,563,4500,4500,40673.818606964225,0.31646323155197953,0.9556787014007568,-0.0001492183852893012,,,0.0,0.13570842309854925
thr_wing,10,random_pc_ridge,random,,,8,1000022,2500,5070,563,4500,4500,40673.818606964225,0.3386077801542894,0.9277125000953674,-0.0001581879089790325,,,0.0,0.18122368911281228
thr_wing,10,random_pc_ridge,random,,,8,1000022,3000,5070,563,4500,4500,40673.818606964225,0.35203623769353937,0.9049023389816284,-0.00015986018780570757,,,0.0,0.24809276103042066
thr_wing,10,random_pc_ridge,random,,,8,1000022,3500,5070,563,4500,4500,40673.818606964225,0.3674174721844047,0.8834983706474304,-0.00015805548393307782,,,0.0,0.3057260229252279
thr_wing,10,random_pc_ridge,random,,,8,1000022,4000,5070,563,4500,4500,40673.818606964225,0.36427053663056647,0.8761782050132751,-0.0001539393318715831,,,0.0,0.38562702806666493
thr_wing,10,random_pc_ridge,random,,,8,1000022,4500,5070,563,4500,4500,40673.818606964225,0.3787655314143549,0.859976589679718,-0.00016069603761529583,,,0.0,0.4776246859692037
thr_wing,10,random_pc_ridge,random,,,9,1000023,500,5070,563,4500,4500,40673.818606964225,0.13106737486741987,1.065888524055481,-0.00020907353137267483,,,0.0,0.03640750306658447
thr_wing,10,random_pc_ridge,random,,,9,1000023,1000,5070,563,4500,4500,40673.818606964225,0.1805690878680384,1.0363318920135498,-0.00019331886892358924,,,0.0,0.07020701211877167
thr_wing,10,random_pc_ridge,random,,,9,1000023,1500,5070,563,4500,4500,40673.818606964225,0.22292062271783036,1.003377079963684,-0.00018334315786173446,,,0.0,0.11395842395722866
thr_wing,10,random_pc_ridge,random,,,9,1000023,2000,5070,563,4500,4500,40673.818606964225,0.2516190505821837,0.9851024150848389,-0.00017068241360165403,,,0.0,0.12981325387954712
thr_wing,10,random_pc_ridge,random,,,9,1000023,2500,5070,563,4500,4500,40673.818606964225,0.28584884608135236,0.9526757597923279,-0.00017339705767875592,,,0.0,0.18007384100928903
thr_wing,10,random_pc_ridge,random,,,9,1000023,3000,5070,563,4500,4500,40673.818606964225,0.32122989223428755,0.9208698272705078,-0.00016807861117199385,,,0.0,0.2492586439475417
thr_wing,10,random_pc_ridge,random,,,9,1000023,3500,5070,563,4500,4500,40673.818606964225,0.3357199435255259,0.903333842754364,-0.0001690383294831808,,,0.0,0.30344312987290323
thr_wing,10,random_pc_ridge,random,,,9,1000023,4000,5070,563,4500,4500,40673.818606964225,0.35227407471552247,0.8793447613716125,-0.00016489681887530777,,,0.0,0.38504503201693296
thr_wing,10,random_pc_ridge,random,,,9,1000023,4500,5070,563,4500,4500,40673.818606964225,0.3719543067336508,0.8592705726623535,-0.00016761207482833776,,,0.0,0.477902518119663
thr_wing,10,avggrm_pc_ridge,avggrm,lambda_0,0.0,-1,-1,500,5070,563,4500,4500,40673.818606964225,0.21185202499268518,1.0170583724975586,0.0012658995765148528,,0.0012658995765148528,0.00036993110552430153,0.03476726193912327
thr_wing,10,avggrm_pc_ridge,avggrm,lambda_0,0.0,-1,-1,1000,5070,563,4500,4500,40673.818606964225,0.2926861982578399,0.9537155032157898,0.0009288195343744054,,0.0009288195343744054,0.00036993110552430153,0.06314256112091243
thr_wing,10,avggrm_pc_ridge,avggrm,lambda_0,0.0,-1,-1,1500,5070,563,4500,4500,40673.818606964225,0.31664335669925947,0.9197966456413269,0.000726638383017655,,0.000726638383017655,0.00036993110552430153,0.09843632206320763
thr_wing,10,avggrm_pc_ridge,avggrm,lambda_0,0.0,-1,-1,2000,5070,563,4500,4500,40673.818606964225,0.3363205655931762,0.913863480091095,0.0005765673250129134,,0.0005765673250129134,0.00036993110552430153,0.1343007709365338
thr_wing,10,avggrm_pc_ridge,avggrm,lambda_0,0.0,-1,-1,2500,5070,563,4500,4500,40673.818606964225,0.36105068650103683,0.8888964056968689,0.0004484154446268136,,0.0004484154446268136,0.00036993110552430153,0.17613436398096383
thr_wing,10,avggrm_pc_ridge,avggrm,lambda_0,0.0,-1,-1,3000,5070,563,4500,4500,40673.818606964225,0.36419565736237164,0.8786321878433228,0.00033441693584513156,,0.00033441693584513156,0.00036993110552430153,0.24831593199633062
thr_wing,10,avggrm_pc_ridge,avggrm,lambda_0,0.0,-1,-1,3500,5070,563,4500,4500,40673.818606964225,0.37422757309925564,0.867961049079895,0.00022718024135637171,,0.00022718024135637171,0.00036993110552430153,0.30298832594417036
thr_wing,10,avggrm_pc_ridge,avggrm,lambda_0,0.0,-1,-1,4000,5070,563,4500,4500,40673.818606964225,0.3711836662553692,0.8668962121009827,0.00012053463149854277,,0.00012053463149854277,0.00036993110552430153,0.3853142550215125
thr_wing,10,avggrm_pc_ridge,avggrm,lambda_0,0.0,-1,-1,4500,5070,563,4500,4500,40673.818606964225,0.37385235939509054,0.8561084270477295,5.225210412569886e-06,,5.225210412569886e-06,0.00036993110552430153,0.4758515690919012
thr_wing,10,avggrm_diversity_pc_ridge,avggrm_diversity,lambda_1,1.0,-1,-1,500,5070,563,4500,4500,40673.818606964225,0.20363538914281268,1.0144635438919067,0.0003092590877548769,0.0009166727131674011,-0.0006074136254125242,0.5023267501965165,0.03532415512017906
thr_wing,10,avggrm_diversity_pc_ridge,avggrm_diversity,lambda_1,1.0,-1,-1,1000,5070,563,4500,4500,40673.818606964225,0.31008054041078464,0.9383832216262817,0.0003044188882170981,0.00043025440448034904,-0.00012583551626325093,0.5023267501965165,0.0649195360019803
thr_wing,10,avggrm_diversity_pc_ridge,avggrm_diversity,lambda_1,1.0,-1,-1,1500,5070,563,4500,4500,40673.818606964225,0.3398047946220043,0.9096506237983704,0.00028283608754849456,0.00029043937004547444,-7.603282496979871e-06,0.5023267501965165,0.10920858918689191
thr_wing,10,avggrm_diversity_pc_ridge,avggrm_diversity,lambda_1,1.0,-1,-1,2000,5070,563,4500,4500,40673.818606964225,0.354005750035787,0.8977670669555664,0.0002507696911698785,0.00021594184760374726,3.482784356613125e-05,0.5023267501965165,0.13259965786710382
thr_wing,10,avggrm_diversity_pc_ridge,avggrm_diversity,lambda_1,1.0,-1,-1,2500,5070,563,4500,4500,40673.818606964225,0.36800273337685957,0.8796696662902832,0.0002101473473151677,0.0001660862780160904,4.40610692990773e-05,0.5023267501965165,0.1774876278359443
thr_wing,10,avggrm_diversity_pc_ridge,avggrm_diversity,lambda_1,1.0,-1,-1,3000,5070,563,4500,4500,40673.818606964225,0.37111762833024675,0.871010959148407,0.00015790921236892103,0.00012389383453335955,3.401537783556148e-05,0.5023267501965165,0.2469629079569131
thr_wing,10,avggrm_diversity_pc_ridge,avggrm_diversity,lambda_1,1.0,-1,-1,3500,5070,563,4500,4500,40673.818606964225,0.38500624335678424,0.865168571472168,9.98989376133728e-05,8.899233013318007e-05,1.090660748019273e-05,0.5023267501965165,0.303245454095304
thr_wing,10,avggrm_diversity_pc_ridge,avggrm_diversity,lambda_1,1.0,-1,-1,4000,5070,563,4500,4500,40673.818606964225,0.38246543339930994,0.8630948662757874,3.630447154307583e-05,6.047065499132611e-05,-2.4166183448250282e-05,0.5023267501965165,0.38663219986483455
thr_wing,10,avggrm_diversity_pc_ridge,avggrm_diversity,lambda_1,1.0,-1,-1,4500,5070,563,4500,4500,40673.818606964225,0.3821116779779209,0.8508147597312927,-3.8126167330184804e-05,3.806110740958221e-05,-7.618727473976701e-05,0.5023267501965165,0.47765318606980145
